date,open,high,low,close,volume,oi
2024-01-01 09:15:00+05:30,3910,3935.85,3906.85,3914.85,1739,
2024-01-01 09:16:00+05:30,3918.15,3939.95,3918.15,3929.15,5298,
2024-01-01 09:17:00+05:30,3929.15,3930,3918.45,3928,2390,
2024-01-01 09:18:00+05:30,3928,3929.95,3924.25,3928.95,1409,
2024-01-01 09:19:00+05:30,3928.95,3933,3928.95,3930.95,1701,
2024-01-01 09:20:00+05:30,3930.35,3935.75,3925,3926.9,3157,
2024-01-01 09:21:00+05:30,3927,3930,3927,3928.65,554,
2024-01-01 09:22:00+05:30,3927.5,3935,3927.05,3934.8,2876,
2024-01-01 09:23:00+05:30,3935,3935,3928.85,3931.55,1008,
2024-01-01 09:24:00+05:30,3933,3933.3,3930,3930.25,767,
2024-01-01 09:25:00+05:30,3930.25,3931.95,3925.6,3925.6,1097,
2024-01-01 09:26:00+05:30,3925.6,3927,3925,3926.6,864,
2024-01-01 09:27:00+05:30,3926.5,3930.45,3925,3926.45,808,
2024-01-01 09:28:00+05:30,3926.35,3931.65,3925,3929.95,394,
2024-01-01 09:29:00+05:30,3929.95,3930.05,3926.55,3928,517,
2024-01-01 09:30:00+05:30,3928,3928,3924,3926,992,
2024-01-01 09:31:00+05:30,3926,3928,3914.4,3915,1796,
2024-01-01 09:32:00+05:30,3915,3918.7,3913.05,3915,529,
2024-01-01 09:33:00+05:30,3915,3915.95,3910.05,3911.3,1164,
2024-01-01 09:34:00+05:30,3911.3,3913.65,3910.25,3911,618,
2024-01-01 09:35:00+05:30,3911,3914.85,3910.95,3912.25,773,
2024-01-01 09:36:00+05:30,3912.25,3913.4,3908.1,3908.1,1600,
2024-01-01 09:37:00+05:30,3908.1,3912.05,3905.2,3911,2345,
2024-01-01 09:38:00+05:30,3911,3915.2,3911,3912,462,
2024-01-01 09:39:00+05:30,3911.05,3913.1,3911,3911,217,
2024-01-01 09:40:00+05:30,3912.55,3912.55,3909,3910.95,1521,
2024-01-01 09:41:00+05:30,3909.1,3914.85,3909.1,3913.25,926,
2024-01-01 09:42:00+05:30,3913.3,3913.3,3910.8,3911.3,308,
2024-01-01 09:43:00+05:30,3911.3,3917.25,3910,3915,1066,
2024-01-01 09:44:00+05:30,3915,3918,3914,3918,308,
2024-01-01 09:45:00+05:30,3918,3918.35,3915.05,3916.9,427,
2024-01-01 09:46:00+05:30,3915.05,3916.9,3913.25,3916.8,1569,
2024-01-01 09:47:00+05:30,3915.8,3916.5,3913.15,3913.15,172,
2024-01-01 09:48:00+05:30,3915.5,3916,3914,3915.75,363,
2024-01-01 09:49:00+05:30,3914.65,3916.5,3912,3912,923,
2024-01-01 09:50:00+05:30,3910,3910,3907,3907,1838,
2024-01-01 09:51:00+05:30,3907,3909.95,3907,3909.95,425,
2024-01-01 09:52:00+05:30,3909.95,3910.95,3909.5,3910.45,347,
2024-01-01 09:53:00+05:30,3910.45,3910.5,3907.3,3908.5,629,
2024-01-01 09:54:00+05:30,3908.5,3909.8,3907,3908.7,617,
2024-01-01 09:55:00+05:30,3907.5,3909.1,3902,3904.9,3370,
2024-01-01 09:56:00+05:30,3904.9,3904.95,3902,3904.4,684,
2024-01-01 09:57:00+05:30,3903,3904.95,3902,3904.95,415,
2024-01-01 09:58:00+05:30,3903.4,3905,3903.15,3903.15,2749,
2024-01-01 09:59:00+05:30,3904.35,3904.9,3900.2,3900.2,1542,
2024-01-01 10:00:00+05:30,3901.5,3902,3897.05,3897.3,1420,
2024-01-01 10:01:00+05:30,3900,3903.85,3897.45,3901.35,1774,
2024-01-01 10:02:00+05:30,3903.4,3903.4,3900,3901.2,264,
2024-01-01 10:03:00+05:30,3901.2,3905,3900.1,3902.95,1116,
2024-01-01 10:04:00+05:30,3903.7,3903.7,3900,3901.9,651,
2024-01-01 10:05:00+05:30,3902.55,3904.8,3900.05,3901.8,639,
2024-01-01 10:06:00+05:30,3904.2,3908.45,3903.35,3908.45,576,
2024-01-01 10:07:00+05:30,3908.45,3910,3907.95,3910,427,
2024-01-01 10:08:00+05:30,3910,3914.45,3908,3914.45,1475,
2024-01-01 10:09:00+05:30,3911.3,3914.15,3909.45,3909.45,2146,
2024-01-01 10:10:00+05:30,3909.45,3909.45,3905.1,3906.5,71,
2024-01-01 10:11:00+05:30,3905.05,3906.55,3901.85,3904.55,351,
2024-01-01 10:12:00+05:30,3904.4,3906,3903,3905.3,434,
2024-01-01 10:13:00+05:30,3906.5,3910,3904.3,3909.05,228,
2024-01-01 10:14:00+05:30,3908.2,3910,3908,3909.05,322,
2024-01-01 10:15:00+05:30,3909.05,3909.05,3905.5,3906.55,279,
2024-01-01 10:16:00+05:30,3906.55,3909.65,3905.7,3906.2,751,
2024-01-01 10:17:00+05:30,3906.2,3910.4,3906.2,3910.4,624,
2024-01-01 10:18:00+05:30,3910.4,3910.4,3908.05,3908.05,537,
2024-01-01 10:19:00+05:30,3908.05,3908.35,3905.05,3908.35,862,
2024-01-01 10:20:00+05:30,3908.35,3909.65,3905.9,3906.35,73,
2024-01-01 10:21:00+05:30,3906.35,3909.4,3904.55,3904.55,580,
2024-01-01 10:22:00+05:30,3904.55,3905.85,3904.55,3905.8,287,
2024-01-01 10:23:00+05:30,3905.8,3907.55,3905.8,3905.85,450,
2024-01-01 10:24:00+05:30,3907.85,3908,3904,3904,520,
2024-01-01 10:25:00+05:30,3904,3905.05,3902.7,3903,372,
2024-01-01 10:26:00+05:30,3903,3905.8,3903,3905.75,287,
2024-01-01 10:27:00+05:30,3905.95,3907,3904.55,3905.95,299,
2024-01-01 10:28:00+05:30,3905.95,3909.9,3904.1,3908.7,352,
2024-01-01 10:29:00+05:30,3908.7,3908.9,3906,3907.95,398,
2024-01-01 10:30:00+05:30,3907.95,3907.95,3905.1,3906.9,647,
2024-01-01 10:31:00+05:30,3906.9,3906.9,3904,3904.05,102,
2024-01-01 10:32:00+05:30,3904.05,3905.95,3904,3905,215,
2024-01-01 10:33:00+05:30,3904.6,3909.65,3904.6,3909,241,
2024-01-01 10:34:00+05:30,3909,3909.05,3906.45,3907.95,103,
2024-01-01 10:35:00+05:30,3907.95,3908.2,3906.5,3906.5,177,
2024-01-01 10:36:00+05:30,3906.5,3908.5,3904.9,3904.9,305,
2024-01-01 10:37:00+05:30,3904.05,3907,3904.05,3906.2,217,
2024-01-01 10:38:00+05:30,3906.25,3906.3,3903.05,3904.1,679,
2024-01-01 10:39:00+05:30,3903.1,3904.1,3903.1,3903.35,105,
2024-01-01 10:40:00+05:30,3903.1,3905,3903.1,3904.95,121,
2024-01-01 10:41:00+05:30,3905,3907.95,3905,3906,289,
2024-01-01 10:42:00+05:30,3906,3906,3903.1,3903.1,242,
2024-01-01 10:43:00+05:30,3903.1,3904.95,3903.1,3903.45,159,
2024-01-01 10:44:00+05:30,3903.2,3905.1,3903.2,3903.2,282,
2024-01-01 10:45:00+05:30,3904.6,3905.7,3903.2,3903.9,132,
2024-01-01 10:46:00+05:30,3903.2,3905,3903,3905,266,
2024-01-01 10:47:00+05:30,3905,3905,3903,3903,238,
2024-01-01 10:48:00+05:30,3903,3904.9,3903,3904.55,127,
2024-01-01 10:49:00+05:30,3904.55,3907,3903.2,3906.95,1008,
2024-01-01 10:50:00+05:30,3906.95,3910.45,3905.45,3908.85,1069,
2024-01-01 10:51:00+05:30,3908.85,3910.4,3907.15,3907.15,261,
2024-01-01 10:52:00+05:30,3907.15,3908,3905.45,3905.95,214,
2024-01-01 10:53:00+05:30,3905.95,3906,3903.5,3903.5,373,
2024-01-01 10:54:00+05:30,3903.5,3904.45,3903,3903.95,204,
2024-01-01 10:55:00+05:30,3904.95,3905,3903,3905,180,
2024-01-01 10:56:00+05:30,3904.85,3905,3902.4,3902.9,489,
2024-01-01 10:57:00+05:30,3902.9,3902.9,3900.1,3900.85,1105,
2024-01-01 10:58:00+05:30,3900.85,3902.55,3900.3,3902.2,302,
2024-01-01 10:59:00+05:30,3900.9,3903.75,3900.9,3903.15,311,
2024-01-01 11:00:00+05:30,3903.1,3903.65,3901.15,3903.6,129,
2024-01-01 11:01:00+05:30,3903.6,3903.6,3901.1,3902.3,191,
2024-01-01 11:02:00+05:30,3902.3,3902.45,3900.2,3900.2,137,
2024-01-01 11:03:00+05:30,3901.15,3902.45,3900,3902.15,578,
2024-01-01 11:04:00+05:30,3902.15,3902.15,3900.2,3900.25,41,
2024-01-01 11:05:00+05:30,3900.25,3902.5,3900.2,3900.7,315,
2024-01-01 11:06:00+05:30,3900.65,3902.4,3900.1,3900.1,109,
2024-01-01 11:07:00+05:30,3900.1,3901.65,3900,3900.05,250,
2024-01-01 11:08:00+05:30,3900,3901.6,3900,3900,123,
2024-01-01 11:09:00+05:30,3901.25,3901.25,3899,3899,81,
2024-01-01 11:10:00+05:30,3899,3899.2,3893.05,3894.1,1282,
2024-01-01 11:11:00+05:30,3894.05,3895,3892.2,3893.2,707,
2024-01-01 11:12:00+05:30,3893.2,3895,3892.05,3892.05,1086,
2024-01-01 11:13:00+05:30,3892.05,3892.1,3889.3,3889.35,1617,
2024-01-01 11:14:00+05:30,3891.4,3892.3,3888.05,3888.05,1278,
2024-01-01 11:15:00+05:30,3888.05,3890.5,3885,3885,951,
2024-01-01 11:16:00+05:30,3885,3886.8,3885,3885.1,503,
2024-01-01 11:17:00+05:30,3885.1,3885.45,3882.15,3883.9,777,
2024-01-01 11:18:00+05:30,3883.9,3889.6,3883.9,3889.6,832,
2024-01-01 11:19:00+05:30,3889.6,3892.5,3887,3889.8,4408,
2024-01-01 11:20:00+05:30,3889.8,3891.7,3886.85,3886.85,414,
2024-01-01 11:21:00+05:30,3886.85,3891.5,3886.85,3890.4,681,
2024-01-01 11:22:00+05:30,3891,3891.3,3887.65,3889.8,1492,
2024-01-01 11:23:00+05:30,3889.8,3891.9,3887.45,3891.9,1063,
2024-01-01 11:24:00+05:30,3891.9,3892,3889.8,3891.15,1413,
2024-01-01 11:25:00+05:30,3892,3899.25,3889.85,3899.25,1978,
2024-01-01 11:26:00+05:30,3899.25,3902.4,3895.65,3897.9,1002,
2024-01-01 11:27:00+05:30,3897.9,3900.6,3897.4,3900.45,595,
2024-01-01 11:28:00+05:30,3898.75,3901.7,3898,3898,349,
2024-01-01 11:29:00+05:30,3898,3899.7,3897.95,3898.95,162,
2024-01-01 11:30:00+05:30,3897.65,3899.8,3897.65,3899.6,284,
2024-01-01 11:31:00+05:30,3899.6,3899.75,3895.4,3895.4,224,
2024-01-01 11:32:00+05:30,3894.05,3896.05,3894,3894.55,79,
2024-01-01 11:33:00+05:30,3894.3,3895.3,3894,3894.05,64,
2024-01-01 11:34:00+05:30,3894,3895.1,3894,3895.1,159,
2024-01-01 11:35:00+05:30,3894.3,3898.5,3894.3,3897.3,728,
2024-01-01 11:36:00+05:30,3897.3,3897.95,3895.15,3897.8,209,
2024-01-01 11:37:00+05:30,3897.8,3898.5,3896.7,3897.85,194,
2024-01-01 11:38:00+05:30,3897.85,3899.7,3896.85,3899.45,275,
2024-01-01 11:39:00+05:30,3897.55,3899.95,3897.55,3899.95,664,
2024-01-01 11:40:00+05:30,3900,3904.95,3900,3904.95,1040,
2024-01-01 11:41:00+05:30,3904.95,3906,3904.1,3906,3526,
2024-01-01 11:42:00+05:30,3906,3908,3905.05,3905.05,1119,
2024-01-01 11:43:00+05:30,3905.05,3907.05,3903.15,3903.65,221,
2024-01-01 11:44:00+05:30,3903.65,3905.95,3903.65,3904.65,393,
2024-01-01 11:45:00+05:30,3904.6,3905,3904.6,3904.75,124,
2024-01-01 11:46:00+05:30,3904.75,3907.4,3904.6,3904.6,603,
2024-01-01 11:47:00+05:30,3904.85,3904.85,3904.2,3904.5,146,
2024-01-01 11:48:00+05:30,3904.5,3904.5,3904.2,3904.45,196,
2024-01-01 11:49:00+05:30,3904.45,3904.45,3900.5,3901.6,609,
2024-01-01 11:50:00+05:30,3901.25,3903.15,3901.05,3901.35,121,
2024-01-01 11:51:00+05:30,3904,3904.75,3903.05,3904.75,444,
2024-01-01 11:52:00+05:30,3904.75,3904.75,3903.75,3903.75,90,
2024-01-01 11:53:00+05:30,3903.75,3903.9,3903.05,3903.85,406,
2024-01-01 11:54:00+05:30,3903.85,3904.65,3902.6,3903.8,546,
2024-01-01 11:55:00+05:30,3903.8,3908,3903.8,3905,1512,
2024-01-01 11:56:00+05:30,3905,3908.8,3905,3908.75,1046,
2024-01-01 11:57:00+05:30,3908.75,3909.5,3908.3,3909.1,538,
2024-01-01 11:58:00+05:30,3909.1,3909.5,3906.3,3907.65,885,
2024-01-01 11:59:00+05:30,3906.3,3907.8,3906,3907.45,179,
2024-01-01 12:00:00+05:30,3907.45,3907.45,3906,3906,38,
2024-01-01 12:01:00+05:30,3905,3906,3901.35,3902.9,200,
2024-01-01 12:02:00+05:30,3902.9,3903,3901.2,3902.95,87,
2024-01-01 12:03:00+05:30,3901.1,3902.7,3901.1,3902.1,82,
2024-01-01 12:04:00+05:30,3902.1,3902.55,3901.25,3902,165,
2024-01-01 12:05:00+05:30,3902,3905.95,3901.25,3905.5,540,
2024-01-01 12:06:00+05:30,3905.5,3909.45,3904.6,3909.45,753,
2024-01-01 12:07:00+05:30,3909.5,3909.5,3907.6,3908.25,407,
2024-01-01 12:08:00+05:30,3908.3,3909.45,3907.6,3908.1,152,
2024-01-01 12:09:00+05:30,3908.1,3908.1,3905.2,3907.1,1147,
2024-01-01 12:10:00+05:30,3907.1,3907.7,3905,3905.85,1288,
2024-01-01 12:11:00+05:30,3906.15,3906.95,3903.1,3905.1,1111,
2024-01-01 12:12:00+05:30,3905.1,3907.35,3905.1,3906.3,914,
2024-01-01 12:13:00+05:30,3906.3,3907,3905.1,3906.2,265,
2024-01-01 12:14:00+05:30,3906.25,3906.25,3903.15,3904.55,170,
2024-01-01 12:15:00+05:30,3904.55,3906.1,3904.55,3905,167,
2024-01-01 12:16:00+05:30,3905,3905.9,3903.35,3905.25,69,
2024-01-01 12:17:00+05:30,3905.2,3905.2,3903.15,3904.8,29,
2024-01-01 12:18:00+05:30,3904.7,3904.7,3902.95,3904.35,57,
2024-01-01 12:19:00+05:30,3904.35,3904.35,3898,3898.05,849,
2024-01-01 12:20:00+05:30,3899.95,3900.85,3899.95,3900.75,567,
2024-01-01 12:21:00+05:30,3900.75,3900.75,3900,3900.75,1944,
2024-01-01 12:22:00+05:30,3900.75,3900.75,3900,3900,87,
2024-01-01 12:23:00+05:30,3900,3900.75,3900,3900.5,113,
2024-01-01 12:24:00+05:30,3900.5,3900.7,3900,3900.45,114,
2024-01-01 12:25:00+05:30,3900.45,3900.55,3900,3900.3,324,
2024-01-01 12:26:00+05:30,3900.3,3900.55,3900,3900,177,
2024-01-01 12:27:00+05:30,3900,3902.35,3900,3901.45,315,
2024-01-01 12:28:00+05:30,3902.75,3902.95,3900.5,3902,130,
2024-01-01 12:29:00+05:30,3902.3,3903,3900.5,3901.5,111,
2024-01-01 12:30:00+05:30,3902.95,3902.95,3900.45,3900.45,95,
2024-01-01 12:31:00+05:30,3900.45,3903.2,3900.45,3903.2,387,
2024-01-01 12:32:00+05:30,3901.75,3905.8,3901.75,3905.75,793,
2024-01-01 12:33:00+05:30,3905.75,3905.9,3901.65,3905.85,898,
2024-01-01 12:34:00+05:30,3905.85,3907,3903.15,3906,962,
2024-01-01 12:35:00+05:30,3906,3906.65,3902.65,3902.65,322,
2024-01-01 12:36:00+05:30,3903.95,3905.05,3902.55,3905.05,250,
2024-01-01 12:37:00+05:30,3905.05,3905.05,3904,3904.05,156,
2024-01-01 12:38:00+05:30,3904.05,3905.75,3902.4,3905.75,306,
2024-01-01 12:39:00+05:30,3905.75,3906.5,3903.05,3904.55,704,
2024-01-01 12:40:00+05:30,3904.55,3906.9,3904.55,3905.8,429,
2024-01-01 12:41:00+05:30,3905.8,3907,3904.2,3904.2,339,
2024-01-01 12:42:00+05:30,3904.2,3907,3904.2,3906,207,
2024-01-01 12:43:00+05:30,3906,3907,3905,3905,75,
2024-01-01 12:44:00+05:30,3905,3905.35,3905,3905.05,52,
2024-01-01 12:45:00+05:30,3905,3905.35,3905,3905.35,300,
2024-01-01 12:46:00+05:30,3905.15,3907,3905,3905,472,
2024-01-01 12:47:00+05:30,3905,3913.95,3905,3913.1,4346,
2024-01-01 12:48:00+05:30,3913.1,3917.8,3911.95,3916,1428,
2024-01-01 12:49:00+05:30,3916,3917.2,3913.95,3915.95,197,
2024-01-01 12:50:00+05:30,3915.95,3915.95,3912.4,3912.7,231,
2024-01-01 12:51:00+05:30,3912.7,3915.05,3911.9,3913.45,712,
2024-01-01 12:52:00+05:30,3913.45,3914.8,3913.4,3914.05,172,
2024-01-01 12:53:00+05:30,3913.5,3914.85,3913.4,3914.85,259,
2024-01-01 12:54:00+05:30,3914.85,3916.1,3914.1,3914.75,699,
2024-01-01 12:55:00+05:30,3914.75,3916.5,3914.75,3915,479,
2024-01-01 12:56:00+05:30,3915,3915.85,3911.9,3913,272,
2024-01-01 12:57:00+05:30,3911.9,3915.45,3911.9,3914.7,519,
2024-01-01 12:58:00+05:30,3914.7,3914.7,3910.3,3910.45,676,
2024-01-01 12:59:00+05:30,3910.45,3913.85,3910.45,3912.95,398,
2024-01-01 13:00:00+05:30,3912.95,3914.6,3911,3911,156,
2024-01-01 13:01:00+05:30,3911,3913.25,3911,3911,253,
2024-01-01 13:02:00+05:30,3911,3912.2,3910,3911.45,236,
2024-01-01 13:03:00+05:30,3910,3913.85,3910,3913.65,596,
2024-01-01 13:04:00+05:30,3911.55,3913.7,3911,3912.05,1142,
2024-01-01 13:05:00+05:30,3912.05,3913.25,3911.45,3913.25,204,
2024-01-01 13:06:00+05:30,3913.25,3913.25,3912.1,3913.05,185,
2024-01-01 13:07:00+05:30,3913.05,3913.2,3911,3913.2,1103,
2024-01-01 13:08:00+05:30,3913.2,3913.2,3911.8,3913,220,
2024-01-01 13:09:00+05:30,3913,3913,3911.25,3911.4,208,
2024-01-01 13:10:00+05:30,3911.4,3912.15,3911,3911,186,
2024-01-01 13:11:00+05:30,3911,3913,3911,3911.05,186,
2024-01-01 13:12:00+05:30,3911.05,3913,3911,3912,137,
2024-01-01 13:13:00+05:30,3912,3912.05,3912,3912,200,
2024-01-01 13:14:00+05:30,3912,3913,3911.85,3911.85,443,
2024-01-01 13:15:00+05:30,3912.1,3916.35,3911.85,3915,1340,
2024-01-01 13:16:00+05:30,3915,3916.15,3913.8,3914.8,356,
2024-01-01 13:17:00+05:30,3914.8,3916.4,3912.5,3913.1,252,
2024-01-01 13:18:00+05:30,3912.9,3914.7,3912,3912,269,
2024-01-01 13:19:00+05:30,3912.75,3913.85,3912,3912,147,
2024-01-01 13:20:00+05:30,3912,3912.75,3911,3911,702,
2024-01-01 13:21:00+05:30,3911,3912,3911,3911.1,167,
2024-01-01 13:22:00+05:30,3911.1,3911.25,3911.1,3911.25,257,
2024-01-01 13:23:00+05:30,3911.2,3912.4,3911.2,3911.2,155,
2024-01-01 13:24:00+05:30,3911.2,3912.7,3911.2,3911.95,167,
2024-01-01 13:25:00+05:30,3911.95,3914.75,3911.95,3912.85,393,
2024-01-01 13:26:00+05:30,3912.85,3916,3912.8,3914.65,494,
2024-01-01 13:27:00+05:30,3915.35,3916,3914.4,3915.35,380,
2024-01-01 13:28:00+05:30,3915.35,3916.25,3915.35,3916,206,
2024-01-01 13:29:00+05:30,3916,3916.25,3916,3916.25,364,
2024-01-01 13:30:00+05:30,3916.25,3916.25,3916,3916.25,369,
2024-01-01 13:31:00+05:30,3916,3916.2,3912.45,3914.65,645,
2024-01-01 13:32:00+05:30,3914.65,3916.2,3913.75,3914.6,285,
2024-01-01 13:33:00+05:30,3914.6,3915.45,3913.2,3913.3,173,
2024-01-01 13:34:00+05:30,3913.35,3915.4,3913.35,3913.95,181,
2024-01-01 13:35:00+05:30,3913.9,3915.45,3912.45,3915.35,337,
2024-01-01 13:36:00+05:30,3915.35,3915.45,3913.15,3914.8,151,
2024-01-01 13:37:00+05:30,3914.8,3915.4,3913.65,3915.4,202,
2024-01-01 13:38:00+05:30,3915.4,3915.4,3913.65,3913.65,184,
2024-01-01 13:39:00+05:30,3913.65,3915.4,3913.65,3914.05,177,
2024-01-01 13:40:00+05:30,3914.05,3915.45,3914.05,3915.4,316,
2024-01-01 13:41:00+05:30,3914.4,3915.55,3914.05,3914.05,216,
2024-01-01 13:42:00+05:30,3914.05,3916.25,3913.75,3915.5,1208,
2024-01-01 13:43:00+05:30,3915.5,3916.25,3914.05,3916,358,
2024-01-01 13:44:00+05:30,3916.2,3916.25,3916,3916,177,
2024-01-01 13:45:00+05:30,3916,3916.25,3916,3916.2,221,
2024-01-01 13:46:00+05:30,3916,3916.2,3916,3916,176,
2024-01-01 13:47:00+05:30,3916,3916,3914.35,3915.95,259,
2024-01-01 13:48:00+05:30,3915.95,3921.95,3915.4,3921.85,2236,
2024-01-01 13:49:00+05:30,3920.35,3922.45,3920,3921.25,414,
2024-01-01 13:50:00+05:30,3921.25,3923.95,3920,3923.1,769,
2024-01-01 13:51:00+05:30,3922.4,3923.85,3921.1,3922.25,412,
2024-01-01 13:52:00+05:30,3922.25,3923.45,3921,3922.6,319,
2024-01-01 13:53:00+05:30,3922.6,3922.85,3921,3921,168,
2024-01-01 13:54:00+05:30,3921,3921.95,3921,3921.95,272,
2024-01-01 13:55:00+05:30,3921.95,3923.1,3921.15,3921.15,319,
2024-01-01 13:56:00+05:30,3923,3923.05,3921.15,3921.8,208,
2024-01-01 13:57:00+05:30,3921.15,3923.05,3921.1,3923,497,
2024-01-01 13:58:00+05:30,3922,3923.1,3921.75,3922.9,326,
2024-01-01 13:59:00+05:30,3922.25,3923.1,3922,3922,221,
2024-01-01 14:00:00+05:30,3922,3923.1,3921,3923,729,
2024-01-01 14:01:00+05:30,3923,3923,3922,3922.4,176,
2024-01-01 14:02:00+05:30,3923,3925,3923,3925,1886,
2024-01-01 14:03:00+05:30,3925,3925,3924,3924,475,
2024-01-01 14:04:00+05:30,3924,3924.95,3923.3,3923.9,307,
2024-01-01 14:05:00+05:30,3923.15,3924.35,3922,3922,310,
2024-01-01 14:06:00+05:30,3922,3923,3922,3922,320,
2024-01-01 14:07:00+05:30,3922,3924,3921.55,3923.3,550,
2024-01-01 14:08:00+05:30,3923.3,3924,3922,3923.3,573,
2024-01-01 14:09:00+05:30,3923.3,3924.95,3922.65,3924.95,498,
2024-01-01 14:10:00+05:30,3924.95,3924.95,3918,3919.05,2178,
2024-01-01 14:11:00+05:30,3918.5,3924.55,3918.5,3924.5,421,
2024-01-01 14:12:00+05:30,3924.5,3924.95,3921.05,3924.95,510,
2024-01-01 14:13:00+05:30,3924.6,3926,3923.25,3924.25,920,
2024-01-01 14:14:00+05:30,3924.25,3927.75,3924.25,3927.6,605,
2024-01-01 14:15:00+05:30,3927.6,3928,3926,3926.75,388,
2024-01-01 14:16:00+05:30,3926.75,3928,3926.45,3928,288,
2024-01-01 14:17:00+05:30,3928,3928.9,3926.75,3928,715,
2024-01-01 14:18:00+05:30,3928,3929.2,3925.75,3926.8,2790,
2024-01-01 14:19:00+05:30,3928.15,3929.2,3926,3926.4,322,
2024-01-01 14:20:00+05:30,3928.4,3928.75,3925,3926.3,384,
2024-01-01 14:21:00+05:30,3926.3,3926.8,3925.2,3925.2,270,
2024-01-01 14:22:00+05:30,3925.2,3926.8,3925.2,3926.75,256,
2024-01-01 14:23:00+05:30,3926.75,3927,3925,3926.95,599,
2024-01-01 14:24:00+05:30,3926.15,3928,3926.15,3927.9,320,
2024-01-01 14:25:00+05:30,3928,3928.95,3925.15,3928.95,812,
2024-01-01 14:26:00+05:30,3928.95,3928.95,3927.95,3928.2,167,
2024-01-01 14:27:00+05:30,3928.2,3928.2,3927.1,3927.1,288,
2024-01-01 14:28:00+05:30,3928.2,3928.2,3926.25,3928,365,
2024-01-01 14:29:00+05:30,3928,3928.05,3925.8,3926.55,475,
2024-01-01 14:30:00+05:30,3926.55,3928.05,3926.3,3927.9,361,
2024-01-01 14:31:00+05:30,3927.9,3928,3926.45,3927.9,224,
2024-01-01 14:32:00+05:30,3927.9,3928.05,3926.75,3928.05,342,
2024-01-01 14:33:00+05:30,3928,3928.95,3928,3928.95,802,
2024-01-01 14:34:00+05:30,3928.95,3929.5,3928,3929,294,
2024-01-01 14:35:00+05:30,3929.7,3932.75,3926.65,3929.75,2783,
2024-01-01 14:36:00+05:30,3929.75,3929.75,3927.85,3929.35,167,
2024-01-01 14:37:00+05:30,3929.35,3929.95,3928,3929.15,269,
2024-01-01 14:38:00+05:30,3929.15,3929.15,3927.1,3928.75,459,
2024-01-01 14:39:00+05:30,3928.75,3928.75,3927.5,3928.75,287,
2024-01-01 14:40:00+05:30,3928.75,3928.75,3927.25,3928,129,
2024-01-01 14:41:00+05:30,3928,3928.75,3925.25,3926,583,
2024-01-01 14:42:00+05:30,3926,3926,3925,3926,353,
2024-01-01 14:43:00+05:30,3925.85,3927.5,3925.6,3927.05,278,
2024-01-01 14:44:00+05:30,3927.05,3928.5,3926.05,3928.45,421,
2024-01-01 14:45:00+05:30,3926.45,3928.45,3926.45,3928.35,64,
2024-01-01 14:46:00+05:30,3928,3928.45,3928,3928.45,475,
2024-01-01 14:47:00+05:30,3928.45,3928.75,3926.5,3928,550,
2024-01-01 14:48:00+05:30,3928,3928.75,3928,3928,161,
2024-01-01 14:49:00+05:30,3928.5,3928.75,3928,3928.6,151,
2024-01-01 14:50:00+05:30,3928.75,3930,3928.25,3929.4,1132,
2024-01-01 14:51:00+05:30,3929.4,3929.5,3927.25,3929.35,594,
2024-01-01 14:52:00+05:30,3929.35,3929.45,3926.5,3928.1,275,
2024-01-01 14:53:00+05:30,3928.25,3928.5,3925.5,3925.5,518,
2024-01-01 14:54:00+05:30,3925.5,3928.15,3925,3925.1,544,
2024-01-01 14:55:00+05:30,3925.1,3926,3921.55,3923,1275,
2024-01-01 14:56:00+05:30,3924.7,3925.75,3921.4,3922,402,
2024-01-01 14:57:00+05:30,3922,3923.95,3921.7,3922,269,
2024-01-01 14:58:00+05:30,3922,3925,3920.85,3922.45,568,
2024-01-01 14:59:00+05:30,3922.45,3922.45,3920.2,3920.2,164,
2024-01-01 15:00:00+05:30,3922.75,3924.5,3920.15,3922.25,556,
2024-01-01 15:01:00+05:30,3922.25,3922.25,3919,3921,928,
2024-01-01 15:02:00+05:30,3921,3921.85,3921,3921.8,507,
2024-01-01 15:03:00+05:30,3921.8,3922,3921,3921.2,840,
2024-01-01 15:04:00+05:30,3921.25,3923,3921,3922.95,380,
2024-01-01 15:05:00+05:30,3923,3923,3922.05,3922.05,656,
2024-01-01 15:06:00+05:30,3922.05,3923,3922.05,3922.2,317,
2024-01-01 15:07:00+05:30,3922.05,3923,3922.05,3922.1,267,
2024-01-01 15:08:00+05:30,3922.1,3922.95,3922.05,3922.05,389,
2024-01-01 15:09:00+05:30,3922.15,3922.15,3921,3921.95,1509,
2024-01-01 15:10:00+05:30,3921.95,3921.95,3918.1,3918.1,1573,
2024-01-01 15:11:00+05:30,3918.1,3918.2,3915.85,3915.85,816,
2024-01-01 15:12:00+05:30,3917.65,3917.65,3912.5,3912.5,545,
2024-01-01 15:13:00+05:30,3913.5,3913.5,3912,3912.05,666,
2024-01-01 15:14:00+05:30,3913.35,3915,3911.05,3912,912,
2024-01-01 15:15:00+05:30,3912.15,3914.5,3911.9,3913.35,1097,
2024-01-01 15:16:00+05:30,3914.5,3917.2,3913.1,3914.85,1567,
2024-01-01 15:17:00+05:30,3915.7,3916,3914.7,3915.8,456,
2024-01-01 15:18:00+05:30,3915.8,3916,3914.05,3914.35,1221,
2024-01-01 15:19:00+05:30,3914.35,3916,3914.35,3915.9,429,
2024-01-01 15:20:00+05:30,3915.9,3917.9,3914.05,3916.2,2486,
2024-01-01 15:21:00+05:30,3917.25,3917.7,3916.05,3916.1,566,
2024-01-01 15:22:00+05:30,3917.9,3918.2,3915.25,3916.05,1442,
2024-01-01 15:23:00+05:30,3916.05,3917.8,3914.65,3915.9,626,
2024-01-01 15:24:00+05:30,3915.55,3915.6,3910.15,3912.05,1510,
2024-01-01 15:25:00+05:30,3912.5,3912.5,3910,3910,609,
2024-01-01 15:26:00+05:30,3910.15,3910.15,3904,3904,695,
2024-01-01 15:27:00+05:30,3905,3905,3902,3904,465,
2024-01-01 15:28:00+05:30,3904,3910.45,3901,3901,1158,
2024-01-01 15:29:00+05:30,3905.1,3910.45,3901,3905,375,
2024-01-02 09:15:00+05:30,3925,3925.95,3905.2,3925,1739,
2024-01-02 09:16:00+05:30,3926,3940.9,3926,3937.5,3459,
2024-01-02 09:17:00+05:30,3935.2,3940.9,3931.2,3938.9,3244,
2024-01-02 09:18:00+05:30,3938.6,3945,3936,3945,2594,
2024-01-02 09:19:00+05:30,3945,3980,3945,3979,12419,
2024-01-02 09:20:00+05:30,3980,3998,3977,3995,21006,
2024-01-02 09:21:00+05:30,3995,3998.2,3978.35,3987.95,14014,
2024-01-02 09:22:00+05:30,3987.95,3995,3980,3992.5,11199,
2024-01-02 09:23:00+05:30,3992.5,4010,3988.35,4006.1,23630,
2024-01-02 09:24:00+05:30,4003.85,4014.3,4003.65,4011.45,22082,
2024-01-02 09:25:00+05:30,4009,4009.5,3990.9,4000.95,14064,
2024-01-02 09:26:00+05:30,3998.65,4002.65,3983.2,3991,13481,
2024-01-02 09:27:00+05:30,3991,3998.35,3985,3997.75,12425,
2024-01-02 09:28:00+05:30,3995.95,4003.8,3995.95,4001,11634,
2024-01-02 09:29:00+05:30,4001,4007.35,3998.9,4004,8260,
2024-01-02 09:30:00+05:30,4004,4007,4000.2,4006.35,7793,
2024-01-02 09:31:00+05:30,4003.6,4019,4001.35,4019,23828,
2024-01-02 09:32:00+05:30,4018.6,4020,4011.5,4018,15971,
2024-01-02 09:33:00+05:30,4017.4,4017.4,4001.9,4007.45,10758,
2024-01-02 09:34:00+05:30,4007.2,4007.2,3991.15,3999,12970,
2024-01-02 09:35:00+05:30,3999,4002.1,3995.9,3998.35,8381,
2024-01-02 09:36:00+05:30,3998,3998,3991.75,3996.9,5618,
2024-01-02 09:37:00+05:30,3994.9,3998,3990,3997,7047,
2024-01-02 09:38:00+05:30,3998,4010,3998,4010,7088,
2024-01-02 09:39:00+05:30,4010.25,4015.95,4010.25,4013.55,12334,
2024-01-02 09:40:00+05:30,4015.65,4016.15,4006.95,4011.6,7301,
2024-01-02 09:41:00+05:30,4010,4012,4000,4005.25,3568,
2024-01-02 09:42:00+05:30,4003.15,4008,4002,4006.05,3506,
2024-01-02 09:43:00+05:30,4008,4016.9,4006,4016.5,6814,
2024-01-02 09:44:00+05:30,4017,4025,4012.5,4025,21678,
2024-01-02 09:45:00+05:30,4023.1,4029.8,4017,4019.8,17488,
2024-01-02 09:46:00+05:30,4018.25,4024.45,4013.15,4023,8603,
2024-01-02 09:47:00+05:30,4025,4029.55,4021.25,4028,11483,
2024-01-02 09:48:00+05:30,4028,4029,4025.15,4025.75,7048,
2024-01-02 09:49:00+05:30,4026.25,4027.9,4021.65,4025,7878,
2024-01-02 09:50:00+05:30,4025,4032,4022.85,4030.6,16025,
2024-01-02 09:51:00+05:30,4029.05,4030.65,4026,4029.8,11879,
2024-01-02 09:52:00+05:30,4027.25,4030,4023.15,4023.15,7353,
2024-01-02 09:53:00+05:30,4023.15,4034,4023.15,4029.95,10020,
2024-01-02 09:54:00+05:30,4027.65,4029.65,4021.05,4021.5,5877,
2024-01-02 09:55:00+05:30,4021.5,4025.9,4021,4022,4825,
2024-01-02 09:56:00+05:30,4023.4,4023.4,4010.3,4010.35,14016,
2024-01-02 09:57:00+05:30,4010.2,4013.7,3995,3999.85,15777,
2024-01-02 09:58:00+05:30,3998.4,4001.5,3991.65,4000,6176,
2024-01-02 09:59:00+05:30,3998.1,4008.55,3995,4003.2,11377,
2024-01-02 10:00:00+05:30,4001.25,4004.8,3998.05,4000.85,5009,
2024-01-02 10:01:00+05:30,3999,4004.75,3998,4002.5,2629,
2024-01-02 10:02:00+05:30,4002.5,4008.9,4002.1,4006.65,3224,
2024-01-02 10:03:00+05:30,4006.65,4013.2,4002.6,4005,4494,
2024-01-02 10:04:00+05:30,4005,4010,4003.1,4005.15,1812,
2024-01-02 10:05:00+05:30,4005.15,4014.7,4003.2,4009.4,2735,
2024-01-02 10:06:00+05:30,4011.1,4028.6,4009.25,4026.45,7833,
2024-01-02 10:07:00+05:30,4027.95,4027.95,4020.85,4023.5,3727,
2024-01-02 10:08:00+05:30,4022.95,4027,4022.95,4026.85,3565,
2024-01-02 10:09:00+05:30,4026.85,4029.9,4024.15,4027.3,9043,
2024-01-02 10:10:00+05:30,4026.9,4041,4026.9,4036.95,19830,
2024-01-02 10:11:00+05:30,4036.95,4041.7,4036.9,4037,6294,
2024-01-02 10:12:00+05:30,4037,4040,4030,4034.4,8427,
2024-01-02 10:13:00+05:30,4032.75,4044.8,4032.75,4036.25,11821,
2024-01-02 10:14:00+05:30,4038.3,4042.3,4034.05,4034.05,5699,
2024-01-02 10:15:00+05:30,4034.05,4036,4029,4029,4438,
2024-01-02 10:16:00+05:30,4029,4033.5,4029,4033.35,2646,
2024-01-02 10:17:00+05:30,4033.35,4039,4029.75,4039,4298,
2024-01-02 10:18:00+05:30,4037.55,4043.55,4037.55,4040.5,7051,
2024-01-02 10:19:00+05:30,4041,4042.15,4037.3,4038.6,4326,
2024-01-02 10:20:00+05:30,4038.6,4049,4038.6,4047.45,15409,
2024-01-02 10:21:00+05:30,4047.45,4052.1,4041.4,4043.65,16749,
2024-01-02 10:22:00+05:30,4042,4046.4,4040.05,4045.4,7762,
2024-01-02 10:23:00+05:30,4043.45,4043.45,4031.4,4034.2,9388,
2024-01-02 10:24:00+05:30,4032.2,4035.55,4030,4031.9,7150,
2024-01-02 10:25:00+05:30,4031.9,4035,4026.7,4035,9061,
2024-01-02 10:26:00+05:30,4033.05,4034.9,4028.05,4030,3710,
2024-01-02 10:27:00+05:30,4030.35,4032.9,4023,4032.9,8503,
2024-01-02 10:28:00+05:30,4030.85,4033,4030,4031,3163,
2024-01-02 10:29:00+05:30,4032.45,4032.45,4025.1,4025.1,3249,
2024-01-02 10:30:00+05:30,4028.45,4031,4025.05,4030.5,7283,
2024-01-02 10:31:00+05:30,4029.6,4044.9,4029.6,4043.75,6171,
2024-01-02 10:32:00+05:30,4044.3,4045,4032.1,4033.35,3064,
2024-01-02 10:33:00+05:30,4032.2,4035.8,4028.15,4029.7,1603,
2024-01-02 10:34:00+05:30,4032.5,4037.85,4031.2,4034.9,1352,
2024-01-02 10:35:00+05:30,4032.9,4034.4,4030,4030,1965,
2024-01-02 10:36:00+05:30,4031.25,4032.5,4025,4026.1,2580,
2024-01-02 10:37:00+05:30,4026.1,4030,4023.5,4026,3757,
2024-01-02 10:38:00+05:30,4026,4032.95,4022.4,4022.45,5977,
2024-01-02 10:39:00+05:30,4023.45,4024.45,4013.05,4014,8130,
2024-01-02 10:40:00+05:30,4013.2,4015.45,4002,4002.25,9361,
2024-01-02 10:41:00+05:30,4002,4015.1,4002,4007.05,6356,
2024-01-02 10:42:00+05:30,4007.05,4012.65,4004.4,4010.95,2376,
2024-01-02 10:43:00+05:30,4013.05,4015.3,4006.05,4011.85,2792,
2024-01-02 10:44:00+05:30,4010.4,4016,4009,4012,4380,
2024-01-02 10:45:00+05:30,4012,4014.2,4007.1,4012.4,4056,
2024-01-02 10:46:00+05:30,4012.2,4015,4009.95,4014,2740,
2024-01-02 10:47:00+05:30,4014,4025,4014,4024.6,3639,
2024-01-02 10:48:00+05:30,4024.6,4029,4021.65,4027.3,2455,
2024-01-02 10:49:00+05:30,4027.35,4030,4026,4028.8,1905,
2024-01-02 10:50:00+05:30,4028.5,4029.7,4017.45,4017.85,1598,
2024-01-02 10:51:00+05:30,4017.55,4033,4017.55,4025.6,4228,
2024-01-02 10:52:00+05:30,4025.3,4039,4025.3,4039,3278,
2024-01-02 10:53:00+05:30,4036.35,4037.15,4030.6,4031.8,2638,
2024-01-02 10:54:00+05:30,4030.2,4038.95,4030.2,4035.85,5345,
2024-01-02 10:55:00+05:30,4035.85,4039.7,4035,4038.9,2026,
2024-01-02 10:56:00+05:30,4038.9,4038.9,4033.4,4033.7,3620,
2024-01-02 10:57:00+05:30,4033.7,4038.95,4033.1,4036.3,2426,
2024-01-02 10:58:00+05:30,4036.3,4036.55,4033.4,4033.55,1848,
2024-01-02 10:59:00+05:30,4033.55,4038,4033.55,4036.95,1027,
2024-01-02 11:00:00+05:30,4036.95,4039.9,4035.35,4037.75,4082,
2024-01-02 11:01:00+05:30,4037.75,4045.95,4037.75,4045,11965,
2024-01-02 11:02:00+05:30,4044.05,4049,4044.05,4047.3,5936,
2024-01-02 11:03:00+05:30,4045.5,4050,4045.1,4050,9616,
2024-01-02 11:04:00+05:30,4049.95,4050,4035.45,4037.55,4886,
2024-01-02 11:05:00+05:30,4037.55,4041.85,4036.65,4038,2621,
2024-01-02 11:06:00+05:30,4037.1,4039.75,4030,4030,6631,
2024-01-02 11:07:00+05:30,4031,4034.85,4030,4032,3287,
2024-01-02 11:08:00+05:30,4032,4032,4027,4027,1921,
2024-01-02 11:09:00+05:30,4024.15,4030,4024.15,4030,2790,
2024-01-02 11:10:00+05:30,4030,4031,4025.1,4025.5,1825,
2024-01-02 11:11:00+05:30,4025.5,4028.35,4015,4015.1,5075,
2024-01-02 11:12:00+05:30,4015,4022.15,4012.2,4020.6,3312,
2024-01-02 11:13:00+05:30,4020.6,4020.6,4008,4012.3,4081,
2024-01-02 11:14:00+05:30,4012.3,4015.1,4010,4012.25,1762,
2024-01-02 11:15:00+05:30,4013.4,4013.4,4005.55,4013,6007,
2024-01-02 11:16:00+05:30,4011.6,4013,4005,4009.2,3365,
2024-01-02 11:17:00+05:30,4007.05,4013.45,4007.05,4008.6,3119,
2024-01-02 11:18:00+05:30,4008.65,4012.5,4008,4010,2281,
2024-01-02 11:19:00+05:30,4010.2,4015,4006.3,4015,2451,
2024-01-02 11:20:00+05:30,4012.75,4015.1,4010.4,4012,3863,
2024-01-02 11:21:00+05:30,4012,4015.6,4010.5,4013.6,1340,
2024-01-02 11:22:00+05:30,4016,4019.95,4013,4018.85,2054,
2024-01-02 11:23:00+05:30,4018.85,4019,4006.1,4006.25,4625,
2024-01-02 11:24:00+05:30,4006.2,4013.95,4006.05,4011.7,2880,
2024-01-02 11:25:00+05:30,4011.7,4013.8,4009.2,4011.55,691,
2024-01-02 11:26:00+05:30,4011.55,4014,4010,4011.5,691,
2024-01-02 11:27:00+05:30,4011.5,4016.55,4011.5,4016.3,1959,
2024-01-02 11:28:00+05:30,4014.2,4016.3,4012,4014.15,850,
2024-01-02 11:29:00+05:30,4014.15,4014.15,4010.75,4011.85,893,
2024-01-02 11:30:00+05:30,4011.85,4014,4011,4013.2,1042,
2024-01-02 11:31:00+05:30,4013.2,4013.3,4008.1,4008.1,1008,
2024-01-02 11:32:00+05:30,4008.1,4012.75,4006.3,4011.95,1469,
2024-01-02 11:33:00+05:30,4010.15,4021.2,4009.9,4021.2,3586,
2024-01-02 11:34:00+05:30,4018.6,4022.6,4016,4016,1873,
2024-01-02 11:35:00+05:30,4016,4019.9,4016,4016.35,973,
2024-01-02 11:36:00+05:30,4016.35,4016.35,4011.95,4012.9,1353,
2024-01-02 11:37:00+05:30,4012.8,4013.6,4010.1,4012.95,1062,
2024-01-02 11:38:00+05:30,4011.8,4022.4,4011.6,4022.4,2064,
2024-01-02 11:39:00+05:30,4023.55,4025,4020.9,4023,1968,
2024-01-02 11:40:00+05:30,4023,4023,4020,4021.4,1068,
2024-01-02 11:41:00+05:30,4021.05,4021.4,4013,4014.45,939,
2024-01-02 11:42:00+05:30,4014.45,4018.25,4014.45,4016.4,581,
2024-01-02 11:43:00+05:30,4016.4,4021.9,4016.35,4018.65,905,
2024-01-02 11:44:00+05:30,4018.85,4020.95,4018.35,4019.95,394,
2024-01-02 11:45:00+05:30,4019.95,4022.4,4017.95,4020.1,2289,
2024-01-02 11:46:00+05:30,4020.1,4022,4019.8,4021,572,
2024-01-02 11:47:00+05:30,4019.35,4022,4012,4013.4,1777,
2024-01-02 11:48:00+05:30,4010.65,4020,4010.65,4017.55,1254,
2024-01-02 11:49:00+05:30,4017.55,4017.55,4011,4016.05,1772,
2024-01-02 11:50:00+05:30,4016.05,4018.7,4014.1,4015.25,624,
2024-01-02 11:51:00+05:30,4014.85,4020,4014.1,4019.95,1078,
2024-01-02 11:52:00+05:30,4018.65,4024.85,4014.3,4022.9,4956,
2024-01-02 11:53:00+05:30,4022.9,4022.9,4017.3,4018.45,1351,
2024-01-02 11:54:00+05:30,4018.45,4026.15,4018.45,4023.8,3279,
2024-01-02 11:55:00+05:30,4022.55,4024.8,4019.55,4021.1,936,
2024-01-02 11:56:00+05:30,4021.15,4024,4021.1,4023.45,1706,
2024-01-02 11:57:00+05:30,4023.45,4026,4021.8,4024.1,886,
2024-01-02 11:58:00+05:30,4023.85,4025.35,4022,4022,1826,
2024-01-02 11:59:00+05:30,4022,4024.35,4018.15,4021.95,1209,
2024-01-02 12:00:00+05:30,4020.35,4024.2,4019.6,4021.95,542,
2024-01-02 12:01:00+05:30,4021.85,4025.9,4021.05,4025.8,990,
2024-01-02 12:02:00+05:30,4024,4026.85,4021.85,4022.5,740,
2024-01-02 12:03:00+05:30,4022.45,4024.95,4021.05,4024.95,645,
2024-01-02 12:04:00+05:30,4023.4,4023.4,4018,4019.75,1212,
2024-01-02 12:05:00+05:30,4018,4019.85,4015.1,4019.45,792,
2024-01-02 12:06:00+05:30,4019.45,4021,4017.9,4018.4,343,
2024-01-02 12:07:00+05:30,4018.4,4023,4018.1,4020,698,
2024-01-02 12:08:00+05:30,4022.5,4023.8,4020,4022.05,947,
2024-01-02 12:09:00+05:30,4022.85,4026.25,4022.05,4023,2242,
2024-01-02 12:10:00+05:30,4023,4024.95,4020,4020,1211,
2024-01-02 12:11:00+05:30,4020,4023.95,4014.85,4018,5344,
2024-01-02 12:12:00+05:30,4016.1,4018.05,4014.05,4015.05,806,
2024-01-02 12:13:00+05:30,4017.45,4017.45,4014,4015.5,662,
2024-01-02 12:14:00+05:30,4014,4015.5,4012.2,4013.1,399,
2024-01-02 12:15:00+05:30,4013.1,4017.45,4012.2,4014.3,1791,
2024-01-02 12:16:00+05:30,4016.9,4017.2,4014.1,4016.4,650,
2024-01-02 12:17:00+05:30,4016.4,4016.4,4011,4013.7,1392,
2024-01-02 12:18:00+05:30,4013.7,4013.9,4011,4011.55,758,
2024-01-02 12:19:00+05:30,4011.5,4013.35,4007.15,4010.1,3380,
2024-01-02 12:20:00+05:30,4010.1,4011.05,4007.5,4008.1,1848,
2024-01-02 12:21:00+05:30,4008,4009.85,4006.65,4007.6,943,
2024-01-02 12:22:00+05:30,4007.15,4010.9,4007,4009.35,960,
2024-01-02 12:23:00+05:30,4009.5,4012,4008.8,4008.8,1117,
2024-01-02 12:24:00+05:30,4008.8,4012,4008.5,4010.35,1816,
2024-01-02 12:25:00+05:30,4010.35,4011,4002.2,4003.1,6419,
2024-01-02 12:26:00+05:30,4003,4005.75,4002.6,4003.1,3398,
2024-01-02 12:27:00+05:30,4003.15,4007.95,4003.15,4007.35,750,
2024-01-02 12:28:00+05:30,4005.15,4007.35,4004.5,4005.25,643,
2024-01-02 12:29:00+05:30,4005.25,4008.2,4005.1,4006.05,818,
2024-01-02 12:30:00+05:30,4006.05,4009,4006,4007.35,559,
2024-01-02 12:31:00+05:30,4007.15,4008.5,4006,4006.55,1028,
2024-01-02 12:32:00+05:30,4006,4009,4006,4007,885,
2024-01-02 12:33:00+05:30,4007.35,4009,4004,4005,2873,
2024-01-02 12:34:00+05:30,4005,4009,4004.2,4009,832,
2024-01-02 12:35:00+05:30,4009,4009.6,4007,4007,448,
2024-01-02 12:36:00+05:30,4009,4009.3,4005,4005,579,
2024-01-02 12:37:00+05:30,4005,4008.1,4005,4005.7,488,
2024-01-02 12:38:00+05:30,4005.7,4007,4005,4006,725,
2024-01-02 12:39:00+05:30,4006,4007,4005,4005.4,487,
2024-01-02 12:40:00+05:30,4005,4006.9,4004.2,4004.2,848,
2024-01-02 12:41:00+05:30,4004.2,4005,4003.3,4003.95,761,
2024-01-02 12:42:00+05:30,4003.95,4005,4000,4001.9,7260,
2024-01-02 12:43:00+05:30,4001.9,4005.95,4001.9,4004,1763,
2024-01-02 12:44:00+05:30,4004,4005.25,4000.2,4000.2,1405,
2024-01-02 12:45:00+05:30,4000.35,4002.6,4000.05,4001,922,
2024-01-02 12:46:00+05:30,4001,4002,4000,4001,1065,
2024-01-02 12:47:00+05:30,4001,4003,4000.1,4000.2,1491,
2024-01-02 12:48:00+05:30,4000.2,4001.85,3997.6,3998.05,7832,
2024-01-02 12:49:00+05:30,3999.35,4002,3998.05,3998.05,3167,
2024-01-02 12:50:00+05:30,4000,4002.25,3999.3,4000,1849,
2024-01-02 12:51:00+05:30,4000,4002.75,4000,4002.35,1382,
2024-01-02 12:52:00+05:30,4000.35,4002.55,4000.35,4002.1,381,
2024-01-02 12:53:00+05:30,4002.1,4005.45,4001,4005,3496,
2024-01-02 12:54:00+05:30,4005,4008,4004,4008,3474,
2024-01-02 12:55:00+05:30,4008,4010.6,4006.5,4007.65,1892,
2024-01-02 12:56:00+05:30,4007.65,4009.4,4004,4004.65,853,
2024-01-02 12:57:00+05:30,4004.65,4007,4004,4005.8,2292,
2024-01-02 12:58:00+05:30,4006,4006.95,4004,4004,479,
2024-01-02 12:59:00+05:30,4005.8,4006.6,4004,4005,961,
2024-01-02 13:00:00+05:30,4005,4006.2,4002.25,4004.25,2857,
2024-01-02 13:01:00+05:30,4004.25,4006,4003,4004.35,1057,
2024-01-02 13:02:00+05:30,4002.2,4003.95,4001.4,4001.5,724,
2024-01-02 13:03:00+05:30,4001.5,4004.45,4000.95,4000.95,582,
2024-01-02 13:04:00+05:30,4000.95,4006,4000,4005,1801,
2024-01-02 13:05:00+05:30,4005,4008.2,4003.1,4004.65,1220,
2024-01-02 13:06:00+05:30,4004.65,4007.5,4004.1,4006.05,1310,
2024-01-02 13:07:00+05:30,4006.05,4016,4006.05,4015,5027,
2024-01-02 13:08:00+05:30,4015,4016.7,4015,4015.1,2802,
2024-01-02 13:09:00+05:30,4015.1,4016.7,4015,4015,2570,
2024-01-02 13:10:00+05:30,4015,4016.2,4015,4016,809,
2024-01-02 13:11:00+05:30,4016,4016.6,4015,4015,1179,
2024-01-02 13:12:00+05:30,4015,4016,4015,4015,785,
2024-01-02 13:13:00+05:30,4015,4015.95,4015,4015,1297,
2024-01-02 13:14:00+05:30,4015,4015.9,4011.95,4012.6,1401,
2024-01-02 13:15:00+05:30,4012.6,4018,4012.6,4016.55,3337,
2024-01-02 13:16:00+05:30,4018,4018,4015.1,4015.7,601,
2024-01-02 13:17:00+05:30,4015.8,4017.65,4014,4015.55,672,
2024-01-02 13:18:00+05:30,4014,4015.55,4012.35,4012.35,421,
2024-01-02 13:19:00+05:30,4012.4,4015.45,4012.35,4013,490,
2024-01-02 13:20:00+05:30,4013,4018.6,4013,4016.3,2202,
2024-01-02 13:21:00+05:30,4017.8,4017.95,4014.55,4014.55,1369,
2024-01-02 13:22:00+05:30,4016,4017.9,4014.65,4015.7,1131,
2024-01-02 13:23:00+05:30,4015.75,4019.85,4015.75,4017,1759,
2024-01-02 13:24:00+05:30,4017,4023.7,4017,4022,2624,
2024-01-02 13:25:00+05:30,4022,4023.5,4020.7,4022.2,1590,
2024-01-02 13:26:00+05:30,4022.95,4022.95,4018.15,4018.65,1975,
2024-01-02 13:27:00+05:30,4018.65,4018.65,4017,4017,1114,
2024-01-02 13:28:00+05:30,4017,4018.4,4014.05,4014.05,1266,
2024-01-02 13:29:00+05:30,4014.05,4015.6,4013,4014.55,860,
2024-01-02 13:30:00+05:30,4014.55,4017.2,4014.05,4014.15,796,
2024-01-02 13:31:00+05:30,4014.15,4015.85,4014.05,4015,317,
2024-01-02 13:32:00+05:30,4015.3,4015.3,4014.05,4014.75,1895,
2024-01-02 13:33:00+05:30,4014.75,4017,4014.45,4015.25,625,
2024-01-02 13:34:00+05:30,4015.45,4021,4015.4,4018.95,1819,
2024-01-02 13:35:00+05:30,4018.55,4020.95,4018.3,4020.75,1923,
2024-01-02 13:36:00+05:30,4020.75,4020.75,4016.1,4018,814,
2024-01-02 13:37:00+05:30,4019.7,4019.7,4016.6,4018.05,924,
2024-01-02 13:38:00+05:30,4018.05,4019.75,4014.9,4017.1,690,
2024-01-02 13:39:00+05:30,4017.1,4018.9,4015.55,4015.55,578,
2024-01-02 13:40:00+05:30,4015.55,4018,4015.3,4018,1152,
2024-01-02 13:41:00+05:30,4018,4019.6,4015.95,4017.25,1345,
2024-01-02 13:42:00+05:30,4017.25,4019.4,4017.25,4017.65,292,
2024-01-02 13:43:00+05:30,4017.65,4018.6,4015.5,4015.8,555,
2024-01-02 13:44:00+05:30,4015.8,4017.9,4015.8,4015.8,460,
2024-01-02 13:45:00+05:30,4015.8,4016.65,4014.6,4014.6,461,
2024-01-02 13:46:00+05:30,4014.6,4020,4014.6,4017.7,2409,
2024-01-02 13:47:00+05:30,4017.45,4019.35,4017,4018.95,415,
2024-01-02 13:48:00+05:30,4018.95,4019.25,4015.1,4015.35,577,
2024-01-02 13:49:00+05:30,4017.85,4017.95,4015,4016.45,723,
2024-01-02 13:50:00+05:30,4016.45,4017.25,4015.05,4017,564,
2024-01-02 13:51:00+05:30,4017,4017,4014,4015.45,2748,
2024-01-02 13:52:00+05:30,4013.15,4014.25,4009.4,4009.6,1917,
2024-01-02 13:53:00+05:30,4011.85,4012,4009,4010.05,3369,
2024-01-02 13:54:00+05:30,4010.05,4011.45,4008,4008.05,2022,
2024-01-02 13:55:00+05:30,4008,4008.5,4004.05,4007.35,2061,
2024-01-02 13:56:00+05:30,4005.65,4005.65,4001.3,4001.3,2182,
2024-01-02 13:57:00+05:30,4002.7,4004.25,4000.95,4003.3,2200,
2024-01-02 13:58:00+05:30,4003.15,4006.5,4003,4004.15,1158,
2024-01-02 13:59:00+05:30,4004.15,4007.35,4004.15,4006.1,1094,
2024-01-02 14:00:00+05:30,4006.1,4010,4006.1,4009.75,1221,
2024-01-02 14:01:00+05:30,4009.75,4009.75,4007,4008,761,
2024-01-02 14:02:00+05:30,4008,4009,4007,4007.05,601,
2024-01-02 14:03:00+05:30,4007.05,4008.05,4006,4006,551,
2024-01-02 14:04:00+05:30,4006.15,4009,4005.95,4006.85,631,
2024-01-02 14:05:00+05:30,4007,4008.9,4006.2,4007,1695,
2024-01-02 14:06:00+05:30,4007,4007.8,4005.65,4006,833,
2024-01-02 14:07:00+05:30,4007,4009.05,4006,4006,1084,
2024-01-02 14:08:00+05:30,4006,4007.7,4006,4006,463,
2024-01-02 14:09:00+05:30,4006,4007.95,4006,4007.6,2714,
2024-01-02 14:10:00+05:30,4008,4010.3,4008,4008,1073,
2024-01-02 14:11:00+05:30,4009,4011.5,4007.6,4010.9,1196,
2024-01-02 14:12:00+05:30,4011.05,4011.95,4009.25,4010,1422,
2024-01-02 14:13:00+05:30,4011.85,4012.7,4009.8,4011.75,963,
2024-01-02 14:14:00+05:30,4011.8,4011.85,4010,4010.9,382,
2024-01-02 14:15:00+05:30,4010.9,4014.5,4010.2,4010.8,905,
2024-01-02 14:16:00+05:30,4012,4013.9,4010.25,4011.65,765,
2024-01-02 14:17:00+05:30,4013.5,4013.55,4010,4010.1,751,
2024-01-02 14:18:00+05:30,4010.1,4013.05,4010,4011.05,1027,
2024-01-02 14:19:00+05:30,4011.1,4011.1,4006,4007,2159,
2024-01-02 14:20:00+05:30,4005.85,4009.7,4005.75,4008.75,829,
2024-01-02 14:21:00+05:30,4007.1,4010,4007.1,4009,835,
2024-01-02 14:22:00+05:30,4009,4010,4009,4010,485,
2024-01-02 14:23:00+05:30,4010,4012.2,4009,4009.4,1120,
2024-01-02 14:24:00+05:30,4009.4,4011.35,4009,4009.95,524,
2024-01-02 14:25:00+05:30,4011.2,4011.25,4009,4011,778,
2024-01-02 14:26:00+05:30,4010.15,4011,4007.8,4008.8,798,
2024-01-02 14:27:00+05:30,4009,4011.5,4007.8,4009.55,803,
2024-01-02 14:28:00+05:30,4009.15,4011.4,4009.15,4010.4,707,
2024-01-02 14:29:00+05:30,4010.4,4011.4,4009.7,4010.65,689,
2024-01-02 14:30:00+05:30,4010.65,4016.35,4010.15,4015.6,2446,
2024-01-02 14:31:00+05:30,4015.6,4015.6,4011.75,4012.3,387,
2024-01-02 14:32:00+05:30,4011.95,4015.5,4011.6,4014.15,1165,
2024-01-02 14:33:00+05:30,4014.15,4014.15,4010.3,4011.3,400,
2024-01-02 14:34:00+05:30,4011.3,4014.15,4011.15,4013.3,677,
2024-01-02 14:35:00+05:30,4013.3,4014.5,4011.55,4011.85,918,
2024-01-02 14:36:00+05:30,4013.8,4014.2,4011.55,4014.2,1208,
2024-01-02 14:37:00+05:30,4013.15,4014.8,4011.75,4012.5,785,
2024-01-02 14:38:00+05:30,4012.5,4014.45,4011.75,4012.2,644,
2024-01-02 14:39:00+05:30,4012.2,4015,4012.1,4015,734,
2024-01-02 14:40:00+05:30,4015,4016,4013.35,4015.4,1476,
2024-01-02 14:41:00+05:30,4015.4,4015.65,4013,4013.05,769,
2024-01-02 14:42:00+05:30,4014.05,4015,4013,4013.2,811,
2024-01-02 14:43:00+05:30,4013.65,4014.05,4012.4,4012.45,648,
2024-01-02 14:44:00+05:30,4012.5,4014,4012,4012.05,747,
2024-01-02 14:45:00+05:30,4013,4018,4013,4016.4,1478,
2024-01-02 14:46:00+05:30,4016.4,4018.25,4014.6,4017.05,1022,
2024-01-02 14:47:00+05:30,4016.7,4017.7,4015.45,4015.95,582,
2024-01-02 14:48:00+05:30,4015.9,4017.05,4013.05,4014.9,1417,
2024-01-02 14:49:00+05:30,4015.7,4018.2,4013.85,4015.1,2119,
2024-01-02 14:50:00+05:30,4015,4018.4,4013.85,4014.95,2695,
2024-01-02 14:51:00+05:30,4014.95,4016.85,4013.3,4013.85,456,
2024-01-02 14:52:00+05:30,4013.85,4013.85,4010,4010,3845,
2024-01-02 14:53:00+05:30,4010,4014.25,4007.85,4012.35,7980,
2024-01-02 14:54:00+05:30,4012.95,4013,4007,4008.1,2355,
2024-01-02 14:55:00+05:30,4008.1,4010,4008.1,4008.95,3957,
2024-01-02 14:56:00+05:30,4008.95,4015.8,4008.95,4014,4165,
2024-01-02 14:57:00+05:30,4014,4014.15,4008.25,4009.75,5364,
2024-01-02 14:58:00+05:30,4008.4,4010,4007,4007.5,1822,
2024-01-02 14:59:00+05:30,4007.5,4007.5,4003.1,4004.85,1483,
2024-01-02 15:00:00+05:30,4004.85,4013.9,4004.55,4012.3,4555,
2024-01-02 15:01:00+05:30,4011.85,4015,4010.3,4012.6,7752,
2024-01-02 15:02:00+05:30,4012.85,4022.95,4010,4021.45,11562,
2024-01-02 15:03:00+05:30,4023.55,4026,4017.85,4026,6156,
2024-01-02 15:04:00+05:30,4028,4030,4024.6,4025.1,6440,
2024-01-02 15:05:00+05:30,4026,4035,4026,4033.05,6926,
2024-01-02 15:06:00+05:30,4032.05,4032.9,4024.1,4029.5,4241,
2024-01-02 15:07:00+05:30,4030,4030,4025.05,4025.5,3060,
2024-01-02 15:08:00+05:30,4026.3,4026.55,4022.6,4024,3430,
2024-01-02 15:09:00+05:30,4023.8,4024,4017,4021.45,3756,
2024-01-02 15:10:00+05:30,4021.45,4021.45,4017.2,4020,2665,
2024-01-02 15:11:00+05:30,4020,4021,4018.4,4018.75,2067,
2024-01-02 15:12:00+05:30,4018.75,4022.55,4018.75,4021.8,2715,
2024-01-02 15:13:00+05:30,4021.75,4022,4020.05,4021.4,2008,
2024-01-02 15:14:00+05:30,4019.35,4023,4019.35,4023,3824,
2024-01-02 15:15:00+05:30,4022.45,4041.65,4022.45,4039.1,23279,
2024-01-02 15:16:00+05:30,4040,4043.05,4036.05,4037.55,18611,
2024-01-02 15:17:00+05:30,4037.95,4039.8,4034.3,4035.95,5276,
2024-01-02 15:18:00+05:30,4035.95,4039,4033.7,4036.35,5416,
2024-01-02 15:19:00+05:30,4036.35,4036.7,4030,4035,3927,
2024-01-02 15:20:00+05:30,4034.15,4040,4032.35,4034.05,8726,
2024-01-02 15:21:00+05:30,4035.05,4040.9,4035.05,4037,3445,
2024-01-02 15:22:00+05:30,4037,4038,4035,4035.85,2760,
2024-01-02 15:23:00+05:30,4035.85,4039.6,4035.8,4038.8,2007,
2024-01-02 15:24:00+05:30,4038.8,4040,4034.8,4040,2953,
2024-01-02 15:25:00+05:30,4035.55,4038.7,4031.1,4036.25,3699,
2024-01-02 15:26:00+05:30,4037,4037.5,4026,4033.8,3970,
2024-01-02 15:27:00+05:30,4033.45,4044,4032,4034,4256,
2024-01-02 15:28:00+05:30,4035.85,4040,4032.1,4035,1458,
2024-01-02 15:29:00+05:30,4032.2,4039.7,4032.2,4037,988,
2024-01-03 09:15:00+05:30,4050,4051.8,4025.05,4050.55,13481,
2024-01-03 09:16:00+05:30,4053.85,4055.2,4043.45,4049.75,11294,
2024-01-03 09:17:00+05:30,4048,4058,4045,4057.95,6540,
2024-01-03 09:18:00+05:30,4058,4064.5,4055,4060,6571,
2024-01-03 09:19:00+05:30,4058.85,4063.55,4050.45,4056,7705,
2024-01-03 09:20:00+05:30,4053.4,4059.3,4031.65,4040,8837,
2024-01-03 09:21:00+05:30,4040,4043.65,4025.15,4027.95,7053,
2024-01-03 09:22:00+05:30,4027.95,4029.65,4020.55,4028.55,3513,
2024-01-03 09:23:00+05:30,4028.55,4031,4018.85,4021.65,3025,
2024-01-03 09:24:00+05:30,4021.3,4023.65,4016.75,4017,3578,
2024-01-03 09:25:00+05:30,4018,4031.65,4017,4031.65,3324,
2024-01-03 09:26:00+05:30,4031.65,4032,4021.2,4026,1102,
2024-01-03 09:27:00+05:30,4026,4030,4022.5,4026.2,1338,
2024-01-03 09:28:00+05:30,4026.2,4029.75,4021.1,4024.45,1766,
2024-01-03 09:29:00+05:30,4024.45,4025,4022,4022.9,1426,
2024-01-03 09:30:00+05:30,4022.9,4022.9,4015.15,4018.95,5132,
2024-01-03 09:31:00+05:30,4018.95,4023.7,4018.95,4021.95,741,
2024-01-03 09:32:00+05:30,4021.95,4027.3,4021.2,4027.3,1932,
2024-01-03 09:33:00+05:30,4029,4030,4018.95,4021.3,818,
2024-01-03 09:34:00+05:30,4023,4023,4018.15,4019.1,1346,
2024-01-03 09:35:00+05:30,4018.8,4020.95,4013.75,4014.7,2710,
2024-01-03 09:36:00+05:30,4014.7,4016.85,4012.05,4014.9,1204,
2024-01-03 09:37:00+05:30,4014.9,4016.7,4012,4014.9,1909,
2024-01-03 09:38:00+05:30,4014.9,4024.95,4014.55,4023.4,1578,
2024-01-03 09:39:00+05:30,4023.25,4025,4017,4018.1,855,
2024-01-03 09:40:00+05:30,4018.45,4018.45,4013.3,4016.65,928,
2024-01-03 09:41:00+05:30,4016.9,4019.4,4015.2,4017.2,1251,
2024-01-03 09:42:00+05:30,4017.2,4022.05,4017.1,4020.65,1940,
2024-01-03 09:43:00+05:30,4020.65,4021,4015.3,4021,1358,
2024-01-03 09:44:00+05:30,4022.25,4025,4020.8,4023.05,1256,
2024-01-03 09:45:00+05:30,4023.05,4023.05,4015,4018,1685,
2024-01-03 09:46:00+05:30,4018,4024.2,4018,4023,1128,
2024-01-03 09:47:00+05:30,4022.15,4023,4016.6,4019.5,945,
2024-01-03 09:48:00+05:30,4019.5,4022,4017.45,4018.45,530,
2024-01-03 09:49:00+05:30,4020,4022.35,4019.15,4022.2,185,
2024-01-03 09:50:00+05:30,4022,4022,4019.05,4021.6,552,
2024-01-03 09:51:00+05:30,4021.7,4024.85,4021.25,4023.85,1709,
2024-01-03 09:52:00+05:30,4023.85,4023.85,4020,4022.2,583,
2024-01-03 09:53:00+05:30,4022.95,4025,4021.25,4023.9,1181,
2024-01-03 09:54:00+05:30,4023.9,4025,4023,4024.35,246,
2024-01-03 09:55:00+05:30,4025,4025,4020.75,4022.4,363,
2024-01-03 09:56:00+05:30,4022.4,4024.25,4020.8,4023.4,706,
2024-01-03 09:57:00+05:30,4023.4,4025.85,4022.05,4025.5,1593,
2024-01-03 09:58:00+05:30,4028,4030,4016.95,4019.75,3005,
2024-01-03 09:59:00+05:30,4018,4024.1,4016.7,4023.8,788,
2024-01-03 10:00:00+05:30,4023.8,4025,4022,4023,831,
2024-01-03 10:01:00+05:30,4023,4024.95,4022.6,4024.95,174,
2024-01-03 10:02:00+05:30,4024.95,4027.25,4022.5,4023.95,814,
2024-01-03 10:03:00+05:30,4023.95,4023.95,4018.4,4023.95,531,
2024-01-03 10:04:00+05:30,4025,4027.45,4024.2,4024.9,654,
2024-01-03 10:05:00+05:30,4024.9,4025,4022.45,4024,373,
2024-01-03 10:06:00+05:30,4024,4024,4020,4020,361,
2024-01-03 10:07:00+05:30,4020,4024,4020,4022.1,492,
2024-01-03 10:08:00+05:30,4022.1,4023.9,4021.05,4021.1,364,
2024-01-03 10:09:00+05:30,4021.1,4022.95,4018.6,4022.9,1086,
2024-01-03 10:10:00+05:30,4022.9,4028.3,4022.55,4027.1,1938,
2024-01-03 10:11:00+05:30,4027.1,4030,4026.65,4026.65,753,
2024-01-03 10:12:00+05:30,4025,4027.7,4024.15,4027.1,1063,
2024-01-03 10:13:00+05:30,4027.1,4027.65,4025,4025,716,
2024-01-03 10:14:00+05:30,4025,4025.05,4023,4025,605,
2024-01-03 10:15:00+05:30,4025,4027,4023.5,4023.9,678,
2024-01-03 10:16:00+05:30,4023.9,4026.75,4023.9,4024.05,832,
2024-01-03 10:17:00+05:30,4024.05,4025,4023,4025,1106,
2024-01-03 10:18:00+05:30,4025,4027,4024.55,4025.8,1323,
2024-01-03 10:19:00+05:30,4025.35,4025.45,4023,4024.95,682,
2024-01-03 10:20:00+05:30,4024.95,4024.95,4017.3,4017.3,2225,
2024-01-03 10:21:00+05:30,4017.8,4020.6,4016.95,4020.55,806,
2024-01-03 10:22:00+05:30,4020.65,4021.4,4016,4017.65,993,
2024-01-03 10:23:00+05:30,4017.65,4021.95,4017.6,4020.1,552,
2024-01-03 10:24:00+05:30,4020.1,4023,4020,4020.05,461,
2024-01-03 10:25:00+05:30,4020.05,4023.95,4018.6,4019.2,808,
2024-01-03 10:26:00+05:30,4019.95,4021.85,4019.55,4020.65,300,
2024-01-03 10:27:00+05:30,4020.65,4025,4020.65,4022.95,781,
2024-01-03 10:28:00+05:30,4021.65,4023.35,4020.1,4021.6,97,
2024-01-03 10:29:00+05:30,4021.6,4022.9,4018.55,4018.55,1271,
2024-01-03 10:30:00+05:30,4018.55,4021.6,4018,4018.25,1448,
2024-01-03 10:31:00+05:30,4018.25,4019.7,4018.25,4019.4,247,
2024-01-03 10:32:00+05:30,4019.4,4019.4,4015.75,4017.1,2810,
2024-01-03 10:33:00+05:30,4016.8,4022.65,4016.8,4022.65,318,
2024-01-03 10:34:00+05:30,4022.85,4023.9,4019.05,4021.9,898,
2024-01-03 10:35:00+05:30,4021.9,4021.9,4018,4020,531,
2024-01-03 10:36:00+05:30,4020,4024,4019.55,4022.1,1124,
2024-01-03 10:37:00+05:30,4022.1,4023.25,4019.6,4021.5,344,
2024-01-03 10:38:00+05:30,4021.5,4021.6,4018.65,4018.65,559,
2024-01-03 10:39:00+05:30,4018.65,4019,4015.85,4018.55,498,
2024-01-03 10:40:00+05:30,4017.75,4020,4017.75,4019.8,932,
2024-01-03 10:41:00+05:30,4019.8,4021.85,4017.45,4019.25,1176,
2024-01-03 10:42:00+05:30,4019.25,4019.25,4015,4017.7,1660,
2024-01-03 10:43:00+05:30,4018.7,4020.5,4017.7,4020.5,712,
2024-01-03 10:44:00+05:30,4020.5,4024,4019.85,4022.6,648,
2024-01-03 10:45:00+05:30,4022.6,4024,4020,4022.5,345,
2024-01-03 10:46:00+05:30,4022.5,4023.55,4019,4023.55,539,
2024-01-03 10:47:00+05:30,4023.55,4025,4021.8,4024.75,1593,
2024-01-03 10:48:00+05:30,4024.75,4027.65,4023.1,4026.75,2178,
2024-01-03 10:49:00+05:30,4027.15,4028,4022.25,4023.7,299,
2024-01-03 10:50:00+05:30,4024.5,4027.5,4023.75,4024.9,653,
2024-01-03 10:51:00+05:30,4024.9,4026.95,4023.5,4023.5,195,
2024-01-03 10:52:00+05:30,4023.5,4025,4023.05,4025,606,
2024-01-03 10:53:00+05:30,4024.45,4025,4023.5,4024.8,311,
2024-01-03 10:54:00+05:30,4024.4,4024.8,4023.55,4024.5,109,
2024-01-03 10:55:00+05:30,4024.5,4025,4023.05,4023.05,375,
2024-01-03 10:56:00+05:30,4023.05,4023.05,4018.05,4021.2,285,
2024-01-03 10:57:00+05:30,4021.2,4022.5,4020.05,4020.05,193,
2024-01-03 10:58:00+05:30,4020,4020.85,4020,4020.1,118,
2024-01-03 10:59:00+05:30,4020.45,4023.15,4020.2,4021.65,587,
2024-01-03 11:00:00+05:30,4021.95,4022.8,4020.3,4020.35,494,
2024-01-03 11:01:00+05:30,4020.35,4021.6,4020,4020,114,
2024-01-03 11:02:00+05:30,4020,4021.8,4020,4021.4,298,
2024-01-03 11:03:00+05:30,4021.4,4023.8,4021.4,4023.35,565,
2024-01-03 11:04:00+05:30,4023.35,4025,4021.6,4021.95,283,
2024-01-03 11:05:00+05:30,4022.7,4023,4019.8,4019.8,325,
2024-01-03 11:06:00+05:30,4020.15,4021.7,4019.8,4020,448,
2024-01-03 11:07:00+05:30,4020,4020.1,4019.8,4020,196,
2024-01-03 11:08:00+05:30,4019.9,4020.1,4018.2,4020.1,2130,
2024-01-03 11:09:00+05:30,4020.1,4020.85,4020.05,4020.65,392,
2024-01-03 11:10:00+05:30,4020.65,4024.5,4020.65,4024.5,328,
2024-01-03 11:11:00+05:30,4023.05,4023.3,4021.25,4023,551,
2024-01-03 11:12:00+05:30,4023,4024,4023,4023,825,
2024-01-03 11:13:00+05:30,4023,4023.95,4023,4023.05,182,
2024-01-03 11:14:00+05:30,4023.25,4024,4021,4021,6095,
2024-01-03 11:15:00+05:30,4021,4025,4021,4024.6,933,
2024-01-03 11:16:00+05:30,4024.4,4025,4024.4,4025,731,
2024-01-03 11:17:00+05:30,4024.75,4025,4024.4,4025,294,
2024-01-03 11:18:00+05:30,4025,4025,4024.85,4025,147,
2024-01-03 11:19:00+05:30,4025,4028,4023.8,4027.4,2489,
2024-01-03 11:20:00+05:30,4027.4,4028,4025,4025,1078,
2024-01-03 11:21:00+05:30,4025,4027.45,4024.5,4025,653,
2024-01-03 11:22:00+05:30,4024.85,4025.2,4023.8,4025.2,138,
2024-01-03 11:23:00+05:30,4025.2,4025.5,4023.05,4024.85,449,
2024-01-03 11:24:00+05:30,4024.85,4024.9,4022.1,4023.15,266,
2024-01-03 11:25:00+05:30,4023.15,4023.15,4021,4021.1,119,
2024-01-03 11:26:00+05:30,4021.1,4022,4020.05,4022,381,
2024-01-03 11:27:00+05:30,4022,4023,4021.35,4022,82,
2024-01-03 11:28:00+05:30,4022,4022.1,4020.5,4020.5,526,
2024-01-03 11:29:00+05:30,4020.9,4021.3,4020,4020,431,
2024-01-03 11:30:00+05:30,4020,4020,4019,4019.4,229,
2024-01-03 11:31:00+05:30,4019.45,4021.45,4019.25,4020.35,335,
2024-01-03 11:32:00+05:30,4020.35,4025,4019.9,4024.1,3082,
2024-01-03 11:33:00+05:30,4024.1,4025,4024,4025,445,
2024-01-03 11:34:00+05:30,4025,4025,4021.05,4021.1,1206,
2024-01-03 11:35:00+05:30,4021.1,4022.95,4021.1,4022.45,471,
2024-01-03 11:36:00+05:30,4022.45,4023.3,4022.45,4023.3,50,
2024-01-03 11:37:00+05:30,4023.3,4023.85,4022.5,4023,676,
2024-01-03 11:38:00+05:30,4023,4023.85,4023,4023.3,93,
2024-01-03 11:39:00+05:30,4023.3,4023.7,4022.55,4023.5,404,
2024-01-03 11:40:00+05:30,4023.5,4025,4023.3,4025,921,
2024-01-03 11:41:00+05:30,4025,4025,4024.2,4024.6,620,
2024-01-03 11:42:00+05:30,4024.6,4025.5,4024.6,4025.45,1113,
2024-01-03 11:43:00+05:30,4025.45,4031.65,4025.4,4029.35,2044,
2024-01-03 11:44:00+05:30,4029.35,4030.45,4026.25,4028.4,1183,
2024-01-03 11:45:00+05:30,4028.4,4028.4,4026,4026,443,
2024-01-03 11:46:00+05:30,4026,4026.55,4025,4025.5,392,
2024-01-03 11:47:00+05:30,4025.5,4027.5,4025,4027.25,284,
2024-01-03 11:48:00+05:30,4027.25,4027.8,4025.95,4027.8,463,
2024-01-03 11:49:00+05:30,4027.8,4031.65,4027,4030.7,689,
2024-01-03 11:50:00+05:30,4030.7,4040,4030.7,4037.4,3156,
2024-01-03 11:51:00+05:30,4038.55,4040.35,4034.05,4036,2163,
2024-01-03 11:52:00+05:30,4036,4036,4033,4033.45,1098,
2024-01-03 11:53:00+05:30,4033,4035,4032.55,4034.6,327,
2024-01-03 11:54:00+05:30,4034.6,4035.1,4033,4033.85,723,
2024-01-03 11:55:00+05:30,4033.85,4036,4033,4035.85,369,
2024-01-03 11:56:00+05:30,4035.95,4039.25,4035.85,4038.75,5891,
2024-01-03 11:57:00+05:30,4038.75,4038.85,4034.15,4035.4,696,
2024-01-03 11:58:00+05:30,4035.35,4037,4033.35,4037,442,
2024-01-03 11:59:00+05:30,4037,4039.5,4035.3,4037.4,867,
2024-01-03 12:00:00+05:30,4037.4,4038.9,4035.2,4037.95,794,
2024-01-03 12:01:00+05:30,4037.95,4041,4037.45,4040.35,1740,
2024-01-03 12:02:00+05:30,4041.5,4046,4040.7,4044,3983,
2024-01-03 12:03:00+05:30,4044,4044.65,4040.15,4041.45,1680,
2024-01-03 12:04:00+05:30,4041.45,4044.65,4041.1,4043,641,
2024-01-03 12:05:00+05:30,4043,4043,4041.1,4042.7,393,
2024-01-03 12:06:00+05:30,4042.65,4043,4041.75,4042.85,416,
2024-01-03 12:07:00+05:30,4042.85,4044.6,4040,4043.9,1537,
2024-01-03 12:08:00+05:30,4042.55,4045,4042.35,4045,364,
2024-01-03 12:09:00+05:30,4046,4047.9,4044.9,4045.4,758,
2024-01-03 12:10:00+05:30,4045.5,4045.75,4042.6,4043.75,582,
2024-01-03 12:11:00+05:30,4043.7,4054.6,4043.65,4051,5629,
2024-01-03 12:12:00+05:30,4051,4052.85,4047.15,4048.45,2856,
2024-01-03 12:13:00+05:30,4049.4,4049.55,4048,4048.2,772,
2024-01-03 12:14:00+05:30,4048.2,4050,4045,4050,2136,
2024-01-03 12:15:00+05:30,4050,4050,4047.95,4049.2,763,
2024-01-03 12:16:00+05:30,4049.2,4049.2,4045,4046.75,609,
2024-01-03 12:17:00+05:30,4046.45,4048,4045.05,4047.05,862,
2024-01-03 12:18:00+05:30,4047.05,4049.2,4046.5,4047.45,450,
2024-01-03 12:19:00+05:30,4047.45,4047.5,4042.05,4043.05,1138,
2024-01-03 12:20:00+05:30,4043.05,4044.1,4040.5,4040.5,696,
2024-01-03 12:21:00+05:30,4040.5,4041,4038.95,4040.9,843,
2024-01-03 12:22:00+05:30,4041,4041.45,4035,4037,2205,
2024-01-03 12:23:00+05:30,4037,4039.9,4036,4038.55,387,
2024-01-03 12:24:00+05:30,4038.55,4038.55,4032.9,4033.5,2098,
2024-01-03 12:25:00+05:30,4032.9,4034,4030.6,4033.7,1354,
2024-01-03 12:26:00+05:30,4034,4035.25,4032,4032.6,425,
2024-01-03 12:27:00+05:30,4032.6,4033.8,4030,4031.8,2932,
2024-01-03 12:28:00+05:30,4031.8,4032.3,4027,4029.35,1163,
2024-01-03 12:29:00+05:30,4029.35,4030,4027,4028.55,1282,
2024-01-03 12:30:00+05:30,4028.65,4030,4027.1,4030,578,
2024-01-03 12:31:00+05:30,4029.65,4030,4028,4029.7,651,
2024-01-03 12:32:00+05:30,4029.95,4030,4027.4,4029.25,1122,
2024-01-03 12:33:00+05:30,4029.25,4030,4027.35,4030,933,
2024-01-03 12:34:00+05:30,4028.6,4030,4023.9,4025.7,2070,
2024-01-03 12:35:00+05:30,4025.65,4028.2,4025.6,4027.45,650,
2024-01-03 12:36:00+05:30,4027.45,4029.85,4025,4029,1930,
2024-01-03 12:37:00+05:30,4029.85,4030,4028.05,4029.95,709,
2024-01-03 12:38:00+05:30,4029.95,4030,4028.8,4029.8,1482,
2024-01-03 12:39:00+05:30,4029.8,4030,4029.25,4029.85,1715,
2024-01-03 12:40:00+05:30,4029.85,4032.15,4029.25,4032.05,1725,
2024-01-03 12:41:00+05:30,4032.05,4032.05,4030.5,4030.5,320,
2024-01-03 12:42:00+05:30,4030.5,4030.75,4030,4030.05,123,
2024-01-03 12:43:00+05:30,4030.1,4033,4030.05,4030.8,496,
2024-01-03 12:44:00+05:30,4030.8,4033.5,4030,4032.8,1219,
2024-01-03 12:45:00+05:30,4032.8,4033.05,4030.5,4031.05,245,
2024-01-03 12:46:00+05:30,4031.3,4033,4030.4,4031.25,139,
2024-01-03 12:47:00+05:30,4031.25,4032.2,4030.05,4031.9,392,
2024-01-03 12:48:00+05:30,4031.9,4032,4030.1,4031.4,304,
2024-01-03 12:49:00+05:30,4030.8,4031.1,4029.25,4030.15,374,
2024-01-03 12:50:00+05:30,4030.15,4032,4029.35,4031.45,1568,
2024-01-03 12:51:00+05:30,4031.45,4035.7,4031,4035.45,1099,
2024-01-03 12:52:00+05:30,4035.45,4036.55,4033.5,4035.15,2103,
2024-01-03 12:53:00+05:30,4035.15,4036.15,4033.75,4036.15,1689,
2024-01-03 12:54:00+05:30,4036.15,4036.15,4030.5,4030.6,886,
2024-01-03 12:55:00+05:30,4030.6,4034.3,4030,4032,237,
2024-01-03 12:56:00+05:30,4032,4033.8,4031.3,4032.05,117,
2024-01-03 12:57:00+05:30,4032.05,4033.8,4032,4032.4,159,
2024-01-03 12:58:00+05:30,4032.4,4032.4,4028,4029.05,5234,
2024-01-03 12:59:00+05:30,4029.05,4030.7,4028,4028.45,288,
2024-01-03 13:00:00+05:30,4028.45,4029.9,4026.05,4028.5,918,
2024-01-03 13:01:00+05:30,4028.5,4030,4027.1,4029.2,997,
2024-01-03 13:02:00+05:30,4029.2,4030.55,4027.1,4028.8,244,
2024-01-03 13:03:00+05:30,4028.8,4028.8,4027,4028,164,
2024-01-03 13:04:00+05:30,4028,4029.1,4027,4027.6,249,
2024-01-03 13:05:00+05:30,4027.35,4028.8,4026.45,4026.9,584,
2024-01-03 13:06:00+05:30,4027.15,4027.9,4026.9,4027.45,77,
2024-01-03 13:07:00+05:30,4027.5,4027.9,4027,4027.05,100,
2024-01-03 13:08:00+05:30,4027.05,4027.6,4026,4026.35,850,
2024-01-03 13:09:00+05:30,4026,4026.35,4024,4024,1020,
2024-01-03 13:10:00+05:30,4023.75,4024,4021.5,4022.65,2963,
2024-01-03 13:11:00+05:30,4023.5,4023.9,4021.6,4023.05,2421,
2024-01-03 13:12:00+05:30,4023.7,4025.6,4022.2,4023.05,1070,
2024-01-03 13:13:00+05:30,4025,4025.15,4023.1,4023.3,73,
2024-01-03 13:14:00+05:30,4023.4,4027.25,4023.1,4025,424,
2024-01-03 13:15:00+05:30,4025,4025,4023.15,4025,337,
2024-01-03 13:16:00+05:30,4025,4025.85,4023.45,4025,94,
2024-01-03 13:17:00+05:30,4024.3,4025.6,4023.45,4025.4,172,
2024-01-03 13:18:00+05:30,4025.4,4026.35,4023.45,4024.9,402,
2024-01-03 13:19:00+05:30,4024.9,4025.95,4023.8,4025,235,
2024-01-03 13:20:00+05:30,4024.55,4030.7,4024.55,4028.4,809,
2024-01-03 13:21:00+05:30,4028.4,4029.4,4026.85,4028.55,173,
2024-01-03 13:22:00+05:30,4028.55,4028.85,4025.05,4025.65,690,
2024-01-03 13:23:00+05:30,4026,4027.85,4025,4025,399,
2024-01-03 13:24:00+05:30,4025,4025.45,4022.2,4023.55,599,
2024-01-03 13:25:00+05:30,4023.55,4024.85,4022,4024,721,
2024-01-03 13:26:00+05:30,4023.55,4023.95,4022,4023,123,
2024-01-03 13:27:00+05:30,4023,4023.95,4022.5,4022.6,81,
2024-01-03 13:28:00+05:30,4023.9,4023.9,4022.5,4022.55,489,
2024-01-03 13:29:00+05:30,4022.55,4023.55,4022.05,4022.1,104,
2024-01-03 13:30:00+05:30,4022.1,4024.65,4022.05,4023.95,445,
2024-01-03 13:31:00+05:30,4023.95,4025.4,4023.65,4024.5,98,
2024-01-03 13:32:00+05:30,4024.5,4025,4023.65,4025,429,
2024-01-03 13:33:00+05:30,4025,4027.3,4021.15,4021.4,892,
2024-01-03 13:34:00+05:30,4021.4,4024.8,4020,4023.9,1425,
2024-01-03 13:35:00+05:30,4023.9,4026.5,4023.55,4026.5,321,
2024-01-03 13:36:00+05:30,4027.05,4027.05,4025.55,4026.45,557,
2024-01-03 13:37:00+05:30,4026.4,4029.55,4025,4029.55,709,
2024-01-03 13:38:00+05:30,4029.55,4033.4,4027.65,4031,633,
2024-01-03 13:39:00+05:30,4031,4034.85,4030.5,4034.85,552,
2024-01-03 13:40:00+05:30,4034.85,4037.5,4034.05,4036,1789,
2024-01-03 13:41:00+05:30,4036,4037.15,4032.4,4034.4,853,
2024-01-03 13:42:00+05:30,4034.4,4037.9,4033.4,4033.45,1007,
2024-01-03 13:43:00+05:30,4033.45,4034.6,4032.6,4032.65,253,
2024-01-03 13:44:00+05:30,4032.65,4032.95,4028,4028.4,592,
2024-01-03 13:45:00+05:30,4028.4,4031.75,4028.05,4029.5,1011,
2024-01-03 13:46:00+05:30,4029.5,4034,4029.5,4030.7,1052,
2024-01-03 13:47:00+05:30,4030.9,4034,4030.65,4031.4,549,
2024-01-03 13:48:00+05:30,4031.4,4034.4,4031.4,4034.2,336,
2024-01-03 13:49:00+05:30,4034.2,4036,4031.05,4033.5,870,
2024-01-03 13:50:00+05:30,4033.4,4037.4,4031.45,4033.2,1679,
2024-01-03 13:51:00+05:30,4033.2,4038.75,4033.2,4037.25,538,
2024-01-03 13:52:00+05:30,4037.5,4043,4036.9,4041.5,1140,
2024-01-03 13:53:00+05:30,4042.15,4042.9,4038,4038.5,1061,
2024-01-03 13:54:00+05:30,4038.2,4042,4038.1,4041.4,580,
2024-01-03 13:55:00+05:30,4041.4,4043,4038,4038.65,3207,
2024-01-03 13:56:00+05:30,4038.3,4040,4037.05,4037.05,1141,
2024-01-03 13:57:00+05:30,4036.3,4036.3,4032.6,4034.05,970,
2024-01-03 13:58:00+05:30,4034.05,4038.6,4034.05,4036.4,950,
2024-01-03 13:59:00+05:30,4036.4,4039,4035.95,4039,185,
2024-01-03 14:00:00+05:30,4039,4041.45,4038.2,4041.3,540,
2024-01-03 14:01:00+05:30,4041.4,4041.55,4040,4041,990,
2024-01-03 14:02:00+05:30,4041.1,4046.35,4040.15,4046.35,1762,
2024-01-03 14:03:00+05:30,4045.65,4049.9,4044.45,4049.75,4235,
2024-01-03 14:04:00+05:30,4049.9,4050.5,4046.85,4050,5846,
2024-01-03 14:05:00+05:30,4050.05,4052.45,4050,4050.6,2195,
2024-01-03 14:06:00+05:30,4050.6,4051,4048.35,4050,2160,
2024-01-03 14:07:00+05:30,4050.9,4051.1,4050,4050.35,943,
2024-01-03 14:08:00+05:30,4050.35,4051,4050,4050.05,579,
2024-01-03 14:09:00+05:30,4050.05,4051.65,4049.5,4050.05,826,
2024-01-03 14:10:00+05:30,4050.35,4051,4049.55,4050,2070,
2024-01-03 14:11:00+05:30,4050.55,4050.65,4050,4050.05,2208,
2024-01-03 14:12:00+05:30,4050,4051,4050,4050.15,942,
2024-01-03 14:13:00+05:30,4050.2,4050.5,4050,4050,1187,
2024-01-03 14:14:00+05:30,4050,4051.9,4050,4051.1,1224,
2024-01-03 14:15:00+05:30,4050.25,4051.2,4050,4050.05,381,
2024-01-03 14:16:00+05:30,4050.55,4052.1,4048.4,4048.4,1812,
2024-01-03 14:17:00+05:30,4048.9,4050.35,4044.4,4044.4,825,
2024-01-03 14:18:00+05:30,4043.7,4047,4043.3,4044.9,793,
2024-01-03 14:19:00+05:30,4044.9,4045.6,4040.15,4044.9,840,
2024-01-03 14:20:00+05:30,4044.9,4045.4,4039.45,4040.6,2022,
2024-01-03 14:21:00+05:30,4042.5,4045.9,4039.15,4045.55,317,
2024-01-03 14:22:00+05:30,4043.35,4043.75,4039,4039.05,306,
2024-01-03 14:23:00+05:30,4040,4042.95,4039,4041.5,454,
2024-01-03 14:24:00+05:30,4041.5,4041.9,4041,4041.05,437,
2024-01-03 14:25:00+05:30,4041.05,4042,4039.45,4041.2,1055,
2024-01-03 14:26:00+05:30,4041.2,4042,4040.05,4040.15,182,
2024-01-03 14:27:00+05:30,4040.15,4040.8,4035.2,4035.2,365,
2024-01-03 14:28:00+05:30,4035.2,4039.85,4035.15,4038.35,488,
2024-01-03 14:29:00+05:30,4038.35,4039,4035.05,4035.9,212,
2024-01-03 14:30:00+05:30,4035.9,4038.95,4035.9,4036.6,237,
2024-01-03 14:31:00+05:30,4036.6,4036.75,4035.85,4035.9,406,
2024-01-03 14:32:00+05:30,4035.95,4035.95,4035.05,4035.25,353,
2024-01-03 14:33:00+05:30,4035.25,4039.55,4035.05,4039,1583,
2024-01-03 14:34:00+05:30,4036.65,4038.95,4035.2,4035.95,672,
2024-01-03 14:35:00+05:30,4035.95,4036.15,4035,4035,123,
2024-01-03 14:36:00+05:30,4035,4036.5,4033.05,4034,907,
2024-01-03 14:37:00+05:30,4034,4034.95,4033.05,4033.95,473,
2024-01-03 14:38:00+05:30,4033.95,4035.2,4033.05,4035.05,519,
2024-01-03 14:39:00+05:30,4035.05,4038.55,4035,4038,555,
2024-01-03 14:40:00+05:30,4036.05,4038.2,4036.05,4036.55,577,
2024-01-03 14:41:00+05:30,4036.55,4039.55,4036.55,4038.05,726,
2024-01-03 14:42:00+05:30,4038.05,4040,4038.05,4040,493,
2024-01-03 14:43:00+05:30,4040,4040,4038.3,4038.95,613,
2024-01-03 14:44:00+05:30,4038.95,4040,4038,4038,302,
2024-01-03 14:45:00+05:30,4038.5,4039.95,4034.05,4036.05,738,
2024-01-03 14:46:00+05:30,4036.1,4036.4,4036.05,4036.15,157,
2024-01-03 14:47:00+05:30,4036.05,4037.75,4033.2,4037.05,2412,
2024-01-03 14:48:00+05:30,4037.15,4038.65,4037.05,4038.1,1115,
2024-01-03 14:49:00+05:30,4038.3,4040.4,4036.9,4039.25,1263,
2024-01-03 14:50:00+05:30,4039.25,4043.25,4038.3,4039.35,716,
2024-01-03 14:51:00+05:30,4039.35,4041.05,4033.15,4033.35,1645,
2024-01-03 14:52:00+05:30,4033.35,4035,4033.25,4033.45,350,
2024-01-03 14:53:00+05:30,4034.2,4037.05,4033.5,4035.9,200,
2024-01-03 14:54:00+05:30,4035.9,4037.75,4035.05,4036.65,217,
2024-01-03 14:55:00+05:30,4036.65,4037.55,4035.95,4036,360,
2024-01-03 14:56:00+05:30,4035.6,4039.95,4035.15,4035.35,4848,
2024-01-03 14:57:00+05:30,4035.35,4040,4035.35,4038.5,1132,
2024-01-03 14:58:00+05:30,4038.5,4038.5,4034.05,4036.2,1452,
2024-01-03 14:59:00+05:30,4036.2,4038.2,4035.35,4037.65,273,
2024-01-03 15:00:00+05:30,4037.65,4037.65,4034.1,4036.2,1484,
2024-01-03 15:01:00+05:30,4036.4,4036.55,4034.5,4034.65,613,
2024-01-03 15:02:00+05:30,4034.65,4038.8,4034.65,4038.15,1125,
2024-01-03 15:03:00+05:30,4037.55,4037.55,4035.05,4035.25,1519,
2024-01-03 15:04:00+05:30,4035.25,4037.8,4034.8,4037.8,1018,
2024-01-03 15:05:00+05:30,4037.9,4037.95,4035.1,4035.25,553,
2024-01-03 15:06:00+05:30,4035.3,4037,4034.5,4035.9,1808,
2024-01-03 15:07:00+05:30,4036,4036,4031.05,4031.7,1021,
2024-01-03 15:08:00+05:30,4031.7,4032.05,4028,4028.9,2401,
2024-01-03 15:09:00+05:30,4028.9,4030,4028,4028.3,936,
2024-01-03 15:10:00+05:30,4028.3,4030,4028,4028.9,1191,
2024-01-03 15:11:00+05:30,4028.9,4029.3,4026.75,4027.9,1154,
2024-01-03 15:12:00+05:30,4027.95,4028,4025.75,4027.75,1764,
2024-01-03 15:13:00+05:30,4027.75,4028,4026.25,4027.1,2075,
2024-01-03 15:14:00+05:30,4027.1,4029,4026.35,4029,1538,
2024-01-03 15:15:00+05:30,4029,4030.45,4025,4029.7,2554,
2024-01-03 15:16:00+05:30,4029.7,4030.9,4026.15,4027.05,1106,
2024-01-03 15:17:00+05:30,4027.05,4027.1,4023.9,4023.95,1324,
2024-01-03 15:18:00+05:30,4023.95,4027.85,4022.9,4022.95,3191,
2024-01-03 15:19:00+05:30,4022.95,4026.35,4022.95,4024.4,1554,
2024-01-03 15:20:00+05:30,4026.05,4034.95,4025.7,4028.7,3951,
2024-01-03 15:21:00+05:30,4028.7,4034.6,4028.7,4030.3,819,
2024-01-03 15:22:00+05:30,4030.45,4034.5,4029.35,4032.2,2613,
2024-01-03 15:23:00+05:30,4031.75,4035.35,4029.05,4029.1,1191,
2024-01-03 15:24:00+05:30,4029.1,4033.5,4029.1,4031.05,1347,
2024-01-03 15:25:00+05:30,4032.25,4035.85,4032.25,4033.85,2223,
2024-01-03 15:26:00+05:30,4033.85,4037.05,4033.1,4034.4,1489,
2024-01-03 15:27:00+05:30,4034.9,4038,4031,4031,881,
2024-01-03 15:28:00+05:30,4031,4035.4,4029.1,4029.25,2448,
2024-01-03 15:29:00+05:30,4029.25,4029.25,4021,4021,615,
2024-01-04 09:15:00+05:30,4050,4051.25,4035,4040.85,5203,
2024-01-04 09:16:00+05:30,4042.3,4047.75,4038.85,4045.5,2042,
2024-01-04 09:17:00+05:30,4044.4,4047.05,4040.65,4040.95,1780,
2024-01-04 09:18:00+05:30,4040.95,4042.65,4037.4,4038.55,2522,
2024-01-04 09:19:00+05:30,4040.1,4040.8,4035,4037.05,1120,
2024-01-04 09:20:00+05:30,4037.05,4040,4035,4036,737,
2024-01-04 09:21:00+05:30,4036.4,4037.7,4031.7,4031.7,1535,
2024-01-04 09:22:00+05:30,4031.7,4035,4031,4034.55,1228,
2024-01-04 09:23:00+05:30,4034.55,4034.6,4028,4028,5937,
2024-01-04 09:24:00+05:30,4028,4031.9,4022.15,4023.1,3208,
2024-01-04 09:25:00+05:30,4023.1,4025.95,4021,4024.95,2076,
2024-01-04 09:26:00+05:30,4025.3,4027.4,4021.8,4024.05,1204,
2024-01-04 09:27:00+05:30,4022.3,4026,4016,4018.95,3857,
2024-01-04 09:28:00+05:30,4018.95,4020.7,4018,4018.05,776,
2024-01-04 09:29:00+05:30,4018.05,4024.2,4018.05,4019.15,1728,
2024-01-04 09:30:00+05:30,4019.15,4021.85,4017.1,4017.1,1170,
2024-01-04 09:31:00+05:30,4017,4018.95,4015,4016.95,1341,
2024-01-04 09:32:00+05:30,4016.95,4019.15,4015.8,4016.5,1451,
2024-01-04 09:33:00+05:30,4016.55,4017.85,4006.5,4007.3,2246,
2024-01-04 09:34:00+05:30,4007.3,4011.35,4007,4009.25,1268,
2024-01-04 09:35:00+05:30,4009.25,4012.15,4006.9,4008.6,961,
2024-01-04 09:36:00+05:30,4008.6,4013.55,4007,4012,784,
2024-01-04 09:37:00+05:30,4013.55,4021.6,4011.35,4020.75,2705,
2024-01-04 09:38:00+05:30,4020.75,4024.8,4020.55,4024.8,420,
2024-01-04 09:39:00+05:30,4024.8,4025,4024,4025,548,
2024-01-04 09:40:00+05:30,4025,4025,4017.15,4018.45,756,
2024-01-04 09:41:00+05:30,4018.45,4018.55,4012.35,4014.85,2223,
2024-01-04 09:42:00+05:30,4014.55,4015.55,4010.05,4013.1,810,
2024-01-04 09:43:00+05:30,4013.6,4015,4010.05,4013.8,692,
2024-01-04 09:44:00+05:30,4013.8,4013.9,4009.35,4012,1339,
2024-01-04 09:45:00+05:30,4009.25,4013.6,4009.25,4011.35,684,
2024-01-04 09:46:00+05:30,4013,4013,4005.25,4006.4,2011,
2024-01-04 09:47:00+05:30,4005.75,4008.6,4005.1,4007,1655,
2024-01-04 09:48:00+05:30,4007,4007.4,4000.1,4002,2052,
2024-01-04 09:49:00+05:30,4002,4002,3994.75,3996.5,3710,
2024-01-04 09:50:00+05:30,3998.95,4001.65,3996,3999.1,1087,
2024-01-04 09:51:00+05:30,3999.1,4000,3995.5,3997.25,1005,
2024-01-04 09:52:00+05:30,3995,3997.95,3985.4,3988.5,2582,
2024-01-04 09:53:00+05:30,3986.5,3991.3,3985.05,3989.3,3385,
2024-01-04 09:54:00+05:30,3989.4,3989.4,3973.2,3984.95,7925,
2024-01-04 09:55:00+05:30,3984.95,3989.35,3984.05,3985.95,1322,
2024-01-04 09:56:00+05:30,3985,3992.75,3983.4,3990.85,1567,
2024-01-04 09:57:00+05:30,3990.85,3994.55,3990.75,3992.05,536,
2024-01-04 09:58:00+05:30,3992.05,3993.65,3989.8,3990.75,492,
2024-01-04 09:59:00+05:30,3990.75,3993,3987.05,3989.3,936,
2024-01-04 10:00:00+05:30,3990,3992,3987.4,3987.8,437,
2024-01-04 10:01:00+05:30,3988.95,3989.2,3980,3981.1,2203,
2024-01-04 10:02:00+05:30,3981.1,3989.9,3980.4,3987.05,1241,
2024-01-04 10:03:00+05:30,3987.05,3987.7,3985.65,3986.3,426,
2024-01-04 10:04:00+05:30,3986.3,3992,3985,3990.85,1039,
2024-01-04 10:05:00+05:30,3993,3998.05,3991.85,3996.85,809,
2024-01-04 10:06:00+05:30,3996.85,4000,3996.15,4000,601,
2024-01-04 10:07:00+05:30,4000,4005,3998.45,4003,1855,
2024-01-04 10:08:00+05:30,4003,4008.7,4003,4008.7,1312,
2024-01-04 10:09:00+05:30,4008.8,4008.8,4004.05,4007.25,919,
2024-01-04 10:10:00+05:30,4007.25,4009.8,4003.9,4003.9,2244,
2024-01-04 10:11:00+05:30,4003.9,4009.65,4003.9,4006.3,1278,
2024-01-04 10:12:00+05:30,4006.35,4007,4005.1,4005.15,314,
2024-01-04 10:13:00+05:30,4005.1,4008,4005,4006,418,
2024-01-04 10:14:00+05:30,4006,4009.8,4006,4009.7,188,
2024-01-04 10:15:00+05:30,4009.7,4018.65,4009.7,4016,2166,
2024-01-04 10:16:00+05:30,4016,4018.75,4014.5,4017.05,925,
2024-01-04 10:17:00+05:30,4017.05,4020,4017.05,4019.35,761,
2024-01-04 10:18:00+05:30,4019.35,4024.5,4019.35,4021.8,600,
2024-01-04 10:19:00+05:30,4021.55,4023.15,4020,4020,1038,
2024-01-04 10:20:00+05:30,4020,4020.65,4018.7,4020.5,264,
2024-01-04 10:21:00+05:30,4020.5,4020.5,4018.65,4019,133,
2024-01-04 10:22:00+05:30,4019,4020,4018,4020,165,
2024-01-04 10:23:00+05:30,4020,4020,4018.85,4019.5,274,
2024-01-04 10:24:00+05:30,4019.5,4019.5,4014.9,4014.9,1368,
2024-01-04 10:25:00+05:30,4014.9,4018.4,4014.9,4017.25,709,
2024-01-04 10:26:00+05:30,4017.25,4020,4012.05,4012.55,1443,
2024-01-04 10:27:00+05:30,4012.05,4014.5,4012.05,4014.5,210,
2024-01-04 10:28:00+05:30,4014.5,4014.55,4010.7,4013.5,254,
2024-01-04 10:29:00+05:30,4013.5,4019.5,4013.5,4016.45,710,
2024-01-04 10:30:00+05:30,4017.35,4019.9,4016.3,4019.9,212,
2024-01-04 10:31:00+05:30,4019.9,4023,4017.6,4023,808,
2024-01-04 10:32:00+05:30,4023,4024.95,4021.95,4022.85,1046,
2024-01-04 10:33:00+05:30,4022.85,4023.8,4020.95,4021.8,264,
2024-01-04 10:34:00+05:30,4021.25,4024,4020.15,4021.4,483,
2024-01-04 10:35:00+05:30,4021.4,4027.5,4020.1,4027.5,2014,
2024-01-04 10:36:00+05:30,4027.2,4028,4025,4025,769,
2024-01-04 10:37:00+05:30,4025,4027.8,4023.1,4027.75,603,
2024-01-04 10:38:00+05:30,4027.75,4029.1,4025.4,4029.1,829,
2024-01-04 10:39:00+05:30,4029.1,4030,4027.55,4030,856,
2024-01-04 10:40:00+05:30,4030,4030,4026.5,4028.9,748,
2024-01-04 10:41:00+05:30,4028.9,4028.9,4025.8,4027.75,699,
2024-01-04 10:42:00+05:30,4027.75,4027.75,4025.15,4027.45,180,
2024-01-04 10:43:00+05:30,4027.45,4027.45,4025.1,4025.1,195,
2024-01-04 10:44:00+05:30,4025.1,4027,4024,4024,487,
2024-01-04 10:45:00+05:30,4024,4025,4022,4024.35,526,
2024-01-04 10:46:00+05:30,4022.6,4025,4021.75,4023.5,143,
2024-01-04 10:47:00+05:30,4023.5,4024.1,4022.95,4024,246,
2024-01-04 10:48:00+05:30,4024,4027.45,4024,4025.05,397,
2024-01-04 10:49:00+05:30,4026.85,4027,4025,4025,297,
2024-01-04 10:50:00+05:30,4025,4027,4023.1,4026,655,
2024-01-04 10:51:00+05:30,4026,4026,4025,4026,122,
2024-01-04 10:52:00+05:30,4026,4027.6,4024.55,4027.5,1020,
2024-01-04 10:53:00+05:30,4027.5,4027.5,4022.4,4024.9,354,
2024-01-04 10:54:00+05:30,4024.9,4029.15,4022.6,4027.75,898,
2024-01-04 10:55:00+05:30,4027.8,4029.95,4027.25,4029.35,834,
2024-01-04 10:56:00+05:30,4029.35,4032.7,4028.55,4032.7,5923,
2024-01-04 10:57:00+05:30,4032.7,4036.95,4032.7,4036.95,1576,
2024-01-04 10:58:00+05:30,4036.95,4040,4036.95,4040,1425,
2024-01-04 10:59:00+05:30,4040,4042.55,4039,4039.1,2780,
2024-01-04 11:00:00+05:30,4039.1,4040,4038,4038.55,1009,
2024-01-04 11:01:00+05:30,4038.55,4040,4038.25,4039.9,421,
2024-01-04 11:02:00+05:30,4039.9,4040,4038.35,4039.5,337,
2024-01-04 11:03:00+05:30,4038.3,4039.5,4031.05,4033.45,757,
2024-01-04 11:04:00+05:30,4033.45,4035,4031.85,4035,2084,
2024-01-04 11:05:00+05:30,4035,4035.5,4028.1,4030.45,1192,
2024-01-04 11:06:00+05:30,4030.45,4035,4028.7,4035,930,
2024-01-04 11:07:00+05:30,4032.75,4037.45,4031.9,4031.9,994,
2024-01-04 11:08:00+05:30,4031.9,4034.4,4028.6,4030.65,770,
2024-01-04 11:09:00+05:30,4031,4031.3,4027.05,4030,902,
2024-01-04 11:10:00+05:30,4030,4030.8,4028.5,4030.15,599,
2024-01-04 11:11:00+05:30,4030.45,4031.45,4029,4029.2,621,
2024-01-04 11:12:00+05:30,4030.85,4033.15,4028.95,4029.85,1137,
2024-01-04 11:13:00+05:30,4029.45,4031.5,4028.1,4030.8,793,
2024-01-04 11:14:00+05:30,4029.05,4030.95,4029.05,4030.8,423,
2024-01-04 11:15:00+05:30,4030.4,4031.15,4028.8,4029.25,487,
2024-01-04 11:16:00+05:30,4029.25,4030.6,4025,4029.05,2085,
2024-01-04 11:17:00+05:30,4030.8,4030.95,4027.55,4030,504,
2024-01-04 11:18:00+05:30,4029.6,4030.95,4027.95,4030.95,1539,
2024-01-04 11:19:00+05:30,4030.95,4030.95,4027.85,4028.5,899,
2024-01-04 11:20:00+05:30,4028.5,4032,4028.5,4031.95,897,
2024-01-04 11:21:00+05:30,4031.55,4031.7,4028.2,4028.8,1337,
2024-01-04 11:22:00+05:30,4028.8,4032.2,4028.8,4031.95,1471,
2024-01-04 11:23:00+05:30,4029.35,4031.95,4028.55,4029.05,904,
2024-01-04 11:24:00+05:30,4030.95,4031.5,4029.05,4030.15,531,
2024-01-04 11:25:00+05:30,4030.15,4031.5,4028.55,4031.1,930,
2024-01-04 11:26:00+05:30,4031,4031.25,4025.55,4030.6,5181,
2024-01-04 11:27:00+05:30,4030.15,4031.65,4028.45,4031.6,736,
2024-01-04 11:28:00+05:30,4031.1,4031.15,4028.85,4030.95,826,
2024-01-04 11:29:00+05:30,4030.95,4031.1,4028.45,4030,780,
2024-01-04 11:30:00+05:30,4028.85,4031.15,4028.85,4030.1,626,
2024-01-04 11:31:00+05:30,4030.1,4031.5,4028.3,4030,674,
2024-01-04 11:32:00+05:30,4030,4031.5,4029,4029.75,360,
2024-01-04 11:33:00+05:30,4029.75,4033,4029.1,4032.95,1107,
2024-01-04 11:34:00+05:30,4031.6,4034,4031.35,4032.2,292,
2024-01-04 11:35:00+05:30,4032.2,4034,4030.9,4030.9,191,
2024-01-04 11:36:00+05:30,4030.9,4031.5,4029.65,4031.05,390,
2024-01-04 11:37:00+05:30,4031.05,4031.05,4028.7,4029.7,221,
2024-01-04 11:38:00+05:30,4029.7,4031.05,4028.85,4031,481,
2024-01-04 11:39:00+05:30,4031,4033.8,4030,4032.5,605,
2024-01-04 11:40:00+05:30,4032,4035,4031.15,4035,337,
2024-01-04 11:41:00+05:30,4035,4035,4032.65,4032.9,340,
2024-01-04 11:42:00+05:30,4034.85,4035,4032.5,4034.25,260,
2024-01-04 11:43:00+05:30,4034.25,4037,4032.3,4037,947,
2024-01-04 11:44:00+05:30,4037,4037,4034.5,4034.5,766,
2024-01-04 11:45:00+05:30,4032.7,4033.8,4030.05,4031,169,
2024-01-04 11:46:00+05:30,4031,4035.2,4030.4,4033.55,1191,
2024-01-04 11:47:00+05:30,4033.55,4035.4,4031.45,4035,408,
2024-01-04 11:48:00+05:30,4035,4035.45,4031.2,4031.2,3067,
2024-01-04 11:49:00+05:30,4031.2,4036,4030.2,4035.45,1472,
2024-01-04 11:50:00+05:30,4035.45,4035.75,4032.5,4032.5,580,
2024-01-04 11:51:00+05:30,4031.65,4034.65,4031.4,4033.9,168,
2024-01-04 11:52:00+05:30,4033.9,4035,4031.55,4034.45,356,
2024-01-04 11:53:00+05:30,4034.45,4034.95,4032,4034.35,1067,
2024-01-04 11:54:00+05:30,4034.35,4034.35,4032,4032.3,220,
2024-01-04 11:55:00+05:30,4032.3,4034.2,4032,4033.2,338,
2024-01-04 11:56:00+05:30,4033.2,4034,4032,4034,333,
2024-01-04 11:57:00+05:30,4034,4034.05,4031.2,4031.25,226,
2024-01-04 11:58:00+05:30,4031.25,4033.1,4030.1,4030.2,496,
2024-01-04 11:59:00+05:30,4030.2,4032.25,4030,4031,171,
2024-01-04 12:00:00+05:30,4031,4032,4030,4030,277,
2024-01-04 12:01:00+05:30,4030,4032,4028.65,4030.85,375,
2024-01-04 12:02:00+05:30,4030.85,4030.85,4028.1,4030.2,283,
2024-01-04 12:03:00+05:30,4030.2,4031,4028.9,4029.1,658,
2024-01-04 12:04:00+05:30,4029.1,4030.95,4028.7,4030.3,626,
2024-01-04 12:05:00+05:30,4030.3,4034,4030.3,4030.9,1162,
2024-01-04 12:06:00+05:30,4032,4032.35,4030,4030.8,3107,
2024-01-04 12:07:00+05:30,4032,4032,4028.25,4030,525,
2024-01-04 12:08:00+05:30,4030,4030.5,4028.5,4029.05,462,
2024-01-04 12:09:00+05:30,4030.4,4030.95,4028,4030.3,897,
2024-01-04 12:10:00+05:30,4030.95,4030.95,4028.75,4029.9,456,
2024-01-04 12:11:00+05:30,4029.9,4030.3,4028.15,4030,707,
2024-01-04 12:12:00+05:30,4030,4030.3,4028.35,4029.7,731,
2024-01-04 12:13:00+05:30,4030.05,4030.8,4028.55,4029.85,338,
2024-01-04 12:14:00+05:30,4029.65,4030.4,4028.5,4029.45,413,
2024-01-04 12:15:00+05:30,4030.3,4030.7,4028.05,4030.7,595,
2024-01-04 12:16:00+05:30,4030.7,4031.85,4028.9,4030.4,636,
2024-01-04 12:17:00+05:30,4030.4,4031.9,4029.9,4030.2,548,
2024-01-04 12:18:00+05:30,4030.2,4031,4028.45,4028.55,562,
2024-01-04 12:19:00+05:30,4029.95,4030.8,4029.1,4030.15,382,
2024-01-04 12:20:00+05:30,4030.25,4032,4028.85,4030.3,768,
2024-01-04 12:21:00+05:30,4031.7,4032,4029.65,4030.4,2137,
2024-01-04 12:22:00+05:30,4030.4,4031.6,4028.35,4029.85,847,
2024-01-04 12:23:00+05:30,4030.3,4031.7,4028.4,4030.05,1081,
2024-01-04 12:24:00+05:30,4030.35,4030.95,4028.5,4030.1,283,
2024-01-04 12:25:00+05:30,4030.5,4030.9,4028.2,4030,306,
2024-01-04 12:26:00+05:30,4030.5,4031.4,4028.25,4030.95,1407,
2024-01-04 12:27:00+05:30,4030.95,4031.8,4028.8,4030.1,756,
2024-01-04 12:28:00+05:30,4031.5,4032,4029.15,4030,644,
2024-01-04 12:29:00+05:30,4031.5,4032,4029.25,4030,1300,
2024-01-04 12:30:00+05:30,4030,4032.5,4029.25,4031.65,1179,
2024-01-04 12:31:00+05:30,4031.6,4031.95,4029.3,4030.15,1020,
2024-01-04 12:32:00+05:30,4030.15,4031.25,4028.45,4030.7,628,
2024-01-04 12:33:00+05:30,4030.7,4031.95,4029.05,4029.65,542,
2024-01-04 12:34:00+05:30,4029.65,4031.35,4028.5,4029.5,195,
2024-01-04 12:35:00+05:30,4029.5,4031.6,4028.5,4030,1574,
2024-01-04 12:36:00+05:30,4030,4031.95,4029.9,4031.05,387,
2024-01-04 12:37:00+05:30,4031.85,4036,4031.05,4035.9,1048,
2024-01-04 12:38:00+05:30,4035.9,4036,4033.05,4036,773,
2024-01-04 12:39:00+05:30,4036,4037.5,4035.6,4037.35,612,
2024-01-04 12:40:00+05:30,4037.35,4039.95,4036.3,4039.75,942,
2024-01-04 12:41:00+05:30,4039.95,4042,4038.05,4039.65,3920,
2024-01-04 12:42:00+05:30,4039.65,4041.65,4039.5,4041.5,543,
2024-01-04 12:43:00+05:30,4041.45,4042,4039.65,4041.9,1150,
2024-01-04 12:44:00+05:30,4041.9,4042.95,4039.85,4040.95,1180,
2024-01-04 12:45:00+05:30,4041,4042,4039.9,4042,677,
2024-01-04 12:46:00+05:30,4042,4042,4040.95,4041.6,351,
2024-01-04 12:47:00+05:30,4041.2,4042.1,4041.2,4042.05,248,
2024-01-04 12:48:00+05:30,4041.55,4042.9,4041.55,4042.85,761,
2024-01-04 12:49:00+05:30,4042.9,4042.95,4041.5,4041.9,793,
2024-01-04 12:50:00+05:30,4041.9,4049.95,4041.9,4049.9,3913,
2024-01-04 12:51:00+05:30,4049.95,4050,4048.1,4048.15,1963,
2024-01-04 12:52:00+05:30,4049.8,4051,4048,4049.4,4036,
2024-01-04 12:53:00+05:30,4049.4,4050,4047.25,4048.2,2666,
2024-01-04 12:54:00+05:30,4048.2,4049.95,4046,4049.35,981,
2024-01-04 12:55:00+05:30,4049.35,4050,4047.9,4048.55,749,
2024-01-04 12:56:00+05:30,4048.85,4049,4046,4048.55,1146,
2024-01-04 12:57:00+05:30,4048.5,4048.6,4046.1,4046.35,1045,
2024-01-04 12:58:00+05:30,4046.2,4047.5,4045,4046.5,644,
2024-01-04 12:59:00+05:30,4046.5,4047.55,4041.25,4041.9,1416,
2024-01-04 13:00:00+05:30,4041.9,4046.15,4041.7,4043.9,1262,
2024-01-04 13:01:00+05:30,4043.9,4043.9,4042.05,4042.75,360,
2024-01-04 13:02:00+05:30,4042.75,4043.65,4035.95,4037.2,1394,
2024-01-04 13:03:00+05:30,4037.2,4038.95,4034.15,4037.7,1272,
2024-01-04 13:04:00+05:30,4038.05,4044.3,4037.6,4041.95,1600,
2024-01-04 13:05:00+05:30,4041.95,4042.4,4036.9,4038.25,1056,
2024-01-04 13:06:00+05:30,4038.25,4048,4038.25,4048,1134,
2024-01-04 13:07:00+05:30,4046.2,4049.3,4045.65,4047.6,772,
2024-01-04 13:08:00+05:30,4047.95,4049,4047.2,4049,648,
2024-01-04 13:09:00+05:30,4049,4050,4047.35,4049.55,1111,
2024-01-04 13:10:00+05:30,4048.7,4051,4048,4051,704,
2024-01-04 13:11:00+05:30,4051,4051,4047.4,4048,361,
2024-01-04 13:12:00+05:30,4048,4049.55,4047.2,4049.55,630,
2024-01-04 13:13:00+05:30,4048.5,4051,4048.3,4048.75,555,
2024-01-04 13:14:00+05:30,4050,4050,4047.3,4048.85,922,
2024-01-04 13:15:00+05:30,4048.85,4049.45,4047.2,4047.6,329,
2024-01-04 13:16:00+05:30,4047.6,4049,4047.4,4047.75,338,
2024-01-04 13:17:00+05:30,4047.75,4049.5,4046.35,4048.25,537,
2024-01-04 13:18:00+05:30,4048.25,4049.5,4048.05,4048.4,198,
2024-01-04 13:19:00+05:30,4049.45,4049.95,4047.85,4049.45,418,
2024-01-04 13:20:00+05:30,4049.45,4050,4045,4047.2,4697,
2024-01-04 13:21:00+05:30,4047.2,4050,4047.2,4050,193,
2024-01-04 13:22:00+05:30,4050,4050.15,4047.5,4050,883,
2024-01-04 13:23:00+05:30,4050,4051,4045.85,4045.85,1526,
2024-01-04 13:24:00+05:30,4045.85,4051,4045.85,4050.3,641,
2024-01-04 13:25:00+05:30,4050.3,4051,4048.1,4050,570,
2024-01-04 13:26:00+05:30,4050,4050.75,4047.7,4050,1105,
2024-01-04 13:27:00+05:30,4050,4050.8,4047.05,4048.25,926,
2024-01-04 13:28:00+05:30,4048.25,4050,4048.05,4049.3,913,
2024-01-04 13:29:00+05:30,4049.3,4050,4048.45,4049.9,331,
2024-01-04 13:30:00+05:30,4049.9,4053,4049.4,4053,973,
2024-01-04 13:31:00+05:30,4053,4059,4051,4055.6,4385,
2024-01-04 13:32:00+05:30,4055.6,4060,4055.6,4059.5,1799,
2024-01-04 13:33:00+05:30,4059.45,4063,4057.7,4063,2755,
2024-01-04 13:34:00+05:30,4063,4072.55,4061,4069.4,7536,
2024-01-04 13:35:00+05:30,4070,4074.4,4067.95,4070,3651,
2024-01-04 13:36:00+05:30,4070,4070,4064.75,4067,2461,
2024-01-04 13:37:00+05:30,4066.3,4069.25,4065,4066.55,1389,
2024-01-04 13:38:00+05:30,4066.55,4068.95,4064.25,4066.05,4165,
2024-01-04 13:39:00+05:30,4066.05,4069.15,4065.65,4067.9,1610,
2024-01-04 13:40:00+05:30,4067.8,4069.25,4066.65,4067,1751,
2024-01-04 13:41:00+05:30,4067,4068.45,4064,4064,1886,
2024-01-04 13:42:00+05:30,4064,4065.2,4060.75,4062.1,1455,
2024-01-04 13:43:00+05:30,4062.1,4062.45,4060,4062.3,2000,
2024-01-04 13:44:00+05:30,4061.85,4062.3,4060,4061.1,682,
2024-01-04 13:45:00+05:30,4060,4061.95,4058.8,4060,886,
2024-01-04 13:46:00+05:30,4060,4061.4,4059.1,4060,429,
2024-01-04 13:47:00+05:30,4060.1,4061.3,4060,4061.3,227,
2024-01-04 13:48:00+05:30,4061.3,4063,4060.45,4063,803,
2024-01-04 13:49:00+05:30,4063,4063.95,4061.6,4063.95,1202,
2024-01-04 13:50:00+05:30,4062.35,4064.5,4060.1,4060.3,1025,
2024-01-04 13:51:00+05:30,4060.3,4062,4060,4060,646,
2024-01-04 13:52:00+05:30,4060,4061,4056,4057.7,1901,
2024-01-04 13:53:00+05:30,4057.7,4058,4053.05,4056.55,2363,
2024-01-04 13:54:00+05:30,4056.55,4056.95,4053,4056.15,1190,
2024-01-04 13:55:00+05:30,4056.15,4058.5,4054,4054.95,794,
2024-01-04 13:56:00+05:30,4054.95,4058.5,4051.75,4054.35,2349,
2024-01-04 13:57:00+05:30,4054.35,4058.5,4054.35,4057.95,803,
2024-01-04 13:58:00+05:30,4057.95,4057.95,4053.05,4055.65,919,
2024-01-04 13:59:00+05:30,4055.6,4058.95,4055.6,4057.6,749,
2024-01-04 14:00:00+05:30,4056.95,4057.6,4054.95,4056.95,455,
2024-01-04 14:01:00+05:30,4056.95,4056.95,4055.2,4055.4,638,
2024-01-04 14:02:00+05:30,4055.85,4056.25,4053,4056,1954,
2024-01-04 14:03:00+05:30,4056.1,4056.2,4054.1,4056,743,
2024-01-04 14:04:00+05:30,4055.65,4055.95,4053.9,4055.05,260,
2024-01-04 14:05:00+05:30,4055.05,4056,4054.65,4055.05,328,
2024-01-04 14:06:00+05:30,4055.05,4059.4,4054.65,4059.3,1296,
2024-01-04 14:07:00+05:30,4058.65,4060,4056.85,4059.9,518,
2024-01-04 14:08:00+05:30,4059.9,4059.9,4058.2,4059.9,675,
2024-01-04 14:09:00+05:30,4059.9,4060,4056.4,4059.35,660,
2024-01-04 14:10:00+05:30,4059.35,4059.5,4056.55,4058.75,542,
2024-01-04 14:11:00+05:30,4058.75,4059,4056.85,4059,411,
2024-01-04 14:12:00+05:30,4058.95,4059.9,4058,4059.75,338,
2024-01-04 14:13:00+05:30,4059.45,4059.75,4055,4055.7,1208,
2024-01-04 14:14:00+05:30,4055,4056.35,4054,4054.15,816,
2024-01-04 14:15:00+05:30,4054.15,4056,4053.1,4055.95,784,
2024-01-04 14:16:00+05:30,4055.95,4056.1,4051.65,4054.45,3139,
2024-01-04 14:17:00+05:30,4054.45,4054.75,4052.35,4053.95,353,
2024-01-04 14:18:00+05:30,4053.65,4054.3,4052.05,4053.6,385,
2024-01-04 14:19:00+05:30,4053.85,4053.85,4049.35,4050,2777,
2024-01-04 14:20:00+05:30,4049.95,4050.7,4044,4044.55,3359,
2024-01-04 14:21:00+05:30,4044.6,4046.8,4044.1,4044.15,1787,
2024-01-04 14:22:00+05:30,4044.15,4046.95,4044.15,4046.45,803,
2024-01-04 14:23:00+05:30,4046.45,4047.9,4045.6,4047.9,1295,
2024-01-04 14:24:00+05:30,4047.9,4047.9,4046,4046.3,385,
2024-01-04 14:25:00+05:30,4047.7,4047.7,4045.55,4046.85,481,
2024-01-04 14:26:00+05:30,4047.45,4047.45,4045.1,4045.85,844,
2024-01-04 14:27:00+05:30,4047.4,4047.4,4045.85,4046,564,
2024-01-04 14:28:00+05:30,4046,4046.75,4038.6,4043.65,5730,
2024-01-04 14:29:00+05:30,4041.7,4043.9,4037,4038.35,2604,
2024-01-04 14:30:00+05:30,4038.35,4045.85,4038.35,4045.7,637,
2024-01-04 14:31:00+05:30,4045,4045.7,4044,4045,380,
2024-01-04 14:32:00+05:30,4045,4045,4044,4044.25,824,
2024-01-04 14:33:00+05:30,4044.85,4044.9,4044.1,4044.3,429,
2024-01-04 14:34:00+05:30,4044.3,4045,4044.2,4045,283,
2024-01-04 14:35:00+05:30,4045,4045,4038.8,4043.5,2900,
2024-01-04 14:36:00+05:30,4044.7,4045,4042.15,4045,1270,
2024-01-04 14:37:00+05:30,4045,4048.15,4045,4045.9,1002,
2024-01-04 14:38:00+05:30,4045.9,4050.95,4045.9,4050.5,1078,
2024-01-04 14:39:00+05:30,4048.45,4050.65,4046,4049.1,1065,
2024-01-04 14:40:00+05:30,4049.1,4050,4046.7,4048.65,1265,
2024-01-04 14:41:00+05:30,4048.65,4049.6,4045.95,4049,549,
2024-01-04 14:42:00+05:30,4049.25,4049.25,4047.35,4048,394,
2024-01-04 14:43:00+05:30,4048,4049.6,4048,4049.6,322,
2024-01-04 14:44:00+05:30,4049.6,4049.6,4046.15,4049.35,1865,
2024-01-04 14:45:00+05:30,4049.35,4049.6,4047.55,4049.6,201,
2024-01-04 14:46:00+05:30,4049.6,4050,4048,4049.95,759,
2024-01-04 14:47:00+05:30,4049.9,4051,4047.3,4050.95,2206,
2024-01-04 14:48:00+05:30,4050,4052,4047.75,4051.95,1698,
2024-01-04 14:49:00+05:30,4050.2,4052,4050.2,4052,281,
2024-01-04 14:50:00+05:30,4051.95,4052.5,4050,4051.3,793,
2024-01-04 14:51:00+05:30,4051.3,4051.55,4047.95,4050.75,636,
2024-01-04 14:52:00+05:30,4050.8,4051.6,4048.75,4050,484,
2024-01-04 14:53:00+05:30,4050,4050,4049.3,4049.3,461,
2024-01-04 14:54:00+05:30,4049.65,4049.65,4047.45,4048.65,883,
2024-01-04 14:55:00+05:30,4048.25,4048.65,4042.65,4045.95,2670,
2024-01-04 14:56:00+05:30,4046.15,4047,4045,4047,1186,
2024-01-04 14:57:00+05:30,4047,4047.8,4045.45,4047.8,694,
2024-01-04 14:58:00+05:30,4047.8,4047.8,4046.05,4046.45,407,
2024-01-04 14:59:00+05:30,4047.3,4047.5,4045,4047.5,1422,
2024-01-04 15:00:00+05:30,4048,4051.9,4047.7,4049.9,1277,
2024-01-04 15:01:00+05:30,4049.9,4049.95,4047.45,4048,2582,
2024-01-04 15:02:00+05:30,4042.15,4048,4042.15,4046.25,3445,
2024-01-04 15:03:00+05:30,4046.25,4046.5,4041,4042.05,2740,
2024-01-04 15:04:00+05:30,4042.1,4044.9,4040.2,4042.6,2027,
2024-01-04 15:05:00+05:30,4042.05,4043,4040.4,4042.95,2283,
2024-01-04 15:06:00+05:30,4042.7,4043.95,4040.7,4042.8,1540,
2024-01-04 15:07:00+05:30,4043,4043.6,4041,4041,1779,
2024-01-04 15:08:00+05:30,4041,4042.9,4040.2,4041.3,2580,
2024-01-04 15:09:00+05:30,4041.15,4041.4,4037.05,4038.85,2448,
2024-01-04 15:10:00+05:30,4039.05,4041.9,4037.95,4040,1492,
2024-01-04 15:11:00+05:30,4040,4043,4038.15,4042,3594,
2024-01-04 15:12:00+05:30,4042.45,4045,4041.95,4042.95,2491,
2024-01-04 15:13:00+05:30,4043.35,4045,4042.5,4042.75,1576,
2024-01-04 15:14:00+05:30,4042.8,4045,4042.55,4043.35,2430,
2024-01-04 15:15:00+05:30,4044.1,4045.95,4044.05,4045.05,3089,
2024-01-04 15:16:00+05:30,4045.05,4046,4043.05,4046,2541,
2024-01-04 15:17:00+05:30,4046,4046,4039.65,4041.45,4882,
2024-01-04 15:18:00+05:30,4041.4,4041.8,4039.85,4040,3151,
2024-01-04 15:19:00+05:30,4039.9,4041,4038,4040.15,3970,
2024-01-04 15:20:00+05:30,4040.85,4045.4,4039.75,4043.1,5715,
2024-01-04 15:21:00+05:30,4043.6,4043.75,4040.45,4042.1,2292,
2024-01-04 15:22:00+05:30,4042.1,4042.2,4038.65,4040.4,3528,
2024-01-04 15:23:00+05:30,4040.4,4041.5,4038.3,4039.35,3282,
2024-01-04 15:24:00+05:30,4039.4,4040.75,4035.9,4039.4,3218,
2024-01-04 15:25:00+05:30,4040.95,4041.35,4038.55,4040.5,4231,
2024-01-04 15:26:00+05:30,4040.5,4041.45,4038.05,4041.05,3748,
2024-01-04 15:27:00+05:30,4041.05,4044.6,4038.75,4043.25,3814,
2024-01-04 15:28:00+05:30,4043.5,4045,4039.8,4044.8,2372,
2024-01-04 15:29:00+05:30,4045,4048.55,4042.55,4048.55,1083,
2024-01-05 09:15:00+05:30,4052,4064,4042.1,4060.95,5277,
2024-01-05 09:16:00+05:30,4060.95,4070.1,4059.5,4065.65,3442,
2024-01-05 09:17:00+05:30,4065.65,4065.9,4060.1,4063.4,1081,
2024-01-05 09:18:00+05:30,4063,4067.2,4050.25,4053.3,1966,
2024-01-05 09:19:00+05:30,4053.3,4059.75,4050,4055.45,1547,
2024-01-05 09:20:00+05:30,4055.45,4055.45,4041.55,4048.75,3579,
2024-01-05 09:21:00+05:30,4048.75,4052.8,4042.2,4046.5,2126,
2024-01-05 09:22:00+05:30,4046.5,4046.5,4042.2,4044.8,369,
2024-01-05 09:23:00+05:30,4042.65,4048.1,4040.85,4042.65,1317,
2024-01-05 09:24:00+05:30,4044.2,4044.35,4038,4040,1612,
2024-01-05 09:25:00+05:30,4039.85,4043.95,4033.3,4035,2441,
2024-01-05 09:26:00+05:30,4035,4037.45,4030.6,4032.6,2589,
2024-01-05 09:27:00+05:30,4032.6,4035,4026.6,4034.25,3576,
2024-01-05 09:28:00+05:30,4034.25,4040,4034.05,4040,586,
2024-01-05 09:29:00+05:30,4040,4040,4035,4035.6,280,
2024-01-05 09:30:00+05:30,4035.6,4039.85,4034,4037.55,396,
2024-01-05 09:31:00+05:30,4038.1,4040,4036.9,4040,186,
2024-01-05 09:32:00+05:30,4038.55,4040,4036.95,4038.55,492,
2024-01-05 09:33:00+05:30,4038.55,4039.9,4036.95,4039,619,
2024-01-05 09:34:00+05:30,4039,4039.35,4035.1,4039.15,536,
2024-01-05 09:35:00+05:30,4039.15,4040,4035.5,4039.15,1801,
2024-01-05 09:36:00+05:30,4039.15,4039.95,4038,4038,208,
2024-01-05 09:37:00+05:30,4038,4039.35,4035.55,4038,1109,
2024-01-05 09:38:00+05:30,4038,4038.95,4036,4036,441,
2024-01-05 09:39:00+05:30,4036,4036.5,4033.1,4035.9,1105,
2024-01-05 09:40:00+05:30,4035.9,4037.8,4035.35,4036.6,351,
2024-01-05 09:41:00+05:30,4036.6,4038,4036.6,4037,144,
2024-01-05 09:42:00+05:30,4037,4039.9,4035.95,4039.9,1308,
2024-01-05 09:43:00+05:30,4039.9,4043.2,4039.9,4042.7,1601,
2024-01-05 09:44:00+05:30,4041.3,4050,4040.1,4049.85,1699,
2024-01-05 09:45:00+05:30,4049.85,4050,4044,4045.95,1343,
2024-01-05 09:46:00+05:30,4045.95,4046.7,4041,4045.95,675,
2024-01-05 09:47:00+05:30,4045.95,4046,4043.85,4045.4,153,
2024-01-05 09:48:00+05:30,4043.8,4044,4041,4041,215,
2024-01-05 09:49:00+05:30,4041,4041,4038,4038.85,189,
2024-01-05 09:50:00+05:30,4038.45,4038.45,4033.6,4035.95,577,
2024-01-05 09:51:00+05:30,4036.05,4036.05,4030,4031.45,602,
2024-01-05 09:52:00+05:30,4031.45,4035.8,4031.45,4034.15,327,
2024-01-05 09:53:00+05:30,4034.15,4037.55,4033.05,4035.6,454,
2024-01-05 09:54:00+05:30,4034.2,4037.2,4034.2,4037,339,
2024-01-05 09:55:00+05:30,4037,4039.85,4035.1,4039.85,321,
2024-01-05 09:56:00+05:30,4039.85,4040.9,4037.6,4039.35,135,
2024-01-05 09:57:00+05:30,4039.35,4040.2,4032.85,4032.9,877,
2024-01-05 09:58:00+05:30,4032.9,4032.9,4028,4030.8,1984,
2024-01-05 09:59:00+05:30,4030.8,4030.8,4025,4027.15,2602,
2024-01-05 10:00:00+05:30,4027.8,4034.15,4024.1,4031.9,1700,
2024-01-05 10:01:00+05:30,4031.9,4032.15,4027.35,4032.15,1765,
2024-01-05 10:02:00+05:30,4032.15,4032.15,4030.25,4030.9,80,
2024-01-05 10:03:00+05:30,4030.9,4034.25,4030.5,4033.7,401,
2024-01-05 10:04:00+05:30,4033.7,4034.25,4022.9,4024.3,2130,
2024-01-05 10:05:00+05:30,4026.3,4033.25,4024.3,4025.6,869,
2024-01-05 10:06:00+05:30,4025.6,4026.4,4018.05,4020.3,1966,
2024-01-05 10:07:00+05:30,4019.05,4020.3,4009.85,4009.85,3164,
2024-01-05 10:08:00+05:30,4010.95,4013.85,4004.05,4006.3,3659,
2024-01-05 10:09:00+05:30,4007.2,4013.1,4006.2,4012.2,1608,
2024-01-05 10:10:00+05:30,4012,4012.75,4010,4011.75,1129,
2024-01-05 10:11:00+05:30,4011.75,4012.55,4005.05,4006.35,400,
2024-01-05 10:12:00+05:30,4006.35,4006.35,4002.2,4004.1,1370,
2024-01-05 10:13:00+05:30,4003,4013.25,4003,4013.25,812,
2024-01-05 10:14:00+05:30,4013.25,4013.25,4009.95,4009.95,834,
2024-01-05 10:15:00+05:30,4009,4010,4006.1,4009.9,410,
2024-01-05 10:16:00+05:30,4009.9,4010.8,4007.55,4008.05,724,
2024-01-05 10:17:00+05:30,4008.05,4009.7,4006,4007.6,581,
2024-01-05 10:18:00+05:30,4008.6,4008.65,4001.25,4002.15,1157,
2024-01-05 10:19:00+05:30,4002.15,4003.5,4001,4001,987,
2024-01-05 10:20:00+05:30,4001,4005.3,4001,4005.2,803,
2024-01-05 10:21:00+05:30,4005.1,4005.2,4002.4,4002.4,531,
2024-01-05 10:22:00+05:30,4003.15,4006.15,4003,4006.15,637,
2024-01-05 10:23:00+05:30,4006.15,4006.2,4003,4003.8,387,
2024-01-05 10:24:00+05:30,4003.8,4003.85,3996.4,3997,5328,
2024-01-05 10:25:00+05:30,3997,3999.5,3992.05,3998.85,1943,
2024-01-05 10:26:00+05:30,3998.5,3999.45,3996.8,3999.2,701,
2024-01-05 10:27:00+05:30,3997.1,4004.05,3997.05,4002.2,573,
2024-01-05 10:28:00+05:30,4004.1,4009.9,4002.05,4009.9,724,
2024-01-05 10:29:00+05:30,4009.9,4010,4006.45,4008,824,
2024-01-05 10:30:00+05:30,4008,4008.7,4006.4,4008.7,713,
2024-01-05 10:31:00+05:30,4008.7,4010.4,4006.45,4010,571,
2024-01-05 10:32:00+05:30,4010,4010,4007.55,4009.75,293,
2024-01-05 10:33:00+05:30,4009.75,4010,4008.3,4008.3,104,
2024-01-05 10:34:00+05:30,4008.3,4011,4008.05,4011,179,
2024-01-05 10:35:00+05:30,4011,4012.75,4009,4009.4,568,
2024-01-05 10:36:00+05:30,4009,4010.25,4007.7,4008.5,216,
2024-01-05 10:37:00+05:30,4008.5,4010.1,4008.5,4010.1,80,
2024-01-05 10:38:00+05:30,4010.1,4010.1,4007.8,4008.65,522,
2024-01-05 10:39:00+05:30,4008.65,4008.65,4006,4006.4,568,
2024-01-05 10:40:00+05:30,4006.4,4006.4,4001,4002.95,3055,
2024-01-05 10:41:00+05:30,4002.95,4005.7,4001.95,4005.45,507,
2024-01-05 10:42:00+05:30,4005.45,4005.45,4002.65,4003.75,133,
2024-01-05 10:43:00+05:30,4002.4,4005.85,4002.25,4004.4,236,
2024-01-05 10:44:00+05:30,4004.4,4004.75,4001.7,4001.95,312,
2024-01-05 10:45:00+05:30,4001.95,4002,3999.5,4000,2252,
2024-01-05 10:46:00+05:30,4000,4000.95,3997.05,4000.5,1637,
2024-01-05 10:47:00+05:30,4000,4000.5,3995.9,3996.45,683,
2024-01-05 10:48:00+05:30,3996.45,3998,3991.7,3991.7,2545,
2024-01-05 10:49:00+05:30,3992.85,3994.35,3992,3992.5,876,
2024-01-05 10:50:00+05:30,3992.5,3993.95,3987.25,3987.25,1957,
2024-01-05 10:51:00+05:30,3987.25,3990.05,3980,3981.3,3540,
2024-01-05 10:52:00+05:30,3981.4,3989.95,3981.4,3986.5,1273,
2024-01-05 10:53:00+05:30,3987.05,3987.05,3984,3986.9,497,
2024-01-05 10:54:00+05:30,3986.9,3986.9,3980,3981,1139,
2024-01-05 10:55:00+05:30,3982,3983.3,3981.15,3982,482,
2024-01-05 10:56:00+05:30,3982,3985,3981.8,3984.6,860,
2024-01-05 10:57:00+05:30,3983.8,3991.15,3983.8,3989.25,689,
2024-01-05 10:58:00+05:30,3991.2,3993,3987.3,3990.15,762,
2024-01-05 10:59:00+05:30,3990.15,3993.15,3988.05,3990,823,
2024-01-05 11:00:00+05:30,3990,3991.5,3988.4,3990,236,
2024-01-05 11:01:00+05:30,3990,3999,3988.95,3995.45,1828,
2024-01-05 11:02:00+05:30,3996.45,4004.65,3996.45,4002.05,2481,
2024-01-05 11:03:00+05:30,4002.05,4005,4002.05,4002.05,210,
2024-01-05 11:04:00+05:30,4002.05,4004.85,4001.05,4001.05,1129,
2024-01-05 11:05:00+05:30,4001.05,4003.05,4001,4002,206,
2024-01-05 11:06:00+05:30,4002,4002.3,3998.65,4002,331,
2024-01-05 11:07:00+05:30,4002,4004,4001.9,4002.45,153,
2024-01-05 11:08:00+05:30,4002.4,4003.25,4000.15,4002.05,181,
2024-01-05 11:09:00+05:30,4000,4003.65,4000,4003.65,612,
2024-01-05 11:10:00+05:30,4001.6,4004.55,4001.6,4004.3,455,
2024-01-05 11:11:00+05:30,4004.3,4004.3,4002.9,4004.3,150,
2024-01-05 11:12:00+05:30,4004.3,4004.3,4001.55,4004.2,256,
2024-01-05 11:13:00+05:30,4004.2,4004.2,4002.6,4004.1,108,
2024-01-05 11:14:00+05:30,4004.1,4004.1,4001.7,4001.7,591,
2024-01-05 11:15:00+05:30,4001.7,4003.85,3999.65,3999.75,267,
2024-01-05 11:16:00+05:30,4001.45,4002,3998.7,3999.95,225,
2024-01-05 11:17:00+05:30,3999.95,4001,3999,3999.7,92,
2024-01-05 11:18:00+05:30,3999.7,4001,3996.4,3999.2,317,
2024-01-05 11:19:00+05:30,3999.2,3999.9,3997.3,3999.4,374,
2024-01-05 11:20:00+05:30,3999.9,4001,3996.95,4001,474,
2024-01-05 11:21:00+05:30,4000.75,4006.4,4000,4006.4,2006,
2024-01-05 11:22:00+05:30,4006.4,4011,4005,4010.8,2213,
2024-01-05 11:23:00+05:30,4010.8,4012,4008.9,4011.5,1075,
2024-01-05 11:24:00+05:30,4011.5,4014.75,4011.5,4014.4,396,
2024-01-05 11:25:00+05:30,4014.4,4014.4,4011.05,4012,308,
2024-01-05 11:26:00+05:30,4012,4016.65,4012,4016.15,1138,
2024-01-05 11:27:00+05:30,4016.15,4016.4,4011.95,4014.4,212,
2024-01-05 11:28:00+05:30,4014.4,4014.4,4010.45,4013.1,325,
2024-01-05 11:29:00+05:30,4013.1,4014.45,4010.15,4012,225,
2024-01-05 11:30:00+05:30,4011.2,4012.85,4010.25,4011.5,78,
2024-01-05 11:31:00+05:30,4011.5,4012.9,4010.45,4012.1,129,
2024-01-05 11:32:00+05:30,4011.9,4012.95,4010.05,4010.05,272,
2024-01-05 11:33:00+05:30,4010.05,4010.2,4008.15,4008.95,384,
2024-01-05 11:34:00+05:30,4008.95,4010.5,4006.75,4009.2,481,
2024-01-05 11:35:00+05:30,4010.05,4010.05,4008.3,4009.95,58,
2024-01-05 11:36:00+05:30,4009.95,4012,4008.1,4011.95,833,
2024-01-05 11:37:00+05:30,4011.95,4012,4010,4012,68,
2024-01-05 11:38:00+05:30,4012,4012,4011,4011,160,
2024-01-05 11:39:00+05:30,4011,4011.9,4011,4011.9,155,
2024-01-05 11:40:00+05:30,4011.9,4011.95,4010.4,4011,306,
2024-01-05 11:41:00+05:30,4011,4011.5,4009.05,4011.35,216,
2024-01-05 11:42:00+05:30,4011.35,4011.5,4008.7,4011.45,396,
2024-01-05 11:43:00+05:30,4011.45,4011.5,4009.35,4011.45,97,
2024-01-05 11:44:00+05:30,4011.45,4015,4010,4015,917,
2024-01-05 11:45:00+05:30,4014.35,4015,4011.1,4012.7,86,
2024-01-05 11:46:00+05:30,4012.7,4012.7,4007.2,4009.3,985,
2024-01-05 11:47:00+05:30,4009.3,4009.9,4004.7,4004.7,344,
2024-01-05 11:48:00+05:30,4004.7,4006.2,4002.85,4003.9,399,
2024-01-05 11:49:00+05:30,4007,4007.6,4002,4003.3,392,
2024-01-05 11:50:00+05:30,4003.3,4003.3,4001.65,4002.5,133,
2024-01-05 11:51:00+05:30,4002.5,4004.7,4001.65,4003,531,
2024-01-05 11:52:00+05:30,4001.65,4003,3999.9,4000,845,
2024-01-05 11:53:00+05:30,3999.95,4000.6,3998.35,3999.4,1339,
2024-01-05 11:54:00+05:30,3999.4,4000.9,3998,3999.15,430,
2024-01-05 11:55:00+05:30,3999.15,4000,3998.2,3999.1,146,
2024-01-05 11:56:00+05:30,3999.3,4000,3998.55,3999.65,121,
2024-01-05 11:57:00+05:30,3999.65,3999.65,3998.25,3999.65,86,
2024-01-05 11:58:00+05:30,3998.4,4000,3998.1,3998.15,171,
2024-01-05 11:59:00+05:30,3998.15,3999.65,3998.1,3999.5,76,
2024-01-05 12:00:00+05:30,3999.5,3999.55,3998.1,3999.55,160,
2024-01-05 12:01:00+05:30,3999.55,4000,3998.1,3999.65,169,
2024-01-05 12:02:00+05:30,3999.65,4000,3998,4000,195,
2024-01-05 12:03:00+05:30,4000,4000,3998,3999.95,95,
2024-01-05 12:04:00+05:30,3999.95,4000,3998.7,3998.7,796,
2024-01-05 12:05:00+05:30,3998.7,4000,3998.1,3998.1,687,
2024-01-05 12:06:00+05:30,3998.1,3999.95,3998.1,3999.7,132,
2024-01-05 12:07:00+05:30,3999.7,3999.7,3998,3998.55,80,
2024-01-05 12:08:00+05:30,3998.55,3999.55,3998.05,3998.25,24,
2024-01-05 12:09:00+05:30,3998.25,4000,3998.1,4000,475,
2024-01-05 12:10:00+05:30,4000,4000.65,3998,3999.35,1237,
2024-01-05 12:11:00+05:30,3999.55,4000,3998,3998,58,
2024-01-05 12:12:00+05:30,3998,3999.95,3997.55,3998,108,
2024-01-05 12:13:00+05:30,3997.65,3998,3995.6,3997.1,239,
2024-01-05 12:14:00+05:30,3997,3997.9,3996.3,3996.3,69,
2024-01-05 12:15:00+05:30,3996.3,3996.9,3995,3996,578,
2024-01-05 12:16:00+05:30,3996,3997.95,3995.05,3997.4,166,
2024-01-05 12:17:00+05:30,3998,3998,3996.25,3998,182,
2024-01-05 12:18:00+05:30,3998,4000,3997.9,3999.05,713,
2024-01-05 12:19:00+05:30,3999.05,4000,3998.4,3999.95,603,
2024-01-05 12:20:00+05:30,3999.95,4000.25,3999.9,4000,1153,
2024-01-05 12:21:00+05:30,4000,4000,3999.95,3999.95,643,
2024-01-05 12:22:00+05:30,3999.95,4009.7,3999.95,4009.7,4379,
2024-01-05 12:23:00+05:30,4008.8,4012,4008.25,4012,666,
2024-01-05 12:24:00+05:30,4012,4013.2,4011,4012.45,346,
2024-01-05 12:25:00+05:30,4012.45,4014.6,4012.45,4014.2,528,
2024-01-05 12:26:00+05:30,4014.45,4015.6,4014.1,4015.6,569,
2024-01-05 12:27:00+05:30,4015.1,4018.7,4015.1,4016.9,1682,
2024-01-05 12:28:00+05:30,4016.9,4018,4016.9,4017.75,326,
2024-01-05 12:29:00+05:30,4017.75,4020,4017.75,4019.5,768,
2024-01-05 12:30:00+05:30,4019.5,4019.7,4015.05,4017,1141,
2024-01-05 12:31:00+05:30,4016.5,4019.3,4016.5,4019,169,
2024-01-05 12:32:00+05:30,4019,4025,4018.25,4021.3,2164,
2024-01-05 12:33:00+05:30,4021.3,4022.45,4017.85,4022.3,422,
2024-01-05 12:34:00+05:30,4021.4,4023,4020.55,4021.2,310,
2024-01-05 12:35:00+05:30,4022,4022,4021.2,4021.3,220,
2024-01-05 12:36:00+05:30,4021.3,4022,4021.2,4022,317,
2024-01-05 12:37:00+05:30,4022,4024,4021.25,4024,382,
2024-01-05 12:38:00+05:30,4024,4025,4023.1,4023.1,1009,
2024-01-05 12:39:00+05:30,4023.1,4024.25,4022.4,4023,447,
2024-01-05 12:40:00+05:30,4023,4025,4022.4,4024.6,435,
2024-01-05 12:41:00+05:30,4025,4026,4024.25,4025.7,493,
2024-01-05 12:42:00+05:30,4026,4028,4025.4,4026.95,571,
2024-01-05 12:43:00+05:30,4027.55,4028.7,4027.2,4028.4,505,
2024-01-05 12:44:00+05:30,4028.4,4028.75,4027.2,4028.75,599,
2024-01-05 12:45:00+05:30,4028.75,4029.9,4028.2,4029,289,
2024-01-05 12:46:00+05:30,4029,4029.9,4025,4025,644,
2024-01-05 12:47:00+05:30,4025,4026.85,4025,4025.5,485,
2024-01-05 12:48:00+05:30,4025.5,4027,4025,4026.95,192,
2024-01-05 12:49:00+05:30,4026.95,4027,4025.7,4027,187,
2024-01-05 12:50:00+05:30,4026.8,4029.9,4026.8,4029,676,
2024-01-05 12:51:00+05:30,4028.75,4029,4027.8,4029,677,
2024-01-05 12:52:00+05:30,4029,4029,4026.35,4026.4,470,
2024-01-05 12:53:00+05:30,4026.4,4027.45,4026,4026.4,183,
2024-01-05 12:54:00+05:30,4026.5,4027,4024.4,4024.95,750,
2024-01-05 12:55:00+05:30,4024.95,4027,4023.5,4027,751,
2024-01-05 12:56:00+05:30,4027,4029,4027,4029,460,
2024-01-05 12:57:00+05:30,4029,4029.9,4028.95,4029.2,418,
2024-01-05 12:58:00+05:30,4029.2,4029.65,4027.05,4028.7,173,
2024-01-05 12:59:00+05:30,4028.7,4028.7,4028.15,4028.2,430,
2024-01-05 13:00:00+05:30,4028.2,4029,4025.55,4026.4,504,
2024-01-05 13:01:00+05:30,4026.4,4026.7,4025.15,4025.6,179,
2024-01-05 13:02:00+05:30,4025.6,4029,4025.15,4029,647,
2024-01-05 13:03:00+05:30,4029,4030,4028.35,4028.65,896,
2024-01-05 13:04:00+05:30,4028.35,4029.6,4026.55,4029.6,211,
2024-01-05 13:05:00+05:30,4029.6,4030,4028.7,4030,606,
2024-01-05 13:06:00+05:30,4030,4031.6,4029.55,4031,446,
2024-01-05 13:07:00+05:30,4031,4031.45,4030.3,4031.3,267,
2024-01-05 13:08:00+05:30,4031.2,4033.2,4031.2,4033.2,643,
2024-01-05 13:09:00+05:30,4033.2,4035.9,4033.1,4033.85,1731,
2024-01-05 13:10:00+05:30,4034,4034.5,4034,4034.45,338,
2024-01-05 13:11:00+05:30,4034.5,4036.2,4034,4034.55,365,
2024-01-05 13:12:00+05:30,4034.55,4039,4034.3,4036.85,1040,
2024-01-05 13:13:00+05:30,4036.85,4038.2,4036.55,4037,321,
2024-01-05 13:14:00+05:30,4037,4037.65,4037,4037.45,595,
2024-01-05 13:15:00+05:30,4037.45,4037.45,4033.4,4033.4,568,
2024-01-05 13:16:00+05:30,4033.4,4036.1,4033.4,4035,322,
2024-01-05 13:17:00+05:30,4035,4035,4033,4034.05,476,
2024-01-05 13:18:00+05:30,4034.05,4035,4034.05,4034.35,53,
2024-01-05 13:19:00+05:30,4034.35,4034.6,4032.85,4033.2,736,
2024-01-05 13:20:00+05:30,4033.2,4033.75,4024.6,4025.85,3073,
2024-01-05 13:21:00+05:30,4025.85,4027.35,4025.85,4026.95,291,
2024-01-05 13:22:00+05:30,4026.95,4030,4026.55,4029.95,613,
2024-01-05 13:23:00+05:30,4029.95,4031,4029.95,4030,398,
2024-01-05 13:24:00+05:30,4030,4031.3,4030,4030.95,397,
2024-01-05 13:25:00+05:30,4030.95,4032.3,4030.3,4031,324,
2024-01-05 13:26:00+05:30,4030.45,4031.05,4030.45,4031.05,337,
2024-01-05 13:27:00+05:30,4031.05,4032.95,4031.05,4032.95,259,
2024-01-05 13:28:00+05:30,4032.95,4036.4,4032.95,4035,432,
2024-01-05 13:29:00+05:30,4035.5,4036.55,4034.95,4034.95,648,
2024-01-05 13:30:00+05:30,4034.95,4036.3,4034.5,4036.2,562,
2024-01-05 13:31:00+05:30,4036.2,4036.35,4035.8,4035.8,509,
2024-01-05 13:32:00+05:30,4036.25,4036.25,4035.8,4035.95,189,
2024-01-05 13:33:00+05:30,4035.95,4036,4035.9,4035.95,200,
2024-01-05 13:34:00+05:30,4035.95,4037.4,4027.85,4028.3,2398,
2024-01-05 13:35:00+05:30,4028.1,4028.1,4024.5,4028.05,899,
2024-01-05 13:36:00+05:30,4028.05,4029.95,4027.6,4028.4,255,
2024-01-05 13:37:00+05:30,4028.4,4029.95,4028,4029.15,535,
2024-01-05 13:38:00+05:30,4029.15,4030.15,4028.45,4028.5,386,
2024-01-05 13:39:00+05:30,4028.5,4028.5,4027.1,4027.1,208,
2024-01-05 13:40:00+05:30,4027.1,4027.1,4023,4023,684,
2024-01-05 13:41:00+05:30,4023.45,4023.6,4023,4023.35,180,
2024-01-05 13:42:00+05:30,4023.3,4024.45,4019.8,4023.65,1385,
2024-01-05 13:43:00+05:30,4023.6,4024.45,4022,4024,823,
2024-01-05 13:44:00+05:30,4024,4025,4018.6,4021.15,2641,
2024-01-05 13:45:00+05:30,4021.15,4021.15,4018.95,4019.45,197,
2024-01-05 13:46:00+05:30,4019.45,4019.45,4017,4017,524,
2024-01-05 13:47:00+05:30,4017.35,4017.35,4015,4016,1055,
2024-01-05 13:48:00+05:30,4016.65,4017.9,4016,4017.45,230,
2024-01-05 13:49:00+05:30,4017.45,4017.9,4016,4016,765,
2024-01-05 13:50:00+05:30,4016,4016.2,4015.05,4015.95,622,
2024-01-05 13:51:00+05:30,4015.95,4016.2,4015.95,4016.2,168,
2024-01-05 13:52:00+05:30,4016.35,4018.3,4016.1,4018.15,224,
2024-01-05 13:53:00+05:30,4018.2,4020,4017.2,4019.1,340,
2024-01-05 13:54:00+05:30,4019.1,4024.05,4018.95,4021.5,1615,
2024-01-05 13:55:00+05:30,4021.5,4023.65,4020.4,4023.4,306,
2024-01-05 13:56:00+05:30,4022.05,4025,4022.05,4024.1,305,
2024-01-05 13:57:00+05:30,4024.1,4029.25,4024.1,4026.9,473,
2024-01-05 13:58:00+05:30,4026.9,4030,4026.9,4029.8,312,
2024-01-05 13:59:00+05:30,4029.8,4030,4028.4,4029.5,357,
2024-01-05 14:00:00+05:30,4029.2,4030,4022.6,4024.4,766,
2024-01-05 14:01:00+05:30,4024.4,4024.6,4022,4022,147,
2024-01-05 14:02:00+05:30,4022,4022.15,4022,4022.05,151,
2024-01-05 14:03:00+05:30,4022.05,4024.35,4021.25,4022.5,292,
2024-01-05 14:04:00+05:30,4024.65,4025,4020.65,4020.65,734,
2024-01-05 14:05:00+05:30,4020.65,4021.2,4018,4019.1,246,
2024-01-05 14:06:00+05:30,4019.1,4019.1,4016.55,4016.55,208,
2024-01-05 14:07:00+05:30,4016.55,4019.55,4016.55,4019.5,334,
2024-01-05 14:08:00+05:30,4019.5,4020,4018.75,4018.75,425,
2024-01-05 14:09:00+05:30,4018.75,4020,4017.55,4017.9,316,
2024-01-05 14:10:00+05:30,4017.9,4018.85,4017,4017,697,
2024-01-05 14:11:00+05:30,4017,4017.95,4009.2,4010.25,2464,
2024-01-05 14:12:00+05:30,4010,4011,4004,4005.5,941,
2024-01-05 14:13:00+05:30,4005.5,4007.95,4004.6,4004.7,605,
2024-01-05 14:14:00+05:30,4004.7,4006.6,4003.05,4003.05,671,
2024-01-05 14:15:00+05:30,4003.05,4006.6,4001.1,4006.6,1990,
2024-01-05 14:16:00+05:30,4006.6,4009,4002,4002.75,941,
2024-01-05 14:17:00+05:30,4002.75,4002.75,3995,3996.8,2325,
2024-01-05 14:18:00+05:30,3996.8,4000.85,3995,3998.45,1507,
2024-01-05 14:19:00+05:30,3998.45,3999,3994.7,3995,892,
2024-01-05 14:20:00+05:30,3995,3996.6,3990.3,3990.3,1447,
2024-01-05 14:21:00+05:30,3990,3994.2,3990,3992.85,433,
2024-01-05 14:22:00+05:30,3992.85,3993.1,3990.1,3990.75,1197,
2024-01-05 14:23:00+05:30,3990.8,3995.4,3990.8,3993.95,491,
2024-01-05 14:24:00+05:30,3993.55,3997.95,3993.2,3997.6,246,
2024-01-05 14:25:00+05:30,3997,4000,3997,3999.2,1434,
2024-01-05 14:26:00+05:30,3999.2,3999.35,3996.8,3996.8,700,
2024-01-05 14:27:00+05:30,3996.8,3998.85,3996.8,3997.45,288,
2024-01-05 14:28:00+05:30,3997.45,4002.3,3996.25,4000.35,1890,
2024-01-05 14:29:00+05:30,3999.3,4005.2,3997.3,4002.55,1584,
2024-01-05 14:30:00+05:30,4002.55,4012.9,4002.55,4009.3,2036,
2024-01-05 14:31:00+05:30,4009.3,4010,4006.5,4010,450,
2024-01-05 14:32:00+05:30,4010,4011.95,4007.5,4007.5,987,
2024-01-05 14:33:00+05:30,4007.5,4012.9,4003.25,4005.85,1264,
2024-01-05 14:34:00+05:30,4005.75,4011.55,4005.75,4009.9,492,
2024-01-05 14:35:00+05:30,4009.9,4013.1,4009.35,4013.1,816,
2024-01-05 14:36:00+05:30,4013.1,4015,4012.4,4013.75,82,
2024-01-05 14:37:00+05:30,4013.75,4013.75,4010.15,4012.2,325,
2024-01-05 14:38:00+05:30,4012.2,4013.75,4010,4013.05,1046,
2024-01-05 14:39:00+05:30,4013.05,4013.35,4013.05,4013.05,51,
2024-01-05 14:40:00+05:30,4013.05,4014.3,4012.55,4012.55,720,
2024-01-05 14:41:00+05:30,4013.35,4013.35,4010.05,4013,398,
2024-01-05 14:42:00+05:30,4013,4014,4012.1,4012.2,318,
2024-01-05 14:43:00+05:30,4012.2,4012.55,4010.2,4012.55,253,
2024-01-05 14:44:00+05:30,4012.55,4016.15,4011.75,4012.8,719,
2024-01-05 14:45:00+05:30,4012.8,4016.35,4011.75,4015.75,119,
2024-01-05 14:46:00+05:30,4015.75,4018.35,4015.6,4017,305,
2024-01-05 14:47:00+05:30,4016.25,4017.3,4016.25,4016.7,126,
2024-01-05 14:48:00+05:30,4016.7,4017.4,4016.65,4017.2,328,
2024-01-05 14:49:00+05:30,4017.4,4019.7,4017.25,4019.7,286,
2024-01-05 14:50:00+05:30,4019.7,4024.2,4018.7,4024.2,1000,
2024-01-05 14:51:00+05:30,4024.2,4024.9,4020.35,4023.65,1411,
2024-01-05 14:52:00+05:30,4023.65,4023.65,4021.45,4022,516,
2024-01-05 14:53:00+05:30,4022.05,4023.55,4022.05,4023.4,345,
2024-01-05 14:54:00+05:30,4023.4,4023.4,4020.35,4021,529,
2024-01-05 14:55:00+05:30,4021.05,4022.05,4021.05,4021.9,93,
2024-01-05 14:56:00+05:30,4022,4022,4018.8,4019.35,798,
2024-01-05 14:57:00+05:30,4019.35,4019.75,4018.05,4019.3,725,
2024-01-05 14:58:00+05:30,4019.3,4021.9,4019.3,4021.6,742,
2024-01-05 14:59:00+05:30,4021.6,4021.6,4018.05,4018.85,650,
2024-01-05 15:00:00+05:30,4018.85,4024.9,4018.05,4023.65,1843,
2024-01-05 15:01:00+05:30,4024.1,4027,4024.1,4026.9,1282,
2024-01-05 15:02:00+05:30,4026,4030,4025.85,4028.35,1089,
2024-01-05 15:03:00+05:30,4028.35,4028.35,4022.9,4023.9,1267,
2024-01-05 15:04:00+05:30,4023.15,4027.95,4023.15,4027.95,399,
2024-01-05 15:05:00+05:30,4028,4029,4025.85,4026.5,740,
2024-01-05 15:06:00+05:30,4026.5,4026.7,4022.6,4023.7,1014,
2024-01-05 15:07:00+05:30,4023.7,4026.65,4023,4026.65,999,
2024-01-05 15:08:00+05:30,4026.65,4026.8,4023,4023.85,977,
2024-01-05 15:09:00+05:30,4023.85,4024.65,4023.45,4024.55,542,
2024-01-05 15:10:00+05:30,4024.6,4025,4023.2,4023.8,667,
2024-01-05 15:11:00+05:30,4023.8,4023.8,4020,4020,1034,
2024-01-05 15:12:00+05:30,4020,4022.95,4020,4020.65,1324,
2024-01-05 15:13:00+05:30,4020.65,4021.9,4019.9,4021.9,1606,
2024-01-05 15:14:00+05:30,4020.55,4023.95,4020.55,4022.8,891,
2024-01-05 15:15:00+05:30,4022.25,4022.6,4017.75,4019.65,2587,
2024-01-05 15:16:00+05:30,4020.2,4020.2,4017.6,4019.7,1869,
2024-01-05 15:17:00+05:30,4019.05,4019.75,4011.5,4012.95,2182,
2024-01-05 15:18:00+05:30,4013.05,4013.3,4010.8,4011.75,789,
2024-01-05 15:19:00+05:30,4012,4012,4010,4011.4,1551,
2024-01-05 15:20:00+05:30,4011.4,4014.1,4009.5,4012.4,4557,
2024-01-05 15:21:00+05:30,4012.4,4013.95,4010.05,4013.2,716,
2024-01-05 15:22:00+05:30,4013.2,4014.2,4013,4013.8,603,
2024-01-05 15:23:00+05:30,4014.05,4015,4010.55,4011.1,1670,
2024-01-05 15:24:00+05:30,4011,4012,4003.05,4010.7,2396,
2024-01-05 15:25:00+05:30,4009.8,4009.8,3995.15,4000.8,3632,
2024-01-05 15:26:00+05:30,4000.8,4002.45,3998.95,4001.65,1561,
2024-01-05 15:27:00+05:30,4001.65,4004.4,4000.2,4004.4,871,
2024-01-05 15:28:00+05:30,4001.95,4008,4001.9,4007.4,2376,
2024-01-05 15:29:00+05:30,4007.4,4008,4001.65,4002,1607,
2024-01-08 09:15:00+05:30,3999,4025.35,3991.7,4003.55,4887,
2024-01-08 09:16:00+05:30,4007.65,4007.65,3990,3991.05,2603,
2024-01-08 09:17:00+05:30,3991.05,3995.85,3988.2,3992,2050,
2024-01-08 09:18:00+05:30,3994.6,3994.6,3981.5,3984.7,4785,
2024-01-08 09:19:00+05:30,3984.7,3988.35,3980.65,3985.2,1812,
2024-01-08 09:20:00+05:30,3988.95,3989.75,3985.15,3987.95,1705,
2024-01-08 09:21:00+05:30,3987.95,3996,3986.25,3996,1337,
2024-01-08 09:22:00+05:30,3995.85,4004.65,3995.85,3999.65,1049,
2024-01-08 09:23:00+05:30,3999.65,4010,3999.65,4007,897,
2024-01-08 09:24:00+05:30,4007,4017.45,4005.05,4014,2283,
2024-01-08 09:25:00+05:30,4012.75,4012.75,4000,4001.6,2723,
2024-01-08 09:26:00+05:30,4000,4000,3993.5,3997.4,999,
2024-01-08 09:27:00+05:30,3997.4,3999.95,3991.65,3997.05,1422,
2024-01-08 09:28:00+05:30,3997.05,3998.95,3995.05,3996,237,
2024-01-08 09:29:00+05:30,3996,3999.6,3995.2,3998.95,796,
2024-01-08 09:30:00+05:30,3998.95,3999.05,3993.2,3993.35,772,
2024-01-08 09:31:00+05:30,3993.35,3997.95,3993.25,3995.35,512,
2024-01-08 09:32:00+05:30,3995.35,3995.9,3992.15,3993,277,
2024-01-08 09:33:00+05:30,3993,3994.2,3990.05,3990.1,795,
2024-01-08 09:34:00+05:30,3988.1,3989,3981.25,3982,1278,
2024-01-08 09:35:00+05:30,3982,3983.4,3975,3975.5,3579,
2024-01-08 09:36:00+05:30,3975.5,3982.85,3975.5,3980.6,1046,
2024-01-08 09:37:00+05:30,3978.9,3978.9,3970,3970.25,3423,
2024-01-08 09:38:00+05:30,3970.25,3975,3970,3970,1181,
2024-01-08 09:39:00+05:30,3970,3975.35,3966.9,3969.25,2585,
2024-01-08 09:40:00+05:30,3969.25,3969.95,3961.3,3961.3,1673,
2024-01-08 09:41:00+05:30,3961.3,3966,3956.3,3965,2252,
2024-01-08 09:42:00+05:30,3965,3976.75,3962.75,3971.55,2411,
2024-01-08 09:43:00+05:30,3973.5,3973.5,3968.5,3971.45,3623,
2024-01-08 09:44:00+05:30,3972.9,3972.95,3967.05,3967.4,1110,
2024-01-08 09:45:00+05:30,3967.4,3971.95,3965,3969.85,2468,
2024-01-08 09:46:00+05:30,3969.85,3975.85,3967.4,3973.75,2051,
2024-01-08 09:47:00+05:30,3973.75,3973.75,3966.05,3969.1,981,
2024-01-08 09:48:00+05:30,3969.1,3973,3968.85,3971.2,773,
2024-01-08 09:49:00+05:30,3971.2,3972.7,3970,3971,836,
2024-01-08 09:50:00+05:30,3969.55,3975,3969.55,3973.4,875,
2024-01-08 09:51:00+05:30,3973.4,3975,3972.15,3972.85,640,
2024-01-08 09:52:00+05:30,3972.85,3975,3972.1,3972.45,841,
2024-01-08 09:53:00+05:30,3972.1,3973.6,3968.1,3971,2098,
2024-01-08 09:54:00+05:30,3969.15,3976,3969.05,3975.65,2551,
2024-01-08 09:55:00+05:30,3975.65,3979,3975,3975,1304,
2024-01-08 09:56:00+05:30,3975,3977.95,3972.5,3975.55,697,
2024-01-08 09:57:00+05:30,3974.05,3978,3973.9,3975.05,1126,
2024-01-08 09:58:00+05:30,3975.05,3978,3972.1,3974.85,898,
2024-01-08 09:59:00+05:30,3974.85,3976.05,3968.15,3969.95,1337,
2024-01-08 10:00:00+05:30,3969.95,3970.9,3965.75,3965.95,730,
2024-01-08 10:01:00+05:30,3965.95,3971.95,3965.95,3969,1016,
2024-01-08 10:02:00+05:30,3969,3970,3965,3965,1684,
2024-01-08 10:03:00+05:30,3965.95,3967.3,3965,3966.35,1448,
2024-01-08 10:04:00+05:30,3966.8,3970.7,3966.8,3968.15,726,
2024-01-08 10:05:00+05:30,3969.3,3969.3,3963.7,3965,998,
2024-01-08 10:06:00+05:30,3965,3966.5,3960,3960.45,854,
2024-01-08 10:07:00+05:30,3960,3964.3,3960,3961.6,1049,
2024-01-08 10:08:00+05:30,3961.6,3964.35,3961,3964,741,
2024-01-08 10:09:00+05:30,3964,3964.35,3960,3961.4,2533,
2024-01-08 10:10:00+05:30,3961.4,3962.8,3960,3960.55,746,
2024-01-08 10:11:00+05:30,3960.55,3962.8,3955,3955.05,2115,
2024-01-08 10:12:00+05:30,3955.05,3961.15,3955.05,3957.4,1487,
2024-01-08 10:13:00+05:30,3957.5,3958.8,3955,3955,1872,
2024-01-08 10:14:00+05:30,3955,3957.45,3955,3955.4,860,
2024-01-08 10:15:00+05:30,3956.85,3956.85,3951,3955.65,3125,
2024-01-08 10:16:00+05:30,3953.75,3956.85,3953,3955.5,1009,
2024-01-08 10:17:00+05:30,3955.5,3958.15,3955.5,3956.3,809,
2024-01-08 10:18:00+05:30,3956.3,3958.35,3956,3956.05,727,
2024-01-08 10:19:00+05:30,3957.5,3957.5,3954,3954,706,
2024-01-08 10:20:00+05:30,3954,3955.9,3953,3953.05,1133,
2024-01-08 10:21:00+05:30,3953.05,3954.2,3952,3952,1391,
2024-01-08 10:22:00+05:30,3950.55,3953.3,3950,3951.4,1597,
2024-01-08 10:23:00+05:30,3951.4,3956.75,3950.3,3954.15,1425,
2024-01-08 10:24:00+05:30,3954.15,3964.45,3953.05,3958.7,1704,
2024-01-08 10:25:00+05:30,3958.7,3959.2,3953.7,3953.7,962,
2024-01-08 10:26:00+05:30,3953.7,3959.55,3953.7,3956.2,2641,
2024-01-08 10:27:00+05:30,3958,3958.95,3951,3951,5710,
2024-01-08 10:28:00+05:30,3950.5,3955.05,3950,3955.05,4739,
2024-01-08 10:29:00+05:30,3955.8,3956.7,3952,3952,611,
2024-01-08 10:30:00+05:30,3952,3955.35,3950.65,3952.65,1390,
2024-01-08 10:31:00+05:30,3954.25,3954.65,3947,3947.05,3991,
2024-01-08 10:32:00+05:30,3949.45,3953.2,3947,3952,1808,
2024-01-08 10:33:00+05:30,3952,3958.05,3952,3958,826,
2024-01-08 10:34:00+05:30,3958,3958,3954,3955.85,882,
2024-01-08 10:35:00+05:30,3955.85,3956.65,3954,3954.1,705,
2024-01-08 10:36:00+05:30,3954.1,3957.75,3954.1,3955,785,
2024-01-08 10:37:00+05:30,3955,3956.8,3952.9,3954.25,981,
2024-01-08 10:38:00+05:30,3952.9,3955.45,3951,3951,606,
2024-01-08 10:39:00+05:30,3950.1,3952.35,3946,3946.45,973,
2024-01-08 10:40:00+05:30,3946.45,3949.1,3945,3946,1572,
2024-01-08 10:41:00+05:30,3946.75,3947.55,3936.5,3938,3343,
2024-01-08 10:42:00+05:30,3939.15,3941.05,3937.65,3938.05,1566,
2024-01-08 10:43:00+05:30,3938.05,3939.95,3936,3936,1286,
2024-01-08 10:44:00+05:30,3937,3940,3936,3937,1777,
2024-01-08 10:45:00+05:30,3937,3939.5,3937,3939.2,995,
2024-01-08 10:46:00+05:30,3939.2,3939.2,3936,3936.3,740,
2024-01-08 10:47:00+05:30,3936.3,3938,3926.6,3926.8,4026,
2024-01-08 10:48:00+05:30,3927.85,3928,3921,3922.5,3695,
2024-01-08 10:49:00+05:30,3922.5,3924,3915,3916.4,4444,
2024-01-08 10:50:00+05:30,3915.25,3921.95,3914.05,3918.2,1889,
2024-01-08 10:51:00+05:30,3918.2,3920,3914,3915.3,2507,
2024-01-08 10:52:00+05:30,3917.25,3929.2,3916.05,3928,2455,
2024-01-08 10:53:00+05:30,3929.75,3934.95,3927.05,3934.95,2648,
2024-01-08 10:54:00+05:30,3934.95,3935,3926.55,3926.55,817,
2024-01-08 10:55:00+05:30,3926.4,3929.05,3926,3927.15,957,
2024-01-08 10:56:00+05:30,3927.15,3928.6,3923.1,3924.8,1672,
2024-01-08 10:57:00+05:30,3924.8,3929.4,3924.1,3928.85,1274,
2024-01-08 10:58:00+05:30,3928.85,3930.45,3925.4,3926.8,1267,
2024-01-08 10:59:00+05:30,3926.45,3930.5,3926.1,3927.85,1528,
2024-01-08 11:00:00+05:30,3926.5,3929.75,3926,3926.8,998,
2024-01-08 11:01:00+05:30,3926,3927.9,3923,3923,1053,
2024-01-08 11:02:00+05:30,3923.65,3923.95,3920.15,3921.9,1665,
2024-01-08 11:03:00+05:30,3920.45,3922.55,3920,3921,1154,
2024-01-08 11:04:00+05:30,3920,3922.5,3919.4,3920.6,749,
2024-01-08 11:05:00+05:30,3920.6,3930.8,3919.1,3930.8,1167,
2024-01-08 11:06:00+05:30,3931.3,3940.95,3931.25,3933.05,4017,
2024-01-08 11:07:00+05:30,3933.05,3933.05,3930,3930,780,
2024-01-08 11:08:00+05:30,3930,3931,3927.35,3929,955,
2024-01-08 11:09:00+05:30,3928.45,3930.15,3922.55,3922.55,998,
2024-01-08 11:10:00+05:30,3922,3926.35,3920.4,3923.15,1580,
2024-01-08 11:11:00+05:30,3923.15,3923.15,3915,3915,1713,
2024-01-08 11:12:00+05:30,3915.1,3918.25,3915,3916.8,1248,
2024-01-08 11:13:00+05:30,3916.8,3920.55,3915,3915,1291,
2024-01-08 11:14:00+05:30,3915,3922,3910.45,3919.2,2327,
2024-01-08 11:15:00+05:30,3919.2,3921.45,3916.05,3917,697,
2024-01-08 11:16:00+05:30,3918.65,3919.55,3915.05,3917.85,1010,
2024-01-08 11:17:00+05:30,3917.85,3922.9,3917.8,3920,798,
2024-01-08 11:18:00+05:30,3920,3922.25,3917.8,3920.8,616,
2024-01-08 11:19:00+05:30,3921.6,3927.65,3919.55,3924.95,1578,
2024-01-08 11:20:00+05:30,3924.95,3926.4,3920.55,3924.3,1344,
2024-01-08 11:21:00+05:30,3924.3,3932,3924.3,3930.6,3577,
2024-01-08 11:22:00+05:30,3930.6,3931.3,3926.8,3928.1,640,
2024-01-08 11:23:00+05:30,3928.1,3932.9,3928.1,3930,995,
2024-01-08 11:24:00+05:30,3930,3930.65,3925.1,3930.65,946,
2024-01-08 11:25:00+05:30,3931.7,3947.55,3930.65,3945.65,8806,
2024-01-08 11:26:00+05:30,3945.6,3948.45,3940.1,3942,1796,
2024-01-08 11:27:00+05:30,3942,3944.4,3938.05,3938.05,1434,
2024-01-08 11:28:00+05:30,3938.05,3943,3938.05,3941,956,
2024-01-08 11:29:00+05:30,3941,3941.5,3937.65,3940.1,641,
2024-01-08 11:30:00+05:30,3940.1,3941.45,3940,3940.1,595,
2024-01-08 11:31:00+05:30,3940.1,3940.2,3935.85,3937.75,953,
2024-01-08 11:32:00+05:30,3937.75,3938.95,3935.15,3935.8,1216,
2024-01-08 11:33:00+05:30,3935.05,3937.6,3933,3934,1245,
2024-01-08 11:34:00+05:30,3934,3935.9,3930,3930,683,
2024-01-08 11:35:00+05:30,3930,3940.15,3929.1,3940.15,942,
2024-01-08 11:36:00+05:30,3942,3942.5,3936.65,3939.75,1076,
2024-01-08 11:37:00+05:30,3939.75,3942.5,3939,3940,805,
2024-01-08 11:38:00+05:30,3940,3945.95,3939.5,3943.2,1297,
2024-01-08 11:39:00+05:30,3943.2,3943.95,3940,3940.85,799,
2024-01-08 11:40:00+05:30,3940.85,3945,3940.35,3942,661,
2024-01-08 11:41:00+05:30,3941.7,3943.95,3940.75,3941.15,709,
2024-01-08 11:42:00+05:30,3941.15,3943.1,3940.45,3940.45,495,
2024-01-08 11:43:00+05:30,3940.45,3942.1,3938.05,3939.3,996,
2024-01-08 11:44:00+05:30,3941,3941.3,3939,3939.75,1000,
2024-01-08 11:45:00+05:30,3939.75,3940.75,3934,3934,841,
2024-01-08 11:46:00+05:30,3933.6,3938.9,3933,3933,575,
2024-01-08 11:47:00+05:30,3933,3934.6,3928.9,3928.9,803,
2024-01-08 11:48:00+05:30,3928.9,3932.3,3928.2,3929,585,
2024-01-08 11:49:00+05:30,3928,3932.75,3928,3932.75,882,
2024-01-08 11:50:00+05:30,3932.75,3933.1,3929.15,3931,519,
2024-01-08 11:51:00+05:30,3930.1,3931.6,3925.15,3925.15,1008,
2024-01-08 11:52:00+05:30,3925.15,3926.3,3921.25,3921.25,871,
2024-01-08 11:53:00+05:30,3920.55,3923.25,3920,3921.95,721,
2024-01-08 11:54:00+05:30,3921.95,3921.95,3918.1,3918.1,804,
2024-01-08 11:55:00+05:30,3918.05,3922.9,3918.05,3922.9,1270,
2024-01-08 11:56:00+05:30,3921.2,3924.2,3920,3920,1294,
2024-01-08 11:57:00+05:30,3920,3927.6,3920,3923,1034,
2024-01-08 11:58:00+05:30,3923,3924.7,3920.6,3922.75,770,
2024-01-08 11:59:00+05:30,3922.75,3923.95,3919.95,3921.8,613,
2024-01-08 12:00:00+05:30,3921.8,3923.55,3920.75,3923.5,351,
2024-01-08 12:01:00+05:30,3923.5,3927.25,3923.5,3927,367,
2024-01-08 12:02:00+05:30,3927,3931.2,3926.2,3928,461,
2024-01-08 12:03:00+05:30,3928,3932,3928,3932,236,
2024-01-08 12:04:00+05:30,3932,3935.9,3930.95,3935,374,
2024-01-08 12:05:00+05:30,3935,3935,3929.6,3929.6,510,
2024-01-08 12:06:00+05:30,3928,3932,3928,3930.65,105,
2024-01-08 12:07:00+05:30,3931.05,3935,3929.7,3932.05,387,
2024-01-08 12:08:00+05:30,3932.05,3940,3932.05,3934.25,9335,
2024-01-08 12:09:00+05:30,3934.25,3935.8,3933.05,3935.35,176,
2024-01-08 12:10:00+05:30,3935.35,3935.35,3930.1,3930.9,306,
2024-01-08 12:11:00+05:30,3930.9,3931.55,3930.1,3931.45,56,
2024-01-08 12:12:00+05:30,3931.45,3931.45,3926,3928.1,239,
2024-01-08 12:13:00+05:30,3928.1,3929.9,3925.55,3929.8,604,
2024-01-08 12:14:00+05:30,3929.8,3930.8,3928.1,3929.7,203,
2024-01-08 12:15:00+05:30,3929.7,3930,3925.7,3928.9,141,
2024-01-08 12:16:00+05:30,3928.9,3929.75,3927.7,3927.7,285,
2024-01-08 12:17:00+05:30,3927.7,3927.7,3920.75,3920.75,2765,
2024-01-08 12:18:00+05:30,3920.75,3925.85,3920.75,3925.85,180,
2024-01-08 12:19:00+05:30,3925.85,3926,3922.95,3923.9,236,
2024-01-08 12:20:00+05:30,3923.15,3925.85,3922.4,3924.55,79,
2024-01-08 12:21:00+05:30,3924.6,3925.75,3921.95,3924.9,461,
2024-01-08 12:22:00+05:30,3924.9,3927.8,3923.8,3926.7,273,
2024-01-08 12:23:00+05:30,3927,3928.95,3925,3928.5,492,
2024-01-08 12:24:00+05:30,3928.5,3928.5,3925,3926.7,145,
2024-01-08 12:25:00+05:30,3926.7,3928.15,3925.5,3928.15,273,
2024-01-08 12:26:00+05:30,3928.15,3928.15,3925,3926.95,260,
2024-01-08 12:27:00+05:30,3926.95,3927,3925,3927,118,
2024-01-08 12:28:00+05:30,3926,3927.9,3926,3927.9,236,
2024-01-08 12:29:00+05:30,3927.9,3929.95,3926,3929.85,291,
2024-01-08 12:30:00+05:30,3929.85,3930,3927.9,3929.75,91,
2024-01-08 12:31:00+05:30,3929.75,3929.75,3928,3929.6,43,
2024-01-08 12:32:00+05:30,3929.6,3934.95,3928,3934.95,510,
2024-01-08 12:33:00+05:30,3934.05,3936.9,3932.75,3936.9,543,
2024-01-08 12:34:00+05:30,3936.85,3936.9,3933.1,3934.45,343,
2024-01-08 12:35:00+05:30,3934.45,3934.45,3931.4,3931.4,430,
2024-01-08 12:36:00+05:30,3930.85,3931.85,3930.3,3931.2,42,
2024-01-08 12:37:00+05:30,3931.2,3935.6,3930.3,3935.6,457,
2024-01-08 12:38:00+05:30,3934.95,3936.45,3934.45,3936.45,126,
2024-01-08 12:39:00+05:30,3936.45,3936.9,3934.85,3935.9,94,
2024-01-08 12:40:00+05:30,3935.9,3936.5,3934.45,3935.4,152,
2024-01-08 12:41:00+05:30,3935.4,3936,3932.05,3933.7,608,
2024-01-08 12:42:00+05:30,3933.7,3935,3932.05,3934.95,141,
2024-01-08 12:43:00+05:30,3934.95,3935,3932.05,3934.95,151,
2024-01-08 12:44:00+05:30,3934.95,3934.95,3932.35,3934.85,108,
2024-01-08 12:45:00+05:30,3934.8,3934.85,3932,3933.25,329,
2024-01-08 12:46:00+05:30,3933.25,3934,3933,3933,59,
2024-01-08 12:47:00+05:30,3932.45,3935,3932,3935,1061,
2024-01-08 12:48:00+05:30,3935,3936.65,3934,3936.65,262,
2024-01-08 12:49:00+05:30,3935.8,3936.6,3933.05,3935.1,115,
2024-01-08 12:50:00+05:30,3935.1,3936.2,3933.3,3935.9,173,
2024-01-08 12:51:00+05:30,3935.9,3936.45,3935,3935,183,
2024-01-08 12:52:00+05:30,3935,3936.9,3935,3936.5,384,
2024-01-08 12:53:00+05:30,3936.5,3936.5,3933.25,3935.4,227,
2024-01-08 12:54:00+05:30,3935.5,3935.9,3933.1,3933.1,69,
2024-01-08 12:55:00+05:30,3933.1,3934.6,3932,3933,101,
2024-01-08 12:56:00+05:30,3933,3933,3930,3930.8,200,
2024-01-08 12:57:00+05:30,3930.8,3931.15,3926.1,3926.1,385,
2024-01-08 12:58:00+05:30,3928.65,3928.65,3923,3926.6,314,
2024-01-08 12:59:00+05:30,3926.6,3926.6,3924.55,3926.25,144,
2024-01-08 13:00:00+05:30,3926.25,3928.25,3924,3927.7,88,
2024-01-08 13:01:00+05:30,3925.35,3927.45,3925,3927,200,
2024-01-08 13:02:00+05:30,3927,3931.2,3926.1,3929.9,578,
2024-01-08 13:03:00+05:30,3929.9,3931.25,3928.45,3930,126,
2024-01-08 13:04:00+05:30,3930,3931.45,3928.45,3928.7,420,
2024-01-08 13:05:00+05:30,3928.7,3929.95,3928.15,3929.3,287,
2024-01-08 13:06:00+05:30,3928,3929.3,3926.25,3927.45,293,
2024-01-08 13:07:00+05:30,3927.45,3929.95,3926.85,3927.3,67,
2024-01-08 13:08:00+05:30,3929.2,3930.5,3927.3,3928.7,179,
2024-01-08 13:09:00+05:30,3928.7,3930.45,3928,3930.4,85,
2024-01-08 13:10:00+05:30,3930.4,3930.4,3929.4,3930.4,79,
2024-01-08 13:11:00+05:30,3930.4,3931.1,3929.45,3931,176,
2024-01-08 13:12:00+05:30,3931,3932.9,3929.9,3932.6,92,
2024-01-08 13:13:00+05:30,3932.6,3933.35,3931.8,3933,443,
2024-01-08 13:14:00+05:30,3933,3933,3928,3930.85,347,
2024-01-08 13:15:00+05:30,3930.85,3931.7,3928,3930.55,253,
2024-01-08 13:16:00+05:30,3930.55,3931,3928.1,3929.95,178,
2024-01-08 13:17:00+05:30,3930.8,3930.8,3928.05,3929.85,72,
2024-01-08 13:18:00+05:30,3929.85,3932.35,3929,3931.4,211,
2024-01-08 13:19:00+05:30,3929.95,3931,3929,3931,64,
2024-01-08 13:20:00+05:30,3931,3933,3930,3933,401,
2024-01-08 13:21:00+05:30,3935,3936.75,3933,3935.05,1159,
2024-01-08 13:22:00+05:30,3935.05,3935.6,3933.5,3935.15,221,
2024-01-08 13:23:00+05:30,3934.25,3935.6,3933.05,3933.7,270,
2024-01-08 13:24:00+05:30,3934.7,3934.95,3933,3934.5,315,
2024-01-08 13:25:00+05:30,3934.5,3935.6,3934,3935.55,103,
2024-01-08 13:26:00+05:30,3935.55,3935.6,3934,3934,422,
2024-01-08 13:27:00+05:30,3934.8,3934.8,3933,3934.35,547,
2024-01-08 13:28:00+05:30,3934.35,3934.95,3933,3933,353,
2024-01-08 13:29:00+05:30,3933,3934.75,3933,3933.3,279,
2024-01-08 13:30:00+05:30,3933.3,3934.95,3933,3934.65,167,
2024-01-08 13:31:00+05:30,3934.65,3935,3933,3933.5,133,
2024-01-08 13:32:00+05:30,3933.75,3934.95,3933.5,3933.5,734,
2024-01-08 13:33:00+05:30,3933.5,3933.5,3928,3930.45,1046,
2024-01-08 13:34:00+05:30,3930.45,3930.5,3925,3925,2241,
2024-01-08 13:35:00+05:30,3926.5,3926.5,3920,3921.15,1547,
2024-01-08 13:36:00+05:30,3921.15,3921.95,3915,3916,1673,
2024-01-08 13:37:00+05:30,3916,3919,3915.05,3916,983,
2024-01-08 13:38:00+05:30,3916,3916.4,3914.15,3915.25,2302,
2024-01-08 13:39:00+05:30,3914.15,3920,3914.15,3920,290,
2024-01-08 13:40:00+05:30,3919.8,3921.6,3919.55,3921.6,485,
2024-01-08 13:41:00+05:30,3921.6,3924.55,3920.6,3922.2,138,
2024-01-08 13:42:00+05:30,3922.2,3923.1,3920.15,3921.2,241,
2024-01-08 13:43:00+05:30,3921.2,3922.8,3921,3922.8,193,
2024-01-08 13:44:00+05:30,3922.8,3922.8,3920.15,3922.5,122,
2024-01-08 13:45:00+05:30,3922.5,3922.5,3920.15,3921,109,
2024-01-08 13:46:00+05:30,3921,3926.6,3921,3926.6,625,
2024-01-08 13:47:00+05:30,3926.6,3926.9,3924.55,3926.2,103,
2024-01-08 13:48:00+05:30,3926.2,3927.3,3924.15,3926.95,100,
2024-01-08 13:49:00+05:30,3926.95,3929,3925,3928.85,353,
2024-01-08 13:50:00+05:30,3928.85,3928.85,3926.5,3928.15,246,
2024-01-08 13:51:00+05:30,3927.35,3928.5,3926.5,3928.45,113,
2024-01-08 13:52:00+05:30,3928.45,3928.5,3926,3928.4,267,
2024-01-08 13:53:00+05:30,3928.4,3928.4,3923.95,3926,413,
2024-01-08 13:54:00+05:30,3926,3927,3925,3927,59,
2024-01-08 13:55:00+05:30,3927,3927,3923.25,3924.95,185,
2024-01-08 13:56:00+05:30,3924.95,3925.25,3923.1,3925.15,164,
2024-01-08 13:57:00+05:30,3925.15,3928.95,3923.05,3926.3,912,
2024-01-08 13:58:00+05:30,3926.3,3928.05,3921.55,3927.4,2946,
2024-01-08 13:59:00+05:30,3927.4,3930.85,3924.9,3930.85,816,
2024-01-08 14:00:00+05:30,3930.85,3932.4,3925.4,3928.95,674,
2024-01-08 14:01:00+05:30,3928.95,3931.85,3927.1,3931.65,470,
2024-01-08 14:02:00+05:30,3931.65,3932,3930.45,3932,83,
2024-01-08 14:03:00+05:30,3932,3932,3930.9,3930.9,178,
2024-01-08 14:04:00+05:30,3930.9,3934.2,3930.9,3932.9,796,
2024-01-08 14:05:00+05:30,3933.1,3933.9,3932.9,3933.25,233,
2024-01-08 14:06:00+05:30,3933.25,3934,3933.2,3934,153,
2024-01-08 14:07:00+05:30,3933.95,3935,3933.9,3935,373,
2024-01-08 14:08:00+05:30,3935,3935,3933.2,3933.7,331,
2024-01-08 14:09:00+05:30,3933.7,3934,3930.45,3931.2,512,
2024-01-08 14:10:00+05:30,3932,3934,3930.8,3933,906,
2024-01-08 14:11:00+05:30,3933,3933,3932.5,3932.95,449,
2024-01-08 14:12:00+05:30,3932.95,3934.65,3932.5,3933.5,861,
2024-01-08 14:13:00+05:30,3934.65,3934.65,3933.45,3934.45,141,
2024-01-08 14:14:00+05:30,3934.45,3934.5,3934.35,3934.5,528,
2024-01-08 14:15:00+05:30,3934.5,3934.5,3932.35,3933,340,
2024-01-08 14:16:00+05:30,3932.7,3936.25,3932.4,3934.55,196,
2024-01-08 14:17:00+05:30,3935.7,3939.75,3935.7,3938.35,3374,
2024-01-08 14:18:00+05:30,3938.35,3938.35,3935.9,3935.9,337,
2024-01-08 14:19:00+05:30,3935.9,3938,3934.95,3937.5,695,
2024-01-08 14:20:00+05:30,3937.5,3939,3936.65,3938.95,367,
2024-01-08 14:21:00+05:30,3938.95,3938.95,3936,3938,584,
2024-01-08 14:22:00+05:30,3938,3938,3936.5,3937.4,127,
2024-01-08 14:23:00+05:30,3937.4,3937.7,3934.45,3934.45,701,
2024-01-08 14:24:00+05:30,3934.45,3936,3933.8,3936,427,
2024-01-08 14:25:00+05:30,3936,3936.95,3933.2,3933.75,914,
2024-01-08 14:26:00+05:30,3933.75,3936,3933.75,3935.15,168,
2024-01-08 14:27:00+05:30,3935.15,3935.25,3932.05,3933,553,
2024-01-08 14:28:00+05:30,3933,3934.05,3932.1,3933.55,192,
2024-01-08 14:29:00+05:30,3933.55,3933.55,3930.15,3931.65,572,
2024-01-08 14:30:00+05:30,3931.65,3932,3929.65,3930.3,1877,
2024-01-08 14:31:00+05:30,3930.3,3931.9,3929.75,3929.9,338,
2024-01-08 14:32:00+05:30,3930.95,3931.75,3927.5,3929,1037,
2024-01-08 14:33:00+05:30,3929,3929,3926.05,3928.9,84,
2024-01-08 14:34:00+05:30,3928.9,3930,3926.1,3927.45,777,
2024-01-08 14:35:00+05:30,3927.45,3929.8,3925.55,3929.8,424,
2024-01-08 14:36:00+05:30,3929.8,3930,3928,3930,550,
2024-01-08 14:37:00+05:30,3929.25,3933,3928.85,3931,1342,
2024-01-08 14:38:00+05:30,3931,3931,3925,3925.6,595,
2024-01-08 14:39:00+05:30,3927.1,3929.9,3925.75,3928.1,197,
2024-01-08 14:40:00+05:30,3928.1,3932,3928.1,3931,1229,
2024-01-08 14:41:00+05:30,3931,3934.9,3930.95,3933.6,1335,
2024-01-08 14:42:00+05:30,3933.6,3939,3933.05,3937.4,1737,
2024-01-08 14:43:00+05:30,3937.4,3939,3937.4,3938,944,
2024-01-08 14:44:00+05:30,3938,3938.2,3934.95,3934.95,366,
2024-01-08 14:45:00+05:30,3935.05,3936.9,3934.95,3936.7,255,
2024-01-08 14:46:00+05:30,3936.9,3938,3936.1,3936.95,259,
2024-01-08 14:47:00+05:30,3936.95,3936.95,3933.75,3934.9,527,
2024-01-08 14:48:00+05:30,3934.9,3937.65,3934.9,3936.85,235,
2024-01-08 14:49:00+05:30,3936.85,3941,3936.85,3940.95,1538,
2024-01-08 14:50:00+05:30,3940,3941,3939.9,3940.9,1567,
2024-01-08 14:51:00+05:30,3940.9,3942.95,3939.9,3942.9,921,
2024-01-08 14:52:00+05:30,3942.9,3944.95,3942.9,3944.45,1619,
2024-01-08 14:53:00+05:30,3943,3945,3943,3945,1232,
2024-01-08 14:54:00+05:30,3945,3945,3943.55,3944.9,848,
2024-01-08 14:55:00+05:30,3944.9,3944.9,3939.8,3939.8,1347,
2024-01-08 14:56:00+05:30,3939.8,3939.95,3937.3,3939,342,
2024-01-08 14:57:00+05:30,3939,3942.25,3938.8,3942.25,1148,
2024-01-08 14:58:00+05:30,3942.25,3942.7,3940.05,3942.65,1358,
2024-01-08 14:59:00+05:30,3941.8,3945,3940.95,3941.5,1224,
2024-01-08 15:00:00+05:30,3942.2,3944.4,3940.05,3941.2,1939,
2024-01-08 15:01:00+05:30,3940.05,3942.1,3936.7,3937.4,1231,
2024-01-08 15:02:00+05:30,3936.7,3939.55,3936.6,3939.5,507,
2024-01-08 15:03:00+05:30,3939.5,3939.55,3938.35,3938.35,1540,
2024-01-08 15:04:00+05:30,3938.35,3938.35,3934.05,3937.1,840,
2024-01-08 15:05:00+05:30,3936.35,3937.1,3936,3936.05,1206,
2024-01-08 15:06:00+05:30,3936,3936,3931.95,3932.75,635,
2024-01-08 15:07:00+05:30,3932.75,3937.1,3932.75,3935.9,857,
2024-01-08 15:08:00+05:30,3936.4,3937.85,3933.5,3936,2884,
2024-01-08 15:09:00+05:30,3936.35,3936.9,3933.75,3935.45,1896,
2024-01-08 15:10:00+05:30,3936.2,3937.7,3933.15,3933.3,1486,
2024-01-08 15:11:00+05:30,3933.9,3936.7,3933.3,3934.95,619,
2024-01-08 15:12:00+05:30,3934.95,3935,3932.2,3933.55,1874,
2024-01-08 15:13:00+05:30,3933.55,3933.55,3931.1,3932.85,1182,
2024-01-08 15:14:00+05:30,3932.85,3933.8,3932.6,3933.75,1116,
2024-01-08 15:15:00+05:30,3933.5,3934.3,3933.5,3933.85,1263,
2024-01-08 15:16:00+05:30,3933.85,3935.75,3933.5,3934.95,1868,
2024-01-08 15:17:00+05:30,3933.55,3933.85,3932,3932,2063,
2024-01-08 15:18:00+05:30,3932,3932.05,3930,3932,3571,
2024-01-08 15:19:00+05:30,3931.3,3936.9,3931.3,3936.7,1189,
2024-01-08 15:20:00+05:30,3936.85,3938.8,3932.15,3934.8,5600,
2024-01-08 15:21:00+05:30,3934.75,3936,3934.75,3935.45,1428,
2024-01-08 15:22:00+05:30,3935.45,3935.85,3930.55,3934.2,1636,
2024-01-08 15:23:00+05:30,3934.1,3935,3933.9,3934,1684,
2024-01-08 15:24:00+05:30,3933.9,3933.9,3929.5,3929.5,2386,
2024-01-08 15:25:00+05:30,3929.5,3930,3929.2,3930,1403,
2024-01-08 15:26:00+05:30,3930,3930,3929.8,3929.9,713,
2024-01-08 15:27:00+05:30,3929.95,3930,3926.1,3928.6,2251,
2024-01-08 15:28:00+05:30,3928.65,3930,3925.65,3929.6,1200,
2024-01-08 15:29:00+05:30,3927.4,3934,3923.85,3934,1181,
2024-01-09 09:15:00+05:30,3948.95,3966.85,3945.2,3958.3,1607,
2024-01-09 09:16:00+05:30,3958.3,3970.95,3958.3,3960,2674,
2024-01-09 09:17:00+05:30,3960,3961.8,3950,3953.05,1264,
2024-01-09 09:18:00+05:30,3950,3955.8,3949.5,3953.7,209,
2024-01-09 09:19:00+05:30,3953.7,3953.95,3949.5,3950.05,618,
2024-01-09 09:20:00+05:30,3949.5,3952,3949.5,3952,584,
2024-01-09 09:21:00+05:30,3952,3952,3949.5,3951.7,780,
2024-01-09 09:22:00+05:30,3951.6,3959.35,3950.7,3959.2,2428,
2024-01-09 09:23:00+05:30,3956.2,3959.2,3955,3956.65,4852,
2024-01-09 09:24:00+05:30,3956.65,3958.35,3954.15,3955,386,
2024-01-09 09:25:00+05:30,3955,3959.7,3954.65,3958.05,126,
2024-01-09 09:26:00+05:30,3958.05,3963.95,3957.65,3961.1,1110,
2024-01-09 09:27:00+05:30,3958.6,3962.4,3958.05,3962,652,
2024-01-09 09:28:00+05:30,3962,3962.6,3957.65,3959.05,269,
2024-01-09 09:29:00+05:30,3960,3960.95,3955.9,3957,424,
2024-01-09 09:30:00+05:30,3957,3958.8,3956.9,3956.9,626,
2024-01-09 09:31:00+05:30,3959.1,3959.2,3956.1,3956.25,233,
2024-01-09 09:32:00+05:30,3956.25,3959.95,3956.25,3959.95,208,
2024-01-09 09:33:00+05:30,3959.95,3959.95,3955,3957.1,353,
2024-01-09 09:34:00+05:30,3957.1,3957.1,3952,3952,490,
2024-01-09 09:35:00+05:30,3952,3954.25,3952,3952,203,
2024-01-09 09:36:00+05:30,3952,3955,3952,3952,417,
2024-01-09 09:37:00+05:30,3952,3952.25,3950.1,3952,1154,
2024-01-09 09:38:00+05:30,3952,3953.45,3949.5,3950,642,
2024-01-09 09:39:00+05:30,3950,3951.6,3949.55,3949.55,86,
2024-01-09 09:40:00+05:30,3949.55,3951.6,3949.55,3951.3,175,
2024-01-09 09:41:00+05:30,3951.3,3952.9,3949.5,3951.5,310,
2024-01-09 09:42:00+05:30,3951.5,3951.65,3950.2,3951.5,157,
2024-01-09 09:43:00+05:30,3951.5,3951.5,3950.2,3950.2,19,
2024-01-09 09:44:00+05:30,3949.5,3952,3947.9,3947.9,167,
2024-01-09 09:45:00+05:30,3947.9,3947.9,3941.65,3943.95,767,
2024-01-09 09:46:00+05:30,3942.5,3943.95,3935.1,3937.3,515,
2024-01-09 09:47:00+05:30,3936.65,3940,3935.1,3938.25,563,
2024-01-09 09:48:00+05:30,3938.25,3942,3938.25,3938.6,728,
2024-01-09 09:49:00+05:30,3938.6,3944.05,3938.6,3944,351,
2024-01-09 09:50:00+05:30,3944,3948,3944,3944.9,861,
2024-01-09 09:51:00+05:30,3944.9,3946.8,3944.9,3945.55,102,
2024-01-09 09:52:00+05:30,3945.55,3948.15,3942,3943.95,645,
2024-01-09 09:53:00+05:30,3943.95,3944,3942.15,3943,68,
2024-01-09 09:54:00+05:30,3943,3944.95,3941.25,3944.95,210,
2024-01-09 09:55:00+05:30,3944.95,3947.15,3943.2,3947.15,367,
2024-01-09 09:56:00+05:30,3947.15,3947.2,3945.3,3946.9,31,
2024-01-09 09:57:00+05:30,3946.9,3947,3946.9,3946.95,61,
2024-01-09 09:58:00+05:30,3946.95,3949.95,3946.95,3949.95,197,
2024-01-09 09:59:00+05:30,3949.85,3949.85,3947.9,3947.9,179,
2024-01-09 10:00:00+05:30,3947.9,3955,3947.9,3955,2188,
2024-01-09 10:01:00+05:30,3955,3955,3955,3955,25,
2024-01-09 10:02:00+05:30,3955,3958.5,3954,3955.7,2825,
2024-01-09 10:03:00+05:30,3955.7,3955.8,3951.85,3953.95,437,
2024-01-09 10:04:00+05:30,3953.95,3956.7,3953.35,3953.35,516,
2024-01-09 10:05:00+05:30,3953.35,3956.65,3953.35,3954.8,222,
2024-01-09 10:06:00+05:30,3956.65,3957,3951.75,3956.4,799,
2024-01-09 10:07:00+05:30,3956.4,3956.4,3953,3955,311,
2024-01-09 10:08:00+05:30,3955,3957.55,3953.3,3955.35,531,
2024-01-09 10:09:00+05:30,3956.9,3956.9,3954.05,3955,170,
2024-01-09 10:10:00+05:30,3955,3955.55,3953.1,3953.45,534,
2024-01-09 10:11:00+05:30,3953.45,3954.25,3953.1,3954.25,51,
2024-01-09 10:12:00+05:30,3954.25,3954.8,3948.5,3948.5,750,
2024-01-09 10:13:00+05:30,3948.5,3948.5,3945.5,3945.5,655,
2024-01-09 10:14:00+05:30,3945.05,3946.8,3944.2,3946.35,112,
2024-01-09 10:15:00+05:30,3946.35,3950,3946.35,3950,420,
2024-01-09 10:16:00+05:30,3950,3950,3948.45,3948.55,56,
2024-01-09 10:17:00+05:30,3948.55,3948.55,3945.65,3945.65,166,
2024-01-09 10:18:00+05:30,3945.65,3949.2,3945.65,3947.75,163,
2024-01-09 10:19:00+05:30,3947.75,3950,3947.75,3949,218,
2024-01-09 10:20:00+05:30,3949,3949,3947.7,3949,81,
2024-01-09 10:21:00+05:30,3949,3949,3948.55,3949,50,
2024-01-09 10:22:00+05:30,3949,3949,3947.6,3948.3,96,
2024-01-09 10:23:00+05:30,3948.3,3949.95,3945.5,3947.35,328,
2024-01-09 10:24:00+05:30,3947.35,3947.35,3941.1,3941.1,196,
2024-01-09 10:25:00+05:30,3941.1,3941.1,3937.5,3939.95,328,
2024-01-09 10:26:00+05:30,3940.4,3940.4,3939,3940,121,
2024-01-09 10:27:00+05:30,3940,3941,3939,3939,209,
2024-01-09 10:28:00+05:30,3939,3941.95,3939,3940.95,167,
2024-01-09 10:29:00+05:30,3940.95,3940.95,3937.5,3937.5,198,
2024-01-09 10:30:00+05:30,3937.65,3940.3,3937.5,3939.7,192,
2024-01-09 10:31:00+05:30,3939.7,3941.65,3939.7,3939.7,506,
2024-01-09 10:32:00+05:30,3939.7,3940,3937,3940,600,
2024-01-09 10:33:00+05:30,3940,3940,3936,3938.25,500,
2024-01-09 10:34:00+05:30,3938.25,3938.35,3937,3937.9,109,
2024-01-09 10:35:00+05:30,3937.9,3938,3936.05,3937,167,
2024-01-09 10:36:00+05:30,3937,3938.95,3937,3937.05,209,
2024-01-09 10:37:00+05:30,3937.05,3938.7,3937.05,3937.05,40,
2024-01-09 10:38:00+05:30,3937.05,3938.9,3932.05,3932.05,1935,
2024-01-09 10:39:00+05:30,3932.05,3932.05,3926.85,3930.15,1016,
2024-01-09 10:40:00+05:30,3932.05,3933.9,3930.8,3933,770,
2024-01-09 10:41:00+05:30,3933,3933,3928.05,3930.1,665,
2024-01-09 10:42:00+05:30,3930.1,3932.7,3930.1,3931.65,836,
2024-01-09 10:43:00+05:30,3931.65,3935,3931.6,3934.05,1175,
2024-01-09 10:44:00+05:30,3934.05,3936.65,3933.7,3934.05,182,
2024-01-09 10:45:00+05:30,3934.05,3944.95,3934.05,3943.75,4472,
2024-01-09 10:46:00+05:30,3943.75,3950.3,3943.75,3947.35,837,
2024-01-09 10:47:00+05:30,3947.35,3950,3945.2,3947.05,223,
2024-01-09 10:48:00+05:30,3947.05,3948.95,3945.2,3945.2,179,
2024-01-09 10:49:00+05:30,3945.2,3947.05,3944.7,3947.05,355,
2024-01-09 10:50:00+05:30,3947.05,3950.4,3947.05,3949.7,231,
2024-01-09 10:51:00+05:30,3949.7,3950,3945.6,3947.35,426,
2024-01-09 10:52:00+05:30,3947.35,3948.3,3937.55,3937.55,2814,
2024-01-09 10:53:00+05:30,3937.55,3937.65,3930.45,3933.4,5043,
2024-01-09 10:54:00+05:30,3935,3937.65,3935,3935,302,
2024-01-09 10:55:00+05:30,3935,3937.5,3935,3936.85,253,
2024-01-09 10:56:00+05:30,3936.85,3936.85,3930.3,3930.3,192,
2024-01-09 10:57:00+05:30,3930.3,3933.8,3930.3,3933.3,162,
2024-01-09 10:58:00+05:30,3933.3,3934.95,3932.05,3933.5,172,
2024-01-09 10:59:00+05:30,3933.5,3936.55,3933.5,3936.4,581,
2024-01-09 11:00:00+05:30,3936.3,3937,3934.8,3934.8,157,
2024-01-09 11:01:00+05:30,3934.8,3935,3934.65,3934.65,48,
2024-01-09 11:02:00+05:30,3934.65,3935,3932.85,3934.9,168,
2024-01-09 11:03:00+05:30,3934.9,3934.9,3930,3932.1,1940,
2024-01-09 11:04:00+05:30,3932.1,3939.5,3931.8,3936.35,1782,
2024-01-09 11:05:00+05:30,3936.35,3936.35,3931.05,3932.1,1398,
2024-01-09 11:06:00+05:30,3932.1,3935,3932.1,3935,107,
2024-01-09 11:07:00+05:30,3935,3936,3935,3936,995,
2024-01-09 11:08:00+05:30,3936,3940,3936,3940,2085,
2024-01-09 11:09:00+05:30,3940,3944.7,3940,3944.55,340,
2024-01-09 11:10:00+05:30,3944.55,3944.7,3942.95,3944.7,344,
2024-01-09 11:11:00+05:30,3944.7,3944.7,3935.45,3935.45,3172,
2024-01-09 11:12:00+05:30,3936.85,3940,3936.85,3940,533,
2024-01-09 11:13:00+05:30,3940,3940,3938.6,3939.95,2258,
2024-01-09 11:14:00+05:30,3939.95,3939.95,3934.1,3937.4,411,
2024-01-09 11:15:00+05:30,3937.4,3937.95,3933.5,3936.2,4361,
2024-01-09 11:16:00+05:30,3936.2,3936.95,3935,3935,1990,
2024-01-09 11:17:00+05:30,3935,3940,3935,3938.8,2826,
2024-01-09 11:18:00+05:30,3938.8,3942.95,3937.1,3937.1,1111,
2024-01-09 11:19:00+05:30,3937.1,3939.55,3935.85,3935.85,2002,
2024-01-09 11:20:00+05:30,3935.85,3938.45,3935.3,3935.4,79,
2024-01-09 11:21:00+05:30,3935.4,3942.05,3934,3934.5,2395,
2024-01-09 11:22:00+05:30,3934.5,3939.5,3934.5,3936.7,163,
2024-01-09 11:23:00+05:30,3936.7,3938.75,3934.95,3936.05,3318,
2024-01-09 11:24:00+05:30,3936.05,3938.85,3936.05,3936.6,210,
2024-01-09 11:25:00+05:30,3937.95,3939.9,3936.6,3938.3,83,
2024-01-09 11:26:00+05:30,3938.3,3940.15,3938,3938,927,
2024-01-09 11:27:00+05:30,3938.95,3939,3937.25,3937.25,347,
2024-01-09 11:28:00+05:30,3937.25,3938.95,3936.85,3937.85,174,
2024-01-09 11:29:00+05:30,3937.85,3939,3937.25,3937.55,131,
2024-01-09 11:30:00+05:30,3937.5,3939.5,3937.35,3938,23141,
2024-01-09 11:31:00+05:30,3938,3938.2,3937.85,3937.85,3516,
2024-01-09 11:32:00+05:30,3937.85,3942.15,3937.85,3941,627,
2024-01-09 11:33:00+05:30,3942.15,3942.9,3940.55,3941.65,275,
2024-01-09 11:34:00+05:30,3941.65,3942.9,3938.45,3941.3,2809,
2024-01-09 11:35:00+05:30,3941.3,3941.75,3938.75,3939.4,75,
2024-01-09 11:36:00+05:30,3939.4,3940.9,3937.85,3937.85,44,
2024-01-09 11:37:00+05:30,3937.85,3938.4,3936,3936,732,
2024-01-09 11:38:00+05:30,3936,3937.85,3935.8,3936.05,181,
2024-01-09 11:39:00+05:30,3936.05,3937.75,3935.15,3935.2,83,
2024-01-09 11:40:00+05:30,3935.35,3935.6,3933.3,3933.65,1093,
2024-01-09 11:41:00+05:30,3933.65,3936.95,3933.65,3935.3,1467,
2024-01-09 11:42:00+05:30,3935.3,3938.6,3934.7,3937.95,102,
2024-01-09 11:43:00+05:30,3937.95,3938,3936.4,3936.4,618,
2024-01-09 11:44:00+05:30,3936.4,3938,3935.7,3935.7,129,
2024-01-09 11:45:00+05:30,3935.7,3940,3935.1,3936.1,1653,
2024-01-09 11:46:00+05:30,3936.1,3937.75,3935,3935.2,159,
2024-01-09 11:47:00+05:30,3935.2,3938,3935.2,3937.65,506,
2024-01-09 11:48:00+05:30,3937.65,3939.8,3935.75,3937.1,624,
2024-01-09 11:49:00+05:30,3937.1,3938.9,3935.45,3935.85,30,
2024-01-09 11:50:00+05:30,3935.85,3937,3935.2,3935.2,35,
2024-01-09 11:51:00+05:30,3935.2,3937,3935.2,3935.95,31,
2024-01-09 11:52:00+05:30,3935.95,3937,3935.25,3935.5,52,
2024-01-09 11:53:00+05:30,3936.85,3937,3935.2,3935.3,65,
2024-01-09 11:54:00+05:30,3935.3,3936.95,3934,3934,1199,
2024-01-09 11:55:00+05:30,3934,3936.5,3934,3934.3,145,
2024-01-09 11:56:00+05:30,3934.3,3936.4,3934,3935,205,
2024-01-09 11:57:00+05:30,3935,3936.75,3935,3935.05,53,
2024-01-09 11:58:00+05:30,3935.05,3937,3935,3935.55,263,
2024-01-09 11:59:00+05:30,3935.55,3937.95,3935.5,3936.8,52,
2024-01-09 12:00:00+05:30,3936.8,3941,3936.8,3941,279,
2024-01-09 12:01:00+05:30,3941,3942,3940,3941.95,115,
2024-01-09 12:02:00+05:30,3941.95,3942,3940.35,3940.45,21,
2024-01-09 12:03:00+05:30,3940.45,3942.15,3939.4,3940.45,385,
2024-01-09 12:04:00+05:30,3940.4,3942,3939,3939.85,222,
2024-01-09 12:05:00+05:30,3939.85,3941.5,3938.1,3938.1,30343,
2024-01-09 12:06:00+05:30,3939.05,3940,3938.2,3938.35,55,
2024-01-09 12:07:00+05:30,3938.35,3940.9,3938.05,3939,97,
2024-01-09 12:08:00+05:30,3939,3940.9,3938,3938,27,
2024-01-09 12:09:00+05:30,3938,3943.15,3938,3939.5,1624,
2024-01-09 12:10:00+05:30,3940,3942.55,3940,3941.1,72,
2024-01-09 12:11:00+05:30,3941.1,3942.85,3938.4,3940.1,260,
2024-01-09 12:12:00+05:30,3940.1,3941.7,3938.15,3938.15,1067,
2024-01-09 12:13:00+05:30,3938.15,3939.8,3938,3938.3,160,
2024-01-09 12:14:00+05:30,3938.3,3939.9,3938.3,3939,133,
2024-01-09 12:15:00+05:30,3939,3939.55,3937.55,3937.7,208,
2024-01-09 12:16:00+05:30,3939.45,3939.45,3937.55,3937.55,153,
2024-01-09 12:17:00+05:30,3937.55,3940.9,3934.2,3934.9,7969,
2024-01-09 12:18:00+05:30,3935.5,3939.85,3934.3,3939.1,133,
2024-01-09 12:19:00+05:30,3939.9,3941.4,3935.9,3937.35,1800,
2024-01-09 12:20:00+05:30,3937.35,3939.25,3934.05,3935.75,1258,
2024-01-09 12:21:00+05:30,3935.75,3940.3,3935.75,3938.2,680,
2024-01-09 12:22:00+05:30,3938.15,3941.05,3938.15,3940.8,417,
2024-01-09 12:23:00+05:30,3940.8,3942,3939.4,3939.4,235,
2024-01-09 12:24:00+05:30,3939.4,3941.9,3939.35,3940.9,332,
2024-01-09 12:25:00+05:30,3940.9,3942,3939.5,3939.5,265,
2024-01-09 12:26:00+05:30,3939.5,3941,3939.45,3940,49,
2024-01-09 12:27:00+05:30,3940,3942,3939.4,3939.95,10933,
2024-01-09 12:28:00+05:30,3939.4,3941.65,3937.15,3937.2,900,
2024-01-09 12:29:00+05:30,3937.2,3939.8,3936.8,3938.2,70,
2024-01-09 12:30:00+05:30,3938.2,3939.6,3936.85,3937.2,30,
2024-01-09 12:31:00+05:30,3937.2,3938.8,3936.35,3936.75,258,
2024-01-09 12:32:00+05:30,3938.35,3939.3,3936.75,3938.1,108,
2024-01-09 12:33:00+05:30,3938.1,3940,3937.65,3937.75,24,
2024-01-09 12:34:00+05:30,3937.75,3940.25,3935.9,3940,936,
2024-01-09 12:35:00+05:30,3940,3941.5,3939.45,3939.85,183,
2024-01-09 12:36:00+05:30,3939.85,3942,3939.6,3940.5,77,
2024-01-09 12:37:00+05:30,3940.5,3942,3939,3939,1635,
2024-01-09 12:38:00+05:30,3939,3941.45,3939,3939.2,226,
2024-01-09 12:39:00+05:30,3939.2,3941.2,3939,3939,573,
2024-01-09 12:40:00+05:30,3939,3942,3939,3939.6,208,
2024-01-09 12:41:00+05:30,3939.6,3940,3939.4,3939.5,252,
2024-01-09 12:42:00+05:30,3939.5,3940,3937.15,3937.85,264,
2024-01-09 12:43:00+05:30,3937.85,3939.05,3937.35,3937.7,86,
2024-01-09 12:44:00+05:30,3938.85,3939,3937.7,3937.75,57,
2024-01-09 12:45:00+05:30,3938.95,3939,3937.75,3937.85,104,
2024-01-09 12:46:00+05:30,3937.85,3939,3937.85,3937.85,75,
2024-01-09 12:47:00+05:30,3937.85,3939,3937,3937.65,805,
2024-01-09 12:48:00+05:30,3937.65,3939,3937.05,3937.35,457,
2024-01-09 12:49:00+05:30,3938.95,3938.95,3936.55,3937,77,
2024-01-09 12:50:00+05:30,3937,3938.55,3937,3937,89,
2024-01-09 12:51:00+05:30,3937,3938.35,3936.35,3937.15,118,
2024-01-09 12:52:00+05:30,3937.15,3938.2,3936.65,3938,18,
2024-01-09 12:53:00+05:30,3937,3938.05,3936.25,3936.55,78,
2024-01-09 12:54:00+05:30,3936.55,3938.25,3936.2,3936.2,83,
2024-01-09 12:55:00+05:30,3936.2,3938.65,3936.15,3936.45,106,
2024-01-09 12:56:00+05:30,3936.45,3938.35,3935.5,3936.6,626,
2024-01-09 12:57:00+05:30,3936.6,3938,3936.1,3936.75,62,
2024-01-09 12:58:00+05:30,3938.05,3938.05,3935.95,3936.25,27,
2024-01-09 12:59:00+05:30,3936.25,3937.9,3935.65,3937.8,35,
2024-01-09 13:00:00+05:30,3936.25,3937.9,3936,3936.5,49,
2024-01-09 13:01:00+05:30,3936.5,3938.95,3936.45,3937.65,125,
2024-01-09 13:02:00+05:30,3937.65,3937.9,3936.7,3936.95,27,
2024-01-09 13:03:00+05:30,3936.95,3945,3936.95,3942.45,4117,
2024-01-09 13:04:00+05:30,3942.45,3943.5,3938.95,3940,4298,
2024-01-09 13:05:00+05:30,3940,3942.2,3940,3940.65,163,
2024-01-09 13:06:00+05:30,3940.65,3942.3,3940.1,3941,128,
2024-01-09 13:07:00+05:30,3941,3942,3941,3941,187,
2024-01-09 13:08:00+05:30,3941,3943.6,3938.95,3938.95,1653,
2024-01-09 13:09:00+05:30,3939.2,3942.05,3938.7,3940,2392,
2024-01-09 13:10:00+05:30,3940,3941.8,3939.15,3939.15,203,
2024-01-09 13:11:00+05:30,3940,3940,3936,3936,360,
2024-01-09 13:12:00+05:30,3936,3938.6,3936,3936.4,280,
2024-01-09 13:13:00+05:30,3936.4,3939,3936,3936,60,
2024-01-09 13:14:00+05:30,3936,3937.95,3935.8,3935.9,156,
2024-01-09 13:15:00+05:30,3935.9,3939.2,3934.05,3934.2,1013,
2024-01-09 13:16:00+05:30,3934.2,3936.25,3934.1,3935,40,
2024-01-09 13:17:00+05:30,3935,3936.1,3935,3935.15,38,
2024-01-09 13:18:00+05:30,3935.15,3937.9,3935,3936.55,217,
2024-01-09 13:19:00+05:30,3935.5,3937,3935.1,3935.1,110,
2024-01-09 13:20:00+05:30,3935.1,3937,3935.05,3935.05,147,
2024-01-09 13:21:00+05:30,3936,3936.95,3934.1,3934.7,292,
2024-01-09 13:22:00+05:30,3934.7,3936.35,3932,3933.65,415,
2024-01-09 13:23:00+05:30,3934.7,3934.8,3931.2,3931.2,209,
2024-01-09 13:24:00+05:30,3931.75,3934.15,3930.55,3931.15,145,
2024-01-09 13:25:00+05:30,3931.15,3933,3930.1,3930.85,310,
2024-01-09 13:26:00+05:30,3932.25,3932.45,3930.5,3930.75,90,
2024-01-09 13:27:00+05:30,3930.75,3934.2,3930.75,3932.5,337,
2024-01-09 13:28:00+05:30,3932.5,3933.9,3931.55,3931.95,266,
2024-01-09 13:29:00+05:30,3931.95,3934.45,3930,3930.15,535,
2024-01-09 13:30:00+05:30,3930.15,3932.65,3930.15,3930.85,300,
2024-01-09 13:31:00+05:30,3930.8,3932.6,3930,3931.1,234,
2024-01-09 13:32:00+05:30,3931.1,3934.55,3930.15,3932,308,
2024-01-09 13:33:00+05:30,3932,3934.1,3930.4,3930.4,75,
2024-01-09 13:34:00+05:30,3930.4,3932.3,3930.3,3932.2,82,
2024-01-09 13:35:00+05:30,3930.3,3932.5,3930.3,3931.15,93,
2024-01-09 13:36:00+05:30,3931.15,3933.7,3931.15,3931.6,194,
2024-01-09 13:37:00+05:30,3933.4,3933.55,3931.6,3931.65,94,
2024-01-09 13:38:00+05:30,3931.65,3933.9,3931.5,3931.5,81,
2024-01-09 13:39:00+05:30,3931.5,3933,3930.65,3930.65,121,
2024-01-09 13:40:00+05:30,3930.65,3933,3930.4,3932,91,
2024-01-09 13:41:00+05:30,3932,3932,3930.4,3930.4,97,
2024-01-09 13:42:00+05:30,3930.4,3932,3930.4,3931.05,170,
2024-01-09 13:43:00+05:30,3931.05,3932,3931.05,3931.05,64,
2024-01-09 13:44:00+05:30,3931.1,3935,3930.4,3932.05,703,
2024-01-09 13:45:00+05:30,3932.05,3933.8,3931.1,3932,69,
2024-01-09 13:46:00+05:30,3932,3932.65,3930.45,3930.45,109,
2024-01-09 13:47:00+05:30,3930.45,3932.65,3930.4,3930.55,218,
2024-01-09 13:48:00+05:30,3930.55,3932.3,3930.4,3930.55,173,
2024-01-09 13:49:00+05:30,3930.55,3931.65,3926.05,3928.05,2169,
2024-01-09 13:50:00+05:30,3928.65,3928.65,3926.3,3926.4,163,
2024-01-09 13:51:00+05:30,3926.4,3928.35,3926.4,3926.4,102,
2024-01-09 13:52:00+05:30,3926.4,3927.95,3926.4,3926.4,164,
2024-01-09 13:53:00+05:30,3926.4,3929,3926.4,3927.45,178,
2024-01-09 13:54:00+05:30,3927.45,3929,3926.45,3926.45,110,
2024-01-09 13:55:00+05:30,3926.45,3928.25,3926.45,3926.6,212,
2024-01-09 13:56:00+05:30,3926.6,3927.25,3923.4,3924.6,2999,
2024-01-09 13:57:00+05:30,3925.85,3925.85,3924.05,3924.2,244,
2024-01-09 13:58:00+05:30,3924.2,3926.25,3923.1,3923.45,146,
2024-01-09 13:59:00+05:30,3925,3925,3923.15,3923.6,431,
2024-01-09 14:00:00+05:30,3923.6,3925,3923.15,3923.9,908,
2024-01-09 14:01:00+05:30,3923.9,3925.1,3923.25,3923.4,222,
2024-01-09 14:02:00+05:30,3923.4,3925,3923.4,3923.7,542,
2024-01-09 14:03:00+05:30,3924.8,3925,3923.7,3923.85,122,
2024-01-09 14:04:00+05:30,3923.85,3925,3923.7,3923.75,107,
2024-01-09 14:05:00+05:30,3923.75,3924.95,3923.45,3923.45,154,
2024-01-09 14:06:00+05:30,3923.45,3925,3923.45,3923.7,86,
2024-01-09 14:07:00+05:30,3923.7,3925,3923.2,3923.6,136,
2024-01-09 14:08:00+05:30,3923.6,3923.6,3922.1,3922.1,280,
2024-01-09 14:09:00+05:30,3922,3923.35,3922,3922.5,171,
2024-01-09 14:10:00+05:30,3922,3924.75,3922,3923.1,90,
2024-01-09 14:11:00+05:30,3923.1,3923.1,3922,3922,82,
2024-01-09 14:12:00+05:30,3922,3923.1,3921.05,3921.25,203,
2024-01-09 14:13:00+05:30,3921.25,3922.9,3921,3921,137,
2024-01-09 14:14:00+05:30,3921.25,3923.1,3920.6,3921.3,306,
2024-01-09 14:15:00+05:30,3921.85,3925,3921.85,3924.9,1407,
2024-01-09 14:16:00+05:30,3924.95,3925,3923.2,3924.9,200,
2024-01-09 14:17:00+05:30,3924.9,3924.9,3923.2,3924.3,65,
2024-01-09 14:18:00+05:30,3924.3,3925,3922.75,3923.55,765,
2024-01-09 14:19:00+05:30,3924.85,3927.8,3922,3926.9,6296,
2024-01-09 14:20:00+05:30,3926.9,3927.45,3922.65,3925,646,
2024-01-09 14:21:00+05:30,3924.85,3928.8,3924.55,3925.15,4752,
2024-01-09 14:22:00+05:30,3925.15,3933.95,3925.15,3930.15,1376,
2024-01-09 14:23:00+05:30,3932,3939,3930.1,3938.95,2556,
2024-01-09 14:24:00+05:30,3938.95,3940,3937,3939.95,7390,
2024-01-09 14:25:00+05:30,3939.95,3939.95,3936.25,3936.35,1983,
2024-01-09 14:26:00+05:30,3936.35,3937.95,3936,3937.8,367,
2024-01-09 14:27:00+05:30,3936.2,3937.85,3936,3937.35,735,
2024-01-09 14:28:00+05:30,3937.8,3939.9,3936,3939.9,2176,
2024-01-09 14:29:00+05:30,3940,3940,3931.55,3937.1,4694,
2024-01-09 14:30:00+05:30,3937.1,3937.1,3935,3935,123,
2024-01-09 14:31:00+05:30,3935,3940,3935,3939.9,374,
2024-01-09 14:32:00+05:30,3939.9,3946.4,3937.55,3942.15,15443,
2024-01-09 14:33:00+05:30,3942.15,3946,3942.15,3943.95,369,
2024-01-09 14:34:00+05:30,3943.95,3944.85,3942.8,3942.8,221,
2024-01-09 14:35:00+05:30,3942.8,3948,3942.6,3947.55,2750,
2024-01-09 14:36:00+05:30,3947.95,3948,3943.85,3944,381,
2024-01-09 14:37:00+05:30,3944,3945.2,3942.3,3944.95,115,
2024-01-09 14:38:00+05:30,3944.95,3959.9,3942.35,3959.1,6658,
2024-01-09 14:39:00+05:30,3959,3982,3958.2,3980.9,9985,
2024-01-09 14:40:00+05:30,3985.5,4004,3984.2,3994,25843,
2024-01-09 14:41:00+05:30,3992.6,3992.6,3981.65,3987.05,4586,
2024-01-09 14:42:00+05:30,3987.45,3989.65,3980,3980.15,3500,
2024-01-09 14:43:00+05:30,3982.6,3998.35,3980,3993.5,3346,
2024-01-09 14:44:00+05:30,3998.95,4000,3986.1,3994.15,8427,
2024-01-09 14:45:00+05:30,3994,3994,3982.3,3982.3,2920,
2024-01-09 14:46:00+05:30,3982.3,3989.85,3980.5,3985,4469,
2024-01-09 14:47:00+05:30,3986.9,3988.65,3981,3982.95,1914,
2024-01-09 14:48:00+05:30,3982.95,3983.7,3978.05,3978.7,1812,
2024-01-09 14:49:00+05:30,3978,3979.35,3975.05,3977,1226,
2024-01-09 14:50:00+05:30,3977,3978,3975,3977.4,1393,
2024-01-09 14:51:00+05:30,3977.4,3980,3975.5,3978,1433,
2024-01-09 14:52:00+05:30,3978,3980.9,3978,3978,2325,
2024-01-09 14:53:00+05:30,3978,3981.85,3978,3980.5,1442,
2024-01-09 14:54:00+05:30,3980.5,3981,3975,3980.95,4692,
2024-01-09 14:55:00+05:30,3981,3987.8,3980,3985.2,2408,
2024-01-09 14:56:00+05:30,3984,3986.25,3980.15,3985.3,1415,
2024-01-09 14:57:00+05:30,3985.3,3986.4,3980.05,3986,2334,
2024-01-09 14:58:00+05:30,3984.6,3991.4,3984.2,3990.95,1758,
2024-01-09 14:59:00+05:30,3992,3993,3987.85,3989,2363,
2024-01-09 15:00:00+05:30,3989.35,3990.7,3985.1,3989.6,2843,
2024-01-09 15:01:00+05:30,3989.6,3991.5,3986.9,3991.5,2268,
2024-01-09 15:02:00+05:30,3991.5,3992.95,3990,3990.3,1119,
2024-01-09 15:03:00+05:30,3990.3,3990.75,3986.75,3987.4,1809,
2024-01-09 15:04:00+05:30,3987.9,3990.95,3987,3988.1,2035,
2024-01-09 15:05:00+05:30,3988.1,3989.4,3988.05,3988.55,1218,
2024-01-09 15:06:00+05:30,3988.65,3990,3988.55,3989.2,2096,
2024-01-09 15:07:00+05:30,3989.15,3990.45,3987.15,3990.3,2719,
2024-01-09 15:08:00+05:30,3990.05,3991.5,3988.4,3988.4,1543,
2024-01-09 15:09:00+05:30,3988.4,3990.65,3988.4,3990.2,988,
2024-01-09 15:10:00+05:30,3990.2,3990.55,3987,3987.9,1758,
2024-01-09 15:11:00+05:30,3990,3990.4,3981.55,3981.9,11450,
2024-01-09 15:12:00+05:30,3981.95,3982.75,3973.05,3973.75,3152,
2024-01-09 15:13:00+05:30,3973.7,3975,3972.1,3974.95,1742,
2024-01-09 15:14:00+05:30,3973,3974.95,3967.25,3971.95,1919,
2024-01-09 15:15:00+05:30,3971.95,3976.45,3971.95,3975.55,3012,
2024-01-09 15:16:00+05:30,3975.55,3977.8,3974.8,3976.7,1829,
2024-01-09 15:17:00+05:30,3976.7,3978,3975,3978,2525,
2024-01-09 15:18:00+05:30,3978,3986.4,3977.95,3981.05,2857,
2024-01-09 15:19:00+05:30,3981.05,3987,3979.1,3982.95,1983,
2024-01-09 15:20:00+05:30,3984.9,3984.95,3980.95,3982.6,2162,
2024-01-09 15:21:00+05:30,3982.6,3982.6,3979.6,3979.6,2069,
2024-01-09 15:22:00+05:30,3981,3983.95,3980.35,3982.8,2598,
2024-01-09 15:23:00+05:30,3982.85,3989,3982.85,3987.55,2009,
2024-01-09 15:24:00+05:30,3987.55,3989.2,3986.75,3986.75,1841,
2024-01-09 15:25:00+05:30,3986.75,3989,3985,3987.2,1184,
2024-01-09 15:26:00+05:30,3987.2,3987.2,3985.55,3985.55,958,
2024-01-09 15:27:00+05:30,3985.7,3987.9,3985.55,3987.9,2321,
2024-01-09 15:28:00+05:30,3987,3987.9,3985,3986.65,2823,
2024-01-09 15:29:00+05:30,3985.9,3987,3985,3986.2,809,
2024-01-10 09:15:00+05:30,3984.65,3994.65,3971,3991.6,1824,
2024-01-10 09:16:00+05:30,3994.3,4000,3992.25,3997,1974,
2024-01-10 09:17:00+05:30,3997,4007.3,3997,4005.05,2077,
2024-01-10 09:18:00+05:30,4006,4010,4004.6,4007.8,1410,
2024-01-10 09:19:00+05:30,4007.8,4014.5,4007.8,4013,1281,
2024-01-10 09:20:00+05:30,4013,4016.8,4009,4014.2,4971,
2024-01-10 09:21:00+05:30,4016.85,4016.9,4005.3,4005.3,3466,
2024-01-10 09:22:00+05:30,4006.6,4006.6,3996.1,4001.9,2101,
2024-01-10 09:23:00+05:30,4004.35,4004.85,3998,3998,1202,
2024-01-10 09:24:00+05:30,3998,4002.65,3998,4000,700,
2024-01-10 09:25:00+05:30,4000,4000,3991.1,3993.1,1414,
2024-01-10 09:26:00+05:30,3993.1,3996.1,3991,3991.25,1485,
2024-01-10 09:27:00+05:30,3991,3995.45,3991,3995.45,699,
2024-01-10 09:28:00+05:30,3993.65,3995.95,3985.7,3985.9,1252,
2024-01-10 09:29:00+05:30,3985.9,3987.3,3980,3981.05,976,
2024-01-10 09:30:00+05:30,3981.05,3981.05,3968.55,3976.75,2994,
2024-01-10 09:31:00+05:30,3980,3980.4,3974.85,3976.45,2254,
2024-01-10 09:32:00+05:30,3977,3982.1,3972.1,3978.7,1558,
2024-01-10 09:33:00+05:30,3978.35,3985.3,3977.25,3984.8,2153,
2024-01-10 09:34:00+05:30,3984.8,3984.8,3976.1,3977.05,2036,
2024-01-10 09:35:00+05:30,3977.05,3981.8,3977,3977.5,1119,
2024-01-10 09:36:00+05:30,3977.5,3980,3977.5,3979,173,
2024-01-10 09:37:00+05:30,3978,3980.4,3976.1,3980.4,595,
2024-01-10 09:38:00+05:30,3980.4,3988.4,3980.4,3986,1059,
2024-01-10 09:39:00+05:30,3986,3986.8,3981.8,3986.05,341,
2024-01-10 09:40:00+05:30,3986.5,3991.8,3984,3989.35,439,
2024-01-10 09:41:00+05:30,3989.35,3991.7,3982.55,3983.8,557,
2024-01-10 09:42:00+05:30,3983.8,3991,3982.6,3990.6,1514,
2024-01-10 09:43:00+05:30,3988.6,3990.6,3986.55,3986.55,299,
2024-01-10 09:44:00+05:30,3986.55,3990,3986.55,3989,459,
2024-01-10 09:45:00+05:30,3989,3990,3985.35,3985.45,932,
2024-01-10 09:46:00+05:30,3985.45,3987,3985,3986.8,104,
2024-01-10 09:47:00+05:30,3986.8,3988.9,3985,3987.35,707,
2024-01-10 09:48:00+05:30,3986.4,3986.4,3980.5,3982.1,372,
2024-01-10 09:49:00+05:30,3983.8,3985.35,3981.05,3985,628,
2024-01-10 09:50:00+05:30,3985,3985,3981.2,3982,287,
2024-01-10 09:51:00+05:30,3982,3984.15,3977.05,3977.65,1139,
2024-01-10 09:52:00+05:30,3977.65,3981.05,3977.05,3979.5,263,
2024-01-10 09:53:00+05:30,3979.5,3979.5,3976.95,3977.1,28,
2024-01-10 09:54:00+05:30,3977.1,3978.95,3976.75,3978.65,182,
2024-01-10 09:55:00+05:30,3978.65,3979.45,3971.55,3971.55,1270,
2024-01-10 09:56:00+05:30,3971.5,3975.95,3971.5,3974,438,
2024-01-10 09:57:00+05:30,3974,3978.55,3972.75,3975.9,350,
2024-01-10 09:58:00+05:30,3975.9,3975.9,3961.1,3961.5,1755,
2024-01-10 09:59:00+05:30,3961.5,3967.9,3961.5,3966,627,
2024-01-10 10:00:00+05:30,3967.9,3967.9,3960.2,3964.35,869,
2024-01-10 10:01:00+05:30,3964.35,3965,3962.45,3964.4,44,
2024-01-10 10:02:00+05:30,3964.4,3964.4,3960.2,3961,299,
2024-01-10 10:03:00+05:30,3961,3962.05,3958.8,3960.55,1330,
2024-01-10 10:04:00+05:30,3959.3,3960.6,3957.95,3960.05,504,
2024-01-10 10:05:00+05:30,3960.05,3966.75,3958.85,3965.05,912,
2024-01-10 10:06:00+05:30,3965.05,3966,3964.5,3964.5,338,
2024-01-10 10:07:00+05:30,3966.4,3967.45,3964.5,3965,2184,
2024-01-10 10:08:00+05:30,3965,3967.9,3965,3966.2,174,
2024-01-10 10:09:00+05:30,3966.2,3969.2,3966.2,3968,509,
2024-01-10 10:10:00+05:30,3968,3971.8,3966,3966,858,
2024-01-10 10:11:00+05:30,3966,3966.65,3962.1,3962.1,383,
2024-01-10 10:12:00+05:30,3962.1,3965,3961.95,3961.95,186,
2024-01-10 10:13:00+05:30,3961.95,3964.1,3961.95,3963.7,105,
2024-01-10 10:14:00+05:30,3963.7,3966.55,3962.25,3964.8,262,
2024-01-10 10:15:00+05:30,3964.8,3966.45,3963.95,3965.5,201,
2024-01-10 10:16:00+05:30,3966.6,3966.9,3963.35,3965,471,
2024-01-10 10:17:00+05:30,3965,3970,3965,3970,384,
2024-01-10 10:18:00+05:30,3970,3970.35,3965.9,3970.35,345,
2024-01-10 10:19:00+05:30,3970.35,3970.95,3968.8,3968.8,265,
2024-01-10 10:20:00+05:30,3968.8,3970.8,3968.55,3968.65,125,
2024-01-10 10:21:00+05:30,3968.65,3970.8,3968.65,3969,81,
2024-01-10 10:22:00+05:30,3970.55,3970.55,3965.35,3969.2,528,
2024-01-10 10:23:00+05:30,3969.2,3969.2,3967.95,3968.95,50,
2024-01-10 10:24:00+05:30,3966.75,3968.1,3966.45,3967.95,44,
2024-01-10 10:25:00+05:30,3967.95,3967.95,3964.95,3964.95,15,
2024-01-10 10:26:00+05:30,3965,3968.45,3963.45,3966.25,221,
2024-01-10 10:27:00+05:30,3966.25,3967.3,3965,3965,114,
2024-01-10 10:28:00+05:30,3965,3965.35,3963.85,3965.15,91,
2024-01-10 10:29:00+05:30,3963.45,3965.15,3961.25,3961.25,276,
2024-01-10 10:30:00+05:30,3961.25,3963.95,3961.2,3961.55,432,
2024-01-10 10:31:00+05:30,3963.25,3965.2,3961.3,3965.2,218,
2024-01-10 10:32:00+05:30,3965.2,3965.2,3962.9,3963.3,63,
2024-01-10 10:33:00+05:30,3963.3,3964.85,3961.95,3964.85,494,
2024-01-10 10:34:00+05:30,3964.85,3964.85,3961.7,3961.7,159,
2024-01-10 10:35:00+05:30,3962.5,3962.5,3958.2,3958.2,936,
2024-01-10 10:36:00+05:30,3958.2,3968.3,3958.2,3968.3,1615,
2024-01-10 10:37:00+05:30,3968.3,3970,3967.75,3969.05,206,
2024-01-10 10:38:00+05:30,3969.05,3971,3968.95,3968.95,234,
2024-01-10 10:39:00+05:30,3971,3975,3969.35,3975,516,
2024-01-10 10:40:00+05:30,3975,3977.95,3973.95,3975.1,442,
2024-01-10 10:41:00+05:30,3975.1,3975.1,3971.05,3973.95,326,
2024-01-10 10:42:00+05:30,3973.95,3975,3971.2,3971.2,371,
2024-01-10 10:43:00+05:30,3971.2,3973.7,3971.2,3973.7,153,
2024-01-10 10:44:00+05:30,3973.7,3974,3971.55,3971.55,337,
2024-01-10 10:45:00+05:30,3971.55,3974.3,3971.55,3973.75,259,
2024-01-10 10:46:00+05:30,3973.8,3974.95,3972.7,3972.7,129,
2024-01-10 10:47:00+05:30,3972.7,3975,3972.7,3975,16,
2024-01-10 10:48:00+05:30,3975,3975,3972.8,3972.8,173,
2024-01-10 10:49:00+05:30,3972.8,3972.8,3967.5,3967.55,341,
2024-01-10 10:50:00+05:30,3967.55,3968.8,3965.05,3965.05,408,
2024-01-10 10:51:00+05:30,3965.05,3968.45,3965.05,3967.75,27,
2024-01-10 10:52:00+05:30,3967.75,3970.85,3967.75,3970.85,270,
2024-01-10 10:53:00+05:30,3970.85,3972.1,3970.85,3972.1,80,
2024-01-10 10:54:00+05:30,3972.1,3973,3972.1,3973,21,
2024-01-10 10:55:00+05:30,3973,3973,3966.55,3969.45,816,
2024-01-10 10:56:00+05:30,3969.45,3969.65,3967,3968,22,
2024-01-10 10:57:00+05:30,3968,3968.6,3966.75,3968.6,38,
2024-01-10 10:58:00+05:30,3966.8,3968.8,3966.8,3968.8,68,
2024-01-10 10:59:00+05:30,3968.8,3970,3966.45,3968.9,352,
2024-01-10 11:00:00+05:30,3968.9,3968.9,3965.6,3966.9,271,
2024-01-10 11:01:00+05:30,3966.9,3969.6,3955.05,3955.05,2463,
2024-01-10 11:02:00+05:30,3956.5,3957.95,3951.3,3953,2030,
2024-01-10 11:03:00+05:30,3953,3955.95,3946.6,3950,2656,
2024-01-10 11:04:00+05:30,3949,3949.95,3943.95,3948.25,1060,
2024-01-10 11:05:00+05:30,3948.25,3950.95,3947.5,3948.9,804,
2024-01-10 11:06:00+05:30,3948.95,3949.9,3939,3939,1993,
2024-01-10 11:07:00+05:30,3939,3945.9,3934.05,3945.6,1569,
2024-01-10 11:08:00+05:30,3945.6,3945.95,3942.15,3943.95,501,
2024-01-10 11:09:00+05:30,3943.95,3945.05,3942.2,3942.8,547,
2024-01-10 11:10:00+05:30,3942.8,3945.45,3942.8,3945,303,
2024-01-10 11:11:00+05:30,3945.3,3948.1,3943.6,3947.8,589,
2024-01-10 11:12:00+05:30,3947.8,3952,3947.8,3951,202,
2024-01-10 11:13:00+05:30,3951.6,3953.95,3951.35,3953.9,234,
2024-01-10 11:14:00+05:30,3953,3957.85,3952,3953.35,744,
2024-01-10 11:15:00+05:30,3953.35,3953.35,3945,3945,518,
2024-01-10 11:16:00+05:30,3946.65,3947.55,3945,3945.45,387,
2024-01-10 11:17:00+05:30,3945.45,3947.9,3945,3945,537,
2024-01-10 11:18:00+05:30,3945,3946.45,3944,3944,607,
2024-01-10 11:19:00+05:30,3944,3945,3943,3945,385,
2024-01-10 11:20:00+05:30,3945,3945,3943,3945,327,
2024-01-10 11:21:00+05:30,3945,3945,3943.05,3945,60,
2024-01-10 11:22:00+05:30,3945,3945,3939,3939,1045,
2024-01-10 11:23:00+05:30,3939.15,3941.4,3938.05,3941,529,
2024-01-10 11:24:00+05:30,3941,3941,3940,3941,202,
2024-01-10 11:25:00+05:30,3941,3941,3938,3940.1,941,
2024-01-10 11:26:00+05:30,3940.1,3945,3940.1,3943.55,927,
2024-01-10 11:27:00+05:30,3943.55,3948,3943.55,3948,1821,
2024-01-10 11:28:00+05:30,3948,3949.4,3942,3943.55,890,
2024-01-10 11:29:00+05:30,3944.6,3944.7,3941.15,3941.15,83,
2024-01-10 11:30:00+05:30,3941.15,3943.9,3940.95,3942.7,152,
2024-01-10 11:31:00+05:30,3942.7,3942.95,3940.2,3942.65,353,
2024-01-10 11:32:00+05:30,3943,3943,3938,3938.05,450,
2024-01-10 11:33:00+05:30,3938.05,3940.55,3925.85,3928.55,4727,
2024-01-10 11:34:00+05:30,3928.55,3933,3928.45,3933,581,
2024-01-10 11:35:00+05:30,3933,3933,3930.75,3932.75,397,
2024-01-10 11:36:00+05:30,3932.75,3938.95,3932.75,3933.45,464,
2024-01-10 11:37:00+05:30,3932.55,3935,3932.1,3935,358,
2024-01-10 11:38:00+05:30,3935,3935.75,3932.55,3932.55,220,
2024-01-10 11:39:00+05:30,3934.95,3935.95,3932.7,3935.35,465,
2024-01-10 11:40:00+05:30,3935.35,3935.35,3932,3934.7,558,
2024-01-10 11:41:00+05:30,3934.7,3935.5,3932.25,3934.65,284,
2024-01-10 11:42:00+05:30,3934.65,3935,3933.35,3933.55,216,
2024-01-10 11:43:00+05:30,3933.55,3935,3933.5,3933.65,211,
2024-01-10 11:44:00+05:30,3933.65,3935,3932.05,3933,542,
2024-01-10 11:45:00+05:30,3933,3933,3929.2,3932,1235,
2024-01-10 11:46:00+05:30,3932,3932,3929.2,3930,461,
2024-01-10 11:47:00+05:30,3930,3930,3928,3929.9,339,
2024-01-10 11:48:00+05:30,3929.9,3930,3929,3930,60,
2024-01-10 11:49:00+05:30,3930,3930,3929,3929.05,579,
2024-01-10 11:50:00+05:30,3929.05,3930,3929,3930,139,
2024-01-10 11:51:00+05:30,3930,3930,3929,3930,329,
2024-01-10 11:52:00+05:30,3930,3930,3929.05,3929.05,211,
2024-01-10 11:53:00+05:30,3929.2,3930,3929.05,3930,267,
2024-01-10 11:54:00+05:30,3930,3930,3929.05,3930,135,
2024-01-10 11:55:00+05:30,3930,3930,3929.9,3929.9,72,
2024-01-10 11:56:00+05:30,3929.9,3930,3929.05,3929.3,444,
2024-01-10 11:57:00+05:30,3930,3930,3927,3928.05,787,
2024-01-10 11:58:00+05:30,3928.05,3928.2,3927,3927.2,56,
2024-01-10 11:59:00+05:30,3927.2,3929.35,3927.2,3929.15,489,
2024-01-10 12:00:00+05:30,3929.15,3929.9,3927.45,3928.15,93,
2024-01-10 12:01:00+05:30,3928.15,3930,3928.15,3930,204,
2024-01-10 12:02:00+05:30,3930,3930,3929,3929.2,125,
2024-01-10 12:03:00+05:30,3929.15,3929.25,3927.25,3928,498,
2024-01-10 12:04:00+05:30,3928,3929.35,3927,3927,630,
2024-01-10 12:05:00+05:30,3927,3927.2,3916.35,3916.35,6546,
2024-01-10 12:06:00+05:30,3917.45,3922.95,3917.45,3921,1895,
2024-01-10 12:07:00+05:30,3921,3924.95,3919.5,3921.5,799,
2024-01-10 12:08:00+05:30,3921.5,3923,3919.9,3920.85,594,
2024-01-10 12:09:00+05:30,3920.85,3923,3919.55,3923,896,
2024-01-10 12:10:00+05:30,3923,3924.9,3922.05,3924.9,384,
2024-01-10 12:11:00+05:30,3924.9,3924.9,3923.55,3924.9,238,
2024-01-10 12:12:00+05:30,3925.55,3925.55,3920,3920,3609,
2024-01-10 12:13:00+05:30,3920,3921.65,3920,3921.65,272,
2024-01-10 12:14:00+05:30,3921.65,3922.55,3918.75,3921.7,745,
2024-01-10 12:15:00+05:30,3921.15,3923.15,3919.05,3920.3,199,
2024-01-10 12:16:00+05:30,3920.3,3921.95,3920,3921.8,446,
2024-01-10 12:17:00+05:30,3921.8,3922.95,3920,3922.9,195,
2024-01-10 12:18:00+05:30,3922.9,3924.95,3921.3,3924.55,388,
2024-01-10 12:19:00+05:30,3924.55,3924.65,3922.1,3924.25,429,
2024-01-10 12:20:00+05:30,3924.25,3925,3922.3,3925,128,
2024-01-10 12:21:00+05:30,3925,3925,3921,3921,617,
2024-01-10 12:22:00+05:30,3921,3925,3921,3925,989,
2024-01-10 12:23:00+05:30,3925,3931.3,3924.4,3931.3,2841,
2024-01-10 12:24:00+05:30,3931.7,3931.75,3926.8,3927.25,853,
2024-01-10 12:25:00+05:30,3928.95,3930,3927.05,3927.4,650,
2024-01-10 12:26:00+05:30,3927.4,3930,3927.4,3928.05,201,
2024-01-10 12:27:00+05:30,3928.05,3930,3928,3930,86,
2024-01-10 12:28:00+05:30,3926,3930,3926,3928.6,1356,
2024-01-10 12:29:00+05:30,3928.6,3930,3928.1,3929.55,326,
2024-01-10 12:30:00+05:30,3929.55,3930,3928.1,3930,159,
2024-01-10 12:31:00+05:30,3930,3930,3928,3928.2,48,
2024-01-10 12:32:00+05:30,3928.2,3929.8,3928,3929.8,191,
2024-01-10 12:33:00+05:30,3929.8,3930,3928.15,3929.05,225,
2024-01-10 12:34:00+05:30,3930,3935.45,3929.15,3935,3566,
2024-01-10 12:35:00+05:30,3935.6,3935.6,3932.1,3933.1,433,
2024-01-10 12:36:00+05:30,3932.1,3934.1,3932.1,3934.1,124,
2024-01-10 12:37:00+05:30,3932.4,3934,3932.05,3934,292,
2024-01-10 12:38:00+05:30,3934,3935.5,3932.45,3933.55,865,
2024-01-10 12:39:00+05:30,3933.55,3933.8,3932.1,3932.15,229,
2024-01-10 12:40:00+05:30,3932.15,3932.95,3930.05,3930.3,597,
2024-01-10 12:41:00+05:30,3930.3,3932.55,3929.8,3930,584,
2024-01-10 12:42:00+05:30,3930,3931.55,3929.5,3930,462,
2024-01-10 12:43:00+05:30,3930,3932,3929.15,3929.15,646,
2024-01-10 12:44:00+05:30,3930.9,3931.25,3928.05,3930,518,
2024-01-10 12:45:00+05:30,3930,3930,3921.65,3923.4,1469,
2024-01-10 12:46:00+05:30,3925.2,3925.3,3922.9,3923.25,358,
2024-01-10 12:47:00+05:30,3925.1,3930,3925.1,3929.25,318,
2024-01-10 12:48:00+05:30,3929.25,3930,3926.25,3926.25,80,
2024-01-10 12:49:00+05:30,3926.25,3928.45,3925,3928.25,57,
2024-01-10 12:50:00+05:30,3928.25,3928.25,3925.35,3925.7,183,
2024-01-10 12:51:00+05:30,3925.7,3928.3,3925,3926.2,369,
2024-01-10 12:52:00+05:30,3926.2,3930,3924,3925,855,
2024-01-10 12:53:00+05:30,3924,3925.8,3922.25,3925,925,
2024-01-10 12:54:00+05:30,3925,3926,3923.55,3925.9,518,
2024-01-10 12:55:00+05:30,3925.9,3925.95,3922.65,3924.7,82,
2024-01-10 12:56:00+05:30,3924.7,3924.7,3920,3921.8,770,
2024-01-10 12:57:00+05:30,3921.8,3921.8,3916.35,3916.75,678,
2024-01-10 12:58:00+05:30,3916.75,3917.2,3912.3,3915,3964,
2024-01-10 12:59:00+05:30,3915,3922.7,3914.95,3922.7,1852,
2024-01-10 13:00:00+05:30,3920.05,3923,3920,3920,66,
2024-01-10 13:01:00+05:30,3920,3920.7,3916.55,3919,403,
2024-01-10 13:02:00+05:30,3919,3919.95,3917.4,3919.95,42,
2024-01-10 13:03:00+05:30,3919.95,3919.95,3917.05,3917.75,446,
2024-01-10 13:04:00+05:30,3917.75,3918.65,3916.45,3918,237,
2024-01-10 13:05:00+05:30,3918,3919.05,3916.5,3918.7,109,
2024-01-10 13:06:00+05:30,3918.7,3918.8,3917,3918.65,609,
2024-01-10 13:07:00+05:30,3918.65,3918.65,3916,3916,285,
2024-01-10 13:08:00+05:30,3916,3918.4,3916,3918.4,109,
2024-01-10 13:09:00+05:30,3918.4,3918.4,3916,3916.95,83,
2024-01-10 13:10:00+05:30,3916.2,3917.6,3916,3916,162,
2024-01-10 13:11:00+05:30,3916,3917.9,3915,3916.05,187,
2024-01-10 13:12:00+05:30,3917.8,3917.9,3915.2,3916.95,228,
2024-01-10 13:13:00+05:30,3916.95,3917.8,3915.2,3917.1,276,
2024-01-10 13:14:00+05:30,3917.1,3917.1,3905,3907,4493,
2024-01-10 13:15:00+05:30,3907.05,3907.05,3900,3901.75,3219,
2024-01-10 13:16:00+05:30,3901.75,3901.85,3895,3895.85,1615,
2024-01-10 13:17:00+05:30,3895.8,3900.9,3893.25,3900.9,1374,
2024-01-10 13:18:00+05:30,3900.9,3902.85,3900,3900.3,476,
2024-01-10 13:19:00+05:30,3900.3,3905,3900,3904,669,
2024-01-10 13:20:00+05:30,3904,3904.85,3903.25,3904.4,832,
2024-01-10 13:21:00+05:30,3903.55,3905.95,3903.55,3905.8,305,
2024-01-10 13:22:00+05:30,3905.8,3911,3904.8,3909.65,315,
2024-01-10 13:23:00+05:30,3909.65,3910.6,3907.55,3909.6,361,
2024-01-10 13:24:00+05:30,3909.6,3909.6,3903.2,3903.6,474,
2024-01-10 13:25:00+05:30,3902.05,3903.65,3900.3,3901.4,440,
2024-01-10 13:26:00+05:30,3901.4,3902.25,3900.4,3901,165,
2024-01-10 13:27:00+05:30,3901,3901,3898,3898.95,1315,
2024-01-10 13:28:00+05:30,3898,3901.7,3896.4,3897.5,1300,
2024-01-10 13:29:00+05:30,3897.5,3899.65,3896.3,3899.2,175,
2024-01-10 13:30:00+05:30,3899.2,3901,3898.25,3898.25,568,
2024-01-10 13:31:00+05:30,3898.25,3900,3898,3899.1,803,
2024-01-10 13:32:00+05:30,3900,3900,3897.05,3898,630,
2024-01-10 13:33:00+05:30,3898,3898.95,3897,3897,152,
2024-01-10 13:34:00+05:30,3897,3899,3897,3898.8,160,
2024-01-10 13:35:00+05:30,3898.8,3898.95,3897.2,3898.9,378,
2024-01-10 13:36:00+05:30,3898.9,3899,3892,3893.1,1894,
2024-01-10 13:37:00+05:30,3892.05,3895.9,3892.05,3893.75,759,
2024-01-10 13:38:00+05:30,3893.75,3894.75,3886.85,3888.2,3485,
2024-01-10 13:39:00+05:30,3888.2,3888.75,3883.7,3885,1672,
2024-01-10 13:40:00+05:30,3885,3886.9,3884.2,3884.2,947,
2024-01-10 13:41:00+05:30,3885,3886.6,3884.2,3885,2411,
2024-01-10 13:42:00+05:30,3884.5,3885.5,3883.85,3883.85,331,
2024-01-10 13:43:00+05:30,3884.95,3885,3883.25,3885,558,
2024-01-10 13:44:00+05:30,3885,3887.8,3884.5,3887.8,1376,
2024-01-10 13:45:00+05:30,3887.8,3888.9,3886.25,3888,426,
2024-01-10 13:46:00+05:30,3888,3888.9,3886.55,3887.6,255,
2024-01-10 13:47:00+05:30,3886.55,3888.45,3886.55,3888.1,123,
2024-01-10 13:48:00+05:30,3888.1,3889.9,3888.1,3889,335,
2024-01-10 13:49:00+05:30,3889,3891,3886.6,3888.9,959,
2024-01-10 13:50:00+05:30,3889.7,3890.9,3888.05,3890.4,258,
2024-01-10 13:51:00+05:30,3890.4,3890.45,3888.05,3888.6,336,
2024-01-10 13:52:00+05:30,3890,3891.9,3889.1,3889.95,470,
2024-01-10 13:53:00+05:30,3891.6,3891.65,3890,3891.65,215,
2024-01-10 13:54:00+05:30,3891.6,3892,3890,3892,183,
2024-01-10 13:55:00+05:30,3892,3896.8,3891.55,3895.95,1572,
2024-01-10 13:56:00+05:30,3895.95,3897.7,3893.8,3897.7,1867,
2024-01-10 13:57:00+05:30,3897.6,3899.4,3896,3896.6,882,
2024-01-10 13:58:00+05:30,3896.6,3896.6,3894.05,3895.65,321,
2024-01-10 13:59:00+05:30,3895.65,3896.6,3894,3896.6,270,
2024-01-10 14:00:00+05:30,3896.6,3897.3,3895.55,3897.3,291,
2024-01-10 14:01:00+05:30,3897.3,3898,3895.65,3895.7,403,
2024-01-10 14:02:00+05:30,3895.7,3896.9,3895.4,3895.95,507,
2024-01-10 14:03:00+05:30,3895.95,3895.95,3890,3890.95,975,
2024-01-10 14:04:00+05:30,3891,3894.4,3890,3891,405,
2024-01-10 14:05:00+05:30,3891,3892.25,3890,3892.05,385,
2024-01-10 14:06:00+05:30,3892,3893.5,3890.5,3890.75,171,
2024-01-10 14:07:00+05:30,3891.7,3893.8,3890.45,3893.35,654,
2024-01-10 14:08:00+05:30,3892.25,3897.95,3892.25,3896.9,1068,
2024-01-10 14:09:00+05:30,3896.9,3897.45,3894.15,3894.55,719,
2024-01-10 14:10:00+05:30,3896.5,3896.5,3894.55,3895,307,
2024-01-10 14:11:00+05:30,3896.4,3898.7,3895,3898.7,427,
2024-01-10 14:12:00+05:30,3898.65,3898.65,3895.15,3898,242,
2024-01-10 14:13:00+05:30,3898.35,3898.35,3895.3,3897.9,474,
2024-01-10 14:14:00+05:30,3897.9,3898,3896.05,3898,309,
2024-01-10 14:15:00+05:30,3898,3898,3895.3,3895.3,221,
2024-01-10 14:16:00+05:30,3895.3,3896.8,3895,3896.5,129,
2024-01-10 14:17:00+05:30,3896.5,3896.5,3895,3895.15,106,
2024-01-10 14:18:00+05:30,3895.15,3895.2,3894,3894.15,413,
2024-01-10 14:19:00+05:30,3895.05,3897,3894.05,3895.05,547,
2024-01-10 14:20:00+05:30,3895.05,3897,3895.05,3895.9,251,
2024-01-10 14:21:00+05:30,3895.9,3897,3892.3,3892.5,429,
2024-01-10 14:22:00+05:30,3892.5,3893.9,3891,3891.7,321,
2024-01-10 14:23:00+05:30,3891.7,3891.7,3891,3891.7,238,
2024-01-10 14:24:00+05:30,3891.7,3892.9,3888.35,3890,1819,
2024-01-10 14:25:00+05:30,3890,3891.4,3888.4,3890.5,807,
2024-01-10 14:26:00+05:30,3890.5,3891,3887.55,3888.9,267,
2024-01-10 14:27:00+05:30,3888.9,3889.1,3885,3888.35,381,
2024-01-10 14:28:00+05:30,3888.35,3888.8,3885,3885,1161,
2024-01-10 14:29:00+05:30,3885,3885,3880.5,3881.3,1918,
2024-01-10 14:30:00+05:30,3881.3,3883.2,3877.55,3882.9,5156,
2024-01-10 14:31:00+05:30,3884.1,3884.9,3880.3,3880.75,860,
2024-01-10 14:32:00+05:30,3880.75,3882.4,3880,3881.9,507,
2024-01-10 14:33:00+05:30,3881,3881.9,3880,3880,623,
2024-01-10 14:34:00+05:30,3880,3882.35,3878.6,3881.35,746,
2024-01-10 14:35:00+05:30,3881.35,3883.9,3880.5,3881,632,
2024-01-10 14:36:00+05:30,3881,3884.5,3881,3881.45,1151,
2024-01-10 14:37:00+05:30,3881.45,3884.4,3881.45,3882.25,886,
2024-01-10 14:38:00+05:30,3882.25,3884.2,3882,3884,935,
2024-01-10 14:39:00+05:30,3884,3884.4,3882.4,3884,1392,
2024-01-10 14:40:00+05:30,3884,3891.7,3883.65,3888.6,2203,
2024-01-10 14:41:00+05:30,3888.6,3891.25,3883.7,3889.5,5011,
2024-01-10 14:42:00+05:30,3891,3891,3884.15,3884.15,4676,
2024-01-10 14:43:00+05:30,3884.15,3888.5,3884,3888,3827,
2024-01-10 14:44:00+05:30,3888,3891.9,3886.8,3890.3,1351,
2024-01-10 14:45:00+05:30,3890.3,3893.9,3890.3,3893,1456,
2024-01-10 14:46:00+05:30,3893,3893.25,3892.05,3893,181,
2024-01-10 14:47:00+05:30,3893,3893,3890.5,3892.4,255,
2024-01-10 14:48:00+05:30,3892.4,3894,3890.9,3891.45,1104,
2024-01-10 14:49:00+05:30,3893.4,3893.7,3890.6,3893.7,361,
2024-01-10 14:50:00+05:30,3893.7,3894.7,3893,3894.7,134,
2024-01-10 14:51:00+05:30,3894.7,3898.6,3893.85,3897.45,1530,
2024-01-10 14:52:00+05:30,3898.55,3899.35,3895.5,3895.65,1149,
2024-01-10 14:53:00+05:30,3894.95,3897.1,3894.95,3897,408,
2024-01-10 14:54:00+05:30,3897,3899.25,3895.35,3897.85,1836,
2024-01-10 14:55:00+05:30,3897.8,3900,3893.05,3894.1,2984,
2024-01-10 14:56:00+05:30,3894.1,3895.2,3891.6,3895.2,312,
2024-01-10 14:57:00+05:30,3895.2,3898.95,3894.7,3897.3,581,
2024-01-10 14:58:00+05:30,3897.3,3899,3895.3,3899,854,
2024-01-10 14:59:00+05:30,3899,3899,3897,3898.95,1487,
2024-01-10 15:00:00+05:30,3898.05,3902,3898,3899,4755,
2024-01-10 15:01:00+05:30,3899,3900.45,3898.25,3899,2949,
2024-01-10 15:02:00+05:30,3899,3900.5,3898.6,3900.5,5767,
2024-01-10 15:03:00+05:30,3899.85,3903.35,3899.85,3901.6,1554,
2024-01-10 15:04:00+05:30,3901.6,3904,3901.4,3903.45,712,
2024-01-10 15:05:00+05:30,3903.45,3904.8,3901.5,3904.05,1121,
2024-01-10 15:06:00+05:30,3903,3903.9,3901.5,3902,745,
2024-01-10 15:07:00+05:30,3901.7,3901.85,3900,3900.05,1251,
2024-01-10 15:08:00+05:30,3900.55,3900.55,3898.55,3899.55,1546,
2024-01-10 15:09:00+05:30,3898.95,3904.5,3898.95,3903.5,2170,
2024-01-10 15:10:00+05:30,3904.25,3905.1,3902.25,3903,1700,
2024-01-10 15:11:00+05:30,3903,3903.45,3900.45,3901.1,879,
2024-01-10 15:12:00+05:30,3900.35,3901.8,3900.05,3900.65,559,
2024-01-10 15:13:00+05:30,3900.35,3901.3,3898.5,3900,2506,
2024-01-10 15:14:00+05:30,3900,3903.55,3899.9,3902,1440,
2024-01-10 15:15:00+05:30,3903.2,3904.8,3900.65,3901.95,2577,
2024-01-10 15:16:00+05:30,3902.55,3905,3901.05,3904,2122,
2024-01-10 15:17:00+05:30,3904,3905,3901.4,3905,2611,
2024-01-10 15:18:00+05:30,3905,3905,3897.65,3900.15,5239,
2024-01-10 15:19:00+05:30,3900.15,3906,3900.1,3905.8,4474,
2024-01-10 15:20:00+05:30,3905.7,3906,3903,3905,3720,
2024-01-10 15:21:00+05:30,3904.9,3905,3903.9,3904.85,1412,
2024-01-10 15:22:00+05:30,3904.8,3906,3904,3905,2804,
2024-01-10 15:23:00+05:30,3905,3905.75,3904.75,3905,3747,
2024-01-10 15:24:00+05:30,3905,3905.1,3904.75,3905,2241,
2024-01-10 15:25:00+05:30,3906.65,3907.7,3904,3905,3481,
2024-01-10 15:26:00+05:30,3905,3907.9,3904.4,3905,3809,
2024-01-10 15:27:00+05:30,3905,3905.65,3903.55,3905,2755,
2024-01-10 15:28:00+05:30,3903.5,3906,3900.4,3904.4,4228,
2024-01-10 15:29:00+05:30,3904.4,3906,3903,3904.95,2421,
2024-01-11 09:15:00+05:30,3902.65,3929.9,3902.65,3923.55,2667,
2024-01-11 09:16:00+05:30,3920,3936.35,3919.45,3934.2,2191,
2024-01-11 09:17:00+05:30,3934.25,3942.9,3931.05,3932.95,2891,
2024-01-11 09:18:00+05:30,3932.95,3936.35,3930.3,3933,1246,
2024-01-11 09:19:00+05:30,3933,3939.95,3931.45,3934.9,1297,
2024-01-11 09:20:00+05:30,3934.7,3936.85,3921.3,3922.4,2518,
2024-01-11 09:21:00+05:30,3923.1,3923.1,3909.1,3911.75,2199,
2024-01-11 09:22:00+05:30,3911.75,3917.9,3911.55,3917.9,549,
2024-01-11 09:23:00+05:30,3917.9,3918.1,3912.15,3917.45,477,
2024-01-11 09:24:00+05:30,3917.45,3918.3,3912,3918,780,
2024-01-11 09:25:00+05:30,3917.25,3925,3917.2,3925,674,
2024-01-11 09:26:00+05:30,3925,3929.95,3922.45,3922.75,728,
2024-01-11 09:27:00+05:30,3922.75,3931.75,3922.75,3931.75,1676,
2024-01-11 09:28:00+05:30,3931.7,3931.7,3925.6,3930,609,
2024-01-11 09:29:00+05:30,3930,3932.95,3922.85,3925.35,537,
2024-01-11 09:30:00+05:30,3926.85,3936.9,3925.35,3936.9,938,
2024-01-11 09:31:00+05:30,3936.9,3936.9,3932.7,3935,333,
2024-01-11 09:32:00+05:30,3935,3936.35,3928.4,3933.7,659,
2024-01-11 09:33:00+05:30,3933.9,3933.9,3929.4,3929.9,350,
2024-01-11 09:34:00+05:30,3929.9,3932.6,3926,3927.6,1500,
2024-01-11 09:35:00+05:30,3929.1,3930.75,3928.1,3929.1,168,
2024-01-11 09:36:00+05:30,3929.1,3930,3925.35,3926,362,
2024-01-11 09:37:00+05:30,3926.5,3926.5,3920.55,3920.55,958,
2024-01-11 09:38:00+05:30,3920.55,3928,3919.95,3925.05,700,
2024-01-11 09:39:00+05:30,3925.05,3929.1,3924.15,3926,558,
2024-01-11 09:40:00+05:30,3926,3928.5,3921.5,3927.15,665,
2024-01-11 09:41:00+05:30,3926.15,3927.35,3924.75,3926.65,116,
2024-01-11 09:42:00+05:30,3926.65,3926.65,3924,3926.5,300,
2024-01-11 09:43:00+05:30,3926.5,3926.5,3924.65,3924.75,229,
2024-01-11 09:44:00+05:30,3925.95,3925.95,3920.2,3920.2,435,
2024-01-11 09:45:00+05:30,3920.2,3923.8,3918.7,3921,370,
2024-01-11 09:46:00+05:30,3920.15,3921,3917,3917,914,
2024-01-11 09:47:00+05:30,3918,3920,3917,3919.25,245,
2024-01-11 09:48:00+05:30,3919.25,3919.5,3917.2,3919.25,123,
2024-01-11 09:49:00+05:30,3917.55,3921,3917.55,3919.65,339,
2024-01-11 09:50:00+05:30,3919.65,3925,3919.65,3925,644,
2024-01-11 09:51:00+05:30,3925,3925,3921.35,3921.35,369,
2024-01-11 09:52:00+05:30,3921.35,3923.5,3920.05,3920.05,1283,
2024-01-11 09:53:00+05:30,3920.05,3922.15,3919.2,3919.2,409,
2024-01-11 09:54:00+05:30,3919.2,3921,3919.2,3920.5,411,
2024-01-11 09:55:00+05:30,3920.6,3921,3919.55,3919.8,156,
2024-01-11 09:56:00+05:30,3919.8,3922,3919.8,3922,438,
2024-01-11 09:57:00+05:30,3922,3922,3920,3921.8,58,
2024-01-11 09:58:00+05:30,3920,3922,3920,3920.25,131,
2024-01-11 09:59:00+05:30,3920.25,3920.25,3920,3920,230,
2024-01-11 10:00:00+05:30,3920,3922,3920,3922,529,
2024-01-11 10:01:00+05:30,3921,3921,3919.65,3921,235,
2024-01-11 10:02:00+05:30,3919.65,3922.15,3919.6,3919.9,284,
2024-01-11 10:03:00+05:30,3919.7,3919.75,3917.3,3919.15,905,
2024-01-11 10:04:00+05:30,3919.15,3919.9,3914.65,3914.65,866,
2024-01-11 10:05:00+05:30,3915.5,3916.65,3913.1,3914,431,
2024-01-11 10:06:00+05:30,3915,3915,3912,3913.25,208,
2024-01-11 10:07:00+05:30,3913.25,3915,3912.15,3912.15,374,
2024-01-11 10:08:00+05:30,3912.15,3914.55,3912.05,3913.8,203,
2024-01-11 10:09:00+05:30,3914.55,3914.85,3912.5,3914,320,
2024-01-11 10:10:00+05:30,3914,3914,3912.05,3912.1,166,
2024-01-11 10:11:00+05:30,3912.2,3912.6,3907.75,3909,840,
2024-01-11 10:12:00+05:30,3909,3912.05,3909,3911.1,151,
2024-01-11 10:13:00+05:30,3911.1,3920,3911.1,3919.6,910,
2024-01-11 10:14:00+05:30,3919.25,3922.05,3918,3919.25,2510,
2024-01-11 10:15:00+05:30,3919.25,3921,3919.1,3919.15,432,
2024-01-11 10:16:00+05:30,3919.15,3920.9,3916.6,3916.65,1104,
2024-01-11 10:17:00+05:30,3915,3916.3,3912.8,3916.3,358,
2024-01-11 10:18:00+05:30,3916.3,3918.15,3912.55,3912.55,143,
2024-01-11 10:19:00+05:30,3912.55,3913.1,3911.5,3912,150,
2024-01-11 10:20:00+05:30,3912,3915.65,3910.25,3915.65,252,
2024-01-11 10:21:00+05:30,3915.65,3915.65,3912.15,3915.2,269,
2024-01-11 10:22:00+05:30,3915.2,3915.2,3913,3913.6,71,
2024-01-11 10:23:00+05:30,3913.6,3915.6,3913.55,3914,259,
2024-01-11 10:24:00+05:30,3914,3915.4,3913.8,3913.8,64,
2024-01-11 10:25:00+05:30,3913.85,3915.45,3913.4,3913.5,208,
2024-01-11 10:26:00+05:30,3913.5,3921,3913.5,3919.15,1126,
2024-01-11 10:27:00+05:30,3919.15,3920.65,3918,3918,275,
2024-01-11 10:28:00+05:30,3919.5,3919.5,3916.15,3917.05,725,
2024-01-11 10:29:00+05:30,3917.05,3917.45,3913.6,3914,57,
2024-01-11 10:30:00+05:30,3914,3915.65,3913,3913,144,
2024-01-11 10:31:00+05:30,3913,3915.05,3908.7,3909.2,1522,
2024-01-11 10:32:00+05:30,3909.2,3911.1,3908.65,3909.5,197,
2024-01-11 10:33:00+05:30,3909.5,3914.8,3909.5,3913.2,73,
2024-01-11 10:34:00+05:30,3913.2,3915.2,3913.2,3913.4,42,
2024-01-11 10:35:00+05:30,3913.4,3915.8,3913.1,3914.4,320,
2024-01-11 10:36:00+05:30,3914.15,3917.1,3914,3914,149,
2024-01-11 10:37:00+05:30,3914,3915.95,3913.4,3913.75,153,
2024-01-11 10:38:00+05:30,3915.35,3917.45,3914.55,3917,269,
2024-01-11 10:39:00+05:30,3917,3917.95,3913.2,3913.25,278,
2024-01-11 10:40:00+05:30,3913.25,3915,3913,3913.1,140,
2024-01-11 10:41:00+05:30,3913.1,3918.3,3913.1,3917.95,308,
2024-01-11 10:42:00+05:30,3916.7,3919.35,3916.4,3916.45,170,
2024-01-11 10:43:00+05:30,3916.45,3920,3916.4,3919.65,234,
2024-01-11 10:44:00+05:30,3919.65,3919.65,3918.05,3918.05,97,
2024-01-11 10:45:00+05:30,3918.05,3920.85,3917.4,3919.9,2148,
2024-01-11 10:46:00+05:30,3919.9,3920,3917.75,3919.1,992,
2024-01-11 10:47:00+05:30,3919.1,3920,3915.2,3918.35,445,
2024-01-11 10:48:00+05:30,3918.35,3918.35,3916.3,3917.9,75,
2024-01-11 10:49:00+05:30,3917.9,3917.9,3915,3915,169,
2024-01-11 10:50:00+05:30,3915,3916.95,3915,3915.65,336,
2024-01-11 10:51:00+05:30,3915.65,3919.75,3915.65,3918.75,493,
2024-01-11 10:52:00+05:30,3918.75,3920.7,3918.7,3920.7,2317,
2024-01-11 10:53:00+05:30,3920.7,3924.95,3916.65,3917.05,1979,
2024-01-11 10:54:00+05:30,3917.05,3918.95,3915,3916.45,77,
2024-01-11 10:55:00+05:30,3916.45,3916.65,3915,3916.65,63,
2024-01-11 10:56:00+05:30,3916.65,3916.65,3915,3915.9,62,
2024-01-11 10:57:00+05:30,3915.9,3915.95,3914.25,3915,322,
2024-01-11 10:58:00+05:30,3915,3918.65,3914.65,3915.65,287,
2024-01-11 10:59:00+05:30,3915.65,3916,3914,3914,307,
2024-01-11 11:00:00+05:30,3914,3914.95,3913,3914.15,111,
2024-01-11 11:01:00+05:30,3914.15,3918.95,3914.15,3915.05,242,
2024-01-11 11:02:00+05:30,3915.05,3916.45,3912.8,3914.7,202,
2024-01-11 11:03:00+05:30,3914.7,3915.7,3913,3913,87,
2024-01-11 11:04:00+05:30,3913,3914.65,3910.05,3910.1,403,
2024-01-11 11:05:00+05:30,3910.1,3913.8,3910.05,3911.2,358,
2024-01-11 11:06:00+05:30,3911.2,3913.35,3910.65,3912.45,109,
2024-01-11 11:07:00+05:30,3912.45,3914.4,3910.35,3910.75,109,
2024-01-11 11:08:00+05:30,3910.75,3912.1,3910.5,3910.65,112,
2024-01-11 11:09:00+05:30,3910.65,3913.45,3910.65,3913.45,287,
2024-01-11 11:10:00+05:30,3913.45,3913.7,3911.55,3913.55,219,
2024-01-11 11:11:00+05:30,3913.55,3913.55,3908,3908,913,
2024-01-11 11:12:00+05:30,3909.95,3909.95,3903.5,3903.75,1249,
2024-01-11 11:13:00+05:30,3903.75,3906.4,3902.85,3903.65,373,
2024-01-11 11:14:00+05:30,3903.65,3905.9,3903.1,3903.1,270,
2024-01-11 11:15:00+05:30,3903.1,3904.6,3897.2,3900,3041,
2024-01-11 11:16:00+05:30,3900,3902.8,3899,3902.3,724,
2024-01-11 11:17:00+05:30,3902.3,3902.4,3898.5,3899.1,251,
2024-01-11 11:18:00+05:30,3899.1,3907.95,3898.1,3904.6,1153,
2024-01-11 11:19:00+05:30,3904.2,3906.95,3903.65,3906.45,377,
2024-01-11 11:20:00+05:30,3906.45,3913.25,3904.8,3908.95,787,
2024-01-11 11:21:00+05:30,3908.15,3914.95,3906.5,3912.85,557,
2024-01-11 11:22:00+05:30,3912.55,3914.75,3911.45,3911.85,623,
2024-01-11 11:23:00+05:30,3911.85,3914.95,3911.85,3914.15,423,
2024-01-11 11:24:00+05:30,3912.6,3913.95,3909.5,3909.5,1666,
2024-01-11 11:25:00+05:30,3910,3915,3908.1,3908.1,2639,
2024-01-11 11:26:00+05:30,3907.75,3910,3907.75,3907.8,683,
2024-01-11 11:27:00+05:30,3908.05,3909.35,3907.1,3907.1,124,
2024-01-11 11:28:00+05:30,3907.1,3910,3907.1,3908.4,1202,
2024-01-11 11:29:00+05:30,3908.4,3910.3,3908.25,3909.35,146,
2024-01-11 11:30:00+05:30,3910.05,3910.25,3903.8,3909.2,3212,
2024-01-11 11:31:00+05:30,3909.2,3909.65,3907.1,3909,332,
2024-01-11 11:32:00+05:30,3909,3911.75,3908.3,3909.15,404,
2024-01-11 11:33:00+05:30,3909.15,3909.4,3905.65,3908,181,
2024-01-11 11:34:00+05:30,3908,3909.05,3903,3903,822,
2024-01-11 11:35:00+05:30,3903,3904.95,3901.8,3903.1,462,
2024-01-11 11:36:00+05:30,3904.95,3904.95,3901.9,3902.2,180,
2024-01-11 11:37:00+05:30,3902.2,3904.5,3902.2,3903.9,73,
2024-01-11 11:38:00+05:30,3904,3904,3903,3903.15,160,
2024-01-11 11:39:00+05:30,3903.15,3906.3,3903.15,3904.6,124,
2024-01-11 11:40:00+05:30,3904.7,3906.6,3903.6,3904.7,514,
2024-01-11 11:41:00+05:30,3904.7,3907.9,3904.7,3904.85,155,
2024-01-11 11:42:00+05:30,3904.8,3908.65,3904.5,3906.9,162,
2024-01-11 11:43:00+05:30,3906.9,3908.85,3906.25,3907.2,214,
2024-01-11 11:44:00+05:30,3907.2,3908,3907.2,3907.4,50,
2024-01-11 11:45:00+05:30,3907.4,3909.5,3907.4,3909.5,251,
2024-01-11 11:46:00+05:30,3909.5,3910,3907.6,3908.75,308,
2024-01-11 11:47:00+05:30,3908.75,3910,3908.5,3908.6,75,
2024-01-11 11:48:00+05:30,3908.6,3910,3908.6,3908.65,535,
2024-01-11 11:49:00+05:30,3908.65,3910,3908.6,3909,246,
2024-01-11 11:50:00+05:30,3909,3910,3907.6,3907.6,659,
2024-01-11 11:51:00+05:30,3907.9,3909.75,3907.5,3909.45,75,
2024-01-11 11:52:00+05:30,3909.45,3910,3909,3909,80,
2024-01-11 11:53:00+05:30,3909,3910,3908,3908,324,
2024-01-11 11:54:00+05:30,3908.05,3908.15,3907.45,3907.45,260,
2024-01-11 11:55:00+05:30,3907.45,3910,3907.45,3909.85,451,
2024-01-11 11:56:00+05:30,3908.25,3908.4,3907.1,3907.1,213,
2024-01-11 11:57:00+05:30,3907.1,3909.05,3907.05,3907.1,325,
2024-01-11 11:58:00+05:30,3907.1,3909,3907,3907.55,137,
2024-01-11 11:59:00+05:30,3907.5,3909.05,3907,3907.3,262,
2024-01-11 12:00:00+05:30,3907.3,3909.7,3907.3,3908.05,190,
2024-01-11 12:01:00+05:30,3908,3909.6,3907.4,3907.4,163,
2024-01-11 12:02:00+05:30,3907.45,3907.45,3907.25,3907.25,76,
2024-01-11 12:03:00+05:30,3907.25,3908.8,3907.15,3907.4,165,
2024-01-11 12:04:00+05:30,3908,3909.5,3907.8,3908.2,115,
2024-01-11 12:05:00+05:30,3908.2,3909.6,3907.9,3909.05,424,
2024-01-11 12:06:00+05:30,3907.9,3907.9,3907.15,3907.6,119,
2024-01-11 12:07:00+05:30,3907.6,3910,3907.6,3908.55,229,
2024-01-11 12:08:00+05:30,3908.55,3910,3908.55,3909.5,201,
2024-01-11 12:09:00+05:30,3909.5,3910,3907.45,3908.7,701,
2024-01-11 12:10:00+05:30,3908.5,3910,3908.25,3908.45,237,
2024-01-11 12:11:00+05:30,3908.45,3908.85,3907.65,3908.75,177,
2024-01-11 12:12:00+05:30,3908.75,3908.75,3906.75,3906.8,265,
2024-01-11 12:13:00+05:30,3906.8,3907.45,3906.75,3906.8,138,
2024-01-11 12:14:00+05:30,3906.8,3908,3906.3,3906.4,252,
2024-01-11 12:15:00+05:30,3906.4,3908,3905.85,3905.85,59,
2024-01-11 12:16:00+05:30,3905.85,3908,3904.35,3905.5,439,
2024-01-11 12:17:00+05:30,3905.5,3905.5,3904.8,3904.8,359,
2024-01-11 12:18:00+05:30,3904.8,3905,3903.9,3903.9,606,
2024-01-11 12:19:00+05:30,3903.7,3903.8,3901.9,3903.45,339,
2024-01-11 12:20:00+05:30,3903.45,3904.45,3901.9,3902,267,
2024-01-11 12:21:00+05:30,3902,3903.65,3901.1,3901.1,353,
2024-01-11 12:22:00+05:30,3901.1,3902.75,3901,3901,227,
2024-01-11 12:23:00+05:30,3901.1,3904.9,3900.5,3902.85,392,
2024-01-11 12:24:00+05:30,3902.85,3907,3902.7,3907,2693,
2024-01-11 12:25:00+05:30,3907,3907.4,3905,3905.05,182,
2024-01-11 12:26:00+05:30,3905.05,3906.4,3904,3905.45,759,
2024-01-11 12:27:00+05:30,3905.45,3907.95,3905,3906.6,155,
2024-01-11 12:28:00+05:30,3906.6,3908.95,3906.6,3908.65,880,
2024-01-11 12:29:00+05:30,3908.65,3909.9,3907.2,3909.7,213,
2024-01-11 12:30:00+05:30,3909.7,3909.75,3907.3,3908.85,279,
2024-01-11 12:31:00+05:30,3908.85,3909.85,3905.1,3907.85,587,
2024-01-11 12:32:00+05:30,3908.75,3910,3908.35,3909.15,369,
2024-01-11 12:33:00+05:30,3909.95,3910,3908.35,3909.55,634,
2024-01-11 12:34:00+05:30,3909.55,3910.4,3908.25,3908.8,3323,
2024-01-11 12:35:00+05:30,3908.8,3910.85,3908.8,3909.2,1880,
2024-01-11 12:36:00+05:30,3909.2,3910.55,3909.2,3909.4,1243,
2024-01-11 12:37:00+05:30,3909.4,3910,3907.3,3907.3,1179,
2024-01-11 12:38:00+05:30,3909.85,3910,3908,3908.1,138,
2024-01-11 12:39:00+05:30,3908.1,3909.25,3908.1,3908.2,60,
2024-01-11 12:40:00+05:30,3908.35,3910,3908.2,3910,701,
2024-01-11 12:41:00+05:30,3910,3917.75,3909.25,3916.15,2475,
2024-01-11 12:42:00+05:30,3916.15,3917.35,3914.3,3915.25,539,
2024-01-11 12:43:00+05:30,3915.25,3915.25,3912.3,3912.35,386,
2024-01-11 12:44:00+05:30,3912.35,3913,3911.95,3912.15,479,
2024-01-11 12:45:00+05:30,3912.15,3914.8,3912.15,3912.75,164,
2024-01-11 12:46:00+05:30,3912.75,3914.05,3908.35,3908.65,1028,
2024-01-11 12:47:00+05:30,3908.65,3910.85,3908.55,3909,322,
2024-01-11 12:48:00+05:30,3909,3912.1,3908.55,3910.25,1079,
2024-01-11 12:49:00+05:30,3910.3,3914.8,3910.25,3914.8,198,
2024-01-11 12:50:00+05:30,3912.7,3917.5,3912.6,3917.05,582,
2024-01-11 12:51:00+05:30,3917.05,3927,3917,3924.2,3359,
2024-01-11 12:52:00+05:30,3924.2,3924.2,3918.2,3918.2,4011,
2024-01-11 12:53:00+05:30,3918.2,3920.3,3915,3916.2,2271,
2024-01-11 12:54:00+05:30,3916.2,3919.4,3916.2,3918.35,294,
2024-01-11 12:55:00+05:30,3918.35,3918.75,3916.2,3917.2,386,
2024-01-11 12:56:00+05:30,3917.2,3919,3917.15,3917.15,143,
2024-01-11 12:57:00+05:30,3917.15,3918.85,3916.2,3916.2,219,
2024-01-11 12:58:00+05:30,3916.2,3921.95,3916.1,3917.3,1658,
2024-01-11 12:59:00+05:30,3917.3,3919.55,3916.15,3918.55,108,
2024-01-11 13:00:00+05:30,3918.55,3918.55,3916,3916.35,162,
2024-01-11 13:01:00+05:30,3916.35,3919.95,3910.45,3910.85,1061,
2024-01-11 13:02:00+05:30,3911.55,3917,3911.3,3915,799,
2024-01-11 13:03:00+05:30,3915,3916.65,3914,3914.4,108,
2024-01-11 13:04:00+05:30,3914.4,3916,3913.85,3914.3,64,
2024-01-11 13:05:00+05:30,3914.3,3919.1,3914.3,3916.5,410,
2024-01-11 13:06:00+05:30,3916.5,3919.15,3914.7,3915.65,351,
2024-01-11 13:07:00+05:30,3915.65,3917.95,3913.95,3914.05,121,
2024-01-11 13:08:00+05:30,3914.05,3917.55,3914.05,3915.45,52,
2024-01-11 13:09:00+05:30,3915.45,3916,3914.25,3914.3,197,
2024-01-11 13:10:00+05:30,3914.3,3916.75,3913.45,3913.65,101,
2024-01-11 13:11:00+05:30,3913.65,3917.95,3913.35,3917.4,2578,
2024-01-11 13:12:00+05:30,3916.95,3920.5,3914.85,3914.85,312,
2024-01-11 13:13:00+05:30,3914.85,3916.3,3913.5,3914.85,322,
2024-01-11 13:14:00+05:30,3914.4,3917.05,3914.4,3914.8,67,
2024-01-11 13:15:00+05:30,3914.8,3917.35,3913.05,3913.95,82,
2024-01-11 13:16:00+05:30,3913.95,3915.55,3912.5,3913.45,140,
2024-01-11 13:17:00+05:30,3914.5,3916.8,3913.35,3913.6,100,
2024-01-11 13:18:00+05:30,3913.6,3915.5,3912.5,3912.5,56,
2024-01-11 13:19:00+05:30,3912.5,3912.8,3910.05,3911.35,203,
2024-01-11 13:20:00+05:30,3911.35,3913,3910,3910.9,300,
2024-01-11 13:21:00+05:30,3910.9,3913.95,3910.1,3910.5,225,
2024-01-11 13:22:00+05:30,3910.5,3915,3910.45,3915,203,
2024-01-11 13:23:00+05:30,3915,3915.35,3911.6,3911.9,829,
2024-01-11 13:24:00+05:30,3911.7,3915.65,3908.2,3908.2,1107,
2024-01-11 13:25:00+05:30,3908.2,3910.05,3906.9,3907.3,361,
2024-01-11 13:26:00+05:30,3907.3,3908.3,3906.55,3907.1,429,
2024-01-11 13:27:00+05:30,3907.1,3909.1,3905.65,3905.65,823,
2024-01-11 13:28:00+05:30,3905.65,3908,3905,3906.1,217,
2024-01-11 13:29:00+05:30,3906.1,3911.4,3906.1,3907.4,174,
2024-01-11 13:30:00+05:30,3907.4,3910.25,3906.05,3906.95,647,
2024-01-11 13:31:00+05:30,3906.95,3910,3906.25,3906.25,361,
2024-01-11 13:32:00+05:30,3906.25,3907.05,3902.8,3903.5,507,
2024-01-11 13:33:00+05:30,3903.5,3905.1,3902.6,3902.6,104,
2024-01-11 13:34:00+05:30,3902.6,3905.1,3902.6,3903.95,125,
2024-01-11 13:35:00+05:30,3903.95,3906.65,3903.1,3903.1,1099,
2024-01-11 13:36:00+05:30,3903.1,3906,3902.6,3902.6,632,
2024-01-11 13:37:00+05:30,3902.6,3904.6,3901,3904,768,
2024-01-11 13:38:00+05:30,3904,3906.55,3902.35,3904.85,279,
2024-01-11 13:39:00+05:30,3907.25,3907.25,3902.35,3902.55,271,
2024-01-11 13:40:00+05:30,3902.55,3907.2,3902.15,3905.2,165,
2024-01-11 13:41:00+05:30,3905.2,3906.85,3903.95,3903.95,94,
2024-01-11 13:42:00+05:30,3903.95,3905.7,3903,3903,426,
2024-01-11 13:43:00+05:30,3903,3906.15,3903,3904.55,319,
2024-01-11 13:44:00+05:30,3904.55,3904.8,3902,3902.2,269,
2024-01-11 13:45:00+05:30,3902.2,3904.85,3902,3902.05,453,
2024-01-11 13:46:00+05:30,3902.1,3903.75,3902.05,3902.5,161,
2024-01-11 13:47:00+05:30,3903.1,3907.25,3902.5,3907,677,
2024-01-11 13:48:00+05:30,3907,3909.3,3904.75,3906.75,176,
2024-01-11 13:49:00+05:30,3906.75,3908.7,3905,3907.05,110,
2024-01-11 13:50:00+05:30,3907.05,3907.05,3904.05,3906.85,184,
2024-01-11 13:51:00+05:30,3906.85,3908.8,3904,3904.8,925,
2024-01-11 13:52:00+05:30,3904.8,3906.7,3904.8,3905,116,
2024-01-11 13:53:00+05:30,3905,3906.1,3905,3905.1,120,
2024-01-11 13:54:00+05:30,3905.1,3907.25,3900.5,3901,3997,
2024-01-11 13:55:00+05:30,3901,3904.55,3900.5,3900.7,457,
2024-01-11 13:56:00+05:30,3900.7,3903,3900.5,3901,125,
2024-01-11 13:57:00+05:30,3901,3902.35,3900.5,3900.5,273,
2024-01-11 13:58:00+05:30,3900.5,3902.7,3900.5,3900.5,132,
2024-01-11 13:59:00+05:30,3900.5,3901.1,3900,3900,299,
2024-01-11 14:00:00+05:30,3900,3900.75,3898.05,3898.05,416,
2024-01-11 14:01:00+05:30,3898.05,3899.1,3897.05,3898.05,397,
2024-01-11 14:02:00+05:30,3898.05,3898.75,3897.1,3897.45,185,
2024-01-11 14:03:00+05:30,3897.55,3897.8,3897.5,3897.5,178,
2024-01-11 14:04:00+05:30,3897.5,3897.65,3895.15,3895.6,1576,
2024-01-11 14:05:00+05:30,3895.7,3896.55,3892.75,3893.7,932,
2024-01-11 14:06:00+05:30,3893.7,3895.1,3890.1,3890.1,949,
2024-01-11 14:07:00+05:30,3890.1,3891.65,3887,3887.1,840,
2024-01-11 14:08:00+05:30,3888,3891.15,3888,3889.15,374,
2024-01-11 14:09:00+05:30,3889.15,3890.95,3885.1,3885.1,289,
2024-01-11 14:10:00+05:30,3884.35,3887.15,3882,3887.1,840,
2024-01-11 14:11:00+05:30,3887.1,3890.1,3884.5,3889.6,538,
2024-01-11 14:12:00+05:30,3889.6,3893.9,3887.7,3887.7,602,
2024-01-11 14:13:00+05:30,3889.65,3889.7,3886.95,3886.95,352,
2024-01-11 14:14:00+05:30,3886.95,3887.9,3885,3885.3,379,
2024-01-11 14:15:00+05:30,3885.3,3887.35,3883.3,3885.05,1943,
2024-01-11 14:16:00+05:30,3886.9,3887.05,3885.05,3885.05,135,
2024-01-11 14:17:00+05:30,3885.05,3885.95,3881.7,3882,354,
2024-01-11 14:18:00+05:30,3882,3886.95,3882,3884.6,1367,
2024-01-11 14:19:00+05:30,3884.55,3885.95,3882.1,3882.1,170,
2024-01-11 14:20:00+05:30,3882.7,3887.25,3882.25,3884.95,320,
2024-01-11 14:21:00+05:30,3884.95,3887.8,3882,3885.6,555,
2024-01-11 14:22:00+05:30,3885.15,3887,3882.5,3885,442,
2024-01-11 14:23:00+05:30,3885,3892.85,3883.95,3888.8,777,
2024-01-11 14:24:00+05:30,3889.25,3892.75,3886.7,3889.15,2587,
2024-01-11 14:25:00+05:30,3890.25,3894.7,3890.05,3893.25,192,
2024-01-11 14:26:00+05:30,3893.25,3898.45,3892.9,3894.5,685,
2024-01-11 14:27:00+05:30,3894.5,3896.75,3892.65,3893.1,435,
2024-01-11 14:28:00+05:30,3893.1,3899.7,3893.1,3898,185,
2024-01-11 14:29:00+05:30,3898.45,3904.3,3898.45,3900.8,844,
2024-01-11 14:30:00+05:30,3900.4,3903,3900.4,3901.05,691,
2024-01-11 14:31:00+05:30,3901.05,3902,3899.65,3899.75,197,
2024-01-11 14:32:00+05:30,3899.75,3902,3899.75,3900.75,480,
2024-01-11 14:33:00+05:30,3901.95,3903.8,3900.7,3902.25,440,
2024-01-11 14:34:00+05:30,3904.3,3907.7,3900,3900,1489,
2024-01-11 14:35:00+05:30,3900,3902.65,3900,3900.9,273,
2024-01-11 14:36:00+05:30,3900.9,3900.9,3893.45,3895,4655,
2024-01-11 14:37:00+05:30,3895,3897,3893.6,3894.95,515,
2024-01-11 14:38:00+05:30,3895,3901.2,3894.95,3900,796,
2024-01-11 14:39:00+05:30,3900,3901.1,3898.05,3898.1,702,
2024-01-11 14:40:00+05:30,3898.1,3901.2,3897.95,3900,205,
2024-01-11 14:41:00+05:30,3900,3901.15,3898.5,3899.8,130,
2024-01-11 14:42:00+05:30,3899.8,3903,3899.45,3902.65,749,
2024-01-11 14:43:00+05:30,3905,3905,3901.35,3901.9,1238,
2024-01-11 14:44:00+05:30,3901.9,3905.65,3901.9,3905.65,829,
2024-01-11 14:45:00+05:30,3905.65,3905.95,3901,3901.4,1036,
2024-01-11 14:46:00+05:30,3901.4,3905,3901.4,3903.65,178,
2024-01-11 14:47:00+05:30,3903.65,3904.85,3901.8,3902.5,292,
2024-01-11 14:48:00+05:30,3902.6,3906.95,3902.6,3903.8,1073,
2024-01-11 14:49:00+05:30,3903.8,3906.9,3903.8,3905.85,523,
2024-01-11 14:50:00+05:30,3904.75,3905,3903.9,3904.05,210,
2024-01-11 14:51:00+05:30,3903.85,3907.5,3903.85,3906.8,369,
2024-01-11 14:52:00+05:30,3906.8,3910,3906.8,3909.95,724,
2024-01-11 14:53:00+05:30,3909.95,3910,3907.45,3907.75,401,
2024-01-11 14:54:00+05:30,3907.75,3909.4,3905.15,3905.15,307,
2024-01-11 14:55:00+05:30,3905.15,3908,3905.15,3907.15,257,
2024-01-11 14:56:00+05:30,3907.45,3909,3907.05,3908,331,
2024-01-11 14:57:00+05:30,3908,3911,3908,3908.5,1230,
2024-01-11 14:58:00+05:30,3908.9,3913.55,3908.5,3912.1,1170,
2024-01-11 14:59:00+05:30,3912.15,3913.8,3911.45,3912.15,221,
2024-01-11 15:00:00+05:30,3912.6,3914.95,3911.25,3911.25,800,
2024-01-11 15:01:00+05:30,3911.8,3911.9,3908.5,3910.75,610,
2024-01-11 15:02:00+05:30,3910.7,3911,3907.85,3910,495,
2024-01-11 15:03:00+05:30,3910.2,3910.8,3908.6,3909.6,346,
2024-01-11 15:04:00+05:30,3909.1,3909.95,3908.5,3908.55,762,
2024-01-11 15:05:00+05:30,3909.8,3910.9,3908.6,3910.05,885,
2024-01-11 15:06:00+05:30,3910.95,3911,3908.7,3909.3,973,
2024-01-11 15:07:00+05:30,3909.95,3910,3908.5,3908.55,817,
2024-01-11 15:08:00+05:30,3908.5,3909.55,3907.45,3908.2,629,
2024-01-11 15:09:00+05:30,3909,3913,3908.5,3912.25,1497,
2024-01-11 15:10:00+05:30,3912.75,3913,3908.35,3908.35,846,
2024-01-11 15:11:00+05:30,3908.35,3910.4,3907.45,3908.7,761,
2024-01-11 15:12:00+05:30,3908.6,3908.8,3904.1,3906.25,936,
2024-01-11 15:13:00+05:30,3906.25,3908.35,3903.85,3905.15,662,
2024-01-11 15:14:00+05:30,3905.05,3908,3904.65,3905,907,
2024-01-11 15:15:00+05:30,3906.8,3907,3903.85,3905,1490,
2024-01-11 15:16:00+05:30,3906.55,3906.55,3902.05,3904.4,2083,
2024-01-11 15:17:00+05:30,3904.6,3905,3902,3902.4,1355,
2024-01-11 15:18:00+05:30,3903.8,3903.9,3898.6,3899.7,2433,
2024-01-11 15:19:00+05:30,3901.1,3903.1,3898.55,3900,694,
2024-01-11 15:20:00+05:30,3901.65,3902.55,3895.25,3899.5,2278,
2024-01-11 15:21:00+05:30,3899.55,3901,3897.25,3900.75,1222,
2024-01-11 15:22:00+05:30,3900.85,3901,3899,3899,679,
2024-01-11 15:23:00+05:30,3900,3908.85,3899.1,3908.65,1034,
2024-01-11 15:24:00+05:30,3910,3911.95,3902.25,3906.1,2118,
2024-01-11 15:25:00+05:30,3907.55,3907.55,3901.9,3903.6,606,
2024-01-11 15:26:00+05:30,3902.6,3905,3900,3900,1020,
2024-01-11 15:27:00+05:30,3903.2,3904.25,3899,3902.95,680,
2024-01-11 15:28:00+05:30,3902.9,3903,3897.8,3902.45,596,
2024-01-11 15:29:00+05:30,3902.45,3907.95,3896.15,3906,388,
2024-01-12 09:15:00+05:30,3911.95,3925.2,3892.05,3898.85,2812,
2024-01-12 09:16:00+05:30,3900.75,3918.35,3884,3890.1,2685,
2024-01-12 09:17:00+05:30,3889.95,3900.7,3883.45,3890.85,1065,
2024-01-12 09:18:00+05:30,3894.35,3899,3889,3891,1971,
2024-01-12 09:19:00+05:30,3891,3894.2,3881,3881,1451,
2024-01-12 09:20:00+05:30,3881,3884.65,3872.75,3875.7,2304,
2024-01-12 09:21:00+05:30,3879.7,3884,3879.7,3882.2,1338,
2024-01-12 09:22:00+05:30,3882.2,3889.35,3882.2,3888.65,729,
2024-01-12 09:23:00+05:30,3886.5,3892,3886.5,3892,826,
2024-01-12 09:24:00+05:30,3892,3892,3883.65,3886.1,2644,
2024-01-12 09:25:00+05:30,3887.05,3891.85,3883.75,3891.4,435,
2024-01-12 09:26:00+05:30,3891.4,3891.55,3889.3,3889.95,187,
2024-01-12 09:27:00+05:30,3889.95,3894.95,3889.85,3892.35,506,
2024-01-12 09:28:00+05:30,3892.35,3893.95,3890,3892.05,555,
2024-01-12 09:29:00+05:30,3892.05,3892.3,3885.55,3888,583,
2024-01-12 09:30:00+05:30,3888,3888.6,3883.9,3887.75,825,
2024-01-12 09:31:00+05:30,3887.75,3894.95,3885.05,3891.75,636,
2024-01-12 09:32:00+05:30,3891.75,3894.3,3890.95,3891.7,418,
2024-01-12 09:33:00+05:30,3890.5,3891.7,3886.4,3887,261,
2024-01-12 09:34:00+05:30,3887,3888.95,3885.05,3888.95,802,
2024-01-12 09:35:00+05:30,3889.35,3892.25,3888.05,3892,135,
2024-01-12 09:36:00+05:30,3892,3892,3887.85,3892,756,
2024-01-12 09:37:00+05:30,3892,3892,3889.25,3889.25,166,
2024-01-12 09:38:00+05:30,3889.25,3898,3886.55,3898,4732,
2024-01-12 09:39:00+05:30,3898.5,3899.85,3895,3896.7,1561,
2024-01-12 09:40:00+05:30,3896.65,3897.7,3894.1,3894.15,618,
2024-01-12 09:41:00+05:30,3894.15,3895.8,3888.5,3891.95,529,
2024-01-12 09:42:00+05:30,3891.95,3891.95,3885,3889.95,1225,
2024-01-12 09:43:00+05:30,3889.95,3893.2,3886.1,3893.2,1229,
2024-01-12 09:44:00+05:30,3893.2,3895,3890.85,3891.65,685,
2024-01-12 09:45:00+05:30,3891.65,3894.95,3890,3894.95,539,
2024-01-12 09:46:00+05:30,3893.2,3897.95,3889.55,3889.55,1456,
2024-01-12 09:47:00+05:30,3889.55,3899,3889.55,3895.9,963,
2024-01-12 09:48:00+05:30,3895.9,3895.9,3892.2,3892.2,170,
2024-01-12 09:49:00+05:30,3892,3892.2,3890,3890.2,412,
2024-01-12 09:50:00+05:30,3890.2,3893,3890.2,3892,809,
2024-01-12 09:51:00+05:30,3892,3894.9,3892,3893.1,358,
2024-01-12 09:52:00+05:30,3893.1,3894.2,3891,3891,488,
2024-01-12 09:53:00+05:30,3890,3892.5,3889.5,3892.5,462,
2024-01-12 09:54:00+05:30,3890.9,3893.9,3890.8,3893.9,90,
2024-01-12 09:55:00+05:30,3893.9,3893.9,3888,3889,293,
2024-01-12 09:56:00+05:30,3889,3889.9,3888,3888.9,57,
2024-01-12 09:57:00+05:30,3889.95,3891.9,3889,3889.1,790,
2024-01-12 09:58:00+05:30,3889.1,3892.75,3888.9,3892.75,1350,
2024-01-12 09:59:00+05:30,3892.75,3892.75,3890.65,3892.1,298,
2024-01-12 10:00:00+05:30,3890.6,3890.6,3889.25,3890.4,235,
2024-01-12 10:01:00+05:30,3890.95,3893,3890.4,3892.4,561,
2024-01-12 10:02:00+05:30,3892.4,3892.4,3890.25,3890.45,343,
2024-01-12 10:03:00+05:30,3890.45,3892.75,3889.8,3890.85,201,
2024-01-12 10:04:00+05:30,3890.85,3896.5,3890.7,3896,445,
2024-01-12 10:05:00+05:30,3896,3898,3894.7,3894.85,906,
2024-01-12 10:06:00+05:30,3894.85,3897.4,3892.05,3892.75,650,
2024-01-12 10:07:00+05:30,3892.05,3896,3891.1,3894.6,400,
2024-01-12 10:08:00+05:30,3894.6,3894.7,3891.65,3893.35,207,
2024-01-12 10:09:00+05:30,3893.35,3894.15,3891.5,3891.5,1602,
2024-01-12 10:10:00+05:30,3891.5,3895.95,3891.5,3895.2,1429,
2024-01-12 10:11:00+05:30,3895.2,3896,3893.3,3895.95,225,
2024-01-12 10:12:00+05:30,3894.25,3895.85,3893.85,3895.8,114,
2024-01-12 10:13:00+05:30,3895.8,3899.45,3893.8,3899.45,1159,
2024-01-12 10:14:00+05:30,3898.65,3898.65,3894,3894.65,36436,
2024-01-12 10:15:00+05:30,3896.4,3898.5,3894.95,3898.5,198,
2024-01-12 10:16:00+05:30,3898.5,3898.5,3896.5,3898.45,115,
2024-01-12 10:17:00+05:30,3899.35,3903.9,3898.85,3902,1161,
2024-01-12 10:18:00+05:30,3902,3903.85,3901.2,3901.9,400,
2024-01-12 10:19:00+05:30,3901.9,3901.95,3900,3901.5,21926,
2024-01-12 10:20:00+05:30,3901.5,3908.65,3900,3908.65,1053,
2024-01-12 10:21:00+05:30,3906.8,3908.6,3906.2,3907.1,246,
2024-01-12 10:22:00+05:30,3907.1,3910,3907.1,3909,624,
2024-01-12 10:23:00+05:30,3909,3910.65,3904.9,3910,2051,
2024-01-12 10:24:00+05:30,3910.35,3912.2,3910,3910.75,361,
2024-01-12 10:25:00+05:30,3910.75,3913.65,3910.05,3913,731,
2024-01-12 10:26:00+05:30,3913,3914.7,3910,3911.6,1041,
2024-01-12 10:27:00+05:30,3911.6,3917.85,3910,3913.05,3343,
2024-01-12 10:28:00+05:30,3913.05,3913.05,3910.2,3910.2,563,
2024-01-12 10:29:00+05:30,3910.2,3910.55,3905.25,3905.25,505,
2024-01-12 10:30:00+05:30,3905.25,3907.8,3905.1,3907.6,354,
2024-01-12 10:31:00+05:30,3907.6,3910,3906.25,3909.3,207,
2024-01-12 10:32:00+05:30,3909.3,3909.4,3906.15,3909.25,434,
2024-01-12 10:33:00+05:30,3909.25,3915,3907.55,3911.75,712,
2024-01-12 10:34:00+05:30,3911.65,3912,3908.45,3910,402,
2024-01-12 10:35:00+05:30,3910,3910,3908.5,3908.6,227,
2024-01-12 10:36:00+05:30,3908.6,3912.5,3908.45,3911,346,
2024-01-12 10:37:00+05:30,3911,3911,3908,3908.2,171,
2024-01-12 10:38:00+05:30,3908.2,3909.4,3907.35,3907.95,244,
2024-01-12 10:39:00+05:30,3907.95,3910,3906.4,3908,327,
2024-01-12 10:40:00+05:30,3910.05,3910.75,3907.95,3910,301,
2024-01-12 10:41:00+05:30,3910,3910,3900,3902.6,775,
2024-01-12 10:42:00+05:30,3902.6,3902.6,3894.7,3897.85,1302,
2024-01-12 10:43:00+05:30,3897.85,3897.85,3891.7,3893.75,515,
2024-01-12 10:44:00+05:30,3891.05,3894.45,3891.05,3891.15,371,
2024-01-12 10:45:00+05:30,3891.15,3893.55,3890.35,3891.95,126,
2024-01-12 10:46:00+05:30,3891.95,3893.5,3891.7,3893.5,158,
2024-01-12 10:47:00+05:30,3893.5,3896.45,3890.35,3891.4,1112,
2024-01-12 10:48:00+05:30,3891.4,3891.4,3884.05,3887.1,1010,
2024-01-12 10:49:00+05:30,3887.1,3887.1,3884.3,3884.3,5993,
2024-01-12 10:50:00+05:30,3884.3,3888.7,3884.3,3888.7,147,
2024-01-12 10:51:00+05:30,3888.5,3889.45,3888.45,3888.5,305,
2024-01-12 10:52:00+05:30,3888.5,3889.9,3888,3888,152,
2024-01-12 10:53:00+05:30,3888,3888.25,3885.85,3885.85,169,
2024-01-12 10:54:00+05:30,3885.85,3887.8,3884,3885.05,199,
2024-01-12 10:55:00+05:30,3885.05,3886.45,3883.6,3886.1,259,
2024-01-12 10:56:00+05:30,3886.1,3887.55,3884.6,3887.55,108,
2024-01-12 10:57:00+05:30,3887.55,3888,3886.6,3888,175,
2024-01-12 10:58:00+05:30,3888,3888,3884,3885.5,423,
2024-01-12 10:59:00+05:30,3885.5,3885.5,3871.9,3872.8,2931,
2024-01-12 11:00:00+05:30,3872.8,3883.55,3872.8,3881.6,1027,
2024-01-12 11:01:00+05:30,3881.35,3881.35,3877.5,3878.5,543,
2024-01-12 11:02:00+05:30,3878.5,3881.25,3878.5,3881.25,46,
2024-01-12 11:03:00+05:30,3881.25,3883,3881.25,3881.25,61,
2024-01-12 11:04:00+05:30,3881.25,3883.55,3881.25,3881.55,179,
2024-01-12 11:05:00+05:30,3881.55,3881.55,3875.5,3877.05,1193,
2024-01-12 11:06:00+05:30,3877.05,3877.05,3873,3874.15,287,
2024-01-12 11:07:00+05:30,3874.15,3875.6,3872.8,3874.65,653,
2024-01-12 11:08:00+05:30,3874.65,3874.95,3864.05,3864.6,1870,
2024-01-12 11:09:00+05:30,3864.6,3866.05,3860.5,3862.95,862,
2024-01-12 11:10:00+05:30,3862.95,3867.15,3861.7,3864.25,812,
2024-01-12 11:11:00+05:30,3864.3,3869.45,3864.15,3869.45,332,
2024-01-12 11:12:00+05:30,3869.45,3871.35,3868.6,3870.8,573,
2024-01-12 11:13:00+05:30,3870.8,3870.8,3868.6,3869.5,70,
2024-01-12 11:14:00+05:30,3869.5,3870.25,3862.2,3864.6,1451,
2024-01-12 11:15:00+05:30,3864.6,3865.6,3863.3,3865.45,636,
2024-01-12 11:16:00+05:30,3865.45,3870,3865.45,3870,96,
2024-01-12 11:17:00+05:30,3870,3870,3863.05,3864.05,3033,
2024-01-12 11:18:00+05:30,3864.05,3867.75,3864.05,3864.2,352,
2024-01-12 11:19:00+05:30,3864.2,3866.1,3864,3866,143,
2024-01-12 11:20:00+05:30,3866,3867.1,3863,3867.1,591,
2024-01-12 11:21:00+05:30,3865.3,3868.05,3865.05,3866.55,214,
2024-01-12 11:22:00+05:30,3868.45,3869.2,3867.4,3869.05,112,
2024-01-12 11:23:00+05:30,3869.05,3869.05,3864.85,3866.9,687,
2024-01-12 11:24:00+05:30,3868.25,3869.75,3866,3868,173,
2024-01-12 11:25:00+05:30,3868,3868.65,3866.2,3866.25,162,
2024-01-12 11:26:00+05:30,3866.55,3867.95,3865.2,3866.2,157,
2024-01-12 11:27:00+05:30,3866.2,3866.35,3863.6,3866.15,983,
2024-01-12 11:28:00+05:30,3866,3869.95,3864.2,3869.95,405,
2024-01-12 11:29:00+05:30,3869.4,3870.7,3868.05,3870.7,226,
2024-01-12 11:30:00+05:30,3870.7,3873.45,3869,3873.45,423,
2024-01-12 11:31:00+05:30,3873.45,3873.45,3870,3870,204,
2024-01-12 11:32:00+05:30,3870,3871.55,3869,3869,411,
2024-01-12 11:33:00+05:30,3869,3869,3866.5,3867.4,136,
2024-01-12 11:34:00+05:30,3867.95,3868.95,3866.5,3868.8,278,
2024-01-12 11:35:00+05:30,3868.8,3872.25,3867.2,3869.8,1914,
2024-01-12 11:36:00+05:30,3871.35,3871.55,3869.8,3870,211,
2024-01-12 11:37:00+05:30,3870,3870.35,3868.8,3868.8,19,
2024-01-12 11:38:00+05:30,3868.8,3870.15,3868.8,3869.6,178,
2024-01-12 11:39:00+05:30,3869.6,3870.65,3868,3870,231,
2024-01-12 11:40:00+05:30,3870,3871.1,3868,3869,371,
2024-01-12 11:41:00+05:30,3869,3872.15,3869,3870.5,139,
2024-01-12 11:42:00+05:30,3870.5,3873,3870.5,3873,66,
2024-01-12 11:43:00+05:30,3873,3873,3871.5,3872.25,420,
2024-01-12 11:44:00+05:30,3872.25,3872.9,3869.55,3869.55,1024,
2024-01-12 11:45:00+05:30,3869.55,3870,3869.55,3870,154,
2024-01-12 11:46:00+05:30,3869.85,3871.45,3869.55,3870.25,115,
2024-01-12 11:47:00+05:30,3870.25,3872.45,3869.55,3869.6,675,
2024-01-12 11:48:00+05:30,3869.8,3870,3869.55,3870,226,
2024-01-12 11:49:00+05:30,3871,3872,3870,3870.15,490,
2024-01-12 11:50:00+05:30,3870.1,3871.5,3870.1,3870.1,78,
2024-01-12 11:51:00+05:30,3870.1,3871.7,3869.55,3869.95,269,
2024-01-12 11:52:00+05:30,3869.95,3871.6,3869.55,3871.6,432,
2024-01-12 11:53:00+05:30,3871.6,3871.6,3869,3869,142,
2024-01-12 11:54:00+05:30,3869,3870,3869,3869.25,101,
2024-01-12 11:55:00+05:30,3869.25,3870,3869,3869.75,149,
2024-01-12 11:56:00+05:30,3869.75,3870.55,3869,3869.1,162,
2024-01-12 11:57:00+05:30,3869.25,3870.5,3867.05,3869.25,696,
2024-01-12 11:58:00+05:30,3869.25,3870,3868.45,3868.55,99,
2024-01-12 11:59:00+05:30,3868.55,3870,3867,3867,645,
2024-01-12 12:00:00+05:30,3867,3868.65,3867,3868.65,141,
2024-01-12 12:01:00+05:30,3868.65,3868.65,3867,3867,93,
2024-01-12 12:02:00+05:30,3867,3868.55,3867,3867.2,83,
2024-01-12 12:03:00+05:30,3867.2,3868,3867,3867,124,
2024-01-12 12:04:00+05:30,3867.4,3868,3865.65,3867.65,302,
2024-01-12 12:05:00+05:30,3867.65,3867.65,3865.55,3865.6,199,
2024-01-12 12:06:00+05:30,3865.6,3866.9,3865.2,3865.2,42,
2024-01-12 12:07:00+05:30,3865.2,3867.9,3865.2,3867.9,45,
2024-01-12 12:08:00+05:30,3867.95,3867.95,3866.55,3866.65,100,
2024-01-12 12:09:00+05:30,3867,3868,3866.45,3868,73,
2024-01-12 12:10:00+05:30,3868,3870,3868,3870,101,
2024-01-12 12:11:00+05:30,3870,3870,3866.45,3866.45,306,
2024-01-12 12:12:00+05:30,3866.45,3868.9,3866.45,3867.1,89,
2024-01-12 12:13:00+05:30,3867.1,3870,3867.1,3870,66,
2024-01-12 12:14:00+05:30,3869.95,3869.95,3868.5,3868.95,114,
2024-01-12 12:15:00+05:30,3869.2,3869.3,3867.4,3867.7,33,
2024-01-12 12:16:00+05:30,3867.7,3869.85,3867.7,3868.25,158,
2024-01-12 12:17:00+05:30,3868.25,3870,3867.6,3869.2,201,
2024-01-12 12:18:00+05:30,3869.2,3870,3867.1,3869.85,295,
2024-01-12 12:19:00+05:30,3869.85,3869.85,3868.05,3868.05,67,
2024-01-12 12:20:00+05:30,3869.5,3869.65,3868.35,3868.35,64,
2024-01-12 12:21:00+05:30,3868.35,3869.65,3868,3868.05,86,
2024-01-12 12:22:00+05:30,3868.05,3870,3868.05,3868.9,259,
2024-01-12 12:23:00+05:30,3868.9,3870,3868.9,3868.9,128,
2024-01-12 12:24:00+05:30,3868.9,3870.45,3868.9,3869.35,49,
2024-01-12 12:25:00+05:30,3869.25,3871,3869.15,3869.2,123,
2024-01-12 12:26:00+05:30,3869.2,3871,3869.2,3869.45,84,
2024-01-12 12:27:00+05:30,3869.45,3873.15,3869.45,3871.75,102,
2024-01-12 12:28:00+05:30,3871.75,3873.95,3871.7,3873.15,464,
2024-01-12 12:29:00+05:30,3873.15,3875.15,3873,3875.15,10352,
2024-01-12 12:30:00+05:30,3872.8,3877.05,3872.8,3873.4,689,
2024-01-12 12:31:00+05:30,3873.4,3876.3,3873.4,3874.3,146,
2024-01-12 12:32:00+05:30,3875.8,3876,3873.3,3874.8,537,
2024-01-12 12:33:00+05:30,3875.9,3875.9,3873,3873,703,
2024-01-12 12:34:00+05:30,3873,3873.95,3873,3873,736,
2024-01-12 12:35:00+05:30,3873,3874.45,3873,3873,306,
2024-01-12 12:36:00+05:30,3873,3873.3,3873,3873,119,
2024-01-12 12:37:00+05:30,3873,3873,3869.15,3870.2,405,
2024-01-12 12:38:00+05:30,3870.2,3871.9,3870,3870,293,
2024-01-12 12:39:00+05:30,3869.6,3871.35,3869.15,3869.7,124,
2024-01-12 12:40:00+05:30,3869.4,3870,3869.05,3869.95,100,
2024-01-12 12:41:00+05:30,3869.95,3870,3869,3869.3,160,
2024-01-12 12:42:00+05:30,3869.3,3871,3869.3,3869.85,102,
2024-01-12 12:43:00+05:30,3869.85,3871.45,3869.3,3869.85,154,
2024-01-12 12:44:00+05:30,3870,3870.05,3868.05,3869.8,237,
2024-01-12 12:45:00+05:30,3869.8,3870,3868.2,3869.1,44,
2024-01-12 12:46:00+05:30,3870.35,3871,3869.1,3870.4,109,
2024-01-12 12:47:00+05:30,3870.5,3871,3870,3870,74,
2024-01-12 12:48:00+05:30,3870,3871.15,3869.85,3869.95,191,
2024-01-12 12:49:00+05:30,3869.95,3874,3869.95,3870.9,897,
2024-01-12 12:50:00+05:30,3871.15,3875,3870.6,3874.65,103,
2024-01-12 12:51:00+05:30,3874.65,3875.95,3872.75,3874.35,192,
2024-01-12 12:52:00+05:30,3874.35,3875.1,3872.1,3874.25,192,
2024-01-12 12:53:00+05:30,3874.25,3876.25,3871.4,3871.4,879,
2024-01-12 12:54:00+05:30,3871.4,3873,3871.4,3872.5,181,
2024-01-12 12:55:00+05:30,3872.5,3875.95,3872.1,3875,217,
2024-01-12 12:56:00+05:30,3875,3877.25,3873.35,3873.65,338,
2024-01-12 12:57:00+05:30,3873.65,3877.25,3873.65,3874.85,51,
2024-01-12 12:58:00+05:30,3874.85,3876.85,3874.85,3876.5,133,
2024-01-12 12:59:00+05:30,3876.65,3876.8,3875,3875.05,211,
2024-01-12 13:00:00+05:30,3875.05,3876.8,3875,3875.6,51,
2024-01-12 13:01:00+05:30,3875.6,3876.65,3873,3873.3,256,
2024-01-12 13:02:00+05:30,3873.15,3875.7,3873,3873.75,79,
2024-01-12 13:03:00+05:30,3873.75,3875.35,3873.05,3874.5,44,
2024-01-12 13:04:00+05:30,3874.5,3876.85,3873.75,3873.8,2005,
2024-01-12 13:05:00+05:30,3873.8,3875.9,3873.75,3873.95,138,
2024-01-12 13:06:00+05:30,3873.95,3875.7,3873.75,3873.75,113,
2024-01-12 13:07:00+05:30,3875.35,3875.5,3873.75,3873.75,82,
2024-01-12 13:08:00+05:30,3873.75,3874.5,3873.75,3873.75,216,
2024-01-12 13:09:00+05:30,3874.5,3875.9,3873.75,3874,147,
2024-01-12 13:10:00+05:30,3874,3875.45,3873.75,3875.45,85,
2024-01-12 13:11:00+05:30,3875.45,3877.8,3873.85,3875.65,251,
2024-01-12 13:12:00+05:30,3875.65,3877.65,3875.65,3876.25,44,
2024-01-12 13:13:00+05:30,3878,3878,3876,3876.8,292,
2024-01-12 13:14:00+05:30,3876.8,3878,3876.65,3877,173,
2024-01-12 13:15:00+05:30,3877,3878,3876.6,3876.7,409,
2024-01-12 13:16:00+05:30,3876.7,3878.5,3876.7,3877.05,169,
2024-01-12 13:17:00+05:30,3877.05,3878.4,3877.05,3877.1,103,
2024-01-12 13:18:00+05:30,3877.1,3878.35,3874.2,3875.05,477,
2024-01-12 13:19:00+05:30,3876.65,3876.75,3875,3875,159,
2024-01-12 13:20:00+05:30,3875,3876.55,3873.75,3875.75,280,
2024-01-12 13:21:00+05:30,3875.75,3876.15,3873.4,3875,94,
2024-01-12 13:22:00+05:30,3875,3875.7,3874.1,3874.1,200,
2024-01-12 13:23:00+05:30,3874.1,3876.2,3874.1,3874.3,200,
2024-01-12 13:24:00+05:30,3875.15,3876.2,3874.1,3874.1,147,
2024-01-12 13:25:00+05:30,3874.1,3875.85,3873.65,3873.95,121,
2024-01-12 13:26:00+05:30,3873.65,3875.6,3873.65,3874.95,319,
2024-01-12 13:27:00+05:30,3875.3,3875.3,3873.7,3873.7,128,
2024-01-12 13:28:00+05:30,3873.7,3875,3873.1,3873.3,333,
2024-01-12 13:29:00+05:30,3873.5,3875,3873.05,3874.95,242,
2024-01-12 13:30:00+05:30,3873.9,3875,3872.2,3873,547,
2024-01-12 13:31:00+05:30,3873,3877.75,3872.65,3875.75,1911,
2024-01-12 13:32:00+05:30,3875.75,3877.65,3875.7,3877.6,265,
2024-01-12 13:33:00+05:30,3877.6,3877.6,3873.8,3875.95,689,
2024-01-12 13:34:00+05:30,3875,3876.8,3870,3870.85,963,
2024-01-12 13:35:00+05:30,3870.85,3871.8,3870,3871.75,199,
2024-01-12 13:36:00+05:30,3870.95,3873,3870.65,3872.4,139,
2024-01-12 13:37:00+05:30,3873,3874.95,3872,3873.7,360,
2024-01-12 13:38:00+05:30,3873.7,3876.95,3873.05,3875.6,729,
2024-01-12 13:39:00+05:30,3875.6,3877.95,3873.35,3877.95,129,
2024-01-12 13:40:00+05:30,3877.95,3877.95,3874,3876.05,615,
2024-01-12 13:41:00+05:30,3876.05,3877.3,3874.45,3875.4,329,
2024-01-12 13:42:00+05:30,3875.4,3878.05,3875,3878.05,661,
2024-01-12 13:43:00+05:30,3877.5,3880,3876.05,3879,840,
2024-01-12 13:44:00+05:30,3879.05,3879.15,3875.25,3875.25,346,
2024-01-12 13:45:00+05:30,3875.25,3877.95,3875,3875.35,364,
2024-01-12 13:46:00+05:30,3875.35,3877.4,3874.6,3875.2,402,
2024-01-12 13:47:00+05:30,3875.9,3878.1,3875,3877.4,356,
2024-01-12 13:48:00+05:30,3877.4,3879.15,3875.1,3875.45,377,
2024-01-12 13:49:00+05:30,3875.45,3877.85,3875,3877.5,383,
2024-01-12 13:50:00+05:30,3876.3,3877.5,3874.6,3874.6,240,
2024-01-12 13:51:00+05:30,3874.6,3875,3873,3873,287,
2024-01-12 13:52:00+05:30,3873,3875,3873,3873.1,455,
2024-01-12 13:53:00+05:30,3873.1,3874.8,3871.75,3873.6,131,
2024-01-12 13:54:00+05:30,3873.6,3873.6,3871,3871.2,114,
2024-01-12 13:55:00+05:30,3872.7,3873.05,3871.15,3872.95,102,
2024-01-12 13:56:00+05:30,3872.95,3872.95,3871.25,3872.05,65,
2024-01-12 13:57:00+05:30,3872.05,3875,3871.7,3874.1,189,
2024-01-12 13:58:00+05:30,3874.1,3875,3873.35,3874.8,162,
2024-01-12 13:59:00+05:30,3874.85,3875,3873,3873.25,458,
2024-01-12 14:00:00+05:30,3874.95,3875,3873,3873,302,
2024-01-12 14:01:00+05:30,3873.15,3874.6,3872.4,3872.55,88,
2024-01-12 14:02:00+05:30,3872.9,3874.65,3872.5,3874.65,128,
2024-01-12 14:03:00+05:30,3874.65,3874.95,3873.5,3873.5,141,
2024-01-12 14:04:00+05:30,3873.8,3874.8,3872.4,3872.4,372,
2024-01-12 14:05:00+05:30,3872.85,3874.95,3872.4,3872.9,277,
2024-01-12 14:06:00+05:30,3872.9,3874.15,3870,3870.2,982,
2024-01-12 14:07:00+05:30,3870.35,3873.3,3870.35,3871.7,391,
2024-01-12 14:08:00+05:30,3871.7,3873.2,3871.6,3872,226,
2024-01-12 14:09:00+05:30,3872.45,3872.45,3870.3,3871.65,836,
2024-01-12 14:10:00+05:30,3871.65,3872,3871.65,3872,229,
2024-01-12 14:11:00+05:30,3872,3872,3871.65,3871.7,132,
2024-01-12 14:12:00+05:30,3871.75,3871.75,3870,3870.4,925,
2024-01-12 14:13:00+05:30,3870,3872.85,3868,3868.25,837,
2024-01-12 14:14:00+05:30,3869.95,3872.05,3869,3870.85,2737,
2024-01-12 14:15:00+05:30,3870.85,3871.95,3870,3870,360,
2024-01-12 14:16:00+05:30,3870,3879.3,3870,3879,6671,
2024-01-12 14:17:00+05:30,3878.6,3891.15,3878.6,3889,4404,
2024-01-12 14:18:00+05:30,3889,3889,3878.8,3882.85,1037,
2024-01-12 14:19:00+05:30,3882.85,3884.05,3879.05,3880.9,859,
2024-01-12 14:20:00+05:30,3880.85,3881,3878.2,3879.4,346,
2024-01-12 14:21:00+05:30,3880,3881,3875.35,3875.4,847,
2024-01-12 14:22:00+05:30,3875.4,3883.95,3875.4,3883,603,
2024-01-12 14:23:00+05:30,3883,3886.05,3880.55,3881.5,1398,
2024-01-12 14:24:00+05:30,3883.45,3886.65,3881.5,3885.45,604,
2024-01-12 14:25:00+05:30,3885.45,3886.6,3882.25,3883.05,698,
2024-01-12 14:26:00+05:30,3883.8,3885.95,3881.95,3884.15,975,
2024-01-12 14:27:00+05:30,3885.85,3889.75,3883.25,3887.85,1188,
2024-01-12 14:28:00+05:30,3887.85,3889.1,3885.3,3885.3,1552,
2024-01-12 14:29:00+05:30,3885.3,3889.35,3884.85,3886.45,688,
2024-01-12 14:30:00+05:30,3886.45,3888.1,3885.1,3886.05,451,
2024-01-12 14:31:00+05:30,3886.05,3890,3886.05,3889.2,1161,
2024-01-12 14:32:00+05:30,3889.2,3891,3889,3889.3,270,
2024-01-12 14:33:00+05:30,3889.3,3892.9,3889.3,3892,1093,
2024-01-12 14:34:00+05:30,3892,3892,3889.3,3892,455,
2024-01-12 14:35:00+05:30,3893.05,3895,3890.9,3892.75,486,
2024-01-12 14:36:00+05:30,3892.75,3894.5,3891.85,3893,463,
2024-01-12 14:37:00+05:30,3893,3896.45,3893,3894.95,851,
2024-01-12 14:38:00+05:30,3894.95,3899.6,3894.95,3898.95,526,
2024-01-12 14:39:00+05:30,3898.95,3902.35,3897.4,3901,1771,
2024-01-12 14:40:00+05:30,3899.9,3899.9,3895,3895,786,
2024-01-12 14:41:00+05:30,3896.55,3896.55,3888.3,3888.3,1438,
2024-01-12 14:42:00+05:30,3888.3,3894.45,3888.3,3892.15,490,
2024-01-12 14:43:00+05:30,3892.15,3893.2,3889.55,3891.05,722,
2024-01-12 14:44:00+05:30,3891.05,3891.05,3888.6,3890.35,433,
2024-01-12 14:45:00+05:30,3890.35,3892.3,3889.6,3891.05,257,
2024-01-12 14:46:00+05:30,3891.05,3893.2,3891.05,3892.75,147,
2024-01-12 14:47:00+05:30,3892.65,3893.2,3890.55,3893.2,312,
2024-01-12 14:48:00+05:30,3893.2,3895,3893,3894.5,295,
2024-01-12 14:49:00+05:30,3894.45,3894.5,3891,3892.15,155,
2024-01-12 14:50:00+05:30,3892.15,3893.25,3891.3,3891.3,729,
2024-01-12 14:51:00+05:30,3891,3895.3,3890,3895.3,953,
2024-01-12 14:52:00+05:30,3893.4,3895.6,3891.6,3893.4,118,
2024-01-12 14:53:00+05:30,3893.4,3894.1,3889.8,3889.8,236,
2024-01-12 14:54:00+05:30,3889.8,3890.85,3887.45,3887.95,335,
2024-01-12 14:55:00+05:30,3887.95,3889.9,3887.5,3889.05,89,
2024-01-12 14:56:00+05:30,3889.05,3890,3888.05,3888.05,182,
2024-01-12 14:57:00+05:30,3888.05,3888.05,3883.6,3884.8,638,
2024-01-12 14:58:00+05:30,3884.8,3887.45,3884.8,3887.25,493,
2024-01-12 14:59:00+05:30,3889.2,3889.2,3887,3887,160,
2024-01-12 15:00:00+05:30,3887,3891.8,3887,3887,1419,
2024-01-12 15:01:00+05:30,3887,3888.05,3885.05,3887,385,
2024-01-12 15:02:00+05:30,3886.05,3888.55,3886,3888.55,289,
2024-01-12 15:03:00+05:30,3888.2,3888.8,3885.65,3888.65,349,
2024-01-12 15:04:00+05:30,3888.65,3888.85,3880.6,3880.6,1274,
2024-01-12 15:05:00+05:30,3882.55,3887.9,3882.55,3884.05,641,
2024-01-12 15:06:00+05:30,3884.05,3884.5,3882,3883.35,380,
2024-01-12 15:07:00+05:30,3882,3885.4,3882,3883.85,363,
2024-01-12 15:08:00+05:30,3885.55,3885.55,3879.5,3880.8,2540,
2024-01-12 15:09:00+05:30,3880.15,3880.9,3880,3880.2,2320,
2024-01-12 15:10:00+05:30,3880.1,3883.5,3880,3882.75,753,
2024-01-12 15:11:00+05:30,3882.65,3884.75,3882.65,3884.6,817,
2024-01-12 15:12:00+05:30,3884.65,3886.6,3883.95,3886.25,768,
2024-01-12 15:13:00+05:30,3886.3,3886.3,3884.2,3884.75,444,
2024-01-12 15:14:00+05:30,3884.75,3885.15,3882.35,3882.35,737,
2024-01-12 15:15:00+05:30,3882.35,3884.95,3882.35,3884.7,793,
2024-01-12 15:16:00+05:30,3884.7,3886.9,3884.7,3885.65,859,
2024-01-12 15:17:00+05:30,3885.15,3886.65,3884.6,3886.45,723,
2024-01-12 15:18:00+05:30,3886.35,3887.35,3883.05,3884.05,1057,
2024-01-12 15:19:00+05:30,3884.05,3884.05,3880,3880.05,457,
2024-01-12 15:20:00+05:30,3880.15,3883.75,3880,3880,1499,
2024-01-12 15:21:00+05:30,3880.65,3882.7,3880.1,3882,499,
2024-01-12 15:22:00+05:30,3882,3883.2,3882,3882.95,222,
2024-01-12 15:23:00+05:30,3882.95,3883.2,3882.9,3883.15,354,
2024-01-12 15:24:00+05:30,3883.15,3883.65,3883,3883.3,597,
2024-01-12 15:25:00+05:30,3883.25,3883.25,3883,3883,1116,
2024-01-12 15:26:00+05:30,3883,3883.1,3883,3883.1,919,
2024-01-12 15:27:00+05:30,3883.05,3887.4,3883,3886.75,753,
2024-01-12 15:28:00+05:30,3886.8,3889,3883.25,3889,1572,
2024-01-12 15:29:00+05:30,3889,3893.1,3883,3891.4,1358,
2024-01-15 09:15:00+05:30,3900,3914.65,3889.55,3890.35,2082,
2024-01-15 09:16:00+05:30,3890.35,3901.35,3889.55,3896.65,1421,
2024-01-15 09:17:00+05:30,3896.25,3896.25,3885.25,3887.2,2676,
2024-01-15 09:18:00+05:30,3889.85,3890.9,3880,3884.95,2884,
2024-01-15 09:19:00+05:30,3884.95,3886.95,3876.25,3881.1,1034,
2024-01-15 09:20:00+05:30,3881.1,3887.9,3880,3881.45,2011,
2024-01-15 09:21:00+05:30,3881.45,3882.9,3878.05,3880.05,678,
2024-01-15 09:22:00+05:30,3880,3884.25,3879.85,3884.25,1274,
2024-01-15 09:23:00+05:30,3884.25,3885.7,3880.55,3882.15,364,
2024-01-15 09:24:00+05:30,3882.75,3885,3882.05,3884,92,
2024-01-15 09:25:00+05:30,3884,3885,3873.7,3875,1969,
2024-01-15 09:26:00+05:30,3875.5,3877.55,3871.75,3876.3,1165,
2024-01-15 09:27:00+05:30,3876.2,3882,3873.05,3881.95,584,
2024-01-15 09:28:00+05:30,3881.95,3883.95,3880.05,3882,91,
2024-01-15 09:29:00+05:30,3882,3882,3877.5,3882,325,
2024-01-15 09:30:00+05:30,3879.75,3881.55,3877.5,3880.6,463,
2024-01-15 09:31:00+05:30,3880.6,3882.5,3878,3882.5,270,
2024-01-15 09:32:00+05:30,3882.5,3883.8,3879.25,3881.95,326,
2024-01-15 09:33:00+05:30,3881.95,3889.8,3880.7,3886.4,744,
2024-01-15 09:34:00+05:30,3886.4,3888.25,3884.2,3886.2,400,
2024-01-15 09:35:00+05:30,3886.2,3897.9,3885.85,3896.9,1433,
2024-01-15 09:36:00+05:30,3895.05,3901.75,3894.25,3900,4355,
2024-01-15 09:37:00+05:30,3900,3900.95,3894.35,3895.5,2855,
2024-01-15 09:38:00+05:30,3897,3903.85,3895.2,3900.6,1856,
2024-01-15 09:39:00+05:30,3900.15,3902.7,3900,3902.15,556,
2024-01-15 09:40:00+05:30,3900.6,3905,3900.6,3902.1,1009,
2024-01-15 09:41:00+05:30,3902.1,3905,3900,3900,459,
2024-01-15 09:42:00+05:30,3900,3904.2,3897.6,3901.95,3042,
2024-01-15 09:43:00+05:30,3901.95,3903.75,3900,3902,936,
2024-01-15 09:44:00+05:30,3904.25,3904.25,3897.35,3898.05,2729,
2024-01-15 09:45:00+05:30,3900.65,3900.65,3896.5,3896.55,1317,
2024-01-15 09:46:00+05:30,3896.55,3896.55,3892.8,3892.8,197,
2024-01-15 09:47:00+05:30,3894.2,3899.1,3892.8,3899.1,296,
2024-01-15 09:48:00+05:30,3899.05,3903.7,3897.35,3900.25,1329,
2024-01-15 09:49:00+05:30,3900.25,3904.95,3899.55,3901.95,370,
2024-01-15 09:50:00+05:30,3901.95,3905,3900.05,3903.05,962,
2024-01-15 09:51:00+05:30,3903.05,3904.35,3900.3,3904.35,1220,
2024-01-15 09:52:00+05:30,3904.35,3904.55,3901.2,3903,434,
2024-01-15 09:53:00+05:30,3901.75,3909,3901.75,3908.05,1591,
2024-01-15 09:54:00+05:30,3908.8,3908.8,3904.05,3905.2,714,
2024-01-15 09:55:00+05:30,3905.2,3906.7,3900.55,3904.85,3252,
2024-01-15 09:56:00+05:30,3904.85,3907,3904.5,3906.55,598,
2024-01-15 09:57:00+05:30,3906.55,3906.55,3900,3901.8,314,
2024-01-15 09:58:00+05:30,3901.8,3904.95,3898.75,3904.4,1406,
2024-01-15 09:59:00+05:30,3904.4,3904.45,3899,3899,446,
2024-01-15 10:00:00+05:30,3899,3903,3899,3901.45,702,
2024-01-15 10:01:00+05:30,3900,3902,3899,3900.05,503,
2024-01-15 10:02:00+05:30,3900.05,3907.85,3900,3906.95,2130,
2024-01-15 10:03:00+05:30,3906.5,3906.9,3901.7,3906.9,338,
2024-01-15 10:04:00+05:30,3907,3917.4,3906.95,3915.85,3436,
2024-01-15 10:05:00+05:30,3917.4,3917.4,3908.8,3915.15,1022,
2024-01-15 10:06:00+05:30,3915.25,3917,3914.15,3917,1003,
2024-01-15 10:07:00+05:30,3917,3917,3911.1,3912.75,518,
2024-01-15 10:08:00+05:30,3913,3914.95,3910.4,3910.4,773,
2024-01-15 10:09:00+05:30,3910.4,3914.95,3910.4,3914.15,278,
2024-01-15 10:10:00+05:30,3914.15,3915,3912,3912.1,965,
2024-01-15 10:11:00+05:30,3912.1,3912.55,3908.05,3910.55,1046,
2024-01-15 10:12:00+05:30,3910.55,3914.1,3910,3910,1659,
2024-01-15 10:13:00+05:30,3910,3911.15,3910,3910,148,
2024-01-15 10:14:00+05:30,3910,3910,3901.6,3907.8,7065,
2024-01-15 10:15:00+05:30,3907.8,3911.6,3907.8,3910.45,724,
2024-01-15 10:16:00+05:30,3910.05,3914.95,3910.05,3911,1179,
2024-01-15 10:17:00+05:30,3911,3912.1,3907.45,3909.8,1335,
2024-01-15 10:18:00+05:30,3909.8,3912,3908,3911.05,232,
2024-01-15 10:19:00+05:30,3911.05,3915,3911.05,3915,230,
2024-01-15 10:20:00+05:30,3915,3917.95,3912.4,3917.95,1828,
2024-01-15 10:21:00+05:30,3917.95,3917.95,3913,3914.3,249,
2024-01-15 10:22:00+05:30,3916.75,3929.95,3914.05,3927,4726,
2024-01-15 10:23:00+05:30,3927,3929.4,3925.35,3927.8,1289,
2024-01-15 10:24:00+05:30,3927.8,3928.25,3922.05,3923.35,1765,
2024-01-15 10:25:00+05:30,3923.35,3930,3923.1,3928.3,3416,
2024-01-15 10:26:00+05:30,3928.3,3933.5,3926.05,3927.1,3702,
2024-01-15 10:27:00+05:30,3931.1,3932.4,3927.1,3929,939,
2024-01-15 10:28:00+05:30,3931.6,3931.85,3927,3928.1,2075,
2024-01-15 10:29:00+05:30,3928.1,3930,3927,3928.95,561,
2024-01-15 10:30:00+05:30,3927,3930,3925,3925.05,904,
2024-01-15 10:31:00+05:30,3925.05,3930,3925,3930,2042,
2024-01-15 10:32:00+05:30,3930,3930,3925,3926.6,726,
2024-01-15 10:33:00+05:30,3926,3926,3920.55,3921.35,732,
2024-01-15 10:34:00+05:30,3922.85,3924.1,3913.3,3915.3,1346,
2024-01-15 10:35:00+05:30,3915.6,3922,3915.6,3921.95,565,
2024-01-15 10:36:00+05:30,3922,3927.3,3921.05,3922.45,2141,
2024-01-15 10:37:00+05:30,3922.45,3925.5,3922.4,3922.4,211,
2024-01-15 10:38:00+05:30,3922.4,3923,3920,3921.4,1195,
2024-01-15 10:39:00+05:30,3920,3923,3920,3923,377,
2024-01-15 10:40:00+05:30,3923,3924,3921.55,3922.25,157,
2024-01-15 10:41:00+05:30,3922.25,3925,3921.05,3921.05,1056,
2024-01-15 10:42:00+05:30,3921.05,3923.2,3920.5,3922.9,313,
2024-01-15 10:43:00+05:30,3922.9,3927.15,3920.65,3923.95,2039,
2024-01-15 10:44:00+05:30,3923.95,3925,3921.45,3924.5,304,
2024-01-15 10:45:00+05:30,3924.5,3924.5,3923.45,3923.65,424,
2024-01-15 10:46:00+05:30,3923.65,3924,3921.5,3923,165,
2024-01-15 10:47:00+05:30,3923,3924.5,3921.75,3924.5,108,
2024-01-15 10:48:00+05:30,3923.2,3926.7,3923.05,3925,380,
2024-01-15 10:49:00+05:30,3925,3927.5,3925,3927,111,
2024-01-15 10:50:00+05:30,3927,3927,3924.2,3925.95,873,
2024-01-15 10:51:00+05:30,3925.85,3926,3924.3,3925.2,606,
2024-01-15 10:52:00+05:30,3925.2,3937.35,3925.2,3935.45,4461,
2024-01-15 10:53:00+05:30,3936.2,3939.7,3933.45,3937.55,3369,
2024-01-15 10:54:00+05:30,3939,3943.95,3937.05,3940,5395,
2024-01-15 10:55:00+05:30,3938.4,3942,3937.35,3939,2631,
2024-01-15 10:56:00+05:30,3939,3940.85,3938,3939,372,
2024-01-15 10:57:00+05:30,3939,3940,3938.4,3940,829,
2024-01-15 10:58:00+05:30,3940,3941,3938.4,3939.5,1136,
2024-01-15 10:59:00+05:30,3941,3941.5,3939.45,3941,456,
2024-01-15 11:00:00+05:30,3941,3941,3930,3935,1348,
2024-01-15 11:01:00+05:30,3935,3935,3933,3933,349,
2024-01-15 11:02:00+05:30,3933,3935.25,3930.8,3934.1,705,
2024-01-15 11:03:00+05:30,3934.8,3936,3932.15,3933.85,436,
2024-01-15 11:04:00+05:30,3934,3934.95,3932.2,3934.2,323,
2024-01-15 11:05:00+05:30,3934.45,3939.8,3933.45,3939.4,643,
2024-01-15 11:06:00+05:30,3938.85,3940,3936.95,3937.4,1050,
2024-01-15 11:07:00+05:30,3937.4,3939,3936.45,3936.45,102,
2024-01-15 11:08:00+05:30,3936.45,3938.7,3933.55,3933.55,3454,
2024-01-15 11:09:00+05:30,3933.55,3934.3,3931.15,3931.15,2240,
2024-01-15 11:10:00+05:30,3932.35,3933.65,3931,3932.35,533,
2024-01-15 11:11:00+05:30,3932.35,3932.9,3930.75,3931.35,184,
2024-01-15 11:12:00+05:30,3932,3932.2,3930,3930.15,338,
2024-01-15 11:13:00+05:30,3930.15,3930.85,3930.1,3930.3,379,
2024-01-15 11:14:00+05:30,3930.65,3934.95,3930.3,3934.1,1027,
2024-01-15 11:15:00+05:30,3934.05,3934.2,3930.05,3932,2071,
2024-01-15 11:16:00+05:30,3933.3,3933.55,3930,3930.65,1655,
2024-01-15 11:17:00+05:30,3931.9,3931.9,3930.25,3931.1,170,
2024-01-15 11:18:00+05:30,3931.1,3934,3930.5,3930.75,740,
2024-01-15 11:19:00+05:30,3930.75,3932.6,3930.75,3932,151,
2024-01-15 11:20:00+05:30,3932,3935,3932,3933,963,
2024-01-15 11:21:00+05:30,3933,3933.2,3931.15,3931.2,291,
2024-01-15 11:22:00+05:30,3931.2,3932.75,3930,3930,617,
2024-01-15 11:23:00+05:30,3930,3931.35,3928.45,3928.8,747,
2024-01-15 11:24:00+05:30,3928.8,3929,3923.75,3926.2,1680,
2024-01-15 11:25:00+05:30,3926.2,3927.15,3924.6,3924.9,437,
2024-01-15 11:26:00+05:30,3924.9,3928.25,3924.5,3925.8,383,
2024-01-15 11:27:00+05:30,3925.8,3928,3925,3927.1,448,
2024-01-15 11:28:00+05:30,3927.1,3928.95,3923.05,3928.95,966,
2024-01-15 11:29:00+05:30,3928.95,3928.95,3925.25,3926.55,637,
2024-01-15 11:30:00+05:30,3926.55,3928,3925.5,3925.85,496,
2024-01-15 11:31:00+05:30,3926.05,3928.95,3925.25,3925.7,1091,
2024-01-15 11:32:00+05:30,3925.7,3925.75,3925,3925,183,
2024-01-15 11:33:00+05:30,3925,3926.1,3922.35,3923.75,1003,
2024-01-15 11:34:00+05:30,3924.35,3924.35,3921.25,3921.4,274,
2024-01-15 11:35:00+05:30,3921.55,3922.95,3916.25,3917.05,2736,
2024-01-15 11:36:00+05:30,3917.05,3921.65,3917.05,3920.55,392,
2024-01-15 11:37:00+05:30,3920.55,3922.25,3916.7,3918.25,1106,
2024-01-15 11:38:00+05:30,3918.25,3920,3917.3,3918,121,
2024-01-15 11:39:00+05:30,3918,3920.9,3917.85,3919,293,
2024-01-15 11:40:00+05:30,3920.35,3921.85,3919,3921.2,508,
2024-01-15 11:41:00+05:30,3921.2,3923,3920.1,3921,751,
2024-01-15 11:42:00+05:30,3921.5,3923.7,3921,3921,811,
2024-01-15 11:43:00+05:30,3921,3923.85,3920,3923.85,309,
2024-01-15 11:44:00+05:30,3923.85,3923.85,3921,3922.2,339,
2024-01-15 11:45:00+05:30,3922.2,3926.75,3922.2,3926.75,292,
2024-01-15 11:46:00+05:30,3926.75,3926.75,3922.45,3923.15,262,
2024-01-15 11:47:00+05:30,3923.15,3925.1,3921,3922.6,635,
2024-01-15 11:48:00+05:30,3922.6,3925.65,3921,3921.75,671,
2024-01-15 11:49:00+05:30,3921.75,3925,3921.35,3921.9,343,
2024-01-15 11:50:00+05:30,3921.9,3924.4,3921.65,3921.8,206,
2024-01-15 11:51:00+05:30,3921.8,3924.75,3920.15,3920.5,1344,
2024-01-15 11:52:00+05:30,3923.45,3923.45,3918.2,3918.2,426,
2024-01-15 11:53:00+05:30,3918.2,3918.8,3916.1,3917.9,1285,
2024-01-15 11:54:00+05:30,3917.9,3917.9,3913,3915.45,989,
2024-01-15 11:55:00+05:30,3915.45,3916.35,3913.1,3914,232,
2024-01-15 11:56:00+05:30,3914,3916.95,3914,3916.95,461,
2024-01-15 11:57:00+05:30,3916.95,3918.6,3914.25,3916.85,432,
2024-01-15 11:58:00+05:30,3918.45,3918.95,3916.15,3916.2,210,
2024-01-15 11:59:00+05:30,3916.2,3918.65,3915.9,3916,285,
2024-01-15 12:00:00+05:30,3916,3917,3915.55,3916.6,294,
2024-01-15 12:01:00+05:30,3916.6,3917,3915.75,3916.55,255,
2024-01-15 12:02:00+05:30,3917,3917.55,3911.55,3911.55,574,
2024-01-15 12:03:00+05:30,3911.75,3914.2,3911.45,3911.5,896,
2024-01-15 12:04:00+05:30,3911.5,3913.7,3911,3911.1,196,
2024-01-15 12:05:00+05:30,3911.1,3913.5,3906.85,3911.05,1889,
2024-01-15 12:06:00+05:30,3913,3913,3909.8,3911.15,423,
2024-01-15 12:07:00+05:30,3911.15,3912.95,3909,3910.05,439,
2024-01-15 12:08:00+05:30,3910,3911.9,3908.95,3909.3,449,
2024-01-15 12:09:00+05:30,3909.3,3918.4,3909.3,3915.05,1217,
2024-01-15 12:10:00+05:30,3915.05,3917.6,3913.2,3913.2,216,
2024-01-15 12:11:00+05:30,3913.2,3913.9,3910.05,3912.2,218,
2024-01-15 12:12:00+05:30,3912.2,3913.9,3910.2,3913,365,
2024-01-15 12:13:00+05:30,3913,3914,3910.5,3910.9,534,
2024-01-15 12:14:00+05:30,3910.9,3912.45,3910.5,3910.5,217,
2024-01-15 12:15:00+05:30,3910.5,3912.9,3908.95,3910,359,
2024-01-15 12:16:00+05:30,3910,3912.9,3908.95,3912,385,
2024-01-15 12:17:00+05:30,3912,3912.95,3911.3,3911.4,348,
2024-01-15 12:18:00+05:30,3911.4,3912.95,3911.15,3911.35,427,
2024-01-15 12:19:00+05:30,3912.65,3917.05,3912.15,3913.25,673,
2024-01-15 12:20:00+05:30,3913.25,3915.45,3911.2,3911.2,567,
2024-01-15 12:21:00+05:30,3913.25,3913.25,3909.1,3909.1,268,
2024-01-15 12:22:00+05:30,3910.4,3910.75,3904.3,3905.35,1079,
2024-01-15 12:23:00+05:30,3907.75,3910.2,3907,3909.1,198,
2024-01-15 12:24:00+05:30,3909.1,3911.6,3907.95,3909,430,
2024-01-15 12:25:00+05:30,3909,3911.4,3909,3909.15,194,
2024-01-15 12:26:00+05:30,3909.15,3911.2,3906.3,3907.65,351,
2024-01-15 12:27:00+05:30,3907.65,3909.3,3903,3904,1229,
2024-01-15 12:28:00+05:30,3904,3905.5,3902.5,3902.5,778,
2024-01-15 12:29:00+05:30,3902.5,3904.5,3902.25,3904,400,
2024-01-15 12:30:00+05:30,3904,3904.1,3900,3900.65,14095,
2024-01-15 12:31:00+05:30,3900.7,3907.9,3900,3906.2,1240,
2024-01-15 12:32:00+05:30,3906.25,3907.75,3904.05,3907.4,1004,
2024-01-15 12:33:00+05:30,3905.25,3907.4,3905,3907,150,
2024-01-15 12:34:00+05:30,3906.95,3909.3,3905.45,3908.05,354,
2024-01-15 12:35:00+05:30,3908.05,3908.95,3903.7,3903.7,1300,
2024-01-15 12:36:00+05:30,3903.7,3906.85,3903.7,3906.85,281,
2024-01-15 12:37:00+05:30,3906.85,3906.85,3905,3905,181,
2024-01-15 12:38:00+05:30,3905.1,3907.95,3905.1,3905.5,502,
2024-01-15 12:39:00+05:30,3907.5,3911,3905.55,3910.35,563,
2024-01-15 12:40:00+05:30,3910.3,3911.65,3908.65,3909.25,355,
2024-01-15 12:41:00+05:30,3909.25,3913,3909.25,3911.1,142,
2024-01-15 12:42:00+05:30,3912.9,3913.65,3910.7,3913.55,161,
2024-01-15 12:43:00+05:30,3913.55,3916,3912.2,3914.85,502,
2024-01-15 12:44:00+05:30,3914.85,3917.4,3914.85,3917,513,
2024-01-15 12:45:00+05:30,3917,3917,3915,3916.15,204,
2024-01-15 12:46:00+05:30,3916.15,3918.4,3916.15,3917,913,
2024-01-15 12:47:00+05:30,3917,3919,3917,3919,312,
2024-01-15 12:48:00+05:30,3919,3920,3917.05,3918,1327,
2024-01-15 12:49:00+05:30,3919.3,3919.3,3917.05,3917.9,113,
2024-01-15 12:50:00+05:30,3919.2,3919.2,3917.5,3917.5,107,
2024-01-15 12:51:00+05:30,3919.15,3919.15,3916.5,3917,440,
2024-01-15 12:52:00+05:30,3917,3917,3916.15,3916.15,146,
2024-01-15 12:53:00+05:30,3916.15,3917,3914.2,3914.2,285,
2024-01-15 12:54:00+05:30,3914.2,3916,3913,3915.65,1107,
2024-01-15 12:55:00+05:30,3915.65,3916.85,3914.05,3914.55,211,
2024-01-15 12:56:00+05:30,3914.55,3916.05,3914,3914.05,100,
2024-01-15 12:57:00+05:30,3914.05,3915,3913.05,3914.55,154,
2024-01-15 12:58:00+05:30,3914.55,3914.55,3908.1,3908.1,3295,
2024-01-15 12:59:00+05:30,3907.5,3912.55,3907.5,3909.9,1444,
2024-01-15 13:00:00+05:30,3909.9,3913.4,3908.35,3913.4,608,
2024-01-15 13:01:00+05:30,3913.4,3913.45,3910,3910,266,
2024-01-15 13:02:00+05:30,3910,3912.95,3910,3912.65,862,
2024-01-15 13:03:00+05:30,3912.65,3912.65,3910.25,3910.8,55,
2024-01-15 13:04:00+05:30,3910.8,3912.35,3909.05,3909.55,330,
2024-01-15 13:05:00+05:30,3909.55,3912.35,3909.3,3910.25,625,
2024-01-15 13:06:00+05:30,3910.25,3912.4,3909,3909.1,216,
2024-01-15 13:07:00+05:30,3909.05,3909.05,3905.15,3907.1,1838,
2024-01-15 13:08:00+05:30,3905.4,3907.55,3905,3905,831,
2024-01-15 13:09:00+05:30,3905,3909.75,3905,3907.45,192,
2024-01-15 13:10:00+05:30,3907.45,3911.85,3907.45,3911.65,261,
2024-01-15 13:11:00+05:30,3911.65,3911.65,3907.7,3907.7,106,
2024-01-15 13:12:00+05:30,3907.7,3909.5,3907.7,3907.7,99,
2024-01-15 13:13:00+05:30,3907.7,3911,3907.7,3908.75,769,
2024-01-15 13:14:00+05:30,3908.75,3910.05,3907.7,3909.2,93,
2024-01-15 13:15:00+05:30,3909.2,3909.2,3907.7,3907.7,251,
2024-01-15 13:16:00+05:30,3908.7,3908.7,3906.7,3908.35,251,
2024-01-15 13:17:00+05:30,3908.35,3909.5,3905.4,3909.5,701,
2024-01-15 13:18:00+05:30,3909.5,3910.95,3908.05,3910.5,523,
2024-01-15 13:19:00+05:30,3910.5,3910.5,3908,3909,308,
2024-01-15 13:20:00+05:30,3910,3910,3908.25,3908.25,128,
2024-01-15 13:21:00+05:30,3908.25,3908.95,3907.5,3908.65,227,
2024-01-15 13:22:00+05:30,3909.25,3909.45,3907.1,3908.05,167,
2024-01-15 13:23:00+05:30,3908.05,3908.8,3905.2,3905.2,1047,
2024-01-15 13:24:00+05:30,3905.65,3905.85,3905,3905,505,
2024-01-15 13:25:00+05:30,3905,3908.6,3905,3908.1,657,
2024-01-15 13:26:00+05:30,3908.1,3908.1,3905,3905,146,
2024-01-15 13:27:00+05:30,3905,3906.25,3904.95,3904.95,881,
2024-01-15 13:28:00+05:30,3904.95,3904.95,3902.25,3902.25,458,
2024-01-15 13:29:00+05:30,3902.25,3909.6,3902.25,3906.1,683,
2024-01-15 13:30:00+05:30,3907.85,3907.85,3903.7,3903.7,261,
2024-01-15 13:31:00+05:30,3903.7,3905.45,3902.75,3905.45,244,
2024-01-15 13:32:00+05:30,3905.45,3905.45,3903.05,3903.35,232,
2024-01-15 13:33:00+05:30,3903.35,3905,3902.75,3902.75,527,
2024-01-15 13:34:00+05:30,3902.75,3904.75,3902.75,3902.75,274,
2024-01-15 13:35:00+05:30,3904.3,3907.4,3904.3,3905.45,787,
2024-01-15 13:36:00+05:30,3905.45,3906.2,3902.75,3903.5,736,
2024-01-15 13:37:00+05:30,3903.5,3905.15,3902.75,3904.35,494,
2024-01-15 13:38:00+05:30,3905,3905.45,3902.75,3902.95,334,
2024-01-15 13:39:00+05:30,3902.95,3905.45,3902.75,3905.45,202,
2024-01-15 13:40:00+05:30,3905.45,3907.9,3904.15,3906.6,939,
2024-01-15 13:41:00+05:30,3906.6,3907.55,3903.1,3907.55,917,
2024-01-15 13:42:00+05:30,3907.55,3909.9,3906.05,3908,1157,
2024-01-15 13:43:00+05:30,3906.75,3908.4,3906.05,3906.7,149,
2024-01-15 13:44:00+05:30,3906.7,3910,3906.7,3909.15,541,
2024-01-15 13:45:00+05:30,3909.9,3910,3906.55,3906.55,668,
2024-01-15 13:46:00+05:30,3908.05,3909.65,3906.35,3906.8,495,
2024-01-15 13:47:00+05:30,3906.8,3908.95,3905,3908.95,505,
2024-01-15 13:48:00+05:30,3908.95,3908.95,3905.15,3907.55,205,
2024-01-15 13:49:00+05:30,3907.55,3907.9,3906.1,3906.1,127,
2024-01-15 13:50:00+05:30,3906.1,3907.7,3905,3905.95,234,
2024-01-15 13:51:00+05:30,3906.25,3910,3905.75,3909.95,1247,
2024-01-15 13:52:00+05:30,3909.95,3911.7,3907.65,3908.65,326,
2024-01-15 13:53:00+05:30,3908.65,3909.8,3907.55,3908.3,287,
2024-01-15 13:54:00+05:30,3908.3,3910.15,3908.05,3908.05,287,
2024-01-15 13:55:00+05:30,3908.05,3910.35,3908,3908.5,284,
2024-01-15 13:56:00+05:30,3908.5,3909.25,3906.05,3906.05,426,
2024-01-15 13:57:00+05:30,3906.05,3907.2,3905.1,3906.45,389,
2024-01-15 13:58:00+05:30,3906.45,3909.9,3904.75,3907.45,1215,
2024-01-15 13:59:00+05:30,3907.45,3909.25,3906,3906.2,141,
2024-01-15 14:00:00+05:30,3906.2,3911,3906.2,3911,576,
2024-01-15 14:01:00+05:30,3911,3911,3908.6,3908.75,652,
2024-01-15 14:02:00+05:30,3908.95,3909.55,3907.6,3908.05,213,
2024-01-15 14:03:00+05:30,3908.05,3909.9,3907.25,3907.9,382,
2024-01-15 14:04:00+05:30,3907.9,3909.15,3907.5,3908.15,179,
2024-01-15 14:05:00+05:30,3908.15,3911.2,3907.6,3910.25,479,
2024-01-15 14:06:00+05:30,3910.25,3911.2,3906.25,3909.15,689,
2024-01-15 14:07:00+05:30,3909.15,3909.15,3907.3,3907.3,269,
2024-01-15 14:08:00+05:30,3907.3,3911,3907.2,3908.7,1733,
2024-01-15 14:09:00+05:30,3907.8,3911,3907.6,3908.6,257,
2024-01-15 14:10:00+05:30,3908.6,3911,3907.6,3908.65,878,
2024-01-15 14:11:00+05:30,3909.1,3909.45,3907.45,3907.65,197,
2024-01-15 14:12:00+05:30,3907.6,3909.15,3906,3907,293,
2024-01-15 14:13:00+05:30,3905.6,3909.2,3905.25,3906.2,384,
2024-01-15 14:14:00+05:30,3906.2,3907.85,3905.2,3905.55,343,
2024-01-15 14:15:00+05:30,3905.55,3907.25,3905.05,3905.05,225,
2024-01-15 14:16:00+05:30,3905.05,3906.75,3904,3906.7,454,
2024-01-15 14:17:00+05:30,3905.35,3907.65,3904.15,3904.15,655,
2024-01-15 14:18:00+05:30,3904.15,3905.25,3901.75,3902,1398,
2024-01-15 14:19:00+05:30,3902,3903,3900,3901.4,3075,
2024-01-15 14:20:00+05:30,3901.4,3903.75,3900.7,3901.6,267,
2024-01-15 14:21:00+05:30,3901.6,3903.65,3900.8,3902.1,202,
2024-01-15 14:22:00+05:30,3902.1,3902.9,3900.8,3902.1,237,
2024-01-15 14:23:00+05:30,3902.1,3902.1,3900.8,3901,322,
2024-01-15 14:24:00+05:30,3901.9,3901.9,3900.8,3900.8,401,
2024-01-15 14:25:00+05:30,3901.4,3901.45,3900.05,3901.45,594,
2024-01-15 14:26:00+05:30,3901.45,3902.6,3901.45,3901.45,244,
2024-01-15 14:27:00+05:30,3903.3,3903.3,3901.45,3902.15,316,
2024-01-15 14:28:00+05:30,3902.15,3903.95,3901.45,3901.6,394,
2024-01-15 14:29:00+05:30,3901.6,3901.7,3901.45,3901.45,173,
2024-01-15 14:30:00+05:30,3901.45,3902.95,3901.45,3901.45,188,
2024-01-15 14:31:00+05:30,3901.45,3903.8,3901,3901,713,
2024-01-15 14:32:00+05:30,3901,3901.85,3900.25,3900.25,123,
2024-01-15 14:33:00+05:30,3900.25,3902.6,3900.25,3902.55,231,
2024-01-15 14:34:00+05:30,3902.55,3902.55,3900.3,3902,472,
2024-01-15 14:35:00+05:30,3900.25,3904,3900.25,3904,469,
2024-01-15 14:36:00+05:30,3905,3908.45,3903.05,3906.25,2329,
2024-01-15 14:37:00+05:30,3906.25,3906.25,3903.3,3903.65,203,
2024-01-15 14:38:00+05:30,3903.65,3906.85,3903.05,3904.1,710,
2024-01-15 14:39:00+05:30,3904.1,3907.95,3903.55,3907.95,480,
2024-01-15 14:40:00+05:30,3907.95,3914.5,3906.85,3911,4636,
2024-01-15 14:41:00+05:30,3911,3911,3906.65,3909.95,994,
2024-01-15 14:42:00+05:30,3909.95,3910.35,3907.5,3910.05,596,
2024-01-15 14:43:00+05:30,3910.05,3915,3909.1,3913.8,2052,
2024-01-15 14:44:00+05:30,3915,3915,3911.1,3913,210,
2024-01-15 14:45:00+05:30,3913,3913,3910.8,3910.8,128,
2024-01-15 14:46:00+05:30,3910.6,3915,3910.6,3915,387,
2024-01-15 14:47:00+05:30,3915,3916.2,3912,3912.25,2362,
2024-01-15 14:48:00+05:30,3914.1,3914.1,3912.2,3912.85,252,
2024-01-15 14:49:00+05:30,3912.85,3914.8,3912.25,3914.05,142,
2024-01-15 14:50:00+05:30,3914.05,3914.7,3912.2,3914.4,326,
2024-01-15 14:51:00+05:30,3913.05,3914.45,3912.2,3914.45,276,
2024-01-15 14:52:00+05:30,3914.4,3914.4,3912.5,3912.55,135,
2024-01-15 14:53:00+05:30,3912.55,3913.85,3912.5,3912.5,147,
2024-01-15 14:54:00+05:30,3913.25,3914.3,3912.5,3913.65,467,
2024-01-15 14:55:00+05:30,3913.65,3914.45,3911.65,3911.65,255,
2024-01-15 14:56:00+05:30,3910,3911.6,3909.25,3909.55,135,
2024-01-15 14:57:00+05:30,3909.55,3911.5,3908.6,3909.15,111,
2024-01-15 14:58:00+05:30,3910.8,3912.5,3908.35,3912.5,237,
2024-01-15 14:59:00+05:30,3912.5,3915,3910.5,3914.75,1179,
2024-01-15 15:00:00+05:30,3914.75,3917,3912.6,3916.65,2596,
2024-01-15 15:01:00+05:30,3916.7,3916.95,3914,3916.95,1002,
2024-01-15 15:02:00+05:30,3916.95,3917,3914.6,3917,778,
2024-01-15 15:03:00+05:30,3915.75,3917,3914.4,3916.1,440,
2024-01-15 15:04:00+05:30,3914.45,3916.75,3914,3915.35,1178,
2024-01-15 15:05:00+05:30,3914,3914.6,3912,3913,483,
2024-01-15 15:06:00+05:30,3913,3913.55,3912.5,3912.65,914,
2024-01-15 15:07:00+05:30,3912.65,3912.65,3909.15,3909.25,547,
2024-01-15 15:08:00+05:30,3909.25,3909.9,3909,3909,1023,
2024-01-15 15:09:00+05:30,3909.1,3911.8,3908.5,3909.05,1460,
2024-01-15 15:10:00+05:30,3911.3,3912.95,3910.25,3911.1,680,
2024-01-15 15:11:00+05:30,3912,3912.15,3910.65,3911.7,640,
2024-01-15 15:12:00+05:30,3911,3912.1,3908,3908,968,
2024-01-15 15:13:00+05:30,3908,3911,3907.35,3909.2,1604,
2024-01-15 15:14:00+05:30,3909.6,3909.6,3905.8,3907.45,758,
2024-01-15 15:15:00+05:30,3906.45,3910,3906.45,3909.1,1103,
2024-01-15 15:16:00+05:30,3909.1,3910.05,3907.75,3907.8,1394,
2024-01-15 15:17:00+05:30,3907.95,3908.05,3906.8,3906.8,1273,
2024-01-15 15:18:00+05:30,3906.8,3907.05,3904.5,3907,2891,
2024-01-15 15:19:00+05:30,3906.85,3907.1,3906.4,3906.95,636,
2024-01-15 15:20:00+05:30,3906.9,3908,3906.8,3907.05,1490,
2024-01-15 15:21:00+05:30,3907.4,3907.65,3907.4,3907.6,447,
2024-01-15 15:22:00+05:30,3907.65,3909.6,3907.6,3908.45,614,
2024-01-15 15:23:00+05:30,3908.6,3909.25,3908.5,3908.85,645,
2024-01-15 15:24:00+05:30,3908.8,3908.8,3905.7,3906,1832,
2024-01-15 15:25:00+05:30,3905.95,3912,3905.95,3910,1895,
2024-01-15 15:26:00+05:30,3909.85,3910.45,3907.5,3907.9,664,
2024-01-15 15:27:00+05:30,3907.9,3908.1,3902.05,3902.05,1243,
2024-01-15 15:28:00+05:30,3902,3907.45,3900.55,3905.15,898,
2024-01-15 15:29:00+05:30,3905.15,3910,3905,3905.15,762,
2024-01-16 09:15:00+05:30,3909.6,3926.35,3897.15,3909.6,2554,
2024-01-16 09:16:00+05:30,3909.6,3909.6,3892.85,3895.7,1430,
2024-01-16 09:17:00+05:30,3895.55,3900.65,3890,3896.3,966,
2024-01-16 09:18:00+05:30,3896.3,3902.1,3895,3899.3,3568,
2024-01-16 09:19:00+05:30,3899.3,3902,3895,3898,2603,
2024-01-16 09:20:00+05:30,3898,3899.4,3879.5,3880,3782,
2024-01-16 09:21:00+05:30,3881.45,3882.9,3872.9,3876.9,3851,
2024-01-16 09:22:00+05:30,3876.9,3881.9,3874.05,3881,949,
2024-01-16 09:23:00+05:30,3881,3881.8,3878.35,3879.25,311,
2024-01-16 09:24:00+05:30,3879.1,3883.45,3875.7,3882,664,
2024-01-16 09:25:00+05:30,3883.45,3883.7,3874.95,3876.4,1147,
2024-01-16 09:26:00+05:30,3876.4,3878.85,3871.7,3877.75,1594,
2024-01-16 09:27:00+05:30,3877.75,3883.95,3875,3876.8,1520,
2024-01-16 09:28:00+05:30,3875,3881.9,3872.8,3880.9,667,
2024-01-16 09:29:00+05:30,3880.45,3880.45,3875.95,3876.4,684,
2024-01-16 09:30:00+05:30,3876.4,3878.2,3873,3875.2,451,
2024-01-16 09:31:00+05:30,3874.75,3877.55,3874.2,3876,761,
2024-01-16 09:32:00+05:30,3876.95,3881,3875,3878.75,986,
2024-01-16 09:33:00+05:30,3878.75,3880,3872.35,3872.35,1235,
2024-01-16 09:34:00+05:30,3872.35,3872.7,3843,3848.25,9047,
2024-01-16 09:35:00+05:30,3850.95,3858.9,3850.95,3855.5,2603,
2024-01-16 09:36:00+05:30,3857.05,3865,3857.05,3862,2418,
2024-01-16 09:37:00+05:30,3863.65,3863.65,3857.05,3860.15,1512,
2024-01-16 09:38:00+05:30,3860.15,3861.95,3855.4,3858.65,1045,
2024-01-16 09:39:00+05:30,3856.55,3863.6,3856.55,3861.45,931,
2024-01-16 09:40:00+05:30,3860,3862,3857,3857.7,437,
2024-01-16 09:41:00+05:30,3858.2,3858.2,3851.5,3855.1,2029,
2024-01-16 09:42:00+05:30,3855.1,3859.3,3851.7,3859.3,980,
2024-01-16 09:43:00+05:30,3859.4,3865.6,3858.8,3864,587,
2024-01-16 09:44:00+05:30,3864,3867.95,3860,3867.95,1134,
2024-01-16 09:45:00+05:30,3868,3868.75,3865.7,3866,555,
2024-01-16 09:46:00+05:30,3866.95,3872.5,3865.85,3868.7,1250,
2024-01-16 09:47:00+05:30,3868.7,3878.15,3868.7,3876.35,7504,
2024-01-16 09:48:00+05:30,3878.15,3882.95,3876,3880.85,6361,
2024-01-16 09:49:00+05:30,3880.85,3882,3877.4,3881.95,1625,
2024-01-16 09:50:00+05:30,3877.75,3883.45,3877.45,3881.7,4176,
2024-01-16 09:51:00+05:30,3881.7,3889.5,3880.7,3884,4102,
2024-01-16 09:52:00+05:30,3883.4,3887.9,3880.3,3883.05,3991,
2024-01-16 09:53:00+05:30,3885,3889.5,3882.35,3883.1,2665,
2024-01-16 09:54:00+05:30,3883.1,3889.5,3883.1,3887.15,3436,
2024-01-16 09:55:00+05:30,3888.4,3893.75,3887.3,3889.45,8438,
2024-01-16 09:56:00+05:30,3889.45,3889.45,3885.75,3887,570,
2024-01-16 09:57:00+05:30,3887,3887,3880,3882.3,2320,
2024-01-16 09:58:00+05:30,3882.3,3883.65,3872.55,3874.95,1775,
2024-01-16 09:59:00+05:30,3876.05,3881.6,3871.2,3873.75,1777,
2024-01-16 10:00:00+05:30,3873.75,3879.5,3871.65,3876.6,765,
2024-01-16 10:01:00+05:30,3876.6,3878.05,3871.2,3871.95,622,
2024-01-16 10:02:00+05:30,3871.95,3876.55,3871.65,3876.05,411,
2024-01-16 10:03:00+05:30,3878.75,3878.75,3876.1,3877.95,348,
2024-01-16 10:04:00+05:30,3877.95,3877.95,3872,3872.9,517,
2024-01-16 10:05:00+05:30,3872.9,3880,3872.9,3876.25,1092,
2024-01-16 10:06:00+05:30,3876.25,3877.15,3872.9,3872.9,215,
2024-01-16 10:07:00+05:30,3872.9,3872.9,3868.4,3868.4,532,
2024-01-16 10:08:00+05:30,3868.4,3873.4,3868.4,3873.05,372,
2024-01-16 10:09:00+05:30,3873.05,3874.85,3863.6,3864.05,1260,
2024-01-16 10:10:00+05:30,3864.05,3866.35,3864.05,3866.15,406,
2024-01-16 10:11:00+05:30,3866.15,3871,3866.15,3869.35,223,
2024-01-16 10:12:00+05:30,3869.35,3870.8,3867.85,3869,305,
2024-01-16 10:13:00+05:30,3869,3872.4,3868.15,3872,396,
2024-01-16 10:14:00+05:30,3872,3872,3868.75,3869.3,778,
2024-01-16 10:15:00+05:30,3869.3,3870.45,3868,3869.65,506,
2024-01-16 10:16:00+05:30,3869.65,3870.9,3868,3869.4,209,
2024-01-16 10:17:00+05:30,3869.4,3870.8,3869,3869.05,188,
2024-01-16 10:18:00+05:30,3869.05,3870.5,3869,3870.5,138,
2024-01-16 10:19:00+05:30,3870.5,3875,3868.95,3875,1383,
2024-01-16 10:20:00+05:30,3875,3876.25,3873.8,3875,244,
2024-01-16 10:21:00+05:30,3875.6,3875.6,3873.65,3873.65,454,
2024-01-16 10:22:00+05:30,3873.9,3876.25,3873.25,3876.25,1021,
2024-01-16 10:23:00+05:30,3876.25,3876.25,3871,3871.7,398,
2024-01-16 10:24:00+05:30,3871.7,3875,3870,3873.4,633,
2024-01-16 10:25:00+05:30,3873.4,3873.4,3870,3870,147,
2024-01-16 10:26:00+05:30,3871.7,3871.85,3871,3871,387,
2024-01-16 10:27:00+05:30,3871,3871.75,3869.35,3869.35,372,
2024-01-16 10:28:00+05:30,3869.35,3870.85,3869,3870.85,123,
2024-01-16 10:29:00+05:30,3870.85,3870.85,3866,3866,296,
2024-01-16 10:30:00+05:30,3865,3865,3858,3862.45,2611,
2024-01-16 10:31:00+05:30,3862.45,3863.9,3860.75,3861,382,
2024-01-16 10:32:00+05:30,3861,3863.4,3861,3861.7,504,
2024-01-16 10:33:00+05:30,3861.7,3865,3861.7,3862.75,389,
2024-01-16 10:34:00+05:30,3864,3866.9,3862.65,3864.1,367,
2024-01-16 10:35:00+05:30,3864.1,3866.9,3862.65,3866.9,1334,
2024-01-16 10:36:00+05:30,3866.9,3866.9,3864,3864.15,403,
2024-01-16 10:37:00+05:30,3864.15,3866,3864,3864.35,850,
2024-01-16 10:38:00+05:30,3865.8,3865.8,3864,3865,268,
2024-01-16 10:39:00+05:30,3865,3868.3,3864,3866.2,276,
2024-01-16 10:40:00+05:30,3866.2,3867.55,3864,3864.05,299,
2024-01-16 10:41:00+05:30,3864.05,3865.95,3864,3864.8,275,
2024-01-16 10:42:00+05:30,3864.8,3865.6,3864,3865.6,331,
2024-01-16 10:43:00+05:30,3864.8,3865.6,3863.5,3863.5,219,
2024-01-16 10:44:00+05:30,3863.5,3865,3862.8,3862.9,534,
2024-01-16 10:45:00+05:30,3862.9,3864.5,3862.6,3862.7,270,
2024-01-16 10:46:00+05:30,3862.7,3863.5,3860,3860.55,2174,
2024-01-16 10:47:00+05:30,3860.55,3865.4,3860.55,3862.1,1062,
2024-01-16 10:48:00+05:30,3862.1,3862.1,3860.55,3861.95,172,
2024-01-16 10:49:00+05:30,3861.95,3863.35,3860.6,3862.1,227,
2024-01-16 10:50:00+05:30,3861.8,3864.35,3860,3861.35,1667,
2024-01-16 10:51:00+05:30,3861.35,3862.65,3860.7,3860.7,478,
2024-01-16 10:52:00+05:30,3860.7,3863,3860.7,3860.8,445,
2024-01-16 10:53:00+05:30,3860.8,3865.6,3859,3859,1429,
2024-01-16 10:54:00+05:30,3860,3860,3856.9,3858,1016,
2024-01-16 10:55:00+05:30,3858,3858.5,3856.8,3857.05,448,
2024-01-16 10:56:00+05:30,3857.05,3859.35,3857.05,3857.5,329,
2024-01-16 10:57:00+05:30,3858.9,3863.7,3858.9,3861.85,527,
2024-01-16 10:58:00+05:30,3860.05,3864.05,3860.05,3863.75,603,
2024-01-16 10:59:00+05:30,3861.65,3861.65,3857,3857,592,
2024-01-16 11:00:00+05:30,3857,3857.3,3856.5,3856.5,245,
2024-01-16 11:01:00+05:30,3856.7,3859.9,3856.5,3857.55,769,
2024-01-16 11:02:00+05:30,3857.5,3860.8,3857.25,3860.55,298,
2024-01-16 11:03:00+05:30,3860.55,3860.55,3857.25,3858.25,937,
2024-01-16 11:04:00+05:30,3858.25,3860.75,3857.85,3860,248,
2024-01-16 11:05:00+05:30,3860,3862,3860,3860.05,473,
2024-01-16 11:06:00+05:30,3860.85,3867.35,3860.85,3866,1924,
2024-01-16 11:07:00+05:30,3867.6,3867.75,3865,3865.15,266,
2024-01-16 11:08:00+05:30,3865.15,3865.95,3861,3861.45,495,
2024-01-16 11:09:00+05:30,3861.45,3861.45,3858.75,3859.9,1414,
2024-01-16 11:10:00+05:30,3859.9,3861,3857.1,3861,799,
2024-01-16 11:11:00+05:30,3861,3862.65,3858.25,3859,776,
2024-01-16 11:12:00+05:30,3859,3861.6,3858,3858,450,
2024-01-16 11:13:00+05:30,3858,3860.45,3858,3859.3,445,
2024-01-16 11:14:00+05:30,3859.3,3860.45,3858.1,3859.5,489,
2024-01-16 11:15:00+05:30,3859.5,3859.5,3854,3854,1498,
2024-01-16 11:16:00+05:30,3853.05,3857.4,3853.05,3856.95,1128,
2024-01-16 11:17:00+05:30,3854.75,3855,3854.6,3855,591,
2024-01-16 11:18:00+05:30,3856.35,3856.35,3853.05,3856.2,850,
2024-01-16 11:19:00+05:30,3856.2,3857.7,3853.85,3857,586,
2024-01-16 11:20:00+05:30,3857,3857.8,3855.1,3857.8,556,
2024-01-16 11:21:00+05:30,3858,3858,3853.6,3853.6,1314,
2024-01-16 11:22:00+05:30,3853.6,3859.85,3853.25,3859,967,
2024-01-16 11:23:00+05:30,3859,3859.85,3858.05,3858.15,312,
2024-01-16 11:24:00+05:30,3858.15,3859.95,3857.45,3858.6,358,
2024-01-16 11:25:00+05:30,3858.6,3859.95,3856.75,3857.1,484,
2024-01-16 11:26:00+05:30,3857.1,3859.15,3856.85,3857.15,423,
2024-01-16 11:27:00+05:30,3857.15,3859.55,3856.05,3856.25,465,
2024-01-16 11:28:00+05:30,3856.25,3858.95,3856.05,3858.9,429,
2024-01-16 11:29:00+05:30,3858.8,3858.8,3856.1,3858.15,216,
2024-01-16 11:30:00+05:30,3858.15,3858.15,3856.4,3856.65,316,
2024-01-16 11:31:00+05:30,3856.65,3857.65,3856.5,3857.65,571,
2024-01-16 11:32:00+05:30,3857.65,3857.65,3856,3856,389,
2024-01-16 11:33:00+05:30,3856,3856.35,3856,3856,249,
2024-01-16 11:34:00+05:30,3856.05,3856.25,3856,3856.25,768,
2024-01-16 11:35:00+05:30,3856,3857.6,3856,3857.6,276,
2024-01-16 11:36:00+05:30,3857.6,3858.9,3857,3858.85,331,
2024-01-16 11:37:00+05:30,3858.85,3858.85,3856.6,3856.6,314,
2024-01-16 11:38:00+05:30,3856.95,3858,3856.6,3858,529,
2024-01-16 11:39:00+05:30,3858,3858.9,3856.8,3858,798,
2024-01-16 11:40:00+05:30,3858,3858.15,3856.7,3856.7,690,
2024-01-16 11:41:00+05:30,3856.7,3856.8,3854,3854,1478,
2024-01-16 11:42:00+05:30,3854.05,3854.1,3853.4,3853.5,490,
2024-01-16 11:43:00+05:30,3853.5,3856,3853.5,3855.8,262,
2024-01-16 11:44:00+05:30,3855.8,3856.8,3854.05,3854.05,455,
2024-01-16 11:45:00+05:30,3854.05,3854.8,3853.15,3853.2,674,
2024-01-16 11:46:00+05:30,3853.2,3853.2,3853.05,3853.15,3477,
2024-01-16 11:47:00+05:30,3853.15,3853.2,3853.05,3853.2,437,
2024-01-16 11:48:00+05:30,3853.2,3857.45,3853.05,3855.2,935,
2024-01-16 11:49:00+05:30,3853.6,3855.3,3853.5,3853.5,284,
2024-01-16 11:50:00+05:30,3853.5,3854.85,3847.2,3847.2,4149,
2024-01-16 11:51:00+05:30,3846.7,3846.7,3844,3846,2270,
2024-01-16 11:52:00+05:30,3846,3846,3833.8,3835.3,6776,
2024-01-16 11:53:00+05:30,3836.8,3838,3834.05,3837.65,1783,
2024-01-16 11:54:00+05:30,3837.7,3839,3836.6,3836.95,852,
2024-01-16 11:55:00+05:30,3837,3838.5,3835,3835,1521,
2024-01-16 11:56:00+05:30,3835,3835,3831,3833.55,1155,
2024-01-16 11:57:00+05:30,3833.55,3834.95,3832.9,3833,895,
2024-01-16 11:58:00+05:30,3833.35,3837.4,3832.05,3837.4,623,
2024-01-16 11:59:00+05:30,3837.4,3841,3837.35,3840.9,1219,
2024-01-16 12:00:00+05:30,3840.95,3841.5,3839.1,3839.3,564,
2024-01-16 12:01:00+05:30,3839.1,3839.1,3835.3,3836,598,
2024-01-16 12:02:00+05:30,3836.45,3838.8,3835,3838.35,1280,
2024-01-16 12:03:00+05:30,3838.35,3839.25,3835.95,3836.2,826,
2024-01-16 12:04:00+05:30,3836.2,3838.6,3835.05,3837.6,358,
2024-01-16 12:05:00+05:30,3837.6,3839.15,3835.05,3836.1,774,
2024-01-16 12:06:00+05:30,3835,3836.25,3833,3833.05,493,
2024-01-16 12:07:00+05:30,3833.05,3836.3,3832.6,3833.5,1395,
2024-01-16 12:08:00+05:30,3832.7,3833.55,3821.75,3821.75,6017,
2024-01-16 12:09:00+05:30,3821.7,3824.55,3821.05,3821.1,1603,
2024-01-16 12:10:00+05:30,3823.95,3823.95,3817.95,3818.1,3331,
2024-01-16 12:11:00+05:30,3820.5,3829.45,3820,3826.3,1678,
2024-01-16 12:12:00+05:30,3826.3,3832,3824.1,3825.15,2529,
2024-01-16 12:13:00+05:30,3827.4,3828.95,3824.95,3826.45,698,
2024-01-16 12:14:00+05:30,3827.85,3828.25,3823,3823.05,832,
2024-01-16 12:15:00+05:30,3823.05,3826.95,3818,3818,2056,
2024-01-16 12:16:00+05:30,3818,3823,3818,3822,797,
2024-01-16 12:17:00+05:30,3821.5,3827.95,3821.4,3826.8,836,
2024-01-16 12:18:00+05:30,3826.8,3826.8,3823,3825,336,
2024-01-16 12:19:00+05:30,3825,3825,3820.3,3824,992,
2024-01-16 12:20:00+05:30,3824,3825,3823.45,3823.85,350,
2024-01-16 12:21:00+05:30,3823.85,3827.5,3822,3824.5,864,
2024-01-16 12:22:00+05:30,3824.5,3825,3823.3,3824.15,346,
2024-01-16 12:23:00+05:30,3824.5,3824.85,3822.9,3823.7,428,
2024-01-16 12:24:00+05:30,3823.7,3825,3823,3825,1391,
2024-01-16 12:25:00+05:30,3824.7,3826.95,3824.3,3826.4,992,
2024-01-16 12:26:00+05:30,3826.5,3827.75,3825,3826.45,858,
2024-01-16 12:27:00+05:30,3826.45,3826.45,3823.05,3824.2,1144,
2024-01-16 12:28:00+05:30,3824.2,3826.95,3823.05,3826.35,658,
2024-01-16 12:29:00+05:30,3826.3,3826.3,3824.05,3824.5,329,
2024-01-16 12:30:00+05:30,3825,3827.15,3823.5,3826.9,972,
2024-01-16 12:31:00+05:30,3826.9,3826.9,3825,3825.2,314,
2024-01-16 12:32:00+05:30,3825,3826.75,3825,3825.4,801,
2024-01-16 12:33:00+05:30,3825,3825.2,3823.35,3825,714,
2024-01-16 12:34:00+05:30,3825,3825,3823.35,3824,423,
2024-01-16 12:35:00+05:30,3824,3825,3824,3824.1,305,
2024-01-16 12:36:00+05:30,3824.05,3825,3824,3824.85,299,
2024-01-16 12:37:00+05:30,3825,3825,3824.05,3824.05,533,
2024-01-16 12:38:00+05:30,3824.05,3827,3824.05,3825.4,482,
2024-01-16 12:39:00+05:30,3825.4,3827.9,3825.4,3827.7,416,
2024-01-16 12:40:00+05:30,3827.7,3830,3827.1,3830,531,
2024-01-16 12:41:00+05:30,3829.5,3833.95,3829.1,3831.25,2746,
2024-01-16 12:42:00+05:30,3831.4,3832.9,3829.1,3829.25,851,
2024-01-16 12:43:00+05:30,3829.25,3831.5,3828.75,3829.1,476,
2024-01-16 12:44:00+05:30,3829,3831.15,3828.75,3831.15,345,
2024-01-16 12:45:00+05:30,3831.15,3833.7,3829.9,3833.7,851,
2024-01-16 12:46:00+05:30,3833.55,3833.9,3830.95,3831,525,
2024-01-16 12:47:00+05:30,3831,3833.9,3829.5,3829.5,988,
2024-01-16 12:48:00+05:30,3830,3830.6,3827.85,3830.6,469,
2024-01-16 12:49:00+05:30,3829.95,3831.45,3827,3827.5,564,
2024-01-16 12:50:00+05:30,3827.25,3831.8,3827.25,3830.6,736,
2024-01-16 12:51:00+05:30,3830.6,3830.6,3827,3827.4,471,
2024-01-16 12:52:00+05:30,3827.4,3829.4,3827,3828.2,1266,
2024-01-16 12:53:00+05:30,3828.2,3834,3828.2,3832.4,960,
2024-01-16 12:54:00+05:30,3832.4,3833.9,3829.4,3829.4,993,
2024-01-16 12:55:00+05:30,3829.4,3834.95,3829.4,3834.95,749,
2024-01-16 12:56:00+05:30,3834.05,3840,3833.1,3834.45,2624,
2024-01-16 12:57:00+05:30,3834.25,3837,3834.25,3834.85,410,
2024-01-16 12:58:00+05:30,3834.85,3840,3834.8,3839.5,1680,
2024-01-16 12:59:00+05:30,3839.55,3839.55,3834.1,3837.65,2113,
2024-01-16 13:00:00+05:30,3837.65,3838,3831.95,3833.95,822,
2024-01-16 13:01:00+05:30,3832.4,3833.95,3830.8,3830.8,599,
2024-01-16 13:02:00+05:30,3830.8,3835.15,3830.8,3834.1,1202,
2024-01-16 13:03:00+05:30,3833.75,3838.8,3832.25,3836,1684,
2024-01-16 13:04:00+05:30,3835.7,3838.8,3835,3835,878,
2024-01-16 13:05:00+05:30,3835,3835.25,3835,3835,1020,
2024-01-16 13:06:00+05:30,3835,3835.1,3827,3827,3480,
2024-01-16 13:07:00+05:30,3827,3830.85,3825,3825,803,
2024-01-16 13:08:00+05:30,3825,3827.9,3823.2,3826,1183,
2024-01-16 13:09:00+05:30,3826,3826.6,3824,3824.05,602,
2024-01-16 13:10:00+05:30,3823.2,3824.95,3823,3823.35,461,
2024-01-16 13:11:00+05:30,3824.9,3826.6,3823.4,3826.35,930,
2024-01-16 13:12:00+05:30,3826.35,3826.7,3821.45,3821.5,956,
2024-01-16 13:13:00+05:30,3821.5,3825,3820,3823,2794,
2024-01-16 13:14:00+05:30,3823,3824.45,3820,3822.35,1771,
2024-01-16 13:15:00+05:30,3822.35,3822.35,3814.1,3818.85,3951,
2024-01-16 13:16:00+05:30,3817.4,3828.2,3816,3827,1170,
2024-01-16 13:17:00+05:30,3827,3827,3822.25,3822.95,373,
2024-01-16 13:18:00+05:30,3822.95,3829.4,3822,3828.45,1338,
2024-01-16 13:19:00+05:30,3828.45,3828.45,3822,3823.55,391,
2024-01-16 13:20:00+05:30,3822.05,3828.7,3822,3826.7,2696,
2024-01-16 13:21:00+05:30,3826.65,3827.55,3823.95,3826.25,527,
2024-01-16 13:22:00+05:30,3826.55,3827.25,3823.3,3824.9,795,
2024-01-16 13:23:00+05:30,3825,3827.35,3823,3824.4,412,
2024-01-16 13:24:00+05:30,3824.4,3825,3822,3823,364,
2024-01-16 13:25:00+05:30,3823.2,3826.65,3821,3825.15,1414,
2024-01-16 13:26:00+05:30,3825.15,3830,3823.85,3826.8,1791,
2024-01-16 13:27:00+05:30,3824.85,3826.8,3820.05,3820.05,783,
2024-01-16 13:28:00+05:30,3820.05,3825.05,3820,3823.9,1318,
2024-01-16 13:29:00+05:30,3823.45,3823.95,3821,3821,389,
2024-01-16 13:30:00+05:30,3821,3824.8,3821,3824.8,333,
2024-01-16 13:31:00+05:30,3824.8,3825.95,3820.2,3820.2,858,
2024-01-16 13:32:00+05:30,3820.9,3822.4,3817.1,3819.3,1098,
2024-01-16 13:33:00+05:30,3819.05,3819.05,3816,3816.8,602,
2024-01-16 13:34:00+05:30,3817.25,3819.3,3815.75,3818,740,
2024-01-16 13:35:00+05:30,3818.8,3821.65,3816.1,3816.1,685,
2024-01-16 13:36:00+05:30,3816.1,3817.7,3815,3816.95,1052,
2024-01-16 13:37:00+05:30,3816.9,3820.45,3816.9,3820.05,931,
2024-01-16 13:38:00+05:30,3820,3824.45,3818.8,3822.65,933,
2024-01-16 13:39:00+05:30,3822.65,3824.45,3821.35,3823.95,511,
2024-01-16 13:40:00+05:30,3823.35,3829,3821.75,3821.9,1010,
2024-01-16 13:41:00+05:30,3820.85,3823.25,3819,3821.7,933,
2024-01-16 13:42:00+05:30,3820.4,3824.7,3819.7,3822.5,326,
2024-01-16 13:43:00+05:30,3822.5,3826.05,3820.25,3825.9,648,
2024-01-16 13:44:00+05:30,3825.9,3828.9,3824.9,3827.3,878,
2024-01-16 13:45:00+05:30,3827.3,3827.9,3825.05,3827.9,853,
2024-01-16 13:46:00+05:30,3827.9,3830.6,3826,3829.8,1945,
2024-01-16 13:47:00+05:30,3829.8,3832,3827.35,3831.85,819,
2024-01-16 13:48:00+05:30,3831.8,3832.95,3827.85,3830.2,1929,
2024-01-16 13:49:00+05:30,3830.2,3830.2,3827.1,3828,425,
2024-01-16 13:50:00+05:30,3827.1,3827.5,3824,3824.3,560,
2024-01-16 13:51:00+05:30,3823.25,3829.55,3823.25,3829.55,408,
2024-01-16 13:52:00+05:30,3828.85,3833.45,3828.25,3832.3,890,
2024-01-16 13:53:00+05:30,3832.35,3832.7,3827,3829.5,1662,
2024-01-16 13:54:00+05:30,3829.5,3831.75,3828.3,3830,464,
2024-01-16 13:55:00+05:30,3830.2,3830.5,3828.75,3829.8,530,
2024-01-16 13:56:00+05:30,3829.35,3831.7,3828.85,3830.75,409,
2024-01-16 13:57:00+05:30,3830.75,3831.35,3829.85,3830.2,418,
2024-01-16 13:58:00+05:30,3830.2,3832,3830.2,3830.95,647,
2024-01-16 13:59:00+05:30,3831,3833.45,3830.4,3832,1245,
2024-01-16 14:00:00+05:30,3832,3832.2,3828.05,3829.25,1447,
2024-01-16 14:01:00+05:30,3829.25,3831.35,3828.6,3829,596,
2024-01-16 14:02:00+05:30,3829,3829.05,3825.5,3826,1179,
2024-01-16 14:03:00+05:30,3826,3831,3825.95,3828.9,670,
2024-01-16 14:04:00+05:30,3829.6,3830.95,3824.4,3826.7,3761,
2024-01-16 14:05:00+05:30,3826.5,3826.5,3824.25,3824.4,722,
2024-01-16 14:06:00+05:30,3824.4,3830.65,3823,3827,2146,
2024-01-16 14:07:00+05:30,3827,3828.35,3825.7,3827.05,884,
2024-01-16 14:08:00+05:30,3827.05,3827.05,3822.05,3823.55,675,
2024-01-16 14:09:00+05:30,3823.55,3825,3823.55,3824.95,526,
2024-01-16 14:10:00+05:30,3824.95,3827.1,3824.85,3825,867,
2024-01-16 14:11:00+05:30,3825,3829.6,3825,3828,721,
2024-01-16 14:12:00+05:30,3828.3,3830.75,3827.15,3828.35,942,
2024-01-16 14:13:00+05:30,3828.35,3829.8,3828.35,3829.6,484,
2024-01-16 14:14:00+05:30,3829.6,3829.65,3827.1,3827.5,611,
2024-01-16 14:15:00+05:30,3827.5,3829.2,3826,3826,433,
2024-01-16 14:16:00+05:30,3826,3827,3824,3824,842,
2024-01-16 14:17:00+05:30,3824,3826.35,3824,3825.05,493,
2024-01-16 14:18:00+05:30,3824.65,3827.5,3824.65,3826.2,558,
2024-01-16 14:19:00+05:30,3826.2,3828.95,3825.5,3827.45,517,
2024-01-16 14:20:00+05:30,3827.75,3829.45,3827.5,3827.9,399,
2024-01-16 14:21:00+05:30,3827.9,3829.1,3827.4,3827.4,470,
2024-01-16 14:22:00+05:30,3827.4,3827.9,3826,3826.05,631,
2024-01-16 14:23:00+05:30,3827.35,3827.35,3825.9,3825.95,708,
2024-01-16 14:24:00+05:30,3825.9,3828,3822.3,3827.8,1539,
2024-01-16 14:25:00+05:30,3827.8,3827.95,3824.65,3827.95,559,
2024-01-16 14:26:00+05:30,3827.95,3827.95,3823.6,3823.6,848,
2024-01-16 14:27:00+05:30,3823.5,3824.95,3823,3824.6,2622,
2024-01-16 14:28:00+05:30,3824.6,3830,3824.5,3827.4,3084,
2024-01-16 14:29:00+05:30,3827.8,3832.6,3827.4,3832.05,5509,
2024-01-16 14:30:00+05:30,3832.05,3837.7,3832,3834.25,3614,
2024-01-16 14:31:00+05:30,3833.9,3834,3829.5,3833.25,1706,
2024-01-16 14:32:00+05:30,3832.05,3833.25,3828.1,3828.15,1054,
2024-01-16 14:33:00+05:30,3828.3,3831.3,3827.15,3829.1,1359,
2024-01-16 14:34:00+05:30,3829.1,3829.25,3825,3825.6,2058,
2024-01-16 14:35:00+05:30,3825.6,3826.4,3821.15,3822.75,1656,
2024-01-16 14:36:00+05:30,3821.35,3824.6,3818.8,3819.3,3632,
2024-01-16 14:37:00+05:30,3819,3821.45,3818,3819.2,1755,
2024-01-16 14:38:00+05:30,3819.4,3820.4,3814.45,3817.35,3106,
2024-01-16 14:39:00+05:30,3818.05,3818.05,3811.8,3813.35,3391,
2024-01-16 14:40:00+05:30,3813.15,3816.7,3813,3816,1268,
2024-01-16 14:41:00+05:30,3816.75,3818.95,3815.55,3816.95,1160,
2024-01-16 14:42:00+05:30,3816.95,3822.5,3816.45,3822.5,1375,
2024-01-16 14:43:00+05:30,3821.45,3822.5,3819.3,3819.3,1324,
2024-01-16 14:44:00+05:30,3819.9,3820.55,3817.05,3818,1977,
2024-01-16 14:45:00+05:30,3817.8,3818.85,3817.05,3818.3,1093,
2024-01-16 14:46:00+05:30,3817.6,3821.85,3817.45,3821.65,1665,
2024-01-16 14:47:00+05:30,3821.65,3821.65,3818,3818,1329,
2024-01-16 14:48:00+05:30,3818,3818.6,3815,3816.5,1903,
2024-01-16 14:49:00+05:30,3816.5,3818.55,3816,3816.9,899,
2024-01-16 14:50:00+05:30,3816.9,3818.6,3816.2,3817.1,728,
2024-01-16 14:51:00+05:30,3817.1,3818.75,3816.4,3817.35,1383,
2024-01-16 14:52:00+05:30,3816.5,3818.95,3815,3815.55,1723,
2024-01-16 14:53:00+05:30,3815.55,3815.55,3813.65,3813.65,1294,
2024-01-16 14:54:00+05:30,3813.65,3818.3,3811.25,3817.85,4191,
2024-01-16 14:55:00+05:30,3816.95,3817.95,3815,3815,1379,
2024-01-16 14:56:00+05:30,3814.75,3815.75,3811,3811.15,2045,
2024-01-16 14:57:00+05:30,3811.15,3811.55,3807.2,3807.2,4818,
2024-01-16 14:58:00+05:30,3807,3807.45,3801,3801.75,3627,
2024-01-16 14:59:00+05:30,3801.35,3805,3801,3801.1,2747,
2024-01-16 15:00:00+05:30,3801.05,3809.3,3800.4,3806.45,4690,
2024-01-16 15:01:00+05:30,3809,3815.45,3807.95,3811.95,3529,
2024-01-16 15:02:00+05:30,3812.15,3812.7,3810,3810.3,1854,
2024-01-16 15:03:00+05:30,3810.3,3813.05,3808.4,3809.65,2084,
2024-01-16 15:04:00+05:30,3808.35,3813.7,3808.35,3812.45,2226,
2024-01-16 15:05:00+05:30,3812.45,3818.1,3812.45,3816,4952,
2024-01-16 15:06:00+05:30,3816.85,3818.9,3816,3817.7,1455,
2024-01-16 15:07:00+05:30,3817.5,3818.55,3816.1,3817.4,1718,
2024-01-16 15:08:00+05:30,3817,3818.5,3816,3816,1190,
2024-01-16 15:09:00+05:30,3816,3819,3812.45,3815.45,2598,
2024-01-16 15:10:00+05:30,3814,3817.4,3811.3,3814.35,2523,
2024-01-16 15:11:00+05:30,3814.35,3816.1,3813.1,3814,1904,
2024-01-16 15:12:00+05:30,3813.8,3816.05,3812,3812.1,2431,
2024-01-16 15:13:00+05:30,3812.05,3812.15,3810,3812,1519,
2024-01-16 15:14:00+05:30,3812.6,3814.25,3812,3812,1718,
2024-01-16 15:15:00+05:30,3812,3814.75,3812,3814.75,2396,
2024-01-16 15:16:00+05:30,3813.15,3814.35,3810,3810.05,2051,
2024-01-16 15:17:00+05:30,3810.3,3812.55,3810,3811.6,1781,
2024-01-16 15:18:00+05:30,3810.35,3810.75,3807.25,3808.2,3573,
2024-01-16 15:19:00+05:30,3808.2,3810,3808.1,3809.9,1669,
2024-01-16 15:20:00+05:30,3809.8,3814.5,3809.75,3813.5,5150,
2024-01-16 15:21:00+05:30,3813.1,3821.55,3813.1,3820.1,3103,
2024-01-16 15:22:00+05:30,3820.5,3828,3819.1,3827.5,2344,
2024-01-16 15:23:00+05:30,3827.45,3828,3823.5,3824,1536,
2024-01-16 15:24:00+05:30,3825,3826,3823.05,3825,1972,
2024-01-16 15:25:00+05:30,3825,3827.45,3823.7,3827.15,1380,
2024-01-16 15:26:00+05:30,3826.2,3827.15,3824.05,3825.1,1645,
2024-01-16 15:27:00+05:30,3826,3826,3820,3821.75,1767,
2024-01-16 15:28:00+05:30,3821.8,3824.5,3820,3824.5,1223,
2024-01-16 15:29:00+05:30,3824.5,3827,3820,3827,1010,
2024-01-17 09:15:00+05:30,3810.1,3814.5,3787.85,3788.75,8691,
2024-01-17 09:16:00+05:30,3794.65,3794.65,3781.15,3793.2,5590,
2024-01-17 09:17:00+05:30,3791.3,3803.5,3791.1,3801.25,7597,
2024-01-17 09:18:00+05:30,3801.25,3811.65,3801,3806.9,3189,
2024-01-17 09:19:00+05:30,3807,3819.9,3805,3814,5351,
2024-01-17 09:20:00+05:30,3813.9,3813.9,3785,3785,8843,
2024-01-17 09:21:00+05:30,3786,3786,3771.85,3780,10250,
2024-01-17 09:22:00+05:30,3780,3792.65,3776.2,3782.5,5842,
2024-01-17 09:23:00+05:30,3782.8,3789.4,3780.05,3781.7,2978,
2024-01-17 09:24:00+05:30,3780,3784.45,3771,3772.1,6042,
2024-01-17 09:25:00+05:30,3772.1,3775.4,3765,3767.85,15680,
2024-01-17 09:26:00+05:30,3767.95,3777.9,3766.9,3775.75,7336,
2024-01-17 09:27:00+05:30,3774.8,3777,3765.7,3766.1,19451,
2024-01-17 09:28:00+05:30,3766.1,3770,3765.8,3769.15,6019,
2024-01-17 09:29:00+05:30,3770,3770,3762.55,3766.85,4493,
2024-01-17 09:30:00+05:30,3766.75,3767.15,3752.05,3753.55,5752,
2024-01-17 09:31:00+05:30,3753.55,3757.05,3749.05,3757,9490,
2024-01-17 09:32:00+05:30,3756.5,3776.5,3756.5,3776.5,2537,
2024-01-17 09:33:00+05:30,3775,3779.8,3772.25,3777.1,3738,
2024-01-17 09:34:00+05:30,3779.9,3787.8,3779,3787.8,3668,
2024-01-17 09:35:00+05:30,3785.4,3793.45,3781,3781,3984,
2024-01-17 09:36:00+05:30,3781.9,3788.6,3772.8,3773.45,4312,
2024-01-17 09:37:00+05:30,3774.35,3781.65,3773.65,3777.7,1631,
2024-01-17 09:38:00+05:30,3777.7,3785,3777.4,3782.65,3604,
2024-01-17 09:39:00+05:30,3784,3785,3780,3781.15,1935,
2024-01-17 09:40:00+05:30,3778.95,3783.8,3778.9,3782.45,1229,
2024-01-17 09:41:00+05:30,3782.45,3783,3779.55,3782,993,
2024-01-17 09:42:00+05:30,3785.9,3789.75,3784.05,3785.55,2361,
2024-01-17 09:43:00+05:30,3783.9,3788.85,3783.4,3785.3,1320,
2024-01-17 09:44:00+05:30,3784.2,3785.45,3779.1,3785.35,1163,
2024-01-17 09:45:00+05:30,3784.05,3795,3784.05,3791,2946,
2024-01-17 09:46:00+05:30,3790,3790,3782.3,3784.4,802,
2024-01-17 09:47:00+05:30,3784.95,3786.9,3781.1,3784.5,4870,
2024-01-17 09:48:00+05:30,3785.25,3786.9,3782.45,3785.05,751,
2024-01-17 09:49:00+05:30,3785.05,3787.45,3782.45,3783.1,834,
2024-01-17 09:50:00+05:30,3783.1,3783.65,3778.2,3778.6,1645,
2024-01-17 09:51:00+05:30,3778.2,3779.95,3775.5,3775.5,638,
2024-01-17 09:52:00+05:30,3775.5,3775.6,3770.75,3772.5,1309,
2024-01-17 09:53:00+05:30,3772.5,3772.5,3766.05,3766.75,1696,
2024-01-17 09:54:00+05:30,3767.7,3772.5,3766.15,3772.3,956,
2024-01-17 09:55:00+05:30,3772.3,3773.7,3767.05,3767.75,1591,
2024-01-17 09:56:00+05:30,3767.05,3769.75,3762.05,3762.7,1489,
2024-01-17 09:57:00+05:30,3763.65,3767.5,3763,3765.9,1181,
2024-01-17 09:58:00+05:30,3765,3767.65,3760,3761.45,1105,
2024-01-17 09:59:00+05:30,3760,3762.75,3755,3755,1442,
2024-01-17 10:00:00+05:30,3756.2,3759.45,3752.2,3757.05,3507,
2024-01-17 10:01:00+05:30,3756,3757.65,3753.4,3756.35,2921,
2024-01-17 10:02:00+05:30,3755.5,3759.1,3754.35,3757.5,1065,
2024-01-17 10:03:00+05:30,3756.75,3758.95,3756.75,3757,889,
2024-01-17 10:04:00+05:30,3757,3762.8,3757,3762.8,890,
2024-01-17 10:05:00+05:30,3762.8,3766.5,3760.1,3763.9,1883,
2024-01-17 10:06:00+05:30,3765.45,3765.45,3756.85,3757.65,3518,
2024-01-17 10:07:00+05:30,3757.1,3760.95,3755,3759.85,1422,
2024-01-17 10:08:00+05:30,3758.75,3761.85,3758.05,3758.6,1400,
2024-01-17 10:09:00+05:30,3758.6,3764.4,3758.6,3761.9,588,
2024-01-17 10:10:00+05:30,3763.35,3766.7,3761.85,3763.6,3123,
2024-01-17 10:11:00+05:30,3763.6,3765.4,3760.95,3762.9,2049,
2024-01-17 10:12:00+05:30,3762.9,3764.85,3760.65,3760.8,644,
2024-01-17 10:13:00+05:30,3760.7,3760.7,3758.1,3759,810,
2024-01-17 10:14:00+05:30,3759,3762.45,3759,3760.7,542,
2024-01-17 10:15:00+05:30,3760.7,3762,3760.4,3760.4,368,
2024-01-17 10:16:00+05:30,3762,3765.95,3760.3,3764.15,825,
2024-01-17 10:17:00+05:30,3764.95,3764.95,3762.1,3763.95,479,
2024-01-17 10:18:00+05:30,3763.95,3763.95,3762.1,3762.25,556,
2024-01-17 10:19:00+05:30,3762.25,3769.2,3762.25,3768,3524,
2024-01-17 10:20:00+05:30,3768,3769.5,3766.2,3766.2,744,
2024-01-17 10:21:00+05:30,3766.2,3767.15,3764.5,3764.7,540,
2024-01-17 10:22:00+05:30,3764.7,3765.9,3763,3764,548,
2024-01-17 10:23:00+05:30,3764,3767.95,3763,3766.95,850,
2024-01-17 10:24:00+05:30,3766.95,3768,3765.2,3766.6,384,
2024-01-17 10:25:00+05:30,3766.6,3774.8,3766.6,3770.2,2614,
2024-01-17 10:26:00+05:30,3770.2,3772.25,3770.2,3770.5,196,
2024-01-17 10:27:00+05:30,3770.5,3775,3770.25,3774,1003,
2024-01-17 10:28:00+05:30,3774,3774.7,3772.6,3774.7,298,
2024-01-17 10:29:00+05:30,3774.7,3774.7,3771.8,3771.9,1041,
2024-01-17 10:30:00+05:30,3772.2,3773,3771.9,3773,479,
2024-01-17 10:31:00+05:30,3773,3773.85,3769.55,3773,467,
2024-01-17 10:32:00+05:30,3773,3773,3770.35,3771.2,360,
2024-01-17 10:33:00+05:30,3771.2,3771.65,3770,3770.95,531,
2024-01-17 10:34:00+05:30,3770,3770.2,3767.7,3770.15,656,
2024-01-17 10:35:00+05:30,3770.15,3770.15,3768.1,3768.75,328,
2024-01-17 10:36:00+05:30,3769.6,3770,3767.75,3769.2,522,
2024-01-17 10:37:00+05:30,3769.2,3769.6,3765.45,3765.5,405,
2024-01-17 10:38:00+05:30,3765.5,3765.7,3763.9,3763.9,416,
2024-01-17 10:39:00+05:30,3762.7,3767.05,3762.7,3764.1,802,
2024-01-17 10:40:00+05:30,3764.1,3765.85,3762.7,3765.85,484,
2024-01-17 10:41:00+05:30,3765.85,3766.9,3764.6,3765.25,499,
2024-01-17 10:42:00+05:30,3765.25,3766.2,3764.4,3764.75,443,
2024-01-17 10:43:00+05:30,3764.75,3767.25,3762.2,3763.15,1413,
2024-01-17 10:44:00+05:30,3763.15,3766.2,3763.15,3764.45,481,
2024-01-17 10:45:00+05:30,3764.45,3767.55,3764.1,3766.55,435,
2024-01-17 10:46:00+05:30,3766.55,3767.2,3764.05,3765.3,860,
2024-01-17 10:47:00+05:30,3765.3,3766.55,3765.3,3765.35,315,
2024-01-17 10:48:00+05:30,3765.35,3767.75,3764.9,3767.3,423,
2024-01-17 10:49:00+05:30,3767.3,3767.3,3765.05,3765.05,346,
2024-01-17 10:50:00+05:30,3766.9,3766.9,3763.2,3764,419,
2024-01-17 10:51:00+05:30,3764,3764,3760.25,3762.9,851,
2024-01-17 10:52:00+05:30,3762.9,3763,3760.8,3760.85,361,
2024-01-17 10:53:00+05:30,3760.85,3761.75,3760,3760.4,1149,
2024-01-17 10:54:00+05:30,3760.25,3760.4,3758.75,3759,1598,
2024-01-17 10:55:00+05:30,3759,3760.3,3759,3760.3,470,
2024-01-17 10:56:00+05:30,3761.8,3763,3760.25,3763,618,
2024-01-17 10:57:00+05:30,3763,3763,3761.05,3762.2,386,
2024-01-17 10:58:00+05:30,3762.2,3762.2,3761.25,3762.2,275,
2024-01-17 10:59:00+05:30,3762.2,3764.95,3761.05,3761.8,425,
2024-01-17 11:00:00+05:30,3760.95,3763.2,3760.95,3763.2,397,
2024-01-17 11:01:00+05:30,3763.2,3763.2,3761.4,3761.4,382,
2024-01-17 11:02:00+05:30,3761.4,3762.1,3759.75,3759.75,418,
2024-01-17 11:03:00+05:30,3759.75,3760.4,3757.45,3757.9,1111,
2024-01-17 11:04:00+05:30,3757.9,3760,3757.45,3760,328,
2024-01-17 11:05:00+05:30,3760,3760,3758,3759.95,76,
2024-01-17 11:06:00+05:30,3759.95,3759.95,3757.65,3757.65,588,
2024-01-17 11:07:00+05:30,3757.65,3758.95,3757.65,3758.9,130,
2024-01-17 11:08:00+05:30,3758.95,3758.95,3757.75,3758.95,83,
2024-01-17 11:09:00+05:30,3758.95,3759.95,3757.95,3758.5,294,
2024-01-17 11:10:00+05:30,3759.9,3760,3758.5,3759.4,1336,
2024-01-17 11:11:00+05:30,3760,3764.25,3759.4,3762.3,824,
2024-01-17 11:12:00+05:30,3762.3,3762.95,3760.6,3762.95,396,
2024-01-17 11:13:00+05:30,3762.95,3762.95,3760,3760.1,1220,
2024-01-17 11:14:00+05:30,3760.1,3761.5,3759.35,3760.5,316,
2024-01-17 11:15:00+05:30,3760.5,3760.9,3759.1,3759.4,400,
2024-01-17 11:16:00+05:30,3759.4,3761.5,3759,3759.7,247,
2024-01-17 11:17:00+05:30,3759.7,3759.95,3758,3758.4,374,
2024-01-17 11:18:00+05:30,3758.4,3759.95,3757.55,3757.9,582,
2024-01-17 11:19:00+05:30,3757.9,3758,3757,3757,415,
2024-01-17 11:20:00+05:30,3757,3757.5,3755.55,3755.55,1444,
2024-01-17 11:21:00+05:30,3755.55,3758.85,3755.55,3758,545,
2024-01-17 11:22:00+05:30,3758,3758,3755.95,3757.7,354,
2024-01-17 11:23:00+05:30,3757,3757.95,3755.75,3757.9,273,
2024-01-17 11:24:00+05:30,3757.9,3757.9,3755.45,3757.65,718,
2024-01-17 11:25:00+05:30,3757.65,3757.65,3755.55,3756.45,394,
2024-01-17 11:26:00+05:30,3756.45,3756.45,3755.4,3755.45,326,
2024-01-17 11:27:00+05:30,3755.45,3756,3755.15,3755.6,677,
2024-01-17 11:28:00+05:30,3756,3756,3753.1,3755.9,2648,
2024-01-17 11:29:00+05:30,3755.95,3756,3754.35,3756,632,
2024-01-17 11:30:00+05:30,3756,3756,3754,3755.05,432,
2024-01-17 11:31:00+05:30,3755.05,3755.05,3754.1,3755,490,
2024-01-17 11:32:00+05:30,3755,3755.95,3754.2,3755.3,396,
2024-01-17 11:33:00+05:30,3755.3,3755.65,3753.15,3755,1062,
2024-01-17 11:34:00+05:30,3755,3755.15,3750.45,3751.75,7453,
2024-01-17 11:35:00+05:30,3751.75,3753.75,3750,3753.65,1258,
2024-01-17 11:36:00+05:30,3753.65,3754.75,3752.25,3753.3,407,
2024-01-17 11:37:00+05:30,3753.3,3754,3751.85,3753.3,301,
2024-01-17 11:38:00+05:30,3753.3,3753.3,3752,3752.05,365,
2024-01-17 11:39:00+05:30,3752.05,3754.15,3749.6,3749.6,2792,
2024-01-17 11:40:00+05:30,3747.25,3747.25,3742,3743,2849,
2024-01-17 11:41:00+05:30,3743,3743,3740.3,3741.95,1765,
2024-01-17 11:42:00+05:30,3741.95,3742,3731.15,3731.15,5778,
2024-01-17 11:43:00+05:30,3733.85,3741.65,3732.85,3741.65,2924,
2024-01-17 11:44:00+05:30,3741.05,3745.9,3737.95,3743.3,2048,
2024-01-17 11:45:00+05:30,3743,3743.5,3737.05,3739.45,1402,
2024-01-17 11:46:00+05:30,3739.45,3740.25,3736,3740.25,1058,
2024-01-17 11:47:00+05:30,3740.25,3741.3,3736.3,3741.3,221,
2024-01-17 11:48:00+05:30,3741.3,3743.95,3739.6,3741,521,
2024-01-17 11:49:00+05:30,3741.95,3741.95,3736.9,3738.4,946,
2024-01-17 11:50:00+05:30,3738.4,3740.3,3735.45,3738.25,739,
2024-01-17 11:51:00+05:30,3739.45,3747.4,3739.45,3746.15,2910,
2024-01-17 11:52:00+05:30,3746.15,3747.1,3741.55,3741.65,875,
2024-01-17 11:53:00+05:30,3741.65,3742.85,3739.7,3740,319,
2024-01-17 11:54:00+05:30,3740,3740,3736,3736.8,1195,
2024-01-17 11:55:00+05:30,3736.8,3739,3736.65,3738.25,433,
2024-01-17 11:56:00+05:30,3738.25,3740,3738.15,3740,251,
2024-01-17 11:57:00+05:30,3739.45,3741.95,3739.35,3740,410,
2024-01-17 11:58:00+05:30,3740,3740,3739.3,3739.6,155,
2024-01-17 11:59:00+05:30,3739.6,3740,3738.15,3740,322,
2024-01-17 12:00:00+05:30,3738.7,3739.85,3737.25,3739.2,296,
2024-01-17 12:01:00+05:30,3739.2,3739.2,3737.15,3738,46,
2024-01-17 12:02:00+05:30,3738,3738,3734.45,3734.45,648,
2024-01-17 12:03:00+05:30,3734.45,3735,3731.45,3731.65,878,
2024-01-17 12:04:00+05:30,3731.65,3734.95,3731.1,3732.75,1215,
2024-01-17 12:05:00+05:30,3732.75,3733.7,3730.15,3730.15,1266,
2024-01-17 12:06:00+05:30,3730.2,3730.95,3726.6,3730.85,1921,
2024-01-17 12:07:00+05:30,3730.85,3733,3728.1,3733,2020,
2024-01-17 12:08:00+05:30,3735,3738.5,3734,3736,901,
2024-01-17 12:09:00+05:30,3736,3738.95,3735,3735,603,
2024-01-17 12:10:00+05:30,3733.35,3736.7,3733.1,3735.75,556,
2024-01-17 12:11:00+05:30,3735.75,3735.95,3733.2,3735.5,620,
2024-01-17 12:12:00+05:30,3735.5,3738.1,3733.2,3737.45,2633,
2024-01-17 12:13:00+05:30,3737.45,3737.45,3733.25,3733.7,401,
2024-01-17 12:14:00+05:30,3733.7,3736.35,3732.35,3736.35,1807,
2024-01-17 12:15:00+05:30,3736.35,3737.95,3735,3735.85,1058,
2024-01-17 12:16:00+05:30,3735.85,3737.95,3735.85,3736.9,641,
2024-01-17 12:17:00+05:30,3736.9,3737.95,3734,3735.2,1134,
2024-01-17 12:18:00+05:30,3735.2,3737.65,3734.4,3737.65,419,
2024-01-17 12:19:00+05:30,3737.65,3737.95,3735.35,3737.15,834,
2024-01-17 12:20:00+05:30,3737.15,3737.15,3735,3736,367,
2024-01-17 12:21:00+05:30,3736,3736,3735.05,3735.4,394,
2024-01-17 12:22:00+05:30,3735.4,3737,3735.2,3735.7,449,
2024-01-17 12:23:00+05:30,3735.7,3736.8,3735.05,3735.1,576,
2024-01-17 12:24:00+05:30,3735.1,3735.1,3732,3732.85,1074,
2024-01-17 12:25:00+05:30,3732.85,3736.85,3732.05,3734.35,1089,
2024-01-17 12:26:00+05:30,3734.35,3734.35,3732.25,3733.7,956,
2024-01-17 12:27:00+05:30,3733.75,3734.5,3732.25,3734.5,788,
2024-01-17 12:28:00+05:30,3734.5,3734.5,3731.1,3732,850,
2024-01-17 12:29:00+05:30,3732,3733.95,3730.05,3730.75,1981,
2024-01-17 12:30:00+05:30,3730.75,3731.65,3730.05,3731,369,
2024-01-17 12:31:00+05:30,3731,3733.95,3730.45,3732.85,382,
2024-01-17 12:32:00+05:30,3733.9,3736.95,3733.3,3736.95,717,
2024-01-17 12:33:00+05:30,3736.95,3736.95,3735.15,3736.55,786,
2024-01-17 12:34:00+05:30,3736.55,3737,3733.15,3734.2,1245,
2024-01-17 12:35:00+05:30,3734.2,3735.9,3732.55,3734,421,
2024-01-17 12:36:00+05:30,3734,3737,3733,3735.1,1886,
2024-01-17 12:37:00+05:30,3735.1,3737.95,3734.15,3737.95,1633,
2024-01-17 12:38:00+05:30,3737.4,3743.95,3737.4,3743.5,3389,
2024-01-17 12:39:00+05:30,3743.5,3744.9,3743,3744.2,790,
2024-01-17 12:40:00+05:30,3744.9,3744.9,3740.05,3741.35,1731,
2024-01-17 12:41:00+05:30,3741.35,3751.95,3740,3746.85,21365,
2024-01-17 12:42:00+05:30,3746.85,3747,3743.1,3744.45,728,
2024-01-17 12:43:00+05:30,3744.45,3746.15,3741.7,3745.6,1227,
2024-01-17 12:44:00+05:30,3745.6,3747,3741,3743.95,1258,
2024-01-17 12:45:00+05:30,3743.95,3743.95,3740.35,3742.15,503,
2024-01-17 12:46:00+05:30,3742.15,3742.85,3740.5,3742.3,402,
2024-01-17 12:47:00+05:30,3742.3,3744.95,3740.75,3744.3,1098,
2024-01-17 12:48:00+05:30,3743.4,3746,3743.4,3745.7,818,
2024-01-17 12:49:00+05:30,3745.7,3747.95,3745,3747.95,3238,
2024-01-17 12:50:00+05:30,3747.95,3748.95,3747.05,3748.95,475,
2024-01-17 12:51:00+05:30,3748.95,3749.35,3746.25,3746.55,439,
2024-01-17 12:52:00+05:30,3746.55,3747.35,3743.85,3746.65,715,
2024-01-17 12:53:00+05:30,3746.65,3748,3745.45,3746.95,466,
2024-01-17 12:54:00+05:30,3747.7,3747.95,3745.55,3745.8,554,
2024-01-17 12:55:00+05:30,3745.8,3747.5,3744.05,3746.5,757,
2024-01-17 12:56:00+05:30,3746.5,3746.5,3745,3746.5,368,
2024-01-17 12:57:00+05:30,3746.5,3746.5,3744.25,3746.3,798,
2024-01-17 12:58:00+05:30,3746.3,3746.5,3743.85,3745.5,600,
2024-01-17 12:59:00+05:30,3745.5,3745.5,3745,3745.3,595,
2024-01-17 13:00:00+05:30,3745.3,3745.95,3745,3745,352,
2024-01-17 13:01:00+05:30,3745.05,3749.6,3745,3748.75,1822,
2024-01-17 13:02:00+05:30,3748.6,3748.8,3746.75,3748.1,609,
2024-01-17 13:03:00+05:30,3748.15,3748.95,3748,3748.05,376,
2024-01-17 13:04:00+05:30,3748.05,3748.05,3748,3748,373,
2024-01-17 13:05:00+05:30,3748,3753.2,3748,3752.3,2896,
2024-01-17 13:06:00+05:30,3752.65,3757,3751.1,3756.95,2938,
2024-01-17 13:07:00+05:30,3756.95,3759,3753.8,3755.05,3472,
2024-01-17 13:08:00+05:30,3755.05,3756.5,3753.4,3755.05,577,
2024-01-17 13:09:00+05:30,3755.05,3756,3753.2,3755.25,424,
2024-01-17 13:10:00+05:30,3755.25,3755.7,3753.75,3754.25,360,
2024-01-17 13:11:00+05:30,3754.25,3754.25,3751.5,3751.75,584,
2024-01-17 13:12:00+05:30,3751.75,3753.95,3751.05,3753.65,479,
2024-01-17 13:13:00+05:30,3753.65,3753.65,3752.4,3752.75,553,
2024-01-17 13:14:00+05:30,3752.45,3753.75,3751.2,3752.1,1070,
2024-01-17 13:15:00+05:30,3752.1,3753.65,3751.15,3751.55,490,
2024-01-17 13:16:00+05:30,3751.3,3752.45,3747.5,3747.5,370,
2024-01-17 13:17:00+05:30,3747.9,3748.1,3745.05,3745.8,1144,
2024-01-17 13:18:00+05:30,3745.8,3748.35,3745,3747.35,1616,
2024-01-17 13:19:00+05:30,3747.6,3747.6,3741.7,3741.7,347,
2024-01-17 13:20:00+05:30,3741.7,3744.25,3741,3744.25,1146,
2024-01-17 13:21:00+05:30,3744.05,3746,3743.5,3744.3,386,
2024-01-17 13:22:00+05:30,3744.1,3746.5,3744,3744.8,527,
2024-01-17 13:23:00+05:30,3744.05,3745.5,3741.95,3744.8,540,
2024-01-17 13:24:00+05:30,3744.8,3744.8,3742.65,3743.35,872,
2024-01-17 13:25:00+05:30,3743.35,3744,3742.05,3742.15,347,
2024-01-17 13:26:00+05:30,3742.15,3743.2,3742.15,3742.4,347,
2024-01-17 13:27:00+05:30,3742.4,3744,3742.4,3744,612,
2024-01-17 13:28:00+05:30,3744,3744,3742.45,3743.25,263,
2024-01-17 13:29:00+05:30,3743.05,3744,3743,3743.05,630,
2024-01-17 13:30:00+05:30,3742.65,3742.85,3740,3740.05,1734,
2024-01-17 13:31:00+05:30,3741.9,3742.75,3741.35,3741.55,153,
2024-01-17 13:32:00+05:30,3741.55,3741.7,3740,3740,774,
2024-01-17 13:33:00+05:30,3740.15,3744,3740.1,3742.35,1344,
2024-01-17 13:34:00+05:30,3742.35,3743.35,3740.2,3743.15,681,
2024-01-17 13:35:00+05:30,3743.15,3743.15,3741,3741.4,450,
2024-01-17 13:36:00+05:30,3741.4,3742.35,3739.15,3739.15,818,
2024-01-17 13:37:00+05:30,3738.3,3741.05,3738,3738.45,1113,
2024-01-17 13:38:00+05:30,3737.1,3738.15,3734.1,3737.2,1726,
2024-01-17 13:39:00+05:30,3736.1,3736.7,3733.35,3736.1,1461,
2024-01-17 13:40:00+05:30,3736.1,3739.75,3736.1,3739,418,
2024-01-17 13:41:00+05:30,3738.95,3741.05,3738.05,3739.15,774,
2024-01-17 13:42:00+05:30,3739.25,3741,3734.2,3736.2,2695,
2024-01-17 13:43:00+05:30,3736.2,3741.35,3735.9,3741.35,741,
2024-01-17 13:44:00+05:30,3741.35,3741.35,3735.85,3736.65,1615,
2024-01-17 13:45:00+05:30,3736.65,3739.3,3734.8,3734.8,734,
2024-01-17 13:46:00+05:30,3736.5,3737.6,3734.9,3737.35,647,
2024-01-17 13:47:00+05:30,3737.35,3738.3,3734.3,3734.7,646,
2024-01-17 13:48:00+05:30,3734.8,3737.45,3734.8,3737.45,630,
2024-01-17 13:49:00+05:30,3738.85,3740.4,3738.5,3740,445,
2024-01-17 13:50:00+05:30,3740,3742.55,3739.95,3741.1,520,
2024-01-17 13:51:00+05:30,3742,3742.55,3740,3740,504,
2024-01-17 13:52:00+05:30,3740,3743,3739.2,3739.2,759,
2024-01-17 13:53:00+05:30,3739.2,3742.6,3739,3739,648,
2024-01-17 13:54:00+05:30,3739,3740.75,3739,3740.75,546,
2024-01-17 13:55:00+05:30,3740.3,3741.25,3740,3740.15,464,
2024-01-17 13:56:00+05:30,3740.15,3741.4,3738.1,3739.3,562,
2024-01-17 13:57:00+05:30,3739.3,3741,3737.8,3738.2,762,
2024-01-17 13:58:00+05:30,3738.2,3741.45,3737,3738.05,881,
2024-01-17 13:59:00+05:30,3737.15,3741,3737.05,3739.5,397,
2024-01-17 14:00:00+05:30,3739.5,3744.55,3739.45,3743.5,1378,
2024-01-17 14:01:00+05:30,3743.5,3744.5,3741.2,3741.2,459,
2024-01-17 14:02:00+05:30,3741.2,3746.25,3741.2,3744.9,452,
2024-01-17 14:03:00+05:30,3744.9,3746.95,3743.55,3746.95,376,
2024-01-17 14:04:00+05:30,3746.95,3746.95,3742.2,3746.95,1597,
2024-01-17 14:05:00+05:30,3746.95,3750,3745.95,3749.1,505,
2024-01-17 14:06:00+05:30,3749.1,3750,3748.55,3748.6,467,
2024-01-17 14:07:00+05:30,3748.6,3751.15,3748.5,3751.05,723,
2024-01-17 14:08:00+05:30,3751.05,3751.05,3745.05,3749.15,2441,
2024-01-17 14:09:00+05:30,3748.2,3749.65,3747,3747.4,414,
2024-01-17 14:10:00+05:30,3747.4,3749,3746.4,3748.4,614,
2024-01-17 14:11:00+05:30,3748.4,3749,3746.4,3746.4,830,
2024-01-17 14:12:00+05:30,3746.45,3749.75,3745.5,3747.35,1138,
2024-01-17 14:13:00+05:30,3747.85,3749,3747.3,3749,402,
2024-01-17 14:14:00+05:30,3749,3749.8,3748.15,3748.15,343,
2024-01-17 14:15:00+05:30,3748.15,3748.95,3747.4,3747.4,405,
2024-01-17 14:16:00+05:30,3747.8,3749.6,3747,3749.55,414,
2024-01-17 14:17:00+05:30,3749.55,3750.5,3747,3749,575,
2024-01-17 14:18:00+05:30,3750.25,3750.25,3748.7,3750,442,
2024-01-17 14:19:00+05:30,3750,3750.5,3749.15,3749.3,394,
2024-01-17 14:20:00+05:30,3749.3,3749.4,3745.9,3748.05,1027,
2024-01-17 14:21:00+05:30,3748.3,3749.1,3745.65,3745.65,365,
2024-01-17 14:22:00+05:30,3745,3746.25,3745,3746.2,380,
2024-01-17 14:23:00+05:30,3746.2,3746.2,3744.65,3744.85,601,
2024-01-17 14:24:00+05:30,3744.85,3746.8,3744,3744.35,604,
2024-01-17 14:25:00+05:30,3743,3744.35,3740.15,3740.4,2918,
2024-01-17 14:26:00+05:30,3740.4,3742.75,3740.15,3740.25,642,
2024-01-17 14:27:00+05:30,3741.65,3741.65,3738.25,3738.25,607,
2024-01-17 14:28:00+05:30,3738.25,3738.65,3737.85,3738.1,512,
2024-01-17 14:29:00+05:30,3738.1,3739.8,3737.95,3738.1,1234,
2024-01-17 14:30:00+05:30,3738.1,3739.75,3738.1,3738.2,651,
2024-01-17 14:31:00+05:30,3738.5,3739.75,3736,3736,860,
2024-01-17 14:32:00+05:30,3736,3738.45,3734.8,3736.65,2152,
2024-01-17 14:33:00+05:30,3736.9,3737.75,3735.7,3736.3,554,
2024-01-17 14:34:00+05:30,3736.3,3738.45,3735.65,3735.85,438,
2024-01-17 14:35:00+05:30,3736.45,3738,3735.5,3735.5,1463,
2024-01-17 14:36:00+05:30,3735.5,3735.5,3732,3732,936,
2024-01-17 14:37:00+05:30,3732.15,3733.85,3731,3731.25,1810,
2024-01-17 14:38:00+05:30,3731.25,3733.2,3731,3731.2,878,
2024-01-17 14:39:00+05:30,3731.2,3731.3,3730.85,3731.2,376,
2024-01-17 14:40:00+05:30,3731,3731.2,3728,3728,1402,
2024-01-17 14:41:00+05:30,3728,3728.55,3723,3723.4,3014,
2024-01-17 14:42:00+05:30,3723,3725.85,3723,3725,2119,
2024-01-17 14:43:00+05:30,3725,3725.05,3722,3722.5,3883,
2024-01-17 14:44:00+05:30,3722.5,3725,3720.05,3722.35,2207,
2024-01-17 14:45:00+05:30,3722.35,3724.95,3717.35,3718.9,3065,
2024-01-17 14:46:00+05:30,3719.75,3722.05,3718.25,3721.9,1091,
2024-01-17 14:47:00+05:30,3721.9,3725,3721,3722,1056,
2024-01-17 14:48:00+05:30,3722.05,3726.5,3721.4,3726.5,3423,
2024-01-17 14:49:00+05:30,3726.35,3727.9,3722.7,3722.7,1798,
2024-01-17 14:50:00+05:30,3722.7,3732.75,3721.4,3728.7,1798,
2024-01-17 14:51:00+05:30,3730.3,3730.5,3724.8,3727.95,1868,
2024-01-17 14:52:00+05:30,3727,3727,3723.2,3723.95,824,
2024-01-17 14:53:00+05:30,3723.95,3727.85,3723,3726,1299,
2024-01-17 14:54:00+05:30,3726,3727.85,3725,3727.2,777,
2024-01-17 14:55:00+05:30,3727.2,3729,3726.9,3728.4,1232,
2024-01-17 14:56:00+05:30,3728.4,3728.55,3726.65,3726.85,1835,
2024-01-17 14:57:00+05:30,3726.85,3727.5,3725.7,3725.9,1196,
2024-01-17 14:58:00+05:30,3725.7,3725.9,3723.25,3723.85,1036,
2024-01-17 14:59:00+05:30,3723.85,3726.95,3723.85,3725.2,1079,
2024-01-17 15:00:00+05:30,3725,3730.2,3725,3728.95,2678,
2024-01-17 15:01:00+05:30,3729.4,3729.4,3727.25,3728.05,1194,
2024-01-17 15:02:00+05:30,3728,3728.05,3724.55,3728,2187,
2024-01-17 15:03:00+05:30,3727.55,3728.65,3726.6,3727.95,1273,
2024-01-17 15:04:00+05:30,3727.95,3727.95,3727.2,3727.3,1026,
2024-01-17 15:05:00+05:30,3727.75,3727.75,3724.7,3725.95,1106,
2024-01-17 15:06:00+05:30,3725.95,3726.05,3724,3724.5,1829,
2024-01-17 15:07:00+05:30,3724.95,3725.2,3721,3724.3,2463,
2024-01-17 15:08:00+05:30,3724.3,3724.3,3722.25,3722.75,1461,
2024-01-17 15:09:00+05:30,3722.75,3725,3721.1,3723.05,3766,
2024-01-17 15:10:00+05:30,3724.45,3725,3724.3,3724.55,1286,
2024-01-17 15:11:00+05:30,3725,3728.6,3724.6,3724.6,2943,
2024-01-17 15:12:00+05:30,3726.8,3727.9,3725.8,3727.85,1111,
2024-01-17 15:13:00+05:30,3726.95,3729.05,3726.35,3728.85,2029,
2024-01-17 15:14:00+05:30,3728.85,3729.8,3728.05,3728.25,2087,
2024-01-17 15:15:00+05:30,3728.45,3734.4,3728.45,3733.55,2368,
2024-01-17 15:16:00+05:30,3733.3,3733.3,3730.1,3730.2,1826,
2024-01-17 15:17:00+05:30,3730.45,3730.45,3727.75,3729.3,1526,
2024-01-17 15:18:00+05:30,3729.3,3731.55,3727.3,3731,3140,
2024-01-17 15:19:00+05:30,3731.4,3731.4,3731,3731.1,1641,
2024-01-17 15:20:00+05:30,3731.1,3733.35,3726.8,3727.9,8967,
2024-01-17 15:21:00+05:30,3727.85,3732.85,3727.3,3732.45,1713,
2024-01-17 15:22:00+05:30,3732.45,3734.7,3730.6,3734.45,1526,
2024-01-17 15:23:00+05:30,3734.45,3737,3734.4,3736.75,2344,
2024-01-17 15:24:00+05:30,3736.75,3736.75,3730,3730,3033,
2024-01-17 15:25:00+05:30,3730.05,3730.1,3729.7,3730.1,2523,
2024-01-17 15:26:00+05:30,3730.1,3734,3729.7,3733.35,1185,
2024-01-17 15:27:00+05:30,3733.35,3733.95,3730.1,3730.95,1357,
2024-01-17 15:28:00+05:30,3730.95,3733.95,3725.05,3727.3,2597,
2024-01-17 15:29:00+05:30,3729.75,3732,3725,3732,891,
2024-01-18 09:15:00+05:30,3728.8,3756.55,3711.1,3715,3396,
2024-01-18 09:16:00+05:30,3711.1,3720.75,3705.6,3718,9175,
2024-01-18 09:17:00+05:30,3718.05,3722.05,3710.5,3714.55,4249,
2024-01-18 09:18:00+05:30,3714.55,3727.6,3714.55,3725.65,4173,
2024-01-18 09:19:00+05:30,3725.6,3731.45,3722.1,3722.1,4452,
2024-01-18 09:20:00+05:30,3719.7,3729.3,3719.3,3726.4,2506,
2024-01-18 09:21:00+05:30,3726.45,3726.45,3702.6,3704,3311,
2024-01-18 09:22:00+05:30,3704,3705.25,3691.05,3696.25,7170,
2024-01-18 09:23:00+05:30,3696,3699.35,3695.4,3697.1,1608,
2024-01-18 09:24:00+05:30,3697.05,3698.45,3691,3697.25,5708,
2024-01-18 09:25:00+05:30,3697.25,3697.25,3678.4,3681.75,8557,
2024-01-18 09:26:00+05:30,3680.05,3682,3669.15,3674.05,5463,
2024-01-18 09:27:00+05:30,3674.35,3689.95,3672.6,3687.7,5907,
2024-01-18 09:28:00+05:30,3687.7,3690,3677.3,3677.3,3347,
2024-01-18 09:29:00+05:30,3678.75,3680.65,3670.2,3670.6,1795,
2024-01-18 09:30:00+05:30,3671.3,3672.9,3661.55,3664.95,6590,
2024-01-18 09:31:00+05:30,3663,3666,3660,3660.25,4877,
2024-01-18 09:32:00+05:30,3660,3661.75,3655.5,3658,5465,
2024-01-18 09:33:00+05:30,3657.5,3663.05,3655.05,3663.05,2336,
2024-01-18 09:34:00+05:30,3663.05,3664.45,3658.7,3663,2223,
2024-01-18 09:35:00+05:30,3663,3663,3647,3650.85,10401,
2024-01-18 09:36:00+05:30,3650,3652.25,3632.05,3643.95,6265,
2024-01-18 09:37:00+05:30,3643.55,3644.4,3632.4,3633.2,10071,
2024-01-18 09:38:00+05:30,3632.4,3635.15,3627.2,3629.95,7423,
2024-01-18 09:39:00+05:30,3629,3630.5,3618.15,3620.05,7152,
2024-01-18 09:40:00+05:30,3621.3,3629.35,3618.85,3624.8,4467,
2024-01-18 09:41:00+05:30,3624.8,3627.35,3614.3,3622,7505,
2024-01-18 09:42:00+05:30,3622,3630.9,3614.2,3625,4269,
2024-01-18 09:43:00+05:30,3625,3630.55,3622.95,3627,3433,
2024-01-18 09:44:00+05:30,3629.1,3635,3627.35,3630,2842,
2024-01-18 09:45:00+05:30,3628.6,3631.45,3627,3629.8,4232,
2024-01-18 09:46:00+05:30,3627.7,3632.95,3616.05,3618.15,4480,
2024-01-18 09:47:00+05:30,3617,3619.15,3611.25,3611.25,4243,
2024-01-18 09:48:00+05:30,3611.25,3619.5,3605.6,3608.05,5378,
2024-01-18 09:49:00+05:30,3608.2,3609.5,3600,3601.1,5847,
2024-01-18 09:50:00+05:30,3600.9,3604.25,3597.35,3603.1,5990,
2024-01-18 09:51:00+05:30,3603.1,3604.3,3596.75,3600,2137,
2024-01-18 09:52:00+05:30,3599.95,3599.95,3585,3587.85,6748,
2024-01-18 09:53:00+05:30,3586.65,3598.35,3586.65,3588.1,3237,
2024-01-18 09:54:00+05:30,3589.6,3599.75,3588.15,3590,2748,
2024-01-18 09:55:00+05:30,3590.35,3593.7,3586.3,3591.95,1185,
2024-01-18 09:56:00+05:30,3592.4,3599.95,3590.1,3598.55,1458,
2024-01-18 09:57:00+05:30,3598.65,3599.95,3586.05,3591,1913,
2024-01-18 09:58:00+05:30,3591.5,3600,3589.65,3596.4,3161,
2024-01-18 09:59:00+05:30,3599.35,3599.35,3593.3,3596,906,
2024-01-18 10:00:00+05:30,3596,3613.8,3595.8,3608.4,6250,
2024-01-18 10:01:00+05:30,3607.9,3613.4,3606.8,3611.25,2178,
2024-01-18 10:02:00+05:30,3611.25,3614.1,3607,3612.85,2555,
2024-01-18 10:03:00+05:30,3612.85,3618.25,3603.5,3608.15,3628,
2024-01-18 10:04:00+05:30,3609.9,3610,3600.6,3602.25,1082,
2024-01-18 10:05:00+05:30,3604.7,3608.9,3601.05,3601.05,8736,
2024-01-18 10:06:00+05:30,3603.9,3610.7,3601.25,3608.95,1243,
2024-01-18 10:07:00+05:30,3608.95,3612.85,3602.05,3607.45,1719,
2024-01-18 10:08:00+05:30,3608,3616,3606.1,3610.65,1724,
2024-01-18 10:09:00+05:30,3612.45,3626.9,3611.95,3626.9,1936,
2024-01-18 10:10:00+05:30,3628.8,3629.65,3621.85,3627.9,2986,
2024-01-18 10:11:00+05:30,3627.55,3628.95,3618,3622,1767,
2024-01-18 10:12:00+05:30,3622.6,3624.8,3616,3621.9,7709,
2024-01-18 10:13:00+05:30,3622.5,3624.2,3616.5,3618.35,3987,
2024-01-18 10:14:00+05:30,3619.5,3629.7,3618.4,3628.55,3900,
2024-01-18 10:15:00+05:30,3628.1,3628.1,3613.3,3614.55,3618,
2024-01-18 10:16:00+05:30,3615,3616.95,3606.15,3611.5,3036,
2024-01-18 10:17:00+05:30,3613.2,3619.95,3611.5,3618.75,3587,
2024-01-18 10:18:00+05:30,3618.6,3627.5,3618.6,3622,4827,
2024-01-18 10:19:00+05:30,3623.5,3623.5,3614.4,3619.1,1741,
2024-01-18 10:20:00+05:30,3619.1,3624.95,3615,3623.65,618,
2024-01-18 10:21:00+05:30,3623,3628,3620.8,3626.75,1944,
2024-01-18 10:22:00+05:30,3626.75,3628,3624.25,3627,1422,
2024-01-18 10:23:00+05:30,3627.35,3628.85,3625.1,3628.75,589,
2024-01-18 10:24:00+05:30,3627.9,3627.9,3619.65,3627,731,
2024-01-18 10:25:00+05:30,3626.95,3628.55,3626,3628,390,
2024-01-18 10:26:00+05:30,3628,3638.9,3628,3636.25,4916,
2024-01-18 10:27:00+05:30,3637.8,3639.3,3635.45,3638.9,1337,
2024-01-18 10:28:00+05:30,3639,3641.7,3636.9,3639.95,2793,
2024-01-18 10:29:00+05:30,3639.5,3644.75,3639.5,3643.95,1082,
2024-01-18 10:30:00+05:30,3644.25,3645.35,3642.65,3643.3,1077,
2024-01-18 10:31:00+05:30,3643.3,3651.75,3643,3651.75,3039,
2024-01-18 10:32:00+05:30,3651.75,3651.75,3648.5,3650.45,1647,
2024-01-18 10:33:00+05:30,3650.45,3652.8,3649.05,3651,2280,
2024-01-18 10:34:00+05:30,3651.9,3652.1,3646.05,3647.5,2982,
2024-01-18 10:35:00+05:30,3646,3647.5,3640.95,3640.95,1965,
2024-01-18 10:36:00+05:30,3641.2,3647.9,3641.05,3647.05,2001,
2024-01-18 10:37:00+05:30,3647.65,3650,3647.1,3648.95,884,
2024-01-18 10:38:00+05:30,3648.05,3649.8,3645.05,3649.3,720,
2024-01-18 10:39:00+05:30,3648.55,3655,3648.4,3654.15,2456,
2024-01-18 10:40:00+05:30,3653.5,3653.55,3647.2,3651.15,1287,
2024-01-18 10:41:00+05:30,3651.15,3655,3648.1,3653.25,1915,
2024-01-18 10:42:00+05:30,3654.95,3656,3652.9,3655.95,934,
2024-01-18 10:43:00+05:30,3656,3656.9,3655,3656.8,629,
2024-01-18 10:44:00+05:30,3655.15,3659.8,3655.05,3658.7,1434,
2024-01-18 10:45:00+05:30,3658.95,3659.8,3656.85,3659.7,662,
2024-01-18 10:46:00+05:30,3659.7,3659.7,3650.05,3650.35,1680,
2024-01-18 10:47:00+05:30,3650.35,3659.2,3650.15,3658.05,516,
2024-01-18 10:48:00+05:30,3658.05,3658.6,3654.95,3657.2,327,
2024-01-18 10:49:00+05:30,3657.2,3664,3656.3,3662.1,2014,
2024-01-18 10:50:00+05:30,3662.1,3665.3,3660.95,3662.45,2034,
2024-01-18 10:51:00+05:30,3662.45,3663.25,3655.9,3657.75,1627,
2024-01-18 10:52:00+05:30,3660,3664.3,3657.25,3660.7,1109,
2024-01-18 10:53:00+05:30,3662.85,3664.75,3657.15,3659,1603,
2024-01-18 10:54:00+05:30,3659.95,3662.25,3657.7,3662.2,1095,
2024-01-18 10:55:00+05:30,3659.85,3661.75,3653.2,3661.3,1504,
2024-01-18 10:56:00+05:30,3661.3,3663,3658.05,3662.35,848,
2024-01-18 10:57:00+05:30,3662.35,3664.9,3661,3663.8,879,
2024-01-18 10:58:00+05:30,3663.8,3667.8,3662.55,3665.2,1417,
2024-01-18 10:59:00+05:30,3665.2,3666.55,3664.75,3665.05,634,
2024-01-18 11:00:00+05:30,3665.5,3669.35,3665,3666.75,824,
2024-01-18 11:01:00+05:30,3666,3669.45,3658.75,3660,2917,
2024-01-18 11:02:00+05:30,3660,3664.35,3657.95,3664.35,1475,
2024-01-18 11:03:00+05:30,3663.65,3665.55,3659.1,3662.15,1199,
2024-01-18 11:04:00+05:30,3665,3667,3665,3666,1402,
2024-01-18 11:05:00+05:30,3665.95,3667.45,3665,3665.45,775,
2024-01-18 11:06:00+05:30,3665.45,3667,3665,3666.05,444,
2024-01-18 11:07:00+05:30,3666.05,3669,3666,3668.8,624,
2024-01-18 11:08:00+05:30,3668.8,3668.8,3666,3666.25,514,
2024-01-18 11:09:00+05:30,3666.25,3670,3666.25,3670,566,
2024-01-18 11:10:00+05:30,3670,3670,3665.15,3667.2,528,
2024-01-18 11:11:00+05:30,3666.4,3668.8,3666.35,3668.4,350,
2024-01-18 11:12:00+05:30,3668.4,3668.4,3665,3665.1,497,
2024-01-18 11:13:00+05:30,3661.3,3662.15,3658.35,3659.05,3599,
2024-01-18 11:14:00+05:30,3658.4,3660,3658,3659.05,280,
2024-01-18 11:15:00+05:30,3659.05,3660,3651.1,3652.5,1996,
2024-01-18 11:16:00+05:30,3652.5,3657.7,3652,3657,3347,
2024-01-18 11:17:00+05:30,3655.65,3660.95,3655.4,3659.05,724,
2024-01-18 11:18:00+05:30,3661,3665,3658,3660.45,1738,
2024-01-18 11:19:00+05:30,3660.6,3663.3,3658.3,3662.2,463,
2024-01-18 11:20:00+05:30,3662.05,3665,3661.9,3662.4,275,
2024-01-18 11:21:00+05:30,3662.45,3664,3659.15,3664,360,
2024-01-18 11:22:00+05:30,3662.65,3664,3662.6,3662.6,353,
2024-01-18 11:23:00+05:30,3662.6,3663.9,3660.15,3662.75,418,
2024-01-18 11:24:00+05:30,3661.85,3663.9,3660.3,3661.6,173,
2024-01-18 11:25:00+05:30,3661.6,3663.35,3659.55,3660.7,719,
2024-01-18 11:26:00+05:30,3660.35,3661.95,3660.05,3660.85,266,
2024-01-18 11:27:00+05:30,3660.85,3663,3660.2,3661.7,735,
2024-01-18 11:28:00+05:30,3660.9,3663,3660.9,3663,225,
2024-01-18 11:29:00+05:30,3661.65,3665,3661.3,3665,443,
2024-01-18 11:30:00+05:30,3665,3671.05,3663.1,3669.6,1805,
2024-01-18 11:31:00+05:30,3669.6,3680.95,3669.15,3678.05,3745,
2024-01-18 11:32:00+05:30,3678.65,3687.05,3678.65,3679.25,4719,
2024-01-18 11:33:00+05:30,3679.25,3681.9,3676.6,3677.5,1682,
2024-01-18 11:34:00+05:30,3677.65,3680,3676.3,3680,1062,
2024-01-18 11:35:00+05:30,3677.8,3680.15,3672.95,3674.1,889,
2024-01-18 11:36:00+05:30,3673.8,3676.3,3672.05,3675.8,379,
2024-01-18 11:37:00+05:30,3674.35,3679.75,3673.95,3679.7,600,
2024-01-18 11:38:00+05:30,3678.1,3683.6,3677.05,3678.85,689,
2024-01-18 11:39:00+05:30,3677.3,3678.7,3672.75,3677.05,458,
2024-01-18 11:40:00+05:30,3676.7,3678.6,3674.25,3676.6,1057,
2024-01-18 11:41:00+05:30,3674.5,3676.55,3672.5,3674.05,242,
2024-01-18 11:42:00+05:30,3674.05,3674.8,3671.35,3671.35,401,
2024-01-18 11:43:00+05:30,3671.65,3679,3671.65,3675.15,1391,
2024-01-18 11:44:00+05:30,3674.85,3677.7,3670.55,3674.9,635,
2024-01-18 11:45:00+05:30,3674.9,3676.2,3671.05,3673.45,421,
2024-01-18 11:46:00+05:30,3673.45,3675.55,3672.5,3672.5,235,
2024-01-18 11:47:00+05:30,3673.6,3675.1,3671.4,3673.45,550,
2024-01-18 11:48:00+05:30,3673.45,3679.05,3672.2,3679.05,393,
2024-01-18 11:49:00+05:30,3677,3680,3675.95,3679.25,172,
2024-01-18 11:50:00+05:30,3679.25,3680,3677.25,3679.25,276,
2024-01-18 11:51:00+05:30,3678.95,3679.9,3677.5,3678,384,
2024-01-18 11:52:00+05:30,3678,3680,3678,3678.7,274,
2024-01-18 11:53:00+05:30,3678.7,3682,3678.55,3681.95,1739,
2024-01-18 11:54:00+05:30,3679.05,3681.95,3678.5,3678.8,357,
2024-01-18 11:55:00+05:30,3679.15,3681.7,3678.5,3681.25,213,
2024-01-18 11:56:00+05:30,3680.6,3685,3680.6,3683.85,654,
2024-01-18 11:57:00+05:30,3684.35,3688.95,3684.35,3686.1,1928,
2024-01-18 11:58:00+05:30,3685.65,3687.75,3683.6,3685.05,798,
2024-01-18 11:59:00+05:30,3684.75,3686,3683.7,3685.4,625,
2024-01-18 12:00:00+05:30,3685.4,3687.95,3683.55,3686,863,
2024-01-18 12:01:00+05:30,3686.8,3687.45,3685,3685.1,343,
2024-01-18 12:02:00+05:30,3685.85,3686.9,3683.7,3685,1957,
2024-01-18 12:03:00+05:30,3685,3688.95,3685,3688.7,735,
2024-01-18 12:04:00+05:30,3688.7,3690,3688.7,3689.35,513,
2024-01-18 12:05:00+05:30,3689.95,3692,3687.65,3688.5,1195,
2024-01-18 12:06:00+05:30,3688.5,3693.65,3688.5,3692.05,1428,
2024-01-18 12:07:00+05:30,3691.55,3693,3686.05,3691.8,1614,
2024-01-18 12:08:00+05:30,3690.05,3690.85,3687,3688.3,1398,
2024-01-18 12:09:00+05:30,3688.1,3689.95,3687.75,3688.85,549,
2024-01-18 12:10:00+05:30,3688.15,3690,3687.45,3688.15,592,
2024-01-18 12:11:00+05:30,3689.35,3689.9,3687,3687,785,
2024-01-18 12:12:00+05:30,3687,3689.85,3686.1,3687,633,
2024-01-18 12:13:00+05:30,3686.65,3691.05,3686.65,3690.85,705,
2024-01-18 12:14:00+05:30,3690.05,3690.8,3688.15,3689.2,446,
2024-01-18 12:15:00+05:30,3691.3,3693.95,3689.1,3693,1198,
2024-01-18 12:16:00+05:30,3691.8,3692.95,3691.1,3691.15,252,
2024-01-18 12:17:00+05:30,3691.15,3692.6,3688.75,3690.4,584,
2024-01-18 12:18:00+05:30,3689.45,3693,3689.45,3691.1,723,
2024-01-18 12:19:00+05:30,3691.1,3692.95,3690.35,3692.95,168,
2024-01-18 12:20:00+05:30,3692.8,3692.8,3689,3690.95,489,
2024-01-18 12:21:00+05:30,3690.05,3691.8,3690,3690.6,669,
2024-01-18 12:22:00+05:30,3690.6,3691.55,3688,3690.45,759,
2024-01-18 12:23:00+05:30,3689.8,3691.15,3687.75,3690.05,664,
2024-01-18 12:24:00+05:30,3689.35,3690.1,3685.1,3687.25,318,
2024-01-18 12:25:00+05:30,3685.2,3688.75,3685.2,3687.45,456,
2024-01-18 12:26:00+05:30,3687.45,3689.2,3685.6,3686.05,667,
2024-01-18 12:27:00+05:30,3686,3689,3686,3687.5,442,
2024-01-18 12:28:00+05:30,3687.1,3688.4,3685,3688,867,
2024-01-18 12:29:00+05:30,3688,3689.95,3688,3688.3,457,
2024-01-18 12:30:00+05:30,3688.3,3688.65,3688,3688.1,787,
2024-01-18 12:31:00+05:30,3688,3693,3687.95,3691.75,789,
2024-01-18 12:32:00+05:30,3690.9,3691.95,3688.85,3690,961,
2024-01-18 12:33:00+05:30,3688.6,3688.95,3682.75,3683.95,1740,
2024-01-18 12:34:00+05:30,3684.95,3685.3,3682.5,3684.95,1974,
2024-01-18 12:35:00+05:30,3682.95,3688.65,3682.95,3686,1626,
2024-01-18 12:36:00+05:30,3686.15,3687.95,3685.3,3685.4,487,
2024-01-18 12:37:00+05:30,3685.4,3687.7,3685.4,3686.75,304,
2024-01-18 12:38:00+05:30,3686.05,3687.75,3683.6,3684.95,477,
2024-01-18 12:39:00+05:30,3686.85,3686.85,3683.95,3683.95,820,
2024-01-18 12:40:00+05:30,3683.95,3684.95,3678.95,3679.45,589,
2024-01-18 12:41:00+05:30,3679.25,3684,3678.95,3680.55,1656,
2024-01-18 12:42:00+05:30,3680.6,3681.3,3675.1,3675.1,353,
2024-01-18 12:43:00+05:30,3675.05,3675.6,3670.55,3674.45,2378,
2024-01-18 12:44:00+05:30,3673.5,3676.6,3671.8,3676,1160,
2024-01-18 12:45:00+05:30,3675,3682.3,3674.75,3681.2,1857,
2024-01-18 12:46:00+05:30,3680.1,3682,3680.05,3680.3,570,
2024-01-18 12:47:00+05:30,3678.45,3682,3678.45,3680.7,2298,
2024-01-18 12:48:00+05:30,3679.8,3682,3679.8,3682,319,
2024-01-18 12:49:00+05:30,3681.05,3683.05,3681,3683,767,
2024-01-18 12:50:00+05:30,3683,3689.9,3681.65,3686.85,2351,
2024-01-18 12:51:00+05:30,3685.45,3688.25,3683.4,3685,1620,
2024-01-18 12:52:00+05:30,3683.8,3686.15,3683.8,3685,336,
2024-01-18 12:53:00+05:30,3684,3687,3684,3686.95,606,
2024-01-18 12:54:00+05:30,3686.35,3686.8,3681.65,3682.35,1756,
2024-01-18 12:55:00+05:30,3681.65,3685.4,3681.65,3683.85,414,
2024-01-18 12:56:00+05:30,3683.3,3686,3682.05,3682.05,1101,
2024-01-18 12:57:00+05:30,3682.05,3685.5,3682.05,3683.7,142,
2024-01-18 12:58:00+05:30,3684,3685.5,3682.7,3684.5,204,
2024-01-18 12:59:00+05:30,3683.65,3685.4,3680.1,3681.35,624,
2024-01-18 13:00:00+05:30,3681.35,3681.6,3679,3680.95,242,
2024-01-18 13:01:00+05:30,3679.65,3679.65,3673.45,3674.95,788,
2024-01-18 13:02:00+05:30,3673.5,3675,3673.1,3675,166,
2024-01-18 13:03:00+05:30,3673.7,3677.15,3673.15,3677.15,193,
2024-01-18 13:04:00+05:30,3675.05,3678.7,3673.1,3678,164,
2024-01-18 13:05:00+05:30,3678,3683.65,3678,3682.05,374,
2024-01-18 13:06:00+05:30,3680.65,3682.45,3676.1,3682.45,806,
2024-01-18 13:07:00+05:30,3682.2,3683.55,3680.1,3682.95,505,
2024-01-18 13:08:00+05:30,3681,3686.75,3681,3683.7,373,
2024-01-18 13:09:00+05:30,3685,3685.9,3682.65,3682.85,544,
2024-01-18 13:10:00+05:30,3681.9,3685.9,3681.9,3684.35,174,
2024-01-18 13:11:00+05:30,3684.2,3684.95,3681.7,3682.5,1764,
2024-01-18 13:12:00+05:30,3682,3683.35,3680.7,3682,444,
2024-01-18 13:13:00+05:30,3680.7,3682.95,3680,3682.85,320,
2024-01-18 13:14:00+05:30,3681.4,3682.5,3679,3680.1,858,
2024-01-18 13:15:00+05:30,3680.1,3685,3680.05,3681.2,512,
2024-01-18 13:16:00+05:30,3681.15,3683.6,3680.1,3682.75,465,
2024-01-18 13:17:00+05:30,3684.15,3684.25,3681.45,3684.25,151,
2024-01-18 13:18:00+05:30,3684.25,3685,3682.05,3684.2,167,
2024-01-18 13:19:00+05:30,3683.4,3685,3682.55,3684.35,136,
2024-01-18 13:20:00+05:30,3683.8,3684.9,3682.6,3684.9,193,
2024-01-18 13:21:00+05:30,3683.4,3684.9,3682.05,3683.7,308,
2024-01-18 13:22:00+05:30,3682.4,3684.9,3682.15,3682.7,168,
2024-01-18 13:23:00+05:30,3682.75,3685.15,3682.75,3684.55,421,
2024-01-18 13:24:00+05:30,3684.55,3690,3684.55,3688.1,1640,
2024-01-18 13:25:00+05:30,3689.05,3689.05,3685.05,3686,564,
2024-01-18 13:26:00+05:30,3686,3687.65,3685,3687.3,441,
2024-01-18 13:27:00+05:30,3686.3,3688,3686.1,3687.95,137,
2024-01-18 13:28:00+05:30,3686.55,3687.95,3686.15,3687.2,145,
2024-01-18 13:29:00+05:30,3687.15,3687.95,3685.05,3685.05,839,
2024-01-18 13:30:00+05:30,3685.05,3687.7,3685,3685,629,
2024-01-18 13:31:00+05:30,3685,3686.55,3685,3685.8,285,
2024-01-18 13:32:00+05:30,3685,3687.5,3685,3685.45,537,
2024-01-18 13:33:00+05:30,3685.4,3686.7,3685,3686.55,399,
2024-01-18 13:34:00+05:30,3686.15,3687.65,3685.15,3686.9,230,
2024-01-18 13:35:00+05:30,3685.6,3687.5,3685,3685.25,139,
2024-01-18 13:36:00+05:30,3685,3686.45,3685,3685,204,
2024-01-18 13:37:00+05:30,3685,3685.1,3677.1,3681,2981,
2024-01-18 13:38:00+05:30,3680.3,3681.95,3679.85,3680.75,220,
2024-01-18 13:39:00+05:30,3680.15,3682.55,3679.85,3680,192,
2024-01-18 13:40:00+05:30,3680,3681.75,3680,3680.2,180,
2024-01-18 13:41:00+05:30,3680,3682.45,3680,3680.55,1113,
2024-01-18 13:42:00+05:30,3680.1,3682,3680,3680,255,
2024-01-18 13:43:00+05:30,3680,3684.9,3680,3684,169,
2024-01-18 13:44:00+05:30,3681.9,3684,3680.9,3682.85,215,
2024-01-18 13:45:00+05:30,3682.4,3684.7,3680.05,3683.45,1094,
2024-01-18 13:46:00+05:30,3683.25,3685.4,3682.55,3683.95,278,
2024-01-18 13:47:00+05:30,3685,3686.6,3683.5,3685.05,161,
2024-01-18 13:48:00+05:30,3685.4,3687.95,3684.85,3685.9,510,
2024-01-18 13:49:00+05:30,3685.95,3688,3681.25,3683.4,982,
2024-01-18 13:50:00+05:30,3684.05,3686.75,3682.65,3684.75,422,
2024-01-18 13:51:00+05:30,3683.25,3686,3682.2,3684.4,265,
2024-01-18 13:52:00+05:30,3684.45,3685.05,3681.3,3683,338,
2024-01-18 13:53:00+05:30,3681.6,3683.3,3680.3,3683,326,
2024-01-18 13:54:00+05:30,3681.1,3683.3,3680,3680,2812,
2024-01-18 13:55:00+05:30,3680,3683.3,3680,3681.55,194,
2024-01-18 13:56:00+05:30,3681.45,3683,3680.35,3681.15,496,
2024-01-18 13:57:00+05:30,3681.25,3684,3681.25,3682.15,276,
2024-01-18 13:58:00+05:30,3681.55,3684.15,3680.7,3682.45,175,
2024-01-18 13:59:00+05:30,3680.6,3683.95,3680.55,3683.6,171,
2024-01-18 14:00:00+05:30,3683.45,3683.95,3681.95,3683.75,162,
2024-01-18 14:01:00+05:30,3682.6,3685,3682.6,3684.95,1155,
2024-01-18 14:02:00+05:30,3683.6,3685.2,3683.6,3685.2,1039,
2024-01-18 14:03:00+05:30,3685.5,3688,3685.25,3686.15,540,
2024-01-18 14:04:00+05:30,3686,3688,3684.55,3688,705,
2024-01-18 14:05:00+05:30,3686.3,3688,3686.3,3688,934,
2024-01-18 14:06:00+05:30,3689.5,3689.5,3683.35,3687,309,
2024-01-18 14:07:00+05:30,3686.45,3686.95,3683.55,3685.7,252,
2024-01-18 14:08:00+05:30,3685.7,3686.95,3684.6,3686.95,250,
2024-01-18 14:09:00+05:30,3685.05,3687.9,3685,3685.95,188,
2024-01-18 14:10:00+05:30,3685.95,3688,3685.5,3688,250,
2024-01-18 14:11:00+05:30,3687.2,3689,3686.4,3687.9,197,
2024-01-18 14:12:00+05:30,3687.8,3691,3687.45,3689.3,1077,
2024-01-18 14:13:00+05:30,3690,3691.8,3689.7,3691.8,1436,
2024-01-18 14:14:00+05:30,3691,3697.8,3690.4,3697.75,6387,
2024-01-18 14:15:00+05:30,3697.75,3705,3696.65,3701.1,4805,
2024-01-18 14:16:00+05:30,3700.95,3703,3700,3700.5,5101,
2024-01-18 14:17:00+05:30,3700.15,3705,3700.15,3703.25,427,
2024-01-18 14:18:00+05:30,3705,3708,3701.3,3703.8,1459,
2024-01-18 14:19:00+05:30,3703.8,3705.75,3700.55,3703.4,480,
2024-01-18 14:20:00+05:30,3701.4,3703.65,3700,3701.05,930,
2024-01-18 14:21:00+05:30,3700.25,3705,3700.25,3703.45,829,
2024-01-18 14:22:00+05:30,3703.45,3705,3702,3704.95,1713,
2024-01-18 14:23:00+05:30,3704.95,3705.5,3703,3704.95,665,
2024-01-18 14:24:00+05:30,3704.9,3705,3703,3703,269,
2024-01-18 14:25:00+05:30,3703,3703.95,3700.5,3703.3,392,
2024-01-18 14:26:00+05:30,3703.05,3705,3701.5,3703.95,873,
2024-01-18 14:27:00+05:30,3703.15,3705,3702.15,3702.65,453,
2024-01-18 14:28:00+05:30,3702.6,3702.6,3700,3700.05,1148,
2024-01-18 14:29:00+05:30,3700,3702.05,3700,3701.9,766,
2024-01-18 14:30:00+05:30,3700.05,3702.1,3700,3700.1,3063,
2024-01-18 14:31:00+05:30,3700,3702.35,3700,3700.95,757,
2024-01-18 14:32:00+05:30,3700.1,3704.75,3700.1,3704.75,235,
2024-01-18 14:33:00+05:30,3703.5,3704.95,3702.05,3703.1,279,
2024-01-18 14:34:00+05:30,3702.4,3705.9,3702.4,3703.85,554,
2024-01-18 14:35:00+05:30,3703.45,3708.95,3703.45,3707.15,802,
2024-01-18 14:36:00+05:30,3707.05,3710.95,3706.75,3709.85,746,
2024-01-18 14:37:00+05:30,3710.3,3713.4,3709.95,3711.35,516,
2024-01-18 14:38:00+05:30,3711.1,3718.2,3710.8,3716.9,1347,
2024-01-18 14:39:00+05:30,3717.2,3725.7,3717.2,3724.7,4004,
2024-01-18 14:40:00+05:30,3721.95,3722.4,3714.65,3716.15,1793,
2024-01-18 14:41:00+05:30,3715.05,3722.75,3715.05,3720.95,658,
2024-01-18 14:42:00+05:30,3718.75,3720.75,3718.65,3720.6,1129,
2024-01-18 14:43:00+05:30,3719.2,3719.95,3709.25,3710.8,1664,
2024-01-18 14:44:00+05:30,3710.25,3722,3710.2,3720.75,525,
2024-01-18 14:45:00+05:30,3720.7,3723.65,3718,3719.2,1614,
2024-01-18 14:46:00+05:30,3719.2,3722.75,3719.2,3722,541,
2024-01-18 14:47:00+05:30,3720.75,3723.3,3719.7,3720.35,2325,
2024-01-18 14:48:00+05:30,3720.95,3725.5,3719.05,3720.75,4150,
2024-01-18 14:49:00+05:30,3720.45,3721.6,3720.1,3720.3,253,
2024-01-18 14:50:00+05:30,3720.1,3721.6,3719.75,3719.95,666,
2024-01-18 14:51:00+05:30,3719.75,3722.95,3718.45,3720.7,781,
2024-01-18 14:52:00+05:30,3719.5,3723.85,3716.9,3718.05,5456,
2024-01-18 14:53:00+05:30,3717.85,3721.45,3715,3715,1665,
2024-01-18 14:54:00+05:30,3715,3715.45,3710.05,3711.2,1335,
2024-01-18 14:55:00+05:30,3711.1,3712.9,3706.15,3711.25,1169,
2024-01-18 14:56:00+05:30,3710.35,3713.7,3709.55,3711.85,861,
2024-01-18 14:57:00+05:30,3711.9,3714.4,3709,3713.55,997,
2024-01-18 14:58:00+05:30,3712.05,3715.5,3712.05,3715.5,551,
2024-01-18 14:59:00+05:30,3714,3715.5,3710.35,3712.1,949,
2024-01-18 15:00:00+05:30,3712.6,3718.55,3711.25,3712.3,1932,
2024-01-18 15:01:00+05:30,3710.35,3713.85,3707.55,3707.55,1564,
2024-01-18 15:02:00+05:30,3707.2,3707.8,3702.8,3703.65,2451,
2024-01-18 15:03:00+05:30,3702.8,3707.45,3698.05,3700.95,3603,
2024-01-18 15:04:00+05:30,3699.45,3705.65,3698.85,3700.6,2897,
2024-01-18 15:05:00+05:30,3700.4,3703.05,3699.15,3699.55,2547,
2024-01-18 15:06:00+05:30,3699.55,3704.8,3699.3,3704.35,3474,
2024-01-18 15:07:00+05:30,3702.95,3703.1,3700.1,3701.65,2954,
2024-01-18 15:08:00+05:30,3700.8,3702.3,3699.55,3702.1,2304,
2024-01-18 15:09:00+05:30,3701.35,3703.4,3699.55,3699.8,2596,
2024-01-18 15:10:00+05:30,3699.75,3702.6,3699.65,3700.85,1856,
2024-01-18 15:11:00+05:30,3700.75,3702.5,3697.8,3698.35,2607,
2024-01-18 15:12:00+05:30,3698.15,3701.7,3697.85,3699,2482,
2024-01-18 15:13:00+05:30,3699,3700,3695.35,3695.95,3027,
2024-01-18 15:14:00+05:30,3696.1,3699.65,3695.7,3697.2,2743,
2024-01-18 15:15:00+05:30,3697.9,3698.95,3695,3698.45,4215,
2024-01-18 15:16:00+05:30,3696.3,3696.65,3694.85,3696.5,3095,
2024-01-18 15:17:00+05:30,3696.05,3696.5,3694.8,3696.25,1950,
2024-01-18 15:18:00+05:30,3695.5,3705,3695.5,3699.75,4538,
2024-01-18 15:19:00+05:30,3699.7,3702,3699.65,3700.15,2353,
2024-01-18 15:20:00+05:30,3699.7,3702,3697.5,3698.05,3884,
2024-01-18 15:21:00+05:30,3697.65,3700.1,3697.1,3700.1,3111,
2024-01-18 15:22:00+05:30,3700.1,3702.7,3697.65,3702.4,1824,
2024-01-18 15:23:00+05:30,3702.1,3704.1,3699.65,3700.25,2807,
2024-01-18 15:24:00+05:30,3700.2,3702.6,3697,3700,3125,
2024-01-18 15:25:00+05:30,3697.95,3700,3697,3698.5,2553,
2024-01-18 15:26:00+05:30,3697.95,3705,3697.9,3700,5731,
2024-01-18 15:27:00+05:30,3698.45,3704.95,3697.6,3704.15,2326,
2024-01-18 15:28:00+05:30,3704.6,3705,3696,3698.85,1974,
2024-01-18 15:29:00+05:30,3695.3,3705,3693.35,3704.35,985,
2024-01-19 09:15:00+05:30,3730,3730,3707.7,3708.1,4148,
2024-01-19 09:16:00+05:30,3710.95,3730,3710.95,3723.9,2388,
2024-01-19 09:17:00+05:30,3723.9,3728.6,3722,3726.5,1547,
2024-01-19 09:18:00+05:30,3725.05,3726.9,3720,3721.5,1511,
2024-01-19 09:19:00+05:30,3721.9,3733.35,3721.9,3731.7,2346,
2024-01-19 09:20:00+05:30,3731.7,3731.7,3722.15,3726.95,1796,
2024-01-19 09:21:00+05:30,3724.1,3728.65,3724.1,3728.65,1500,
2024-01-19 09:22:00+05:30,3728.65,3731.2,3726.55,3730.8,1083,
2024-01-19 09:23:00+05:30,3731.05,3731.05,3725,3725.35,536,
2024-01-19 09:24:00+05:30,3725.35,3725.35,3721.5,3721.85,276,
2024-01-19 09:25:00+05:30,3721.85,3721.95,3718.25,3720.95,1642,
2024-01-19 09:26:00+05:30,3720.95,3722.1,3718.85,3720.3,603,
2024-01-19 09:27:00+05:30,3720.3,3720.3,3715.5,3715.5,553,
2024-01-19 09:28:00+05:30,3715.5,3715.5,3710.4,3710.4,1173,
2024-01-19 09:29:00+05:30,3711.35,3711.35,3702,3702.2,2063,
2024-01-19 09:30:00+05:30,3702,3707.8,3701.5,3706.95,1924,
2024-01-19 09:31:00+05:30,3705.05,3707.4,3702,3702,1200,
2024-01-19 09:32:00+05:30,3702,3706.5,3701.85,3701.85,1605,
2024-01-19 09:33:00+05:30,3703.25,3703.25,3700,3702.4,1690,
2024-01-19 09:34:00+05:30,3702.4,3704.75,3698,3698,1893,
2024-01-19 09:35:00+05:30,3698,3703.1,3697.25,3703.1,1589,
2024-01-19 09:36:00+05:30,3701.45,3702.95,3701.45,3702.1,257,
2024-01-19 09:37:00+05:30,3701.7,3702.95,3700.25,3702.95,754,
2024-01-19 09:38:00+05:30,3702.95,3714.05,3702.95,3714.05,1726,
2024-01-19 09:39:00+05:30,3715,3716.65,3710.85,3713.35,1594,
2024-01-19 09:40:00+05:30,3713.35,3716.7,3712.1,3714.3,1382,
2024-01-19 09:41:00+05:30,3714.3,3714.3,3706.1,3708,679,
2024-01-19 09:42:00+05:30,3708.9,3708.95,3706,3706.1,967,
2024-01-19 09:43:00+05:30,3706.1,3706.1,3700,3703.5,1366,
2024-01-19 09:44:00+05:30,3700.85,3702.5,3700,3700,791,
2024-01-19 09:45:00+05:30,3700,3700,3691.35,3693.85,1548,
2024-01-19 09:46:00+05:30,3693.85,3695.85,3693.05,3693.5,904,
2024-01-19 09:47:00+05:30,3693.55,3699.15,3693.2,3697.45,1098,
2024-01-19 09:48:00+05:30,3698.15,3703.85,3698.15,3702.3,2202,
2024-01-19 09:49:00+05:30,3702.3,3703.95,3699.15,3700.05,823,
2024-01-19 09:50:00+05:30,3700.05,3700.75,3698.55,3699.75,608,
2024-01-19 09:51:00+05:30,3699.75,3699.75,3694,3694,948,
2024-01-19 09:52:00+05:30,3694,3702.05,3694,3702.05,1450,
2024-01-19 09:53:00+05:30,3701.75,3702.05,3700.15,3701.5,418,
2024-01-19 09:54:00+05:30,3702,3702,3700.15,3701,325,
2024-01-19 09:55:00+05:30,3701,3703.3,3700,3703.3,840,
2024-01-19 09:56:00+05:30,3705,3708,3703.35,3708,168,
2024-01-19 09:57:00+05:30,3708,3716.55,3708,3716.5,915,
2024-01-19 09:58:00+05:30,3716.55,3716.55,3709.2,3710.5,832,
2024-01-19 09:59:00+05:30,3710.5,3713.4,3709.25,3712.9,196,
2024-01-19 10:00:00+05:30,3713,3718.5,3712,3717.1,974,
2024-01-19 10:01:00+05:30,3717.1,3718,3717,3717.45,738,
2024-01-19 10:02:00+05:30,3717.95,3717.95,3713.35,3714.8,788,
2024-01-19 10:03:00+05:30,3714.4,3714.4,3713.2,3714.25,312,
2024-01-19 10:04:00+05:30,3714.25,3717.5,3712.45,3712.45,1062,
2024-01-19 10:05:00+05:30,3712.4,3712.4,3709,3709.05,368,
2024-01-19 10:06:00+05:30,3709.05,3710.85,3709.05,3710.85,325,
2024-01-19 10:07:00+05:30,3710.85,3712.15,3709.2,3710.15,492,
2024-01-19 10:08:00+05:30,3710,3710.85,3709.95,3710.7,432,
2024-01-19 10:09:00+05:30,3710.8,3710.8,3704,3705.65,2176,
2024-01-19 10:10:00+05:30,3705.6,3708.85,3705.5,3705.8,332,
2024-01-19 10:11:00+05:30,3705.8,3705.95,3704.8,3704.8,357,
2024-01-19 10:12:00+05:30,3705,3706.25,3704.65,3704.9,510,
2024-01-19 10:13:00+05:30,3704.8,3705,3704.05,3704.05,186,
2024-01-19 10:14:00+05:30,3704.05,3706.3,3704,3706.3,634,
2024-01-19 10:15:00+05:30,3706.3,3708.25,3704.65,3706.2,1106,
2024-01-19 10:16:00+05:30,3706.2,3706.35,3703.7,3704.3,442,
2024-01-19 10:17:00+05:30,3705.5,3705.5,3700,3700.15,26830,
2024-01-19 10:18:00+05:30,3700.15,3701.95,3700.15,3700.4,200,
2024-01-19 10:19:00+05:30,3700.4,3701.15,3695.55,3696.9,744,
2024-01-19 10:20:00+05:30,3696.9,3701.1,3695,3700.2,2014,
2024-01-19 10:21:00+05:30,3700.25,3700.4,3695,3697.95,7228,
2024-01-19 10:22:00+05:30,3697.85,3698.55,3695,3695.8,10693,
2024-01-19 10:23:00+05:30,3695.8,3698,3693.2,3695.95,3383,
2024-01-19 10:24:00+05:30,3695.95,3700,3694,3694.6,2202,
2024-01-19 10:25:00+05:30,3694.6,3697.45,3692.3,3696.25,3178,
2024-01-19 10:26:00+05:30,3696.25,3701.55,3696.25,3700,966,
2024-01-19 10:27:00+05:30,3699.05,3702.55,3699,3702.55,1002,
2024-01-19 10:28:00+05:30,3702.55,3703.35,3700.4,3703.35,1548,
2024-01-19 10:29:00+05:30,3703.35,3703.75,3702.25,3703.55,144,
2024-01-19 10:30:00+05:30,3703.55,3703.55,3695,3696,535,
2024-01-19 10:31:00+05:30,3697.35,3699.3,3695.35,3698.9,531,
2024-01-19 10:32:00+05:30,3698.9,3701.95,3697.35,3701.95,404,
2024-01-19 10:33:00+05:30,3701.95,3702,3699.6,3700.3,418,
2024-01-19 10:34:00+05:30,3700.3,3705.55,3699,3699.6,1843,
2024-01-19 10:35:00+05:30,3700.65,3701.9,3699.7,3701.25,201,
2024-01-19 10:36:00+05:30,3701.25,3701.25,3699,3699.85,216,
2024-01-19 10:37:00+05:30,3699.85,3702,3699,3699.9,604,
2024-01-19 10:38:00+05:30,3699.9,3700.4,3699.05,3700,310,
2024-01-19 10:39:00+05:30,3700,3700.5,3699,3699.2,567,
2024-01-19 10:40:00+05:30,3699.2,3701.75,3698,3698,599,
2024-01-19 10:41:00+05:30,3698,3698,3696.5,3697,177,
2024-01-19 10:42:00+05:30,3697,3698.5,3696,3697.15,180,
2024-01-19 10:43:00+05:30,3697.15,3699.35,3697.15,3697.45,244,
2024-01-19 10:44:00+05:30,3697.45,3698,3685.45,3688.15,3515,
2024-01-19 10:45:00+05:30,3688.2,3692.45,3687.8,3690.8,623,
2024-01-19 10:46:00+05:30,3690.8,3692.95,3690.8,3692.4,366,
2024-01-19 10:47:00+05:30,3692.25,3694.1,3690.8,3692,568,
2024-01-19 10:48:00+05:30,3692,3692.55,3688,3691.35,514,
2024-01-19 10:49:00+05:30,3691.35,3691.6,3690.1,3691.3,149,
2024-01-19 10:50:00+05:30,3691.3,3691.35,3690.6,3690.6,367,
2024-01-19 10:51:00+05:30,3690.6,3690.6,3686,3687,2327,
2024-01-19 10:52:00+05:30,3687,3689,3686.5,3689,1024,
2024-01-19 10:53:00+05:30,3689,3689,3686.5,3688.4,343,
2024-01-19 10:54:00+05:30,3688.4,3688.4,3686.5,3686.8,144,
2024-01-19 10:55:00+05:30,3686.8,3689,3686.8,3689,85,
2024-01-19 10:56:00+05:30,3689,3690.05,3689,3690.05,405,
2024-01-19 10:57:00+05:30,3690.05,3690.05,3687.7,3687.7,629,
2024-01-19 10:58:00+05:30,3687.7,3687.75,3685.45,3686.8,478,
2024-01-19 10:59:00+05:30,3686.8,3689,3685.8,3689,737,
2024-01-19 11:00:00+05:30,3689,3690.5,3687.35,3687.35,716,
2024-01-19 11:01:00+05:30,3687.35,3690.75,3687.35,3690.75,651,
2024-01-19 11:02:00+05:30,3691,3700,3690.65,3699.95,702,
2024-01-19 11:03:00+05:30,3700,3700,3698,3699.55,939,
2024-01-19 11:04:00+05:30,3699.55,3700,3697.95,3698.5,885,
2024-01-19 11:05:00+05:30,3698.55,3698.75,3697.5,3698.05,681,
2024-01-19 11:06:00+05:30,3698.05,3698.05,3691.45,3691.45,1164,
2024-01-19 11:07:00+05:30,3692.9,3695.2,3691.35,3693.2,710,
2024-01-19 11:08:00+05:30,3693.2,3695.65,3691.05,3695.45,388,
2024-01-19 11:09:00+05:30,3695.5,3695.95,3691.3,3692.4,705,
2024-01-19 11:10:00+05:30,3692,3693.5,3687.55,3693.5,1721,
2024-01-19 11:11:00+05:30,3693.5,3696.15,3690.7,3692.6,680,
2024-01-19 11:12:00+05:30,3692.6,3693.6,3689.7,3693.6,778,
2024-01-19 11:13:00+05:30,3693.6,3696.6,3691.5,3694.1,725,
2024-01-19 11:14:00+05:30,3694.1,3694.25,3691.8,3693.6,354,
2024-01-19 11:15:00+05:30,3693.6,3693.8,3687,3689.8,806,
2024-01-19 11:16:00+05:30,3689.85,3695.6,3689.75,3695.6,540,
2024-01-19 11:17:00+05:30,3695.65,3695.95,3692,3693,1321,
2024-01-19 11:18:00+05:30,3692.65,3692.9,3689.85,3691.15,598,
2024-01-19 11:19:00+05:30,3692.75,3694.3,3690,3694.2,488,
2024-01-19 11:20:00+05:30,3694.2,3695.45,3692.35,3694.85,394,
2024-01-19 11:21:00+05:30,3694.85,3695.55,3693.7,3695.55,352,
2024-01-19 11:22:00+05:30,3695.8,3698.35,3694.15,3696.45,606,
2024-01-19 11:23:00+05:30,3696.45,3696.45,3692.9,3695.45,434,
2024-01-19 11:24:00+05:30,3692.9,3697.7,3692.65,3695.75,531,
2024-01-19 11:25:00+05:30,3695.75,3695.75,3692,3692.9,145,
2024-01-19 11:26:00+05:30,3692.9,3692.9,3689.1,3690.8,585,
2024-01-19 11:27:00+05:30,3690.75,3690.75,3687.05,3688.75,343,
2024-01-19 11:28:00+05:30,3687.05,3689.55,3687.05,3689.25,281,
2024-01-19 11:29:00+05:30,3689.25,3689.25,3687.5,3689.25,148,
2024-01-19 11:30:00+05:30,3689.25,3689.25,3686.35,3687.85,454,
2024-01-19 11:31:00+05:30,3686.25,3687.4,3684.45,3687,954,
2024-01-19 11:32:00+05:30,3687,3687,3683.2,3684.25,706,
2024-01-19 11:33:00+05:30,3684,3684.15,3681,3683.6,469,
2024-01-19 11:34:00+05:30,3683.6,3683.6,3675.2,3678.25,2520,
2024-01-19 11:35:00+05:30,3680,3681.15,3677.55,3678.95,520,
2024-01-19 11:36:00+05:30,3678.95,3678.95,3675,3676.65,639,
2024-01-19 11:37:00+05:30,3675,3676,3672.35,3674.85,1328,
2024-01-19 11:38:00+05:30,3674.85,3684.3,3673.75,3684.3,1110,
2024-01-19 11:39:00+05:30,3684.3,3684.7,3681.55,3684.65,213,
2024-01-19 11:40:00+05:30,3684.7,3684.7,3682,3682.85,102,
2024-01-19 11:41:00+05:30,3682.7,3682.7,3678.4,3681.15,233,
2024-01-19 11:42:00+05:30,3681.15,3681.45,3680,3680.8,138,
2024-01-19 11:43:00+05:30,3680.8,3680.8,3679.05,3680.8,289,
2024-01-19 11:44:00+05:30,3679.5,3680.8,3679,3679.5,245,
2024-01-19 11:45:00+05:30,3679.2,3679.2,3673.35,3674.7,354,
2024-01-19 11:46:00+05:30,3674.7,3674.7,3672.5,3673.2,389,
2024-01-19 11:47:00+05:30,3673.2,3673.65,3672,3673,854,
2024-01-19 11:48:00+05:30,3673,3675,3673,3674.7,245,
2024-01-19 11:49:00+05:30,3673.35,3674.7,3672,3673.95,215,
2024-01-19 11:50:00+05:30,3673.4,3673.8,3672,3673.2,296,
2024-01-19 11:51:00+05:30,3673.2,3673.2,3671.15,3672.05,237,
2024-01-19 11:52:00+05:30,3672.05,3672.4,3668,3670.65,924,
2024-01-19 11:53:00+05:30,3669.25,3671.8,3668.9,3671.2,668,
2024-01-19 11:54:00+05:30,3671.15,3671.15,3669,3669.7,288,
2024-01-19 11:55:00+05:30,3669.7,3671.2,3668,3670.35,1241,
2024-01-19 11:56:00+05:30,3670.3,3672.9,3669,3672.9,1463,
2024-01-19 11:57:00+05:30,3672.9,3673,3670.8,3672.9,634,
2024-01-19 11:58:00+05:30,3672.9,3674.65,3671.25,3674.4,1042,
2024-01-19 11:59:00+05:30,3673.5,3674.55,3672.3,3674.55,179,
2024-01-19 12:00:00+05:30,3674.65,3674.95,3672,3673,765,
2024-01-19 12:01:00+05:30,3672.9,3674.3,3671.7,3674,382,
2024-01-19 12:02:00+05:30,3672.05,3673.85,3671,3672.3,126,
2024-01-19 12:03:00+05:30,3672.3,3672.3,3671.2,3672.3,202,
2024-01-19 12:04:00+05:30,3672.05,3672.9,3669,3670,972,
2024-01-19 12:05:00+05:30,3669.5,3670,3668.15,3669,491,
2024-01-19 12:06:00+05:30,3668.55,3669,3665.55,3667,714,
2024-01-19 12:07:00+05:30,3666.05,3669.95,3666.05,3667.55,655,
2024-01-19 12:08:00+05:30,3667.55,3669.75,3667.25,3667.6,311,
2024-01-19 12:09:00+05:30,3667.6,3669.05,3667.6,3669.05,236,
2024-01-19 12:10:00+05:30,3669.05,3669.05,3664.2,3665.7,706,
2024-01-19 12:11:00+05:30,3666.2,3669.95,3665.7,3669.95,288,
2024-01-19 12:12:00+05:30,3668.7,3669.7,3666.05,3667.2,261,
2024-01-19 12:13:00+05:30,3667.2,3669,3666.3,3669,452,
2024-01-19 12:14:00+05:30,3667.35,3669,3666.75,3668.9,410,
2024-01-19 12:15:00+05:30,3668.9,3672.05,3667.15,3672.05,1063,
2024-01-19 12:16:00+05:30,3671.75,3674.5,3671.75,3672.05,485,
2024-01-19 12:17:00+05:30,3672.05,3678,3671,3673.3,2136,
2024-01-19 12:18:00+05:30,3673.3,3677.95,3673.3,3677,504,
2024-01-19 12:19:00+05:30,3677,3685.4,3677,3681.5,3660,
2024-01-19 12:20:00+05:30,3682.3,3684.75,3679.65,3683.15,1146,
2024-01-19 12:21:00+05:30,3683.8,3684,3681.6,3683.55,523,
2024-01-19 12:22:00+05:30,3683,3684,3681.2,3684,423,
2024-01-19 12:23:00+05:30,3684,3684,3680.6,3680.6,189,
2024-01-19 12:24:00+05:30,3680.6,3690,3680.2,3689.65,1890,
2024-01-19 12:25:00+05:30,3689.65,3690,3685.2,3686.2,448,
2024-01-19 12:26:00+05:30,3685.2,3686.7,3681.35,3686.7,605,
2024-01-19 12:27:00+05:30,3686.05,3686.7,3684.25,3686.6,409,
2024-01-19 12:28:00+05:30,3686.6,3686.6,3681.65,3683.05,202,
2024-01-19 12:29:00+05:30,3683.05,3685.55,3681.2,3681.75,174,
2024-01-19 12:30:00+05:30,3681.75,3685.55,3681.7,3685.55,158,
2024-01-19 12:31:00+05:30,3685.55,3685.55,3682.1,3683.65,563,
2024-01-19 12:32:00+05:30,3683.65,3683.65,3680.5,3682.25,172,
2024-01-19 12:33:00+05:30,3682.25,3682.25,3677.5,3681.85,437,
2024-01-19 12:34:00+05:30,3680.15,3684.25,3678.65,3683.35,897,
2024-01-19 12:35:00+05:30,3683.35,3683.5,3679,3683.3,218,
2024-01-19 12:36:00+05:30,3682.5,3685.5,3681.2,3681.2,389,
2024-01-19 12:37:00+05:30,3681.9,3683.45,3680.45,3683.25,123,
2024-01-19 12:38:00+05:30,3683.25,3684,3681.5,3684,169,
2024-01-19 12:39:00+05:30,3684,3685.55,3682.5,3684,310,
2024-01-19 12:40:00+05:30,3684,3684,3682.1,3683.85,451,
2024-01-19 12:41:00+05:30,3683.85,3685.15,3683.3,3683.7,351,
2024-01-19 12:42:00+05:30,3683.7,3683.7,3681,3681,328,
2024-01-19 12:43:00+05:30,3681,3683.65,3680.05,3683.45,192,
2024-01-19 12:44:00+05:30,3683.45,3684.75,3681.1,3682.65,112,
2024-01-19 12:45:00+05:30,3682.65,3683.85,3681.3,3682.75,292,
2024-01-19 12:46:00+05:30,3682.75,3686.45,3682.05,3686.1,671,
2024-01-19 12:47:00+05:30,3686.1,3686.65,3683.1,3683.4,295,
2024-01-19 12:48:00+05:30,3683.4,3683.4,3681.05,3681.75,150,
2024-01-19 12:49:00+05:30,3681.7,3684.8,3681.45,3684.8,185,
2024-01-19 12:50:00+05:30,3684.8,3685.15,3682.4,3684.65,257,
2024-01-19 12:51:00+05:30,3684.65,3684.65,3680.25,3681.35,359,
2024-01-19 12:52:00+05:30,3681.4,3684.65,3681.4,3681.85,340,
2024-01-19 12:53:00+05:30,3681.85,3684,3680.55,3682.2,146,
2024-01-19 12:54:00+05:30,3682.2,3682.8,3681.3,3681.3,404,
2024-01-19 12:55:00+05:30,3682.45,3682.95,3681.4,3681.65,261,
2024-01-19 12:56:00+05:30,3682.2,3682.2,3676.6,3679,653,
2024-01-19 12:57:00+05:30,3679,3681.25,3678.05,3678.85,159,
2024-01-19 12:58:00+05:30,3679.4,3681.85,3678.5,3681,314,
2024-01-19 12:59:00+05:30,3681,3681.85,3679.7,3681.85,226,
2024-01-19 13:00:00+05:30,3681.85,3682,3679.7,3679.8,705,
2024-01-19 13:01:00+05:30,3679.8,3682.65,3679.4,3681.5,217,
2024-01-19 13:02:00+05:30,3681.5,3683.85,3680.5,3683.85,147,
2024-01-19 13:03:00+05:30,3683.7,3683.95,3682.55,3683.9,187,
2024-01-19 13:04:00+05:30,3683.9,3683.9,3680,3680.4,435,
2024-01-19 13:05:00+05:30,3680.4,3681.75,3679.9,3680,594,
2024-01-19 13:06:00+05:30,3680,3682,3679.9,3682,236,
2024-01-19 13:07:00+05:30,3682.4,3683.85,3680.5,3683.75,299,
2024-01-19 13:08:00+05:30,3683.75,3684.6,3681.4,3684.6,191,
2024-01-19 13:09:00+05:30,3685.15,3685.15,3681.7,3681.7,396,
2024-01-19 13:10:00+05:30,3681.7,3682,3679.05,3679.1,295,
2024-01-19 13:11:00+05:30,3679.1,3682.1,3678.85,3680,360,
2024-01-19 13:12:00+05:30,3680.15,3684.3,3679.35,3680.6,567,
2024-01-19 13:13:00+05:30,3680.75,3685.55,3680.1,3680.65,922,
2024-01-19 13:14:00+05:30,3680.65,3682.9,3680,3680.6,481,
2024-01-19 13:15:00+05:30,3680.6,3683.35,3680.35,3681,284,
2024-01-19 13:16:00+05:30,3681,3681,3678.95,3680.25,131,
2024-01-19 13:17:00+05:30,3680.25,3685.5,3680,3683.65,667,
2024-01-19 13:18:00+05:30,3683.6,3689.6,3683.6,3687.1,867,
2024-01-19 13:19:00+05:30,3687.65,3690,3687.6,3689.35,650,
2024-01-19 13:20:00+05:30,3689.35,3693,3688.3,3690.7,891,
2024-01-19 13:21:00+05:30,3690.7,3690.7,3687,3687.2,269,
2024-01-19 13:22:00+05:30,3687.8,3691.5,3687.8,3689.15,204,
2024-01-19 13:23:00+05:30,3689.15,3693.15,3689,3691.1,282,
2024-01-19 13:24:00+05:30,3691.1,3693.9,3690.3,3692.05,375,
2024-01-19 13:25:00+05:30,3692.05,3693.9,3690,3690.6,726,
2024-01-19 13:26:00+05:30,3690,3692.2,3690,3690.1,255,
2024-01-19 13:27:00+05:30,3690.1,3690.1,3688.5,3688.5,123,
2024-01-19 13:28:00+05:30,3688.35,3688.35,3687,3687.1,291,
2024-01-19 13:29:00+05:30,3687.1,3689.45,3686.45,3686.65,380,
2024-01-19 13:30:00+05:30,3686.65,3688.35,3686.55,3687.1,411,
2024-01-19 13:31:00+05:30,3686.55,3686.75,3684.95,3684.95,445,
2024-01-19 13:32:00+05:30,3685.5,3688.1,3684.4,3685.45,509,
2024-01-19 13:33:00+05:30,3685.45,3687.95,3684.45,3687,591,
2024-01-19 13:34:00+05:30,3687.15,3688.85,3687.05,3687.65,137,
2024-01-19 13:35:00+05:30,3687.65,3687.85,3684.55,3687.4,153,
2024-01-19 13:36:00+05:30,3687.4,3692.15,3685.45,3690.85,414,
2024-01-19 13:37:00+05:30,3690.85,3692.6,3690.7,3690.9,650,
2024-01-19 13:38:00+05:30,3690.2,3693.2,3689.75,3690.25,389,
2024-01-19 13:39:00+05:30,3690.25,3692.3,3689.85,3689.85,489,
2024-01-19 13:40:00+05:30,3692.3,3693.1,3689.55,3689.9,373,
2024-01-19 13:41:00+05:30,3690.05,3691.55,3689.95,3690,131,
2024-01-19 13:42:00+05:30,3690,3692.3,3690,3690.1,123,
2024-01-19 13:43:00+05:30,3691.05,3691.6,3690,3690.15,131,
2024-01-19 13:44:00+05:30,3690.15,3692.6,3688.9,3689.65,585,
2024-01-19 13:45:00+05:30,3689.65,3690.45,3689.55,3690.05,124,
2024-01-19 13:46:00+05:30,3690.05,3691.45,3689.75,3690.95,104,
2024-01-19 13:47:00+05:30,3690.95,3692.35,3689.8,3691.95,181,
2024-01-19 13:48:00+05:30,3691.95,3692.35,3690.05,3692.35,135,
2024-01-19 13:49:00+05:30,3692.3,3697.2,3690.65,3697.2,790,
2024-01-19 13:50:00+05:30,3695.65,3697.9,3694.45,3695.45,588,
2024-01-19 13:51:00+05:30,3696.1,3697.8,3695.05,3695.7,1702,
2024-01-19 13:52:00+05:30,3695.7,3697,3690,3690,2256,
2024-01-19 13:53:00+05:30,3690.3,3691.65,3689.35,3689.7,223,
2024-01-19 13:54:00+05:30,3689.7,3690.95,3689.2,3690.95,161,
2024-01-19 13:55:00+05:30,3690.95,3690.95,3689.2,3689.3,111,
2024-01-19 13:56:00+05:30,3689.3,3692.75,3689.2,3690.65,303,
2024-01-19 13:57:00+05:30,3690.65,3690.65,3689.2,3689.2,417,
2024-01-19 13:58:00+05:30,3689.25,3690.05,3687.6,3687.7,357,
2024-01-19 13:59:00+05:30,3687.9,3690,3686.7,3687.75,299,
2024-01-19 14:00:00+05:30,3687.75,3695.2,3686.9,3693.75,429,
2024-01-19 14:01:00+05:30,3693.75,3693.8,3691,3691.45,642,
2024-01-19 14:02:00+05:30,3691,3692.1,3687.25,3687.25,332,
2024-01-19 14:03:00+05:30,3687.25,3690.55,3686.3,3686.3,1488,
2024-01-19 14:04:00+05:30,3686.6,3688.8,3686,3688.8,248,
2024-01-19 14:05:00+05:30,3687.55,3692.1,3687.3,3690.55,358,
2024-01-19 14:06:00+05:30,3690.55,3691.2,3688.65,3688.65,230,
2024-01-19 14:07:00+05:30,3688.1,3691.5,3688.1,3689.8,330,
2024-01-19 14:08:00+05:30,3689.8,3694,3687.4,3694,137,
2024-01-19 14:09:00+05:30,3694,3695.45,3692.45,3693.3,254,
2024-01-19 14:10:00+05:30,3693.3,3693.3,3688.5,3690.05,480,
2024-01-19 14:11:00+05:30,3690.05,3691.4,3688.35,3688.7,412,
2024-01-19 14:12:00+05:30,3689.45,3692.35,3687.85,3690.4,764,
2024-01-19 14:13:00+05:30,3691.1,3693.85,3689.95,3692.05,688,
2024-01-19 14:14:00+05:30,3692.1,3694,3691.35,3691.6,553,
2024-01-19 14:15:00+05:30,3691.6,3694.95,3691.6,3693.25,547,
2024-01-19 14:16:00+05:30,3693.25,3693.25,3691.1,3691.6,202,
2024-01-19 14:17:00+05:30,3692,3693.25,3691.5,3691.65,388,
2024-01-19 14:18:00+05:30,3691.65,3691.85,3689.65,3691.4,174,
2024-01-19 14:19:00+05:30,3691.4,3693.2,3690.2,3691.65,369,
2024-01-19 14:20:00+05:30,3691.65,3692.6,3690,3690.35,440,
2024-01-19 14:21:00+05:30,3690.35,3692.95,3690.35,3691.25,425,
2024-01-19 14:22:00+05:30,3692.15,3697.6,3691.3,3692.9,914,
2024-01-19 14:23:00+05:30,3692.9,3694.05,3692.15,3694,166,
2024-01-19 14:24:00+05:30,3694,3696.5,3693.05,3695,367,
2024-01-19 14:25:00+05:30,3695,3695.9,3693.6,3694.9,416,
2024-01-19 14:26:00+05:30,3694.9,3698.9,3694.3,3696.3,886,
2024-01-19 14:27:00+05:30,3696.3,3698.6,3696.25,3696.35,541,
2024-01-19 14:28:00+05:30,3695.95,3696.05,3694.1,3694.6,543,
2024-01-19 14:29:00+05:30,3694.6,3698,3694.5,3697.95,391,
2024-01-19 14:30:00+05:30,3697.95,3697.95,3694.8,3697.2,243,
2024-01-19 14:31:00+05:30,3697.2,3698,3697,3697.15,314,
2024-01-19 14:32:00+05:30,3697.5,3697.7,3696.6,3696.8,319,
2024-01-19 14:33:00+05:30,3696.7,3699.8,3696.4,3698.45,721,
2024-01-19 14:34:00+05:30,3698.6,3698.95,3696,3696,262,
2024-01-19 14:35:00+05:30,3696.1,3696.85,3695.9,3696.65,502,
2024-01-19 14:36:00+05:30,3696.6,3696.65,3694.8,3696,604,
2024-01-19 14:37:00+05:30,3695.5,3695.75,3694.45,3694.65,385,
2024-01-19 14:38:00+05:30,3694.2,3696,3691.3,3695.8,744,
2024-01-19 14:39:00+05:30,3696,3698,3695.65,3697.05,417,
2024-01-19 14:40:00+05:30,3697.05,3698,3696.45,3697.75,666,
2024-01-19 14:41:00+05:30,3698,3698,3695.9,3696.3,422,
2024-01-19 14:42:00+05:30,3697.8,3697.8,3696.5,3696.5,392,
2024-01-19 14:43:00+05:30,3696.5,3702.55,3695.55,3700.4,2963,
2024-01-19 14:44:00+05:30,3699.8,3701.3,3696.85,3697.7,1100,
2024-01-19 14:45:00+05:30,3697.95,3701,3697.95,3699.4,722,
2024-01-19 14:46:00+05:30,3699.5,3701.7,3699,3700.3,1156,
2024-01-19 14:47:00+05:30,3700.3,3701,3699.65,3701,929,
2024-01-19 14:48:00+05:30,3700.25,3703,3700,3703,591,
2024-01-19 14:49:00+05:30,3703,3703.05,3701,3701,670,
2024-01-19 14:50:00+05:30,3701.05,3701.95,3700.05,3701.2,557,
2024-01-19 14:51:00+05:30,3700.6,3702,3695.9,3697.75,2133,
2024-01-19 14:52:00+05:30,3697.75,3697.9,3694.7,3696.4,1079,
2024-01-19 14:53:00+05:30,3696.4,3696.4,3693,3694.05,962,
2024-01-19 14:54:00+05:30,3694.25,3697.15,3693,3697.15,571,
2024-01-19 14:55:00+05:30,3697.15,3697.15,3693.2,3694.8,1037,
2024-01-19 14:56:00+05:30,3694.5,3696.15,3693,3695.1,1057,
2024-01-19 14:57:00+05:30,3695.05,3697.1,3693.05,3694.25,2727,
2024-01-19 14:58:00+05:30,3694.3,3699,3694.3,3699,1696,
2024-01-19 14:59:00+05:30,3698.45,3699,3695,3697.1,659,
2024-01-19 15:00:00+05:30,3696.7,3700.45,3690.15,3690.85,2758,
2024-01-19 15:01:00+05:30,3691.65,3697.5,3690.85,3695.65,1702,
2024-01-19 15:02:00+05:30,3695.6,3695.65,3690,3690.95,2004,
2024-01-19 15:03:00+05:30,3693.15,3694.1,3690.95,3691.7,1245,
2024-01-19 15:04:00+05:30,3692,3692.8,3689.45,3690.7,605,
2024-01-19 15:05:00+05:30,3690.7,3693.2,3689.4,3691.15,1019,
2024-01-19 15:06:00+05:30,3691.15,3691.25,3691.05,3691.15,591,
2024-01-19 15:07:00+05:30,3691.2,3693.3,3690,3690,1203,
2024-01-19 15:08:00+05:30,3690,3692.85,3688.2,3692.85,1136,
2024-01-19 15:09:00+05:30,3692.65,3693.3,3690.2,3691.3,1602,
2024-01-19 15:10:00+05:30,3690.85,3693.5,3690.2,3692.75,1064,
2024-01-19 15:11:00+05:30,3692.45,3692.75,3691.3,3691.4,701,
2024-01-19 15:12:00+05:30,3691.45,3692,3691.25,3692,909,
2024-01-19 15:13:00+05:30,3692,3695.55,3692,3693,1525,
2024-01-19 15:14:00+05:30,3692.75,3697.35,3692.75,3695.65,872,
2024-01-19 15:15:00+05:30,3696.2,3696.55,3693.05,3695.05,1774,
2024-01-19 15:16:00+05:30,3694.85,3697.25,3694.85,3695.95,1304,
2024-01-19 15:17:00+05:30,3696.6,3696.95,3694.55,3694.65,882,
2024-01-19 15:18:00+05:30,3694.6,3694.7,3692.05,3692.5,1714,
2024-01-19 15:19:00+05:30,3692.5,3693,3690,3692.2,2867,
2024-01-19 15:20:00+05:30,3692.5,3694.65,3692,3694.3,2111,
2024-01-19 15:21:00+05:30,3692,3694.35,3692,3693.15,728,
2024-01-19 15:22:00+05:30,3693.7,3694,3693.7,3693.85,647,
2024-01-19 15:23:00+05:30,3693.85,3693.85,3692.05,3692.55,1787,
2024-01-19 15:24:00+05:30,3692.55,3694.7,3692.5,3694.7,966,
2024-01-19 15:25:00+05:30,3694.75,3698.9,3694.15,3698.2,2523,
2024-01-19 15:26:00+05:30,3698.05,3698.5,3698.05,3698.4,1180,
2024-01-19 15:27:00+05:30,3698.4,3700,3698,3698,1692,
2024-01-19 15:28:00+05:30,3698.25,3698.5,3697,3697.1,1103,
2024-01-19 15:29:00+05:30,3697.1,3697.7,3686,3697,2167,
2024-01-20 09:15:00+05:30,3720,3727.65,3704.05,3711.85,3369,
2024-01-20 09:16:00+05:30,3711.55,3714.85,3706.05,3713.9,454,
2024-01-20 09:17:00+05:30,3713.9,3718.65,3711.5,3711.9,1348,
2024-01-20 09:18:00+05:30,3714.45,3716.7,3708.8,3716.45,1516,
2024-01-20 09:19:00+05:30,3714.2,3718.3,3714.2,3718.15,518,
2024-01-20 09:20:00+05:30,3714.85,3717.2,3710,3710.7,644,
2024-01-20 09:21:00+05:30,3710.7,3710.85,3707.45,3710.65,238,
2024-01-20 09:22:00+05:30,3709.8,3715.8,3705.05,3713.1,1776,
2024-01-20 09:23:00+05:30,3713.05,3714.1,3706.4,3708.65,603,
2024-01-20 09:24:00+05:30,3708.65,3711.5,3706.2,3711.5,125,
2024-01-20 09:25:00+05:30,3711.5,3711.5,3706,3706,302,
2024-01-20 09:26:00+05:30,3706.05,3706.15,3702.35,3704.95,376,
2024-01-20 09:27:00+05:30,3704.9,3704.95,3700,3702,562,
2024-01-20 09:28:00+05:30,3702,3703.35,3698,3698,537,
2024-01-20 09:29:00+05:30,3699.95,3700,3698,3699.65,282,
2024-01-20 09:30:00+05:30,3699.65,3701,3698.1,3700,244,
2024-01-20 09:31:00+05:30,3701,3701,3699,3701,76,
2024-01-20 09:32:00+05:30,3701.8,3702,3699.25,3702,912,
2024-01-20 09:33:00+05:30,3702,3702.8,3699.5,3700.3,324,
2024-01-20 09:34:00+05:30,3700.2,3701,3699.2,3699.2,67,
2024-01-20 09:35:00+05:30,3699.2,3702.2,3699.2,3702.2,75,
2024-01-20 09:36:00+05:30,3702.2,3702.2,3699.3,3701.85,135,
2024-01-20 09:37:00+05:30,3701.85,3704.3,3701.1,3704.3,100,
2024-01-20 09:38:00+05:30,3702,3704.3,3699.55,3699.55,163,
2024-01-20 09:39:00+05:30,3699.55,3702.5,3699.55,3699.95,150,
2024-01-20 09:40:00+05:30,3700,3701.7,3697.5,3700.85,685,
2024-01-20 09:41:00+05:30,3700.85,3701.8,3698.3,3700,103,
2024-01-20 09:42:00+05:30,3700,3702,3699.05,3701.55,247,
2024-01-20 09:43:00+05:30,3701.55,3701.55,3697.65,3699.9,128,
2024-01-20 09:44:00+05:30,3700,3700,3697.65,3699.95,198,
2024-01-20 09:45:00+05:30,3699.2,3699.2,3697,3697,87,
2024-01-20 09:46:00+05:30,3697,3697.9,3696.2,3696.2,59,
2024-01-20 09:47:00+05:30,3695,3696.95,3695,3696.95,358,
2024-01-20 09:48:00+05:30,3696.95,3696.95,3686.15,3689.4,845,
2024-01-20 09:49:00+05:30,3689.4,3689.4,3686.55,3688.95,336,
2024-01-20 09:50:00+05:30,3686.7,3688.35,3685,3685,476,
2024-01-20 09:51:00+05:30,3685,3688.85,3685,3688.8,120,
2024-01-20 09:52:00+05:30,3688.9,3689,3686.4,3689,119,
2024-01-20 09:53:00+05:30,3689.9,3689.9,3685.95,3689.25,506,
2024-01-20 09:54:00+05:30,3689.25,3690,3688,3690,216,
2024-01-20 09:55:00+05:30,3688.1,3690,3688,3690,232,
2024-01-20 09:56:00+05:30,3690,3691,3688.2,3689.7,172,
2024-01-20 09:57:00+05:30,3689.45,3695,3688.2,3691.3,172,
2024-01-20 09:58:00+05:30,3691.35,3693,3689.7,3693,227,
2024-01-20 09:59:00+05:30,3693,3693,3685,3688.95,180,
2024-01-20 10:00:00+05:30,3688.95,3690.8,3685,3689.7,730,
2024-01-20 10:01:00+05:30,3688.25,3689.35,3688.25,3689.35,102,
2024-01-20 10:02:00+05:30,3688.65,3690,3688,3688,103,
2024-01-20 10:03:00+05:30,3688,3690.8,3688,3690,456,
2024-01-20 10:04:00+05:30,3690,3690,3686,3686,29,
2024-01-20 10:05:00+05:30,3686,3687.7,3685,3686.5,147,
2024-01-20 10:06:00+05:30,3686.45,3688,3685.6,3685.75,142,
2024-01-20 10:07:00+05:30,3685.5,3685.6,3685,3685.5,257,
2024-01-20 10:08:00+05:30,3685.5,3687,3685.5,3685.5,103,
2024-01-20 10:09:00+05:30,3685.5,3686.95,3685.5,3686.95,75,
2024-01-20 10:10:00+05:30,3686.95,3686.95,3680,3680,833,
2024-01-20 10:11:00+05:30,3680,3680,3672.85,3672.85,1134,
2024-01-20 10:12:00+05:30,3674.85,3676.95,3672.85,3675.45,433,
2024-01-20 10:13:00+05:30,3675.45,3678.6,3675.45,3675.5,355,
2024-01-20 10:14:00+05:30,3675.45,3676.7,3673,3676.7,874,
2024-01-20 10:15:00+05:30,3676.7,3683.2,3676.7,3679.5,255,
2024-01-20 10:16:00+05:30,3679.5,3680.6,3675,3676,667,
2024-01-20 10:17:00+05:30,3676,3679.95,3676,3678,368,
2024-01-20 10:18:00+05:30,3678,3680.25,3678,3678.35,537,
2024-01-20 10:19:00+05:30,3679.95,3680,3676.05,3680,533,
2024-01-20 10:20:00+05:30,3680,3680,3678,3680,139,
2024-01-20 10:21:00+05:30,3678.35,3680.95,3678.25,3680.95,173,
2024-01-20 10:22:00+05:30,3680.95,3681.15,3679.7,3681.15,19,
2024-01-20 10:23:00+05:30,3681.15,3682.2,3679.55,3681.65,418,
2024-01-20 10:24:00+05:30,3681.65,3682.95,3679.45,3681.05,324,
2024-01-20 10:25:00+05:30,3681.05,3682.9,3680.75,3681.05,177,
2024-01-20 10:26:00+05:30,3681.05,3681.05,3679.5,3679.6,121,
2024-01-20 10:27:00+05:30,3679.6,3681.4,3679.6,3681.4,100,
2024-01-20 10:28:00+05:30,3681.4,3681.45,3681.3,3681.45,4,
2024-01-20 10:29:00+05:30,3681.45,3688,3681.45,3688,439,
2024-01-20 10:30:00+05:30,3688,3688,3687,3687.95,269,
2024-01-20 10:31:00+05:30,3687.95,3688.95,3685,3686.25,307,
2024-01-20 10:32:00+05:30,3687.85,3687.9,3686,3687.05,219,
2024-01-20 10:33:00+05:30,3687.05,3687.05,3685,3685,56,
2024-01-20 10:34:00+05:30,3685,3686.95,3685,3685,17,
2024-01-20 10:35:00+05:30,3685,3686.95,3685,3686.9,132,
2024-01-20 10:36:00+05:30,3686.9,3686.9,3685,3685,72,
2024-01-20 10:37:00+05:30,3685,3685.15,3683.2,3683.2,253,
2024-01-20 10:38:00+05:30,3683.2,3685.15,3682.4,3683.35,122,
2024-01-20 10:39:00+05:30,3683.35,3683.9,3682.35,3682.4,52,
2024-01-20 10:40:00+05:30,3683,3687,3683,3685.8,139,
2024-01-20 10:41:00+05:30,3685.65,3686.7,3684.2,3686.7,37,
2024-01-20 10:42:00+05:30,3686.7,3687,3685.1,3686,32,
2024-01-20 10:43:00+05:30,3686,3687,3685.25,3687,99,
2024-01-20 10:44:00+05:30,3685.2,3687.05,3685.2,3687.05,20,
2024-01-20 10:45:00+05:30,3687.05,3693.7,3687.05,3693.7,52,
2024-01-20 10:46:00+05:30,3692.65,3694.95,3691.5,3694.6,816,
2024-01-20 10:47:00+05:30,3694.6,3694.7,3691.2,3692,204,
2024-01-20 10:48:00+05:30,3692,3692,3690.6,3692,30,
2024-01-20 10:49:00+05:30,3690.6,3692,3690,3690,101,
2024-01-20 10:50:00+05:30,3690,3692,3690,3692,32,
2024-01-20 10:51:00+05:30,3692,3692,3690.6,3690.6,20,
2024-01-20 10:52:00+05:30,3690.6,3692,3689.75,3692,243,
2024-01-20 10:53:00+05:30,3692,3692,3690,3690,22,
2024-01-20 10:54:00+05:30,3690,3691.35,3689.15,3691,57,
2024-01-20 10:55:00+05:30,3691,3691,3689.75,3691,12,
2024-01-20 10:56:00+05:30,3691,3691,3690,3690,16,
2024-01-20 10:57:00+05:30,3690,3690,3689,3690,215,
2024-01-20 10:58:00+05:30,3690,3690,3689.95,3689.95,71,
2024-01-20 10:59:00+05:30,3689.95,3689.95,3689.3,3689.95,7,
2024-01-20 11:00:00+05:30,3689.95,3689.95,3689,3689,69,
2024-01-20 11:01:00+05:30,3689,3691.15,3689,3689,138,
2024-01-20 11:02:00+05:30,3689,3691.5,3689,3689.05,142,
2024-01-20 11:03:00+05:30,3689.05,3691.5,3689.05,3689.6,10,
2024-01-20 11:04:00+05:30,3689.6,3692.95,3689.6,3692.95,23,
2024-01-20 11:05:00+05:30,3692.95,3692.95,3691,3692.85,162,
2024-01-20 11:06:00+05:30,3691.4,3693.95,3691.15,3691.9,117,
2024-01-20 11:07:00+05:30,3691.9,3693.8,3691.85,3691.85,46,
2024-01-20 11:08:00+05:30,3691.85,3694,3691.25,3694,183,
2024-01-20 11:09:00+05:30,3694,3694,3692,3693.95,225,
2024-01-20 11:10:00+05:30,3693.95,3694,3690.2,3690.2,55,
2024-01-20 11:11:00+05:30,3691.15,3691.15,3689.8,3689.8,174,
2024-01-20 11:12:00+05:30,3689.8,3692.85,3689.8,3692.8,24,
2024-01-20 11:13:00+05:30,3692.75,3692.9,3690.75,3692.8,24,
2024-01-20 11:14:00+05:30,3692.8,3697,3692.8,3697,368,
2024-01-20 11:15:00+05:30,3697,3698,3696.4,3697.35,219,
2024-01-20 11:16:00+05:30,3697.35,3697.35,3696.35,3696.35,85,
2024-01-20 11:17:00+05:30,3696.35,3699.9,3696.3,3697.95,668,
2024-01-20 11:18:00+05:30,3697.95,3698.05,3696,3697.6,26,
2024-01-20 11:19:00+05:30,3697.6,3698.4,3696.5,3697.4,27,
2024-01-20 11:20:00+05:30,3697.4,3697.85,3695.75,3697.45,74,
2024-01-20 11:21:00+05:30,3697.45,3697.55,3695.95,3695.95,75,
2024-01-20 11:22:00+05:30,3695.95,3698.65,3695.95,3698.3,360,
2024-01-20 11:23:00+05:30,3698.3,3698.3,3697.1,3698.25,84,
2024-01-20 11:24:00+05:30,3698.25,3699.7,3696.8,3699.7,132,
2024-01-20 11:25:00+05:30,3699.7,3700,3697.95,3700,304,
2024-01-20 11:26:00+05:30,3700,3700,3698.45,3698.55,141,
2024-01-20 11:27:00+05:30,3698.55,3699.85,3698.55,3699.85,50,
2024-01-20 11:28:00+05:30,3699.85,3700,3699.65,3700,100,
2024-01-20 11:29:00+05:30,3700,3700,3697,3699.85,265,
2024-01-20 11:30:00+05:30,3696.05,3700,3696.05,3697.6,324,
2024-01-20 11:31:00+05:30,3697.6,3700,3697.6,3699.9,154,
2024-01-20 11:32:00+05:30,3699.9,3700,3697.75,3699.8,158,
2024-01-20 11:33:00+05:30,3699.9,3699.9,3696,3698,132,
2024-01-20 11:34:00+05:30,3698,3698,3697.55,3697.55,19,
2024-01-20 11:35:00+05:30,3697.55,3698,3695.1,3696.95,96,
2024-01-20 11:36:00+05:30,3696.95,3696.95,3693.9,3693.9,53,
2024-01-20 11:37:00+05:30,3693.9,3694.4,3692,3692.25,151,
2024-01-20 11:38:00+05:30,3692.25,3694.4,3692.05,3692.65,60,
2024-01-20 11:39:00+05:30,3692.65,3694.45,3690.75,3692.7,425,
2024-01-20 11:40:00+05:30,3692.7,3692.95,3690.4,3692.8,122,
2024-01-20 11:41:00+05:30,3692.8,3693.9,3690.6,3692.65,526,
2024-01-20 11:42:00+05:30,3692.65,3693.6,3690.3,3690.3,124,
2024-01-20 11:43:00+05:30,3692.85,3693.9,3690.6,3691.1,215,
2024-01-20 11:44:00+05:30,3691.15,3692.8,3690.75,3692.8,19,
2024-01-20 11:45:00+05:30,3692.8,3693.25,3692.8,3693.25,3,
2024-01-20 11:46:00+05:30,3693.25,3693.25,3690.75,3692.3,38,
2024-01-20 11:47:00+05:30,3692.3,3693.85,3689.2,3689.2,265,
2024-01-20 11:48:00+05:30,3689.2,3689.2,3689,3689,26,
2024-01-20 11:49:00+05:30,3689,3689,3680,3682.5,2013,
2024-01-20 11:50:00+05:30,3682.5,3682.7,3681.9,3682.7,274,
2024-01-20 11:51:00+05:30,3682.7,3684,3682.7,3682.7,54,
2024-01-20 11:52:00+05:30,3682.7,3684,3682.7,3684,26,
2024-01-20 11:53:00+05:30,3684,3684.9,3684,3684.45,71,
2024-01-20 11:54:00+05:30,3684.45,3684.45,3680,3682.3,1159,
2024-01-20 11:55:00+05:30,3682.3,3682.3,3679.95,3681.45,49,
2024-01-20 11:56:00+05:30,3681.45,3681.95,3680,3681.95,19,
2024-01-20 11:57:00+05:30,3681.95,3681.95,3680,3680,146,
2024-01-20 11:58:00+05:30,3680,3682.9,3680,3680.85,103,
2024-01-20 11:59:00+05:30,3682.8,3682.8,3680.05,3682,104,
2024-01-20 12:00:00+05:30,3682,3682.45,3680,3682.45,225,
2024-01-20 12:01:00+05:30,3680.4,3681.95,3680,3680,71,
2024-01-20 12:02:00+05:30,3680,3682.5,3680,3682.5,139,
2024-01-20 12:03:00+05:30,3682.5,3684.8,3682.5,3682.55,22,
2024-01-20 12:04:00+05:30,3682.55,3685.45,3682.55,3684.85,342,
2024-01-20 12:05:00+05:30,3681.4,3683.2,3680.7,3681.45,477,
2024-01-20 12:06:00+05:30,3681.45,3683.8,3681.45,3681.45,52,
2024-01-20 12:07:00+05:30,3681.45,3684.9,3681.45,3684.9,80,
2024-01-20 12:08:00+05:30,3684.9,3684.9,3683.95,3684.85,134,
2024-01-20 12:09:00+05:30,3684.85,3684.95,3684,3684.95,235,
2024-01-20 12:10:00+05:30,3684.95,3685.3,3684,3685.3,61,
2024-01-20 12:11:00+05:30,3685.3,3685.3,3684.05,3684.05,49,
2024-01-20 12:12:00+05:30,3684.05,3685.6,3684,3685.55,258,
2024-01-20 12:13:00+05:30,3685.55,3685.95,3685.55,3685.95,3,
2024-01-20 12:14:00+05:30,3685.95,3685.95,3684.65,3685.95,28,
2024-01-20 12:15:00+05:30,3685.95,3687.25,3685,3685.05,274,
2024-01-20 12:16:00+05:30,3685.05,3687.2,3685.05,3687.15,1018,
2024-01-20 12:17:00+05:30,3688.95,3691.8,3688.95,3691.8,240,
2024-01-20 12:18:00+05:30,3691.8,3693.35,3690,3690,579,
2024-01-20 12:19:00+05:30,3690,3690.5,3690,3690,61,
2024-01-20 12:20:00+05:30,3690,3691.7,3690,3690,7,
2024-01-20 12:21:00+05:30,3690,3692,3690,3690,258,
2024-01-20 12:22:00+05:30,3690,3690,3690,3690,21,
2024-01-20 12:23:00+05:30,3690,3690,3690,3690,2,
2024-01-20 12:24:00+05:30,3690,3690.7,3690,3690.7,74,
2024-01-20 12:25:00+05:30,3690.7,3690.7,3685.1,3685.1,196,
2024-01-20 12:26:00+05:30,3685.1,3687.55,3684.9,3684.9,18,
2024-01-20 12:27:00+05:30,3684.9,3687,3684.9,3686.95,76,
2024-01-20 12:28:00+05:30,3686.95,3687.5,3685.25,3687.5,32,
2024-01-20 12:29:00+05:30,3687.5,3687.5,3685,3686.85,92,
2024-01-20 12:30:00+05:30,3686.85,3686.85,3684.3,3686.75,140,
2024-01-20 12:31:00+05:30,3686.75,3686.75,3685.05,3686.75,16,
2024-01-20 12:32:00+05:30,3686.75,3686.75,3686.75,3686.75,27,
2024-01-20 12:33:00+05:30,3686.75,3686.9,3685.15,3686.9,21,
2024-01-20 12:34:00+05:30,3686.9,3686.9,3686.1,3686.8,61,
2024-01-20 12:35:00+05:30,3686.8,3686.8,3681.1,3681.2,492,
2024-01-20 12:36:00+05:30,3681.2,3682.65,3681,3682.6,34,
2024-01-20 12:37:00+05:30,3682.6,3682.6,3682.55,3682.55,2,
2024-01-20 12:38:00+05:30,3682.55,3682.55,3680.6,3680.7,66,
2024-01-20 12:39:00+05:30,3680.7,3682.55,3680.7,3682.55,108,
2024-01-20 12:40:00+05:30,3682.55,3682.6,3682.3,3682.4,10,
2024-01-20 12:41:00+05:30,3682.4,3682.6,3680.05,3682.6,233,
2024-01-20 12:42:00+05:30,3682.6,3684.7,3682.6,3682.7,236,
2024-01-20 12:43:00+05:30,3682.7,3684.6,3682.7,3682.75,7,
2024-01-20 12:44:00+05:30,3682.75,3687.4,3682.75,3685,435,
2024-01-20 12:45:00+05:30,3687.95,3690.95,3687.15,3690.95,1164,
2024-01-20 12:46:00+05:30,3690.95,3690.95,3688.4,3688.4,30,
2024-01-20 12:47:00+05:30,3688.4,3690.4,3686.55,3690.35,203,
2024-01-20 12:48:00+05:30,3690.35,3690.35,3688.55,3690,33,
2024-01-20 12:49:00+05:30,3690,3690.3,3688.6,3690.25,8,
2024-01-20 12:50:00+05:30,3690.25,3690.25,3688.55,3689.5,37,
2024-01-20 12:51:00+05:30,3689.5,3689.95,3688.05,3688.1,26,
2024-01-20 12:52:00+05:30,3688.05,3688.05,3688.05,3688.05,66,
2024-01-20 12:53:00+05:30,3688.05,3689.25,3686.05,3687.75,459,
2024-01-20 12:54:00+05:30,3687.75,3687.95,3684.6,3685.8,224,
2024-01-20 12:55:00+05:30,3685.6,3686.55,3685.6,3686.55,10,
2024-01-20 12:56:00+05:30,3686.55,3686.55,3681.45,3683.95,492,
2024-01-20 12:57:00+05:30,3683.95,3683.95,3681,3681.7,198,
2024-01-20 12:58:00+05:30,3681.7,3684.85,3681.7,3684.85,65,
2024-01-20 12:59:00+05:30,3684.85,3685.55,3684.45,3684.5,103,
2024-01-20 13:00:00+05:30,3684.5,3684.5,3682.55,3683.05,33,
2024-01-20 13:01:00+05:30,3683.05,3683.05,3681.85,3682.6,67,
2024-01-20 13:02:00+05:30,3682.6,3684.3,3682.35,3684,12,
2024-01-20 13:03:00+05:30,3681.8,3684.35,3681.8,3684.25,58,
2024-01-20 13:04:00+05:30,3684.25,3684.25,3681.15,3681.15,63,
2024-01-20 13:05:00+05:30,3681.15,3684.15,3680.1,3683,1111,
2024-01-20 13:06:00+05:30,3683,3683,3679.6,3680.25,34,
2024-01-20 13:07:00+05:30,3681.5,3682.2,3680.05,3680.05,45,
2024-01-20 13:08:00+05:30,3680.05,3680.3,3680.05,3680.1,89,
2024-01-20 13:09:00+05:30,3680.05,3681.95,3680,3680.05,58,
2024-01-20 13:10:00+05:30,3680.05,3682,3680,3681,172,
2024-01-20 13:11:00+05:30,3682,3683.15,3682,3683.15,103,
2024-01-20 13:12:00+05:30,3683.15,3683.15,3681.2,3683.05,160,
2024-01-20 13:13:00+05:30,3683.05,3683.05,3678.6,3681.9,415,
2024-01-20 13:14:00+05:30,3681.9,3682.35,3680.25,3680.4,52,
2024-01-20 13:15:00+05:30,3680.4,3682.35,3680.05,3682.35,34,
2024-01-20 13:16:00+05:30,3682.35,3682.35,3680.2,3682.15,46,
2024-01-20 13:17:00+05:30,3680.1,3682.35,3680.1,3682.35,15,
2024-01-20 13:18:00+05:30,3682.35,3683.15,3681,3683.1,13,
2024-01-20 13:19:00+05:30,3683.1,3683.15,3682.6,3682.7,14,
2024-01-20 13:20:00+05:30,3682.7,3683.1,3682.15,3683.1,52,
2024-01-20 13:21:00+05:30,3683.1,3683.1,3683,3683,117,
2024-01-20 13:22:00+05:30,3683,3683.15,3681.2,3683.15,45,
2024-01-20 13:23:00+05:30,3683.15,3683.15,3681.05,3681.05,22,
2024-01-20 13:24:00+05:30,3681.05,3683.3,3681.05,3681.5,252,
2024-01-20 13:25:00+05:30,3681.5,3681.5,3681.5,3681.5,2,
2024-01-20 13:26:00+05:30,3681.5,3683.3,3681.5,3683.25,123,
2024-01-20 13:27:00+05:30,3683.25,3685,3682.55,3685,336,
2024-01-20 13:28:00+05:30,3685,3687.3,3685,3686.2,253,
2024-01-20 13:29:00+05:30,3686.2,3686.25,3685,3685.05,73,
2024-01-20 13:30:00+05:30,3686.5,3686.5,3685,3686.45,129,
2024-01-20 13:31:00+05:30,3686.45,3686.45,3686.4,3686.4,58,
2024-01-20 13:32:00+05:30,3686,3686,3684.55,3684.55,57,
2024-01-20 13:33:00+05:30,3684.55,3684.95,3684.55,3684.95,3,
2024-01-20 13:34:00+05:30,3684.95,3685.05,3684.95,3685.05,30,
2024-01-20 13:35:00+05:30,3685.05,3685.05,3685,3685,15,
2024-01-20 13:36:00+05:30,3685,3686,3685,3686,5,
2024-01-20 13:37:00+05:30,3686,3686,3685,3685,15,
2024-01-20 13:38:00+05:30,3685,3685.65,3684,3685.65,200,
2024-01-20 13:39:00+05:30,3685.65,3685.85,3685.65,3685.85,6,
2024-01-20 13:40:00+05:30,3685.85,3685.85,3685,3685.85,10,
2024-01-20 13:41:00+05:30,3686,3686,3683.5,3684.9,216,
2024-01-20 13:42:00+05:30,3684.9,3685.3,3683.05,3683.05,47,
2024-01-20 13:43:00+05:30,3683.05,3684.4,3683,3683,111,
2024-01-20 13:44:00+05:30,3683,3683.05,3682.05,3682.5,259,
2024-01-20 13:45:00+05:30,3682.5,3682.55,3681.8,3681.8,34,
2024-01-20 13:46:00+05:30,3681.8,3682.05,3681.8,3682,42,
2024-01-20 13:47:00+05:30,3682,3682.5,3682,3682,88,
2024-01-20 13:48:00+05:30,3681.45,3682.45,3680.65,3680.95,79,
2024-01-20 13:49:00+05:30,3681.35,3681.35,3680.1,3681.35,39,
2024-01-20 13:50:00+05:30,3681.35,3681.35,3680,3680,38,
2024-01-20 13:51:00+05:30,3680,3681.35,3680,3680.25,163,
2024-01-20 13:52:00+05:30,3680.25,3681.35,3680.2,3681,55,
2024-01-20 13:53:00+05:30,3681,3681,3680.3,3681,93,
2024-01-20 13:54:00+05:30,3681,3682.5,3681,3681.05,237,
2024-01-20 13:55:00+05:30,3681.05,3681.5,3680.9,3681.5,36,
2024-01-20 13:56:00+05:30,3681.5,3683.3,3681.1,3681.7,97,
2024-01-20 13:57:00+05:30,3681.7,3683.85,3681.2,3681.25,32,
2024-01-20 13:58:00+05:30,3681.25,3683.3,3681.25,3683.15,54,
2024-01-20 13:59:00+05:30,3683.15,3684.6,3683.15,3683.2,139,
2024-01-20 14:00:00+05:30,3683.2,3683.25,3681.2,3682,943,
2024-01-20 14:01:00+05:30,3681.1,3682,3677.2,3678.25,1000,
2024-01-20 14:02:00+05:30,3678.25,3679.1,3676.15,3677.35,374,
2024-01-20 14:03:00+05:30,3677.35,3678.95,3676.4,3677.1,177,
2024-01-20 14:04:00+05:30,3677.1,3678.55,3677.1,3677.1,83,
2024-01-20 14:05:00+05:30,3677.1,3677.15,3676.2,3676.2,49,
2024-01-20 14:06:00+05:30,3676.2,3677,3676.05,3676.05,57,
2024-01-20 14:07:00+05:30,3676.05,3677,3675.2,3675.2,106,
2024-01-20 14:08:00+05:30,3675.2,3675.25,3675,3675,248,
2024-01-20 14:09:00+05:30,3675,3676.4,3675,3675,183,
2024-01-20 14:10:00+05:30,3675,3676.4,3674,3674,457,
2024-01-20 14:11:00+05:30,3674,3675,3674,3674,53,
2024-01-20 14:12:00+05:30,3674,3675,3673.25,3673.25,104,
2024-01-20 14:13:00+05:30,3673.25,3674.95,3672,3672,162,
2024-01-20 14:14:00+05:30,3672.75,3674.95,3671.75,3672.15,662,
2024-01-20 14:15:00+05:30,3672.15,3672.85,3671,3671,438,
2024-01-20 14:16:00+05:30,3672.15,3672.15,3671,3671.05,211,
2024-01-20 14:17:00+05:30,3670,3671,3666.65,3666.65,1437,
2024-01-20 14:18:00+05:30,3666.4,3669.05,3665.2,3667.1,672,
2024-01-20 14:19:00+05:30,3666.35,3670.9,3666.15,3668.95,607,
2024-01-20 14:20:00+05:30,3668.95,3668.95,3666.6,3666.75,303,
2024-01-20 14:21:00+05:30,3666.8,3668.25,3666.8,3666.8,234,
2024-01-20 14:22:00+05:30,3666.8,3669.2,3666.8,3668,282,
2024-01-20 14:23:00+05:30,3668.5,3669,3666.1,3668.15,241,
2024-01-20 14:24:00+05:30,3666.45,3669,3666.35,3668,282,
2024-01-20 14:25:00+05:30,3667.95,3670.45,3666.8,3668.65,205,
2024-01-20 14:26:00+05:30,3668.45,3672,3667.45,3668.1,937,
2024-01-20 14:27:00+05:30,3668.1,3671,3668.1,3669.2,183,
2024-01-20 14:28:00+05:30,3669.5,3671,3669.05,3669.05,217,
2024-01-20 14:29:00+05:30,3669.05,3670.95,3669,3669,426,
2024-01-20 14:30:00+05:30,3668.05,3669.1,3667.15,3667.5,116,
2024-01-20 14:31:00+05:30,3667.35,3670,3667.35,3669.95,206,
2024-01-20 14:32:00+05:30,3668.35,3670,3668.35,3668.75,102,
2024-01-20 14:33:00+05:30,3668.75,3671.6,3668.75,3669.8,278,
2024-01-20 14:34:00+05:30,3670,3671.75,3670,3670.25,363,
2024-01-20 14:35:00+05:30,3670.45,3672,3670.15,3670.8,615,
2024-01-20 14:36:00+05:30,3670.75,3671.85,3668.25,3668.25,837,
2024-01-20 14:37:00+05:30,3668.45,3670,3666.8,3667.05,633,
2024-01-20 14:38:00+05:30,3667.05,3669.45,3666.7,3667.1,377,
2024-01-20 14:39:00+05:30,3667.05,3668.8,3666.7,3667,281,
2024-01-20 14:40:00+05:30,3668.5,3669.75,3666.95,3666.95,796,
2024-01-20 14:41:00+05:30,3667,3669.05,3666.45,3666.5,448,
2024-01-20 14:42:00+05:30,3666.5,3668,3666.5,3666.5,415,
2024-01-20 14:43:00+05:30,3666.5,3668.1,3665.05,3665.05,599,
2024-01-20 14:44:00+05:30,3665.05,3667.25,3665,3665.05,414,
2024-01-20 14:45:00+05:30,3665,3666.95,3664.6,3664.6,663,
2024-01-20 14:46:00+05:30,3664.55,3667.9,3664.35,3665.15,706,
2024-01-20 14:47:00+05:30,3665.2,3665.2,3665.1,3665.15,739,
2024-01-20 14:48:00+05:30,3665.15,3665.15,3663.25,3663.4,483,
2024-01-20 14:49:00+05:30,3663.4,3666,3661.95,3661.95,686,
2024-01-20 14:50:00+05:30,3661.75,3662.3,3657.2,3657.2,1241,
2024-01-20 14:51:00+05:30,3657.2,3658,3652.25,3653.5,1078,
2024-01-20 14:52:00+05:30,3652.25,3654.2,3647.95,3649.05,2019,
2024-01-20 14:53:00+05:30,3649.05,3650,3646,3649,922,
2024-01-20 14:54:00+05:30,3649,3652.15,3647.45,3652,860,
2024-01-20 14:55:00+05:30,3652,3654.75,3650.05,3652.05,706,
2024-01-20 14:56:00+05:30,3651.8,3656.85,3651.1,3653.5,383,
2024-01-20 14:57:00+05:30,3653.55,3655.25,3651.8,3652.9,974,
2024-01-20 14:58:00+05:30,3652,3653,3650,3652.1,433,
2024-01-20 14:59:00+05:30,3652.1,3652.2,3649,3649.2,457,
2024-01-20 15:00:00+05:30,3649.5,3650,3647.5,3648.7,324,
2024-01-20 15:01:00+05:30,3648.7,3648.95,3647,3648,548,
2024-01-20 15:02:00+05:30,3648.5,3648.5,3640,3643.3,1744,
2024-01-20 15:03:00+05:30,3643.3,3644.2,3637.05,3642,1022,
2024-01-20 15:04:00+05:30,3642.95,3643.5,3640.05,3641.15,1792,
2024-01-20 15:05:00+05:30,3642.35,3648.75,3642.3,3648,1284,
2024-01-20 15:06:00+05:30,3648,3649.45,3646.85,3648.95,372,
2024-01-20 15:07:00+05:30,3648.95,3649.5,3646,3646.15,466,
2024-01-20 15:08:00+05:30,3646.15,3648,3646.1,3648,317,
2024-01-20 15:09:00+05:30,3648,3656.9,3647.05,3656.25,2044,
2024-01-20 15:10:00+05:30,3654.5,3657,3653.2,3653.3,210,
2024-01-20 15:11:00+05:30,3653.3,3656,3653.3,3654.1,218,
2024-01-20 15:12:00+05:30,3654.1,3654.95,3651,3653.6,479,
2024-01-20 15:13:00+05:30,3651.6,3653.75,3650.45,3653.5,472,
2024-01-20 15:14:00+05:30,3653.5,3653.5,3650.4,3652.6,498,
2024-01-20 15:15:00+05:30,3652.6,3655.3,3651.05,3654.4,702,
2024-01-20 15:16:00+05:30,3653.25,3654.45,3651,3652.05,852,
2024-01-20 15:17:00+05:30,3652.05,3656,3652.05,3654.4,333,
2024-01-20 15:18:00+05:30,3654.45,3655,3650.8,3654,1191,
2024-01-20 15:19:00+05:30,3654,3654,3651.7,3653.1,362,
2024-01-20 15:20:00+05:30,3652,3655.85,3650,3653.75,1213,
2024-01-20 15:21:00+05:30,3650.6,3654.55,3650.1,3652.6,257,
2024-01-20 15:22:00+05:30,3652.6,3653.45,3650.05,3653.4,285,
2024-01-20 15:23:00+05:30,3653.4,3654.1,3651.05,3654.1,336,
2024-01-20 15:24:00+05:30,3654.1,3654.5,3653.6,3653.6,404,
2024-01-20 15:25:00+05:30,3654,3654,3652.25,3653.85,330,
2024-01-20 15:26:00+05:30,3653.85,3654,3652.2,3653,238,
2024-01-20 15:27:00+05:30,3653,3653.95,3652,3652.9,213,
2024-01-20 15:28:00+05:30,3652.9,3653.8,3648.75,3651,1059,
2024-01-20 15:29:00+05:30,3651,3656,3645,3656,1214,
2024-01-23 09:15:00+05:30,3700,3700,3665.05,3681.8,3469,
2024-01-23 09:16:00+05:30,3682.35,3686.95,3673.8,3676.75,2899,
2024-01-23 09:17:00+05:30,3675.6,3675.6,3656,3664.1,7927,
2024-01-23 09:18:00+05:30,3664.1,3683.95,3664.1,3677.3,3182,
2024-01-23 09:19:00+05:30,3677.3,3681.45,3675.2,3679.55,1406,
2024-01-23 09:20:00+05:30,3681,3686.75,3679.2,3685.75,968,
2024-01-23 09:21:00+05:30,3685.75,3690,3682.05,3682.25,1162,
2024-01-23 09:22:00+05:30,3685.3,3692.95,3684.5,3689.15,1396,
2024-01-23 09:23:00+05:30,3689.15,3691.65,3682.25,3685.5,1456,
2024-01-23 09:24:00+05:30,3683.15,3686.4,3675.1,3677.55,2270,
2024-01-23 09:25:00+05:30,3677.55,3680,3667.4,3668.9,3530,
2024-01-23 09:26:00+05:30,3668.9,3674.5,3668.15,3668.3,928,
2024-01-23 09:27:00+05:30,3668.15,3671.55,3664.25,3665.85,946,
2024-01-23 09:28:00+05:30,3666.05,3666.05,3663,3666,181,
2024-01-23 09:29:00+05:30,3666,3668.8,3664,3667.4,590,
2024-01-23 09:30:00+05:30,3666.35,3674.7,3666.35,3673.2,571,
2024-01-23 09:31:00+05:30,3673.2,3678.3,3670.35,3676.2,2723,
2024-01-23 09:32:00+05:30,3675.7,3677.65,3671.7,3674.6,1191,
2024-01-23 09:33:00+05:30,3673.1,3680.95,3672.1,3679.2,1784,
2024-01-23 09:34:00+05:30,3679.2,3685.7,3677.05,3680,740,
2024-01-23 09:35:00+05:30,3678.5,3680,3678.05,3678.5,570,
2024-01-23 09:36:00+05:30,3678.5,3684,3677.15,3682.6,854,
2024-01-23 09:37:00+05:30,3682.25,3683.95,3675.1,3675.1,1313,
2024-01-23 09:38:00+05:30,3675.1,3678,3667,3667.45,2380,
2024-01-23 09:39:00+05:30,3667.45,3674.7,3664.2,3673.55,550,
2024-01-23 09:40:00+05:30,3673.55,3677.9,3670.55,3675.9,520,
2024-01-23 09:41:00+05:30,3676.95,3677.95,3670.5,3675.35,798,
2024-01-23 09:42:00+05:30,3675.35,3678.3,3674.05,3674.05,555,
2024-01-23 09:43:00+05:30,3671.75,3678.25,3670.85,3678.1,1256,
2024-01-23 09:44:00+05:30,3678.1,3678.1,3674.5,3675.2,341,
2024-01-23 09:45:00+05:30,3675.2,3677.95,3675.2,3675.75,175,
2024-01-23 09:46:00+05:30,3675.75,3676.9,3673.25,3675.65,169,
2024-01-23 09:47:00+05:30,3676.85,3678.3,3675.25,3677.9,427,
2024-01-23 09:48:00+05:30,3677.9,3678,3673.15,3675,750,
2024-01-23 09:49:00+05:30,3675,3675.85,3671.05,3671.05,1112,
2024-01-23 09:50:00+05:30,3671.05,3672.75,3668.3,3669.15,1875,
2024-01-23 09:51:00+05:30,3669.15,3674.95,3669.15,3673,723,
2024-01-23 09:52:00+05:30,3672,3673.9,3668.7,3668.7,663,
2024-01-23 09:53:00+05:30,3668.7,3673.15,3668.7,3672.45,128,
2024-01-23 09:54:00+05:30,3672.45,3675,3671.1,3675,1216,
2024-01-23 09:55:00+05:30,3675,3678.6,3674.95,3675.25,709,
2024-01-23 09:56:00+05:30,3675.25,3678.6,3675.25,3678.1,544,
2024-01-23 09:57:00+05:30,3677.55,3679.9,3673.25,3673.25,1370,
2024-01-23 09:58:00+05:30,3673.2,3674.65,3671.65,3673.95,316,
2024-01-23 09:59:00+05:30,3673.95,3673.95,3666.85,3669.05,522,
2024-01-23 10:00:00+05:30,3669.05,3671.3,3667,3667,251,
2024-01-23 10:01:00+05:30,3667,3667,3661.2,3662.5,1469,
2024-01-23 10:02:00+05:30,3662.5,3663.2,3658.05,3658.2,1099,
2024-01-23 10:03:00+05:30,3658.2,3664,3658.2,3663.1,407,
2024-01-23 10:04:00+05:30,3663.1,3668.6,3663.1,3664.75,241,
2024-01-23 10:05:00+05:30,3664.75,3666.85,3660.6,3666.85,1148,
2024-01-23 10:06:00+05:30,3666.85,3666.85,3658.65,3659.3,471,
2024-01-23 10:07:00+05:30,3659.3,3659.3,3653.35,3657.35,568,
2024-01-23 10:08:00+05:30,3657.35,3664.75,3657.35,3662.8,975,
2024-01-23 10:09:00+05:30,3662.8,3663.05,3661.05,3661.2,281,
2024-01-23 10:10:00+05:30,3661.2,3661.95,3652.45,3657.3,570,
2024-01-23 10:11:00+05:30,3657.35,3660.95,3657.15,3657.25,371,
2024-01-23 10:12:00+05:30,3657.25,3663.95,3657.25,3663.65,1138,
2024-01-23 10:13:00+05:30,3662.65,3666.6,3662.65,3665.1,1483,
2024-01-23 10:14:00+05:30,3665.1,3668.2,3665,3665.05,1044,
2024-01-23 10:15:00+05:30,3666.15,3669,3664.2,3667.9,1042,
2024-01-23 10:16:00+05:30,3666,3669.35,3665.55,3668.45,362,
2024-01-23 10:17:00+05:30,3666.25,3668.6,3665,3665.1,1015,
2024-01-23 10:18:00+05:30,3665.1,3665.95,3661.25,3663.15,297,
2024-01-23 10:19:00+05:30,3661.3,3665,3658.6,3664.2,1494,
2024-01-23 10:20:00+05:30,3664.2,3665.95,3660.6,3665.55,339,
2024-01-23 10:21:00+05:30,3665.55,3667.7,3661,3661.85,816,
2024-01-23 10:22:00+05:30,3661.15,3664.75,3660.05,3660.25,282,
2024-01-23 10:23:00+05:30,3662.3,3662.7,3652.5,3654.5,1174,
2024-01-23 10:24:00+05:30,3654.4,3654.75,3648,3651.6,2504,
2024-01-23 10:25:00+05:30,3651.6,3652,3646.6,3651.25,1063,
2024-01-23 10:26:00+05:30,3652,3652.25,3648.35,3649.3,749,
2024-01-23 10:27:00+05:30,3649.3,3656.5,3649.1,3652.9,457,
2024-01-23 10:28:00+05:30,3652.9,3655.4,3652.9,3655.4,214,
2024-01-23 10:29:00+05:30,3655.4,3656,3650.6,3650.6,547,
2024-01-23 10:30:00+05:30,3650,3652,3649.1,3650.3,232,
2024-01-23 10:31:00+05:30,3650.95,3653.8,3650.05,3653.8,113,
2024-01-23 10:32:00+05:30,3653.8,3661,3650.8,3659.8,446,
2024-01-23 10:33:00+05:30,3659.8,3666.95,3659.25,3661.1,1429,
2024-01-23 10:34:00+05:30,3661.1,3661.15,3655.55,3661.05,365,
2024-01-23 10:35:00+05:30,3660.9,3664.4,3659.05,3664.25,197,
2024-01-23 10:36:00+05:30,3663.65,3665,3659.6,3662.95,158,
2024-01-23 10:37:00+05:30,3662.95,3664.25,3659.05,3659.55,273,
2024-01-23 10:38:00+05:30,3659.55,3659.55,3657,3657.2,325,
2024-01-23 10:39:00+05:30,3658.5,3659.9,3656,3657.4,204,
2024-01-23 10:40:00+05:30,3656,3658.5,3651.15,3651.15,630,
2024-01-23 10:41:00+05:30,3651.15,3654.35,3646.1,3646.1,1002,
2024-01-23 10:42:00+05:30,3646.7,3652.7,3646.7,3650.9,246,
2024-01-23 10:43:00+05:30,3650.9,3652.05,3646,3647.95,277,
2024-01-23 10:44:00+05:30,3647.45,3649.15,3645.25,3645.25,704,
2024-01-23 10:45:00+05:30,3645.25,3650.05,3641.5,3650,740,
2024-01-23 10:46:00+05:30,3648.35,3650,3642.7,3645.7,379,
2024-01-23 10:47:00+05:30,3645.7,3648.3,3641.5,3642,914,
2024-01-23 10:48:00+05:30,3642,3642.6,3638.5,3640.95,959,
2024-01-23 10:49:00+05:30,3640.95,3649.5,3640,3642.9,1167,
2024-01-23 10:50:00+05:30,3642.9,3645,3641.1,3642.45,1984,
2024-01-23 10:51:00+05:30,3642.45,3648,3642.45,3647,251,
2024-01-23 10:52:00+05:30,3647,3651.55,3643.8,3651.55,485,
2024-01-23 10:53:00+05:30,3651.55,3656.35,3650,3650.35,667,
2024-01-23 10:54:00+05:30,3650.35,3653.15,3650.35,3653.15,73,
2024-01-23 10:55:00+05:30,3653.15,3658.2,3652.05,3655,572,
2024-01-23 10:56:00+05:30,3655,3655.95,3650.6,3651.95,562,
2024-01-23 10:57:00+05:30,3650.6,3657.3,3650.6,3656.4,182,
2024-01-23 10:58:00+05:30,3656.4,3660.9,3656.3,3658.2,314,
2024-01-23 10:59:00+05:30,3658.2,3661.95,3658.2,3659.8,261,
2024-01-23 11:00:00+05:30,3659.45,3661.15,3657.35,3661,398,
2024-01-23 11:01:00+05:30,3661,3661,3656.05,3656.35,274,
2024-01-23 11:02:00+05:30,3656.35,3660.9,3656.35,3660,54,
2024-01-23 11:03:00+05:30,3660.05,3660.2,3657.45,3657.95,376,
2024-01-23 11:04:00+05:30,3657.95,3662.95,3657.9,3662.3,331,
2024-01-23 11:05:00+05:30,3662.3,3665.65,3662.25,3662.25,351,
2024-01-23 11:06:00+05:30,3662.25,3668,3662.25,3664.45,357,
2024-01-23 11:07:00+05:30,3664.35,3666.2,3660.7,3662.55,267,
2024-01-23 11:08:00+05:30,3662.55,3667.95,3662.5,3665.25,92,
2024-01-23 11:09:00+05:30,3665.25,3669.8,3665.2,3667.5,705,
2024-01-23 11:10:00+05:30,3667.5,3667.5,3665.6,3666.6,140,
2024-01-23 11:11:00+05:30,3666.65,3668.8,3663.95,3666,603,
2024-01-23 11:12:00+05:30,3666,3668.9,3666,3667.3,63,
2024-01-23 11:13:00+05:30,3667.35,3669.3,3667.35,3667.95,169,
2024-01-23 11:14:00+05:30,3669.4,3673.95,3667.9,3671,1310,
2024-01-23 11:15:00+05:30,3671,3673.1,3670.8,3671.5,1089,
2024-01-23 11:16:00+05:30,3671.55,3676.5,3671.55,3676,295,
2024-01-23 11:17:00+05:30,3676,3676,3675,3675,193,
2024-01-23 11:18:00+05:30,3675,3676,3675,3675.25,96,
2024-01-23 11:19:00+05:30,3675.25,3675.25,3671.05,3671.05,417,
2024-01-23 11:20:00+05:30,3671.1,3673.65,3671.05,3672.55,175,
2024-01-23 11:21:00+05:30,3672.55,3676.55,3671.05,3674.25,930,
2024-01-23 11:22:00+05:30,3674.2,3676.3,3672.75,3672.75,481,
2024-01-23 11:23:00+05:30,3672.75,3675.75,3672.75,3674.1,138,
2024-01-23 11:24:00+05:30,3674.1,3675.9,3674.1,3674.4,54,
2024-01-23 11:25:00+05:30,3674.4,3677.6,3674.35,3677.6,229,
2024-01-23 11:26:00+05:30,3677,3679,3674.65,3675.05,812,
2024-01-23 11:27:00+05:30,3674.55,3678.75,3674.55,3675.95,863,
2024-01-23 11:28:00+05:30,3675.95,3675.95,3672.95,3673.75,492,
2024-01-23 11:29:00+05:30,3673.75,3675.5,3672.25,3675.5,805,
2024-01-23 11:30:00+05:30,3674.9,3675,3672.3,3673.75,289,
2024-01-23 11:31:00+05:30,3673.75,3673.75,3661.2,3661.2,821,
2024-01-23 11:32:00+05:30,3661.2,3664.85,3661.2,3663.1,98,
2024-01-23 11:33:00+05:30,3663.1,3666.95,3660.05,3666.2,748,
2024-01-23 11:34:00+05:30,3665.2,3670.95,3665,3666.25,210,
2024-01-23 11:35:00+05:30,3666.25,3668,3664.9,3664.9,116,
2024-01-23 11:36:00+05:30,3664.9,3665.85,3663.05,3664.5,229,
2024-01-23 11:37:00+05:30,3664.5,3664.5,3661.4,3661.4,370,
2024-01-23 11:38:00+05:30,3662,3664.75,3661.25,3664.75,230,
2024-01-23 11:39:00+05:30,3664.2,3664.75,3660,3660,519,
2024-01-23 11:40:00+05:30,3660,3660.05,3654.05,3657.9,1134,
2024-01-23 11:41:00+05:30,3657.9,3658.7,3656,3656,532,
2024-01-23 11:42:00+05:30,3656,3656.55,3652.95,3654.9,329,
2024-01-23 11:43:00+05:30,3654.9,3655.95,3650.85,3653.95,526,
2024-01-23 11:44:00+05:30,3652.7,3653.9,3651.05,3652.05,381,
2024-01-23 11:45:00+05:30,3652.05,3653.7,3651,3651,218,
2024-01-23 11:46:00+05:30,3651,3651.2,3646.55,3649.3,398,
2024-01-23 11:47:00+05:30,3651.1,3653.9,3650.65,3653.9,210,
2024-01-23 11:48:00+05:30,3655.15,3656.95,3652.95,3654.1,574,
2024-01-23 11:49:00+05:30,3654.1,3658.1,3654.1,3656.95,229,
2024-01-23 11:50:00+05:30,3656.95,3660.7,3654,3658.2,521,
2024-01-23 11:51:00+05:30,3661.25,3661.25,3655.3,3657.85,699,
2024-01-23 11:52:00+05:30,3657.85,3659.9,3655.1,3655.15,218,
2024-01-23 11:53:00+05:30,3655.15,3656.95,3651.05,3651.05,194,
2024-01-23 11:54:00+05:30,3651.05,3654.65,3650.65,3652.35,165,
2024-01-23 11:55:00+05:30,3651,3653.9,3648.1,3649.5,643,
2024-01-23 11:56:00+05:30,3651.25,3651.9,3648,3649.8,569,
2024-01-23 11:57:00+05:30,3649.8,3651.4,3648,3651.4,122,
2024-01-23 11:58:00+05:30,3651.4,3651.4,3645.05,3646.5,488,
2024-01-23 11:59:00+05:30,3645.05,3649,3645,3648.15,386,
2024-01-23 12:00:00+05:30,3646.95,3648.75,3645,3646.15,255,
2024-01-23 12:01:00+05:30,3646.15,3646.15,3643.8,3645,430,
2024-01-23 12:02:00+05:30,3645,3645,3644,3644.45,361,
2024-01-23 12:03:00+05:30,3644.45,3644.45,3634.65,3635.6,995,
2024-01-23 12:04:00+05:30,3634.65,3636.2,3630,3636.2,1388,
2024-01-23 12:05:00+05:30,3636.2,3637,3633.85,3633.85,509,
2024-01-23 12:06:00+05:30,3633.85,3635.3,3630.25,3631.2,1059,
2024-01-23 12:07:00+05:30,3631.2,3634.45,3630.25,3632,485,
2024-01-23 12:08:00+05:30,3631.1,3637.45,3631,3635.1,584,
2024-01-23 12:09:00+05:30,3635.1,3636.3,3631.25,3633.2,859,
2024-01-23 12:10:00+05:30,3631.8,3634.95,3631.8,3632.1,252,
2024-01-23 12:11:00+05:30,3632.1,3638.6,3632.1,3637.75,391,
2024-01-23 12:12:00+05:30,3636.55,3638.85,3635.2,3635.25,379,
2024-01-23 12:13:00+05:30,3635.25,3638.2,3635.25,3636.1,347,
2024-01-23 12:14:00+05:30,3636.1,3638.05,3636.05,3636.05,103,
2024-01-23 12:15:00+05:30,3636.05,3641.25,3635.55,3639.85,847,
2024-01-23 12:16:00+05:30,3639.85,3642.1,3637.5,3638.2,267,
2024-01-23 12:17:00+05:30,3638.2,3640.8,3637,3637.45,198,
2024-01-23 12:18:00+05:30,3637.45,3638.3,3630.15,3632.45,2266,
2024-01-23 12:19:00+05:30,3632.3,3632.6,3626.5,3626.5,754,
2024-01-23 12:20:00+05:30,3626.5,3630,3626,3628.7,1049,
2024-01-23 12:21:00+05:30,3628.7,3629.25,3626.25,3628.7,1759,
2024-01-23 12:22:00+05:30,3628.95,3635.85,3628.95,3634.2,431,
2024-01-23 12:23:00+05:30,3634.2,3635.2,3628.9,3628.9,299,
2024-01-23 12:24:00+05:30,3628.9,3630.85,3625,3625,468,
2024-01-23 12:25:00+05:30,3625,3627.05,3622,3626.75,589,
2024-01-23 12:26:00+05:30,3625.05,3627.1,3625,3627.05,135,
2024-01-23 12:27:00+05:30,3626.8,3626.8,3623.55,3623.55,465,
2024-01-23 12:28:00+05:30,3623.5,3625.15,3621.6,3622.6,451,
2024-01-23 12:29:00+05:30,3622,3622,3615.65,3620.1,1409,
2024-01-23 12:30:00+05:30,3619.15,3622.95,3617,3620.95,390,
2024-01-23 12:31:00+05:30,3623.3,3626.75,3620,3622.65,1833,
2024-01-23 12:32:00+05:30,3622.65,3626.95,3620,3620,1060,
2024-01-23 12:33:00+05:30,3620,3626.1,3620,3626.1,168,
2024-01-23 12:34:00+05:30,3626.1,3627.95,3624,3626.95,220,
2024-01-23 12:35:00+05:30,3626.95,3627.5,3624.55,3626.45,185,
2024-01-23 12:36:00+05:30,3626.45,3628.65,3625.9,3627.5,373,
2024-01-23 12:37:00+05:30,3627.5,3627.5,3621,3624.3,861,
2024-01-23 12:38:00+05:30,3624.3,3625.8,3623,3625,938,
2024-01-23 12:39:00+05:30,3625,3625,3621,3624.05,373,
2024-01-23 12:40:00+05:30,3624.05,3624.95,3621.05,3621.05,173,
2024-01-23 12:41:00+05:30,3622.35,3625,3621.05,3624.4,373,
2024-01-23 12:42:00+05:30,3624.4,3626.45,3622.15,3625.35,233,
2024-01-23 12:43:00+05:30,3625.35,3627.95,3625.35,3627,217,
2024-01-23 12:44:00+05:30,3627.95,3628.65,3625.55,3626.75,197,
2024-01-23 12:45:00+05:30,3626.75,3628.55,3623.9,3623.9,332,
2024-01-23 12:46:00+05:30,3624.45,3626.15,3622,3622,298,
2024-01-23 12:47:00+05:30,3622,3623.65,3622,3623.5,136,
2024-01-23 12:48:00+05:30,3623.35,3627.7,3622.5,3626.45,339,
2024-01-23 12:49:00+05:30,3626.45,3629,3624.75,3629,162,
2024-01-23 12:50:00+05:30,3629,3629.2,3626,3626.05,826,
2024-01-23 12:51:00+05:30,3626.05,3627.85,3626,3626.05,277,
2024-01-23 12:52:00+05:30,3627.85,3628.9,3626.05,3626.05,167,
2024-01-23 12:53:00+05:30,3626.05,3627.8,3622.55,3624,807,
2024-01-23 12:54:00+05:30,3624.5,3626.95,3624.2,3625.4,276,
2024-01-23 12:55:00+05:30,3625.4,3630.5,3625.4,3625.9,930,
2024-01-23 12:56:00+05:30,3626.55,3627.05,3623.55,3623.55,444,
2024-01-23 12:57:00+05:30,3622.6,3623.55,3620,3620.3,382,
2024-01-23 12:58:00+05:30,3620,3622.05,3616.15,3617,993,
2024-01-23 12:59:00+05:30,3618.45,3618.75,3616.95,3617.75,170,
2024-01-23 13:00:00+05:30,3617.75,3619.95,3616.35,3619.15,273,
2024-01-23 13:01:00+05:30,3619.15,3623.05,3617.05,3618.5,590,
2024-01-23 13:02:00+05:30,3618.5,3621.45,3618.5,3619.75,364,
2024-01-23 13:03:00+05:30,3619.75,3620.15,3616.3,3616.3,359,
2024-01-23 13:04:00+05:30,3616.3,3618.6,3616.3,3616.3,259,
2024-01-23 13:05:00+05:30,3616.3,3621.3,3616.2,3617.85,542,
2024-01-23 13:06:00+05:30,3617.75,3619.85,3617.15,3617.4,271,
2024-01-23 13:07:00+05:30,3618.95,3620.2,3617.4,3618.35,178,
2024-01-23 13:08:00+05:30,3618.35,3620.4,3615.6,3616.05,1235,
2024-01-23 13:09:00+05:30,3616.1,3616.6,3605.1,3605.3,3135,
2024-01-23 13:10:00+05:30,3605.25,3606.95,3602,3602,834,
2024-01-23 13:11:00+05:30,3602,3607.05,3602,3603.2,377,
2024-01-23 13:12:00+05:30,3603.2,3608.5,3603,3608.45,258,
2024-01-23 13:13:00+05:30,3608.75,3610.7,3606,3609.9,296,
2024-01-23 13:14:00+05:30,3606.2,3609.9,3602.4,3603.35,865,
2024-01-23 13:15:00+05:30,3603.35,3605.5,3602,3602,793,
2024-01-23 13:16:00+05:30,3602,3604.85,3601.1,3602.65,744,
2024-01-23 13:17:00+05:30,3602.7,3606.2,3601.65,3605.55,359,
2024-01-23 13:18:00+05:30,3607.95,3608.25,3602.2,3604.15,424,
2024-01-23 13:19:00+05:30,3604.15,3609.65,3604.15,3608.3,541,
2024-01-23 13:20:00+05:30,3608.3,3608.95,3604,3604.75,566,
2024-01-23 13:21:00+05:30,3604.75,3605.55,3602.3,3603.2,260,
2024-01-23 13:22:00+05:30,3603,3606.1,3602.25,3604.2,476,
2024-01-23 13:23:00+05:30,3605,3605,3601.1,3602.9,278,
2024-01-23 13:24:00+05:30,3602.9,3604.15,3601.1,3601.95,281,
2024-01-23 13:25:00+05:30,3602,3602.3,3597.25,3599,2289,
2024-01-23 13:26:00+05:30,3599.2,3600,3595.2,3595.8,502,
2024-01-23 13:27:00+05:30,3597.3,3600,3596.5,3599.5,1049,
2024-01-23 13:28:00+05:30,3599.5,3602.35,3596.55,3600,611,
2024-01-23 13:29:00+05:30,3600,3601.3,3598.3,3600,264,
2024-01-23 13:30:00+05:30,3599.6,3601.8,3597.65,3600,1291,
2024-01-23 13:31:00+05:30,3600.2,3602.65,3597.7,3599.8,700,
2024-01-23 13:32:00+05:30,3599.8,3599.95,3598,3598.35,354,
2024-01-23 13:33:00+05:30,3598.35,3599.6,3596.65,3598.05,154,
2024-01-23 13:34:00+05:30,3598.05,3600.6,3597,3598.5,749,
2024-01-23 13:35:00+05:30,3598.5,3601.95,3597.05,3598.85,664,
2024-01-23 13:36:00+05:30,3598.85,3606.05,3598.85,3604.15,434,
2024-01-23 13:37:00+05:30,3603.15,3605.85,3602.55,3605.85,179,
2024-01-23 13:38:00+05:30,3606.45,3607.1,3604.1,3605.4,432,
2024-01-23 13:39:00+05:30,3605.4,3607,3604.75,3604.95,420,
2024-01-23 13:40:00+05:30,3604.95,3608.65,3604.75,3608.3,272,
2024-01-23 13:41:00+05:30,3608.3,3608.7,3605.3,3605.3,606,
2024-01-23 13:42:00+05:30,3605.05,3610.1,3604.9,3608,537,
2024-01-23 13:43:00+05:30,3608,3608,3603.15,3605.25,445,
2024-01-23 13:44:00+05:30,3605.25,3607.7,3604.1,3605.5,226,
2024-01-23 13:45:00+05:30,3605.6,3607.4,3603.6,3606.55,235,
2024-01-23 13:46:00+05:30,3606.55,3610.55,3606.55,3609.15,228,
2024-01-23 13:47:00+05:30,3608.8,3610.2,3605.8,3605.85,576,
2024-01-23 13:48:00+05:30,3608.35,3609.85,3605.25,3606.35,154,
2024-01-23 13:49:00+05:30,3606.35,3609.4,3605,3606,186,
2024-01-23 13:50:00+05:30,3606,3607.35,3600.15,3600.85,336,
2024-01-23 13:51:00+05:30,3600.15,3600.15,3596,3598,1116,
2024-01-23 13:52:00+05:30,3596.2,3600,3596.05,3598.8,460,
2024-01-23 13:53:00+05:30,3598.7,3602,3597.2,3600.7,453,
2024-01-23 13:54:00+05:30,3600.15,3601.15,3597.25,3598.8,1544,
2024-01-23 13:55:00+05:30,3598.8,3599.55,3596,3598.25,233,
2024-01-23 13:56:00+05:30,3598.25,3599.05,3596,3596.6,206,
2024-01-23 13:57:00+05:30,3596.6,3599.1,3596,3596.55,386,
2024-01-23 13:58:00+05:30,3596.95,3597.35,3591.5,3591.5,1473,
2024-01-23 13:59:00+05:30,3591.5,3597.2,3590,3597.2,1928,
2024-01-23 14:00:00+05:30,3597.2,3603.7,3593.85,3601.65,6752,
2024-01-23 14:01:00+05:30,3601.65,3601.8,3599.05,3599.55,279,
2024-01-23 14:02:00+05:30,3599.5,3604.15,3596.45,3603,330,
2024-01-23 14:03:00+05:30,3603.05,3603.6,3599.15,3601.55,534,
2024-01-23 14:04:00+05:30,3601.6,3604,3599.75,3601.7,1445,
2024-01-23 14:05:00+05:30,3601.85,3604,3601,3602.35,267,
2024-01-23 14:06:00+05:30,3602.35,3605,3601,3602,701,
2024-01-23 14:07:00+05:30,3601.55,3604.5,3601,3601.05,344,
2024-01-23 14:08:00+05:30,3601.1,3605,3601,3604.85,847,
2024-01-23 14:09:00+05:30,3604.85,3606.65,3602.7,3604.45,1134,
2024-01-23 14:10:00+05:30,3604.75,3606.95,3603.9,3606.25,882,
2024-01-23 14:11:00+05:30,3606.45,3612.95,3606.25,3608.1,1718,
2024-01-23 14:12:00+05:30,3608.1,3609.95,3602.6,3606.45,1057,
2024-01-23 14:13:00+05:30,3606.45,3608.2,3603.8,3605.45,1069,
2024-01-23 14:14:00+05:30,3605.1,3608,3603.2,3604.75,746,
2024-01-23 14:15:00+05:30,3604.75,3606.95,3593.5,3593.85,2484,
2024-01-23 14:16:00+05:30,3593.8,3599.9,3593.8,3598.75,709,
2024-01-23 14:17:00+05:30,3597.85,3601.2,3597.85,3599.05,1170,
2024-01-23 14:18:00+05:30,3597,3600.1,3597,3598.95,1874,
2024-01-23 14:19:00+05:30,3598.95,3602.65,3598.7,3599.05,1152,
2024-01-23 14:20:00+05:30,3600.4,3600.45,3597,3597.4,882,
2024-01-23 14:21:00+05:30,3597.6,3599.5,3595,3595.1,1486,
2024-01-23 14:22:00+05:30,3595.05,3600.5,3595,3600.5,920,
2024-01-23 14:23:00+05:30,3598.55,3602.7,3597.75,3601.05,1106,
2024-01-23 14:24:00+05:30,3602.2,3603.25,3600,3601.7,1259,
2024-01-23 14:25:00+05:30,3601.6,3601.85,3595,3595.6,2930,
2024-01-23 14:26:00+05:30,3595.6,3597.75,3585.85,3590,7632,
2024-01-23 14:27:00+05:30,3590.05,3593.9,3590,3593.4,1877,
2024-01-23 14:28:00+05:30,3593.4,3594.25,3590.35,3592.2,1427,
2024-01-23 14:29:00+05:30,3593.05,3596.85,3591.2,3591.45,1149,
2024-01-23 14:30:00+05:30,3591.45,3599.75,3591.45,3597.65,2088,
2024-01-23 14:31:00+05:30,3597.8,3607.2,3597.65,3605.1,2695,
2024-01-23 14:32:00+05:30,3605.1,3616.2,3605.1,3613.8,8080,
2024-01-23 14:33:00+05:30,3613.8,3615.1,3610,3614.05,2008,
2024-01-23 14:34:00+05:30,3612.95,3616.55,3610,3614.75,1227,
2024-01-23 14:35:00+05:30,3614.75,3619.85,3614.75,3617.7,1069,
2024-01-23 14:36:00+05:30,3618,3620,3615.55,3618.1,1973,
2024-01-23 14:37:00+05:30,3619.25,3619.6,3613.3,3614.7,2437,
2024-01-23 14:38:00+05:30,3614.8,3616.5,3610,3610.1,3585,
2024-01-23 14:39:00+05:30,3610.15,3613.9,3610,3612.45,1860,
2024-01-23 14:40:00+05:30,3612.6,3616.05,3611.75,3612.6,1375,
2024-01-23 14:41:00+05:30,3612.6,3615.8,3610.1,3611.75,1034,
2024-01-23 14:42:00+05:30,3611.75,3613.75,3611.35,3612.05,862,
2024-01-23 14:43:00+05:30,3612.05,3612.1,3606.05,3608.05,865,
2024-01-23 14:44:00+05:30,3609.2,3612.95,3608.3,3611.55,1394,
2024-01-23 14:45:00+05:30,3611.95,3619.8,3611.95,3618.1,1066,
2024-01-23 14:46:00+05:30,3618.15,3618.15,3614,3615.35,1898,
2024-01-23 14:47:00+05:30,3616,3617.3,3610,3612.15,1127,
2024-01-23 14:48:00+05:30,3610.3,3622,3610.3,3620.65,4356,
2024-01-23 14:49:00+05:30,3620.6,3622.3,3614.35,3621.3,3939,
2024-01-23 14:50:00+05:30,3622.3,3627,3621.2,3626.6,1173,
2024-01-23 14:51:00+05:30,3626.6,3627,3622.5,3625.05,1664,
2024-01-23 14:52:00+05:30,3625.05,3626.15,3622.8,3624.5,1756,
2024-01-23 14:53:00+05:30,3624.5,3633.3,3620,3624.95,3541,
2024-01-23 14:54:00+05:30,3624.8,3625.95,3615.75,3619.45,2556,
2024-01-23 14:55:00+05:30,3619.6,3621.2,3616.2,3617.95,1229,
2024-01-23 14:56:00+05:30,3617.6,3620,3615.05,3620,1241,
2024-01-23 14:57:00+05:30,3620,3620.85,3615.05,3617.9,1111,
2024-01-23 14:58:00+05:30,3618.45,3622.85,3618.1,3621.9,713,
2024-01-23 14:59:00+05:30,3621.9,3624.5,3619.55,3620.6,236,
2024-01-23 15:00:00+05:30,3622.1,3625,3615.05,3619.35,2493,
2024-01-23 15:01:00+05:30,3620.55,3622.4,3616.4,3618.65,2507,
2024-01-23 15:02:00+05:30,3617.2,3619.5,3615.6,3617.95,1596,
2024-01-23 15:03:00+05:30,3616.8,3620,3615,3616.8,1679,
2024-01-23 15:04:00+05:30,3616.8,3617.1,3607,3607.7,5029,
2024-01-23 15:05:00+05:30,3607.5,3612.65,3603.65,3611,4473,
2024-01-23 15:06:00+05:30,3610.15,3612.95,3607.7,3610.35,2192,
2024-01-23 15:07:00+05:30,3610.3,3614.3,3609.1,3613.2,1814,
2024-01-23 15:08:00+05:30,3613.2,3613.2,3607.9,3610.85,1676,
2024-01-23 15:09:00+05:30,3611.6,3614.85,3607.4,3614.75,3191,
2024-01-23 15:10:00+05:30,3615,3615,3612.3,3614.1,3268,
2024-01-23 15:11:00+05:30,3614.05,3614.05,3607.1,3608.2,2707,
2024-01-23 15:12:00+05:30,3608.1,3613.1,3608.1,3609.85,1850,
2024-01-23 15:13:00+05:30,3609.85,3612.55,3609.85,3611.3,1691,
2024-01-23 15:14:00+05:30,3611.4,3612.7,3610.65,3610.65,1641,
2024-01-23 15:15:00+05:30,3610.2,3611.9,3609.05,3610.05,1774,
2024-01-23 15:16:00+05:30,3610.1,3612.3,3609,3612.1,2344,
2024-01-23 15:17:00+05:30,3610.25,3615,3610.25,3615,2765,
2024-01-23 15:18:00+05:30,3613.05,3615.7,3608.25,3615.05,3914,
2024-01-23 15:19:00+05:30,3615.05,3615.95,3609.8,3612.85,3167,
2024-01-23 15:20:00+05:30,3612.9,3619.65,3611.5,3611.5,3950,
2024-01-23 15:21:00+05:30,3611.55,3615.4,3610.5,3614.65,873,
2024-01-23 15:22:00+05:30,3615.9,3618.65,3611.1,3617.7,1351,
2024-01-23 15:23:00+05:30,3618.2,3618.2,3615.2,3615.25,2239,
2024-01-23 15:24:00+05:30,3615.35,3620.65,3613.15,3620.65,3502,
2024-01-23 15:25:00+05:30,3620.6,3623.4,3618.55,3622,8781,
2024-01-23 15:26:00+05:30,3622.55,3625.5,3622,3622.65,3335,
2024-01-23 15:27:00+05:30,3622.65,3629.6,3620,3620,6950,
2024-01-23 15:28:00+05:30,3620,3620.65,3607,3607.5,1514,
2024-01-23 15:29:00+05:30,3607.5,3623,3607.2,3621.95,2009,
2024-01-24 09:15:00+05:30,3650,3650,3631.1,3636.65,3942,
2024-01-24 09:16:00+05:30,3636.65,3639.8,3609,3611.55,3824,
2024-01-24 09:17:00+05:30,3611.55,3627.6,3611.5,3621.45,4893,
2024-01-24 09:18:00+05:30,3621.45,3626.75,3616.35,3623.7,1316,
2024-01-24 09:19:00+05:30,3623.65,3629.1,3622.4,3625.95,1514,
2024-01-24 09:20:00+05:30,3628,3643.95,3628,3640.8,4973,
2024-01-24 09:21:00+05:30,3638.2,3657.3,3634.05,3651.5,4399,
2024-01-24 09:22:00+05:30,3652.5,3656.95,3647.05,3648.75,3769,
2024-01-24 09:23:00+05:30,3647.95,3652.95,3646.4,3648.3,2760,
2024-01-24 09:24:00+05:30,3648.3,3651,3640,3641.5,2201,
2024-01-24 09:25:00+05:30,3639.15,3640.55,3624.05,3632.8,2988,
2024-01-24 09:26:00+05:30,3632.8,3637.4,3627.05,3635.9,2271,
2024-01-24 09:27:00+05:30,3636.85,3644.7,3635.25,3644.45,1601,
2024-01-24 09:28:00+05:30,3644.45,3651.95,3642.95,3651.95,1234,
2024-01-24 09:29:00+05:30,3652.2,3652.2,3644.15,3646.25,2263,
2024-01-24 09:30:00+05:30,3647.5,3652.9,3642.55,3651.5,2278,
2024-01-24 09:31:00+05:30,3651.5,3656.45,3650.4,3653.2,1729,
2024-01-24 09:32:00+05:30,3653.2,3654.7,3648.05,3652.15,1311,
2024-01-24 09:33:00+05:30,3652.15,3653.75,3644.95,3645.9,3545,
2024-01-24 09:34:00+05:30,3645.9,3648.4,3641.55,3646.9,672,
2024-01-24 09:35:00+05:30,3646.95,3647.7,3635.9,3637,1146,
2024-01-24 09:36:00+05:30,3637,3640.55,3631,3638.1,1881,
2024-01-24 09:37:00+05:30,3638.1,3640.5,3635.9,3638.75,1028,
2024-01-24 09:38:00+05:30,3639.55,3639.95,3633.75,3639.95,864,
2024-01-24 09:39:00+05:30,3639.95,3643.7,3637.05,3638.95,1728,
2024-01-24 09:40:00+05:30,3639.6,3643.7,3639.6,3643.7,201,
2024-01-24 09:41:00+05:30,3643.7,3647.45,3641.85,3642.15,1299,
2024-01-24 09:42:00+05:30,3642.1,3649.55,3642.1,3647.6,1509,
2024-01-24 09:43:00+05:30,3647.6,3649.7,3645,3649.7,299,
2024-01-24 09:44:00+05:30,3649.7,3651.8,3647.2,3651,2590,
2024-01-24 09:45:00+05:30,3651,3659.95,3650.45,3659,1757,
2024-01-24 09:46:00+05:30,3659,3659.95,3656.05,3657,752,
2024-01-24 09:47:00+05:30,3657,3657.5,3653,3657.5,1484,
2024-01-24 09:48:00+05:30,3654.55,3657.6,3653.8,3655.1,1195,
2024-01-24 09:49:00+05:30,3655.1,3657.8,3652.75,3655,2865,
2024-01-24 09:50:00+05:30,3655,3656.95,3652.05,3654,686,
2024-01-24 09:51:00+05:30,3654,3655,3652.7,3653,1022,
2024-01-24 09:52:00+05:30,3653,3654.7,3651.7,3653.9,142,
2024-01-24 09:53:00+05:30,3653.65,3653.65,3651.4,3651.5,694,
2024-01-24 09:54:00+05:30,3651.5,3653,3647.6,3651.6,1183,
2024-01-24 09:55:00+05:30,3651.6,3653,3650,3653,488,
2024-01-24 09:56:00+05:30,3653,3655,3651.1,3653.4,1257,
2024-01-24 09:57:00+05:30,3655,3660.3,3653.45,3660.05,2729,
2024-01-24 09:58:00+05:30,3660.05,3666.35,3658.6,3666.35,1140,
2024-01-24 09:59:00+05:30,3666.35,3666.35,3661.5,3664.1,2816,
2024-01-24 10:00:00+05:30,3664.1,3671.95,3664.1,3666,3325,
2024-01-24 10:01:00+05:30,3666,3668,3664.55,3666.95,1167,
2024-01-24 10:02:00+05:30,3666.95,3666.95,3659.2,3659.2,759,
2024-01-24 10:03:00+05:30,3660,3660,3651.85,3651.85,1491,
2024-01-24 10:04:00+05:30,3652.95,3659.9,3652.1,3657.05,300,
2024-01-24 10:05:00+05:30,3657.05,3661.95,3657.05,3661.75,894,
2024-01-24 10:06:00+05:30,3660,3664.15,3659.9,3663,261,
2024-01-24 10:07:00+05:30,3663,3669.7,3663,3663.1,2625,
2024-01-24 10:08:00+05:30,3663.1,3665.95,3660.9,3663,306,
2024-01-24 10:09:00+05:30,3663,3663,3660.1,3660.1,642,
2024-01-24 10:10:00+05:30,3660.1,3664.4,3660.1,3662.15,342,
2024-01-24 10:11:00+05:30,3662.15,3664,3651.7,3655.7,41666,
2024-01-24 10:12:00+05:30,3655.7,3656.95,3653.9,3656.95,570,
2024-01-24 10:13:00+05:30,3656.95,3659.1,3656,3657.45,334,
2024-01-24 10:14:00+05:30,3657.45,3660.5,3657.05,3659.45,825,
2024-01-24 10:15:00+05:30,3659.45,3665,3659.45,3664.2,1451,
2024-01-24 10:16:00+05:30,3664.2,3665.05,3660,3661.6,896,
2024-01-24 10:17:00+05:30,3661.6,3664.8,3661.6,3663.75,183,
2024-01-24 10:18:00+05:30,3663.75,3663.75,3658.6,3661.2,592,
2024-01-24 10:19:00+05:30,3661.2,3661.2,3654.7,3654.7,945,
2024-01-24 10:20:00+05:30,3654.7,3658.55,3654.7,3656.05,171,
2024-01-24 10:21:00+05:30,3656.05,3658,3656.05,3657.6,365,
2024-01-24 10:22:00+05:30,3657.6,3658.7,3652.7,3653.2,621,
2024-01-24 10:23:00+05:30,3653.35,3655.1,3652.65,3652.65,137,
2024-01-24 10:24:00+05:30,3652.65,3654.85,3652.2,3652.35,398,
2024-01-24 10:25:00+05:30,3652.35,3657.8,3652.35,3655.75,755,
2024-01-24 10:26:00+05:30,3655.75,3655.75,3647.65,3650.3,991,
2024-01-24 10:27:00+05:30,3649.2,3655.05,3649.2,3653.35,15970,
2024-01-24 10:28:00+05:30,3650.9,3651.4,3647.15,3648.2,383,
2024-01-24 10:29:00+05:30,3648.2,3648.3,3646,3648.25,591,
2024-01-24 10:30:00+05:30,3646.8,3651.85,3646.8,3651.85,298,
2024-01-24 10:31:00+05:30,3652,3652.35,3650.35,3652.35,311,
2024-01-24 10:32:00+05:30,3652.35,3652.35,3650,3650,218,
2024-01-24 10:33:00+05:30,3650,3655,3650,3655,309,
2024-01-24 10:34:00+05:30,3655,3656.15,3653.75,3653.75,508,
2024-01-24 10:35:00+05:30,3653.75,3657.2,3653.75,3655.4,185,
2024-01-24 10:36:00+05:30,3655.4,3660.7,3655.4,3660.7,235,
2024-01-24 10:37:00+05:30,3660.7,3661.3,3655.65,3656.6,250,
2024-01-24 10:38:00+05:30,3658.25,3658.95,3656.6,3657.8,153,
2024-01-24 10:39:00+05:30,3657.8,3657.8,3653.95,3656,217,
2024-01-24 10:40:00+05:30,3656,3656,3650.25,3651.95,156,
2024-01-24 10:41:00+05:30,3651.95,3654.05,3650.1,3651.45,11309,
2024-01-24 10:42:00+05:30,3651.45,3654.4,3649.15,3654.4,288,
2024-01-24 10:43:00+05:30,3654.4,3655,3652.05,3652.1,243,
2024-01-24 10:44:00+05:30,3652.1,3653.85,3650.05,3651.55,269,
2024-01-24 10:45:00+05:30,3650.05,3651.3,3647.6,3649.9,619,
2024-01-24 10:46:00+05:30,3649.9,3652.35,3646.85,3649.1,417,
2024-01-24 10:47:00+05:30,3649.1,3650,3648,3648.4,187,
2024-01-24 10:48:00+05:30,3648.4,3652.7,3648.4,3652.05,357,
2024-01-24 10:49:00+05:30,3652.05,3653.5,3649.6,3653.5,477,
2024-01-24 10:50:00+05:30,3653.5,3657.7,3652.4,3655.8,363,
2024-01-24 10:51:00+05:30,3655.8,3658,3653.75,3656.7,872,
2024-01-24 10:52:00+05:30,3656.7,3657.6,3651.15,3653.5,452,
2024-01-24 10:53:00+05:30,3653.5,3654,3651.55,3652.4,237,
2024-01-24 10:54:00+05:30,3652.4,3653.6,3652.4,3652.4,107,
2024-01-24 10:55:00+05:30,3653.65,3653.85,3651.2,3653.65,326,
2024-01-24 10:56:00+05:30,3653.65,3653.65,3651.8,3651.95,100,
2024-01-24 10:57:00+05:30,3651.95,3655,3651.95,3654.15,341,
2024-01-24 10:58:00+05:30,3654.15,3656.55,3654,3655.75,407,
2024-01-24 10:59:00+05:30,3655.75,3656.8,3655,3656.45,134,
2024-01-24 11:00:00+05:30,3656.45,3658.15,3655,3657.2,782,
2024-01-24 11:01:00+05:30,3657.2,3658.15,3650.05,3650.3,19931,
2024-01-24 11:02:00+05:30,3650.3,3653.95,3650.3,3651.85,204,
2024-01-24 11:03:00+05:30,3650.65,3652.65,3650.65,3652,105,
2024-01-24 11:04:00+05:30,3652,3659.5,3652,3659.5,433,
2024-01-24 11:05:00+05:30,3659.5,3662.7,3659.5,3662,619,
2024-01-24 11:06:00+05:30,3662,3662.45,3657.45,3662.45,1691,
2024-01-24 11:07:00+05:30,3662.5,3662.7,3660,3660.65,4469,
2024-01-24 11:08:00+05:30,3660.65,3660.65,3654.45,3656.5,3201,
2024-01-24 11:09:00+05:30,3656.5,3657.85,3655.65,3656.35,191,
2024-01-24 11:10:00+05:30,3656.35,3660.4,3656.35,3657.15,1655,
2024-01-24 11:11:00+05:30,3658.5,3658.5,3655.45,3655.55,240,
2024-01-24 11:12:00+05:30,3655.55,3657.15,3655.55,3656.9,172,
2024-01-24 11:13:00+05:30,3656.9,3665.7,3656.9,3665.7,1550,
2024-01-24 11:14:00+05:30,3665,3665,3658.4,3658.9,1198,
2024-01-24 11:15:00+05:30,3658.9,3659.5,3657.85,3658.05,168,
2024-01-24 11:16:00+05:30,3658.05,3659.5,3656.85,3656.85,656,
2024-01-24 11:17:00+05:30,3656.85,3659,3655.65,3656.55,460,
2024-01-24 11:18:00+05:30,3656.55,3657.2,3655.6,3655.65,99,
2024-01-24 11:19:00+05:30,3655.65,3658.7,3655.65,3656.65,180,
2024-01-24 11:20:00+05:30,3656.65,3658.55,3656.65,3656.8,138,
2024-01-24 11:21:00+05:30,3656.8,3658.75,3656.6,3658.75,200,
2024-01-24 11:22:00+05:30,3656.65,3658.15,3656.65,3656.65,228,
2024-01-24 11:23:00+05:30,3656.65,3657.25,3654.15,3655.05,457,
2024-01-24 11:24:00+05:30,3655.05,3657.85,3655.05,3656.2,311,
2024-01-24 11:25:00+05:30,3656.2,3658.15,3654.15,3655.35,353,
2024-01-24 11:26:00+05:30,3654.15,3655.5,3650.35,3650.6,2364,
2024-01-24 11:27:00+05:30,3650.6,3651.65,3650.3,3650.35,878,
2024-01-24 11:28:00+05:30,3650.35,3651,3647.2,3648,21752,
2024-01-24 11:29:00+05:30,3647.8,3647.8,3644.2,3646.9,870,
2024-01-24 11:30:00+05:30,3646.9,3647.2,3635,3635.05,1515,
2024-01-24 11:31:00+05:30,3635.75,3635.75,3630,3630.25,843,
2024-01-24 11:32:00+05:30,3630.25,3633.1,3627,3627,835,
2024-01-24 11:33:00+05:30,3627,3631.95,3626,3629.15,290,
2024-01-24 11:34:00+05:30,3629.55,3633.55,3628.3,3628.55,536,
2024-01-24 11:35:00+05:30,3633.4,3633.4,3626.75,3629.35,599,
2024-01-24 11:36:00+05:30,3629.35,3636.7,3629.35,3636.7,127,
2024-01-24 11:37:00+05:30,3637,3637,3633.1,3634.5,352,
2024-01-24 11:38:00+05:30,3634.5,3634.6,3629.6,3629.6,271,
2024-01-24 11:39:00+05:30,3629.6,3632,3628.4,3630.85,163,
2024-01-24 11:40:00+05:30,3630.85,3630.85,3625,3625.55,1649,
2024-01-24 11:41:00+05:30,3625.55,3629.95,3624.25,3625.6,394,
2024-01-24 11:42:00+05:30,3625.6,3628.95,3622.5,3628.05,389,
2024-01-24 11:43:00+05:30,3628.05,3629.2,3625.35,3626.4,222,
2024-01-24 11:44:00+05:30,3626.4,3630,3623.85,3626.4,554,
2024-01-24 11:45:00+05:30,3626.4,3629.1,3626.4,3627.5,262,
2024-01-24 11:46:00+05:30,3629.25,3630,3627.6,3628.15,314,
2024-01-24 11:47:00+05:30,3628.15,3629.85,3622.5,3626.55,852,
2024-01-24 11:48:00+05:30,3626.7,3626.7,3622.2,3623.4,368,
2024-01-24 11:49:00+05:30,3623.4,3627.3,3621.8,3625.55,547,
2024-01-24 11:50:00+05:30,3625.55,3629.6,3625.55,3628,172,
2024-01-24 11:51:00+05:30,3630,3630.9,3625.3,3626.7,604,
2024-01-24 11:52:00+05:30,3626.7,3629.15,3626.45,3627.9,180,
2024-01-24 11:53:00+05:30,3627.35,3629.15,3624.05,3625.3,409,
2024-01-24 11:54:00+05:30,3625.65,3628.45,3624.8,3626.95,298,
2024-01-24 11:55:00+05:30,3626.95,3629.15,3624.5,3626.3,298,
2024-01-24 11:56:00+05:30,3626.3,3627.95,3625,3627.95,177,
2024-01-24 11:57:00+05:30,3627.95,3628.35,3623.2,3624.2,241,
2024-01-24 11:58:00+05:30,3624.2,3624.2,3623,3623,145,
2024-01-24 11:59:00+05:30,3623,3624.3,3622.25,3624.15,535,
2024-01-24 12:00:00+05:30,3624.15,3624.35,3620.5,3620.5,294,
2024-01-24 12:01:00+05:30,3621,3624.35,3621,3622.05,1039,
2024-01-24 12:02:00+05:30,3622.05,3622.95,3618,3618.05,392,
2024-01-24 12:03:00+05:30,3618.05,3619.85,3618.05,3619,96,
2024-01-24 12:04:00+05:30,3619,3620.1,3617.25,3617.35,414,
2024-01-24 12:05:00+05:30,3617.35,3621.45,3617.35,3621.45,223,
2024-01-24 12:06:00+05:30,3620,3624.3,3620,3621.45,255,
2024-01-24 12:07:00+05:30,3621.45,3622.6,3620.45,3620.7,98,
2024-01-24 12:08:00+05:30,3620.7,3621.4,3619,3619.2,494,
2024-01-24 12:09:00+05:30,3618.95,3620.8,3618.05,3619.5,263,
2024-01-24 12:10:00+05:30,3619.6,3621.35,3618.1,3620.3,315,
2024-01-24 12:11:00+05:30,3620.3,3621.9,3619.65,3621.25,132,
2024-01-24 12:12:00+05:30,3621.25,3621.25,3612.3,3612.3,612,
2024-01-24 12:13:00+05:30,3612.55,3617.9,3612.55,3616.35,248,
2024-01-24 12:14:00+05:30,3616.35,3618.9,3615.55,3616.4,171,
2024-01-24 12:15:00+05:30,3616.4,3617.9,3616.3,3617.7,178,
2024-01-24 12:16:00+05:30,3617.7,3617.75,3616.2,3616.25,110,
2024-01-24 12:17:00+05:30,3616.25,3622.05,3616.25,3620.6,633,
2024-01-24 12:18:00+05:30,3622.2,3624.35,3620.75,3622.9,315,
2024-01-24 12:19:00+05:30,3622.9,3628,3622.9,3628,345,
2024-01-24 12:20:00+05:30,3628,3629.7,3626.95,3628.55,417,
2024-01-24 12:21:00+05:30,3628.55,3629.7,3625.75,3625.95,384,
2024-01-24 12:22:00+05:30,3625.95,3626.45,3620.8,3620.8,154,
2024-01-24 12:23:00+05:30,3620.8,3624.95,3620.8,3621.5,483,
2024-01-24 12:24:00+05:30,3621.5,3623.75,3621,3623.75,214,
2024-01-24 12:25:00+05:30,3623.75,3625.15,3621,3622.35,212,
2024-01-24 12:26:00+05:30,3622.35,3622.35,3620.65,3620.85,102,
2024-01-24 12:27:00+05:30,3620.85,3621.95,3616,3616,297,
2024-01-24 12:28:00+05:30,3616,3617.75,3615.2,3617.75,147,
2024-01-24 12:29:00+05:30,3617.75,3620,3617.05,3620,502,
2024-01-24 12:30:00+05:30,3620,3621,3618.5,3619.8,163,
2024-01-24 12:31:00+05:30,3619.8,3619.8,3616.05,3617.1,93,
2024-01-24 12:32:00+05:30,3617.1,3617.95,3613.25,3613.55,1181,
2024-01-24 12:33:00+05:30,3613.55,3614.2,3611.2,3611.25,304,
2024-01-24 12:34:00+05:30,3612.1,3616.1,3612,3612,123,
2024-01-24 12:35:00+05:30,3612.1,3614.35,3612.1,3612.25,79,
2024-01-24 12:36:00+05:30,3612.25,3614.9,3612.25,3614.9,109,
2024-01-24 12:37:00+05:30,3614.9,3615.15,3612.95,3613.55,394,
2024-01-24 12:38:00+05:30,3613.55,3614.35,3612.15,3612.15,79,
2024-01-24 12:39:00+05:30,3612.2,3613.7,3612.15,3613.45,122,
2024-01-24 12:40:00+05:30,3612.15,3617.45,3612.15,3616.95,169,
2024-01-24 12:41:00+05:30,3616.95,3617.4,3614.15,3615.1,1364,
2024-01-24 12:42:00+05:30,3616.35,3617.9,3615,3615,129,
2024-01-24 12:43:00+05:30,3615,3615.9,3612.25,3613.9,130,
2024-01-24 12:44:00+05:30,3615.95,3615.95,3612.25,3612.25,223,
2024-01-24 12:45:00+05:30,3612.85,3615.4,3612.15,3614.95,235,
2024-01-24 12:46:00+05:30,3613.15,3615.05,3613.15,3614.75,78,
2024-01-24 12:47:00+05:30,3614.75,3615,3613.25,3615,385,
2024-01-24 12:48:00+05:30,3615,3617.15,3613.95,3617,941,
2024-01-24 12:49:00+05:30,3617,3619.9,3617,3618.6,248,
2024-01-24 12:50:00+05:30,3617.1,3621.9,3617.1,3619.6,294,
2024-01-24 12:51:00+05:30,3619.6,3622.05,3618.05,3618.6,249,
2024-01-24 12:52:00+05:30,3620.35,3621.7,3618.65,3620.75,111,
2024-01-24 12:53:00+05:30,3620.75,3623,3618,3620.8,724,
2024-01-24 12:54:00+05:30,3620.8,3621,3619,3620.9,498,
2024-01-24 12:55:00+05:30,3620.9,3622.45,3620.05,3620.9,402,
2024-01-24 12:56:00+05:30,3620.9,3623.05,3620.9,3621.55,428,
2024-01-24 12:57:00+05:30,3621.55,3623,3620.7,3622.6,73,
2024-01-24 12:58:00+05:30,3622.6,3625.2,3621,3624.65,316,
2024-01-24 12:59:00+05:30,3623.95,3625.35,3623.9,3624.3,143,
2024-01-24 13:00:00+05:30,3624.3,3627.15,3623.95,3627,532,
2024-01-24 13:01:00+05:30,3628.55,3628.7,3624.85,3625.7,326,
2024-01-24 13:02:00+05:30,3625.35,3627.05,3625.35,3626.65,283,
2024-01-24 13:03:00+05:30,3626.65,3628,3624,3625,436,
2024-01-24 13:04:00+05:30,3625,3626,3624,3624.05,113,
2024-01-24 13:05:00+05:30,3624.05,3625.95,3624.05,3625.9,78,
2024-01-24 13:06:00+05:30,3624.2,3629,3623.95,3629,226,
2024-01-24 13:07:00+05:30,3627.5,3629,3624.8,3626.05,309,
2024-01-24 13:08:00+05:30,3627.6,3627.6,3624.7,3624.95,84,
2024-01-24 13:09:00+05:30,3624.95,3627.15,3624.95,3627.15,109,
2024-01-24 13:10:00+05:30,3626.15,3627.5,3625.05,3626,334,
2024-01-24 13:11:00+05:30,3625.8,3626.95,3624,3626.95,179,
2024-01-24 13:12:00+05:30,3625,3625,3622.35,3622.75,257,
2024-01-24 13:13:00+05:30,3623.4,3623.95,3622,3623.35,158,
2024-01-24 13:14:00+05:30,3623.35,3623.35,3621.05,3622.8,102,
2024-01-24 13:15:00+05:30,3621.05,3623.4,3620.85,3623.35,217,
2024-01-24 13:16:00+05:30,3622.4,3623.7,3620.05,3620.25,314,
2024-01-24 13:17:00+05:30,3620.25,3623.95,3620.25,3621.55,178,
2024-01-24 13:18:00+05:30,3622,3623.75,3620.5,3623.75,152,
2024-01-24 13:19:00+05:30,3623.75,3625,3622.55,3625,249,
2024-01-24 13:20:00+05:30,3625,3627.5,3623.65,3626.45,148,
2024-01-24 13:21:00+05:30,3626.6,3626.65,3623.65,3623.9,262,
2024-01-24 13:22:00+05:30,3623.9,3625.95,3622.5,3624.65,118,
2024-01-24 13:23:00+05:30,3626.1,3626.1,3624.65,3625.8,134,
2024-01-24 13:24:00+05:30,3625.8,3627.5,3623.9,3623.9,175,
2024-01-24 13:25:00+05:30,3623.2,3626,3623.2,3624.45,104,
2024-01-24 13:26:00+05:30,3624.45,3626.1,3623.4,3624.4,190,
2024-01-24 13:27:00+05:30,3624.4,3625.45,3623,3624.05,615,
2024-01-24 13:28:00+05:30,3625.35,3625.35,3622.3,3624.25,128,
2024-01-24 13:29:00+05:30,3624.25,3625.75,3622.75,3625.65,124,
2024-01-24 13:30:00+05:30,3625.65,3628.3,3624.05,3628,344,
2024-01-24 13:31:00+05:30,3628,3628.55,3625,3626.45,229,
2024-01-24 13:32:00+05:30,3626.45,3626.45,3622.7,3624.65,175,
2024-01-24 13:33:00+05:30,3625.7,3625.7,3622.7,3623.9,175,
2024-01-24 13:34:00+05:30,3623.9,3625.9,3622.85,3624.25,163,
2024-01-24 13:35:00+05:30,3624.25,3627.2,3623.55,3625.6,244,
2024-01-24 13:36:00+05:30,3625.6,3627.15,3625,3625,317,
2024-01-24 13:37:00+05:30,3625,3626.2,3624.05,3626.2,152,
2024-01-24 13:38:00+05:30,3625.6,3627.9,3625,3626.6,196,
2024-01-24 13:39:00+05:30,3626.6,3627.9,3625.1,3625.85,365,
2024-01-24 13:40:00+05:30,3626.05,3628.75,3625.85,3627.3,124,
2024-01-24 13:41:00+05:30,3627.3,3629.3,3627.3,3628.15,217,
2024-01-24 13:42:00+05:30,3628.15,3629.4,3628.15,3628.15,109,
2024-01-24 13:43:00+05:30,3628.15,3629.35,3625.05,3626.7,558,
2024-01-24 13:44:00+05:30,3626.7,3628,3625.75,3626.6,125,
2024-01-24 13:45:00+05:30,3626.6,3631.35,3626.3,3630.5,1809,
2024-01-24 13:46:00+05:30,3630.5,3632.5,3628,3630.1,454,
2024-01-24 13:47:00+05:30,3630.1,3631.4,3629.05,3630.45,133,
2024-01-24 13:48:00+05:30,3630.45,3631.95,3629.4,3631.95,164,
2024-01-24 13:49:00+05:30,3631.95,3631.95,3629.5,3630.1,452,
2024-01-24 13:50:00+05:30,3629.8,3631.5,3629,3629,262,
2024-01-24 13:51:00+05:30,3630.45,3630.6,3627.6,3628.25,305,
2024-01-24 13:52:00+05:30,3628.25,3628.9,3626.15,3627,256,
2024-01-24 13:53:00+05:30,3627.05,3627.65,3625.05,3625.05,203,
2024-01-24 13:54:00+05:30,3625.05,3625.95,3625,3625.15,134,
2024-01-24 13:55:00+05:30,3625.15,3626.6,3625.1,3625.65,1284,
2024-01-24 13:56:00+05:30,3626.55,3629,3625.3,3628.3,257,
2024-01-24 13:57:00+05:30,3628.3,3628.4,3625.9,3626.1,144,
2024-01-24 13:58:00+05:30,3627,3628.3,3625.3,3628.3,354,
2024-01-24 13:59:00+05:30,3628.3,3629.25,3625.25,3625.25,523,
2024-01-24 14:00:00+05:30,3625.25,3627.85,3625.25,3627.05,147,
2024-01-24 14:01:00+05:30,3627.05,3630,3626.55,3628.45,175,
2024-01-24 14:02:00+05:30,3628.95,3637.7,3628.45,3637,1799,
2024-01-24 14:03:00+05:30,3636.2,3641.7,3636.2,3640.25,469,
2024-01-24 14:04:00+05:30,3640.25,3641.45,3636.2,3641.45,1020,
2024-01-24 14:05:00+05:30,3640.5,3641.7,3637.95,3639.95,1048,
2024-01-24 14:06:00+05:30,3639.95,3639.95,3635.4,3635.6,862,
2024-01-24 14:07:00+05:30,3635.4,3636.6,3629,3630.05,5919,
2024-01-24 14:08:00+05:30,3630,3631.6,3628.05,3630.3,1730,
2024-01-24 14:09:00+05:30,3630.3,3634.25,3630.2,3631.5,219,
2024-01-24 14:10:00+05:30,3631.35,3634.45,3627.75,3631.2,721,
2024-01-24 14:11:00+05:30,3629.95,3642,3628.85,3640.7,918,
2024-01-24 14:12:00+05:30,3640.7,3642,3637.25,3641.85,770,
2024-01-24 14:13:00+05:30,3641.8,3642,3639.65,3642,438,
2024-01-24 14:14:00+05:30,3642.7,3644.7,3642,3644.7,425,
2024-01-24 14:15:00+05:30,3644.7,3644.7,3642.05,3643.85,507,
2024-01-24 14:16:00+05:30,3642,3644,3636.9,3637.4,439,
2024-01-24 14:17:00+05:30,3637.4,3640.25,3637,3640.25,144,
2024-01-24 14:18:00+05:30,3641.05,3643.2,3640,3641.4,1605,
2024-01-24 14:19:00+05:30,3643.7,3644.6,3641.15,3644.2,292,
2024-01-24 14:20:00+05:30,3644.2,3644.95,3642.95,3643.85,252,
2024-01-24 14:21:00+05:30,3643.25,3645,3643.05,3645,269,
2024-01-24 14:22:00+05:30,3645,3645,3641.85,3643.15,2638,
2024-01-24 14:23:00+05:30,3644.8,3644.8,3640.15,3643.4,686,
2024-01-24 14:24:00+05:30,3643.4,3643.9,3641.35,3643.75,152,
2024-01-24 14:25:00+05:30,3643.75,3643.9,3641.25,3643.1,149,
2024-01-24 14:26:00+05:30,3642.7,3643.1,3640.85,3641.05,250,
2024-01-24 14:27:00+05:30,3641.05,3644,3640.55,3643.4,350,
2024-01-24 14:28:00+05:30,3643.8,3644,3641.4,3644,206,
2024-01-24 14:29:00+05:30,3644,3645,3642.35,3644,437,
2024-01-24 14:30:00+05:30,3644,3645,3642.35,3645,1240,
2024-01-24 14:31:00+05:30,3645,3645.7,3641.6,3641.65,1547,
2024-01-24 14:32:00+05:30,3643.15,3644.05,3641,3642.9,279,
2024-01-24 14:33:00+05:30,3642,3643.8,3641.2,3643.8,195,
2024-01-24 14:34:00+05:30,3643.5,3643.5,3641.8,3642.6,123,
2024-01-24 14:35:00+05:30,3642.55,3643.55,3642.1,3642.7,225,
2024-01-24 14:36:00+05:30,3643.7,3643.8,3641.15,3641.15,297,
2024-01-24 14:37:00+05:30,3641.15,3643.4,3635.3,3639.95,4351,
2024-01-24 14:38:00+05:30,3639.7,3640.55,3637.75,3640,242,
2024-01-24 14:39:00+05:30,3640,3640.9,3636.5,3639.6,1294,
2024-01-24 14:40:00+05:30,3639.6,3640.95,3637.3,3638.85,265,
2024-01-24 14:41:00+05:30,3638.85,3641,3635.05,3637.25,1875,
2024-01-24 14:42:00+05:30,3637.2,3638.7,3635,3638.5,703,
2024-01-24 14:43:00+05:30,3638.5,3641.4,3637.45,3639.75,254,
2024-01-24 14:44:00+05:30,3639,3640,3637,3640,460,
2024-01-24 14:45:00+05:30,3640,3640,3637.25,3639.8,250,
2024-01-24 14:46:00+05:30,3640,3641.4,3636.4,3638.8,397,
2024-01-24 14:47:00+05:30,3637.15,3640.45,3636.8,3640.15,293,
2024-01-24 14:48:00+05:30,3640.55,3640.95,3638.9,3639.4,150,
2024-01-24 14:49:00+05:30,3639.4,3640,3638,3639.5,227,
2024-01-24 14:50:00+05:30,3639.5,3642.7,3639.25,3641.9,515,
2024-01-24 14:51:00+05:30,3641.9,3643.55,3641.2,3642.75,308,
2024-01-24 14:52:00+05:30,3642.75,3643,3639.65,3643,258,
2024-01-24 14:53:00+05:30,3643,3643,3640.85,3642.7,269,
2024-01-24 14:54:00+05:30,3642.7,3645,3641.7,3644.35,1249,
2024-01-24 14:55:00+05:30,3644.35,3644.65,3640,3640.1,497,
2024-01-24 14:56:00+05:30,3640.1,3640.35,3637.7,3640.35,403,
2024-01-24 14:57:00+05:30,3640.35,3640.35,3638.7,3640.05,238,
2024-01-24 14:58:00+05:30,3640.05,3640.35,3640,3640,738,
2024-01-24 14:59:00+05:30,3640,3643.5,3640,3642.25,199,
2024-01-24 15:00:00+05:30,3642.25,3645,3641.25,3644.35,1036,
2024-01-24 15:01:00+05:30,3644.15,3644.95,3643.7,3643.7,507,
2024-01-24 15:02:00+05:30,3643.1,3644.95,3642.3,3643.15,353,
2024-01-24 15:03:00+05:30,3643.9,3644.6,3641.3,3641.95,1059,
2024-01-24 15:04:00+05:30,3642.8,3645,3641.9,3644.35,2773,
2024-01-24 15:05:00+05:30,3644.3,3644.35,3643,3644.25,243,
2024-01-24 15:06:00+05:30,3644.25,3645.7,3643.05,3645.65,604,
2024-01-24 15:07:00+05:30,3645.65,3645.95,3641.1,3645,3454,
2024-01-24 15:08:00+05:30,3644.35,3645,3643.65,3645,579,
2024-01-24 15:09:00+05:30,3644.95,3645,3643.4,3644.95,409,
2024-01-24 15:10:00+05:30,3645,3645,3644.25,3644.9,1264,
2024-01-24 15:11:00+05:30,3644.75,3645,3643.25,3643.6,558,
2024-01-24 15:12:00+05:30,3643.95,3645,3643.55,3644.8,300,
2024-01-24 15:13:00+05:30,3644.7,3645.5,3644.4,3644.9,695,
2024-01-24 15:14:00+05:30,3644.9,3645,3643.05,3644,975,
2024-01-24 15:15:00+05:30,3644.8,3645,3644,3645,1346,
2024-01-24 15:16:00+05:30,3645.4,3645.5,3644.05,3644.9,613,
2024-01-24 15:17:00+05:30,3644.95,3645,3644.9,3644.95,563,
2024-01-24 15:18:00+05:30,3645,3645,3643.6,3644.85,526,
2024-01-24 15:19:00+05:30,3644.9,3645,3644.85,3644.95,751,
2024-01-24 15:20:00+05:30,3644.95,3645,3643.05,3644.95,2195,
2024-01-24 15:21:00+05:30,3644.95,3645,3644,3644.8,984,
2024-01-24 15:22:00+05:30,3644.85,3645,3641.85,3644,688,
2024-01-24 15:23:00+05:30,3644,3645,3643.85,3644.75,550,
2024-01-24 15:24:00+05:30,3644.75,3644.75,3641.4,3642.8,1526,
2024-01-24 15:25:00+05:30,3643.85,3643.85,3638.2,3638.6,1341,
2024-01-24 15:26:00+05:30,3639.95,3640,3638.85,3639.95,506,
2024-01-24 15:27:00+05:30,3640,3640,3638,3639.65,1013,
2024-01-24 15:28:00+05:30,3637.55,3639,3629.85,3637,1196,
2024-01-24 15:29:00+05:30,3635,3639.8,3631.05,3639.2,556,
2024-01-25 09:15:00+05:30,3644,3660,3614.15,3642.05,4256,
2024-01-25 09:16:00+05:30,3641.3,3648.4,3633.6,3641.25,2219,
2024-01-25 09:17:00+05:30,3641.25,3650.1,3638.05,3645.8,1653,
2024-01-25 09:18:00+05:30,3649.1,3649.75,3644.55,3647.25,1714,
2024-01-25 09:19:00+05:30,3647.25,3647.25,3636.7,3637.75,1183,
2024-01-25 09:20:00+05:30,3637.75,3638.85,3627.15,3630.1,577,
2024-01-25 09:21:00+05:30,3630.1,3630.1,3624.05,3624.1,1166,
2024-01-25 09:22:00+05:30,3624.1,3626.95,3622.05,3623.35,915,
2024-01-25 09:23:00+05:30,3623,3632,3622.75,3626.2,496,
2024-01-25 09:24:00+05:30,3624.7,3630.55,3623.1,3623.1,985,
2024-01-25 09:25:00+05:30,3623.15,3629.75,3623.15,3627.95,577,
2024-01-25 09:26:00+05:30,3629.9,3632.45,3626.8,3629.35,236,
2024-01-25 09:27:00+05:30,3629.35,3633.1,3628.4,3631.5,576,
2024-01-25 09:28:00+05:30,3632.55,3635,3630,3631.85,532,
2024-01-25 09:29:00+05:30,3631.85,3632.1,3625,3630.05,421,
2024-01-25 09:30:00+05:30,3630.05,3632,3629,3629.45,699,
2024-01-25 09:31:00+05:30,3630.8,3631.7,3627,3627.9,231,
2024-01-25 09:32:00+05:30,3627.9,3628.55,3625.5,3625.55,335,
2024-01-25 09:33:00+05:30,3625.55,3626.45,3624.4,3626.45,141,
2024-01-25 09:34:00+05:30,3625.05,3626.45,3621.25,3625.35,390,
2024-01-25 09:35:00+05:30,3624,3626,3622.05,3624,248,
2024-01-25 09:36:00+05:30,3624.05,3626,3622.2,3624.3,306,
2024-01-25 09:37:00+05:30,3624.3,3625.9,3621.25,3622.2,584,
2024-01-25 09:38:00+05:30,3622.2,3627.7,3622.2,3626,690,
2024-01-25 09:39:00+05:30,3625.85,3628.4,3623,3624.5,675,
2024-01-25 09:40:00+05:30,3623.8,3624.15,3621.25,3621.3,502,
2024-01-25 09:41:00+05:30,3621.3,3624.45,3619,3623.8,582,
2024-01-25 09:42:00+05:30,3622.55,3622.95,3620,3621,270,
2024-01-25 09:43:00+05:30,3621,3623.95,3621,3621.15,497,
2024-01-25 09:44:00+05:30,3621.15,3621.15,3615,3616.05,1965,
2024-01-25 09:45:00+05:30,3616.05,3620.15,3616,3620.15,446,
2024-01-25 09:46:00+05:30,3620.15,3623.35,3620.1,3623.35,253,
2024-01-25 09:47:00+05:30,3623.35,3627.2,3621.9,3622.6,951,
2024-01-25 09:48:00+05:30,3622.6,3624,3621.05,3621.25,229,
2024-01-25 09:49:00+05:30,3621.45,3624,3621.2,3624,305,
2024-01-25 09:50:00+05:30,3623.95,3625.95,3622.05,3623.5,310,
2024-01-25 09:51:00+05:30,3624.8,3626.55,3621.95,3625.55,1323,
2024-01-25 09:52:00+05:30,3625.55,3626.7,3623.05,3623.05,940,
2024-01-25 09:53:00+05:30,3623.25,3625,3616,3616.45,1451,
2024-01-25 09:54:00+05:30,3616.45,3616.5,3615.05,3615.6,1117,
2024-01-25 09:55:00+05:30,3618.05,3620.1,3616.2,3618.3,752,
2024-01-25 09:56:00+05:30,3618.3,3620,3616,3619,497,
2024-01-25 09:57:00+05:30,3619,3619.95,3618.4,3618.6,145,
2024-01-25 09:58:00+05:30,3618.6,3622.95,3618.1,3621.4,205,
2024-01-25 09:59:00+05:30,3621.2,3621.5,3618.2,3618.55,409,
2024-01-25 10:00:00+05:30,3618.5,3618.5,3610.25,3611.3,1671,
2024-01-25 10:01:00+05:30,3611.3,3614.1,3611.3,3612.25,449,
2024-01-25 10:02:00+05:30,3612.25,3619.5,3612.05,3617.9,514,
2024-01-25 10:03:00+05:30,3617.9,3619.9,3615,3615,229,
2024-01-25 10:04:00+05:30,3615,3615,3608.5,3609.1,4072,
2024-01-25 10:05:00+05:30,3609.15,3611.95,3607.2,3607.85,1171,
2024-01-25 10:06:00+05:30,3607.85,3610.75,3605,3608.25,1738,
2024-01-25 10:07:00+05:30,3610.65,3612.5,3608.05,3610.1,654,
2024-01-25 10:08:00+05:30,3610.65,3611.4,3608,3610,699,
2024-01-25 10:09:00+05:30,3610,3610.9,3605.6,3606.6,465,
2024-01-25 10:10:00+05:30,3606.6,3612.9,3606.6,3609.6,908,
2024-01-25 10:11:00+05:30,3609.65,3611.55,3605.5,3605.5,752,
2024-01-25 10:12:00+05:30,3605.5,3606.3,3603,3603.5,634,
2024-01-25 10:13:00+05:30,3603,3606.45,3602.3,3606.45,1095,
2024-01-25 10:14:00+05:30,3603.9,3605.95,3601.75,3602.25,830,
2024-01-25 10:15:00+05:30,3602.3,3605.45,3602.25,3603,228,
2024-01-25 10:16:00+05:30,3603.05,3603.35,3597.65,3598.45,2603,
2024-01-25 10:17:00+05:30,3598.5,3599.65,3597.65,3598,456,
2024-01-25 10:18:00+05:30,3598,3601.9,3598,3600.95,1168,
2024-01-25 10:19:00+05:30,3600.85,3605,3600.85,3601.85,338,
2024-01-25 10:20:00+05:30,3601.85,3603.1,3598.95,3599.05,410,
2024-01-25 10:21:00+05:30,3599.1,3600.95,3595.05,3597.7,2386,
2024-01-25 10:22:00+05:30,3597.7,3598.5,3592.4,3592.4,1204,
2024-01-25 10:23:00+05:30,3592.4,3593.05,3591.25,3591.65,666,
2024-01-25 10:24:00+05:30,3591.6,3595.1,3591,3591,1022,
2024-01-25 10:25:00+05:30,3591,3595.4,3590.3,3593.15,939,
2024-01-25 10:26:00+05:30,3593.7,3595.6,3593,3593.8,512,
2024-01-25 10:27:00+05:30,3593.8,3594.05,3590.1,3590.15,545,
2024-01-25 10:28:00+05:30,3590.15,3594,3590.1,3591.05,554,
2024-01-25 10:29:00+05:30,3590.85,3592.75,3589.9,3589.9,1796,
2024-01-25 10:30:00+05:30,3589.9,3594.5,3589.05,3592,498,
2024-01-25 10:31:00+05:30,3592,3594.95,3592,3593,516,
2024-01-25 10:32:00+05:30,3592.8,3596.8,3592.8,3596,928,
2024-01-25 10:33:00+05:30,3596,3596.85,3594,3594.55,328,
2024-01-25 10:34:00+05:30,3594.55,3596.5,3592.5,3592.85,930,
2024-01-25 10:35:00+05:30,3592.85,3594.9,3592,3592.5,468,
2024-01-25 10:36:00+05:30,3592.05,3593.95,3592,3592,393,
2024-01-25 10:37:00+05:30,3593.45,3593.95,3591,3593.05,374,
2024-01-25 10:38:00+05:30,3593.5,3599.85,3593.1,3595.85,686,
2024-01-25 10:39:00+05:30,3595.85,3598.9,3595.75,3597.25,496,
2024-01-25 10:40:00+05:30,3597.25,3600,3593.75,3598.05,462,
2024-01-25 10:41:00+05:30,3599.6,3601.9,3595.5,3595.5,824,
2024-01-25 10:42:00+05:30,3596.1,3598.95,3596.1,3598.05,399,
2024-01-25 10:43:00+05:30,3598.05,3602.85,3598,3599,2216,
2024-01-25 10:44:00+05:30,3598.65,3603.65,3598.65,3603.35,2116,
2024-01-25 10:45:00+05:30,3602.35,3604,3600.4,3603.8,391,
2024-01-25 10:46:00+05:30,3603.35,3603.35,3598.1,3600.25,1593,
2024-01-25 10:47:00+05:30,3599.6,3601.35,3596.45,3599.05,815,
2024-01-25 10:48:00+05:30,3599,3602.2,3594.3,3602.2,13096,
2024-01-25 10:49:00+05:30,3602.25,3602.3,3597.5,3597.7,1175,
2024-01-25 10:50:00+05:30,3597.7,3599.4,3597.7,3599.25,126,
2024-01-25 10:51:00+05:30,3598.2,3598.2,3594.4,3594.45,226,
2024-01-25 10:52:00+05:30,3594.45,3595.55,3593.65,3593.95,276,
2024-01-25 10:53:00+05:30,3593.95,3594,3587.85,3589.35,2639,
2024-01-25 10:54:00+05:30,3589.1,3589.7,3586.7,3587.75,898,
2024-01-25 10:55:00+05:30,3587.75,3588.5,3585.7,3585.95,1309,
2024-01-25 10:56:00+05:30,3588,3591.55,3586,3586,3815,
2024-01-25 10:57:00+05:30,3586,3588.3,3581.05,3581.6,1575,
2024-01-25 10:58:00+05:30,3581.05,3583.5,3581.05,3582.1,443,
2024-01-25 10:59:00+05:30,3583.5,3585.3,3581,3581.1,951,
2024-01-25 11:00:00+05:30,3581.1,3584.3,3580.2,3581.85,1099,
2024-01-25 11:01:00+05:30,3581.85,3586.9,3581.85,3586.4,338,
2024-01-25 11:02:00+05:30,3586.7,3587.95,3582,3586.35,1327,
2024-01-25 11:03:00+05:30,3586.35,3587.8,3584.45,3585.75,311,
2024-01-25 11:04:00+05:30,3585.75,3585.75,3580.9,3580.9,852,
2024-01-25 11:05:00+05:30,3580.8,3587,3580.6,3585.4,812,
2024-01-25 11:06:00+05:30,3585.4,3587,3584,3584,1038,
2024-01-25 11:07:00+05:30,3584.05,3585.55,3581.1,3582.75,535,
2024-01-25 11:08:00+05:30,3582.45,3583,3580,3581.2,3680,
2024-01-25 11:09:00+05:30,3581.85,3583.45,3581.1,3581.1,145,
2024-01-25 11:10:00+05:30,3581.1,3586.55,3581.1,3586.2,2277,
2024-01-25 11:11:00+05:30,3586.05,3586.85,3584.05,3586.3,421,
2024-01-25 11:12:00+05:30,3586.3,3586.3,3583.05,3583.85,229,
2024-01-25 11:13:00+05:30,3584.4,3585.15,3583.05,3584.45,407,
2024-01-25 11:14:00+05:30,3584.45,3586,3583.15,3585.1,235,
2024-01-25 11:15:00+05:30,3585.1,3589.95,3582.05,3589.9,528,
2024-01-25 11:16:00+05:30,3589.9,3592.45,3588.9,3591.1,1395,
2024-01-25 11:17:00+05:30,3591.05,3591.5,3589.55,3590,274,
2024-01-25 11:18:00+05:30,3590,3597.6,3590,3596.1,1169,
2024-01-25 11:19:00+05:30,3595.45,3596.95,3595,3595.2,340,
2024-01-25 11:20:00+05:30,3595.2,3595.35,3595.2,3595.2,188,
2024-01-25 11:21:00+05:30,3595.25,3602,3595.2,3601.2,1211,
2024-01-25 11:22:00+05:30,3601.2,3603.6,3600.45,3601.95,749,
2024-01-25 11:23:00+05:30,3601.95,3602.05,3598.85,3601.25,463,
2024-01-25 11:24:00+05:30,3601.6,3602.7,3599.35,3600.3,430,
2024-01-25 11:25:00+05:30,3600.3,3601.9,3599.85,3599.95,290,
2024-01-25 11:26:00+05:30,3600.05,3600.85,3596.5,3597.75,554,
2024-01-25 11:27:00+05:30,3597.75,3597.75,3592.05,3593.75,786,
2024-01-25 11:28:00+05:30,3593.75,3594.8,3591.2,3591.2,328,
2024-01-25 11:29:00+05:30,3591.2,3597.4,3591.15,3596.85,655,
2024-01-25 11:30:00+05:30,3595.65,3597.9,3595.1,3595.4,295,
2024-01-25 11:31:00+05:30,3595.35,3595.4,3591.1,3592.15,1461,
2024-01-25 11:32:00+05:30,3592.5,3592.5,3590.6,3590.75,242,
2024-01-25 11:33:00+05:30,3590.6,3590.75,3588,3588.5,619,
2024-01-25 11:34:00+05:30,3588.5,3588.5,3585.45,3586.5,736,
2024-01-25 11:35:00+05:30,3586.5,3586.5,3585,3585,517,
2024-01-25 11:36:00+05:30,3584.7,3590.65,3584.7,3588.9,288,
2024-01-25 11:37:00+05:30,3590.55,3592.4,3588.9,3590.35,1093,
2024-01-25 11:38:00+05:30,3590.35,3592.75,3589.6,3591.15,288,
2024-01-25 11:39:00+05:30,3590.95,3598.45,3590.95,3598.45,1209,
2024-01-25 11:40:00+05:30,3595.05,3595.6,3590.05,3594.05,827,
2024-01-25 11:41:00+05:30,3592.7,3596.65,3592.7,3595.8,315,
2024-01-25 11:42:00+05:30,3595.8,3599.35,3595,3597.95,338,
2024-01-25 11:43:00+05:30,3596.5,3597.95,3593.1,3593.1,214,
2024-01-25 11:44:00+05:30,3593.1,3593.9,3590.35,3593.15,2077,
2024-01-25 11:45:00+05:30,3593.25,3593.25,3588.05,3590.5,381,
2024-01-25 11:46:00+05:30,3592.55,3595.05,3590.05,3595,415,
2024-01-25 11:47:00+05:30,3594.1,3598,3593.25,3596.1,449,
2024-01-25 11:48:00+05:30,3596.1,3597.4,3595,3596.05,283,
2024-01-25 11:49:00+05:30,3595.05,3596.05,3591.65,3592.45,399,
2024-01-25 11:50:00+05:30,3593.7,3593.7,3590.1,3590.55,390,
2024-01-25 11:51:00+05:30,3591.95,3591.95,3590.05,3591.8,373,
2024-01-25 11:52:00+05:30,3591.8,3591.95,3590.15,3591.3,383,
2024-01-25 11:53:00+05:30,3591.65,3591.7,3590,3590.5,320,
2024-01-25 11:54:00+05:30,3590.5,3591,3588,3590.2,678,
2024-01-25 11:55:00+05:30,3590,3590.4,3586.75,3587.95,271,
2024-01-25 11:56:00+05:30,3587.3,3590.95,3585.6,3588.65,334,
2024-01-25 11:57:00+05:30,3586.2,3590.8,3585.8,3589.3,341,
2024-01-25 11:58:00+05:30,3589.3,3591.15,3588.4,3591.1,341,
2024-01-25 11:59:00+05:30,3591.15,3591.45,3589.85,3591.25,293,
2024-01-25 12:00:00+05:30,3591.25,3591.45,3586.5,3586.5,433,
2024-01-25 12:01:00+05:30,3586.55,3591.45,3586.55,3591.2,166,
2024-01-25 12:02:00+05:30,3591.2,3591.2,3587.6,3588.25,344,
2024-01-25 12:03:00+05:30,3588.25,3590.35,3588.15,3588.95,255,
2024-01-25 12:04:00+05:30,3588.95,3590,3586.6,3589.85,693,
2024-01-25 12:05:00+05:30,3589.85,3589.85,3586,3588.4,372,
2024-01-25 12:06:00+05:30,3588.25,3589.05,3586.6,3587.5,212,
2024-01-25 12:07:00+05:30,3587.5,3589.35,3583,3583,1546,
2024-01-25 12:08:00+05:30,3582.9,3584.95,3581.25,3584.1,751,
2024-01-25 12:09:00+05:30,3581,3582.9,3580.6,3581.3,1446,
2024-01-25 12:10:00+05:30,3581.3,3582.35,3580.6,3580.95,308,
2024-01-25 12:11:00+05:30,3580.75,3583.65,3580.5,3582.55,516,
2024-01-25 12:12:00+05:30,3582.55,3583.25,3581.2,3583.2,358,
2024-01-25 12:13:00+05:30,3583.2,3587.25,3582,3585.85,316,
2024-01-25 12:14:00+05:30,3585.85,3588,3584.05,3586.2,240,
2024-01-25 12:15:00+05:30,3586.25,3588,3584.05,3585.5,451,
2024-01-25 12:16:00+05:30,3585.5,3587.95,3584.05,3584.05,251,
2024-01-25 12:17:00+05:30,3585.1,3586.45,3583,3585.85,241,
2024-01-25 12:18:00+05:30,3585.85,3587.5,3583,3583,342,
2024-01-25 12:19:00+05:30,3582.55,3583.95,3581.3,3583,159,
2024-01-25 12:20:00+05:30,3583.6,3585.4,3583,3583.65,535,
2024-01-25 12:21:00+05:30,3583.7,3584.5,3582,3582.4,419,
2024-01-25 12:22:00+05:30,3582.4,3588.4,3582.4,3587.55,574,
2024-01-25 12:23:00+05:30,3587.55,3588,3585.85,3586.45,141,
2024-01-25 12:24:00+05:30,3587.95,3587.95,3585.9,3586.3,133,
2024-01-25 12:25:00+05:30,3587.75,3590,3586.4,3588.3,230,
2024-01-25 12:26:00+05:30,3588.3,3590.9,3588.3,3589.95,332,
2024-01-25 12:27:00+05:30,3589.95,3592.65,3589.05,3590.7,1200,
2024-01-25 12:28:00+05:30,3590.7,3591.45,3588.55,3589.05,159,
2024-01-25 12:29:00+05:30,3589.05,3589.85,3586,3586,549,
2024-01-25 12:30:00+05:30,3586,3587.8,3585,3586.15,186,
2024-01-25 12:31:00+05:30,3587.55,3587.75,3585.55,3587,295,
2024-01-25 12:32:00+05:30,3587,3589,3586,3587,301,
2024-01-25 12:33:00+05:30,3587.9,3588.45,3584.1,3584.35,688,
2024-01-25 12:34:00+05:30,3585.8,3588.45,3585.1,3586.35,225,
2024-01-25 12:35:00+05:30,3586.95,3589.7,3586.4,3588.4,329,
2024-01-25 12:36:00+05:30,3588.05,3589.4,3587.55,3589.25,2549,
2024-01-25 12:37:00+05:30,3589.25,3589.3,3585.9,3585.9,200,
2024-01-25 12:38:00+05:30,3585.9,3589.25,3585.4,3588.9,742,
2024-01-25 12:39:00+05:30,3590,3591.5,3588.05,3588.95,293,
2024-01-25 12:40:00+05:30,3589.95,3590,3588,3589.45,211,
2024-01-25 12:41:00+05:30,3589.4,3590,3588,3588.4,179,
2024-01-25 12:42:00+05:30,3588.4,3589,3585.05,3585.05,169,
2024-01-25 12:43:00+05:30,3585.05,3587.35,3582.8,3586.5,545,
2024-01-25 12:44:00+05:30,3586.45,3586.45,3583.85,3585.95,160,
2024-01-25 12:45:00+05:30,3585.95,3586,3584,3584.05,93,
2024-01-25 12:46:00+05:30,3584.05,3586.1,3583.05,3584.85,261,
2024-01-25 12:47:00+05:30,3584.85,3585.25,3581.5,3582.5,140,
2024-01-25 12:48:00+05:30,3582.7,3583.75,3580,3581.8,1298,
2024-01-25 12:49:00+05:30,3581.8,3584.55,3578.5,3580.75,619,
2024-01-25 12:50:00+05:30,3580.75,3583.05,3580,3581.3,414,
2024-01-25 12:51:00+05:30,3581.3,3582.45,3580.15,3581.25,122,
2024-01-25 12:52:00+05:30,3581.25,3582.4,3581,3581,151,
2024-01-25 12:53:00+05:30,3581,3582.8,3577.6,3580.05,686,
2024-01-25 12:54:00+05:30,3580.05,3580.05,3576.3,3576.85,273,
2024-01-25 12:55:00+05:30,3576.85,3576.95,3573.05,3573.5,1385,
2024-01-25 12:56:00+05:30,3575.25,3575.4,3573,3573.1,832,
2024-01-25 12:57:00+05:30,3573.1,3575.25,3573.1,3574.5,493,
2024-01-25 12:58:00+05:30,3575,3576,3573.55,3575.6,997,
2024-01-25 12:59:00+05:30,3575.3,3575.9,3573.5,3574.9,315,
2024-01-25 13:00:00+05:30,3573.55,3576.3,3573.5,3575.1,247,
2024-01-25 13:01:00+05:30,3576.25,3576.25,3573.85,3575.25,187,
2024-01-25 13:02:00+05:30,3574.3,3579.55,3574.3,3578.95,265,
2024-01-25 13:03:00+05:30,3579.4,3581.75,3577.7,3580,556,
2024-01-25 13:04:00+05:30,3580,3581,3578.75,3579.5,287,
2024-01-25 13:05:00+05:30,3579.5,3579.55,3578.65,3578.65,174,
2024-01-25 13:06:00+05:30,3578.7,3579.15,3573.95,3577.65,519,
2024-01-25 13:07:00+05:30,3577.65,3578.55,3574.6,3576,412,
2024-01-25 13:08:00+05:30,3576.05,3576.5,3575,3575.1,275,
2024-01-25 13:09:00+05:30,3575.15,3577,3575.05,3575.25,237,
2024-01-25 13:10:00+05:30,3576.5,3577.75,3575.3,3576,230,
2024-01-25 13:11:00+05:30,3576,3578,3575.45,3576.6,128,
2024-01-25 13:12:00+05:30,3577.25,3581,3576.1,3580.05,345,
2024-01-25 13:13:00+05:30,3580,3580.9,3580,3580,214,
2024-01-25 13:14:00+05:30,3580,3580.8,3580,3580,212,
2024-01-25 13:15:00+05:30,3580,3582,3580,3581.2,711,
2024-01-25 13:16:00+05:30,3581.2,3584.4,3581.2,3581.45,896,
2024-01-25 13:17:00+05:30,3581.95,3583,3580,3580,604,
2024-01-25 13:18:00+05:30,3580,3580.05,3578.05,3578.05,271,
2024-01-25 13:19:00+05:30,3578.95,3580,3577,3577.65,359,
2024-01-25 13:20:00+05:30,3578.4,3579.85,3577,3579.85,443,
2024-01-25 13:21:00+05:30,3579.5,3579.55,3576.6,3578.4,867,
2024-01-25 13:22:00+05:30,3577.25,3580.05,3576.1,3580,2256,
2024-01-25 13:23:00+05:30,3580,3580.05,3578.1,3578.15,119,
2024-01-25 13:24:00+05:30,3580,3580,3578.05,3578.15,178,
2024-01-25 13:25:00+05:30,3578.45,3578.45,3575.25,3576.7,258,
2024-01-25 13:26:00+05:30,3576.95,3577.1,3575.35,3575.45,174,
2024-01-25 13:27:00+05:30,3576.65,3577.45,3575.45,3576,330,
2024-01-25 13:28:00+05:30,3576.65,3579.15,3576.4,3576.4,162,
2024-01-25 13:29:00+05:30,3576.15,3580,3576,3578.2,457,
2024-01-25 13:30:00+05:30,3578.25,3581.65,3578.1,3581,936,
2024-01-25 13:31:00+05:30,3581,3582.1,3579,3581.3,1163,
2024-01-25 13:32:00+05:30,3581.3,3583.9,3580.05,3583,930,
2024-01-25 13:33:00+05:30,3583,3584.95,3582,3584.2,1187,
2024-01-25 13:34:00+05:30,3584.2,3586.25,3583.7,3585.95,894,
2024-01-25 13:35:00+05:30,3585.95,3586.45,3583.05,3585,340,
2024-01-25 13:36:00+05:30,3585,3585.05,3583.65,3583.7,132,
2024-01-25 13:37:00+05:30,3583.7,3585.05,3583.1,3583.95,118,
2024-01-25 13:38:00+05:30,3583.95,3585,3582.45,3584.25,271,
2024-01-25 13:39:00+05:30,3583.35,3585,3582.35,3583.15,154,
2024-01-25 13:40:00+05:30,3583.15,3585,3583.15,3584,178,
2024-01-25 13:41:00+05:30,3584.95,3585.5,3584,3585,289,
2024-01-25 13:42:00+05:30,3585,3586,3585,3585.1,190,
2024-01-25 13:43:00+05:30,3585.1,3586,3585,3585.6,183,
2024-01-25 13:44:00+05:30,3585.95,3586,3585.05,3585.5,592,
2024-01-25 13:45:00+05:30,3585.85,3587.45,3585.45,3585.45,258,
2024-01-25 13:46:00+05:30,3585.5,3587.55,3585.45,3585.45,267,
2024-01-25 13:47:00+05:30,3585.45,3586.45,3585,3585,978,
2024-01-25 13:48:00+05:30,3585,3586.55,3585,3585,458,
2024-01-25 13:49:00+05:30,3585.3,3586,3585,3585.4,177,
2024-01-25 13:50:00+05:30,3585.4,3586.55,3585,3585.25,449,
2024-01-25 13:51:00+05:30,3585.25,3586.9,3585.05,3585.55,124,
2024-01-25 13:52:00+05:30,3585.55,3586.25,3585,3585.05,231,
2024-01-25 13:53:00+05:30,3585,3586,3585,3585,407,
2024-01-25 13:54:00+05:30,3585,3586.5,3585,3585,396,
2024-01-25 13:55:00+05:30,3585,3586.1,3584.7,3585,214,
2024-01-25 13:56:00+05:30,3585,3586.5,3585,3585.15,83,
2024-01-25 13:57:00+05:30,3585.15,3586.85,3585,3585.05,224,
2024-01-25 13:58:00+05:30,3585.05,3587.35,3585,3585.6,211,
2024-01-25 13:59:00+05:30,3585.6,3587.45,3585,3586,231,
2024-01-25 14:00:00+05:30,3585,3586.75,3582.9,3585.05,1942,
2024-01-25 14:01:00+05:30,3585.05,3586.8,3585,3586.3,386,
2024-01-25 14:02:00+05:30,3586.3,3586.85,3585,3585.05,556,
2024-01-25 14:03:00+05:30,3585.05,3586.4,3585,3585.75,215,
2024-01-25 14:04:00+05:30,3585.75,3586.4,3585,3585.1,296,
2024-01-25 14:05:00+05:30,3585.1,3585.5,3584.1,3584.7,187,
2024-01-25 14:06:00+05:30,3584.1,3588.85,3584.1,3585.45,586,
2024-01-25 14:07:00+05:30,3585.45,3587.35,3583.15,3585,2031,
2024-01-25 14:08:00+05:30,3585,3585.5,3580.95,3581.3,486,
2024-01-25 14:09:00+05:30,3581.3,3582.75,3577.55,3577.55,498,
2024-01-25 14:10:00+05:30,3578.5,3578.5,3575,3575.35,595,
2024-01-25 14:11:00+05:30,3575.35,3576.05,3574,3574.25,131,
2024-01-25 14:12:00+05:30,3574.95,3575.85,3574,3574.25,158,
2024-01-25 14:13:00+05:30,3574.25,3574.25,3573.05,3573.05,330,
2024-01-25 14:14:00+05:30,3573,3573.5,3568.05,3568.05,1366,
2024-01-25 14:15:00+05:30,3569.7,3569.7,3564.45,3565.55,912,
2024-01-25 14:16:00+05:30,3565.55,3568.75,3560.2,3561.05,1312,
2024-01-25 14:17:00+05:30,3561.75,3561.75,3557.05,3557.3,2661,
2024-01-25 14:18:00+05:30,3557.3,3561.65,3556.05,3560.9,1159,
2024-01-25 14:19:00+05:30,3560.9,3563.55,3560,3561.8,1199,
2024-01-25 14:20:00+05:30,3561.8,3562.8,3559,3559,757,
2024-01-25 14:21:00+05:30,3559.05,3560,3558,3558,538,
2024-01-25 14:22:00+05:30,3558.9,3560,3557.5,3558,692,
2024-01-25 14:23:00+05:30,3558.05,3560.5,3555.25,3556,1801,
2024-01-25 14:24:00+05:30,3556,3556.75,3550.3,3551,2222,
2024-01-25 14:25:00+05:30,3550,3555.05,3550,3551.65,3280,
2024-01-25 14:26:00+05:30,3552.3,3558,3552,3556,1396,
2024-01-25 14:27:00+05:30,3556,3557.95,3555.05,3557.95,1012,
2024-01-25 14:28:00+05:30,3558,3560.75,3556,3559.05,820,
2024-01-25 14:29:00+05:30,3559.05,3561.75,3556.85,3557.35,1098,
2024-01-25 14:30:00+05:30,3558.2,3563.95,3557.4,3560.75,294,
2024-01-25 14:31:00+05:30,3560.8,3561.4,3558,3560,1120,
2024-01-25 14:32:00+05:30,3559.35,3561.1,3552,3552,1148,
2024-01-25 14:33:00+05:30,3552,3554.45,3547.8,3552.5,2678,
2024-01-25 14:34:00+05:30,3553.75,3558.05,3552.35,3553.05,649,
2024-01-25 14:35:00+05:30,3553.6,3558.6,3552.6,3555.15,508,
2024-01-25 14:36:00+05:30,3555.15,3556.9,3553.05,3555.6,1483,
2024-01-25 14:37:00+05:30,3555.6,3557,3554.05,3555,523,
2024-01-25 14:38:00+05:30,3555,3557,3552.85,3553.15,811,
2024-01-25 14:39:00+05:30,3554.15,3556,3552.05,3553.15,1093,
2024-01-25 14:40:00+05:30,3553.15,3556,3553.15,3554.65,549,
2024-01-25 14:41:00+05:30,3555.3,3555.9,3553.2,3555.5,588,
2024-01-25 14:42:00+05:30,3555.05,3555.4,3550.1,3550.65,1007,
2024-01-25 14:43:00+05:30,3550.1,3553.05,3550.1,3551,1181,
2024-01-25 14:44:00+05:30,3550.65,3552.3,3547.6,3547.6,1684,
2024-01-25 14:45:00+05:30,3547.6,3553.95,3547.25,3552,859,
2024-01-25 14:46:00+05:30,3552,3557,3550.95,3553.05,1259,
2024-01-25 14:47:00+05:30,3553.05,3558,3553,3556.55,1287,
2024-01-25 14:48:00+05:30,3556.6,3557.95,3555.2,3556.1,395,
2024-01-25 14:49:00+05:30,3556.05,3558,3552.2,3552.2,1963,
2024-01-25 14:50:00+05:30,3552.25,3554.05,3551.05,3552.45,802,
2024-01-25 14:51:00+05:30,3552.5,3554.65,3550,3552.5,3144,
2024-01-25 14:52:00+05:30,3552.55,3553.5,3550.15,3553,927,
2024-01-25 14:53:00+05:30,3553.5,3555.15,3551.7,3555,807,
2024-01-25 14:54:00+05:30,3555,3561,3551.7,3551.7,3230,
2024-01-25 14:55:00+05:30,3550.5,3553.2,3550.5,3552.8,464,
2024-01-25 14:56:00+05:30,3552.8,3559.95,3551.45,3557.05,820,
2024-01-25 14:57:00+05:30,3558.55,3560,3555.65,3555.65,1233,
2024-01-25 14:58:00+05:30,3556.35,3558.75,3555,3556.3,1091,
2024-01-25 14:59:00+05:30,3556.3,3556.8,3550.25,3553.4,933,
2024-01-25 15:00:00+05:30,3552.8,3565,3552.8,3563.8,3222,
2024-01-25 15:01:00+05:30,3565,3570.5,3562.05,3570.5,3786,
2024-01-25 15:02:00+05:30,3572.2,3573.5,3568.35,3571.5,3261,
2024-01-25 15:03:00+05:30,3571.45,3573.25,3569.1,3570.3,2755,
2024-01-25 15:04:00+05:30,3571.05,3573.45,3568.3,3571.15,2406,
2024-01-25 15:05:00+05:30,3570.9,3578.3,3570.9,3575.45,3680,
2024-01-25 15:06:00+05:30,3576.15,3578,3575,3576.05,2532,
2024-01-25 15:07:00+05:30,3575.7,3578.2,3574.45,3578.1,2116,
2024-01-25 15:08:00+05:30,3577.15,3581.05,3576.2,3580.95,2850,
2024-01-25 15:09:00+05:30,3580,3582.9,3577.55,3578.8,3817,
2024-01-25 15:10:00+05:30,3581,3581,3573.45,3576.35,3633,
2024-01-25 15:11:00+05:30,3576.35,3581.55,3574.8,3576.05,3284,
2024-01-25 15:12:00+05:30,3576.05,3583.4,3576.05,3581.95,6027,
2024-01-25 15:13:00+05:30,3581.3,3586.85,3578.6,3584.15,6014,
2024-01-25 15:14:00+05:30,3583.7,3586.85,3583.7,3585.95,3976,
2024-01-25 15:15:00+05:30,3585.55,3594.5,3585.05,3589.3,9215,
2024-01-25 15:16:00+05:30,3589.3,3594.75,3585.1,3587.1,4760,
2024-01-25 15:17:00+05:30,3587.6,3591.75,3582.85,3588.25,2653,
2024-01-25 15:18:00+05:30,3588.25,3591.45,3584,3587.5,5631,
2024-01-25 15:19:00+05:30,3588.6,3590.25,3586.35,3588.05,3730,
2024-01-25 15:20:00+05:30,3590.1,3599,3583.95,3588.6,11137,
2024-01-25 15:21:00+05:30,3587.2,3595.9,3586.8,3592.65,6762,
2024-01-25 15:22:00+05:30,3592.65,3595.65,3587.2,3589.4,5286,
2024-01-25 15:23:00+05:30,3589.25,3589.95,3579.25,3581,5389,
2024-01-25 15:24:00+05:30,3581,3583.5,3572.9,3579,5139,
2024-01-25 15:25:00+05:30,3575.95,3577.2,3569.25,3574.75,3832,
2024-01-25 15:26:00+05:30,3573.4,3577.6,3560,3568.65,5359,
2024-01-25 15:27:00+05:30,3568.4,3570.7,3557.55,3560.85,4922,
2024-01-25 15:28:00+05:30,3560.85,3568.8,3552,3565.8,11049,
2024-01-25 15:29:00+05:30,3561,3566.65,3547.5,3555,4353,
2024-01-29 09:15:00+05:30,3578,3578.9,3550.1,3565.75,5021,
2024-01-29 09:16:00+05:30,3561.9,3569.5,3553.9,3568.65,3183,
2024-01-29 09:17:00+05:30,3568.65,3568.65,3558.05,3558.05,1326,
2024-01-29 09:18:00+05:30,3558.05,3568.85,3558.05,3563.45,1174,
2024-01-29 09:19:00+05:30,3563.9,3567.05,3559.2,3561.95,1741,
2024-01-29 09:20:00+05:30,3561.1,3574.1,3561.1,3567.5,2429,
2024-01-29 09:21:00+05:30,3568.95,3578.4,3568.9,3576.7,3943,
2024-01-29 09:22:00+05:30,3576.7,3586,3572.45,3575.8,3058,
2024-01-29 09:23:00+05:30,3577.9,3579.35,3571.45,3577.35,1076,
2024-01-29 09:24:00+05:30,3577.35,3579.3,3573,3574,2338,
2024-01-29 09:25:00+05:30,3575.55,3579.75,3574.1,3578.4,1708,
2024-01-29 09:26:00+05:30,3578.4,3578.7,3572,3573.95,626,
2024-01-29 09:27:00+05:30,3573.75,3577.85,3567.35,3568.45,1510,
2024-01-29 09:28:00+05:30,3568.45,3577.8,3568.45,3576,396,
2024-01-29 09:29:00+05:30,3575.35,3578.9,3573.5,3575.6,2289,
2024-01-29 09:30:00+05:30,3575.35,3577.25,3568.5,3568.5,3639,
2024-01-29 09:31:00+05:30,3569.6,3574.5,3569.6,3573.9,1277,
2024-01-29 09:32:00+05:30,3573.9,3573.9,3568,3569.2,1913,
2024-01-29 09:33:00+05:30,3569.2,3576.95,3569.2,3575.65,572,
2024-01-29 09:34:00+05:30,3576.55,3579.85,3574.4,3576,514,
2024-01-29 09:35:00+05:30,3576,3576,3567.8,3567.8,701,
2024-01-29 09:36:00+05:30,3567.85,3569.6,3565,3565.7,2078,
2024-01-29 09:37:00+05:30,3565.05,3567.8,3564,3566.4,903,
2024-01-29 09:38:00+05:30,3566.4,3569.1,3566,3568.05,556,
2024-01-29 09:39:00+05:30,3568.05,3568.3,3564.6,3565.4,670,
2024-01-29 09:40:00+05:30,3565.4,3566.1,3561.05,3562.1,2535,
2024-01-29 09:41:00+05:30,3563.1,3568.75,3562.05,3564.7,1246,
2024-01-29 09:42:00+05:30,3563.95,3564.3,3561,3561.7,874,
2024-01-29 09:43:00+05:30,3562.25,3564.95,3560.4,3560.4,609,
2024-01-29 09:44:00+05:30,3560.4,3562.6,3558,3558.65,1089,
2024-01-29 09:45:00+05:30,3558.65,3559.2,3553,3554.95,2526,
2024-01-29 09:46:00+05:30,3555,3557.65,3553.6,3553.6,873,
2024-01-29 09:47:00+05:30,3553.6,3556.95,3553.6,3556.95,1206,
2024-01-29 09:48:00+05:30,3555.45,3558.35,3555.2,3558,1554,
2024-01-29 09:49:00+05:30,3558,3558.9,3555.45,3556.6,1209,
2024-01-29 09:50:00+05:30,3556.6,3558.8,3550.6,3551,2355,
2024-01-29 09:51:00+05:30,3551,3555.95,3550.8,3553.2,782,
2024-01-29 09:52:00+05:30,3553.2,3557.95,3553.2,3555.65,1150,
2024-01-29 09:53:00+05:30,3555.65,3559.2,3555.65,3557.1,644,
2024-01-29 09:54:00+05:30,3557.6,3560,3556.7,3560,620,
2024-01-29 09:55:00+05:30,3559.95,3561.9,3554.3,3554.3,1161,
2024-01-29 09:56:00+05:30,3554.2,3557.05,3553.65,3554.95,571,
2024-01-29 09:57:00+05:30,3554.95,3556.9,3551.7,3552.5,1598,
2024-01-29 09:58:00+05:30,3552.2,3558.55,3551.1,3557.95,982,
2024-01-29 09:59:00+05:30,3559.95,3562.7,3558.4,3561.4,650,
2024-01-29 10:00:00+05:30,3561.5,3565,3560.75,3563.95,1449,
2024-01-29 10:01:00+05:30,3564,3565,3560.65,3561.2,881,
2024-01-29 10:02:00+05:30,3561.2,3563.35,3560.4,3563.35,229,
2024-01-29 10:03:00+05:30,3563.35,3564.8,3561.6,3564.3,392,
2024-01-29 10:04:00+05:30,3564.3,3565,3562,3563.5,1688,
2024-01-29 10:05:00+05:30,3563.5,3563.55,3562.5,3562.5,267,
2024-01-29 10:06:00+05:30,3562.5,3567.35,3562.5,3564.7,1535,
2024-01-29 10:07:00+05:30,3564.7,3567,3564.7,3564.75,781,
2024-01-29 10:08:00+05:30,3565.05,3566.4,3563.95,3564.75,220,
2024-01-29 10:09:00+05:30,3564.75,3565.75,3563.2,3564.35,175,
2024-01-29 10:10:00+05:30,3564.35,3567,3564.35,3566.5,543,
2024-01-29 10:11:00+05:30,3567.1,3567.15,3564.05,3566.35,449,
2024-01-29 10:12:00+05:30,3565,3567.6,3564.85,3567,201,
2024-01-29 10:13:00+05:30,3565.9,3566.65,3562.5,3563.3,573,
2024-01-29 10:14:00+05:30,3563.9,3565.6,3561.5,3561.5,469,
2024-01-29 10:15:00+05:30,3561.5,3564.25,3561.5,3563.3,247,
2024-01-29 10:16:00+05:30,3563.3,3563.95,3561.5,3561.55,300,
2024-01-29 10:17:00+05:30,3561.55,3562.9,3559.4,3559.4,531,
2024-01-29 10:18:00+05:30,3560.15,3562.6,3559.8,3561.5,138,
2024-01-29 10:19:00+05:30,3561.5,3561.5,3556.2,3558.15,421,
2024-01-29 10:20:00+05:30,3558.15,3561.5,3556.05,3561.5,298,
2024-01-29 10:21:00+05:30,3561.5,3561.5,3556.8,3556.9,270,
2024-01-29 10:22:00+05:30,3556.9,3563,3555.35,3560.9,743,
2024-01-29 10:23:00+05:30,3562.85,3563.95,3559.45,3561.8,342,
2024-01-29 10:24:00+05:30,3561.8,3563.45,3560.3,3562.65,240,
2024-01-29 10:25:00+05:30,3562.5,3564,3561.85,3563.05,347,
2024-01-29 10:26:00+05:30,3562.75,3565,3562.45,3564.65,183,
2024-01-29 10:27:00+05:30,3564.65,3565,3560.35,3561.2,257,
2024-01-29 10:28:00+05:30,3561.25,3563.9,3560.4,3561.7,905,
2024-01-29 10:29:00+05:30,3561.7,3563.85,3560.35,3561.2,189,
2024-01-29 10:30:00+05:30,3560.8,3563.7,3556.55,3557.95,396,
2024-01-29 10:31:00+05:30,3558.4,3559.95,3556.2,3556.2,428,
2024-01-29 10:32:00+05:30,3556.2,3556.9,3554.15,3554.85,918,
2024-01-29 10:33:00+05:30,3554.85,3557,3554.25,3557,2788,
2024-01-29 10:34:00+05:30,3556.7,3559.55,3555.5,3557.4,1744,
2024-01-29 10:35:00+05:30,3557.4,3564,3557.4,3562.85,670,
2024-01-29 10:36:00+05:30,3562.85,3565,3562.5,3564.1,620,
2024-01-29 10:37:00+05:30,3563.9,3565.05,3563,3565,237,
2024-01-29 10:38:00+05:30,3565,3566,3565,3565,195,
2024-01-29 10:39:00+05:30,3565,3570.7,3565,3570.45,1321,
2024-01-29 10:40:00+05:30,3570.1,3577,3570.1,3575.2,1958,
2024-01-29 10:41:00+05:30,3575.6,3578.9,3574.5,3576.4,3273,
2024-01-29 10:42:00+05:30,3576.4,3581.7,3576.35,3581.7,896,
2024-01-29 10:43:00+05:30,3580.45,3583.85,3578.15,3583,1309,
2024-01-29 10:44:00+05:30,3582.55,3585,3579,3581.8,2572,
2024-01-29 10:45:00+05:30,3580.55,3581.35,3577.3,3578,1596,
2024-01-29 10:46:00+05:30,3578.75,3583.45,3578.75,3582.2,616,
2024-01-29 10:47:00+05:30,3582.2,3582.9,3572.7,3574.3,5641,
2024-01-29 10:48:00+05:30,3576.25,3576.25,3569.55,3572,442,
2024-01-29 10:49:00+05:30,3571.9,3576.15,3570.3,3575.65,767,
2024-01-29 10:50:00+05:30,3575.65,3576,3570,3572.35,613,
2024-01-29 10:51:00+05:30,3572.35,3576.4,3572.05,3576.4,1154,
2024-01-29 10:52:00+05:30,3572.05,3573.8,3570,3570,1607,
2024-01-29 10:53:00+05:30,3570.55,3575.5,3570.55,3573.55,286,
2024-01-29 10:54:00+05:30,3573.55,3576.2,3571.7,3576.2,430,
2024-01-29 10:55:00+05:30,3576.2,3576.2,3571.7,3573,141,
2024-01-29 10:56:00+05:30,3571.9,3574.45,3571.9,3574.45,177,
2024-01-29 10:57:00+05:30,3574.45,3578.5,3574.05,3577.1,990,
2024-01-29 10:58:00+05:30,3578.5,3578.9,3574.05,3577.05,1437,
2024-01-29 10:59:00+05:30,3576.1,3577.1,3573.05,3575,1870,
2024-01-29 11:00:00+05:30,3575.1,3579.1,3575,3577.45,432,
2024-01-29 11:01:00+05:30,3577.45,3579.6,3575.05,3576.45,883,
2024-01-29 11:02:00+05:30,3579.3,3579.6,3577.45,3578.75,442,
2024-01-29 11:03:00+05:30,3578.75,3579.35,3577.55,3577.75,116,
2024-01-29 11:04:00+05:30,3579.3,3583.85,3577.7,3583,2731,
2024-01-29 11:05:00+05:30,3583,3584.6,3580.8,3582.5,775,
2024-01-29 11:06:00+05:30,3582.5,3584.45,3575,3583.9,95515,
2024-01-29 11:07:00+05:30,3581.6,3584.45,3578.7,3581.7,1879,
2024-01-29 11:08:00+05:30,3581.65,3584.75,3580,3584.25,814,
2024-01-29 11:09:00+05:30,3582.05,3584.9,3576.2,3579.95,1453,
2024-01-29 11:10:00+05:30,3579.95,3584.8,3578.85,3582.2,1038,
2024-01-29 11:11:00+05:30,3580.65,3583.35,3574.85,3576.2,101499,
2024-01-29 11:12:00+05:30,3576.2,3578.3,3572.7,3574.7,548,
2024-01-29 11:13:00+05:30,3572.7,3574.7,3570.05,3570.05,308,
2024-01-29 11:14:00+05:30,3566.2,3572,3565.3,3572,1519,
2024-01-29 11:15:00+05:30,3572,3575.1,3570.85,3575.1,1832,
2024-01-29 11:16:00+05:30,3575.1,3575.1,3571.55,3575.1,50639,
2024-01-29 11:17:00+05:30,3575.1,3576.75,3572.35,3574.9,479,
2024-01-29 11:18:00+05:30,3573.55,3578.6,3573.55,3578.6,365,
2024-01-29 11:19:00+05:30,3577.7,3577.7,3571.15,3573.35,1552,
2024-01-29 11:20:00+05:30,3573.3,3574.4,3571.65,3572.55,293,
2024-01-29 11:21:00+05:30,3572.55,3572.55,3567.25,3569,725,
2024-01-29 11:22:00+05:30,3569,3570.65,3567.8,3569.55,237,
2024-01-29 11:23:00+05:30,3569.55,3571.45,3568.6,3569.95,422,
2024-01-29 11:24:00+05:30,3569.95,3570.9,3568.05,3569.35,181,
2024-01-29 11:25:00+05:30,3569.35,3572.4,3567.45,3570.7,477,
2024-01-29 11:26:00+05:30,3572.3,3572.55,3570.9,3571.95,398,
2024-01-29 11:27:00+05:30,3571.95,3572,3569.2,3572,197,
2024-01-29 11:28:00+05:30,3572,3572,3568.6,3569.45,257,
2024-01-29 11:29:00+05:30,3569.25,3572,3568.5,3571,492,
2024-01-29 11:30:00+05:30,3570.9,3574.95,3569.75,3574.9,607,
2024-01-29 11:31:00+05:30,3574.9,3575.8,3570,3572.1,1015,
2024-01-29 11:32:00+05:30,3572.1,3573.95,3572.1,3573.7,178,
2024-01-29 11:33:00+05:30,3573.7,3574,3572.7,3573.65,175,
2024-01-29 11:34:00+05:30,3573.65,3574.7,3572.85,3574.55,139,
2024-01-29 11:35:00+05:30,3574.55,3574.95,3573.05,3574.05,198,
2024-01-29 11:36:00+05:30,3574.05,3577,3573.7,3575.25,338,
2024-01-29 11:37:00+05:30,3575.25,3577.1,3574.4,3575.2,4731,
2024-01-29 11:38:00+05:30,3575.05,3578.6,3575,3577.5,296,
2024-01-29 11:39:00+05:30,3577.5,3577.7,3575,3575.75,268,
2024-01-29 11:40:00+05:30,3575.75,3577.5,3575,3575.6,585,
2024-01-29 11:41:00+05:30,3575.6,3575.65,3572.7,3574.15,423,
2024-01-29 11:42:00+05:30,3574.2,3574.3,3572.15,3573,862,
2024-01-29 11:43:00+05:30,3573,3574.35,3572.7,3574.35,327,
2024-01-29 11:44:00+05:30,3574.4,3574.6,3573,3574.2,149,
2024-01-29 11:45:00+05:30,3574.2,3576,3574.15,3575,177,
2024-01-29 11:46:00+05:30,3575,3575.95,3573,3573.75,917,
2024-01-29 11:47:00+05:30,3574.85,3575,3572,3573.85,953,
2024-01-29 11:48:00+05:30,3572.15,3575.1,3571.5,3575.1,386,
2024-01-29 11:49:00+05:30,3575.1,3575.35,3574,3575,554,
2024-01-29 11:50:00+05:30,3575,3575.2,3574,3575.2,137,
2024-01-29 11:51:00+05:30,3575.05,3578.4,3575.05,3577.05,361,
2024-01-29 11:52:00+05:30,3576.75,3577.9,3576,3576.7,254,
2024-01-29 11:53:00+05:30,3576.7,3578.05,3576,3578.05,241,
2024-01-29 11:54:00+05:30,3578.1,3581.9,3578.05,3580.4,833,
2024-01-29 11:55:00+05:30,3580.4,3581.2,3576.05,3578.55,1317,
2024-01-29 11:56:00+05:30,3577.55,3578.4,3575.9,3575.9,221,
2024-01-29 11:57:00+05:30,3576.55,3578.5,3575.9,3577.8,456,
2024-01-29 11:58:00+05:30,3577.8,3577.8,3575.9,3576.2,257,
2024-01-29 11:59:00+05:30,3576.2,3577.95,3574,3575.35,77,
2024-01-29 12:00:00+05:30,3575,3575.45,3574.9,3575,389,
2024-01-29 12:01:00+05:30,3575,3576.4,3575,3576.4,147,
2024-01-29 12:02:00+05:30,3576.4,3576.4,3574.05,3575.05,186,
2024-01-29 12:03:00+05:30,3574.1,3575.5,3574.1,3575.5,167,
2024-01-29 12:04:00+05:30,3575.5,3575.5,3575,3575.35,179,
2024-01-29 12:05:00+05:30,3575.35,3576.85,3575,3575.7,218,
2024-01-29 12:06:00+05:30,3575.7,3577.7,3575.05,3575.1,363,
2024-01-29 12:07:00+05:30,3575.1,3576.15,3573.25,3575.2,324,
2024-01-29 12:08:00+05:30,3575.2,3575.5,3573.3,3574.5,137,
2024-01-29 12:09:00+05:30,3574.5,3574.8,3573.5,3574.75,117,
2024-01-29 12:10:00+05:30,3574.75,3575.2,3572.45,3573.5,292,
2024-01-29 12:11:00+05:30,3573.5,3575,3572.85,3574.95,313,
2024-01-29 12:12:00+05:30,3574.95,3575.75,3574.4,3574.4,214,
2024-01-29 12:13:00+05:30,3575,3575.05,3573.15,3575,163,
2024-01-29 12:14:00+05:30,3575,3577,3573.65,3575.65,445,
2024-01-29 12:15:00+05:30,3575.65,3576.75,3574.65,3575.65,104,
2024-01-29 12:16:00+05:30,3575.65,3576.35,3573.75,3574.6,205,
2024-01-29 12:17:00+05:30,3572.6,3576.15,3572.5,3575,334,
2024-01-29 12:18:00+05:30,3575,3576.85,3574.95,3576.05,135,
2024-01-29 12:19:00+05:30,3576.05,3580.55,3574.5,3574.5,2197,
2024-01-29 12:20:00+05:30,3575,3579.35,3571.05,3577.35,3885,
2024-01-29 12:21:00+05:30,3577.35,3581.75,3575.95,3576.55,2404,
2024-01-29 12:22:00+05:30,3576.85,3579.95,3576.05,3576.4,779,
2024-01-29 12:23:00+05:30,3576.4,3577.5,3574.05,3576.25,350,
2024-01-29 12:24:00+05:30,3576.25,3576.25,3573.9,3575,511,
2024-01-29 12:25:00+05:30,3575,3575.05,3573.4,3574.95,128,
2024-01-29 12:26:00+05:30,3574.8,3575.6,3573.9,3575.5,134,
2024-01-29 12:27:00+05:30,3575.5,3575.55,3573.1,3575.55,488,
2024-01-29 12:28:00+05:30,3575,3575.85,3573.75,3575.05,339,
2024-01-29 12:29:00+05:30,3575.05,3575.05,3571.55,3572.7,185,
2024-01-29 12:30:00+05:30,3572.7,3574.5,3572.4,3574.4,289,
2024-01-29 12:31:00+05:30,3573,3575.95,3573,3575,812,
2024-01-29 12:32:00+05:30,3575.2,3576.3,3573.7,3574.95,411,
2024-01-29 12:33:00+05:30,3575,3575.05,3573.75,3574.9,240,
2024-01-29 12:34:00+05:30,3574.9,3576.2,3574.8,3576.15,169,
2024-01-29 12:35:00+05:30,3576.15,3576.15,3575.1,3575.2,109,
2024-01-29 12:36:00+05:30,3575.2,3575.95,3575.1,3575.85,45,
2024-01-29 12:37:00+05:30,3575.85,3575.85,3572.65,3575,403,
2024-01-29 12:38:00+05:30,3575,3575.95,3573.6,3574.8,262,
2024-01-29 12:39:00+05:30,3574.8,3576.1,3574,3575.7,120,
2024-01-29 12:40:00+05:30,3575.7,3575.75,3574.15,3574.15,216,
2024-01-29 12:41:00+05:30,3574.15,3574.95,3573.05,3573.05,297,
2024-01-29 12:42:00+05:30,3574.7,3574.95,3573.05,3574.9,298,
2024-01-29 12:43:00+05:30,3574.9,3575,3570.9,3573.3,2312,
2024-01-29 12:44:00+05:30,3573.35,3575.65,3573.35,3574.45,482,
2024-01-29 12:45:00+05:30,3574.45,3575.3,3573.15,3575.25,350,
2024-01-29 12:46:00+05:30,3575.25,3575.9,3573.05,3575.4,216,
2024-01-29 12:47:00+05:30,3574.85,3575.4,3573.7,3575,213,
2024-01-29 12:48:00+05:30,3575,3576.3,3572.55,3572.85,917,
2024-01-29 12:49:00+05:30,3572.7,3575.35,3572.7,3575.2,752,
2024-01-29 12:50:00+05:30,3573.35,3574.9,3571.7,3573.05,510,
2024-01-29 12:51:00+05:30,3573.05,3575,3573.05,3574.05,181,
2024-01-29 12:52:00+05:30,3573.15,3574.95,3573,3573.2,151,
2024-01-29 12:53:00+05:30,3573.2,3575.2,3573.2,3575.2,247,
2024-01-29 12:54:00+05:30,3575,3575.6,3573.05,3574.05,213,
2024-01-29 12:55:00+05:30,3574.05,3575,3573,3574.35,163,
2024-01-29 12:56:00+05:30,3574.35,3574.85,3572.1,3573.75,619,
2024-01-29 12:57:00+05:30,3572.15,3575.3,3572.15,3575.05,234,
2024-01-29 12:58:00+05:30,3575.05,3575.2,3573.15,3575.2,141,
2024-01-29 12:59:00+05:30,3575.2,3575.2,3572.85,3575,212,
2024-01-29 13:00:00+05:30,3575,3575.2,3574.9,3575.15,258,
2024-01-29 13:01:00+05:30,3575.15,3576,3573.7,3575,219,
2024-01-29 13:02:00+05:30,3576,3576.2,3573.15,3574.5,295,
2024-01-29 13:03:00+05:30,3574.5,3575.1,3573.05,3574.6,317,
2024-01-29 13:04:00+05:30,3574.6,3575.35,3573,3574.95,368,
2024-01-29 13:05:00+05:30,3573.65,3575,3573,3574.75,205,
2024-01-29 13:06:00+05:30,3574.7,3574.7,3571.85,3572.55,247,
2024-01-29 13:07:00+05:30,3573.85,3574.1,3572.2,3572.55,926,
2024-01-29 13:08:00+05:30,3572.65,3574.1,3572.55,3573.4,391,
2024-01-29 13:09:00+05:30,3574,3574.65,3572.9,3573.05,491,
2024-01-29 13:10:00+05:30,3573.05,3574.75,3572.65,3574.7,457,
2024-01-29 13:11:00+05:30,3574.7,3574.8,3573.35,3574.75,433,
2024-01-29 13:12:00+05:30,3574.65,3575.8,3573.75,3575.65,267,
2024-01-29 13:13:00+05:30,3575.65,3575.65,3573.5,3575,266,
2024-01-29 13:14:00+05:30,3575,3575.95,3574.5,3574.6,141,
2024-01-29 13:15:00+05:30,3574.6,3575.75,3574,3574,168,
2024-01-29 13:16:00+05:30,3575,3575,3572.5,3572.7,191,
2024-01-29 13:17:00+05:30,3572.7,3574.35,3572.5,3572.65,190,
2024-01-29 13:18:00+05:30,3572.6,3573.85,3570.35,3571,146,
2024-01-29 13:19:00+05:30,3571,3572.2,3569.6,3570.95,15397,
2024-01-29 13:20:00+05:30,3570.25,3573.6,3570.1,3571.25,2853,
2024-01-29 13:21:00+05:30,3571.25,3576.25,3571.25,3575,593,
2024-01-29 13:22:00+05:30,3575,3576.1,3570.55,3571.05,759,
2024-01-29 13:23:00+05:30,3571.05,3574.4,3571.05,3571.05,494,
2024-01-29 13:24:00+05:30,3571.05,3573.6,3571.05,3571.95,329,
2024-01-29 13:25:00+05:30,3574.85,3575,3572.3,3573.8,442,
2024-01-29 13:26:00+05:30,3574.5,3574.5,3572.85,3574.5,213,
2024-01-29 13:27:00+05:30,3574.5,3574.8,3571.35,3574.15,975,
2024-01-29 13:28:00+05:30,3574.15,3575.75,3572.55,3573.75,239,
2024-01-29 13:29:00+05:30,3573.75,3575.35,3573.65,3575.05,1058,
2024-01-29 13:30:00+05:30,3575.05,3575.95,3573.55,3575,584,
2024-01-29 13:31:00+05:30,3575,3576.8,3571.15,3573.3,3463,
2024-01-29 13:32:00+05:30,3573.3,3575,3572.1,3575,1071,
2024-01-29 13:33:00+05:30,3575,3575,3573.65,3575,597,
2024-01-29 13:34:00+05:30,3575,3575,3572.8,3574,268,
2024-01-29 13:35:00+05:30,3573,3575,3572.9,3573.2,200,
2024-01-29 13:36:00+05:30,3573.2,3575.7,3571.35,3572,101401,
2024-01-29 13:37:00+05:30,3571.95,3572,3571.25,3571.95,90,
2024-01-29 13:38:00+05:30,3571.95,3573.9,3571.55,3573,928,
2024-01-29 13:39:00+05:30,3572.85,3575,3570.2,3572.05,2140,
2024-01-29 13:40:00+05:30,3571.3,3575,3571.1,3571.9,4869,
2024-01-29 13:41:00+05:30,3571.9,3572.15,3570.3,3570.3,470,
2024-01-29 13:42:00+05:30,3570.3,3572.1,3570.25,3570.95,2461,
2024-01-29 13:43:00+05:30,3570.95,3571.45,3570.2,3570.2,354,
2024-01-29 13:44:00+05:30,3570.2,3571.45,3565.1,3569.55,1856,
2024-01-29 13:45:00+05:30,3569.55,3570.8,3569.3,3569.65,182,
2024-01-29 13:46:00+05:30,3569.65,3570.25,3565.15,3568.5,456,
2024-01-29 13:47:00+05:30,3568.5,3569.5,3566.65,3569.5,364,
2024-01-29 13:48:00+05:30,3569.5,3569.55,3568,3569.4,161,
2024-01-29 13:49:00+05:30,3569.4,3572.65,3568.3,3571.65,405,
2024-01-29 13:50:00+05:30,3571.25,3572.25,3567.15,3568.05,680,
2024-01-29 13:51:00+05:30,3568.05,3570,3566.75,3566.75,757,
2024-01-29 13:52:00+05:30,3566.75,3569.2,3566.75,3568,130,
2024-01-29 13:53:00+05:30,3568,3569.25,3566.75,3567.65,613,
2024-01-29 13:54:00+05:30,3567.65,3570,3566.5,3569.9,1893,
2024-01-29 13:55:00+05:30,3569.7,3570,3568.45,3568.55,232,
2024-01-29 13:56:00+05:30,3568.55,3569.45,3568.4,3569.45,78,
2024-01-29 13:57:00+05:30,3568.4,3572.85,3568.4,3571.2,479,
2024-01-29 13:58:00+05:30,3570.95,3573.35,3570,3571.75,1453,
2024-01-29 13:59:00+05:30,3573.05,3573.05,3570.55,3571.85,487,
2024-01-29 14:00:00+05:30,3571.85,3573.7,3570.1,3572.65,197,
2024-01-29 14:01:00+05:30,3572.65,3573.9,3572.05,3573.25,187,
2024-01-29 14:02:00+05:30,3573.25,3573.25,3568.2,3568.2,162,
2024-01-29 14:03:00+05:30,3568.2,3572.6,3567.2,3568.45,788,
2024-01-29 14:04:00+05:30,3569.8,3570.5,3568.2,3570.4,281,
2024-01-29 14:05:00+05:30,3570.4,3570.4,3566.1,3567,438,
2024-01-29 14:06:00+05:30,3567,3567,3564,3564,1010,
2024-01-29 14:07:00+05:30,3564,3566.2,3562.15,3562.95,5340,
2024-01-29 14:08:00+05:30,3562.95,3569.3,3562.85,3569.15,2271,
2024-01-29 14:09:00+05:30,3569.2,3570.25,3564.05,3564.85,3092,
2024-01-29 14:10:00+05:30,3565.15,3568.95,3565,3566.55,4059,
2024-01-29 14:11:00+05:30,3566.55,3570,3566.45,3569.95,463,
2024-01-29 14:12:00+05:30,3569.85,3570.4,3567.95,3568,220,
2024-01-29 14:13:00+05:30,3568,3569.1,3566.85,3568,330,
2024-01-29 14:14:00+05:30,3568.1,3568.1,3565,3565.1,807,
2024-01-29 14:15:00+05:30,3565.1,3570.05,3565.05,3567.95,897,
2024-01-29 14:16:00+05:30,3568.1,3570.9,3568.1,3568.35,421,
2024-01-29 14:17:00+05:30,3568.35,3572.95,3568.35,3572.1,428,
2024-01-29 14:18:00+05:30,3572.45,3572.85,3563,3563,11809,
2024-01-29 14:19:00+05:30,3563.15,3568.1,3561.2,3565.75,1664,
2024-01-29 14:20:00+05:30,3565.75,3567.65,3565.4,3566.7,192,
2024-01-29 14:21:00+05:30,3566.7,3566.7,3565,3565.75,239,
2024-01-29 14:22:00+05:30,3565.75,3566.35,3563.45,3565,275,
2024-01-29 14:23:00+05:30,3564.95,3566.15,3563.2,3565.05,410,
2024-01-29 14:24:00+05:30,3565.05,3565.75,3563.05,3565.75,383,
2024-01-29 14:25:00+05:30,3565.75,3567.55,3564.8,3565.4,405,
2024-01-29 14:26:00+05:30,3566.5,3568.8,3564.8,3566.1,1288,
2024-01-29 14:27:00+05:30,3566.1,3568.35,3564.1,3568.35,260,
2024-01-29 14:28:00+05:30,3568.35,3569.95,3567.05,3567.65,526,
2024-01-29 14:29:00+05:30,3567.65,3568.7,3564.45,3566.15,538,
2024-01-29 14:30:00+05:30,3566.15,3566.15,3563.2,3564.4,6574,
2024-01-29 14:31:00+05:30,3564.95,3568.6,3564.4,3567.4,2786,
2024-01-29 14:32:00+05:30,3567.4,3567.95,3564.65,3564.95,321,
2024-01-29 14:33:00+05:30,3564.95,3565.75,3564.95,3565.2,54,
2024-01-29 14:34:00+05:30,3565.2,3565.2,3563.45,3565,1426,
2024-01-29 14:35:00+05:30,3565,3565,3563.45,3564.95,2836,
2024-01-29 14:36:00+05:30,3564.95,3565,3564.15,3564.95,381,
2024-01-29 14:37:00+05:30,3564.95,3565,3563.85,3565,1418,
2024-01-29 14:38:00+05:30,3565,3566.65,3563.85,3564.9,497,
2024-01-29 14:39:00+05:30,3564.9,3566.05,3563.4,3565,1133,
2024-01-29 14:40:00+05:30,3565,3569.9,3565,3566.4,820,
2024-01-29 14:41:00+05:30,3566.4,3568.95,3566.4,3568.95,193,
2024-01-29 14:42:00+05:30,3568.95,3571.35,3566.2,3567.1,2447,
2024-01-29 14:43:00+05:30,3567.1,3569.85,3567.1,3568.95,655,
2024-01-29 14:44:00+05:30,3568.95,3568.95,3568.35,3568.75,144,
2024-01-29 14:45:00+05:30,3568.75,3569.7,3568.75,3569.7,86,
2024-01-29 14:46:00+05:30,3569.4,3572.5,3566.4,3566.4,1741,
2024-01-29 14:47:00+05:30,3566.7,3569.75,3566.7,3568,1696,
2024-01-29 14:48:00+05:30,3568,3570,3567.1,3568.75,1460,
2024-01-29 14:49:00+05:30,3568.75,3569.8,3567.5,3567.5,390,
2024-01-29 14:50:00+05:30,3568.8,3571.2,3567.1,3569.95,262,
2024-01-29 14:51:00+05:30,3569.95,3571.6,3568.3,3570.1,646,
2024-01-29 14:52:00+05:30,3570.1,3571.35,3570,3570.45,502,
2024-01-29 14:53:00+05:30,3570.45,3573.5,3570,3572.65,1098,
2024-01-29 14:54:00+05:30,3572.65,3573.25,3570,3570.25,592,
2024-01-29 14:55:00+05:30,3570.25,3571.15,3569.15,3570,981,
2024-01-29 14:56:00+05:30,3570,3571.9,3568.25,3570.85,696,
2024-01-29 14:57:00+05:30,3570.85,3571.05,3569.85,3571.05,310,
2024-01-29 14:58:00+05:30,3571.05,3571.05,3566.4,3569.1,1845,
2024-01-29 14:59:00+05:30,3568.05,3573.7,3568.05,3572.1,384,
2024-01-29 15:00:00+05:30,3572.1,3572.95,3568.7,3570.05,1092,
2024-01-29 15:01:00+05:30,3571.1,3571.15,3567.7,3569.95,1119,
2024-01-29 15:02:00+05:30,3569.95,3571.9,3569.25,3570.05,1200,
2024-01-29 15:03:00+05:30,3569.95,3570.2,3566.65,3569.15,985,
2024-01-29 15:04:00+05:30,3568.3,3569.7,3566.55,3568,3084,
2024-01-29 15:05:00+05:30,3568,3569.8,3567.85,3569.8,1613,
2024-01-29 15:06:00+05:30,3569.8,3569.8,3566.6,3567.95,2935,
2024-01-29 15:07:00+05:30,3567.95,3570.9,3566.8,3570.35,2830,
2024-01-29 15:08:00+05:30,3571.3,3573,3570.35,3572.7,833,
2024-01-29 15:09:00+05:30,3572.75,3574.25,3572.1,3572.35,1234,
2024-01-29 15:10:00+05:30,3572.45,3573.75,3570.6,3570.75,2136,
2024-01-29 15:11:00+05:30,3570.7,3570.75,3566.95,3570,3210,
2024-01-29 15:12:00+05:30,3569.95,3570.9,3569.15,3569.95,8338,
2024-01-29 15:13:00+05:30,3569.7,3570,3568.6,3569.75,2118,
2024-01-29 15:14:00+05:30,3569.4,3570.5,3568.6,3570,6494,
2024-01-29 15:15:00+05:30,3569.45,3570.75,3569.35,3569.75,8442,
2024-01-29 15:16:00+05:30,3569.8,3571.3,3569.8,3570.65,1408,
2024-01-29 15:17:00+05:30,3570.65,3572,3570,3570.4,1355,
2024-01-29 15:18:00+05:30,3570.4,3571.15,3569.95,3570.7,7286,
2024-01-29 15:19:00+05:30,3570.95,3572.5,3570.65,3570.85,1276,
2024-01-29 15:20:00+05:30,3572.25,3572.95,3569.55,3571.6,4384,
2024-01-29 15:21:00+05:30,3570.05,3572,3570,3571.85,2716,
2024-01-29 15:22:00+05:30,3571.85,3572,3570.8,3571.65,4791,
2024-01-29 15:23:00+05:30,3571.7,3571.95,3571,3571,2921,
2024-01-29 15:24:00+05:30,3571.5,3572,3570,3570.5,4630,
2024-01-29 15:25:00+05:30,3570.5,3572,3570.05,3570.15,4153,
2024-01-29 15:26:00+05:30,3571.95,3572,3570.1,3571.95,4430,
2024-01-29 15:27:00+05:30,3571.95,3572,3570,3572,5228,
2024-01-29 15:28:00+05:30,3572,3572,3570,3571.8,4855,
2024-01-29 15:29:00+05:30,3570.15,3572,3570,3572,1170,
2024-01-30 09:15:00+05:30,3574.95,3593.1,3574.95,3590.1,2427,
2024-01-30 09:16:00+05:30,3590.1,3599.05,3589.8,3594.9,2869,
2024-01-30 09:17:00+05:30,3592.3,3594.8,3586.45,3592.2,46572,
2024-01-30 09:18:00+05:30,3594.25,3608.5,3593.05,3606.95,4184,
2024-01-30 09:19:00+05:30,3606.3,3611.85,3603.95,3608,2834,
2024-01-30 09:20:00+05:30,3607.9,3609.5,3601.1,3604.85,1323,
2024-01-30 09:21:00+05:30,3609.65,3609.8,3602.1,3608,2657,
2024-01-30 09:22:00+05:30,3605.55,3613.4,3605.55,3610,9584,
2024-01-30 09:23:00+05:30,3610,3613.55,3602.25,3603.55,4231,
2024-01-30 09:24:00+05:30,3605.3,3606,3594.45,3599.15,6764,
2024-01-30 09:25:00+05:30,3598.65,3598.65,3588,3588.5,2643,
2024-01-30 09:26:00+05:30,3586,3589.85,3583,3583,1203,
2024-01-30 09:27:00+05:30,3582.85,3588.6,3581.4,3586.9,2117,
2024-01-30 09:28:00+05:30,3587.1,3592.95,3587.05,3590,47089,
2024-01-30 09:29:00+05:30,3589.2,3592.75,3585.9,3589.05,907,
2024-01-30 09:30:00+05:30,3585.7,3595.85,3585.35,3592,1449,
2024-01-30 09:31:00+05:30,3591.65,3595,3589.6,3594.25,1207,
2024-01-30 09:32:00+05:30,3594.25,3594.55,3588.4,3588.45,444,
2024-01-30 09:33:00+05:30,3588.9,3593.5,3586,3589.55,1857,
2024-01-30 09:34:00+05:30,3590.35,3593,3588.1,3589.75,1770,
2024-01-30 09:35:00+05:30,3589.75,3593.15,3589.1,3589.75,1020,
2024-01-30 09:36:00+05:30,3589.75,3593.5,3589.75,3593.5,438,
2024-01-30 09:37:00+05:30,3591.8,3593.5,3590.5,3590.5,516,
2024-01-30 09:38:00+05:30,3590.5,3595,3588.85,3593.75,2007,
2024-01-30 09:39:00+05:30,3593.75,3598.7,3585.35,3586.55,43197,
2024-01-30 09:40:00+05:30,3586.55,3593,3586.55,3588,61375,
2024-01-30 09:41:00+05:30,3588.55,3592.95,3588,3589,826,
2024-01-30 09:42:00+05:30,3589.05,3591.9,3587.35,3591.2,475,
2024-01-30 09:43:00+05:30,3589.75,3596.75,3589.75,3595,713,
2024-01-30 09:44:00+05:30,3596.85,3609,3595,3605.95,67302,
2024-01-30 09:45:00+05:30,3606.85,3612.3,3605.35,3612.2,4195,
2024-01-30 09:46:00+05:30,3610.35,3616,3609.85,3615.9,2775,
2024-01-30 09:47:00+05:30,3614.65,3615.85,3610.45,3613.65,1613,
2024-01-30 09:48:00+05:30,3611.95,3613.7,3605,3613,2079,
2024-01-30 09:49:00+05:30,3614.9,3619.35,3611.1,3613.65,9359,
2024-01-30 09:50:00+05:30,3613.65,3617.05,3611.2,3612.95,9094,
2024-01-30 09:51:00+05:30,3612.75,3614.15,3600,3600.3,4300,
2024-01-30 09:52:00+05:30,3600.35,3608.85,3600,3604.25,2738,
2024-01-30 09:53:00+05:30,3604.35,3609.65,3596.1,3603.15,77502,
2024-01-30 09:54:00+05:30,3601.95,3604.8,3600,3601,1506,
2024-01-30 09:55:00+05:30,3601.05,3605.5,3601,3604.65,1612,
2024-01-30 09:56:00+05:30,3604.65,3611,3604.05,3610,2740,
2024-01-30 09:57:00+05:30,3610,3615.5,3608.75,3613,3083,
2024-01-30 09:58:00+05:30,3613.1,3614.75,3605.4,3610.9,2678,
2024-01-30 09:59:00+05:30,3609.7,3613,3607.05,3612.95,1629,
2024-01-30 10:00:00+05:30,3612.95,3612.95,3608.6,3611.55,1165,
2024-01-30 10:01:00+05:30,3611.55,3614.85,3611.15,3611.15,1320,
2024-01-30 10:02:00+05:30,3611.2,3613.75,3609.85,3613.75,2185,
2024-01-30 10:03:00+05:30,3613.75,3613.8,3607,3609.65,22615,
2024-01-30 10:04:00+05:30,3609.1,3611.25,3608,3610,8420,
2024-01-30 10:05:00+05:30,3610,3610.95,3608.25,3610.05,17938,
2024-01-30 10:06:00+05:30,3610.1,3617.85,3610.1,3613.3,3358,
2024-01-30 10:07:00+05:30,3613.3,3616.9,3612.15,3614.1,3441,
2024-01-30 10:08:00+05:30,3613.55,3616.5,3610.95,3613.3,4684,
2024-01-30 10:09:00+05:30,3614.75,3617.75,3613.15,3615.15,3543,
2024-01-30 10:10:00+05:30,3615.15,3616.95,3612.65,3613.7,5621,
2024-01-30 10:11:00+05:30,3613.85,3616.7,3613.05,3615.05,1965,
2024-01-30 10:12:00+05:30,3616.85,3616.85,3612.6,3614.6,4239,
2024-01-30 10:13:00+05:30,3614.6,3616.15,3613.45,3613.75,2760,
2024-01-30 10:14:00+05:30,3613.45,3616.25,3613.45,3616.25,2411,
2024-01-30 10:15:00+05:30,3615,3616.1,3613.55,3613.8,4122,
2024-01-30 10:16:00+05:30,3613.8,3614.7,3609.4,3612.1,1299,
2024-01-30 10:17:00+05:30,3612.55,3612.55,3610,3610.4,252,
2024-01-30 10:18:00+05:30,3611.8,3613.9,3609.2,3609.2,1513,
2024-01-30 10:19:00+05:30,3609,3609.8,3607.4,3608.35,5853,
2024-01-30 10:20:00+05:30,3608.5,3609.9,3608.15,3608.65,2114,
2024-01-30 10:21:00+05:30,3608.75,3609.05,3605,3606.45,1612,
2024-01-30 10:22:00+05:30,3606.45,3608.1,3606.45,3607,1023,
2024-01-30 10:23:00+05:30,3607,3607,3601,3603.8,2047,
2024-01-30 10:24:00+05:30,3603.05,3604.95,3602.65,3602.9,565,
2024-01-30 10:25:00+05:30,3602.9,3603.35,3600.7,3601.25,815,
2024-01-30 10:26:00+05:30,3603.4,3603.4,3596.95,3600.6,2915,
2024-01-30 10:27:00+05:30,3600.6,3603.95,3600.6,3601.6,203,
2024-01-30 10:28:00+05:30,3601.6,3602.55,3597.3,3599.9,2490,
2024-01-30 10:29:00+05:30,3602.1,3602.8,3598.45,3601,322,
2024-01-30 10:30:00+05:30,3601.6,3605.5,3601.15,3604.4,757,
2024-01-30 10:31:00+05:30,3604.4,3605.2,3602.85,3603,696,
2024-01-30 10:32:00+05:30,3602.85,3603.45,3599.05,3599.05,1561,
2024-01-30 10:33:00+05:30,3599.65,3599.65,3596,3596,954,
2024-01-30 10:34:00+05:30,3596,3597.2,3593,3593.4,1490,
2024-01-30 10:35:00+05:30,3593.4,3595.6,3593.4,3595.4,381,
2024-01-30 10:36:00+05:30,3595.4,3597.15,3595,3595.25,337,
2024-01-30 10:37:00+05:30,3596.35,3602,3596.35,3602,730,
2024-01-30 10:38:00+05:30,3602.05,3602.05,3600,3600.9,535,
2024-01-30 10:39:00+05:30,3600.9,3603.05,3600,3601.05,204,
2024-01-30 10:40:00+05:30,3601,3603.3,3600.05,3603.3,558,
2024-01-30 10:41:00+05:30,3603.3,3605,3600.95,3601,560,
2024-01-30 10:42:00+05:30,3602.45,3602.45,3596.6,3596.7,1169,
2024-01-30 10:43:00+05:30,3596.7,3601,3596.7,3598.55,181,
2024-01-30 10:44:00+05:30,3598.55,3598.85,3594.8,3595.75,509,
2024-01-30 10:45:00+05:30,3595.75,3596.1,3588.95,3589.25,3422,
2024-01-30 10:46:00+05:30,3589.3,3592.1,3589.2,3589.5,567,
2024-01-30 10:47:00+05:30,3589.5,3590.9,3586.4,3588.25,1333,
2024-01-30 10:48:00+05:30,3588.2,3588.25,3579.5,3580.45,6523,
2024-01-30 10:49:00+05:30,3581.1,3586.15,3580.45,3584.9,307,
2024-01-30 10:50:00+05:30,3584.9,3584.9,3581.05,3583.45,1627,
2024-01-30 10:51:00+05:30,3583.45,3586.55,3582.4,3583.85,668,
2024-01-30 10:52:00+05:30,3583.45,3586,3582.3,3582.7,1029,
2024-01-30 10:53:00+05:30,3583.4,3587.5,3582.95,3585.4,168,
2024-01-30 10:54:00+05:30,3585.4,3586.25,3581.3,3581.3,1822,
2024-01-30 10:55:00+05:30,3581.3,3583.25,3575.2,3575.2,3139,
2024-01-30 10:56:00+05:30,3575.1,3582.7,3574,3581.05,4259,
2024-01-30 10:57:00+05:30,3581.05,3583.95,3580.35,3580.85,1135,
2024-01-30 10:58:00+05:30,3580,3580.85,3575.25,3575.3,1235,
2024-01-30 10:59:00+05:30,3575.25,3579,3575.25,3576.9,585,
2024-01-30 11:00:00+05:30,3576.85,3578.55,3575.3,3577,1575,
2024-01-30 11:01:00+05:30,3577,3579.1,3577,3577.55,138,
2024-01-30 11:02:00+05:30,3577.55,3578.4,3577,3577.15,346,
2024-01-30 11:03:00+05:30,3577.15,3578,3575.55,3576.3,1284,
2024-01-30 11:04:00+05:30,3576.3,3577.85,3576.2,3576.2,635,
2024-01-30 11:05:00+05:30,3576.2,3578.3,3575,3575.45,2773,
2024-01-30 11:06:00+05:30,3575.45,3577.3,3575,3575.05,9023,
2024-01-30 11:07:00+05:30,3575,3576.45,3575,3575.05,428,
2024-01-30 11:08:00+05:30,3575.4,3577.4,3575,3576.95,319,
2024-01-30 11:09:00+05:30,3575.85,3578.15,3575,3575.2,650,
2024-01-30 11:10:00+05:30,3575.2,3577.15,3575,3575.05,253,
2024-01-30 11:11:00+05:30,3575.05,3577.55,3575,3576.7,627,
2024-01-30 11:12:00+05:30,3576.7,3580.1,3575,3575.45,1777,
2024-01-30 11:13:00+05:30,3575.45,3577.55,3575.45,3576.95,285,
2024-01-30 11:14:00+05:30,3576.05,3579.95,3576,3579.65,308,
2024-01-30 11:15:00+05:30,3578.9,3580.55,3576.05,3576.5,1159,
2024-01-30 11:16:00+05:30,3577.3,3579.5,3576.45,3576.8,746,
2024-01-30 11:17:00+05:30,3576.8,3578.3,3576.8,3576.8,280,
2024-01-30 11:18:00+05:30,3576.8,3577.85,3576,3576.2,892,
2024-01-30 11:19:00+05:30,3576.1,3577.8,3575.05,3575.45,383,
2024-01-30 11:20:00+05:30,3575.45,3577.9,3575,3575.7,1507,
2024-01-30 11:21:00+05:30,3575.7,3576.35,3575.05,3575.1,148,
2024-01-30 11:22:00+05:30,3575.1,3575.9,3575,3575,8598,
2024-01-30 11:23:00+05:30,3575,3575.2,3575,3575,2076,
2024-01-30 11:24:00+05:30,3575,3576,3571.6,3575,8337,
2024-01-30 11:25:00+05:30,3575,3580,3574.15,3580,2124,
2024-01-30 11:26:00+05:30,3578.2,3583.1,3578.2,3583,468,
2024-01-30 11:27:00+05:30,3583,3583.05,3578,3578.05,864,
2024-01-30 11:28:00+05:30,3579.45,3579.95,3578.4,3578.65,201,
2024-01-30 11:29:00+05:30,3579.45,3583,3578.8,3582.7,1318,
2024-01-30 11:30:00+05:30,3582.7,3586,3582.45,3585.35,589,
2024-01-30 11:31:00+05:30,3586,3586.95,3585.05,3585.35,756,
2024-01-30 11:32:00+05:30,3585.35,3591.95,3585.35,3590,575,
2024-01-30 11:33:00+05:30,3590,3592.45,3590,3590.05,1330,
2024-01-30 11:34:00+05:30,3590.2,3591.35,3590,3590.15,451,
2024-01-30 11:35:00+05:30,3590.15,3591.35,3590.1,3590.2,420,
2024-01-30 11:36:00+05:30,3591,3594.55,3590.2,3592.6,513,
2024-01-30 11:37:00+05:30,3592.6,3596,3592.6,3594.7,741,
2024-01-30 11:38:00+05:30,3595.15,3596.9,3594.25,3594.65,250,
2024-01-30 11:39:00+05:30,3594.65,3595.95,3594,3595,536,
2024-01-30 11:40:00+05:30,3595,3596,3594,3595.85,632,
2024-01-30 11:41:00+05:30,3595.8,3596.7,3594.05,3594.95,138,
2024-01-30 11:42:00+05:30,3594.05,3597,3594.05,3594.1,1205,
2024-01-30 11:43:00+05:30,3594.1,3595.4,3594.05,3594.3,533,
2024-01-30 11:44:00+05:30,3594.3,3595,3591.05,3591.75,1117,
2024-01-30 11:45:00+05:30,3591.75,3592.2,3590.6,3590.6,574,
2024-01-30 11:46:00+05:30,3590.6,3591.95,3590.5,3591.05,155,
2024-01-30 11:47:00+05:30,3591.05,3592.95,3591.05,3591.2,174,
2024-01-30 11:48:00+05:30,3591.2,3591.4,3590.15,3590.65,168,
2024-01-30 11:49:00+05:30,3590.65,3592.95,3586.85,3586.9,913,
2024-01-30 11:50:00+05:30,3586,3587.8,3585.05,3585.45,245,
2024-01-30 11:51:00+05:30,3585.05,3587.55,3585.05,3587,249,
2024-01-30 11:52:00+05:30,3588,3589.45,3587,3587.65,104,
2024-01-30 11:53:00+05:30,3587.65,3588.85,3586,3586.95,472,
2024-01-30 11:54:00+05:30,3586.95,3587.45,3586,3586,402,
2024-01-30 11:55:00+05:30,3586,3588.35,3586,3587.05,423,
2024-01-30 11:56:00+05:30,3587.05,3587.5,3581.95,3581.95,1440,
2024-01-30 11:57:00+05:30,3581,3583.9,3581,3581.85,257,
2024-01-30 11:58:00+05:30,3581.8,3584.95,3581.4,3583.55,224,
2024-01-30 11:59:00+05:30,3583.55,3584.95,3582.75,3584.2,146,
2024-01-30 12:00:00+05:30,3584.2,3585.9,3584.2,3585.45,228,
2024-01-30 12:01:00+05:30,3586,3587.55,3585,3585.75,693,
2024-01-30 12:02:00+05:30,3586,3590,3586,3588,360,
2024-01-30 12:03:00+05:30,3588,3593.65,3587.8,3590.1,732,
2024-01-30 12:04:00+05:30,3590.1,3592,3589.25,3591.15,413,
2024-01-30 12:05:00+05:30,3591.15,3592.65,3590.95,3591.85,193,
2024-01-30 12:06:00+05:30,3591.85,3593.2,3591,3591.95,353,
2024-01-30 12:07:00+05:30,3592,3593.85,3590,3590,565,
2024-01-30 12:08:00+05:30,3590.95,3590.95,3586.35,3586.75,233,
2024-01-30 12:09:00+05:30,3586.75,3588.6,3586.75,3588.55,440,
2024-01-30 12:10:00+05:30,3587.9,3588.6,3586.55,3586.6,333,
2024-01-30 12:11:00+05:30,3586.55,3590.15,3584.05,3589.25,3553,
2024-01-30 12:12:00+05:30,3589.35,3593,3589.25,3592.45,269,
2024-01-30 12:13:00+05:30,3592.45,3594.9,3589.65,3594.9,680,
2024-01-30 12:14:00+05:30,3594.9,3601.95,3594.2,3600,2561,
2024-01-30 12:15:00+05:30,3600,3602,3595,3595.6,592,
2024-01-30 12:16:00+05:30,3595.6,3600.1,3595.6,3597.45,451,
2024-01-30 12:17:00+05:30,3597.4,3599.3,3597.4,3598.7,224,
2024-01-30 12:18:00+05:30,3597.9,3603.6,3597.6,3601.15,713,
2024-01-30 12:19:00+05:30,3601.15,3604,3600.95,3601.95,530,
2024-01-30 12:20:00+05:30,3601.95,3604,3601.95,3603.55,597,
2024-01-30 12:21:00+05:30,3603.55,3604.7,3602.5,3602.5,349,
2024-01-30 12:22:00+05:30,3603,3607.45,3602.5,3604.1,776,
2024-01-30 12:23:00+05:30,3604.1,3604.85,3602,3602,762,
2024-01-30 12:24:00+05:30,3601,3603.35,3600.25,3601.15,347,
2024-01-30 12:25:00+05:30,3601,3603.5,3601,3602,206,
2024-01-30 12:26:00+05:30,3602,3603.6,3600.7,3602,313,
2024-01-30 12:27:00+05:30,3602,3606.85,3601.3,3604.5,634,
2024-01-30 12:28:00+05:30,3604.5,3608.95,3604.1,3607.1,1048,
2024-01-30 12:29:00+05:30,3607.1,3607.1,3604.25,3604.25,344,
2024-01-30 12:30:00+05:30,3604.25,3609.8,3604.25,3608.8,1413,
2024-01-30 12:31:00+05:30,3608.8,3610,3607.2,3607.4,232,
2024-01-30 12:32:00+05:30,3607.4,3611,3604.65,3610,1212,
2024-01-30 12:33:00+05:30,3609.9,3611.8,3608,3609,894,
2024-01-30 12:34:00+05:30,3608,3609.9,3607.25,3609.9,248,
2024-01-30 12:35:00+05:30,3609.9,3610,3608,3609.65,213,
2024-01-30 12:36:00+05:30,3610,3610.75,3608.4,3608.8,490,
2024-01-30 12:37:00+05:30,3610.5,3611.5,3608.8,3609.05,221,
2024-01-30 12:38:00+05:30,3609.05,3611.2,3609,3609.05,403,
2024-01-30 12:39:00+05:30,3610.85,3611.2,3609,3609.8,526,
2024-01-30 12:40:00+05:30,3609.45,3612.6,3609.45,3612.3,879,
2024-01-30 12:41:00+05:30,3611.15,3612.35,3610.05,3611.7,277,
2024-01-30 12:42:00+05:30,3611.7,3611.7,3605.3,3605.3,1099,
2024-01-30 12:43:00+05:30,3607.25,3607.25,3600.15,3603.1,7149,
2024-01-30 12:44:00+05:30,3603.05,3606.75,3601,3604.4,1205,
2024-01-30 12:45:00+05:30,3604.4,3604.95,3602.25,3604.95,211,
2024-01-30 12:46:00+05:30,3604.2,3605,3601,3604,2087,
2024-01-30 12:47:00+05:30,3604,3604,3598,3598.4,826,
2024-01-30 12:48:00+05:30,3598.4,3600.55,3597.2,3599.95,605,
2024-01-30 12:49:00+05:30,3599.95,3603.85,3599.1,3602,365,
2024-01-30 12:50:00+05:30,3602,3604,3601.35,3602,200,
2024-01-30 12:51:00+05:30,3602,3603.55,3600.6,3600.95,193,
2024-01-30 12:52:00+05:30,3600.95,3602,3600.05,3601.85,318,
2024-01-30 12:53:00+05:30,3601.85,3602,3599.45,3601.35,459,
2024-01-30 12:54:00+05:30,3600,3601.95,3599.95,3600.8,695,
2024-01-30 12:55:00+05:30,3601.9,3601.95,3600.65,3600.85,206,
2024-01-30 12:56:00+05:30,3600.85,3601.95,3599.7,3600.35,1193,
2024-01-30 12:57:00+05:30,3601.95,3603.05,3600.35,3602,2875,
2024-01-30 12:58:00+05:30,3602.05,3603.7,3599.3,3599.3,622,
2024-01-30 12:59:00+05:30,3599.3,3601.95,3599.3,3600.15,284,
2024-01-30 13:00:00+05:30,3601,3602,3599.45,3601.05,234,
2024-01-30 13:01:00+05:30,3601.05,3601.95,3599.4,3601.7,208,
2024-01-30 13:02:00+05:30,3600.1,3604.95,3599.8,3604.95,1631,
2024-01-30 13:03:00+05:30,3604.95,3605,3601.15,3603.25,2237,
2024-01-30 13:04:00+05:30,3603.25,3604.15,3601.05,3602.6,216,
2024-01-30 13:05:00+05:30,3602.6,3603.65,3598.9,3598.9,419,
2024-01-30 13:06:00+05:30,3598.9,3601.6,3598.35,3599.4,286,
2024-01-30 13:07:00+05:30,3599.4,3601.35,3598.35,3599.45,261,
2024-01-30 13:08:00+05:30,3599.45,3601.4,3598,3599,462,
2024-01-30 13:09:00+05:30,3597.8,3599.75,3597,3597.9,309,
2024-01-30 13:10:00+05:30,3597.9,3600.05,3597,3597.1,641,
2024-01-30 13:11:00+05:30,3597.95,3600.55,3597,3599.45,567,
2024-01-30 13:12:00+05:30,3599.45,3600.05,3597.85,3597.9,284,
2024-01-30 13:13:00+05:30,3597.9,3600.55,3597.35,3599.45,616,
2024-01-30 13:14:00+05:30,3597.55,3600.1,3597.2,3598.1,579,
2024-01-30 13:15:00+05:30,3598.1,3598.95,3593.7,3595.25,424,
2024-01-30 13:16:00+05:30,3593.75,3598,3590.35,3592.6,13582,
2024-01-30 13:17:00+05:30,3594.2,3595.85,3591.45,3593.1,667,
2024-01-30 13:18:00+05:30,3593.1,3594.25,3590.75,3593.05,606,
2024-01-30 13:19:00+05:30,3593.05,3594.9,3591.45,3593.3,301,
2024-01-30 13:20:00+05:30,3593.3,3594.6,3590.1,3592.85,1091,
2024-01-30 13:21:00+05:30,3592.85,3593.35,3590,3590,483,
2024-01-30 13:22:00+05:30,3590,3592.2,3589.15,3589.6,1013,
2024-01-30 13:23:00+05:30,3589.45,3592.55,3589.3,3590.85,204,
2024-01-30 13:24:00+05:30,3590.85,3596.35,3590.1,3594.95,4810,
2024-01-30 13:25:00+05:30,3594.95,3597.4,3592.85,3594.55,287,
2024-01-30 13:26:00+05:30,3594.35,3598.7,3594.2,3597.7,393,
2024-01-30 13:27:00+05:30,3597.7,3598.7,3595.9,3596.3,272,
2024-01-30 13:28:00+05:30,3596.3,3598,3591.95,3596.1,11765,
2024-01-30 13:29:00+05:30,3596.1,3597.6,3594.7,3595.5,224,
2024-01-30 13:30:00+05:30,3595.5,3598.3,3593.25,3593.25,834,
2024-01-30 13:31:00+05:30,3593.25,3596.55,3592.75,3596.55,214,
2024-01-30 13:32:00+05:30,3594.65,3596.95,3594.5,3595.15,328,
2024-01-30 13:33:00+05:30,3595.2,3597.55,3594.3,3594.3,241,
2024-01-30 13:34:00+05:30,3596.05,3596.75,3594.3,3594.8,202,
2024-01-30 13:35:00+05:30,3593.95,3597.15,3591.5,3594.6,739,
2024-01-30 13:36:00+05:30,3594.6,3597.15,3594.05,3594.05,415,
2024-01-30 13:37:00+05:30,3594.05,3597.2,3592.15,3592.25,233,
2024-01-30 13:38:00+05:30,3592.25,3594.45,3590.85,3591,388,
2024-01-30 13:39:00+05:30,3591.3,3594.9,3591.3,3591.65,361,
2024-01-30 13:40:00+05:30,3591.95,3594.8,3591.95,3592.55,361,
2024-01-30 13:41:00+05:30,3592.6,3594.95,3592.3,3592.5,794,
2024-01-30 13:42:00+05:30,3592.5,3594.6,3592.5,3592.6,403,
2024-01-30 13:43:00+05:30,3592.6,3594.9,3592.55,3592.85,254,
2024-01-30 13:44:00+05:30,3594.6,3594.95,3592.5,3592.5,303,
2024-01-30 13:45:00+05:30,3592.55,3594,3590,3590,1685,
2024-01-30 13:46:00+05:30,3590,3591.55,3585,3585.6,1625,
2024-01-30 13:47:00+05:30,3587.15,3587.6,3584,3584.4,1024,
2024-01-30 13:48:00+05:30,3584.4,3588.55,3584,3586.55,244,
2024-01-30 13:49:00+05:30,3585,3587.25,3584.2,3584.45,486,
2024-01-30 13:50:00+05:30,3584.45,3586.35,3584.05,3584.3,855,
2024-01-30 13:51:00+05:30,3584.3,3585.85,3583.4,3583.4,434,
2024-01-30 13:52:00+05:30,3583.4,3585,3583.4,3584,464,
2024-01-30 13:53:00+05:30,3584.05,3586.25,3583.75,3584.35,401,
2024-01-30 13:54:00+05:30,3585,3587,3583.9,3585,745,
2024-01-30 13:55:00+05:30,3585,3587,3583.85,3585.5,1105,
2024-01-30 13:56:00+05:30,3585.9,3586.65,3584.25,3585,307,
2024-01-30 13:57:00+05:30,3585,3587.1,3584.55,3584.85,314,
2024-01-30 13:58:00+05:30,3584.85,3586.65,3584,3584.1,251,
2024-01-30 13:59:00+05:30,3584.1,3586.6,3584,3584.05,537,
2024-01-30 14:00:00+05:30,3584.05,3586.15,3583,3584.1,430,
2024-01-30 14:01:00+05:30,3586.15,3586.15,3581.65,3583.35,1731,
2024-01-30 14:02:00+05:30,3582.95,3584.7,3581.65,3581.65,993,
2024-01-30 14:03:00+05:30,3581.65,3582,3577.1,3579.55,1420,
2024-01-30 14:04:00+05:30,3579.15,3586.4,3579,3583.05,1159,
2024-01-30 14:05:00+05:30,3583.05,3584.9,3580.7,3580.7,449,
2024-01-30 14:06:00+05:30,3580.7,3581.4,3576,3577.75,1492,
2024-01-30 14:07:00+05:30,3577.75,3577.8,3575,3576.2,704,
2024-01-30 14:08:00+05:30,3575,3579.4,3575,3578.5,979,
2024-01-30 14:09:00+05:30,3576.9,3578.95,3576.7,3576.85,441,
2024-01-30 14:10:00+05:30,3576.85,3578.7,3576.7,3577,246,
2024-01-30 14:11:00+05:30,3576.7,3579.7,3576.7,3579.05,530,
2024-01-30 14:12:00+05:30,3579.05,3579.25,3577.15,3579.2,355,
2024-01-30 14:13:00+05:30,3579.25,3582.3,3579.2,3582.25,455,
2024-01-30 14:14:00+05:30,3582.25,3582.45,3579.9,3580.75,468,
2024-01-30 14:15:00+05:30,3580.75,3581.2,3578.2,3579.8,394,
2024-01-30 14:16:00+05:30,3579.8,3580.4,3576.7,3576.75,961,
2024-01-30 14:17:00+05:30,3576.75,3578.9,3576.7,3577.45,173,
2024-01-30 14:18:00+05:30,3578.85,3578.85,3574.25,3575,1114,
2024-01-30 14:19:00+05:30,3575,3579.4,3575,3577.55,447,
2024-01-30 14:20:00+05:30,3577.6,3578.1,3577.1,3577.1,236,
2024-01-30 14:21:00+05:30,3577.1,3579.95,3577.1,3578,256,
2024-01-30 14:22:00+05:30,3578.55,3580.5,3577.4,3577.95,274,
2024-01-30 14:23:00+05:30,3577.95,3580.4,3577.35,3580.35,865,
2024-01-30 14:24:00+05:30,3580.35,3580.35,3577.05,3577.05,952,
2024-01-30 14:25:00+05:30,3577.1,3578.8,3576.75,3577.05,425,
2024-01-30 14:26:00+05:30,3577.05,3577.05,3574.75,3574.75,1867,
2024-01-30 14:27:00+05:30,3574.45,3577,3574.25,3575.9,765,
2024-01-30 14:28:00+05:30,3575.7,3576.3,3574.65,3575.05,373,
2024-01-30 14:29:00+05:30,3575.05,3575.75,3572.7,3572.9,461,
2024-01-30 14:30:00+05:30,3572.8,3574.45,3571.65,3571.95,1218,
2024-01-30 14:31:00+05:30,3571,3571.4,3566,3567.15,3460,
2024-01-30 14:32:00+05:30,3567.15,3577.5,3567.15,3571.9,1777,
2024-01-30 14:33:00+05:30,3571.05,3574.85,3568.6,3569.85,19207,
2024-01-30 14:34:00+05:30,3569,3571.6,3566.7,3569.95,2107,
2024-01-30 14:35:00+05:30,3569.95,3572.7,3566.5,3566.5,1185,
2024-01-30 14:36:00+05:30,3566.5,3567.7,3562.3,3565.7,1849,
2024-01-30 14:37:00+05:30,3565.7,3567.7,3560,3563.3,28194,
2024-01-30 14:38:00+05:30,3564.1,3565.3,3556.05,3560.1,20436,
2024-01-30 14:39:00+05:30,3560.1,3561.8,3559.05,3559.05,4034,
2024-01-30 14:40:00+05:30,3557.3,3558.85,3551.05,3553.2,2460,
2024-01-30 14:41:00+05:30,3553.8,3556.1,3551.9,3553.1,2497,
2024-01-30 14:42:00+05:30,3553.1,3556.5,3552.45,3554,653,
2024-01-30 14:43:00+05:30,3552.55,3557.9,3552,3556.5,1104,
2024-01-30 14:44:00+05:30,3555.1,3556.85,3550.8,3551.6,2496,
2024-01-30 14:45:00+05:30,3551.6,3551.6,3550,3551.6,764,
2024-01-30 14:46:00+05:30,3550.15,3557.95,3550,3557.95,3450,
2024-01-30 14:47:00+05:30,3557.95,3562.8,3556,3562.75,3169,
2024-01-30 14:48:00+05:30,3562.75,3564.65,3560,3563.5,7710,
2024-01-30 14:49:00+05:30,3563.45,3565.95,3563.15,3565.1,1133,
2024-01-30 14:50:00+05:30,3565.05,3569.7,3565,3569.7,4363,
2024-01-30 14:51:00+05:30,3569.7,3572,3566.35,3570.35,1703,
2024-01-30 14:52:00+05:30,3570.1,3570.5,3570,3570.1,4636,
2024-01-30 14:53:00+05:30,3570.1,3570.95,3570.1,3570.1,11636,
2024-01-30 14:54:00+05:30,3570.1,3570.8,3565,3565,832,
2024-01-30 14:55:00+05:30,3565,3565.05,3561.4,3561.4,605,
2024-01-30 14:56:00+05:30,3561.4,3564.55,3561,3562.95,343,
2024-01-30 14:57:00+05:30,3562.95,3564.55,3560.45,3563.45,534,
2024-01-30 14:58:00+05:30,3561.65,3563.85,3560.3,3563.85,292,
2024-01-30 14:59:00+05:30,3563.85,3564.75,3562.7,3564.2,227,
2024-01-30 15:00:00+05:30,3564.3,3565.05,3560,3560,2592,
2024-01-30 15:01:00+05:30,3560,3560.2,3551.5,3551.5,2593,
2024-01-30 15:02:00+05:30,3551.65,3552.25,3547.3,3548,2742,
2024-01-30 15:03:00+05:30,3547.55,3553.35,3545,3548.15,5193,
2024-01-30 15:04:00+05:30,3548.15,3553.5,3547.4,3548.2,5005,
2024-01-30 15:05:00+05:30,3548.2,3550.35,3547.1,3550,3446,
2024-01-30 15:06:00+05:30,3550,3551.75,3549.9,3550,6205,
2024-01-30 15:07:00+05:30,3550,3551.05,3550,3550,3587,
2024-01-30 15:08:00+05:30,3550,3551.2,3550,3550.2,3190,
2024-01-30 15:09:00+05:30,3550.2,3552.55,3550.1,3550.45,5110,
2024-01-30 15:10:00+05:30,3550.45,3552.25,3550.15,3550.25,4306,
2024-01-30 15:11:00+05:30,3550.25,3553.3,3550.2,3551.95,3426,
2024-01-30 15:12:00+05:30,3551.05,3552.45,3546.55,3546.55,3637,
2024-01-30 15:13:00+05:30,3546.3,3551.1,3546.3,3551.05,3871,
2024-01-30 15:14:00+05:30,3551.45,3554.9,3549.55,3553.1,4611,
2024-01-30 15:15:00+05:30,3553.1,3555.85,3550.55,3551.1,3812,
2024-01-30 15:16:00+05:30,3551.15,3554.65,3550.55,3551.75,3305,
2024-01-30 15:17:00+05:30,3552,3558.15,3551.65,3557,4370,
2024-01-30 15:18:00+05:30,3555.3,3555.9,3551.25,3553.45,4495,
2024-01-30 15:19:00+05:30,3553.45,3555.65,3551.9,3552.85,4354,
2024-01-30 15:20:00+05:30,3552.85,3557.6,3552.85,3553.05,5366,
2024-01-30 15:21:00+05:30,3553.6,3554,3551.9,3552.25,3608,
2024-01-30 15:22:00+05:30,3552.45,3556,3551.4,3552.55,3557,
2024-01-30 15:23:00+05:30,3552.55,3554.75,3551.8,3551.9,3554,
2024-01-30 15:24:00+05:30,3552,3553.1,3550,3550.2,3079,
2024-01-30 15:25:00+05:30,3550.3,3552,3548.4,3548.6,3442,
2024-01-30 15:26:00+05:30,3549.7,3549.7,3544,3546.6,4160,
2024-01-30 15:27:00+05:30,3546.5,3555,3545.4,3554.6,2737,
2024-01-30 15:28:00+05:30,3554.6,3558.7,3540.3,3558.3,5396,
2024-01-30 15:29:00+05:30,3558.55,3561.65,3558.45,3561.5,1071,
2024-01-31 09:15:00+05:30,3585,3585,3560.05,3569.2,4529,
2024-01-31 09:16:00+05:30,3569.2,3576.5,3563.5,3568.05,55786,
2024-01-31 09:17:00+05:30,3570.5,3580,3568.1,3570.8,5020,
2024-01-31 09:18:00+05:30,3572.9,3579.6,3572.1,3575.1,1221,
2024-01-31 09:19:00+05:30,3575.1,3582.65,3572.9,3579.85,1783,
2024-01-31 09:20:00+05:30,3582.1,3587,3578.05,3586.95,2984,
2024-01-31 09:21:00+05:30,3586.95,3593.3,3586.05,3586.05,4301,
2024-01-31 09:22:00+05:30,3586.2,3588.85,3585,3586.8,1258,
2024-01-31 09:23:00+05:30,3586.8,3588.7,3580.05,3583,1140,
2024-01-31 09:24:00+05:30,3581.35,3583,3575.5,3578.65,2824,
2024-01-31 09:25:00+05:30,3578.75,3580.15,3575.05,3576.8,1190,
2024-01-31 09:26:00+05:30,3576.7,3578.05,3565,3567.8,3656,
2024-01-31 09:27:00+05:30,3567.8,3572.3,3564.05,3571.45,1772,
2024-01-31 09:28:00+05:30,3570.1,3572.45,3564.15,3564.15,1828,
2024-01-31 09:29:00+05:30,3566.85,3569.9,3565.7,3566.9,629,
2024-01-31 09:30:00+05:30,3566.9,3568.9,3561.1,3563.6,2527,
2024-01-31 09:31:00+05:30,3561.4,3569.1,3561.2,3567,1187,
2024-01-31 09:32:00+05:30,3566.05,3574.85,3563.3,3574.8,3457,
2024-01-31 09:33:00+05:30,3575,3576.05,3567.05,3568.15,3201,
2024-01-31 09:34:00+05:30,3568.15,3576.8,3566.3,3574.65,2454,
2024-01-31 09:35:00+05:30,3574.65,3575.65,3570.1,3570.9,896,
2024-01-31 09:36:00+05:30,3574.2,3575.9,3570.9,3574.4,746,
2024-01-31 09:37:00+05:30,3574.4,3575.75,3572.05,3573,831,
2024-01-31 09:38:00+05:30,3573,3574.85,3571,3572.2,1351,
2024-01-31 09:39:00+05:30,3572.2,3577.15,3572.2,3574,2853,
2024-01-31 09:40:00+05:30,3576.15,3578.25,3573.45,3577.35,1549,
2024-01-31 09:41:00+05:30,3578.25,3580,3576.3,3578.75,1399,
2024-01-31 09:42:00+05:30,3578.75,3581.7,3576,3576.15,866,
2024-01-31 09:43:00+05:30,3576.15,3579.9,3576,3578.8,766,
2024-01-31 09:44:00+05:30,3578.05,3581.7,3575,3578.35,945,
2024-01-31 09:45:00+05:30,3578.8,3580.25,3573.2,3573.2,1459,
2024-01-31 09:46:00+05:30,3573.2,3576.75,3573.2,3574.65,482,
2024-01-31 09:47:00+05:30,3574.65,3576.7,3574.55,3574.9,303,
2024-01-31 09:48:00+05:30,3574.9,3577.45,3573.1,3576.05,935,
2024-01-31 09:49:00+05:30,3576.15,3580,3575,3575.3,2234,
2024-01-31 09:50:00+05:30,3575.3,3576.25,3571.55,3571.55,2673,
2024-01-31 09:51:00+05:30,3571.55,3571.65,3567,3568.35,1094,
2024-01-31 09:52:00+05:30,3568.35,3569.9,3566.9,3569,497,
2024-01-31 09:53:00+05:30,3569,3570.85,3567.05,3569.15,1074,
2024-01-31 09:54:00+05:30,3569.1,3570.85,3567.5,3567.5,498,
2024-01-31 09:55:00+05:30,3567.55,3570.4,3567.5,3568.3,1137,
2024-01-31 09:56:00+05:30,3568.3,3571.9,3567.6,3568.15,553,
2024-01-31 09:57:00+05:30,3568.15,3572.95,3568,3570.25,2034,
2024-01-31 09:58:00+05:30,3571.05,3580.9,3571.05,3578.45,2283,
2024-01-31 09:59:00+05:30,3578.4,3587.9,3578.4,3585.7,3730,
2024-01-31 10:00:00+05:30,3585.7,3587.15,3576.25,3576.25,1910,
2024-01-31 10:01:00+05:30,3576.25,3578,3573.5,3574.8,1295,
2024-01-31 10:02:00+05:30,3574.8,3577.5,3573.4,3576.95,633,
2024-01-31 10:03:00+05:30,3576.4,3582.4,3576.4,3580.05,662,
2024-01-31 10:04:00+05:30,3580.05,3582.8,3578.25,3581.75,414,
2024-01-31 10:05:00+05:30,3581.8,3584.6,3577,3578.3,1090,
2024-01-31 10:06:00+05:30,3578.3,3580.55,3576.7,3577.55,378,
2024-01-31 10:07:00+05:30,3577.55,3581.9,3577.45,3580.7,849,
2024-01-31 10:08:00+05:30,3582.15,3582.85,3580.7,3581.35,574,
2024-01-31 10:09:00+05:30,3581.35,3583.05,3578.45,3578.6,924,
2024-01-31 10:10:00+05:30,3578.5,3583.1,3578.5,3582,382,
2024-01-31 10:11:00+05:30,3582,3584.7,3580.5,3583.35,1481,
2024-01-31 10:12:00+05:30,3583.35,3588.3,3583.35,3584.5,4255,
2024-01-31 10:13:00+05:30,3584.5,3586.65,3584.35,3584.85,2174,
2024-01-31 10:14:00+05:30,3584.4,3585.9,3583,3585.3,450,
2024-01-31 10:15:00+05:30,3585.3,3588.85,3584.6,3586.95,642,
2024-01-31 10:16:00+05:30,3586.95,3588.4,3584.7,3585,1312,
2024-01-31 10:17:00+05:30,3585,3588.2,3585,3588,604,
2024-01-31 10:18:00+05:30,3592,3594.3,3587,3588.1,5723,
2024-01-31 10:19:00+05:30,3588.1,3594.5,3587.7,3594.15,1230,
2024-01-31 10:20:00+05:30,3594.15,3596.95,3592.75,3594.85,2656,
2024-01-31 10:21:00+05:30,3594.85,3596,3592.8,3594.15,1827,
2024-01-31 10:22:00+05:30,3594.25,3596,3586.95,3588.1,3092,
2024-01-31 10:23:00+05:30,3587.2,3596.3,3587.2,3593.85,1204,
2024-01-31 10:24:00+05:30,3593.85,3604.5,3593.45,3604.5,5049,
2024-01-31 10:25:00+05:30,3602.8,3614,3602.65,3608.75,7127,
2024-01-31 10:26:00+05:30,3608.75,3612.05,3604.25,3608.1,5301,
2024-01-31 10:27:00+05:30,3608.1,3611,3606.1,3607.3,3486,
2024-01-31 10:28:00+05:30,3607.3,3609.95,3603.25,3608.35,2937,
2024-01-31 10:29:00+05:30,3608.05,3615,3602.6,3605.7,6174,
2024-01-31 10:30:00+05:30,3605.7,3609.8,3605,3606,3043,
2024-01-31 10:31:00+05:30,3607.25,3611.9,3601.75,3611.5,5730,
2024-01-31 10:32:00+05:30,3610.1,3611.5,3605,3605.2,2241,
2024-01-31 10:33:00+05:30,3605.05,3609.5,3603,3607.85,5439,
2024-01-31 10:34:00+05:30,3607.3,3610.6,3606.1,3608.95,830,
2024-01-31 10:35:00+05:30,3608.95,3613.5,3607.75,3608.9,3843,
2024-01-31 10:36:00+05:30,3608.9,3611.4,3608.05,3609,1927,
2024-01-31 10:37:00+05:30,3609,3611,3605.95,3606.7,1600,
2024-01-31 10:38:00+05:30,3605.95,3606.7,3598.05,3600,3951,
2024-01-31 10:39:00+05:30,3601,3606.35,3600,3604.3,1538,
2024-01-31 10:40:00+05:30,3604.25,3605.05,3601.9,3603.4,436,
2024-01-31 10:41:00+05:30,3603.4,3604.9,3598.45,3602.85,1167,
2024-01-31 10:42:00+05:30,3602.5,3604,3600,3600.8,272,
2024-01-31 10:43:00+05:30,3600,3601.35,3598.1,3598.6,529,
2024-01-31 10:44:00+05:30,3598.6,3600,3595,3600,1415,
2024-01-31 10:45:00+05:30,3600,3607.9,3598.8,3605.05,688,
2024-01-31 10:46:00+05:30,3605.05,3607.75,3603.05,3606.55,1192,
2024-01-31 10:47:00+05:30,3606.55,3607.8,3600.85,3601.1,778,
2024-01-31 10:48:00+05:30,3601.1,3603.1,3597.05,3597.8,937,
2024-01-31 10:49:00+05:30,3597.8,3599.9,3596.35,3598,532,
2024-01-31 10:50:00+05:30,3598,3599.4,3595,3595.05,562,
2024-01-31 10:51:00+05:30,3595.05,3600.45,3595,3600.2,1147,
2024-01-31 10:52:00+05:30,3600.2,3603.85,3600.15,3602.8,909,
2024-01-31 10:53:00+05:30,3602.8,3604.6,3600.8,3602.75,580,
2024-01-31 10:54:00+05:30,3602.75,3604.75,3601,3603.75,390,
2024-01-31 10:55:00+05:30,3603.75,3604.95,3601.8,3603.05,419,
2024-01-31 10:56:00+05:30,3604.6,3605.65,3601.9,3605.15,613,
2024-01-31 10:57:00+05:30,3605.15,3611.4,3605.15,3610.05,1739,
2024-01-31 10:58:00+05:30,3610.05,3610.05,3607.15,3609.45,580,
2024-01-31 10:59:00+05:30,3609.45,3611.55,3608.05,3610,2696,
2024-01-31 11:00:00+05:30,3610,3610.05,3608,3609.4,1079,
2024-01-31 11:01:00+05:30,3609.4,3610.95,3608.35,3608.9,541,
2024-01-31 11:02:00+05:30,3608.9,3611.75,3608.9,3609.8,1371,
2024-01-31 11:03:00+05:30,3609.8,3610.6,3607.05,3608.1,593,
2024-01-31 11:04:00+05:30,3608.1,3609.95,3607.05,3608.25,942,
2024-01-31 11:05:00+05:30,3608.25,3610.9,3607.45,3610,2053,
2024-01-31 11:06:00+05:30,3610,3610.5,3605,3605.85,791,
2024-01-31 11:07:00+05:30,3605.85,3609.5,3605.85,3607.05,305,
2024-01-31 11:08:00+05:30,3607.05,3608.8,3606.2,3607.55,373,
2024-01-31 11:09:00+05:30,3608.7,3610,3607.55,3609.05,783,
2024-01-31 11:10:00+05:30,3610,3611,3609,3609.05,368,
2024-01-31 11:11:00+05:30,3609.05,3610.75,3607.4,3609.6,1324,
2024-01-31 11:12:00+05:30,3609.6,3610.4,3603.25,3604.8,6024,
2024-01-31 11:13:00+05:30,3604.8,3609.5,3604.8,3607.5,334,
2024-01-31 11:14:00+05:30,3607.5,3609.5,3607.1,3608.35,454,
2024-01-31 11:15:00+05:30,3608.35,3612.3,3608.35,3612.3,2225,
2024-01-31 11:16:00+05:30,3612.3,3625.75,3610.5,3622.9,6490,
2024-01-31 11:17:00+05:30,3623.35,3624.9,3620.05,3622.15,3680,
2024-01-31 11:18:00+05:30,3624.35,3624.35,3617.1,3620.1,1451,
2024-01-31 11:19:00+05:30,3620.1,3623,3618.55,3623,837,
2024-01-31 11:20:00+05:30,3622.15,3622.7,3620.1,3620.7,696,
2024-01-31 11:21:00+05:30,3620.7,3621.75,3616.8,3620.25,1137,
2024-01-31 11:22:00+05:30,3620.25,3620.6,3617.9,3620.2,1020,
2024-01-31 11:23:00+05:30,3620.2,3620.2,3615.8,3616.1,1023,
2024-01-31 11:24:00+05:30,3616.1,3618,3616,3616.55,590,
2024-01-31 11:25:00+05:30,3616.5,3619.55,3616.2,3618.55,375,
2024-01-31 11:26:00+05:30,3618.3,3619.85,3616.15,3618.95,720,
2024-01-31 11:27:00+05:30,3618.95,3620,3617.9,3618.95,692,
2024-01-31 11:28:00+05:30,3618.95,3621.5,3618.95,3619.8,793,
2024-01-31 11:29:00+05:30,3619.8,3622,3619.55,3619.6,3784,
2024-01-31 11:30:00+05:30,3619.6,3622.7,3619.6,3620.05,5523,
2024-01-31 11:31:00+05:30,3620.05,3631.95,3620.05,3630.95,4476,
2024-01-31 11:32:00+05:30,3630.5,3635,3629.65,3633,2429,
2024-01-31 11:33:00+05:30,3633,3639.45,3632.75,3639,2074,
2024-01-31 11:34:00+05:30,3638.6,3639.95,3635.55,3636,2440,
2024-01-31 11:35:00+05:30,3638.05,3640.95,3636,3638.5,2234,
2024-01-31 11:36:00+05:30,3637,3640.7,3636.55,3639.9,2519,
2024-01-31 11:37:00+05:30,3638.2,3641.95,3638.15,3639,6139,
2024-01-31 11:38:00+05:30,3639.05,3640.2,3635.45,3637.45,2993,
2024-01-31 11:39:00+05:30,3638.95,3642,3635.8,3636.5,9082,
2024-01-31 11:40:00+05:30,3636.5,3642.2,3636.45,3638.1,4132,
2024-01-31 11:41:00+05:30,3638.15,3641.2,3637.8,3637.8,6021,
2024-01-31 11:42:00+05:30,3637.8,3641,3637.8,3640.9,3702,
2024-01-31 11:43:00+05:30,3639.2,3642,3639,3640,4386,
2024-01-31 11:44:00+05:30,3639.65,3641.95,3637.1,3637.9,2879,
2024-01-31 11:45:00+05:30,3640.1,3641.85,3637.45,3638.1,4070,
2024-01-31 11:46:00+05:30,3638.1,3640.55,3637.05,3639,1965,
2024-01-31 11:47:00+05:30,3639,3641,3638,3638.05,1705,
2024-01-31 11:48:00+05:30,3638.05,3641.35,3638,3638.7,1758,
2024-01-31 11:49:00+05:30,3640.15,3641,3636.8,3637.25,3536,
2024-01-31 11:50:00+05:30,3637.25,3641.5,3636.3,3637.35,3308,
2024-01-31 11:51:00+05:30,3637.35,3641.6,3637.35,3640,2973,
2024-01-31 11:52:00+05:30,3640.95,3641,3638.2,3638.6,4383,
2024-01-31 11:53:00+05:30,3640.35,3642,3638.1,3639.35,2946,
2024-01-31 11:54:00+05:30,3640.25,3641.65,3638.9,3640.2,3256,
2024-01-31 11:55:00+05:30,3641.3,3641.95,3636.4,3636.45,6415,
2024-01-31 11:56:00+05:30,3638.45,3640,3636.5,3637.95,1286,
2024-01-31 11:57:00+05:30,3639,3640.75,3637.15,3639.25,1844,
2024-01-31 11:58:00+05:30,3639.25,3641.6,3637.9,3638.8,1447,
2024-01-31 11:59:00+05:30,3638.85,3640.75,3638.55,3639.25,1448,
2024-01-31 12:00:00+05:30,3639.05,3644.85,3638.9,3639.7,5065,
2024-01-31 12:01:00+05:30,3640.1,3640.7,3639,3639,1774,
2024-01-31 12:02:00+05:30,3639,3641.95,3638.45,3640,4521,
2024-01-31 12:03:00+05:30,3640,3642,3639.85,3640.85,3257,
2024-01-31 12:04:00+05:30,3642,3642.7,3639.1,3640.05,7869,
2024-01-31 12:05:00+05:30,3639.8,3642,3639.45,3640.1,5635,
2024-01-31 12:06:00+05:30,3640.1,3641.9,3639.3,3640.75,3835,
2024-01-31 12:07:00+05:30,3641.4,3641.4,3639,3639.2,1361,
2024-01-31 12:08:00+05:30,3639.2,3640.2,3638.95,3639.05,973,
2024-01-31 12:09:00+05:30,3639.95,3640,3629.6,3630.05,2695,
2024-01-31 12:10:00+05:30,3630.85,3630.85,3625.75,3629.45,1146,
2024-01-31 12:11:00+05:30,3629.45,3633.8,3627.5,3632.1,631,
2024-01-31 12:12:00+05:30,3632.1,3633.3,3630,3630.7,460,
2024-01-31 12:13:00+05:30,3630.7,3633.8,3630.7,3631,628,
2024-01-31 12:14:00+05:30,3631,3632.25,3628.25,3632.05,1004,
2024-01-31 12:15:00+05:30,3631.3,3633.9,3631.3,3633.6,558,
2024-01-31 12:16:00+05:30,3633.6,3634,3631.3,3631.35,540,
2024-01-31 12:17:00+05:30,3631.35,3633.05,3628.15,3628.2,483,
2024-01-31 12:18:00+05:30,3628.2,3629.65,3626.5,3627.55,422,
2024-01-31 12:19:00+05:30,3628.05,3630,3626.45,3626.75,487,
2024-01-31 12:20:00+05:30,3626.75,3629.25,3625,3629.25,1317,
2024-01-31 12:21:00+05:30,3629.1,3629.65,3623.5,3625,1720,
2024-01-31 12:22:00+05:30,3625,3628.8,3625,3627.15,615,
2024-01-31 12:23:00+05:30,3627.15,3633.9,3627.1,3632.45,2017,
2024-01-31 12:24:00+05:30,3632.45,3637.25,3632,3634.5,677,
2024-01-31 12:25:00+05:30,3634.5,3636.5,3632.9,3634.65,442,
2024-01-31 12:26:00+05:30,3636.2,3637.45,3634,3634.5,483,
2024-01-31 12:27:00+05:30,3634,3635,3629.85,3629.85,588,
2024-01-31 12:28:00+05:30,3629.85,3631.95,3625,3625.05,415,
2024-01-31 12:29:00+05:30,3625.85,3629.5,3625.05,3628.55,357,
2024-01-31 12:30:00+05:30,3628.55,3629.5,3626.3,3627.7,292,
2024-01-31 12:31:00+05:30,3627.7,3635.55,3627.7,3634,589,
2024-01-31 12:32:00+05:30,3634,3636.8,3634,3635.05,508,
2024-01-31 12:33:00+05:30,3634,3638,3632.6,3637,612,
2024-01-31 12:34:00+05:30,3637,3640.15,3634.85,3639.15,1241,
2024-01-31 12:35:00+05:30,3639.15,3642,3638.2,3639.95,1451,
2024-01-31 12:36:00+05:30,3640,3640.75,3634,3636,1774,
2024-01-31 12:37:00+05:30,3636,3639.5,3635,3635,894,
2024-01-31 12:38:00+05:30,3635,3637,3634.4,3636.75,366,
2024-01-31 12:39:00+05:30,3635,3636.9,3634,3634,476,
2024-01-31 12:40:00+05:30,3634.4,3635.7,3629.55,3629.8,668,
2024-01-31 12:41:00+05:30,3629.8,3632.05,3627.75,3630.2,722,
2024-01-31 12:42:00+05:30,3630.2,3632.75,3625.7,3626.1,587,
2024-01-31 12:43:00+05:30,3626.3,3631.35,3626.3,3627,409,
2024-01-31 12:44:00+05:30,3629.15,3629.95,3626.35,3628.05,405,
2024-01-31 12:45:00+05:30,3628.05,3630.8,3627.55,3628.65,425,
2024-01-31 12:46:00+05:30,3628.65,3631,3628.65,3630,308,
2024-01-31 12:47:00+05:30,3630,3633.45,3630,3632.25,490,
2024-01-31 12:48:00+05:30,3632.25,3635,3632.25,3633.85,694,
2024-01-31 12:49:00+05:30,3634.45,3636,3633.2,3635.65,901,
2024-01-31 12:50:00+05:30,3635.65,3636,3630,3630.05,1503,
2024-01-31 12:51:00+05:30,3630.05,3631.8,3629.65,3630.4,334,
2024-01-31 12:52:00+05:30,3630,3631.75,3629.5,3629.65,317,
2024-01-31 12:53:00+05:30,3629.65,3633.95,3629.6,3630.85,550,
2024-01-31 12:54:00+05:30,3630.85,3632.05,3629.4,3630.05,353,
2024-01-31 12:55:00+05:30,3630.05,3634.9,3630.05,3633.25,304,
2024-01-31 12:56:00+05:30,3633.25,3635.95,3633.15,3635.6,527,
2024-01-31 12:57:00+05:30,3635.75,3639,3635.35,3637.25,1318,
2024-01-31 12:58:00+05:30,3637.25,3640.8,3637.25,3640.25,1633,
2024-01-31 12:59:00+05:30,3640.4,3640.6,3635.25,3636.6,1243,
2024-01-31 13:00:00+05:30,3636.6,3638.4,3636.45,3637.85,1102,
2024-01-31 13:01:00+05:30,3638.1,3641,3638.1,3640.05,1565,
2024-01-31 13:02:00+05:30,3640.05,3641,3637.25,3638.15,694,
2024-01-31 13:03:00+05:30,3638.15,3640.5,3638.05,3640,260,
2024-01-31 13:04:00+05:30,3640.25,3644,3639,3643.65,4934,
2024-01-31 13:05:00+05:30,3643.4,3644,3641.4,3642.8,2132,
2024-01-31 13:06:00+05:30,3643.3,3645.95,3641.65,3643.25,3809,
2024-01-31 13:07:00+05:30,3643.05,3647.1,3642.9,3643.7,2809,
2024-01-31 13:08:00+05:30,3643.75,3645.65,3642.8,3643,1416,
2024-01-31 13:09:00+05:30,3642.8,3643.65,3641.75,3641.75,636,
2024-01-31 13:10:00+05:30,3641.75,3643.2,3639.45,3640.05,1521,
2024-01-31 13:11:00+05:30,3640.35,3642,3640.35,3641.75,555,
2024-01-31 13:12:00+05:30,3641.75,3642.65,3640.5,3641.25,1651,
2024-01-31 13:13:00+05:30,3640.65,3642,3639.9,3641.2,1035,
2024-01-31 13:14:00+05:30,3641.25,3643.6,3640.15,3643,882,
2024-01-31 13:15:00+05:30,3642.05,3643.6,3640.05,3640.2,1471,
2024-01-31 13:16:00+05:30,3641.05,3641.6,3638.25,3639.65,836,
2024-01-31 13:17:00+05:30,3640,3640,3633,3637.75,1767,
2024-01-31 13:18:00+05:30,3636.4,3638.4,3635.35,3637.85,574,
2024-01-31 13:19:00+05:30,3637.7,3643.2,3636.85,3642.3,1085,
2024-01-31 13:20:00+05:30,3642.55,3643.85,3635.05,3635.5,2087,
2024-01-31 13:21:00+05:30,3635.5,3643.5,3635.5,3642.05,2649,
2024-01-31 13:22:00+05:30,3642.9,3647.55,3642.35,3646.8,1628,
2024-01-31 13:23:00+05:30,3645.1,3649,3645.1,3647.5,842,
2024-01-31 13:24:00+05:30,3647.5,3648.75,3645,3645.35,1217,
2024-01-31 13:25:00+05:30,3646.05,3648.9,3645,3645,1837,
2024-01-31 13:26:00+05:30,3645.25,3647.6,3637.75,3640.85,4514,
2024-01-31 13:27:00+05:30,3639.7,3642.7,3639.7,3641,1508,
2024-01-31 13:28:00+05:30,3641,3641.7,3639.3,3640.15,1103,
2024-01-31 13:29:00+05:30,3640.15,3641.05,3637.7,3639.6,4774,
2024-01-31 13:30:00+05:30,3639.6,3641.65,3638.4,3641.15,8244,
2024-01-31 13:31:00+05:30,3639.85,3640.9,3636.05,3638,867,
2024-01-31 13:32:00+05:30,3638,3639.6,3637.35,3637.35,343,
2024-01-31 13:33:00+05:30,3638.85,3640.35,3637,3637,544,
2024-01-31 13:34:00+05:30,3637,3639.8,3636.45,3638.5,514,
2024-01-31 13:35:00+05:30,3638.5,3640.6,3636.55,3636.6,1207,
2024-01-31 13:36:00+05:30,3636.3,3638.15,3634.65,3635.7,736,
2024-01-31 13:37:00+05:30,3635.7,3636.05,3632,3632.6,1250,
2024-01-31 13:38:00+05:30,3632.6,3635.45,3632.45,3634.05,276,
2024-01-31 13:39:00+05:30,3634.05,3635.05,3630,3631.05,1808,
2024-01-31 13:40:00+05:30,3631.05,3634.5,3631.05,3632.35,530,
2024-01-31 13:41:00+05:30,3632.6,3635,3632.35,3633.6,286,
2024-01-31 13:42:00+05:30,3633.6,3636,3633.6,3635.15,400,
2024-01-31 13:43:00+05:30,3635.55,3637.85,3632.35,3635.4,710,
2024-01-31 13:44:00+05:30,3635.4,3637.8,3632.55,3632.75,2108,
2024-01-31 13:45:00+05:30,3633.05,3637,3632.75,3634,1036,
2024-01-31 13:46:00+05:30,3634,3636.95,3632.35,3636.4,755,
2024-01-31 13:47:00+05:30,3635.1,3637.3,3635.1,3636.35,164,
2024-01-31 13:48:00+05:30,3636.35,3637.95,3636.3,3637.5,262,
2024-01-31 13:49:00+05:30,3637.5,3637.95,3636.8,3636.8,354,
2024-01-31 13:50:00+05:30,3636.8,3638.3,3635,3635.05,958,
2024-01-31 13:51:00+05:30,3635.05,3635.55,3631.3,3631.3,655,
2024-01-31 13:52:00+05:30,3631.05,3633.4,3629.1,3632.5,3435,
2024-01-31 13:53:00+05:30,3632.5,3633.8,3630.05,3631.6,502,
2024-01-31 13:54:00+05:30,3631.65,3633,3630.6,3633,658,
2024-01-31 13:55:00+05:30,3633,3636.45,3632.1,3633.3,440,
2024-01-31 13:56:00+05:30,3633.3,3636,3633.3,3634,879,
2024-01-31 13:57:00+05:30,3634,3635,3632.75,3633.65,1506,
2024-01-31 13:58:00+05:30,3633.8,3637.9,3633.55,3634.65,2414,
2024-01-31 13:59:00+05:30,3635.2,3637.9,3634.85,3636.05,282,
2024-01-31 14:00:00+05:30,3636.05,3639.35,3636.05,3638.05,706,
2024-01-31 14:01:00+05:30,3637.9,3640.65,3637.35,3638.95,1065,
2024-01-31 14:02:00+05:30,3638.1,3640.4,3638,3639.25,753,
2024-01-31 14:03:00+05:30,3639.7,3640.55,3638.4,3639.25,500,
2024-01-31 14:04:00+05:30,3639.25,3641,3639.25,3640.65,436,
2024-01-31 14:05:00+05:30,3640.65,3644.4,3640.5,3643.6,1035,
2024-01-31 14:06:00+05:30,3643.9,3644.3,3638,3638.15,925,
2024-01-31 14:07:00+05:30,3638.15,3641.65,3638.15,3641.4,247,
2024-01-31 14:08:00+05:30,3641.4,3642.8,3641.15,3642.8,385,
2024-01-31 14:09:00+05:30,3642.8,3645.6,3642,3643.95,782,
2024-01-31 14:10:00+05:30,3643.35,3646.7,3643.35,3644.1,1041,
2024-01-31 14:11:00+05:30,3645.75,3646.7,3644.4,3645.75,878,
2024-01-31 14:12:00+05:30,3646.15,3647.65,3643.05,3643.65,735,
2024-01-31 14:13:00+05:30,3644.7,3648,3643.95,3647,612,
2024-01-31 14:14:00+05:30,3647.7,3648.15,3644,3644,464,
2024-01-31 14:15:00+05:30,3644.75,3647.9,3644,3646.7,572,
2024-01-31 14:16:00+05:30,3647.9,3647.9,3645.65,3646.7,699,
2024-01-31 14:17:00+05:30,3646.7,3657.25,3646.65,3656.9,6349,
2024-01-31 14:18:00+05:30,3657.85,3663.3,3656.15,3658.95,5021,
2024-01-31 14:19:00+05:30,3659.2,3662.85,3655.95,3661.45,2240,
2024-01-31 14:20:00+05:30,3661.45,3666,3661.45,3662,2546,
2024-01-31 14:21:00+05:30,3662,3663,3657.45,3658.5,1829,
2024-01-31 14:22:00+05:30,3659,3659.55,3656.15,3657.85,1380,
2024-01-31 14:23:00+05:30,3657.6,3661,3657.1,3660.05,2032,
2024-01-31 14:24:00+05:30,3659.15,3660.6,3656,3658.4,2788,
2024-01-31 14:25:00+05:30,3658.4,3658.4,3654.2,3656.7,1299,
2024-01-31 14:26:00+05:30,3656.7,3659,3656.7,3658.75,1257,
2024-01-31 14:27:00+05:30,3659.45,3660.85,3655.7,3655.7,2147,
2024-01-31 14:28:00+05:30,3655.7,3660.15,3655.7,3659.9,954,
2024-01-31 14:29:00+05:30,3659.9,3661.7,3659.25,3659.9,5380,
2024-01-31 14:30:00+05:30,3659.45,3661.2,3658.3,3659.05,775,
2024-01-31 14:31:00+05:30,3659,3660.95,3656.3,3657.4,2129,
2024-01-31 14:32:00+05:30,3658.4,3660.8,3657.4,3659,720,
2024-01-31 14:33:00+05:30,3659.15,3660,3659,3659.05,505,
2024-01-31 14:34:00+05:30,3659.05,3661,3658.35,3659.5,1199,
2024-01-31 14:35:00+05:30,3660,3660,3658,3659.15,343,
2024-01-31 14:36:00+05:30,3660,3662.5,3657.1,3659.7,3228,
2024-01-31 14:37:00+05:30,3658.85,3660,3657,3657.5,600,
2024-01-31 14:38:00+05:30,3657.5,3658,3654.65,3655.45,1056,
2024-01-31 14:39:00+05:30,3655.45,3659.15,3655.45,3658.85,568,
2024-01-31 14:40:00+05:30,3658.85,3661.1,3658.5,3659.15,1263,
2024-01-31 14:41:00+05:30,3658.25,3659.8,3658,3658,559,
2024-01-31 14:42:00+05:30,3656,3659.15,3654.75,3657.35,546,
2024-01-31 14:43:00+05:30,3657.35,3658.45,3655.05,3657.3,676,
2024-01-31 14:44:00+05:30,3658.45,3660,3657.3,3659.55,1013,
2024-01-31 14:45:00+05:30,3659.2,3660,3658,3658,933,
2024-01-31 14:46:00+05:30,3658,3659.9,3657.65,3657.65,506,
2024-01-31 14:47:00+05:30,3657.65,3659.9,3656,3656.05,1012,
2024-01-31 14:48:00+05:30,3657.75,3659.25,3656.1,3658.65,1466,
2024-01-31 14:49:00+05:30,3658.65,3660,3658.65,3658.65,1095,
2024-01-31 14:50:00+05:30,3658.65,3659.8,3656,3656.2,1401,
2024-01-31 14:51:00+05:30,3656.05,3659.8,3656,3658.35,856,
2024-01-31 14:52:00+05:30,3658.35,3658.75,3657.4,3657.85,1011,
2024-01-31 14:53:00+05:30,3657.85,3660,3657.7,3658.45,629,
2024-01-31 14:54:00+05:30,3658,3659.7,3658,3658.75,785,
2024-01-31 14:55:00+05:30,3659.05,3659.05,3655.55,3655.85,575,
2024-01-31 14:56:00+05:30,3655.85,3657,3655,3656.15,469,
2024-01-31 14:57:00+05:30,3656.35,3657,3656,3656,579,
2024-01-31 14:58:00+05:30,3656,3658.35,3656,3656.75,731,
2024-01-31 14:59:00+05:30,3658.05,3659,3655.9,3657.65,1365,
2024-01-31 15:00:00+05:30,3657.65,3662.7,3657.65,3660.55,6911,
2024-01-31 15:01:00+05:30,3660.55,3661.9,3658.7,3660.85,5843,
2024-01-31 15:02:00+05:30,3660.85,3661,3659.55,3660.1,4833,
2024-01-31 15:03:00+05:30,3660,3661,3657.45,3659.85,5467,
2024-01-31 15:04:00+05:30,3660.7,3661.55,3657.6,3658.55,5283,
2024-01-31 15:05:00+05:30,3659.3,3661.6,3658.55,3659.85,5507,
2024-01-31 15:06:00+05:30,3659.85,3661.45,3659.1,3659.95,4325,
2024-01-31 15:07:00+05:30,3660.1,3661.45,3659.3,3659.85,4501,
2024-01-31 15:08:00+05:30,3659.85,3661,3658.9,3658.9,4443,
2024-01-31 15:09:00+05:30,3658.95,3660.7,3658.2,3659.7,4472,
2024-01-31 15:10:00+05:30,3660.25,3663.05,3659.7,3663.05,4675,
2024-01-31 15:11:00+05:30,3663.05,3668.7,3662.9,3667.5,6103,
2024-01-31 15:12:00+05:30,3668.15,3671.05,3667.5,3670.35,4730,
2024-01-31 15:13:00+05:30,3672.55,3673.8,3670.35,3672.25,5764,
2024-01-31 15:14:00+05:30,3672.25,3675.9,3671.35,3675.7,8431,
2024-01-31 15:15:00+05:30,3675.05,3675.75,3672,3673.15,6287,
2024-01-31 15:16:00+05:30,3673.15,3674.85,3672,3674.05,6018,
2024-01-31 15:17:00+05:30,3674.05,3675,3670.7,3674.5,6135,
2024-01-31 15:18:00+05:30,3674.7,3675.7,3669.55,3672.3,8072,
2024-01-31 15:19:00+05:30,3673.4,3674.9,3671.05,3672,5384,
2024-01-31 15:20:00+05:30,3672.15,3678.45,3671.8,3675,14626,
2024-01-31 15:21:00+05:30,3675.85,3679.35,3675,3678.85,10603,
2024-01-31 15:22:00+05:30,3678.8,3680.6,3677.15,3677.7,10456,
2024-01-31 15:23:00+05:30,3677.85,3680.25,3675.1,3677.3,10537,
2024-01-31 15:24:00+05:30,3677.4,3680.9,3677.3,3680,18110,
2024-01-31 15:25:00+05:30,3680,3680.1,3676.8,3679.5,7797,
2024-01-31 15:26:00+05:30,3679.75,3679.75,3665,3670.7,6934,
2024-01-31 15:27:00+05:30,3669.85,3675.25,3659.95,3662,7008,
2024-01-31 15:28:00+05:30,3661.85,3673.2,3660,3663.6,2082,
2024-01-31 15:29:00+05:30,3660,3669.1,3657.85,3663,6296,
2024-02-01 09:15:00+05:30,3696,3696,3658.1,3675.7,4511,
2024-02-01 09:16:00+05:30,3672.4,3680.2,3665,3672.1,2025,
2024-02-01 09:17:00+05:30,3672.05,3672.6,3661.85,3663.35,5832,
2024-02-01 09:18:00+05:30,3666.4,3666.6,3660,3660.35,1834,
2024-02-01 09:19:00+05:30,3661.05,3661.2,3650,3656.95,2451,
2024-02-01 09:20:00+05:30,3656.1,3666.85,3656.1,3661,1730,
2024-02-01 09:21:00+05:30,3659.3,3663.75,3657.25,3663.75,1080,
2024-02-01 09:22:00+05:30,3662.45,3664.25,3653.6,3654,2981,
2024-02-01 09:23:00+05:30,3654.45,3659.75,3651.35,3659.75,861,
2024-02-01 09:24:00+05:30,3659,3661.4,3653.95,3656,1774,
2024-02-01 09:25:00+05:30,3656.9,3664.9,3656,3660,1133,
2024-02-01 09:26:00+05:30,3660.95,3662.1,3655,3655.05,687,
2024-02-01 09:27:00+05:30,3655,3655.55,3650,3650.1,1267,
2024-02-01 09:28:00+05:30,3650.1,3660.8,3650.1,3651,1613,
2024-02-01 09:29:00+05:30,3651,3653.9,3650.1,3652.85,1116,
2024-02-01 09:30:00+05:30,3653.2,3654.2,3648.2,3650.8,2495,
2024-02-01 09:31:00+05:30,3651.6,3653.4,3648.9,3651.4,1327,
2024-02-01 09:32:00+05:30,3652.4,3655.85,3650.85,3651.05,366,
2024-02-01 09:33:00+05:30,3651.05,3655.05,3649.8,3649.8,428,
2024-02-01 09:34:00+05:30,3650.15,3653,3648,3653,891,
2024-02-01 09:35:00+05:30,3653,3653,3645,3645,1292,
2024-02-01 09:36:00+05:30,3645,3648.5,3643.2,3647.05,2112,
2024-02-01 09:37:00+05:30,3646.85,3652.85,3644.05,3651.6,3734,
2024-02-01 09:38:00+05:30,3651.85,3662.05,3651.6,3659.7,1663,
2024-02-01 09:39:00+05:30,3661.25,3663.15,3653.25,3655,1539,
2024-02-01 09:40:00+05:30,3655.4,3662,3654.3,3659.9,1323,
2024-02-01 09:41:00+05:30,3660.75,3660.75,3656,3657,779,
2024-02-01 09:42:00+05:30,3657,3659.5,3652.05,3655.25,1060,
2024-02-01 09:43:00+05:30,3655.25,3657.9,3650.4,3651.6,464,
2024-02-01 09:44:00+05:30,3651.6,3661.9,3651.6,3658.95,1334,
2024-02-01 09:45:00+05:30,3659.6,3662.4,3655,3662.4,586,
2024-02-01 09:46:00+05:30,3661.2,3664.65,3655.8,3656.05,1029,
2024-02-01 09:47:00+05:30,3657.45,3657.45,3653.1,3653.5,738,
2024-02-01 09:48:00+05:30,3653.2,3657.6,3653.1,3656.7,2929,
2024-02-01 09:49:00+05:30,3656.7,3659,3651,3651.85,3714,
2024-02-01 09:50:00+05:30,3651.9,3654.75,3651.75,3654.3,268,
2024-02-01 09:51:00+05:30,3654.3,3656,3651.4,3652.95,435,
2024-02-01 09:52:00+05:30,3653.15,3653.45,3649.2,3652.15,1211,
2024-02-01 09:53:00+05:30,3652.15,3654.85,3649.25,3654.85,1406,
2024-02-01 09:54:00+05:30,3654.95,3654.95,3650.1,3650.95,176,
2024-02-01 09:55:00+05:30,3651.1,3652.9,3650.1,3650.5,255,
2024-02-01 09:56:00+05:30,3651,3653.05,3650.1,3652.65,480,
2024-02-01 09:57:00+05:30,3652.6,3654,3650.9,3654,2595,
2024-02-01 09:58:00+05:30,3654,3657.4,3651.1,3651.1,820,
2024-02-01 09:59:00+05:30,3651.1,3653,3651.1,3651.55,406,
2024-02-01 10:00:00+05:30,3651.55,3653.95,3651.55,3651.55,293,
2024-02-01 10:01:00+05:30,3651.55,3653,3651.1,3651.75,485,
2024-02-01 10:02:00+05:30,3652.3,3654.95,3651.1,3651.7,993,
2024-02-01 10:03:00+05:30,3651.7,3653.25,3650,3651.45,1038,
2024-02-01 10:04:00+05:30,3651.45,3656.45,3651.45,3652.1,393,
2024-02-01 10:05:00+05:30,3652.45,3655.55,3651.35,3655.55,152,
2024-02-01 10:06:00+05:30,3655.55,3655.55,3653.05,3655.15,75,
2024-02-01 10:07:00+05:30,3656,3656.05,3652.4,3655.1,1438,
2024-02-01 10:08:00+05:30,3655.1,3658.55,3652.85,3656.3,132,
2024-02-01 10:09:00+05:30,3656.3,3656.7,3653,3655.35,277,
2024-02-01 10:10:00+05:30,3655.35,3658,3655.1,3656.9,2344,
2024-02-01 10:11:00+05:30,3656.9,3659.75,3656.9,3659.75,781,
2024-02-01 10:12:00+05:30,3659.75,3660.35,3654.2,3655.05,294,
2024-02-01 10:13:00+05:30,3656.05,3657.55,3654.1,3656.45,403,
2024-02-01 10:14:00+05:30,3656.05,3656.35,3653.1,3653.1,664,
2024-02-01 10:15:00+05:30,3652.95,3653.1,3647.2,3647.2,2767,
2024-02-01 10:16:00+05:30,3647.2,3649.35,3647.2,3648.15,166,
2024-02-01 10:17:00+05:30,3648.15,3650.95,3647.2,3648.85,2211,
2024-02-01 10:18:00+05:30,3649,3650,3644.35,3649.9,2919,
2024-02-01 10:19:00+05:30,3649.95,3656.75,3649.2,3656.75,591,
2024-02-01 10:20:00+05:30,3656.75,3657,3650.4,3652.05,982,
2024-02-01 10:21:00+05:30,3652.15,3659.9,3652.15,3659.65,534,
2024-02-01 10:22:00+05:30,3659.65,3659.85,3650.45,3650.45,996,
2024-02-01 10:23:00+05:30,3650.45,3656.6,3650.45,3653.25,236,
2024-02-01 10:24:00+05:30,3653.15,3654.75,3651.95,3653.35,147,
2024-02-01 10:25:00+05:30,3653.35,3654.2,3650,3650.9,637,
2024-02-01 10:26:00+05:30,3651.65,3654.1,3649.35,3650.3,2209,
2024-02-01 10:27:00+05:30,3651.3,3652.8,3650,3650,898,
2024-02-01 10:28:00+05:30,3650,3651.8,3648.2,3648.95,600,
2024-02-01 10:29:00+05:30,3648.95,3651.75,3648,3650.65,666,
2024-02-01 10:30:00+05:30,3650,3652.35,3648.25,3649.75,2088,
2024-02-01 10:31:00+05:30,3649.75,3653.25,3649.75,3650.95,323,
2024-02-01 10:32:00+05:30,3650.95,3650.95,3641.5,3643.65,5535,
2024-02-01 10:33:00+05:30,3643.65,3645.5,3636.05,3640.9,2461,
2024-02-01 10:34:00+05:30,3640.6,3642,3639.6,3639.6,740,
2024-02-01 10:35:00+05:30,3639.7,3643.5,3638,3643.15,1666,
2024-02-01 10:36:00+05:30,3643.15,3649.9,3637.15,3649.4,3296,
2024-02-01 10:37:00+05:30,3649.4,3657,3649.4,3655.65,1177,
2024-02-01 10:38:00+05:30,3655.65,3656.9,3655,3655.05,190,
2024-02-01 10:39:00+05:30,3655.05,3655.25,3651,3651.1,359,
2024-02-01 10:40:00+05:30,3652.05,3652.05,3646.55,3649.5,2658,
2024-02-01 10:41:00+05:30,3649.5,3651.15,3648.95,3650,597,
2024-02-01 10:42:00+05:30,3650,3651.45,3649.35,3650,182,
2024-02-01 10:43:00+05:30,3650.3,3650.35,3648.75,3650,774,
2024-02-01 10:44:00+05:30,3650,3650.35,3648.35,3649.3,300,
2024-02-01 10:45:00+05:30,3650.35,3652.2,3650,3650.15,1400,
2024-02-01 10:46:00+05:30,3650.15,3650.15,3645.2,3649.1,5286,
2024-02-01 10:47:00+05:30,3649.1,3650.1,3647.1,3649.05,493,
2024-02-01 10:48:00+05:30,3649.05,3652.95,3648.75,3651.85,1054,
2024-02-01 10:49:00+05:30,3651.75,3652.9,3651.75,3651.9,100,
2024-02-01 10:50:00+05:30,3651.75,3653,3650,3653,260,
2024-02-01 10:51:00+05:30,3652.85,3653.75,3650.3,3651.05,1188,
2024-02-01 10:52:00+05:30,3651.05,3656.85,3651.05,3656.85,1109,
2024-02-01 10:53:00+05:30,3657.8,3657.8,3654.05,3657.35,290,
2024-02-01 10:54:00+05:30,3657.35,3658.3,3655.5,3655.5,1068,
2024-02-01 10:55:00+05:30,3655.5,3657.4,3653.75,3654,388,
2024-02-01 10:56:00+05:30,3653.15,3654,3649.9,3653.65,936,
2024-02-01 10:57:00+05:30,3653.65,3656.2,3652.25,3653.15,109,
2024-02-01 10:58:00+05:30,3653.15,3655.8,3652.05,3655.8,261,
2024-02-01 10:59:00+05:30,3655.15,3662.15,3654.5,3661.65,1015,
2024-02-01 11:00:00+05:30,3661.65,3662.7,3658.45,3659.55,394,
2024-02-01 11:01:00+05:30,3659.55,3662,3658.9,3661.35,197,
2024-02-01 11:02:00+05:30,3661.35,3663,3659.05,3663,345,
2024-02-01 11:03:00+05:30,3663,3663.35,3658.05,3661.2,316,
2024-02-01 11:04:00+05:30,3661.3,3662.7,3661.3,3661.75,166,
2024-02-01 11:05:00+05:30,3661.75,3663,3660.45,3662.7,461,
2024-02-01 11:06:00+05:30,3662.85,3662.85,3657.85,3657.85,154,
2024-02-01 11:07:00+05:30,3655.9,3660.6,3655.15,3660.6,549,
2024-02-01 11:08:00+05:30,3660.6,3662.45,3659.15,3661.85,228,
2024-02-01 11:09:00+05:30,3662.25,3662.45,3660.65,3661.35,272,
2024-02-01 11:10:00+05:30,3661.35,3662,3655.15,3655.15,4078,
2024-02-01 11:11:00+05:30,3655.15,3655.75,3651.1,3654.1,796,
2024-02-01 11:12:00+05:30,3654.1,3654.9,3650.4,3652.9,456,
2024-02-01 11:13:00+05:30,3652.9,3656.4,3652.9,3654.2,897,
2024-02-01 11:14:00+05:30,3654.2,3657.55,3653.15,3653.15,302,
2024-02-01 11:15:00+05:30,3653.15,3655,3650.3,3650.3,256,
2024-02-01 11:16:00+05:30,3650.3,3651.15,3645.2,3646.5,3235,
2024-02-01 11:17:00+05:30,3647.8,3653.75,3641.2,3653.75,4755,
2024-02-01 11:18:00+05:30,3651.8,3658.05,3651.8,3657.9,556,
2024-02-01 11:19:00+05:30,3657.95,3658.05,3654.6,3656.15,438,
2024-02-01 11:20:00+05:30,3656.45,3658.5,3652.85,3652.85,318,
2024-02-01 11:21:00+05:30,3652.85,3657.45,3652.85,3653.55,508,
2024-02-01 11:22:00+05:30,3653.55,3656.9,3652.8,3654.4,94,
2024-02-01 11:23:00+05:30,3654.4,3658,3654.4,3656,745,
2024-02-01 11:24:00+05:30,3656,3658,3655,3657.35,178,
2024-02-01 11:25:00+05:30,3657.35,3657.35,3653.1,3653.1,173,
2024-02-01 11:26:00+05:30,3653.1,3655.05,3651,3653.1,259,
2024-02-01 11:27:00+05:30,3652.85,3659.65,3651.55,3656.6,402,
2024-02-01 11:28:00+05:30,3656.6,3659.7,3655,3659.4,1617,
2024-02-01 11:29:00+05:30,3659,3661.5,3658.05,3661.5,864,
2024-02-01 11:30:00+05:30,3660.6,3662.8,3659.75,3662.2,462,
2024-02-01 11:31:00+05:30,3662.8,3664.35,3657.85,3658.05,1665,
2024-02-01 11:32:00+05:30,3658.45,3663.65,3658.45,3662.25,85,
2024-02-01 11:33:00+05:30,3660.65,3662.45,3656.55,3656.95,472,
2024-02-01 11:34:00+05:30,3656.95,3658.15,3655.5,3656.8,271,
2024-02-01 11:35:00+05:30,3656.8,3658.8,3655.3,3658,392,
2024-02-01 11:36:00+05:30,3658,3659,3655.25,3659,325,
2024-02-01 11:37:00+05:30,3658.7,3659.95,3656.55,3659.95,286,
2024-02-01 11:38:00+05:30,3659.95,3662.45,3657.5,3661.35,976,
2024-02-01 11:39:00+05:30,3661.35,3663.55,3660.1,3662.35,784,
2024-02-01 11:40:00+05:30,3662.4,3664.95,3662.4,3664.95,342,
2024-02-01 11:41:00+05:30,3664.15,3665,3662.7,3662.7,246,
2024-02-01 11:42:00+05:30,3661.95,3665,3661.95,3664.95,4928,
2024-02-01 11:43:00+05:30,3664.95,3665,3661.6,3661.85,7040,
2024-02-01 11:44:00+05:30,3661.85,3665,3661.85,3664.95,4859,
2024-02-01 11:45:00+05:30,3664.95,3665,3663.8,3664.1,5350,
2024-02-01 11:46:00+05:30,3664.1,3664.95,3659.55,3664.95,6171,
2024-02-01 11:47:00+05:30,3664.95,3665,3660.95,3663.65,5347,
2024-02-01 11:48:00+05:30,3663.65,3668.7,3662.7,3668.2,2257,
2024-02-01 11:49:00+05:30,3668.2,3670,3668,3668,440,
2024-02-01 11:50:00+05:30,3668,3670,3667.25,3669.2,405,
2024-02-01 11:51:00+05:30,3669.2,3669.3,3664.3,3667.25,196,
2024-02-01 11:52:00+05:30,3667.25,3667.85,3663.05,3664.35,464,
2024-02-01 11:53:00+05:30,3664.35,3666,3663.55,3664.6,188,
2024-02-01 11:54:00+05:30,3665.35,3665.35,3660.45,3661.5,217,
2024-02-01 11:55:00+05:30,3661.2,3662.6,3659.15,3659.5,299,
2024-02-01 11:56:00+05:30,3660.3,3661.85,3657.05,3659.7,208,
2024-02-01 11:57:00+05:30,3659.7,3662.75,3659.25,3659.8,85,
2024-02-01 11:58:00+05:30,3660.5,3661.8,3652.3,3653.85,591,
2024-02-01 11:59:00+05:30,3653.85,3658.75,3652.9,3658.75,183,
2024-02-01 12:00:00+05:30,3658.3,3658.3,3651.35,3651.5,1080,
2024-02-01 12:01:00+05:30,3651.45,3651.45,3642,3644.65,3764,
2024-02-01 12:02:00+05:30,3643.65,3649.95,3642.7,3647.95,4571,
2024-02-01 12:03:00+05:30,3647.75,3649.3,3642.1,3649.3,2593,
2024-02-01 12:04:00+05:30,3649.3,3649.3,3643,3648.4,3307,
2024-02-01 12:05:00+05:30,3648.25,3653.1,3648.05,3651.7,1816,
2024-02-01 12:06:00+05:30,3652.05,3656.75,3650.4,3656.75,577,
2024-02-01 12:07:00+05:30,3657.35,3658.55,3652.75,3653.15,612,
2024-02-01 12:08:00+05:30,3653.15,3654.55,3648.6,3649.3,453,
2024-02-01 12:09:00+05:30,3649.3,3652.5,3649.3,3651.25,253,
2024-02-01 12:10:00+05:30,3650.6,3652.5,3649,3650.45,338,
2024-02-01 12:11:00+05:30,3650.45,3655.65,3650,3653.7,267,
2024-02-01 12:12:00+05:30,3653.7,3654.25,3650.05,3650.2,422,
2024-02-01 12:13:00+05:30,3650.2,3653,3650.2,3651.65,102,
2024-02-01 12:14:00+05:30,3651.65,3652.8,3649.6,3651.5,607,
2024-02-01 12:15:00+05:30,3651.25,3654.55,3650,3653.15,340,
2024-02-01 12:16:00+05:30,3654.1,3655.65,3651.85,3654.9,196,
2024-02-01 12:17:00+05:30,3654.9,3654.9,3651.2,3652.2,186,
2024-02-01 12:18:00+05:30,3652.25,3653.15,3650,3650,322,
2024-02-01 12:19:00+05:30,3650.05,3652.2,3649.6,3650,331,
2024-02-01 12:20:00+05:30,3650,3652.05,3648.65,3651.85,561,
2024-02-01 12:21:00+05:30,3651.85,3653.15,3648.3,3648.3,317,
2024-02-01 12:22:00+05:30,3648.25,3651.5,3648.25,3649.55,2343,
2024-02-01 12:23:00+05:30,3648.05,3649.65,3644.3,3645,1971,
2024-02-01 12:24:00+05:30,3645,3646.75,3645,3645,636,
2024-02-01 12:25:00+05:30,3645,3651.9,3645,3648.15,705,
2024-02-01 12:26:00+05:30,3649,3650.6,3646.45,3648.2,480,
2024-02-01 12:27:00+05:30,3649.35,3653.05,3648.1,3650.7,302,
2024-02-01 12:28:00+05:30,3651.35,3651.35,3645.1,3648.4,319,
2024-02-01 12:29:00+05:30,3648.4,3651.9,3646.9,3650.15,3035,
2024-02-01 12:30:00+05:30,3652.5,3654.6,3650.15,3654.6,625,
2024-02-01 12:31:00+05:30,3653.6,3653.6,3650.1,3651.85,629,
2024-02-01 12:32:00+05:30,3651.7,3653.95,3650.1,3653.75,524,
2024-02-01 12:33:00+05:30,3653.75,3655.6,3652.9,3655.2,896,
2024-02-01 12:34:00+05:30,3655.2,3661.35,3654.4,3660.75,3532,
2024-02-01 12:35:00+05:30,3661,3661.85,3657.1,3657.15,364,
2024-02-01 12:36:00+05:30,3657.1,3660,3654.3,3659.15,313,
2024-02-01 12:37:00+05:30,3658.45,3661,3657.45,3658.9,1472,
2024-02-01 12:38:00+05:30,3658.9,3659.35,3656.1,3657.6,155,
2024-02-01 12:39:00+05:30,3658.1,3658.1,3654.2,3654.6,1404,
2024-02-01 12:40:00+05:30,3654.25,3659.95,3653.7,3658.3,844,
2024-02-01 12:41:00+05:30,3658.95,3660,3658.2,3659.35,126,
2024-02-01 12:42:00+05:30,3659.35,3660.85,3657.85,3660.65,219,
2024-02-01 12:43:00+05:30,3660,3660.65,3657.55,3659.85,450,
2024-02-01 12:44:00+05:30,3659.95,3660.45,3657.5,3659.05,981,
2024-02-01 12:45:00+05:30,3659.05,3659.25,3657.7,3659.25,268,
2024-02-01 12:46:00+05:30,3659.25,3660.5,3658.25,3659.75,991,
2024-02-01 12:47:00+05:30,3659.75,3661,3659,3661,526,
2024-02-01 12:48:00+05:30,3661,3661.1,3660,3660.3,212,
2024-02-01 12:49:00+05:30,3661.1,3661.1,3658.8,3659.45,89,
2024-02-01 12:50:00+05:30,3659.95,3660.5,3657.85,3657.9,89,
2024-02-01 12:51:00+05:30,3657.9,3664,3657.9,3662.5,1115,
2024-02-01 12:52:00+05:30,3661.85,3666.4,3661.45,3666.05,531,
2024-02-01 12:53:00+05:30,3666.05,3670.95,3663.05,3664.25,1848,
2024-02-01 12:54:00+05:30,3663.85,3665.25,3663.25,3664.85,1204,
2024-02-01 12:55:00+05:30,3664.85,3666.35,3662.55,3665.5,372,
2024-02-01 12:56:00+05:30,3666.6,3666.6,3663.7,3666.15,231,
2024-02-01 12:57:00+05:30,3667.2,3669.8,3665.1,3669.8,432,
2024-02-01 12:58:00+05:30,3670.25,3672,3665.55,3665.55,317,
2024-02-01 12:59:00+05:30,3665.55,3668.2,3665.55,3665.65,160,
2024-02-01 13:00:00+05:30,3665.65,3667.65,3662.5,3662.5,1218,
2024-02-01 13:01:00+05:30,3662.5,3664.55,3661.3,3662.9,875,
2024-02-01 13:02:00+05:30,3662.95,3664.75,3662.9,3662.95,180,
2024-02-01 13:03:00+05:30,3662.95,3665.85,3662.95,3665.15,203,
2024-02-01 13:04:00+05:30,3665.5,3665.5,3664.35,3664.9,35,
2024-02-01 13:05:00+05:30,3665.5,3667.7,3664.05,3666.5,202,
2024-02-01 13:06:00+05:30,3666.5,3666.5,3664,3664,85,
2024-02-01 13:07:00+05:30,3664,3666,3663.65,3664.3,161,
2024-02-01 13:08:00+05:30,3664.75,3665.4,3663.5,3664.45,45,
2024-02-01 13:09:00+05:30,3664.45,3665.45,3664.35,3664.35,61,
2024-02-01 13:10:00+05:30,3664.75,3665.45,3664.55,3664.75,47,
2024-02-01 13:11:00+05:30,3664.35,3664.9,3662.05,3663,228,
2024-02-01 13:12:00+05:30,3663,3664.6,3661.8,3664.2,377,
2024-02-01 13:13:00+05:30,3662.1,3664.9,3661.2,3661.2,217,
2024-02-01 13:14:00+05:30,3661.2,3662.65,3659.15,3660.05,234,
2024-02-01 13:15:00+05:30,3660.05,3660.1,3657.9,3658.05,251,
2024-02-01 13:16:00+05:30,3658.05,3658.4,3656.8,3657.55,96,
2024-02-01 13:17:00+05:30,3656.9,3659.85,3656.9,3659,170,
2024-02-01 13:18:00+05:30,3659,3659.95,3658.25,3658.25,162,
2024-02-01 13:19:00+05:30,3658.25,3658.25,3655.2,3655.6,157,
2024-02-01 13:20:00+05:30,3655.4,3659.7,3655.2,3659,131,
2024-02-01 13:21:00+05:30,3659,3659.95,3658.1,3658.2,259,
2024-02-01 13:22:00+05:30,3658.2,3660,3658.2,3659.2,39,
2024-02-01 13:23:00+05:30,3659.4,3660.8,3658.35,3660.8,152,
2024-02-01 13:24:00+05:30,3661.45,3663.5,3659.05,3660.85,101,
2024-02-01 13:25:00+05:30,3660.85,3661.35,3659.1,3660.05,29,
2024-02-01 13:26:00+05:30,3660.05,3661.1,3659.1,3659.7,124,
2024-02-01 13:27:00+05:30,3659.7,3660.05,3657.7,3657.7,94,
2024-02-01 13:28:00+05:30,3656.6,3658.95,3655.85,3658.9,65,
2024-02-01 13:29:00+05:30,3658.95,3659.8,3658.1,3658.15,45,
2024-02-01 13:30:00+05:30,3658.15,3659.35,3657.65,3658,59,
2024-02-01 13:31:00+05:30,3658,3659.3,3657.7,3657.85,66,
2024-02-01 13:32:00+05:30,3657.85,3659.05,3657.85,3659.05,119,
2024-02-01 13:33:00+05:30,3659.05,3660,3658.9,3660,173,
2024-02-01 13:34:00+05:30,3659.85,3663.5,3659.8,3663.4,954,
2024-02-01 13:35:00+05:30,3663.4,3663.55,3660.55,3660.9,339,
2024-02-01 13:36:00+05:30,3661.15,3663.55,3661.1,3662.95,329,
2024-02-01 13:37:00+05:30,3662.95,3663.15,3661.05,3661.5,242,
2024-02-01 13:38:00+05:30,3661.5,3662.8,3658.7,3661.7,304,
2024-02-01 13:39:00+05:30,3661.7,3661.7,3657.9,3659.65,137,
2024-02-01 13:40:00+05:30,3659.65,3660.85,3655,3655,267,
2024-02-01 13:41:00+05:30,3655.55,3662,3655,3660.7,794,
2024-02-01 13:42:00+05:30,3660.7,3662.9,3658.8,3660.95,750,
2024-02-01 13:43:00+05:30,3660.85,3660.95,3656.85,3660.9,186,
2024-02-01 13:44:00+05:30,3660.9,3660.9,3654.15,3654.15,1483,
2024-02-01 13:45:00+05:30,3656.1,3656.45,3654.05,3655.7,275,
2024-02-01 13:46:00+05:30,3655.7,3657.55,3654.85,3657.5,692,
2024-02-01 13:47:00+05:30,3658.85,3660.05,3654.85,3655.8,1034,
2024-02-01 13:48:00+05:30,3657.9,3661.8,3657.05,3658.4,1083,
2024-02-01 13:49:00+05:30,3658.4,3658.4,3654,3655.9,423,
2024-02-01 13:50:00+05:30,3655.85,3655.9,3653,3654.4,407,
2024-02-01 13:51:00+05:30,3654.15,3655.25,3652.4,3655.2,518,
2024-02-01 13:52:00+05:30,3655.1,3655.4,3653.35,3654.85,847,
2024-02-01 13:53:00+05:30,3654.85,3655.4,3653.2,3653.75,679,
2024-02-01 13:54:00+05:30,3653.75,3655.35,3652.8,3654.7,2970,
2024-02-01 13:55:00+05:30,3654.7,3655.8,3652.2,3652.2,1804,
2024-02-01 13:56:00+05:30,3652.2,3654,3645,3647,2436,
2024-02-01 13:57:00+05:30,3645.55,3647,3644.05,3644.05,981,
2024-02-01 13:58:00+05:30,3645.5,3646,3644.05,3645.5,399,
2024-02-01 13:59:00+05:30,3645.5,3647.6,3644.1,3646,3063,
2024-02-01 14:00:00+05:30,3646,3647.5,3646,3646.2,251,
2024-02-01 14:01:00+05:30,3646.2,3647.2,3645.2,3646.25,980,
2024-02-01 14:02:00+05:30,3646.25,3646.25,3645.2,3646,447,
2024-02-01 14:03:00+05:30,3646,3646.9,3645.2,3645.2,464,
2024-02-01 14:04:00+05:30,3646,3646.3,3646,3646,416,
2024-02-01 14:05:00+05:30,3646,3646.35,3645.95,3646.2,622,
2024-02-01 14:06:00+05:30,3646.2,3646.35,3645.45,3646,423,
2024-02-01 14:07:00+05:30,3646,3655.5,3646,3655.5,2124,
2024-02-01 14:08:00+05:30,3655.5,3660.7,3655.5,3659.15,4023,
2024-02-01 14:09:00+05:30,3659.15,3659.15,3652.5,3654,582,
2024-02-01 14:10:00+05:30,3654,3655.5,3651.35,3651.35,869,
2024-02-01 14:11:00+05:30,3651.35,3653.6,3649.45,3649.45,838,
2024-02-01 14:12:00+05:30,3649.2,3652.2,3649.2,3650.75,1026,
2024-02-01 14:13:00+05:30,3650.75,3651.75,3648.2,3649.95,851,
2024-02-01 14:14:00+05:30,3650,3650.35,3648.85,3650,634,
2024-02-01 14:15:00+05:30,3650,3650.2,3648,3649.2,1274,
2024-02-01 14:16:00+05:30,3650.05,3651.15,3648.5,3650.1,1191,
2024-02-01 14:17:00+05:30,3650.1,3650.95,3648,3650,937,
2024-02-01 14:18:00+05:30,3650,3650.8,3647.6,3648.95,1799,
2024-02-01 14:19:00+05:30,3648.95,3653.15,3648.95,3652.7,1297,
2024-02-01 14:20:00+05:30,3652.65,3653.45,3650.55,3651,340,
2024-02-01 14:21:00+05:30,3651.7,3652.85,3650.65,3652,3870,
2024-02-01 14:22:00+05:30,3652,3653.35,3651.05,3652,281,
2024-02-01 14:23:00+05:30,3652,3654.2,3652,3652,266,
2024-02-01 14:24:00+05:30,3652,3652.95,3651.05,3651.55,296,
2024-02-01 14:25:00+05:30,3651.6,3652.95,3650.35,3651.95,885,
2024-02-01 14:26:00+05:30,3652,3652.2,3650.25,3652,835,
2024-02-01 14:27:00+05:30,3652,3652.35,3651.25,3652,546,
2024-02-01 14:28:00+05:30,3652,3652.45,3652,3652,283,
2024-02-01 14:29:00+05:30,3652,3652.15,3652,3652,386,
2024-02-01 14:30:00+05:30,3652.1,3652.5,3651,3652,484,
2024-02-01 14:31:00+05:30,3652,3652.8,3652,3652,347,
2024-02-01 14:32:00+05:30,3652.8,3656.75,3652.45,3655.8,566,
2024-02-01 14:33:00+05:30,3655.8,3658.45,3655,3656.45,351,
2024-02-01 14:34:00+05:30,3656.45,3656.45,3653.55,3654.55,713,
2024-02-01 14:35:00+05:30,3654.55,3656,3652,3652,366,
2024-02-01 14:36:00+05:30,3652,3654.95,3652,3652.5,348,
2024-02-01 14:37:00+05:30,3652.5,3654.2,3651.95,3652,366,
2024-02-01 14:38:00+05:30,3652,3654.6,3652,3653,411,
2024-02-01 14:39:00+05:30,3653,3656.05,3652.2,3656.05,821,
2024-02-01 14:40:00+05:30,3656.05,3656.25,3654.7,3654.7,362,
2024-02-01 14:41:00+05:30,3656.1,3659.4,3654.95,3656.15,373,
2024-02-01 14:42:00+05:30,3656.15,3659.45,3655.7,3656.6,747,
2024-02-01 14:43:00+05:30,3657.4,3658.55,3655.7,3656.05,482,
2024-02-01 14:44:00+05:30,3657.9,3658.4,3655.15,3656,412,
2024-02-01 14:45:00+05:30,3657.4,3659.8,3656.35,3656.35,388,
2024-02-01 14:46:00+05:30,3656.35,3659.5,3656.35,3657.4,376,
2024-02-01 14:47:00+05:30,3657.4,3659.9,3657.05,3659.1,507,
2024-02-01 14:48:00+05:30,3657.85,3659.2,3657.1,3657.75,282,
2024-02-01 14:49:00+05:30,3657.7,3660.7,3657.45,3659.1,1448,
2024-02-01 14:50:00+05:30,3659,3660.7,3657.3,3657.3,651,
2024-02-01 14:51:00+05:30,3658.15,3659.05,3656.45,3656.45,564,
2024-02-01 14:52:00+05:30,3656.45,3658.5,3656.1,3657.05,710,
2024-02-01 14:53:00+05:30,3657.1,3659,3656.1,3656.15,542,
2024-02-01 14:54:00+05:30,3656.2,3659.5,3656.2,3657.1,1446,
2024-02-01 14:55:00+05:30,3658.75,3659,3657.05,3658.05,458,
2024-02-01 14:56:00+05:30,3658.05,3658.4,3656.75,3657.85,701,
2024-02-01 14:57:00+05:30,3657.85,3658,3655.85,3655.85,326,
2024-02-01 14:58:00+05:30,3656.05,3658.2,3655.75,3658,1989,
2024-02-01 14:59:00+05:30,3657.1,3658,3656.7,3657.95,622,
2024-02-01 15:00:00+05:30,3657.95,3658,3653.65,3656.75,1055,
2024-02-01 15:01:00+05:30,3657.7,3657.75,3655,3655.45,779,
2024-02-01 15:02:00+05:30,3655.45,3657.75,3652.75,3657.75,3386,
2024-02-01 15:03:00+05:30,3658,3658,3655.15,3655.9,744,
2024-02-01 15:04:00+05:30,3657,3657.65,3655.1,3655.95,630,
2024-02-01 15:05:00+05:30,3656.7,3659.2,3655.75,3658,968,
2024-02-01 15:06:00+05:30,3658,3659.5,3654.65,3656.7,2974,
2024-02-01 15:07:00+05:30,3656.7,3659,3655,3658.05,660,
2024-02-01 15:08:00+05:30,3658,3659.7,3656.45,3658.05,819,
2024-02-01 15:09:00+05:30,3658.05,3658.5,3655,3657.9,518,
2024-02-01 15:10:00+05:30,3658.35,3659.4,3655.8,3655.8,1805,
2024-02-01 15:11:00+05:30,3655.85,3657,3654.1,3655.2,2256,
2024-02-01 15:12:00+05:30,3655.7,3657.25,3654.1,3655,1866,
2024-02-01 15:13:00+05:30,3655,3655.8,3653.95,3655,2220,
2024-02-01 15:14:00+05:30,3655,3655.85,3654.05,3654.9,2221,
2024-02-01 15:15:00+05:30,3655.7,3657,3653.25,3657,2682,
2024-02-01 15:16:00+05:30,3655.05,3658,3654.95,3655.1,2251,
2024-02-01 15:17:00+05:30,3656.95,3658.75,3655,3655.9,2176,
2024-02-01 15:18:00+05:30,3656.9,3658.4,3655,3655,2338,
2024-02-01 15:19:00+05:30,3655,3658.75,3654.9,3657.1,2078,
2024-02-01 15:20:00+05:30,3657.1,3657.75,3654.05,3655,3655,
2024-02-01 15:21:00+05:30,3656.2,3656.95,3653.95,3655,2203,
2024-02-01 15:22:00+05:30,3655.35,3657,3654.65,3655.15,2003,
2024-02-01 15:23:00+05:30,3657,3657.15,3654.95,3654.95,2330,
2024-02-01 15:24:00+05:30,3655.8,3656.95,3653.9,3655.1,2055,
2024-02-01 15:25:00+05:30,3655.7,3656.15,3652.35,3655.2,2893,
2024-02-01 15:26:00+05:30,3655.8,3656.25,3651,3655,2796,
2024-02-01 15:27:00+05:30,3655.8,3655.9,3651,3655.85,3202,
2024-02-01 15:28:00+05:30,3656,3656.25,3650.15,3655.4,3130,
2024-02-01 15:29:00+05:30,3655,3655.95,3648.25,3655,1676,
2024-02-02 09:15:00+05:30,3665,3683.05,3665,3679.95,1292,
2024-02-02 09:16:00+05:30,3680,3688,3677.6,3685.65,2080,
2024-02-02 09:17:00+05:30,3685.95,3685.95,3679.95,3683,1943,
2024-02-02 09:18:00+05:30,3683,3689.25,3681.95,3686.15,2064,
2024-02-02 09:19:00+05:30,3689.45,3689.65,3681.65,3684.2,3499,
2024-02-02 09:20:00+05:30,3684.2,3688.8,3683.15,3688.8,1408,
2024-02-02 09:21:00+05:30,3688.8,3688.8,3682,3684.9,988,
2024-02-02 09:22:00+05:30,3684.9,3689,3684.05,3689,1118,
2024-02-02 09:23:00+05:30,3689.95,3689.95,3682.7,3685.3,1189,
2024-02-02 09:24:00+05:30,3685.3,3689.9,3685.3,3687.55,1157,
2024-02-02 09:25:00+05:30,3685,3687.05,3683.85,3683.85,1640,
2024-02-02 09:26:00+05:30,3683.85,3685.4,3681.5,3684.6,541,
2024-02-02 09:27:00+05:30,3682.6,3684.05,3680.3,3680.9,371,
2024-02-02 09:28:00+05:30,3683,3685,3681.95,3685,596,
2024-02-02 09:29:00+05:30,3685,3687.1,3684.95,3687.1,892,
2024-02-02 09:30:00+05:30,3687.1,3690,3686.4,3690,2844,
2024-02-02 09:31:00+05:30,3691.1,3696,3689.85,3696,1777,
2024-02-02 09:32:00+05:30,3694.9,3698.9,3693.5,3698.9,1510,
2024-02-02 09:33:00+05:30,3699,3705.95,3696.75,3705.95,9481,
2024-02-02 09:34:00+05:30,3705.5,3716.55,3704.95,3715.35,11929,
2024-02-02 09:35:00+05:30,3715.35,3722.7,3711.55,3719.75,4786,
2024-02-02 09:36:00+05:30,3719.15,3725.55,3719.15,3724.95,5300,
2024-02-02 09:37:00+05:30,3725.6,3730,3717.2,3719.4,5643,
2024-02-02 09:38:00+05:30,3722.3,3724.75,3718.9,3723.6,3750,
2024-02-02 09:39:00+05:30,3723.6,3728.25,3719.75,3725.75,3435,
2024-02-02 09:40:00+05:30,3725.1,3728.2,3719.95,3728.2,1726,
2024-02-02 09:41:00+05:30,3726.25,3732.45,3724.35,3730.5,4190,
2024-02-02 09:42:00+05:30,3731.85,3734.7,3730.45,3734.05,1772,
2024-02-02 09:43:00+05:30,3732.1,3735,3732,3734,1171,
2024-02-02 09:44:00+05:30,3734,3735,3726.4,3726.8,1843,
2024-02-02 09:45:00+05:30,3728.75,3729.3,3725,3726,1684,
2024-02-02 09:46:00+05:30,3726,3735,3726,3731.9,2348,
2024-02-02 09:47:00+05:30,3730.1,3733,3730.1,3733,609,
2024-02-02 09:48:00+05:30,3734.85,3738.7,3733.1,3738.7,6302,
2024-02-02 09:49:00+05:30,3740.15,3741.25,3736.3,3741,6224,
2024-02-02 09:50:00+05:30,3741,3744.7,3740,3741.85,5448,
2024-02-02 09:51:00+05:30,3740.05,3743.6,3739.4,3742,3900,
2024-02-02 09:52:00+05:30,3742,3742.9,3740,3740.85,3792,
2024-02-02 09:53:00+05:30,3740.65,3744.3,3740,3742.5,3413,
2024-02-02 09:54:00+05:30,3742.5,3743.45,3740.3,3740.5,1213,
2024-02-02 09:55:00+05:30,3740.4,3741.6,3733,3734.55,3800,
2024-02-02 09:56:00+05:30,3730.45,3736.2,3730,3736,1696,
2024-02-02 09:57:00+05:30,3736,3736,3731,3731,775,
2024-02-02 09:58:00+05:30,3730.05,3734.2,3730,3733.95,2793,
2024-02-02 09:59:00+05:30,3733.05,3733.95,3728.1,3728.5,2512,
2024-02-02 10:00:00+05:30,3728.5,3728.5,3723.3,3724.75,2709,
2024-02-02 10:01:00+05:30,3726,3727,3722.05,3722.85,826,
2024-02-02 10:02:00+05:30,3722.7,3724.5,3721,3722.3,791,
2024-02-02 10:03:00+05:30,3722.3,3722.3,3718,3721.75,750,
2024-02-02 10:04:00+05:30,3721.75,3724.75,3721,3723.65,823,
2024-02-02 10:05:00+05:30,3723.65,3725.2,3721.35,3725,1271,
2024-02-02 10:06:00+05:30,3725,3725.35,3722,3723.75,572,
2024-02-02 10:07:00+05:30,3725,3725,3720.3,3720.3,308,
2024-02-02 10:08:00+05:30,3720.3,3722,3718,3722,876,
2024-02-02 10:09:00+05:30,3722.55,3724.4,3721,3723,376,
2024-02-02 10:10:00+05:30,3723,3724.85,3723,3724.85,283,
2024-02-02 10:11:00+05:30,3724.85,3724.85,3723.25,3724.85,576,
2024-02-02 10:12:00+05:30,3724.85,3724.85,3723,3723.05,450,
2024-02-02 10:13:00+05:30,3723.05,3725,3723,3725,540,
2024-02-02 10:14:00+05:30,3725,3725,3724,3724.85,314,
2024-02-02 10:15:00+05:30,3724.85,3724.95,3723,3724.6,1096,
2024-02-02 10:16:00+05:30,3723.05,3724.75,3719.1,3720.7,967,
2024-02-02 10:17:00+05:30,3719.75,3721,3719.3,3719.95,400,
2024-02-02 10:18:00+05:30,3719.95,3721,3718,3719.6,392,
2024-02-02 10:19:00+05:30,3719.6,3721.3,3717.1,3717.55,427,
2024-02-02 10:20:00+05:30,3717.55,3720.4,3717.55,3719.95,406,
2024-02-02 10:21:00+05:30,3718.15,3720.45,3717.05,3717.05,589,
2024-02-02 10:22:00+05:30,3717.05,3718.65,3713.7,3716,952,
2024-02-02 10:23:00+05:30,3717.05,3719.5,3715.45,3718,710,
2024-02-02 10:24:00+05:30,3718,3720.25,3717.85,3719,349,
2024-02-02 10:25:00+05:30,3719,3720.7,3718.9,3718.9,352,
2024-02-02 10:26:00+05:30,3718.9,3720.75,3716.45,3716.45,223,
2024-02-02 10:27:00+05:30,3716.85,3717.9,3716,3716,373,
2024-02-02 10:28:00+05:30,3716,3716.9,3715,3716.8,311,
2024-02-02 10:29:00+05:30,3716.8,3717.9,3715.2,3715.9,318,
2024-02-02 10:30:00+05:30,3715.9,3717.5,3715.05,3715.15,56,
2024-02-02 10:31:00+05:30,3715.15,3715.45,3714,3715.45,675,
2024-02-02 10:32:00+05:30,3715.45,3715.5,3711.7,3711.7,307,
2024-02-02 10:33:00+05:30,3711.85,3713.05,3710.05,3712,660,
2024-02-02 10:34:00+05:30,3712,3712,3708,3711.45,637,
2024-02-02 10:35:00+05:30,3708.9,3710,3707.6,3708,264,
2024-02-02 10:36:00+05:30,3708,3709.5,3703.25,3703.25,948,
2024-02-02 10:37:00+05:30,3703.3,3708.65,3703.3,3708.65,1185,
2024-02-02 10:38:00+05:30,3708.65,3708.65,3701.05,3705.55,1503,
2024-02-02 10:39:00+05:30,3705.95,3705.95,3703.5,3703.5,191,
2024-02-02 10:40:00+05:30,3703.5,3705.95,3703.5,3705.95,145,
2024-02-02 10:41:00+05:30,3705.95,3705.95,3703.5,3704.95,427,
2024-02-02 10:42:00+05:30,3704.95,3705,3703.4,3703.7,135,
2024-02-02 10:43:00+05:30,3703.7,3704.3,3702.55,3703.45,422,
2024-02-02 10:44:00+05:30,3703.45,3706,3703.05,3706,656,
2024-02-02 10:45:00+05:30,3706,3709.8,3705,3709.8,1032,
2024-02-02 10:46:00+05:30,3709.9,3714.6,3709.5,3712.05,2580,
2024-02-02 10:47:00+05:30,3712.05,3715.8,3711.25,3715.8,432,
2024-02-02 10:48:00+05:30,3715.8,3716.2,3707.1,3710,1666,
2024-02-02 10:49:00+05:30,3710,3710,3707.35,3709,177,
2024-02-02 10:50:00+05:30,3709,3712,3708.95,3710.9,249,
2024-02-02 10:51:00+05:30,3710.9,3713.85,3710.75,3713.85,288,
2024-02-02 10:52:00+05:30,3713.85,3716,3711.75,3714.5,2541,
2024-02-02 10:53:00+05:30,3714.5,3715.3,3713.8,3714.05,99,
2024-02-02 10:54:00+05:30,3714.05,3714.05,3711.15,3713.85,475,
2024-02-02 10:55:00+05:30,3713.85,3713.85,3711,3712.4,128,
2024-02-02 10:56:00+05:30,3712.4,3712.4,3710,3712.4,598,
2024-02-02 10:57:00+05:30,3712.4,3713,3711.9,3712.55,69,
2024-02-02 10:58:00+05:30,3712.55,3713,3712.55,3712.55,57,
2024-02-02 10:59:00+05:30,3712.55,3713,3711.25,3712.55,71,
2024-02-02 11:00:00+05:30,3712.4,3720,3712.4,3720,2539,
2024-02-02 11:01:00+05:30,3720,3722.55,3719,3722.55,1238,
2024-02-02 11:02:00+05:30,3721.05,3722.65,3719.55,3719.55,411,
2024-02-02 11:03:00+05:30,3719.55,3723.25,3719.55,3720.75,535,
2024-02-02 11:04:00+05:30,3720.75,3723.85,3720.3,3722.15,1121,
2024-02-02 11:05:00+05:30,3722.15,3723.95,3721.05,3722.5,270,
2024-02-02 11:06:00+05:30,3722.5,3723.8,3720.85,3720.9,347,
2024-02-02 11:07:00+05:30,3721,3722,3717.05,3718,388,
2024-02-02 11:08:00+05:30,3718,3718,3715,3716.9,589,
2024-02-02 11:09:00+05:30,3716.9,3717,3715.2,3717,91,
2024-02-02 11:10:00+05:30,3717,3717.6,3715.05,3716.15,151,
2024-02-02 11:11:00+05:30,3716.15,3717.9,3715.9,3716.1,606,
2024-02-02 11:12:00+05:30,3716.1,3718.75,3716.1,3718.25,56,
2024-02-02 11:13:00+05:30,3717.85,3717.85,3716.05,3716.15,710,
2024-02-02 11:14:00+05:30,3716.05,3716.05,3714.05,3716,1216,
2024-02-02 11:15:00+05:30,3716.1,3716.6,3716,3716.5,67,
2024-02-02 11:16:00+05:30,3716.5,3718.95,3716.05,3718.15,277,
2024-02-02 11:17:00+05:30,3718.15,3722,3718.15,3721.75,579,
2024-02-02 11:18:00+05:30,3721.75,3721.75,3718.1,3718.3,421,
2024-02-02 11:19:00+05:30,3718.3,3719.9,3717.25,3718.9,266,
2024-02-02 11:20:00+05:30,3718.9,3720.35,3717.55,3718.2,580,
2024-02-02 11:21:00+05:30,3718.2,3720.35,3718.2,3719,81,
2024-02-02 11:22:00+05:30,3719,3721,3718.65,3718.65,333,
2024-02-02 11:23:00+05:30,3718.65,3719.7,3716.4,3717.7,289,
2024-02-02 11:24:00+05:30,3717.7,3719.8,3717.7,3719.6,224,
2024-02-02 11:25:00+05:30,3719.6,3719.6,3717.85,3719.4,71,
2024-02-02 11:26:00+05:30,3719.4,3719.55,3717.7,3717.8,317,
2024-02-02 11:27:00+05:30,3717.8,3720,3717.8,3718.8,437,
2024-02-02 11:28:00+05:30,3719,3719.95,3718.8,3719,87,
2024-02-02 11:29:00+05:30,3719,3720,3715.65,3716.8,561,
2024-02-02 11:30:00+05:30,3716.8,3718.85,3715.75,3715.75,174,
2024-02-02 11:31:00+05:30,3715.75,3717.7,3715.25,3715.25,164,
2024-02-02 11:32:00+05:30,3715.25,3718.05,3715.25,3717.1,142,
2024-02-02 11:33:00+05:30,3717.1,3717.65,3715,3715,210,
2024-02-02 11:34:00+05:30,3715,3719,3715,3719,653,
2024-02-02 11:35:00+05:30,3719,3721.2,3718.15,3721.2,489,
2024-02-02 11:36:00+05:30,3721.2,3723.45,3720.3,3723.4,456,
2024-02-02 11:37:00+05:30,3723.4,3723.6,3721.65,3721.85,287,
2024-02-02 11:38:00+05:30,3721.85,3724,3721.75,3721.85,315,
2024-02-02 11:39:00+05:30,3721.85,3723.4,3721.85,3723.4,157,
2024-02-02 11:40:00+05:30,3722,3725,3721.9,3724,752,
2024-02-02 11:41:00+05:30,3724,3725,3721.95,3722.1,352,
2024-02-02 11:42:00+05:30,3722.1,3723.6,3720,3721.25,586,
2024-02-02 11:43:00+05:30,3721.25,3721.75,3719.45,3719.5,170,
2024-02-02 11:44:00+05:30,3719.5,3720.3,3710.1,3710.9,810,
2024-02-02 11:45:00+05:30,3710.9,3710.9,3707,3708.3,1240,
2024-02-02 11:46:00+05:30,3708.3,3712.95,3704.55,3711.1,1726,
2024-02-02 11:47:00+05:30,3711.1,3718.95,3711.1,3716.75,666,
2024-02-02 11:48:00+05:30,3717.9,3721.55,3716.75,3718.8,783,
2024-02-02 11:49:00+05:30,3718.05,3723.55,3718.05,3722.35,986,
2024-02-02 11:50:00+05:30,3722.35,3724.25,3720.75,3723.15,424,
2024-02-02 11:51:00+05:30,3723.15,3724.35,3722.1,3723.4,1240,
2024-02-02 11:52:00+05:30,3723.4,3732.45,3723.4,3728.4,7693,
2024-02-02 11:53:00+05:30,3727,3728.7,3723.25,3723.8,609,
2024-02-02 11:54:00+05:30,3723.8,3723.8,3720.35,3723.2,623,
2024-02-02 11:55:00+05:30,3723.2,3723.85,3721.25,3723.2,111,
2024-02-02 11:56:00+05:30,3723.2,3726.45,3721.45,3721.45,608,
2024-02-02 11:57:00+05:30,3721.45,3725.25,3718.85,3718.95,426,
2024-02-02 11:58:00+05:30,3718.95,3720.45,3716.8,3718.3,184,
2024-02-02 11:59:00+05:30,3716.85,3720.45,3716.85,3718.15,146,
2024-02-02 12:00:00+05:30,3719.5,3720.2,3717.05,3719,202,
2024-02-02 12:01:00+05:30,3718.25,3719.4,3715.2,3715.2,245,
2024-02-02 12:02:00+05:30,3715.5,3719.2,3715.2,3716.55,482,
2024-02-02 12:03:00+05:30,3716.55,3717.15,3715.2,3715.5,437,
2024-02-02 12:04:00+05:30,3715.5,3719.45,3715.5,3719.1,1075,
2024-02-02 12:05:00+05:30,3719.1,3719.1,3717.7,3718.65,240,
2024-02-02 12:06:00+05:30,3718.65,3718.85,3715.5,3715.5,102,
2024-02-02 12:07:00+05:30,3716,3716.55,3715,3715,174,
2024-02-02 12:08:00+05:30,3715,3715.95,3715,3715.2,143,
2024-02-02 12:09:00+05:30,3715.2,3716.9,3714.05,3716.9,576,
2024-02-02 12:10:00+05:30,3716.9,3718.75,3716.1,3717.1,76,
2024-02-02 12:11:00+05:30,3717.1,3719,3716.2,3717.3,181,
2024-02-02 12:12:00+05:30,3717.3,3718.95,3716.2,3717.7,304,
2024-02-02 12:13:00+05:30,3717.7,3718.9,3716.55,3716.8,132,
2024-02-02 12:14:00+05:30,3716.35,3716.85,3713.2,3713.75,535,
2024-02-02 12:15:00+05:30,3713.75,3714.6,3712,3713.65,217,
2024-02-02 12:16:00+05:30,3713.65,3713.65,3710.7,3712,308,
2024-02-02 12:17:00+05:30,3712,3712,3710,3711.8,915,
2024-02-02 12:18:00+05:30,3711.8,3712.35,3710,3712.35,243,
2024-02-02 12:19:00+05:30,3712.35,3712.35,3707.5,3709.85,503,
2024-02-02 12:20:00+05:30,3709.85,3710,3709,3710,139,
2024-02-02 12:21:00+05:30,3710,3711.35,3704.45,3708.7,1851,
2024-02-02 12:22:00+05:30,3708.7,3712.55,3708.65,3711.85,246,
2024-02-02 12:23:00+05:30,3711.85,3713.5,3709.55,3711.7,670,
2024-02-02 12:24:00+05:30,3711.7,3714.25,3709.8,3709.8,224,
2024-02-02 12:25:00+05:30,3709.8,3711.05,3708.3,3709.95,360,
2024-02-02 12:26:00+05:30,3709.95,3710.9,3708,3708.2,550,
2024-02-02 12:27:00+05:30,3708.2,3709.6,3706.8,3706.8,401,
2024-02-02 12:28:00+05:30,3708.65,3708.65,3706.2,3707.5,357,
2024-02-02 12:29:00+05:30,3707.6,3708.6,3701,3701,1288,
2024-02-02 12:30:00+05:30,3701.6,3702.4,3691.5,3693.2,4011,
2024-02-02 12:31:00+05:30,3693.85,3695.65,3690.15,3695.05,1739,
2024-02-02 12:32:00+05:30,3695.25,3698.3,3695,3695.5,965,
2024-02-02 12:33:00+05:30,3695.5,3699.75,3693.05,3699.15,1337,
2024-02-02 12:34:00+05:30,3700,3704.65,3699.95,3701.15,847,
2024-02-02 12:35:00+05:30,3701.15,3701.95,3696.55,3696.75,1869,
2024-02-02 12:36:00+05:30,3696.7,3700,3685.95,3692.9,13326,
2024-02-02 12:37:00+05:30,3692.9,3697.9,3692.9,3695.05,1386,
2024-02-02 12:38:00+05:30,3695.15,3695.7,3694.5,3695.65,598,
2024-02-02 12:39:00+05:30,3695.65,3701.4,3694.05,3701.4,2518,
2024-02-02 12:40:00+05:30,3701.05,3705.1,3701.05,3704.65,742,
2024-02-02 12:41:00+05:30,3704,3705.1,3696.65,3700.35,1144,
2024-02-02 12:42:00+05:30,3700.35,3704.15,3699.8,3703.4,2350,
2024-02-02 12:43:00+05:30,3703.4,3703.4,3700.05,3701.7,472,
2024-02-02 12:44:00+05:30,3701.7,3703.2,3699.5,3700,2652,
2024-02-02 12:45:00+05:30,3699.15,3703.45,3699.1,3703.45,4386,
2024-02-02 12:46:00+05:30,3703.45,3705.6,3702.6,3705.55,353,
2024-02-02 12:47:00+05:30,3705.55,3705.55,3700.15,3700.75,1271,
2024-02-02 12:48:00+05:30,3700.75,3701.4,3698.35,3699.85,600,
2024-02-02 12:49:00+05:30,3699.85,3699.85,3695.4,3695.9,652,
2024-02-02 12:50:00+05:30,3695.9,3696.95,3692.3,3695.65,1254,
2024-02-02 12:51:00+05:30,3695.65,3701.8,3695.65,3701.75,651,
2024-02-02 12:52:00+05:30,3701.75,3701.75,3698.8,3700.55,477,
2024-02-02 12:53:00+05:30,3700,3702.75,3700,3700,400,
2024-02-02 12:54:00+05:30,3700,3701.95,3700,3700.6,440,
2024-02-02 12:55:00+05:30,3699.65,3701.1,3699.05,3700.65,486,
2024-02-02 12:56:00+05:30,3700.65,3703.25,3699.2,3701.35,467,
2024-02-02 12:57:00+05:30,3701.35,3701.8,3696.1,3700.1,1266,
2024-02-02 12:58:00+05:30,3700.1,3701.3,3698.5,3700.25,1386,
2024-02-02 12:59:00+05:30,3700.25,3701.3,3699.1,3700.25,476,
2024-02-02 13:00:00+05:30,3700,3702.05,3697.2,3702.05,2467,
2024-02-02 13:01:00+05:30,3700.4,3702.05,3700,3700,345,
2024-02-02 13:02:00+05:30,3700,3700.5,3698.7,3699.65,552,
2024-02-02 13:03:00+05:30,3700.2,3700.5,3699.5,3700.45,390,
2024-02-02 13:04:00+05:30,3698.6,3700.5,3698.6,3700.5,589,
2024-02-02 13:05:00+05:30,3700.5,3700.5,3696.2,3697.55,400,
2024-02-02 13:06:00+05:30,3696.2,3698.75,3695.2,3697.05,425,
2024-02-02 13:07:00+05:30,3697.05,3697.4,3692.05,3692.45,473,
2024-02-02 13:08:00+05:30,3692.45,3693.05,3691.05,3691.35,914,
2024-02-02 13:09:00+05:30,3691.35,3692.05,3688,3690,1046,
2024-02-02 13:10:00+05:30,3690,3693,3690,3692.8,307,
2024-02-02 13:11:00+05:30,3690.75,3692.05,3688,3692.05,1380,
2024-02-02 13:12:00+05:30,3692,3695.05,3691.65,3695.05,450,
2024-02-02 13:13:00+05:30,3694.45,3695.65,3691.1,3692,719,
2024-02-02 13:14:00+05:30,3692.55,3692.9,3690.9,3691.65,861,
2024-02-02 13:15:00+05:30,3691.65,3692.85,3689.05,3692.1,1749,
2024-02-02 13:16:00+05:30,3692.5,3694.3,3692,3693.7,358,
2024-02-02 13:17:00+05:30,3693.7,3695.8,3692.55,3692.55,987,
2024-02-02 13:18:00+05:30,3692.55,3693.65,3691.6,3692.15,283,
2024-02-02 13:19:00+05:30,3692,3693.5,3690.5,3692.05,549,
2024-02-02 13:20:00+05:30,3692.05,3693.2,3691.45,3692,2363,
2024-02-02 13:21:00+05:30,3692,3693.25,3692,3692.1,195,
2024-02-02 13:22:00+05:30,3692.1,3693.4,3692.1,3692.1,877,
2024-02-02 13:23:00+05:30,3692.1,3692.3,3691.45,3691.9,499,
2024-02-02 13:24:00+05:30,3691.9,3692.2,3685.4,3686.65,2613,
2024-02-02 13:25:00+05:30,3686.65,3687.55,3680.8,3685.05,2164,
2024-02-02 13:26:00+05:30,3685.05,3687.35,3685.05,3687.05,279,
2024-02-02 13:27:00+05:30,3687.05,3687.05,3685.3,3685.85,911,
2024-02-02 13:28:00+05:30,3685.85,3687.3,3685.4,3687.2,374,
2024-02-02 13:29:00+05:30,3686.5,3687.4,3685.65,3686.25,447,
2024-02-02 13:30:00+05:30,3686.25,3687.7,3685.4,3685.4,517,
2024-02-02 13:31:00+05:30,3685.4,3686.8,3682.8,3685.2,1655,
2024-02-02 13:32:00+05:30,3685.2,3686.4,3684.8,3685.15,896,
2024-02-02 13:33:00+05:30,3685,3687,3683.65,3685.85,699,
2024-02-02 13:34:00+05:30,3685.85,3686.3,3684.2,3685.6,372,
2024-02-02 13:35:00+05:30,3685.6,3687,3684.75,3685.55,322,
2024-02-02 13:36:00+05:30,3685.55,3686.95,3685,3686.3,325,
2024-02-02 13:37:00+05:30,3686.3,3688.2,3684.55,3688.1,400,
2024-02-02 13:38:00+05:30,3688.15,3689.75,3688.1,3689.75,265,
2024-02-02 13:39:00+05:30,3689.75,3690.9,3689.05,3690,1010,
2024-02-02 13:40:00+05:30,3690,3690.7,3688.3,3688.75,529,
2024-02-02 13:41:00+05:30,3688.75,3689.25,3686,3687.05,263,
2024-02-02 13:42:00+05:30,3687.05,3688.05,3685.05,3688,413,
2024-02-02 13:43:00+05:30,3686.3,3690.45,3686,3690,516,
2024-02-02 13:44:00+05:30,3690,3693,3689.05,3693,1444,
2024-02-02 13:45:00+05:30,3690.5,3692.3,3690.5,3691.95,364,
2024-02-02 13:46:00+05:30,3691.95,3694.65,3691.95,3692.45,1414,
2024-02-02 13:47:00+05:30,3692.45,3692.45,3689.8,3690.8,659,
2024-02-02 13:48:00+05:30,3690.8,3691.4,3690,3691.4,343,
2024-02-02 13:49:00+05:30,3690.8,3691,3688.3,3690.1,941,
2024-02-02 13:50:00+05:30,3690,3691.6,3689.9,3690,340,
2024-02-02 13:51:00+05:30,3690,3690.1,3688.45,3689.5,363,
2024-02-02 13:52:00+05:30,3689.5,3690.1,3688.5,3690,387,
2024-02-02 13:53:00+05:30,3689.6,3692.1,3688.6,3691.35,452,
2024-02-02 13:54:00+05:30,3692.45,3694.7,3692.45,3694.15,371,
2024-02-02 13:55:00+05:30,3694.15,3694.6,3690.75,3691.45,465,
2024-02-02 13:56:00+05:30,3691.45,3692.45,3690,3690,328,
2024-02-02 13:57:00+05:30,3690,3692.25,3688.95,3690.75,694,
2024-02-02 13:58:00+05:30,3690.75,3691.45,3689.05,3690.2,558,
2024-02-02 13:59:00+05:30,3690.55,3691,3690,3690,282,
2024-02-02 14:00:00+05:30,3690,3690.75,3689.45,3690.75,2090,
2024-02-02 14:01:00+05:30,3690.55,3690.85,3689.65,3689.65,343,
2024-02-02 14:02:00+05:30,3689.65,3692,3689.5,3690.35,360,
2024-02-02 14:03:00+05:30,3690.35,3690.7,3689.5,3689.6,417,
2024-02-02 14:04:00+05:30,3689.6,3690.05,3686.9,3690,581,
2024-02-02 14:05:00+05:30,3690,3690.1,3688.5,3690,495,
2024-02-02 14:06:00+05:30,3690,3690.1,3688,3688.8,1328,
2024-02-02 14:07:00+05:30,3690,3691.3,3689.15,3690.85,470,
2024-02-02 14:08:00+05:30,3690.85,3690.85,3688.35,3690,622,
2024-02-02 14:09:00+05:30,3690.05,3690.25,3688.85,3690,359,
2024-02-02 14:10:00+05:30,3690,3690.25,3689.3,3690.1,361,
2024-02-02 14:11:00+05:30,3690.1,3690.7,3689.45,3690,507,
2024-02-02 14:12:00+05:30,3689.9,3692.1,3689.25,3691.25,491,
2024-02-02 14:13:00+05:30,3691.25,3691.95,3689.6,3690,370,
2024-02-02 14:14:00+05:30,3690,3690.9,3690,3690.7,254,
2024-02-02 14:15:00+05:30,3690.7,3690.7,3689.4,3690.7,425,
2024-02-02 14:16:00+05:30,3690.7,3691.35,3690,3691.1,356,
2024-02-02 14:17:00+05:30,3690.3,3695,3690.3,3694.95,868,
2024-02-02 14:18:00+05:30,3695.2,3695.2,3688.05,3688.5,2643,
2024-02-02 14:19:00+05:30,3688.5,3690.85,3688.5,3690,403,
2024-02-02 14:20:00+05:30,3690,3691.15,3689.05,3690.25,330,
2024-02-02 14:21:00+05:30,3690.25,3691.4,3688.7,3689.8,447,
2024-02-02 14:22:00+05:30,3690.3,3690.35,3688.05,3689.75,591,
2024-02-02 14:23:00+05:30,3689.75,3690.7,3689.45,3689.85,328,
2024-02-02 14:24:00+05:30,3689.5,3692.2,3688.55,3691.05,922,
2024-02-02 14:25:00+05:30,3691.05,3691.35,3691.05,3691.1,255,
2024-02-02 14:26:00+05:30,3691.1,3691.15,3691.1,3691.1,249,
2024-02-02 14:27:00+05:30,3691.1,3691.15,3685.95,3689.85,2369,
2024-02-02 14:28:00+05:30,3689.85,3690.15,3688.5,3689.35,339,
2024-02-02 14:29:00+05:30,3689.35,3690.15,3687.7,3687.8,408,
2024-02-02 14:30:00+05:30,3687.55,3688.45,3686.3,3686.75,298,
2024-02-02 14:31:00+05:30,3687.55,3690.25,3686.9,3689.4,393,
2024-02-02 14:32:00+05:30,3689.4,3690.45,3688,3688.35,842,
2024-02-02 14:33:00+05:30,3688.45,3690.05,3688.3,3689.3,750,
2024-02-02 14:34:00+05:30,3689.3,3691,3688.6,3690.4,591,
2024-02-02 14:35:00+05:30,3690.95,3691.3,3690.45,3691,671,
2024-02-02 14:36:00+05:30,3691,3691.35,3691,3691.15,355,
2024-02-02 14:37:00+05:30,3691.15,3691.35,3690.05,3690.05,313,
2024-02-02 14:38:00+05:30,3690.05,3691.05,3690.05,3691,224,
2024-02-02 14:39:00+05:30,3691,3691.05,3690.05,3691,371,
2024-02-02 14:40:00+05:30,3691.1,3691.25,3687.6,3691,842,
2024-02-02 14:41:00+05:30,3691,3691.2,3689.8,3691.1,320,
2024-02-02 14:42:00+05:30,3691.1,3691.2,3689.75,3691.05,371,
2024-02-02 14:43:00+05:30,3691.05,3694.65,3690.15,3694,720,
2024-02-02 14:44:00+05:30,3694,3694,3691,3691,565,
2024-02-02 14:45:00+05:30,3691.05,3691.7,3690.05,3690.95,238,
2024-02-02 14:46:00+05:30,3690.95,3692.25,3689.05,3690.6,662,
2024-02-02 14:47:00+05:30,3690.25,3692.3,3690.1,3692,672,
2024-02-02 14:48:00+05:30,3691.2,3692.3,3690.2,3692,528,
2024-02-02 14:49:00+05:30,3692,3692.25,3690.35,3691.95,339,
2024-02-02 14:50:00+05:30,3691.95,3692.65,3689.7,3690.4,1376,
2024-02-02 14:51:00+05:30,3690.4,3691.4,3688.05,3690.75,2179,
2024-02-02 14:52:00+05:30,3691.45,3691.45,3690,3690,349,
2024-02-02 14:53:00+05:30,3689.9,3690.15,3689.05,3690.15,3585,
2024-02-02 14:54:00+05:30,3690.15,3690.85,3690,3690.25,379,
2024-02-02 14:55:00+05:30,3690.25,3690.35,3686.2,3686.3,2199,
2024-02-02 14:56:00+05:30,3686.3,3686.45,3683.45,3683.45,1038,
2024-02-02 14:57:00+05:30,3683.45,3685.4,3682.35,3684.85,691,
2024-02-02 14:58:00+05:30,3685.4,3691,3684.85,3686.1,4477,
2024-02-02 14:59:00+05:30,3686.1,3689.4,3685.55,3687.5,1693,
2024-02-02 15:00:00+05:30,3687.5,3698.7,3687.5,3693.8,4191,
2024-02-02 15:01:00+05:30,3693.8,3699.55,3693.8,3698.7,3278,
2024-02-02 15:02:00+05:30,3699.5,3699.55,3690,3690,1794,
2024-02-02 15:03:00+05:30,3690.5,3696,3690,3695,1422,
2024-02-02 15:04:00+05:30,3695.35,3696.15,3693,3696.1,2602,
2024-02-02 15:05:00+05:30,3696.25,3697.45,3695,3695.55,1911,
2024-02-02 15:06:00+05:30,3695.55,3696.85,3695.55,3696.05,711,
2024-02-02 15:07:00+05:30,3696.1,3699.7,3695.25,3699.1,970,
2024-02-02 15:08:00+05:30,3699.1,3700.6,3698.25,3700.05,1173,
2024-02-02 15:09:00+05:30,3700.05,3703.95,3700,3702.4,1643,
2024-02-02 15:10:00+05:30,3703.95,3704.75,3701.65,3702.2,3213,
2024-02-02 15:11:00+05:30,3702.7,3702.7,3700,3700.7,1871,
2024-02-02 15:12:00+05:30,3701.2,3703.2,3700.5,3702.8,1040,
2024-02-02 15:13:00+05:30,3702.7,3704.2,3701.95,3701.95,1343,
2024-02-02 15:14:00+05:30,3702,3702.05,3699.05,3699.05,1138,
2024-02-02 15:15:00+05:30,3699.75,3699.8,3696.6,3699.3,1054,
2024-02-02 15:16:00+05:30,3699.3,3700,3698.1,3699.7,1413,
2024-02-02 15:17:00+05:30,3699.7,3700,3696.1,3700,1878,
2024-02-02 15:18:00+05:30,3700,3700.7,3697.55,3700.25,3228,
2024-02-02 15:19:00+05:30,3700.25,3700.9,3700,3700.3,2384,
2024-02-02 15:20:00+05:30,3701.05,3701.7,3700.8,3701.6,1588,
2024-02-02 15:21:00+05:30,3701.65,3701.65,3700,3700.1,1949,
2024-02-02 15:22:00+05:30,3700.1,3701.35,3700,3700.05,5723,
2024-02-02 15:23:00+05:30,3700.8,3700.8,3700,3700.05,1509,
2024-02-02 15:24:00+05:30,3700,3702,3700,3700,2073,
2024-02-02 15:25:00+05:30,3700.05,3702,3697.8,3700,1684,
2024-02-02 15:26:00+05:30,3701.15,3701.15,3696.1,3700.05,2780,
2024-02-02 15:27:00+05:30,3700.05,3701.05,3700,3701,716,
2024-02-02 15:28:00+05:30,3700,3701,3700,3700,1536,
2024-02-02 15:29:00+05:30,3700,3711.6,3700,3711.6,5689,
2024-02-05 09:15:00+05:30,3665,3700.3,3664.55,3686.75,6021,
2024-02-05 09:16:00+05:30,3691.25,3698.7,3683.35,3684.7,4610,
2024-02-05 09:17:00+05:30,3685,3700,3684.7,3698.05,630,
2024-02-05 09:18:00+05:30,3698.05,3713.65,3698.05,3713.65,2945,
2024-02-05 09:19:00+05:30,3713.65,3727.85,3713.65,3723.1,4752,
2024-02-05 09:20:00+05:30,3723.1,3723.3,3713.1,3722,3851,
2024-02-05 09:21:00+05:30,3722,3729.7,3722,3728,1876,
2024-02-05 09:22:00+05:30,3728,3732.25,3726.35,3731,3364,
2024-02-05 09:23:00+05:30,3731.25,3735,3725.85,3731.2,3216,
2024-02-05 09:24:00+05:30,3731.2,3735,3725.25,3725.25,4474,
2024-02-05 09:25:00+05:30,3726,3731.85,3726,3730.55,868,
2024-02-05 09:26:00+05:30,3730.55,3735.55,3730,3730,2241,
2024-02-05 09:27:00+05:30,3730,3734.9,3726.1,3733.55,3643,
2024-02-05 09:28:00+05:30,3734.05,3741,3733.15,3737.7,4215,
2024-02-05 09:29:00+05:30,3737.7,3742,3735.55,3741.7,4637,
2024-02-05 09:30:00+05:30,3741.7,3742,3720.2,3720.2,4657,
2024-02-05 09:31:00+05:30,3722.65,3727.4,3720.2,3725.4,3727,
2024-02-05 09:32:00+05:30,3725.5,3728.35,3721.05,3721.4,1408,
2024-02-05 09:33:00+05:30,3721.4,3727.75,3720,3725.8,1818,
2024-02-05 09:34:00+05:30,3724.1,3733.25,3724.1,3729.7,2411,
2024-02-05 09:35:00+05:30,3729.7,3735.95,3729.6,3734.1,1810,
2024-02-05 09:36:00+05:30,3732.05,3734.7,3724.15,3724.7,2788,
2024-02-05 09:37:00+05:30,3724.7,3727.65,3723.6,3724.3,1121,
2024-02-05 09:38:00+05:30,3726,3727.6,3723.05,3725.55,966,
2024-02-05 09:39:00+05:30,3723.9,3729.55,3721.55,3721.6,3267,
2024-02-05 09:40:00+05:30,3722.5,3725.2,3717.05,3718.35,7024,
2024-02-05 09:41:00+05:30,3718.35,3719.8,3706.05,3710.35,4468,
2024-02-05 09:42:00+05:30,3710.35,3710.55,3701.25,3701.45,4692,
2024-02-05 09:43:00+05:30,3699.95,3703,3690.05,3693.65,10807,
2024-02-05 09:44:00+05:30,3696,3699,3690.55,3690.55,3281,
2024-02-05 09:45:00+05:30,3693.05,3703.1,3693.05,3703.1,6996,
2024-02-05 09:46:00+05:30,3704.3,3712.95,3704.3,3707,1182,
2024-02-05 09:47:00+05:30,3708,3711.9,3707.1,3711.9,658,
2024-02-05 09:48:00+05:30,3711.9,3712.95,3699.75,3700,2182,
2024-02-05 09:49:00+05:30,3699.75,3704.85,3699.6,3704.05,1621,
2024-02-05 09:50:00+05:30,3704.05,3710.9,3703.9,3705.7,1337,
2024-02-05 09:51:00+05:30,3705.7,3708.2,3699.05,3704.2,2130,
2024-02-05 09:52:00+05:30,3704.2,3704.2,3700.05,3700.1,518,
2024-02-05 09:53:00+05:30,3700.1,3702.85,3700.1,3700.95,831,
2024-02-05 09:54:00+05:30,3700.95,3700.95,3695.15,3698.2,1604,
2024-02-05 09:55:00+05:30,3698.2,3701,3698.2,3699.45,229,
2024-02-05 09:56:00+05:30,3699.45,3699.45,3695.5,3698.65,1659,
2024-02-05 09:57:00+05:30,3698.65,3700,3698,3700,149,
2024-02-05 09:58:00+05:30,3700,3708.7,3700,3708.7,713,
2024-02-05 09:59:00+05:30,3708.7,3709,3704.6,3706.5,972,
2024-02-05 10:00:00+05:30,3706.5,3709.6,3705.8,3709.45,272,
2024-02-05 10:01:00+05:30,3709.15,3712,3708.85,3711.75,1263,
2024-02-05 10:02:00+05:30,3711.4,3711.4,3702.05,3702.05,1315,
2024-02-05 10:03:00+05:30,3703.9,3706.5,3700,3704.55,750,
2024-02-05 10:04:00+05:30,3704.55,3705.5,3698.6,3701.85,1356,
2024-02-05 10:05:00+05:30,3701.85,3704.45,3701.85,3704.45,883,
2024-02-05 10:06:00+05:30,3704.45,3709,3704.35,3709,280,
2024-02-05 10:07:00+05:30,3709,3709,3707.25,3708.95,411,
2024-02-05 10:08:00+05:30,3709,3715.9,3709,3712.4,1201,
2024-02-05 10:09:00+05:30,3712.4,3712.4,3706,3706.3,643,
2024-02-05 10:10:00+05:30,3706.3,3707.8,3705.5,3707.35,389,
2024-02-05 10:11:00+05:30,3707.35,3707.35,3705.1,3705.15,677,
2024-02-05 10:12:00+05:30,3706.4,3706.4,3703,3705,2232,
2024-02-05 10:13:00+05:30,3705,3706.65,3703.65,3704.85,219,
2024-02-05 10:14:00+05:30,3703.95,3713.3,3703.95,3707.8,2004,
2024-02-05 10:15:00+05:30,3707.8,3711.85,3707.8,3711.4,386,
2024-02-05 10:16:00+05:30,3711.4,3712.7,3708.05,3710,309,
2024-02-05 10:17:00+05:30,3710,3710.05,3704,3705.05,1650,
2024-02-05 10:18:00+05:30,3705.05,3705.05,3696.5,3700.9,4959,
2024-02-05 10:19:00+05:30,3699.9,3699.9,3696.25,3698.45,1665,
2024-02-05 10:20:00+05:30,3698.2,3699.1,3692.95,3696.65,3645,
2024-02-05 10:21:00+05:30,3696.65,3696.7,3685.7,3685.75,2294,
2024-02-05 10:22:00+05:30,3685.75,3685.75,3675.2,3684.05,3857,
2024-02-05 10:23:00+05:30,3684.9,3695.4,3684.9,3691.3,6015,
2024-02-05 10:24:00+05:30,3691.3,3692,3687.2,3688.15,3521,
2024-02-05 10:25:00+05:30,3688.15,3696.5,3687.3,3696.5,5842,
2024-02-05 10:26:00+05:30,3696.5,3696.95,3692.3,3695.8,3758,
2024-02-05 10:27:00+05:30,3695.45,3699.8,3695.05,3697.15,4769,
2024-02-05 10:28:00+05:30,3697.9,3698,3695.5,3695.5,374,
2024-02-05 10:29:00+05:30,3695.5,3698.6,3695.2,3698.45,3871,
2024-02-05 10:30:00+05:30,3698.45,3701.6,3698.45,3701.3,741,
2024-02-05 10:31:00+05:30,3701.3,3702,3698,3702,317,
2024-02-05 10:32:00+05:30,3702,3702,3700.45,3702,347,
2024-02-05 10:33:00+05:30,3702,3705.15,3702,3705,5142,
2024-02-05 10:34:00+05:30,3704.85,3705.15,3698.15,3698.75,1338,
2024-02-05 10:35:00+05:30,3698.75,3705.2,3698.75,3701.2,729,
2024-02-05 10:36:00+05:30,3701.2,3702.8,3698,3700.85,2329,
2024-02-05 10:37:00+05:30,3699.5,3700.95,3698.4,3698.5,263,
2024-02-05 10:38:00+05:30,3698.5,3699.9,3698.3,3698.5,432,
2024-02-05 10:39:00+05:30,3698.45,3698.45,3691.9,3692.7,917,
2024-02-05 10:40:00+05:30,3692.7,3694.5,3692.7,3694.15,240,
2024-02-05 10:41:00+05:30,3694.15,3694.5,3692.1,3694.5,1100,
2024-02-05 10:42:00+05:30,3694.5,3694.5,3692.75,3693.75,115,
2024-02-05 10:43:00+05:30,3693.75,3694.6,3693.7,3694.1,267,
2024-02-05 10:44:00+05:30,3694.1,3694.1,3690.35,3692.1,306,
2024-02-05 10:45:00+05:30,3692.1,3694.05,3692.1,3692.9,556,
2024-02-05 10:46:00+05:30,3692.9,3693,3690.1,3691.9,1513,
2024-02-05 10:47:00+05:30,3691.9,3691.9,3690.3,3690.55,323,
2024-02-05 10:48:00+05:30,3690.55,3691.9,3690.55,3691.3,49,
2024-02-05 10:49:00+05:30,3691.3,3692.8,3691.3,3692.8,422,
2024-02-05 10:50:00+05:30,3692.8,3693.6,3691.5,3691.5,2229,
2024-02-05 10:51:00+05:30,3691.5,3699.45,3691.5,3699.1,1734,
2024-02-05 10:52:00+05:30,3699.1,3703.75,3699.1,3702.75,628,
2024-02-05 10:53:00+05:30,3702.75,3705,3702.75,3705,210,
2024-02-05 10:54:00+05:30,3705,3706.7,3705,3705.7,526,
2024-02-05 10:55:00+05:30,3705.7,3708.7,3705.7,3708.55,479,
2024-02-05 10:56:00+05:30,3708.55,3709,3708.55,3709,451,
2024-02-05 10:57:00+05:30,3709,3709,3699.55,3699.55,2062,
2024-02-05 10:58:00+05:30,3699.55,3701.85,3699.55,3701.05,300,
2024-02-05 10:59:00+05:30,3701.05,3701.5,3700.15,3701.5,152,
2024-02-05 11:00:00+05:30,3701.5,3703,3700,3701.25,1271,
2024-02-05 11:01:00+05:30,3701.25,3703.95,3699.9,3702.5,494,
2024-02-05 11:02:00+05:30,3702.5,3707.95,3702.5,3707.95,442,
2024-02-05 11:03:00+05:30,3707.95,3708.25,3706.55,3706.55,112,
2024-02-05 11:04:00+05:30,3706.55,3709,3706.55,3709,479,
2024-02-05 11:05:00+05:30,3709,3709.6,3703.05,3706.85,800,
2024-02-05 11:06:00+05:30,3706.85,3713.65,3703.85,3713.65,4592,
2024-02-05 11:07:00+05:30,3713.65,3716,3707.6,3707.6,7113,
2024-02-05 11:08:00+05:30,3707.6,3709.55,3706,3706.15,1911,
2024-02-05 11:09:00+05:30,3706.15,3706.6,3704.2,3704.55,393,
2024-02-05 11:10:00+05:30,3704.55,3706.35,3704.55,3706.05,11,
2024-02-05 11:11:00+05:30,3706.05,3706.35,3701.25,3703.75,1029,
2024-02-05 11:12:00+05:30,3703.75,3706.7,3702.6,3706.7,775,
2024-02-05 11:13:00+05:30,3706.8,3712.25,3705.35,3710.55,1166,
2024-02-05 11:14:00+05:30,3710.55,3719.25,3710.55,3719.25,1990,
2024-02-05 11:15:00+05:30,3719.9,3721.4,3716.1,3716.1,1096,
2024-02-05 11:16:00+05:30,3716.1,3718,3716.1,3718,361,
2024-02-05 11:17:00+05:30,3718,3718,3706.25,3708.05,2748,
2024-02-05 11:18:00+05:30,3708.05,3713.8,3707.2,3707.2,1499,
2024-02-05 11:19:00+05:30,3709.2,3709.2,3706.25,3706.9,615,
2024-02-05 11:20:00+05:30,3706.9,3707,3700.4,3700.4,861,
2024-02-05 11:21:00+05:30,3700.4,3700.65,3695.35,3698.6,2859,
2024-02-05 11:22:00+05:30,3698.6,3699.75,3697.6,3698,312,
2024-02-05 11:23:00+05:30,3698,3698.6,3697,3697.1,147,
2024-02-05 11:24:00+05:30,3697.1,3700,3697.1,3700,175,
2024-02-05 11:25:00+05:30,3700,3700,3695.2,3695.95,1382,
2024-02-05 11:26:00+05:30,3695.95,3700.4,3695.95,3698.8,1976,
2024-02-05 11:27:00+05:30,3698.8,3699.3,3697.9,3698.8,3034,
2024-02-05 11:28:00+05:30,3698.8,3699.25,3698.3,3698.85,150,
2024-02-05 11:29:00+05:30,3698.85,3698.85,3696.45,3696.6,383,
2024-02-05 11:30:00+05:30,3696.65,3700,3696.65,3698.2,3108,
2024-02-05 11:31:00+05:30,3698.2,3699,3698.2,3698.7,264,
2024-02-05 11:32:00+05:30,3698.7,3701.2,3695.05,3701.2,712,
2024-02-05 11:33:00+05:30,3702.45,3702.45,3697.9,3697.9,2973,
2024-02-05 11:34:00+05:30,3697.9,3700,3697.9,3700,470,
2024-02-05 11:35:00+05:30,3700,3702,3700,3701.4,312,
2024-02-05 11:36:00+05:30,3701.4,3701.4,3696.9,3700,800,
2024-02-05 11:37:00+05:30,3700,3700,3699.05,3700,271,
2024-02-05 11:38:00+05:30,3700,3701.9,3695.45,3695.45,521,
2024-02-05 11:39:00+05:30,3695.45,3702.95,3695.45,3701.95,383,
2024-02-05 11:40:00+05:30,3701.95,3701.95,3700.35,3700.9,281,
2024-02-05 11:41:00+05:30,3700.9,3705.4,3697.65,3705.4,2970,
2024-02-05 11:42:00+05:30,3706.9,3714.15,3706.9,3714.15,2057,
2024-02-05 11:43:00+05:30,3712.65,3712.65,3706.55,3708.05,3801,
2024-02-05 11:44:00+05:30,3708.05,3710.6,3708.05,3708.65,297,
2024-02-05 11:45:00+05:30,3708.65,3714.25,3708.65,3714.25,390,
2024-02-05 11:46:00+05:30,3714.25,3715,3711.95,3715,371,
2024-02-05 11:47:00+05:30,3715,3715,3713.2,3713.75,514,
2024-02-05 11:48:00+05:30,3713.75,3714.65,3712.95,3712.95,220,
2024-02-05 11:49:00+05:30,3712.95,3712.95,3712,3712,391,
2024-02-05 11:50:00+05:30,3712,3712.85,3710.35,3712.5,144,
2024-02-05 11:51:00+05:30,3711,3712.8,3708.2,3708.3,325,
2024-02-05 11:52:00+05:30,3708.3,3708.9,3707.05,3707.05,175,
2024-02-05 11:53:00+05:30,3708,3708,3707.15,3707.15,53,
2024-02-05 11:54:00+05:30,3707.15,3708,3699.15,3699.55,1534,
2024-02-05 11:55:00+05:30,3699.55,3699.95,3695,3697.25,736,
2024-02-05 11:56:00+05:30,3695.9,3699.95,3695.9,3699.95,137,
2024-02-05 11:57:00+05:30,3699.95,3700,3696.2,3698.15,321,
2024-02-05 11:58:00+05:30,3698.15,3698.25,3695,3697.45,392,
2024-02-05 11:59:00+05:30,3697.65,3699.95,3694.2,3699.95,4803,
2024-02-05 12:00:00+05:30,3699.95,3701.95,3697.9,3701.15,626,
2024-02-05 12:01:00+05:30,3701.15,3706,3701.15,3706,171,
2024-02-05 12:02:00+05:30,3706,3709.95,3705,3708,464,
2024-02-05 12:03:00+05:30,3709.5,3710.25,3707.9,3710.25,283,
2024-02-05 12:04:00+05:30,3710.85,3710.85,3706.85,3706.95,463,
2024-02-05 12:05:00+05:30,3706.95,3709.25,3706.95,3709.25,80,
2024-02-05 12:06:00+05:30,3709.95,3709.95,3708.6,3709.6,270,
2024-02-05 12:07:00+05:30,3709.6,3710,3709.05,3709.95,132,
2024-02-05 12:08:00+05:30,3709.95,3711.95,3709.95,3710.65,316,
2024-02-05 12:09:00+05:30,3708.75,3709.85,3706.65,3707.4,803,
2024-02-05 12:10:00+05:30,3707.4,3707.85,3701.2,3704,952,
2024-02-05 12:11:00+05:30,3704,3704.2,3702.15,3702.8,113,
2024-02-05 12:12:00+05:30,3702.8,3704.8,3702.8,3704.4,80,
2024-02-05 12:13:00+05:30,3704.4,3706.55,3703.05,3705.95,102,
2024-02-05 12:14:00+05:30,3704.25,3705.4,3703.35,3704.95,87,
2024-02-05 12:15:00+05:30,3704.95,3705.4,3703.05,3705,94,
2024-02-05 12:16:00+05:30,3705,3707,3703.1,3706.95,853,
2024-02-05 12:17:00+05:30,3706.95,3706.95,3705.85,3706.3,145,
2024-02-05 12:18:00+05:30,3706.3,3710,3706.3,3710,742,
2024-02-05 12:19:00+05:30,3710,3710,3708.65,3708.65,387,
2024-02-05 12:20:00+05:30,3708.65,3710,3708.65,3709.3,100,
2024-02-05 12:21:00+05:30,3709,3710.25,3708.75,3709.85,92,
2024-02-05 12:22:00+05:30,3709.85,3711,3706.65,3707.95,157,
2024-02-05 12:23:00+05:30,3707.05,3709.55,3703.6,3707,137,
2024-02-05 12:24:00+05:30,3703.6,3704.45,3702.7,3703.45,123,
2024-02-05 12:25:00+05:30,3702.9,3704.6,3698.05,3700.6,832,
2024-02-05 12:26:00+05:30,3700.85,3700.85,3694.45,3696.45,4605,
2024-02-05 12:27:00+05:30,3696.45,3697.95,3695,3696.15,1243,
2024-02-05 12:28:00+05:30,3696.15,3703.5,3696,3703.5,3490,
2024-02-05 12:29:00+05:30,3703.5,3704.3,3698.2,3699,472,
2024-02-05 12:30:00+05:30,3699,3701,3697.6,3699.95,323,
2024-02-05 12:31:00+05:30,3699.95,3699.95,3695,3695,1112,
2024-02-05 12:32:00+05:30,3695.55,3695.95,3690.05,3695,2824,
2024-02-05 12:33:00+05:30,3695,3696.2,3690,3694.85,3086,
2024-02-05 12:34:00+05:30,3694.85,3695.9,3693.4,3695.6,586,
2024-02-05 12:35:00+05:30,3695.6,3696.2,3694.2,3695,1616,
2024-02-05 12:36:00+05:30,3695,3695.85,3695,3695.55,269,
2024-02-05 12:37:00+05:30,3695.6,3699.45,3695.6,3698.4,1110,
2024-02-05 12:38:00+05:30,3698.4,3702,3697.05,3702,3131,
2024-02-05 12:39:00+05:30,3702,3703.95,3699.15,3700.65,522,
2024-02-05 12:40:00+05:30,3700.65,3701.85,3700,3700.8,270,
2024-02-05 12:41:00+05:30,3699.05,3700,3695.6,3695.6,377,
2024-02-05 12:42:00+05:30,3695.6,3698.2,3695.6,3696.75,668,
2024-02-05 12:43:00+05:30,3696.8,3700,3696.75,3696.8,6207,
2024-02-05 12:44:00+05:30,3696.85,3699.95,3696.85,3699.95,188,
2024-02-05 12:45:00+05:30,3699.3,3702,3699.3,3702,150,
2024-02-05 12:46:00+05:30,3702,3703.95,3700.1,3701.4,371,
2024-02-05 12:47:00+05:30,3701.4,3704.95,3701.1,3701.1,614,
2024-02-05 12:48:00+05:30,3701.1,3703.85,3701.1,3702.25,562,
2024-02-05 12:49:00+05:30,3702.25,3704.3,3701.7,3702.45,306,
2024-02-05 12:50:00+05:30,3702.45,3704.5,3702.45,3704.2,59,
2024-02-05 12:51:00+05:30,3704.2,3704.45,3703.95,3704.05,334,
2024-02-05 12:52:00+05:30,3704.05,3706.9,3704,3706.25,89,
2024-02-05 12:53:00+05:30,3706.25,3708.6,3705.35,3708.55,429,
2024-02-05 12:54:00+05:30,3708.55,3708.65,3702.7,3705.1,697,
2024-02-05 12:55:00+05:30,3705.1,3706.4,3704.35,3706.15,193,
2024-02-05 12:56:00+05:30,3706.15,3706.3,3704.3,3705.25,41,
2024-02-05 12:57:00+05:30,3705.25,3705.95,3698.3,3699.85,2460,
2024-02-05 12:58:00+05:30,3699.85,3701.35,3699.05,3699.05,366,
2024-02-05 12:59:00+05:30,3699.05,3701.45,3696,3697.75,838,
2024-02-05 13:00:00+05:30,3697.75,3699.65,3695.75,3697.2,570,
2024-02-05 13:01:00+05:30,3697.2,3699.3,3697.2,3698.55,64,
2024-02-05 13:02:00+05:30,3698.55,3699.6,3694.25,3696.25,1135,
2024-02-05 13:03:00+05:30,3696.95,3696.95,3695.6,3696.35,36,
2024-02-05 13:04:00+05:30,3696.35,3697.9,3695.8,3697.25,29,
2024-02-05 13:05:00+05:30,3697.25,3703.4,3696.6,3702.55,473,
2024-02-05 13:06:00+05:30,3703.4,3703.4,3700.3,3702.15,546,
2024-02-05 13:07:00+05:30,3702.15,3703.4,3701,3703.3,126,
2024-02-05 13:08:00+05:30,3703.3,3703.3,3695.6,3698.35,1431,
2024-02-05 13:09:00+05:30,3698.35,3699.25,3695.3,3695.3,139,
2024-02-05 13:10:00+05:30,3695.3,3696.95,3695.3,3696.25,19,
2024-02-05 13:11:00+05:30,3696.25,3697.95,3695.75,3696.95,119,
2024-02-05 13:12:00+05:30,3697.3,3698,3695,3695.55,273,
2024-02-05 13:13:00+05:30,3695.55,3695.9,3694.35,3695.05,605,
2024-02-05 13:14:00+05:30,3695.05,3696.85,3695,3696.85,996,
2024-02-05 13:15:00+05:30,3696.85,3698.25,3695.95,3698.05,698,
2024-02-05 13:16:00+05:30,3698.05,3698.05,3694.55,3696.6,1962,
2024-02-05 13:17:00+05:30,3696.6,3696.7,3694,3695.1,480,
2024-02-05 13:18:00+05:30,3696,3698.25,3695,3697.1,936,
2024-02-05 13:19:00+05:30,3697.1,3698.75,3696.35,3698.7,93,
2024-02-05 13:20:00+05:30,3698.7,3699.4,3697.7,3698.35,485,
2024-02-05 13:21:00+05:30,3698.35,3698.8,3698.1,3698.2,150,
2024-02-05 13:22:00+05:30,3698.2,3698.85,3697.8,3697.9,419,
2024-02-05 13:23:00+05:30,3697.9,3698,3696,3696.3,191,
2024-02-05 13:24:00+05:30,3696.3,3697.65,3696.3,3697.2,129,
2024-02-05 13:25:00+05:30,3697.1,3698,3697.1,3697.5,73,
2024-02-05 13:26:00+05:30,3697.5,3698,3695.05,3698,522,
2024-02-05 13:27:00+05:30,3696.3,3698,3696.3,3697.15,41,
2024-02-05 13:28:00+05:30,3697.15,3697.8,3695.65,3696.65,200,
2024-02-05 13:29:00+05:30,3696.65,3697.55,3696,3697.3,161,
2024-02-05 13:30:00+05:30,3697.3,3698,3697.3,3697.65,80,
2024-02-05 13:31:00+05:30,3697.65,3698,3697.35,3697.95,70,
2024-02-05 13:32:00+05:30,3697.95,3699,3695.65,3695.65,276,
2024-02-05 13:33:00+05:30,3695.65,3696.3,3695.65,3695.8,104,
2024-02-05 13:34:00+05:30,3695.8,3696,3695.65,3695.8,71,
2024-02-05 13:35:00+05:30,3695.9,3696,3695.75,3695.85,119,
2024-02-05 13:36:00+05:30,3695.85,3696,3695.75,3695.9,113,
2024-02-05 13:37:00+05:30,3695.8,3696,3695.65,3695.65,72,
2024-02-05 13:38:00+05:30,3695.65,3696,3695,3695.3,569,
2024-02-05 13:39:00+05:30,3695.6,3696.8,3695,3696.25,1121,
2024-02-05 13:40:00+05:30,3696.25,3698,3696.25,3697.3,198,
2024-02-05 13:41:00+05:30,3697.3,3698,3697.05,3697.05,56,
2024-02-05 13:42:00+05:30,3697.05,3703.95,3697.05,3702.65,359,
2024-02-05 13:43:00+05:30,3702.65,3703.95,3700.7,3700.7,268,
2024-02-05 13:44:00+05:30,3700.7,3701.1,3699.9,3700.5,165,
2024-02-05 13:45:00+05:30,3700.5,3702.4,3700.5,3701.05,86,
2024-02-05 13:46:00+05:30,3701.35,3702.75,3701.05,3702.1,78,
2024-02-05 13:47:00+05:30,3702.1,3703.95,3701,3702.15,174,
2024-02-05 13:48:00+05:30,3702.15,3702.55,3701,3701.45,65,
2024-02-05 13:49:00+05:30,3701.45,3702,3700.55,3702,97,
2024-02-05 13:50:00+05:30,3702,3702.25,3700.55,3702.25,298,
2024-02-05 13:51:00+05:30,3702.25,3703,3701.5,3703,76,
2024-02-05 13:52:00+05:30,3702.15,3705,3702.1,3704.05,790,
2024-02-05 13:53:00+05:30,3704.05,3705,3703.1,3703.1,805,
2024-02-05 13:54:00+05:30,3703.2,3703.8,3703,3703.4,274,
2024-02-05 13:55:00+05:30,3703.4,3704.7,3703,3703.05,87,
2024-02-05 13:56:00+05:30,3703.05,3704,3701.05,3701.7,166,
2024-02-05 13:57:00+05:30,3701.7,3703.2,3701.15,3701.4,52,
2024-02-05 13:58:00+05:30,3701.4,3702.35,3701,3701.95,97,
2024-02-05 13:59:00+05:30,3701.95,3702.5,3701,3701.1,97,
2024-02-05 14:00:00+05:30,3701.1,3705,3701.1,3704.4,628,
2024-02-05 14:01:00+05:30,3704.4,3705,3704,3704.3,67,
2024-02-05 14:02:00+05:30,3704.3,3704.4,3702.3,3703,331,
2024-02-05 14:03:00+05:30,3703,3703.35,3700,3700,620,
2024-02-05 14:04:00+05:30,3700,3703.8,3700,3702.7,775,
2024-02-05 14:05:00+05:30,3700.65,3702.7,3700,3700,240,
2024-02-05 14:06:00+05:30,3700,3702,3699,3701.4,667,
2024-02-05 14:07:00+05:30,3701.4,3702.25,3700.6,3701.5,35,
2024-02-05 14:08:00+05:30,3701.5,3702.1,3701,3701.6,76,
2024-02-05 14:09:00+05:30,3701.6,3703.8,3700,3700,675,
2024-02-05 14:10:00+05:30,3700,3700.25,3695,3695.25,1234,
2024-02-05 14:11:00+05:30,3695.25,3697.8,3694.8,3694.8,1174,
2024-02-05 14:12:00+05:30,3694.8,3700,3694.8,3697.85,411,
2024-02-05 14:13:00+05:30,3700,3700,3697.2,3700,983,
2024-02-05 14:14:00+05:30,3700,3700,3698.2,3699.95,256,
2024-02-05 14:15:00+05:30,3699.95,3701,3699.9,3700.2,626,
2024-02-05 14:16:00+05:30,3700.2,3701,3700.2,3700.65,292,
2024-02-05 14:17:00+05:30,3700.65,3702,3700,3702,486,
2024-02-05 14:18:00+05:30,3701.3,3703.8,3700.7,3702.5,165,
2024-02-05 14:19:00+05:30,3702.5,3703.8,3700.25,3702.35,641,
2024-02-05 14:20:00+05:30,3702.35,3704.65,3702.35,3703.55,377,
2024-02-05 14:21:00+05:30,3703.55,3704.15,3702.35,3702.35,168,
2024-02-05 14:22:00+05:30,3702.35,3703,3702.35,3702.35,252,
2024-02-05 14:23:00+05:30,3702.35,3703,3700,3700.5,456,
2024-02-05 14:24:00+05:30,3700.5,3701.8,3700,3700.9,149,
2024-02-05 14:25:00+05:30,3700.9,3701.65,3700,3700,226,
2024-02-05 14:26:00+05:30,3700,3701.2,3700,3700.45,189,
2024-02-05 14:27:00+05:30,3700.45,3700.65,3698.7,3700.65,1867,
2024-02-05 14:28:00+05:30,3700.65,3703,3699.8,3700.25,568,
2024-02-05 14:29:00+05:30,3700.25,3702.9,3700.25,3701.5,457,
2024-02-05 14:30:00+05:30,3701.5,3704.8,3701.5,3704.35,808,
2024-02-05 14:31:00+05:30,3704.35,3704.75,3695.5,3700,6850,
2024-02-05 14:32:00+05:30,3700,3701.15,3697.35,3700.85,4367,
2024-02-05 14:33:00+05:30,3700.85,3701.95,3700,3700.9,601,
2024-02-05 14:34:00+05:30,3700.9,3701.9,3699.1,3700.25,603,
2024-02-05 14:35:00+05:30,3700.25,3701.2,3697.8,3699.8,3114,
2024-02-05 14:36:00+05:30,3699.75,3701.9,3696.05,3700.55,5043,
2024-02-05 14:37:00+05:30,3700.55,3701.05,3695.1,3700,2797,
2024-02-05 14:38:00+05:30,3700,3701,3697.4,3700.05,2798,
2024-02-05 14:39:00+05:30,3699.25,3701.7,3698.65,3700.05,6137,
2024-02-05 14:40:00+05:30,3700,3702.7,3700,3700.3,369,
2024-02-05 14:41:00+05:30,3700.3,3704,3700.3,3701.25,518,
2024-02-05 14:42:00+05:30,3701.25,3704.35,3701.1,3701.55,558,
2024-02-05 14:43:00+05:30,3701.55,3701.55,3698,3700,5039,
2024-02-05 14:44:00+05:30,3700,3701.7,3695,3695.85,1096,
2024-02-05 14:45:00+05:30,3695.85,3695.85,3690.35,3690.35,599,
2024-02-05 14:46:00+05:30,3690.9,3693.45,3685.55,3687.55,2138,
2024-02-05 14:47:00+05:30,3688.05,3691.55,3685.1,3689.75,4664,
2024-02-05 14:48:00+05:30,3689.75,3696.5,3689.75,3696.5,2595,
2024-02-05 14:49:00+05:30,3697,3700.95,3695.25,3699.35,3095,
2024-02-05 14:50:00+05:30,3699.35,3702.9,3697.05,3698.65,1218,
2024-02-05 14:51:00+05:30,3698.65,3702.2,3698.65,3701.3,1825,
2024-02-05 14:52:00+05:30,3701.3,3701.3,3698.45,3699.7,1190,
2024-02-05 14:53:00+05:30,3699.7,3701,3698.95,3700.55,2329,
2024-02-05 14:54:00+05:30,3700.55,3702,3700.15,3702,118,
2024-02-05 14:55:00+05:30,3701.95,3702.1,3697.75,3698.65,1273,
2024-02-05 14:56:00+05:30,3698.65,3698.65,3694.45,3695.45,2686,
2024-02-05 14:57:00+05:30,3695.05,3697.35,3693.4,3697.15,2633,
2024-02-05 14:58:00+05:30,3697.55,3701.1,3697.55,3700,6145,
2024-02-05 14:59:00+05:30,3700,3700.7,3700,3700.65,923,
2024-02-05 15:00:00+05:30,3700,3707,3700,3703.85,3293,
2024-02-05 15:01:00+05:30,3703.75,3704.45,3700,3703.9,1899,
2024-02-05 15:02:00+05:30,3702.9,3703.95,3696.9,3698.95,1516,
2024-02-05 15:03:00+05:30,3698.7,3702.5,3698.65,3700.5,1052,
2024-02-05 15:04:00+05:30,3699.95,3702.4,3699.95,3700.6,649,
2024-02-05 15:05:00+05:30,3700.45,3703,3700,3702.7,1047,
2024-02-05 15:06:00+05:30,3702.8,3705.7,3700.65,3703.5,2149,
2024-02-05 15:07:00+05:30,3703.2,3703.55,3700.4,3702.25,924,
2024-02-05 15:08:00+05:30,3702.05,3705,3702.05,3704.7,598,
2024-02-05 15:09:00+05:30,3704.7,3706,3704.7,3705.85,829,
2024-02-05 15:10:00+05:30,3704.95,3706,3702.6,3703.4,601,
2024-02-05 15:11:00+05:30,3702.75,3702.75,3699.6,3701,790,
2024-02-05 15:12:00+05:30,3701.05,3701.05,3698.3,3700.35,1922,
2024-02-05 15:13:00+05:30,3700.35,3702,3700,3701.95,1578,
2024-02-05 15:14:00+05:30,3701.4,3701.45,3700,3700.3,957,
2024-02-05 15:15:00+05:30,3700.35,3701.95,3696.4,3700.8,5293,
2024-02-05 15:16:00+05:30,3700.35,3701.45,3700,3701,1248,
2024-02-05 15:17:00+05:30,3701,3701,3700.05,3700.7,480,
2024-02-05 15:18:00+05:30,3700.65,3702,3700,3700.65,1279,
2024-02-05 15:19:00+05:30,3700.9,3700.9,3700,3700.4,1194,
2024-02-05 15:20:00+05:30,3701,3701.7,3689.3,3696.3,13157,
2024-02-05 15:21:00+05:30,3696.15,3696.45,3695,3695,1116,
2024-02-05 15:22:00+05:30,3694.85,3695.6,3694.1,3695.25,1163,
2024-02-05 15:23:00+05:30,3695.25,3701.05,3695,3701.05,8820,
2024-02-05 15:24:00+05:30,3700,3700.55,3697.85,3697.85,8845,
2024-02-05 15:25:00+05:30,3697.85,3700.2,3697.1,3700.1,5416,
2024-02-05 15:26:00+05:30,3697.1,3701,3697.1,3699.7,3708,
2024-02-05 15:27:00+05:30,3699.7,3702.1,3698.25,3701.7,2290,
2024-02-05 15:28:00+05:30,3701.7,3702.8,3692.4,3696.15,787,
2024-02-05 15:29:00+05:30,3693.5,3704.4,3693.5,3700,726,
2024-02-06 09:15:00+05:30,3698,3728.1,3689.9,3715.8,6355,
2024-02-06 09:16:00+05:30,3714.05,3732.3,3713.8,3723.85,3696,
2024-02-06 09:17:00+05:30,3724.5,3731.75,3720.05,3720.05,1848,
2024-02-06 09:18:00+05:30,3722.2,3725.7,3716.7,3722.05,2885,
2024-02-06 09:19:00+05:30,3719.8,3724.5,3719.8,3722.55,2584,
2024-02-06 09:20:00+05:30,3723.5,3723.5,3715.2,3717.9,3030,
2024-02-06 09:21:00+05:30,3717.9,3721.5,3715,3715,1520,
2024-02-06 09:22:00+05:30,3712.75,3721.35,3712.75,3721.3,3836,
2024-02-06 09:23:00+05:30,3719.25,3727.2,3719.25,3725.65,927,
2024-02-06 09:24:00+05:30,3725.65,3730.7,3725.65,3729.4,1853,
2024-02-06 09:25:00+05:30,3728.85,3731,3724.8,3729.2,790,
2024-02-06 09:26:00+05:30,3729.2,3732,3729.2,3732,666,
2024-02-06 09:27:00+05:30,3732,3733.3,3730.6,3731.6,1504,
2024-02-06 09:28:00+05:30,3731.6,3735,3731.6,3735,1258,
2024-02-06 09:29:00+05:30,3734.95,3734.95,3730.35,3731.95,3204,
2024-02-06 09:30:00+05:30,3731.95,3737.8,3730.15,3737,4691,
2024-02-06 09:31:00+05:30,3738.55,3741.5,3735.95,3739.3,2903,
2024-02-06 09:32:00+05:30,3739.3,3741.45,3738.2,3738.95,707,
2024-02-06 09:33:00+05:30,3738.95,3741,3735.5,3738.95,1285,
2024-02-06 09:34:00+05:30,3738.95,3738.95,3733.6,3735.65,907,
2024-02-06 09:35:00+05:30,3735.65,3736.6,3732.4,3734.45,545,
2024-02-06 09:36:00+05:30,3734.45,3734.45,3724.6,3724.6,1370,
2024-02-06 09:37:00+05:30,3726.6,3728,3723.85,3725,2137,
2024-02-06 09:38:00+05:30,3727,3727.65,3722.15,3724.7,358,
2024-02-06 09:39:00+05:30,3724.7,3725.25,3721.05,3723.8,567,
2024-02-06 09:40:00+05:30,3723.8,3723.8,3716.95,3720.5,2269,
2024-02-06 09:41:00+05:30,3718.85,3719.9,3715,3718.35,1789,
2024-02-06 09:42:00+05:30,3718.35,3718.35,3708.85,3708.85,1434,
2024-02-06 09:43:00+05:30,3708.85,3709,3705.3,3708.25,743,
2024-02-06 09:44:00+05:30,3708.25,3712.35,3708.25,3709.95,1658,
2024-02-06 09:45:00+05:30,3709.95,3709.95,3706.25,3707.3,1224,
2024-02-06 09:46:00+05:30,3707.3,3714.55,3707.3,3712.6,362,
2024-02-06 09:47:00+05:30,3714.1,3719.9,3713.65,3719.15,235,
2024-02-06 09:48:00+05:30,3719.15,3719.95,3718.3,3718.3,341,
2024-02-06 09:49:00+05:30,3718.3,3724.1,3718.3,3722.2,940,
2024-02-06 09:50:00+05:30,3722.2,3724,3721.25,3724,473,
2024-02-06 09:51:00+05:30,3722.25,3725,3718.5,3720.55,1223,
2024-02-06 09:52:00+05:30,3720.55,3724.95,3719.15,3724.95,491,
2024-02-06 09:53:00+05:30,3725,3725.5,3722.55,3725,954,
2024-02-06 09:54:00+05:30,3725,3725,3723.75,3725,1230,
2024-02-06 09:55:00+05:30,3725,3726.5,3724.15,3725.15,628,
2024-02-06 09:56:00+05:30,3726.3,3726.4,3722,3723.55,1834,
2024-02-06 09:57:00+05:30,3723.3,3723.3,3715.35,3722.35,2044,
2024-02-06 09:58:00+05:30,3722.35,3723.7,3720,3720.5,375,
2024-02-06 09:59:00+05:30,3720.5,3725,3720.5,3724.8,472,
2024-02-06 10:00:00+05:30,3724.8,3725,3723.65,3725,258,
2024-02-06 10:01:00+05:30,3725,3725,3724.55,3725,283,
2024-02-06 10:02:00+05:30,3725,3725,3724.4,3724.95,423,
2024-02-06 10:03:00+05:30,3724.95,3725,3721.05,3724.9,799,
2024-02-06 10:04:00+05:30,3724.9,3725.5,3723.9,3725.45,530,
2024-02-06 10:05:00+05:30,3724.95,3725.35,3721.9,3722,807,
2024-02-06 10:06:00+05:30,3722.45,3723,3721.55,3722.4,210,
2024-02-06 10:07:00+05:30,3722.4,3724.2,3722.4,3723,220,
2024-02-06 10:08:00+05:30,3723,3724.95,3720.05,3724,638,
2024-02-06 10:09:00+05:30,3724,3727.55,3723.05,3725.2,4328,
2024-02-06 10:10:00+05:30,3725.25,3727.35,3725.05,3725.05,2383,
2024-02-06 10:11:00+05:30,3725.05,3726.05,3723.55,3724.5,337,
2024-02-06 10:12:00+05:30,3724.5,3725.2,3723,3725.2,454,
2024-02-06 10:13:00+05:30,3725.2,3727,3724.65,3726.55,1084,
2024-02-06 10:14:00+05:30,3726.55,3733.45,3724.95,3733.1,2494,
2024-02-06 10:15:00+05:30,3733.1,3733.1,3728.3,3730.95,1028,
2024-02-06 10:16:00+05:30,3730.95,3733,3723.15,3723.15,966,
2024-02-06 10:17:00+05:30,3723.15,3724,3723,3724,640,
2024-02-06 10:18:00+05:30,3725,3731.85,3725,3726.25,491,
2024-02-06 10:19:00+05:30,3725.4,3730.05,3725,3728,946,
2024-02-06 10:20:00+05:30,3728,3729.1,3724,3726.05,864,
2024-02-06 10:21:00+05:30,3726.05,3726.25,3715,3717.2,2590,
2024-02-06 10:22:00+05:30,3717.2,3719.35,3716.8,3717.85,1132,
2024-02-06 10:23:00+05:30,3717.85,3724.3,3717.8,3723.7,460,
2024-02-06 10:24:00+05:30,3722.15,3723.85,3714.9,3718.7,984,
2024-02-06 10:25:00+05:30,3718.7,3721.65,3716.05,3719.65,689,
2024-02-06 10:26:00+05:30,3719.65,3720.75,3719.25,3720.75,930,
2024-02-06 10:27:00+05:30,3720.75,3722.15,3715.9,3716.55,1086,
2024-02-06 10:28:00+05:30,3716.55,3720.2,3716.55,3718.45,470,
2024-02-06 10:29:00+05:30,3718.45,3718.45,3711.1,3711.25,230,
2024-02-06 10:30:00+05:30,3711.25,3713.5,3702.1,3707.25,2115,
2024-02-06 10:31:00+05:30,3705.85,3713.45,3705.85,3711.25,364,
2024-02-06 10:32:00+05:30,3711.9,3712.3,3702.6,3706.9,2320,
2024-02-06 10:33:00+05:30,3706.9,3707.6,3704.75,3707.4,399,
2024-02-06 10:34:00+05:30,3707.4,3707.4,3704.95,3705,116,
2024-02-06 10:35:00+05:30,3706,3706,3700.9,3704.55,1229,
2024-02-06 10:36:00+05:30,3704.55,3709.8,3703.65,3707.15,1690,
2024-02-06 10:37:00+05:30,3707.15,3707.7,3701.85,3705,832,
2024-02-06 10:38:00+05:30,3705,3707.7,3703.7,3706.5,152,
2024-02-06 10:39:00+05:30,3706.5,3712.05,3706.5,3710.55,430,
2024-02-06 10:40:00+05:30,3710.55,3715,3710.55,3715,323,
2024-02-06 10:41:00+05:30,3715,3715,3712,3713.65,340,
2024-02-06 10:42:00+05:30,3713.65,3716.7,3713,3716.15,889,
2024-02-06 10:43:00+05:30,3716.7,3722.4,3716.15,3719.75,871,
2024-02-06 10:44:00+05:30,3719.75,3721.95,3719.35,3721.65,176,
2024-02-06 10:45:00+05:30,3721.65,3722,3718.55,3718.55,201,
2024-02-06 10:46:00+05:30,3718.55,3721,3718.5,3719.7,475,
2024-02-06 10:47:00+05:30,3719.7,3719.7,3715.05,3715.5,553,
2024-02-06 10:48:00+05:30,3715.5,3717.8,3715.5,3715.95,66,
2024-02-06 10:49:00+05:30,3715.95,3717,3712.95,3713.2,224,
2024-02-06 10:50:00+05:30,3714.95,3715.35,3713.35,3715.3,88,
2024-02-06 10:51:00+05:30,3715.3,3717,3713.8,3716.45,408,
2024-02-06 10:52:00+05:30,3718.6,3718.9,3715.7,3715.85,805,
2024-02-06 10:53:00+05:30,3715.85,3719.9,3715.85,3719.9,34,
2024-02-06 10:54:00+05:30,3719.95,3719.95,3717.8,3717.85,394,
2024-02-06 10:55:00+05:30,3717.85,3718.95,3717.45,3718.7,105,
2024-02-06 10:56:00+05:30,3717.5,3718.95,3717.5,3718.5,223,
2024-02-06 10:57:00+05:30,3717.15,3718.8,3716.7,3717,182,
2024-02-06 10:58:00+05:30,3718,3720,3717,3719.1,224,
2024-02-06 10:59:00+05:30,3719.1,3722.7,3719.1,3722.7,864,
2024-02-06 11:00:00+05:30,3722.7,3725,3722.45,3723.8,767,
2024-02-06 11:01:00+05:30,3723.8,3725,3723.8,3725,576,
2024-02-06 11:02:00+05:30,3725,3727,3724.35,3725.8,488,
2024-02-06 11:03:00+05:30,3725.8,3726.9,3722.6,3724.75,1227,
2024-02-06 11:04:00+05:30,3724.75,3724.75,3723.1,3723.3,131,
2024-02-06 11:05:00+05:30,3723.3,3723.35,3721.15,3723,57,
2024-02-06 11:06:00+05:30,3723,3725.65,3722.65,3723,727,
2024-02-06 11:07:00+05:30,3723,3725.7,3722.7,3724.95,349,
2024-02-06 11:08:00+05:30,3724.95,3726,3724.85,3726,88,
2024-02-06 11:09:00+05:30,3726.35,3726.4,3722.1,3725.5,547,
2024-02-06 11:10:00+05:30,3725.5,3726.45,3724.45,3726.45,163,
2024-02-06 11:11:00+05:30,3727.45,3729.7,3727.45,3729.7,1208,
2024-02-06 11:12:00+05:30,3728.75,3729.95,3728.6,3729.8,594,
2024-02-06 11:13:00+05:30,3729.75,3730,3728.65,3730,261,
2024-02-06 11:14:00+05:30,3729.6,3730,3726.75,3728.75,1206,
2024-02-06 11:15:00+05:30,3728,3730.7,3728,3729.35,803,
2024-02-06 11:16:00+05:30,3729.35,3730.9,3729.35,3730.3,125,
2024-02-06 11:17:00+05:30,3731,3735,3730.3,3735,470,
2024-02-06 11:18:00+05:30,3735,3735,3734.1,3734.15,265,
2024-02-06 11:19:00+05:30,3734.15,3734.5,3729.45,3731.4,1094,
2024-02-06 11:20:00+05:30,3731.4,3732.9,3730.4,3730.4,198,
2024-02-06 11:21:00+05:30,3730.4,3730.4,3726.55,3730,520,
2024-02-06 11:22:00+05:30,3730,3730,3727.85,3729,266,
2024-02-06 11:23:00+05:30,3727.9,3729.8,3727.7,3729.8,168,
2024-02-06 11:24:00+05:30,3730,3733.95,3729.65,3731.4,3809,
2024-02-06 11:25:00+05:30,3731.4,3731.85,3729.7,3731.15,194,
2024-02-06 11:26:00+05:30,3731.15,3732.1,3727.55,3730.25,305,
2024-02-06 11:27:00+05:30,3730.25,3730.95,3727.75,3730.95,372,
2024-02-06 11:28:00+05:30,3730.95,3732.05,3728.3,3728.3,240,
2024-02-06 11:29:00+05:30,3728.3,3728.3,3725.8,3727,88,
2024-02-06 11:30:00+05:30,3727,3731.9,3725.95,3729.75,840,
2024-02-06 11:31:00+05:30,3729.75,3734.4,3729.75,3733.45,1592,
2024-02-06 11:32:00+05:30,3733.45,3738,3733.45,3737.45,1031,
2024-02-06 11:33:00+05:30,3737.45,3738.9,3737.1,3738,699,
2024-02-06 11:34:00+05:30,3738.05,3739,3736.9,3736.9,394,
2024-02-06 11:35:00+05:30,3736.9,3737.8,3732.05,3732.05,1168,
2024-02-06 11:36:00+05:30,3732.05,3734.45,3732.05,3734.2,177,
2024-02-06 11:37:00+05:30,3735,3735,3731.8,3731.8,117,
2024-02-06 11:38:00+05:30,3731.8,3734,3731.8,3732.1,41,
2024-02-06 11:39:00+05:30,3734,3734,3731.1,3732,272,
2024-02-06 11:40:00+05:30,3732,3734,3730.35,3733.95,516,
2024-02-06 11:41:00+05:30,3733.95,3734.65,3732.55,3732.55,1279,
2024-02-06 11:42:00+05:30,3732.55,3735,3732.55,3735,352,
2024-02-06 11:43:00+05:30,3734.1,3735,3730.15,3730.15,1000,
2024-02-06 11:44:00+05:30,3730.15,3732.2,3729.85,3732,979,
2024-02-06 11:45:00+05:30,3732,3735,3731.1,3735,477,
2024-02-06 11:46:00+05:30,3735,3736.7,3733.3,3736.6,247,
2024-02-06 11:47:00+05:30,3736.6,3737.65,3733.15,3736.75,649,
2024-02-06 11:48:00+05:30,3736.75,3737.9,3730.55,3733.9,1035,
2024-02-06 11:49:00+05:30,3733.9,3737.65,3733.9,3735.65,353,
2024-02-06 11:50:00+05:30,3736.6,3736.85,3735.15,3735.2,214,
2024-02-06 11:51:00+05:30,3735.2,3736.5,3734.45,3734.45,215,
2024-02-06 11:52:00+05:30,3734.45,3738.7,3734.2,3737.65,391,
2024-02-06 11:53:00+05:30,3739,3740.7,3735.4,3739.3,1703,
2024-02-06 11:54:00+05:30,3739.3,3739.3,3735,3738.15,180,
2024-02-06 11:55:00+05:30,3738.15,3738.2,3736.1,3737.9,54,
2024-02-06 11:56:00+05:30,3737.9,3740,3736.1,3740,2332,
2024-02-06 11:57:00+05:30,3739.95,3743.75,3739.95,3741.5,2499,
2024-02-06 11:58:00+05:30,3742,3744.4,3741.5,3743.8,821,
2024-02-06 11:59:00+05:30,3743.8,3743.8,3742.05,3743,1462,
2024-02-06 12:00:00+05:30,3743.8,3744,3740.3,3741.2,3782,
2024-02-06 12:01:00+05:30,3741.2,3741.2,3737.6,3738,547,
2024-02-06 12:02:00+05:30,3738,3739,3735,3735.7,812,
2024-02-06 12:03:00+05:30,3737.4,3738.9,3736,3738.9,332,
2024-02-06 12:04:00+05:30,3738.9,3739.1,3737.2,3737.3,222,
2024-02-06 12:05:00+05:30,3737.3,3738.15,3736,3737.35,176,
2024-02-06 12:06:00+05:30,3737.35,3738,3736,3736.4,181,
2024-02-06 12:07:00+05:30,3736.4,3737.5,3735.1,3735.1,51,
2024-02-06 12:08:00+05:30,3735.1,3735.9,3734.3,3735.1,158,
2024-02-06 12:09:00+05:30,3735.1,3736.75,3733.95,3735.1,675,
2024-02-06 12:10:00+05:30,3735.1,3737.8,3735.1,3736.05,331,
2024-02-06 12:11:00+05:30,3736.05,3737.95,3736.05,3736.15,298,
2024-02-06 12:12:00+05:30,3735.7,3735.7,3730.55,3732.05,583,
2024-02-06 12:13:00+05:30,3732.05,3733.55,3731.65,3731.65,81,
2024-02-06 12:14:00+05:30,3731.65,3733.35,3731.25,3731.6,95,
2024-02-06 12:15:00+05:30,3731.6,3733.75,3731.55,3731.6,151,
2024-02-06 12:16:00+05:30,3733.45,3733.45,3728.7,3728.7,1047,
2024-02-06 12:17:00+05:30,3728.7,3729.8,3728.25,3729.8,487,
2024-02-06 12:18:00+05:30,3729.8,3729.8,3726.45,3728.3,377,
2024-02-06 12:19:00+05:30,3728.55,3728.7,3726,3728.7,424,
2024-02-06 12:20:00+05:30,3727,3729.45,3727,3727.9,216,
2024-02-06 12:21:00+05:30,3727.9,3732.5,3727.9,3732,766,
2024-02-06 12:22:00+05:30,3731,3733.7,3731,3732,382,
2024-02-06 12:23:00+05:30,3732,3733.9,3732,3732.55,173,
2024-02-06 12:24:00+05:30,3733.75,3733.85,3727.75,3727.75,365,
2024-02-06 12:25:00+05:30,3727.75,3729.5,3723.55,3725.2,1205,
2024-02-06 12:26:00+05:30,3725.2,3728,3725.2,3727.55,372,
2024-02-06 12:27:00+05:30,3728.95,3730.15,3727.55,3728.35,367,
2024-02-06 12:28:00+05:30,3728.35,3731.7,3728.35,3731.5,22,
2024-02-06 12:29:00+05:30,3731.5,3733,3730,3731.6,57,
2024-02-06 12:30:00+05:30,3731.6,3737,3731.6,3735.55,736,
2024-02-06 12:31:00+05:30,3736.6,3737.5,3735.55,3736.9,499,
2024-02-06 12:32:00+05:30,3737.5,3738.1,3736.5,3737.5,348,
2024-02-06 12:33:00+05:30,3737.5,3738.95,3736.65,3738.95,65,
2024-02-06 12:34:00+05:30,3737.4,3739.95,3737.4,3737.9,346,
2024-02-06 12:35:00+05:30,3737.9,3739.7,3737.1,3737.3,172,
2024-02-06 12:36:00+05:30,3737.3,3739,3735.65,3739,186,
2024-02-06 12:37:00+05:30,3739,3739.45,3736.1,3736.1,424,
2024-02-06 12:38:00+05:30,3736.1,3738.65,3735,3736.25,117,
2024-02-06 12:39:00+05:30,3736.25,3736.25,3733.2,3735.7,289,
2024-02-06 12:40:00+05:30,3735.7,3737.05,3733.35,3735.7,525,
2024-02-06 12:41:00+05:30,3735.7,3737,3734.65,3736.8,735,
2024-02-06 12:42:00+05:30,3737,3738,3736.85,3737.95,209,
2024-02-06 12:43:00+05:30,3737.95,3738,3735.3,3737.5,320,
2024-02-06 12:44:00+05:30,3737.5,3737.5,3735.05,3736.95,165,
2024-02-06 12:45:00+05:30,3737.25,3738,3736,3736.6,291,
2024-02-06 12:46:00+05:30,3737.95,3738,3736.6,3738,602,
2024-02-06 12:47:00+05:30,3738,3738,3733.35,3734.65,302,
2024-02-06 12:48:00+05:30,3734.65,3735.95,3733,3734.75,147,
2024-02-06 12:49:00+05:30,3733.05,3734.95,3732.45,3733,83,
2024-02-06 12:50:00+05:30,3733,3734.2,3730.65,3732.8,253,
2024-02-06 12:51:00+05:30,3732.8,3735,3732.05,3734.55,327,
2024-02-06 12:52:00+05:30,3734.55,3735,3732.5,3732.55,255,
2024-02-06 12:53:00+05:30,3732.55,3733.85,3728.5,3728.65,255,
2024-02-06 12:54:00+05:30,3728.8,3730.7,3728.8,3730.7,61,
2024-02-06 12:55:00+05:30,3730.7,3732.05,3730.2,3730.8,92,
2024-02-06 12:56:00+05:30,3730.8,3732,3730,3731.95,242,
2024-02-06 12:57:00+05:30,3731.95,3731.95,3730,3730,211,
2024-02-06 12:58:00+05:30,3730.65,3730.7,3724.45,3724.45,627,
2024-02-06 12:59:00+05:30,3724.45,3729.8,3724.45,3729.35,162,
2024-02-06 13:00:00+05:30,3728.55,3730.9,3727.25,3730.8,390,
2024-02-06 13:01:00+05:30,3730.8,3730.8,3729.3,3730.7,110,
2024-02-06 13:02:00+05:30,3730.7,3731,3729.85,3731,30,
2024-02-06 13:03:00+05:30,3731,3731,3730.1,3730.6,49,
2024-02-06 13:04:00+05:30,3730.6,3731,3730.25,3731,91,
2024-02-06 13:05:00+05:30,3731,3731.05,3725.05,3729.65,1150,
2024-02-06 13:06:00+05:30,3728.2,3730.9,3728.2,3729.7,397,
2024-02-06 13:07:00+05:30,3729.7,3729.7,3727.15,3729.45,357,
2024-02-06 13:08:00+05:30,3727.6,3730.2,3727.6,3730,59,
2024-02-06 13:09:00+05:30,3730,3730,3727.15,3729.95,118,
2024-02-06 13:10:00+05:30,3729.45,3730,3728.25,3730,54,
2024-02-06 13:11:00+05:30,3730,3731.1,3729.6,3730.95,286,
2024-02-06 13:12:00+05:30,3730.95,3732.6,3729.85,3732.2,870,
2024-02-06 13:13:00+05:30,3732.2,3732.2,3728.5,3730.95,248,
2024-02-06 13:14:00+05:30,3730.95,3730.95,3728.95,3729.1,87,
2024-02-06 13:15:00+05:30,3729.1,3730.1,3728.95,3730.1,54,
2024-02-06 13:16:00+05:30,3730.1,3730.8,3729.1,3730,66,
2024-02-06 13:17:00+05:30,3730.7,3730.7,3729,3729.3,148,
2024-02-06 13:18:00+05:30,3729.3,3732,3728.3,3732,136,
2024-02-06 13:19:00+05:30,3732,3732.95,3731.45,3732.15,168,
2024-02-06 13:20:00+05:30,3731.5,3733.95,3731.5,3733.95,80,
2024-02-06 13:21:00+05:30,3733.95,3734.55,3732.4,3734.55,114,
2024-02-06 13:22:00+05:30,3734.55,3734.55,3730,3730.3,174,
2024-02-06 13:23:00+05:30,3730.3,3731.9,3729.1,3731.1,216,
2024-02-06 13:24:00+05:30,3731.1,3732,3729,3731.5,567,
2024-02-06 13:25:00+05:30,3731.5,3731.55,3728.75,3731.15,304,
2024-02-06 13:26:00+05:30,3731.15,3732,3729.75,3732,80,
2024-02-06 13:27:00+05:30,3731.95,3732.4,3730.55,3730.8,226,
2024-02-06 13:28:00+05:30,3730.8,3730.8,3730,3730.8,43,
2024-02-06 13:29:00+05:30,3730.8,3731.95,3729.05,3729.05,111,
2024-02-06 13:30:00+05:30,3730,3730,3728.65,3729.65,282,
2024-02-06 13:31:00+05:30,3729.65,3733.75,3729.65,3732.8,87,
2024-02-06 13:32:00+05:30,3732.85,3735,3732.85,3733.95,298,
2024-02-06 13:33:00+05:30,3733.75,3735,3732,3735,622,
2024-02-06 13:34:00+05:30,3735,3735,3733.85,3734.15,226,
2024-02-06 13:35:00+05:30,3734.15,3735,3733,3733,153,
2024-02-06 13:36:00+05:30,3733,3734.95,3731.85,3731.85,146,
2024-02-06 13:37:00+05:30,3731.75,3735,3729.95,3735,614,
2024-02-06 13:38:00+05:30,3735,3739,3735,3739,1694,
2024-02-06 13:39:00+05:30,3739,3739.75,3737.6,3739.75,653,
2024-02-06 13:40:00+05:30,3739.75,3739.75,3738,3739.2,590,
2024-02-06 13:41:00+05:30,3741.2,3744,3740.85,3743.55,2261,
2024-02-06 13:42:00+05:30,3743.55,3744,3741.05,3741.1,388,
2024-02-06 13:43:00+05:30,3742.85,3742.85,3737.55,3738.3,1223,
2024-02-06 13:44:00+05:30,3738.3,3740.9,3738.15,3740,990,
2024-02-06 13:45:00+05:30,3740.8,3741.15,3739.2,3739.35,144,
2024-02-06 13:46:00+05:30,3739.35,3740.9,3736,3736.6,401,
2024-02-06 13:47:00+05:30,3736.5,3738.5,3736.5,3736.85,46,
2024-02-06 13:48:00+05:30,3736.85,3738,3735,3736,350,
2024-02-06 13:49:00+05:30,3736,3736,3735,3735.05,204,
2024-02-06 13:50:00+05:30,3735.05,3736,3735.05,3736,101,
2024-02-06 13:51:00+05:30,3736,3736.05,3735.05,3736.05,99,
2024-02-06 13:52:00+05:30,3736.05,3737.6,3736.05,3736.65,192,
2024-02-06 13:53:00+05:30,3736,3737.25,3735.05,3735.2,256,
2024-02-06 13:54:00+05:30,3735.2,3737,3735.2,3736,50,
2024-02-06 13:55:00+05:30,3736,3737,3736,3736.05,47,
2024-02-06 13:56:00+05:30,3736.05,3737,3735,3735,558,
2024-02-06 13:57:00+05:30,3735,3736,3735,3735,102,
2024-02-06 13:58:00+05:30,3735,3736,3733,3735.5,410,
2024-02-06 13:59:00+05:30,3735.85,3735.9,3734.45,3734.55,77,
2024-02-06 14:00:00+05:30,3735.5,3740.1,3734.55,3739,736,
2024-02-06 14:01:00+05:30,3739,3740.95,3738,3739.1,577,
2024-02-06 14:02:00+05:30,3739.1,3740.9,3737.75,3737.75,162,
2024-02-06 14:03:00+05:30,3739.95,3740.35,3738.6,3739.9,107,
2024-02-06 14:04:00+05:30,3738.75,3739.9,3738.3,3738.3,81,
2024-02-06 14:05:00+05:30,3738.3,3740,3737.7,3739.95,135,
2024-02-06 14:06:00+05:30,3738.9,3739.95,3738.9,3739.5,65,
2024-02-06 14:07:00+05:30,3738.95,3738.95,3738.9,3738.9,135,
2024-02-06 14:08:00+05:30,3738.95,3739.95,3738.95,3739.95,100,
2024-02-06 14:09:00+05:30,3739.95,3740,3739.55,3739.6,192,
2024-02-06 14:10:00+05:30,3739.6,3740.8,3739.6,3740.7,228,
2024-02-06 14:11:00+05:30,3740.8,3740.95,3738.9,3738.95,406,
2024-02-06 14:12:00+05:30,3738.95,3739.55,3738.5,3738.5,186,
2024-02-06 14:13:00+05:30,3738.75,3738.9,3737.1,3738.75,309,
2024-02-06 14:14:00+05:30,3738.65,3740.6,3737.85,3740.55,783,
2024-02-06 14:15:00+05:30,3740.55,3740.75,3739.55,3740,42,
2024-02-06 14:16:00+05:30,3740,3743.5,3739.85,3743.25,518,
2024-02-06 14:17:00+05:30,3743.25,3744,3739.55,3739.55,1976,
2024-02-06 14:18:00+05:30,3739.55,3742.15,3739.55,3742.1,463,
2024-02-06 14:19:00+05:30,3742.1,3743.2,3740.65,3743.2,350,
2024-02-06 14:20:00+05:30,3743.95,3743.95,3740.6,3740.8,340,
2024-02-06 14:21:00+05:30,3740.8,3743,3740.15,3740.75,162,
2024-02-06 14:22:00+05:30,3740.75,3742.75,3740.75,3741.05,233,
2024-02-06 14:23:00+05:30,3741.4,3741.4,3738.95,3741.3,738,
2024-02-06 14:24:00+05:30,3741,3742,3739.55,3741.25,406,
2024-02-06 14:25:00+05:30,3742,3742,3741.05,3742,207,
2024-02-06 14:26:00+05:30,3742,3742.15,3741.3,3741.95,1741,
2024-02-06 14:27:00+05:30,3741.35,3742,3735.3,3738.5,1922,
2024-02-06 14:28:00+05:30,3738.1,3739.65,3732.4,3732.4,2401,
2024-02-06 14:29:00+05:30,3732.35,3736,3728.1,3728.6,3763,
2024-02-06 14:30:00+05:30,3729.2,3733,3728.05,3730.9,459,
2024-02-06 14:31:00+05:30,3730.9,3734.15,3730.9,3734.15,442,
2024-02-06 14:32:00+05:30,3734.15,3737.05,3734.15,3735.05,706,
2024-02-06 14:33:00+05:30,3735.05,3737,3735,3735.2,169,
2024-02-06 14:34:00+05:30,3735.2,3737,3732.45,3733.1,677,
2024-02-06 14:35:00+05:30,3734.85,3735.95,3734.3,3735.05,123,
2024-02-06 14:36:00+05:30,3735.05,3735.95,3733.4,3734.9,405,
2024-02-06 14:37:00+05:30,3736,3736.15,3733.5,3733.5,174,
2024-02-06 14:38:00+05:30,3735.95,3735.95,3733.05,3733.1,345,
2024-02-06 14:39:00+05:30,3735,3735,3733.1,3734,118,
2024-02-06 14:40:00+05:30,3735,3737.95,3734.7,3737.95,296,
2024-02-06 14:41:00+05:30,3737.95,3738.35,3737,3737,191,
2024-02-06 14:42:00+05:30,3739.15,3739.15,3736.9,3737.05,290,
2024-02-06 14:43:00+05:30,3737.85,3738.35,3734.25,3734.25,277,
2024-02-06 14:44:00+05:30,3734.25,3736,3734.05,3735,139,
2024-02-06 14:45:00+05:30,3736,3736,3730.25,3730.25,1068,
2024-02-06 14:46:00+05:30,3730.25,3735.45,3730.25,3735.45,801,
2024-02-06 14:47:00+05:30,3735.45,3736,3734.7,3736,288,
2024-02-06 14:48:00+05:30,3736,3737.25,3736,3737.25,91,
2024-02-06 14:49:00+05:30,3736.25,3737.2,3731.95,3734,1738,
2024-02-06 14:50:00+05:30,3734.85,3735,3732.85,3733.6,172,
2024-02-06 14:51:00+05:30,3733.6,3734.35,3732.2,3732.2,105,
2024-02-06 14:52:00+05:30,3732.7,3733.1,3730.3,3732.05,288,
2024-02-06 14:53:00+05:30,3732.05,3733,3728.75,3731.6,522,
2024-02-06 14:54:00+05:30,3731.6,3731.6,3727.25,3728.9,1342,
2024-02-06 14:55:00+05:30,3729,3729,3725.1,3725.95,618,
2024-02-06 14:56:00+05:30,3725.95,3728.1,3725.95,3728.1,56,
2024-02-06 14:57:00+05:30,3728.1,3728.9,3728.1,3728.9,139,
2024-02-06 14:58:00+05:30,3728.9,3729.4,3726.05,3727.5,1325,
2024-02-06 14:59:00+05:30,3727.5,3728.6,3725.6,3726.4,577,
2024-02-06 15:00:00+05:30,3726.4,3729.8,3725.55,3729.8,1266,
2024-02-06 15:01:00+05:30,3729.8,3729.8,3726,3726,1113,
2024-02-06 15:02:00+05:30,3726,3728,3725,3728,363,
2024-02-06 15:03:00+05:30,3729.3,3729.3,3727.25,3727.3,674,
2024-02-06 15:04:00+05:30,3727.3,3728.6,3727.3,3728.6,420,
2024-02-06 15:05:00+05:30,3728.6,3728.6,3727,3727.7,745,
2024-02-06 15:06:00+05:30,3727.6,3727.65,3727,3727.15,715,
2024-02-06 15:07:00+05:30,3727.15,3728.2,3725.45,3727.6,969,
2024-02-06 15:08:00+05:30,3728.1,3730.65,3725.05,3726.7,3316,
2024-02-06 15:09:00+05:30,3726.7,3730.65,3725.7,3730.65,2048,
2024-02-06 15:10:00+05:30,3731.9,3731.9,3727.7,3728.85,1291,
2024-02-06 15:11:00+05:30,3728.5,3729.8,3728.05,3729.3,255,
2024-02-06 15:12:00+05:30,3729.3,3730,3724.65,3727.8,2182,
2024-02-06 15:13:00+05:30,3726.95,3727.95,3726.95,3727.9,495,
2024-02-06 15:14:00+05:30,3727.9,3728.95,3724.05,3725.9,2550,
2024-02-06 15:15:00+05:30,3726.45,3728.25,3726,3727.3,2030,
2024-02-06 15:16:00+05:30,3727.3,3728,3721.85,3723.7,4729,
2024-02-06 15:17:00+05:30,3723.7,3726.4,3723,3726,1222,
2024-02-06 15:18:00+05:30,3726,3726.4,3723.35,3724.3,1181,
2024-02-06 15:19:00+05:30,3724,3725.15,3724,3725.1,413,
2024-02-06 15:20:00+05:30,3725.1,3725.1,3724,3724.15,2165,
2024-02-06 15:21:00+05:30,3724.15,3724.7,3721.5,3724.7,1320,
2024-02-06 15:22:00+05:30,3724.7,3725,3724.7,3725,2028,
2024-02-06 15:23:00+05:30,3724.9,3725,3724.85,3724.9,885,
2024-02-06 15:24:00+05:30,3724.9,3724.9,3724.75,3724.9,1446,
2024-02-06 15:25:00+05:30,3724.85,3724.85,3724.75,3724.85,822,
2024-02-06 15:26:00+05:30,3724.85,3725,3724.7,3725,1399,
2024-02-06 15:27:00+05:30,3724.95,3728.65,3724.95,3728.65,601,
2024-02-06 15:28:00+05:30,3729,3730,3728.1,3729,904,
2024-02-06 15:29:00+05:30,3728.25,3730,3728.25,3729,534,
2024-02-07 09:15:00+05:30,3739.95,3755,3731.05,3751.25,2893,
2024-02-07 09:16:00+05:30,3751.25,3763.6,3751.25,3761.75,2761,
2024-02-07 09:17:00+05:30,3763.95,3764.35,3755.95,3763.2,2241,
2024-02-07 09:18:00+05:30,3761.5,3768,3760,3764,3583,
2024-02-07 09:19:00+05:30,3766.1,3771,3766.1,3770.45,2539,
2024-02-07 09:20:00+05:30,3767.85,3770.4,3762.15,3762.15,1357,
2024-02-07 09:21:00+05:30,3762.05,3762.05,3750.85,3753,2664,
2024-02-07 09:22:00+05:30,3753,3753,3745.2,3745.2,670,
2024-02-07 09:23:00+05:30,3745.2,3748.55,3737.55,3746.4,1935,
2024-02-07 09:24:00+05:30,3746.4,3749,3744.7,3744.7,1746,
2024-02-07 09:25:00+05:30,3744.7,3747.1,3740.05,3742.4,2113,
2024-02-07 09:26:00+05:30,3742.4,3743.5,3736.3,3739.8,957,
2024-02-07 09:27:00+05:30,3739.8,3739.8,3737.25,3737.65,445,
2024-02-07 09:28:00+05:30,3737.65,3738.95,3736,3737.45,1418,
2024-02-07 09:29:00+05:30,3737.45,3742.55,3737,3742.55,1791,
2024-02-07 09:30:00+05:30,3740.9,3740.9,3736.85,3740.9,1316,
2024-02-07 09:31:00+05:30,3740.9,3740.9,3737.1,3739.95,551,
2024-02-07 09:32:00+05:30,3739.95,3739.95,3732.75,3732.8,882,
2024-02-07 09:33:00+05:30,3732.8,3733.5,3730.2,3733.5,661,
2024-02-07 09:34:00+05:30,3733.5,3738.35,3731.15,3736.95,94,
2024-02-07 09:35:00+05:30,3738.85,3744.05,3736.95,3743.4,675,
2024-02-07 09:36:00+05:30,3743.4,3745.55,3743.4,3745,252,
2024-02-07 09:37:00+05:30,3745,3750.85,3745,3750.85,2701,
2024-02-07 09:38:00+05:30,3750.85,3751.85,3749.2,3750.3,774,
2024-02-07 09:39:00+05:30,3750.3,3753.7,3750.3,3751.6,512,
2024-02-07 09:40:00+05:30,3751.6,3755,3751.5,3753.2,1856,
2024-02-07 09:41:00+05:30,3753.2,3754.2,3749,3751.7,1250,
2024-02-07 09:42:00+05:30,3750.15,3752,3749,3750.35,757,
2024-02-07 09:43:00+05:30,3750.35,3754.9,3750.35,3750.85,1474,
2024-02-07 09:44:00+05:30,3750.35,3750.35,3744.9,3744.95,455,
2024-02-07 09:45:00+05:30,3744.95,3751.3,3744.55,3751.3,400,
2024-02-07 09:46:00+05:30,3751.3,3753.65,3750.35,3752,540,
2024-02-07 09:47:00+05:30,3752,3752.65,3745.45,3745.45,272,
2024-02-07 09:48:00+05:30,3745.45,3749.65,3744.2,3744.9,724,
2024-02-07 09:49:00+05:30,3744.6,3751,3744.15,3750.95,735,
2024-02-07 09:50:00+05:30,3750.95,3750.95,3744,3745.6,909,
2024-02-07 09:51:00+05:30,3745.6,3748.65,3745.6,3748.4,97,
2024-02-07 09:52:00+05:30,3748.4,3749.25,3747.35,3747.35,257,
2024-02-07 09:53:00+05:30,3747.35,3747.35,3744,3746.9,476,
2024-02-07 09:54:00+05:30,3746.9,3746.9,3742.2,3742.85,401,
2024-02-07 09:55:00+05:30,3742.85,3748.3,3742.85,3748.3,290,
2024-02-07 09:56:00+05:30,3748.6,3750,3747.55,3748,142,
2024-02-07 09:57:00+05:30,3748,3750,3748,3748.55,92,
2024-02-07 09:58:00+05:30,3748.55,3748.55,3745,3745,324,
2024-02-07 09:59:00+05:30,3746,3746,3742.85,3745.2,371,
2024-02-07 10:00:00+05:30,3745.2,3745.2,3743.25,3743.25,87,
2024-02-07 10:01:00+05:30,3743.55,3745,3742.85,3745,609,
2024-02-07 10:02:00+05:30,3745,3745.1,3744.05,3745.05,193,
2024-02-07 10:03:00+05:30,3745.05,3745.1,3743.6,3744.8,167,
2024-02-07 10:04:00+05:30,3742.6,3744,3741.2,3741.2,351,
2024-02-07 10:05:00+05:30,3742.55,3743,3741.3,3742.75,520,
2024-02-07 10:06:00+05:30,3741.3,3745,3741.1,3743.75,402,
2024-02-07 10:07:00+05:30,3741.9,3744.4,3741.9,3743.6,80,
2024-02-07 10:08:00+05:30,3744.4,3745.05,3743.2,3743.2,261,
2024-02-07 10:09:00+05:30,3743.5,3745.9,3742.5,3744,124,
2024-02-07 10:10:00+05:30,3744,3744,3743,3744,245,
2024-02-07 10:11:00+05:30,3744,3746.1,3744,3746.1,373,
2024-02-07 10:12:00+05:30,3747,3748,3745.5,3747.35,193,
2024-02-07 10:13:00+05:30,3747.15,3747.45,3744.1,3746.3,88,
2024-02-07 10:14:00+05:30,3746.3,3746.3,3740.75,3741.1,295,
2024-02-07 10:15:00+05:30,3741.1,3742,3736.7,3737.8,533,
2024-02-07 10:16:00+05:30,3737.8,3743.5,3737.2,3740.65,543,
2024-02-07 10:17:00+05:30,3740.65,3741.95,3739.7,3741.95,409,
2024-02-07 10:18:00+05:30,3741.95,3741.95,3736.2,3736.2,257,
2024-02-07 10:19:00+05:30,3736.2,3741.95,3736.2,3741.95,524,
2024-02-07 10:20:00+05:30,3741.35,3741.95,3737.05,3737.4,463,
2024-02-07 10:21:00+05:30,3737.4,3740.2,3737.4,3739.55,370,
2024-02-07 10:22:00+05:30,3739.55,3739.55,3738.65,3739.4,70,
2024-02-07 10:23:00+05:30,3739,3739,3735.5,3735.5,661,
2024-02-07 10:24:00+05:30,3735.5,3735.9,3733.25,3735.5,1831,
2024-02-07 10:25:00+05:30,3735.5,3739,3734.55,3739,1577,
2024-02-07 10:26:00+05:30,3739,3741.1,3739,3740.9,548,
2024-02-07 10:27:00+05:30,3740.9,3740.9,3734.1,3735.85,164,
2024-02-07 10:28:00+05:30,3734,3738.65,3734,3738.65,171,
2024-02-07 10:29:00+05:30,3738.65,3739,3736.3,3739,60,
2024-02-07 10:30:00+05:30,3739,3739,3738,3738.1,87,
2024-02-07 10:31:00+05:30,3738.1,3738.55,3735.55,3737.6,264,
2024-02-07 10:32:00+05:30,3737.6,3737.65,3735.65,3737.05,23,
2024-02-07 10:33:00+05:30,3737.05,3738.95,3735.7,3736.9,442,
2024-02-07 10:34:00+05:30,3736.9,3737.65,3736.05,3736.05,31,
2024-02-07 10:35:00+05:30,3737.55,3737.7,3732.2,3734,479,
2024-02-07 10:36:00+05:30,3734,3734.05,3732.35,3734.05,157,
2024-02-07 10:37:00+05:30,3734.05,3738,3732.1,3737,483,
2024-02-07 10:38:00+05:30,3738,3740,3736.9,3739.95,254,
2024-02-07 10:39:00+05:30,3739.95,3739.95,3736.6,3736.6,194,
2024-02-07 10:40:00+05:30,3736.6,3738.65,3736.6,3738,12,
2024-02-07 10:41:00+05:30,3736.55,3738,3733.35,3734.1,134,
2024-02-07 10:42:00+05:30,3734.1,3734.6,3732.1,3733.75,423,
2024-02-07 10:43:00+05:30,3733.75,3733.75,3727.05,3729.65,1557,
2024-02-07 10:44:00+05:30,3729.65,3730.9,3728.25,3729.65,352,
2024-02-07 10:45:00+05:30,3728.25,3733.4,3728,3733.4,844,
2024-02-07 10:46:00+05:30,3733.4,3733.7,3729.4,3733.05,596,
2024-02-07 10:47:00+05:30,3733.05,3733.05,3729.85,3733,765,
2024-02-07 10:48:00+05:30,3733,3734.55,3732.2,3734.55,277,
2024-02-07 10:49:00+05:30,3734.55,3734.9,3733,3734.6,169,
2024-02-07 10:50:00+05:30,3734.6,3739.35,3734,3739.35,834,
2024-02-07 10:51:00+05:30,3739.2,3739.7,3738.5,3738.8,281,
2024-02-07 10:52:00+05:30,3738.8,3738.85,3737,3738.7,184,
2024-02-07 10:53:00+05:30,3738.7,3742,3737.9,3742,1032,
2024-02-07 10:54:00+05:30,3742,3747,3742,3747,1334,
2024-02-07 10:55:00+05:30,3747,3747.9,3746.3,3746.3,281,
2024-02-07 10:56:00+05:30,3746.3,3747.45,3745,3746.8,247,
2024-02-07 10:57:00+05:30,3746.8,3747.25,3744.5,3745,126,
2024-02-07 10:58:00+05:30,3744.5,3746.25,3744.5,3745,125,
2024-02-07 10:59:00+05:30,3745,3746.75,3744.95,3745.15,111,
2024-02-07 11:00:00+05:30,3746.75,3746.75,3740,3741.25,461,
2024-02-07 11:01:00+05:30,3741.25,3743.15,3741.25,3742.05,68,
2024-02-07 11:02:00+05:30,3742.05,3742.05,3737.65,3739.2,769,
2024-02-07 11:03:00+05:30,3739.2,3739.2,3736.2,3736.2,51,
2024-02-07 11:04:00+05:30,3736.2,3737,3735.3,3736.85,818,
2024-02-07 11:05:00+05:30,3736.85,3736.85,3735,3736.8,349,
2024-02-07 11:06:00+05:30,3736.8,3736.8,3735.1,3735.25,42,
2024-02-07 11:07:00+05:30,3735.25,3736,3735.25,3736,14,
2024-02-07 11:08:00+05:30,3736,3736,3731.2,3731.95,723,
2024-02-07 11:09:00+05:30,3731.95,3732,3729.2,3730.55,749,
2024-02-07 11:10:00+05:30,3731.75,3731.75,3728.55,3730.95,506,
2024-02-07 11:11:00+05:30,3730.95,3732,3728.5,3731.85,788,
2024-02-07 11:12:00+05:30,3731.85,3736,3731.85,3736,694,
2024-02-07 11:13:00+05:30,3736,3737,3735.85,3737,107,
2024-02-07 11:14:00+05:30,3737,3742.5,3737,3738.9,1359,
2024-02-07 11:15:00+05:30,3737.4,3739.15,3733.4,3737.95,180,
2024-02-07 11:16:00+05:30,3737.95,3737.95,3735.25,3737.15,335,
2024-02-07 11:17:00+05:30,3737.15,3738,3736,3738,84,
2024-02-07 11:18:00+05:30,3738,3738,3737.95,3738,38,
2024-02-07 11:19:00+05:30,3738,3738,3735,3735,165,
2024-02-07 11:20:00+05:30,3735,3736.15,3733.35,3735.85,158,
2024-02-07 11:21:00+05:30,3735.8,3738,3732.75,3732.75,193,
2024-02-07 11:22:00+05:30,3732.75,3733.6,3730.05,3731.65,207,
2024-02-07 11:23:00+05:30,3731.65,3735.25,3731.55,3735.25,118,
2024-02-07 11:24:00+05:30,3735.25,3735.25,3733.1,3733.1,197,
2024-02-07 11:25:00+05:30,3733.1,3733.1,3730.7,3731.05,120,
2024-02-07 11:26:00+05:30,3731.05,3733,3731,3731.05,272,
2024-02-07 11:27:00+05:30,3731.05,3732.55,3731.05,3731.3,60,
2024-02-07 11:28:00+05:30,3731.3,3734.65,3731.3,3732.45,66,
2024-02-07 11:29:00+05:30,3732.45,3732.45,3730.3,3730.5,118,
2024-02-07 11:30:00+05:30,3730.5,3730.5,3729,3730,222,
2024-02-07 11:31:00+05:30,3729.75,3731.65,3728,3728,222,
2024-02-07 11:32:00+05:30,3728,3729,3725,3725,613,
2024-02-07 11:33:00+05:30,3725,3727.05,3722.1,3726.4,965,
2024-02-07 11:34:00+05:30,3726.4,3726.4,3722.45,3722.45,79,
2024-02-07 11:35:00+05:30,3722.45,3724.25,3722.05,3724.25,267,
2024-02-07 11:36:00+05:30,3724.25,3724.95,3722.3,3723.25,129,
2024-02-07 11:37:00+05:30,3723.25,3723.3,3720.35,3721,495,
2024-02-07 11:38:00+05:30,3721,3722.15,3715.65,3716.7,2497,
2024-02-07 11:39:00+05:30,3716.5,3719.2,3715.2,3717,267,
2024-02-07 11:40:00+05:30,3717,3717.8,3715,3715.3,211,
2024-02-07 11:41:00+05:30,3715.3,3715.3,3713,3714.45,246,
2024-02-07 11:42:00+05:30,3714.45,3720,3714.45,3718.05,341,
2024-02-07 11:43:00+05:30,3719.1,3720,3716.2,3717.4,536,
2024-02-07 11:44:00+05:30,3720.75,3722.95,3718,3720.6,167,
2024-02-07 11:45:00+05:30,3719.7,3720.6,3716,3716.8,352,
2024-02-07 11:46:00+05:30,3716.8,3720,3716.8,3718.65,86,
2024-02-07 11:47:00+05:30,3718.65,3721.8,3718.35,3720.8,271,
2024-02-07 11:48:00+05:30,3719.5,3720.35,3717.25,3720.35,227,
2024-02-07 11:49:00+05:30,3720.35,3720.7,3719.05,3719.05,115,
2024-02-07 11:50:00+05:30,3719.05,3719.35,3717.2,3718.85,1158,
2024-02-07 11:51:00+05:30,3718.85,3718.85,3716.05,3716.5,299,
2024-02-07 11:52:00+05:30,3716.5,3716.75,3715.5,3715.65,100,
2024-02-07 11:53:00+05:30,3715.5,3718.05,3710.5,3716.45,1181,
2024-02-07 11:54:00+05:30,3716.45,3716.8,3713.25,3713.25,648,
2024-02-07 11:55:00+05:30,3713.25,3714.85,3713.2,3714.85,264,
2024-02-07 11:56:00+05:30,3714.85,3714.85,3709.2,3709.2,634,
2024-02-07 11:57:00+05:30,3709.2,3710,3705.6,3705.95,264,
2024-02-07 11:58:00+05:30,3706,3711.5,3706,3708.75,337,
2024-02-07 11:59:00+05:30,3708.2,3713.45,3708.2,3712.8,592,
2024-02-07 12:00:00+05:30,3712.8,3714.35,3709.8,3709.8,168,
2024-02-07 12:01:00+05:30,3711,3713.2,3707.1,3708,291,
2024-02-07 12:02:00+05:30,3708,3708.2,3705.6,3705.95,211,
2024-02-07 12:03:00+05:30,3705.8,3707.5,3705,3705.1,230,
2024-02-07 12:04:00+05:30,3705.05,3708,3705.05,3707.05,198,
2024-02-07 12:05:00+05:30,3707.05,3708.05,3705,3705.1,407,
2024-02-07 12:06:00+05:30,3705.1,3705.65,3705,3705.1,303,
2024-02-07 12:07:00+05:30,3705.15,3708.2,3705.05,3706.65,228,
2024-02-07 12:08:00+05:30,3706.65,3709,3705.25,3707.25,270,
2024-02-07 12:09:00+05:30,3707.25,3709.1,3707.25,3707.35,141,
2024-02-07 12:10:00+05:30,3707.35,3710.05,3707.35,3708.2,70,
2024-02-07 12:11:00+05:30,3708.2,3709.05,3708.05,3708.25,113,
2024-02-07 12:12:00+05:30,3708,3708.25,3705.2,3705.2,1055,
2024-02-07 12:13:00+05:30,3705.2,3707.05,3702.2,3705.4,768,
2024-02-07 12:14:00+05:30,3705.35,3706.9,3705,3705.55,136,
2024-02-07 12:15:00+05:30,3705.55,3709,3705.05,3709,253,
2024-02-07 12:16:00+05:30,3709,3709,3706.15,3707,482,
2024-02-07 12:17:00+05:30,3707,3708.5,3706.25,3707.15,152,
2024-02-07 12:18:00+05:30,3707.15,3707.2,3706.75,3706.75,134,
2024-02-07 12:19:00+05:30,3706.75,3706.95,3706,3706,89,
2024-02-07 12:20:00+05:30,3706.2,3706.75,3705.2,3706.75,242,
2024-02-07 12:21:00+05:30,3706.75,3709.45,3706.75,3709.45,271,
2024-02-07 12:22:00+05:30,3709.45,3709.8,3708,3708.3,275,
2024-02-07 12:23:00+05:30,3708.3,3716,3708.3,3716,569,
2024-02-07 12:24:00+05:30,3716,3717.7,3713.15,3716.95,1514,
2024-02-07 12:25:00+05:30,3716.95,3718.05,3716,3717.05,164,
2024-02-07 12:26:00+05:30,3717.35,3717.35,3715,3715,147,
2024-02-07 12:27:00+05:30,3716,3716.15,3715.05,3715.05,101,
2024-02-07 12:28:00+05:30,3715.1,3716.95,3715,3716.55,158,
2024-02-07 12:29:00+05:30,3716.5,3716.65,3715,3716.05,91,
2024-02-07 12:30:00+05:30,3716.05,3717.45,3716.05,3717.4,430,
2024-02-07 12:31:00+05:30,3717.45,3718.7,3716.75,3718.1,273,
2024-02-07 12:32:00+05:30,3718.7,3720,3716.9,3719.15,445,
2024-02-07 12:33:00+05:30,3719.6,3720.7,3719.3,3720.45,119,
2024-02-07 12:34:00+05:30,3720.2,3720.5,3719.25,3719.35,220,
2024-02-07 12:35:00+05:30,3719.35,3720,3719.1,3719.1,76,
2024-02-07 12:36:00+05:30,3719.1,3719.2,3716.05,3718.05,227,
2024-02-07 12:37:00+05:30,3718.05,3718.1,3715,3715.95,313,
2024-02-07 12:38:00+05:30,3715.95,3719.45,3715.95,3718.65,120,
2024-02-07 12:39:00+05:30,3718.65,3718.65,3715,3717.05,214,
2024-02-07 12:40:00+05:30,3717.05,3717.05,3715.15,3715.85,142,
2024-02-07 12:41:00+05:30,3715.85,3716.6,3715.1,3715.4,107,
2024-02-07 12:42:00+05:30,3715.4,3715.4,3715.05,3715.05,158,
2024-02-07 12:43:00+05:30,3715.1,3719.35,3715,3718.2,528,
2024-02-07 12:44:00+05:30,3719,3719.05,3716.25,3716.25,166,
2024-02-07 12:45:00+05:30,3717.85,3717.9,3715,3715.6,132,
2024-02-07 12:46:00+05:30,3715,3719,3715,3717.7,388,
2024-02-07 12:47:00+05:30,3718.2,3718.25,3716,3716,102,
2024-02-07 12:48:00+05:30,3716.05,3718.15,3716,3716.85,237,
2024-02-07 12:49:00+05:30,3716.85,3716.95,3716,3716,159,
2024-02-07 12:50:00+05:30,3716,3716.2,3713.8,3714.95,1048,
2024-02-07 12:51:00+05:30,3714.95,3716.95,3714.95,3716.9,759,
2024-02-07 12:52:00+05:30,3716.9,3718.5,3715.2,3715.2,407,
2024-02-07 12:53:00+05:30,3715.2,3715.45,3712.5,3713.85,348,
2024-02-07 12:54:00+05:30,3713.85,3714.9,3711.85,3711.85,327,
2024-02-07 12:55:00+05:30,3712,3714.25,3711.85,3714.25,438,
2024-02-07 12:56:00+05:30,3714.25,3717.5,3714.25,3715.3,159,
2024-02-07 12:57:00+05:30,3716.25,3716.25,3713,3715.55,348,
2024-02-07 12:58:00+05:30,3715.5,3717.5,3715,3716.35,329,
2024-02-07 12:59:00+05:30,3716.4,3717.3,3715,3715.05,225,
2024-02-07 13:00:00+05:30,3715.05,3716.3,3714.1,3715.1,707,
2024-02-07 13:01:00+05:30,3715.15,3716.3,3715.1,3715.3,146,
2024-02-07 13:02:00+05:30,3715.3,3716.3,3715,3716.3,163,
2024-02-07 13:03:00+05:30,3716.25,3716.25,3711.45,3713.85,1853,
2024-02-07 13:04:00+05:30,3713.85,3714.6,3713.85,3714.3,359,
2024-02-07 13:05:00+05:30,3714.25,3715.35,3714,3715.1,608,
2024-02-07 13:06:00+05:30,3715.1,3718.35,3714.8,3717.45,656,
2024-02-07 13:07:00+05:30,3718.3,3718.35,3716.9,3716.9,128,
2024-02-07 13:08:00+05:30,3716.9,3718.6,3716.2,3717,208,
2024-02-07 13:09:00+05:30,3716.95,3720,3716.95,3719,407,
2024-02-07 13:10:00+05:30,3719,3719.65,3717.65,3717.65,247,
2024-02-07 13:11:00+05:30,3717.9,3717.9,3715,3715,139,
2024-02-07 13:12:00+05:30,3715,3717.5,3715,3716.75,171,
2024-02-07 13:13:00+05:30,3716.75,3717.1,3716.35,3716.4,91,
2024-02-07 13:14:00+05:30,3716.4,3717.5,3715.5,3715.6,125,
2024-02-07 13:15:00+05:30,3716.95,3717,3715.45,3716.95,88,
2024-02-07 13:16:00+05:30,3717,3719,3716.6,3719,995,
2024-02-07 13:17:00+05:30,3718.95,3723.65,3718.65,3723.6,456,
2024-02-07 13:18:00+05:30,3723.7,3723.7,3722.65,3722.95,367,
2024-02-07 13:19:00+05:30,3722.95,3723.05,3721.4,3722.95,384,
2024-02-07 13:20:00+05:30,3722.95,3722.95,3719.35,3719.35,148,
2024-02-07 13:21:00+05:30,3720.5,3720.55,3718.65,3718.95,115,
2024-02-07 13:22:00+05:30,3718.7,3718.95,3717.3,3718.35,115,
2024-02-07 13:23:00+05:30,3718.35,3718.4,3716.25,3718.25,202,
2024-02-07 13:24:00+05:30,3718.25,3720.6,3717,3720.6,617,
2024-02-07 13:25:00+05:30,3720.05,3720.8,3718.45,3718.7,458,
2024-02-07 13:26:00+05:30,3718.7,3720.65,3718.7,3718.7,112,
2024-02-07 13:27:00+05:30,3719.15,3719.95,3718.7,3718.75,100,
2024-02-07 13:28:00+05:30,3718.75,3719.3,3717,3717,223,
2024-02-07 13:29:00+05:30,3718.65,3718.65,3716.4,3716.45,107,
2024-02-07 13:30:00+05:30,3716.45,3717.95,3716.2,3716.2,123,
2024-02-07 13:31:00+05:30,3716.95,3716.95,3716.1,3716.1,123,
2024-02-07 13:32:00+05:30,3716.05,3717.75,3716.05,3716.9,79,
2024-02-07 13:33:00+05:30,3716.95,3717.95,3716.05,3717.15,125,
2024-02-07 13:34:00+05:30,3717.15,3717.9,3715.3,3716.75,173,
2024-02-07 13:35:00+05:30,3717.9,3719,3716.75,3718.45,180,
2024-02-07 13:36:00+05:30,3718.5,3719.85,3717.2,3719.7,210,
2024-02-07 13:37:00+05:30,3719.7,3722.95,3719,3722.95,183,
2024-02-07 13:38:00+05:30,3720.95,3721.95,3718.15,3720,1281,
2024-02-07 13:39:00+05:30,3721.8,3724,3720,3723.95,423,
2024-02-07 13:40:00+05:30,3723.95,3728.7,3722.2,3728.7,1298,
2024-02-07 13:41:00+05:30,3728.75,3732.7,3728.75,3731.3,1099,
2024-02-07 13:42:00+05:30,3731.3,3734.95,3731.3,3733.35,679,
2024-02-07 13:43:00+05:30,3734.45,3734.45,3732.05,3732.95,598,
2024-02-07 13:44:00+05:30,3733.2,3733.95,3731.7,3732.6,402,
2024-02-07 13:45:00+05:30,3732.6,3734,3732.6,3734,657,
2024-02-07 13:46:00+05:30,3733.85,3735,3733.85,3734.8,516,
2024-02-07 13:47:00+05:30,3735,3735.7,3730.75,3733.5,531,
2024-02-07 13:48:00+05:30,3733.5,3735.3,3733.45,3735.15,628,
2024-02-07 13:49:00+05:30,3735.25,3735.4,3732.1,3734.25,803,
2024-02-07 13:50:00+05:30,3734.5,3735.25,3733.05,3733.4,374,
2024-02-07 13:51:00+05:30,3733.45,3735.05,3733.05,3733.3,644,
2024-02-07 13:52:00+05:30,3733.2,3737.35,3733.2,3737,731,
2024-02-07 13:53:00+05:30,3737.25,3738.95,3736.95,3738.2,460,
2024-02-07 13:54:00+05:30,3738.2,3738.85,3733,3734.4,993,
2024-02-07 13:55:00+05:30,3735.25,3738.2,3734.35,3737,1232,
2024-02-07 13:56:00+05:30,3738.15,3738.2,3737.05,3738.15,225,
2024-02-07 13:57:00+05:30,3738.15,3739.7,3738.15,3738.5,449,
2024-02-07 13:58:00+05:30,3739,3739,3737,3737.95,231,
2024-02-07 13:59:00+05:30,3737.95,3739.7,3737.9,3739.65,666,
2024-02-07 14:00:00+05:30,3739.05,3739.7,3739.05,3739.05,218,
2024-02-07 14:01:00+05:30,3739.1,3739.15,3738.4,3738.4,98,
2024-02-07 14:02:00+05:30,3738.4,3738.45,3737,3737,566,
2024-02-07 14:03:00+05:30,3737.05,3738,3737,3737.15,1030,
2024-02-07 14:04:00+05:30,3737.15,3737.95,3737.15,3737.2,100,
2024-02-07 14:05:00+05:30,3737.45,3738,3737.2,3737.95,122,
2024-02-07 14:06:00+05:30,3737.85,3738,3737.45,3737.7,136,
2024-02-07 14:07:00+05:30,3737.7,3737.75,3737.45,3737.45,215,
2024-02-07 14:08:00+05:30,3737.5,3739.65,3737.5,3739.55,412,
2024-02-07 14:09:00+05:30,3739.55,3740,3739.55,3739.95,282,
2024-02-07 14:10:00+05:30,3739.95,3742,3736.8,3740.75,4901,
2024-02-07 14:11:00+05:30,3740.75,3743,3740.75,3742.9,800,
2024-02-07 14:12:00+05:30,3742.8,3743.7,3739.35,3739.7,722,
2024-02-07 14:13:00+05:30,3739.75,3741.2,3737.3,3737.3,204,
2024-02-07 14:14:00+05:30,3736.05,3737,3729.1,3731.5,2963,
2024-02-07 14:15:00+05:30,3732.8,3734.7,3732.15,3733.75,132,
2024-02-07 14:16:00+05:30,3733.7,3733.75,3730.45,3730.45,209,
2024-02-07 14:17:00+05:30,3730.45,3734.35,3730,3731.45,1586,
2024-02-07 14:18:00+05:30,3732.6,3733,3731.45,3731.5,93,
2024-02-07 14:19:00+05:30,3731.85,3734,3731.5,3733.95,200,
2024-02-07 14:20:00+05:30,3733.4,3736.05,3733,3735.95,294,
2024-02-07 14:21:00+05:30,3736.4,3739.45,3733.95,3733.95,616,
2024-02-07 14:22:00+05:30,3733.95,3734,3730.25,3730.25,630,
2024-02-07 14:23:00+05:30,3730.25,3733.1,3726.75,3729.55,1104,
2024-02-07 14:24:00+05:30,3729.55,3731.8,3728.75,3730,214,
2024-02-07 14:25:00+05:30,3730,3731.3,3728.65,3729.85,538,
2024-02-07 14:26:00+05:30,3729.8,3731.45,3729.8,3730.6,146,
2024-02-07 14:27:00+05:30,3730.6,3731.35,3728,3728.4,616,
2024-02-07 14:28:00+05:30,3728.4,3730.7,3727,3730.35,306,
2024-02-07 14:29:00+05:30,3730.3,3731.25,3728.3,3730.45,869,
2024-02-07 14:30:00+05:30,3730.45,3733.45,3730.45,3733.4,240,
2024-02-07 14:31:00+05:30,3733.4,3734.6,3732.25,3734.6,797,
2024-02-07 14:32:00+05:30,3734.6,3737.4,3733.05,3735.55,1753,
2024-02-07 14:33:00+05:30,3735.55,3736.95,3735.5,3736.4,525,
2024-02-07 14:34:00+05:30,3736.4,3736.9,3735,3736.7,263,
2024-02-07 14:35:00+05:30,3736.75,3736.75,3730,3731.85,600,
2024-02-07 14:36:00+05:30,3731.85,3731.95,3726.45,3731.1,1070,
2024-02-07 14:37:00+05:30,3731.1,3732.95,3727.3,3729.6,1014,
2024-02-07 14:38:00+05:30,3729.55,3729.55,3725.45,3727.9,780,
2024-02-07 14:39:00+05:30,3727.9,3730,3723.8,3730,845,
2024-02-07 14:40:00+05:30,3730,3731.6,3728.05,3731.55,592,
2024-02-07 14:41:00+05:30,3731.55,3731.75,3729.25,3731.75,496,
2024-02-07 14:42:00+05:30,3731.65,3733,3729.5,3732.25,950,
2024-02-07 14:43:00+05:30,3732.25,3732.5,3728.15,3730,754,
2024-02-07 14:44:00+05:30,3730,3735,3728.2,3733.05,2427,
2024-02-07 14:45:00+05:30,3733.7,3733.7,3730.6,3730.6,517,
2024-02-07 14:46:00+05:30,3730.6,3734.4,3730,3731.15,984,
2024-02-07 14:47:00+05:30,3731.15,3734.9,3731.15,3734.05,535,
2024-02-07 14:48:00+05:30,3734.05,3734.85,3731.35,3732.35,884,
2024-02-07 14:49:00+05:30,3731.95,3734.85,3730.35,3731.95,1113,
2024-02-07 14:50:00+05:30,3731.95,3735,3730.4,3734.5,578,
2024-02-07 14:51:00+05:30,3734.5,3736.4,3734.5,3736.4,695,
2024-02-07 14:52:00+05:30,3736.4,3736.4,3732.9,3735.7,641,
2024-02-07 14:53:00+05:30,3735.7,3736.4,3731.9,3736.2,1014,
2024-02-07 14:54:00+05:30,3736.2,3736.55,3734.7,3735.45,670,
2024-02-07 14:55:00+05:30,3735.45,3736.8,3730.7,3731.5,2053,
2024-02-07 14:56:00+05:30,3731.5,3733.15,3731.1,3731.55,273,
2024-02-07 14:57:00+05:30,3731.55,3732.5,3731,3732.4,389,
2024-02-07 14:58:00+05:30,3732.35,3732.35,3730.55,3731.25,476,
2024-02-07 14:59:00+05:30,3731.25,3731.3,3721,3721,2885,
2024-02-07 15:00:00+05:30,3720,3729.3,3718.75,3729.2,863,
2024-02-07 15:01:00+05:30,3729.2,3730.1,3724.15,3725.4,1086,
2024-02-07 15:02:00+05:30,3725.35,3730.6,3723.05,3730.6,1610,
2024-02-07 15:03:00+05:30,3730.6,3731.1,3726.35,3727.55,1819,
2024-02-07 15:04:00+05:30,3727.55,3730.85,3726.7,3729.75,2448,
2024-02-07 15:05:00+05:30,3729.75,3729.95,3728.35,3729.6,643,
2024-02-07 15:06:00+05:30,3729.85,3729.9,3727.7,3728.25,357,
2024-02-07 15:07:00+05:30,3729.2,3729.25,3728.3,3729.15,339,
2024-02-07 15:08:00+05:30,3729.2,3729.2,3726.7,3727.2,517,
2024-02-07 15:09:00+05:30,3727.3,3728.05,3727.25,3727.85,507,
2024-02-07 15:10:00+05:30,3727.85,3729.9,3727.85,3729,973,
2024-02-07 15:11:00+05:30,3729.8,3729.8,3728.5,3728.9,833,
2024-02-07 15:12:00+05:30,3729,3729.05,3727.05,3728.75,763,
2024-02-07 15:13:00+05:30,3728.8,3729.9,3727.55,3729.9,800,
2024-02-07 15:14:00+05:30,3729.85,3731.15,3729.85,3730.3,1061,
2024-02-07 15:15:00+05:30,3730.3,3733.7,3730.3,3733.1,2397,
2024-02-07 15:16:00+05:30,3733.1,3734.25,3731,3733.2,1495,
2024-02-07 15:17:00+05:30,3727.1,3731.3,3726.75,3730.9,2597,
2024-02-07 15:18:00+05:30,3731.3,3732.95,3730.75,3731.2,1179,
2024-02-07 15:19:00+05:30,3732.3,3733,3729.65,3731.95,1587,
2024-02-07 15:20:00+05:30,3732,3734.2,3729.8,3733,1085,
2024-02-07 15:21:00+05:30,3733.05,3735.05,3732.75,3735.05,1372,
2024-02-07 15:22:00+05:30,3735.05,3737.75,3735,3737.75,1149,
2024-02-07 15:23:00+05:30,3737.75,3738,3736.4,3737.35,1051,
2024-02-07 15:24:00+05:30,3737.8,3737.8,3731,3734.95,2275,
2024-02-07 15:25:00+05:30,3736,3738,3735.5,3738,988,
2024-02-07 15:26:00+05:30,3738,3740,3737.75,3740,1746,
2024-02-07 15:27:00+05:30,3740,3741.45,3738.75,3741.2,1577,
2024-02-07 15:28:00+05:30,3740.35,3740.35,3735.05,3739.95,1188,
2024-02-07 15:29:00+05:30,3738.45,3740,3730.2,3739.9,667,
2024-02-08 09:15:00+05:30,3745.95,3751.4,3732,3734.3,2622,
2024-02-08 09:16:00+05:30,3734.55,3742.45,3734.05,3734.95,2543,
2024-02-08 09:17:00+05:30,3734.95,3735.8,3730.4,3730.4,3194,
2024-02-08 09:18:00+05:30,3731.05,3750.8,3730,3748.05,5081,
2024-02-08 09:19:00+05:30,3748.05,3752,3748.05,3750.25,1796,
2024-02-08 09:20:00+05:30,3750,3754.4,3750,3753.8,3062,
2024-02-08 09:21:00+05:30,3753.8,3754.45,3749.05,3751.65,1510,
2024-02-08 09:22:00+05:30,3751.65,3757.7,3750.5,3757.2,6489,
2024-02-08 09:23:00+05:30,3756.3,3765,3756.3,3761.05,3332,
2024-02-08 09:24:00+05:30,3761.05,3764.95,3761.05,3764,1833,
2024-02-08 09:25:00+05:30,3764,3764,3751,3751.55,2645,
2024-02-08 09:26:00+05:30,3751.55,3754.65,3746.3,3747.1,2535,
2024-02-08 09:27:00+05:30,3746.65,3749.15,3745.15,3749.15,1012,
2024-02-08 09:28:00+05:30,3746.95,3747.8,3740.95,3743,1182,
2024-02-08 09:29:00+05:30,3743,3743.75,3737.2,3738.05,1159,
2024-02-08 09:30:00+05:30,3738.05,3744.35,3736.2,3743.25,1478,
2024-02-08 09:31:00+05:30,3743.25,3743.25,3739.35,3741,666,
2024-02-08 09:32:00+05:30,3741,3744.15,3740.25,3742.5,715,
2024-02-08 09:33:00+05:30,3743.85,3743.85,3742.4,3742.5,535,
2024-02-08 09:34:00+05:30,3742.5,3744.2,3742,3743.7,410,
2024-02-08 09:35:00+05:30,3743.7,3746.35,3742.15,3745.75,753,
2024-02-08 09:36:00+05:30,3745.75,3745.75,3744.2,3744.2,313,
2024-02-08 09:37:00+05:30,3744.2,3744.55,3738.3,3738.3,1151,
2024-02-08 09:38:00+05:30,3738.35,3738.35,3733.3,3733.95,584,
2024-02-08 09:39:00+05:30,3733.05,3735.95,3732,3734.95,1704,
2024-02-08 09:40:00+05:30,3734.95,3735.8,3733,3735.8,836,
2024-02-08 09:41:00+05:30,3735.8,3735.8,3732.2,3733.35,366,
2024-02-08 09:42:00+05:30,3733.35,3734.15,3727.95,3734.15,3068,
2024-02-08 09:43:00+05:30,3734.15,3739.35,3734.15,3737.8,1642,
2024-02-08 09:44:00+05:30,3737.8,3740,3736.75,3739.9,497,
2024-02-08 09:45:00+05:30,3738.8,3738.8,3734.2,3734.2,470,
2024-02-08 09:46:00+05:30,3734.15,3734.55,3728.4,3730.2,772,
2024-02-08 09:47:00+05:30,3730.7,3732.55,3730.7,3732.4,744,
2024-02-08 09:48:00+05:30,3732.4,3732.4,3727.2,3727.2,808,
2024-02-08 09:49:00+05:30,3727.2,3731.4,3726.2,3726.25,1870,
2024-02-08 09:50:00+05:30,3726.2,3727.7,3722.95,3723.75,1005,
2024-02-08 09:51:00+05:30,3723.75,3724.85,3722,3722.05,1803,
2024-02-08 09:52:00+05:30,3722.05,3727.4,3722.05,3726.1,1078,
2024-02-08 09:53:00+05:30,3726.1,3730.75,3726.1,3729.3,380,
2024-02-08 09:54:00+05:30,3729.3,3730.25,3724.25,3724.65,790,
2024-02-08 09:55:00+05:30,3724.6,3726,3724.25,3725.05,411,
2024-02-08 09:56:00+05:30,3725.05,3727.5,3725.05,3726.05,403,
2024-02-08 09:57:00+05:30,3726.05,3727.7,3726.05,3727.7,454,
2024-02-08 09:58:00+05:30,3727.7,3732.65,3727.7,3732.65,696,
2024-02-08 09:59:00+05:30,3732.65,3732.65,3725.25,3725.25,490,
2024-02-08 10:00:00+05:30,3725.3,3726.35,3723.2,3724.25,994,
2024-02-08 10:01:00+05:30,3725.25,3726.1,3723.5,3723.5,709,
2024-02-08 10:02:00+05:30,3724.3,3728.9,3723.5,3728.85,1302,
2024-02-08 10:03:00+05:30,3728.85,3730.8,3728.85,3730.5,487,
2024-02-08 10:04:00+05:30,3730.5,3730.5,3728.2,3729.75,918,
2024-02-08 10:05:00+05:30,3729.3,3731.05,3723.5,3724.7,1049,
2024-02-08 10:06:00+05:30,3724.85,3726.3,3724.25,3724.8,377,
2024-02-08 10:07:00+05:30,3726.3,3726.3,3723.3,3725.05,583,
2024-02-08 10:08:00+05:30,3725.05,3725.05,3720,3720.55,834,
2024-02-08 10:09:00+05:30,3720.55,3720.55,3712,3716.85,1872,
2024-02-08 10:10:00+05:30,3716.85,3721.45,3711.75,3720.75,1375,
2024-02-08 10:11:00+05:30,3722.15,3722.15,3715,3715.5,1212,
2024-02-08 10:12:00+05:30,3715.5,3716.95,3715.2,3715.2,590,
2024-02-08 10:13:00+05:30,3715.2,3717.6,3715.2,3717.6,1256,
2024-02-08 10:14:00+05:30,3717.6,3718.25,3714.4,3715.55,683,
2024-02-08 10:15:00+05:30,3715.1,3715.7,3709,3710.55,2647,
2024-02-08 10:16:00+05:30,3710.55,3710.55,3708.95,3709.35,921,
2024-02-08 10:17:00+05:30,3709.3,3715.6,3709.3,3715,915,
2024-02-08 10:18:00+05:30,3715.7,3716.2,3710,3712.55,2195,
2024-02-08 10:19:00+05:30,3712,3714.1,3712,3713.75,630,
2024-02-08 10:20:00+05:30,3713.75,3714.1,3709.25,3710.9,1116,
2024-02-08 10:21:00+05:30,3710.15,3711.3,3708.25,3709.2,938,
2024-02-08 10:22:00+05:30,3709.25,3716.5,3709.25,3713.45,657,
2024-02-08 10:23:00+05:30,3713.45,3717.2,3713.45,3716.1,819,
2024-02-08 10:24:00+05:30,3716.1,3718.05,3715,3715.85,997,
2024-02-08 10:25:00+05:30,3716.8,3716.8,3712.25,3714.1,455,
2024-02-08 10:26:00+05:30,3714.1,3714.4,3711.8,3712.15,1182,
2024-02-08 10:27:00+05:30,3713.3,3720.7,3712.35,3719.3,743,
2024-02-08 10:28:00+05:30,3719.3,3720.9,3716.8,3718.55,377,
2024-02-08 10:29:00+05:30,3718.55,3720.5,3718.5,3720.5,636,
2024-02-08 10:30:00+05:30,3720.45,3720.5,3714.2,3715.95,618,
2024-02-08 10:31:00+05:30,3715.9,3719.05,3715.25,3719,259,
2024-02-08 10:32:00+05:30,3719,3720.45,3716.1,3717.55,581,
2024-02-08 10:33:00+05:30,3717.55,3717.55,3716,3717,276,
2024-02-08 10:34:00+05:30,3716.05,3716.8,3713.7,3714.35,618,
2024-02-08 10:35:00+05:30,3714.4,3718.5,3714.35,3717.9,795,
2024-02-08 10:36:00+05:30,3718.8,3725.55,3715.35,3717,3700,
2024-02-08 10:37:00+05:30,3716.45,3717.1,3716.45,3717.05,358,
2024-02-08 10:38:00+05:30,3716.45,3717.1,3715.2,3715.3,425,
2024-02-08 10:39:00+05:30,3715.3,3715.35,3714,3715,506,
2024-02-08 10:40:00+05:30,3715,3715,3712.2,3712.8,416,
2024-02-08 10:41:00+05:30,3712.9,3713.55,3703.55,3706.75,1645,
2024-02-08 10:42:00+05:30,3705.55,3705.55,3701,3701.45,1368,
2024-02-08 10:43:00+05:30,3701.45,3703,3695,3696.5,3013,
2024-02-08 10:44:00+05:30,3696.45,3700.9,3695.8,3700.25,1114,
2024-02-08 10:45:00+05:30,3700.1,3700.2,3695.25,3695.95,1244,
2024-02-08 10:46:00+05:30,3696.8,3698.3,3690.2,3693,1866,
2024-02-08 10:47:00+05:30,3693,3693.95,3687.05,3692,1674,
2024-02-08 10:48:00+05:30,3692.6,3695,3690.05,3693.45,1056,
2024-02-08 10:49:00+05:30,3693.05,3695.05,3688.5,3689,997,
2024-02-08 10:50:00+05:30,3689,3694,3686.35,3694,587,
2024-02-08 10:51:00+05:30,3694,3697.1,3690,3690,960,
2024-02-08 10:52:00+05:30,3690,3691.95,3689.15,3689.4,782,
2024-02-08 10:53:00+05:30,3689.4,3690,3687.25,3689.2,556,
2024-02-08 10:54:00+05:30,3688.85,3691.9,3687.95,3691.4,867,
2024-02-08 10:55:00+05:30,3691.35,3696.1,3690.35,3694.3,381,
2024-02-08 10:56:00+05:30,3694.3,3696.75,3691,3692,732,
2024-02-08 10:57:00+05:30,3692,3693.6,3685.05,3687.15,3694,
2024-02-08 10:58:00+05:30,3687.15,3690.9,3685.95,3690.4,893,
2024-02-08 10:59:00+05:30,3689.35,3692.3,3686.7,3689.5,728,
2024-02-08 11:00:00+05:30,3691.8,3692.85,3689.4,3691.05,789,
2024-02-08 11:01:00+05:30,3691.05,3695,3691.05,3693.35,692,
2024-02-08 11:02:00+05:30,3693,3693,3688.4,3689.5,1501,
2024-02-08 11:03:00+05:30,3689.6,3689.6,3685.5,3685.5,1200,
2024-02-08 11:04:00+05:30,3683.5,3683.8,3668.55,3672.25,4204,
2024-02-08 11:05:00+05:30,3672.25,3673.55,3662,3672.05,2446,
2024-02-08 11:06:00+05:30,3672.65,3674.8,3671.4,3673.05,719,
2024-02-08 11:07:00+05:30,3673,3677.6,3669.55,3676.1,1656,
2024-02-08 11:08:00+05:30,3676.1,3677.45,3668.6,3672.2,1570,
2024-02-08 11:09:00+05:30,3672.2,3672.6,3668.15,3668.25,1880,
2024-02-08 11:10:00+05:30,3668.3,3672.5,3667.95,3671.65,3268,
2024-02-08 11:11:00+05:30,3671.65,3678.4,3670.4,3675.15,1889,
2024-02-08 11:12:00+05:30,3675.15,3679.4,3674.25,3677.2,1616,
2024-02-08 11:13:00+05:30,3677.2,3681.8,3676.45,3676.65,994,
2024-02-08 11:14:00+05:30,3676.65,3676.65,3672.1,3672.15,631,
2024-02-08 11:15:00+05:30,3672.15,3674.3,3669.7,3674.25,1108,
2024-02-08 11:16:00+05:30,3674.25,3676.9,3669.65,3671.65,2150,
2024-02-08 11:17:00+05:30,3670,3674.15,3669.1,3671.8,2081,
2024-02-08 11:18:00+05:30,3671.9,3674.25,3670.15,3673.2,397,
2024-02-08 11:19:00+05:30,3673.2,3674.9,3671.55,3673.6,1743,
2024-02-08 11:20:00+05:30,3673.75,3676.75,3672.6,3672.6,1327,
2024-02-08 11:21:00+05:30,3673.3,3674.35,3671,3673.55,391,
2024-02-08 11:22:00+05:30,3673.55,3673.55,3670.2,3672.35,470,
2024-02-08 11:23:00+05:30,3672.7,3672.7,3665.2,3665.7,1270,
2024-02-08 11:24:00+05:30,3665.4,3666.8,3662.05,3662.5,854,
2024-02-08 11:25:00+05:30,3664.35,3665,3661.1,3662.8,607,
2024-02-08 11:26:00+05:30,3661.3,3668.9,3661.3,3666.3,799,
2024-02-08 11:27:00+05:30,3668.85,3672.7,3666.3,3669.4,1920,
2024-02-08 11:28:00+05:30,3669.4,3670.4,3665.95,3669.6,543,
2024-02-08 11:29:00+05:30,3668.15,3670.5,3663.2,3663.2,1076,
2024-02-08 11:30:00+05:30,3663.2,3668.75,3660.4,3668.25,2884,
2024-02-08 11:31:00+05:30,3668.25,3668.7,3664.2,3664.2,1653,
2024-02-08 11:32:00+05:30,3665.05,3669.15,3664.7,3669.15,444,
2024-02-08 11:33:00+05:30,3668.35,3670.25,3664.45,3669.05,572,
2024-02-08 11:34:00+05:30,3671.35,3671.35,3665.4,3669.7,1280,
2024-02-08 11:35:00+05:30,3669.7,3677.95,3669.7,3676.8,2715,
2024-02-08 11:36:00+05:30,3677.35,3679.2,3673.85,3679.2,597,
2024-02-08 11:37:00+05:30,3679.2,3680.7,3678.25,3680.6,701,
2024-02-08 11:38:00+05:30,3680.65,3681.3,3679.05,3679.6,2207,
2024-02-08 11:39:00+05:30,3679.8,3681.1,3675.05,3678.95,1247,
2024-02-08 11:40:00+05:30,3678.95,3680.75,3676.6,3680,492,
2024-02-08 11:41:00+05:30,3680,3680,3678.95,3679.35,294,
2024-02-08 11:42:00+05:30,3679.35,3679.6,3676.15,3676.75,458,
2024-02-08 11:43:00+05:30,3676.1,3678.35,3675.85,3676.8,1871,
2024-02-08 11:44:00+05:30,3676.15,3676.25,3671.45,3672.75,1770,
2024-02-08 11:45:00+05:30,3672.75,3676.8,3672,3674.4,1392,
2024-02-08 11:46:00+05:30,3674.4,3677.45,3673.8,3675.95,375,
2024-02-08 11:47:00+05:30,3675.95,3678.5,3675.25,3677.1,281,
2024-02-08 11:48:00+05:30,3677.1,3677.1,3672.6,3676.15,643,
2024-02-08 11:49:00+05:30,3676.15,3676.95,3674.1,3674.1,252,
2024-02-08 11:50:00+05:30,3674.1,3676.75,3673.25,3674,576,
2024-02-08 11:51:00+05:30,3674,3674,3673,3673.2,749,
2024-02-08 11:52:00+05:30,3673.2,3677.95,3673.2,3677.15,1101,
2024-02-08 11:53:00+05:30,3677.15,3681.8,3677,3680.4,2119,
2024-02-08 11:54:00+05:30,3681.25,3683.25,3679.25,3679.25,392,
2024-02-08 11:55:00+05:30,3679.2,3681.9,3679.2,3680.5,420,
2024-02-08 11:56:00+05:30,3680.5,3682.9,3679.25,3680.55,559,
2024-02-08 11:57:00+05:30,3680.55,3683.95,3679.05,3682,478,
2024-02-08 11:58:00+05:30,3682,3684.95,3678.6,3684.4,1396,
2024-02-08 11:59:00+05:30,3684.4,3684.4,3678.05,3682.3,1535,
2024-02-08 12:00:00+05:30,3682.3,3682.3,3680.2,3680.2,251,
2024-02-08 12:01:00+05:30,3680.2,3687.35,3680.2,3687.35,1339,
2024-02-08 12:02:00+05:30,3688.6,3691.7,3685.55,3687.55,1222,
2024-02-08 12:03:00+05:30,3687.6,3688.55,3683.4,3684.6,360,
2024-02-08 12:04:00+05:30,3684.6,3692.45,3684.55,3691.95,575,
2024-02-08 12:05:00+05:30,3691.3,3695.7,3691.3,3694.7,610,
2024-02-08 12:06:00+05:30,3694,3695.7,3691.75,3693.45,675,
2024-02-08 12:07:00+05:30,3693.75,3693.75,3692.6,3692.65,182,
2024-02-08 12:08:00+05:30,3692.55,3692.65,3686.3,3687.15,286,
2024-02-08 12:09:00+05:30,3687.15,3693.9,3685.2,3690.05,1151,
2024-02-08 12:10:00+05:30,3690.05,3690.05,3685.55,3687.05,234,
2024-02-08 12:11:00+05:30,3686.55,3687.55,3686,3687.2,346,
2024-02-08 12:12:00+05:30,3688,3689.9,3685.55,3686.5,377,
2024-02-08 12:13:00+05:30,3686.5,3691.8,3686.5,3691.05,673,
2024-02-08 12:14:00+05:30,3691.05,3692.55,3688.25,3692.55,335,
2024-02-08 12:15:00+05:30,3692.55,3696.55,3692.55,3693.05,480,
2024-02-08 12:16:00+05:30,3693.2,3695.55,3693.2,3695,303,
2024-02-08 12:17:00+05:30,3695,3695.4,3693.3,3694.05,470,
2024-02-08 12:18:00+05:30,3694.1,3694.95,3692.9,3693.55,690,
2024-02-08 12:19:00+05:30,3693.3,3693.45,3689,3689.55,265,
2024-02-08 12:20:00+05:30,3689,3692.6,3687.2,3690.75,650,
2024-02-08 12:21:00+05:30,3689.75,3693.75,3689.25,3692.2,519,
2024-02-08 12:22:00+05:30,3692.2,3693.5,3687.2,3690.05,275,
2024-02-08 12:23:00+05:30,3690.05,3690.05,3687.2,3689.55,255,
2024-02-08 12:24:00+05:30,3689.55,3689.55,3687.2,3688.75,286,
2024-02-08 12:25:00+05:30,3688.75,3690.75,3687.2,3690.25,290,
2024-02-08 12:26:00+05:30,3690.35,3693.95,3690,3692,384,
2024-02-08 12:27:00+05:30,3691.95,3692.25,3688.6,3690.55,234,
2024-02-08 12:28:00+05:30,3690.55,3690.55,3686.3,3688.35,363,
2024-02-08 12:29:00+05:30,3688.35,3689.2,3685,3685.65,239,
2024-02-08 12:30:00+05:30,3685.2,3685.65,3683.25,3683.25,306,
2024-02-08 12:31:00+05:30,3683.25,3686.35,3683.25,3683.95,268,
2024-02-08 12:32:00+05:30,3683.95,3686,3683.25,3684.3,725,
2024-02-08 12:33:00+05:30,3683.75,3683.75,3682,3682.7,235,
2024-02-08 12:34:00+05:30,3682.2,3685.05,3680,3680,862,
2024-02-08 12:35:00+05:30,3680.25,3681.05,3677.75,3678.2,831,
2024-02-08 12:36:00+05:30,3678.8,3680.35,3678.2,3678.2,200,
2024-02-08 12:37:00+05:30,3678.2,3681.4,3677.2,3680.85,319,
2024-02-08 12:38:00+05:30,3679.15,3681.05,3679.05,3679.75,233,
2024-02-08 12:39:00+05:30,3680.45,3680.45,3679,3679.6,407,
2024-02-08 12:40:00+05:30,3679.6,3681,3679.6,3680,318,
2024-02-08 12:41:00+05:30,3680,3680.1,3679.1,3679.1,250,
2024-02-08 12:42:00+05:30,3679.1,3679.6,3677.2,3677.2,294,
2024-02-08 12:43:00+05:30,3677.2,3679.3,3676.9,3677,460,
2024-02-08 12:44:00+05:30,3677.05,3681.3,3677,3681,605,
2024-02-08 12:45:00+05:30,3681,3684.65,3680.45,3684.05,600,
2024-02-08 12:46:00+05:30,3684.05,3684.35,3680.25,3680.25,258,
2024-02-08 12:47:00+05:30,3680.25,3681.85,3679.1,3680.75,258,
2024-02-08 12:48:00+05:30,3681.3,3683.85,3680.75,3681.3,460,
2024-02-08 12:49:00+05:30,3681.3,3685.2,3681.3,3681.45,546,
2024-02-08 12:50:00+05:30,3681.45,3683.35,3680.75,3682.75,487,
2024-02-08 12:51:00+05:30,3681.15,3683.45,3680.9,3680.9,275,
2024-02-08 12:52:00+05:30,3680.9,3683.25,3680.5,3680.5,204,
2024-02-08 12:53:00+05:30,3680.5,3681.3,3679.25,3680.85,195,
2024-02-08 12:54:00+05:30,3680.85,3682.1,3679.6,3681.3,208,
2024-02-08 12:55:00+05:30,3681.3,3682.1,3681.25,3682.1,189,
2024-02-08 12:56:00+05:30,3682.1,3687.65,3682.05,3684.5,646,
2024-02-08 12:57:00+05:30,3684.95,3685.95,3683.65,3685.7,133,
2024-02-08 12:58:00+05:30,3685.7,3685.7,3683.35,3684.1,138,
2024-02-08 12:59:00+05:30,3684.65,3686.5,3684.65,3685.25,191,
2024-02-08 13:00:00+05:30,3686.1,3689,3686.1,3689,312,
2024-02-08 13:01:00+05:30,3689,3689,3684,3684.25,860,
2024-02-08 13:02:00+05:30,3684.25,3687.6,3682,3686.7,250,
2024-02-08 13:03:00+05:30,3687.4,3687.4,3684.55,3684.55,149,
2024-02-08 13:04:00+05:30,3684.95,3687.6,3684.15,3687.35,307,
2024-02-08 13:05:00+05:30,3687,3687,3685.55,3686.85,274,
2024-02-08 13:06:00+05:30,3686.85,3694.9,3685.5,3694.25,1953,
2024-02-08 13:07:00+05:30,3693.45,3695,3691.1,3693.85,1081,
2024-02-08 13:08:00+05:30,3693.85,3695.7,3693,3695.25,3056,
2024-02-08 13:09:00+05:30,3695.25,3696.7,3695.2,3696.7,324,
2024-02-08 13:10:00+05:30,3696.7,3696.7,3694.3,3694.3,259,
2024-02-08 13:11:00+05:30,3694.3,3696,3693.8,3695.8,193,
2024-02-08 13:12:00+05:30,3695.8,3696.7,3694,3696.15,487,
2024-02-08 13:13:00+05:30,3696.7,3697.35,3695.3,3697.35,470,
2024-02-08 13:14:00+05:30,3696.65,3698,3692.95,3694.05,543,
2024-02-08 13:15:00+05:30,3694.05,3694.4,3691.05,3692.75,330,
2024-02-08 13:16:00+05:30,3692.05,3696.25,3691.9,3695.8,378,
2024-02-08 13:17:00+05:30,3696.25,3696.25,3691.9,3693.15,278,
2024-02-08 13:18:00+05:30,3694.1,3694.25,3691.9,3694.25,237,
2024-02-08 13:19:00+05:30,3694.25,3696.5,3691.65,3695.3,1062,
2024-02-08 13:20:00+05:30,3696,3697,3693.95,3697,185,
2024-02-08 13:21:00+05:30,3696.75,3696.75,3691.9,3694,373,
2024-02-08 13:22:00+05:30,3694,3696.15,3693.3,3694.95,328,
2024-02-08 13:23:00+05:30,3695.55,3695.65,3693.35,3695.4,223,
2024-02-08 13:24:00+05:30,3695.4,3696.2,3690.25,3691.85,429,
2024-02-08 13:25:00+05:30,3691.85,3693.7,3689.65,3689.75,342,
2024-02-08 13:26:00+05:30,3689.85,3692.45,3688.1,3692.45,280,
2024-02-08 13:27:00+05:30,3691.95,3692.45,3690.95,3692.25,221,
2024-02-08 13:28:00+05:30,3692,3692.55,3690.25,3692.35,181,
2024-02-08 13:29:00+05:30,3692.35,3692.35,3690,3690.1,180,
2024-02-08 13:30:00+05:30,3690.1,3691.25,3690,3690.45,340,
2024-02-08 13:31:00+05:30,3690.45,3690.65,3686.2,3690.45,1216,
2024-02-08 13:32:00+05:30,3689.95,3690.35,3688,3688.85,414,
2024-02-08 13:33:00+05:30,3689.2,3689.2,3687,3688.75,391,
2024-02-08 13:34:00+05:30,3688.75,3688.8,3685.1,3686.45,186,
2024-02-08 13:35:00+05:30,3686.45,3686.45,3685.85,3686.4,198,
2024-02-08 13:36:00+05:30,3686.4,3689.35,3686.3,3687.6,209,
2024-02-08 13:37:00+05:30,3687.6,3687.65,3686.5,3686.7,201,
2024-02-08 13:38:00+05:30,3686.7,3688.3,3686.55,3688.1,251,
2024-02-08 13:39:00+05:30,3688.3,3691.95,3688.25,3689.85,733,
2024-02-08 13:40:00+05:30,3689.85,3691.25,3687.25,3689,478,
2024-02-08 13:41:00+05:30,3689,3689,3685.9,3685.9,293,
2024-02-08 13:42:00+05:30,3685.9,3687.2,3683.25,3686.4,926,
2024-02-08 13:43:00+05:30,3685.25,3691.85,3685.25,3690.95,531,
2024-02-08 13:44:00+05:30,3690.95,3690.95,3687.1,3687.45,213,
2024-02-08 13:45:00+05:30,3687.45,3687.85,3685.9,3685.9,234,
2024-02-08 13:46:00+05:30,3685.9,3687.65,3684.75,3686.25,227,
2024-02-08 13:47:00+05:30,3686.65,3687,3684.25,3685.45,143,
2024-02-08 13:48:00+05:30,3684.2,3685.1,3683.2,3684.05,306,
2024-02-08 13:49:00+05:30,3683.05,3684.6,3682.2,3684.6,400,
2024-02-08 13:50:00+05:30,3683.05,3686.95,3683.05,3684.1,437,
2024-02-08 13:51:00+05:30,3682.8,3686.95,3682.2,3683.65,832,
2024-02-08 13:52:00+05:30,3682.65,3682.65,3677.35,3677.65,672,
2024-02-08 13:53:00+05:30,3677.65,3678.7,3674.2,3674.2,680,
2024-02-08 13:54:00+05:30,3674.2,3677.3,3673.25,3674.95,853,
2024-02-08 13:55:00+05:30,3673.4,3675,3672.2,3675,673,
2024-02-08 13:56:00+05:30,3672.9,3674.6,3671.1,3672.25,668,
2024-02-08 13:57:00+05:30,3672.55,3673.5,3670.1,3671.55,597,
2024-02-08 13:58:00+05:30,3671.5,3673,3670,3670,903,
2024-02-08 13:59:00+05:30,3670,3671.8,3670,3670.5,608,
2024-02-08 14:00:00+05:30,3670.4,3671.35,3668.2,3668.2,738,
2024-02-08 14:01:00+05:30,3669.1,3669.5,3666.2,3669.5,811,
2024-02-08 14:02:00+05:30,3668.1,3668.5,3666.55,3666.55,930,
2024-02-08 14:03:00+05:30,3666.55,3668.1,3661.5,3663.7,7005,
2024-02-08 14:04:00+05:30,3663.2,3666.65,3662.05,3664.45,2049,
2024-02-08 14:05:00+05:30,3664,3665,3661.2,3662.65,2435,
2024-02-08 14:06:00+05:30,3662.2,3668.4,3662.2,3667.5,1991,
2024-02-08 14:07:00+05:30,3668.15,3672.15,3667.1,3670.5,1664,
2024-02-08 14:08:00+05:30,3669.05,3670.25,3667.55,3670.2,1441,
2024-02-08 14:09:00+05:30,3670,3673.3,3670,3671.5,1827,
2024-02-08 14:10:00+05:30,3671.3,3673.3,3667,3667.55,1734,
2024-02-08 14:11:00+05:30,3667.55,3671.2,3667.1,3670.35,3700,
2024-02-08 14:12:00+05:30,3670.35,3670.4,3668.6,3670.1,1530,
2024-02-08 14:13:00+05:30,3670.05,3671.3,3670.05,3670.95,488,
2024-02-08 14:14:00+05:30,3670.25,3673.7,3668.6,3673.5,1180,
2024-02-08 14:15:00+05:30,3673.55,3678.7,3673.5,3677.8,2604,
2024-02-08 14:16:00+05:30,3675.55,3680.7,3675.55,3679.4,1354,
2024-02-08 14:17:00+05:30,3679.6,3683.7,3679.35,3683.25,1196,
2024-02-08 14:18:00+05:30,3682.05,3684.7,3680.15,3682.45,1660,
2024-02-08 14:19:00+05:30,3682,3687.75,3681.9,3687.6,2224,
2024-02-08 14:20:00+05:30,3688.2,3690.7,3685.2,3685.45,1491,
2024-02-08 14:21:00+05:30,3684.15,3686.1,3681.75,3683,1132,
2024-02-08 14:22:00+05:30,3681.1,3682.9,3678.2,3680.25,1350,
2024-02-08 14:23:00+05:30,3680.05,3680.25,3675.7,3678.85,2541,
2024-02-08 14:24:00+05:30,3677.75,3683.25,3677.3,3677.9,1594,
2024-02-08 14:25:00+05:30,3677.15,3681.7,3677.15,3680.6,909,
2024-02-08 14:26:00+05:30,3678.9,3680.6,3676.65,3678.55,961,
2024-02-08 14:27:00+05:30,3678.55,3680.25,3677.25,3678.5,538,
2024-02-08 14:28:00+05:30,3678.5,3680.25,3678.3,3679.2,671,
2024-02-08 14:29:00+05:30,3679.2,3681,3678.45,3680,917,
2024-02-08 14:30:00+05:30,3680,3681.3,3678.45,3678.45,354,
2024-02-08 14:31:00+05:30,3678.45,3680.55,3677.55,3678.7,717,
2024-02-08 14:32:00+05:30,3678.65,3682.45,3677.9,3679.15,362,
2024-02-08 14:33:00+05:30,3679.15,3679.7,3677.2,3678.9,539,
2024-02-08 14:34:00+05:30,3679.45,3681.55,3678.55,3680.3,647,
2024-02-08 14:35:00+05:30,3680.45,3681.75,3678.15,3679.2,2014,
2024-02-08 14:36:00+05:30,3679.2,3683,3678.15,3681.4,963,
2024-02-08 14:37:00+05:30,3680.35,3681.55,3678.8,3679,391,
2024-02-08 14:38:00+05:30,3679,3681.4,3678.2,3680.25,517,
2024-02-08 14:39:00+05:30,3681.2,3681.2,3678.2,3679.4,451,
2024-02-08 14:40:00+05:30,3679.4,3684.45,3678.35,3684.15,826,
2024-02-08 14:41:00+05:30,3684.8,3686,3681.55,3683.6,1457,
2024-02-08 14:42:00+05:30,3684.85,3687.7,3683.6,3687.45,873,
2024-02-08 14:43:00+05:30,3687.45,3687.45,3682.4,3685.55,1427,
2024-02-08 14:44:00+05:30,3685.5,3686,3681.3,3681.65,1177,
2024-02-08 14:45:00+05:30,3681.65,3686,3680.05,3683.35,1784,
2024-02-08 14:46:00+05:30,3683.35,3684.2,3682,3683.2,258,
2024-02-08 14:47:00+05:30,3682.95,3683.2,3681.1,3681.25,376,
2024-02-08 14:48:00+05:30,3682.4,3684,3681,3684,459,
2024-02-08 14:49:00+05:30,3684,3686,3680.75,3680.75,448,
2024-02-08 14:50:00+05:30,3680.75,3684,3680.3,3680.3,898,
2024-02-08 14:51:00+05:30,3680.3,3682.25,3679.2,3681.3,621,
2024-02-08 14:52:00+05:30,3679.6,3683.9,3679.05,3683.3,416,
2024-02-08 14:53:00+05:30,3683.9,3684.2,3678.75,3679.95,1778,
2024-02-08 14:54:00+05:30,3679.85,3685.7,3678.55,3685.7,1056,
2024-02-08 14:55:00+05:30,3684.35,3685.7,3679.2,3679.25,1298,
2024-02-08 14:56:00+05:30,3679.2,3683.25,3679.2,3683,408,
2024-02-08 14:57:00+05:30,3683,3685.2,3681,3683,868,
2024-02-08 14:58:00+05:30,3682.4,3683,3676.2,3679.3,1220,
2024-02-08 14:59:00+05:30,3678.9,3678.9,3675.2,3676,690,
2024-02-08 15:00:00+05:30,3679.35,3682.7,3676.45,3680.6,2220,
2024-02-08 15:01:00+05:30,3680.6,3684.7,3679.65,3683.15,2039,
2024-02-08 15:02:00+05:30,3682.4,3685.7,3681.3,3685.55,1115,
2024-02-08 15:03:00+05:30,3685.55,3686.25,3681.25,3685.3,2297,
2024-02-08 15:04:00+05:30,3685.4,3687.5,3680.45,3686.75,2422,
2024-02-08 15:05:00+05:30,3687.5,3689,3684.2,3687.7,1910,
2024-02-08 15:06:00+05:30,3687.7,3689.7,3685.75,3689.55,1225,
2024-02-08 15:07:00+05:30,3689.55,3689.95,3685.55,3688.55,1630,
2024-02-08 15:08:00+05:30,3689.05,3691.7,3687,3690.85,1245,
2024-02-08 15:09:00+05:30,3690,3690.5,3683.9,3688.75,1517,
2024-02-08 15:10:00+05:30,3689.8,3690,3685.65,3686.8,1597,
2024-02-08 15:11:00+05:30,3688.5,3689.95,3682.2,3682.65,2007,
2024-02-08 15:12:00+05:30,3682.3,3685.3,3680.55,3683.15,2443,
2024-02-08 15:13:00+05:30,3682.15,3684.85,3680.45,3680.8,2389,
2024-02-08 15:14:00+05:30,3681.5,3684.45,3680.85,3683.95,1912,
2024-02-08 15:15:00+05:30,3684.85,3685,3679.9,3684.7,1727,
2024-02-08 15:16:00+05:30,3684.7,3685.95,3679.2,3683.75,4197,
2024-02-08 15:17:00+05:30,3683.75,3686.65,3679.6,3684.2,3217,
2024-02-08 15:18:00+05:30,3684.7,3685,3679.7,3680.9,2325,
2024-02-08 15:19:00+05:30,3681.2,3686.3,3678.2,3681.2,3890,
2024-02-08 15:20:00+05:30,3682.1,3687.75,3680.85,3684.05,5477,
2024-02-08 15:21:00+05:30,3684.05,3687,3678.75,3686.4,2140,
2024-02-08 15:22:00+05:30,3686.85,3688.7,3685.1,3687.5,1509,
2024-02-08 15:23:00+05:30,3685.4,3688.6,3684.6,3688.35,1041,
2024-02-08 15:24:00+05:30,3685.55,3687.65,3679,3686.4,3118,
2024-02-08 15:25:00+05:30,3686.4,3688.5,3684.65,3685.6,1210,
2024-02-08 15:26:00+05:30,3685.6,3688.65,3680.4,3680.45,2772,
2024-02-08 15:27:00+05:30,3680.5,3688.7,3680.2,3685.2,1746,
2024-02-08 15:28:00+05:30,3685.2,3685.2,3677.2,3679,1402,
2024-02-08 15:29:00+05:30,3677.95,3687.7,3676.2,3687.7,1139,
2024-02-09 09:15:00+05:30,3697.5,3697.5,3649.55,3684.65,6351,
2024-02-09 09:16:00+05:30,3684.65,3684.65,3674.05,3680.9,1310,
2024-02-09 09:17:00+05:30,3680.9,3685.95,3672.55,3672.55,2508,
2024-02-09 09:18:00+05:30,3677.3,3680.05,3667.6,3672.65,2766,
2024-02-09 09:19:00+05:30,3674,3675.6,3666.6,3666.6,1110,
2024-02-09 09:20:00+05:30,3671.65,3675,3668.25,3668.25,577,
2024-02-09 09:21:00+05:30,3668.25,3677.45,3668.25,3674,1665,
2024-02-09 09:22:00+05:30,3670.3,3678.05,3670.3,3676.05,461,
2024-02-09 09:23:00+05:30,3676.05,3680,3676.05,3680,284,
2024-02-09 09:24:00+05:30,3679.95,3679.95,3676.9,3676.9,374,
2024-02-09 09:25:00+05:30,3678.95,3678.95,3673.55,3675.3,177,
2024-02-09 09:26:00+05:30,3675.3,3675.35,3673.3,3675.35,101,
2024-02-09 09:27:00+05:30,3675.35,3676.55,3670.6,3672.75,111,
2024-02-09 09:28:00+05:30,3675.6,3676.6,3673.7,3675.4,477,
2024-02-09 09:29:00+05:30,3673.85,3673.85,3667.65,3669.8,1761,
2024-02-09 09:30:00+05:30,3670,3674.3,3670,3670.5,698,
2024-02-09 09:31:00+05:30,3671.1,3672.95,3668.05,3672.3,325,
2024-02-09 09:32:00+05:30,3671,3673.95,3670,3673.95,405,
2024-02-09 09:33:00+05:30,3672,3674.95,3672,3674.95,468,
2024-02-09 09:34:00+05:30,3673.5,3675,3672.05,3673.45,201,
2024-02-09 09:35:00+05:30,3673.45,3679.8,3673.45,3678.35,580,
2024-02-09 09:36:00+05:30,3678.35,3683.7,3678.35,3681.9,698,
2024-02-09 09:37:00+05:30,3681.9,3683.1,3680.4,3682.65,400,
2024-02-09 09:38:00+05:30,3682.65,3682.7,3679.85,3679.85,202,
2024-02-09 09:39:00+05:30,3679.85,3681.45,3675.05,3675.6,496,
2024-02-09 09:40:00+05:30,3677.6,3677.6,3671.2,3672.85,475,
2024-02-09 09:41:00+05:30,3672.85,3672.85,3665,3665.85,1486,
2024-02-09 09:42:00+05:30,3665.85,3673.2,3665.85,3669.25,297,
2024-02-09 09:43:00+05:30,3667.8,3670,3666.8,3667.25,124,
2024-02-09 09:44:00+05:30,3668.65,3671.4,3666.85,3670.6,273,
2024-02-09 09:45:00+05:30,3671.8,3674.9,3670.45,3670.45,653,
2024-02-09 09:46:00+05:30,3670.45,3673.75,3668.2,3673.7,693,
2024-02-09 09:47:00+05:30,3671.35,3676.45,3671.35,3676.45,472,
2024-02-09 09:48:00+05:30,3675.7,3677.5,3675.5,3675.9,173,
2024-02-09 09:49:00+05:30,3673.15,3674.8,3672.35,3674,468,
2024-02-09 09:50:00+05:30,3674,3675,3673.6,3673.6,15,
2024-02-09 09:51:00+05:30,3673.6,3673.6,3667.65,3669.75,474,
2024-02-09 09:52:00+05:30,3669.75,3671.95,3667.2,3669.25,466,
2024-02-09 09:53:00+05:30,3669.25,3669.25,3660,3660.7,1292,
2024-02-09 09:54:00+05:30,3660.7,3662.2,3652.4,3654.6,801,
2024-02-09 09:55:00+05:30,3654.7,3656.8,3654.7,3655.95,356,
2024-02-09 09:56:00+05:30,3651.85,3656.15,3651.1,3655.4,676,
2024-02-09 09:57:00+05:30,3654.55,3656.7,3651.6,3656.65,652,
2024-02-09 09:58:00+05:30,3654.3,3656.95,3654.3,3656.95,346,
2024-02-09 09:59:00+05:30,3658.45,3658.45,3654.65,3655.45,408,
2024-02-09 10:00:00+05:30,3653.15,3653.25,3640.55,3641.35,2819,
2024-02-09 10:01:00+05:30,3642.55,3643.7,3636.65,3637.5,1305,
2024-02-09 10:02:00+05:30,3633.9,3641.05,3630.05,3639.4,1716,
2024-02-09 10:03:00+05:30,3637.25,3640.9,3636.7,3638.95,548,
2024-02-09 10:04:00+05:30,3638.4,3641.85,3636,3641.85,554,
2024-02-09 10:05:00+05:30,3641.85,3645.7,3640.15,3645.7,417,
2024-02-09 10:06:00+05:30,3644.2,3653.7,3643.8,3653.7,1133,
2024-02-09 10:07:00+05:30,3653.7,3657.7,3652.05,3654.1,907,
2024-02-09 10:08:00+05:30,3654.1,3657.9,3654.05,3657.9,85,
2024-02-09 10:09:00+05:30,3658,3662.2,3658,3661,747,
2024-02-09 10:10:00+05:30,3661,3664.15,3656.9,3658.75,840,
2024-02-09 10:11:00+05:30,3658.85,3665.4,3658.85,3665.4,587,
2024-02-09 10:12:00+05:30,3664,3665.1,3662.05,3662.8,509,
2024-02-09 10:13:00+05:30,3662.8,3662.9,3653.05,3659.9,863,
2024-02-09 10:14:00+05:30,3659.9,3664.7,3659.9,3664.7,133,
2024-02-09 10:15:00+05:30,3664.7,3664.7,3660.5,3661.55,938,
2024-02-09 10:16:00+05:30,3661.5,3661.9,3654,3661.25,1295,
2024-02-09 10:17:00+05:30,3661.25,3661.25,3655.15,3657.3,241,
2024-02-09 10:18:00+05:30,3657.3,3661.6,3656.3,3658.05,114,
2024-02-09 10:19:00+05:30,3658.05,3659.35,3655.35,3657.85,163,
2024-02-09 10:20:00+05:30,3657.85,3659.95,3655.55,3659.95,204,
2024-02-09 10:21:00+05:30,3659.95,3660,3657.35,3659,121,
2024-02-09 10:22:00+05:30,3659,3659,3656.8,3657.45,356,
2024-02-09 10:23:00+05:30,3657.35,3658,3655.3,3658,90,
2024-02-09 10:24:00+05:30,3656.75,3658.9,3650,3654.1,471,
2024-02-09 10:25:00+05:30,3654.1,3654.1,3636.15,3639.6,916,
2024-02-09 10:26:00+05:30,3640,3640.75,3621.3,3622.95,4438,
2024-02-09 10:27:00+05:30,3623.95,3630.45,3621,3628.2,1973,
2024-02-09 10:28:00+05:30,3629.6,3635,3628.15,3631.9,910,
2024-02-09 10:29:00+05:30,3630.55,3639.6,3627.05,3637.15,835,
2024-02-09 10:30:00+05:30,3637.35,3639,3631.55,3634.95,648,
2024-02-09 10:31:00+05:30,3634.95,3636,3630.75,3634,1022,
2024-02-09 10:32:00+05:30,3634,3636.5,3630.35,3636.5,336,
2024-02-09 10:33:00+05:30,3635.05,3636.5,3627,3634.95,1323,
2024-02-09 10:34:00+05:30,3635.85,3639.7,3633.05,3637.75,479,
2024-02-09 10:35:00+05:30,3637.75,3642.1,3635.1,3641.5,999,
2024-02-09 10:36:00+05:30,3641.5,3646.75,3640.6,3645.55,1103,
2024-02-09 10:37:00+05:30,3645.55,3647.85,3638.6,3639.05,687,
2024-02-09 10:38:00+05:30,3640.5,3645.95,3640.5,3645.95,129,
2024-02-09 10:39:00+05:30,3645.95,3647.7,3643.15,3647.45,200,
2024-02-09 10:40:00+05:30,3647.45,3649,3644.4,3649,267,
2024-02-09 10:41:00+05:30,3649,3653.7,3649,3653.35,200,
2024-02-09 10:42:00+05:30,3653.35,3655,3649.6,3654.8,1112,
2024-02-09 10:43:00+05:30,3654.8,3656.7,3652.45,3652.5,870,
2024-02-09 10:44:00+05:30,3654.9,3657.5,3652.35,3657.5,673,
2024-02-09 10:45:00+05:30,3657.5,3658.7,3657,3658.7,283,
2024-02-09 10:46:00+05:30,3658.7,3658.7,3654.8,3654.85,368,
2024-02-09 10:47:00+05:30,3655.35,3655.5,3648.75,3648.75,186,
2024-02-09 10:48:00+05:30,3650.85,3652.9,3649.25,3652.05,97,
2024-02-09 10:49:00+05:30,3652.85,3652.85,3650.05,3651.55,125,
2024-02-09 10:50:00+05:30,3651.8,3651.8,3639.65,3639.65,325,
2024-02-09 10:51:00+05:30,3639.65,3639.65,3627.35,3634.45,1609,
2024-02-09 10:52:00+05:30,3633.9,3636.2,3630.45,3635.25,354,
2024-02-09 10:53:00+05:30,3635.25,3639.2,3634.3,3638,156,
2024-02-09 10:54:00+05:30,3638,3640.85,3635.5,3638.85,949,
2024-02-09 10:55:00+05:30,3638.85,3641.65,3636.95,3637.05,200,
2024-02-09 10:56:00+05:30,3637.05,3640.4,3635.6,3637.95,346,
2024-02-09 10:57:00+05:30,3637.1,3639.4,3636.55,3637.6,305,
2024-02-09 10:58:00+05:30,3639.15,3640.65,3636,3640.65,255,
2024-02-09 10:59:00+05:30,3641.5,3643.9,3640.35,3641.85,291,
2024-02-09 11:00:00+05:30,3641.85,3643.35,3641.05,3643.25,94,
2024-02-09 11:01:00+05:30,3641.7,3641.9,3641.3,3641.9,85,
2024-02-09 11:02:00+05:30,3641.9,3643,3641.25,3642.45,105,
2024-02-09 11:03:00+05:30,3642.45,3643.55,3642.45,3642.65,477,
2024-02-09 11:04:00+05:30,3642.65,3644.45,3635.25,3635.25,697,
2024-02-09 11:05:00+05:30,3635.25,3637.75,3634.8,3635.75,328,
2024-02-09 11:06:00+05:30,3636.15,3637.8,3633,3636.55,309,
2024-02-09 11:07:00+05:30,3635.6,3636.7,3631.35,3634.6,361,
2024-02-09 11:08:00+05:30,3634.6,3634.6,3630,3633.5,669,
2024-02-09 11:09:00+05:30,3633.5,3638,3632.65,3638,158,
2024-02-09 11:10:00+05:30,3637.2,3638.8,3636.2,3638.2,246,
2024-02-09 11:11:00+05:30,3638.2,3650.7,3638.2,3650.7,344,
2024-02-09 11:12:00+05:30,3649.55,3655.35,3649.55,3654.1,972,
2024-02-09 11:13:00+05:30,3652.55,3654.35,3647.75,3654,251,
2024-02-09 11:14:00+05:30,3654.4,3656,3651.9,3651.95,368,
2024-02-09 11:15:00+05:30,3651.95,3656,3651.5,3655.25,232,
2024-02-09 11:16:00+05:30,3655.25,3656,3653,3655.95,176,
2024-02-09 11:17:00+05:30,3654.65,3657.55,3654.2,3657.55,350,
2024-02-09 11:18:00+05:30,3655.75,3658.7,3655.75,3657.15,308,
2024-02-09 11:19:00+05:30,3657.15,3657.85,3653,3653,173,
2024-02-09 11:20:00+05:30,3653,3653,3648.05,3651.45,211,
2024-02-09 11:21:00+05:30,3649.75,3651.95,3648.4,3651.95,203,
2024-02-09 11:22:00+05:30,3651.95,3651.95,3649,3649,93,
2024-02-09 11:23:00+05:30,3649,3649.5,3645.3,3648.95,452,
2024-02-09 11:24:00+05:30,3648.95,3648.95,3646.6,3646.75,170,
2024-02-09 11:25:00+05:30,3646.75,3649.75,3646.4,3648.85,215,
2024-02-09 11:26:00+05:30,3648.9,3648.95,3645.3,3648.8,96,
2024-02-09 11:27:00+05:30,3648.8,3648.8,3646.6,3648,73,
2024-02-09 11:28:00+05:30,3648,3651.95,3648,3651.95,724,
2024-02-09 11:29:00+05:30,3651.9,3651.95,3648.8,3650.05,130,
2024-02-09 11:30:00+05:30,3650.05,3651.4,3649.8,3650.95,15,
2024-02-09 11:31:00+05:30,3650.95,3650.95,3644,3644,251,
2024-02-09 11:32:00+05:30,3645,3649.1,3644.95,3646.45,119,
2024-02-09 11:33:00+05:30,3646.45,3651,3644.95,3651,133,
2024-02-09 11:34:00+05:30,3651,3651.9,3647.65,3650.75,512,
2024-02-09 11:35:00+05:30,3651.9,3652,3651.05,3652,101,
2024-02-09 11:36:00+05:30,3652,3652.5,3652,3652.5,71,
2024-02-09 11:37:00+05:30,3654,3656.3,3653.15,3656.3,106,
2024-02-09 11:38:00+05:30,3656.3,3658.9,3656.3,3657.1,679,
2024-02-09 11:39:00+05:30,3655.15,3657.1,3653.7,3657,92,
2024-02-09 11:40:00+05:30,3657,3657,3653.05,3653.95,152,
2024-02-09 11:41:00+05:30,3653,3654.95,3650.15,3651.95,2644,
2024-02-09 11:42:00+05:30,3651.95,3652.5,3651.05,3652.5,159,
2024-02-09 11:43:00+05:30,3652.5,3652.75,3647.5,3650.05,3383,
2024-02-09 11:44:00+05:30,3651.95,3652.4,3650,3652.4,8004,
2024-02-09 11:45:00+05:30,3650.9,3654.65,3650.75,3654.65,1286,
2024-02-09 11:46:00+05:30,3654.65,3658.7,3652.55,3654.4,1882,
2024-02-09 11:47:00+05:30,3654.4,3656.2,3652.5,3656.2,19,
2024-02-09 11:48:00+05:30,3656.2,3657.45,3654.4,3657.45,53,
2024-02-09 11:49:00+05:30,3657.45,3658,3655.25,3656.7,88,
2024-02-09 11:50:00+05:30,3656.7,3657.3,3655.1,3657.25,380,
2024-02-09 11:51:00+05:30,3656.95,3657.3,3655.2,3656.95,316,
2024-02-09 11:52:00+05:30,3656.95,3658,3656.35,3657.7,86,
2024-02-09 11:53:00+05:30,3657.7,3657.7,3648.55,3653.25,1807,
2024-02-09 11:54:00+05:30,3653.2,3654.2,3649.95,3653.6,2034,
2024-02-09 11:55:00+05:30,3653.6,3653.65,3652.25,3652.25,15,
2024-02-09 11:56:00+05:30,3652.25,3654.2,3651.8,3653.05,102,
2024-02-09 11:57:00+05:30,3653.05,3653.15,3650,3652.85,563,
2024-02-09 11:58:00+05:30,3652.7,3653.85,3651,3652.55,221,
2024-02-09 11:59:00+05:30,3652.55,3652.85,3648.1,3651.85,4172,
2024-02-09 12:00:00+05:30,3651.85,3652.85,3651.15,3652.85,226,
2024-02-09 12:01:00+05:30,3652.85,3653.95,3650.75,3652.45,88,
2024-02-09 12:02:00+05:30,3652.45,3656,3651.15,3656,187,
2024-02-09 12:03:00+05:30,3656,3657.5,3654.1,3657.45,266,
2024-02-09 12:04:00+05:30,3657.45,3657.45,3655.7,3657.35,166,
2024-02-09 12:05:00+05:30,3657.45,3657.45,3655.8,3657,46,
2024-02-09 12:06:00+05:30,3657,3657.5,3655.8,3657.5,52,
2024-02-09 12:07:00+05:30,3657.5,3673.35,3657.5,3673.3,6406,
2024-02-09 12:08:00+05:30,3672.45,3675.7,3671.5,3675.7,542,
2024-02-09 12:09:00+05:30,3675.7,3679.7,3672.4,3675.35,387,
2024-02-09 12:10:00+05:30,3675.35,3675.95,3671.15,3673,214,
2024-02-09 12:11:00+05:30,3673,3674.25,3671,3673.6,702,
2024-02-09 12:12:00+05:30,3673.6,3673.95,3671.05,3672.55,51,
2024-02-09 12:13:00+05:30,3672.65,3672.9,3665.8,3667.9,386,
2024-02-09 12:14:00+05:30,3667.9,3667.9,3665.55,3666.9,29,
2024-02-09 12:15:00+05:30,3666.9,3666.9,3663.05,3664.4,316,
2024-02-09 12:16:00+05:30,3664.4,3669.8,3663.1,3669.8,379,
2024-02-09 12:17:00+05:30,3669.8,3669.8,3668.15,3669.8,38,
2024-02-09 12:18:00+05:30,3669.8,3673,3669.8,3673,281,
2024-02-09 12:19:00+05:30,3673,3674.7,3670.1,3672.15,98,
2024-02-09 12:20:00+05:30,3672.15,3674.2,3671.15,3674.2,51,
2024-02-09 12:21:00+05:30,3672.95,3675,3672.85,3674.9,316,
2024-02-09 12:22:00+05:30,3673.9,3676.15,3673.9,3676.15,201,
2024-02-09 12:23:00+05:30,3676.15,3677.85,3674.3,3676.15,351,
2024-02-09 12:24:00+05:30,3676.15,3678.45,3675,3677.7,219,
2024-02-09 12:25:00+05:30,3677.7,3677.95,3675.6,3677.15,175,
2024-02-09 12:26:00+05:30,3677.15,3677.15,3675.6,3676.25,82,
2024-02-09 12:27:00+05:30,3676.25,3680.7,3676.05,3680.7,1272,
2024-02-09 12:28:00+05:30,3680.7,3681.45,3679.45,3681.45,383,
2024-02-09 12:29:00+05:30,3681.45,3683,3679.85,3683,706,
2024-02-09 12:30:00+05:30,3683,3685.7,3681.4,3681.75,1266,
2024-02-09 12:31:00+05:30,3681.85,3681.85,3675.25,3676.45,62,
2024-02-09 12:32:00+05:30,3674.1,3680,3674.1,3677.85,405,
2024-02-09 12:33:00+05:30,3677.85,3681.85,3677.85,3680.2,245,
2024-02-09 12:34:00+05:30,3680.2,3680.45,3678.05,3679.95,48,
2024-02-09 12:35:00+05:30,3679.95,3680,3677.05,3679.95,47,
2024-02-09 12:36:00+05:30,3679.95,3680.55,3678.3,3678.3,344,
2024-02-09 12:37:00+05:30,3678.3,3679.2,3675.05,3675.1,195,
2024-02-09 12:38:00+05:30,3676.15,3677,3675.6,3677,71,
2024-02-09 12:39:00+05:30,3677,3678.35,3676.55,3677.7,67,
2024-02-09 12:40:00+05:30,3677.7,3679.6,3675.5,3678.95,381,
2024-02-09 12:41:00+05:30,3679.45,3682.8,3678.8,3682.8,125,
2024-02-09 12:42:00+05:30,3682.8,3685.7,3681.3,3683.85,776,
2024-02-09 12:43:00+05:30,3683.85,3685.65,3682.4,3683.05,276,
2024-02-09 12:44:00+05:30,3683.05,3683.8,3680.5,3682.1,103,
2024-02-09 12:45:00+05:30,3682.1,3683,3676,3678.05,782,
2024-02-09 12:46:00+05:30,3678.05,3680.55,3676.65,3679.05,449,
2024-02-09 12:47:00+05:30,3679.05,3680.15,3676.7,3679.15,118,
2024-02-09 12:48:00+05:30,3679.15,3680.65,3675.7,3680.65,826,
2024-02-09 12:49:00+05:30,3680.65,3680.65,3675.25,3677.9,177,
2024-02-09 12:50:00+05:30,3677.9,3677.9,3672.6,3674.45,489,
2024-02-09 12:51:00+05:30,3674.45,3674.65,3670.1,3671.85,892,
2024-02-09 12:52:00+05:30,3671.85,3672.4,3650.75,3651.45,4256,
2024-02-09 12:53:00+05:30,3651.45,3658.95,3649,3658.95,2299,
2024-02-09 12:54:00+05:30,3658.95,3660.3,3654.8,3657,662,
2024-02-09 12:55:00+05:30,3657,3657,3652.6,3654.8,85,
2024-02-09 12:56:00+05:30,3654.8,3654.8,3650,3652.15,2647,
2024-02-09 12:57:00+05:30,3652.15,3659.85,3650.75,3651.65,1365,
2024-02-09 12:58:00+05:30,3651.4,3656.65,3648.45,3653.15,884,
2024-02-09 12:59:00+05:30,3654.65,3656.2,3650,3653.75,3537,
2024-02-09 13:00:00+05:30,3653.75,3654.65,3653.6,3654.3,53,
2024-02-09 13:01:00+05:30,3654.3,3656.65,3652,3654.7,223,
2024-02-09 13:02:00+05:30,3654.65,3654.75,3650.8,3653.35,335,
2024-02-09 13:03:00+05:30,3653.35,3654.55,3650.25,3654.55,83,
2024-02-09 13:04:00+05:30,3654.55,3656.4,3652,3652.6,206,
2024-02-09 13:05:00+05:30,3652.6,3655.4,3652.05,3654.55,299,
2024-02-09 13:06:00+05:30,3654.55,3654.7,3651.5,3654.7,291,
2024-02-09 13:07:00+05:30,3654.7,3654.7,3650.05,3652.25,960,
2024-02-09 13:08:00+05:30,3652.25,3653,3651.55,3653,254,
2024-02-09 13:09:00+05:30,3652.95,3653.4,3650,3652.75,6262,
2024-02-09 13:10:00+05:30,3652.75,3653.6,3650.05,3653.5,51,
2024-02-09 13:11:00+05:30,3653.5,3653.5,3647.05,3650.75,1059,
2024-02-09 13:12:00+05:30,3650.75,3652.45,3647.5,3651.5,10731,
2024-02-09 13:13:00+05:30,3651.5,3652.2,3650.05,3651.4,22,
2024-02-09 13:14:00+05:30,3651.4,3654.2,3650.2,3652.1,91,
2024-02-09 13:15:00+05:30,3652.1,3652.1,3650,3651.3,653,
2024-02-09 13:16:00+05:30,3651.3,3653.6,3650.4,3652.3,40,
2024-02-09 13:17:00+05:30,3652.3,3653.9,3650,3650.9,2703,
2024-02-09 13:18:00+05:30,3650.9,3654.4,3650.9,3653.75,25,
2024-02-09 13:19:00+05:30,3654.4,3656.95,3653.45,3655.5,144,
2024-02-09 13:20:00+05:30,3655.5,3657.5,3654.3,3657,18,
2024-02-09 13:21:00+05:30,3657,3657.45,3654.25,3657.45,32,
2024-02-09 13:22:00+05:30,3657.45,3657.45,3648.7,3651.2,461,
2024-02-09 13:23:00+05:30,3651.2,3653.55,3645.5,3651.6,1630,
2024-02-09 13:24:00+05:30,3651.6,3654.35,3645.5,3646.6,81,
2024-02-09 13:25:00+05:30,3646.6,3651.85,3645.45,3649.1,1346,
2024-02-09 13:26:00+05:30,3649.1,3651.1,3646.3,3647.3,83,
2024-02-09 13:27:00+05:30,3648.05,3649.45,3645.05,3646,384,
2024-02-09 13:28:00+05:30,3646,3651.1,3638.05,3644.8,1765,
2024-02-09 13:29:00+05:30,3644.8,3644.8,3640.45,3642.8,325,
2024-02-09 13:30:00+05:30,3642.8,3644.3,3640.25,3644.3,214,
2024-02-09 13:31:00+05:30,3643.3,3644.4,3637,3638.4,1421,
2024-02-09 13:32:00+05:30,3637,3639.85,3636.9,3637.95,49,
2024-02-09 13:33:00+05:30,3637,3638.25,3635.65,3637.65,662,
2024-02-09 13:34:00+05:30,3637.65,3639.15,3635.5,3639.15,1074,
2024-02-09 13:35:00+05:30,3639.15,3639.3,3635,3635,2133,
2024-02-09 13:36:00+05:30,3636.2,3638.25,3635.65,3638.25,87,
2024-02-09 13:37:00+05:30,3638.25,3641.8,3636.05,3641.4,334,
2024-02-09 13:38:00+05:30,3641.4,3647.7,3640.4,3647.7,732,
2024-02-09 13:39:00+05:30,3646.1,3651.2,3644.2,3650.75,1166,
2024-02-09 13:40:00+05:30,3650.75,3651.4,3647.8,3649.65,330,
2024-02-09 13:41:00+05:30,3649.65,3652.3,3647.6,3647.6,387,
2024-02-09 13:42:00+05:30,3649.7,3650.45,3647.6,3650.45,279,
2024-02-09 13:43:00+05:30,3650.45,3652.5,3650.2,3652.1,129,
2024-02-09 13:44:00+05:30,3652.1,3652.45,3648.65,3652.45,470,
2024-02-09 13:45:00+05:30,3652.45,3654.8,3648.8,3654.15,633,
2024-02-09 13:46:00+05:30,3652.95,3655.3,3652.05,3654.3,744,
2024-02-09 13:47:00+05:30,3654.3,3655.25,3651.1,3653.95,467,
2024-02-09 13:48:00+05:30,3653.4,3655.5,3652.7,3655.5,566,
2024-02-09 13:49:00+05:30,3655.05,3656.75,3653.6,3655.75,1241,
2024-02-09 13:50:00+05:30,3654,3654,3651,3652.65,433,
2024-02-09 13:51:00+05:30,3652.65,3653.95,3651,3653.3,585,
2024-02-09 13:52:00+05:30,3652.4,3657,3651.4,3656.5,969,
2024-02-09 13:53:00+05:30,3656.5,3656.5,3650.05,3652,577,
2024-02-09 13:54:00+05:30,3651.3,3656.15,3650.05,3656.15,509,
2024-02-09 13:55:00+05:30,3656.15,3656.6,3654.8,3656.6,48,
2024-02-09 13:56:00+05:30,3656.6,3656.9,3648.25,3649.8,374,
2024-02-09 13:57:00+05:30,3648.2,3649.85,3644.1,3645.7,3468,
2024-02-09 13:58:00+05:30,3645.7,3646,3635,3642.4,3164,
2024-02-09 13:59:00+05:30,3640.05,3645.65,3639.2,3643.9,1014,
2024-02-09 14:00:00+05:30,3643.9,3643.9,3640.95,3642.75,55,
2024-02-09 14:01:00+05:30,3642.75,3642.75,3640,3640.8,464,
2024-02-09 14:02:00+05:30,3640.8,3646.45,3640,3645.8,1193,
2024-02-09 14:03:00+05:30,3644.15,3646.15,3636.1,3642.5,4678,
2024-02-09 14:04:00+05:30,3642.55,3647.6,3642.55,3647.1,1474,
2024-02-09 14:05:00+05:30,3647.6,3651.65,3646.15,3651.65,918,
2024-02-09 14:06:00+05:30,3650,3650.1,3635.1,3642.55,5993,
2024-02-09 14:07:00+05:30,3642.55,3652.7,3632.35,3647.1,13936,
2024-02-09 14:08:00+05:30,3648.5,3650.15,3646.2,3648.6,1282,
2024-02-09 14:09:00+05:30,3648.6,3650,3646.5,3647.3,3703,
2024-02-09 14:10:00+05:30,3647.3,3647.3,3638.6,3638.6,1557,
2024-02-09 14:11:00+05:30,3641,3645.15,3638.6,3640.85,1299,
2024-02-09 14:12:00+05:30,3640.85,3649.8,3640.85,3647.55,4946,
2024-02-09 14:13:00+05:30,3647.55,3647.55,3642.1,3647.15,1147,
2024-02-09 14:14:00+05:30,3647.5,3648.9,3645.15,3646.75,1198,
2024-02-09 14:15:00+05:30,3646.75,3648.45,3645,3647.45,2180,
2024-02-09 14:16:00+05:30,3647.45,3649,3638.5,3643.15,4454,
2024-02-09 14:17:00+05:30,3643.15,3643.95,3631,3633.1,5490,
2024-02-09 14:18:00+05:30,3633.1,3637.45,3632.05,3634.95,566,
2024-02-09 14:19:00+05:30,3634.95,3636.7,3631,3632.8,462,
2024-02-09 14:20:00+05:30,3631.35,3639.2,3631.05,3635.9,3026,
2024-02-09 14:21:00+05:30,3635.9,3637.2,3631.05,3634.9,708,
2024-02-09 14:22:00+05:30,3634.75,3636.4,3631.05,3632.85,472,
2024-02-09 14:23:00+05:30,3632.85,3633.3,3625,3628.2,3117,
2024-02-09 14:24:00+05:30,3628.2,3630.45,3625,3627.25,1424,
2024-02-09 14:25:00+05:30,3627.25,3627.7,3623.7,3623.75,1047,
2024-02-09 14:26:00+05:30,3622.7,3623.75,3620,3621.2,2838,
2024-02-09 14:27:00+05:30,3620,3623.95,3620,3623.35,809,
2024-02-09 14:28:00+05:30,3623.35,3624,3621.2,3623.05,459,
2024-02-09 14:29:00+05:30,3621.85,3623,3620,3620.15,1110,
2024-02-09 14:30:00+05:30,3620.1,3623.35,3620.1,3621.05,1116,
2024-02-09 14:31:00+05:30,3621.05,3624.8,3620,3620.55,2946,
2024-02-09 14:32:00+05:30,3620.2,3620.25,3613.5,3617.15,2003,
2024-02-09 14:33:00+05:30,3617.2,3621.3,3616.6,3621.3,281,
2024-02-09 14:34:00+05:30,3621.3,3621.45,3615.5,3617.05,1544,
2024-02-09 14:35:00+05:30,3616.65,3618,3615.55,3616.6,771,
2024-02-09 14:36:00+05:30,3614.55,3622,3614.55,3621.95,1367,
2024-02-09 14:37:00+05:30,3620.05,3625,3620.05,3625,1396,
2024-02-09 14:38:00+05:30,3625,3625.7,3620.85,3625,1640,
2024-02-09 14:39:00+05:30,3625,3625.7,3622.9,3624.5,385,
2024-02-09 14:40:00+05:30,3624.5,3626.7,3623.45,3625,1354,
2024-02-09 14:41:00+05:30,3625,3630.7,3624.95,3627.95,2314,
2024-02-09 14:42:00+05:30,3627.95,3632.95,3625,3632.95,3009,
2024-02-09 14:43:00+05:30,3632.95,3633.7,3630.2,3632.6,1220,
2024-02-09 14:44:00+05:30,3631.45,3632.65,3630.25,3631.95,1419,
2024-02-09 14:45:00+05:30,3631.95,3637.4,3631.95,3635.35,1533,
2024-02-09 14:46:00+05:30,3635.35,3641.45,3635.35,3640.5,1298,
2024-02-09 14:47:00+05:30,3640.5,3647.45,3640.5,3644.75,1462,
2024-02-09 14:48:00+05:30,3643.4,3648.45,3643.05,3646.95,3062,
2024-02-09 14:49:00+05:30,3646.95,3646.95,3640.7,3643.85,1711,
2024-02-09 14:50:00+05:30,3642.4,3646.9,3642.4,3646.45,2295,
2024-02-09 14:51:00+05:30,3645,3650.9,3643.75,3650,10114,
2024-02-09 14:52:00+05:30,3650,3653.15,3648.45,3653.15,3132,
2024-02-09 14:53:00+05:30,3653.15,3655,3651.3,3653.9,1214,
2024-02-09 14:54:00+05:30,3654.05,3654.05,3646.15,3651.6,6105,
2024-02-09 14:55:00+05:30,3651.6,3653.35,3645.95,3647.95,2943,
2024-02-09 14:56:00+05:30,3647.95,3651,3645,3650.25,7615,
2024-02-09 14:57:00+05:30,3650.25,3650.25,3644.3,3647.1,1231,
2024-02-09 14:58:00+05:30,3647.1,3650,3644.55,3646.25,1709,
2024-02-09 14:59:00+05:30,3646.25,3646.25,3640.4,3643,1360,
2024-02-09 15:00:00+05:30,3641,3645.6,3638.05,3644.3,4040,
2024-02-09 15:01:00+05:30,3644.3,3651,3643.75,3646.5,3082,
2024-02-09 15:02:00+05:30,3646.5,3652,3646.5,3652,1007,
2024-02-09 15:03:00+05:30,3651.4,3651.95,3646.9,3651.3,1191,
2024-02-09 15:04:00+05:30,3650.7,3652,3648.4,3652,2200,
2024-02-09 15:05:00+05:30,3651.6,3652.4,3645.1,3649.95,2069,
2024-02-09 15:06:00+05:30,3649.95,3653,3645.65,3650.3,1531,
2024-02-09 15:07:00+05:30,3650.3,3653.8,3641.85,3653.05,2831,
2024-02-09 15:08:00+05:30,3653.05,3660,3653.05,3655.75,2323,
2024-02-09 15:09:00+05:30,3655.85,3660.6,3655,3656.5,2389,
2024-02-09 15:10:00+05:30,3656.5,3660,3655.25,3658.6,832,
2024-02-09 15:11:00+05:30,3653.05,3658.6,3652.3,3655.95,2818,
2024-02-09 15:12:00+05:30,3655.95,3658.15,3654,3655.05,2661,
2024-02-09 15:13:00+05:30,3655.05,3656.2,3651.2,3653.35,4216,
2024-02-09 15:14:00+05:30,3653.1,3654.3,3649.95,3651.3,2656,
2024-02-09 15:15:00+05:30,3651.3,3654,3650.05,3654,1761,
2024-02-09 15:16:00+05:30,3654,3655,3652.4,3653.5,1222,
2024-02-09 15:17:00+05:30,3654.55,3655.7,3647.95,3651.95,2140,
2024-02-09 15:18:00+05:30,3651.95,3653.95,3648.65,3652.6,2263,
2024-02-09 15:19:00+05:30,3652.25,3654.3,3650.5,3653.75,2552,
2024-02-09 15:20:00+05:30,3648.4,3653,3648.2,3650.8,2624,
2024-02-09 15:21:00+05:30,3650.75,3653,3646,3650.25,2357,
2024-02-09 15:22:00+05:30,3650.25,3653,3647.45,3652.15,1466,
2024-02-09 15:23:00+05:30,3652.15,3653,3648,3653,1425,
2024-02-09 15:24:00+05:30,3653,3653,3645,3650.6,2395,
2024-02-09 15:25:00+05:30,3650.6,3651,3650,3650.2,2167,
2024-02-09 15:26:00+05:30,3650.2,3653.95,3650.2,3652.55,849,
2024-02-09 15:27:00+05:30,3654,3658.8,3652.55,3657.1,1265,
2024-02-09 15:28:00+05:30,3659,3662.75,3655.7,3660.4,2948,
2024-02-09 15:29:00+05:30,3660.3,3668.7,3655,3655,1512,
2024-02-12 09:15:00+05:30,3650,3704.8,3645.7,3697.6,19324,
2024-02-12 09:16:00+05:30,3694.45,3734.1,3691.95,3724.25,12079,
2024-02-12 09:17:00+05:30,3727.85,3733.4,3720,3722.55,9975,
2024-02-12 09:18:00+05:30,3721.55,3744.2,3720,3741.05,15622,
2024-02-12 09:19:00+05:30,3742.65,3755.85,3740.05,3740.05,16700,
2024-02-12 09:20:00+05:30,3741.05,3753.65,3731.15,3751.3,12845,
2024-02-12 09:21:00+05:30,3750.05,3762.95,3748.4,3758.7,18061,
2024-02-12 09:22:00+05:30,3762.45,3770,3759.45,3768.15,15431,
2024-02-12 09:23:00+05:30,3767.2,3767.2,3751,3759.9,14150,
2024-02-12 09:24:00+05:30,3756.75,3768.35,3753,3754.25,13964,
2024-02-12 09:25:00+05:30,3752.6,3768,3752.2,3767.65,13869,
2024-02-12 09:26:00+05:30,3767.2,3779.9,3767.2,3779.3,25553,
2024-02-12 09:27:00+05:30,3780,3783.9,3772,3778.1,19991,
2024-02-12 09:28:00+05:30,3775.1,3777.45,3760,3773.65,10543,
2024-02-12 09:29:00+05:30,3775,3788,3772.95,3776.75,12864,
2024-02-12 09:30:00+05:30,3776.75,3782.9,3775,3781,7179,
2024-02-12 09:31:00+05:30,3780.5,3783.45,3775,3775.4,8963,
2024-02-12 09:32:00+05:30,3775.5,3783.4,3775,3778,12980,
2024-02-12 09:33:00+05:30,3779.4,3786,3777.05,3778.95,9424,
2024-02-12 09:34:00+05:30,3778.95,3793.85,3777.9,3791.25,19381,
2024-02-12 09:35:00+05:30,3792,3794,3775.15,3778.45,11648,
2024-02-12 09:36:00+05:30,3781.55,3786.95,3780,3783.45,6697,
2024-02-12 09:37:00+05:30,3783.75,3799.05,3782,3799,15579,
2024-02-12 09:38:00+05:30,3799.5,3810.5,3799.05,3808.6,31204,
2024-02-12 09:39:00+05:30,3810,3814.65,3787.55,3795.8,36789,
2024-02-12 09:40:00+05:30,3795.9,3796,3781.85,3792.05,15948,
2024-02-12 09:41:00+05:30,3794.65,3807.95,3790.45,3807.95,15944,
2024-02-12 09:42:00+05:30,3809,3813.7,3806.4,3813.35,20783,
2024-02-12 09:43:00+05:30,3811.5,3818.6,3806,3808.85,22606,
2024-02-12 09:44:00+05:30,3808.85,3808.85,3793.7,3796.3,15788,
2024-02-12 09:45:00+05:30,3790.8,3799,3790.5,3797,8779,
2024-02-12 09:46:00+05:30,3798,3802.9,3787,3791,13514,
2024-02-12 09:47:00+05:30,3791.15,3795.85,3790,3792.45,3257,
2024-02-12 09:48:00+05:30,3792.45,3796.3,3788,3790,4409,
2024-02-12 09:49:00+05:30,3790,3798.65,3789.1,3791.05,6929,
2024-02-12 09:50:00+05:30,3790.4,3805,3790.4,3805,5910,
2024-02-12 09:51:00+05:30,3805.7,3810,3796.6,3802.85,10606,
2024-02-12 09:52:00+05:30,3800.95,3805,3797.1,3804.85,3979,
2024-02-12 09:53:00+05:30,3804.85,3813.65,3803,3805.55,10196,
2024-02-12 09:54:00+05:30,3805.85,3810,3801.7,3802.75,3911,
2024-02-12 09:55:00+05:30,3802.75,3808.8,3802.45,3805.65,5667,
2024-02-12 09:56:00+05:30,3804.9,3808.15,3798.5,3800,3883,
2024-02-12 09:57:00+05:30,3802.05,3809.75,3800.55,3800.55,5550,
2024-02-12 09:58:00+05:30,3802,3802.9,3793.2,3794.25,10056,
2024-02-12 09:59:00+05:30,3795,3801.1,3790.3,3800.9,5416,
2024-02-12 10:00:00+05:30,3798,3799.35,3790,3792.95,3900,
2024-02-12 10:01:00+05:30,3791.35,3792.4,3786,3786.35,9423,
2024-02-12 10:02:00+05:30,3786.35,3790.85,3776,3778.15,12753,
2024-02-12 10:03:00+05:30,3775.5,3786.3,3775.5,3783.45,7809,
2024-02-12 10:04:00+05:30,3783.65,3789.95,3779.2,3789.9,5912,
2024-02-12 10:05:00+05:30,3787.7,3789.9,3780.7,3781.85,4145,
2024-02-12 10:06:00+05:30,3781.55,3784.15,3778.05,3778.4,5845,
2024-02-12 10:07:00+05:30,3778.35,3784.4,3778.35,3782.55,2665,
2024-02-12 10:08:00+05:30,3784.6,3788.6,3779.6,3780,4054,
2024-02-12 10:09:00+05:30,3780,3785.2,3776.9,3776.9,4051,
2024-02-12 10:10:00+05:30,3776.9,3777.8,3766.85,3767.05,8723,
2024-02-12 10:11:00+05:30,3769.15,3769.45,3761,3762.05,9958,
2024-02-12 10:12:00+05:30,3762,3769.75,3761.05,3766.9,5554,
2024-02-12 10:13:00+05:30,3767.05,3774.15,3763.2,3770.5,4469,
2024-02-12 10:14:00+05:30,3768.45,3774.85,3767.6,3771.6,3969,
2024-02-12 10:15:00+05:30,3771.6,3774.1,3757,3762,12718,
2024-02-12 10:16:00+05:30,3762,3769.05,3761.35,3762.05,4128,
2024-02-12 10:17:00+05:30,3762.05,3763.9,3755,3759.9,7751,
2024-02-12 10:18:00+05:30,3760,3760,3744.35,3746.75,11061,
2024-02-12 10:19:00+05:30,3748.1,3756.7,3743.05,3754.1,7304,
2024-02-12 10:20:00+05:30,3754.1,3755.25,3750,3751.55,4161,
2024-02-12 10:21:00+05:30,3751.45,3758.4,3750.95,3756.15,2665,
2024-02-12 10:22:00+05:30,3758.8,3758.85,3746,3746,4756,
2024-02-12 10:23:00+05:30,3746.9,3748.8,3743.05,3744.35,3366,
2024-02-12 10:24:00+05:30,3747.95,3749.7,3743,3743.05,5945,
2024-02-12 10:25:00+05:30,3745.25,3748.4,3734.35,3737.2,10430,
2024-02-12 10:26:00+05:30,3736.25,3740.85,3725.7,3739.1,9687,
2024-02-12 10:27:00+05:30,3741.1,3745.7,3740.05,3742,4105,
2024-02-12 10:28:00+05:30,3741.9,3748.4,3740.45,3743.45,3495,
2024-02-12 10:29:00+05:30,3742.8,3745,3736.5,3741.7,4555,
2024-02-12 10:30:00+05:30,3741.7,3750,3741,3749.9,2975,
2024-02-12 10:31:00+05:30,3750,3752.45,3745,3748.2,3824,
2024-02-12 10:32:00+05:30,3750.4,3750.4,3741.6,3743.85,4892,
2024-02-12 10:33:00+05:30,3743.5,3746,3741,3744.8,914,
2024-02-12 10:34:00+05:30,3745,3745.35,3735.15,3735.4,3874,
2024-02-12 10:35:00+05:30,3735.4,3744.45,3734.35,3738.4,7961,
2024-02-12 10:36:00+05:30,3741.05,3744.65,3738.7,3740.85,1496,
2024-02-12 10:37:00+05:30,3742.5,3751.1,3742.5,3750.15,4392,
2024-02-12 10:38:00+05:30,3751.7,3756,3750.3,3751.2,6020,
2024-02-12 10:39:00+05:30,3751.3,3763.4,3751.2,3760.4,8566,
2024-02-12 10:40:00+05:30,3760.45,3764.75,3759,3762.7,3515,
2024-02-12 10:41:00+05:30,3762.7,3766,3762.7,3765,3210,
2024-02-12 10:42:00+05:30,3764.95,3766.95,3763,3764.05,2423,
2024-02-12 10:43:00+05:30,3763.65,3766.9,3763.05,3765,1641,
2024-02-12 10:44:00+05:30,3765,3766.9,3752.2,3752.2,5923,
2024-02-12 10:45:00+05:30,3752.95,3752.95,3748.2,3749.65,3682,
2024-02-12 10:46:00+05:30,3752.3,3759.6,3750.05,3759.6,1970,
2024-02-12 10:47:00+05:30,3759.7,3759.7,3755,3755.2,695,
2024-02-12 10:48:00+05:30,3756,3756,3751.3,3754,4416,
2024-02-12 10:49:00+05:30,3755.7,3756,3753.35,3753.35,671,
2024-02-12 10:50:00+05:30,3753.25,3753.55,3746.4,3747.55,5785,
2024-02-12 10:51:00+05:30,3748.95,3749.75,3744.2,3745.1,1839,
2024-02-12 10:52:00+05:30,3745.1,3755,3745,3751.4,1550,
2024-02-12 10:53:00+05:30,3751.4,3756.85,3751.35,3754.95,1783,
2024-02-12 10:54:00+05:30,3755,3755,3751.1,3753.4,442,
2024-02-12 10:55:00+05:30,3753.4,3765,3752.25,3765,5797,
2024-02-12 10:56:00+05:30,3763.35,3765.5,3752.3,3753.6,3427,
2024-02-12 10:57:00+05:30,3755.4,3761,3753.6,3758.2,2132,
2024-02-12 10:58:00+05:30,3758.2,3767.95,3758.15,3766,3508,
2024-02-12 10:59:00+05:30,3765.65,3766.6,3759.5,3763.2,2184,
2024-02-12 11:00:00+05:30,3764.9,3764.9,3760,3760.8,2249,
2024-02-12 11:01:00+05:30,3761.2,3763.9,3760.8,3763.6,954,
2024-02-12 11:02:00+05:30,3761.55,3763.95,3756.2,3757.95,1924,
2024-02-12 11:03:00+05:30,3759.3,3760,3757.05,3758.2,660,
2024-02-12 11:04:00+05:30,3758.4,3761.45,3758.05,3759.15,1307,
2024-02-12 11:05:00+05:30,3758.5,3760.95,3756.3,3759.45,2274,
2024-02-12 11:06:00+05:30,3759.95,3760,3756.8,3756.8,752,
2024-02-12 11:07:00+05:30,3756.8,3758,3756,3757.95,906,
2024-02-12 11:08:00+05:30,3757.95,3758.65,3752.2,3752.2,1640,
2024-02-12 11:09:00+05:30,3753.85,3755,3742.05,3747,5737,
2024-02-12 11:10:00+05:30,3747,3747,3742,3743.45,2436,
2024-02-12 11:11:00+05:30,3743.05,3746.15,3740,3743,2050,
2024-02-12 11:12:00+05:30,3744,3745,3740.05,3744.75,1230,
2024-02-12 11:13:00+05:30,3744.75,3754.7,3744.75,3754,2154,
2024-02-12 11:14:00+05:30,3753.65,3762.95,3751.6,3755.8,3780,
2024-02-12 11:15:00+05:30,3755.8,3757,3753,3753,654,
2024-02-12 11:16:00+05:30,3753,3754.3,3751.5,3752.15,1744,
2024-02-12 11:17:00+05:30,3751.9,3755.95,3751.2,3753.85,741,
2024-02-12 11:18:00+05:30,3753.85,3755.1,3748.2,3748.2,2738,
2024-02-12 11:19:00+05:30,3748.1,3751,3746.2,3751,1113,
2024-02-12 11:20:00+05:30,3749.9,3752.05,3748.05,3749.45,318,
2024-02-12 11:21:00+05:30,3748.8,3750.95,3747.8,3747.8,376,
2024-02-12 11:22:00+05:30,3748,3752.95,3747,3752.35,884,
2024-02-12 11:23:00+05:30,3752.25,3755,3750.9,3753.6,1053,
2024-02-12 11:24:00+05:30,3753.6,3756.95,3752,3756.95,2162,
2024-02-12 11:25:00+05:30,3756.95,3757.6,3754.5,3755.15,915,
2024-02-12 11:26:00+05:30,3755.15,3757.15,3748.25,3750.9,1925,
2024-02-12 11:27:00+05:30,3750.9,3760,3750.9,3756.9,1463,
2024-02-12 11:28:00+05:30,3757.05,3763.95,3757.05,3758.45,2125,
2024-02-12 11:29:00+05:30,3758.35,3759.45,3756,3756.55,544,
2024-02-12 11:30:00+05:30,3756.55,3757.1,3755.05,3757.1,458,
2024-02-12 11:31:00+05:30,3757.1,3759.3,3757.05,3757.05,626,
2024-02-12 11:32:00+05:30,3756.4,3757.75,3753.05,3755.8,477,
2024-02-12 11:33:00+05:30,3755.8,3758.3,3754.25,3758.3,1050,
2024-02-12 11:34:00+05:30,3757.1,3759,3757.1,3757.35,471,
2024-02-12 11:35:00+05:30,3757.35,3763,3757.3,3757.65,1790,
2024-02-12 11:36:00+05:30,3758.3,3764.85,3758.25,3762.05,1855,
2024-02-12 11:37:00+05:30,3761.75,3765,3760,3760.05,4538,
2024-02-12 11:38:00+05:30,3761.35,3765,3757.25,3762.8,2741,
2024-02-12 11:39:00+05:30,3762.8,3765,3762.4,3763,1364,
2024-02-12 11:40:00+05:30,3760.85,3764.85,3760.85,3763.35,566,
2024-02-12 11:41:00+05:30,3763.05,3764,3760.9,3760.9,390,
2024-02-12 11:42:00+05:30,3761.55,3763,3760.65,3760.7,930,
2024-02-12 11:43:00+05:30,3760.7,3760.7,3752.55,3754.8,1764,
2024-02-12 11:44:00+05:30,3755.05,3758,3755,3756,610,
2024-02-12 11:45:00+05:30,3755.95,3757.8,3755.6,3755.8,310,
2024-02-12 11:46:00+05:30,3755.8,3756.95,3754.2,3755,312,
2024-02-12 11:47:00+05:30,3754.2,3755,3752.55,3753,413,
2024-02-12 11:48:00+05:30,3752.6,3757.8,3752.6,3754.8,1688,
2024-02-12 11:49:00+05:30,3754.85,3756.35,3754.05,3754.15,165,
2024-02-12 11:50:00+05:30,3754.15,3756,3752.65,3752.65,839,
2024-02-12 11:51:00+05:30,3752.65,3754.55,3751,3751.5,790,
2024-02-12 11:52:00+05:30,3751.5,3751.5,3748.2,3750,2267,
2024-02-12 11:53:00+05:30,3750,3756.4,3748.05,3753.55,1718,
2024-02-12 11:54:00+05:30,3753.55,3757,3752.2,3755.25,594,
2024-02-12 11:55:00+05:30,3755,3757.05,3753.25,3753.4,716,
2024-02-12 11:56:00+05:30,3753.6,3755.2,3753.2,3753.2,148,
2024-02-12 11:57:00+05:30,3753.2,3758,3753.05,3756.85,506,
2024-02-12 11:58:00+05:30,3756.25,3757.05,3753,3754.25,681,
2024-02-12 11:59:00+05:30,3756.1,3759,3754.5,3757.6,2313,
2024-02-12 12:00:00+05:30,3757.7,3761.95,3757.4,3760.2,3581,
2024-02-12 12:01:00+05:30,3760.1,3762.95,3759.4,3759.55,491,
2024-02-12 12:02:00+05:30,3759.55,3761.3,3759.55,3760.05,422,
2024-02-12 12:03:00+05:30,3759.55,3761.1,3759.55,3761,523,
2024-02-12 12:04:00+05:30,3761,3763.2,3760,3760.4,1479,
2024-02-12 12:05:00+05:30,3760.4,3761.95,3752.6,3754.4,2072,
2024-02-12 12:06:00+05:30,3754.4,3756,3752.05,3754.5,871,
2024-02-12 12:07:00+05:30,3753.95,3756,3750.85,3750.85,863,
2024-02-12 12:08:00+05:30,3752.05,3752.05,3748,3749.45,1491,
2024-02-12 12:09:00+05:30,3749.45,3751.8,3748.15,3751.8,943,
2024-02-12 12:10:00+05:30,3751.8,3759.1,3751.15,3752.4,9462,
2024-02-12 12:11:00+05:30,3752.4,3757.85,3751.95,3757.35,2307,
2024-02-12 12:12:00+05:30,3755.9,3759.9,3755.9,3756,645,
2024-02-12 12:13:00+05:30,3756,3757.25,3753.6,3753.6,1054,
2024-02-12 12:14:00+05:30,3754.05,3755,3752.3,3752.3,284,
2024-02-12 12:15:00+05:30,3752,3754.9,3751.7,3752.3,2471,
2024-02-12 12:16:00+05:30,3752.3,3755,3750.1,3751.2,1869,
2024-02-12 12:17:00+05:30,3750.2,3753,3747.2,3748.1,2458,
2024-02-12 12:18:00+05:30,3748.1,3749.35,3747.2,3748.6,759,
2024-02-12 12:19:00+05:30,3748.6,3749.4,3743,3743,2258,
2024-02-12 12:20:00+05:30,3742.85,3746.25,3742.7,3745.5,1547,
2024-02-12 12:21:00+05:30,3744.2,3745.5,3744.2,3745,495,
2024-02-12 12:22:00+05:30,3744.7,3745.5,3740,3741,2147,
2024-02-12 12:23:00+05:30,3740.05,3745.15,3740.05,3744.6,695,
2024-02-12 12:24:00+05:30,3744.8,3745.1,3736.55,3738.3,2679,
2024-02-12 12:25:00+05:30,3736.55,3736.6,3732.85,3736.45,3379,
2024-02-12 12:26:00+05:30,3736.3,3739.85,3734.75,3739.8,2047,
2024-02-12 12:27:00+05:30,3739.8,3740.45,3737.6,3737.7,707,
2024-02-12 12:28:00+05:30,3737.7,3739.8,3737,3738.4,1275,
2024-02-12 12:29:00+05:30,3737.2,3739.45,3735.2,3736.85,673,
2024-02-12 12:30:00+05:30,3736.85,3738.1,3736.25,3736.85,541,
2024-02-12 12:31:00+05:30,3736.3,3739.8,3735.9,3737.7,573,
2024-02-12 12:32:00+05:30,3736.55,3738.95,3736.55,3737.15,379,
2024-02-12 12:33:00+05:30,3737.1,3737.1,3734,3735.15,1160,
2024-02-12 12:34:00+05:30,3735.15,3737.55,3734.7,3737.55,789,
2024-02-12 12:35:00+05:30,3735.9,3738,3735.8,3737.1,410,
2024-02-12 12:36:00+05:30,3738,3740.3,3736.95,3739.95,514,
2024-02-12 12:37:00+05:30,3740.8,3742.95,3739.6,3742.7,1199,
2024-02-12 12:38:00+05:30,3741.1,3743.95,3741.1,3743.95,804,
2024-02-12 12:39:00+05:30,3742.3,3744,3742,3742.95,1057,
2024-02-12 12:40:00+05:30,3742.45,3744,3742.45,3743.45,345,
2024-02-12 12:41:00+05:30,3742.9,3743.95,3742.9,3743.85,721,
2024-02-12 12:42:00+05:30,3743.35,3747,3743.35,3747,785,
2024-02-12 12:43:00+05:30,3746.85,3748,3745.45,3746.4,505,
2024-02-12 12:44:00+05:30,3746.4,3750,3746.4,3749.9,1411,
2024-02-12 12:45:00+05:30,3749,3749,3743.95,3747,1698,
2024-02-12 12:46:00+05:30,3747,3747,3743.5,3743.5,866,
2024-02-12 12:47:00+05:30,3743.5,3748.4,3742.45,3744.15,1007,
2024-02-12 12:48:00+05:30,3743.65,3746.1,3743,3743,899,
2024-02-12 12:49:00+05:30,3743,3743.55,3735.5,3736.2,1701,
2024-02-12 12:50:00+05:30,3736.2,3739.4,3735.85,3737.45,1104,
2024-02-12 12:51:00+05:30,3738.35,3740.85,3737.75,3740.5,754,
2024-02-12 12:52:00+05:30,3738.75,3738.75,3734.25,3736.05,1648,
2024-02-12 12:53:00+05:30,3734.35,3737.4,3734,3734.4,823,
2024-02-12 12:54:00+05:30,3734.05,3735.55,3733.2,3733.25,794,
2024-02-12 12:55:00+05:30,3734.1,3734.9,3727.15,3731.3,3069,
2024-02-12 12:56:00+05:30,3731.3,3733.75,3728.4,3731.7,656,
2024-02-12 12:57:00+05:30,3731.6,3732.95,3728.6,3729.1,425,
2024-02-12 12:58:00+05:30,3728.65,3732.95,3728.6,3732.95,542,
2024-02-12 12:59:00+05:30,3731.75,3731.75,3728.65,3728.65,559,
2024-02-12 13:00:00+05:30,3728.65,3729.6,3716.3,3716.3,4768,
2024-02-12 13:01:00+05:30,3716.3,3718.4,3710.8,3718.05,6498,
2024-02-12 13:02:00+05:30,3718.05,3723.6,3716.85,3723.6,4067,
2024-02-12 13:03:00+05:30,3722.5,3725,3722,3724.55,960,
2024-02-12 13:04:00+05:30,3725,3729.7,3725,3729.6,1905,
2024-02-12 13:05:00+05:30,3729,3730,3727,3730,746,
2024-02-12 13:06:00+05:30,3729.85,3736.7,3729.85,3736.7,2114,
2024-02-12 13:07:00+05:30,3736.7,3736.7,3733.55,3735,619,
2024-02-12 13:08:00+05:30,3734.2,3736.7,3734,3734.1,957,
2024-02-12 13:09:00+05:30,3734.1,3736.9,3734.1,3734.85,733,
2024-02-12 13:10:00+05:30,3734.6,3736,3731.6,3733.4,1166,
2024-02-12 13:11:00+05:30,3732,3736.65,3731.7,3736.4,680,
2024-02-12 13:12:00+05:30,3736.4,3739.05,3736.4,3738.05,1758,
2024-02-12 13:13:00+05:30,3738.05,3746.2,3738,3744.5,1884,
2024-02-12 13:14:00+05:30,3742.7,3744.75,3740,3742,1565,
2024-02-12 13:15:00+05:30,3741,3742,3740.1,3741.2,694,
2024-02-12 13:16:00+05:30,3741.2,3742,3739.95,3740.6,633,
2024-02-12 13:17:00+05:30,3740.6,3742,3738.2,3739.55,764,
2024-02-12 13:18:00+05:30,3739.55,3741.1,3736.05,3736.05,459,
2024-02-12 13:19:00+05:30,3736.05,3739.15,3733.6,3737.8,887,
2024-02-12 13:20:00+05:30,3737.8,3737.8,3734,3734.8,320,
2024-02-12 13:21:00+05:30,3734.1,3735.45,3733.2,3733.3,522,
2024-02-12 13:22:00+05:30,3733.05,3733.7,3730.1,3733.2,555,
2024-02-12 13:23:00+05:30,3733.2,3738,3733.1,3737.1,542,
2024-02-12 13:24:00+05:30,3736.3,3738.3,3733,3736.55,549,
2024-02-12 13:25:00+05:30,3735.05,3738.7,3735.05,3738.7,788,
2024-02-12 13:26:00+05:30,3737.2,3740,3737.2,3740,856,
2024-02-12 13:27:00+05:30,3739.7,3742.9,3739.7,3740.85,775,
2024-02-12 13:28:00+05:30,3740.85,3742.7,3740.3,3741.25,1066,
2024-02-12 13:29:00+05:30,3740.9,3747.7,3740.9,3746.1,1978,
2024-02-12 13:30:00+05:30,3746.1,3750,3746.1,3747.65,2828,
2024-02-12 13:31:00+05:30,3747.65,3752,3747.15,3751,1825,
2024-02-12 13:32:00+05:30,3751.4,3754.6,3747.65,3752,1752,
2024-02-12 13:33:00+05:30,3752.8,3755,3751.9,3754.9,2028,
2024-02-12 13:34:00+05:30,3753.2,3755.7,3753.2,3753.75,1231,
2024-02-12 13:35:00+05:30,3753.75,3755,3753.75,3755,874,
2024-02-12 13:36:00+05:30,3754.05,3757.75,3754.05,3755.5,1264,
2024-02-12 13:37:00+05:30,3757.95,3757.95,3753.7,3755.85,2664,
2024-02-12 13:38:00+05:30,3755.85,3755.85,3754.15,3754.15,1015,
2024-02-12 13:39:00+05:30,3754,3754.15,3749.75,3751.3,861,
2024-02-12 13:40:00+05:30,3750.9,3752.65,3750.8,3752.65,1096,
2024-02-12 13:41:00+05:30,3752.65,3752.65,3750.3,3752.5,645,
2024-02-12 13:42:00+05:30,3752.45,3756.05,3752.05,3755.15,1180,
2024-02-12 13:43:00+05:30,3754.8,3758.7,3754.7,3758.7,797,
2024-02-12 13:44:00+05:30,3757.6,3759,3755.25,3756.95,1132,
2024-02-12 13:45:00+05:30,3756.95,3757.2,3749.3,3756,2918,
2024-02-12 13:46:00+05:30,3756,3758.15,3755.2,3757.15,1188,
2024-02-12 13:47:00+05:30,3757.15,3758.65,3751.05,3754.75,1641,
2024-02-12 13:48:00+05:30,3754.75,3756.25,3752,3755.2,644,
2024-02-12 13:49:00+05:30,3753.8,3757.75,3753.4,3756.25,901,
2024-02-12 13:50:00+05:30,3756.25,3757.5,3753.4,3753.6,1054,
2024-02-12 13:51:00+05:30,3754.2,3755.2,3752.05,3752.3,376,
2024-02-12 13:52:00+05:30,3752.3,3753.35,3749.95,3751,913,
2024-02-12 13:53:00+05:30,3751,3751.85,3750,3750.8,446,
2024-02-12 13:54:00+05:30,3750.05,3750.3,3744.2,3747,1854,
2024-02-12 13:55:00+05:30,3746.3,3749.15,3746.2,3748.05,457,
2024-02-12 13:56:00+05:30,3748.05,3752.3,3747.6,3752,630,
2024-02-12 13:57:00+05:30,3750.5,3751.9,3750,3751.85,258,
2024-02-12 13:58:00+05:30,3750.9,3751.75,3750,3751.15,787,
2024-02-12 13:59:00+05:30,3751.95,3754,3750.5,3751.5,1074,
2024-02-12 14:00:00+05:30,3751.55,3755,3750.75,3755,704,
2024-02-12 14:01:00+05:30,3755,3757,3750.2,3752.5,1977,
2024-02-12 14:02:00+05:30,3751.5,3755.4,3751.3,3753.95,741,
2024-02-12 14:03:00+05:30,3753.95,3755.5,3753,3753.4,362,
2024-02-12 14:04:00+05:30,3754.45,3755.45,3753.8,3753.8,355,
2024-02-12 14:05:00+05:30,3753.8,3754.7,3751.8,3754,569,
2024-02-12 14:06:00+05:30,3753.8,3754.7,3753,3754,415,
2024-02-12 14:07:00+05:30,3753.05,3757,3753,3757,1615,
2024-02-12 14:08:00+05:30,3756.6,3756.95,3754.55,3756.1,482,
2024-02-12 14:09:00+05:30,3756.1,3760.7,3756.1,3759.55,2488,
2024-02-12 14:10:00+05:30,3759.75,3762.5,3759.55,3761,1105,
2024-02-12 14:11:00+05:30,3761,3762.7,3760.05,3760.05,735,
2024-02-12 14:12:00+05:30,3760.05,3760.5,3757.05,3759.25,748,
2024-02-12 14:13:00+05:30,3758.05,3758.7,3756.1,3757,1219,
2024-02-12 14:14:00+05:30,3756.1,3757,3755.05,3755.3,741,
2024-02-12 14:15:00+05:30,3755.3,3757.6,3755,3756.3,629,
2024-02-12 14:16:00+05:30,3755.4,3758,3755.4,3757,532,
2024-02-12 14:17:00+05:30,3757,3757.7,3757,3757.55,611,
2024-02-12 14:18:00+05:30,3757.35,3760,3757.2,3758.4,1436,
2024-02-12 14:19:00+05:30,3758.4,3758.4,3756.05,3758.3,735,
2024-02-12 14:20:00+05:30,3758.3,3758.3,3755,3755.15,731,
2024-02-12 14:21:00+05:30,3755.15,3756.2,3750.1,3750.8,865,
2024-02-12 14:22:00+05:30,3750.1,3751.1,3744,3746.5,1612,
2024-02-12 14:23:00+05:30,3746.5,3748.6,3744,3745.95,793,
2024-02-12 14:24:00+05:30,3745.95,3746.25,3743,3744.4,942,
2024-02-12 14:25:00+05:30,3744.9,3749,3744.9,3747.7,754,
2024-02-12 14:26:00+05:30,3746.3,3750.45,3746.15,3747.1,1620,
2024-02-12 14:27:00+05:30,3747.5,3752.9,3747,3750.8,1272,
2024-02-12 14:28:00+05:30,3749.65,3751,3746.35,3746.45,428,
2024-02-12 14:29:00+05:30,3746.95,3749.25,3746.55,3749.05,354,
2024-02-12 14:30:00+05:30,3748.55,3753.9,3748.4,3751.2,960,
2024-02-12 14:31:00+05:30,3751.05,3755.1,3751.05,3751.85,801,
2024-02-12 14:32:00+05:30,3751.85,3752.75,3750,3750,604,
2024-02-12 14:33:00+05:30,3750,3750.15,3746.65,3746.95,1727,
2024-02-12 14:34:00+05:30,3746.95,3750,3746.95,3749.25,404,
2024-02-12 14:35:00+05:30,3749.25,3750.05,3747,3747.6,743,
2024-02-12 14:36:00+05:30,3747.65,3749.95,3746.5,3747,1885,
2024-02-12 14:37:00+05:30,3746.95,3747.6,3745,3746.6,613,
2024-02-12 14:38:00+05:30,3746.15,3749,3746,3749,668,
2024-02-12 14:39:00+05:30,3747.85,3750.7,3745.75,3745.75,1138,
2024-02-12 14:40:00+05:30,3745.75,3746.35,3740.25,3741.2,835,
2024-02-12 14:41:00+05:30,3740.25,3751.25,3739.9,3751.1,2658,
2024-02-12 14:42:00+05:30,3749.85,3751.05,3746.55,3748.6,1021,
2024-02-12 14:43:00+05:30,3748.3,3751.5,3747.75,3750.7,875,
2024-02-12 14:44:00+05:30,3749.95,3750.7,3747,3747,523,
2024-02-12 14:45:00+05:30,3747,3747.5,3744.6,3745.4,904,
2024-02-12 14:46:00+05:30,3745.45,3750.75,3745.15,3749.15,1319,
2024-02-12 14:47:00+05:30,3750.3,3750.95,3746.65,3748.4,475,
2024-02-12 14:48:00+05:30,3748.4,3748.4,3745,3745,707,
2024-02-12 14:49:00+05:30,3743.95,3745.7,3740.1,3741.7,1107,
2024-02-12 14:50:00+05:30,3744.35,3745.85,3742.2,3742.25,551,
2024-02-12 14:51:00+05:30,3742.15,3746.8,3740.65,3743.55,2200,
2024-02-12 14:52:00+05:30,3743.55,3744,3741,3742.05,3065,
2024-02-12 14:53:00+05:30,3742,3745,3741.25,3741.25,966,
2024-02-12 14:54:00+05:30,3741,3741.3,3740.1,3740.1,2509,
2024-02-12 14:55:00+05:30,3740.1,3741.25,3740.1,3740.15,736,
2024-02-12 14:56:00+05:30,3740.3,3742.25,3740.1,3740.3,963,
2024-02-12 14:57:00+05:30,3740.3,3740.75,3740.15,3740.5,660,
2024-02-12 14:58:00+05:30,3740.55,3744.05,3740.3,3740.65,973,
2024-02-12 14:59:00+05:30,3740.4,3744,3733.85,3738.5,5893,
2024-02-12 15:00:00+05:30,3738.95,3743.35,3730.9,3731.35,3304,
2024-02-12 15:01:00+05:30,3731.25,3737.95,3731.25,3735.6,2137,
2024-02-12 15:02:00+05:30,3735.2,3737,3732.5,3737,2569,
2024-02-12 15:03:00+05:30,3736.3,3740.1,3734.55,3739.1,18707,
2024-02-12 15:04:00+05:30,3738.2,3740,3738.2,3739.6,2790,
2024-02-12 15:05:00+05:30,3739.4,3739.6,3735,3735.1,7633,
2024-02-12 15:06:00+05:30,3734.95,3737.25,3730.75,3735,6189,
2024-02-12 15:07:00+05:30,3735,3739.15,3735,3738.6,2017,
2024-02-12 15:08:00+05:30,3738.1,3738.4,3735.3,3738,1031,
2024-02-12 15:09:00+05:30,3738,3743.7,3737.15,3743.15,3408,
2024-02-12 15:10:00+05:30,3744.4,3749.75,3744.1,3746.4,5391,
2024-02-12 15:11:00+05:30,3746.15,3748,3742.05,3742.05,1803,
2024-02-12 15:12:00+05:30,3742.1,3743.1,3736.55,3736.85,3613,
2024-02-12 15:13:00+05:30,3736.7,3739.7,3735.2,3738.9,2379,
2024-02-12 15:14:00+05:30,3738.45,3745.05,3737.35,3743.05,9159,
2024-02-12 15:15:00+05:30,3744.05,3745.4,3740.55,3743.9,3817,
2024-02-12 15:16:00+05:30,3745.45,3745.55,3740.1,3741.55,2720,
2024-02-12 15:17:00+05:30,3741.75,3741.75,3738.7,3738.8,2228,
2024-02-12 15:18:00+05:30,3738.8,3738.8,3731.05,3733.15,4771,
2024-02-12 15:19:00+05:30,3733.15,3734,3729.2,3732.6,3624,
2024-02-12 15:20:00+05:30,3734.3,3738.55,3732.1,3734.9,5133,
2024-02-12 15:21:00+05:30,3735.25,3742,3733.65,3740.9,2294,
2024-02-12 15:22:00+05:30,3740.95,3743.7,3737.05,3743.45,1831,
2024-02-12 15:23:00+05:30,3743.5,3750,3743.45,3746.65,5858,
2024-02-12 15:24:00+05:30,3747,3747.95,3741.95,3746.85,2559,
2024-02-12 15:25:00+05:30,3747,3747,3742.6,3746.95,2256,
2024-02-12 15:26:00+05:30,3747,3748.95,3742.9,3748.55,4944,
2024-02-12 15:27:00+05:30,3744.4,3745,3738.35,3743,2116,
2024-02-12 15:28:00+05:30,3741,3744.05,3738.2,3740.4,1005,
2024-02-12 15:29:00+05:30,3740.4,3750.6,3735.5,3738.95,1794,
2024-02-13 09:15:00+05:30,3740.15,3768.65,3726.9,3758.25,8238,
2024-02-13 09:16:00+05:30,3758.3,3761.1,3746.9,3758.5,4031,
2024-02-13 09:17:00+05:30,3758.5,3763.1,3755.65,3761.55,2318,
2024-02-13 09:18:00+05:30,3761.55,3763.8,3752.75,3753.65,1839,
2024-02-13 09:19:00+05:30,3753.65,3767.95,3753.65,3767.8,2553,
2024-02-13 09:20:00+05:30,3767.8,3774.4,3763.05,3771.55,4869,
2024-02-13 09:21:00+05:30,3773.7,3775,3763,3770,2935,
2024-02-13 09:22:00+05:30,3768.45,3779.2,3764.8,3778,5291,
2024-02-13 09:23:00+05:30,3779.7,3784.85,3777.6,3777.6,5902,
2024-02-13 09:24:00+05:30,3779.05,3792.55,3779.05,3789.95,11015,
2024-02-13 09:25:00+05:30,3789.4,3797.9,3789.35,3794.05,12533,
2024-02-13 09:26:00+05:30,3790,3793.35,3786.05,3788.95,5874,
2024-02-13 09:27:00+05:30,3789.4,3796.9,3788.2,3792.95,12549,
2024-02-13 09:28:00+05:30,3792.35,3794.85,3784.25,3788.45,6194,
2024-02-13 09:29:00+05:30,3788.05,3795.7,3785.8,3795.1,9222,
2024-02-13 09:30:00+05:30,3796.2,3805.65,3792.05,3794.95,25391,
2024-02-13 09:31:00+05:30,3795.4,3802.65,3790,3799.9,11579,
2024-02-13 09:32:00+05:30,3799.95,3799.95,3775.5,3777.3,9525,
2024-02-13 09:33:00+05:30,3777.25,3780,3773.35,3777.75,6642,
2024-02-13 09:34:00+05:30,3777.55,3793.95,3774.55,3790.45,5710,
2024-02-13 09:35:00+05:30,3790,3805,3788.45,3799.1,9428,
2024-02-13 09:36:00+05:30,3796.6,3812,3794.7,3812,10020,
2024-02-13 09:37:00+05:30,3810,3814.8,3807.1,3810.25,13474,
2024-02-13 09:38:00+05:30,3810,3817.5,3808.35,3814.85,14551,
2024-02-13 09:39:00+05:30,3814.6,3820,3812.5,3819,10925,
2024-02-13 09:40:00+05:30,3819,3824.7,3815.55,3824.05,17683,
2024-02-13 09:41:00+05:30,3823.9,3829.2,3821.65,3829,16035,
2024-02-13 09:42:00+05:30,3828.8,3832.8,3824.75,3826.5,14855,
2024-02-13 09:43:00+05:30,3828,3828.75,3806.05,3810.3,17068,
2024-02-13 09:44:00+05:30,3807.95,3824.95,3807.2,3818.25,10104,
2024-02-13 09:45:00+05:30,3818.05,3818.45,3811.1,3812.05,4436,
2024-02-13 09:46:00+05:30,3812.05,3818,3811,3812.4,4298,
2024-02-13 09:47:00+05:30,3815.7,3817,3812.15,3814.75,2583,
2024-02-13 09:48:00+05:30,3814.65,3814.75,3808.55,3811,3496,
2024-02-13 09:49:00+05:30,3809,3813.95,3809,3812.1,2504,
2024-02-13 09:50:00+05:30,3812.1,3812.35,3807,3807.5,5189,
2024-02-13 09:51:00+05:30,3809.8,3810.9,3794.25,3800,6660,
2024-02-13 09:52:00+05:30,3797.5,3801,3795.05,3799.95,4313,
2024-02-13 09:53:00+05:30,3800,3800.5,3796.75,3799.05,1621,
2024-02-13 09:54:00+05:30,3799.05,3800.35,3784.4,3789.3,6251,
2024-02-13 09:55:00+05:30,3788.6,3790.5,3786.1,3786.35,1725,
2024-02-13 09:56:00+05:30,3788.7,3789,3781.55,3786.55,5478,
2024-02-13 09:57:00+05:30,3788.95,3788.95,3775.2,3775.55,4883,
2024-02-13 09:58:00+05:30,3775.55,3781.45,3775.5,3781.45,4490,
2024-02-13 09:59:00+05:30,3781.45,3781.45,3771.65,3778.25,7773,
2024-02-13 10:00:00+05:30,3778.25,3778.25,3771.3,3775.3,3463,
2024-02-13 10:01:00+05:30,3775.3,3776.35,3771.85,3776,716,
2024-02-13 10:02:00+05:30,3776,3782.35,3774.9,3779.95,1143,
2024-02-13 10:03:00+05:30,3782,3785,3781.05,3782.6,2432,
2024-02-13 10:04:00+05:30,3781.4,3784.3,3777,3780.4,1960,
2024-02-13 10:05:00+05:30,3778.75,3781.8,3777.5,3780.7,1160,
2024-02-13 10:06:00+05:30,3780.25,3783.55,3778.5,3778.7,785,
2024-02-13 10:07:00+05:30,3780.7,3781.3,3775.45,3781.3,1277,
2024-02-13 10:08:00+05:30,3782,3782,3780,3781.5,270,
2024-02-13 10:09:00+05:30,3781.85,3782.95,3778,3781,1007,
2024-02-13 10:10:00+05:30,3781,3782.4,3777.25,3779.55,2210,
2024-02-13 10:11:00+05:30,3780.65,3790.05,3778.55,3790,1327,
2024-02-13 10:12:00+05:30,3790,3795.7,3790,3795.7,3923,
2024-02-13 10:13:00+05:30,3795.7,3798,3793.05,3797.1,1970,
2024-02-13 10:14:00+05:30,3797.1,3797.1,3791.65,3795,1323,
2024-02-13 10:15:00+05:30,3795.05,3797.35,3790.6,3790.6,805,
2024-02-13 10:16:00+05:30,3790.6,3793.95,3789.05,3793.95,1360,
2024-02-13 10:17:00+05:30,3793.95,3798.95,3791.1,3797.65,6420,
2024-02-13 10:18:00+05:30,3796.65,3800,3795.1,3799,1979,
2024-02-13 10:19:00+05:30,3798.3,3799,3792.95,3792.95,762,
2024-02-13 10:20:00+05:30,3792.95,3792.95,3783.05,3783.15,1679,
2024-02-13 10:21:00+05:30,3783.15,3790,3783.15,3789,774,
2024-02-13 10:22:00+05:30,3790.95,3790.95,3787.1,3789.75,679,
2024-02-13 10:23:00+05:30,3789.75,3789.75,3784.25,3786.85,1116,
2024-02-13 10:24:00+05:30,3786.8,3786.8,3780,3780,1603,
2024-02-13 10:25:00+05:30,3779.2,3780.95,3774.5,3775.4,3736,
2024-02-13 10:26:00+05:30,3775,3777.45,3765.2,3769,5251,
2024-02-13 10:27:00+05:30,3766.75,3770.7,3759.7,3761,7365,
2024-02-13 10:28:00+05:30,3761,3770.15,3761,3767,1057,
2024-02-13 10:29:00+05:30,3767,3767.35,3762.1,3762.1,2174,
2024-02-13 10:30:00+05:30,3762.1,3763.5,3753.2,3755,3724,
2024-02-13 10:31:00+05:30,3753.25,3759.9,3752.2,3757.4,5198,
2024-02-13 10:32:00+05:30,3756.2,3757.6,3753.2,3754.05,1135,
2024-02-13 10:33:00+05:30,3754.25,3756,3752,3753.95,970,
2024-02-13 10:34:00+05:30,3755.6,3760,3754,3756.2,586,
2024-02-13 10:35:00+05:30,3757,3762.2,3757,3761.7,422,
2024-02-13 10:36:00+05:30,3761.15,3764.75,3756.4,3756.95,2004,
2024-02-13 10:37:00+05:30,3756.95,3757.55,3755,3755.25,369,
2024-02-13 10:38:00+05:30,3755.25,3761.7,3755,3759.15,658,
2024-02-13 10:39:00+05:30,3760.9,3765.9,3758.1,3764.5,942,
2024-02-13 10:40:00+05:30,3764.5,3765.75,3758,3759.45,830,
2024-02-13 10:41:00+05:30,3761.1,3764.75,3759.45,3762.95,689,
2024-02-13 10:42:00+05:30,3761.9,3763.1,3760,3760.05,231,
2024-02-13 10:43:00+05:30,3762.3,3762.3,3758.5,3758.5,499,
2024-02-13 10:44:00+05:30,3759.75,3761.8,3758,3759.6,1037,
2024-02-13 10:45:00+05:30,3759.65,3762.45,3759.6,3761.25,458,
2024-02-13 10:46:00+05:30,3761.25,3761.3,3757.2,3758.95,673,
2024-02-13 10:47:00+05:30,3758.9,3761.2,3756.2,3756.2,645,
2024-02-13 10:48:00+05:30,3756.2,3758.1,3755.3,3755.3,1121,
2024-02-13 10:49:00+05:30,3755.3,3757.45,3754,3754.6,1341,
2024-02-13 10:50:00+05:30,3755,3755.4,3751.5,3751.5,1552,
2024-02-13 10:51:00+05:30,3751.2,3753.45,3751.1,3751.55,742,
2024-02-13 10:52:00+05:30,3751.55,3755.9,3751,3755.8,793,
2024-02-13 10:53:00+05:30,3755.75,3757.9,3751.45,3751.8,4124,
2024-02-13 10:54:00+05:30,3753.7,3755.9,3751.25,3752.2,518,
2024-02-13 10:55:00+05:30,3753,3755.2,3752,3753.3,219,
2024-02-13 10:56:00+05:30,3753.3,3755,3751.2,3754.35,1318,
2024-02-13 10:57:00+05:30,3754.95,3755.15,3751.2,3752.25,690,
2024-02-13 10:58:00+05:30,3751.4,3752.7,3751,3751,844,
2024-02-13 10:59:00+05:30,3751,3751.95,3741,3742.1,4631,
2024-02-13 11:00:00+05:30,3744,3749.35,3742.05,3747.65,771,
2024-02-13 11:01:00+05:30,3749.1,3750,3745,3747,1389,
2024-02-13 11:02:00+05:30,3746.65,3748.8,3746,3747,2923,
2024-02-13 11:03:00+05:30,3747,3747,3745.2,3746.3,750,
2024-02-13 11:04:00+05:30,3746.3,3747,3746,3746.95,370,
2024-02-13 11:05:00+05:30,3746.45,3746.95,3739.2,3741.55,5145,
2024-02-13 11:06:00+05:30,3741.1,3741.1,3735.9,3736.85,7528,
2024-02-13 11:07:00+05:30,3736.85,3740,3735.05,3736.9,1524,
2024-02-13 11:08:00+05:30,3736.95,3740,3735.5,3738.6,1925,
2024-02-13 11:09:00+05:30,3738,3738.85,3736.75,3737.55,455,
2024-02-13 11:10:00+05:30,3737.55,3738.8,3735.2,3735.95,2241,
2024-02-13 11:11:00+05:30,3735.95,3737.4,3732.85,3734,4839,
2024-02-13 11:12:00+05:30,3734.7,3740,3732.4,3738.85,10967,
2024-02-13 11:13:00+05:30,3738.7,3740,3736,3739.5,1082,
2024-02-13 11:14:00+05:30,3737.55,3739.45,3735.05,3735.6,944,
2024-02-13 11:15:00+05:30,3735.8,3736.15,3729.2,3729.2,4747,
2024-02-13 11:16:00+05:30,3728.3,3730.45,3723.1,3723.2,4443,
2024-02-13 11:17:00+05:30,3723.2,3728.85,3722.2,3724,1662,
2024-02-13 11:18:00+05:30,3724,3724.8,3720.55,3722.35,1802,
2024-02-13 11:19:00+05:30,3724.8,3724.8,3713,3721.1,4704,
2024-02-13 11:20:00+05:30,3721.6,3724.15,3716.95,3721,2063,
2024-02-13 11:21:00+05:30,3718.3,3718.95,3715,3716.45,1639,
2024-02-13 11:22:00+05:30,3716.15,3719.4,3710,3712,1598,
2024-02-13 11:23:00+05:30,3713.05,3715.8,3710.7,3711.95,756,
2024-02-13 11:24:00+05:30,3712.5,3715.25,3710.05,3713.15,1207,
2024-02-13 11:25:00+05:30,3715.35,3719.45,3715.25,3716.85,1603,
2024-02-13 11:26:00+05:30,3716.85,3718,3712.1,3714.1,796,
2024-02-13 11:27:00+05:30,3714.1,3722.65,3714.1,3718.15,2137,
2024-02-13 11:28:00+05:30,3718.15,3720.15,3714.1,3714.7,851,
2024-02-13 11:29:00+05:30,3714.7,3715,3705.45,3705.45,4387,
2024-02-13 11:30:00+05:30,3705.2,3707.5,3692.25,3702.5,7663,
2024-02-13 11:31:00+05:30,3702.5,3713.6,3700,3712.05,3464,
2024-02-13 11:32:00+05:30,3713.75,3715.15,3710.85,3713,1638,
2024-02-13 11:33:00+05:30,3713.65,3714,3706,3708.2,2024,
2024-02-13 11:34:00+05:30,3707.6,3709.15,3702.8,3705.75,1480,
2024-02-13 11:35:00+05:30,3706,3707.8,3703.8,3705,959,
2024-02-13 11:36:00+05:30,3705,3707,3703.6,3706.05,1328,
2024-02-13 11:37:00+05:30,3703.65,3707.55,3701.3,3704.9,1160,
2024-02-13 11:38:00+05:30,3704.9,3704.9,3696.3,3701,1380,
2024-02-13 11:39:00+05:30,3699.7,3702,3696,3696,1081,
2024-02-13 11:40:00+05:30,3696,3700,3695,3699.35,916,
2024-02-13 11:41:00+05:30,3699.95,3703.05,3697.2,3697.2,7490,
2024-02-13 11:42:00+05:30,3697.25,3699.4,3695.2,3699,1023,
2024-02-13 11:43:00+05:30,3699,3700,3696.3,3698.55,650,
2024-02-13 11:44:00+05:30,3698,3700,3697.5,3698,782,
2024-02-13 11:45:00+05:30,3699.9,3699.9,3692.65,3696.8,1547,
2024-02-13 11:46:00+05:30,3695.1,3698.45,3695.1,3695.15,405,
2024-02-13 11:47:00+05:30,3695.1,3695.8,3687.75,3690.85,3526,
2024-02-13 11:48:00+05:30,3693.15,3696,3690.8,3692,1174,
2024-02-13 11:49:00+05:30,3692,3694.8,3692,3692.4,460,
2024-02-13 11:50:00+05:30,3692.2,3697.85,3692.1,3695,560,
2024-02-13 11:51:00+05:30,3696.05,3702.9,3695,3699.6,4604,
2024-02-13 11:52:00+05:30,3700.1,3704.7,3696.55,3703.2,3649,
2024-02-13 11:53:00+05:30,3703.2,3707.65,3703.1,3707,522,
2024-02-13 11:54:00+05:30,3707.65,3712,3707,3710.4,1956,
2024-02-13 11:55:00+05:30,3710.4,3711.85,3705.1,3710.95,1074,
2024-02-13 11:56:00+05:30,3710.15,3712.6,3708.75,3710.15,715,
2024-02-13 11:57:00+05:30,3710.05,3712,3709,3709,343,
2024-02-13 11:58:00+05:30,3709,3711.95,3706.05,3709.2,1111,
2024-02-13 11:59:00+05:30,3709.2,3712.75,3708.05,3710.4,903,
2024-02-13 12:00:00+05:30,3710.4,3713.8,3710.05,3713.7,1372,
2024-02-13 12:01:00+05:30,3713.7,3715,3710.55,3714.1,1544,
2024-02-13 12:02:00+05:30,3716,3719.5,3710.05,3716,1630,
2024-02-13 12:03:00+05:30,3717.45,3717.45,3711.95,3713.2,635,
2024-02-13 12:04:00+05:30,3712.95,3715.95,3710,3710,1127,
2024-02-13 12:05:00+05:30,3710,3712.45,3707.95,3710.55,1694,
2024-02-13 12:06:00+05:30,3710,3716.75,3710,3716.75,590,
2024-02-13 12:07:00+05:30,3714.4,3719.75,3714.4,3718,1048,
2024-02-13 12:08:00+05:30,3718,3720.7,3716.75,3719.3,1817,
2024-02-13 12:09:00+05:30,3718.2,3723.45,3718,3720.7,1864,
2024-02-13 12:10:00+05:30,3720.55,3722.95,3717.7,3718.15,993,
2024-02-13 12:11:00+05:30,3718.15,3720.5,3717.05,3718.75,848,
2024-02-13 12:12:00+05:30,3718,3719.2,3712.6,3712.6,718,
2024-02-13 12:13:00+05:30,3714.9,3714.9,3709.6,3711.6,1545,
2024-02-13 12:14:00+05:30,3711.6,3712.2,3709.2,3710,1947,
2024-02-13 12:15:00+05:30,3711.8,3712.35,3709,3709,533,
2024-02-13 12:16:00+05:30,3708.95,3717.65,3708.2,3715.8,867,
2024-02-13 12:17:00+05:30,3715.8,3718.6,3714,3714.05,362,
2024-02-13 12:18:00+05:30,3715.95,3717,3710.45,3711.45,1986,
2024-02-13 12:19:00+05:30,3711.55,3713.8,3708.2,3709.1,2325,
2024-02-13 12:20:00+05:30,3709.1,3709.3,3705.2,3705.55,1442,
2024-02-13 12:21:00+05:30,3705.2,3706.35,3701.45,3703,2398,
2024-02-13 12:22:00+05:30,3703,3704.65,3700.65,3702.3,996,
2024-02-13 12:23:00+05:30,3700.85,3702.65,3698.2,3698.25,828,
2024-02-13 12:24:00+05:30,3698.2,3699.9,3696,3696,536,
2024-02-13 12:25:00+05:30,3696,3699,3695.4,3698.75,1121,
2024-02-13 12:26:00+05:30,3698.75,3698.75,3696,3696,702,
2024-02-13 12:27:00+05:30,3698,3698.5,3696,3698.5,467,
2024-02-13 12:28:00+05:30,3697.5,3702,3697.45,3697.55,1254,
2024-02-13 12:29:00+05:30,3697.55,3700,3697.55,3698.35,332,
2024-02-13 12:30:00+05:30,3698.45,3701.95,3696.75,3696.8,1980,
2024-02-13 12:31:00+05:30,3696.8,3699.75,3696.7,3699.35,296,
2024-02-13 12:32:00+05:30,3699.35,3699.35,3693.2,3693.2,1555,
2024-02-13 12:33:00+05:30,3693,3697.95,3692.75,3694.8,1097,
2024-02-13 12:34:00+05:30,3694.8,3700.65,3693.85,3698,2324,
2024-02-13 12:35:00+05:30,3699.75,3700.7,3695.05,3700.7,682,
2024-02-13 12:36:00+05:30,3700.7,3700.85,3693,3693.6,1218,
2024-02-13 12:37:00+05:30,3693.6,3699.05,3693,3699.05,466,
2024-02-13 12:38:00+05:30,3698.2,3702.8,3698.2,3699.4,540,
2024-02-13 12:39:00+05:30,3700.4,3707.7,3699.55,3702.55,1272,
2024-02-13 12:40:00+05:30,3702.5,3704.7,3700.5,3703.6,464,
2024-02-13 12:41:00+05:30,3703.6,3704.35,3700.1,3700.95,404,
2024-02-13 12:42:00+05:30,3702.2,3704.85,3700.65,3702.65,1369,
2024-02-13 12:43:00+05:30,3702.65,3709.7,3702.65,3708.15,1939,
2024-02-13 12:44:00+05:30,3707.45,3710.7,3707.05,3708,909,
2024-02-13 12:45:00+05:30,3708,3715.1,3708,3713.9,1789,
2024-02-13 12:46:00+05:30,3713.9,3715.7,3711,3713.2,1130,
2024-02-13 12:47:00+05:30,3713.2,3713.3,3708.05,3708.45,518,
2024-02-13 12:48:00+05:30,3708.45,3711.15,3708,3708.65,800,
2024-02-13 12:49:00+05:30,3708.7,3710.4,3708,3708,236,
2024-02-13 12:50:00+05:30,3708,3710,3703.2,3706.9,1641,
2024-02-13 12:51:00+05:30,3706.8,3710,3704.65,3705.9,1191,
2024-02-13 12:52:00+05:30,3705.9,3706.6,3702.2,3702.25,215,
2024-02-13 12:53:00+05:30,3702.25,3705.6,3702.2,3703.6,253,
2024-02-13 12:54:00+05:30,3704.25,3705.8,3701.2,3701.2,638,
2024-02-13 12:55:00+05:30,3701.2,3703.6,3700.6,3701.2,150,
2024-02-13 12:56:00+05:30,3700.55,3702.5,3700.2,3700.25,220,
2024-02-13 12:57:00+05:30,3700.2,3702.4,3697.05,3697.85,2827,
2024-02-13 12:58:00+05:30,3697.85,3700,3696.85,3698.1,2143,
2024-02-13 12:59:00+05:30,3698,3700,3698,3698,244,
2024-02-13 13:00:00+05:30,3698,3700,3698,3699.95,1234,
2024-02-13 13:01:00+05:30,3699.95,3707.85,3698.5,3706.95,1874,
2024-02-13 13:02:00+05:30,3704.8,3708.7,3704.55,3708.2,539,
2024-02-13 13:03:00+05:30,3708.7,3709.7,3705.15,3705.55,476,
2024-02-13 13:04:00+05:30,3705.55,3707.9,3704.8,3705.8,292,
2024-02-13 13:05:00+05:30,3705.8,3710.2,3704,3704,1029,
2024-02-13 13:06:00+05:30,3702.4,3704.95,3699.85,3700.15,1435,
2024-02-13 13:07:00+05:30,3700.1,3701.4,3698.5,3699.95,404,
2024-02-13 13:08:00+05:30,3699.2,3700.65,3698.2,3699.1,175,
2024-02-13 13:09:00+05:30,3698.2,3703.65,3698.2,3701,343,
2024-02-13 13:10:00+05:30,3701,3702.85,3700,3701.05,183,
2024-02-13 13:11:00+05:30,3701.05,3703.05,3700,3701.15,199,
2024-02-13 13:12:00+05:30,3700.3,3702.55,3700.05,3700.05,271,
2024-02-13 13:13:00+05:30,3700.05,3700.6,3695,3695,1725,
2024-02-13 13:14:00+05:30,3695,3696.85,3694.2,3695,623,
2024-02-13 13:15:00+05:30,3695,3696,3695,3695.5,383,
2024-02-13 13:16:00+05:30,3695,3695.5,3693,3693,506,
2024-02-13 13:17:00+05:30,3695.5,3699.5,3693,3698.1,519,
2024-02-13 13:18:00+05:30,3698.1,3699.75,3696.7,3697.1,278,
2024-02-13 13:19:00+05:30,3697.05,3698.75,3695.9,3696.5,487,
2024-02-13 13:20:00+05:30,3696.5,3698.65,3696.5,3697.55,272,
2024-02-13 13:21:00+05:30,3697.15,3698.5,3696.5,3698.45,196,
2024-02-13 13:22:00+05:30,3698.45,3702.7,3698.45,3701.6,873,
2024-02-13 13:23:00+05:30,3701.6,3701.9,3701,3701.5,283,
2024-02-13 13:24:00+05:30,3702.15,3703.15,3701,3702.6,151,
2024-02-13 13:25:00+05:30,3701.05,3702.6,3700,3700.9,582,
2024-02-13 13:26:00+05:30,3700.9,3702.05,3700.5,3701.5,234,
2024-02-13 13:27:00+05:30,3700.65,3706,3700.5,3705,1029,
2024-02-13 13:28:00+05:30,3705,3706,3701.2,3701.55,663,
2024-02-13 13:29:00+05:30,3701.55,3703.65,3701,3701,195,
2024-02-13 13:30:00+05:30,3701,3706.7,3700.5,3706.7,1153,
2024-02-13 13:31:00+05:30,3704.7,3705,3702.4,3704.45,335,
2024-02-13 13:32:00+05:30,3704.4,3707.5,3703.65,3706.25,1345,
2024-02-13 13:33:00+05:30,3705,3706,3704.55,3705.25,368,
2024-02-13 13:34:00+05:30,3705.25,3708.35,3704.85,3705.05,680,
2024-02-13 13:35:00+05:30,3705.05,3706.95,3703,3703.65,341,
2024-02-13 13:36:00+05:30,3703.65,3710.7,3703,3709.1,2042,
2024-02-13 13:37:00+05:30,3710.65,3713.2,3709.2,3710,1795,
2024-02-13 13:38:00+05:30,3710,3715,3708.15,3708.2,1485,
2024-02-13 13:39:00+05:30,3708.75,3709.9,3707.7,3709.55,283,
2024-02-13 13:40:00+05:30,3709.55,3712.95,3706.45,3710.2,1134,
2024-02-13 13:41:00+05:30,3710.2,3712.6,3708.85,3711.15,297,
2024-02-13 13:42:00+05:30,3710.95,3712.75,3708.85,3711.05,806,
2024-02-13 13:43:00+05:30,3711.05,3714,3710.4,3711.9,667,
2024-02-13 13:44:00+05:30,3710.45,3712.35,3710.15,3711.5,522,
2024-02-13 13:45:00+05:30,3711.1,3712.9,3710,3710,687,
2024-02-13 13:46:00+05:30,3710,3711.95,3709.1,3711.95,699,
2024-02-13 13:47:00+05:30,3711.95,3712,3706.2,3706.2,586,
2024-02-13 13:48:00+05:30,3706.2,3708.1,3706.1,3706.1,173,
2024-02-13 13:49:00+05:30,3706.15,3709.9,3706.1,3706.15,415,
2024-02-13 13:50:00+05:30,3706.15,3711.95,3706.15,3709.1,573,
2024-02-13 13:51:00+05:30,3709.1,3709.85,3706.2,3707.05,244,
2024-02-13 13:52:00+05:30,3707.05,3708.4,3704.9,3705.65,785,
2024-02-13 13:53:00+05:30,3705.65,3709.9,3705.65,3707.75,224,
2024-02-13 13:54:00+05:30,3707.6,3709.85,3707.6,3709,254,
2024-02-13 13:55:00+05:30,3708.45,3709,3706.25,3706.3,608,
2024-02-13 13:56:00+05:30,3706.25,3710,3706.25,3707.15,488,
2024-02-13 13:57:00+05:30,3707.3,3709.55,3707.15,3709,171,
2024-02-13 13:58:00+05:30,3709,3709,3707.1,3708.8,183,
2024-02-13 13:59:00+05:30,3707.15,3708.05,3706.8,3708.05,394,
2024-02-13 14:00:00+05:30,3708.05,3709,3706.55,3708,333,
2024-02-13 14:01:00+05:30,3707.95,3711.95,3706.95,3709.55,421,
2024-02-13 14:02:00+05:30,3709.55,3711.5,3706.55,3706.7,207,
2024-02-13 14:03:00+05:30,3706.7,3710.75,3706.7,3708.1,385,
2024-02-13 14:04:00+05:30,3708.1,3710,3706.7,3706.7,198,
2024-02-13 14:05:00+05:30,3706.7,3709.2,3706.6,3706.95,307,
2024-02-13 14:06:00+05:30,3706,3707.2,3705.25,3705.25,251,
2024-02-13 14:07:00+05:30,3705.25,3707.3,3705.25,3705.25,192,
2024-02-13 14:08:00+05:30,3705.25,3707.9,3704.6,3704.65,748,
2024-02-13 14:09:00+05:30,3704.5,3706.6,3704,3706.1,338,
2024-02-13 14:10:00+05:30,3707.05,3707.55,3704.1,3705.5,303,
2024-02-13 14:11:00+05:30,3705.5,3706.1,3700,3702.1,4616,
2024-02-13 14:12:00+05:30,3702.1,3703.8,3700.65,3702.4,364,
2024-02-13 14:13:00+05:30,3702.35,3704.3,3700,3700.7,808,
2024-02-13 14:14:00+05:30,3700.7,3702.9,3699.1,3700.95,646,
2024-02-13 14:15:00+05:30,3701.05,3705.45,3700.75,3703,2491,
2024-02-13 14:16:00+05:30,3703,3703.15,3700.2,3702.05,1876,
2024-02-13 14:17:00+05:30,3702.85,3705.65,3702,3705,1183,
2024-02-13 14:18:00+05:30,3705,3705.95,3702.15,3702.15,402,
2024-02-13 14:19:00+05:30,3702.25,3705.1,3702.25,3702.75,329,
2024-02-13 14:20:00+05:30,3702.65,3704.7,3702.6,3703.25,579,
2024-02-13 14:21:00+05:30,3703.25,3705.5,3702.2,3703.65,455,
2024-02-13 14:22:00+05:30,3703.65,3703.65,3700,3700.1,481,
2024-02-13 14:23:00+05:30,3701.8,3701.8,3699.4,3699.5,429,
2024-02-13 14:24:00+05:30,3699,3701.5,3698.9,3699.6,490,
2024-02-13 14:25:00+05:30,3699.6,3700.8,3699.05,3699.05,360,
2024-02-13 14:26:00+05:30,3699.05,3705,3699.05,3703.25,827,
2024-02-13 14:27:00+05:30,3703.35,3705.5,3703.25,3703.55,466,
2024-02-13 14:28:00+05:30,3703.5,3704.25,3701.3,3702.2,958,
2024-02-13 14:29:00+05:30,3702.2,3703.4,3700,3701.05,6670,
2024-02-13 14:30:00+05:30,3701.05,3704.8,3698.6,3700.15,7403,
2024-02-13 14:31:00+05:30,3700.15,3700.85,3695.9,3695.9,1781,
2024-02-13 14:32:00+05:30,3695.9,3702.45,3695.85,3700.4,547,
2024-02-13 14:33:00+05:30,3699.6,3702.9,3699.6,3700.05,494,
2024-02-13 14:34:00+05:30,3700,3700.7,3700,3700,446,
2024-02-13 14:35:00+05:30,3700,3701.2,3698,3698.6,380,
2024-02-13 14:36:00+05:30,3698,3699.8,3696.6,3697.5,616,
2024-02-13 14:37:00+05:30,3697.4,3702,3697.4,3701.75,560,
2024-02-13 14:38:00+05:30,3701.5,3701.75,3700.25,3700.35,559,
2024-02-13 14:39:00+05:30,3700.35,3701.3,3698,3698.1,622,
2024-02-13 14:40:00+05:30,3698,3700.45,3696.5,3698.1,747,
2024-02-13 14:41:00+05:30,3698.1,3701.55,3697.9,3700,411,
2024-02-13 14:42:00+05:30,3700,3700.05,3697.85,3698.7,316,
2024-02-13 14:43:00+05:30,3698.7,3699.95,3697,3697.1,438,
2024-02-13 14:44:00+05:30,3697.05,3699,3696.2,3696.2,827,
2024-02-13 14:45:00+05:30,3696.2,3697.8,3695.95,3696.7,507,
2024-02-13 14:46:00+05:30,3696.8,3698.2,3694.25,3694.55,1777,
2024-02-13 14:47:00+05:30,3694.5,3695.4,3694.2,3694.2,484,
2024-02-13 14:48:00+05:30,3693.3,3695.7,3691.5,3693.85,2069,
2024-02-13 14:49:00+05:30,3693.9,3696.25,3693.35,3693.85,820,
2024-02-13 14:50:00+05:30,3693.9,3695.5,3690.2,3690.4,1972,
2024-02-13 14:51:00+05:30,3690.4,3696,3690.4,3693.7,3370,
2024-02-13 14:52:00+05:30,3693.85,3695,3692.9,3695,684,
2024-02-13 14:53:00+05:30,3693.65,3697.95,3693,3696.9,875,
2024-02-13 14:54:00+05:30,3695.7,3696.9,3694.7,3694.7,782,
2024-02-13 14:55:00+05:30,3695.95,3696.3,3693.65,3694,742,
2024-02-13 14:56:00+05:30,3694,3695,3691.5,3691.5,745,
2024-02-13 14:57:00+05:30,3691.5,3691.95,3690.2,3690.75,816,
2024-02-13 14:58:00+05:30,3690.75,3691,3687.7,3689,3244,
2024-02-13 14:59:00+05:30,3690,3691.7,3687,3690.3,1285,
2024-02-13 15:00:00+05:30,3691.7,3695,3690.05,3694.65,1773,
2024-02-13 15:01:00+05:30,3694.6,3697.7,3694.6,3696.8,2419,
2024-02-13 15:02:00+05:30,3696.8,3699.95,3696.5,3699.2,1927,
2024-02-13 15:03:00+05:30,3698.45,3701,3698.4,3700.25,1563,
2024-02-13 15:04:00+05:30,3700.2,3701.8,3700,3700,813,
2024-02-13 15:05:00+05:30,3700,3701.9,3700,3701.2,1102,
2024-02-13 15:06:00+05:30,3700.85,3701.95,3700.4,3701.35,588,
2024-02-13 15:07:00+05:30,3701.2,3702,3697.8,3698.95,3806,
2024-02-13 15:08:00+05:30,3698.95,3700,3698.4,3699,1211,
2024-02-13 15:09:00+05:30,3698.55,3702.7,3698.55,3702.7,5034,
2024-02-13 15:10:00+05:30,3703.1,3705.6,3702.65,3702.8,2351,
2024-02-13 15:11:00+05:30,3702.8,3704.45,3698,3698.1,2187,
2024-02-13 15:12:00+05:30,3698.1,3700.45,3697.85,3698.25,1871,
2024-02-13 15:13:00+05:30,3697.85,3701.55,3697.85,3700,1409,
2024-02-13 15:14:00+05:30,3700.15,3702.65,3699.95,3701.15,1761,
2024-02-13 15:15:00+05:30,3701.15,3702.75,3698.95,3701,2024,
2024-02-13 15:16:00+05:30,3701,3702.45,3699.25,3700.85,3045,
2024-02-13 15:17:00+05:30,3701.4,3702.6,3699.45,3702.1,2422,
2024-02-13 15:18:00+05:30,3702.1,3703.95,3698.5,3701.35,4224,
2024-02-13 15:19:00+05:30,3701.3,3703,3700,3700.75,1146,
2024-02-13 15:20:00+05:30,3700.8,3702.25,3698.5,3700,4586,
2024-02-13 15:21:00+05:30,3700,3701.95,3699.55,3700.15,1619,
2024-02-13 15:22:00+05:30,3700.1,3702.4,3700,3700.05,955,
2024-02-13 15:23:00+05:30,3700.05,3702.7,3700.05,3701.75,1202,
2024-02-13 15:24:00+05:30,3702,3704.45,3700.85,3701.1,1289,
2024-02-13 15:25:00+05:30,3701.15,3702,3700,3700,1387,
2024-02-13 15:26:00+05:30,3701,3701.2,3700,3701,1064,
2024-02-13 15:27:00+05:30,3701.7,3702.8,3700.75,3702,957,
2024-02-13 15:28:00+05:30,3702.7,3702.7,3700,3701,843,
2024-02-13 15:29:00+05:30,3702,3702.7,3700,3700,1660,
2024-02-14 09:15:00+05:30,3690,3695.9,3664.15,3664.15,3881,
2024-02-14 09:16:00+05:30,3664,3672.45,3661.7,3667,2663,
2024-02-14 09:17:00+05:30,3666,3667.35,3651.3,3659.9,3756,
2024-02-14 09:18:00+05:30,3662.45,3664,3655,3655,1757,
2024-02-14 09:19:00+05:30,3656,3662.15,3656,3660.2,2267,
2024-02-14 09:20:00+05:30,3660.2,3660.2,3645.3,3646.15,2850,
2024-02-14 09:21:00+05:30,3647.2,3657.95,3645.5,3654.1,3474,
2024-02-14 09:22:00+05:30,3653.15,3659.3,3652.55,3656.6,1648,
2024-02-14 09:23:00+05:30,3653.8,3663.95,3653.8,3661.2,994,
2024-02-14 09:24:00+05:30,3663.9,3668.5,3660.55,3668.5,957,
2024-02-14 09:25:00+05:30,3667.85,3672.5,3666.45,3672.5,794,
2024-02-14 09:26:00+05:30,3672.5,3679.9,3672.1,3675.95,1229,
2024-02-14 09:27:00+05:30,3675.95,3675.95,3666.2,3668.8,772,
2024-02-14 09:28:00+05:30,3666.8,3673.65,3666.8,3670.85,1012,
2024-02-14 09:29:00+05:30,3670.85,3673.9,3665.45,3667.3,1513,
2024-02-14 09:30:00+05:30,3667.3,3667.6,3659.1,3662.2,1544,
2024-02-14 09:31:00+05:30,3660.25,3660.3,3648.05,3650,1885,
2024-02-14 09:32:00+05:30,3648.15,3650.05,3648,3648,870,
2024-02-14 09:33:00+05:30,3649.3,3649.3,3642.65,3643.15,2223,
2024-02-14 09:34:00+05:30,3643.15,3647.65,3642,3644,2457,
2024-02-14 09:35:00+05:30,3644,3647.3,3641.35,3644.7,1758,
2024-02-14 09:36:00+05:30,3646.15,3646.15,3636.25,3640.4,3801,
2024-02-14 09:37:00+05:30,3638.05,3645,3638.05,3642.4,1134,
2024-02-14 09:38:00+05:30,3642.4,3647.55,3642.4,3645.1,572,
2024-02-14 09:39:00+05:30,3646,3646.95,3640,3641.95,2704,
2024-02-14 09:40:00+05:30,3641.1,3645.3,3640,3642,1414,
2024-02-14 09:41:00+05:30,3642,3642.1,3638,3639.95,2488,
2024-02-14 09:42:00+05:30,3639.95,3645,3636.25,3645,718,
2024-02-14 09:43:00+05:30,3646,3647,3643,3643.95,1409,
2024-02-14 09:44:00+05:30,3643.9,3645.9,3637.2,3637.7,2927,
2024-02-14 09:45:00+05:30,3640.25,3640.25,3633.85,3636.05,1792,
2024-02-14 09:46:00+05:30,3636.3,3639.6,3636,3638,952,
2024-02-14 09:47:00+05:30,3639.15,3642.2,3636.6,3642.2,2606,
2024-02-14 09:48:00+05:30,3642.15,3644.3,3636.6,3642.45,1660,
2024-02-14 09:49:00+05:30,3642.45,3645,3641.4,3643.15,111,
2024-02-14 09:50:00+05:30,3643.15,3643.25,3639.05,3643.25,498,
2024-02-14 09:51:00+05:30,3643.25,3648.35,3641.05,3648.35,571,
2024-02-14 09:52:00+05:30,3648.35,3652.4,3645.55,3650.4,2712,
2024-02-14 09:53:00+05:30,3650.4,3652.35,3648.75,3651.9,354,
2024-02-14 09:54:00+05:30,3651.9,3652.7,3648.55,3650.1,1834,
2024-02-14 09:55:00+05:30,3650.1,3652.3,3648.5,3649.35,309,
2024-02-14 09:56:00+05:30,3649.35,3650.35,3645,3645,347,
2024-02-14 09:57:00+05:30,3645,3647.35,3641.55,3643.05,1627,
2024-02-14 09:58:00+05:30,3643.05,3643.05,3637.4,3642.9,2218,
2024-02-14 09:59:00+05:30,3643.2,3644.05,3638.65,3642.4,1450,
2024-02-14 10:00:00+05:30,3642.4,3643,3639,3640,613,
2024-02-14 10:01:00+05:30,3640,3642.95,3638.45,3642.2,339,
2024-02-14 10:02:00+05:30,3642.2,3643.3,3640.05,3643.3,854,
2024-02-14 10:03:00+05:30,3643.3,3648.95,3640.85,3644.85,1845,
2024-02-14 10:04:00+05:30,3644.85,3646.5,3640.5,3646.5,804,
2024-02-14 10:05:00+05:30,3643.55,3646.5,3642.1,3642.9,62,
2024-02-14 10:06:00+05:30,3642.9,3642.9,3634.2,3634.2,1366,
2024-02-14 10:07:00+05:30,3634.2,3637.85,3632.05,3635.5,1428,
2024-02-14 10:08:00+05:30,3635.5,3638.95,3634.15,3638.15,1005,
2024-02-14 10:09:00+05:30,3638.15,3639.9,3636.95,3639.9,420,
2024-02-14 10:10:00+05:30,3639.9,3641.95,3638,3640,5527,
2024-02-14 10:11:00+05:30,3639.4,3642.7,3638.25,3641,908,
2024-02-14 10:12:00+05:30,3641,3642.8,3640.2,3642,224,
2024-02-14 10:13:00+05:30,3642,3645,3641.15,3641.35,1066,
2024-02-14 10:14:00+05:30,3641.35,3643.2,3641.35,3641.65,136,
2024-02-14 10:15:00+05:30,3641.65,3642.95,3639,3639,1014,
2024-02-14 10:16:00+05:30,3639.75,3642.35,3639,3640.4,385,
2024-02-14 10:17:00+05:30,3640.4,3641.7,3640,3641.5,449,
2024-02-14 10:18:00+05:30,3641.5,3642.1,3637.25,3639.2,935,
2024-02-14 10:19:00+05:30,3639.2,3640.85,3635.1,3640.65,4432,
2024-02-14 10:20:00+05:30,3640.2,3642.5,3635.1,3636.85,2077,
2024-02-14 10:21:00+05:30,3636.85,3638.65,3634,3638.6,8523,
2024-02-14 10:22:00+05:30,3638.6,3638.6,3635.05,3636.75,1517,
2024-02-14 10:23:00+05:30,3636.75,3638.75,3635.1,3636.5,390,
2024-02-14 10:24:00+05:30,3636.5,3641.4,3636.05,3639,571,
2024-02-14 10:25:00+05:30,3639,3643.2,3637.05,3641.65,1155,
2024-02-14 10:26:00+05:30,3641.65,3643.2,3641.3,3641.3,240,
2024-02-14 10:27:00+05:30,3641.3,3643.2,3639.6,3640.05,2441,
2024-02-14 10:28:00+05:30,3640.05,3643.2,3640.05,3642,1132,
2024-02-14 10:29:00+05:30,3643.05,3644.05,3641.25,3642.5,315,
2024-02-14 10:30:00+05:30,3642.5,3644.7,3642.5,3643,454,
2024-02-14 10:31:00+05:30,3643,3646.7,3643,3646.65,1142,
2024-02-14 10:32:00+05:30,3647.7,3658.1,3647.7,3658.1,1761,
2024-02-14 10:33:00+05:30,3657,3662.85,3657,3658,2932,
2024-02-14 10:34:00+05:30,3658,3661,3658,3660.1,3095,
2024-02-14 10:35:00+05:30,3660.1,3660.3,3658.35,3658.35,1015,
2024-02-14 10:36:00+05:30,3658.35,3660.9,3658.35,3659.7,3408,
2024-02-14 10:37:00+05:30,3659.7,3660.7,3659.65,3660.1,5059,
2024-02-14 10:38:00+05:30,3660.1,3665.3,3660.05,3662.8,2884,
2024-02-14 10:39:00+05:30,3662.8,3664,3662.8,3663.75,607,
2024-02-14 10:40:00+05:30,3663.75,3663.75,3657.65,3657.7,504,
2024-02-14 10:41:00+05:30,3657.7,3660.7,3657.7,3660.65,4929,
2024-02-14 10:42:00+05:30,3660.65,3660.65,3659.5,3660.05,1318,
2024-02-14 10:43:00+05:30,3660.05,3660.3,3660.05,3660.1,6639,
2024-02-14 10:44:00+05:30,3660.1,3660.35,3659.95,3660.3,7520,
2024-02-14 10:45:00+05:30,3660.3,3664.95,3660.3,3663.5,912,
2024-02-14 10:46:00+05:30,3663.5,3663.75,3662.7,3663.45,887,
2024-02-14 10:47:00+05:30,3663.45,3665,3661.2,3663.2,2183,
2024-02-14 10:48:00+05:30,3662.3,3662.3,3660.05,3661.2,103,
2024-02-14 10:49:00+05:30,3661.2,3661.3,3660,3660,74,
2024-02-14 10:50:00+05:30,3660,3660.25,3658.4,3660.25,755,
2024-02-14 10:51:00+05:30,3660.25,3661.4,3659.75,3660.2,144,
2024-02-14 10:52:00+05:30,3660.2,3661.1,3660.1,3660.85,46,
2024-02-14 10:53:00+05:30,3660.85,3662,3660,3662,481,
2024-02-14 10:54:00+05:30,3662,3663,3661.45,3662.75,109,
2024-02-14 10:55:00+05:30,3662.75,3663.1,3660.6,3661,282,
2024-02-14 10:56:00+05:30,3661,3663.3,3660.55,3662.95,223,
2024-02-14 10:57:00+05:30,3663.3,3664.7,3660.85,3661.05,4318,
2024-02-14 10:58:00+05:30,3661.05,3663.2,3661.05,3661.65,41,
2024-02-14 10:59:00+05:30,3661.65,3662.95,3660.5,3661.85,445,
2024-02-14 11:00:00+05:30,3661.85,3661.85,3656.25,3658.25,393,
2024-02-14 11:01:00+05:30,3658.25,3658.3,3656.05,3657.65,184,
2024-02-14 11:02:00+05:30,3657.65,3658,3653,3654.05,305,
2024-02-14 11:03:00+05:30,3653.8,3653.8,3650.05,3651.7,352,
2024-02-14 11:04:00+05:30,3651.7,3653.8,3647.85,3653.8,5223,
2024-02-14 11:05:00+05:30,3651.15,3654.45,3650.7,3653.95,82,
2024-02-14 11:06:00+05:30,3652.55,3653.9,3650.05,3650.05,199,
2024-02-14 11:07:00+05:30,3650.05,3652.15,3650.05,3650.15,403,
2024-02-14 11:08:00+05:30,3650.1,3651.45,3650.1,3650.1,282,
2024-02-14 11:09:00+05:30,3650.1,3652.75,3650.1,3652.75,301,
2024-02-14 11:10:00+05:30,3652.75,3654.3,3650.7,3651.55,78,
2024-02-14 11:11:00+05:30,3651.55,3652.5,3650.1,3650.15,469,
2024-02-14 11:12:00+05:30,3650.15,3651.9,3650.1,3650.15,622,
2024-02-14 11:13:00+05:30,3650.1,3652.35,3649,3652.05,2749,
2024-02-14 11:14:00+05:30,3650.2,3651,3650.1,3650.1,92,
2024-02-14 11:15:00+05:30,3650.1,3650.6,3647.6,3647.6,351,
2024-02-14 11:16:00+05:30,3647.6,3652.3,3647.6,3650.4,3798,
2024-02-14 11:17:00+05:30,3650.95,3652.2,3650.05,3650.05,633,
2024-02-14 11:18:00+05:30,3650.05,3651.45,3650.05,3650.1,456,
2024-02-14 11:19:00+05:30,3650.1,3651.55,3650.05,3650.1,151,
2024-02-14 11:20:00+05:30,3650.1,3654,3650,3653,1179,
2024-02-14 11:21:00+05:30,3653,3653.3,3650,3650.6,174,
2024-02-14 11:22:00+05:30,3650.6,3652.45,3650.5,3651.15,649,
2024-02-14 11:23:00+05:30,3652,3652,3651.1,3651.1,76,
2024-02-14 11:24:00+05:30,3651.1,3653.95,3651.1,3651.3,3056,
2024-02-14 11:25:00+05:30,3651.3,3653.75,3651.1,3652.1,78,
2024-02-14 11:26:00+05:30,3652.15,3653.65,3652.1,3652.65,70,
2024-02-14 11:27:00+05:30,3652.65,3654.35,3652.65,3653,238,
2024-02-14 11:28:00+05:30,3652.95,3658,3652.95,3658,563,
2024-02-14 11:29:00+05:30,3656.25,3659,3656,3656,272,
2024-02-14 11:30:00+05:30,3656,3660,3656,3659.9,216,
2024-02-14 11:31:00+05:30,3658.15,3661.05,3658.15,3660.95,2548,
2024-02-14 11:32:00+05:30,3660.25,3660.95,3660.25,3660.75,413,
2024-02-14 11:33:00+05:30,3660.75,3662.85,3660.25,3662.25,730,
2024-02-14 11:34:00+05:30,3660.9,3662.85,3660.25,3661.6,376,
2024-02-14 11:35:00+05:30,3660.25,3662.45,3660.25,3661.65,300,
2024-02-14 11:36:00+05:30,3660.2,3661.95,3660.2,3661.7,1605,
2024-02-14 11:37:00+05:30,3661,3664.9,3660.05,3663.1,596,
2024-02-14 11:38:00+05:30,3663.1,3663.1,3660.5,3661,372,
2024-02-14 11:39:00+05:30,3660.8,3663.8,3660.5,3661.6,433,
2024-02-14 11:40:00+05:30,3661.6,3663.85,3661.05,3662.95,122,
2024-02-14 11:41:00+05:30,3661.25,3662.95,3661.25,3662.1,102,
2024-02-14 11:42:00+05:30,3661.25,3661.65,3661,3661,114,
2024-02-14 11:43:00+05:30,3661,3663.5,3661,3663.5,333,
2024-02-14 11:44:00+05:30,3662.1,3665,3662.1,3663.25,670,
2024-02-14 11:45:00+05:30,3663.25,3663.95,3660.1,3660.1,323,
2024-02-14 11:46:00+05:30,3660.1,3661.6,3659.55,3661.6,107,
2024-02-14 11:47:00+05:30,3661.6,3662,3660,3660,1288,
2024-02-14 11:48:00+05:30,3660,3662,3659.45,3662,133,
2024-02-14 11:49:00+05:30,3660.6,3662.8,3660.1,3661,217,
2024-02-14 11:50:00+05:30,3660.35,3662.95,3660.35,3662.95,105,
2024-02-14 11:51:00+05:30,3661.2,3662.9,3661.15,3662,74,
2024-02-14 11:52:00+05:30,3662,3663.85,3661.95,3663.5,125,
2024-02-14 11:53:00+05:30,3662.25,3664,3662.2,3663.9,685,
2024-02-14 11:54:00+05:30,3662.25,3663.95,3660.05,3660.05,241,
2024-02-14 11:55:00+05:30,3660.05,3662.75,3660.05,3661.55,829,
2024-02-14 11:56:00+05:30,3660.05,3661.8,3660.05,3660.05,332,
2024-02-14 11:57:00+05:30,3660.05,3662,3660.05,3661.3,281,
2024-02-14 11:58:00+05:30,3660.25,3661.25,3660.1,3660.95,945,
2024-02-14 11:59:00+05:30,3660.1,3661.35,3659.2,3659.85,5374,
2024-02-14 12:00:00+05:30,3660.45,3661,3660.1,3661,1643,
2024-02-14 12:01:00+05:30,3660.2,3663,3660.2,3660.3,402,
2024-02-14 12:02:00+05:30,3661.25,3662.25,3659.1,3659.1,327,
2024-02-14 12:03:00+05:30,3659.1,3661.15,3658.15,3660.05,2995,
2024-02-14 12:04:00+05:30,3660.05,3661.05,3659.4,3660.9,316,
2024-02-14 12:05:00+05:30,3659.95,3663,3659.95,3663,414,
2024-02-14 12:06:00+05:30,3661.1,3664,3661.05,3663.1,332,
2024-02-14 12:07:00+05:30,3661.3,3663.5,3661.2,3663.4,71,
2024-02-14 12:08:00+05:30,3661.6,3664,3661.6,3661.95,248,
2024-02-14 12:09:00+05:30,3661.85,3664,3661.75,3663.85,233,
2024-02-14 12:10:00+05:30,3661.25,3663.85,3660.45,3663.05,163,
2024-02-14 12:11:00+05:30,3660.7,3663.15,3660,3663.15,71,
2024-02-14 12:12:00+05:30,3661.3,3663.25,3660.75,3663.2,1203,
2024-02-14 12:13:00+05:30,3662.9,3663.8,3661.45,3662.9,684,
2024-02-14 12:14:00+05:30,3661.45,3663.2,3660.05,3663.15,203,
2024-02-14 12:15:00+05:30,3660.6,3663.2,3660.6,3663.2,166,
2024-02-14 12:16:00+05:30,3661.8,3663.2,3661.1,3663.2,338,
2024-02-14 12:17:00+05:30,3661.6,3663.5,3661,3661.55,82,
2024-02-14 12:18:00+05:30,3661.55,3667.45,3661.3,3667.15,4612,
2024-02-14 12:19:00+05:30,3666,3666.3,3663.7,3665.1,1319,
2024-02-14 12:20:00+05:30,3665.1,3667,3663.75,3665.55,4928,
2024-02-14 12:21:00+05:30,3665.55,3666.3,3663.85,3665.25,3527,
2024-02-14 12:22:00+05:30,3665.25,3669,3664.55,3669,1464,
2024-02-14 12:23:00+05:30,3669,3672.75,3669,3672.75,901,
2024-02-14 12:24:00+05:30,3672.1,3672.75,3671.7,3671.95,156,
2024-02-14 12:25:00+05:30,3671.7,3674,3671.7,3674,430,
2024-02-14 12:26:00+05:30,3673.15,3674.95,3673,3674,218,
2024-02-14 12:27:00+05:30,3673.05,3674,3672.3,3674,263,
2024-02-14 12:28:00+05:30,3674,3678.25,3672.95,3677.8,1687,
2024-02-14 12:29:00+05:30,3676.05,3680,3676.05,3678.5,306,
2024-02-14 12:30:00+05:30,3678.5,3682.1,3678,3681.9,1054,
2024-02-14 12:31:00+05:30,3681.9,3685.05,3681.7,3685.05,722,
2024-02-14 12:32:00+05:30,3685.05,3687.25,3680.15,3682,1046,
2024-02-14 12:33:00+05:30,3680.2,3681.95,3679.15,3681.85,668,
2024-02-14 12:34:00+05:30,3680.1,3681.85,3680,3680,168,
2024-02-14 12:35:00+05:30,3680,3680.85,3677.15,3677.35,609,
2024-02-14 12:36:00+05:30,3677.35,3678.95,3672.05,3672.05,1967,
2024-02-14 12:37:00+05:30,3674.6,3678.55,3674.4,3675.25,7539,
2024-02-14 12:38:00+05:30,3675.25,3678.65,3675.25,3677.75,1941,
2024-02-14 12:39:00+05:30,3678.65,3681.7,3677.65,3681.7,902,
2024-02-14 12:40:00+05:30,3680.15,3681,3680.15,3680.95,115,
2024-02-14 12:41:00+05:30,3680.25,3686,3680.25,3683.4,673,
2024-02-14 12:42:00+05:30,3683.4,3683.5,3680.45,3681.1,259,
2024-02-14 12:43:00+05:30,3681.1,3682.2,3677.85,3679.75,884,
2024-02-14 12:44:00+05:30,3678,3680.85,3677.8,3678.05,118,
2024-02-14 12:45:00+05:30,3678.05,3679.9,3678,3679.9,198,
2024-02-14 12:46:00+05:30,3678.2,3681,3678,3681,377,
2024-02-14 12:47:00+05:30,3679.7,3680.55,3679.7,3680.55,607,
2024-02-14 12:48:00+05:30,3680,3680.35,3679.95,3679.95,169,
2024-02-14 12:49:00+05:30,3679.95,3680.35,3679.95,3680,200,
2024-02-14 12:50:00+05:30,3680,3680.45,3680,3680.25,239,
2024-02-14 12:51:00+05:30,3680.25,3680.6,3680.25,3680.6,812,
2024-02-14 12:52:00+05:30,3680.6,3680.6,3680.2,3680.25,189,
2024-02-14 12:53:00+05:30,3680.7,3680.75,3680.2,3680.5,131,
2024-02-14 12:54:00+05:30,3680.2,3682.65,3680.2,3682.65,708,
2024-02-14 12:55:00+05:30,3681.85,3687,3681.85,3684.5,1502,
2024-02-14 12:56:00+05:30,3684.5,3685.95,3684.5,3685.6,156,
2024-02-14 12:57:00+05:30,3685.65,3685.65,3684.55,3685.2,87,
2024-02-14 12:58:00+05:30,3684.55,3686.6,3683.75,3685.65,771,
2024-02-14 12:59:00+05:30,3684.05,3686.3,3684,3686,83,
2024-02-14 13:00:00+05:30,3684.1,3686.1,3684.05,3686.1,574,
2024-02-14 13:01:00+05:30,3684.85,3686.1,3684.2,3685.7,123,
2024-02-14 13:02:00+05:30,3684.2,3686.65,3684.2,3684.8,771,
2024-02-14 13:03:00+05:30,3684.9,3691.8,3684.9,3691.75,1293,
2024-02-14 13:04:00+05:30,3690.25,3691.9,3690.25,3691.9,240,
2024-02-14 13:05:00+05:30,3691.9,3691.9,3689.9,3689.9,167,
2024-02-14 13:06:00+05:30,3689,3690.65,3686.25,3690.65,1143,
2024-02-14 13:07:00+05:30,3688.5,3690.75,3688.5,3690.75,1221,
2024-02-14 13:08:00+05:30,3690.65,3690.75,3690.05,3690.05,1463,
2024-02-14 13:09:00+05:30,3690.05,3690.8,3690.05,3690.25,538,
2024-02-14 13:10:00+05:30,3690.7,3690.8,3690.25,3690.25,409,
2024-02-14 13:11:00+05:30,3690.25,3693.1,3690.25,3692.5,936,
2024-02-14 13:12:00+05:30,3692.5,3692.9,3691,3692,68,
2024-02-14 13:13:00+05:30,3692,3692.5,3690.6,3691.9,100,
2024-02-14 13:14:00+05:30,3691.8,3691.9,3690.25,3691,1720,
2024-02-14 13:15:00+05:30,3690.25,3691.05,3690,3691.05,297,
2024-02-14 13:16:00+05:30,3690,3691.05,3690,3690.15,128,
2024-02-14 13:17:00+05:30,3690.15,3691,3690,3690.05,125,
2024-02-14 13:18:00+05:30,3690.05,3690.4,3689.05,3690.4,274,
2024-02-14 13:19:00+05:30,3689.95,3691.95,3688.5,3690.45,917,
2024-02-14 13:20:00+05:30,3690.1,3691.7,3689.95,3690,134,
2024-02-14 13:21:00+05:30,3690,3693.5,3689.65,3692,313,
2024-02-14 13:22:00+05:30,3692,3692,3690.15,3690.15,82,
2024-02-14 13:23:00+05:30,3690.15,3690.5,3690.1,3690.15,78,
2024-02-14 13:24:00+05:30,3690.15,3690.5,3688.5,3690.45,711,
2024-02-14 13:25:00+05:30,3688.5,3690.6,3688.5,3688.95,336,
2024-02-14 13:26:00+05:30,3688.95,3690.6,3688.9,3690.55,347,
2024-02-14 13:27:00+05:30,3688.95,3690.6,3688.45,3688.45,60,
2024-02-14 13:28:00+05:30,3688.3,3688.3,3686,3686.55,134,
2024-02-14 13:29:00+05:30,3685.9,3686.2,3684.6,3684.85,268,
2024-02-14 13:30:00+05:30,3684.6,3684.6,3682.65,3682.65,166,
2024-02-14 13:31:00+05:30,3682.65,3683.95,3680.1,3680.1,279,
2024-02-14 13:32:00+05:30,3680.1,3681.4,3679.1,3679.2,267,
2024-02-14 13:33:00+05:30,3679.2,3683.3,3679.05,3680.35,1067,
2024-02-14 13:34:00+05:30,3680.1,3680.9,3678,3679.75,801,
2024-02-14 13:35:00+05:30,3679.1,3680.35,3678.65,3678.7,659,
2024-02-14 13:36:00+05:30,3678.7,3681.95,3678.7,3680.5,248,
2024-02-14 13:37:00+05:30,3680.1,3680.65,3679.55,3680.65,438,
2024-02-14 13:38:00+05:30,3680.3,3681.9,3679,3680.15,469,
2024-02-14 13:39:00+05:30,3681.2,3684.25,3679.6,3682.75,394,
2024-02-14 13:40:00+05:30,3682.75,3684.1,3681.05,3683.55,182,
2024-02-14 13:41:00+05:30,3681.05,3683.4,3680.8,3683.4,411,
2024-02-14 13:42:00+05:30,3682.3,3688.95,3682.3,3688,812,
2024-02-14 13:43:00+05:30,3686.15,3688.05,3686.05,3687.9,74,
2024-02-14 13:44:00+05:30,3685.95,3687.9,3685.1,3685.1,242,
2024-02-14 13:45:00+05:30,3685.1,3686,3685.1,3685.1,106,
2024-02-14 13:46:00+05:30,3685.1,3686,3685.05,3685.05,429,
2024-02-14 13:47:00+05:30,3685.05,3685.9,3685.05,3685.05,158,
2024-02-14 13:48:00+05:30,3685.05,3685.55,3685.05,3685.05,601,
2024-02-14 13:49:00+05:30,3685.05,3686.1,3684.1,3684.35,2727,
2024-02-14 13:50:00+05:30,3684.35,3685.6,3682.2,3682.2,180,
2024-02-14 13:51:00+05:30,3682.35,3684.05,3680.05,3680.05,753,
2024-02-14 13:52:00+05:30,3680.05,3681,3676.55,3677.1,392,
2024-02-14 13:53:00+05:30,3677.05,3678.05,3675.05,3678.05,1273,
2024-02-14 13:54:00+05:30,3676.95,3677.35,3675.1,3675.75,252,
2024-02-14 13:55:00+05:30,3675.75,3677,3675.7,3676.05,1172,
2024-02-14 13:56:00+05:30,3676.05,3676.05,3673.3,3673.3,402,
2024-02-14 13:57:00+05:30,3673,3675.8,3671.35,3674.45,1129,
2024-02-14 13:58:00+05:30,3674.9,3677.35,3674.1,3675.55,326,
2024-02-14 13:59:00+05:30,3675.55,3677,3675.05,3675.05,221,
2024-02-14 14:00:00+05:30,3675.05,3678.8,3675.05,3678.8,190,
2024-02-14 14:01:00+05:30,3676.45,3678.75,3675.35,3678.6,242,
2024-02-14 14:02:00+05:30,3676.45,3678.6,3675.35,3677.85,199,
2024-02-14 14:03:00+05:30,3676.35,3677.6,3675.5,3675.5,199,
2024-02-14 14:04:00+05:30,3675.5,3678,3675.4,3676.05,230,
2024-02-14 14:05:00+05:30,3675.5,3677.2,3675.1,3676.45,203,
2024-02-14 14:06:00+05:30,3675.1,3678.1,3675.1,3676.65,745,
2024-02-14 14:07:00+05:30,3676.65,3678.05,3675.25,3677.8,344,
2024-02-14 14:08:00+05:30,3676.55,3678.55,3676.1,3678.2,323,
2024-02-14 14:09:00+05:30,3678.2,3680.65,3678.15,3680,284,
2024-02-14 14:10:00+05:30,3680,3682.05,3679.3,3680.3,330,
2024-02-14 14:11:00+05:30,3679.3,3682.4,3679.3,3679.55,284,
2024-02-14 14:12:00+05:30,3682,3683,3680.45,3682.6,697,
2024-02-14 14:13:00+05:30,3681.2,3683.7,3681.15,3681.95,395,
2024-02-14 14:14:00+05:30,3681.95,3686,3681.15,3683.8,242,
2024-02-14 14:15:00+05:30,3683.15,3685.35,3682.55,3683.05,179,
2024-02-14 14:16:00+05:30,3683.05,3691.65,3683.05,3691.65,1208,
2024-02-14 14:17:00+05:30,3690.15,3701.9,3690.15,3698.2,2635,
2024-02-14 14:18:00+05:30,3698.2,3699.1,3692,3692,402,
2024-02-14 14:19:00+05:30,3693.9,3700.1,3691.6,3694.6,752,
2024-02-14 14:20:00+05:30,3694.6,3720,3694.6,3718.65,2709,
2024-02-14 14:21:00+05:30,3716.05,3719.95,3702.75,3706.25,1488,
2024-02-14 14:22:00+05:30,3706.25,3711.85,3703.05,3707.1,743,
2024-02-14 14:23:00+05:30,3707.25,3709.3,3704.8,3705.65,305,
2024-02-14 14:24:00+05:30,3705.1,3711.85,3705.1,3711.85,1069,
2024-02-14 14:25:00+05:30,3707.9,3710.5,3706,3710,505,
2024-02-14 14:26:00+05:30,3710,3710.95,3707,3707,415,
2024-02-14 14:27:00+05:30,3707,3707.65,3703.65,3703.7,213,
2024-02-14 14:28:00+05:30,3703.65,3707.95,3703.65,3705.4,867,
2024-02-14 14:29:00+05:30,3705.65,3718.4,3705.65,3715,1865,
2024-02-14 14:30:00+05:30,3715,3716,3710.8,3715,1368,
2024-02-14 14:31:00+05:30,3715.15,3718.2,3715,3716.9,1296,
2024-02-14 14:32:00+05:30,3715.05,3718.45,3715,3716.65,415,
2024-02-14 14:33:00+05:30,3717,3724.45,3716.95,3721.55,1999,
2024-02-14 14:34:00+05:30,3723.6,3723.6,3713.2,3713.3,1205,
2024-02-14 14:35:00+05:30,3713.2,3718.9,3713.2,3714.8,719,
2024-02-14 14:36:00+05:30,3714.8,3717.1,3713.2,3713.35,1037,
2024-02-14 14:37:00+05:30,3713.35,3715,3711.05,3715,1573,
2024-02-14 14:38:00+05:30,3713.4,3720.15,3713.4,3717.8,1161,
2024-02-14 14:39:00+05:30,3715.45,3720,3715.15,3719.25,340,
2024-02-14 14:40:00+05:30,3716.5,3721.5,3715.7,3719.8,813,
2024-02-14 14:41:00+05:30,3719.05,3719.9,3715.95,3719.9,375,
2024-02-14 14:42:00+05:30,3719.8,3722,3717.3,3722,701,
2024-02-14 14:43:00+05:30,3721.95,3724.7,3720.6,3724.7,1095,
2024-02-14 14:44:00+05:30,3723.4,3728.25,3721.9,3721.9,2018,
2024-02-14 14:45:00+05:30,3721.9,3724.35,3721.6,3722,209,
2024-02-14 14:46:00+05:30,3721.35,3723.9,3720.1,3720.75,198,
2024-02-14 14:47:00+05:30,3720.75,3721.55,3718,3719.85,150,
2024-02-14 14:48:00+05:30,3718,3720,3718,3719.45,365,
2024-02-14 14:49:00+05:30,3720,3722.1,3719.3,3722.1,162,
2024-02-14 14:50:00+05:30,3721.6,3724.1,3719.5,3724.1,527,
2024-02-14 14:51:00+05:30,3723.1,3724,3720.05,3722.2,289,
2024-02-14 14:52:00+05:30,3721.4,3723.7,3720.75,3721.8,287,
2024-02-14 14:53:00+05:30,3721.8,3723.6,3719.25,3721.95,744,
2024-02-14 14:54:00+05:30,3720.2,3724.55,3717.65,3723.45,1731,
2024-02-14 14:55:00+05:30,3722.25,3723.95,3718.65,3722,166,
2024-02-14 14:56:00+05:30,3722.05,3724,3721,3722.45,309,
2024-02-14 14:57:00+05:30,3721.8,3725.8,3721.8,3725.8,455,
2024-02-14 14:58:00+05:30,3726,3726.95,3724,3724.1,2811,
2024-02-14 14:59:00+05:30,3724.1,3724.95,3719.85,3720,3640,
2024-02-14 15:00:00+05:30,3720,3728.65,3719.95,3726.6,5405,
2024-02-14 15:01:00+05:30,3724.85,3727.95,3722.25,3725,1779,
2024-02-14 15:02:00+05:30,3724.55,3725,3720.1,3720.95,3199,
2024-02-14 15:03:00+05:30,3720.1,3724.55,3717.35,3720,1174,
2024-02-14 15:04:00+05:30,3720,3720,3717.2,3718.45,898,
2024-02-14 15:05:00+05:30,3709.85,3715.2,3707.95,3714.35,12508,
2024-02-14 15:06:00+05:30,3715.2,3718.7,3713.2,3718.65,1152,
2024-02-14 15:07:00+05:30,3718.65,3719.7,3716,3719.7,814,
2024-02-14 15:08:00+05:30,3719.7,3720,3719.45,3720,3973,
2024-02-14 15:09:00+05:30,3720,3720,3716.4,3720,2609,
2024-02-14 15:10:00+05:30,3720,3720,3717.6,3718.85,1560,
2024-02-14 15:11:00+05:30,3719,3723.7,3716.15,3721.3,5744,
2024-02-14 15:12:00+05:30,3721,3722,3714.1,3722,3483,
2024-02-14 15:13:00+05:30,3722,3722,3721.9,3722,7329,
2024-02-14 15:14:00+05:30,3721.95,3722,3718.7,3721.6,1136,
2024-02-14 15:15:00+05:30,3720.85,3723.7,3719.1,3720,20068,
2024-02-14 15:16:00+05:30,3719.95,3721.55,3717.7,3721.25,1894,
2024-02-14 15:17:00+05:30,3722,3722,3716.55,3721.3,2095,
2024-02-14 15:18:00+05:30,3721.2,3722,3719.4,3721.95,934,
2024-02-14 15:19:00+05:30,3721.95,3722,3719.9,3722,6406,
2024-02-14 15:20:00+05:30,3721.95,3722,3720.8,3721.95,3317,
2024-02-14 15:21:00+05:30,3722,3722,3720.75,3720.75,3020,
2024-02-14 15:22:00+05:30,3721.5,3722,3720.75,3722,945,
2024-02-14 15:23:00+05:30,3722,3722,3721.95,3722,1267,
2024-02-14 15:24:00+05:30,3722,3722,3718.55,3721.6,1650,
2024-02-14 15:25:00+05:30,3721.6,3721.9,3716.7,3720.3,867,
2024-02-14 15:26:00+05:30,3720.2,3722,3719.7,3722,1663,
2024-02-14 15:27:00+05:30,3722,3722,3721.6,3722,736,
2024-02-14 15:28:00+05:30,3722,3722,3719.1,3722,2089,
2024-02-14 15:29:00+05:30,3722,3724.7,3714.8,3724.25,669,
2024-02-15 09:15:00+05:30,3729.7,3736.6,3719.75,3720.4,2491,
2024-02-15 09:16:00+05:30,3725.2,3733.5,3719.7,3731,2724,
2024-02-15 09:17:00+05:30,3734.05,3743.95,3732.85,3743.5,705,
2024-02-15 09:18:00+05:30,3738.25,3745,3734.5,3734.5,1312,
2024-02-15 09:19:00+05:30,3735.95,3739.05,3731,3731,835,
2024-02-15 09:20:00+05:30,3731,3735.4,3731,3732,458,
2024-02-15 09:21:00+05:30,3732,3732,3725.35,3729.2,924,
2024-02-15 09:22:00+05:30,3729.2,3730.05,3725.4,3730.05,296,
2024-02-15 09:23:00+05:30,3730.05,3731.6,3728.1,3730.65,541,
2024-02-15 09:24:00+05:30,3730.65,3735.5,3728.4,3732.3,813,
2024-02-15 09:25:00+05:30,3732.3,3733.55,3725.2,3725.4,720,
2024-02-15 09:26:00+05:30,3725.75,3728.5,3721.75,3723.5,594,
2024-02-15 09:27:00+05:30,3723.5,3723.5,3717.2,3718.75,555,
2024-02-15 09:28:00+05:30,3718.75,3722,3717.2,3721.95,428,
2024-02-15 09:29:00+05:30,3721.9,3727.8,3721.9,3727.8,247,
2024-02-15 09:30:00+05:30,3727.8,3729.9,3725,3727.5,460,
2024-02-15 09:31:00+05:30,3727.9,3727.9,3721.05,3726,447,
2024-02-15 09:32:00+05:30,3726,3729.95,3723.65,3728.5,1138,
2024-02-15 09:33:00+05:30,3728.5,3733.35,3727.7,3729.1,572,
2024-02-15 09:34:00+05:30,3729.1,3729.1,3724.55,3724.9,98,
2024-02-15 09:35:00+05:30,3724.9,3725.95,3722.5,3724.45,474,
2024-02-15 09:36:00+05:30,3724.45,3726.75,3722.8,3726.45,395,
2024-02-15 09:37:00+05:30,3726.45,3726.85,3724.45,3725.45,57,
2024-02-15 09:38:00+05:30,3725.45,3725.55,3720,3720,481,
2024-02-15 09:39:00+05:30,3718.9,3720.6,3717.7,3717.7,208,
2024-02-15 09:40:00+05:30,3717.7,3722.65,3717,3721.1,394,
2024-02-15 09:41:00+05:30,3721.1,3722.15,3710.5,3713,1036,
2024-02-15 09:42:00+05:30,3713,3716.35,3711.3,3712.2,438,
2024-02-15 09:43:00+05:30,3711.5,3713.8,3711.2,3713.55,122,
2024-02-15 09:44:00+05:30,3713.75,3713.75,3712,3713.1,168,
2024-02-15 09:45:00+05:30,3713.1,3716.95,3710.25,3716.8,1068,
2024-02-15 09:46:00+05:30,3716.8,3716.8,3712.95,3712.95,106,
2024-02-15 09:47:00+05:30,3713.2,3715.6,3712.2,3712.2,203,
2024-02-15 09:48:00+05:30,3712.2,3729.45,3712.15,3716.15,1896,
2024-02-15 09:49:00+05:30,3716.2,3724.8,3716.2,3723.7,252,
2024-02-15 09:50:00+05:30,3723.7,3723.7,3721.25,3722.65,106,
2024-02-15 09:51:00+05:30,3721.35,3724,3721.25,3722.6,176,
2024-02-15 09:52:00+05:30,3719.2,3723.2,3717.2,3723.2,186,
2024-02-15 09:53:00+05:30,3723.15,3723.15,3719.25,3721.8,76,
2024-02-15 09:54:00+05:30,3721.8,3721.8,3716.2,3716.2,214,
2024-02-15 09:55:00+05:30,3716.2,3717.3,3713.2,3717.05,362,
2024-02-15 09:56:00+05:30,3715.1,3715.4,3713.2,3714.7,62,
2024-02-15 09:57:00+05:30,3714.7,3716,3712,3714.9,400,
2024-02-15 09:58:00+05:30,3714.9,3715.75,3711.05,3715.75,253,
2024-02-15 09:59:00+05:30,3715.75,3717,3711,3714.9,299,
2024-02-15 10:00:00+05:30,3711.35,3713.85,3710.2,3712.65,232,
2024-02-15 10:01:00+05:30,3712.65,3712.65,3710.2,3711.1,364,
2024-02-15 10:02:00+05:30,3711.1,3714,3711.1,3713.95,296,
2024-02-15 10:03:00+05:30,3712.65,3716.65,3710.2,3712,1200,
2024-02-15 10:04:00+05:30,3712,3716.8,3712,3714.4,346,
2024-02-15 10:05:00+05:30,3713.2,3717.95,3713.2,3717,124,
2024-02-15 10:06:00+05:30,3717.75,3722.5,3717.65,3718.15,674,
2024-02-15 10:07:00+05:30,3718.15,3722,3717.35,3721.05,851,
2024-02-15 10:08:00+05:30,3721.05,3721.9,3720.2,3721.7,64,
2024-02-15 10:09:00+05:30,3721.7,3722,3717.9,3719,315,
2024-02-15 10:10:00+05:30,3719,3721.55,3718,3721.55,144,
2024-02-15 10:11:00+05:30,3721.3,3723.2,3715.2,3718.3,442,
2024-02-15 10:12:00+05:30,3718.3,3720.5,3716.7,3719,223,
2024-02-15 10:13:00+05:30,3719,3720.9,3719,3720.9,81,
2024-02-15 10:14:00+05:30,3720.9,3725,3720.9,3724.85,1564,
2024-02-15 10:15:00+05:30,3725,3725,3723.05,3724.6,1363,
2024-02-15 10:16:00+05:30,3724.6,3724.85,3722.4,3723.9,120,
2024-02-15 10:17:00+05:30,3723.9,3724.6,3719.05,3719.05,538,
2024-02-15 10:18:00+05:30,3719.05,3723.9,3719.05,3723.9,215,
2024-02-15 10:19:00+05:30,3723.9,3723.9,3720.65,3723.3,194,
2024-02-15 10:20:00+05:30,3723.3,3723.7,3721.8,3722.45,148,
2024-02-15 10:21:00+05:30,3722.45,3722.85,3720.45,3721.65,75,
2024-02-15 10:22:00+05:30,3721.65,3725,3721.5,3722.45,180,
2024-02-15 10:23:00+05:30,3722.45,3725,3722.2,3725,162,
2024-02-15 10:24:00+05:30,3723.15,3725,3723.1,3725,234,
2024-02-15 10:25:00+05:30,3725,3725,3722.65,3724.2,92,
2024-02-15 10:26:00+05:30,3724.7,3724.95,3722.15,3722.15,282,
2024-02-15 10:27:00+05:30,3722.15,3723.6,3718.05,3718.05,566,
2024-02-15 10:28:00+05:30,3718.05,3718.8,3717,3718.8,134,
2024-02-15 10:29:00+05:30,3718.8,3719.3,3717.2,3717.55,20,
2024-02-15 10:30:00+05:30,3717.55,3719.2,3715,3717.45,267,
2024-02-15 10:31:00+05:30,3717.45,3720,3717.4,3719.7,338,
2024-02-15 10:32:00+05:30,3719.7,3720,3716.2,3718.4,42,
2024-02-15 10:33:00+05:30,3717.15,3718.65,3715.7,3716.95,102,
2024-02-15 10:34:00+05:30,3716.95,3717.9,3715.15,3717.25,54,
2024-02-15 10:35:00+05:30,3717.05,3717.8,3714.25,3717.8,131,
2024-02-15 10:36:00+05:30,3717.8,3720,3716.9,3720,228,
2024-02-15 10:37:00+05:30,3720,3720,3718.65,3720,197,
2024-02-15 10:38:00+05:30,3720,3720,3718,3718.7,209,
2024-02-15 10:39:00+05:30,3718.7,3720,3716.85,3719.5,336,
2024-02-15 10:40:00+05:30,3719.5,3720,3715.05,3716.55,1000,
2024-02-15 10:41:00+05:30,3716.55,3720,3716.1,3720,151,
2024-02-15 10:42:00+05:30,3720,3720,3716.9,3718.35,308,
2024-02-15 10:43:00+05:30,3717.7,3720,3716.3,3716.3,350,
2024-02-15 10:44:00+05:30,3716.3,3718.8,3715.3,3717.85,670,
2024-02-15 10:45:00+05:30,3718.25,3719.65,3716.2,3719.65,135,
2024-02-15 10:46:00+05:30,3717.7,3720,3717.7,3719.2,62,
2024-02-15 10:47:00+05:30,3719.2,3721,3718,3720.4,1733,
2024-02-15 10:48:00+05:30,3718,3720.85,3718,3720.85,211,
2024-02-15 10:49:00+05:30,3720.85,3720.85,3718.75,3718.75,46,
2024-02-15 10:50:00+05:30,3718.75,3720.8,3718,3719,272,
2024-02-15 10:51:00+05:30,3719,3720.8,3718.9,3720.8,31,
2024-02-15 10:52:00+05:30,3720.8,3724,3720,3723.95,232,
2024-02-15 10:53:00+05:30,3723.95,3724,3720.55,3722,109,
2024-02-15 10:54:00+05:30,3722,3723.45,3720.85,3723.45,20,
2024-02-15 10:55:00+05:30,3723.45,3724.25,3721.1,3722.7,325,
2024-02-15 10:56:00+05:30,3722.7,3722.7,3716.55,3719.75,349,
2024-02-15 10:57:00+05:30,3719.75,3720.95,3716.15,3718.85,207,
2024-02-15 10:58:00+05:30,3718.85,3719,3716.15,3717.5,126,
2024-02-15 10:59:00+05:30,3717.5,3719,3716.15,3716.15,191,
2024-02-15 11:00:00+05:30,3716.15,3721.9,3716.15,3717.8,268,
2024-02-15 11:01:00+05:30,3718.3,3719.85,3715.15,3718.35,995,
2024-02-15 11:02:00+05:30,3718.35,3718.35,3715.5,3716.75,312,
2024-02-15 11:03:00+05:30,3716.75,3718.35,3715.05,3717.9,2656,
2024-02-15 11:04:00+05:30,3715.9,3718.35,3715.45,3718.15,969,
2024-02-15 11:05:00+05:30,3715.7,3718.65,3714.9,3716.85,659,
2024-02-15 11:06:00+05:30,3716.85,3720,3715.9,3716.8,897,
2024-02-15 11:07:00+05:30,3716.8,3718.95,3715.7,3717.6,773,
2024-02-15 11:08:00+05:30,3717.7,3718.45,3715.7,3716.25,634,
2024-02-15 11:09:00+05:30,3716.2,3718.05,3715.6,3718,404,
2024-02-15 11:10:00+05:30,3718.05,3718.05,3715.7,3718,763,
2024-02-15 11:11:00+05:30,3718,3721.35,3716.1,3716.75,3872,
2024-02-15 11:12:00+05:30,3716,3718.2,3715.05,3715.85,1393,
2024-02-15 11:13:00+05:30,3715.85,3717.65,3714.25,3714.25,483,
2024-02-15 11:14:00+05:30,3714.25,3716.25,3712.2,3713.55,178,
2024-02-15 11:15:00+05:30,3713.55,3713.6,3711.5,3711.5,170,
2024-02-15 11:16:00+05:30,3712.85,3714,3710.5,3711.75,197,
2024-02-15 11:17:00+05:30,3711.75,3713.85,3711.75,3711.75,114,
2024-02-15 11:18:00+05:30,3711.75,3713.75,3711.75,3713,21,
2024-02-15 11:19:00+05:30,3713,3713,3711.55,3713,102,
2024-02-15 11:20:00+05:30,3713,3713,3712.45,3713,74,
2024-02-15 11:21:00+05:30,3713,3713.05,3711.5,3711.5,377,
2024-02-15 11:22:00+05:30,3711.5,3713.2,3711.5,3711.5,256,
2024-02-15 11:23:00+05:30,3711.5,3713.2,3711.5,3713.2,224,
2024-02-15 11:24:00+05:30,3713.9,3714,3712.55,3713.9,163,
2024-02-15 11:25:00+05:30,3713.9,3713.9,3706.05,3707.95,838,
2024-02-15 11:26:00+05:30,3706.3,3707.7,3703,3704.8,323,
2024-02-15 11:27:00+05:30,3703,3706,3702.1,3706,212,
2024-02-15 11:28:00+05:30,3705,3706,3702.95,3704.3,270,
2024-02-15 11:29:00+05:30,3704.5,3706,3704.5,3705.95,220,
2024-02-15 11:30:00+05:30,3705.95,3712.95,3705.6,3708.85,643,
2024-02-15 11:31:00+05:30,3708.85,3710.85,3706.75,3708,106,
2024-02-15 11:32:00+05:30,3708,3709.15,3705,3706.7,548,
2024-02-15 11:33:00+05:30,3706.7,3707.1,3705,3706.9,76,
2024-02-15 11:34:00+05:30,3706.9,3709.8,3706.65,3709.8,159,
2024-02-15 11:35:00+05:30,3709.8,3710.8,3707.15,3709.55,82,
2024-02-15 11:36:00+05:30,3709.55,3712,3708.95,3712,95,
2024-02-15 11:37:00+05:30,3712,3713.45,3710.2,3713.45,270,
2024-02-15 11:38:00+05:30,3713.45,3714,3712.2,3714,28,
2024-02-15 11:39:00+05:30,3714,3714,3712.65,3713.4,91,
2024-02-15 11:40:00+05:30,3713.4,3713.4,3711.4,3712.9,154,
2024-02-15 11:41:00+05:30,3712.9,3713.85,3711,3711.95,158,
2024-02-15 11:42:00+05:30,3710.9,3711.4,3707.4,3708.9,150,
2024-02-15 11:43:00+05:30,3708.9,3712.6,3708.9,3711.6,59,
2024-02-15 11:44:00+05:30,3711.6,3711.6,3709.6,3711.55,100,
2024-02-15 11:45:00+05:30,3711.55,3711.6,3708.25,3708.25,147,
2024-02-15 11:46:00+05:30,3708.25,3710.35,3708.25,3710.35,35,
2024-02-15 11:47:00+05:30,3710.35,3711.1,3707.9,3710,158,
2024-02-15 11:48:00+05:30,3710,3710,3706.8,3710,120,
2024-02-15 11:49:00+05:30,3709.75,3709.95,3707.25,3707.95,72,
2024-02-15 11:50:00+05:30,3707.95,3709,3706.05,3709,67,
2024-02-15 11:51:00+05:30,3709,3709,3706.95,3709,107,
2024-02-15 11:52:00+05:30,3709,3709,3708,3709,108,
2024-02-15 11:53:00+05:30,3709,3709,3708,3708.3,73,
2024-02-15 11:54:00+05:30,3709,3709,3706.15,3709,60,
2024-02-15 11:55:00+05:30,3706.95,3709,3706.95,3709,1014,
2024-02-15 11:56:00+05:30,3708.15,3709,3706,3706.25,174,
2024-02-15 11:57:00+05:30,3708.25,3709,3706.15,3707.8,245,
2024-02-15 11:58:00+05:30,3707.6,3708,3705.1,3707.2,153,
2024-02-15 11:59:00+05:30,3707.2,3708.5,3705.1,3707.2,374,
2024-02-15 12:00:00+05:30,3707.2,3707.75,3705.1,3705.1,113,
2024-02-15 12:01:00+05:30,3705.1,3708.5,3705.1,3707,110,
2024-02-15 12:02:00+05:30,3707,3708.35,3705.1,3707,140,
2024-02-15 12:03:00+05:30,3707,3707.4,3704.35,3705.1,522,
2024-02-15 12:04:00+05:30,3705.1,3708.6,3705.1,3707.25,133,
2024-02-15 12:05:00+05:30,3707.25,3707.5,3705.1,3705.35,91,
2024-02-15 12:06:00+05:30,3707.25,3708.9,3705,3707.85,223,
2024-02-15 12:07:00+05:30,3707.85,3714,3706.1,3712.05,1177,
2024-02-15 12:08:00+05:30,3712.05,3713.8,3708.6,3710.55,325,
2024-02-15 12:09:00+05:30,3710.55,3713.95,3708.15,3710.6,1088,
2024-02-15 12:10:00+05:30,3710.6,3711.3,3707.05,3710.45,567,
2024-02-15 12:11:00+05:30,3710.45,3711,3708.85,3709.1,309,
2024-02-15 12:12:00+05:30,3709.1,3711,3708.4,3708.4,113,
2024-02-15 12:13:00+05:30,3708.4,3711.15,3708.2,3710.3,319,
2024-02-15 12:14:00+05:30,3710.3,3710.85,3708.3,3710.5,171,
2024-02-15 12:15:00+05:30,3710.5,3710.95,3708.3,3710.95,164,
2024-02-15 12:16:00+05:30,3710.95,3712.4,3708.2,3709.65,474,
2024-02-15 12:17:00+05:30,3710.25,3711,3707.9,3711,222,
2024-02-15 12:18:00+05:30,3711,3711.75,3707.95,3709.55,1583,
2024-02-15 12:19:00+05:30,3709.55,3711.9,3708.5,3711.35,180,
2024-02-15 12:20:00+05:30,3711,3715,3710.7,3715,9231,
2024-02-15 12:21:00+05:30,3715,3715,3712.5,3712.7,348,
2024-02-15 12:22:00+05:30,3712.7,3715,3712.05,3715,1813,
2024-02-15 12:23:00+05:30,3715,3715,3712.7,3713.75,1057,
2024-02-15 12:24:00+05:30,3713.8,3715.95,3712,3715,3092,
2024-02-15 12:25:00+05:30,3715,3715,3713.75,3715,475,
2024-02-15 12:26:00+05:30,3715,3715,3712.15,3715,1665,
2024-02-15 12:27:00+05:30,3715,3715.25,3712.9,3715,1443,
2024-02-15 12:28:00+05:30,3715,3715,3712.4,3715,237,
2024-02-15 12:29:00+05:30,3715,3715,3711.1,3713.8,339,
2024-02-15 12:30:00+05:30,3713.8,3715,3711.45,3712.5,188,
2024-02-15 12:31:00+05:30,3712.5,3714.9,3712.5,3714.9,92,
2024-02-15 12:32:00+05:30,3714.9,3715,3712.75,3713.9,495,
2024-02-15 12:33:00+05:30,3715,3715,3712.35,3712.35,268,
2024-02-15 12:34:00+05:30,3712.3,3714.45,3709.95,3711.65,359,
2024-02-15 12:35:00+05:30,3710.35,3715,3710.35,3713,462,
2024-02-15 12:36:00+05:30,3713,3715.5,3713,3715,1980,
2024-02-15 12:37:00+05:30,3715,3715.1,3713.35,3714.35,2358,
2024-02-15 12:38:00+05:30,3714.35,3715.5,3713.05,3715,8703,
2024-02-15 12:39:00+05:30,3715,3717.95,3714,3715,13908,
2024-02-15 12:40:00+05:30,3715,3715.35,3714.2,3714.25,3804,
2024-02-15 12:41:00+05:30,3714.25,3717.85,3714.1,3714.1,8491,
2024-02-15 12:42:00+05:30,3714.1,3717.1,3712,3714.3,4847,
2024-02-15 12:43:00+05:30,3714.3,3715,3712,3714.85,54,
2024-02-15 12:44:00+05:30,3714.85,3718,3712.6,3718,458,
2024-02-15 12:45:00+05:30,3718,3719,3716.05,3718,30,
2024-02-15 12:46:00+05:30,3718,3718.55,3716.2,3716.35,126,
2024-02-15 12:47:00+05:30,3716.35,3718.8,3716,3717.9,134,
2024-02-15 12:48:00+05:30,3717.9,3722,3716.05,3722,627,
2024-02-15 12:49:00+05:30,3722,3728,3721.05,3728,1378,
2024-02-15 12:50:00+05:30,3728.45,3733.15,3727.3,3731.5,1261,
2024-02-15 12:51:00+05:30,3731.5,3732,3726.85,3728.6,476,
2024-02-15 12:52:00+05:30,3728.6,3730.5,3727.75,3729.95,391,
2024-02-15 12:53:00+05:30,3727.65,3730,3727.65,3730,343,
2024-02-15 12:54:00+05:30,3730,3730,3727.05,3727.6,139,
2024-02-15 12:55:00+05:30,3727.6,3729.8,3727.3,3729,100,
2024-02-15 12:56:00+05:30,3729,3730,3727.55,3727.8,317,
2024-02-15 12:57:00+05:30,3729.75,3729.75,3724.8,3727,202,
2024-02-15 12:58:00+05:30,3727,3727,3725.15,3726.95,80,
2024-02-15 12:59:00+05:30,3726.85,3729.75,3725.45,3727.6,159,
2024-02-15 13:00:00+05:30,3727.6,3730,3727.05,3729.35,966,
2024-02-15 13:01:00+05:30,3729.35,3729.9,3725.6,3725.9,273,
2024-02-15 13:02:00+05:30,3725.9,3727.85,3722.7,3726.4,76,
2024-02-15 13:03:00+05:30,3726.4,3726.55,3723,3726,1405,
2024-02-15 13:04:00+05:30,3726,3726.45,3723.6,3724.2,120,
2024-02-15 13:05:00+05:30,3724.2,3725.6,3723.15,3723.4,149,
2024-02-15 13:06:00+05:30,3723.4,3725.15,3722.4,3722.4,79,
2024-02-15 13:07:00+05:30,3722.4,3724.85,3722.05,3722.05,66,
2024-02-15 13:08:00+05:30,3722,3723.05,3720.55,3721.9,354,
2024-02-15 13:09:00+05:30,3721.9,3721.9,3720,3720.1,87,
2024-02-15 13:10:00+05:30,3720.1,3722.85,3719.25,3720.9,231,
2024-02-15 13:11:00+05:30,3723.25,3723.5,3720.65,3721.45,76,
2024-02-15 13:12:00+05:30,3721.4,3722.9,3720.05,3722.3,24,
2024-02-15 13:13:00+05:30,3722.3,3724.15,3721.1,3723.95,142,
2024-02-15 13:14:00+05:30,3723.95,3724.8,3721.95,3722.4,227,
2024-02-15 13:15:00+05:30,3722.4,3724.85,3722.4,3723.35,27,
2024-02-15 13:16:00+05:30,3723.35,3723.35,3722,3723.35,154,
2024-02-15 13:17:00+05:30,3723.35,3724.85,3721.45,3724.8,354,
2024-02-15 13:18:00+05:30,3724.8,3726.8,3723.35,3726.5,68,
2024-02-15 13:19:00+05:30,3724.55,3728,3724.55,3727.4,93,
2024-02-15 13:20:00+05:30,3727.4,3728,3725.4,3726.9,168,
2024-02-15 13:21:00+05:30,3727.55,3728,3726,3727.55,77,
2024-02-15 13:22:00+05:30,3727.55,3727.55,3722.15,3722.15,629,
2024-02-15 13:23:00+05:30,3722.15,3724.9,3720,3720.8,150,
2024-02-15 13:24:00+05:30,3720.8,3720.8,3717.2,3719.15,181,
2024-02-15 13:25:00+05:30,3719.15,3720,3715.7,3719,370,
2024-02-15 13:26:00+05:30,3719,3720.9,3717.15,3720.5,447,
2024-02-15 13:27:00+05:30,3720.5,3720.5,3716,3718.75,155,
2024-02-15 13:28:00+05:30,3718.75,3720,3717,3719.2,122,
2024-02-15 13:29:00+05:30,3719.2,3720.4,3716.85,3717.75,304,
2024-02-15 13:30:00+05:30,3717.75,3719.95,3716.3,3717,250,
2024-02-15 13:31:00+05:30,3719.25,3719.95,3715.05,3716.7,145,
2024-02-15 13:32:00+05:30,3716.7,3719,3713.55,3717.05,1509,
2024-02-15 13:33:00+05:30,3717.05,3722.85,3717,3722,351,
2024-02-15 13:34:00+05:30,3722,3723.95,3720.2,3720.2,62,
2024-02-15 13:35:00+05:30,3720.85,3720.85,3717.05,3717.05,1476,
2024-02-15 13:36:00+05:30,3717.05,3719,3716.15,3716.15,270,
2024-02-15 13:37:00+05:30,3715.85,3718.8,3715.6,3715.65,98,
2024-02-15 13:38:00+05:30,3715.7,3720,3715.5,3720,112,
2024-02-15 13:39:00+05:30,3720,3725,3717.75,3725,4600,
2024-02-15 13:40:00+05:30,3725,3726.9,3719.75,3726.35,588,
2024-02-15 13:41:00+05:30,3726.65,3729.2,3721.45,3729.2,760,
2024-02-15 13:42:00+05:30,3728.65,3729.3,3726.25,3729.2,1029,
2024-02-15 13:43:00+05:30,3729.15,3733.9,3726.9,3733.9,510,
2024-02-15 13:44:00+05:30,3733.95,3734.35,3730.2,3730.2,288,
2024-02-15 13:45:00+05:30,3730.7,3731,3726.65,3728.95,240,
2024-02-15 13:46:00+05:30,3730.6,3732,3727.85,3731.95,156,
2024-02-15 13:47:00+05:30,3732,3732.3,3726.7,3729.75,168,
2024-02-15 13:48:00+05:30,3729.5,3730.4,3726.2,3729.3,326,
2024-02-15 13:49:00+05:30,3729.7,3731.15,3723.1,3725.25,811,
2024-02-15 13:50:00+05:30,3725.25,3726.35,3720.2,3720.25,891,
2024-02-15 13:51:00+05:30,3720.25,3720.25,3717.45,3718.6,100,
2024-02-15 13:52:00+05:30,3718.6,3724.1,3718.6,3724.1,995,
2024-02-15 13:53:00+05:30,3724.1,3724.85,3721.45,3723.25,513,
2024-02-15 13:54:00+05:30,3723.25,3725.45,3721.6,3723.25,714,
2024-02-15 13:55:00+05:30,3723.25,3723.25,3719,3721.05,648,
2024-02-15 13:56:00+05:30,3721.05,3723.75,3719,3721.2,409,
2024-02-15 13:57:00+05:30,3721.2,3727.85,3720.25,3725.7,453,
2024-02-15 13:58:00+05:30,3725.7,3726.8,3721.9,3723.95,463,
2024-02-15 13:59:00+05:30,3723.95,3724,3720.05,3722.6,398,
2024-02-15 14:00:00+05:30,3722.6,3722.6,3719,3719,251,
2024-02-15 14:01:00+05:30,3719,3720,3714,3717.6,1280,
2024-02-15 14:02:00+05:30,3717.25,3718.95,3715.4,3718.5,694,
2024-02-15 14:03:00+05:30,3718.5,3718.5,3715.05,3716.75,589,
2024-02-15 14:04:00+05:30,3716.75,3718.55,3714.35,3715.05,807,
2024-02-15 14:05:00+05:30,3716.85,3721.85,3715.4,3718.5,802,
2024-02-15 14:06:00+05:30,3717.1,3719.85,3715,3717.5,626,
2024-02-15 14:07:00+05:30,3719,3720.85,3716.3,3720.85,872,
2024-02-15 14:08:00+05:30,3720.85,3725,3718,3725,754,
2024-02-15 14:09:00+05:30,3725,3725,3721.95,3724.5,898,
2024-02-15 14:10:00+05:30,3724.5,3724.95,3721.25,3724.95,510,
2024-02-15 14:11:00+05:30,3724.95,3724.95,3721.6,3722.3,526,
2024-02-15 14:12:00+05:30,3722.3,3724.8,3722.15,3724.25,678,
2024-02-15 14:13:00+05:30,3724.25,3724.25,3719.5,3723.15,1012,
2024-02-15 14:14:00+05:30,3723.15,3723.15,3716.15,3716.15,988,
2024-02-15 14:15:00+05:30,3716.2,3718.1,3713.6,3715,1274,
2024-02-15 14:16:00+05:30,3715.05,3721.55,3715.05,3716,849,
2024-02-15 14:17:00+05:30,3716,3719.4,3715.1,3718.25,773,
2024-02-15 14:18:00+05:30,3717.3,3720.05,3713.3,3715.75,1386,
2024-02-15 14:19:00+05:30,3714.35,3719.4,3713.55,3717.15,748,
2024-02-15 14:20:00+05:30,3717.15,3718.55,3714.55,3715.5,681,
2024-02-15 14:21:00+05:30,3717.45,3719,3713.7,3716.05,516,
2024-02-15 14:22:00+05:30,3716.05,3721.1,3714.15,3716.75,1050,
2024-02-15 14:23:00+05:30,3716.8,3722.65,3715.05,3717.1,702,
2024-02-15 14:24:00+05:30,3716.65,3718.4,3713.2,3716.85,2116,
2024-02-15 14:25:00+05:30,3716.85,3720.45,3715.3,3720,1864,
2024-02-15 14:26:00+05:30,3720,3721.9,3717.7,3717.7,840,
2024-02-15 14:27:00+05:30,3717.7,3719.65,3715.7,3719,1198,
2024-02-15 14:28:00+05:30,3719,3719.05,3713.2,3714.95,746,
2024-02-15 14:29:00+05:30,3715,3717.5,3714.65,3716,579,
2024-02-15 14:30:00+05:30,3716,3717.8,3714,3716,671,
2024-02-15 14:31:00+05:30,3716,3718,3713.7,3715.2,549,
2024-02-15 14:32:00+05:30,3715.2,3716.95,3713.2,3713.7,1446,
2024-02-15 14:33:00+05:30,3713.6,3717.95,3713.2,3717.95,720,
2024-02-15 14:34:00+05:30,3716,3718.05,3714.3,3714.9,1107,
2024-02-15 14:35:00+05:30,3714.9,3716.45,3713.05,3713.05,808,
2024-02-15 14:36:00+05:30,3713.05,3714.35,3706.2,3706.75,1637,
2024-02-15 14:37:00+05:30,3710,3712.4,3706,3710.1,3567,
2024-02-15 14:38:00+05:30,3709.5,3712.1,3708.75,3711.8,838,
2024-02-15 14:39:00+05:30,3713.05,3713.05,3708.55,3710.1,862,
2024-02-15 14:40:00+05:30,3710.05,3711.55,3706.1,3707.05,1361,
2024-02-15 14:41:00+05:30,3709.4,3711.8,3706,3709.2,544,
2024-02-15 14:42:00+05:30,3708.9,3708.9,3705.1,3706.2,680,
2024-02-15 14:43:00+05:30,3706.2,3708,3705.6,3706.95,4445,
2024-02-15 14:44:00+05:30,3706.95,3707.75,3705.75,3705.9,896,
2024-02-15 14:45:00+05:30,3705.9,3707.95,3705.8,3707.4,732,
2024-02-15 14:46:00+05:30,3707.4,3707.4,3703.05,3705,1497,
2024-02-15 14:47:00+05:30,3705,3706.6,3702.65,3704,2730,
2024-02-15 14:48:00+05:30,3704,3704.85,3701,3701.65,815,
2024-02-15 14:49:00+05:30,3701.45,3704.45,3701,3701.55,694,
2024-02-15 14:50:00+05:30,3701.85,3707.9,3701.1,3705.8,968,
2024-02-15 14:51:00+05:30,3708,3709,3704.55,3707.4,561,
2024-02-15 14:52:00+05:30,3710.15,3710.85,3707,3710.4,1530,
2024-02-15 14:53:00+05:30,3709.75,3710.5,3707.75,3709.05,357,
2024-02-15 14:54:00+05:30,3707.85,3710.05,3707.2,3707.7,365,
2024-02-15 14:55:00+05:30,3707.7,3709.15,3704.35,3705,409,
2024-02-15 14:56:00+05:30,3705.2,3708.3,3703.25,3703.8,663,
2024-02-15 14:57:00+05:30,3703.8,3707.6,3703.8,3704.5,1130,
2024-02-15 14:58:00+05:30,3707.45,3707.9,3701.65,3704.2,563,
2024-02-15 14:59:00+05:30,3704.2,3704.95,3700.2,3700.3,998,
2024-02-15 15:00:00+05:30,3701.9,3703,3700.2,3702.4,1168,
2024-02-15 15:01:00+05:30,3702.65,3703.85,3696.55,3701.8,8767,
2024-02-15 15:02:00+05:30,3704.05,3704.15,3698.75,3699.75,1705,
2024-02-15 15:03:00+05:30,3701.25,3702.1,3699.65,3701.65,362,
2024-02-15 15:04:00+05:30,3701.95,3712.55,3700.8,3709.6,1252,
2024-02-15 15:05:00+05:30,3711.15,3712.5,3708.15,3710.2,699,
2024-02-15 15:06:00+05:30,3709.75,3711,3705.6,3709.9,577,
2024-02-15 15:07:00+05:30,3707.85,3710,3707.35,3709.8,355,
2024-02-15 15:08:00+05:30,3709.8,3710.95,3707.05,3710,349,
2024-02-15 15:09:00+05:30,3710,3710.95,3707.55,3709.25,870,
2024-02-15 15:10:00+05:30,3710.05,3711.05,3708.35,3708.95,1412,
2024-02-15 15:11:00+05:30,3710.5,3710.6,3708.2,3709.45,970,
2024-02-15 15:12:00+05:30,3709.4,3710,3706.6,3709.9,1362,
2024-02-15 15:13:00+05:30,3709.95,3710.75,3705.35,3707.6,5202,
2024-02-15 15:14:00+05:30,3707.55,3709.85,3706.3,3708.75,650,
2024-02-15 15:15:00+05:30,3707.9,3709.95,3705.8,3709.85,2855,
2024-02-15 15:16:00+05:30,3709.85,3712.95,3707.95,3712.95,1434,
2024-02-15 15:17:00+05:30,3712.95,3713.7,3710.05,3712.5,935,
2024-02-15 15:18:00+05:30,3712.7,3715,3707.75,3710.65,3356,
2024-02-15 15:19:00+05:30,3710.65,3714.05,3708.75,3712.4,789,
2024-02-15 15:20:00+05:30,3713.8,3714.35,3711.3,3711.9,788,
2024-02-15 15:21:00+05:30,3711.9,3715.75,3711.35,3715.25,597,
2024-02-15 15:22:00+05:30,3715.25,3715.3,3712.5,3714.95,445,
2024-02-15 15:23:00+05:30,3715,3715.35,3712.95,3713.3,599,
2024-02-15 15:24:00+05:30,3715.35,3716.4,3713.3,3715,1430,
2024-02-15 15:25:00+05:30,3715.8,3716.9,3713,3713,1187,
2024-02-15 15:26:00+05:30,3713.15,3717,3713.15,3716.7,702,
2024-02-15 15:27:00+05:30,3716.7,3717.65,3714.1,3714.75,2348,
2024-02-15 15:28:00+05:30,3714.3,3716.75,3711.3,3713.25,4712,
2024-02-15 15:29:00+05:30,3713.25,3717.95,3705,3705,2756,
2024-02-16 09:15:00+05:30,3708.7,3733,3708,3725.25,2202,
2024-02-16 09:16:00+05:30,3727.9,3734.95,3724.6,3726.4,890,
2024-02-16 09:17:00+05:30,3726.4,3726.4,3715.1,3722.2,628,
2024-02-16 09:18:00+05:30,3722.6,3725,3720.75,3720.75,507,
2024-02-16 09:19:00+05:30,3720.75,3723,3718.7,3722,532,
2024-02-16 09:20:00+05:30,3722,3727.8,3722,3725.7,405,
2024-02-16 09:21:00+05:30,3725.7,3727.85,3723,3723,289,
2024-02-16 09:22:00+05:30,3723,3725.15,3722,3725,209,
2024-02-16 09:23:00+05:30,3725.15,3730.95,3725.15,3729,1058,
2024-02-16 09:24:00+05:30,3729.75,3733.75,3728.2,3731.65,927,
2024-02-16 09:25:00+05:30,3732.95,3734,3730.35,3730.65,448,
2024-02-16 09:26:00+05:30,3730,3737,3729.9,3735.45,1615,
2024-02-16 09:27:00+05:30,3733.25,3734.3,3731.55,3732.3,308,
2024-02-16 09:28:00+05:30,3732.3,3734.3,3728.4,3728.45,353,
2024-02-16 09:29:00+05:30,3728.45,3731.45,3726.1,3726.55,907,
2024-02-16 09:30:00+05:30,3727,3731.9,3726.8,3726.8,128,
2024-02-16 09:31:00+05:30,3726.8,3726.8,3724.2,3725.6,257,
2024-02-16 09:32:00+05:30,3724.95,3726,3724,3724,130,
2024-02-16 09:33:00+05:30,3724,3729.05,3723.8,3728.05,153,
2024-02-16 09:34:00+05:30,3729.95,3730,3728.3,3730,35,
2024-02-16 09:35:00+05:30,3727.8,3732.7,3727.8,3732.7,1415,
2024-02-16 09:36:00+05:30,3732.7,3737.7,3732.7,3733.4,1290,
2024-02-16 09:37:00+05:30,3733.4,3736.75,3733.4,3734.85,252,
2024-02-16 09:38:00+05:30,3734.85,3744.15,3734.85,3742.05,2849,
2024-02-16 09:39:00+05:30,3742.5,3747.8,3742.5,3745.05,1063,
2024-02-16 09:40:00+05:30,3745.05,3746.5,3742.15,3742.6,525,
2024-02-16 09:41:00+05:30,3742.6,3747.25,3741.3,3747.25,366,
2024-02-16 09:42:00+05:30,3747.25,3749.7,3745,3749.7,1422,
2024-02-16 09:43:00+05:30,3749.7,3754.7,3747.5,3754.65,1481,
2024-02-16 09:44:00+05:30,3754.65,3755,3753,3754.65,751,
2024-02-16 09:45:00+05:30,3755,3761.3,3750,3760.6,1826,
2024-02-16 09:46:00+05:30,3760.6,3762.35,3756,3756,911,
2024-02-16 09:47:00+05:30,3756,3757.65,3752.9,3753.95,885,
2024-02-16 09:48:00+05:30,3754.5,3759.35,3754.35,3759,1269,
2024-02-16 09:49:00+05:30,3760,3762.65,3759.75,3760.45,2920,
2024-02-16 09:50:00+05:30,3762,3768.9,3760.45,3768.2,1273,
2024-02-16 09:51:00+05:30,3768.2,3769.7,3762.9,3765.45,1410,
2024-02-16 09:52:00+05:30,3765.3,3767.95,3762.1,3763.55,800,
2024-02-16 09:53:00+05:30,3762.35,3768.8,3761,3766,1277,
2024-02-16 09:54:00+05:30,3766,3769,3764.55,3765.15,691,
2024-02-16 09:55:00+05:30,3765.15,3767.25,3763,3763,315,
2024-02-16 09:56:00+05:30,3763,3765.2,3763,3765,658,
2024-02-16 09:57:00+05:30,3765,3765,3762.6,3765,193,
2024-02-16 09:58:00+05:30,3764.05,3767,3762.05,3762.05,2478,
2024-02-16 09:59:00+05:30,3762.05,3763.6,3755.75,3756.7,2131,
2024-02-16 10:00:00+05:30,3756.7,3762.95,3756.7,3761.75,874,
2024-02-16 10:01:00+05:30,3762,3766,3762,3766,694,
2024-02-16 10:02:00+05:30,3766,3768.5,3766,3768.5,889,
2024-02-16 10:03:00+05:30,3768.5,3768.65,3766,3766.8,691,
2024-02-16 10:04:00+05:30,3766.8,3768.3,3764,3764.15,334,
2024-02-16 10:05:00+05:30,3764.15,3766.7,3760,3761.8,546,
2024-02-16 10:06:00+05:30,3761.8,3764.1,3761.65,3762.8,504,
2024-02-16 10:07:00+05:30,3761,3763.8,3760,3761.5,448,
2024-02-16 10:08:00+05:30,3761.5,3762.95,3759,3760.65,254,
2024-02-16 10:09:00+05:30,3760.65,3768.65,3760.65,3768.2,633,
2024-02-16 10:10:00+05:30,3768.2,3768.4,3763.15,3765.25,432,
2024-02-16 10:11:00+05:30,3765.65,3766.3,3763.4,3765.3,280,
2024-02-16 10:12:00+05:30,3765.5,3766.7,3762,3764.2,1451,
2024-02-16 10:13:00+05:30,3764.2,3764.2,3762.3,3763.95,84,
2024-02-16 10:14:00+05:30,3763.95,3763.95,3757.25,3759.1,651,
2024-02-16 10:15:00+05:30,3758.6,3760.3,3756,3756,239,
2024-02-16 10:16:00+05:30,3756,3757,3754,3756.6,1513,
2024-02-16 10:17:00+05:30,3756.6,3759,3755,3755,93,
2024-02-16 10:18:00+05:30,3755,3759.95,3751.85,3752.1,1215,
2024-02-16 10:19:00+05:30,3752.1,3754.9,3751.65,3754,452,
2024-02-16 10:20:00+05:30,3754,3754,3749.2,3749.55,4000,
2024-02-16 10:21:00+05:30,3751.4,3752,3749.3,3749.5,462,
2024-02-16 10:22:00+05:30,3749.5,3751.2,3749.2,3750.45,1012,
2024-02-16 10:23:00+05:30,3752,3752,3749.2,3749.65,6597,
2024-02-16 10:24:00+05:30,3750,3751.1,3746.75,3749.3,939,
2024-02-16 10:25:00+05:30,3747.35,3751,3747.35,3749.45,468,
2024-02-16 10:26:00+05:30,3749.45,3758.75,3749.45,3758.35,8007,
2024-02-16 10:27:00+05:30,3759.7,3762,3758.15,3762,559,
2024-02-16 10:28:00+05:30,3762,3763.7,3759.1,3759.15,681,
2024-02-16 10:29:00+05:30,3759.15,3764.7,3759.1,3762.6,561,
2024-02-16 10:30:00+05:30,3762.2,3766.95,3762.2,3766,567,
2024-02-16 10:31:00+05:30,3766,3767.7,3762.65,3765.5,1872,
2024-02-16 10:32:00+05:30,3765.5,3768.5,3760.05,3761.4,1975,
2024-02-16 10:33:00+05:30,3762.7,3767.5,3762.7,3766.95,593,
2024-02-16 10:34:00+05:30,3766.95,3767.15,3765.4,3766,369,
2024-02-16 10:35:00+05:30,3766,3770,3766,3768.05,2591,
2024-02-16 10:36:00+05:30,3768.05,3769.85,3766,3767.25,1003,
2024-02-16 10:37:00+05:30,3767.25,3768,3765.1,3765.55,706,
2024-02-16 10:38:00+05:30,3765.55,3767.5,3765.25,3765.5,272,
2024-02-16 10:39:00+05:30,3765.5,3767.95,3765.5,3767.7,184,
2024-02-16 10:40:00+05:30,3767.7,3768.15,3765.75,3766.15,336,
2024-02-16 10:41:00+05:30,3766.15,3767.55,3765.25,3765.95,161,
2024-02-16 10:42:00+05:30,3765.95,3767.8,3763.1,3765.8,1310,
2024-02-16 10:43:00+05:30,3765.8,3773.95,3765.8,3770.35,1714,
2024-02-16 10:44:00+05:30,3770.35,3773.45,3770.35,3772.6,648,
2024-02-16 10:45:00+05:30,3772.6,3775,3772.15,3775,1369,
2024-02-16 10:46:00+05:30,3773.5,3776.7,3773.25,3775.1,554,
2024-02-16 10:47:00+05:30,3775.35,3778,3775.1,3776.35,1634,
2024-02-16 10:48:00+05:30,3775.65,3776.1,3772,3772,813,
2024-02-16 10:49:00+05:30,3772,3773,3767.8,3767.8,558,
2024-02-16 10:50:00+05:30,3767.8,3770.95,3767.8,3767.8,525,
2024-02-16 10:51:00+05:30,3767.8,3768.4,3765,3766.8,639,
2024-02-16 10:52:00+05:30,3766.8,3768.05,3766.05,3766.95,136,
2024-02-16 10:53:00+05:30,3766.95,3768.5,3766.8,3766.8,68,
2024-02-16 10:54:00+05:30,3767,3768.25,3765.5,3767.85,373,
2024-02-16 10:55:00+05:30,3767.85,3768.7,3766.3,3768.55,375,
2024-02-16 10:56:00+05:30,3767.4,3768.7,3767,3767.45,195,
2024-02-16 10:57:00+05:30,3767.45,3770.7,3766.55,3768.05,955,
2024-02-16 10:58:00+05:30,3768.05,3771.6,3767.85,3767.85,1359,
2024-02-16 10:59:00+05:30,3767.85,3770,3767.85,3769.15,176,
2024-02-16 11:00:00+05:30,3769.15,3772.95,3766.05,3769,751,
2024-02-16 11:01:00+05:30,3769,3769.55,3766.15,3767.95,207,
2024-02-16 11:02:00+05:30,3767.9,3773,3767.9,3772.9,280,
2024-02-16 11:03:00+05:30,3772.9,3778.9,3772.9,3775.45,988,
2024-02-16 11:04:00+05:30,3776.45,3778,3773.1,3775.4,458,
2024-02-16 11:05:00+05:30,3775.4,3778,3775.1,3775.1,90,
2024-02-16 11:06:00+05:30,3775.1,3776.65,3774.35,3774.7,259,
2024-02-16 11:07:00+05:30,3774.7,3776,3774.4,3775,93,
2024-02-16 11:08:00+05:30,3776.35,3776.85,3770.95,3772.75,602,
2024-02-16 11:09:00+05:30,3772.75,3775,3771.85,3773.75,223,
2024-02-16 11:10:00+05:30,3773.75,3775,3770.8,3774.05,109,
2024-02-16 11:11:00+05:30,3774.05,3774.5,3772,3772.1,140,
2024-02-16 11:12:00+05:30,3772.1,3774,3768,3768.55,1202,
2024-02-16 11:13:00+05:30,3768.55,3770.85,3768,3768,238,
2024-02-16 11:14:00+05:30,3768,3770.7,3767.2,3768.85,101,
2024-02-16 11:15:00+05:30,3768.5,3770,3766.2,3768.85,1298,
2024-02-16 11:16:00+05:30,3768.85,3770.95,3768,3768.5,1137,
2024-02-16 11:17:00+05:30,3768.5,3770.25,3768.1,3768.5,1902,
2024-02-16 11:18:00+05:30,3770,3772.3,3768.1,3768.2,718,
2024-02-16 11:19:00+05:30,3768.2,3768.55,3765,3766.9,1431,
2024-02-16 11:20:00+05:30,3766.9,3768.4,3766.25,3766.5,437,
2024-02-16 11:21:00+05:30,3766.45,3768,3766.15,3766.7,630,
2024-02-16 11:22:00+05:30,3766.7,3768.35,3760.3,3760.3,2459,
2024-02-16 11:23:00+05:30,3760.3,3763,3760.2,3762.05,618,
2024-02-16 11:24:00+05:30,3762.05,3762.05,3755.25,3758.6,1970,
2024-02-16 11:25:00+05:30,3758.6,3758.6,3751.2,3752,1401,
2024-02-16 11:26:00+05:30,3752,3768.4,3752,3766.05,5992,
2024-02-16 11:27:00+05:30,3766.05,3768,3763,3767.95,858,
2024-02-16 11:28:00+05:30,3767.95,3768.85,3763.25,3766.7,580,
2024-02-16 11:29:00+05:30,3766.7,3767.2,3763.85,3765.75,1555,
2024-02-16 11:30:00+05:30,3764.2,3768.4,3760.15,3768.4,794,
2024-02-16 11:31:00+05:30,3768.4,3768.85,3765.75,3767,2297,
2024-02-16 11:32:00+05:30,3768.4,3768.4,3765.55,3766.25,1976,
2024-02-16 11:33:00+05:30,3766.4,3769.35,3765.05,3769.15,2178,
2024-02-16 11:34:00+05:30,3767.05,3768.6,3766.1,3766.55,963,
2024-02-16 11:35:00+05:30,3766.55,3770.75,3765.6,3767.35,955,
2024-02-16 11:36:00+05:30,3767.35,3771.3,3762.55,3769.05,52994,
2024-02-16 11:37:00+05:30,3771.4,3771.5,3767.45,3768.95,4752,
2024-02-16 11:38:00+05:30,3768.95,3772,3766.3,3766.7,6870,
2024-02-16 11:39:00+05:30,3766.7,3770,3766.45,3766.85,3699,
2024-02-16 11:40:00+05:30,3766.85,3770,3765.85,3769.3,7370,
2024-02-16 11:41:00+05:30,3771.25,3771.25,3767.8,3769.95,2694,
2024-02-16 11:42:00+05:30,3769.95,3772.3,3767.8,3768.55,9968,
2024-02-16 11:43:00+05:30,3768.55,3771,3767.8,3770.95,3699,
2024-02-16 11:44:00+05:30,3769.3,3771.9,3767,3767,2596,
2024-02-16 11:45:00+05:30,3767,3769.8,3766,3766,650,
2024-02-16 11:46:00+05:30,3766,3769.2,3764.85,3766.4,767,
2024-02-16 11:47:00+05:30,3765.4,3769.3,3765.35,3767.65,1409,
2024-02-16 11:48:00+05:30,3767.65,3767.65,3763.75,3764,591,
2024-02-16 11:49:00+05:30,3764,3768.9,3763.95,3766.4,1058,
2024-02-16 11:50:00+05:30,3766.05,3770,3765.3,3770,487,
2024-02-16 11:51:00+05:30,3767.8,3769.55,3765.95,3765.95,432,
2024-02-16 11:52:00+05:30,3765.95,3768.35,3764.1,3768.15,478,
2024-02-16 11:53:00+05:30,3768.15,3769.2,3764.65,3766.1,931,
2024-02-16 11:54:00+05:30,3766.1,3767.8,3766.05,3767.55,525,
2024-02-16 11:55:00+05:30,3767.55,3767.55,3759,3761.35,2366,
2024-02-16 11:56:00+05:30,3761.35,3763,3752.6,3754.95,3026,
2024-02-16 11:57:00+05:30,3754.95,3755.55,3750.25,3750.3,2004,
2024-02-16 11:58:00+05:30,3750.3,3754,3750.3,3751.6,1193,
2024-02-16 11:59:00+05:30,3751.6,3755.95,3751.6,3755.95,908,
2024-02-16 12:00:00+05:30,3755.25,3757.75,3755,3755.35,1924,
2024-02-16 12:01:00+05:30,3755.35,3757.8,3751.85,3751.85,2318,
2024-02-16 12:02:00+05:30,3751.5,3754.4,3751,3753.8,441,
2024-02-16 12:03:00+05:30,3752.45,3753.8,3749.2,3749.2,665,
2024-02-16 12:04:00+05:30,3749.2,3751.8,3749.2,3750.25,621,
2024-02-16 12:05:00+05:30,3750.25,3755.65,3748.65,3749.15,2806,
2024-02-16 12:06:00+05:30,3749.15,3752.5,3748.8,3749.4,406,
2024-02-16 12:07:00+05:30,3749.4,3751.2,3748.3,3749,594,
2024-02-16 12:08:00+05:30,3749,3751.6,3749,3749.55,431,
2024-02-16 12:09:00+05:30,3749.55,3750.2,3746.05,3746.1,1811,
2024-02-16 12:10:00+05:30,3746.05,3748.15,3746.05,3746.8,284,
2024-02-16 12:11:00+05:30,3746.15,3751.1,3746.1,3750.8,541,
2024-02-16 12:12:00+05:30,3750.8,3753.35,3747.6,3747.6,4217,
2024-02-16 12:13:00+05:30,3747.4,3750.2,3746,3747.55,1162,
2024-02-16 12:14:00+05:30,3747.55,3751,3747.1,3747.55,1152,
2024-02-16 12:15:00+05:30,3747.55,3751.1,3746.9,3747.7,2094,
2024-02-16 12:16:00+05:30,3746.85,3749.95,3745.7,3746,964,
2024-02-16 12:17:00+05:30,3746,3746,3742.5,3744.45,1732,
2024-02-16 12:18:00+05:30,3744.45,3746.65,3743.7,3745.15,235,
2024-02-16 12:19:00+05:30,3745.1,3748.15,3743.15,3748.15,323,
2024-02-16 12:20:00+05:30,3748.15,3749,3746,3747.5,1069,
2024-02-16 12:21:00+05:30,3747.5,3747.5,3744.15,3745.35,676,
2024-02-16 12:22:00+05:30,3746.85,3747.4,3745,3747,283,
2024-02-16 12:23:00+05:30,3747,3749,3745.6,3747.05,1964,
2024-02-16 12:24:00+05:30,3747.05,3748.95,3745.05,3745.05,1018,
2024-02-16 12:25:00+05:30,3745.9,3747.95,3745.05,3745.15,195,
2024-02-16 12:26:00+05:30,3745.15,3747.85,3742,3742.2,1478,
2024-02-16 12:27:00+05:30,3742.15,3744.1,3742,3742.4,84,
2024-02-16 12:28:00+05:30,3742.4,3742.4,3739.7,3739.8,1236,
2024-02-16 12:29:00+05:30,3739.8,3743.8,3739.8,3740.95,752,
2024-02-16 12:30:00+05:30,3741.3,3741.95,3740.1,3741,264,
2024-02-16 12:31:00+05:30,3740.95,3741,3739.8,3740.15,706,
2024-02-16 12:32:00+05:30,3740.9,3740.9,3739,3739.2,1434,
2024-02-16 12:33:00+05:30,3738.7,3740.85,3737,3739.95,742,
2024-02-16 12:34:00+05:30,3739.95,3742.8,3738.6,3741.3,556,
2024-02-16 12:35:00+05:30,3741.3,3741.8,3739.1,3740.1,453,
2024-02-16 12:36:00+05:30,3740.1,3742.95,3739.65,3741.5,436,
2024-02-16 12:37:00+05:30,3741.5,3742.65,3740.05,3741.05,497,
2024-02-16 12:38:00+05:30,3741.05,3743.7,3740.5,3742.45,1065,
2024-02-16 12:39:00+05:30,3740.5,3744,3739,3740.4,2133,
2024-02-16 12:40:00+05:30,3740.4,3742.95,3739.85,3740.9,736,
2024-02-16 12:41:00+05:30,3740.9,3742.95,3739,3739.4,891,
2024-02-16 12:42:00+05:30,3739,3742.85,3739,3741,475,
2024-02-16 12:43:00+05:30,3741,3742.1,3740.6,3740.9,745,
2024-02-16 12:44:00+05:30,3740.9,3743.3,3740.6,3741.6,411,
2024-02-16 12:45:00+05:30,3741.45,3742.15,3740.05,3740.6,464,
2024-02-16 12:46:00+05:30,3740.6,3742,3739.2,3740.95,668,
2024-02-16 12:47:00+05:30,3740.95,3742.95,3740.05,3740.5,434,
2024-02-16 12:48:00+05:30,3740.5,3741.1,3736.2,3739.65,1870,
2024-02-16 12:49:00+05:30,3739.65,3741.3,3737.95,3738.85,981,
2024-02-16 12:50:00+05:30,3738.85,3740.95,3738.15,3738.75,402,
2024-02-16 12:51:00+05:30,3738.75,3740,3735.9,3737.2,566,
2024-02-16 12:52:00+05:30,3737.2,3741.5,3737.15,3740.05,184,
2024-02-16 12:53:00+05:30,3740.05,3741.95,3740,3741.6,176,
2024-02-16 12:54:00+05:30,3741.6,3745.8,3740.75,3744.3,2126,
2024-02-16 12:55:00+05:30,3744.3,3748,3743.1,3743.8,3289,
2024-02-16 12:56:00+05:30,3743.8,3744.5,3742.15,3743.25,526,
2024-02-16 12:57:00+05:30,3743.25,3745,3743.25,3743.75,230,
2024-02-16 12:58:00+05:30,3743.75,3745,3743.75,3744.4,104,
2024-02-16 12:59:00+05:30,3744.4,3746,3743.75,3743.75,541,
2024-02-16 13:00:00+05:30,3743.75,3745.95,3743.75,3745,197,
2024-02-16 13:01:00+05:30,3745,3746.65,3743.5,3745.2,604,
2024-02-16 13:02:00+05:30,3745.2,3748.7,3743.4,3746.05,4251,
2024-02-16 13:03:00+05:30,3746.05,3747.7,3744.05,3744.1,1484,
2024-02-16 13:04:00+05:30,3744.1,3744.4,3742.8,3743,605,
2024-02-16 13:05:00+05:30,3743,3743.35,3740,3740.15,1227,
2024-02-16 13:06:00+05:30,3739.1,3740.9,3737.25,3740.9,389,
2024-02-16 13:07:00+05:30,3740.9,3740.9,3737.25,3737.3,815,
2024-02-16 13:08:00+05:30,3737.3,3739.35,3735.5,3735.5,454,
2024-02-16 13:09:00+05:30,3735.95,3738.4,3733.75,3736.6,4918,
2024-02-16 13:10:00+05:30,3736.6,3737.7,3736.05,3737.7,422,
2024-02-16 13:11:00+05:30,3737.7,3737.7,3734.3,3734.3,1480,
2024-02-16 13:12:00+05:30,3736.25,3736.25,3732.65,3733.05,1071,
2024-02-16 13:13:00+05:30,3732.8,3734.5,3731.25,3731.35,1729,
2024-02-16 13:14:00+05:30,3731.35,3731.35,3726.85,3730.45,1785,
2024-02-16 13:15:00+05:30,3727.8,3730,3727.8,3728.95,677,
2024-02-16 13:16:00+05:30,3729.95,3730.25,3727.95,3728,1873,
2024-02-16 13:17:00+05:30,3727.65,3728,3725.5,3726.4,2796,
2024-02-16 13:18:00+05:30,3726.45,3726.6,3721.1,3722.4,2472,
2024-02-16 13:19:00+05:30,3722.4,3722.95,3719.55,3720.25,1803,
2024-02-16 13:20:00+05:30,3720,3721.4,3719.25,3719.25,1337,
2024-02-16 13:21:00+05:30,3719.25,3722.4,3719.25,3720.5,1440,
2024-02-16 13:22:00+05:30,3720.5,3722.2,3719.35,3720,1061,
2024-02-16 13:23:00+05:30,3720,3720.45,3718.3,3719.05,344,
2024-02-16 13:24:00+05:30,3719.05,3722.6,3718.35,3721.95,448,
2024-02-16 13:25:00+05:30,3720.3,3724.7,3720.3,3722.1,502,
2024-02-16 13:26:00+05:30,3722.1,3723.05,3721.45,3722.1,481,
2024-02-16 13:27:00+05:30,3722.1,3723.8,3721.45,3722.1,383,
2024-02-16 13:28:00+05:30,3722.1,3722.65,3718.7,3721.9,1115,
2024-02-16 13:29:00+05:30,3721.9,3723.95,3719.6,3722.4,409,
2024-02-16 13:30:00+05:30,3722.4,3726.9,3722.1,3724.55,594,
2024-02-16 13:31:00+05:30,3726.5,3727.5,3724.5,3727,1119,
2024-02-16 13:32:00+05:30,3727,3727,3722.65,3724.95,464,
2024-02-16 13:33:00+05:30,3724.95,3726.5,3723,3724.05,359,
2024-02-16 13:34:00+05:30,3725.8,3728.8,3724.05,3725.95,865,
2024-02-16 13:35:00+05:30,3726.25,3729.3,3725.7,3728.95,436,
2024-02-16 13:36:00+05:30,3728.95,3729.6,3726.9,3728.9,359,
2024-02-16 13:37:00+05:30,3727.25,3729.7,3727.1,3729.6,440,
2024-02-16 13:38:00+05:30,3729.65,3734.8,3729.1,3732.7,1588,
2024-02-16 13:39:00+05:30,3732.7,3735,3732,3735,444,
2024-02-16 13:40:00+05:30,3735,3735.7,3730.05,3731.25,1304,
2024-02-16 13:41:00+05:30,3731.25,3731.9,3729.2,3729.7,398,
2024-02-16 13:42:00+05:30,3729.7,3731.35,3729.6,3731.1,381,
2024-02-16 13:43:00+05:30,3731.1,3732.15,3728.75,3730.95,375,
2024-02-16 13:44:00+05:30,3729.75,3731,3728.7,3730.85,465,
2024-02-16 13:45:00+05:30,3730.85,3733.35,3730.85,3731.4,398,
2024-02-16 13:46:00+05:30,3730.9,3730.95,3728.75,3728.85,874,
2024-02-16 13:47:00+05:30,3728.85,3729.85,3728.35,3728.35,630,
2024-02-16 13:48:00+05:30,3728.35,3730.95,3728.35,3728.85,840,
2024-02-16 13:49:00+05:30,3728.95,3730.95,3727.05,3729.2,532,
2024-02-16 13:50:00+05:30,3730.8,3732.35,3729.2,3731.95,764,
2024-02-16 13:51:00+05:30,3731.95,3732.75,3730.1,3730.45,566,
2024-02-16 13:52:00+05:30,3730.45,3733.6,3730.4,3733.5,423,
2024-02-16 13:53:00+05:30,3733.5,3733.5,3730.15,3733.1,387,
2024-02-16 13:54:00+05:30,3731.4,3733.5,3731.05,3731.5,440,
2024-02-16 13:55:00+05:30,3732.4,3733.25,3730.1,3731.25,461,
2024-02-16 13:56:00+05:30,3731.25,3733,3730.45,3732.9,566,
2024-02-16 13:57:00+05:30,3732.9,3733,3731,3732,462,
2024-02-16 13:58:00+05:30,3732,3732.85,3731.15,3731.15,450,
2024-02-16 13:59:00+05:30,3732.65,3732.75,3728.75,3730.9,1701,
2024-02-16 14:00:00+05:30,3729.9,3732.7,3728.8,3729,936,
2024-02-16 14:01:00+05:30,3729,3732.4,3728.55,3730.2,628,
2024-02-16 14:02:00+05:30,3730.2,3734.85,3730.2,3732.7,560,
2024-02-16 14:03:00+05:30,3734.85,3734.85,3731.3,3733.95,770,
2024-02-16 14:04:00+05:30,3733.95,3734,3732,3732.9,537,
2024-02-16 14:05:00+05:30,3732.9,3734,3732.05,3734,615,
2024-02-16 14:06:00+05:30,3732.75,3735,3731.15,3734.35,642,
2024-02-16 14:07:00+05:30,3734.35,3735,3733.1,3734.85,530,
2024-02-16 14:08:00+05:30,3733.15,3734.85,3733.1,3734.7,490,
2024-02-16 14:09:00+05:30,3734.95,3735,3732.3,3734.65,652,
2024-02-16 14:10:00+05:30,3734.65,3736,3732.25,3736,744,
2024-02-16 14:11:00+05:30,3734.5,3735.95,3731.95,3734.1,1043,
2024-02-16 14:12:00+05:30,3734.1,3734.3,3731.35,3731.9,617,
2024-02-16 14:13:00+05:30,3733.75,3733.75,3725.35,3725.7,2137,
2024-02-16 14:14:00+05:30,3725.7,3732.5,3725.5,3730.7,913,
2024-02-16 14:15:00+05:30,3730.7,3732.2,3728.5,3729.05,692,
2024-02-16 14:16:00+05:30,3729.05,3729.4,3727.05,3728.85,554,
2024-02-16 14:17:00+05:30,3728.85,3728.85,3725.25,3727.65,501,
2024-02-16 14:18:00+05:30,3727.65,3728.3,3725.25,3727.7,740,
2024-02-16 14:19:00+05:30,3727.7,3727.8,3725.45,3725.9,536,
2024-02-16 14:20:00+05:30,3725.9,3728.9,3725.4,3726.8,463,
2024-02-16 14:21:00+05:30,3726.8,3728.35,3726.5,3728.35,496,
2024-02-16 14:22:00+05:30,3728.35,3729.65,3726.05,3728.05,629,
2024-02-16 14:23:00+05:30,3728.05,3729.4,3727.35,3727.75,482,
2024-02-16 14:24:00+05:30,3727.75,3729.5,3726,3727.1,843,
2024-02-16 14:25:00+05:30,3728.9,3729.4,3726.55,3726.8,620,
2024-02-16 14:26:00+05:30,3726.8,3729,3726.8,3728.95,460,
2024-02-16 14:27:00+05:30,3728.95,3730.4,3727.55,3730.3,506,
2024-02-16 14:28:00+05:30,3730.3,3731.25,3728.75,3730.55,1246,
2024-02-16 14:29:00+05:30,3730.55,3732.5,3728.15,3730.5,492,
2024-02-16 14:30:00+05:30,3730.5,3732.2,3730.05,3730.45,490,
2024-02-16 14:31:00+05:30,3730.45,3730.75,3726.8,3727.3,511,
2024-02-16 14:32:00+05:30,3727.3,3729.95,3726.6,3728.3,1915,
2024-02-16 14:33:00+05:30,3728.3,3732.95,3728.05,3730.65,2533,
2024-02-16 14:34:00+05:30,3730.65,3731.05,3727.6,3731.05,671,
2024-02-16 14:35:00+05:30,3731.05,3732.15,3728.35,3732,601,
2024-02-16 14:36:00+05:30,3732.05,3732.55,3728.05,3729.35,1347,
2024-02-16 14:37:00+05:30,3729.35,3729.9,3727.55,3727.95,532,
2024-02-16 14:38:00+05:30,3727.95,3734.1,3727.05,3727.85,59126,
2024-02-16 14:39:00+05:30,3727.85,3731.6,3727.7,3731.6,1895,
2024-02-16 14:40:00+05:30,3731.25,3732.05,3727.65,3729.3,26270,
2024-02-16 14:41:00+05:30,3729.3,3729.95,3727.65,3727.65,1511,
2024-02-16 14:42:00+05:30,3727.65,3730,3726.8,3726.8,2762,
2024-02-16 14:43:00+05:30,3726.8,3728.9,3726.8,3727.7,728,
2024-02-16 14:44:00+05:30,3727.7,3728,3727.45,3727.7,4088,
2024-02-16 14:45:00+05:30,3727.7,3728,3727.05,3727.7,531,
2024-02-16 14:46:00+05:30,3727.7,3729.9,3727.2,3728.05,786,
2024-02-16 14:47:00+05:30,3729.85,3729.85,3728,3729.6,470,
2024-02-16 14:48:00+05:30,3730,3732.95,3727.8,3731.3,11155,
2024-02-16 14:49:00+05:30,3732.9,3735,3731.25,3734.6,702,
2024-02-16 14:50:00+05:30,3735,3735,3732.9,3734.95,369,
2024-02-16 14:51:00+05:30,3734.95,3735,3730.9,3734.2,462,
2024-02-16 14:52:00+05:30,3734.2,3734.75,3731.45,3731.95,392,
2024-02-16 14:53:00+05:30,3731.95,3733,3730,3733,398,
2024-02-16 14:54:00+05:30,3733,3733.2,3730,3733.2,534,
2024-02-16 14:55:00+05:30,3733.15,3733.3,3733,3733,352,
2024-02-16 14:56:00+05:30,3733,3733.7,3730.4,3733.05,736,
2024-02-16 14:57:00+05:30,3733.65,3733.7,3730,3730,1003,
2024-02-16 14:58:00+05:30,3730,3731.85,3730,3730,591,
2024-02-16 14:59:00+05:30,3730,3731,3730,3730.95,894,
2024-02-16 15:00:00+05:30,3730,3732,3730,3731.45,4527,
2024-02-16 15:01:00+05:30,3732,3732,3731.25,3731.75,1650,
2024-02-16 15:02:00+05:30,3731.95,3731.95,3729.2,3729.9,13134,
2024-02-16 15:03:00+05:30,3729.95,3730,3727.45,3729.35,1444,
2024-02-16 15:04:00+05:30,3729.35,3729.35,3725.1,3725.6,1171,
2024-02-16 15:05:00+05:30,3725.6,3728.3,3725.5,3727.35,2235,
2024-02-16 15:06:00+05:30,3727,3727.4,3723.2,3725,5228,
2024-02-16 15:07:00+05:30,3725,3725.9,3723.35,3725,2118,
2024-02-16 15:08:00+05:30,3725.3,3727,3725,3727,2326,
2024-02-16 15:09:00+05:30,3725.6,3730.75,3725,3729.25,4214,
2024-02-16 15:10:00+05:30,3727.3,3729.05,3725.35,3727,868,
2024-02-16 15:11:00+05:30,3727.55,3728.5,3725,3725.4,1338,
2024-02-16 15:12:00+05:30,3725.1,3727.6,3725,3727.3,1702,
2024-02-16 15:13:00+05:30,3727.35,3727.35,3725.45,3725.65,811,
2024-02-16 15:14:00+05:30,3726.95,3726.95,3725.65,3726,1183,
2024-02-16 15:15:00+05:30,3726.9,3730,3725,3729.45,3994,
2024-02-16 15:16:00+05:30,3729.25,3730.8,3728.1,3730.3,1570,
2024-02-16 15:17:00+05:30,3730.8,3730.8,3729.9,3730,1082,
2024-02-16 15:18:00+05:30,3730.1,3730.75,3729.9,3730.35,2237,
2024-02-16 15:19:00+05:30,3730.35,3730.75,3730.1,3730.15,1125,
2024-02-16 15:20:00+05:30,3730.95,3732.75,3729.85,3730,2317,
2024-02-16 15:21:00+05:30,3730,3730.85,3726.05,3729.35,45621,
2024-02-16 15:22:00+05:30,3729.15,3730,3727.25,3729.3,1601,
2024-02-16 15:23:00+05:30,3729.3,3730,3729.3,3729.95,1012,
2024-02-16 15:24:00+05:30,3729.95,3730,3727.1,3727.3,2842,
2024-02-16 15:25:00+05:30,3727.35,3732.8,3727.3,3732.3,1247,
2024-02-16 15:26:00+05:30,3732.3,3736.95,3728.6,3729.75,1651,
2024-02-16 15:27:00+05:30,3729.75,3734.6,3729.75,3730.8,875,
2024-02-16 15:28:00+05:30,3729.15,3739.3,3729.15,3735,917,
2024-02-16 15:29:00+05:30,3735,3735,3726.5,3732,1283,
2024-02-19 09:15:00+05:30,3730,3752,3728.05,3748.8,1775,
2024-02-19 09:16:00+05:30,3747.1,3754.95,3746.85,3754.55,783,
2024-02-19 09:17:00+05:30,3752.05,3759,3752,3754,1716,
2024-02-19 09:18:00+05:30,3754,3758,3752.1,3752.65,501,
2024-02-19 09:19:00+05:30,3753.5,3760.4,3753.05,3756.5,1395,
2024-02-19 09:20:00+05:30,3756.5,3763.25,3754.35,3757.6,999,
2024-02-19 09:21:00+05:30,3759.6,3759.6,3752.2,3752.2,1933,
2024-02-19 09:22:00+05:30,3752.2,3756.3,3749.8,3750,669,
2024-02-19 09:23:00+05:30,3752,3752,3742.65,3746.65,1555,
2024-02-19 09:24:00+05:30,3746.65,3749.5,3743,3743.65,1020,
2024-02-19 09:25:00+05:30,3743.65,3748.7,3742,3742,1046,
2024-02-19 09:26:00+05:30,3742,3746.15,3740,3744.5,543,
2024-02-19 09:27:00+05:30,3744.5,3746,3739.2,3739.2,980,
2024-02-19 09:28:00+05:30,3739.2,3741.05,3736.6,3740,1221,
2024-02-19 09:29:00+05:30,3739.7,3739.7,3735.25,3738.2,609,
2024-02-19 09:30:00+05:30,3736.25,3738.7,3733.2,3734.3,951,
2024-02-19 09:31:00+05:30,3733.2,3742.25,3732,3742.25,1605,
2024-02-19 09:32:00+05:30,3742.25,3742.35,3737.1,3740.85,1028,
2024-02-19 09:33:00+05:30,3740.85,3741,3738.8,3741,362,
2024-02-19 09:34:00+05:30,3739.05,3742.15,3738.75,3738.75,218,
2024-02-19 09:35:00+05:30,3738.75,3740.35,3737,3739.75,287,
2024-02-19 09:36:00+05:30,3739.75,3740,3738,3738.45,160,
2024-02-19 09:37:00+05:30,3738.45,3744,3738.45,3744,244,
2024-02-19 09:38:00+05:30,3742.75,3743.1,3740,3740.25,533,
2024-02-19 09:39:00+05:30,3740,3743.1,3740,3743.1,328,
2024-02-19 09:40:00+05:30,3743.1,3743.95,3741,3741,437,
2024-02-19 09:41:00+05:30,3741,3742.05,3738.2,3738.55,278,
2024-02-19 09:42:00+05:30,3738.55,3740.15,3736.2,3736.35,526,
2024-02-19 09:43:00+05:30,3736.35,3739.35,3735.9,3739.35,512,
2024-02-19 09:44:00+05:30,3739.55,3739.55,3733.55,3735.2,220,
2024-02-19 09:45:00+05:30,3735.2,3735.4,3730.6,3733.45,438,
2024-02-19 09:46:00+05:30,3733.55,3738,3733,3738,309,
2024-02-19 09:47:00+05:30,3738,3739.4,3736.8,3738.85,29,
2024-02-19 09:48:00+05:30,3738.85,3738.85,3735,3736.25,164,
2024-02-19 09:49:00+05:30,3736.25,3740.65,3736.25,3740.35,468,
2024-02-19 09:50:00+05:30,3740,3740.6,3738,3738.15,24,
2024-02-19 09:51:00+05:30,3738.15,3738.15,3735,3737.65,451,
2024-02-19 09:52:00+05:30,3735.95,3737.45,3735.8,3735.85,97,
2024-02-19 09:53:00+05:30,3735.85,3735.85,3732.3,3735,250,
2024-02-19 09:54:00+05:30,3732.35,3733.5,3730.45,3731,403,
2024-02-19 09:55:00+05:30,3731,3731,3728,3728,1522,
2024-02-19 09:56:00+05:30,3728,3729.25,3723.05,3723.9,811,
2024-02-19 09:57:00+05:30,3723.9,3727,3722.9,3727,420,
2024-02-19 09:58:00+05:30,3727,3729.5,3727,3728.35,311,
2024-02-19 09:59:00+05:30,3728.35,3730.85,3728.35,3729,77,
2024-02-19 10:00:00+05:30,3729,3731,3727.35,3729.8,280,
2024-02-19 10:01:00+05:30,3729.8,3729.8,3725.05,3725.1,518,
2024-02-19 10:02:00+05:30,3725.1,3726.8,3721.3,3723.4,603,
2024-02-19 10:03:00+05:30,3723.4,3726.95,3723.4,3726.75,99,
2024-02-19 10:04:00+05:30,3726.4,3729.5,3724.3,3728,293,
2024-02-19 10:05:00+05:30,3728,3730,3727,3729,159,
2024-02-19 10:06:00+05:30,3729,3735,3728.25,3733.3,339,
2024-02-19 10:07:00+05:30,3733.3,3735.65,3733,3735.65,181,
2024-02-19 10:08:00+05:30,3734.5,3738.35,3734.25,3738,187,
2024-02-19 10:09:00+05:30,3735.85,3738,3733.15,3733.15,465,
2024-02-19 10:10:00+05:30,3734.2,3736.8,3733.1,3736.8,214,
2024-02-19 10:11:00+05:30,3736.8,3736.8,3734,3734.25,68,
2024-02-19 10:12:00+05:30,3734.25,3736,3734,3734.05,205,
2024-02-19 10:13:00+05:30,3734.05,3736.95,3734.05,3735.05,297,
2024-02-19 10:14:00+05:30,3735.2,3740,3735.2,3738.1,374,
2024-02-19 10:15:00+05:30,3740,3742,3737,3739,352,
2024-02-19 10:16:00+05:30,3737,3737,3733.7,3734.2,318,
2024-02-19 10:17:00+05:30,3734.2,3734.95,3732.2,3732.95,88,
2024-02-19 10:18:00+05:30,3732.95,3734.75,3732.95,3733.4,31,
2024-02-19 10:19:00+05:30,3733.4,3736.7,3733.4,3736.55,29,
2024-02-19 10:20:00+05:30,3736.55,3737.9,3735.15,3737.9,65,
2024-02-19 10:21:00+05:30,3738.85,3739.05,3735.1,3735.1,334,
2024-02-19 10:22:00+05:30,3735.1,3738.95,3735.1,3738.95,606,
2024-02-19 10:23:00+05:30,3738.95,3740,3737.1,3739.9,22,
2024-02-19 10:24:00+05:30,3739.9,3739.9,3737,3739,528,
2024-02-19 10:25:00+05:30,3739,3744,3738.85,3742.55,630,
2024-02-19 10:26:00+05:30,3741.95,3742.95,3739,3740.5,338,
2024-02-19 10:27:00+05:30,3740.5,3741,3739.15,3739.15,64,
2024-02-19 10:28:00+05:30,3741.95,3742.55,3739,3739,270,
2024-02-19 10:29:00+05:30,3739,3742.8,3739,3739.85,278,
2024-02-19 10:30:00+05:30,3739.85,3742,3739.85,3740.85,129,
2024-02-19 10:31:00+05:30,3740.8,3742,3740.2,3742,172,
2024-02-19 10:32:00+05:30,3742,3742,3736.75,3737.25,2141,
2024-02-19 10:33:00+05:30,3737.25,3738.75,3735,3736.65,114,
2024-02-19 10:34:00+05:30,3736.65,3740,3736.65,3739.45,165,
2024-02-19 10:35:00+05:30,3739.6,3739.9,3736.1,3737.6,503,
2024-02-19 10:36:00+05:30,3737.6,3738.55,3736.1,3736.1,5,
2024-02-19 10:37:00+05:30,3735.85,3738.75,3735.85,3736.45,152,
2024-02-19 10:38:00+05:30,3736.45,3739,3736,3736.2,154,
2024-02-19 10:39:00+05:30,3736.2,3737.9,3734,3734,168,
2024-02-19 10:40:00+05:30,3735.2,3735.2,3732.2,3733.2,88,
2024-02-19 10:41:00+05:30,3733.2,3735,3733.2,3735,49,
2024-02-19 10:42:00+05:30,3735,3736.8,3733.65,3734.25,142,
2024-02-19 10:43:00+05:30,3734.25,3737,3734.2,3735.05,91,
2024-02-19 10:44:00+05:30,3735.05,3737,3735.05,3736.8,82,
2024-02-19 10:45:00+05:30,3736.8,3739.95,3736.8,3736.8,167,
2024-02-19 10:46:00+05:30,3736.15,3738.9,3736,3738.7,185,
2024-02-19 10:47:00+05:30,3738.7,3740,3738.05,3738.25,39,
2024-02-19 10:48:00+05:30,3738.25,3739,3738.05,3738.05,27,
2024-02-19 10:49:00+05:30,3738.05,3739,3736.05,3736.05,323,
2024-02-19 10:50:00+05:30,3736.05,3736.55,3733.3,3733.3,183,
2024-02-19 10:51:00+05:30,3733.3,3735.9,3733.3,3735.9,121,
2024-02-19 10:52:00+05:30,3733.75,3735.9,3730,3730,462,
2024-02-19 10:53:00+05:30,3731.25,3731.85,3728,3728,1053,
2024-02-19 10:54:00+05:30,3727.95,3731.95,3727.95,3729.5,482,
2024-02-19 10:55:00+05:30,3729.95,3729.95,3727.65,3729.95,392,
2024-02-19 10:56:00+05:30,3728.7,3729.95,3728.25,3728.45,122,
2024-02-19 10:57:00+05:30,3728.45,3734.05,3728.45,3731.8,300,
2024-02-19 10:58:00+05:30,3731.8,3735,3731.8,3733.05,53,
2024-02-19 10:59:00+05:30,3733.05,3735,3732.2,3734.95,182,
2024-02-19 11:00:00+05:30,3735,3735.45,3732.5,3733.4,141,
2024-02-19 11:01:00+05:30,3733.4,3735.35,3732.6,3732.6,99,
2024-02-19 11:02:00+05:30,3732.6,3735,3732.6,3734,23,
2024-02-19 11:03:00+05:30,3734,3736.1,3734,3735,379,
2024-02-19 11:04:00+05:30,3735,3737,3735,3735.2,113,
2024-02-19 11:05:00+05:30,3736.85,3738.75,3735.2,3738.75,85,
2024-02-19 11:06:00+05:30,3736.75,3737.15,3733.4,3735,509,
2024-02-19 11:07:00+05:30,3735,3738.55,3735,3737,20,
2024-02-19 11:08:00+05:30,3737,3739.9,3737,3737.6,41,
2024-02-19 11:09:00+05:30,3737.6,3739.1,3737.6,3738,100,
2024-02-19 11:10:00+05:30,3738,3739.85,3737.75,3738.85,84,
2024-02-19 11:11:00+05:30,3738.85,3741.95,3738.15,3739.75,974,
2024-02-19 11:12:00+05:30,3739.75,3741.8,3739.75,3739.85,89,
2024-02-19 11:13:00+05:30,3739.85,3743,3739.6,3739.65,1755,
2024-02-19 11:14:00+05:30,3741.9,3743.55,3738.45,3740,5587,
2024-02-19 11:15:00+05:30,3740,3742.25,3739.6,3740,974,
2024-02-19 11:16:00+05:30,3741.95,3742.3,3739.2,3741.6,339,
2024-02-19 11:17:00+05:30,3741.55,3743.1,3737.4,3737.6,745,
2024-02-19 11:18:00+05:30,3737.6,3741,3737.45,3741,369,
2024-02-19 11:19:00+05:30,3739.5,3741,3739.5,3741,333,
2024-02-19 11:20:00+05:30,3741,3741,3739.5,3739.5,279,
2024-02-19 11:21:00+05:30,3739.5,3739.9,3737.05,3739,182,
2024-02-19 11:22:00+05:30,3739,3739.1,3735.2,3736.9,232,
2024-02-19 11:23:00+05:30,3736.9,3739.2,3736.9,3737.45,72,
2024-02-19 11:24:00+05:30,3737.45,3739.4,3736.9,3739.25,19,
2024-02-19 11:25:00+05:30,3739.25,3739.25,3736.9,3737.05,38,
2024-02-19 11:26:00+05:30,3737.1,3739.95,3737.1,3738.1,72,
2024-02-19 11:27:00+05:30,3739,3740.6,3737.1,3737.1,366,
2024-02-19 11:28:00+05:30,3737.1,3738.8,3736.9,3736.9,785,
2024-02-19 11:29:00+05:30,3736.9,3739.9,3736.9,3737.75,70,
2024-02-19 11:30:00+05:30,3737.75,3739.7,3737.75,3739.65,19,
2024-02-19 11:31:00+05:30,3737.8,3739.7,3737.15,3737.15,85,
2024-02-19 11:32:00+05:30,3737.3,3739,3736.9,3738.55,87,
2024-02-19 11:33:00+05:30,3738.55,3738.55,3735.65,3736.05,337,
2024-02-19 11:34:00+05:30,3736.05,3738.2,3736.05,3736.3,34,
2024-02-19 11:35:00+05:30,3736.3,3740.95,3736.3,3737.5,1714,
2024-02-19 11:36:00+05:30,3737.5,3739.95,3737.5,3739.25,40,
2024-02-19 11:37:00+05:30,3737.5,3740.15,3737.5,3738,95,
2024-02-19 11:38:00+05:30,3738,3739.95,3738,3739.9,31,
2024-02-19 11:39:00+05:30,3739,3741,3739,3739.8,331,
2024-02-19 11:40:00+05:30,3739.8,3741.75,3739.55,3739.65,1135,
2024-02-19 11:41:00+05:30,3739.4,3741.25,3739.4,3739.55,417,
2024-02-19 11:42:00+05:30,3739.75,3741,3739.55,3739.7,139,
2024-02-19 11:43:00+05:30,3739.7,3742,3739.65,3740,2346,
2024-02-19 11:44:00+05:30,3739.85,3741.8,3739.65,3740,805,
2024-02-19 11:45:00+05:30,3740,3741.75,3739.25,3739.6,521,
2024-02-19 11:46:00+05:30,3739.6,3741.7,3739.6,3739.7,218,
2024-02-19 11:47:00+05:30,3739.7,3741.05,3739.25,3739.65,60,
2024-02-19 11:48:00+05:30,3739.25,3739.65,3738.7,3738.7,84,
2024-02-19 11:49:00+05:30,3738.7,3741.4,3738.7,3740,567,
2024-02-19 11:50:00+05:30,3740,3741.1,3738.95,3739.25,359,
2024-02-19 11:51:00+05:30,3739.2,3741.2,3739.2,3740,32,
2024-02-19 11:52:00+05:30,3740,3741.1,3739.2,3739.5,43,
2024-02-19 11:53:00+05:30,3739.55,3741.95,3739.55,3741.85,1053,
2024-02-19 11:54:00+05:30,3739.7,3741.85,3739.4,3739.65,315,
2024-02-19 11:55:00+05:30,3739.55,3739.55,3737.1,3739.5,860,
2024-02-19 11:56:00+05:30,3740,3742.75,3738.65,3739.55,1509,
2024-02-19 11:57:00+05:30,3739.1,3742.7,3739.05,3741.95,2865,
2024-02-19 11:58:00+05:30,3739.6,3741.95,3737.85,3739.95,96,
2024-02-19 11:59:00+05:30,3738.15,3740,3737.55,3738.35,440,
2024-02-19 12:00:00+05:30,3738.35,3740.95,3738.35,3738.7,76,
2024-02-19 12:01:00+05:30,3738.7,3741.15,3738.7,3739,24,
2024-02-19 12:02:00+05:30,3739,3740,3739,3739,26,
2024-02-19 12:03:00+05:30,3741,3741,3737,3737.2,881,
2024-02-19 12:04:00+05:30,3737.2,3739,3737,3737.1,26,
2024-02-19 12:05:00+05:30,3737.1,3739.95,3737,3737.7,451,
2024-02-19 12:06:00+05:30,3737.75,3739.7,3737.05,3737.05,15,
2024-02-19 12:07:00+05:30,3737.05,3741.7,3737,3739.1,1627,
2024-02-19 12:08:00+05:30,3739.15,3741.05,3739.05,3739.1,358,
2024-02-19 12:09:00+05:30,3739.1,3741.15,3739.1,3739.9,1211,
2024-02-19 12:10:00+05:30,3739.95,3740.05,3738.05,3738.15,370,
2024-02-19 12:11:00+05:30,3738.25,3738.5,3738.1,3738.5,17,
2024-02-19 12:12:00+05:30,3739.95,3741.05,3738.5,3739,108,
2024-02-19 12:13:00+05:30,3739,3741.4,3739,3739.15,883,
2024-02-19 12:14:00+05:30,3739.15,3740,3737.05,3737.65,602,
2024-02-19 12:15:00+05:30,3737.65,3740,3737.4,3739.65,36,
2024-02-19 12:16:00+05:30,3739.65,3740.55,3738.15,3738.15,156,
2024-02-19 12:17:00+05:30,3739.65,3739.65,3736.7,3736.7,126,
2024-02-19 12:18:00+05:30,3736.7,3737,3736,3736,167,
2024-02-19 12:19:00+05:30,3736,3738.1,3736,3736.15,302,
2024-02-19 12:20:00+05:30,3736.15,3736.15,3735,3735,652,
2024-02-19 12:21:00+05:30,3735,3736.15,3735,3735,512,
2024-02-19 12:22:00+05:30,3735,3736.15,3735,3735,34,
2024-02-19 12:23:00+05:30,3735,3736.15,3735,3736.1,78,
2024-02-19 12:24:00+05:30,3736.1,3739,3736.1,3737,55,
2024-02-19 12:25:00+05:30,3737,3738.9,3736.75,3737.15,122,
2024-02-19 12:26:00+05:30,3737.15,3739.65,3737.15,3737.75,190,
2024-02-19 12:27:00+05:30,3737.7,3739.65,3737.3,3738.15,113,
2024-02-19 12:28:00+05:30,3738.15,3740,3737.65,3738.85,414,
2024-02-19 12:29:00+05:30,3738.7,3740,3738.4,3738.45,120,
2024-02-19 12:30:00+05:30,3738.45,3740.35,3738.45,3739.05,63,
2024-02-19 12:31:00+05:30,3739.05,3741.35,3738.05,3739.5,354,
2024-02-19 12:32:00+05:30,3739.5,3740.85,3738.45,3739.3,1027,
2024-02-19 12:33:00+05:30,3739.3,3739.95,3736.9,3737.85,121,
2024-02-19 12:34:00+05:30,3737.85,3738.7,3736,3737.4,629,
2024-02-19 12:35:00+05:30,3737.4,3739.1,3735.1,3735.1,553,
2024-02-19 12:36:00+05:30,3735.1,3737.8,3735.1,3735.55,83,
2024-02-19 12:37:00+05:30,3735.55,3738.65,3735.55,3738.65,56,
2024-02-19 12:38:00+05:30,3738.65,3740,3736.55,3740,116,
2024-02-19 12:39:00+05:30,3738,3740,3735.6,3735.6,1131,
2024-02-19 12:40:00+05:30,3735.6,3737.3,3735.1,3735.1,115,
2024-02-19 12:41:00+05:30,3735.1,3737.15,3735.1,3735.55,95,
2024-02-19 12:42:00+05:30,3735.55,3737.15,3735.1,3735.1,237,
2024-02-19 12:43:00+05:30,3735.1,3736.6,3735.1,3735.1,216,
2024-02-19 12:44:00+05:30,3735.1,3735.45,3735,3735,213,
2024-02-19 12:45:00+05:30,3735,3735.45,3735,3735,46,
2024-02-19 12:46:00+05:30,3735,3735.45,3735,3735,74,
2024-02-19 12:47:00+05:30,3735,3735.45,3735,3735,97,
2024-02-19 12:48:00+05:30,3735,3736.3,3734.9,3734.9,123,
2024-02-19 12:49:00+05:30,3734.9,3734.9,3732.2,3732.2,166,
2024-02-19 12:50:00+05:30,3732.2,3734.85,3731,3733.35,989,
2024-02-19 12:51:00+05:30,3733.35,3736,3732.45,3735.55,1207,
2024-02-19 12:52:00+05:30,3736.9,3736.9,3732.8,3733.65,337,
2024-02-19 12:53:00+05:30,3733.7,3733.7,3733.6,3733.65,76,
2024-02-19 12:54:00+05:30,3733.65,3735.35,3733.2,3733.9,189,
2024-02-19 12:55:00+05:30,3733.9,3736.1,3733.3,3734.05,112,
2024-02-19 12:56:00+05:30,3734.05,3735.5,3734.05,3734.05,149,
2024-02-19 12:57:00+05:30,3734.05,3735.45,3734.05,3734.05,166,
2024-02-19 12:58:00+05:30,3734.05,3736.05,3734.05,3734.05,144,
2024-02-19 12:59:00+05:30,3734.05,3735.95,3734,3734,562,
2024-02-19 13:00:00+05:30,3734,3735.85,3734,3734.4,86,
2024-02-19 13:01:00+05:30,3734.45,3736.15,3734.05,3734.25,296,
2024-02-19 13:02:00+05:30,3734.25,3735.9,3734,3734.45,146,
2024-02-19 13:03:00+05:30,3735,3735.05,3735,3735,133,
2024-02-19 13:04:00+05:30,3735,3736.2,3734.5,3735,88,
2024-02-19 13:05:00+05:30,3735,3735.95,3734.6,3735.85,50,
2024-02-19 13:06:00+05:30,3734.8,3735.85,3734,3734.95,126,
2024-02-19 13:07:00+05:30,3734,3734,3732.9,3733,1330,
2024-02-19 13:08:00+05:30,3733.95,3736,3733,3734.95,49680,
2024-02-19 13:09:00+05:30,3734.95,3736.7,3734.9,3734.9,135,
2024-02-19 13:10:00+05:30,3734.9,3736.85,3734.9,3736.85,42,
2024-02-19 13:11:00+05:30,3737.15,3738.6,3736.9,3737.25,132,
2024-02-19 13:12:00+05:30,3737.25,3738.8,3737.25,3738.5,84,
2024-02-19 13:13:00+05:30,3738.5,3740,3738.4,3739.1,1097,
2024-02-19 13:14:00+05:30,3739,3741.5,3738.95,3739.15,1849,
2024-02-19 13:15:00+05:30,3739.25,3742,3739.1,3739.3,1749,
2024-02-19 13:16:00+05:30,3739.3,3740,3739.3,3739.55,315,
2024-02-19 13:17:00+05:30,3739.6,3740,3739.3,3739.3,479,
2024-02-19 13:18:00+05:30,3739.3,3739.3,3735.7,3737,633,
2024-02-19 13:19:00+05:30,3737,3739.9,3737,3738.3,88,
2024-02-19 13:20:00+05:30,3738.3,3739.95,3736.65,3738.35,462,
2024-02-19 13:21:00+05:30,3738.35,3740.45,3738.35,3738.6,115,
2024-02-19 13:22:00+05:30,3738.65,3741.65,3735,3735,1831,
2024-02-19 13:23:00+05:30,3735.05,3737.4,3734.8,3735.85,265,
2024-02-19 13:24:00+05:30,3735.85,3737.6,3735.55,3736.05,71,
2024-02-19 13:25:00+05:30,3736.05,3737.4,3735.55,3735.55,151,
2024-02-19 13:26:00+05:30,3735.55,3736.7,3734.45,3734.45,43,
2024-02-19 13:27:00+05:30,3734.45,3735.8,3733,3733.65,387,
2024-02-19 13:28:00+05:30,3733.65,3734.7,3733,3733.3,253,
2024-02-19 13:29:00+05:30,3733.3,3736.75,3732.2,3735.2,394,
2024-02-19 13:30:00+05:30,3736,3738.1,3735.2,3736.55,333,
2024-02-19 13:31:00+05:30,3736.45,3739,3733.95,3734.2,1138,
2024-02-19 13:32:00+05:30,3732,3734.05,3732,3732,67,
2024-02-19 13:33:00+05:30,3732,3733.55,3731.2,3731.95,132,
2024-02-19 13:34:00+05:30,3731.95,3733.35,3731.95,3733.35,44,
2024-02-19 13:35:00+05:30,3733.35,3735.95,3733.35,3734.55,67,
2024-02-19 13:36:00+05:30,3736.05,3736.05,3732.5,3732.5,452,
2024-02-19 13:37:00+05:30,3732.5,3734.4,3732.5,3733.4,36,
2024-02-19 13:38:00+05:30,3732.8,3734.35,3732.5,3733.2,92,
2024-02-19 13:39:00+05:30,3733.2,3735.35,3733.2,3733.3,205,
2024-02-19 13:40:00+05:30,3733.3,3735.85,3733.2,3733.2,74,
2024-02-19 13:41:00+05:30,3733.2,3735.1,3733,3733,62,
2024-02-19 13:42:00+05:30,3733,3734.75,3733,3734.75,114,
2024-02-19 13:43:00+05:30,3733,3733,3732.5,3732.5,89,
2024-02-19 13:44:00+05:30,3732.5,3732.5,3732.5,3732.5,40,
2024-02-19 13:45:00+05:30,3732.5,3734.35,3732.05,3732.3,190,
2024-02-19 13:46:00+05:30,3732,3737.1,3731.2,3737,4398,
2024-02-19 13:47:00+05:30,3737,3740,3736.75,3736.85,808,
2024-02-19 13:48:00+05:30,3736.8,3738.35,3736.75,3736.75,63,
2024-02-19 13:49:00+05:30,3736.75,3737.95,3735.9,3736.3,123,
2024-02-19 13:50:00+05:30,3736.3,3738.25,3736.3,3736.55,79,
2024-02-19 13:51:00+05:30,3736.55,3738.85,3732.8,3733.4,206,
2024-02-19 13:52:00+05:30,3735.5,3738.2,3733.45,3737.9,57,
2024-02-19 13:53:00+05:30,3737.9,3738.65,3736.15,3736.95,377,
2024-02-19 13:54:00+05:30,3736.95,3738.6,3736.85,3736.85,34,
2024-02-19 13:55:00+05:30,3736.85,3736.85,3735,3735.05,29,
2024-02-19 13:56:00+05:30,3735.05,3737.85,3735,3735.6,114,
2024-02-19 13:57:00+05:30,3735.6,3737.5,3735.6,3737.5,53,
2024-02-19 13:58:00+05:30,3737.5,3737.55,3735.55,3735.55,115,
2024-02-19 13:59:00+05:30,3735.55,3737.85,3735.4,3735.5,65,
2024-02-19 14:00:00+05:30,3735.5,3735.65,3733.1,3733.1,303,
2024-02-19 14:01:00+05:30,3733.1,3734.65,3731.2,3732,145,
2024-02-19 14:02:00+05:30,3731.95,3732.9,3731.1,3732.9,70,
2024-02-19 14:03:00+05:30,3732.9,3732.9,3731,3731,70,
2024-02-19 14:04:00+05:30,3731,3732.3,3731,3731,51,
2024-02-19 14:05:00+05:30,3731,3731.75,3730.9,3730.9,72,
2024-02-19 14:06:00+05:30,3730.9,3731.7,3730.75,3730.75,76,
2024-02-19 14:07:00+05:30,3730.75,3733.6,3730.5,3732.8,207,
2024-02-19 14:08:00+05:30,3730.9,3733.7,3730.55,3732.5,315,
2024-02-19 14:09:00+05:30,3731.8,3732.9,3730.45,3730.45,158,
2024-02-19 14:10:00+05:30,3730.3,3734.7,3730.25,3733.85,1206,
2024-02-19 14:11:00+05:30,3734.05,3734.9,3732.75,3734.9,145,
2024-02-19 14:12:00+05:30,3733.3,3734.9,3732.45,3732.55,123,
2024-02-19 14:13:00+05:30,3732.55,3734.75,3732.3,3732.55,137,
2024-02-19 14:14:00+05:30,3732.55,3734.75,3732.15,3734.3,128,
2024-02-19 14:15:00+05:30,3732.35,3733.6,3732.3,3732.3,123,
2024-02-19 14:16:00+05:30,3732.3,3734.05,3732,3732,154,
2024-02-19 14:17:00+05:30,3732,3733.95,3732,3732.25,193,
2024-02-19 14:18:00+05:30,3732.3,3735.5,3732,3732,275,
2024-02-19 14:19:00+05:30,3732,3732.05,3730.5,3730.5,190,
2024-02-19 14:20:00+05:30,3730.55,3732.7,3730.5,3731.5,152,
2024-02-19 14:21:00+05:30,3731.35,3733.95,3731.35,3731.85,208,
2024-02-19 14:22:00+05:30,3732.05,3733.95,3731.85,3731.85,155,
2024-02-19 14:23:00+05:30,3734.05,3734.05,3731.45,3732.8,265,
2024-02-19 14:24:00+05:30,3732.8,3736,3732.8,3734.3,248,
2024-02-19 14:25:00+05:30,3734.3,3736.25,3733.9,3734,205,
2024-02-19 14:26:00+05:30,3734,3736.25,3733.55,3733.75,159,
2024-02-19 14:27:00+05:30,3735.8,3737.95,3733.75,3734.15,376,
2024-02-19 14:28:00+05:30,3734.2,3738.4,3734.15,3736.5,276,
2024-02-19 14:29:00+05:30,3736.5,3736.7,3736.5,3736.5,181,
2024-02-19 14:30:00+05:30,3736.5,3738.25,3736.5,3736.5,650,
2024-02-19 14:31:00+05:30,3735,3736.95,3734.9,3734.9,178,
2024-02-19 14:32:00+05:30,3734.9,3735,3733.55,3733.65,145,
2024-02-19 14:33:00+05:30,3733.65,3735.95,3733.05,3733.65,268,
2024-02-19 14:34:00+05:30,3733.65,3736.85,3733.35,3735.55,204,
2024-02-19 14:35:00+05:30,3734.65,3736.5,3733.3,3733.8,190,
2024-02-19 14:36:00+05:30,3733.85,3737.4,3733.35,3734.7,217,
2024-02-19 14:37:00+05:30,3734.6,3734.7,3732.5,3734,163,
2024-02-19 14:38:00+05:30,3732.7,3734.4,3732.5,3732.5,169,
2024-02-19 14:39:00+05:30,3732.5,3734.35,3732.5,3733.35,129,
2024-02-19 14:40:00+05:30,3732.5,3733.9,3732.5,3733.9,177,
2024-02-19 14:41:00+05:30,3732.6,3734.95,3730.2,3732.3,289,
2024-02-19 14:42:00+05:30,3732.3,3733.75,3730.25,3730.25,325,
2024-02-19 14:43:00+05:30,3730.25,3730.85,3730,3730.75,177,
2024-02-19 14:44:00+05:30,3730.75,3731.65,3729,3729,531,
2024-02-19 14:45:00+05:30,3729,3730.45,3728.1,3729,198,
2024-02-19 14:46:00+05:30,3730.9,3731.9,3729,3729.85,163,
2024-02-19 14:47:00+05:30,3729.75,3732.95,3729.75,3730.25,335,
2024-02-19 14:48:00+05:30,3731.2,3732.95,3730,3731.25,282,
2024-02-19 14:49:00+05:30,3731.25,3731.7,3730,3730,175,
2024-02-19 14:50:00+05:30,3730,3731.65,3729.15,3729.25,150,
2024-02-19 14:51:00+05:30,3731.25,3731.4,3729.35,3729.35,350,
2024-02-19 14:52:00+05:30,3729.3,3731.4,3728.75,3729,397,
2024-02-19 14:53:00+05:30,3729,3730.4,3728,3728.85,339,
2024-02-19 14:54:00+05:30,3728.85,3730.1,3728,3728,153,
2024-02-19 14:55:00+05:30,3728,3728.4,3727,3727,450,
2024-02-19 14:56:00+05:30,3727.05,3729,3727,3727.45,1858,
2024-02-19 14:57:00+05:30,3727.45,3727.45,3723,3724.25,1460,
2024-02-19 14:58:00+05:30,3724.35,3725.95,3722.9,3722.9,444,
2024-02-19 14:59:00+05:30,3722.7,3725.55,3722.2,3723.75,406,
2024-02-19 15:00:00+05:30,3727.8,3729.95,3724.95,3726,836,
2024-02-19 15:01:00+05:30,3727.7,3728.4,3725,3727.2,513,
2024-02-19 15:02:00+05:30,3727.2,3729.45,3727.1,3729.3,503,
2024-02-19 15:03:00+05:30,3729.3,3729.35,3727,3727,477,
2024-02-19 15:04:00+05:30,3726.7,3728,3725.4,3726.7,455,
2024-02-19 15:05:00+05:30,3726.7,3730.75,3726.7,3728.25,378,
2024-02-19 15:06:00+05:30,3729.7,3730.3,3722.2,3722.55,1026,
2024-02-19 15:07:00+05:30,3723.4,3724.2,3721,3722.8,1201,
2024-02-19 15:08:00+05:30,3721.85,3724.2,3715.7,3715.7,1782,
2024-02-19 15:09:00+05:30,3717,3721.5,3715.95,3719.05,3018,
2024-02-19 15:10:00+05:30,3721.95,3721.95,3718.55,3720,1067,
2024-02-19 15:11:00+05:30,3720.25,3722.3,3718.7,3721.5,918,
2024-02-19 15:12:00+05:30,3721.5,3723.3,3720,3722.55,1248,
2024-02-19 15:13:00+05:30,3722.55,3724.55,3720.75,3723.1,808,
2024-02-19 15:14:00+05:30,3724.7,3726,3723.1,3725.2,839,
2024-02-19 15:15:00+05:30,3726,3726,3723.05,3725.1,1287,
2024-02-19 15:16:00+05:30,3726,3727,3725,3726.95,1135,
2024-02-19 15:17:00+05:30,3726.95,3727,3726.1,3726.6,630,
2024-02-19 15:18:00+05:30,3726.6,3726.9,3722.05,3722.05,1418,
2024-02-19 15:19:00+05:30,3724.6,3725.9,3723.9,3724.95,582,
2024-02-19 15:20:00+05:30,3725.65,3726.05,3721,3723.1,1336,
2024-02-19 15:21:00+05:30,3724.7,3724.7,3720.2,3722.15,1739,
2024-02-19 15:22:00+05:30,3722.6,3723,3721.25,3722.75,468,
2024-02-19 15:23:00+05:30,3723,3725.25,3722.75,3724.55,861,
2024-02-19 15:24:00+05:30,3725.05,3725.55,3722,3724.55,945,
2024-02-19 15:25:00+05:30,3724.55,3724.7,3722.05,3722.55,490,
2024-02-19 15:26:00+05:30,3722.9,3726.4,3722.9,3725,1868,
2024-02-19 15:27:00+05:30,3725.8,3725.8,3725,3725,1115,
2024-02-19 15:28:00+05:30,3725,3726.2,3725,3725,970,
2024-02-19 15:29:00+05:30,3726.2,3726.2,3725,3726,478,
2024-02-20 09:15:00+05:30,3723,3731.75,3711,3728.75,1218,
2024-02-20 09:16:00+05:30,3725,3734.7,3725,3730.45,1418,
2024-02-20 09:17:00+05:30,3728.4,3732.25,3718,3718,1097,
2024-02-20 09:18:00+05:30,3716.9,3720.8,3711.95,3711.95,1106,
2024-02-20 09:19:00+05:30,3711.95,3721.65,3711.95,3718.9,815,
2024-02-20 09:20:00+05:30,3718.9,3725.8,3718.75,3718.75,501,
2024-02-20 09:21:00+05:30,3718.55,3723.1,3717.65,3717.65,836,
2024-02-20 09:22:00+05:30,3717.65,3727.65,3717.55,3727.65,2452,
2024-02-20 09:23:00+05:30,3727.05,3729.8,3723.8,3729,1482,
2024-02-20 09:24:00+05:30,3729,3729.95,3725.4,3728.1,587,
2024-02-20 09:25:00+05:30,3729.6,3735,3728.1,3732.65,1599,
2024-02-20 09:26:00+05:30,3733,3736.7,3731,3735.6,619,
2024-02-20 09:27:00+05:30,3735.6,3738.4,3735.6,3735.8,420,
2024-02-20 09:28:00+05:30,3735,3735.95,3733,3735.4,669,
2024-02-20 09:29:00+05:30,3735.75,3739,3735.75,3737.95,199,
2024-02-20 09:30:00+05:30,3736.85,3739,3735,3735,370,
2024-02-20 09:31:00+05:30,3735,3735,3733,3733,380,
2024-02-20 09:32:00+05:30,3733.85,3733.85,3730,3730.15,392,
2024-02-20 09:33:00+05:30,3730,3731.6,3726.9,3726.9,276,
2024-02-20 09:34:00+05:30,3726.9,3726.9,3722.55,3725.9,703,
2024-02-20 09:35:00+05:30,3726.2,3726.5,3724.5,3724.85,401,
2024-02-20 09:36:00+05:30,3724.85,3728,3724,3727.65,286,
2024-02-20 09:37:00+05:30,3727.45,3729.95,3726.3,3729.95,421,
2024-02-20 09:38:00+05:30,3728.4,3729.9,3726.1,3726.35,137,
2024-02-20 09:39:00+05:30,3726.35,3728.95,3726.35,3727.65,280,
2024-02-20 09:40:00+05:30,3727.65,3730.95,3727.35,3729.55,262,
2024-02-20 09:41:00+05:30,3729.55,3732,3729.55,3730.25,285,
2024-02-20 09:42:00+05:30,3730.25,3730.25,3727.95,3728.9,404,
2024-02-20 09:43:00+05:30,3728.9,3729.65,3725,3728.9,464,
2024-02-20 09:44:00+05:30,3729.95,3729.95,3722.95,3723,353,
2024-02-20 09:45:00+05:30,3722.3,3727.85,3722.3,3727.25,340,
2024-02-20 09:46:00+05:30,3726,3727.55,3725.35,3727.55,143,
2024-02-20 09:47:00+05:30,3727.55,3729.2,3725.1,3726.6,222,
2024-02-20 09:48:00+05:30,3724.9,3726.6,3722,3722,128,
2024-02-20 09:49:00+05:30,3722,3722.15,3719.2,3719.6,520,
2024-02-20 09:50:00+05:30,3719.2,3720,3718,3719,175,
2024-02-20 09:51:00+05:30,3719,3719.6,3718,3719.6,233,
2024-02-20 09:52:00+05:30,3719.6,3719.6,3716.6,3716.6,930,
2024-02-20 09:53:00+05:30,3716.3,3717.4,3714.2,3714.2,491,
2024-02-20 09:54:00+05:30,3713.35,3716.6,3711.2,3711.2,1344,
2024-02-20 09:55:00+05:30,3711.2,3711.75,3707.3,3709,1922,
2024-02-20 09:56:00+05:30,3709,3709,3704.05,3707.8,1085,
2024-02-20 09:57:00+05:30,3708.7,3711.45,3706.55,3710,299,
2024-02-20 09:58:00+05:30,3710,3711.95,3708.35,3710.95,694,
2024-02-20 09:59:00+05:30,3710.95,3711.35,3708.4,3710.15,722,
2024-02-20 10:00:00+05:30,3710.15,3711.35,3706.6,3710.4,409,
2024-02-20 10:01:00+05:30,3711.35,3713.9,3708.5,3712.3,565,
2024-02-20 10:02:00+05:30,3712.3,3714.45,3712.25,3713.8,290,
2024-02-20 10:03:00+05:30,3713.25,3713.25,3702.05,3703.9,1038,
2024-02-20 10:04:00+05:30,3703.9,3704.05,3698.45,3700.7,2567,
2024-02-20 10:05:00+05:30,3699.95,3702.6,3695.2,3700.65,2665,
2024-02-20 10:06:00+05:30,3703.4,3704,3700,3701.25,873,
2024-02-20 10:07:00+05:30,3701.25,3708.65,3699.75,3706.05,849,
2024-02-20 10:08:00+05:30,3706.05,3707.6,3700.35,3703.55,787,
2024-02-20 10:09:00+05:30,3703.55,3707.15,3702,3702,447,
2024-02-20 10:10:00+05:30,3702,3703.6,3700.35,3700.35,500,
2024-02-20 10:11:00+05:30,3700.35,3701.5,3695.2,3700.2,1061,
2024-02-20 10:12:00+05:30,3700.2,3703.55,3700,3700.1,451,
2024-02-20 10:13:00+05:30,3702.05,3703.6,3698,3701.95,402,
2024-02-20 10:14:00+05:30,3701.95,3703.6,3701.4,3703.1,266,
2024-02-20 10:15:00+05:30,3703.1,3705.65,3702,3703.35,398,
2024-02-20 10:16:00+05:30,3703.35,3705.95,3703.3,3705.2,411,
2024-02-20 10:17:00+05:30,3704,3704,3701,3701,554,
2024-02-20 10:18:00+05:30,3701,3702.15,3700,3700,657,
2024-02-20 10:19:00+05:30,3700,3703.45,3697.15,3700,782,
2024-02-20 10:20:00+05:30,3700,3701.7,3699.9,3701.3,513,
2024-02-20 10:21:00+05:30,3701.75,3703.8,3700.65,3701.9,502,
2024-02-20 10:22:00+05:30,3703,3704.25,3700.65,3702.95,555,
2024-02-20 10:23:00+05:30,3703.8,3703.8,3700.65,3700.65,379,
2024-02-20 10:24:00+05:30,3700.65,3702.85,3700,3700.05,632,
2024-02-20 10:25:00+05:30,3700.05,3702.35,3698.65,3700,822,
2024-02-20 10:26:00+05:30,3700,3703.3,3699.9,3701.1,523,
2024-02-20 10:27:00+05:30,3700,3701.55,3695.1,3696.55,793,
2024-02-20 10:28:00+05:30,3696.55,3698.4,3692.2,3693,2441,
2024-02-20 10:29:00+05:30,3693.85,3694.35,3692,3692.1,565,
2024-02-20 10:30:00+05:30,3691.7,3693.35,3682.1,3682.7,2649,
2024-02-20 10:31:00+05:30,3682.7,3686.65,3682.7,3685,579,
2024-02-20 10:32:00+05:30,3685,3688.2,3684.35,3686,1301,
2024-02-20 10:33:00+05:30,3686,3688.75,3684,3684,1292,
2024-02-20 10:34:00+05:30,3684,3686.4,3682.3,3682.3,1027,
2024-02-20 10:35:00+05:30,3684.05,3684.05,3676.65,3677.2,3122,
2024-02-20 10:36:00+05:30,3677.2,3679.95,3675.7,3676.5,1197,
2024-02-20 10:37:00+05:30,3676,3677.8,3675.2,3675.3,674,
2024-02-20 10:38:00+05:30,3675.3,3677,3675.3,3677,514,
2024-02-20 10:39:00+05:30,3677.4,3679.3,3675.5,3676.95,742,
2024-02-20 10:40:00+05:30,3676.95,3680.15,3676,3676.1,1894,
2024-02-20 10:41:00+05:30,3676.1,3678.8,3676,3676.15,608,
2024-02-20 10:42:00+05:30,3676.6,3680.45,3675.5,3677.65,2438,
2024-02-20 10:43:00+05:30,3677.65,3681.45,3676.6,3679.15,1247,
2024-02-20 10:44:00+05:30,3679.45,3680.7,3677.35,3680,2276,
2024-02-20 10:45:00+05:30,3679,3685.15,3677.9,3683,3008,
2024-02-20 10:46:00+05:30,3683,3685.65,3681.05,3683.7,2754,
2024-02-20 10:47:00+05:30,3683.5,3686.25,3681.05,3686.25,8799,
2024-02-20 10:48:00+05:30,3686.25,3687.7,3685.35,3686.1,454,
2024-02-20 10:49:00+05:30,3686.1,3688.65,3686.1,3687.5,727,
2024-02-20 10:50:00+05:30,3687.5,3691.95,3687.5,3688.55,771,
2024-02-20 10:51:00+05:30,3688.45,3690.25,3687,3688.35,396,
2024-02-20 10:52:00+05:30,3688.35,3688.7,3686.3,3686.6,429,
2024-02-20 10:53:00+05:30,3686.6,3690.15,3685.7,3688.05,643,
2024-02-20 10:54:00+05:30,3685.5,3687.75,3685.15,3686.3,454,
2024-02-20 10:55:00+05:30,3686.3,3689.15,3686.3,3687.4,429,
2024-02-20 10:56:00+05:30,3687.4,3689.55,3687.15,3687.3,423,
2024-02-20 10:57:00+05:30,3687.3,3694.6,3687.15,3689.4,881,
2024-02-20 10:58:00+05:30,3689.4,3692.2,3688.9,3690.05,433,
2024-02-20 10:59:00+05:30,3690.05,3692,3690,3690,587,
2024-02-20 11:00:00+05:30,3690,3692,3690,3690,404,
2024-02-20 11:01:00+05:30,3690,3690.8,3688,3688.1,566,
2024-02-20 11:02:00+05:30,3688.1,3690.45,3688.1,3688.5,484,
2024-02-20 11:03:00+05:30,3690.7,3690.7,3688,3688,302,
2024-02-20 11:04:00+05:30,3688,3690.8,3688,3689.5,496,
2024-02-20 11:05:00+05:30,3689.55,3690.95,3689.5,3689.5,319,
2024-02-20 11:06:00+05:30,3689.5,3690.8,3689.5,3689.5,537,
2024-02-20 11:07:00+05:30,3689.5,3689.9,3688,3688.05,1280,
2024-02-20 11:08:00+05:30,3688.05,3690.55,3686.8,3688.8,1160,
2024-02-20 11:09:00+05:30,3688.8,3690.4,3688.8,3689,371,
2024-02-20 11:10:00+05:30,3689,3690,3688.95,3689.35,356,
2024-02-20 11:11:00+05:30,3689.35,3690.05,3689.25,3689.35,355,
2024-02-20 11:12:00+05:30,3690,3696.3,3688.95,3695.05,10707,
2024-02-20 11:13:00+05:30,3699.2,3700.4,3694.7,3698.85,5639,
2024-02-20 11:14:00+05:30,3698.85,3700.1,3696.3,3698.85,1424,
2024-02-20 11:15:00+05:30,3698.85,3700.15,3698.65,3698.9,892,
2024-02-20 11:16:00+05:30,3698.9,3700,3697.85,3698.55,614,
2024-02-20 11:17:00+05:30,3698.5,3700.7,3698.1,3698.55,1317,
2024-02-20 11:18:00+05:30,3698.55,3701.7,3697.75,3697.9,1398,
2024-02-20 11:19:00+05:30,3697.65,3700,3696.5,3698,1502,
2024-02-20 11:20:00+05:30,3698,3700,3696.45,3697.1,613,
2024-02-20 11:21:00+05:30,3696.45,3698.15,3695.45,3696.6,672,
2024-02-20 11:22:00+05:30,3696.6,3697.7,3693.25,3693.25,867,
2024-02-20 11:23:00+05:30,3694.2,3694.65,3690,3690,904,
2024-02-20 11:24:00+05:30,3690,3692.45,3690,3690,461,
2024-02-20 11:25:00+05:30,3690,3691.75,3690,3690,798,
2024-02-20 11:26:00+05:30,3690,3692.7,3689.25,3690.35,444,
2024-02-20 11:27:00+05:30,3692.35,3692.9,3689.7,3690.1,835,
2024-02-20 11:28:00+05:30,3690.35,3691.75,3690,3690,508,
2024-02-20 11:29:00+05:30,3690,3693.35,3690,3690.95,935,
2024-02-20 11:30:00+05:30,3690.95,3692.55,3690.4,3690.4,495,
2024-02-20 11:31:00+05:30,3690.4,3691.55,3690.2,3690.25,593,
2024-02-20 11:32:00+05:30,3690.25,3694.2,3690.15,3690.8,737,
2024-02-20 11:33:00+05:30,3691.55,3697.15,3691,3695,633,
2024-02-20 11:34:00+05:30,3694.95,3697.05,3693.65,3693.65,495,
2024-02-20 11:35:00+05:30,3693.65,3698.45,3693.55,3696.2,597,
2024-02-20 11:36:00+05:30,3696.25,3697.15,3692.45,3692.75,823,
2024-02-20 11:37:00+05:30,3692.75,3695,3690,3690,795,
2024-02-20 11:38:00+05:30,3692.45,3695.75,3692.3,3693.45,2108,
2024-02-20 11:39:00+05:30,3695.1,3695.1,3691.15,3691.2,1495,
2024-02-20 11:40:00+05:30,3691.2,3694.55,3690.15,3691.25,475,
2024-02-20 11:41:00+05:30,3690.45,3693.15,3690.15,3690.55,581,
2024-02-20 11:42:00+05:30,3690.6,3693.25,3690.3,3692.8,385,
2024-02-20 11:43:00+05:30,3692.8,3695.2,3692.2,3695.05,944,
2024-02-20 11:44:00+05:30,3695.05,3699.55,3695.05,3697.3,459,
2024-02-20 11:45:00+05:30,3697.5,3701,3697.5,3699.05,1517,
2024-02-20 11:46:00+05:30,3699.05,3700,3698.05,3698.25,499,
2024-02-20 11:47:00+05:30,3698.25,3699.55,3696.55,3696.7,785,
2024-02-20 11:48:00+05:30,3696.7,3698.6,3696.3,3696.5,358,
2024-02-20 11:49:00+05:30,3696.5,3698.55,3694.6,3694.6,399,
2024-02-20 11:50:00+05:30,3694.6,3694.9,3694.05,3694.1,349,
2024-02-20 11:51:00+05:30,3694.9,3695.5,3690.15,3690.5,1239,
2024-02-20 11:52:00+05:30,3690.15,3693.25,3689.2,3690.25,1469,
2024-02-20 11:53:00+05:30,3690.25,3692.15,3690,3690.25,428,
2024-02-20 11:54:00+05:30,3691.5,3691.65,3690,3690,306,
2024-02-20 11:55:00+05:30,3690,3690.9,3689.9,3690,258,
2024-02-20 11:56:00+05:30,3690,3692.5,3690,3692.3,340,
2024-02-20 11:57:00+05:30,3692.3,3694.3,3691.7,3692.35,301,
2024-02-20 11:58:00+05:30,3692.35,3698.95,3692.35,3698.95,344,
2024-02-20 11:59:00+05:30,3699,3700.95,3696.2,3696.55,603,
2024-02-20 12:00:00+05:30,3696.55,3699.65,3695.6,3697.2,581,
2024-02-20 12:01:00+05:30,3698.8,3702.7,3697.15,3699.25,716,
2024-02-20 12:02:00+05:30,3701,3703.35,3699.8,3701.5,497,
2024-02-20 12:03:00+05:30,3701.5,3708.2,3701.5,3707.7,889,
2024-02-20 12:04:00+05:30,3709,3709,3704.95,3705.45,1301,
2024-02-20 12:05:00+05:30,3707,3707.7,3703.75,3703.85,788,
2024-02-20 12:06:00+05:30,3703.75,3705,3702.6,3703.05,495,
2024-02-20 12:07:00+05:30,3704.9,3704.9,3702.75,3703.2,425,
2024-02-20 12:08:00+05:30,3703.2,3705,3700,3700.1,544,
2024-02-20 12:09:00+05:30,3701.4,3703.95,3699.75,3702.8,529,
2024-02-20 12:10:00+05:30,3702.8,3702.8,3699.9,3699.9,310,
2024-02-20 12:11:00+05:30,3699.9,3701.75,3699.05,3699.4,529,
2024-02-20 12:12:00+05:30,3699.4,3701.15,3697.95,3697.95,600,
2024-02-20 12:13:00+05:30,3700,3700.05,3698.05,3698.55,480,
2024-02-20 12:14:00+05:30,3698.55,3699.95,3693.05,3693.05,876,
2024-02-20 12:15:00+05:30,3694.65,3695.25,3692.15,3692.7,428,
2024-02-20 12:16:00+05:30,3692.7,3693.9,3690.6,3692.05,476,
2024-02-20 12:17:00+05:30,3694.2,3694.2,3691.15,3692,288,
2024-02-20 12:18:00+05:30,3693.5,3693.6,3691.05,3691.7,515,
2024-02-20 12:19:00+05:30,3692.75,3695.5,3691.05,3691.05,434,
2024-02-20 12:20:00+05:30,3691.05,3692.05,3690,3690,583,
2024-02-20 12:21:00+05:30,3692.85,3693.8,3689.1,3691.75,754,
2024-02-20 12:22:00+05:30,3691.75,3692.8,3690,3690.6,364,
2024-02-20 12:23:00+05:30,3690.6,3690.95,3690,3690,287,
2024-02-20 12:24:00+05:30,3690,3691,3690,3690,373,
2024-02-20 12:25:00+05:30,3690,3690.7,3690,3690,297,
2024-02-20 12:26:00+05:30,3690,3692.95,3690,3692.95,327,
2024-02-20 12:27:00+05:30,3692.95,3694.7,3691.8,3692.4,373,
2024-02-20 12:28:00+05:30,3693.9,3694.2,3691.15,3691.45,344,
2024-02-20 12:29:00+05:30,3691.45,3693.85,3690.9,3691.75,444,
2024-02-20 12:30:00+05:30,3691.75,3694.65,3690.75,3694.15,395,
2024-02-20 12:31:00+05:30,3694.15,3694.15,3690.9,3692.65,363,
2024-02-20 12:32:00+05:30,3692.65,3692.65,3690,3690,565,
2024-02-20 12:33:00+05:30,3691.15,3692.55,3690,3690,314,
2024-02-20 12:34:00+05:30,3691.45,3694,3690,3691.55,481,
2024-02-20 12:35:00+05:30,3693.2,3693.2,3690.45,3691.1,418,
2024-02-20 12:36:00+05:30,3691.1,3692.8,3690.2,3690.7,410,
2024-02-20 12:37:00+05:30,3690.7,3691.95,3690,3690,1646,
2024-02-20 12:38:00+05:30,3690,3691.25,3689.9,3690,308,
2024-02-20 12:39:00+05:30,3690,3691.25,3690,3690,355,
2024-02-20 12:40:00+05:30,3690,3691.4,3690,3690.6,340,
2024-02-20 12:41:00+05:30,3690.6,3690.65,3690,3690,306,
2024-02-20 12:42:00+05:30,3690,3693,3690,3690,318,
2024-02-20 12:43:00+05:30,3692,3695.05,3690,3692.5,511,
2024-02-20 12:44:00+05:30,3692.5,3694.75,3691.2,3692.75,587,
2024-02-20 12:45:00+05:30,3694.15,3694.7,3691.85,3692.75,779,
2024-02-20 12:46:00+05:30,3692.75,3697.45,3692.3,3693.7,791,
2024-02-20 12:47:00+05:30,3693.65,3695.2,3693.25,3693.5,506,
2024-02-20 12:48:00+05:30,3693.5,3695.1,3691.55,3691.55,633,
2024-02-20 12:49:00+05:30,3693.1,3694.15,3691.45,3691.65,625,
2024-02-20 12:50:00+05:30,3691.65,3695.5,3690.7,3692.3,599,
2024-02-20 12:51:00+05:30,3692.35,3693.1,3690.85,3691.5,459,
2024-02-20 12:52:00+05:30,3691.5,3693.15,3690.8,3690.9,369,
2024-02-20 12:53:00+05:30,3690.8,3692.5,3690,3690,487,
2024-02-20 12:54:00+05:30,3690,3691.3,3690,3690,321,
2024-02-20 12:55:00+05:30,3690,3692.8,3690,3690,335,
2024-02-20 12:56:00+05:30,3690,3694.95,3690,3692.8,386,
2024-02-20 12:57:00+05:30,3692.75,3693.85,3690.9,3693.45,380,
2024-02-20 12:58:00+05:30,3693.45,3693.45,3690,3690,313,
2024-02-20 12:59:00+05:30,3690,3691.7,3690,3690,437,
2024-02-20 13:00:00+05:30,3690,3695.5,3690,3693.15,1259,
2024-02-20 13:01:00+05:30,3693.2,3694.95,3693,3693,262,
2024-02-20 13:02:00+05:30,3693,3693.35,3693,3693.2,229,
2024-02-20 13:03:00+05:30,3693.2,3693.7,3691.55,3692,247,
2024-02-20 13:04:00+05:30,3694.4,3694.4,3690.85,3690.85,261,
2024-02-20 13:05:00+05:30,3692.9,3692.9,3690,3690,400,
2024-02-20 13:06:00+05:30,3690,3692.8,3690,3691.2,508,
2024-02-20 13:07:00+05:30,3691.2,3692.6,3690.3,3690.65,246,
2024-02-20 13:08:00+05:30,3690.65,3700.3,3690.6,3698.35,2661,
2024-02-20 13:09:00+05:30,3698.35,3701,3698.35,3700,302,
2024-02-20 13:10:00+05:30,3700.4,3704.7,3700.1,3703.5,299,
2024-02-20 13:11:00+05:30,3704.7,3707,3701.95,3701.95,497,
2024-02-20 13:12:00+05:30,3701.95,3710.95,3700.7,3706.2,5643,
2024-02-20 13:13:00+05:30,3708.35,3708.35,3702.2,3704.4,1075,
2024-02-20 13:14:00+05:30,3706.95,3707.6,3703.15,3704.65,751,
2024-02-20 13:15:00+05:30,3704.65,3707,3702,3702.65,904,
2024-02-20 13:16:00+05:30,3704.9,3706.15,3701.05,3703.3,728,
2024-02-20 13:17:00+05:30,3705.75,3706.4,3701.4,3704.75,1040,
2024-02-20 13:18:00+05:30,3704.75,3705.55,3700.55,3700.55,625,
2024-02-20 13:19:00+05:30,3700.55,3704.75,3700,3704.75,855,
2024-02-20 13:20:00+05:30,3704.95,3706,3702.1,3703,664,
2024-02-20 13:21:00+05:30,3704.35,3707,3703,3705.1,989,
2024-02-20 13:22:00+05:30,3705.1,3706.9,3703.3,3703.75,1133,
2024-02-20 13:23:00+05:30,3705.7,3705.95,3703,3703.05,942,
2024-02-20 13:24:00+05:30,3704.6,3706.4,3703,3704.3,488,
2024-02-20 13:25:00+05:30,3704.3,3707.6,3703.05,3705.35,852,
2024-02-20 13:26:00+05:30,3705.35,3707.55,3704.2,3704.2,487,
2024-02-20 13:27:00+05:30,3704.2,3709.85,3704.1,3707.3,680,
2024-02-20 13:28:00+05:30,3707.3,3710,3706.55,3706.85,809,
2024-02-20 13:29:00+05:30,3706.85,3711,3706.65,3710,1165,
2024-02-20 13:30:00+05:30,3711.95,3711.95,3707.55,3709.9,379,
2024-02-20 13:31:00+05:30,3710.05,3711,3708.15,3710,367,
2024-02-20 13:32:00+05:30,3710,3711.65,3707.7,3709.75,329,
2024-02-20 13:33:00+05:30,3709.75,3711.75,3708.4,3710,570,
2024-02-20 13:34:00+05:30,3710,3711.75,3708.75,3710.15,275,
2024-02-20 13:35:00+05:30,3710.05,3711.5,3707.7,3707.7,1190,
2024-02-20 13:36:00+05:30,3707.7,3709.9,3707.6,3708.1,522,
2024-02-20 13:37:00+05:30,3709.85,3710.75,3707.6,3709.8,873,
2024-02-20 13:38:00+05:30,3709.8,3710,3707.95,3708.2,543,
2024-02-20 13:39:00+05:30,3710.35,3711,3706.6,3707.8,1044,
2024-02-20 13:40:00+05:30,3707.8,3710.3,3706.4,3706.9,561,
2024-02-20 13:41:00+05:30,3706.9,3710.95,3706.9,3707.35,1265,
2024-02-20 13:42:00+05:30,3707.35,3710.35,3706.4,3707.05,514,
2024-02-20 13:43:00+05:30,3707.1,3710,3707.1,3707.45,889,
2024-02-20 13:44:00+05:30,3707.45,3710,3707.1,3708.3,565,
2024-02-20 13:45:00+05:30,3709.45,3710,3706.05,3706.75,950,
2024-02-20 13:46:00+05:30,3706.8,3709.7,3705.25,3707.1,552,
2024-02-20 13:47:00+05:30,3708.75,3710.4,3707.1,3708.45,949,
2024-02-20 13:48:00+05:30,3708.45,3710.4,3707.3,3707.35,679,
2024-02-20 13:49:00+05:30,3707.35,3710.3,3707.2,3708.25,904,
2024-02-20 13:50:00+05:30,3708.25,3710.45,3707.1,3707.65,587,
2024-02-20 13:51:00+05:30,3707.8,3710,3705.1,3707.7,1063,
2024-02-20 13:52:00+05:30,3707.7,3710.25,3705.7,3705.75,535,
2024-02-20 13:53:00+05:30,3708.55,3709.5,3705.15,3706.25,1090,
2024-02-20 13:54:00+05:30,3706.55,3708.7,3705.3,3705.3,550,
2024-02-20 13:55:00+05:30,3705.65,3708.75,3703.7,3704.9,1142,
2024-02-20 13:56:00+05:30,3704.9,3706.8,3703.1,3703.9,639,
2024-02-20 13:57:00+05:30,3704.3,3710,3703.6,3706.3,922,
2024-02-20 13:58:00+05:30,3706.3,3709.9,3705.05,3707.8,950,
2024-02-20 13:59:00+05:30,3709.45,3710,3706.8,3707,603,
2024-02-20 14:00:00+05:30,3707,3708.95,3707,3708.8,252,
2024-02-20 14:01:00+05:30,3707.4,3710,3707,3707,1374,
2024-02-20 14:02:00+05:30,3707,3707,3703,3703,3059,
2024-02-20 14:03:00+05:30,3703,3706,3703,3703.85,1378,
2024-02-20 14:04:00+05:30,3705.6,3707.35,3703,3703,716,
2024-02-20 14:05:00+05:30,3703.25,3705.6,3702.9,3702.9,1544,
2024-02-20 14:06:00+05:30,3702.9,3705.15,3702,3705.05,913,
2024-02-20 14:07:00+05:30,3705,3710.15,3703.8,3709.95,1408,
2024-02-20 14:08:00+05:30,3707.8,3710.15,3705.95,3707.05,870,
2024-02-20 14:09:00+05:30,3708.1,3711.8,3707.05,3708.55,1533,
2024-02-20 14:10:00+05:30,3708.55,3710.25,3707.05,3707.5,503,
2024-02-20 14:11:00+05:30,3709.55,3710,3706,3706.8,1418,
2024-02-20 14:12:00+05:30,3706.8,3710.1,3705.9,3706.05,841,
2024-02-20 14:13:00+05:30,3706.5,3710,3705.85,3708.45,1422,
2024-02-20 14:14:00+05:30,3710.45,3710.45,3707.1,3707.15,899,
2024-02-20 14:15:00+05:30,3708.6,3710,3707.1,3708.1,1433,
2024-02-20 14:16:00+05:30,3708.1,3710.35,3707.2,3707.95,877,
2024-02-20 14:17:00+05:30,3707.95,3710.1,3707.65,3710.1,1411,
2024-02-20 14:18:00+05:30,3710.05,3710.55,3708.05,3709,924,
2024-02-20 14:19:00+05:30,3711,3711,3708.05,3708.05,1439,
2024-02-20 14:20:00+05:30,3708.05,3710.35,3708.05,3708.8,794,
2024-02-20 14:21:00+05:30,3710.4,3710.4,3708,3708.1,1500,
2024-02-20 14:22:00+05:30,3708.1,3710.65,3708.1,3708.1,1411,
2024-02-20 14:23:00+05:30,3709.75,3710.1,3708.05,3708.05,1475,
2024-02-20 14:24:00+05:30,3709.8,3711.45,3707.65,3709.7,836,
2024-02-20 14:25:00+05:30,3709.7,3711.25,3706.35,3706.5,1456,
2024-02-20 14:26:00+05:30,3706.5,3710,3705.6,3706.05,895,
2024-02-20 14:27:00+05:30,3707.95,3710.3,3706.05,3710,1281,
2024-02-20 14:28:00+05:30,3707.4,3710.65,3705.7,3708,473,
2024-02-20 14:29:00+05:30,3708,3710.8,3707.55,3709.15,387,
2024-02-20 14:30:00+05:30,3709.75,3710.6,3708.25,3708.25,268,
2024-02-20 14:31:00+05:30,3709.55,3709.55,3705.35,3707.05,303,
2024-02-20 14:32:00+05:30,3707.05,3708.35,3706.4,3706.4,344,
2024-02-20 14:33:00+05:30,3706.4,3710.35,3706.35,3706.8,1238,
2024-02-20 14:34:00+05:30,3706.8,3709.3,3706.8,3707.15,315,
2024-02-20 14:35:00+05:30,3708.4,3708.4,3706.5,3706.5,340,
2024-02-20 14:36:00+05:30,3706.5,3707.85,3706.5,3706.6,325,
2024-02-20 14:37:00+05:30,3706.55,3708.2,3705,3705,350,
2024-02-20 14:38:00+05:30,3705,3705.65,3703.05,3703.4,485,
2024-02-20 14:39:00+05:30,3703.4,3705.35,3702,3702,339,
2024-02-20 14:40:00+05:30,3702,3704.8,3701.2,3702.85,452,
2024-02-20 14:41:00+05:30,3704.75,3706.5,3702.85,3703.7,320,
2024-02-20 14:42:00+05:30,3703.7,3706.55,3703.6,3703.8,556,
2024-02-20 14:43:00+05:30,3705.6,3707,3703.95,3704.45,1090,
2024-02-20 14:44:00+05:30,3704.45,3707,3702.15,3702.85,2191,
2024-02-20 14:45:00+05:30,3704.5,3706.3,3702.75,3704.6,454,
2024-02-20 14:46:00+05:30,3705.05,3705.9,3704.25,3704.55,692,
2024-02-20 14:47:00+05:30,3704.8,3707.5,3704.8,3705.6,514,
2024-02-20 14:48:00+05:30,3705.6,3707.75,3705.55,3706.4,253,
2024-02-20 14:49:00+05:30,3705.05,3706.75,3704.3,3704.3,247,
2024-02-20 14:50:00+05:30,3704.3,3706.4,3703.25,3705,985,
2024-02-20 14:51:00+05:30,3705,3705.75,3703.75,3704.5,384,
2024-02-20 14:52:00+05:30,3704.5,3706.7,3703.75,3705.6,554,
2024-02-20 14:53:00+05:30,3705.6,3706.8,3704.4,3705.6,876,
2024-02-20 14:54:00+05:30,3706.6,3707.95,3705.25,3705.8,735,
2024-02-20 14:55:00+05:30,3707.55,3707.55,3704.45,3707.55,501,
2024-02-20 14:56:00+05:30,3706.75,3707.4,3705.05,3707,635,
2024-02-20 14:57:00+05:30,3707,3707.4,3703.05,3704.15,843,
2024-02-20 14:58:00+05:30,3705.75,3705.75,3703.6,3703.95,614,
2024-02-20 14:59:00+05:30,3703.5,3707.05,3703.05,3703.7,1009,
2024-02-20 15:00:00+05:30,3704.5,3713.3,3704.5,3710.45,3294,
2024-02-20 15:01:00+05:30,3710.45,3710.45,3709.1,3709.85,318,
2024-02-20 15:02:00+05:30,3709.8,3711.05,3709.8,3710.8,461,
2024-02-20 15:03:00+05:30,3711.05,3713.55,3710.8,3710.95,1236,
2024-02-20 15:04:00+05:30,3711.4,3712.55,3710.9,3710.9,816,
2024-02-20 15:05:00+05:30,3710.9,3712.9,3710.75,3712.7,1534,
2024-02-20 15:06:00+05:30,3711.05,3713.2,3710.85,3710.95,1005,
2024-02-20 15:07:00+05:30,3711.8,3712.8,3710.85,3711.1,1846,
2024-02-20 15:08:00+05:30,3711,3712.85,3710.85,3710.95,778,
2024-02-20 15:09:00+05:30,3710.95,3714.9,3710.9,3711.35,3768,
2024-02-20 15:10:00+05:30,3711.05,3712.85,3710.85,3710.85,969,
2024-02-20 15:11:00+05:30,3710.85,3712.75,3710.85,3710.85,646,
2024-02-20 15:12:00+05:30,3711.75,3712.85,3710.85,3711.05,1023,
2024-02-20 15:13:00+05:30,3710.9,3711.45,3710.85,3711.45,747,
2024-02-20 15:14:00+05:30,3710.95,3711.85,3710.9,3711,342,
2024-02-20 15:15:00+05:30,3711,3712,3710.85,3710.95,763,
2024-02-20 15:16:00+05:30,3711,3712.85,3710.9,3710.9,1668,
2024-02-20 15:17:00+05:30,3710.9,3713,3710.9,3710.95,1411,
2024-02-20 15:18:00+05:30,3711.7,3711.7,3710.85,3710.9,613,
2024-02-20 15:19:00+05:30,3710.85,3710.95,3710.75,3710.8,608,
2024-02-20 15:20:00+05:30,3710.8,3711,3710,3710,1095,
2024-02-20 15:21:00+05:30,3710.05,3713,3710,3712.5,714,
2024-02-20 15:22:00+05:30,3712.5,3717.05,3712.5,3714.8,2527,
2024-02-20 15:23:00+05:30,3716.8,3716.8,3714.8,3714.9,1595,
2024-02-20 15:24:00+05:30,3714.85,3718,3714.8,3714.9,3481,
2024-02-20 15:25:00+05:30,3716.1,3717.95,3712.5,3714,3340,
2024-02-20 15:26:00+05:30,3713.25,3717.15,3713.25,3714.85,2903,
2024-02-20 15:27:00+05:30,3714.85,3715.4,3713.7,3714.85,518,
2024-02-20 15:28:00+05:30,3715,3719.7,3712.55,3712.65,587,
2024-02-20 15:29:00+05:30,3712.85,3717.25,3712,3712.5,634,
2024-02-21 09:15:00+05:30,3739.7,3739.7,3708.05,3719.55,1310,
2024-02-21 09:16:00+05:30,3715.75,3723.65,3715.75,3722.35,730,
2024-02-21 09:17:00+05:30,3720.75,3722.05,3710.05,3714.5,1730,
2024-02-21 09:18:00+05:30,3713.2,3719.95,3711.4,3717.6,897,
2024-02-21 09:19:00+05:30,3717.6,3719.95,3717.15,3717.15,311,
2024-02-21 09:20:00+05:30,3717.15,3719.05,3713,3713,444,
2024-02-21 09:21:00+05:30,3713,3713.95,3708.15,3709.25,654,
2024-02-21 09:22:00+05:30,3709.25,3709.25,3702.95,3703.65,905,
2024-02-21 09:23:00+05:30,3704.75,3706.75,3703,3704.1,457,
2024-02-21 09:24:00+05:30,3704.1,3714.8,3701.55,3712.85,787,
2024-02-21 09:25:00+05:30,3712.85,3715,3711.35,3714.9,328,
2024-02-21 09:26:00+05:30,3714.9,3714.95,3710.8,3710.9,671,
2024-02-21 09:27:00+05:30,3710.3,3711,3707.05,3709.4,319,
2024-02-21 09:28:00+05:30,3709.4,3711,3709.1,3709.1,67,
2024-02-21 09:29:00+05:30,3709.1,3709.1,3706.85,3706.85,167,
2024-02-21 09:30:00+05:30,3706.85,3707.9,3703.6,3704.85,875,
2024-02-21 09:31:00+05:30,3704.85,3705.65,3703.9,3705.65,192,
2024-02-21 09:32:00+05:30,3706,3713,3705.65,3710.6,962,
2024-02-21 09:33:00+05:30,3711.85,3712.35,3710.55,3711.1,65,
2024-02-21 09:34:00+05:30,3711.1,3711.1,3710.55,3711.1,41,
2024-02-21 09:35:00+05:30,3711.1,3711.95,3709.05,3709.05,379,
2024-02-21 09:36:00+05:30,3708.9,3713.45,3708.65,3709.85,545,
2024-02-21 09:37:00+05:30,3709.85,3712.65,3708,3709.95,655,
2024-02-21 09:38:00+05:30,3709.95,3715,3709.85,3713.2,1047,
2024-02-21 09:39:00+05:30,3713.2,3716.85,3713.2,3716.2,1212,
2024-02-21 09:40:00+05:30,3716.2,3716.2,3711.6,3711.6,1001,
2024-02-21 09:41:00+05:30,3711.6,3714.45,3711.6,3713.8,158,
2024-02-21 09:42:00+05:30,3713.8,3714.5,3712.2,3713.9,414,
2024-02-21 09:43:00+05:30,3713.9,3713.9,3710.35,3710.45,339,
2024-02-21 09:44:00+05:30,3710.45,3713.3,3710.45,3711.2,270,
2024-02-21 09:45:00+05:30,3711.15,3711.25,3709,3709,1021,
2024-02-21 09:46:00+05:30,3709,3709.95,3705.85,3707,2319,
2024-02-21 09:47:00+05:30,3708.1,3710.9,3706.85,3708.05,474,
2024-02-21 09:48:00+05:30,3705.35,3708.05,3703.4,3704.35,756,
2024-02-21 09:49:00+05:30,3704.35,3704.35,3699.1,3701.75,3756,
2024-02-21 09:50:00+05:30,3701.75,3707,3700.65,3701.05,1835,
2024-02-21 09:51:00+05:30,3701.05,3704,3700.05,3704,1440,
2024-02-21 09:52:00+05:30,3704,3707.55,3703.7,3705,505,
2024-02-21 09:53:00+05:30,3705,3706.4,3705,3705.1,99,
2024-02-21 09:54:00+05:30,3705.1,3706.9,3702,3702.05,1174,
2024-02-21 09:55:00+05:30,3703,3703,3699,3699,802,
2024-02-21 09:56:00+05:30,3699,3700,3696.75,3696.75,628,
2024-02-21 09:57:00+05:30,3696.75,3699.15,3694.6,3697.05,2035,
2024-02-21 09:58:00+05:30,3697.05,3702.8,3696.85,3702.8,578,
2024-02-21 09:59:00+05:30,3702.8,3705.7,3700.95,3702.95,389,
2024-02-21 10:00:00+05:30,3703.95,3703.95,3701.3,3701.3,285,
2024-02-21 10:01:00+05:30,3701.3,3702.15,3699.65,3700.25,676,
2024-02-21 10:02:00+05:30,3700.05,3700.15,3695.85,3695.85,4343,
2024-02-21 10:03:00+05:30,3695.85,3702.4,3694.5,3699.55,3922,
2024-02-21 10:04:00+05:30,3699.55,3700.7,3698.2,3698.35,815,
2024-02-21 10:05:00+05:30,3698.35,3699.25,3697.65,3697.7,224,
2024-02-21 10:06:00+05:30,3697.35,3699.95,3696.6,3699,453,
2024-02-21 10:07:00+05:30,3699,3699.25,3697.45,3697.45,178,
2024-02-21 10:08:00+05:30,3697.45,3701.05,3697.45,3701,170,
2024-02-21 10:09:00+05:30,3701.05,3701.9,3699.65,3699.65,583,
2024-02-21 10:10:00+05:30,3699.65,3700.3,3698.95,3699.3,84,
2024-02-21 10:11:00+05:30,3699.3,3702.9,3699.3,3699.9,522,
2024-02-21 10:12:00+05:30,3699.9,3701.45,3698,3698.75,477,
2024-02-21 10:13:00+05:30,3698.75,3698.75,3696.1,3696.1,653,
2024-02-21 10:14:00+05:30,3697.7,3697.7,3696.1,3696.1,210,
2024-02-21 10:15:00+05:30,3696.1,3700.65,3696.1,3700.65,348,
2024-02-21 10:16:00+05:30,3700.65,3702.35,3700.6,3700.6,253,
2024-02-21 10:17:00+05:30,3700.6,3701.85,3700.55,3700.55,304,
2024-02-21 10:18:00+05:30,3700,3700.15,3696.55,3696.55,550,
2024-02-21 10:19:00+05:30,3696.55,3702.25,3696.55,3698.65,492,
2024-02-21 10:20:00+05:30,3698.65,3698.65,3696.1,3697.85,356,
2024-02-21 10:21:00+05:30,3697.85,3697.85,3696.15,3697.55,45,
2024-02-21 10:22:00+05:30,3697.55,3697.55,3696.1,3696.1,54,
2024-02-21 10:23:00+05:30,3696.1,3698.65,3696.1,3697.2,400,
2024-02-21 10:24:00+05:30,3697.2,3703,3697.2,3700.25,569,
2024-02-21 10:25:00+05:30,3700.1,3705.7,3700.05,3705.7,304,
2024-02-21 10:26:00+05:30,3705.7,3708.9,3702.25,3702.25,818,
2024-02-21 10:27:00+05:30,3702.25,3704.95,3702.25,3702.75,273,
2024-02-21 10:28:00+05:30,3702.75,3705.4,3702.75,3704.05,122,
2024-02-21 10:29:00+05:30,3704.05,3704.05,3699.8,3701.05,162,
2024-02-21 10:30:00+05:30,3699.6,3704.5,3698.2,3704.5,537,
2024-02-21 10:31:00+05:30,3704.5,3705.25,3703.55,3704.05,178,
2024-02-21 10:32:00+05:30,3704.05,3707.05,3704.05,3706.9,247,
2024-02-21 10:33:00+05:30,3706.9,3707.9,3706.05,3706.15,60,
2024-02-21 10:34:00+05:30,3706.15,3706.7,3706.05,3706.05,39,
2024-02-21 10:35:00+05:30,3704.1,3706,3701.05,3704.25,934,
2024-02-21 10:36:00+05:30,3704,3705.25,3704,3704.6,743,
2024-02-21 10:37:00+05:30,3704.6,3704.6,3700,3700,1128,
2024-02-21 10:38:00+05:30,3700,3701.95,3699,3699.1,650,
2024-02-21 10:39:00+05:30,3700.65,3701.3,3699.05,3701.3,201,
2024-02-21 10:40:00+05:30,3701.3,3701.3,3690.7,3692.35,2876,
2024-02-21 10:41:00+05:30,3692.35,3697.05,3692.3,3696.7,592,
2024-02-21 10:42:00+05:30,3696.7,3699.15,3696.2,3696.4,314,
2024-02-21 10:43:00+05:30,3696.35,3697.8,3695.3,3695.5,96,
2024-02-21 10:44:00+05:30,3695.5,3695.85,3695.1,3695.1,53,
2024-02-21 10:45:00+05:30,3695.1,3696.65,3695,3695.65,228,
2024-02-21 10:46:00+05:30,3695.65,3696.75,3695.4,3696.4,123,
2024-02-21 10:47:00+05:30,3696.4,3696.6,3695,3696.6,118,
2024-02-21 10:48:00+05:30,3696.6,3696.6,3691,3692.25,384,
2024-02-21 10:49:00+05:30,3693.1,3695.35,3692.85,3694.9,203,
2024-02-21 10:50:00+05:30,3694.9,3696.1,3694.25,3694.25,124,
2024-02-21 10:51:00+05:30,3694.25,3695,3692,3692.4,422,
2024-02-21 10:52:00+05:30,3692.4,3693.7,3692,3692.3,454,
2024-02-21 10:53:00+05:30,3692.3,3692.3,3690.65,3691.35,243,
2024-02-21 10:54:00+05:30,3691.35,3691.4,3688.2,3688.65,1301,
2024-02-21 10:55:00+05:30,3688.65,3691.95,3688,3689.75,741,
2024-02-21 10:56:00+05:30,3689.75,3693.95,3689.75,3693.95,346,
2024-02-21 10:57:00+05:30,3693.95,3693.95,3689.8,3693.5,112,
2024-02-21 10:58:00+05:30,3693.5,3693.5,3690.45,3691.5,128,
2024-02-21 10:59:00+05:30,3691.5,3693.15,3690.7,3692.75,233,
2024-02-21 11:00:00+05:30,3692.75,3693.9,3691.5,3693.25,94,
2024-02-21 11:01:00+05:30,3693.25,3693.25,3691.45,3692.85,76,
2024-02-21 11:02:00+05:30,3692.85,3692.85,3691.45,3692.2,177,
2024-02-21 11:03:00+05:30,3692.3,3693.65,3690.85,3690.85,558,
2024-02-21 11:04:00+05:30,3690.85,3691.8,3690.85,3691.8,109,
2024-02-21 11:05:00+05:30,3690.85,3691.25,3690.85,3690.85,109,
2024-02-21 11:06:00+05:30,3690.85,3690.95,3689.5,3689.5,103,
2024-02-21 11:07:00+05:30,3689.5,3692.85,3689.5,3692.35,597,
2024-02-21 11:08:00+05:30,3692.6,3693.65,3692.6,3693,303,
2024-02-21 11:09:00+05:30,3693.3,3694.2,3692.1,3694.2,1398,
2024-02-21 11:10:00+05:30,3693.9,3697.25,3693.85,3697.25,1557,
2024-02-21 11:11:00+05:30,3700.1,3700.95,3694.6,3696.2,695,
2024-02-21 11:12:00+05:30,3696.2,3701.7,3696.2,3701.7,306,
2024-02-21 11:13:00+05:30,3701.7,3701.9,3699.4,3700,198,
2024-02-21 11:14:00+05:30,3700,3702.3,3700,3700,117,
2024-02-21 11:15:00+05:30,3700,3701.1,3698,3698,276,
2024-02-21 11:16:00+05:30,3697.55,3700.5,3697.55,3698.1,176,
2024-02-21 11:17:00+05:30,3698.1,3698.1,3697.05,3697.05,47,
2024-02-21 11:18:00+05:30,3697.05,3698.35,3697.05,3698.3,126,
2024-02-21 11:19:00+05:30,3698.3,3698.3,3688.2,3689.75,4961,
2024-02-21 11:20:00+05:30,3689.75,3691.5,3686.7,3688.9,1761,
2024-02-21 11:21:00+05:30,3688.9,3689.25,3687.05,3689,379,
2024-02-21 11:22:00+05:30,3688,3688,3683.15,3685.45,652,
2024-02-21 11:23:00+05:30,3685.45,3686.45,3683,3686.45,272,
2024-02-21 11:24:00+05:30,3686.45,3687,3682.75,3682.8,287,
2024-02-21 11:25:00+05:30,3682.8,3685.1,3682.8,3682.8,173,
2024-02-21 11:26:00+05:30,3682.8,3685.2,3677.6,3681.6,1849,
2024-02-21 11:27:00+05:30,3681.6,3687.15,3681.25,3687.15,318,
2024-02-21 11:28:00+05:30,3687.15,3688.7,3684,3687.75,469,
2024-02-21 11:29:00+05:30,3687.75,3688.7,3687,3688.2,76,
2024-02-21 11:30:00+05:30,3688.2,3690.55,3687.85,3689.35,153,
2024-02-21 11:31:00+05:30,3689.35,3690.55,3684.85,3686.55,242,
2024-02-21 11:32:00+05:30,3686.55,3687.65,3684.65,3687.65,85,
2024-02-21 11:33:00+05:30,3687.65,3689.4,3687.25,3688.6,54,
2024-02-21 11:34:00+05:30,3688.6,3688.6,3685.75,3685.75,57,
2024-02-21 11:35:00+05:30,3685.75,3686.5,3684.65,3685,93,
2024-02-21 11:36:00+05:30,3685,3685,3683.5,3683.65,47,
2024-02-21 11:37:00+05:30,3683.65,3684.6,3683.5,3684.6,77,
2024-02-21 11:38:00+05:30,3684.6,3687.95,3684.35,3687.2,560,
2024-02-21 11:39:00+05:30,3687.2,3687.6,3683.5,3684.8,507,
2024-02-21 11:40:00+05:30,3684.8,3686.05,3681.2,3682.2,949,
2024-02-21 11:41:00+05:30,3682.2,3685.25,3682.2,3684.9,151,
2024-02-21 11:42:00+05:30,3684.9,3684.9,3683.9,3684.55,73,
2024-02-21 11:43:00+05:30,3684.55,3686.7,3683.9,3683.9,412,
2024-02-21 11:44:00+05:30,3683.9,3685.95,3683.9,3685.3,82,
2024-02-21 11:45:00+05:30,3685.3,3685.3,3683.9,3684.85,164,
2024-02-21 11:46:00+05:30,3684.65,3685,3682.55,3683.2,638,
2024-02-21 11:47:00+05:30,3683.2,3685.4,3683.2,3685.4,171,
2024-02-21 11:48:00+05:30,3685.4,3685.4,3684.2,3685.3,97,
2024-02-21 11:49:00+05:30,3685.3,3686.85,3684.5,3684.95,491,
2024-02-21 11:50:00+05:30,3685,3685.75,3683.1,3684.25,375,
2024-02-21 11:51:00+05:30,3683.75,3684.8,3683.75,3683.8,117,
2024-02-21 11:52:00+05:30,3683.8,3685,3682.55,3685,338,
2024-02-21 11:53:00+05:30,3684.8,3685.65,3684.55,3685.3,254,
2024-02-21 11:54:00+05:30,3685.3,3686.35,3684.75,3686.15,157,
2024-02-21 11:55:00+05:30,3686.2,3686.55,3684.75,3685.35,328,
2024-02-21 11:56:00+05:30,3685.35,3685.35,3684.75,3685.2,114,
2024-02-21 11:57:00+05:30,3685.2,3686.85,3684.85,3684.85,348,
2024-02-21 11:58:00+05:30,3684.85,3685.55,3684.75,3685.25,151,
2024-02-21 11:59:00+05:30,3685.25,3686.2,3684.5,3685.8,194,
2024-02-21 12:00:00+05:30,3685.8,3686.3,3684.95,3686.2,194,
2024-02-21 12:01:00+05:30,3686.2,3686.2,3682.6,3683.1,492,
2024-02-21 12:02:00+05:30,3683.1,3683.15,3682.6,3682.6,135,
2024-02-21 12:03:00+05:30,3683,3685.2,3682.6,3684.3,406,
2024-02-21 12:04:00+05:30,3684.3,3685.1,3682.95,3682.95,372,
2024-02-21 12:05:00+05:30,3682.95,3684.35,3681,3684.35,604,
2024-02-21 12:06:00+05:30,3682.55,3684.55,3682.1,3683.5,271,
2024-02-21 12:07:00+05:30,3682.45,3683.3,3681.05,3681.65,154,
2024-02-21 12:08:00+05:30,3681.65,3682,3680.05,3680.65,150,
2024-02-21 12:09:00+05:30,3680.65,3680.65,3675.05,3676.85,2129,
2024-02-21 12:10:00+05:30,3676.85,3677.2,3675.55,3676.8,346,
2024-02-21 12:11:00+05:30,3676.8,3679.25,3676.8,3679,453,
2024-02-21 12:12:00+05:30,3679,3679.65,3677,3678.6,207,
2024-02-21 12:13:00+05:30,3678.6,3680.7,3678.6,3680.1,87,
2024-02-21 12:14:00+05:30,3680.15,3681.5,3679.7,3681.5,110,
2024-02-21 12:15:00+05:30,3681.5,3685.05,3681.5,3684.45,198,
2024-02-21 12:16:00+05:30,3684.8,3686.2,3683.1,3684.25,337,
2024-02-21 12:17:00+05:30,3684.25,3685.45,3683.75,3684.7,257,
2024-02-21 12:18:00+05:30,3684.9,3684.9,3682.5,3683.15,476,
2024-02-21 12:19:00+05:30,3683.15,3686.95,3683.15,3684.8,542,
2024-02-21 12:20:00+05:30,3684.8,3685.75,3684.75,3685,223,
2024-02-21 12:21:00+05:30,3685,3687.9,3679.6,3680.2,17075,
2024-02-21 12:22:00+05:30,3680.45,3684.65,3680.05,3684,270,
2024-02-21 12:23:00+05:30,3683.25,3683.8,3680.3,3680.7,178,
2024-02-21 12:24:00+05:30,3680.95,3684.3,3680.7,3683.2,198,
2024-02-21 12:25:00+05:30,3683.6,3685.95,3683,3683,354,
2024-02-21 12:26:00+05:30,3683,3684,3682,3682,154,
2024-02-21 12:27:00+05:30,3682,3683.4,3682,3683.4,193,
2024-02-21 12:28:00+05:30,3683.4,3684.15,3682,3682.6,169,
2024-02-21 12:29:00+05:30,3682.6,3682.65,3681.2,3681.25,176,
2024-02-21 12:30:00+05:30,3681.5,3685.1,3681.25,3683.6,680,
2024-02-21 12:31:00+05:30,3683.6,3684.4,3683.6,3684.4,156,
2024-02-21 12:32:00+05:30,3684.4,3685.9,3683.4,3684,89,
2024-02-21 12:33:00+05:30,3684,3684.7,3683.15,3684.55,148,
2024-02-21 12:34:00+05:30,3684.55,3685.75,3684.55,3684.95,181,
2024-02-21 12:35:00+05:30,3684.95,3685.3,3684.95,3684.95,222,
2024-02-21 12:36:00+05:30,3684.95,3685,3684.85,3684.9,201,
2024-02-21 12:37:00+05:30,3684.9,3684.95,3684.05,3684.35,133,
2024-02-21 12:38:00+05:30,3684.35,3684.75,3683.05,3684.2,237,
2024-02-21 12:39:00+05:30,3684.2,3684.4,3683.7,3683.7,179,
2024-02-21 12:40:00+05:30,3683.7,3683.75,3680.2,3681.05,1273,
2024-02-21 12:41:00+05:30,3681.05,3681.05,3677.25,3678,844,
2024-02-21 12:42:00+05:30,3678,3679,3677,3679,961,
2024-02-21 12:43:00+05:30,3679,3679,3676.2,3676.2,1867,
2024-02-21 12:44:00+05:30,3676.2,3676.25,3675,3675.05,579,
2024-02-21 12:45:00+05:30,3675.05,3675.2,3675,3675.15,664,
2024-02-21 12:46:00+05:30,3675.15,3676,3675,3676,312,
2024-02-21 12:47:00+05:30,3676.05,3677.25,3676,3676.95,326,
2024-02-21 12:48:00+05:30,3676.95,3678.5,3676.95,3678.2,402,
2024-02-21 12:49:00+05:30,3678.2,3679.3,3678.1,3679.05,497,
2024-02-21 12:50:00+05:30,3679.05,3679.25,3679,3679.1,241,
2024-02-21 12:51:00+05:30,3679.15,3682,3679,3680.05,366,
2024-02-21 12:52:00+05:30,3680.2,3680.2,3679.3,3679.45,165,
2024-02-21 12:53:00+05:30,3679.1,3679.45,3678,3678,259,
2024-02-21 12:54:00+05:30,3678,3681.1,3678,3680.8,561,
2024-02-21 12:55:00+05:30,3680.8,3682,3680.6,3681.5,1925,
2024-02-21 12:56:00+05:30,3681.55,3684,3681.5,3683.75,1076,
2024-02-21 12:57:00+05:30,3683.75,3685.4,3683.75,3684.95,614,
2024-02-21 12:58:00+05:30,3684.9,3685.1,3681.5,3681.95,387,
2024-02-21 12:59:00+05:30,3681.95,3681.95,3679,3680.15,545,
2024-02-21 13:00:00+05:30,3680.15,3681.65,3680.15,3680.9,310,
2024-02-21 13:01:00+05:30,3680.95,3681.95,3680.75,3680.75,314,
2024-02-21 13:02:00+05:30,3680.75,3680.75,3679.6,3679.95,196,
2024-02-21 13:03:00+05:30,3680.05,3680.1,3678.7,3679.1,347,
2024-02-21 13:04:00+05:30,3679.15,3679.15,3677.35,3678.2,283,
2024-02-21 13:05:00+05:30,3679.5,3679.5,3678.1,3678.1,220,
2024-02-21 13:06:00+05:30,3678.2,3678.3,3677.2,3677.5,303,
2024-02-21 13:07:00+05:30,3677.5,3677.5,3676.5,3677.05,303,
2024-02-21 13:08:00+05:30,3677.05,3677.55,3676.5,3677,321,
2024-02-21 13:09:00+05:30,3677,3677.05,3676,3676.7,321,
2024-02-21 13:10:00+05:30,3676.7,3679.55,3676.3,3677.95,496,
2024-02-21 13:11:00+05:30,3677.95,3678.7,3676.45,3677.75,590,
2024-02-21 13:12:00+05:30,3677.75,3677.75,3676.45,3676.5,196,
2024-02-21 13:13:00+05:30,3676.5,3677.8,3676.45,3676.75,255,
2024-02-21 13:14:00+05:30,3676.7,3678.5,3676.6,3678.4,372,
2024-02-21 13:15:00+05:30,3678.4,3678.45,3676,3676.15,588,
2024-02-21 13:16:00+05:30,3676.15,3679.15,3676.05,3679.15,379,
2024-02-21 13:17:00+05:30,3679.15,3679.8,3678.9,3679.4,251,
2024-02-21 13:18:00+05:30,3679.4,3679.4,3678.75,3678.9,287,
2024-02-21 13:19:00+05:30,3678.9,3680.8,3678.3,3680,414,
2024-02-21 13:20:00+05:30,3680,3680.05,3680,3680,257,
2024-02-21 13:21:00+05:30,3680,3680.4,3679.9,3680,409,
2024-02-21 13:22:00+05:30,3680,3680.05,3680,3680,211,
2024-02-21 13:23:00+05:30,3679.3,3680.05,3678.2,3680,1391,
2024-02-21 13:24:00+05:30,3680,3680.05,3679.8,3680,341,
2024-02-21 13:25:00+05:30,3680,3680.15,3679.05,3680.05,658,
2024-02-21 13:26:00+05:30,3680.1,3683,3680.05,3683,353,
2024-02-21 13:27:00+05:30,3683,3684.1,3683,3683.05,302,
2024-02-21 13:28:00+05:30,3683.05,3684.5,3682,3684.15,561,
2024-02-21 13:29:00+05:30,3684.15,3685,3682.75,3683.35,1085,
2024-02-21 13:30:00+05:30,3683.55,3684.05,3680.45,3681.05,1005,
2024-02-21 13:31:00+05:30,3681.05,3683.75,3680.4,3682.9,728,
2024-02-21 13:32:00+05:30,3682.9,3683.25,3682.9,3683.05,279,
2024-02-21 13:33:00+05:30,3683.05,3683.1,3681.9,3681.95,383,
2024-02-21 13:34:00+05:30,3682.45,3684.55,3681.95,3684.35,601,
2024-02-21 13:35:00+05:30,3684.35,3687.7,3684.35,3684.95,4266,
2024-02-21 13:36:00+05:30,3684.95,3685,3681.6,3681.7,1916,
2024-02-21 13:37:00+05:30,3681.8,3683.65,3681.5,3682.05,438,
2024-02-21 13:38:00+05:30,3682.05,3683.55,3680.9,3682.85,713,
2024-02-21 13:39:00+05:30,3682.85,3684.45,3681.9,3684.45,479,
2024-02-21 13:40:00+05:30,3684.45,3684.45,3682.9,3684.4,464,
2024-02-21 13:41:00+05:30,3684.4,3684.4,3680.45,3680.5,606,
2024-02-21 13:42:00+05:30,3680.5,3682.85,3680.45,3681.7,476,
2024-02-21 13:43:00+05:30,3682.2,3682.9,3680.45,3682.9,487,
2024-02-21 13:44:00+05:30,3680.85,3682.4,3680.45,3681.25,824,
2024-02-21 13:45:00+05:30,3681.25,3681.25,3675.5,3676.2,2469,
2024-02-21 13:46:00+05:30,3676.2,3676.35,3676,3676,564,
2024-02-21 13:47:00+05:30,3676,3676.15,3668.05,3668.05,4419,
2024-02-21 13:48:00+05:30,3666.35,3666.55,3660.45,3665.05,2046,
2024-02-21 13:49:00+05:30,3664.95,3666,3663,3663.65,1425,
2024-02-21 13:50:00+05:30,3664.75,3669.7,3664.5,3667.5,1184,
2024-02-21 13:51:00+05:30,3667,3670.95,3663.4,3667.3,3460,
2024-02-21 13:52:00+05:30,3666.95,3672.9,3666.65,3671.4,1266,
2024-02-21 13:53:00+05:30,3671.4,3671.4,3669.05,3671.35,480,
2024-02-21 13:54:00+05:30,3671.35,3671.35,3667.45,3668,581,
2024-02-21 13:55:00+05:30,3668,3668,3666.4,3666.4,539,
2024-02-21 13:56:00+05:30,3666.4,3668.85,3665.25,3667.4,2684,
2024-02-21 13:57:00+05:30,3666.7,3668.85,3665.25,3666.65,503,
2024-02-21 13:58:00+05:30,3667.05,3668,3664.95,3665,2297,
2024-02-21 13:59:00+05:30,3665,3667.45,3665,3665.45,420,
2024-02-21 14:00:00+05:30,3665.45,3665.85,3664.25,3665,805,
2024-02-21 14:01:00+05:30,3665,3666.1,3663.25,3665,623,
2024-02-21 14:02:00+05:30,3665.05,3665.05,3663.3,3665.05,948,
2024-02-21 14:03:00+05:30,3661.5,3666.95,3661.5,3666,3518,
2024-02-21 14:04:00+05:30,3666,3670.1,3665.9,3668.05,312,
2024-02-21 14:05:00+05:30,3668.05,3669.4,3665.45,3666.55,636,
2024-02-21 14:06:00+05:30,3666.55,3667.8,3665,3665,1664,
2024-02-21 14:07:00+05:30,3665,3668.2,3664.05,3667.9,5264,
2024-02-21 14:08:00+05:30,3667.8,3669.1,3664.3,3665,1327,
2024-02-21 14:09:00+05:30,3665,3665.4,3660.5,3665.1,3826,
2024-02-21 14:10:00+05:30,3665.9,3669,3665.05,3667.05,593,
2024-02-21 14:11:00+05:30,3667.05,3667.05,3662,3665,3808,
2024-02-21 14:12:00+05:30,3665,3665.95,3662,3662,439,
2024-02-21 14:13:00+05:30,3662,3665.05,3662,3663.45,532,
2024-02-21 14:14:00+05:30,3663.45,3665.15,3662.1,3663.05,179,
2024-02-21 14:15:00+05:30,3663.5,3666,3663.05,3664.35,775,
2024-02-21 14:16:00+05:30,3665.8,3666,3664,3664.05,298,
2024-02-21 14:17:00+05:30,3664.95,3666,3663.7,3665,530,
2024-02-21 14:18:00+05:30,3666,3668,3665.3,3666.05,1372,
2024-02-21 14:19:00+05:30,3665.75,3668,3665,3668,641,
2024-02-21 14:20:00+05:30,3668.25,3668.25,3664.8,3664.8,3833,
2024-02-21 14:21:00+05:30,3666.1,3667.45,3665,3666.5,438,
2024-02-21 14:22:00+05:30,3666.5,3666.6,3665,3665,410,
2024-02-21 14:23:00+05:30,3665,3666.35,3657.2,3660,2704,
2024-02-21 14:24:00+05:30,3660,3663.65,3657.2,3660,1525,
2024-02-21 14:25:00+05:30,3660.1,3661.55,3656.55,3659.1,9087,
2024-02-21 14:26:00+05:30,3660.05,3660.9,3656.85,3658.8,1396,
2024-02-21 14:27:00+05:30,3660.05,3661,3658.3,3660.1,2685,
2024-02-21 14:28:00+05:30,3660.5,3662.95,3660.1,3661.75,407,
2024-02-21 14:29:00+05:30,3661.75,3664.8,3661.75,3662.7,525,
2024-02-21 14:30:00+05:30,3662.7,3663.45,3657.35,3660,2539,
2024-02-21 14:31:00+05:30,3658.25,3662.25,3656.15,3656.15,4258,
2024-02-21 14:32:00+05:30,3656,3656.65,3654,3655.15,1101,
2024-02-21 14:33:00+05:30,3655.15,3657.15,3655,3657.15,375,
2024-02-21 14:34:00+05:30,3658.15,3658.15,3655,3656,500,
2024-02-21 14:35:00+05:30,3656,3656.35,3649,3651.95,3205,
2024-02-21 14:36:00+05:30,3650.15,3654.2,3650,3651.5,584,
2024-02-21 14:37:00+05:30,3651.5,3654.65,3651.2,3652.1,874,
2024-02-21 14:38:00+05:30,3652.1,3652.9,3651.2,3652.4,415,
2024-02-21 14:39:00+05:30,3652.4,3654.95,3650.2,3650.2,783,
2024-02-21 14:40:00+05:30,3650.2,3651,3640.5,3644.8,5114,
2024-02-21 14:41:00+05:30,3644.4,3652,3642.55,3651.05,1397,
2024-02-21 14:42:00+05:30,3651.05,3651.4,3646.5,3648.5,896,
2024-02-21 14:43:00+05:30,3648.5,3652,3647.5,3651.9,630,
2024-02-21 14:44:00+05:30,3651,3651.1,3648.85,3650,896,
2024-02-21 14:45:00+05:30,3650,3650.3,3648.1,3650,2608,
2024-02-21 14:46:00+05:30,3650,3650.05,3640,3643.4,4139,
2024-02-21 14:47:00+05:30,3641.35,3644.45,3637.55,3642.3,3806,
2024-02-21 14:48:00+05:30,3642.5,3643.25,3640,3640,2343,
2024-02-21 14:49:00+05:30,3640,3644.65,3638.2,3643.85,2889,
2024-02-21 14:50:00+05:30,3643.85,3644,3640.3,3642.9,4949,
2024-02-21 14:51:00+05:30,3641.7,3646.45,3641.7,3645,1445,
2024-02-21 14:52:00+05:30,3645,3647,3645,3645.9,653,
2024-02-21 14:53:00+05:30,3646.05,3647.4,3642,3642,1298,
2024-02-21 14:54:00+05:30,3642.5,3642.6,3639.2,3641.8,1359,
2024-02-21 14:55:00+05:30,3641.8,3643.45,3641,3641.85,966,
2024-02-21 14:56:00+05:30,3641.85,3642.9,3639.3,3640,702,
2024-02-21 14:57:00+05:30,3639.15,3640.4,3638.5,3640.1,2176,
2024-02-21 14:58:00+05:30,3640.1,3644.25,3639.8,3644.25,3568,
2024-02-21 14:59:00+05:30,3645.75,3645.75,3643.15,3645.1,5884,
2024-02-21 15:00:00+05:30,3645.65,3649.7,3644.35,3644.7,2309,
2024-02-21 15:01:00+05:30,3645.5,3646.15,3641.2,3643.05,2333,
2024-02-21 15:02:00+05:30,3643.3,3645.65,3641.85,3643.35,1915,
2024-02-21 15:03:00+05:30,3643.35,3646,3641.8,3645.85,2512,
2024-02-21 15:04:00+05:30,3645.85,3649,3645.15,3649,1501,
2024-02-21 15:05:00+05:30,3649,3651.7,3647.6,3650,3279,
2024-02-21 15:06:00+05:30,3650,3652.7,3650,3651.8,1243,
2024-02-21 15:07:00+05:30,3651.95,3652.25,3651.2,3651.35,878,
2024-02-21 15:08:00+05:30,3651.35,3652.15,3650.15,3651.95,1557,
2024-02-21 15:09:00+05:30,3652.1,3654,3649.6,3654,3625,
2024-02-21 15:10:00+05:30,3653.95,3653.95,3650,3651.4,2574,
2024-02-21 15:11:00+05:30,3651.4,3652.95,3648.8,3650.05,1470,
2024-02-21 15:12:00+05:30,3650.2,3650.6,3649.4,3650.55,1155,
2024-02-21 15:13:00+05:30,3650.55,3652.9,3650.55,3652.65,1252,
2024-02-21 15:14:00+05:30,3652.8,3656.7,3652.8,3655.25,3039,
2024-02-21 15:15:00+05:30,3656.25,3656.25,3652.25,3654.95,1470,
2024-02-21 15:16:00+05:30,3654.45,3654.45,3650.8,3651.25,3257,
2024-02-21 15:17:00+05:30,3651.65,3651.65,3648.05,3650.05,2117,
2024-02-21 15:18:00+05:30,3650.4,3652.5,3647.3,3648.1,1804,
2024-02-21 15:19:00+05:30,3649.35,3649.45,3645.85,3646.65,1517,
2024-02-21 15:20:00+05:30,3646.85,3650.6,3646.8,3649.95,3033,
2024-02-21 15:21:00+05:30,3648.15,3650.7,3648.15,3650.55,1498,
2024-02-21 15:22:00+05:30,3649.95,3650.55,3649.8,3649.85,1244,
2024-02-21 15:23:00+05:30,3649.85,3651.7,3645.65,3650.15,10784,
2024-02-21 15:24:00+05:30,3650,3650.6,3647.4,3647.4,17699,
2024-02-21 15:25:00+05:30,3650.05,3651.5,3649.9,3651.5,4464,
2024-02-21 15:26:00+05:30,3651.5,3651.5,3645.05,3645.05,1237,
2024-02-21 15:27:00+05:30,3647,3647.6,3638.5,3638.75,2098,
2024-02-21 15:28:00+05:30,3638.5,3642.05,3638,3638,1054,
2024-02-21 15:29:00+05:30,3638,3641,3637.2,3641,1109,
2024-02-22 09:15:00+05:30,3659.7,3659.7,3635,3652.9,2082,
2024-02-22 09:16:00+05:30,3651.1,3657.15,3645.15,3646.9,1036,
2024-02-22 09:17:00+05:30,3646.9,3650,3646.9,3647.7,781,
2024-02-22 09:18:00+05:30,3647.7,3648.1,3638.75,3640.6,1384,
2024-02-22 09:19:00+05:30,3641.05,3644.05,3638.75,3642.95,871,
2024-02-22 09:20:00+05:30,3641,3651.7,3641,3643.2,1445,
2024-02-22 09:21:00+05:30,3643.05,3646.4,3642.05,3642.05,939,
2024-02-22 09:22:00+05:30,3642.05,3643.9,3636,3640.5,886,
2024-02-22 09:23:00+05:30,3638.8,3642.45,3638.05,3640,916,
2024-02-22 09:24:00+05:30,3640,3643.7,3638.2,3639.75,546,
2024-02-22 09:25:00+05:30,3639.1,3644.15,3638.2,3642.25,712,
2024-02-22 09:26:00+05:30,3642.25,3645,3639,3641,1099,
2024-02-22 09:27:00+05:30,3641,3641,3638,3638,165,
2024-02-22 09:28:00+05:30,3638,3641.8,3636.05,3639.7,902,
2024-02-22 09:29:00+05:30,3641.05,3641.05,3635,3635.35,906,
2024-02-22 09:30:00+05:30,3635.35,3637.4,3635,3636.25,2591,
2024-02-22 09:31:00+05:30,3636.25,3638.25,3635,3636.1,5834,
2024-02-22 09:32:00+05:30,3636.5,3638.4,3635,3635.15,1921,
2024-02-22 09:33:00+05:30,3635,3636.7,3635,3635,1145,
2024-02-22 09:34:00+05:30,3635,3636.55,3635,3635.75,5503,
2024-02-22 09:35:00+05:30,3635.1,3636.85,3631.35,3632.05,3317,
2024-02-22 09:36:00+05:30,3631.6,3634.45,3631.25,3633.65,1775,
2024-02-22 09:37:00+05:30,3634.5,3639.3,3631.95,3634.2,3776,
2024-02-22 09:38:00+05:30,3635.75,3639.95,3633.25,3635.05,5342,
2024-02-22 09:39:00+05:30,3635.15,3636.5,3625,3625.5,2701,
2024-02-22 09:40:00+05:30,3625,3629.5,3625,3625.65,1177,
2024-02-22 09:41:00+05:30,3625.65,3629.85,3625.3,3628.7,771,
2024-02-22 09:42:00+05:30,3628.45,3641.35,3628.45,3632,1858,
2024-02-22 09:43:00+05:30,3632.05,3638.55,3632,3635.85,343,
2024-02-22 09:44:00+05:30,3635.85,3638.65,3632,3633.8,670,
2024-02-22 09:45:00+05:30,3633.8,3636.6,3632.85,3633.05,381,
2024-02-22 09:46:00+05:30,3635.1,3637.7,3633.6,3635.6,481,
2024-02-22 09:47:00+05:30,3635.95,3637.55,3634.45,3634.45,318,
2024-02-22 09:48:00+05:30,3634.5,3635,3630.5,3632.95,290,
2024-02-22 09:49:00+05:30,3632.95,3635.85,3630.65,3631.65,230,
2024-02-22 09:50:00+05:30,3631.65,3632.75,3627.2,3632,491,
2024-02-22 09:51:00+05:30,3632,3632,3628.25,3630.05,109,
2024-02-22 09:52:00+05:30,3630.05,3631.25,3630.05,3630.2,141,
2024-02-22 09:53:00+05:30,3630.2,3631.9,3622.05,3630.2,1789,
2024-02-22 09:54:00+05:30,3628.3,3629.9,3625,3625.45,378,
2024-02-22 09:55:00+05:30,3625.35,3627.3,3625,3627.1,518,
2024-02-22 09:56:00+05:30,3627.1,3629,3626,3626.7,796,
2024-02-22 09:57:00+05:30,3626.7,3628.1,3624.05,3625.1,440,
2024-02-22 09:58:00+05:30,3625.25,3626.75,3623.2,3623.2,1078,
2024-02-22 09:59:00+05:30,3623.4,3625.4,3620.15,3621.45,2627,
2024-02-22 10:00:00+05:30,3620.8,3621.8,3616.75,3620.05,6684,
2024-02-22 10:01:00+05:30,3618.95,3621.35,3618,3620.3,2349,
2024-02-22 10:02:00+05:30,3619.25,3621.25,3616.7,3619,3323,
2024-02-22 10:03:00+05:30,3619,3623.3,3616,3618.75,3984,
2024-02-22 10:04:00+05:30,3618.75,3625.8,3618.45,3625,1759,
2024-02-22 10:05:00+05:30,3623.05,3623.4,3617,3620.2,3021,
2024-02-22 10:06:00+05:30,3618.4,3622.35,3617.05,3620,1973,
2024-02-22 10:07:00+05:30,3620,3621,3618.15,3621,1170,
2024-02-22 10:08:00+05:30,3620.05,3622.8,3618.65,3621.15,1265,
2024-02-22 10:09:00+05:30,3621.05,3623.5,3619.6,3620.35,647,
2024-02-22 10:10:00+05:30,3620.2,3623.15,3619.3,3620.25,494,
2024-02-22 10:11:00+05:30,3622,3624.8,3618.9,3622.85,1489,
2024-02-22 10:12:00+05:30,3622.85,3625.1,3622.85,3623.2,516,
2024-02-22 10:13:00+05:30,3623.2,3625.3,3623,3623.05,652,
2024-02-22 10:14:00+05:30,3624.05,3629,3624.05,3627.3,354,
2024-02-22 10:15:00+05:30,3626.25,3628.05,3622.55,3624.6,834,
2024-02-22 10:16:00+05:30,3624.6,3626.35,3623,3625.9,664,
2024-02-22 10:17:00+05:30,3625,3626.9,3623.85,3624.85,362,
2024-02-22 10:18:00+05:30,3624.8,3628.3,3624.8,3626.5,589,
2024-02-22 10:19:00+05:30,3626.25,3627.45,3625,3625.1,287,
2024-02-22 10:20:00+05:30,3625.15,3629,3625.15,3627.65,396,
2024-02-22 10:21:00+05:30,3627.45,3629.95,3626,3629.1,374,
2024-02-22 10:22:00+05:30,3629.1,3631.3,3625,3625,886,
2024-02-22 10:23:00+05:30,3625,3628.3,3625,3625.35,1156,
2024-02-22 10:24:00+05:30,3625.15,3631.05,3625,3626.8,678,
2024-02-22 10:25:00+05:30,3626.8,3628.9,3625.2,3626.5,268,
2024-02-22 10:26:00+05:30,3626.5,3631.3,3625,3625.1,1529,
2024-02-22 10:27:00+05:30,3625.1,3627.85,3624.25,3626,649,
2024-02-22 10:28:00+05:30,3626,3630.4,3625.9,3626.85,131,
2024-02-22 10:29:00+05:30,3626.85,3630.15,3625,3625.55,729,
2024-02-22 10:30:00+05:30,3625.35,3629.4,3625,3625.3,358,
2024-02-22 10:31:00+05:30,3625.15,3629.3,3625,3627.95,345,
2024-02-22 10:32:00+05:30,3626.1,3628.4,3626.1,3626.4,227,
2024-02-22 10:33:00+05:30,3626.35,3628,3625.1,3625.45,415,
2024-02-22 10:34:00+05:30,3625.45,3627.4,3623.9,3625.1,962,
2024-02-22 10:35:00+05:30,3625.1,3627,3625.1,3626.15,68,
2024-02-22 10:36:00+05:30,3626.15,3629.25,3625.45,3628,335,
2024-02-22 10:37:00+05:30,3628,3630.4,3626.05,3629.9,280,
2024-02-22 10:38:00+05:30,3629.9,3630.35,3625.05,3625.05,534,
2024-02-22 10:39:00+05:30,3625.05,3628.35,3625.05,3626.95,104,
2024-02-22 10:40:00+05:30,3627,3631.85,3627,3630.25,176,
2024-02-22 10:41:00+05:30,3630.3,3630.3,3624.5,3626.8,575,
2024-02-22 10:42:00+05:30,3626.8,3629.95,3624.85,3629.75,68,
2024-02-22 10:43:00+05:30,3626.45,3630.1,3623.95,3628.2,1591,
2024-02-22 10:44:00+05:30,3628.2,3630.35,3625.9,3627.4,423,
2024-02-22 10:45:00+05:30,3627.05,3629,3625.25,3625.25,381,
2024-02-22 10:46:00+05:30,3625.25,3627.75,3623,3625,667,
2024-02-22 10:47:00+05:30,3625,3627.05,3623.3,3623.8,125,
2024-02-22 10:48:00+05:30,3623.8,3625.9,3622.9,3625.9,484,
2024-02-22 10:49:00+05:30,3624.15,3625.9,3622.05,3623.1,327,
2024-02-22 10:50:00+05:30,3623.2,3624.55,3621.5,3621.95,288,
2024-02-22 10:51:00+05:30,3623.1,3626.55,3620,3625,2686,
2024-02-22 10:52:00+05:30,3625,3627,3625,3625,93,
2024-02-22 10:53:00+05:30,3625,3627,3625,3625,83,
2024-02-22 10:54:00+05:30,3625,3626.95,3625,3626.95,106,
2024-02-22 10:55:00+05:30,3626.95,3626.95,3621.3,3625,460,
2024-02-22 10:56:00+05:30,3624.25,3625.85,3621.25,3621.8,491,
2024-02-22 10:57:00+05:30,3621.3,3621.95,3618.7,3621.8,1418,
2024-02-22 10:58:00+05:30,3621.8,3623.35,3619.1,3620.3,385,
2024-02-22 10:59:00+05:30,3620.3,3623.65,3620.05,3621.05,844,
2024-02-22 11:00:00+05:30,3621.05,3622.85,3620,3620,377,
2024-02-22 11:01:00+05:30,3620,3621.55,3618.35,3618.7,638,
2024-02-22 11:02:00+05:30,3618.7,3620.95,3618,3619,1009,
2024-02-22 11:03:00+05:30,3619,3620.5,3617.5,3618.4,1375,
2024-02-22 11:04:00+05:30,3618.4,3621.45,3617.65,3618.85,459,
2024-02-22 11:05:00+05:30,3618.85,3623.9,3618.85,3621.1,269,
2024-02-22 11:06:00+05:30,3621.1,3624.4,3621.1,3624.35,574,
2024-02-22 11:07:00+05:30,3624.35,3625,3623.85,3624.3,78,
2024-02-22 11:08:00+05:30,3624.3,3625,3621.75,3622.75,390,
2024-02-22 11:09:00+05:30,3622.75,3625,3622.75,3625,82,
2024-02-22 11:10:00+05:30,3625,3626,3625,3625.15,475,
2024-02-22 11:11:00+05:30,3625.15,3627.8,3625.05,3625.1,233,
2024-02-22 11:12:00+05:30,3627.15,3628,3623.75,3627.95,395,
2024-02-22 11:13:00+05:30,3627.95,3628.15,3625.15,3625.65,133,
2024-02-22 11:14:00+05:30,3625.65,3630,3625.65,3627.5,651,
2024-02-22 11:15:00+05:30,3627.5,3630,3625.45,3628.85,113,
2024-02-22 11:16:00+05:30,3628.8,3629.4,3626.05,3629.4,439,
2024-02-22 11:17:00+05:30,3628.45,3628.9,3626,3626.55,260,
2024-02-22 11:18:00+05:30,3626.55,3628.95,3625.2,3627.85,231,
2024-02-22 11:19:00+05:30,3625.75,3627,3624.05,3624.05,673,
2024-02-22 11:20:00+05:30,3624.05,3625.25,3621.65,3623.2,210,
2024-02-22 11:21:00+05:30,3622.8,3625,3620.45,3621.95,416,
2024-02-22 11:22:00+05:30,3621.95,3622.55,3618.25,3618.3,754,
2024-02-22 11:23:00+05:30,3618.25,3621.35,3617.2,3618.15,1350,
2024-02-22 11:24:00+05:30,3618.15,3619.55,3617.6,3618.6,420,
2024-02-22 11:25:00+05:30,3618.6,3619.55,3617.1,3617.4,399,
2024-02-22 11:26:00+05:30,3617.4,3618,3611.25,3611.25,2066,
2024-02-22 11:27:00+05:30,3611.25,3616.75,3611.15,3615.5,1655,
2024-02-22 11:28:00+05:30,3615.5,3616.15,3612,3612.25,742,
2024-02-22 11:29:00+05:30,3612.25,3614.1,3611.6,3612.85,602,
2024-02-22 11:30:00+05:30,3612.85,3613.55,3612.1,3612.5,979,
2024-02-22 11:31:00+05:30,3612.5,3618,3612.5,3615.1,2899,
2024-02-22 11:32:00+05:30,3615.1,3616.55,3613,3614.55,2642,
2024-02-22 11:33:00+05:30,3615.3,3616.85,3613.2,3615.75,679,
2024-02-22 11:34:00+05:30,3616.3,3620.95,3615.65,3615.9,1252,
2024-02-22 11:35:00+05:30,3615.9,3619.4,3615.9,3616.75,105,
2024-02-22 11:36:00+05:30,3616.7,3619.35,3616.45,3617.95,641,
2024-02-22 11:37:00+05:30,3617.95,3620.15,3617.95,3619,39,
2024-02-22 11:38:00+05:30,3619.05,3620.6,3618.05,3618.2,310,
2024-02-22 11:39:00+05:30,3618.2,3618.2,3612.3,3613.4,1086,
2024-02-22 11:40:00+05:30,3614,3618.7,3612.3,3617,977,
2024-02-22 11:41:00+05:30,3617.45,3620.5,3615.7,3620.5,1008,
2024-02-22 11:42:00+05:30,3619.8,3622,3618.55,3621,367,
2024-02-22 11:43:00+05:30,3621.25,3624.95,3621.25,3624.3,809,
2024-02-22 11:44:00+05:30,3622.75,3624.3,3622.7,3624,297,
2024-02-22 11:45:00+05:30,3624.45,3625,3621.85,3622.9,615,
2024-02-22 11:46:00+05:30,3622.9,3628,3622.8,3627.05,687,
2024-02-22 11:47:00+05:30,3626.55,3627,3620.6,3622.4,1011,
2024-02-22 11:48:00+05:30,3622.4,3623.25,3619.05,3619.35,216,
2024-02-22 11:49:00+05:30,3619.35,3620.45,3618.4,3618.5,769,
2024-02-22 11:50:00+05:30,3618.75,3621.55,3618,3618.35,304,
2024-02-22 11:51:00+05:30,3618.35,3620.45,3618.1,3619,219,
2024-02-22 11:52:00+05:30,3619,3622.55,3619,3621.45,236,
2024-02-22 11:53:00+05:30,3621.45,3624.1,3621.2,3623.25,547,
2024-02-22 11:54:00+05:30,3623.25,3624.1,3620.95,3622.3,341,
2024-02-22 11:55:00+05:30,3623.7,3623.8,3621.65,3621.65,211,
2024-02-22 11:56:00+05:30,3621.65,3624.8,3621.65,3623.05,322,
2024-02-22 11:57:00+05:30,3623.7,3629,3623.65,3626.7,824,
2024-02-22 11:58:00+05:30,3626.7,3626.8,3625.05,3625.7,296,
2024-02-22 11:59:00+05:30,3625.7,3627.8,3625.05,3625.9,412,
2024-02-22 12:00:00+05:30,3625.95,3627.35,3623.7,3625,558,
2024-02-22 12:01:00+05:30,3625,3627.8,3624.55,3625.7,297,
2024-02-22 12:02:00+05:30,3627.55,3627.85,3624.8,3625.9,345,
2024-02-22 12:03:00+05:30,3624.8,3627.5,3623.75,3623.95,202,
2024-02-22 12:04:00+05:30,3623.95,3626.35,3623.95,3624.75,332,
2024-02-22 12:05:00+05:30,3624.75,3626.85,3623.65,3623.65,281,
2024-02-22 12:06:00+05:30,3623.65,3624.05,3621,3621.35,1277,
2024-02-22 12:07:00+05:30,3621.35,3623.4,3620.05,3622.05,354,
2024-02-22 12:08:00+05:30,3622.05,3624.2,3622.05,3623.05,148,
2024-02-22 12:09:00+05:30,3622.25,3623.5,3622.2,3623,279,
2024-02-22 12:10:00+05:30,3623,3623.5,3622,3622.05,182,
2024-02-22 12:11:00+05:30,3622.05,3623,3621,3622.6,283,
2024-02-22 12:12:00+05:30,3621.5,3622.65,3620.3,3620.3,199,
2024-02-22 12:13:00+05:30,3620.3,3621.9,3620,3620.2,211,
2024-02-22 12:14:00+05:30,3620.2,3621.3,3620,3620.25,151,
2024-02-22 12:15:00+05:30,3620.25,3621,3620.1,3620.15,201,
2024-02-22 12:16:00+05:30,3620.55,3621.65,3620,3620.1,239,
2024-02-22 12:17:00+05:30,3620.05,3620.75,3616.55,3616.55,1200,
2024-02-22 12:18:00+05:30,3616.55,3618.9,3616.55,3616.6,255,
2024-02-22 12:19:00+05:30,3616.6,3618.8,3616.55,3616.65,354,
2024-02-22 12:20:00+05:30,3616.65,3618.9,3616.6,3617.25,244,
2024-02-22 12:21:00+05:30,3617.85,3619.6,3616.65,3616.65,444,
2024-02-22 12:22:00+05:30,3616.65,3617.65,3615.65,3615.65,904,
2024-02-22 12:23:00+05:30,3615.65,3615.7,3612.05,3612.8,2821,
2024-02-22 12:24:00+05:30,3616.35,3618.35,3612.65,3616.25,1144,
2024-02-22 12:25:00+05:30,3616.25,3618.95,3615.8,3616.65,277,
2024-02-22 12:26:00+05:30,3616.65,3617.65,3615.65,3616.55,233,
2024-02-22 12:27:00+05:30,3616.55,3617.65,3616.55,3616.8,232,
2024-02-22 12:28:00+05:30,3616.6,3618.45,3616.55,3618.45,421,
2024-02-22 12:29:00+05:30,3616.2,3618.5,3616.2,3616.7,515,
2024-02-22 12:30:00+05:30,3616.7,3618.6,3616.45,3616.9,691,
2024-02-22 12:31:00+05:30,3618.55,3618.95,3616.8,3617.05,153,
2024-02-22 12:32:00+05:30,3617.05,3618.9,3616.75,3617.1,467,
2024-02-22 12:33:00+05:30,3617.1,3618.9,3617,3617.1,187,
2024-02-22 12:34:00+05:30,3617.1,3622.85,3616.85,3619.45,2270,
2024-02-22 12:35:00+05:30,3619.45,3619.9,3618.6,3619.1,628,
2024-02-22 12:36:00+05:30,3619.1,3620.9,3618.1,3618.1,557,
2024-02-22 12:37:00+05:30,3618.1,3620.5,3618.1,3618.5,181,
2024-02-22 12:38:00+05:30,3618.5,3624.35,3618.35,3623.3,359,
2024-02-22 12:39:00+05:30,3623.25,3623.45,3622.1,3622.65,275,
2024-02-22 12:40:00+05:30,3622.65,3624.35,3622.5,3622.5,148,
2024-02-22 12:41:00+05:30,3622.5,3622.85,3620.1,3620.8,383,
2024-02-22 12:42:00+05:30,3620.8,3622.9,3617.9,3619.85,202,
2024-02-22 12:43:00+05:30,3618.25,3621.65,3617.95,3621.35,326,
2024-02-22 12:44:00+05:30,3622.15,3622.5,3618.15,3618.7,141,
2024-02-22 12:45:00+05:30,3619.1,3620.2,3617.35,3619.4,231,
2024-02-22 12:46:00+05:30,3618.55,3621.6,3617.65,3619.35,188,
2024-02-22 12:47:00+05:30,3619.35,3620.85,3617.05,3618.75,267,
2024-02-22 12:48:00+05:30,3618.8,3618.95,3617.1,3618.35,555,
2024-02-22 12:49:00+05:30,3617.6,3618.45,3616.5,3616.6,216,
2024-02-22 12:50:00+05:30,3616.6,3618.3,3616.55,3616.6,203,
2024-02-22 12:51:00+05:30,3616.6,3618.85,3615.65,3616.6,697,
2024-02-22 12:52:00+05:30,3616.6,3619,3616.55,3616.7,191,
2024-02-22 12:53:00+05:30,3616.7,3618.4,3615,3616.35,1430,
2024-02-22 12:54:00+05:30,3615.15,3616.95,3613.6,3614.4,387,
2024-02-22 12:55:00+05:30,3614.4,3615.8,3613.1,3613.6,300,
2024-02-22 12:56:00+05:30,3613.35,3615.15,3612.3,3612.8,465,
2024-02-22 12:57:00+05:30,3614.3,3614.3,3611.85,3612.05,479,
2024-02-22 12:58:00+05:30,3612.4,3617,3612.4,3615.35,738,
2024-02-22 12:59:00+05:30,3614.9,3616.4,3613.1,3613.7,846,
2024-02-22 13:00:00+05:30,3615.55,3615.55,3613.2,3613.85,167,
2024-02-22 13:01:00+05:30,3614.7,3616,3613.2,3613.25,1275,
2024-02-22 13:02:00+05:30,3613.3,3616,3613.3,3614.3,817,
2024-02-22 13:03:00+05:30,3613.55,3615,3612.4,3614.75,396,
2024-02-22 13:04:00+05:30,3614.75,3615,3612.45,3613.1,530,
2024-02-22 13:05:00+05:30,3613.1,3614.8,3613.1,3613.7,171,
2024-02-22 13:06:00+05:30,3613.9,3616.15,3612.4,3612.55,833,
2024-02-22 13:07:00+05:30,3613.35,3617.3,3612.9,3615.4,654,
2024-02-22 13:08:00+05:30,3615.4,3616.25,3615,3615.05,504,
2024-02-22 13:09:00+05:30,3615.05,3615.55,3615,3615.05,410,
2024-02-22 13:10:00+05:30,3615.05,3615.15,3614.1,3615,470,
2024-02-22 13:11:00+05:30,3615.05,3617.05,3614,3614.1,397,
2024-02-22 13:12:00+05:30,3614.1,3615.15,3614,3615.1,412,
2024-02-22 13:13:00+05:30,3615,3615.6,3614.05,3615.25,411,
2024-02-22 13:14:00+05:30,3615.25,3615.9,3613.65,3615.35,483,
2024-02-22 13:15:00+05:30,3615.35,3616.1,3614,3615,436,
2024-02-22 13:16:00+05:30,3615,3616.4,3614.1,3615.15,487,
2024-02-22 13:17:00+05:30,3615.15,3616.25,3615,3615,448,
2024-02-22 13:18:00+05:30,3615,3616.1,3614.35,3615.45,349,
2024-02-22 13:19:00+05:30,3615.45,3615.5,3614.05,3615.05,408,
2024-02-22 13:20:00+05:30,3615.05,3615.5,3614.5,3615,517,
2024-02-22 13:21:00+05:30,3615,3616.5,3614,3615.1,801,
2024-02-22 13:22:00+05:30,3615.1,3617.4,3614.35,3615.2,426,
2024-02-22 13:23:00+05:30,3615.7,3615.95,3614,3615,397,
2024-02-22 13:24:00+05:30,3615,3617.35,3615,3615.05,514,
2024-02-22 13:25:00+05:30,3615,3616.9,3614.75,3615.55,398,
2024-02-22 13:26:00+05:30,3615.55,3618.1,3613.7,3615.35,827,
2024-02-22 13:27:00+05:30,3615.35,3616.7,3614.2,3615.1,596,
2024-02-22 13:28:00+05:30,3615.1,3615.55,3614.55,3614.55,509,
2024-02-22 13:29:00+05:30,3614.55,3615.6,3614.1,3614.3,466,
2024-02-22 13:30:00+05:30,3614.3,3616.3,3614,3615.2,595,
2024-02-22 13:31:00+05:30,3615.2,3616.95,3612.15,3612.15,1525,
2024-02-22 13:32:00+05:30,3612.15,3613.55,3611.1,3612.1,953,
2024-02-22 13:33:00+05:30,3612.1,3616.3,3612.1,3613.6,1781,
2024-02-22 13:34:00+05:30,3613.6,3617.8,3612.05,3615.1,1600,
2024-02-22 13:35:00+05:30,3615.1,3617.95,3614.95,3615.05,908,
2024-02-22 13:36:00+05:30,3615.05,3618.15,3614.2,3618.15,790,
2024-02-22 13:37:00+05:30,3616.8,3619.1,3616.65,3617.7,525,
2024-02-22 13:38:00+05:30,3617.8,3619.55,3616.55,3616.85,639,
2024-02-22 13:39:00+05:30,3616.85,3618.95,3616.05,3617.2,799,
2024-02-22 13:40:00+05:30,3617.2,3619.7,3616,3616,598,
2024-02-22 13:41:00+05:30,3616,3621,3615.55,3620.05,940,
2024-02-22 13:42:00+05:30,3620.05,3625,3620.05,3621.7,1274,
2024-02-22 13:43:00+05:30,3621.7,3622.35,3618.65,3622.35,1970,
2024-02-22 13:44:00+05:30,3621.35,3623.75,3620.6,3623.1,1700,
2024-02-22 13:45:00+05:30,3622.4,3625,3620.75,3620.9,706,
2024-02-22 13:46:00+05:30,3621.55,3623,3620.25,3620.9,649,
2024-02-22 13:47:00+05:30,3620.8,3624.45,3620.4,3620.55,1181,
2024-02-22 13:48:00+05:30,3620.55,3620.95,3618.95,3618.95,284,
2024-02-22 13:49:00+05:30,3619.9,3622.25,3618.1,3619.2,917,
2024-02-22 13:50:00+05:30,3620.6,3622.3,3619.75,3621.3,1889,
2024-02-22 13:51:00+05:30,3622,3623.65,3621.3,3622.1,450,
2024-02-22 13:52:00+05:30,3622.1,3623.75,3618.7,3619.45,2352,
2024-02-22 13:53:00+05:30,3621.45,3622.95,3618.75,3619.85,1633,
2024-02-22 13:54:00+05:30,3621.05,3624.7,3619.8,3623,525,
2024-02-22 13:55:00+05:30,3622.95,3623.05,3618.95,3619.8,817,
2024-02-22 13:56:00+05:30,3620.7,3623.6,3619.15,3621.65,1216,
2024-02-22 13:57:00+05:30,3621.65,3624.8,3620.05,3624.8,1172,
2024-02-22 13:58:00+05:30,3623.8,3626.95,3620,3626.95,3434,
2024-02-22 13:59:00+05:30,3625.55,3629,3622.65,3625.7,2702,
2024-02-22 14:00:00+05:30,3625.7,3627.8,3622.85,3622.85,1903,
2024-02-22 14:01:00+05:30,3622.9,3631,3622.9,3630.65,2711,
2024-02-22 14:02:00+05:30,3630.9,3631.85,3625.75,3627.7,2468,
2024-02-22 14:03:00+05:30,3628.45,3630,3623.15,3623.5,1097,
2024-02-22 14:04:00+05:30,3624.35,3629.15,3623.15,3626.5,985,
2024-02-22 14:05:00+05:30,3626.8,3629,3623.55,3625.05,5065,
2024-02-22 14:06:00+05:30,3628,3628,3622.5,3624.6,1853,
2024-02-22 14:07:00+05:30,3624.55,3625.3,3619,3619,802,
2024-02-22 14:08:00+05:30,3618.1,3620.3,3615.85,3617.3,1710,
2024-02-22 14:09:00+05:30,3617.3,3620,3617.05,3617.35,1477,
2024-02-22 14:10:00+05:30,3616.25,3616.25,3610.25,3610.6,14090,
2024-02-22 14:11:00+05:30,3610.55,3615.35,3610.55,3612.3,3815,
2024-02-22 14:12:00+05:30,3612.35,3615.85,3610.25,3610.6,2517,
2024-02-22 14:13:00+05:30,3610.6,3613.7,3610.2,3611.15,3092,
2024-02-22 14:14:00+05:30,3611.05,3615.15,3611.05,3612.1,2441,
2024-02-22 14:15:00+05:30,3612.05,3615.55,3610.65,3615.55,4175,
2024-02-22 14:16:00+05:30,3613.45,3616.45,3611.1,3615.4,1273,
2024-02-22 14:17:00+05:30,3615.4,3618.35,3615,3616.1,1482,
2024-02-22 14:18:00+05:30,3616.65,3616.65,3611.4,3612.3,1785,
2024-02-22 14:19:00+05:30,3613.2,3615.15,3610.35,3611.45,2673,
2024-02-22 14:20:00+05:30,3614.95,3614.95,3602.25,3603.8,6750,
2024-02-22 14:21:00+05:30,3604.45,3609.4,3603.95,3607.2,3692,
2024-02-22 14:22:00+05:30,3607.2,3607.25,3603.5,3604.6,1771,
2024-02-22 14:23:00+05:30,3603.7,3606.6,3602.25,3604.7,3087,
2024-02-22 14:24:00+05:30,3604.7,3606.8,3601.25,3602.1,3535,
2024-02-22 14:25:00+05:30,3601.85,3604.95,3600.05,3601.6,2624,
2024-02-22 14:26:00+05:30,3601.8,3605.1,3600.1,3601.8,2022,
2024-02-22 14:27:00+05:30,3604.95,3605.25,3600.05,3603.25,2039,
2024-02-22 14:28:00+05:30,3602.7,3605.95,3600,3603.05,8245,
2024-02-22 14:29:00+05:30,3602.8,3604.75,3597.05,3603.25,3449,
2024-02-22 14:30:00+05:30,3604.4,3604.6,3600.1,3601.45,1680,
2024-02-22 14:31:00+05:30,3601.45,3603.15,3600.1,3601.9,1158,
2024-02-22 14:32:00+05:30,3601.8,3601.9,3597.95,3598.65,1758,
2024-02-22 14:33:00+05:30,3598.65,3601.5,3598.05,3600.35,1365,
2024-02-22 14:34:00+05:30,3599.65,3605,3599.15,3601.85,1274,
2024-02-22 14:35:00+05:30,3602.75,3604.7,3600.5,3601.8,1340,
2024-02-22 14:36:00+05:30,3601.75,3604.65,3601.75,3603.35,1201,
2024-02-22 14:37:00+05:30,3603.6,3609.2,3602.25,3608,2022,
2024-02-22 14:38:00+05:30,3609.5,3609.6,3607.5,3608.55,2247,
2024-02-22 14:39:00+05:30,3611.25,3616,3609.65,3612.05,2229,
2024-02-22 14:40:00+05:30,3613.35,3616.1,3608.35,3612.35,2494,
2024-02-22 14:41:00+05:30,3613.95,3615,3612.15,3612.25,1379,
2024-02-22 14:42:00+05:30,3613.45,3619.3,3613.05,3618.35,4892,
2024-02-22 14:43:00+05:30,3618.25,3619.3,3616.75,3617.35,2072,
2024-02-22 14:44:00+05:30,3616.95,3622,3616.8,3621.55,2235,
2024-02-22 14:45:00+05:30,3621.45,3622,3620.35,3620.7,1327,
2024-02-22 14:46:00+05:30,3620.65,3627,3620.65,3624.8,3612,
2024-02-22 14:47:00+05:30,3624.8,3626.9,3623.25,3626,2864,
2024-02-22 14:48:00+05:30,3626.05,3631.75,3625.95,3630.6,2285,
2024-02-22 14:49:00+05:30,3630.25,3633,3630,3631.1,1835,
2024-02-22 14:50:00+05:30,3631.05,3632.65,3630.05,3632.65,1360,
2024-02-22 14:51:00+05:30,3632,3639.95,3631.5,3639.95,4175,
2024-02-22 14:52:00+05:30,3639,3640.85,3635.9,3638,2868,
2024-02-22 14:53:00+05:30,3636.8,3638,3634.9,3636.05,5924,
2024-02-22 14:54:00+05:30,3636.3,3638.5,3635.7,3638,1866,
2024-02-22 14:55:00+05:30,3637.95,3639.8,3636.85,3639.2,2033,
2024-02-22 14:56:00+05:30,3639.2,3639.8,3636.85,3638.65,1085,
2024-02-22 14:57:00+05:30,3638.6,3639.9,3635.7,3639.7,2011,
2024-02-22 14:58:00+05:30,3639.7,3640.15,3637.15,3640.15,2410,
2024-02-22 14:59:00+05:30,3640.6,3645.85,3640.6,3645.85,1747,
2024-02-22 15:00:00+05:30,3645.45,3649,3641.35,3645.35,3364,
2024-02-22 15:01:00+05:30,3643.4,3646.95,3641.65,3645,3322,
2024-02-22 15:02:00+05:30,3644.55,3645.8,3642.9,3642.95,5264,
2024-02-22 15:03:00+05:30,3642.95,3644.95,3642.15,3644.85,1410,
2024-02-22 15:04:00+05:30,3644.8,3645.05,3643.1,3643.25,2357,
2024-02-22 15:05:00+05:30,3643.8,3643.9,3640.6,3641.7,2638,
2024-02-22 15:06:00+05:30,3641.7,3644.95,3641.7,3644.75,1732,
2024-02-22 15:07:00+05:30,3644.75,3644.75,3639.9,3641.65,2608,
2024-02-22 15:08:00+05:30,3642.2,3644.95,3642.2,3643.95,759,
2024-02-22 15:09:00+05:30,3643.95,3646.45,3641.05,3643.2,3446,
2024-02-22 15:10:00+05:30,3643.2,3644.15,3642.55,3644.1,1844,
2024-02-22 15:11:00+05:30,3644.1,3644.15,3644,3644,1031,
2024-02-22 15:12:00+05:30,3644.05,3649.25,3640,3641.3,11473,
2024-02-22 15:13:00+05:30,3641,3642.7,3638.05,3638.9,1695,
2024-02-22 15:14:00+05:30,3638.9,3640.2,3637.85,3640.15,1675,
2024-02-22 15:15:00+05:30,3640.15,3646,3640.05,3645.45,1999,
2024-02-22 15:16:00+05:30,3645.95,3646,3642.05,3642.55,1884,
2024-02-22 15:17:00+05:30,3642.45,3643.05,3642.3,3642.5,1228,
2024-02-22 15:18:00+05:30,3642.55,3643.05,3642.5,3642.95,1848,
2024-02-22 15:19:00+05:30,3642.95,3644.9,3642.9,3644.2,2165,
2024-02-22 15:20:00+05:30,3644.2,3647.2,3644.2,3647.15,3176,
2024-02-22 15:21:00+05:30,3647.15,3647.25,3647.05,3647.05,1863,
2024-02-22 15:22:00+05:30,3647.15,3647.15,3647,3647,1452,
2024-02-22 15:23:00+05:30,3647.05,3647.05,3646.9,3646.95,1890,
2024-02-22 15:24:00+05:30,3646.95,3649.9,3646.9,3649.9,2842,
2024-02-22 15:25:00+05:30,3649.8,3651.9,3648.05,3648.45,11868,
2024-02-22 15:26:00+05:30,3648.65,3651.15,3647.85,3648.45,2918,
2024-02-22 15:27:00+05:30,3648.3,3651.1,3646.2,3647.5,2983,
2024-02-22 15:28:00+05:30,3650.15,3650.6,3646,3649.95,1476,
2024-02-22 15:29:00+05:30,3649.95,3649.95,3643,3644.2,2612,
2024-02-23 09:15:00+05:30,3645.4,3658.25,3636.5,3656.5,2066,
2024-02-23 09:16:00+05:30,3652.55,3655.95,3651,3654.5,682,
2024-02-23 09:17:00+05:30,3654.85,3656.4,3652.2,3656.4,1750,
2024-02-23 09:18:00+05:30,3654.25,3658.6,3648.6,3651.45,951,
2024-02-23 09:19:00+05:30,3652.4,3653.95,3651.45,3651.7,331,
2024-02-23 09:20:00+05:30,3651.7,3654.45,3646.85,3647.7,894,
2024-02-23 09:21:00+05:30,3647.7,3649.1,3647.7,3648.95,209,
2024-02-23 09:22:00+05:30,3649,3649.35,3645.35,3645.35,595,
2024-02-23 09:23:00+05:30,3645.6,3648.7,3644.9,3647.15,473,
2024-02-23 09:24:00+05:30,3647.15,3651.15,3647.15,3651.1,163,
2024-02-23 09:25:00+05:30,3651.1,3653.2,3648.55,3649,368,
2024-02-23 09:26:00+05:30,3649,3649.55,3645,3646.15,174,
2024-02-23 09:27:00+05:30,3646.15,3647.6,3645.05,3645.7,145,
2024-02-23 09:28:00+05:30,3645.7,3646.95,3645,3645.1,56,
2024-02-23 09:29:00+05:30,3645.1,3648,3645,3646.45,159,
2024-02-23 09:30:00+05:30,3645.1,3646.7,3642.25,3642.8,574,
2024-02-23 09:31:00+05:30,3642.8,3644,3639.05,3640,1235,
2024-02-23 09:32:00+05:30,3639.95,3640,3638.65,3640,326,
2024-02-23 09:33:00+05:30,3640.75,3640.75,3640,3640,206,
2024-02-23 09:34:00+05:30,3640,3640,3632.2,3633.75,752,
2024-02-23 09:35:00+05:30,3633.65,3637.35,3633,3633,785,
2024-02-23 09:36:00+05:30,3633,3639.95,3633,3637.3,310,
2024-02-23 09:37:00+05:30,3639.55,3640,3637.7,3637.85,165,
2024-02-23 09:38:00+05:30,3638.7,3640.95,3638.7,3639.75,228,
2024-02-23 09:39:00+05:30,3639.75,3639.8,3634.95,3634.95,928,
2024-02-23 09:40:00+05:30,3634.95,3635,3633.2,3633.45,630,
2024-02-23 09:41:00+05:30,3633.7,3635,3633.5,3634.1,232,
2024-02-23 09:42:00+05:30,3634.1,3638,3634.1,3635.5,157,
2024-02-23 09:43:00+05:30,3635.65,3638.4,3635,3635.05,571,
2024-02-23 09:44:00+05:30,3635.9,3635.9,3634.3,3635,277,
2024-02-23 09:45:00+05:30,3635,3635.3,3633.3,3635,297,
2024-02-23 09:46:00+05:30,3635,3635,3630,3630,1660,
2024-02-23 09:47:00+05:30,3630.05,3633.2,3630.05,3632.4,316,
2024-02-23 09:48:00+05:30,3632.4,3633,3630.05,3633,2269,
2024-02-23 09:49:00+05:30,3632.2,3633,3628.15,3629.85,2424,
2024-02-23 09:50:00+05:30,3629.85,3630,3628.15,3629.75,293,
2024-02-23 09:51:00+05:30,3629.75,3629.75,3627.1,3628.95,205,
2024-02-23 09:52:00+05:30,3628.95,3629.65,3628.95,3629.5,159,
2024-02-23 09:53:00+05:30,3629.55,3629.55,3626.85,3627.25,348,
2024-02-23 09:54:00+05:30,3629.9,3631.3,3629.15,3629.75,2018,
2024-02-23 09:55:00+05:30,3629.75,3630,3629.1,3629.6,651,
2024-02-23 09:56:00+05:30,3629.6,3630.5,3628,3629.95,1842,
2024-02-23 09:57:00+05:30,3629.95,3630,3628.7,3629.95,1465,
2024-02-23 09:58:00+05:30,3629.95,3630,3628.6,3628.6,195,
2024-02-23 09:59:00+05:30,3628.6,3630.4,3628.6,3628.6,297,
2024-02-23 10:00:00+05:30,3628.6,3630,3627.4,3630,178,
2024-02-23 10:01:00+05:30,3630,3630,3628.05,3630,95,
2024-02-23 10:02:00+05:30,3630,3630,3629.95,3630,41,
2024-02-23 10:03:00+05:30,3630,3631,3629.2,3630,1640,
2024-02-23 10:04:00+05:30,3630,3630.5,3629.65,3629.7,516,
2024-02-23 10:05:00+05:30,3630.45,3630.45,3628.05,3628.05,1137,
2024-02-23 10:06:00+05:30,3628.05,3630.35,3628.05,3630.35,115,
2024-02-23 10:07:00+05:30,3630.35,3630.35,3629.05,3630,51,
2024-02-23 10:08:00+05:30,3630,3635.35,3628.65,3635.35,3573,
2024-02-23 10:09:00+05:30,3635.4,3635.85,3633.65,3635,1878,
2024-02-23 10:10:00+05:30,3635.7,3636,3635,3635,949,
2024-02-23 10:11:00+05:30,3635,3637,3635,3637,3210,
2024-02-23 10:12:00+05:30,3637,3639.55,3637,3638.3,1153,
2024-02-23 10:13:00+05:30,3638.3,3651.1,3638.3,3651.1,2088,
2024-02-23 10:14:00+05:30,3651.05,3653.1,3646.95,3649.65,3169,
2024-02-23 10:15:00+05:30,3649.65,3655,3649.65,3655,1729,
2024-02-23 10:16:00+05:30,3654,3656.45,3652,3654.95,1053,
2024-02-23 10:17:00+05:30,3656,3656,3653.8,3653.8,547,
2024-02-23 10:18:00+05:30,3654.7,3656.7,3654,3655,714,
2024-02-23 10:19:00+05:30,3655,3656.95,3653.2,3653.35,315,
2024-02-23 10:20:00+05:30,3653.35,3656.4,3651,3655,1315,
2024-02-23 10:21:00+05:30,3656.25,3657.35,3654.8,3655,581,
2024-02-23 10:22:00+05:30,3655,3658.15,3655,3658.15,720,
2024-02-23 10:23:00+05:30,3658.15,3660,3657.95,3659.35,1381,
2024-02-23 10:24:00+05:30,3659.35,3659.35,3656.4,3657,484,
2024-02-23 10:25:00+05:30,3657,3657.8,3654.45,3657.8,645,
2024-02-23 10:26:00+05:30,3657.8,3658.95,3655.4,3658.35,732,
2024-02-23 10:27:00+05:30,3658.35,3658.35,3654,3654.3,815,
2024-02-23 10:28:00+05:30,3654.3,3655,3653.45,3653.55,179,
2024-02-23 10:29:00+05:30,3653.55,3655.9,3652.9,3655.9,1084,
2024-02-23 10:30:00+05:30,3655.9,3656,3653.7,3653.7,108,
2024-02-23 10:31:00+05:30,3653.7,3656,3650.65,3654.1,689,
2024-02-23 10:32:00+05:30,3654.1,3654.1,3650.15,3654,475,
2024-02-23 10:33:00+05:30,3654,3654,3651.05,3652.95,284,
2024-02-23 10:34:00+05:30,3652.95,3653.9,3651.45,3651.55,285,
2024-02-23 10:35:00+05:30,3651.55,3656.4,3651.55,3655.4,770,
2024-02-23 10:36:00+05:30,3655.4,3657.75,3654.65,3657.6,88,
2024-02-23 10:37:00+05:30,3657.6,3657.75,3654.25,3654.35,505,
2024-02-23 10:38:00+05:30,3654.35,3656.9,3654.35,3654.95,200,
2024-02-23 10:39:00+05:30,3654.95,3657.2,3652.85,3654.1,817,
2024-02-23 10:40:00+05:30,3654.1,3654.1,3648.3,3650,1514,
2024-02-23 10:41:00+05:30,3650,3652.95,3650,3652,457,
2024-02-23 10:42:00+05:30,3652,3652.95,3650.75,3650.75,860,
2024-02-23 10:43:00+05:30,3650.75,3652.9,3650.75,3650.95,343,
2024-02-23 10:44:00+05:30,3650.95,3651.1,3650.8,3651.05,429,
2024-02-23 10:45:00+05:30,3651.05,3652.95,3648.65,3649.05,949,
2024-02-23 10:46:00+05:30,3649.05,3650.15,3649.05,3650,949,
2024-02-23 10:47:00+05:30,3650,3650.25,3647.9,3648.2,1020,
2024-02-23 10:48:00+05:30,3648.2,3649.9,3648.2,3648.35,452,
2024-02-23 10:49:00+05:30,3648.35,3650,3648.35,3649.35,142,
2024-02-23 10:50:00+05:30,3649.35,3650.85,3649.15,3650,625,
2024-02-23 10:51:00+05:30,3650,3651.85,3648.05,3648.05,915,
2024-02-23 10:52:00+05:30,3648.05,3650,3648.05,3650,206,
2024-02-23 10:53:00+05:30,3650,3651.05,3649.05,3651.05,366,
2024-02-23 10:54:00+05:30,3651.05,3653.2,3649.95,3650.15,381,
2024-02-23 10:55:00+05:30,3650.15,3650.75,3650.15,3650.65,282,
2024-02-23 10:56:00+05:30,3650.65,3652.9,3650.65,3650.7,326,
2024-02-23 10:57:00+05:30,3650.7,3650.7,3649.7,3649.75,298,
2024-02-23 10:58:00+05:30,3649.75,3650.7,3649.5,3650,323,
2024-02-23 10:59:00+05:30,3650,3650.7,3649.9,3650.4,713,
2024-02-23 11:00:00+05:30,3650.4,3653.4,3650.35,3651.9,474,
2024-02-23 11:01:00+05:30,3651.9,3651.9,3650.7,3651.05,203,
2024-02-23 11:02:00+05:30,3651.05,3652.15,3651.05,3651.8,201,
2024-02-23 11:03:00+05:30,3652.15,3653.95,3652,3652.2,430,
2024-02-23 11:04:00+05:30,3652.2,3654.1,3652.2,3652.95,199,
2024-02-23 11:05:00+05:30,3654.4,3659.9,3654.1,3656.8,1236,
2024-02-23 11:06:00+05:30,3658.4,3662.1,3655.25,3656.25,2401,
2024-02-23 11:07:00+05:30,3655.35,3657.85,3653.7,3657.25,1006,
2024-02-23 11:08:00+05:30,3656.2,3658.5,3655.3,3656.2,680,
2024-02-23 11:09:00+05:30,3656.05,3658.2,3655.85,3656.1,768,
2024-02-23 11:10:00+05:30,3656.1,3657.15,3654.2,3654.65,670,
2024-02-23 11:11:00+05:30,3654.45,3657.3,3654.2,3655.1,384,
2024-02-23 11:12:00+05:30,3655,3656.9,3654.95,3656.9,233,
2024-02-23 11:13:00+05:30,3656.9,3657.85,3654.85,3654.85,353,
2024-02-23 11:14:00+05:30,3654.95,3656.95,3654.7,3656.85,281,
2024-02-23 11:15:00+05:30,3654.9,3657.9,3654.9,3655.45,303,
2024-02-23 11:16:00+05:30,3655.5,3658,3655.45,3658,344,
2024-02-23 11:17:00+05:30,3656.65,3657.85,3655,3656.85,255,
2024-02-23 11:18:00+05:30,3655,3657,3655,3657,270,
2024-02-23 11:19:00+05:30,3655.35,3659.85,3655,3658.9,369,
2024-02-23 11:20:00+05:30,3657.3,3660,3656.85,3659.25,336,
2024-02-23 11:21:00+05:30,3659.25,3659.9,3657.5,3659.6,464,
2024-02-23 11:22:00+05:30,3658.35,3659.75,3657.05,3659.7,484,
2024-02-23 11:23:00+05:30,3657,3659.6,3657,3657.75,228,
2024-02-23 11:24:00+05:30,3657.45,3659.7,3656.9,3658.5,253,
2024-02-23 11:25:00+05:30,3657.9,3658.85,3655.9,3658,279,
2024-02-23 11:26:00+05:30,3656.1,3658,3655.2,3657.95,254,
2024-02-23 11:27:00+05:30,3655.55,3657.95,3652.55,3655.4,541,
2024-02-23 11:28:00+05:30,3653.95,3655.35,3651.9,3654.15,648,
2024-02-23 11:29:00+05:30,3652.15,3653.75,3651.35,3651.35,601,
2024-02-23 11:30:00+05:30,3651.4,3655.25,3651.35,3654.15,160,
2024-02-23 11:31:00+05:30,3652.15,3653.75,3651.55,3652.15,249,
2024-02-23 11:32:00+05:30,3651,3652.15,3649.65,3649.65,214,
2024-02-23 11:33:00+05:30,3649.65,3650,3648.25,3650,56,
2024-02-23 11:34:00+05:30,3650,3650,3648.6,3649.95,57,
2024-02-23 11:35:00+05:30,3650,3650,3648.6,3649.7,74,
2024-02-23 11:36:00+05:30,3649.7,3650,3647.8,3649,539,
2024-02-23 11:37:00+05:30,3649,3649.8,3647.85,3649.75,23,
2024-02-23 11:38:00+05:30,3649.75,3649.8,3647.9,3649.8,29,
2024-02-23 11:39:00+05:30,3649.8,3651.85,3649,3651.5,274,
2024-02-23 11:40:00+05:30,3651.5,3651.5,3649.65,3651.5,60,
2024-02-23 11:41:00+05:30,3651.5,3651.5,3649.6,3651.4,51,
2024-02-23 11:42:00+05:30,3649.6,3650,3649.6,3650,19,
2024-02-23 11:43:00+05:30,3650,3650,3648.45,3649.95,153,
2024-02-23 11:44:00+05:30,3649.95,3650,3648.5,3649.85,75,
2024-02-23 11:45:00+05:30,3649.85,3650,3648.2,3650,555,
2024-02-23 11:46:00+05:30,3650,3650,3648.6,3650,123,
2024-02-23 11:47:00+05:30,3650,3650,3648.8,3649.9,178,
2024-02-23 11:48:00+05:30,3649.9,3650,3648.1,3649.75,284,
2024-02-23 11:49:00+05:30,3649.75,3649.9,3648.1,3649.8,266,
2024-02-23 11:50:00+05:30,3649.8,3649.95,3648.4,3649.15,157,
2024-02-23 11:51:00+05:30,3649.15,3650,3648.1,3650,538,
2024-02-23 11:52:00+05:30,3648.6,3650,3647.65,3647.65,166,
2024-02-23 11:53:00+05:30,3647.65,3650,3647.65,3649.35,128,
2024-02-23 11:54:00+05:30,3649.35,3650,3648.1,3648.25,245,
2024-02-23 11:55:00+05:30,3648.25,3653.45,3648.25,3653.45,412,
2024-02-23 11:56:00+05:30,3653.45,3653.95,3651.5,3651.5,117,
2024-02-23 11:57:00+05:30,3654.15,3654.15,3652.5,3652.5,279,
2024-02-23 11:58:00+05:30,3653.95,3656.95,3652,3654.1,1396,
2024-02-23 11:59:00+05:30,3654.1,3654.35,3650.75,3651.35,169,
2024-02-23 12:00:00+05:30,3651.35,3654.75,3650.1,3653.1,653,
2024-02-23 12:01:00+05:30,3653.1,3654.2,3651.25,3654.2,216,
2024-02-23 12:02:00+05:30,3654.2,3655,3652.75,3654.15,224,
2024-02-23 12:03:00+05:30,3654.15,3655.2,3652.3,3653.7,354,
2024-02-23 12:04:00+05:30,3655.6,3658,3653.7,3657.65,1303,
2024-02-23 12:05:00+05:30,3657.65,3660,3654.7,3660,3447,
2024-02-23 12:06:00+05:30,3660,3662.5,3658.5,3659.95,1455,
2024-02-23 12:07:00+05:30,3659.95,3660,3656,3657.55,2433,
2024-02-23 12:08:00+05:30,3657.55,3657.8,3655.8,3656,507,
2024-02-23 12:09:00+05:30,3656,3660,3655.55,3660,759,
2024-02-23 12:10:00+05:30,3658.75,3663.9,3657,3662.05,4704,
2024-02-23 12:11:00+05:30,3662.05,3667.3,3662.05,3664.2,1859,
2024-02-23 12:12:00+05:30,3667.1,3667.1,3662.4,3664.85,1660,
2024-02-23 12:13:00+05:30,3664.85,3664.85,3661.65,3663.95,669,
2024-02-23 12:14:00+05:30,3663.95,3663.95,3657.95,3659.35,1669,
2024-02-23 12:15:00+05:30,3659.35,3661.85,3659,3661.65,363,
2024-02-23 12:16:00+05:30,3661.65,3662.1,3658.4,3658.45,360,
2024-02-23 12:17:00+05:30,3658.45,3660.15,3658,3659,499,
2024-02-23 12:18:00+05:30,3659,3660.3,3659,3660.15,537,
2024-02-23 12:19:00+05:30,3660.15,3660.15,3657.2,3658.35,557,
2024-02-23 12:20:00+05:30,3658.35,3659.85,3655.05,3656.9,429,
2024-02-23 12:21:00+05:30,3656.9,3657.75,3655.1,3655.1,185,
2024-02-23 12:22:00+05:30,3655.1,3656.65,3654.2,3656.35,188,
2024-02-23 12:23:00+05:30,3656.35,3656.35,3653.85,3655.05,358,
2024-02-23 12:24:00+05:30,3655.05,3656.55,3655,3656.5,228,
2024-02-23 12:25:00+05:30,3655.05,3656.95,3655,3656.8,154,
2024-02-23 12:26:00+05:30,3656.8,3656.9,3654.9,3654.95,308,
2024-02-23 12:27:00+05:30,3654.95,3656.5,3654.8,3656.35,582,
2024-02-23 12:28:00+05:30,3656.35,3656.4,3654.7,3654.7,161,
2024-02-23 12:29:00+05:30,3654.7,3661.35,3654.7,3660.75,303,
2024-02-23 12:30:00+05:30,3660.75,3664.3,3659,3663.45,279,
2024-02-23 12:31:00+05:30,3663.45,3664.05,3661.25,3663,397,
2024-02-23 12:32:00+05:30,3663,3665.95,3663,3665.25,287,
2024-02-23 12:33:00+05:30,3665.25,3665.6,3662.75,3662.75,2878,
2024-02-23 12:34:00+05:30,3662.75,3664.15,3661.25,3664.15,129,
2024-02-23 12:35:00+05:30,3664.15,3664.15,3662.15,3664.1,139,
2024-02-23 12:36:00+05:30,3664.1,3665.8,3662.6,3665.8,212,
2024-02-23 12:37:00+05:30,3665.65,3666.8,3664.95,3666.8,438,
2024-02-23 12:38:00+05:30,3666.8,3668.9,3666.75,3668.25,721,
2024-02-23 12:39:00+05:30,3668.65,3668.65,3664.05,3664.2,2001,
2024-02-23 12:40:00+05:30,3663,3665,3662.25,3664.85,438,
2024-02-23 12:41:00+05:30,3664.85,3666.45,3663.1,3664.85,627,
2024-02-23 12:42:00+05:30,3664.85,3667.7,3664.75,3665.9,456,
2024-02-23 12:43:00+05:30,3667,3667,3663.05,3665.05,512,
2024-02-23 12:44:00+05:30,3663.25,3665.5,3661.3,3665.4,1212,
2024-02-23 12:45:00+05:30,3665.4,3665.5,3662.05,3662.25,550,
2024-02-23 12:46:00+05:30,3662.25,3665.35,3662.25,3665.35,370,
2024-02-23 12:47:00+05:30,3665.35,3665.35,3662.5,3664.6,201,
2024-02-23 12:48:00+05:30,3664.6,3665.25,3662.2,3664.4,157,
2024-02-23 12:49:00+05:30,3664.4,3664.4,3661.1,3663.75,760,
2024-02-23 12:50:00+05:30,3663.75,3665.3,3662.05,3664.75,692,
2024-02-23 12:51:00+05:30,3664.75,3664.75,3661.05,3661.2,161,
2024-02-23 12:52:00+05:30,3661.2,3663.65,3660,3662.3,936,
2024-02-23 12:53:00+05:30,3662.3,3663.95,3662.2,3663.8,204,
2024-02-23 12:54:00+05:30,3663.8,3664,3663,3664,151,
2024-02-23 12:55:00+05:30,3664,3665,3663.05,3664.6,169,
2024-02-23 12:56:00+05:30,3664.6,3664.6,3662.45,3664,176,
2024-02-23 12:57:00+05:30,3664,3664.55,3662.55,3664.3,126,
2024-02-23 12:58:00+05:30,3664.3,3664.45,3662.2,3663,326,
2024-02-23 12:59:00+05:30,3663,3664.4,3661.45,3661.7,146,
2024-02-23 13:00:00+05:30,3661.7,3663,3661.7,3662.5,190,
2024-02-23 13:01:00+05:30,3662.5,3662.5,3659.9,3661.15,746,
2024-02-23 13:02:00+05:30,3659.9,3662.45,3659.5,3661,659,
2024-02-23 13:03:00+05:30,3661,3661,3659.45,3659.8,178,
2024-02-23 13:04:00+05:30,3659.8,3665,3658.85,3664.95,1013,
2024-02-23 13:05:00+05:30,3664.95,3666.95,3660,3666.95,1868,
2024-02-23 13:06:00+05:30,3666.95,3667,3665.15,3665.15,1873,
2024-02-23 13:07:00+05:30,3665.15,3669,3662.85,3669,467,
2024-02-23 13:08:00+05:30,3669,3669.05,3663.2,3665,2989,
2024-02-23 13:09:00+05:30,3665,3666.5,3661,3661,1471,
2024-02-23 13:10:00+05:30,3661,3663.5,3660.9,3663,117,
2024-02-23 13:11:00+05:30,3663,3664.75,3662,3663.85,482,
2024-02-23 13:12:00+05:30,3663.85,3664.45,3661.95,3664.45,1334,
2024-02-23 13:13:00+05:30,3664.45,3668.15,3662.85,3665.9,841,
2024-02-23 13:14:00+05:30,3665.9,3668.65,3665.9,3668.65,226,
2024-02-23 13:15:00+05:30,3668.65,3669,3667.2,3668.9,320,
2024-02-23 13:16:00+05:30,3669,3669,3667.9,3668.85,468,
2024-02-23 13:17:00+05:30,3668.85,3668.85,3666.65,3668,311,
2024-02-23 13:18:00+05:30,3667.2,3668,3666.15,3668,701,
2024-02-23 13:19:00+05:30,3668,3668.95,3666.75,3668,3118,
2024-02-23 13:20:00+05:30,3668,3668.9,3666.4,3668.2,887,
2024-02-23 13:21:00+05:30,3668.9,3669,3667.8,3668,1702,
2024-02-23 13:22:00+05:30,3668,3668.7,3665.55,3668,173,
2024-02-23 13:23:00+05:30,3668,3668,3666.05,3667.7,207,
2024-02-23 13:24:00+05:30,3667.75,3667.75,3665.25,3666.3,621,
2024-02-23 13:25:00+05:30,3664,3664.4,3658.05,3659.05,440,
2024-02-23 13:26:00+05:30,3657.6,3661.55,3656,3660.5,749,
2024-02-23 13:27:00+05:30,3661.55,3661.55,3657.9,3659.55,112,
2024-02-23 13:28:00+05:30,3660.6,3660.6,3658.45,3659.55,361,
2024-02-23 13:29:00+05:30,3659.55,3659.55,3658.5,3658.9,969,
2024-02-23 13:30:00+05:30,3658.9,3659,3657.95,3658.55,104,
2024-02-23 13:31:00+05:30,3659,3659.95,3658.05,3659.95,463,
2024-02-23 13:32:00+05:30,3659.2,3660.45,3658.5,3658.5,2754,
2024-02-23 13:33:00+05:30,3658.5,3659.05,3658,3658.05,206,
2024-02-23 13:34:00+05:30,3658.05,3658.05,3654.7,3655.15,1756,
2024-02-23 13:35:00+05:30,3655.15,3659.95,3655.15,3659.95,439,
2024-02-23 13:36:00+05:30,3659.95,3662.3,3659.15,3662.3,503,
2024-02-23 13:37:00+05:30,3662,3664.35,3659.55,3662,1253,
2024-02-23 13:38:00+05:30,3662,3662,3659.1,3662,176,
2024-02-23 13:39:00+05:30,3662,3662,3658.6,3659.1,326,
2024-02-23 13:40:00+05:30,3659.85,3662.45,3657.4,3661.35,731,
2024-02-23 13:41:00+05:30,3661.35,3662.6,3658.85,3661.9,183,
2024-02-23 13:42:00+05:30,3661.9,3661.9,3659.1,3661.35,128,
2024-02-23 13:43:00+05:30,3660.5,3661.35,3657.75,3660.1,326,
2024-02-23 13:44:00+05:30,3660.1,3661.7,3659.35,3661.7,104,
2024-02-23 13:45:00+05:30,3661.7,3661.7,3659.05,3659.7,212,
2024-02-23 13:46:00+05:30,3659.7,3659.8,3657.35,3658.9,308,
2024-02-23 13:47:00+05:30,3658.9,3660.8,3656.8,3659.35,197,
2024-02-23 13:48:00+05:30,3659.35,3659.45,3657.15,3659.1,108,
2024-02-23 13:49:00+05:30,3659.1,3659.35,3654.85,3657.75,166,
2024-02-23 13:50:00+05:30,3657.8,3659.75,3654.5,3657.55,16082,
2024-02-23 13:51:00+05:30,3656.6,3658.25,3654.35,3655.1,2420,
2024-02-23 13:52:00+05:30,3655.1,3656.2,3655,3656,83,
2024-02-23 13:53:00+05:30,3656,3656.55,3655.4,3656.05,219,
2024-02-23 13:54:00+05:30,3656.05,3657.6,3655.75,3657.6,178,
2024-02-23 13:55:00+05:30,3657.6,3657.75,3656,3656.6,263,
2024-02-23 13:56:00+05:30,3657.15,3657.85,3656.3,3657.75,36,
2024-02-23 13:57:00+05:30,3657.85,3657.95,3656.05,3657.85,140,
2024-02-23 13:58:00+05:30,3657.85,3659.45,3657.05,3659.25,297,
2024-02-23 13:59:00+05:30,3659.25,3660,3656.45,3658.6,249,
2024-02-23 14:00:00+05:30,3658.6,3658.65,3656.9,3658.55,37,
2024-02-23 14:01:00+05:30,3658.55,3658.6,3656.1,3658.3,283,
2024-02-23 14:02:00+05:30,3658.3,3658.45,3656.45,3657.35,49,
2024-02-23 14:03:00+05:30,3656.45,3658.65,3656.1,3657.35,380,
2024-02-23 14:04:00+05:30,3657.35,3658.65,3656.6,3658.65,95,
2024-02-23 14:05:00+05:30,3658.65,3658.65,3656.2,3658,149,
2024-02-23 14:06:00+05:30,3658.55,3658.6,3656.25,3657.95,309,
2024-02-23 14:07:00+05:30,3657.95,3658.55,3655.65,3658.35,895,
2024-02-23 14:08:00+05:30,3658.35,3658.65,3658.1,3658.65,41,
2024-02-23 14:09:00+05:30,3658.65,3659.95,3655.85,3658,189,
2024-02-23 14:10:00+05:30,3658,3658,3653.35,3657.35,3512,
2024-02-23 14:11:00+05:30,3657.35,3657.35,3652.35,3656,1404,
2024-02-23 14:12:00+05:30,3656,3656.95,3653.6,3656.95,98,
2024-02-23 14:13:00+05:30,3656.95,3657.6,3654.1,3657.6,96,
2024-02-23 14:14:00+05:30,3657.6,3657.6,3656,3656.8,55,
2024-02-23 14:15:00+05:30,3656,3657.4,3654.75,3657.4,1001,
2024-02-23 14:16:00+05:30,3657.4,3658,3654.75,3656.45,418,
2024-02-23 14:17:00+05:30,3656.45,3656.85,3655,3655.45,386,
2024-02-23 14:18:00+05:30,3655.45,3657,3655,3657,123,
2024-02-23 14:19:00+05:30,3657,3657,3655.35,3656,53,
2024-02-23 14:20:00+05:30,3656,3656.9,3655.4,3656.85,46,
2024-02-23 14:21:00+05:30,3656.85,3657.95,3656.45,3657.5,224,
2024-02-23 14:22:00+05:30,3657.5,3658,3656.75,3658,88,
2024-02-23 14:23:00+05:30,3658,3658,3656.8,3658,47,
2024-02-23 14:24:00+05:30,3658,3658,3656.3,3657.75,51,
2024-02-23 14:25:00+05:30,3657.7,3657.7,3656,3656.75,49,
2024-02-23 14:26:00+05:30,3656.1,3657.75,3655.3,3657.7,405,
2024-02-23 14:27:00+05:30,3657.7,3657.9,3656.8,3657.9,42,
2024-02-23 14:28:00+05:30,3657.9,3658,3656,3658,943,
2024-02-23 14:29:00+05:30,3658,3658,3655.75,3658,496,
2024-02-23 14:30:00+05:30,3658,3658,3655.6,3656.7,64,
2024-02-23 14:31:00+05:30,3656.9,3657.55,3656,3657.55,67,
2024-02-23 14:32:00+05:30,3657.85,3658,3656,3657.65,233,
2024-02-23 14:33:00+05:30,3657.65,3657.85,3655.55,3657.6,86,
2024-02-23 14:34:00+05:30,3657.85,3657.85,3655,3657.15,216,
2024-02-23 14:35:00+05:30,3657.15,3657.45,3655,3657.4,87,
2024-02-23 14:36:00+05:30,3657.2,3657.45,3654.85,3656.95,264,
2024-02-23 14:37:00+05:30,3656.95,3657.9,3654.65,3656.15,185,
2024-02-23 14:38:00+05:30,3656.15,3657.65,3655,3657.3,128,
2024-02-23 14:39:00+05:30,3657.3,3657.95,3655,3657.55,74,
2024-02-23 14:40:00+05:30,3657.45,3657.45,3655.8,3656,177,
2024-02-23 14:41:00+05:30,3656,3656.7,3655.05,3656,162,
2024-02-23 14:42:00+05:30,3656,3657.4,3655.4,3656.85,185,
2024-02-23 14:43:00+05:30,3656.85,3657.5,3655.9,3655.95,399,
2024-02-23 14:44:00+05:30,3656,3657.5,3655.9,3655.9,636,
2024-02-23 14:45:00+05:30,3656,3657.25,3655,3656,361,
2024-02-23 14:46:00+05:30,3656,3656,3655,3656,124,
2024-02-23 14:47:00+05:30,3656,3656,3655,3656,136,
2024-02-23 14:48:00+05:30,3656,3656,3655,3656,231,
2024-02-23 14:49:00+05:30,3655,3656,3655,3656,71,
2024-02-23 14:50:00+05:30,3656,3656,3655.05,3656,442,
2024-02-23 14:51:00+05:30,3656,3656,3655,3655.35,588,
2024-02-23 14:52:00+05:30,3655.35,3655.7,3653.85,3655,1903,
2024-02-23 14:53:00+05:30,3655,3655,3651.95,3653.85,380,
2024-02-23 14:54:00+05:30,3654.25,3654.25,3651.8,3654.1,155,
2024-02-23 14:55:00+05:30,3654.1,3654.1,3651.65,3653.8,132,
2024-02-23 14:56:00+05:30,3653.8,3654.95,3651.7,3651.7,313,
2024-02-23 14:57:00+05:30,3651.7,3653.4,3651.7,3653.4,157,
2024-02-23 14:58:00+05:30,3652.2,3653.7,3651,3651,161,
2024-02-23 14:59:00+05:30,3651,3654.4,3650.8,3652.65,225,
2024-02-23 15:00:00+05:30,3652.05,3653,3647.4,3650,2421,
2024-02-23 15:01:00+05:30,3651.4,3652,3648.5,3648.75,2114,
2024-02-23 15:02:00+05:30,3648.75,3649.9,3647.8,3649.1,356,
2024-02-23 15:03:00+05:30,3649.1,3649.9,3644,3646.45,507,
2024-02-23 15:04:00+05:30,3644.25,3644.25,3637.25,3642.65,3736,
2024-02-23 15:05:00+05:30,3642.65,3644.2,3639.6,3641.1,1410,
2024-02-23 15:06:00+05:30,3642.5,3646.35,3640.75,3646.35,1860,
2024-02-23 15:07:00+05:30,3646.2,3648.25,3642.5,3647.6,1907,
2024-02-23 15:08:00+05:30,3647.6,3649.9,3646.9,3649.45,793,
2024-02-23 15:09:00+05:30,3649.45,3649.45,3646.75,3648.7,500,
2024-02-23 15:10:00+05:30,3650.1,3650.6,3644.25,3644.25,64577,
2024-02-23 15:11:00+05:30,3645.9,3648.85,3645,3646.5,1353,
2024-02-23 15:12:00+05:30,3646.5,3647,3644.95,3646.9,3185,
2024-02-23 15:13:00+05:30,3646.9,3648.3,3645.3,3646.9,1322,
2024-02-23 15:14:00+05:30,3648.75,3649.7,3646.9,3648.15,982,
2024-02-23 15:15:00+05:30,3648.15,3648.25,3645.35,3645.75,1002,
2024-02-23 15:16:00+05:30,3647.7,3647.7,3644.7,3645.4,673,
2024-02-23 15:17:00+05:30,3645.4,3645.4,3640.7,3643.25,2273,
2024-02-23 15:18:00+05:30,3643.25,3644.35,3641.2,3642.55,754,
2024-02-23 15:19:00+05:30,3644.35,3647.2,3642,3645,1177,
2024-02-23 15:20:00+05:30,3646.4,3647.1,3645,3646,2202,
2024-02-23 15:21:00+05:30,3645.6,3646.65,3645.05,3646.2,1140,
2024-02-23 15:22:00+05:30,3646.85,3647,3638.75,3645.05,1427,
2024-02-23 15:23:00+05:30,3643.4,3646.65,3643.3,3646.65,629,
2024-02-23 15:24:00+05:30,3646.65,3646.65,3643.45,3645.4,1143,
2024-02-23 15:25:00+05:30,3645.7,3645.9,3642.3,3644.65,746,
2024-02-23 15:26:00+05:30,3644.65,3645.7,3640.9,3644.55,2349,
2024-02-23 15:27:00+05:30,3644.8,3645.45,3644.05,3644.05,543,
2024-02-23 15:28:00+05:30,3645,3645,3640,3640,1900,
2024-02-23 15:29:00+05:30,3640,3642,3636.85,3640,824,
2024-02-26 09:15:00+05:30,3649,3655,3629,3634.2,1125,
2024-02-26 09:16:00+05:30,3631.15,3636.65,3622.9,3631.45,1007,
2024-02-26 09:17:00+05:30,3631.45,3636.1,3628,3633.8,1034,
2024-02-26 09:18:00+05:30,3633.8,3642.05,3633.8,3639.85,440,
2024-02-26 09:19:00+05:30,3640.25,3646.4,3637.8,3641.4,2327,
2024-02-26 09:20:00+05:30,3641.4,3642.35,3632.15,3636.65,3712,
2024-02-26 09:21:00+05:30,3636.65,3636.8,3634,3634.85,138,
2024-02-26 09:22:00+05:30,3634.85,3638.95,3634.85,3636.85,387,
2024-02-26 09:23:00+05:30,3636.85,3639,3634.3,3638.85,563,
2024-02-26 09:24:00+05:30,3638.85,3639.2,3634.95,3636.15,276,
2024-02-26 09:25:00+05:30,3636.15,3640.8,3635.4,3640.7,161,
2024-02-26 09:26:00+05:30,3640.7,3640.7,3635.5,3637.8,182,
2024-02-26 09:27:00+05:30,3637.8,3638.95,3634,3634.25,1344,
2024-02-26 09:28:00+05:30,3634.25,3636,3632,3632.95,262,
2024-02-26 09:29:00+05:30,3632.95,3635.1,3632,3632.2,270,
2024-02-26 09:30:00+05:30,3632.2,3638.45,3632.2,3636.3,813,
2024-02-26 09:31:00+05:30,3638.55,3640,3635.8,3638.95,213,
2024-02-26 09:32:00+05:30,3638.95,3642.35,3637.7,3641,361,
2024-02-26 09:33:00+05:30,3641,3642.2,3639.2,3639.2,234,
2024-02-26 09:34:00+05:30,3639.2,3640.6,3639.05,3639.05,41,
2024-02-26 09:35:00+05:30,3639.05,3640.6,3636.9,3637.6,236,
2024-02-26 09:36:00+05:30,3639.55,3639.9,3637.3,3637.5,81,
2024-02-26 09:37:00+05:30,3637.5,3639.4,3637.5,3637.55,27,
2024-02-26 09:38:00+05:30,3637.55,3638.7,3635.7,3636.2,430,
2024-02-26 09:39:00+05:30,3636.2,3638.7,3636.2,3638.15,29,
2024-02-26 09:40:00+05:30,3638.15,3638.15,3636,3637.8,155,
2024-02-26 09:41:00+05:30,3637.8,3640,3637.4,3640,118,
2024-02-26 09:42:00+05:30,3640,3640,3636,3637.95,98,
2024-02-26 09:43:00+05:30,3637.95,3638.3,3636,3636.05,254,
2024-02-26 09:44:00+05:30,3637.45,3640.6,3636,3638,477,
2024-02-26 09:45:00+05:30,3638.1,3638.95,3636.25,3636.55,141,
2024-02-26 09:46:00+05:30,3636.55,3638.85,3636.55,3638,86,
2024-02-26 09:47:00+05:30,3638,3639.95,3638,3639.25,267,
2024-02-26 09:48:00+05:30,3639.25,3639.8,3637.45,3637.45,115,
2024-02-26 09:49:00+05:30,3637.45,3640.55,3637,3638,363,
2024-02-26 09:50:00+05:30,3638,3639.5,3637.3,3637.3,102,
2024-02-26 09:51:00+05:30,3637.45,3639.95,3636.15,3638,531,
2024-02-26 09:52:00+05:30,3638,3638,3627.3,3628.7,1488,
2024-02-26 09:53:00+05:30,3628.7,3629.7,3626,3627.65,397,
2024-02-26 09:54:00+05:30,3627.65,3628.55,3625.8,3627.8,679,
2024-02-26 09:55:00+05:30,3627.8,3628.25,3625.2,3626.5,277,
2024-02-26 09:56:00+05:30,3626.5,3627.35,3625.1,3626,124,
2024-02-26 09:57:00+05:30,3625.1,3626.1,3624,3625.4,560,
2024-02-26 09:58:00+05:30,3625.4,3625.6,3620.15,3621.05,444,
2024-02-26 09:59:00+05:30,3621.05,3621.9,3618,3619.1,955,
2024-02-26 10:00:00+05:30,3619.1,3622.5,3617.05,3621.5,1001,
2024-02-26 10:01:00+05:30,3621.5,3621.5,3616,3616.05,158,
2024-02-26 10:02:00+05:30,3616.05,3621.5,3616,3618.05,278,
2024-02-26 10:03:00+05:30,3618.05,3619.45,3617,3617.15,83,
2024-02-26 10:04:00+05:30,3617.15,3619,3617,3618.8,221,
2024-02-26 10:05:00+05:30,3618.8,3621.6,3617,3619.7,226,
2024-02-26 10:06:00+05:30,3619.7,3622.95,3618.75,3622.95,434,
2024-02-26 10:07:00+05:30,3622.95,3625.55,3621.75,3623,267,
2024-02-26 10:08:00+05:30,3623,3623.7,3620,3620.2,242,
2024-02-26 10:09:00+05:30,3620.2,3622.7,3620,3622.7,462,
2024-02-26 10:10:00+05:30,3622.7,3625,3620.2,3620.95,775,
2024-02-26 10:11:00+05:30,3620.95,3621.35,3617.65,3617.65,511,
2024-02-26 10:12:00+05:30,3617.65,3618.9,3617,3617.5,70,
2024-02-26 10:13:00+05:30,3619,3619.2,3615,3615.85,958,
2024-02-26 10:14:00+05:30,3615.85,3615.85,3613.1,3613.55,247,
2024-02-26 10:15:00+05:30,3615.7,3615.7,3613.5,3613.5,240,
2024-02-26 10:16:00+05:30,3613.5,3617,3613.5,3614,378,
2024-02-26 10:17:00+05:30,3614,3617.4,3614,3615.85,702,
2024-02-26 10:18:00+05:30,3615.85,3616,3614,3614.1,205,
2024-02-26 10:19:00+05:30,3614.1,3615.4,3611.1,3612.9,12508,
2024-02-26 10:20:00+05:30,3612.9,3612.9,3602.6,3604.95,3192,
2024-02-26 10:21:00+05:30,3605,3611.9,3603.65,3611.9,748,
2024-02-26 10:22:00+05:30,3611.9,3617.95,3611.9,3617.95,932,
2024-02-26 10:23:00+05:30,3617.95,3618.95,3616,3618.95,403,
2024-02-26 10:24:00+05:30,3618.95,3618.95,3616.05,3617.95,114,
2024-02-26 10:25:00+05:30,3617.95,3619.2,3614.85,3615.65,491,
2024-02-26 10:26:00+05:30,3615.65,3622.15,3615,3620.2,934,
2024-02-26 10:27:00+05:30,3620.25,3627.95,3619.8,3623,536,
2024-02-26 10:28:00+05:30,3623,3624.95,3623,3624,63,
2024-02-26 10:29:00+05:30,3624,3625.8,3620.2,3620.35,201,
2024-02-26 10:30:00+05:30,3620.35,3623.55,3620.35,3623.55,149,
2024-02-26 10:31:00+05:30,3623.55,3628,3622.65,3625.65,336,
2024-02-26 10:32:00+05:30,3625.65,3625.65,3620.7,3623.45,136,
2024-02-26 10:33:00+05:30,3623.45,3625.25,3622.05,3623.25,307,
2024-02-26 10:34:00+05:30,3623.25,3625.35,3622.15,3624.15,129,
2024-02-26 10:35:00+05:30,3624.15,3625.45,3620,3620,233,
2024-02-26 10:36:00+05:30,3620,3620,3618.65,3620,84,
2024-02-26 10:37:00+05:30,3620,3625,3620,3623.35,89035,
2024-02-26 10:38:00+05:30,3623.35,3623.35,3618.1,3618.75,335,
2024-02-26 10:39:00+05:30,3618.75,3618.75,3615,3617.45,351,
2024-02-26 10:40:00+05:30,3617.45,3617.45,3616,3616.65,53,
2024-02-26 10:41:00+05:30,3616.65,3617.3,3615,3615.3,409,
2024-02-26 10:42:00+05:30,3615.2,3615.2,3609,3609.2,417,
2024-02-26 10:43:00+05:30,3609.2,3610.1,3608.1,3609.95,137,
2024-02-26 10:44:00+05:30,3610.9,3611.95,3609.95,3611.95,29,
2024-02-26 10:45:00+05:30,3611.95,3614.75,3611.5,3612.6,217,
2024-02-26 10:46:00+05:30,3612.6,3615,3612,3614.5,748,
2024-02-26 10:47:00+05:30,3614.5,3616.5,3611.5,3616.5,1050,
2024-02-26 10:48:00+05:30,3616.5,3616.5,3611.05,3611.15,204,
2024-02-26 10:49:00+05:30,3611,3613.4,3611,3612.35,226,
2024-02-26 10:50:00+05:30,3612.35,3612.35,3608.25,3609.9,705,
2024-02-26 10:51:00+05:30,3609.9,3610,3605,3605,493,
2024-02-26 10:52:00+05:30,3605,3606.65,3605,3605.6,1161,
2024-02-26 10:53:00+05:30,3605.6,3607.5,3604.95,3607.05,352,
2024-02-26 10:54:00+05:30,3607.05,3607.05,3604.1,3604.1,1141,
2024-02-26 10:55:00+05:30,3604.1,3604.95,3601,3601,1070,
2024-02-26 10:56:00+05:30,3601,3602.55,3600.5,3600.7,375,
2024-02-26 10:57:00+05:30,3600.7,3602.55,3596,3596.1,1795,
2024-02-26 10:58:00+05:30,3597,3599.9,3596,3599,256,
2024-02-26 10:59:00+05:30,3599,3599.3,3597,3597.25,342,
2024-02-26 11:00:00+05:30,3597.95,3600,3597,3600,369,
2024-02-26 11:01:00+05:30,3599.55,3599.55,3587.65,3589.45,5112,
2024-02-26 11:02:00+05:30,3587.65,3590.6,3585,3585.4,1579,
2024-02-26 11:03:00+05:30,3586.1,3587.45,3584,3585,1098,
2024-02-26 11:04:00+05:30,3585,3589.9,3584,3589.9,894,
2024-02-26 11:05:00+05:30,3589.9,3592.4,3589.3,3590.6,487,
2024-02-26 11:06:00+05:30,3590.75,3592.85,3590.5,3591.8,235,
2024-02-26 11:07:00+05:30,3591.8,3592.85,3591,3591,160,
2024-02-26 11:08:00+05:30,3591,3593.5,3587.4,3587.55,879,
2024-02-26 11:09:00+05:30,3587.55,3587.6,3576,3577.75,5051,
2024-02-26 11:10:00+05:30,3578.55,3585,3578,3584.75,959,
2024-02-26 11:11:00+05:30,3584.75,3584.9,3583.05,3584.65,225,
2024-02-26 11:12:00+05:30,3584.65,3584.65,3583.2,3583.3,206,
2024-02-26 11:13:00+05:30,3583.3,3585,3583.2,3583.85,259,
2024-02-26 11:14:00+05:30,3583.8,3584.9,3583.6,3584.65,164,
2024-02-26 11:15:00+05:30,3584.65,3587.5,3583.05,3584.8,1020,
2024-02-26 11:16:00+05:30,3583.85,3585.5,3583.15,3585.05,164,
2024-02-26 11:17:00+05:30,3583.2,3585.05,3582.3,3583.6,185,
2024-02-26 11:18:00+05:30,3583.6,3589.1,3583.6,3589.1,302,
2024-02-26 11:19:00+05:30,3589.1,3589.95,3586.3,3588.4,1168,
2024-02-26 11:20:00+05:30,3588.4,3592.95,3587.8,3589.05,856,
2024-02-26 11:21:00+05:30,3589.05,3590,3585.75,3589.45,1283,
2024-02-26 11:22:00+05:30,3589.45,3592,3589.45,3589.55,248,
2024-02-26 11:23:00+05:30,3590,3590.9,3589.05,3589.1,172,
2024-02-26 11:24:00+05:30,3589.1,3592,3589.1,3590.75,129,
2024-02-26 11:25:00+05:30,3590.15,3592.25,3590,3591.9,401,
2024-02-26 11:26:00+05:30,3592.95,3592.95,3588.5,3588.65,634,
2024-02-26 11:27:00+05:30,3589.65,3589.65,3586,3587.7,209,
2024-02-26 11:28:00+05:30,3588,3589,3586.35,3587.85,134,
2024-02-26 11:29:00+05:30,3587.85,3590.15,3587,3588.65,122,
2024-02-26 11:30:00+05:30,3588.75,3590.8,3588.5,3589.2,81,
2024-02-26 11:31:00+05:30,3589,3592,3589,3590.9,89,
2024-02-26 11:32:00+05:30,3591.15,3591.9,3590,3590.35,3167,
2024-02-26 11:33:00+05:30,3590.35,3592.15,3590.1,3591.9,215,
2024-02-26 11:34:00+05:30,3591.9,3597,3591.9,3594.45,833,
2024-02-26 11:35:00+05:30,3594.45,3596.55,3594,3594.95,113,
2024-02-26 11:36:00+05:30,3594.95,3596.15,3593.65,3594,344,
2024-02-26 11:37:00+05:30,3594,3597,3594,3595.1,379,
2024-02-26 11:38:00+05:30,3595.1,3596.4,3594,3594.05,164,
2024-02-26 11:39:00+05:30,3594.05,3596,3593.05,3593.1,294,
2024-02-26 11:40:00+05:30,3593.1,3595.35,3591.85,3592.25,265,
2024-02-26 11:41:00+05:30,3592.35,3593.8,3591.2,3591.65,159,
2024-02-26 11:42:00+05:30,3591.65,3593,3590.5,3590.55,649,
2024-02-26 11:43:00+05:30,3590.5,3592.9,3590.5,3592.8,63,
2024-02-26 11:44:00+05:30,3593,3595.95,3592.05,3594.05,470,
2024-02-26 11:45:00+05:30,3594.45,3598.95,3592.85,3598,506,
2024-02-26 11:46:00+05:30,3598,3598.8,3594.25,3595.15,382,
2024-02-26 11:47:00+05:30,3596.3,3596.95,3594.25,3594.25,140,
2024-02-26 11:48:00+05:30,3594.2,3595,3592.25,3593.05,234,
2024-02-26 11:49:00+05:30,3594.9,3595.65,3593.3,3595,174,
2024-02-26 11:50:00+05:30,3595.2,3597.6,3590.7,3591,8429,
2024-02-26 11:51:00+05:30,3591,3595,3591,3592.15,285,
2024-02-26 11:52:00+05:30,3591.25,3592.8,3590.6,3592.8,136,
2024-02-26 11:53:00+05:30,3592.65,3593.35,3590.6,3590.6,294,
2024-02-26 11:54:00+05:30,3590.6,3592.75,3587,3587,622,
2024-02-26 11:55:00+05:30,3586.1,3586.5,3584.2,3585.9,1701,
2024-02-26 11:56:00+05:30,3584.05,3587.4,3584,3585.4,236,
2024-02-26 11:57:00+05:30,3586.05,3586.75,3583.55,3584.85,728,
2024-02-26 11:58:00+05:30,3586.55,3586.7,3583.5,3586.7,459,
2024-02-26 11:59:00+05:30,3586.7,3588.75,3584.25,3587.7,69,
2024-02-26 12:00:00+05:30,3588.15,3590.6,3587.7,3588.15,152,
2024-02-26 12:01:00+05:30,3588.15,3591.05,3587,3589.85,81,
2024-02-26 12:02:00+05:30,3589.95,3594.25,3588.65,3592.05,283,
2024-02-26 12:03:00+05:30,3591.9,3594.25,3590.8,3593.7,128,
2024-02-26 12:04:00+05:30,3593.7,3596.6,3592.1,3593.25,537,
2024-02-26 12:05:00+05:30,3593.25,3594.3,3592,3592.3,446,
2024-02-26 12:06:00+05:30,3592,3600,3592,3594.25,2244,
2024-02-26 12:07:00+05:30,3594.25,3595.2,3590.95,3593.4,258,
2024-02-26 12:08:00+05:30,3595.2,3597.95,3595,3597.95,2238,
2024-02-26 12:09:00+05:30,3595.05,3597.05,3587.5,3587.55,4056,
2024-02-26 12:10:00+05:30,3587.5,3587.7,3585.65,3587.65,341,
2024-02-26 12:11:00+05:30,3587.65,3589.3,3585,3589.3,309,
2024-02-26 12:12:00+05:30,3589.3,3589.3,3586.05,3586.45,103,
2024-02-26 12:13:00+05:30,3586.05,3588.7,3586.05,3586.05,84,
2024-02-26 12:14:00+05:30,3586.05,3588.3,3586,3588,149,
2024-02-26 12:15:00+05:30,3586,3587.25,3585,3585.6,465,
2024-02-26 12:16:00+05:30,3585.6,3587.95,3582.55,3582.75,2602,
2024-02-26 12:17:00+05:30,3583.25,3583.35,3581.05,3581.4,528,
2024-02-26 12:18:00+05:30,3581.4,3583.8,3581.1,3582.8,1086,
2024-02-26 12:19:00+05:30,3582.8,3582.8,3580.1,3580.15,398,
2024-02-26 12:20:00+05:30,3580.15,3582.7,3580.05,3580.7,277,
2024-02-26 12:21:00+05:30,3580.7,3584.1,3580.5,3584.1,131,
2024-02-26 12:22:00+05:30,3584.1,3584.1,3581.55,3584.05,193,
2024-02-26 12:23:00+05:30,3584.05,3584.9,3581.95,3584.2,75,
2024-02-26 12:24:00+05:30,3584.1,3585.9,3582,3583.4,124,
2024-02-26 12:25:00+05:30,3583.4,3583.7,3580.6,3583.65,557,
2024-02-26 12:26:00+05:30,3583.65,3585.7,3582.1,3582.65,118,
2024-02-26 12:27:00+05:30,3582.65,3585.75,3582.4,3585.75,88,
2024-02-26 12:28:00+05:30,3585.75,3585.9,3583.15,3584.25,454,
2024-02-26 12:29:00+05:30,3584.25,3586.9,3584.25,3584.5,125,
2024-02-26 12:30:00+05:30,3584.55,3587.65,3584,3586.7,354,
2024-02-26 12:31:00+05:30,3586.7,3587.4,3584,3584,161,
2024-02-26 12:32:00+05:30,3584,3587.45,3584,3587,176,
2024-02-26 12:33:00+05:30,3587,3587,3581,3581.05,880,
2024-02-26 12:34:00+05:30,3581.05,3581.05,3575.1,3575.7,3444,
2024-02-26 12:35:00+05:30,3575.7,3578.1,3575.1,3577.9,516,
2024-02-26 12:36:00+05:30,3577.9,3579,3575.5,3579,358,
2024-02-26 12:37:00+05:30,3579,3579,3576.6,3577,198,
2024-02-26 12:38:00+05:30,3577,3578.8,3577,3577.35,112,
2024-02-26 12:39:00+05:30,3577,3578,3575,3575,603,
2024-02-26 12:40:00+05:30,3575,3577.15,3575,3575.85,471,
2024-02-26 12:41:00+05:30,3576.25,3577.45,3575,3575.3,385,
2024-02-26 12:42:00+05:30,3576.85,3577.9,3575.3,3577.7,224,
2024-02-26 12:43:00+05:30,3577.25,3577.75,3575.05,3575.75,181,
2024-02-26 12:44:00+05:30,3575.75,3576,3570.2,3571.35,1938,
2024-02-26 12:45:00+05:30,3573.95,3574,3571.3,3572.75,238,
2024-02-26 12:46:00+05:30,3572.75,3577,3571.7,3576.35,945,
2024-02-26 12:47:00+05:30,3576.35,3577,3574.7,3575.05,114,
2024-02-26 12:48:00+05:30,3575.05,3576.65,3573.35,3575.4,91,
2024-02-26 12:49:00+05:30,3575.4,3577,3573.7,3575.75,99,
2024-02-26 12:50:00+05:30,3575.75,3577,3574,3574.35,354,
2024-02-26 12:51:00+05:30,3574.35,3577,3573.35,3574.05,493,
2024-02-26 12:52:00+05:30,3574.05,3577,3573.85,3576.9,118,
2024-02-26 12:53:00+05:30,3576.9,3576.9,3575.15,3576.9,128,
2024-02-26 12:54:00+05:30,3576.9,3581,3576.3,3576.85,1913,
2024-02-26 12:55:00+05:30,3576.85,3580.1,3576.4,3576.85,450,
2024-02-26 12:56:00+05:30,3576.85,3578,3576.3,3577,377,
2024-02-26 12:57:00+05:30,3577,3577.95,3576.3,3577.7,101,
2024-02-26 12:58:00+05:30,3577.7,3578.85,3577.05,3577.7,324,
2024-02-26 12:59:00+05:30,3577.75,3577.75,3573.4,3573.4,1050,
2024-02-26 13:00:00+05:30,3573.4,3574.7,3571.7,3572.05,232,
2024-02-26 13:01:00+05:30,3572.05,3575,3571.7,3574,83,
2024-02-26 13:02:00+05:30,3574,3575,3572,3572,144,
2024-02-26 13:03:00+05:30,3572,3574.05,3571.2,3572.65,348,
2024-02-26 13:04:00+05:30,3572.65,3574.85,3572.55,3573.5,153,
2024-02-26 13:05:00+05:30,3573.5,3576.55,3572.15,3572.15,693,
2024-02-26 13:06:00+05:30,3572.55,3572.55,3570,3570.3,907,
2024-02-26 13:07:00+05:30,3570.2,3571.5,3570,3571.4,275,
2024-02-26 13:08:00+05:30,3571.4,3575,3571.4,3574.9,323,
2024-02-26 13:09:00+05:30,3573.65,3575,3573.05,3574.9,310,
2024-02-26 13:10:00+05:30,3574,3577.15,3574,3577.15,372,
2024-02-26 13:11:00+05:30,3577,3577.15,3574,3574.5,770,
2024-02-26 13:12:00+05:30,3574.45,3575,3574.45,3575,513,
2024-02-26 13:13:00+05:30,3574.9,3575.75,3574,3574,285,
2024-02-26 13:14:00+05:30,3574.2,3575,3573.05,3573.05,309,
2024-02-26 13:15:00+05:30,3573,3575,3572.95,3574.6,164,
2024-02-26 13:16:00+05:30,3574.6,3575.9,3573.2,3574.3,329,
2024-02-26 13:17:00+05:30,3574.3,3577.05,3574.3,3575,447,
2024-02-26 13:18:00+05:30,3575,3575,3572.1,3572.95,1584,
2024-02-26 13:19:00+05:30,3572.95,3574.95,3572,3573.25,607,
2024-02-26 13:20:00+05:30,3573.5,3575,3573.3,3575,332,
2024-02-26 13:21:00+05:30,3575,3575,3573.15,3573.15,114,
2024-02-26 13:22:00+05:30,3573.15,3574.2,3572.05,3572.05,89,
2024-02-26 13:23:00+05:30,3572.05,3573.8,3571.1,3573.35,230,
2024-02-26 13:24:00+05:30,3571.75,3573.35,3571.5,3571.5,129,
2024-02-26 13:25:00+05:30,3571.5,3573,3571.5,3572.95,218,
2024-02-26 13:26:00+05:30,3572.2,3574.6,3572,3574.1,88,
2024-02-26 13:27:00+05:30,3574.1,3574.5,3572,3574.05,165,
2024-02-26 13:28:00+05:30,3574.05,3574.15,3570.6,3571.15,936,
2024-02-26 13:29:00+05:30,3570.6,3573.3,3570.1,3571.1,153,
2024-02-26 13:30:00+05:30,3571.1,3573.35,3571,3571.2,219,
2024-02-26 13:31:00+05:30,3571.2,3573.15,3570.4,3571.6,372,
2024-02-26 13:32:00+05:30,3571.6,3572.15,3570.4,3572.15,161,
2024-02-26 13:33:00+05:30,3572.15,3572.15,3570,3570.55,287,
2024-02-26 13:34:00+05:30,3570.55,3571.75,3570.2,3570.9,127,
2024-02-26 13:35:00+05:30,3570.9,3571.5,3570,3571.2,789,
2024-02-26 13:36:00+05:30,3570.05,3571.5,3570,3571,60,
2024-02-26 13:37:00+05:30,3571.2,3574.95,3570,3570.2,1646,
2024-02-26 13:38:00+05:30,3570.2,3572.25,3570,3571.3,266,
2024-02-26 13:39:00+05:30,3571.3,3573.15,3571,3571.5,402,
2024-02-26 13:40:00+05:30,3571.5,3574.5,3571.5,3574.05,85,
2024-02-26 13:41:00+05:30,3574.05,3575,3573.2,3574.9,203,
2024-02-26 13:42:00+05:30,3574.9,3575.1,3573.2,3573.7,294,
2024-02-26 13:43:00+05:30,3573.3,3574.65,3572.05,3572.05,582,
2024-02-26 13:44:00+05:30,3572.05,3574.45,3571.15,3574.15,734,
2024-02-26 13:45:00+05:30,3572.05,3572.85,3571.05,3571.25,546,
2024-02-26 13:46:00+05:30,3571.15,3573,3570.7,3570.75,616,
2024-02-26 13:47:00+05:30,3570.5,3572.3,3570,3570.9,613,
2024-02-26 13:48:00+05:30,3570.9,3572.25,3570,3570.15,783,
2024-02-26 13:49:00+05:30,3570.15,3575.05,3570.15,3571.55,799,
2024-02-26 13:50:00+05:30,3571.55,3573.45,3571.05,3571.8,737,
2024-02-26 13:51:00+05:30,3571.8,3573.15,3570.5,3570.55,492,
2024-02-26 13:52:00+05:30,3570.55,3572.1,3570,3570,816,
2024-02-26 13:53:00+05:30,3570,3572.15,3570,3570.1,555,
2024-02-26 13:54:00+05:30,3570.05,3571.85,3568.5,3568.75,1199,
2024-02-26 13:55:00+05:30,3568.7,3570,3565.25,3568.65,2092,
2024-02-26 13:56:00+05:30,3568.65,3569,3566.8,3567.8,235,
2024-02-26 13:57:00+05:30,3567.8,3569.25,3567.2,3568.65,145,
2024-02-26 13:58:00+05:30,3569,3571.9,3567.95,3568,2070,
2024-02-26 13:59:00+05:30,3567.85,3568.6,3564.5,3564.8,5726,
2024-02-26 14:00:00+05:30,3564.8,3566.5,3564,3564.35,923,
2024-02-26 14:01:00+05:30,3564.9,3568.25,3563.75,3565.2,1234,
2024-02-26 14:02:00+05:30,3565.2,3565.2,3564.45,3565.2,435,
2024-02-26 14:03:00+05:30,3565.4,3566.4,3564.95,3565,753,
2024-02-26 14:04:00+05:30,3565,3566,3564.75,3565.9,1022,
2024-02-26 14:05:00+05:30,3565.85,3566.3,3564.5,3564.5,183,
2024-02-26 14:06:00+05:30,3565.5,3565.5,3564.5,3564.95,711,
2024-02-26 14:07:00+05:30,3565,3567.4,3562.5,3562.5,2613,
2024-02-26 14:08:00+05:30,3563,3563.3,3561.1,3563,2680,
2024-02-26 14:09:00+05:30,3563,3566.7,3562.85,3564.65,580,
2024-02-26 14:10:00+05:30,3564.55,3565,3563.1,3565,427,
2024-02-26 14:11:00+05:30,3564.9,3565,3563,3563.45,730,
2024-02-26 14:12:00+05:30,3563.45,3565,3563,3565,152,
2024-02-26 14:13:00+05:30,3563,3564.85,3563,3564.35,720,
2024-02-26 14:14:00+05:30,3564.6,3565,3564.5,3565,167,
2024-02-26 14:15:00+05:30,3564.9,3566.45,3564.15,3565,822,
2024-02-26 14:16:00+05:30,3564.75,3565,3561.6,3563.75,1991,
2024-02-26 14:17:00+05:30,3562,3565,3562,3563.6,609,
2024-02-26 14:18:00+05:30,3565,3565,3559.9,3560.45,5164,
2024-02-26 14:19:00+05:30,3560.45,3561.3,3557,3558.7,2000,
2024-02-26 14:20:00+05:30,3558.4,3561.2,3558,3560,554,
2024-02-26 14:21:00+05:30,3560,3562.5,3559.6,3559.9,851,
2024-02-26 14:22:00+05:30,3559.9,3563.7,3559.45,3559.45,1280,
2024-02-26 14:23:00+05:30,3559.3,3560,3559,3559,431,
2024-02-26 14:24:00+05:30,3559,3560.85,3559,3559.9,693,
2024-02-26 14:25:00+05:30,3559.9,3561.45,3559.3,3559.3,549,
2024-02-26 14:26:00+05:30,3559.3,3561.5,3559.1,3560.05,1390,
2024-02-26 14:27:00+05:30,3560.6,3563.6,3560,3561,1308,
2024-02-26 14:28:00+05:30,3561.05,3565,3560.95,3563.45,3178,
2024-02-26 14:29:00+05:30,3563.35,3563.35,3561,3561,2882,
2024-02-26 14:30:00+05:30,3561,3563.95,3560,3561.8,1759,
2024-02-26 14:31:00+05:30,3561.8,3562.9,3561,3561.8,686,
2024-02-26 14:32:00+05:30,3562.9,3564,3559.9,3559.9,2533,
2024-02-26 14:33:00+05:30,3560.3,3562,3559.3,3559.65,353,
2024-02-26 14:34:00+05:30,3559.9,3561,3559,3559.35,1008,
2024-02-26 14:35:00+05:30,3559.1,3561,3559,3560.05,239,
2024-02-26 14:36:00+05:30,3560.05,3560.05,3559,3560,834,
2024-02-26 14:37:00+05:30,3559.95,3561,3559.7,3560,274,
2024-02-26 14:38:00+05:30,3561,3561.6,3559.5,3559.9,1430,
2024-02-26 14:39:00+05:30,3559.3,3560.5,3559,3559.25,684,
2024-02-26 14:40:00+05:30,3560.3,3560.5,3559,3559.6,1277,
2024-02-26 14:41:00+05:30,3559.6,3560,3558,3558.1,459,
2024-02-26 14:42:00+05:30,3558,3560,3558,3559.9,584,
2024-02-26 14:43:00+05:30,3559.9,3559.9,3558,3558.5,226,
2024-02-26 14:44:00+05:30,3558.5,3560,3558.5,3559.15,274,
2024-02-26 14:45:00+05:30,3559.15,3559.9,3556.6,3556.6,1250,
2024-02-26 14:46:00+05:30,3556.9,3558,3556.5,3556.5,667,
2024-02-26 14:47:00+05:30,3556.4,3561,3556.35,3561,3017,
2024-02-26 14:48:00+05:30,3561.2,3570,3561,3565.6,4076,
2024-02-26 14:49:00+05:30,3565.3,3567.55,3562,3562,626,
2024-02-26 14:50:00+05:30,3562,3566.8,3562,3564,295,
2024-02-26 14:51:00+05:30,3564,3567.95,3563.1,3566.1,479,
2024-02-26 14:52:00+05:30,3566.1,3568,3564,3564,1243,
2024-02-26 14:53:00+05:30,3564,3565.2,3563,3563.7,162,
2024-02-26 14:54:00+05:30,3563,3565.2,3561.75,3562.25,1715,
2024-02-26 14:55:00+05:30,3562.15,3564.85,3561.55,3563.05,346,
2024-02-26 14:56:00+05:30,3563.05,3564.95,3562.5,3563.6,169,
2024-02-26 14:57:00+05:30,3562.45,3564.95,3562.45,3563.5,243,
2024-02-26 14:58:00+05:30,3563.55,3566,3563.5,3564.4,853,
2024-02-26 14:59:00+05:30,3564.4,3567.1,3564.3,3566.35,510,
2024-02-26 15:00:00+05:30,3566.05,3571.1,3566.05,3569.9,3562,
2024-02-26 15:01:00+05:30,3569.95,3572,3569.45,3570.1,1722,
2024-02-26 15:02:00+05:30,3570.1,3577.1,3570,3574.85,2994,
2024-02-26 15:03:00+05:30,3574.85,3577.5,3574,3575.9,2512,
2024-02-26 15:04:00+05:30,3577.2,3580.25,3575.9,3578.3,3049,
2024-02-26 15:05:00+05:30,3579,3579.1,3574,3577.6,1597,
2024-02-26 15:06:00+05:30,3577.8,3579.8,3575.6,3579.35,1276,
2024-02-26 15:07:00+05:30,3580,3580.55,3578.95,3580.1,2388,
2024-02-26 15:08:00+05:30,3580.1,3580.15,3575.95,3579.6,1937,
2024-02-26 15:09:00+05:30,3579.75,3581.9,3576.45,3578.65,3534,
2024-02-26 15:10:00+05:30,3580.05,3581,3577.5,3580.05,1256,
2024-02-26 15:11:00+05:30,3580.05,3580.5,3577.5,3580.1,1629,
2024-02-26 15:12:00+05:30,3580,3580.55,3578.4,3580.25,1030,
2024-02-26 15:13:00+05:30,3580.2,3580.3,3579.3,3580.3,1342,
2024-02-26 15:14:00+05:30,3580.4,3581.9,3578.4,3581.1,2725,
2024-02-26 15:15:00+05:30,3581.1,3581.1,3580,3580.6,993,
2024-02-26 15:16:00+05:30,3580.7,3581,3578.9,3580.05,3142,
2024-02-26 15:17:00+05:30,3580.5,3580.95,3579.95,3580.05,3338,
2024-02-26 15:18:00+05:30,3580.1,3580.5,3578.5,3580,3246,
2024-02-26 15:19:00+05:30,3580,3581,3580,3580.85,1662,
2024-02-26 15:20:00+05:30,3580.8,3582,3579.3,3580.05,2482,
2024-02-26 15:21:00+05:30,3580,3581.9,3580,3580.85,824,
2024-02-26 15:22:00+05:30,3580.9,3582,3580.6,3581.3,1476,
2024-02-26 15:23:00+05:30,3581.3,3581.85,3579.5,3580.85,3374,
2024-02-26 15:24:00+05:30,3580.95,3580.95,3579.5,3580.05,3499,
2024-02-26 15:25:00+05:30,3580,3580.3,3578,3578.05,1592,
2024-02-26 15:26:00+05:30,3578.4,3580,3578,3580,2513,
2024-02-26 15:27:00+05:30,3580.2,3581,3578,3578,839,
2024-02-26 15:28:00+05:30,3578.1,3580.65,3572.2,3574.75,5265,
2024-02-26 15:29:00+05:30,3573.5,3576,3570.3,3573.25,1815,
2024-02-27 09:15:00+05:30,3580,3585,3571.8,3577.05,1991,
2024-02-27 09:16:00+05:30,3577.05,3581.35,3575.75,3579.4,2112,
2024-02-27 09:17:00+05:30,3579.55,3579.55,3573.4,3573.4,1272,
2024-02-27 09:18:00+05:30,3574.75,3575,3573,3575,807,
2024-02-27 09:19:00+05:30,3575.55,3581.7,3575,3580,1056,
2024-02-27 09:20:00+05:30,3580,3583.95,3580,3582.45,1613,
2024-02-27 09:21:00+05:30,3583.85,3584,3578,3578,1394,
2024-02-27 09:22:00+05:30,3578,3581.2,3573.25,3580.1,1710,
2024-02-27 09:23:00+05:30,3580.1,3584.2,3580.1,3583.9,619,
2024-02-27 09:24:00+05:30,3584.9,3587.5,3583.3,3585.7,1536,
2024-02-27 09:25:00+05:30,3585.7,3589.55,3585.2,3585.2,1706,
2024-02-27 09:26:00+05:30,3587.2,3588.4,3584.55,3588,1330,
2024-02-27 09:27:00+05:30,3588,3588,3582.9,3585,555,
2024-02-27 09:28:00+05:30,3585,3585.45,3582,3584.9,883,
2024-02-27 09:29:00+05:30,3584.9,3584.9,3582.7,3583.75,416,
2024-02-27 09:30:00+05:30,3583.75,3583.75,3580.05,3581.65,308,
2024-02-27 09:31:00+05:30,3581.65,3584.4,3580,3582.8,796,
2024-02-27 09:32:00+05:30,3582.8,3585,3582.8,3584,231,
2024-02-27 09:33:00+05:30,3584,3587,3582.2,3585.95,578,
2024-02-27 09:34:00+05:30,3585.95,3586,3578.05,3579.95,1673,
2024-02-27 09:35:00+05:30,3580.65,3586,3579.85,3586,802,
2024-02-27 09:36:00+05:30,3586,3586,3583.05,3583.05,301,
2024-02-27 09:37:00+05:30,3583.05,3585.25,3581.7,3585.25,308,
2024-02-27 09:38:00+05:30,3583,3584.4,3581.05,3583.6,340,
2024-02-27 09:39:00+05:30,3583.6,3583.6,3581.1,3582.75,170,
2024-02-27 09:40:00+05:30,3582.75,3582.75,3577.05,3579.65,768,
2024-02-27 09:41:00+05:30,3579.65,3580.35,3573.75,3574.1,800,
2024-02-27 09:42:00+05:30,3574.55,3576.2,3574,3574.1,457,
2024-02-27 09:43:00+05:30,3574.1,3577.15,3574.05,3575.5,417,
2024-02-27 09:44:00+05:30,3575.5,3576.65,3574.85,3575.5,193,
2024-02-27 09:45:00+05:30,3575.5,3583.5,3575.5,3580.9,587,
2024-02-27 09:46:00+05:30,3581.05,3581.05,3579.05,3579.95,249,
2024-02-27 09:47:00+05:30,3580,3580.75,3579.1,3580,308,
2024-02-27 09:48:00+05:30,3580.6,3580.6,3579.05,3580,402,
2024-02-27 09:49:00+05:30,3580,3580.7,3578.9,3580.2,494,
2024-02-27 09:50:00+05:30,3580.2,3582.9,3580.2,3582.5,230,
2024-02-27 09:51:00+05:30,3582.5,3582.5,3578.6,3580,529,
2024-02-27 09:52:00+05:30,3580,3582.65,3579.25,3581.3,425,
2024-02-27 09:53:00+05:30,3581.3,3582.25,3580.1,3582.25,150,
2024-02-27 09:54:00+05:30,3582.95,3582.95,3579.4,3580.7,554,
2024-02-27 09:55:00+05:30,3580.7,3580.95,3580,3580.7,182,
2024-02-27 09:56:00+05:30,3580.7,3583.45,3580.05,3582.6,601,
2024-02-27 09:57:00+05:30,3582.6,3583.9,3582,3583.7,229,
2024-02-27 09:58:00+05:30,3583.7,3583.7,3582.55,3583.4,163,
2024-02-27 09:59:00+05:30,3583.4,3585.75,3582.65,3583.45,528,
2024-02-27 10:00:00+05:30,3584.95,3585,3582.95,3582.95,462,
2024-02-27 10:01:00+05:30,3582.95,3582.95,3581.9,3581.9,159,
2024-02-27 10:02:00+05:30,3581.9,3581.9,3579,3580,464,
2024-02-27 10:03:00+05:30,3580,3580,3579,3579,130,
2024-02-27 10:04:00+05:30,3579,3579.65,3576.6,3578,467,
2024-02-27 10:05:00+05:30,3577.05,3579.25,3577.05,3578,183,
2024-02-27 10:06:00+05:30,3578,3579.05,3577.15,3577.15,251,
2024-02-27 10:07:00+05:30,3576.5,3576.75,3575.35,3575.35,153,
2024-02-27 10:08:00+05:30,3576.25,3576.4,3571.05,3571.05,1138,
2024-02-27 10:09:00+05:30,3571.05,3571.45,3566.3,3567.4,1540,
2024-02-27 10:10:00+05:30,3567.4,3572.25,3566,3570.9,1162,
2024-02-27 10:11:00+05:30,3572,3572,3570.9,3571.8,288,
2024-02-27 10:12:00+05:30,3571.75,3571.8,3571,3571,287,
2024-02-27 10:13:00+05:30,3571,3571.7,3569,3570,522,
2024-02-27 10:14:00+05:30,3570,3571.3,3568.55,3569,295,
2024-02-27 10:15:00+05:30,3569,3571.65,3568.05,3571.55,321,
2024-02-27 10:16:00+05:30,3571.55,3571.7,3571,3571.7,256,
2024-02-27 10:17:00+05:30,3571.7,3571.7,3567.05,3570.15,1160,
2024-02-27 10:18:00+05:30,3570.15,3574.75,3570.15,3574.1,569,
2024-02-27 10:19:00+05:30,3572.4,3577.8,3572,3575.85,751,
2024-02-27 10:20:00+05:30,3575.85,3578.9,3575.85,3578.85,456,
2024-02-27 10:21:00+05:30,3580,3582,3579.25,3582,947,
2024-02-27 10:22:00+05:30,3582.45,3584.3,3582,3582.15,612,
2024-02-27 10:23:00+05:30,3582.15,3582.4,3580.4,3582.4,221,
2024-02-27 10:24:00+05:30,3580.85,3582.2,3577.65,3582.2,127,
2024-02-27 10:25:00+05:30,3582.2,3582.2,3581.2,3581.25,116,
2024-02-27 10:26:00+05:30,3581.25,3581.8,3577.65,3578.25,372,
2024-02-27 10:27:00+05:30,3578.25,3581.05,3578.25,3580,174,
2024-02-27 10:28:00+05:30,3580,3580,3578.6,3579.5,258,
2024-02-27 10:29:00+05:30,3579.5,3580.2,3577.2,3579.15,466,
2024-02-27 10:30:00+05:30,3579.15,3583.95,3579,3582.75,1252,
2024-02-27 10:31:00+05:30,3582.75,3592.5,3582.75,3591.25,2669,
2024-02-27 10:32:00+05:30,3591.25,3592.6,3587.85,3588.15,1063,
2024-02-27 10:33:00+05:30,3588.15,3589.5,3586.1,3586.1,452,
2024-02-27 10:34:00+05:30,3588.1,3591.15,3586.65,3589.9,551,
2024-02-27 10:35:00+05:30,3589.15,3591,3589.15,3589.4,766,
2024-02-27 10:36:00+05:30,3590.25,3590.25,3587.1,3587.35,330,
2024-02-27 10:37:00+05:30,3587.35,3588.9,3587.05,3588.3,293,
2024-02-27 10:38:00+05:30,3588.3,3588.45,3585.3,3587.25,480,
2024-02-27 10:39:00+05:30,3587.25,3587.25,3585.55,3586.15,209,
2024-02-27 10:40:00+05:30,3586.15,3586.55,3582.75,3584.25,1263,
2024-02-27 10:41:00+05:30,3583.45,3585.5,3583.4,3585.3,644,
2024-02-27 10:42:00+05:30,3585.3,3586.95,3584.5,3586.45,650,
2024-02-27 10:43:00+05:30,3586.45,3589.75,3585.45,3589.75,1221,
2024-02-27 10:44:00+05:30,3589.75,3591.75,3589.4,3591.75,981,
2024-02-27 10:45:00+05:30,3591.75,3591.9,3589.15,3591.05,913,
2024-02-27 10:46:00+05:30,3591.05,3593.9,3591.05,3593.9,814,
2024-02-27 10:47:00+05:30,3593.6,3594.6,3592.5,3594.5,709,
2024-02-27 10:48:00+05:30,3594.5,3594.7,3592.05,3592.4,3212,
2024-02-27 10:49:00+05:30,3593.65,3593.65,3591.95,3591.95,254,
2024-02-27 10:50:00+05:30,3592,3594,3591.95,3592,569,
2024-02-27 10:51:00+05:30,3592.25,3595.95,3592,3595,719,
2024-02-27 10:52:00+05:30,3595,3596,3593.85,3595.85,739,
2024-02-27 10:53:00+05:30,3595.85,3596,3594.05,3594.95,319,
2024-02-27 10:54:00+05:30,3594.95,3596,3594.95,3595.15,427,
2024-02-27 10:55:00+05:30,3595.9,3597.15,3594.5,3594.55,1672,
2024-02-27 10:56:00+05:30,3596.5,3596.95,3594.2,3596,1012,
2024-02-27 10:57:00+05:30,3594.5,3596.25,3593.05,3596.25,3787,
2024-02-27 10:58:00+05:30,3594.3,3596.7,3594.3,3595.4,255,
2024-02-27 10:59:00+05:30,3595.4,3596.4,3594.2,3595,357,
2024-02-27 11:00:00+05:30,3594.45,3595,3594.2,3594.2,210,
2024-02-27 11:01:00+05:30,3594.2,3595,3594.15,3594.2,257,
2024-02-27 11:02:00+05:30,3594.2,3595.2,3594.2,3594.2,222,
2024-02-27 11:03:00+05:30,3594.2,3595.95,3592.8,3592.8,3471,
2024-02-27 11:04:00+05:30,3594.5,3596.05,3593.1,3593.85,767,
2024-02-27 11:05:00+05:30,3593.85,3595.95,3593.75,3593.9,385,
2024-02-27 11:06:00+05:30,3595.95,3596.45,3593.05,3593.05,748,
2024-02-27 11:07:00+05:30,3593.05,3595.15,3593,3594.85,355,
2024-02-27 11:08:00+05:30,3594.85,3598,3593,3593.6,1979,
2024-02-27 11:09:00+05:30,3593,3595.6,3590.35,3590.5,440,
2024-02-27 11:10:00+05:30,3590.5,3591.75,3590.2,3590.65,1159,
2024-02-27 11:11:00+05:30,3590.65,3591.7,3590.2,3590.2,919,
2024-02-27 11:12:00+05:30,3590.2,3591.55,3589.1,3590.5,983,
2024-02-27 11:13:00+05:30,3590.6,3591.65,3589.1,3589.1,510,
2024-02-27 11:14:00+05:30,3589.1,3589.45,3587.55,3587.55,497,
2024-02-27 11:15:00+05:30,3588.9,3588.9,3587.4,3588.55,280,
2024-02-27 11:16:00+05:30,3588.55,3588.55,3587.1,3588.5,212,
2024-02-27 11:17:00+05:30,3588.5,3589.6,3587.9,3588.9,230,
2024-02-27 11:18:00+05:30,3587.9,3588.85,3586.95,3588.5,627,
2024-02-27 11:19:00+05:30,3588.5,3588.55,3570.2,3574.05,10729,
2024-02-27 11:20:00+05:30,3574.05,3585.95,3572.35,3585.95,4997,
2024-02-27 11:21:00+05:30,3585.2,3585.75,3577.85,3579.55,1623,
2024-02-27 11:22:00+05:30,3579.5,3581.95,3579.2,3579.6,238,
2024-02-27 11:23:00+05:30,3580.85,3582,3577.45,3579.1,1124,
2024-02-27 11:24:00+05:30,3579.1,3581.85,3577.85,3581.3,1601,
2024-02-27 11:25:00+05:30,3581.3,3581.3,3578.5,3580,188,
2024-02-27 11:26:00+05:30,3580.9,3581.25,3578.5,3580.95,572,
2024-02-27 11:27:00+05:30,3580,3580.6,3579,3580.05,492,
2024-02-27 11:28:00+05:30,3580.6,3580.95,3580,3580.35,114,
2024-02-27 11:29:00+05:30,3580,3580.35,3580,3580.2,199,
2024-02-27 11:30:00+05:30,3580.35,3581.7,3580.2,3581.15,123,
2024-02-27 11:31:00+05:30,3581.15,3581.65,3580.2,3581.4,405,
2024-02-27 11:32:00+05:30,3581.4,3583.65,3580.85,3581.75,318,
2024-02-27 11:33:00+05:30,3583.7,3584.6,3581.75,3582.6,499,
2024-02-27 11:34:00+05:30,3582.6,3584.75,3582.55,3582.6,654,
2024-02-27 11:35:00+05:30,3582.6,3584.8,3581.35,3583.25,234,
2024-02-27 11:36:00+05:30,3583.25,3583.55,3581.95,3582,379,
2024-02-27 11:37:00+05:30,3583.1,3583.7,3581,3583.3,230,
2024-02-27 11:38:00+05:30,3583.3,3583.3,3580,3580,414,
2024-02-27 11:39:00+05:30,3580,3581.1,3578.5,3580,12606,
2024-02-27 11:40:00+05:30,3580,3581.8,3574.9,3575.35,963,
2024-02-27 11:41:00+05:30,3575.2,3578.1,3574.2,3575.85,202,
2024-02-27 11:42:00+05:30,3575.95,3578.1,3575.95,3578.1,511,
2024-02-27 11:43:00+05:30,3578.05,3578.1,3576,3576.35,615,
2024-02-27 11:44:00+05:30,3576.35,3577.35,3576,3577.05,347,
2024-02-27 11:45:00+05:30,3576,3577.05,3575.05,3575.2,237,
2024-02-27 11:46:00+05:30,3575.2,3576.95,3575,3575.35,205,
2024-02-27 11:47:00+05:30,3575.35,3576.9,3573.6,3573.65,1227,
2024-02-27 11:48:00+05:30,3573.65,3576.2,3573.65,3574.2,101,
2024-02-27 11:49:00+05:30,3574,3576.15,3573.2,3573.6,172,
2024-02-27 11:50:00+05:30,3573.6,3576.9,3571.7,3571.7,2373,
2024-02-27 11:51:00+05:30,3571.7,3572.85,3569,3570,1704,
2024-02-27 11:52:00+05:30,3570,3571.25,3568.8,3568.8,239,
2024-02-27 11:53:00+05:30,3568.8,3569.95,3568,3568,374,
2024-02-27 11:54:00+05:30,3568,3569.25,3566,3566.2,437,
2024-02-27 11:55:00+05:30,3567.35,3570,3567.35,3568.8,266,
2024-02-27 11:56:00+05:30,3568.8,3569.85,3568.7,3569,194,
2024-02-27 11:57:00+05:30,3569,3570,3566.6,3568,665,
2024-02-27 11:58:00+05:30,3568,3570,3565.05,3565.8,1477,
2024-02-27 11:59:00+05:30,3565.8,3569.7,3565.7,3566.75,203,
2024-02-27 12:00:00+05:30,3566.75,3570.65,3566.2,3569.4,1285,
2024-02-27 12:01:00+05:30,3569.4,3570.7,3568,3568,416,
2024-02-27 12:02:00+05:30,3568,3569.15,3567,3567.1,146,
2024-02-27 12:03:00+05:30,3567,3569.35,3567,3567.5,206,
2024-02-27 12:04:00+05:30,3569.05,3569.4,3562.9,3562.95,1787,
2024-02-27 12:05:00+05:30,3562.9,3564.85,3562.5,3564.45,293,
2024-02-27 12:06:00+05:30,3564.45,3564.45,3561.75,3563.8,362,
2024-02-27 12:07:00+05:30,3563.8,3564.4,3562.05,3564.1,713,
2024-02-27 12:08:00+05:30,3562.8,3564.05,3558.6,3560.25,1897,
2024-02-27 12:09:00+05:30,3559,3559.7,3556.05,3556.05,839,
2024-02-27 12:10:00+05:30,3556.05,3561.15,3555.95,3559.75,1250,
2024-02-27 12:11:00+05:30,3558.6,3561.75,3558.05,3559,601,
2024-02-27 12:12:00+05:30,3559,3561.25,3556.85,3557.65,1148,
2024-02-27 12:13:00+05:30,3558.95,3560,3557.75,3558.8,274,
2024-02-27 12:14:00+05:30,3558.8,3560.8,3558.5,3559.85,532,
2024-02-27 12:15:00+05:30,3559.85,3560.9,3559,3559.8,2605,
2024-02-27 12:16:00+05:30,3560,3560.55,3557.65,3558.35,662,
2024-02-27 12:17:00+05:30,3557.65,3558.8,3557,3558.75,156,
2024-02-27 12:18:00+05:30,3558.75,3558.75,3557.3,3558.65,57,
2024-02-27 12:19:00+05:30,3558.65,3559.8,3558.55,3558.65,186,
2024-02-27 12:20:00+05:30,3559.75,3560.3,3559,3559.7,420,
2024-02-27 12:21:00+05:30,3559.7,3560.3,3558,3558,213,
2024-02-27 12:22:00+05:30,3558,3559.55,3558,3558.05,254,
2024-02-27 12:23:00+05:30,3558.05,3560,3557.15,3559.2,687,
2024-02-27 12:24:00+05:30,3559.2,3559.95,3558.05,3559.95,167,
2024-02-27 12:25:00+05:30,3559.95,3560.9,3558.6,3559.2,637,
2024-02-27 12:26:00+05:30,3559.2,3560.25,3559,3559.5,553,
2024-02-27 12:27:00+05:30,3559.4,3561,3559.15,3560,596,
2024-02-27 12:28:00+05:30,3560,3562.15,3559.15,3559.2,1679,
2024-02-27 12:29:00+05:30,3559.2,3560,3556,3556.2,2310,
2024-02-27 12:30:00+05:30,3556.45,3560,3555.85,3557.95,1208,
2024-02-27 12:31:00+05:30,3557.95,3560,3557,3557.4,781,
2024-02-27 12:32:00+05:30,3557.4,3558.25,3549,3551.05,8639,
2024-02-27 12:33:00+05:30,3552.4,3552.4,3549.3,3550.9,1712,
2024-02-27 12:34:00+05:30,3551.05,3552.45,3550.05,3552.15,872,
2024-02-27 12:35:00+05:30,3551,3553.1,3551,3551.05,570,
2024-02-27 12:36:00+05:30,3552,3552.2,3551,3551.4,388,
2024-02-27 12:37:00+05:30,3551.4,3552.85,3551,3552.8,276,
2024-02-27 12:38:00+05:30,3552.8,3553.7,3552.4,3552.75,169,
2024-02-27 12:39:00+05:30,3552.75,3553.95,3551.25,3552.3,673,
2024-02-27 12:40:00+05:30,3552.3,3552.7,3551,3551.05,644,
2024-02-27 12:41:00+05:30,3551.05,3552,3551,3551.35,402,
2024-02-27 12:42:00+05:30,3551.5,3552.5,3549.95,3550.1,4103,
2024-02-27 12:43:00+05:30,3550.1,3551.95,3549,3549.95,1443,
2024-02-27 12:44:00+05:30,3549.45,3550,3549.45,3549.9,1273,
2024-02-27 12:45:00+05:30,3549.5,3550,3549.4,3549.4,824,
2024-02-27 12:46:00+05:30,3549.5,3549.9,3548.7,3548.75,1651,
2024-02-27 12:47:00+05:30,3548.75,3550,3548,3548.5,541,
2024-02-27 12:48:00+05:30,3548.5,3550,3548.25,3550,1872,
2024-02-27 12:49:00+05:30,3550,3550,3548.55,3550,419,
2024-02-27 12:50:00+05:30,3550,3550.35,3549.8,3549.9,6521,
2024-02-27 12:51:00+05:30,3549.95,3550.05,3549.9,3550,1936,
2024-02-27 12:52:00+05:30,3550,3551.65,3549.25,3549.65,3161,
2024-02-27 12:53:00+05:30,3549.65,3550,3549.25,3549.95,394,
2024-02-27 12:54:00+05:30,3549.95,3550,3549.7,3550,1281,
2024-02-27 12:55:00+05:30,3549.9,3550,3549.65,3549.65,1047,
2024-02-27 12:56:00+05:30,3549.8,3550,3548,3549.65,948,
2024-02-27 12:57:00+05:30,3549.65,3549.95,3549.05,3549.05,634,
2024-02-27 12:58:00+05:30,3549.9,3550,3549,3549.95,251,
2024-02-27 12:59:00+05:30,3549.95,3549.95,3549.5,3549.75,277,
2024-02-27 13:00:00+05:30,3549.75,3550,3548,3548.9,745,
2024-02-27 13:01:00+05:30,3550,3550,3549.1,3549.85,435,
2024-02-27 13:02:00+05:30,3549.85,3549.85,3548,3548,990,
2024-02-27 13:03:00+05:30,3549.25,3549.25,3548.7,3549.05,350,
2024-02-27 13:04:00+05:30,3549.05,3550,3548,3549.8,360,
2024-02-27 13:05:00+05:30,3549.95,3549.95,3546,3546,3996,
2024-02-27 13:06:00+05:30,3546.65,3548,3546,3547.65,1154,
2024-02-27 13:07:00+05:30,3547.65,3547.65,3541,3542.75,8623,
2024-02-27 13:08:00+05:30,3542,3542,3535,3536.6,6499,
2024-02-27 13:09:00+05:30,3538.3,3542.35,3537.35,3537.35,2337,
2024-02-27 13:10:00+05:30,3539.95,3539.95,3533.25,3536.2,4822,
2024-02-27 13:11:00+05:30,3536.2,3539.45,3532,3539.4,3908,
2024-02-27 13:12:00+05:30,3538.6,3539.45,3534.9,3537.85,608,
2024-02-27 13:13:00+05:30,3537.85,3539.7,3536.05,3538.45,1925,
2024-02-27 13:14:00+05:30,3538.45,3539.95,3537.6,3538.95,846,
2024-02-27 13:15:00+05:30,3538.95,3539.5,3532,3538.5,1619,
2024-02-27 13:16:00+05:30,3537.5,3539.5,3536.65,3537.8,546,
2024-02-27 13:17:00+05:30,3539.45,3540,3536.65,3539.6,644,
2024-02-27 13:18:00+05:30,3539.75,3540,3538.95,3540,3198,
2024-02-27 13:19:00+05:30,3540,3540,3539,3539.5,4696,
2024-02-27 13:20:00+05:30,3540,3540.8,3539.8,3540.65,1985,
2024-02-27 13:21:00+05:30,3540.3,3540.45,3538.2,3539,152,
2024-02-27 13:22:00+05:30,3539.5,3541.45,3538.25,3539.95,406,
2024-02-27 13:23:00+05:30,3540,3540.35,3538.15,3540.2,459,
2024-02-27 13:24:00+05:30,3540.2,3540.2,3536.95,3537.8,388,
2024-02-27 13:25:00+05:30,3538,3538,3533,3534,1851,
2024-02-27 13:26:00+05:30,3534,3534,3531,3531.25,2236,
2024-02-27 13:27:00+05:30,3531,3536.7,3530.6,3536.35,2604,
2024-02-27 13:28:00+05:30,3535.95,3536.55,3534,3536.4,298,
2024-02-27 13:29:00+05:30,3537.2,3537.65,3534.65,3536.9,601,
2024-02-27 13:30:00+05:30,3535.7,3537.5,3534.9,3536.7,668,
2024-02-27 13:31:00+05:30,3536.7,3537,3535,3535,249,
2024-02-27 13:32:00+05:30,3535.4,3536.4,3532.3,3535,2547,
2024-02-27 13:33:00+05:30,3534.95,3534.95,3532.35,3533,239,
2024-02-27 13:34:00+05:30,3533,3534,3533,3533,631,
2024-02-27 13:35:00+05:30,3532,3535.25,3532,3533.9,53647,
2024-02-27 13:36:00+05:30,3533.95,3534.5,3532.05,3534.35,1233,
2024-02-27 13:37:00+05:30,3534.35,3534.5,3533.85,3533.95,1712,
2024-02-27 13:38:00+05:30,3533.95,3534,3532.5,3533.85,417,
2024-02-27 13:39:00+05:30,3533.1,3533.95,3532.05,3533.95,596,
2024-02-27 13:40:00+05:30,3533.95,3533.95,3532.5,3533.85,271,
2024-02-27 13:41:00+05:30,3533.6,3533.85,3530.3,3530.3,914,
2024-02-27 13:42:00+05:30,3531.55,3532.8,3530,3531,592,
2024-02-27 13:43:00+05:30,3531,3533.85,3530,3531.6,585,
2024-02-27 13:44:00+05:30,3532.4,3533.1,3531,3531.65,466,
2024-02-27 13:45:00+05:30,3531.65,3532.65,3530.8,3532.2,200,
2024-02-27 13:46:00+05:30,3532.15,3532.45,3532,3532.45,166,
2024-02-27 13:47:00+05:30,3532.45,3533,3529.7,3529.7,2238,
2024-02-27 13:48:00+05:30,3531.2,3531.2,3528,3528.3,1521,
2024-02-27 13:49:00+05:30,3528.7,3530,3528,3529.45,1082,
2024-02-27 13:50:00+05:30,3528.75,3530,3526,3528.2,1863,
2024-02-27 13:51:00+05:30,3528,3529.6,3527.85,3529.6,585,
2024-02-27 13:52:00+05:30,3529.5,3530.5,3529.4,3530,1287,
2024-02-27 13:53:00+05:30,3530,3530.5,3529.85,3530.5,1119,
2024-02-27 13:54:00+05:30,3530.3,3530.5,3527.35,3529.6,483,
2024-02-27 13:55:00+05:30,3529.6,3530,3527.2,3527.3,320,
2024-02-27 13:56:00+05:30,3528.8,3529.85,3527.2,3528.8,291,
2024-02-27 13:57:00+05:30,3528.15,3528.15,3525.35,3525.35,610,
2024-02-27 13:58:00+05:30,3525.35,3528,3524.7,3525.5,3164,
2024-02-27 13:59:00+05:30,3524.2,3527.05,3523,3523,1900,
2024-02-27 14:00:00+05:30,3522.05,3524.5,3521.4,3522.4,1193,
2024-02-27 14:01:00+05:30,3522.4,3527,3522,3524.75,4220,
2024-02-27 14:02:00+05:30,3524.75,3524.75,3521.25,3523.25,1876,
2024-02-27 14:03:00+05:30,3523.25,3523.25,3522.1,3522.65,795,
2024-02-27 14:04:00+05:30,3522.6,3523.5,3522.6,3522.6,378,
2024-02-27 14:05:00+05:30,3522.75,3522.75,3521,3521.85,897,
2024-02-27 14:06:00+05:30,3521,3522,3519.65,3522,3772,
2024-02-27 14:07:00+05:30,3522,3522.3,3519.65,3519.9,2190,
2024-02-27 14:08:00+05:30,3519.9,3520,3517.95,3518.1,2870,
2024-02-27 14:09:00+05:30,3518.45,3518.9,3512.7,3513.95,3474,
2024-02-27 14:10:00+05:30,3513.95,3517.95,3509.9,3514.95,11327,
2024-02-27 14:11:00+05:30,3515.1,3516.3,3512.05,3512.9,4437,
2024-02-27 14:12:00+05:30,3512.5,3517,3512,3515.15,826,
2024-02-27 14:13:00+05:30,3515.15,3518,3515.15,3517.05,753,
2024-02-27 14:14:00+05:30,3517.75,3518.9,3516.05,3517,1206,
2024-02-27 14:15:00+05:30,3517,3520.55,3517,3520.55,850,
2024-02-27 14:16:00+05:30,3520,3523.95,3520,3522.45,1728,
2024-02-27 14:17:00+05:30,3522,3524.95,3522,3523,1146,
2024-02-27 14:18:00+05:30,3523,3523.6,3522.8,3523.35,587,
2024-02-27 14:19:00+05:30,3523.2,3523.7,3522.15,3522.9,652,
2024-02-27 14:20:00+05:30,3522.9,3523,3520,3521.4,1549,
2024-02-27 14:21:00+05:30,3521.4,3522.55,3520.9,3522.35,317,
2024-02-27 14:22:00+05:30,3522.35,3522.9,3521.2,3522.9,337,
2024-02-27 14:23:00+05:30,3522.4,3523,3520.85,3521.25,1075,
2024-02-27 14:24:00+05:30,3521.7,3523.9,3521.7,3523,616,
2024-02-27 14:25:00+05:30,3523.05,3523.7,3520.7,3522.45,876,
2024-02-27 14:26:00+05:30,3521.95,3523.7,3521.75,3523.55,478,
2024-02-27 14:27:00+05:30,3523.25,3523.6,3521,3521.7,487,
2024-02-27 14:28:00+05:30,3522.15,3523.5,3521.4,3522.75,443,
2024-02-27 14:29:00+05:30,3523.15,3523.55,3520.4,3521.65,333,
2024-02-27 14:30:00+05:30,3521.65,3522.35,3520.65,3521.95,323,
2024-02-27 14:31:00+05:30,3522.2,3523.55,3521.95,3522.5,541,
2024-02-27 14:32:00+05:30,3522.5,3523.3,3521.6,3522.5,458,
2024-02-27 14:33:00+05:30,3522.55,3523.3,3521.6,3523.25,368,
2024-02-27 14:34:00+05:30,3523.25,3525.6,3522.45,3524.85,885,
2024-02-27 14:35:00+05:30,3524.85,3529.4,3524.8,3527.35,1064,
2024-02-27 14:36:00+05:30,3528.7,3529.95,3527.15,3529.2,2282,
2024-02-27 14:37:00+05:30,3529.2,3530,3529,3529.65,542,
2024-02-27 14:38:00+05:30,3529.65,3531,3528.05,3529.65,933,
2024-02-27 14:39:00+05:30,3529.65,3530.65,3528.2,3529.7,356,
2024-02-27 14:40:00+05:30,3529.75,3530.7,3527.65,3530.35,424,
2024-02-27 14:41:00+05:30,3530.35,3532.15,3530.1,3531.4,648,
2024-02-27 14:42:00+05:30,3531.4,3532.8,3531.1,3531.7,452,
2024-02-27 14:43:00+05:30,3531.7,3532.95,3530.6,3531,449,
2024-02-27 14:44:00+05:30,3531,3533.1,3531,3532,395,
2024-02-27 14:45:00+05:30,3532.5,3532.95,3532,3532.45,275,
2024-02-27 14:46:00+05:30,3532.4,3533.9,3532,3533,1108,
2024-02-27 14:47:00+05:30,3532.85,3533.15,3531.3,3532.05,155,
2024-02-27 14:48:00+05:30,3532.1,3533.5,3531.2,3532.95,434,
2024-02-27 14:49:00+05:30,3532.95,3533.35,3532.1,3532.9,241,
2024-02-27 14:50:00+05:30,3532.9,3533.45,3527,3530.4,891,
2024-02-27 14:51:00+05:30,3531.45,3533.35,3530.15,3533.2,886,
2024-02-27 14:52:00+05:30,3533.2,3533.2,3530.55,3532,532,
2024-02-27 14:53:00+05:30,3532,3534.15,3532,3533,1334,
2024-02-27 14:54:00+05:30,3533,3535,3533,3534.9,1370,
2024-02-27 14:55:00+05:30,3534.55,3535.3,3533.05,3533.05,1535,
2024-02-27 14:56:00+05:30,3533.05,3537.7,3533.05,3536.8,1671,
2024-02-27 14:57:00+05:30,3537.35,3537.35,3535.9,3536.7,349,
2024-02-27 14:58:00+05:30,3537,3537.65,3536.7,3537.25,764,
2024-02-27 14:59:00+05:30,3537.25,3538.9,3535.85,3538.9,988,
2024-02-27 15:00:00+05:30,3538.25,3541.85,3537.75,3538.35,2443,
2024-02-27 15:01:00+05:30,3537.45,3541.5,3536.6,3537.75,2389,
2024-02-27 15:02:00+05:30,3537.75,3539.65,3536.8,3539.4,1428,
2024-02-27 15:03:00+05:30,3539.5,3539.55,3536.65,3538.15,2031,
2024-02-27 15:04:00+05:30,3538.15,3540.85,3538.15,3540,1797,
2024-02-27 15:05:00+05:30,3540.7,3544.25,3540,3544.15,1810,
2024-02-27 15:06:00+05:30,3543.05,3546.55,3543,3544.55,1236,
2024-02-27 15:07:00+05:30,3544.55,3545.5,3542,3543.3,1376,
2024-02-27 15:08:00+05:30,3543.3,3543.9,3539.35,3541.85,1234,
2024-02-27 15:09:00+05:30,3541.85,3544.05,3540,3542.05,1397,
2024-02-27 15:10:00+05:30,3542.95,3543.95,3542.95,3543.6,1894,
2024-02-27 15:11:00+05:30,3543.6,3544.45,3539.15,3542.7,35132,
2024-02-27 15:12:00+05:30,3542.7,3543.45,3540.9,3541.9,8484,
2024-02-27 15:13:00+05:30,3541.5,3541.5,3535.15,3537.8,1500,
2024-02-27 15:14:00+05:30,3537.8,3540,3536.9,3538.75,1663,
2024-02-27 15:15:00+05:30,3538.75,3539.4,3537.25,3538.8,1963,
2024-02-27 15:16:00+05:30,3538.8,3540,3534.45,3537.25,2641,
2024-02-27 15:17:00+05:30,3535.45,3538.8,3532.85,3538.35,3285,
2024-02-27 15:18:00+05:30,3538.4,3538.95,3534.85,3537.3,2546,
2024-02-27 15:19:00+05:30,3536.9,3537,3535.4,3536.25,1894,
2024-02-27 15:20:00+05:30,3536.25,3539.8,3534.25,3538.65,3464,
2024-02-27 15:21:00+05:30,3538.65,3540,3537.5,3539.85,2944,
2024-02-27 15:22:00+05:30,3539.85,3540.05,3539.65,3540,1606,
2024-02-27 15:23:00+05:30,3539.95,3540.1,3538.9,3539.25,2265,
2024-02-27 15:24:00+05:30,3539.25,3540.1,3539.25,3539.95,2337,
2024-02-27 15:25:00+05:30,3540,3540,3539.3,3540,2010,
2024-02-27 15:26:00+05:30,3539.95,3540,3537.1,3540,2782,
2024-02-27 15:27:00+05:30,3540,3540,3533.85,3536.35,2626,
2024-02-27 15:28:00+05:30,3536.35,3539.8,3535,3539.65,1179,
2024-02-27 15:29:00+05:30,3539.75,3540,3538.6,3540,1121,
2024-02-28 09:15:00+05:30,3540,3549,3530.35,3534.85,2926,
2024-02-28 09:16:00+05:30,3534.85,3535.05,3530,3533.2,1994,
2024-02-28 09:17:00+05:30,3530.05,3536.25,3530.05,3530.1,1547,
2024-02-28 09:18:00+05:30,3531.5,3534.45,3528.25,3530.8,2294,
2024-02-28 09:19:00+05:30,3530.8,3537.15,3530.8,3535.35,1651,
2024-02-28 09:20:00+05:30,3535.4,3542.35,3531.15,3540,4569,
2024-02-28 09:21:00+05:30,3538.25,3540.65,3536,3537.3,1672,
2024-02-28 09:22:00+05:30,3537.3,3537.3,3533.6,3536.75,921,
2024-02-28 09:23:00+05:30,3536.75,3540,3536.75,3540,525,
2024-02-28 09:24:00+05:30,3539.55,3540,3536.9,3538.7,362,
2024-02-28 09:25:00+05:30,3538.7,3541.7,3538.7,3540,477,
2024-02-28 09:26:00+05:30,3539.95,3541.9,3539.05,3540.05,448,
2024-02-28 09:27:00+05:30,3540.05,3541.15,3538.15,3539,959,
2024-02-28 09:28:00+05:30,3539.15,3540,3537.4,3538.15,433,
2024-02-28 09:29:00+05:30,3539.95,3539.95,3532.4,3534.45,2563,
2024-02-28 09:30:00+05:30,3534.45,3534.8,3531,3532.9,224,
2024-02-28 09:31:00+05:30,3532.9,3537.7,3531.35,3537.15,1243,
2024-02-28 09:32:00+05:30,3535.2,3540,3535.2,3537,617,
2024-02-28 09:33:00+05:30,3537,3540,3535.3,3540,238,
2024-02-28 09:34:00+05:30,3538.05,3540,3536.6,3537.3,372,
2024-02-28 09:35:00+05:30,3537.3,3539.55,3533.25,3535.3,494,
2024-02-28 09:36:00+05:30,3535.3,3535.4,3533,3533.9,324,
2024-02-28 09:37:00+05:30,3533.75,3538,3532.45,3536.15,282,
2024-02-28 09:38:00+05:30,3536.15,3540,3536.15,3540,688,
2024-02-28 09:39:00+05:30,3540,3543.35,3538.05,3543.35,1874,
2024-02-28 09:40:00+05:30,3543.45,3553.45,3543.3,3548,6592,
2024-02-28 09:41:00+05:30,3548,3549.9,3541,3545.65,1479,
2024-02-28 09:42:00+05:30,3545.65,3545.65,3543.7,3544.5,389,
2024-02-28 09:43:00+05:30,3544,3546.7,3543.05,3543.25,1319,
2024-02-28 09:44:00+05:30,3543.25,3545,3543.05,3543.4,648,
2024-02-28 09:45:00+05:30,3544,3545,3538.45,3538.45,768,
2024-02-28 09:46:00+05:30,3538.45,3539.45,3535.35,3537.8,1542,
2024-02-28 09:47:00+05:30,3537.8,3541,3537.25,3541,549,
2024-02-28 09:48:00+05:30,3541,3542,3540,3541.15,445,
2024-02-28 09:49:00+05:30,3541.15,3544.15,3540.7,3542.85,341,
2024-02-28 09:50:00+05:30,3542.85,3545,3542.2,3543.15,642,
2024-02-28 09:51:00+05:30,3543.15,3546.7,3540.9,3546.7,496,
2024-02-28 09:52:00+05:30,3546.7,3549.95,3546.45,3547.55,2268,
2024-02-28 09:53:00+05:30,3547.55,3548,3544.5,3544.6,342,
2024-02-28 09:54:00+05:30,3544.6,3544.8,3541,3543.2,473,
2024-02-28 09:55:00+05:30,3543.2,3543.2,3540.25,3542.55,631,
2024-02-28 09:56:00+05:30,3542.8,3544.35,3540,3541.4,371,
2024-02-28 09:57:00+05:30,3541.35,3541.35,3531.25,3531.5,2971,
2024-02-28 09:58:00+05:30,3531.35,3536.2,3530,3535.35,857,
2024-02-28 09:59:00+05:30,3532.95,3535.4,3532.2,3534.95,269,
2024-02-28 10:00:00+05:30,3534.95,3535,3533,3534,178,
2024-02-28 10:01:00+05:30,3534,3535,3531.05,3532.25,1201,
2024-02-28 10:02:00+05:30,3534,3535.25,3532.8,3535.25,155,
2024-02-28 10:03:00+05:30,3535.25,3536.5,3533.15,3535.8,612,
2024-02-28 10:04:00+05:30,3535.8,3538,3535.4,3537.1,218,
2024-02-28 10:05:00+05:30,3538,3539.9,3537.15,3538.6,1146,
2024-02-28 10:06:00+05:30,3538.6,3544.7,3538.6,3540.1,1481,
2024-02-28 10:07:00+05:30,3540.1,3541.75,3539.05,3540.15,731,
2024-02-28 10:08:00+05:30,3540.15,3540.7,3538,3539.05,1021,
2024-02-28 10:09:00+05:30,3538,3539,3535.2,3536.7,1997,
2024-02-28 10:10:00+05:30,3536.7,3538,3534.6,3537.7,824,
2024-02-28 10:11:00+05:30,3537.7,3538.4,3536.05,3536.05,772,
2024-02-28 10:12:00+05:30,3537.85,3538.1,3536.35,3538,853,
2024-02-28 10:13:00+05:30,3538,3538.5,3536.5,3538.5,1325,
2024-02-28 10:14:00+05:30,3536.65,3541.4,3535.65,3541.4,1471,
2024-02-28 10:15:00+05:30,3541.4,3541.5,3540.1,3541.05,259,
2024-02-28 10:16:00+05:30,3541.05,3541.5,3539.6,3540.45,518,
2024-02-28 10:17:00+05:30,3540.45,3540.6,3536.15,3538,887,
2024-02-28 10:18:00+05:30,3538,3539.65,3536.55,3538.7,497,
2024-02-28 10:19:00+05:30,3538,3540,3537,3538,404,
2024-02-28 10:20:00+05:30,3538,3539.3,3537.6,3538.3,472,
2024-02-28 10:21:00+05:30,3538.05,3544.65,3538.05,3544.45,528,
2024-02-28 10:22:00+05:30,3544.45,3544.45,3543.45,3543.5,191,
2024-02-28 10:23:00+05:30,3543.45,3543.45,3540,3541.1,434,
2024-02-28 10:24:00+05:30,3541,3541.1,3538.45,3539.3,351,
2024-02-28 10:25:00+05:30,3539.3,3540.75,3537.85,3539.15,667,
2024-02-28 10:26:00+05:30,3538,3541.3,3538,3540,740,
2024-02-28 10:27:00+05:30,3540,3540.2,3539.25,3540.2,159,
2024-02-28 10:28:00+05:30,3540.2,3540.2,3539.2,3539.25,308,
2024-02-28 10:29:00+05:30,3538.05,3540.65,3538.05,3539.5,279,
2024-02-28 10:30:00+05:30,3539.5,3540.3,3538.5,3539.7,385,
2024-02-28 10:31:00+05:30,3540.45,3540.95,3538,3538.05,528,
2024-02-28 10:32:00+05:30,3538.05,3539.85,3537.7,3539.8,239,
2024-02-28 10:33:00+05:30,3538.6,3540.4,3538.3,3538.55,210,
2024-02-28 10:34:00+05:30,3538.5,3539.05,3537.95,3538.2,226,
2024-02-28 10:35:00+05:30,3538.05,3540.2,3538,3539.3,584,
2024-02-28 10:36:00+05:30,3539.25,3540.7,3538.05,3538.05,349,
2024-02-28 10:37:00+05:30,3538.05,3539.95,3538.05,3539.85,208,
2024-02-28 10:38:00+05:30,3538.65,3542,3538.65,3539.85,776,
2024-02-28 10:39:00+05:30,3539.85,3540.5,3538.55,3540.5,1224,
2024-02-28 10:40:00+05:30,3540.5,3540.55,3538.9,3540.3,161,
2024-02-28 10:41:00+05:30,3540.3,3542.7,3539.65,3542.7,619,
2024-02-28 10:42:00+05:30,3542.7,3542.7,3538.55,3539.6,287,
2024-02-28 10:43:00+05:30,3539.6,3540.35,3539.05,3540.35,242,
2024-02-28 10:44:00+05:30,3540.35,3540.35,3539.15,3539.4,190,
2024-02-28 10:45:00+05:30,3539.45,3539.45,3538.05,3538.6,412,
2024-02-28 10:46:00+05:30,3537.95,3539.95,3537.8,3538.55,217,
2024-02-28 10:47:00+05:30,3538.4,3538.45,3536.3,3537.1,442,
2024-02-28 10:48:00+05:30,3537.1,3538.25,3537.1,3537.6,291,
2024-02-28 10:49:00+05:30,3537.6,3539,3537.6,3539,358,
2024-02-28 10:50:00+05:30,3538.65,3538.65,3536.3,3536.5,266,
2024-02-28 10:51:00+05:30,3536.35,3537.2,3532,3532,1189,
2024-02-28 10:52:00+05:30,3531,3532,3526,3531.9,1910,
2024-02-28 10:53:00+05:30,3530.7,3533.2,3527.6,3530.9,476,
2024-02-28 10:54:00+05:30,3530.9,3533.6,3529.3,3531.65,253,
2024-02-28 10:55:00+05:30,3531.65,3535,3529.05,3534.4,386,
2024-02-28 10:56:00+05:30,3534.4,3534.8,3531.9,3533.9,385,
2024-02-28 10:57:00+05:30,3533.9,3533.95,3530,3530,531,
2024-02-28 10:58:00+05:30,3530,3531.8,3527.4,3528.3,516,
2024-02-28 10:59:00+05:30,3528.3,3532.95,3528.3,3532,274,
2024-02-28 11:00:00+05:30,3532.9,3532.9,3530,3530.4,242,
2024-02-28 11:01:00+05:30,3530.4,3531.85,3527.15,3530.4,466,
2024-02-28 11:02:00+05:30,3530.4,3533.25,3530.4,3533,119,
2024-02-28 11:03:00+05:30,3533.2,3533.2,3530,3530.1,145,
2024-02-28 11:04:00+05:30,3530.1,3533,3529,3530.35,362,
2024-02-28 11:05:00+05:30,3530.8,3530.95,3522.1,3522.1,2303,
2024-02-28 11:06:00+05:30,3522.1,3528,3522.1,3527,1072,
2024-02-28 11:07:00+05:30,3526.15,3527,3526.15,3527,96,
2024-02-28 11:08:00+05:30,3527,3527.55,3525.2,3525.9,364,
2024-02-28 11:09:00+05:30,3525.9,3528.15,3525.2,3526,124,
2024-02-28 11:10:00+05:30,3526,3529.85,3525.7,3529,707,
2024-02-28 11:11:00+05:30,3529,3533.3,3527.2,3533,185,
2024-02-28 11:12:00+05:30,3533,3534.3,3531,3531.5,673,
2024-02-28 11:13:00+05:30,3531.5,3535,3531.5,3534.9,255,
2024-02-28 11:14:00+05:30,3534.9,3536.6,3530.6,3534.65,518,
2024-02-28 11:15:00+05:30,3534.65,3536,3533.7,3534,209,
2024-02-28 11:16:00+05:30,3533,3536.95,3533,3536.95,124,
2024-02-28 11:17:00+05:30,3536.95,3538,3535.65,3537.6,243,
2024-02-28 11:18:00+05:30,3537.6,3538,3535.55,3535.85,1149,
2024-02-28 11:19:00+05:30,3535.85,3538,3535.85,3538,118,
2024-02-28 11:20:00+05:30,3538,3538,3537.1,3538,102,
2024-02-28 11:21:00+05:30,3538,3538,3537.1,3537.1,123,
2024-02-28 11:22:00+05:30,3537.1,3538,3537,3537.15,457,
2024-02-28 11:23:00+05:30,3537.15,3538,3535.05,3537.15,1080,
2024-02-28 11:24:00+05:30,3537.15,3537.65,3532.2,3534.75,138,
2024-02-28 11:25:00+05:30,3534.75,3534.75,3532.45,3532.45,109,
2024-02-28 11:26:00+05:30,3532.45,3532.45,3530.2,3532.2,294,
2024-02-28 11:27:00+05:30,3532.2,3532.45,3529.25,3530.2,162,
2024-02-28 11:28:00+05:30,3530.2,3530.5,3528.2,3528.3,149,
2024-02-28 11:29:00+05:30,3528.3,3530,3528.25,3528.5,72,
2024-02-28 11:30:00+05:30,3528.5,3530,3527.2,3528.95,275,
2024-02-28 11:31:00+05:30,3528.95,3529.5,3526.2,3528.25,245,
2024-02-28 11:32:00+05:30,3528.25,3529.75,3528.25,3528.25,108,
2024-02-28 11:33:00+05:30,3528.25,3529.4,3525,3525,613,
2024-02-28 11:34:00+05:30,3525,3527.95,3524.2,3527.95,163,
2024-02-28 11:35:00+05:30,3527.95,3529.35,3527,3527,105,
2024-02-28 11:36:00+05:30,3527,3529.5,3526,3528,129,
2024-02-28 11:37:00+05:30,3528,3529.4,3526.8,3529.35,128,
2024-02-28 11:38:00+05:30,3529.35,3529.35,3528.05,3528.5,66,
2024-02-28 11:39:00+05:30,3528.5,3528.95,3527.3,3528.95,104,
2024-02-28 11:40:00+05:30,3528.95,3529,3528,3528.2,84,
2024-02-28 11:41:00+05:30,3528.2,3529,3527,3528.5,288,
2024-02-28 11:42:00+05:30,3527,3528.5,3525.1,3525.1,465,
2024-02-28 11:43:00+05:30,3525.1,3526.95,3524,3524,191,
2024-02-28 11:44:00+05:30,3524,3525,3520,3520,566,
2024-02-28 11:45:00+05:30,3520.05,3520.05,3515,3515.35,1144,
2024-02-28 11:46:00+05:30,3515.35,3521.65,3515,3521.65,372,
2024-02-28 11:47:00+05:30,3521.65,3524,3521.45,3522.85,110,
2024-02-28 11:48:00+05:30,3522.85,3524.8,3522.5,3524.1,170,
2024-02-28 11:49:00+05:30,3524.1,3525,3522.75,3525,103,
2024-02-28 11:50:00+05:30,3525,3525,3522,3522.45,153,
2024-02-28 11:51:00+05:30,3521.3,3523,3519.5,3522.55,216,
2024-02-28 11:52:00+05:30,3522.55,3523,3520.6,3521.7,195,
2024-02-28 11:53:00+05:30,3521.7,3522,3520.1,3520.3,100,
2024-02-28 11:54:00+05:30,3520.3,3523,3520.3,3522,102,
2024-02-28 11:55:00+05:30,3522,3524,3520.9,3523.05,164,
2024-02-28 11:56:00+05:30,3523.05,3523.95,3521.85,3522.7,54,
2024-02-28 11:57:00+05:30,3523,3523.2,3521.4,3521.4,150,
2024-02-28 11:58:00+05:30,3521.4,3523,3520.85,3522.5,269,
2024-02-28 11:59:00+05:30,3522.5,3523.2,3521.25,3523,76,
2024-02-28 12:00:00+05:30,3523,3525.5,3522.05,3525.5,360,
2024-02-28 12:01:00+05:30,3525.5,3525.7,3523,3524.95,140,
2024-02-28 12:02:00+05:30,3524.95,3525,3518.6,3520.45,741,
2024-02-28 12:03:00+05:30,3520.45,3521.4,3518.9,3521.4,164,
2024-02-28 12:04:00+05:30,3521.4,3523,3520.4,3522,152263,
2024-02-28 12:05:00+05:30,3522,3523.45,3522,3523.45,95,
2024-02-28 12:06:00+05:30,3523.45,3524,3521.4,3523.75,234,
2024-02-28 12:07:00+05:30,3523.75,3523.75,3521.65,3523,103,
2024-02-28 12:08:00+05:30,3523,3524.95,3522.9,3523.85,371,
2024-02-28 12:09:00+05:30,3523.85,3523.85,3520,3520.45,704,
2024-02-28 12:10:00+05:30,3521.05,3523.2,3520.65,3522.25,121,
2024-02-28 12:11:00+05:30,3522.25,3524.15,3521.9,3523.45,319,
2024-02-28 12:12:00+05:30,3523.45,3525,3522.55,3524.6,64,
2024-02-28 12:13:00+05:30,3524.6,3525,3521.75,3523.4,144,
2024-02-28 12:14:00+05:30,3523.4,3524.9,3523.4,3524.9,79,
2024-02-28 12:15:00+05:30,3524.9,3525,3524.15,3525,82,
2024-02-28 12:16:00+05:30,3525,3525,3522.45,3524.8,128,
2024-02-28 12:17:00+05:30,3524.8,3524.8,3523.9,3524.8,94,
2024-02-28 12:18:00+05:30,3524.8,3524.8,3522.55,3524.1,281,
2024-02-28 12:19:00+05:30,3524.8,3525.7,3523.4,3525.7,1106,
2024-02-28 12:20:00+05:30,3524.65,3525.7,3523.1,3525,47,
2024-02-28 12:21:00+05:30,3525,3525,3522,3522,328,
2024-02-28 12:22:00+05:30,3522,3524.05,3521.25,3523.9,152,
2024-02-28 12:23:00+05:30,3523.9,3524.45,3521.05,3524.45,125,
2024-02-28 12:24:00+05:30,3524.45,3525.7,3522.15,3523.65,479,
2024-02-28 12:25:00+05:30,3523.4,3524.15,3521.95,3521.95,119,
2024-02-28 12:26:00+05:30,3521.95,3523.7,3521,3521.95,55,
2024-02-28 12:27:00+05:30,3521.95,3522,3520.05,3520.4,237,
2024-02-28 12:28:00+05:30,3520.4,3521.95,3520,3521.65,149,
2024-02-28 12:29:00+05:30,3521.65,3521.8,3520.05,3520.15,156,
2024-02-28 12:30:00+05:30,3520.15,3521.8,3520,3520.2,111,
2024-02-28 12:31:00+05:30,3520.2,3521.8,3520.2,3520.9,152,
2024-02-28 12:32:00+05:30,3520.9,3521.8,3520.2,3520.2,180,
2024-02-28 12:33:00+05:30,3520.2,3521.8,3520.2,3521.65,244,
2024-02-28 12:34:00+05:30,3521.65,3522,3520,3521.3,1027,
2024-02-28 12:35:00+05:30,3521.3,3521.4,3518,3520.7,1818,
2024-02-28 12:36:00+05:30,3520.7,3521.2,3518.5,3520,6895,
2024-02-28 12:37:00+05:30,3521,3521,3519.95,3520.75,13432,
2024-02-28 12:38:00+05:30,3520.75,3521,3520,3520,324,
2024-02-28 12:39:00+05:30,3520,3520.95,3519,3519.05,195,
2024-02-28 12:40:00+05:30,3519.05,3519.05,3516.1,3518,435,
2024-02-28 12:41:00+05:30,3518.05,3518.05,3516.1,3516.9,188,
2024-02-28 12:42:00+05:30,3516.9,3517.6,3516.25,3517.6,268,
2024-02-28 12:43:00+05:30,3517.6,3518,3515.75,3518,605,
2024-02-28 12:44:00+05:30,3518,3518,3516.05,3517.8,205,
2024-02-28 12:45:00+05:30,3517.8,3517.9,3515.25,3516.6,193,
2024-02-28 12:46:00+05:30,3516.6,3516.85,3515,3516.25,469,
2024-02-28 12:47:00+05:30,3516.35,3516.5,3515,3515.2,152,
2024-02-28 12:48:00+05:30,3516.3,3517.85,3515,3515.05,272,
2024-02-28 12:49:00+05:30,3516.75,3518,3515.05,3517.3,321,
2024-02-28 12:50:00+05:30,3517,3517.6,3515.6,3516.95,331,
2024-02-28 12:51:00+05:30,3516.95,3517.45,3515.6,3517.4,94,
2024-02-28 12:52:00+05:30,3517.4,3517.45,3515.2,3515.25,153,
2024-02-28 12:53:00+05:30,3515.05,3516.55,3515,3516.45,90,
2024-02-28 12:54:00+05:30,3516.45,3516.85,3515,3516.65,247,
2024-02-28 12:55:00+05:30,3515,3516.65,3515,3515,198,
2024-02-28 12:56:00+05:30,3515,3516.95,3515,3516.85,428,
2024-02-28 12:57:00+05:30,3515.05,3518,3515.05,3515.45,363,
2024-02-28 12:58:00+05:30,3517,3517.8,3515,3515,2605,
2024-02-28 12:59:00+05:30,3515.05,3517.1,3515,3517.05,1177,
2024-02-28 13:00:00+05:30,3517.05,3517.4,3514,3516.85,2383,
2024-02-28 13:01:00+05:30,3517,3517.4,3515.5,3517.25,366,
2024-02-28 13:02:00+05:30,3517.25,3518.9,3516.5,3518,796,
2024-02-28 13:03:00+05:30,3518,3518,3516.65,3517.95,424,
2024-02-28 13:04:00+05:30,3517.95,3518,3516.5,3517.95,377,
2024-02-28 13:05:00+05:30,3517.95,3518,3516.3,3517.95,322,
2024-02-28 13:06:00+05:30,3517.95,3518,3515.75,3517.3,636,
2024-02-28 13:07:00+05:30,3517.3,3517.55,3514.65,3517,3280,
2024-02-28 13:08:00+05:30,3517,3517.2,3515.25,3517.05,1072,
2024-02-28 13:09:00+05:30,3517.05,3517.05,3515.15,3517.05,672,
2024-02-28 13:10:00+05:30,3517.05,3517.2,3515.25,3517,833,
2024-02-28 13:11:00+05:30,3517,3517.75,3515.7,3517.6,363,
2024-02-28 13:12:00+05:30,3517.6,3517.6,3515,3517.1,2335,
2024-02-28 13:13:00+05:30,3517.1,3517.5,3515.45,3517.3,647,
2024-02-28 13:14:00+05:30,3517.2,3517.55,3514.6,3517.2,2021,
2024-02-28 13:15:00+05:30,3517.2,3517.25,3513,3517.05,2884,
2024-02-28 13:16:00+05:30,3516.95,3518,3515.8,3518,700,
2024-02-28 13:17:00+05:30,3518,3518,3516.05,3517.8,231,
2024-02-28 13:18:00+05:30,3517.8,3517.8,3516.6,3517.65,370,
2024-02-28 13:19:00+05:30,3517.65,3518,3516.05,3517.85,556,
2024-02-28 13:20:00+05:30,3517.85,3517.85,3516.25,3517.85,32,
2024-02-28 13:21:00+05:30,3517.85,3518,3517,3517,160,
2024-02-28 13:22:00+05:30,3517.9,3518,3516.2,3518,379,
2024-02-28 13:23:00+05:30,3517.9,3518,3516.95,3517.8,3368,
2024-02-28 13:24:00+05:30,3517.8,3517.8,3516.6,3517.7,327,
2024-02-28 13:25:00+05:30,3517.7,3518,3517.7,3518,194,
2024-02-28 13:26:00+05:30,3518,3518,3517.5,3517.9,1174,
2024-02-28 13:27:00+05:30,3517.9,3517.9,3516.35,3517.45,146,
2024-02-28 13:28:00+05:30,3517.4,3518,3516.25,3517.9,303,
2024-02-28 13:29:00+05:30,3517.9,3518,3517,3517.95,236,
2024-02-28 13:30:00+05:30,3517.95,3518,3517.95,3518,387,
2024-02-28 13:31:00+05:30,3518,3520.65,3517,3520.65,2460,
2024-02-28 13:32:00+05:30,3520.65,3520.65,3518.9,3520,881,
2024-02-28 13:33:00+05:30,3520,3520,3517.7,3517.75,947,
2024-02-28 13:34:00+05:30,3518,3518,3517.85,3518,142,
2024-02-28 13:35:00+05:30,3518,3518,3517.8,3518,147,
2024-02-28 13:36:00+05:30,3518,3519.55,3518,3519.4,3477,
2024-02-28 13:37:00+05:30,3519.4,3521.7,3519.3,3521.7,137,
2024-02-28 13:38:00+05:30,3521.7,3522.05,3519.3,3521.3,1193,
2024-02-28 13:39:00+05:30,3521.1,3522.65,3520.05,3520.85,460,
2024-02-28 13:40:00+05:30,3521.9,3523.95,3521.9,3523.95,322,
2024-02-28 13:41:00+05:30,3523.45,3525,3523.05,3525,144,
2024-02-28 13:42:00+05:30,3525,3525,3523.55,3524.8,372,
2024-02-28 13:43:00+05:30,3524.8,3524.8,3521.85,3522.15,2500,
2024-02-28 13:44:00+05:30,3521.1,3522.15,3520.65,3521.7,180,
2024-02-28 13:45:00+05:30,3521.7,3522.6,3520.05,3521.7,592,
2024-02-28 13:46:00+05:30,3521.7,3523,3521.7,3522.5,171,
2024-02-28 13:47:00+05:30,3522.5,3522.95,3520.25,3520.25,271,
2024-02-28 13:48:00+05:30,3520.25,3521.35,3518.4,3521.3,1643,
2024-02-28 13:49:00+05:30,3521.45,3523,3520.95,3523,247,
2024-02-28 13:50:00+05:30,3523,3523,3521,3523,218,
2024-02-28 13:51:00+05:30,3523,3523,3521.65,3523,256,
2024-02-28 13:52:00+05:30,3523,3524.15,3522.1,3523,490,
2024-02-28 13:53:00+05:30,3523,3523.4,3522.05,3523.35,80,
2024-02-28 13:54:00+05:30,3523.35,3523.4,3520.85,3522,676,
2024-02-28 13:55:00+05:30,3521.8,3522.75,3520.7,3522.35,220,
2024-02-28 13:56:00+05:30,3522.35,3523.65,3521.5,3523.35,217,
2024-02-28 13:57:00+05:30,3523.05,3523.35,3521,3522.85,293,
2024-02-28 13:58:00+05:30,3522.6,3523.7,3522.15,3523.7,193,
2024-02-28 13:59:00+05:30,3522.45,3523.65,3520,3522.1,1287,
2024-02-28 14:00:00+05:30,3522.1,3522.95,3521.25,3522.95,175,
2024-02-28 14:01:00+05:30,3522.95,3523.65,3521.95,3523.05,102,
2024-02-28 14:02:00+05:30,3523.6,3523.9,3521.85,3522.05,275,
2024-02-28 14:03:00+05:30,3523.5,3524,3521.1,3524,483,
2024-02-28 14:04:00+05:30,3524,3524.55,3523.1,3524.05,124,
2024-02-28 14:05:00+05:30,3524.05,3525,3524.05,3524.9,562,
2024-02-28 14:06:00+05:30,3525,3525,3523.55,3525,182,
2024-02-28 14:07:00+05:30,3525,3525,3524.8,3525,184,
2024-02-28 14:08:00+05:30,3525,3525,3524.15,3525,136,
2024-02-28 14:09:00+05:30,3525,3525,3524.7,3525,175,
2024-02-28 14:10:00+05:30,3524.9,3525,3523,3524.15,277,
2024-02-28 14:11:00+05:30,3524.15,3525,3523.6,3525,125,
2024-02-28 14:12:00+05:30,3524.1,3525,3524.1,3524.55,156,
2024-02-28 14:13:00+05:30,3524.8,3525,3524.8,3525,295,
2024-02-28 14:14:00+05:30,3525,3525,3523.4,3524.95,179,
2024-02-28 14:15:00+05:30,3524.95,3525.05,3523.7,3524.05,701,
2024-02-28 14:16:00+05:30,3525,3525,3523.55,3524.95,216,
2024-02-28 14:17:00+05:30,3522.85,3525,3522.85,3524.65,421,
2024-02-28 14:18:00+05:30,3524.65,3524.65,3523.9,3524.65,85,
2024-02-28 14:19:00+05:30,3524.65,3525,3523.2,3524.95,287,
2024-02-28 14:20:00+05:30,3524.95,3524.95,3523.2,3524.55,160,
2024-02-28 14:21:00+05:30,3524.8,3524.95,3521.25,3523.5,799,
2024-02-28 14:22:00+05:30,3523.45,3523.45,3520.05,3521.95,446,
2024-02-28 14:23:00+05:30,3521.9,3521.9,3520.15,3521.8,203,
2024-02-28 14:24:00+05:30,3521.8,3523,3520.8,3523,147,
2024-02-28 14:25:00+05:30,3523,3525,3522.7,3525,186,
2024-02-28 14:26:00+05:30,3525,3525,3523.45,3524.95,144,
2024-02-28 14:27:00+05:30,3524.95,3525.1,3524,3524,133,
2024-02-28 14:28:00+05:30,3525,3525,3523.45,3525,239,
2024-02-28 14:29:00+05:30,3525,3525.4,3523.25,3523.25,395,
2024-02-28 14:30:00+05:30,3524.75,3524.75,3522,3523.75,1012,
2024-02-28 14:31:00+05:30,3523.75,3523.75,3522.05,3523.7,75,
2024-02-28 14:32:00+05:30,3523.7,3524.25,3520.2,3520.2,219,
2024-02-28 14:33:00+05:30,3520.2,3522.75,3520.05,3520.05,57,
2024-02-28 14:34:00+05:30,3520.05,3520.2,3516.45,3518.75,1277,
2024-02-28 14:35:00+05:30,3517.9,3520.5,3517.65,3520.15,196,
2024-02-28 14:36:00+05:30,3520.2,3521.6,3518.5,3521,557,
2024-02-28 14:37:00+05:30,3521,3521.8,3520.25,3521.8,255,
2024-02-28 14:38:00+05:30,3521.8,3522.5,3518.85,3519.9,355,
2024-02-28 14:39:00+05:30,3519.9,3522.95,3518.8,3522.95,208,
2024-02-28 14:40:00+05:30,3522.95,3523.55,3519.8,3521.9,604,
2024-02-28 14:41:00+05:30,3521.9,3525,3520.15,3524.35,2626,
2024-02-28 14:42:00+05:30,3521.45,3523.7,3519.25,3521.45,518,
2024-02-28 14:43:00+05:30,3521.45,3521.45,3516.45,3519.9,623,
2024-02-28 14:44:00+05:30,3519.9,3519.9,3518,3518,205,
2024-02-28 14:45:00+05:30,3518,3521.1,3517.75,3521.1,217,
2024-02-28 14:46:00+05:30,3521.1,3521.1,3519.95,3521,33,
2024-02-28 14:47:00+05:30,3521,3525,3520.05,3524.75,535,
2024-02-28 14:48:00+05:30,3525,3526,3523.15,3525,1972,
2024-02-28 14:49:00+05:30,3525,3525,3523.05,3524.65,200,
2024-02-28 14:50:00+05:30,3524.65,3524.8,3522.05,3522.25,206,
2024-02-28 14:51:00+05:30,3523.75,3525,3522.75,3524.2,68,
2024-02-28 14:52:00+05:30,3524.2,3525,3521.05,3523.85,515,
2024-02-28 14:53:00+05:30,3523.85,3523.85,3520.25,3521.75,60,
2024-02-28 14:54:00+05:30,3521.75,3522.3,3519.6,3519.85,384,
2024-02-28 14:55:00+05:30,3519.85,3521.9,3519.8,3521.65,474,
2024-02-28 14:56:00+05:30,3521.6,3521.65,3519.65,3521.65,117,
2024-02-28 14:57:00+05:30,3521.65,3521.95,3519.05,3520.55,432,
2024-02-28 14:58:00+05:30,3520.55,3521,3519.2,3520.95,379,
2024-02-28 14:59:00+05:30,3520.95,3521,3517.65,3518.2,341,
2024-02-28 15:00:00+05:30,3519.35,3520.25,3517.75,3518.9,1746,
2024-02-28 15:01:00+05:30,3518.8,3518.8,3516.05,3517.35,1221,
2024-02-28 15:02:00+05:30,3517.1,3518.5,3516.25,3517.65,566,
2024-02-28 15:03:00+05:30,3516.6,3517.65,3516.05,3517.25,479,
2024-02-28 15:04:00+05:30,3517.3,3517.3,3516.05,3517.15,621,
2024-02-28 15:05:00+05:30,3516.85,3519.8,3516,3518.55,803,
2024-02-28 15:06:00+05:30,3519.8,3520.95,3518.1,3520.1,748,
2024-02-28 15:07:00+05:30,3518.9,3521,3518.45,3520.05,1069,
2024-02-28 15:08:00+05:30,3520.05,3520.95,3518.2,3519.05,2545,
2024-02-28 15:09:00+05:30,3519.85,3520.95,3518.1,3520.35,942,
2024-02-28 15:10:00+05:30,3520,3520.35,3517.95,3520,7175,
2024-02-28 15:11:00+05:30,3520,3520.45,3516.5,3519.9,9958,
2024-02-28 15:12:00+05:30,3519.2,3520.35,3519.05,3520.1,2515,
2024-02-28 15:13:00+05:30,3520,3520.85,3519.2,3520.8,1630,
2024-02-28 15:14:00+05:30,3520.8,3521.95,3518.5,3521.2,2554,
2024-02-28 15:15:00+05:30,3521.2,3521.45,3518.55,3521.1,5275,
2024-02-28 15:16:00+05:30,3521.1,3522,3516.9,3521.15,5274,
2024-02-28 15:17:00+05:30,3521.15,3522.1,3517.7,3521.8,3531,
2024-02-28 15:18:00+05:30,3521.9,3522.85,3518.1,3521.9,7309,
2024-02-28 15:19:00+05:30,3521.9,3522,3519.6,3520.95,2639,
2024-02-28 15:20:00+05:30,3521.05,3522.2,3516,3520.95,7742,
2024-02-28 15:21:00+05:30,3521.1,3521.85,3517.7,3521.75,2345,
2024-02-28 15:22:00+05:30,3521.75,3521.75,3516.1,3516.9,880,
2024-02-28 15:23:00+05:30,3516.9,3517.8,3513.2,3515.55,2552,
2024-02-28 15:24:00+05:30,3515.5,3516.65,3513.05,3515.05,1482,
2024-02-28 15:25:00+05:30,3515.05,3516.65,3513.1,3515.95,2236,
2024-02-28 15:26:00+05:30,3515.95,3516.75,3512,3515,8830,
2024-02-28 15:27:00+05:30,3514.85,3515.75,3512.2,3512.25,3254,
2024-02-28 15:28:00+05:30,3514.1,3514.1,3508,3509.9,3783,
2024-02-28 15:29:00+05:30,3509.5,3510.95,3507,3509.2,1543,
2024-02-29 09:15:00+05:30,3509.2,3529.4,3508.35,3515.4,3501,
2024-02-29 09:16:00+05:30,3514.55,3519.95,3507.5,3512.6,1196,
2024-02-29 09:17:00+05:30,3511,3511.45,3495,3499.95,3070,
2024-02-29 09:18:00+05:30,3495.9,3499.05,3490.2,3494,1465,
2024-02-29 09:19:00+05:30,3494,3494.75,3489.35,3491.2,1868,
2024-02-29 09:20:00+05:30,3493.25,3493.8,3485.2,3486.45,2394,
2024-02-29 09:21:00+05:30,3488,3488.15,3482.1,3484,1239,
2024-02-29 09:22:00+05:30,3481.4,3484,3479,3482.45,1227,
2024-02-29 09:23:00+05:30,3482.95,3492.15,3482.95,3492,1332,
2024-02-29 09:24:00+05:30,3492,3494.95,3491.05,3492.95,701,
2024-02-29 09:25:00+05:30,3491.1,3495,3490.6,3495,997,
2024-02-29 09:26:00+05:30,3495,3498,3492.4,3497.05,1925,
2024-02-29 09:27:00+05:30,3497.05,3498,3494.75,3495.05,561,
2024-02-29 09:28:00+05:30,3496.7,3500,3493.4,3498.6,1215,
2024-02-29 09:29:00+05:30,3498.25,3500,3495.95,3496.05,704,
2024-02-29 09:30:00+05:30,3496.05,3498.7,3495,3498.7,1023,
2024-02-29 09:31:00+05:30,3498.7,3501.1,3497.35,3501.1,1562,
2024-02-29 09:32:00+05:30,3501.7,3502.9,3500.05,3502.7,952,
2024-02-29 09:33:00+05:30,3502.7,3503.45,3500,3503,442,
2024-02-29 09:34:00+05:30,3503,3505.4,3500.75,3504.8,714,
2024-02-29 09:35:00+05:30,3504.8,3504.8,3502,3504.5,300,
2024-02-29 09:36:00+05:30,3504.5,3505,3500.85,3503.75,713,
2024-02-29 09:37:00+05:30,3503.75,3503.75,3500,3500.05,1106,
2024-02-29 09:38:00+05:30,3500.05,3502.8,3500,3500,862,
2024-02-29 09:39:00+05:30,3500,3504.3,3499.25,3501.5,752,
2024-02-29 09:40:00+05:30,3501.5,3502.3,3500,3500.55,567,
2024-02-29 09:41:00+05:30,3500.55,3501.35,3499.4,3500,1300,
2024-02-29 09:42:00+05:30,3500,3500.25,3498.35,3500,3682,
2024-02-29 09:43:00+05:30,3500.1,3502.25,3498.4,3499.95,637,
2024-02-29 09:44:00+05:30,3500.1,3500.1,3497,3497,494,
2024-02-29 09:45:00+05:30,3497,3498.75,3495.3,3498.25,617,
2024-02-29 09:46:00+05:30,3498.25,3498.95,3495.35,3497.8,308,
2024-02-29 09:47:00+05:30,3497.9,3497.95,3495.05,3495.5,542,
2024-02-29 09:48:00+05:30,3495.5,3495.75,3491,3491,372,
2024-02-29 09:49:00+05:30,3490.3,3493.35,3485,3485.85,1281,
2024-02-29 09:50:00+05:30,3485.85,3490,3485,3489.45,1372,
2024-02-29 09:51:00+05:30,3489.45,3489.45,3485,3485,427,
2024-02-29 09:52:00+05:30,3485.6,3485.6,3480.2,3480.5,1828,
2024-02-29 09:53:00+05:30,3480.2,3486,3480.2,3486,1711,
2024-02-29 09:54:00+05:30,3483.2,3487.3,3482.95,3487,840,
2024-02-29 09:55:00+05:30,3487.5,3489.25,3486.2,3489.15,499,
2024-02-29 09:56:00+05:30,3489.2,3493.8,3488.35,3488.35,3482,
2024-02-29 09:57:00+05:30,3489.45,3490,3486.1,3490,662,
2024-02-29 09:58:00+05:30,3490,3490,3488.25,3490,458,
2024-02-29 09:59:00+05:30,3490.1,3494.35,3487.5,3488.85,5429,
2024-02-29 10:00:00+05:30,3488.85,3489.9,3486.1,3489.85,959,
2024-02-29 10:01:00+05:30,3489.85,3489.85,3486.25,3489.2,751,
2024-02-29 10:02:00+05:30,3489.05,3489.05,3487.15,3488,305,
2024-02-29 10:03:00+05:30,3488,3489,3487.5,3487.5,199,
2024-02-29 10:04:00+05:30,3487.5,3490,3487.5,3488.45,856,
2024-02-29 10:05:00+05:30,3488.45,3488.45,3486,3487.95,464,
2024-02-29 10:06:00+05:30,3487.05,3487.05,3483.7,3484.05,688,
2024-02-29 10:07:00+05:30,3484.05,3489.95,3483.05,3487.85,1364,
2024-02-29 10:08:00+05:30,3489.6,3489.6,3483,3483.5,4065,
2024-02-29 10:09:00+05:30,3483.5,3486.65,3483.05,3484.85,2407,
2024-02-29 10:10:00+05:30,3484.85,3487.4,3483.1,3487.4,1394,
2024-02-29 10:11:00+05:30,3487.4,3487.5,3484,3484,1148,
2024-02-29 10:12:00+05:30,3484,3486.3,3484,3484.5,491,
2024-02-29 10:13:00+05:30,3484.5,3485.45,3482.25,3485.05,3708,
2024-02-29 10:14:00+05:30,3485.05,3485.45,3482.85,3484.65,2993,
2024-02-29 10:15:00+05:30,3484.65,3492.55,3484.25,3488,5412,
2024-02-29 10:16:00+05:30,3488.35,3488.35,3482.1,3485.25,6965,
2024-02-29 10:17:00+05:30,3485.15,3488.5,3482.05,3483.65,8210,
2024-02-29 10:18:00+05:30,3483.65,3485.25,3473.75,3479.8,15016,
2024-02-29 10:19:00+05:30,3482.45,3485.05,3479.2,3483.35,12151,
2024-02-29 10:20:00+05:30,3483.35,3488.4,3483.05,3485.65,2934,
2024-02-29 10:21:00+05:30,3483.9,3487.7,3483.9,3486.3,2483,
2024-02-29 10:22:00+05:30,3486.3,3489.8,3485.3,3488,1480,
2024-02-29 10:23:00+05:30,3488,3489.5,3478.9,3482.8,6355,
2024-02-29 10:24:00+05:30,3482.3,3487.7,3481.05,3487.3,1303,
2024-02-29 10:25:00+05:30,3487.3,3492.6,3487.3,3491.8,11850,
2024-02-29 10:26:00+05:30,3491.45,3493.45,3488.9,3488.9,6128,
2024-02-29 10:27:00+05:30,3488.9,3489.55,3483.05,3483.5,1588,
2024-02-29 10:28:00+05:30,3483.5,3486.35,3480.65,3484.1,1883,
2024-02-29 10:29:00+05:30,3484.1,3490,3483.8,3485.85,563,
2024-02-29 10:30:00+05:30,3485.9,3487.95,3482.2,3483.85,990,
2024-02-29 10:31:00+05:30,3484.1,3486.6,3480.45,3481.25,2107,
2024-02-29 10:32:00+05:30,3480.55,3486.25,3480.55,3485.9,779,
2024-02-29 10:33:00+05:30,3485,3485.9,3480.2,3482.85,1362,
2024-02-29 10:34:00+05:30,3483.35,3483.5,3479.9,3482,1223,
2024-02-29 10:35:00+05:30,3480.45,3483.05,3480.45,3483.05,408,
2024-02-29 10:36:00+05:30,3483,3483.15,3477,3477.45,1492,
2024-02-29 10:37:00+05:30,3477.25,3480.1,3475.8,3479.65,1318,
2024-02-29 10:38:00+05:30,3479.7,3483,3477,3477.3,3334,
2024-02-29 10:39:00+05:30,3477.5,3480.25,3477,3477.35,1010,
2024-02-29 10:40:00+05:30,3477.3,3480.45,3476.05,3477.05,2218,
2024-02-29 10:41:00+05:30,3477.05,3480,3475.5,3477.95,748,
2024-02-29 10:42:00+05:30,3481.2,3483,3476,3480.7,2076,
2024-02-29 10:43:00+05:30,3480.7,3482,3479.6,3481.45,1055,
2024-02-29 10:44:00+05:30,3481.1,3483,3479.3,3482.5,1356,
2024-02-29 10:45:00+05:30,3481.15,3485,3480.3,3483.25,1455,
2024-02-29 10:46:00+05:30,3482.55,3483.25,3479.1,3480.75,1702,
2024-02-29 10:47:00+05:30,3480.15,3488.7,3480.15,3482,3530,
2024-02-29 10:48:00+05:30,3481.85,3481.85,3478.25,3480.35,4732,
2024-02-29 10:49:00+05:30,3480.35,3484.85,3479.1,3483.25,1675,
2024-02-29 10:50:00+05:30,3484.05,3484.5,3479.15,3480.7,1211,
2024-02-29 10:51:00+05:30,3479.3,3481.95,3478.7,3479.05,2346,
2024-02-29 10:52:00+05:30,3479.05,3481.65,3478.25,3478.4,2595,
2024-02-29 10:53:00+05:30,3478.4,3481.3,3478.25,3481.1,1294,
2024-02-29 10:54:00+05:30,3480.1,3481.1,3479.05,3481.1,1045,
2024-02-29 10:55:00+05:30,3480.15,3483.5,3480.15,3482.15,633,
2024-02-29 10:56:00+05:30,3482.15,3486.75,3481.1,3481.8,3394,
2024-02-29 10:57:00+05:30,3481.05,3485,3480.75,3484.15,1459,
2024-02-29 10:58:00+05:30,3484.15,3484.65,3482,3482.95,545,
2024-02-29 10:59:00+05:30,3482.85,3487.95,3482.45,3485.05,1477,
2024-02-29 11:00:00+05:30,3485.4,3488,3485.4,3486.7,980,
2024-02-29 11:01:00+05:30,3486.7,3488,3486.65,3487.15,485,
2024-02-29 11:02:00+05:30,3487.35,3489,3487.35,3488.35,1218,
2024-02-29 11:03:00+05:30,3488,3489,3487.2,3488.05,843,
2024-02-29 11:04:00+05:30,3488.05,3489.8,3488.05,3489.8,420,
2024-02-29 11:05:00+05:30,3489.2,3490,3489.2,3489.9,860,
2024-02-29 11:06:00+05:30,3490,3490,3487.4,3488.75,1618,
2024-02-29 11:07:00+05:30,3487.65,3489.85,3487.65,3489.35,650,
2024-02-29 11:08:00+05:30,3488.65,3490,3486.45,3488.15,5392,
2024-02-29 11:09:00+05:30,3488.15,3490,3488.15,3488.5,2306,
2024-02-29 11:10:00+05:30,3489.3,3489.5,3488.5,3488.7,324,
2024-02-29 11:11:00+05:30,3488.7,3489.4,3487.55,3487.95,550,
2024-02-29 11:12:00+05:30,3488,3489.5,3486.05,3486.05,1495,
2024-02-29 11:13:00+05:30,3486.05,3486.05,3485,3485.5,650,
2024-02-29 11:14:00+05:30,3485.5,3489.5,3485.5,3489.25,1296,
2024-02-29 11:15:00+05:30,3489.25,3492.45,3488.85,3489.55,4540,
2024-02-29 11:16:00+05:30,3488.9,3491.05,3488.1,3489.75,761,
2024-02-29 11:17:00+05:30,3489.7,3490,3486.05,3486.05,1543,
2024-02-29 11:18:00+05:30,3486.05,3488.75,3485.2,3487.25,828,
2024-02-29 11:19:00+05:30,3487.25,3489.05,3485.6,3486.55,1578,
2024-02-29 11:20:00+05:30,3486.55,3489.25,3486.55,3487.55,413,
2024-02-29 11:21:00+05:30,3487.55,3490,3486,3489.25,2174,
2024-02-29 11:22:00+05:30,3490,3490,3485.3,3487.9,797,
2024-02-29 11:23:00+05:30,3487.9,3489.85,3487,3488.15,1327,
2024-02-29 11:24:00+05:30,3488.6,3490,3488.3,3489.8,489,
2024-02-29 11:25:00+05:30,3489.8,3490,3488.1,3488.75,2904,
2024-02-29 11:26:00+05:30,3488.55,3489.9,3487.25,3489.5,1285,
2024-02-29 11:27:00+05:30,3488.5,3491.4,3488.45,3489.25,441,
2024-02-29 11:28:00+05:30,3489.5,3490.15,3487.45,3487.45,681,
2024-02-29 11:29:00+05:30,3487.45,3489.8,3487.45,3489.2,439,
2024-02-29 11:30:00+05:30,3489.95,3491.25,3489,3489.5,557,
2024-02-29 11:31:00+05:30,3490.85,3492.5,3489.55,3492.5,501,
2024-02-29 11:32:00+05:30,3491.4,3495.05,3491.4,3494.9,2521,
2024-02-29 11:33:00+05:30,3494.8,3497.45,3494.1,3496.85,919,
2024-02-29 11:34:00+05:30,3495.9,3496.45,3493.6,3494,606,
2024-02-29 11:35:00+05:30,3495,3495,3493.2,3493.95,578,
2024-02-29 11:36:00+05:30,3493.95,3495,3493.55,3493.7,341,
2024-02-29 11:37:00+05:30,3493.95,3495,3493.65,3494.5,316,
2024-02-29 11:38:00+05:30,3494.5,3495,3494.05,3494.65,590,
2024-02-29 11:39:00+05:30,3494.65,3497.1,3494.65,3494.7,745,
2024-02-29 11:40:00+05:30,3494.7,3496.8,3494.6,3496,419,
2024-02-29 11:41:00+05:30,3495.95,3497.5,3495.2,3496.95,877,
2024-02-29 11:42:00+05:30,3497.4,3497.5,3495.95,3495.95,710,
2024-02-29 11:43:00+05:30,3495.95,3497.5,3495.95,3497.45,651,
2024-02-29 11:44:00+05:30,3496.45,3497.5,3496,3496.25,2126,
2024-02-29 11:45:00+05:30,3496.1,3497.35,3495,3495.65,1006,
2024-02-29 11:46:00+05:30,3495.65,3497.7,3494.45,3496.55,522,
2024-02-29 11:47:00+05:30,3496.55,3497.9,3496.55,3497.6,524,
2024-02-29 11:48:00+05:30,3497.6,3499,3496.75,3496.75,1249,
2024-02-29 11:49:00+05:30,3496.75,3499,3496.75,3497.4,2158,
2024-02-29 11:50:00+05:30,3497.85,3500.8,3497.4,3498.25,5351,
2024-02-29 11:51:00+05:30,3498.25,3500.85,3496.35,3497.9,1147,
2024-02-29 11:52:00+05:30,3497.9,3499.4,3497.6,3498.6,504,
2024-02-29 11:53:00+05:30,3497.65,3498.4,3496,3496.8,433,
2024-02-29 11:54:00+05:30,3496.8,3497.4,3496.5,3497.1,342,
2024-02-29 11:55:00+05:30,3497.1,3497.4,3493.25,3495.2,636,
2024-02-29 11:56:00+05:30,3495.2,3496.65,3493.9,3496,699,
2024-02-29 11:57:00+05:30,3495.45,3499,3494.5,3497.25,1146,
2024-02-29 11:58:00+05:30,3497.15,3499,3495.85,3496.2,1824,
2024-02-29 11:59:00+05:30,3495.85,3499,3495.85,3497.1,724,
2024-02-29 12:00:00+05:30,3497.85,3498.55,3495.65,3497.25,485,
2024-02-29 12:01:00+05:30,3498.5,3498.7,3496.05,3496.6,821,
2024-02-29 12:02:00+05:30,3496.65,3498.7,3496.35,3497.75,418,
2024-02-29 12:03:00+05:30,3498.45,3499,3497.65,3498.65,637,
2024-02-29 12:04:00+05:30,3498.65,3499,3497.1,3499,483,
2024-02-29 12:05:00+05:30,3498.55,3498.95,3497,3497.4,760,
2024-02-29 12:06:00+05:30,3497.4,3499,3497.15,3497.85,499,
2024-02-29 12:07:00+05:30,3497.85,3498.4,3497.25,3498.15,388,
2024-02-29 12:08:00+05:30,3498.15,3498.15,3495.75,3496.3,1294,
2024-02-29 12:09:00+05:30,3496.3,3496.3,3490.25,3491.85,3298,
2024-02-29 12:10:00+05:30,3491.6,3492,3489.85,3491.45,749,
2024-02-29 12:11:00+05:30,3491.65,3492.9,3490.8,3491.85,1856,
2024-02-29 12:12:00+05:30,3491.85,3491.9,3489.45,3489.45,1132,
2024-02-29 12:13:00+05:30,3489.45,3491,3487.95,3488.1,1036,
2024-02-29 12:14:00+05:30,3487.95,3490.55,3487.35,3489.55,1086,
2024-02-29 12:15:00+05:30,3489.55,3491,3489.55,3490.65,257,
2024-02-29 12:16:00+05:30,3490.65,3491,3490.65,3491,208,
2024-02-29 12:17:00+05:30,3490.85,3492.5,3488.25,3491.2,946,
2024-02-29 12:18:00+05:30,3491.2,3492.95,3491.2,3491.8,380,
2024-02-29 12:19:00+05:30,3491.8,3492.45,3490.7,3491.8,181,
2024-02-29 12:20:00+05:30,3491.8,3492.5,3491.75,3492.5,272,
2024-02-29 12:21:00+05:30,3491.9,3493,3491.55,3492,336,
2024-02-29 12:22:00+05:30,3492,3493,3492,3492.9,289,
2024-02-29 12:23:00+05:30,3493,3493,3492.5,3492.7,532,
2024-02-29 12:24:00+05:30,3492.7,3492.7,3486.25,3486.4,1567,
2024-02-29 12:25:00+05:30,3486.4,3488.7,3486.25,3486.25,1601,
2024-02-29 12:26:00+05:30,3486.25,3487.45,3485,3486.75,1187,
2024-02-29 12:27:00+05:30,3486.75,3487.3,3485.8,3486.15,407,
2024-02-29 12:28:00+05:30,3486.15,3488.3,3486,3486,441,
2024-02-29 12:29:00+05:30,3486,3486.15,3483.05,3483.95,9408,
2024-02-29 12:30:00+05:30,3483.95,3486.85,3482.55,3486.85,1191,
2024-02-29 12:31:00+05:30,3486.9,3486.95,3484.6,3484.6,425,
2024-02-29 12:32:00+05:30,3484.6,3484.7,3482.55,3484.2,508,
2024-02-29 12:33:00+05:30,3484.2,3487.1,3484,3486.35,364,
2024-02-29 12:34:00+05:30,3486.35,3491.3,3486.35,3488.9,616,
2024-02-29 12:35:00+05:30,3488.85,3491.25,3488.85,3490,591,
2024-02-29 12:36:00+05:30,3490.15,3492.2,3489.05,3491.35,908,
2024-02-29 12:37:00+05:30,3491.1,3491.9,3491.1,3491.6,371,
2024-02-29 12:38:00+05:30,3491.6,3493,3491.5,3491.55,608,
2024-02-29 12:39:00+05:30,3491.5,3491.5,3485.95,3486.55,1525,
2024-02-29 12:40:00+05:30,3486.35,3486.9,3484.1,3485.65,1422,
2024-02-29 12:41:00+05:30,3486.3,3487.75,3484.15,3486,1145,
2024-02-29 12:42:00+05:30,3486,3487.4,3484.95,3486.3,552,
2024-02-29 12:43:00+05:30,3486.3,3486.75,3483.1,3485.9,1105,
2024-02-29 12:44:00+05:30,3485.9,3491.1,3485.9,3490.9,1997,
2024-02-29 12:45:00+05:30,3489.8,3491,3486.55,3486.6,1107,
2024-02-29 12:46:00+05:30,3486.3,3487.5,3483.6,3485.2,1406,
2024-02-29 12:47:00+05:30,3485.3,3485.3,3483.8,3484.3,412,
2024-02-29 12:48:00+05:30,3484.3,3484.6,3482.55,3483.1,956,
2024-02-29 12:49:00+05:30,3482.9,3484.35,3481.6,3483.45,869,
2024-02-29 12:50:00+05:30,3483.45,3483.8,3482.1,3482.45,543,
2024-02-29 12:51:00+05:30,3482.45,3484,3479.3,3479.3,1862,
2024-02-29 12:52:00+05:30,3479,3482.2,3478.5,3481.15,1194,
2024-02-29 12:53:00+05:30,3480.95,3483.4,3479.9,3479.95,845,
2024-02-29 12:54:00+05:30,3480.1,3483.9,3479.2,3483.9,996,
2024-02-29 12:55:00+05:30,3483.9,3483.9,3480.85,3481.7,979,
2024-02-29 12:56:00+05:30,3480.85,3480.85,3479.05,3479.1,629,
2024-02-29 12:57:00+05:30,3479.4,3480,3478,3478.35,1578,
2024-02-29 12:58:00+05:30,3479.95,3480.95,3478.45,3480.55,735,
2024-02-29 12:59:00+05:30,3480.55,3482.95,3480,3480.05,392,
2024-02-29 13:00:00+05:30,3481.25,3481.25,3478.05,3479.95,558,
2024-02-29 13:01:00+05:30,3479.4,3484.55,3478.55,3482.2,718,
2024-02-29 13:02:00+05:30,3482.2,3482.75,3478.05,3479,1040,
2024-02-29 13:03:00+05:30,3479.1,3479.2,3475.65,3475.7,1256,
2024-02-29 13:04:00+05:30,3475.85,3477.6,3475.2,3477.55,1021,
2024-02-29 13:05:00+05:30,3477.3,3478,3477.3,3477.35,693,
2024-02-29 13:06:00+05:30,3477.3,3477.3,3474,3475,2505,
2024-02-29 13:07:00+05:30,3474.6,3475.95,3471.45,3474.15,3126,
2024-02-29 13:08:00+05:30,3474.15,3476.9,3474.15,3476.1,603,
2024-02-29 13:09:00+05:30,3476.1,3478,3475,3476.05,1244,
2024-02-29 13:10:00+05:30,3475.85,3477.4,3475.4,3475.6,998,
2024-02-29 13:11:00+05:30,3475.4,3477.75,3474,3474.35,1840,
2024-02-29 13:12:00+05:30,3474.35,3475.6,3472.9,3475.15,1113,
2024-02-29 13:13:00+05:30,3475.5,3475.95,3474,3474.1,1258,
2024-02-29 13:14:00+05:30,3473.25,3475.85,3473.25,3475.15,1190,
2024-02-29 13:15:00+05:30,3475.15,3477.25,3474.05,3476.3,672,
2024-02-29 13:16:00+05:30,3476.3,3477.6,3474,3475.7,1804,
2024-02-29 13:17:00+05:30,3475.7,3476.95,3474.65,3476.5,806,
2024-02-29 13:18:00+05:30,3476.85,3476.9,3474.55,3475,826,
2024-02-29 13:19:00+05:30,3475,3478.75,3475,3478,1517,
2024-02-29 13:20:00+05:30,3478,3479,3475.6,3477.45,2160,
2024-02-29 13:21:00+05:30,3477.55,3478.5,3475.65,3476.25,1094,
2024-02-29 13:22:00+05:30,3476.05,3479.95,3476.05,3477.85,1445,
2024-02-29 13:23:00+05:30,3478,3479.85,3477.3,3479.65,1058,
2024-02-29 13:24:00+05:30,3479.6,3479.65,3477,3477.45,2627,
2024-02-29 13:25:00+05:30,3477.5,3479.7,3477.4,3478.15,644,
2024-02-29 13:26:00+05:30,3478.15,3479.6,3477,3479.35,757,
2024-02-29 13:27:00+05:30,3479.4,3481.4,3479,3479.75,1763,
2024-02-29 13:28:00+05:30,3479.85,3480.85,3478.4,3479.3,1948,
2024-02-29 13:29:00+05:30,3479.2,3481.3,3478.65,3480.6,2215,
2024-02-29 13:30:00+05:30,3480.6,3481.85,3480.05,3480.9,1096,
2024-02-29 13:31:00+05:30,3480.8,3481.55,3480.2,3480.4,1533,
2024-02-29 13:32:00+05:30,3480.4,3483.65,3480.4,3481.05,1586,
2024-02-29 13:33:00+05:30,3481.1,3481.1,3480,3480.65,1078,
2024-02-29 13:34:00+05:30,3480.6,3483.7,3480.6,3483.4,906,
2024-02-29 13:35:00+05:30,3482.25,3483.5,3481,3481,1920,
2024-02-29 13:36:00+05:30,3481.05,3482.5,3479,3481.6,1538,
2024-02-29 13:37:00+05:30,3481.65,3482.5,3481.2,3481.3,1585,
2024-02-29 13:38:00+05:30,3481.2,3481.7,3478.65,3479.85,2269,
2024-02-29 13:39:00+05:30,3480,3480.95,3477.2,3477.95,3046,
2024-02-29 13:40:00+05:30,3478.7,3479.15,3475.4,3476.05,2560,
2024-02-29 13:41:00+05:30,3478.15,3478.3,3474.6,3476.3,2698,
2024-02-29 13:42:00+05:30,3477.5,3477.5,3475,3475.05,1192,
2024-02-29 13:43:00+05:30,3475.05,3478.2,3474.55,3478.1,2813,
2024-02-29 13:44:00+05:30,3476.4,3481.05,3476.4,3478.1,2170,
2024-02-29 13:45:00+05:30,3478.15,3480.75,3476.25,3476.25,3285,
2024-02-29 13:46:00+05:30,3476,3479.7,3475.85,3478.35,1521,
2024-02-29 13:47:00+05:30,3479.6,3484.1,3479,3482.1,1875,
2024-02-29 13:48:00+05:30,3482.15,3486.15,3482.1,3485,3839,
2024-02-29 13:49:00+05:30,3485,3485.75,3483.2,3485.4,1527,
2024-02-29 13:50:00+05:30,3485.5,3486.3,3484,3485.25,1226,
2024-02-29 13:51:00+05:30,3485.15,3485.2,3482.15,3482.15,1658,
2024-02-29 13:52:00+05:30,3483.2,3483.2,3478.2,3479.4,1226,
2024-02-29 13:53:00+05:30,3479.3,3483.3,3477.9,3479.5,1712,
2024-02-29 13:54:00+05:30,3480.6,3484.05,3479.85,3481.75,2255,
2024-02-29 13:55:00+05:30,3480.45,3482.4,3479.1,3480,710,
2024-02-29 13:56:00+05:30,3480,3480.25,3477,3477,852,
2024-02-29 13:57:00+05:30,3477.55,3477.55,3475,3476.25,1400,
2024-02-29 13:58:00+05:30,3476.2,3481.15,3475.1,3480,1516,
2024-02-29 13:59:00+05:30,3479.95,3482.75,3479.7,3480.15,689,
2024-02-29 14:00:00+05:30,3480.55,3480.75,3478.05,3478.5,913,
2024-02-29 14:01:00+05:30,3479.1,3479.9,3477,3477.45,1015,
2024-02-29 14:02:00+05:30,3477.35,3482.15,3477.1,3480.6,1401,
2024-02-29 14:03:00+05:30,3480.85,3480.85,3479.05,3480.15,901,
2024-02-29 14:04:00+05:30,3480.1,3480.7,3480,3480.05,555,
2024-02-29 14:05:00+05:30,3480.05,3482.85,3480,3482.85,856,
2024-02-29 14:06:00+05:30,3482.75,3484.85,3481.6,3484.85,1601,
2024-02-29 14:07:00+05:30,3484.8,3484.8,3483.1,3483.25,901,
2024-02-29 14:08:00+05:30,3483.25,3483.25,3479.85,3479.9,1322,
2024-02-29 14:09:00+05:30,3480,3481.35,3478.35,3480,1922,
2024-02-29 14:10:00+05:30,3480.05,3481.95,3478.55,3480,1489,
2024-02-29 14:11:00+05:30,3480,3480.05,3479,3480,959,
2024-02-29 14:12:00+05:30,3479,3480.05,3478.9,3479.95,855,
2024-02-29 14:13:00+05:30,3479.95,3480.05,3478.65,3480,681,
2024-02-29 14:14:00+05:30,3480.05,3481.9,3479.05,3480.25,1119,
2024-02-29 14:15:00+05:30,3480.15,3480.85,3479,3480,1078,
2024-02-29 14:16:00+05:30,3480,3481.05,3478.85,3480.1,1971,
2024-02-29 14:17:00+05:30,3480.1,3481.9,3479.05,3480.95,1708,
2024-02-29 14:18:00+05:30,3480.95,3481.9,3479.35,3481.5,1790,
2024-02-29 14:19:00+05:30,3481.5,3481.5,3479.75,3480.05,1171,
2024-02-29 14:20:00+05:30,3480.05,3480.15,3478.8,3478.9,1039,
2024-02-29 14:21:00+05:30,3478.9,3480.85,3478.7,3478.7,880,
2024-02-29 14:22:00+05:30,3479.1,3481.95,3479.1,3481.75,814,
2024-02-29 14:23:00+05:30,3481.2,3483.2,3477.25,3477.55,1442,
2024-02-29 14:24:00+05:30,3477.8,3479.35,3477,3477.8,1833,
2024-02-29 14:25:00+05:30,3478.1,3480.15,3478,3479,1222,
2024-02-29 14:26:00+05:30,3479.1,3479.6,3477.85,3479,1169,
2024-02-29 14:27:00+05:30,3479,3479.5,3477.9,3478.35,1188,
2024-02-29 14:28:00+05:30,3478.4,3479.4,3476.3,3477.25,2405,
2024-02-29 14:29:00+05:30,3477.25,3477.6,3475.2,3476.05,1880,
2024-02-29 14:30:00+05:30,3476,3477.95,3473.9,3474.85,4971,
2024-02-29 14:31:00+05:30,3473.85,3474.85,3468.05,3470,6022,
2024-02-29 14:32:00+05:30,3470.1,3470.1,3465,3466.2,2692,
2024-02-29 14:33:00+05:30,3465.85,3468.95,3465.85,3467.45,1411,
2024-02-29 14:34:00+05:30,3467.45,3474.9,3467.45,3472.45,3490,
2024-02-29 14:35:00+05:30,3472.5,3472.5,3466.5,3467.75,1023,
2024-02-29 14:36:00+05:30,3468.9,3470,3466.65,3468.95,2256,
2024-02-29 14:37:00+05:30,3468.6,3470,3466.55,3467.05,1379,
2024-02-29 14:38:00+05:30,3467.05,3473.8,3466.1,3473.45,2555,
2024-02-29 14:39:00+05:30,3473.5,3475,3470.65,3471.75,990,
2024-02-29 14:40:00+05:30,3471.75,3473.1,3469.05,3472.95,955,
2024-02-29 14:41:00+05:30,3472.45,3476.55,3470.7,3475.3,1751,
2024-02-29 14:42:00+05:30,3475.05,3477.2,3475,3475.2,900,
2024-02-29 14:43:00+05:30,3475.2,3478.9,3475,3477.4,1935,
2024-02-29 14:44:00+05:30,3477.45,3483.6,3477.45,3481.05,4944,
2024-02-29 14:45:00+05:30,3481.1,3486,3481.05,3482.75,2189,
2024-02-29 14:46:00+05:30,3482.75,3482.8,3480,3482.8,1493,
2024-02-29 14:47:00+05:30,3482.65,3485,3482.4,3485,819,
2024-02-29 14:48:00+05:30,3483.75,3487.15,3483.75,3486.85,1556,
2024-02-29 14:49:00+05:30,3486.85,3486.85,3484.4,3484.85,2037,
2024-02-29 14:50:00+05:30,3484.85,3486.4,3484.5,3485.5,1634,
2024-02-29 14:51:00+05:30,3485.7,3490,3485.35,3488,3302,
2024-02-29 14:52:00+05:30,3488.1,3489.95,3485.45,3487.75,1517,
2024-02-29 14:53:00+05:30,3487.75,3489.3,3486.85,3486.85,593,
2024-02-29 14:54:00+05:30,3485.75,3488.5,3483.85,3485.65,3163,
2024-02-29 14:55:00+05:30,3485.65,3485.65,3480.3,3480.9,2595,
2024-02-29 14:56:00+05:30,3481.55,3481.55,3477.5,3480.95,3081,
2024-02-29 14:57:00+05:30,3479.2,3482.05,3477.85,3479.9,2154,
2024-02-29 14:58:00+05:30,3479.8,3481.25,3477.1,3477.8,2046,
2024-02-29 14:59:00+05:30,3477.8,3482.25,3477.8,3480,4391,
2024-02-29 15:00:00+05:30,3480.3,3482.2,3480.1,3482,10141,
2024-02-29 15:01:00+05:30,3482.05,3487,3481.9,3484.95,7355,
2024-02-29 15:02:00+05:30,3485.45,3487.65,3484.5,3486.9,6800,
2024-02-29 15:03:00+05:30,3487,3489,3485,3489,10438,
2024-02-29 15:04:00+05:30,3488.8,3489,3486.05,3487.5,12427,
2024-02-29 15:05:00+05:30,3487.5,3490.05,3487.4,3490,15088,
2024-02-29 15:06:00+05:30,3490.05,3490.7,3486.75,3488.3,13776,
2024-02-29 15:07:00+05:30,3488.3,3489,3485.9,3486.6,10190,
2024-02-29 15:08:00+05:30,3486.6,3487.7,3483.9,3485.75,7121,
2024-02-29 15:09:00+05:30,3485.75,3488.8,3485.25,3487.1,7894,
2024-02-29 15:10:00+05:30,3487.15,3491.95,3487.1,3490.75,10297,
2024-02-29 15:11:00+05:30,3490.55,3490.75,3486.9,3488.9,8564,
2024-02-29 15:12:00+05:30,3488.9,3491.9,3488.25,3489.95,9897,
2024-02-29 15:13:00+05:30,3489.65,3491.4,3489.2,3490,9690,
2024-02-29 15:14:00+05:30,3490,3490.25,3488.35,3490,8957,
2024-02-29 15:15:00+05:30,3490,3491.05,3488.85,3490.05,9203,
2024-02-29 15:16:00+05:30,3490,3490.1,3487.8,3490,10409,
2024-02-29 15:17:00+05:30,3490,3490.1,3489.05,3489.9,7033,
2024-02-29 15:18:00+05:30,3490,3490.1,3489.9,3490,7185,
2024-02-29 15:19:00+05:30,3489.95,3491.9,3489.95,3491.05,9064,
2024-02-29 15:20:00+05:30,3491.05,3492,3491.05,3491.8,6826,
2024-02-29 15:21:00+05:30,3491.7,3491.85,3490.6,3491.6,6774,
2024-02-29 15:22:00+05:30,3491.5,3491.85,3491.4,3491.55,5365,
2024-02-29 15:23:00+05:30,3491.55,3492.85,3490,3490,9956,
2024-02-29 15:24:00+05:30,3490.55,3491,3489.35,3490.45,9666,
2024-02-29 15:25:00+05:30,3490.4,3490.45,3490,3490.15,6401,
2024-02-29 15:26:00+05:30,3490.15,3490.45,3490.15,3490.2,4873,
2024-02-29 15:27:00+05:30,3490.2,3491,3487.55,3491,10608,
2024-02-29 15:28:00+05:30,3490.15,3491,3488.2,3488.2,4476,
2024-02-29 15:29:00+05:30,3490,3491,3488.25,3491,3408,
2024-03-01 09:15:00+05:30,3491,3504.55,3491,3496.6,3134,
2024-03-01 09:16:00+05:30,3493.95,3503.15,3489.95,3499,1719,
2024-03-01 09:17:00+05:30,3505.4,3507.95,3498.4,3507.8,2493,
2024-03-01 09:18:00+05:30,3507.8,3509.7,3505,3507.3,3512,
2024-03-01 09:19:00+05:30,3507.3,3519,3507.2,3507.2,4053,
2024-03-01 09:20:00+05:30,3507.25,3508.35,3496.1,3496.1,1491,
2024-03-01 09:21:00+05:30,3496.1,3508.8,3492.6,3504,1071,
2024-03-01 09:22:00+05:30,3502.6,3506.8,3497.4,3500,1256,
2024-03-01 09:23:00+05:30,3500,3500.25,3497.4,3500.25,351,
2024-03-01 09:24:00+05:30,3498,3504.95,3495,3504.95,889,
2024-03-01 09:25:00+05:30,3504.95,3504.95,3500.05,3501,219,
2024-03-01 09:26:00+05:30,3501,3503.15,3500,3501.8,587,
2024-03-01 09:27:00+05:30,3500,3501.75,3500,3500.6,318,
2024-03-01 09:28:00+05:30,3500.6,3500.6,3495,3497.1,695,
2024-03-01 09:29:00+05:30,3497.7,3497.7,3492.55,3494.55,2076,
2024-03-01 09:30:00+05:30,3494.55,3495,3490,3490.9,794,
2024-03-01 09:31:00+05:30,3491.05,3493,3490,3490.75,409,
2024-03-01 09:32:00+05:30,3490.75,3491.9,3488,3490,644,
2024-03-01 09:33:00+05:30,3489.25,3489.5,3483.95,3485.2,465,
2024-03-01 09:34:00+05:30,3485.2,3486,3481.2,3482.95,858,
2024-03-01 09:35:00+05:30,3482.95,3485,3482.95,3484.4,316,
2024-03-01 09:36:00+05:30,3484.4,3485,3481.5,3483.45,1128,
2024-03-01 09:37:00+05:30,3483.45,3486.85,3483.45,3484.85,401,
2024-03-01 09:38:00+05:30,3485.15,3485.7,3483.75,3485.4,264,
2024-03-01 09:39:00+05:30,3485.15,3486,3484.2,3485.1,112,
2024-03-01 09:40:00+05:30,3485.1,3487.95,3485.1,3487.95,192,
2024-03-01 09:41:00+05:30,3487.95,3490,3486.7,3488.5,613,
2024-03-01 09:42:00+05:30,3487,3488.5,3485.3,3486.5,253,
2024-03-01 09:43:00+05:30,3487,3487.6,3485.1,3486.45,390,
2024-03-01 09:44:00+05:30,3487,3489.4,3485.7,3489.4,384,
2024-03-01 09:45:00+05:30,3489.4,3489.4,3483.75,3486.55,907,
2024-03-01 09:46:00+05:30,3484.8,3486.55,3484.8,3486.2,100,
2024-03-01 09:47:00+05:30,3486.2,3489.7,3484.05,3489.7,570,
2024-03-01 09:48:00+05:30,3488.6,3490,3487.1,3489,1505,
2024-03-01 09:49:00+05:30,3489,3495.7,3489,3494.9,1881,
2024-03-01 09:50:00+05:30,3494.9,3496.2,3492.05,3494.2,927,
2024-03-01 09:51:00+05:30,3492.05,3495,3491.05,3493.6,363,
2024-03-01 09:52:00+05:30,3493.6,3493.75,3491.75,3493,214,
2024-03-01 09:53:00+05:30,3493.7,3493.95,3489.2,3490.8,1063,
2024-03-01 09:54:00+05:30,3489.2,3490.8,3486.9,3487.75,979,
2024-03-01 09:55:00+05:30,3489,3490,3487.8,3489.95,274,
2024-03-01 09:56:00+05:30,3489.95,3491.15,3488.2,3490.2,566,
2024-03-01 09:57:00+05:30,3490.2,3493.5,3490,3491.8,285,
2024-03-01 09:58:00+05:30,3492.95,3493.25,3487.8,3489,527,
2024-03-01 09:59:00+05:30,3489,3490.85,3487,3488.55,293,
2024-03-01 10:00:00+05:30,3488.55,3489.15,3485.2,3487.95,646,
2024-03-01 10:01:00+05:30,3488.35,3489.4,3486.9,3487.25,238,
2024-03-01 10:02:00+05:30,3487.25,3490,3487.25,3488.4,309,
2024-03-01 10:03:00+05:30,3488.4,3489.75,3488,3488.95,222,
2024-03-01 10:04:00+05:30,3488.95,3488.95,3487.6,3487.6,190,
2024-03-01 10:05:00+05:30,3487.6,3488.65,3487.05,3487.05,107,
2024-03-01 10:06:00+05:30,3487.55,3490,3486.9,3488.7,479,
2024-03-01 10:07:00+05:30,3488.7,3489.25,3486.75,3488.5,465,
2024-03-01 10:08:00+05:30,3488.5,3490,3486.95,3490,401,
2024-03-01 10:09:00+05:30,3490,3490,3487.05,3487.95,75,
2024-03-01 10:10:00+05:30,3487.95,3488.1,3485.5,3485.55,179,
2024-03-01 10:11:00+05:30,3487.1,3487.35,3483,3483.5,643,
2024-03-01 10:12:00+05:30,3484.65,3484.75,3482,3483.95,1638,
2024-03-01 10:13:00+05:30,3483.95,3484.75,3482.95,3484,191,
2024-03-01 10:14:00+05:30,3484,3484.4,3482,3484,423,
2024-03-01 10:15:00+05:30,3484,3484.75,3482,3483.5,401,
2024-03-01 10:16:00+05:30,3483.5,3484.75,3481.5,3481.5,406,
2024-03-01 10:17:00+05:30,3481.5,3483,3475.05,3477.25,2547,
2024-03-01 10:18:00+05:30,3478.15,3478.9,3474,3477.65,2204,
2024-03-01 10:19:00+05:30,3477.65,3479,3477.65,3477.65,82,
2024-03-01 10:20:00+05:30,3477.65,3482.9,3476.65,3482.9,928,
2024-03-01 10:21:00+05:30,3482.2,3482.35,3478.55,3482,1074,
2024-03-01 10:22:00+05:30,3482,3485.85,3481.5,3482,2529,
2024-03-01 10:23:00+05:30,3480.4,3483.05,3479.85,3480,438,
2024-03-01 10:24:00+05:30,3480,3480,3478.55,3479.95,222,
2024-03-01 10:25:00+05:30,3479,3479.95,3475.3,3478.5,358,
2024-03-01 10:26:00+05:30,3478.65,3478.65,3476.9,3477.05,64,
2024-03-01 10:27:00+05:30,3477.05,3480,3477.05,3479.25,134,
2024-03-01 10:28:00+05:30,3479.25,3482,3478.45,3482,864,
2024-03-01 10:29:00+05:30,3482,3482.85,3480,3482,653,
2024-03-01 10:30:00+05:30,3482,3485,3482,3483,417,
2024-03-01 10:31:00+05:30,3483,3484.6,3483,3484.3,79,
2024-03-01 10:32:00+05:30,3484.3,3487.4,3483,3485.5,973,
2024-03-01 10:33:00+05:30,3485.5,3488.7,3485.4,3488.5,1402,
2024-03-01 10:34:00+05:30,3487,3487.85,3485.1,3486.55,187,
2024-03-01 10:35:00+05:30,3486.55,3486.95,3485.1,3485.15,68,
2024-03-01 10:36:00+05:30,3485.15,3486.8,3483.5,3483.5,233,
2024-03-01 10:37:00+05:30,3483.5,3484.45,3481.25,3481.25,667,
2024-03-01 10:38:00+05:30,3481.25,3484.2,3480.1,3484.2,83,
2024-03-01 10:39:00+05:30,3484.2,3485.9,3482.95,3484.1,241,
2024-03-01 10:40:00+05:30,3485.75,3486.9,3485.05,3486.9,128,
2024-03-01 10:41:00+05:30,3486.9,3487.8,3483.65,3484.15,122,
2024-03-01 10:42:00+05:30,3484.15,3484.2,3482.25,3483.35,86,
2024-03-01 10:43:00+05:30,3483.35,3483.35,3482,3483,59,
2024-03-01 10:44:00+05:30,3483,3483.35,3480.05,3482.05,223,
2024-03-01 10:45:00+05:30,3480.8,3483.15,3480.8,3481.5,225,
2024-03-01 10:46:00+05:30,3481.5,3482.85,3481,3481.75,253,
2024-03-01 10:47:00+05:30,3481.75,3481.8,3480,3480.25,491,
2024-03-01 10:48:00+05:30,3481.65,3483,3480.3,3481.8,658,
2024-03-01 10:49:00+05:30,3481.8,3486.95,3481.8,3483.7,428,
2024-03-01 10:50:00+05:30,3483.7,3488.9,3483.65,3485.2,549,
2024-03-01 10:51:00+05:30,3485.2,3486.55,3484.05,3486.4,86,
2024-03-01 10:52:00+05:30,3486.4,3486.85,3483.3,3484.95,777,
2024-03-01 10:53:00+05:30,3484.95,3484.95,3480,3480.9,786,
2024-03-01 10:54:00+05:30,3480.9,3481.8,3480,3481.15,494,
2024-03-01 10:55:00+05:30,3482.3,3482.65,3480,3480,317,
2024-03-01 10:56:00+05:30,3480,3480.9,3478.4,3480,8716,
2024-03-01 10:57:00+05:30,3480.05,3482.05,3480.05,3480.1,160,
2024-03-01 10:58:00+05:30,3480.1,3481.6,3480,3480,919,
2024-03-01 10:59:00+05:30,3480,3480.1,3480,3480.1,689,
2024-03-01 11:00:00+05:30,3480.1,3481.45,3480,3480,403,
2024-03-01 11:01:00+05:30,3480,3481.4,3480,3480.05,176,
2024-03-01 11:02:00+05:30,3480.05,3481.5,3480,3480,270,
2024-03-01 11:03:00+05:30,3480,3482,3480,3480.05,292,
2024-03-01 11:04:00+05:30,3482.25,3482.55,3480,3480.1,740,
2024-03-01 11:05:00+05:30,3480.1,3481.9,3480.1,3481.9,365,
2024-03-01 11:06:00+05:30,3482,3482.1,3480.55,3480.6,304,
2024-03-01 11:07:00+05:30,3480.6,3482.5,3480.55,3481.8,179,
2024-03-01 11:08:00+05:30,3481.5,3484.8,3481.2,3481.6,636,
2024-03-01 11:09:00+05:30,3481.6,3484.05,3481.6,3482.75,234,
2024-03-01 11:10:00+05:30,3482.2,3486,3482.15,3484.45,460,
2024-03-01 11:11:00+05:30,3484.5,3486.8,3482.05,3482.1,278,
2024-03-01 11:12:00+05:30,3482.1,3483.8,3480.65,3481.5,488,
2024-03-01 11:13:00+05:30,3481.5,3484.4,3480.7,3482.6,209,
2024-03-01 11:14:00+05:30,3482.6,3483.45,3480.85,3482.95,277,
2024-03-01 11:15:00+05:30,3482.95,3484.05,3481.7,3482.95,184,
2024-03-01 11:16:00+05:30,3482.95,3483.55,3481.1,3483.05,533,
2024-03-01 11:17:00+05:30,3481.4,3483.05,3481.1,3481.1,294,
2024-03-01 11:18:00+05:30,3481.1,3482.65,3481.1,3481.45,172,
2024-03-01 11:19:00+05:30,3481.1,3482.4,3480.2,3481.95,397,
2024-03-01 11:20:00+05:30,3480.65,3480.65,3480,3480,947,
2024-03-01 11:21:00+05:30,3480,3481.85,3480,3481.85,661,
2024-03-01 11:22:00+05:30,3480.35,3482.4,3480,3480.05,243,
2024-03-01 11:23:00+05:30,3480,3481.6,3480,3481,376,
2024-03-01 11:24:00+05:30,3481,3481.9,3481,3481.85,243,
2024-03-01 11:25:00+05:30,3481.85,3481.85,3480,3481.55,251,
2024-03-01 11:26:00+05:30,3481.6,3482.4,3480,3482.4,757,
2024-03-01 11:27:00+05:30,3482.4,3486.65,3480.85,3484.2,737,
2024-03-01 11:28:00+05:30,3484.2,3485.8,3484.2,3484.25,196,
2024-03-01 11:29:00+05:30,3484.45,3486.7,3483.9,3485.2,742,
2024-03-01 11:30:00+05:30,3485.8,3485.95,3482.75,3483.9,1411,
2024-03-01 11:31:00+05:30,3483.9,3485.05,3482.75,3482.95,215,
2024-03-01 11:32:00+05:30,3484.85,3484.95,3482.75,3484.15,368,
2024-03-01 11:33:00+05:30,3484.15,3484.75,3482.6,3484.55,194,
2024-03-01 11:34:00+05:30,3483.2,3489.45,3483.2,3487.9,844,
2024-03-01 11:35:00+05:30,3487.65,3489.65,3487.5,3487.5,490,
2024-03-01 11:36:00+05:30,3488.55,3488.55,3482.65,3485.2,687,
2024-03-01 11:37:00+05:30,3483.75,3486.95,3483.5,3486.45,375,
2024-03-01 11:38:00+05:30,3487.3,3488.75,3485.35,3486.3,243,
2024-03-01 11:39:00+05:30,3486.3,3489.35,3486.3,3488.95,923,
2024-03-01 11:40:00+05:30,3488.95,3490,3487,3488.2,421,
2024-03-01 11:41:00+05:30,3489.95,3493.8,3488.2,3493.8,2844,
2024-03-01 11:42:00+05:30,3493.7,3495.7,3489.55,3490.65,1982,
2024-03-01 11:43:00+05:30,3489.35,3492.5,3489,3491.45,506,
2024-03-01 11:44:00+05:30,3491.4,3492.35,3489,3490.65,670,
2024-03-01 11:45:00+05:30,3490.65,3491.15,3489,3490.95,237,
2024-03-01 11:46:00+05:30,3490.95,3490.95,3488,3489.8,252,
2024-03-01 11:47:00+05:30,3489.8,3492.35,3488,3490.55,1750,
2024-03-01 11:48:00+05:30,3490.55,3492.2,3488.85,3490.65,288,
2024-03-01 11:49:00+05:30,3490.65,3492.5,3488.7,3489.15,492,
2024-03-01 11:50:00+05:30,3489.15,3495.25,3489.15,3493.45,773,
2024-03-01 11:51:00+05:30,3493.45,3495,3491.55,3491.6,491,
2024-03-01 11:52:00+05:30,3491.6,3493.2,3491.2,3493.2,415,
2024-03-01 11:53:00+05:30,3493.3,3493.3,3490.8,3491,441,
2024-03-01 11:54:00+05:30,3490.8,3492.8,3490.75,3492.4,819,
2024-03-01 11:55:00+05:30,3492.4,3492.4,3490.9,3491.35,187,
2024-03-01 11:56:00+05:30,3491.35,3491.4,3489,3490.4,241,
2024-03-01 11:57:00+05:30,3490.4,3490.4,3487.6,3487.65,541,
2024-03-01 11:58:00+05:30,3488.9,3488.9,3486.05,3486.05,275,
2024-03-01 11:59:00+05:30,3486.95,3487.25,3485,3485.75,661,
2024-03-01 12:00:00+05:30,3485.75,3487.9,3484.25,3485.95,965,
2024-03-01 12:01:00+05:30,3485.95,3485.95,3484.1,3484.2,289,
2024-03-01 12:02:00+05:30,3485.85,3490.85,3484.2,3489,1483,
2024-03-01 12:03:00+05:30,3489,3489,3487.05,3488.55,364,
2024-03-01 12:04:00+05:30,3488.55,3488.9,3484.2,3484.2,320,
2024-03-01 12:05:00+05:30,3485.1,3487.8,3484.15,3486.65,209,
2024-03-01 12:06:00+05:30,3486.65,3487.75,3484.85,3485.4,248,
2024-03-01 12:07:00+05:30,3485.4,3487,3483.75,3484.25,309,
2024-03-01 12:08:00+05:30,3484.25,3487.7,3483.75,3485.95,876,
2024-03-01 12:09:00+05:30,3486.2,3487.8,3484.45,3487.65,303,
2024-03-01 12:10:00+05:30,3486.15,3488.95,3485.05,3488.95,392,
2024-03-01 12:11:00+05:30,3489,3489,3486.9,3488.05,240,
2024-03-01 12:12:00+05:30,3488.05,3488.05,3485.35,3487.5,262,
2024-03-01 12:13:00+05:30,3488.5,3490,3485.65,3487.55,574,
2024-03-01 12:14:00+05:30,3487.55,3488.15,3485.75,3485.75,240,
2024-03-01 12:15:00+05:30,3485.5,3489,3485.3,3487.05,325,
2024-03-01 12:16:00+05:30,3487.05,3490.25,3486.85,3490.25,351,
2024-03-01 12:17:00+05:30,3490.7,3490.85,3489.1,3489.1,432,
2024-03-01 12:18:00+05:30,3489.1,3491,3489.1,3489.1,532,
2024-03-01 12:19:00+05:30,3490,3490,3486.25,3486.7,616,
2024-03-01 12:20:00+05:30,3488.25,3488.95,3485.3,3488.75,413,
2024-03-01 12:21:00+05:30,3489,3490,3488.05,3490,744,
2024-03-01 12:22:00+05:30,3490,3491.25,3489,3489,435,
2024-03-01 12:23:00+05:30,3490,3490,3486.3,3486.75,560,
2024-03-01 12:24:00+05:30,3486.45,3487.7,3485,3486.75,869,
2024-03-01 12:25:00+05:30,3486.75,3488.15,3485,3485,244,
2024-03-01 12:26:00+05:30,3485.85,3486.55,3483.75,3483.75,245,
2024-03-01 12:27:00+05:30,3483.75,3486.1,3483.45,3483.5,722,
2024-03-01 12:28:00+05:30,3483.6,3486,3483,3485.95,416,
2024-03-01 12:29:00+05:30,3485.95,3485.95,3480.9,3482.35,681,
2024-03-01 12:30:00+05:30,3483.05,3485,3480.45,3484.8,408,
2024-03-01 12:31:00+05:30,3484.8,3484.8,3482,3483.6,245,
2024-03-01 12:32:00+05:30,3483.6,3485.45,3482.05,3482.7,512,
2024-03-01 12:33:00+05:30,3482.7,3485.35,3482.4,3483.4,280,
2024-03-01 12:34:00+05:30,3483.4,3487,3482.35,3486.05,1713,
2024-03-01 12:35:00+05:30,3487,3488.75,3482.65,3482.65,1048,
2024-03-01 12:36:00+05:30,3482.65,3483.85,3482.05,3482.1,264,
2024-03-01 12:37:00+05:30,3482.1,3485.5,3482.1,3484.75,360,
2024-03-01 12:38:00+05:30,3484.75,3487.5,3482.85,3487.5,594,
2024-03-01 12:39:00+05:30,3487.7,3490,3486.95,3489.75,1032,
2024-03-01 12:40:00+05:30,3489.75,3493.65,3487.75,3490.05,4486,
2024-03-01 12:41:00+05:30,3491.6,3491.95,3488.6,3491.85,4008,
2024-03-01 12:42:00+05:30,3491.85,3491.95,3488,3488.55,1876,
2024-03-01 12:43:00+05:30,3488.55,3491.7,3488.25,3489.8,1150,
2024-03-01 12:44:00+05:30,3489.8,3492,3488.6,3489.75,1969,
2024-03-01 12:45:00+05:30,3489.75,3490.85,3487.65,3489.75,825,
2024-03-01 12:46:00+05:30,3489.75,3490.85,3487.15,3489.55,1001,
2024-03-01 12:47:00+05:30,3489.6,3491,3487.6,3490.7,1057,
2024-03-01 12:48:00+05:30,3490.7,3490.8,3487,3489.85,1122,
2024-03-01 12:49:00+05:30,3489.85,3491,3487,3491,929,
2024-03-01 12:50:00+05:30,3491,3491,3488.3,3488.95,1177,
2024-03-01 12:51:00+05:30,3488.95,3490.95,3488,3490.3,863,
2024-03-01 12:52:00+05:30,3490.3,3491.25,3488.75,3490.7,866,
2024-03-01 12:53:00+05:30,3490.7,3490.85,3488.05,3488.4,844,
2024-03-01 12:54:00+05:30,3489,3490.65,3488.25,3488.3,909,
2024-03-01 12:55:00+05:30,3488.4,3490.7,3487,3490.7,835,
2024-03-01 12:56:00+05:30,3490.7,3490.9,3487.05,3488.25,1065,
2024-03-01 12:57:00+05:30,3488.95,3490.2,3487.55,3488.75,898,
2024-03-01 12:58:00+05:30,3488.75,3490,3488.4,3489.8,816,
2024-03-01 12:59:00+05:30,3489.8,3490.05,3488.2,3489,1191,
2024-03-01 13:00:00+05:30,3489,3490.1,3488,3489.6,744,
2024-03-01 13:01:00+05:30,3488,3490.65,3487,3490.35,1487,
2024-03-01 13:02:00+05:30,3490.35,3491.6,3488.55,3490.8,1865,
2024-03-01 13:03:00+05:30,3490.9,3491.6,3489.1,3491.15,2205,
2024-03-01 13:04:00+05:30,3491.15,3491.45,3488.2,3488.7,2128,
2024-03-01 13:05:00+05:30,3488.7,3491,3488.25,3489.4,932,
2024-03-01 13:06:00+05:30,3489.4,3490.95,3488.2,3488.25,953,
2024-03-01 13:07:00+05:30,3488.65,3490.9,3488.25,3489.95,980,
2024-03-01 13:08:00+05:30,3489.95,3490.65,3488,3489.5,800,
2024-03-01 13:09:00+05:30,3489.5,3491.15,3489.05,3489.65,999,
2024-03-01 13:10:00+05:30,3489.75,3491.15,3487.05,3487.4,1351,
2024-03-01 13:11:00+05:30,3487.4,3489.6,3487,3487.45,778,
2024-03-01 13:12:00+05:30,3487.45,3490.1,3487.2,3489.35,854,
2024-03-01 13:13:00+05:30,3489.35,3491.6,3488,3490.85,1335,
2024-03-01 13:14:00+05:30,3489,3491.15,3487.2,3489.75,1048,
2024-03-01 13:15:00+05:30,3489.8,3490.35,3487.8,3488.65,789,
2024-03-01 13:16:00+05:30,3489.7,3491.1,3488.65,3488.65,904,
2024-03-01 13:17:00+05:30,3489.2,3490.7,3487.5,3488.75,1062,
2024-03-01 13:18:00+05:30,3489.95,3491.2,3487.55,3489.6,984,
2024-03-01 13:19:00+05:30,3489.6,3490.9,3488.15,3490.9,765,
2024-03-01 13:20:00+05:30,3490.95,3491,3487.55,3489.55,2724,
2024-03-01 13:21:00+05:30,3488.25,3490.55,3487.55,3490.05,1110,
2024-03-01 13:22:00+05:30,3488.2,3491,3487.35,3488.2,966,
2024-03-01 13:23:00+05:30,3488.2,3491.95,3487.75,3490.05,1855,
2024-03-01 13:24:00+05:30,3488.55,3490.2,3487.75,3488.8,1562,
2024-03-01 13:25:00+05:30,3490.1,3490.1,3486.75,3488.95,1856,
2024-03-01 13:26:00+05:30,3488.95,3490.7,3487.1,3489.9,1109,
2024-03-01 13:27:00+05:30,3488.3,3491.3,3488.25,3490,910,
2024-03-01 13:28:00+05:30,3489.9,3491.5,3489.9,3491.4,1161,
2024-03-01 13:29:00+05:30,3491.5,3491.75,3488.85,3491.05,2923,
2024-03-01 13:30:00+05:30,3489.95,3491.6,3488.75,3489.65,1862,
2024-03-01 13:31:00+05:30,3489.65,3491.4,3489.1,3489.4,2252,
2024-03-01 13:32:00+05:30,3490.85,3491.85,3488.8,3490.45,2898,
2024-03-01 13:33:00+05:30,3490.45,3491.4,3488.8,3490.55,1604,
2024-03-01 13:34:00+05:30,3490.55,3491.35,3488.65,3491.1,2131,
2024-03-01 13:35:00+05:30,3490.95,3491.8,3489.1,3491,1945,
2024-03-01 13:36:00+05:30,3491,3491.35,3489.25,3490.2,2919,
2024-03-01 13:37:00+05:30,3490.85,3491.35,3488.85,3490.2,2142,
2024-03-01 13:38:00+05:30,3490.25,3491.2,3488.05,3488.9,1310,
2024-03-01 13:39:00+05:30,3490,3490.95,3488.75,3490.95,1154,
2024-03-01 13:40:00+05:30,3490.95,3491.1,3489.2,3490.1,1179,
2024-03-01 13:41:00+05:30,3490.15,3490.9,3488.55,3489.9,1159,
2024-03-01 13:42:00+05:30,3489.9,3490.95,3488.8,3489.65,1206,
2024-03-01 13:43:00+05:30,3489.65,3491.25,3488.6,3491.25,1163,
2024-03-01 13:44:00+05:30,3490,3490.9,3488.6,3490.8,1163,
2024-03-01 13:45:00+05:30,3490.8,3491.3,3488.65,3488.95,1255,
2024-03-01 13:46:00+05:30,3488.95,3490.95,3488,3488.9,1262,
2024-03-01 13:47:00+05:30,3488.9,3490.7,3488.1,3490.7,830,
2024-03-01 13:48:00+05:30,3490,3491.4,3487.6,3489.7,1616,
2024-03-01 13:49:00+05:30,3489.7,3490.5,3487.85,3490,859,
2024-03-01 13:50:00+05:30,3490.1,3491.15,3488.25,3489.45,1032,
2024-03-01 13:51:00+05:30,3489.7,3491.05,3488.5,3490.6,913,
2024-03-01 13:52:00+05:30,3490.55,3490.7,3487.05,3488.3,942,
2024-03-01 13:53:00+05:30,3487.85,3491.05,3487.75,3490.5,1367,
2024-03-01 13:54:00+05:30,3491.05,3491.1,3487.6,3488.15,1248,
2024-03-01 13:55:00+05:30,3488.55,3491,3488.35,3489.9,1114,
2024-03-01 13:56:00+05:30,3489.9,3490.9,3487.4,3489.6,1493,
2024-03-01 13:57:00+05:30,3489.6,3490.85,3487.65,3489.7,1009,
2024-03-01 13:58:00+05:30,3489.75,3491.05,3487.5,3488.1,1946,
2024-03-01 13:59:00+05:30,3490.15,3490.65,3488,3488.9,937,
2024-03-01 14:00:00+05:30,3488.85,3490.55,3487.8,3490.55,489,
2024-03-01 14:01:00+05:30,3487.75,3489.15,3485.05,3485.15,1094,
2024-03-01 14:02:00+05:30,3482.25,3485.65,3482.25,3484,2746,
2024-03-01 14:03:00+05:30,3484,3484.35,3480,3480,2039,
2024-03-01 14:04:00+05:30,3480,3482.55,3480,3481,780,
2024-03-01 14:05:00+05:30,3481,3485.4,3481,3485.4,309,
2024-03-01 14:06:00+05:30,3484.4,3486.7,3483.5,3483.5,593,
2024-03-01 14:07:00+05:30,3483.5,3485.65,3482,3485.15,314,
2024-03-01 14:08:00+05:30,3485.55,3485.55,3482.05,3482.05,276,
2024-03-01 14:09:00+05:30,3482.05,3483.75,3481.2,3481.2,268,
2024-03-01 14:10:00+05:30,3481.2,3483.1,3480,3480,364,
2024-03-01 14:11:00+05:30,3480,3481.9,3480,3481.2,423,
2024-03-01 14:12:00+05:30,3481.2,3483.75,3480,3481.7,383,
2024-03-01 14:13:00+05:30,3480.05,3482,3480,3482,250,
2024-03-01 14:14:00+05:30,3482,3482,3479.5,3480,1186,
2024-03-01 14:15:00+05:30,3480,3484,3480,3482.7,340,
2024-03-01 14:16:00+05:30,3484,3485.1,3483,3483.75,396,
2024-03-01 14:17:00+05:30,3483.75,3487.8,3483.75,3485.7,378,
2024-03-01 14:18:00+05:30,3484.35,3487.8,3483.7,3483.7,529,
2024-03-01 14:19:00+05:30,3483.3,3486.7,3480,3480.5,854,
2024-03-01 14:20:00+05:30,3480.5,3483.65,3480.5,3483.2,672,
2024-03-01 14:21:00+05:30,3483.5,3483.7,3481,3482.5,416,
2024-03-01 14:22:00+05:30,3482.5,3483.3,3478.45,3483.3,2066,
2024-03-01 14:23:00+05:30,3483.25,3483.95,3480,3480,947,
2024-03-01 14:24:00+05:30,3480,3482.5,3479.05,3480,818,
2024-03-01 14:25:00+05:30,3480,3481.85,3479.5,3481.7,447,
2024-03-01 14:26:00+05:30,3481.7,3482,3479,3480,587,
2024-03-01 14:27:00+05:30,3480,3480.85,3479.95,3480.45,205,
2024-03-01 14:28:00+05:30,3480.45,3483.95,3479.75,3482.1,449,
2024-03-01 14:29:00+05:30,3483.55,3483.95,3481.3,3483.5,357,
2024-03-01 14:30:00+05:30,3484,3486,3482.6,3483.35,373,
2024-03-01 14:31:00+05:30,3483.35,3485.45,3481.7,3483.3,262,
2024-03-01 14:32:00+05:30,3484.1,3484.1,3480,3480.5,639,
2024-03-01 14:33:00+05:30,3480.5,3482,3480,3480.45,1824,
2024-03-01 14:34:00+05:30,3480,3481.65,3479.5,3481.1,949,
2024-03-01 14:35:00+05:30,3481.65,3483,3480,3481.6,440,
2024-03-01 14:36:00+05:30,3483,3484.45,3481.5,3484.1,185,
2024-03-01 14:37:00+05:30,3484.3,3485.5,3483.55,3484.2,181,
2024-03-01 14:38:00+05:30,3484.2,3488.4,3484.2,3484.55,1058,
2024-03-01 14:39:00+05:30,3484.6,3486.25,3480.85,3482.45,495,
2024-03-01 14:40:00+05:30,3482.55,3485.95,3481.45,3484.1,324,
2024-03-01 14:41:00+05:30,3484.15,3485.85,3482.4,3483.35,129,
2024-03-01 14:42:00+05:30,3483.35,3486,3483.25,3485.1,200,
2024-03-01 14:43:00+05:30,3485.1,3485.9,3483.2,3483.85,263,
2024-03-01 14:44:00+05:30,3483.85,3485.5,3481.25,3481.35,1018,
2024-03-01 14:45:00+05:30,3481.3,3482.85,3480.5,3481,192,
2024-03-01 14:46:00+05:30,3480.3,3481.75,3480,3481.75,169,
2024-03-01 14:47:00+05:30,3480.4,3483.15,3480.4,3482.4,166,
2024-03-01 14:48:00+05:30,3483.15,3484.3,3480,3481.85,557,
2024-03-01 14:49:00+05:30,3482.8,3482.8,3480.05,3480.05,154,
2024-03-01 14:50:00+05:30,3480.1,3483.15,3480.1,3480.25,866,
2024-03-01 14:51:00+05:30,3480.25,3483,3480.25,3482.05,142,
2024-03-01 14:52:00+05:30,3482.15,3482.6,3480.6,3481.55,386,
2024-03-01 14:53:00+05:30,3481.55,3482.3,3480,3481.1,452,
2024-03-01 14:54:00+05:30,3481.1,3481.6,3480,3480.05,480,
2024-03-01 14:55:00+05:30,3480.05,3481.45,3480,3480.05,548,
2024-03-01 14:56:00+05:30,3480.65,3482.75,3480,3481.9,542,
2024-03-01 14:57:00+05:30,3482.8,3484.95,3481.35,3482.8,477,
2024-03-01 14:58:00+05:30,3482.8,3483.8,3480.55,3481.25,759,
2024-03-01 14:59:00+05:30,3481.25,3484.45,3481.25,3482.75,616,
2024-03-01 15:00:00+05:30,3484.4,3487.85,3482.35,3485.05,4646,
2024-03-01 15:01:00+05:30,3485.1,3485.45,3481.95,3482.55,889,
2024-03-01 15:02:00+05:30,3482.55,3483.15,3478.6,3480.05,3494,
2024-03-01 15:03:00+05:30,3481.25,3482.6,3481,3481,1023,
2024-03-01 15:04:00+05:30,3478.75,3481.3,3478.3,3479.75,1610,
2024-03-01 15:05:00+05:30,3479.15,3480.2,3477.8,3479,1515,
2024-03-01 15:06:00+05:30,3479,3480.45,3479,3479.4,830,
2024-03-01 15:07:00+05:30,3479.4,3480.7,3479.4,3480.55,1247,
2024-03-01 15:08:00+05:30,3480.55,3481.35,3479,3480,1160,
2024-03-01 15:09:00+05:30,3479,3482.9,3478.9,3482.9,1964,
2024-03-01 15:10:00+05:30,3482.9,3482.9,3479.4,3482.35,2464,
2024-03-01 15:11:00+05:30,3482.35,3482.65,3480,3480.4,1719,
2024-03-01 15:12:00+05:30,3480.4,3482,3478.3,3480,3358,
2024-03-01 15:13:00+05:30,3480,3481.9,3478.6,3480.85,1525,
2024-03-01 15:14:00+05:30,3481,3482.4,3480,3482.05,1941,
2024-03-01 15:15:00+05:30,3482.05,3485.85,3479.4,3485.1,5389,
2024-03-01 15:16:00+05:30,3485.1,3485.3,3480.35,3482.75,1705,
2024-03-01 15:17:00+05:30,3483.2,3483.2,3480,3480,1539,
2024-03-01 15:18:00+05:30,3480.6,3480.95,3478.35,3480.6,2743,
2024-03-01 15:19:00+05:30,3480.35,3482.75,3480.35,3480.8,1309,
2024-03-01 15:20:00+05:30,3481.65,3482.75,3478.15,3480,4021,
2024-03-01 15:21:00+05:30,3480,3482.25,3480,3482.25,1168,
2024-03-01 15:22:00+05:30,3482.25,3483.5,3481.7,3482.4,1680,
2024-03-01 15:23:00+05:30,3482.85,3485,3482.05,3484.9,1944,
2024-03-01 15:24:00+05:30,3484.65,3485.8,3481.45,3481.45,1643,
2024-03-01 15:25:00+05:30,3481.4,3485.4,3481,3483.95,1615,
2024-03-01 15:26:00+05:30,3483.9,3483.9,3481.75,3483.75,1375,
2024-03-01 15:27:00+05:30,3481.7,3483.75,3479.8,3480,1616,
2024-03-01 15:28:00+05:30,3480.05,3482.55,3480,3482.55,1207,
2024-03-01 15:29:00+05:30,3480.1,3488,3479,3483,7432,
2024-03-02 09:15:00+05:30,3514,3544.95,3500.9,3523.8,2399,
2024-03-02 09:16:00+05:30,3523.8,3523.8,3510,3520,1461,
2024-03-02 09:17:00+05:30,3520,3522.5,3510,3514.05,1018,
2024-03-02 09:18:00+05:30,3514.05,3515,3510,3510,2020,
2024-03-02 09:19:00+05:30,3510,3511.9,3501.85,3502.05,1120,
2024-03-02 09:20:00+05:30,3502.05,3511.3,3502.05,3511.2,763,
2024-03-02 09:21:00+05:30,3511.2,3511.2,3508.65,3509.95,193,
2024-03-02 09:22:00+05:30,3509.9,3510.3,3508.05,3508.05,96,
2024-03-02 09:23:00+05:30,3508.05,3508.2,3501.6,3501.6,477,
2024-03-02 09:24:00+05:30,3501.6,3504.3,3501.6,3501.95,89,
2024-03-02 09:25:00+05:30,3501.95,3502.55,3500.2,3500.4,93,
2024-03-02 09:26:00+05:30,3500.4,3505,3500.4,3501.85,245,
2024-03-02 09:27:00+05:30,3501.85,3503.75,3500.1,3503.75,137,
2024-03-02 09:28:00+05:30,3503.75,3505,3501.2,3504.5,146,
2024-03-02 09:29:00+05:30,3504.5,3505,3501.95,3505,61,
2024-03-02 09:30:00+05:30,3505,3506.9,3503,3506.1,243,
2024-03-02 09:31:00+05:30,3506.1,3507.3,3504.65,3504.65,21,
2024-03-02 09:32:00+05:30,3504.65,3507.1,3504.65,3504.85,78,
2024-03-02 09:33:00+05:30,3504.85,3506.8,3504.65,3505.1,9,
2024-03-02 09:34:00+05:30,3505.1,3507.75,3504.3,3507.1,113,
2024-03-02 09:35:00+05:30,3506.4,3506.55,3504,3506.55,111,
2024-03-02 09:36:00+05:30,3504.2,3506.1,3502.5,3502.5,109,
2024-03-02 09:37:00+05:30,3504.9,3504.9,3501.25,3504.15,72,
2024-03-02 09:38:00+05:30,3504,3504.05,3499.1,3501.25,283,
2024-03-02 09:39:00+05:30,3501.25,3501.25,3498,3500,32,
2024-03-02 09:40:00+05:30,3500,3504.9,3500,3504.35,131,
2024-03-02 09:41:00+05:30,3504.35,3504.5,3490.05,3492.1,830,
2024-03-02 09:42:00+05:30,3492.1,3495.2,3492.1,3494.95,124,
2024-03-02 09:43:00+05:30,3494.95,3494.95,3492.7,3493.65,54,
2024-03-02 09:44:00+05:30,3493.65,3494.95,3492.05,3494.95,94,
2024-03-02 09:45:00+05:30,3494.95,3494.95,3492.6,3494.8,295,
2024-03-02 09:46:00+05:30,3494.8,3497.75,3492,3492.05,155,
2024-03-02 09:47:00+05:30,3492.05,3497.35,3492.05,3497.35,73,
2024-03-02 09:48:00+05:30,3497.35,3499.25,3494.1,3497,196,
2024-03-02 09:49:00+05:30,3497,3503.95,3497,3500.8,138,
2024-03-02 09:50:00+05:30,3500.8,3505,3500.8,3505,288,
2024-03-02 09:51:00+05:30,3505,3505,3504,3504,12,
2024-03-02 09:52:00+05:30,3504,3507,3502.05,3507,158,
2024-03-02 09:53:00+05:30,3507,3507,3505,3507,70,
2024-03-02 09:54:00+05:30,3507,3507,3505.05,3507,82,
2024-03-02 09:55:00+05:30,3507,3507.9,3505.1,3507.9,188,
2024-03-02 09:56:00+05:30,3507.9,3514,3507.9,3512.4,283,
2024-03-02 09:57:00+05:30,3512.4,3512.4,3507.7,3511.95,305,
2024-03-02 09:58:00+05:30,3511.95,3512.35,3507,3510.8,552,
2024-03-02 09:59:00+05:30,3510,3513,3508,3513,88,
2024-03-02 11:30:00+05:30,3524,3524,3495.55,3506.6,455,
2024-03-02 11:31:00+05:30,3506.6,3509.25,3500,3508.7,475,
2024-03-02 11:32:00+05:30,3508.7,3508.7,3504.95,3504.95,68,
2024-03-02 11:33:00+05:30,3504.95,3508.3,3504.05,3508.3,128,
2024-03-02 11:34:00+05:30,3508.3,3508.7,3505.2,3508.55,17,
2024-03-02 11:35:00+05:30,3504.25,3508.4,3504.25,3508.4,9,
2024-03-02 11:36:00+05:30,3508.4,3508.4,3505,3505.5,55,
2024-03-02 11:37:00+05:30,3505.5,3506.55,3504.8,3505,360,
2024-03-02 11:38:00+05:30,3505,3505,3505,3505,36,
2024-03-02 11:39:00+05:30,3505,3506.6,3504.25,3506,292,
2024-03-02 11:40:00+05:30,3506,3506,3504.1,3505.2,277,
2024-03-02 11:41:00+05:30,3505.2,3505.3,3501.1,3505.3,27,
2024-03-02 11:42:00+05:30,3501.15,3506.45,3501.15,3505.3,46,
2024-03-02 11:43:00+05:30,3505.3,3506.45,3502.1,3502.2,124,
2024-03-02 11:44:00+05:30,3506.5,3506.65,3502.05,3503.2,644,
2024-03-02 11:45:00+05:30,3503.2,3507.1,3503,3504,239,
2024-03-02 11:46:00+05:30,3504,3507.25,3500.05,3507,407,
2024-03-02 11:47:00+05:30,3507,3507.05,3500.05,3506.8,226,
2024-03-02 11:48:00+05:30,3506.8,3506.85,3506.1,3506.85,33,
2024-03-02 11:49:00+05:30,3506.85,3506.85,3502.15,3502.15,179,
2024-03-02 11:50:00+05:30,3502.15,3506.55,3502.15,3505,8,
2024-03-02 11:51:00+05:30,3505,3506.6,3505,3506,424,
2024-03-02 11:52:00+05:30,3506,3506.65,3502.35,3502.35,359,
2024-03-02 11:53:00+05:30,3502.6,3505.7,3500.05,3504.95,233,
2024-03-02 11:54:00+05:30,3504.95,3504.95,3500,3500,184,
2024-03-02 11:55:00+05:30,3500,3502.5,3500,3500.35,33,
2024-03-02 11:56:00+05:30,3502.95,3502.95,3502.35,3502.45,10,
2024-03-02 11:57:00+05:30,3502.45,3502.8,3496.05,3501,262,
2024-03-02 11:58:00+05:30,3501,3502,3500.95,3502,50,
2024-03-02 11:59:00+05:30,3502,3502.95,3500.05,3502.9,128,
2024-03-02 12:00:00+05:30,3500.05,3502.8,3500.05,3501.95,49,
2024-03-02 12:01:00+05:30,3501.95,3502.9,3500.05,3500.8,77,
2024-03-02 12:02:00+05:30,3500.8,3502.8,3500.05,3502.8,246,
2024-03-02 12:03:00+05:30,3502.8,3502.85,3500,3500.8,67,
2024-03-02 12:04:00+05:30,3500.8,3502.55,3500.15,3502,56,
2024-03-02 12:05:00+05:30,3502,3503.15,3501.35,3503.15,280,
2024-03-02 12:06:00+05:30,3503.15,3503.15,3500.85,3503,235,
2024-03-02 12:07:00+05:30,3500.9,3503.65,3500.85,3503.65,125,
2024-03-02 12:08:00+05:30,3503.65,3504.45,3500.85,3504.15,32,
2024-03-02 12:09:00+05:30,3504.15,3504.85,3501.6,3504.35,135,
2024-03-02 12:10:00+05:30,3504.35,3504.9,3501.65,3502.1,32,
2024-03-02 12:11:00+05:30,3502.1,3504.9,3502.05,3504.9,25,
2024-03-02 12:12:00+05:30,3505,3507.4,3505,3506.05,647,
2024-03-02 12:13:00+05:30,3507.4,3508,3506.2,3508,162,
2024-03-02 12:14:00+05:30,3508,3508,3506,3507.95,55,
2024-03-02 12:15:00+05:30,3507.95,3507.95,3506,3507.3,89,
2024-03-02 12:16:00+05:30,3507.3,3507.3,3505,3506.7,432,
2024-03-02 12:17:00+05:30,3507.15,3507.95,3505,3507.05,336,
2024-03-02 12:18:00+05:30,3505.05,3509.7,3505,3508.95,687,
2024-03-02 12:19:00+05:30,3508.95,3515,3507,3515,1304,
2024-03-02 12:20:00+05:30,3515,3515.95,3510,3514.15,484,
2024-03-02 12:21:00+05:30,3514.15,3514.15,3512,3512,3,
2024-03-02 12:22:00+05:30,3512,3512,3510,3510,474,
2024-03-02 12:23:00+05:30,3510,3511,3510,3510,1019,
2024-03-02 12:24:00+05:30,3510.4,3512,3510,3510,425,
2024-03-02 12:25:00+05:30,3510,3511,3510,3510,290,
2024-03-02 12:26:00+05:30,3510,3511,3510,3511,474,
2024-03-02 12:27:00+05:30,3510,3511,3510,3510.95,471,
2024-03-02 12:28:00+05:30,3510.95,3511,3510,3510,53,
2024-03-02 12:29:00+05:30,3511,3512.9,3510,3512.8,546,
2024-03-04 09:15:00+05:30,3514.8,3525.8,3505.4,3508.7,2179,
2024-03-04 09:16:00+05:30,3508.7,3515,3505.5,3511.4,574,
2024-03-04 09:17:00+05:30,3510.05,3513.9,3509.25,3511.05,649,
2024-03-04 09:18:00+05:30,3511.05,3515,3506.6,3507.3,534,
2024-03-04 09:19:00+05:30,3505.8,3511.5,3505.1,3509,1464,
2024-03-04 09:20:00+05:30,3509,3510.75,3503.1,3503.1,709,
2024-03-04 09:21:00+05:30,3504.05,3508.7,3503.6,3508.65,572,
2024-03-04 09:22:00+05:30,3508.65,3508.7,3505.65,3507.4,301,
2024-03-04 09:23:00+05:30,3507.4,3510,3506.65,3510,445,
2024-03-04 09:24:00+05:30,3509.65,3510,3507.65,3508.3,176,
2024-03-04 09:25:00+05:30,3508.1,3512.7,3507.4,3512.45,765,
2024-03-04 09:26:00+05:30,3512.35,3514.7,3510.2,3511.3,695,
2024-03-04 09:27:00+05:30,3512,3513.7,3510.2,3510.75,302,
2024-03-04 09:28:00+05:30,3510.75,3512.1,3507.2,3507.2,677,
2024-03-04 09:29:00+05:30,3507.2,3508.5,3505.05,3505.2,591,
2024-03-04 09:30:00+05:30,3505.2,3510,3505.05,3508.15,1015,
2024-03-04 09:31:00+05:30,3505.75,3508.3,3505.3,3506,504,
2024-03-04 09:32:00+05:30,3508,3510.65,3505.05,3505.2,1407,
2024-03-04 09:33:00+05:30,3505.2,3509.75,3505,3507.05,815,
2024-03-04 09:34:00+05:30,3507.1,3509.95,3506.9,3507.85,725,
2024-03-04 09:35:00+05:30,3507.85,3513.95,3507.5,3512.8,1540,
2024-03-04 09:36:00+05:30,3512.5,3515.6,3512.25,3513,796,
2024-03-04 09:37:00+05:30,3515.65,3516,3512,3513.6,2457,
2024-03-04 09:38:00+05:30,3515,3519.6,3513.6,3519.6,1478,
2024-03-04 09:39:00+05:30,3516.8,3518.65,3515.1,3515.25,2224,
2024-03-04 09:40:00+05:30,3515.2,3520.05,3515.2,3517.5,2228,
2024-03-04 09:41:00+05:30,3517.55,3526.25,3517.5,3524.7,3788,
2024-03-04 09:42:00+05:30,3524.7,3529.95,3523.6,3528.9,2212,
2024-03-04 09:43:00+05:30,3528.9,3529.95,3527.2,3527.5,1862,
2024-03-04 09:44:00+05:30,3527,3529.4,3526,3529,1388,
2024-03-04 09:45:00+05:30,3530,3538.5,3528.1,3535.6,5251,
2024-03-04 09:46:00+05:30,3535.95,3541.7,3535.2,3541.7,5767,
2024-03-04 09:47:00+05:30,3539.65,3542,3537.15,3537.6,1249,
2024-03-04 09:48:00+05:30,3538,3539,3533.25,3535.95,1690,
2024-03-04 09:49:00+05:30,3535.65,3537.95,3531.4,3533.3,1292,
2024-03-04 09:50:00+05:30,3533,3537.6,3533,3535.6,448,
2024-03-04 09:51:00+05:30,3535.6,3539.85,3535.35,3536.9,1734,
2024-03-04 09:52:00+05:30,3536.9,3537,3533,3535.8,1771,
2024-03-04 09:53:00+05:30,3535.8,3535.8,3530.6,3533.05,1831,
2024-03-04 09:54:00+05:30,3533.05,3533.75,3530.55,3532.7,795,
2024-03-04 09:55:00+05:30,3530.55,3530.95,3527.2,3528.05,1115,
2024-03-04 09:56:00+05:30,3528.05,3529.65,3526.35,3528,1059,
2024-03-04 09:57:00+05:30,3528,3530,3525.9,3527.9,651,
2024-03-04 09:58:00+05:30,3527.9,3527.9,3521.2,3521.7,2262,
2024-03-04 09:59:00+05:30,3521.7,3522.25,3517.35,3520.7,4896,
2024-03-04 10:00:00+05:30,3520.95,3520.95,3518,3520.15,960,
2024-03-04 10:01:00+05:30,3520.15,3530,3519.4,3528,2103,
2024-03-04 10:02:00+05:30,3526.05,3526.05,3522.05,3522.05,443,
2024-03-04 10:03:00+05:30,3522.05,3526.55,3522,3526.55,467,
2024-03-04 10:04:00+05:30,3526.55,3526.85,3522.35,3522.5,913,
2024-03-04 10:05:00+05:30,3522.5,3525.7,3522.5,3525.1,707,
2024-03-04 10:06:00+05:30,3523.25,3525.05,3520.25,3522,755,
2024-03-04 10:07:00+05:30,3522,3522.55,3518.4,3520.2,649,
2024-03-04 10:08:00+05:30,3520.2,3522.25,3519.2,3520.5,495,
2024-03-04 10:09:00+05:30,3520.5,3523.5,3520.5,3521.9,414,
2024-03-04 10:10:00+05:30,3521.9,3523.05,3519.25,3519.25,774,
2024-03-04 10:11:00+05:30,3520.6,3520.6,3516.2,3516.8,1309,
2024-03-04 10:12:00+05:30,3517.1,3518.9,3516.8,3517.3,247,
2024-03-04 10:13:00+05:30,3517.3,3519,3515.5,3517.15,1252,
2024-03-04 10:14:00+05:30,3518,3518.25,3516.45,3516.6,216,
2024-03-04 10:15:00+05:30,3516.55,3521.75,3516.5,3518.85,708,
2024-03-04 10:16:00+05:30,3518.85,3521.9,3518.85,3520.2,255,
2024-03-04 10:17:00+05:30,3520.2,3520.25,3515.55,3516.5,950,
2024-03-04 10:18:00+05:30,3516.5,3519.3,3515.55,3517.15,480,
2024-03-04 10:19:00+05:30,3517.15,3519.5,3516.6,3516.6,583,
2024-03-04 10:20:00+05:30,3516.6,3518.1,3516.35,3518,240,
2024-03-04 10:21:00+05:30,3518,3519.35,3516.7,3516.7,308,
2024-03-04 10:22:00+05:30,3516.7,3517.8,3514.2,3514.6,881,
2024-03-04 10:23:00+05:30,3514.9,3519.5,3513,3518.1,1442,
2024-03-04 10:24:00+05:30,3517.65,3519.65,3517.35,3518.45,259,
2024-03-04 10:25:00+05:30,3519.75,3519.75,3517.4,3517.95,317,
2024-03-04 10:26:00+05:30,3517.95,3518.9,3517.55,3518.9,192,
2024-03-04 10:27:00+05:30,3518.9,3519.45,3517.55,3517.6,161,
2024-03-04 10:28:00+05:30,3517.6,3519.8,3517.55,3517.55,377,
2024-03-04 10:29:00+05:30,3517.55,3519,3517.55,3517.85,174,
2024-03-04 10:30:00+05:30,3517.85,3519.3,3517.8,3518.2,173,
2024-03-04 10:31:00+05:30,3518.2,3519.1,3518,3518.15,180,
2024-03-04 10:32:00+05:30,3518.15,3519.9,3517.65,3517.65,1148,
2024-03-04 10:33:00+05:30,3517.65,3520,3517.65,3518.1,407,
2024-03-04 10:34:00+05:30,3518.1,3520.5,3515.05,3515.05,927,
2024-03-04 10:35:00+05:30,3515.05,3516.65,3515,3515.1,289,
2024-03-04 10:36:00+05:30,3515,3515,3511.75,3511.75,2315,
2024-03-04 10:37:00+05:30,3511.75,3513.05,3510.55,3510.55,239,
2024-03-04 10:38:00+05:30,3510.55,3512.75,3510,3511.65,1263,
2024-03-04 10:39:00+05:30,3511.65,3514.5,3511.2,3514.15,685,
2024-03-04 10:40:00+05:30,3514.5,3517.65,3514,3517.15,447,
2024-03-04 10:41:00+05:30,3517.15,3519.25,3516,3518.75,455,
2024-03-04 10:42:00+05:30,3518.75,3518.75,3514,3514.2,1291,
2024-03-04 10:43:00+05:30,3514.9,3516.15,3514.15,3515.45,417,
2024-03-04 10:44:00+05:30,3515.45,3515.45,3512.9,3513,485,
2024-03-04 10:45:00+05:30,3514.2,3514.25,3511,3511.2,1075,
2024-03-04 10:46:00+05:30,3511.2,3512.95,3510,3511.45,730,
2024-03-04 10:47:00+05:30,3511.45,3511.6,3510,3510,699,
2024-03-04 10:48:00+05:30,3510,3512.5,3510,3512,677,
2024-03-04 10:49:00+05:30,3512,3512,3510.45,3510.5,207,
2024-03-04 10:50:00+05:30,3510.5,3511.95,3508.2,3508.7,3444,
2024-03-04 10:51:00+05:30,3508.7,3510.95,3507.05,3509.7,796,
2024-03-04 10:52:00+05:30,3509.7,3510,3508.1,3508.2,423,
2024-03-04 10:53:00+05:30,3510,3510.15,3507.05,3508.3,1482,
2024-03-04 10:54:00+05:30,3508.3,3509.45,3508,3508,354,
2024-03-04 10:55:00+05:30,3508,3508,3501,3501.15,1509,
2024-03-04 10:56:00+05:30,3501.15,3506.2,3501,3503.75,763,
2024-03-04 10:57:00+05:30,3503.75,3506.4,3501.55,3506,640,
2024-03-04 10:58:00+05:30,3506,3507.05,3505.4,3505.4,272,
2024-03-04 10:59:00+05:30,3505.45,3505.5,3502.35,3502.6,1357,
2024-03-04 11:00:00+05:30,3502.6,3506,3502.6,3504.9,640,
2024-03-04 11:01:00+05:30,3504.9,3509,3504,3506.6,867,
2024-03-04 11:02:00+05:30,3506.6,3508.9,3505,3505.7,1390,
2024-03-04 11:03:00+05:30,3506.5,3507.4,3504.9,3505.05,664,
2024-03-04 11:04:00+05:30,3505.05,3506,3504.55,3504.55,746,
2024-03-04 11:05:00+05:30,3504.55,3508.5,3503.05,3507,1400,
2024-03-04 11:06:00+05:30,3507,3509.1,3504.9,3506.85,898,
2024-03-04 11:07:00+05:30,3505.55,3506.85,3505.3,3506,365,
2024-03-04 11:08:00+05:30,3505.9,3505.9,3503.2,3503.3,895,
2024-03-04 11:09:00+05:30,3503.3,3506.95,3503.05,3503.05,763,
2024-03-04 11:10:00+05:30,3503.05,3508.9,3503.05,3505.55,1271,
2024-03-04 11:11:00+05:30,3506.65,3510.05,3505.65,3507.85,1517,
2024-03-04 11:12:00+05:30,3507.35,3508.5,3504.05,3504.2,1243,
2024-03-04 11:13:00+05:30,3504.2,3507.75,3504.05,3505.4,1338,
2024-03-04 11:14:00+05:30,3505.4,3506.9,3502.75,3503.85,1272,
2024-03-04 11:15:00+05:30,3503.85,3504.85,3502,3503.1,982,
2024-03-04 11:16:00+05:30,3503.1,3504.8,3502.25,3503.6,1076,
2024-03-04 11:17:00+05:30,3504.8,3504.8,3502.7,3502.7,661,
2024-03-04 11:18:00+05:30,3502.85,3504.15,3501.4,3501.55,586,
2024-03-04 11:19:00+05:30,3501.55,3502.7,3501.35,3502,403,
2024-03-04 11:20:00+05:30,3502,3502.3,3501.15,3501.5,721,
2024-03-04 11:21:00+05:30,3501.5,3504,3501.05,3501.3,720,
2024-03-04 11:22:00+05:30,3501.2,3502.5,3501.05,3502.05,623,
2024-03-04 11:23:00+05:30,3502.05,3504.9,3501.3,3501.5,563,
2024-03-04 11:24:00+05:30,3501.5,3508.8,3501.2,3508.25,1446,
2024-03-04 11:25:00+05:30,3508.25,3511.65,3505.65,3506.8,1474,
2024-03-04 11:26:00+05:30,3506.8,3506.85,3502.55,3503.15,988,
2024-03-04 11:27:00+05:30,3502.65,3505.75,3502.4,3504.55,908,
2024-03-04 11:28:00+05:30,3504.55,3506,3503.4,3504.4,862,
2024-03-04 11:29:00+05:30,3505.25,3505.25,3501.95,3501.95,886,
2024-03-04 11:30:00+05:30,3501.85,3503.9,3501.85,3501.85,1116,
2024-03-04 11:31:00+05:30,3501.85,3503.7,3501.2,3501.5,1014,
2024-03-04 11:32:00+05:30,3501.5,3502.85,3501.05,3501.6,840,
2024-03-04 11:33:00+05:30,3501.6,3501.6,3500,3500.15,1412,
2024-03-04 11:34:00+05:30,3500.1,3500.15,3499.25,3499.25,877,
2024-03-04 11:35:00+05:30,3499.25,3500,3498.25,3499.3,1392,
2024-03-04 11:36:00+05:30,3499.15,3501.8,3498.8,3501.05,2467,
2024-03-04 11:37:00+05:30,3501.05,3505.4,3500.45,3505.4,1079,
2024-03-04 11:38:00+05:30,3505.4,3510.1,3503.85,3504.65,3680,
2024-03-04 11:39:00+05:30,3504.65,3505.95,3501,3504.1,1451,
2024-03-04 11:40:00+05:30,3504.1,3505.65,3503.25,3503.3,573,
2024-03-04 11:41:00+05:30,3503.3,3505.25,3502.55,3503.55,544,
2024-03-04 11:42:00+05:30,3502.55,3503.6,3502.1,3502.55,593,
2024-03-04 11:43:00+05:30,3502.55,3503.25,3501.05,3502.95,1124,
2024-03-04 11:44:00+05:30,3502.95,3505.75,3501.8,3503.2,636,
2024-03-04 11:45:00+05:30,3503.15,3504.75,3502.65,3503.65,612,
2024-03-04 11:46:00+05:30,3503.65,3505.3,3503.05,3503.5,782,
2024-03-04 11:47:00+05:30,3503.5,3508,3503.4,3507.8,969,
2024-03-04 11:48:00+05:30,3507.2,3507.8,3503.5,3504.4,734,
2024-03-04 11:49:00+05:30,3505.15,3505.75,3503.45,3504.9,576,
2024-03-04 11:50:00+05:30,3504.9,3506.35,3503.3,3504.6,751,
2024-03-04 11:51:00+05:30,3504.6,3506.3,3504.25,3505,1586,
2024-03-04 11:52:00+05:30,3506.95,3506.95,3503.3,3503.3,994,
2024-03-04 11:53:00+05:30,3503.3,3506.3,3503,3504.55,831,
2024-03-04 11:54:00+05:30,3504.55,3504.55,3497.2,3497.2,3349,
2024-03-04 11:55:00+05:30,3498.75,3498.75,3494,3494.45,3336,
2024-03-04 11:56:00+05:30,3495.35,3495.55,3487.15,3487.7,2777,
2024-03-04 11:57:00+05:30,3487.7,3489.45,3485.45,3487,639,
2024-03-04 11:58:00+05:30,3487,3489.2,3485.1,3488.6,1713,
2024-03-04 11:59:00+05:30,3488.6,3492,3487.35,3490.25,843,
2024-03-04 12:00:00+05:30,3491.4,3491.4,3487.95,3487.95,659,
2024-03-04 12:01:00+05:30,3487.95,3491.2,3487.95,3491.2,660,
2024-03-04 12:02:00+05:30,3491.7,3497,3490.55,3497,700,
2024-03-04 12:03:00+05:30,3497,3499.75,3496.5,3498.7,1251,
2024-03-04 12:04:00+05:30,3498.7,3500,3497.65,3499.25,1067,
2024-03-04 12:05:00+05:30,3499.25,3500.1,3498,3498,1612,
2024-03-04 12:06:00+05:30,3498,3498.55,3495.5,3496.85,290,
2024-03-04 12:07:00+05:30,3495.5,3496,3493.15,3494.15,646,
2024-03-04 12:08:00+05:30,3494.15,3497.9,3493.75,3494.9,355,
2024-03-04 12:09:00+05:30,3494.5,3497.55,3494,3495.45,2161,
2024-03-04 12:10:00+05:30,3495.45,3495.45,3492.95,3493.65,643,
2024-03-04 12:11:00+05:30,3493.65,3495.2,3493.65,3494.2,582,
2024-03-04 12:12:00+05:30,3494.2,3498.25,3493.65,3495.35,1169,
2024-03-04 12:13:00+05:30,3495.35,3496.7,3493.9,3495.5,672,
2024-03-04 12:14:00+05:30,3495.5,3497.9,3493.65,3496.85,100645,
2024-03-04 12:15:00+05:30,3496.85,3497.95,3494.65,3497.95,600,
2024-03-04 12:16:00+05:30,3497.95,3498.95,3496.5,3498.75,459,
2024-03-04 12:17:00+05:30,3498.75,3499.9,3497.8,3499.8,534,
2024-03-04 12:18:00+05:30,3499.9,3500,3497.55,3499.6,1049,
2024-03-04 12:19:00+05:30,3499.6,3499.7,3495.8,3495.9,1162,
2024-03-04 12:20:00+05:30,3495.95,3499.85,3495.5,3499.3,795,
2024-03-04 12:21:00+05:30,3498.9,3502.5,3495.75,3496.4,3283,
2024-03-04 12:22:00+05:30,3497.5,3498.15,3495.05,3496.4,748,
2024-03-04 12:23:00+05:30,3496.4,3497.6,3495.6,3497.15,400,
2024-03-04 12:24:00+05:30,3497.15,3498.2,3495.5,3496.65,508,
2024-03-04 12:25:00+05:30,3496.65,3497.5,3494.45,3496.4,1622,
2024-03-04 12:26:00+05:30,3496.4,3498.2,3495.25,3496.2,1463,
2024-03-04 12:27:00+05:30,3496.2,3499.35,3496.2,3498.35,447,
2024-03-04 12:28:00+05:30,3498.3,3500,3496.3,3496.95,670,
2024-03-04 12:29:00+05:30,3496.95,3498.85,3496.2,3497.1,560,
2024-03-04 12:30:00+05:30,3497.1,3500,3496.3,3497.1,529,
2024-03-04 12:31:00+05:30,3497.8,3498.5,3495,3495,773,
2024-03-04 12:32:00+05:30,3495,3499.05,3494.15,3494.25,527,
2024-03-04 12:33:00+05:30,3494.25,3495.25,3491.05,3492.9,867,
2024-03-04 12:34:00+05:30,3492.9,3493.05,3491.55,3492.45,138,
2024-03-04 12:35:00+05:30,3492.45,3492.45,3491.55,3492,135,
2024-03-04 12:36:00+05:30,3492,3494.2,3492,3493.05,277,
2024-03-04 12:37:00+05:30,3493.05,3493.7,3492.05,3492.05,279,
2024-03-04 12:38:00+05:30,3492.1,3493.5,3492.1,3493.5,201,
2024-03-04 12:39:00+05:30,3493.5,3493.5,3492.6,3493.5,107,
2024-03-04 12:40:00+05:30,3493.5,3493.5,3491,3492.2,659,
2024-03-04 12:41:00+05:30,3492.2,3492.2,3491,3491.25,417,
2024-03-04 12:42:00+05:30,3491.25,3493.5,3491.2,3491.6,49,
2024-03-04 12:43:00+05:30,3491.6,3491.9,3489,3490,382,
2024-03-04 12:44:00+05:30,3490,3490,3487.1,3487.85,1475,
2024-03-04 12:45:00+05:30,3487.85,3491.55,3487.3,3489.7,1777,
2024-03-04 12:46:00+05:30,3489.55,3491.25,3488,3490.35,4309,
2024-03-04 12:47:00+05:30,3490.35,3493.2,3490.35,3490.55,1876,
2024-03-04 12:48:00+05:30,3491.35,3493.35,3490.35,3492.2,434,
2024-03-04 12:49:00+05:30,3492.9,3493.5,3490.5,3490.55,1177,
2024-03-04 12:50:00+05:30,3490.55,3491.5,3488.85,3489.55,1095,
2024-03-04 12:51:00+05:30,3489.55,3491.65,3489.35,3490.35,943,
2024-03-04 12:52:00+05:30,3490.35,3492.85,3490.35,3492,795,
2024-03-04 12:53:00+05:30,3492,3492.8,3491.4,3492.35,583,
2024-03-04 12:54:00+05:30,3492.35,3493.3,3490,3490.9,664,
2024-03-04 12:55:00+05:30,3490.9,3490.9,3488.45,3488.55,1190,
2024-03-04 12:56:00+05:30,3489.7,3491,3488.95,3490.2,587,
2024-03-04 12:57:00+05:30,3490.2,3493.85,3490.15,3491.65,1400,
2024-03-04 12:58:00+05:30,3491.65,3493.5,3491.65,3492.75,778,
2024-03-04 12:59:00+05:30,3492.75,3495.95,3492.75,3495.85,525,
2024-03-04 13:00:00+05:30,3495.85,3495.85,3493.5,3495.15,554,
2024-03-04 13:01:00+05:30,3495.15,3498.55,3494.95,3498.3,601,
2024-03-04 13:02:00+05:30,3498.3,3498.3,3496.5,3497,513,
2024-03-04 13:03:00+05:30,3497,3497.05,3495.3,3497.05,738,
2024-03-04 13:04:00+05:30,3497.05,3498.35,3496.05,3497.7,674,
2024-03-04 13:05:00+05:30,3496.6,3497.7,3496.25,3496.3,427,
2024-03-04 13:06:00+05:30,3496.3,3498.7,3496.3,3498.6,409,
2024-03-04 13:07:00+05:30,3498.6,3499.55,3497,3497.9,505,
2024-03-04 13:08:00+05:30,3497.9,3498.35,3496.15,3497.85,393,
2024-03-04 13:09:00+05:30,3497.9,3499.6,3496.3,3496.35,864,
2024-03-04 13:10:00+05:30,3496.35,3497.4,3496,3496.1,130,
2024-03-04 13:11:00+05:30,3496.1,3500,3496.1,3497.15,1703,
2024-03-04 13:12:00+05:30,3497.15,3500.65,3497.15,3500.65,1694,
2024-03-04 13:13:00+05:30,3500.65,3502.55,3499.4,3500.85,711,
2024-03-04 13:14:00+05:30,3500.85,3502,3499.75,3500.3,3055,
2024-03-04 13:15:00+05:30,3500.3,3503.7,3500.3,3501.8,2115,
2024-03-04 13:16:00+05:30,3501.8,3502.05,3498,3499.4,2728,
2024-03-04 13:17:00+05:30,3499.45,3502.75,3498.05,3499.8,2779,
2024-03-04 13:18:00+05:30,3499.8,3499.8,3498.85,3499,499,
2024-03-04 13:19:00+05:30,3498.95,3499,3497.6,3498.25,415,
2024-03-04 13:20:00+05:30,3498.25,3500.45,3498.2,3498.95,449,
2024-03-04 13:21:00+05:30,3498.75,3499,3497.7,3499,730,
2024-03-04 13:22:00+05:30,3499,3499.65,3496.9,3497.7,451,
2024-03-04 13:23:00+05:30,3497.05,3497.6,3495,3495.85,1060,
2024-03-04 13:24:00+05:30,3495.85,3495.95,3494.05,3494.7,736,
2024-03-04 13:25:00+05:30,3494.2,3494.95,3494.2,3494.55,654,
2024-03-04 13:26:00+05:30,3494.35,3495.6,3494,3494.4,351,
2024-03-04 13:27:00+05:30,3494.4,3495.9,3493,3493.3,697,
2024-03-04 13:28:00+05:30,3493.3,3494.3,3493,3494.1,388,
2024-03-04 13:29:00+05:30,3494.1,3494.1,3493,3493.3,118,
2024-03-04 13:30:00+05:30,3493.3,3494.4,3493,3493.85,697,
2024-03-04 13:31:00+05:30,3493.85,3496,3493.85,3494,428,
2024-03-04 13:32:00+05:30,3494,3494.55,3491,3491,923,
2024-03-04 13:33:00+05:30,3491,3492.15,3490.2,3491.7,709,
2024-03-04 13:34:00+05:30,3491.7,3491.7,3490.4,3491,640,
2024-03-04 13:35:00+05:30,3491,3491.7,3490,3490,309,
2024-03-04 13:36:00+05:30,3490.15,3490.55,3490,3490.15,690,
2024-03-04 13:37:00+05:30,3490.15,3491,3489,3489,584,
2024-03-04 13:38:00+05:30,3489,3490.75,3489,3490.15,988,
2024-03-04 13:39:00+05:30,3490.15,3490.6,3489.3,3489.7,604,
2024-03-04 13:40:00+05:30,3489.7,3492.6,3489.7,3491.9,1808,
2024-03-04 13:41:00+05:30,3491.9,3491.9,3489,3489,1822,
2024-03-04 13:42:00+05:30,3489,3489.9,3489,3489.05,355,
2024-03-04 13:43:00+05:30,3489.2,3490,3489.05,3489.5,835,
2024-03-04 13:44:00+05:30,3489.5,3491.2,3489.2,3490.45,469,
2024-03-04 13:45:00+05:30,3490.4,3490.4,3489.15,3490,381,
2024-03-04 13:46:00+05:30,3489,3489.45,3488.15,3489,535,
2024-03-04 13:47:00+05:30,3489,3489.7,3488.1,3489.4,342,
2024-03-04 13:48:00+05:30,3488,3491.4,3487.95,3490.95,699,
2024-03-04 13:49:00+05:30,3490,3492.3,3489.65,3490,2407,
2024-03-04 13:50:00+05:30,3490,3490,3488.5,3489.95,480,
2024-03-04 13:51:00+05:30,3489.95,3490,3488.25,3488.7,369,
2024-03-04 13:52:00+05:30,3488.7,3490,3488.2,3488.4,230,
2024-03-04 13:53:00+05:30,3490,3490,3488.2,3489.4,769,
2024-03-04 13:54:00+05:30,3489.4,3490,3489.2,3489.65,335,
2024-03-04 13:55:00+05:30,3489.65,3489.85,3489,3489.25,75,
2024-03-04 13:56:00+05:30,3489.25,3490,3489,3489.95,1206,
2024-03-04 13:57:00+05:30,3489.95,3490,3489,3489.85,441,
2024-03-04 13:58:00+05:30,3489.85,3490.8,3489.85,3490,529,
2024-03-04 13:59:00+05:30,3490,3490,3489,3489.65,244,
2024-03-04 14:00:00+05:30,3489,3490,3488.05,3489.3,866,
2024-03-04 14:01:00+05:30,3489.3,3489.85,3487.05,3489,603,
2024-03-04 14:02:00+05:30,3487.35,3487.7,3485.5,3485.5,1306,
2024-03-04 14:03:00+05:30,3485.55,3488.4,3485.55,3487.5,782,
2024-03-04 14:04:00+05:30,3487.5,3488.85,3485.95,3488.85,555,
2024-03-04 14:05:00+05:30,3488.85,3488.85,3486,3488.2,2876,
2024-03-04 14:06:00+05:30,3488.2,3488.25,3486.1,3487.7,454,
2024-03-04 14:07:00+05:30,3487.7,3489.25,3486.1,3489.25,457,
2024-03-04 14:08:00+05:30,3489.25,3489.5,3487.8,3487.95,605,
2024-03-04 14:09:00+05:30,3487.95,3489.8,3487.8,3489.7,575,
2024-03-04 14:10:00+05:30,3489.7,3489.7,3487.8,3488.5,289,
2024-03-04 14:11:00+05:30,3488.5,3488.8,3487.8,3487.8,271,
2024-03-04 14:12:00+05:30,3487.8,3488.8,3487.3,3487.8,449,
2024-03-04 14:13:00+05:30,3487.8,3488.65,3487.3,3487.55,353,
2024-03-04 14:14:00+05:30,3487.55,3489,3487.5,3488.95,632,
2024-03-04 14:15:00+05:30,3488.95,3488.95,3488,3488.3,425,
2024-03-04 14:16:00+05:30,3488.3,3488.5,3488,3488,755,
2024-03-04 14:17:00+05:30,3488,3488.5,3488,3488.1,514,
2024-03-04 14:18:00+05:30,3488.1,3489.5,3488.05,3488.2,382,
2024-03-04 14:19:00+05:30,3488.15,3488.45,3488.05,3488.15,361,
2024-03-04 14:20:00+05:30,3488.15,3488.8,3488.05,3488.05,399,
2024-03-04 14:21:00+05:30,3488.05,3489.35,3488.05,3488.05,284,
2024-03-04 14:22:00+05:30,3488.05,3488.6,3488,3488,555,
2024-03-04 14:23:00+05:30,3488.05,3488.1,3487.1,3487.1,1800,
2024-03-04 14:24:00+05:30,3487.15,3487.15,3484,3485.2,3708,
2024-03-04 14:25:00+05:30,3485.2,3485.2,3483.2,3483.6,263,
2024-03-04 14:26:00+05:30,3483.6,3484.75,3483,3483,892,
2024-03-04 14:27:00+05:30,3483.15,3484.85,3482.05,3482.05,926,
2024-03-04 14:28:00+05:30,3482.05,3484.95,3482.05,3484.45,489,
2024-03-04 14:29:00+05:30,3483.3,3483.9,3482,3482.35,466,
2024-03-04 14:30:00+05:30,3482.35,3485.3,3482.2,3484.15,850,
2024-03-04 14:31:00+05:30,3484.15,3484.7,3482.3,3482.3,136,
2024-03-04 14:32:00+05:30,3482.5,3482.6,3481.75,3482,253,
2024-03-04 14:33:00+05:30,3481.75,3482,3480.5,3481.4,367,
2024-03-04 14:34:00+05:30,3481.4,3481.4,3478,3479.35,1422,
2024-03-04 14:35:00+05:30,3479.35,3482.35,3478,3479.95,2657,
2024-03-04 14:36:00+05:30,3479,3479.95,3478.45,3479.75,336,
2024-03-04 14:37:00+05:30,3479.75,3481.65,3478.65,3480,2394,
2024-03-04 14:38:00+05:30,3480,3480,3478.5,3478.95,473,
2024-03-04 14:39:00+05:30,3478.95,3480,3478.3,3479.2,1021,
2024-03-04 14:40:00+05:30,3480,3480,3479,3479.65,560,
2024-03-04 14:41:00+05:30,3479.55,3480.05,3479,3479.9,1072,
2024-03-04 14:42:00+05:30,3479.05,3480.25,3479,3480.25,833,
2024-03-04 14:43:00+05:30,3480.25,3480.35,3479,3479,2593,
2024-03-04 14:44:00+05:30,3479.05,3480,3479,3479,572,
2024-03-04 14:45:00+05:30,3479,3480,3479,3479.05,473,
2024-03-04 14:46:00+05:30,3479.05,3479.05,3478.05,3478.3,381,
2024-03-04 14:47:00+05:30,3478.3,3480,3478.05,3478.75,961,
2024-03-04 14:48:00+05:30,3479.1,3481,3479,3479.9,1419,
2024-03-04 14:49:00+05:30,3479.85,3481,3479.55,3480,1878,
2024-03-04 14:50:00+05:30,3479.95,3480,3478.75,3479,885,
2024-03-04 14:51:00+05:30,3479.05,3481,3478.75,3479.75,2076,
2024-03-04 14:52:00+05:30,3480.95,3482.05,3478.75,3480.2,2647,
2024-03-04 14:53:00+05:30,3482.35,3482.35,3479.05,3480.6,1812,
2024-03-04 14:54:00+05:30,3480.55,3480.55,3480,3480.05,502,
2024-03-04 14:55:00+05:30,3480,3481.9,3479.8,3480,436,
2024-03-04 14:56:00+05:30,3480,3480.9,3479.65,3479.65,1171,
2024-03-04 14:57:00+05:30,3480,3480.5,3480,3480,1358,
2024-03-04 14:58:00+05:30,3480.2,3480.2,3478.1,3478.6,1012,
2024-03-04 14:59:00+05:30,3478.6,3480,3478.45,3480,1381,
2024-03-04 15:00:00+05:30,3479.15,3482.4,3478.65,3480.75,1744,
2024-03-04 15:01:00+05:30,3480.8,3481.95,3480.8,3481.45,1023,
2024-03-04 15:02:00+05:30,3481.45,3483.25,3480.35,3482.65,1369,
2024-03-04 15:03:00+05:30,3482.75,3482.75,3480.9,3482.05,947,
2024-03-04 15:04:00+05:30,3482,3485,3481.9,3483.45,1537,
2024-03-04 15:05:00+05:30,3484,3486.5,3483.2,3485.35,1614,
2024-03-04 15:06:00+05:30,3485.25,3486.7,3483.7,3484.3,1172,
2024-03-04 15:07:00+05:30,3484.4,3484.45,3482.25,3482.35,636,
2024-03-04 15:08:00+05:30,3482.35,3482.9,3482.05,3482.05,1331,
2024-03-04 15:09:00+05:30,3482.15,3485.4,3480.85,3485.4,3254,
2024-03-04 15:10:00+05:30,3483.15,3483.15,3479.6,3479.6,1150,
2024-03-04 15:11:00+05:30,3479.6,3480.25,3479.3,3479.4,2863,
2024-03-04 15:12:00+05:30,3479.5,3479.5,3478.7,3478.9,1615,
2024-03-04 15:13:00+05:30,3478.85,3478.85,3478,3478.5,969,
2024-03-04 15:14:00+05:30,3478.4,3481.2,3478.2,3479.95,3581,
2024-03-04 15:15:00+05:30,3479.8,3487.85,3478.2,3482.35,3164,
2024-03-04 15:16:00+05:30,3482.35,3483.4,3479.3,3479.45,2617,
2024-03-04 15:17:00+05:30,3479.6,3480.85,3478.85,3479.8,985,
2024-03-04 15:18:00+05:30,3479.75,3480,3478.4,3479.8,1364,
2024-03-04 15:19:00+05:30,3479.8,3482,3479.05,3481.3,919,
2024-03-04 15:20:00+05:30,3481.3,3482,3479.85,3481.9,2539,
2024-03-04 15:21:00+05:30,3481.85,3483.85,3481.85,3482.85,1376,
2024-03-04 15:22:00+05:30,3482.9,3486,3482.7,3485.6,1368,
2024-03-04 15:23:00+05:30,3485.35,3485.8,3484.8,3485.45,1449,
2024-03-04 15:24:00+05:30,3485.45,3488.4,3485.05,3486.65,3071,
2024-03-04 15:25:00+05:30,3486.65,3488.4,3486.6,3488.2,940,
2024-03-04 15:26:00+05:30,3488.2,3488.6,3479,3482.8,8957,
2024-03-04 15:27:00+05:30,3482.8,3487.85,3480.6,3481.85,2199,
2024-03-04 15:28:00+05:30,3485.3,3485.3,3479.2,3481.9,1648,
2024-03-04 15:29:00+05:30,3480,3484.85,3479,3481,831,
2024-03-05 09:15:00+05:30,3484.6,3486.95,3465.8,3477.85,3093,
2024-03-05 09:16:00+05:30,3474.1,3480.95,3470.8,3480,1042,
2024-03-05 09:17:00+05:30,3480,3485,3479.1,3482.3,1651,
2024-03-05 09:18:00+05:30,3483.35,3493.95,3483.35,3489.25,1060,
2024-03-05 09:19:00+05:30,3488.65,3495.9,3487.45,3492.5,1376,
2024-03-05 09:20:00+05:30,3492.5,3492.8,3487.45,3492.6,1323,
2024-03-05 09:21:00+05:30,3493,3495.9,3490,3493.8,787,
2024-03-05 09:22:00+05:30,3495.3,3496.5,3488.5,3488.5,1289,
2024-03-05 09:23:00+05:30,3489.9,3489.9,3485.45,3487.1,619,
2024-03-05 09:24:00+05:30,3487.1,3494.6,3487.1,3494.55,287,
2024-03-05 09:25:00+05:30,3494.55,3494.55,3487.8,3487.8,684,
2024-03-05 09:26:00+05:30,3487.8,3489.2,3485,3487.9,543,
2024-03-05 09:27:00+05:30,3487.9,3488.95,3482.75,3482.8,51641,
2024-03-05 09:28:00+05:30,3482.8,3484.75,3476.55,3477.65,1106,
2024-03-05 09:29:00+05:30,3477.65,3480.35,3477.65,3478.25,867,
2024-03-05 09:30:00+05:30,3478.25,3486.25,3478.15,3486.25,415,
2024-03-05 09:31:00+05:30,3486.25,3486.25,3480,3482.05,722,
2024-03-05 09:32:00+05:30,3482.05,3482.05,3475.15,3476.65,1265,
2024-03-05 09:33:00+05:30,3476.65,3478.1,3475.15,3477.5,449,
2024-03-05 09:34:00+05:30,3477.5,3479.95,3476,3479.9,122,
2024-03-05 09:35:00+05:30,3478.05,3481.05,3478.05,3478.65,381,
2024-03-05 09:36:00+05:30,3478.65,3480.55,3477.1,3478,145,
2024-03-05 09:37:00+05:30,3478,3481,3476.4,3476.9,484,
2024-03-05 09:38:00+05:30,3476.7,3480,3476,3480,148,
2024-03-05 09:39:00+05:30,3478.85,3480.3,3477,3477,294,
2024-03-05 09:40:00+05:30,3477,3478.8,3477,3477.7,143,
2024-03-05 09:41:00+05:30,3477.7,3477.7,3475.1,3475.1,421,
2024-03-05 09:42:00+05:30,3476.05,3479.3,3475.1,3478.55,449,
2024-03-05 09:43:00+05:30,3478.55,3479.45,3476.05,3476.15,246,
2024-03-05 09:44:00+05:30,3476.15,3478.05,3475.1,3477.25,219,
2024-03-05 09:45:00+05:30,3477.05,3478.85,3475.95,3478.05,222,
2024-03-05 09:46:00+05:30,3478.05,3479.8,3476.15,3477.75,89,
2024-03-05 09:47:00+05:30,3477.75,3479.85,3477.45,3478,262,
2024-03-05 09:48:00+05:30,3478,3488.4,3477.95,3488.4,1348,
2024-03-05 09:49:00+05:30,3488.4,3488.4,3479,3479,1784,
2024-03-05 09:50:00+05:30,3478.55,3480,3477.6,3479.2,132,
2024-03-05 09:51:00+05:30,3479.2,3479.55,3475.5,3475.5,327,
2024-03-05 09:52:00+05:30,3477.35,3479.15,3475.5,3479.15,193,
2024-03-05 09:53:00+05:30,3479.15,3479.15,3477,3477.85,73,
2024-03-05 09:54:00+05:30,3477.85,3478,3477.05,3477.05,113,
2024-03-05 09:55:00+05:30,3477.05,3478,3475.25,3477.45,159,
2024-03-05 09:56:00+05:30,3475.45,3477.4,3473.15,3473.15,596,
2024-03-05 09:57:00+05:30,3473.15,3475.45,3473.15,3473.6,106,
2024-03-05 09:58:00+05:30,3473.6,3475.35,3472.1,3472.25,132,
2024-03-05 09:59:00+05:30,3472.25,3475,3472.25,3475,231,
2024-03-05 10:00:00+05:30,3474.2,3475,3472,3473,385,
2024-03-05 10:01:00+05:30,3473.05,3473.9,3471,3471.05,245,
2024-03-05 10:02:00+05:30,3471.05,3473.3,3470.1,3472,365,
2024-03-05 10:03:00+05:30,3470.25,3472,3467.2,3470.15,1517,
2024-03-05 10:04:00+05:30,3470.15,3470.6,3468,3468.15,276,
2024-03-05 10:05:00+05:30,3468.15,3470,3468.15,3468.3,292,
2024-03-05 10:06:00+05:30,3469.35,3470,3468.75,3470,135,
2024-03-05 10:07:00+05:30,3470,3471.1,3468.35,3469.55,217,
2024-03-05 10:08:00+05:30,3469.6,3471.05,3467,3468,338,
2024-03-05 10:09:00+05:30,3468,3469.1,3466.6,3468,240,
2024-03-05 10:10:00+05:30,3468,3472,3468,3471,208,
2024-03-05 10:11:00+05:30,3471,3471.8,3468.6,3470,296,
2024-03-05 10:12:00+05:30,3470,3470,3466.35,3467.4,363,
2024-03-05 10:13:00+05:30,3467.4,3471.15,3466.95,3470.3,199,
2024-03-05 10:14:00+05:30,3470.3,3470.8,3468.4,3468.4,98,
2024-03-05 10:15:00+05:30,3468.4,3470,3467.5,3469.4,71,
2024-03-05 10:16:00+05:30,3469.4,3470,3466.35,3467.95,140,
2024-03-05 10:17:00+05:30,3467.95,3468.95,3466.6,3466.6,105,
2024-03-05 10:18:00+05:30,3466.6,3468.95,3466.6,3468.85,217,
2024-03-05 10:19:00+05:30,3468.85,3468.9,3466.65,3467.95,141,
2024-03-05 10:20:00+05:30,3467.95,3467.95,3466.5,3466.5,116,
2024-03-05 10:21:00+05:30,3466.5,3467.15,3465,3465,587,
2024-03-05 10:22:00+05:30,3466.5,3466.5,3465,3466,166,
2024-03-05 10:23:00+05:30,3466,3467.8,3465.25,3467.05,95,
2024-03-05 10:24:00+05:30,3467.05,3467.35,3466,3467.35,86,
2024-03-05 10:25:00+05:30,3465.85,3467.35,3465.4,3467.35,181,
2024-03-05 10:26:00+05:30,3467.35,3467.7,3465.5,3467,83,
2024-03-05 10:27:00+05:30,3467,3467.85,3466,3467.75,86,
2024-03-05 10:28:00+05:30,3467.75,3467.75,3465.9,3467.75,84,
2024-03-05 10:29:00+05:30,3467.75,3467.75,3466.1,3466.15,20,
2024-03-05 10:30:00+05:30,3467.7,3467.7,3466,3466,149,
2024-03-05 10:31:00+05:30,3466,3467.75,3465.65,3465.65,106,
2024-03-05 10:32:00+05:30,3465.65,3467.45,3465.25,3467,75,
2024-03-05 10:33:00+05:30,3467,3467,3465.1,3465.1,103,
2024-03-05 10:34:00+05:30,3465.05,3466.6,3465.05,3466.6,96,
2024-03-05 10:35:00+05:30,3466.6,3466.6,3460.1,3460.1,550,
2024-03-05 10:36:00+05:30,3457.3,3461.4,3456,3457.05,3423,
2024-03-05 10:37:00+05:30,3457.05,3460,3457,3460,252,
2024-03-05 10:38:00+05:30,3460,3464.45,3457.6,3464.45,489,
2024-03-05 10:39:00+05:30,3464.45,3464.5,3461.7,3462,89,
2024-03-05 10:40:00+05:30,3462,3463.5,3461.5,3462.05,42,
2024-03-05 10:41:00+05:30,3462,3462,3457.25,3459.05,690,
2024-03-05 10:42:00+05:30,3459.05,3461.5,3457.3,3461.5,609,
2024-03-05 10:43:00+05:30,3461.5,3461.5,3458.05,3459.9,770,
2024-03-05 10:44:00+05:30,3459.9,3461.2,3458,3461.2,885,
2024-03-05 10:45:00+05:30,3461.7,3463,3460.1,3462.75,417,
2024-03-05 10:46:00+05:30,3462.75,3462.75,3458.35,3460,1875,
2024-03-05 10:47:00+05:30,3460,3460.2,3459,3459,108,
2024-03-05 10:48:00+05:30,3459,3460,3458,3460,280,
2024-03-05 10:49:00+05:30,3460,3462,3460,3460.75,168,
2024-03-05 10:50:00+05:30,3460.75,3461.25,3459.8,3459.8,201,
2024-03-05 10:51:00+05:30,3459.8,3461.05,3455.2,3459.25,3738,
2024-03-05 10:52:00+05:30,3459.25,3460.5,3458,3460.5,1336,
2024-03-05 10:53:00+05:30,3460.5,3462.3,3457.9,3460,718,
2024-03-05 10:54:00+05:30,3460,3461,3459,3461,410,
2024-03-05 10:55:00+05:30,3461,3461,3459.75,3460,172,
2024-03-05 10:56:00+05:30,3460,3461,3459,3461,481,
2024-03-05 10:57:00+05:30,3461,3461.45,3458.05,3460,439,
2024-03-05 10:58:00+05:30,3460,3461.85,3459,3459.6,391,
2024-03-05 10:59:00+05:30,3459.6,3461.15,3459.05,3460.05,343,
2024-03-05 11:00:00+05:30,3460.05,3461.05,3459.65,3460,2426,
2024-03-05 11:01:00+05:30,3460,3460.15,3459.6,3459.6,7531,
2024-03-05 11:02:00+05:30,3459.6,3461.1,3458.9,3460,1404,
2024-03-05 11:03:00+05:30,3460,3460.75,3460,3460,188,
2024-03-05 11:04:00+05:30,3459.55,3460.8,3459.55,3460,1622,
2024-03-05 11:05:00+05:30,3460,3461,3458.75,3460,1684,
2024-03-05 11:06:00+05:30,3460,3460.5,3460,3460.5,1358,
2024-03-05 11:07:00+05:30,3460,3460.5,3459.45,3460,3505,
2024-03-05 11:08:00+05:30,3460.5,3460.95,3459.4,3460,7076,
2024-03-05 11:09:00+05:30,3460,3460.7,3460,3460,657,
2024-03-05 11:10:00+05:30,3460,3460.85,3458.85,3460,3670,
2024-03-05 11:11:00+05:30,3460,3460.55,3459,3459,153,
2024-03-05 11:12:00+05:30,3459,3459.9,3456.85,3458.8,522,
2024-03-05 11:13:00+05:30,3458,3458.9,3457.15,3458.9,434,
2024-03-05 11:14:00+05:30,3458.9,3459.2,3457.55,3459.2,64,
2024-03-05 11:15:00+05:30,3459.2,3459.2,3452,3457.25,2228,
2024-03-05 11:16:00+05:30,3457.25,3460.2,3456,3460,2272,
2024-03-05 11:17:00+05:30,3460,3467.75,3460,3467.75,1826,
2024-03-05 11:18:00+05:30,3467,3467.75,3461.9,3461.9,412,
2024-03-05 11:19:00+05:30,3461.9,3463.7,3461.8,3463.45,279,
2024-03-05 11:20:00+05:30,3461.75,3463.45,3458.1,3458.1,340,
2024-03-05 11:21:00+05:30,3458.1,3458.4,3456.5,3458.35,453,
2024-03-05 11:22:00+05:30,3458.35,3462.2,3458.05,3461.1,352,
2024-03-05 11:23:00+05:30,3461.1,3461.2,3458.8,3461.2,351,
2024-03-05 11:24:00+05:30,3461.2,3461.2,3460,3460.55,133,
2024-03-05 11:25:00+05:30,3460.1,3461.2,3460,3460.1,1006,
2024-03-05 11:26:00+05:30,3460.1,3463.2,3460,3463.2,126,
2024-03-05 11:27:00+05:30,3463.2,3463.7,3461.2,3461.25,520,
2024-03-05 11:28:00+05:30,3461.2,3465.6,3460.7,3465,346,
2024-03-05 11:29:00+05:30,3465,3466.95,3463.85,3466.15,357,
2024-03-05 11:30:00+05:30,3466.15,3466.45,3464.25,3466,192,
2024-03-05 11:31:00+05:30,3466,3466,3463.45,3463.45,129,
2024-03-05 11:32:00+05:30,3463.45,3464.05,3463.05,3464.05,127,
2024-03-05 11:33:00+05:30,3464.05,3464.55,3462.15,3463.2,130,
2024-03-05 11:34:00+05:30,3463.2,3465.85,3462.9,3464.15,399,
2024-03-05 11:35:00+05:30,3464.15,3466.85,3464.15,3466,355,
2024-03-05 11:36:00+05:30,3466,3468.25,3466,3467.95,1023,
2024-03-05 11:37:00+05:30,3467.95,3470.45,3466.05,3466.05,685,
2024-03-05 11:38:00+05:30,3466.05,3468.05,3465.45,3468.05,314,
2024-03-05 11:39:00+05:30,3468.05,3468.9,3465.85,3467.2,381,
2024-03-05 11:40:00+05:30,3467.2,3467.8,3465.45,3466.05,177,
2024-03-05 11:41:00+05:30,3466.05,3468.25,3465.85,3468.25,237,
2024-03-05 11:42:00+05:30,3468.25,3468.35,3466.2,3467.25,211,
2024-03-05 11:43:00+05:30,3467.25,3472,3467,3470,947,
2024-03-05 11:44:00+05:30,3470,3472.95,3467.8,3470.15,1226,
2024-03-05 11:45:00+05:30,3470.15,3473.4,3467.8,3469.3,1005,
2024-03-05 11:46:00+05:30,3469.3,3471,3466.05,3468.75,1061,
2024-03-05 11:47:00+05:30,3467.5,3470.95,3466.6,3470.95,558,
2024-03-05 11:48:00+05:30,3470.95,3471.05,3468.85,3470,363,
2024-03-05 11:49:00+05:30,3470,3471.7,3468.55,3470,718,
2024-03-05 11:50:00+05:30,3468.75,3468.95,3465.9,3468.35,425,
2024-03-05 11:51:00+05:30,3467.75,3468.9,3466.25,3468.25,164,
2024-03-05 11:52:00+05:30,3468.3,3468.5,3465.4,3465.95,428,
2024-03-05 11:53:00+05:30,3465.95,3467.6,3462.05,3465.55,1358,
2024-03-05 11:54:00+05:30,3465.55,3469.4,3464.8,3468.95,300,
2024-03-05 11:55:00+05:30,3468.95,3468.95,3464.25,3466.2,584,
2024-03-05 11:56:00+05:30,3466,3466.65,3463.55,3466.4,184,
2024-03-05 11:57:00+05:30,3466.4,3467.45,3465.15,3466.65,492,
2024-03-05 11:58:00+05:30,3466.65,3467.55,3464.55,3467.25,417,
2024-03-05 11:59:00+05:30,3467.65,3469,3465.3,3467.5,264,
2024-03-05 12:00:00+05:30,3467.5,3467.95,3463.4,3464.1,136,
2024-03-05 12:01:00+05:30,3464.1,3464.75,3462.35,3464,183,
2024-03-05 12:02:00+05:30,3464,3465,3462.05,3463.45,525,
2024-03-05 12:03:00+05:30,3464.2,3465.95,3463.8,3463.85,207,
2024-03-05 12:04:00+05:30,3463.85,3464.95,3461,3462.9,834,
2024-03-05 12:05:00+05:30,3462.9,3463.65,3460.3,3460.7,387,
2024-03-05 12:06:00+05:30,3460.7,3462.4,3460.05,3460.05,442,
2024-03-05 12:07:00+05:30,3460.35,3461.5,3460,3461,573,
2024-03-05 12:08:00+05:30,3461,3461,3460.3,3461,692,
2024-03-05 12:09:00+05:30,3461,3461,3460,3461,472,
2024-03-05 12:10:00+05:30,3460,3463.35,3460,3460.05,471,
2024-03-05 12:11:00+05:30,3461.65,3461.65,3456,3456.85,484,
2024-03-05 12:12:00+05:30,3456.85,3458.35,3453.5,3455,782,
2024-03-05 12:13:00+05:30,3455,3458.65,3455,3456.8,449,
2024-03-05 12:14:00+05:30,3456.8,3457.3,3454.95,3455.2,446,
2024-03-05 12:15:00+05:30,3455.2,3456.75,3455,3456.05,177,
2024-03-05 12:16:00+05:30,3456.3,3457.95,3454.55,3457.2,570,
2024-03-05 12:17:00+05:30,3457.2,3458.4,3456.8,3458.4,33,
2024-03-05 12:18:00+05:30,3458.1,3458.1,3456,3456.05,123,
2024-03-05 12:19:00+05:30,3456.05,3458,3456,3457.7,665,
2024-03-05 12:20:00+05:30,3458,3459.85,3456.7,3459.5,342,
2024-03-05 12:21:00+05:30,3459.5,3459.5,3455.1,3455.1,96,
2024-03-05 12:22:00+05:30,3455.1,3459.45,3455,3458,843,
2024-03-05 12:23:00+05:30,3458,3461.2,3458,3460.05,842,
2024-03-05 12:24:00+05:30,3460,3461.85,3459.4,3459.4,425,
2024-03-05 12:25:00+05:30,3460,3461.6,3460,3461.4,347,
2024-03-05 12:26:00+05:30,3461.4,3461.45,3460,3461.4,204,
2024-03-05 12:27:00+05:30,3460,3461.25,3460,3461,200,
2024-03-05 12:28:00+05:30,3460,3461.15,3460,3460,600,
2024-03-05 12:29:00+05:30,3460,3460.85,3458.8,3458.8,532,
2024-03-05 12:30:00+05:30,3460.2,3460.85,3460,3460.5,184,
2024-03-05 12:31:00+05:30,3460.5,3461,3460,3461,394,
2024-03-05 12:32:00+05:30,3461,3461,3460,3460.95,197,
2024-03-05 12:33:00+05:30,3460.95,3461.75,3460,3461.75,194,
2024-03-05 12:34:00+05:30,3461.75,3461.75,3460,3460.95,236,
2024-03-05 12:35:00+05:30,3460.95,3461.2,3459.9,3461.2,371,
2024-03-05 12:36:00+05:30,3460.75,3461.25,3460,3460.35,195,
2024-03-05 12:37:00+05:30,3461.25,3465,3461.2,3463.25,760,
2024-03-05 12:38:00+05:30,3463.7,3464.25,3461.45,3462,319,
2024-03-05 12:39:00+05:30,3462,3464.05,3461.5,3463,325,
2024-03-05 12:40:00+05:30,3463,3463.55,3460.35,3461.05,196,
2024-03-05 12:41:00+05:30,3463.4,3463.4,3460,3460,195,
2024-03-05 12:42:00+05:30,3460,3461.3,3460,3460,384,
2024-03-05 12:43:00+05:30,3460,3461.55,3460,3461,241,
2024-03-05 12:44:00+05:30,3460.05,3461,3460,3460,446,
2024-03-05 12:45:00+05:30,3460,3461,3460,3460,293,
2024-03-05 12:46:00+05:30,3460,3460.85,3460,3460.7,308,
2024-03-05 12:47:00+05:30,3460,3460.75,3460,3460,698,
2024-03-05 12:48:00+05:30,3460,3461.2,3460,3460,349,
2024-03-05 12:49:00+05:30,3460,3461.2,3460,3460,377,
2024-03-05 12:50:00+05:30,3460,3462.4,3460,3460.05,571,
2024-03-05 12:51:00+05:30,3460,3462.7,3460,3462.1,336,
2024-03-05 12:52:00+05:30,3460.4,3476.5,3460.3,3469.1,13098,
2024-03-05 12:53:00+05:30,3468.75,3477.05,3468.75,3470.05,1038,
2024-03-05 12:54:00+05:30,3470.05,3470.7,3469.05,3470,457,
2024-03-05 12:55:00+05:30,3470.65,3470.65,3467.6,3467.6,426,
2024-03-05 12:56:00+05:30,3467.6,3469.9,3466.65,3466.8,349,
2024-03-05 12:57:00+05:30,3466.8,3468,3465,3466,529,
2024-03-05 12:58:00+05:30,3465.95,3468.6,3465.95,3468.6,560,
2024-03-05 12:59:00+05:30,3468.6,3469.85,3465.6,3469.85,402,
2024-03-05 13:00:00+05:30,3469.85,3478.55,3469.85,3474.6,1714,
2024-03-05 13:01:00+05:30,3473.55,3473.7,3466.95,3468.4,1970,
2024-03-05 13:02:00+05:30,3468.4,3472.9,3468.15,3468.9,1399,
2024-03-05 13:03:00+05:30,3469.2,3470.55,3467.1,3469.8,397,
2024-03-05 13:04:00+05:30,3469.8,3471.75,3467.25,3468.95,865,
2024-03-05 13:05:00+05:30,3468.95,3468.95,3466.45,3467.15,566,
2024-03-05 13:06:00+05:30,3467.85,3469.15,3466.5,3466.5,387,
2024-03-05 13:07:00+05:30,3466.5,3468.85,3466.5,3468.85,420,
2024-03-05 13:08:00+05:30,3468.85,3468.85,3467.3,3467.3,358,
2024-03-05 13:09:00+05:30,3467.3,3468.35,3464.6,3466.25,820,
2024-03-05 13:10:00+05:30,3464.85,3467.1,3464.85,3467.1,291,
2024-03-05 13:11:00+05:30,3467.1,3467.1,3465.2,3465.2,292,
2024-03-05 13:12:00+05:30,3466,3470.2,3465.25,3468.2,364,
2024-03-05 13:13:00+05:30,3468.2,3469.55,3467.95,3469.25,306,
2024-03-05 13:14:00+05:30,3469.25,3469.8,3468.15,3469.8,277,
2024-03-05 13:15:00+05:30,3469.8,3470,3468.15,3468.15,290,
2024-03-05 13:16:00+05:30,3468.15,3470.65,3468.15,3470.65,383,
2024-03-05 13:17:00+05:30,3470.65,3471.7,3469.2,3470.45,323,
2024-03-05 13:18:00+05:30,3470.45,3470.45,3465.7,3467.95,440,
2024-03-05 13:19:00+05:30,3467.6,3467.65,3465.55,3467.2,201,
2024-03-05 13:20:00+05:30,3467.2,3468.1,3465.65,3466.15,215,
2024-03-05 13:21:00+05:30,3466.15,3473.25,3466.15,3473,302,
2024-03-05 13:22:00+05:30,3471.3,3473.2,3467.95,3467.95,652,
2024-03-05 13:23:00+05:30,3467.95,3470,3466.4,3470,368,
2024-03-05 13:24:00+05:30,3470,3470,3468.25,3469.85,160,
2024-03-05 13:25:00+05:30,3470,3471.7,3468.85,3471.7,283,
2024-03-05 13:26:00+05:30,3471.7,3473,3470,3472.9,181,
2024-03-05 13:27:00+05:30,3472.9,3475,3471,3471.05,911,
2024-03-05 13:28:00+05:30,3472.05,3472.55,3467.9,3469.5,456,
2024-03-05 13:29:00+05:30,3469.5,3470.35,3467.95,3468.1,199,
2024-03-05 13:30:00+05:30,3468.1,3471.75,3467.95,3469.1,192,
2024-03-05 13:31:00+05:30,3469.1,3472,3469.1,3472,197,
2024-03-05 13:32:00+05:30,3472,3474,3469.25,3472.05,220,
2024-03-05 13:33:00+05:30,3472.05,3473.8,3469.6,3472.6,359,
2024-03-05 13:34:00+05:30,3472.6,3472.6,3470,3471.1,59792,
2024-03-05 13:35:00+05:30,3471.1,3471.25,3469.25,3471,153,
2024-03-05 13:36:00+05:30,3471,3474.3,3469.5,3474.3,1314,
2024-03-05 13:37:00+05:30,3474.3,3474.95,3472.2,3474.5,494,
2024-03-05 13:38:00+05:30,3474.5,3474.95,3472.55,3474.75,223,
2024-03-05 13:39:00+05:30,3474.75,3474.75,3472.65,3473,186,
2024-03-05 13:40:00+05:30,3473,3474.6,3470,3471.05,754,
2024-03-05 13:41:00+05:30,3471.05,3472.95,3470.1,3471.6,280,
2024-03-05 13:42:00+05:30,3471.4,3473.8,3471.4,3471.75,246,
2024-03-05 13:43:00+05:30,3471.75,3473.1,3471.6,3472.8,723,
2024-03-05 13:44:00+05:30,3471.8,3473,3470,3470.7,769,
2024-03-05 13:45:00+05:30,3470.5,3471.8,3468.05,3470,2385,
2024-03-05 13:46:00+05:30,3470,3472,3470,3470,215,
2024-03-05 13:47:00+05:30,3470,3471.75,3469.5,3471.75,271,
2024-03-05 13:48:00+05:30,3471.75,3472.5,3470.25,3471.05,551,
2024-03-05 13:49:00+05:30,3471.05,3472.35,3469.8,3471.05,373,
2024-03-05 13:50:00+05:30,3469.8,3471.1,3469.75,3470.45,373,
2024-03-05 13:51:00+05:30,3470.45,3471.1,3469.45,3469.8,274,
2024-03-05 13:52:00+05:30,3469.8,3471.05,3469.7,3471.05,361,
2024-03-05 13:53:00+05:30,3471.05,3471.1,3468.25,3468.75,1035,
2024-03-05 13:54:00+05:30,3468.75,3470.55,3468.4,3470,454,
2024-03-05 13:55:00+05:30,3470,3470.3,3468.7,3469.55,279,
2024-03-05 13:56:00+05:30,3469.55,3471.1,3469.5,3471.05,298,
2024-03-05 13:57:00+05:30,3471,3471.35,3469.55,3470,243,
2024-03-05 13:58:00+05:30,3470.75,3471.65,3469.5,3469.5,1416,
2024-03-05 13:59:00+05:30,3470,3470.6,3469.5,3470.6,199,
2024-03-05 14:00:00+05:30,3469.55,3472.5,3469.5,3470,670,
2024-03-05 14:01:00+05:30,3470.25,3471.3,3469.5,3469.55,572,
2024-03-05 14:02:00+05:30,3469.55,3471,3469,3470.05,334,
2024-03-05 14:03:00+05:30,3470.05,3470.65,3469.05,3469.85,259,
2024-03-05 14:04:00+05:30,3470,3470.4,3469,3469.05,285,
2024-03-05 14:05:00+05:30,3469.65,3470.25,3469,3469.85,405,
2024-03-05 14:06:00+05:30,3470,3470.4,3469,3469.8,270,
2024-03-05 14:07:00+05:30,3469.8,3471.7,3469.3,3471.55,57799,
2024-03-05 14:08:00+05:30,3471.55,3472,3470,3472,4972,
2024-03-05 14:09:00+05:30,3472,3475.5,3470.45,3473.75,715,
2024-03-05 14:10:00+05:30,3473.75,3474.55,3471.35,3474,248,
2024-03-05 14:11:00+05:30,3474,3474,3469,3469.95,2621,
2024-03-05 14:12:00+05:30,3469.95,3470,3468.95,3470,71,
2024-03-05 14:13:00+05:30,3470,3470,3466.05,3468.1,278,
2024-03-05 14:14:00+05:30,3467.7,3468.2,3465.6,3467.5,906,
2024-03-05 14:15:00+05:30,3467.5,3467.5,3464.6,3465.9,454,
2024-03-05 14:16:00+05:30,3465.9,3467.15,3464.35,3466.7,388,
2024-03-05 14:17:00+05:30,3466.7,3466.75,3464.4,3466.75,108,
2024-03-05 14:18:00+05:30,3466.75,3466.75,3464.4,3465.4,93,
2024-03-05 14:19:00+05:30,3465.4,3467,3464.2,3465.9,151,
2024-03-05 14:20:00+05:30,3465.9,3469.4,3465.9,3469.3,189,
2024-03-05 14:21:00+05:30,3469.3,3470,3467.55,3468.8,115,
2024-03-05 14:22:00+05:30,3468.8,3470,3468.2,3470,232,
2024-03-05 14:23:00+05:30,3470,3470,3468,3469.65,204,
2024-03-05 14:24:00+05:30,3469.65,3469.75,3467.65,3469.05,727,
2024-03-05 14:25:00+05:30,3469.55,3469.55,3467,3467.45,121,
2024-03-05 14:26:00+05:30,3467.45,3469,3466.9,3469,49,
2024-03-05 14:27:00+05:30,3469,3469.75,3467.1,3469.05,230,
2024-03-05 14:28:00+05:30,3469.05,3469.7,3468.05,3468.05,34,
2024-03-05 14:29:00+05:30,3469.05,3469.7,3464.05,3464.05,705,
2024-03-05 14:30:00+05:30,3464.05,3469.75,3464,3468.9,64,
2024-03-05 14:31:00+05:30,3468.9,3469.75,3468.05,3469.75,31,
2024-03-05 14:32:00+05:30,3468.8,3472.7,3468.8,3472.7,263,
2024-03-05 14:33:00+05:30,3472.7,3473.9,3470.85,3472,271,
2024-03-05 14:34:00+05:30,3472,3473.1,3471.05,3471.15,40,
2024-03-05 14:35:00+05:30,3471.15,3472.95,3470.7,3472,104,
2024-03-05 14:36:00+05:30,3472,3472.9,3470,3472,30,
2024-03-05 14:37:00+05:30,3470.05,3474.9,3470.05,3473.65,236,
2024-03-05 14:38:00+05:30,3473.65,3474.7,3473,3474.7,123,
2024-03-05 14:39:00+05:30,3474.7,3475,3473,3473.4,188,
2024-03-05 14:40:00+05:30,3474.55,3477.45,3473.1,3475,858,
2024-03-05 14:41:00+05:30,3476.8,3477.5,3474.85,3477.5,266,
2024-03-05 14:42:00+05:30,3477.5,3477.7,3474.5,3474.85,630,
2024-03-05 14:43:00+05:30,3476.4,3477.25,3471,3472,1166,
2024-03-05 14:44:00+05:30,3472,3475.45,3471.5,3473.8,79,
2024-03-05 14:45:00+05:30,3473.8,3474.8,3470.4,3473.7,297,
2024-03-05 14:46:00+05:30,3473.7,3474.9,3472,3474.9,50,
2024-03-05 14:47:00+05:30,3474.9,3474.9,3472.2,3472.25,195,
2024-03-05 14:48:00+05:30,3472.25,3474,3472.25,3473.2,188,
2024-03-05 14:49:00+05:30,3473.25,3474,3473.2,3473.6,186,
2024-03-05 14:50:00+05:30,3474,3474,3473.45,3473.85,120,
2024-03-05 14:51:00+05:30,3473.9,3474.65,3472.05,3472.75,993,
2024-03-05 14:52:00+05:30,3472.7,3476.75,3472.7,3474.4,1075,
2024-03-05 14:53:00+05:30,3474.4,3477.75,3472.8,3475.3,1982,
2024-03-05 14:54:00+05:30,3475.3,3476.75,3473.2,3473.9,1073,
2024-03-05 14:55:00+05:30,3473.9,3476.65,3472.9,3476.65,995,
2024-03-05 14:56:00+05:30,3476.65,3485.85,3475.5,3483.75,2451,
2024-03-05 14:57:00+05:30,3481.9,3484,3479.3,3479.3,1250,
2024-03-05 14:58:00+05:30,3479.7,3480.95,3478.15,3478.95,267,
2024-03-05 14:59:00+05:30,3478.95,3480.8,3478.15,3479.25,272,
2024-03-05 15:00:00+05:30,3480.35,3484.2,3479.35,3480.75,2976,
2024-03-05 15:01:00+05:30,3481.9,3482.2,3476.6,3481.2,3551,
2024-03-05 15:02:00+05:30,3481.5,3482.05,3477.55,3480.8,2332,
2024-03-05 15:03:00+05:30,3480.75,3484.8,3480.3,3484.6,1308,
2024-03-05 15:04:00+05:30,3484.65,3485,3478.8,3479.85,1829,
2024-03-05 15:05:00+05:30,3479.85,3491.55,3479.65,3490.05,6587,
2024-03-05 15:06:00+05:30,3489.8,3492.2,3486.8,3489.1,4073,
2024-03-05 15:07:00+05:30,3489.7,3490.4,3485.8,3489.3,1965,
2024-03-05 15:08:00+05:30,3488.65,3492.6,3488.25,3489.4,10397,
2024-03-05 15:09:00+05:30,3489.8,3490.15,3485.25,3486.9,1471,
2024-03-05 15:10:00+05:30,3486.95,3489,3486.35,3488.05,1667,
2024-03-05 15:11:00+05:30,3488.65,3489.9,3486.3,3488.4,1072,
2024-03-05 15:12:00+05:30,3488.8,3488.8,3487.9,3488.45,835,
2024-03-05 15:13:00+05:30,3489.95,3490.7,3488.35,3488.55,2908,
2024-03-05 15:14:00+05:30,3489.1,3489.6,3481.05,3482.25,5282,
2024-03-05 15:15:00+05:30,3482.25,3485.5,3481,3485.4,5663,
2024-03-05 15:16:00+05:30,3485.9,3486.2,3481,3483.7,5574,
2024-03-05 15:17:00+05:30,3482.25,3486.3,3480.15,3483.45,6056,
2024-03-05 15:18:00+05:30,3483.45,3484.3,3479.5,3481.75,4997,
2024-03-05 15:19:00+05:30,3480.05,3483.4,3478.6,3479.5,3449,
2024-03-05 15:20:00+05:30,3479.55,3481.8,3479.05,3480,4649,
2024-03-05 15:21:00+05:30,3480,3482,3478.95,3479.1,3805,
2024-03-05 15:22:00+05:30,3479.05,3485.1,3479.05,3481.55,3958,
2024-03-05 15:23:00+05:30,3481.55,3482.4,3479.45,3481.4,3849,
2024-03-05 15:24:00+05:30,3481.25,3487.55,3479.8,3486.65,6218,
2024-03-05 15:25:00+05:30,3487.55,3490.15,3485.2,3490.15,1261,
2024-03-05 15:26:00+05:30,3489.75,3491.1,3487.25,3489.05,2228,
2024-03-05 15:27:00+05:30,3490.85,3491.15,3488.05,3489.85,1065,
2024-03-05 15:28:00+05:30,3489.9,3490.1,3483.55,3485.2,1403,
2024-03-05 15:29:00+05:30,3485.2,3490.1,3485.2,3490.1,448,
2024-03-06 09:15:00+05:30,3485,3492.8,3473.25,3488.6,1828,
2024-03-06 09:16:00+05:30,3492.8,3492.8,3480,3488,2025,
2024-03-06 09:17:00+05:30,3486.4,3489.3,3480.2,3480.5,2000,
2024-03-06 09:18:00+05:30,3480.5,3482,3476.8,3476.8,74,
2024-03-06 09:19:00+05:30,3476.8,3479.7,3476.8,3477.25,313,
2024-03-06 09:20:00+05:30,3477,3479.1,3472.25,3473.45,725,
2024-03-06 09:21:00+05:30,3472,3472.35,3466,3466,819,
2024-03-06 09:22:00+05:30,3466,3467.6,3463.7,3465,783,
2024-03-06 09:23:00+05:30,3465.45,3467.3,3462.55,3467.3,964,
2024-03-06 09:24:00+05:30,3467.8,3471.9,3466.4,3468.75,680,
2024-03-06 09:25:00+05:30,3469.65,3471.6,3468.25,3470,570,
2024-03-06 09:26:00+05:30,3470,3473.5,3468.45,3473.5,745,
2024-03-06 09:27:00+05:30,3473.6,3475,3471.8,3474.7,235,
2024-03-06 09:28:00+05:30,3474.7,3475,3471.4,3471.45,98,
2024-03-06 09:29:00+05:30,3471.45,3473.75,3468.8,3468.8,195,
2024-03-06 09:30:00+05:30,3470.15,3471,3467.95,3467.95,288,
2024-03-06 09:31:00+05:30,3467.95,3470.1,3466.6,3470.1,709,
2024-03-06 09:32:00+05:30,3470.1,3470.1,3465.8,3467,851,
2024-03-06 09:33:00+05:30,3467,3469.2,3466.2,3467.4,134,
2024-03-06 09:34:00+05:30,3467.65,3469.85,3467.05,3469.85,109,
2024-03-06 09:35:00+05:30,3469.85,3469.85,3467.8,3468.95,57,
2024-03-06 09:36:00+05:30,3467.7,3467.7,3462.9,3462.9,1309,
2024-03-06 09:37:00+05:30,3462.9,3465,3462.9,3464.95,287,
2024-03-06 09:38:00+05:30,3464.95,3468.6,3464.95,3465,172,
2024-03-06 09:39:00+05:30,3465,3465,3461.1,3463.15,819,
2024-03-06 09:40:00+05:30,3463.15,3463.45,3454.7,3457.05,1681,
2024-03-06 09:41:00+05:30,3457.05,3457.05,3451.75,3453.3,1181,
2024-03-06 09:42:00+05:30,3453.3,3461.05,3453.3,3461.05,971,
2024-03-06 09:43:00+05:30,3461.05,3461.05,3458.05,3459.25,105,
2024-03-06 09:44:00+05:30,3459.25,3464.95,3459.25,3464.8,309,
2024-03-06 09:45:00+05:30,3464.8,3467.95,3464.8,3467.95,737,
2024-03-06 09:46:00+05:30,3467.95,3468,3465,3465,79,
2024-03-06 09:47:00+05:30,3465,3466,3461.25,3461.25,356,
2024-03-06 09:48:00+05:30,3461.25,3463.15,3460,3460.7,843,
2024-03-06 09:49:00+05:30,3460.7,3462.4,3460.35,3462.25,97,
2024-03-06 09:50:00+05:30,3462.25,3462.25,3459.2,3461.75,631,
2024-03-06 09:51:00+05:30,3460,3461.4,3460,3460.05,1289,
2024-03-06 09:52:00+05:30,3460.05,3461.55,3460.05,3460.8,405,
2024-03-06 09:53:00+05:30,3460.05,3460.8,3455,3456.4,1040,
2024-03-06 09:54:00+05:30,3456.4,3456.4,3456.15,3456.15,13,
2024-03-06 09:55:00+05:30,3456.15,3459.35,3455.35,3458.1,1026,
2024-03-06 09:56:00+05:30,3458.1,3459.35,3456.15,3459.35,507,
2024-03-06 09:57:00+05:30,3458,3458.95,3456.15,3456.15,351,
2024-03-06 09:58:00+05:30,3456.15,3457.85,3451.95,3454.45,1912,
2024-03-06 09:59:00+05:30,3454.95,3460.45,3453.5,3458.25,1312,
2024-03-06 10:00:00+05:30,3458,3458.1,3450.15,3452.5,4795,
2024-03-06 10:01:00+05:30,3452.5,3457,3450.05,3455.05,8335,
2024-03-06 10:02:00+05:30,3456.45,3456.45,3450,3454.45,3020,
2024-03-06 10:03:00+05:30,3454.45,3456.35,3453.35,3455,672,
2024-03-06 10:04:00+05:30,3455,3461.65,3455,3461.55,458,
2024-03-06 10:05:00+05:30,3459.6,3461.2,3453.65,3455,2199,
2024-03-06 10:06:00+05:30,3455,3458.8,3454,3458.8,747,
2024-03-06 10:07:00+05:30,3459,3462,3458.8,3462,196,
2024-03-06 10:08:00+05:30,3462,3462,3458.4,3460.1,970,
2024-03-06 10:09:00+05:30,3462,3465,3461.65,3461.65,1867,
2024-03-06 10:10:00+05:30,3461.55,3463.1,3461.3,3462.9,71,
2024-03-06 10:11:00+05:30,3462.9,3463.3,3461.75,3463.3,67,
2024-03-06 10:12:00+05:30,3463.3,3474.7,3461.35,3474.7,2446,
2024-03-06 10:13:00+05:30,3474.7,3474.7,3469.05,3469.05,179,
2024-03-06 10:14:00+05:30,3471.05,3471.05,3466.55,3468.7,248,
2024-03-06 10:15:00+05:30,3468.7,3468.7,3463.75,3464.65,357,
2024-03-06 10:16:00+05:30,3464.65,3466,3464,3465.7,48,
2024-03-06 10:17:00+05:30,3466.2,3469.05,3466.2,3468.15,265,
2024-03-06 10:18:00+05:30,3468.15,3468.95,3466.45,3468,155,
2024-03-06 10:19:00+05:30,3468.15,3473.1,3467.9,3471.3,2346,
2024-03-06 10:20:00+05:30,3471.3,3472.2,3469.05,3469.1,210,
2024-03-06 10:21:00+05:30,3469.1,3469.4,3463.75,3466.05,93,
2024-03-06 10:22:00+05:30,3466.05,3466.05,3463.75,3466.05,111,
2024-03-06 10:23:00+05:30,3466.05,3468.9,3465,3468.9,329,
2024-03-06 10:24:00+05:30,3468.9,3468.9,3466.1,3466.1,143,
2024-03-06 10:25:00+05:30,3466.1,3468.25,3466.05,3467.6,91,
2024-03-06 10:26:00+05:30,3467.6,3469,3466.05,3466.05,1528,
2024-03-06 10:27:00+05:30,3467.4,3469.6,3466.05,3468.45,1157,
2024-03-06 10:28:00+05:30,3468.45,3470,3468.45,3469.7,298,
2024-03-06 10:29:00+05:30,3468.45,3469.95,3468.45,3468.45,508,
2024-03-06 10:30:00+05:30,3469,3470,3468.45,3468.45,798,
2024-03-06 10:31:00+05:30,3468.45,3474,3468.45,3474,864,
2024-03-06 10:32:00+05:30,3474,3475.45,3471.2,3475,2255,
2024-03-06 10:33:00+05:30,3475.45,3477,3475,3476,1534,
2024-03-06 10:34:00+05:30,3476,3476,3475,3475,344,
2024-03-06 10:35:00+05:30,3475,3476,3474.8,3475,202,
2024-03-06 10:36:00+05:30,3475,3477.35,3475,3476,956,
2024-03-06 10:37:00+05:30,3476,3480.95,3475,3477.8,922,
2024-03-06 10:38:00+05:30,3480.2,3483.55,3477.5,3481.9,1317,
2024-03-06 10:39:00+05:30,3481.9,3490,3481.9,3483.35,1303,
2024-03-06 10:40:00+05:30,3483.35,3483.95,3480.55,3482.35,706,
2024-03-06 10:41:00+05:30,3482.35,3485.7,3482.35,3485,1662,
2024-03-06 10:42:00+05:30,3485,3488.9,3485,3488.9,1466,
2024-03-06 10:43:00+05:30,3488.9,3488.9,3486.3,3486.3,155,
2024-03-06 10:44:00+05:30,3486.3,3488.95,3486.3,3486.75,373,
2024-03-06 10:45:00+05:30,3486.75,3488.05,3485,3485,417,
2024-03-06 10:46:00+05:30,3485,3485.8,3485,3485.6,1091,
2024-03-06 10:47:00+05:30,3485.6,3486.05,3485,3485.85,21,
2024-03-06 10:48:00+05:30,3485.1,3485.95,3485,3485,1180,
2024-03-06 10:49:00+05:30,3485,3486,3485,3485,512,
2024-03-06 10:50:00+05:30,3485,3485.8,3485,3485,1004,
2024-03-06 10:51:00+05:30,3485,3485.65,3485,3485.05,2072,
2024-03-06 10:52:00+05:30,3485.05,3485.2,3480.25,3481.15,699,
2024-03-06 10:53:00+05:30,3480.8,3480.8,3476.3,3477.85,825,
2024-03-06 10:54:00+05:30,3477.85,3477.85,3475.4,3475.4,128,
2024-03-06 10:55:00+05:30,3475.4,3477.05,3473.55,3474.5,325,
2024-03-06 10:56:00+05:30,3474.5,3474.5,3471.3,3472.2,892,
2024-03-06 10:57:00+05:30,3472.2,3473.95,3471.25,3471.25,221,
2024-03-06 10:58:00+05:30,3471.25,3472.9,3471.1,3471.1,86,
2024-03-06 10:59:00+05:30,3471.1,3475,3470,3475,558,
2024-03-06 11:00:00+05:30,3475,3477.3,3475,3477.3,142,
2024-03-06 11:01:00+05:30,3477.3,3477.3,3475.1,3475.55,393,
2024-03-06 11:02:00+05:30,3475.05,3475.75,3472.7,3474.2,153,
2024-03-06 11:03:00+05:30,3474.2,3476,3472.7,3472.7,234,
2024-03-06 11:04:00+05:30,3472.7,3474.3,3472,3472,31,
2024-03-06 11:05:00+05:30,3472,3472.8,3470.2,3471.95,135,
2024-03-06 11:06:00+05:30,3471.95,3472.25,3470.1,3470.5,127,
2024-03-06 11:07:00+05:30,3470.5,3470.5,3468,3469.4,166,
2024-03-06 11:08:00+05:30,3469,3469,3467.65,3468.95,84,
2024-03-06 11:09:00+05:30,3468.95,3472.5,3467.6,3471.75,446,
2024-03-06 11:10:00+05:30,3474.4,3474.6,3471.5,3471.5,430,
2024-03-06 11:11:00+05:30,3471.5,3473.55,3469.55,3469.55,129,
2024-03-06 11:12:00+05:30,3471.45,3471.45,3468.55,3471.25,118,
2024-03-06 11:13:00+05:30,3471.25,3472.15,3470.2,3471.7,359,
2024-03-06 11:14:00+05:30,3471.45,3473.9,3471.45,3472.05,249,
2024-03-06 11:15:00+05:30,3472.05,3472.2,3472,3472.2,117,
2024-03-06 11:16:00+05:30,3472.2,3472.2,3468.6,3468.6,279,
2024-03-06 11:17:00+05:30,3468.6,3468.6,3465,3467.1,620,
2024-03-06 11:18:00+05:30,3467.1,3467.1,3463.45,3463.45,184,
2024-03-06 11:19:00+05:30,3463.45,3466.45,3463.35,3466.45,1272,
2024-03-06 11:20:00+05:30,3466.45,3466.45,3464.05,3465.9,181,
2024-03-06 11:21:00+05:30,3465.9,3465.9,3464,3464.1,165,
2024-03-06 11:22:00+05:30,3464.15,3464.45,3461.05,3461.55,655,
2024-03-06 11:23:00+05:30,3461.55,3463,3461.55,3462.6,68,
2024-03-06 11:24:00+05:30,3462.6,3463,3461.05,3461.05,190,
2024-03-06 11:25:00+05:30,3461.05,3462.5,3460.5,3460.5,62,
2024-03-06 11:26:00+05:30,3460.5,3464.55,3460.5,3463.05,156,
2024-03-06 11:27:00+05:30,3463.05,3464.2,3461.5,3464.2,443,
2024-03-06 11:28:00+05:30,3464.2,3469.95,3464.2,3465.8,1215,
2024-03-06 11:29:00+05:30,3467.25,3472.15,3466.5,3472.15,444,
2024-03-06 11:30:00+05:30,3472,3472,3468.3,3469.45,37,
2024-03-06 11:31:00+05:30,3469.45,3469.45,3466.95,3468.5,66,
2024-03-06 11:32:00+05:30,3468.5,3468.5,3465.55,3467,56,
2024-03-06 11:33:00+05:30,3467,3467,3464.2,3464.95,40,
2024-03-06 11:34:00+05:30,3464.95,3465,3463.45,3463.45,18,
2024-03-06 11:35:00+05:30,3464.45,3464.5,3462,3463.7,208,
2024-03-06 11:36:00+05:30,3464.3,3465.9,3463.8,3465.9,244,
2024-03-06 11:37:00+05:30,3465.9,3466,3464.2,3466,67,
2024-03-06 11:38:00+05:30,3466,3466,3464.2,3465.85,110,
2024-03-06 11:39:00+05:30,3464.2,3465.65,3462.65,3463,328,
2024-03-06 11:40:00+05:30,3463,3463,3462,3462.3,163,
2024-03-06 11:41:00+05:30,3462.3,3465.3,3460.2,3465.3,509,
2024-03-06 11:42:00+05:30,3465.25,3465.3,3464.3,3464.4,40,
2024-03-06 11:43:00+05:30,3464.4,3464.4,3461.4,3464.3,81,
2024-03-06 11:44:00+05:30,3463.9,3465.5,3461.55,3463,631,
2024-03-06 11:45:00+05:30,3463,3463.15,3461.5,3463,133,
2024-03-06 11:46:00+05:30,3463,3464.6,3462,3462,628,
2024-03-06 11:47:00+05:30,3463.55,3463.55,3462.05,3463.3,20,
2024-03-06 11:48:00+05:30,3463.3,3465,3462.15,3465,38,
2024-03-06 11:49:00+05:30,3465,3465,3463.65,3465,26,
2024-03-06 11:50:00+05:30,3465,3465,3463.65,3463.85,96,
2024-03-06 11:51:00+05:30,3463.85,3465.45,3463.85,3464.8,56,
2024-03-06 11:52:00+05:30,3464.8,3465.2,3463.6,3463.6,97,
2024-03-06 11:53:00+05:30,3465,3465,3463,3464.2,86,
2024-03-06 11:54:00+05:30,3464.2,3465.55,3462.15,3465.55,683,
2024-03-06 11:55:00+05:30,3466.3,3471.95,3465.6,3471.95,1518,
2024-03-06 11:56:00+05:30,3472,3473.45,3470.05,3472.9,651,
2024-03-06 11:57:00+05:30,3472.9,3476.9,3470.25,3475.15,1397,
2024-03-06 11:58:00+05:30,3475.15,3476.95,3475,3475.5,766,
2024-03-06 11:59:00+05:30,3475.5,3481.25,3475.5,3480,3634,
2024-03-06 12:00:00+05:30,3480.65,3481.25,3480,3480.9,395,
2024-03-06 12:01:00+05:30,3480.9,3480.9,3475,3477.05,8959,
2024-03-06 12:02:00+05:30,3477,3480.05,3476.65,3480,5323,
2024-03-06 12:03:00+05:30,3480,3480.3,3477.15,3480.3,702,
2024-03-06 12:04:00+05:30,3480.3,3480.35,3477.1,3480.35,1330,
2024-03-06 12:05:00+05:30,3480,3480.9,3479.9,3480.15,1649,
2024-03-06 12:06:00+05:30,3480.15,3481.15,3480,3480,159,
2024-03-06 12:07:00+05:30,3480,3480.9,3478.35,3479.65,587,
2024-03-06 12:08:00+05:30,3479.9,3480.2,3476.9,3478.45,5605,
2024-03-06 12:09:00+05:30,3480.1,3480.75,3478.45,3479.9,3483,
2024-03-06 12:10:00+05:30,3478.05,3480.7,3477.75,3480.15,862,
2024-03-06 12:11:00+05:30,3480.7,3483,3479.65,3481.1,1458,
2024-03-06 12:12:00+05:30,3481.1,3483,3480.65,3482.45,57,
2024-03-06 12:13:00+05:30,3482.45,3482.45,3480.9,3482,121,
2024-03-06 12:14:00+05:30,3482,3482,3480.55,3482,29,
2024-03-06 12:15:00+05:30,3482,3482,3479.55,3480,2174,
2024-03-06 12:16:00+05:30,3480.8,3481.5,3480,3480.75,138,
2024-03-06 12:17:00+05:30,3480.75,3481.2,3480,3480.7,112,
2024-03-06 12:18:00+05:30,3480,3481.7,3480,3480.05,114,
2024-03-06 12:19:00+05:30,3480,3481.7,3479.7,3480.8,988,
2024-03-06 12:20:00+05:30,3480.8,3481.95,3479.45,3479.7,159,
2024-03-06 12:21:00+05:30,3479.7,3481.5,3479.7,3480.65,204,
2024-03-06 12:22:00+05:30,3481.5,3481.8,3480,3480.45,481,
2024-03-06 12:23:00+05:30,3480.9,3480.95,3480,3480.95,74,
2024-03-06 12:24:00+05:30,3480.45,3485.75,3480.45,3485.75,1058,
2024-03-06 12:25:00+05:30,3485,3485.35,3483.25,3485,726,
2024-03-06 12:26:00+05:30,3485.05,3485.5,3485,3485,71,
2024-03-06 12:27:00+05:30,3485,3485.25,3485,3485,188,
2024-03-06 12:28:00+05:30,3485,3487.45,3483.2,3485,755,
2024-03-06 12:29:00+05:30,3485,3486.35,3484.1,3484.9,319,
2024-03-06 12:30:00+05:30,3484.9,3486.6,3484.9,3486,957,
2024-03-06 12:31:00+05:30,3486,3488,3485,3486.5,602,
2024-03-06 12:32:00+05:30,3486.45,3487.75,3485.3,3485.3,134,
2024-03-06 12:33:00+05:30,3485.3,3487.7,3485.3,3485.6,131,
2024-03-06 12:34:00+05:30,3485.6,3485.65,3484.55,3485,403,
2024-03-06 12:35:00+05:30,3486,3489.7,3485,3488.15,1557,
2024-03-06 12:36:00+05:30,3489.65,3489.65,3486.1,3488,797,
2024-03-06 12:37:00+05:30,3488,3492,3485.9,3492,630,
2024-03-06 12:38:00+05:30,3492.1,3499.9,3491.75,3497.4,6586,
2024-03-06 12:39:00+05:30,3497.4,3497.4,3494.05,3495.2,354,
2024-03-06 12:40:00+05:30,3495.2,3495.2,3490.15,3492.7,446,
2024-03-06 12:41:00+05:30,3492.7,3494.15,3489.05,3491.1,547,
2024-03-06 12:42:00+05:30,3489.5,3491.65,3489.5,3490,294,
2024-03-06 12:43:00+05:30,3490,3490,3485.55,3486.1,801,
2024-03-06 12:44:00+05:30,3486.75,3491.05,3485.2,3489.1,307,
2024-03-06 12:45:00+05:30,3489.95,3491.5,3489.15,3489.2,195,
2024-03-06 12:46:00+05:30,3489.2,3490.8,3489,3490.45,333,
2024-03-06 12:47:00+05:30,3491,3491.25,3488.9,3489.45,156,
2024-03-06 12:48:00+05:30,3489.45,3490.5,3488.25,3490.5,86,
2024-03-06 12:49:00+05:30,3490.5,3490.95,3488.65,3489.45,251,
2024-03-06 12:50:00+05:30,3490.25,3493.35,3489,3493.2,170,
2024-03-06 12:51:00+05:30,3493.35,3495.2,3492.05,3494,725,
2024-03-06 12:52:00+05:30,3494,3495.95,3492.55,3494.95,444,
2024-03-06 12:53:00+05:30,3494.95,3494.95,3492.35,3492.4,90,
2024-03-06 12:54:00+05:30,3492.4,3494.9,3492.4,3493,226,
2024-03-06 12:55:00+05:30,3493,3494.25,3491,3491,298,
2024-03-06 12:56:00+05:30,3491,3492.35,3489.9,3489.9,342,
2024-03-06 12:57:00+05:30,3489.5,3490.55,3488.95,3489,308,
2024-03-06 12:58:00+05:30,3489.75,3493,3489.75,3491.9,230,
2024-03-06 12:59:00+05:30,3491.1,3492.5,3490.4,3490.6,153,
2024-03-06 13:00:00+05:30,3490.6,3491.25,3489.45,3490,417,
2024-03-06 13:01:00+05:30,3490,3491.8,3489.4,3490.5,113,
2024-03-06 13:02:00+05:30,3490.5,3494.5,3490.5,3493.15,537,
2024-03-06 13:03:00+05:30,3493.15,3493.3,3491.05,3493,103,
2024-03-06 13:04:00+05:30,3493,3496.65,3492.05,3496.1,315,
2024-03-06 13:05:00+05:30,3496.1,3496.1,3493,3493,216,
2024-03-06 13:06:00+05:30,3493.05,3495.5,3493,3493.5,161,
2024-03-06 13:07:00+05:30,3493.5,3497.7,3493.4,3496.8,604,
2024-03-06 13:08:00+05:30,3495.3,3498,3495.15,3496.75,1019,
2024-03-06 13:09:00+05:30,3496.75,3498,3495.55,3498,216,
2024-03-06 13:10:00+05:30,3498,3498,3495.1,3496.5,83,
2024-03-06 13:11:00+05:30,3496.8,3497,3495.05,3496.7,164,
2024-03-06 13:12:00+05:30,3495.05,3496.65,3495,3496.35,85,
2024-03-06 13:13:00+05:30,3496.35,3498.8,3495,3498.8,1076,
2024-03-06 13:14:00+05:30,3498.8,3499,3496.1,3496.75,216,
2024-03-06 13:15:00+05:30,3496.75,3498.7,3495.2,3497.5,375,
2024-03-06 13:16:00+05:30,3497.1,3507.95,3497.1,3500.5,4879,
2024-03-06 13:17:00+05:30,3500.5,3508.5,3500.5,3507.95,2159,
2024-03-06 13:18:00+05:30,3507.95,3509,3505,3506.55,832,
2024-03-06 13:19:00+05:30,3506.55,3508,3505.4,3506.5,373,
2024-03-06 13:20:00+05:30,3506.55,3507.5,3503.05,3503.05,417,
2024-03-06 13:21:00+05:30,3505.15,3508,3502.25,3506.75,2544,
2024-03-06 13:22:00+05:30,3508.95,3513.2,3508.35,3510,2101,
2024-03-06 13:23:00+05:30,3511.45,3511.45,3506.45,3508.7,294,
2024-03-06 13:24:00+05:30,3508.15,3513.6,3505.4,3513.45,1312,
2024-03-06 13:25:00+05:30,3513.6,3515.7,3509.35,3509.7,1715,
2024-03-06 13:26:00+05:30,3509.9,3511.55,3509.15,3510.35,223,
2024-03-06 13:27:00+05:30,3510.35,3512.55,3509.2,3511.4,2099,
2024-03-06 13:28:00+05:30,3511.4,3512.05,3508.95,3508.95,357,
2024-03-06 13:29:00+05:30,3507.5,3508.95,3505.6,3506.6,204,
2024-03-06 13:30:00+05:30,3506.6,3507.85,3503.6,3505.6,208,
2024-03-06 13:31:00+05:30,3505.6,3505.65,3503.25,3503.25,274,
2024-03-06 13:32:00+05:30,3503.2,3510.5,3502.2,3508.5,1307,
2024-03-06 13:33:00+05:30,3510,3510.2,3505.45,3507.55,950,
2024-03-06 13:34:00+05:30,3507.55,3507.55,3505,3506,202,
2024-03-06 13:35:00+05:30,3506,3510,3506,3508.25,729,
2024-03-06 13:36:00+05:30,3508.75,3512.15,3508.25,3509.75,577,
2024-03-06 13:37:00+05:30,3509.75,3512.35,3509,3511.4,436,
2024-03-06 13:38:00+05:30,3511.4,3512.35,3509.7,3511.65,438,
2024-03-06 13:39:00+05:30,3511.95,3512,3510.35,3511.55,216,
2024-03-06 13:40:00+05:30,3511.1,3516,3511.1,3516,1715,
2024-03-06 13:41:00+05:30,3516,3518.65,3514.5,3518,1630,
2024-03-06 13:42:00+05:30,3517.75,3519.5,3517.05,3519.5,724,
2024-03-06 13:43:00+05:30,3519.5,3519.5,3515.45,3518,1661,
2024-03-06 13:44:00+05:30,3517.05,3520,3515.2,3517,4519,
2024-03-06 13:45:00+05:30,3517,3522.3,3517,3520.85,1203,
2024-03-06 13:46:00+05:30,3520.85,3522.4,3519.2,3520.2,574,
2024-03-06 13:47:00+05:30,3521.45,3524,3519.55,3524,1732,
2024-03-06 13:48:00+05:30,3524,3529.3,3522.4,3529,10321,
2024-03-06 13:49:00+05:30,3529,3533.95,3525.55,3530.75,4368,
2024-03-06 13:50:00+05:30,3530.75,3532.5,3527.65,3527.65,1973,
2024-03-06 13:51:00+05:30,3529.55,3529.9,3522.35,3528.9,1407,
2024-03-06 13:52:00+05:30,3528.9,3530.35,3525,3526.05,3457,
2024-03-06 13:53:00+05:30,3526.05,3532.5,3525,3529.95,2793,
2024-03-06 13:54:00+05:30,3530.6,3530.9,3527,3527.55,1658,
2024-03-06 13:55:00+05:30,3527.55,3537.7,3527.55,3533.5,5058,
2024-03-06 13:56:00+05:30,3533.9,3535.95,3532.65,3535,1024,
2024-03-06 13:57:00+05:30,3535,3535,3528.95,3532.85,1001,
2024-03-06 13:58:00+05:30,3532.85,3534,3530.6,3533.85,940,
2024-03-06 13:59:00+05:30,3532.6,3539.7,3532.05,3538.4,3054,
2024-03-06 14:00:00+05:30,3538.4,3538.7,3533.6,3535.5,565,
2024-03-06 14:01:00+05:30,3535.55,3535.95,3530.8,3533.75,2712,
2024-03-06 14:02:00+05:30,3533.75,3534.25,3529.9,3534.2,957,
2024-03-06 14:03:00+05:30,3534.9,3538,3532.05,3535.1,4846,
2024-03-06 14:04:00+05:30,3535.1,3536.05,3530.55,3530.55,1864,
2024-03-06 14:05:00+05:30,3530.55,3537.2,3529.55,3536.85,2133,
2024-03-06 14:06:00+05:30,3537,3542.05,3535.45,3542.05,2984,
2024-03-06 14:07:00+05:30,3542.4,3543.65,3541.05,3542.95,1910,
2024-03-06 14:08:00+05:30,3543.05,3545,3540.2,3540.95,2930,
2024-03-06 14:09:00+05:30,3540.95,3544.15,3539.15,3541.85,2381,
2024-03-06 14:10:00+05:30,3543.25,3551.65,3542,3550,5091,
2024-03-06 14:11:00+05:30,3550,3552.7,3542.05,3551.15,5066,
2024-03-06 14:12:00+05:30,3551.85,3557.6,3551,3551,4213,
2024-03-06 14:13:00+05:30,3551,3555,3548.25,3552,2657,
2024-03-06 14:14:00+05:30,3552,3557,3550.55,3554.05,1758,
2024-03-06 14:15:00+05:30,3552,3555,3550.55,3550.55,3611,
2024-03-06 14:16:00+05:30,3552.3,3552.3,3545.15,3548.3,3626,
2024-03-06 14:17:00+05:30,3548.3,3551.4,3546.15,3551.4,1344,
2024-03-06 14:18:00+05:30,3551.35,3557.5,3551.3,3555.4,2750,
2024-03-06 14:19:00+05:30,3555.3,3556.45,3554.85,3554.85,1869,
2024-03-06 14:20:00+05:30,3552.55,3560,3552,3553.65,7431,
2024-03-06 14:21:00+05:30,3553.65,3557,3553.65,3554.8,1579,
2024-03-06 14:22:00+05:30,3554.8,3556.65,3553,3554.1,1711,
2024-03-06 14:23:00+05:30,3554.7,3557,3553.85,3555.65,1078,
2024-03-06 14:24:00+05:30,3554.85,3555.75,3552.5,3552.5,875,
2024-03-06 14:25:00+05:30,3553,3554.95,3549.6,3552.5,1231,
2024-03-06 14:26:00+05:30,3552.5,3554.95,3550.7,3553.95,1246,
2024-03-06 14:27:00+05:30,3553.95,3556.7,3552.9,3554.4,2538,
2024-03-06 14:28:00+05:30,3555.4,3556.3,3552.95,3555.7,1018,
2024-03-06 14:29:00+05:30,3555.75,3560,3553.45,3556.95,8688,
2024-03-06 14:30:00+05:30,3554.1,3557.95,3553,3556.7,6635,
2024-03-06 14:31:00+05:30,3556.7,3556.7,3551.4,3552.55,1187,
2024-03-06 14:32:00+05:30,3551.45,3555.3,3548.75,3554.3,4403,
2024-03-06 14:33:00+05:30,3554.7,3556.3,3551.4,3553.25,681,
2024-03-06 14:34:00+05:30,3553.25,3556.4,3551.35,3552.05,962,
2024-03-06 14:35:00+05:30,3552.4,3552.65,3546.6,3548.65,1238,
2024-03-06 14:36:00+05:30,3546.5,3551.6,3546.5,3550.65,1602,
2024-03-06 14:37:00+05:30,3550.6,3553.05,3548.6,3549.05,1016,
2024-03-06 14:38:00+05:30,3550.55,3552.7,3548,3552.7,622,
2024-03-06 14:39:00+05:30,3553.15,3553.2,3549.2,3550.95,568,
2024-03-06 14:40:00+05:30,3550.7,3555.9,3549.05,3554.85,1116,
2024-03-06 14:41:00+05:30,3555.8,3557.15,3553.05,3556.4,1138,
2024-03-06 14:42:00+05:30,3556.4,3557.95,3552.05,3552.05,2030,
2024-03-06 14:43:00+05:30,3554.05,3555,3550,3554.05,750,
2024-03-06 14:44:00+05:30,3553.1,3559,3552.05,3556.5,8775,
2024-03-06 14:45:00+05:30,3555.25,3557.8,3552.75,3553.85,5594,
2024-03-06 14:46:00+05:30,3553.85,3559,3552.25,3556.4,7441,
2024-03-06 14:47:00+05:30,3556.65,3557,3553.2,3554.5,5087,
2024-03-06 14:48:00+05:30,3554.5,3555.7,3552,3553.65,866,
2024-03-06 14:49:00+05:30,3553.65,3557,3552.95,3555.6,910,
2024-03-06 14:50:00+05:30,3556.1,3556.1,3552,3553.7,871,
2024-03-06 14:51:00+05:30,3553.7,3554.55,3550.05,3550.05,3178,
2024-03-06 14:52:00+05:30,3552.1,3552.1,3549.05,3549.05,1482,
2024-03-06 14:53:00+05:30,3549.05,3555.75,3549.05,3555.75,1317,
2024-03-06 14:54:00+05:30,3555.8,3558.7,3549.65,3550.5,57060,
2024-03-06 14:55:00+05:30,3550.9,3558,3550.9,3554.55,2821,
2024-03-06 14:56:00+05:30,3554.6,3555,3549.65,3550.7,1280,
2024-03-06 14:57:00+05:30,3550.7,3554.75,3550.7,3554.2,1516,
2024-03-06 14:58:00+05:30,3554.65,3555,3551.7,3554,1711,
2024-03-06 14:59:00+05:30,3554,3554.15,3550.1,3550.55,1154,
2024-03-06 15:00:00+05:30,3550.55,3555,3550.1,3554.95,3181,
2024-03-06 15:01:00+05:30,3555.15,3556.5,3554.05,3556.05,2397,
2024-03-06 15:02:00+05:30,3555.75,3555.75,3552.5,3553.5,1424,
2024-03-06 15:03:00+05:30,3552.9,3558.95,3552.9,3558.35,6471,
2024-03-06 15:04:00+05:30,3558.35,3558.8,3553.35,3556.3,4706,
2024-03-06 15:05:00+05:30,3554.6,3559.55,3553.1,3558.95,9994,
2024-03-06 15:06:00+05:30,3558.4,3558.4,3551.7,3556.75,6633,
2024-03-06 15:07:00+05:30,3556.35,3556.95,3551.65,3553.55,9773,
2024-03-06 15:08:00+05:30,3553.2,3553.2,3543.5,3548.85,28645,
2024-03-06 15:09:00+05:30,3549.7,3550.7,3544,3546.45,3251,
2024-03-06 15:10:00+05:30,3546.65,3548.65,3544.35,3547.3,3932,
2024-03-06 15:11:00+05:30,3546,3547.3,3541.05,3543.85,8829,
2024-03-06 15:12:00+05:30,3543.7,3546.95,3538.75,3539.95,4874,
2024-03-06 15:13:00+05:30,3540.4,3544,3539.55,3541.65,8811,
2024-03-06 15:14:00+05:30,3541.65,3545,3541.05,3544.75,2348,
2024-03-06 15:15:00+05:30,3544.75,3544.75,3539.4,3540.1,4005,
2024-03-06 15:16:00+05:30,3540.5,3542.35,3535.65,3537.3,15344,
2024-03-06 15:17:00+05:30,3536.8,3540,3536.8,3539.1,3598,
2024-03-06 15:18:00+05:30,3537.45,3544,3536.1,3536.1,15069,
2024-03-06 15:19:00+05:30,3536.5,3539.95,3535.5,3539.4,2356,
2024-03-06 15:20:00+05:30,3538.7,3538.7,3534.25,3536.05,3371,
2024-03-06 15:21:00+05:30,3536.05,3540,3534.5,3539.4,3072,
2024-03-06 15:22:00+05:30,3539.95,3540,3537.7,3540,2493,
2024-03-06 15:23:00+05:30,3539.75,3540,3538.25,3538.55,2639,
2024-03-06 15:24:00+05:30,3539,3540,3534,3538.3,7493,
2024-03-06 15:25:00+05:30,3538.1,3540,3535.95,3536.95,3756,
2024-03-06 15:26:00+05:30,3535.1,3537.6,3532.1,3536.25,10292,
2024-03-06 15:27:00+05:30,3536.2,3545.05,3533.8,3545.05,3266,
2024-03-06 15:28:00+05:30,3542.7,3544.5,3540.6,3542.3,1222,
2024-03-06 15:29:00+05:30,3543.85,3544.4,3541.85,3542,710,
2024-03-07 09:15:00+05:30,3544.65,3557.6,3538,3538.7,2689,
2024-03-07 09:16:00+05:30,3536.65,3546.65,3536.5,3544.3,1793,
2024-03-07 09:17:00+05:30,3541,3558.8,3536.55,3556,1375,
2024-03-07 09:18:00+05:30,3558.8,3558.8,3547.9,3554,2414,
2024-03-07 09:19:00+05:30,3554,3562,3552.05,3562,5141,
2024-03-07 09:20:00+05:30,3560.5,3562,3554,3556,4576,
2024-03-07 09:21:00+05:30,3556,3559.65,3554,3557.15,1527,
2024-03-07 09:22:00+05:30,3557.15,3563,3556.8,3562.85,2202,
2024-03-07 09:23:00+05:30,3562.85,3564.2,3557.55,3561.35,1449,
2024-03-07 09:24:00+05:30,3562.95,3567.25,3562.45,3566.15,2219,
2024-03-07 09:25:00+05:30,3566.15,3573.85,3565.45,3572.2,3563,
2024-03-07 09:26:00+05:30,3572.45,3572.75,3565,3568.85,2265,
2024-03-07 09:27:00+05:30,3568.9,3570.7,3565.95,3567.95,1419,
2024-03-07 09:28:00+05:30,3567.95,3571.25,3567.3,3571.25,1504,
2024-03-07 09:29:00+05:30,3570,3574.95,3570,3573.45,993,
2024-03-07 09:30:00+05:30,3571.6,3577,3571,3572.05,3957,
2024-03-07 09:31:00+05:30,3572.05,3575.65,3566.8,3568.25,1892,
2024-03-07 09:32:00+05:30,3568.25,3575,3568.25,3570.05,5877,
2024-03-07 09:33:00+05:30,3568.4,3579.7,3568.4,3577,2992,
2024-03-07 09:34:00+05:30,3575.8,3579.6,3574.1,3575.9,1978,
2024-03-07 09:35:00+05:30,3573.75,3575.7,3571.05,3573.1,2770,
2024-03-07 09:36:00+05:30,3573.1,3574.9,3564.15,3565.9,5354,
2024-03-07 09:37:00+05:30,3565.9,3566.3,3560.9,3560.9,1742,
2024-03-07 09:38:00+05:30,3561.3,3568.85,3560,3568.25,2479,
2024-03-07 09:39:00+05:30,3568.25,3571.7,3563.65,3566.15,1814,
2024-03-07 09:40:00+05:30,3566.15,3570.65,3564.2,3566.1,1488,
2024-03-07 09:41:00+05:30,3566.8,3569.95,3565,3569.7,431,
2024-03-07 09:42:00+05:30,3569.7,3572.5,3568.4,3570.65,989,
2024-03-07 09:43:00+05:30,3572.15,3572.2,3570.25,3572,273,
2024-03-07 09:44:00+05:30,3572,3579.4,3572,3579,3108,
2024-03-07 09:45:00+05:30,3579,3582.6,3578.05,3582.55,4231,
2024-03-07 09:46:00+05:30,3582.55,3583,3580.7,3581.7,662,
2024-03-07 09:47:00+05:30,3582.85,3582.85,3577.65,3582,5616,
2024-03-07 09:48:00+05:30,3582,3584,3576.05,3584,4259,
2024-03-07 09:49:00+05:30,3584,3586,3582,3585,2403,
2024-03-07 09:50:00+05:30,3585,3587.8,3580.1,3582.4,2544,
2024-03-07 09:51:00+05:30,3582.2,3584.95,3582.15,3584.45,1418,
2024-03-07 09:52:00+05:30,3584.45,3584.45,3581.95,3582,526,
2024-03-07 09:53:00+05:30,3581.95,3581.95,3580,3581.15,1185,
2024-03-07 09:54:00+05:30,3581.15,3583.35,3580,3583,753,
2024-03-07 09:55:00+05:30,3583,3588.8,3582,3587.65,2301,
2024-03-07 09:56:00+05:30,3587.65,3592.35,3587,3588,4268,
2024-03-07 09:57:00+05:30,3587.95,3587.95,3583.2,3583.35,568,
2024-03-07 09:58:00+05:30,3583.35,3586.6,3583,3583.65,732,
2024-03-07 09:59:00+05:30,3583.65,3590,3583.65,3588.8,1021,
2024-03-07 10:00:00+05:30,3588.85,3590,3587.2,3588.85,588,
2024-03-07 10:01:00+05:30,3587.35,3589.5,3587.25,3589,358,
2024-03-07 10:02:00+05:30,3589,3590,3588,3590,549,
2024-03-07 10:03:00+05:30,3590,3590.9,3587.6,3589.9,993,
2024-03-07 10:04:00+05:30,3589.9,3598,3589.9,3598,3136,
2024-03-07 10:05:00+05:30,3598,3599.45,3596.65,3599,1879,
2024-03-07 10:06:00+05:30,3598,3598.1,3593.5,3593.5,973,
2024-03-07 10:07:00+05:30,3593.5,3599,3593.5,3597.2,1178,
2024-03-07 10:08:00+05:30,3597.2,3597.5,3590.05,3591.95,1008,
2024-03-07 10:09:00+05:30,3591.65,3592.55,3587,3589,2008,
2024-03-07 10:10:00+05:30,3589.25,3592,3587.5,3589.8,1695,
2024-03-07 10:11:00+05:30,3590,3593.7,3589.9,3592.6,898,
2024-03-07 10:12:00+05:30,3592.6,3593.2,3590.5,3592,347,
2024-03-07 10:13:00+05:30,3590.4,3594,3589.45,3594,1400,
2024-03-07 10:14:00+05:30,3594,3594,3589,3590.9,226,
2024-03-07 10:15:00+05:30,3590.9,3592.95,3587.7,3591.95,2009,
2024-03-07 10:16:00+05:30,3590,3591.95,3590,3590.95,193,
2024-03-07 10:17:00+05:30,3590.95,3591,3589.15,3590.95,203,
2024-03-07 10:18:00+05:30,3591,3591.35,3587.8,3587.8,643,
2024-03-07 10:19:00+05:30,3589.9,3589.9,3587.15,3589.15,684,
2024-03-07 10:20:00+05:30,3589.15,3589.3,3586.5,3589.3,533,
2024-03-07 10:21:00+05:30,3589.3,3589.3,3585.5,3588,1267,
2024-03-07 10:22:00+05:30,3588,3588.45,3585,3586.2,763,
2024-03-07 10:23:00+05:30,3586,3589.9,3583,3588,2740,
2024-03-07 10:24:00+05:30,3588,3590.95,3587,3590.95,634,
2024-03-07 10:25:00+05:30,3590.95,3591.7,3587.6,3588.6,735,
2024-03-07 10:26:00+05:30,3590.55,3591.7,3590,3590.7,316,
2024-03-07 10:27:00+05:30,3590.7,3591.4,3590,3591.4,171,
2024-03-07 10:28:00+05:30,3590.25,3592.75,3590.25,3592.75,359,
2024-03-07 10:29:00+05:30,3592.75,3592.75,3587.5,3591.9,1766,
2024-03-07 10:30:00+05:30,3591.9,3598.1,3591.75,3596.8,1898,
2024-03-07 10:31:00+05:30,3596.8,3596.95,3592.05,3594.6,699,
2024-03-07 10:32:00+05:30,3594.6,3594.6,3593.05,3594.6,148,
2024-03-07 10:33:00+05:30,3594.6,3597.9,3594.6,3596.8,1435,
2024-03-07 10:34:00+05:30,3596.8,3598.95,3594.55,3597,940,
2024-03-07 10:35:00+05:30,3597,3597.9,3595.2,3596.75,602,
2024-03-07 10:36:00+05:30,3595.2,3596.9,3591.9,3594.5,1411,
2024-03-07 10:37:00+05:30,3594.5,3595.65,3593.1,3594.1,375,
2024-03-07 10:38:00+05:30,3595.8,3595.8,3594.1,3595,165,
2024-03-07 10:39:00+05:30,3595,3595,3590.45,3592,244,
2024-03-07 10:40:00+05:30,3592,3594.85,3591.15,3594.7,331,
2024-03-07 10:41:00+05:30,3594.1,3594.9,3591.4,3594.25,430,
2024-03-07 10:42:00+05:30,3594.6,3595,3593.2,3594.8,243,
2024-03-07 10:43:00+05:30,3594.8,3595.7,3592.05,3594.8,515,
2024-03-07 10:44:00+05:30,3594.75,3594.75,3588.15,3591,991,
2024-03-07 10:45:00+05:30,3591,3593,3589.4,3591,1092,
2024-03-07 10:46:00+05:30,3590.95,3590.95,3586.55,3589.95,725,
2024-03-07 10:47:00+05:30,3589.9,3589.95,3587.5,3589.5,388,
2024-03-07 10:48:00+05:30,3587.5,3589.95,3587.1,3589.5,131,
2024-03-07 10:49:00+05:30,3589.5,3592.1,3586.4,3590.05,600,
2024-03-07 10:50:00+05:30,3590.05,3591.5,3587.5,3590.15,1599,
2024-03-07 10:51:00+05:30,3590.95,3591.95,3589.3,3590.05,136,
2024-03-07 10:52:00+05:30,3590.05,3593,3589.15,3591.95,975,
2024-03-07 10:53:00+05:30,3591.95,3592.95,3588.3,3590,381,
2024-03-07 10:54:00+05:30,3590,3591.95,3589.9,3591.95,379,
2024-03-07 10:55:00+05:30,3591.95,3592.15,3590.05,3591.2,109,
2024-03-07 10:56:00+05:30,3591.2,3592.2,3587.4,3589.4,403,
2024-03-07 10:57:00+05:30,3589.05,3590,3587,3587.75,197,
2024-03-07 10:58:00+05:30,3589.05,3589.35,3587,3587.15,254,
2024-03-07 10:59:00+05:30,3588.2,3589.3,3586.6,3587.1,267,
2024-03-07 11:00:00+05:30,3587.95,3589.8,3587.1,3588.9,1682,
2024-03-07 11:01:00+05:30,3587.1,3589.55,3587.1,3589.45,291,
2024-03-07 11:02:00+05:30,3589.45,3590,3587.7,3589.95,204,
2024-03-07 11:03:00+05:30,3589.95,3592,3588.1,3591.15,1430,
2024-03-07 11:04:00+05:30,3591.15,3592.6,3589.05,3589.25,1358,
2024-03-07 11:05:00+05:30,3590,3592.1,3589.1,3589.5,611,
2024-03-07 11:06:00+05:30,3589.5,3591.95,3589.5,3590,961,
2024-03-07 11:07:00+05:30,3590,3590.95,3589.5,3589.5,128,
2024-03-07 11:08:00+05:30,3590.05,3590.85,3588,3589,434,
2024-03-07 11:09:00+05:30,3588.05,3590.45,3588.05,3588.7,440,
2024-03-07 11:10:00+05:30,3588.7,3590.15,3588.7,3588.95,92,
2024-03-07 11:11:00+05:30,3589.9,3590,3588.9,3589,108,
2024-03-07 11:12:00+05:30,3589,3590,3588,3590,485,
2024-03-07 11:13:00+05:30,3590,3592.1,3588.25,3588.25,2192,
2024-03-07 11:14:00+05:30,3588.25,3592.1,3588,3590,218,
2024-03-07 11:15:00+05:30,3590,3591.05,3588.1,3589.3,358,
2024-03-07 11:16:00+05:30,3589.3,3591,3588.65,3590.9,329,
2024-03-07 11:17:00+05:30,3589.3,3590.95,3588.5,3589.55,635,
2024-03-07 11:18:00+05:30,3588,3590,3587.25,3589.8,322,
2024-03-07 11:19:00+05:30,3589.8,3590,3587.55,3589.55,306,
2024-03-07 11:20:00+05:30,3590.6,3590.6,3588.15,3588.5,355,
2024-03-07 11:21:00+05:30,3588.5,3590.4,3588.1,3589.05,701,
2024-03-07 11:22:00+05:30,3589.05,3590.7,3588.15,3589.95,324,
2024-03-07 11:23:00+05:30,3589.95,3590,3587.05,3589.5,338,
2024-03-07 11:24:00+05:30,3589.5,3589.5,3587,3588.45,142,
2024-03-07 11:25:00+05:30,3588.45,3589.45,3587.15,3588,149,
2024-03-07 11:26:00+05:30,3588,3589.7,3587.2,3587.2,146,
2024-03-07 11:27:00+05:30,3587.2,3589.7,3587,3587.3,709,
2024-03-07 11:28:00+05:30,3587.3,3589,3587.3,3589,90,
2024-03-07 11:29:00+05:30,3587.3,3589,3587,3588.95,438,
2024-03-07 11:30:00+05:30,3587.35,3589,3587,3589,323,
2024-03-07 11:31:00+05:30,3589,3589.9,3587.85,3589.9,670,
2024-03-07 11:32:00+05:30,3589.9,3592.1,3588.65,3590,1213,
2024-03-07 11:33:00+05:30,3592.3,3592.3,3588.7,3590,626,
2024-03-07 11:34:00+05:30,3590,3590,3588.55,3590,837,
2024-03-07 11:35:00+05:30,3590,3590,3588.5,3589.9,562,
2024-03-07 11:36:00+05:30,3588.9,3589,3587.5,3589,820,
2024-03-07 11:37:00+05:30,3589,3589.95,3587.6,3588.7,822,
2024-03-07 11:38:00+05:30,3588.7,3590,3587.1,3588,363,
2024-03-07 11:39:00+05:30,3588,3588,3584.4,3584.4,2989,
2024-03-07 11:40:00+05:30,3586.3,3586.75,3583.1,3584.35,458,
2024-03-07 11:41:00+05:30,3584.2,3585.95,3579.7,3582,1957,
2024-03-07 11:42:00+05:30,3581.7,3582.45,3579.25,3582.45,1780,
2024-03-07 11:43:00+05:30,3580.55,3582.45,3580.5,3581,360,
2024-03-07 11:44:00+05:30,3580.95,3581,3579.2,3579.25,349,
2024-03-07 11:45:00+05:30,3581,3581,3579,3580.2,2116,
2024-03-07 11:46:00+05:30,3580,3580.5,3576.15,3578,5669,
2024-03-07 11:47:00+05:30,3578,3578,3570.5,3574.2,575,
2024-03-07 11:48:00+05:30,3570.8,3574,3570.75,3573.9,1817,
2024-03-07 11:49:00+05:30,3573.9,3573.9,3570.35,3570.95,639,
2024-03-07 11:50:00+05:30,3570.95,3572,3570.35,3571.6,179,
2024-03-07 11:51:00+05:30,3571,3572.3,3569,3569.1,907,
2024-03-07 11:52:00+05:30,3568.2,3569.9,3567,3567.05,349,
2024-03-07 11:53:00+05:30,3568,3569.75,3566.8,3569.75,559,
2024-03-07 11:54:00+05:30,3569,3570,3567.45,3569.5,415,
2024-03-07 11:55:00+05:30,3569.5,3570.95,3567.2,3567.9,466,
2024-03-07 11:56:00+05:30,3568.25,3569.9,3567.2,3569.5,398,
2024-03-07 11:57:00+05:30,3569.9,3571.95,3568.25,3571.55,445,
2024-03-07 11:58:00+05:30,3571.55,3571.95,3570.3,3571.95,130,
2024-03-07 11:59:00+05:30,3571.95,3571.95,3568.35,3570.5,887,
2024-03-07 12:00:00+05:30,3568.6,3570.1,3567,3568.3,551,
2024-03-07 12:01:00+05:30,3567.8,3568.9,3566.45,3566.45,284,
2024-03-07 12:02:00+05:30,3566.45,3567.95,3563.55,3563.85,780,
2024-03-07 12:03:00+05:30,3563.85,3565.3,3562.7,3563.45,563,
2024-03-07 12:04:00+05:30,3563.45,3567.35,3563.45,3566.75,1250,
2024-03-07 12:05:00+05:30,3567.55,3568,3563.7,3567.3,641,
2024-03-07 12:06:00+05:30,3567.3,3567.6,3564.2,3566.3,541,
2024-03-07 12:07:00+05:30,3566.65,3566.65,3563.1,3563.6,366,
2024-03-07 12:08:00+05:30,3563.55,3565,3563.1,3563.65,389,
2024-03-07 12:09:00+05:30,3563.65,3565.95,3563.3,3564.05,254,
2024-03-07 12:10:00+05:30,3565.7,3566.9,3564,3564.8,179,
2024-03-07 12:11:00+05:30,3564.8,3566.35,3564,3565.45,504,
2024-03-07 12:12:00+05:30,3565.05,3567.25,3563.6,3566.95,1101,
2024-03-07 12:13:00+05:30,3566.7,3568.5,3565.35,3566.95,640,
2024-03-07 12:14:00+05:30,3566.2,3568.5,3566.2,3568.15,335,
2024-03-07 12:15:00+05:30,3568.5,3569.95,3568.15,3568.9,155,
2024-03-07 12:16:00+05:30,3568.9,3571.65,3568.85,3570.5,379,
2024-03-07 12:17:00+05:30,3570.5,3576.2,3570.05,3575.5,754,
2024-03-07 12:18:00+05:30,3575.5,3580,3575.5,3580,1022,
2024-03-07 12:19:00+05:30,3580,3582.85,3579.85,3582.55,1950,
2024-03-07 12:20:00+05:30,3582.55,3585,3581.85,3584.15,1478,
2024-03-07 12:21:00+05:30,3582.5,3585,3582.45,3583,1103,
2024-03-07 12:22:00+05:30,3582.45,3582.65,3579.5,3582.1,1825,
2024-03-07 12:23:00+05:30,3581.7,3582.1,3578.55,3579.95,957,
2024-03-07 12:24:00+05:30,3579.95,3581.25,3578.1,3580.85,628,
2024-03-07 12:25:00+05:30,3581.25,3581.95,3580.85,3581.95,719,
2024-03-07 12:26:00+05:30,3580.9,3582.3,3579.3,3581.6,753,
2024-03-07 12:27:00+05:30,3580,3581.6,3580,3580.8,141,
2024-03-07 12:28:00+05:30,3580.8,3581.55,3580,3580.05,203,
2024-03-07 12:29:00+05:30,3580.05,3581.25,3574.05,3580,3880,
2024-03-07 12:30:00+05:30,3580.05,3581,3579.9,3579.95,583,
2024-03-07 12:31:00+05:30,3579.9,3581.25,3577.9,3578.9,588,
2024-03-07 12:32:00+05:30,3577.85,3579.95,3577,3577,326,
2024-03-07 12:33:00+05:30,3577,3580.5,3577,3579.15,299,
2024-03-07 12:34:00+05:30,3579.1,3580.5,3579.1,3580.05,102,
2024-03-07 12:35:00+05:30,3579.9,3581,3579.9,3580.55,131,
2024-03-07 12:36:00+05:30,3580.1,3581,3580.1,3581,209,
2024-03-07 12:37:00+05:30,3580.25,3584.3,3580,3581.25,2149,
2024-03-07 12:38:00+05:30,3582.15,3585.05,3582.15,3584.65,1489,
2024-03-07 12:39:00+05:30,3583.8,3585,3583.8,3584.95,253,
2024-03-07 12:40:00+05:30,3584.85,3585,3584.15,3584.9,389,
2024-03-07 12:41:00+05:30,3584.8,3585,3583.75,3585,500,
2024-03-07 12:42:00+05:30,3584.85,3585.5,3584.8,3585.5,712,
2024-03-07 12:43:00+05:30,3585.35,3587.35,3584.85,3586.5,3415,
2024-03-07 12:44:00+05:30,3586.5,3586.5,3584.9,3586.45,2621,
2024-03-07 12:45:00+05:30,3585,3588,3585,3587.9,2684,
2024-03-07 12:46:00+05:30,3587.85,3590.9,3587.05,3590,1476,
2024-03-07 12:47:00+05:30,3590,3591.35,3589.95,3590.9,607,
2024-03-07 12:48:00+05:30,3589.95,3591,3589.95,3590.95,637,
2024-03-07 12:49:00+05:30,3589.9,3591.4,3589.9,3590.05,497,
2024-03-07 12:50:00+05:30,3589.9,3591,3589.85,3589.9,575,
2024-03-07 12:51:00+05:30,3590,3592,3588.3,3588.3,2004,
2024-03-07 12:52:00+05:30,3588.3,3590,3584.45,3584.95,1319,
2024-03-07 12:53:00+05:30,3584.85,3586.5,3584.15,3585,1095,
2024-03-07 12:54:00+05:30,3584.55,3585,3584.1,3584.95,468,
2024-03-07 12:55:00+05:30,3584.85,3585,3583.7,3584.85,1428,
2024-03-07 12:56:00+05:30,3584.1,3587,3584.1,3586.9,1213,
2024-03-07 12:57:00+05:30,3587,3587,3586.8,3586.95,1318,
2024-03-07 12:58:00+05:30,3585.55,3586.95,3584.9,3584.95,1215,
2024-03-07 12:59:00+05:30,3584.85,3585,3584.85,3584.9,507,
2024-03-07 13:00:00+05:30,3584.9,3584.95,3580.2,3583.35,648,
2024-03-07 13:01:00+05:30,3583.8,3585,3583.05,3584.85,483,
2024-03-07 13:02:00+05:30,3584.85,3585.95,3584.85,3585.95,468,
2024-03-07 13:03:00+05:30,3585.6,3585.6,3583.15,3583.8,735,
2024-03-07 13:04:00+05:30,3583.15,3585,3583.15,3584.95,147,
2024-03-07 13:05:00+05:30,3584.85,3585,3584.85,3584.95,151,
2024-03-07 13:06:00+05:30,3584.85,3585.75,3582.5,3584.2,855,
2024-03-07 13:07:00+05:30,3583.05,3590.05,3583.05,3587.7,2297,
2024-03-07 13:08:00+05:30,3588.1,3590.9,3585.75,3587.95,1096,
2024-03-07 13:09:00+05:30,3586.8,3590.65,3585.05,3587,614,
2024-03-07 13:10:00+05:30,3585.45,3587,3585.05,3587,326,
2024-03-07 13:11:00+05:30,3586.9,3590.05,3584.05,3589.05,1502,
2024-03-07 13:12:00+05:30,3589.1,3590.6,3586.4,3588.95,834,
2024-03-07 13:13:00+05:30,3587,3591.15,3587,3590,2348,
2024-03-07 13:14:00+05:30,3588.35,3591,3584.6,3587.15,66094,
2024-03-07 13:15:00+05:30,3587.9,3602.5,3587.55,3602.5,19657,
2024-03-07 13:16:00+05:30,3603.8,3604.8,3600,3600.05,1773,
2024-03-07 13:17:00+05:30,3600,3607.95,3598.1,3602,2249,
2024-03-07 13:18:00+05:30,3602.05,3605.2,3600.1,3600.1,48928,
2024-03-07 13:19:00+05:30,3600.8,3605.05,3600.05,3600.05,62659,
2024-03-07 13:20:00+05:30,3600.25,3607.7,3599.15,3606.9,7054,
2024-03-07 13:21:00+05:30,3605.1,3620,3605.1,3615.75,13892,
2024-03-07 13:22:00+05:30,3616.95,3616.95,3611,3615.95,2343,
2024-03-07 13:23:00+05:30,3614.2,3617,3610.45,3612.4,8024,
2024-03-07 13:24:00+05:30,3612.65,3617,3611.35,3612.7,1401,
2024-03-07 13:25:00+05:30,3612.65,3617,3611.9,3615,1014,
2024-03-07 13:26:00+05:30,3613.75,3616.35,3613.15,3614.8,565,
2024-03-07 13:27:00+05:30,3614.05,3616.4,3613.45,3614.9,945,
2024-03-07 13:28:00+05:30,3613.65,3615,3613.1,3613.1,312,
2024-03-07 13:29:00+05:30,3613.1,3613.95,3610,3610.5,1181,
2024-03-07 13:30:00+05:30,3612.15,3614.9,3610,3613.25,872,
2024-03-07 13:31:00+05:30,3611.35,3611.35,3601.05,3601.8,1281,
2024-03-07 13:32:00+05:30,3601.3,3611.95,3600.1,3611.95,1678,
2024-03-07 13:33:00+05:30,3610.6,3612.25,3606.95,3609.25,948,
2024-03-07 13:34:00+05:30,3608.9,3612.65,3608,3611.8,578,
2024-03-07 13:35:00+05:30,3612.1,3612.1,3610.25,3611.8,248,
2024-03-07 13:36:00+05:30,3610.25,3611.9,3610.25,3611,250,
2024-03-07 13:37:00+05:30,3610.4,3611.75,3610.25,3610.25,451,
2024-03-07 13:38:00+05:30,3609.25,3610.95,3607,3607,254,
2024-03-07 13:39:00+05:30,3606.45,3606.6,3603.25,3603.25,491,
2024-03-07 13:40:00+05:30,3603.05,3607.4,3602.8,3606.4,1727,
2024-03-07 13:41:00+05:30,3603.85,3606.95,3603.85,3606,590,
2024-03-07 13:42:00+05:30,3604.25,3606,3602.2,3604.45,785,
2024-03-07 13:43:00+05:30,3604.45,3604.95,3602.05,3603.9,305,
2024-03-07 13:44:00+05:30,3603.8,3604.75,3601.55,3602.95,487,
2024-03-07 13:45:00+05:30,3601.9,3604.4,3601.9,3604.4,199,
2024-03-07 13:46:00+05:30,3602.8,3604.5,3602.05,3604,333,
2024-03-07 13:47:00+05:30,3602.45,3603.85,3600,3601.65,1495,
2024-03-07 13:48:00+05:30,3601.65,3605,3600.45,3605,683,
2024-03-07 13:49:00+05:30,3604.4,3604.4,3600,3603.6,645,
2024-03-07 13:50:00+05:30,3601.05,3606.35,3601.05,3604.7,525,
2024-03-07 13:51:00+05:30,3604.15,3606.5,3604.05,3606.4,957,
2024-03-07 13:52:00+05:30,3606.35,3606.7,3603.75,3606.35,624,
2024-03-07 13:53:00+05:30,3606.35,3606.35,3604.1,3604.35,147,
2024-03-07 13:54:00+05:30,3604.3,3607,3604.3,3605.75,1517,
2024-03-07 13:55:00+05:30,3604.95,3606.9,3604.05,3605.95,519,
2024-03-07 13:56:00+05:30,3605.95,3606.1,3603.65,3605.3,419,
2024-03-07 13:57:00+05:30,3605.55,3605.85,3602.15,3604.75,550,
2024-03-07 13:58:00+05:30,3602.6,3604.8,3602.3,3604.5,228,
2024-03-07 13:59:00+05:30,3602.1,3604.65,3602.1,3604.65,328,
2024-03-07 14:00:00+05:30,3603.8,3606,3603.1,3605.95,214,
2024-03-07 14:01:00+05:30,3605.35,3605.35,3603.05,3603.75,203,
2024-03-07 14:02:00+05:30,3604.5,3604.6,3596.25,3598,916,
2024-03-07 14:03:00+05:30,3597.95,3598.25,3594.65,3596.8,1320,
2024-03-07 14:04:00+05:30,3595,3600,3594.5,3600,591,
2024-03-07 14:05:00+05:30,3598.9,3599.95,3595.6,3598.2,271,
2024-03-07 14:06:00+05:30,3596.25,3601,3595.7,3599.9,301,
2024-03-07 14:07:00+05:30,3601,3602.35,3599.55,3602.2,249,
2024-03-07 14:08:00+05:30,3600.45,3602.15,3600,3600.85,126,
2024-03-07 14:09:00+05:30,3600.05,3601.95,3599.05,3600,314,
2024-03-07 14:10:00+05:30,3598.85,3601.2,3598.65,3601.2,221,
2024-03-07 14:11:00+05:30,3600,3601.95,3600,3601.15,331,
2024-03-07 14:12:00+05:30,3600,3605.75,3600,3605.75,466,
2024-03-07 14:13:00+05:30,3604.3,3606.5,3603.1,3605.9,566,
2024-03-07 14:14:00+05:30,3604.25,3605.85,3602.95,3605,277,
2024-03-07 14:15:00+05:30,3604,3606.45,3602.95,3605.9,325,
2024-03-07 14:16:00+05:30,3605.4,3608.1,3604.2,3605.9,1520,
2024-03-07 14:17:00+05:30,3604.15,3607.95,3604.05,3605.6,5195,
2024-03-07 14:18:00+05:30,3605.6,3607.1,3604.05,3604.55,1163,
2024-03-07 14:19:00+05:30,3604,3606.5,3603.75,3604.55,991,
2024-03-07 14:20:00+05:30,3604.5,3606,3604.5,3605.25,308,
2024-03-07 14:21:00+05:30,3604.5,3606.45,3604.5,3605.55,277,
2024-03-07 14:22:00+05:30,3604.85,3606.4,3604.05,3605,283,
2024-03-07 14:23:00+05:30,3604.4,3605.8,3603.1,3604.6,130,
2024-03-07 14:24:00+05:30,3603.1,3605.15,3602.05,3603.3,117,
2024-03-07 14:25:00+05:30,3601.9,3603.45,3599.05,3601.9,1464,
2024-03-07 14:26:00+05:30,3601.95,3603.2,3599.05,3601.5,2296,
2024-03-07 14:27:00+05:30,3600,3603.55,3600,3603,187,
2024-03-07 14:28:00+05:30,3601.35,3603,3600.85,3602.65,164,
2024-03-07 14:29:00+05:30,3602,3604,3598.3,3600,2342,
2024-03-07 14:30:00+05:30,3600.3,3605,3597.1,3605,4677,
2024-03-07 14:31:00+05:30,3603.85,3605.85,3603,3605,306,
2024-03-07 14:32:00+05:30,3604.4,3606,3603,3604.7,714,
2024-03-07 14:33:00+05:30,3603.4,3605.3,3603.4,3605.1,145,
2024-03-07 14:34:00+05:30,3604,3605.35,3601.05,3602.25,383,
2024-03-07 14:35:00+05:30,3600.65,3605.55,3600.55,3605.55,276,
2024-03-07 14:36:00+05:30,3603.1,3605.3,3602.55,3605,452,
2024-03-07 14:37:00+05:30,3604.05,3605.55,3600,3601.05,2510,
2024-03-07 14:38:00+05:30,3600,3602.45,3599.65,3602.35,614,
2024-03-07 14:39:00+05:30,3599.25,3601.65,3599.25,3601.65,277,
2024-03-07 14:40:00+05:30,3600.15,3604.95,3600.15,3604.95,323,
2024-03-07 14:41:00+05:30,3603.3,3604.35,3602.1,3602.1,208,
2024-03-07 14:42:00+05:30,3602.1,3603.95,3602.1,3603.65,201,
2024-03-07 14:43:00+05:30,3602.5,3605,3602.5,3604.15,502,
2024-03-07 14:44:00+05:30,3601.75,3602.5,3599,3600.5,606,
2024-03-07 14:45:00+05:30,3600,3602.85,3600,3602.6,682,
2024-03-07 14:46:00+05:30,3602.65,3603.95,3602.15,3603.45,268,
2024-03-07 14:47:00+05:30,3601.75,3603.95,3600.45,3601.4,419,
2024-03-07 14:48:00+05:30,3601,3603.2,3600,3603.2,342,
2024-03-07 14:49:00+05:30,3602.05,3603.85,3602.05,3603.35,234,
2024-03-07 14:50:00+05:30,3602.35,3604.15,3602.05,3602.9,203,
2024-03-07 14:51:00+05:30,3602.65,3603.95,3602.05,3602.8,154,
2024-03-07 14:52:00+05:30,3603.45,3603.8,3602.05,3603.6,403,
2024-03-07 14:53:00+05:30,3602.1,3603.7,3602.05,3602.05,105,
2024-03-07 14:54:00+05:30,3602.05,3602.05,3598.5,3602,2245,
2024-03-07 14:55:00+05:30,3600.8,3602.1,3600.7,3601.35,172,
2024-03-07 14:56:00+05:30,3601.25,3602.95,3600.05,3600.4,466,
2024-03-07 14:57:00+05:30,3600.15,3603.2,3600.05,3601.45,280,
2024-03-07 14:58:00+05:30,3600.1,3601.15,3598.4,3600.05,516,
2024-03-07 14:59:00+05:30,3600,3602.95,3598.7,3602,967,
2024-03-07 15:00:00+05:30,3603,3606,3603,3605.55,2301,
2024-03-07 15:01:00+05:30,3605.55,3605.55,3601.5,3601.55,821,
2024-03-07 15:02:00+05:30,3601.5,3604.2,3601.15,3603.35,1111,
2024-03-07 15:03:00+05:30,3601.7,3605.25,3601.6,3605.25,1060,
2024-03-07 15:04:00+05:30,3604.45,3605.95,3602,3604.9,1434,
2024-03-07 15:05:00+05:30,3603.1,3603.1,3600.3,3600.95,1097,
2024-03-07 15:06:00+05:30,3600.4,3603.9,3600.4,3603.85,1100,
2024-03-07 15:07:00+05:30,3603.55,3603.85,3601.75,3603.4,421,
2024-03-07 15:08:00+05:30,3603.45,3604,3601.7,3603.75,1034,
2024-03-07 15:09:00+05:30,3603.65,3604,3601.8,3603,590,
2024-03-07 15:10:00+05:30,3603,3603,3600.75,3600.75,1033,
2024-03-07 15:11:00+05:30,3600.75,3602,3600.3,3601.5,1166,
2024-03-07 15:12:00+05:30,3601.3,3602.75,3600.5,3601,727,
2024-03-07 15:13:00+05:30,3601,3602.95,3601,3602.95,522,
2024-03-07 15:14:00+05:30,3602.8,3604.45,3602.8,3604,1908,
2024-03-07 15:15:00+05:30,3602.85,3603.95,3601.65,3603,1270,
2024-03-07 15:16:00+05:30,3602,3603,3600.9,3602.5,742,
2024-03-07 15:17:00+05:30,3601.1,3604.95,3601.1,3604.1,4461,
2024-03-07 15:18:00+05:30,3604.05,3605,3601.95,3604.6,8629,
2024-03-07 15:19:00+05:30,3604,3604.4,3601.5,3603.6,2956,
2024-03-07 15:20:00+05:30,3603.35,3603.35,3599.45,3599.45,2981,
2024-03-07 15:21:00+05:30,3599.45,3601.35,3598.2,3600.7,1577,
2024-03-07 15:22:00+05:30,3600.7,3601.35,3598,3600.55,2269,
2024-03-07 15:23:00+05:30,3600.5,3601,3600,3600.7,1933,
2024-03-07 15:24:00+05:30,3600.8,3600.9,3593.2,3594.35,3159,
2024-03-07 15:25:00+05:30,3594.55,3597.1,3594.55,3596.65,2139,
2024-03-07 15:26:00+05:30,3596.65,3597.1,3595.1,3597.1,1502,
2024-03-07 15:27:00+05:30,3597.4,3606.7,3595.25,3597,4372,
2024-03-07 15:28:00+05:30,3595.3,3597.15,3591.75,3597,1350,
2024-03-07 15:29:00+05:30,3593.25,3596.8,3590.2,3593.9,290,
2024-03-11 09:15:00+05:30,3601.6,3601.6,3587.65,3597.1,1573,
2024-03-11 09:16:00+05:30,3597.8,3616.1,3597.8,3608.8,1726,
2024-03-11 09:17:00+05:30,3608.35,3613.5,3606.45,3607.55,693,
2024-03-11 09:18:00+05:30,3605.95,3611.55,3605.2,3609.15,961,
2024-03-11 09:19:00+05:30,3610.8,3610.8,3604.8,3605.85,721,
2024-03-11 09:20:00+05:30,3604.45,3604.45,3593.2,3594.4,1071,
2024-03-11 09:21:00+05:30,3594.4,3595.25,3592.4,3593,767,
2024-03-11 09:22:00+05:30,3593,3593.85,3590.2,3592.75,421,
2024-03-11 09:23:00+05:30,3591.45,3597.45,3590,3590,888,
2024-03-11 09:24:00+05:30,3591,3594.2,3586.05,3591.45,1858,
2024-03-11 09:25:00+05:30,3591.45,3601.95,3590.5,3600.75,733,
2024-03-11 09:26:00+05:30,3600.75,3601.55,3598.8,3600.9,570,
2024-03-11 09:27:00+05:30,3602.65,3604.9,3599.7,3600.05,488,
2024-03-11 09:28:00+05:30,3601,3606.35,3599.05,3606.35,1503,
2024-03-11 09:29:00+05:30,3605.2,3611.45,3605.2,3610.85,2290,
2024-03-11 09:30:00+05:30,3610.95,3610.95,3603.35,3604.2,741,
2024-03-11 09:31:00+05:30,3604.2,3609.95,3604.2,3608.3,619,
2024-03-11 09:32:00+05:30,3608.5,3608.5,3601.4,3604.95,1026,
2024-03-11 09:33:00+05:30,3603.4,3619.9,3603.05,3619.9,1665,
2024-03-11 09:34:00+05:30,3620,3621.05,3614.5,3615.75,3246,
2024-03-11 09:35:00+05:30,3615.75,3623.55,3612.65,3619.7,2373,
2024-03-11 09:36:00+05:30,3619.7,3621.85,3616.15,3621.45,3089,
2024-03-11 09:37:00+05:30,3621.85,3622.25,3618.35,3618.4,732,
2024-03-11 09:38:00+05:30,3618.4,3622.6,3618.4,3621.65,1197,
2024-03-11 09:39:00+05:30,3621.65,3624.35,3620,3623.85,706,
2024-03-11 09:40:00+05:30,3623.85,3628.15,3623.2,3625.3,3057,
2024-03-11 09:41:00+05:30,3624,3625,3619,3619,666,
2024-03-11 09:42:00+05:30,3619,3619.9,3616.5,3618,594,
2024-03-11 09:43:00+05:30,3618,3620.1,3618,3619.1,220,
2024-03-11 09:44:00+05:30,3619.1,3621.9,3616.2,3616.2,757,
2024-03-11 09:45:00+05:30,3616.2,3620.45,3614.7,3620.45,1072,
2024-03-11 09:46:00+05:30,3620.45,3628.45,3619.35,3627.45,1943,
2024-03-11 09:47:00+05:30,3627.45,3635,3626.55,3633.6,3268,
2024-03-11 09:48:00+05:30,3633.25,3634.2,3628.05,3628.5,1208,
2024-03-11 09:49:00+05:30,3628.5,3632.6,3627.4,3630.05,1402,
2024-03-11 09:50:00+05:30,3630.05,3632.9,3629.1,3629.1,1305,
2024-03-11 09:51:00+05:30,3629.1,3632.9,3629.1,3631.8,1163,
2024-03-11 09:52:00+05:30,3631.8,3632.15,3629.6,3630.55,383,
2024-03-11 09:53:00+05:30,3629.6,3630.35,3629.1,3629.1,392,
2024-03-11 09:54:00+05:30,3629.1,3630,3627.9,3629.05,678,
2024-03-11 09:55:00+05:30,3629.05,3632.9,3628.65,3631.5,1245,
2024-03-11 09:56:00+05:30,3631.5,3636,3631.5,3636,3903,
2024-03-11 09:57:00+05:30,3636,3639.85,3636,3638.25,1094,
2024-03-11 09:58:00+05:30,3639.2,3651.65,3639.2,3648,7911,
2024-03-11 09:59:00+05:30,3646.85,3652,3646.85,3651.55,2229,
2024-03-11 10:00:00+05:30,3649.9,3652.05,3644.5,3644.5,2534,
2024-03-11 10:01:00+05:30,3644.5,3647.95,3640,3643.25,2491,
2024-03-11 10:02:00+05:30,3643.25,3645.2,3635.4,3636.05,1700,
2024-03-11 10:03:00+05:30,3636.05,3637.85,3634.15,3637.05,1105,
2024-03-11 10:04:00+05:30,3637.05,3644.2,3637.05,3641.75,885,
2024-03-11 10:05:00+05:30,3641.7,3642.95,3639.75,3640,954,
2024-03-11 10:06:00+05:30,3640,3640.05,3636.75,3637.65,480,
2024-03-11 10:07:00+05:30,3637.05,3637.25,3635,3636,499,
2024-03-11 10:08:00+05:30,3637,3637.25,3636,3636,310,
2024-03-11 10:09:00+05:30,3636,3636.3,3630.05,3630.05,732,
2024-03-11 10:10:00+05:30,3630.05,3639,3630.05,3637.1,1512,
2024-03-11 10:11:00+05:30,3637.1,3640.6,3636.95,3636.95,302,
2024-03-11 10:12:00+05:30,3636.95,3638.05,3633.7,3633.7,264,
2024-03-11 10:13:00+05:30,3633.7,3634.6,3631.05,3631.1,405,
2024-03-11 10:14:00+05:30,3630.95,3631.2,3627.15,3629.5,1708,
2024-03-11 10:15:00+05:30,3629.5,3629.5,3626,3627.1,765,
2024-03-11 10:16:00+05:30,3627.1,3629.95,3627.1,3629.75,387,
2024-03-11 10:17:00+05:30,3629.75,3630.3,3628.7,3629,433,
2024-03-11 10:18:00+05:30,3629,3634.05,3629,3631.95,1111,
2024-03-11 10:19:00+05:30,3631.95,3633.85,3631.95,3632.7,348,
2024-03-11 10:20:00+05:30,3632.7,3638.85,3632.05,3636.9,1020,
2024-03-11 10:21:00+05:30,3637.2,3639.9,3636.55,3636.55,1433,
2024-03-11 10:22:00+05:30,3636.55,3640.25,3636.15,3639.9,999,
2024-03-11 10:23:00+05:30,3640,3642.7,3636.7,3637.85,1910,
2024-03-11 10:24:00+05:30,3636.8,3641.3,3636.8,3639.7,565,
2024-03-11 10:25:00+05:30,3640.7,3640.7,3636.2,3637.95,1743,
2024-03-11 10:26:00+05:30,3637.95,3638.1,3636.2,3638.1,206,
2024-03-11 10:27:00+05:30,3638.1,3640,3637.35,3638.05,4630,
2024-03-11 10:28:00+05:30,3638.05,3638.1,3636.25,3637.1,829,
2024-03-11 10:29:00+05:30,3637.1,3638.1,3633.65,3635.9,1528,
2024-03-11 10:30:00+05:30,3635.9,3640,3635.9,3637.25,1810,
2024-03-11 10:31:00+05:30,3637.25,3639.2,3627.5,3627.5,1182,
2024-03-11 10:32:00+05:30,3626.95,3632,3626.45,3631.3,687,
2024-03-11 10:33:00+05:30,3631.3,3634.45,3628.75,3629.6,780,
2024-03-11 10:34:00+05:30,3629.6,3631.35,3628.3,3630.8,381,
2024-03-11 10:35:00+05:30,3629,3629.2,3626.05,3627.2,416,
2024-03-11 10:36:00+05:30,3627.4,3627.55,3626.05,3626.65,144,
2024-03-11 10:37:00+05:30,3626.55,3627.4,3622.15,3623.1,1897,
2024-03-11 10:38:00+05:30,3623.1,3624.75,3621.85,3624.1,803,
2024-03-11 10:39:00+05:30,3624.1,3624.1,3620.15,3620.2,309,
2024-03-11 10:40:00+05:30,3620,3623.6,3618.05,3621.7,1267,
2024-03-11 10:41:00+05:30,3621.7,3626,3621.6,3625.95,695,
2024-03-11 10:42:00+05:30,3625.95,3627.25,3625,3626.5,834,
2024-03-11 10:43:00+05:30,3626.5,3627,3625.75,3626.85,306,
2024-03-11 10:44:00+05:30,3625.75,3627.55,3625.75,3627.55,381,
2024-03-11 10:45:00+05:30,3627.55,3627.55,3625.75,3626,319,
2024-03-11 10:46:00+05:30,3626,3626.4,3625.75,3625.75,431,
2024-03-11 10:47:00+05:30,3625.75,3626,3624.1,3625.5,726,
2024-03-11 10:48:00+05:30,3624.2,3624.6,3622,3623.05,678,
2024-03-11 10:49:00+05:30,3623.05,3625.35,3622.5,3624,1457,
2024-03-11 10:50:00+05:30,3624,3626.4,3624,3625.65,496,
2024-03-11 10:51:00+05:30,3625.65,3626.55,3625.65,3626.4,147,
2024-03-11 10:52:00+05:30,3626,3628,3626,3627.85,237,
2024-03-11 10:53:00+05:30,3626.95,3629,3626.95,3628.75,807,
2024-03-11 10:54:00+05:30,3628.55,3629.9,3628.55,3629.5,161,
2024-03-11 10:55:00+05:30,3629.5,3629.5,3627.15,3627.15,649,
2024-03-11 10:56:00+05:30,3627.15,3632.5,3627.15,3631.2,1927,
2024-03-11 10:57:00+05:30,3631.2,3634.75,3630.05,3634.5,1060,
2024-03-11 10:58:00+05:30,3634.5,3637.5,3632,3632,929,
2024-03-11 10:59:00+05:30,3632,3634.8,3632,3633.05,238,
2024-03-11 11:00:00+05:30,3633.05,3634,3628.4,3628.4,367,
2024-03-11 11:01:00+05:30,3628.4,3629.5,3627.7,3627.7,323,
2024-03-11 11:02:00+05:30,3627.7,3628.2,3625.5,3626.55,1246,
2024-03-11 11:03:00+05:30,3626.55,3627.85,3625,3625,513,
2024-03-11 11:04:00+05:30,3625,3625.4,3624,3624,503,
2024-03-11 11:05:00+05:30,3624,3626.6,3624,3626,458,
2024-03-11 11:06:00+05:30,3626.7,3630.95,3626,3626.6,3770,
2024-03-11 11:07:00+05:30,3626.7,3627.9,3626,3627.9,236,
2024-03-11 11:08:00+05:30,3627.9,3627.9,3623,3623,1997,
2024-03-11 11:09:00+05:30,3623,3626.95,3623,3626.05,3067,
2024-03-11 11:10:00+05:30,3626.05,3626.35,3625.7,3626,486,
2024-03-11 11:11:00+05:30,3626,3626.05,3626,3626.05,709,
2024-03-11 11:12:00+05:30,3626.05,3626.05,3625.55,3626.05,171,
2024-03-11 11:13:00+05:30,3625.6,3626,3625.55,3625.55,105,
2024-03-11 11:14:00+05:30,3625.55,3625.6,3625,3625.55,329,
2024-03-11 11:15:00+05:30,3625.55,3628.45,3625,3628.45,974,
2024-03-11 11:16:00+05:30,3628.45,3628.95,3626.85,3626.95,678,
2024-03-11 11:17:00+05:30,3626.95,3626.95,3625,3625,465,
2024-03-11 11:18:00+05:30,3625,3626.35,3625,3625,274,
2024-03-11 11:19:00+05:30,3625,3625.95,3623.25,3624.75,371,
2024-03-11 11:20:00+05:30,3624.2,3624.2,3623.25,3624.1,229,
2024-03-11 11:21:00+05:30,3624.1,3626,3623.5,3625.25,575,
2024-03-11 11:22:00+05:30,3625.25,3625.75,3625,3625.7,309,
2024-03-11 11:23:00+05:30,3625.7,3625.75,3624.15,3624.35,193,
2024-03-11 11:24:00+05:30,3624.2,3625.75,3624.2,3624.8,446,
2024-03-11 11:25:00+05:30,3624.6,3625.5,3624.15,3624.35,265,
2024-03-11 11:26:00+05:30,3624.35,3628.8,3624.25,3628,632,
2024-03-11 11:27:00+05:30,3628,3632.5,3627.65,3631.75,1189,
2024-03-11 11:28:00+05:30,3630.55,3636.95,3630.55,3635.8,1663,
2024-03-11 11:29:00+05:30,3636.95,3639.4,3635.65,3637.3,1260,
2024-03-11 11:30:00+05:30,3637.3,3637.3,3633,3633,335,
2024-03-11 11:31:00+05:30,3633,3633,3630,3630,266,
2024-03-11 11:32:00+05:30,3630.95,3636.75,3630,3634.85,736,
2024-03-11 11:33:00+05:30,3634.85,3634.85,3633.25,3633.6,147,
2024-03-11 11:34:00+05:30,3633.05,3634.3,3632.35,3632.6,483,
2024-03-11 11:35:00+05:30,3632.6,3633.45,3630,3630,226,
2024-03-11 11:36:00+05:30,3630,3632,3630,3631,777,
2024-03-11 11:37:00+05:30,3631,3631,3630,3630,227,
2024-03-11 11:38:00+05:30,3630,3630.6,3628.5,3628.7,228,
2024-03-11 11:39:00+05:30,3628.7,3630,3627,3629.4,805,
2024-03-11 11:40:00+05:30,3629.4,3631,3628.55,3628.55,212,
2024-03-11 11:41:00+05:30,3629.9,3629.9,3628,3628.85,191,
2024-03-11 11:42:00+05:30,3628,3628.85,3627,3627.1,936,
2024-03-11 11:43:00+05:30,3627.1,3627.1,3623.65,3625.4,6914,
2024-03-11 11:44:00+05:30,3625.4,3627,3624.45,3626.2,653,
2024-03-11 11:45:00+05:30,3626.2,3626.2,3625.05,3625.05,151,
2024-03-11 11:46:00+05:30,3625.05,3625.65,3625,3625,142,
2024-03-11 11:47:00+05:30,3625,3625.45,3625,3625,296,
2024-03-11 11:48:00+05:30,3625,3625.45,3623.8,3623.8,1161,
2024-03-11 11:49:00+05:30,3624,3624,3620,3620.4,1338,
2024-03-11 11:50:00+05:30,3621.2,3621.2,3618,3619.1,1760,
2024-03-11 11:51:00+05:30,3619.1,3619.1,3616.05,3619,2948,
2024-03-11 11:52:00+05:30,3619,3619,3615,3615.9,712,
2024-03-11 11:53:00+05:30,3615.9,3616.3,3615,3616.05,1021,
2024-03-11 11:54:00+05:30,3616.05,3616.05,3611.15,3611.15,486,
2024-03-11 11:55:00+05:30,3611.15,3611.15,3607.1,3609.2,1756,
2024-03-11 11:56:00+05:30,3608,3612.8,3607.35,3612.8,682,
2024-03-11 11:57:00+05:30,3612.8,3615,3611.3,3611.75,986,
2024-03-11 11:58:00+05:30,3611,3611.45,3608.7,3610,521,
2024-03-11 11:59:00+05:30,3610,3614,3610,3613,939,
2024-03-11 12:00:00+05:30,3613,3613.1,3610.35,3611.5,393,
2024-03-11 12:01:00+05:30,3611.5,3611.5,3610,3611.25,3370,
2024-03-11 12:02:00+05:30,3611,3617.9,3610.1,3617.9,1305,
2024-03-11 12:03:00+05:30,3617.9,3619.7,3616.8,3616.8,633,
2024-03-11 12:04:00+05:30,3616.3,3616.3,3609.85,3609.9,734,
2024-03-11 12:05:00+05:30,3611.25,3613.6,3609.9,3613.6,985,
2024-03-11 12:06:00+05:30,3613.6,3613.6,3610.1,3611.3,1018,
2024-03-11 12:07:00+05:30,3611.55,3614.75,3606.05,3606.05,1754,
2024-03-11 12:08:00+05:30,3606.05,3610.85,3606.05,3610.15,1800,
2024-03-11 12:09:00+05:30,3610.15,3611.3,3606.65,3607.8,1191,
2024-03-11 12:10:00+05:30,3607.8,3608.95,3605.4,3605.9,2814,
2024-03-11 12:11:00+05:30,3605.9,3607.05,3605.05,3606.4,901,
2024-03-11 12:12:00+05:30,3606.4,3606.4,3605.4,3606,156,
2024-03-11 12:13:00+05:30,3606,3606.2,3605,3606,1729,
2024-03-11 12:14:00+05:30,3606,3606,3601.05,3603.85,2040,
2024-03-11 12:15:00+05:30,3603.85,3607.5,3602.85,3607.5,703,
2024-03-11 12:16:00+05:30,3607.5,3607.5,3607,3607,92,
2024-03-11 12:17:00+05:30,3607.5,3609.95,3605.7,3608.9,1619,
2024-03-11 12:18:00+05:30,3608.9,3608.9,3605.55,3605.55,569,
2024-03-11 12:19:00+05:30,3604.9,3605.55,3604.15,3604.85,337,
2024-03-11 12:20:00+05:30,3604.85,3606.4,3602,3603.45,1392,
2024-03-11 12:21:00+05:30,3603.45,3603.45,3601.7,3601.9,353,
2024-03-11 12:22:00+05:30,3601.9,3606,3601.75,3604,995,
2024-03-11 12:23:00+05:30,3604,3604.6,3603,3604,107,
2024-03-11 12:24:00+05:30,3604,3604.05,3601.9,3601.9,128,
2024-03-11 12:25:00+05:30,3601.9,3606.9,3601.8,3606.9,2138,
2024-03-11 12:26:00+05:30,3606.9,3607.1,3605.35,3605.35,279,
2024-03-11 12:27:00+05:30,3605.35,3605.35,3603.3,3603.45,640,
2024-03-11 12:28:00+05:30,3603.45,3604.6,3601.95,3602.4,391,
2024-03-11 12:29:00+05:30,3602.45,3606.6,3602.45,3604.65,1241,
2024-03-11 12:30:00+05:30,3604.65,3605,3602,3602,669,
2024-03-11 12:31:00+05:30,3602,3604.2,3600.2,3601.2,2104,
2024-03-11 12:32:00+05:30,3601.2,3601.2,3600.4,3600.4,427,
2024-03-11 12:33:00+05:30,3600.65,3601.7,3600,3601.65,1116,
2024-03-11 12:34:00+05:30,3601.65,3601.7,3600.25,3600.55,202,
2024-03-11 12:35:00+05:30,3600.55,3601.2,3597.7,3598.05,1895,
2024-03-11 12:36:00+05:30,3598.05,3598.1,3593.4,3594.45,2256,
2024-03-11 12:37:00+05:30,3594.45,3595.25,3591.5,3592,1072,
2024-03-11 12:38:00+05:30,3592,3592.25,3586.55,3587.35,2198,
2024-03-11 12:39:00+05:30,3587.35,3589.9,3586.6,3588.45,2423,
2024-03-11 12:40:00+05:30,3588.45,3592.8,3587.9,3592.8,1031,
2024-03-11 12:41:00+05:30,3592.8,3592.8,3589,3591.45,1110,
2024-03-11 12:42:00+05:30,3591.45,3592.7,3590,3590.75,727,
2024-03-11 12:43:00+05:30,3590.75,3592,3586.35,3587.2,1382,
2024-03-11 12:44:00+05:30,3587.6,3591.25,3587.3,3589.9,391,
2024-03-11 12:45:00+05:30,3590,3591.95,3588.25,3589.05,539,
2024-03-11 12:46:00+05:30,3589.05,3591.4,3587,3590.25,2712,
2024-03-11 12:47:00+05:30,3591,3591.95,3588.4,3591.2,657,
2024-03-11 12:48:00+05:30,3591.2,3594.35,3590,3592.95,751,
2024-03-11 12:49:00+05:30,3594.75,3595.85,3590.3,3592.95,1297,
2024-03-11 12:50:00+05:30,3592.95,3594.2,3590.85,3592.65,602,
2024-03-11 12:51:00+05:30,3592.65,3595.1,3592.65,3594.6,323,
2024-03-11 12:52:00+05:30,3594.6,3594.75,3592.85,3593.1,497,
2024-03-11 12:53:00+05:30,3592.95,3594.15,3591.3,3592.9,387,
2024-03-11 12:54:00+05:30,3592.9,3595.85,3592.35,3594.9,332,
2024-03-11 12:55:00+05:30,3594.9,3597.65,3594.9,3595.8,1802,
2024-03-11 12:56:00+05:30,3595.8,3597.35,3595.55,3597,121,
2024-03-11 12:57:00+05:30,3597,3597.85,3595,3595,155,
2024-03-11 12:58:00+05:30,3595,3597.85,3595,3597.75,449,
2024-03-11 12:59:00+05:30,3597.85,3603.4,3597.05,3602.55,2436,
2024-03-11 13:00:00+05:30,3602.55,3603,3600.7,3600.95,322,
2024-03-11 13:01:00+05:30,3600.95,3602.05,3599.5,3599.5,143,
2024-03-11 13:02:00+05:30,3600.4,3600.4,3597.6,3598.3,501,
2024-03-11 13:03:00+05:30,3599.15,3604.95,3598.35,3604.95,1059,
2024-03-11 13:04:00+05:30,3604.95,3609.95,3602.05,3609.15,2760,
2024-03-11 13:05:00+05:30,3609.15,3609.15,3604.9,3605,902,
2024-03-11 13:06:00+05:30,3605,3613,3605,3610,1617,
2024-03-11 13:07:00+05:30,3610,3611.4,3610,3610,643,
2024-03-11 13:08:00+05:30,3610,3614.7,3610,3614.25,712,
2024-03-11 13:09:00+05:30,3614.25,3614.25,3612.35,3613.3,587,
2024-03-11 13:10:00+05:30,3613.3,3613.3,3610.55,3610.85,461,
2024-03-11 13:11:00+05:30,3611.05,3611.1,3610,3610.6,553,
2024-03-11 13:12:00+05:30,3610.6,3612.3,3610,3612.25,486,
2024-03-11 13:13:00+05:30,3612.25,3612.25,3611.1,3612,133,
2024-03-11 13:14:00+05:30,3612,3612,3610.65,3610.65,139,
2024-03-11 13:15:00+05:30,3611.35,3613.8,3610.25,3613.8,1019,
2024-03-11 13:16:00+05:30,3613.8,3616.7,3613.5,3615.05,644,
2024-03-11 13:17:00+05:30,3614.5,3616,3612.6,3613.1,203,
2024-03-11 13:18:00+05:30,3613.1,3614.5,3613.1,3613.15,520,
2024-03-11 13:19:00+05:30,3613.15,3613.9,3610.15,3611.25,731,
2024-03-11 13:20:00+05:30,3610.75,3612.1,3610.7,3611.15,294,
2024-03-11 13:21:00+05:30,3611.05,3613.1,3610.7,3612.55,409,
2024-03-11 13:22:00+05:30,3612.55,3612.55,3610,3610,538,
2024-03-11 13:23:00+05:30,3610,3614,3610,3614,931,
2024-03-11 13:24:00+05:30,3614,3614,3612.2,3612.2,152,
2024-03-11 13:25:00+05:30,3612.2,3615,3612.2,3614.1,455,
2024-03-11 13:26:00+05:30,3614.1,3614.55,3613.15,3613.5,175,
2024-03-11 13:27:00+05:30,3613.5,3613.5,3612,3612.75,1055,
2024-03-11 13:28:00+05:30,3612.75,3617,3612.15,3617,602,
2024-03-11 13:29:00+05:30,3617,3618,3616.6,3617.7,258,
2024-03-11 13:30:00+05:30,3617.7,3620.7,3616.55,3619.9,1071,
2024-03-11 13:31:00+05:30,3620.7,3620.7,3618.1,3619.55,629,
2024-03-11 13:32:00+05:30,3619.55,3619.65,3618.05,3619,459,
2024-03-11 13:33:00+05:30,3619,3622.45,3618.05,3620.2,763,
2024-03-11 13:34:00+05:30,3620.2,3620.95,3617.75,3620.35,577,
2024-03-11 13:35:00+05:30,3620.35,3621.8,3618.6,3619.25,386,
2024-03-11 13:36:00+05:30,3619.6,3620,3617.9,3619.75,854,
2024-03-11 13:37:00+05:30,3619.75,3619.8,3618,3619.4,188,
2024-03-11 13:38:00+05:30,3619.4,3625,3618.55,3623.5,1749,
2024-03-11 13:39:00+05:30,3625,3625,3621.6,3625,621,
2024-03-11 13:40:00+05:30,3625,3627.05,3623.9,3626.6,1247,
2024-03-11 13:41:00+05:30,3627.7,3629.4,3626.85,3628,1000,
2024-03-11 13:42:00+05:30,3628,3628,3625,3625.25,435,
2024-03-11 13:43:00+05:30,3625.2,3625.25,3622,3623.4,949,
2024-03-11 13:44:00+05:30,3623.4,3627.45,3623.4,3625.05,269,
2024-03-11 13:45:00+05:30,3625.05,3625.3,3623.15,3623.6,306,
2024-03-11 13:46:00+05:30,3623.6,3626.1,3623.3,3623.6,391,
2024-03-11 13:47:00+05:30,3623.6,3623.6,3620,3621.5,1078,
2024-03-11 13:48:00+05:30,3621.5,3621.5,3618.45,3618.5,346,
2024-03-11 13:49:00+05:30,3618.5,3619.5,3618.45,3618.5,656,
2024-03-11 13:50:00+05:30,3618.5,3621,3618.5,3619,562,
2024-03-11 13:51:00+05:30,3620.05,3620.05,3616.2,3617.75,1030,
2024-03-11 13:52:00+05:30,3616.5,3618.45,3616.15,3617.4,552,
2024-03-11 13:53:00+05:30,3616.3,3617.4,3616.1,3616.75,286,
2024-03-11 13:54:00+05:30,3616.7,3618,3612.95,3615.8,1545,
2024-03-11 13:55:00+05:30,3616.3,3616.7,3614.7,3615.6,228,
2024-03-11 13:56:00+05:30,3615.6,3616,3614.25,3614.25,138,
2024-03-11 13:57:00+05:30,3614.25,3615.65,3612.55,3612.6,471,
2024-03-11 13:58:00+05:30,3612.6,3614.05,3612,3613.35,319,
2024-03-11 13:59:00+05:30,3613.35,3613.35,3611,3611,802,
2024-03-11 14:00:00+05:30,3611,3622,3611,3620.4,1120,
2024-03-11 14:01:00+05:30,3620.4,3621.45,3617.6,3618.8,844,
2024-03-11 14:02:00+05:30,3618.8,3619.05,3617.4,3617.95,127,
2024-03-11 14:03:00+05:30,3617.95,3625.3,3617.9,3625.3,1889,
2024-03-11 14:04:00+05:30,3625.3,3625.3,3621.75,3623.4,159,
2024-03-11 14:05:00+05:30,3623.5,3623.5,3620.1,3620.1,322,
2024-03-11 14:06:00+05:30,3620.1,3621.35,3618,3619.4,411,
2024-03-11 14:07:00+05:30,3619.4,3622.7,3619.4,3620.2,543,
2024-03-11 14:08:00+05:30,3620.2,3620.2,3618.65,3618.7,972,
2024-03-11 14:09:00+05:30,3618.7,3620.05,3616.75,3616.75,1796,
2024-03-11 14:10:00+05:30,3615.4,3615.4,3612.2,3614.9,873,
2024-03-11 14:11:00+05:30,3614.9,3615.45,3612.4,3613.6,1086,
2024-03-11 14:12:00+05:30,3613.15,3613.6,3610,3612.9,1384,
2024-03-11 14:13:00+05:30,3612.9,3614,3610,3612.6,570,
2024-03-11 14:14:00+05:30,3612.6,3612.6,3610.1,3610.2,926,
2024-03-11 14:15:00+05:30,3610.2,3611.5,3607.05,3610.6,1114,
2024-03-11 14:16:00+05:30,3610.6,3611.55,3608.45,3608.75,831,
2024-03-11 14:17:00+05:30,3608.75,3611.65,3607.05,3611.15,1078,
2024-03-11 14:18:00+05:30,3611.15,3614.45,3606.55,3610.9,687,
2024-03-11 14:19:00+05:30,3611.1,3615.1,3608.75,3610,2376,
2024-03-11 14:20:00+05:30,3610,3610,3608.85,3609,512,
2024-03-11 14:21:00+05:30,3609,3609.65,3607.3,3608.55,1299,
2024-03-11 14:22:00+05:30,3607.5,3609.2,3604.2,3607.65,1588,
2024-03-11 14:23:00+05:30,3607.65,3609.2,3605.45,3607,1629,
2024-03-11 14:24:00+05:30,3607,3608.1,3605.65,3607.6,646,
2024-03-11 14:25:00+05:30,3607.6,3607.6,3604.2,3605.35,1024,
2024-03-11 14:26:00+05:30,3605.35,3607.35,3604.35,3607,606,
2024-03-11 14:27:00+05:30,3607,3612.55,3606.55,3607.95,2784,
2024-03-11 14:28:00+05:30,3606.75,3609.4,3606.4,3608,646,
2024-03-11 14:29:00+05:30,3608.7,3611.35,3607.4,3611.35,679,
2024-03-11 14:30:00+05:30,3611.35,3616.9,3610.75,3615.3,665,
2024-03-11 14:31:00+05:30,3615.3,3617.9,3611.45,3611.45,541,
2024-03-11 14:32:00+05:30,3611.45,3615.35,3611.45,3613.9,1206,
2024-03-11 14:33:00+05:30,3613.9,3618,3612.65,3616.3,871,
2024-03-11 14:34:00+05:30,3616.3,3618.45,3616.1,3616.75,488,
2024-03-11 14:35:00+05:30,3616.75,3620,3616.1,3619.85,1981,
2024-03-11 14:36:00+05:30,3619.85,3622,3618.9,3621.1,1492,
2024-03-11 14:37:00+05:30,3621.1,3621.9,3616.85,3617.5,775,
2024-03-11 14:38:00+05:30,3617.05,3618,3615.7,3615.7,838,
2024-03-11 14:39:00+05:30,3615.6,3616.7,3614.3,3614.4,502,
2024-03-11 14:40:00+05:30,3615.1,3615.35,3613.05,3614.75,726,
2024-03-11 14:41:00+05:30,3614.75,3614.85,3613.65,3614.3,233,
2024-03-11 14:42:00+05:30,3614.85,3619.5,3614.85,3618.95,875,
2024-03-11 14:43:00+05:30,3618.95,3619,3615.35,3616.7,354,
2024-03-11 14:44:00+05:30,3616.7,3620,3615.3,3619.55,1262,
2024-03-11 14:45:00+05:30,3619.55,3619.75,3616.75,3617.85,170,
2024-03-11 14:46:00+05:30,3617.85,3618.75,3616.35,3617.9,221,
2024-03-11 14:47:00+05:30,3617.9,3618.05,3616.55,3616.6,262,
2024-03-11 14:48:00+05:30,3616.6,3617.85,3615.1,3616.95,936,
2024-03-11 14:49:00+05:30,3615.1,3616.95,3614.05,3614.9,354,
2024-03-11 14:50:00+05:30,3614.9,3618.1,3613.7,3617.35,1492,
2024-03-11 14:51:00+05:30,3617.35,3619.4,3616.6,3618.2,587,
2024-03-11 14:52:00+05:30,3618.2,3619.1,3618.1,3619.1,359,
2024-03-11 14:53:00+05:30,3619.1,3619.1,3613.55,3615.9,836,
2024-03-11 14:54:00+05:30,3615.9,3616.05,3613.7,3615.4,512,
2024-03-11 14:55:00+05:30,3615.4,3615.5,3614.45,3615.35,603,
2024-03-11 14:56:00+05:30,3615.35,3617,3613.45,3615.15,1247,
2024-03-11 14:57:00+05:30,3615.15,3617,3613.55,3616.85,445,
2024-03-11 14:58:00+05:30,3616.85,3620,3616.85,3617.5,1216,
2024-03-11 14:59:00+05:30,3617.5,3618.2,3617.25,3618.2,362,
2024-03-11 15:00:00+05:30,3618.2,3621.75,3613.2,3614.55,2165,
2024-03-11 15:01:00+05:30,3613.8,3616.2,3610.5,3613.8,2472,
2024-03-11 15:02:00+05:30,3613.8,3616.55,3612.35,3615.5,1480,
2024-03-11 15:03:00+05:30,3615.5,3615.5,3611.8,3615.1,2077,
2024-03-11 15:04:00+05:30,3614.8,3615.15,3611.1,3614.8,1348,
2024-03-11 15:05:00+05:30,3613.75,3614.8,3610.8,3613.25,2914,
2024-03-11 15:06:00+05:30,3613.25,3613.25,3609.7,3612.45,2266,
2024-03-11 15:07:00+05:30,3612.45,3612.45,3606.45,3609.95,2297,
2024-03-11 15:08:00+05:30,3609.95,3610.6,3604.05,3606.9,2320,
2024-03-11 15:09:00+05:30,3606.9,3608.35,3604.1,3605.85,1754,
2024-03-11 15:10:00+05:30,3605.85,3606,3601.8,3603.65,4382,
2024-03-11 15:11:00+05:30,3603.65,3604.95,3601.15,3602.5,2135,
2024-03-11 15:12:00+05:30,3602.45,3603.6,3598.05,3600.3,3403,
2024-03-11 15:13:00+05:30,3600.3,3602.7,3597.75,3602.7,5394,
2024-03-11 15:14:00+05:30,3602.7,3606.85,3601.55,3604.6,2133,
2024-03-11 15:15:00+05:30,3604.6,3604.6,3601.3,3603.9,2760,
2024-03-11 15:16:00+05:30,3603.9,3604.9,3599.7,3604.9,2726,
2024-03-11 15:17:00+05:30,3604.9,3605,3600.45,3604.75,2301,
2024-03-11 15:18:00+05:30,3603.7,3604.5,3599.6,3602.2,3116,
2024-03-11 15:19:00+05:30,3602.2,3602.2,3600.2,3601.85,2569,
2024-03-11 15:20:00+05:30,3601.85,3604,3601.65,3603.95,3837,
2024-03-11 15:21:00+05:30,3603.25,3603.9,3601.05,3602.85,2100,
2024-03-11 15:22:00+05:30,3602.85,3602.95,3600,3600.95,2903,
2024-03-11 15:23:00+05:30,3600.95,3601.9,3600.65,3601.9,2977,
2024-03-11 15:24:00+05:30,3601.8,3602.2,3600,3600.25,4348,
2024-03-11 15:25:00+05:30,3600.2,3602.05,3599.15,3600.85,2641,
2024-03-11 15:26:00+05:30,3600.85,3603.35,3598.6,3603,3330,
2024-03-11 15:27:00+05:30,3603.2,3609.45,3601.65,3609.45,1661,
2024-03-11 15:28:00+05:30,3609.45,3612,3604.8,3612,1982,
2024-03-11 15:29:00+05:30,3610.75,3612,3601.5,3610,160,
2024-03-12 09:15:00+05:30,3600,3604.75,3586.7,3596.4,5006,
2024-03-12 09:16:00+05:30,3596.9,3611.65,3596.9,3610,1712,
2024-03-12 09:17:00+05:30,3610,3615,3603.1,3615,3271,
2024-03-12 09:18:00+05:30,3615,3625,3614,3620,6006,
2024-03-12 09:19:00+05:30,3620,3620,3603.05,3613,5254,
2024-03-12 09:20:00+05:30,3613,3613.6,3604.75,3604.75,2251,
2024-03-12 09:21:00+05:30,3604.75,3607.95,3603.4,3605.7,1006,
2024-03-12 09:22:00+05:30,3605.7,3608.15,3604.1,3608.1,379,
2024-03-12 09:23:00+05:30,3608.1,3609.45,3604.05,3605.55,357,
2024-03-12 09:24:00+05:30,3605.55,3609,3605.25,3609,212,
2024-03-12 09:25:00+05:30,3607.3,3608.9,3596.55,3596.9,2692,
2024-03-12 09:26:00+05:30,3596.9,3599,3586,3587.2,3555,
2024-03-12 09:27:00+05:30,3588.95,3589.85,3578.05,3582.45,4442,
2024-03-12 09:28:00+05:30,3580.85,3584.95,3575.7,3580.9,3309,
2024-03-12 09:29:00+05:30,3580.9,3583.8,3579.05,3583.8,849,
2024-03-12 09:30:00+05:30,3583.8,3591.45,3583.8,3591.45,1624,
2024-03-12 09:31:00+05:30,3584.55,3586.3,3578.4,3580.55,3685,
2024-03-12 09:32:00+05:30,3580.55,3583.3,3575.2,3582.3,3239,
2024-03-12 09:33:00+05:30,3582.3,3596,3580.3,3594.75,892,
2024-03-12 09:34:00+05:30,3592.25,3592.95,3585.85,3589.2,2804,
2024-03-12 09:35:00+05:30,3589.2,3590.95,3586.55,3586.9,357,
2024-03-12 09:36:00+05:30,3586.9,3590.35,3583.25,3590,1202,
2024-03-12 09:37:00+05:30,3590,3592.6,3588.05,3589.6,332,
2024-03-12 09:38:00+05:30,3589.6,3591.15,3588.6,3591.15,258,
2024-03-12 09:39:00+05:30,3591.15,3591.15,3580.45,3583.05,540,
2024-03-12 09:40:00+05:30,3582.65,3585.6,3581.7,3582.95,242,
2024-03-12 09:41:00+05:30,3582.95,3582.95,3580,3580,435,
2024-03-12 09:42:00+05:30,3580,3581,3569.4,3570.65,2269,
2024-03-12 09:43:00+05:30,3573.35,3575.35,3564.6,3565.2,3192,
2024-03-12 09:44:00+05:30,3565.2,3571.45,3565.2,3571.45,1618,
2024-03-12 09:45:00+05:30,3571.45,3577.9,3569.75,3577.9,3765,
2024-03-12 09:46:00+05:30,3575,3584.3,3574.7,3582.15,7064,
2024-03-12 09:47:00+05:30,3582.35,3584,3577.95,3583.85,1376,
2024-03-12 09:48:00+05:30,3583.85,3583.85,3576.05,3578.1,1412,
2024-03-12 09:49:00+05:30,3576.5,3580.85,3574,3580.05,1837,
2024-03-12 09:50:00+05:30,3580.7,3582.5,3578,3579.85,770,
2024-03-12 09:51:00+05:30,3579.85,3579.95,3574.5,3575.8,1023,
2024-03-12 09:52:00+05:30,3575.75,3577.95,3574.55,3575.4,751,
2024-03-12 09:53:00+05:30,3575.4,3576.85,3572.8,3574.9,511,
2024-03-12 09:54:00+05:30,3574.9,3576.15,3571.4,3571.4,304,
2024-03-12 09:55:00+05:30,3571.4,3574.15,3570.8,3574.1,715,
2024-03-12 09:56:00+05:30,3574.1,3580.2,3573.6,3578.75,361,
2024-03-12 09:57:00+05:30,3578.25,3578.75,3575.5,3576.25,224,
2024-03-12 09:58:00+05:30,3576.25,3576.5,3574.4,3574.4,134,
2024-03-12 09:59:00+05:30,3574.4,3574.4,3571.25,3572.95,1234,
2024-03-12 10:00:00+05:30,3572.95,3576.95,3571.15,3576.95,814,
2024-03-12 10:01:00+05:30,3576.95,3576.95,3573.65,3576.5,309,
2024-03-12 10:02:00+05:30,3576.5,3577,3573.65,3575,564,
2024-03-12 10:03:00+05:30,3575,3587.95,3574.8,3585.9,7957,
2024-03-12 10:04:00+05:30,3587.65,3592.8,3578.2,3587.65,6653,
2024-03-12 10:05:00+05:30,3589.75,3590,3581.95,3582.85,860,
2024-03-12 10:06:00+05:30,3582.85,3590.25,3582,3588.1,1191,
2024-03-12 10:07:00+05:30,3588.1,3589,3586.3,3586.3,224,
2024-03-12 10:08:00+05:30,3586.3,3588.6,3582.05,3587.8,1144,
2024-03-12 10:09:00+05:30,3587.8,3589.25,3587.7,3588.35,256,
2024-03-12 10:10:00+05:30,3588.35,3588.35,3585.55,3587,328,
2024-03-12 10:11:00+05:30,3587,3587,3582.55,3582.55,586,
2024-03-12 10:12:00+05:30,3582.55,3584,3581.35,3581.35,554,
2024-03-12 10:13:00+05:30,3581.35,3585.85,3580,3585.4,733,
2024-03-12 10:14:00+05:30,3585.4,3596,3580.85,3595,4377,
2024-03-12 10:15:00+05:30,3595,3595,3591.25,3592.75,165,
2024-03-12 10:16:00+05:30,3592.75,3600,3592.75,3600,2527,
2024-03-12 10:17:00+05:30,3600,3601.5,3598,3600.3,1689,
2024-03-12 10:18:00+05:30,3600.55,3605.95,3599.8,3605.95,2064,
2024-03-12 10:19:00+05:30,3606,3606,3601.5,3603.7,2058,
2024-03-12 10:20:00+05:30,3604.15,3604.45,3602.1,3603.65,635,
2024-03-12 10:21:00+05:30,3603.6,3610,3603.6,3608.9,3982,
2024-03-12 10:22:00+05:30,3608.9,3608.9,3604.25,3604.25,1242,
2024-03-12 10:23:00+05:30,3606.5,3606.85,3605.95,3605.95,87,
2024-03-12 10:24:00+05:30,3605.95,3606,3604.95,3604.95,169,
2024-03-12 10:25:00+05:30,3604.95,3605.7,3604,3605.7,279,
2024-03-12 10:26:00+05:30,3604.7,3604.7,3600.55,3602.35,290,
2024-03-12 10:27:00+05:30,3602.35,3606.2,3601.2,3606.2,222,
2024-03-12 10:28:00+05:30,3606.2,3607.1,3604.8,3607,167,
2024-03-12 10:29:00+05:30,3607,3607.1,3605,3605.75,117,
2024-03-12 10:30:00+05:30,3605.05,3612,3605.05,3611.55,4450,
2024-03-12 10:31:00+05:30,3611.55,3611.85,3609.8,3611.15,3190,
2024-03-12 10:32:00+05:30,3611.15,3616.95,3611.15,3616.15,4426,
2024-03-12 10:33:00+05:30,3616.15,3622,3613.9,3618.45,4457,
2024-03-12 10:34:00+05:30,3616.65,3618.55,3615.15,3616.95,380,
2024-03-12 10:35:00+05:30,3616.95,3618.1,3614.45,3618,1181,
2024-03-12 10:36:00+05:30,3618,3622,3616.45,3621.95,3022,
2024-03-12 10:37:00+05:30,3621.95,3622,3616.1,3617.95,1300,
2024-03-12 10:38:00+05:30,3617.95,3620,3614.2,3619,1312,
2024-03-12 10:39:00+05:30,3618.55,3621,3617.75,3621,728,
2024-03-12 10:40:00+05:30,3621,3629.6,3620,3629.6,5925,
2024-03-12 10:41:00+05:30,3629.7,3629.95,3627.1,3629,1478,
2024-03-12 10:42:00+05:30,3629,3630,3627.55,3629.95,1595,
2024-03-12 10:43:00+05:30,3628.4,3629.95,3627.6,3627.8,2041,
2024-03-12 10:44:00+05:30,3627.8,3634.7,3627.8,3634.6,1688,
2024-03-12 10:45:00+05:30,3634.6,3634.9,3625.25,3625.25,2486,
2024-03-12 10:46:00+05:30,3626.45,3626.75,3614.9,3618.05,3012,
2024-03-12 10:47:00+05:30,3616.9,3617.9,3612.05,3612.65,1261,
2024-03-12 10:48:00+05:30,3612.65,3623.95,3612.65,3621.9,3908,
2024-03-12 10:49:00+05:30,3621.9,3621.95,3618.05,3619.65,1097,
2024-03-12 10:50:00+05:30,3619.65,3620,3611.45,3617.6,1131,
2024-03-12 10:51:00+05:30,3617.6,3620,3615.4,3620,1195,
2024-03-12 10:52:00+05:30,3620,3622.8,3619.2,3621.5,914,
2024-03-12 10:53:00+05:30,3621.8,3624,3619.75,3621.3,732,
2024-03-12 10:54:00+05:30,3621.3,3621.3,3614.4,3617.05,1176,
2024-03-12 10:55:00+05:30,3615.35,3617.75,3611.5,3613.95,2349,
2024-03-12 10:56:00+05:30,3615.5,3620,3613.95,3617.8,1078,
2024-03-12 10:57:00+05:30,3618.2,3619.5,3615.05,3617.5,1071,
2024-03-12 10:58:00+05:30,3617.5,3618.8,3614.85,3618.8,789,
2024-03-12 10:59:00+05:30,3618.8,3618.8,3608.9,3609.65,2040,
2024-03-12 11:00:00+05:30,3609.65,3616,3608.25,3612.8,2945,
2024-03-12 11:01:00+05:30,3612.65,3616,3611.3,3616,899,
2024-03-12 11:02:00+05:30,3616,3618,3615.55,3618,1238,
2024-03-12 11:03:00+05:30,3618,3618,3616.4,3616.85,553,
2024-03-12 11:04:00+05:30,3616.85,3618,3615.8,3617.6,316,
2024-03-12 11:05:00+05:30,3618,3618,3617.1,3618,227,
2024-03-12 11:06:00+05:30,3618,3618.7,3617.6,3618.7,461,
2024-03-12 11:07:00+05:30,3618.7,3623.7,3618.7,3623.05,660,
2024-03-12 11:08:00+05:30,3624,3627.4,3623.4,3626.55,2051,
2024-03-12 11:09:00+05:30,3626.55,3627.95,3624.05,3624.9,1643,
2024-03-12 11:10:00+05:30,3624.9,3626.9,3623.8,3626.2,874,
2024-03-12 11:11:00+05:30,3626.2,3628.8,3619.4,3620.15,2000,
2024-03-12 11:12:00+05:30,3620.15,3620.5,3615.2,3619,2391,
2024-03-12 11:13:00+05:30,3619,3622.4,3617.2,3622.4,716,
2024-03-12 11:14:00+05:30,3622.4,3625.2,3620.9,3625.1,957,
2024-03-12 11:15:00+05:30,3625.15,3625.95,3621.25,3622.8,843,
2024-03-12 11:16:00+05:30,3622.8,3625.6,3621.3,3625.6,876,
2024-03-12 11:17:00+05:30,3625.6,3627.05,3623.8,3623.8,1184,
2024-03-12 11:18:00+05:30,3625.8,3627.05,3623.9,3627.05,994,
2024-03-12 11:19:00+05:30,3627.05,3628.3,3625.1,3626.85,1599,
2024-03-12 11:20:00+05:30,3626.85,3629.55,3625.25,3629.25,1657,
2024-03-12 11:21:00+05:30,3629.25,3630,3625.2,3627.2,3718,
2024-03-12 11:22:00+05:30,3627.2,3634,3625.35,3632.15,1465,
2024-03-12 11:23:00+05:30,3632.15,3632.15,3628.3,3629.65,473,
2024-03-12 11:24:00+05:30,3629.65,3629.65,3624.6,3628.75,935,
2024-03-12 11:25:00+05:30,3627,3627,3625,3626.95,491,
2024-03-12 11:26:00+05:30,3624.15,3627,3623.4,3625.4,654,
2024-03-12 11:27:00+05:30,3627,3627,3619,3620.6,1026,
2024-03-12 11:28:00+05:30,3620.6,3622.25,3618.7,3622.25,558,
2024-03-12 11:29:00+05:30,3620.45,3622.9,3620.1,3620.25,91,
2024-03-12 11:30:00+05:30,3620.25,3620.25,3616.2,3619.75,1051,
2024-03-12 11:31:00+05:30,3619.75,3619.8,3612.6,3616.05,1120,
2024-03-12 11:32:00+05:30,3616.05,3616.45,3611.95,3614.95,756,
2024-03-12 11:33:00+05:30,3614.95,3615.25,3613.05,3615.25,135,
2024-03-12 11:34:00+05:30,3615.25,3615.25,3610.2,3610.2,157,
2024-03-12 11:35:00+05:30,3610.2,3614.15,3607.35,3613.9,1369,
2024-03-12 11:36:00+05:30,3613.95,3614.75,3607.9,3609,153,
2024-03-12 11:37:00+05:30,3609,3609,3606.05,3607.75,226,
2024-03-12 11:38:00+05:30,3607.75,3607.75,3603.1,3605.6,777,
2024-03-12 11:39:00+05:30,3605.55,3606.05,3603.05,3605.5,595,
2024-03-12 11:40:00+05:30,3605.5,3606.2,3604.15,3605.95,187,
2024-03-12 11:41:00+05:30,3605.95,3608.7,3605,3607.6,318,
2024-03-12 11:42:00+05:30,3607.6,3609.6,3605.05,3606.6,1262,
2024-03-12 11:43:00+05:30,3607.15,3607.15,3606.05,3606.2,26,
2024-03-12 11:44:00+05:30,3606.2,3607.15,3602.9,3607.1,3188,
2024-03-12 11:45:00+05:30,3607.1,3611.35,3607.1,3611.35,407,
2024-03-12 11:46:00+05:30,3611.35,3614.8,3609,3614.6,575,
2024-03-12 11:47:00+05:30,3614.6,3614.6,3610,3611.3,696,
2024-03-12 11:48:00+05:30,3611.3,3613.3,3606.85,3608.7,939,
2024-03-12 11:49:00+05:30,3608.7,3608.7,3605.85,3607,86,
2024-03-12 11:50:00+05:30,3607,3608.65,3605.1,3608.35,1027,
2024-03-12 11:51:00+05:30,3608.35,3610.9,3607.7,3610.5,438,
2024-03-12 11:52:00+05:30,3610.5,3610.6,3608.45,3610.3,33,
2024-03-12 11:53:00+05:30,3610.3,3612.55,3607.95,3610.65,216,
2024-03-12 11:54:00+05:30,3610.65,3615,3609.2,3609.7,257,
2024-03-12 11:55:00+05:30,3609.7,3611.5,3609.55,3610.55,174,
2024-03-12 11:56:00+05:30,3610.55,3618.95,3610.55,3617.85,578,
2024-03-12 11:57:00+05:30,3617.85,3617.85,3612.05,3614,177,
2024-03-12 11:58:00+05:30,3614,3614.85,3611.1,3612.05,203,
2024-03-12 11:59:00+05:30,3612.05,3615.8,3610,3612.15,236,
2024-03-12 12:00:00+05:30,3612.1,3612.4,3608,3609.6,225,
2024-03-12 12:01:00+05:30,3609.6,3611.95,3607.25,3609.95,436,
2024-03-12 12:02:00+05:30,3609.95,3610.95,3606.2,3608.95,664,
2024-03-12 12:03:00+05:30,3608.95,3612.95,3608.95,3612.85,86,
2024-03-12 12:04:00+05:30,3612.85,3617,3610.5,3616.95,295,
2024-03-12 12:05:00+05:30,3616.95,3617.1,3614.75,3616,475,
2024-03-12 12:06:00+05:30,3616,3619,3615,3619,759,
2024-03-12 12:07:00+05:30,3619,3619,3614.5,3614.7,356,
2024-03-12 12:08:00+05:30,3614.7,3617.75,3614.6,3614.6,71,
2024-03-12 12:09:00+05:30,3614.6,3617.65,3614.6,3617.4,255,
2024-03-12 12:10:00+05:30,3617.4,3621.7,3616.8,3620.2,967,
2024-03-12 12:11:00+05:30,3620.2,3622,3620.2,3620.55,150,
2024-03-12 12:12:00+05:30,3621.85,3623.85,3620.55,3623.7,868,
2024-03-12 12:13:00+05:30,3623.7,3623.9,3620.95,3623.9,303,
2024-03-12 12:14:00+05:30,3623.9,3623.9,3617.65,3618.1,1053,
2024-03-12 12:15:00+05:30,3618.1,3621.6,3615,3620.7,1977,
2024-03-12 12:16:00+05:30,3620.7,3624,3618.55,3620,826,
2024-03-12 12:17:00+05:30,3620,3622.1,3617.15,3619.05,207,
2024-03-12 12:18:00+05:30,3619.05,3621,3617.1,3621,173,
2024-03-12 12:19:00+05:30,3621,3621,3617.4,3618.5,168,
2024-03-12 12:20:00+05:30,3618.5,3619,3616.4,3617.25,93,
2024-03-12 12:21:00+05:30,3617.25,3619.05,3616.75,3619.05,107,
2024-03-12 12:22:00+05:30,3619.05,3620,3617.55,3619.35,374,
2024-03-12 12:23:00+05:30,3619.35,3620,3617,3620,249,
2024-03-12 12:24:00+05:30,3620,3620,3616,3616,371,
2024-03-12 12:25:00+05:30,3616,3618.9,3616,3618.45,239,
2024-03-12 12:26:00+05:30,3618.45,3620,3617,3620,429,
2024-03-12 12:27:00+05:30,3620,3621,3617.7,3621,1239,
2024-03-12 12:28:00+05:30,3621,3621,3619.65,3620.8,50,
2024-03-12 12:29:00+05:30,3620.8,3621,3619.7,3621,57,
2024-03-12 12:30:00+05:30,3621,3621,3618,3618.95,272,
2024-03-12 12:31:00+05:30,3618.95,3618.95,3616.65,3618.65,387,
2024-03-12 12:32:00+05:30,3618.65,3618.9,3613.4,3618.9,1032,
2024-03-12 12:33:00+05:30,3618.95,3619.7,3617.25,3618.55,94,
2024-03-12 12:34:00+05:30,3618.55,3619,3616.8,3619,112,
2024-03-12 12:35:00+05:30,3619,3619,3618.35,3618.35,29,
2024-03-12 12:36:00+05:30,3618.35,3618.35,3616.4,3617.9,51,
2024-03-12 12:37:00+05:30,3617.9,3618,3617.9,3618,120,
2024-03-12 12:38:00+05:30,3618,3619.2,3615.6,3618.9,124,
2024-03-12 12:39:00+05:30,3618.9,3618.9,3614.65,3617.05,180,
2024-03-12 12:40:00+05:30,3617.05,3617.05,3614.35,3617.05,102,
2024-03-12 12:41:00+05:30,3617.05,3618.4,3612.05,3618.4,2294,
2024-03-12 12:42:00+05:30,3618.4,3618.4,3616.75,3617,51,
2024-03-12 12:43:00+05:30,3617,3617,3613.9,3613.9,40,
2024-03-12 12:44:00+05:30,3613.9,3613.9,3611.1,3613.2,519,
2024-03-12 12:45:00+05:30,3613.2,3613.2,3613,3613.2,65,
2024-03-12 12:46:00+05:30,3613.2,3613.2,3612.05,3613.15,88,
2024-03-12 12:47:00+05:30,3613.15,3613.15,3613,3613.15,69,
2024-03-12 12:48:00+05:30,3613.15,3613.2,3610.95,3612.35,440,
2024-03-12 12:49:00+05:30,3612.35,3612.35,3610,3611.4,82,
2024-03-12 12:50:00+05:30,3611.4,3612.35,3607.6,3612.25,635,
2024-03-12 12:51:00+05:30,3612.25,3615.95,3612.1,3612.65,574,
2024-03-12 12:52:00+05:30,3612.65,3615,3612.55,3614.4,24110,
2024-03-12 12:53:00+05:30,3614.4,3614.4,3612.85,3613.95,31,
2024-03-12 12:54:00+05:30,3613.95,3616,3612.85,3616,80,
2024-03-12 12:55:00+05:30,3616,3616,3615.65,3616,52,
2024-03-12 12:56:00+05:30,3615.6,3615.8,3613.05,3613.9,225,
2024-03-12 12:57:00+05:30,3613.65,3615,3611.45,3612.45,724,
2024-03-12 12:58:00+05:30,3612.45,3612.5,3608.55,3609.3,172,
2024-03-12 12:59:00+05:30,3609.3,3610.75,3608.4,3609.45,704,
2024-03-12 13:00:00+05:30,3609.45,3610.95,3609.05,3610.45,610,
2024-03-12 13:01:00+05:30,3610.45,3610.45,3607.9,3609.6,770,
2024-03-12 13:02:00+05:30,3609.6,3610.45,3608.4,3609.55,90,
2024-03-12 13:03:00+05:30,3609.55,3610.45,3604.2,3605.05,725,
2024-03-12 13:04:00+05:30,3605.05,3607.4,3602.35,3605.75,586,
2024-03-12 13:05:00+05:30,3605.75,3605.75,3602,3604.35,415,
2024-03-12 13:06:00+05:30,3604.35,3605.75,3602.5,3605.75,352,
2024-03-12 13:07:00+05:30,3605.75,3605.75,3602.05,3602.25,304,
2024-03-12 13:08:00+05:30,3602.25,3603.3,3601.45,3603.25,94,
2024-03-12 13:09:00+05:30,3603.25,3603.25,3600.2,3602.15,586,
2024-03-12 13:10:00+05:30,3602.15,3605.75,3601.5,3605.2,299,
2024-03-12 13:11:00+05:30,3605.2,3607.85,3604.55,3604.95,593,
2024-03-12 13:12:00+05:30,3605.7,3607.95,3605.7,3606.65,118,
2024-03-12 13:13:00+05:30,3606.65,3606.75,3602.45,3605.95,526,
2024-03-12 13:14:00+05:30,3605.95,3606.65,3602.3,3605.45,273,
2024-03-12 13:15:00+05:30,3605.45,3605.6,3601.1,3602.35,377,
2024-03-12 13:16:00+05:30,3602.35,3604.6,3601.2,3602.55,142,
2024-03-12 13:17:00+05:30,3603.6,3604.9,3601,3603.9,336,
2024-03-12 13:18:00+05:30,3603.9,3607.35,3603.3,3605.75,148,
2024-03-12 13:19:00+05:30,3605.4,3606.5,3602.5,3603.7,373,
2024-03-12 13:20:00+05:30,3603.7,3605.8,3602.6,3605.35,215,
2024-03-12 13:21:00+05:30,3605.35,3606.65,3601.1,3604.35,836,
2024-03-12 13:22:00+05:30,3604.35,3604.9,3601.75,3602.75,205,
2024-03-12 13:23:00+05:30,3602.75,3603.5,3599.25,3600.95,1254,
2024-03-12 13:24:00+05:30,3600.15,3602.15,3600,3600,411,
2024-03-12 13:25:00+05:30,3600,3600.95,3598.05,3599.15,513,
2024-03-12 13:26:00+05:30,3599.05,3601,3596.5,3599.6,233,
2024-03-12 13:27:00+05:30,3600.5,3602.2,3598.55,3600,1712,
2024-03-12 13:28:00+05:30,3600,3600.65,3600,3600.5,74,
2024-03-12 13:29:00+05:30,3601.5,3601.5,3598.75,3599.6,524,
2024-03-12 13:30:00+05:30,3601.2,3601.2,3599,3599.05,203,
2024-03-12 13:31:00+05:30,3599.05,3601.2,3599,3601.2,323,
2024-03-12 13:32:00+05:30,3600.45,3602,3600,3600.85,551,
2024-03-12 13:33:00+05:30,3600.85,3602.85,3600.3,3602.8,902,
2024-03-12 13:34:00+05:30,3602.8,3602.8,3601.85,3602.75,21,
2024-03-12 13:35:00+05:30,3602.95,3602.95,3600.4,3601.5,395,
2024-03-12 13:36:00+05:30,3601.5,3604.65,3600.1,3604.65,275,
2024-03-12 13:37:00+05:30,3604.65,3607.9,3604.65,3607.6,1683,
2024-03-12 13:38:00+05:30,3607.6,3608,3605.1,3605.45,100,
2024-03-12 13:39:00+05:30,3605.45,3606.8,3603,3604.1,334,
2024-03-12 13:40:00+05:30,3604.75,3606.25,3603.55,3605.9,191,
2024-03-12 13:41:00+05:30,3605.9,3605.9,3603.65,3605.35,310,
2024-03-12 13:42:00+05:30,3605.35,3608,3605.35,3608,74,
2024-03-12 13:43:00+05:30,3608,3608,3603.75,3605.55,326,
2024-03-12 13:44:00+05:30,3605.55,3607.8,3605.55,3607.75,141,
2024-03-12 13:45:00+05:30,3607.75,3610.45,3606.75,3610.45,708,
2024-03-12 13:46:00+05:30,3610.45,3612,3608.3,3609.9,218,
2024-03-12 13:47:00+05:30,3609.9,3610.5,3607,3608.45,347,
2024-03-12 13:48:00+05:30,3608.45,3610.3,3608.05,3610.2,89,
2024-03-12 13:49:00+05:30,3609.85,3610.55,3608,3610.35,369,
2024-03-12 13:50:00+05:30,3610.35,3610.55,3609,3609.45,24,
2024-03-12 13:51:00+05:30,3609.45,3610.6,3608.35,3608.35,339,
2024-03-12 13:52:00+05:30,3609.05,3609.7,3608.35,3608.4,2099,
2024-03-12 13:53:00+05:30,3608.25,3608.4,3604,3604,379,
2024-03-12 13:54:00+05:30,3604.9,3606,3601.05,3601.8,296,
2024-03-12 13:55:00+05:30,3601.8,3601.8,3597.2,3598.85,1188,
2024-03-12 13:56:00+05:30,3597.2,3597.75,3595.7,3597.05,189,
2024-03-12 13:57:00+05:30,3597.05,3597.05,3594.55,3594.6,922,
2024-03-12 13:58:00+05:30,3595.05,3595.05,3591.05,3594.7,502,
2024-03-12 13:59:00+05:30,3594.75,3596.9,3591.75,3594.3,750,
2024-03-12 14:00:00+05:30,3594.3,3594.3,3590.4,3593.2,323,
2024-03-12 14:01:00+05:30,3593.2,3595,3593.05,3593.75,683,
2024-03-12 14:02:00+05:30,3593.75,3599.6,3593.75,3599.05,964,
2024-03-12 14:03:00+05:30,3599.05,3599.05,3594.05,3594.05,482,
2024-03-12 14:04:00+05:30,3594.05,3594.85,3593.15,3594.25,101,
2024-03-12 14:05:00+05:30,3594.25,3596.45,3591.55,3591.55,227,
2024-03-12 14:06:00+05:30,3591.55,3594,3590.1,3594,245,
2024-03-12 14:07:00+05:30,3594,3595.5,3591,3591.85,742,
2024-03-12 14:08:00+05:30,3591.85,3592,3590.45,3591.15,193,
2024-03-12 14:09:00+05:30,3591.05,3592,3590.35,3592,516,
2024-03-12 14:10:00+05:30,3592.35,3594,3591.3,3592.7,104,
2024-03-12 14:11:00+05:30,3592.7,3592.95,3591.55,3592.9,298,
2024-03-12 14:12:00+05:30,3592.9,3593.15,3592.1,3592.55,92,
2024-03-12 14:13:00+05:30,3592.55,3593.45,3591.5,3591.6,598,
2024-03-12 14:14:00+05:30,3591.6,3592.95,3591.5,3591.85,254,
2024-03-12 14:15:00+05:30,3591.85,3594,3591.6,3592.95,382,
2024-03-12 14:16:00+05:30,3592.95,3592.95,3591.85,3592,141,
2024-03-12 14:17:00+05:30,3588.05,3589.25,3585.15,3586.1,4123,
2024-03-12 14:18:00+05:30,3586.1,3589,3585.6,3586,129,
2024-03-12 14:19:00+05:30,3586,3588.2,3586,3587.75,609,
2024-03-12 14:20:00+05:30,3587.75,3588.3,3585.5,3586.35,1927,
2024-03-12 14:21:00+05:30,3586.5,3590.35,3585.45,3588.9,1337,
2024-03-12 14:22:00+05:30,3588.9,3589,3586.5,3587.15,53,
2024-03-12 14:23:00+05:30,3587.15,3588.95,3585.05,3588.7,718,
2024-03-12 14:24:00+05:30,3588.7,3589,3587.25,3588.1,165,
2024-03-12 14:25:00+05:30,3588.1,3588.5,3585,3588.4,4460,
2024-03-12 14:26:00+05:30,3588.4,3589,3586,3586.25,597,
2024-03-12 14:27:00+05:30,3586.25,3586.8,3583.4,3585.3,132,
2024-03-12 14:28:00+05:30,3585.25,3587.65,3584.45,3586.2,183,
2024-03-12 14:29:00+05:30,3585.65,3587,3584.9,3586.45,223,
2024-03-12 14:30:00+05:30,3585.45,3587.65,3584.65,3585,396,
2024-03-12 14:31:00+05:30,3585,3586.4,3583.35,3585,720,
2024-03-12 14:32:00+05:30,3585,3585.9,3582,3583.2,660,
2024-03-12 14:33:00+05:30,3583.2,3585.1,3582.15,3582.9,1030,
2024-03-12 14:34:00+05:30,3584,3586.7,3582.4,3586.1,188,
2024-03-12 14:35:00+05:30,3585.75,3588.4,3579,3587.75,5043,
2024-03-12 14:36:00+05:30,3587.8,3589.2,3582.5,3582.5,2690,
2024-03-12 14:37:00+05:30,3582.5,3586.35,3582.5,3582.95,728,
2024-03-12 14:38:00+05:30,3582.95,3584.55,3580.3,3580.35,289,
2024-03-12 14:39:00+05:30,3580.35,3583,3578.55,3579.2,758,
2024-03-12 14:40:00+05:30,3579.2,3579.35,3577.2,3578.85,518,
2024-03-12 14:41:00+05:30,3578.85,3580.45,3575.4,3576,366,
2024-03-12 14:42:00+05:30,3576,3579.9,3576,3577.35,569,
2024-03-12 14:43:00+05:30,3577.45,3579.8,3577.1,3577.35,493,
2024-03-12 14:44:00+05:30,3577.35,3578.25,3577,3577.05,96,
2024-03-12 14:45:00+05:30,3577.05,3577.1,3570.4,3572.35,2070,
2024-03-12 14:46:00+05:30,3572.7,3573.85,3570.05,3572.35,1647,
2024-03-12 14:47:00+05:30,3571.15,3576.05,3571.15,3573.85,634,
2024-03-12 14:48:00+05:30,3573.85,3575.45,3571.65,3573.65,162,
2024-03-12 14:49:00+05:30,3573.65,3575.3,3570.45,3573.75,1451,
2024-03-12 14:50:00+05:30,3573.75,3574.6,3571.9,3572.2,416,
2024-03-12 14:51:00+05:30,3573.35,3574.55,3570.85,3573.9,262,
2024-03-12 14:52:00+05:30,3572.5,3574,3571.8,3572.1,392,
2024-03-12 14:53:00+05:30,3572.1,3574,3572,3574,378,
2024-03-12 14:54:00+05:30,3573.9,3574,3572.6,3573.1,359,
2024-03-12 14:55:00+05:30,3573.1,3580,3572.05,3579.9,7993,
2024-03-12 14:56:00+05:30,3579.95,3583.7,3575.6,3575.6,3002,
2024-03-12 14:57:00+05:30,3575.6,3585,3575.6,3584.45,1754,
2024-03-12 14:58:00+05:30,3584.45,3584.45,3577.3,3577.95,1016,
2024-03-12 14:59:00+05:30,3577.95,3582.95,3577.95,3581.95,844,
2024-03-12 15:00:00+05:30,3581.95,3585.7,3581.8,3585,584,
2024-03-12 15:01:00+05:30,3585,3587.7,3585,3587.7,592,
2024-03-12 15:02:00+05:30,3587,3587.05,3580.25,3584.5,3541,
2024-03-12 15:03:00+05:30,3584.5,3586,3584.2,3585.95,727,
2024-03-12 15:04:00+05:30,3586,3586,3582.75,3584.4,933,
2024-03-12 15:05:00+05:30,3584.4,3585.4,3582.95,3584.1,1297,
2024-03-12 15:06:00+05:30,3583.85,3584.2,3582.05,3583.85,1055,
2024-03-12 15:07:00+05:30,3582.4,3584.15,3582.4,3584,1168,
2024-03-12 15:08:00+05:30,3584,3584.1,3582.5,3583.35,1197,
2024-03-12 15:09:00+05:30,3583.35,3583.5,3582,3583.1,1142,
2024-03-12 15:10:00+05:30,3583.1,3583.2,3580.65,3582.05,1812,
2024-03-12 15:11:00+05:30,3582.1,3582.8,3580.2,3581.95,1702,
2024-03-12 15:12:00+05:30,3581.95,3582.3,3576.9,3579.9,2086,
2024-03-12 15:13:00+05:30,3579.95,3579.95,3577.1,3579.9,1403,
2024-03-12 15:14:00+05:30,3579.9,3580,3577.5,3577.65,1886,
2024-03-12 15:15:00+05:30,3577.7,3577.95,3574.25,3575.25,1099,
2024-03-12 15:16:00+05:30,3575.25,3576.35,3573.95,3576.35,1645,
2024-03-12 15:17:00+05:30,3575.8,3575.8,3573.8,3575.3,1137,
2024-03-12 15:18:00+05:30,3575.3,3575.55,3572.55,3574.8,1995,
2024-03-12 15:19:00+05:30,3574.7,3574.85,3571.65,3572.8,1446,
2024-03-12 15:20:00+05:30,3572.7,3572.7,3569.05,3570.5,1683,
2024-03-12 15:21:00+05:30,3570.5,3571.35,3568.45,3570.95,2107,
2024-03-12 15:22:00+05:30,3570.95,3573.95,3570.75,3573.95,957,
2024-03-12 15:23:00+05:30,3573.7,3575,3572,3572,1249,
2024-03-12 15:24:00+05:30,3572.25,3573.5,3570.25,3572.15,1609,
2024-03-12 15:25:00+05:30,3571.95,3575.9,3571.95,3575.75,1505,
2024-03-12 15:26:00+05:30,3575.75,3575.85,3572.1,3572.95,1149,
2024-03-12 15:27:00+05:30,3572.95,3577.7,3568,3577.7,1218,
2024-03-12 15:28:00+05:30,3577.7,3578.15,3570.6,3574.15,895,
2024-03-12 15:29:00+05:30,3572.95,3577.7,3567.55,3577.6,863,
2024-03-13 09:15:00+05:30,3577.75,3584.65,3560.25,3582.4,3339,
2024-03-13 09:16:00+05:30,3582.4,3587,3578.9,3585.25,451,
2024-03-13 09:17:00+05:30,3583.65,3587,3581.4,3581.4,805,
2024-03-13 09:18:00+05:30,3581.4,3583.35,3574.05,3580.1,1150,
2024-03-13 09:19:00+05:30,3580.1,3580.1,3577.55,3578.45,509,
2024-03-13 09:20:00+05:30,3578.45,3581.75,3565,3565,1600,
2024-03-13 09:21:00+05:30,3566.7,3566.95,3555,3555.35,3686,
2024-03-13 09:22:00+05:30,3555.2,3556.9,3548.05,3550.35,2659,
2024-03-13 09:23:00+05:30,3550.35,3552.95,3544.3,3548.25,1695,
2024-03-13 09:24:00+05:30,3548.25,3556.7,3545,3556.7,3364,
2024-03-13 09:25:00+05:30,3556.7,3556.7,3551.25,3551.25,2173,
2024-03-13 09:26:00+05:30,3551.25,3559.1,3551.25,3558.2,732,
2024-03-13 09:27:00+05:30,3558.2,3558.2,3552,3552.15,1370,
2024-03-13 09:28:00+05:30,3552.15,3558,3551.85,3557.3,600,
2024-03-13 09:29:00+05:30,3557.3,3557.3,3551.15,3554.95,1189,
2024-03-13 09:30:00+05:30,3554.95,3556.6,3548.85,3548.85,615,
2024-03-13 09:31:00+05:30,3548.85,3550.9,3547.35,3549.05,913,
2024-03-13 09:32:00+05:30,3548,3553.5,3545.75,3553.5,655,
2024-03-13 09:33:00+05:30,3554.95,3554.95,3550.8,3552,224,
2024-03-13 09:34:00+05:30,3550.7,3557.7,3550.7,3557,1136,
2024-03-13 09:35:00+05:30,3557,3559.5,3555,3556.75,1265,
2024-03-13 09:36:00+05:30,3556.75,3557.3,3555,3555.15,1354,
2024-03-13 09:37:00+05:30,3555.15,3556.55,3550.7,3550.7,477,
2024-03-13 09:38:00+05:30,3552.3,3553.9,3547.2,3550.15,922,
2024-03-13 09:39:00+05:30,3550.15,3554.35,3550.05,3551.85,557,
2024-03-13 09:40:00+05:30,3551.85,3559.45,3551.3,3557.35,815,
2024-03-13 09:41:00+05:30,3557.35,3561.7,3557.35,3561.5,1832,
2024-03-13 09:42:00+05:30,3561.5,3561.65,3557.1,3561.45,453,
2024-03-13 09:43:00+05:30,3559.95,3566.7,3559.95,3564.55,1050,
2024-03-13 09:44:00+05:30,3564.55,3564.55,3562.35,3563,362,
2024-03-13 09:45:00+05:30,3563,3565.9,3558.65,3558.65,756,
2024-03-13 09:46:00+05:30,3558.65,3561.7,3552.9,3561.65,2015,
2024-03-13 09:47:00+05:30,3561.65,3565.65,3560.5,3564.45,472,
2024-03-13 09:48:00+05:30,3564.45,3565.55,3562.65,3564.15,399,
2024-03-13 09:49:00+05:30,3564.15,3565,3560,3560,945,
2024-03-13 09:50:00+05:30,3561.9,3564.7,3560,3564.7,601,
2024-03-13 09:51:00+05:30,3562.7,3564.1,3560.55,3561.95,1466,
2024-03-13 09:52:00+05:30,3561.95,3568.05,3561.85,3566.2,5645,
2024-03-13 09:53:00+05:30,3566.2,3566.6,3560.4,3566.2,1183,
2024-03-13 09:54:00+05:30,3566.2,3566.85,3560.7,3564,700,
2024-03-13 09:55:00+05:30,3564,3566.05,3558.25,3558.25,554,
2024-03-13 09:56:00+05:30,3558.25,3560.75,3555.15,3557.6,561,
2024-03-13 09:57:00+05:30,3557.6,3559,3553.65,3553.65,1067,
2024-03-13 09:58:00+05:30,3554.1,3558.8,3553.75,3556,477,
2024-03-13 09:59:00+05:30,3556,3559,3551.1,3551.1,617,
2024-03-13 10:00:00+05:30,3551.1,3551.1,3545,3547.3,1752,
2024-03-13 10:01:00+05:30,3546.45,3549.9,3545.95,3549,591,
2024-03-13 10:02:00+05:30,3549,3551.8,3548,3550.65,967,
2024-03-13 10:03:00+05:30,3551.05,3551.45,3543.05,3544.85,1097,
2024-03-13 10:04:00+05:30,3543.95,3545,3540.2,3543.15,1261,
2024-03-13 10:05:00+05:30,3543.15,3543.15,3537.75,3540,1245,
2024-03-13 10:06:00+05:30,3540,3541.95,3535.2,3540.85,979,
2024-03-13 10:07:00+05:30,3538.2,3540.95,3537.5,3540.95,759,
2024-03-13 10:08:00+05:30,3540.95,3545,3539,3543.25,351,
2024-03-13 10:09:00+05:30,3543.25,3544.65,3541.65,3544.45,1497,
2024-03-13 10:10:00+05:30,3544.45,3546.7,3544.4,3546.35,485,
2024-03-13 10:11:00+05:30,3546.35,3550.7,3544.55,3547.2,1369,
2024-03-13 10:12:00+05:30,3547.2,3550.05,3547.1,3547.25,501,
2024-03-13 10:13:00+05:30,3546.75,3548.8,3546.75,3548.8,290,
2024-03-13 10:14:00+05:30,3547.25,3552.7,3547.25,3550.85,992,
2024-03-13 10:15:00+05:30,3552.7,3553.7,3547.15,3547.55,566,
2024-03-13 10:16:00+05:30,3547.55,3551.15,3547.55,3550.05,437,
2024-03-13 10:17:00+05:30,3550.05,3553.7,3547.5,3553.7,861,
2024-03-13 10:18:00+05:30,3553.7,3555,3551.2,3552.2,467,
2024-03-13 10:19:00+05:30,3552.2,3553.85,3551.55,3552,320,
2024-03-13 10:20:00+05:30,3552,3552.05,3547.5,3547.5,481,
2024-03-13 10:21:00+05:30,3548.95,3550.1,3547.5,3550,294,
2024-03-13 10:22:00+05:30,3551.5,3557.9,3551,3552.95,4878,
2024-03-13 10:23:00+05:30,3552.65,3552.95,3547.25,3547.45,1220,
2024-03-13 10:24:00+05:30,3547.45,3550.35,3547.25,3548.2,431,
2024-03-13 10:25:00+05:30,3549.75,3549.75,3546,3546,509,
2024-03-13 10:26:00+05:30,3546,3547.2,3542,3545.45,1385,
2024-03-13 10:27:00+05:30,3545.45,3546.95,3543.2,3545.6,841,
2024-03-13 10:28:00+05:30,3545.6,3546.95,3542.4,3542.4,403,
2024-03-13 10:29:00+05:30,3542.4,3547.55,3542.4,3545.65,992,
2024-03-13 10:30:00+05:30,3545.65,3547.4,3543.4,3543.7,286,
2024-03-13 10:31:00+05:30,3543.9,3547.9,3543.9,3544.75,482,
2024-03-13 10:32:00+05:30,3544.75,3547.65,3544.25,3545.7,368,
2024-03-13 10:33:00+05:30,3545.7,3547,3545.4,3545.4,186,
2024-03-13 10:34:00+05:30,3545.05,3548.95,3543.4,3547.05,602,
2024-03-13 10:35:00+05:30,3548.85,3551.7,3546.1,3550.3,1173,
2024-03-13 10:36:00+05:30,3550.3,3552.85,3549.35,3550.8,1774,
2024-03-13 10:37:00+05:30,3550.9,3552.4,3546.25,3550.65,3771,
2024-03-13 10:38:00+05:30,3550.65,3553.2,3548.9,3551.4,583,
2024-03-13 10:39:00+05:30,3551.4,3554.45,3550,3550.2,558,
2024-03-13 10:40:00+05:30,3550.2,3550.2,3548.35,3548.7,403,
2024-03-13 10:41:00+05:30,3548.2,3549.95,3546.45,3548.05,287,
2024-03-13 10:42:00+05:30,3548.05,3550.6,3548.05,3548.15,213,
2024-03-13 10:43:00+05:30,3548.15,3548.15,3546.1,3546.1,275,
2024-03-13 10:44:00+05:30,3546.1,3548,3545.2,3545.2,549,
2024-03-13 10:45:00+05:30,3545.2,3546.6,3542.2,3542.7,795,
2024-03-13 10:46:00+05:30,3542.65,3549,3541.55,3547.25,3753,
2024-03-13 10:47:00+05:30,3547.25,3555,3546.95,3552.15,1935,
2024-03-13 10:48:00+05:30,3552.15,3556.9,3552.15,3555.2,555,
2024-03-13 10:49:00+05:30,3555.2,3556.75,3551.25,3552.1,456,
2024-03-13 10:50:00+05:30,3552.1,3556,3550.8,3551.45,366,
2024-03-13 10:51:00+05:30,3551.45,3553,3550,3550.15,579,
2024-03-13 10:52:00+05:30,3550.15,3552,3548.6,3548.65,1163,
2024-03-13 10:53:00+05:30,3548.65,3552.05,3548.2,3550.05,564,
2024-03-13 10:54:00+05:30,3550.05,3552.45,3550,3550.05,451,
2024-03-13 10:55:00+05:30,3551.75,3551.75,3550,3550,340,
2024-03-13 10:56:00+05:30,3550,3552.05,3550,3552.05,421,
2024-03-13 10:57:00+05:30,3551.65,3552.95,3550,3551.85,267,
2024-03-13 10:58:00+05:30,3551.85,3555,3551.05,3555,226,
2024-03-13 10:59:00+05:30,3553.1,3555,3551.25,3551.25,373,
2024-03-13 11:00:00+05:30,3551.2,3553.75,3550.45,3551,437,
2024-03-13 11:01:00+05:30,3551,3554.9,3550.55,3553,598,
2024-03-13 11:02:00+05:30,3553,3553,3550.6,3550.85,221,
2024-03-13 11:03:00+05:30,3550.85,3552.35,3545.8,3546.65,1625,
2024-03-13 11:04:00+05:30,3546.65,3550.7,3546.15,3546.7,391,
2024-03-13 11:05:00+05:30,3546.7,3550.3,3545.6,3549.2,573,
2024-03-13 11:06:00+05:30,3549.2,3549.55,3545.2,3547.65,265,
2024-03-13 11:07:00+05:30,3547.65,3550.85,3546.6,3548.65,377,
2024-03-13 11:08:00+05:30,3548.65,3549.95,3546.6,3548.4,292,
2024-03-13 11:09:00+05:30,3548.4,3548.4,3544.85,3544.85,187,
2024-03-13 11:10:00+05:30,3544.85,3544.85,3542,3542,268,
2024-03-13 11:11:00+05:30,3542,3543.4,3542,3543.4,384,
2024-03-13 11:12:00+05:30,3542.45,3544.2,3542.3,3542.55,355,
2024-03-13 11:13:00+05:30,3542.55,3543.95,3542.05,3542.05,216,
2024-03-13 11:14:00+05:30,3542.05,3544.5,3542.05,3543.35,348,
2024-03-13 11:15:00+05:30,3543.35,3544.05,3539.1,3539.1,1055,
2024-03-13 11:16:00+05:30,3538,3542.5,3537.5,3541,335,
2024-03-13 11:17:00+05:30,3541,3542.45,3540.35,3541.45,576,
2024-03-13 11:18:00+05:30,3540.8,3541.95,3540,3540.05,208,
2024-03-13 11:19:00+05:30,3540.05,3541.8,3538.2,3539.2,305,
2024-03-13 11:20:00+05:30,3538.7,3540,3538.4,3538.85,293,
2024-03-13 11:21:00+05:30,3539.05,3541.9,3539,3539,641,
2024-03-13 11:22:00+05:30,3539,3540.2,3533.1,3536,4010,
2024-03-13 11:23:00+05:30,3535.55,3535.9,3532.75,3533.4,579,
2024-03-13 11:24:00+05:30,3534.5,3534.5,3530.05,3531.5,1413,
2024-03-13 11:25:00+05:30,3530.65,3531.75,3526.55,3529.6,1570,
2024-03-13 11:26:00+05:30,3529.6,3531.15,3527.2,3529.45,786,
2024-03-13 11:27:00+05:30,3529.8,3533,3529.35,3529.35,1075,
2024-03-13 11:28:00+05:30,3529.35,3535,3529.35,3533.05,1050,
2024-03-13 11:29:00+05:30,3533.1,3540.7,3532.8,3538.25,6069,
2024-03-13 11:30:00+05:30,3538.25,3538.25,3526.5,3526.95,558,
2024-03-13 11:31:00+05:30,3526.1,3528.7,3524.1,3524.3,791,
2024-03-13 11:32:00+05:30,3524.1,3532.6,3524.05,3530.1,319,
2024-03-13 11:33:00+05:30,3529.35,3533.05,3528.05,3528.05,380,
2024-03-13 11:34:00+05:30,3528.2,3528.35,3526.2,3526.2,352,
2024-03-13 11:35:00+05:30,3526.8,3529.65,3525.05,3525.05,1501,
2024-03-13 11:36:00+05:30,3525.05,3529.35,3525,3528.55,953,
2024-03-13 11:37:00+05:30,3528.55,3529.7,3525.75,3528.35,538,
2024-03-13 11:38:00+05:30,3528.25,3532.95,3528.25,3531,518,
2024-03-13 11:39:00+05:30,3531,3533,3531,3532.3,328,
2024-03-13 11:40:00+05:30,3531,3532.45,3525.3,3527.6,391,
2024-03-13 11:41:00+05:30,3527.6,3529.35,3523.55,3524.1,916,
2024-03-13 11:42:00+05:30,3524.1,3527.6,3523.25,3525.7,450,
2024-03-13 11:43:00+05:30,3525.7,3526.8,3524.4,3526,218,
2024-03-13 11:44:00+05:30,3525.9,3527,3525,3525.3,388,
2024-03-13 11:45:00+05:30,3525.3,3529.5,3525,3528.7,649,
2024-03-13 11:46:00+05:30,3528.7,3528.7,3525,3526.35,269,
2024-03-13 11:47:00+05:30,3527.5,3530,3525.25,3527.65,808,
2024-03-13 11:48:00+05:30,3527.75,3530,3526.2,3526.5,401,
2024-03-13 11:49:00+05:30,3526.5,3529.35,3525.35,3527.75,487,
2024-03-13 11:50:00+05:30,3527.75,3530,3527.4,3527.55,476,
2024-03-13 11:51:00+05:30,3527.55,3529.95,3522,3524.55,836,
2024-03-13 11:52:00+05:30,3524.55,3524.55,3519.2,3520.4,693,
2024-03-13 11:53:00+05:30,3519.2,3526.8,3519.2,3526.55,709,
2024-03-13 11:54:00+05:30,3526.55,3526.9,3525,3526,333,
2024-03-13 11:55:00+05:30,3526,3526.9,3525,3525.2,450,
2024-03-13 11:56:00+05:30,3525.2,3530.35,3525,3528.45,558,
2024-03-13 11:57:00+05:30,3526.8,3527.1,3524.05,3526.2,612,
2024-03-13 11:58:00+05:30,3523.7,3527.1,3523.05,3526.65,443,
2024-03-13 11:59:00+05:30,3525.2,3533.1,3525.2,3532.5,1041,
2024-03-13 12:00:00+05:30,3532.5,3534.7,3529.9,3532,502,
2024-03-13 12:01:00+05:30,3532,3532,3526,3528.55,311,
2024-03-13 12:02:00+05:30,3528.55,3529.55,3525,3525.05,432,
2024-03-13 12:03:00+05:30,3525.05,3528.3,3523.2,3527.2,890,
2024-03-13 12:04:00+05:30,3527.2,3528.3,3525,3525,999,
2024-03-13 12:05:00+05:30,3525,3525,3520.4,3520.4,815,
2024-03-13 12:06:00+05:30,3520.2,3522.15,3517.3,3519,445,
2024-03-13 12:07:00+05:30,3519,3525.95,3519,3519.15,825,
2024-03-13 12:08:00+05:30,3521.75,3523.05,3519,3522.35,913,
2024-03-13 12:09:00+05:30,3522.35,3524.7,3521.05,3522.9,440,
2024-03-13 12:10:00+05:30,3522.9,3523.9,3520.05,3523.7,1097,
2024-03-13 12:11:00+05:30,3523.7,3524.15,3520,3520,376,
2024-03-13 12:12:00+05:30,3520,3520.6,3515.1,3518,1011,
2024-03-13 12:13:00+05:30,3520,3520.05,3515.65,3518.5,387,
2024-03-13 12:14:00+05:30,3518.5,3519.05,3512.65,3513.15,1574,
2024-03-13 12:15:00+05:30,3513.15,3518,3513.15,3516.85,539,
2024-03-13 12:16:00+05:30,3518.35,3521.2,3515.35,3519.15,1188,
2024-03-13 12:17:00+05:30,3519.15,3521.2,3515.1,3517.9,621,
2024-03-13 12:18:00+05:30,3516.55,3519,3514.8,3514.8,564,
2024-03-13 12:19:00+05:30,3516.6,3518.2,3511.95,3513.85,1170,
2024-03-13 12:20:00+05:30,3513.1,3518.3,3512.2,3512.3,1674,
2024-03-13 12:21:00+05:30,3512.3,3514.25,3503.2,3503.2,4749,
2024-03-13 12:22:00+05:30,3503.4,3503.4,3500,3500,1155,
2024-03-13 12:23:00+05:30,3500,3504.3,3500,3502.3,337,
2024-03-13 12:24:00+05:30,3503.25,3504.6,3498.05,3499.65,1257,
2024-03-13 12:25:00+05:30,3499.65,3499.85,3494.2,3494.2,563,
2024-03-13 12:26:00+05:30,3496.1,3505,3496.1,3504.5,551,
2024-03-13 12:27:00+05:30,3504.5,3512.25,3502.5,3508.6,2041,
2024-03-13 12:28:00+05:30,3508.6,3514.9,3506.25,3512.8,890,
2024-03-13 12:29:00+05:30,3512.8,3514.65,3510.9,3513.7,464,
2024-03-13 12:30:00+05:30,3513.7,3516.3,3507.7,3513.25,2004,
2024-03-13 12:31:00+05:30,3513.25,3515.5,3506.5,3507.95,601,
2024-03-13 12:32:00+05:30,3507.95,3509.35,3505.3,3507.45,146,
2024-03-13 12:33:00+05:30,3507.45,3510.8,3506.85,3510.65,233,
2024-03-13 12:34:00+05:30,3510.65,3512.35,3508.65,3509.8,288,
2024-03-13 12:35:00+05:30,3509.8,3512.05,3509.75,3510.4,258,
2024-03-13 12:36:00+05:30,3510.4,3519.5,3510.4,3518.8,603,
2024-03-13 12:37:00+05:30,3519.25,3519.7,3513.75,3517.95,1023,
2024-03-13 12:38:00+05:30,3517.95,3521.7,3517.65,3518.45,335,
2024-03-13 12:39:00+05:30,3519.05,3522,3518.1,3520.2,279,
2024-03-13 12:40:00+05:30,3521.15,3532.05,3521.05,3530.65,2573,
2024-03-13 12:41:00+05:30,3530.65,3530.7,3524.7,3528.1,571,
2024-03-13 12:42:00+05:30,3529.8,3529.8,3525,3525.7,170,
2024-03-13 12:43:00+05:30,3525,3526.15,3522.05,3526.05,397,
2024-03-13 12:44:00+05:30,3525.25,3526.05,3523.45,3525.15,217,
2024-03-13 12:45:00+05:30,3525.15,3525.15,3522,3522.8,435,
2024-03-13 12:46:00+05:30,3522.8,3526.8,3521.2,3526.8,201,
2024-03-13 12:47:00+05:30,3526.8,3528.25,3520.3,3522.25,1958,
2024-03-13 12:48:00+05:30,3522.25,3523.5,3520.3,3523.5,166,
2024-03-13 12:49:00+05:30,3523.5,3525.55,3520.85,3525.1,246,
2024-03-13 12:50:00+05:30,3526.35,3526.35,3520.2,3520.4,283,
2024-03-13 12:51:00+05:30,3521.3,3521.4,3520,3520.4,286,
2024-03-13 12:52:00+05:30,3520.4,3520.4,3516.6,3516.7,294,
2024-03-13 12:53:00+05:30,3516.7,3521.3,3516.6,3521.25,299,
2024-03-13 12:54:00+05:30,3521.25,3522.95,3519.05,3522.55,307,
2024-03-13 12:55:00+05:30,3522.55,3528.7,3521.6,3528.1,1198,
2024-03-13 12:56:00+05:30,3528.1,3529.55,3522.9,3524.8,269,
2024-03-13 12:57:00+05:30,3524.8,3533.95,3524.8,3532.85,801,
2024-03-13 12:58:00+05:30,3532.85,3532.85,3526.7,3529.7,1916,
2024-03-13 12:59:00+05:30,3529.7,3533.05,3528.35,3529.9,741,
2024-03-13 13:00:00+05:30,3529.9,3536.6,3529.9,3531.6,1145,
2024-03-13 13:01:00+05:30,3531.6,3534.5,3526.4,3527.95,239,
2024-03-13 13:02:00+05:30,3527.95,3530.5,3526.2,3528.4,183,
2024-03-13 13:03:00+05:30,3528.4,3531.7,3526.2,3529.95,785,
2024-03-13 13:04:00+05:30,3529.45,3531.9,3527.4,3528.65,207,
2024-03-13 13:05:00+05:30,3530.7,3531.15,3526.2,3528.85,756,
2024-03-13 13:06:00+05:30,3528.85,3534.5,3528.45,3532,395,
2024-03-13 13:07:00+05:30,3530.5,3531.15,3528.7,3529.15,480,
2024-03-13 13:08:00+05:30,3529.15,3531.75,3526.2,3527.5,554,
2024-03-13 13:09:00+05:30,3527.5,3532.25,3526.45,3530.2,1556,
2024-03-13 13:10:00+05:30,3530,3531,3525.2,3528.95,589,
2024-03-13 13:11:00+05:30,3528.95,3529,3527,3527.5,278,
2024-03-13 13:12:00+05:30,3527,3529,3525.2,3527.9,1253,
2024-03-13 13:13:00+05:30,3528,3528.9,3522.2,3524.1,2648,
2024-03-13 13:14:00+05:30,3524.15,3529.25,3522.5,3527.65,372,
2024-03-13 13:15:00+05:30,3527.65,3529.85,3523.05,3523.65,510,
2024-03-13 13:16:00+05:30,3523.15,3526.3,3523.15,3525.05,285,
2024-03-13 13:17:00+05:30,3525.05,3525.05,3521.2,3521.2,313,
2024-03-13 13:18:00+05:30,3521.2,3524.2,3520.65,3522.65,575,
2024-03-13 13:19:00+05:30,3522.8,3528.15,3521.75,3525.3,1282,
2024-03-13 13:20:00+05:30,3525.3,3525.3,3522.25,3522.35,349,
2024-03-13 13:21:00+05:30,3522.35,3522.7,3519.2,3520.35,1935,
2024-03-13 13:22:00+05:30,3520.35,3523.3,3517.2,3517.2,602,
2024-03-13 13:23:00+05:30,3517.2,3517.5,3515.2,3517.5,360,
2024-03-13 13:24:00+05:30,3517.5,3519.15,3515.2,3515.85,304,
2024-03-13 13:25:00+05:30,3515.85,3516.95,3512.2,3512.2,1044,
2024-03-13 13:26:00+05:30,3512.2,3513.75,3511.2,3511.85,386,
2024-03-13 13:27:00+05:30,3512.5,3517.6,3511.45,3515.05,262,
2024-03-13 13:28:00+05:30,3515.45,3518.45,3514.9,3516.2,237,
2024-03-13 13:29:00+05:30,3516.2,3524.65,3515.75,3524.35,978,
2024-03-13 13:30:00+05:30,3523.8,3524.7,3521.35,3523.2,527,
2024-03-13 13:31:00+05:30,3523.2,3524.7,3520.45,3522,226,
2024-03-13 13:32:00+05:30,3522,3522.8,3518.25,3520.1,409,
2024-03-13 13:33:00+05:30,3519.6,3523.3,3514.2,3515.6,500,
2024-03-13 13:34:00+05:30,3515.6,3517.6,3513.2,3515.35,231,
2024-03-13 13:35:00+05:30,3515.35,3520.5,3514.05,3517.05,1478,
2024-03-13 13:36:00+05:30,3517,3517.1,3514.5,3516.1,2374,
2024-03-13 13:37:00+05:30,3516.15,3518,3516,3516.05,212,
2024-03-13 13:38:00+05:30,3516.05,3517.4,3515,3516.2,1448,
2024-03-13 13:39:00+05:30,3516.2,3517.05,3513.65,3517.05,1920,
2024-03-13 13:40:00+05:30,3515,3516.3,3515,3515,1378,
2024-03-13 13:41:00+05:30,3515,3516.65,3514.55,3514.55,883,
2024-03-13 13:42:00+05:30,3514.55,3516.55,3514.55,3515.1,1032,
2024-03-13 13:43:00+05:30,3515.3,3516.85,3513.2,3513.95,672,
2024-03-13 13:44:00+05:30,3513.95,3514.95,3511.75,3514.45,324,
2024-03-13 13:45:00+05:30,3514.45,3514.45,3511.2,3511.2,200,
2024-03-13 13:46:00+05:30,3511.2,3512.95,3510.2,3511.9,399,
2024-03-13 13:47:00+05:30,3511.85,3511.85,3507,3507.45,365,
2024-03-13 13:48:00+05:30,3507,3509,3503.3,3507.2,585,
2024-03-13 13:49:00+05:30,3507.2,3508.7,3504.05,3504.6,547,
2024-03-13 13:50:00+05:30,3504,3505.35,3502,3502.2,351,
2024-03-13 13:51:00+05:30,3503.2,3504.5,3501.3,3502.2,294,
2024-03-13 13:52:00+05:30,3502.1,3506.95,3502.1,3505.05,328,
2024-03-13 13:53:00+05:30,3503.45,3503.7,3502.1,3502.1,269,
2024-03-13 13:54:00+05:30,3502.1,3503,3501.3,3501.4,223,
2024-03-13 13:55:00+05:30,3501.35,3505.25,3501.35,3504.6,471,
2024-03-13 13:56:00+05:30,3505.35,3507.1,3502.75,3507.1,293,
2024-03-13 13:57:00+05:30,3507.35,3507.85,3504.7,3506.45,457,
2024-03-13 13:58:00+05:30,3506.45,3511.05,3505.05,3509.35,868,
2024-03-13 13:59:00+05:30,3510.2,3510.25,3505.65,3506.25,305,
2024-03-13 14:00:00+05:30,3506.25,3511.65,3506.25,3510.25,341,
2024-03-13 14:01:00+05:30,3510.25,3511.65,3506.75,3508.25,703,
2024-03-13 14:02:00+05:30,3508.25,3512.7,3507.4,3512.65,295,
2024-03-13 14:03:00+05:30,3512.65,3513.7,3508.35,3510.7,290,
2024-03-13 14:04:00+05:30,3510,3513.95,3509.55,3511.8,672,
2024-03-13 14:05:00+05:30,3511.8,3512.1,3507.35,3508.1,665,
2024-03-13 14:06:00+05:30,3508.1,3510,3505.45,3507.8,568,
2024-03-13 14:07:00+05:30,3507.8,3512.45,3507.8,3511.55,208,
2024-03-13 14:08:00+05:30,3511.55,3511.55,3507.8,3510.85,228,
2024-03-13 14:09:00+05:30,3511.45,3514.35,3508.1,3511,247,
2024-03-13 14:10:00+05:30,3509.9,3509.9,3506.25,3506.25,513,
2024-03-13 14:11:00+05:30,3506.25,3507.85,3500.1,3501,1691,
2024-03-13 14:12:00+05:30,3501,3502.85,3498,3498,855,
2024-03-13 14:13:00+05:30,3498,3502.25,3498,3500,1365,
2024-03-13 14:14:00+05:30,3500.15,3501.4,3498.2,3499.25,518,
2024-03-13 14:15:00+05:30,3499.2,3500.45,3493.65,3493.65,2787,
2024-03-13 14:16:00+05:30,3496.3,3496.3,3484.9,3486.35,2250,
2024-03-13 14:17:00+05:30,3486.35,3491,3486,3491,1293,
2024-03-13 14:18:00+05:30,3491,3491.9,3486,3488.9,1082,
2024-03-13 14:19:00+05:30,3486.5,3492.4,3486.45,3491.3,1023,
2024-03-13 14:20:00+05:30,3492.4,3494.9,3488.7,3489.7,667,
2024-03-13 14:21:00+05:30,3489.7,3490.95,3483.2,3483.2,980,
2024-03-13 14:22:00+05:30,3483.05,3485.25,3480.05,3485.25,1015,
2024-03-13 14:23:00+05:30,3485.25,3489.85,3483.85,3484.5,1841,
2024-03-13 14:24:00+05:30,3484.5,3487.8,3476.2,3479.3,2317,
2024-03-13 14:25:00+05:30,3479.4,3491,3479.4,3491,847,
2024-03-13 14:26:00+05:30,3491,3491,3485,3487.15,356,
2024-03-13 14:27:00+05:30,3487.15,3487.15,3478.2,3478.2,1216,
2024-03-13 14:28:00+05:30,3478.2,3482.6,3477,3482.35,402,
2024-03-13 14:29:00+05:30,3482.95,3487.9,3481.1,3484.45,817,
2024-03-13 14:30:00+05:30,3484.95,3485.6,3482.25,3483.65,344,
2024-03-13 14:31:00+05:30,3483.65,3485.95,3482.2,3482.2,95,
2024-03-13 14:32:00+05:30,3482.35,3483,3476.05,3478.95,1891,
2024-03-13 14:33:00+05:30,3478.05,3482.95,3477,3478.5,724,
2024-03-13 14:34:00+05:30,3478.5,3479.75,3475,3476.3,631,
2024-03-13 14:35:00+05:30,3476.3,3479.95,3474,3475.4,597,
2024-03-13 14:36:00+05:30,3475.4,3475.8,3472.2,3474.5,745,
2024-03-13 14:37:00+05:30,3475,3475.7,3470.05,3472.95,1453,
2024-03-13 14:38:00+05:30,3472.95,3474.45,3470.05,3471.5,766,
2024-03-13 14:39:00+05:30,3471.7,3472.7,3468.05,3470.65,612,
2024-03-13 14:40:00+05:30,3470.8,3472.45,3465,3465,1916,
2024-03-13 14:41:00+05:30,3465,3465.95,3460.75,3460.75,1267,
2024-03-13 14:42:00+05:30,3460.75,3465.4,3460.55,3464.45,571,
2024-03-13 14:43:00+05:30,3464.45,3471.35,3464,3470.95,1271,
2024-03-13 14:44:00+05:30,3471.1,3471.1,3465,3466,1651,
2024-03-13 14:45:00+05:30,3466,3469.9,3462.8,3469.9,1506,
2024-03-13 14:46:00+05:30,3469.9,3469.9,3454.75,3457.5,2946,
2024-03-13 14:47:00+05:30,3458.25,3470,3456,3470,1236,
2024-03-13 14:48:00+05:30,3470,3473.95,3469.6,3473.95,1345,
2024-03-13 14:49:00+05:30,3473.95,3480.3,3468.85,3478.85,1525,
2024-03-13 14:50:00+05:30,3479.85,3481.7,3476.3,3481.7,1162,
2024-03-13 14:51:00+05:30,3481,3482.75,3476.4,3476.4,916,
2024-03-13 14:52:00+05:30,3476.4,3476.4,3471.15,3474.95,1316,
2024-03-13 14:53:00+05:30,3474.95,3474.95,3471.35,3472.85,529,
2024-03-13 14:54:00+05:30,3472.85,3473.95,3470.2,3471.65,1500,
2024-03-13 14:55:00+05:30,3471.65,3473.5,3468.2,3468.2,1338,
2024-03-13 14:56:00+05:30,3468.2,3472.8,3467.2,3469.65,1522,
2024-03-13 14:57:00+05:30,3469.7,3471.95,3468.05,3470,1791,
2024-03-13 14:58:00+05:30,3470,3474.3,3468.7,3472.2,770,
2024-03-13 14:59:00+05:30,3472.2,3475,3472.2,3473.6,2233,
2024-03-13 15:00:00+05:30,3474.75,3482.7,3474.15,3482.3,3383,
2024-03-13 15:01:00+05:30,3482.95,3491.7,3482.95,3491.7,3301,
2024-03-13 15:02:00+05:30,3491.7,3494.7,3486.05,3487.05,3572,
2024-03-13 15:03:00+05:30,3486.05,3492.7,3486.05,3491.65,2676,
2024-03-13 15:04:00+05:30,3491.6,3491.65,3486.05,3489.15,2309,
2024-03-13 15:05:00+05:30,3489,3490,3487.05,3489.1,2707,
2024-03-13 15:06:00+05:30,3487.3,3491.2,3485.75,3487.75,3320,
2024-03-13 15:07:00+05:30,3486.55,3495.7,3486.55,3492.5,1892,
2024-03-13 15:08:00+05:30,3492.15,3496.7,3492.05,3493.8,1899,
2024-03-13 15:09:00+05:30,3493.8,3493.8,3488.1,3490.9,2505,
2024-03-13 15:10:00+05:30,3490.9,3494.45,3488.85,3489.3,4941,
2024-03-13 15:11:00+05:30,3489.35,3489.7,3482.2,3482.65,3893,
2024-03-13 15:12:00+05:30,3481.05,3486.95,3481.05,3482.85,6382,
2024-03-13 15:13:00+05:30,3481.8,3486.6,3481.8,3486.6,3599,
2024-03-13 15:14:00+05:30,3486.6,3487.4,3481.6,3482.75,4343,
2024-03-13 15:15:00+05:30,3482.75,3485.3,3479.2,3480.45,2690,
2024-03-13 15:16:00+05:30,3480.3,3480.6,3478.7,3480.4,2558,
2024-03-13 15:17:00+05:30,3480.4,3482.3,3477.2,3479.2,3636,
2024-03-13 15:18:00+05:30,3478.3,3479.1,3474.2,3475.65,1992,
2024-03-13 15:19:00+05:30,3474.15,3476.65,3474.05,3476.4,1788,
2024-03-13 15:20:00+05:30,3476.4,3476.6,3469.25,3470.95,3035,
2024-03-13 15:21:00+05:30,3470.95,3471.15,3467.55,3471.05,2291,
2024-03-13 15:22:00+05:30,3471.05,3475.45,3471.05,3475.45,2291,
2024-03-13 15:23:00+05:30,3475.7,3477.4,3473.5,3474.95,1913,
2024-03-13 15:24:00+05:30,3474.9,3475,3465,3466.35,4844,
2024-03-13 15:25:00+05:30,3464,3466.5,3462.8,3465.75,7369,
2024-03-13 15:26:00+05:30,3465.7,3470.7,3464.6,3469.7,3194,
2024-03-13 15:27:00+05:30,3467.4,3475.7,3466,3469,4795,
2024-03-13 15:28:00+05:30,3472.25,3472.3,3458.2,3463.2,4099,
2024-03-13 15:29:00+05:30,3461.9,3470.7,3461.25,3468.5,864,
2024-03-14 09:15:00+05:30,3460,3465,3441,3450,4790,
2024-03-14 09:16:00+05:30,3448.35,3462.75,3448.15,3461,1563,
2024-03-14 09:17:00+05:30,3459.5,3463,3457.5,3460.75,2815,
2024-03-14 09:18:00+05:30,3459.7,3469.15,3458.1,3469.15,1830,
2024-03-14 09:19:00+05:30,3469.15,3476.7,3466.2,3471.9,3423,
2024-03-14 09:20:00+05:30,3471.9,3479,3471.05,3473.65,1760,
2024-03-14 09:21:00+05:30,3471.45,3476.75,3468.6,3473.2,1392,
2024-03-14 09:22:00+05:30,3470.7,3472.95,3463.05,3468.55,1424,
2024-03-14 09:23:00+05:30,3467.8,3467.8,3457.6,3457.6,797,
2024-03-14 09:24:00+05:30,3459.3,3468.7,3458.2,3465.75,764,
2024-03-14 09:25:00+05:30,3468.7,3470.7,3460.6,3464.5,2183,
2024-03-14 09:26:00+05:30,3464.85,3469.75,3463.65,3467.25,771,
2024-03-14 09:27:00+05:30,3466.95,3469.1,3465.15,3468.85,908,
2024-03-14 09:28:00+05:30,3466.25,3469.9,3461.05,3468.65,1861,
2024-03-14 09:29:00+05:30,3466.1,3477,3465.5,3477,1029,
2024-03-14 09:30:00+05:30,3475.75,3478.4,3471.1,3476.65,2047,
2024-03-14 09:31:00+05:30,3478.25,3479,3473.35,3474.4,490,
2024-03-14 09:32:00+05:30,3474.9,3475.55,3469,3469,1218,
2024-03-14 09:33:00+05:30,3470.25,3473.5,3469.3,3471.8,397,
2024-03-14 09:34:00+05:30,3471.8,3478.7,3469.05,3478.15,1195,
2024-03-14 09:35:00+05:30,3477.55,3477.55,3473.25,3475,359,
2024-03-14 09:36:00+05:30,3475,3478.95,3472.55,3478.75,932,
2024-03-14 09:37:00+05:30,3476.2,3482,3476.2,3482,813,
2024-03-14 09:38:00+05:30,3482,3487.7,3481.5,3485.4,996,
2024-03-14 09:39:00+05:30,3485,3485,3477.45,3481.15,1145,
2024-03-14 09:40:00+05:30,3481.15,3483,3478.65,3480,937,
2024-03-14 09:41:00+05:30,3479.75,3480.1,3474.25,3475.85,1386,
2024-03-14 09:42:00+05:30,3475.8,3478,3473.1,3475,445,
2024-03-14 09:43:00+05:30,3475.35,3475.35,3472.05,3472.65,853,
2024-03-14 09:44:00+05:30,3472.95,3472.95,3466.35,3468.15,1031,
2024-03-14 09:45:00+05:30,3468.15,3470.85,3466.35,3469.3,629,
2024-03-14 09:46:00+05:30,3469.3,3469.3,3465.9,3467.1,354,
2024-03-14 09:47:00+05:30,3467.1,3473.55,3465.4,3472.75,1315,
2024-03-14 09:48:00+05:30,3472.75,3475.7,3471.2,3471.2,2792,
2024-03-14 09:49:00+05:30,3471.2,3472.55,3463.3,3465.9,986,
2024-03-14 09:50:00+05:30,3465.9,3467.35,3461.35,3462.35,689,
2024-03-14 09:51:00+05:30,3462.35,3463.95,3458.5,3463.7,1059,
2024-03-14 09:52:00+05:30,3461.25,3465.15,3461.25,3462.4,1111,
2024-03-14 09:53:00+05:30,3463.35,3467.2,3462.5,3466.95,1493,
2024-03-14 09:54:00+05:30,3466.95,3468.9,3463.45,3464.45,1085,
2024-03-14 09:55:00+05:30,3464.45,3468.2,3464.45,3466.45,339,
2024-03-14 09:56:00+05:30,3466.45,3467.7,3461.1,3463.5,419,
2024-03-14 09:57:00+05:30,3463.5,3467.6,3463.4,3466.75,578,
2024-03-14 09:58:00+05:30,3466.75,3470,3464.85,3466.05,845,
2024-03-14 09:59:00+05:30,3466.05,3467.75,3464.1,3465.75,1527,
2024-03-14 10:00:00+05:30,3465.75,3469.15,3464.75,3467.1,568,
2024-03-14 10:01:00+05:30,3467.1,3467.6,3463.4,3464.65,285,
2024-03-14 10:02:00+05:30,3463.5,3466.85,3463.5,3465.6,584,
2024-03-14 10:03:00+05:30,3465.6,3469.35,3463.8,3467.45,1484,
2024-03-14 10:04:00+05:30,3467.45,3471,3466.1,3471,950,
2024-03-14 10:05:00+05:30,3471,3472.4,3468.95,3468.95,474,
2024-03-14 10:06:00+05:30,3467.45,3474.7,3467.4,3473.3,1561,
2024-03-14 10:07:00+05:30,3473.3,3474.1,3471.15,3472.6,508,
2024-03-14 10:08:00+05:30,3472.6,3472.6,3469.55,3469.8,286,
2024-03-14 10:09:00+05:30,3470.75,3471.65,3467.05,3467.05,1522,
2024-03-14 10:10:00+05:30,3467.55,3467.9,3460.1,3467.9,2848,
2024-03-14 10:11:00+05:30,3467.9,3468.55,3465,3465.35,1433,
2024-03-14 10:12:00+05:30,3465.35,3467.45,3465.35,3467.4,269,
2024-03-14 10:13:00+05:30,3467.4,3469,3465.05,3466.6,294,
2024-03-14 10:14:00+05:30,3466.6,3470.75,3466.5,3469.9,1304,
2024-03-14 10:15:00+05:30,3469.9,3475.7,3468.65,3475.05,911,
2024-03-14 10:16:00+05:30,3475.05,3475.05,3468.65,3473.5,3244,
2024-03-14 10:17:00+05:30,3471.95,3473.25,3467.25,3470.05,1791,
2024-03-14 10:18:00+05:30,3470.05,3471,3466.65,3467.05,534,
2024-03-14 10:19:00+05:30,3467.05,3468.5,3465.05,3465.1,333,
2024-03-14 10:20:00+05:30,3466.85,3467.25,3466,3466.6,473,
2024-03-14 10:21:00+05:30,3466.6,3468.9,3465.45,3467.05,311,
2024-03-14 10:22:00+05:30,3467.05,3467.85,3466.8,3466.9,392,
2024-03-14 10:23:00+05:30,3466.9,3469.75,3465.85,3466.05,390,
2024-03-14 10:24:00+05:30,3466.05,3467.65,3461.15,3461.15,842,
2024-03-14 10:25:00+05:30,3461.15,3461.15,3456.2,3460.9,1540,
2024-03-14 10:26:00+05:30,3460.9,3462.65,3460,3460.95,271,
2024-03-14 10:27:00+05:30,3460.95,3461.25,3453,3453.05,853,
2024-03-14 10:28:00+05:30,3453.05,3454,3450,3451.55,1118,
2024-03-14 10:29:00+05:30,3451.55,3453.05,3450,3452.1,915,
2024-03-14 10:30:00+05:30,3452.65,3462.2,3451.05,3460.4,8346,
2024-03-14 10:31:00+05:30,3460.5,3463.05,3460,3462.3,2049,
2024-03-14 10:32:00+05:30,3462.25,3462.25,3461,3462,258,
2024-03-14 10:33:00+05:30,3462,3462,3461.15,3461.8,162,
2024-03-14 10:34:00+05:30,3461.8,3466.9,3461,3466.9,542,
2024-03-14 10:35:00+05:30,3467.85,3470.95,3467.85,3468.2,2157,
2024-03-14 10:36:00+05:30,3468.2,3469.1,3463,3463.05,1159,
2024-03-14 10:37:00+05:30,3463.05,3463.05,3460.05,3460.05,743,
2024-03-14 10:38:00+05:30,3460.05,3461.95,3460.05,3460.1,231,
2024-03-14 10:39:00+05:30,3460.1,3462,3460.1,3461.65,570,
2024-03-14 10:40:00+05:30,3461.65,3466.35,3460.9,3466.35,1224,
2024-03-14 10:41:00+05:30,3466.35,3468.75,3465,3468.65,730,
2024-03-14 10:42:00+05:30,3468.65,3468.65,3463.95,3463.95,673,
2024-03-14 10:43:00+05:30,3463.95,3465.9,3462.05,3462.95,314,
2024-03-14 10:44:00+05:30,3464,3464,3461.3,3461.4,325,
2024-03-14 10:45:00+05:30,3461.4,3463,3460.05,3462.15,1594,
2024-03-14 10:46:00+05:30,3462.15,3465.95,3460.95,3465.75,560,
2024-03-14 10:47:00+05:30,3465.75,3465.75,3457.7,3461.25,8104,
2024-03-14 10:48:00+05:30,3461.05,3463.5,3458.95,3459.75,459,
2024-03-14 10:49:00+05:30,3459.75,3461.8,3457.55,3460.55,454,
2024-03-14 10:50:00+05:30,3460.55,3463.4,3459.05,3460.9,347,
2024-03-14 10:51:00+05:30,3458.85,3463.65,3458.85,3463.6,441,
2024-03-14 10:52:00+05:30,3463.6,3463.6,3459.05,3460,283,
2024-03-14 10:53:00+05:30,3460,3461.2,3457.85,3461,729,
2024-03-14 10:54:00+05:30,3461,3461,3457.6,3458,197,
2024-03-14 10:55:00+05:30,3458,3461,3458,3460.1,431,
2024-03-14 10:56:00+05:30,3458.3,3460.3,3458,3459.8,358,
2024-03-14 10:57:00+05:30,3459.8,3461.7,3458.35,3459.95,787,
2024-03-14 10:58:00+05:30,3459.95,3461.65,3459.95,3460.25,256,
2024-03-14 10:59:00+05:30,3461.3,3461.3,3456.8,3459.05,707,
2024-03-14 11:00:00+05:30,3459.2,3459.85,3457.25,3459.85,476,
2024-03-14 11:01:00+05:30,3459.85,3461.7,3458.35,3461.7,408,
2024-03-14 11:02:00+05:30,3461.7,3462.7,3459.75,3461.5,537,
2024-03-14 11:03:00+05:30,3461.5,3464.4,3461.5,3464.35,807,
2024-03-14 11:04:00+05:30,3464.35,3466.1,3461.05,3462.7,1081,
2024-03-14 11:05:00+05:30,3462.9,3468.7,3461.75,3467.7,903,
2024-03-14 11:06:00+05:30,3467.7,3469.05,3467.7,3468.25,229,
2024-03-14 11:07:00+05:30,3468.25,3468.25,3464.3,3464.3,606,
2024-03-14 11:08:00+05:30,3464.35,3468.65,3464.35,3467.25,1223,
2024-03-14 11:09:00+05:30,3467.25,3469.05,3466.3,3467.5,250,
2024-03-14 11:10:00+05:30,3467.5,3469.05,3467.45,3468.65,131,
2024-03-14 11:11:00+05:30,3468.65,3472,3467.45,3472,1027,
2024-03-14 11:12:00+05:30,3471.95,3474.25,3470.15,3473.7,680,
2024-03-14 11:13:00+05:30,3473.7,3475,3471.55,3472.55,498,
2024-03-14 11:14:00+05:30,3472.55,3475,3467.8,3469.6,683,
2024-03-14 11:15:00+05:30,3469.6,3469.6,3467,3467,361,
2024-03-14 11:16:00+05:30,3467,3467.8,3463.15,3463.15,476,
2024-03-14 11:17:00+05:30,3465.25,3467.95,3463.2,3467.95,968,
2024-03-14 11:18:00+05:30,3467.75,3468.35,3462.5,3466.25,2711,
2024-03-14 11:19:00+05:30,3466.1,3467.05,3463.5,3464.65,438,
2024-03-14 11:20:00+05:30,3464.65,3468.35,3464.05,3467.95,426,
2024-03-14 11:21:00+05:30,3468.1,3468.35,3465.6,3467.95,251,
2024-03-14 11:22:00+05:30,3466.65,3467.95,3465.7,3467.75,485,
2024-03-14 11:23:00+05:30,3467.7,3470.65,3466.65,3470.65,575,
2024-03-14 11:24:00+05:30,3470.85,3474.75,3470.5,3473.95,3405,
2024-03-14 11:25:00+05:30,3473.95,3486.25,3473.95,3485,6400,
2024-03-14 11:26:00+05:30,3485,3485,3477.9,3477.9,1557,
2024-03-14 11:27:00+05:30,3477.95,3478.55,3475.2,3475.2,768,
2024-03-14 11:28:00+05:30,3476.6,3479.95,3475.2,3475.3,604,
2024-03-14 11:29:00+05:30,3477.15,3478.65,3474.2,3475.85,554,
2024-03-14 11:30:00+05:30,3475.85,3477,3472.25,3474.8,770,
2024-03-14 11:31:00+05:30,3474.8,3478.65,3473.2,3478.65,2410,
2024-03-14 11:32:00+05:30,3478.65,3484.55,3477.6,3482.35,1306,
2024-03-14 11:33:00+05:30,3482.05,3486.25,3480.2,3480.2,881,
2024-03-14 11:34:00+05:30,3480.2,3485.45,3480.2,3484,561,
2024-03-14 11:35:00+05:30,3484,3484,3476.25,3477.4,2349,
2024-03-14 11:36:00+05:30,3477.4,3481.8,3477.2,3481.8,565,
2024-03-14 11:37:00+05:30,3481.85,3482.2,3478.35,3478.8,397,
2024-03-14 11:38:00+05:30,3480.25,3484.9,3478.4,3481.4,879,
2024-03-14 11:39:00+05:30,3481.4,3482.7,3479.25,3481.65,395,
2024-03-14 11:40:00+05:30,3481.6,3481.7,3477.1,3478.3,541,
2024-03-14 11:41:00+05:30,3478.3,3479,3476.1,3477.45,465,
2024-03-14 11:42:00+05:30,3477.45,3485.8,3476.05,3485.4,1587,
2024-03-14 11:43:00+05:30,3482.7,3485,3480.1,3482.25,1024,
2024-03-14 11:44:00+05:30,3482.25,3484.35,3479.05,3480.5,2004,
2024-03-14 11:45:00+05:30,3480.5,3485.15,3480,3482.55,1268,
2024-03-14 11:46:00+05:30,3482.95,3486.95,3482.95,3484.3,3089,
2024-03-14 11:47:00+05:30,3484.05,3485.75,3476.65,3478.55,1383,
2024-03-14 11:48:00+05:30,3478.5,3481.15,3472.2,3472.75,5811,
2024-03-14 11:49:00+05:30,3472.75,3474.55,3467.7,3468.65,1759,
2024-03-14 11:50:00+05:30,3468.05,3476.45,3466.35,3473.3,3852,
2024-03-14 11:51:00+05:30,3474.15,3477.7,3472.6,3477.6,1165,
2024-03-14 11:52:00+05:30,3477.6,3479.7,3476,3476.75,1016,
2024-03-14 11:53:00+05:30,3476.55,3480.4,3475.55,3479.8,1352,
2024-03-14 11:54:00+05:30,3479.5,3479.5,3476.05,3478.15,481,
2024-03-14 11:55:00+05:30,3478.15,3480.7,3476.55,3480.7,960,
2024-03-14 11:56:00+05:30,3480.7,3481.65,3477.85,3480.8,586,
2024-03-14 11:57:00+05:30,3480.8,3482.7,3478.85,3480.65,428,
2024-03-14 11:58:00+05:30,3480.65,3480.8,3476.05,3477.9,682,
2024-03-14 11:59:00+05:30,3477.9,3480.55,3476.35,3477.9,935,
2024-03-14 12:00:00+05:30,3477.9,3477.9,3471.2,3471.2,244,
2024-03-14 12:01:00+05:30,3472.6,3472.6,3465,3470.2,1854,
2024-03-14 12:02:00+05:30,3470.2,3473.4,3470,3473.3,869,
2024-03-14 12:03:00+05:30,3473.3,3477.4,3470,3473.65,1588,
2024-03-14 12:04:00+05:30,3473.65,3474.55,3466.65,3468.4,1532,
2024-03-14 12:05:00+05:30,3468.4,3472.95,3467.3,3471.8,677,
2024-03-14 12:06:00+05:30,3471.8,3475.7,3471.15,3475.3,841,
2024-03-14 12:07:00+05:30,3475.85,3477,3472.5,3476.95,689,
2024-03-14 12:08:00+05:30,3476.95,3477,3472.75,3476.2,858,
2024-03-14 12:09:00+05:30,3476.2,3476.2,3471.85,3474.85,935,
2024-03-14 12:10:00+05:30,3474.85,3476.6,3474.6,3476.35,554,
2024-03-14 12:11:00+05:30,3476.3,3477,3475.1,3476.75,667,
2024-03-14 12:12:00+05:30,3476.75,3478.6,3474.8,3478.35,732,
2024-03-14 12:13:00+05:30,3478.35,3478.7,3471.75,3475.6,1221,
2024-03-14 12:14:00+05:30,3475.6,3475.8,3471.05,3474.45,1366,
2024-03-14 12:15:00+05:30,3474.45,3475.25,3472.85,3474,452,
2024-03-14 12:16:00+05:30,3474,3474.25,3471.7,3474,375,
2024-03-14 12:17:00+05:30,3474,3474.15,3468.1,3470.45,686,
2024-03-14 12:18:00+05:30,3470.45,3473.5,3469.35,3473.5,351,
2024-03-14 12:19:00+05:30,3473.5,3475.35,3473.05,3475.35,287,
2024-03-14 12:20:00+05:30,3475.35,3475.35,3473.95,3474.05,219,
2024-03-14 12:21:00+05:30,3474.05,3475.1,3470.4,3470.55,481,
2024-03-14 12:22:00+05:30,3470.55,3471.2,3470.1,3470.1,202,
2024-03-14 12:23:00+05:30,3470.1,3477.45,3470.1,3475.95,418,
2024-03-14 12:24:00+05:30,3477.15,3477.9,3475.95,3476.4,389,
2024-03-14 12:25:00+05:30,3477.9,3478.2,3476.65,3477.2,406,
2024-03-14 12:26:00+05:30,3478.2,3480,3478.2,3479.45,586,
2024-03-14 12:27:00+05:30,3480,3480.9,3477.65,3477.65,367,
2024-03-14 12:28:00+05:30,3477.65,3478.6,3475,3475,338,
2024-03-14 12:29:00+05:30,3475,3475.75,3473.45,3474.95,288,
2024-03-14 12:30:00+05:30,3474.95,3475.25,3473.7,3475.2,55,
2024-03-14 12:31:00+05:30,3475.2,3475.75,3474.4,3475.2,154,
2024-03-14 12:32:00+05:30,3475.2,3476.95,3475,3475.45,159,
2024-03-14 12:33:00+05:30,3475.45,3478.15,3475.45,3477.95,273,
2024-03-14 12:34:00+05:30,3477.9,3478.6,3476.55,3478.45,351,
2024-03-14 12:35:00+05:30,3478.05,3479.35,3477.5,3478,489,
2024-03-14 12:36:00+05:30,3478,3478,3477,3477,389,
2024-03-14 12:37:00+05:30,3477,3477,3474.15,3475,607,
2024-03-14 12:38:00+05:30,3475.95,3476.45,3473.05,3475.6,434,
2024-03-14 12:39:00+05:30,3475.6,3478.2,3474.75,3478.2,156,
2024-03-14 12:40:00+05:30,3478.45,3479.3,3476.55,3477.85,326,
2024-03-14 12:41:00+05:30,3477.85,3478.2,3475,3475.95,1056,
2024-03-14 12:42:00+05:30,3476.05,3477.05,3472.8,3476.15,387,
2024-03-14 12:43:00+05:30,3476.15,3476.15,3473.6,3474.8,369,
2024-03-14 12:44:00+05:30,3474.8,3475,3472.9,3473.65,262,
2024-03-14 12:45:00+05:30,3473.65,3475,3472.75,3473.85,667,
2024-03-14 12:46:00+05:30,3475,3475,3473.35,3473.9,562,
2024-03-14 12:47:00+05:30,3474.85,3475,3472.9,3473.05,408,
2024-03-14 12:48:00+05:30,3473.1,3475,3471,3471,786,
2024-03-14 12:49:00+05:30,3471.75,3471.9,3467.2,3468.25,782,
2024-03-14 12:50:00+05:30,3468.15,3470.75,3467.25,3469.25,616,
2024-03-14 12:51:00+05:30,3468.65,3469.45,3467.2,3468.2,375,
2024-03-14 12:52:00+05:30,3468.2,3469.1,3467.2,3467.35,400,
2024-03-14 12:53:00+05:30,3467.35,3467.55,3463.5,3464.9,1391,
2024-03-14 12:54:00+05:30,3463.65,3465.55,3462,3463.2,502,
2024-03-14 12:55:00+05:30,3463.2,3464.4,3460,3461.8,1220,
2024-03-14 12:56:00+05:30,3462.5,3463.6,3461.25,3462,711,
2024-03-14 12:57:00+05:30,3462,3467.65,3461,3465.05,492,
2024-03-14 12:58:00+05:30,3465.05,3467.15,3463.3,3464.3,352,
2024-03-14 12:59:00+05:30,3464.3,3468.2,3464.3,3467.1,792,
2024-03-14 13:00:00+05:30,3465.45,3467.05,3465.1,3466.25,265,
2024-03-14 13:01:00+05:30,3466.25,3468.05,3465.25,3467.25,421,
2024-03-14 13:02:00+05:30,3467.25,3468.7,3465.25,3466.5,751,
2024-03-14 13:03:00+05:30,3466.65,3467.8,3465.65,3465.95,553,
2024-03-14 13:04:00+05:30,3465.95,3467,3464.4,3467,639,
2024-03-14 13:05:00+05:30,3467,3467,3463.85,3466.05,334,
2024-03-14 13:06:00+05:30,3466.05,3467.5,3463.4,3467.35,438,
2024-03-14 13:07:00+05:30,3467.35,3468.8,3464.3,3466,512,
2024-03-14 13:08:00+05:30,3466,3468.3,3466,3466.7,282,
2024-03-14 13:09:00+05:30,3466.7,3466.8,3465,3465,479,
2024-03-14 13:10:00+05:30,3465,3466.5,3465,3465.15,330,
2024-03-14 13:11:00+05:30,3465.15,3466.5,3465,3465.15,449,
2024-03-14 13:12:00+05:30,3465.2,3467.05,3464.5,3465.05,556,
2024-03-14 13:13:00+05:30,3465.05,3466.6,3464.1,3464.45,272,
2024-03-14 13:14:00+05:30,3464.45,3466.75,3464.45,3465.15,376,
2024-03-14 13:15:00+05:30,3465.15,3468.45,3464.05,3468.45,474,
2024-03-14 13:16:00+05:30,3468.45,3470,3468.4,3468.4,297,
2024-03-14 13:17:00+05:30,3468.4,3470,3468.4,3468.5,287,
2024-03-14 13:18:00+05:30,3468.5,3470,3466.5,3468.9,1176,
2024-03-14 13:19:00+05:30,3468.9,3472.1,3468.65,3471.05,435,
2024-03-14 13:20:00+05:30,3471.7,3472.7,3470.25,3470.25,307,
2024-03-14 13:21:00+05:30,3470.25,3471,3470,3470.1,343,
2024-03-14 13:22:00+05:30,3470,3470.1,3468.9,3468.95,298,
2024-03-14 13:23:00+05:30,3468.9,3471.55,3468.9,3470.1,553,
2024-03-14 13:24:00+05:30,3470.1,3471.5,3470,3470.05,359,
2024-03-14 13:25:00+05:30,3470.05,3471.1,3470,3470.5,330,
2024-03-14 13:26:00+05:30,3470.05,3470.4,3470,3470.1,359,
2024-03-14 13:27:00+05:30,3470.1,3470.9,3470,3470.1,313,
2024-03-14 13:28:00+05:30,3470.1,3473,3470,3472,1136,
2024-03-14 13:29:00+05:30,3472.1,3473.05,3471,3472.85,437,
2024-03-14 13:30:00+05:30,3472.85,3472.9,3472,3472,54,
2024-03-14 13:31:00+05:30,3472,3472.05,3470,3471.7,515,
2024-03-14 13:32:00+05:30,3471.7,3472.15,3464.3,3471.8,4899,
2024-03-14 13:33:00+05:30,3471.8,3471.8,3469.05,3469.05,148,
2024-03-14 13:34:00+05:30,3468.3,3469.95,3466.65,3468.8,645,
2024-03-14 13:35:00+05:30,3468.8,3473.2,3467.9,3473.2,1826,
2024-03-14 13:36:00+05:30,3473.2,3473.2,3472.7,3472.7,48,
2024-03-14 13:37:00+05:30,3472.7,3476.9,3472.05,3475.05,2748,
2024-03-14 13:38:00+05:30,3475.1,3476.5,3473,3474.2,1380,
2024-03-14 13:39:00+05:30,3474.75,3474.75,3470.05,3471.65,276,
2024-03-14 13:40:00+05:30,3471.65,3473,3471.65,3472.5,102,
2024-03-14 13:41:00+05:30,3472.5,3472.95,3470.45,3472.95,279,
2024-03-14 13:42:00+05:30,3471.2,3471.2,3468.35,3469.2,334,
2024-03-14 13:43:00+05:30,3469.2,3472.8,3469.2,3471.5,175,
2024-03-14 13:44:00+05:30,3471.5,3472.5,3468.9,3468.9,598,
2024-03-14 13:45:00+05:30,3468.55,3472.7,3468.55,3471.35,422,
2024-03-14 13:46:00+05:30,3471.35,3471.6,3468.65,3469.2,263,
2024-03-14 13:47:00+05:30,3469.2,3469.2,3466.2,3466.7,219,
2024-03-14 13:48:00+05:30,3466.45,3471.6,3466.2,3470,302,
2024-03-14 13:49:00+05:30,3470,3474.2,3470,3474.2,232,
2024-03-14 13:50:00+05:30,3474.2,3474.2,3472.25,3472.55,131,
2024-03-14 13:51:00+05:30,3472.5,3473.25,3470,3472.05,419,
2024-03-14 13:52:00+05:30,3472.05,3472.35,3465.05,3469.2,2931,
2024-03-14 13:53:00+05:30,3469.2,3474.5,3467.2,3470.3,1228,
2024-03-14 13:54:00+05:30,3470,3471.25,3470,3470.35,196,
2024-03-14 13:55:00+05:30,3470.35,3470.45,3467.3,3470.45,386,
2024-03-14 13:56:00+05:30,3470.45,3471.7,3470,3471.7,190,
2024-03-14 13:57:00+05:30,3471.1,3473.05,3471.1,3473.05,143,
2024-03-14 13:58:00+05:30,3471.9,3472.5,3471.15,3472,324,
2024-03-14 13:59:00+05:30,3472,3473.85,3471.55,3472,321,
2024-03-14 14:00:00+05:30,3472,3472.4,3472,3472,178,
2024-03-14 14:01:00+05:30,3472,3474.05,3472,3473.1,110,
2024-03-14 14:02:00+05:30,3473.1,3474.3,3472,3472.55,180,
2024-03-14 14:03:00+05:30,3472.55,3474.05,3470.9,3472.85,927,
2024-03-14 14:04:00+05:30,3474.05,3475.7,3471.4,3472.9,305,
2024-03-14 14:05:00+05:30,3474.7,3475.95,3473.8,3474.3,917,
2024-03-14 14:06:00+05:30,3474.7,3474.7,3471.05,3473.75,320,
2024-03-14 14:07:00+05:30,3473.75,3473.75,3470.8,3470.8,210,
2024-03-14 14:08:00+05:30,3470.45,3472.6,3470.05,3472.15,423,
2024-03-14 14:09:00+05:30,3471.55,3474.9,3471,3474.6,603,
2024-03-14 14:10:00+05:30,3475.25,3475.25,3470.6,3472.95,483,
2024-03-14 14:11:00+05:30,3473.1,3475,3472.1,3474,172,
2024-03-14 14:12:00+05:30,3472.5,3474.25,3472.5,3473.9,338,
2024-03-14 14:13:00+05:30,3473.95,3473.95,3470.05,3470.55,351,
2024-03-14 14:14:00+05:30,3470.55,3475,3470.55,3473.3,438,
2024-03-14 14:15:00+05:30,3474.25,3475,3472.25,3473.2,601,
2024-03-14 14:16:00+05:30,3473.2,3475.85,3473.2,3473.8,311,
2024-03-14 14:17:00+05:30,3473.8,3474.9,3473.8,3474.2,293,
2024-03-14 14:18:00+05:30,3474.2,3475,3474.2,3474.9,334,
2024-03-14 14:19:00+05:30,3474.9,3476.7,3474.6,3474.9,526,
2024-03-14 14:20:00+05:30,3474.9,3476.95,3474.5,3475.8,254,
2024-03-14 14:21:00+05:30,3475.8,3476.8,3475.8,3476.5,222,
2024-03-14 14:22:00+05:30,3476.5,3476.65,3472.65,3473.1,364,
2024-03-14 14:23:00+05:30,3472.85,3475,3472.65,3474.7,393,
2024-03-14 14:24:00+05:30,3474.7,3479.7,3473.6,3478.45,972,
2024-03-14 14:25:00+05:30,3478.45,3479.15,3478,3478,322,
2024-03-14 14:26:00+05:30,3478,3478.05,3478,3478,213,
2024-03-14 14:27:00+05:30,3478,3478.6,3475.1,3476,839,
2024-03-14 14:28:00+05:30,3476,3478.15,3475.75,3478,272,
2024-03-14 14:29:00+05:30,3478.2,3478.4,3477.85,3477.85,330,
2024-03-14 14:30:00+05:30,3477.85,3479,3476.8,3479,132,
2024-03-14 14:31:00+05:30,3478.7,3479.35,3478,3478.95,316,
2024-03-14 14:32:00+05:30,3478.95,3479.15,3478.95,3478.95,32,
2024-03-14 14:33:00+05:30,3479,3480,3478.85,3479.35,384,
2024-03-14 14:34:00+05:30,3479.3,3480.7,3479.15,3480.7,373,
2024-03-14 14:35:00+05:30,3479.95,3481.7,3479.95,3481.1,405,
2024-03-14 14:36:00+05:30,3481.1,3482,3481.1,3481.7,255,
2024-03-14 14:37:00+05:30,3481.7,3484.65,3481.5,3484.35,487,
2024-03-14 14:38:00+05:30,3483,3484.7,3482.7,3484.7,718,
2024-03-14 14:39:00+05:30,3484.6,3487.55,3484.6,3485.45,1701,
2024-03-14 14:40:00+05:30,3485.45,3486.95,3485.4,3486.5,377,
2024-03-14 14:41:00+05:30,3486,3486.95,3485,3485.4,797,
2024-03-14 14:42:00+05:30,3485.4,3486.65,3482.65,3484.1,363,
2024-03-14 14:43:00+05:30,3484.1,3484.95,3483.7,3484.2,297,
2024-03-14 14:44:00+05:30,3484.2,3484.4,3480.8,3482.4,165,
2024-03-14 14:45:00+05:30,3481.7,3485,3479.45,3485,1401,
2024-03-14 14:46:00+05:30,3483.3,3484.95,3482.25,3483.95,477,
2024-03-14 14:47:00+05:30,3483.95,3484.85,3483.05,3483.15,94,
2024-03-14 14:48:00+05:30,3482.35,3486,3481.7,3485.7,1337,
2024-03-14 14:49:00+05:30,3485.4,3488.7,3485.4,3488.7,562,
2024-03-14 14:50:00+05:30,3488.7,3490.7,3486.35,3488.6,1055,
2024-03-14 14:51:00+05:30,3488.6,3488.6,3482.85,3486,1667,
2024-03-14 14:52:00+05:30,3486,3486,3483,3484.65,430,
2024-03-14 14:53:00+05:30,3484.1,3487.65,3484,3485,1483,
2024-03-14 14:54:00+05:30,3485,3488.9,3484.1,3488.9,601,
2024-03-14 14:55:00+05:30,3487.05,3487.45,3483.75,3484.8,277,
2024-03-14 14:56:00+05:30,3484.8,3488.9,3483.95,3488.3,2166,
2024-03-14 14:57:00+05:30,3488.3,3492.35,3488,3488.35,576,
2024-03-14 14:58:00+05:30,3488.85,3492.35,3488.1,3490,741,
2024-03-14 14:59:00+05:30,3490,3498.6,3490,3496.1,1956,
2024-03-14 15:00:00+05:30,3498.4,3504.7,3495.9,3504.45,6032,
2024-03-14 15:01:00+05:30,3504.45,3510.1,3504.4,3509.6,3489,
2024-03-14 15:02:00+05:30,3509.9,3511.95,3503.4,3503.45,3117,
2024-03-14 15:03:00+05:30,3503.7,3512.3,3502.7,3511.3,2691,
2024-03-14 15:04:00+05:30,3510.9,3515.35,3510.25,3515.35,3483,
2024-03-14 15:05:00+05:30,3514.6,3518,3512.4,3515.25,5415,
2024-03-14 15:06:00+05:30,3515.2,3517.8,3515,3517.4,2338,
2024-03-14 15:07:00+05:30,3517.4,3517.8,3514,3515,3302,
2024-03-14 15:08:00+05:30,3515.05,3518,3514.3,3517.1,2673,
2024-03-14 15:09:00+05:30,3517.15,3518.3,3515.05,3516.25,2109,
2024-03-14 15:10:00+05:30,3516.5,3518,3516.3,3517.65,3633,
2024-03-14 15:11:00+05:30,3518.15,3518.65,3514.9,3516.95,3029,
2024-03-14 15:12:00+05:30,3516.95,3517.5,3516.9,3517.2,2070,
2024-03-14 15:13:00+05:30,3517.2,3520.7,3517.05,3519.95,2467,
2024-03-14 15:14:00+05:30,3520,3524.15,3519.95,3523.4,4156,
2024-03-14 15:15:00+05:30,3523.45,3523.9,3519.55,3522.05,3408,
2024-03-14 15:16:00+05:30,3522.05,3524.45,3522.05,3523.65,3008,
2024-03-14 15:17:00+05:30,3524.45,3525,3520.3,3522.4,2559,
2024-03-14 15:18:00+05:30,3522.1,3526,3519.05,3526,2649,
2024-03-14 15:19:00+05:30,3525.55,3526.55,3522.45,3525.6,3460,
2024-03-14 15:20:00+05:30,3525.9,3529.6,3525.05,3525.1,3568,
2024-03-14 15:21:00+05:30,3526.1,3526.1,3522.1,3522.6,2723,
2024-03-14 15:22:00+05:30,3522.6,3529.7,3520.95,3529.7,2021,
2024-03-14 15:23:00+05:30,3529.7,3530,3528.5,3529.75,1940,
2024-03-14 15:24:00+05:30,3529.7,3529.7,3520.65,3522.2,4361,
2024-03-14 15:25:00+05:30,3524.45,3525.05,3519.2,3525.05,1914,
2024-03-14 15:26:00+05:30,3525.05,3526.6,3520.3,3524.15,3088,
2024-03-14 15:27:00+05:30,3524.15,3526.15,3517.25,3518.25,2037,
2024-03-14 15:28:00+05:30,3520.05,3525,3517.2,3517.2,1347,
2024-03-14 15:29:00+05:30,3517.2,3517.2,3514.2,3514.2,306,
2024-03-15 09:15:00+05:30,3517.1,3520,3491.25,3499.15,1566,
2024-03-15 09:16:00+05:30,3499.6,3501.3,3488.65,3494.85,1018,
2024-03-15 09:17:00+05:30,3497.6,3497.6,3491.15,3496,1621,
2024-03-15 09:18:00+05:30,3496,3502,3496,3501.3,342,
2024-03-15 09:19:00+05:30,3501.3,3507.9,3501.3,3506.15,760,
2024-03-15 09:20:00+05:30,3507.85,3507.85,3502,3504.9,619,
2024-03-15 09:21:00+05:30,3505,3506.75,3504.1,3505,422,
2024-03-15 09:22:00+05:30,3502.45,3502.75,3498,3500,806,
2024-03-15 09:23:00+05:30,3499.45,3506.6,3498,3506.6,207,
2024-03-15 09:24:00+05:30,3506.6,3510.85,3506.45,3509,60,
2024-03-15 09:25:00+05:30,3510,3515,3510,3512.4,358,
2024-03-15 09:26:00+05:30,3512.4,3516,3512.4,3516,137,
2024-03-15 09:27:00+05:30,3516,3516.45,3513.45,3515.1,618,
2024-03-15 09:28:00+05:30,3515.1,3518.7,3515.1,3516.65,282,
2024-03-15 09:29:00+05:30,3516.65,3518.55,3515.1,3518.55,167,
2024-03-15 09:30:00+05:30,3518.55,3519.45,3516.65,3517.75,192,
2024-03-15 09:31:00+05:30,3518.95,3519.45,3517.05,3517.85,310,
2024-03-15 09:32:00+05:30,3520,3524.7,3518.9,3520.6,731,
2024-03-15 09:33:00+05:30,3520.6,3521.55,3520,3520,102,
2024-03-15 09:34:00+05:30,3521.55,3521.55,3512.3,3513.35,942,
2024-03-15 09:35:00+05:30,3515.95,3515.95,3507.4,3507.6,259,
2024-03-15 09:36:00+05:30,3507.95,3507.95,3499.05,3499.25,1195,
2024-03-15 09:37:00+05:30,3499.25,3501.2,3495.7,3496,464,
2024-03-15 09:38:00+05:30,3496,3500.8,3496,3500.5,196,
2024-03-15 09:39:00+05:30,3500.5,3504.9,3500.5,3504.9,258,
2024-03-15 09:40:00+05:30,3504.35,3506.3,3501.25,3503.1,427,
2024-03-15 09:41:00+05:30,3504.7,3506.55,3502.6,3505.9,260,
2024-03-15 09:42:00+05:30,3505.9,3505.9,3501.75,3502.05,129,
2024-03-15 09:43:00+05:30,3502.05,3503.6,3498.5,3499,334,
2024-03-15 09:44:00+05:30,3500,3501.45,3497.75,3498.7,385,
2024-03-15 09:45:00+05:30,3500.1,3501.3,3498.85,3500.65,81,
2024-03-15 09:46:00+05:30,3500.65,3502,3498.65,3498.65,549,
2024-03-15 09:47:00+05:30,3498.65,3501.55,3497.95,3498.35,557,
2024-03-15 09:48:00+05:30,3499,3500.55,3498,3499,75,
2024-03-15 09:49:00+05:30,3499,3499,3492.05,3492.75,297,
2024-03-15 09:50:00+05:30,3492.75,3495.8,3491,3495.8,170,
2024-03-15 09:51:00+05:30,3494.6,3494.6,3491.95,3492.05,123,
2024-03-15 09:52:00+05:30,3492.05,3494.85,3491.4,3492.5,129,
2024-03-15 09:53:00+05:30,3492.5,3493.95,3492.5,3493.1,20,
2024-03-15 09:54:00+05:30,3493.1,3493.1,3489.95,3489.95,390,
2024-03-15 09:55:00+05:30,3489.85,3492.4,3488.5,3491.6,755,
2024-03-15 09:56:00+05:30,3491.6,3492.55,3490.65,3491.3,12,
2024-03-15 09:57:00+05:30,3492.9,3496,3491,3491.45,143,
2024-03-15 09:58:00+05:30,3491.45,3492.7,3490.1,3490.4,114,
2024-03-15 09:59:00+05:30,3490.4,3492.05,3490.1,3490.6,192,
2024-03-15 10:00:00+05:30,3490.6,3491.95,3490,3490.05,98,
2024-03-15 10:01:00+05:30,3490.05,3494.25,3490,3493,1054,
2024-03-15 10:02:00+05:30,3493,3494.6,3493,3494.35,46,
2024-03-15 10:03:00+05:30,3494.35,3495,3493.6,3493.6,133,
2024-03-15 10:04:00+05:30,3493.6,3494.9,3490.4,3490.4,355,
2024-03-15 10:05:00+05:30,3492,3492,3489.1,3489.25,170,
2024-03-15 10:06:00+05:30,3490.8,3492,3489.85,3491,46,
2024-03-15 10:07:00+05:30,3491,3492.3,3489.1,3492.2,47,
2024-03-15 10:08:00+05:30,3491.15,3491.15,3482,3483.45,1857,
2024-03-15 10:09:00+05:30,3483.45,3483.45,3481.7,3482,78,
2024-03-15 10:10:00+05:30,3482.95,3485.25,3482,3485.25,258,
2024-03-15 10:11:00+05:30,3485.4,3486.2,3483.95,3486.05,57,
2024-03-15 10:12:00+05:30,3486.05,3486.05,3483.65,3485.45,196,
2024-03-15 10:13:00+05:30,3485.45,3485.45,3482,3482.4,103,
2024-03-15 10:14:00+05:30,3482.4,3485.9,3482.4,3484.25,112,
2024-03-15 10:15:00+05:30,3484.8,3488.65,3483,3488.65,244,
2024-03-15 10:16:00+05:30,3488.65,3488.7,3485.7,3485.7,170,
2024-03-15 10:17:00+05:30,3485.7,3486.2,3485.2,3486.2,19,
2024-03-15 10:18:00+05:30,3486.2,3486.2,3480.4,3480.4,758,
2024-03-15 10:19:00+05:30,3480.2,3481.5,3478,3478,690,
2024-03-15 10:20:00+05:30,3479.1,3479.1,3475.2,3475.2,288,
2024-03-15 10:21:00+05:30,3477.2,3478.3,3476,3478,287,
2024-03-15 10:22:00+05:30,3478,3478,3475,3475,710,
2024-03-15 10:23:00+05:30,3475,3477.1,3474.1,3474.1,334,
2024-03-15 10:24:00+05:30,3475.8,3486.65,3474.1,3486.65,1609,
2024-03-15 10:25:00+05:30,3487.45,3487.45,3480.8,3480.8,534,
2024-03-15 10:26:00+05:30,3482.4,3482.4,3478.35,3478.65,155,
2024-03-15 10:27:00+05:30,3478.65,3478.65,3475.5,3476.5,225,
2024-03-15 10:28:00+05:30,3476.5,3477.15,3475,3476.3,241,
2024-03-15 10:29:00+05:30,3476.3,3477.8,3476.3,3476.5,25,
2024-03-15 10:30:00+05:30,3476.5,3477,3474.6,3476,253,
2024-03-15 10:31:00+05:30,3476,3478.95,3476,3478,135,
2024-03-15 10:32:00+05:30,3478,3479,3478,3478.05,15,
2024-03-15 10:33:00+05:30,3478.05,3479,3476,3476,151,
2024-03-15 10:34:00+05:30,3476,3477.25,3476,3476,25,
2024-03-15 10:35:00+05:30,3476,3477.8,3476,3476,79,
2024-03-15 10:36:00+05:30,3476.5,3478,3474.6,3476.55,155,
2024-03-15 10:37:00+05:30,3476.55,3479.6,3474.85,3475.05,1801,
2024-03-15 10:38:00+05:30,3475.05,3476.4,3475.05,3475.4,125,
2024-03-15 10:39:00+05:30,3476.35,3476.7,3475,3476.5,197,
2024-03-15 10:40:00+05:30,3475,3476.9,3475,3475.4,113,
2024-03-15 10:41:00+05:30,3475.4,3479.55,3475.4,3477,612,
2024-03-15 10:42:00+05:30,3477,3478.95,3476.05,3478,222,
2024-03-15 10:43:00+05:30,3478,3484.3,3478,3480.05,154,
2024-03-15 10:44:00+05:30,3480.05,3482.05,3477.9,3477.9,313,
2024-03-15 10:45:00+05:30,3477.9,3480.1,3477.85,3480.1,88,
2024-03-15 10:46:00+05:30,3480.1,3480.1,3478.85,3480.05,26,
2024-03-15 10:47:00+05:30,3480.05,3484.85,3480.05,3483.05,676,
2024-03-15 10:48:00+05:30,3483.05,3484.15,3482.1,3482.9,59,
2024-03-15 10:49:00+05:30,3482.9,3484.15,3481.55,3482.65,93,
2024-03-15 10:50:00+05:30,3482.9,3483.9,3482.9,3483.55,71,
2024-03-15 10:51:00+05:30,3483.55,3484,3483,3483,82,
2024-03-15 10:52:00+05:30,3482.3,3483.9,3481.05,3483.85,179,
2024-03-15 10:53:00+05:30,3483.85,3483.85,3482.05,3482.15,43,
2024-03-15 10:54:00+05:30,3483.2,3484.95,3483.2,3483.95,181,
2024-03-15 10:55:00+05:30,3483.95,3483.95,3481.7,3483,126,
2024-03-15 10:56:00+05:30,3483,3483,3478.1,3478.15,217,
2024-03-15 10:57:00+05:30,3478.15,3482,3478,3482,877,
2024-03-15 10:58:00+05:30,3482,3484.25,3479.45,3480.25,446,
2024-03-15 10:59:00+05:30,3480.25,3482.4,3480.15,3481.3,41,
2024-03-15 11:00:00+05:30,3481.3,3482.75,3479.05,3479.05,249,
2024-03-15 11:01:00+05:30,3480.9,3480.9,3478.05,3478.05,50,
2024-03-15 11:02:00+05:30,3478.05,3479.45,3477.85,3477.85,149,
2024-03-15 11:03:00+05:30,3477.85,3477.85,3475,3476.75,292,
2024-03-15 11:04:00+05:30,3476.75,3476.75,3474.5,3474.5,18,
2024-03-15 11:05:00+05:30,3474.5,3475.1,3473.15,3473.45,326,
2024-03-15 11:06:00+05:30,3473.45,3478,3473.05,3476,298,
2024-03-15 11:07:00+05:30,3476,3477.25,3475.35,3475.4,43,
2024-03-15 11:08:00+05:30,3475.4,3477.15,3473.5,3473.5,75,
2024-03-15 11:09:00+05:30,3473.5,3474.75,3470,3470,1297,
2024-03-15 11:10:00+05:30,3471.55,3471.8,3468.05,3471.8,1117,
2024-03-15 11:11:00+05:30,3471.8,3472.9,3470.1,3471.85,408,
2024-03-15 11:12:00+05:30,3471.85,3474,3471.05,3472,270,
2024-03-15 11:13:00+05:30,3472,3473.95,3471.05,3472.05,377,
2024-03-15 11:14:00+05:30,3472.05,3472.75,3470,3471.4,383,
2024-03-15 11:15:00+05:30,3471.4,3472,3471.25,3471.5,62,
2024-03-15 11:16:00+05:30,3471.5,3473.4,3471.4,3472.15,241,
2024-03-15 11:17:00+05:30,3472.15,3475.9,3472.15,3473.6,671,
2024-03-15 11:18:00+05:30,3473.6,3477.35,3473.6,3476.3,351,
2024-03-15 11:19:00+05:30,3476.3,3477.35,3475.45,3477.15,86,
2024-03-15 11:20:00+05:30,3477,3477,3475,3475.05,757,
2024-03-15 11:21:00+05:30,3475,3476.15,3475,3475.1,16,
2024-03-15 11:22:00+05:30,3476.7,3476.7,3473.2,3473.2,271,
2024-03-15 11:23:00+05:30,3473.2,3474.85,3472.5,3472.5,111,
2024-03-15 11:24:00+05:30,3472.5,3472.95,3471.4,3471.4,74,
2024-03-15 11:25:00+05:30,3471.4,3472.5,3470.5,3470.5,525,
2024-03-15 11:26:00+05:30,3470.5,3472.05,3470.5,3471.55,56,
2024-03-15 11:27:00+05:30,3472,3472,3469.1,3469.1,213,
2024-03-15 11:28:00+05:30,3469.1,3469.2,3468.1,3468.45,387,
2024-03-15 11:29:00+05:30,3470.2,3471.1,3468.25,3468.25,290,
2024-03-15 11:30:00+05:30,3468.25,3471.5,3468.25,3470.55,79,
2024-03-15 11:31:00+05:30,3470.55,3473,3470.55,3470.6,247,
2024-03-15 11:32:00+05:30,3473,3473,3470.35,3470.65,192,
2024-03-15 11:33:00+05:30,3470.65,3474.5,3470.65,3474.5,612,
2024-03-15 11:34:00+05:30,3474.5,3474.5,3471.45,3471.8,59,
2024-03-15 11:35:00+05:30,3471.8,3477.85,3471.8,3477,358,
2024-03-15 11:36:00+05:30,3477,3478.8,3477,3477,222,
2024-03-15 11:37:00+05:30,3477,3479.5,3476.9,3478.9,345,
2024-03-15 11:38:00+05:30,3478.9,3479.75,3477.65,3478.85,137,
2024-03-15 11:39:00+05:30,3478.85,3479.6,3478.75,3479.6,127,
2024-03-15 11:40:00+05:30,3479.6,3479.6,3476.2,3477.9,908,
2024-03-15 11:41:00+05:30,3477.9,3477.9,3471.3,3471.55,411,
2024-03-15 11:42:00+05:30,3471.55,3473.5,3470.7,3473.05,373,
2024-03-15 11:43:00+05:30,3473.05,3476.45,3473.05,3474.65,101,
2024-03-15 11:44:00+05:30,3474.65,3477.65,3474.65,3477.65,83,
2024-03-15 11:45:00+05:30,3477.65,3478,3476.05,3477.05,81,
2024-03-15 11:46:00+05:30,3477.05,3481.2,3477.05,3481.2,194,
2024-03-15 11:47:00+05:30,3481.2,3485.8,3480,3485.8,964,
2024-03-15 11:48:00+05:30,3485.8,3488.95,3484.6,3488.1,1560,
2024-03-15 11:49:00+05:30,3488.1,3489.8,3487.1,3487.15,348,
2024-03-15 11:50:00+05:30,3487.15,3488.65,3486.8,3487.05,200,
2024-03-15 11:51:00+05:30,3486.05,3487.45,3485.45,3485.45,913,
2024-03-15 11:52:00+05:30,3485.45,3487.2,3485.3,3486.4,283,
2024-03-15 11:53:00+05:30,3486.4,3488.8,3486.4,3487.5,31,
2024-03-15 11:54:00+05:30,3488.8,3488.8,3486.95,3486.95,319,
2024-03-15 11:55:00+05:30,3486.95,3488.8,3486.95,3488.8,228,
2024-03-15 11:56:00+05:30,3488.8,3488.8,3487.05,3487.05,179,
2024-03-15 11:57:00+05:30,3487.05,3487.3,3485.3,3485.6,756,
2024-03-15 11:58:00+05:30,3487.05,3489.3,3485.75,3488.6,469,
2024-03-15 11:59:00+05:30,3488.6,3489.95,3485.45,3487.2,1065,
2024-03-15 12:00:00+05:30,3487.2,3487.55,3484.35,3487.3,588,
2024-03-15 12:01:00+05:30,3487.3,3487.5,3484,3484,402,
2024-03-15 12:02:00+05:30,3485.25,3488.1,3483.1,3486.1,137,
2024-03-15 12:03:00+05:30,3486.1,3488.1,3486.1,3488,136,
2024-03-15 12:04:00+05:30,3488,3488,3485,3485.4,461,
2024-03-15 12:05:00+05:30,3486.7,3486.7,3484.65,3485.2,65,
2024-03-15 12:06:00+05:30,3485.2,3486.6,3483.95,3484.5,72,
2024-03-15 12:07:00+05:30,3484.5,3485.65,3483.45,3483.45,92,
2024-03-15 12:08:00+05:30,3483.45,3486.05,3483.45,3486.05,637,
2024-03-15 12:09:00+05:30,3486.05,3486.25,3483.25,3484.55,33,
2024-03-15 12:10:00+05:30,3484.55,3485.05,3481,3481,652,
2024-03-15 12:11:00+05:30,3481,3482,3480,3480,319,
2024-03-15 12:12:00+05:30,3479.95,3479.95,3478.05,3478.5,124,
2024-03-15 12:13:00+05:30,3478.5,3479.65,3475.05,3475.5,297,
2024-03-15 12:14:00+05:30,3475.5,3482.6,3475.5,3481.25,798,
2024-03-15 12:15:00+05:30,3482,3484.35,3481.9,3483.7,196,
2024-03-15 12:16:00+05:30,3483.7,3487.95,3483.65,3483.65,324,
2024-03-15 12:17:00+05:30,3483.65,3485.85,3482.65,3483.9,312,
2024-03-15 12:18:00+05:30,3483.9,3485.2,3481.55,3483.8,1284,
2024-03-15 12:19:00+05:30,3483.8,3484.85,3481.8,3481.8,379,
2024-03-15 12:20:00+05:30,3478.8,3481.35,3473.25,3473.25,3371,
2024-03-15 12:21:00+05:30,3473.25,3473.25,3467,3467.3,3593,
2024-03-15 12:22:00+05:30,3467.3,3468.15,3463,3464.15,3215,
2024-03-15 12:23:00+05:30,3462.05,3463.05,3457.05,3459.8,4166,
2024-03-15 12:24:00+05:30,3459.75,3460.95,3455.05,3457.2,3973,
2024-03-15 12:25:00+05:30,3457.2,3466.8,3457.05,3465.35,2341,
2024-03-15 12:26:00+05:30,3465.35,3465.35,3456.25,3459.05,4290,
2024-03-15 12:27:00+05:30,3459.05,3461.95,3456,3459.55,6927,
2024-03-15 12:28:00+05:30,3459.55,3459.85,3458,3458.15,261,
2024-03-15 12:29:00+05:30,3458.15,3460.35,3456.85,3458.25,1348,
2024-03-15 12:30:00+05:30,3458.25,3461,3456.45,3461,239,
2024-03-15 12:31:00+05:30,3461,3464,3461,3464,404,
2024-03-15 12:32:00+05:30,3464,3465.55,3462.8,3464.05,103,
2024-03-15 12:33:00+05:30,3465.2,3465.5,3464,3465.3,225,
2024-03-15 12:34:00+05:30,3465.3,3465.5,3460.7,3460.95,625,
2024-03-15 12:35:00+05:30,3460.95,3462.9,3460.8,3461.4,105,
2024-03-15 12:36:00+05:30,3461.4,3464.8,3461.4,3462.05,158,
2024-03-15 12:37:00+05:30,3462.05,3465.65,3461.55,3461.55,1310,
2024-03-15 12:38:00+05:30,3460.65,3463.05,3460.65,3461.2,177,
2024-03-15 12:39:00+05:30,3461.2,3463,3460.1,3462.65,236,
2024-03-15 12:40:00+05:30,3462.65,3464,3460.7,3463,846,
2024-03-15 12:41:00+05:30,3463,3463.9,3460,3463.9,683,
2024-03-15 12:42:00+05:30,3463.9,3464.05,3461.65,3462.35,25,
2024-03-15 12:43:00+05:30,3462.35,3463.65,3460,3460.95,91,
2024-03-15 12:44:00+05:30,3461.85,3462.95,3460,3462.95,229,
2024-03-15 12:45:00+05:30,3462.95,3462.95,3460.3,3460.3,573,
2024-03-15 12:46:00+05:30,3460.3,3461.85,3460.3,3460.7,629,
2024-03-15 12:47:00+05:30,3460.7,3461.7,3460.55,3460.6,50,
2024-03-15 12:48:00+05:30,3460.6,3464.85,3460.6,3464.85,570,
2024-03-15 12:49:00+05:30,3464.85,3466.15,3462.85,3465,230,
2024-03-15 12:50:00+05:30,3465,3466.05,3462.9,3463.95,468,
2024-03-15 12:51:00+05:30,3463.95,3469.65,3463.8,3468.05,480,
2024-03-15 12:52:00+05:30,3468.05,3471.2,3465.5,3469.15,810,
2024-03-15 12:53:00+05:30,3469.15,3472.1,3468.8,3470.65,799,
2024-03-15 12:54:00+05:30,3471.7,3471.95,3469.65,3471.95,266,
2024-03-15 12:55:00+05:30,3471.95,3472.3,3470.55,3472.3,285,
2024-03-15 12:56:00+05:30,3471.8,3475,3470.4,3472.6,460,
2024-03-15 12:57:00+05:30,3474,3474,3471.05,3472.85,252,
2024-03-15 12:58:00+05:30,3472.85,3477.25,3471.1,3476.5,523,
2024-03-15 12:59:00+05:30,3476.4,3478.9,3476.4,3478.8,515,
2024-03-15 13:00:00+05:30,3479,3479,3476.5,3476.5,104,
2024-03-15 13:01:00+05:30,3476.5,3477.3,3473.9,3473.9,527,
2024-03-15 13:02:00+05:30,3473.9,3473.9,3470.9,3470.9,673,
2024-03-15 13:03:00+05:30,3470.9,3472.25,3470.9,3472.25,89,
2024-03-15 13:04:00+05:30,3472.25,3477.8,3472.25,3477,2020,
2024-03-15 13:05:00+05:30,3477,3479,3477,3477.5,146,
2024-03-15 13:06:00+05:30,3477.5,3479,3477,3477,199,
2024-03-15 13:07:00+05:30,3477,3478.95,3476.05,3478.95,434,
2024-03-15 13:08:00+05:30,3478.8,3478.8,3475.75,3476.1,307,
2024-03-15 13:09:00+05:30,3476.1,3479.9,3476.1,3477.95,252,
2024-03-15 13:10:00+05:30,3477.95,3479.5,3477.85,3478.35,448,
2024-03-15 13:11:00+05:30,3478.35,3480.85,3478.35,3478.95,269,
2024-03-15 13:12:00+05:30,3478.95,3480.7,3478.9,3479.1,78,
2024-03-15 13:13:00+05:30,3479.1,3480,3478.3,3478.3,380,
2024-03-15 13:14:00+05:30,3478.3,3480.5,3477.9,3479.15,417,
2024-03-15 13:15:00+05:30,3479.15,3480.5,3478.9,3479.35,130,
2024-03-15 13:16:00+05:30,3479.35,3480.3,3477.1,3477.1,46,
2024-03-15 13:17:00+05:30,3477.1,3478.55,3475,3475,178,
2024-03-15 13:18:00+05:30,3475,3479.05,3475,3476.35,420,
2024-03-15 13:19:00+05:30,3476.35,3477.45,3476,3476,61,
2024-03-15 13:20:00+05:30,3477.05,3477.05,3474.05,3474.7,61,
2024-03-15 13:21:00+05:30,3474.7,3477.95,3474.65,3476.3,185,
2024-03-15 13:22:00+05:30,3476.3,3477.75,3475.25,3475.3,80,
2024-03-15 13:23:00+05:30,3476.9,3476.95,3475.35,3475.45,64,
2024-03-15 13:24:00+05:30,3476.65,3476.65,3475.35,3475.8,160,
2024-03-15 13:25:00+05:30,3475.8,3479.25,3474.65,3477.75,246,
2024-03-15 13:26:00+05:30,3477.75,3479.35,3475.8,3476.1,557,
2024-03-15 13:27:00+05:30,3477,3477,3475.8,3475.8,170,
2024-03-15 13:28:00+05:30,3475.8,3475.8,3473.55,3474,164,
2024-03-15 13:29:00+05:30,3474,3476.05,3472.95,3474.85,374,
2024-03-15 13:30:00+05:30,3474.85,3474.95,3471.4,3471.4,420,
2024-03-15 13:31:00+05:30,3471.4,3474.45,3471.25,3472.7,1260,
2024-03-15 13:32:00+05:30,3472.7,3474.9,3472.45,3473.2,418,
2024-03-15 13:33:00+05:30,3473.2,3476.4,3473.2,3475.35,228,
2024-03-15 13:34:00+05:30,3475.35,3476.65,3475.25,3475.25,160,
2024-03-15 13:35:00+05:30,3475.25,3476.35,3475.25,3475.4,112,
2024-03-15 13:36:00+05:30,3475.4,3481,3475.35,3481,434,
2024-03-15 13:37:00+05:30,3481,3482.35,3478.4,3478.75,605,
2024-03-15 13:38:00+05:30,3480,3481.75,3478.8,3481.75,143,
2024-03-15 13:39:00+05:30,3481.75,3483.35,3481.55,3483.35,415,
2024-03-15 13:40:00+05:30,3483.35,3483.35,3481,3481,456,
2024-03-15 13:41:00+05:30,3481,3482.75,3480.3,3481.1,355,
2024-03-15 13:42:00+05:30,3481.1,3482.4,3481,3481.25,85,
2024-03-15 13:43:00+05:30,3481.25,3483.8,3481.25,3483.8,221,
2024-03-15 13:44:00+05:30,3483.8,3485.75,3482.2,3482.2,670,
2024-03-15 13:45:00+05:30,3482.2,3485,3481.6,3483.15,370,
2024-03-15 13:46:00+05:30,3483.15,3486.4,3483.15,3484.55,302,
2024-03-15 13:47:00+05:30,3484.55,3485.7,3480.95,3480.95,118,
2024-03-15 13:48:00+05:30,3480,3482.5,3479.1,3482.5,471,
2024-03-15 13:49:00+05:30,3482.5,3482.5,3478,3478,1118,
2024-03-15 13:50:00+05:30,3478.45,3479.2,3477.55,3478.7,108,
2024-03-15 13:51:00+05:30,3478.7,3479.5,3478.6,3479.2,279,
2024-03-15 13:52:00+05:30,3479.2,3485.95,3479.2,3484.45,752,
2024-03-15 13:53:00+05:30,3484.45,3487,3484.45,3484.9,435,
2024-03-15 13:54:00+05:30,3485,3486.5,3484.1,3485.25,1727,
2024-03-15 13:55:00+05:30,3485.25,3485.25,3482.65,3485.25,214,
2024-03-15 13:56:00+05:30,3485.3,3485.3,3481.2,3482,268,
2024-03-15 13:57:00+05:30,3482,3482.8,3480.4,3482,210,
2024-03-15 13:58:00+05:30,3482,3482,3476.15,3476.35,176,
2024-03-15 13:59:00+05:30,3476.35,3477.5,3475.2,3476.6,412,
2024-03-15 14:00:00+05:30,3477.7,3480.15,3476.35,3478.4,142,
2024-03-15 14:01:00+05:30,3478.4,3481.2,3478.4,3478.9,79,
2024-03-15 14:02:00+05:30,3478.9,3478.9,3475.55,3476.55,213,
2024-03-15 14:03:00+05:30,3476.55,3479.1,3475.05,3476.4,266,
2024-03-15 14:04:00+05:30,3476.4,3476.4,3473.4,3474.1,201,
2024-03-15 14:05:00+05:30,3474.1,3476.15,3470.4,3471,1771,
2024-03-15 14:06:00+05:30,3471,3473.3,3468.4,3471.35,2864,
2024-03-15 14:07:00+05:30,3471.35,3473.25,3469.05,3471.75,442,
2024-03-15 14:08:00+05:30,3471.75,3474.95,3471.1,3473.45,196,
2024-03-15 14:09:00+05:30,3473.45,3474.45,3471.6,3472.3,376,
2024-03-15 14:10:00+05:30,3472.3,3474.9,3471.75,3471.9,362,
2024-03-15 14:11:00+05:30,3471.9,3474.45,3471.65,3472,132,
2024-03-15 14:12:00+05:30,3472,3472,3467.55,3467.55,2400,
2024-03-15 14:13:00+05:30,3467.55,3470.95,3467.2,3470.95,1131,
2024-03-15 14:14:00+05:30,3470.95,3474.45,3469.15,3469.55,735,
2024-03-15 14:15:00+05:30,3469.55,3472.65,3469.55,3472.65,260,
2024-03-15 14:16:00+05:30,3472.65,3473.9,3470.15,3473.9,393,
2024-03-15 14:17:00+05:30,3473.95,3475.55,3472.3,3474.65,959,
2024-03-15 14:18:00+05:30,3474.65,3479,3474.65,3479,852,
2024-03-15 14:19:00+05:30,3479,3479,3475.2,3475.2,540,
2024-03-15 14:20:00+05:30,3475.2,3476,3473.95,3475.5,494,
2024-03-15 14:21:00+05:30,3475.5,3476.5,3474.15,3475.4,125,
2024-03-15 14:22:00+05:30,3475.4,3477.7,3475.4,3476,503,
2024-03-15 14:23:00+05:30,3475.55,3477.15,3473,3475,388,
2024-03-15 14:24:00+05:30,3477.25,3477.5,3473.95,3476.05,430,
2024-03-15 14:25:00+05:30,3476.05,3476.95,3474.05,3474.7,337,
2024-03-15 14:26:00+05:30,3474.7,3478.2,3474.55,3476.5,244,
2024-03-15 14:27:00+05:30,3476.5,3478.1,3476.15,3477.7,711,
2024-03-15 14:28:00+05:30,3477.7,3477.7,3470.65,3472.7,2537,
2024-03-15 14:29:00+05:30,3472.7,3474.15,3471.55,3473.95,597,
2024-03-15 14:30:00+05:30,3473.95,3476.5,3472.75,3474.1,443,
2024-03-15 14:31:00+05:30,3474.1,3474.85,3473,3473,138,
2024-03-15 14:32:00+05:30,3474,3474,3471.95,3471.95,131,
2024-03-15 14:33:00+05:30,3471.95,3472.8,3470,3470.1,326,
2024-03-15 14:34:00+05:30,3471.35,3472.95,3470.1,3472.95,461,
2024-03-15 14:35:00+05:30,3472.95,3473,3470.45,3471.2,591,
2024-03-15 14:36:00+05:30,3471.15,3471.15,3469.4,3470.65,193,
2024-03-15 14:37:00+05:30,3470.65,3471.8,3470.35,3471.8,422,
2024-03-15 14:38:00+05:30,3471.8,3473,3471.8,3472.4,104,
2024-03-15 14:39:00+05:30,3472.4,3476.5,3472.4,3474.65,2181,
2024-03-15 14:40:00+05:30,3476.3,3477.75,3472.7,3472.7,3355,
2024-03-15 14:41:00+05:30,3472.5,3475,3471.95,3475,1341,
2024-03-15 14:42:00+05:30,3475,3475,3472.55,3475,655,
2024-03-15 14:43:00+05:30,3475,3475,3474.75,3475,197,
2024-03-15 14:44:00+05:30,3477.4,3478.85,3476,3478.85,921,
2024-03-15 14:45:00+05:30,3478.85,3478.85,3476.5,3477.8,189,
2024-03-15 14:46:00+05:30,3477.8,3478.05,3477,3477.7,150,
2024-03-15 14:47:00+05:30,3477.7,3479.5,3475.9,3479.5,871,
2024-03-15 14:48:00+05:30,3479.5,3479.5,3478.1,3479.5,339,
2024-03-15 14:49:00+05:30,3479.5,3479.5,3478.65,3478.95,73,
2024-03-15 14:50:00+05:30,3478.95,3479.45,3478.95,3479.3,153,
2024-03-15 14:51:00+05:30,3479.4,3481.5,3479.3,3481.35,886,
2024-03-15 14:52:00+05:30,3481.35,3483,3481.35,3482.85,573,
2024-03-15 14:53:00+05:30,3484.35,3486,3484.3,3485.8,371,
2024-03-15 14:54:00+05:30,3485.8,3485.8,3483.05,3485.55,440,
2024-03-15 14:55:00+05:30,3485.45,3485.75,3482.8,3484.75,408,
2024-03-15 14:56:00+05:30,3484.75,3485,3483.4,3483.7,169,
2024-03-15 14:57:00+05:30,3483.85,3485.9,3482.95,3484,451,
2024-03-15 14:58:00+05:30,3484.95,3485.15,3482.65,3485.15,268,
2024-03-15 14:59:00+05:30,3485.15,3487,3484.35,3487,443,
2024-03-15 15:00:00+05:30,3487,3487,3483.7,3486,10849,
2024-03-15 15:01:00+05:30,3486.05,3492.6,3486,3491.45,5660,
2024-03-15 15:02:00+05:30,3492.7,3492.75,3487.9,3487.9,3916,
2024-03-15 15:03:00+05:30,3488.5,3489.95,3487.95,3489.95,4082,
2024-03-15 15:04:00+05:30,3489.7,3493.95,3489.7,3493.45,2683,
2024-03-15 15:05:00+05:30,3493.95,3494.95,3492,3492,4868,
2024-03-15 15:06:00+05:30,3493.85,3493.85,3488.9,3491.15,4030,
2024-03-15 15:07:00+05:30,3490.35,3492,3488.95,3491.15,4038,
2024-03-15 15:08:00+05:30,3491.15,3491.9,3488.15,3488.95,3994,
2024-03-15 15:09:00+05:30,3488.95,3490.55,3488.95,3489,4780,
2024-03-15 15:10:00+05:30,3489,3490.3,3488.95,3488.95,5275,
2024-03-15 15:11:00+05:30,3489,3489,3488.85,3488.95,4271,
2024-03-15 15:12:00+05:30,3488.95,3489,3482.6,3482.6,5725,
2024-03-15 15:13:00+05:30,3482.1,3483.9,3475.1,3476.05,5721,
2024-03-15 15:14:00+05:30,3475,3480.4,3475,3478.5,5081,
2024-03-15 15:15:00+05:30,3478.2,3481.35,3475.85,3478.25,5127,
2024-03-15 15:16:00+05:30,3475.7,3486.1,3475.7,3481.8,5783,
2024-03-15 15:17:00+05:30,3481.8,3483.95,3481.8,3483.65,4650,
2024-03-15 15:18:00+05:30,3483.7,3487,3483.2,3486.5,4275,
2024-03-15 15:19:00+05:30,3486.45,3486.5,3481.35,3482.9,5350,
2024-03-15 15:20:00+05:30,3481.3,3483.3,3480,3482.35,5831,
2024-03-15 15:21:00+05:30,3482.3,3482.95,3478.85,3482.9,4410,
2024-03-15 15:22:00+05:30,3483.95,3483.95,3482.9,3483.2,5010,
2024-03-15 15:23:00+05:30,3483.8,3484.65,3480.3,3481.7,4480,
2024-03-15 15:24:00+05:30,3481.7,3482.7,3480.15,3481.7,4783,
2024-03-15 15:25:00+05:30,3480.1,3487.65,3480.1,3487.05,5414,
2024-03-15 15:26:00+05:30,3486.95,3488.15,3482,3482,3989,
2024-03-15 15:27:00+05:30,3481.55,3484.3,3478.6,3478.6,5185,
2024-03-15 15:28:00+05:30,3478.6,3487.7,3478.6,3484.85,4651,
2024-03-15 15:29:00+05:30,3484.1,3488.4,3480,3480,1133,
2024-03-18 09:15:00+05:30,3485.4,3504.65,3484.2,3489.85,2516,
2024-03-18 09:16:00+05:30,3489.85,3499.95,3489.85,3499.95,1049,
2024-03-18 09:17:00+05:30,3499.95,3502.9,3495.55,3499.8,1023,
2024-03-18 09:18:00+05:30,3497.55,3501,3496.4,3497.2,1593,
2024-03-18 09:19:00+05:30,3498,3502.7,3497,3499.1,1983,
2024-03-18 09:20:00+05:30,3499.05,3499.05,3493.2,3495.1,1570,
2024-03-18 09:21:00+05:30,3493.05,3493.05,3486.25,3486.9,1598,
2024-03-18 09:22:00+05:30,3486.9,3486.9,3476.55,3483.5,1395,
2024-03-18 09:23:00+05:30,3483.5,3483.5,3476,3476,2552,
2024-03-18 09:24:00+05:30,3476,3481,3475,3481,1179,
2024-03-18 09:25:00+05:30,3481,3490.3,3481,3490.3,88,
2024-03-18 09:26:00+05:30,3490.3,3492,3486.95,3490,602,
2024-03-18 09:27:00+05:30,3491.95,3494.5,3487.6,3490.6,1598,
2024-03-18 09:28:00+05:30,3490.6,3493.5,3490.6,3491.1,312,
2024-03-18 09:29:00+05:30,3491.1,3493.8,3491.1,3493.15,135,
2024-03-18 09:30:00+05:30,3493.15,3493.15,3489.5,3489.5,575,
2024-03-18 09:31:00+05:30,3489.5,3490.9,3488,3490.9,755,
2024-03-18 09:32:00+05:30,3490.9,3492.15,3490.05,3491.7,132,
2024-03-18 09:33:00+05:30,3491.7,3491.7,3482.2,3485.15,2135,
2024-03-18 09:34:00+05:30,3485.15,3485.25,3477.75,3477.75,1726,
2024-03-18 09:35:00+05:30,3477.75,3482.15,3477.75,3480.15,453,
2024-03-18 09:36:00+05:30,3480.15,3484.4,3480.15,3482.6,797,
2024-03-18 09:37:00+05:30,3482.6,3484.5,3481.95,3483.25,137,
2024-03-18 09:38:00+05:30,3483.25,3483.6,3483.15,3483.15,130,
2024-03-18 09:39:00+05:30,3483.15,3484.85,3478.6,3478.6,347,
2024-03-18 09:40:00+05:30,3478.6,3481.2,3477.35,3481.2,479,
2024-03-18 09:41:00+05:30,3481.2,3483.45,3481.2,3482.95,44,
2024-03-18 09:42:00+05:30,3482.95,3483.75,3482,3483.25,64,
2024-03-18 09:43:00+05:30,3483.25,3485,3483.05,3483.9,365,
2024-03-18 09:44:00+05:30,3483.9,3483.9,3481.05,3483.4,644,
2024-03-18 09:45:00+05:30,3483.4,3488.35,3483.3,3488.35,143,
2024-03-18 09:46:00+05:30,3488.35,3488.9,3487,3488.9,250,
2024-03-18 09:47:00+05:30,3488.9,3492.9,3488.75,3490.95,423,
2024-03-18 09:48:00+05:30,3491.15,3491.15,3485.85,3485.85,467,
2024-03-18 09:49:00+05:30,3485.85,3489.7,3485.85,3489.7,36,
2024-03-18 09:50:00+05:30,3489.7,3493,3488.7,3490.65,119,
2024-03-18 09:51:00+05:30,3490.65,3490.65,3487.7,3488.95,397,
2024-03-18 09:52:00+05:30,3488.85,3489.95,3486.95,3489.7,151,
2024-03-18 09:53:00+05:30,3489.7,3489.7,3487.3,3487.65,365,
2024-03-18 09:54:00+05:30,3487.65,3488.65,3483,3484.55,319,
2024-03-18 09:55:00+05:30,3484.55,3487.25,3483.8,3485.15,969,
2024-03-18 09:56:00+05:30,3485.15,3487.25,3484.35,3487.25,115,
2024-03-18 09:57:00+05:30,3487.25,3487.45,3487.1,3487.1,19,
2024-03-18 09:58:00+05:30,3487.1,3487.75,3486.95,3487.5,201,
2024-03-18 09:59:00+05:30,3487.75,3487.75,3482.65,3486.05,965,
2024-03-18 10:00:00+05:30,3486.05,3487.3,3484,3485.6,275,
2024-03-18 10:01:00+05:30,3485.6,3487.1,3485,3487,50,
2024-03-18 10:02:00+05:30,3487,3492,3487,3490.4,407,
2024-03-18 10:03:00+05:30,3490.4,3492.95,3490.4,3492,149,
2024-03-18 10:04:00+05:30,3492,3493,3488.95,3488.95,382,
2024-03-18 10:05:00+05:30,3488.95,3491.05,3488.95,3489.1,75,
2024-03-18 10:06:00+05:30,3489.3,3490.8,3489.3,3490.8,67,
2024-03-18 10:07:00+05:30,3490.35,3491.7,3490.25,3491.7,45,
2024-03-18 10:08:00+05:30,3491.7,3491.75,3489.95,3490,166,
2024-03-18 10:09:00+05:30,3490,3490,3485,3487.6,597,
2024-03-18 10:10:00+05:30,3487.6,3487.6,3484,3484.2,356,
2024-03-18 10:11:00+05:30,3484.2,3488.45,3484.2,3488.45,296,
2024-03-18 10:12:00+05:30,3488.45,3490.4,3486.05,3486.65,633,
2024-03-18 10:13:00+05:30,3486.65,3487.2,3485,3486.35,190,
2024-03-18 10:14:00+05:30,3486.35,3487.25,3485.6,3487.25,99,
2024-03-18 10:15:00+05:30,3487.25,3491.15,3486.35,3489.65,60,
2024-03-18 10:16:00+05:30,3489.65,3493.95,3489.65,3493.95,229,
2024-03-18 10:17:00+05:30,3493.9,3494.95,3492.3,3493.95,187,
2024-03-18 10:18:00+05:30,3493.7,3496,3493.7,3494.25,1461,
2024-03-18 10:19:00+05:30,3494.25,3495.5,3493.45,3494.95,295,
2024-03-18 10:20:00+05:30,3494.95,3494.95,3492.65,3494.1,278,
2024-03-18 10:21:00+05:30,3494.35,3494.9,3493,3494.9,156,
2024-03-18 10:22:00+05:30,3494.9,3494.95,3490.05,3492.8,850,
2024-03-18 10:23:00+05:30,3492.45,3494.15,3492.25,3494.15,108,
2024-03-18 10:24:00+05:30,3494.15,3494.15,3490.65,3492.9,351,
2024-03-18 10:25:00+05:30,3492.9,3492.9,3491.5,3492.9,81,
2024-03-18 10:26:00+05:30,3492.9,3493.85,3492.85,3493.8,256,
2024-03-18 10:27:00+05:30,3493.8,3493.8,3493.05,3493.8,64,
2024-03-18 10:28:00+05:30,3493.8,3493.8,3493.8,3493.8,63,
2024-03-18 10:29:00+05:30,3493.8,3494,3490.45,3493.5,538,
2024-03-18 10:30:00+05:30,3493.5,3494.55,3492.25,3494.55,456,
2024-03-18 10:31:00+05:30,3494.55,3494.55,3493.05,3493.05,192,
2024-03-18 10:32:00+05:30,3494.8,3495.1,3489.25,3489.25,1169,
2024-03-18 10:33:00+05:30,3489.25,3492.8,3489.25,3492.4,19,
2024-03-18 10:34:00+05:30,3492.4,3492.4,3489.5,3490.6,878,
2024-03-18 10:35:00+05:30,3490.6,3491.05,3489.3,3489.3,102,
2024-03-18 10:36:00+05:30,3489.3,3492.8,3489.3,3492.25,239,
2024-03-18 10:37:00+05:30,3492.25,3492.25,3490.05,3490.1,87,
2024-03-18 10:38:00+05:30,3490.1,3493.95,3490.05,3491.9,200,
2024-03-18 10:39:00+05:30,3491.9,3495.45,3491.9,3492.1,318,
2024-03-18 10:40:00+05:30,3492.1,3494.65,3492.1,3494.65,35,
2024-03-18 10:41:00+05:30,3494.65,3494.65,3490.2,3494.45,999,
2024-03-18 10:42:00+05:30,3494.45,3494.45,3492.85,3493.7,31,
2024-03-18 10:43:00+05:30,3493.7,3494.65,3492.85,3494.65,84,
2024-03-18 10:44:00+05:30,3494.65,3494.65,3492.95,3494.25,35,
2024-03-18 10:45:00+05:30,3494.25,3495.75,3493.7,3495.75,203,
2024-03-18 10:46:00+05:30,3495.75,3495.75,3494,3495.6,145,
2024-03-18 10:47:00+05:30,3495.6,3496.7,3494.05,3496.7,382,
2024-03-18 10:48:00+05:30,3496.25,3496.95,3491.45,3493.95,1391,
2024-03-18 10:49:00+05:30,3493.95,3497.25,3493.95,3497.25,429,
2024-03-18 10:50:00+05:30,3496.35,3498.35,3494.95,3498.3,1400,
2024-03-18 10:51:00+05:30,3498.3,3499,3497.95,3498.95,248,
2024-03-18 10:52:00+05:30,3498.95,3498.95,3498.6,3498.95,142,
2024-03-18 10:53:00+05:30,3498.95,3499.9,3498.6,3499.9,127,
2024-03-18 10:54:00+05:30,3499.9,3500,3497.9,3497.9,324,
2024-03-18 10:55:00+05:30,3497.9,3499.2,3494.8,3496.85,506,
2024-03-18 10:56:00+05:30,3496.85,3498,3496.75,3498,90,
2024-03-18 10:57:00+05:30,3498,3498,3492.85,3493.75,572,
2024-03-18 10:58:00+05:30,3493.75,3495.4,3492,3495.4,297,
2024-03-18 10:59:00+05:30,3495.4,3495.4,3491.35,3495.4,473,
2024-03-18 11:00:00+05:30,3495.4,3495.65,3493.9,3495.65,243,
2024-03-18 11:01:00+05:30,3495.65,3495.65,3493.2,3495.5,187,
2024-03-18 11:02:00+05:30,3495.5,3496,3493.55,3496,163,
2024-03-18 11:03:00+05:30,3496,3496.5,3495.65,3496.5,94,
2024-03-18 11:04:00+05:30,3496.5,3496.5,3492.65,3495.4,497,
2024-03-18 11:05:00+05:30,3495.4,3496,3493.25,3495.85,91,
2024-03-18 11:06:00+05:30,3495.85,3496.85,3494.65,3496.85,54,
2024-03-18 11:07:00+05:30,3496.85,3496.9,3495.05,3496.9,459,
2024-03-18 11:08:00+05:30,3496.95,3496.95,3494.8,3495.75,471,
2024-03-18 11:09:00+05:30,3495.75,3495.9,3492.8,3494.45,295,
2024-03-18 11:10:00+05:30,3494.45,3494.65,3490.35,3491.4,520,
2024-03-18 11:11:00+05:30,3491.4,3493.7,3491.4,3493.7,203,
2024-03-18 11:12:00+05:30,3493.7,3494.25,3491.1,3491.1,413,
2024-03-18 11:13:00+05:30,3491.1,3493.45,3490.35,3493.15,52,
2024-03-18 11:14:00+05:30,3493.15,3493.4,3492.25,3493.35,53,
2024-03-18 11:15:00+05:30,3493.35,3493.35,3486.95,3490.25,1953,
2024-03-18 11:16:00+05:30,3490.25,3495.25,3490.25,3493.2,1297,
2024-03-18 11:17:00+05:30,3493.2,3493.9,3490,3493.9,101,
2024-03-18 11:18:00+05:30,3493.9,3494.2,3492,3493.65,144,
2024-03-18 11:19:00+05:30,3493.65,3493.65,3491.65,3493.2,55,
2024-03-18 11:20:00+05:30,3493.2,3493.25,3492.3,3493.25,81,
2024-03-18 11:21:00+05:30,3493.25,3493.6,3491.7,3493.55,494,
2024-03-18 11:22:00+05:30,3493.55,3494,3493.55,3494,39,
2024-03-18 11:23:00+05:30,3494,3494,3492.75,3493.95,81,
2024-03-18 11:24:00+05:30,3494,3494.65,3489.7,3492.8,588,
2024-03-18 11:25:00+05:30,3492.8,3492.8,3490.9,3490.9,136,
2024-03-18 11:26:00+05:30,3490.9,3492.4,3490.9,3492.4,106,
2024-03-18 11:27:00+05:30,3492.5,3492.8,3491.6,3491.6,117,
2024-03-18 11:28:00+05:30,3491.6,3492.8,3491.6,3492.8,65,
2024-03-18 11:29:00+05:30,3492.8,3494.85,3492.8,3494.85,169,
2024-03-18 11:30:00+05:30,3494.85,3495,3493.35,3493.75,192,
2024-03-18 11:31:00+05:30,3493.75,3494.25,3493.75,3494.1,121,
2024-03-18 11:32:00+05:30,3494.1,3494.1,3491.05,3492.8,134,
2024-03-18 11:33:00+05:30,3492.8,3492.8,3490.35,3490.6,89,
2024-03-18 11:34:00+05:30,3490.6,3491.4,3489.25,3490.25,142,
2024-03-18 11:35:00+05:30,3490.25,3492.35,3487.25,3490.15,461,
2024-03-18 11:36:00+05:30,3490.15,3490.85,3488.45,3490.65,36,
2024-03-18 11:37:00+05:30,3490.65,3492.9,3490.65,3492.8,154,
2024-03-18 11:38:00+05:30,3492.8,3492.9,3491.2,3492.9,96,
2024-03-18 11:39:00+05:30,3492.9,3492.9,3489.55,3489.6,170,
2024-03-18 11:40:00+05:30,3489.6,3492.25,3489.6,3491.55,58,
2024-03-18 11:41:00+05:30,3489.6,3491.45,3488.65,3491.4,72,
2024-03-18 11:42:00+05:30,3491.4,3491.4,3489.25,3489.25,98,
2024-03-18 11:43:00+05:30,3489.25,3491,3489.25,3491,36,
2024-03-18 11:44:00+05:30,3491,3491,3490.05,3491,52,
2024-03-18 11:45:00+05:30,3491,3491,3490.05,3490.55,67,
2024-03-18 11:46:00+05:30,3490.55,3491.25,3490.15,3491.2,45,
2024-03-18 11:47:00+05:30,3491.2,3491.2,3488.15,3490.45,301,
2024-03-18 11:48:00+05:30,3490.45,3496.15,3488.75,3496,2525,
2024-03-18 11:49:00+05:30,3496,3496.9,3495,3496.9,207,
2024-03-18 11:50:00+05:30,3496.9,3504.7,3496.9,3503.85,1853,
2024-03-18 11:51:00+05:30,3503.85,3512,3503,3511.6,2686,
2024-03-18 11:52:00+05:30,3511.6,3514,3510.9,3512.95,336,
2024-03-18 11:53:00+05:30,3512.95,3512.95,3509.4,3511,467,
2024-03-18 11:54:00+05:30,3511,3511,3506.1,3507.7,1505,
2024-03-18 11:55:00+05:30,3507.7,3512,3507.7,3512,618,
2024-03-18 11:56:00+05:30,3512,3516.85,3510.85,3516,3927,
2024-03-18 11:57:00+05:30,3516,3516.4,3512.15,3512.15,1439,
2024-03-18 11:58:00+05:30,3512.15,3514.2,3512.15,3514.15,307,
2024-03-18 11:59:00+05:30,3513.95,3513.95,3512.5,3513.9,316,
2024-03-18 12:00:00+05:30,3513.9,3513.9,3507.35,3507.35,1013,
2024-03-18 12:01:00+05:30,3507.35,3511.5,3507.35,3510.95,87,
2024-03-18 12:02:00+05:30,3510.95,3510.95,3507.35,3509.95,352,
2024-03-18 12:03:00+05:30,3509.95,3510.95,3508.75,3508.75,287,
2024-03-18 12:04:00+05:30,3508.75,3510.95,3507.15,3510.15,345,
2024-03-18 12:05:00+05:30,3510.15,3510.55,3508,3509.95,96,
2024-03-18 12:06:00+05:30,3509.95,3510.3,3507.25,3508.5,337,
2024-03-18 12:07:00+05:30,3508.5,3510.15,3506.85,3510,408,
2024-03-18 12:08:00+05:30,3510,3510,3508.1,3510,88,
2024-03-18 12:09:00+05:30,3510,3510,3506,3509.95,396,
2024-03-18 12:10:00+05:30,3509.95,3510,3508.4,3509.9,130,
2024-03-18 12:11:00+05:30,3509.9,3510,3508.1,3510,199,
2024-03-18 12:12:00+05:30,3510,3510,3506.05,3506.05,255,
2024-03-18 12:13:00+05:30,3506.05,3507.9,3505.55,3507.5,301,
2024-03-18 12:14:00+05:30,3507.5,3509.05,3506.05,3508.85,97,
2024-03-18 12:15:00+05:30,3509.2,3509.4,3507.9,3509.4,89,
2024-03-18 12:16:00+05:30,3509.4,3509.5,3505.85,3505.85,377,
2024-03-18 12:17:00+05:30,3505.85,3508.15,3505.2,3508.15,336,
2024-03-18 12:18:00+05:30,3508.15,3508.15,3505.85,3506.65,315,
2024-03-18 12:19:00+05:30,3506.65,3508.15,3506.3,3508.15,57,
2024-03-18 12:20:00+05:30,3508.15,3509,3505.65,3507.9,370,
2024-03-18 12:21:00+05:30,3507.9,3507.9,3506,3506.6,142,
2024-03-18 12:22:00+05:30,3507.9,3508.55,3505.05,3507.6,431,
2024-03-18 12:23:00+05:30,3507.6,3508.5,3505.5,3508.4,192,
2024-03-18 12:24:00+05:30,3508.4,3510,3507.15,3508.6,125,
2024-03-18 12:25:00+05:30,3510,3515.45,3509.85,3515,635,
2024-03-18 12:26:00+05:30,3515,3517.15,3514.9,3517.15,525,
2024-03-18 12:27:00+05:30,3517.15,3520,3517.15,3517.85,684,
2024-03-18 12:28:00+05:30,3517.85,3519.15,3516.6,3518,121,
2024-03-18 12:29:00+05:30,3518,3520,3517.15,3518.6,824,
2024-03-18 12:30:00+05:30,3518.6,3519.95,3518,3518.2,535,
2024-03-18 12:31:00+05:30,3518.2,3520,3517.2,3519.1,479,
2024-03-18 12:32:00+05:30,3519.1,3519.25,3517.1,3518.9,96,
2024-03-18 12:33:00+05:30,3517.35,3518.9,3515.75,3515.75,151,
2024-03-18 12:34:00+05:30,3515.75,3518.1,3515.75,3515.9,181,
2024-03-18 12:35:00+05:30,3515.9,3516.5,3512.75,3512.95,346,
2024-03-18 12:36:00+05:30,3512.95,3515.3,3511.45,3514.95,164,
2024-03-18 12:37:00+05:30,3514.75,3514.95,3512.55,3514.1,279,
2024-03-18 12:38:00+05:30,3514.1,3515.3,3511.1,3512.9,459,
2024-03-18 12:39:00+05:30,3512.9,3512.9,3510.05,3512.75,107,
2024-03-18 12:40:00+05:30,3512.75,3512.9,3510.9,3511,101,
2024-03-18 12:41:00+05:30,3511,3512,3510,3511.95,294,
2024-03-18 12:42:00+05:30,3511.85,3512,3509.75,3512,199,
2024-03-18 12:43:00+05:30,3512,3512,3507.2,3507.2,334,
2024-03-18 12:44:00+05:30,3507.2,3510.65,3507.2,3508.55,158,
2024-03-18 12:45:00+05:30,3508.55,3510,3507.2,3508.75,110,
2024-03-18 12:46:00+05:30,3508.75,3510,3508.75,3510,313,
2024-03-18 12:47:00+05:30,3510,3510,3508.95,3510,152,
2024-03-18 12:48:00+05:30,3510,3510,3502.05,3504.7,1324,
2024-03-18 12:49:00+05:30,3504.9,3506,3504,3506,119,
2024-03-18 12:50:00+05:30,3506,3509.35,3504.35,3509.35,233,
2024-03-18 12:51:00+05:30,3507.4,3510,3507.4,3509.95,235,
2024-03-18 12:52:00+05:30,3509.95,3510,3508.35,3509.75,138,
2024-03-18 12:53:00+05:30,3509.75,3509.8,3508.25,3509.2,126,
2024-03-18 12:54:00+05:30,3507.9,3509.45,3506.05,3509.35,161,
2024-03-18 12:55:00+05:30,3507.75,3509.75,3507.75,3509.75,131,
2024-03-18 12:56:00+05:30,3509.75,3509.75,3503,3504.6,973,
2024-03-18 12:57:00+05:30,3504.6,3505,3502.95,3503.15,73,
2024-03-18 12:58:00+05:30,3503.15,3504.95,3502.3,3504.8,156,
2024-03-18 12:59:00+05:30,3504.8,3504.9,3503,3503.4,55,
2024-03-18 13:00:00+05:30,3504.9,3504.9,3502.5,3503.4,191,
2024-03-18 13:01:00+05:30,3503.4,3505.45,3503.4,3505.25,199,
2024-03-18 13:02:00+05:30,3505.5,3505.85,3502.9,3503.9,212,
2024-03-18 13:03:00+05:30,3502.3,3504,3501.05,3503.75,378,
2024-03-18 13:04:00+05:30,3503.75,3504.45,3502.1,3502.6,63,
2024-03-18 13:05:00+05:30,3504.45,3504.45,3502.6,3504.45,75,
2024-03-18 13:06:00+05:30,3504.45,3504.8,3500,3503.5,1152,
2024-03-18 13:07:00+05:30,3503.5,3503.5,3501.85,3503.35,84,
2024-03-18 13:08:00+05:30,3503.35,3505.2,3501.85,3504.9,93,
2024-03-18 13:09:00+05:30,3504.9,3505.7,3504.05,3504.25,267,
2024-03-18 13:10:00+05:30,3504.25,3505.8,3504.25,3505.75,191,
2024-03-18 13:11:00+05:30,3505.75,3506,3500.55,3502.85,821,
2024-03-18 13:12:00+05:30,3502.75,3504.15,3501.25,3504.15,205,
2024-03-18 13:13:00+05:30,3503.15,3505.7,3502.55,3503.5,502,
2024-03-18 13:14:00+05:30,3503.5,3505.5,3502.6,3505.45,108,
2024-03-18 13:15:00+05:30,3503.5,3505.8,3503.5,3504.5,135,
2024-03-18 13:16:00+05:30,3504.5,3510,3504.5,3510,666,
2024-03-18 13:17:00+05:30,3510.05,3510.7,3509.85,3510.7,199,
2024-03-18 13:18:00+05:30,3510.7,3510.75,3510.4,3510.7,136,
2024-03-18 13:19:00+05:30,3510.75,3510.85,3506.25,3509.45,563,
2024-03-18 13:20:00+05:30,3509.45,3509.45,3505.75,3505.8,63,
2024-03-18 13:21:00+05:30,3505.8,3505.8,3502.4,3504,469,
2024-03-18 13:22:00+05:30,3504,3505.8,3503.2,3505.8,115,
2024-03-18 13:23:00+05:30,3505.8,3505.8,3503.55,3505.8,527,
2024-03-18 13:24:00+05:30,3505.8,3505.9,3505.6,3505.7,139,
2024-03-18 13:25:00+05:30,3505.7,3505.8,3502.9,3505.8,131,
2024-03-18 13:26:00+05:30,3505.8,3505.8,3502.7,3504.95,425,
2024-03-18 13:27:00+05:30,3504.95,3505.75,3504.75,3505.1,97,
2024-03-18 13:28:00+05:30,3505.1,3505.75,3505.1,3505.75,109,
2024-03-18 13:29:00+05:30,3505.75,3505.8,3505.45,3505.8,263,
2024-03-18 13:30:00+05:30,3505.8,3511.4,3505.8,3510.3,1784,
2024-03-18 13:31:00+05:30,3510.3,3511.35,3510.2,3511.35,233,
2024-03-18 13:32:00+05:30,3511.35,3511.35,3510.3,3511.35,192,
2024-03-18 13:33:00+05:30,3510.4,3512.95,3510.4,3511.85,491,
2024-03-18 13:34:00+05:30,3508.25,3512,3508.25,3512,286,
2024-03-18 13:35:00+05:30,3512,3513.75,3510.6,3513.75,88,
2024-03-18 13:36:00+05:30,3513.75,3513.75,3510.1,3511.45,259,
2024-03-18 13:37:00+05:30,3511.4,3511.9,3506.4,3510.7,804,
2024-03-18 13:38:00+05:30,3511,3511.1,3508.35,3509.95,97,
2024-03-18 13:39:00+05:30,3510,3510.1,3509.1,3510.1,355,
2024-03-18 13:40:00+05:30,3510.1,3513.15,3510.1,3512.95,236,
2024-03-18 13:41:00+05:30,3513.25,3513.7,3512.05,3513.35,223,
2024-03-18 13:42:00+05:30,3513.35,3513.65,3512.25,3512.4,186,
2024-03-18 13:43:00+05:30,3512.4,3513.5,3507.9,3513.5,721,
2024-03-18 13:44:00+05:30,3513.5,3513.6,3512.5,3512.9,150,
2024-03-18 13:45:00+05:30,3513.1,3513.7,3511.05,3511.35,279,
2024-03-18 13:46:00+05:30,3511.35,3512.95,3504.7,3510.35,1296,
2024-03-18 13:47:00+05:30,3510.65,3511.45,3509.25,3509.25,159,
2024-03-18 13:48:00+05:30,3509.25,3510.9,3506.15,3508.85,401,
2024-03-18 13:49:00+05:30,3508.85,3511,3507.45,3511,90,
2024-03-18 13:50:00+05:30,3511,3511,3506,3510.8,1254,
2024-03-18 13:51:00+05:30,3510.8,3510.95,3508.05,3509.4,313,
2024-03-18 13:52:00+05:30,3509.45,3509.45,3505.1,3506.05,165,
2024-03-18 13:53:00+05:30,3506.05,3510.75,3506.05,3507.4,105,
2024-03-18 13:54:00+05:30,3507.4,3510.8,3507.4,3508.8,102,
2024-03-18 13:55:00+05:30,3508.8,3508.95,3508.8,3508.8,77,
2024-03-18 13:56:00+05:30,3508.8,3511.95,3508.8,3511.95,144,
2024-03-18 13:57:00+05:30,3511.95,3511.95,3507.8,3509.65,226,
2024-03-18 13:58:00+05:30,3509.65,3510.95,3508.3,3508.75,177,
2024-03-18 13:59:00+05:30,3508.75,3510.95,3508.25,3508.25,177,
2024-03-18 14:00:00+05:30,3508.25,3509.75,3508.1,3508.95,137,
2024-03-18 14:01:00+05:30,3508.95,3510.4,3508.95,3509.1,129,
2024-03-18 14:02:00+05:30,3510.35,3511,3509.05,3509.95,99,
2024-03-18 14:03:00+05:30,3509.95,3511,3509.95,3510.8,102,
2024-03-18 14:04:00+05:30,3510.8,3511.1,3508.85,3508.95,280,
2024-03-18 14:05:00+05:30,3508.95,3509.4,3507.05,3507.65,120,
2024-03-18 14:06:00+05:30,3507.65,3508.75,3507.65,3508.1,73,
2024-03-18 14:07:00+05:30,3508.7,3508.7,3506.85,3506.9,218,
2024-03-18 14:08:00+05:30,3506.9,3508,3506.9,3507,145,
2024-03-18 14:09:00+05:30,3507,3507.8,3507,3507.75,101,
2024-03-18 14:10:00+05:30,3507.75,3507.8,3504,3504.5,627,
2024-03-18 14:11:00+05:30,3504.5,3505,3503,3504.85,435,
2024-03-18 14:12:00+05:30,3504.85,3504.85,3502.2,3502.5,140,
2024-03-18 14:13:00+05:30,3503.85,3503.9,3502.4,3502.6,130,
2024-03-18 14:14:00+05:30,3502.6,3504.85,3502.6,3503.25,232,
2024-03-18 14:15:00+05:30,3503.25,3504.75,3503.1,3503.1,149,
2024-03-18 14:16:00+05:30,3503.1,3504.95,3503.1,3504.65,561,
2024-03-18 14:17:00+05:30,3505,3505,3503.45,3504.2,286,
2024-03-18 14:18:00+05:30,3504.2,3505,3503.7,3504.1,91,
2024-03-18 14:19:00+05:30,3504.1,3505,3504,3505,632,
2024-03-18 14:20:00+05:30,3505,3510.45,3504.95,3510.4,265,
2024-03-18 14:21:00+05:30,3510.4,3510.8,3506.05,3509.15,560,
2024-03-18 14:22:00+05:30,3509.95,3512.8,3509.15,3510,440,
2024-03-18 14:23:00+05:30,3510.05,3512.7,3509.15,3511.7,145,
2024-03-18 14:24:00+05:30,3510.2,3513,3510.2,3512,364,
2024-03-18 14:25:00+05:30,3512.95,3513,3510.1,3512.75,198,
2024-03-18 14:26:00+05:30,3512.75,3513,3511,3512.85,106,
2024-03-18 14:27:00+05:30,3512.8,3512.9,3509.15,3510.7,308,
2024-03-18 14:28:00+05:30,3510.7,3512.85,3510.7,3512.6,124,
2024-03-18 14:29:00+05:30,3512.6,3513,3509.25,3510.7,260,
2024-03-18 14:30:00+05:30,3510.7,3514.4,3510.4,3514.05,202,
2024-03-18 14:31:00+05:30,3514.05,3516.8,3514.05,3516.8,279,
2024-03-18 14:32:00+05:30,3516.8,3517,3513.5,3515,555,
2024-03-18 14:33:00+05:30,3515,3516.2,3513,3516.2,196,
2024-03-18 14:34:00+05:30,3516.2,3516.95,3513.7,3515.9,345,
2024-03-18 14:35:00+05:30,3515.9,3517.7,3513.25,3515.95,691,
2024-03-18 14:36:00+05:30,3515.95,3516,3514.05,3514.95,120,
2024-03-18 14:37:00+05:30,3514.95,3514.95,3514.3,3514.85,122,
2024-03-18 14:38:00+05:30,3514.85,3514.85,3512.85,3512.85,209,
2024-03-18 14:39:00+05:30,3512.85,3512.9,3510.15,3512.1,250,
2024-03-18 14:40:00+05:30,3512.7,3515.15,3512.15,3514.55,139,
2024-03-18 14:41:00+05:30,3514.55,3517,3514.55,3516.9,165,
2024-03-18 14:42:00+05:30,3516.9,3516.9,3510,3516.05,433,
2024-03-18 14:43:00+05:30,3516.05,3517,3511.15,3517,1018,
2024-03-18 14:44:00+05:30,3516,3517,3513.5,3513.5,199,
2024-03-18 14:45:00+05:30,3513.5,3516.6,3513.5,3516.15,367,
2024-03-18 14:46:00+05:30,3516.15,3516.9,3511.6,3515.2,153,
2024-03-18 14:47:00+05:30,3515.2,3516.75,3515,3516.05,470,
2024-03-18 14:48:00+05:30,3516.05,3517,3512.35,3514.6,902,
2024-03-18 14:49:00+05:30,3514.6,3515.45,3512.65,3515.15,171,
2024-03-18 14:50:00+05:30,3515.15,3516,3515,3515.9,111,
2024-03-18 14:51:00+05:30,3515.9,3516.7,3515,3516,188,
2024-03-18 14:52:00+05:30,3516.7,3516.8,3510.05,3512.75,661,
2024-03-18 14:53:00+05:30,3512.75,3514.5,3511.05,3514.5,270,
2024-03-18 14:54:00+05:30,3514.5,3514.6,3511.9,3511.95,389,
2024-03-18 14:55:00+05:30,3511.95,3513.65,3511.85,3513.25,330,
2024-03-18 14:56:00+05:30,3513.25,3513.25,3510,3512.4,424,
2024-03-18 14:57:00+05:30,3512.4,3512.4,3510.15,3511,259,
2024-03-18 14:58:00+05:30,3511,3513.9,3511,3513.2,273,
2024-03-18 14:59:00+05:30,3513.2,3515.5,3510.15,3515.3,638,
2024-03-18 15:00:00+05:30,3515.3,3515.95,3510.05,3510.05,1490,
2024-03-18 15:01:00+05:30,3510.05,3515.05,3510.05,3512.05,574,
2024-03-18 15:02:00+05:30,3512.05,3514.55,3510.75,3513.9,431,
2024-03-18 15:03:00+05:30,3513.7,3514.4,3510.25,3512.4,842,
2024-03-18 15:04:00+05:30,3510.7,3511.65,3507.8,3508.4,1017,
2024-03-18 15:05:00+05:30,3508.4,3512,3506.6,3512,919,
2024-03-18 15:06:00+05:30,3511.5,3511.5,3506.2,3510.45,898,
2024-03-18 15:07:00+05:30,3510.45,3510.5,3508,3508.35,709,
2024-03-18 15:08:00+05:30,3508.35,3508.7,3508.35,3508.65,547,
2024-03-18 15:09:00+05:30,3508.65,3511.6,3508.65,3511.45,915,
2024-03-18 15:10:00+05:30,3510.8,3513.6,3510.2,3513.5,865,
2024-03-18 15:11:00+05:30,3513.5,3513.55,3502.4,3503.8,3369,
2024-03-18 15:12:00+05:30,3503.8,3505.95,3503.65,3504.7,858,
2024-03-18 15:13:00+05:30,3505.05,3505.55,3504.75,3505.2,540,
2024-03-18 15:14:00+05:30,3505.25,3506.2,3503.9,3506.2,991,
2024-03-18 15:15:00+05:30,3506.2,3506.55,3503.4,3504,1129,
2024-03-18 15:16:00+05:30,3505.1,3506.45,3504.9,3506,648,
2024-03-18 15:17:00+05:30,3506.05,3506.5,3502,3506.45,830,
2024-03-18 15:18:00+05:30,3506.5,3508.95,3506.3,3507.45,1358,
2024-03-18 15:19:00+05:30,3507.45,3508.55,3506.95,3508,1146,
2024-03-18 15:20:00+05:30,3507.65,3507.65,3501.7,3501.7,4117,
2024-03-18 15:21:00+05:30,3501.7,3502.6,3499.7,3502.45,1270,
2024-03-18 15:22:00+05:30,3502.5,3503.2,3499.2,3503,947,
2024-03-18 15:23:00+05:30,3503,3503.2,3501.5,3502.25,616,
2024-03-18 15:24:00+05:30,3502.25,3505,3500.3,3505,1221,
2024-03-18 15:25:00+05:30,3505.25,3508.5,3505.25,3508.5,727,
2024-03-18 15:26:00+05:30,3508.35,3508.45,3504.85,3506,1198,
2024-03-18 15:27:00+05:30,3506,3506,3501.1,3504.25,1595,
2024-03-18 15:28:00+05:30,3505.3,3511.5,3504.05,3506,1891,
2024-03-18 15:29:00+05:30,3505.65,3509.9,3500,3509.9,726,
2024-03-19 09:15:00+05:30,3509.8,3514.95,3491.7,3498,1097,
2024-03-19 09:16:00+05:30,3498.35,3498.35,3491.05,3494.8,1175,
2024-03-19 09:17:00+05:30,3494.8,3498.25,3492.25,3494.7,974,
2024-03-19 09:18:00+05:30,3494.95,3497.15,3492.95,3496.5,336,
2024-03-19 09:19:00+05:30,3497.5,3502.4,3495.9,3496.05,1357,
2024-03-19 09:20:00+05:30,3496.05,3499.4,3493.25,3493.55,2433,
2024-03-19 09:21:00+05:30,3493.55,3497.8,3490.25,3490.5,527,
2024-03-19 09:22:00+05:30,3490.5,3492,3490.5,3491,359,
2024-03-19 09:23:00+05:30,3492,3495.15,3490.5,3493.7,618,
2024-03-19 09:24:00+05:30,3491.95,3496.6,3491.95,3493.5,176,
2024-03-19 09:25:00+05:30,3493.5,3495.2,3486.45,3486.45,968,
2024-03-19 09:26:00+05:30,3486.45,3491.2,3486.45,3489.9,612,
2024-03-19 09:27:00+05:30,3489.9,3491.8,3487.55,3487.55,891,
2024-03-19 09:28:00+05:30,3487.55,3487.55,3484.8,3486.8,484,
2024-03-19 09:29:00+05:30,3486.4,3487.8,3485.05,3487,312,
2024-03-19 09:30:00+05:30,3487,3491.75,3485.1,3489.6,504,
2024-03-19 09:31:00+05:30,3489.6,3491.45,3489.6,3491.4,77,
2024-03-19 09:32:00+05:30,3491.45,3498.35,3491.25,3495.9,336,
2024-03-19 09:33:00+05:30,3496.1,3497,3493.5,3493.8,468,
2024-03-19 09:34:00+05:30,3494.4,3498.65,3494.1,3497.15,492,
2024-03-19 09:35:00+05:30,3497.05,3498.4,3495,3495,135,
2024-03-19 09:36:00+05:30,3495,3496.1,3490,3491.35,334,
2024-03-19 09:37:00+05:30,3491.35,3492,3490.65,3490.85,162,
2024-03-19 09:38:00+05:30,3490.85,3493.75,3490.85,3491.4,89,
2024-03-19 09:39:00+05:30,3492.4,3492.4,3488.15,3488.15,245,
2024-03-19 09:40:00+05:30,3487.85,3488.75,3487.05,3487.4,168,
2024-03-19 09:41:00+05:30,3487.4,3488,3486.3,3486.3,271,
2024-03-19 09:42:00+05:30,3486.3,3488,3485.25,3485.45,241,
2024-03-19 09:43:00+05:30,3485.45,3490,3485.45,3488.95,363,
2024-03-19 09:44:00+05:30,3488.95,3492.85,3487.05,3491.15,341,
2024-03-19 09:45:00+05:30,3491.15,3491.8,3488.05,3488.45,283,
2024-03-19 09:46:00+05:30,3488.45,3490.9,3488.45,3489,162,
2024-03-19 09:47:00+05:30,3489,3491,3489,3489,88,
2024-03-19 09:48:00+05:30,3489,3489.95,3489,3489.95,32,
2024-03-19 09:49:00+05:30,3489.95,3490.2,3489,3489.55,571,
2024-03-19 09:50:00+05:30,3489.55,3491.25,3489.55,3490.2,44,
2024-03-19 09:51:00+05:30,3490.2,3490.2,3485,3485.05,311,
2024-03-19 09:52:00+05:30,3485.05,3489.25,3485.05,3487.5,392,
2024-03-19 09:53:00+05:30,3487.5,3488.75,3486.95,3486.95,20,
2024-03-19 09:54:00+05:30,3486.95,3489.45,3485.45,3485.65,306,
2024-03-19 09:55:00+05:30,3485.65,3485.95,3482.9,3483.2,1484,
2024-03-19 09:56:00+05:30,3483.2,3484.7,3482.35,3482.35,382,
2024-03-19 09:57:00+05:30,3482.35,3482.35,3476.8,3476.8,1244,
2024-03-19 09:58:00+05:30,3477.2,3477.2,3472,3474.5,1673,
2024-03-19 09:59:00+05:30,3474.5,3476.15,3472.1,3473,743,
2024-03-19 10:00:00+05:30,3473,3473.5,3470,3471,683,
2024-03-19 10:01:00+05:30,3471,3471,3466.65,3468.45,1039,
2024-03-19 10:02:00+05:30,3468.45,3470.4,3467.05,3467.85,550,
2024-03-19 10:03:00+05:30,3467.85,3469.1,3466.05,3466.2,833,
2024-03-19 10:04:00+05:30,3466.2,3468.25,3461,3461,807,
2024-03-19 10:05:00+05:30,3461,3463.25,3460.2,3462.6,592,
2024-03-19 10:06:00+05:30,3462.6,3465.5,3461.05,3462.7,437,
2024-03-19 10:07:00+05:30,3462.7,3463.3,3459.35,3460.7,2066,
2024-03-19 10:08:00+05:30,3460.7,3463.8,3458.8,3462.35,453,
2024-03-19 10:09:00+05:30,3462.35,3465,3460.25,3464.95,286,
2024-03-19 10:10:00+05:30,3464.95,3468.3,3463.1,3468.25,392,
2024-03-19 10:11:00+05:30,3468.25,3468.35,3464.9,3468.35,475,
2024-03-19 10:12:00+05:30,3468.35,3468.35,3465.05,3465.15,309,
2024-03-19 10:13:00+05:30,3465.15,3466.95,3464.75,3464.75,157,
2024-03-19 10:14:00+05:30,3464.75,3465.95,3464.05,3465.75,371,
2024-03-19 10:15:00+05:30,3465.75,3467,3464.05,3464.05,1825,
2024-03-19 10:16:00+05:30,3464.05,3464.95,3462,3462.8,186,
2024-03-19 10:17:00+05:30,3462.8,3476.65,3462.8,3476.65,2631,
2024-03-19 10:18:00+05:30,3476.65,3476.65,3466.1,3466.1,535,
2024-03-19 10:19:00+05:30,3466.1,3468.1,3465.4,3466.55,504,
2024-03-19 10:20:00+05:30,3467.2,3468,3464.25,3465.9,185,
2024-03-19 10:21:00+05:30,3465.9,3465.9,3464.3,3464.3,279,
2024-03-19 10:22:00+05:30,3464.3,3465.45,3460,3462.05,502,
2024-03-19 10:23:00+05:30,3462.05,3462.05,3460.1,3460.3,190,
2024-03-19 10:24:00+05:30,3460.3,3462,3460.3,3461.95,321,
2024-03-19 10:25:00+05:30,3461.95,3461.95,3459.2,3461.8,558,
2024-03-19 10:26:00+05:30,3461.8,3462.1,3459.2,3459.65,195,
2024-03-19 10:27:00+05:30,3459.65,3465.45,3459.65,3465.45,169,
2024-03-19 10:28:00+05:30,3465.45,3465.45,3460.15,3461.7,166,
2024-03-19 10:29:00+05:30,3461.7,3461.7,3460,3461.35,97,
2024-03-19 10:30:00+05:30,3461.35,3461.35,3459,3460.45,152,
2024-03-19 10:31:00+05:30,3460.45,3460.45,3458.45,3459.3,445,
2024-03-19 10:32:00+05:30,3458.8,3462,3458.2,3461.1,331,
2024-03-19 10:33:00+05:30,3461.1,3463.75,3460.35,3460.6,437,
2024-03-19 10:34:00+05:30,3460.6,3462.45,3460,3462.45,235,
2024-03-19 10:35:00+05:30,3462.45,3469.4,3462.45,3467.55,379,
2024-03-19 10:36:00+05:30,3467.55,3470.9,3464.8,3464.8,418,
2024-03-19 10:37:00+05:30,3464.8,3466.3,3463.2,3463.2,343,
2024-03-19 10:38:00+05:30,3463.2,3465.8,3462.6,3463.65,460,
2024-03-19 10:39:00+05:30,3463.65,3463.65,3460.55,3461.95,289,
2024-03-19 10:40:00+05:30,3461.95,3465,3461.3,3463.8,825,
2024-03-19 10:41:00+05:30,3463.8,3463.8,3460.7,3462.45,315,
2024-03-19 10:42:00+05:30,3462.45,3462.45,3460.35,3460.45,202,
2024-03-19 10:43:00+05:30,3460.45,3469.7,3460.45,3469.7,847,
2024-03-19 10:44:00+05:30,3469.7,3471.25,3468.05,3469.15,895,
2024-03-19 10:45:00+05:30,3469.15,3471,3469.15,3470,137,
2024-03-19 10:46:00+05:30,3470,3470.85,3470,3470.85,131,
2024-03-19 10:47:00+05:30,3470,3470.85,3469.5,3470.85,488,
2024-03-19 10:48:00+05:30,3470,3471,3469.5,3470,246,
2024-03-19 10:49:00+05:30,3470,3471,3469.6,3470,774,
2024-03-19 10:50:00+05:30,3470,3470.05,3469.5,3470,984,
2024-03-19 10:51:00+05:30,3470,3471.7,3469.5,3470.05,956,
2024-03-19 10:52:00+05:30,3470,3472.7,3469.55,3471.4,290,
2024-03-19 10:53:00+05:30,3471.4,3472.7,3470.5,3472.65,208,
2024-03-19 10:54:00+05:30,3472.65,3472.65,3469.15,3469.5,142,
2024-03-19 10:55:00+05:30,3469.5,3471.75,3469.5,3471.75,240,
2024-03-19 10:56:00+05:30,3472.7,3473.7,3470.05,3470.05,219,
2024-03-19 10:57:00+05:30,3470.05,3471.8,3470.05,3470.1,123,
2024-03-19 10:58:00+05:30,3471.35,3473,3470.65,3470.65,444,
2024-03-19 10:59:00+05:30,3470.65,3471.45,3468.55,3468.55,389,
2024-03-19 11:00:00+05:30,3468.55,3472.4,3468.55,3471.55,252,
2024-03-19 11:01:00+05:30,3471.55,3471.55,3468,3469.7,383,
2024-03-19 11:02:00+05:30,3469.7,3470.45,3468.05,3468.05,126,
2024-03-19 11:03:00+05:30,3468.05,3470.5,3467.6,3470.5,225,
2024-03-19 11:04:00+05:30,3470.5,3470.8,3468.3,3470.8,375,
2024-03-19 11:05:00+05:30,3470.8,3470.8,3468.05,3470,265,
2024-03-19 11:06:00+05:30,3470,3470.1,3467.7,3469.1,435,
2024-03-19 11:07:00+05:30,3469.1,3470.3,3468.05,3469.95,340,
2024-03-19 11:08:00+05:30,3469.95,3470.05,3467.8,3470,834,
2024-03-19 11:09:00+05:30,3470,3470.05,3468.4,3470,1391,
2024-03-19 11:10:00+05:30,3470,3470.05,3467.05,3467.05,421,
2024-03-19 11:11:00+05:30,3468.95,3470.4,3467.3,3470,686,
2024-03-19 11:12:00+05:30,3470,3470.45,3468.1,3469.95,278,
2024-03-19 11:13:00+05:30,3469.95,3470.15,3467,3467.8,945,
2024-03-19 11:14:00+05:30,3470,3471.8,3467.9,3470.05,280,
2024-03-19 11:15:00+05:30,3470.05,3471.8,3469.4,3469.4,109,
2024-03-19 11:16:00+05:30,3469.4,3471.3,3469.05,3469.05,128,
2024-03-19 11:17:00+05:30,3469.05,3470.8,3468.9,3468.9,211,
2024-03-19 11:18:00+05:30,3468.55,3471.9,3468.55,3471.05,357,
2024-03-19 11:19:00+05:30,3471.05,3472.05,3470.3,3471.9,152,
2024-03-19 11:20:00+05:30,3471.9,3471.9,3469.8,3471.65,98,
2024-03-19 11:21:00+05:30,3471.65,3471.65,3468.3,3470,360,
2024-03-19 11:22:00+05:30,3470,3471,3468.1,3469.05,437,
2024-03-19 11:23:00+05:30,3469.05,3471.7,3469.05,3470,101,
2024-03-19 11:24:00+05:30,3470,3470.05,3468.15,3468.55,186,
2024-03-19 11:25:00+05:30,3468.25,3470,3468.05,3469.8,434,
2024-03-19 11:26:00+05:30,3469.8,3470.45,3468.2,3468.2,360,
2024-03-19 11:27:00+05:30,3470,3470.85,3468.45,3468.9,109,
2024-03-19 11:28:00+05:30,3470.45,3470.9,3468.4,3468.4,152,
2024-03-19 11:29:00+05:30,3468.4,3470.5,3468,3469.4,108,
2024-03-19 11:30:00+05:30,3469.4,3470.9,3468,3468.3,11358,
2024-03-19 11:31:00+05:30,3468.3,3468.8,3467.2,3467.2,339,
2024-03-19 11:32:00+05:30,3467.2,3468.55,3467.2,3467.2,189,
2024-03-19 11:33:00+05:30,3467.2,3469.3,3467.2,3467.7,191,
2024-03-19 11:34:00+05:30,3468,3469.45,3467,3467,313,
2024-03-19 11:35:00+05:30,3467,3468.6,3466.9,3468,214,
2024-03-19 11:36:00+05:30,3468,3469.55,3467,3467,339,
2024-03-19 11:37:00+05:30,3467,3468.4,3467,3467,315,
2024-03-19 11:38:00+05:30,3467,3467.35,3464.2,3464.2,445,
2024-03-19 11:39:00+05:30,3464.2,3465,3463.1,3463.1,345,
2024-03-19 11:40:00+05:30,3463.1,3463.15,3462.2,3462.2,260,
2024-03-19 11:41:00+05:30,3462.2,3463.4,3461.15,3462.5,418,
2024-03-19 11:42:00+05:30,3462.5,3463.95,3461.6,3463.7,412,
2024-03-19 11:43:00+05:30,3463.7,3463.7,3461,3462.15,295,
2024-03-19 11:44:00+05:30,3462.15,3462.15,3456,3458,1702,
2024-03-19 11:45:00+05:30,3458,3459.9,3458,3458.6,180,
2024-03-19 11:46:00+05:30,3458.6,3462.3,3458.6,3462.3,134,
2024-03-19 11:47:00+05:30,3461,3462.9,3461,3462.9,383,
2024-03-19 11:48:00+05:30,3462.5,3464.6,3462.5,3462.65,237,
2024-03-19 11:49:00+05:30,3462.65,3465,3462.65,3465,248,
2024-03-19 11:50:00+05:30,3465,3465,3461.5,3463.35,1175,
2024-03-19 11:51:00+05:30,3463.35,3464.95,3463.3,3464.1,253,
2024-03-19 11:52:00+05:30,3463.25,3466.7,3463.25,3465.1,361,
2024-03-19 11:53:00+05:30,3465,3467,3462,3462,379,
2024-03-19 11:54:00+05:30,3462,3466,3462,3466,479,
2024-03-19 11:55:00+05:30,3466,3467.2,3464.5,3465.45,428,
2024-03-19 11:56:00+05:30,3467.7,3467.7,3465.85,3465.9,191,
2024-03-19 11:57:00+05:30,3465.9,3468,3465.9,3468,265,
2024-03-19 11:58:00+05:30,3468,3468,3465.9,3465.9,264,
2024-03-19 11:59:00+05:30,3465.9,3467.35,3463.25,3463.25,1243,
2024-03-19 12:00:00+05:30,3463.25,3463.65,3462.6,3462.6,177,
2024-03-19 12:01:00+05:30,3462.6,3464.35,3462.6,3464.35,280,
2024-03-19 12:02:00+05:30,3464.35,3465.3,3463.9,3464.25,192,
2024-03-19 12:03:00+05:30,3464.25,3467.4,3464,3466.4,277,
2024-03-19 12:04:00+05:30,3466.4,3467.8,3465.35,3465.35,270,
2024-03-19 12:05:00+05:30,3465.35,3467.25,3465.35,3465.35,89,
2024-03-19 12:06:00+05:30,3465.35,3466.4,3463.9,3464,381,
2024-03-19 12:07:00+05:30,3464,3465.9,3462.35,3465.9,329,
2024-03-19 12:08:00+05:30,3463.7,3465.65,3462.8,3462.8,266,
2024-03-19 12:09:00+05:30,3462.8,3464.1,3462.65,3462.65,159,
2024-03-19 12:10:00+05:30,3462.65,3463.6,3462.65,3462.65,200,
2024-03-19 12:11:00+05:30,3463.55,3463.6,3458.6,3458.65,838,
2024-03-19 12:12:00+05:30,3458.65,3458.7,3454.2,3454.2,1289,
2024-03-19 12:13:00+05:30,3454.2,3455,3453.15,3453.2,453,
2024-03-19 12:14:00+05:30,3453.2,3453.2,3452,3452,561,
2024-03-19 12:15:00+05:30,3452,3452.65,3452,3452,442,
2024-03-19 12:16:00+05:30,3452,3453.7,3452,3453.7,561,
2024-03-19 12:17:00+05:30,3453.65,3454.3,3451.85,3452.95,1073,
2024-03-19 12:18:00+05:30,3452.95,3454.6,3452.95,3454.6,204,
2024-03-19 12:19:00+05:30,3453,3455,3453,3453.25,322,
2024-03-19 12:20:00+05:30,3453.25,3455,3453.1,3453.1,372,
2024-03-19 12:21:00+05:30,3453.1,3454.75,3453,3453.2,348,
2024-03-19 12:22:00+05:30,3454,3458.55,3453.2,3457.95,441,
2024-03-19 12:23:00+05:30,3457.95,3458.8,3456.55,3457,581,
2024-03-19 12:24:00+05:30,3457,3457.1,3456.55,3457.1,309,
2024-03-19 12:25:00+05:30,3457.1,3457.1,3456.5,3456.5,325,
2024-03-19 12:26:00+05:30,3457.1,3457.65,3456,3456,330,
2024-03-19 12:27:00+05:30,3456,3458,3456,3456,613,
2024-03-19 12:28:00+05:30,3456.7,3456.7,3455.9,3455.9,411,
2024-03-19 12:29:00+05:30,3455.9,3455.9,3452.05,3452.55,700,
2024-03-19 12:30:00+05:30,3452.55,3452.55,3451.45,3451.55,581,
2024-03-19 12:31:00+05:30,3452.5,3455.2,3451.5,3453,285,
2024-03-19 12:32:00+05:30,3453,3455.35,3453,3453.65,616,
2024-03-19 12:33:00+05:30,3453.65,3455.35,3453.65,3453.65,201,
2024-03-19 12:34:00+05:30,3455,3455.95,3453.65,3453.65,200,
2024-03-19 12:35:00+05:30,3453.7,3455.95,3453.65,3453.65,438,
2024-03-19 12:36:00+05:30,3453.65,3456.1,3453.65,3454.05,255,
2024-03-19 12:37:00+05:30,3454.1,3456.25,3454.05,3454.2,285,
2024-03-19 12:38:00+05:30,3454.1,3458.8,3454.1,3458.05,1014,
2024-03-19 12:39:00+05:30,3458.05,3460.65,3455.05,3455.15,858,
2024-03-19 12:40:00+05:30,3456.85,3456.85,3449.05,3449.2,5587,
2024-03-19 12:41:00+05:30,3449.05,3449.1,3447.2,3447.2,1467,
2024-03-19 12:42:00+05:30,3447.5,3449,3447.25,3447.6,749,
2024-03-19 12:43:00+05:30,3447.6,3449.95,3446.2,3447.4,1191,
2024-03-19 12:44:00+05:30,3447.4,3448.95,3445.35,3446,569,
2024-03-19 12:45:00+05:30,3446,3447.7,3445.3,3447.7,411,
2024-03-19 12:46:00+05:30,3447.85,3449.95,3446.05,3448.1,627,
2024-03-19 12:47:00+05:30,3448.15,3450,3447,3447.2,1728,
2024-03-19 12:48:00+05:30,3447.2,3450,3447.2,3449.95,577,
2024-03-19 12:49:00+05:30,3450,3453,3449.95,3450.15,2261,
2024-03-19 12:50:00+05:30,3450.15,3452.8,3449.55,3452.2,394,
2024-03-19 12:51:00+05:30,3450.95,3452.95,3450.95,3452,314,
2024-03-19 12:52:00+05:30,3452.95,3453,3452,3452.6,604,
2024-03-19 12:53:00+05:30,3452.6,3453,3452.5,3452.85,193,
2024-03-19 12:54:00+05:30,3452.85,3453,3452,3452,754,
2024-03-19 12:55:00+05:30,3452.45,3452.5,3448.85,3448.9,671,
2024-03-19 12:56:00+05:30,3448.9,3450.15,3448,3448.2,321,
2024-03-19 12:57:00+05:30,3448.2,3450.05,3448.1,3448.5,140,
2024-03-19 12:58:00+05:30,3449.2,3452,3448.55,3450.2,227,
2024-03-19 12:59:00+05:30,3451.45,3451.5,3450.2,3451,159,
2024-03-19 13:00:00+05:30,3451,3452,3451,3451,244,
2024-03-19 13:01:00+05:30,3452,3452.95,3450.5,3451.3,2474,
2024-03-19 13:02:00+05:30,3451.35,3452.95,3447.9,3448.55,3701,
2024-03-19 13:03:00+05:30,3447.9,3449.05,3447.7,3448.55,516,
2024-03-19 13:04:00+05:30,3449.05,3449.95,3447.7,3448.05,1025,
2024-03-19 13:05:00+05:30,3448.05,3450,3448.05,3449.7,102,
2024-03-19 13:06:00+05:30,3450,3450,3448.15,3449.1,724,
2024-03-19 13:07:00+05:30,3449.7,3451.55,3449.05,3449.95,1404,
2024-03-19 13:08:00+05:30,3451.25,3451.85,3449.95,3450.8,200,
2024-03-19 13:09:00+05:30,3450.8,3451.65,3450.8,3451.65,87,
2024-03-19 13:10:00+05:30,3451.65,3451.65,3450,3450.05,70,
2024-03-19 13:11:00+05:30,3450,3451.5,3448.65,3449.2,731,
2024-03-19 13:12:00+05:30,3449.2,3451.5,3449.2,3451.5,507,
2024-03-19 13:13:00+05:30,3451.5,3452.95,3450,3452,84,
2024-03-19 13:14:00+05:30,3452,3453,3451,3451,485,
2024-03-19 13:15:00+05:30,3451.4,3451.4,3449.75,3449.8,94,
2024-03-19 13:16:00+05:30,3449.8,3451.2,3449.8,3451.1,89,
2024-03-19 13:17:00+05:30,3451.1,3451.2,3448.2,3449,692,
2024-03-19 13:18:00+05:30,3449,3450,3446.9,3446.9,1367,
2024-03-19 13:19:00+05:30,3446.9,3447.95,3445.3,3446,960,
2024-03-19 13:20:00+05:30,3447.95,3447.95,3445.4,3445.4,185,
2024-03-19 13:21:00+05:30,3445.4,3447.2,3445.3,3445.9,56,
2024-03-19 13:22:00+05:30,3446,3447.6,3445.2,3447,305,
2024-03-19 13:23:00+05:30,3447,3447.5,3445.25,3446.95,176,
2024-03-19 13:24:00+05:30,3446.95,3447,3446,3446.15,59,
2024-03-19 13:25:00+05:30,3446.6,3447,3443.2,3443.45,1231,
2024-03-19 13:26:00+05:30,3443,3443.55,3441.65,3443,665,
2024-03-19 13:27:00+05:30,3443,3443.55,3443,3443.2,72,
2024-03-19 13:28:00+05:30,3443.55,3446.6,3442.6,3442.6,1263,
2024-03-19 13:29:00+05:30,3442.6,3443,3437.7,3438.35,2533,
2024-03-19 13:30:00+05:30,3437.95,3439.85,3435.5,3436.75,2518,
2024-03-19 13:31:00+05:30,3438.1,3441.55,3436.75,3440,422,
2024-03-19 13:32:00+05:30,3440,3441.05,3436.05,3438,654,
2024-03-19 13:33:00+05:30,3438,3440.95,3437.5,3438.75,812,
2024-03-19 13:34:00+05:30,3440.4,3441.2,3437.85,3439.2,442,
2024-03-19 13:35:00+05:30,3439.2,3439.5,3437.5,3437.5,425,
2024-03-19 13:36:00+05:30,3437.5,3438.95,3437.5,3438.6,96,
2024-03-19 13:37:00+05:30,3438.95,3438.95,3436.65,3437.25,408,
2024-03-19 13:38:00+05:30,3437.25,3438.2,3436.65,3436.8,256,
2024-03-19 13:39:00+05:30,3436.8,3438.5,3436.65,3438.5,338,
2024-03-19 13:40:00+05:30,3438.5,3440.4,3436.5,3439.3,664,
2024-03-19 13:41:00+05:30,3439.3,3441.65,3437.15,3440.1,466,
2024-03-19 13:42:00+05:30,3440.1,3442.45,3439.85,3441.25,159,
2024-03-19 13:43:00+05:30,3442.45,3442.9,3441.25,3442.75,101,
2024-03-19 13:44:00+05:30,3442,3444.5,3440,3442.5,2630,
2024-03-19 13:45:00+05:30,3442.5,3444.1,3440,3442.35,203,
2024-03-19 13:46:00+05:30,3442.35,3443,3442,3442,122,
2024-03-19 13:47:00+05:30,3443,3443,3441,3441,112,
2024-03-19 13:48:00+05:30,3441,3443.8,3440.5,3440.5,726,
2024-03-19 13:49:00+05:30,3440.65,3444.65,3440.5,3443.5,180,
2024-03-19 13:50:00+05:30,3443.55,3444.65,3441,3441,1324,
2024-03-19 13:51:00+05:30,3441,3443.2,3441,3441.15,87,
2024-03-19 13:52:00+05:30,3443.1,3444.1,3441.15,3441.15,277,
2024-03-19 13:53:00+05:30,3441.15,3442.95,3441.15,3442,169,
2024-03-19 13:54:00+05:30,3442,3442.9,3441.6,3441.65,112,
2024-03-19 13:55:00+05:30,3442.85,3442.9,3432,3432.25,5029,
2024-03-19 13:56:00+05:30,3432.25,3432.25,3430.3,3430.85,1369,
2024-03-19 13:57:00+05:30,3430.85,3432.3,3430.6,3432,329,
2024-03-19 13:58:00+05:30,3432,3432.95,3430.75,3431,287,
2024-03-19 13:59:00+05:30,3430.9,3432.3,3428.55,3428.75,1540,
2024-03-19 14:00:00+05:30,3428.55,3430.35,3425.7,3426.65,2013,
2024-03-19 14:01:00+05:30,3427,3427,3422.05,3426,1975,
2024-03-19 14:02:00+05:30,3426,3427.25,3424.15,3425.2,1890,
2024-03-19 14:03:00+05:30,3427,3428.45,3425.1,3426.05,174,
2024-03-19 14:04:00+05:30,3426.1,3428.95,3426,3427.6,284,
2024-03-19 14:05:00+05:30,3427.6,3429.9,3427.6,3429,661,
2024-03-19 14:06:00+05:30,3429,3430,3427.6,3429,179,
2024-03-19 14:07:00+05:30,3429.95,3435.7,3429,3431.25,890,
2024-03-19 14:08:00+05:30,3431.8,3435.7,3431.25,3431.75,1198,
2024-03-19 14:09:00+05:30,3431.75,3433.9,3429.15,3432.75,1614,
2024-03-19 14:10:00+05:30,3432.75,3433.75,3429.95,3429.95,470,
2024-03-19 14:11:00+05:30,3429.95,3433.1,3428.35,3428.6,924,
2024-03-19 14:12:00+05:30,3428.6,3430,3428.35,3428.35,164,
2024-03-19 14:13:00+05:30,3428.35,3430.35,3428.25,3429.75,173,
2024-03-19 14:14:00+05:30,3429.75,3430.45,3428.85,3430.2,155,
2024-03-19 14:15:00+05:30,3430.3,3432.25,3430,3430.45,153,
2024-03-19 14:16:00+05:30,3431.2,3431.5,3428.2,3428.2,351,
2024-03-19 14:17:00+05:30,3428.2,3428.2,3424.05,3424.55,1690,
2024-03-19 14:18:00+05:30,3424.6,3425.95,3423.6,3424.55,376,
2024-03-19 14:19:00+05:30,3423.8,3428.1,3423.6,3427,452,
2024-03-19 14:20:00+05:30,3428.1,3429.95,3427,3428.15,208,
2024-03-19 14:21:00+05:30,3428.15,3430.3,3428.05,3428.8,223,
2024-03-19 14:22:00+05:30,3430.25,3431,3427.05,3428.05,470,
2024-03-19 14:23:00+05:30,3428.05,3431.35,3427.55,3430.75,859,
2024-03-19 14:24:00+05:30,3430.75,3435,3429.75,3434,1317,
2024-03-19 14:25:00+05:30,3434,3434.6,3431.6,3434.2,625,
2024-03-19 14:26:00+05:30,3434,3434.85,3430,3431.85,2998,
2024-03-19 14:27:00+05:30,3433.5,3433.5,3431.25,3431.25,570,
2024-03-19 14:28:00+05:30,3431.4,3432.85,3430,3430.15,655,
2024-03-19 14:29:00+05:30,3430.15,3431.65,3428.2,3430.55,852,
2024-03-19 14:30:00+05:30,3430.95,3435.7,3430.2,3435.7,346,
2024-03-19 14:31:00+05:30,3435.05,3439.2,3432.9,3437.1,2506,
2024-03-19 14:32:00+05:30,3436.95,3441,3436.7,3439.35,1546,
2024-03-19 14:33:00+05:30,3439.3,3441.7,3439.3,3440.55,685,
2024-03-19 14:34:00+05:30,3440.95,3443.2,3440.55,3442.05,1789,
2024-03-19 14:35:00+05:30,3442.05,3442.05,3440,3440,1767,
2024-03-19 14:36:00+05:30,3440,3443.7,3440,3443.3,323,
2024-03-19 14:37:00+05:30,3443.7,3445,3443.3,3444.65,1412,
2024-03-19 14:38:00+05:30,3444.65,3446.8,3443.35,3445.85,1818,
2024-03-19 14:39:00+05:30,3445.5,3445.5,3440.25,3441.65,2073,
2024-03-19 14:40:00+05:30,3443.3,3445.45,3442.5,3444,611,
2024-03-19 14:41:00+05:30,3444,3446,3444,3445.25,1984,
2024-03-19 14:42:00+05:30,3445.25,3446.8,3444.95,3444.95,1541,
2024-03-19 14:43:00+05:30,3444.95,3445.95,3444.95,3445,1198,
2024-03-19 14:44:00+05:30,3445.05,3447.7,3444.95,3445.8,1852,
2024-03-19 14:45:00+05:30,3444.95,3446.95,3444.75,3446,813,
2024-03-19 14:46:00+05:30,3445.95,3447.55,3444.75,3445.9,1225,
2024-03-19 14:47:00+05:30,3445.9,3448.7,3445.1,3445.55,1410,
2024-03-19 14:48:00+05:30,3445.55,3448.65,3445.55,3448.65,1508,
2024-03-19 14:49:00+05:30,3446.35,3448.3,3443.15,3444.35,1602,
2024-03-19 14:50:00+05:30,3443.6,3446.95,3443.6,3444.8,1235,
2024-03-19 14:51:00+05:30,3444.8,3450,3444.8,3450,1342,
2024-03-19 14:52:00+05:30,3448.7,3450,3448.7,3448.7,2510,
2024-03-19 14:53:00+05:30,3448.7,3450,3448.7,3449.9,1119,
2024-03-19 14:54:00+05:30,3449.9,3451,3449.15,3449.2,1623,
2024-03-19 14:55:00+05:30,3450.6,3451,3449.75,3450,1414,
2024-03-19 14:56:00+05:30,3450,3451,3447.95,3448,1644,
2024-03-19 14:57:00+05:30,3448.95,3449.55,3448,3449,1058,
2024-03-19 14:58:00+05:30,3449.95,3451,3448.9,3451,1330,
2024-03-19 14:59:00+05:30,3451,3451,3445.3,3449.05,2525,
2024-03-19 15:00:00+05:30,3449.05,3450,3445.6,3445.9,1710,
2024-03-19 15:01:00+05:30,3446.95,3447.9,3442.2,3442.2,2419,
2024-03-19 15:02:00+05:30,3442.55,3448,3442.35,3447.85,3026,
2024-03-19 15:03:00+05:30,3447.85,3448.9,3447.2,3448.5,7551,
2024-03-19 15:04:00+05:30,3448.55,3448.95,3448.4,3448.55,6110,
2024-03-19 15:05:00+05:30,3448.75,3449,3448.4,3449,5483,
2024-03-19 15:06:00+05:30,3449,3449.05,3447.7,3449,27914,
2024-03-19 15:07:00+05:30,3449,3449.05,3440.05,3440.75,5092,
2024-03-19 15:08:00+05:30,3440.75,3444.8,3440.5,3440.6,2002,
2024-03-19 15:09:00+05:30,3440.6,3443.3,3440.5,3443.25,17748,
2024-03-19 15:10:00+05:30,3443.3,3445.15,3442.2,3444.75,15398,
2024-03-19 15:11:00+05:30,3444.9,3447.55,3443.4,3447.45,11209,
2024-03-19 15:12:00+05:30,3447.45,3447.55,3446.45,3447.5,19754,
2024-03-19 15:13:00+05:30,3447.5,3448,3446.65,3447.55,16831,
2024-03-19 15:14:00+05:30,3448.7,3448.7,3445.1,3447.35,7240,
2024-03-19 15:15:00+05:30,3447.35,3450.55,3447.35,3450.5,2576,
2024-03-19 15:16:00+05:30,3450.5,3452,3450,3451.8,2755,
2024-03-19 15:17:00+05:30,3451.4,3452.8,3450,3450,43862,
2024-03-19 15:18:00+05:30,3450,3450.75,3449.45,3450,37823,
2024-03-19 15:19:00+05:30,3450.1,3450.1,3440,3440,24846,
2024-03-19 15:20:00+05:30,3441.05,3443,3439.75,3439.75,3984,
2024-03-19 15:21:00+05:30,3439.75,3441.7,3439.75,3440.3,1521,
2024-03-19 15:22:00+05:30,3440.3,3444.9,3440.3,3442.55,1638,
2024-03-19 15:23:00+05:30,3442.55,3447.5,3442.55,3446.6,2606,
2024-03-19 15:24:00+05:30,3446.8,3446.85,3441.05,3443.5,2185,
2024-03-19 15:25:00+05:30,3444.3,3444.3,3440,3440.35,3181,
2024-03-19 15:26:00+05:30,3440.35,3441.9,3439.2,3440.6,2582,
2024-03-19 15:27:00+05:30,3440.8,3441.85,3439.2,3440.2,1635,
2024-03-19 15:28:00+05:30,3440.2,3445.95,3439.05,3439.05,4662,
2024-03-19 15:29:00+05:30,3439.05,3447,3437.2,3437.2,1649,
2024-03-20 09:15:00+05:30,3447.15,3453.15,3444.2,3449.65,2103,
2024-03-20 09:16:00+05:30,3450,3460,3449.85,3454.35,3043,
2024-03-20 09:17:00+05:30,3454.35,3456.8,3451.55,3453.55,1576,
2024-03-20 09:18:00+05:30,3453.75,3454.25,3450.6,3453.65,512,
2024-03-20 09:19:00+05:30,3453.65,3458.45,3453.65,3458.45,115,
2024-03-20 09:20:00+05:30,3459.4,3459.45,3455,3455,430,
2024-03-20 09:21:00+05:30,3454,3454,3440,3440.15,1563,
2024-03-20 09:22:00+05:30,3442,3442.1,3436.55,3439.75,3477,
2024-03-20 09:23:00+05:30,3439.75,3442.2,3439.45,3441.2,2135,
2024-03-20 09:24:00+05:30,3441.2,3442.2,3440,3441.9,383,
2024-03-20 09:25:00+05:30,3440.6,3440.6,3437.5,3438,577,
2024-03-20 09:26:00+05:30,3438,3440.15,3437.8,3439.1,178,
2024-03-20 09:27:00+05:30,3439.1,3439.1,3435,3436,1291,
2024-03-20 09:28:00+05:30,3436,3436,3428.1,3428.1,2399,
2024-03-20 09:29:00+05:30,3428.1,3429.15,3425.3,3427.4,887,
2024-03-20 09:30:00+05:30,3427.4,3428.35,3420.1,3421,1410,
2024-03-20 09:31:00+05:30,3421,3422.35,3418.75,3419.95,1261,
2024-03-20 09:32:00+05:30,3419.95,3419.95,3412,3414.95,1271,
2024-03-20 09:33:00+05:30,3414.8,3418,3413.45,3414,499,
2024-03-20 09:34:00+05:30,3414,3414,3401.15,3404.6,11005,
2024-03-20 09:35:00+05:30,3404.55,3405.95,3400.15,3402.95,2264,
2024-03-20 09:36:00+05:30,3402.95,3404.6,3401.9,3401.9,932,
2024-03-20 09:37:00+05:30,3404,3409.75,3402,3404.25,1404,
2024-03-20 09:38:00+05:30,3404.25,3407,3404.25,3406.55,284,
2024-03-20 09:39:00+05:30,3407,3412.45,3406.55,3411.65,372,
2024-03-20 09:40:00+05:30,3410.05,3412.4,3407.1,3410.75,724,
2024-03-20 09:41:00+05:30,3410.75,3413.45,3410.05,3413.45,317,
2024-03-20 09:42:00+05:30,3413.45,3413.45,3411.85,3412.05,258,
2024-03-20 09:43:00+05:30,3412.05,3413.4,3410,3410.65,527,
2024-03-20 09:44:00+05:30,3410.65,3410.95,3403.1,3403.5,753,
2024-03-20 09:45:00+05:30,3404.8,3405.6,3403.05,3404.85,449,
2024-03-20 09:46:00+05:30,3404.85,3404.85,3403,3403.05,285,
2024-03-20 09:47:00+05:30,3403.05,3404.8,3403,3404,249,
2024-03-20 09:48:00+05:30,3404,3407.3,3404,3405.8,1095,
2024-03-20 09:49:00+05:30,3405.8,3409.3,3405,3409.3,665,
2024-03-20 09:50:00+05:30,3409.3,3412,3409,3411.75,498,
2024-03-20 09:51:00+05:30,3411.75,3411.75,3409.75,3410.5,517,
2024-03-20 09:52:00+05:30,3410.5,3413.2,3409.65,3412.65,420,
2024-03-20 09:53:00+05:30,3413.05,3413.05,3407.9,3410.95,1441,
2024-03-20 09:54:00+05:30,3410.9,3410.9,3405,3405,419,
2024-03-20 09:55:00+05:30,3405,3407.25,3405,3407.25,384,
2024-03-20 09:56:00+05:30,3406.8,3408.75,3406.8,3408.75,132,
2024-03-20 09:57:00+05:30,3408.75,3411.25,3408.5,3410.1,1722,
2024-03-20 09:58:00+05:30,3410.1,3411.95,3410,3410,339,
2024-03-20 09:59:00+05:30,3411.9,3411.9,3408.95,3411,1159,
2024-03-20 10:00:00+05:30,3411.25,3415.45,3410,3414.25,1965,
2024-03-20 10:01:00+05:30,3414.25,3414.25,3407.05,3410.2,5008,
2024-03-20 10:02:00+05:30,3410.2,3411.95,3410,3411.85,909,
2024-03-20 10:03:00+05:30,3411.85,3414.85,3411.2,3413,550,
2024-03-20 10:04:00+05:30,3411.35,3415,3410.8,3413.95,539,
2024-03-20 10:05:00+05:30,3413.95,3413.95,3410.8,3411.9,366,
2024-03-20 10:06:00+05:30,3411.9,3414,3411.35,3413.55,799,
2024-03-20 10:07:00+05:30,3413.5,3413.55,3409.25,3409.25,335,
2024-03-20 10:08:00+05:30,3409.25,3412.85,3407.7,3410.9,505,
2024-03-20 10:09:00+05:30,3410.9,3410.95,3408.55,3409.85,214,
2024-03-20 10:10:00+05:30,3409.85,3411.6,3408.1,3409.05,282,
2024-03-20 10:11:00+05:30,3409.05,3409.05,3405.55,3407.7,1027,
2024-03-20 10:12:00+05:30,3407.7,3409,3406.15,3408.05,826,
2024-03-20 10:13:00+05:30,3408.05,3409,3406,3406.6,1110,
2024-03-20 10:14:00+05:30,3406.6,3407.25,3405,3406.8,973,
2024-03-20 10:15:00+05:30,3406.4,3406.5,3405,3406.35,386,
2024-03-20 10:16:00+05:30,3406.35,3406.35,3404.55,3406.1,501,
2024-03-20 10:17:00+05:30,3406.1,3406.5,3402.3,3402.65,1097,
2024-03-20 10:18:00+05:30,3402.65,3404,3402,3403.65,435,
2024-03-20 10:19:00+05:30,3403.65,3406.15,3403,3405.85,567,
2024-03-20 10:20:00+05:30,3405.85,3407,3404.65,3405.95,479,
2024-03-20 10:21:00+05:30,3405.9,3406.55,3403.4,3403.85,556,
2024-03-20 10:22:00+05:30,3403.85,3404,3402,3403,607,
2024-03-20 10:23:00+05:30,3398.95,3405.95,3397.15,3405.95,4957,
2024-03-20 10:24:00+05:30,3405.95,3407.05,3404.6,3407,372,
2024-03-20 10:25:00+05:30,3407,3410.4,3405.65,3410.4,943,
2024-03-20 10:26:00+05:30,3410.4,3412.3,3409,3412.3,654,
2024-03-20 10:27:00+05:30,3412.3,3418.95,3412.3,3418.2,2166,
2024-03-20 10:28:00+05:30,3418.2,3419.85,3417.05,3418.75,738,
2024-03-20 10:29:00+05:30,3418.75,3418.75,3415.65,3416.35,254,
2024-03-20 10:30:00+05:30,3416.35,3417.9,3415.55,3416.55,431,
2024-03-20 10:31:00+05:30,3416.5,3417.9,3416.25,3417.9,162,
2024-03-20 10:32:00+05:30,3417.9,3421.6,3416.25,3421.6,976,
2024-03-20 10:33:00+05:30,3421.6,3423.35,3420.75,3423,358,
2024-03-20 10:34:00+05:30,3423,3425.7,3421.1,3423.9,1968,
2024-03-20 10:35:00+05:30,3423.9,3425.05,3423,3425.05,443,
2024-03-20 10:36:00+05:30,3425.05,3426.3,3423.7,3425,2075,
2024-03-20 10:37:00+05:30,3425,3431.25,3425,3431.05,2101,
2024-03-20 10:38:00+05:30,3431.05,3432,3429.3,3430,545,
2024-03-20 10:39:00+05:30,3430,3431,3430,3430.95,102,
2024-03-20 10:40:00+05:30,3430.95,3431.5,3430.45,3431.25,559,
2024-03-20 10:41:00+05:30,3432,3433,3430,3430,57073,
2024-03-20 10:42:00+05:30,3430,3432,3430,3431.4,1308,
2024-03-20 10:43:00+05:30,3430,3431.95,3430,3430,500,
2024-03-20 10:44:00+05:30,3431.4,3431.9,3430,3431.9,379,
2024-03-20 10:45:00+05:30,3430.35,3431.3,3430,3430,359,
2024-03-20 10:46:00+05:30,3430,3431,3429.25,3430.8,448,
2024-03-20 10:47:00+05:30,3430.8,3430.8,3430,3430,6284,
2024-03-20 10:48:00+05:30,3430,3430.75,3430,3430,119,
2024-03-20 10:49:00+05:30,3430,3430.9,3429.5,3430,800,
2024-03-20 10:50:00+05:30,3430,3430.95,3428.75,3430,340,
2024-03-20 10:51:00+05:30,3430,3431,3429.15,3430,660,
2024-03-20 10:52:00+05:30,3430,3430.95,3428,3430,2878,
2024-03-20 10:53:00+05:30,3429.15,3430.5,3428.8,3430,943,
2024-03-20 10:54:00+05:30,3430,3430.75,3428.4,3430,15752,
2024-03-20 10:55:00+05:30,3430,3430.4,3420,3421.95,24857,
2024-03-20 10:56:00+05:30,3421.9,3423.4,3421.05,3421.25,178,
2024-03-20 10:57:00+05:30,3421.25,3424,3421.25,3422.85,135,
2024-03-20 10:58:00+05:30,3422.5,3424,3422.5,3423,284,
2024-03-20 10:59:00+05:30,3423,3424,3422.8,3422.8,222,
2024-03-20 11:00:00+05:30,3422.8,3423.9,3417.7,3417.7,443,
2024-03-20 11:01:00+05:30,3416.8,3418.75,3416.05,3417.45,330,
2024-03-20 11:02:00+05:30,3417.45,3418,3415.9,3417.95,356,
2024-03-20 11:03:00+05:30,3418,3420.85,3415.15,3420.65,1973,
2024-03-20 11:04:00+05:30,3420.65,3421.4,3418.2,3420.45,593,
2024-03-20 11:05:00+05:30,3420.45,3421.2,3417.5,3418.9,295,
2024-03-20 11:06:00+05:30,3417.2,3419.8,3417.1,3418.4,262,
2024-03-20 11:07:00+05:30,3418.4,3420.2,3418.4,3418.6,224,
2024-03-20 11:08:00+05:30,3420.2,3420.25,3416.55,3418.15,317,
2024-03-20 11:09:00+05:30,3418.15,3418.95,3418.15,3418.15,182,
2024-03-20 11:10:00+05:30,3418.15,3420.25,3418.15,3420,338,
2024-03-20 11:11:00+05:30,3420,3420.25,3418.45,3420,154,
2024-03-20 11:12:00+05:30,3419.05,3420.25,3418.55,3419.7,155,
2024-03-20 11:13:00+05:30,3419.7,3420.3,3418.25,3420.3,141,
2024-03-20 11:14:00+05:30,3420,3420.5,3419.9,3420,83,
2024-03-20 11:15:00+05:30,3420,3420.5,3417.65,3419.4,335,
2024-03-20 11:16:00+05:30,3419.4,3420.5,3417.65,3420.5,572,
2024-03-20 11:17:00+05:30,3420,3420.5,3416.1,3417,933,
2024-03-20 11:18:00+05:30,3417.05,3418.95,3416.6,3417,221,
2024-03-20 11:19:00+05:30,3418.5,3419,3416,3417.6,456,
2024-03-20 11:20:00+05:30,3416.05,3419.7,3416.05,3419.1,242,
2024-03-20 11:21:00+05:30,3417.9,3420.5,3417.9,3420.5,676,
2024-03-20 11:22:00+05:30,3420.5,3421,3420,3420,1001,
2024-03-20 11:23:00+05:30,3420,3421.1,3420,3420.45,236,
2024-03-20 11:24:00+05:30,3420.45,3421.1,3420.45,3420.45,198,
2024-03-20 11:25:00+05:30,3420.45,3421,3420,3420,604,
2024-03-20 11:26:00+05:30,3420,3421,3420,3420.9,1006,
2024-03-20 11:27:00+05:30,3420,3421,3420,3420.9,169,
2024-03-20 11:28:00+05:30,3420.65,3426.4,3420.65,3425.85,1465,
2024-03-20 11:29:00+05:30,3424.55,3430,3423.95,3430,487,
2024-03-20 11:30:00+05:30,3428.8,3430,3426.05,3426.85,472,
2024-03-20 11:31:00+05:30,3427,3429.8,3426.05,3427.65,374,
2024-03-20 11:32:00+05:30,3427.65,3428.8,3425.4,3427,302,
2024-03-20 11:33:00+05:30,3425.5,3427,3425,3426,419,
2024-03-20 11:34:00+05:30,3426,3428.7,3425,3428.6,263,
2024-03-20 11:35:00+05:30,3427.1,3429.5,3426.05,3428.9,387,
2024-03-20 11:36:00+05:30,3428.9,3429.2,3427.5,3428.75,226,
2024-03-20 11:37:00+05:30,3427.9,3429.4,3427.05,3427.5,264,
2024-03-20 11:38:00+05:30,3427.55,3429.85,3427.15,3429,283,
2024-03-20 11:39:00+05:30,3429,3430,3427.45,3428.45,272,
2024-03-20 11:40:00+05:30,3428.45,3430,3428,3429,367,
2024-03-20 11:41:00+05:30,3429.2,3430.1,3429,3429.95,2006,
2024-03-20 11:42:00+05:30,3429.95,3430,3428.9,3429.05,300,
2024-03-20 11:43:00+05:30,3429.05,3431.3,3429.05,3430,14287,
2024-03-20 11:44:00+05:30,3430,3431.95,3430,3430,1564,
2024-03-20 11:45:00+05:30,3430,3431.8,3430,3430,2110,
2024-03-20 11:46:00+05:30,3430.8,3431.5,3430,3430,1819,
2024-03-20 11:47:00+05:30,3431.15,3431.6,3430,3430,1663,
2024-03-20 11:48:00+05:30,3431.4,3431.4,3430,3430,1644,
2024-03-20 11:49:00+05:30,3430,3431.05,3429.95,3430.05,1420,
2024-03-20 11:50:00+05:30,3430,3430.65,3429.1,3430.05,1984,
2024-03-20 11:51:00+05:30,3430,3430.9,3430,3430.5,1646,
2024-03-20 11:52:00+05:30,3430,3430.85,3430,3430.85,1713,
2024-03-20 11:53:00+05:30,3430,3430.9,3429.25,3430.7,1550,
2024-03-20 11:54:00+05:30,3430,3431.35,3430,3430.05,1611,
2024-03-20 11:55:00+05:30,3430,3430.95,3430,3430.45,1598,
2024-03-20 11:56:00+05:30,3430,3431.1,3430,3430.1,1892,
2024-03-20 11:57:00+05:30,3430.05,3430.9,3430,3430.55,1643,
2024-03-20 11:58:00+05:30,3430.55,3430.55,3429.9,3430,1645,
2024-03-20 11:59:00+05:30,3430,3430.6,3429,3430.3,1133,
2024-03-20 12:00:00+05:30,3430.3,3432.9,3430,3432.9,1063,
2024-03-20 12:01:00+05:30,3432.1,3437.7,3431.85,3437.65,863,
2024-03-20 12:02:00+05:30,3437.7,3439.7,3436.85,3438.15,373,
2024-03-20 12:03:00+05:30,3438.75,3440,3438.15,3438.55,397,
2024-03-20 12:04:00+05:30,3438.55,3440,3437.25,3437.25,470,
2024-03-20 12:05:00+05:30,3438.55,3439.85,3436.1,3436.3,523,
2024-03-20 12:06:00+05:30,3438.3,3439,3435.9,3439,1046,
2024-03-20 12:07:00+05:30,3439.2,3440,3435,3436.7,1283,
2024-03-20 12:08:00+05:30,3436.7,3436.95,3434.75,3436.95,239,
2024-03-20 12:09:00+05:30,3435.7,3439.55,3434.8,3438.45,28324,
2024-03-20 12:10:00+05:30,3436.9,3439.85,3436.55,3438.9,295,
2024-03-20 12:11:00+05:30,3438.9,3439,3436,3437,315,
2024-03-20 12:12:00+05:30,3436,3437.05,3435,3436.3,678,
2024-03-20 12:13:00+05:30,3436.3,3437.05,3435,3435.75,261,
2024-03-20 12:14:00+05:30,3435,3436.75,3435,3436.6,243,
2024-03-20 12:15:00+05:30,3436.6,3437,3435,3435,520,
2024-03-20 12:16:00+05:30,3435,3437.45,3435,3437.45,460,
2024-03-20 12:17:00+05:30,3437.45,3439.45,3437.05,3439.4,358,
2024-03-20 12:18:00+05:30,3439.35,3439.65,3437.6,3439.25,248,
2024-03-20 12:19:00+05:30,3439.5,3439.5,3437,3437.05,317,
2024-03-20 12:20:00+05:30,3438.1,3438.2,3437,3437,421,
2024-03-20 12:21:00+05:30,3438.05,3440.1,3435.5,3440.05,448,
2024-03-20 12:22:00+05:30,3440.05,3440.05,3436.05,3436.05,303,
2024-03-20 12:23:00+05:30,3436.95,3437.5,3435,3435.4,168,
2024-03-20 12:24:00+05:30,3435.4,3437.8,3435.05,3435.05,271,
2024-03-20 12:25:00+05:30,3435.15,3437.65,3435,3436.8,156,
2024-03-20 12:26:00+05:30,3436.15,3438,3436.05,3437.75,275,
2024-03-20 12:27:00+05:30,3437.75,3438.2,3436.05,3436.55,161,
2024-03-20 12:28:00+05:30,3436.05,3438.5,3436,3436.2,381,
2024-03-20 12:29:00+05:30,3436.2,3438.9,3436.2,3436.4,128,
2024-03-20 12:30:00+05:30,3436.35,3438.5,3435.05,3437,253,
2024-03-20 12:31:00+05:30,3437,3437.4,3435.2,3437.4,107,
2024-03-20 12:32:00+05:30,3437,3438.45,3437,3437.65,132,
2024-03-20 12:33:00+05:30,3437,3438.55,3437,3437.3,171,
2024-03-20 12:34:00+05:30,3437.05,3439.25,3437.05,3437.55,157,
2024-03-20 12:35:00+05:30,3437.55,3439.45,3437.55,3439.1,144,
2024-03-20 12:36:00+05:30,3439.45,3440,3437.2,3439,151,
2024-03-20 12:37:00+05:30,3437.25,3440,3437,3439.15,516,
2024-03-20 12:38:00+05:30,3439.2,3440.95,3439.2,3440.05,1512,
2024-03-20 12:39:00+05:30,3440,3440.8,3439.5,3440,3718,
2024-03-20 12:40:00+05:30,3440,3440.9,3439.5,3440,3703,
2024-03-20 12:41:00+05:30,3440,3440.85,3439.5,3440,3535,
2024-03-20 12:42:00+05:30,3440,3440.75,3439.5,3440.4,1220,
2024-03-20 12:43:00+05:30,3440,3440.4,3439.5,3440,899,
2024-03-20 12:44:00+05:30,3440,3440.85,3439.5,3440.25,1008,
2024-03-20 12:45:00+05:30,3440,3440.25,3440,3440.25,727,
2024-03-20 12:46:00+05:30,3440,3440.25,3439.5,3440,1115,
2024-03-20 12:47:00+05:30,3440,3440.15,3438.9,3440,972,
2024-03-20 12:48:00+05:30,3440.15,3440.2,3438.8,3438.95,4924,
2024-03-20 12:49:00+05:30,3440,3440.4,3438.8,3440,4046,
2024-03-20 12:50:00+05:30,3440,3440.1,3438.9,3440,7745,
2024-03-20 12:51:00+05:30,3440.05,3440.5,3438.35,3440.5,2191,
2024-03-20 12:52:00+05:30,3440,3441.75,3440,3440,622,
2024-03-20 12:53:00+05:30,3440,3441.9,3440,3441.9,430,
2024-03-20 12:54:00+05:30,3441.9,3441.9,3440.1,3440.2,497,
2024-03-20 12:55:00+05:30,3441.85,3442,3440,3440,557,
2024-03-20 12:56:00+05:30,3441.25,3441.5,3440,3441.25,411,
2024-03-20 12:57:00+05:30,3441.4,3441.4,3440,3440.3,402,
2024-03-20 12:58:00+05:30,3440,3440.8,3440,3440.8,632,
2024-03-20 12:59:00+05:30,3440,3441.4,3440,3441.4,423,
2024-03-20 13:00:00+05:30,3440.95,3441.45,3440,3440.65,465,
2024-03-20 13:01:00+05:30,3440,3441.6,3440,3441.45,415,
2024-03-20 13:02:00+05:30,3440,3441.45,3440,3440.7,505,
2024-03-20 13:03:00+05:30,3440.7,3441.5,3438.5,3441.5,889,
2024-03-20 13:04:00+05:30,3441.5,3441.8,3440,3441.8,657,
2024-03-20 13:05:00+05:30,3440.25,3441.75,3440,3441.55,482,
2024-03-20 13:06:00+05:30,3440.05,3441.55,3439.1,3440.6,2320,
2024-03-20 13:07:00+05:30,3440,3440.65,3439.15,3440.6,3460,
2024-03-20 13:08:00+05:30,3440,3441.25,3439.2,3440,3866,
2024-03-20 13:09:00+05:30,3440,3441.35,3439.2,3440,3346,
2024-03-20 13:10:00+05:30,3441.35,3441.35,3439.25,3440,3639,
2024-03-20 13:11:00+05:30,3441.15,3441.8,3439.45,3441.45,3582,
2024-03-20 13:12:00+05:30,3441.5,3441.5,3439.2,3440,3436,
2024-03-20 13:13:00+05:30,3440,3441.35,3439.15,3440.95,3507,
2024-03-20 13:14:00+05:30,3440.95,3441,3434.1,3438.5,2095,
2024-03-20 13:15:00+05:30,3438.5,3439,3438,3438,519,
2024-03-20 13:16:00+05:30,3439,3439,3438,3439,455,
2024-03-20 13:17:00+05:30,3438.15,3439,3438,3439,675,
2024-03-20 13:18:00+05:30,3439,3439,3438,3438.05,594,
2024-03-20 13:19:00+05:30,3438.05,3439.95,3438,3439.95,451,
2024-03-20 13:20:00+05:30,3439.2,3439.8,3438,3439.65,439,
2024-03-20 13:21:00+05:30,3439.65,3439.65,3438,3438,1820,
2024-03-20 13:22:00+05:30,3439.1,3439.9,3438,3439.9,799,
2024-03-20 13:23:00+05:30,3438.3,3440.5,3438,3440,2453,
2024-03-20 13:24:00+05:30,3440,3440.95,3438.6,3440.95,3518,
2024-03-20 13:25:00+05:30,3440,3441,3438.75,3440,3248,
2024-03-20 13:26:00+05:30,3440.05,3441,3438.95,3440,4368,
2024-03-20 13:27:00+05:30,3440,3440.9,3438.65,3440,3957,
2024-03-20 13:28:00+05:30,3438.55,3440.95,3438.25,3440,3553,
2024-03-20 13:29:00+05:30,3440,3440.95,3438.15,3440,3296,
2024-03-20 13:30:00+05:30,3440.7,3440.9,3434,3435.95,2581,
2024-03-20 13:31:00+05:30,3436.45,3436.45,3430,3430.35,782,
2024-03-20 13:32:00+05:30,3432.2,3432.5,3430,3431.15,594,
2024-03-20 13:33:00+05:30,3431.25,3432.5,3429.95,3431.65,654,
2024-03-20 13:34:00+05:30,3432.6,3432.6,3430,3430.8,502,
2024-03-20 13:35:00+05:30,3430.8,3430.8,3429,3429,190,
2024-03-20 13:36:00+05:30,3429,3430,3429,3430,185,
2024-03-20 13:37:00+05:30,3430,3430,3429,3430,162,
2024-03-20 13:38:00+05:30,3429,3430,3429,3430,159,
2024-03-20 13:39:00+05:30,3429.55,3430,3429.2,3430,135,
2024-03-20 13:40:00+05:30,3429.25,3430.1,3428.75,3429.35,590,
2024-03-20 13:41:00+05:30,3429.35,3430,3429.25,3430,595,
2024-03-20 13:42:00+05:30,3430.1,3431,3429.9,3430.5,576,
2024-03-20 13:43:00+05:30,3430.15,3430.5,3428.5,3429.15,257,
2024-03-20 13:44:00+05:30,3429.15,3429.7,3428,3428.2,233,
2024-03-20 13:45:00+05:30,3428.85,3430,3428.05,3429.85,165,
2024-03-20 13:46:00+05:30,3429.85,3430,3429.2,3429.55,276,
2024-03-20 13:47:00+05:30,3429.55,3430.85,3429.15,3429.5,743,
2024-03-20 13:48:00+05:30,3429.15,3430,3427.35,3429.1,1531,
2024-03-20 13:49:00+05:30,3429.1,3430.1,3428.45,3429.8,874,
2024-03-20 13:50:00+05:30,3429.75,3430.8,3428.95,3430.25,813,
2024-03-20 13:51:00+05:30,3429.8,3430.85,3429.7,3430.6,911,
2024-03-20 13:52:00+05:30,3430.45,3431,3430,3430.45,475,
2024-03-20 13:53:00+05:30,3430,3431.3,3429.95,3430.6,541,
2024-03-20 13:54:00+05:30,3429.95,3431.3,3428.55,3430.45,2595,
2024-03-20 13:55:00+05:30,3428.75,3431.1,3428.75,3430.5,536,
2024-03-20 13:56:00+05:30,3430,3431.8,3430,3430.15,592,
2024-03-20 13:57:00+05:30,3430.15,3431.2,3428.45,3428.5,2445,
2024-03-20 13:58:00+05:30,3430.35,3430.35,3428.4,3430,1267,
2024-03-20 13:59:00+05:30,3430,3430.1,3428.35,3428.35,750,
2024-03-20 14:00:00+05:30,3428.35,3430.6,3428.35,3430,766,
2024-03-20 14:01:00+05:30,3430,3430,3429.9,3430,191,
2024-03-20 14:02:00+05:30,3429.95,3430,3429.75,3429.75,178,
2024-03-20 14:03:00+05:30,3429.75,3430,3428.4,3429.4,148,
2024-03-20 14:04:00+05:30,3428.85,3430.9,3428.85,3429.45,539,
2024-03-20 14:05:00+05:30,3429.45,3430,3428.75,3428.9,389,
2024-03-20 14:06:00+05:30,3428.75,3429.75,3428,3429.1,154,
2024-03-20 14:07:00+05:30,3428.1,3429.95,3428,3428.95,182,
2024-03-20 14:08:00+05:30,3428.6,3430,3428.15,3429.9,186,
2024-03-20 14:09:00+05:30,3429.15,3430,3428,3428.7,283,
2024-03-20 14:10:00+05:30,3428,3429.75,3427.95,3428.95,285,
2024-03-20 14:11:00+05:30,3428.45,3429.95,3424.2,3425.75,414,
2024-03-20 14:12:00+05:30,3424.4,3426.75,3424.4,3425.6,199,
2024-03-20 14:13:00+05:30,3426.1,3427,3425.25,3426.05,207,
2024-03-20 14:14:00+05:30,3425.25,3426.05,3425.25,3425.45,186,
2024-03-20 14:15:00+05:30,3425.45,3426,3425.2,3425.25,335,
2024-03-20 14:16:00+05:30,3425.25,3430,3425.2,3428.6,2976,
2024-03-20 14:17:00+05:30,3429.25,3430,3428.2,3429.25,485,
2024-03-20 14:18:00+05:30,3429.3,3431,3429.25,3429.75,1092,
2024-03-20 14:19:00+05:30,3429.75,3431.2,3429.65,3429.65,211,
2024-03-20 14:20:00+05:30,3429.75,3430,3425.75,3427.2,635,
2024-03-20 14:21:00+05:30,3428.85,3429.2,3427.3,3429.1,140,
2024-03-20 14:22:00+05:30,3429.05,3430,3429,3429.55,295,
2024-03-20 14:23:00+05:30,3429.25,3430,3429,3430,149,
2024-03-20 14:24:00+05:30,3429,3430,3427.8,3429.4,141,
2024-03-20 14:25:00+05:30,3428.9,3430,3428.9,3429.65,181,
2024-03-20 14:26:00+05:30,3430,3430,3428.9,3430,245,
2024-03-20 14:27:00+05:30,3430,3430,3428.55,3429.5,180,
2024-03-20 14:28:00+05:30,3429.1,3440.85,3429.1,3438.95,3984,
2024-03-20 14:29:00+05:30,3438.95,3440.85,3438.8,3439.45,833,
2024-03-20 14:30:00+05:30,3438.8,3439.6,3437.5,3439.6,873,
2024-03-20 14:31:00+05:30,3439.6,3439.6,3435.05,3436.6,629,
2024-03-20 14:32:00+05:30,3437.25,3438.25,3436.35,3438.25,695,
2024-03-20 14:33:00+05:30,3438.25,3438.25,3435.55,3435.65,853,
2024-03-20 14:34:00+05:30,3437,3437,3433.6,3434.1,686,
2024-03-20 14:35:00+05:30,3436,3436.6,3434.05,3434.3,703,
2024-03-20 14:36:00+05:30,3434.9,3434.9,3432.05,3432.55,665,
2024-03-20 14:37:00+05:30,3432.05,3432.55,3429.95,3429.95,677,
2024-03-20 14:38:00+05:30,3430,3433,3429.95,3432.6,1270,
2024-03-20 14:39:00+05:30,3432.6,3432.6,3429,3429.55,565,
2024-03-20 14:40:00+05:30,3429.55,3430,3428.5,3430,342,
2024-03-20 14:41:00+05:30,3430,3430.8,3429.15,3430,685,
2024-03-20 14:42:00+05:30,3430,3430,3429.9,3429.95,419,
2024-03-20 14:43:00+05:30,3429.95,3430,3429.85,3430,403,
2024-03-20 14:44:00+05:30,3429.85,3430.55,3429.45,3430.05,1178,
2024-03-20 14:45:00+05:30,3429.45,3431.3,3429.45,3431.3,817,
2024-03-20 14:46:00+05:30,3430.6,3431.3,3429.4,3430,691,
2024-03-20 14:47:00+05:30,3430,3430.25,3429.85,3430.25,480,
2024-03-20 14:48:00+05:30,3430.25,3430.25,3430,3430.05,730,
2024-03-20 14:49:00+05:30,3430,3430.2,3429.8,3430,706,
2024-03-20 14:50:00+05:30,3430,3430,3429.8,3429.95,568,
2024-03-20 14:51:00+05:30,3430,3430,3429,3429.05,298,
2024-03-20 14:52:00+05:30,3429.05,3433,3429,3433,1643,
2024-03-20 14:53:00+05:30,3432.05,3433.5,3432.05,3432.1,932,
2024-03-20 14:54:00+05:30,3432.15,3432.15,3430.35,3431.55,828,
2024-03-20 14:55:00+05:30,3431.55,3431.55,3426.35,3427.15,1609,
2024-03-20 14:56:00+05:30,3427.15,3428.15,3426.95,3427.65,195,
2024-03-20 14:57:00+05:30,3427.7,3429.65,3427.7,3429.65,181,
2024-03-20 14:58:00+05:30,3428.65,3430,3428.65,3430,208,
2024-03-20 14:59:00+05:30,3430,3433.6,3429.6,3430.6,367,
2024-03-20 15:00:00+05:30,3430.3,3437.95,3430.3,3436.95,3806,
2024-03-20 15:01:00+05:30,3436.65,3436.95,3432.95,3433.75,1077,
2024-03-20 15:02:00+05:30,3433.55,3433.75,3430.25,3430.25,734,
2024-03-20 15:03:00+05:30,3430.25,3430.25,3426.9,3427.05,807,
2024-03-20 15:04:00+05:30,3428,3430,3427.8,3429.75,549,
2024-03-20 15:05:00+05:30,3429.7,3430,3429.7,3430,674,
2024-03-20 15:06:00+05:30,3429.85,3430.1,3429.65,3429.9,1412,
2024-03-20 15:07:00+05:30,3430.1,3431.35,3429.85,3430,938,
2024-03-20 15:08:00+05:30,3430,3432,3429.6,3432,1752,
2024-03-20 15:09:00+05:30,3432.2,3432.65,3431.3,3432.5,864,
2024-03-20 15:10:00+05:30,3432.25,3432.25,3430.15,3430.35,1049,
2024-03-20 15:11:00+05:30,3430.35,3430.35,3429,3429,871,
2024-03-20 15:12:00+05:30,3429,3429.25,3428.1,3428.1,547,
2024-03-20 15:13:00+05:30,3428.65,3428.95,3428.4,3428.65,303,
2024-03-20 15:14:00+05:30,3428.85,3429,3428.25,3428.95,690,
2024-03-20 15:15:00+05:30,3429,3429,3426.65,3426.65,631,
2024-03-20 15:16:00+05:30,3427.2,3427.25,3426.2,3426.65,1869,
2024-03-20 15:17:00+05:30,3426.65,3427.05,3425.7,3425.7,874,
2024-03-20 15:18:00+05:30,3425.2,3425.7,3424.05,3424.75,2562,
2024-03-20 15:19:00+05:30,3424.75,3425.5,3424.05,3425.5,1787,
2024-03-20 15:20:00+05:30,3425.45,3425.5,3424.15,3425.25,2250,
2024-03-20 15:21:00+05:30,3425.4,3425.45,3424.15,3424.15,1844,
2024-03-20 15:22:00+05:30,3425,3425.05,3423.1,3423.75,1797,
2024-03-20 15:23:00+05:30,3424.1,3427.95,3423.55,3427.05,2051,
2024-03-20 15:24:00+05:30,3427.05,3427.1,3425.1,3425.1,1920,
2024-03-20 15:25:00+05:30,3425.85,3430,3425.3,3429.75,1783,
2024-03-20 15:26:00+05:30,3429.9,3430.55,3428.85,3430,1399,
2024-03-20 15:27:00+05:30,3430.1,3431,3429,3430.75,1591,
2024-03-20 15:28:00+05:30,3430.75,3430.75,3428.55,3428.7,1697,
2024-03-20 15:29:00+05:30,3429.45,3440,3427.35,3439.7,1670,
2024-03-21 09:15:00+05:30,3444.8,3450.15,3436.25,3441.15,1444,
2024-03-21 09:16:00+05:30,3441.05,3444.3,3438.4,3438.4,1627,
2024-03-21 09:17:00+05:30,3438.4,3442.3,3436,3440.25,1002,
2024-03-21 09:18:00+05:30,3440.25,3449.5,3439.05,3449.5,483,
2024-03-21 09:19:00+05:30,3449.5,3449.7,3438.05,3438.05,790,
2024-03-21 09:20:00+05:30,3438.05,3440.05,3431.25,3433.75,522,
2024-03-21 09:21:00+05:30,3431.65,3439.9,3431.65,3437.75,686,
2024-03-21 09:22:00+05:30,3437.75,3443.1,3436.2,3442.05,883,
2024-03-21 09:23:00+05:30,3442.05,3445.5,3442,3444.85,405,
2024-03-21 09:24:00+05:30,3444.85,3445,3440,3440,218,
2024-03-21 09:25:00+05:30,3440,3442.9,3439.15,3441.8,234,
2024-03-21 09:26:00+05:30,3441.8,3445,3441.55,3444.1,588,
2024-03-21 09:27:00+05:30,3444.1,3449.7,3444.1,3449.7,419,
2024-03-21 09:28:00+05:30,3447.3,3452,3445.3,3449.85,1015,
2024-03-21 09:29:00+05:30,3449.85,3449.85,3445.05,3449.6,321,
2024-03-21 09:30:00+05:30,3447.95,3450,3446.05,3448.25,1129,
2024-03-21 09:31:00+05:30,3448.25,3452,3448,3451,1083,
2024-03-21 09:32:00+05:30,3451,3451.35,3448,3448.05,483,
2024-03-21 09:33:00+05:30,3448.05,3448.85,3445,3445,605,
2024-03-21 09:34:00+05:30,3445,3448.8,3444.65,3444.65,226,
2024-03-21 09:35:00+05:30,3444.7,3448.95,3444.7,3448,364,
2024-03-21 09:36:00+05:30,3448,3449.6,3446.8,3449.6,127,
2024-03-21 09:37:00+05:30,3449.6,3450.45,3447.6,3450.45,461,
2024-03-21 09:38:00+05:30,3450.45,3451.35,3448,3449.3,343,
2024-03-21 09:39:00+05:30,3448,3448.4,3446.35,3448.4,83,
2024-03-21 09:40:00+05:30,3450,3450,3448,3448,169,
2024-03-21 09:41:00+05:30,3447,3447.95,3445,3447.4,1912,
2024-03-21 09:42:00+05:30,3447.4,3448.95,3446.2,3446.45,300,
2024-03-21 09:43:00+05:30,3446.45,3448.8,3446,3448.8,148,
2024-03-21 09:44:00+05:30,3450,3455.2,3449.8,3450.85,947,
2024-03-21 09:45:00+05:30,3450.85,3456.45,3450.85,3451.95,378,
2024-03-21 09:46:00+05:30,3452.9,3453.75,3450,3451.6,380,
2024-03-21 09:47:00+05:30,3451.6,3453.75,3450,3452.85,425,
2024-03-21 09:48:00+05:30,3452.85,3453.9,3450.4,3452.15,171,
2024-03-21 09:49:00+05:30,3452,3453.55,3450,3452.2,196,
2024-03-21 09:50:00+05:30,3452.2,3452.2,3450,3450.15,106,
2024-03-21 09:51:00+05:30,3450.15,3451.65,3450.1,3451.65,20,
2024-03-21 09:52:00+05:30,3452,3452,3450.6,3451.1,102,
2024-03-21 09:53:00+05:30,3452.25,3452.25,3450.15,3450.15,54,
2024-03-21 09:54:00+05:30,3450.15,3452.9,3450.15,3450.15,130,
2024-03-21 09:55:00+05:30,3450.15,3451.55,3448.05,3448.05,316,
2024-03-21 09:56:00+05:30,3448.05,3455.4,3448,3454.4,3305,
2024-03-21 09:57:00+05:30,3454.4,3458.9,3453.35,3453.35,2319,
2024-03-21 09:58:00+05:30,3453.35,3462.95,3453.35,3462.95,2551,
2024-03-21 09:59:00+05:30,3462.95,3465.85,3460.15,3463.1,1227,
2024-03-21 10:00:00+05:30,3462.1,3464.25,3460.25,3462.45,331,
2024-03-21 10:01:00+05:30,3462.45,3462.55,3460.45,3460.45,273,
2024-03-21 10:02:00+05:30,3460.45,3463.6,3460.45,3463.6,558,
2024-03-21 10:03:00+05:30,3463.6,3465.9,3461.6,3465.8,1075,
2024-03-21 10:04:00+05:30,3465.9,3465.9,3463.35,3465,1094,
2024-03-21 10:05:00+05:30,3465.85,3467.55,3465.8,3466.65,831,
2024-03-21 10:06:00+05:30,3465.9,3466.6,3463.85,3465.9,457,
2024-03-21 10:07:00+05:30,3465.9,3468,3465.9,3466.7,135,
2024-03-21 10:08:00+05:30,3466.5,3469,3466.5,3467.1,636,
2024-03-21 10:09:00+05:30,3466.7,3469.7,3466,3469,473,
2024-03-21 10:10:00+05:30,3469.5,3469.7,3467.85,3468.75,185,
2024-03-21 10:11:00+05:30,3468.75,3469.7,3468.1,3469.7,253,
2024-03-21 10:12:00+05:30,3469.7,3469.7,3466.65,3466.65,419,
2024-03-21 10:13:00+05:30,3466.65,3468,3466.05,3466.05,90,
2024-03-21 10:14:00+05:30,3465.4,3466,3463.9,3464.4,1834,
2024-03-21 10:15:00+05:30,3464.4,3466,3463.55,3463.55,483,
2024-03-21 10:16:00+05:30,3463.55,3465.25,3461.5,3461.5,702,
2024-03-21 10:17:00+05:30,3461.7,3463.5,3461.05,3461.5,165,
2024-03-21 10:18:00+05:30,3461.45,3462.5,3460,3460.5,309,
2024-03-21 10:19:00+05:30,3460.95,3462.8,3459.9,3461,203,
2024-03-21 10:20:00+05:30,3461,3461.8,3460.1,3460.4,168,
2024-03-21 10:21:00+05:30,3460.1,3464.15,3460.1,3462.05,308,
2024-03-21 10:22:00+05:30,3462.05,3463.35,3462.05,3462.05,102,
2024-03-21 10:23:00+05:30,3462.35,3462.55,3462.05,3462.55,280,
2024-03-21 10:24:00+05:30,3462.55,3464.8,3462.1,3462.1,424,
2024-03-21 10:25:00+05:30,3462.1,3464.7,3462.1,3463.75,428,
2024-03-21 10:26:00+05:30,3463.75,3463.75,3458.35,3461.85,636,
2024-03-21 10:27:00+05:30,3461.85,3461.85,3458.05,3458.9,475,
2024-03-21 10:28:00+05:30,3458.9,3458.9,3456.15,3456.15,435,
2024-03-21 10:29:00+05:30,3455.2,3458.75,3455.15,3456.45,344,
2024-03-21 10:30:00+05:30,3456.45,3459.95,3456.05,3458.85,451,
2024-03-21 10:31:00+05:30,3458.85,3459.85,3457.65,3458.1,303,
2024-03-21 10:32:00+05:30,3458.1,3458.1,3456.8,3456.85,250,
2024-03-21 10:33:00+05:30,3456.85,3458.95,3456.1,3457.35,302,
2024-03-21 10:34:00+05:30,3457.35,3457.35,3456,3456.45,288,
2024-03-21 10:35:00+05:30,3456.45,3457.95,3455.6,3456,93,
2024-03-21 10:36:00+05:30,3455.9,3456,3454.1,3455.75,413,
2024-03-21 10:37:00+05:30,3455.75,3456.9,3454.15,3455.2,552,
2024-03-21 10:38:00+05:30,3455.2,3456.65,3455.2,3456.5,49,
2024-03-21 10:39:00+05:30,3456.5,3456.75,3456.05,3456.1,108,
2024-03-21 10:40:00+05:30,3456.1,3456.1,3453.2,3453.2,160,
2024-03-21 10:41:00+05:30,3453.3,3456.4,3453.05,3456.4,133,
2024-03-21 10:42:00+05:30,3456.85,3456.85,3455.45,3455.45,210,
2024-03-21 10:43:00+05:30,3455.45,3456.2,3452,3452,256,
2024-03-21 10:44:00+05:30,3453.6,3456.6,3453.1,3455.05,348,
2024-03-21 10:45:00+05:30,3455.05,3460,3455.05,3460,238,
2024-03-21 10:46:00+05:30,3460,3460,3457.15,3457.55,816,
2024-03-21 10:47:00+05:30,3457.55,3459.7,3457.55,3458.15,80,
2024-03-21 10:48:00+05:30,3458.15,3460,3458.1,3460,316,
2024-03-21 10:49:00+05:30,3460,3463.3,3460,3461.05,360,
2024-03-21 10:50:00+05:30,3461.05,3463.8,3461.05,3463.8,288,
2024-03-21 10:51:00+05:30,3461.45,3464.45,3461.45,3464.45,154,
2024-03-21 10:52:00+05:30,3464.45,3464.45,3461.1,3461.1,185,
2024-03-21 10:53:00+05:30,3461.1,3464.35,3461.1,3461.25,394,
2024-03-21 10:54:00+05:30,3462.85,3463.95,3461.1,3462.1,115,
2024-03-21 10:55:00+05:30,3462.1,3463.9,3461.65,3461.65,66,
2024-03-21 10:56:00+05:30,3461.65,3462.85,3461.35,3461.35,77,
2024-03-21 10:57:00+05:30,3461.35,3463.95,3461.1,3463.15,186,
2024-03-21 10:58:00+05:30,3463.15,3463.95,3463.15,3463.95,98,
2024-03-21 10:59:00+05:30,3463.15,3464.4,3463.1,3464.4,63,
2024-03-21 11:00:00+05:30,3464.4,3470.65,3463.2,3470.35,1306,
2024-03-21 11:01:00+05:30,3470.35,3470.8,3469.05,3469.05,307,
2024-03-21 11:02:00+05:30,3469.05,3471.7,3468.35,3471.4,330,
2024-03-21 11:03:00+05:30,3469,3474.65,3469,3474.65,650,
2024-03-21 11:04:00+05:30,3474.65,3474.65,3471.3,3473.55,239,
2024-03-21 11:05:00+05:30,3473.55,3474.15,3469.05,3471,300,
2024-03-21 11:06:00+05:30,3471,3473.45,3470.8,3473.45,363,
2024-03-21 11:07:00+05:30,3473.45,3473.8,3472,3473.6,112,
2024-03-21 11:08:00+05:30,3473.6,3473.7,3472,3472,70,
2024-03-21 11:09:00+05:30,3472,3473.55,3470.6,3472,516,
2024-03-21 11:10:00+05:30,3472,3473,3471.05,3472.7,144,
2024-03-21 11:11:00+05:30,3472.7,3473.7,3471.8,3471.8,326,
2024-03-21 11:12:00+05:30,3471.8,3471.8,3470.55,3471.8,209,
2024-03-21 11:13:00+05:30,3471.8,3472.4,3470.55,3472.4,10,
2024-03-21 11:14:00+05:30,3472.4,3473.7,3471.15,3473.7,268,
2024-03-21 11:15:00+05:30,3473.7,3477.4,3473.7,3477,387,
2024-03-21 11:16:00+05:30,3477,3477,3474,3475.7,318,
2024-03-21 11:17:00+05:30,3474.3,3474.35,3473,3473.05,104,
2024-03-21 11:18:00+05:30,3473.05,3474.3,3473,3474.3,229,
2024-03-21 11:19:00+05:30,3474.3,3475,3474.3,3474.4,211,
2024-03-21 11:20:00+05:30,3474.4,3475,3473.1,3474.35,159,
2024-03-21 11:21:00+05:30,3474.35,3474.35,3473.4,3473.4,247,
2024-03-21 11:22:00+05:30,3473.4,3474,3472.6,3472.6,122,
2024-03-21 11:23:00+05:30,3474.5,3474.95,3472.55,3472.55,39,
2024-03-21 11:24:00+05:30,3472.65,3474.45,3472.65,3473,50,
2024-03-21 11:25:00+05:30,3473,3474.5,3473,3474.5,30,
2024-03-21 11:26:00+05:30,3474.5,3474.5,3472.4,3473.3,133,
2024-03-21 11:27:00+05:30,3473.3,3474,3472,3472,250,
2024-03-21 11:28:00+05:30,3472,3472,3468.85,3470,110,
2024-03-21 11:29:00+05:30,3470,3470,3468.85,3468.85,26,
2024-03-21 11:30:00+05:30,3468.85,3471.2,3467.4,3467.55,443,
2024-03-21 11:31:00+05:30,3467.55,3469.95,3466.6,3467.45,657,
2024-03-21 11:32:00+05:30,3467.45,3469.55,3466.8,3467.95,127,
2024-03-21 11:33:00+05:30,3467.95,3469.55,3462,3463,771,
2024-03-21 11:34:00+05:30,3463,3463.35,3461.2,3463.35,282,
2024-03-21 11:35:00+05:30,3463.35,3464.5,3462.35,3463.1,58,
2024-03-21 11:36:00+05:30,3463.1,3466.8,3463.1,3466.8,353,
2024-03-21 11:37:00+05:30,3466.8,3466.8,3464.05,3464.45,50,
2024-03-21 11:38:00+05:30,3464.05,3464.15,3462.55,3462.55,159,
2024-03-21 11:39:00+05:30,3462.55,3463.2,3461.2,3461.2,584,
2024-03-21 11:40:00+05:30,3461.1,3463,3460,3460.25,1793,
2024-03-21 11:41:00+05:30,3460.25,3462.75,3460,3460,136,
2024-03-21 11:42:00+05:30,3460,3462.2,3460,3460.65,57,
2024-03-21 11:43:00+05:30,3460.65,3460.65,3460,3460.1,247,
2024-03-21 11:44:00+05:30,3460.1,3461.7,3460,3460,166,
2024-03-21 11:45:00+05:30,3460,3461.85,3460,3461.85,261,
2024-03-21 11:46:00+05:30,3461.85,3464.15,3461.25,3462.3,381,
2024-03-21 11:47:00+05:30,3462.3,3466.3,3462.3,3463.1,708,
2024-03-21 11:48:00+05:30,3463.1,3464.85,3463.1,3464.1,36,
2024-03-21 11:49:00+05:30,3464.1,3464.75,3463,3464.5,134,
2024-03-21 11:50:00+05:30,3464.5,3464.5,3463.3,3463.3,25,
2024-03-21 11:51:00+05:30,3463.3,3464.5,3463.3,3464.5,89,
2024-03-21 11:52:00+05:30,3464.5,3464.8,3463,3464.8,44,
2024-03-21 11:53:00+05:30,3464.8,3465.9,3463.2,3464.45,72,
2024-03-21 11:54:00+05:30,3464.45,3466,3461.5,3463.1,584,
2024-03-21 11:55:00+05:30,3461.5,3462.75,3460,3460.45,479,
2024-03-21 11:56:00+05:30,3460.45,3461.2,3460.45,3461.15,39,
2024-03-21 11:57:00+05:30,3461.15,3462.75,3460.15,3461.1,126,
2024-03-21 11:58:00+05:30,3461.1,3461.15,3461.1,3461.1,58,
2024-03-21 11:59:00+05:30,3461.1,3461.1,3460,3460,116,
2024-03-21 12:00:00+05:30,3460,3461.9,3460,3460,370,
2024-03-21 12:01:00+05:30,3460,3460,3457.2,3457.9,1211,
2024-03-21 12:02:00+05:30,3457.2,3457.2,3453.05,3456.15,563,
2024-03-21 12:03:00+05:30,3456.15,3460.2,3455.95,3458.25,312,
2024-03-21 12:04:00+05:30,3458.25,3460.85,3458.2,3459,428,
2024-03-21 12:05:00+05:30,3459,3460.95,3456.05,3456.05,7307,
2024-03-21 12:06:00+05:30,3456.05,3456.05,3454.4,3454.5,192,
2024-03-21 12:07:00+05:30,3454.5,3455.75,3454.45,3454.45,57,
2024-03-21 12:08:00+05:30,3455.95,3455.95,3453.2,3454.5,286,
2024-03-21 12:09:00+05:30,3454.5,3454.5,3452,3452,278,
2024-03-21 12:10:00+05:30,3452,3452.55,3450,3452.55,5337,
2024-03-21 12:11:00+05:30,3452.55,3452.55,3449.65,3450.6,621,
2024-03-21 12:12:00+05:30,3450.6,3451.45,3450,3450,200,
2024-03-21 12:13:00+05:30,3450,3451.35,3450,3451.35,561,
2024-03-21 12:14:00+05:30,3451.7,3451.95,3450,3450,868,
2024-03-21 12:15:00+05:30,3450,3450.1,3449.35,3449.35,801,
2024-03-21 12:16:00+05:30,3450.1,3454.8,3450,3454.8,320,
2024-03-21 12:17:00+05:30,3454.85,3455.95,3452.85,3453.55,52,
2024-03-21 12:18:00+05:30,3453.55,3455.9,3451.8,3454.5,356,
2024-03-21 12:19:00+05:30,3455.95,3458.5,3454.8,3457.25,215,
2024-03-21 12:20:00+05:30,3457.25,3458.6,3454.2,3458.6,210,
2024-03-21 12:21:00+05:30,3457.3,3457.75,3455.1,3457,2167,
2024-03-21 12:22:00+05:30,3454.6,3454.6,3451.55,3451.95,3047,
2024-03-21 12:23:00+05:30,3451.95,3453.4,3450.1,3451.8,332,
2024-03-21 12:24:00+05:30,3451.8,3454.15,3451.8,3452.85,160,
2024-03-21 12:25:00+05:30,3452.85,3457.45,3452.85,3455.7,169,
2024-03-21 12:26:00+05:30,3456.05,3457.5,3451,3451,356,
2024-03-21 12:27:00+05:30,3450.45,3451.15,3450,3450.7,971,
2024-03-21 12:28:00+05:30,3450.7,3453.95,3450.35,3452.7,143,
2024-03-21 12:29:00+05:30,3452.7,3454.95,3452.55,3453.15,160,
2024-03-21 12:30:00+05:30,3453.15,3456.05,3453.15,3455.05,157,
2024-03-21 12:31:00+05:30,3454.4,3455.95,3451.8,3454.1,374,
2024-03-21 12:32:00+05:30,3454.1,3454.45,3451.35,3453.35,376,
2024-03-21 12:33:00+05:30,3452.9,3454.3,3450.5,3452.65,135,
2024-03-21 12:34:00+05:30,3452.65,3455,3452.15,3452.95,169,
2024-03-21 12:35:00+05:30,3452.95,3455,3452.95,3454.15,165,
2024-03-21 12:36:00+05:30,3455,3457.5,3452.05,3452.05,358,
2024-03-21 12:37:00+05:30,3451.95,3457.4,3451.55,3455,340,
2024-03-21 12:38:00+05:30,3455.25,3457.5,3455.15,3455.55,200,
2024-03-21 12:39:00+05:30,3455.55,3457.5,3455.55,3457.35,179,
2024-03-21 12:40:00+05:30,3457.35,3457.5,3454.85,3455.1,242,
2024-03-21 12:41:00+05:30,3455.1,3457.5,3454.95,3456.7,147,
2024-03-21 12:42:00+05:30,3456.7,3457.5,3452.45,3457.1,259,
2024-03-21 12:43:00+05:30,3456.9,3457.5,3455.4,3457.5,274,
2024-03-21 12:44:00+05:30,3456.05,3457.5,3455,3455,270,
2024-03-21 12:45:00+05:30,3455,3457.5,3455,3457.3,244,
2024-03-21 12:46:00+05:30,3457.3,3457.5,3455,3456.4,278,
2024-03-21 12:47:00+05:30,3456.4,3457.5,3455.25,3457.35,224,
2024-03-21 12:48:00+05:30,3457.35,3457.5,3453.05,3453.05,534,
2024-03-21 12:49:00+05:30,3453.05,3456.8,3452.35,3456.8,265,
2024-03-21 12:50:00+05:30,3454.85,3457.5,3452.3,3452.3,319,
2024-03-21 12:51:00+05:30,3452,3456.15,3452,3455.2,184,
2024-03-21 12:52:00+05:30,3455.2,3457.5,3454.3,3457.35,253,
2024-03-21 12:53:00+05:30,3457.35,3457.5,3454.3,3454.9,290,
2024-03-21 12:54:00+05:30,3454.95,3457.85,3453.85,3454.1,4449,
2024-03-21 12:55:00+05:30,3454.1,3458.9,3454.1,3456.7,217,
2024-03-21 12:56:00+05:30,3457.85,3459.9,3456.05,3458.35,582,
2024-03-21 12:57:00+05:30,3458.1,3460,3457.45,3458.65,297,
2024-03-21 12:58:00+05:30,3459.85,3459.85,3451,3452.1,3092,
2024-03-21 12:59:00+05:30,3452.1,3455.3,3450.35,3455.3,375,
2024-03-21 13:00:00+05:30,3453.9,3456.95,3453,3455.5,240,
2024-03-21 13:01:00+05:30,3455.5,3457.75,3455.3,3457.5,293,
2024-03-21 13:02:00+05:30,3457.5,3457.65,3455.4,3457.3,228,
2024-03-21 13:03:00+05:30,3457.3,3458.85,3451.6,3452.05,684,
2024-03-21 13:04:00+05:30,3452.75,3456.2,3452.65,3455.35,231,
2024-03-21 13:05:00+05:30,3455.35,3457.9,3454.05,3454.45,399,
2024-03-21 13:06:00+05:30,3454.45,3456.2,3451.2,3451.4,490,
2024-03-21 13:07:00+05:30,3451.4,3454.3,3451.25,3452.7,179,
2024-03-21 13:08:00+05:30,3452.7,3454.25,3450.6,3451.7,284,
2024-03-21 13:09:00+05:30,3451.7,3454.45,3451.7,3453.85,200,
2024-03-21 13:10:00+05:30,3453.85,3455.8,3452,3452.95,214,
2024-03-21 13:11:00+05:30,3453.6,3455.15,3452.4,3455,223,
2024-03-21 13:12:00+05:30,3454.6,3457.5,3454.6,3456.85,226,
2024-03-21 13:13:00+05:30,3456.85,3457.7,3455,3457.05,240,
2024-03-21 13:14:00+05:30,3457.05,3457.95,3455.7,3457.95,238,
2024-03-21 13:15:00+05:30,3456.15,3458,3455,3455.05,271,
2024-03-21 13:16:00+05:30,3455.05,3455.15,3452.7,3455,196,
2024-03-21 13:17:00+05:30,3455,3456.85,3453.7,3455.55,195,
2024-03-21 13:18:00+05:30,3455.55,3456.95,3454,3455.6,226,
2024-03-21 13:19:00+05:30,3455.6,3458,3454.55,3456.4,280,
2024-03-21 13:20:00+05:30,3456.4,3458,3456.4,3457.2,184,
2024-03-21 13:21:00+05:30,3457.2,3458,3456.7,3457.7,172,
2024-03-21 13:22:00+05:30,3457.7,3458,3456.7,3458,238,
2024-03-21 13:23:00+05:30,3458,3458,3457.8,3457.9,455,
2024-03-21 13:24:00+05:30,3457.9,3457.95,3456.45,3456.45,313,
2024-03-21 13:25:00+05:30,3456.45,3457.95,3455.7,3457,262,
2024-03-21 13:26:00+05:30,3457,3457.95,3457,3457.95,190,
2024-03-21 13:27:00+05:30,3457,3457.95,3457,3457,268,
2024-03-21 13:28:00+05:30,3457,3458,3457,3458,231,
2024-03-21 13:29:00+05:30,3457.5,3458,3457.5,3457.8,242,
2024-03-21 13:30:00+05:30,3457.8,3458,3457.7,3457.75,441,
2024-03-21 13:31:00+05:30,3457.75,3458,3457.7,3457.75,228,
2024-03-21 13:32:00+05:30,3457.7,3459.9,3457.7,3458.95,176,
2024-03-21 13:33:00+05:30,3458.65,3459.9,3458.65,3459.35,284,
2024-03-21 13:34:00+05:30,3459.35,3459.5,3457.9,3459.45,205,
2024-03-21 13:35:00+05:30,3458.7,3460,3458.7,3459.85,421,
2024-03-21 13:36:00+05:30,3459.85,3460,3457.9,3459.85,278,
2024-03-21 13:37:00+05:30,3459.85,3460,3458.8,3459.35,204,
2024-03-21 13:38:00+05:30,3459.35,3460,3458.05,3458.8,209,
2024-03-21 13:39:00+05:30,3460,3460,3458.95,3459.45,188,
2024-03-21 13:40:00+05:30,3459.75,3460,3459.05,3460,206,
2024-03-21 13:41:00+05:30,3459.45,3460,3457.75,3457.8,277,
2024-03-21 13:42:00+05:30,3457.75,3459.85,3457,3458.6,280,
2024-03-21 13:43:00+05:30,3458.6,3460,3457,3459.85,213,
2024-03-21 13:44:00+05:30,3458.2,3460,3457.65,3457.75,237,
2024-03-21 13:45:00+05:30,3457.75,3460,3457.75,3458.25,166,
2024-03-21 13:46:00+05:30,3458.25,3459.9,3457,3457.9,281,
2024-03-21 13:47:00+05:30,3457.3,3459.9,3457.2,3458.15,239,
2024-03-21 13:48:00+05:30,3458.15,3459.35,3457,3458.85,271,
2024-03-21 13:49:00+05:30,3458.85,3459.8,3457.85,3459.55,181,
2024-03-21 13:50:00+05:30,3459.55,3460,3458.8,3459.25,197,
2024-03-21 13:51:00+05:30,3458.8,3460,3457.4,3457.9,223,
2024-03-21 13:52:00+05:30,3457.9,3460,3457.9,3459.65,243,
2024-03-21 13:53:00+05:30,3459.65,3460,3457.55,3457.55,658,
2024-03-21 13:54:00+05:30,3457.55,3459.3,3457,3458.85,190,
2024-03-21 13:55:00+05:30,3458.85,3459.55,3456.8,3459.35,532,
2024-03-21 13:56:00+05:30,3459.35,3460,3455.15,3455.15,492,
2024-03-21 13:57:00+05:30,3455.15,3456.85,3452,3452,859,
2024-03-21 13:58:00+05:30,3451.3,3454.85,3451.3,3454.65,236,
2024-03-21 13:59:00+05:30,3454.65,3455.65,3453.65,3454.9,253,
2024-03-21 14:00:00+05:30,3454.9,3456.05,3451.45,3452.55,408,
2024-03-21 14:01:00+05:30,3452.55,3454.25,3452.5,3452.6,275,
2024-03-21 14:02:00+05:30,3452.6,3453,3449.2,3451.9,1509,
2024-03-21 14:03:00+05:30,3451.9,3453.75,3450.9,3452.95,269,
2024-03-21 14:04:00+05:30,3452.4,3454.4,3451.3,3454.25,278,
2024-03-21 14:05:00+05:30,3454.25,3455.45,3453.05,3455.45,430,
2024-03-21 14:06:00+05:30,3455.45,3456.45,3453.45,3456.1,248,
2024-03-21 14:07:00+05:30,3454.9,3456.55,3454.9,3455.7,265,
2024-03-21 14:08:00+05:30,3455.7,3456.55,3451,3452.4,696,
2024-03-21 14:09:00+05:30,3450.9,3452.75,3450,3452.75,394,
2024-03-21 14:10:00+05:30,3452.7,3455.5,3451.25,3454.25,792,
2024-03-21 14:11:00+05:30,3454.6,3457.95,3453.6,3453.8,428,
2024-03-21 14:12:00+05:30,3453.8,3456.95,3453.8,3456.3,202,
2024-03-21 14:13:00+05:30,3454.9,3456.95,3452.5,3452.85,534,
2024-03-21 14:14:00+05:30,3452.85,3457,3450.65,3456,1143,
2024-03-21 14:15:00+05:30,3455.95,3457.95,3455.6,3456.95,260,
2024-03-21 14:16:00+05:30,3456.95,3456.95,3452.45,3454,557,
2024-03-21 14:17:00+05:30,3454.55,3457.5,3451.95,3456.35,30626,
2024-03-21 14:18:00+05:30,3456.35,3456.95,3454.35,3456.95,458,
2024-03-21 14:19:00+05:30,3456.95,3457.25,3456,3456.95,202,
2024-03-21 14:20:00+05:30,3456.95,3457.9,3454.35,3457.5,1067,
2024-03-21 14:21:00+05:30,3457.5,3460,3456.4,3459.7,1400,
2024-03-21 14:22:00+05:30,3459.7,3460,3457.55,3458.25,364,
2024-03-21 14:23:00+05:30,3458.25,3459.85,3457.05,3459.5,280,
2024-03-21 14:24:00+05:30,3459.5,3460.7,3457.05,3460.7,305,
2024-03-21 14:25:00+05:30,3460.7,3461.95,3459,3460.2,535,
2024-03-21 14:26:00+05:30,3460.2,3462.05,3459.95,3460.4,277,
2024-03-21 14:27:00+05:30,3460.4,3461.75,3457,3457,636,
2024-03-21 14:28:00+05:30,3457,3457,3453,3457,856,
2024-03-21 14:29:00+05:30,3455.95,3457,3455.1,3455.45,256,
2024-03-21 14:30:00+05:30,3455.45,3461.1,3455.45,3459.25,365,
2024-03-21 14:31:00+05:30,3461.1,3461.75,3457,3458.05,443,
2024-03-21 14:32:00+05:30,3458.05,3461.95,3458.05,3460.3,556,
2024-03-21 14:33:00+05:30,3460.3,3462.7,3460.05,3460.05,318,
2024-03-21 14:34:00+05:30,3460.5,3460.95,3457,3457,372,
2024-03-21 14:35:00+05:30,3457,3460.9,3457,3459.9,565,
2024-03-21 14:36:00+05:30,3459.9,3461.55,3459.4,3460.15,269,
2024-03-21 14:37:00+05:30,3460.15,3462,3460.15,3461.8,625,
2024-03-21 14:38:00+05:30,3460.4,3462,3460.4,3460.75,539,
2024-03-21 14:39:00+05:30,3461.2,3462.05,3460.8,3462.05,514,
2024-03-21 14:40:00+05:30,3460.8,3462.45,3460.8,3462.35,2746,
2024-03-21 14:41:00+05:30,3462.35,3462.45,3461,3461,721,
2024-03-21 14:42:00+05:30,3461,3462,3461,3461.65,821,
2024-03-21 14:43:00+05:30,3461.65,3462,3457.6,3459,2102,
2024-03-21 14:44:00+05:30,3459,3460,3458.05,3459.9,494,
2024-03-21 14:45:00+05:30,3461.35,3462,3459.8,3461.95,268,
2024-03-21 14:46:00+05:30,3460.4,3462,3458.9,3459.6,1103,
2024-03-21 14:47:00+05:30,3459.6,3460.6,3459.5,3460,1738,
2024-03-21 14:48:00+05:30,3460,3461.2,3459.05,3459.1,864,
2024-03-21 14:49:00+05:30,3459.15,3462,3459.1,3460.85,237,
2024-03-21 14:50:00+05:30,3462,3462,3460,3462,314,
2024-03-21 14:51:00+05:30,3460.3,3462,3459.1,3460.1,484,
2024-03-21 14:52:00+05:30,3460.1,3461.75,3455.55,3458.85,1665,
2024-03-21 14:53:00+05:30,3458.85,3461.65,3456.65,3457.85,353,
2024-03-21 14:54:00+05:30,3457.85,3460.2,3456.65,3458.05,777,
2024-03-21 14:55:00+05:30,3458.05,3460,3452,3454.25,1665,
2024-03-21 14:56:00+05:30,3454.15,3459.55,3453.35,3458.1,1279,
2024-03-21 14:57:00+05:30,3456.75,3460.55,3455.6,3460.05,1007,
2024-03-21 14:58:00+05:30,3460.1,3461.2,3455.4,3459.8,1053,
2024-03-21 14:59:00+05:30,3459.45,3461,3456.95,3458,927,
2024-03-21 15:00:00+05:30,3459.15,3460.9,3455.9,3458.9,3092,
2024-03-21 15:01:00+05:30,3458.85,3461,3457.95,3460.95,2186,
2024-03-21 15:02:00+05:30,3461,3462.7,3458.7,3462.15,1971,
2024-03-21 15:03:00+05:30,3462.15,3465,3459.85,3460,2432,
2024-03-21 15:04:00+05:30,3460.45,3460.5,3455.05,3459.05,1860,
2024-03-21 15:05:00+05:30,3460.35,3465,3460.15,3464.95,1461,
2024-03-21 15:06:00+05:30,3464.95,3466.6,3462.6,3463.45,2002,
2024-03-21 15:07:00+05:30,3463.45,3469.7,3463.45,3468.45,1680,
2024-03-21 15:08:00+05:30,3468.4,3470,3468.4,3470,1820,
2024-03-21 15:09:00+05:30,3469.45,3470,3461.45,3462.95,2466,
2024-03-21 15:10:00+05:30,3463.15,3469,3463.15,3468.45,3027,
2024-03-21 15:11:00+05:30,3468.45,3469.55,3465.45,3468.75,2909,
2024-03-21 15:12:00+05:30,3468.15,3469.15,3465.35,3469,2675,
2024-03-21 15:13:00+05:30,3468,3469.95,3466,3468.95,2180,
2024-03-21 15:14:00+05:30,3467.3,3470,3466.1,3468.05,3338,
2024-03-21 15:15:00+05:30,3466.8,3469.25,3463,3463.1,3460,
2024-03-21 15:16:00+05:30,3461.5,3465.15,3461.5,3464.1,3678,
2024-03-21 15:17:00+05:30,3464.1,3467.05,3462.2,3465.95,2816,
2024-03-21 15:18:00+05:30,3465.35,3466.4,3464,3465,2284,
2024-03-21 15:19:00+05:30,3464.25,3466,3461.65,3462.85,1665,
2024-03-21 15:20:00+05:30,3462.85,3462.85,3460.75,3461.05,2514,
2024-03-21 15:21:00+05:30,3462.8,3464.95,3461,3464.45,1785,
2024-03-21 15:22:00+05:30,3464.5,3467.25,3464.15,3466.05,1855,
2024-03-21 15:23:00+05:30,3467.15,3468.25,3465.95,3467.45,1790,
2024-03-21 15:24:00+05:30,3467.55,3470,3465.1,3465.15,12144,
2024-03-21 15:25:00+05:30,3465.1,3468.95,3464.5,3467.55,1672,
2024-03-21 15:26:00+05:30,3467.55,3467.95,3460.55,3467.5,2466,
2024-03-21 15:27:00+05:30,3467.55,3467.55,3458.2,3461.2,2785,
2024-03-21 15:28:00+05:30,3462,3463.85,3456.2,3459.7,2081,
2024-03-21 15:29:00+05:30,3459.7,3463.6,3453.2,3457.55,640,
2024-03-22 09:15:00+05:30,3463,3473.1,3458.9,3462.15,1997,
2024-03-22 09:16:00+05:30,3461.65,3469.2,3461,3465.9,924,
2024-03-22 09:17:00+05:30,3465.9,3470.65,3465,3467.55,333,
2024-03-22 09:18:00+05:30,3467.55,3470.65,3464.3,3470.55,514,
2024-03-22 09:19:00+05:30,3470.55,3473.7,3470.35,3472.7,537,
2024-03-22 09:20:00+05:30,3472.7,3476.35,3470.7,3475.05,824,
2024-03-22 09:21:00+05:30,3475.05,3475.95,3472.55,3472.55,1003,
2024-03-22 09:22:00+05:30,3472.55,3474.65,3469.65,3471.35,328,
2024-03-22 09:23:00+05:30,3471.9,3472,3470,3471.05,368,
2024-03-22 09:24:00+05:30,3471.05,3471.7,3464.75,3464.75,767,
2024-03-22 09:25:00+05:30,3464.75,3466.6,3455.35,3456.1,1867,
2024-03-22 09:26:00+05:30,3455.4,3456.35,3450,3456.3,490,
2024-03-22 09:27:00+05:30,3458.15,3463.1,3455.8,3457.3,757,
2024-03-22 09:28:00+05:30,3456.7,3458.95,3451.75,3458.95,1701,
2024-03-22 09:29:00+05:30,3459.2,3460.85,3455.75,3458.85,167,
2024-03-22 09:30:00+05:30,3458.85,3460.65,3454.1,3454.1,272,
2024-03-22 09:31:00+05:30,3454.15,3458.9,3453.2,3455,504,
2024-03-22 09:32:00+05:30,3455,3460,3452.5,3460,2996,
2024-03-22 09:33:00+05:30,3460,3460,3455.8,3458.15,489,
2024-03-22 09:34:00+05:30,3458.15,3459.4,3454.05,3454.25,628,
2024-03-22 09:35:00+05:30,3454.5,3455.7,3451,3452,771,
2024-03-22 09:36:00+05:30,3452,3452.3,3443.05,3445,1529,
2024-03-22 09:37:00+05:30,3443.05,3449.65,3441.85,3449.35,1227,
2024-03-22 09:38:00+05:30,3448.6,3451.2,3446.55,3450,1515,
2024-03-22 09:39:00+05:30,3451.2,3452,3450,3450,407,
2024-03-22 09:40:00+05:30,3450,3451.25,3445.9,3447.1,1591,
2024-03-22 09:41:00+05:30,3447.1,3449.1,3447.1,3447.4,301,
2024-03-22 09:42:00+05:30,3447.5,3450,3446.25,3450,636,
2024-03-22 09:43:00+05:30,3446.8,3450,3446.8,3450,163,
2024-03-22 09:44:00+05:30,3450,3450.7,3444.15,3445,1142,
2024-03-22 09:45:00+05:30,3445,3445,3437.05,3438.9,5582,
2024-03-22 09:46:00+05:30,3438.9,3441.95,3438.9,3440.6,1183,
2024-03-22 09:47:00+05:30,3441.85,3442.05,3438.9,3439,767,
2024-03-22 09:48:00+05:30,3439,3440,3437.7,3439.15,188,
2024-03-22 09:49:00+05:30,3440,3440,3435.4,3437,1787,
2024-03-22 09:50:00+05:30,3437,3440,3437,3440,328,
2024-03-22 09:51:00+05:30,3441.75,3442.25,3438.2,3439.65,714,
2024-03-22 09:52:00+05:30,3438.75,3440.2,3438.5,3439.3,468,
2024-03-22 09:53:00+05:30,3439.3,3441.45,3439.3,3439.3,390,
2024-03-22 09:54:00+05:30,3439.3,3440.4,3438.6,3440.1,229,
2024-03-22 09:55:00+05:30,3440.1,3440.85,3438.7,3439.85,197,
2024-03-22 09:56:00+05:30,3438.75,3439.75,3435.05,3436.5,2247,
2024-03-22 09:57:00+05:30,3435.25,3436.5,3431.95,3433.45,984,
2024-03-22 09:58:00+05:30,3433.45,3436.4,3431.95,3435,404,
2024-03-22 09:59:00+05:30,3435,3437.15,3435,3437.15,111,
2024-03-22 10:00:00+05:30,3437.15,3439.55,3435.5,3436.85,423,
2024-03-22 10:01:00+05:30,3436.85,3438.8,3435.3,3435.3,338,
2024-03-22 10:02:00+05:30,3435.3,3437.5,3435.3,3436.45,252,
2024-03-22 10:03:00+05:30,3435.3,3437.5,3432.4,3433,612,
2024-03-22 10:04:00+05:30,3432.4,3434.95,3431.1,3431.15,1660,
2024-03-22 10:05:00+05:30,3431,3432.7,3430.2,3431.5,976,
2024-03-22 10:06:00+05:30,3432.2,3435,3430.55,3434.65,1215,
2024-03-22 10:07:00+05:30,3434.8,3435.5,3432.65,3434.65,642,
2024-03-22 10:08:00+05:30,3433.7,3435.6,3432.5,3435,314,
2024-03-22 10:09:00+05:30,3435,3440,3435,3440,929,
2024-03-22 10:10:00+05:30,3440,3440,3434.6,3437.35,881,
2024-03-22 10:11:00+05:30,3437.35,3440.45,3436.35,3437.05,691,
2024-03-22 10:12:00+05:30,3437.65,3441,3437,3440.7,566,
2024-03-22 10:13:00+05:30,3439.8,3441.9,3439.3,3441.9,886,
2024-03-22 10:14:00+05:30,3441.9,3443.35,3439.9,3442.45,1020,
2024-03-22 10:15:00+05:30,3442.45,3444.25,3441.95,3444.25,603,
2024-03-22 10:16:00+05:30,3444.25,3444.25,3441.95,3443,908,
2024-03-22 10:17:00+05:30,3443,3444.85,3441.95,3442.75,1293,
2024-03-22 10:18:00+05:30,3442.75,3444.7,3441.95,3442.7,887,
2024-03-22 10:19:00+05:30,3442.7,3447.5,3442.7,3445.95,959,
2024-03-22 10:20:00+05:30,3445.95,3447.65,3443,3444.15,974,
2024-03-22 10:21:00+05:30,3443.05,3444.75,3442.85,3442.85,372,
2024-03-22 10:22:00+05:30,3442.85,3443.3,3441.95,3443.05,873,
2024-03-22 10:23:00+05:30,3443.05,3444.55,3442.3,3443.4,632,
2024-03-22 10:24:00+05:30,3443.4,3444.85,3442.1,3442.5,718,
2024-03-22 10:25:00+05:30,3442.1,3442.5,3442.05,3442.5,409,
2024-03-22 10:26:00+05:30,3442.1,3442.5,3439.5,3439.5,1969,
2024-03-22 10:27:00+05:30,3439.5,3441,3439.2,3440,447,
2024-03-22 10:28:00+05:30,3440,3442,3439.3,3440.45,494,
2024-03-22 10:29:00+05:30,3440.45,3442.5,3440.45,3442,111,
2024-03-22 10:30:00+05:30,3441.3,3442,3439.75,3439.8,372,
2024-03-22 10:31:00+05:30,3439.8,3441.7,3439.25,3441.7,681,
2024-03-22 10:32:00+05:30,3441.7,3441.95,3440.35,3441.85,597,
2024-03-22 10:33:00+05:30,3441.85,3442.5,3440.45,3440.45,781,
2024-03-22 10:34:00+05:30,3440.1,3440.45,3438.15,3438.15,1769,
2024-03-22 10:35:00+05:30,3437.7,3440.85,3437.55,3440.5,857,
2024-03-22 10:36:00+05:30,3440.5,3441.4,3438.9,3441.4,298,
2024-03-22 10:37:00+05:30,3441.4,3443.5,3441,3441.3,487,
2024-03-22 10:38:00+05:30,3442.15,3442.95,3440.6,3442.45,261,
2024-03-22 10:39:00+05:30,3442.05,3448.7,3442.05,3448.6,1613,
2024-03-22 10:40:00+05:30,3448.6,3449.05,3446.2,3449.05,1257,
2024-03-22 10:41:00+05:30,3449.95,3450,3448.3,3449.05,954,
2024-03-22 10:42:00+05:30,3449.05,3449.05,3448.35,3448.5,714,
2024-03-22 10:43:00+05:30,3449.5,3449.5,3447.1,3447.55,366,
2024-03-22 10:44:00+05:30,3447.1,3447.1,3441.65,3441.7,760,
2024-03-22 10:45:00+05:30,3442,3444,3441.7,3442.95,451,
2024-03-22 10:46:00+05:30,3442.95,3443.1,3440.65,3441.55,1286,
2024-03-22 10:47:00+05:30,3441.55,3443,3440.75,3442.15,744,
2024-03-22 10:48:00+05:30,3442.15,3442.95,3441.65,3441.95,293,
2024-03-22 10:49:00+05:30,3441.95,3444.85,3441.95,3443,842,
2024-03-22 10:50:00+05:30,3443,3443,3441.95,3442.1,765,
2024-03-22 10:51:00+05:30,3442.3,3442.85,3442,3442.1,395,
2024-03-22 10:52:00+05:30,3442.1,3442.3,3442.05,3442.3,588,
2024-03-22 10:53:00+05:30,3442.3,3443.9,3442.05,3442.2,688,
2024-03-22 10:54:00+05:30,3442.2,3442.3,3441.6,3441.65,305,
2024-03-22 10:55:00+05:30,3441.5,3444.85,3441.5,3442.1,845,
2024-03-22 10:56:00+05:30,3442.1,3442.95,3442,3442,234,
2024-03-22 10:57:00+05:30,3442,3442.75,3442,3442,238,
2024-03-22 10:58:00+05:30,3442,3443.4,3442,3442,433,
2024-03-22 10:59:00+05:30,3442,3442.25,3435.1,3436,3536,
2024-03-22 11:00:00+05:30,3436,3438.3,3434.2,3437,1314,
2024-03-22 11:01:00+05:30,3437,3439.65,3437,3438.05,710,
2024-03-22 11:02:00+05:30,3438,3439.15,3437,3438.3,522,
2024-03-22 11:03:00+05:30,3438.3,3439.2,3437.05,3438,719,
2024-03-22 11:04:00+05:30,3438,3439.2,3438,3438.2,190,
2024-03-22 11:05:00+05:30,3438.2,3441.2,3438.2,3440,613,
2024-03-22 11:06:00+05:30,3441.1,3441.1,3440,3440,387,
2024-03-22 11:07:00+05:30,3440,3441.15,3440,3440,186,
2024-03-22 11:08:00+05:30,3440,3441.15,3438.65,3438.8,615,
2024-03-22 11:09:00+05:30,3438.75,3440.8,3438.7,3439.65,364,
2024-03-22 11:10:00+05:30,3439.65,3440,3439.6,3439.95,121,
2024-03-22 11:11:00+05:30,3439.95,3442.4,3439.6,3440.1,1424,
2024-03-22 11:12:00+05:30,3440,3442.05,3439.55,3440.4,809,
2024-03-22 11:13:00+05:30,3440.4,3443.8,3440.4,3442.35,192,
2024-03-22 11:14:00+05:30,3442.35,3443.7,3442.3,3442.8,245,
2024-03-22 11:15:00+05:30,3442.8,3446,3442.8,3445.05,726,
2024-03-22 11:16:00+05:30,3445.05,3449.5,3445.05,3448.65,714,
2024-03-22 11:17:00+05:30,3448.65,3448.85,3446.55,3446.6,537,
2024-03-22 11:18:00+05:30,3447.9,3448.85,3446.55,3447.85,395,
2024-03-22 11:19:00+05:30,3447,3448.5,3446.9,3447.35,345,
2024-03-22 11:20:00+05:30,3447.35,3448.75,3446.2,3447.05,506,
2024-03-22 11:21:00+05:30,3447.05,3448.5,3446.8,3448,779,
2024-03-22 11:22:00+05:30,3448,3448.85,3447.4,3448.85,279,
2024-03-22 11:23:00+05:30,3448.85,3449.55,3447.35,3447.35,426,
2024-03-22 11:24:00+05:30,3447.35,3451.95,3445,3445,2001,
2024-03-22 11:25:00+05:30,3445,3447.45,3443.4,3445.2,1054,
2024-03-22 11:26:00+05:30,3445.2,3450,3445.2,3448.25,1358,
2024-03-22 11:27:00+05:30,3448.25,3450,3447.85,3449.5,447,
2024-03-22 11:28:00+05:30,3449.5,3451.6,3449.05,3450.65,621,
2024-03-22 11:29:00+05:30,3450,3453.55,3450,3453.2,417,
2024-03-22 11:30:00+05:30,3453.2,3453.45,3450.35,3450.45,478,
2024-03-22 11:31:00+05:30,3450.55,3453.25,3450.3,3450.35,460,
2024-03-22 11:32:00+05:30,3450.3,3453.55,3450,3452.8,976,
2024-03-22 11:33:00+05:30,3452.8,3453.5,3452.55,3452.9,216,
2024-03-22 11:34:00+05:30,3452.9,3454.95,3452.75,3453,1021,
2024-03-22 11:35:00+05:30,3453,3454,3452.9,3453.5,464,
2024-03-22 11:36:00+05:30,3453.5,3453.5,3452.1,3453,307,
2024-03-22 11:37:00+05:30,3452.3,3452.95,3450.35,3451,248,
2024-03-22 11:38:00+05:30,3451,3452,3450.8,3451.45,311,
2024-03-22 11:39:00+05:30,3451.45,3452,3451.35,3451.4,586,
2024-03-22 11:40:00+05:30,3451.4,3454.65,3451,3454.65,895,
2024-03-22 11:41:00+05:30,3453.65,3454.9,3450.65,3454.05,1245,
2024-03-22 11:42:00+05:30,3454.05,3454.7,3452.95,3454.3,426,
2024-03-22 11:43:00+05:30,3454.3,3454.3,3452,3452.25,614,
2024-03-22 11:44:00+05:30,3452.25,3455.5,3451.3,3455.2,1890,
2024-03-22 11:45:00+05:30,3455,3456.2,3453.2,3455,3943,
2024-03-22 11:46:00+05:30,3455,3455,3452.6,3453.25,790,
2024-03-22 11:47:00+05:30,3453.25,3455,3451.8,3453.5,1113,
2024-03-22 11:48:00+05:30,3453.5,3455.25,3453,3453.45,2019,
2024-03-22 11:49:00+05:30,3453.45,3455.25,3452.3,3455.25,2098,
2024-03-22 11:50:00+05:30,3455.25,3456.1,3453.45,3455,1325,
2024-03-22 11:51:00+05:30,3455,3455,3451.35,3451.35,643,
2024-03-22 11:52:00+05:30,3451.35,3452.65,3449,3451.3,1893,
2024-03-22 11:53:00+05:30,3451.3,3453.1,3451.3,3452.65,462,
2024-03-22 11:54:00+05:30,3451.3,3452.7,3450,3450,621,
2024-03-22 11:55:00+05:30,3450,3453,3449,3451.8,667,
2024-03-22 11:56:00+05:30,3450.65,3452.4,3449.35,3449.75,660,
2024-03-22 11:57:00+05:30,3449.35,3451.5,3449.35,3449.7,475,
2024-03-22 11:58:00+05:30,3449.7,3451,3449.7,3450,147,
2024-03-22 11:59:00+05:30,3450,3451.25,3450,3450,414,
2024-03-22 12:00:00+05:30,3450.3,3452.9,3450,3452.4,963,
2024-03-22 12:01:00+05:30,3452.4,3452.4,3447.9,3447.9,756,
2024-03-22 12:02:00+05:30,3447.9,3449.75,3446.6,3447.45,775,
2024-03-22 12:03:00+05:30,3447.45,3450,3447.45,3450,475,
2024-03-22 12:04:00+05:30,3450,3452,3447.8,3447.8,926,
2024-03-22 12:05:00+05:30,3447.5,3447.5,3446.05,3446.55,613,
2024-03-22 12:06:00+05:30,3446.55,3448.25,3446.2,3446.6,863,
2024-03-22 12:07:00+05:30,3446.6,3448.65,3446.5,3447.3,519,
2024-03-22 12:08:00+05:30,3447.3,3448.35,3445.15,3446.55,847,
2024-03-22 12:09:00+05:30,3446.2,3448.1,3445.6,3448.1,594,
2024-03-22 12:10:00+05:30,3448.1,3448.2,3446,3448.15,244,
2024-03-22 12:11:00+05:30,3448.55,3449.35,3445.6,3445.65,577,
2024-03-22 12:12:00+05:30,3445.65,3447.2,3445.6,3445.6,200,
2024-03-22 12:13:00+05:30,3445.6,3447.05,3445,3445.25,508,
2024-03-22 12:14:00+05:30,3445,3445.25,3439,3440.55,1653,
2024-03-22 12:15:00+05:30,3440.05,3441.55,3439.1,3440,914,
2024-03-22 12:16:00+05:30,3440,3442.4,3440,3440.1,785,
2024-03-22 12:17:00+05:30,3440.1,3444.45,3440,3441.55,601,
2024-03-22 12:18:00+05:30,3441.55,3446.35,3441.3,3443.25,943,
2024-03-22 12:19:00+05:30,3443.25,3444.2,3442.5,3442.5,386,
2024-03-22 12:20:00+05:30,3442.5,3442.75,3441.3,3442.6,372,
2024-03-22 12:21:00+05:30,3442.6,3442.6,3441.1,3441.95,244,
2024-03-22 12:22:00+05:30,3441.95,3445.95,3441.1,3443.35,976,
2024-03-22 12:23:00+05:30,3444.1,3444.9,3441.1,3442.55,607,
2024-03-22 12:24:00+05:30,3443.85,3443.85,3442.5,3443.85,273,
2024-03-22 12:25:00+05:30,3443.75,3445.2,3442,3443.6,1155,
2024-03-22 12:26:00+05:30,3443.6,3446,3442.6,3444.7,761,
2024-03-22 12:27:00+05:30,3446.45,3446.45,3444.2,3444.45,605,
2024-03-22 12:28:00+05:30,3444.45,3445.55,3444.45,3444.85,208,
2024-03-22 12:29:00+05:30,3444.85,3446.55,3444.3,3444.75,444,
2024-03-22 12:30:00+05:30,3444.75,3446.7,3444.35,3444.9,479,
2024-03-22 12:31:00+05:30,3446.6,3447,3444.9,3445.25,541,
2024-03-22 12:32:00+05:30,3445.25,3448.7,3445.25,3448.65,777,
2024-03-22 12:33:00+05:30,3447.1,3450.7,3447.1,3450.45,1066,
2024-03-22 12:34:00+05:30,3451.95,3453.1,3449.9,3451.15,1188,
2024-03-22 12:35:00+05:30,3451.15,3452.4,3450,3450.75,563,
2024-03-22 12:36:00+05:30,3450.75,3451,3448.85,3448.85,311,
2024-03-22 12:37:00+05:30,3448.85,3450.7,3448.1,3448.1,1062,
2024-03-22 12:38:00+05:30,3448.1,3450.45,3447.7,3448.2,288,
2024-03-22 12:39:00+05:30,3448.15,3449.5,3448,3449.3,510,
2024-03-22 12:40:00+05:30,3447.8,3449.95,3447.8,3449.5,302,
2024-03-22 12:41:00+05:30,3448.1,3449.5,3446.8,3447.4,407,
2024-03-22 12:42:00+05:30,3447.4,3448.05,3446,3447.05,383,
2024-03-22 12:43:00+05:30,3447.05,3448.7,3446.2,3446.6,730,
2024-03-22 12:44:00+05:30,3446.6,3448.3,3446.55,3447.8,219,
2024-03-22 12:45:00+05:30,3447.8,3453.7,3446.95,3450.15,1214,
2024-03-22 12:46:00+05:30,3450.15,3451.7,3449.35,3451.25,614,
2024-03-22 12:47:00+05:30,3451.25,3453.25,3450,3450.5,955,
2024-03-22 12:48:00+05:30,3450.5,3455,3450.5,3453.1,1251,
2024-03-22 12:49:00+05:30,3454.45,3454.45,3451.8,3452.6,602,
2024-03-22 12:50:00+05:30,3451.85,3456,3450.85,3455,2386,
2024-03-22 12:51:00+05:30,3454.2,3454.2,3450.9,3452.1,897,
2024-03-22 12:52:00+05:30,3452.1,3452.7,3450,3451.75,761,
2024-03-22 12:53:00+05:30,3451.75,3455,3450.7,3451.65,990,
2024-03-22 12:54:00+05:30,3452.45,3453,3451.3,3452.7,416,
2024-03-22 12:55:00+05:30,3452.7,3452.7,3451.1,3451.25,525,
2024-03-22 12:56:00+05:30,3451.25,3452,3451.15,3452,247,
2024-03-22 12:57:00+05:30,3452,3452.35,3452,3452.35,216,
2024-03-22 12:58:00+05:30,3452.35,3454.35,3452,3454.35,573,
2024-03-22 12:59:00+05:30,3454.35,3455,3453.65,3454.45,442,
2024-03-22 13:00:00+05:30,3454.4,3454.5,3452.95,3453,628,
2024-03-22 13:01:00+05:30,3454.45,3457.35,3451.8,3451.8,5375,
2024-03-22 13:02:00+05:30,3452.4,3455.95,3451.95,3454.3,1702,
2024-03-22 13:03:00+05:30,3454.9,3454.9,3452.35,3453.05,709,
2024-03-22 13:04:00+05:30,3453.65,3454.1,3451.1,3452.95,1294,
2024-03-22 13:05:00+05:30,3453.7,3453.75,3450,3450.8,1482,
2024-03-22 13:06:00+05:30,3450.8,3452.45,3448.6,3449.6,1465,
2024-03-22 13:07:00+05:30,3449.6,3449.6,3445.5,3446.7,1092,
2024-03-22 13:08:00+05:30,3446.7,3446.8,3444.3,3445.5,1498,
2024-03-22 13:09:00+05:30,3445.35,3447.7,3444.5,3446.05,1123,
2024-03-22 13:10:00+05:30,3446.05,3447.7,3444.5,3445,1434,
2024-03-22 13:11:00+05:30,3445,3445,3440.95,3443.15,2132,
2024-03-22 13:12:00+05:30,3443.15,3443.35,3440.05,3443.2,1633,
2024-03-22 13:13:00+05:30,3443.2,3443.6,3440.45,3442.95,899,
2024-03-22 13:14:00+05:30,3442.95,3444,3442.3,3443.4,564,
2024-03-22 13:15:00+05:30,3443.4,3448.75,3443.4,3447.05,948,
2024-03-22 13:16:00+05:30,3447.05,3448.7,3446.65,3448.35,818,
2024-03-22 13:17:00+05:30,3448.35,3451.5,3445.5,3448.3,2915,
2024-03-22 13:18:00+05:30,3448.3,3454.25,3446.2,3451.7,1764,
2024-03-22 13:19:00+05:30,3452.65,3455.7,3452.3,3453.55,2197,
2024-03-22 13:20:00+05:30,3453.55,3454.7,3450.25,3451.3,1001,
2024-03-22 13:21:00+05:30,3451.3,3453.25,3450.6,3452.05,670,
2024-03-22 13:22:00+05:30,3452.05,3455.9,3450.2,3453.9,905,
2024-03-22 13:23:00+05:30,3453.9,3454.85,3451.6,3454.85,633,
2024-03-22 13:24:00+05:30,3454.85,3455.85,3448.8,3450.65,1949,
2024-03-22 13:25:00+05:30,3450.65,3453.6,3450,3451.95,1695,
2024-03-22 13:26:00+05:30,3451.95,3455.05,3450.75,3454.55,2592,
2024-03-22 13:27:00+05:30,3454.55,3455.25,3449.95,3452.25,2389,
2024-03-22 13:28:00+05:30,3452.25,3453.4,3448.1,3448.1,1201,
2024-03-22 13:29:00+05:30,3448.1,3452.5,3447.25,3450.55,1853,
2024-03-22 13:30:00+05:30,3450.55,3453.95,3449.55,3453.95,1543,
2024-03-22 13:31:00+05:30,3453.95,3453.95,3450.5,3452.3,776,
2024-03-22 13:32:00+05:30,3452.3,3453.3,3451.9,3452.8,897,
2024-03-22 13:33:00+05:30,3452.8,3453.95,3452,3453.95,696,
2024-03-22 13:34:00+05:30,3453.95,3454.45,3452.15,3452.85,492,
2024-03-22 13:35:00+05:30,3452.85,3455,3448.45,3451.8,1338,
2024-03-22 13:36:00+05:30,3451.8,3451.95,3448.9,3450.75,348,
2024-03-22 13:37:00+05:30,3450.75,3451.6,3449.1,3450.4,357,
2024-03-22 13:38:00+05:30,3450.4,3451.95,3449.4,3450.95,773,
2024-03-22 13:39:00+05:30,3450.95,3451.9,3447.7,3447.85,1077,
2024-03-22 13:40:00+05:30,3447.85,3450.75,3447.7,3449.35,532,
2024-03-22 13:41:00+05:30,3449.8,3452.5,3447.6,3450.55,859,
2024-03-22 13:42:00+05:30,3450.55,3450.95,3448.9,3450.55,808,
2024-03-22 13:43:00+05:30,3450.55,3452.3,3448.35,3448.95,967,
2024-03-22 13:44:00+05:30,3448.95,3451.05,3447.2,3448.25,682,
2024-03-22 13:45:00+05:30,3448.25,3452.65,3447,3449.9,914,
2024-03-22 13:46:00+05:30,3449.5,3449.9,3448.2,3449.9,434,
2024-03-22 13:47:00+05:30,3450,3451.15,3447.6,3447.6,336,
2024-03-22 13:48:00+05:30,3447.6,3449.4,3447.4,3449.05,672,
2024-03-22 13:49:00+05:30,3449.05,3449.05,3446.5,3448.1,668,
2024-03-22 13:50:00+05:30,3448.1,3449.95,3446.9,3448.85,563,
2024-03-22 13:51:00+05:30,3448.85,3449.5,3447.35,3448.45,351,
2024-03-22 13:52:00+05:30,3448.45,3453.75,3448,3453,460,
2024-03-22 13:53:00+05:30,3453,3455.5,3448.95,3449.9,654,
2024-03-22 13:54:00+05:30,3449.9,3451.95,3449.2,3449.7,506,
2024-03-22 13:55:00+05:30,3449.7,3453.7,3449.35,3453.7,1085,
2024-03-22 13:56:00+05:30,3452.05,3455.3,3450.05,3451.25,1100,
2024-03-22 13:57:00+05:30,3451.3,3451.95,3450.45,3451.9,210,
2024-03-22 13:58:00+05:30,3451.9,3452.9,3441.1,3441.6,5550,
2024-03-22 13:59:00+05:30,3443.65,3443.65,3440,3440.5,967,
2024-03-22 14:00:00+05:30,3440.5,3442.8,3440,3440.2,1611,
2024-03-22 14:01:00+05:30,3440.2,3441.95,3440,3440.05,1836,
2024-03-22 14:02:00+05:30,3440,3440.2,3437.65,3437.7,1919,
2024-03-22 14:03:00+05:30,3437.7,3439.05,3437,3437.05,1315,
2024-03-22 14:04:00+05:30,3437.05,3439.65,3436.55,3439,865,
2024-03-22 14:05:00+05:30,3439,3439,3436.2,3438,645,
2024-03-22 14:06:00+05:30,3438,3441.3,3436.8,3439.75,632,
2024-03-22 14:07:00+05:30,3439.75,3441.5,3438.3,3440.3,2000,
2024-03-22 14:08:00+05:30,3440.3,3441.2,3438.2,3441.15,1162,
2024-03-22 14:09:00+05:30,3441.15,3441.15,3436.8,3440.05,2979,
2024-03-22 14:10:00+05:30,3440.05,3441,3437.1,3439.15,2478,
2024-03-22 14:11:00+05:30,3438.8,3441.15,3437.3,3439.15,1545,
2024-03-22 14:12:00+05:30,3438.4,3444.95,3437.7,3442,1767,
2024-03-22 14:13:00+05:30,3441.4,3443.8,3440.1,3441.4,1279,
2024-03-22 14:14:00+05:30,3441.4,3442.35,3439.9,3440.5,1000,
2024-03-22 14:15:00+05:30,3440.4,3441.45,3439.8,3440.3,482,
2024-03-22 14:16:00+05:30,3440.3,3447.2,3440.1,3446.45,2003,
2024-03-22 14:17:00+05:30,3445.25,3450.8,3444.9,3450.8,2256,
2024-03-22 14:18:00+05:30,3450.8,3452.7,3448.15,3449.95,2759,
2024-03-22 14:19:00+05:30,3449.35,3452.55,3448.1,3450.15,2064,
2024-03-22 14:20:00+05:30,3450.2,3451.95,3448.85,3450.65,1442,
2024-03-22 14:21:00+05:30,3450.65,3453.95,3448.3,3452.65,1167,
2024-03-22 14:22:00+05:30,3454.05,3454.1,3451.5,3452.85,746,
2024-03-22 14:23:00+05:30,3452.85,3455,3451.45,3452.25,1309,
2024-03-22 14:24:00+05:30,3452.25,3454.15,3451.1,3452.05,1227,
2024-03-22 14:25:00+05:30,3452.05,3453.45,3450.55,3450.9,678,
2024-03-22 14:26:00+05:30,3453,3453.75,3450.15,3450.8,816,
2024-03-22 14:27:00+05:30,3450.8,3452.4,3449.3,3450.6,380,
2024-03-22 14:28:00+05:30,3450.6,3452.85,3448.2,3450.4,1248,
2024-03-22 14:29:00+05:30,3450.5,3452.45,3448.35,3451.95,882,
2024-03-22 14:30:00+05:30,3451.95,3453.55,3447.75,3452.05,796,
2024-03-22 14:31:00+05:30,3452.05,3453.5,3450.35,3451.5,491,
2024-03-22 14:32:00+05:30,3451.5,3453.2,3450.45,3452.5,945,
2024-03-22 14:33:00+05:30,3452.5,3454.75,3451.55,3452.8,628,
2024-03-22 14:34:00+05:30,3452.8,3454.25,3449.75,3451.55,550,
2024-03-22 14:35:00+05:30,3450.65,3452.85,3448.65,3448.85,1195,
2024-03-22 14:36:00+05:30,3448.8,3450.35,3447.15,3450.35,721,
2024-03-22 14:37:00+05:30,3450.35,3453.4,3449.65,3450.25,1094,
2024-03-22 14:38:00+05:30,3450.2,3454.25,3448.2,3453.45,1369,
2024-03-22 14:39:00+05:30,3453.35,3454.55,3450.35,3450.6,441,
2024-03-22 14:40:00+05:30,3450.6,3453.5,3449,3451.3,802,
2024-03-22 14:41:00+05:30,3451.3,3453,3449.85,3452.7,869,
2024-03-22 14:42:00+05:30,3453.9,3456,3453.1,3453.75,4697,
2024-03-22 14:43:00+05:30,3453.5,3454.95,3452.15,3453.55,1527,
2024-03-22 14:44:00+05:30,3454,3456.55,3452.35,3452.35,4124,
2024-03-22 14:45:00+05:30,3452.3,3454,3443.15,3443.5,3469,
2024-03-22 14:46:00+05:30,3444,3444.05,3438.85,3438.85,2393,
2024-03-22 14:47:00+05:30,3438,3442.2,3437,3437,2386,
2024-03-22 14:48:00+05:30,3437,3438.8,3436.4,3437.55,1038,
2024-03-22 14:49:00+05:30,3437.55,3439.9,3437,3438.05,1299,
2024-03-22 14:50:00+05:30,3437.8,3438.4,3435.35,3435.35,1708,
2024-03-22 14:51:00+05:30,3435.3,3436.2,3432.9,3434.15,7953,
2024-03-22 14:52:00+05:30,3433.45,3433.45,3431.2,3432,1729,
2024-03-22 14:53:00+05:30,3432.05,3433.75,3431,3431.9,929,
2024-03-22 14:54:00+05:30,3433.1,3433.9,3431.7,3432.25,757,
2024-03-22 14:55:00+05:30,3432.1,3434.45,3431.6,3433.6,791,
2024-03-22 14:56:00+05:30,3432.45,3436.75,3432.45,3436.25,700,
2024-03-22 14:57:00+05:30,3436.25,3437.6,3434.85,3437.2,608,
2024-03-22 14:58:00+05:30,3435.95,3437.15,3434.95,3436.9,1169,
2024-03-22 14:59:00+05:30,3436.9,3437.5,3434.3,3435.8,950,
2024-03-22 15:00:00+05:30,3435.8,3437.95,3433.25,3437.95,2140,
2024-03-22 15:01:00+05:30,3435.8,3437.05,3434.05,3434.05,1385,
2024-03-22 15:02:00+05:30,3434.05,3436.35,3434.05,3436,869,
2024-03-22 15:03:00+05:30,3436,3436.35,3432.4,3432.4,2801,
2024-03-22 15:04:00+05:30,3432.4,3434.45,3432.25,3433.85,1039,
2024-03-22 15:05:00+05:30,3433.8,3438,3433.7,3435.2,2646,
2024-03-22 15:06:00+05:30,3435.25,3435.3,3434.05,3434.25,1436,
2024-03-22 15:07:00+05:30,3434.25,3434.3,3434.05,3434.05,981,
2024-03-22 15:08:00+05:30,3434.05,3434.15,3432.2,3432.5,2801,
2024-03-22 15:09:00+05:30,3432.7,3437.85,3432.5,3437.85,2975,
2024-03-22 15:10:00+05:30,3435.1,3436.55,3432.05,3432.45,2975,
2024-03-22 15:11:00+05:30,3432.35,3432.35,3430.25,3430.35,1889,
2024-03-22 15:12:00+05:30,3430.35,3430.95,3430.2,3430.3,1567,
2024-03-22 15:13:00+05:30,3430.3,3430.35,3428,3428.3,4826,
2024-03-22 15:14:00+05:30,3428.25,3428.45,3426.05,3426.45,2206,
2024-03-22 15:15:00+05:30,3426.1,3430.3,3425,3429.45,3872,
2024-03-22 15:16:00+05:30,3429.15,3432.6,3426.55,3430.55,3098,
2024-03-22 15:17:00+05:30,3430.25,3433,3430.25,3432.45,2592,
2024-03-22 15:18:00+05:30,3432.45,3432.45,3428.3,3429.5,2538,
2024-03-22 15:19:00+05:30,3429.35,3431.8,3428.7,3429.25,2521,
2024-03-22 15:20:00+05:30,3429.55,3430.65,3428.2,3430,2681,
2024-03-22 15:21:00+05:30,3429,3430.55,3428.75,3430,1424,
2024-03-22 15:22:00+05:30,3428.85,3431.6,3428.7,3431.6,1904,
2024-03-22 15:23:00+05:30,3431.6,3432,3429.95,3430.65,2570,
2024-03-22 15:24:00+05:30,3430.7,3433.65,3430.25,3432.75,2523,
2024-03-22 15:25:00+05:30,3432.95,3432.95,3430.55,3432.1,2595,
2024-03-22 15:26:00+05:30,3432.1,3432.85,3430.3,3430.3,2840,
2024-03-22 15:27:00+05:30,3432.7,3432.8,3429.6,3430.45,3131,
2024-03-22 15:28:00+05:30,3432.55,3434.7,3430.05,3434.55,1002,
2024-03-22 15:29:00+05:30,3434.5,3434.7,3430.7,3431,1730,
2024-03-26 09:15:00+05:30,3400,3433,3400,3429,9913,
2024-03-26 09:16:00+05:30,3428.75,3437.8,3427.35,3429.2,2376,
2024-03-26 09:17:00+05:30,3429.2,3431,3425.7,3428.35,1584,
2024-03-26 09:18:00+05:30,3428.35,3429.75,3420.6,3422.8,2021,
2024-03-26 09:19:00+05:30,3422.4,3425,3421.7,3424.95,866,
2024-03-26 09:20:00+05:30,3424.95,3425.85,3415,3418.9,1521,
2024-03-26 09:21:00+05:30,3418.9,3422.05,3416.05,3422.05,640,
2024-03-26 09:22:00+05:30,3422.05,3428,3421.55,3424.75,1645,
2024-03-26 09:23:00+05:30,3424.75,3431.7,3424.75,3430.75,1011,
2024-03-26 09:24:00+05:30,3431,3432.95,3428,3430.7,909,
2024-03-26 09:25:00+05:30,3430.7,3430.7,3426.5,3426.5,864,
2024-03-26 09:26:00+05:30,3427,3430.05,3426.15,3426.15,931,
2024-03-26 09:27:00+05:30,3426.2,3430,3426.2,3428.65,203,
2024-03-26 09:28:00+05:30,3428.65,3430,3428.65,3428.75,207,
2024-03-26 09:29:00+05:30,3428.75,3433,3428.65,3433,1980,
2024-03-26 09:30:00+05:30,3433,3435.65,3433,3435.65,876,
2024-03-26 09:31:00+05:30,3435.65,3439,3434.8,3436.6,1326,
2024-03-26 09:32:00+05:30,3435.1,3436.4,3433.6,3435.35,753,
2024-03-26 09:33:00+05:30,3435.35,3436.6,3430,3430.9,1199,
2024-03-26 09:34:00+05:30,3430.9,3430.9,3426.1,3428.7,2563,
2024-03-26 09:35:00+05:30,3428.7,3428.7,3420.6,3422.25,3886,
2024-03-26 09:36:00+05:30,3421,3421.95,3416.5,3417.25,2845,
2024-03-26 09:37:00+05:30,3417.25,3418.65,3408.2,3408.35,2530,
2024-03-26 09:38:00+05:30,3408.45,3411.95,3407,3411.5,986,
2024-03-26 09:39:00+05:30,3412.05,3412.95,3409,3409,820,
2024-03-26 09:40:00+05:30,3406.5,3408.3,3400.4,3401.05,4733,
2024-03-26 09:41:00+05:30,3401.05,3405.65,3401.05,3404.9,1138,
2024-03-26 09:42:00+05:30,3406.25,3406.25,3400.1,3402.1,1822,
2024-03-26 09:43:00+05:30,3402.1,3403.4,3400.1,3401.05,825,
2024-03-26 09:44:00+05:30,3401.05,3401.05,3395.65,3397.3,2948,
2024-03-26 09:45:00+05:30,3397.3,3397.9,3391.55,3391.55,2640,
2024-03-26 09:46:00+05:30,3393.6,3396.65,3392.1,3396.4,1031,
2024-03-26 09:47:00+05:30,3396.4,3398,3394.5,3397.1,1148,
2024-03-26 09:48:00+05:30,3397.1,3399.8,3395.25,3399.8,399,
2024-03-26 09:49:00+05:30,3399.8,3401.45,3398.2,3399.9,752,
2024-03-26 09:50:00+05:30,3399.9,3401.5,3399.9,3400,1105,
2024-03-26 09:51:00+05:30,3399.95,3401.5,3399.6,3400.9,968,
2024-03-26 09:52:00+05:30,3400.9,3401.5,3399.1,3400.55,3484,
2024-03-26 09:53:00+05:30,3400.55,3403.95,3400.55,3401.5,859,
2024-03-26 09:54:00+05:30,3401.5,3402,3400.05,3400.2,537,
2024-03-26 09:55:00+05:30,3400.2,3401,3398.55,3398.55,1664,
2024-03-26 09:56:00+05:30,3398.55,3399.7,3397.25,3398.4,1138,
2024-03-26 09:57:00+05:30,3398.2,3399.3,3397,3397.15,1440,
2024-03-26 09:58:00+05:30,3398.05,3398.6,3396.55,3396.95,2152,
2024-03-26 09:59:00+05:30,3396.95,3396.95,3393.55,3393.55,2767,
2024-03-26 10:00:00+05:30,3394,3394,3392.65,3392.65,1265,
2024-03-26 10:01:00+05:30,3392.65,3393,3391.65,3391.65,1604,
2024-03-26 10:02:00+05:30,3391.65,3392,3388.05,3388.05,7370,
2024-03-26 10:03:00+05:30,3387,3387,3380,3383.1,17316,
2024-03-26 10:04:00+05:30,3383.1,3384.95,3382.1,3383,2124,
2024-03-26 10:05:00+05:30,3383.35,3384.4,3382,3382.2,1768,
2024-03-26 10:06:00+05:30,3382.2,3383.35,3380,3382,2118,
2024-03-26 10:07:00+05:30,3382,3383.8,3381.15,3381.15,2965,
2024-03-26 10:08:00+05:30,3382.95,3384,3381,3384,1788,
2024-03-26 10:09:00+05:30,3384,3385,3381,3384.9,2844,
2024-03-26 10:10:00+05:30,3384.9,3384.9,3381,3383.95,3051,
2024-03-26 10:11:00+05:30,3383.95,3384.9,3382.05,3382.7,1479,
2024-03-26 10:12:00+05:30,3382.7,3384.05,3382.35,3383.75,902,
2024-03-26 10:13:00+05:30,3383.75,3384.9,3382.55,3384.45,1446,
2024-03-26 10:14:00+05:30,3383.75,3383.75,3381,3381,1082,
2024-03-26 10:15:00+05:30,3381,3381,3376.05,3377.45,5804,
2024-03-26 10:16:00+05:30,3376.9,3378.3,3375.2,3376.7,2517,
2024-03-26 10:17:00+05:30,3376.7,3378,3375,3375.05,1655,
2024-03-26 10:18:00+05:30,3375,3378,3375,3377.15,2431,
2024-03-26 10:19:00+05:30,3377.15,3379.95,3375,3379.95,2829,
2024-03-26 10:20:00+05:30,3379.95,3383,3377.05,3383,3280,
2024-03-26 10:21:00+05:30,3382.95,3383,3380.95,3381.5,1492,
2024-03-26 10:22:00+05:30,3381.5,3383.95,3381.5,3383.25,1367,
2024-03-26 10:23:00+05:30,3383.9,3385,3382.3,3384.75,2545,
2024-03-26 10:24:00+05:30,3384.75,3387.7,3384.3,3387,2174,
2024-03-26 10:25:00+05:30,3388.2,3389.75,3385.05,3385.35,4190,
2024-03-26 10:26:00+05:30,3385.35,3386.6,3384.15,3385.65,1016,
2024-03-26 10:27:00+05:30,3385.65,3388,3385.65,3386.05,815,
2024-03-26 10:28:00+05:30,3386,3389.95,3386,3388.45,2447,
2024-03-26 10:29:00+05:30,3388.45,3392.3,3388.45,3391.45,3120,
2024-03-26 10:30:00+05:30,3391.5,3395,3390,3393,2073,
2024-03-26 10:31:00+05:30,3393,3393.1,3388.4,3388.4,2302,
2024-03-26 10:32:00+05:30,3388.4,3390.45,3388.4,3389,780,
2024-03-26 10:33:00+05:30,3389,3390,3388.05,3388.5,953,
2024-03-26 10:34:00+05:30,3388.35,3389,3388,3388.3,600,
2024-03-26 10:35:00+05:30,3388,3389.75,3388,3388.45,450,
2024-03-26 10:36:00+05:30,3388.45,3389.8,3388.45,3388.95,536,
2024-03-26 10:37:00+05:30,3388.95,3388.95,3387,3387,866,
2024-03-26 10:38:00+05:30,3387,3387,3383,3384,3060,
2024-03-26 10:39:00+05:30,3383.95,3388.45,3383.9,3387.3,1935,
2024-03-26 10:40:00+05:30,3387.3,3388.95,3387.25,3387.5,552,
2024-03-26 10:41:00+05:30,3387.4,3389.95,3386.6,3389.1,806,
2024-03-26 10:42:00+05:30,3389.1,3389.9,3387.05,3388,1560,
2024-03-26 10:43:00+05:30,3388,3388,3386.45,3386.5,439,
2024-03-26 10:44:00+05:30,3386.5,3387,3384.9,3386.15,2087,
2024-03-26 10:45:00+05:30,3386.15,3388,3386.1,3388,886,
2024-03-26 10:46:00+05:30,3386.95,3388.95,3386.85,3388.95,1094,
2024-03-26 10:47:00+05:30,3388.95,3395.8,3387.3,3387.4,3605,
2024-03-26 10:48:00+05:30,3387.4,3388,3386.6,3387.7,270,
2024-03-26 10:49:00+05:30,3387.7,3389.95,3387.65,3389.9,326,
2024-03-26 10:50:00+05:30,3389.9,3390,3388.6,3388.6,1095,
2024-03-26 10:51:00+05:30,3388.6,3389.65,3388.5,3388.7,516,
2024-03-26 10:52:00+05:30,3388.7,3388.95,3386.75,3386.8,834,
2024-03-26 10:53:00+05:30,3387,3388.95,3384,3384,1012,
2024-03-26 10:54:00+05:30,3384,3384.9,3382.3,3384,696,
2024-03-26 10:55:00+05:30,3384,3387.15,3384,3385.95,442,
2024-03-26 10:56:00+05:30,3385.95,3388,3385.6,3387.75,2271,
2024-03-26 10:57:00+05:30,3387.75,3387.95,3386.1,3386.1,1072,
2024-03-26 10:58:00+05:30,3386.1,3387,3385.65,3386.1,990,
2024-03-26 10:59:00+05:30,3386.1,3386.7,3385.7,3385.8,685,
2024-03-26 11:00:00+05:30,3385.8,3387,3385.65,3386.15,749,
2024-03-26 11:01:00+05:30,3386.15,3387,3385.55,3385.65,764,
2024-03-26 11:02:00+05:30,3385.55,3385.75,3385.1,3385.2,348,
2024-03-26 11:03:00+05:30,3385.2,3387,3385.1,3385.4,1914,
2024-03-26 11:04:00+05:30,3385.4,3389.75,3385.15,3386.25,1680,
2024-03-26 11:05:00+05:30,3386.7,3388,3386.25,3387.9,773,
2024-03-26 11:06:00+05:30,3388.65,3390,3387.8,3390,1141,
2024-03-26 11:07:00+05:30,3390,3390,3387.8,3388.05,947,
2024-03-26 11:08:00+05:30,3387,3387.85,3386.65,3387,269,
2024-03-26 11:09:00+05:30,3387,3387,3386.65,3386.65,162,
2024-03-26 11:10:00+05:30,3386.65,3386.95,3386.2,3386.95,181,
2024-03-26 11:11:00+05:30,3386.65,3387,3386.65,3386.7,407,
2024-03-26 11:12:00+05:30,3386.7,3388,3386.55,3388,329,
2024-03-26 11:13:00+05:30,3388,3388,3386.9,3387.15,1748,
2024-03-26 11:14:00+05:30,3387.05,3387.1,3386.5,3386.5,1114,
2024-03-26 11:15:00+05:30,3386.5,3386.5,3385,3385,1443,
2024-03-26 11:16:00+05:30,3385,3385.05,3383.05,3383.6,1575,
2024-03-26 11:17:00+05:30,3383.6,3385,3382,3382,1635,
2024-03-26 11:18:00+05:30,3382,3382.75,3382,3382.7,783,
2024-03-26 11:19:00+05:30,3382.7,3385.5,3382.6,3385,518,
2024-03-26 11:20:00+05:30,3384.95,3387,3384.95,3385.6,941,
2024-03-26 11:21:00+05:30,3385.6,3385.85,3385,3385,583,
2024-03-26 11:22:00+05:30,3385,3386.8,3385,3385.05,430,
2024-03-26 11:23:00+05:30,3385.05,3386.8,3385,3386.3,229,
2024-03-26 11:24:00+05:30,3386.3,3388,3386.25,3388,1779,
2024-03-26 11:25:00+05:30,3388,3388,3386.2,3387,2667,
2024-03-26 11:26:00+05:30,3387,3388.7,3387,3388.65,2103,
2024-03-26 11:27:00+05:30,3388.7,3389.25,3387.45,3388.7,6234,
2024-03-26 11:28:00+05:30,3389,3390,3389,3389.65,2150,
2024-03-26 11:29:00+05:30,3389.65,3390,3389.45,3389.55,430,
2024-03-26 11:30:00+05:30,3389.55,3391.7,3389.2,3390.65,3052,
2024-03-26 11:31:00+05:30,3390.65,3391.5,3390.6,3390.75,271,
2024-03-26 11:32:00+05:30,3390.75,3391.9,3390.75,3391,540,
2024-03-26 11:33:00+05:30,3391.35,3391.9,3390.95,3391.55,1325,
2024-03-26 11:34:00+05:30,3391.55,3391.95,3391,3391.6,936,
2024-03-26 11:35:00+05:30,3391.95,3392.7,3390.8,3392.6,3853,
2024-03-26 11:36:00+05:30,3392.4,3394.7,3392.4,3393.7,1076,
2024-03-26 11:37:00+05:30,3393.6,3394.7,3391.55,3392,1729,
2024-03-26 11:38:00+05:30,3392,3393,3391.55,3391.8,2993,
2024-03-26 11:39:00+05:30,3391.8,3393,3389.65,3389.65,1040,
2024-03-26 11:40:00+05:30,3392,3392.3,3386,3387.7,1235,
2024-03-26 11:41:00+05:30,3387.7,3388.05,3386.45,3386.95,380,
2024-03-26 11:42:00+05:30,3386.95,3388.3,3386,3388,673,
2024-03-26 11:43:00+05:30,3388,3388,3386.2,3386.55,734,
2024-03-26 11:44:00+05:30,3386.55,3388.95,3386.2,3386.65,792,
2024-03-26 11:45:00+05:30,3386.65,3390,3386,3388.95,667,
2024-03-26 11:46:00+05:30,3388.95,3390,3388.5,3390,655,
2024-03-26 11:47:00+05:30,3390,3391,3386,3386.7,3199,
2024-03-26 11:48:00+05:30,3386.7,3387.65,3386,3387.55,424,
2024-03-26 11:49:00+05:30,3387.55,3388,3386.05,3386.95,612,
2024-03-26 11:50:00+05:30,3388.35,3388.45,3386.55,3387,671,
2024-03-26 11:51:00+05:30,3387,3388.45,3386.5,3388.2,450,
2024-03-26 11:52:00+05:30,3388.2,3389.05,3386.75,3388.9,265,
2024-03-26 11:53:00+05:30,3388.9,3389.05,3388.15,3388.8,287,
2024-03-26 11:54:00+05:30,3388.8,3389.05,3387,3387.25,291,
2024-03-26 11:55:00+05:30,3387.25,3388.95,3387,3388,337,
2024-03-26 11:56:00+05:30,3388,3388,3387,3387,458,
2024-03-26 11:57:00+05:30,3387,3388,3387,3387.45,351,
2024-03-26 11:58:00+05:30,3387.45,3388,3387.35,3388,261,
2024-03-26 11:59:00+05:30,3387.85,3388,3387,3387,523,
2024-03-26 12:00:00+05:30,3387.95,3387.95,3386.4,3387.15,352,
2024-03-26 12:01:00+05:30,3387.15,3388,3386.7,3388,324,
2024-03-26 12:02:00+05:30,3387.05,3388,3386.35,3386.8,405,
2024-03-26 12:03:00+05:30,3387.75,3387.75,3386.7,3387,315,
2024-03-26 12:04:00+05:30,3387,3388,3386.75,3388,1066,
2024-03-26 12:05:00+05:30,3386.85,3388.4,3386.85,3388.05,2578,
2024-03-26 12:06:00+05:30,3388.05,3388.4,3388,3388,1408,
2024-03-26 12:07:00+05:30,3388,3390,3388,3389.75,1414,
2024-03-26 12:08:00+05:30,3389.75,3389.75,3387.15,3389.2,1234,
2024-03-26 12:09:00+05:30,3389.2,3389.2,3387.25,3388,408,
2024-03-26 12:10:00+05:30,3387.1,3388,3387.1,3387.2,376,
2024-03-26 12:11:00+05:30,3387.4,3387.6,3387,3387.5,1159,
2024-03-26 12:12:00+05:30,3387.5,3388.65,3387.45,3388.05,432,
2024-03-26 12:13:00+05:30,3388.05,3388.25,3388,3388.1,378,
2024-03-26 12:14:00+05:30,3388.1,3389.7,3388,3389.65,903,
2024-03-26 12:15:00+05:30,3389.65,3389.65,3388,3388.25,269,
2024-03-26 12:16:00+05:30,3388.25,3389.6,3388.2,3389.6,257,
2024-03-26 12:17:00+05:30,3388.45,3389.5,3388.35,3389,344,
2024-03-26 12:18:00+05:30,3388.45,3389,3388.35,3388.55,429,
2024-03-26 12:19:00+05:30,3388.55,3388.55,3387.05,3388.45,787,
2024-03-26 12:20:00+05:30,3388.45,3389.55,3387.1,3389.55,1069,
2024-03-26 12:21:00+05:30,3389.55,3392,3389.55,3390,3300,
2024-03-26 12:22:00+05:30,3390,3392,3390,3391.6,853,
2024-03-26 12:23:00+05:30,3390.85,3392.95,3390.65,3391.6,827,
2024-03-26 12:24:00+05:30,3391.6,3394,3391.6,3393.55,1298,
2024-03-26 12:25:00+05:30,3393.55,3395,3393.2,3394,816,
2024-03-26 12:26:00+05:30,3394,3394,3393.1,3394,553,
2024-03-26 12:27:00+05:30,3393.3,3395,3393.3,3395,2889,
2024-03-26 12:28:00+05:30,3395,3397.7,3394.95,3396.2,2485,
2024-03-26 12:29:00+05:30,3396.15,3396.15,3394.15,3395.05,456,
2024-03-26 12:30:00+05:30,3395.05,3397.7,3395.05,3397.65,911,
2024-03-26 12:31:00+05:30,3397.65,3397.8,3394.7,3396.85,708,
2024-03-26 12:32:00+05:30,3396.8,3396.8,3394.55,3394.55,1116,
2024-03-26 12:33:00+05:30,3394.55,3396.5,3394.3,3395,609,
2024-03-26 12:34:00+05:30,3395,3395.95,3395,3395.55,595,
2024-03-26 12:35:00+05:30,3395.55,3395.85,3395,3395.3,1849,
2024-03-26 12:36:00+05:30,3395.3,3395.75,3394,3395,1275,
2024-03-26 12:37:00+05:30,3395,3396.5,3395,3395.6,1138,
2024-03-26 12:38:00+05:30,3395.6,3397,3395.6,3396.7,562,
2024-03-26 12:39:00+05:30,3396.45,3397,3396,3396.4,399,
2024-03-26 12:40:00+05:30,3395.85,3396.4,3395,3396.15,333,
2024-03-26 12:41:00+05:30,3396.15,3396.15,3394.1,3395.25,275,
2024-03-26 12:42:00+05:30,3396.25,3396.8,3394.5,3395.1,1152,
2024-03-26 12:43:00+05:30,3394.5,3394.75,3391.65,3393.2,373,
2024-03-26 12:44:00+05:30,3393.05,3393.35,3390,3390,480,
2024-03-26 12:45:00+05:30,3391,3392.3,3390,3392.3,1052,
2024-03-26 12:46:00+05:30,3392.3,3392.3,3390.85,3391.25,183,
2024-03-26 12:47:00+05:30,3391.25,3391.55,3391.2,3391.35,399,
2024-03-26 12:48:00+05:30,3391.35,3392.5,3390.25,3390.25,597,
2024-03-26 12:49:00+05:30,3390.25,3391.2,3390,3390.05,1360,
2024-03-26 12:50:00+05:30,3392,3392,3389.95,3391,1604,
2024-03-26 12:51:00+05:30,3391,3392.65,3389,3392.55,1229,
2024-03-26 12:52:00+05:30,3392.55,3392.55,3391.35,3391.45,224,
2024-03-26 12:53:00+05:30,3391.45,3391.45,3390.9,3391.05,184,
2024-03-26 12:54:00+05:30,3391.05,3391.05,3390.55,3391,278,
2024-03-26 12:55:00+05:30,3391,3391,3390.55,3390.9,222,
2024-03-26 12:56:00+05:30,3390.9,3390.9,3390.5,3390.55,362,
2024-03-26 12:57:00+05:30,3390.55,3392.15,3390.5,3391.85,535,
2024-03-26 12:58:00+05:30,3391.85,3391.85,3390.05,3391.65,364,
2024-03-26 12:59:00+05:30,3391.65,3391.7,3390.05,3391.7,309,
2024-03-26 13:00:00+05:30,3391.7,3392.7,3390.55,3390.55,370,
2024-03-26 13:01:00+05:30,3390.55,3392.3,3390.35,3390.8,263,
2024-03-26 13:02:00+05:30,3390.8,3392.5,3390.8,3391.45,289,
2024-03-26 13:03:00+05:30,3391.45,3392.5,3391.1,3392.35,277,
2024-03-26 13:04:00+05:30,3392.15,3392.35,3391,3391,361,
2024-03-26 13:05:00+05:30,3390.4,3391.85,3390.3,3390.65,317,
2024-03-26 13:06:00+05:30,3390.65,3392.15,3390.6,3391.6,323,
2024-03-26 13:07:00+05:30,3391.55,3391.6,3387.2,3390.7,4967,
2024-03-26 13:08:00+05:30,3390.7,3390.7,3389,3390.1,363,
2024-03-26 13:09:00+05:30,3390.1,3390.1,3389.65,3390.05,524,
2024-03-26 13:10:00+05:30,3390,3390.05,3389.65,3389.95,717,
2024-03-26 13:11:00+05:30,3389.95,3393,3389.8,3389.9,939,
2024-03-26 13:12:00+05:30,3389.9,3391,3389.7,3390.9,484,
2024-03-26 13:13:00+05:30,3390.4,3390.9,3389.6,3390,517,
2024-03-26 13:14:00+05:30,3390,3390,3386.95,3388.2,610,
2024-03-26 13:15:00+05:30,3387.45,3388.95,3387.35,3387.9,237,
2024-03-26 13:16:00+05:30,3387.9,3389.55,3387.9,3388,390,
2024-03-26 13:17:00+05:30,3388,3389.5,3388,3388.05,401,
2024-03-26 13:18:00+05:30,3388.05,3388.75,3388,3388,204,
2024-03-26 13:19:00+05:30,3388,3388.05,3387.9,3387.9,212,
2024-03-26 13:20:00+05:30,3387.9,3387.95,3387.8,3387.95,278,
2024-03-26 13:21:00+05:30,3387.95,3387.95,3386.9,3387.2,353,
2024-03-26 13:22:00+05:30,3387.05,3388.7,3386.3,3387,557,
2024-03-26 13:23:00+05:30,3387,3388.55,3386.5,3388,430,
2024-03-26 13:24:00+05:30,3388,3388,3386.25,3386.4,270,
2024-03-26 13:25:00+05:30,3386.4,3386.8,3386.35,3386.6,194,
2024-03-26 13:26:00+05:30,3386.6,3387.85,3386.1,3386.1,316,
2024-03-26 13:27:00+05:30,3386.1,3388.05,3386.1,3386.45,559,
2024-03-26 13:28:00+05:30,3386.35,3387,3386.05,3386.3,257,
2024-03-26 13:29:00+05:30,3386.3,3388.3,3386.3,3386.75,161,
2024-03-26 13:30:00+05:30,3386.75,3388,3386.55,3388,417,
2024-03-26 13:31:00+05:30,3388,3388,3387,3387.35,141,
2024-03-26 13:32:00+05:30,3387.35,3387.4,3387,3387.4,223,
2024-03-26 13:33:00+05:30,3387.35,3387.95,3387.15,3387.3,670,
2024-03-26 13:34:00+05:30,3387.3,3387.3,3387.15,3387.15,224,
2024-03-26 13:35:00+05:30,3387.15,3388.4,3387,3388.35,385,
2024-03-26 13:36:00+05:30,3388.25,3388.35,3386.05,3386.8,961,
2024-03-26 13:37:00+05:30,3386.8,3387.4,3386,3386.9,301,
2024-03-26 13:38:00+05:30,3386.9,3387.75,3386.15,3387.75,251,
2024-03-26 13:39:00+05:30,3387.75,3387.75,3387.4,3387.5,318,
2024-03-26 13:40:00+05:30,3387.55,3387.55,3387.4,3387.5,623,
2024-03-26 13:41:00+05:30,3387.4,3387.6,3386,3387.6,375,
2024-03-26 13:42:00+05:30,3387.6,3388,3386.25,3386.8,192,
2024-03-26 13:43:00+05:30,3386.8,3387.65,3386.3,3387.65,297,
2024-03-26 13:44:00+05:30,3387.45,3387.45,3386.3,3386.4,160,
2024-03-26 13:45:00+05:30,3386.4,3389.55,3386.4,3389.55,1254,
2024-03-26 13:46:00+05:30,3389.9,3389.9,3387.45,3388.7,665,
2024-03-26 13:47:00+05:30,3388.7,3389.2,3388.6,3388.7,311,
2024-03-26 13:48:00+05:30,3388.6,3389.2,3388.4,3389.1,583,
2024-03-26 13:49:00+05:30,3389.1,3390,3388.8,3389.35,999,
2024-03-26 13:50:00+05:30,3389.1,3391,3388.7,3388.85,1641,
2024-03-26 13:51:00+05:30,3390,3393,3388.7,3389.6,1712,
2024-03-26 13:52:00+05:30,3389.5,3391.95,3388.75,3388.75,1209,
2024-03-26 13:53:00+05:30,3388.75,3389.55,3387.4,3388.55,395,
2024-03-26 13:54:00+05:30,3388.25,3389.65,3386.45,3387.05,458,
2024-03-26 13:55:00+05:30,3387.05,3388.3,3386.45,3387.7,230,
2024-03-26 13:56:00+05:30,3387.55,3387.95,3387.05,3387.6,500,
2024-03-26 13:57:00+05:30,3387.8,3388.9,3386.9,3387.85,453,
2024-03-26 13:58:00+05:30,3387.85,3389.95,3387.65,3389.85,429,
2024-03-26 13:59:00+05:30,3388.35,3389.95,3388,3389.85,304,
2024-03-26 14:00:00+05:30,3389.85,3389.85,3389,3389.55,197,
2024-03-26 14:01:00+05:30,3389.55,3389.8,3389.3,3389.55,296,
2024-03-26 14:02:00+05:30,3389.55,3389.85,3389.45,3389.5,161,
2024-03-26 14:03:00+05:30,3389.5,3390,3389.5,3389.75,360,
2024-03-26 14:04:00+05:30,3389.75,3390,3389,3389.5,1275,
2024-03-26 14:05:00+05:30,3389.25,3390,3388.65,3389.15,754,
2024-03-26 14:06:00+05:30,3389.05,3390,3389.05,3390,270,
2024-03-26 14:07:00+05:30,3390,3390,3389,3390,942,
2024-03-26 14:08:00+05:30,3389,3390,3389,3390,597,
2024-03-26 14:09:00+05:30,3389.2,3391,3389,3391,1515,
2024-03-26 14:10:00+05:30,3391,3391,3388.8,3388.8,516,
2024-03-26 14:11:00+05:30,3390,3390,3387.15,3387.15,848,
2024-03-26 14:12:00+05:30,3387.15,3388.8,3387.15,3387.8,579,
2024-03-26 14:13:00+05:30,3387.8,3389.1,3387.1,3388.9,302,
2024-03-26 14:14:00+05:30,3388.1,3389.35,3387.5,3389.35,273,
2024-03-26 14:15:00+05:30,3389.35,3389.35,3387.2,3387.3,172,
2024-03-26 14:16:00+05:30,3387.3,3389.15,3387.1,3388.35,246,
2024-03-26 14:17:00+05:30,3388.35,3389.2,3388.35,3389.2,176,
2024-03-26 14:18:00+05:30,3389.15,3389.2,3389,3389.05,239,
2024-03-26 14:19:00+05:30,3389,3389.05,3387.25,3387.3,312,
2024-03-26 14:20:00+05:30,3387.3,3389,3387.05,3388.7,426,
2024-03-26 14:21:00+05:30,3388.7,3388.95,3387.5,3388,520,
2024-03-26 14:22:00+05:30,3388,3389.95,3387.5,3387.5,568,
2024-03-26 14:23:00+05:30,3387.5,3389,3387.5,3388,175,
2024-03-26 14:24:00+05:30,3388,3389,3387.2,3388.2,628,
2024-03-26 14:25:00+05:30,3388.2,3389,3387.25,3388.9,383,
2024-03-26 14:26:00+05:30,3388.9,3388.9,3387,3387.5,223,
2024-03-26 14:27:00+05:30,3387.5,3388.85,3387.35,3387.75,214,
2024-03-26 14:28:00+05:30,3387.75,3388,3387.7,3387.9,250,
2024-03-26 14:29:00+05:30,3387.8,3388,3386.5,3387,769,
2024-03-26 14:30:00+05:30,3387,3388.95,3386.5,3388.25,331,
2024-03-26 14:31:00+05:30,3388.9,3389,3387.1,3388,314,
2024-03-26 14:32:00+05:30,3388,3389.55,3386.9,3389.15,367,
2024-03-26 14:33:00+05:30,3389,3389.45,3389,3389.4,578,
2024-03-26 14:34:00+05:30,3389.1,3389.1,3386.6,3387.65,284,
2024-03-26 14:35:00+05:30,3387.5,3389,3386.55,3387,377,
2024-03-26 14:36:00+05:30,3386.6,3387.35,3385,3385.1,860,
2024-03-26 14:37:00+05:30,3385.05,3387,3385,3385.15,502,
2024-03-26 14:38:00+05:30,3385,3385.15,3383.2,3384.1,950,
2024-03-26 14:39:00+05:30,3384.1,3384.1,3383,3383.9,364,
2024-03-26 14:40:00+05:30,3383.8,3385.45,3383.35,3384.75,508,
2024-03-26 14:41:00+05:30,3383.55,3386,3383,3383.4,434,
2024-03-26 14:42:00+05:30,3384.2,3385.55,3383.5,3384.05,426,
2024-03-26 14:43:00+05:30,3384,3385.9,3383.55,3385.7,1327,
2024-03-26 14:44:00+05:30,3385.7,3386.25,3384,3385,520,
2024-03-26 14:45:00+05:30,3385,3385.75,3383.4,3384.8,936,
2024-03-26 14:46:00+05:30,3384.8,3384.95,3382.5,3384.35,1167,
2024-03-26 14:47:00+05:30,3384.35,3384.35,3382.2,3382.5,481,
2024-03-26 14:48:00+05:30,3382.5,3383.8,3381.1,3381.35,744,
2024-03-26 14:49:00+05:30,3381.1,3383.7,3381,3381.7,782,
2024-03-26 14:50:00+05:30,3381.7,3381.7,3380,3380.9,778,
2024-03-26 14:51:00+05:30,3381,3382.3,3380,3381.3,1402,
2024-03-26 14:52:00+05:30,3381.3,3383,3380.05,3381.8,1089,
2024-03-26 14:53:00+05:30,3381.8,3384,3380.45,3383.2,612,
2024-03-26 14:54:00+05:30,3381.9,3386,3381.9,3384.5,966,
2024-03-26 14:55:00+05:30,3384.55,3386.35,3384.05,3385.6,698,
2024-03-26 14:56:00+05:30,3385.35,3386.7,3384.85,3386.05,856,
2024-03-26 14:57:00+05:30,3386.05,3386.95,3384.95,3386.2,694,
2024-03-26 14:58:00+05:30,3386.2,3387,3385.05,3386.2,854,
2024-03-26 14:59:00+05:30,3386.1,3387,3384.95,3384.95,862,
2024-03-26 15:00:00+05:30,3385.75,3389.95,3385.4,3389.5,3152,
2024-03-26 15:01:00+05:30,3389.5,3390,3389.5,3389.7,4462,
2024-03-26 15:02:00+05:30,3389.95,3390,3388,3388,1574,
2024-03-26 15:03:00+05:30,3388.3,3388.35,3387.5,3387.95,1273,
2024-03-26 15:04:00+05:30,3387.8,3388,3386.2,3386.85,1360,
2024-03-26 15:05:00+05:30,3387.15,3389.25,3387.15,3389.2,2134,
2024-03-26 15:06:00+05:30,3389.25,3389.35,3388,3388.7,2000,
2024-03-26 15:07:00+05:30,3388.7,3390,3387.65,3389.95,2013,
2024-03-26 15:08:00+05:30,3389.95,3390,3389.4,3389.95,1962,
2024-03-26 15:09:00+05:30,3390,3391.7,3389.85,3391.7,4109,
2024-03-26 15:10:00+05:30,3391.7,3394.55,3391.2,3394.05,2081,
2024-03-26 15:11:00+05:30,3394.5,3395,3394,3394,2594,
2024-03-26 15:12:00+05:30,3393.7,3394,3392.25,3393.85,3051,
2024-03-26 15:13:00+05:30,3393.9,3394.9,3392.05,3394.85,2687,
2024-03-26 15:14:00+05:30,3394.85,3394.85,3391.6,3393.15,2510,
2024-03-26 15:15:00+05:30,3393.5,3393.5,3390,3392.4,3666,
2024-03-26 15:16:00+05:30,3392,3393,3390.45,3390.45,3372,
2024-03-26 15:17:00+05:30,3392.7,3395,3392,3393,3524,
2024-03-26 15:18:00+05:30,3393.1,3394.85,3392,3394.75,3064,
2024-03-26 15:19:00+05:30,3394.6,3394.9,3393.05,3394.7,2099,
2024-03-26 15:20:00+05:30,3394.7,3395,3393.25,3393.85,4420,
2024-03-26 15:21:00+05:30,3394.9,3394.9,3393.1,3393.75,2003,
2024-03-26 15:22:00+05:30,3393.95,3394,3389.8,3390,4865,
2024-03-26 15:23:00+05:30,3390,3391.2,3389.95,3390,3612,
2024-03-26 15:24:00+05:30,3390,3390,3389.95,3390,5363,
2024-03-26 15:25:00+05:30,3390,3394,3389.95,3394,3015,
2024-03-26 15:26:00+05:30,3393.95,3393.95,3390.95,3392.75,2430,
2024-03-26 15:27:00+05:30,3392.75,3392.75,3389,3389.95,2958,
2024-03-26 15:28:00+05:30,3388.1,3390,3383,3387.7,7951,
2024-03-26 15:29:00+05:30,3388.4,3392.7,3381.5,3386,1186,
2024-03-27 09:15:00+05:30,3390,3398.2,3381.05,3391.7,4608,
2024-03-27 09:16:00+05:30,3392,3400.85,3392,3396.05,2812,
2024-03-27 09:17:00+05:30,3396.05,3399,3390.4,3392.65,2453,
2024-03-27 09:18:00+05:30,3393.65,3395.3,3390,3390,2422,
2024-03-27 09:19:00+05:30,3390,3395.95,3389.65,3395.95,536,
2024-03-27 09:20:00+05:30,3395,3395.95,3386.2,3389.2,1989,
2024-03-27 09:21:00+05:30,3389.2,3390.35,3385.45,3387.85,757,
2024-03-27 09:22:00+05:30,3387.85,3388,3383.5,3384.9,853,
2024-03-27 09:23:00+05:30,3384.9,3384.9,3380.2,3382.65,1593,
2024-03-27 09:24:00+05:30,3382,3383,3377.35,3377.65,2359,
2024-03-27 09:25:00+05:30,3377.65,3379.95,3371.2,3373.9,5330,
2024-03-27 09:26:00+05:30,3371.65,3379,3371,3372.6,1087,
2024-03-27 09:27:00+05:30,3375.25,3378.15,3371.7,3376.7,3104,
2024-03-27 09:28:00+05:30,3376.7,3380,3374.65,3379,912,
2024-03-27 09:29:00+05:30,3379,3387.7,3378.4,3387,3503,
2024-03-27 09:30:00+05:30,3387,3388.9,3381.75,3384.6,986,
2024-03-27 09:31:00+05:30,3384.6,3385.65,3383,3384,617,
2024-03-27 09:32:00+05:30,3384,3386.25,3383.9,3386.25,700,
2024-03-27 09:33:00+05:30,3386.25,3386.9,3384.4,3386.45,607,
2024-03-27 09:34:00+05:30,3386.45,3386.45,3383.45,3383.65,709,
2024-03-27 09:35:00+05:30,3383.65,3386,3382.95,3382.95,364,
2024-03-27 09:36:00+05:30,3382.8,3383.6,3379.6,3379.9,3894,
2024-03-27 09:37:00+05:30,3379.9,3381.4,3379.4,3379.45,268,
2024-03-27 09:38:00+05:30,3380.15,3381.2,3379,3379.5,414,
2024-03-27 09:39:00+05:30,3380.05,3381.05,3378.15,3379.45,884,
2024-03-27 09:40:00+05:30,3379.45,3380.5,3377.05,3378,534,
2024-03-27 09:41:00+05:30,3377.45,3378,3376.3,3378,218,
2024-03-27 09:42:00+05:30,3378,3380,3378,3379.15,320,
2024-03-27 09:43:00+05:30,3379.15,3380.65,3378.5,3379.85,488,
2024-03-27 09:44:00+05:30,3379.85,3380.65,3376.6,3376.6,1647,
2024-03-27 09:45:00+05:30,3376.55,3379.5,3376.5,3379.45,209,
2024-03-27 09:46:00+05:30,3378.9,3380,3377.4,3379.95,402,
2024-03-27 09:47:00+05:30,3379.95,3380.75,3378.1,3379.45,475,
2024-03-27 09:48:00+05:30,3379.45,3380.75,3378.8,3380,313,
2024-03-27 09:49:00+05:30,3380,3380.75,3378.1,3379.5,451,
2024-03-27 09:50:00+05:30,3379.5,3380.45,3379.15,3379.55,190,
2024-03-27 09:51:00+05:30,3380.15,3380.5,3378.15,3379,757,
2024-03-27 09:52:00+05:30,3379,3380.25,3372.8,3374.55,1480,
2024-03-27 09:53:00+05:30,3374.05,3376,3373.75,3375.45,502,
2024-03-27 09:54:00+05:30,3375.45,3378.3,3375,3378.3,584,
2024-03-27 09:55:00+05:30,3378.3,3378.3,3375.15,3378.1,365,
2024-03-27 09:56:00+05:30,3378.1,3380.75,3378,3379.95,380,
2024-03-27 09:57:00+05:30,3379.95,3381,3378.45,3380,313,
2024-03-27 09:58:00+05:30,3380,3381.15,3378.45,3379.15,504,
2024-03-27 09:59:00+05:30,3379.55,3379.55,3378.1,3378.5,284,
2024-03-27 10:00:00+05:30,3378.5,3380.95,3378.1,3380,385,
2024-03-27 10:01:00+05:30,3380,3380,3378,3378,373,
2024-03-27 10:02:00+05:30,3378.45,3380.95,3378,3380.6,205,
2024-03-27 10:03:00+05:30,3380.6,3380.85,3378,3379.2,484,
2024-03-27 10:04:00+05:30,3379.2,3379.9,3378,3378.8,450,
2024-03-27 10:05:00+05:30,3378.8,3380,3378.25,3379.8,260,
2024-03-27 10:06:00+05:30,3379,3379.85,3378.8,3379.8,122,
2024-03-27 10:07:00+05:30,3379.8,3379.85,3378,3379,191,
2024-03-27 10:08:00+05:30,3378.45,3379,3376.6,3377.7,809,
2024-03-27 10:09:00+05:30,3377.7,3378.65,3377.1,3378,197,
2024-03-27 10:10:00+05:30,3377.75,3378.15,3377.05,3377.05,431,
2024-03-27 10:11:00+05:30,3377.55,3378,3376.25,3377.8,334,
2024-03-27 10:12:00+05:30,3377.85,3378.65,3376.05,3376.05,612,
2024-03-27 10:13:00+05:30,3376,3378.5,3376,3378.4,237,
2024-03-27 10:14:00+05:30,3378.4,3378.5,3376.05,3377.55,570,
2024-03-27 10:15:00+05:30,3376.8,3379.7,3376.8,3379,670,
2024-03-27 10:16:00+05:30,3379,3379.95,3374,3375.4,1166,
2024-03-27 10:17:00+05:30,3374.75,3377.05,3374.75,3376.2,176,
2024-03-27 10:18:00+05:30,3376.2,3379.2,3375.15,3379,241,
2024-03-27 10:19:00+05:30,3379,3380.7,3378,3378,945,
2024-03-27 10:20:00+05:30,3378.3,3381,3373.35,3373.45,1654,
2024-03-27 10:21:00+05:30,3374.95,3376.45,3374.85,3376.25,279,
2024-03-27 10:22:00+05:30,3375.55,3376.25,3374.55,3375.05,579,
2024-03-27 10:23:00+05:30,3374.55,3376.45,3373.1,3375.15,875,
2024-03-27 10:24:00+05:30,3375.3,3376.3,3373.4,3374.75,1115,
2024-03-27 10:25:00+05:30,3374.75,3376.75,3374.55,3375.25,428,
2024-03-27 10:26:00+05:30,3375.25,3376.55,3373.25,3375.8,668,
2024-03-27 10:27:00+05:30,3374.9,3376.2,3373.05,3373.8,801,
2024-03-27 10:28:00+05:30,3373.8,3376.7,3373.15,3374.5,727,
2024-03-27 10:29:00+05:30,3375,3375.95,3373.45,3373.45,352,
2024-03-27 10:30:00+05:30,3373.55,3376,3373.45,3374.2,406,
2024-03-27 10:31:00+05:30,3374.2,3375.85,3373.05,3375,652,
2024-03-27 10:32:00+05:30,3375.4,3377,3375.15,3376.15,962,
2024-03-27 10:33:00+05:30,3376.15,3379.2,3375.1,3376.5,1147,
2024-03-27 10:34:00+05:30,3376.5,3377,3373.55,3373.55,450,
2024-03-27 10:35:00+05:30,3373.55,3377.55,3373.55,3376.9,1571,
2024-03-27 10:36:00+05:30,3375.95,3377.4,3374.95,3375.65,1391,
2024-03-27 10:37:00+05:30,3375.65,3377.2,3374.5,3376.85,785,
2024-03-27 10:38:00+05:30,3376.85,3376.9,3374.25,3375.05,894,
2024-03-27 10:39:00+05:30,3375.05,3377.5,3375,3375.6,573,
2024-03-27 10:40:00+05:30,3375.6,3377.45,3374.55,3375.8,954,
2024-03-27 10:41:00+05:30,3375.8,3378.9,3375,3378.8,1345,
2024-03-27 10:42:00+05:30,3377.95,3383.85,3377,3383.85,2072,
2024-03-27 10:43:00+05:30,3383.85,3386,3382.2,3384.7,1716,
2024-03-27 10:44:00+05:30,3385,3391.5,3383.85,3391,1475,
2024-03-27 10:45:00+05:30,3392,3393,3389.1,3389.1,3033,
2024-03-27 10:46:00+05:30,3389.1,3389.75,3387.2,3388.45,2839,
2024-03-27 10:47:00+05:30,3388.85,3390,3388,3389.5,650,
2024-03-27 10:48:00+05:30,3389.5,3390.8,3388,3389.4,2408,
2024-03-27 10:49:00+05:30,3389.4,3390.75,3387.05,3387.05,1259,
2024-03-27 10:50:00+05:30,3387.9,3389,3385.8,3388.15,1055,
2024-03-27 10:51:00+05:30,3388.15,3391.8,3387.05,3389.6,3546,
2024-03-27 10:52:00+05:30,3389.6,3392.2,3389.35,3389.55,3981,
2024-03-27 10:53:00+05:30,3389.55,3395.65,3387.9,3395,11238,
2024-03-27 10:54:00+05:30,3395.65,3395.65,3389.55,3391,1356,
2024-03-27 10:55:00+05:30,3391.8,3394.05,3389.85,3391.8,1097,
2024-03-27 10:56:00+05:30,3391.8,3392.7,3387.05,3387.85,1831,
2024-03-27 10:57:00+05:30,3387.85,3389.35,3386.5,3388.2,404,
2024-03-27 10:58:00+05:30,3388.2,3389.4,3386.4,3387.6,587,
2024-03-27 10:59:00+05:30,3387.6,3389.35,3387.1,3388.85,125,
2024-03-27 11:00:00+05:30,3388.85,3389,3386.4,3387.95,177,
2024-03-27 11:01:00+05:30,3387.95,3387.95,3385.65,3386.7,657,
2024-03-27 11:02:00+05:30,3386.65,3392,3385,3392,3544,
2024-03-27 11:03:00+05:30,3392.3,3395,3391.85,3394,2820,
2024-03-27 11:04:00+05:30,3394,3395,3390.5,3392.4,1954,
2024-03-27 11:05:00+05:30,3392,3393.75,3390.9,3390.9,873,
2024-03-27 11:06:00+05:30,3390.9,3393.5,3390.85,3392.85,435,
2024-03-27 11:07:00+05:30,3392.85,3397.35,3392,3395.5,1912,
2024-03-27 11:08:00+05:30,3395.5,3398,3395.3,3396.65,897,
2024-03-27 11:09:00+05:30,3396.65,3397.95,3395.25,3395.7,1321,
2024-03-27 11:10:00+05:30,3395.7,3398.95,3395.25,3398,2191,
2024-03-27 11:11:00+05:30,3397.9,3399,3397.5,3398.95,821,
2024-03-27 11:12:00+05:30,3398.95,3399.6,3397,3397.35,1573,
2024-03-27 11:13:00+05:30,3397.35,3399.6,3397.2,3398.75,472,
2024-03-27 11:14:00+05:30,3398.75,3399.45,3398,3398.65,510,
2024-03-27 11:15:00+05:30,3398.65,3399.45,3395.1,3397.7,1199,
2024-03-27 11:16:00+05:30,3396.95,3399,3396.95,3397.55,246,
2024-03-27 11:17:00+05:30,3398.2,3403.4,3397.2,3397.85,8577,
2024-03-27 11:18:00+05:30,3397.85,3400,3397.55,3397.55,662,
2024-03-27 11:19:00+05:30,3397.55,3399.65,3397.2,3398.15,263,
2024-03-27 11:20:00+05:30,3398.75,3400.8,3398.15,3399.2,793,
2024-03-27 11:21:00+05:30,3399.2,3400.75,3398.75,3400,732,
2024-03-27 11:22:00+05:30,3400,3400,3398,3398,940,
2024-03-27 11:23:00+05:30,3398,3398,3391.55,3391.75,1619,
2024-03-27 11:24:00+05:30,3391.75,3393.75,3391.2,3391.3,448,
2024-03-27 11:25:00+05:30,3391.3,3393.6,3391.2,3391.35,1717,
2024-03-27 11:26:00+05:30,3391.35,3393.6,3391.2,3393.6,95,
2024-03-27 11:27:00+05:30,3393.6,3393.7,3391.25,3391.35,869,
2024-03-27 11:28:00+05:30,3391.3,3393.05,3391.2,3392.65,455,
2024-03-27 11:29:00+05:30,3391.9,3392.95,3391.5,3392.9,147,
2024-03-27 11:30:00+05:30,3392.15,3392.8,3391.55,3392,116,
2024-03-27 11:31:00+05:30,3392,3394.95,3391.2,3392.4,814,
2024-03-27 11:32:00+05:30,3392.4,3395,3392.4,3394.3,589,
2024-03-27 11:33:00+05:30,3394.3,3394.95,3392.65,3394.3,292,
2024-03-27 11:34:00+05:30,3394.3,3394.6,3392.25,3394.55,621,
2024-03-27 11:35:00+05:30,3394.55,3394.55,3392,3392.05,320,
2024-03-27 11:36:00+05:30,3392.05,3393.45,3392,3392,121,
2024-03-27 11:37:00+05:30,3392,3394.15,3392,3393.85,245,
2024-03-27 11:38:00+05:30,3393.85,3395,3392.4,3393.15,1255,
2024-03-27 11:39:00+05:30,3393.15,3394.75,3393,3393,294,
2024-03-27 11:40:00+05:30,3393,3395,3392,3392,888,
2024-03-27 11:41:00+05:30,3392,3394,3392,3392.95,1149,
2024-03-27 11:42:00+05:30,3392.95,3394.85,3391.5,3392.25,392,
2024-03-27 11:43:00+05:30,3392.25,3392.55,3388.25,3390,1289,
2024-03-27 11:44:00+05:30,3388.65,3390.35,3388.65,3390.35,120,
2024-03-27 11:45:00+05:30,3390.1,3391,3388.05,3388.05,418,
2024-03-27 11:46:00+05:30,3388,3389.3,3386.65,3388.7,698,
2024-03-27 11:47:00+05:30,3388.7,3389.2,3386.6,3387.15,178,
2024-03-27 11:48:00+05:30,3388.8,3389.5,3387.15,3388.9,200,
2024-03-27 11:49:00+05:30,3388.15,3389.5,3387,3388.1,1246,
2024-03-27 11:50:00+05:30,3388.05,3389.7,3387.05,3388.4,508,
2024-03-27 11:51:00+05:30,3389.1,3390,3387.65,3389.95,419,
2024-03-27 11:52:00+05:30,3389.7,3391.9,3389.45,3390.55,619,
2024-03-27 11:53:00+05:30,3390.85,3391.45,3389.05,3389.15,225,
2024-03-27 11:54:00+05:30,3389.45,3390,3388.7,3390,77,
2024-03-27 11:55:00+05:30,3390,3391.4,3389,3390.3,296,
2024-03-27 11:56:00+05:30,3390.3,3390.85,3388.7,3389.05,312,
2024-03-27 11:57:00+05:30,3388.95,3389.95,3388,3389.95,163,
2024-03-27 11:58:00+05:30,3389.95,3390.95,3387.15,3387.2,191,
2024-03-27 11:59:00+05:30,3387.2,3389.95,3387,3389.7,367,
2024-03-27 12:00:00+05:30,3389.7,3390.7,3387.95,3388.6,348,
2024-03-27 12:01:00+05:30,3388.35,3388.6,3386.35,3388,285,
2024-03-27 12:02:00+05:30,3388,3389.4,3387.55,3388.85,83,
2024-03-27 12:03:00+05:30,3389.85,3389.85,3388.85,3389.75,165,
2024-03-27 12:04:00+05:30,3389.75,3391,3389,3390.9,129,
2024-03-27 12:05:00+05:30,3390.9,3393.25,3390.6,3393.25,271,
2024-03-27 12:06:00+05:30,3393.25,3394.75,3392.55,3393,375,
2024-03-27 12:07:00+05:30,3393,3394.6,3393,3393.65,223,
2024-03-27 12:08:00+05:30,3393.65,3394,3390,3391.75,719,
2024-03-27 12:09:00+05:30,3391.75,3392.25,3388.5,3390,427,
2024-03-27 12:10:00+05:30,3390,3391.6,3389.3,3390.55,260,
2024-03-27 12:11:00+05:30,3390.55,3391.3,3388,3389.1,658,
2024-03-27 12:12:00+05:30,3389.1,3389.8,3387,3387.9,466,
2024-03-27 12:13:00+05:30,3387.15,3388.75,3386,3386.65,666,
2024-03-27 12:14:00+05:30,3386.65,3388.55,3386.4,3386.4,214,
2024-03-27 12:15:00+05:30,3386.4,3388.35,3386,3386.55,276,
2024-03-27 12:16:00+05:30,3387,3387,3380.3,3381.05,1290,
2024-03-27 12:17:00+05:30,3380.7,3382,3378.3,3379.45,1727,
2024-03-27 12:18:00+05:30,3379.45,3381.3,3378.9,3380.05,557,
2024-03-27 12:19:00+05:30,3380.05,3382,3378.65,3378.7,721,
2024-03-27 12:20:00+05:30,3378.7,3380,3376.8,3379.8,2715,
2024-03-27 12:21:00+05:30,3379.05,3380,3378.3,3380,139,
2024-03-27 12:22:00+05:30,3380,3382,3378.1,3380.1,2280,
2024-03-27 12:23:00+05:30,3380.1,3381.95,3379.3,3381.95,122,
2024-03-27 12:24:00+05:30,3381.65,3382,3379.85,3381.15,1733,
2024-03-27 12:25:00+05:30,3381.15,3381.65,3380.1,3381.45,198,
2024-03-27 12:26:00+05:30,3381.45,3381.95,3380.25,3380.25,185,
2024-03-27 12:27:00+05:30,3380.25,3381.6,3380.15,3380.2,618,
2024-03-27 12:28:00+05:30,3380.15,3384.45,3380.15,3383,474,
2024-03-27 12:29:00+05:30,3383.65,3384.2,3381.45,3383.7,443,
2024-03-27 12:30:00+05:30,3383.7,3385,3383.5,3384.8,78,
2024-03-27 12:31:00+05:30,3385,3385.6,3383.4,3384.5,249,
2024-03-27 12:32:00+05:30,3384.5,3385,3383.85,3384.4,53,
2024-03-27 12:33:00+05:30,3384.4,3384.5,3382.75,3382.75,185,
2024-03-27 12:34:00+05:30,3382.75,3383,3381.5,3382.4,511,
2024-03-27 12:35:00+05:30,3381.95,3383.55,3381.7,3382.9,130,
2024-03-27 12:36:00+05:30,3382.9,3383.2,3381.45,3382.4,141,
2024-03-27 12:37:00+05:30,3382.4,3383.6,3381.7,3383.6,256,
2024-03-27 12:38:00+05:30,3383.25,3383.6,3382.25,3382.8,126,
2024-03-27 12:39:00+05:30,3382.8,3385,3382.7,3383.95,443,
2024-03-27 12:40:00+05:30,3384.5,3387,3384.5,3387,291,
2024-03-27 12:41:00+05:30,3386,3387.65,3385.9,3386.85,401,
2024-03-27 12:42:00+05:30,3386.85,3387,3384.8,3386.9,1768,
2024-03-27 12:43:00+05:30,3386.9,3386.9,3384.15,3384.8,422,
2024-03-27 12:44:00+05:30,3384.8,3385.55,3383.6,3383.6,318,
2024-03-27 12:45:00+05:30,3383.6,3384.45,3382.7,3383,213,
2024-03-27 12:46:00+05:30,3383,3383.7,3381,3382.05,306,
2024-03-27 12:47:00+05:30,3382.05,3382.4,3380,3381.15,431,
2024-03-27 12:48:00+05:30,3381,3381,3380.05,3380.9,105,
2024-03-27 12:49:00+05:30,3380.9,3381,3378.4,3378.7,1545,
2024-03-27 12:50:00+05:30,3380,3381.2,3379.2,3379.6,243,
2024-03-27 12:51:00+05:30,3381,3381.15,3379.2,3381.1,256,
2024-03-27 12:52:00+05:30,3381.1,3381.15,3381,3381.15,92,
2024-03-27 12:53:00+05:30,3381.15,3381.9,3380,3380.35,312,
2024-03-27 12:54:00+05:30,3380.35,3381.75,3380,3380.1,167,
2024-03-27 12:55:00+05:30,3381.15,3382,3380.2,3380.2,328,
2024-03-27 12:56:00+05:30,3380.2,3382.95,3380.2,3382,371,
2024-03-27 12:57:00+05:30,3382,3385.55,3382,3384.85,2678,
2024-03-27 12:58:00+05:30,3384.85,3385.55,3383.85,3385.55,697,
2024-03-27 12:59:00+05:30,3385.55,3387,3385.05,3386.2,757,
2024-03-27 13:00:00+05:30,3386.95,3386.95,3383.9,3386.3,725,
2024-03-27 13:01:00+05:30,3386.3,3386.95,3385,3385,426,
2024-03-27 13:02:00+05:30,3385,3386,3385,3385.75,457,
2024-03-27 13:03:00+05:30,3385.75,3386.05,3385,3386.05,251,
2024-03-27 13:04:00+05:30,3386.05,3386.05,3385,3385.1,282,
2024-03-27 13:05:00+05:30,3385.85,3386.05,3385,3385,937,
2024-03-27 13:06:00+05:30,3385,3387.1,3385,3385.9,3087,
2024-03-27 13:07:00+05:30,3385.9,3387,3385.9,3386.7,413,
2024-03-27 13:08:00+05:30,3386.7,3386.7,3385.1,3385.2,118,
2024-03-27 13:09:00+05:30,3385.2,3386.3,3385,3385,268,
2024-03-27 13:10:00+05:30,3385,3388,3385,3387.85,1701,
2024-03-27 13:11:00+05:30,3388,3388,3387.5,3387.75,258,
2024-03-27 13:12:00+05:30,3387.75,3388,3387.5,3388,249,
2024-03-27 13:13:00+05:30,3388,3388,3387.5,3387.5,207,
2024-03-27 13:14:00+05:30,3387.5,3388,3386.25,3387,185,
2024-03-27 13:15:00+05:30,3387,3388,3386.3,3388,533,
2024-03-27 13:16:00+05:30,3388,3388,3387.1,3387.9,241,
2024-03-27 13:17:00+05:30,3387.9,3388.75,3387.15,3387.4,289,
2024-03-27 13:18:00+05:30,3387.4,3388.7,3386.4,3388.35,236,
2024-03-27 13:19:00+05:30,3388.75,3390.35,3388.25,3389.1,4584,
2024-03-27 13:20:00+05:30,3389.1,3390.3,3389.1,3390,1075,
2024-03-27 13:21:00+05:30,3390,3390,3389.1,3390,327,
2024-03-27 13:22:00+05:30,3390,3390,3389.1,3390,1382,
2024-03-27 13:23:00+05:30,3389,3389.95,3387.3,3389.55,556,
2024-03-27 13:24:00+05:30,3389.65,3389.9,3387.25,3388.6,197,
2024-03-27 13:25:00+05:30,3388.6,3389.6,3387.05,3388.8,170,
2024-03-27 13:26:00+05:30,3388.85,3389.5,3387.25,3388.55,502,
2024-03-27 13:27:00+05:30,3387.3,3389.5,3387.1,3388.75,321,
2024-03-27 13:28:00+05:30,3389,3390.8,3388,3390,3854,
2024-03-27 13:29:00+05:30,3390.8,3391.7,3390,3390.55,464,
2024-03-27 13:30:00+05:30,3390.55,3392,3390,3392,354,
2024-03-27 13:31:00+05:30,3392,3392.8,3390.3,3391.8,305,
2024-03-27 13:32:00+05:30,3391.75,3391.85,3390,3391.25,271,
2024-03-27 13:33:00+05:30,3391.25,3391.75,3389,3389,642,
2024-03-27 13:34:00+05:30,3390,3391.35,3388.15,3389.7,273,
2024-03-27 13:35:00+05:30,3389.7,3390.35,3387.15,3389.9,277,
2024-03-27 13:36:00+05:30,3389.9,3390.1,3383.05,3385,8962,
2024-03-27 13:37:00+05:30,3383.45,3386,3383.25,3385,912,
2024-03-27 13:38:00+05:30,3385,3388.55,3385,3388,2851,
2024-03-27 13:39:00+05:30,3388,3390,3386.05,3388.55,1477,
2024-03-27 13:40:00+05:30,3389.3,3390,3383.65,3386,6207,
2024-03-27 13:41:00+05:30,3385.95,3386,3385,3385.8,878,
2024-03-27 13:42:00+05:30,3385.8,3386,3385,3386,548,
2024-03-27 13:43:00+05:30,3386,3386,3385,3385,828,
2024-03-27 13:44:00+05:30,3385,3386,3384,3385.8,2001,
2024-03-27 13:45:00+05:30,3385.8,3387.45,3384.5,3386,4384,
2024-03-27 13:46:00+05:30,3386,3387,3385,3386.75,443,
2024-03-27 13:47:00+05:30,3386.75,3390,3386,3390,734,
2024-03-27 13:48:00+05:30,3390,3391.3,3389,3391,668,
2024-03-27 13:49:00+05:30,3391.4,3391.85,3385.6,3387.55,6469,
2024-03-27 13:50:00+05:30,3387.55,3388.75,3384.55,3386.65,2787,
2024-03-27 13:51:00+05:30,3386.65,3387.05,3384.2,3384.75,273,
2024-03-27 13:52:00+05:30,3384.75,3384.75,3382.3,3383.35,459,
2024-03-27 13:53:00+05:30,3383.35,3388,3382.5,3386,990,
2024-03-27 13:54:00+05:30,3386,3386,3384,3384.05,633,
2024-03-27 13:55:00+05:30,3385,3385.95,3383.7,3384.5,356,
2024-03-27 13:56:00+05:30,3385.7,3386,3382.1,3382.1,526,
2024-03-27 13:57:00+05:30,3382.05,3384.4,3378.45,3379.35,2545,
2024-03-27 13:58:00+05:30,3379.35,3380.3,3378.4,3380.3,555,
2024-03-27 13:59:00+05:30,3380.3,3381.05,3378.6,3378.6,619,
2024-03-27 14:00:00+05:30,3378.6,3380,3378.6,3379.4,1071,
2024-03-27 14:01:00+05:30,3380,3380.85,3379.1,3380.85,869,
2024-03-27 14:02:00+05:30,3380.85,3382.5,3380.4,3381.85,312,
2024-03-27 14:03:00+05:30,3381.85,3383.55,3381.55,3382.4,585,
2024-03-27 14:04:00+05:30,3383.45,3383.5,3382,3382.5,144,
2024-03-27 14:05:00+05:30,3382.5,3382.95,3380.45,3381.5,449,
2024-03-27 14:06:00+05:30,3382.45,3382.9,3380.5,3380.9,1100,
2024-03-27 14:07:00+05:30,3380.9,3382.85,3380.9,3382.2,687,
2024-03-27 14:08:00+05:30,3382.2,3383.5,3381.2,3382.55,291,
2024-03-27 14:09:00+05:30,3382.55,3383.5,3382.45,3382.5,111,
2024-03-27 14:10:00+05:30,3382.5,3382.85,3382.5,3382.8,116,
2024-03-27 14:11:00+05:30,3382.85,3382.85,3382.8,3382.8,251,
2024-03-27 14:12:00+05:30,3382.8,3384,3382.8,3384,283,
2024-03-27 14:13:00+05:30,3384.95,3386,3384.45,3386,350,
2024-03-27 14:14:00+05:30,3386.3,3386.3,3383.1,3383.1,1126,
2024-03-27 14:15:00+05:30,3383.05,3383.9,3382.25,3382.3,537,
2024-03-27 14:16:00+05:30,3382.3,3384.95,3382.25,3384,173,
2024-03-27 14:17:00+05:30,3384.4,3384.95,3382.25,3382.7,308,
2024-03-27 14:18:00+05:30,3382.7,3383.65,3381.35,3382.55,380,
2024-03-27 14:19:00+05:30,3382.55,3384.25,3381.25,3382.55,827,
2024-03-27 14:20:00+05:30,3383.9,3384.35,3382,3382.5,337,
2024-03-27 14:21:00+05:30,3382.5,3385.5,3382.5,3384,448,
2024-03-27 14:22:00+05:30,3384,3384.5,3382.5,3383.6,265,
2024-03-27 14:23:00+05:30,3384,3384.5,3383,3383,788,
2024-03-27 14:24:00+05:30,3383,3384.25,3383,3384.2,215,
2024-03-27 14:25:00+05:30,3384.2,3384.75,3383,3383.3,729,
2024-03-27 14:26:00+05:30,3383,3383.15,3380.5,3383.15,923,
2024-03-27 14:27:00+05:30,3383.15,3383.75,3382.2,3382.45,127,
2024-03-27 14:28:00+05:30,3382.45,3383.65,3381.8,3382.65,79,
2024-03-27 14:29:00+05:30,3382.65,3382.65,3381.05,3381.85,180,
2024-03-27 14:30:00+05:30,3381.6,3383.95,3381.6,3382.4,496,
2024-03-27 14:31:00+05:30,3382.4,3383.8,3381.4,3381.95,1837,
2024-03-27 14:32:00+05:30,3381.95,3383,3381,3382.7,813,
2024-03-27 14:33:00+05:30,3382.7,3383,3380.35,3380.7,735,
2024-03-27 14:34:00+05:30,3380.8,3382.9,3380.05,3380.65,2147,
2024-03-27 14:35:00+05:30,3380.65,3381.8,3378.7,3379.2,1902,
2024-03-27 14:36:00+05:30,3380.1,3381.25,3378.6,3378.6,967,
2024-03-27 14:37:00+05:30,3378.6,3380,3378.6,3379.15,826,
2024-03-27 14:38:00+05:30,3379.15,3380.25,3379,3379.2,655,
2024-03-27 14:39:00+05:30,3379.3,3380.15,3378.6,3379.65,1414,
2024-03-27 14:40:00+05:30,3379.65,3380,3378.2,3379,1375,
2024-03-27 14:41:00+05:30,3379,3380,3379,3379,472,
2024-03-27 14:42:00+05:30,3379,3379.85,3378,3378.9,518,
2024-03-27 14:43:00+05:30,3379.35,3379.75,3378,3378.8,631,
2024-03-27 14:44:00+05:30,3378.8,3379.9,3378,3378.6,876,
2024-03-27 14:45:00+05:30,3378.6,3380.9,3378,3380.9,718,
2024-03-27 14:46:00+05:30,3380.9,3382.4,3380.45,3382.3,534,
2024-03-27 14:47:00+05:30,3382.45,3383,3379.95,3380.65,847,
2024-03-27 14:48:00+05:30,3381,3381.9,3379.1,3379.45,474,
2024-03-27 14:49:00+05:30,3380.9,3381.7,3377.15,3377.15,834,
2024-03-27 14:50:00+05:30,3377.15,3380,3377.05,3379,424,
2024-03-27 14:51:00+05:30,3379,3380,3377.8,3380,362,
2024-03-27 14:52:00+05:30,3380,3381.95,3378.5,3380.85,571,
2024-03-27 14:53:00+05:30,3379.85,3380.4,3378.7,3379.25,736,
2024-03-27 14:54:00+05:30,3379.25,3380,3378.3,3379.15,529,
2024-03-27 14:55:00+05:30,3380,3380.7,3377.8,3378.4,1804,
2024-03-27 14:56:00+05:30,3378.4,3380,3378.4,3379.5,359,
2024-03-27 14:57:00+05:30,3379.7,3380,3377.35,3377.8,503,
2024-03-27 14:58:00+05:30,3377.8,3379.25,3377,3378.45,505,
2024-03-27 14:59:00+05:30,3378.45,3379.5,3377,3377.55,707,
2024-03-27 15:00:00+05:30,3377.55,3377.55,3373.1,3375.6,3976,
2024-03-27 15:01:00+05:30,3375.6,3376.85,3372.7,3372.75,2958,
2024-03-27 15:02:00+05:30,3372.65,3375.55,3372.6,3374.05,3453,
2024-03-27 15:03:00+05:30,3374.05,3376.35,3371,3371.05,5694,
2024-03-27 15:04:00+05:30,3371.45,3373.4,3370,3370.4,5615,
2024-03-27 15:05:00+05:30,3370.4,3372.45,3369.25,3370.3,5940,
2024-03-27 15:06:00+05:30,3369.5,3372.8,3369.1,3372.25,4731,
2024-03-27 15:07:00+05:30,3371.7,3372,3368.95,3370.35,4482,
2024-03-27 15:08:00+05:30,3370.35,3373,3369.3,3371.25,4183,
2024-03-27 15:09:00+05:30,3371.2,3373.2,3370.55,3371.25,4124,
2024-03-27 15:10:00+05:30,3372.3,3373.1,3370.7,3371.2,4887,
2024-03-27 15:11:00+05:30,3371.25,3372.7,3370.65,3371.2,3089,
2024-03-27 15:12:00+05:30,3371.55,3372.75,3370.55,3371.05,2517,
2024-03-27 15:13:00+05:30,3372.3,3372.45,3370.05,3371.1,2728,
2024-03-27 15:14:00+05:30,3371.4,3372,3370,3370.05,3196,
2024-03-27 15:15:00+05:30,3370,3371.6,3368.2,3368.95,4009,
2024-03-27 15:16:00+05:30,3370.2,3370.2,3367.3,3367.3,3663,
2024-03-27 15:17:00+05:30,3367.05,3368.1,3366,3366.05,2987,
2024-03-27 15:18:00+05:30,3366.1,3366.85,3362.8,3363.05,5477,
2024-03-27 15:19:00+05:30,3363.05,3365.5,3360.1,3361.7,9503,
2024-03-27 15:20:00+05:30,3361.4,3367.35,3360.65,3366.35,5642,
2024-03-27 15:21:00+05:30,3366.35,3370.7,3366.05,3367.95,8728,
2024-03-27 15:22:00+05:30,3366.45,3371.3,3366.45,3370,9186,
2024-03-27 15:23:00+05:30,3370,3371.5,3368.3,3370,12595,
2024-03-27 15:24:00+05:30,3370,3370.65,3368,3368.5,14699,
2024-03-27 15:25:00+05:30,3369,3369.8,3366,3369.5,4527,
2024-03-27 15:26:00+05:30,3369.6,3372,3365.85,3365.85,5000,
2024-03-27 15:27:00+05:30,3367.55,3367.6,3358,3360,19617,
2024-03-27 15:28:00+05:30,3360,3363.75,3350,3361.25,14094,
2024-03-27 15:29:00+05:30,3360.3,3367,3360,3366.95,2380,
2024-03-28 09:15:00+05:30,3367.05,3380,3367.05,3378.95,7095,
2024-03-28 09:16:00+05:30,3380,3380,3377.15,3377.85,5476,
2024-03-28 09:17:00+05:30,3377.65,3378.8,3376.85,3376.85,3291,
2024-03-28 09:18:00+05:30,3376.85,3384.6,3376.85,3382.5,4419,
2024-03-28 09:19:00+05:30,3382.4,3382.75,3380.05,3380.55,2962,
2024-03-28 09:20:00+05:30,3380.55,3385,3380.55,3381.4,2403,
2024-03-28 09:21:00+05:30,3381.45,3384.45,3379.3,3384.45,3397,
2024-03-28 09:22:00+05:30,3383.5,3388,3381.8,3386,5280,
2024-03-28 09:23:00+05:30,3386,3388.65,3385.65,3385.85,3621,
2024-03-28 09:24:00+05:30,3385.85,3386.85,3383.3,3384.75,4218,
2024-03-28 09:25:00+05:30,3384.75,3388.3,3384.35,3387.05,5018,
2024-03-28 09:26:00+05:30,3387.05,3390,3387.05,3388.5,5772,
2024-03-28 09:27:00+05:30,3390,3390,3386.1,3386.1,2143,
2024-03-28 09:28:00+05:30,3386.1,3387,3385,3386,3712,
2024-03-28 09:29:00+05:30,3387,3387,3385,3386.7,4387,
2024-03-28 09:30:00+05:30,3386.7,3387.7,3385.5,3386.3,2523,
2024-03-28 09:31:00+05:30,3386.3,3387.9,3385,3387.4,2659,
2024-03-28 09:32:00+05:30,3387.65,3389.95,3386.2,3389.75,2785,
2024-03-28 09:33:00+05:30,3389.65,3390,3387,3387,3021,
2024-03-28 09:34:00+05:30,3387.2,3390,3387.2,3388.2,1929,
2024-03-28 09:35:00+05:30,3388.2,3389.85,3386.45,3388.7,2853,
2024-03-28 09:36:00+05:30,3388.75,3390,3388,3388,1969,
2024-03-28 09:37:00+05:30,3388,3389.55,3385.85,3385.85,2665,
2024-03-28 09:38:00+05:30,3386.8,3389.05,3385.25,3389.05,2274,
2024-03-28 09:39:00+05:30,3389.05,3391.7,3388.75,3391.7,5668,
2024-03-28 09:40:00+05:30,3389.3,3392.75,3389,3391.6,3578,
2024-03-28 09:41:00+05:30,3391.6,3392.4,3390,3391.8,2566,
2024-03-28 09:42:00+05:30,3391.8,3392,3390,3391.95,5052,
2024-03-28 09:43:00+05:30,3392.15,3397.35,3392.15,3396.9,12011,
2024-03-28 09:44:00+05:30,3396.9,3399.5,3395.8,3397.85,6563,
2024-03-28 09:45:00+05:30,3398,3402,3397.95,3402,9838,
2024-03-28 09:46:00+05:30,3401.7,3403,3400.2,3402.7,5410,
2024-03-28 09:47:00+05:30,3402.6,3404.7,3402.2,3404.7,3052,
2024-03-28 09:48:00+05:30,3404.7,3409.5,3403.65,3408.15,5774,
2024-03-28 09:49:00+05:30,3408.15,3410,3406.55,3410,5450,
2024-03-28 09:50:00+05:30,3410,3413.8,3408.05,3413.8,6712,
2024-03-28 09:51:00+05:30,3414.45,3423,3414.1,3420.6,11117,
2024-03-28 09:52:00+05:30,3419.5,3421.85,3417.15,3420,5925,
2024-03-28 09:53:00+05:30,3420,3420,3417.4,3417.8,2786,
2024-03-28 09:54:00+05:30,3417.8,3421.6,3415.5,3420.35,4966,
2024-03-28 09:55:00+05:30,3421,3421,3417.25,3420,3344,
2024-03-28 09:56:00+05:30,3419.55,3420,3417.5,3419,3320,
2024-03-28 09:57:00+05:30,3419,3420,3417.45,3418.6,3537,
2024-03-28 09:58:00+05:30,3418.6,3420,3418.55,3419.95,1398,
2024-03-28 09:59:00+05:30,3419.8,3420,3418.7,3419.9,2693,
2024-03-28 10:00:00+05:30,3419.65,3421.75,3419.5,3421.6,3874,
2024-03-28 10:01:00+05:30,3421.6,3422,3420.6,3421.55,4081,
2024-03-28 10:02:00+05:30,3422,3422.25,3419.65,3422.05,3844,
2024-03-28 10:03:00+05:30,3422.05,3422.4,3419.6,3421.9,1856,
2024-03-28 10:04:00+05:30,3421.5,3422.1,3419,3422,1862,
2024-03-28 10:05:00+05:30,3422,3428.85,3421.15,3427.5,8529,
2024-03-28 10:06:00+05:30,3427.5,3432,3427.5,3431.7,6455,
2024-03-28 10:07:00+05:30,3431.7,3440.25,3431,3438.95,13589,
2024-03-28 10:08:00+05:30,3438.95,3441.95,3437.35,3437.9,8945,
2024-03-28 10:09:00+05:30,3437.35,3438.9,3434.55,3435.65,3821,
2024-03-28 10:10:00+05:30,3436.9,3436.9,3427.3,3427.8,3633,
2024-03-28 10:11:00+05:30,3429.8,3433,3429.55,3430,5471,
2024-03-28 10:12:00+05:30,3430.95,3431.4,3424.45,3428.4,3931,
2024-03-28 10:13:00+05:30,3428.4,3428.6,3423.9,3427.95,2856,
2024-03-28 10:14:00+05:30,3427.95,3428,3425.75,3427,2533,
2024-03-28 10:15:00+05:30,3425.45,3435,3425.35,3435,6419,
2024-03-28 10:16:00+05:30,3435,3435,3431.75,3434,1336,
2024-03-28 10:17:00+05:30,3434,3434.3,3431.1,3431.1,2056,
2024-03-28 10:18:00+05:30,3431.1,3433.55,3428.8,3430.35,2135,
2024-03-28 10:19:00+05:30,3430.35,3431.35,3427,3429.9,1510,
2024-03-28 10:20:00+05:30,3428.25,3429.7,3425.1,3426.6,3122,
2024-03-28 10:21:00+05:30,3426.05,3427,3423.05,3425.8,2793,
2024-03-28 10:22:00+05:30,3425.8,3426.1,3422.2,3423.25,2443,
2024-03-28 10:23:00+05:30,3423.25,3423.25,3418.4,3420,4513,
2024-03-28 10:24:00+05:30,3420,3420.3,3419,3420,2042,
2024-03-28 10:25:00+05:30,3420,3420,3417.7,3419,1916,
2024-03-28 10:26:00+05:30,3420,3420.95,3417.8,3420,1956,
2024-03-28 10:27:00+05:30,3420,3423,3418.55,3421.5,4581,
2024-03-28 10:28:00+05:30,3421.7,3421.7,3418.15,3419.6,1713,
2024-03-28 10:29:00+05:30,3419.6,3420.9,3418,3419.95,1439,
2024-03-28 10:30:00+05:30,3419,3420,3417.55,3419.95,1032,
2024-03-28 10:31:00+05:30,3419.95,3420,3417.9,3419.9,935,
2024-03-28 10:32:00+05:30,3419.9,3420,3417.75,3420,1142,
2024-03-28 10:33:00+05:30,3420,3422.5,3419.95,3421,1649,
2024-03-28 10:34:00+05:30,3420,3420,3418.3,3419.5,1157,
2024-03-28 10:35:00+05:30,3419.5,3420,3418.1,3419.95,656,
2024-03-28 10:36:00+05:30,3419.95,3420,3418.45,3420,737,
2024-03-28 10:37:00+05:30,3420,3431,3419.6,3428.3,18444,
2024-03-28 10:38:00+05:30,3428.45,3433.95,3426.85,3428.65,13986,
2024-03-28 10:39:00+05:30,3428.65,3430,3425.85,3427.75,2805,
2024-03-28 10:40:00+05:30,3427.75,3430,3426,3428.35,4085,
2024-03-28 10:41:00+05:30,3428.35,3428.4,3425.7,3427.05,7980,
2024-03-28 10:42:00+05:30,3427.95,3429,3424.95,3427.9,9304,
2024-03-28 10:43:00+05:30,3427.9,3429.7,3426.5,3427.2,1717,
2024-03-28 10:44:00+05:30,3427.2,3429.4,3424.8,3426.85,9585,
2024-03-28 10:45:00+05:30,3427,3428,3425.25,3427.9,1610,
2024-03-28 10:46:00+05:30,3427.9,3428,3423.1,3425.4,945,
2024-03-28 10:47:00+05:30,3425.4,3426,3424.25,3425.05,1966,
2024-03-28 10:48:00+05:30,3426,3426,3424.45,3426,1388,
2024-03-28 10:49:00+05:30,3426,3426,3425.05,3425.7,2212,
2024-03-28 10:50:00+05:30,3426,3426,3425.25,3425.95,3927,
2024-03-28 10:51:00+05:30,3426,3426.95,3425.2,3426.95,3706,
2024-03-28 10:52:00+05:30,3426.95,3427,3425,3425,1025,
2024-03-28 10:53:00+05:30,3425,3425.65,3423.05,3424.4,552,
2024-03-28 10:54:00+05:30,3424.4,3426,3422.6,3424.5,1464,
2024-03-28 10:55:00+05:30,3424.5,3424.9,3423.05,3424.4,732,
2024-03-28 10:56:00+05:30,3424,3424,3421.8,3422.35,747,
2024-03-28 10:57:00+05:30,3422.35,3422.35,3416.2,3419,1974,
2024-03-28 10:58:00+05:30,3419,3419,3415.35,3418,1184,
2024-03-28 10:59:00+05:30,3418,3419.4,3417.15,3418.45,677,
2024-03-28 11:00:00+05:30,3418.35,3420,3417.25,3419.95,678,
2024-03-28 11:01:00+05:30,3419.95,3420,3418.15,3420,1662,
2024-03-28 11:02:00+05:30,3419.35,3420,3418.5,3420,1242,
2024-03-28 11:03:00+05:30,3420,3421,3419,3420,1579,
2024-03-28 11:04:00+05:30,3420,3420,3419,3419.9,795,
2024-03-28 11:05:00+05:30,3419.9,3420,3419,3419,761,
2024-03-28 11:06:00+05:30,3419,3420,3418,3420,1504,
2024-03-28 11:07:00+05:30,3420,3422.5,3419,3422.5,4369,
2024-03-28 11:08:00+05:30,3422.45,3425,3422.05,3425,5731,
2024-03-28 11:09:00+05:30,3425,3429.3,3424.95,3429.3,3832,
2024-03-28 11:10:00+05:30,3429.3,3430,3429.3,3430,2501,
2024-03-28 11:11:00+05:30,3430,3430,3429.9,3430,2787,
2024-03-28 11:12:00+05:30,3430,3430,3429.9,3430,1667,
2024-03-28 11:13:00+05:30,3430,3434.95,3429.9,3434.4,2960,
2024-03-28 11:14:00+05:30,3434.4,3435,3433.4,3434.4,1243,
2024-03-28 11:15:00+05:30,3434.4,3434.95,3430.35,3432.8,1988,
2024-03-28 11:16:00+05:30,3432.8,3433.35,3430.25,3430.9,1105,
2024-03-28 11:17:00+05:30,3430.9,3435,3430.9,3435,902,
2024-03-28 11:18:00+05:30,3434.4,3435,3433.2,3434.8,1863,
2024-03-28 11:19:00+05:30,3434.8,3435.9,3434.25,3435.9,1202,
2024-03-28 11:20:00+05:30,3435.4,3436.2,3435.35,3435.85,912,
2024-03-28 11:21:00+05:30,3435.85,3436,3433.95,3434.55,978,
2024-03-28 11:22:00+05:30,3434.6,3436,3431.55,3433.9,2936,
2024-03-28 11:23:00+05:30,3433.9,3434.95,3432.35,3434.9,1485,
2024-03-28 11:24:00+05:30,3434.95,3435,3432.45,3434,1849,
2024-03-28 11:25:00+05:30,3434,3435,3434,3435,1903,
2024-03-28 11:26:00+05:30,3435,3435,3432.75,3434.4,1903,
2024-03-28 11:27:00+05:30,3433.35,3434.5,3431.8,3433.4,823,
2024-03-28 11:28:00+05:30,3433.4,3434,3431.6,3432.85,843,
2024-03-28 11:29:00+05:30,3432.85,3433.5,3431.6,3433.25,883,
2024-03-28 11:30:00+05:30,3433.25,3433.65,3429.95,3431.45,2911,
2024-03-28 11:31:00+05:30,3431.45,3433.05,3428,3428,1040,
2024-03-28 11:32:00+05:30,3428,3429.6,3427.2,3428.6,991,
2024-03-28 11:33:00+05:30,3428.6,3428.75,3426.6,3428,731,
2024-03-28 11:34:00+05:30,3428,3428.4,3425,3427.05,870,
2024-03-28 11:35:00+05:30,3427.05,3427.9,3425.5,3426.75,812,
2024-03-28 11:36:00+05:30,3426.75,3427,3425,3426.75,636,
2024-03-28 11:37:00+05:30,3426.75,3429.8,3426.75,3427.8,1566,
2024-03-28 11:38:00+05:30,3427.8,3429.1,3426.7,3428.85,926,
2024-03-28 11:39:00+05:30,3427.95,3429,3426.95,3428.35,901,
2024-03-28 11:40:00+05:30,3428.35,3429.4,3426.2,3429.3,1006,
2024-03-28 11:41:00+05:30,3429.3,3430,3425.65,3425.9,758,
2024-03-28 11:42:00+05:30,3426.8,3429,3425,3426.25,2550,
2024-03-28 11:43:00+05:30,3427,3429,3425,3426.65,3902,
2024-03-28 11:44:00+05:30,3426.65,3429,3426.65,3427.75,1724,
2024-03-28 11:45:00+05:30,3427.75,3427.75,3425.2,3427,503,
2024-03-28 11:46:00+05:30,3427,3429.15,3426.9,3427.95,1990,
2024-03-28 11:47:00+05:30,3427.95,3428.35,3426.1,3428.35,1438,
2024-03-28 11:48:00+05:30,3426.45,3429,3426.1,3428.95,1311,
2024-03-28 11:49:00+05:30,3429,3430,3428.8,3429.9,7684,
2024-03-28 11:50:00+05:30,3430,3433.9,3428.85,3433.9,3255,
2024-03-28 11:51:00+05:30,3433.9,3435,3432.35,3434.65,4347,
2024-03-28 11:52:00+05:30,3434.65,3435.9,3433.65,3435.9,4509,
2024-03-28 11:53:00+05:30,3439,3440.75,3438.25,3440.75,12618,
2024-03-28 11:54:00+05:30,3440,3441.45,3438.15,3441,5562,
2024-03-28 11:55:00+05:30,3439.3,3440.95,3437.85,3439.75,4181,
2024-03-28 11:56:00+05:30,3439.75,3439.75,3436.75,3437.95,1093,
2024-03-28 11:57:00+05:30,3437.95,3440,3437.3,3440,1912,
2024-03-28 11:58:00+05:30,3440,3440.4,3437.75,3440.05,1945,
2024-03-28 11:59:00+05:30,3439.8,3444.95,3439.8,3442.45,6432,
2024-03-28 12:00:00+05:30,3442.45,3443,3437.05,3437.75,2288,
2024-03-28 12:01:00+05:30,3437.95,3440.3,3437.95,3440.25,951,
2024-03-28 12:02:00+05:30,3439.95,3440.65,3438,3440,1719,
2024-03-28 12:03:00+05:30,3438.45,3440.05,3437.95,3440,1616,
2024-03-28 12:04:00+05:30,3440,3441.5,3439.95,3440.3,1962,
2024-03-28 12:05:00+05:30,3440.3,3441.35,3438,3438.35,1505,
2024-03-28 12:06:00+05:30,3438.35,3440,3438.15,3439.45,1524,
2024-03-28 12:07:00+05:30,3439.45,3439.45,3436.5,3436.5,602,
2024-03-28 12:08:00+05:30,3436.5,3438,3434.8,3437.85,2108,
2024-03-28 12:09:00+05:30,3437.9,3438.4,3436.65,3438.4,1252,
2024-03-28 12:10:00+05:30,3437.5,3438.5,3436.2,3438.1,1683,
2024-03-28 12:11:00+05:30,3438.25,3438.5,3434.9,3434.9,1642,
2024-03-28 12:12:00+05:30,3434.9,3436.05,3433.85,3434.75,2177,
2024-03-28 12:13:00+05:30,3434.75,3438,3434.2,3437.3,949,
2024-03-28 12:14:00+05:30,3437.3,3438,3437.15,3437.5,893,
2024-03-28 12:15:00+05:30,3437.5,3438,3434.1,3436.2,1865,
2024-03-28 12:16:00+05:30,3435.95,3438,3435.95,3437.85,1075,
2024-03-28 12:17:00+05:30,3437.85,3439.85,3435,3439.85,8235,
2024-03-28 12:18:00+05:30,3439.85,3440,3437.8,3439.2,1450,
2024-03-28 12:19:00+05:30,3439.2,3439.2,3436,3437.1,2153,
2024-03-28 12:20:00+05:30,3437.1,3438.25,3437,3437.8,769,
2024-03-28 12:21:00+05:30,3437.75,3439,3437.1,3438.45,1431,
2024-03-28 12:22:00+05:30,3438.5,3439,3438.3,3438.95,1377,
2024-03-28 12:23:00+05:30,3438.95,3441,3438.45,3440.45,1966,
2024-03-28 12:24:00+05:30,3440.45,3441.7,3439.95,3441.7,1330,
2024-03-28 12:25:00+05:30,3440,3443.25,3439.95,3443,3476,
2024-03-28 12:26:00+05:30,3443,3443.6,3440.9,3441.7,1214,
2024-03-28 12:27:00+05:30,3441.7,3443.45,3440.5,3440.5,3844,
2024-03-28 12:28:00+05:30,3440.5,3441.5,3439.95,3441,2587,
2024-03-28 12:29:00+05:30,3441,3443.2,3439.95,3442,5715,
2024-03-28 12:30:00+05:30,3442,3442,3439.35,3441.55,4743,
2024-03-28 12:31:00+05:30,3441,3442,3440.35,3440.75,3618,
2024-03-28 12:32:00+05:30,3440.35,3442.5,3440.35,3441.1,2535,
2024-03-28 12:33:00+05:30,3442.3,3442.55,3440.1,3441.75,1117,
2024-03-28 12:34:00+05:30,3441.75,3442.15,3440.4,3440.65,1919,
2024-03-28 12:35:00+05:30,3440.65,3441.95,3439.95,3441.15,2521,
2024-03-28 12:36:00+05:30,3441.15,3448.65,3441.05,3447.95,6123,
2024-03-28 12:37:00+05:30,3447.95,3448,3444.45,3447.3,6696,
2024-03-28 12:38:00+05:30,3447.2,3447.2,3441.6,3444.5,2172,
2024-03-28 12:39:00+05:30,3444.5,3445.55,3442.5,3445,1650,
2024-03-28 12:40:00+05:30,3445,3445.8,3443.25,3443.45,3059,
2024-03-28 12:41:00+05:30,3443.65,3445.95,3443.25,3444.3,2881,
2024-03-28 12:42:00+05:30,3444.3,3446.6,3443.7,3446.45,1808,
2024-03-28 12:43:00+05:30,3446.55,3447.75,3443.65,3445.7,3543,
2024-03-28 12:44:00+05:30,3445.7,3447.45,3441.1,3443.9,3916,
2024-03-28 12:45:00+05:30,3443.9,3445.15,3442.3,3444.45,1491,
2024-03-28 12:46:00+05:30,3444.45,3445.4,3442.65,3444.25,2236,
2024-03-28 12:47:00+05:30,3443.4,3445,3441.1,3441.25,2228,
2024-03-28 12:48:00+05:30,3441.25,3444,3441.1,3443.9,2036,
2024-03-28 12:49:00+05:30,3442.8,3444.75,3440.65,3441.15,1320,
2024-03-28 12:50:00+05:30,3441.15,3442.55,3439.35,3441.05,2552,
2024-03-28 12:51:00+05:30,3441.05,3441.05,3437,3438.45,2241,
2024-03-28 12:52:00+05:30,3438.45,3439,3436.45,3438.7,1954,
2024-03-28 12:53:00+05:30,3438.7,3443,3436.6,3442.8,2435,
2024-03-28 12:54:00+05:30,3443,3444.5,3438,3444.5,5234,
2024-03-28 12:55:00+05:30,3444.5,3446,3444.2,3445,1069,
2024-03-28 12:56:00+05:30,3445,3449,3445,3447.95,2030,
2024-03-28 12:57:00+05:30,3447.95,3454.3,3447.6,3454.3,6503,
2024-03-28 12:58:00+05:30,3454.3,3459,3454.3,3458.15,8581,
2024-03-28 12:59:00+05:30,3457.95,3458.75,3453,3453.95,1673,
2024-03-28 13:00:00+05:30,3453.95,3455,3452.5,3453,2072,
2024-03-28 13:01:00+05:30,3453,3454.65,3450.6,3451.15,2225,
2024-03-28 13:02:00+05:30,3451.15,3454.95,3449.6,3449.6,2382,
2024-03-28 13:03:00+05:30,3450,3451.65,3449.6,3451.3,1170,
2024-03-28 13:04:00+05:30,3451.3,3451.3,3447.65,3451.2,2315,
2024-03-28 13:05:00+05:30,3451.2,3453.8,3449.6,3453.8,1048,
2024-03-28 13:06:00+05:30,3453.8,3454,3450.55,3452.4,1084,
2024-03-28 13:07:00+05:30,3453.3,3453.3,3451,3453,866,
2024-03-28 13:08:00+05:30,3453,3455.9,3450.35,3455.9,3809,
2024-03-28 13:09:00+05:30,3455.9,3455.9,3450.3,3451.95,1634,
2024-03-28 13:10:00+05:30,3451.95,3452.95,3450.4,3450.95,1000,
2024-03-28 13:11:00+05:30,3450.7,3452.4,3450.3,3450.3,1592,
2024-03-28 13:12:00+05:30,3450.3,3451.9,3449,3449.35,606,
2024-03-28 13:13:00+05:30,3449.35,3451.9,3448.45,3449.8,1934,
2024-03-28 13:14:00+05:30,3450,3450,3448.25,3450,1561,
2024-03-28 13:15:00+05:30,3450,3450,3448.8,3449.75,1292,
2024-03-28 13:16:00+05:30,3449.75,3457.4,3449.75,3457.4,5531,
2024-03-28 13:17:00+05:30,3456.75,3459,3452.45,3456.15,2925,
2024-03-28 13:18:00+05:30,3456.15,3456.35,3454.4,3455.9,953,
2024-03-28 13:19:00+05:30,3455.7,3457,3455.5,3456.25,909,
2024-03-28 13:20:00+05:30,3456.25,3458.4,3454.9,3455.65,1804,
2024-03-28 13:21:00+05:30,3455.65,3460,3455.65,3460,1399,
2024-03-28 13:22:00+05:30,3460,3462.95,3458.65,3460,3462,
2024-03-28 13:23:00+05:30,3458.85,3460.45,3456.2,3456.2,1544,
2024-03-28 13:24:00+05:30,3456.2,3460,3456.2,3459.05,1012,
2024-03-28 13:25:00+05:30,3460.05,3460.95,3457,3459.15,956,
2024-03-28 13:26:00+05:30,3457.5,3460.6,3457.1,3459,1124,
2024-03-28 13:27:00+05:30,3459,3460,3458,3458.05,855,
2024-03-28 13:28:00+05:30,3458.05,3459.6,3456.85,3458.05,2359,
2024-03-28 13:29:00+05:30,3458.05,3458.6,3455,3456.05,739,
2024-03-28 13:30:00+05:30,3456.05,3458.55,3456.05,3457.7,1651,
2024-03-28 13:31:00+05:30,3457.7,3460,3457.2,3459.45,542,
2024-03-28 13:32:00+05:30,3459.45,3462.2,3458.1,3460.25,1926,
2024-03-28 13:33:00+05:30,3460.55,3461.25,3458.8,3459.95,896,
2024-03-28 13:34:00+05:30,3459.95,3461.1,3459.85,3460.7,566,
2024-03-28 13:35:00+05:30,3460.7,3461.1,3457.85,3458.05,1978,
2024-03-28 13:36:00+05:30,3458.25,3459.6,3457.8,3459.05,658,
2024-03-28 13:37:00+05:30,3459.05,3461.5,3458.25,3461.45,874,
2024-03-28 13:38:00+05:30,3460.75,3463,3460.75,3463,1054,
2024-03-28 13:39:00+05:30,3463,3463,3457.55,3457.55,3716,
2024-03-28 13:40:00+05:30,3457.55,3459,3456.05,3456.05,1147,
2024-03-28 13:41:00+05:30,3454.6,3455.95,3451.05,3455.5,1768,
2024-03-28 13:42:00+05:30,3455.5,3455.95,3450.35,3450.35,2003,
2024-03-28 13:43:00+05:30,3452,3452,3445.7,3447.1,2315,
2024-03-28 13:44:00+05:30,3447.1,3450.35,3447.05,3450.35,609,
2024-03-28 13:45:00+05:30,3450.35,3452.25,3448.45,3448.45,2037,
2024-03-28 13:46:00+05:30,3448.45,3450,3447.85,3448.05,682,
2024-03-28 13:47:00+05:30,3448.05,3451.9,3446.95,3450.65,772,
2024-03-28 13:48:00+05:30,3451.65,3452.8,3451.2,3452.8,1035,
2024-03-28 13:49:00+05:30,3452.8,3453.25,3451.4,3451.4,660,
2024-03-28 13:50:00+05:30,3451.4,3456.5,3451.4,3454.4,2954,
2024-03-28 13:51:00+05:30,3454.4,3456.2,3454,3454.25,1084,
2024-03-28 13:52:00+05:30,3454.3,3457.25,3454.2,3457.25,1057,
2024-03-28 13:53:00+05:30,3457.25,3459.95,3456.3,3459.95,525,
2024-03-28 13:54:00+05:30,3459.95,3459.95,3456.35,3459.05,1576,
2024-03-28 13:55:00+05:30,3459.05,3459.95,3455.6,3459.95,2078,
2024-03-28 13:56:00+05:30,3459.95,3461.7,3458.4,3460.1,1131,
2024-03-28 13:57:00+05:30,3460,3460,3455.05,3456.9,1460,
2024-03-28 13:58:00+05:30,3456.9,3459.4,3454.8,3457.05,3085,
2024-03-28 13:59:00+05:30,3457.05,3457.55,3454.65,3456.65,2973,
2024-03-28 14:00:00+05:30,3456.65,3460,3454.2,3458.25,4273,
2024-03-28 14:01:00+05:30,3458.25,3458.75,3454.55,3456.35,2289,
2024-03-28 14:02:00+05:30,3455.95,3455.95,3451.1,3451.85,3499,
2024-03-28 14:03:00+05:30,3451.85,3455,3449.85,3454.95,2823,
2024-03-28 14:04:00+05:30,3454.3,3454.6,3449,3451,1871,
2024-03-28 14:05:00+05:30,3451,3452.6,3449.95,3451,581,
2024-03-28 14:06:00+05:30,3451,3452.95,3449.4,3450.9,1041,
2024-03-28 14:07:00+05:30,3450.9,3453.95,3449.8,3453.9,1256,
2024-03-28 14:08:00+05:30,3453.6,3456.7,3452.15,3454,2634,
2024-03-28 14:09:00+05:30,3455.1,3457.7,3454,3454.3,1485,
2024-03-28 14:10:00+05:30,3456.4,3457,3454.3,3455,1072,
2024-03-28 14:11:00+05:30,3455,3458,3454.2,3457.9,2607,
2024-03-28 14:12:00+05:30,3455.75,3457.8,3451.9,3454.1,1304,
2024-03-28 14:13:00+05:30,3454.5,3454.5,3448.5,3452.4,972,
2024-03-28 14:14:00+05:30,3452.4,3457.3,3450.75,3455.4,2535,
2024-03-28 14:15:00+05:30,3455.35,3458,3453.35,3455,1836,
2024-03-28 14:16:00+05:30,3456.6,3458,3454.25,3454.3,1872,
2024-03-28 14:17:00+05:30,3454.3,3459,3453.2,3455.25,1854,
2024-03-28 14:18:00+05:30,3455.4,3456.1,3451.5,3455.75,705,
2024-03-28 14:19:00+05:30,3455.75,3458.05,3453.6,3455.45,1149,
2024-03-28 14:20:00+05:30,3457,3457,3453.1,3455.4,988,
2024-03-28 14:21:00+05:30,3455.4,3455.4,3453,3455.15,1520,
2024-03-28 14:22:00+05:30,3455.15,3455.5,3453,3453.1,840,
2024-03-28 14:23:00+05:30,3454.9,3455.45,3450.5,3452.35,2151,
2024-03-28 14:24:00+05:30,3452.35,3453.7,3450.05,3452,700,
2024-03-28 14:25:00+05:30,3452,3453.3,3450.3,3453.15,1203,
2024-03-28 14:26:00+05:30,3451.85,3455,3451.85,3453.3,2562,
2024-03-28 14:27:00+05:30,3453.25,3458.75,3453.25,3458.75,2804,
2024-03-28 14:28:00+05:30,3458.6,3458.6,3454.4,3457.05,2851,
2024-03-28 14:29:00+05:30,3457.05,3460,3455.2,3458.1,1712,
2024-03-28 14:30:00+05:30,3458.1,3459.8,3457.7,3459.8,904,
2024-03-28 14:31:00+05:30,3458.15,3460,3457.7,3460,2227,
2024-03-28 14:32:00+05:30,3460,3460,3458.25,3458.55,1461,
2024-03-28 14:33:00+05:30,3458.55,3460,3458.55,3460,1872,
2024-03-28 14:34:00+05:30,3458.9,3460,3458.9,3458.9,2359,
2024-03-28 14:35:00+05:30,3458.9,3459.35,3457.35,3457.35,1085,
2024-03-28 14:36:00+05:30,3457.35,3458.1,3455.7,3456.7,1428,
2024-03-28 14:37:00+05:30,3456.7,3458,3455.55,3455.55,2385,
2024-03-28 14:38:00+05:30,3456.05,3460.5,3455.3,3459.2,2790,
2024-03-28 14:39:00+05:30,3459.2,3462,3459.2,3460.1,1850,
2024-03-28 14:40:00+05:30,3460.1,3463.7,3460.1,3462.2,2947,
2024-03-28 14:41:00+05:30,3460.25,3463.8,3460.25,3461.75,2509,
2024-03-28 14:42:00+05:30,3461.75,3464.8,3461.7,3464.7,2066,
2024-03-28 14:43:00+05:30,3463.9,3465.7,3462.2,3463.8,3590,
2024-03-28 14:44:00+05:30,3464.8,3466.6,3460.7,3460.7,2884,
2024-03-28 14:45:00+05:30,3461,3462.4,3460.1,3460.35,3058,
2024-03-28 14:46:00+05:30,3460.3,3464.55,3460.3,3464.1,1786,
2024-03-28 14:47:00+05:30,3464.1,3466.45,3462.45,3464.55,1798,
2024-03-28 14:48:00+05:30,3464.5,3468.95,3464.45,3468.25,3061,
2024-03-28 14:49:00+05:30,3468.25,3469.7,3466.25,3467.45,4427,
2024-03-28 14:50:00+05:30,3468.65,3468.65,3465.75,3468.5,2612,
2024-03-28 14:51:00+05:30,3468.7,3469.4,3466.7,3467.45,2740,
2024-03-28 14:52:00+05:30,3467.45,3469.35,3464.2,3464.2,3567,
2024-03-28 14:53:00+05:30,3464.2,3465.65,3462.05,3465,5082,
2024-03-28 14:54:00+05:30,3463.4,3466.05,3463.4,3465.95,1062,
2024-03-28 14:55:00+05:30,3464.95,3466.75,3459.75,3461.35,2321,
2024-03-28 14:56:00+05:30,3461.25,3461.65,3458.95,3459.3,3983,
2024-03-28 14:57:00+05:30,3461,3463,3459.3,3462.95,1059,
2024-03-28 14:58:00+05:30,3461.3,3462.95,3457.8,3459.25,2840,
2024-03-28 14:59:00+05:30,3459.25,3459.25,3450.7,3450.7,6539,
2024-03-28 15:00:00+05:30,3450.05,3455.05,3448,3448.85,13516,
2024-03-28 15:01:00+05:30,3449.55,3452.25,3446.1,3449.1,8930,
2024-03-28 15:02:00+05:30,3449.5,3454.4,3445.45,3449.45,9335,
2024-03-28 15:03:00+05:30,3449.45,3454.15,3447.05,3447.1,8595,
2024-03-28 15:04:00+05:30,3447.1,3455.85,3444.9,3450.85,8984,
2024-03-28 15:05:00+05:30,3449.5,3454.8,3449.5,3452.2,6207,
2024-03-28 15:06:00+05:30,3451.65,3455.1,3444.2,3447.45,8818,
2024-03-28 15:07:00+05:30,3448.05,3454.2,3444.4,3451.75,10749,
2024-03-28 15:08:00+05:30,3450.8,3455,3447.05,3447.85,12238,
2024-03-28 15:09:00+05:30,3447.85,3448.75,3442.95,3446.05,11272,
2024-03-28 15:10:00+05:30,3445.95,3448.55,3443.15,3447.4,7333,
2024-03-28 15:11:00+05:30,3447.4,3447.45,3445.4,3446.1,5908,
2024-03-28 15:12:00+05:30,3446.55,3450,3445.95,3447.2,5738,
2024-03-28 15:13:00+05:30,3447,3447.05,3445,3445.85,5009,
2024-03-28 15:14:00+05:30,3445.85,3445.85,3442.6,3443.15,5624,
2024-03-28 15:15:00+05:30,3443.45,3445.8,3442,3442,4777,
2024-03-28 15:16:00+05:30,3442,3442.05,3440,3440.45,6028,
2024-03-28 15:17:00+05:30,3440.45,3440.45,3434.3,3434.3,5332,
2024-03-28 15:18:00+05:30,3434.45,3438.05,3434.1,3434.6,8529,
2024-03-28 15:19:00+05:30,3434.55,3439.45,3434.55,3438.3,8225,
2024-03-28 15:20:00+05:30,3438.3,3439.5,3432.8,3434.05,5901,
2024-03-28 15:21:00+05:30,3434.2,3437.25,3434.1,3435.85,4844,
2024-03-28 15:22:00+05:30,3435.8,3435.95,3433.15,3433.4,6490,
2024-03-28 15:23:00+05:30,3433.95,3438.25,3433.75,3438.2,6768,
2024-03-28 15:24:00+05:30,3436.7,3442.85,3436.55,3442.85,7602,
2024-03-28 15:25:00+05:30,3442.85,3445,3442.6,3443.6,4961,
2024-03-28 15:26:00+05:30,3443.7,3449.1,3443.15,3449.1,5109,
2024-03-28 15:27:00+05:30,3449.1,3451.05,3447.15,3449.3,3903,
2024-03-28 15:28:00+05:30,3449.35,3452.85,3448.85,3452.2,4196,
2024-03-28 15:29:00+05:30,3452.2,3455,3435,3437,2996,
2024-04-01 09:15:00+05:30,3450,3464.7,3450,3456.85,2992,
2024-04-01 09:16:00+05:30,3461.2,3475,3461.15,3474,3068,
2024-04-01 09:17:00+05:30,3475.8,3479.7,3468.05,3470.15,4327,
2024-04-01 09:18:00+05:30,3472.55,3474.9,3470.4,3471.05,1302,
2024-04-01 09:19:00+05:30,3471.05,3474.25,3469,3470.85,1757,
2024-04-01 09:20:00+05:30,3470.85,3471.85,3465.9,3470.8,783,
2024-04-01 09:21:00+05:30,3470.45,3479.9,3468.75,3479.7,2263,
2024-04-01 09:22:00+05:30,3477.75,3484,3477.75,3484,1429,
2024-04-01 09:23:00+05:30,3483.15,3494.7,3483.15,3493.35,1775,
2024-04-01 09:24:00+05:30,3493.5,3494.6,3483.85,3487.85,2437,
2024-04-01 09:25:00+05:30,3485.05,3487.35,3484,3485,868,
2024-04-01 09:26:00+05:30,3485,3486.15,3481.3,3484.95,1553,
2024-04-01 09:27:00+05:30,3484.25,3484.25,3481.05,3482,1174,
2024-04-01 09:28:00+05:30,3482,3483.5,3481,3483,1240,
2024-04-01 09:29:00+05:30,3483,3485,3478.3,3484.95,858,
2024-04-01 09:30:00+05:30,3484.95,3488.95,3483.05,3488.4,1212,
2024-04-01 09:31:00+05:30,3487.95,3488.55,3483.9,3485.75,778,
2024-04-01 09:32:00+05:30,3485.75,3486.15,3481.9,3485.5,1681,
2024-04-01 09:33:00+05:30,3485.5,3485.5,3483.2,3484.95,1194,
2024-04-01 09:34:00+05:30,3484.95,3487,3484.95,3487,1067,
2024-04-01 09:35:00+05:30,3487,3490.95,3486.1,3490.95,1004,
2024-04-01 09:36:00+05:30,3492,3496.1,3491.25,3494.35,3776,
2024-04-01 09:37:00+05:30,3494.35,3496,3492.6,3494,1604,
2024-04-01 09:38:00+05:30,3492.45,3494.25,3490.45,3493.4,1389,
2024-04-01 09:39:00+05:30,3493.4,3498.95,3492.9,3493.55,5342,
2024-04-01 09:40:00+05:30,3494,3498,3494,3496.05,1584,
2024-04-01 09:41:00+05:30,3496.05,3499,3496.05,3498,479,
2024-04-01 09:42:00+05:30,3498,3499.7,3495.8,3497.4,957,
2024-04-01 09:43:00+05:30,3497.05,3498.75,3495.3,3497.35,729,
2024-04-01 09:44:00+05:30,3497.3,3497.4,3494.25,3496.95,568,
2024-04-01 09:45:00+05:30,3496,3496.85,3494.4,3495.45,824,
2024-04-01 09:46:00+05:30,3495.45,3495.5,3494.45,3495,654,
2024-04-01 09:47:00+05:30,3495,3495,3493.25,3494.9,778,
2024-04-01 09:48:00+05:30,3494.9,3495.45,3492.2,3495,734,
2024-04-01 09:49:00+05:30,3495,3495,3492.2,3493,464,
2024-04-01 09:50:00+05:30,3491.85,3493,3488,3488,1164,
2024-04-01 09:51:00+05:30,3488.7,3489.4,3483.2,3484.35,738,
2024-04-01 09:52:00+05:30,3483.3,3489.95,3483,3489.95,677,
2024-04-01 09:53:00+05:30,3489.95,3491.4,3487.9,3489.55,535,
2024-04-01 09:54:00+05:30,3489.55,3489.55,3485.8,3485.95,306,
2024-04-01 09:55:00+05:30,3485.95,3488.8,3485.5,3488.75,502,
2024-04-01 09:56:00+05:30,3488.75,3488.8,3487.6,3487.6,232,
2024-04-01 09:57:00+05:30,3488.8,3489.2,3487.05,3487.3,271,
2024-04-01 09:58:00+05:30,3489.15,3489.15,3486,3487.2,401,
2024-04-01 09:59:00+05:30,3489.2,3489.2,3486.8,3488.85,410,
2024-04-01 10:00:00+05:30,3488.85,3488.9,3487.05,3487.05,193,
2024-04-01 10:01:00+05:30,3488,3488,3487,3488,52,
2024-04-01 10:02:00+05:30,3488,3489.9,3486.85,3489.85,1348,
2024-04-01 10:03:00+05:30,3490,3493.7,3488.6,3493,802,
2024-04-01 10:04:00+05:30,3493.7,3495.7,3491.95,3495,373,
2024-04-01 10:05:00+05:30,3495.7,3496.2,3493,3495.25,750,
2024-04-01 10:06:00+05:30,3496.3,3497.4,3493.4,3496,2118,
2024-04-01 10:07:00+05:30,3496,3497.7,3495.4,3496.65,1290,
2024-04-01 10:08:00+05:30,3497,3497.7,3496.3,3497.6,480,
2024-04-01 10:09:00+05:30,3497.6,3500.15,3497,3500.15,369,
2024-04-01 10:10:00+05:30,3501.05,3508,3501.05,3506.65,4566,
2024-04-01 10:11:00+05:30,3507.2,3508,3502.9,3505.8,1234,
2024-04-01 10:12:00+05:30,3505.5,3505.5,3503.25,3503.3,423,
2024-04-01 10:13:00+05:30,3505,3505,3502,3503.6,1308,
2024-04-01 10:14:00+05:30,3503.6,3507,3502.3,3506.55,1511,
2024-04-01 10:15:00+05:30,3506.9,3507,3503.1,3503.65,520,
2024-04-01 10:16:00+05:30,3504.95,3506.75,3503.15,3503.15,1235,
2024-04-01 10:17:00+05:30,3505.75,3506.3,3501,3501,302,
2024-04-01 10:18:00+05:30,3502,3503.1,3501,3501.55,1490,
2024-04-01 10:19:00+05:30,3500.3,3501.55,3497.2,3499.65,446,
2024-04-01 10:20:00+05:30,3500.95,3501,3499.1,3500.1,613,
2024-04-01 10:21:00+05:30,3500,3501.6,3499.05,3500.9,325,
2024-04-01 10:22:00+05:30,3501.6,3504.1,3500.9,3501.95,919,
2024-04-01 10:23:00+05:30,3501.35,3502.4,3498.45,3499.6,674,
2024-04-01 10:24:00+05:30,3499.3,3499.3,3497,3498.05,396,
2024-04-01 10:25:00+05:30,3497.9,3502.95,3497.7,3501.15,1887,
2024-04-01 10:26:00+05:30,3501.15,3503,3500,3503,1296,
2024-04-01 10:27:00+05:30,3502.75,3504.85,3501.25,3502.2,1157,
2024-04-01 10:28:00+05:30,3504.15,3504.15,3502.35,3502.35,203,
2024-04-01 10:29:00+05:30,3502.35,3503.8,3501.15,3502,592,
2024-04-01 10:30:00+05:30,3502,3503.65,3500.05,3501.15,572,
2024-04-01 10:31:00+05:30,3501.15,3501.8,3500,3500,313,
2024-04-01 10:32:00+05:30,3500,3502.45,3500,3500.05,304,
2024-04-01 10:33:00+05:30,3500.1,3502.7,3500,3500.5,376,
2024-04-01 10:34:00+05:30,3501.8,3501.8,3495,3495,2638,
2024-04-01 10:35:00+05:30,3495.3,3495.3,3487.2,3488.1,3900,
2024-04-01 10:36:00+05:30,3488.05,3488.15,3485,3485,2048,
2024-04-01 10:37:00+05:30,3485,3487.55,3484.25,3484.25,2906,
2024-04-01 10:38:00+05:30,3485,3487.25,3480.5,3480.5,9046,
2024-04-01 10:39:00+05:30,3480.5,3480.5,3475.6,3479,2386,
2024-04-01 10:40:00+05:30,3479,3483.25,3479,3481,659,
2024-04-01 10:41:00+05:30,3482.55,3484.25,3481.95,3482.3,312,
2024-04-01 10:42:00+05:30,3482.3,3485.45,3482.3,3484.45,384,
2024-04-01 10:43:00+05:30,3484.45,3486.7,3482.5,3483.95,783,
2024-04-01 10:44:00+05:30,3484.05,3484.95,3482.35,3484.95,339,
2024-04-01 10:45:00+05:30,3484.95,3484.95,3482.3,3484.05,764,
2024-04-01 10:46:00+05:30,3484.05,3484.05,3480.05,3481.2,850,
2024-04-01 10:47:00+05:30,3481.2,3481.2,3477.85,3478.9,975,
2024-04-01 10:48:00+05:30,3480.5,3481.75,3479,3481.65,435,
2024-04-01 10:49:00+05:30,3481.75,3481.75,3481.65,3481.75,70,
2024-04-01 10:50:00+05:30,3481.75,3482.95,3480.35,3482.95,373,
2024-04-01 10:51:00+05:30,3482.45,3482.45,3482.05,3482.45,143,
2024-04-01 10:52:00+05:30,3482.45,3482.45,3482.15,3482.15,82,
2024-04-01 10:53:00+05:30,3482.45,3482.45,3482.15,3482.45,112,
2024-04-01 10:54:00+05:30,3483,3483.8,3480,3481.1,832,
2024-04-01 10:55:00+05:30,3481.1,3481.1,3477.5,3477.95,609,
2024-04-01 10:56:00+05:30,3479.1,3479.1,3475,3475.9,471,
2024-04-01 10:57:00+05:30,3475.9,3479.1,3475,3477.6,788,
2024-04-01 10:58:00+05:30,3477.6,3479.05,3477.55,3478.95,137,
2024-04-01 10:59:00+05:30,3478.95,3478.95,3478.15,3478.15,162,
2024-04-01 11:00:00+05:30,3478.8,3479.5,3478.15,3479.5,289,
2024-04-01 11:01:00+05:30,3479.5,3483.05,3479.5,3482.7,261,
2024-04-01 11:02:00+05:30,3482.7,3482.7,3480.7,3481.85,350,
2024-04-01 11:03:00+05:30,3481.85,3481.85,3480,3481.15,368,
2024-04-01 11:04:00+05:30,3481.1,3481.75,3480,3480,197,
2024-04-01 11:05:00+05:30,3481.45,3481.45,3479.2,3480.55,313,
2024-04-01 11:06:00+05:30,3480.55,3480.7,3479.4,3480.7,326,
2024-04-01 11:07:00+05:30,3480.7,3480.7,3477.6,3478.05,841,
2024-04-01 11:08:00+05:30,3479.7,3479.75,3478.15,3478.2,77,
2024-04-01 11:09:00+05:30,3478.2,3479.7,3477.3,3477.8,406,
2024-04-01 11:10:00+05:30,3477.8,3479.35,3477.8,3479.35,161,
2024-04-01 11:11:00+05:30,3479.35,3479.35,3477.9,3478,95,
2024-04-01 11:12:00+05:30,3479.35,3479.35,3477.75,3479.25,117,
2024-04-01 11:13:00+05:30,3479.25,3479.25,3477.8,3477.8,291,
2024-04-01 11:14:00+05:30,3478.05,3478.05,3474.05,3477.05,4925,
2024-04-01 11:15:00+05:30,3478.55,3478.55,3476.8,3478,131,
2024-04-01 11:16:00+05:30,3478.45,3478.45,3478.05,3478.45,77,
2024-04-01 11:17:00+05:30,3478.05,3480,3478.05,3480,393,
2024-04-01 11:18:00+05:30,3480,3484.05,3479.05,3483.9,834,
2024-04-01 11:19:00+05:30,3484,3484.7,3482.65,3484.3,955,
2024-04-01 11:20:00+05:30,3484.3,3484.35,3484.05,3484.35,140,
2024-04-01 11:21:00+05:30,3484.35,3485.7,3484.05,3485.7,250,
2024-04-01 11:22:00+05:30,3485.7,3485.7,3482.7,3482.7,922,
2024-04-01 11:23:00+05:30,3482.7,3484.1,3481.05,3483.2,446,
2024-04-01 11:24:00+05:30,3483.25,3483.55,3482.2,3483.5,241,
2024-04-01 11:25:00+05:30,3483.55,3484.35,3482.45,3483.95,179,
2024-04-01 11:26:00+05:30,3484.2,3485,3484.05,3485,153,
2024-04-01 11:27:00+05:30,3485.25,3485.7,3481.65,3483.4,303,
2024-04-01 11:28:00+05:30,3483.75,3483.75,3480.05,3482.65,693,
2024-04-01 11:29:00+05:30,3482.65,3485.7,3481.9,3485,159,
2024-04-01 11:30:00+05:30,3485,3486.1,3484.1,3485.85,444,
2024-04-01 11:31:00+05:30,3485.85,3486.4,3483.95,3484,176,
2024-04-01 11:32:00+05:30,3484,3485.6,3483.8,3485.35,186,
2024-04-01 11:33:00+05:30,3486.3,3487.2,3485.35,3487.05,339,
2024-04-01 11:34:00+05:30,3487.05,3489,3481.75,3482.75,1416,
2024-04-01 11:35:00+05:30,3482.85,3482.85,3480.6,3480.65,451,
2024-04-01 11:36:00+05:30,3480.65,3480.65,3474.05,3476.45,2175,
2024-04-01 11:37:00+05:30,3476.45,3477.2,3475,3476,1206,
2024-04-01 11:38:00+05:30,3477.45,3479.45,3475.9,3477,1022,
2024-04-01 11:39:00+05:30,3478.15,3478.35,3477.3,3477.3,235,
2024-04-01 11:40:00+05:30,3478.35,3478.35,3478.2,3478.2,150,
2024-04-01 11:41:00+05:30,3478.3,3479.9,3478.3,3479.75,250,
2024-04-01 11:42:00+05:30,3479.75,3480,3478.5,3478.5,291,
2024-04-01 11:43:00+05:30,3479.85,3479.85,3478,3479.25,375,
2024-04-01 11:44:00+05:30,3479.25,3479.45,3478,3478.15,256,
2024-04-01 11:45:00+05:30,3479.45,3479.7,3478.4,3479,119,
2024-04-01 11:46:00+05:30,3479,3479.7,3478.35,3479.7,307,
2024-04-01 11:47:00+05:30,3479.6,3480,3479.6,3479.7,129,
2024-04-01 11:48:00+05:30,3480.65,3481.7,3479.85,3481.6,245,
2024-04-01 11:49:00+05:30,3481.6,3482.8,3480.2,3482.75,820,
2024-04-01 11:50:00+05:30,3482.75,3485.1,3482.75,3483.6,794,
2024-04-01 11:51:00+05:30,3485.1,3487.65,3484.45,3486,219,
2024-04-01 11:52:00+05:30,3486,3488.9,3486,3488.9,478,
2024-04-01 11:53:00+05:30,3488.9,3488.9,3487.2,3487.2,357,
2024-04-01 11:54:00+05:30,3488,3488,3485.95,3486.6,279,
2024-04-01 11:55:00+05:30,3486.6,3486.6,3485.65,3486,103,
2024-04-01 11:56:00+05:30,3486,3489.1,3486,3489.1,737,
2024-04-01 11:57:00+05:30,3489.7,3492.7,3488.35,3492.7,514,
2024-04-01 11:58:00+05:30,3492.7,3494,3492,3493.95,1043,
2024-04-01 11:59:00+05:30,3493.95,3493.95,3490.55,3490.8,494,
2024-04-01 12:00:00+05:30,3490.8,3492.4,3490.35,3492.1,112,
2024-04-01 12:01:00+05:30,3492.1,3492.1,3490.3,3492.05,64,
2024-04-01 12:02:00+05:30,3492.05,3492.05,3490.35,3490.35,200,
2024-04-01 12:03:00+05:30,3490.45,3491.15,3490.25,3490.55,223,
2024-04-01 12:04:00+05:30,3490.55,3490.55,3489.25,3490,142,
2024-04-01 12:05:00+05:30,3488.8,3490,3487.5,3489.35,232,
2024-04-01 12:06:00+05:30,3489.35,3497.65,3487.6,3495.35,5010,
2024-04-01 12:07:00+05:30,3496.9,3500.65,3496.9,3500.65,4259,
2024-04-01 12:08:00+05:30,3500.65,3500.7,3500,3500.6,1429,
2024-04-01 12:09:00+05:30,3500.65,3505.4,3500,3505,4707,
2024-04-01 12:10:00+05:30,3505.05,3505.15,3505,3505,1817,
2024-04-01 12:11:00+05:30,3505.05,3505.05,3505,3505,3991,
2024-04-01 12:12:00+05:30,3505,3505.1,3505,3505,8687,
2024-04-01 12:13:00+05:30,3505.05,3505.55,3505,3505.15,1957,
2024-04-01 12:14:00+05:30,3505.2,3505.2,3503.5,3505,6249,
2024-04-01 12:15:00+05:30,3503.55,3505.15,3501.5,3505,6475,
2024-04-01 12:16:00+05:30,3505.05,3505.85,3503,3505,1741,
2024-04-01 12:17:00+05:30,3505,3505.1,3504,3504.5,969,
2024-04-01 12:18:00+05:30,3505.85,3505.85,3505,3505.8,414,
2024-04-01 12:19:00+05:30,3505.8,3505.85,3505,3505,1090,
2024-04-01 12:20:00+05:30,3505.8,3508,3505,3505.55,1004,
2024-04-01 12:21:00+05:30,3506.35,3507.95,3505.3,3507,2393,
2024-04-01 12:22:00+05:30,3507.9,3510,3506.25,3508.35,2194,
2024-04-01 12:23:00+05:30,3512.9,3513.85,3509,3511.5,3228,
2024-04-01 12:24:00+05:30,3511.5,3515.65,3508.4,3515,3821,
2024-04-01 12:25:00+05:30,3515.05,3516.8,3515,3515.05,2466,
2024-04-01 12:26:00+05:30,3515.05,3516.45,3515,3515.05,3324,
2024-04-01 12:27:00+05:30,3515.5,3518.9,3514,3515.15,1442,
2024-04-01 12:28:00+05:30,3515.6,3518.25,3515,3516.3,1021,
2024-04-01 12:29:00+05:30,3516.3,3521.7,3516.25,3520,3901,
2024-04-01 12:30:00+05:30,3521,3521,3519,3520,2186,
2024-04-01 12:31:00+05:30,3520,3522.25,3520,3522.2,5506,
2024-04-01 12:32:00+05:30,3522.25,3522.25,3519.9,3520.75,792,
2024-04-01 12:33:00+05:30,3520.95,3521.6,3518.05,3521.25,2662,
2024-04-01 12:34:00+05:30,3521.65,3521.65,3520,3520.9,527,
2024-04-01 12:35:00+05:30,3520.9,3520.9,3520,3520.5,2319,
2024-04-01 12:36:00+05:30,3520.55,3520.55,3518.5,3520,2378,
2024-04-01 12:37:00+05:30,3520.3,3520.95,3520,3520.45,1390,
2024-04-01 12:38:00+05:30,3520.95,3521.3,3520,3520,1567,
2024-04-01 12:39:00+05:30,3520.75,3520.75,3520,3520.05,3283,
2024-04-01 12:40:00+05:30,3520.05,3520.15,3520,3520,5030,
2024-04-01 12:41:00+05:30,3520,3520.05,3513,3514.7,4114,
2024-04-01 12:42:00+05:30,3514.7,3520.05,3510.25,3519.65,2589,
2024-04-01 12:43:00+05:30,3519.65,3520.05,3518.3,3518.9,1790,
2024-04-01 12:44:00+05:30,3520.05,3520.1,3518.9,3520,632,
2024-04-01 12:45:00+05:30,3520.05,3520.05,3518.9,3520,1311,
2024-04-01 12:46:00+05:30,3520.05,3520.05,3518.95,3520.05,808,
2024-04-01 12:47:00+05:30,3520.05,3520.05,3518.5,3520,7855,
2024-04-01 12:48:00+05:30,3520,3520.65,3518.55,3519.8,3730,
2024-04-01 12:49:00+05:30,3520.2,3520.2,3518.65,3519.6,1277,
2024-04-01 12:50:00+05:30,3520.05,3520.05,3519.1,3519.25,870,
2024-04-01 12:51:00+05:30,3520.05,3520.05,3517.2,3519.75,5541,
2024-04-01 12:52:00+05:30,3520.05,3520.05,3518.55,3518.6,1253,
2024-04-01 12:53:00+05:30,3520.05,3521.15,3518.55,3519.95,1307,
2024-04-01 12:54:00+05:30,3520.7,3520.7,3518.6,3518.6,249,
2024-04-01 12:55:00+05:30,3520.2,3520.2,3518.6,3520.05,700,
2024-04-01 12:56:00+05:30,3520.05,3520.05,3518.6,3520,2750,
2024-04-01 12:57:00+05:30,3520,3520.05,3518.65,3518.8,1901,
2024-04-01 12:58:00+05:30,3518.8,3520.05,3518.55,3518.65,898,
2024-04-01 12:59:00+05:30,3520,3520.05,3518.65,3518.65,288,
2024-04-01 13:00:00+05:30,3520.05,3520.1,3518.7,3520,1617,
2024-04-01 13:01:00+05:30,3520,3520.05,3519.45,3520.05,1337,
2024-04-01 13:02:00+05:30,3520.05,3520.05,3519.5,3519.6,534,
2024-04-01 13:03:00+05:30,3520.05,3520.05,3519.6,3519.7,515,
2024-04-01 13:04:00+05:30,3519.7,3520.5,3519.7,3520.1,728,
2024-04-01 13:05:00+05:30,3519.7,3520.1,3518.5,3518.5,3540,
2024-04-01 13:06:00+05:30,3518.5,3520.4,3514.9,3518.25,2789,
2024-04-01 13:07:00+05:30,3518.25,3520.15,3518.25,3520,2840,
2024-04-01 13:08:00+05:30,3520.05,3520.25,3518.75,3519.9,592,
2024-04-01 13:09:00+05:30,3520.5,3520.5,3519,3520.35,319,
2024-04-01 13:10:00+05:30,3520.35,3520.5,3519.45,3520.15,710,
2024-04-01 13:11:00+05:30,3520.15,3520.2,3514.6,3515.7,453,
2024-04-01 13:12:00+05:30,3516.1,3516.1,3513.65,3515.05,801,
2024-04-01 13:13:00+05:30,3516.1,3516.1,3515.05,3515.2,154,
2024-04-01 13:14:00+05:30,3516.05,3516.85,3515.2,3515.25,1310,
2024-04-01 13:15:00+05:30,3516.75,3516.75,3515,3516,1007,
2024-04-01 13:16:00+05:30,3516,3516.05,3515.65,3515.9,538,
2024-04-01 13:17:00+05:30,3516.05,3517.3,3515.7,3517.3,1525,
2024-04-01 13:18:00+05:30,3517.3,3520,3515.8,3518,1642,
2024-04-01 13:19:00+05:30,3518,3518.8,3517.1,3518,200,
2024-04-01 13:20:00+05:30,3518.5,3520.05,3517.1,3520,743,
2024-04-01 13:21:00+05:30,3520,3520.05,3517.75,3520,254,
2024-04-01 13:22:00+05:30,3520,3521.35,3518.35,3521.35,578,
2024-04-01 13:23:00+05:30,3521.6,3521.6,3520,3520.9,80,
2024-04-01 13:24:00+05:30,3520.9,3524.7,3520.05,3523,1950,
2024-04-01 13:25:00+05:30,3523,3527.4,3521.95,3525,3569,
2024-04-01 13:26:00+05:30,3525,3526.15,3525,3525.1,1637,
2024-04-01 13:27:00+05:30,3525.1,3525.1,3520,3520.9,1035,
2024-04-01 13:28:00+05:30,3520.7,3523.45,3520,3520.75,981,
2024-04-01 13:29:00+05:30,3522.45,3522.55,3520,3520,444,
2024-04-01 13:30:00+05:30,3521,3525.8,3520,3525,2594,
2024-04-01 13:31:00+05:30,3525,3527.4,3525,3527,2063,
2024-04-01 13:32:00+05:30,3527.4,3527.4,3527,3527,345,
2024-04-01 13:33:00+05:30,3527.4,3533.8,3527,3530.25,7751,
2024-04-01 13:34:00+05:30,3530.25,3532,3529,3530,2350,
2024-04-01 13:35:00+05:30,3530.05,3531,3530,3530,2850,
2024-04-01 13:36:00+05:30,3530.95,3531,3530,3530,468,
2024-04-01 13:37:00+05:30,3530.85,3530.95,3530,3530,468,
2024-04-01 13:38:00+05:30,3530.85,3531,3530,3530,657,
2024-04-01 13:39:00+05:30,3530.05,3531,3530,3530,1421,
2024-04-01 13:40:00+05:30,3530,3530.8,3528.15,3530,707,
2024-04-01 13:41:00+05:30,3530,3530.3,3520,3520.5,1989,
2024-04-01 13:42:00+05:30,3520.5,3524.15,3520.5,3523.35,879,
2024-04-01 13:43:00+05:30,3523.35,3525.3,3521.3,3524.75,158,
2024-04-01 13:44:00+05:30,3524.75,3524.8,3523,3523.05,157,
2024-04-01 13:45:00+05:30,3523.05,3525.15,3523,3524.8,147,
2024-04-01 13:46:00+05:30,3524.2,3524.2,3520.05,3520.05,149,
2024-04-01 13:47:00+05:30,3520.05,3521.45,3520.05,3521.15,487,
2024-04-01 13:48:00+05:30,3522.6,3522.65,3520.6,3520.75,141,
2024-04-01 13:49:00+05:30,3520.75,3522,3520.2,3521.35,86,
2024-04-01 13:50:00+05:30,3521.95,3521.95,3520.05,3520.15,103,
2024-04-01 13:51:00+05:30,3521.7,3521.7,3520.05,3520.15,312,
2024-04-01 13:52:00+05:30,3520.15,3521.95,3520,3521,1075,
2024-04-01 13:53:00+05:30,3522,3522,3521,3522,563,
2024-04-01 13:54:00+05:30,3522,3522,3521,3521,165,
2024-04-01 13:55:00+05:30,3522,3522,3521,3521,111,
2024-04-01 13:56:00+05:30,3521,3522,3521,3521,328,
2024-04-01 13:57:00+05:30,3522,3522,3520.85,3521.3,246,
2024-04-01 13:58:00+05:30,3521.45,3522,3521,3521.55,361,
2024-04-01 13:59:00+05:30,3521.95,3521.95,3521,3521.35,146,
2024-04-01 14:00:00+05:30,3521.35,3521.55,3521,3521,86,
2024-04-01 14:01:00+05:30,3521.55,3522,3521,3521,768,
2024-04-01 14:02:00+05:30,3522,3522,3521,3521.6,444,
2024-04-01 14:03:00+05:30,3521.9,3521.9,3521,3521.05,244,
2024-04-01 14:04:00+05:30,3521.05,3521.9,3521.05,3521.05,111,
2024-04-01 14:05:00+05:30,3521.5,3521.5,3521,3521.15,128,
2024-04-01 14:06:00+05:30,3521.1,3522,3521,3522,602,
2024-04-01 14:07:00+05:30,3522,3523.6,3521.3,3521.45,156,
2024-04-01 14:08:00+05:30,3521.45,3522.5,3521,3521.1,540,
2024-04-01 14:09:00+05:30,3521.1,3522.75,3521.1,3522,124,
2024-04-01 14:10:00+05:30,3521.1,3522,3521.05,3521.05,188,
2024-04-01 14:11:00+05:30,3522,3527.55,3521.05,3527.55,1698,
2024-04-01 14:12:00+05:30,3527.55,3527.55,3525,3526.3,297,
2024-04-01 14:13:00+05:30,3527.55,3527.55,3527.1,3527.1,234,
2024-04-01 14:14:00+05:30,3527.55,3528,3525,3525,261,
2024-04-01 14:15:00+05:30,3526.05,3530.3,3525,3530,5545,
2024-04-01 14:16:00+05:30,3530.3,3530.3,3530,3530.2,1473,
2024-04-01 14:17:00+05:30,3530,3530.35,3529.2,3530,759,
2024-04-01 14:18:00+05:30,3530.95,3532.4,3530.4,3532,576,
2024-04-01 14:19:00+05:30,3531.95,3532,3529,3530.15,408,
2024-04-01 14:20:00+05:30,3530.15,3531.5,3530,3530.9,1119,
2024-04-01 14:21:00+05:30,3530.9,3530.9,3530,3530.6,465,
2024-04-01 14:22:00+05:30,3530.5,3530.6,3530,3530,213,
2024-04-01 14:23:00+05:30,3530,3532.2,3530,3530.8,563,
2024-04-01 14:24:00+05:30,3530.8,3532.4,3530.05,3531.9,553,
2024-04-01 14:25:00+05:30,3531.9,3531.9,3530.5,3530.85,242,
2024-04-01 14:26:00+05:30,3530.85,3532.7,3530,3532.7,2605,
2024-04-01 14:27:00+05:30,3532.8,3532.95,3530.8,3532.75,364,
2024-04-01 14:28:00+05:30,3532,3532.7,3530.9,3532,170,
2024-04-01 14:29:00+05:30,3532,3532,3530.25,3531.6,409,
2024-04-01 14:30:00+05:30,3531.6,3533.75,3531.1,3533.65,468,
2024-04-01 14:31:00+05:30,3533.7,3536.3,3532.3,3535.8,768,
2024-04-01 14:32:00+05:30,3536.85,3539.9,3535.8,3539.9,1394,
2024-04-01 14:33:00+05:30,3539.9,3540,3536.95,3536.95,2166,
2024-04-01 14:34:00+05:30,3536.95,3540,3536.75,3538.25,1955,
2024-04-01 14:35:00+05:30,3538.25,3542.75,3537.65,3540.15,2159,
2024-04-01 14:36:00+05:30,3540.8,3542.25,3540,3542.25,820,
2024-04-01 14:37:00+05:30,3542.25,3542.25,3540,3540.25,1306,
2024-04-01 14:38:00+05:30,3540.25,3542.25,3540.25,3542.25,374,
2024-04-01 14:39:00+05:30,3542.25,3546,3541.75,3546,2077,
2024-04-01 14:40:00+05:30,3546,3553.15,3545,3553.15,11231,
2024-04-01 14:41:00+05:30,3553.15,3554.5,3550.7,3553.95,1394,
2024-04-01 14:42:00+05:30,3555,3558.1,3555,3555,3611,
2024-04-01 14:43:00+05:30,3555.3,3556,3546.35,3547.4,3355,
2024-04-01 14:44:00+05:30,3546.9,3549.8,3540.1,3543.75,3123,
2024-04-01 14:45:00+05:30,3543.75,3546.45,3541.5,3546,1315,
2024-04-01 14:46:00+05:30,3546,3550,3545,3549.75,787,
2024-04-01 14:47:00+05:30,3549.9,3551,3548.45,3549.95,927,
2024-04-01 14:48:00+05:30,3549.9,3552.05,3549.65,3552,698,
2024-04-01 14:49:00+05:30,3552,3556,3552,3555,1243,
2024-04-01 14:50:00+05:30,3555.95,3557,3553.8,3554.7,1474,
2024-04-01 14:51:00+05:30,3556,3564.7,3553,3563.8,5397,
2024-04-01 14:52:00+05:30,3564.7,3568.85,3564.7,3565,2325,
2024-04-01 14:53:00+05:30,3565,3567.5,3563.7,3565,2296,
2024-04-01 14:54:00+05:30,3565,3566.6,3563.35,3565,2419,
2024-04-01 14:55:00+05:30,3565,3565.95,3561,3565.05,14909,
2024-04-01 14:56:00+05:30,3565,3565.75,3562.4,3564.7,12009,
2024-04-01 14:57:00+05:30,3563.25,3565.6,3560.9,3565.6,2446,
2024-04-01 14:58:00+05:30,3564,3565.6,3563,3563.45,110,
2024-04-01 14:59:00+05:30,3564.55,3564.55,3560.05,3560.05,433,
2024-04-01 15:00:00+05:30,3560.05,3562.55,3556.45,3556.85,6372,
2024-04-01 15:01:00+05:30,3558.8,3562.25,3556.55,3562.1,1513,
2024-04-01 15:02:00+05:30,3560.3,3567.45,3560,3565.35,5830,
2024-04-01 15:03:00+05:30,3565,3566.65,3564,3565.15,4844,
2024-04-01 15:04:00+05:30,3565.15,3565.4,3564.25,3564.95,5049,
2024-04-01 15:05:00+05:30,3564.95,3565.25,3562.95,3564.2,3971,
2024-04-01 15:06:00+05:30,3564.2,3565.1,3564.1,3565.05,2852,
2024-04-01 15:07:00+05:30,3565.1,3565.55,3563.8,3565,4093,
2024-04-01 15:08:00+05:30,3565,3566,3558.55,3558.75,12606,
2024-04-01 15:09:00+05:30,3560.4,3564.3,3558.9,3564,1794,
2024-04-01 15:10:00+05:30,3564,3565.85,3561.3,3565,5478,
2024-04-01 15:11:00+05:30,3565,3566,3564.9,3564.9,2386,
2024-04-01 15:12:00+05:30,3565.6,3570,3564.9,3570,4078,
2024-04-01 15:13:00+05:30,3570,3570.85,3565.05,3565.4,2892,
2024-04-01 15:14:00+05:30,3565.4,3567.2,3565,3566.55,4808,
2024-04-01 15:15:00+05:30,3566.55,3566.55,3565,3566,2090,
2024-04-01 15:16:00+05:30,3565.8,3566,3565,3565.3,3878,
2024-04-01 15:17:00+05:30,3565.3,3565.85,3565,3565.65,9106,
2024-04-01 15:18:00+05:30,3565,3566.8,3563.85,3565.8,4568,
2024-04-01 15:19:00+05:30,3565,3565.75,3564.9,3565.15,3773,
2024-04-01 15:20:00+05:30,3565.15,3566,3563.9,3565,3258,
2024-04-01 15:21:00+05:30,3565,3566.85,3565,3565.25,3172,
2024-04-01 15:22:00+05:30,3565,3565.25,3564.55,3565,8698,
2024-04-01 15:23:00+05:30,3565,3567.7,3565,3567.7,4738,
2024-04-01 15:24:00+05:30,3567.7,3570.6,3567,3570.05,14596,
2024-04-01 15:25:00+05:30,3570,3570.75,3568.2,3570,8279,
2024-04-01 15:26:00+05:30,3570,3570.95,3564.55,3570,9412,
2024-04-01 15:27:00+05:30,3570,3571,3567.65,3570,8832,
2024-04-01 15:28:00+05:30,3570,3575.5,3568.05,3575.5,14340,
2024-04-01 15:29:00+05:30,3575,3590,3571,3588.05,16970,
2024-04-02 09:15:00+05:30,3571,3587.95,3570.15,3575.65,4405,
2024-04-02 09:16:00+05:30,3580,3580,3572.25,3576.15,1878,
2024-04-02 09:17:00+05:30,3578,3582.55,3575.9,3576.75,1887,
2024-04-02 09:18:00+05:30,3581.35,3583.3,3578.05,3582.25,2099,
2024-04-02 09:19:00+05:30,3582.25,3592.8,3582.25,3587.25,6391,
2024-04-02 09:20:00+05:30,3587.25,3587.5,3578,3581.25,2829,
2024-04-02 09:21:00+05:30,3581.25,3597.2,3579.4,3595.15,2708,
2024-04-02 09:22:00+05:30,3597.5,3605.8,3594.6,3598.4,6133,
2024-04-02 09:23:00+05:30,3598.4,3604,3593.25,3595,5170,
2024-04-02 09:24:00+05:30,3595,3602.15,3594,3596.05,3877,
2024-04-02 09:25:00+05:30,3595.95,3596.75,3581.05,3595.1,5750,
2024-04-02 09:26:00+05:30,3595.1,3600,3590.35,3599,3718,
2024-04-02 09:27:00+05:30,3598.4,3598.6,3589.1,3589.1,3530,
2024-04-02 09:28:00+05:30,3589.1,3591.95,3584.3,3587.1,2893,
2024-04-02 09:29:00+05:30,3587.2,3590.2,3577.3,3582.15,4161,
2024-04-02 09:30:00+05:30,3583.95,3589.7,3580.2,3583.6,2588,
2024-04-02 09:31:00+05:30,3581.9,3584.4,3577,3580,2273,
2024-04-02 09:32:00+05:30,3580,3583.5,3578.05,3578.05,1942,
2024-04-02 09:33:00+05:30,3580,3587.65,3580,3585.45,1460,
2024-04-02 09:34:00+05:30,3587.75,3588.4,3583.2,3584.55,1480,
2024-04-02 09:35:00+05:30,3581.85,3582.95,3576.2,3580,2014,
2024-04-02 09:36:00+05:30,3581.3,3581.95,3572.35,3579.25,4245,
2024-04-02 09:37:00+05:30,3578.2,3583,3578.05,3583,1117,
2024-04-02 09:38:00+05:30,3583,3583,3576,3578,1103,
2024-04-02 09:39:00+05:30,3578,3579.2,3572.55,3577.05,2172,
2024-04-02 09:40:00+05:30,3577,3578.95,3575,3577.2,1152,
2024-04-02 09:41:00+05:30,3575.25,3578.1,3575,3576.05,403,
2024-04-02 09:42:00+05:30,3576.05,3577.7,3575.45,3575.9,321,
2024-04-02 09:43:00+05:30,3574.95,3577.1,3572.2,3572.25,1777,
2024-04-02 09:44:00+05:30,3572.25,3574,3570.15,3572.1,1250,
2024-04-02 09:45:00+05:30,3572.1,3574.3,3571.1,3571.1,827,
2024-04-02 09:46:00+05:30,3572.9,3574,3571,3572.95,1943,
2024-04-02 09:47:00+05:30,3572.95,3573,3565,3565.3,2761,
2024-04-02 09:48:00+05:30,3567.9,3568.15,3563.5,3566.55,1926,
2024-04-02 09:49:00+05:30,3566.55,3566.55,3562.45,3563.2,759,
2024-04-02 09:50:00+05:30,3564.05,3564.05,3555.2,3562,4521,
2024-04-02 09:51:00+05:30,3561.6,3563,3556.35,3563,5745,
2024-04-02 09:52:00+05:30,3561.2,3565,3561,3564.4,2738,
2024-04-02 09:53:00+05:30,3564.35,3567.1,3564.35,3566.35,515,
2024-04-02 09:54:00+05:30,3566.35,3570.1,3565.15,3570.1,1340,
2024-04-02 09:55:00+05:30,3568.65,3574.65,3567.45,3573.95,2356,
2024-04-02 09:56:00+05:30,3573.95,3573.95,3568.05,3570.15,874,
2024-04-02 09:57:00+05:30,3570.15,3570.7,3567.1,3569,2873,
2024-04-02 09:58:00+05:30,3569,3570.1,3567.55,3569.15,2011,
2024-04-02 09:59:00+05:30,3569.15,3569.15,3568.1,3569,210,
2024-04-02 10:00:00+05:30,3569,3573.9,3569,3571.45,2029,
2024-04-02 10:01:00+05:30,3571.45,3572.5,3570,3570.5,622,
2024-04-02 10:02:00+05:30,3570.5,3571.9,3570,3570.55,960,
2024-04-02 10:03:00+05:30,3570.55,3579.9,3570.5,3579,1508,
2024-04-02 10:04:00+05:30,3579.9,3580,3573.3,3574.6,1384,
2024-04-02 10:05:00+05:30,3573.8,3578.35,3573.8,3576.1,5232,
2024-04-02 10:06:00+05:30,3576.1,3581.2,3575.75,3579.15,606,
2024-04-02 10:07:00+05:30,3579.15,3581.65,3578.85,3578.85,1291,
2024-04-02 10:08:00+05:30,3578.85,3578.85,3575.7,3577.6,255,
2024-04-02 10:09:00+05:30,3577.6,3577.9,3575.5,3575.7,313,
2024-04-02 10:10:00+05:30,3575.7,3578.5,3575,3578.5,240,
2024-04-02 10:11:00+05:30,3577,3577.25,3575.5,3575.5,478,
2024-04-02 10:12:00+05:30,3575.5,3576.85,3575.5,3575.95,605,
2024-04-02 10:13:00+05:30,3575.95,3578.45,3575.5,3578.45,213,
2024-04-02 10:14:00+05:30,3578.45,3578.85,3576.25,3577.45,212,
2024-04-02 10:15:00+05:30,3578.95,3579.5,3577.1,3577.55,192,
2024-04-02 10:16:00+05:30,3577.35,3578.05,3576,3576.1,39,
2024-04-02 10:17:00+05:30,3576.1,3578,3575.55,3578,144,
2024-04-02 10:18:00+05:30,3578,3578.95,3575.5,3575.5,322,
2024-04-02 10:19:00+05:30,3575.1,3579.4,3575.1,3576.1,382,
2024-04-02 10:20:00+05:30,3576.1,3578.8,3575.3,3576,105,
2024-04-02 10:21:00+05:30,3576,3577.9,3576,3576.1,97,
2024-04-02 10:22:00+05:30,3576.05,3578.4,3574.6,3575.85,2321,
2024-04-02 10:23:00+05:30,3575.85,3578.5,3575.85,3576.7,138,
2024-04-02 10:24:00+05:30,3576.7,3581.9,3576,3578.95,707,
2024-04-02 10:25:00+05:30,3579,3583.9,3579,3583.05,17651,
2024-04-02 10:26:00+05:30,3583,3583.95,3578.05,3579.65,403,
2024-04-02 10:27:00+05:30,3579.65,3580.8,3578.1,3579.1,147,
2024-04-02 10:28:00+05:30,3579.1,3580.2,3578.1,3578.25,1197,
2024-04-02 10:29:00+05:30,3578.25,3580.7,3578.25,3579.2,252,
2024-04-02 10:30:00+05:30,3579.2,3582,3578.9,3581.8,174,
2024-04-02 10:31:00+05:30,3581.8,3581.8,3578.9,3581.1,276,
2024-04-02 10:32:00+05:30,3581.1,3581.15,3579,3580.55,126,
2024-04-02 10:33:00+05:30,3580.55,3581.1,3579.9,3581.1,63,
2024-04-02 10:34:00+05:30,3581.1,3581.3,3580.05,3580.55,86,
2024-04-02 10:35:00+05:30,3580.55,3581.3,3580,3581.3,124,
2024-04-02 10:36:00+05:30,3581,3581,3578.8,3578.8,673,
2024-04-02 10:37:00+05:30,3578.8,3580.4,3578.05,3578.05,575,
2024-04-02 10:38:00+05:30,3578.05,3578.05,3576,3577.15,256,
2024-04-02 10:39:00+05:30,3577.15,3581,3577.1,3580.25,602,
2024-04-02 10:40:00+05:30,3580.25,3581,3579,3580,226,
2024-04-02 10:41:00+05:30,3580,3580.9,3579.25,3580,135,
2024-04-02 10:42:00+05:30,3580,3580.95,3579.05,3580.5,247,
2024-04-02 10:43:00+05:30,3580.5,3580.5,3579.1,3579.1,103,
2024-04-02 10:44:00+05:30,3579.1,3580.2,3579.1,3579.1,3722,
2024-04-02 10:45:00+05:30,3579.1,3580.2,3579.05,3579.05,169,
2024-04-02 10:46:00+05:30,3579.05,3580,3579.05,3579.1,284,
2024-04-02 10:47:00+05:30,3579.1,3579.55,3576.1,3577.4,1594,
2024-04-02 10:48:00+05:30,3577.4,3578.8,3576.5,3576.5,156,
2024-04-02 10:49:00+05:30,3576.5,3577.05,3576.5,3576.85,21,
2024-04-02 10:50:00+05:30,3576.8,3578.8,3576.5,3578.8,1267,
2024-04-02 10:51:00+05:30,3578.8,3579.4,3576.9,3576.9,109,
2024-04-02 10:52:00+05:30,3576.9,3579,3576.8,3577.3,288,
2024-04-02 10:53:00+05:30,3577.3,3579.1,3577.15,3579.1,192,
2024-04-02 10:54:00+05:30,3579.1,3579.7,3577,3578.5,208,
2024-04-02 10:55:00+05:30,3578.5,3579.15,3577.25,3577.45,103,
2024-04-02 10:56:00+05:30,3577.45,3578.95,3577.45,3577.6,26,
2024-04-02 10:57:00+05:30,3577.6,3579,3577.6,3578.5,369,
2024-04-02 10:58:00+05:30,3578.5,3580.7,3577.85,3579.6,152,
2024-04-02 10:59:00+05:30,3580.9,3584,3578.55,3580.05,13284,
2024-04-02 11:00:00+05:30,3580.05,3581.15,3578.35,3580.55,655,
2024-04-02 11:01:00+05:30,3580.55,3581.45,3579,3581.45,129,
2024-04-02 11:02:00+05:30,3581.45,3585,3580.3,3585,352,
2024-04-02 11:03:00+05:30,3585,3585,3582,3582.45,277,
2024-04-02 11:04:00+05:30,3582.45,3584.1,3580.85,3583.75,411,
2024-04-02 11:05:00+05:30,3581.7,3589.7,3581.7,3588.5,1080,
2024-04-02 11:06:00+05:30,3588.5,3589.85,3586.1,3589.85,505,
2024-04-02 11:07:00+05:30,3589.25,3591.9,3588.3,3589.75,931,
2024-04-02 11:08:00+05:30,3589.75,3592,3589.75,3592,437,
2024-04-02 11:09:00+05:30,3591,3591.25,3588.05,3588.15,530,
2024-04-02 11:10:00+05:30,3588.15,3591.2,3587.05,3589,1181,
2024-04-02 11:11:00+05:30,3589,3591.15,3588,3591.15,3541,
2024-04-02 11:12:00+05:30,3591.15,3592.6,3590.5,3591.5,620,
2024-04-02 11:13:00+05:30,3591.5,3593.7,3589.9,3592.75,749,
2024-04-02 11:14:00+05:30,3592.75,3592.75,3589.1,3592,1515,
2024-04-02 11:15:00+05:30,3592,3593,3591.15,3591.45,391,
2024-04-02 11:16:00+05:30,3591.45,3592.95,3591.15,3592.5,299,
2024-04-02 11:17:00+05:30,3592.5,3594.8,3591.15,3593.1,1587,
2024-04-02 11:18:00+05:30,3593.1,3595,3592.85,3594.9,449,
2024-04-02 11:19:00+05:30,3594.9,3594.9,3592,3593.4,201,
2024-04-02 11:20:00+05:30,3593.4,3593.95,3591.15,3593.95,298,
2024-04-02 11:21:00+05:30,3593.95,3595.7,3591.75,3595.6,577,
2024-04-02 11:22:00+05:30,3595.6,3597.5,3593.5,3596,7565,
2024-04-02 11:23:00+05:30,3596,3596.9,3594.55,3596,473,
2024-04-02 11:24:00+05:30,3596,3598,3594.55,3597.45,493,
2024-04-02 11:25:00+05:30,3595.6,3598.85,3595.15,3598.35,824,
2024-04-02 11:26:00+05:30,3598.35,3599.65,3598,3599.4,1727,
2024-04-02 11:27:00+05:30,3599.4,3599.6,3598,3599.5,1143,
2024-04-02 11:28:00+05:30,3599.5,3599.5,3598,3598.95,4210,
2024-04-02 11:29:00+05:30,3599.25,3599.4,3598.1,3598.1,3108,
2024-04-02 11:30:00+05:30,3598.1,3602,3598.1,3601.05,9395,
2024-04-02 11:31:00+05:30,3602,3602.5,3600.05,3600.8,444,
2024-04-02 11:32:00+05:30,3600.8,3600.85,3597.2,3598,8620,
2024-04-02 11:33:00+05:30,3598,3599.1,3598,3598.7,2344,
2024-04-02 11:34:00+05:30,3598.7,3599,3597.3,3598,1597,
2024-04-02 11:35:00+05:30,3598,3599,3598,3598,383,
2024-04-02 11:36:00+05:30,3598,3599,3598,3598.05,372,
2024-04-02 11:37:00+05:30,3598.1,3601,3598.1,3600,1200,
2024-04-02 11:38:00+05:30,3600,3601,3600,3601,188,
2024-04-02 11:39:00+05:30,3601,3602,3599.3,3601.6,411,
2024-04-02 11:40:00+05:30,3601.6,3602,3598.7,3600,1574,
2024-04-02 11:41:00+05:30,3600,3601.35,3600,3600,238,
2024-04-02 11:42:00+05:30,3600,3601.35,3600,3600,354,
2024-04-02 11:43:00+05:30,3600,3600.95,3600,3600,248,
2024-04-02 11:44:00+05:30,3600,3600.3,3600,3600,503,
2024-04-02 11:45:00+05:30,3600,3600.2,3600,3600.05,781,
2024-04-02 11:46:00+05:30,3600.05,3600.75,3600.05,3600.1,147,
2024-04-02 11:47:00+05:30,3600.05,3600.5,3600,3600,2027,
2024-04-02 11:48:00+05:30,3600,3600.5,3600,3600,630,
2024-04-02 11:49:00+05:30,3600,3600.95,3600,3600.95,335,
2024-04-02 11:50:00+05:30,3601.5,3602,3600.55,3602,388,
2024-04-02 11:51:00+05:30,3601.3,3602,3600.2,3600.55,260,
2024-04-02 11:52:00+05:30,3600.55,3602.95,3600.5,3602,1031,
2024-04-02 11:53:00+05:30,3602,3603,3601.05,3603,426,
2024-04-02 11:54:00+05:30,3603.7,3604.35,3602.5,3603.6,1402,
2024-04-02 11:55:00+05:30,3603.6,3604.25,3602,3603,773,
2024-04-02 11:56:00+05:30,3603,3603.05,3603,3603,3261,
2024-04-02 11:57:00+05:30,3603,3603.6,3603,3603.05,385,
2024-04-02 11:58:00+05:30,3603,3603.85,3603,3603,1575,
2024-04-02 11:59:00+05:30,3603,3603.9,3603,3603.45,1736,
2024-04-02 12:00:00+05:30,3603.45,3614.35,3603.45,3611.65,18585,
2024-04-02 12:01:00+05:30,3611.65,3615.25,3610.5,3615,1800,
2024-04-02 12:02:00+05:30,3614.95,3618,3612.65,3612.65,3046,
2024-04-02 12:03:00+05:30,3612.65,3625.4,3612,3623.15,40790,
2024-04-02 12:04:00+05:30,3623.15,3625,3617.25,3622.9,12615,
2024-04-02 12:05:00+05:30,3622.9,3626.1,3621.15,3622.65,6811,
2024-04-02 12:06:00+05:30,3622.65,3627,3622.65,3627,4100,
2024-04-02 12:07:00+05:30,3627.7,3628,3623.1,3625,2227,
2024-04-02 12:08:00+05:30,3625,3628.75,3624.4,3628.25,3667,
2024-04-02 12:09:00+05:30,3627.3,3631.55,3626.45,3630.1,5100,
2024-04-02 12:10:00+05:30,3630.1,3631.1,3625,3625,7900,
2024-04-02 12:11:00+05:30,3625,3625.5,3624.4,3624.4,1966,
2024-04-02 12:12:00+05:30,3624.4,3625.05,3624,3624,1864,
2024-04-02 12:13:00+05:30,3624,3624,3620,3620,8014,
2024-04-02 12:14:00+05:30,3620,3621.7,3620,3621.7,1371,
2024-04-02 12:15:00+05:30,3621.75,3621.85,3620,3621.85,1390,
2024-04-02 12:16:00+05:30,3621.85,3622.9,3620.05,3621.15,1036,
2024-04-02 12:17:00+05:30,3621.2,3622.3,3620,3620.1,522,
2024-04-02 12:18:00+05:30,3620.1,3621.8,3620,3620.1,718,
2024-04-02 12:19:00+05:30,3620.15,3628.45,3620.15,3626.1,3402,
2024-04-02 12:20:00+05:30,3626.4,3627.95,3625,3625.05,457,
2024-04-02 12:21:00+05:30,3626,3626,3625,3625,215,
2024-04-02 12:22:00+05:30,3625,3626.45,3621.5,3625,728,
2024-04-02 12:23:00+05:30,3625.7,3626.05,3619.45,3623.1,3520,
2024-04-02 12:24:00+05:30,3623.1,3624.8,3620.25,3622.5,982,
2024-04-02 12:25:00+05:30,3622.65,3625,3621.65,3623.3,998,
2024-04-02 12:26:00+05:30,3623.3,3625,3621.6,3623.6,598,
2024-04-02 12:27:00+05:30,3623.6,3626,3623,3625,1280,
2024-04-02 12:28:00+05:30,3625,3626,3623.7,3625,305,
2024-04-02 12:29:00+05:30,3625,3626.95,3625,3626.75,300,
2024-04-02 12:30:00+05:30,3626.95,3628.8,3625.25,3628.2,737,
2024-04-02 12:31:00+05:30,3628.2,3631.75,3626.65,3630.1,3201,
2024-04-02 12:32:00+05:30,3631.7,3631.95,3630.1,3631.35,347,
2024-04-02 12:33:00+05:30,3631.35,3632,3630.25,3631,981,
2024-04-02 12:34:00+05:30,3631.05,3636,3629.9,3632.65,7866,
2024-04-02 12:35:00+05:30,3632.7,3632.7,3625.25,3625.25,817,
2024-04-02 12:36:00+05:30,3625.3,3626.4,3621.2,3622,2731,
2024-04-02 12:37:00+05:30,3622,3624,3621,3621,717,
2024-04-02 12:38:00+05:30,3621,3622.05,3620,3620.75,2632,
2024-04-02 12:39:00+05:30,3622,3623.25,3620.7,3621.2,1956,
2024-04-02 12:40:00+05:30,3621.2,3623.15,3621.15,3621.15,320,
2024-04-02 12:41:00+05:30,3621.6,3622,3621,3621,784,
2024-04-02 12:42:00+05:30,3621.05,3622,3620.5,3620.5,571,
2024-04-02 12:43:00+05:30,3620.55,3620.55,3612.2,3616.65,11128,
2024-04-02 12:44:00+05:30,3616.65,3618,3616,3618,1070,
2024-04-02 12:45:00+05:30,3617.95,3621.55,3617.05,3618.2,2705,
2024-04-02 12:46:00+05:30,3618.2,3621.55,3617.1,3620.25,2576,
2024-04-02 12:47:00+05:30,3620.35,3621.45,3620,3621.45,298,
2024-04-02 12:48:00+05:30,3621.45,3621.5,3620,3621.5,396,
2024-04-02 12:49:00+05:30,3621.5,3622,3620.1,3621.95,175,
2024-04-02 12:50:00+05:30,3622,3622.35,3620.05,3620.25,714,
2024-04-02 12:51:00+05:30,3620.25,3623.15,3620.25,3623.15,1032,
2024-04-02 12:52:00+05:30,3623.15,3623.95,3620.95,3623.55,242,
2024-04-02 12:53:00+05:30,3623.6,3623.75,3620.5,3620.6,521,
2024-04-02 12:54:00+05:30,3620.6,3623.4,3620,3622.75,2576,
2024-04-02 12:55:00+05:30,3622.8,3623,3622,3622.05,366,
2024-04-02 12:56:00+05:30,3622.05,3622.9,3620.05,3620.35,915,
2024-04-02 12:57:00+05:30,3620.35,3623,3620.35,3621.45,763,
2024-04-02 12:58:00+05:30,3621.45,3622.2,3620,3622,1188,
2024-04-02 12:59:00+05:30,3622,3622,3620,3621.15,652,
2024-04-02 13:00:00+05:30,3620.75,3621.35,3620,3620,511,
2024-04-02 13:01:00+05:30,3620,3620.65,3616.5,3616.75,2436,
2024-04-02 13:02:00+05:30,3616.75,3620,3616.55,3620,677,
2024-04-02 13:03:00+05:30,3619.5,3620.15,3614.3,3616,2370,
2024-04-02 13:04:00+05:30,3615.95,3616,3613.25,3615.4,605,
2024-04-02 13:05:00+05:30,3615.4,3620.55,3613.35,3620.5,3597,
2024-04-02 13:06:00+05:30,3620.5,3621.7,3615.6,3616.35,1365,
2024-04-02 13:07:00+05:30,3617.3,3620.95,3616,3618.5,1359,
2024-04-02 13:08:00+05:30,3617,3618.55,3614.2,3615.95,1171,
2024-04-02 13:09:00+05:30,3613.8,3615,3611,3611.35,1813,
2024-04-02 13:10:00+05:30,3611.35,3612.4,3609.2,3609.4,1081,
2024-04-02 13:11:00+05:30,3609.45,3610.4,3608.2,3608.55,914,
2024-04-02 13:12:00+05:30,3608.35,3609.45,3605,3607,2436,
2024-04-02 13:13:00+05:30,3607,3607.95,3606,3607.75,570,
2024-04-02 13:14:00+05:30,3607.6,3608,3605,3605.9,716,
2024-04-02 13:15:00+05:30,3605.9,3605.9,3602.7,3604.5,1441,
2024-04-02 13:16:00+05:30,3604.5,3607,3603,3607,1261,
2024-04-02 13:17:00+05:30,3607,3607,3605,3606.45,369,
2024-04-02 13:18:00+05:30,3606.45,3606.5,3605,3605,529,
2024-04-02 13:19:00+05:30,3605,3606.25,3605,3605,363,
2024-04-02 13:20:00+05:30,3605.15,3606.6,3604.9,3606,1688,
2024-04-02 13:21:00+05:30,3605.1,3607,3604.95,3605.15,497,
2024-04-02 13:22:00+05:30,3605,3606.95,3605,3605.05,903,
2024-04-02 13:23:00+05:30,3605.1,3607.15,3605,3605.3,334,
2024-04-02 13:24:00+05:30,3605.5,3607.15,3605,3605.05,674,
2024-04-02 13:25:00+05:30,3605.25,3607.5,3605.15,3605.85,472,
2024-04-02 13:26:00+05:30,3605.85,3607.5,3605,3605.2,650,
2024-04-02 13:27:00+05:30,3605.2,3606.95,3605,3605.3,850,
2024-04-02 13:28:00+05:30,3605.3,3607,3605.25,3605.35,703,
2024-04-02 13:29:00+05:30,3605.5,3607.2,3605.1,3607.2,539,
2024-04-02 13:30:00+05:30,3607.2,3607.2,3605,3605.2,579,
2024-04-02 13:31:00+05:30,3605.2,3607.05,3605.2,3605.35,433,
2024-04-02 13:32:00+05:30,3605.4,3606.9,3605.2,3605.7,287,
2024-04-02 13:33:00+05:30,3605.7,3605.75,3604.5,3605.05,1709,
2024-04-02 13:34:00+05:30,3605.05,3607.3,3605,3607.25,3921,
2024-04-02 13:35:00+05:30,3607.25,3614.7,3607.25,3614.7,1023,
2024-04-02 13:36:00+05:30,3614.7,3615,3611.9,3611.9,1445,
2024-04-02 13:37:00+05:30,3611.95,3613.55,3610.65,3610.7,257,
2024-04-02 13:38:00+05:30,3610.7,3611.5,3608.75,3611,821,
2024-04-02 13:39:00+05:30,3611,3612.45,3609.65,3611,257,
2024-04-02 13:40:00+05:30,3611,3612.05,3610.35,3611.4,389,
2024-04-02 13:41:00+05:30,3611.4,3612.5,3610.05,3610.65,254,
2024-04-02 13:42:00+05:30,3610.65,3611.55,3610.3,3611.45,207,
2024-04-02 13:43:00+05:30,3611.45,3611.55,3610,3611.2,447,
2024-04-02 13:44:00+05:30,3611.4,3612.75,3610.4,3610.75,325,
2024-04-02 13:45:00+05:30,3610.75,3614.6,3610.75,3613.75,270,
2024-04-02 13:46:00+05:30,3613.75,3614.5,3613.1,3613.3,292,
2024-04-02 13:47:00+05:30,3613.35,3614.3,3612.4,3614,352,
2024-04-02 13:48:00+05:30,3614,3615,3611.55,3615,404,
2024-04-02 13:49:00+05:30,3615,3615.85,3613.25,3615.85,548,
2024-04-02 13:50:00+05:30,3615.85,3616,3614.05,3615.45,398,
2024-04-02 13:51:00+05:30,3615.45,3616.75,3614,3614.65,2036,
2024-04-02 13:52:00+05:30,3614.65,3616.35,3609,3611.75,3444,
2024-04-02 13:53:00+05:30,3611.8,3611.8,3607.5,3608,701,
2024-04-02 13:54:00+05:30,3608,3609.4,3607,3607.7,1560,
2024-04-02 13:55:00+05:30,3607.7,3609.4,3607.05,3608.2,623,
2024-04-02 13:56:00+05:30,3609.4,3612.9,3609.4,3610,397,
2024-04-02 13:57:00+05:30,3611,3616,3610,3615,1600,
2024-04-02 13:58:00+05:30,3615,3615.7,3613,3613.05,462,
2024-04-02 13:59:00+05:30,3614.15,3615.9,3614,3614,616,
2024-04-02 14:00:00+05:30,3615,3615.5,3614,3614,403,
2024-04-02 14:01:00+05:30,3614,3615.35,3613.4,3613.4,697,
2024-04-02 14:02:00+05:30,3614.8,3615.4,3612.7,3614.1,1579,
2024-04-02 14:03:00+05:30,3614.1,3614.1,3612,3612.65,1341,
2024-04-02 14:04:00+05:30,3612.65,3614.65,3612,3614.35,488,
2024-04-02 14:05:00+05:30,3614.25,3614.7,3612.2,3614,524,
2024-04-02 14:06:00+05:30,3614,3614,3610,3611.75,2073,
2024-04-02 14:07:00+05:30,3611.7,3612.05,3610.25,3610.4,329,
2024-04-02 14:08:00+05:30,3610.4,3612.4,3605.6,3606.05,2358,
2024-04-02 14:09:00+05:30,3606.05,3608.75,3605,3607.85,856,
2024-04-02 14:10:00+05:30,3607.85,3611.3,3606.95,3610.6,829,
2024-04-02 14:11:00+05:30,3610.65,3612,3610,3610.05,465,
2024-04-02 14:12:00+05:30,3611.95,3611.95,3610,3610.3,573,
2024-04-02 14:13:00+05:30,3610.3,3611.2,3609.55,3610,1817,
2024-04-02 14:14:00+05:30,3610,3612.55,3609.55,3611.2,4889,
2024-04-02 14:15:00+05:30,3611.25,3612.85,3609.55,3609.6,1672,
2024-04-02 14:16:00+05:30,3609.6,3611.4,3609.05,3609.05,743,
2024-04-02 14:17:00+05:30,3609.1,3613.6,3609.1,3610.3,1046,
2024-04-02 14:18:00+05:30,3611.5,3613,3610.35,3611.4,745,
2024-04-02 14:19:00+05:30,3611.45,3613.9,3611.1,3613.3,1214,
2024-04-02 14:20:00+05:30,3613.3,3613.3,3611.5,3613,614,
2024-04-02 14:21:00+05:30,3613,3614.65,3611.45,3611.45,951,
2024-04-02 14:22:00+05:30,3611.45,3612.95,3610.25,3612.4,924,
2024-04-02 14:23:00+05:30,3612.45,3612.5,3610.35,3610.35,413,
2024-04-02 14:24:00+05:30,3610.4,3614.35,3610.4,3612.2,1599,
2024-04-02 14:25:00+05:30,3612.25,3614.65,3609.85,3609.85,3363,
2024-04-02 14:26:00+05:30,3609.85,3611.45,3608.6,3608.85,389,
2024-04-02 14:27:00+05:30,3608.85,3611.45,3608.85,3610.95,455,
2024-04-02 14:28:00+05:30,3610.95,3611.4,3610,3611.05,389,
2024-04-02 14:29:00+05:30,3611.05,3611.4,3609.15,3609.55,541,
2024-04-02 14:30:00+05:30,3609.55,3611.9,3609.55,3610.75,224,
2024-04-02 14:31:00+05:30,3610.8,3611.9,3610.6,3611.7,218,
2024-04-02 14:32:00+05:30,3611.75,3611.9,3609.6,3609.6,418,
2024-04-02 14:33:00+05:30,3609.6,3613,3609.6,3613,3381,
2024-04-02 14:34:00+05:30,3612.6,3613.95,3609.7,3610.85,878,
2024-04-02 14:35:00+05:30,3610.85,3613,3610,3610,610,
2024-04-02 14:36:00+05:30,3610.05,3614.35,3609,3613.5,4936,
2024-04-02 14:37:00+05:30,3613.55,3614.9,3612,3612,568,
2024-04-02 14:38:00+05:30,3612,3614.6,3611,3612.7,271,
2024-04-02 14:39:00+05:30,3612.7,3617.9,3612.55,3616.6,1371,
2024-04-02 14:40:00+05:30,3616.65,3617,3614,3614,464,
2024-04-02 14:41:00+05:30,3614.05,3616.55,3613.9,3615.8,317,
2024-04-02 14:42:00+05:30,3615.8,3617,3612.15,3612.15,625,
2024-04-02 14:43:00+05:30,3612.15,3615.25,3612.15,3615.05,293,
2024-04-02 14:44:00+05:30,3615.1,3617.5,3613,3615.3,466,
2024-04-02 14:45:00+05:30,3615.3,3617.5,3615,3616.3,382,
2024-04-02 14:46:00+05:30,3616.3,3618,3615.15,3616.25,420,
2024-04-02 14:47:00+05:30,3615.8,3617.15,3615.05,3617,205,
2024-04-02 14:48:00+05:30,3617,3617.8,3615,3616.65,1840,
2024-04-02 14:49:00+05:30,3620.1,3621.2,3618.55,3618.55,5614,
2024-04-02 14:50:00+05:30,3618.55,3621.55,3618.55,3621.55,878,
2024-04-02 14:51:00+05:30,3621.55,3621.55,3619,3619,816,
2024-04-02 14:52:00+05:30,3619.15,3621.35,3619,3620,760,
2024-04-02 14:53:00+05:30,3620,3620.45,3618,3619.25,1353,
2024-04-02 14:54:00+05:30,3619.25,3621.55,3618,3620,1531,
2024-04-02 14:55:00+05:30,3620,3620.6,3616.25,3616.25,2733,
2024-04-02 14:56:00+05:30,3616.25,3619.8,3616,3619.8,940,
2024-04-02 14:57:00+05:30,3619.8,3620.8,3619.8,3620,588,
2024-04-02 14:58:00+05:30,3620,3621.4,3620,3620.45,845,
2024-04-02 14:59:00+05:30,3620.45,3621.3,3620,3620.9,844,
2024-04-02 15:00:00+05:30,3620.95,3625.25,3619.85,3625,8188,
2024-04-02 15:01:00+05:30,3625,3628,3625,3627.8,1044,
2024-04-02 15:02:00+05:30,3627.85,3629.5,3621.95,3628.85,7119,
2024-04-02 15:03:00+05:30,3628.9,3629.05,3623.05,3627.6,3792,
2024-04-02 15:04:00+05:30,3627.2,3628.8,3626.2,3628.45,3449,
2024-04-02 15:05:00+05:30,3628.5,3632,3628.5,3630.4,4544,
2024-04-02 15:06:00+05:30,3630.45,3630.9,3627.2,3628.6,2747,
2024-04-02 15:07:00+05:30,3628.6,3628.65,3625.05,3626.4,3195,
2024-04-02 15:08:00+05:30,3626.45,3626.8,3622.1,3624.45,3621,
2024-04-02 15:09:00+05:30,3624.4,3624.4,3622,3623.45,4730,
2024-04-02 15:10:00+05:30,3623.75,3624,3622.45,3623,4199,
2024-04-02 15:11:00+05:30,3623,3623,3621.1,3621.85,3148,
2024-04-02 15:12:00+05:30,3622,3625,3621.05,3624.9,2260,
2024-04-02 15:13:00+05:30,3624.95,3625.05,3622.1,3622.25,3109,
2024-04-02 15:14:00+05:30,3622.4,3622.6,3621,3621.8,2736,
2024-04-02 15:15:00+05:30,3621.8,3622.5,3620,3620.4,2957,
2024-04-02 15:16:00+05:30,3620.5,3620.95,3620.3,3620.5,3014,
2024-04-02 15:17:00+05:30,3620.6,3620.9,3616.05,3617.7,3599,
2024-04-02 15:18:00+05:30,3619.45,3620,3617.75,3618.3,3430,
2024-04-02 15:19:00+05:30,3618.35,3621,3618.35,3619.35,2351,
2024-04-02 15:20:00+05:30,3619.7,3619.85,3618.4,3618.7,3712,
2024-04-02 15:21:00+05:30,3618.65,3620,3618.5,3619.75,1933,
2024-04-02 15:22:00+05:30,3619.8,3620,3615.55,3617.3,3465,
2024-04-02 15:23:00+05:30,3616.4,3620,3616.4,3619.95,3732,
2024-04-02 15:24:00+05:30,3619.95,3620.7,3619.75,3620.15,2818,
2024-04-02 15:25:00+05:30,3620.2,3620.45,3616.65,3617.05,3449,
2024-04-02 15:26:00+05:30,3616.8,3620.3,3616.8,3620.2,3315,
2024-04-02 15:27:00+05:30,3620.3,3621,3617.45,3618.1,2490,
2024-04-02 15:28:00+05:30,3618.1,3619.05,3618,3618.7,876,
2024-04-02 15:29:00+05:30,3618.4,3618.5,3608.5,3608.5,1222,
2024-04-03 09:15:00+05:30,3663.8,3665,3635.35,3636.95,18771,
2024-04-03 09:16:00+05:30,3638.7,3645.6,3613.75,3627.35,10297,
2024-04-03 09:17:00+05:30,3627.55,3657.55,3625.05,3657.5,5784,
2024-04-03 09:18:00+05:30,3655.8,3658,3647,3654.45,4501,
2024-04-03 09:19:00+05:30,3657,3663.3,3653.15,3653.2,5766,
2024-04-03 09:20:00+05:30,3653.2,3660,3650.4,3655.9,3139,
2024-04-03 09:21:00+05:30,3656.5,3658,3651,3655,2697,
2024-04-03 09:22:00+05:30,3654.1,3656.3,3645.2,3653.65,5872,
2024-04-03 09:23:00+05:30,3653.65,3655,3649.1,3652.15,893,
2024-04-03 09:24:00+05:30,3652.15,3660,3650,3650,1777,
2024-04-03 09:25:00+05:30,3650,3651.55,3643.25,3649.3,3603,
2024-04-03 09:26:00+05:30,3648.65,3656.8,3648.65,3654.6,1205,
2024-04-03 09:27:00+05:30,3653.3,3653.65,3648.65,3650,1341,
2024-04-03 09:28:00+05:30,3650,3655,3648.65,3654,1115,
2024-04-03 09:29:00+05:30,3654,3654.25,3648.65,3649.45,2749,
2024-04-03 09:30:00+05:30,3648.65,3652,3646.8,3649.55,2438,
2024-04-03 09:31:00+05:30,3649.6,3651.65,3645.2,3645.2,1773,
2024-04-03 09:32:00+05:30,3645.2,3649.85,3645.2,3646.15,1555,
2024-04-03 09:33:00+05:30,3646.15,3646.65,3640,3644.2,5774,
2024-04-03 09:34:00+05:30,3644,3644.2,3640,3641,778,
2024-04-03 09:35:00+05:30,3641,3642.3,3639.2,3639.25,2620,
2024-04-03 09:36:00+05:30,3640.55,3640.55,3635.2,3636,2221,
2024-04-03 09:37:00+05:30,3636,3640,3636,3638.15,1922,
2024-04-03 09:38:00+05:30,3638.15,3639.9,3636,3637.55,853,
2024-04-03 09:39:00+05:30,3637.55,3638.05,3629.65,3630.35,1770,
2024-04-03 09:40:00+05:30,3630.35,3630.4,3623.05,3626.7,1451,
2024-04-03 09:41:00+05:30,3626.7,3630,3626.7,3628,1578,
2024-04-03 09:42:00+05:30,3628,3629.65,3625,3629.65,2016,
2024-04-03 09:43:00+05:30,3629,3629.65,3626.25,3626.25,630,
2024-04-03 09:44:00+05:30,3628,3628,3625,3627.8,1701,
2024-04-03 09:45:00+05:30,3627.45,3627.85,3625.85,3627.65,759,
2024-04-03 09:46:00+05:30,3627.65,3627.7,3616.7,3619.8,5056,
2024-04-03 09:47:00+05:30,3618,3618,3613.2,3617.95,3069,
2024-04-03 09:48:00+05:30,3617.9,3618.4,3611.05,3613.45,3632,
2024-04-03 09:49:00+05:30,3613.65,3617,3613.05,3615.2,973,
2024-04-03 09:50:00+05:30,3615.2,3617.7,3615.2,3616.1,691,
2024-04-03 09:51:00+05:30,3616.1,3618.4,3616.1,3617.1,807,
2024-04-03 09:52:00+05:30,3617.1,3619.1,3617,3618,574,
2024-04-03 09:53:00+05:30,3618,3620.65,3618,3620.1,312,
2024-04-03 09:54:00+05:30,3620.1,3627,3617,3624,3475,
2024-04-03 09:55:00+05:30,3621.65,3627.5,3621.65,3627.5,989,
2024-04-03 09:56:00+05:30,3627.55,3627.65,3625,3625.75,423,
2024-04-03 09:57:00+05:30,3625.75,3625.75,3620.95,3621.8,3091,
2024-04-03 09:58:00+05:30,3620.95,3633.7,3619.55,3632.1,2318,
2024-04-03 09:59:00+05:30,3632.1,3633.35,3628.7,3630,1473,
2024-04-03 10:00:00+05:30,3630,3630,3625.1,3628,1170,
2024-04-03 10:01:00+05:30,3628,3635.45,3628,3633,3529,
2024-04-03 10:02:00+05:30,3633,3635.35,3632,3633,1031,
2024-04-03 10:03:00+05:30,3633,3636,3632.5,3635.85,1187,
2024-04-03 10:04:00+05:30,3635.85,3644,3635.85,3642.95,2568,
2024-04-03 10:05:00+05:30,3641.2,3643,3639.1,3640,278,
2024-04-03 10:06:00+05:30,3640,3642.05,3640,3641.35,3547,
2024-04-03 10:07:00+05:30,3641.2,3642,3637.2,3642,1218,
2024-04-03 10:08:00+05:30,3642,3646,3641,3643.9,3051,
2024-04-03 10:09:00+05:30,3644,3646.85,3643.15,3645,1546,
2024-04-03 10:10:00+05:30,3645,3648,3645,3648,1658,
2024-04-03 10:11:00+05:30,3648,3649.75,3646.5,3648,1657,
2024-04-03 10:12:00+05:30,3648,3653.4,3646.65,3653.4,2356,
2024-04-03 10:13:00+05:30,3652,3657.5,3651.05,3657.5,4734,
2024-04-03 10:14:00+05:30,3657.5,3657.55,3655,3657,2002,
2024-04-03 10:15:00+05:30,3657,3657,3648.55,3648.9,3330,
2024-04-03 10:16:00+05:30,3648.9,3653.95,3645.15,3647.7,2421,
2024-04-03 10:17:00+05:30,3647.7,3649.4,3645,3647.05,1506,
2024-04-03 10:18:00+05:30,3647.05,3648.85,3646.95,3647.95,332,
2024-04-03 10:19:00+05:30,3647.95,3648.5,3643.1,3645.55,1823,
2024-04-03 10:20:00+05:30,3645.55,3649.05,3644.4,3649.05,583,
2024-04-03 10:21:00+05:30,3649.05,3649.3,3643.7,3645.9,729,
2024-04-03 10:22:00+05:30,3645.7,3647.2,3643.7,3645.95,346,
2024-04-03 10:23:00+05:30,3645.95,3648.1,3643.2,3645,244,
2024-04-03 10:24:00+05:30,3645,3648.65,3643.35,3647.4,566,
2024-04-03 10:25:00+05:30,3647.4,3648.2,3644.3,3647.5,418,
2024-04-03 10:26:00+05:30,3647.35,3647.35,3643.9,3646.55,1180,
2024-04-03 10:27:00+05:30,3646.6,3652.25,3644.45,3651.6,3616,
2024-04-03 10:28:00+05:30,3651.6,3653,3650.9,3652.9,1123,
2024-04-03 10:29:00+05:30,3652.9,3653.35,3649.8,3650.5,2201,
2024-04-03 10:30:00+05:30,3650.1,3655,3649.95,3652.5,1070,
2024-04-03 10:31:00+05:30,3652.5,3654.9,3651.1,3652.45,2554,
2024-04-03 10:32:00+05:30,3651.9,3657,3651.9,3657,3887,
2024-04-03 10:33:00+05:30,3658,3658,3656,3656.5,1906,
2024-04-03 10:34:00+05:30,3656,3657.9,3650.05,3656,8713,
2024-04-03 10:35:00+05:30,3656,3657,3651.55,3656.4,2168,
2024-04-03 10:36:00+05:30,3656.4,3657,3654.85,3654.85,1512,
2024-04-03 10:37:00+05:30,3654.85,3658,3654.05,3657.05,1890,
2024-04-03 10:38:00+05:30,3657.05,3661.15,3656,3659.5,15642,
2024-04-03 10:39:00+05:30,3659.5,3665,3656.3,3665,5306,
2024-04-03 10:40:00+05:30,3665,3672,3663.35,3670.15,8166,
2024-04-03 10:41:00+05:30,3670.15,3680,3670,3680,7542,
2024-04-03 10:42:00+05:30,3680,3685.55,3676.3,3685.55,10627,
2024-04-03 10:43:00+05:30,3685.9,3692,3682.8,3692,9679,
2024-04-03 10:44:00+05:30,3692.45,3694.05,3689.5,3690,7175,
2024-04-03 10:45:00+05:30,3690,3691.05,3678.95,3682.6,5650,
2024-04-03 10:46:00+05:30,3684.85,3687.15,3682,3685,2455,
2024-04-03 10:47:00+05:30,3685,3692,3685,3691,3967,
2024-04-03 10:48:00+05:30,3690.9,3691,3686.15,3687.65,1584,
2024-04-03 10:49:00+05:30,3686,3692,3685,3691.05,7423,
2024-04-03 10:50:00+05:30,3691.05,3696.95,3690.45,3691.35,4680,
2024-04-03 10:51:00+05:30,3691.35,3691.35,3682,3685.75,7445,
2024-04-03 10:52:00+05:30,3685.75,3687,3683.95,3685,1675,
2024-04-03 10:53:00+05:30,3685,3689.75,3685,3687.05,4208,
2024-04-03 10:54:00+05:30,3687.05,3691.6,3686.05,3691,2540,
2024-04-03 10:55:00+05:30,3691.05,3692.8,3687.85,3690.05,1334,
2024-04-03 10:56:00+05:30,3690.05,3691.8,3690,3691.05,4959,
2024-04-03 10:57:00+05:30,3691.05,3691.05,3690,3690.05,312,
2024-04-03 10:58:00+05:30,3690.05,3691.65,3690,3691.65,1172,
2024-04-03 10:59:00+05:30,3691.65,3692,3690,3690.05,518,
2024-04-03 11:00:00+05:30,3690.05,3691.95,3690,3691.55,427,
2024-04-03 11:01:00+05:30,3691.55,3691.55,3690,3690,1073,
2024-04-03 11:02:00+05:30,3690,3692.85,3690,3690.05,934,
2024-04-03 11:03:00+05:30,3690.4,3690.4,3689.95,3690,3103,
2024-04-03 11:04:00+05:30,3690,3690.4,3688,3688,863,
2024-04-03 11:05:00+05:30,3687.25,3689,3683.95,3688.75,4767,
2024-04-03 11:06:00+05:30,3689.9,3690.4,3683.35,3683.35,11846,
2024-04-03 11:07:00+05:30,3683.35,3685,3680.2,3685,1277,
2024-04-03 11:08:00+05:30,3685,3685.1,3681.5,3681.5,1555,
2024-04-03 11:09:00+05:30,3681.5,3683.6,3681.3,3681.95,1006,
2024-04-03 11:10:00+05:30,3681.95,3685,3681.2,3685,1353,
2024-04-03 11:11:00+05:30,3685,3685.1,3681.7,3682.6,407,
2024-04-03 11:12:00+05:30,3682.6,3682.6,3676.7,3681.05,3141,
2024-04-03 11:13:00+05:30,3681.05,3681.05,3675.2,3675.25,3588,
2024-04-03 11:14:00+05:30,3675.25,3677.2,3671,3674.3,1711,
2024-04-03 11:15:00+05:30,3674.3,3675,3672.1,3674.95,820,
2024-04-03 11:16:00+05:30,3674.95,3675,3673.35,3675,191,
2024-04-03 11:17:00+05:30,3675,3675,3674,3674,481,
2024-04-03 11:18:00+05:30,3674,3675,3672,3673.65,293,
2024-04-03 11:19:00+05:30,3673.65,3675,3672.95,3674.05,664,
2024-04-03 11:20:00+05:30,3675,3675,3672.7,3673.35,269,
2024-04-03 11:21:00+05:30,3673.35,3674.85,3668.8,3670.45,1679,
2024-04-03 11:22:00+05:30,3670.45,3674.35,3668.8,3672.25,2047,
2024-04-03 11:23:00+05:30,3672.25,3672.3,3663.4,3664.05,1777,
2024-04-03 11:24:00+05:30,3664.05,3667.35,3660.25,3666.15,2475,
2024-04-03 11:25:00+05:30,3666.15,3672.2,3665.05,3671.75,2365,
2024-04-03 11:26:00+05:30,3672.2,3673.1,3670,3671.55,1071,
2024-04-03 11:27:00+05:30,3671.55,3671.55,3667.5,3668.95,364,
2024-04-03 11:28:00+05:30,3669.1,3669.4,3666.1,3668.45,482,
2024-04-03 11:29:00+05:30,3668.35,3669.05,3666,3666,380,
2024-04-03 11:30:00+05:30,3666,3668.2,3666,3668.2,464,
2024-04-03 11:31:00+05:30,3668.2,3671.7,3667.15,3671.7,1187,
2024-04-03 11:32:00+05:30,3671.7,3676.1,3669.6,3676.1,3329,
2024-04-03 11:33:00+05:30,3676.1,3676.9,3672.95,3676.9,1179,
2024-04-03 11:34:00+05:30,3676.9,3680.7,3676.65,3679.95,655,
2024-04-03 11:35:00+05:30,3679,3679,3674,3674.2,1289,
2024-04-03 11:36:00+05:30,3674.2,3674.45,3674.15,3674.15,307,
2024-04-03 11:37:00+05:30,3674.15,3675,3670.3,3671.85,1180,
2024-04-03 11:38:00+05:30,3671.85,3671.85,3670.05,3670.75,313,
2024-04-03 11:39:00+05:30,3670.75,3673,3666.3,3673,2058,
2024-04-03 11:40:00+05:30,3673,3673,3670,3670,287,
2024-04-03 11:41:00+05:30,3670,3670,3666,3667.8,756,
2024-04-03 11:42:00+05:30,3667.8,3669.95,3666,3668.5,343,
2024-04-03 11:43:00+05:30,3668.5,3672.3,3668.35,3670.05,1195,
2024-04-03 11:44:00+05:30,3670.05,3671.8,3668.95,3668.95,365,
2024-04-03 11:45:00+05:30,3668.95,3670.65,3668,3668,512,
2024-04-03 11:46:00+05:30,3668,3669.6,3666.65,3667.8,942,
2024-04-03 11:47:00+05:30,3667.8,3669.1,3666.65,3668.55,365,
2024-04-03 11:48:00+05:30,3668.55,3668.75,3667.05,3667.65,418,
2024-04-03 11:49:00+05:30,3665.55,3669.45,3665.55,3669.45,677,
2024-04-03 11:50:00+05:30,3669.45,3671.95,3667.35,3669.35,687,
2024-04-03 11:51:00+05:30,3669.35,3670,3667.55,3670,568,
2024-04-03 11:52:00+05:30,3670,3672.1,3669.45,3670.35,245,
2024-04-03 11:53:00+05:30,3670.35,3677.65,3670.35,3677.65,414,
2024-04-03 11:54:00+05:30,3677.65,3677.7,3675.8,3676,408,
2024-04-03 11:55:00+05:30,3676,3677.8,3676,3677.8,334,
2024-04-03 11:56:00+05:30,3677.8,3680,3676,3677.2,2109,
2024-04-03 11:57:00+05:30,3677.2,3677.35,3674.6,3677,1001,
2024-04-03 11:58:00+05:30,3677,3679,3675.65,3675.7,1568,
2024-04-03 11:59:00+05:30,3675.7,3678.45,3675.7,3678.45,178,
2024-04-03 12:00:00+05:30,3678.45,3678.45,3676.6,3678.2,440,
2024-04-03 12:01:00+05:30,3678.2,3679,3677.1,3678.5,569,
2024-04-03 12:02:00+05:30,3678.5,3680,3678.1,3678.25,494,
2024-04-03 12:03:00+05:30,3678.25,3678.25,3677,3677,431,
2024-04-03 12:04:00+05:30,3677,3677.9,3676,3677.9,340,
2024-04-03 12:05:00+05:30,3677.9,3678.9,3676,3676,265,
2024-04-03 12:06:00+05:30,3676,3679.9,3676,3679.9,264,
2024-04-03 12:07:00+05:30,3678.05,3679.9,3677.2,3677.6,576,
2024-04-03 12:08:00+05:30,3677.6,3679.45,3676.65,3679.45,342,
2024-04-03 12:09:00+05:30,3679.45,3679.65,3676.8,3677.9,692,
2024-04-03 12:10:00+05:30,3677.9,3679.75,3677.45,3678,294,
2024-04-03 12:11:00+05:30,3678,3679.1,3677.25,3678,313,
2024-04-03 12:12:00+05:30,3678,3680.7,3677.1,3677.45,1714,
2024-04-03 12:13:00+05:30,3678.8,3682,3676.7,3680.1,4387,
2024-04-03 12:14:00+05:30,3680.1,3680.9,3680,3680,125,
2024-04-03 12:15:00+05:30,3680,3684.8,3680,3684.75,2090,
2024-04-03 12:16:00+05:30,3684.75,3685.9,3681,3682.65,937,
2024-04-03 12:17:00+05:30,3682.65,3682.65,3681,3682.45,512,
2024-04-03 12:18:00+05:30,3682.45,3682.45,3678.9,3678.9,690,
2024-04-03 12:19:00+05:30,3678.9,3679.45,3675,3679,988,
2024-04-03 12:20:00+05:30,3679,3682.4,3679,3681,331,
2024-04-03 12:21:00+05:30,3681,3681,3680,3680,478,
2024-04-03 12:22:00+05:30,3680,3682.95,3678,3681.05,1982,
2024-04-03 12:23:00+05:30,3681.05,3685.65,3681.05,3682.15,1047,
2024-04-03 12:24:00+05:30,3682.4,3684.25,3682.2,3682.2,264,
2024-04-03 12:25:00+05:30,3682.2,3683.9,3682,3683.4,311,
2024-04-03 12:26:00+05:30,3683.4,3685,3682,3685,3380,
2024-04-03 12:27:00+05:30,3685,3690,3683.35,3688.65,2970,
2024-04-03 12:28:00+05:30,3690,3693.95,3690,3692.05,1253,
2024-04-03 12:29:00+05:30,3692.05,3692.5,3689.4,3690.4,382,
2024-04-03 12:30:00+05:30,3690.45,3690.45,3687.6,3689,1234,
2024-04-03 12:31:00+05:30,3689,3692.85,3687.5,3691.1,1283,
2024-04-03 12:32:00+05:30,3692.85,3694.8,3691.05,3694.35,2076,
2024-04-03 12:33:00+05:30,3694.35,3696.3,3691.8,3696.3,1280,
2024-04-03 12:34:00+05:30,3696.35,3704.95,3696.3,3702.05,10497,
2024-04-03 12:35:00+05:30,3702.05,3704,3699.95,3700,2297,
2024-04-03 12:36:00+05:30,3700,3703.9,3698.45,3703.9,1872,
2024-04-03 12:37:00+05:30,3704,3709.7,3703.45,3708.65,3636,
2024-04-03 12:38:00+05:30,3708.65,3713.2,3706.15,3712,3917,
2024-04-03 12:39:00+05:30,3710.15,3716.3,3710,3710,8871,
2024-04-03 12:40:00+05:30,3709,3715,3709,3710.05,4520,
2024-04-03 12:41:00+05:30,3708.75,3712.75,3708.75,3710.95,2121,
2024-04-03 12:42:00+05:30,3710.95,3712,3708.35,3710.55,3480,
2024-04-03 12:43:00+05:30,3710.05,3711,3708.1,3710.25,6148,
2024-04-03 12:44:00+05:30,3711.95,3712.8,3710.05,3711.2,1898,
2024-04-03 12:45:00+05:30,3712.75,3712.8,3710.95,3711.25,436,
2024-04-03 12:46:00+05:30,3711.45,3714.5,3711.45,3714.4,3338,
2024-04-03 12:47:00+05:30,3714.35,3718.8,3711.9,3716.7,3354,
2024-04-03 12:48:00+05:30,3716.7,3720,3716.4,3718.45,2682,
2024-04-03 12:49:00+05:30,3718.45,3720,3710.45,3714.3,4568,
2024-04-03 12:50:00+05:30,3714.3,3715,3710.45,3712,3974,
2024-04-03 12:51:00+05:30,3710.6,3712,3708.1,3712,2260,
2024-04-03 12:52:00+05:30,3712,3712,3709.8,3710.15,569,
2024-04-03 12:53:00+05:30,3710.25,3711.95,3708.1,3708.35,1637,
2024-04-03 12:54:00+05:30,3708.35,3710,3708.1,3708.15,769,
2024-04-03 12:55:00+05:30,3708.15,3713,3708.1,3713,2114,
2024-04-03 12:56:00+05:30,3714,3723,3713.5,3723,6483,
2024-04-03 12:57:00+05:30,3723,3725,3721.05,3724.85,4973,
2024-04-03 12:58:00+05:30,3724.85,3725,3718,3723.95,12098,
2024-04-03 12:59:00+05:30,3724,3726,3721.9,3725.05,4690,
2024-04-03 13:00:00+05:30,3725,3726,3723.5,3723.5,1325,
2024-04-03 13:01:00+05:30,3723.5,3725,3715,3718.55,3430,
2024-04-03 13:02:00+05:30,3718.55,3720.55,3716.05,3718.35,2221,
2024-04-03 13:03:00+05:30,3718.35,3720,3716.85,3718.55,649,
2024-04-03 13:04:00+05:30,3718.55,3720,3716.5,3718.55,1998,
2024-04-03 13:05:00+05:30,3718.55,3719.35,3712,3713.95,4250,
2024-04-03 13:06:00+05:30,3713.95,3714.9,3711.05,3714.9,1500,
2024-04-03 13:07:00+05:30,3714.9,3714.95,3712.5,3714,399,
2024-04-03 13:08:00+05:30,3714,3714.8,3712.6,3712.9,781,
2024-04-03 13:09:00+05:30,3712.9,3714.65,3708.1,3708.1,3616,
2024-04-03 13:10:00+05:30,3708.1,3709.4,3706.6,3708,3992,
2024-04-03 13:11:00+05:30,3708,3708,3706.3,3708,332,
2024-04-03 13:12:00+05:30,3708,3708,3705.5,3705.5,1464,
2024-04-03 13:13:00+05:30,3705.5,3706.85,3702,3702.05,4854,
2024-04-03 13:14:00+05:30,3703.5,3703.5,3692,3693.45,2944,
2024-04-03 13:15:00+05:30,3693.45,3698.1,3690.35,3698.1,3840,
2024-04-03 13:16:00+05:30,3698.1,3702.15,3696.9,3701.2,2104,
2024-04-03 13:17:00+05:30,3701.2,3704.3,3700,3702.95,1774,
2024-04-03 13:18:00+05:30,3702.95,3705,3702,3704.75,2173,
2024-04-03 13:19:00+05:30,3704.8,3709.95,3704.5,3707,6155,
2024-04-03 13:20:00+05:30,3709.8,3710.3,3706.85,3710.3,4081,
2024-04-03 13:21:00+05:30,3711,3711.85,3710,3711.5,2407,
2024-04-03 13:22:00+05:30,3711.5,3711.5,3705.7,3707.85,3576,
2024-04-03 13:23:00+05:30,3707.85,3707.85,3705.9,3707.5,1299,
2024-04-03 13:24:00+05:30,3707.75,3707.75,3705.15,3707.1,427,
2024-04-03 13:25:00+05:30,3706.05,3707.1,3702.8,3704.35,1337,
2024-04-03 13:26:00+05:30,3704.65,3708.6,3702.25,3707.5,1505,
2024-04-03 13:27:00+05:30,3708.9,3709.75,3706,3707.45,1566,
2024-04-03 13:28:00+05:30,3707.45,3708.35,3705.05,3708,659,
2024-04-03 13:29:00+05:30,3708,3708.75,3706,3706.55,599,
2024-04-03 13:30:00+05:30,3706.55,3708.15,3706.55,3708.15,330,
2024-04-03 13:31:00+05:30,3708,3708.25,3705,3706,1118,
2024-04-03 13:32:00+05:30,3705,3706.95,3704.1,3704.1,2461,
2024-04-03 13:33:00+05:30,3704.1,3707.35,3703,3704.85,3743,
2024-04-03 13:34:00+05:30,3704.85,3707.45,3704.6,3707.45,715,
2024-04-03 13:35:00+05:30,3707.45,3707.45,3704,3707.05,772,
2024-04-03 13:36:00+05:30,3706.75,3709,3705.2,3707.6,1815,
2024-04-03 13:37:00+05:30,3707.35,3709,3707,3708.9,843,
2024-04-03 13:38:00+05:30,3708.9,3709.3,3707.45,3707.45,412,
2024-04-03 13:39:00+05:30,3706.65,3709,3696.9,3696.9,4264,
2024-04-03 13:40:00+05:30,3696.9,3701.85,3695,3698,3123,
2024-04-03 13:41:00+05:30,3698,3700.8,3697,3699,895,
2024-04-03 13:42:00+05:30,3697.65,3699,3697.1,3698.95,323,
2024-04-03 13:43:00+05:30,3698.95,3699.1,3697.9,3698.9,549,
2024-04-03 13:44:00+05:30,3698.9,3698.9,3696.25,3698,414,
2024-04-03 13:45:00+05:30,3698,3698,3695,3695.05,1273,
2024-04-03 13:46:00+05:30,3695.05,3698,3695.05,3697.55,556,
2024-04-03 13:47:00+05:30,3697.55,3698,3692.9,3695.7,3474,
2024-04-03 13:48:00+05:30,3694.2,3696.75,3693.55,3696.75,2278,
2024-04-03 13:49:00+05:30,3696.75,3697.1,3694.05,3697.1,411,
2024-04-03 13:50:00+05:30,3697.1,3697.35,3695,3697.2,860,
2024-04-03 13:51:00+05:30,3697.2,3697.2,3695.05,3696.8,210,
2024-04-03 13:52:00+05:30,3696.8,3696.95,3695.05,3695.05,488,
2024-04-03 13:53:00+05:30,3696.4,3696.4,3693,3695.7,947,
2024-04-03 13:54:00+05:30,3695.7,3696.05,3693.2,3693.5,391,
2024-04-03 13:55:00+05:30,3693.5,3696.05,3693,3694.9,1263,
2024-04-03 13:56:00+05:30,3694.9,3695.7,3692.2,3695.7,3789,
2024-04-03 13:57:00+05:30,3695.7,3697,3694.1,3694.65,926,
2024-04-03 13:58:00+05:30,3694.65,3697,3694.35,3696,847,
2024-04-03 13:59:00+05:30,3696,3696.7,3692,3695,1981,
2024-04-03 14:00:00+05:30,3695,3696,3693.25,3695,1786,
2024-04-03 14:01:00+05:30,3695,3696.3,3693.45,3695,1575,
2024-04-03 14:02:00+05:30,3695.6,3696,3693.95,3695.95,634,
2024-04-03 14:03:00+05:30,3695.95,3696.4,3693.95,3695.45,513,
2024-04-03 14:04:00+05:30,3695.45,3696.85,3695.3,3695.55,154,
2024-04-03 14:05:00+05:30,3695.55,3697.55,3695.55,3696.9,514,
2024-04-03 14:06:00+05:30,3696.9,3696.95,3693.75,3695.75,1746,
2024-04-03 14:07:00+05:30,3694.05,3695.95,3693.75,3695.9,723,
2024-04-03 14:08:00+05:30,3695.7,3695.7,3691.15,3695,4103,
2024-04-03 14:09:00+05:30,3695,3702,3693.35,3702,4123,
2024-04-03 14:10:00+05:30,3702,3704.95,3700.15,3704.75,1730,
2024-04-03 14:11:00+05:30,3705,3707,3705,3707,1668,
2024-04-03 14:12:00+05:30,3707,3713.95,3706,3711.5,4499,
2024-04-03 14:13:00+05:30,3711.5,3713.85,3711,3713.25,1088,
2024-04-03 14:14:00+05:30,3713.25,3713.95,3711.05,3713,1410,
2024-04-03 14:15:00+05:30,3713,3713.25,3710.05,3712.9,3383,
2024-04-03 14:16:00+05:30,3712.9,3713,3711,3711.4,281,
2024-04-03 14:17:00+05:30,3711.4,3713.95,3711,3713.95,3435,
2024-04-03 14:18:00+05:30,3713.7,3714,3710.05,3711.7,2431,
2024-04-03 14:19:00+05:30,3711.7,3711.75,3707.55,3709.1,2148,
2024-04-03 14:20:00+05:30,3708.85,3709.1,3707.45,3708.95,190,
2024-04-03 14:21:00+05:30,3708.95,3708.95,3702.85,3704.8,1373,
2024-04-03 14:22:00+05:30,3704.85,3704.85,3701,3702,582,
2024-04-03 14:23:00+05:30,3702,3702,3698.05,3700,1348,
2024-04-03 14:24:00+05:30,3700,3701.75,3696.25,3696.25,2250,
2024-04-03 14:25:00+05:30,3698.1,3698.4,3693.15,3695.5,3048,
2024-04-03 14:26:00+05:30,3694.15,3695.75,3693.05,3693.15,464,
2024-04-03 14:27:00+05:30,3693.15,3694.15,3692,3693,386,
2024-04-03 14:28:00+05:30,3693.9,3694,3691,3692.1,963,
2024-04-03 14:29:00+05:30,3691.7,3694.9,3691,3693.35,869,
2024-04-03 14:30:00+05:30,3693.35,3693.35,3683.95,3689.5,4656,
2024-04-03 14:31:00+05:30,3689.5,3689.5,3679.95,3680.85,1774,
2024-04-03 14:32:00+05:30,3680.95,3680.95,3675,3676,2567,
2024-04-03 14:33:00+05:30,3676,3681.6,3675.2,3680.85,2791,
2024-04-03 14:34:00+05:30,3679.35,3681,3678.6,3680.05,759,
2024-04-03 14:35:00+05:30,3680.05,3681,3678.6,3678.75,509,
2024-04-03 14:36:00+05:30,3678.75,3681,3678.7,3681,257,
2024-04-03 14:37:00+05:30,3681,3681.4,3678.6,3678.85,683,
2024-04-03 14:38:00+05:30,3678.85,3679.95,3678,3678.05,437,
2024-04-03 14:39:00+05:30,3678.05,3679.95,3677.25,3677.35,591,
2024-04-03 14:40:00+05:30,3677,3681.85,3677,3679.35,2669,
2024-04-03 14:41:00+05:30,3679.35,3684.3,3679.15,3682.35,664,
2024-04-03 14:42:00+05:30,3682.35,3682.8,3679.25,3679.25,495,
2024-04-03 14:43:00+05:30,3679.25,3685,3679.25,3685,594,
2024-04-03 14:44:00+05:30,3685,3685.75,3681.85,3683.15,841,
2024-04-03 14:45:00+05:30,3681.6,3682.6,3680.1,3682.25,350,
2024-04-03 14:46:00+05:30,3682.25,3682.25,3680,3680,289,
2024-04-03 14:47:00+05:30,3680.75,3681.75,3680,3681.75,302,
2024-04-03 14:48:00+05:30,3681.75,3681.75,3680,3680,162,
2024-04-03 14:49:00+05:30,3680,3680,3674.3,3675.95,4073,
2024-04-03 14:50:00+05:30,3676.6,3677.85,3673.15,3674.25,956,
2024-04-03 14:51:00+05:30,3674.25,3679.7,3673.35,3679.4,1126,
2024-04-03 14:52:00+05:30,3679.4,3681.5,3677.7,3680,773,
2024-04-03 14:53:00+05:30,3680,3680.65,3678,3679.85,1286,
2024-04-03 14:54:00+05:30,3679.85,3679.9,3678.2,3678.35,1233,
2024-04-03 14:55:00+05:30,3678.35,3680.6,3678.2,3680.55,345,
2024-04-03 14:56:00+05:30,3680.55,3680.55,3675.15,3677.3,1699,
2024-04-03 14:57:00+05:30,3677.3,3677.55,3675.1,3676.1,446,
2024-04-03 14:58:00+05:30,3676.15,3677.25,3675,3675.8,739,
2024-04-03 14:59:00+05:30,3675.8,3676.1,3675,3675.15,279,
2024-04-03 15:00:00+05:30,3676.15,3681,3676.05,3681,1571,
2024-04-03 15:01:00+05:30,3680.65,3680.65,3675,3675.8,800,
2024-04-03 15:02:00+05:30,3676.35,3678.4,3675.8,3678.4,1048,
2024-04-03 15:03:00+05:30,3679.45,3683.5,3678.7,3682.35,1506,
2024-04-03 15:04:00+05:30,3683.65,3697.85,3682.3,3697.85,8317,
2024-04-03 15:05:00+05:30,3695.45,3700,3694.3,3699.7,4727,
2024-04-03 15:06:00+05:30,3699.95,3700,3694.4,3695.4,3188,
2024-04-03 15:07:00+05:30,3695.15,3695.15,3690.75,3691,1669,
2024-04-03 15:08:00+05:30,3691,3693.55,3690.1,3693.35,1112,
2024-04-03 15:09:00+05:30,3693.35,3693.35,3690.1,3691.8,1614,
2024-04-03 15:10:00+05:30,3691.05,3692.85,3685.9,3685.9,2662,
2024-04-03 15:11:00+05:30,3685.8,3688.15,3685.8,3688.1,1491,
2024-04-03 15:12:00+05:30,3687.8,3689.95,3687.05,3688,1014,
2024-04-03 15:13:00+05:30,3687.95,3688.4,3687.05,3688.1,1127,
2024-04-03 15:14:00+05:30,3688.05,3689,3687.05,3687.05,976,
2024-04-03 15:15:00+05:30,3687.05,3688.95,3685.8,3688.4,1816,
2024-04-03 15:16:00+05:30,3688.2,3689.3,3688.1,3688.9,1307,
2024-04-03 15:17:00+05:30,3688.85,3689.6,3685.7,3688.75,2503,
2024-04-03 15:18:00+05:30,3688.75,3688.75,3684.2,3684.45,1966,
2024-04-03 15:19:00+05:30,3683.35,3683.95,3679.45,3679.45,5008,
2024-04-03 15:20:00+05:30,3679.45,3679.45,3673.55,3675.6,3683,
2024-04-03 15:21:00+05:30,3675.6,3675.95,3673.4,3675.7,938,
2024-04-03 15:22:00+05:30,3675.6,3675.75,3674.45,3675.5,1487,
2024-04-03 15:23:00+05:30,3675.1,3675.6,3673.3,3675.15,3915,
2024-04-03 15:24:00+05:30,3675.2,3679.85,3675.2,3679.85,2374,
2024-04-03 15:25:00+05:30,3679.85,3682.3,3679.5,3682.3,1670,
2024-04-03 15:26:00+05:30,3682.3,3683.55,3680.6,3683.5,2410,
2024-04-03 15:27:00+05:30,3683.5,3683.5,3680.75,3683.45,783,
2024-04-03 15:28:00+05:30,3682.5,3685.6,3677,3680,2141,
2024-04-03 15:29:00+05:30,3680,3685.7,3674,3685.7,2925,
2024-04-04 09:15:00+05:30,3708,3708,3688.25,3696,4182,
2024-04-04 09:16:00+05:30,3699.9,3704.95,3694.7,3703.8,3424,
2024-04-04 09:17:00+05:30,3704.35,3714.1,3704.3,3707,8372,
2024-04-04 09:18:00+05:30,3707.05,3714.9,3703,3714.9,5041,
2024-04-04 09:19:00+05:30,3714,3717.4,3708.65,3709.3,3443,
2024-04-04 09:20:00+05:30,3709.3,3713,3707.75,3710.05,9232,
2024-04-04 09:21:00+05:30,3710.05,3712.35,3700.2,3702.1,16135,
2024-04-04 09:22:00+05:30,3702.15,3715,3702.15,3711.7,1668,
2024-04-04 09:23:00+05:30,3711.7,3714.15,3708,3708,2277,
2024-04-04 09:24:00+05:30,3708,3708.1,3701.05,3701.2,1479,
2024-04-04 09:25:00+05:30,3702.9,3710,3701.1,3704.95,3220,
2024-04-04 09:26:00+05:30,3704.95,3705.75,3701.1,3702.2,1384,
2024-04-04 09:27:00+05:30,3701.1,3704,3700,3700.9,1903,
2024-04-04 09:28:00+05:30,3702.55,3703,3700,3700,3873,
2024-04-04 09:29:00+05:30,3700,3701.65,3695,3696.85,3703,
2024-04-04 09:30:00+05:30,3696.6,3700.35,3695,3696.9,3040,
2024-04-04 09:31:00+05:30,3695,3697.55,3695,3695.6,2172,
2024-04-04 09:32:00+05:30,3695.6,3703.45,3695.6,3696.85,1202,
2024-04-04 09:33:00+05:30,3696.6,3703.65,3695.5,3702.95,1424,
2024-04-04 09:34:00+05:30,3702.95,3724.6,3702.95,3722.15,5655,
2024-04-04 09:35:00+05:30,3722.25,3725,3720.05,3723.5,4000,
2024-04-04 09:36:00+05:30,3722.85,3729.6,3722.85,3723.2,5888,
2024-04-04 09:37:00+05:30,3724.8,3726.75,3719.05,3719.35,3621,
2024-04-04 09:38:00+05:30,3719.35,3725,3719.35,3722.95,1248,
2024-04-04 09:39:00+05:30,3721.05,3724.15,3718.05,3723.2,2008,
2024-04-04 09:40:00+05:30,3723.2,3729.9,3719,3720.35,5770,
2024-04-04 09:41:00+05:30,3718.15,3719.55,3715.75,3716.75,1814,
2024-04-04 09:42:00+05:30,3718.2,3719.7,3716.85,3717.15,585,
2024-04-04 09:43:00+05:30,3717.15,3719.55,3710,3710,3036,
2024-04-04 09:44:00+05:30,3711,3711,3692.1,3692.9,6243,
2024-04-04 09:45:00+05:30,3697.8,3708.9,3695,3705.2,1364,
2024-04-04 09:46:00+05:30,3705.55,3706.8,3705,3705,926,
2024-04-04 09:47:00+05:30,3706.1,3708.8,3705,3706.15,1047,
2024-04-04 09:48:00+05:30,3707.8,3709.6,3706.1,3706.75,1274,
2024-04-04 09:49:00+05:30,3705,3708,3705,3706.3,1691,
2024-04-04 09:50:00+05:30,3706.3,3708.3,3705,3708.15,1038,
2024-04-04 09:51:00+05:30,3708.15,3709.4,3705.5,3705.5,420,
2024-04-04 09:52:00+05:30,3705.5,3707.7,3705,3706.85,3027,
2024-04-04 09:53:00+05:30,3706.85,3706.85,3705,3705,2515,
2024-04-04 09:54:00+05:30,3705,3706.35,3690.65,3692.85,5267,
2024-04-04 09:55:00+05:30,3692.85,3694.95,3690,3690,4116,
2024-04-04 09:56:00+05:30,3690,3692.6,3690,3690.9,1397,
2024-04-04 09:57:00+05:30,3690.9,3696.7,3690.8,3692.05,1418,
2024-04-04 09:58:00+05:30,3694.35,3694.35,3690,3690.2,1542,
2024-04-04 09:59:00+05:30,3690.2,3696.4,3690.2,3691.3,867,
2024-04-04 10:00:00+05:30,3691.3,3701.25,3690.5,3700.8,6676,
2024-04-04 10:01:00+05:30,3701,3706.45,3697.95,3701.1,2389,
2024-04-04 10:02:00+05:30,3701.1,3703.55,3700,3702.55,775,
2024-04-04 10:03:00+05:30,3702.55,3703.05,3700.2,3700.6,517,
2024-04-04 10:04:00+05:30,3700.6,3703.8,3700.2,3700.2,622,
2024-04-04 10:05:00+05:30,3700.2,3703.35,3700,3700,575,
2024-04-04 10:06:00+05:30,3700.05,3703.3,3700,3701.7,596,
2024-04-04 10:07:00+05:30,3701.7,3705,3700.05,3702,1216,
2024-04-04 10:08:00+05:30,3702,3704.7,3700.2,3700.2,1026,
2024-04-04 10:09:00+05:30,3700.2,3702.85,3700,3700,1054,
2024-04-04 10:10:00+05:30,3700,3703.7,3700,3701.8,1360,
2024-04-04 10:11:00+05:30,3701.8,3703.7,3701.7,3702,366,
2024-04-04 10:12:00+05:30,3702,3706.35,3701.7,3705.05,1650,
2024-04-04 10:13:00+05:30,3705.05,3706.2,3700,3700.05,2504,
2024-04-04 10:14:00+05:30,3700.05,3701.55,3698.55,3700,1681,
2024-04-04 10:15:00+05:30,3700,3703.95,3700,3700,526,
2024-04-04 10:16:00+05:30,3700,3702.45,3700,3701,666,
2024-04-04 10:17:00+05:30,3701,3702.45,3700,3700,236,
2024-04-04 10:18:00+05:30,3700,3701.85,3700,3701.65,499,
2024-04-04 10:19:00+05:30,3701.65,3704,3700,3702.55,551,
2024-04-04 10:20:00+05:30,3702.55,3704.9,3701.9,3704,233,
2024-04-04 10:21:00+05:30,3705,3705.5,3700.7,3703.15,459,
2024-04-04 10:22:00+05:30,3702.1,3717.9,3701.15,3717.9,3186,
2024-04-04 10:23:00+05:30,3717.9,3721.95,3716.05,3720,1670,
2024-04-04 10:24:00+05:30,3720,3720.95,3720,3720,1757,
2024-04-04 10:25:00+05:30,3720,3723.2,3720,3723,822,
2024-04-04 10:26:00+05:30,3723,3723.85,3720.5,3720.5,917,
2024-04-04 10:27:00+05:30,3720.5,3721.75,3719.3,3720.05,2109,
2024-04-04 10:28:00+05:30,3720.05,3721.5,3720,3720,4663,
2024-04-04 10:29:00+05:30,3720,3721.55,3720,3721,1495,
2024-04-04 10:30:00+05:30,3721,3721.8,3720,3721.2,709,
2024-04-04 10:31:00+05:30,3721.2,3727.5,3721,3726,4923,
2024-04-04 10:32:00+05:30,3726,3727.2,3725,3727,1029,
2024-04-04 10:33:00+05:30,3727,3727.2,3725.1,3727,1859,
2024-04-04 10:34:00+05:30,3727,3731.55,3727,3730,6496,
2024-04-04 10:35:00+05:30,3730,3732.15,3729,3731.4,5695,
2024-04-04 10:36:00+05:30,3730.1,3733,3730,3730,1944,
2024-04-04 10:37:00+05:30,3730,3737,3730,3735.15,9015,
2024-04-04 10:38:00+05:30,3735.15,3743.2,3735.15,3741.5,7798,
2024-04-04 10:39:00+05:30,3741.5,3742.6,3740,3740,1006,
2024-04-04 10:40:00+05:30,3740,3749.7,3740,3748.95,4237,
2024-04-04 10:41:00+05:30,3748.95,3755.9,3747.2,3751.15,10520,
2024-04-04 10:42:00+05:30,3751.15,3753.1,3745,3750.8,7779,
2024-04-04 10:43:00+05:30,3750.8,3753.3,3748.2,3748.2,1209,
2024-04-04 10:44:00+05:30,3748.2,3752,3745.05,3752,1899,
2024-04-04 10:45:00+05:30,3750.7,3753,3745.05,3750,2069,
2024-04-04 10:46:00+05:30,3750,3751.2,3746.6,3749.6,2343,
2024-04-04 10:47:00+05:30,3747.45,3749.25,3746.3,3746.55,1164,
2024-04-04 10:48:00+05:30,3747,3747.9,3743.45,3743.55,2981,
2024-04-04 10:49:00+05:30,3743.55,3745.65,3740,3740,2054,
2024-04-04 10:50:00+05:30,3740,3743,3740,3741.3,1214,
2024-04-04 10:51:00+05:30,3741.6,3743.15,3740.9,3741.1,957,
2024-04-04 10:52:00+05:30,3741.1,3742.2,3740,3740.2,8820,
2024-04-04 10:53:00+05:30,3740,3743.45,3737.05,3737.75,16843,
2024-04-04 10:54:00+05:30,3737.6,3738.25,3722,3722.9,21718,
2024-04-04 10:55:00+05:30,3723.55,3728.35,3722,3723.85,5996,
2024-04-04 10:56:00+05:30,3723.85,3727.85,3720.5,3722.75,4444,
2024-04-04 10:57:00+05:30,3720.9,3726.95,3720.9,3726,3793,
2024-04-04 10:58:00+05:30,3726,3729.3,3724,3725,2641,
2024-04-04 10:59:00+05:30,3725,3727.3,3724.25,3724.25,1856,
2024-04-04 11:00:00+05:30,3724.25,3729,3724.25,3727.6,1736,
2024-04-04 11:01:00+05:30,3727.6,3727.6,3724.4,3725,642,
2024-04-04 11:02:00+05:30,3725,3727.45,3724.25,3726.8,757,
2024-04-04 11:03:00+05:30,3725.1,3727.15,3725,3725,513,
2024-04-04 11:04:00+05:30,3725,3727.1,3722.9,3725.35,3035,
2024-04-04 11:05:00+05:30,3725.35,3727.05,3723.75,3725,767,
2024-04-04 11:06:00+05:30,3725,3727.25,3723.1,3723.2,3074,
2024-04-04 11:07:00+05:30,3722.9,3723.95,3722,3722.1,897,
2024-04-04 11:08:00+05:30,3722.1,3726.9,3722.1,3724.75,471,
2024-04-04 11:09:00+05:30,3724.75,3725,3722.35,3724,738,
2024-04-04 11:10:00+05:30,3724,3725.85,3713.6,3715.2,8963,
2024-04-04 11:11:00+05:30,3714.9,3715.15,3710.05,3710.15,5619,
2024-04-04 11:12:00+05:30,3712.1,3712.1,3706.75,3710.85,1875,
2024-04-04 11:13:00+05:30,3710.85,3720.95,3710.85,3719.6,3210,
2024-04-04 11:14:00+05:30,3721.5,3726.9,3719.75,3724.4,2085,
2024-04-04 11:15:00+05:30,3726.05,3735,3724.25,3735,4209,
2024-04-04 11:16:00+05:30,3735,3736,3730.05,3732.95,4849,
2024-04-04 11:17:00+05:30,3732.95,3734.9,3728.55,3733.7,2203,
2024-04-04 11:18:00+05:30,3734.25,3734.3,3726.25,3730.05,3853,
2024-04-04 11:19:00+05:30,3730.05,3735,3725,3732.65,2971,
2024-04-04 11:20:00+05:30,3732.6,3734.95,3729.35,3734,2457,
2024-04-04 11:21:00+05:30,3733.8,3734,3731.05,3733,519,
2024-04-04 11:22:00+05:30,3733.85,3733.85,3731,3732.6,2245,
2024-04-04 11:23:00+05:30,3731.25,3732.55,3729.8,3731,512,
2024-04-04 11:24:00+05:30,3731,3731,3728.1,3730,761,
2024-04-04 11:25:00+05:30,3730.25,3733.2,3727.7,3731.65,2385,
2024-04-04 11:26:00+05:30,3731.65,3731.8,3728.95,3731.8,1204,
2024-04-04 11:27:00+05:30,3732,3733,3728.4,3732.95,1317,
2024-04-04 11:28:00+05:30,3732.95,3733.5,3727.8,3732.2,1665,
2024-04-04 11:29:00+05:30,3732.2,3732.45,3729.15,3730.2,832,
2024-04-04 11:30:00+05:30,3730.2,3731.95,3726.9,3731.1,1059,
2024-04-04 11:31:00+05:30,3731.45,3731.45,3726.75,3729,929,
2024-04-04 11:32:00+05:30,3729,3729,3723,3724,1898,
2024-04-04 11:33:00+05:30,3723.85,3726.85,3718.05,3720.75,3876,
2024-04-04 11:34:00+05:30,3720.75,3720.75,3712.7,3715.05,1978,
2024-04-04 11:35:00+05:30,3715.05,3723.15,3713.8,3722.2,2059,
2024-04-04 11:36:00+05:30,3722.2,3726.85,3718.2,3722.05,4208,
2024-04-04 11:37:00+05:30,3722.05,3724.15,3719.6,3722.05,1343,
2024-04-04 11:38:00+05:30,3722.05,3722.85,3719.55,3722.2,913,
2024-04-04 11:39:00+05:30,3722.2,3722.95,3719.35,3722.6,1290,
2024-04-04 11:40:00+05:30,3722.35,3722.35,3713,3715.05,1607,
2024-04-04 11:41:00+05:30,3712.9,3719.4,3712.5,3718.9,5014,
2024-04-04 11:42:00+05:30,3718.9,3718.9,3712.05,3714.35,3735,
2024-04-04 11:43:00+05:30,3712.55,3718.85,3712.05,3718.45,3000,
2024-04-04 11:44:00+05:30,3716.55,3718.85,3715.05,3716.25,1063,
2024-04-04 11:45:00+05:30,3716.25,3718.9,3715.4,3716.8,755,
2024-04-04 11:46:00+05:30,3716.8,3717,3712.95,3715.85,585,
2024-04-04 11:47:00+05:30,3715.85,3716.5,3713.3,3716.35,592,
2024-04-04 11:48:00+05:30,3715,3717,3715,3717,837,
2024-04-04 11:49:00+05:30,3717,3724.65,3717,3724.65,1920,
2024-04-04 11:50:00+05:30,3724.65,3725,3720.6,3722.2,1730,
2024-04-04 11:51:00+05:30,3721.05,3723.4,3716.2,3716.2,1418,
2024-04-04 11:52:00+05:30,3716.2,3718.7,3714.55,3715.2,1709,
2024-04-04 11:53:00+05:30,3715.2,3717.45,3714.45,3714.55,1984,
2024-04-04 11:54:00+05:30,3714.6,3720.05,3713.3,3720.05,2021,
2024-04-04 11:55:00+05:30,3720.05,3720.75,3716.1,3716.75,656,
2024-04-04 11:56:00+05:30,3716.55,3719.35,3714.9,3717.7,2438,
2024-04-04 11:57:00+05:30,3717.7,3718.75,3714.9,3717.55,1730,
2024-04-04 11:58:00+05:30,3717.55,3717.55,3710,3711.95,2761,
2024-04-04 11:59:00+05:30,3711.95,3711.95,3708.3,3711.45,1047,
2024-04-04 12:00:00+05:30,3711,3712.45,3706.2,3710.3,2022,
2024-04-04 12:01:00+05:30,3710.3,3710.3,3704.45,3709.9,1662,
2024-04-04 12:02:00+05:30,3708.2,3709.9,3700.2,3704.55,3689,
2024-04-04 12:03:00+05:30,3704.25,3710,3700,3704.3,7988,
2024-04-04 12:04:00+05:30,3702.35,3706,3701.6,3704.6,2215,
2024-04-04 12:05:00+05:30,3704.6,3706.9,3702.6,3705.8,2936,
2024-04-04 12:06:00+05:30,3706,3708.45,3704.75,3707.3,1841,
2024-04-04 12:07:00+05:30,3705.55,3707.6,3703.4,3704.6,1689,
2024-04-04 12:08:00+05:30,3704.6,3708.45,3703.2,3708.3,1342,
2024-04-04 12:09:00+05:30,3705.95,3707.7,3702.2,3705.1,2016,
2024-04-04 12:10:00+05:30,3705.1,3705.25,3701.05,3701.6,3530,
2024-04-04 12:11:00+05:30,3701.6,3707.6,3699.05,3701.95,5649,
2024-04-04 12:12:00+05:30,3701,3704.9,3699.5,3701.7,2112,
2024-04-04 12:13:00+05:30,3701.8,3704.4,3699.7,3700,4619,
2024-04-04 12:14:00+05:30,3701.3,3702.6,3699.2,3701.8,6714,
2024-04-04 12:15:00+05:30,3700,3708.5,3699.55,3707.9,9717,
2024-04-04 12:16:00+05:30,3707.9,3707.9,3705,3705.3,8085,
2024-04-04 12:17:00+05:30,3705.3,3707.1,3700.2,3702.95,5820,
2024-04-04 12:18:00+05:30,3701.05,3703.25,3700,3700.25,2311,
2024-04-04 12:19:00+05:30,3700.25,3704,3699.7,3702.95,7428,
2024-04-04 12:20:00+05:30,3701.15,3703.55,3699.5,3702.7,1493,
2024-04-04 12:21:00+05:30,3702.7,3703.95,3699.75,3700.25,4937,
2024-04-04 12:22:00+05:30,3700.1,3703.9,3699.6,3701.7,2881,
2024-04-04 12:23:00+05:30,3701.7,3701.7,3699.5,3700,1517,
2024-04-04 12:24:00+05:30,3700,3702,3699.55,3701.95,1025,
2024-04-04 12:25:00+05:30,3700.5,3701.95,3699.5,3700.25,973,
2024-04-04 12:26:00+05:30,3700.25,3705.2,3700,3700.35,2283,
2024-04-04 12:27:00+05:30,3700,3701.8,3699.5,3701,2157,
2024-04-04 12:28:00+05:30,3701.7,3702,3699.7,3701.95,1250,
2024-04-04 12:29:00+05:30,3702,3708,3700.5,3708,1884,
2024-04-04 12:30:00+05:30,3708,3712.7,3707.3,3711.55,2750,
2024-04-04 12:31:00+05:30,3711.6,3716.7,3710.6,3716.7,2785,
2024-04-04 12:32:00+05:30,3716.7,3716.95,3710.5,3712.3,4205,
2024-04-04 12:33:00+05:30,3711.65,3718.7,3711.65,3718,1586,
2024-04-04 12:34:00+05:30,3718,3718.7,3715,3716.35,488,
2024-04-04 12:35:00+05:30,3716.35,3718.7,3712.2,3718.7,5937,
2024-04-04 12:36:00+05:30,3718.9,3721.7,3718.8,3721.1,1899,
2024-04-04 12:37:00+05:30,3721.1,3721.9,3719.95,3721.5,1188,
2024-04-04 12:38:00+05:30,3721.5,3724.9,3721.5,3723.95,2000,
2024-04-04 12:39:00+05:30,3724.75,3724.75,3722.45,3724.35,618,
2024-04-04 12:40:00+05:30,3724.4,3725.55,3722.15,3725.55,1875,
2024-04-04 12:41:00+05:30,3725.55,3725.8,3723.9,3725.7,927,
2024-04-04 12:42:00+05:30,3725.7,3729.9,3724.2,3729,2787,
2024-04-04 12:43:00+05:30,3729,3734.6,3727.25,3727.4,6897,
2024-04-04 12:44:00+05:30,3726.95,3728.9,3725.1,3726.4,2264,
2024-04-04 12:45:00+05:30,3727.3,3727.3,3723.8,3724.45,1122,
2024-04-04 12:46:00+05:30,3723.55,3731.95,3723.55,3728.95,2789,
2024-04-04 12:47:00+05:30,3729.45,3730.85,3726.8,3730,1421,
2024-04-04 12:48:00+05:30,3730.6,3733.45,3729,3733.45,1154,
2024-04-04 12:49:00+05:30,3733.45,3734.5,3730.25,3733,1236,
2024-04-04 12:50:00+05:30,3733,3733.9,3729.5,3732.3,2306,
2024-04-04 12:51:00+05:30,3732.35,3734.65,3730,3734.65,772,
2024-04-04 12:52:00+05:30,3734.7,3734.9,3732.7,3734,1297,
2024-04-04 12:53:00+05:30,3734,3734.85,3731.95,3733.85,1515,
2024-04-04 12:54:00+05:30,3733.95,3735,3731,3734.8,2424,
2024-04-04 12:55:00+05:30,3734.9,3734.9,3728.15,3729.9,5664,
2024-04-04 12:56:00+05:30,3729.9,3734,3728.8,3734,3155,
2024-04-04 12:57:00+05:30,3734,3736.9,3733.95,3735.9,5594,
2024-04-04 12:58:00+05:30,3735.9,3735.95,3727.35,3728.3,1837,
2024-04-04 12:59:00+05:30,3728.3,3728.55,3719.45,3727.95,4818,
2024-04-04 13:00:00+05:30,3726.1,3728,3722.75,3725.2,2633,
2024-04-04 13:01:00+05:30,3724.15,3727,3722.3,3724.5,1336,
2024-04-04 13:02:00+05:30,3724.9,3725.9,3719.2,3722.4,2429,
2024-04-04 13:03:00+05:30,3722.4,3722.45,3717,3717,1354,
2024-04-04 13:04:00+05:30,3717,3720,3714.2,3717.9,1264,
2024-04-04 13:05:00+05:30,3717.9,3720.25,3716.6,3720.25,724,
2024-04-04 13:06:00+05:30,3721.85,3722.6,3719.05,3722.55,1268,
2024-04-04 13:07:00+05:30,3722.55,3726,3720.6,3726,1383,
2024-04-04 13:08:00+05:30,3726.7,3727,3724,3726.45,992,
2024-04-04 13:09:00+05:30,3726.45,3728.4,3723.2,3726,1517,
2024-04-04 13:10:00+05:30,3726,3728.25,3724.55,3725.85,1377,
2024-04-04 13:11:00+05:30,3727.15,3728.75,3725.3,3728.75,1081,
2024-04-04 13:12:00+05:30,3728.75,3730,3726.2,3729.15,1147,
2024-04-04 13:13:00+05:30,3729.15,3730.45,3725.6,3730.35,1447,
2024-04-04 13:14:00+05:30,3730.35,3732.5,3727.6,3731.45,4179,
2024-04-04 13:15:00+05:30,3731.4,3731.8,3727.65,3728.9,1548,
2024-04-04 13:16:00+05:30,3731.35,3731.35,3725.1,3729.85,2115,
2024-04-04 13:17:00+05:30,3729.9,3732.55,3727.7,3730.8,2389,
2024-04-04 13:18:00+05:30,3730.5,3730.55,3723.8,3725.4,2230,
2024-04-04 13:19:00+05:30,3728.05,3730.95,3725.85,3728.3,823,
2024-04-04 13:20:00+05:30,3728.3,3729.6,3726.6,3729.35,1272,
2024-04-04 13:21:00+05:30,3729.35,3732,3726.55,3728.75,1702,
2024-04-04 13:22:00+05:30,3728.75,3734.3,3725.9,3734.3,2822,
2024-04-04 13:23:00+05:30,3734.3,3737,3731.15,3737,4084,
2024-04-04 13:24:00+05:30,3737.1,3740,3737.1,3740,3830,
2024-04-04 13:25:00+05:30,3740,3744.7,3738.85,3744.65,4824,
2024-04-04 13:26:00+05:30,3744.65,3744.65,3741.65,3742.4,3244,
2024-04-04 13:27:00+05:30,3743.7,3747.75,3742.25,3746.8,3220,
2024-04-04 13:28:00+05:30,3746.9,3747.95,3746.15,3747.7,2373,
2024-04-04 13:29:00+05:30,3747.25,3749,3745.6,3748.65,4072,
2024-04-04 13:30:00+05:30,3747.1,3749,3742.6,3745.9,2936,
2024-04-04 13:31:00+05:30,3745.6,3748,3741.35,3748,3045,
2024-04-04 13:32:00+05:30,3747.65,3748,3743.55,3747.6,3726,
2024-04-04 13:33:00+05:30,3747.55,3750,3746,3748.95,6671,
2024-04-04 13:34:00+05:30,3747.15,3749.65,3745,3746.3,2856,
2024-04-04 13:35:00+05:30,3746.85,3748.8,3746,3746,1241,
2024-04-04 13:36:00+05:30,3747.55,3748.45,3741.25,3741.25,3955,
2024-04-04 13:37:00+05:30,3741.35,3747.6,3741.35,3746.3,1621,
2024-04-04 13:38:00+05:30,3746.3,3748,3745.8,3748,1826,
2024-04-04 13:39:00+05:30,3748,3749,3746,3747.55,1595,
2024-04-04 13:40:00+05:30,3747.5,3747.75,3743,3743.5,1522,
2024-04-04 13:41:00+05:30,3743.85,3744.65,3741.5,3743,776,
2024-04-04 13:42:00+05:30,3743,3743.4,3737.2,3743.4,2069,
2024-04-04 13:43:00+05:30,3743.4,3743.7,3738.55,3740,2114,
2024-04-04 13:44:00+05:30,3740,3740,3733.8,3735.1,1536,
2024-04-04 13:45:00+05:30,3736.05,3738.45,3731.8,3733.1,2167,
2024-04-04 13:46:00+05:30,3733.1,3735.55,3731.7,3734.65,683,
2024-04-04 13:47:00+05:30,3735,3738.35,3735,3736.55,683,
2024-04-04 13:48:00+05:30,3736.55,3742,3736,3741.9,1459,
2024-04-04 13:49:00+05:30,3741.9,3741.95,3739.4,3740.05,1009,
2024-04-04 13:50:00+05:30,3740.05,3741.45,3739,3740,499,
2024-04-04 13:51:00+05:30,3740.75,3741.25,3736,3736,621,
2024-04-04 13:52:00+05:30,3731.9,3733.7,3729.85,3730.25,5120,
2024-04-04 13:53:00+05:30,3730.25,3732.75,3729.85,3730.2,4787,
2024-04-04 13:54:00+05:30,3732.1,3732.7,3730,3730.2,3707,
2024-04-04 13:55:00+05:30,3730.25,3732.45,3729.2,3730.15,4661,
2024-04-04 13:56:00+05:30,3730.15,3737.95,3730,3736.35,2346,
2024-04-04 13:57:00+05:30,3736.35,3738.4,3736.2,3738.4,259,
2024-04-04 13:58:00+05:30,3738.4,3738.4,3736.2,3736.2,372,
2024-04-04 13:59:00+05:30,3738.15,3738.15,3733.8,3733.8,456,
2024-04-04 14:00:00+05:30,3735.9,3736,3733.8,3733.8,199,
2024-04-04 14:01:00+05:30,3735.05,3738,3733.9,3736.8,244,
2024-04-04 14:02:00+05:30,3736.8,3743.15,3736.6,3743.15,2408,
2024-04-04 14:03:00+05:30,3744.5,3744.9,3740.05,3744.15,2288,
2024-04-04 14:04:00+05:30,3744.15,3744.65,3740.4,3741.9,2416,
2024-04-04 14:05:00+05:30,3741.9,3744,3740.4,3742.75,478,
2024-04-04 14:06:00+05:30,3742.9,3744,3741.35,3744,794,
2024-04-04 14:07:00+05:30,3744,3744,3738.85,3740.25,1797,
2024-04-04 14:08:00+05:30,3741.95,3741.95,3736,3738.5,1261,
2024-04-04 14:09:00+05:30,3738.5,3739.2,3734,3735.05,533,
2024-04-04 14:10:00+05:30,3735.1,3738.4,3734.05,3735.85,850,
2024-04-04 14:11:00+05:30,3736.95,3737.6,3734.35,3734.45,607,
2024-04-04 14:12:00+05:30,3735.05,3735.05,3729.4,3733.3,2125,
2024-04-04 14:13:00+05:30,3732.2,3735.95,3731,3733.7,3265,
2024-04-04 14:14:00+05:30,3733.7,3735.5,3731.4,3731.75,769,
2024-04-04 14:15:00+05:30,3731.75,3733.85,3730.7,3731.7,574,
2024-04-04 14:16:00+05:30,3733.75,3735.45,3731.05,3733.6,1434,
2024-04-04 14:17:00+05:30,3735.15,3739.5,3733.75,3737.05,1586,
2024-04-04 14:18:00+05:30,3738.95,3739.5,3736.55,3739,486,
2024-04-04 14:19:00+05:30,3739,3740,3734.4,3738.55,5405,
2024-04-04 14:20:00+05:30,3738.45,3741.85,3738.4,3738.4,1105,
2024-04-04 14:21:00+05:30,3738.45,3741.95,3735.75,3735.75,2434,
2024-04-04 14:22:00+05:30,3735.75,3738.5,3735.35,3737.8,405,
2024-04-04 14:23:00+05:30,3735.9,3738.85,3735.5,3737.4,1345,
2024-04-04 14:24:00+05:30,3737.4,3738,3735,3735,338,
2024-04-04 14:25:00+05:30,3735,3736.8,3730.9,3734,1306,
2024-04-04 14:26:00+05:30,3734.15,3735.7,3732.1,3735.4,814,
2024-04-04 14:27:00+05:30,3735.4,3738.55,3733.1,3733.4,775,
2024-04-04 14:28:00+05:30,3734.2,3737.4,3733.05,3735.35,717,
2024-04-04 14:29:00+05:30,3733.4,3737,3733.4,3734.4,732,
2024-04-04 14:30:00+05:30,3734.4,3736.05,3733,3733,790,
2024-04-04 14:31:00+05:30,3733,3734.3,3732,3732.45,365,
2024-04-04 14:32:00+05:30,3732.35,3738.55,3732.05,3738.55,467,
2024-04-04 14:33:00+05:30,3736.65,3738.75,3735,3735.2,1707,
2024-04-04 14:34:00+05:30,3735.2,3736.85,3732.05,3733.75,490,
2024-04-04 14:35:00+05:30,3733.75,3737,3732.2,3732.2,782,
2024-04-04 14:36:00+05:30,3732.2,3733.95,3731.3,3731.35,495,
2024-04-04 14:37:00+05:30,3731.35,3734.15,3727.15,3728.5,1153,
2024-04-04 14:38:00+05:30,3727.15,3730.65,3726.1,3727,855,
2024-04-04 14:39:00+05:30,3728.35,3729.75,3726.25,3727.85,572,
2024-04-04 14:40:00+05:30,3727.85,3730.35,3726.3,3728.6,292,
2024-04-04 14:41:00+05:30,3728.6,3731.5,3727.2,3730.05,394,
2024-04-04 14:42:00+05:30,3729.8,3730.7,3727.1,3728.5,580,
2024-04-04 14:43:00+05:30,3728.5,3732.6,3728.05,3730.6,462,
2024-04-04 14:44:00+05:30,3730.6,3731.2,3728.65,3729.25,190,
2024-04-04 14:45:00+05:30,3729.25,3730.95,3727.95,3728,340,
2024-04-04 14:46:00+05:30,3727.95,3729.05,3727.4,3729.05,117,
2024-04-04 14:47:00+05:30,3727.4,3732.95,3727.4,3730.2,1086,
2024-04-04 14:48:00+05:30,3730.2,3731,3729.9,3729.9,150,
2024-04-04 14:49:00+05:30,3729.75,3730.9,3726,3726.05,1072,
2024-04-04 14:50:00+05:30,3726.05,3729.75,3726,3728.05,757,
2024-04-04 14:51:00+05:30,3728.05,3729.1,3725,3725,1632,
2024-04-04 14:52:00+05:30,3725,3728.3,3725,3726.55,1115,
2024-04-04 14:53:00+05:30,3728.05,3732,3726.6,3730.45,1096,
2024-04-04 14:54:00+05:30,3729.4,3732.5,3725.3,3732.45,2232,
2024-04-04 14:55:00+05:30,3732.45,3732.45,3725.4,3728.2,652,
2024-04-04 14:56:00+05:30,3728.2,3729.2,3726.3,3727.55,1001,
2024-04-04 14:57:00+05:30,3728,3728.45,3725.5,3725.5,202,
2024-04-04 14:58:00+05:30,3725.5,3726.5,3724.5,3725.9,5933,
2024-04-04 14:59:00+05:30,3725,3733,3721.8,3731.7,28342,
2024-04-04 15:00:00+05:30,3731.95,3733,3730,3730.05,10474,
2024-04-04 15:01:00+05:30,3730.1,3732,3724.5,3730,20959,
2024-04-04 15:02:00+05:30,3730.55,3731.7,3730,3730,4003,
2024-04-04 15:03:00+05:30,3730,3731,3720.7,3720.7,2909,
2024-04-04 15:04:00+05:30,3722.15,3723.45,3720,3721.85,2498,
2024-04-04 15:05:00+05:30,3722.45,3725,3721.9,3722.55,1944,
2024-04-04 15:06:00+05:30,3723.55,3724.15,3722.1,3723.2,917,
2024-04-04 15:07:00+05:30,3723.65,3728.55,3723.15,3726.9,2293,
2024-04-04 15:08:00+05:30,3726.75,3728.95,3723.8,3727.45,1903,
2024-04-04 15:09:00+05:30,3728.9,3730.95,3726.05,3730.05,2679,
2024-04-04 15:10:00+05:30,3730.05,3732.4,3726.45,3731.9,2238,
2024-04-04 15:11:00+05:30,3731.9,3732.4,3728.5,3730,3756,
2024-04-04 15:12:00+05:30,3731.15,3731.55,3730,3730.65,884,
2024-04-04 15:13:00+05:30,3730.65,3731.95,3730,3730.8,2701,
2024-04-04 15:14:00+05:30,3730.8,3732,3730,3732,1895,
2024-04-04 15:15:00+05:30,3732.7,3734.7,3731,3734,1081,
2024-04-04 15:16:00+05:30,3734,3735,3733.35,3734.8,1127,
2024-04-04 15:17:00+05:30,3733.55,3735,3730.6,3730.95,2116,
2024-04-04 15:18:00+05:30,3731.6,3733.65,3730,3731.9,2945,
2024-04-04 15:19:00+05:30,3731.9,3736.95,3731,3736.95,1140,
2024-04-04 15:20:00+05:30,3736.95,3737,3732.6,3736.2,6278,
2024-04-04 15:21:00+05:30,3737,3740,3736.05,3739.7,3030,
2024-04-04 15:22:00+05:30,3739.7,3740,3732.85,3739.8,4185,
2024-04-04 15:23:00+05:30,3738.7,3742.7,3738.65,3740.15,5130,
2024-04-04 15:24:00+05:30,3741.55,3749,3741.55,3743.65,10146,
2024-04-04 15:25:00+05:30,3745.45,3748,3740.4,3745.85,5872,
2024-04-04 15:26:00+05:30,3745.85,3747.8,3740,3746.2,3925,
2024-04-04 15:27:00+05:30,3746.3,3746.3,3740.45,3742.25,2648,
2024-04-04 15:28:00+05:30,3742.25,3744,3740.45,3742,2160,
2024-04-04 15:29:00+05:30,3742.15,3743.65,3740,3740,1296,
2024-04-05 09:15:00+05:30,3734.25,3740,3726.7,3738.35,3056,
2024-04-05 09:16:00+05:30,3739,3751.85,3738.2,3748.45,3940,
2024-04-05 09:17:00+05:30,3750,3754.7,3749.15,3752.3,3987,
2024-04-05 09:18:00+05:30,3750,3752.55,3742.65,3744.4,5144,
2024-04-05 09:19:00+05:30,3745,3754.9,3742.65,3752.55,2566,
2024-04-05 09:20:00+05:30,3752.55,3753.6,3745.3,3745.8,1734,
2024-04-05 09:21:00+05:30,3745.8,3749.7,3745.75,3747.75,1257,
2024-04-05 09:22:00+05:30,3747.75,3748.9,3744.75,3746,2167,
2024-04-05 09:23:00+05:30,3746,3747.25,3740.7,3744.15,3546,
2024-04-05 09:24:00+05:30,3744.15,3749.25,3742.9,3747.6,304,
2024-04-05 09:25:00+05:30,3747.6,3748.9,3740.55,3743.95,942,
2024-04-05 09:26:00+05:30,3743.95,3743.95,3740,3741.85,454,
2024-04-05 09:27:00+05:30,3740.05,3740.7,3735.25,3738.7,1062,
2024-04-05 09:28:00+05:30,3738.7,3742,3738.15,3741.75,733,
2024-04-05 09:29:00+05:30,3741.75,3745,3738.1,3743.15,1048,
2024-04-05 09:30:00+05:30,3745,3749,3743.15,3747.5,1328,
2024-04-05 09:31:00+05:30,3748.6,3754,3747.6,3753,1504,
2024-04-05 09:32:00+05:30,3753,3759.7,3752.4,3756,3340,
2024-04-05 09:33:00+05:30,3756,3757.95,3752.3,3752.3,2070,
2024-04-05 09:34:00+05:30,3752.3,3758.4,3752.3,3758,2270,
2024-04-05 09:35:00+05:30,3758,3759.5,3755.15,3757.3,1494,
2024-04-05 09:36:00+05:30,3759,3759.65,3755.7,3756.5,1570,
2024-04-05 09:37:00+05:30,3756.5,3757,3751,3751.6,2776,
2024-04-05 09:38:00+05:30,3751.6,3754.1,3749.4,3750.85,1633,
2024-04-05 09:39:00+05:30,3750.85,3750.85,3744.85,3749.2,2689,
2024-04-05 09:40:00+05:30,3749.2,3750,3748.15,3749.2,394,
2024-04-05 09:41:00+05:30,3749.2,3751.45,3749.2,3749.3,423,
2024-04-05 09:42:00+05:30,3749.3,3750,3748.7,3748.75,479,
2024-04-05 09:43:00+05:30,3748.75,3750,3748.7,3749,106,
2024-04-05 09:44:00+05:30,3749,3749,3747.2,3748.7,282,
2024-04-05 09:45:00+05:30,3748.7,3752,3748.7,3751.45,429,
2024-04-05 09:46:00+05:30,3751.45,3754.4,3751.45,3754.1,171,
2024-04-05 09:47:00+05:30,3754.1,3755,3752.7,3752.7,309,
2024-04-05 09:48:00+05:30,3752.7,3753.6,3751.8,3752,265,
2024-04-05 09:49:00+05:30,3751.95,3757,3751.4,3757,2069,
2024-04-05 09:50:00+05:30,3757,3758.75,3755.05,3758.3,2071,
2024-04-05 09:51:00+05:30,3758.3,3759,3757.3,3757.3,305,
2024-04-05 09:52:00+05:30,3757.3,3759,3755.15,3757.05,2155,
2024-04-05 09:53:00+05:30,3757.05,3757.75,3756,3757.15,323,
2024-04-05 09:54:00+05:30,3758,3758.95,3756.65,3758.75,187,
2024-04-05 09:55:00+05:30,3758.8,3758.95,3755,3755.9,675,
2024-04-05 09:56:00+05:30,3755.9,3755.9,3753.05,3753.1,706,
2024-04-05 09:57:00+05:30,3753.1,3754.9,3752.55,3752.95,281,
2024-04-05 09:58:00+05:30,3752.95,3759.7,3752.95,3759.7,1356,
2024-04-05 09:59:00+05:30,3759.7,3762.9,3757.85,3762,2376,
2024-04-05 10:00:00+05:30,3762,3763.2,3760,3762,2807,
2024-04-05 10:01:00+05:30,3762,3771.75,3760,3771,7440,
2024-04-05 10:02:00+05:30,3771,3771.35,3765.85,3765.85,4231,
2024-04-05 10:03:00+05:30,3767.15,3771,3764.55,3769.9,5631,
2024-04-05 10:04:00+05:30,3769.9,3772.6,3755.5,3762.9,16346,
2024-04-05 10:05:00+05:30,3761.05,3764.85,3752.8,3763.55,10470,
2024-04-05 10:06:00+05:30,3763.55,3767.4,3758.7,3763.65,16362,
2024-04-05 10:07:00+05:30,3764.25,3769.5,3761.55,3766.4,11235,
2024-04-05 10:08:00+05:30,3766.4,3767.85,3765.3,3765.6,2230,
2024-04-05 10:09:00+05:30,3765.6,3772.35,3760.7,3771.1,11370,
2024-04-05 10:10:00+05:30,3772,3776.35,3770.35,3772.25,12393,
2024-04-05 10:11:00+05:30,3772.25,3772.65,3770,3770.05,4585,
2024-04-05 10:12:00+05:30,3770.05,3772.05,3765.9,3770,11830,
2024-04-05 10:13:00+05:30,3770,3770.55,3768.05,3768.75,649,
2024-04-05 10:14:00+05:30,3768.05,3771,3767.95,3769.85,1804,
2024-04-05 10:15:00+05:30,3769.85,3773.7,3767,3773,14687,
2024-04-05 10:16:00+05:30,3773,3773.7,3772,3772,6509,
2024-04-05 10:17:00+05:30,3772.15,3774,3772,3773.75,3601,
2024-04-05 10:18:00+05:30,3773.75,3774.5,3772,3772.55,879,
2024-04-05 10:19:00+05:30,3772.55,3774.85,3772.2,3773,855,
2024-04-05 10:20:00+05:30,3773,3773.7,3772.2,3773,467,
2024-04-05 10:21:00+05:30,3773,3773,3772,3772.55,6949,
2024-04-05 10:22:00+05:30,3772.55,3773.05,3771.9,3771.95,1183,
2024-04-05 10:23:00+05:30,3773.05,3775,3772,3774.3,3296,
2024-04-05 10:24:00+05:30,3774.3,3774.85,3771.85,3772.55,807,
2024-04-05 10:25:00+05:30,3772.55,3774,3770.8,3772,2058,
2024-04-05 10:26:00+05:30,3772,3773.55,3770.8,3772.75,1420,
2024-04-05 10:27:00+05:30,3771.95,3772.3,3768.5,3770.65,1959,
2024-04-05 10:28:00+05:30,3770.65,3770.65,3761.85,3764.2,6649,
2024-04-05 10:29:00+05:30,3764.2,3769.15,3760.05,3769.15,11963,
2024-04-05 10:30:00+05:30,3769.15,3772.35,3765.05,3770.2,4833,
2024-04-05 10:31:00+05:30,3770.2,3775,3770.05,3773.45,3612,
2024-04-05 10:32:00+05:30,3776,3778.95,3775.05,3775.55,4425,
2024-04-05 10:33:00+05:30,3777,3777,3775.55,3776.8,611,
2024-04-05 10:34:00+05:30,3776.8,3776.8,3775,3776,1098,
2024-04-05 10:35:00+05:30,3776,3778.35,3775,3777.5,2449,
2024-04-05 10:36:00+05:30,3777.5,3779.9,3776.95,3777.5,2807,
2024-04-05 10:37:00+05:30,3777.5,3779.8,3776.1,3777.15,2464,
2024-04-05 10:38:00+05:30,3777.15,3780,3777.15,3778.9,3239,
2024-04-05 10:39:00+05:30,3777.8,3777.8,3777,3777.5,608,
2024-04-05 10:40:00+05:30,3777.5,3778.5,3777,3778.2,1090,
2024-04-05 10:41:00+05:30,3778.3,3784,3778,3782.3,3448,
2024-04-05 10:42:00+05:30,3782.8,3782.8,3777,3778.25,2431,
2024-04-05 10:43:00+05:30,3778.25,3780.7,3777.3,3780,1109,
2024-04-05 10:44:00+05:30,3780,3780.5,3775,3775,2818,
2024-04-05 10:45:00+05:30,3775,3776.8,3775,3775,3874,
2024-04-05 10:46:00+05:30,3775,3775.05,3768.65,3770.45,6926,
2024-04-05 10:47:00+05:30,3770.45,3772.8,3769.1,3771.25,3174,
2024-04-05 10:48:00+05:30,3771.25,3772,3769.8,3769.8,308,
2024-04-05 10:49:00+05:30,3769.8,3770.6,3769,3769,532,
2024-04-05 10:50:00+05:30,3769,3770.55,3768.75,3768.85,493,
2024-04-05 10:51:00+05:30,3768.85,3771.05,3768.85,3770,644,
2024-04-05 10:52:00+05:30,3770,3772.5,3770,3772.05,298,
2024-04-05 10:53:00+05:30,3772.05,3774.75,3772.05,3773.8,838,
2024-04-05 10:54:00+05:30,3773.8,3773.8,3772.8,3773.7,558,
2024-04-05 10:55:00+05:30,3773.7,3774,3771,3771,912,
2024-04-05 10:56:00+05:30,3771,3773.5,3770.5,3771.85,1096,
2024-04-05 10:57:00+05:30,3772.05,3772.2,3770.3,3770.3,601,
2024-04-05 10:58:00+05:30,3770.3,3771.9,3765.95,3767.25,4028,
2024-04-05 10:59:00+05:30,3767.25,3768.9,3765.3,3765.55,1351,
2024-04-05 11:00:00+05:30,3765.55,3767,3765.55,3766.55,970,
2024-04-05 11:01:00+05:30,3766.55,3767.1,3766.55,3767,280,
2024-04-05 11:02:00+05:30,3767,3767.1,3762.9,3763.25,1908,
2024-04-05 11:03:00+05:30,3763.25,3765.2,3763.25,3764.75,541,
2024-04-05 11:04:00+05:30,3764.75,3764.85,3758,3761.3,4416,
2024-04-05 11:05:00+05:30,3761.3,3762.95,3761.2,3762.6,561,
2024-04-05 11:06:00+05:30,3762.6,3765,3762,3764,847,
2024-04-05 11:07:00+05:30,3764,3767,3763.15,3766.85,4625,
2024-04-05 11:08:00+05:30,3766.85,3769.85,3766.85,3768.95,446,
2024-04-05 11:09:00+05:30,3768.95,3769.05,3766.8,3768.5,272,
2024-04-05 11:10:00+05:30,3768.5,3768.55,3767.2,3768,221,
2024-04-05 11:11:00+05:30,3768,3768.8,3768,3768.7,368,
2024-04-05 11:12:00+05:30,3768.7,3769.85,3767.25,3769.25,410,
2024-04-05 11:13:00+05:30,3769.25,3772,3769.25,3771,972,
2024-04-05 11:14:00+05:30,3771,3772,3770.2,3770.2,786,
2024-04-05 11:15:00+05:30,3770.2,3773.3,3770.2,3773.25,831,
2024-04-05 11:16:00+05:30,3773.25,3773.25,3771.95,3772.85,364,
2024-04-05 11:17:00+05:30,3772.85,3773.7,3771.1,3773.7,568,
2024-04-05 11:18:00+05:30,3773.7,3775,3773.7,3773.7,1372,
2024-04-05 11:19:00+05:30,3773.7,3775,3773.7,3773.7,400,
2024-04-05 11:20:00+05:30,3773.7,3777.95,3773.7,3777.35,1320,
2024-04-05 11:21:00+05:30,3777.35,3777.35,3774,3774.5,447,
2024-04-05 11:22:00+05:30,3774.5,3775.95,3774,3775,271,
2024-04-05 11:23:00+05:30,3775,3775,3769.05,3769.05,1833,
2024-04-05 11:24:00+05:30,3769.05,3770.65,3769,3770.65,396,
2024-04-05 11:25:00+05:30,3770.65,3772,3769,3769.6,1087,
2024-04-05 11:26:00+05:30,3769.6,3771.75,3769.55,3771.75,150,
2024-04-05 11:27:00+05:30,3771.6,3772,3769.05,3769.15,322,
2024-04-05 11:28:00+05:30,3769.15,3771.2,3769.15,3771,265,
2024-04-05 11:29:00+05:30,3771,3771.35,3770.75,3771.3,199,
2024-04-05 11:30:00+05:30,3771.3,3771.55,3769.5,3769.5,464,
2024-04-05 11:31:00+05:30,3769.5,3769.95,3768,3769.85,965,
2024-04-05 11:32:00+05:30,3768.25,3770.9,3768.2,3770.6,353,
2024-04-05 11:33:00+05:30,3770.6,3771.05,3765,3766.2,1632,
2024-04-05 11:34:00+05:30,3766.2,3766.45,3764.25,3766.05,780,
2024-04-05 11:35:00+05:30,3766.05,3770.3,3766.05,3768.05,425,
2024-04-05 11:36:00+05:30,3768.05,3770.85,3768.05,3769.5,334,
2024-04-05 11:37:00+05:30,3769.5,3774.2,3769.05,3772.25,661,
2024-04-05 11:38:00+05:30,3772.25,3773.7,3771,3771.15,444,
2024-04-05 11:39:00+05:30,3771.15,3773.1,3769.5,3771.55,679,
2024-04-05 11:40:00+05:30,3771.55,3773,3771.55,3772.15,273,
2024-04-05 11:41:00+05:30,3772.15,3773,3771,3771.4,461,
2024-04-05 11:42:00+05:30,3771.4,3773,3771.2,3772.45,338,
2024-04-05 11:43:00+05:30,3772.45,3772.5,3771,3772.4,256,
2024-04-05 11:44:00+05:30,3771.1,3772.4,3767.3,3768.85,2171,
2024-04-05 11:45:00+05:30,3768.85,3768.85,3760.2,3765,6915,
2024-04-05 11:46:00+05:30,3765,3765,3763.05,3764.3,434,
2024-04-05 11:47:00+05:30,3764.3,3765,3761,3764.4,818,
2024-04-05 11:48:00+05:30,3764.4,3764.85,3761.65,3764.85,408,
2024-04-05 11:49:00+05:30,3764.85,3765,3761,3762.85,683,
2024-04-05 11:50:00+05:30,3762.85,3762.85,3754.25,3757.95,4294,
2024-04-05 11:51:00+05:30,3755.85,3759.6,3755,3756.35,1602,
2024-04-05 11:52:00+05:30,3756.35,3758,3748.1,3755,14790,
2024-04-05 11:53:00+05:30,3755,3758,3755,3758,2625,
2024-04-05 11:54:00+05:30,3758,3761.95,3757,3761.95,2614,
2024-04-05 11:55:00+05:30,3761.95,3762.35,3759.75,3761.1,1644,
2024-04-05 11:56:00+05:30,3761.1,3763.95,3760.2,3762.3,841,
2024-04-05 11:57:00+05:30,3762.3,3763.8,3758.25,3761.65,2172,
2024-04-05 11:58:00+05:30,3762,3763.85,3761.65,3763.85,318,
2024-04-05 11:59:00+05:30,3763.85,3764.35,3761.7,3762.45,446,
2024-04-05 12:00:00+05:30,3762.45,3763.85,3761.65,3763,385,
2024-04-05 12:01:00+05:30,3763,3763,3759.05,3759.05,1040,
2024-04-05 12:02:00+05:30,3759.05,3760.7,3757.5,3759.5,1129,
2024-04-05 12:03:00+05:30,3759.5,3761.4,3757.45,3758.2,1652,
2024-04-05 12:04:00+05:30,3758.2,3761.6,3758.2,3760.95,195,
2024-04-05 12:05:00+05:30,3760.95,3762,3759.1,3760.95,437,
2024-04-05 12:06:00+05:30,3760.95,3761,3758.45,3760.85,545,
2024-04-05 12:07:00+05:30,3760.85,3761.8,3760,3761.65,324,
2024-04-05 12:08:00+05:30,3761.65,3761.65,3758.3,3760.45,287,
2024-04-05 12:09:00+05:30,3760.45,3761,3759.25,3761,269,
2024-04-05 12:10:00+05:30,3761,3761,3757.8,3760,882,
2024-04-05 12:11:00+05:30,3760,3765,3760,3764.9,3336,
2024-04-05 12:12:00+05:30,3764.9,3764.9,3763.1,3764.85,358,
2024-04-05 12:13:00+05:30,3764.85,3765,3763.45,3764.55,463,
2024-04-05 12:14:00+05:30,3764.55,3764.9,3763.9,3764.6,1609,
2024-04-05 12:15:00+05:30,3764.6,3766.2,3764.6,3766.2,2819,
2024-04-05 12:16:00+05:30,3766.2,3766.55,3766.2,3766.3,52,
2024-04-05 12:17:00+05:30,3766.15,3768.15,3766.15,3768.15,234,
2024-04-05 12:18:00+05:30,3768.15,3770,3767,3767.15,1896,
2024-04-05 12:19:00+05:30,3767.15,3770,3767.15,3768.05,1638,
2024-04-05 12:20:00+05:30,3768.05,3770,3767.15,3769.15,250,
2024-04-05 12:21:00+05:30,3769.15,3769.15,3766.25,3767,263,
2024-04-05 12:22:00+05:30,3768.25,3768.5,3766.1,3766.1,210,
2024-04-05 12:23:00+05:30,3766.1,3767.1,3766.1,3766.1,22,
2024-04-05 12:24:00+05:30,3766.1,3767.1,3763.4,3764,1850,
2024-04-05 12:25:00+05:30,3764,3764.45,3764,3764,256,
2024-04-05 12:26:00+05:30,3764.45,3765,3763.25,3764.9,522,
2024-04-05 12:27:00+05:30,3764.9,3765.15,3764.2,3764.2,192,
2024-04-05 12:28:00+05:30,3764.2,3769.55,3764.2,3767.9,2196,
2024-04-05 12:29:00+05:30,3767.9,3767.95,3764,3764,1657,
2024-04-05 12:30:00+05:30,3764,3766.35,3764,3765.5,126,
2024-04-05 12:31:00+05:30,3765.5,3765.5,3764.1,3764.95,41,
2024-04-05 12:32:00+05:30,3764.95,3764.95,3762.85,3763.85,274,
2024-04-05 12:33:00+05:30,3763.85,3764.6,3762.5,3762.5,780,
2024-04-05 12:34:00+05:30,3762.5,3763.55,3762,3762,153,
2024-04-05 12:35:00+05:30,3762,3763.9,3762,3763.9,19,
2024-04-05 12:36:00+05:30,3763.9,3763.9,3760.6,3762,251,
2024-04-05 12:37:00+05:30,3762,3762,3755,3757.95,1032,
2024-04-05 12:38:00+05:30,3757.95,3758.9,3756.3,3757.35,76,
2024-04-05 12:39:00+05:30,3757.25,3757.35,3755.1,3756.9,474,
2024-04-05 12:40:00+05:30,3756.9,3758.35,3755.85,3757.7,135,
2024-04-05 12:41:00+05:30,3757.7,3757.7,3755,3756.55,482,
2024-04-05 12:42:00+05:30,3756.55,3756.55,3752,3753.45,573,
2024-04-05 12:43:00+05:30,3753.45,3756.05,3752.65,3753.8,350,
2024-04-05 12:44:00+05:30,3753.8,3753.8,3750,3751,1453,
2024-04-05 12:45:00+05:30,3751,3752.15,3742.6,3745.8,4192,
2024-04-05 12:46:00+05:30,3745.95,3746.7,3742.4,3746.5,1173,
2024-04-05 12:47:00+05:30,3746.5,3751.95,3746.5,3749.65,954,
2024-04-05 12:48:00+05:30,3749.65,3755.9,3749.65,3755.9,674,
2024-04-05 12:49:00+05:30,3755.9,3755.9,3753.3,3753.3,367,
2024-04-05 12:50:00+05:30,3753.3,3755.1,3752.5,3755,720,
2024-04-05 12:51:00+05:30,3755,3758.95,3755,3758.95,2178,
2024-04-05 12:52:00+05:30,3758.95,3758.95,3757,3758,449,
2024-04-05 12:53:00+05:30,3758,3760,3758,3760,1141,
2024-04-05 12:54:00+05:30,3760,3761.2,3760,3761,213,
2024-04-05 12:55:00+05:30,3761,3761,3757.5,3758.6,1245,
2024-04-05 12:56:00+05:30,3758.6,3759.1,3758,3759.1,630,
2024-04-05 12:57:00+05:30,3759.1,3759.1,3757.5,3758,1874,
2024-04-05 12:58:00+05:30,3758.2,3758.2,3758,3758.05,147,
2024-04-05 12:59:00+05:30,3758.05,3758.2,3758,3758.05,80,
2024-04-05 13:00:00+05:30,3758.05,3758.2,3750.8,3751,1571,
2024-04-05 13:01:00+05:30,3750.35,3751,3748.3,3750,607,
2024-04-05 13:02:00+05:30,3750,3750.05,3747.15,3749.45,895,
2024-04-05 13:03:00+05:30,3749.45,3750,3747.2,3748.1,165,
2024-04-05 13:04:00+05:30,3748.1,3749,3748,3749,51,
2024-04-05 13:05:00+05:30,3748.1,3750.5,3747.55,3750.25,260,
2024-04-05 13:06:00+05:30,3750.25,3752.65,3750.05,3751.5,215,
2024-04-05 13:07:00+05:30,3751.5,3752.75,3750.1,3752.55,266,
2024-04-05 13:08:00+05:30,3752.55,3753.1,3751.1,3751.1,88,
2024-04-05 13:09:00+05:30,3751.1,3752.55,3750.05,3751.55,1590,
2024-04-05 13:10:00+05:30,3751.55,3754.05,3751.55,3754.05,434,
2024-04-05 13:11:00+05:30,3754.05,3754.55,3754,3754.55,59,
2024-04-05 13:12:00+05:30,3754.55,3754.55,3750.85,3751.65,161,
2024-04-05 13:13:00+05:30,3751.65,3752.05,3751.2,3751.2,76,
2024-04-05 13:14:00+05:30,3751.2,3752.15,3750.2,3750.7,253,
2024-04-05 13:15:00+05:30,3750.7,3752.75,3750.7,3752.75,93,
2024-04-05 13:16:00+05:30,3750.5,3752.7,3750,3750,320,
2024-04-05 13:17:00+05:30,3751,3751.05,3750,3751.05,134,
2024-04-05 13:18:00+05:30,3751.15,3752,3750.45,3751.95,305,
2024-04-05 13:19:00+05:30,3751.95,3753.2,3751.95,3752.4,118,
2024-04-05 13:20:00+05:30,3752.4,3753.45,3750.5,3750.5,918,
2024-04-05 13:21:00+05:30,3750.5,3752.85,3750,3750.3,1337,
2024-04-05 13:22:00+05:30,3750.3,3752.35,3750.3,3752.25,297,
2024-04-05 13:23:00+05:30,3752.25,3753.15,3752.25,3752.95,87,
2024-04-05 13:24:00+05:30,3752.95,3753.45,3751.7,3752,199,
2024-04-05 13:25:00+05:30,3752,3753.45,3752,3753.4,92,
2024-04-05 13:26:00+05:30,3753.4,3753.45,3752.05,3752.95,56,
2024-04-05 13:27:00+05:30,3752.95,3753,3751.7,3752.15,96,
2024-04-05 13:28:00+05:30,3752.15,3753.45,3751.5,3752.2,187,
2024-04-05 13:29:00+05:30,3752.2,3752.3,3751.2,3751.2,105,
2024-04-05 13:30:00+05:30,3751.2,3752.3,3750.75,3752.3,83,
2024-04-05 13:31:00+05:30,3752.3,3752.3,3751.3,3752.1,379,
2024-04-05 13:32:00+05:30,3750.75,3752.3,3750.2,3750.4,128,
2024-04-05 13:33:00+05:30,3750.4,3752,3750.3,3750.7,391,
2024-04-05 13:34:00+05:30,3750.7,3752,3750.4,3751.95,44,
2024-04-05 13:35:00+05:30,3751.95,3751.95,3750.2,3750.2,139,
2024-04-05 13:36:00+05:30,3750.2,3751.95,3750,3751.95,3201,
2024-04-05 13:37:00+05:30,3751.95,3751.95,3750.4,3751.6,47,
2024-04-05 13:38:00+05:30,3751.6,3751.6,3750.5,3751.6,86,
2024-04-05 13:39:00+05:30,3751.6,3751.6,3750.45,3750.45,79,
2024-04-05 13:40:00+05:30,3750.45,3751.05,3750,3751.05,3852,
2024-04-05 13:41:00+05:30,3751.05,3751.05,3750,3751.05,63,
2024-04-05 13:42:00+05:30,3751.05,3751.1,3750,3750.4,1645,
2024-04-05 13:43:00+05:30,3750.4,3750.8,3750.05,3750.1,60,
2024-04-05 13:44:00+05:30,3750.55,3751.1,3750.1,3750.1,234,
2024-04-05 13:45:00+05:30,3751.95,3752.05,3750.15,3751.8,108,
2024-04-05 13:46:00+05:30,3751.8,3752.05,3750.15,3751.75,79,
2024-04-05 13:47:00+05:30,3751.75,3751.8,3750.4,3751.8,46,
2024-04-05 13:48:00+05:30,3751.8,3751.8,3750.15,3751.5,183,
2024-04-05 13:49:00+05:30,3751.5,3751.5,3750,3750,269,
2024-04-05 13:50:00+05:30,3750,3750.45,3750,3750.05,91,
2024-04-05 13:51:00+05:30,3750.05,3751.8,3750,3750.7,118,
2024-04-05 13:52:00+05:30,3750.7,3753,3750.1,3751.75,597,
2024-04-05 13:53:00+05:30,3753,3755.75,3752.95,3755.75,143,
2024-04-05 13:54:00+05:30,3755,3756,3753.1,3755.05,138,
2024-04-05 13:55:00+05:30,3755.05,3755.05,3753.05,3753.95,93,
2024-04-05 13:56:00+05:30,3753.95,3753.95,3752,3753,70,
2024-04-05 13:57:00+05:30,3753,3753.1,3751.2,3752.8,114,
2024-04-05 13:58:00+05:30,3752.8,3752.8,3750.7,3750.7,62,
2024-04-05 13:59:00+05:30,3750.7,3751.9,3750.5,3750.65,82,
2024-04-05 14:00:00+05:30,3751.9,3753.95,3750.1,3752.15,351,
2024-04-05 14:01:00+05:30,3753.35,3754.95,3752.15,3753.85,834,
2024-04-05 14:02:00+05:30,3753.85,3753.85,3752.3,3753.3,236,
2024-04-05 14:03:00+05:30,3753.3,3755,3751.8,3753.7,265,
2024-04-05 14:04:00+05:30,3753.7,3755,3752.8,3754.95,103,
2024-04-05 14:05:00+05:30,3754.95,3758.35,3754.9,3756.25,260,
2024-04-05 14:06:00+05:30,3756.25,3758.7,3756.25,3757.45,101,
2024-04-05 14:07:00+05:30,3757.45,3762.5,3757.45,3762.5,1018,
2024-04-05 14:08:00+05:30,3762.5,3763,3758.1,3758.2,2607,
2024-04-05 14:09:00+05:30,3758.2,3760.1,3758.1,3758.25,527,
2024-04-05 14:10:00+05:30,3758.25,3759.65,3756.5,3757.65,322,
2024-04-05 14:11:00+05:30,3757.65,3757.65,3751.45,3751.45,375,
2024-04-05 14:12:00+05:30,3751.45,3753.55,3750,3750,897,
2024-04-05 14:13:00+05:30,3751.6,3752.2,3749,3750.2,1039,
2024-04-05 14:14:00+05:30,3750.2,3750.2,3746.3,3748.25,1065,
2024-04-05 14:15:00+05:30,3746.9,3748.1,3742.05,3743.15,1342,
2024-04-05 14:16:00+05:30,3741.6,3744.45,3740.7,3743.1,347,
2024-04-05 14:17:00+05:30,3743.1,3745.55,3742.1,3742.15,1075,
2024-04-05 14:18:00+05:30,3742.15,3744.3,3742.15,3744.3,187,
2024-04-05 14:19:00+05:30,3744.3,3744.9,3741.05,3744.45,809,
2024-04-05 14:20:00+05:30,3742.8,3744.8,3740.4,3741.5,312,
2024-04-05 14:21:00+05:30,3741.5,3742.7,3740.4,3740.65,259,
2024-04-05 14:22:00+05:30,3740.65,3741,3738.1,3739.75,987,
2024-04-05 14:23:00+05:30,3739.75,3742.5,3739.65,3740.45,370,
2024-04-05 14:24:00+05:30,3740.45,3740.9,3739,3740,306,
2024-04-05 14:25:00+05:30,3740,3740,3728.15,3728.9,5706,
2024-04-05 14:26:00+05:30,3728.9,3738.85,3727.8,3738.8,2715,
2024-04-05 14:27:00+05:30,3738.8,3742.7,3737.45,3742.7,1706,
2024-04-05 14:28:00+05:30,3742.7,3746.7,3742.7,3746.7,247,
2024-04-05 14:29:00+05:30,3745,3745,3741.85,3743,522,
2024-04-05 14:30:00+05:30,3743,3745.6,3741.9,3744.85,359,
2024-04-05 14:31:00+05:30,3744.85,3748.45,3744.85,3748.45,102,
2024-04-05 14:32:00+05:30,3748.45,3750,3748.05,3749.95,314,
2024-04-05 14:33:00+05:30,3749.95,3750,3743.1,3744.95,338,
2024-04-05 14:34:00+05:30,3744.95,3744.95,3743.2,3744.7,73,
2024-04-05 14:35:00+05:30,3744.7,3746.3,3743.1,3744.2,269,
2024-04-05 14:36:00+05:30,3744.2,3744.95,3742.9,3743.85,1101,
2024-04-05 14:37:00+05:30,3743.85,3745.95,3743.85,3745.35,259,
2024-04-05 14:38:00+05:30,3745.35,3746.5,3743.85,3745.55,148,
2024-04-05 14:39:00+05:30,3745.55,3746.5,3745.55,3746,15,
2024-04-05 14:40:00+05:30,3746,3746,3743.85,3745.5,161,
2024-04-05 14:41:00+05:30,3745.5,3745.5,3743.8,3745.05,117,
2024-04-05 14:42:00+05:30,3745.4,3745.4,3743.15,3744.65,165,
2024-04-05 14:43:00+05:30,3744.65,3746,3743.3,3745.25,646,
2024-04-05 14:44:00+05:30,3745.25,3745.25,3744.65,3745.25,791,
2024-04-05 14:45:00+05:30,3745.25,3745.25,3744.2,3744.65,162,
2024-04-05 14:46:00+05:30,3744.65,3744.75,3742.1,3744.3,746,
2024-04-05 14:47:00+05:30,3744.3,3745,3743.4,3745,150,
2024-04-05 14:48:00+05:30,3745,3748.3,3745,3747.75,766,
2024-04-05 14:49:00+05:30,3747.75,3751.35,3746.4,3751.35,652,
2024-04-05 14:50:00+05:30,3751.05,3751.05,3749.25,3749.25,612,
2024-04-05 14:51:00+05:30,3749.25,3750.4,3746.7,3746.85,210,
2024-04-05 14:52:00+05:30,3746.1,3747.9,3746.1,3747.75,279,
2024-04-05 14:53:00+05:30,3747.75,3747.75,3745.05,3745.05,197,
2024-04-05 14:54:00+05:30,3745.05,3746,3744.4,3746,819,
2024-04-05 14:55:00+05:30,3746,3746.8,3744.15,3746.8,728,
2024-04-05 14:56:00+05:30,3746.8,3747.95,3746.75,3746.8,197,
2024-04-05 14:57:00+05:30,3746.8,3747.7,3745.45,3747.5,230,
2024-04-05 14:58:00+05:30,3746.45,3748.95,3746,3747.8,815,
2024-04-05 14:59:00+05:30,3747.8,3748.2,3747.15,3747.25,251,
2024-04-05 15:00:00+05:30,3747.75,3749.15,3746.6,3747.25,708,
2024-04-05 15:01:00+05:30,3746.6,3747.25,3744.6,3747.05,1034,
2024-04-05 15:02:00+05:30,3747.05,3747.05,3745.5,3746.3,486,
2024-04-05 15:03:00+05:30,3746.3,3746.3,3744.55,3745.1,509,
2024-04-05 15:04:00+05:30,3745.1,3747.9,3745,3747.9,913,
2024-04-05 15:05:00+05:30,3747.75,3750,3747.7,3749.2,990,
2024-04-05 15:06:00+05:30,3749.2,3749.5,3747.7,3748.55,875,
2024-04-05 15:07:00+05:30,3748.65,3750,3746.8,3747.35,1297,
2024-04-05 15:08:00+05:30,3746.85,3748.35,3746.85,3748.15,420,
2024-04-05 15:09:00+05:30,3748.15,3748.4,3744,3746.15,3071,
2024-04-05 15:10:00+05:30,3746.15,3749.7,3746.15,3747.85,766,
2024-04-05 15:11:00+05:30,3747.85,3748.5,3742.7,3746.15,4439,
2024-04-05 15:12:00+05:30,3746.15,3747.8,3745.35,3746.3,869,
2024-04-05 15:13:00+05:30,3746.25,3746.35,3746.05,3746.15,522,
2024-04-05 15:14:00+05:30,3746.15,3748.2,3746.1,3748.2,696,
2024-04-05 15:15:00+05:30,3747.8,3748.9,3747.3,3748.2,899,
2024-04-05 15:16:00+05:30,3748.2,3748.9,3747.55,3748.1,832,
2024-04-05 15:17:00+05:30,3748.1,3748.55,3745.5,3746,1757,
2024-04-05 15:18:00+05:30,3746.3,3746.95,3745,3746.85,3566,
2024-04-05 15:19:00+05:30,3746.35,3751.5,3745.8,3747.05,4876,
2024-04-05 15:20:00+05:30,3747.05,3751.15,3747.05,3749,2881,
2024-04-05 15:21:00+05:30,3749,3750.6,3748,3749.1,2049,
2024-04-05 15:22:00+05:30,3748.85,3750.2,3748.5,3750.2,1892,
2024-04-05 15:23:00+05:30,3750.2,3751.5,3749.65,3750.15,1602,
2024-04-05 15:24:00+05:30,3750,3751.15,3749.3,3750.1,2174,
2024-04-05 15:25:00+05:30,3750.1,3753,3750.1,3750.65,2914,
2024-04-05 15:26:00+05:30,3750.25,3751,3746.4,3751,2452,
2024-04-05 15:27:00+05:30,3751,3751,3747.7,3749.5,1871,
2024-04-05 15:28:00+05:30,3747.95,3750,3746.85,3747.1,976,
2024-04-05 15:29:00+05:30,3747,3748.95,3745.25,3746,641,
2024-04-08 09:15:00+05:30,3750,3751.75,3731.35,3731.35,2363,
2024-04-08 09:16:00+05:30,3733.05,3733.05,3722.6,3722.6,1047,
2024-04-08 09:17:00+05:30,3725.55,3727.05,3720.55,3726.8,738,
2024-04-08 09:18:00+05:30,3726.8,3728.7,3724.95,3727,308,
2024-04-08 09:19:00+05:30,3729,3735.15,3726.05,3727.75,1286,
2024-04-08 09:20:00+05:30,3727,3728,3721.1,3724,2271,
2024-04-08 09:21:00+05:30,3724,3727.1,3723.65,3726.3,265,
2024-04-08 09:22:00+05:30,3726.3,3738.85,3726.05,3735.85,2536,
2024-04-08 09:23:00+05:30,3735.85,3747.7,3735,3747.45,1453,
2024-04-08 09:24:00+05:30,3747.45,3747.55,3744.5,3744.6,348,
2024-04-08 09:25:00+05:30,3744.6,3746.75,3743.05,3743.3,908,
2024-04-08 09:26:00+05:30,3743.3,3746.75,3734.6,3734.6,2044,
2024-04-08 09:27:00+05:30,3734.45,3742,3734.05,3739,1186,
2024-04-08 09:28:00+05:30,3739,3741,3737.85,3737.85,868,
2024-04-08 09:29:00+05:30,3737.55,3740,3735.1,3740,379,
2024-04-08 09:30:00+05:30,3740,3743.35,3738.9,3741.1,755,
2024-04-08 09:31:00+05:30,3741.1,3743,3740.9,3743,238,
2024-04-08 09:32:00+05:30,3743,3743,3739,3739,264,
2024-04-08 09:33:00+05:30,3740,3741.8,3734.35,3734.35,467,
2024-04-08 09:34:00+05:30,3736.95,3737.45,3735.15,3735.65,1057,
2024-04-08 09:35:00+05:30,3735.65,3739.65,3735.65,3736.95,297,
2024-04-08 09:36:00+05:30,3736.95,3737.75,3735,3735.4,752,
2024-04-08 09:37:00+05:30,3735.4,3736.6,3731.65,3731.7,469,
2024-04-08 09:38:00+05:30,3731.7,3740,3731.7,3739.95,1519,
2024-04-08 09:39:00+05:30,3737.6,3739.95,3737,3738,118,
2024-04-08 09:40:00+05:30,3738,3738,3736.5,3737.15,66,
2024-04-08 09:41:00+05:30,3737.15,3737.15,3734.15,3736.2,312,
2024-04-08 09:42:00+05:30,3736.2,3737,3732,3733.05,828,
2024-04-08 09:43:00+05:30,3733.05,3735.5,3732.3,3735.5,277,
2024-04-08 09:44:00+05:30,3735.5,3735.85,3732.1,3733.2,159,
2024-04-08 09:45:00+05:30,3733.2,3735.5,3733.2,3733.75,415,
2024-04-08 09:46:00+05:30,3733.75,3734.7,3729.05,3731,862,
2024-04-08 09:47:00+05:30,3731,3737.15,3730.05,3737.15,1032,
2024-04-08 09:48:00+05:30,3737.8,3744.3,3736.2,3742,2716,
2024-04-08 09:49:00+05:30,3743.9,3747,3742.7,3745,1004,
2024-04-08 09:50:00+05:30,3747,3749,3747,3747.3,2766,
2024-04-08 09:51:00+05:30,3747.3,3754.2,3747.3,3754.2,2436,
2024-04-08 09:52:00+05:30,3752.85,3755.2,3752.85,3752.85,810,
2024-04-08 09:53:00+05:30,3753.2,3753.9,3752.2,3753.9,139,
2024-04-08 09:54:00+05:30,3753.9,3755.6,3751.1,3753.7,656,
2024-04-08 09:55:00+05:30,3753.7,3754.95,3751.35,3752.05,481,
2024-04-08 09:56:00+05:30,3752.05,3753,3751.55,3753,260,
2024-04-08 09:57:00+05:30,3753,3753.5,3752,3752.2,358,
2024-04-08 09:58:00+05:30,3752.2,3754.4,3752.05,3752.8,185,
2024-04-08 09:59:00+05:30,3752.15,3753.7,3751.65,3753.7,512,
2024-04-08 10:00:00+05:30,3753.7,3753.7,3751.1,3753.7,1593,
2024-04-08 10:01:00+05:30,3753.7,3759.85,3752.2,3759.85,1972,
2024-04-08 10:02:00+05:30,3759.85,3762.15,3758.3,3759.9,1609,
2024-04-08 10:03:00+05:30,3759.9,3762.25,3758.4,3759.8,742,
2024-04-08 10:04:00+05:30,3759.8,3767.95,3758.55,3765.1,1458,
2024-04-08 10:05:00+05:30,3765.1,3765.4,3762.55,3763.7,459,
2024-04-08 10:06:00+05:30,3763.7,3764.9,3762.3,3764.45,238,
2024-04-08 10:07:00+05:30,3765.45,3769.4,3764.9,3765.05,1082,
2024-04-08 10:08:00+05:30,3765.05,3768.6,3765.05,3765.75,838,
2024-04-08 10:09:00+05:30,3765.75,3768,3765.75,3766.6,197,
2024-04-08 10:10:00+05:30,3766.6,3768.55,3765.55,3767.8,583,
2024-04-08 10:11:00+05:30,3767.85,3769.7,3766,3769.7,374,
2024-04-08 10:12:00+05:30,3769.7,3772.45,3766.7,3771.55,1068,
2024-04-08 10:13:00+05:30,3771.55,3771.95,3767.1,3767.55,692,
2024-04-08 10:14:00+05:30,3767.55,3768.65,3766.15,3768.65,553,
2024-04-08 10:15:00+05:30,3768.65,3770.25,3768.4,3768.5,306,
2024-04-08 10:16:00+05:30,3768.5,3770.25,3768,3768.05,324,
2024-04-08 10:17:00+05:30,3768.05,3769.95,3767.3,3769.5,282,
2024-04-08 10:18:00+05:30,3769.5,3770,3767,3768.9,156,
2024-04-08 10:19:00+05:30,3768.9,3768.9,3766.05,3766.6,148,
2024-04-08 10:20:00+05:30,3766.6,3767.95,3763.6,3763.6,434,
2024-04-08 10:21:00+05:30,3763.6,3766.5,3763.6,3764.3,328,
2024-04-08 10:22:00+05:30,3764.3,3765,3764.05,3764.1,85,
2024-04-08 10:23:00+05:30,3764.1,3765,3763.75,3763.9,168,
2024-04-08 10:24:00+05:30,3763.9,3766,3763.65,3765.2,143,
2024-04-08 10:25:00+05:30,3765.2,3766,3765.1,3765.1,39,
2024-04-08 10:26:00+05:30,3765.1,3766,3765,3765,197,
2024-04-08 10:27:00+05:30,3765,3765.95,3762.55,3765,207,
2024-04-08 10:28:00+05:30,3765,3768.4,3764.15,3767.15,1264,
2024-04-08 10:29:00+05:30,3767.15,3768.5,3765.25,3766.1,210,
2024-04-08 10:30:00+05:30,3766.1,3770,3766.1,3770,230,
2024-04-08 10:31:00+05:30,3770,3771.65,3769.1,3771.65,214,
2024-04-08 10:32:00+05:30,3771.65,3776.15,3770.25,3776,8730,
2024-04-08 10:33:00+05:30,3776.15,3777,3775.2,3775.2,241,
2024-04-08 10:34:00+05:30,3775.2,3776.7,3773.65,3776.7,463,
2024-04-08 10:35:00+05:30,3776.7,3777.2,3774.6,3774.95,505,
2024-04-08 10:36:00+05:30,3774.95,3777.2,3774.8,3775.35,409,
2024-04-08 10:37:00+05:30,3775.35,3775.8,3774.1,3775.8,139,
2024-04-08 10:38:00+05:30,3775.8,3775.8,3773.9,3773.95,176,
2024-04-08 10:39:00+05:30,3773.95,3777,3773.9,3777,222,
2024-04-08 10:40:00+05:30,3777,3778.35,3775.55,3777.3,327,
2024-04-08 10:41:00+05:30,3775.9,3778,3775.9,3777,208,
2024-04-08 10:42:00+05:30,3777,3779.55,3777,3779.55,351,
2024-04-08 10:43:00+05:30,3779.55,3788,3778.05,3787.65,7372,
2024-04-08 10:44:00+05:30,3788,3796.85,3787.95,3796,6217,
2024-04-08 10:45:00+05:30,3796.5,3803.2,3794.55,3799.95,7089,
2024-04-08 10:46:00+05:30,3800,3803.1,3795.55,3802.95,11393,
2024-04-08 10:47:00+05:30,3802.85,3803.5,3799.8,3801.3,2401,
2024-04-08 10:48:00+05:30,3801.3,3801.95,3799.75,3800,2824,
2024-04-08 10:49:00+05:30,3800,3802,3800,3800,1172,
2024-04-08 10:50:00+05:30,3800,3801.8,3798.25,3800.4,4226,
2024-04-08 10:51:00+05:30,3799.15,3800.75,3798,3800.3,1257,
2024-04-08 10:52:00+05:30,3800.2,3802.9,3799.5,3799.5,2637,
2024-04-08 10:53:00+05:30,3799.5,3802.65,3799.5,3800.05,540,
2024-04-08 10:54:00+05:30,3797.65,3800.35,3797.3,3798.4,852,
2024-04-08 10:55:00+05:30,3798.4,3800.7,3798.35,3800,545,
2024-04-08 10:56:00+05:30,3800,3802,3798.4,3802,746,
2024-04-08 10:57:00+05:30,3802,3804.7,3800.6,3804.15,1771,
2024-04-08 10:58:00+05:30,3804.15,3804.7,3802.05,3804.15,620,
2024-04-08 10:59:00+05:30,3804.15,3809,3803.7,3808.75,3663,
2024-04-08 11:00:00+05:30,3808.75,3813,3807.95,3808.1,7960,
2024-04-08 11:01:00+05:30,3808.9,3809.05,3801.25,3802.6,2666,
2024-04-08 11:02:00+05:30,3802.6,3807.15,3800.65,3805,2388,
2024-04-08 11:03:00+05:30,3805.25,3806.55,3804.2,3805,631,
2024-04-08 11:04:00+05:30,3805,3805,3800.05,3800.05,1773,
2024-04-08 11:05:00+05:30,3802.25,3805.85,3801.45,3803.9,1291,
2024-04-08 11:06:00+05:30,3803.9,3804,3802,3803.5,2557,
2024-04-08 11:07:00+05:30,3803.5,3809.9,3803,3809.9,2533,
2024-04-08 11:08:00+05:30,3809.9,3809.9,3806.7,3808,875,
2024-04-08 11:09:00+05:30,3808,3808,3806.7,3807.25,613,
2024-04-08 11:10:00+05:30,3807.25,3807.25,3803.95,3805,709,
2024-04-08 11:11:00+05:30,3805,3806.1,3803.6,3805.15,832,
2024-04-08 11:12:00+05:30,3805.15,3806.1,3803.25,3805.55,444,
2024-04-08 11:13:00+05:30,3805.55,3805.55,3802.85,3804,143,
2024-04-08 11:14:00+05:30,3804,3806.95,3802.7,3805.8,292,
2024-04-08 11:15:00+05:30,3805.8,3806.6,3802.7,3802.7,420,
2024-04-08 11:16:00+05:30,3802.7,3803.75,3802,3803.35,217,
2024-04-08 11:17:00+05:30,3803.35,3804.4,3799.9,3802.05,3239,
2024-04-08 11:18:00+05:30,3802,3803.3,3801.3,3802,1400,
2024-04-08 11:19:00+05:30,3802,3805,3802,3804.6,639,
2024-04-08 11:20:00+05:30,3804.6,3808.65,3804.6,3808.05,754,
2024-04-08 11:21:00+05:30,3808.05,3809.7,3805.1,3805.15,437,
2024-04-08 11:22:00+05:30,3805.15,3807.9,3804.05,3805.9,529,
2024-04-08 11:23:00+05:30,3805.9,3805.95,3802.25,3805.25,664,
2024-04-08 11:24:00+05:30,3805.25,3806.95,3805,3806.5,432,
2024-04-08 11:25:00+05:30,3805.2,3806.5,3805,3806.5,243,
2024-04-08 11:26:00+05:30,3806.35,3806.95,3805,3805.75,207,
2024-04-08 11:27:00+05:30,3805.75,3807,3805.6,3806.4,465,
2024-04-08 11:28:00+05:30,3806.4,3806.8,3804.05,3805,311,
2024-04-08 11:29:00+05:30,3805,3807.7,3804.1,3807,1488,
2024-04-08 11:30:00+05:30,3807,3809,3805,3808.95,3548,
2024-04-08 11:31:00+05:30,3808.95,3812,3808.95,3812,1594,
2024-04-08 11:32:00+05:30,3812,3812,3808.5,3811.8,507,
2024-04-08 11:33:00+05:30,3811.8,3812,3808,3809.05,503,
2024-04-08 11:34:00+05:30,3809.05,3810.55,3806,3807,50692,
2024-04-08 11:35:00+05:30,3807.2,3807.95,3806.2,3807.05,397,
2024-04-08 11:36:00+05:30,3807.05,3807.75,3803.05,3804.05,2024,
2024-04-08 11:37:00+05:30,3804.05,3804.05,3799.8,3801.75,1652,
2024-04-08 11:38:00+05:30,3801.75,3801.9,3800,3800,2575,
2024-04-08 11:39:00+05:30,3800,3800.5,3795.55,3799.45,844,
2024-04-08 11:40:00+05:30,3799.7,3802,3799.7,3801.35,473,
2024-04-08 11:41:00+05:30,3801.35,3802.95,3800.1,3802.45,1529,
2024-04-08 11:42:00+05:30,3802.45,3802.95,3800,3802.05,1133,
2024-04-08 11:43:00+05:30,3802.05,3802.05,3800,3801.05,667,
2024-04-08 11:44:00+05:30,3801.05,3802.75,3791.95,3795.65,5924,
2024-04-08 11:45:00+05:30,3795.65,3799.6,3795,3799.6,2909,
2024-04-08 11:46:00+05:30,3799.6,3801.6,3799.6,3800.65,770,
2024-04-08 11:47:00+05:30,3800.65,3801.4,3800,3800.35,299,
2024-04-08 11:48:00+05:30,3800.35,3802.75,3800,3802.5,1657,
2024-04-08 11:49:00+05:30,3802.65,3803.4,3802,3803.4,1896,
2024-04-08 11:50:00+05:30,3804.05,3804.8,3797.4,3797.6,4857,
2024-04-08 11:51:00+05:30,3794.1,3796.2,3794.05,3795.05,1898,
2024-04-08 11:52:00+05:30,3795.05,3801.6,3795.05,3800.8,3273,
2024-04-08 11:53:00+05:30,3800.8,3800.8,3798.85,3800,1427,
2024-04-08 11:54:00+05:30,3800,3800.4,3798.05,3799.75,351,
2024-04-08 11:55:00+05:30,3799.75,3801.65,3799,3801.65,3752,
2024-04-08 11:56:00+05:30,3801.65,3801.7,3800.1,3800.1,659,
2024-04-08 11:57:00+05:30,3800.85,3803.45,3800.35,3802,1239,
2024-04-08 11:58:00+05:30,3802,3803.5,3801,3801,148,
2024-04-08 11:59:00+05:30,3801,3802.25,3801,3801.55,132,
2024-04-08 12:00:00+05:30,3801.55,3802,3800.7,3802,630,
2024-04-08 12:01:00+05:30,3802,3802.2,3801.2,3802.2,144,
2024-04-08 12:02:00+05:30,3802,3802.55,3801,3802.5,201,
2024-04-08 12:03:00+05:30,3802.5,3802.85,3801,3801.5,366,
2024-04-08 12:04:00+05:30,3801.5,3802.9,3800.1,3802,576,
2024-04-08 12:05:00+05:30,3802,3802,3800.15,3801.05,145,
2024-04-08 12:06:00+05:30,3801.05,3802,3800.35,3802,489,
2024-04-08 12:07:00+05:30,3802,3802,3801,3801,552,
2024-04-08 12:08:00+05:30,3801,3802.1,3800,3802.1,1982,
2024-04-08 12:09:00+05:30,3802.1,3802.15,3799.55,3801.5,323,
2024-04-08 12:10:00+05:30,3801.5,3801.8,3797.7,3801.35,702,
2024-04-08 12:11:00+05:30,3800.8,3801.1,3799.1,3800.85,370,
2024-04-08 12:12:00+05:30,3800.85,3802,3799.6,3801.25,258,
2024-04-08 12:13:00+05:30,3801.25,3802,3799.55,3801.8,499,
2024-04-08 12:14:00+05:30,3801.8,3801.8,3799.15,3799.85,237,
2024-04-08 12:15:00+05:30,3799.75,3801,3798.15,3800.55,138,
2024-04-08 12:16:00+05:30,3800.55,3801,3798.65,3801,214,
2024-04-08 12:17:00+05:30,3801,3801,3798.6,3798.6,146,
2024-04-08 12:18:00+05:30,3798.6,3801,3798.6,3801,245,
2024-04-08 12:19:00+05:30,3801,3802,3799.15,3802,282,
2024-04-08 12:20:00+05:30,3800.5,3805,3800.25,3805,6334,
2024-04-08 12:21:00+05:30,3805,3807,3805,3806.75,1650,
2024-04-08 12:22:00+05:30,3806.75,3808,3806.1,3807,498,
2024-04-08 12:23:00+05:30,3807.75,3807.9,3806,3807.55,497,
2024-04-08 12:24:00+05:30,3807.55,3808,3806.9,3808,330,
2024-04-08 12:25:00+05:30,3808,3809.85,3806.9,3807.3,334,
2024-04-08 12:26:00+05:30,3806.65,3807,3804.7,3806.2,617,
2024-04-08 12:27:00+05:30,3806.2,3806.2,3804.3,3804.3,186,
2024-04-08 12:28:00+05:30,3804.3,3808.5,3804.15,3806.95,7658,
2024-04-08 12:29:00+05:30,3806.95,3808.3,3806.95,3807.5,111,
2024-04-08 12:30:00+05:30,3807.9,3807.9,3807,3807,91,
2024-04-08 12:31:00+05:30,3807.05,3807.1,3806.9,3807,171,
2024-04-08 12:32:00+05:30,3807.1,3807.5,3805.55,3807.5,321,
2024-04-08 12:33:00+05:30,3807,3807,3805,3806.75,630,
2024-04-08 12:34:00+05:30,3806.75,3807.5,3806.75,3807,633,
2024-04-08 12:35:00+05:30,3807,3807.5,3806.75,3807.5,102,
2024-04-08 12:36:00+05:30,3807.5,3807.65,3807.05,3807.65,201,
2024-04-08 12:37:00+05:30,3806.75,3806.75,3800.2,3800.2,2944,
2024-04-08 12:38:00+05:30,3799.05,3802.2,3798.75,3801,1160,
2024-04-08 12:39:00+05:30,3801,3801,3798.95,3798.95,900,
2024-04-08 12:40:00+05:30,3798.95,3801,3798.5,3801,883,
2024-04-08 12:41:00+05:30,3800.1,3800.7,3794.3,3796.9,2744,
2024-04-08 12:42:00+05:30,3796.9,3801,3796.9,3800,2250,
2024-04-08 12:43:00+05:30,3800,3803.15,3799.75,3799.75,294,
2024-04-08 12:44:00+05:30,3799.75,3803.45,3799.7,3801.15,806,
2024-04-08 12:45:00+05:30,3801.15,3803.95,3799.35,3800.75,10871,
2024-04-08 12:46:00+05:30,3800.75,3805.7,3800.75,3802.35,2991,
2024-04-08 12:47:00+05:30,3802.35,3804.1,3802,3804,139,
2024-04-08 12:48:00+05:30,3804,3804,3800,3800.45,117,
2024-04-08 12:49:00+05:30,3800.45,3801,3800,3801,240,
2024-04-08 12:50:00+05:30,3801,3801.8,3800,3800,146,
2024-04-08 12:51:00+05:30,3800,3801,3800,3801,188,
2024-04-08 12:52:00+05:30,3800.5,3801,3798,3799.65,4448,
2024-04-08 12:53:00+05:30,3799.65,3800.4,3796.9,3799.4,1003,
2024-04-08 12:54:00+05:30,3799.4,3802.3,3798.5,3802.15,1782,
2024-04-08 12:55:00+05:30,3802.15,3802.75,3800.3,3802.15,594,
2024-04-08 12:56:00+05:30,3802.15,3802.15,3794.2,3797.05,23576,
2024-04-08 12:57:00+05:30,3797.05,3799.95,3795.6,3797.55,6714,
2024-04-08 12:58:00+05:30,3797.55,3799.15,3795.45,3798.45,968,
2024-04-08 12:59:00+05:30,3798.45,3800,3795.9,3798.15,8610,
2024-04-08 13:00:00+05:30,3798.15,3799.15,3797.5,3797.8,744,
2024-04-08 13:01:00+05:30,3797.8,3799,3797,3798.6,153,
2024-04-08 13:02:00+05:30,3797,3798.55,3794.6,3795,2296,
2024-04-08 13:03:00+05:30,3796.65,3797,3790.75,3791,7069,
2024-04-08 13:04:00+05:30,3791,3792,3788.5,3788.75,1153,
2024-04-08 13:05:00+05:30,3788.75,3789.5,3787,3787,1275,
2024-04-08 13:06:00+05:30,3787,3788.95,3787,3788.95,1397,
2024-04-08 13:07:00+05:30,3788.95,3788.95,3787,3787.95,460,
2024-04-08 13:08:00+05:30,3787.95,3788.95,3787,3787.45,599,
2024-04-08 13:09:00+05:30,3787.45,3788,3787,3787,1606,
2024-04-08 13:10:00+05:30,3787,3788.75,3787,3787.9,1671,
2024-04-08 13:11:00+05:30,3787.9,3787.95,3783.7,3786.35,5405,
2024-04-08 13:12:00+05:30,3786.35,3787.3,3785.15,3785.2,2558,
2024-04-08 13:13:00+05:30,3785.2,3787.7,3785.2,3786.8,2627,
2024-04-08 13:14:00+05:30,3786.75,3786.9,3785.8,3786.25,1683,
2024-04-08 13:15:00+05:30,3786.25,3788.65,3785.15,3786.95,3112,
2024-04-08 13:16:00+05:30,3786.7,3787.15,3786.05,3787.05,157,
2024-04-08 13:17:00+05:30,3786.05,3786.9,3785.5,3786.7,2473,
2024-04-08 13:18:00+05:30,3786.7,3787.15,3785.3,3786.05,480,
2024-04-08 13:19:00+05:30,3786.05,3786.7,3785.1,3785.1,405,
2024-04-08 13:20:00+05:30,3785.1,3786.9,3785.1,3785.7,1806,
2024-04-08 13:21:00+05:30,3785.7,3786.9,3785.5,3786,577,
2024-04-08 13:22:00+05:30,3786,3786.8,3785.1,3786.45,179,
2024-04-08 13:23:00+05:30,3786.45,3786.45,3785.15,3785.45,1680,
2024-04-08 13:24:00+05:30,3785.45,3786.45,3785.45,3786.45,373,
2024-04-08 13:25:00+05:30,3786.45,3786.45,3785.5,3785.9,279,
2024-04-08 13:26:00+05:30,3785.9,3786.1,3785,3786,2332,
2024-04-08 13:27:00+05:30,3786.1,3786.25,3782.5,3783.5,7958,
2024-04-08 13:28:00+05:30,3783.5,3784,3777.7,3780.4,6791,
2024-04-08 13:29:00+05:30,3778.9,3783.3,3778.9,3781.3,577,
2024-04-08 13:30:00+05:30,3781.3,3785,3780.95,3785,2870,
2024-04-08 13:31:00+05:30,3785.4,3785.4,3783.25,3784.8,556,
2024-04-08 13:32:00+05:30,3784.8,3785.25,3781.6,3781.6,126,
2024-04-08 13:33:00+05:30,3781.6,3784.9,3781.05,3783.4,1130,
2024-04-08 13:34:00+05:30,3783.4,3783.4,3780.5,3782.35,214,
2024-04-08 13:35:00+05:30,3781.45,3783.4,3780.5,3781.65,290,
2024-04-08 13:36:00+05:30,3783.35,3783.35,3781.7,3782,127,
2024-04-08 13:37:00+05:30,3781.85,3783.65,3781.45,3781.45,132,
2024-04-08 13:38:00+05:30,3781.45,3785.3,3781.45,3784.65,410,
2024-04-08 13:39:00+05:30,3784.65,3785.2,3782.8,3782.8,165,
2024-04-08 13:40:00+05:30,3783.2,3785.3,3783.2,3785.2,165,
2024-04-08 13:41:00+05:30,3783.45,3785.4,3783.35,3784,158,
2024-04-08 13:42:00+05:30,3784,3785.4,3783.9,3785.35,128,
2024-04-08 13:43:00+05:30,3785.35,3785.4,3784.2,3784.2,207,
2024-04-08 13:44:00+05:30,3784.2,3785.4,3784.2,3785.1,183,
2024-04-08 13:45:00+05:30,3784.2,3785.4,3784,3784.85,124,
2024-04-08 13:46:00+05:30,3784,3784.85,3783.2,3783.2,334,
2024-04-08 13:47:00+05:30,3783.2,3784.35,3782.65,3783.2,101,
2024-04-08 13:48:00+05:30,3782.55,3783.75,3781.95,3781.95,76,
2024-04-08 13:49:00+05:30,3781.95,3787,3781.8,3786.05,690,
2024-04-08 13:50:00+05:30,3786,3787.5,3786,3786,165,
2024-04-08 13:51:00+05:30,3787.3,3789.8,3786,3789.35,180,
2024-04-08 13:52:00+05:30,3789.35,3789.95,3787.75,3789.6,55,
2024-04-08 13:53:00+05:30,3789.6,3789.8,3786.7,3787.9,117,
2024-04-08 13:54:00+05:30,3786.45,3788.35,3786.15,3787.05,88,
2024-04-08 13:55:00+05:30,3787.05,3788.2,3785.3,3787.05,347,
2024-04-08 13:56:00+05:30,3786,3787.15,3786,3786.8,87,
2024-04-08 13:57:00+05:30,3786.05,3789.05,3786,3788,106,
2024-04-08 13:58:00+05:30,3788,3789,3786.8,3787.1,119,
2024-04-08 13:59:00+05:30,3787.1,3789.45,3787.1,3788.1,139,
2024-04-08 14:00:00+05:30,3788.75,3790.35,3788.05,3788.1,695,
2024-04-08 14:01:00+05:30,3788.75,3789.45,3787.2,3788.25,813,
2024-04-08 14:02:00+05:30,3788.05,3790,3786.65,3789.95,981,
2024-04-08 14:03:00+05:30,3789.95,3790,3788.05,3788.65,79,
2024-04-08 14:04:00+05:30,3788.05,3788.7,3785.8,3788.55,628,
2024-04-08 14:05:00+05:30,3788.55,3791.4,3788.45,3790.85,435,
2024-04-08 14:06:00+05:30,3789.4,3791.45,3788.8,3789,238,
2024-04-08 14:07:00+05:30,3789,3790,3787.5,3789.3,17011,
2024-04-08 14:08:00+05:30,3789.3,3800.7,3788.5,3800,7699,
2024-04-08 14:09:00+05:30,3800,3801,3799.55,3800,358,
2024-04-08 14:10:00+05:30,3800,3804.3,3798.95,3802.4,1438,
2024-04-08 14:11:00+05:30,3802.4,3804.7,3802.4,3803.3,278,
2024-04-08 14:12:00+05:30,3803.3,3803.3,3801.95,3801.95,253,
2024-04-08 14:13:00+05:30,3801.95,3802,3800.05,3800.45,176,
2024-04-08 14:14:00+05:30,3800.45,3801.9,3800.45,3800.45,209,
2024-04-08 14:15:00+05:30,3800.45,3804.1,3800.45,3801.45,769,
2024-04-08 14:16:00+05:30,3801.45,3804.1,3801.45,3804.1,247,
2024-04-08 14:17:00+05:30,3804.1,3804.1,3801.75,3803,112,
2024-04-08 14:18:00+05:30,3803,3803,3801.3,3801.3,173,
2024-04-08 14:19:00+05:30,3801.3,3802.3,3800.15,3802.3,478,
2024-04-08 14:20:00+05:30,3802.3,3802.3,3795.2,3797.7,3517,
2024-04-08 14:21:00+05:30,3797.7,3797.7,3793.25,3793.25,409,
2024-04-08 14:22:00+05:30,3793.25,3795.75,3793.25,3795.45,353,
2024-04-08 14:23:00+05:30,3795.45,3796.8,3795,3795,275,
2024-04-08 14:24:00+05:30,3795,3796.6,3795,3795,329,
2024-04-08 14:25:00+05:30,3795,3798.1,3795,3795,204,
2024-04-08 14:26:00+05:30,3795,3797.65,3795,3796.25,429,
2024-04-08 14:27:00+05:30,3796.25,3796.25,3795,3795,2680,
2024-04-08 14:28:00+05:30,3795,3796,3795,3796,164,
2024-04-08 14:29:00+05:30,3795.05,3795.9,3795,3795.3,187,
2024-04-08 14:30:00+05:30,3795.95,3797.9,3795,3797.3,376,
2024-04-08 14:31:00+05:30,3797.2,3798.3,3795.45,3796.6,265,
2024-04-08 14:32:00+05:30,3796.6,3797.9,3795.2,3796.2,283,
2024-04-08 14:33:00+05:30,3796.2,3799.75,3796.2,3799.7,1907,
2024-04-08 14:34:00+05:30,3799.7,3799.9,3796.95,3798,673,
2024-04-08 14:35:00+05:30,3798,3800,3798,3799,119,
2024-04-08 14:36:00+05:30,3799,3799,3795.2,3795.2,1719,
2024-04-08 14:37:00+05:30,3795.2,3796.7,3795.2,3795.5,117,
2024-04-08 14:38:00+05:30,3795.5,3796.75,3795,3795.25,193,
2024-04-08 14:39:00+05:30,3795.25,3796.7,3794,3794.1,756,
2024-04-08 14:40:00+05:30,3794.1,3795.35,3794,3795.35,458,
2024-04-08 14:41:00+05:30,3795.35,3795.55,3793.2,3795.15,1846,
2024-04-08 14:42:00+05:30,3795.05,3796,3794.4,3795,1508,
2024-04-08 14:43:00+05:30,3795,3797,3795,3795.55,121,
2024-04-08 14:44:00+05:30,3795.55,3796.8,3793.2,3793.2,1473,
2024-04-08 14:45:00+05:30,3792.35,3795.3,3791.4,3792.95,811,
2024-04-08 14:46:00+05:30,3792.95,3792.95,3790,3790.2,300,
2024-04-08 14:47:00+05:30,3790.2,3791.15,3789.2,3789.2,300,
2024-04-08 14:48:00+05:30,3789.2,3790,3787.8,3789.6,224,
2024-04-08 14:49:00+05:30,3789.6,3794.35,3787.6,3792.15,1294,
2024-04-08 14:50:00+05:30,3792.15,3799,3792,3799,4822,
2024-04-08 14:51:00+05:30,3799,3801.7,3798,3798.05,4376,
2024-04-08 14:52:00+05:30,3798.05,3801.95,3796.35,3800.25,3323,
2024-04-08 14:53:00+05:30,3800.8,3801.35,3797.95,3801,539,
2024-04-08 14:54:00+05:30,3801,3801,3798.25,3799.9,1501,
2024-04-08 14:55:00+05:30,3799.9,3802.25,3797,3797,2441,
2024-04-08 14:56:00+05:30,3797.6,3800,3796.85,3798.3,445,
2024-04-08 14:57:00+05:30,3798.3,3799.75,3796.95,3799.5,477,
2024-04-08 14:58:00+05:30,3799.5,3799.65,3797.25,3797.25,116,
2024-04-08 14:59:00+05:30,3797.25,3797.25,3796.2,3796.95,164,
2024-04-08 15:00:00+05:30,3796.85,3797,3790.6,3794.25,1881,
2024-04-08 15:01:00+05:30,3794.25,3794.8,3792.3,3794.05,848,
2024-04-08 15:02:00+05:30,3794,3794.35,3792.8,3794.35,882,
2024-04-08 15:03:00+05:30,3794.35,3794.35,3791.85,3792.5,727,
2024-04-08 15:04:00+05:30,3792.5,3794.1,3790.6,3792.65,1576,
2024-04-08 15:05:00+05:30,3792.65,3792.95,3790.8,3790.8,450,
2024-04-08 15:06:00+05:30,3790.8,3792.55,3789,3789,1105,
2024-04-08 15:07:00+05:30,3789,3792.75,3788,3790.85,1249,
2024-04-08 15:08:00+05:30,3791.05,3791.75,3788.25,3791.15,1063,
2024-04-08 15:09:00+05:30,3790.65,3790.85,3790.05,3790.85,1008,
2024-04-08 15:10:00+05:30,3790.85,3791.75,3790.05,3791.05,544,
2024-04-08 15:11:00+05:30,3791.05,3793.8,3791.05,3793.75,2121,
2024-04-08 15:12:00+05:30,3793.75,3796.45,3793.05,3796.3,957,
2024-04-08 15:13:00+05:30,3796.3,3798.2,3795.15,3796.9,1621,
2024-04-08 15:14:00+05:30,3796.7,3799.3,3793.6,3798.9,4011,
2024-04-08 15:15:00+05:30,3800.05,3801,3797.55,3797.6,8475,
2024-04-08 15:16:00+05:30,3797.2,3797.8,3794.2,3797,1690,
2024-04-08 15:17:00+05:30,3797,3797.25,3791.05,3791.95,4945,
2024-04-08 15:18:00+05:30,3791.95,3797.9,3789,3795.2,2858,
2024-04-08 15:19:00+05:30,3795.1,3800,3795.1,3800,8789,
2024-04-08 15:20:00+05:30,3800,3800.95,3792.25,3795.1,5077,
2024-04-08 15:21:00+05:30,3795.1,3795.1,3793.4,3794.95,847,
2024-04-08 15:22:00+05:30,3795.2,3801,3794.95,3800,7222,
2024-04-08 15:23:00+05:30,3800.6,3800.8,3794.15,3798.5,14111,
2024-04-08 15:24:00+05:30,3798.5,3799.15,3796.9,3798.25,1491,
2024-04-08 15:25:00+05:30,3798.25,3798.25,3795.25,3797,984,
2024-04-08 15:26:00+05:30,3797,3797,3787.15,3788.55,1167,
2024-04-08 15:27:00+05:30,3787.5,3788.55,3782.2,3786.05,2126,
2024-04-08 15:28:00+05:30,3786.05,3788.65,3781.45,3785.5,2320,
2024-04-08 15:29:00+05:30,3789,3790,3785.5,3789,932,
2024-04-09 09:15:00+05:30,3806,3806,3781.7,3792.9,2798,
2024-04-09 09:16:00+05:30,3790.4,3793,3788.5,3790.15,822,
2024-04-09 09:17:00+05:30,3790.15,3792.35,3783,3785.5,1426,
2024-04-09 09:18:00+05:30,3785.35,3785.4,3777,3779.1,1356,
2024-04-09 09:19:00+05:30,3779.1,3780.2,3774.1,3778,4099,
2024-04-09 09:20:00+05:30,3778,3781,3772.05,3774,1339,
2024-04-09 09:21:00+05:30,3772.65,3776.9,3772.65,3776,427,
2024-04-09 09:22:00+05:30,3775,3780,3774,3780,2151,
2024-04-09 09:23:00+05:30,3780,3784.15,3778.4,3781.9,510,
2024-04-09 09:24:00+05:30,3783.95,3785.2,3780,3785.2,951,
2024-04-09 09:25:00+05:30,3785.2,3786.6,3783,3786,1024,
2024-04-09 09:26:00+05:30,3781.65,3784.95,3780,3784.3,627,
2024-04-09 09:27:00+05:30,3782.6,3783.7,3780.05,3780.2,652,
2024-04-09 09:28:00+05:30,3780.2,3780.2,3777.5,3778.2,488,
2024-04-09 09:29:00+05:30,3778.2,3782.8,3777.65,3782,834,
2024-04-09 09:30:00+05:30,3782,3784.85,3782,3783.15,128,
2024-04-09 09:31:00+05:30,3783.15,3784.5,3777,3778.8,1187,
2024-04-09 09:32:00+05:30,3777.45,3778.75,3776.95,3777.15,211,
2024-04-09 09:33:00+05:30,3777.15,3777.2,3775,3775.9,596,
2024-04-09 09:34:00+05:30,3775.9,3779.2,3775,3777.85,599,
2024-04-09 09:35:00+05:30,3778.9,3781,3774.4,3778.65,1421,
2024-04-09 09:36:00+05:30,3776.6,3780,3776.6,3778.55,572,
2024-04-09 09:37:00+05:30,3778.55,3780.85,3777.45,3780.85,465,
2024-04-09 09:38:00+05:30,3780.85,3780.85,3775,3778.6,1313,
2024-04-09 09:39:00+05:30,3778.6,3781,3778.6,3779.65,111,
2024-04-09 09:40:00+05:30,3779.65,3781.95,3779.65,3781.7,168,
2024-04-09 09:41:00+05:30,3781.7,3781.95,3779.1,3780.85,427,
2024-04-09 09:42:00+05:30,3780.85,3782.15,3779,3780.9,748,
2024-04-09 09:43:00+05:30,3780.9,3782,3780,3782,217,
2024-04-09 09:44:00+05:30,3782,3786.9,3780.95,3785.05,730,
2024-04-09 09:45:00+05:30,3785.05,3796.7,3785.05,3796,2511,
2024-04-09 09:46:00+05:30,3796,3797.7,3794.95,3794.95,445,
2024-04-09 09:47:00+05:30,3796,3804.45,3796,3803.05,2178,
2024-04-09 09:48:00+05:30,3803.05,3811.9,3802,3811.85,4311,
2024-04-09 09:49:00+05:30,3813,3813.95,3805.1,3808.95,7447,
2024-04-09 09:50:00+05:30,3808.95,3808.95,3806.4,3807.95,1596,
2024-04-09 09:51:00+05:30,3807.95,3814,3807.95,3812.7,1693,
2024-04-09 09:52:00+05:30,3810.1,3812,3808.45,3810,1458,
2024-04-09 09:53:00+05:30,3808.75,3810.9,3808.4,3808.6,941,
2024-04-09 09:54:00+05:30,3808.6,3811.6,3808.5,3811.6,1023,
2024-04-09 09:55:00+05:30,3809.7,3812,3808.4,3808.4,730,
2024-04-09 09:56:00+05:30,3808.4,3808.4,3802.6,3805.95,1707,
2024-04-09 09:57:00+05:30,3805.95,3809,3804.55,3807.05,697,
2024-04-09 09:58:00+05:30,3807.05,3807.9,3805.4,3807.5,127,
2024-04-09 09:59:00+05:30,3807.5,3809,3805.5,3805.5,998,
2024-04-09 10:00:00+05:30,3806.25,3807.6,3805,3805.85,559,
2024-04-09 10:01:00+05:30,3805.85,3807.95,3805.85,3807,48,
2024-04-09 10:02:00+05:30,3807,3809,3806.8,3807.6,195,
2024-04-09 10:03:00+05:30,3807.6,3809,3807,3808.9,160,
2024-04-09 10:04:00+05:30,3808.9,3809,3806.85,3809,103,
2024-04-09 10:05:00+05:30,3809,3813,3808.2,3813,1233,
2024-04-09 10:06:00+05:30,3811.9,3812.6,3810,3811.55,336,
2024-04-09 10:07:00+05:30,3810.15,3811.8,3809,3810,516,
2024-04-09 10:08:00+05:30,3810,3811.15,3805.9,3808,588,
2024-04-09 10:09:00+05:30,3808,3808.85,3806.55,3807.1,195,
2024-04-09 10:10:00+05:30,3807.1,3822,3807.1,3821.7,5658,
2024-04-09 10:11:00+05:30,3821.8,3822,3820,3820,964,
2024-04-09 10:12:00+05:30,3820,3820,3814,3815.75,499,
2024-04-09 10:13:00+05:30,3814.75,3817.7,3814.75,3816.8,469,
2024-04-09 10:14:00+05:30,3816.8,3817.1,3814,3815.75,1123,
2024-04-09 10:15:00+05:30,3815.75,3817.35,3814.7,3815.1,516,
2024-04-09 10:16:00+05:30,3815.1,3816,3810.4,3810.45,620,
2024-04-09 10:17:00+05:30,3810.45,3812.9,3808.6,3809.85,390,
2024-04-09 10:18:00+05:30,3810.05,3815.1,3810,3810.6,515,
2024-04-09 10:19:00+05:30,3812.1,3812.95,3810.2,3811,228,
2024-04-09 10:20:00+05:30,3811,3812.6,3810.4,3810.95,219,
2024-04-09 10:21:00+05:30,3810.95,3813.25,3810.6,3811,242,
2024-04-09 10:22:00+05:30,3811,3812.8,3810.05,3810.05,192,
2024-04-09 10:23:00+05:30,3810.05,3813.95,3810.05,3810.15,217,
2024-04-09 10:24:00+05:30,3811.85,3812,3810.15,3810.15,71,
2024-04-09 10:25:00+05:30,3810.15,3810.15,3800,3800,1546,
2024-04-09 10:26:00+05:30,3800,3801.65,3797.15,3797.15,1837,
2024-04-09 10:27:00+05:30,3797.15,3799.7,3795.05,3796.2,1291,
2024-04-09 10:28:00+05:30,3796.2,3798.25,3795.25,3795.6,821,
2024-04-09 10:29:00+05:30,3795.6,3798.4,3795.5,3798.4,130,
2024-04-09 10:30:00+05:30,3798.4,3799.7,3798.05,3798.3,281,
2024-04-09 10:31:00+05:30,3800,3800,3797,3797.7,169,
2024-04-09 10:32:00+05:30,3797.7,3800.1,3797.3,3797.3,555,
2024-04-09 10:33:00+05:30,3797.3,3797.75,3794,3794,818,
2024-04-09 10:34:00+05:30,3794,3794,3789.9,3790.75,1093,
2024-04-09 10:35:00+05:30,3790.2,3792.75,3790.2,3791.9,238,
2024-04-09 10:36:00+05:30,3790.3,3792.5,3790.3,3790.85,444,
2024-04-09 10:37:00+05:30,3790.85,3795.1,3790.7,3795.1,225,
2024-04-09 10:38:00+05:30,3796.45,3796.45,3794,3794,58,
2024-04-09 10:39:00+05:30,3794,3795.3,3792,3792.95,488,
2024-04-09 10:40:00+05:30,3792.6,3794.05,3791.2,3791.2,234,
2024-04-09 10:41:00+05:30,3791.2,3792.95,3790.55,3791.5,59,
2024-04-09 10:42:00+05:30,3791.25,3793.4,3791.2,3792.9,547,
2024-04-09 10:43:00+05:30,3792,3793.3,3792,3792.95,349,
2024-04-09 10:44:00+05:30,3793.3,3794.95,3792,3792,331,
2024-04-09 10:45:00+05:30,3793,3793.3,3792,3793.3,882,
2024-04-09 10:46:00+05:30,3793.3,3793.3,3792.85,3792.85,6,
2024-04-09 10:47:00+05:30,3792.85,3793.25,3792.2,3793,43,
2024-04-09 10:48:00+05:30,3793,3793,3791.45,3792.95,1400,
2024-04-09 10:49:00+05:30,3792.5,3793,3791.35,3792,1537,
2024-04-09 10:50:00+05:30,3792,3793,3792,3792.95,176,
2024-04-09 10:51:00+05:30,3792.95,3795,3792.35,3795,213,
2024-04-09 10:52:00+05:30,3795,3795.45,3793.3,3793.4,43,
2024-04-09 10:53:00+05:30,3793.4,3794.55,3793.35,3794.55,56,
2024-04-09 10:54:00+05:30,3794.55,3795.7,3793.3,3793.3,78,
2024-04-09 10:55:00+05:30,3793.3,3794.15,3793,3793.25,110,
2024-04-09 10:56:00+05:30,3793.25,3793.95,3792.95,3792.95,82,
2024-04-09 10:57:00+05:30,3792.95,3793.5,3792,3792,106,
2024-04-09 10:58:00+05:30,3792,3793.15,3792,3792,92,
2024-04-09 10:59:00+05:30,3792,3792.8,3792,3792.8,1286,
2024-04-09 11:00:00+05:30,3792.8,3793.35,3792.8,3793.05,404,
2024-04-09 11:01:00+05:30,3793.05,3794.75,3792.85,3792.85,25,
2024-04-09 11:02:00+05:30,3792.85,3794.6,3792.85,3792.85,54,
2024-04-09 11:03:00+05:30,3792.85,3794.75,3792.5,3793.75,65,
2024-04-09 11:04:00+05:30,3793.75,3794.05,3791.6,3791.6,136,
2024-04-09 11:05:00+05:30,3791.6,3793.9,3791.6,3793.75,316,
2024-04-09 11:06:00+05:30,3793.75,3794.1,3792,3792,251,
2024-04-09 11:07:00+05:30,3792,3793.5,3792,3792,104,
2024-04-09 11:08:00+05:30,3792,3793.6,3790.45,3792,2553,
2024-04-09 11:09:00+05:30,3792,3792,3782.9,3785.35,12829,
2024-04-09 11:10:00+05:30,3785.35,3785.35,3782.15,3783.6,256,
2024-04-09 11:11:00+05:30,3783.6,3784.95,3782.05,3783,284,
2024-04-09 11:12:00+05:30,3783,3784,3780,3780.95,643,
2024-04-09 11:13:00+05:30,3780.95,3783.5,3780.95,3783.45,118,
2024-04-09 11:14:00+05:30,3783.5,3783.5,3781.55,3782.65,126,
2024-04-09 11:15:00+05:30,3782.65,3784.1,3780,3784.1,2583,
2024-04-09 11:16:00+05:30,3784.1,3790,3784,3790,1118,
2024-04-09 11:17:00+05:30,3790,3790,3787.15,3788.05,32,
2024-04-09 11:18:00+05:30,3788.05,3790.25,3788,3790.25,236,
2024-04-09 11:19:00+05:30,3790.25,3790.3,3788.9,3788.9,121,
2024-04-09 11:20:00+05:30,3788.9,3790,3785.3,3785.3,112,
2024-04-09 11:21:00+05:30,3785.3,3787.9,3785.05,3786.15,505,
2024-04-09 11:22:00+05:30,3786.15,3787.8,3786.15,3787.8,104,
2024-04-09 11:23:00+05:30,3787.8,3787.8,3785.95,3785.95,45,
2024-04-09 11:24:00+05:30,3785.95,3789.55,3785.95,3787.05,262,
2024-04-09 11:25:00+05:30,3787.05,3789.1,3786.4,3786.4,82,
2024-04-09 11:26:00+05:30,3786.4,3787.95,3786,3787.95,36,
2024-04-09 11:27:00+05:30,3787.95,3789,3786,3786,776,
2024-04-09 11:28:00+05:30,3786,3787.45,3785.6,3787.45,63,
2024-04-09 11:29:00+05:30,3787.45,3787.5,3785.05,3785.05,282,
2024-04-09 11:30:00+05:30,3785.05,3787.45,3785.05,3787.25,16,
2024-04-09 11:31:00+05:30,3787.25,3787.25,3785.75,3787.2,104,
2024-04-09 11:32:00+05:30,3785.35,3789.6,3785.3,3787.4,296,
2024-04-09 11:33:00+05:30,3787.4,3788.05,3785.65,3788.05,144,
2024-04-09 11:34:00+05:30,3788.05,3788.3,3786.1,3788.3,51,
2024-04-09 11:35:00+05:30,3788.3,3789.95,3786.3,3789.65,495,
2024-04-09 11:36:00+05:30,3789.65,3790.2,3789.5,3790.2,90,
2024-04-09 11:37:00+05:30,3790.2,3790.7,3790.2,3790.7,29,
2024-04-09 11:38:00+05:30,3790.7,3792.75,3790.05,3791.6,141,
2024-04-09 11:39:00+05:30,3790.5,3790.5,3790,3790.5,1020,
2024-04-09 11:40:00+05:30,3790.5,3790.5,3788.05,3789.9,34,
2024-04-09 11:41:00+05:30,3789.9,3790.35,3788.1,3789.9,96,
2024-04-09 11:42:00+05:30,3789.9,3790,3786.85,3788.75,197,
2024-04-09 11:43:00+05:30,3788.75,3788.75,3786.5,3788.25,64,
2024-04-09 11:44:00+05:30,3788.25,3788.25,3786.35,3786.35,22,
2024-04-09 11:45:00+05:30,3786.35,3789.85,3786.35,3788.2,67,
2024-04-09 11:46:00+05:30,3788.2,3789.95,3787.55,3787.95,146,
2024-04-09 11:47:00+05:30,3787.95,3789.1,3785.3,3787.75,251,
2024-04-09 11:48:00+05:30,3787.75,3788.95,3787,3788.85,153,
2024-04-09 11:49:00+05:30,3788.85,3788.85,3787,3788.55,61,
2024-04-09 11:50:00+05:30,3788.55,3788.55,3787,3788,164,
2024-04-09 11:51:00+05:30,3788,3789.1,3786.85,3788.55,125,
2024-04-09 11:52:00+05:30,3788.55,3788.7,3785.7,3787.45,82,
2024-04-09 11:53:00+05:30,3787.45,3788.75,3786.35,3788.25,126,
2024-04-09 11:54:00+05:30,3788.25,3788.8,3786.95,3788.25,293,
2024-04-09 11:55:00+05:30,3788.25,3788.55,3786.25,3786.3,137,
2024-04-09 11:56:00+05:30,3786.3,3790.5,3785.75,3790.5,162,
2024-04-09 11:57:00+05:30,3790.45,3793.7,3790.45,3793,1304,
2024-04-09 11:58:00+05:30,3793,3797.7,3790.85,3797.4,6711,
2024-04-09 11:59:00+05:30,3797.4,3797.75,3795.5,3797.4,87,
2024-04-09 12:00:00+05:30,3797.4,3797.4,3795.6,3797.3,135,
2024-04-09 12:01:00+05:30,3797.3,3800,3797.3,3800,618,
2024-04-09 12:02:00+05:30,3800,3800.7,3798.55,3799.85,707,
2024-04-09 12:03:00+05:30,3799.85,3800.35,3799,3800.35,163,
2024-04-09 12:04:00+05:30,3800.35,3800.4,3798.2,3798.5,33,
2024-04-09 12:05:00+05:30,3798.5,3798.5,3796.55,3798.5,94,
2024-04-09 12:06:00+05:30,3798.5,3798.5,3791.6,3796.95,1315,
2024-04-09 12:07:00+05:30,3796.95,3797.05,3792.55,3795.55,538,
2024-04-09 12:08:00+05:30,3795.55,3796.5,3792.6,3792.65,358,
2024-04-09 12:09:00+05:30,3792.65,3793.9,3791.75,3792.05,52,
2024-04-09 12:10:00+05:30,3792.05,3794,3792,3792,45,
2024-04-09 12:11:00+05:30,3792,3793.3,3790.65,3791.5,62,
2024-04-09 12:12:00+05:30,3791.5,3792.05,3789.7,3791.4,125,
2024-04-09 12:13:00+05:30,3791.4,3791.65,3787.25,3787.8,137,
2024-04-09 12:14:00+05:30,3787.8,3789.1,3787.45,3788.85,11,
2024-04-09 12:15:00+05:30,3788.85,3788.85,3787.45,3787.45,111,
2024-04-09 12:16:00+05:30,3787.45,3787.45,3787.25,3787.45,10,
2024-04-09 12:17:00+05:30,3787.45,3787.55,3786,3786,158,
2024-04-09 12:18:00+05:30,3786,3786.4,3785,3785.15,137,
2024-04-09 12:19:00+05:30,3785.15,3787.15,3785,3785.45,543,
2024-04-09 12:20:00+05:30,3785.45,3787.7,3785,3785.6,142,
2024-04-09 12:21:00+05:30,3785.6,3788.15,3784.5,3784.5,162,
2024-04-09 12:22:00+05:30,3784.5,3786.15,3783.35,3783.35,197,
2024-04-09 12:23:00+05:30,3783.35,3788.65,3783.35,3787.05,41,
2024-04-09 12:24:00+05:30,3787.05,3787.05,3783.35,3783.9,272,
2024-04-09 12:25:00+05:30,3783.9,3785.7,3783.9,3785,2,
2024-04-09 12:26:00+05:30,3785,3785,3783.05,3784.65,101,
2024-04-09 12:27:00+05:30,3784.65,3784.7,3783.15,3783.15,93,
2024-04-09 12:28:00+05:30,3783.15,3788.75,3782.85,3788.75,1831,
2024-04-09 12:29:00+05:30,3788.75,3788.75,3784.35,3784.35,44,
2024-04-09 12:30:00+05:30,3784.35,3785.55,3784,3784,135,
2024-04-09 12:31:00+05:30,3784,3784.65,3782.85,3784.65,278,
2024-04-09 12:32:00+05:30,3784.65,3785.25,3783.05,3784.8,143,
2024-04-09 12:33:00+05:30,3784.8,3785.25,3782.65,3782.7,94,
2024-04-09 12:34:00+05:30,3782.7,3784.95,3782.7,3784.65,50,
2024-04-09 12:35:00+05:30,3784.65,3784.65,3782.2,3784.15,90,
2024-04-09 12:36:00+05:30,3784.15,3784.15,3781.2,3782.7,219,
2024-04-09 12:37:00+05:30,3782.7,3785.4,3782,3782.05,243,
2024-04-09 12:38:00+05:30,3782.05,3784.65,3781.5,3784,137,
2024-04-09 12:39:00+05:30,3784,3784,3781.45,3782.65,97,
2024-04-09 12:40:00+05:30,3782.65,3783,3780.9,3782.65,565,
2024-04-09 12:41:00+05:30,3783,3783.1,3782.9,3783.1,81,
2024-04-09 12:42:00+05:30,3783.1,3784.2,3781.45,3783,21,
2024-04-09 12:43:00+05:30,3783,3783,3782,3783,117,
2024-04-09 12:44:00+05:30,3782,3783,3782,3782,84,
2024-04-09 12:45:00+05:30,3782,3783.8,3782,3783.8,125,
2024-04-09 12:46:00+05:30,3783.8,3784,3782.1,3784,75,
2024-04-09 12:47:00+05:30,3784,3784,3782.15,3784,12,
2024-04-09 12:48:00+05:30,3784,3784.2,3782.1,3784.2,202,
2024-04-09 12:49:00+05:30,3782.2,3783.9,3782.2,3782.3,95,
2024-04-09 12:50:00+05:30,3782.3,3783.6,3781.1,3783.6,231,
2024-04-09 12:51:00+05:30,3783.6,3783.6,3782.1,3783.5,40,
2024-04-09 12:52:00+05:30,3783.5,3783.5,3782.3,3783.5,61,
2024-04-09 12:53:00+05:30,3783.5,3783.5,3782.4,3782.4,194,
2024-04-09 12:54:00+05:30,3782.4,3783,3782.3,3782.4,230,
2024-04-09 12:55:00+05:30,3782.4,3784.95,3782.35,3784.2,445,
2024-04-09 12:56:00+05:30,3784.2,3785,3783.2,3783.2,89,
2024-04-09 12:57:00+05:30,3783.2,3784.8,3783.2,3784.8,8,
2024-04-09 12:58:00+05:30,3784.8,3784.9,3783.25,3783.25,23,
2024-04-09 12:59:00+05:30,3783.25,3786.1,3783.25,3784.05,184,
2024-04-09 13:00:00+05:30,3784.05,3786.45,3784.05,3785,43,
2024-04-09 13:01:00+05:30,3785,3786,3785,3785.3,134,
2024-04-09 13:02:00+05:30,3785.3,3790,3785.3,3790,1195,
2024-04-09 13:03:00+05:30,3790,3791.6,3787.5,3789.35,20288,
2024-04-09 13:04:00+05:30,3788.3,3788.3,3785.65,3786.5,5,
2024-04-09 13:05:00+05:30,3786.5,3786.5,3786.5,3786.5,12,
2024-04-09 13:06:00+05:30,3786.5,3787.1,3785,3785,100,
2024-04-09 13:07:00+05:30,3785,3786.65,3785,3785.95,20,
2024-04-09 13:08:00+05:30,3785.95,3787.25,3785.1,3785.1,162,
2024-04-09 13:09:00+05:30,3785.1,3787.05,3785.1,3785.15,174,
2024-04-09 13:10:00+05:30,3785.15,3786.65,3785.1,3785.5,134,
2024-04-09 13:11:00+05:30,3785.5,3786.9,3784.2,3784.2,286,
2024-04-09 13:12:00+05:30,3784.2,3784.2,3781.65,3782.65,1265,
2024-04-09 13:13:00+05:30,3782.65,3784.15,3781.85,3783.7,238,
2024-04-09 13:14:00+05:30,3783.7,3783.7,3781.05,3781.05,70,
2024-04-09 13:15:00+05:30,3781.05,3782,3778.55,3778.55,448,
2024-04-09 13:16:00+05:30,3778.55,3779.7,3778.2,3779.05,46,
2024-04-09 13:17:00+05:30,3779.05,3779.35,3775.05,3777.45,1259,
2024-04-09 13:18:00+05:30,3776.3,3781.45,3775.1,3781.25,1675,
2024-04-09 13:19:00+05:30,3781,3781.5,3779.5,3779.85,1731,
2024-04-09 13:20:00+05:30,3779.85,3783.45,3777.15,3783.45,1143,
2024-04-09 13:21:00+05:30,3781.35,3783.5,3780.65,3781.5,429,
2024-04-09 13:22:00+05:30,3781.5,3787.6,3781.5,3786.4,187,
2024-04-09 13:23:00+05:30,3786.4,3789,3784,3788,9112,
2024-04-09 13:24:00+05:30,3788,3789,3783.4,3783.45,55,
2024-04-09 13:25:00+05:30,3783.45,3786.9,3783.35,3785.6,80,
2024-04-09 13:26:00+05:30,3785.6,3785.6,3782.4,3782.75,73,
2024-04-09 13:27:00+05:30,3782.75,3784.8,3782.25,3782.95,53,
2024-04-09 13:28:00+05:30,3782.95,3784.45,3781.3,3784.4,62,
2024-04-09 13:29:00+05:30,3784.4,3786,3782.95,3784.6,29,
2024-04-09 13:30:00+05:30,3784.6,3784.6,3782.1,3783.7,115,
2024-04-09 13:31:00+05:30,3783.7,3783.7,3781.65,3781.65,70,
2024-04-09 13:32:00+05:30,3781.65,3782.05,3780.25,3782.05,86,
2024-04-09 13:33:00+05:30,3782.05,3783,3780.5,3782.05,159,
2024-04-09 13:34:00+05:30,3782.05,3782.05,3781.05,3781.55,3,
2024-04-09 13:35:00+05:30,3781.55,3781.65,3780,3781.15,386,
2024-04-09 13:36:00+05:30,3781.15,3783,3780.1,3783,42,
2024-04-09 13:37:00+05:30,3783,3783,3780.5,3781.55,34,
2024-04-09 13:38:00+05:30,3781.55,3781.55,3780,3780,39,
2024-04-09 13:39:00+05:30,3780,3780.95,3780,3780.95,278,
2024-04-09 13:40:00+05:30,3780.95,3782.5,3780.65,3782.5,47,
2024-04-09 13:41:00+05:30,3782.5,3782.5,3780.65,3780.7,77,
2024-04-09 13:42:00+05:30,3780.7,3783,3780.7,3783,43,
2024-04-09 13:43:00+05:30,3783,3783,3780.7,3780.75,49,
2024-04-09 13:44:00+05:30,3780.75,3782.4,3780.05,3780.05,39,
2024-04-09 13:45:00+05:30,3780.05,3782,3780,3780,561,
2024-04-09 13:46:00+05:30,3780,3781.5,3780,3780.05,389,
2024-04-09 13:47:00+05:30,3780.05,3781.25,3780,3780,3467,
2024-04-09 13:48:00+05:30,3780,3783,3780,3781.4,260,
2024-04-09 13:49:00+05:30,3781.4,3785.6,3780.65,3784.15,264,
2024-04-09 13:50:00+05:30,3784.15,3784.4,3782.55,3782.65,30,
2024-04-09 13:51:00+05:30,3782.65,3785.95,3782.6,3784.9,253,
2024-04-09 13:52:00+05:30,3784.9,3786,3784.4,3784.45,77,
2024-04-09 13:53:00+05:30,3787.05,3793.7,3785.7,3793.7,1545,
2024-04-09 13:54:00+05:30,3792.55,3795.25,3792.1,3792.1,341,
2024-04-09 13:55:00+05:30,3792.1,3795.25,3792.1,3793.55,203,
2024-04-09 13:56:00+05:30,3793.55,3794.35,3791.7,3792.35,200,
2024-04-09 13:57:00+05:30,3792.35,3794.9,3792.35,3793,87,
2024-04-09 13:58:00+05:30,3793,3795,3790.7,3793.35,1759,
2024-04-09 13:59:00+05:30,3792.75,3795.7,3792.75,3794.6,636,
2024-04-09 14:00:00+05:30,3794.6,3795.6,3792,3794.85,1274,
2024-04-09 14:01:00+05:30,3793.1,3794.75,3788.8,3791.75,2960,
2024-04-09 14:02:00+05:30,3791.65,3792.3,3786.4,3786.4,285,
2024-04-09 14:03:00+05:30,3786.3,3787.8,3784.2,3785,261,
2024-04-09 14:04:00+05:30,3786.75,3787.85,3782.6,3786.45,1450,
2024-04-09 14:05:00+05:30,3786.45,3789,3785.4,3786.85,251,
2024-04-09 14:06:00+05:30,3786.85,3787.6,3785.1,3785.1,891,
2024-04-09 14:07:00+05:30,3786.9,3786.95,3783.2,3786.85,416,
2024-04-09 14:08:00+05:30,3786.85,3787.6,3783.3,3787.6,588,
2024-04-09 14:09:00+05:30,3787.6,3789.15,3785.2,3787.3,386,
2024-04-09 14:10:00+05:30,3788.5,3789.3,3786.35,3789.3,313,
2024-04-09 14:11:00+05:30,3788.25,3789.25,3787.05,3787.05,110,
2024-04-09 14:12:00+05:30,3787.7,3788.7,3785.6,3787.1,255,
2024-04-09 14:13:00+05:30,3787.1,3789.8,3785,3787.65,1266,
2024-04-09 14:14:00+05:30,3787.65,3789.65,3785,3785,255,
2024-04-09 14:15:00+05:30,3785,3788.35,3785,3785.25,358,
2024-04-09 14:16:00+05:30,3785.25,3788.05,3785,3788,422,
2024-04-09 14:17:00+05:30,3788,3788.65,3786.1,3786.15,185,
2024-04-09 14:18:00+05:30,3786.15,3789.55,3786.05,3786.4,207,
2024-04-09 14:19:00+05:30,3786.4,3792,3786.4,3790.65,366,
2024-04-09 14:20:00+05:30,3790.65,3792.15,3789.15,3790,433,
2024-04-09 14:21:00+05:30,3790,3792.35,3790,3790,367,
2024-04-09 14:22:00+05:30,3790.05,3795,3789.95,3792.95,1656,
2024-04-09 14:23:00+05:30,3792.95,3797.7,3792.75,3793.1,1041,
2024-04-09 14:24:00+05:30,3793.1,3795.45,3790.05,3790.05,136,
2024-04-09 14:25:00+05:30,3790,3793.45,3790,3790.05,247,
2024-04-09 14:26:00+05:30,3790.05,3792.25,3790,3790.5,149,
2024-04-09 14:27:00+05:30,3790.45,3792.95,3790,3790.35,365,
2024-04-09 14:28:00+05:30,3790.35,3792.4,3789.95,3790,158,
2024-04-09 14:29:00+05:30,3790,3791.05,3788.05,3790.6,421,
2024-04-09 14:30:00+05:30,3790.6,3791.5,3788.1,3788.2,226,
2024-04-09 14:31:00+05:30,3788.2,3791,3788.2,3789,179,
2024-04-09 14:32:00+05:30,3789,3792.85,3788.25,3791.05,527,
2024-04-09 14:33:00+05:30,3791,3791.9,3788.85,3789.15,165,
2024-04-09 14:34:00+05:30,3789.15,3791.3,3788.4,3791.15,208,
2024-04-09 14:35:00+05:30,3789.25,3792.5,3788.25,3792.5,616,
2024-04-09 14:36:00+05:30,3791.9,3793.4,3788.35,3788.5,423,
2024-04-09 14:37:00+05:30,3789,3791.75,3788.45,3791.5,178,
2024-04-09 14:38:00+05:30,3791.5,3791.65,3788.5,3788.85,981,
2024-04-09 14:39:00+05:30,3788.85,3791.7,3788.3,3789.85,156,
2024-04-09 14:40:00+05:30,3788.8,3791.3,3788.4,3790.25,461,
2024-04-09 14:41:00+05:30,3790.25,3791.65,3788,3788,1215,
2024-04-09 14:42:00+05:30,3788,3789.8,3788,3788,189,
2024-04-09 14:43:00+05:30,3788,3789.8,3788,3788.1,172,
2024-04-09 14:44:00+05:30,3788.1,3791.05,3788,3790.65,503,
2024-04-09 14:45:00+05:30,3790.65,3792,3788.5,3791.2,189,
2024-04-09 14:46:00+05:30,3791.2,3793.15,3788.75,3791.4,529,
2024-04-09 14:47:00+05:30,3791.4,3792.45,3789.8,3790.05,214,
2024-04-09 14:48:00+05:30,3790.05,3791.9,3788.85,3789.7,186,
2024-04-09 14:49:00+05:30,3789.7,3792.45,3789.2,3792.45,483,
2024-04-09 14:50:00+05:30,3793.1,3793.5,3791.8,3791.8,354,
2024-04-09 14:51:00+05:30,3791.8,3794.95,3790.5,3794,559,
2024-04-09 14:52:00+05:30,3794,3798.95,3794,3797.9,1105,
2024-04-09 14:53:00+05:30,3797.9,3797.9,3796,3796,131,
2024-04-09 14:54:00+05:30,3796,3797.95,3796,3797.9,113,
2024-04-09 14:55:00+05:30,3797.9,3800,3797.9,3798,810,
2024-04-09 14:56:00+05:30,3798,3803.7,3798,3802.8,1339,
2024-04-09 14:57:00+05:30,3802.8,3803,3800.25,3803,533,
2024-04-09 14:58:00+05:30,3803,3803,3800.7,3802.7,431,
2024-04-09 14:59:00+05:30,3802.7,3802.7,3800,3801.5,353,
2024-04-09 15:00:00+05:30,3800.8,3801,3798.8,3798.9,469,
2024-04-09 15:01:00+05:30,3798.9,3800,3795.4,3795.8,669,
2024-04-09 15:02:00+05:30,3795.6,3801.75,3795.6,3801.5,3552,
2024-04-09 15:03:00+05:30,3801.5,3802,3801.45,3801.9,309,
2024-04-09 15:04:00+05:30,3801.9,3803.25,3801.75,3803.15,1202,
2024-04-09 15:05:00+05:30,3803.15,3804.25,3801.8,3802,1096,
2024-04-09 15:06:00+05:30,3802,3802,3800,3802,830,
2024-04-09 15:07:00+05:30,3802,3802,3800,3800,167,
2024-04-09 15:08:00+05:30,3800.15,3801,3800,3801,1423,
2024-04-09 15:09:00+05:30,3801,3802.8,3800.35,3802,1037,
2024-04-09 15:10:00+05:30,3802,3802,3800,3801.6,1576,
2024-04-09 15:11:00+05:30,3801.6,3802.75,3800,3800,1076,
2024-04-09 15:12:00+05:30,3800,3802.9,3800,3801.85,1957,
2024-04-09 15:13:00+05:30,3801.95,3804,3801.95,3804,1177,
2024-04-09 15:14:00+05:30,3804.15,3806.95,3804,3805.75,3273,
2024-04-09 15:15:00+05:30,3805.8,3809,3805,3809,2995,
2024-04-09 15:16:00+05:30,3807.85,3811.65,3806.7,3810.15,3376,
2024-04-09 15:17:00+05:30,3810.75,3814.65,3810.15,3813.15,2503,
2024-04-09 15:18:00+05:30,3813.3,3814.2,3809.35,3811.7,2082,
2024-04-09 15:19:00+05:30,3811.7,3811.7,3808.6,3809.75,1017,
2024-04-09 15:20:00+05:30,3809.75,3811.25,3807.85,3807.85,1872,
2024-04-09 15:21:00+05:30,3808.75,3809.45,3805,3806.45,2183,
2024-04-09 15:22:00+05:30,3806.45,3806.95,3799.85,3803.9,1506,
2024-04-09 15:23:00+05:30,3803.9,3807,3801.8,3803.15,3921,
2024-04-09 15:24:00+05:30,3803.3,3806.55,3801.8,3806.05,1006,
2024-04-09 15:25:00+05:30,3806.1,3806.25,3805,3805.55,2199,
2024-04-09 15:26:00+05:30,3805.1,3805.75,3805,3805,1797,
2024-04-09 15:27:00+05:30,3805.2,3805.65,3799.65,3803.45,3152,
2024-04-09 15:28:00+05:30,3801.55,3803.4,3798,3802.5,930,
2024-04-09 15:29:00+05:30,3799.5,3805,3785,3795.65,1122,
2024-04-10 09:15:00+05:30,3763,3770,3711.25,3750.5,27220,
2024-04-10 09:16:00+05:30,3753.8,3757.1,3744.85,3753.25,8854,
2024-04-10 09:17:00+05:30,3752.8,3755.5,3747.15,3753,5099,
2024-04-10 09:18:00+05:30,3753,3755.6,3747.4,3754,5467,
2024-04-10 09:19:00+05:30,3754,3764.45,3742.2,3742.2,24715,
2024-04-10 09:20:00+05:30,3740.75,3751.7,3732.9,3743.45,20904,
2024-04-10 09:21:00+05:30,3742.8,3747.9,3737.85,3745.3,4025,
2024-04-10 09:22:00+05:30,3744.85,3744.85,3731.35,3733.35,6969,
2024-04-10 09:23:00+05:30,3733.35,3750,3733.35,3746.4,6414,
2024-04-10 09:24:00+05:30,3745.3,3751,3741,3742.75,4325,
2024-04-10 09:25:00+05:30,3742.75,3757,3742.45,3754,3674,
2024-04-10 09:26:00+05:30,3754,3759,3748.75,3758.85,1979,
2024-04-10 09:27:00+05:30,3758.85,3759.6,3753.95,3756.8,3088,
2024-04-10 09:28:00+05:30,3756.8,3757.6,3753,3754.7,3129,
2024-04-10 09:29:00+05:30,3754.7,3754.7,3746,3748.85,2906,
2024-04-10 09:30:00+05:30,3748.85,3755,3748.8,3754.5,2811,
2024-04-10 09:31:00+05:30,3754.5,3754.5,3745.05,3750.55,3169,
2024-04-10 09:32:00+05:30,3750.55,3752.5,3745.4,3749.75,2941,
2024-04-10 09:33:00+05:30,3749.75,3752.75,3749.4,3749.75,2037,
2024-04-10 09:34:00+05:30,3749.75,3751.95,3746.35,3749.95,864,
2024-04-10 09:35:00+05:30,3748.25,3748.9,3745.85,3748.7,2744,
2024-04-10 09:36:00+05:30,3748.7,3748.7,3732.55,3739.75,16837,
2024-04-10 09:37:00+05:30,3739.75,3739.75,3733.05,3735.45,5260,
2024-04-10 09:38:00+05:30,3737.5,3738.2,3734.25,3735.5,1367,
2024-04-10 09:39:00+05:30,3735.5,3735.6,3728.7,3731.1,3942,
2024-04-10 09:40:00+05:30,3731.1,3735.45,3726.4,3729.3,3538,
2024-04-10 09:41:00+05:30,3731.05,3731.3,3717.05,3728.15,11026,
2024-04-10 09:42:00+05:30,3728.15,3730.7,3726.1,3729.8,2101,
2024-04-10 09:43:00+05:30,3729.9,3729.9,3725.85,3725.9,3983,
2024-04-10 09:44:00+05:30,3725.9,3726.55,3722.35,3723.05,5796,
2024-04-10 09:45:00+05:30,3723.05,3724.9,3717,3719.5,7498,
2024-04-10 09:46:00+05:30,3719.5,3719.5,3710,3715.15,7936,
2024-04-10 09:47:00+05:30,3718.75,3720.25,3716.1,3719.05,1610,
2024-04-10 09:48:00+05:30,3719.05,3719.7,3706,3707.5,5403,
2024-04-10 09:49:00+05:30,3705.75,3719,3705.15,3716.35,41298,
2024-04-10 09:50:00+05:30,3716.35,3723.3,3716.05,3722.4,2136,
2024-04-10 09:51:00+05:30,3722.4,3724.55,3721.05,3721.55,1262,
2024-04-10 09:52:00+05:30,3721.55,3723.8,3720,3721.45,1713,
2024-04-10 09:53:00+05:30,3721.45,3723.7,3712,3713.8,4825,
2024-04-10 09:54:00+05:30,3713.8,3729,3713.8,3726.95,32517,
2024-04-10 09:55:00+05:30,3726.95,3730.6,3715.4,3716.05,3582,
2024-04-10 09:56:00+05:30,3716.05,3724.25,3716.05,3722.55,1226,
2024-04-10 09:57:00+05:30,3724.5,3727.8,3722,3723.5,1124,
2024-04-10 09:58:00+05:30,3723.5,3723.7,3718.85,3722.3,1327,
2024-04-10 09:59:00+05:30,3722.3,3722.35,3718.9,3718.9,905,
2024-04-10 10:00:00+05:30,3718.65,3721.85,3717.4,3718.2,1180,
2024-04-10 10:01:00+05:30,3720,3720,3717.1,3718.3,810,
2024-04-10 10:02:00+05:30,3718.3,3722.35,3718.3,3721.4,2839,
2024-04-10 10:03:00+05:30,3722.35,3724.55,3720,3722.65,2384,
2024-04-10 10:04:00+05:30,3724.6,3724.95,3722.6,3722.6,1591,
2024-04-10 10:05:00+05:30,3722.6,3722.8,3720.2,3721.35,927,
2024-04-10 10:06:00+05:30,3721.35,3726.25,3720.35,3724.25,22302,
2024-04-10 10:07:00+05:30,3724,3725.45,3721.85,3722.1,1581,
2024-04-10 10:08:00+05:30,3722.1,3724.35,3721.85,3722.15,913,
2024-04-10 10:09:00+05:30,3722.15,3725,3721.9,3724,1201,
2024-04-10 10:10:00+05:30,3724,3726.25,3722.75,3724.7,1399,
2024-04-10 10:11:00+05:30,3724.7,3727,3723,3727,1259,
2024-04-10 10:12:00+05:30,3727,3727,3725,3725.55,944,
2024-04-10 10:13:00+05:30,3725.55,3726.35,3725,3726.35,401,
2024-04-10 10:14:00+05:30,3726.35,3729.6,3726.35,3727.55,898,
2024-04-10 10:15:00+05:30,3729.1,3729.4,3726.2,3728.5,1205,
2024-04-10 10:16:00+05:30,3727,3729,3725.45,3727.65,850,
2024-04-10 10:17:00+05:30,3727.65,3729.25,3725,3726.1,4209,
2024-04-10 10:18:00+05:30,3726.1,3728.1,3722.05,3722.85,8842,
2024-04-10 10:19:00+05:30,3723.95,3725,3722.5,3723.4,386,
2024-04-10 10:20:00+05:30,3725,3725,3720,3720.4,1696,
2024-04-10 10:21:00+05:30,3720,3721.8,3720,3720.2,3700,
2024-04-10 10:22:00+05:30,3721.55,3721.55,3717,3717,4864,
2024-04-10 10:23:00+05:30,3717.45,3719.95,3717,3718.2,1285,
2024-04-10 10:24:00+05:30,3719.85,3725.25,3718.25,3722.9,1643,
2024-04-10 10:25:00+05:30,3724.65,3730.7,3722.95,3730,1859,
2024-04-10 10:26:00+05:30,3730.7,3733,3730,3731.4,1953,
2024-04-10 10:27:00+05:30,3731.4,3737,3731,3736.2,3350,
2024-04-10 10:28:00+05:30,3737,3738.85,3735,3737.3,1466,
2024-04-10 10:29:00+05:30,3736,3739.95,3735,3735.85,3105,
2024-04-10 10:30:00+05:30,3735.85,3738.5,3735,3738.5,669,
2024-04-10 10:31:00+05:30,3739,3747.05,3738,3741,4227,
2024-04-10 10:32:00+05:30,3741,3743.95,3732.7,3732.7,2876,
2024-04-10 10:33:00+05:30,3734.55,3734.7,3724,3727.8,3060,
2024-04-10 10:34:00+05:30,3727.8,3728.2,3726.25,3726.8,564,
2024-04-10 10:35:00+05:30,3728.2,3731.9,3727.1,3728.15,318,
2024-04-10 10:36:00+05:30,3729.95,3729.95,3727.05,3727.05,340,
2024-04-10 10:37:00+05:30,3728.7,3729.5,3727.05,3728.55,494,
2024-04-10 10:38:00+05:30,3728.9,3729.05,3727.1,3727.15,530,
2024-04-10 10:39:00+05:30,3728.75,3729.95,3726.2,3726.85,2193,
2024-04-10 10:40:00+05:30,3726.85,3726.85,3722,3722.5,1136,
2024-04-10 10:41:00+05:30,3723.9,3724.7,3722.5,3724.65,516,
2024-04-10 10:42:00+05:30,3724.65,3726.7,3722.75,3723.55,400,
2024-04-10 10:43:00+05:30,3723.55,3725.1,3719.25,3719.55,7605,
2024-04-10 10:44:00+05:30,3720,3725.5,3719.75,3723.95,654,
2024-04-10 10:45:00+05:30,3725.5,3729.85,3722.5,3723.05,1505,
2024-04-10 10:46:00+05:30,3723.05,3723.85,3722.5,3723.5,1116,
2024-04-10 10:47:00+05:30,3723.5,3723.85,3722.5,3723,396,
2024-04-10 10:48:00+05:30,3723,3724,3722.2,3722.5,731,
2024-04-10 10:49:00+05:30,3722.5,3724.9,3722.5,3723.75,795,
2024-04-10 10:50:00+05:30,3723.75,3726.2,3723,3724.15,571,
2024-04-10 10:51:00+05:30,3724.15,3727.3,3724.15,3724.5,371,
2024-04-10 10:52:00+05:30,3724.5,3727.7,3723.65,3725,860,
2024-04-10 10:53:00+05:30,3725,3728.35,3725,3727.5,213,
2024-04-10 10:54:00+05:30,3727.5,3728,3726.5,3726.5,225,
2024-04-10 10:55:00+05:30,3726.5,3727,3723.05,3725,859,
2024-04-10 10:56:00+05:30,3725,3727.5,3724.6,3725.75,215,
2024-04-10 10:57:00+05:30,3725.75,3727.5,3725,3725.75,482,
2024-04-10 10:58:00+05:30,3725.75,3727.5,3725.75,3726.4,196,
2024-04-10 10:59:00+05:30,3726.4,3734.85,3726.4,3732.8,1818,
2024-04-10 11:00:00+05:30,3732.8,3734.75,3732.05,3732.05,597,
2024-04-10 11:01:00+05:30,3732.05,3734.7,3732.05,3733.95,388,
2024-04-10 11:02:00+05:30,3733.95,3734,3731.65,3732.65,356,
2024-04-10 11:03:00+05:30,3734,3734,3732.15,3732.15,377,
2024-04-10 11:04:00+05:30,3732.15,3735,3732,3732.75,772,
2024-04-10 11:05:00+05:30,3734.65,3735.7,3734.55,3734.55,199,
2024-04-10 11:06:00+05:30,3735.7,3736.7,3733.25,3733.25,501,
2024-04-10 11:07:00+05:30,3733.25,3736,3732.55,3732.55,454,
2024-04-10 11:08:00+05:30,3732.55,3734.4,3730,3730,1383,
2024-04-10 11:09:00+05:30,3731.45,3732,3730,3730.1,402,
2024-04-10 11:10:00+05:30,3730.1,3732,3730,3730.15,277,
2024-04-10 11:11:00+05:30,3730.15,3732.4,3730.15,3732.4,685,
2024-04-10 11:12:00+05:30,3732.4,3733.4,3730.95,3731.3,229,
2024-04-10 11:13:00+05:30,3731.3,3733.05,3725.25,3726.65,1858,
2024-04-10 11:14:00+05:30,3726.65,3729.5,3724,3727.75,1453,
2024-04-10 11:15:00+05:30,3727.75,3729.85,3727.15,3728,803,
2024-04-10 11:16:00+05:30,3729.4,3734.65,3726.4,3731.6,10992,
2024-04-10 11:17:00+05:30,3730,3731.6,3728,3728,8058,
2024-04-10 11:18:00+05:30,3728,3731.3,3728,3729.25,1844,
2024-04-10 11:19:00+05:30,3729.25,3731.55,3722.3,3728.85,14441,
2024-04-10 11:20:00+05:30,3728.85,3728.85,3725.95,3726.5,238,
2024-04-10 11:21:00+05:30,3726.5,3728,3722.45,3724,14275,
2024-04-10 11:22:00+05:30,3724,3729.6,3724,3728,9413,
2024-04-10 11:23:00+05:30,3728,3730.95,3728,3730,1390,
2024-04-10 11:24:00+05:30,3728.65,3730,3728,3728.5,155,
2024-04-10 11:25:00+05:30,3728.5,3731,3728.5,3730,7479,
2024-04-10 11:26:00+05:30,3730,3734.5,3730,3731.8,752,
2024-04-10 11:27:00+05:30,3731.8,3733.5,3731.7,3733.5,412,
2024-04-10 11:28:00+05:30,3731.8,3733.55,3730,3730.35,414,
2024-04-10 11:29:00+05:30,3730.35,3734,3730.35,3731.2,892,
2024-04-10 11:30:00+05:30,3731.2,3733.2,3731.05,3731.1,319,
2024-04-10 11:31:00+05:30,3731.1,3733,3730.9,3731.05,230,
2024-04-10 11:32:00+05:30,3731.05,3733,3731.05,3731.8,317,
2024-04-10 11:33:00+05:30,3731.8,3734,3731.8,3732.5,282,
2024-04-10 11:34:00+05:30,3734,3734.7,3732.05,3734.7,410,
2024-04-10 11:35:00+05:30,3734.7,3735,3730,3732.85,13774,
2024-04-10 11:36:00+05:30,3730.75,3734.5,3730.75,3734.4,1301,
2024-04-10 11:37:00+05:30,3734.4,3735,3732.05,3733.4,555,
2024-04-10 11:38:00+05:30,3733.4,3735.7,3733.35,3735,999,
2024-04-10 11:39:00+05:30,3733.4,3735,3732.05,3735,1102,
2024-04-10 11:40:00+05:30,3733.5,3736,3733.15,3735.6,911,
2024-04-10 11:41:00+05:30,3735.6,3736,3735,3735,402,
2024-04-10 11:42:00+05:30,3735,3736.7,3735,3735.2,1355,
2024-04-10 11:43:00+05:30,3735.2,3738,3735.2,3735.55,2166,
2024-04-10 11:44:00+05:30,3735.55,3737.5,3735.5,3736,197,
2024-04-10 11:45:00+05:30,3736.95,3736.95,3735,3735.25,354,
2024-04-10 11:46:00+05:30,3735.3,3736.7,3735,3735,295,
2024-04-10 11:47:00+05:30,3736.45,3737,3735,3735.2,970,
2024-04-10 11:48:00+05:30,3737,3737,3730.1,3734,2085,
2024-04-10 11:49:00+05:30,3734,3735.05,3730.1,3735.05,1165,
2024-04-10 11:50:00+05:30,3734.6,3735.85,3731.05,3734.35,558,
2024-04-10 11:51:00+05:30,3734,3734.65,3732.15,3732.9,679,
2024-04-10 11:52:00+05:30,3732.9,3736.8,3732.9,3735,738,
2024-04-10 11:53:00+05:30,3735,3736.65,3733.6,3735,381,
2024-04-10 11:54:00+05:30,3735,3736.5,3735,3735,340,
2024-04-10 11:55:00+05:30,3735,3736.4,3735,3735.05,323,
2024-04-10 11:56:00+05:30,3736.4,3736.5,3735,3735.05,396,
2024-04-10 11:57:00+05:30,3735.2,3737.5,3735,3735.65,1473,
2024-04-10 11:58:00+05:30,3735.65,3737.5,3735.05,3735.4,262,
2024-04-10 11:59:00+05:30,3735.4,3737,3735,3736.65,253,
2024-04-10 12:00:00+05:30,3735,3737,3735,3735.65,706,
2024-04-10 12:01:00+05:30,3735.65,3739,3735.65,3736.7,2264,
2024-04-10 12:02:00+05:30,3736.7,3738.75,3736,3736.2,318,
2024-04-10 12:03:00+05:30,3736.2,3738.15,3735,3735,671,
2024-04-10 12:04:00+05:30,3735,3737.4,3735,3735.5,410,
2024-04-10 12:05:00+05:30,3737.4,3744.7,3735.5,3741.4,10408,
2024-04-10 12:06:00+05:30,3741.4,3749,3741.4,3748.95,2084,
2024-04-10 12:07:00+05:30,3747.5,3749,3747,3749,1177,
2024-04-10 12:08:00+05:30,3749,3750.95,3745.2,3747.4,31781,
2024-04-10 12:09:00+05:30,3747,3751.85,3747,3750.45,1565,
2024-04-10 12:10:00+05:30,3750.45,3753.05,3749.75,3751.65,2179,
2024-04-10 12:11:00+05:30,3751.65,3751.65,3747,3747.35,1152,
2024-04-10 12:12:00+05:30,3747.35,3751,3747,3748.85,770,
2024-04-10 12:13:00+05:30,3748.85,3751.55,3748.85,3749.5,831,
2024-04-10 12:14:00+05:30,3749.5,3751.65,3749.5,3749.5,1061,
2024-04-10 12:15:00+05:30,3749.5,3751.5,3747.55,3747.55,669,
2024-04-10 12:16:00+05:30,3747.55,3750,3747.55,3747.65,424,
2024-04-10 12:17:00+05:30,3747.65,3749.3,3747,3747.45,942,
2024-04-10 12:18:00+05:30,3747.45,3749.45,3747.45,3748.35,472,
2024-04-10 12:19:00+05:30,3748.2,3749.9,3747,3748.15,778,
2024-04-10 12:20:00+05:30,3748.15,3749.4,3747,3747,550,
2024-04-10 12:21:00+05:30,3747,3749.85,3747,3748,545,
2024-04-10 12:22:00+05:30,3748,3751,3747,3748.7,2045,
2024-04-10 12:23:00+05:30,3748.7,3750.55,3747.15,3748.05,764,
2024-04-10 12:24:00+05:30,3750,3750,3747.75,3749.1,766,
2024-04-10 12:25:00+05:30,3749.1,3749.85,3747.35,3749,403,
2024-04-10 12:26:00+05:30,3749,3751.45,3747,3748.05,3530,
2024-04-10 12:27:00+05:30,3748.05,3751.5,3748.05,3751.5,938,
2024-04-10 12:28:00+05:30,3751.5,3751.8,3750,3751.5,535,
2024-04-10 12:29:00+05:30,3751.5,3752,3750,3751.6,411,
2024-04-10 12:30:00+05:30,3751.6,3759.95,3750.05,3759.9,5423,
2024-04-10 12:31:00+05:30,3759.9,3766.9,3759.05,3763.2,2923,
2024-04-10 12:32:00+05:30,3763.2,3764.55,3761,3761.9,1069,
2024-04-10 12:33:00+05:30,3761,3764.45,3761,3764,1878,
2024-04-10 12:34:00+05:30,3764,3767.95,3761.9,3767.85,1361,
2024-04-10 12:35:00+05:30,3767.8,3769,3765.45,3768.95,650,
2024-04-10 12:36:00+05:30,3769,3769,3766,3768.5,1260,
2024-04-10 12:37:00+05:30,3768.5,3769.8,3766,3768.4,858,
2024-04-10 12:38:00+05:30,3766.5,3768.9,3766.4,3766.95,719,
2024-04-10 12:39:00+05:30,3766.95,3768.65,3766,3767.45,530,
2024-04-10 12:40:00+05:30,3767.45,3768.9,3766.45,3768.9,263,
2024-04-10 12:41:00+05:30,3768.9,3776.05,3767.35,3770.95,7122,
2024-04-10 12:42:00+05:30,3769.95,3771,3766.05,3767,2086,
2024-04-10 12:43:00+05:30,3768.7,3772,3767,3771.25,864,
2024-04-10 12:44:00+05:30,3768.7,3772.85,3768.7,3772.85,1525,
2024-04-10 12:45:00+05:30,3772.85,3775,3772.15,3774.9,454,
2024-04-10 12:46:00+05:30,3774.9,3775,3772,3773.75,1104,
2024-04-10 12:47:00+05:30,3773.7,3773.75,3770,3770.4,1538,
2024-04-10 12:48:00+05:30,3770.4,3770.5,3768.6,3770.5,737,
2024-04-10 12:49:00+05:30,3770.5,3772.4,3769.15,3771.2,1505,
2024-04-10 12:50:00+05:30,3771.2,3772.95,3771.2,3772.35,735,
2024-04-10 12:51:00+05:30,3772.35,3772.5,3770.6,3771.95,256,
2024-04-10 12:52:00+05:30,3770.25,3771.6,3767.6,3769.7,1283,
2024-04-10 12:53:00+05:30,3769.7,3769.7,3767.65,3767.85,551,
2024-04-10 12:54:00+05:30,3767.85,3769.95,3767.65,3769.8,769,
2024-04-10 12:55:00+05:30,3769.8,3769.8,3762.1,3763.2,1418,
2024-04-10 12:56:00+05:30,3763.2,3763.75,3759.8,3760.45,1791,
2024-04-10 12:57:00+05:30,3760.45,3764.95,3759.5,3764.95,1140,
2024-04-10 12:58:00+05:30,3764.95,3765.5,3760.05,3760.05,718,
2024-04-10 12:59:00+05:30,3760.05,3764.2,3760.05,3763.95,610,
2024-04-10 13:00:00+05:30,3764.85,3765,3763,3763,195,
2024-04-10 13:01:00+05:30,3763,3765.35,3763,3764.95,510,
2024-04-10 13:02:00+05:30,3764.95,3767.45,3758.1,3758.4,2411,
2024-04-10 13:03:00+05:30,3758.2,3766.85,3756.2,3766.25,5401,
2024-04-10 13:04:00+05:30,3766.25,3767.9,3763.9,3765.8,3744,
2024-04-10 13:05:00+05:30,3767.5,3768,3763.1,3765.15,1075,
2024-04-10 13:06:00+05:30,3765.1,3765.1,3763.3,3764.55,228,
2024-04-10 13:07:00+05:30,3764.55,3764.55,3760.55,3760.85,1031,
2024-04-10 13:08:00+05:30,3760.85,3761.65,3758.6,3760.15,798,
2024-04-10 13:09:00+05:30,3760.15,3760.15,3756.05,3759.75,1062,
2024-04-10 13:10:00+05:30,3759.75,3760,3755.8,3758.85,612,
2024-04-10 13:11:00+05:30,3758.85,3764.45,3757.25,3763.45,1161,
2024-04-10 13:12:00+05:30,3763.45,3766.95,3761.4,3765.95,1274,
2024-04-10 13:13:00+05:30,3765.95,3766.5,3761.2,3763.85,573,
2024-04-10 13:14:00+05:30,3765,3766,3762,3763.7,551,
2024-04-10 13:15:00+05:30,3763.7,3764.55,3761.05,3763.15,317,
2024-04-10 13:16:00+05:30,3763.15,3763.4,3760.05,3760.3,306,
2024-04-10 13:17:00+05:30,3761.95,3762.5,3760.05,3762.35,292,
2024-04-10 13:18:00+05:30,3762.35,3763.05,3760.5,3760.5,944,
2024-04-10 13:19:00+05:30,3761.65,3761.65,3758.05,3758.35,1091,
2024-04-10 13:20:00+05:30,3760.3,3761.6,3758.05,3759.8,352,
2024-04-10 13:21:00+05:30,3759.8,3762.4,3758.05,3761.75,943,
2024-04-10 13:22:00+05:30,3761.75,3765.95,3759.65,3762.2,595,
2024-04-10 13:23:00+05:30,3762.55,3763.45,3759.7,3762,333,
2024-04-10 13:24:00+05:30,3761.05,3767.25,3761.05,3761.8,777,
2024-04-10 13:25:00+05:30,3761.8,3764.4,3761.15,3762.6,408,
2024-04-10 13:26:00+05:30,3762.6,3766.45,3762.6,3766.45,411,
2024-04-10 13:27:00+05:30,3766.45,3767.9,3764.2,3767,1221,
2024-04-10 13:28:00+05:30,3767,3767.35,3763.45,3764.85,423,
2024-04-10 13:29:00+05:30,3764.85,3766.9,3762.05,3766.35,933,
2024-04-10 13:30:00+05:30,3766.35,3766.45,3763.35,3765,602,
2024-04-10 13:31:00+05:30,3765,3766.15,3763,3764.8,414,
2024-04-10 13:32:00+05:30,3764.8,3769.15,3763.6,3768.35,1000,
2024-04-10 13:33:00+05:30,3768.35,3768.4,3765,3767.05,263,
2024-04-10 13:34:00+05:30,3767.05,3767.25,3764.95,3764.95,255,
2024-04-10 13:35:00+05:30,3766.4,3767.7,3764.2,3767.25,325,
2024-04-10 13:36:00+05:30,3767.25,3769.25,3765.4,3768.8,1564,
2024-04-10 13:37:00+05:30,3768.9,3769.05,3765.6,3765.6,566,
2024-04-10 13:38:00+05:30,3766.15,3767.2,3765.6,3767.15,557,
2024-04-10 13:39:00+05:30,3767.15,3768.95,3765.65,3768.2,584,
2024-04-10 13:40:00+05:30,3768.2,3772.65,3766.2,3772.65,1392,
2024-04-10 13:41:00+05:30,3772.65,3772.65,3770,3770.25,608,
2024-04-10 13:42:00+05:30,3770.25,3773.35,3770,3773.35,1441,
2024-04-10 13:43:00+05:30,3773.5,3774,3771.8,3771.8,382,
2024-04-10 13:44:00+05:30,3772.4,3773.15,3771.7,3771.85,477,
2024-04-10 13:45:00+05:30,3772.25,3775,3771,3772.65,1746,
2024-04-10 13:46:00+05:30,3772.65,3772.8,3768.4,3768.4,1534,
2024-04-10 13:47:00+05:30,3769.25,3769.25,3765,3766.35,1330,
2024-04-10 13:48:00+05:30,3766.35,3766.5,3764.75,3766.2,1845,
2024-04-10 13:49:00+05:30,3764.75,3766.75,3764.5,3764.5,3349,
2024-04-10 13:50:00+05:30,3764.5,3769,3764.25,3767.5,1146,
2024-04-10 13:51:00+05:30,3767.75,3769.95,3766.1,3766.25,583,
2024-04-10 13:52:00+05:30,3766.25,3767.55,3765,3765.25,423,
2024-04-10 13:53:00+05:30,3765.25,3767.95,3765,3767.65,408,
2024-04-10 13:54:00+05:30,3768.95,3770,3765.75,3768.95,569,
2024-04-10 13:55:00+05:30,3768.95,3770.9,3766.35,3770,525,
2024-04-10 13:56:00+05:30,3770,3770.4,3767.65,3770.4,423,
2024-04-10 13:57:00+05:30,3770.4,3771.25,3768.6,3769.25,401,
2024-04-10 13:58:00+05:30,3770.9,3773.95,3768.95,3773.95,630,
2024-04-10 13:59:00+05:30,3774,3774,3769,3772.95,2026,
2024-04-10 14:00:00+05:30,3772.95,3773,3770.25,3770.4,365,
2024-04-10 14:01:00+05:30,3770.4,3771.3,3764.95,3767.45,2792,
2024-04-10 14:02:00+05:30,3767.45,3767.95,3764.5,3766.65,646,
2024-04-10 14:03:00+05:30,3766.65,3767.85,3764,3765.3,4397,
2024-04-10 14:04:00+05:30,3765.3,3767.6,3764.5,3767.6,1429,
2024-04-10 14:05:00+05:30,3767.6,3768.3,3764,3766.15,1043,
2024-04-10 14:06:00+05:30,3765.2,3766.55,3764,3764.1,605,
2024-04-10 14:07:00+05:30,3766.1,3766.2,3764.05,3765.5,479,
2024-04-10 14:08:00+05:30,3765.5,3766,3765,3765.1,574,
2024-04-10 14:09:00+05:30,3765.1,3766,3765,3765,339,
2024-04-10 14:10:00+05:30,3765,3765.5,3765,3765,187,
2024-04-10 14:11:00+05:30,3765,3765.95,3765,3765.3,1182,
2024-04-10 14:12:00+05:30,3765.3,3766,3758.05,3762.45,8351,
2024-04-10 14:13:00+05:30,3764.05,3766.1,3761.1,3764.35,6577,
2024-04-10 14:14:00+05:30,3764.35,3764.35,3760.35,3761.05,874,
2024-04-10 14:15:00+05:30,3761.05,3761.2,3755,3755.1,1787,
2024-04-10 14:16:00+05:30,3755.1,3756.25,3751.3,3755,1977,
2024-04-10 14:17:00+05:30,3755,3755,3750.5,3753,944,
2024-04-10 14:18:00+05:30,3753,3756.05,3750,3756.05,1262,
2024-04-10 14:19:00+05:30,3756.05,3760.9,3753.55,3760.65,1595,
2024-04-10 14:20:00+05:30,3758.95,3761.9,3754.65,3757.35,3879,
2024-04-10 14:21:00+05:30,3758.2,3759,3747,3747.45,7189,
2024-04-10 14:22:00+05:30,3747.45,3748.55,3747,3747.4,1379,
2024-04-10 14:23:00+05:30,3747.4,3752.15,3747,3749.55,1963,
2024-04-10 14:24:00+05:30,3749.5,3751,3742.95,3746.2,6169,
2024-04-10 14:25:00+05:30,3746.2,3748.5,3740.8,3746.25,1783,
2024-04-10 14:26:00+05:30,3746.25,3748.35,3737.7,3740.35,4756,
2024-04-10 14:27:00+05:30,3741.05,3748.85,3740,3748.75,3277,
2024-04-10 14:28:00+05:30,3746.65,3751.55,3746.4,3746.4,1087,
2024-04-10 14:29:00+05:30,3746.35,3750.05,3742.15,3742.5,1027,
2024-04-10 14:30:00+05:30,3742.5,3746.4,3739.65,3743.8,3547,
2024-04-10 14:31:00+05:30,3742.05,3746.75,3737.7,3740.65,4776,
2024-04-10 14:32:00+05:30,3743.05,3745.8,3741.45,3742.7,1614,
2024-04-10 14:33:00+05:30,3742.7,3746.05,3742.7,3743,406,
2024-04-10 14:34:00+05:30,3743,3744.5,3742.4,3742.55,289,
2024-04-10 14:35:00+05:30,3742.55,3744.8,3742.4,3742.4,1160,
2024-04-10 14:36:00+05:30,3742.4,3742.4,3737.25,3739.6,4486,
2024-04-10 14:37:00+05:30,3739.6,3742.3,3738,3738,610,
2024-04-10 14:38:00+05:30,3738,3749,3738,3748.25,7297,
2024-04-10 14:39:00+05:30,3748.25,3751.7,3746.05,3746.05,2044,
2024-04-10 14:40:00+05:30,3746.05,3748.65,3745.85,3748.65,192,
2024-04-10 14:41:00+05:30,3748.65,3750.6,3745.85,3749.95,1893,
2024-04-10 14:42:00+05:30,3751.7,3751.7,3745.6,3746.05,1028,
2024-04-10 14:43:00+05:30,3746.05,3748.25,3745,3748.25,2346,
2024-04-10 14:44:00+05:30,3748.25,3749.7,3745.45,3746.45,955,
2024-04-10 14:45:00+05:30,3746.45,3747.75,3745.5,3745.85,810,
2024-04-10 14:46:00+05:30,3745.85,3751,3745,3749.85,2064,
2024-04-10 14:47:00+05:30,3749.85,3751,3745.45,3746.9,514,
2024-04-10 14:48:00+05:30,3746.9,3751,3745.5,3748.2,439,
2024-04-10 14:49:00+05:30,3748.2,3748.2,3746,3746,162,
2024-04-10 14:50:00+05:30,3746,3748.3,3745,3747.75,351,
2024-04-10 14:51:00+05:30,3747.75,3748.4,3745.95,3746.75,595,
2024-04-10 14:52:00+05:30,3746.75,3749.75,3746.2,3747.5,1327,
2024-04-10 14:53:00+05:30,3747.5,3749.45,3746.15,3746.3,261,
2024-04-10 14:54:00+05:30,3746.3,3748.6,3745,3748.6,3393,
2024-04-10 14:55:00+05:30,3748.9,3751.9,3745.55,3746.8,1514,
2024-04-10 14:56:00+05:30,3749.05,3749.05,3746.1,3748.95,321,
2024-04-10 14:57:00+05:30,3748.95,3748.95,3745.5,3745.5,415,
2024-04-10 14:58:00+05:30,3745.5,3747.7,3745.5,3746.45,361,
2024-04-10 14:59:00+05:30,3746.45,3748.75,3745.65,3748.25,233,
2024-04-10 15:00:00+05:30,3748.35,3751.15,3745.75,3749.95,2472,
2024-04-10 15:01:00+05:30,3749.75,3749.8,3747.1,3748.15,772,
2024-04-10 15:02:00+05:30,3748.15,3751.65,3747.05,3749.6,1553,
2024-04-10 15:03:00+05:30,3749.6,3753.7,3748,3748,4766,
2024-04-10 15:04:00+05:30,3748.05,3750.75,3747.85,3747.95,3006,
2024-04-10 15:05:00+05:30,3747.95,3749.25,3745,3745.15,5949,
2024-04-10 15:06:00+05:30,3745,3748.6,3745,3745.7,5891,
2024-04-10 15:07:00+05:30,3745.7,3745.7,3745,3745.05,8242,
2024-04-10 15:08:00+05:30,3745.05,3745.9,3745,3745.05,5522,
2024-04-10 15:09:00+05:30,3745.05,3745.6,3740.05,3740.35,5647,
2024-04-10 15:10:00+05:30,3740.35,3744.9,3739.4,3741.25,6161,
2024-04-10 15:11:00+05:30,3741.05,3741.25,3738.05,3739,2799,
2024-04-10 15:12:00+05:30,3739,3739,3735.2,3736.05,3765,
2024-04-10 15:13:00+05:30,3736.1,3742.7,3735.95,3742.6,12366,
2024-04-10 15:14:00+05:30,3742.6,3744.65,3738.45,3741.05,10787,
2024-04-10 15:15:00+05:30,3742.05,3744.65,3740,3741,12510,
2024-04-10 15:16:00+05:30,3741,3741.9,3738.05,3739.4,6881,
2024-04-10 15:17:00+05:30,3739.4,3739.4,3735.05,3735.9,2712,
2024-04-10 15:18:00+05:30,3735.9,3735.9,3733.85,3735,4488,
2024-04-10 15:19:00+05:30,3735,3740,3735,3736.5,5411,
2024-04-10 15:20:00+05:30,3737.05,3737.05,3729.2,3729.95,12665,
2024-04-10 15:21:00+05:30,3729.95,3730,3729.15,3729.95,3268,
2024-04-10 15:22:00+05:30,3729.95,3730,3728.05,3730,2274,
2024-04-10 15:23:00+05:30,3729.85,3732,3726.05,3730.75,23642,
2024-04-10 15:24:00+05:30,3730.75,3732,3730,3732,4534,
2024-04-10 15:25:00+05:30,3732,3742,3731.85,3740,8550,
2024-04-10 15:26:00+05:30,3740,3740.1,3733.6,3737.45,2937,
2024-04-10 15:27:00+05:30,3737.5,3738,3735,3737.65,1695,
2024-04-10 15:28:00+05:30,3737.65,3739.9,3734.65,3739.9,2390,
2024-04-10 15:29:00+05:30,3739.95,3750,3739.4,3745,6822,
2024-04-12 09:15:00+05:30,3739,3742.55,3728,3739.85,3070,
2024-04-12 09:16:00+05:30,3736.45,3754.8,3733.45,3754.8,5498,
2024-04-12 09:17:00+05:30,3754.8,3755.7,3744.5,3748.85,2120,
2024-04-12 09:18:00+05:30,3748.85,3753.4,3747.3,3752.5,983,
2024-04-12 09:19:00+05:30,3752.55,3770.3,3752.55,3761.05,2658,
2024-04-12 09:20:00+05:30,3761.05,3770.3,3756.35,3761.8,4904,
2024-04-12 09:21:00+05:30,3761.8,3767.65,3760.8,3767.65,1027,
2024-04-12 09:22:00+05:30,3767.6,3774.45,3767.6,3771,1739,
2024-04-12 09:23:00+05:30,3770.9,3772,3763.25,3764.3,3084,
2024-04-12 09:24:00+05:30,3764.3,3765.7,3759.5,3760.15,987,
2024-04-12 09:25:00+05:30,3760.15,3771.35,3758.9,3767.75,2307,
2024-04-12 09:26:00+05:30,3767.75,3770.55,3766,3768.9,1537,
2024-04-12 09:27:00+05:30,3768.9,3769.8,3766.4,3769.5,894,
2024-04-12 09:28:00+05:30,3768.55,3769.6,3763.9,3766.4,500,
2024-04-12 09:29:00+05:30,3766.4,3770,3763.5,3768.85,868,
2024-04-12 09:30:00+05:30,3767.75,3768.3,3761.75,3764.45,1204,
2024-04-12 09:31:00+05:30,3764.45,3766.85,3763.55,3766.85,394,
2024-04-12 09:32:00+05:30,3766.85,3774.5,3766,3769.95,1558,
2024-04-12 09:33:00+05:30,3769.75,3772,3769.75,3771.95,598,
2024-04-12 09:34:00+05:30,3771.95,3775,3767.25,3772.25,2840,
2024-04-12 09:35:00+05:30,3768.4,3774.95,3767,3767,2368,
2024-04-12 09:36:00+05:30,3769.25,3775,3768.55,3773.25,2324,
2024-04-12 09:37:00+05:30,3773.25,3781.95,3773.2,3780.9,4930,
2024-04-12 09:38:00+05:30,3780.9,3782.25,3777.55,3779.65,1217,
2024-04-12 09:39:00+05:30,3780,3790,3779.85,3787.35,2885,
2024-04-12 09:40:00+05:30,3787.2,3794.85,3787.2,3789.95,6051,
2024-04-12 09:41:00+05:30,3789.1,3790.9,3787.7,3790.7,2095,
2024-04-12 09:42:00+05:30,3790.7,3793,3776.3,3776.3,3993,
2024-04-12 09:43:00+05:30,3778.5,3781.05,3774,3775.35,4025,
2024-04-12 09:44:00+05:30,3775.35,3776.9,3770,3770,1335,
2024-04-12 09:45:00+05:30,3770,3770,3764.2,3765.95,2083,
2024-04-12 09:46:00+05:30,3765.95,3775.8,3765.15,3775,614,
2024-04-12 09:47:00+05:30,3775,3779.7,3773.35,3777.95,345,
2024-04-12 09:48:00+05:30,3777.4,3784.55,3776,3784.55,1920,
2024-04-12 09:49:00+05:30,3784.55,3785,3780.1,3784.75,2242,
2024-04-12 09:50:00+05:30,3784.75,3791.35,3784.75,3789.95,3342,
2024-04-12 09:51:00+05:30,3789.95,3790,3784,3788.5,1403,
2024-04-12 09:52:00+05:30,3788.5,3792.65,3787,3792.65,3276,
2024-04-12 09:53:00+05:30,3792.4,3794.2,3790.3,3791.5,1154,
2024-04-12 09:54:00+05:30,3791.5,3791.9,3787.05,3787.05,902,
2024-04-12 09:55:00+05:30,3787.05,3789,3787,3789,680,
2024-04-12 09:56:00+05:30,3789,3793.65,3788.7,3793.5,1512,
2024-04-12 09:57:00+05:30,3793.5,3793.5,3790,3790.35,1734,
2024-04-12 09:58:00+05:30,3790.35,3790.9,3787.25,3787.25,1126,
2024-04-12 09:59:00+05:30,3787.25,3790.25,3786.7,3789.75,938,
2024-04-12 10:00:00+05:30,3789.75,3798.75,3789.1,3797.1,5406,
2024-04-12 10:01:00+05:30,3796.9,3799,3794.7,3798.9,2142,
2024-04-12 10:02:00+05:30,3798.9,3800,3792.2,3792.5,7753,
2024-04-12 10:03:00+05:30,3791,3798,3791,3798,1275,
2024-04-12 10:04:00+05:30,3798,3798,3793.05,3794.1,927,
2024-04-12 10:05:00+05:30,3794.1,3798,3794.1,3796.2,389,
2024-04-12 10:06:00+05:30,3796.2,3799,3795.65,3799,1273,
2024-04-12 10:07:00+05:30,3799,3800,3795.5,3795.5,2217,
2024-04-12 10:08:00+05:30,3795.5,3800,3795.5,3798.05,995,
2024-04-12 10:09:00+05:30,3798,3802.9,3798,3801.2,3899,
2024-04-12 10:10:00+05:30,3801.2,3804,3799.6,3804,1584,
2024-04-12 10:11:00+05:30,3803.95,3807.1,3803.25,3804.05,3556,
2024-04-12 10:12:00+05:30,3804.05,3808,3802.4,3805.4,2095,
2024-04-12 10:13:00+05:30,3805.4,3809,3795.55,3796.5,6622,
2024-04-12 10:14:00+05:30,3797.15,3797.95,3795.2,3795.2,1999,
2024-04-12 10:15:00+05:30,3795.2,3797.9,3794.2,3797.75,1071,
2024-04-12 10:16:00+05:30,3797.75,3805.95,3797.75,3800.95,1567,
2024-04-12 10:17:00+05:30,3800.15,3803,3799.2,3802.35,2248,
2024-04-12 10:18:00+05:30,3802.35,3802.35,3797.5,3798.35,3120,
2024-04-12 10:19:00+05:30,3798.3,3798.75,3788.05,3788.1,3296,
2024-04-12 10:20:00+05:30,3788.95,3793.9,3785.25,3793,3740,
2024-04-12 10:21:00+05:30,3793,3799,3793,3798.25,865,
2024-04-12 10:22:00+05:30,3798.25,3801,3798.25,3800.5,3241,
2024-04-12 10:23:00+05:30,3802,3803.1,3800.1,3801,1085,
2024-04-12 10:24:00+05:30,3801,3802.3,3800,3801.15,932,
2024-04-12 10:25:00+05:30,3801.15,3801.15,3796.95,3799.95,725,
2024-04-12 10:26:00+05:30,3799.95,3802.95,3798,3798.35,1618,
2024-04-12 10:27:00+05:30,3798.35,3800.7,3798.05,3800.7,701,
2024-04-12 10:28:00+05:30,3801,3802,3799.7,3801.9,342,
2024-04-12 10:29:00+05:30,3801.05,3801.85,3800,3800,511,
2024-04-12 10:30:00+05:30,3800,3801.75,3796.55,3797.65,1087,
2024-04-12 10:31:00+05:30,3797.65,3799.65,3796.35,3799.1,681,
2024-04-12 10:32:00+05:30,3799.1,3799.35,3797.05,3799.1,360,
2024-04-12 10:33:00+05:30,3799.95,3800,3793.95,3795,599,
2024-04-12 10:34:00+05:30,3795,3796.15,3792,3792,571,
2024-04-12 10:35:00+05:30,3792,3793.1,3789.05,3793.05,2539,
2024-04-12 10:36:00+05:30,3793.05,3793.75,3790,3792.6,1270,
2024-04-12 10:37:00+05:30,3793.35,3794,3792.6,3793.5,303,
2024-04-12 10:38:00+05:30,3793.5,3795,3793.45,3794.95,354,
2024-04-12 10:39:00+05:30,3794.95,3795,3790,3792.05,427,
2024-04-12 10:40:00+05:30,3793.2,3793.6,3791,3791.5,492,
2024-04-12 10:41:00+05:30,3791.5,3792.8,3787.2,3791.95,2502,
2024-04-12 10:42:00+05:30,3792.95,3796.3,3792.95,3795.45,1088,
2024-04-12 10:43:00+05:30,3795.45,3795.45,3792,3792,259,
2024-04-12 10:44:00+05:30,3792,3793.95,3788.4,3788.7,274,
2024-04-12 10:45:00+05:30,3789.3,3794.7,3789.1,3790.95,620,
2024-04-12 10:46:00+05:30,3790.95,3793.8,3790.95,3792,1338,
2024-04-12 10:47:00+05:30,3793.6,3795,3792,3795,272,
2024-04-12 10:48:00+05:30,3795,3797.95,3794.85,3797.3,724,
2024-04-12 10:49:00+05:30,3797.3,3801.4,3795,3796.6,1729,
2024-04-12 10:50:00+05:30,3796.6,3796.75,3792.05,3794.8,720,
2024-04-12 10:51:00+05:30,3794.65,3795.1,3792.45,3794.8,163,
2024-04-12 10:52:00+05:30,3794.8,3796,3792.55,3794.85,303,
2024-04-12 10:53:00+05:30,3794.85,3795.5,3792.35,3794.95,669,
2024-04-12 10:54:00+05:30,3794.95,3795.15,3794.4,3794.8,68,
2024-04-12 10:55:00+05:30,3794.8,3797.55,3794.8,3797.55,195,
2024-04-12 10:56:00+05:30,3797.55,3800,3797.55,3799.95,490,
2024-04-12 10:57:00+05:30,3799.95,3799.95,3796.25,3796.65,1161,
2024-04-12 10:58:00+05:30,3796.65,3796.7,3795.05,3795.65,314,
2024-04-12 10:59:00+05:30,3795.65,3799.85,3795.25,3798.65,466,
2024-04-12 11:00:00+05:30,3798.65,3798.85,3796.1,3798.35,316,
2024-04-12 11:01:00+05:30,3798.35,3799,3796.85,3796.85,863,
2024-04-12 11:02:00+05:30,3797.4,3797.85,3795,3796,1002,
2024-04-12 11:03:00+05:30,3797.5,3797.5,3795,3795,116,
2024-04-12 11:04:00+05:30,3795,3797.5,3795,3797,335,
2024-04-12 11:05:00+05:30,3797.5,3798.2,3795,3795,785,
2024-04-12 11:06:00+05:30,3795,3797.75,3792.5,3792.5,226,
2024-04-12 11:07:00+05:30,3793,3793.8,3788,3790.05,2053,
2024-04-12 11:08:00+05:30,3790.05,3795.4,3790.05,3794.95,730,
2024-04-12 11:09:00+05:30,3794.9,3795.95,3791.8,3794.55,618,
2024-04-12 11:10:00+05:30,3794.55,3794.95,3791.1,3792.4,157,
2024-04-12 11:11:00+05:30,3792.4,3793.4,3791.05,3791.55,136,
2024-04-12 11:12:00+05:30,3791.25,3792.55,3791.15,3792.55,183,
2024-04-12 11:13:00+05:30,3792.55,3793,3791.15,3791.2,267,
2024-04-12 11:14:00+05:30,3791.2,3792.95,3791.15,3791.2,218,
2024-04-12 11:15:00+05:30,3791.15,3792.3,3791.15,3791.65,243,
2024-04-12 11:16:00+05:30,3791.65,3794,3791.25,3792.4,441,
2024-04-12 11:17:00+05:30,3792.4,3794,3792,3792,169,
2024-04-12 11:18:00+05:30,3792,3794.2,3792,3793.75,58,
2024-04-12 11:19:00+05:30,3793.75,3794.35,3793,3793.8,182,
2024-04-12 11:20:00+05:30,3793.8,3793.8,3792.5,3793.35,427,
2024-04-12 11:21:00+05:30,3792.95,3793.3,3791.1,3791.7,606,
2024-04-12 11:22:00+05:30,3791.7,3794.4,3791.6,3794.4,584,
2024-04-12 11:23:00+05:30,3794.4,3795,3792.65,3792.65,446,
2024-04-12 11:24:00+05:30,3792.65,3794.9,3791.5,3792.55,818,
2024-04-12 11:25:00+05:30,3793.55,3794.95,3792.4,3794.15,519,
2024-04-12 11:26:00+05:30,3792.35,3794.25,3791.5,3791.85,164,
2024-04-12 11:27:00+05:30,3791.85,3794.1,3791.5,3794.1,372,
2024-04-12 11:28:00+05:30,3792.15,3794.1,3791.75,3793.65,132,
2024-04-12 11:29:00+05:30,3793.65,3793.65,3791.1,3791.1,142,
2024-04-12 11:30:00+05:30,3791.1,3791.15,3787.6,3788.9,551,
2024-04-12 11:31:00+05:30,3788.7,3788.85,3787.6,3788.5,400,
2024-04-12 11:32:00+05:30,3788.45,3790.45,3788.3,3788.75,309,
2024-04-12 11:33:00+05:30,3790,3791.4,3788.85,3790.4,460,
2024-04-12 11:34:00+05:30,3790.4,3791.4,3788,3788.9,634,
2024-04-12 11:35:00+05:30,3788.9,3789.2,3785.25,3785.8,1922,
2024-04-12 11:36:00+05:30,3785.8,3786.25,3785,3785,893,
2024-04-12 11:37:00+05:30,3783.55,3785.75,3780.4,3783.95,1776,
2024-04-12 11:38:00+05:30,3783.95,3785.55,3782.1,3783.5,584,
2024-04-12 11:39:00+05:30,3783.5,3785.65,3782.2,3785.65,534,
2024-04-12 11:40:00+05:30,3784.95,3785.95,3783.3,3783.55,88,
2024-04-12 11:41:00+05:30,3783.55,3784.7,3782.65,3784,178,
2024-04-12 11:42:00+05:30,3784,3784,3782.55,3784,137,
2024-04-12 11:43:00+05:30,3784,3784.45,3782,3782,335,
2024-04-12 11:44:00+05:30,3782,3783.3,3782,3782.5,238,
2024-04-12 11:45:00+05:30,3782.5,3783.9,3782.5,3783.85,219,
2024-04-12 11:46:00+05:30,3782.55,3784,3782.55,3784,295,
2024-04-12 11:47:00+05:30,3784,3784,3781.7,3782.45,574,
2024-04-12 11:48:00+05:30,3782.15,3782.9,3781,3781,1140,
2024-04-12 11:49:00+05:30,3781,3783.1,3781,3782.75,451,
2024-04-12 11:50:00+05:30,3782.75,3783.95,3782.7,3783.85,242,
2024-04-12 11:51:00+05:30,3783.85,3784.65,3783,3784.3,99,
2024-04-12 11:52:00+05:30,3784.3,3787,3784.3,3785.55,1968,
2024-04-12 11:53:00+05:30,3785.55,3787.7,3784.3,3787.65,375,
2024-04-12 11:54:00+05:30,3787.65,3787.75,3786.4,3787.05,353,
2024-04-12 11:55:00+05:30,3787.05,3787.75,3786.4,3786.7,425,
2024-04-12 11:56:00+05:30,3786.7,3786.7,3784,3785.9,579,
2024-04-12 11:57:00+05:30,3785.9,3785.9,3783,3783.95,125,
2024-04-12 11:58:00+05:30,3783.95,3784.75,3782,3784.75,678,
2024-04-12 11:59:00+05:30,3784.75,3784.75,3781.5,3781.5,241,
2024-04-12 12:00:00+05:30,3781,3781.95,3780,3781.65,1190,
2024-04-12 12:01:00+05:30,3781.65,3782.55,3780.35,3781.3,233,
2024-04-12 12:02:00+05:30,3781.3,3781.4,3778.8,3778.8,721,
2024-04-12 12:03:00+05:30,3778.65,3780.3,3777.35,3780.3,449,
2024-04-12 12:04:00+05:30,3780.75,3780.75,3777.3,3779.65,203,
2024-04-12 12:05:00+05:30,3780,3780.5,3777.25,3777.65,225,
2024-04-12 12:06:00+05:30,3777.65,3780,3777.65,3779.8,162,
2024-04-12 12:07:00+05:30,3779.8,3779.9,3777,3777.1,540,
2024-04-12 12:08:00+05:30,3778.5,3781.05,3777,3781.05,831,
2024-04-12 12:09:00+05:30,3781.05,3781.05,3778.05,3778.3,64,
2024-04-12 12:10:00+05:30,3778.3,3780.5,3775.1,3777.05,1235,
2024-04-12 12:11:00+05:30,3775.6,3777.55,3775.6,3775.8,65,
2024-04-12 12:12:00+05:30,3775.8,3777,3775,3775.75,673,
2024-04-12 12:13:00+05:30,3775.65,3776.7,3773,3775.15,672,
2024-04-12 12:14:00+05:30,3775,3775.55,3773.6,3773.6,109,
2024-04-12 12:15:00+05:30,3773.6,3775.2,3773,3774.35,244,
2024-04-12 12:16:00+05:30,3774.35,3777,3774.2,3777,457,
2024-04-12 12:17:00+05:30,3776.35,3776.35,3775,3775,571,
2024-04-12 12:18:00+05:30,3775,3775,3767.3,3774,3261,
2024-04-12 12:19:00+05:30,3774,3774.1,3770,3771.9,730,
2024-04-12 12:20:00+05:30,3771.9,3775.2,3771.65,3774,569,
2024-04-12 12:21:00+05:30,3773.15,3773.15,3768.35,3769.1,234,
2024-04-12 12:22:00+05:30,3769.1,3773.9,3768.1,3772.25,2511,
2024-04-12 12:23:00+05:30,3773.8,3773.8,3768,3768,219,
2024-04-12 12:24:00+05:30,3769.9,3769.95,3767.5,3768,608,
2024-04-12 12:25:00+05:30,3768,3770.1,3767.55,3767.95,229,
2024-04-12 12:26:00+05:30,3767.75,3769.4,3767.5,3767.5,156,
2024-04-12 12:27:00+05:30,3767.5,3768.4,3765.5,3767,607,
2024-04-12 12:28:00+05:30,3767,3768.1,3765.1,3765.25,573,
2024-04-12 12:29:00+05:30,3766,3766.6,3765,3765.15,225,
2024-04-12 12:30:00+05:30,3765,3768.45,3765,3768.45,786,
2024-04-12 12:31:00+05:30,3768.45,3769.9,3766.3,3767,567,
2024-04-12 12:32:00+05:30,3767,3767.7,3765,3766,432,
2024-04-12 12:33:00+05:30,3766,3768.1,3765,3766.95,373,
2024-04-12 12:34:00+05:30,3766.95,3767.45,3765,3765.95,167,
2024-04-12 12:35:00+05:30,3765.95,3766.95,3765,3766.45,494,
2024-04-12 12:36:00+05:30,3766.6,3766.6,3761.05,3761.45,1205,
2024-04-12 12:37:00+05:30,3761.45,3763.7,3760.55,3761.35,535,
2024-04-12 12:38:00+05:30,3761.35,3763,3760,3762.9,832,
2024-04-12 12:39:00+05:30,3762.95,3762.95,3760,3760.85,622,
2024-04-12 12:40:00+05:30,3760.9,3760.95,3760,3760,305,
2024-04-12 12:41:00+05:30,3760.1,3761.45,3760,3761.45,369,
2024-04-12 12:42:00+05:30,3761.45,3763,3760,3763,395,
2024-04-12 12:43:00+05:30,3762.5,3763,3760.9,3761.05,254,
2024-04-12 12:44:00+05:30,3760.95,3765.95,3760.95,3763.9,503,
2024-04-12 12:45:00+05:30,3765.2,3765.2,3755.2,3756.05,2070,
2024-04-12 12:46:00+05:30,3756.05,3759,3756.05,3758.15,392,
2024-04-12 12:47:00+05:30,3757,3760.45,3757,3757.9,631,
2024-04-12 12:48:00+05:30,3757.5,3760,3757,3758.1,452,
2024-04-12 12:49:00+05:30,3758.1,3759.95,3758.05,3758.1,111,
2024-04-12 12:50:00+05:30,3758.1,3764.95,3757.1,3764.15,2076,
2024-04-12 12:51:00+05:30,3764.15,3765.1,3762.95,3763.05,371,
2024-04-12 12:52:00+05:30,3763.05,3766.95,3762,3766.95,2777,
2024-04-12 12:53:00+05:30,3767.3,3769.95,3765.55,3769.9,784,
2024-04-12 12:54:00+05:30,3769,3769,3766.5,3768.05,493,
2024-04-12 12:55:00+05:30,3767.2,3769,3767.2,3768.45,170,
2024-04-12 12:56:00+05:30,3769,3773.75,3767.45,3771.95,1589,
2024-04-12 12:57:00+05:30,3771.95,3773.85,3770.8,3771.85,750,
2024-04-12 12:58:00+05:30,3771.85,3772.1,3769,3769,144,
2024-04-12 12:59:00+05:30,3769,3769.15,3767,3768.45,968,
2024-04-12 13:00:00+05:30,3767.15,3772.35,3767.15,3770,1561,
2024-04-12 13:01:00+05:30,3770,3772.2,3770,3770.35,69,
2024-04-12 13:02:00+05:30,3770.85,3772,3770.35,3770.5,153,
2024-04-12 13:03:00+05:30,3770.5,3771.9,3770.5,3771,240,
2024-04-12 13:04:00+05:30,3771,3771.9,3770.4,3771.25,162,
2024-04-12 13:05:00+05:30,3771.15,3771.25,3771,3771.25,142,
2024-04-12 13:06:00+05:30,3771.05,3771.6,3771.05,3771.25,246,
2024-04-12 13:07:00+05:30,3771.25,3772.95,3771.25,3772.95,1225,
2024-04-12 13:08:00+05:30,3772.95,3773,3771,3771.3,185,
2024-04-12 13:09:00+05:30,3771.3,3772.5,3770.1,3770.1,593,
2024-04-12 13:10:00+05:30,3770.1,3772,3770,3772,313,
2024-04-12 13:11:00+05:30,3772,3772,3766.5,3766.5,1496,
2024-04-12 13:12:00+05:30,3767,3769.75,3766,3769.75,1201,
2024-04-12 13:13:00+05:30,3769.75,3769.75,3767,3768.85,405,
2024-04-12 13:14:00+05:30,3767.05,3769.4,3767,3768.55,1014,
2024-04-12 13:15:00+05:30,3768.55,3769.05,3767,3767.8,194,
2024-04-12 13:16:00+05:30,3767.8,3767.8,3765,3765.1,596,
2024-04-12 13:17:00+05:30,3766.25,3768.2,3765,3768.2,266,
2024-04-12 13:18:00+05:30,3766.35,3769.7,3766.3,3768.95,126,
2024-04-12 13:19:00+05:30,3768.95,3768.95,3767.1,3767.1,168,
2024-04-12 13:20:00+05:30,3767.1,3768.35,3766.9,3766.9,72,
2024-04-12 13:21:00+05:30,3767.2,3768.5,3766.9,3767,414,
2024-04-12 13:22:00+05:30,3767,3768,3766.9,3767.05,222,
2024-04-12 13:23:00+05:30,3767.05,3768,3766.95,3766.95,84,
2024-04-12 13:24:00+05:30,3766.95,3773,3766.8,3771.05,2985,
2024-04-12 13:25:00+05:30,3771.05,3782.45,3771.05,3782.35,5253,
2024-04-12 13:26:00+05:30,3782.35,3782.7,3779,3779,907,
2024-04-12 13:27:00+05:30,3779.2,3781.35,3779.1,3779.6,748,
2024-04-12 13:28:00+05:30,3780.1,3781.3,3779,3779,176,
2024-04-12 13:29:00+05:30,3779.25,3781.35,3779,3781.35,284,
2024-04-12 13:30:00+05:30,3781.2,3783,3780.45,3781.65,1105,
2024-04-12 13:31:00+05:30,3781.65,3783.35,3780.2,3782,306,
2024-04-12 13:32:00+05:30,3782,3784,3781.55,3781.9,605,
2024-04-12 13:33:00+05:30,3783.95,3783.95,3781.75,3783,228,
2024-04-12 13:34:00+05:30,3783,3784.95,3781.7,3784.8,686,
2024-04-12 13:35:00+05:30,3784.8,3784.95,3782.15,3784.5,1152,
2024-04-12 13:36:00+05:30,3782.6,3784,3779,3779.05,1353,
2024-04-12 13:37:00+05:30,3779.05,3780.3,3779,3779.6,313,
2024-04-12 13:38:00+05:30,3779.6,3780.7,3779,3779.05,358,
2024-04-12 13:39:00+05:30,3779.1,3780.65,3779,3779,119,
2024-04-12 13:40:00+05:30,3779.15,3779.15,3779,3779.05,101,
2024-04-12 13:41:00+05:30,3779.05,3781.25,3779,3781.25,761,
2024-04-12 13:42:00+05:30,3779.1,3781,3779.1,3780,384,
2024-04-12 13:43:00+05:30,3780,3780.85,3779,3779,97,
2024-04-12 13:44:00+05:30,3780.3,3783.95,3779,3781.95,770,
2024-04-12 13:45:00+05:30,3781.95,3783.9,3781.2,3781.45,348,
2024-04-12 13:46:00+05:30,3781.45,3783.3,3780.05,3781.65,227,
2024-04-12 13:47:00+05:30,3781.65,3783.05,3780.3,3781.95,148,
2024-04-12 13:48:00+05:30,3781.95,3783,3780.45,3780.85,343,
2024-04-12 13:49:00+05:30,3780.2,3781.5,3779,3780.9,591,
2024-04-12 13:50:00+05:30,3779.65,3781,3779.2,3780.05,126,
2024-04-12 13:51:00+05:30,3780.05,3781.4,3779,3779.75,801,
2024-04-12 13:52:00+05:30,3780.6,3781.3,3779.5,3780.9,97,
2024-04-12 13:53:00+05:30,3780.9,3781.45,3780.6,3780.6,131,
2024-04-12 13:54:00+05:30,3780.6,3781.35,3779.3,3781,188,
2024-04-12 13:55:00+05:30,3781,3782.05,3779.4,3781.9,695,
2024-04-12 13:56:00+05:30,3781.9,3781.9,3779,3779,1267,
2024-04-12 13:57:00+05:30,3779.8,3780.15,3778,3779.3,569,
2024-04-12 13:58:00+05:30,3779.3,3780,3778.1,3778.15,2391,
2024-04-12 13:59:00+05:30,3779.3,3781.9,3778,3779,2684,
2024-04-12 14:00:00+05:30,3780.75,3780.9,3779,3780.7,907,
2024-04-12 14:01:00+05:30,3780.7,3781.2,3779,3779,145,
2024-04-12 14:02:00+05:30,3779,3779.9,3778.7,3779.35,2209,
2024-04-12 14:03:00+05:30,3779.35,3779.4,3778,3778.9,3582,
2024-04-12 14:04:00+05:30,3779.1,3782.95,3778.75,3782,3115,
2024-04-12 14:05:00+05:30,3781.7,3788,3780,3786.5,58480,
2024-04-12 14:06:00+05:30,3786.5,3788.15,3783.4,3783.6,1960,
2024-04-12 14:07:00+05:30,3783.6,3786.4,3783.3,3783.4,833,
2024-04-12 14:08:00+05:30,3783.4,3785.3,3782,3785.2,2106,
2024-04-12 14:09:00+05:30,3785.2,3785.2,3782,3782,831,
2024-04-12 14:10:00+05:30,3782,3783.45,3778,3780,2331,
2024-04-12 14:11:00+05:30,3780,3785.95,3777.3,3785.3,6113,
2024-04-12 14:12:00+05:30,3785.3,3787.5,3785,3787,917,
2024-04-12 14:13:00+05:30,3786.15,3787.4,3785,3785.55,639,
2024-04-12 14:14:00+05:30,3785.5,3785.5,3783.5,3785.1,1625,
2024-04-12 14:15:00+05:30,3785.1,3788.65,3784.6,3788.65,3847,
2024-04-12 14:16:00+05:30,3788.8,3790,3787.7,3790,1641,
2024-04-12 14:17:00+05:30,3789.95,3790,3788,3788,510,
2024-04-12 14:18:00+05:30,3788,3788.9,3785.95,3787.05,466,
2024-04-12 14:19:00+05:30,3786.35,3788.1,3785.6,3787.1,347,
2024-04-12 14:20:00+05:30,3787.1,3787.8,3785.45,3786,246,
2024-04-12 14:21:00+05:30,3784.55,3787.95,3784.55,3785.3,827,
2024-04-12 14:22:00+05:30,3785.35,3786.65,3785,3785.1,735,
2024-04-12 14:23:00+05:30,3785.1,3787.6,3785,3785,2969,
2024-04-12 14:24:00+05:30,3785,3787.3,3785,3785.95,1106,
2024-04-12 14:25:00+05:30,3785.95,3786.6,3785,3785.5,1866,
2024-04-12 14:26:00+05:30,3785.5,3786.25,3785,3785.15,365,
2024-04-12 14:27:00+05:30,3785.15,3786.2,3785,3785,638,
2024-04-12 14:28:00+05:30,3785,3786.15,3785,3785.05,624,
2024-04-12 14:29:00+05:30,3785.05,3786.95,3785,3785.15,393,
2024-04-12 14:30:00+05:30,3785.15,3786,3785,3785.6,191,
2024-04-12 14:31:00+05:30,3785,3786,3785,3785.05,134,
2024-04-12 14:32:00+05:30,3785.5,3785.5,3785.05,3785.5,116,
2024-04-12 14:33:00+05:30,3785.4,3785.5,3785,3785,139,
2024-04-12 14:34:00+05:30,3785,3786,3781,3785,2294,
2024-04-12 14:35:00+05:30,3785,3786.5,3785,3786.25,148,
2024-04-12 14:36:00+05:30,3785.65,3786.9,3783.45,3785.05,605,
2024-04-12 14:37:00+05:30,3785.05,3785.9,3783.45,3785,940,
2024-04-12 14:38:00+05:30,3785,3786.95,3783.2,3786.95,1592,
2024-04-12 14:39:00+05:30,3786.95,3786.95,3785.2,3785.2,170,
2024-04-12 14:40:00+05:30,3786.65,3788.75,3785,3787.85,37057,
2024-04-12 14:41:00+05:30,3786,3789.45,3785.05,3789.45,1142,
2024-04-12 14:42:00+05:30,3789.45,3789.7,3787.4,3789.1,319,
2024-04-12 14:43:00+05:30,3788.05,3790,3785.6,3789.25,2578,
2024-04-12 14:44:00+05:30,3789.25,3790,3788.1,3789.5,382,
2024-04-12 14:45:00+05:30,3788.2,3800,3788.2,3797.05,11484,
2024-04-12 14:46:00+05:30,3795.65,3797.1,3793.7,3794.3,579,
2024-04-12 14:47:00+05:30,3794.3,3794.35,3788.85,3792.5,2945,
2024-04-12 14:48:00+05:30,3792.5,3792.5,3789,3790,1010,
2024-04-12 14:49:00+05:30,3788.6,3791,3785.3,3786.85,829,
2024-04-12 14:50:00+05:30,3786.7,3787.55,3785,3786.75,1267,
2024-04-12 14:51:00+05:30,3786.75,3788.8,3786.1,3786.3,739,
2024-04-12 14:52:00+05:30,3786.3,3787.6,3785.45,3785.6,601,
2024-04-12 14:53:00+05:30,3785.6,3785.7,3782.1,3782.75,1834,
2024-04-12 14:54:00+05:30,3782.75,3783.25,3779.5,3779.95,1927,
2024-04-12 14:55:00+05:30,3779.25,3780.45,3776.2,3776.65,1521,
2024-04-12 14:56:00+05:30,3778.7,3779.95,3775.65,3777.05,1470,
2024-04-12 14:57:00+05:30,3777.05,3780,3775.65,3778.75,1388,
2024-04-12 14:58:00+05:30,3777.25,3783.15,3776.2,3782.9,1586,
2024-04-12 14:59:00+05:30,3783,3789,3783,3789,2159,
2024-04-12 15:00:00+05:30,3788.6,3788.6,3784,3785.45,7431,
2024-04-12 15:01:00+05:30,3785.45,3786,3777.4,3777.45,5560,
2024-04-12 15:02:00+05:30,3777.65,3781.15,3777.05,3777.85,3035,
2024-04-12 15:03:00+05:30,3777.85,3781.15,3775.5,3776.45,4774,
2024-04-12 15:04:00+05:30,3776.45,3778.85,3772.7,3778.65,12991,
2024-04-12 15:05:00+05:30,3777.8,3779.95,3775,3775,3381,
2024-04-12 15:06:00+05:30,3775,3776.85,3772.9,3772.9,2058,
2024-04-12 15:07:00+05:30,3773.15,3774.9,3772.95,3774.5,2196,
2024-04-12 15:08:00+05:30,3774.9,3776.45,3773.75,3774.15,2062,
2024-04-12 15:09:00+05:30,3774.15,3777.8,3773.75,3776.3,2943,
2024-04-12 15:10:00+05:30,3777.3,3777.4,3774.05,3775.9,2012,
2024-04-12 15:11:00+05:30,3775.9,3779.75,3775.8,3779.65,1930,
2024-04-12 15:12:00+05:30,3779.65,3784.6,3779.6,3783.05,4634,
2024-04-12 15:13:00+05:30,3783.9,3785,3775.9,3778.25,5191,
2024-04-12 15:14:00+05:30,3778.65,3781.15,3776.55,3778.1,2296,
2024-04-12 15:15:00+05:30,3778.15,3785,3778.15,3784.5,4379,
2024-04-12 15:16:00+05:30,3784.95,3785,3780.6,3783.25,2394,
2024-04-12 15:17:00+05:30,3783.25,3784.35,3782.75,3784.1,1560,
2024-04-12 15:18:00+05:30,3783.6,3784.25,3781.65,3782.45,2431,
2024-04-12 15:19:00+05:30,3782.4,3785,3780.5,3785,1977,
2024-04-12 15:20:00+05:30,3785,3785,3778.1,3783.8,7607,
2024-04-12 15:21:00+05:30,3784,3785,3777.85,3778.75,1506,
2024-04-12 15:22:00+05:30,3778.75,3779.25,3775.7,3777,1200,
2024-04-12 15:23:00+05:30,3777.25,3777.25,3775.1,3775.1,1633,
2024-04-12 15:24:00+05:30,3775.2,3778.45,3775.2,3775.8,1535,
2024-04-12 15:25:00+05:30,3775.8,3782.05,3774.05,3782.05,2700,
2024-04-12 15:26:00+05:30,3782.05,3782.05,3773.35,3778.4,2123,
2024-04-12 15:27:00+05:30,3778.5,3782.3,3771.2,3774,2311,
2024-04-12 15:28:00+05:30,3774,3774.85,3770.15,3771,904,
2024-04-12 15:29:00+05:30,3773,3774,3770,3770.7,653,
2024-04-15 09:15:00+05:30,3770,3770,3735.6,3752.15,4535,
2024-04-15 09:16:00+05:30,3752.45,3754.9,3742.8,3747.55,4474,
2024-04-15 09:17:00+05:30,3744.8,3746.85,3733.55,3742.3,5057,
2024-04-15 09:18:00+05:30,3742.3,3748.65,3735,3735,6574,
2024-04-15 09:19:00+05:30,3730.55,3739.6,3728.5,3739.6,4257,
2024-04-15 09:20:00+05:30,3737.25,3739.7,3731.05,3733.85,4890,
2024-04-15 09:21:00+05:30,3735.05,3744,3732.8,3742.6,4063,
2024-04-15 09:22:00+05:30,3745.25,3745.25,3734.9,3742.1,4229,
2024-04-15 09:23:00+05:30,3742.1,3748.7,3741.9,3745.8,2806,
2024-04-15 09:24:00+05:30,3747.55,3756.25,3746.05,3751.35,3804,
2024-04-15 09:25:00+05:30,3751.4,3755.9,3749,3750.45,3667,
2024-04-15 09:26:00+05:30,3750.45,3754.2,3748.85,3752.75,1524,
2024-04-15 09:27:00+05:30,3751,3754.95,3751,3753.55,1914,
2024-04-15 09:28:00+05:30,3753.55,3753.55,3744.4,3745.4,2164,
2024-04-15 09:29:00+05:30,3745.05,3753.5,3744.65,3745.75,1576,
2024-04-15 09:30:00+05:30,3745.75,3752.95,3744.05,3748.15,2247,
2024-04-15 09:31:00+05:30,3748.15,3754.55,3747.75,3753.25,1789,
2024-04-15 09:32:00+05:30,3751.7,3753.25,3747.15,3749.5,391,
2024-04-15 09:33:00+05:30,3749.5,3749.5,3744.8,3747,995,
2024-04-15 09:34:00+05:30,3747.75,3747.75,3740.25,3742.6,1104,
2024-04-15 09:35:00+05:30,3742.6,3745,3741.15,3742.95,1587,
2024-04-15 09:36:00+05:30,3744.65,3748.05,3740,3740,1270,
2024-04-15 09:37:00+05:30,3740,3741.7,3739.25,3741,1300,
2024-04-15 09:38:00+05:30,3741,3741.45,3733.9,3735.3,810,
2024-04-15 09:39:00+05:30,3735.5,3736.9,3733,3734.45,1194,
2024-04-15 09:40:00+05:30,3734.8,3738.6,3733.25,3736.95,980,
2024-04-15 09:41:00+05:30,3735.9,3744.95,3735.65,3740.1,2625,
2024-04-15 09:42:00+05:30,3740.1,3740.1,3734.15,3734.7,1103,
2024-04-15 09:43:00+05:30,3734.45,3738.9,3732.2,3738.05,1597,
2024-04-15 09:44:00+05:30,3738.05,3738.05,3733.3,3734.15,566,
2024-04-15 09:45:00+05:30,3734.15,3741.65,3733.1,3738.1,2919,
2024-04-15 09:46:00+05:30,3739.55,3741,3739.2,3739.45,489,
2024-04-15 09:47:00+05:30,3739.45,3742.6,3739.45,3740.25,631,
2024-04-15 09:48:00+05:30,3741,3747.7,3739.7,3744.95,1208,
2024-04-15 09:49:00+05:30,3746.9,3746.9,3742.5,3743.6,498,
2024-04-15 09:50:00+05:30,3743.6,3743.6,3738.9,3738.9,657,
2024-04-15 09:51:00+05:30,3739.9,3739.9,3733.75,3735.2,625,
2024-04-15 09:52:00+05:30,3735.2,3737.45,3733.6,3737.45,488,
2024-04-15 09:53:00+05:30,3736.4,3738.15,3735.5,3736.9,595,
2024-04-15 09:54:00+05:30,3736.9,3739.45,3736.9,3738.2,247,
2024-04-15 09:55:00+05:30,3738.2,3740,3738.2,3739.9,284,
2024-04-15 09:56:00+05:30,3739.9,3739.9,3733.45,3735.15,2971,
2024-04-15 09:57:00+05:30,3733.3,3739.6,3732.2,3739.6,2216,
2024-04-15 09:58:00+05:30,3739.6,3739.6,3736.8,3736.8,887,
2024-04-15 09:59:00+05:30,3736.8,3739,3734.1,3738.7,263,
2024-04-15 10:00:00+05:30,3738.7,3738.9,3734.65,3734.65,374,
2024-04-15 10:01:00+05:30,3734.65,3737.85,3734.55,3736.5,613,
2024-04-15 10:02:00+05:30,3736.5,3736.65,3735.55,3736.4,374,
2024-04-15 10:03:00+05:30,3736.4,3738.2,3733.45,3733.75,1086,
2024-04-15 10:04:00+05:30,3733.75,3734.7,3732.7,3733.05,786,
2024-04-15 10:05:00+05:30,3733.05,3734.15,3732.6,3734.1,558,
2024-04-15 10:06:00+05:30,3734.15,3741,3733.1,3741,1742,
2024-04-15 10:07:00+05:30,3741,3741,3734.05,3735,816,
2024-04-15 10:08:00+05:30,3735,3737.35,3731.1,3731.1,2478,
2024-04-15 10:09:00+05:30,3731.1,3733.15,3731.1,3732.65,163,
2024-04-15 10:10:00+05:30,3732.65,3732.65,3728.5,3728.5,1091,
2024-04-15 10:11:00+05:30,3728.5,3729.3,3722.05,3725.05,2624,
2024-04-15 10:12:00+05:30,3725.05,3726.4,3724.3,3726.25,653,
2024-04-15 10:13:00+05:30,3726.25,3726.8,3725.15,3726.8,376,
2024-04-15 10:14:00+05:30,3726.8,3726.95,3725.2,3725.7,541,
2024-04-15 10:15:00+05:30,3725.7,3726.7,3724,3724.75,1592,
2024-04-15 10:16:00+05:30,3725.5,3727.7,3722.9,3725.55,1201,
2024-04-15 10:17:00+05:30,3725.85,3730,3724.3,3730,970,
2024-04-15 10:18:00+05:30,3730,3730,3727.5,3730,924,
2024-04-15 10:19:00+05:30,3729.9,3735.7,3729.5,3732.6,1692,
2024-04-15 10:20:00+05:30,3732.6,3738.7,3732.6,3738.65,1904,
2024-04-15 10:21:00+05:30,3738.6,3740.7,3735.9,3739,1702,
2024-04-15 10:22:00+05:30,3740,3749.95,3739.1,3745.15,3394,
2024-04-15 10:23:00+05:30,3745.1,3746.95,3742.8,3745,1955,
2024-04-15 10:24:00+05:30,3745,3746.25,3742.5,3746.25,2388,
2024-04-15 10:25:00+05:30,3746.1,3746.85,3742.3,3745.45,988,
2024-04-15 10:26:00+05:30,3745.45,3745.6,3742.5,3744.75,265,
2024-04-15 10:27:00+05:30,3744.75,3748,3741.3,3746.15,478,
2024-04-15 10:28:00+05:30,3745.8,3754.45,3745.8,3753.2,3014,
2024-04-15 10:29:00+05:30,3753.2,3753.95,3749.05,3751.05,1494,
2024-04-15 10:30:00+05:30,3751.05,3751.05,3748.5,3748.5,122,
2024-04-15 10:31:00+05:30,3748.45,3748.45,3745,3747.75,868,
2024-04-15 10:32:00+05:30,3747.9,3747.9,3745,3745,215,
2024-04-15 10:33:00+05:30,3745,3748,3745,3747.15,222,
2024-04-15 10:34:00+05:30,3749.45,3749.45,3747.15,3747.15,405,
2024-04-15 10:35:00+05:30,3747.2,3751.45,3747.2,3749.7,262,
2024-04-15 10:36:00+05:30,3749.7,3749.7,3748.1,3748.1,50,
2024-04-15 10:37:00+05:30,3748.1,3748.25,3747.5,3747.9,200,
2024-04-15 10:38:00+05:30,3747.8,3753.7,3745.25,3753.7,1544,
2024-04-15 10:39:00+05:30,3751.9,3754.55,3750,3750.75,998,
2024-04-15 10:40:00+05:30,3750.75,3751.7,3750,3750,149,
2024-04-15 10:41:00+05:30,3750,3754,3750,3750,486,
2024-04-15 10:42:00+05:30,3750,3752.95,3749,3752.95,659,
2024-04-15 10:43:00+05:30,3752.95,3753.1,3751.7,3752.2,106,
2024-04-15 10:44:00+05:30,3753.1,3754,3752.2,3752.55,192,
2024-04-15 10:45:00+05:30,3752.55,3753.95,3751.8,3753.95,297,
2024-04-15 10:46:00+05:30,3753.95,3756,3753.95,3756,641,
2024-04-15 10:47:00+05:30,3756,3759.8,3755.65,3759,843,
2024-04-15 10:48:00+05:30,3759,3759,3756.1,3756.65,835,
2024-04-15 10:49:00+05:30,3756.7,3757.55,3754,3754,1857,
2024-04-15 10:50:00+05:30,3754,3758.6,3754,3758,1298,
2024-04-15 10:51:00+05:30,3758.15,3760,3756.35,3760,1005,
2024-04-15 10:52:00+05:30,3760,3765.85,3759.95,3765.7,1768,
2024-04-15 10:53:00+05:30,3765.7,3766.25,3765,3766,477,
2024-04-15 10:54:00+05:30,3766,3766.1,3762.05,3763.9,1124,
2024-04-15 10:55:00+05:30,3763.9,3766.25,3763.1,3763.85,1146,
2024-04-15 10:56:00+05:30,3764.25,3765.9,3764.25,3765.2,237,
2024-04-15 10:57:00+05:30,3765.2,3765.2,3763.05,3765.2,248,
2024-04-15 10:58:00+05:30,3765.2,3765.2,3760.9,3761.05,644,
2024-04-15 10:59:00+05:30,3761.05,3762.95,3761,3762.95,184,
2024-04-15 11:00:00+05:30,3762.95,3762.95,3761,3761.65,283,
2024-04-15 11:01:00+05:30,3761.65,3762.25,3759.95,3760.85,630,
2024-04-15 11:02:00+05:30,3760.8,3761.65,3758.2,3761.2,1813,
2024-04-15 11:03:00+05:30,3761.2,3761.65,3758.75,3759.05,407,
2024-04-15 11:04:00+05:30,3759.05,3760.15,3758.2,3758.2,383,
2024-04-15 11:05:00+05:30,3758.25,3758.75,3757,3757,280,
2024-04-15 11:06:00+05:30,3757,3757.5,3752.75,3753.1,485,
2024-04-15 11:07:00+05:30,3752.9,3753.15,3750.55,3752.9,1214,
2024-04-15 11:08:00+05:30,3752.9,3753.5,3750.6,3751.95,296,
2024-04-15 11:09:00+05:30,3751.95,3751.95,3747.15,3749.95,1654,
2024-04-15 11:10:00+05:30,3749.9,3752.25,3748.3,3752.25,1429,
2024-04-15 11:11:00+05:30,3752.25,3752.25,3748.05,3748.05,892,
2024-04-15 11:12:00+05:30,3749.15,3750.55,3748.95,3750,1281,
2024-04-15 11:13:00+05:30,3750,3752,3748.25,3750.65,889,
2024-04-15 11:14:00+05:30,3750.65,3751.4,3748.05,3749.25,143,
2024-04-15 11:15:00+05:30,3749.25,3750.55,3748.7,3750.55,649,
2024-04-15 11:16:00+05:30,3750.55,3751.45,3750.45,3750.5,446,
2024-04-15 11:17:00+05:30,3751.35,3751.35,3745.85,3745.85,306,
2024-04-15 11:18:00+05:30,3746.95,3746.95,3744.4,3745.95,1314,
2024-04-15 11:19:00+05:30,3745.95,3746,3740.05,3740.05,1577,
2024-04-15 11:20:00+05:30,3740.05,3741.45,3736.35,3741.05,713,
2024-04-15 11:21:00+05:30,3741.05,3747,3739.45,3747,2188,
2024-04-15 11:22:00+05:30,3747,3748,3746.95,3748,158,
2024-04-15 11:23:00+05:30,3748,3749.7,3748,3748.2,240,
2024-04-15 11:24:00+05:30,3748.2,3749.65,3745.85,3746.75,514,
2024-04-15 11:25:00+05:30,3746.75,3753.05,3746.75,3752.5,1668,
2024-04-15 11:26:00+05:30,3752.5,3752.95,3748.95,3752.5,658,
2024-04-15 11:27:00+05:30,3752.5,3752.5,3750.9,3750.9,158,
2024-04-15 11:28:00+05:30,3750.9,3752.2,3750.9,3751.65,49,
2024-04-15 11:29:00+05:30,3751.65,3751.65,3751.5,3751.6,97,
2024-04-15 11:30:00+05:30,3751.65,3754.95,3751.65,3754.95,393,
2024-04-15 11:31:00+05:30,3754.95,3755.95,3752.5,3753.95,315,
2024-04-15 11:32:00+05:30,3753.95,3754,3752.9,3754,73,
2024-04-15 11:33:00+05:30,3754,3755,3753.6,3753.6,24,
2024-04-15 11:34:00+05:30,3753.6,3754.45,3751.25,3751.4,82,
2024-04-15 11:35:00+05:30,3751.4,3751.45,3750,3750.05,454,
2024-04-15 11:36:00+05:30,3750.05,3751.45,3750.05,3750.55,49,
2024-04-15 11:37:00+05:30,3750.55,3752.4,3750.4,3751.3,32,
2024-04-15 11:38:00+05:30,3751.3,3751.45,3747.65,3750.85,1334,
2024-04-15 11:39:00+05:30,3750.85,3753.6,3750.85,3752.6,393,
2024-04-15 11:40:00+05:30,3752.6,3753.95,3749.75,3750,508,
2024-04-15 11:41:00+05:30,3750,3752.55,3750,3751.95,325,
2024-04-15 11:42:00+05:30,3751.95,3753.95,3750.25,3753.85,341,
2024-04-15 11:43:00+05:30,3753.85,3754,3753.2,3753.9,179,
2024-04-15 11:44:00+05:30,3753.9,3754.95,3753.15,3754.65,91,
2024-04-15 11:45:00+05:30,3754.6,3755,3753,3753.8,119,
2024-04-15 11:46:00+05:30,3753.8,3753.85,3750.15,3750.65,96,
2024-04-15 11:47:00+05:30,3750.65,3751.35,3749.45,3751.25,98,
2024-04-15 11:48:00+05:30,3751.25,3751.25,3748.75,3750.05,1425,
2024-04-15 11:49:00+05:30,3750.05,3752.15,3750.05,3751.65,216,
2024-04-15 11:50:00+05:30,3751.65,3753.95,3751,3753.85,195,
2024-04-15 11:51:00+05:30,3753.85,3754.85,3750.9,3750.9,170,
2024-04-15 11:52:00+05:30,3750.9,3755,3750.5,3753.4,135,
2024-04-15 11:53:00+05:30,3753.4,3754.2,3750.6,3752,156,
2024-04-15 11:54:00+05:30,3752,3752,3747.5,3747.65,276,
2024-04-15 11:55:00+05:30,3747.65,3748.95,3746.25,3747.45,675,
2024-04-15 11:56:00+05:30,3747.3,3747.3,3743.6,3744.5,608,
2024-04-15 11:57:00+05:30,3743.55,3747.05,3743.5,3747,1012,
2024-04-15 11:58:00+05:30,3746.1,3747.05,3746.05,3746.5,171,
2024-04-15 11:59:00+05:30,3746.5,3746.5,3746.25,3746.5,98,
2024-04-15 12:00:00+05:30,3746.3,3746.6,3745.9,3746,432,
2024-04-15 12:01:00+05:30,3746,3746.6,3745,3746.6,1057,
2024-04-15 12:02:00+05:30,3746.6,3751.95,3746.55,3749.45,175,
2024-04-15 12:03:00+05:30,3747.7,3749.3,3747.7,3748.45,117,
2024-04-15 12:04:00+05:30,3748.45,3749.35,3748.15,3748.2,330,
2024-04-15 12:05:00+05:30,3748.2,3749.45,3748.2,3749,94,
2024-04-15 12:06:00+05:30,3748.4,3748.9,3745,3746.5,598,
2024-04-15 12:07:00+05:30,3746.5,3749.4,3745.15,3745.15,1086,
2024-04-15 12:08:00+05:30,3745.15,3747.8,3745.15,3747.8,158,
2024-04-15 12:09:00+05:30,3747.8,3747.8,3745.05,3746.4,237,
2024-04-15 12:10:00+05:30,3746.4,3746.5,3745.45,3746.5,90,
2024-04-15 12:11:00+05:30,3746.5,3751.25,3746.5,3749.7,895,
2024-04-15 12:12:00+05:30,3749.65,3750.7,3747.65,3750.65,186,
2024-04-15 12:13:00+05:30,3750.65,3750.65,3746.55,3747.6,302,
2024-04-15 12:14:00+05:30,3748.75,3748.75,3746.6,3746.6,95,
2024-04-15 12:15:00+05:30,3746.6,3750.7,3746.6,3750.65,2766,
2024-04-15 12:16:00+05:30,3750.65,3750.7,3748.2,3749.35,337,
2024-04-15 12:17:00+05:30,3749.25,3749.45,3749.25,3749.4,310,
2024-04-15 12:18:00+05:30,3749.4,3754.45,3749.35,3754.4,382,
2024-04-15 12:19:00+05:30,3754.4,3754.45,3751.85,3751.85,158,
2024-04-15 12:20:00+05:30,3751.85,3754.9,3751.75,3753.75,332,
2024-04-15 12:21:00+05:30,3753.55,3753.85,3752.9,3753.75,133,
2024-04-15 12:22:00+05:30,3753.75,3754,3751,3752.95,349,
2024-04-15 12:23:00+05:30,3752.95,3753.95,3752.6,3753.9,167,
2024-04-15 12:24:00+05:30,3753.9,3755,3752.5,3754.15,159,
2024-04-15 12:25:00+05:30,3754.15,3754.45,3753.85,3754.15,67,
2024-04-15 12:26:00+05:30,3754.15,3754.15,3752.15,3752.15,298,
2024-04-15 12:27:00+05:30,3752.15,3754.95,3752.15,3754.2,301,
2024-04-15 12:28:00+05:30,3754.2,3754.7,3752.8,3753.5,148,
2024-04-15 12:29:00+05:30,3752.8,3754.1,3750.15,3751.7,314,
2024-04-15 12:30:00+05:30,3751.7,3752.35,3747.15,3747.15,246,
2024-04-15 12:31:00+05:30,3747.9,3750.1,3747.9,3748.2,533,
2024-04-15 12:32:00+05:30,3748.2,3749.45,3747.5,3748.95,148,
2024-04-15 12:33:00+05:30,3748.3,3748.35,3746.1,3747.2,170,
2024-04-15 12:34:00+05:30,3747.2,3748.1,3746.45,3746.45,129,
2024-04-15 12:35:00+05:30,3746.45,3747.25,3744.1,3744.1,304,
2024-04-15 12:36:00+05:30,3744.1,3745.55,3743.05,3743.05,420,
2024-04-15 12:37:00+05:30,3743.05,3746,3743,3745.2,378,
2024-04-15 12:38:00+05:30,3745.2,3746,3743.2,3744.6,234,
2024-04-15 12:39:00+05:30,3744.6,3744.6,3740.65,3742.2,349,
2024-04-15 12:40:00+05:30,3742.2,3742.2,3740,3740,548,
2024-04-15 12:41:00+05:30,3740,3740,3736,3736,313,
2024-04-15 12:42:00+05:30,3736,3738.55,3736,3736.35,586,
2024-04-15 12:43:00+05:30,3737.5,3739.55,3735.05,3738.9,1678,
2024-04-15 12:44:00+05:30,3737.3,3737.3,3732.35,3734.1,1485,
2024-04-15 12:45:00+05:30,3734.1,3736.6,3732.25,3736.6,716,
2024-04-15 12:46:00+05:30,3736.6,3739.45,3736.6,3739.3,506,
2024-04-15 12:47:00+05:30,3738.9,3739.3,3737.15,3738.95,664,
2024-04-15 12:48:00+05:30,3738.95,3739.65,3738.15,3739.4,304,
2024-04-15 12:49:00+05:30,3739.4,3739.4,3734.65,3735.9,1808,
2024-04-15 12:50:00+05:30,3737.15,3738.8,3735.1,3736.8,1841,
2024-04-15 12:51:00+05:30,3736.8,3736.8,3732.3,3733.85,8167,
2024-04-15 12:52:00+05:30,3733.85,3735.2,3729.5,3729.5,2463,
2024-04-15 12:53:00+05:30,3729,3729.3,3722,3723.05,1773,
2024-04-15 12:54:00+05:30,3723.05,3725.85,3722,3724.65,1030,
2024-04-15 12:55:00+05:30,3724.65,3730,3723.45,3729,1147,
2024-04-15 12:56:00+05:30,3728.45,3729.05,3723.2,3725,561,
2024-04-15 12:57:00+05:30,3724.95,3724.95,3720,3723.05,1790,
2024-04-15 12:58:00+05:30,3723.05,3723.05,3720.7,3722.2,813,
2024-04-15 12:59:00+05:30,3722.2,3722.2,3721,3722.15,505,
2024-04-15 13:00:00+05:30,3721.45,3722.75,3720,3720.5,700,
2024-04-15 13:01:00+05:30,3721.5,3722.65,3720,3721.45,928,
2024-04-15 13:02:00+05:30,3721.45,3721.45,3718,3718.4,1004,
2024-04-15 13:03:00+05:30,3718.4,3719.1,3717.2,3719.05,1144,
2024-04-15 13:04:00+05:30,3719.05,3719.1,3717,3717.05,470,
2024-04-15 13:05:00+05:30,3717.05,3718,3713.65,3715.7,883,
2024-04-15 13:06:00+05:30,3715.7,3718,3715.7,3716.2,1069,
2024-04-15 13:07:00+05:30,3716.2,3716.2,3711.05,3711.05,551,
2024-04-15 13:08:00+05:30,3711.05,3712.2,3710.8,3711.55,823,
2024-04-15 13:09:00+05:30,3711.55,3712,3707,3711.95,2398,
2024-04-15 13:10:00+05:30,3711.95,3715.5,3711.65,3714.45,1662,
2024-04-15 13:11:00+05:30,3714.45,3718,3714.05,3715.7,982,
2024-04-15 13:12:00+05:30,3715.7,3715.7,3712.8,3713.2,1027,
2024-04-15 13:13:00+05:30,3713.2,3713.2,3708.8,3710.65,1722,
2024-04-15 13:14:00+05:30,3709.9,3710.7,3709.25,3710.5,664,
2024-04-15 13:15:00+05:30,3709.4,3710.5,3708.2,3710,602,
2024-04-15 13:16:00+05:30,3710,3710,3708.95,3709.65,453,
2024-04-15 13:17:00+05:30,3709.65,3709.65,3708,3709.6,651,
2024-04-15 13:18:00+05:30,3709.6,3709.65,3708.4,3709.35,393,
2024-04-15 13:19:00+05:30,3709.35,3709.35,3708.1,3709,231,
2024-04-15 13:20:00+05:30,3708.4,3709,3707,3707,1255,
2024-04-15 13:21:00+05:30,3707,3707,3702.5,3704.5,2378,
2024-04-15 13:22:00+05:30,3704.5,3706.1,3703,3704.5,994,
2024-04-15 13:23:00+05:30,3704.5,3704.5,3701.45,3701.7,672,
2024-04-15 13:24:00+05:30,3701.7,3705.8,3701.25,3704.65,1003,
2024-04-15 13:25:00+05:30,3704.65,3704.65,3698.15,3699.65,2213,
2024-04-15 13:26:00+05:30,3698.15,3699.55,3697.75,3699.5,1242,
2024-04-15 13:27:00+05:30,3699.5,3704.65,3699.3,3701.2,2193,
2024-04-15 13:28:00+05:30,3701.2,3701.2,3699.2,3699.55,714,
2024-04-15 13:29:00+05:30,3699.55,3699.55,3695,3695.25,1974,
2024-04-15 13:30:00+05:30,3695.05,3695.2,3691,3694.45,4311,
2024-04-15 13:31:00+05:30,3694.45,3694.45,3688.8,3688.8,2007,
2024-04-15 13:32:00+05:30,3688.85,3689.75,3688,3688.05,783,
2024-04-15 13:33:00+05:30,3688.1,3688.1,3686.95,3688.1,1674,
2024-04-15 13:34:00+05:30,3688.1,3688.1,3686.2,3688.1,1428,
2024-04-15 13:35:00+05:30,3688.1,3691.3,3686.7,3690.3,1964,
2024-04-15 13:36:00+05:30,3690.3,3695,3689.65,3692.8,1127,
2024-04-15 13:37:00+05:30,3692.8,3695,3690,3690,1047,
2024-04-15 13:38:00+05:30,3690,3698,3689,3696.25,2064,
2024-04-15 13:39:00+05:30,3696.4,3702.95,3696.35,3700.75,2093,
2024-04-15 13:40:00+05:30,3700.9,3701,3696.1,3697.15,657,
2024-04-15 13:41:00+05:30,3697.15,3697.75,3696.65,3697.75,339,
2024-04-15 13:42:00+05:30,3697.75,3697.75,3693.05,3695.6,1880,
2024-04-15 13:43:00+05:30,3695.6,3696.85,3694.05,3695.75,539,
2024-04-15 13:44:00+05:30,3695.75,3701,3695.2,3696.95,1437,
2024-04-15 13:45:00+05:30,3697.3,3699.95,3697.3,3697.95,495,
2024-04-15 13:46:00+05:30,3697.4,3702.4,3696.15,3701.75,1267,
2024-04-15 13:47:00+05:30,3701.65,3702.35,3700.5,3700.8,601,
2024-04-15 13:48:00+05:30,3700.9,3700.9,3700,3700.65,383,
2024-04-15 13:49:00+05:30,3700.7,3704,3698.9,3703.75,873,
2024-04-15 13:50:00+05:30,3703.8,3704,3701.95,3702.95,570,
2024-04-15 13:51:00+05:30,3702.95,3713.7,3702.95,3713.7,4715,
2024-04-15 13:52:00+05:30,3714.15,3715,3710.3,3715,2688,
2024-04-15 13:53:00+05:30,3715,3718.75,3714.55,3717.9,2089,
2024-04-15 13:54:00+05:30,3717.9,3717.9,3712.35,3713.25,992,
2024-04-15 13:55:00+05:30,3713.25,3713.25,3705.45,3705.45,448,
2024-04-15 13:56:00+05:30,3705.45,3708.35,3705.45,3706,482,
2024-04-15 13:57:00+05:30,3706,3706,3702.5,3702.65,310,
2024-04-15 13:58:00+05:30,3702.65,3702.65,3700.5,3700.95,905,
2024-04-15 13:59:00+05:30,3700.95,3707.25,3700.95,3705.95,470,
2024-04-15 14:00:00+05:30,3706.15,3706.25,3703.1,3704.05,382,
2024-04-15 14:01:00+05:30,3703.7,3704.25,3701.2,3702.5,360,
2024-04-15 14:02:00+05:30,3702.5,3705.5,3702,3703.15,417,
2024-04-15 14:03:00+05:30,3703.15,3703.15,3702,3702,341,
2024-04-15 14:04:00+05:30,3702,3706,3701.95,3704.65,552,
2024-04-15 14:05:00+05:30,3704.35,3704.35,3702.2,3702.3,296,
2024-04-15 14:06:00+05:30,3702.25,3702.3,3701,3701.35,426,
2024-04-15 14:07:00+05:30,3701.8,3705.5,3701.8,3705.5,715,
2024-04-15 14:08:00+05:30,3706,3709.05,3704.95,3705.5,396,
2024-04-15 14:09:00+05:30,3705.5,3710.8,3705.5,3708.25,1000,
2024-04-15 14:10:00+05:30,3708,3708.9,3705,3705,3744,
2024-04-15 14:11:00+05:30,3705.9,3705.9,3703.95,3704,513,
2024-04-15 14:12:00+05:30,3704,3705.15,3702.8,3704.9,815,
2024-04-15 14:13:00+05:30,3704.85,3706.9,3703.85,3703.9,627,
2024-04-15 14:14:00+05:30,3703.9,3703.95,3703,3703.5,237,
2024-04-15 14:15:00+05:30,3703.5,3703.5,3701,3701.05,365,
2024-04-15 14:16:00+05:30,3701.05,3702.7,3700.5,3701.5,224,
2024-04-15 14:17:00+05:30,3701.5,3705.4,3700.85,3704.65,541,
2024-04-15 14:18:00+05:30,3704.65,3704.75,3701.2,3701.7,339,
2024-04-15 14:19:00+05:30,3701.7,3703.6,3700.85,3702.7,268,
2024-04-15 14:20:00+05:30,3702.7,3704.35,3700.55,3701.55,316,
2024-04-15 14:21:00+05:30,3701.5,3703.85,3700.5,3701.85,319,
2024-04-15 14:22:00+05:30,3701.85,3705,3701.6,3703.65,264,
2024-04-15 14:23:00+05:30,3703.1,3704.35,3701.15,3701.15,263,
2024-04-15 14:24:00+05:30,3701.1,3703,3700.05,3700.95,350,
2024-04-15 14:25:00+05:30,3700.95,3701.6,3700,3700.1,278,
2024-04-15 14:26:00+05:30,3700.1,3702.35,3700,3700.3,530,
2024-04-15 14:27:00+05:30,3700.3,3702.3,3700,3700.55,403,
2024-04-15 14:28:00+05:30,3700.55,3702.55,3700.05,3700.7,249,
2024-04-15 14:29:00+05:30,3701.95,3703.9,3701,3703.35,827,
2024-04-15 14:30:00+05:30,3703.35,3706.55,3703.1,3704.95,501,
2024-04-15 14:31:00+05:30,3703.85,3705,3703.85,3704.2,356,
2024-04-15 14:32:00+05:30,3704.2,3707.4,3704,3705.05,539,
2024-04-15 14:33:00+05:30,3705.05,3706.1,3704.35,3706.1,377,
2024-04-15 14:34:00+05:30,3706.1,3707.95,3704.35,3704.9,443,
2024-04-15 14:35:00+05:30,3704.9,3705.75,3704,3705.1,221,
2024-04-15 14:36:00+05:30,3705.1,3706.5,3704,3704.1,477,
2024-04-15 14:37:00+05:30,3704.1,3705.85,3704.05,3705,207,
2024-04-15 14:38:00+05:30,3705,3705.7,3705,3705.55,322,
2024-04-15 14:39:00+05:30,3705.55,3708.8,3703.4,3708.4,415,
2024-04-15 14:40:00+05:30,3708.4,3709.6,3705.75,3707.55,824,
2024-04-15 14:41:00+05:30,3707.55,3707.55,3705,3705,509,
2024-04-15 14:42:00+05:30,3705,3706.15,3701.7,3703.05,721,
2024-04-15 14:43:00+05:30,3703.05,3705.8,3702,3704.05,394,
2024-04-15 14:44:00+05:30,3704.05,3704.05,3701.95,3701.95,270,
2024-04-15 14:45:00+05:30,3702.75,3702.75,3700,3701,923,
2024-04-15 14:46:00+05:30,3701,3703.85,3700.05,3702.7,533,
2024-04-15 14:47:00+05:30,3702.7,3702.9,3700,3700.85,348,
2024-04-15 14:48:00+05:30,3700.85,3702.3,3698.2,3699.7,1174,
2024-04-15 14:49:00+05:30,3699.7,3701.9,3696.85,3698.3,1776,
2024-04-15 14:50:00+05:30,3698.3,3703,3697.8,3701.8,480,
2024-04-15 14:51:00+05:30,3701.75,3702.2,3696.9,3696.9,364,
2024-04-15 14:52:00+05:30,3697.8,3698.9,3696.25,3697.35,464,
2024-04-15 14:53:00+05:30,3697.35,3697.8,3696.2,3696.65,732,
2024-04-15 14:54:00+05:30,3697.05,3699.65,3695.2,3696.7,929,
2024-04-15 14:55:00+05:30,3696.7,3699,3696.3,3698.15,1043,
2024-04-15 14:56:00+05:30,3698.15,3698.55,3697.2,3697.25,352,
2024-04-15 14:57:00+05:30,3697.25,3697.25,3696.2,3697.2,802,
2024-04-15 14:58:00+05:30,3697.2,3699.4,3697.2,3698.05,574,
2024-04-15 14:59:00+05:30,3697.9,3708.65,3696.2,3708.65,4801,
2024-04-15 15:00:00+05:30,3708.65,3717,3708.4,3716.05,5853,
2024-04-15 15:01:00+05:30,3715.75,3715.75,3714,3715.55,8062,
2024-04-15 15:02:00+05:30,3715.55,3716.4,3710.9,3714.25,6593,
2024-04-15 15:03:00+05:30,3714.25,3714.75,3707.55,3708.2,736,
2024-04-15 15:04:00+05:30,3708.2,3708.2,3703.6,3705.3,1608,
2024-04-15 15:05:00+05:30,3705.3,3711.05,3705.3,3711,1179,
2024-04-15 15:06:00+05:30,3710.85,3713.7,3710.55,3711.7,1280,
2024-04-15 15:07:00+05:30,3711.7,3711.7,3709.5,3709.5,557,
2024-04-15 15:08:00+05:30,3710.45,3710.45,3707.95,3709.15,813,
2024-04-15 15:09:00+05:30,3709.15,3711.5,3707.05,3711.3,2034,
2024-04-15 15:10:00+05:30,3711.5,3711.5,3710.5,3710.5,846,
2024-04-15 15:11:00+05:30,3710.55,3715.05,3710.5,3714.05,3175,
2024-04-15 15:12:00+05:30,3714.25,3715.7,3714,3715.15,3244,
2024-04-15 15:13:00+05:30,3715.15,3719.5,3714.05,3717,7440,
2024-04-15 15:14:00+05:30,3717.05,3717.05,3715,3715.1,1727,
2024-04-15 15:15:00+05:30,3715.1,3722.95,3715,3722.05,3331,
2024-04-15 15:16:00+05:30,3723.5,3723.5,3718.7,3718.75,2623,
2024-04-15 15:17:00+05:30,3718.75,3718.75,3715.2,3715.85,1371,
2024-04-15 15:18:00+05:30,3715.15,3718.3,3715,3717.25,2426,
2024-04-15 15:19:00+05:30,3718.3,3718.6,3716.15,3716.65,1400,
2024-04-15 15:20:00+05:30,3716.65,3717.2,3715,3715.1,1973,
2024-04-15 15:21:00+05:30,3715.4,3715.4,3715,3715.1,1074,
2024-04-15 15:22:00+05:30,3715.1,3715.25,3715,3715.05,1200,
2024-04-15 15:23:00+05:30,3715.2,3715.2,3714.75,3715,2647,
2024-04-15 15:24:00+05:30,3715,3716.25,3715,3715.7,2050,
2024-04-15 15:25:00+05:30,3716,3719.85,3715.5,3718.9,1545,
2024-04-15 15:26:00+05:30,3718.9,3724.75,3718.4,3724.75,6196,
2024-04-15 15:27:00+05:30,3723.8,3726.95,3712,3712,11373,
2024-04-15 15:28:00+05:30,3712,3723.7,3709.3,3723.7,5358,
2024-04-15 15:29:00+05:30,3723.55,3724.85,3713.55,3722,587,
2024-04-16 09:15:00+05:30,3699.95,3716.55,3686.2,3716.55,2700,
2024-04-16 09:16:00+05:30,3716.55,3723.55,3713.95,3722.25,1247,
2024-04-16 09:17:00+05:30,3722,3725.9,3714.1,3715.95,1970,
2024-04-16 09:18:00+05:30,3715.9,3716,3707.45,3713,1212,
2024-04-16 09:19:00+05:30,3713.45,3724.95,3711.7,3713.9,1217,
2024-04-16 09:20:00+05:30,3711.5,3715,3708.45,3709.3,670,
2024-04-16 09:21:00+05:30,3707.95,3709.55,3700.2,3704.25,1047,
2024-04-16 09:22:00+05:30,3704.3,3710,3702.8,3708.95,928,
2024-04-16 09:23:00+05:30,3709.1,3717.85,3709.1,3716.75,1114,
2024-04-16 09:24:00+05:30,3718.4,3719.95,3713.55,3713.65,365,
2024-04-16 09:25:00+05:30,3713.65,3720.35,3710.7,3719.05,548,
2024-04-16 09:26:00+05:30,3719.05,3722,3717.85,3722,922,
2024-04-16 09:27:00+05:30,3722,3722,3716.2,3720.1,1087,
2024-04-16 09:28:00+05:30,3718.85,3720,3715.15,3718,336,
2024-04-16 09:29:00+05:30,3718,3718,3712.2,3714.45,477,
2024-04-16 09:30:00+05:30,3713.1,3718,3712.6,3716.65,679,
2024-04-16 09:31:00+05:30,3716.6,3717.75,3711.3,3714.15,678,
2024-04-16 09:32:00+05:30,3714.15,3717.3,3711.75,3717.3,405,
2024-04-16 09:33:00+05:30,3717.3,3718,3712.65,3716.35,109,
2024-04-16 09:34:00+05:30,3716.35,3720,3713.15,3719.95,1014,
2024-04-16 09:35:00+05:30,3719.9,3719.9,3713.15,3717.65,1517,
2024-04-16 09:36:00+05:30,3717.65,3720,3717.2,3719.9,257,
2024-04-16 09:37:00+05:30,3719.9,3720,3713.7,3714.95,291,
2024-04-16 09:38:00+05:30,3714.7,3717.25,3712.1,3714.65,365,
2024-04-16 09:39:00+05:30,3713.55,3715,3711,3712.6,353,
2024-04-16 09:40:00+05:30,3712.6,3714.4,3705.55,3714.4,13606,
2024-04-16 09:41:00+05:30,3714.35,3716.5,3709.6,3713.2,1273,
2024-04-16 09:42:00+05:30,3713.2,3722,3713.2,3720.3,1199,
2024-04-16 09:43:00+05:30,3717.45,3720,3715.15,3720,629,
2024-04-16 09:44:00+05:30,3720,3720,3715.8,3718.1,551,
2024-04-16 09:45:00+05:30,3718.1,3719.7,3714,3715.35,2187,
2024-04-16 09:46:00+05:30,3715.35,3722.55,3715.3,3721.4,1381,
2024-04-16 09:47:00+05:30,3721.4,3729.3,3720.9,3726.5,2735,
2024-04-16 09:48:00+05:30,3726.5,3726.5,3722.55,3724.6,681,
2024-04-16 09:49:00+05:30,3724.6,3724.6,3721.65,3724.25,637,
2024-04-16 09:50:00+05:30,3724.2,3727,3724,3725.6,943,
2024-04-16 09:51:00+05:30,3726.15,3726.15,3723.25,3724.5,575,
2024-04-16 09:52:00+05:30,3724.5,3724.5,3721,3722.4,381,
2024-04-16 09:53:00+05:30,3722.45,3726.7,3721.75,3726,796,
2024-04-16 09:54:00+05:30,3725.8,3725.95,3723.7,3725.9,460,
2024-04-16 09:55:00+05:30,3726,3726.7,3722.25,3722.25,655,
2024-04-16 09:56:00+05:30,3722.25,3726.7,3722.25,3726.7,125,
2024-04-16 09:57:00+05:30,3726.55,3728.5,3725.75,3728.3,383,
2024-04-16 09:58:00+05:30,3727.9,3728.5,3725,3725.9,331,
2024-04-16 09:59:00+05:30,3725.9,3729.35,3725.25,3729.35,462,
2024-04-16 10:00:00+05:30,3728.95,3733.9,3728.95,3731.65,500,
2024-04-16 10:01:00+05:30,3731.65,3732,3725.15,3728.95,910,
2024-04-16 10:02:00+05:30,3728.95,3731.2,3728.95,3729.05,267,
2024-04-16 10:03:00+05:30,3729,3730,3727.05,3729.95,185,
2024-04-16 10:04:00+05:30,3729.95,3729.95,3726,3727.9,156,
2024-04-16 10:05:00+05:30,3727.9,3729.6,3726,3726.05,258,
2024-04-16 10:06:00+05:30,3726.05,3726.6,3724.95,3726.05,564,
2024-04-16 10:07:00+05:30,3726.05,3726.05,3724.5,3724.85,178,
2024-04-16 10:08:00+05:30,3724.85,3726.6,3722.9,3722.9,2076,
2024-04-16 10:09:00+05:30,3724,3724,3719.05,3719.5,783,
2024-04-16 10:10:00+05:30,3719.7,3719.7,3715.05,3717.6,1096,
2024-04-16 10:11:00+05:30,3718.2,3718.95,3715,3716,378,
2024-04-16 10:12:00+05:30,3716.05,3716.05,3710.05,3712.9,1352,
2024-04-16 10:13:00+05:30,3712.9,3716.85,3712,3716.85,673,
2024-04-16 10:14:00+05:30,3716.85,3716.85,3715.1,3715.8,373,
2024-04-16 10:15:00+05:30,3715.75,3715.8,3712.15,3713.2,627,
2024-04-16 10:16:00+05:30,3712,3714.8,3712,3714.6,414,
2024-04-16 10:17:00+05:30,3713.95,3714.95,3712.1,3714.95,551,
2024-04-16 10:18:00+05:30,3714.95,3715,3712,3712.55,374,
2024-04-16 10:19:00+05:30,3713.3,3713.3,3712,3712.85,402,
2024-04-16 10:20:00+05:30,3712.8,3713.25,3710.9,3713.25,326,
2024-04-16 10:21:00+05:30,3713.25,3713.25,3712.05,3712.05,334,
2024-04-16 10:22:00+05:30,3712.05,3712.05,3710.05,3711.35,393,
2024-04-16 10:23:00+05:30,3711.35,3711.35,3710,3711.15,487,
2024-04-16 10:24:00+05:30,3711.35,3711.35,3710,3711,226,
2024-04-16 10:25:00+05:30,3710.45,3711.7,3708.05,3710.3,593,
2024-04-16 10:26:00+05:30,3709.45,3712.6,3708.5,3711.45,307,
2024-04-16 10:27:00+05:30,3711.45,3714,3710,3713.35,347,
2024-04-16 10:28:00+05:30,3713.3,3713.4,3711.85,3713.4,110,
2024-04-16 10:29:00+05:30,3713.35,3714.2,3711,3712.6,286,
2024-04-16 10:30:00+05:30,3712.6,3714.8,3711.25,3714.8,321,
2024-04-16 10:31:00+05:30,3714.8,3723.65,3713.85,3719.95,7256,
2024-04-16 10:32:00+05:30,3720,3723.9,3718.7,3718.7,1116,
2024-04-16 10:33:00+05:30,3719.7,3721.2,3718.2,3721.1,265,
2024-04-16 10:34:00+05:30,3721.1,3721.1,3718.1,3720,193,
2024-04-16 10:35:00+05:30,3719.95,3719.95,3717.2,3718.3,185,
2024-04-16 10:36:00+05:30,3718.3,3720,3717.2,3719,451,
2024-04-16 10:37:00+05:30,3718.95,3719,3718,3718.95,235,
2024-04-16 10:38:00+05:30,3718.95,3718.95,3712,3714.95,1852,
2024-04-16 10:39:00+05:30,3714.95,3717,3713.75,3715.6,351,
2024-04-16 10:40:00+05:30,3714.75,3716.65,3712.6,3714.5,551,
2024-04-16 10:41:00+05:30,3714.5,3717,3714.45,3717,132,
2024-04-16 10:42:00+05:30,3717,3717.35,3714.95,3717.25,238,
2024-04-16 10:43:00+05:30,3717.35,3717.35,3714,3714,231,
2024-04-16 10:44:00+05:30,3714,3714.35,3713,3714,180,
2024-04-16 10:45:00+05:30,3714,3714.2,3710.1,3713.95,2495,
2024-04-16 10:46:00+05:30,3713.95,3717.35,3709.95,3717.3,2407,
2024-04-16 10:47:00+05:30,3717.3,3717.3,3715.4,3715.65,148,
2024-04-16 10:48:00+05:30,3715.7,3715.7,3713.2,3713.2,140,
2024-04-16 10:49:00+05:30,3713.25,3717,3713,3717,2435,
2024-04-16 10:50:00+05:30,3717,3717,3715.95,3717,613,
2024-04-16 10:51:00+05:30,3717,3719,3716.45,3719,1858,
2024-04-16 10:52:00+05:30,3719,3719,3715.5,3717,380,
2024-04-16 10:53:00+05:30,3717,3717,3711.35,3712.45,500,
2024-04-16 10:54:00+05:30,3712.45,3714.85,3712,3713.25,121,
2024-04-16 10:55:00+05:30,3713.25,3716.95,3713.25,3715.95,317,
2024-04-16 10:56:00+05:30,3715.9,3717,3715,3716.95,76,
2024-04-16 10:57:00+05:30,3717,3719.85,3714.45,3719.6,1419,
2024-04-16 10:58:00+05:30,3719.6,3719.9,3716.2,3718.25,1407,
2024-04-16 10:59:00+05:30,3718.25,3719.55,3717.05,3719.35,146,
2024-04-16 11:00:00+05:30,3719.35,3719.55,3718.55,3719.15,196,
2024-04-16 11:01:00+05:30,3719.15,3719.15,3715.2,3715.2,231,
2024-04-16 11:02:00+05:30,3715.2,3717,3714,3715.45,184,
2024-04-16 11:03:00+05:30,3715.55,3717,3715.55,3717,72,
2024-04-16 11:04:00+05:30,3715.95,3717.4,3715.8,3716.75,87,
2024-04-16 11:05:00+05:30,3716.75,3716.75,3715.8,3716.65,82,
2024-04-16 11:06:00+05:30,3716.65,3716.65,3714.7,3716.2,129,
2024-04-16 11:07:00+05:30,3716.2,3716.2,3715.9,3716.05,75,
2024-04-16 11:08:00+05:30,3715.95,3716.05,3714.15,3716.05,147,
2024-04-16 11:09:00+05:30,3716,3719.35,3715.9,3719.15,311,
2024-04-16 11:10:00+05:30,3719.15,3722.25,3716.05,3722.05,1522,
2024-04-16 11:11:00+05:30,3721.75,3728,3721.75,3726.2,1606,
2024-04-16 11:12:00+05:30,3726.2,3728,3724.25,3726.65,2168,
2024-04-16 11:13:00+05:30,3726.65,3728,3725,3726.85,499,
2024-04-16 11:14:00+05:30,3726.85,3727.45,3725,3727,337,
2024-04-16 11:15:00+05:30,3727,3728,3725.9,3726.55,1217,
2024-04-16 11:16:00+05:30,3726.55,3730,3725,3730,1671,
2024-04-16 11:17:00+05:30,3730,3731.75,3728.3,3731.25,799,
2024-04-16 11:18:00+05:30,3731.2,3731.75,3727.7,3730.4,1479,
2024-04-16 11:19:00+05:30,3730.4,3731.4,3730,3730,191,
2024-04-16 11:20:00+05:30,3730,3733.9,3730,3732.85,270,
2024-04-16 11:21:00+05:30,3732.9,3733.65,3732,3733.1,430,
2024-04-16 11:22:00+05:30,3732,3733.1,3730,3730.45,152,
2024-04-16 11:23:00+05:30,3730.2,3733.1,3730,3732.85,556,
2024-04-16 11:24:00+05:30,3732.85,3733,3731.05,3732.5,161,
2024-04-16 11:25:00+05:30,3732.5,3733,3730.25,3730.95,768,
2024-04-16 11:26:00+05:30,3730.95,3730.95,3728.6,3729.1,1557,
2024-04-16 11:27:00+05:30,3729.1,3730,3728.6,3729.95,284,
2024-04-16 11:28:00+05:30,3729.95,3731,3728.6,3730.95,752,
2024-04-16 11:29:00+05:30,3730.95,3730.95,3728.1,3730.95,206,
2024-04-16 11:30:00+05:30,3730.95,3730.95,3728.6,3730.1,157,
2024-04-16 11:31:00+05:30,3730.1,3730.2,3728.05,3730.1,263,
2024-04-16 11:32:00+05:30,3730.1,3730.1,3728.75,3730,125,
2024-04-16 11:33:00+05:30,3730,3730.85,3729.65,3729.9,92,
2024-04-16 11:34:00+05:30,3729.9,3729.9,3728.75,3729.6,65,
2024-04-16 11:35:00+05:30,3729.6,3729.7,3727.7,3727.9,260,
2024-04-16 11:36:00+05:30,3728.65,3729.6,3728.5,3729.55,357,
2024-04-16 11:37:00+05:30,3729.55,3730.35,3729.5,3729.5,164,
2024-04-16 11:38:00+05:30,3729.05,3729.1,3727.7,3727.8,2831,
2024-04-16 11:39:00+05:30,3728.8,3730,3728.15,3729.85,179,
2024-04-16 11:40:00+05:30,3729.85,3730,3727.7,3729.75,314,
2024-04-16 11:41:00+05:30,3729.75,3729.75,3729.05,3729.75,57,
2024-04-16 11:42:00+05:30,3729.7,3729.75,3728.95,3729.6,65,
2024-04-16 11:43:00+05:30,3729.6,3729.6,3727.7,3728.45,308,
2024-04-16 11:44:00+05:30,3728.05,3728.5,3727.7,3727.7,84,
2024-04-16 11:45:00+05:30,3728,3728,3727.7,3728,177,
2024-04-16 11:46:00+05:30,3727.85,3727.9,3727.7,3727.85,186,
2024-04-16 11:47:00+05:30,3727.85,3727.9,3727.7,3727.85,98,
2024-04-16 11:48:00+05:30,3727.9,3729.75,3727.7,3727.85,375,
2024-04-16 11:49:00+05:30,3727.85,3729.75,3727.85,3729.75,130,
2024-04-16 11:50:00+05:30,3729.1,3729.75,3728.5,3729.75,105,
2024-04-16 11:51:00+05:30,3729.75,3729.75,3728.8,3729.45,83,
2024-04-16 11:52:00+05:30,3729.45,3729.5,3729.2,3729.45,109,
2024-04-16 11:53:00+05:30,3729.4,3729.75,3729.4,3729.75,244,
2024-04-16 11:54:00+05:30,3729.75,3729.75,3728.2,3729.7,283,
2024-04-16 11:55:00+05:30,3729.7,3729.75,3727.7,3727.7,389,
2024-04-16 11:56:00+05:30,3727.7,3729.75,3727.7,3729.75,336,
2024-04-16 11:57:00+05:30,3729.75,3729.75,3729.7,3729.75,550,
2024-04-16 11:58:00+05:30,3729.75,3730,3729.7,3730,301,
2024-04-16 11:59:00+05:30,3729.95,3729.95,3727.7,3729.85,336,
2024-04-16 12:00:00+05:30,3729.85,3729.85,3727.7,3729.25,357,
2024-04-16 12:01:00+05:30,3729.25,3729.3,3727.7,3728.25,140,
2024-04-16 12:02:00+05:30,3728.25,3728.4,3726.25,3727.75,781,
2024-04-16 12:03:00+05:30,3727.75,3728,3725,3726.3,376,
2024-04-16 12:04:00+05:30,3726.3,3732,3726.3,3731.1,3356,
2024-04-16 12:05:00+05:30,3726.8,3730.9,3726.8,3729.8,873,
2024-04-16 12:06:00+05:30,3729.8,3731.95,3729.8,3731.95,230,
2024-04-16 12:07:00+05:30,3731.55,3732,3730.7,3732,282,
2024-04-16 12:08:00+05:30,3732,3732,3731.15,3731.15,325,
2024-04-16 12:09:00+05:30,3731.15,3732,3730.7,3732,401,
2024-04-16 12:10:00+05:30,3732,3733.1,3731,3733.1,293,
2024-04-16 12:11:00+05:30,3733.1,3734,3733,3733.7,1038,
2024-04-16 12:12:00+05:30,3734,3738,3733.7,3736.75,2243,
2024-04-16 12:13:00+05:30,3735.7,3739,3734.75,3739,4031,
2024-04-16 12:14:00+05:30,3738.95,3747.95,3738.45,3747.95,3742,
2024-04-16 12:15:00+05:30,3747.35,3754.4,3747.35,3754.35,3578,
2024-04-16 12:16:00+05:30,3752.7,3756.75,3751.25,3751.25,1068,
2024-04-16 12:17:00+05:30,3751.25,3752.5,3750,3750.7,958,
2024-04-16 12:18:00+05:30,3751,3753,3751,3752.9,1215,
2024-04-16 12:19:00+05:30,3752.9,3752.9,3751.05,3752.5,391,
2024-04-16 12:20:00+05:30,3752,3752.45,3751,3751.9,488,
2024-04-16 12:21:00+05:30,3751.9,3751.95,3745.6,3747.3,1530,
2024-04-16 12:22:00+05:30,3747.3,3753,3745,3752.1,2053,
2024-04-16 12:23:00+05:30,3752.1,3755.95,3752.1,3755,763,
2024-04-16 12:24:00+05:30,3755,3755.9,3753,3753.95,2741,
2024-04-16 12:25:00+05:30,3754,3757.95,3752.2,3754.3,4005,
2024-04-16 12:26:00+05:30,3754.3,3755.45,3754.3,3755,287,
2024-04-16 12:27:00+05:30,3755,3755.45,3754.55,3755,1098,
2024-04-16 12:28:00+05:30,3755,3755.5,3749.3,3755.5,4915,
2024-04-16 12:29:00+05:30,3755.45,3755.5,3754.2,3755.45,254,
2024-04-16 12:30:00+05:30,3755.45,3755.5,3748.4,3751.55,2767,
2024-04-16 12:31:00+05:30,3751.55,3755.5,3750,3755.5,936,
2024-04-16 12:32:00+05:30,3755.5,3755.5,3752.9,3754.6,306,
2024-04-16 12:33:00+05:30,3754.6,3754.7,3752.2,3753.95,646,
2024-04-16 12:34:00+05:30,3753.95,3754.85,3752.05,3754.85,338,
2024-04-16 12:35:00+05:30,3754.85,3759,3753.45,3758.15,914,
2024-04-16 12:36:00+05:30,3758.2,3758.2,3755,3757.45,425,
2024-04-16 12:37:00+05:30,3757.45,3758.7,3756.6,3758.7,531,
2024-04-16 12:38:00+05:30,3758.2,3760,3758,3760,894,
2024-04-16 12:39:00+05:30,3760,3763.85,3760,3762.2,2160,
2024-04-16 12:40:00+05:30,3762.2,3762.25,3755.95,3755.95,3359,
2024-04-16 12:41:00+05:30,3755,3756.7,3750,3752.9,2216,
2024-04-16 12:42:00+05:30,3752.9,3752.9,3744.9,3749.65,2444,
2024-04-16 12:43:00+05:30,3749.65,3749.65,3745.1,3747.95,229,
2024-04-16 12:44:00+05:30,3747.95,3748,3747.05,3747.95,375,
2024-04-16 12:45:00+05:30,3747.95,3750,3747.05,3749.2,938,
2024-04-16 12:46:00+05:30,3749.2,3750,3749.2,3750,125,
2024-04-16 12:47:00+05:30,3749.95,3750,3747.65,3748.45,279,
2024-04-16 12:48:00+05:30,3748.85,3749.25,3747,3749.25,155,
2024-04-16 12:49:00+05:30,3749.25,3750.35,3748.45,3750.35,362,
2024-04-16 12:50:00+05:30,3750.25,3750.25,3748.25,3750,286,
2024-04-16 12:51:00+05:30,3750,3750,3747.05,3747.05,159,
2024-04-16 12:52:00+05:30,3747.05,3748.4,3741.15,3741.15,868,
2024-04-16 12:53:00+05:30,3742.2,3742.2,3740,3740,446,
2024-04-16 12:54:00+05:30,3740,3742.2,3736.55,3742.15,868,
2024-04-16 12:55:00+05:30,3742.15,3745.05,3742.05,3744.55,526,
2024-04-16 12:56:00+05:30,3744.55,3744.9,3741.1,3743,172,
2024-04-16 12:57:00+05:30,3743,3744.4,3742.05,3742.05,59,
2024-04-16 12:58:00+05:30,3743.4,3743.4,3741.2,3741.2,84,
2024-04-16 12:59:00+05:30,3741.2,3744,3741.2,3743.2,65,
2024-04-16 13:00:00+05:30,3741.2,3748.8,3741.2,3748.8,560,
2024-04-16 13:01:00+05:30,3748.8,3755,3748.8,3754.95,4259,
2024-04-16 13:02:00+05:30,3754.9,3755,3753.45,3753.45,350,
2024-04-16 13:03:00+05:30,3753.45,3759.8,3751.95,3757.8,4599,
2024-04-16 13:04:00+05:30,3758.45,3759.3,3757,3757.4,322,
2024-04-16 13:05:00+05:30,3758.45,3758.85,3753.1,3757.65,1252,
2024-04-16 13:06:00+05:30,3757.65,3763,3756.05,3762.85,2021,
2024-04-16 13:07:00+05:30,3762.85,3763,3759.95,3760,547,
2024-04-16 13:08:00+05:30,3760,3760,3756.55,3757.4,127,
2024-04-16 13:09:00+05:30,3757.4,3759.35,3754.3,3759.35,410,
2024-04-16 13:10:00+05:30,3760.5,3761.5,3757.5,3761.45,550,
2024-04-16 13:11:00+05:30,3761.45,3764.95,3760.1,3763.9,1430,
2024-04-16 13:12:00+05:30,3763.9,3768,3763.55,3768,2229,
2024-04-16 13:13:00+05:30,3768,3770,3766.5,3770,717,
2024-04-16 13:14:00+05:30,3770,3773,3769.65,3770.25,2114,
2024-04-16 13:15:00+05:30,3769.95,3769.95,3762.85,3762.85,502,
2024-04-16 13:16:00+05:30,3762.85,3766,3762.85,3765,465,
2024-04-16 13:17:00+05:30,3765,3765,3761.7,3763.45,301,
2024-04-16 13:18:00+05:30,3763.9,3769.35,3762.75,3767.85,314,
2024-04-16 13:19:00+05:30,3767.85,3770,3767.25,3769.1,240,
2024-04-16 13:20:00+05:30,3769.1,3772.7,3768.4,3772.7,823,
2024-04-16 13:21:00+05:30,3772.7,3779.9,3772.7,3777.7,2002,
2024-04-16 13:22:00+05:30,3777.7,3780,3777.15,3779.95,1424,
2024-04-16 13:23:00+05:30,3779.95,3781,3777.6,3777.75,1689,
2024-04-16 13:24:00+05:30,3777.75,3777.9,3773.1,3777.9,1254,
2024-04-16 13:25:00+05:30,3777.95,3779.75,3773.35,3773.35,829,
2024-04-16 13:26:00+05:30,3774.55,3774.65,3770.95,3772,475,
2024-04-16 13:27:00+05:30,3771.95,3776.5,3770.2,3773,2746,
2024-04-16 13:28:00+05:30,3773,3773,3767.65,3768.6,663,
2024-04-16 13:29:00+05:30,3768.6,3770.65,3766.55,3769.35,495,
2024-04-16 13:30:00+05:30,3769.35,3769.35,3767.15,3768,227,
2024-04-16 13:31:00+05:30,3767.35,3767.75,3765.45,3766.25,513,
2024-04-16 13:32:00+05:30,3767.7,3769,3766.2,3768.9,362,
2024-04-16 13:33:00+05:30,3768.9,3768.95,3767.3,3768.1,149,
2024-04-16 13:34:00+05:30,3768.1,3770,3766.25,3769.95,265,
2024-04-16 13:35:00+05:30,3769.95,3770,3767.95,3768.65,175,
2024-04-16 13:36:00+05:30,3768.65,3771.8,3767.95,3770.2,962,
2024-04-16 13:37:00+05:30,3771.65,3771.9,3770.25,3770.3,840,
2024-04-16 13:38:00+05:30,3770.3,3771.4,3768.05,3769.65,174,
2024-04-16 13:39:00+05:30,3769.7,3772.05,3769.1,3771.3,437,
2024-04-16 13:40:00+05:30,3771.3,3771.3,3770.2,3770.2,64,
2024-04-16 13:41:00+05:30,3770.2,3771.7,3766.6,3771.35,1998,
2024-04-16 13:42:00+05:30,3772.75,3773.45,3770.85,3773.45,482,
2024-04-16 13:43:00+05:30,3772.2,3773,3770.95,3771.3,573,
2024-04-16 13:44:00+05:30,3771.3,3771.3,3769.8,3770.75,159,
2024-04-16 13:45:00+05:30,3770.75,3770.75,3765,3766.8,702,
2024-04-16 13:46:00+05:30,3766.8,3770,3764.05,3770,802,
2024-04-16 13:47:00+05:30,3770,3770,3766.55,3766.55,91,
2024-04-16 13:48:00+05:30,3766.55,3767.6,3766.55,3767.6,102,
2024-04-16 13:49:00+05:30,3767.6,3767.6,3766.3,3767.6,270,
2024-04-16 13:50:00+05:30,3767.6,3768.2,3765.25,3765.25,188,
2024-04-16 13:51:00+05:30,3766.95,3766.95,3764.1,3765.65,213,
2024-04-16 13:52:00+05:30,3765.65,3765.65,3764.35,3765.15,95,
2024-04-16 13:53:00+05:30,3765.15,3765.15,3761.2,3763.4,424,
2024-04-16 13:54:00+05:30,3763.4,3763.4,3762,3762.8,33,
2024-04-16 13:55:00+05:30,3762.8,3762.8,3761.15,3761.9,217,
2024-04-16 13:56:00+05:30,3761.9,3764.75,3760.8,3764.65,394,
2024-04-16 13:57:00+05:30,3764.65,3764.65,3761.45,3763.1,93,
2024-04-16 13:58:00+05:30,3763.1,3763.1,3760.1,3761.05,245,
2024-04-16 13:59:00+05:30,3761.05,3761.05,3758,3758,641,
2024-04-16 14:00:00+05:30,3759,3759.4,3757.45,3758,226,
2024-04-16 14:01:00+05:30,3758,3760,3758,3759.1,445,
2024-04-16 14:02:00+05:30,3760,3760.65,3758.8,3760.35,359,
2024-04-16 14:03:00+05:30,3760.7,3760.7,3757,3759,781,
2024-04-16 14:04:00+05:30,3759,3759.6,3757,3757.05,161,
2024-04-16 14:05:00+05:30,3758.75,3759.3,3756,3758.45,427,
2024-04-16 14:06:00+05:30,3758.45,3759,3757.85,3758.75,229,
2024-04-16 14:07:00+05:30,3758.75,3759,3758,3758.4,209,
2024-04-16 14:08:00+05:30,3758.4,3758.95,3758,3758.15,171,
2024-04-16 14:09:00+05:30,3758.15,3759,3758,3758,143,
2024-04-16 14:10:00+05:30,3758,3759,3756,3757,612,
2024-04-16 14:11:00+05:30,3757,3763.9,3754.2,3763.6,3315,
2024-04-16 14:12:00+05:30,3763.8,3764.55,3760.65,3762.8,320,
2024-04-16 14:13:00+05:30,3762.8,3763.35,3757.5,3760.05,421,
2024-04-16 14:14:00+05:30,3760.05,3762,3757.75,3758.55,180,
2024-04-16 14:15:00+05:30,3758.55,3761.85,3757.65,3761.85,471,
2024-04-16 14:16:00+05:30,3761.85,3761.95,3758.45,3759,383,
2024-04-16 14:17:00+05:30,3759,3760.35,3755.5,3756.3,293,
2024-04-16 14:18:00+05:30,3756.3,3765.9,3756.3,3763.7,1335,
2024-04-16 14:19:00+05:30,3763.7,3765,3760.85,3760.85,923,
2024-04-16 14:20:00+05:30,3760.85,3763.1,3760.85,3761.85,130,
2024-04-16 14:21:00+05:30,3761.85,3762.3,3761.2,3761.25,206,
2024-04-16 14:22:00+05:30,3761.25,3762,3757.3,3757.95,3314,
2024-04-16 14:23:00+05:30,3758.8,3760.7,3757.95,3759.75,340,
2024-04-16 14:24:00+05:30,3759.75,3759.75,3758.3,3758.95,201,
2024-04-16 14:25:00+05:30,3759.2,3761.05,3758.5,3760.3,443,
2024-04-16 14:26:00+05:30,3760.3,3763.45,3760,3762.6,267,
2024-04-16 14:27:00+05:30,3763,3764.55,3762,3762.2,278,
2024-04-16 14:28:00+05:30,3762.3,3764.2,3762,3763.1,363,
2024-04-16 14:29:00+05:30,3763.1,3766,3763,3765.4,1751,
2024-04-16 14:30:00+05:30,3765.4,3766,3764,3764.2,244,
2024-04-16 14:31:00+05:30,3765.2,3765.75,3762.55,3763.15,441,
2024-04-16 14:32:00+05:30,3763.15,3765.95,3762.55,3765.95,365,
2024-04-16 14:33:00+05:30,3765.95,3765.95,3762.1,3764,503,
2024-04-16 14:34:00+05:30,3764,3766,3762.55,3766,1176,
2024-04-16 14:35:00+05:30,3766,3766,3764.85,3765.5,395,
2024-04-16 14:36:00+05:30,3765.5,3765.5,3762,3764.45,1177,
2024-04-16 14:37:00+05:30,3764.45,3766,3763.9,3764.2,378,
2024-04-16 14:38:00+05:30,3765.5,3765.85,3762,3762,122,
2024-04-16 14:39:00+05:30,3762,3763.45,3761.5,3762.8,266,
2024-04-16 14:40:00+05:30,3762.8,3764.75,3761.5,3763.6,207,
2024-04-16 14:41:00+05:30,3763.8,3763.85,3762.3,3763.2,314,
2024-04-16 14:42:00+05:30,3763.2,3763.6,3762.35,3762.95,455,
2024-04-16 14:43:00+05:30,3763.2,3764.35,3762.4,3764.1,162,
2024-04-16 14:44:00+05:30,3764.1,3765,3761.5,3765,1475,
2024-04-16 14:45:00+05:30,3764.1,3764.9,3761.55,3763,292,
2024-04-16 14:46:00+05:30,3762.8,3764.6,3762,3762,584,
2024-04-16 14:47:00+05:30,3762,3763.7,3761.6,3762.05,162,
2024-04-16 14:48:00+05:30,3762.05,3764.25,3762.05,3763.75,151,
2024-04-16 14:49:00+05:30,3763.75,3764.25,3762.15,3762.75,204,
2024-04-16 14:50:00+05:30,3762.75,3763.55,3758.25,3761.5,830,
2024-04-16 14:51:00+05:30,3761.2,3761.4,3756.1,3758,586,
2024-04-16 14:52:00+05:30,3758,3759.65,3755.05,3757.75,1126,
2024-04-16 14:53:00+05:30,3757.75,3757.85,3755,3756.1,427,
2024-04-16 14:54:00+05:30,3756.1,3756.1,3753,3753.75,885,
2024-04-16 14:55:00+05:30,3753.75,3757.65,3751.7,3757.15,1635,
2024-04-16 14:56:00+05:30,3757.5,3759.3,3756.15,3756.4,1366,
2024-04-16 14:57:00+05:30,3754.6,3760,3754.6,3760,560,
2024-04-16 14:58:00+05:30,3760,3760,3757.4,3757.5,426,
2024-04-16 14:59:00+05:30,3757.5,3759.75,3755.65,3757.7,377,
2024-04-16 15:00:00+05:30,3757.25,3759.05,3756.3,3757.45,638,
2024-04-16 15:01:00+05:30,3757.45,3757.6,3754.95,3756.4,763,
2024-04-16 15:02:00+05:30,3756.4,3757.95,3754.2,3756.25,1130,
2024-04-16 15:03:00+05:30,3757.95,3759.2,3756.55,3757.55,529,
2024-04-16 15:04:00+05:30,3757.55,3766,3757.5,3766,4533,
2024-04-16 15:05:00+05:30,3767.8,3773,3767.8,3770.9,3060,
2024-04-16 15:06:00+05:30,3770.95,3771,3768.6,3770.15,1286,
2024-04-16 15:07:00+05:30,3770.7,3771,3770.55,3770.55,910,
2024-04-16 15:08:00+05:30,3770.8,3771.2,3769.95,3769.95,1319,
2024-04-16 15:09:00+05:30,3771.1,3771.1,3768.3,3770,947,
2024-04-16 15:10:00+05:30,3770,3770,3767.75,3769.1,746,
2024-04-16 15:11:00+05:30,3769.1,3770,3768,3769.75,1721,
2024-04-16 15:12:00+05:30,3769.75,3770.9,3769.65,3770.65,933,
2024-04-16 15:13:00+05:30,3769.8,3770.4,3769.8,3770.3,725,
2024-04-16 15:14:00+05:30,3770.3,3770.5,3766.45,3766.45,1457,
2024-04-16 15:15:00+05:30,3767.75,3767.75,3765.4,3767,1222,
2024-04-16 15:16:00+05:30,3767.1,3767.2,3759.45,3762.85,7653,
2024-04-16 15:17:00+05:30,3762.9,3764.95,3762.65,3763.45,1283,
2024-04-16 15:18:00+05:30,3763.45,3764.65,3763.35,3763.6,1519,
2024-04-16 15:19:00+05:30,3763.8,3766.15,3763.8,3764.05,894,
2024-04-16 15:20:00+05:30,3765.15,3765.7,3761.7,3761.7,2201,
2024-04-16 15:21:00+05:30,3763.3,3764.4,3760.95,3761.2,763,
2024-04-16 15:22:00+05:30,3763.15,3763.2,3760.1,3761.05,587,
2024-04-16 15:23:00+05:30,3761.05,3761.95,3758.75,3758.75,1094,
2024-04-16 15:24:00+05:30,3758.8,3760.85,3757.05,3760.75,1469,
2024-04-16 15:25:00+05:30,3760.75,3762.75,3759.3,3760,1837,
2024-04-16 15:26:00+05:30,3761.75,3761.75,3759,3759.75,1265,
2024-04-16 15:27:00+05:30,3759.8,3764.7,3759.2,3763.95,711,
2024-04-16 15:28:00+05:30,3763.5,3763.9,3756.7,3760.7,810,
2024-04-16 15:29:00+05:30,3760.7,3764.7,3756.95,3764.7,496,
2024-04-18 09:15:00+05:30,3780,3781.1,3765,3769.35,2980,
2024-04-18 09:16:00+05:30,3769.5,3773.2,3766.8,3773.2,1442,
2024-04-18 09:17:00+05:30,3773,3774.95,3769.75,3769.75,1252,
2024-04-18 09:18:00+05:30,3768.45,3770.5,3765.5,3768.25,3031,
2024-04-18 09:19:00+05:30,3768.35,3769,3767.1,3768.25,266,
2024-04-18 09:20:00+05:30,3767.6,3769,3765,3765,1093,
2024-04-18 09:21:00+05:30,3765.9,3765.9,3756.1,3756.65,2061,
2024-04-18 09:22:00+05:30,3756.65,3759.2,3753.65,3758,1314,
2024-04-18 09:23:00+05:30,3757.6,3762,3755.65,3758.25,1280,
2024-04-18 09:24:00+05:30,3758.05,3758.3,3749.2,3754.55,3870,
2024-04-18 09:25:00+05:30,3754.55,3755.75,3749.2,3749.3,449,
2024-04-18 09:26:00+05:30,3749.3,3754.15,3748.2,3752.85,888,
2024-04-18 09:27:00+05:30,3752.85,3754.05,3747.2,3748.7,1372,
2024-04-18 09:28:00+05:30,3748.1,3752.05,3746.8,3748.4,373,
2024-04-18 09:29:00+05:30,3748.4,3748.45,3747.35,3747.8,507,
2024-04-18 09:30:00+05:30,3747.8,3751.65,3740.35,3751.5,3735,
2024-04-18 09:31:00+05:30,3752.5,3757.45,3750.4,3757.45,768,
2024-04-18 09:32:00+05:30,3757.45,3757.45,3752,3753.45,329,
2024-04-18 09:33:00+05:30,3753.7,3755,3751.55,3754.55,1260,
2024-04-18 09:34:00+05:30,3754.55,3754.8,3745.1,3752.6,1843,
2024-04-18 09:35:00+05:30,3752.6,3752.6,3744.95,3745.1,1242,
2024-04-18 09:36:00+05:30,3745.1,3749.65,3745.1,3746.6,584,
2024-04-18 09:37:00+05:30,3746.6,3748.25,3738.55,3738.85,1772,
2024-04-18 09:38:00+05:30,3738.85,3740.6,3736.05,3736.05,3796,
2024-04-18 09:39:00+05:30,3737,3740.3,3735.2,3735.2,1950,
2024-04-18 09:40:00+05:30,3735.2,3739.35,3735.2,3737.35,745,
2024-04-18 09:41:00+05:30,3737.35,3739.55,3735.7,3739.35,317,
2024-04-18 09:42:00+05:30,3739.35,3739.9,3735,3735.05,828,
2024-04-18 09:43:00+05:30,3735.05,3735.8,3732.2,3734.2,1493,
2024-04-18 09:44:00+05:30,3734.2,3738.25,3730.7,3734.8,1616,
2024-04-18 09:45:00+05:30,3736.3,3737.3,3731.65,3735.5,2320,
2024-04-18 09:46:00+05:30,3735.5,3738.9,3735.25,3737.8,757,
2024-04-18 09:47:00+05:30,3737.8,3740,3737.15,3737.45,1258,
2024-04-18 09:48:00+05:30,3737.45,3738.35,3732.85,3734,3148,
2024-04-18 09:49:00+05:30,3734,3735,3733.2,3734.95,530,
2024-04-18 09:50:00+05:30,3734.95,3736.25,3734.5,3735.8,658,
2024-04-18 09:51:00+05:30,3737.8,3738.85,3735.5,3738.55,1776,
2024-04-18 09:52:00+05:30,3738.5,3738.5,3737.45,3738,479,
2024-04-18 09:53:00+05:30,3738,3738,3734.2,3734.95,1732,
2024-04-18 09:54:00+05:30,3734.95,3739,3734.2,3738.1,1650,
2024-04-18 09:55:00+05:30,3738.95,3738.95,3736.7,3738.95,475,
2024-04-18 09:56:00+05:30,3738.95,3743.45,3736.85,3742.5,2463,
2024-04-18 09:57:00+05:30,3743.55,3745,3742.45,3744.95,2126,
2024-04-18 09:58:00+05:30,3744.95,3745,3743.8,3745,588,
2024-04-18 09:59:00+05:30,3744.45,3745,3741.4,3743.6,574,
2024-04-18 10:00:00+05:30,3744.25,3744.55,3741.1,3742.65,355,
2024-04-18 10:01:00+05:30,3742.65,3742.65,3739.75,3741.75,252,
2024-04-18 10:02:00+05:30,3741.75,3743,3741.05,3743,399,
2024-04-18 10:03:00+05:30,3742.95,3742.95,3741.15,3742,357,
2024-04-18 10:04:00+05:30,3742,3743,3740.45,3740.9,3035,
2024-04-18 10:05:00+05:30,3741.1,3745,3740,3745,1828,
2024-04-18 10:06:00+05:30,3745,3747,3744.9,3746.95,2823,
2024-04-18 10:07:00+05:30,3747,3747,3740,3740.5,3646,
2024-04-18 10:08:00+05:30,3741.1,3741.55,3737,3740.85,2432,
2024-04-18 10:09:00+05:30,3738.2,3741.1,3738.2,3740,1254,
2024-04-18 10:10:00+05:30,3740,3741.9,3740,3741,591,
2024-04-18 10:11:00+05:30,3741,3741.95,3738,3738.05,329,
2024-04-18 10:12:00+05:30,3738.05,3739.75,3736,3738,1311,
2024-04-18 10:13:00+05:30,3738,3738.95,3735,3735,381,
2024-04-18 10:14:00+05:30,3735,3736.5,3733,3733.7,2430,
2024-04-18 10:15:00+05:30,3733.35,3737,3732,3736,1372,
2024-04-18 10:16:00+05:30,3735.65,3740.95,3735.25,3739.45,601,
2024-04-18 10:17:00+05:30,3739.45,3740.15,3734.6,3737.25,1264,
2024-04-18 10:18:00+05:30,3737.25,3738.4,3735,3736.95,631,
2024-04-18 10:19:00+05:30,3736.95,3742.5,3735.65,3741.6,503,
2024-04-18 10:20:00+05:30,3742.8,3742.8,3739,3739.85,808,
2024-04-18 10:21:00+05:30,3739.8,3742.95,3738,3740.8,1622,
2024-04-18 10:22:00+05:30,3741.45,3745.9,3740.25,3741.1,1260,
2024-04-18 10:23:00+05:30,3741.1,3744.95,3737.6,3743.95,348,
2024-04-18 10:24:00+05:30,3743.95,3745.85,3743.95,3745.8,264,
2024-04-18 10:25:00+05:30,3745,3746.65,3743.25,3745.55,974,
2024-04-18 10:26:00+05:30,3745.55,3747,3744,3746.8,1666,
2024-04-18 10:27:00+05:30,3746.2,3747,3744,3744,736,
2024-04-18 10:28:00+05:30,3742.7,3743.9,3741.45,3743.9,526,
2024-04-18 10:29:00+05:30,3743.55,3746.5,3742.05,3744.25,1110,
2024-04-18 10:30:00+05:30,3743.5,3746.5,3742.2,3745.35,1078,
2024-04-18 10:31:00+05:30,3746.35,3750.75,3743.2,3750.75,3372,
2024-04-18 10:32:00+05:30,3750.75,3754,3750,3753.7,1338,
2024-04-18 10:33:00+05:30,3753.95,3754.95,3753.05,3753.05,1812,
2024-04-18 10:34:00+05:30,3753.05,3754.8,3752.05,3754.8,633,
2024-04-18 10:35:00+05:30,3753.95,3754.35,3751.35,3751.6,611,
2024-04-18 10:36:00+05:30,3751.6,3754.8,3750,3754,1598,
2024-04-18 10:37:00+05:30,3754,3764,3754,3760.3,6417,
2024-04-18 10:38:00+05:30,3760.3,3761,3752.55,3754.95,2372,
2024-04-18 10:39:00+05:30,3754.95,3754.95,3748.55,3750.7,2411,
2024-04-18 10:40:00+05:30,3750.6,3759.45,3750.6,3758.4,1985,
2024-04-18 10:41:00+05:30,3758.3,3761.7,3755.85,3755.85,971,
2024-04-18 10:42:00+05:30,3755.85,3760.1,3755.85,3756.05,418,
2024-04-18 10:43:00+05:30,3756.05,3757.25,3753.5,3754.3,431,
2024-04-18 10:44:00+05:30,3754.3,3756.7,3750.3,3750.3,438,
2024-04-18 10:45:00+05:30,3750.6,3754.85,3750.05,3752.05,597,
2024-04-18 10:46:00+05:30,3752.05,3755.8,3751.1,3754.05,416,
2024-04-18 10:47:00+05:30,3754.05,3756.5,3751.2,3753.8,550,
2024-04-18 10:48:00+05:30,3753.65,3756.85,3751.5,3752.9,571,
2024-04-18 10:49:00+05:30,3751.6,3757.5,3751.6,3757.5,1010,
2024-04-18 10:50:00+05:30,3755.9,3757.3,3753.25,3754.1,526,
2024-04-18 10:51:00+05:30,3755.5,3756.7,3750.4,3750.4,599,
2024-04-18 10:52:00+05:30,3750.2,3757,3749.95,3756.65,1175,
2024-04-18 10:53:00+05:30,3755.7,3755.7,3750,3750,467,
2024-04-18 10:54:00+05:30,3750,3753.25,3750,3750.55,198,
2024-04-18 10:55:00+05:30,3750.55,3750.55,3749.2,3749.2,789,
2024-04-18 10:56:00+05:30,3750.2,3750.6,3748.4,3750.6,280,
2024-04-18 10:57:00+05:30,3750.6,3752.5,3750,3750.4,431,
2024-04-18 10:58:00+05:30,3750.4,3753.35,3750,3751.5,254,
2024-04-18 10:59:00+05:30,3751.5,3751.95,3750,3750.05,259,
2024-04-18 11:00:00+05:30,3750.05,3751.25,3750,3751.25,115,
2024-04-18 11:01:00+05:30,3751.25,3751.25,3750,3750,581,
2024-04-18 11:02:00+05:30,3750,3751.25,3749.55,3751.25,304,
2024-04-18 11:03:00+05:30,3751.25,3751.25,3750.25,3751.25,49,
2024-04-18 11:04:00+05:30,3751.25,3751.25,3750.85,3751.05,337,
2024-04-18 11:05:00+05:30,3751.7,3757.55,3751.45,3757.25,335,
2024-04-18 11:06:00+05:30,3757.25,3762,3757.25,3760.55,1263,
2024-04-18 11:07:00+05:30,3760.55,3762.6,3760.3,3762.6,405,
2024-04-18 11:08:00+05:30,3762.7,3763.7,3760.5,3762.95,464,
2024-04-18 11:09:00+05:30,3762.95,3763,3758.85,3762.4,573,
2024-04-18 11:10:00+05:30,3762.4,3764.7,3762.3,3764.35,374,
2024-04-18 11:11:00+05:30,3764.7,3765,3762.45,3765,660,
2024-04-18 11:12:00+05:30,3764.95,3765.25,3760,3760,311,
2024-04-18 11:13:00+05:30,3760,3761.95,3757.8,3761.95,428,
2024-04-18 11:14:00+05:30,3761.95,3762.85,3761.05,3761.7,177,
2024-04-18 11:15:00+05:30,3761.7,3762,3760.55,3762,151,
2024-04-18 11:16:00+05:30,3760.95,3762,3760.05,3760.05,69,
2024-04-18 11:17:00+05:30,3760.05,3761.35,3757.5,3757.5,113,
2024-04-18 11:18:00+05:30,3757.5,3760.15,3757.5,3760,239,
2024-04-18 11:19:00+05:30,3759.95,3762,3759.95,3762,201,
2024-04-18 11:20:00+05:30,3761.95,3762,3758.65,3760.9,168,
2024-04-18 11:21:00+05:30,3760.9,3761.5,3759.5,3759.5,253,
2024-04-18 11:22:00+05:30,3759.5,3761.6,3758,3760.1,232,
2024-04-18 11:23:00+05:30,3760.1,3760.1,3756.1,3757.95,320,
2024-04-18 11:24:00+05:30,3757.95,3759.95,3754.6,3759.95,674,
2024-04-18 11:25:00+05:30,3759.95,3759.95,3756.55,3756.55,192,
2024-04-18 11:26:00+05:30,3756.55,3757.1,3753.6,3753.95,200,
2024-04-18 11:27:00+05:30,3753.95,3755.3,3750.2,3751.95,490,
2024-04-18 11:28:00+05:30,3751.95,3754.95,3750,3750,1852,
2024-04-18 11:29:00+05:30,3750,3752,3750,3751.95,175,
2024-04-18 11:30:00+05:30,3751.95,3752.35,3750,3750.9,329,
2024-04-18 11:31:00+05:30,3750.9,3753.6,3750.9,3751.95,119,
2024-04-18 11:32:00+05:30,3751.95,3753.95,3751,3753.65,217,
2024-04-18 11:33:00+05:30,3753.65,3763.85,3752.95,3758.45,3800,
2024-04-18 11:34:00+05:30,3757.6,3757.7,3754.5,3755.8,452,
2024-04-18 11:35:00+05:30,3755.8,3756.7,3753.9,3755.7,135,
2024-04-18 11:36:00+05:30,3754.45,3756,3753.2,3754.8,99,
2024-04-18 11:37:00+05:30,3754.8,3759.25,3754.8,3757.25,547,
2024-04-18 11:38:00+05:30,3757.25,3761.65,3757.25,3761.65,589,
2024-04-18 11:39:00+05:30,3761.65,3762.85,3759.65,3760.45,470,
2024-04-18 11:40:00+05:30,3760.45,3762.5,3760,3762.35,726,
2024-04-18 11:41:00+05:30,3761.05,3761.65,3760,3760.05,1300,
2024-04-18 11:42:00+05:30,3760.05,3761.65,3759,3760,1414,
2024-04-18 11:43:00+05:30,3761.05,3763.2,3760,3760.9,2296,
2024-04-18 11:44:00+05:30,3760.9,3761.7,3760,3761,369,
2024-04-18 11:45:00+05:30,3761,3762.6,3760,3760.15,491,
2024-04-18 11:46:00+05:30,3760.1,3764.7,3760,3761.2,1602,
2024-04-18 11:47:00+05:30,3760.75,3763,3760,3762.2,446,
2024-04-18 11:48:00+05:30,3760.85,3762.2,3760,3760,661,
2024-04-18 11:49:00+05:30,3760,3761.55,3760,3760,905,
2024-04-18 11:50:00+05:30,3760,3760.6,3760,3760.05,388,
2024-04-18 11:51:00+05:30,3760.05,3760.05,3759,3759,1314,
2024-04-18 11:52:00+05:30,3759.05,3759.3,3759,3759,326,
2024-04-18 11:53:00+05:30,3759.05,3760.2,3759,3759.4,590,
2024-04-18 11:54:00+05:30,3759.4,3759.95,3759.15,3759.15,588,
2024-04-18 11:55:00+05:30,3760.05,3762.5,3759.15,3760.95,1100,
2024-04-18 11:56:00+05:30,3760.95,3760.95,3760,3760,221,
2024-04-18 11:57:00+05:30,3760,3761.85,3760,3760,189,
2024-04-18 11:58:00+05:30,3760,3761,3760,3760.15,423,
2024-04-18 11:59:00+05:30,3760.15,3760.85,3760,3760.05,453,
2024-04-18 12:00:00+05:30,3760.35,3760.85,3760,3760,108,
2024-04-18 12:01:00+05:30,3760,3760.45,3760,3760.45,98,
2024-04-18 12:02:00+05:30,3760.45,3760.45,3760,3760.45,77,
2024-04-18 12:03:00+05:30,3760,3760.25,3754.2,3754.65,4716,
2024-04-18 12:04:00+05:30,3754.65,3757.75,3753.1,3757,4878,
2024-04-18 12:05:00+05:30,3757,3759,3756.25,3758,657,
2024-04-18 12:06:00+05:30,3758.05,3759.6,3758,3758.05,727,
2024-04-18 12:07:00+05:30,3759,3759,3753.2,3756,2930,
2024-04-18 12:08:00+05:30,3756,3756.1,3753.85,3755.1,166,
2024-04-18 12:09:00+05:30,3755.1,3755.6,3753.25,3755.1,401,
2024-04-18 12:10:00+05:30,3755.1,3755.3,3753.05,3754.05,365,
2024-04-18 12:11:00+05:30,3753.25,3754.6,3753,3754.35,153,
2024-04-18 12:12:00+05:30,3754.35,3754.35,3753,3754.3,339,
2024-04-18 12:13:00+05:30,3754.3,3754.3,3750.05,3751.15,665,
2024-04-18 12:14:00+05:30,3750.05,3751.85,3746.2,3746.6,1184,
2024-04-18 12:15:00+05:30,3747.2,3751.6,3747.2,3750.5,808,
2024-04-18 12:16:00+05:30,3750.45,3751.4,3747.35,3748.4,533,
2024-04-18 12:17:00+05:30,3748.85,3750,3747.05,3749.15,204,
2024-04-18 12:18:00+05:30,3749.15,3750,3747,3750,278,
2024-04-18 12:19:00+05:30,3750,3750,3747.65,3748.05,188,
2024-04-18 12:20:00+05:30,3748.05,3748.95,3746.1,3746.1,590,
2024-04-18 12:21:00+05:30,3746.1,3748,3745.3,3745.45,467,
2024-04-18 12:22:00+05:30,3745.45,3747.1,3744.2,3745.25,537,
2024-04-18 12:23:00+05:30,3745.25,3746.5,3743.05,3744.7,335,
2024-04-18 12:24:00+05:30,3744.7,3746.9,3743,3744.35,523,
2024-04-18 12:25:00+05:30,3744.25,3745.4,3743,3743.2,257,
2024-04-18 12:26:00+05:30,3743.05,3744.4,3742.45,3744,240,
2024-04-18 12:27:00+05:30,3743.2,3746,3742.3,3744.85,536,
2024-04-18 12:28:00+05:30,3745,3746.55,3743.15,3746.55,451,
2024-04-18 12:29:00+05:30,3746.55,3746.95,3743.1,3744.15,183,
2024-04-18 12:30:00+05:30,3744.15,3745.05,3743,3743,222,
2024-04-18 12:31:00+05:30,3743.35,3743.9,3740.2,3740.45,454,
2024-04-18 12:32:00+05:30,3740.45,3743.95,3740.2,3743.95,449,
2024-04-18 12:33:00+05:30,3743.95,3744.45,3741.15,3743.7,481,
2024-04-18 12:34:00+05:30,3742.65,3743.65,3740.35,3741.95,605,
2024-04-18 12:35:00+05:30,3741.95,3743.4,3740,3741,613,
2024-04-18 12:36:00+05:30,3741,3742.15,3739.2,3740.3,1944,
2024-04-18 12:37:00+05:30,3740.3,3751.45,3740.25,3749.75,2672,
2024-04-18 12:38:00+05:30,3749.75,3752.7,3748.85,3751.65,801,
2024-04-18 12:39:00+05:30,3751.9,3752.05,3750,3750.05,1295,
2024-04-18 12:40:00+05:30,3750.05,3751,3749,3749,879,
2024-04-18 12:41:00+05:30,3749,3750.6,3749,3750.6,300,
2024-04-18 12:42:00+05:30,3750.6,3752,3749.15,3750.05,282,
2024-04-18 12:43:00+05:30,3750.05,3752.7,3749.4,3751.4,710,
2024-04-18 12:44:00+05:30,3751.65,3753.4,3750.05,3751,436,
2024-04-18 12:45:00+05:30,3751.9,3751.9,3750,3751.85,363,
2024-04-18 12:46:00+05:30,3751.85,3751.95,3750,3751.3,479,
2024-04-18 12:47:00+05:30,3751.3,3751.7,3749.8,3750.1,297,
2024-04-18 12:48:00+05:30,3749.8,3752.55,3749.55,3752.55,417,
2024-04-18 12:49:00+05:30,3752.55,3752.8,3750,3752.4,737,
2024-04-18 12:50:00+05:30,3752.4,3752.4,3750.15,3750.55,154,
2024-04-18 12:51:00+05:30,3750.55,3751.95,3750,3750.25,434,
2024-04-18 12:52:00+05:30,3750.25,3751.95,3750,3750.1,363,
2024-04-18 12:53:00+05:30,3750.1,3753.7,3750,3753.15,998,
2024-04-18 12:54:00+05:30,3753.3,3754.7,3753,3753.7,306,
2024-04-18 12:55:00+05:30,3753.7,3755.05,3751.05,3753.75,398,
2024-04-18 12:56:00+05:30,3753.75,3755.7,3753.45,3755.7,577,
2024-04-18 12:57:00+05:30,3755.7,3755.7,3753.05,3754.5,195,
2024-04-18 12:58:00+05:30,3754.25,3755.35,3753.05,3754.25,335,
2024-04-18 12:59:00+05:30,3754.25,3754.6,3751.25,3752.35,239,
2024-04-18 13:00:00+05:30,3752.35,3753.95,3750,3752.3,372,
2024-04-18 13:01:00+05:30,3752.3,3753.15,3750,3751.9,597,
2024-04-18 13:02:00+05:30,3751.9,3753.1,3750,3751.3,526,
2024-04-18 13:03:00+05:30,3751.3,3753.2,3750,3751.9,285,
2024-04-18 13:04:00+05:30,3751.9,3754.5,3750.15,3753.95,533,
2024-04-18 13:05:00+05:30,3753.95,3755.7,3753.5,3755.5,795,
2024-04-18 13:06:00+05:30,3755.05,3756.55,3754.5,3755.05,817,
2024-04-18 13:07:00+05:30,3755.05,3757.65,3755.05,3756.35,628,
2024-04-18 13:08:00+05:30,3756.35,3756.35,3755.7,3755.7,467,
2024-04-18 13:09:00+05:30,3755.7,3756.85,3755.7,3755.75,299,
2024-04-18 13:10:00+05:30,3755.75,3758,3755.7,3757.6,516,
2024-04-18 13:11:00+05:30,3757.6,3757.65,3755.1,3756.4,251,
2024-04-18 13:12:00+05:30,3756.4,3757.7,3755,3755.05,373,
2024-04-18 13:13:00+05:30,3755.05,3756.9,3755,3756.4,351,
2024-04-18 13:14:00+05:30,3756.4,3758,3755,3756.9,2134,
2024-04-18 13:15:00+05:30,3755.15,3760.7,3755.15,3760.05,2806,
2024-04-18 13:16:00+05:30,3760.05,3761,3760,3760.1,1224,
2024-04-18 13:17:00+05:30,3760.1,3761,3759.5,3759.95,563,
2024-04-18 13:18:00+05:30,3760.05,3760.35,3759,3759,587,
2024-04-18 13:19:00+05:30,3759,3761,3759,3761,1160,
2024-04-18 13:20:00+05:30,3761,3761,3760,3760,548,
2024-04-18 13:21:00+05:30,3760,3761,3758,3760,4021,
2024-04-18 13:22:00+05:30,3758.75,3760,3751.55,3757.5,12148,
2024-04-18 13:23:00+05:30,3757.5,3757.5,3753.85,3754.4,557,
2024-04-18 13:24:00+05:30,3754.4,3754.4,3752,3752.35,523,
2024-04-18 13:25:00+05:30,3752.35,3753.85,3748.75,3753.85,972,
2024-04-18 13:26:00+05:30,3753.85,3753.9,3730.05,3730.05,4721,
2024-04-18 13:27:00+05:30,3730,3730,3702.5,3725.3,20301,
2024-04-18 13:28:00+05:30,3727.1,3730.65,3717.85,3723.7,3860,
2024-04-18 13:29:00+05:30,3723.7,3727,3715.6,3727,1626,
2024-04-18 13:30:00+05:30,3726.65,3727.75,3721,3724.05,1763,
2024-04-18 13:31:00+05:30,3725.45,3734.5,3724.75,3734.3,1768,
2024-04-18 13:32:00+05:30,3734.65,3744.4,3734.55,3742.45,3825,
2024-04-18 13:33:00+05:30,3742.5,3745.7,3737.6,3744.6,2583,
2024-04-18 13:34:00+05:30,3745.2,3745.7,3739.05,3743.65,1753,
2024-04-18 13:35:00+05:30,3743.7,3745.55,3740.45,3741.4,971,
2024-04-18 13:36:00+05:30,3741.4,3742.35,3735.2,3740.65,2133,
2024-04-18 13:37:00+05:30,3738.9,3738.9,3720.2,3720.2,4079,
2024-04-18 13:38:00+05:30,3720.2,3731.45,3716.1,3728.6,4367,
2024-04-18 13:39:00+05:30,3728.6,3729.6,3721.95,3728.3,1116,
2024-04-18 13:40:00+05:30,3728.3,3735,3727.65,3733.9,2387,
2024-04-18 13:41:00+05:30,3733.9,3735.7,3725.2,3725.2,1107,
2024-04-18 13:42:00+05:30,3725.2,3732.4,3723.2,3730.75,1215,
2024-04-18 13:43:00+05:30,3730.9,3733.7,3727.1,3727.2,876,
2024-04-18 13:44:00+05:30,3727.2,3729.2,3720.2,3724.4,1814,
2024-04-18 13:45:00+05:30,3724.2,3727,3721.7,3725.95,1075,
2024-04-18 13:46:00+05:30,3725.95,3726,3723.1,3724.15,489,
2024-04-18 13:47:00+05:30,3724.1,3725,3721.95,3724.05,567,
2024-04-18 13:48:00+05:30,3724.05,3724.3,3721.7,3723,549,
2024-04-18 13:49:00+05:30,3723.95,3725,3722.95,3724.05,3983,
2024-04-18 13:50:00+05:30,3724.05,3724.65,3720,3721.9,1222,
2024-04-18 13:51:00+05:30,3721.9,3725,3721.9,3725,11139,
2024-04-18 13:52:00+05:30,3725,3725,3722,3722.75,882,
2024-04-18 13:53:00+05:30,3722.7,3727,3720.75,3726.5,1585,
2024-04-18 13:54:00+05:30,3726.5,3726.9,3723.2,3723.2,668,
2024-04-18 13:55:00+05:30,3723.2,3724.35,3722.75,3723.2,323,
2024-04-18 13:56:00+05:30,3723.25,3723.25,3720,3722.75,700,
2024-04-18 13:57:00+05:30,3722.75,3724.65,3721.2,3723.7,1613,
2024-04-18 13:58:00+05:30,3724.3,3728,3722,3727,20115,
2024-04-18 13:59:00+05:30,3726.95,3727.3,3722.55,3725,8888,
2024-04-18 14:00:00+05:30,3725,3725,3722.65,3723.1,273,
2024-04-18 14:01:00+05:30,3723.1,3725,3722.3,3725,370,
2024-04-18 14:02:00+05:30,3724.1,3725,3722,3724.75,1208,
2024-04-18 14:03:00+05:30,3724.75,3725,3723.25,3725,5570,
2024-04-18 14:04:00+05:30,3725,3730,3724.95,3725,3157,
2024-04-18 14:05:00+05:30,3725,3725,3723.2,3724,884,
2024-04-18 14:06:00+05:30,3724,3724.85,3720.5,3723.15,966,
2024-04-18 14:07:00+05:30,3722.6,3724.85,3722,3722,645,
2024-04-18 14:08:00+05:30,3722,3725,3722,3724.95,428,
2024-04-18 14:09:00+05:30,3724.95,3726.25,3722,3725,15622,
2024-04-18 14:10:00+05:30,3725,3732,3725,3725.65,10131,
2024-04-18 14:11:00+05:30,3725.55,3729.4,3723.65,3728.6,932,
2024-04-18 14:12:00+05:30,3728.6,3731.6,3725,3729.25,1243,
2024-04-18 14:13:00+05:30,3729.25,3730.5,3727.8,3730.5,515,
2024-04-18 14:14:00+05:30,3730.5,3737.65,3730.5,3734.05,2441,
2024-04-18 14:15:00+05:30,3734.35,3737,3731.55,3737,1800,
2024-04-18 14:16:00+05:30,3737.7,3738.9,3733.85,3738.9,1165,
2024-04-18 14:17:00+05:30,3738.9,3741.95,3736.95,3741.95,2213,
2024-04-18 14:18:00+05:30,3742.7,3745,3742.7,3744,1719,
2024-04-18 14:19:00+05:30,3743.1,3743.1,3736.25,3739.25,337,
2024-04-18 14:20:00+05:30,3739.25,3742.5,3737,3741.9,2141,
2024-04-18 14:21:00+05:30,3741.9,3746.15,3737.35,3743.4,16014,
2024-04-18 14:22:00+05:30,3743.8,3752.9,3743.1,3750,7117,
2024-04-18 14:23:00+05:30,3750,3751.7,3745.45,3746.15,10474,
2024-04-18 14:24:00+05:30,3746.15,3749.5,3740.15,3741.85,2309,
2024-04-18 14:25:00+05:30,3741.05,3746.75,3741.05,3742,1454,
2024-04-18 14:26:00+05:30,3742,3742.5,3737.5,3737.5,287,
2024-04-18 14:27:00+05:30,3737.5,3738.75,3734.4,3738.6,574,
2024-04-18 14:28:00+05:30,3738.6,3740.85,3736.1,3739.85,222,
2024-04-18 14:29:00+05:30,3739.75,3746,3739.65,3745,8111,
2024-04-18 14:30:00+05:30,3745,3752.55,3745,3751.85,6297,
2024-04-18 14:31:00+05:30,3751.45,3752,3742.85,3742.85,4638,
2024-04-18 14:32:00+05:30,3742.85,3749.55,3742.4,3745.55,1416,
2024-04-18 14:33:00+05:30,3745.5,3746.25,3736.15,3741.05,1889,
2024-04-18 14:34:00+05:30,3741.8,3743.6,3739.05,3742.75,1124,
2024-04-18 14:35:00+05:30,3742.75,3747.75,3740.05,3743.4,2848,
2024-04-18 14:36:00+05:30,3743.4,3749.6,3741.7,3745.9,3645,
2024-04-18 14:37:00+05:30,3745.8,3748.55,3742.8,3745.9,2727,
2024-04-18 14:38:00+05:30,3745.9,3748.85,3743.4,3746.1,1666,
2024-04-18 14:39:00+05:30,3747.4,3747.9,3734.85,3739.8,4107,
2024-04-18 14:40:00+05:30,3739.8,3740.1,3725.45,3727.4,4049,
2024-04-18 14:41:00+05:30,3727.4,3734.25,3725.1,3728,3779,
2024-04-18 14:42:00+05:30,3726.5,3734.1,3726.45,3732.05,997,
2024-04-18 14:43:00+05:30,3731.3,3732.7,3725.6,3732,833,
2024-04-18 14:44:00+05:30,3732,3732,3725.2,3726.35,563,
2024-04-18 14:45:00+05:30,3726.35,3734.2,3721.95,3723.4,26276,
2024-04-18 14:46:00+05:30,3723.4,3725,3717.35,3719.5,3604,
2024-04-18 14:47:00+05:30,3718,3730,3718,3729.95,24905,
2024-04-18 14:48:00+05:30,3729.95,3732.65,3727.1,3727.1,8619,
2024-04-18 14:49:00+05:30,3727.15,3727.15,3718.6,3721,2350,
2024-04-18 14:50:00+05:30,3720.7,3729.4,3720.7,3728.95,2030,
2024-04-18 14:51:00+05:30,3727.6,3731.25,3725,3726.25,5390,
2024-04-18 14:52:00+05:30,3726.25,3732.7,3725,3727.6,13372,
2024-04-18 14:53:00+05:30,3727.6,3727.75,3723.2,3725,5658,
2024-04-18 14:54:00+05:30,3725.5,3726.65,3715.1,3723.85,9249,
2024-04-18 14:55:00+05:30,3722.9,3725.25,3714.9,3718.2,7621,
2024-04-18 14:56:00+05:30,3717.5,3720.75,3712.2,3718.9,9799,
2024-04-18 14:57:00+05:30,3718.9,3722.45,3714.75,3717.75,4290,
2024-04-18 14:58:00+05:30,3717,3719.95,3711.85,3719.2,2529,
2024-04-18 14:59:00+05:30,3716.6,3719.2,3714.95,3717.15,2003,
2024-04-18 15:00:00+05:30,3715.5,3719,3712.3,3718.65,7876,
2024-04-18 15:01:00+05:30,3718.7,3723.2,3716.4,3721.75,6802,
2024-04-18 15:02:00+05:30,3721.75,3728.75,3721.4,3724.45,16020,
2024-04-18 15:03:00+05:30,3724.35,3728.85,3722.1,3725.85,12034,
2024-04-18 15:04:00+05:30,3725.75,3726,3720.3,3722.1,6866,
2024-04-18 15:05:00+05:30,3722.3,3722.7,3715,3716.2,2927,
2024-04-18 15:06:00+05:30,3715.25,3719.1,3714.1,3715.85,2551,
2024-04-18 15:07:00+05:30,3715.05,3715.5,3708.95,3710.6,2561,
2024-04-18 15:08:00+05:30,3710.2,3714.7,3706.25,3707.45,2726,
2024-04-18 15:09:00+05:30,3707.45,3713.1,3706.55,3711.6,3694,
2024-04-18 15:10:00+05:30,3711.6,3714.2,3705.3,3710.7,4046,
2024-04-18 15:11:00+05:30,3709.6,3714.8,3707.45,3713.1,3059,
2024-04-18 15:12:00+05:30,3713.25,3714.2,3705.05,3706,5677,
2024-04-18 15:13:00+05:30,3706,3714.05,3704.3,3713.25,3357,
2024-04-18 15:14:00+05:30,3713.25,3714.45,3707.05,3709,7796,
2024-04-18 15:15:00+05:30,3708.15,3709.85,3699.05,3703.75,20752,
2024-04-18 15:16:00+05:30,3703.75,3709.25,3698.25,3700,8425,
2024-04-18 15:17:00+05:30,3699.95,3700,3699.25,3699.95,6762,
2024-04-18 15:18:00+05:30,3699.95,3700,3697,3700,2820,
2024-04-18 15:19:00+05:30,3700,3700,3698.15,3699.8,2275,
2024-04-18 15:20:00+05:30,3699.8,3700,3696.2,3700,3128,
2024-04-18 15:21:00+05:30,3700,3700,3697.25,3699.95,1996,
2024-04-18 15:22:00+05:30,3700,3700,3699.25,3700,6743,
2024-04-18 15:23:00+05:30,3700,3700,3695.25,3699.1,5263,
2024-04-18 15:24:00+05:30,3699.1,3700,3697.2,3700,2666,
2024-04-18 15:25:00+05:30,3699.9,3700,3699.65,3700,7854,
2024-04-18 15:26:00+05:30,3700,3700,3699,3700,7264,
2024-04-18 15:27:00+05:30,3700,3700,3699,3700,3942,
2024-04-18 15:28:00+05:30,3700,3700,3695.2,3695.2,3562,
2024-04-18 15:29:00+05:30,3699.5,3700,3698.1,3699,962,
2024-04-19 09:15:00+05:30,3661,3690.6,3661,3666.05,7592,
2024-04-19 09:16:00+05:30,3666,3681.3,3661.1,3674.25,5923,
2024-04-19 09:17:00+05:30,3674.65,3700,3674.65,3694.95,8179,
2024-04-19 09:18:00+05:30,3694.85,3697.2,3687.45,3692.05,1865,
2024-04-19 09:19:00+05:30,3692.05,3693.35,3677.4,3681.1,1780,
2024-04-19 09:20:00+05:30,3683.75,3683.75,3677,3680.25,1656,
2024-04-19 09:21:00+05:30,3682,3682.9,3674.25,3682,1999,
2024-04-19 09:22:00+05:30,3680.15,3681.65,3677.15,3679.15,887,
2024-04-19 09:23:00+05:30,3679.15,3679.6,3673.05,3678.5,1190,
2024-04-19 09:24:00+05:30,3680,3683.9,3678.05,3683.55,1512,
2024-04-19 09:25:00+05:30,3684.95,3684.95,3678.9,3679.65,594,
2024-04-19 09:26:00+05:30,3679.55,3679.55,3674,3676.5,522,
2024-04-19 09:27:00+05:30,3678.35,3678.35,3672.7,3674.65,415,
2024-04-19 09:28:00+05:30,3673.4,3675.15,3670.2,3673.1,312,
2024-04-19 09:29:00+05:30,3671.95,3673,3666.65,3666.65,1216,
2024-04-19 09:30:00+05:30,3669,3669,3661.65,3663.7,1278,
2024-04-19 09:31:00+05:30,3662.8,3662.8,3657.2,3659.4,1948,
2024-04-19 09:32:00+05:30,3659.35,3665.9,3657.55,3665.9,1280,
2024-04-19 09:33:00+05:30,3665.9,3669.15,3665,3666.5,534,
2024-04-19 09:34:00+05:30,3665,3672.95,3665,3671.7,2188,
2024-04-19 09:35:00+05:30,3671.7,3671.75,3668.25,3670.3,442,
2024-04-19 09:36:00+05:30,3670.3,3670.9,3666.9,3669.7,359,
2024-04-19 09:37:00+05:30,3669.7,3669.7,3661.7,3662.45,1969,
2024-04-19 09:38:00+05:30,3662.45,3666.15,3662.45,3663.25,150,
2024-04-19 09:39:00+05:30,3664.45,3664.75,3662,3662.6,860,
2024-04-19 09:40:00+05:30,3663,3663.75,3660,3661.5,587,
2024-04-19 09:41:00+05:30,3661.95,3663.95,3661.3,3663.6,414,
2024-04-19 09:42:00+05:30,3662.95,3663.6,3661.45,3663.6,236,
2024-04-19 09:43:00+05:30,3662.65,3665,3662.35,3663.6,289,
2024-04-19 09:44:00+05:30,3663.05,3664.35,3661.4,3663.2,92,
2024-04-19 09:45:00+05:30,3663.25,3663.5,3660,3661.45,506,
2024-04-19 09:46:00+05:30,3661.45,3669.55,3660.2,3669.55,1236,
2024-04-19 09:47:00+05:30,3668.35,3675.6,3668.35,3674.95,1002,
2024-04-19 09:48:00+05:30,3675.45,3678.7,3672,3678.7,511,
2024-04-19 09:49:00+05:30,3678.7,3682.45,3678.15,3679.9,721,
2024-04-19 09:50:00+05:30,3679.9,3683.6,3678.85,3683.35,708,
2024-04-19 09:51:00+05:30,3683.35,3683.35,3676.6,3679.5,725,
2024-04-19 09:52:00+05:30,3679.5,3683.7,3678.85,3680.9,429,
2024-04-19 09:53:00+05:30,3680.9,3681.9,3680,3681.3,107,
2024-04-19 09:54:00+05:30,3681.35,3681.35,3674.1,3676.05,849,
2024-04-19 09:55:00+05:30,3676.25,3677.9,3672.6,3672.7,324,
2024-04-19 09:56:00+05:30,3672.2,3673.95,3670,3673,547,
2024-04-19 09:57:00+05:30,3674.15,3676,3668.3,3673.5,1837,
2024-04-19 09:58:00+05:30,3673.5,3677.75,3673.5,3675.4,899,
2024-04-19 09:59:00+05:30,3675.4,3679.2,3674.2,3679.2,222,
2024-04-19 10:00:00+05:30,3679.2,3679.9,3676.45,3676.6,177,
2024-04-19 10:01:00+05:30,3676.6,3679.35,3676.6,3679.35,410,
2024-04-19 10:02:00+05:30,3679.35,3679.35,3675,3678.2,178,
2024-04-19 10:03:00+05:30,3677.8,3677.8,3674.4,3676.8,235,
2024-04-19 10:04:00+05:30,3675.9,3677.7,3674.5,3677.7,125,
2024-04-19 10:05:00+05:30,3677.7,3679.3,3675.7,3678.9,322,
2024-04-19 10:06:00+05:30,3678.9,3678.95,3675,3677.25,161,
2024-04-19 10:07:00+05:30,3677.25,3679.1,3676.1,3678,534,
2024-04-19 10:08:00+05:30,3678,3680,3675.6,3679.55,427,
2024-04-19 10:09:00+05:30,3679.55,3680,3673,3673,565,
2024-04-19 10:10:00+05:30,3673,3673,3670,3670.85,524,
2024-04-19 10:11:00+05:30,3670,3672.7,3669,3670.25,314,
2024-04-19 10:12:00+05:30,3670.25,3670.5,3667,3670.5,402,
2024-04-19 10:13:00+05:30,3670.5,3672,3669.4,3671.75,484,
2024-04-19 10:14:00+05:30,3671.15,3675,3669.05,3674.75,279,
2024-04-19 10:15:00+05:30,3674.75,3675.8,3673.25,3675.8,276,
2024-04-19 10:16:00+05:30,3675.8,3676.7,3675,3675.75,153,
2024-04-19 10:17:00+05:30,3675.75,3675.75,3672,3673.4,81,
2024-04-19 10:18:00+05:30,3674,3674,3672.05,3673.2,225,
2024-04-19 10:19:00+05:30,3673.2,3674,3671.65,3673.5,371,
2024-04-19 10:20:00+05:30,3673.45,3675.65,3671.7,3674.2,265,
2024-04-19 10:21:00+05:30,3674.2,3674.95,3672.6,3673.8,181,
2024-04-19 10:22:00+05:30,3673.8,3674.15,3672,3673.2,156,
2024-04-19 10:23:00+05:30,3673.15,3674.2,3671,3671.8,382,
2024-04-19 10:24:00+05:30,3671.8,3672.8,3669.95,3671.55,549,
2024-04-19 10:25:00+05:30,3671.55,3671.6,3669.2,3671.5,241,
2024-04-19 10:26:00+05:30,3671.5,3671.7,3669,3669.6,392,
2024-04-19 10:27:00+05:30,3669.5,3669.95,3667.3,3668,199,
2024-04-19 10:28:00+05:30,3668.05,3670,3668,3669.75,370,
2024-04-19 10:29:00+05:30,3668.05,3669.95,3666.95,3666.95,924,
2024-04-19 10:30:00+05:30,3667,3667,3663.35,3665.1,1342,
2024-04-19 10:31:00+05:30,3664.9,3670,3663.45,3667.1,4942,
2024-04-19 10:32:00+05:30,3667.1,3670,3667,3668.6,128,
2024-04-19 10:33:00+05:30,3668.6,3668.95,3666.15,3668.4,172,
2024-04-19 10:34:00+05:30,3668.4,3668.4,3664.7,3665.1,397,
2024-04-19 10:35:00+05:30,3665.1,3666.7,3663,3663.7,299,
2024-04-19 10:36:00+05:30,3663.7,3666.3,3663.25,3665,327,
2024-04-19 10:37:00+05:30,3664.95,3664.95,3661,3661.9,1137,
2024-04-19 10:38:00+05:30,3661.9,3663.6,3658.5,3659.55,607,
2024-04-19 10:39:00+05:30,3659.6,3659.6,3654.85,3657.35,1118,
2024-04-19 10:40:00+05:30,3657.35,3657.35,3652.4,3653.2,1099,
2024-04-19 10:41:00+05:30,3654,3658.15,3654,3657,438,
2024-04-19 10:42:00+05:30,3657,3657,3654.1,3656.45,333,
2024-04-19 10:43:00+05:30,3656.45,3656.85,3652.15,3655,508,
2024-04-19 10:44:00+05:30,3654.95,3655.8,3650.85,3652,2469,
2024-04-19 10:45:00+05:30,3653.3,3654.65,3650.1,3652.2,622,
2024-04-19 10:46:00+05:30,3652.2,3654.9,3650.05,3654.9,1059,
2024-04-19 10:47:00+05:30,3653.5,3654.45,3641,3641,3938,
2024-04-19 10:48:00+05:30,3641,3653,3641,3653,1791,
2024-04-19 10:49:00+05:30,3654.3,3655.65,3652.45,3655.65,377,
2024-04-19 10:50:00+05:30,3654,3657,3652.8,3657,2134,
2024-04-19 10:51:00+05:30,3657.5,3659.9,3655,3659.9,2147,
2024-04-19 10:52:00+05:30,3659.85,3660,3658,3659.5,887,
2024-04-19 10:53:00+05:30,3659.5,3659.7,3655.2,3656.65,751,
2024-04-19 10:54:00+05:30,3656.65,3659.7,3655.3,3659.7,109,
2024-04-19 10:55:00+05:30,3659.7,3661.1,3655.1,3655.1,1254,
2024-04-19 10:56:00+05:30,3655.1,3667.5,3653.5,3667.5,3123,
2024-04-19 10:57:00+05:30,3666.7,3669,3665,3666.25,1516,
2024-04-19 10:58:00+05:30,3667.25,3671,3665,3671,916,
2024-04-19 10:59:00+05:30,3672.65,3673,3670,3671,883,
2024-04-19 11:00:00+05:30,3672.25,3672.25,3670,3670.95,488,
2024-04-19 11:01:00+05:30,3670.95,3671.9,3670,3671.85,413,
2024-04-19 11:02:00+05:30,3670.8,3671.85,3666.25,3671.65,713,
2024-04-19 11:03:00+05:30,3671,3671,3667.1,3668.15,1826,
2024-04-19 11:04:00+05:30,3668.8,3670.2,3665,3665.2,1588,
2024-04-19 11:05:00+05:30,3666.9,3668,3664.1,3667.65,2618,
2024-04-19 11:06:00+05:30,3667.65,3667.85,3665,3665.1,1123,
2024-04-19 11:07:00+05:30,3665.75,3668.25,3665,3665.65,4009,
2024-04-19 11:08:00+05:30,3665.65,3667.8,3665,3665,1295,
2024-04-19 11:09:00+05:30,3666.9,3670,3665.85,3670,207,
2024-04-19 11:10:00+05:30,3670,3670.95,3668.95,3670.4,228,
2024-04-19 11:11:00+05:30,3670.35,3670.35,3665.85,3668.6,712,
2024-04-19 11:12:00+05:30,3668.3,3669.45,3665.5,3665.5,300,
2024-04-19 11:13:00+05:30,3665.5,3672.2,3665.5,3669.85,1215,
2024-04-19 11:14:00+05:30,3669.85,3672.1,3667.3,3670.25,915,
2024-04-19 11:15:00+05:30,3670.25,3670.6,3666.2,3666.2,1313,
2024-04-19 11:16:00+05:30,3666.2,3669,3666.2,3667.1,134,
2024-04-19 11:17:00+05:30,3667.1,3670,3665.5,3669.95,165,
2024-04-19 11:18:00+05:30,3669.95,3672.3,3668,3672.05,183,
2024-04-19 11:19:00+05:30,3672.05,3672.05,3668.55,3671,153,
2024-04-19 11:20:00+05:30,3671,3674.95,3668.7,3674.95,406,
2024-04-19 11:21:00+05:30,3673.1,3683.7,3673.1,3682.8,2040,
2024-04-19 11:22:00+05:30,3682.8,3687.7,3680.3,3687.35,1759,
2024-04-19 11:23:00+05:30,3687.35,3694.2,3686.6,3690.05,1390,
2024-04-19 11:24:00+05:30,3690,3697.4,3689.15,3697.3,3563,
2024-04-19 11:25:00+05:30,3697.3,3697.95,3695.2,3695.8,936,
2024-04-19 11:26:00+05:30,3695.8,3697,3693,3693,370,
2024-04-19 11:27:00+05:30,3693.6,3695,3693.6,3694.95,369,
2024-04-19 11:28:00+05:30,3694.95,3694.95,3690.7,3692.8,529,
2024-04-19 11:29:00+05:30,3692.8,3693,3692.25,3692.95,90,
2024-04-19 11:30:00+05:30,3692.95,3692.95,3691.35,3692.25,159,
2024-04-19 11:31:00+05:30,3692,3693,3687.7,3690,481,
2024-04-19 11:32:00+05:30,3690,3694.9,3687.5,3694.3,993,
2024-04-19 11:33:00+05:30,3694.7,3696.9,3692.9,3694.95,589,
2024-04-19 11:34:00+05:30,3694.95,3695.85,3690,3690.6,121,
2024-04-19 11:35:00+05:30,3689,3691.8,3689,3691.75,218,
2024-04-19 11:36:00+05:30,3691.75,3694.95,3689.95,3694.95,448,
2024-04-19 11:37:00+05:30,3694,3695,3690,3690.25,309,
2024-04-19 11:38:00+05:30,3690.25,3692.85,3690.25,3691.85,105,
2024-04-19 11:39:00+05:30,3692.8,3692.85,3689.2,3689.8,127,
2024-04-19 11:40:00+05:30,3689.8,3691.75,3687.3,3688.45,270,
2024-04-19 11:41:00+05:30,3688.45,3688.45,3681.9,3683.65,425,
2024-04-19 11:42:00+05:30,3683.65,3686.2,3683.6,3684.65,352,
2024-04-19 11:43:00+05:30,3684.65,3689.9,3684.65,3687.85,194,
2024-04-19 11:44:00+05:30,3687.85,3689.05,3685.2,3685.4,279,
2024-04-19 11:45:00+05:30,3685.4,3685.4,3684.35,3685.05,92,
2024-04-19 11:46:00+05:30,3685.05,3685.75,3684,3684.05,92,
2024-04-19 11:47:00+05:30,3684,3684.05,3682,3682.9,821,
2024-04-19 11:48:00+05:30,3683.4,3686.35,3683.25,3686.35,357,
2024-04-19 11:49:00+05:30,3686.35,3692.3,3684.25,3692.3,928,
2024-04-19 11:50:00+05:30,3692.3,3694.85,3691.2,3694,320,
2024-04-19 11:51:00+05:30,3694,3694.3,3692.7,3692.85,322,
2024-04-19 11:52:00+05:30,3692.85,3692.95,3687.65,3690.9,337,
2024-04-19 11:53:00+05:30,3690.9,3691.95,3687.05,3690.1,85,
2024-04-19 11:54:00+05:30,3690.1,3698.7,3688.3,3698.6,9669,
2024-04-19 11:55:00+05:30,3698.6,3700,3696.75,3700,3726,
2024-04-19 11:56:00+05:30,3699.55,3700,3697.45,3699.35,287,
2024-04-19 11:57:00+05:30,3699.35,3699.45,3697.25,3699.35,82,
2024-04-19 11:58:00+05:30,3699.35,3700,3697.8,3700,281,
2024-04-19 11:59:00+05:30,3700,3700,3698.9,3700,302,
2024-04-19 12:00:00+05:30,3698.55,3700,3698.3,3699,204,
2024-04-19 12:01:00+05:30,3699,3699.95,3697.45,3697.45,68,
2024-04-19 12:02:00+05:30,3699.2,3699.4,3696.2,3699.4,158,
2024-04-19 12:03:00+05:30,3699.15,3699.2,3696.5,3697.3,190,
2024-04-19 12:04:00+05:30,3697.3,3697.95,3696.65,3697.9,128,
2024-04-19 12:05:00+05:30,3697.9,3698.8,3696.95,3697.95,92,
2024-04-19 12:06:00+05:30,3697.95,3698.9,3696.7,3698.9,170,
2024-04-19 12:07:00+05:30,3698.9,3700,3698,3699.55,546,
2024-04-19 12:08:00+05:30,3699.55,3700,3697.95,3698.65,199,
2024-04-19 12:09:00+05:30,3699.55,3700,3698.1,3698.1,147,
2024-04-19 12:10:00+05:30,3698.1,3699.9,3698.1,3699.85,94,
2024-04-19 12:11:00+05:30,3699.85,3702,3697.1,3700,32618,
2024-04-19 12:12:00+05:30,3700,3700,3698.7,3699.7,703,
2024-04-19 12:13:00+05:30,3699.7,3700,3696.3,3699.75,3203,
2024-04-19 12:14:00+05:30,3699.75,3704,3699.75,3704,1927,
2024-04-19 12:15:00+05:30,3704,3706.9,3698.8,3698.8,17026,
2024-04-19 12:16:00+05:30,3699.8,3700,3699.55,3700,6302,
2024-04-19 12:17:00+05:30,3700,3700,3698.05,3699.9,849,
2024-04-19 12:18:00+05:30,3699.9,3700,3697.7,3699.7,86,
2024-04-19 12:19:00+05:30,3699.7,3699.7,3697.05,3698.95,152,
2024-04-19 12:20:00+05:30,3698.95,3699.15,3697.1,3698.95,58,
2024-04-19 12:21:00+05:30,3698.95,3699.75,3697.3,3699.2,162,
2024-04-19 12:22:00+05:30,3699.2,3699.2,3696.3,3698.95,273,
2024-04-19 12:23:00+05:30,3698.95,3708.25,3698.2,3708.2,22091,
2024-04-19 12:24:00+05:30,3708.2,3708.25,3701.95,3702,4610,
2024-04-19 12:25:00+05:30,3702,3702,3699.9,3700,236,
2024-04-19 12:26:00+05:30,3698.75,3700,3696.7,3697.85,306,
2024-04-19 12:27:00+05:30,3697.85,3700,3695,3698.5,1517,
2024-04-19 12:28:00+05:30,3698.5,3698.5,3695.3,3697.45,89,
2024-04-19 12:29:00+05:30,3697.45,3697.95,3695,3697,2383,
2024-04-19 12:30:00+05:30,3697,3700.95,3697,3699.6,1872,
2024-04-19 12:31:00+05:30,3699.6,3701.5,3699.5,3700.7,4596,
2024-04-19 12:32:00+05:30,3700.7,3703,3700,3700.3,7114,
2024-04-19 12:33:00+05:30,3700.3,3701.9,3699.5,3700,4842,
2024-04-19 12:34:00+05:30,3700,3701,3700,3700.5,8313,
2024-04-19 12:35:00+05:30,3700.5,3701,3697.05,3699.05,3274,
2024-04-19 12:36:00+05:30,3699.05,3699.95,3697.75,3697.8,110,
2024-04-19 12:37:00+05:30,3697.8,3700.45,3697.35,3700.45,567,
2024-04-19 12:38:00+05:30,3700.5,3701,3700,3701,3605,
2024-04-19 12:39:00+05:30,3701,3701,3700.05,3701,1091,
2024-04-19 12:40:00+05:30,3701,3701,3700.95,3700.95,17,
2024-04-19 12:41:00+05:30,3701,3703,3700,3703,3312,
2024-04-19 12:42:00+05:30,3703,3703.65,3698.9,3698.9,11937,
2024-04-19 12:43:00+05:30,3698.9,3699.85,3697.75,3697.9,31,
2024-04-19 12:44:00+05:30,3697.9,3699.25,3697,3697,76,
2024-04-19 12:45:00+05:30,3696.7,3701,3696.05,3701,3637,
2024-04-19 12:46:00+05:30,3701,3701,3700.95,3701,18,
2024-04-19 12:47:00+05:30,3700.95,3701,3700.95,3701,2127,
2024-04-19 12:48:00+05:30,3701,3702.4,3699.05,3700,12888,
2024-04-19 12:49:00+05:30,3700,3700,3697.95,3698.35,30,
2024-04-19 12:50:00+05:30,3698.35,3699.15,3696.55,3696.55,171,
2024-04-19 12:51:00+05:30,3696.55,3703.7,3696.55,3703.7,15845,
2024-04-19 12:52:00+05:30,3703.7,3706.45,3699.6,3702,4475,
2024-04-19 12:53:00+05:30,3702,3702,3699.75,3700,183,
2024-04-19 12:54:00+05:30,3700,3703.15,3698.1,3703.1,2010,
2024-04-19 12:55:00+05:30,3703.1,3703.3,3699.65,3699.85,16054,
2024-04-19 12:56:00+05:30,3699.85,3700,3696.6,3697.7,186,
2024-04-19 12:57:00+05:30,3697.7,3697.7,3696.05,3697.5,53,
2024-04-19 12:58:00+05:30,3697.5,3701,3697,3700.75,639,
2024-04-19 12:59:00+05:30,3701,3701,3697.15,3697.2,1228,
2024-04-19 13:00:00+05:30,3697.2,3703.55,3697.2,3703.25,8546,
2024-04-19 13:01:00+05:30,3703.25,3703.3,3699.75,3700,7558,
2024-04-19 13:02:00+05:30,3700,3700,3699.95,3700,89,
2024-04-19 13:03:00+05:30,3700,3700,3698.2,3699,73,
2024-04-19 13:04:00+05:30,3699,3699.2,3697.05,3699.2,87,
2024-04-19 13:05:00+05:30,3699.2,3699.5,3698,3699.5,50,
2024-04-19 13:06:00+05:30,3699.5,3705.3,3699.5,3704.45,1260,
2024-04-19 13:07:00+05:30,3704.45,3704.95,3695.05,3697.55,16716,
2024-04-19 13:08:00+05:30,3697.55,3698.85,3696.55,3698.85,122,
2024-04-19 13:09:00+05:30,3698.9,3699,3697.35,3698.05,91,
2024-04-19 13:10:00+05:30,3700.95,3702,3700,3700.9,4691,
2024-04-19 13:11:00+05:30,3700.9,3702,3700,3700,14095,
2024-04-19 13:12:00+05:30,3700,3704.95,3699.45,3700,1942,
2024-04-19 13:13:00+05:30,3700,3704.7,3699,3704.45,4987,
2024-04-19 13:14:00+05:30,3704.45,3704.45,3702.2,3704.35,232,
2024-04-19 13:15:00+05:30,3704.35,3705.65,3699.8,3699.95,16513,
2024-04-19 13:16:00+05:30,3700,3700,3697,3699.3,444,
2024-04-19 13:17:00+05:30,3699.3,3699.5,3696.8,3698.8,114,
2024-04-19 13:18:00+05:30,3698.8,3699.25,3698.1,3698.1,16,
2024-04-19 13:19:00+05:30,3698.1,3698.1,3696,3698.1,52,
2024-04-19 13:20:00+05:30,3697.85,3701.95,3695.25,3700,8766,
2024-04-19 13:21:00+05:30,3700,3703.9,3698.35,3700,16130,
2024-04-19 13:22:00+05:30,3700,3700,3699.95,3700,131,
2024-04-19 13:23:00+05:30,3700,3700,3697.55,3699.7,108,
2024-04-19 13:24:00+05:30,3699.8,3706.7,3699.8,3706.6,16005,
2024-04-19 13:25:00+05:30,3706.6,3708.2,3698.85,3699.4,8690,
2024-04-19 13:26:00+05:30,3699.4,3699.45,3699.15,3699.35,261,
2024-04-19 13:27:00+05:30,3699.35,3699.35,3698.6,3699.15,19,
2024-04-19 13:28:00+05:30,3699.15,3699.15,3698.2,3698.75,79,
2024-04-19 13:29:00+05:30,3698.75,3698.75,3696.3,3697.1,209,
2024-04-19 13:30:00+05:30,3697.1,3706,3696,3699.95,5205,
2024-04-19 13:31:00+05:30,3700,3700,3698.1,3699.9,633,
2024-04-19 13:32:00+05:30,3699.9,3699.9,3698.05,3698.55,153,
2024-04-19 13:33:00+05:30,3698.55,3698.55,3696,3696,284,
2024-04-19 13:34:00+05:30,3696,3700,3695.5,3698.15,12590,
2024-04-19 13:35:00+05:30,3698.15,3698.15,3695.8,3695.8,27,
2024-04-19 13:36:00+05:30,3695.8,3697.2,3695.8,3696.05,70,
2024-04-19 13:37:00+05:30,3696.05,3698.1,3695.2,3696.5,626,
2024-04-19 13:38:00+05:30,3696.5,3697.2,3695.65,3697,88,
2024-04-19 13:39:00+05:30,3697,3698.9,3695.05,3698.9,2335,
2024-04-19 13:40:00+05:30,3699.45,3699.45,3695.35,3697.75,247,
2024-04-19 13:41:00+05:30,3697.75,3698.15,3696.1,3697.8,200,
2024-04-19 13:42:00+05:30,3697.8,3697.8,3695.1,3696.4,252,
2024-04-19 13:43:00+05:30,3696.4,3698.15,3696.4,3698.05,317,
2024-04-19 13:44:00+05:30,3698.05,3709.95,3696.1,3709.7,8728,
2024-04-19 13:45:00+05:30,3709.1,3710.85,3696.25,3703.5,22633,
2024-04-19 13:46:00+05:30,3703.5,3704,3698.3,3698.85,5375,
2024-04-19 13:47:00+05:30,3699.25,3700,3698,3700,1839,
2024-04-19 13:48:00+05:30,3700,3700,3698.95,3699,315,
2024-04-19 13:49:00+05:30,3699,3700,3699,3700,4134,
2024-04-19 13:50:00+05:30,3700,3700,3699,3700,1979,
2024-04-19 13:51:00+05:30,3700,3705,3699.95,3700,11412,
2024-04-19 13:52:00+05:30,3700,3706,3699.95,3700,26632,
2024-04-19 13:53:00+05:30,3699.95,3706.9,3699.85,3700,14240,
2024-04-19 13:54:00+05:30,3700,3700,3697.2,3699.95,1865,
2024-04-19 13:55:00+05:30,3699.95,3699.95,3695.65,3697.8,383,
2024-04-19 13:56:00+05:30,3697.8,3700,3696.95,3700,3108,
2024-04-19 13:57:00+05:30,3700,3700,3693.85,3699.55,3473,
2024-04-19 13:58:00+05:30,3699.55,3700,3697,3699.05,4114,
2024-04-19 13:59:00+05:30,3699,3699.65,3695.2,3696.55,443,
2024-04-19 14:00:00+05:30,3695.65,3700,3695.2,3699.1,886,
2024-04-19 14:01:00+05:30,3699.1,3699.9,3696.15,3698.6,1003,
2024-04-19 14:02:00+05:30,3698.6,3699.8,3697.1,3697.2,515,
2024-04-19 14:03:00+05:30,3697.2,3697.2,3693.25,3694.9,394,
2024-04-19 14:04:00+05:30,3694.9,3694.9,3690.05,3691.55,373,
2024-04-19 14:05:00+05:30,3691.55,3693.3,3687.1,3689.1,493,
2024-04-19 14:06:00+05:30,3689.1,3695.15,3687,3693.5,2389,
2024-04-19 14:07:00+05:30,3693.5,3693.6,3690,3690.05,424,
2024-04-19 14:08:00+05:30,3690.05,3694.3,3690,3690.85,1288,
2024-04-19 14:09:00+05:30,3690.85,3693.15,3690.05,3693.15,108,
2024-04-19 14:10:00+05:30,3693.15,3693.15,3690.05,3692.35,308,
2024-04-19 14:11:00+05:30,3692.65,3694,3690.05,3690.4,188,
2024-04-19 14:12:00+05:30,3690.4,3692.6,3687.9,3691.5,1110,
2024-04-19 14:13:00+05:30,3691.6,3691.8,3690,3691.8,502,
2024-04-19 14:14:00+05:30,3691.8,3691.9,3688.85,3690.4,715,
2024-04-19 14:15:00+05:30,3690.75,3691.85,3687.5,3687.5,1198,
2024-04-19 14:16:00+05:30,3687.5,3693.5,3685.95,3688.85,1409,
2024-04-19 14:17:00+05:30,3688.85,3693,3688.85,3693,1591,
2024-04-19 14:18:00+05:30,3693,3693,3689.5,3689.5,1579,
2024-04-19 14:19:00+05:30,3689.5,3691.85,3686.2,3688.35,989,
2024-04-19 14:20:00+05:30,3687.5,3690.35,3687.5,3690.3,596,
2024-04-19 14:21:00+05:30,3690.3,3690.75,3686.5,3688.2,414,
2024-04-19 14:22:00+05:30,3688.2,3688.2,3685.2,3687.8,404,
2024-04-19 14:23:00+05:30,3687.8,3687.9,3683.55,3686.1,1668,
2024-04-19 14:24:00+05:30,3686.15,3686.25,3677.2,3678.4,1336,
2024-04-19 14:25:00+05:30,3678.4,3682.95,3678.4,3682.75,245,
2024-04-19 14:26:00+05:30,3682.75,3682.75,3677,3678.75,437,
2024-04-19 14:27:00+05:30,3678.75,3682.95,3677,3682.65,1583,
2024-04-19 14:28:00+05:30,3681.7,3684,3681,3681.15,341,
2024-04-19 14:29:00+05:30,3681.05,3684.3,3681.05,3684.2,590,
2024-04-19 14:30:00+05:30,3682.7,3684.2,3681.25,3681.25,580,
2024-04-19 14:31:00+05:30,3683.3,3683.3,3680,3682,217,
2024-04-19 14:32:00+05:30,3682,3682.75,3680,3680.05,499,
2024-04-19 14:33:00+05:30,3680.05,3681.35,3680,3681.25,288,
2024-04-19 14:34:00+05:30,3681.25,3682.8,3680,3682.05,584,
2024-04-19 14:35:00+05:30,3681.1,3685,3680,3681.8,668,
2024-04-19 14:36:00+05:30,3681.8,3683.6,3680,3681.8,685,
2024-04-19 14:37:00+05:30,3681.8,3684.95,3680,3684.95,1232,
2024-04-19 14:38:00+05:30,3684.95,3686.3,3682,3686.3,268,
2024-04-19 14:39:00+05:30,3686.3,3686.3,3682,3682.05,205,
2024-04-19 14:40:00+05:30,3682.05,3688,3682.05,3685.2,1306,
2024-04-19 14:41:00+05:30,3685.2,3687.45,3684,3684,886,
2024-04-19 14:42:00+05:30,3684,3684,3681,3681.95,1009,
2024-04-19 14:43:00+05:30,3681.95,3682.9,3680,3682.85,2199,
2024-04-19 14:44:00+05:30,3682.9,3682.9,3680,3681.4,2876,
2024-04-19 14:45:00+05:30,3681.4,3682.7,3680,3680.5,412,
2024-04-19 14:46:00+05:30,3680.5,3680.5,3675.55,3677.7,1732,
2024-04-19 14:47:00+05:30,3677.7,3678.8,3675.25,3677.1,1687,
2024-04-19 14:48:00+05:30,3677.2,3680.1,3676.9,3677.3,3204,
2024-04-19 14:49:00+05:30,3677.3,3679.5,3675.2,3678.65,550,
2024-04-19 14:50:00+05:30,3678.65,3681.35,3677,3680.35,409,
2024-04-19 14:51:00+05:30,3680.35,3683.1,3680,3683.1,583,
2024-04-19 14:52:00+05:30,3683.1,3683.6,3680,3681.7,1725,
2024-04-19 14:53:00+05:30,3681.7,3683.35,3679.85,3682.1,239,
2024-04-19 14:54:00+05:30,3682.1,3682.1,3677.05,3680.05,1851,
2024-04-19 14:55:00+05:30,3680.05,3683.75,3680.05,3682.4,1043,
2024-04-19 14:56:00+05:30,3682.4,3682.4,3679.75,3680.1,944,
2024-04-19 14:57:00+05:30,3680.1,3683,3679.95,3680,811,
2024-04-19 14:58:00+05:30,3680,3680,3676.1,3678.05,716,
2024-04-19 14:59:00+05:30,3678.05,3679.8,3676.6,3678.05,276,
2024-04-19 15:00:00+05:30,3677.7,3678.5,3673.8,3678.5,2581,
2024-04-19 15:01:00+05:30,3679.1,3679.5,3674.65,3676.15,1878,
2024-04-19 15:02:00+05:30,3676.15,3678.4,3675,3677.35,1488,
2024-04-19 15:03:00+05:30,3678.4,3678.4,3675,3677.25,1341,
2024-04-19 15:04:00+05:30,3677.25,3677.25,3675.3,3675.3,849,
2024-04-19 15:05:00+05:30,3675.3,3679.9,3675,3679.75,1353,
2024-04-19 15:06:00+05:30,3679.9,3681.25,3677.3,3677.35,1152,
2024-04-19 15:07:00+05:30,3677.35,3678.1,3675.3,3676.55,709,
2024-04-19 15:08:00+05:30,3675.9,3679.6,3675.9,3677.9,860,
2024-04-19 15:09:00+05:30,3677.9,3681.85,3677.25,3681.85,1119,
2024-04-19 15:10:00+05:30,3681.85,3681.85,3678.35,3679.5,686,
2024-04-19 15:11:00+05:30,3679.7,3679.85,3675.65,3677.6,1031,
2024-04-19 15:12:00+05:30,3677.55,3678.9,3675.15,3677.2,2277,
2024-04-19 15:13:00+05:30,3677.2,3677.5,3675,3675.05,1451,
2024-04-19 15:14:00+05:30,3675.05,3676.95,3675,3675,1270,
2024-04-19 15:15:00+05:30,3675,3676.4,3672.3,3675.3,3555,
2024-04-19 15:16:00+05:30,3675.3,3675.3,3672.45,3674.2,3221,
2024-04-19 15:17:00+05:30,3674.2,3674.25,3668.15,3668.15,1080,
2024-04-19 15:18:00+05:30,3669.25,3671.35,3666.3,3669.15,1698,
2024-04-19 15:19:00+05:30,3668.15,3669.6,3665.8,3667.2,1534,
2024-04-19 15:20:00+05:30,3667.35,3668.9,3665.7,3665.7,2455,
2024-04-19 15:21:00+05:30,3665.75,3665.9,3665,3665.55,1451,
2024-04-19 15:22:00+05:30,3665.55,3667.8,3665,3667.8,916,
2024-04-19 15:23:00+05:30,3667.8,3668.65,3665,3665.35,1215,
2024-04-19 15:24:00+05:30,3665.35,3666.75,3663.15,3663.55,1739,
2024-04-19 15:25:00+05:30,3663.55,3665.75,3662.05,3664.1,2236,
2024-04-19 15:26:00+05:30,3664.55,3664.55,3661.45,3664.25,1556,
2024-04-19 15:27:00+05:30,3664.25,3667.95,3661,3667.95,1016,
2024-04-19 15:28:00+05:30,3665.6,3670,3654.3,3655.75,2998,
2024-04-19 15:29:00+05:30,3656,3675.05,3656,3660,1304,
2024-04-22 09:15:00+05:30,3689.75,3715.9,3681,3715.65,8188,
2024-04-22 09:16:00+05:30,3714.8,3727.05,3696.9,3714.3,47259,
2024-04-22 09:17:00+05:30,3715.6,3716.45,3702.7,3713.85,5576,
2024-04-22 09:18:00+05:30,3713.85,3713.85,3697.8,3705.8,56867,
2024-04-22 09:19:00+05:30,3705.8,3719.7,3697.2,3699.15,27992,
2024-04-22 09:20:00+05:30,3698.3,3705.5,3696.8,3705.15,9123,
2024-04-22 09:21:00+05:30,3705.2,3705.2,3698.05,3700.9,3070,
2024-04-22 09:22:00+05:30,3702.1,3703.2,3690,3694.6,3213,
2024-04-22 09:23:00+05:30,3696.45,3698,3690,3690,2369,
2024-04-22 09:24:00+05:30,3690,3690,3686.75,3687.7,3071,
2024-04-22 09:25:00+05:30,3687.7,3687.7,3685,3685,1100,
2024-04-22 09:26:00+05:30,3685,3685.9,3681,3681.7,1364,
2024-04-22 09:27:00+05:30,3681,3689.4,3681,3682.9,1522,
2024-04-22 09:28:00+05:30,3681.2,3684.6,3681,3681.65,1355,
2024-04-22 09:29:00+05:30,3681.65,3682.85,3680.2,3680.2,1298,
2024-04-22 09:30:00+05:30,3680.45,3684.9,3677.05,3677.1,1842,
2024-04-22 09:31:00+05:30,3676.65,3680.5,3676.2,3677.1,1410,
2024-04-22 09:32:00+05:30,3677.25,3690.25,3677.2,3686.85,2567,
2024-04-22 09:33:00+05:30,3685,3689,3685,3688.3,826,
2024-04-22 09:34:00+05:30,3687.35,3688.85,3685,3686,1868,
2024-04-22 09:35:00+05:30,3685.95,3697.9,3685.95,3697.15,2117,
2024-04-22 09:36:00+05:30,3697.1,3697.15,3691.85,3694.2,821,
2024-04-22 09:37:00+05:30,3694.2,3694.2,3685.25,3685.8,409,
2024-04-22 09:38:00+05:30,3686.25,3686.25,3684.05,3685.7,948,
2024-04-22 09:39:00+05:30,3685.65,3688.55,3684.4,3685.05,1214,
2024-04-22 09:40:00+05:30,3685.3,3685.6,3682,3684.6,1590,
2024-04-22 09:41:00+05:30,3683.85,3683.85,3681.2,3681.2,909,
2024-04-22 09:42:00+05:30,3680.5,3682.3,3678.4,3682.1,1510,
2024-04-22 09:43:00+05:30,3682.1,3682.1,3678.65,3679.05,777,
2024-04-22 09:44:00+05:30,3678.2,3685.65,3675,3681.65,2759,
2024-04-22 09:45:00+05:30,3681.25,3685,3681.25,3681.25,692,
2024-04-22 09:46:00+05:30,3681.25,3682.75,3677.45,3682.7,1731,
2024-04-22 09:47:00+05:30,3682.7,3684.55,3679,3684.05,795,
2024-04-22 09:48:00+05:30,3684.05,3684.35,3679.65,3680.05,591,
2024-04-22 09:49:00+05:30,3680.05,3683.85,3679.2,3682.6,1054,
2024-04-22 09:50:00+05:30,3682.55,3685,3682.45,3684.6,1110,
2024-04-22 09:51:00+05:30,3684.6,3687,3683.05,3684.65,264,
2024-04-22 09:52:00+05:30,3683,3684.25,3680.15,3682.05,503,
2024-04-22 09:53:00+05:30,3681.2,3684.35,3680.2,3682.35,212,
2024-04-22 09:54:00+05:30,3682.25,3685.3,3681.2,3682.05,225,
2024-04-22 09:55:00+05:30,3682.05,3685.25,3681.2,3685.25,722,
2024-04-22 09:56:00+05:30,3685.25,3685.25,3683.4,3684.1,116,
2024-04-22 09:57:00+05:30,3684.1,3684.1,3681.25,3683.35,168,
2024-04-22 09:58:00+05:30,3683.35,3685.3,3683,3684.25,251,
2024-04-22 09:59:00+05:30,3683.1,3684,3683.1,3683.85,141,
2024-04-22 10:00:00+05:30,3683.1,3683.8,3683.1,3683.65,173,
2024-04-22 10:01:00+05:30,3683.6,3685,3682.25,3683.9,582,
2024-04-22 10:02:00+05:30,3683.9,3688.7,3683.85,3688.7,300,
2024-04-22 10:03:00+05:30,3688,3688.7,3687.4,3687.4,166,
2024-04-22 10:04:00+05:30,3687.4,3687.4,3683.65,3683.65,143,
2024-04-22 10:05:00+05:30,3684.9,3688,3683.2,3686.05,184,
2024-04-22 10:06:00+05:30,3687.05,3688.1,3685.75,3687.05,345,
2024-04-22 10:07:00+05:30,3687.05,3687.05,3684.25,3685.45,255,
2024-04-22 10:08:00+05:30,3684.2,3684.95,3683,3684.35,182,
2024-04-22 10:09:00+05:30,3683.1,3684.4,3683,3683.5,157,
2024-04-22 10:10:00+05:30,3683.5,3689.5,3683.05,3687.9,355,
2024-04-22 10:11:00+05:30,3689.4,3689.4,3687.4,3688.85,235,
2024-04-22 10:12:00+05:30,3688.8,3697,3687.45,3696.95,1733,
2024-04-22 10:13:00+05:30,3695,3695.9,3690.75,3692.5,311,
2024-04-22 10:14:00+05:30,3691.25,3694.65,3691.25,3691.5,119,
2024-04-22 10:15:00+05:30,3688.95,3692.9,3688,3692.9,263,
2024-04-22 10:16:00+05:30,3691.85,3693.95,3689.75,3693.95,135,
2024-04-22 10:17:00+05:30,3693.95,3695.4,3690,3693,1828,
2024-04-22 10:18:00+05:30,3692.85,3696,3692.85,3695.45,239,
2024-04-22 10:19:00+05:30,3694.8,3698.7,3694.55,3698.7,558,
2024-04-22 10:20:00+05:30,3698.65,3698.7,3697.15,3697.95,305,
2024-04-22 10:21:00+05:30,3697.55,3697.55,3696,3696,399,
2024-04-22 10:22:00+05:30,3696.35,3697,3693.7,3696.95,241,
2024-04-22 10:23:00+05:30,3696.3,3708.7,3696.3,3705,4073,
2024-04-22 10:24:00+05:30,3702.85,3704.45,3696.6,3699.05,2441,
2024-04-22 10:25:00+05:30,3697.15,3698.95,3695.6,3695.7,565,
2024-04-22 10:26:00+05:30,3695.7,3698.95,3695.4,3697.25,168,
2024-04-22 10:27:00+05:30,3697.25,3697.5,3695.3,3697.05,179,
2024-04-22 10:28:00+05:30,3697.05,3699,3695.5,3698.95,407,
2024-04-22 10:29:00+05:30,3698.95,3699.45,3694.15,3699.45,782,
2024-04-22 10:30:00+05:30,3699.45,3704.05,3699.45,3703.7,444,
2024-04-22 10:31:00+05:30,3703.65,3706.35,3701.25,3706.35,643,
2024-04-22 10:32:00+05:30,3706.35,3707,3704.25,3706.9,483,
2024-04-22 10:33:00+05:30,3706.9,3706.9,3705,3706.9,223,
2024-04-22 10:34:00+05:30,3706,3709.8,3706,3709,2939,
2024-04-22 10:35:00+05:30,3709.75,3715.7,3709.05,3715.7,1063,
2024-04-22 10:36:00+05:30,3715,3716.95,3713.8,3715.45,917,
2024-04-22 10:37:00+05:30,3715.45,3717.25,3714.6,3717,601,
2024-04-22 10:38:00+05:30,3716.95,3718.8,3715.9,3718.65,525,
2024-04-22 10:39:00+05:30,3717.35,3719.1,3715.6,3715.95,433,
2024-04-22 10:40:00+05:30,3715.95,3722,3715.85,3722,2094,
2024-04-22 10:41:00+05:30,3722,3727,3720.95,3726.45,2807,
2024-04-22 10:42:00+05:30,3727.75,3731.95,3725.85,3731.95,2951,
2024-04-22 10:43:00+05:30,3731.95,3737,3730.95,3736,5499,
2024-04-22 10:44:00+05:30,3736,3736,3729.8,3731.5,2201,
2024-04-22 10:45:00+05:30,3731.1,3731.2,3725,3727.35,1215,
2024-04-22 10:46:00+05:30,3727.95,3733.75,3727.95,3732.95,2269,
2024-04-22 10:47:00+05:30,3733.7,3735.95,3732.95,3734.9,1536,
2024-04-22 10:48:00+05:30,3734.95,3735,3732.25,3735,502,
2024-04-22 10:49:00+05:30,3734.95,3734.95,3732.25,3734.8,970,
2024-04-22 10:50:00+05:30,3734.9,3741,3732.95,3740,6809,
2024-04-22 10:51:00+05:30,3740,3741.4,3738,3740,1978,
2024-04-22 10:52:00+05:30,3740,3742,3738.05,3739.75,864,
2024-04-22 10:53:00+05:30,3739.75,3739.75,3727.95,3730.05,1941,
2024-04-22 10:54:00+05:30,3728.1,3730,3726.2,3728.2,1202,
2024-04-22 10:55:00+05:30,3728.2,3730.85,3728,3730.85,347,
2024-04-22 10:56:00+05:30,3729.95,3734.25,3729.95,3731.15,567,
2024-04-22 10:57:00+05:30,3731.15,3732.25,3729.65,3730.05,249,
2024-04-22 10:58:00+05:30,3729.65,3735.4,3728.6,3733.55,1069,
2024-04-22 10:59:00+05:30,3733.55,3736.25,3731.45,3733.85,538,
2024-04-22 11:00:00+05:30,3732.1,3734.75,3732.1,3732.95,227,
2024-04-22 11:01:00+05:30,3732.95,3734.95,3732.5,3733.2,333,
2024-04-22 11:02:00+05:30,3732.5,3734.85,3731.05,3734.35,274,
2024-04-22 11:03:00+05:30,3732.4,3737,3732.4,3736.3,361,
2024-04-22 11:04:00+05:30,3736.3,3736.3,3734.1,3735.95,445,
2024-04-22 11:05:00+05:30,3734.25,3739.2,3734.25,3739.2,1237,
2024-04-22 11:06:00+05:30,3738.6,3743.25,3737.55,3743.25,1808,
2024-04-22 11:07:00+05:30,3743,3744.7,3740,3740.45,2009,
2024-04-22 11:08:00+05:30,3740.45,3740.7,3736.6,3736.7,340,
2024-04-22 11:09:00+05:30,3736.7,3739.65,3736.25,3738.05,673,
2024-04-22 11:10:00+05:30,3736.35,3738,3734.85,3735.1,450,
2024-04-22 11:11:00+05:30,3735.1,3735.15,3730.9,3733.7,522,
2024-04-22 11:12:00+05:30,3733.7,3733.7,3727.55,3727.55,986,
2024-04-22 11:13:00+05:30,3727.8,3730.95,3727.8,3730.2,536,
2024-04-22 11:14:00+05:30,3728.4,3729.95,3728,3729.95,258,
2024-04-22 11:15:00+05:30,3729.95,3731.1,3728,3729.95,570,
2024-04-22 11:16:00+05:30,3729.95,3730.4,3728.15,3728.3,202,
2024-04-22 11:17:00+05:30,3728.3,3729.5,3728,3728.95,514,
2024-04-22 11:18:00+05:30,3727.8,3735.75,3727.5,3728,2083,
2024-04-22 11:19:00+05:30,3728,3732.2,3728,3729.85,3627,
2024-04-22 11:20:00+05:30,3729.85,3732.4,3729.85,3731.6,355,
2024-04-22 11:21:00+05:30,3731.6,3735.1,3731.6,3735,271,
2024-04-22 11:22:00+05:30,3733.2,3736.65,3733.2,3736.6,587,
2024-04-22 11:23:00+05:30,3736.6,3736.6,3734,3734.05,165,
2024-04-22 11:24:00+05:30,3734.05,3735.3,3733.3,3733.9,103,
2024-04-22 11:25:00+05:30,3733.9,3735.95,3732.85,3734.8,345,
2024-04-22 11:26:00+05:30,3734,3739.1,3733.9,3739.1,512,
2024-04-22 11:27:00+05:30,3739.1,3739.1,3737.15,3738.4,759,
2024-04-22 11:28:00+05:30,3738.4,3739,3737.6,3737.6,166,
2024-04-22 11:29:00+05:30,3737.6,3740.3,3737,3737.5,1207,
2024-04-22 11:30:00+05:30,3737.5,3740.1,3737.5,3740.1,371,
2024-04-22 11:31:00+05:30,3740.1,3740.6,3738.85,3738.95,786,
2024-04-22 11:32:00+05:30,3738.95,3741,3738.95,3740.65,268,
2024-04-22 11:33:00+05:30,3740.7,3741,3739.35,3741,352,
2024-04-22 11:34:00+05:30,3741,3742.45,3740.8,3742.35,196,
2024-04-22 11:35:00+05:30,3741.05,3741.05,3728.3,3728.35,1882,
2024-04-22 11:36:00+05:30,3728.55,3735.05,3728.55,3735,262,
2024-04-22 11:37:00+05:30,3735,3735,3733.2,3733.95,165,
2024-04-22 11:38:00+05:30,3733.2,3733.3,3729.6,3729.6,404,
2024-04-22 11:39:00+05:30,3729.6,3733,3729.6,3730.3,304,
2024-04-22 11:40:00+05:30,3730.25,3733,3728.55,3732.1,724,
2024-04-22 11:41:00+05:30,3732.1,3736,3731.35,3735.65,863,
2024-04-22 11:42:00+05:30,3735.65,3735.9,3733.15,3735.85,372,
2024-04-22 11:43:00+05:30,3735.85,3735.85,3732.15,3732.2,149,
2024-04-22 11:44:00+05:30,3732.2,3733.65,3731.15,3733.5,272,
2024-04-22 11:45:00+05:30,3731.65,3733.6,3731.65,3731.65,144,
2024-04-22 11:46:00+05:30,3731.65,3736.6,3731.65,3733.75,458,
2024-04-22 11:47:00+05:30,3731.65,3733.3,3731.65,3731.7,176,
2024-04-22 11:48:00+05:30,3731.75,3731.75,3728.9,3729.95,511,
2024-04-22 11:49:00+05:30,3730.05,3730.05,3728,3728.15,403,
2024-04-22 11:50:00+05:30,3728.15,3729.75,3726,3726,203,
2024-04-22 11:51:00+05:30,3726.05,3726.95,3720,3721.15,1640,
2024-04-22 11:52:00+05:30,3721.1,3724.8,3719.25,3724.5,349,
2024-04-22 11:53:00+05:30,3723.2,3723.2,3717,3718.75,396,
2024-04-22 11:54:00+05:30,3718.8,3719.65,3717.65,3719.65,222,
2024-04-22 11:55:00+05:30,3719.65,3721.45,3718.15,3720.95,364,
2024-04-22 11:56:00+05:30,3720.95,3720.95,3717,3717,431,
2024-04-22 11:57:00+05:30,3717.05,3718.7,3717.05,3718,1103,
2024-04-22 11:58:00+05:30,3718,3723.2,3715.4,3723.2,837,
2024-04-22 11:59:00+05:30,3723.3,3723.35,3721,3723.2,268,
2024-04-22 12:00:00+05:30,3723.2,3723.2,3721.15,3722.6,133,
2024-04-22 12:01:00+05:30,3721.2,3723.5,3721.2,3723.5,312,
2024-04-22 12:02:00+05:30,3721.6,3723.9,3721.35,3722.75,115,
2024-04-22 12:03:00+05:30,3721.6,3723.85,3721.1,3723,289,
2024-04-22 12:04:00+05:30,3723,3724.3,3722,3723.75,111,
2024-04-22 12:05:00+05:30,3722.05,3722.05,3721,3721.65,165,
2024-04-22 12:06:00+05:30,3721,3723,3720,3720,870,
2024-04-22 12:07:00+05:30,3720,3720.65,3719,3720,115,
2024-04-22 12:08:00+05:30,3720,3725.2,3720,3724.7,268,
2024-04-22 12:09:00+05:30,3724.7,3725.45,3722.75,3723.1,250,
2024-04-22 12:10:00+05:30,3722.9,3725.7,3722.9,3725.7,516,
2024-04-22 12:11:00+05:30,3725.7,3728.7,3725.7,3728.7,533,
2024-04-22 12:12:00+05:30,3728.7,3736,3726.3,3736,821,
2024-04-22 12:13:00+05:30,3736,3736,3732.95,3733.05,503,
2024-04-22 12:14:00+05:30,3733.05,3733.05,3729.15,3729.15,138,
2024-04-22 12:15:00+05:30,3729,3729,3727.1,3729,154,
2024-04-22 12:16:00+05:30,3729,3729,3726.6,3728.65,162,
2024-04-22 12:17:00+05:30,3726.8,3728.45,3726.15,3726.15,231,
2024-04-22 12:18:00+05:30,3726.15,3728.8,3725.8,3727.3,187,
2024-04-22 12:19:00+05:30,3727.3,3727.3,3725.4,3725.8,123,
2024-04-22 12:20:00+05:30,3725.8,3726.75,3725,3725.1,151,
2024-04-22 12:21:00+05:30,3725,3725,3721.1,3722,847,
2024-04-22 12:22:00+05:30,3721,3724.9,3719.95,3724.8,2240,
2024-04-22 12:23:00+05:30,3723.1,3724.7,3723.1,3724.65,106,
2024-04-22 12:24:00+05:30,3723.1,3727,3723.1,3726.4,454,
2024-04-22 12:25:00+05:30,3726.75,3728.7,3725,3728.6,124,
2024-04-22 12:26:00+05:30,3727.1,3727.1,3724.4,3725.35,114,
2024-04-22 12:27:00+05:30,3723.85,3725.85,3723.3,3725.75,291,
2024-04-22 12:28:00+05:30,3725.75,3725.75,3723.35,3724.95,87,
2024-04-22 12:29:00+05:30,3723.1,3724.8,3721,3722.6,231,
2024-04-22 12:30:00+05:30,3722.65,3724.7,3722.6,3723.9,103,
2024-04-22 12:31:00+05:30,3721.65,3724.35,3721.65,3724.35,141,
2024-04-22 12:32:00+05:30,3724.35,3724.9,3723,3724.85,216,
2024-04-22 12:33:00+05:30,3724.85,3724.85,3722,3724.55,314,
2024-04-22 12:34:00+05:30,3724.55,3727.5,3723,3725.05,697,
2024-04-22 12:35:00+05:30,3725,3726.7,3725,3726.6,106,
2024-04-22 12:36:00+05:30,3726,3727.5,3726,3726.05,277,
2024-04-22 12:37:00+05:30,3726.05,3727.3,3726,3727.15,96,
2024-04-22 12:38:00+05:30,3726,3729.5,3726,3729.5,463,
2024-04-22 12:39:00+05:30,3729.45,3729.45,3728.7,3729.3,183,
2024-04-22 12:40:00+05:30,3729.3,3730.75,3728.7,3730.7,301,
2024-04-22 12:41:00+05:30,3730.7,3732.9,3728.6,3730.7,379,
2024-04-22 12:42:00+05:30,3730.7,3730.7,3726.1,3728.2,492,
2024-04-22 12:43:00+05:30,3728.2,3728.2,3726,3726,489,
2024-04-22 12:44:00+05:30,3726,3728.85,3726,3728.85,109,
2024-04-22 12:45:00+05:30,3727.2,3728.6,3726.2,3726.75,159,
2024-04-22 12:46:00+05:30,3728.45,3728.45,3726,3726.55,116,
2024-04-22 12:47:00+05:30,3726.5,3726.5,3726,3726,244,
2024-04-22 12:48:00+05:30,3726,3727.45,3726,3727.15,148,
2024-04-22 12:49:00+05:30,3726,3727.1,3726,3726.05,990,
2024-04-22 12:50:00+05:30,3726,3726.05,3726,3726.05,321,
2024-04-22 12:51:00+05:30,3726,3727,3726,3726,160,
2024-04-22 12:52:00+05:30,3726,3726.45,3722.25,3724.1,881,
2024-04-22 12:53:00+05:30,3723.05,3724.55,3723,3724.5,615,
2024-04-22 12:54:00+05:30,3724.5,3725.85,3723.05,3725.85,120,
2024-04-22 12:55:00+05:30,3724.2,3725.8,3723,3723.75,137,
2024-04-22 12:56:00+05:30,3723,3725.75,3723,3725.65,153,
2024-04-22 12:57:00+05:30,3725,3726.95,3725,3726.85,100,
2024-04-22 12:58:00+05:30,3726.85,3728.15,3726,3728,299,
2024-04-22 12:59:00+05:30,3728,3729.45,3726.2,3728.5,294,
2024-04-22 13:00:00+05:30,3726.45,3728.95,3726.45,3727.55,230,
2024-04-22 13:01:00+05:30,3727.55,3727.55,3726,3726.45,160,
2024-04-22 13:02:00+05:30,3726.5,3728.85,3726.15,3728.85,164,
2024-04-22 13:03:00+05:30,3727.15,3728.6,3726.8,3728.5,139,
2024-04-22 13:04:00+05:30,3728.55,3729.85,3728.55,3729.55,150,
2024-04-22 13:05:00+05:30,3728.55,3731.9,3727.25,3731.8,934,
2024-04-22 13:06:00+05:30,3730,3732.45,3730,3732.45,460,
2024-04-22 13:07:00+05:30,3732.45,3735,3732.1,3734.35,376,
2024-04-22 13:08:00+05:30,3732.5,3734.5,3732.45,3733.4,322,
2024-04-22 13:09:00+05:30,3733,3733,3731,3731.9,1766,
2024-04-22 13:10:00+05:30,3731.9,3731.9,3731,3731.7,259,
2024-04-22 13:11:00+05:30,3731,3733.5,3731,3733.45,374,
2024-04-22 13:12:00+05:30,3733.45,3735.65,3732.55,3735.25,442,
2024-04-22 13:13:00+05:30,3735.25,3735.7,3733.85,3735.55,190,
2024-04-22 13:14:00+05:30,3734.5,3734.9,3734.25,3734.25,156,
2024-04-22 13:15:00+05:30,3733.45,3733.45,3732,3732.8,121,
2024-04-22 13:16:00+05:30,3732.8,3732.85,3732,3732.8,164,
2024-04-22 13:17:00+05:30,3732.05,3732.75,3732,3732,205,
2024-04-22 13:18:00+05:30,3732.6,3734.25,3732,3732,238,
2024-04-22 13:19:00+05:30,3732,3732.95,3732,3732,411,
2024-04-22 13:20:00+05:30,3732,3732.75,3732,3732.6,109,
2024-04-22 13:21:00+05:30,3732,3732.5,3732,3732.4,579,
2024-04-22 13:22:00+05:30,3732.4,3734.9,3732,3734.85,542,
2024-04-22 13:23:00+05:30,3733.4,3734.8,3733,3734.4,149,
2024-04-22 13:24:00+05:30,3733,3734.35,3732.2,3733.75,153,
2024-04-22 13:25:00+05:30,3732.05,3733.55,3732.05,3732.1,147,
2024-04-22 13:26:00+05:30,3732.05,3733.5,3732,3733.2,388,
2024-04-22 13:27:00+05:30,3733.2,3733.4,3732,3732,252,
2024-04-22 13:28:00+05:30,3732,3733.1,3732,3732.15,651,
2024-04-22 13:29:00+05:30,3732.15,3733.45,3731.5,3733.2,102,
2024-04-22 13:30:00+05:30,3731.45,3731.55,3730,3731.4,620,
2024-04-22 13:31:00+05:30,3730.7,3733.35,3730.7,3732,635,
2024-04-22 13:32:00+05:30,3732,3733.25,3732,3732,156,
2024-04-22 13:33:00+05:30,3732.05,3732.05,3732,3732,150,
2024-04-22 13:34:00+05:30,3732,3732.95,3732,3732.95,112,
2024-04-22 13:35:00+05:30,3732.95,3732.95,3732.2,3732.75,88,
2024-04-22 13:36:00+05:30,3732.2,3732.65,3732.2,3732.2,104,
2024-04-22 13:37:00+05:30,3732.2,3732.5,3727.05,3727.9,2377,
2024-04-22 13:38:00+05:30,3727.05,3727.85,3725,3725.25,279,
2024-04-22 13:39:00+05:30,3725.3,3725.6,3723.05,3723.05,481,
2024-04-22 13:40:00+05:30,3724.7,3725,3722.7,3723,4489,
2024-04-22 13:41:00+05:30,3723,3723.3,3722,3723.2,542,
2024-04-22 13:42:00+05:30,3723.2,3725.5,3723,3723.45,220,
2024-04-22 13:43:00+05:30,3723.45,3725.15,3722.95,3723.6,208,
2024-04-22 13:44:00+05:30,3723,3726.15,3723,3723.65,283,
2024-04-22 13:45:00+05:30,3723.65,3723.75,3722.95,3723.55,232,
2024-04-22 13:46:00+05:30,3723,3723.5,3723,3723,300,
2024-04-22 13:47:00+05:30,3723,3723.3,3723,3723,136,
2024-04-22 13:48:00+05:30,3723.05,3723.15,3723,3723,276,
2024-04-22 13:49:00+05:30,3723,3724,3722.95,3723,333,
2024-04-22 13:50:00+05:30,3723,3724.1,3723,3723,233,
2024-04-22 13:51:00+05:30,3723.05,3723.9,3723,3723,242,
2024-04-22 13:52:00+05:30,3723,3724,3722.95,3724,491,
2024-04-22 13:53:00+05:30,3724,3725.2,3723,3724.05,3222,
2024-04-22 13:54:00+05:30,3724,3726.1,3724,3725,259,
2024-04-22 13:55:00+05:30,3725,3727.5,3725,3727.45,296,
2024-04-22 13:56:00+05:30,3727.45,3727.45,3726,3726,235,
2024-04-22 13:57:00+05:30,3726.05,3728.65,3726,3727,271,
2024-04-22 13:58:00+05:30,3727,3728.95,3727,3727.05,753,
2024-04-22 13:59:00+05:30,3727.05,3727.2,3727,3727,341,
2024-04-22 14:00:00+05:30,3727,3727.2,3727,3727,1136,
2024-04-22 14:01:00+05:30,3727.2,3729.75,3727,3729.35,382,
2024-04-22 14:02:00+05:30,3729.35,3729.35,3726.6,3727.2,171,
2024-04-22 14:03:00+05:30,3727.2,3727.2,3726.6,3726.6,186,
2024-04-22 14:04:00+05:30,3726.6,3730,3726.6,3728.3,338,
2024-04-22 14:05:00+05:30,3728.3,3729.2,3726.8,3726.8,198,
2024-04-22 14:06:00+05:30,3728.2,3728.2,3726.9,3727.9,239,
2024-04-22 14:07:00+05:30,3727.9,3727.9,3726.9,3727.7,187,
2024-04-22 14:08:00+05:30,3727.7,3732.35,3726.9,3732.35,683,
2024-04-22 14:09:00+05:30,3732.7,3732.7,3728.1,3728.1,267,
2024-04-22 14:10:00+05:30,3728.1,3730.5,3726.9,3726.9,248,
2024-04-22 14:11:00+05:30,3726.9,3727.7,3726.9,3726.9,126,
2024-04-22 14:12:00+05:30,3726.9,3728.8,3726.9,3726.9,346,
2024-04-22 14:13:00+05:30,3726.9,3728.65,3726.9,3726.9,210,
2024-04-22 14:14:00+05:30,3726.9,3728.45,3726.9,3728.25,229,
2024-04-22 14:15:00+05:30,3728.25,3729.6,3727.7,3728,168,
2024-04-22 14:16:00+05:30,3728,3730.75,3728,3730.75,263,
2024-04-22 14:17:00+05:30,3730.75,3732.25,3729,3729,325,
2024-04-22 14:18:00+05:30,3729,3730.15,3729,3729.95,243,
2024-04-22 14:19:00+05:30,3729.95,3730.05,3729,3729,130,
2024-04-22 14:20:00+05:30,3729,3729.85,3729,3729,294,
2024-04-22 14:21:00+05:30,3729,3731,3729,3729.05,649,
2024-04-22 14:22:00+05:30,3729.05,3730.2,3729,3729,284,
2024-04-22 14:23:00+05:30,3729,3730.2,3726.6,3726.6,2987,
2024-04-22 14:24:00+05:30,3726.6,3730.15,3726.6,3729,1124,
2024-04-22 14:25:00+05:30,3729,3732.9,3729,3732.9,1069,
2024-04-22 14:26:00+05:30,3732.9,3732.9,3729.45,3729.95,255,
2024-04-22 14:27:00+05:30,3729.95,3732.4,3729.05,3731,291,
2024-04-22 14:28:00+05:30,3731,3732.25,3731,3731,791,
2024-04-22 14:29:00+05:30,3731,3731.55,3731,3731,238,
2024-04-22 14:30:00+05:30,3731,3731.35,3731,3731,258,
2024-04-22 14:31:00+05:30,3731,3732.15,3730.1,3731,471,
2024-04-22 14:32:00+05:30,3731,3732.8,3731,3732.7,134,
2024-04-22 14:33:00+05:30,3732.7,3732.7,3732,3732,208,
2024-04-22 14:34:00+05:30,3732.5,3732.5,3732,3732,224,
2024-04-22 14:35:00+05:30,3732,3732.5,3732,3732,210,
2024-04-22 14:36:00+05:30,3732.25,3735.4,3732,3733,967,
2024-04-22 14:37:00+05:30,3733,3734.55,3733,3733,307,
2024-04-22 14:38:00+05:30,3733,3734.5,3733,3734.35,225,
2024-04-22 14:39:00+05:30,3734.35,3734.35,3733,3733,292,
2024-04-22 14:40:00+05:30,3733,3733.8,3733,3733,180,
2024-04-22 14:41:00+05:30,3733,3734.45,3732.05,3733.25,271,
2024-04-22 14:42:00+05:30,3734.25,3737,3733.25,3737,319,
2024-04-22 14:43:00+05:30,3738,3739,3737.55,3737.55,1856,
2024-04-22 14:44:00+05:30,3738.6,3738.6,3737.35,3738,185,
2024-04-22 14:45:00+05:30,3737.35,3738,3733.1,3733.25,869,
2024-04-22 14:46:00+05:30,3733.25,3738.45,3733.25,3736.9,456,
2024-04-22 14:47:00+05:30,3736.9,3739.7,3736.9,3738,443,
2024-04-22 14:48:00+05:30,3739.4,3743.7,3737.15,3743.65,1209,
2024-04-22 14:49:00+05:30,3743.65,3744,3741.85,3743.65,907,
2024-04-22 14:50:00+05:30,3743.65,3743.65,3740,3740,378,
2024-04-22 14:51:00+05:30,3740,3740,3737.7,3737.7,296,
2024-04-22 14:52:00+05:30,3737.7,3741.95,3737.3,3739.25,2172,
2024-04-22 14:53:00+05:30,3739.25,3742.1,3738.05,3741.8,689,
2024-04-22 14:54:00+05:30,3741.85,3741.85,3738.65,3738.65,154,
2024-04-22 14:55:00+05:30,3738.65,3739.8,3737.9,3737.9,496,
2024-04-22 14:56:00+05:30,3737.9,3739.55,3734.05,3739.55,708,
2024-04-22 14:57:00+05:30,3739.55,3741.9,3737.4,3738.95,929,
2024-04-22 14:58:00+05:30,3738.95,3740.4,3738,3738,386,
2024-04-22 14:59:00+05:30,3738,3738.95,3735.1,3735.1,519,
2024-04-22 15:00:00+05:30,3735.45,3735.95,3733.8,3735.3,1235,
2024-04-22 15:01:00+05:30,3735.3,3738.45,3735.3,3738.45,941,
2024-04-22 15:02:00+05:30,3738.45,3738.6,3736.3,3737,1702,
2024-04-22 15:03:00+05:30,3737,3737.75,3737,3737.75,1175,
2024-04-22 15:04:00+05:30,3737.8,3739.7,3737.3,3738.6,594,
2024-04-22 15:05:00+05:30,3738.6,3738.6,3737,3737,1035,
2024-04-22 15:06:00+05:30,3737,3739,3736.55,3737.8,973,
2024-04-22 15:07:00+05:30,3738.95,3739.4,3737,3737.2,3087,
2024-04-22 15:08:00+05:30,3737,3737.7,3733,3733,2463,
2024-04-22 15:09:00+05:30,3733,3733.75,3730,3731.5,913,
2024-04-22 15:10:00+05:30,3731.5,3732.75,3730.55,3731.05,931,
2024-04-22 15:11:00+05:30,3731.05,3731.05,3730,3730.45,979,
2024-04-22 15:12:00+05:30,3730.45,3732.95,3730.4,3732.85,601,
2024-04-22 15:13:00+05:30,3732.6,3737,3732.1,3736.6,1015,
2024-04-22 15:14:00+05:30,3736.6,3740,3735.85,3739,4648,
2024-04-22 15:15:00+05:30,3739,3739.45,3739,3739.35,2271,
2024-04-22 15:16:00+05:30,3739.35,3739.35,3736.2,3737.8,2848,
2024-04-22 15:17:00+05:30,3737.8,3737.8,3735.35,3735.85,814,
2024-04-22 15:18:00+05:30,3735.85,3736.05,3733.55,3733.55,1044,
2024-04-22 15:19:00+05:30,3734.8,3739.7,3733.1,3739.7,1615,
2024-04-22 15:20:00+05:30,3739.7,3741,3739,3739.15,3148,
2024-04-22 15:21:00+05:30,3739.15,3740.15,3739,3739.05,941,
2024-04-22 15:22:00+05:30,3739.05,3740.3,3739.05,3740.05,1278,
2024-04-22 15:23:00+05:30,3740,3740.45,3740,3740.3,2014,
2024-04-22 15:24:00+05:30,3740.3,3740.4,3740,3740,962,
2024-04-22 15:25:00+05:30,3740,3740.25,3740,3740.15,1019,
2024-04-22 15:26:00+05:30,3740,3742.7,3740,3742.7,1251,
2024-04-22 15:27:00+05:30,3741.75,3743.55,3740,3743.1,6316,
2024-04-22 15:28:00+05:30,3743.1,3744,3727.8,3731.75,7134,
2024-04-22 15:29:00+05:30,3731.85,3741,3725.2,3725.25,860,
2024-04-23 09:15:00+05:30,3737.5,3754.7,3732.05,3739.7,2460,
2024-04-23 09:16:00+05:30,3739.25,3747.05,3739.2,3739.3,1545,
2024-04-23 09:17:00+05:30,3739,3747.3,3738,3742.6,2641,
2024-04-23 09:18:00+05:30,3742.6,3746.3,3740.05,3744.6,981,
2024-04-23 09:19:00+05:30,3743.25,3744.9,3742,3742.05,734,
2024-04-23 09:20:00+05:30,3742.05,3745.5,3742,3743.3,342,
2024-04-23 09:21:00+05:30,3743.3,3745.5,3742,3742.75,493,
2024-04-23 09:22:00+05:30,3742.75,3745.4,3742.75,3745.35,199,
2024-04-23 09:23:00+05:30,3745.35,3745.4,3742.1,3742.1,156,
2024-04-23 09:24:00+05:30,3742.1,3744.1,3738.8,3738.8,2679,
2024-04-23 09:25:00+05:30,3738.8,3738.8,3737,3737,146,
2024-04-23 09:26:00+05:30,3737.9,3737.9,3735,3735,368,
2024-04-23 09:27:00+05:30,3735.15,3735.15,3730,3730,555,
2024-04-23 09:28:00+05:30,3730,3732.45,3730,3731.4,165,
2024-04-23 09:29:00+05:30,3731.4,3736.7,3730.05,3734.45,325,
2024-04-23 09:30:00+05:30,3734.45,3742.4,3733.8,3742.4,4842,
2024-04-23 09:31:00+05:30,3742.4,3742.6,3740,3740.05,3028,
2024-04-23 09:32:00+05:30,3740.05,3743.4,3740.05,3742.75,139,
2024-04-23 09:33:00+05:30,3742.65,3743,3740,3743,920,
2024-04-23 09:34:00+05:30,3743,3743,3742,3742,2408,
2024-04-23 09:35:00+05:30,3742,3743.25,3742,3743.25,689,
2024-04-23 09:36:00+05:30,3744.95,3749.95,3743.15,3749.35,681,
2024-04-23 09:37:00+05:30,3748.1,3751.7,3747.35,3748.05,1720,
2024-04-23 09:38:00+05:30,3748.05,3750,3748.05,3748.8,167,
2024-04-23 09:39:00+05:30,3748.8,3751.35,3748,3749.1,880,
2024-04-23 09:40:00+05:30,3749.1,3750.2,3748,3749.3,844,
2024-04-23 09:41:00+05:30,3749.3,3750,3747.8,3750,65,
2024-04-23 09:42:00+05:30,3750.05,3750.2,3748.75,3749.4,389,
2024-04-23 09:43:00+05:30,3749.4,3751,3749.4,3749.45,416,
2024-04-23 09:44:00+05:30,3748.7,3751.35,3747.85,3750.05,298,
2024-04-23 09:45:00+05:30,3750.05,3751.1,3748,3748.45,461,
2024-04-23 09:46:00+05:30,3748.45,3750.05,3745,3748.75,664,
2024-04-23 09:47:00+05:30,3748.75,3749.25,3745.75,3746.35,1106,
2024-04-23 09:48:00+05:30,3747.85,3747.95,3745.4,3745.4,95,
2024-04-23 09:49:00+05:30,3745.3,3748.4,3745.3,3746.85,253,
2024-04-23 09:50:00+05:30,3748.4,3748.4,3746.8,3747.9,28,
2024-04-23 09:51:00+05:30,3748.3,3748.4,3747.1,3748.4,132,
2024-04-23 09:52:00+05:30,3748.4,3752,3748.15,3752,250,
2024-04-23 09:53:00+05:30,3752,3752.8,3750.2,3751,516,
2024-04-23 09:54:00+05:30,3751,3752.3,3751,3752.05,123,
2024-04-23 09:55:00+05:30,3752.05,3752.05,3750.6,3750.6,114,
2024-04-23 09:56:00+05:30,3752,3755.75,3750.35,3755.75,337,
2024-04-23 09:57:00+05:30,3755.75,3758.35,3753.2,3755.75,1619,
2024-04-23 09:58:00+05:30,3755.75,3755.95,3750.55,3753.4,542,
2024-04-23 09:59:00+05:30,3754.3,3754.3,3749.95,3749.95,639,
2024-04-23 10:00:00+05:30,3749.95,3752.85,3749.95,3752.75,186,
2024-04-23 10:01:00+05:30,3752.75,3755,3751.05,3752.85,365,
2024-04-23 10:02:00+05:30,3754.75,3755,3754,3754,226,
2024-04-23 10:03:00+05:30,3754,3754,3752.9,3752.9,39,
2024-04-23 10:04:00+05:30,3752.9,3755,3752.9,3753.7,268,
2024-04-23 10:05:00+05:30,3753.7,3754.5,3750.05,3752.45,420,
2024-04-23 10:06:00+05:30,3752.05,3752.05,3750.05,3750.05,21,
2024-04-23 10:07:00+05:30,3750.05,3751.1,3747.55,3748.7,163,
2024-04-23 10:08:00+05:30,3748.7,3748.7,3745.6,3745.6,373,
2024-04-23 10:09:00+05:30,3745.7,3745.95,3745,3745,335,
2024-04-23 10:10:00+05:30,3745,3748,3745,3748,85,
2024-04-23 10:11:00+05:30,3748,3748.75,3746.3,3748.75,132,
2024-04-23 10:12:00+05:30,3748.75,3748.75,3746,3746.05,91,
2024-04-23 10:13:00+05:30,3746.05,3749.95,3745.2,3749.8,280,
2024-04-23 10:14:00+05:30,3749.8,3749.8,3747.85,3749.65,37,
2024-04-23 10:15:00+05:30,3749.65,3749.65,3746.2,3748.15,152,
2024-04-23 10:16:00+05:30,3748.15,3748.15,3743.9,3743.9,455,
2024-04-23 10:17:00+05:30,3743.9,3744.8,3742.5,3742.5,300,
2024-04-23 10:18:00+05:30,3742.5,3744.5,3742.3,3742.45,249,
2024-04-23 10:19:00+05:30,3742.45,3743.6,3742.2,3743.5,81,
2024-04-23 10:20:00+05:30,3743.5,3745.95,3742,3744.2,2338,
2024-04-23 10:21:00+05:30,3744.2,3745.8,3744.2,3745.55,48,
2024-04-23 10:22:00+05:30,3745.15,3748.75,3745.15,3748.75,303,
2024-04-23 10:23:00+05:30,3748.75,3749,3747.1,3747.1,255,
2024-04-23 10:24:00+05:30,3747.1,3747.1,3747.1,3747.1,23,
2024-04-23 10:25:00+05:30,3747.1,3748,3747.1,3748,48,
2024-04-23 10:26:00+05:30,3747.95,3748.4,3745.95,3745.95,204,
2024-04-23 10:27:00+05:30,3745.95,3747.2,3742.75,3747.2,116,
2024-04-23 10:28:00+05:30,3747.2,3749.3,3747,3747,210,
2024-04-23 10:29:00+05:30,3747,3748,3746.95,3746.95,31,
2024-04-23 10:30:00+05:30,3748,3748,3746.4,3748,106,
2024-04-23 10:31:00+05:30,3748,3748,3746.45,3747,135,
2024-04-23 10:32:00+05:30,3747,3748,3746.05,3748,135,
2024-04-23 10:33:00+05:30,3748,3748,3746,3746,9,
2024-04-23 10:34:00+05:30,3745.85,3746.85,3745.85,3746.55,192,
2024-04-23 10:35:00+05:30,3746.55,3746.55,3744.85,3745,74,
2024-04-23 10:36:00+05:30,3745,3745.95,3744.2,3744.2,228,
2024-04-23 10:37:00+05:30,3744.2,3745.35,3744,3744.65,97,
2024-04-23 10:38:00+05:30,3744.65,3745.95,3742.6,3744.25,727,
2024-04-23 10:39:00+05:30,3744.3,3744.3,3742.55,3743.3,386,
2024-04-23 10:40:00+05:30,3743.3,3745.55,3743.3,3745.55,104,
2024-04-23 10:41:00+05:30,3745.55,3745.75,3742.7,3743.8,191,
2024-04-23 10:42:00+05:30,3743.8,3745.4,3742.7,3743.6,25,
2024-04-23 10:43:00+05:30,3743.6,3743.7,3742,3742,396,
2024-04-23 10:44:00+05:30,3742,3743.25,3742,3743,219,
2024-04-23 10:45:00+05:30,3743,3743,3743,3743,40,
2024-04-23 10:46:00+05:30,3743,3743,3742,3743,389,
2024-04-23 10:47:00+05:30,3743,3743,3742.5,3743,38,
2024-04-23 10:48:00+05:30,3742.55,3743,3742.5,3742.55,393,
2024-04-23 10:49:00+05:30,3742.1,3742.1,3738.75,3740,3415,
2024-04-23 10:50:00+05:30,3740,3740,3738.7,3740,433,
2024-04-23 10:51:00+05:30,3743.1,3743.1,3743,3743,209,
2024-04-23 10:54:00+05:30,3743,3743,3743,3743,0,
2024-04-23 10:58:00+05:30,3746,3746.4,3743.8,3746,200,
2024-04-23 10:59:00+05:30,3746,3746.4,3745.05,3745.3,180,
2024-04-23 11:00:00+05:30,3745.3,3746.4,3745,3745,97,
2024-04-23 11:01:00+05:30,3745,3745,3744.4,3744.4,24,
2024-04-23 11:02:00+05:30,3744.4,3744.4,3742.15,3742.15,7043,
2024-04-23 11:03:00+05:30,3742.15,3744,3742.1,3744,5206,
2024-04-23 11:04:00+05:30,3744,3744,3743,3743.1,400,
2024-04-23 11:05:00+05:30,3743.1,3746.4,3743.1,3746.05,893,
2024-04-23 11:06:00+05:30,3746.05,3746.95,3745.2,3746.95,194,
2024-04-23 11:07:00+05:30,3746.95,3749.25,3746.05,3747.7,149,
2024-04-23 11:08:00+05:30,3747.7,3748.95,3747,3747.5,228,
2024-04-23 11:09:00+05:30,3747.5,3748,3747,3747,89,
2024-04-23 11:10:00+05:30,3747,3749.95,3746.85,3748.25,891,
2024-04-23 11:11:00+05:30,3748.25,3749.95,3748.25,3749.9,139,
2024-04-23 11:12:00+05:30,3749.9,3749.9,3748.2,3748.2,130,
2024-04-23 11:13:00+05:30,3748,3749.9,3746.8,3749.9,195,
2024-04-23 11:14:00+05:30,3749.9,3749.9,3747.5,3747.5,199,
2024-04-23 11:15:00+05:30,3749.35,3751,3747.75,3751,854,
2024-04-23 11:16:00+05:30,3751,3751.35,3749.4,3750.75,144,
2024-04-23 11:17:00+05:30,3750.75,3751.3,3750.75,3751.3,26,
2024-04-23 11:18:00+05:30,3751.3,3752,3750.15,3752,280,
2024-04-23 11:19:00+05:30,3752,3752,3751.25,3751.9,265,
2024-04-23 11:20:00+05:30,3751.9,3751.9,3750.15,3750.25,260,
2024-04-23 11:21:00+05:30,3751.8,3751.8,3750,3751.7,160,
2024-04-23 11:22:00+05:30,3751.7,3751.8,3750.1,3751.15,176,
2024-04-23 11:23:00+05:30,3750.05,3752.7,3750,3752.5,2005,
2024-04-23 11:24:00+05:30,3752.5,3757,3752.5,3756.75,447,
2024-04-23 11:25:00+05:30,3756.75,3757,3756,3756,313,
2024-04-23 11:26:00+05:30,3756,3758,3754.9,3756,630,
2024-04-23 11:27:00+05:30,3756,3759.3,3754.95,3759.3,606,
2024-04-23 11:28:00+05:30,3759.3,3760,3756.85,3759.95,705,
2024-04-23 11:29:00+05:30,3759.95,3760,3757.1,3758.85,416,
2024-04-23 11:30:00+05:30,3758.85,3759,3755.55,3757.45,178,
2024-04-23 11:31:00+05:30,3757.45,3757.7,3755.05,3756.5,142,
2024-04-23 11:32:00+05:30,3756.5,3756.5,3754.55,3754.7,334,
2024-04-23 11:33:00+05:30,3755,3755,3753,3755,97,
2024-04-23 11:34:00+05:30,3755,3755,3753,3753,124,
2024-04-23 11:35:00+05:30,3753,3755,3753,3755,124,
2024-04-23 11:36:00+05:30,3755,3755,3753.8,3755,78,
2024-04-23 11:37:00+05:30,3755,3755.95,3754.6,3755,63,
2024-04-23 11:38:00+05:30,3755,3755.5,3755,3755.5,78,
2024-04-23 11:39:00+05:30,3755.5,3757.6,3754.5,3757.6,353,
2024-04-23 11:40:00+05:30,3757.6,3757.95,3756,3757.9,210,
2024-04-23 11:41:00+05:30,3757.9,3757.9,3756,3757.9,552,
2024-04-23 11:42:00+05:30,3757.9,3758.7,3756.8,3758.7,222,
2024-04-23 11:43:00+05:30,3758.7,3758.7,3756.9,3758.4,63,
2024-04-23 11:44:00+05:30,3758.4,3758.4,3756.95,3758.25,27,
2024-04-23 11:45:00+05:30,3758.25,3758.25,3753,3754.45,503,
2024-04-23 11:46:00+05:30,3754.45,3754.45,3752.05,3752.05,233,
2024-04-23 11:47:00+05:30,3752.75,3752.75,3747.55,3748.45,541,
2024-04-23 11:48:00+05:30,3748.45,3748.45,3746.9,3748.35,152,
2024-04-23 11:49:00+05:30,3748.35,3748.35,3745.3,3746.95,765,
2024-04-23 11:50:00+05:30,3746.95,3747.15,3743,3744.95,3068,
2024-04-23 11:51:00+05:30,3744.95,3746.4,3743,3746.35,1166,
2024-04-23 11:52:00+05:30,3746.35,3746.35,3743,3745.4,314,
2024-04-23 11:53:00+05:30,3745.4,3746,3743.4,3744.85,778,
2024-04-23 11:54:00+05:30,3744.85,3744.85,3743,3744.5,737,
2024-04-23 11:55:00+05:30,3744.5,3744.5,3743,3744.35,1000,
2024-04-23 11:56:00+05:30,3744.35,3744.5,3743,3744.5,301,
2024-04-23 11:57:00+05:30,3744.5,3744.5,3743,3744.45,741,
2024-04-23 11:58:00+05:30,3744.5,3744.5,3743,3744.45,230,
2024-04-23 11:59:00+05:30,3744.45,3745.2,3743,3744,386,
2024-04-23 12:00:00+05:30,3745,3745.2,3744,3745.1,394,
2024-04-23 12:01:00+05:30,3745.1,3745.25,3743.05,3745.1,221,
2024-04-23 12:02:00+05:30,3745.1,3745.1,3743,3743,3055,
2024-04-23 12:03:00+05:30,3743,3744.7,3743,3743.05,4167,
2024-04-23 12:04:00+05:30,3743.05,3745.15,3743,3744.9,191,
2024-04-23 12:05:00+05:30,3744.95,3745.15,3743,3743.05,459,
2024-04-23 12:06:00+05:30,3744.75,3744.75,3743,3744,303,
2024-04-23 12:07:00+05:30,3743,3744.75,3743,3744.7,284,
2024-04-23 12:08:00+05:30,3744.7,3744.7,3743.05,3744.7,24,
2024-04-23 12:09:00+05:30,3743.35,3747.95,3743.35,3747.85,1174,
2024-04-23 12:10:00+05:30,3747.85,3747.95,3746.05,3747.85,55,
2024-04-23 12:11:00+05:30,3747.85,3747.85,3745.95,3747.85,42,
2024-04-23 12:12:00+05:30,3747.85,3747.85,3746,3747.8,135,
2024-04-23 12:13:00+05:30,3747.8,3747.8,3746,3747.55,300,
2024-04-23 12:14:00+05:30,3747.55,3747.55,3746,3746.95,18,
2024-04-23 12:15:00+05:30,3746.95,3747,3746.95,3747,19,
2024-04-23 12:16:00+05:30,3747,3747,3743,3744.7,1299,
2024-04-23 12:17:00+05:30,3744.7,3744.7,3743,3744.5,274,
2024-04-23 12:18:00+05:30,3744.5,3744.5,3743,3744,135,
2024-04-23 12:19:00+05:30,3744,3744,3743,3744,388,
2024-04-23 12:20:00+05:30,3744,3744.45,3743,3744.45,425,
2024-04-23 12:21:00+05:30,3744.35,3744.4,3743,3744.4,1547,
2024-04-23 12:22:00+05:30,3744.35,3744.4,3743,3743,886,
2024-04-23 12:23:00+05:30,3743,3744.4,3743,3744.4,178,
2024-04-23 12:24:00+05:30,3744.4,3744.4,3743,3744.4,34,
2024-04-23 12:25:00+05:30,3744.4,3744.4,3743.05,3744.4,217,
2024-04-23 12:26:00+05:30,3744.4,3744.4,3743.05,3744,84,
2024-04-23 12:27:00+05:30,3744,3744.4,3743,3744.4,147,
2024-04-23 12:28:00+05:30,3744.4,3744.4,3743,3744.35,104,
2024-04-23 12:29:00+05:30,3744.35,3744.4,3744.35,3744.35,55,
2024-04-23 12:30:00+05:30,3744.35,3744.35,3744.3,3744.3,23,
2024-04-23 12:31:00+05:30,3744.3,3744.3,3743,3744.3,66,
2024-04-23 12:32:00+05:30,3744.3,3744.3,3743,3744.3,53,
2024-04-23 12:33:00+05:30,3744.3,3744.3,3743,3744.25,66,
2024-04-23 12:34:00+05:30,3744.25,3744.3,3743,3743.15,666,
2024-04-23 12:35:00+05:30,3743.15,3743.15,3743,3743.15,239,
2024-04-23 12:36:00+05:30,3743,3743.15,3743,3743.15,2752,
2024-04-23 12:37:00+05:30,3744.3,3746,3743.55,3746,116,
2024-04-23 12:38:00+05:30,3746,3747.65,3746,3746,53,
2024-04-23 12:39:00+05:30,3746,3746.85,3744.9,3746.55,29,
2024-04-23 12:40:00+05:30,3746.55,3747.5,3743.7,3746.5,341,
2024-04-23 12:41:00+05:30,3746.5,3746.5,3744.3,3745.7,21,
2024-04-23 12:42:00+05:30,3745.7,3745.7,3743,3745,259,
2024-04-23 12:43:00+05:30,3745,3745.95,3743.5,3745.95,91,
2024-04-23 12:44:00+05:30,3745.95,3745.95,3744.85,3745.8,28,
2024-04-23 12:45:00+05:30,3745.8,3745.8,3743,3743,1357,
2024-04-23 12:46:00+05:30,3743,3748.5,3743,3748.5,545,
2024-04-23 12:47:00+05:30,3748.5,3749.8,3748.5,3749.4,118,
2024-04-23 12:48:00+05:30,3749.4,3749.45,3747.75,3747.85,165,
2024-04-23 12:49:00+05:30,3749.45,3753.2,3748.4,3753.2,1618,
2024-04-23 12:50:00+05:30,3753.2,3753.2,3750.95,3752.65,480,
2024-04-23 12:51:00+05:30,3752.65,3753.2,3751.15,3753,87,
2024-04-23 12:52:00+05:30,3753,3753,3752.95,3753,72,
2024-04-23 12:53:00+05:30,3753,3758,3753,3758,665,
2024-04-23 12:54:00+05:30,3758,3758,3755.05,3757,333,
2024-04-23 12:55:00+05:30,3757,3757.9,3756.05,3757.6,45,
2024-04-23 12:56:00+05:30,3754.05,3755.35,3752.55,3753.9,126,
2024-04-23 12:57:00+05:30,3753.9,3754.2,3751.1,3754,142,
2024-04-23 12:58:00+05:30,3754,3754.2,3751.8,3754,332,
2024-04-23 12:59:00+05:30,3754,3754.2,3754,3754.2,252,
2024-04-23 13:00:00+05:30,3754.2,3755,3753.9,3753.9,15,
2024-04-23 13:01:00+05:30,3753.9,3755,3753.1,3754.95,265,
2024-04-23 13:02:00+05:30,3754.95,3763.7,3753.1,3763.7,2770,
2024-04-23 13:03:00+05:30,3763.7,3772,3761.65,3772,2017,
2024-04-23 13:04:00+05:30,3772,3776.8,3769.45,3771.85,2451,
2024-04-23 13:05:00+05:30,3771.75,3773.8,3768.1,3769.15,577,
2024-04-23 13:06:00+05:30,3769.15,3769.15,3764.1,3766.55,214,
2024-04-23 13:07:00+05:30,3766.55,3766.8,3761.55,3761.55,493,
2024-04-23 13:08:00+05:30,3761.55,3766.3,3761.55,3763.55,574,
2024-04-23 13:09:00+05:30,3763.55,3765.85,3761,3761,114,
2024-04-23 13:10:00+05:30,3762.7,3763.75,3761.1,3762.1,177,
2024-04-23 13:11:00+05:30,3763.45,3763.45,3761,3763.05,80,
2024-04-23 13:12:00+05:30,3763,3763.4,3762,3762.6,233,
2024-04-23 13:13:00+05:30,3762.6,3765.3,3760.85,3765.3,357,
2024-04-23 13:14:00+05:30,3765.3,3766,3762.05,3764.05,415,
2024-04-23 13:15:00+05:30,3764.05,3764.2,3762.75,3764.05,97,
2024-04-23 13:16:00+05:30,3762.2,3764.05,3762.05,3763.7,62,
2024-04-23 13:17:00+05:30,3763.7,3763.9,3760.05,3761.55,130,
2024-04-23 13:18:00+05:30,3759.25,3760.9,3759.15,3760.85,209,
2024-04-23 13:19:00+05:30,3759.05,3760.25,3758.35,3759.05,184,
2024-04-23 13:20:00+05:30,3759.05,3760.25,3758.25,3759.8,38,
2024-04-23 13:21:00+05:30,3759.8,3759.95,3758.65,3759.85,46,
2024-04-23 13:22:00+05:30,3759,3759.8,3759,3759.65,148,
2024-04-23 13:23:00+05:30,3759.65,3762,3758.2,3760.6,488,
2024-04-23 13:24:00+05:30,3760.6,3762,3760.45,3762,57,
2024-04-23 13:25:00+05:30,3762,3762,3760.1,3761.9,123,
2024-04-23 13:26:00+05:30,3761.9,3762.1,3761.65,3762,89,
2024-04-23 13:27:00+05:30,3762,3764,3760.6,3763.4,234,
2024-04-23 13:28:00+05:30,3763.4,3763.6,3758.45,3760.7,253,
2024-04-23 13:29:00+05:30,3760.7,3760.75,3760,3760.7,21,
2024-04-23 13:30:00+05:30,3760.7,3760.7,3758.2,3759.1,53,
2024-04-23 13:31:00+05:30,3759.1,3759.95,3757.05,3759.3,444,
2024-04-23 13:32:00+05:30,3759.3,3760.75,3757.95,3759.95,189,
2024-04-23 13:33:00+05:30,3759.9,3759.9,3756.05,3756.05,45,
2024-04-23 13:34:00+05:30,3756.05,3758.95,3756.05,3756.1,151,
2024-04-23 13:35:00+05:30,3756.1,3757.95,3756.1,3757.45,26,
2024-04-23 13:36:00+05:30,3757.45,3757.45,3756.2,3756.2,19,
2024-04-23 13:37:00+05:30,3756.2,3757.95,3756.2,3757.95,162,
2024-04-23 13:38:00+05:30,3757.95,3759.5,3757.95,3759,183,
2024-04-23 13:39:00+05:30,3759,3759,3757,3758.95,27,
2024-04-23 13:40:00+05:30,3758.95,3758.95,3757,3758.9,43,
2024-04-23 13:41:00+05:30,3758.9,3758.9,3757.05,3757.05,7,
2024-04-23 13:42:00+05:30,3757.05,3758.95,3756.6,3758.95,201,
2024-04-23 13:43:00+05:30,3758.95,3759,3755,3759,975,
2024-04-23 13:44:00+05:30,3759,3759.9,3757.85,3759.9,37,
2024-04-23 13:45:00+05:30,3759.9,3759.9,3758.8,3759.25,27,
2024-04-23 13:46:00+05:30,3759.25,3759.25,3756.9,3759.05,5,
2024-04-23 13:47:00+05:30,3759.05,3759.25,3759,3759.25,100,
2024-04-23 13:48:00+05:30,3759.25,3759.85,3756.4,3758.1,72,
2024-04-23 13:49:00+05:30,3758.1,3758.3,3756.4,3758.3,32,
2024-04-23 13:50:00+05:30,3757,3758.3,3756.8,3758.3,23,
2024-04-23 13:51:00+05:30,3758.3,3758.3,3756.5,3757.95,38,
2024-04-23 13:52:00+05:30,3757.95,3757.95,3756.5,3757.9,77,
2024-04-23 13:53:00+05:30,3757.9,3757.9,3756.6,3756.6,9,
2024-04-23 13:54:00+05:30,3757.25,3757.25,3755.45,3756,218,
2024-04-23 13:55:00+05:30,3756,3756,3755,3755.05,124,
2024-04-23 13:56:00+05:30,3755.05,3755.55,3753.2,3755.55,336,
2024-04-23 13:57:00+05:30,3755.3,3755.55,3753.45,3755.55,145,
2024-04-23 13:58:00+05:30,3755,3755.9,3755,3755.9,51,
2024-04-23 13:59:00+05:30,3755.9,3755.9,3754.35,3755,39,
2024-04-23 14:00:00+05:30,3755,3755,3753.8,3755,43,
2024-04-23 14:01:00+05:30,3753.8,3755,3753.2,3753.8,94,
2024-04-23 14:02:00+05:30,3753.85,3755.2,3753,3753.55,557,
2024-04-23 14:03:00+05:30,3753.55,3755.95,3752.2,3754.9,492,
2024-04-23 14:04:00+05:30,3754.9,3754.95,3754.4,3754.95,167,
2024-04-23 14:05:00+05:30,3754.95,3754.95,3753.1,3754.75,22,
2024-04-23 14:06:00+05:30,3754.75,3755.9,3751.25,3755.05,389,
2024-04-23 14:07:00+05:30,3755.05,3766.35,3755.05,3766.35,2981,
2024-04-23 14:08:00+05:30,3766.35,3767.95,3764.3,3767.8,1148,
2024-04-23 14:09:00+05:30,3767.8,3767.8,3760.6,3761.7,423,
2024-04-23 14:10:00+05:30,3761.7,3761.7,3754.15,3759.05,768,
2024-04-23 14:11:00+05:30,3759.05,3759.05,3756.05,3756.05,281,
2024-04-23 14:12:00+05:30,3756.05,3757.7,3753,3754.8,323,
2024-04-23 14:13:00+05:30,3754.8,3756.4,3752.3,3753.85,939,
2024-04-23 14:14:00+05:30,3753.85,3755,3753.85,3755,5,
2024-04-23 14:15:00+05:30,3755,3755.15,3750.5,3755.15,625,
2024-04-23 14:16:00+05:30,3755.15,3762.5,3755,3760.05,1581,
2024-04-23 14:17:00+05:30,3762.15,3765.05,3760,3765,2958,
2024-04-23 14:18:00+05:30,3765,3771.25,3765,3771.15,4552,
2024-04-23 14:19:00+05:30,3771.15,3771.15,3769.2,3770,1205,
2024-04-23 14:20:00+05:30,3770,3771.65,3770,3771.65,828,
2024-04-23 14:21:00+05:30,3771.6,3774,3770.1,3772.6,808,
2024-04-23 14:22:00+05:30,3772.6,3772.6,3767.7,3770,1498,
2024-04-23 14:23:00+05:30,3770,3770,3763.8,3765.05,596,
2024-04-23 14:24:00+05:30,3765.05,3765.6,3763.1,3765,233,
2024-04-23 14:25:00+05:30,3765,3765,3757.2,3758.5,5059,
2024-04-23 14:26:00+05:30,3758.5,3763,3758.5,3763,730,
2024-04-23 14:27:00+05:30,3763,3766.5,3761.55,3766.05,406,
2024-04-23 14:28:00+05:30,3766.05,3766.55,3762.9,3762.9,6167,
2024-04-23 14:29:00+05:30,3762.9,3771,3762.25,3770.05,6053,
2024-04-23 14:30:00+05:30,3770.05,3771.35,3770.05,3770.6,676,
2024-04-23 14:31:00+05:30,3770.6,3772.7,3770,3771.55,279,
2024-04-23 14:32:00+05:30,3770.6,3772.65,3770,3771.25,651,
2024-04-23 14:33:00+05:30,3771.25,3771.9,3770,3771.9,863,
2024-04-23 14:34:00+05:30,3771.9,3772.7,3770.45,3770.45,1266,
2024-04-23 14:35:00+05:30,3770.45,3771.05,3768.05,3768.9,621,
2024-04-23 14:36:00+05:30,3768.9,3770.4,3767.55,3770.35,1338,
2024-04-23 14:37:00+05:30,3769,3770.4,3769,3769,933,
2024-04-23 14:38:00+05:30,3769,3769,3767.5,3768,1219,
2024-04-23 14:39:00+05:30,3768.2,3768.2,3765.35,3767.35,180,
2024-04-23 14:40:00+05:30,3767,3767,3763.6,3764.55,245,
2024-04-23 14:41:00+05:30,3764.5,3764.5,3759.2,3759.2,848,
2024-04-23 14:42:00+05:30,3759.2,3760.05,3757.45,3759.9,707,
2024-04-23 14:43:00+05:30,3759.9,3759.9,3755.3,3755.35,201,
2024-04-23 14:44:00+05:30,3757,3757,3753.6,3754.95,399,
2024-04-23 14:45:00+05:30,3755,3769.3,3754.05,3767.15,3741,
2024-04-23 14:46:00+05:30,3769.15,3769.15,3764.6,3768.35,745,
2024-04-23 14:47:00+05:30,3768.35,3771.95,3768.35,3771,1645,
2024-04-23 14:48:00+05:30,3771,3771.7,3770,3771,665,
2024-04-23 14:49:00+05:30,3770.95,3771,3768.6,3770,3426,
2024-04-23 14:50:00+05:30,3770,3771.6,3769.4,3770,1285,
2024-04-23 14:51:00+05:30,3770,3770.8,3770,3770.8,1187,
2024-04-23 14:52:00+05:30,3770.8,3770.9,3770,3770.9,1500,
2024-04-23 14:53:00+05:30,3770.9,3770.9,3770,3770,461,
2024-04-23 14:54:00+05:30,3770,3770.95,3770,3770.05,188,
2024-04-23 14:55:00+05:30,3770.05,3770.95,3769.85,3770,1961,
2024-04-23 14:56:00+05:30,3770,3770.7,3770,3770,2015,
2024-04-23 14:57:00+05:30,3770.7,3772,3770,3771.45,1061,
2024-04-23 14:58:00+05:30,3773,3775,3772.05,3772.05,1070,
2024-04-23 14:59:00+05:30,3772.05,3775,3772.05,3775,364,
2024-04-23 15:00:00+05:30,3775,3775,3767.5,3767.5,4615,
2024-04-23 15:01:00+05:30,3767.5,3768.55,3764.2,3765.7,5175,
2024-04-23 15:02:00+05:30,3765.7,3769,3765.7,3766.85,1943,
2024-04-23 15:03:00+05:30,3766.1,3768.85,3765.4,3767,1298,
2024-04-23 15:04:00+05:30,3767,3768.85,3766.05,3767.55,2036,
2024-04-23 15:05:00+05:30,3767.55,3768.95,3765.15,3768.45,1530,
2024-04-23 15:06:00+05:30,3768.45,3769.95,3765.7,3765.75,1543,
2024-04-23 15:07:00+05:30,3766.25,3769.6,3765.5,3767.7,2753,
2024-04-23 15:08:00+05:30,3767.7,3769.25,3766,3767.65,2758,
2024-04-23 15:09:00+05:30,3767.7,3769.45,3765.05,3769.45,3402,
2024-04-23 15:10:00+05:30,3767.6,3768.85,3765.9,3767.75,2049,
2024-04-23 15:11:00+05:30,3767.75,3768.7,3766,3767.2,2107,
2024-04-23 15:12:00+05:30,3767,3768.9,3767,3768.35,1391,
2024-04-23 15:13:00+05:30,3768.35,3769,3767,3768.95,1593,
2024-04-23 15:14:00+05:30,3768.95,3769,3766,3768.6,1918,
2024-04-23 15:15:00+05:30,3768.6,3769,3767,3768.3,2115,
2024-04-23 15:16:00+05:30,3768.3,3769,3766.65,3768.95,2325,
2024-04-23 15:17:00+05:30,3768.9,3769.8,3767.1,3767.1,1652,
2024-04-23 15:18:00+05:30,3767.1,3769.75,3766.7,3768,2463,
2024-04-23 15:19:00+05:30,3768,3768.95,3766.4,3766.85,2443,
2024-04-23 15:20:00+05:30,3768.45,3769.8,3765.75,3767.65,2823,
2024-04-23 15:21:00+05:30,3765.5,3768.65,3765.5,3767.65,2728,
2024-04-23 15:22:00+05:30,3767.55,3769.65,3767.1,3767.35,2130,
2024-04-23 15:23:00+05:30,3767.35,3768.6,3765.65,3767.45,3644,
2024-04-23 15:24:00+05:30,3767.45,3770,3766.15,3769.3,9589,
2024-04-23 15:25:00+05:30,3769.4,3770.45,3768.1,3770,2628,
2024-04-23 15:26:00+05:30,3770,3771,3769,3770,7097,
2024-04-23 15:27:00+05:30,3770.05,3780.05,3770,3771.55,9154,
2024-04-23 15:28:00+05:30,3771,3771.55,3764.2,3767.95,1952,
2024-04-23 15:29:00+05:30,3767.95,3770,3765.6,3770,233,
2024-04-24 09:15:00+05:30,3779.65,3784.7,3765.55,3774.55,2942,
2024-04-24 09:16:00+05:30,3774.5,3787.95,3774.5,3784.7,1265,
2024-04-24 09:17:00+05:30,3784.85,3788,3784.7,3785,1480,
2024-04-24 09:18:00+05:30,3785,3785.35,3776.15,3780.2,567,
2024-04-24 09:19:00+05:30,3780.2,3784.95,3777.1,3780,1618,
2024-04-24 09:20:00+05:30,3780,3781.9,3779.2,3781.7,340,
2024-04-24 09:21:00+05:30,3781.7,3781.7,3775,3775.05,908,
2024-04-24 09:22:00+05:30,3775.05,3779.2,3775.05,3778.6,469,
2024-04-24 09:23:00+05:30,3778.6,3778.6,3773.55,3775.35,494,
2024-04-24 09:24:00+05:30,3775.35,3775.75,3773.55,3775.5,444,
2024-04-24 09:25:00+05:30,3775.5,3777.85,3773.6,3777.85,409,
2024-04-24 09:26:00+05:30,3777.85,3779,3775.65,3779,241,
2024-04-24 09:27:00+05:30,3779,3780,3777.55,3780,90,
2024-04-24 09:28:00+05:30,3780.5,3780.65,3776.2,3777.1,477,
2024-04-24 09:29:00+05:30,3777.1,3778.4,3777.1,3777.95,148,
2024-04-24 09:30:00+05:30,3777.95,3781.15,3777.1,3778.05,910,
2024-04-24 09:31:00+05:30,3778.05,3783.95,3778.05,3783.95,195,
2024-04-24 09:32:00+05:30,3781.15,3783.55,3778.65,3783.55,362,
2024-04-24 09:33:00+05:30,3783,3784.9,3775.65,3775.65,1341,
2024-04-24 09:34:00+05:30,3777.95,3779.2,3775.8,3776.95,404,
2024-04-24 09:35:00+05:30,3776.95,3784,3775.35,3784,2075,
2024-04-24 09:36:00+05:30,3784,3791.95,3784,3790,2426,
2024-04-24 09:37:00+05:30,3790,3793.95,3788.05,3792.95,3394,
2024-04-24 09:38:00+05:30,3792.95,3796.95,3790.5,3794.1,1683,
2024-04-24 09:39:00+05:30,3794.1,3797,3792.7,3797,4268,
2024-04-24 09:40:00+05:30,3798.65,3798.95,3793.05,3796,4718,
2024-04-24 09:41:00+05:30,3796,3799.8,3796,3797.75,2469,
2024-04-24 09:42:00+05:30,3797.75,3800,3797.75,3799.2,632,
2024-04-24 09:43:00+05:30,3799.2,3799.2,3790.3,3796.55,1226,
2024-04-24 09:44:00+05:30,3796.55,3800,3796.05,3800,521,
2024-04-24 09:45:00+05:30,3800,3800,3797.05,3799.9,447,
2024-04-24 09:46:00+05:30,3799.9,3799.9,3796.75,3797,502,
2024-04-24 09:47:00+05:30,3797,3799,3797,3797,393,
2024-04-24 09:48:00+05:30,3797,3797,3794,3796.85,526,
2024-04-24 09:49:00+05:30,3796.85,3797,3794.05,3795.7,104,
2024-04-24 09:50:00+05:30,3795.7,3796.15,3793.3,3796.15,1909,
2024-04-24 09:51:00+05:30,3796.15,3799,3793.25,3799,600,
2024-04-24 09:52:00+05:30,3799,3799,3797,3798,286,
2024-04-24 09:53:00+05:30,3798,3799,3796.5,3797.55,1368,
2024-04-24 09:54:00+05:30,3797.55,3800,3796.5,3799,1343,
2024-04-24 09:55:00+05:30,3799,3799.2,3796.5,3798.25,659,
2024-04-24 09:56:00+05:30,3798.25,3801,3797.8,3801,3255,
2024-04-24 09:57:00+05:30,3801,3805.85,3800,3805.8,2069,
2024-04-24 09:58:00+05:30,3805.8,3805.8,3803,3803.9,947,
2024-04-24 09:59:00+05:30,3803.9,3805.85,3798.05,3805.85,2013,
2024-04-24 10:00:00+05:30,3805.85,3806.75,3802.1,3805.55,2367,
2024-04-24 10:01:00+05:30,3805.55,3806.1,3802,3803.75,2138,
2024-04-24 10:02:00+05:30,3805,3805,3803.1,3805,328,
2024-04-24 10:03:00+05:30,3805.35,3807.85,3804.65,3805.7,1425,
2024-04-24 10:04:00+05:30,3806.85,3814,3804.45,3812,3513,
2024-04-24 10:05:00+05:30,3812.1,3815.6,3810.2,3812.5,5458,
2024-04-24 10:06:00+05:30,3812.5,3813.9,3808.8,3808.8,2775,
2024-04-24 10:07:00+05:30,3808.8,3812.3,3808.8,3811.85,5450,
2024-04-24 10:08:00+05:30,3811,3816.65,3809.15,3813.9,8960,
2024-04-24 10:09:00+05:30,3813.9,3814.95,3810.8,3811,3089,
2024-04-24 10:10:00+05:30,3811,3817.05,3811,3817.05,3025,
2024-04-24 10:11:00+05:30,3815.7,3817.05,3814,3814.4,2697,
2024-04-24 10:12:00+05:30,3815.55,3815.75,3811.9,3812.4,2095,
2024-04-24 10:13:00+05:30,3812.4,3814,3811.75,3813,699,
2024-04-24 10:14:00+05:30,3813,3815.9,3812.95,3812.95,1526,
2024-04-24 10:15:00+05:30,3815.15,3817,3813.15,3816.2,3263,
2024-04-24 10:16:00+05:30,3812.25,3816.2,3812.25,3815.9,1236,
2024-04-24 10:17:00+05:30,3815.9,3816.2,3813.5,3814.05,1163,
2024-04-24 10:18:00+05:30,3814.05,3816.95,3813.05,3815.65,963,
2024-04-24 10:19:00+05:30,3815.65,3816,3813,3813.95,936,
2024-04-24 10:20:00+05:30,3813.95,3817,3813.95,3815,1924,
2024-04-24 10:21:00+05:30,3815,3816.75,3814,3815.25,1754,
2024-04-24 10:22:00+05:30,3815.25,3815.25,3806.1,3808.55,3489,
2024-04-24 10:23:00+05:30,3808.55,3812,3807.2,3808.55,1521,
2024-04-24 10:24:00+05:30,3808.55,3808.55,3805.9,3806,2005,
2024-04-24 10:25:00+05:30,3806,3806,3801,3802.75,1331,
2024-04-24 10:26:00+05:30,3802.75,3805,3800.25,3805,1597,
2024-04-24 10:27:00+05:30,3803.55,3805.45,3803.1,3804.95,238,
2024-04-24 10:28:00+05:30,3804.95,3808.95,3801.9,3808.9,1046,
2024-04-24 10:29:00+05:30,3806.5,3809.9,3806.5,3808,1262,
2024-04-24 10:30:00+05:30,3808,3811.6,3808,3809.85,1324,
2024-04-24 10:31:00+05:30,3809.85,3811,3808.95,3810.5,521,
2024-04-24 10:32:00+05:30,3810.5,3812.95,3810.5,3812.45,434,
2024-04-24 10:33:00+05:30,3812.45,3812.45,3810,3811,677,
2024-04-24 10:34:00+05:30,3811,3811,3808.2,3808.2,384,
2024-04-24 10:35:00+05:30,3808,3808.2,3801.2,3804.8,1003,
2024-04-24 10:36:00+05:30,3804.8,3805,3802.6,3805,636,
2024-04-24 10:37:00+05:30,3805,3805,3802.15,3804.05,391,
2024-04-24 10:38:00+05:30,3804.05,3804.05,3802,3803.9,432,
2024-04-24 10:39:00+05:30,3803.9,3805.9,3802,3805.9,501,
2024-04-24 10:40:00+05:30,3805.9,3807.85,3804.65,3805.95,254,
2024-04-24 10:41:00+05:30,3805.95,3805.95,3802.85,3804.15,284,
2024-04-24 10:42:00+05:30,3804.15,3805.45,3803,3803.65,91,
2024-04-24 10:43:00+05:30,3803.65,3805.45,3803.05,3804,308,
2024-04-24 10:44:00+05:30,3804,3805.2,3803,3805.2,316,
2024-04-24 10:45:00+05:30,3805.2,3805.2,3802,3803.85,372,
2024-04-24 10:46:00+05:30,3803.85,3803.85,3800,3800,1736,
2024-04-24 10:47:00+05:30,3800,3802,3800,3800.6,654,
2024-04-24 10:48:00+05:30,3800.6,3801.35,3799.05,3800.55,1004,
2024-04-24 10:49:00+05:30,3800,3805,3800,3805,1169,
2024-04-24 10:50:00+05:30,3805,3805.5,3803.7,3804.3,192,
2024-04-24 10:51:00+05:30,3804.3,3804.9,3803,3804.9,404,
2024-04-24 10:52:00+05:30,3804.9,3809.7,3804.9,3807.3,1297,
2024-04-24 10:53:00+05:30,3807.3,3807.5,3805,3805.85,482,
2024-04-24 10:54:00+05:30,3805.85,3805.9,3802,3802.05,697,
2024-04-24 10:55:00+05:30,3802.05,3807,3802.05,3804.55,399,
2024-04-24 10:56:00+05:30,3804.6,3806,3803,3806,459,
2024-04-24 10:57:00+05:30,3807.85,3807.85,3805.05,3807,982,
2024-04-24 10:58:00+05:30,3807.35,3810,3805.35,3810,1606,
2024-04-24 10:59:00+05:30,3810,3810,3805.9,3805.9,787,
2024-04-24 11:00:00+05:30,3805.9,3807.9,3805.75,3807.85,232,
2024-04-24 11:01:00+05:30,3807.85,3807.85,3805,3806.95,336,
2024-04-24 11:02:00+05:30,3806.95,3807.75,3806,3806.3,89,
2024-04-24 11:03:00+05:30,3806.3,3806.3,3803,3804.05,325,
2024-04-24 11:04:00+05:30,3804.05,3804.15,3802.5,3803.9,427,
2024-04-24 11:05:00+05:30,3803.9,3804.1,3802.5,3804,146,
2024-04-24 11:06:00+05:30,3804,3804,3802,3802,1146,
2024-04-24 11:07:00+05:30,3802.05,3805.6,3802.05,3805.6,572,
2024-04-24 11:08:00+05:30,3804.2,3807.15,3804.05,3807.15,497,
2024-04-24 11:09:00+05:30,3807.15,3807.15,3802.85,3802.85,348,
2024-04-24 11:10:00+05:30,3804,3805.35,3802.85,3805.35,266,
2024-04-24 11:11:00+05:30,3805.35,3806.95,3803.6,3805.7,191,
2024-04-24 11:12:00+05:30,3805.7,3808,3805,3807.1,533,
2024-04-24 11:13:00+05:30,3807.1,3807.1,3805,3806.95,196,
2024-04-24 11:14:00+05:30,3805.05,3807.25,3805.05,3806.75,195,
2024-04-24 11:15:00+05:30,3805.45,3806.9,3805.4,3806.8,164,
2024-04-24 11:16:00+05:30,3806.8,3807.25,3805.35,3807.1,1188,
2024-04-24 11:17:00+05:30,3805.4,3807.9,3805.4,3806,323,
2024-04-24 11:18:00+05:30,3806,3806.95,3805,3805.4,337,
2024-04-24 11:19:00+05:30,3805.4,3806.45,3804.9,3806.45,516,
2024-04-24 11:20:00+05:30,3806.45,3807.15,3805.1,3805.35,142,
2024-04-24 11:21:00+05:30,3805.35,3807,3805.35,3805.5,88,
2024-04-24 11:22:00+05:30,3805.5,3807,3805,3805,130,
2024-04-24 11:23:00+05:30,3805,3806.5,3805,3805,220,
2024-04-24 11:24:00+05:30,3805,3806.15,3804.8,3804.8,403,
2024-04-24 11:25:00+05:30,3805.5,3806.9,3804.8,3805,959,
2024-04-24 11:26:00+05:30,3805,3806.85,3805,3805.1,522,
2024-04-24 11:27:00+05:30,3805.1,3806.8,3805,3806.35,56,
2024-04-24 11:28:00+05:30,3806.35,3806.5,3804.95,3806,384,
2024-04-24 11:29:00+05:30,3806,3806,3804.9,3804.95,455,
2024-04-24 11:30:00+05:30,3806.3,3806.3,3804.85,3806,204,
2024-04-24 11:31:00+05:30,3805,3806.3,3804.85,3806.25,972,
2024-04-24 11:32:00+05:30,3806.2,3806.4,3805,3806.4,802,
2024-04-24 11:33:00+05:30,3806.4,3808,3806.25,3808,559,
2024-04-24 11:34:00+05:30,3808,3808,3804.85,3806.95,1359,
2024-04-24 11:35:00+05:30,3806.95,3806.95,3806,3806.95,49,
2024-04-24 11:36:00+05:30,3806.95,3806.95,3805,3805,165,
2024-04-24 11:37:00+05:30,3805,3805.05,3803.1,3805.05,952,
2024-04-24 11:38:00+05:30,3805.05,3805.9,3804.95,3804.95,156,
2024-04-24 11:39:00+05:30,3805.8,3806,3804.95,3806,233,
2024-04-24 11:40:00+05:30,3806,3806,3804.95,3805.6,124,
2024-04-24 11:41:00+05:30,3805.6,3805.6,3804.95,3805.5,90,
2024-04-24 11:42:00+05:30,3805.5,3805.55,3804.9,3805.45,228,
2024-04-24 11:43:00+05:30,3805.45,3805.45,3804.6,3805,674,
2024-04-24 11:44:00+05:30,3805,3806,3804,3806,1963,
2024-04-24 11:45:00+05:30,3806,3806,3805,3805.95,178,
2024-04-24 11:46:00+05:30,3805.95,3806,3805,3805.9,300,
2024-04-24 11:47:00+05:30,3805.9,3805.9,3805,3805.9,313,
2024-04-24 11:48:00+05:30,3806.3,3806.5,3805,3806.5,620,
2024-04-24 11:49:00+05:30,3806.5,3806.5,3805,3805.75,105,
2024-04-24 11:50:00+05:30,3805.75,3805.75,3805,3805.55,81,
2024-04-24 11:51:00+05:30,3805.55,3805.55,3798.9,3803.95,3249,
2024-04-24 11:52:00+05:30,3803.95,3806.9,3803.95,3806.8,2337,
2024-04-24 11:53:00+05:30,3806.8,3808,3806,3807,879,
2024-04-24 11:54:00+05:30,3807.95,3807.95,3805.5,3807.9,726,
2024-04-24 11:55:00+05:30,3806.4,3808,3805,3806.75,698,
2024-04-24 11:56:00+05:30,3806.75,3807,3805,3805.35,121,
2024-04-24 11:57:00+05:30,3805.35,3806.9,3805.1,3805.15,65,
2024-04-24 11:58:00+05:30,3805.15,3806.7,3805.15,3806.65,149,
2024-04-24 11:59:00+05:30,3806.65,3806.65,3805.2,3805.7,172,
2024-04-24 12:00:00+05:30,3806.65,3806.9,3805.7,3805.75,360,
2024-04-24 12:01:00+05:30,3805.75,3806.9,3805.15,3805.15,289,
2024-04-24 12:02:00+05:30,3805.15,3806.85,3805.05,3806.85,65,
2024-04-24 12:03:00+05:30,3805,3806.35,3805,3806,627,
2024-04-24 12:04:00+05:30,3806,3806,3805,3805,81,
2024-04-24 12:05:00+05:30,3805,3805.9,3805,3805,1549,
2024-04-24 12:06:00+05:30,3805,3805.8,3805,3805.8,336,
2024-04-24 12:07:00+05:30,3805.8,3805.8,3804,3805,2828,
2024-04-24 12:08:00+05:30,3805,3806,3805,3805,375,
2024-04-24 12:09:00+05:30,3805,3805.75,3805,3805,186,
2024-04-24 12:10:00+05:30,3805,3805.05,3805,3805,167,
2024-04-24 12:11:00+05:30,3805,3806.9,3805,3805.5,342,
2024-04-24 12:12:00+05:30,3805.5,3806.9,3805,3805,353,
2024-04-24 12:13:00+05:30,3805,3806.5,3805,3806,352,
2024-04-24 12:14:00+05:30,3806,3806,3805,3805.85,562,
2024-04-24 12:15:00+05:30,3805,3805.4,3805,3805.05,422,
2024-04-24 12:16:00+05:30,3805.05,3805.2,3805,3805.1,104,
2024-04-24 12:17:00+05:30,3805.1,3806,3804.55,3806,752,
2024-04-24 12:18:00+05:30,3806,3806,3804.55,3804.9,206,
2024-04-24 12:19:00+05:30,3804.9,3806.4,3804.55,3804.55,333,
2024-04-24 12:20:00+05:30,3804.55,3806.3,3804.55,3804.6,363,
2024-04-24 12:21:00+05:30,3804.6,3805.95,3803,3804.45,3435,
2024-04-24 12:22:00+05:30,3804.45,3805,3803,3805,1334,
2024-04-24 12:23:00+05:30,3805,3805.55,3805,3805,440,
2024-04-24 12:24:00+05:30,3805.4,3805.4,3803.25,3803.25,1516,
2024-04-24 12:25:00+05:30,3803.25,3805,3803.25,3805,351,
2024-04-24 12:26:00+05:30,3805,3805.9,3803.85,3804.95,32,
2024-04-24 12:27:00+05:30,3804.95,3806,3804.85,3805,290,
2024-04-24 12:28:00+05:30,3805,3806,3805,3805.05,51,
2024-04-24 12:29:00+05:30,3805.05,3806,3805,3805.5,1306,
2024-04-24 12:30:00+05:30,3805.5,3806,3805,3805,457,
2024-04-24 12:31:00+05:30,3805,3805.5,3805,3805,133,
2024-04-24 12:32:00+05:30,3805,3805,3804.2,3804.2,412,
2024-04-24 12:33:00+05:30,3804.2,3804.55,3804.2,3804.2,245,
2024-04-24 12:34:00+05:30,3804.2,3804.25,3804,3804,512,
2024-04-24 12:35:00+05:30,3804,3804.05,3803,3803.05,245,
2024-04-24 12:36:00+05:30,3803.05,3803.45,3802.05,3803,1022,
2024-04-24 12:37:00+05:30,3803,3804.2,3803,3803.05,348,
2024-04-24 12:38:00+05:30,3803.05,3805,3803.05,3805,55,
2024-04-24 12:39:00+05:30,3805,3805,3803,3803.35,296,
2024-04-24 12:40:00+05:30,3803.35,3805,3803,3803.15,138,
2024-04-24 12:41:00+05:30,3803.15,3804.95,3803,3803,40,
2024-04-24 12:42:00+05:30,3804,3804,3803,3803.05,65,
2024-04-24 12:43:00+05:30,3803.05,3803.55,3803.05,3803.05,114,
2024-04-24 12:44:00+05:30,3803.45,3804.95,3803,3804.95,611,
2024-04-24 12:45:00+05:30,3804.95,3805.8,3804,3805.4,207,
2024-04-24 12:46:00+05:30,3805.4,3805.4,3804,3804,51,
2024-04-24 12:47:00+05:30,3804,3805.8,3804,3805,668,
2024-04-24 12:48:00+05:30,3805,3805.5,3804,3805.5,338,
2024-04-24 12:49:00+05:30,3805.5,3805.5,3804,3805,688,
2024-04-24 12:50:00+05:30,3805,3805.9,3804.5,3804.5,600,
2024-04-24 12:51:00+05:30,3804.5,3806.1,3804,3804.4,989,
2024-04-24 12:52:00+05:30,3804,3804.4,3804,3804.15,126,
2024-04-24 12:53:00+05:30,3804,3804.75,3803,3804,2933,
2024-04-24 12:54:00+05:30,3804,3805.9,3804,3804.5,669,
2024-04-24 12:55:00+05:30,3804.5,3805.75,3804.5,3804.5,351,
2024-04-24 12:56:00+05:30,3805,3805.4,3805,3805,186,
2024-04-24 12:57:00+05:30,3805,3805.4,3805,3805,286,
2024-04-24 12:58:00+05:30,3805,3805.4,3804.5,3804.5,342,
2024-04-24 12:59:00+05:30,3804.5,3805.7,3804,3804.4,848,
2024-04-24 13:00:00+05:30,3804.4,3805.4,3804,3804.85,876,
2024-04-24 13:01:00+05:30,3804,3805.3,3803.5,3804,358,
2024-04-24 13:02:00+05:30,3804,3804.25,3804,3804,149,
2024-04-24 13:03:00+05:30,3804,3805.7,3804,3805.65,181,
2024-04-24 13:04:00+05:30,3805.75,3805.75,3804.6,3805.1,373,
2024-04-24 13:05:00+05:30,3805.1,3805.1,3804,3804.5,505,
2024-04-24 13:06:00+05:30,3804.5,3805.75,3804,3805,144,
2024-04-24 13:07:00+05:30,3805,3805.15,3804.5,3804.5,464,
2024-04-24 13:08:00+05:30,3804.5,3805.8,3804.5,3805.35,447,
2024-04-24 13:09:00+05:30,3805.35,3805.35,3804.5,3804.5,395,
2024-04-24 13:10:00+05:30,3804.5,3804.95,3804.5,3804.95,352,
2024-04-24 13:11:00+05:30,3804.95,3804.95,3804,3804.2,700,
2024-04-24 13:12:00+05:30,3804.2,3804.3,3803,3804.2,1259,
2024-04-24 13:13:00+05:30,3804,3804.65,3804,3804.65,216,
2024-04-24 13:14:00+05:30,3804.65,3810,3804.65,3810,2744,
2024-04-24 13:15:00+05:30,3810,3816,3810,3815.65,6538,
2024-04-24 13:16:00+05:30,3815.4,3823.2,3815.05,3822,7867,
2024-04-24 13:17:00+05:30,3823.15,3823.95,3819.1,3820.95,2342,
2024-04-24 13:18:00+05:30,3820.95,3821,3811,3811,3167,
2024-04-24 13:19:00+05:30,3811.2,3816.2,3811.2,3814.7,1889,
2024-04-24 13:20:00+05:30,3814.7,3814.75,3812.8,3814.75,474,
2024-04-24 13:21:00+05:30,3814.75,3814.75,3813.15,3814.5,367,
2024-04-24 13:22:00+05:30,3814.5,3814.6,3812.45,3812.5,1020,
2024-04-24 13:23:00+05:30,3812.5,3814.1,3810.3,3811.65,713,
2024-04-24 13:24:00+05:30,3811.65,3812,3804.65,3804.65,2659,
2024-04-24 13:25:00+05:30,3804.65,3807.2,3802.05,3802.05,16641,
2024-04-24 13:26:00+05:30,3804.35,3805.15,3802,3805,26835,
2024-04-24 13:27:00+05:30,3805,3806,3805,3805,706,
2024-04-24 13:28:00+05:30,3805,3807.95,3805,3807.95,412,
2024-04-24 13:29:00+05:30,3807.95,3809,3806.2,3807.2,253,
2024-04-24 13:30:00+05:30,3807.2,3807.2,3805,3805,483,
2024-04-24 13:31:00+05:30,3805,3807.95,3805,3807.95,496,
2024-04-24 13:32:00+05:30,3808,3808.5,3805,3805,370,
2024-04-24 13:33:00+05:30,3805,3807.3,3805,3805,267,
2024-04-24 13:34:00+05:30,3805,3806.05,3805,3805,250,
2024-04-24 13:35:00+05:30,3805,3805.1,3801.25,3801.25,2851,
2024-04-24 13:36:00+05:30,3802.6,3803,3801,3801,385,
2024-04-24 13:37:00+05:30,3801,3806.95,3801,3806.45,796,
2024-04-24 13:38:00+05:30,3806.45,3807,3805,3805.95,254,
2024-04-24 13:39:00+05:30,3805.95,3807.3,3805,3807.3,304,
2024-04-24 13:40:00+05:30,3807.3,3808,3806,3807,274,
2024-04-24 13:41:00+05:30,3807,3807.95,3805,3806,336,
2024-04-24 13:42:00+05:30,3806,3807.85,3805.55,3807,51,
2024-04-24 13:43:00+05:30,3807,3813.7,3807,3810.1,971,
2024-04-24 13:44:00+05:30,3810.1,3810.5,3810,3810.1,79,
2024-04-24 13:45:00+05:30,3810.1,3811.2,3810,3810.55,257,
2024-04-24 13:46:00+05:30,3810.55,3810.55,3808.1,3808.75,190,
2024-04-24 13:47:00+05:30,3808.75,3810,3808.1,3808.95,141,
2024-04-24 13:48:00+05:30,3808.9,3809.9,3807,3809.9,190,
2024-04-24 13:49:00+05:30,3809.9,3810,3807.7,3807.95,113,
2024-04-24 13:50:00+05:30,3807.95,3809,3805.55,3808.45,432,
2024-04-24 13:51:00+05:30,3808.45,3810,3807.05,3809.95,426,
2024-04-24 13:52:00+05:30,3808,3810.95,3807.75,3808.1,803,
2024-04-24 13:53:00+05:30,3808.1,3810,3808.1,3808.5,127,
2024-04-24 13:54:00+05:30,3808.55,3809.95,3807,3807,515,
2024-04-24 13:55:00+05:30,3807,3808.2,3805,3805,584,
2024-04-24 13:56:00+05:30,3805,3807.6,3805,3805.05,318,
2024-04-24 13:57:00+05:30,3805,3807.3,3805,3805,335,
2024-04-24 13:58:00+05:30,3805,3808,3805,3805,580,
2024-04-24 13:59:00+05:30,3805,3807.95,3805,3805.05,380,
2024-04-24 14:00:00+05:30,3805,3809.15,3805,3807,1641,
2024-04-24 14:01:00+05:30,3807.2,3809.15,3807,3807,137,
2024-04-24 14:02:00+05:30,3807,3808.8,3807,3807,283,
2024-04-24 14:03:00+05:30,3807,3807.05,3807,3807,180,
2024-04-24 14:04:00+05:30,3807,3807.05,3805,3805,550,
2024-04-24 14:05:00+05:30,3805,3806.9,3805,3805,489,
2024-04-24 14:06:00+05:30,3805,3805.55,3805,3805,272,
2024-04-24 14:07:00+05:30,3805,3807,3805,3805.05,215,
2024-04-24 14:08:00+05:30,3805.05,3806,3805,3805,450,
2024-04-24 14:09:00+05:30,3805,3805.05,3805,3805,409,
2024-04-24 14:10:00+05:30,3805,3805.9,3804,3805.9,3387,
2024-04-24 14:11:00+05:30,3805,3806.85,3805,3806,291,
2024-04-24 14:12:00+05:30,3806,3807.9,3806,3806,367,
2024-04-24 14:13:00+05:30,3806,3806.65,3806,3806,159,
2024-04-24 14:14:00+05:30,3806,3808.5,3806,3806.05,667,
2024-04-24 14:15:00+05:30,3806.05,3808,3806,3806.55,222,
2024-04-24 14:16:00+05:30,3806,3807.85,3805,3805.1,434,
2024-04-24 14:17:00+05:30,3805,3806.4,3805,3805,108,
2024-04-24 14:18:00+05:30,3805,3806.75,3805,3805,312,
2024-04-24 14:19:00+05:30,3805,3807,3805,3805.25,700,
2024-04-24 14:20:00+05:30,3805.25,3809.95,3805.05,3809.35,429,
2024-04-24 14:21:00+05:30,3808.1,3810.35,3806.7,3807.05,902,
2024-04-24 14:22:00+05:30,3807.05,3809.25,3806,3806.3,458,
2024-04-24 14:23:00+05:30,3805.05,3806.3,3805,3805,315,
2024-04-24 14:24:00+05:30,3805,3806.95,3805,3805.05,165,
2024-04-24 14:25:00+05:30,3805.05,3806.55,3805,3805.9,412,
2024-04-24 14:26:00+05:30,3805,3805.9,3805,3805.05,429,
2024-04-24 14:27:00+05:30,3805,3805.05,3804.8,3805,1866,
2024-04-24 14:28:00+05:30,3805,3806.35,3805,3805,410,
2024-04-24 14:29:00+05:30,3805,3805.65,3804.8,3805.6,118,
2024-04-24 14:30:00+05:30,3804.8,3806.25,3804.75,3805.5,418,
2024-04-24 14:31:00+05:30,3805.5,3805.85,3804.5,3805.3,2441,
2024-04-24 14:32:00+05:30,3804.55,3805.7,3804.55,3805,343,
2024-04-24 14:33:00+05:30,3805,3805.4,3803,3803,8250,
2024-04-24 14:34:00+05:30,3803,3805.45,3800.2,3805,6782,
2024-04-24 14:35:00+05:30,3805,3805.2,3802.7,3803.7,2397,
2024-04-24 14:36:00+05:30,3803.8,3804.5,3788,3789.75,4172,
2024-04-24 14:37:00+05:30,3789.7,3792,3788,3790.05,640,
2024-04-24 14:38:00+05:30,3788.05,3791.15,3788.05,3790,747,
2024-04-24 14:39:00+05:30,3790,3800.3,3790,3798.45,4270,
2024-04-24 14:40:00+05:30,3798.45,3800.4,3798.05,3800,1371,
2024-04-24 14:41:00+05:30,3800,3800.65,3800,3800.35,687,
2024-04-24 14:42:00+05:30,3800,3801.6,3800,3800,425,
2024-04-24 14:43:00+05:30,3800,3800.8,3800,3800,252,
2024-04-24 14:44:00+05:30,3800,3801.5,3800,3800.3,465,
2024-04-24 14:45:00+05:30,3800.2,3801.7,3800.15,3800.15,335,
2024-04-24 14:46:00+05:30,3800.15,3801.5,3800,3800,136,
2024-04-24 14:47:00+05:30,3800,3801.1,3800,3800,2296,
2024-04-24 14:48:00+05:30,3800,3800.55,3800,3800,1194,
2024-04-24 14:49:00+05:30,3800,3800.5,3800,3800.4,1511,
2024-04-24 14:50:00+05:30,3800,3802.65,3800,3800.1,1091,
2024-04-24 14:51:00+05:30,3800.1,3802.9,3800,3800,490,
2024-04-24 14:52:00+05:30,3800,3801.8,3800,3800,250,
2024-04-24 14:53:00+05:30,3800,3801,3800,3800.85,126,
2024-04-24 14:54:00+05:30,3801,3810.6,3800,3810.6,2625,
2024-04-24 14:55:00+05:30,3810.6,3814.95,3809.55,3813.55,4401,
2024-04-24 14:56:00+05:30,3813.25,3814.3,3811.35,3812.5,2001,
2024-04-24 14:57:00+05:30,3814.05,3814.25,3811.25,3811.75,4876,
2024-04-24 14:58:00+05:30,3811.75,3812.95,3810.65,3812.45,919,
2024-04-24 14:59:00+05:30,3812.45,3813,3811,3812.6,903,
2024-04-24 15:00:00+05:30,3812,3812.9,3810.1,3812.8,3723,
2024-04-24 15:01:00+05:30,3812.9,3816.45,3812.05,3815,7768,
2024-04-24 15:02:00+05:30,3815,3815.5,3815,3815,962,
2024-04-24 15:03:00+05:30,3815.05,3815.4,3815,3815,2534,
2024-04-24 15:04:00+05:30,3815,3815.05,3815,3815.05,917,
2024-04-24 15:05:00+05:30,3815,3815.05,3815,3815,3111,
2024-04-24 15:06:00+05:30,3815,3815.05,3815,3815,1633,
2024-04-24 15:07:00+05:30,3815.05,3817.75,3815,3815.3,2178,
2024-04-24 15:08:00+05:30,3815.6,3816.9,3815,3815.15,695,
2024-04-24 15:09:00+05:30,3815,3818.55,3815,3816.05,3291,
2024-04-24 15:10:00+05:30,3816,3816.7,3815,3815,1855,
2024-04-24 15:11:00+05:30,3815,3815.65,3811.75,3811.75,4049,
2024-04-24 15:12:00+05:30,3811.8,3811.8,3808.05,3810,2519,
2024-04-24 15:13:00+05:30,3810,3815.85,3810,3815.05,5255,
2024-04-24 15:14:00+05:30,3815.05,3815.85,3815,3815,1456,
2024-04-24 15:15:00+05:30,3815.05,3815.8,3811,3811,1229,
2024-04-24 15:16:00+05:30,3811.55,3811.85,3808.05,3808.8,1245,
2024-04-24 15:17:00+05:30,3808.8,3808.8,3807.05,3807.05,1002,
2024-04-24 15:18:00+05:30,3807.05,3807.5,3803.2,3803.55,3546,
2024-04-24 15:19:00+05:30,3803.55,3805,3803.5,3803.55,1062,
2024-04-24 15:20:00+05:30,3803.55,3813,3803.55,3810.55,6398,
2024-04-24 15:21:00+05:30,3810.55,3812.4,3810,3811.9,1044,
2024-04-24 15:22:00+05:30,3813.7,3815,3812.4,3815,2280,
2024-04-24 15:23:00+05:30,3815,3815.55,3815,3815.1,2947,
2024-04-24 15:24:00+05:30,3815,3815.65,3815,3815,4990,
2024-04-24 15:25:00+05:30,3815,3816.25,3811.6,3815.35,3525,
2024-04-24 15:26:00+05:30,3815.95,3816.45,3814.35,3815.35,6102,
2024-04-24 15:27:00+05:30,3815.35,3815.75,3815.35,3815.6,2479,
2024-04-24 15:28:00+05:30,3815.6,3815.6,3815.35,3815.35,3043,
2024-04-24 15:29:00+05:30,3815.45,3818,3815.35,3817,14048,
2024-04-25 09:15:00+05:30,3834,3834.2,3813.85,3823.2,4456,
2024-04-25 09:16:00+05:30,3825,3826.6,3818.55,3825.65,3979,
2024-04-25 09:17:00+05:30,3822.25,3832.5,3822.25,3829.9,5656,
2024-04-25 09:18:00+05:30,3833,3839.7,3830,3838,9268,
2024-04-25 09:19:00+05:30,3835.75,3839.45,3832.5,3837.55,5298,
2024-04-25 09:20:00+05:30,3837.55,3841.2,3828.85,3828.85,7457,
2024-04-25 09:21:00+05:30,3828.85,3830,3827.75,3828,2188,
2024-04-25 09:22:00+05:30,3827,3828.5,3821.3,3824,3959,
2024-04-25 09:23:00+05:30,3824,3824,3820.95,3824,607,
2024-04-25 09:24:00+05:30,3824,3824,3820.25,3823,2380,
2024-04-25 09:25:00+05:30,3823.05,3824.25,3820.25,3820.5,1763,
2024-04-25 09:26:00+05:30,3820.5,3824,3820.5,3823.35,1617,
2024-04-25 09:27:00+05:30,3823,3826.6,3822.05,3824.3,1509,
2024-04-25 09:28:00+05:30,3824.3,3826.05,3820.5,3821.95,3029,
2024-04-25 09:29:00+05:30,3821.95,3824.1,3817,3817,352,
2024-04-25 09:30:00+05:30,3819.6,3819.75,3806.05,3808.05,5057,
2024-04-25 09:31:00+05:30,3809.3,3809.6,3805,3805.15,1582,
2024-04-25 09:32:00+05:30,3805.95,3806,3801.75,3805.2,1708,
2024-04-25 09:33:00+05:30,3805.2,3807,3804.7,3806,956,
2024-04-25 09:34:00+05:30,3807.05,3809,3807.05,3808.5,0,
2024-04-25 09:35:00+05:30,3817.7,3819.45,3816,3818.8,3421,
2024-04-25 09:36:00+05:30,3818.8,3820.7,3816.95,3819.65,1130,
2024-04-25 09:37:00+05:30,3819.65,3822.45,3819.65,3821.7,1782,
2024-04-25 09:38:00+05:30,3821.7,3824.7,3820.55,3821.55,978,
2024-04-25 09:39:00+05:30,3821.55,3823,3820,3820.7,620,
2024-04-25 09:40:00+05:30,3820.7,3822.1,3820,3822,1130,
2024-04-25 09:41:00+05:30,3822,3822.9,3820.9,3822.9,935,
2024-04-25 09:42:00+05:30,3822.9,3824.7,3820.25,3822.95,2326,
2024-04-25 09:43:00+05:30,3822.95,3825,3822.15,3823,1544,
2024-04-25 09:44:00+05:30,3823,3825.1,3822.2,3824.1,835,
2024-04-25 09:45:00+05:30,3822.5,3823.9,3818.2,3820,1555,
2024-04-25 09:46:00+05:30,3820,3824.2,3820,3821.95,2490,
2024-04-25 09:47:00+05:30,3821.95,3822,3818.7,3818.85,991,
2024-04-25 09:48:00+05:30,3818.85,3820,3809.05,3812.9,2884,
2024-04-25 09:49:00+05:30,3813.45,3815.45,3811.15,3814.45,915,
2024-04-25 09:50:00+05:30,3814.45,3816.05,3813.5,3813.5,988,
2024-04-25 09:51:00+05:30,3815,3817.35,3813.55,3816.85,1464,
2024-04-25 09:52:00+05:30,3816.85,3817.7,3815.5,3816.2,537,
2024-04-25 09:53:00+05:30,3817.55,3818.1,3815.5,3815.85,595,
2024-04-25 09:54:00+05:30,3815.85,3817.4,3814.6,3816.8,2356,
2024-04-25 09:55:00+05:30,3816.8,3817.65,3814.5,3817.65,2890,
2024-04-25 09:56:00+05:30,3817.65,3820.8,3815.55,3818.95,6796,
2024-04-25 09:57:00+05:30,3817.4,3820.75,3816.05,3820.15,3707,
2024-04-25 09:58:00+05:30,3820,3822.7,3818.9,3822.6,1534,
2024-04-25 09:59:00+05:30,3820.65,3823.7,3819.05,3819.1,2330,
2024-04-25 10:00:00+05:30,3819.1,3823.2,3819.1,3822,2480,
2024-04-25 10:01:00+05:30,3822,3822.5,3819.3,3820,1341,
2024-04-25 10:02:00+05:30,3820.9,3822.5,3820,3822.5,1329,
2024-04-25 10:03:00+05:30,3823,3823.55,3819,3821.05,1584,
2024-04-25 10:04:00+05:30,3821.05,3821.25,3819,3820.1,2226,
2024-04-25 10:05:00+05:30,3820,3822.5,3819.45,3821.4,2258,
2024-04-25 10:06:00+05:30,3821.6,3822.5,3820.4,3822,611,
2024-04-25 10:07:00+05:30,3822,3823.65,3819.9,3819.9,1395,
2024-04-25 10:08:00+05:30,3821.8,3823.5,3820.45,3823.3,408,
2024-04-25 10:09:00+05:30,3823.3,3823.7,3821.15,3823.7,1747,
2024-04-25 10:10:00+05:30,3823.7,3828.4,3823.7,3826.95,3510,
2024-04-25 10:11:00+05:30,3827.2,3827.8,3823.55,3825.9,1400,
2024-04-25 10:12:00+05:30,3825.9,3827.05,3818.6,3819.85,1644,
2024-04-25 10:13:00+05:30,3819.85,3827.5,3819.85,3827.5,1051,
2024-04-25 10:14:00+05:30,3827.5,3828.6,3825.2,3828.6,2221,
2024-04-25 10:15:00+05:30,3828.6,3828.6,3822.65,3826.65,1531,
2024-04-25 10:16:00+05:30,3826.65,3827.5,3823.6,3827.4,817,
2024-04-25 10:17:00+05:30,3827.4,3828,3820.7,3823.8,1220,
2024-04-25 10:18:00+05:30,3823.9,3828,3823.05,3827.75,1724,
2024-04-25 10:19:00+05:30,3827.95,3828,3821.85,3826.85,1053,
2024-04-25 10:20:00+05:30,3826.35,3827,3821.45,3825.3,1209,
2024-04-25 10:21:00+05:30,3825.4,3825.4,3821.35,3823.4,1658,
2024-04-25 10:22:00+05:30,3823.9,3824.8,3821.65,3823.55,1068,
2024-04-25 10:23:00+05:30,3823.55,3823.75,3821.4,3823.35,1306,
2024-04-25 10:24:00+05:30,3823.35,3823.35,3810.5,3812,3308,
2024-04-25 10:25:00+05:30,3812,3814.4,3810.5,3814.35,984,
2024-04-25 10:26:00+05:30,3814.3,3815,3810.5,3815,1689,
2024-04-25 10:27:00+05:30,3815,3815.5,3812.2,3813.95,902,
2024-04-25 10:28:00+05:30,3813.95,3814.5,3805.6,3809.9,5592,
2024-04-25 10:29:00+05:30,3810,3812,3809.95,3812,481,
2024-04-25 10:30:00+05:30,3811.55,3814.8,3811.3,3814.8,1041,
2024-04-25 10:31:00+05:30,3814.8,3814.8,3811.4,3814,441,
2024-04-25 10:32:00+05:30,3814.2,3814.75,3811.9,3813.9,428,
2024-04-25 10:33:00+05:30,3813.9,3813.9,3811.75,3812.1,273,
2024-04-25 10:34:00+05:30,3812.1,3813.8,3810.05,3812.75,704,
2024-04-25 10:35:00+05:30,3812.85,3814.95,3810.1,3814.95,1087,
2024-04-25 10:36:00+05:30,3814.95,3814.95,3810,3812.25,807,
2024-04-25 10:37:00+05:30,3812.25,3813.9,3812.25,3813.8,412,
2024-04-25 10:38:00+05:30,3813.8,3813.8,3807.5,3810,967,
2024-04-25 10:39:00+05:30,3809.75,3810,3805.45,3807.65,1054,
2024-04-25 10:40:00+05:30,3806.5,3808.35,3805,3807.85,1051,
2024-04-25 10:41:00+05:30,3807.85,3808.8,3804,3804.65,1314,
2024-04-25 10:42:00+05:30,3804.65,3808.75,3803.2,3808,1157,
2024-04-25 10:43:00+05:30,3808,3808.75,3805.15,3807.95,954,
2024-04-25 10:44:00+05:30,3807.9,3807.9,3805.5,3807,372,
2024-04-25 10:45:00+05:30,3807,3807.9,3804.35,3805,1046,
2024-04-25 10:46:00+05:30,3805,3806.7,3802.2,3805.5,893,
2024-04-25 10:47:00+05:30,3805,3805.65,3801.25,3805.15,1003,
2024-04-25 10:48:00+05:30,3805.15,3805.15,3796.55,3799,2167,
2024-04-25 10:49:00+05:30,3799.3,3799.6,3791.2,3795.3,4692,
2024-04-25 10:50:00+05:30,3795.55,3799,3792.75,3799,1246,
2024-04-25 10:51:00+05:30,3799,3799,3792.45,3798.9,2539,
2024-04-25 10:52:00+05:30,3798.9,3798.95,3790.55,3793,1327,
2024-04-25 10:53:00+05:30,3793,3799.9,3792.1,3797,2110,
2024-04-25 10:54:00+05:30,3797,3813.7,3797,3813.7,4563,
2024-04-25 10:55:00+05:30,3813.6,3819.25,3808.7,3808.7,5083,
2024-04-25 10:56:00+05:30,3812.95,3816.8,3809.35,3816,1826,
2024-04-25 10:57:00+05:30,3817,3817.9,3811,3813.6,1575,
2024-04-25 10:58:00+05:30,3813.6,3816,3810.8,3814,1793,
2024-04-25 10:59:00+05:30,3815,3817.2,3810.15,3811.3,2905,
2024-04-25 11:00:00+05:30,3810.55,3814.75,3810.2,3810.2,788,
2024-04-25 11:01:00+05:30,3810.2,3815,3808.5,3811.6,3582,
2024-04-25 11:02:00+05:30,3811.6,3815,3809.9,3815,5387,
2024-04-25 11:03:00+05:30,3812.8,3820.2,3811,3817.55,7430,
2024-04-25 11:04:00+05:30,3817.55,3820.8,3817.55,3820.8,1829,
2024-04-25 11:05:00+05:30,3820.8,3821.25,3818.7,3818.7,2117,
2024-04-25 11:06:00+05:30,3818.7,3822,3818.7,3821,531,
2024-04-25 11:07:00+05:30,3821,3824.7,3820.4,3821.85,2513,
2024-04-25 11:08:00+05:30,3824.85,3828,3824.45,3828,1714,
2024-04-25 11:09:00+05:30,3828,3830.2,3825.85,3828.3,2466,
2024-04-25 11:10:00+05:30,3828.05,3830,3826.6,3826.6,1428,
2024-04-25 11:11:00+05:30,3826.45,3828.9,3824.55,3828.3,1475,
2024-04-25 11:12:00+05:30,3828.3,3829.05,3824.7,3826.55,492,
2024-04-25 11:13:00+05:30,3826.55,3827,3823.25,3824.25,1423,
2024-04-25 11:14:00+05:30,3824.25,3827,3823.5,3825.65,1622,
2024-04-25 11:15:00+05:30,3825.65,3826.35,3820.05,3824.65,2493,
2024-04-25 11:16:00+05:30,3824.65,3824.65,3816,3820.25,2842,
2024-04-25 11:17:00+05:30,3820.25,3821.9,3815.05,3817,1281,
2024-04-25 11:18:00+05:30,3817,3823.8,3817,3823.75,401,
2024-04-25 11:19:00+05:30,3824,3824,3819.2,3820.9,1049,
2024-04-25 11:20:00+05:30,3820.9,3820.9,3816.4,3819.45,565,
2024-04-25 11:21:00+05:30,3818.65,3819.4,3816.15,3816.25,615,
2024-04-25 11:22:00+05:30,3816.25,3824,3814.7,3823.6,2830,
2024-04-25 11:23:00+05:30,3823.6,3825,3822.75,3823.05,435,
2024-04-25 11:24:00+05:30,3823.05,3825.75,3821.8,3824.2,436,
2024-04-25 11:25:00+05:30,3824.2,3826.55,3824.2,3824.8,930,
2024-04-25 11:26:00+05:30,3824.8,3826.75,3824.05,3826.75,439,
2024-04-25 11:27:00+05:30,3826.75,3829.2,3826.75,3828.9,760,
2024-04-25 11:28:00+05:30,3828.9,3830,3825.05,3825.05,1693,
2024-04-25 11:29:00+05:30,3825.05,3827.35,3825.05,3827.35,271,
2024-04-25 11:30:00+05:30,3827.35,3827.35,3823.55,3825.35,1183,
2024-04-25 11:31:00+05:30,3825.35,3826.15,3823.15,3825.85,174,
2024-04-25 11:32:00+05:30,3825.85,3825.85,3822.1,3822.75,212,
2024-04-25 11:33:00+05:30,3822.75,3824.75,3822.7,3824.75,159,
2024-04-25 11:34:00+05:30,3824.75,3827.75,3824.75,3825.95,522,
2024-04-25 11:35:00+05:30,3827.9,3828.35,3826.2,3826.5,129,
2024-04-25 11:36:00+05:30,3826.5,3829,3826.5,3829,169,
2024-04-25 11:37:00+05:30,3829,3829,3825,3828.95,2722,
2024-04-25 11:38:00+05:30,3829,3833.7,3825.65,3833.7,5192,
2024-04-25 11:39:00+05:30,3833.7,3834.9,3831.05,3834.45,1881,
2024-04-25 11:40:00+05:30,3834.45,3843.95,3833.85,3843.7,7679,
2024-04-25 11:41:00+05:30,3843.65,3843.7,3835.2,3838.95,1986,
2024-04-25 11:42:00+05:30,3838.95,3843,3838.65,3843,854,
2024-04-25 11:43:00+05:30,3843,3843,3840,3841,667,
2024-04-25 11:44:00+05:30,3841,3842.3,3840.05,3842,945,
2024-04-25 11:45:00+05:30,3841.05,3846,3841,3846,6769,
2024-04-25 11:46:00+05:30,3844.2,3847.7,3844,3847.6,5898,
2024-04-25 11:47:00+05:30,3847.6,3850.4,3845.5,3848.2,5873,
2024-04-25 11:48:00+05:30,3848.2,3850.3,3848,3848,1827,
2024-04-25 11:49:00+05:30,3848,3857.9,3848,3857.9,6829,
2024-04-25 11:50:00+05:30,3857.9,3857.9,3853,3853.2,1690,
2024-04-25 11:51:00+05:30,3854.65,3856.7,3850.3,3852.7,1796,
2024-04-25 11:52:00+05:30,3852.75,3853,3850,3851.9,1124,
2024-04-25 11:53:00+05:30,3852,3852.5,3850.05,3850.05,535,
2024-04-25 11:54:00+05:30,3850.05,3850.05,3847.65,3850,1712,
2024-04-25 11:55:00+05:30,3850,3850,3847,3848.05,1992,
2024-04-25 11:56:00+05:30,3848.05,3848.05,3844.3,3845.2,814,
2024-04-25 11:57:00+05:30,3845.2,3845.2,3842,3843.8,1192,
2024-04-25 11:58:00+05:30,3843.8,3843.8,3841.2,3842.75,533,
2024-04-25 11:59:00+05:30,3842.75,3843.35,3840.05,3841.95,1830,
2024-04-25 12:00:00+05:30,3841.95,3844.95,3841.05,3844.95,882,
2024-04-25 12:01:00+05:30,3845,3846.35,3843.75,3845,460,
2024-04-25 12:02:00+05:30,3845,3847.4,3842.45,3845.3,1147,
2024-04-25 12:03:00+05:30,3845.3,3849,3842.8,3844.7,2188,
2024-04-25 12:04:00+05:30,3842.2,3847.65,3842,3845.75,1156,
2024-04-25 12:05:00+05:30,3847.95,3847.95,3845.05,3846.3,716,
2024-04-25 12:06:00+05:30,3846.3,3847.45,3844.1,3845.2,589,
2024-04-25 12:07:00+05:30,3845.2,3845.2,3843.4,3845,279,
2024-04-25 12:08:00+05:30,3845,3847,3844,3845.6,761,
2024-04-25 12:09:00+05:30,3845.7,3845.7,3839.65,3839.65,1794,
2024-04-25 12:10:00+05:30,3839.65,3840.95,3838.7,3839.5,1122,
2024-04-25 12:11:00+05:30,3839.4,3840.25,3836.5,3838.65,926,
2024-04-25 12:12:00+05:30,3839.65,3839.65,3835,3838,1653,
2024-04-25 12:13:00+05:30,3837.65,3840.85,3835,3838.05,2201,
2024-04-25 12:14:00+05:30,3838.05,3845.4,3838.05,3845.4,1829,
2024-04-25 12:15:00+05:30,3846,3849,3845.05,3848.2,1272,
2024-04-25 12:16:00+05:30,3848.2,3848.2,3847,3848.2,281,
2024-04-25 12:17:00+05:30,3848.2,3848.2,3846.9,3846.9,250,
2024-04-25 12:18:00+05:30,3846.9,3847.65,3842.85,3847.65,686,
2024-04-25 12:19:00+05:30,3847.65,3847.9,3845.2,3847.7,475,
2024-04-25 12:20:00+05:30,3847.6,3849.95,3845.8,3849.95,1511,
2024-04-25 12:21:00+05:30,3849.95,3849.95,3842.5,3843.95,381,
2024-04-25 12:22:00+05:30,3843.95,3844,3842.45,3843.75,365,
2024-04-25 12:23:00+05:30,3843.75,3843.8,3838.5,3839.7,421,
2024-04-25 12:24:00+05:30,3839.7,3844.95,3836.65,3844.95,2286,
2024-04-25 12:25:00+05:30,3845.85,3850.95,3844.7,3850.9,4136,
2024-04-25 12:26:00+05:30,3850.9,3852.85,3847.55,3849.65,1508,
2024-04-25 12:27:00+05:30,3851.7,3854.7,3849.55,3854.7,1210,
2024-04-25 12:28:00+05:30,3854.7,3854.7,3850.85,3850.9,473,
2024-04-25 12:29:00+05:30,3852,3852,3850,3851.9,920,
2024-04-25 12:30:00+05:30,3851.7,3853.15,3850.1,3852.1,855,
2024-04-25 12:31:00+05:30,3852.1,3859.6,3851.25,3856,4955,
2024-04-25 12:32:00+05:30,3856,3856.65,3851.8,3854.1,875,
2024-04-25 12:33:00+05:30,3854.25,3854.9,3851.05,3852.75,1193,
2024-04-25 12:34:00+05:30,3852.75,3853.45,3849.8,3850,424,
2024-04-25 12:35:00+05:30,3850.05,3851.15,3845.3,3846.8,695,
2024-04-25 12:36:00+05:30,3846.8,3848,3845.2,3845.2,196,
2024-04-25 12:37:00+05:30,3846.4,3846.4,3842.85,3844.45,582,
2024-04-25 12:38:00+05:30,3844.85,3850.3,3842.65,3850.3,773,
2024-04-25 12:39:00+05:30,3850.6,3852,3849.5,3850.45,529,
2024-04-25 12:40:00+05:30,3849.9,3850,3846.6,3847.65,387,
2024-04-25 12:41:00+05:30,3847.65,3847.65,3845.65,3845.65,321,
2024-04-25 12:42:00+05:30,3845.65,3849.05,3844.05,3849.05,641,
2024-04-25 12:43:00+05:30,3849,3850.75,3846.65,3848.35,692,
2024-04-25 12:44:00+05:30,3848.35,3850,3846.65,3849.2,275,
2024-04-25 12:45:00+05:30,3847.8,3848,3844.55,3844.55,486,
2024-04-25 12:46:00+05:30,3844.55,3846.75,3844,3845,323,
2024-04-25 12:47:00+05:30,3845.35,3845.6,3842.25,3844.2,468,
2024-04-25 12:48:00+05:30,3842.65,3844.2,3840,3841.55,405,
2024-04-25 12:49:00+05:30,3841.1,3841.1,3839.9,3839.9,474,
2024-04-25 12:50:00+05:30,3840.3,3846.5,3838.45,3845.95,2074,
2024-04-25 12:51:00+05:30,3845.95,3848.5,3844.5,3846.95,1164,
2024-04-25 12:52:00+05:30,3846.95,3848.15,3842.05,3847.8,855,
2024-04-25 12:53:00+05:30,3847.8,3847.8,3843,3844.45,265,
2024-04-25 12:54:00+05:30,3844.5,3845.95,3843,3843.7,490,
2024-04-25 12:55:00+05:30,3844.35,3845.45,3842,3842.05,586,
2024-04-25 12:56:00+05:30,3843.4,3844.55,3837.2,3837.2,1567,
2024-04-25 12:57:00+05:30,3837.8,3837.8,3834.2,3836.9,2203,
2024-04-25 12:58:00+05:30,3835.75,3839.7,3835.6,3839.7,430,
2024-04-25 12:59:00+05:30,3840,3848.15,3839.5,3847.7,1128,
2024-04-25 13:00:00+05:30,3847.65,3847.65,3842,3847.1,531,
2024-04-25 13:01:00+05:30,3847.1,3849.95,3844.55,3847.5,950,
2024-04-25 13:02:00+05:30,3847.1,3848.85,3840.55,3840.55,1440,
2024-04-25 13:03:00+05:30,3842.05,3850,3839.5,3850,2573,
2024-04-25 13:04:00+05:30,3850,3850,3846.25,3847.3,637,
2024-04-25 13:05:00+05:30,3847.95,3849.85,3845.6,3849.2,248,
2024-04-25 13:06:00+05:30,3849.6,3849.95,3846.15,3848,4357,
2024-04-25 13:07:00+05:30,3848,3858.5,3848,3858.5,6285,
2024-04-25 13:08:00+05:30,3858.2,3858.7,3855,3855.9,688,
2024-04-25 13:09:00+05:30,3855.9,3857.9,3855.65,3856.35,1538,
2024-04-25 13:10:00+05:30,3856.35,3866.9,3856.35,3864.05,9315,
2024-04-25 13:11:00+05:30,3864.05,3865.8,3861.85,3865.75,1447,
2024-04-25 13:12:00+05:30,3864.65,3866.6,3862.05,3866.6,1888,
2024-04-25 13:13:00+05:30,3866.75,3867.8,3864.9,3865.4,1079,
2024-04-25 13:14:00+05:30,3867.45,3869.7,3865.05,3869.7,1219,
2024-04-25 13:15:00+05:30,3869.65,3876.8,3868,3873.95,7560,
2024-04-25 13:16:00+05:30,3874.5,3876.5,3870,3870.9,2517,
2024-04-25 13:17:00+05:30,3871.2,3872.9,3870,3871,1425,
2024-04-25 13:18:00+05:30,3871,3872.9,3870,3871.4,1390,
2024-04-25 13:19:00+05:30,3872.7,3873.4,3870,3870.45,580,
2024-04-25 13:20:00+05:30,3870,3871.35,3870,3870.75,1321,
2024-04-25 13:21:00+05:30,3871.25,3871.3,3861,3861,5566,
2024-04-25 13:22:00+05:30,3862,3869.95,3859.4,3869.05,10406,
2024-04-25 13:23:00+05:30,3869.25,3871.3,3865.1,3866.85,3317,
2024-04-25 13:24:00+05:30,3866.85,3866.85,3860.1,3861.7,607,
2024-04-25 13:25:00+05:30,3862.95,3865.95,3861,3863.2,869,
2024-04-25 13:26:00+05:30,3865,3870.9,3865,3870.6,1889,
2024-04-25 13:27:00+05:30,3870.9,3871.6,3865,3865,1714,
2024-04-25 13:28:00+05:30,3865,3866.9,3865,3865.05,597,
2024-04-25 13:29:00+05:30,3865.5,3867.65,3865,3867.3,670,
2024-04-25 13:30:00+05:30,3866.3,3869.75,3865.7,3867.55,366,
2024-04-25 13:31:00+05:30,3867.6,3869.3,3865.2,3865.35,586,
2024-04-25 13:32:00+05:30,3865.35,3866.85,3865,3865.5,509,
2024-04-25 13:33:00+05:30,3865.45,3867.5,3857,3857,15323,
2024-04-25 13:34:00+05:30,3857,3863.4,3854.2,3856.5,1421,
2024-04-25 13:35:00+05:30,3856.5,3862.45,3856.05,3860.85,1110,
2024-04-25 13:36:00+05:30,3862,3866.4,3860,3863.6,922,
2024-04-25 13:37:00+05:30,3864.9,3867.85,3861.95,3862.85,559,
2024-04-25 13:38:00+05:30,3862.85,3864.2,3860.1,3861.3,1574,
2024-04-25 13:39:00+05:30,3861.3,3862.2,3860,3860.2,815,
2024-04-25 13:40:00+05:30,3861.75,3862.4,3860.1,3860.2,220,
2024-04-25 13:41:00+05:30,3860.2,3864.3,3860,3861.65,1974,
2024-04-25 13:42:00+05:30,3861.65,3863.95,3859,3860.95,1127,
2024-04-25 13:43:00+05:30,3861.6,3862.9,3856.45,3856.45,322,
2024-04-25 13:44:00+05:30,3856.45,3863.5,3856.45,3863.5,490,
2024-04-25 13:45:00+05:30,3862.6,3867.4,3860,3866.4,1311,
2024-04-25 13:46:00+05:30,3866.4,3867.3,3862.1,3863.9,327,
2024-04-25 13:47:00+05:30,3865.6,3867.7,3864.65,3867,638,
2024-04-25 13:48:00+05:30,3866.9,3870,3866.9,3868,1124,
2024-04-25 13:49:00+05:30,3868.9,3874,3867.4,3872.1,2770,
2024-04-25 13:50:00+05:30,3872.35,3873,3866.05,3868.25,837,
2024-04-25 13:51:00+05:30,3868.15,3868.8,3859.3,3860,1997,
2024-04-25 13:52:00+05:30,3861,3862,3858.3,3858.3,372,
2024-04-25 13:53:00+05:30,3858.2,3865,3858.2,3865,1156,
2024-04-25 13:54:00+05:30,3865,3869.95,3864.75,3866.95,1081,
2024-04-25 13:55:00+05:30,3869.1,3872.35,3868.3,3869.1,2049,
2024-04-25 13:56:00+05:30,3869.1,3869.15,3864.55,3866.35,1619,
2024-04-25 13:57:00+05:30,3866.35,3866.75,3861.3,3865,1533,
2024-04-25 13:58:00+05:30,3865,3865,3862.05,3862.15,740,
2024-04-25 13:59:00+05:30,3862.15,3864,3860.05,3860.05,1472,
2024-04-25 14:00:00+05:30,3860.05,3861.95,3859,3859,823,
2024-04-25 14:01:00+05:30,3859,3862.9,3859,3859.1,1777,
2024-04-25 14:02:00+05:30,3859.1,3862,3859.1,3860.55,712,
2024-04-25 14:03:00+05:30,3861,3861,3859.1,3860,1041,
2024-04-25 14:04:00+05:30,3860,3860,3859,3860,3328,
2024-04-25 14:05:00+05:30,3859,3860.05,3859,3860,4497,
2024-04-25 14:06:00+05:30,3860,3865,3860,3865,14078,
2024-04-25 14:07:00+05:30,3865,3865,3861.1,3864,308,
2024-04-25 14:08:00+05:30,3864,3866.75,3861.35,3863.85,2580,
2024-04-25 14:09:00+05:30,3865,3866.05,3863,3866.05,1436,
2024-04-25 14:10:00+05:30,3865,3865,3864.15,3865,1828,
2024-04-25 14:11:00+05:30,3865,3865,3861.6,3863.55,345,
2024-04-25 14:12:00+05:30,3863.55,3863.55,3859.2,3861,509,
2024-04-25 14:13:00+05:30,3862,3863,3861,3861.6,736,
2024-04-25 14:14:00+05:30,3861.6,3867,3861.6,3865.8,6428,
2024-04-25 14:15:00+05:30,3865.8,3866,3860.1,3860.3,1014,
2024-04-25 14:16:00+05:30,3860.55,3864.5,3858.7,3862.6,908,
2024-04-25 14:17:00+05:30,3862.6,3864,3858,3860,2434,
2024-04-25 14:18:00+05:30,3860,3860,3856.2,3860,2707,
2024-04-25 14:19:00+05:30,3860,3860,3857.6,3860,889,
2024-04-25 14:20:00+05:30,3860,3860.25,3858.1,3860,750,
2024-04-25 14:21:00+05:30,3860,3862.7,3854.95,3856.7,5577,
2024-04-25 14:22:00+05:30,3856.7,3860,3856,3856.65,989,
2024-04-25 14:23:00+05:30,3856.65,3860.35,3856,3860,935,
2024-04-25 14:24:00+05:30,3860,3861.95,3858.05,3860,5099,
2024-04-25 14:25:00+05:30,3860,3860,3858.9,3860,4354,
2024-04-25 14:26:00+05:30,3860,3860.05,3859.55,3860,6022,
2024-04-25 14:27:00+05:30,3860,3860,3859,3860,1091,
2024-04-25 14:28:00+05:30,3860,3860,3859,3860,990,
2024-04-25 14:29:00+05:30,3860,3860,3859.5,3860,2832,
2024-04-25 14:30:00+05:30,3860,3860,3857.05,3857.05,1328,
2024-04-25 14:31:00+05:30,3857.05,3860,3856.05,3859.95,365,
2024-04-25 14:32:00+05:30,3859.95,3860,3858,3859.8,190,
2024-04-25 14:33:00+05:30,3859.8,3860,3857.05,3857.2,304,
2024-04-25 14:34:00+05:30,3857.2,3860,3856.05,3858.15,633,
2024-04-25 14:35:00+05:30,3858.15,3860,3856.2,3860,562,
2024-04-25 14:36:00+05:30,3860,3860,3857.25,3858.45,1851,
2024-04-25 14:37:00+05:30,3858.45,3860.3,3857.6,3860,3426,
2024-04-25 14:38:00+05:30,3860,3861,3859.3,3860,4302,
2024-04-25 14:39:00+05:30,3860,3860,3857.45,3857.85,1716,
2024-04-25 14:40:00+05:30,3859.75,3859.75,3857.95,3858.4,267,
2024-04-25 14:41:00+05:30,3858.55,3859.75,3856.05,3856.05,420,
2024-04-25 14:42:00+05:30,3850.2,3853.55,3849.55,3853.55,8903,
2024-04-25 14:43:00+05:30,3853.55,3854.8,3850.4,3854.65,1261,
2024-04-25 14:44:00+05:30,3854.8,3858.1,3852.95,3858.1,1390,
2024-04-25 14:45:00+05:30,3858.35,3858.55,3850,3850,1505,
2024-04-25 14:46:00+05:30,3850,3851.95,3848,3850,644,
2024-04-25 14:47:00+05:30,3850.25,3851.8,3842.7,3844.1,5577,
2024-04-25 14:48:00+05:30,3844.1,3847.3,3842.1,3846.85,3070,
2024-04-25 14:49:00+05:30,3846.85,3846.85,3839.2,3839.2,2302,
2024-04-25 14:50:00+05:30,3840,3842.35,3838.8,3841.2,2530,
2024-04-25 14:51:00+05:30,3841.2,3842.15,3840.45,3842,2489,
2024-04-25 14:52:00+05:30,3841.35,3841.85,3839.25,3840.95,3185,
2024-04-25 14:53:00+05:30,3840.45,3848.45,3840.25,3848.45,993,
2024-04-25 14:54:00+05:30,3848.5,3848.5,3839.45,3842,11876,
2024-04-25 14:55:00+05:30,3842,3844.65,3839.5,3841.8,44946,
2024-04-25 14:56:00+05:30,3841.85,3849.7,3840,3848.65,3203,
2024-04-25 14:57:00+05:30,3846.7,3849.95,3844.55,3848.85,1724,
2024-04-25 14:58:00+05:30,3848.85,3852.5,3848.85,3852.4,1536,
2024-04-25 14:59:00+05:30,3852.7,3854.5,3852.05,3854.5,1665,
2024-04-25 15:00:00+05:30,3854.5,3855,3845.65,3845.7,9072,
2024-04-25 15:01:00+05:30,3845.7,3849.15,3842.75,3846.5,8644,
2024-04-25 15:02:00+05:30,3846.05,3852.95,3846.05,3851.05,1867,
2024-04-25 15:03:00+05:30,3851.05,3853.85,3850.15,3853.85,2622,
2024-04-25 15:04:00+05:30,3853.9,3856.05,3852.9,3852.95,2982,
2024-04-25 15:05:00+05:30,3853,3853.75,3852.55,3852.55,3146,
2024-04-25 15:06:00+05:30,3852.55,3853.8,3852.15,3852.25,2764,
2024-04-25 15:07:00+05:30,3852.3,3852.3,3851.75,3851.75,2755,
2024-04-25 15:08:00+05:30,3850.7,3850.8,3848.15,3849.05,4670,
2024-04-25 15:09:00+05:30,3849,3850.75,3847.75,3848.5,6354,
2024-04-25 15:10:00+05:30,3848.5,3848.55,3845,3845,5333,
2024-04-25 15:11:00+05:30,3845,3845.1,3843.7,3843.75,2841,
2024-04-25 15:12:00+05:30,3843.75,3845.8,3841.45,3844.9,2469,
2024-04-25 15:13:00+05:30,3844.95,3844.95,3840,3841.9,2509,
2024-04-25 15:14:00+05:30,3840.55,3843.05,3840,3841.85,2537,
2024-04-25 15:15:00+05:30,3841.85,3841.85,3840,3840.05,7277,
2024-04-25 15:16:00+05:30,3840.05,3845,3840,3842.05,4034,
2024-04-25 15:17:00+05:30,3841.7,3844.45,3840.1,3841.9,5322,
2024-04-25 15:18:00+05:30,3842.9,3842.9,3840,3840,7069,
2024-04-25 15:19:00+05:30,3840.05,3841.05,3840,3840.1,4231,
2024-04-25 15:20:00+05:30,3840,3842,3840,3840,5331,
2024-04-25 15:21:00+05:30,3840,3840.8,3840,3840,2968,
2024-04-25 15:22:00+05:30,3840.05,3840.75,3840,3840,1472,
2024-04-25 15:23:00+05:30,3840,3840.65,3840,3840,6212,
2024-04-25 15:24:00+05:30,3840,3840.3,3840,3840,2888,
2024-04-25 15:25:00+05:30,3840,3843.55,3840,3841.55,2806,
2024-04-25 15:26:00+05:30,3841.55,3846.6,3837.6,3837.7,19671,
2024-04-25 15:27:00+05:30,3837.5,3840,3835,3835,4714,
2024-04-25 15:28:00+05:30,3835.05,3840.05,3834.6,3840.05,3180,
2024-04-25 15:29:00+05:30,3840,3842,3840,3840,1027,
2024-04-26 09:15:00+05:30,3850,3858.45,3836.05,3858.45,4125,
2024-04-26 09:16:00+05:30,3854.35,3873,3853.95,3873,4139,
2024-04-26 09:17:00+05:30,3872,3880,3870.65,3879.1,5028,
2024-04-26 09:18:00+05:30,3879.1,3883.25,3876.85,3883.25,7954,
2024-04-26 09:19:00+05:30,3881.55,3895.55,3880,3893.9,9990,
2024-04-26 09:20:00+05:30,3894.3,3918.7,3885.1,3915.35,20315,
2024-04-26 09:21:00+05:30,3914.65,3917.3,3906.35,3906.35,7870,
2024-04-26 09:22:00+05:30,3906.75,3928,3904.35,3924,13436,
2024-04-26 09:23:00+05:30,3925.7,3944.4,3918.4,3939.65,12759,
2024-04-26 09:24:00+05:30,3939.65,3945.25,3931.05,3940,8123,
2024-04-26 09:25:00+05:30,3940.1,3944,3930.05,3934.6,7571,
2024-04-26 09:26:00+05:30,3932.8,3938.95,3922.9,3925.5,10240,
2024-04-26 09:27:00+05:30,3925.4,3929.75,3916,3921.6,4571,
2024-04-26 09:28:00+05:30,3921.6,3930,3921.3,3929.85,4525,
2024-04-26 09:29:00+05:30,3929.75,3939.05,3927.05,3935.35,4324,
2024-04-26 09:30:00+05:30,3937,3937,3921.3,3922.85,3309,
2024-04-26 09:31:00+05:30,3922.95,3925.7,3920,3925.4,3264,
2024-04-26 09:32:00+05:30,3925.4,3929.95,3916,3919.95,5457,
2024-04-26 09:33:00+05:30,3920,3922.5,3909.6,3912.95,5914,
2024-04-26 09:34:00+05:30,3912.95,3919.7,3911,3915.65,8199,
2024-04-26 09:35:00+05:30,3915.65,3915.65,3908.5,3909.8,3256,
2024-04-26 09:36:00+05:30,3912.1,3927.9,3910.5,3927,7186,
2024-04-26 09:37:00+05:30,3928,3928.4,3922,3924,1902,
2024-04-26 09:38:00+05:30,3924.3,3930.7,3922.6,3930.7,5847,
2024-04-26 09:39:00+05:30,3930.7,3934,3927,3930.3,3785,
2024-04-26 09:40:00+05:30,3930.3,3930.3,3921.65,3925.95,2764,
2024-04-26 09:41:00+05:30,3928,3930,3927.45,3929.8,1555,
2024-04-26 09:42:00+05:30,3930,3934.05,3927.9,3931.05,6048,
2024-04-26 09:43:00+05:30,3931.05,3940,3930,3934.95,9422,
2024-04-26 09:44:00+05:30,3934.95,3938.9,3934.95,3938,4091,
2024-04-26 09:45:00+05:30,3938,3938.7,3933.3,3934.55,11803,
2024-04-26 09:46:00+05:30,3933.85,3938,3933.85,3935.75,2961,
2024-04-26 09:47:00+05:30,3935.7,3938,3933.95,3938,2763,
2024-04-26 09:48:00+05:30,3936.35,3957,3936.35,3950,24786,
2024-04-26 09:49:00+05:30,3949.9,3949.95,3942.05,3949.05,8373,
2024-04-26 09:50:00+05:30,3948,3951.5,3947.35,3950.5,4499,
2024-04-26 09:51:00+05:30,3950.5,3952.95,3947,3952.8,4081,
2024-04-26 09:52:00+05:30,3952.85,3961.9,3950.4,3955.9,9891,
2024-04-26 09:53:00+05:30,3957.8,3959.8,3955,3956,2890,
2024-04-26 09:54:00+05:30,3956,3963,3955,3961,7124,
2024-04-26 09:55:00+05:30,3961,3962,3949.8,3951,4142,
2024-04-26 09:56:00+05:30,3951.1,3968.95,3951.1,3968,11062,
2024-04-26 09:57:00+05:30,3968,3986,3968,3983.8,13743,
2024-04-26 09:58:00+05:30,3984.2,3995,3984.2,3993,16815,
2024-04-26 09:59:00+05:30,3993.55,4016.95,3993.55,4004.8,36272,
2024-04-26 10:00:00+05:30,4005.95,4013.45,3996.95,3996.95,12911,
2024-04-26 10:01:00+05:30,3996.45,4002.35,3995.05,3999,7953,
2024-04-26 10:02:00+05:30,3998.05,3998.8,3975.55,3975.7,13156,
2024-04-26 10:03:00+05:30,3975.7,3978.5,3968.1,3974.05,7272,
2024-04-26 10:04:00+05:30,3974.05,3976.25,3965.4,3965.4,7738,
2024-04-26 10:05:00+05:30,3965.4,3970,3962.5,3970,4535,
2024-04-26 10:06:00+05:30,3969,3974.5,3965.2,3972.4,6470,
2024-04-26 10:07:00+05:30,3970.1,3977,3968,3969.9,9166,
2024-04-26 10:08:00+05:30,3969.25,3976.9,3969.25,3974,3593,
2024-04-26 10:09:00+05:30,3974,3975,3966,3966,3407,
2024-04-26 10:10:00+05:30,3966,3969.8,3965.55,3968.55,1998,
2024-04-26 10:11:00+05:30,3966.65,3973.9,3965.1,3972.25,2114,
2024-04-26 10:12:00+05:30,3972.25,3978,3972.25,3977,3093,
2024-04-26 10:13:00+05:30,3977,3977.6,3966.05,3968,3248,
2024-04-26 10:14:00+05:30,3968,3970,3965.6,3969.1,517,
2024-04-26 10:15:00+05:30,3970,3972,3968.45,3969,1477,
2024-04-26 10:16:00+05:30,3969.05,3971.85,3967.5,3970,1161,
2024-04-26 10:17:00+05:30,3970,3976,3963.25,3963.25,6102,
2024-04-26 10:18:00+05:30,3963.2,3967.2,3960.4,3966.5,3597,
2024-04-26 10:19:00+05:30,3966.5,3967.2,3960,3961.85,3142,
2024-04-26 10:20:00+05:30,3961.85,3962.7,3951,3952,4221,
2024-04-26 10:21:00+05:30,3952,3954,3951.3,3952.5,1344,
2024-04-26 10:22:00+05:30,3952.5,3955,3951.1,3953.7,1906,
2024-04-26 10:23:00+05:30,3953.7,3954.75,3951,3951.25,986,
2024-04-26 10:24:00+05:30,3951.25,3959.55,3951.25,3954.55,2885,
2024-04-26 10:25:00+05:30,3954.55,3957.95,3954,3957,2320,
2024-04-26 10:26:00+05:30,3957.95,3961.95,3957.05,3961.95,1151,
2024-04-26 10:27:00+05:30,3961,3965.35,3957.8,3957.8,2415,
2024-04-26 10:28:00+05:30,3957.8,3962,3957.8,3960,754,
2024-04-26 10:29:00+05:30,3960.65,3961.75,3960,3960.3,1339,
2024-04-26 10:30:00+05:30,3961.6,3961.6,3956,3959.2,1395,
2024-04-26 10:31:00+05:30,3959.95,3970,3959.2,3969.95,2331,
2024-04-26 10:32:00+05:30,3969.95,3970,3965.35,3967.5,1590,
2024-04-26 10:33:00+05:30,3965.9,3966.05,3962.2,3964.6,1465,
2024-04-26 10:34:00+05:30,3964.6,3964.6,3960,3960.05,1743,
2024-04-26 10:35:00+05:30,3960.05,3962.35,3955.15,3956.05,2198,
2024-04-26 10:36:00+05:30,3957.5,3957.5,3955,3955.7,955,
2024-04-26 10:37:00+05:30,3955.7,3962.35,3953,3960.2,2643,
2024-04-26 10:38:00+05:30,3960.2,3965,3958.05,3963.65,1283,
2024-04-26 10:39:00+05:30,3963.65,3968.7,3963.5,3968.7,773,
2024-04-26 10:40:00+05:30,3968.7,3979.9,3966.35,3977.65,3946,
2024-04-26 10:41:00+05:30,3977.65,3988.35,3977.65,3987.4,10201,
2024-04-26 10:42:00+05:30,3987.4,3989.05,3985,3986.45,2876,
2024-04-26 10:43:00+05:30,3987.95,3995,3985.85,3992.65,4485,
2024-04-26 10:44:00+05:30,3992.65,3993.95,3986,3988.45,2753,
2024-04-26 10:45:00+05:30,3986.8,3990,3986.05,3987,1646,
2024-04-26 10:46:00+05:30,3987,3989.4,3985,3986.7,3221,
2024-04-26 10:47:00+05:30,3986.7,3986.7,3980,3980,2219,
2024-04-26 10:48:00+05:30,3980,3982.45,3978.55,3981,959,
2024-04-26 10:49:00+05:30,3981,3984,3980.25,3983.35,723,
2024-04-26 10:50:00+05:30,3983.35,3983.35,3979.6,3982.75,1852,
2024-04-26 10:51:00+05:30,3982.75,3985.5,3977.75,3979.55,3081,
2024-04-26 10:52:00+05:30,3978.05,3979.55,3974.9,3974.9,2032,
2024-04-26 10:53:00+05:30,3976.65,3980.9,3974.95,3978.3,1737,
2024-04-26 10:54:00+05:30,3977.05,3979,3975,3976.05,768,
2024-04-26 10:55:00+05:30,3975.2,3976.5,3970.05,3970.05,2413,
2024-04-26 10:56:00+05:30,3971.1,3972.15,3968,3969.1,2158,
2024-04-26 10:57:00+05:30,3969.15,3970.05,3968,3968,455,
2024-04-26 10:58:00+05:30,3968,3969.75,3967,3968.2,846,
2024-04-26 10:59:00+05:30,3967.5,3968.15,3965.05,3965.65,1180,
2024-04-26 11:00:00+05:30,3965.65,3970.9,3965,3970.7,1575,
2024-04-26 11:01:00+05:30,3969.55,3970.7,3968,3969.75,687,
2024-04-26 11:02:00+05:30,3968.05,3972,3967.2,3972,753,
2024-04-26 11:03:00+05:30,3971.1,3972,3970.1,3972,593,
2024-04-26 11:04:00+05:30,3970.5,3971.25,3962.8,3963.55,2269,
2024-04-26 11:05:00+05:30,3963.55,3965,3959.6,3959.6,2042,
2024-04-26 11:06:00+05:30,3960,3961.85,3957,3957,1347,
2024-04-26 11:07:00+05:30,3957.15,3959,3956.55,3957.95,1120,
2024-04-26 11:08:00+05:30,3957,3957.8,3955.05,3955.95,857,
2024-04-26 11:09:00+05:30,3955,3959.95,3955,3959.95,693,
2024-04-26 11:10:00+05:30,3959.95,3960,3958.75,3960,412,
2024-04-26 11:11:00+05:30,3959,3964,3959,3961.75,3481,
2024-04-26 11:12:00+05:30,3962.1,3964.7,3961.7,3962.4,935,
2024-04-26 11:13:00+05:30,3962.4,3964.6,3960.15,3960.5,1494,
2024-04-26 11:14:00+05:30,3960,3962.5,3959.85,3959.85,841,
2024-04-26 11:15:00+05:30,3959.9,3965.3,3959.9,3964.1,3237,
2024-04-26 11:16:00+05:30,3964.15,3964.15,3962,3962.3,430,
2024-04-26 11:17:00+05:30,3964.55,3973,3960.9,3970,4892,
2024-04-26 11:18:00+05:30,3968.1,3970.2,3962,3963.45,1907,
2024-04-26 11:19:00+05:30,3962.05,3964,3962,3963.7,1473,
2024-04-26 11:20:00+05:30,3962.05,3964.95,3962.05,3964.95,1422,
2024-04-26 11:21:00+05:30,3964.3,3964.3,3962,3963.7,952,
2024-04-26 11:22:00+05:30,3963.75,3965,3962,3963.7,1043,
2024-04-26 11:23:00+05:30,3963.7,3963.7,3962,3962,536,
2024-04-26 11:24:00+05:30,3962,3963.7,3962,3963.7,520,
2024-04-26 11:25:00+05:30,3963.6,3965,3962.6,3963.15,1717,
2024-04-26 11:26:00+05:30,3963.15,3965,3963.15,3965,1069,
2024-04-26 11:27:00+05:30,3964.25,3969.75,3964.25,3968.9,1531,
2024-04-26 11:28:00+05:30,3968.9,3973.7,3966.9,3972.55,3208,
2024-04-26 11:29:00+05:30,3972.55,3972.95,3969.3,3970.85,409,
2024-04-26 11:30:00+05:30,3969.65,3970.85,3966.4,3968,757,
2024-04-26 11:31:00+05:30,3967.9,3968.45,3967.1,3967.55,249,
2024-04-26 11:32:00+05:30,3967.55,3967.65,3965,3965.4,2052,
2024-04-26 11:33:00+05:30,3965.6,3968,3965.6,3968,240,
2024-04-26 11:34:00+05:30,3967.15,3968,3962,3962,1205,
2024-04-26 11:35:00+05:30,3964.15,3964.25,3962,3962.6,380,
2024-04-26 11:36:00+05:30,3964.15,3966.05,3962.65,3964.5,625,
2024-04-26 11:37:00+05:30,3964.5,3966.05,3962,3962.95,1394,
2024-04-26 11:38:00+05:30,3962,3963.55,3962,3962.15,435,
2024-04-26 11:39:00+05:30,3962.15,3963,3962.15,3962.15,269,
2024-04-26 11:40:00+05:30,3962.15,3962.2,3959.35,3960,6263,
2024-04-26 11:41:00+05:30,3960,3962,3960,3961.85,476,
2024-04-26 11:42:00+05:30,3960.3,3968,3960.3,3967.8,2666,
2024-04-26 11:43:00+05:30,3967.85,3970,3965.1,3966.95,1367,
2024-04-26 11:44:00+05:30,3966.95,3970,3965,3968.5,1078,
2024-04-26 11:45:00+05:30,3970.25,3973.15,3968.5,3971.3,2980,
2024-04-26 11:46:00+05:30,3973.1,3975.4,3973,3975.4,908,
2024-04-26 11:47:00+05:30,3975.4,3980,3973.3,3980,5653,
2024-04-26 11:48:00+05:30,3982,3983.65,3975.5,3976.9,2488,
2024-04-26 11:49:00+05:30,3976.9,3978.75,3975,3976.25,818,
2024-04-26 11:50:00+05:30,3977.85,3977.85,3973,3973,860,
2024-04-26 11:51:00+05:30,3973,3974.85,3970.15,3971.8,516,
2024-04-26 11:52:00+05:30,3971.8,3971.95,3970,3971.2,528,
2024-04-26 11:53:00+05:30,3970.3,3971.2,3965.5,3967.65,1313,
2024-04-26 11:54:00+05:30,3967.65,3970,3967.65,3968.55,1043,
2024-04-26 11:55:00+05:30,3968.55,3968.85,3966.05,3967.7,471,
2024-04-26 11:56:00+05:30,3966.1,3970,3962.25,3968.4,3057,
2024-04-26 11:57:00+05:30,3968.4,3970,3968.4,3970,278,
2024-04-26 11:58:00+05:30,3969.2,3970,3966.65,3968.8,545,
2024-04-26 11:59:00+05:30,3967.2,3968.8,3966.45,3968.7,425,
2024-04-26 12:00:00+05:30,3968.7,3969.55,3966.6,3969.4,211,
2024-04-26 12:01:00+05:30,3968.25,3969.95,3968.25,3969.7,254,
2024-04-26 12:02:00+05:30,3968.9,3970,3967.65,3968.95,1419,
2024-04-26 12:03:00+05:30,3968.4,3969.8,3966.5,3968.9,402,
2024-04-26 12:04:00+05:30,3967.4,3970,3967.35,3970,320,
2024-04-26 12:05:00+05:30,3969.85,3972,3968.9,3970.85,23224,
2024-04-26 12:06:00+05:30,3970.85,3977,3970.85,3974.9,1090,
2024-04-26 12:07:00+05:30,3974.9,3977.55,3973.4,3973.4,922,
2024-04-26 12:08:00+05:30,3973.4,3977.7,3973.4,3976.95,320,
2024-04-26 12:09:00+05:30,3976.95,3978.05,3976.95,3977.95,526,
2024-04-26 12:10:00+05:30,3977,3979,3977,3978.7,311,
2024-04-26 12:11:00+05:30,3978.7,3981.8,3978,3980,1939,
2024-04-26 12:12:00+05:30,3981.75,3982,3980,3981,623,
2024-04-26 12:13:00+05:30,3980,3981,3977.3,3979.1,919,
2024-04-26 12:14:00+05:30,3977.5,3981.75,3977.5,3980,2733,
2024-04-26 12:15:00+05:30,3978.65,3980.5,3972.5,3975,1354,
2024-04-26 12:16:00+05:30,3975,3979.4,3974.25,3976.75,896,
2024-04-26 12:17:00+05:30,3976.75,3978.95,3976.65,3977.35,376,
2024-04-26 12:18:00+05:30,3977.35,3980,3977.35,3979.95,596,
2024-04-26 12:19:00+05:30,3979.95,3980,3976.8,3979,656,
2024-04-26 12:20:00+05:30,3977.3,3979,3976.3,3976.5,341,
2024-04-26 12:21:00+05:30,3976.5,3978,3976,3977.8,490,
2024-04-26 12:22:00+05:30,3976.15,3977.9,3970.25,3977,1352,
2024-04-26 12:23:00+05:30,3976.4,3979.95,3976.35,3979.95,526,
2024-04-26 12:24:00+05:30,3978.45,3980,3978.1,3979.75,671,
2024-04-26 12:25:00+05:30,3978.4,3980,3978.05,3979.65,451,
2024-04-26 12:26:00+05:30,3979.65,3985,3978.05,3985,3150,
2024-04-26 12:27:00+05:30,3984,3984.85,3980.25,3980.35,744,
2024-04-26 12:28:00+05:30,3980.35,3982,3978.45,3980.35,519,
2024-04-26 12:29:00+05:30,3980.35,3982.55,3980,3980.05,576,
2024-04-26 12:30:00+05:30,3980.1,3981.25,3977.45,3978.2,3440,
2024-04-26 12:31:00+05:30,3978.2,3979.9,3973.95,3974.1,921,
2024-04-26 12:32:00+05:30,3974.15,3984,3974.15,3983,4411,
2024-04-26 12:33:00+05:30,3983,3984,3980.35,3980.35,355,
2024-04-26 12:34:00+05:30,3980.35,3984,3980.35,3981,1219,
2024-04-26 12:35:00+05:30,3981,3983.7,3981,3982.6,549,
2024-04-26 12:36:00+05:30,3982.05,3982.6,3980.35,3982.2,730,
2024-04-26 12:37:00+05:30,3980.55,3982.7,3980.45,3982,362,
2024-04-26 12:38:00+05:30,3980.85,3985,3980.85,3984,1272,
2024-04-26 12:39:00+05:30,3983.25,3989.6,3983.2,3987.25,3148,
2024-04-26 12:40:00+05:30,3987.1,3987.85,3984.2,3987.45,839,
2024-04-26 12:41:00+05:30,3987.9,3987.9,3982.05,3982.45,1455,
2024-04-26 12:42:00+05:30,3982.45,3987.1,3982.45,3986.05,1094,
2024-04-26 12:43:00+05:30,3986.05,3987.1,3985,3985.05,337,
2024-04-26 12:44:00+05:30,3985.05,3989.3,3985,3989.3,1315,
2024-04-26 12:45:00+05:30,3989.3,3995,3988.5,3994.4,3355,
2024-04-26 12:46:00+05:30,3993.75,3994.4,3991,3993,1013,
2024-04-26 12:47:00+05:30,3993,3993,3986.05,3989,1051,
2024-04-26 12:48:00+05:30,3987.9,3990,3987.9,3988.9,475,
2024-04-26 12:49:00+05:30,3988.9,3988.95,3984.3,3985.8,524,
2024-04-26 12:50:00+05:30,3984.4,3986,3982.05,3982.05,966,
2024-04-26 12:51:00+05:30,3982.95,3985,3982.05,3984.25,401,
2024-04-26 12:52:00+05:30,3984.25,3985,3984.25,3984.65,489,
2024-04-26 12:53:00+05:30,3984.65,3991.65,3984.25,3990.35,3050,
2024-04-26 12:54:00+05:30,3988.45,3990.7,3988.45,3989.8,345,
2024-04-26 12:55:00+05:30,3989,3990,3987.35,3988.95,825,
2024-04-26 12:56:00+05:30,3987.45,3989,3986.05,3989,329,
2024-04-26 12:57:00+05:30,3987.4,3989,3985.05,3987.2,706,
2024-04-26 12:58:00+05:30,3987.2,3989,3985.25,3987.6,436,
2024-04-26 12:59:00+05:30,3987.6,3989,3986.45,3986.65,488,
2024-04-26 13:00:00+05:30,3986.65,3988.5,3986.45,3988.5,562,
2024-04-26 13:01:00+05:30,3988,3990,3986.75,3990,1269,
2024-04-26 13:02:00+05:30,3990,3990.7,3988.55,3990.65,962,
2024-04-26 13:03:00+05:30,3990.65,3990.65,3986.85,3990,912,
2024-04-26 13:04:00+05:30,3988.65,3990,3986,3986.2,591,
2024-04-26 13:05:00+05:30,3986.25,3989.65,3986,3989.65,519,
2024-04-26 13:06:00+05:30,3989.45,3993,3989.45,3992.95,1481,
2024-04-26 13:07:00+05:30,3992.95,3993,3990.2,3991.75,1612,
2024-04-26 13:08:00+05:30,3991.2,3993,3991.2,3992.65,505,
2024-04-26 13:09:00+05:30,3992.65,3992.95,3992,3992,545,
2024-04-26 13:10:00+05:30,3992,3992.9,3992,3992,525,
2024-04-26 13:11:00+05:30,3992,3998,3992,3995.1,11619,
2024-04-26 13:12:00+05:30,3995.1,3998,3993.55,3998,1341,
2024-04-26 13:13:00+05:30,3998,3998,3995.65,3996.2,1030,
2024-04-26 13:14:00+05:30,3996.1,3997.95,3996.1,3996.55,635,
2024-04-26 13:15:00+05:30,3996.55,3997.65,3995.15,3995.4,1498,
2024-04-26 13:16:00+05:30,3995.4,3996.95,3992.05,3992.05,1106,
2024-04-26 13:17:00+05:30,3993,3993,3983.8,3985.9,3144,
2024-04-26 13:18:00+05:30,3984.05,3986.5,3983.9,3986.3,774,
2024-04-26 13:19:00+05:30,3986.3,3986.65,3982.15,3984,1052,
2024-04-26 13:20:00+05:30,3982.2,3985,3982.2,3984.7,416,
2024-04-26 13:21:00+05:30,3984.7,3985.95,3983.3,3984.8,528,
2024-04-26 13:22:00+05:30,3984.8,3986,3982.65,3984.8,917,
2024-04-26 13:23:00+05:30,3984.6,3991.9,3984.6,3990.35,465,
2024-04-26 13:24:00+05:30,3989.85,3991.7,3982.6,3984,388,
2024-04-26 13:25:00+05:30,3984,3986,3984,3984.55,303,
2024-04-26 13:26:00+05:30,3984.55,3986.95,3984,3984,688,
2024-04-26 13:27:00+05:30,3984,3985.6,3982.6,3984,508,
2024-04-26 13:28:00+05:30,3982.85,3984,3980.95,3983.9,1598,
2024-04-26 13:29:00+05:30,3981.9,3985,3981.05,3982,639,
2024-04-26 13:30:00+05:30,3981.1,3981.8,3980,3981.6,1541,
2024-04-26 13:31:00+05:30,3981.6,3982,3980,3980,616,
2024-04-26 13:32:00+05:30,3980,3985,3980,3985,868,
2024-04-26 13:33:00+05:30,3985,3985,3982,3983.55,496,
2024-04-26 13:34:00+05:30,3983.55,3984,3981.5,3983.55,623,
2024-04-26 13:35:00+05:30,3983.55,3984,3982.05,3983.05,508,
2024-04-26 13:36:00+05:30,3983.05,3984.3,3982,3982.7,426,
2024-04-26 13:37:00+05:30,3982.7,3983.95,3982,3983.95,343,
2024-04-26 13:38:00+05:30,3983.95,3984.1,3982.4,3984,464,
2024-04-26 13:39:00+05:30,3984,3990,3984,3988.8,1653,
2024-04-26 13:40:00+05:30,3988.8,3990,3988.55,3989.5,352,
2024-04-26 13:41:00+05:30,3989.5,3989.95,3985.75,3987.75,751,
2024-04-26 13:42:00+05:30,3987.2,3989.3,3986.05,3987.1,661,
2024-04-26 13:43:00+05:30,3987.1,3989,3986.15,3988,776,
2024-04-26 13:44:00+05:30,3987.7,3988,3980.1,3980.4,5669,
2024-04-26 13:45:00+05:30,3980.45,3982,3978,3979,1187,
2024-04-26 13:46:00+05:30,3978.8,3979.9,3978.25,3979.9,549,
2024-04-26 13:47:00+05:30,3979.25,3979.9,3978.4,3979.05,496,
2024-04-26 13:48:00+05:30,3978.55,3979,3978,3978.95,679,
2024-04-26 13:49:00+05:30,3978.95,3979,3978,3979,575,
2024-04-26 13:50:00+05:30,3979,3979,3972.05,3974.8,1173,
2024-04-26 13:51:00+05:30,3973.7,3978,3973.7,3977.2,744,
2024-04-26 13:52:00+05:30,3977.2,3977.75,3975.15,3977,1194,
2024-04-26 13:53:00+05:30,3977,3979,3975.2,3978.2,1544,
2024-04-26 13:54:00+05:30,3977.95,3979.85,3976.95,3977.55,390,
2024-04-26 13:55:00+05:30,3977.55,3979.2,3976.95,3979.2,669,
2024-04-26 13:56:00+05:30,3979.05,3980,3977.5,3979.95,8109,
2024-04-26 13:57:00+05:30,3980,3980,3975,3976.85,2671,
2024-04-26 13:58:00+05:30,3976.85,3978.95,3975.25,3978.55,418,
2024-04-26 13:59:00+05:30,3978.55,3984,3975.95,3984,2871,
2024-04-26 14:00:00+05:30,3984,3991,3984,3991,2380,
2024-04-26 14:01:00+05:30,3991,3992.7,3987.65,3987.7,1117,
2024-04-26 14:02:00+05:30,3987.65,3993.2,3986.05,3993.2,2218,
2024-04-26 14:03:00+05:30,3991.95,3993.7,3989.95,3990.65,763,
2024-04-26 14:04:00+05:30,3990.65,3991.95,3989.15,3991.95,1411,
2024-04-26 14:05:00+05:30,3991.95,3992,3988.05,3990.3,1730,
2024-04-26 14:06:00+05:30,3990.95,3992,3990.95,3992,740,
2024-04-26 14:07:00+05:30,3991.5,3992,3990.35,3990.8,720,
2024-04-26 14:08:00+05:30,3990.35,3992,3985.35,3988,1821,
2024-04-26 14:09:00+05:30,3988,3991,3986.85,3988,930,
2024-04-26 14:10:00+05:30,3986.7,3988,3985,3986.7,823,
2024-04-26 14:11:00+05:30,3986.7,3987.8,3985.65,3987.8,306,
2024-04-26 14:12:00+05:30,3987,3990,3986.8,3990,337,
2024-04-26 14:13:00+05:30,3988.7,3992,3988.7,3991.7,2003,
2024-04-26 14:14:00+05:30,3991.7,3992,3990.05,3991.95,586,
2024-04-26 14:15:00+05:30,3991.95,3994.95,3990.1,3994.95,1221,
2024-04-26 14:16:00+05:30,3994.95,3996,3993,3995.8,3747,
2024-04-26 14:17:00+05:30,3995.8,3996,3991.9,3993.8,2099,
2024-04-26 14:18:00+05:30,3993.8,3995,3990.9,3994,764,
2024-04-26 14:19:00+05:30,3993,3994.95,3993,3994.45,542,
2024-04-26 14:20:00+05:30,3994.45,3997,3994.45,3997,1512,
2024-04-26 14:21:00+05:30,3995.6,3998.95,3994.4,3995.7,2187,
2024-04-26 14:22:00+05:30,3995.4,3996.95,3993.15,3996.4,605,
2024-04-26 14:23:00+05:30,3996.4,3999,3996,3997.5,1642,
2024-04-26 14:24:00+05:30,3997.5,3999,3997.5,3998.95,1102,
2024-04-26 14:25:00+05:30,3998.25,3999,3997.15,3998.8,811,
2024-04-26 14:26:00+05:30,3999,4003.45,3997.5,4001.15,11889,
2024-04-26 14:27:00+05:30,4001.15,4004.9,4000,4003.65,3131,
2024-04-26 14:28:00+05:30,4004.05,4005,4001.3,4001.3,1809,
2024-04-26 14:29:00+05:30,4001.3,4003,3999.3,4001.45,3182,
2024-04-26 14:30:00+05:30,4000,4003.9,4000,4001.5,1525,
2024-04-26 14:31:00+05:30,4001.5,4003.7,4000.5,4003,1872,
2024-04-26 14:32:00+05:30,4002.95,4005.55,4001,4005.05,4110,
2024-04-26 14:33:00+05:30,4005.05,4007.75,4005,4007.7,2579,
2024-04-26 14:34:00+05:30,4007.7,4007.7,4005,4005.75,1352,
2024-04-26 14:35:00+05:30,4005.75,4006,4003.1,4005,1884,
2024-04-26 14:36:00+05:30,4005,4007,4003.4,4007,5056,
2024-04-26 14:37:00+05:30,4007,4007,4002.05,4005.15,1734,
2024-04-26 14:38:00+05:30,4005.15,4005.95,4002.55,4004,10211,
2024-04-26 14:39:00+05:30,4004,4005,4004,4004.25,1900,
2024-04-26 14:40:00+05:30,4004.95,4004.95,3998,3998.15,12507,
2024-04-26 14:41:00+05:30,3998.15,3999.95,3992.5,3995.2,3585,
2024-04-26 14:42:00+05:30,3995.2,3995.2,3990.45,3990.45,1265,
2024-04-26 14:43:00+05:30,3990.45,3999,3990,3999,7622,
2024-04-26 14:44:00+05:30,4000,4000,3998.05,3999.55,2795,
2024-04-26 14:45:00+05:30,3999.55,4000,3996.95,3999.9,2443,
2024-04-26 14:46:00+05:30,3999.9,4000,3997.05,3999.85,2088,
2024-04-26 14:47:00+05:30,3999.85,4000,3998.1,3999.95,2892,
2024-04-26 14:48:00+05:30,4000,4004.65,3998.95,4004.65,2732,
2024-04-26 14:49:00+05:30,4003.15,4005,4001.8,4003,1064,
2024-04-26 14:50:00+05:30,4003,4005,4001.15,4005,2314,
2024-04-26 14:51:00+05:30,4005,4010,4004.95,4009.75,7806,
2024-04-26 14:52:00+05:30,4009.75,4010,4008,4009,4819,
2024-04-26 14:53:00+05:30,4009,4009.95,4005.1,4007.15,4348,
2024-04-26 14:54:00+05:30,4007.15,4009.8,4005,4009.8,2823,
2024-04-26 14:55:00+05:30,4009.9,4010,4005.6,4008.7,1609,
2024-04-26 14:56:00+05:30,4008.15,4010.7,4008.1,4010,2539,
2024-04-26 14:57:00+05:30,4010,4010.5,4005.05,4007.95,2846,
2024-04-26 14:58:00+05:30,4007.95,4007.95,4005.05,4007,2760,
2024-04-26 14:59:00+05:30,4007,4009.95,4005.25,4009.9,1768,
2024-04-26 15:00:00+05:30,4009.3,4009.9,4005.65,4008.15,2411,
2024-04-26 15:01:00+05:30,4008.65,4008.7,4005.05,4007.95,3069,
2024-04-26 15:02:00+05:30,4008,4008,4005,4006,2700,
2024-04-26 15:03:00+05:30,4005.95,4006,4001.3,4005.9,6032,
2024-04-26 15:04:00+05:30,4005.9,4007.95,4004.55,4007.95,3290,
2024-04-26 15:05:00+05:30,4007.95,4009.35,4005,4007.9,5621,
2024-04-26 15:06:00+05:30,4007.95,4008.75,4007,4007.9,3052,
2024-04-26 15:07:00+05:30,4007.9,4007.9,4000.95,4002.7,6620,
2024-04-26 15:08:00+05:30,4001,4003.85,4000.05,4003.35,3649,
2024-04-26 15:09:00+05:30,4003,4004,4003,4003.85,3572,
2024-04-26 15:10:00+05:30,4003.85,4004,4000.2,4002.95,2965,
2024-04-26 15:11:00+05:30,4002.95,4004.95,4000.65,4004.55,3974,
2024-04-26 15:12:00+05:30,4004.1,4006,4002.1,4005.95,4428,
2024-04-26 15:13:00+05:30,4005.55,4013.8,4005,4009.8,11754,
2024-04-26 15:14:00+05:30,4009.35,4012.95,4006.05,4010,11150,
2024-04-26 15:15:00+05:30,4009.9,4012.7,4006.15,4006.25,5506,
2024-04-26 15:16:00+05:30,4006.2,4007.8,3999.7,4002.2,18179,
2024-04-26 15:17:00+05:30,4002.2,4012.9,4002.15,4011.15,6541,
2024-04-26 15:18:00+05:30,4009.35,4016.95,4009.35,4015.9,13664,
2024-04-26 15:19:00+05:30,4015.9,4025.5,4013.75,4023.85,18706,
2024-04-26 15:20:00+05:30,4025.05,4032.35,4025.05,4029.7,12832,
2024-04-26 15:21:00+05:30,4031.6,4037,4030.25,4035,7497,
2024-04-26 15:22:00+05:30,4035,4035,4027,4034.8,6510,
2024-04-26 15:23:00+05:30,4035,4036.35,4032.1,4035,5118,
2024-04-26 15:24:00+05:30,4035,4039,4034.95,4038,5763,
2024-04-26 15:25:00+05:30,4038,4038.95,4031.75,4032.4,5768,
2024-04-26 15:26:00+05:30,4031.85,4032.2,4028.7,4028.7,6511,
2024-04-26 15:27:00+05:30,4029,4033,4027.5,4029.5,4257,
2024-04-26 15:28:00+05:30,4029.5,4038,4025,4038,7423,
2024-04-26 15:29:00+05:30,4035.95,4038.55,4025,4035,4253,
2024-04-29 09:15:00+05:30,4025,4040.8,4016.35,4032.05,15153,
2024-04-29 09:16:00+05:30,4032.05,4044,4022,4040.8,11280,
2024-04-29 09:17:00+05:30,4040.8,4047.95,4029.55,4039.7,6594,
2024-04-29 09:18:00+05:30,4039.55,4047.3,4038.05,4043.35,4988,
2024-04-29 09:19:00+05:30,4046.05,4054.85,4042.55,4050,5305,
2024-04-29 09:20:00+05:30,4047.55,4054.2,4045,4054.2,6756,
2024-04-29 09:21:00+05:30,4054.2,4065,4051.6,4065,7340,
2024-04-29 09:22:00+05:30,4061,4066.35,4053.05,4060.9,8045,
2024-04-29 09:23:00+05:30,4061,4072.95,4060.6,4063.55,6112,
2024-04-29 09:24:00+05:30,4062.05,4065,4058.1,4063.8,3330,
2024-04-29 09:25:00+05:30,4061.7,4077.6,4061.7,4074.6,13829,
2024-04-29 09:26:00+05:30,4076.1,4082.75,4066,4068.95,15194,
2024-04-29 09:27:00+05:30,4067,4070,4061,4061.15,4747,
2024-04-29 09:28:00+05:30,4062,4066,4060.65,4062.75,3199,
2024-04-29 09:29:00+05:30,4065,4070,4061.1,4066.4,2912,
2024-04-29 09:30:00+05:30,4066.4,4074,4060.2,4070.55,3179,
2024-04-29 09:31:00+05:30,4070.55,4075,4068.25,4074,5762,
2024-04-29 09:32:00+05:30,4072.85,4081.5,4070.8,4078.6,6102,
2024-04-29 09:33:00+05:30,4078.6,4081,4071.05,4072.15,2961,
2024-04-29 09:34:00+05:30,4072.15,4076.4,4070.8,4075.25,1459,
2024-04-29 09:35:00+05:30,4075.25,4088,4075.25,4085,8980,
2024-04-29 09:36:00+05:30,4087,4089.65,4076.65,4087.4,6158,
2024-04-29 09:37:00+05:30,4084.7,4092.75,4084.7,4089,5549,
2024-04-29 09:38:00+05:30,4090,4098,4087.3,4096.6,10674,
2024-04-29 09:39:00+05:30,4096.6,4099.45,4094.6,4099.45,8299,
2024-04-29 09:40:00+05:30,4099,4100,4084.5,4100,21865,
2024-04-29 09:41:00+05:30,4098.65,4100,4092.5,4094.4,20597,
2024-04-29 09:42:00+05:30,4094.35,4100,4090.6,4099.7,8298,
2024-04-29 09:43:00+05:30,4099.9,4100,4097.05,4097.05,14212,
2024-04-29 09:44:00+05:30,4098.8,4100,4097.1,4100,11905,
2024-04-29 09:45:00+05:30,4100,4100,4097.5,4099.95,13349,
2024-04-29 09:46:00+05:30,4099,4100,4099,4100,9030,
2024-04-29 09:47:00+05:30,4100,4100,4088.6,4090,9634,
2024-04-29 09:48:00+05:30,4090,4090,4077.45,4081.95,13005,
2024-04-29 09:49:00+05:30,4081.8,4082,4053.5,4057.25,17285,
2024-04-29 09:50:00+05:30,4057.25,4069.95,4057.25,4069.95,5959,
2024-04-29 09:51:00+05:30,4069.95,4070,4055,4055,11221,
2024-04-29 09:52:00+05:30,4056,4056,4051.05,4052,4159,
2024-04-29 09:53:00+05:30,4051.35,4060,4051.35,4057.65,5217,
2024-04-29 09:54:00+05:30,4057.65,4057.65,4052,4053.15,2377,
2024-04-29 09:55:00+05:30,4055,4062.6,4051,4062.6,4113,
2024-04-29 09:56:00+05:30,4062,4062.95,4060,4061.95,1267,
2024-04-29 09:57:00+05:30,4061.95,4063,4052.45,4052.45,2670,
2024-04-29 09:58:00+05:30,4052.45,4054.15,4040.25,4043.35,5907,
2024-04-29 09:59:00+05:30,4043.35,4053.85,4041,4052.35,3371,
2024-04-29 10:00:00+05:30,4052.35,4055,4050.35,4054.95,1787,
2024-04-29 10:01:00+05:30,4054.95,4056.45,4044.85,4050.1,2482,
2024-04-29 10:02:00+05:30,4050.1,4051.95,4044,4045.25,2021,
2024-04-29 10:03:00+05:30,4045.25,4048.7,4045.05,4048.7,1291,
2024-04-29 10:04:00+05:30,4048.7,4050,4044.55,4049.7,1437,
2024-04-29 10:05:00+05:30,4048.1,4049,4045.05,4048.75,881,
2024-04-29 10:06:00+05:30,4047.15,4047.3,4042.25,4044,1604,
2024-04-29 10:07:00+05:30,4043.95,4049.85,4043.05,4048.45,721,
2024-04-29 10:08:00+05:30,4048.45,4054.65,4045.2,4053,1689,
2024-04-29 10:09:00+05:30,4053,4059.3,4053,4058,1632,
2024-04-29 10:10:00+05:30,4058,4062.55,4056,4058.5,2231,
2024-04-29 10:11:00+05:30,4059,4063,4059,4063,1213,
2024-04-29 10:12:00+05:30,4063,4063,4057.7,4061.95,1165,
2024-04-29 10:13:00+05:30,4062.55,4069.8,4060.95,4068,2155,
2024-04-29 10:14:00+05:30,4066.15,4067.6,4057,4059.8,2428,
2024-04-29 10:15:00+05:30,4059.45,4065.6,4059.35,4065.6,1847,
2024-04-29 10:16:00+05:30,4065,4065,4062.25,4062.7,951,
2024-04-29 10:17:00+05:30,4062.7,4064.8,4062.5,4063.05,561,
2024-04-29 10:18:00+05:30,4063.05,4069.4,4060.55,4067.1,2206,
2024-04-29 10:19:00+05:30,4069,4074.35,4067.2,4067.55,1741,
2024-04-29 10:20:00+05:30,4067.55,4070.4,4066.85,4069.6,948,
2024-04-29 10:21:00+05:30,4069.6,4072.75,4064,4064.15,1259,
2024-04-29 10:22:00+05:30,4064.15,4064.45,4060.55,4062.3,1586,
2024-04-29 10:23:00+05:30,4062.3,4062.3,4060.4,4060.9,400,
2024-04-29 10:24:00+05:30,4060.9,4062.25,4059,4060.75,1118,
2024-04-29 10:25:00+05:30,4060.75,4062.25,4060,4060.1,1208,
2024-04-29 10:26:00+05:30,4060.1,4070,4060.1,4061.95,3455,
2024-04-29 10:27:00+05:30,4061.95,4062,4055,4055,2649,
2024-04-29 10:28:00+05:30,4055,4056,4051.9,4052.05,1631,
2024-04-29 10:29:00+05:30,4052,4052,4043.05,4043.6,2587,
2024-04-29 10:30:00+05:30,4043.55,4049.9,4043.25,4045.2,1973,
2024-04-29 10:31:00+05:30,4045.2,4048.85,4045.2,4048.75,1013,
2024-04-29 10:32:00+05:30,4048.75,4050.6,4047,4047.3,1140,
2024-04-29 10:33:00+05:30,4049.45,4051.45,4047.1,4051.45,481,
2024-04-29 10:34:00+05:30,4051,4051,4046,4047.2,1752,
2024-04-29 10:35:00+05:30,4047.2,4049.2,4047,4047.4,592,
2024-04-29 10:36:00+05:30,4047.25,4050,4047.25,4049.7,492,
2024-04-29 10:37:00+05:30,4048.05,4049.7,4045.05,4046.6,4440,
2024-04-29 10:38:00+05:30,4047,4050,4045.6,4048,1892,
2024-04-29 10:39:00+05:30,4048,4049,4047.9,4049,275,
2024-04-29 10:40:00+05:30,4049,4049,4047,4047,476,
2024-04-29 10:41:00+05:30,4047.55,4048.75,4047,4047.15,587,
2024-04-29 10:42:00+05:30,4048.6,4048.9,4046.6,4047,911,
2024-04-29 10:43:00+05:30,4047,4047.4,4044.95,4047,3313,
2024-04-29 10:44:00+05:30,4047,4047.4,4043.7,4043.75,2614,
2024-04-29 10:45:00+05:30,4043.8,4047.45,4037.15,4037.15,6366,
2024-04-29 10:46:00+05:30,4036.4,4036.4,4027.9,4033.15,4865,
2024-04-29 10:47:00+05:30,4033.25,4034.5,4030.15,4030.15,1277,
2024-04-29 10:48:00+05:30,4030.1,4034.45,4030,4034.05,592,
2024-04-29 10:49:00+05:30,4033,4035,4033,4034,641,
2024-04-29 10:50:00+05:30,4033.95,4035.05,4025,4026.95,2393,
2024-04-29 10:51:00+05:30,4025.05,4029.35,4025,4025,2972,
2024-04-29 10:52:00+05:30,4025.4,4030.7,4024.95,4030,1280,
2024-04-29 10:53:00+05:30,4030,4034.1,4029.5,4033,399,
2024-04-29 10:54:00+05:30,4033,4034.55,4031.25,4033.5,639,
2024-04-29 10:55:00+05:30,4032.55,4036.35,4032.05,4034,2004,
2024-04-29 10:56:00+05:30,4034,4034.45,4029,4029,2096,
2024-04-29 10:57:00+05:30,4029,4029.95,4028.5,4028.5,157,
2024-04-29 10:58:00+05:30,4028.5,4028.95,4026.6,4028,729,
2024-04-29 10:59:00+05:30,4028,4029,4026.1,4026.1,264,
2024-04-29 11:00:00+05:30,4026.1,4026.6,4022.2,4023.75,1327,
2024-04-29 11:01:00+05:30,4022.1,4023.5,4022,4022.85,935,
2024-04-29 11:02:00+05:30,4023.5,4025,4022.75,4023.1,2229,
2024-04-29 11:03:00+05:30,4023.2,4023.35,4022,4022.95,549,
2024-04-29 11:04:00+05:30,4023,4025,4022.5,4023.15,1664,
2024-04-29 11:05:00+05:30,4023.15,4024.4,4017.55,4019.85,2673,
2024-04-29 11:06:00+05:30,4019.85,4020.15,4017.7,4020.15,1173,
2024-04-29 11:07:00+05:30,4020.15,4025.9,4020,4020.1,1419,
2024-04-29 11:08:00+05:30,4020.1,4022.85,4020.1,4022.45,427,
2024-04-29 11:09:00+05:30,4022.75,4022.75,4020.2,4021,514,
2024-04-29 11:10:00+05:30,4021,4022.5,4021,4022,203,
2024-04-29 11:11:00+05:30,4022,4023,4021,4022.85,966,
2024-04-29 11:12:00+05:30,4022.85,4022.85,4011.05,4015,3864,
2024-04-29 11:13:00+05:30,4015,4017.5,4014.75,4015.1,996,
2024-04-29 11:14:00+05:30,4015.1,4019.9,4015.1,4019.9,641,
2024-04-29 11:15:00+05:30,4019.9,4019.9,4017,4017,590,
2024-04-29 11:16:00+05:30,4017,4018.6,4016,4016.35,693,
2024-04-29 11:17:00+05:30,4016.35,4018.65,4015.75,4017.95,596,
2024-04-29 11:18:00+05:30,4018,4020,4016.35,4020,584,
2024-04-29 11:19:00+05:30,4020,4024.2,4018.15,4023.5,845,
2024-04-29 11:20:00+05:30,4021.3,4023.7,4018.55,4020.85,839,
2024-04-29 11:21:00+05:30,4020.85,4021.4,4019,4021,456,
2024-04-29 11:22:00+05:30,4020,4023.35,4020,4022.3,595,
2024-04-29 11:23:00+05:30,4022.3,4022.95,4018,4020.6,1826,
2024-04-29 11:24:00+05:30,4020.6,4022.4,4018.05,4022.4,536,
2024-04-29 11:25:00+05:30,4022.4,4022.4,4018.8,4020,928,
2024-04-29 11:26:00+05:30,4020.25,4023.35,4020.25,4022.7,2006,
2024-04-29 11:27:00+05:30,4020.6,4024.95,4020.5,4024.95,1071,
2024-04-29 11:28:00+05:30,4024.95,4025,4023,4023.7,545,
2024-04-29 11:29:00+05:30,4023.45,4025.35,4023.05,4023.1,1055,
2024-04-29 11:30:00+05:30,4023.1,4025.45,4019.45,4022.25,925,
2024-04-29 11:31:00+05:30,4020.2,4024.65,4020.2,4023,392,
2024-04-29 11:32:00+05:30,4023,4024.4,4020.35,4024.4,427,
2024-04-29 11:33:00+05:30,4022.15,4025,4021.2,4025,793,
2024-04-29 11:34:00+05:30,4023.2,4025.8,4023.2,4024.35,463,
2024-04-29 11:35:00+05:30,4025.85,4026,4023.25,4024.35,661,
2024-04-29 11:36:00+05:30,4024.35,4026,4024.35,4025.85,442,
2024-04-29 11:37:00+05:30,4024.55,4026,4021.6,4024.1,818,
2024-04-29 11:38:00+05:30,4024.1,4024.1,4020.15,4022.5,460,
2024-04-29 11:39:00+05:30,4022.5,4025.3,4020.3,4024.2,555,
2024-04-29 11:40:00+05:30,4024.2,4024.2,4020.5,4023.6,398,
2024-04-29 11:41:00+05:30,4022.2,4023.6,4021.25,4023.45,451,
2024-04-29 11:42:00+05:30,4023.45,4023.45,4018.1,4018.15,833,
2024-04-29 11:43:00+05:30,4018.15,4023.55,4018.15,4023.55,336,
2024-04-29 11:44:00+05:30,4021.7,4023,4018.65,4020,1715,
2024-04-29 11:45:00+05:30,4020,4020.75,4018.75,4020.75,438,
2024-04-29 11:46:00+05:30,4020.75,4021.65,4019,4019.6,366,
2024-04-29 11:47:00+05:30,4020.95,4023.95,4020.95,4022.35,684,
2024-04-29 11:48:00+05:30,4021.1,4023,4020.65,4023,459,
2024-04-29 11:49:00+05:30,4023,4023.95,4021,4021.65,270,
2024-04-29 11:50:00+05:30,4021.65,4023.15,4021,4022.85,438,
2024-04-29 11:51:00+05:30,4021,4023.4,4021,4022.95,379,
2024-04-29 11:52:00+05:30,4022.95,4022.95,4020.35,4021.45,323,
2024-04-29 11:53:00+05:30,4021.45,4023,4021.05,4023,286,
2024-04-29 11:54:00+05:30,4022,4023.25,4018.65,4020,1877,
2024-04-29 11:55:00+05:30,4018.5,4020,4018.5,4019.95,349,
2024-04-29 11:56:00+05:30,4019.95,4021.8,4019.05,4019.1,303,
2024-04-29 11:57:00+05:30,4019.1,4021.4,4018.95,4021.4,327,
2024-04-29 11:58:00+05:30,4019.8,4023.8,4019.55,4021.8,1412,
2024-04-29 11:59:00+05:30,4021.8,4022,4019.2,4019.65,819,
2024-04-29 12:00:00+05:30,4019.65,4024,4019.2,4022.4,1513,
2024-04-29 12:01:00+05:30,4022.4,4024.45,4020.65,4022.3,769,
2024-04-29 12:02:00+05:30,4022.3,4023,4020.9,4023,365,
2024-04-29 12:03:00+05:30,4023,4023,4020.4,4022.7,402,
2024-04-29 12:04:00+05:30,4020.5,4023,4020.15,4023,483,
2024-04-29 12:05:00+05:30,4020.6,4024.15,4020.6,4024.15,376,
2024-04-29 12:06:00+05:30,4024.15,4024.15,4021.6,4023.9,382,
2024-04-29 12:07:00+05:30,4023.9,4025,4020,4020,1089,
2024-04-29 12:08:00+05:30,4020,4022.45,4019.1,4022.45,548,
2024-04-29 12:09:00+05:30,4020.05,4021.9,4019.4,4021.5,258,
2024-04-29 12:10:00+05:30,4019.35,4024.15,4019.3,4023.8,362,
2024-04-29 12:11:00+05:30,4023.8,4024,4021.8,4021.95,311,
2024-04-29 12:12:00+05:30,4021.95,4023.9,4021,4022.45,336,
2024-04-29 12:13:00+05:30,4022.45,4024.15,4021.35,4024.05,333,
2024-04-29 12:14:00+05:30,4022.9,4023.4,4020.25,4022.1,492,
2024-04-29 12:15:00+05:30,4022.1,4023.45,4018.85,4023.45,692,
2024-04-29 12:16:00+05:30,4023.45,4024.15,4021,4024.15,241,
2024-04-29 12:17:00+05:30,4022.05,4024.05,4021.7,4023.8,373,
2024-04-29 12:18:00+05:30,4023.8,4024.2,4021.75,4022.25,397,
2024-04-29 12:19:00+05:30,4022.25,4024.45,4022.2,4024.15,351,
2024-04-29 12:20:00+05:30,4024.15,4024.15,4021.05,4023.5,376,
2024-04-29 12:21:00+05:30,4023.5,4024.15,4021.25,4023.5,432,
2024-04-29 12:22:00+05:30,4022.2,4024.4,4021,4022.65,2366,
2024-04-29 12:23:00+05:30,4022.65,4024.15,4021.2,4024.15,1948,
2024-04-29 12:24:00+05:30,4024.15,4024.8,4022.55,4024.15,477,
2024-04-29 12:25:00+05:30,4023.95,4025.1,4023.95,4025.1,5020,
2024-04-29 12:26:00+05:30,4024,4025.05,4024,4024.05,1196,
2024-04-29 12:27:00+05:30,4024.05,4025.25,4024,4024.15,1418,
2024-04-29 12:28:00+05:30,4024.15,4024.25,4021.5,4022,993,
2024-04-29 12:29:00+05:30,4021.45,4023.1,4020.85,4020.85,720,
2024-04-29 12:30:00+05:30,4021.6,4023,4020.45,4021.65,1016,
2024-04-29 12:31:00+05:30,4021.65,4022.1,4020.6,4020.65,825,
2024-04-29 12:32:00+05:30,4020.65,4021.6,4018,4020.55,613,
2024-04-29 12:33:00+05:30,4020.55,4021.6,4019,4021.5,561,
2024-04-29 12:34:00+05:30,4021.5,4021.85,4021.3,4021.5,352,
2024-04-29 12:35:00+05:30,4021.5,4024.3,4021.5,4022,1027,
2024-04-29 12:36:00+05:30,4022,4022,4018.7,4018.7,385,
2024-04-29 12:37:00+05:30,4018.7,4020,4018,4018,961,
2024-04-29 12:38:00+05:30,4018,4019.8,4018,4018,322,
2024-04-29 12:39:00+05:30,4018,4019.9,4017.25,4018,585,
2024-04-29 12:40:00+05:30,4017.7,4019.35,4016,4016.35,627,
2024-04-29 12:41:00+05:30,4016.35,4018,4011.05,4011.7,2123,
2024-04-29 12:42:00+05:30,4013.25,4013.25,4002.05,4008.5,9055,
2024-04-29 12:43:00+05:30,4008.5,4010.4,4006.15,4009,675,
2024-04-29 12:44:00+05:30,4009,4014,4008.05,4011.1,1255,
2024-04-29 12:45:00+05:30,4011.1,4013.05,4010.05,4010.7,1041,
2024-04-29 12:46:00+05:30,4010.7,4013.65,4010.7,4011.75,714,
2024-04-29 12:47:00+05:30,4011.75,4013.95,4011.75,4013,385,
2024-04-29 12:48:00+05:30,4013,4013.7,4012.1,4012.1,568,
2024-04-29 12:49:00+05:30,4012.1,4013.75,4008,4009.2,938,
2024-04-29 12:50:00+05:30,4008.1,4010.7,4008.1,4009,548,
2024-04-29 12:51:00+05:30,4009,4009,4004.7,4004.7,1233,
2024-04-29 12:52:00+05:30,4004.7,4010.7,4004.7,4009.4,500,
2024-04-29 12:53:00+05:30,4009.4,4011.2,4008.05,4008.55,653,
2024-04-29 12:54:00+05:30,4008.55,4010,4006.25,4006.25,245,
2024-04-29 12:55:00+05:30,4006.25,4009.45,4004.5,4006.85,2145,
2024-04-29 12:56:00+05:30,4006.85,4010.25,4005.05,4006.05,877,
2024-04-29 12:57:00+05:30,4009.75,4010.05,4006.65,4006.75,998,
2024-04-29 12:58:00+05:30,4006.7,4008.65,4006.15,4006.2,529,
2024-04-29 12:59:00+05:30,4006.2,4010,4005.35,4007.75,1421,
2024-04-29 13:00:00+05:30,4007.75,4010,4007.55,4007.75,432,
2024-04-29 13:01:00+05:30,4007.75,4010,4006.1,4006.15,434,
2024-04-29 13:02:00+05:30,4006.15,4017.9,4006.15,4015.9,5485,
2024-04-29 13:03:00+05:30,4015.9,4018,4015.15,4015.65,387,
2024-04-29 13:04:00+05:30,4015.65,4017.35,4015,4015,483,
2024-04-29 13:05:00+05:30,4015,4016.65,4015,4015.55,248,
2024-04-29 13:06:00+05:30,4015.55,4021.55,4015,4020.05,3787,
2024-04-29 13:07:00+05:30,4020.05,4021.75,4019.65,4020,1341,
2024-04-29 13:08:00+05:30,4020,4021.7,4020,4020,1004,
2024-04-29 13:09:00+05:30,4020,4022.8,4020,4022,407,
2024-04-29 13:10:00+05:30,4022,4024.75,4022,4023.1,854,
2024-04-29 13:11:00+05:30,4023.1,4024.8,4022.1,4022.1,534,
2024-04-29 13:12:00+05:30,4022.1,4022.95,4020,4021.5,822,
2024-04-29 13:13:00+05:30,4021.5,4021.5,4012.55,4012.75,3096,
2024-04-29 13:14:00+05:30,4012.75,4016.35,4012.1,4015,824,
2024-04-29 13:15:00+05:30,4015,4016.35,4015,4015,434,
2024-04-29 13:16:00+05:30,4015,4016.35,4015,4015,1663,
2024-04-29 13:17:00+05:30,4015,4016.95,4015,4015,470,
2024-04-29 13:18:00+05:30,4015,4017,4015,4015.05,162,
2024-04-29 13:19:00+05:30,4015.05,4022.95,4015.05,4021,2916,
2024-04-29 13:20:00+05:30,4021,4024.7,4017.2,4020.25,4304,
2024-04-29 13:21:00+05:30,4020.25,4022.05,4020,4020.05,992,
2024-04-29 13:22:00+05:30,4020.55,4020.55,4019.95,4020.35,1921,
2024-04-29 13:23:00+05:30,4020.35,4021.15,4020,4020,1135,
2024-04-29 13:24:00+05:30,4020,4021.9,4020,4020,415,
2024-04-29 13:25:00+05:30,4020,4022.95,4019,4019,779,
2024-04-29 13:26:00+05:30,4019,4019,4009.15,4010.95,673,
2024-04-29 13:27:00+05:30,4010.95,4014.1,4010.4,4011.4,505,
2024-04-29 13:28:00+05:30,4011.4,4014.95,4011,4014.95,392,
2024-04-29 13:29:00+05:30,4013.3,4018.45,4011,4011,1666,
2024-04-29 13:30:00+05:30,4011,4011,4005.75,4005.8,739,
2024-04-29 13:31:00+05:30,4005.05,4009.95,4005.05,4009.7,647,
2024-04-29 13:32:00+05:30,4009.7,4010.45,4006.55,4007.35,387,
2024-04-29 13:33:00+05:30,4007.35,4009.9,4007.35,4007.7,209,
2024-04-29 13:34:00+05:30,4007.7,4011.55,4007.7,4008.95,278,
2024-04-29 13:35:00+05:30,4008.65,4008.95,4005.85,4006.4,799,
2024-04-29 13:36:00+05:30,4005.5,4006.5,4005,4005,600,
2024-04-29 13:37:00+05:30,4005,4006.45,4002.25,4002.25,500,
2024-04-29 13:38:00+05:30,4002.45,4002.45,3992,3993.05,3398,
2024-04-29 13:39:00+05:30,3993.05,3998.9,3992.9,3995.05,1040,
2024-04-29 13:40:00+05:30,3995.05,4005.95,3993.15,4005.95,1885,
2024-04-29 13:41:00+05:30,4005.95,4007.45,4001.5,4001.5,984,
2024-04-29 13:42:00+05:30,4001.8,4004.95,4000.45,4003.7,517,
2024-04-29 13:43:00+05:30,4003.7,4003.7,4000.05,4002.75,223,
2024-04-29 13:44:00+05:30,4000.4,4004.25,4000.4,4002.45,464,
2024-04-29 13:45:00+05:30,4003.35,4003.65,4001,4001.45,238,
2024-04-29 13:46:00+05:30,4001,4001.45,3997.2,3997.9,762,
2024-04-29 13:47:00+05:30,3997.9,3999.8,3996.7,3998.85,598,
2024-04-29 13:48:00+05:30,3998.85,4000.95,3997.2,3997.25,787,
2024-04-29 13:49:00+05:30,3997.25,4000,3996.15,3998.3,701,
2024-04-29 13:50:00+05:30,3998.3,4001,3997.75,4000.95,327,
2024-04-29 13:51:00+05:30,4000.95,4004.85,3998.3,4004.7,2705,
2024-04-29 13:52:00+05:30,4004.7,4006.5,4002.55,4006.5,636,
2024-04-29 13:53:00+05:30,4006.5,4007.7,4004.5,4005.75,676,
2024-04-29 13:54:00+05:30,4005.05,4010,4005.05,4006.65,611,
2024-04-29 13:55:00+05:30,4006.65,4009.2,4005.95,4008.5,316,
2024-04-29 13:56:00+05:30,4008.5,4008.55,4005.7,4005.7,247,
2024-04-29 13:57:00+05:30,4005.7,4007,4005.7,4006.2,169,
2024-04-29 13:58:00+05:30,4006.2,4007.45,4005.7,4006.8,772,
2024-04-29 13:59:00+05:30,4006.8,4009.7,4005.7,4007.55,366,
2024-04-29 14:00:00+05:30,4007.55,4012.1,4007.55,4009.5,787,
2024-04-29 14:01:00+05:30,4009.5,4011.85,4009,4009.7,561,
2024-04-29 14:02:00+05:30,4009.7,4012.45,4009.6,4009.6,337,
2024-04-29 14:03:00+05:30,4009.6,4011.2,4007.65,4008.35,868,
2024-04-29 14:04:00+05:30,4008.35,4011.05,4008.35,4010,457,
2024-04-29 14:05:00+05:30,4010,4010.95,4009,4009.85,153,
2024-04-29 14:06:00+05:30,4009.85,4010,4009,4009,318,
2024-04-29 14:07:00+05:30,4009,4009,4005.2,4006.45,493,
2024-04-29 14:08:00+05:30,4006.2,4008.95,4005.9,4008.75,752,
2024-04-29 14:09:00+05:30,4008.75,4008.75,4004,4005,216,
2024-04-29 14:10:00+05:30,4006.2,4006.2,4002.75,4004.95,411,
2024-04-29 14:11:00+05:30,4002.8,4006,4002.8,4004.95,668,
2024-04-29 14:12:00+05:30,4004.95,4004.95,4001.95,4001.95,399,
2024-04-29 14:13:00+05:30,4001.95,4005.9,4001.95,4002.1,291,
2024-04-29 14:14:00+05:30,4004.25,4004.55,4001.35,4004.35,557,
2024-04-29 14:15:00+05:30,4001.8,4004.25,4001,4001.2,437,
2024-04-29 14:16:00+05:30,4001.2,4003.05,3998.1,3999.95,1579,
2024-04-29 14:17:00+05:30,3999.95,4002,3998.75,4001.5,602,
2024-04-29 14:18:00+05:30,4001.5,4001.5,3998.2,3998.45,414,
2024-04-29 14:19:00+05:30,3998.45,4001.05,3998.05,3999.9,1354,
2024-04-29 14:20:00+05:30,3999.95,4001.5,3998.05,4000,1091,
2024-04-29 14:21:00+05:30,4000,4001.5,3999.9,4001.35,669,
2024-04-29 14:22:00+05:30,4000.1,4001.8,4000,4000,377,
2024-04-29 14:23:00+05:30,4000.05,4003,4000.05,4001.2,419,
2024-04-29 14:24:00+05:30,4001.2,4003.65,4000.35,4000.65,599,
2024-04-29 14:25:00+05:30,4000.6,4001.65,4000,4001.65,622,
2024-04-29 14:26:00+05:30,4001.65,4002.05,4000,4001.2,330,
2024-04-29 14:27:00+05:30,4000,4001.5,3999,4000,583,
2024-04-29 14:28:00+05:30,4000,4001.85,3999,3999,566,
2024-04-29 14:29:00+05:30,3999,4001.2,3999,4000.4,607,
2024-04-29 14:30:00+05:30,4000.9,4003.6,4000,4000,626,
2024-04-29 14:31:00+05:30,4000,4004.2,4000,4001.95,544,
2024-04-29 14:32:00+05:30,4000.3,4003.5,4000,4000.25,564,
2024-04-29 14:33:00+05:30,4002.95,4003.2,4000,4002.4,466,
2024-04-29 14:34:00+05:30,4002.4,4002.4,3999,4000.05,1465,
2024-04-29 14:35:00+05:30,4000.1,4002.45,3998.05,3999.95,529,
2024-04-29 14:36:00+05:30,3999.95,4001,3998.05,3999.85,532,
2024-04-29 14:37:00+05:30,3999.85,4002.7,3998.05,3999.95,304,
2024-04-29 14:38:00+05:30,3998.5,4000,3998.05,3999.9,492,
2024-04-29 14:39:00+05:30,3998.05,3999.95,3998.05,3998.05,225,
2024-04-29 14:40:00+05:30,3999.65,4000,3998.05,3998.25,291,
2024-04-29 14:41:00+05:30,3998.25,3999.9,3996.5,3996.5,825,
2024-04-29 14:42:00+05:30,3996.5,3998.35,3995.3,3996.05,545,
2024-04-29 14:43:00+05:30,3995.4,3998.35,3993,3993.65,2316,
2024-04-29 14:44:00+05:30,3993.65,3994.7,3992.3,3992.35,753,
2024-04-29 14:45:00+05:30,3991.55,3995,3990.1,3990.2,2042,
2024-04-29 14:46:00+05:30,3990.2,3993.95,3988.95,3990.25,2756,
2024-04-29 14:47:00+05:30,3990.25,3992.95,3982.7,3982.7,3645,
2024-04-29 14:48:00+05:30,3982.6,3984.9,3975.45,3978.25,6973,
2024-04-29 14:49:00+05:30,3977.95,3980,3975.05,3976,959,
2024-04-29 14:50:00+05:30,3976,3977.45,3975,3975,2884,
2024-04-29 14:51:00+05:30,3975,3977.2,3971.1,3975.1,2426,
2024-04-29 14:52:00+05:30,3975.1,3979.1,3975.1,3977,772,
2024-04-29 14:53:00+05:30,3977,3981.5,3976.1,3981.5,1222,
2024-04-29 14:54:00+05:30,3982.05,3986.7,3982,3984,1754,
2024-04-29 14:55:00+05:30,3984,3986.2,3982.8,3982.8,595,
2024-04-29 14:56:00+05:30,3984,3984,3979.55,3980.7,435,
2024-04-29 14:57:00+05:30,3980.7,3985.45,3980,3985,1164,
2024-04-29 14:58:00+05:30,3985,3987.9,3985,3985.55,948,
2024-04-29 14:59:00+05:30,3985.65,3989.35,3985.65,3988.1,152,
2024-04-29 15:00:00+05:30,3988.85,3991.8,3988.85,3989.9,2512,
2024-04-29 15:01:00+05:30,3989.9,3991.5,3989.15,3989.55,1628,
2024-04-29 15:02:00+05:30,3990,3995.25,3989.55,3990,4070,
2024-04-29 15:03:00+05:30,3990,3991.55,3989,3989.1,1378,
2024-04-29 15:04:00+05:30,3989.1,3991.55,3989,3990.05,1663,
2024-04-29 15:05:00+05:30,3991.5,3991.8,3988.55,3989.25,1738,
2024-04-29 15:06:00+05:30,3989.7,3991,3989.25,3989.75,976,
2024-04-29 15:07:00+05:30,3989.65,3991.8,3989.25,3990.1,2119,
2024-04-29 15:08:00+05:30,3989.95,3990.1,3988.05,3989,2750,
2024-04-29 15:09:00+05:30,3989,3992,3988.65,3989.8,1611,
2024-04-29 15:10:00+05:30,3989.95,3991.5,3986.8,3988.85,1700,
2024-04-29 15:11:00+05:30,3988.85,3991.9,3988.25,3989.2,1569,
2024-04-29 15:12:00+05:30,3989.2,3991.8,3989,3989,1253,
2024-04-29 15:13:00+05:30,3990.95,3991.3,3989,3989.95,1568,
2024-04-29 15:14:00+05:30,3989.95,3992.2,3986.65,3988.25,2826,
2024-04-29 15:15:00+05:30,3989.95,3991.75,3987.75,3989.85,3013,
2024-04-29 15:16:00+05:30,3991.5,3992,3984.05,3989.95,4238,
2024-04-29 15:17:00+05:30,3989.95,3991.85,3988.15,3989.9,1616,
2024-04-29 15:18:00+05:30,3990.6,3991.15,3987.65,3990,3884,
2024-04-29 15:19:00+05:30,3990,3991,3984.6,3986,6459,
2024-04-29 15:20:00+05:30,3986.9,3990.4,3985.4,3986.45,3308,
2024-04-29 15:21:00+05:30,3988.5,3990,3985,3989.25,1715,
2024-04-29 15:22:00+05:30,3990,3990.6,3989.05,3990,1367,
2024-04-29 15:23:00+05:30,3990,3990,3988.55,3989.4,1857,
2024-04-29 15:24:00+05:30,3989.4,3990,3989.4,3990,1319,
2024-04-29 15:25:00+05:30,3989.95,3990,3989.8,3989.9,1288,
2024-04-29 15:26:00+05:30,3990,3990,3988.35,3989.9,1284,
2024-04-29 15:27:00+05:30,3989.9,3989.9,3988,3988.35,1452,
2024-04-29 15:28:00+05:30,3988.4,3990,3986.2,3987.9,1952,
2024-04-29 15:29:00+05:30,3988,3990,3982.4,3990,2564,
2024-04-30 09:15:00+05:30,4013,4013,3973.6,3992.2,3012,
2024-04-30 09:16:00+05:30,3993.55,4005.05,3990.4,4005.05,2431,
2024-04-30 09:17:00+05:30,4005.9,4005.9,4001.7,4003.95,534,
2024-04-30 09:18:00+05:30,4003.95,4005,4000,4002.05,1352,
2024-04-30 09:19:00+05:30,4000.85,4003.95,3998.7,4000.9,992,
2024-04-30 09:20:00+05:30,4000.9,4000.9,3994.8,3995,1352,
2024-04-30 09:21:00+05:30,3994.9,3997,3992.05,3992.75,2238,
2024-04-30 09:22:00+05:30,3992.75,4004.95,3992.75,4004.95,2000,
2024-04-30 09:23:00+05:30,4005,4016.15,4005,4013.85,2392,
2024-04-30 09:24:00+05:30,4013.85,4019,4013,4019,1486,
2024-04-30 09:25:00+05:30,4019,4025.2,4016.75,4024.95,4169,
2024-04-30 09:26:00+05:30,4022.2,4029.7,4022.2,4029.7,2491,
2024-04-30 09:27:00+05:30,4029.7,4030.55,4026.4,4029.35,2658,
2024-04-30 09:28:00+05:30,4029.35,4038,4027,4038,4621,
2024-04-30 09:29:00+05:30,4038,4042.75,4035.05,4036.1,6076,
2024-04-30 09:30:00+05:30,4036.65,4041.65,4035,4038.9,1624,
2024-04-30 09:31:00+05:30,4038.9,4040,4035,4036.85,2393,
2024-04-30 09:32:00+05:30,4036.85,4037.75,4033.05,4034.95,1173,
2024-04-30 09:33:00+05:30,4034.95,4044.95,4032.2,4042.9,4530,
2024-04-30 09:34:00+05:30,4042.9,4042.9,4038.95,4041.95,321,
2024-04-30 09:35:00+05:30,4041.95,4042,4039.65,4041,414,
2024-04-30 09:36:00+05:30,4041,4041,4035.45,4036.9,1066,
2024-04-30 09:37:00+05:30,4037.85,4038.8,4036.3,4036.45,314,
2024-04-30 09:38:00+05:30,4036.45,4038.35,4035.7,4037.8,560,
2024-04-30 09:39:00+05:30,4037.8,4037.9,4035.7,4037.65,1447,
2024-04-30 09:40:00+05:30,4037.65,4040,4035.15,4040,980,
2024-04-30 09:41:00+05:30,4040,4040,4038.45,4040,489,
2024-04-30 09:42:00+05:30,4040,4056.1,4039.95,4056.1,7526,
2024-04-30 09:43:00+05:30,4054.35,4054.7,4050,4050,1498,
2024-04-30 09:44:00+05:30,4050,4054.5,4049.5,4051.1,1946,
2024-04-30 09:45:00+05:30,4051.1,4054.15,4049.05,4049.05,1530,
2024-04-30 09:46:00+05:30,4049.05,4050.5,4044.85,4046,1592,
2024-04-30 09:47:00+05:30,4047.75,4052,4044.65,4052,1720,
2024-04-30 09:48:00+05:30,4051.95,4052,4047,4048.2,1516,
2024-04-30 09:49:00+05:30,4049.9,4050.55,4047.1,4049,368,
2024-04-30 09:50:00+05:30,4049,4059.9,4048,4059.9,2573,
2024-04-30 09:51:00+05:30,4059.9,4060,4053.8,4054,1442,
2024-04-30 09:52:00+05:30,4054,4055.9,4050,4050,518,
2024-04-30 09:53:00+05:30,4050,4051.9,4049.15,4050,1186,
2024-04-30 09:54:00+05:30,4050,4050,4042.25,4048.15,1918,
2024-04-30 09:55:00+05:30,4045.55,4048.1,4043.7,4046.95,1664,
2024-04-30 09:56:00+05:30,4044.8,4046.95,4043.7,4045,911,
2024-04-30 09:57:00+05:30,4045,4046,4044.8,4045.9,185,
2024-04-30 09:58:00+05:30,4044,4045.95,4043.7,4045.65,663,
2024-04-30 09:59:00+05:30,4045.65,4046,4043.7,4045.65,912,
2024-04-30 10:00:00+05:30,4043.75,4050,4043.75,4049.9,689,
2024-04-30 10:01:00+05:30,4048.6,4055.75,4048.6,4055.75,3332,
2024-04-30 10:02:00+05:30,4056.65,4057.4,4051.7,4051.7,1093,
2024-04-30 10:03:00+05:30,4051.7,4054,4050,4053.25,1472,
2024-04-30 10:04:00+05:30,4053.25,4053.95,4052,4053.95,276,
2024-04-30 10:05:00+05:30,4053.4,4053.4,4047.1,4049.9,1027,
2024-04-30 10:06:00+05:30,4049.9,4051.9,4048.3,4049.95,422,
2024-04-30 10:07:00+05:30,4049.95,4051.7,4048.1,4050,453,
2024-04-30 10:08:00+05:30,4050,4051,4048.25,4049.95,833,
2024-04-30 10:09:00+05:30,4049.65,4053.15,4048.2,4048.2,1057,
2024-04-30 10:10:00+05:30,4050,4050,4048.1,4050,193,
2024-04-30 10:11:00+05:30,4050,4052,4047.4,4050.15,1085,
2024-04-30 10:12:00+05:30,4050.15,4054.55,4050,4051,1533,
2024-04-30 10:13:00+05:30,4051,4055,4050.55,4050.6,1554,
2024-04-30 10:14:00+05:30,4050.6,4052.9,4049.95,4049.95,790,
2024-04-30 10:15:00+05:30,4049.95,4051.3,4049,4051.3,285,
2024-04-30 10:16:00+05:30,4050,4052,4048.8,4049.3,914,
2024-04-30 10:17:00+05:30,4049.3,4052.4,4047,4050.85,228,
2024-04-30 10:18:00+05:30,4051.75,4054.65,4048.2,4050,593,
2024-04-30 10:19:00+05:30,4050,4051,4048.75,4050,212,
2024-04-30 10:20:00+05:30,4050,4052.1,4048.3,4050,432,
2024-04-30 10:21:00+05:30,4050,4051,4048.7,4049.3,331,
2024-04-30 10:22:00+05:30,4049.3,4051,4048.1,4050.15,506,
2024-04-30 10:23:00+05:30,4050.15,4050.25,4047.3,4049.95,352,
2024-04-30 10:24:00+05:30,4049.95,4050,4047.5,4049.8,76,
2024-04-30 10:25:00+05:30,4049.8,4052,4046.35,4050.3,1543,
2024-04-30 10:26:00+05:30,4050.15,4051.55,4050.05,4050.05,208,
2024-04-30 10:27:00+05:30,4050.05,4052,4050,4050.15,201,
2024-04-30 10:28:00+05:30,4050.15,4051.95,4050.15,4051.8,185,
2024-04-30 10:29:00+05:30,4051.8,4051.8,4050.1,4051.75,313,
2024-04-30 10:30:00+05:30,4050.15,4050.5,4048.7,4050,1073,
2024-04-30 10:31:00+05:30,4050,4052,4049.4,4050,696,
2024-04-30 10:32:00+05:30,4050,4050,4045.05,4050,551,
2024-04-30 10:33:00+05:30,4050,4050,4045.05,4049.6,425,
2024-04-30 10:34:00+05:30,4049.6,4049.6,4046.55,4048,231,
2024-04-30 10:35:00+05:30,4048,4048,4046.15,4047.85,301,
2024-04-30 10:36:00+05:30,4047.85,4048.9,4046.15,4048.9,242,
2024-04-30 10:37:00+05:30,4048.9,4048.9,4046.7,4048,188,
2024-04-30 10:38:00+05:30,4048,4048.9,4046.65,4048.9,204,
2024-04-30 10:39:00+05:30,4048.9,4049.85,4045.15,4047.85,930,
2024-04-30 10:40:00+05:30,4047.6,4047.6,4042.15,4044.8,875,
2024-04-30 10:41:00+05:30,4045,4047.7,4044,4046.7,601,
2024-04-30 10:42:00+05:30,4046.7,4047,4044.25,4046,193,
2024-04-30 10:43:00+05:30,4046,4046.85,4046,4046.5,99,
2024-04-30 10:44:00+05:30,4046.5,4046.5,4042.35,4044.85,1079,
2024-04-30 10:45:00+05:30,4046,4046.2,4044.5,4045,668,
2024-04-30 10:46:00+05:30,4045,4052,4045,4051.95,1398,
2024-04-30 10:47:00+05:30,4051.95,4051.95,4050.55,4051,361,
2024-04-30 10:48:00+05:30,4051,4054,4050.8,4051.5,1953,
2024-04-30 10:49:00+05:30,4051.5,4056.7,4051.5,4056.7,785,
2024-04-30 10:50:00+05:30,4056.7,4066,4055.2,4066,3316,
2024-04-30 10:51:00+05:30,4063.85,4066,4060.4,4062.75,2366,
2024-04-30 10:52:00+05:30,4062.75,4062.75,4058.05,4059.05,785,
2024-04-30 10:53:00+05:30,4059.05,4060.45,4054.55,4056.1,905,
2024-04-30 10:54:00+05:30,4056.1,4060.2,4056.1,4057.6,616,
2024-04-30 10:55:00+05:30,4057.6,4059,4054,4054.15,575,
2024-04-30 10:56:00+05:30,4054.15,4056.65,4052.25,4052.25,1207,
2024-04-30 10:57:00+05:30,4052.25,4054.1,4049,4050,496,
2024-04-30 10:58:00+05:30,4050,4051,4049,4050,242,
2024-04-30 10:59:00+05:30,4050.05,4051.85,4049.2,4050,206,
2024-04-30 11:00:00+05:30,4051.65,4054.8,4050.1,4053,113,
2024-04-30 11:01:00+05:30,4054.9,4054.9,4049.65,4050,631,
2024-04-30 11:02:00+05:30,4050,4052.8,4049.3,4050.8,214,
2024-04-30 11:03:00+05:30,4050.8,4052.5,4050.65,4051.05,468,
2024-04-30 11:04:00+05:30,4050.8,4052.5,4050.65,4050.7,340,
2024-04-30 11:05:00+05:30,4050.7,4053.85,4050.7,4053.85,107,
2024-04-30 11:06:00+05:30,4052.35,4053.5,4050.25,4053.5,689,
2024-04-30 11:07:00+05:30,4053.5,4055.95,4051.9,4055.9,795,
2024-04-30 11:08:00+05:30,4053.85,4056.55,4051.7,4051.7,795,
2024-04-30 11:09:00+05:30,4051.7,4052.5,4050,4052.2,351,
2024-04-30 11:10:00+05:30,4050.1,4052.2,4050.1,4052.1,131,
2024-04-30 11:11:00+05:30,4050.9,4052.1,4050.6,4051.95,227,
2024-04-30 11:12:00+05:30,4051.95,4052,4050.45,4051.95,319,
2024-04-30 11:13:00+05:30,4050.45,4051,4050,4050,592,
2024-04-30 11:14:00+05:30,4050,4051.2,4049.25,4050,86,
2024-04-30 11:15:00+05:30,4050,4052,4050,4052,246,
2024-04-30 11:16:00+05:30,4052.1,4052.1,4050.25,4050.25,187,
2024-04-30 11:17:00+05:30,4050.25,4051,4050.15,4050.95,356,
2024-04-30 11:18:00+05:30,4051.25,4054.85,4051.25,4054.8,526,
2024-04-30 11:19:00+05:30,4054.8,4054.8,4052.3,4053.55,247,
2024-04-30 11:20:00+05:30,4053.55,4054.8,4052.45,4052.7,180,
2024-04-30 11:21:00+05:30,4052.7,4054.85,4052.7,4054.4,127,
2024-04-30 11:22:00+05:30,4054.4,4059,4054.4,4059,702,
2024-04-30 11:23:00+05:30,4059.55,4059.7,4057.9,4059.7,183,
2024-04-30 11:24:00+05:30,4059.7,4059.85,4057.85,4059,443,
2024-04-30 11:25:00+05:30,4059.7,4060,4059,4060,514,
2024-04-30 11:26:00+05:30,4060,4060,4059,4059.75,227,
2024-04-30 11:27:00+05:30,4059.75,4063.85,4059.05,4063.85,1194,
2024-04-30 11:28:00+05:30,4063.85,4063.85,4051,4051.1,11897,
2024-04-30 11:29:00+05:30,4051.1,4052,4049.15,4050.25,489,
2024-04-30 11:30:00+05:30,4050.25,4051.25,4049.7,4051.25,732,
2024-04-30 11:31:00+05:30,4051.25,4051.25,4050.05,4050.9,87,
2024-04-30 11:32:00+05:30,4050.9,4051.3,4050.05,4051.3,71,
2024-04-30 11:33:00+05:30,4051.3,4051.9,4050.05,4050.15,117,
2024-04-30 11:34:00+05:30,4050.15,4051.75,4049.95,4051.4,448,
2024-04-30 11:35:00+05:30,4051.4,4053,4051.4,4053,89,
2024-04-30 11:36:00+05:30,4053,4053,4052.1,4053,84,
2024-04-30 11:37:00+05:30,4053,4054.85,4052.1,4054,716,
2024-04-30 11:38:00+05:30,4054,4054,4052.25,4054,414,
2024-04-30 11:39:00+05:30,4053.95,4054.85,4052.65,4053.75,36,
2024-04-30 11:40:00+05:30,4053.75,4054,4051.8,4051.8,395,
2024-04-30 11:41:00+05:30,4051.8,4053.25,4050,4050.2,1020,
2024-04-30 11:42:00+05:30,4050.2,4052.45,4050,4050,1157,
2024-04-30 11:43:00+05:30,4050,4056,4050,4056,2155,
2024-04-30 11:44:00+05:30,4056,4057.95,4050,4050,464,
2024-04-30 11:45:00+05:30,4050,4051.6,4050,4051.6,266,
2024-04-30 11:46:00+05:30,4050.25,4052.15,4050.25,4050.9,254,
2024-04-30 11:47:00+05:30,4050.9,4052.6,4050.9,4051.85,84,
2024-04-30 11:48:00+05:30,4051.85,4051.9,4048.15,4050.1,816,
2024-04-30 11:49:00+05:30,4050.1,4050.1,4046.15,4047.35,284,
2024-04-30 11:50:00+05:30,4047.35,4049.5,4046.15,4049.5,861,
2024-04-30 11:51:00+05:30,4049.5,4050,4048.4,4050,881,
2024-04-30 11:52:00+05:30,4050,4050,4049,4050,229,
2024-04-30 11:53:00+05:30,4050,4054.25,4049.95,4051.8,950,
2024-04-30 11:54:00+05:30,4051.2,4052.9,4049.95,4050,313,
2024-04-30 11:55:00+05:30,4050,4051.4,4048.75,4050,246,
2024-04-30 11:56:00+05:30,4048.45,4050,4048.05,4050,43,
2024-04-30 11:57:00+05:30,4050,4051.45,4048,4050,203,
2024-04-30 11:58:00+05:30,4050,4050.8,4047.95,4050,132,
2024-04-30 11:59:00+05:30,4050,4053.15,4050,4052.75,868,
2024-04-30 12:00:00+05:30,4052.75,4058.9,4052.75,4058.5,1250,
2024-04-30 12:01:00+05:30,4055.3,4060,4055.3,4056.9,1125,
2024-04-30 12:02:00+05:30,4056.9,4058.6,4056.8,4056.8,281,
2024-04-30 12:03:00+05:30,4056.8,4058,4053.65,4055.95,172,
2024-04-30 12:04:00+05:30,4055.95,4055.95,4052.05,4052.6,399,
2024-04-30 12:05:00+05:30,4054.95,4054.95,4052.7,4053.95,73,
2024-04-30 12:06:00+05:30,4053.1,4055,4052.8,4054.75,368,
2024-04-30 12:07:00+05:30,4054.75,4056.95,4053.1,4055.95,312,
2024-04-30 12:08:00+05:30,4054.7,4056.4,4054.7,4054.7,218,
2024-04-30 12:09:00+05:30,4054.7,4056.5,4054.15,4056.25,208,
2024-04-30 12:10:00+05:30,4056.25,4057,4054.45,4054.7,380,
2024-04-30 12:11:00+05:30,4054.7,4055.55,4052.6,4054.7,233,
2024-04-30 12:12:00+05:30,4054.65,4054.65,4051.7,4051.7,466,
2024-04-30 12:13:00+05:30,4051.7,4052.95,4049.55,4050,722,
2024-04-30 12:14:00+05:30,4050,4052.1,4047.85,4052.1,539,
2024-04-30 12:15:00+05:30,4052.1,4053.25,4050,4052.6,239,
2024-04-30 12:16:00+05:30,4052.6,4052.9,4050.45,4050.45,100,
2024-04-30 12:17:00+05:30,4050.45,4051.95,4050.2,4050.95,337,
2024-04-30 12:18:00+05:30,4050.4,4053.35,4050.4,4053.3,266,
2024-04-30 12:19:00+05:30,4053.3,4053.3,4050.4,4052.75,112,
2024-04-30 12:20:00+05:30,4051.5,4052.7,4050.05,4050.05,512,
2024-04-30 12:21:00+05:30,4050.05,4051.55,4050,4051.5,101,
2024-04-30 12:22:00+05:30,4051.5,4051.95,4050,4050,164,
2024-04-30 12:23:00+05:30,4050,4051,4049.9,4051,648,
2024-04-30 12:24:00+05:30,4051,4051,4048.5,4049.95,142,
2024-04-30 12:25:00+05:30,4049.95,4050,4048.6,4050,273,
2024-04-30 12:26:00+05:30,4050,4050,4048.6,4050,205,
2024-04-30 12:27:00+05:30,4050,4050,4048.65,4050,156,
2024-04-30 12:28:00+05:30,4050,4050,4049,4050,350,
2024-04-30 12:29:00+05:30,4050,4050,4048.55,4050,184,
2024-04-30 12:30:00+05:30,4050,4050,4048.55,4049.75,397,
2024-04-30 12:31:00+05:30,4049.75,4050,4048.5,4050,264,
2024-04-30 12:32:00+05:30,4050,4050.9,4048.5,4048.75,457,
2024-04-30 12:33:00+05:30,4048.75,4051.15,4048.7,4051.15,287,
2024-04-30 12:34:00+05:30,4051.15,4051.15,4048.65,4048.65,363,
2024-04-30 12:35:00+05:30,4048.65,4050.45,4048.65,4050,130,
2024-04-30 12:36:00+05:30,4050,4051.45,4048.75,4051.4,239,
2024-04-30 12:37:00+05:30,4051.4,4051.75,4050.4,4050.45,293,
2024-04-30 12:38:00+05:30,4050.45,4050.45,4049.05,4049.95,1083,
2024-04-30 12:39:00+05:30,4049.95,4049.95,4048,4048,269,
2024-04-30 12:40:00+05:30,4048,4048,4046,4048,387,
2024-04-30 12:41:00+05:30,4048,4050,4046,4050,531,
2024-04-30 12:42:00+05:30,4050,4050,4048,4050,140,
2024-04-30 12:43:00+05:30,4050,4050,4046.95,4048.85,87,
2024-04-30 12:44:00+05:30,4048.85,4048.85,4046.6,4048.45,561,
2024-04-30 12:45:00+05:30,4048.45,4048.45,4045.1,4047,578,
2024-04-30 12:46:00+05:30,4047,4047,4045.1,4045.1,370,
2024-04-30 12:47:00+05:30,4046.65,4046.65,4042,4044.25,1224,
2024-04-30 12:48:00+05:30,4044.25,4046.15,4042,4045.75,1220,
2024-04-30 12:49:00+05:30,4045.75,4045.95,4042.8,4045.5,730,
2024-04-30 12:50:00+05:30,4045.5,4047.95,4044.7,4047.95,390,
2024-04-30 12:51:00+05:30,4047.95,4049.2,4045.8,4047,368,
2024-04-30 12:52:00+05:30,4047,4047,4035.1,4037,3281,
2024-04-30 12:53:00+05:30,4037,4037.65,4030.6,4033.8,1708,
2024-04-30 12:54:00+05:30,4033.8,4034.9,4031.7,4034.8,349,
2024-04-30 12:55:00+05:30,4034.8,4034.8,4027.05,4027.1,1814,
2024-04-30 12:56:00+05:30,4027.1,4036.6,4027.1,4034.2,732,
2024-04-30 12:57:00+05:30,4034.2,4036,4033.85,4035.5,333,
2024-04-30 12:58:00+05:30,4034,4036.95,4033.8,4036.55,327,
2024-04-30 12:59:00+05:30,4035.8,4037.6,4035.65,4037.35,295,
2024-04-30 13:00:00+05:30,4037.35,4037.55,4035.65,4036.15,257,
2024-04-30 13:01:00+05:30,4036.15,4041.95,4036.15,4041.95,564,
2024-04-30 13:02:00+05:30,4041.95,4042.85,4040.5,4042.65,916,
2024-04-30 13:03:00+05:30,4042.65,4042.65,4040.5,4041.95,163,
2024-04-30 13:04:00+05:30,4041.95,4041.95,4037.05,4037.05,1014,
2024-04-30 13:05:00+05:30,4038.75,4038.75,4035.05,4038.3,481,
2024-04-30 13:06:00+05:30,4038.3,4038.6,4030.05,4033.1,2655,
2024-04-30 13:07:00+05:30,4033.1,4034.65,4031.6,4034.55,270,
2024-04-30 13:08:00+05:30,4032.55,4034.55,4032.55,4033,177,
2024-04-30 13:09:00+05:30,4033,4034.5,4033,4034.4,139,
2024-04-30 13:10:00+05:30,4034.4,4036.75,4033.3,4036.75,152,
2024-04-30 13:11:00+05:30,4036.5,4036.7,4034.15,4036,161,
2024-04-30 13:12:00+05:30,4036,4036.9,4034.5,4036.9,157,
2024-04-30 13:13:00+05:30,4036.9,4038.75,4036.9,4038.5,162,
2024-04-30 13:14:00+05:30,4038.5,4039.6,4037.6,4037.6,180,
2024-04-30 13:15:00+05:30,4037.6,4039.1,4037.05,4039.1,306,
2024-04-30 13:16:00+05:30,4039.1,4044.35,4039.1,4042.6,879,
2024-04-30 13:17:00+05:30,4042.6,4046.15,4042.6,4046,916,
2024-04-30 13:18:00+05:30,4046,4046,4045,4045,299,
2024-04-30 13:19:00+05:30,4045,4048.75,4045,4048.75,226,
2024-04-30 13:20:00+05:30,4048.75,4049,4046.8,4048.95,258,
2024-04-30 13:21:00+05:30,4048.95,4049,4046.9,4049,137,
2024-04-30 13:22:00+05:30,4049,4049.9,4048.05,4049.8,330,
2024-04-30 13:23:00+05:30,4049.8,4049.95,4049.2,4049.95,496,
2024-04-30 13:24:00+05:30,4049.95,4049.95,4043.1,4043.1,4791,
2024-04-30 13:25:00+05:30,4043.1,4044.7,4042.7,4043.45,302,
2024-04-30 13:26:00+05:30,4042.7,4043.45,4040.4,4040.4,508,
2024-04-30 13:27:00+05:30,4040.4,4041,4037.15,4040.25,734,
2024-04-30 13:28:00+05:30,4040.25,4043.5,4040.25,4043.5,472,
2024-04-30 13:29:00+05:30,4043.5,4043.5,4042.7,4043.5,89,
2024-04-30 13:30:00+05:30,4042.7,4043.5,4040.7,4040.8,216,
2024-04-30 13:31:00+05:30,4040.8,4040.8,4033.05,4033.35,683,
2024-04-30 13:32:00+05:30,4034.7,4037.95,4033,4037.95,791,
2024-04-30 13:33:00+05:30,4037.95,4037.95,4034,4036.05,214,
2024-04-30 13:34:00+05:30,4036.05,4036.4,4034.3,4035,243,
2024-04-30 13:35:00+05:30,4035,4036.95,4034.55,4036.95,411,
2024-04-30 13:36:00+05:30,4036.95,4043.3,4035.55,4043.3,415,
2024-04-30 13:37:00+05:30,4042.2,4042.6,4040.75,4041,227,
2024-04-30 13:38:00+05:30,4041,4043.3,4040.9,4043.3,202,
2024-04-30 13:39:00+05:30,4043.3,4044.9,4041.05,4042.75,499,
2024-04-30 13:40:00+05:30,4042.75,4043.5,4040.4,4040.4,262,
2024-04-30 13:41:00+05:30,4040.4,4044,4040.05,4044,387,
2024-04-30 13:42:00+05:30,4044,4045.85,4043.25,4043.25,342,
2024-04-30 13:43:00+05:30,4043.25,4043.35,4036.05,4038.5,609,
2024-04-30 13:44:00+05:30,4038.5,4040.6,4035.95,4040.6,345,
2024-04-30 13:45:00+05:30,4040.6,4041.5,4039.15,4041.4,153,
2024-04-30 13:46:00+05:30,4040.75,4040.95,4039.3,4040.25,382,
2024-04-30 13:47:00+05:30,4040.25,4040.95,4039.4,4040.45,105,
2024-04-30 13:48:00+05:30,4040.45,4040.75,4039.3,4039.4,315,
2024-04-30 13:49:00+05:30,4039.4,4040.7,4039.35,4040.7,129,
2024-04-30 13:50:00+05:30,4040.7,4040.7,4034.75,4038.05,240,
2024-04-30 13:51:00+05:30,4038.05,4038.05,4032.35,4033,250,
2024-04-30 13:52:00+05:30,4033,4034.95,4031.6,4034.35,378,
2024-04-30 13:53:00+05:30,4034.35,4034.35,4032.25,4034,181,
2024-04-30 13:54:00+05:30,4034,4037.75,4034,4036.1,393,
2024-04-30 13:55:00+05:30,4037,4037,4033,4035,169,
2024-04-30 13:56:00+05:30,4035,4035.75,4032,4033,564,
2024-04-30 13:57:00+05:30,4033,4035.65,4033,4034.3,338,
2024-04-30 13:58:00+05:30,4034.3,4035,4033.3,4035,171,
2024-04-30 13:59:00+05:30,4035,4036,4034.35,4035.5,309,
2024-04-30 14:00:00+05:30,4035.05,4035.3,4032,4034.55,331,
2024-04-30 14:01:00+05:30,4034.3,4035.85,4032.6,4033.35,638,
2024-04-30 14:02:00+05:30,4033.35,4036,4032.6,4035.1,459,
2024-04-30 14:03:00+05:30,4035.8,4035.8,4030.6,4031.1,1113,
2024-04-30 14:04:00+05:30,4030.75,4031.95,4030,4030,590,
2024-04-30 14:05:00+05:30,4030.85,4030.85,4028,4028.5,579,
2024-04-30 14:06:00+05:30,4028.5,4029.55,4028.05,4029.35,314,
2024-04-30 14:07:00+05:30,4029.35,4029.85,4027.95,4028.05,732,
2024-04-30 14:08:00+05:30,4028.05,4028.05,4024,4024.15,1136,
2024-04-30 14:09:00+05:30,4024.15,4025.75,4020.9,4023.55,800,
2024-04-30 14:10:00+05:30,4023.55,4023.55,4022.05,4023,184,
2024-04-30 14:11:00+05:30,4023,4025,4022.65,4025,323,
2024-04-30 14:12:00+05:30,4024.45,4025,4020.6,4021.55,494,
2024-04-30 14:13:00+05:30,4021.55,4023,4020.65,4022.95,403,
2024-04-30 14:14:00+05:30,4022.45,4023,4021.5,4023,258,
2024-04-30 14:15:00+05:30,4022.5,4024.3,4022,4023,688,
2024-04-30 14:16:00+05:30,4023,4023,4022.05,4023,452,
2024-04-30 14:17:00+05:30,4022.95,4024.9,4022.8,4024,388,
2024-04-30 14:18:00+05:30,4024,4024,4021,4021.55,290,
2024-04-30 14:19:00+05:30,4022.5,4023,4021,4022.65,217,
2024-04-30 14:20:00+05:30,4022.65,4022.8,4021,4022.65,162,
2024-04-30 14:21:00+05:30,4022.65,4025,4020.6,4024.2,927,
2024-04-30 14:22:00+05:30,4022.9,4024.2,4020,4021.05,273,
2024-04-30 14:23:00+05:30,4021.05,4023,4021,4022.95,275,
2024-04-30 14:24:00+05:30,4022.95,4023,4021.25,4022.55,245,
2024-04-30 14:25:00+05:30,4022.55,4022.95,4020.7,4020.7,200,
2024-04-30 14:26:00+05:30,4020.1,4023,4020.1,4023,195,
2024-04-30 14:27:00+05:30,4022.75,4022.75,4020.4,4021.75,235,
2024-04-30 14:28:00+05:30,4021.75,4021.75,4015,4015.05,1716,
2024-04-30 14:29:00+05:30,4015.05,4017.2,4013.35,4013.35,897,
2024-04-30 14:30:00+05:30,4013.35,4018.5,4010.7,4018.2,3700,
2024-04-30 14:31:00+05:30,4016.6,4022.7,4016.6,4022.4,920,
2024-04-30 14:32:00+05:30,4022.4,4023,4022.4,4023,285,
2024-04-30 14:33:00+05:30,4023,4023,4019.95,4021.05,564,
2024-04-30 14:34:00+05:30,4019.1,4020.7,4018.45,4018.45,297,
2024-04-30 14:35:00+05:30,4020.1,4022,4018.45,4021.55,637,
2024-04-30 14:36:00+05:30,4021.6,4021.6,4017.05,4017.05,216,
2024-04-30 14:37:00+05:30,4017.1,4018.65,4014.25,4015.95,347,
2024-04-30 14:38:00+05:30,4015.95,4019.25,4015.95,4017.6,605,
2024-04-30 14:39:00+05:30,4017.6,4019.25,4013.65,4016,139,
2024-04-30 14:40:00+05:30,4016,4017,4013.75,4017,227,
2024-04-30 14:41:00+05:30,4017,4018.9,4015.4,4018.5,129,
2024-04-30 14:42:00+05:30,4018.5,4018.7,4016,4018.7,929,
2024-04-30 14:43:00+05:30,4018.75,4020,4018.05,4020,102,
2024-04-30 14:44:00+05:30,4020,4020,4017.4,4019.8,207,
2024-04-30 14:45:00+05:30,4019,4020,4018.05,4020,245,
2024-04-30 14:46:00+05:30,4020,4020,4018.05,4018.4,86,
2024-04-30 14:47:00+05:30,4018.4,4019.95,4011,4014,1151,
2024-04-30 14:48:00+05:30,4014.95,4015,4013.45,4013.45,317,
2024-04-30 14:49:00+05:30,4013.45,4015.65,4013.45,4015.65,134,
2024-04-30 14:50:00+05:30,4013.5,4015.65,4010.2,4011,1413,
2024-04-30 14:51:00+05:30,4010,4012.7,4010,4012.2,436,
2024-04-30 14:52:00+05:30,4012.2,4014,4011.45,4013.75,721,
2024-04-30 14:53:00+05:30,4013.75,4013.75,4011,4013.4,546,
2024-04-30 14:54:00+05:30,4012,4012,4008,4008.65,1416,
2024-04-30 14:55:00+05:30,4008.65,4010,4008.1,4009.5,2552,
2024-04-30 14:56:00+05:30,4009.5,4009.5,4006,4006.05,767,
2024-04-30 14:57:00+05:30,4006,4008,4005.75,4007.1,251,
2024-04-30 14:58:00+05:30,4006,4007.1,4002.65,4002.85,2747,
2024-04-30 14:59:00+05:30,4002.35,4007.6,4001.55,4007.4,1598,
2024-04-30 15:00:00+05:30,4006.55,4007.4,3996.3,3996.3,3412,
2024-04-30 15:01:00+05:30,3996.3,4000.4,3995,3999,2575,
2024-04-30 15:02:00+05:30,3998.9,3998.9,3995,3995,1668,
2024-04-30 15:03:00+05:30,3995.35,4000,3993.45,3997.65,3213,
2024-04-30 15:04:00+05:30,3998.75,3999.95,3995.3,3999.95,2533,
2024-04-30 15:05:00+05:30,3997.4,4002.7,3997.4,4002,2733,
2024-04-30 15:06:00+05:30,4000.8,4002,4000.5,4000.55,1480,
2024-04-30 15:07:00+05:30,4000.55,4001,4000.05,4000.7,4313,
2024-04-30 15:08:00+05:30,3999.7,4001,3999.7,4001,3618,
2024-04-30 15:09:00+05:30,4000.95,4010,4000.95,4008.75,6857,
2024-04-30 15:10:00+05:30,4007.55,4009.7,4007.3,4008.45,2561,
2024-04-30 15:11:00+05:30,4008.45,4011,4008.45,4011,3694,
2024-04-30 15:12:00+05:30,4009.9,4011.75,4007.25,4009.2,2619,
2024-04-30 15:13:00+05:30,4007.35,4010.9,4007,4007.1,2643,
2024-04-30 15:14:00+05:30,4007.1,4009.45,4005.45,4006.95,3643,
2024-04-30 15:15:00+05:30,4005.7,4006.95,4003.35,4004,3066,
2024-04-30 15:16:00+05:30,4003.4,4004.8,4002.6,4002.75,4183,
2024-04-30 15:17:00+05:30,4002.75,4002.75,4002.45,4002.6,3216,
2024-04-30 15:18:00+05:30,4002,4002.6,3998.1,3999,2487,
2024-04-30 15:19:00+05:30,3999,4002.5,3996.9,3999.05,4858,
2024-04-30 15:20:00+05:30,3999,4004.25,3996.45,4004.25,5966,
2024-04-30 15:21:00+05:30,4003.15,4004.75,4001.45,4002.2,3047,
2024-04-30 15:22:00+05:30,4001.5,4005.45,4001.25,4002.55,2894,
2024-04-30 15:23:00+05:30,4002.55,4003.55,4001.25,4003.1,4238,
2024-04-30 15:24:00+05:30,4002.8,4004.05,4002.25,4002.85,2899,
2024-04-30 15:25:00+05:30,4008.6,4008.6,4004.45,4004.45,3654,
2024-04-30 15:26:00+05:30,4003,4005,4000.05,4002.1,3345,
2024-04-30 15:27:00+05:30,4002.1,4002.9,3999.85,4002.9,2951,
2024-04-30 15:28:00+05:30,4001.9,4004.9,4000,4001.3,1359,
2024-04-30 15:29:00+05:30,4002.4,4006.45,4001,4001,677,
2024-05-02 09:15:00+05:30,4002.4,4009,3986.55,3986.85,5029,
2024-05-02 09:16:00+05:30,3986.8,3987,3975.4,3977.1,2883,
2024-05-02 09:17:00+05:30,3977,3985.35,3975,3984.75,3953,
2024-05-02 09:18:00+05:30,3984.7,3999.1,3984.25,3995.35,2994,
2024-05-02 09:19:00+05:30,3993,3993.85,3971,3971,6958,
2024-05-02 09:20:00+05:30,3968.7,3973.95,3962,3970.4,9120,
2024-05-02 09:21:00+05:30,3970.4,3980.85,3970.4,3974.85,5231,
2024-05-02 09:22:00+05:30,3974.45,3979.05,3970.6,3976.2,3046,
2024-05-02 09:23:00+05:30,3976.2,3989.5,3975.8,3985.6,5642,
2024-05-02 09:24:00+05:30,3985.5,3987.95,3970.25,3970.25,4217,
2024-05-02 09:25:00+05:30,3971,3976.25,3969.05,3969.4,6983,
2024-05-02 09:26:00+05:30,3969.75,3971.65,3961.1,3964.25,6676,
2024-05-02 09:27:00+05:30,3962.7,3964.95,3957,3962.8,6595,
2024-05-02 09:28:00+05:30,3962.8,3964.4,3957.15,3958.2,2417,
2024-05-02 09:29:00+05:30,3960.5,3965,3957.65,3965,4346,
2024-05-02 09:30:00+05:30,3965.55,3968.9,3961.85,3965.6,3148,
2024-05-02 09:31:00+05:30,3967.65,3968.15,3961.55,3966.9,2563,
2024-05-02 09:32:00+05:30,3966.85,3974.75,3964,3965.35,5231,
2024-05-02 09:33:00+05:30,3963.8,3965.05,3957.6,3958.1,1655,
2024-05-02 09:34:00+05:30,3958.05,3964.45,3955.55,3964.15,1604,
2024-05-02 09:35:00+05:30,3963.85,3964.8,3955,3955.15,3360,
2024-05-02 09:36:00+05:30,3957.55,3962.4,3955,3962.4,3184,
2024-05-02 09:37:00+05:30,3962.8,3965.15,3960.15,3964.3,4183,
2024-05-02 09:38:00+05:30,3964.35,3965.05,3961.3,3963.5,1570,
2024-05-02 09:39:00+05:30,3964.6,3965.25,3960,3963.65,1266,
2024-05-02 09:40:00+05:30,3962.4,3965,3960.55,3960.55,1050,
2024-05-02 09:41:00+05:30,3960.55,3965,3960,3960.7,542,
2024-05-02 09:42:00+05:30,3962.35,3964.6,3960.1,3964.55,472,
2024-05-02 09:43:00+05:30,3964.6,3964.7,3962,3962.9,1004,
2024-05-02 09:44:00+05:30,3962.05,3966,3962,3963.6,2146,
2024-05-02 09:45:00+05:30,3965.45,3969.85,3963.25,3969.85,1723,
2024-05-02 09:46:00+05:30,3969.9,3969.95,3963.1,3963.45,1258,
2024-05-02 09:47:00+05:30,3963.45,3963.5,3955.65,3957.65,1635,
2024-05-02 09:48:00+05:30,3957.65,3957.65,3955,3957.55,1858,
2024-05-02 09:49:00+05:30,3959.7,3962.4,3957.4,3961.5,1506,
2024-05-02 09:50:00+05:30,3961.5,3963.85,3960.4,3962.4,694,
2024-05-02 09:51:00+05:30,3962.35,3962.5,3957.15,3960.6,1250,
2024-05-02 09:52:00+05:30,3961.15,3966.75,3958.2,3960.9,2517,
2024-05-02 09:53:00+05:30,3960.9,3962.15,3958,3959.65,831,
2024-05-02 09:54:00+05:30,3959.65,3962.15,3957,3960,1275,
2024-05-02 09:55:00+05:30,3960,3962.4,3957.65,3961.95,1081,
2024-05-02 09:56:00+05:30,3961.95,3962.4,3957.2,3961,2267,
2024-05-02 09:57:00+05:30,3962.4,3962.4,3957,3959.35,1817,
2024-05-02 09:58:00+05:30,3960.7,3965.8,3957.1,3959.85,2345,
2024-05-02 09:59:00+05:30,3957,3959.6,3955.95,3958.45,2268,
2024-05-02 10:00:00+05:30,3958.45,3958.9,3951.75,3952.95,1851,
2024-05-02 10:01:00+05:30,3952.95,3952.95,3946.2,3951.35,4103,
2024-05-02 10:02:00+05:30,3952,3952.8,3946.1,3948.65,2047,
2024-05-02 10:03:00+05:30,3948.15,3956.75,3947.35,3956.55,2383,
2024-05-02 10:04:00+05:30,3957.65,3960,3951.1,3958.25,2509,
2024-05-02 10:05:00+05:30,3958.45,3959.65,3953.75,3956.55,1071,
2024-05-02 10:06:00+05:30,3956.55,3960,3955.5,3960,710,
2024-05-02 10:07:00+05:30,3960,3961.6,3955.4,3959.25,1172,
2024-05-02 10:08:00+05:30,3961.35,3962,3955.35,3961.3,1072,
2024-05-02 10:09:00+05:30,3959.1,3959.65,3948.9,3953.95,3333,
2024-05-02 10:10:00+05:30,3951.5,3954.4,3949.75,3952.8,1998,
2024-05-02 10:11:00+05:30,3952.8,3958,3950.65,3953.75,2069,
2024-05-02 10:12:00+05:30,3952.15,3955.75,3951,3955.75,2911,
2024-05-02 10:13:00+05:30,3955.75,3958.2,3952.35,3955.75,927,
2024-05-02 10:14:00+05:30,3956.35,3957.95,3953.05,3955,1464,
2024-05-02 10:15:00+05:30,3956.1,3956.1,3951,3952.25,1151,
2024-05-02 10:16:00+05:30,3952.2,3953.45,3948.95,3952.4,1089,
2024-05-02 10:17:00+05:30,3953.3,3955.8,3950.05,3954.2,795,
2024-05-02 10:18:00+05:30,3954.2,3958.05,3951.15,3956.8,2628,
2024-05-02 10:19:00+05:30,3956.6,3958.45,3953.5,3955.2,1148,
2024-05-02 10:20:00+05:30,3955,3955.2,3951.05,3953.15,644,
2024-05-02 10:21:00+05:30,3953.95,3955,3951.2,3951.45,882,
2024-05-02 10:22:00+05:30,3951.15,3954.15,3950.05,3952.05,2951,
2024-05-02 10:23:00+05:30,3952.3,3953.6,3950,3952.9,834,
2024-05-02 10:24:00+05:30,3952.9,3954.85,3952.9,3952.9,276,
2024-05-02 10:25:00+05:30,3952.9,3953.7,3950,3950,585,
2024-05-02 10:26:00+05:30,3951.5,3954,3950.45,3952.55,838,
2024-05-02 10:27:00+05:30,3952.55,3953.8,3948.9,3953.8,1502,
2024-05-02 10:28:00+05:30,3953.8,3954.75,3947.4,3950.45,1239,
2024-05-02 10:29:00+05:30,3951.5,3953.75,3948.8,3953.15,630,
2024-05-02 10:30:00+05:30,3953.7,3954,3950.25,3951.1,730,
2024-05-02 10:31:00+05:30,3953.35,3957.4,3950.1,3955.95,3375,
2024-05-02 10:32:00+05:30,3955.95,3960,3952.95,3959,2832,
2024-05-02 10:33:00+05:30,3959,3962.85,3952,3955.35,78111,
2024-05-02 10:34:00+05:30,3955.35,3960,3952,3954.95,2414,
2024-05-02 10:35:00+05:30,3954.95,3955,3948.1,3948.9,27204,
2024-05-02 10:36:00+05:30,3948.9,3951.3,3948,3951.3,728,
2024-05-02 10:37:00+05:30,3950.55,3951.3,3946.95,3949.2,1669,
2024-05-02 10:38:00+05:30,3949.2,3949.2,3944,3948.95,2247,
2024-05-02 10:39:00+05:30,3948.9,3949.55,3946.4,3947.1,972,
2024-05-02 10:40:00+05:30,3948.75,3948.95,3943.8,3946,1150,
2024-05-02 10:41:00+05:30,3947.9,3947.95,3940.1,3941.7,2546,
2024-05-02 10:42:00+05:30,3943,3944.85,3940.2,3940.8,1936,
2024-05-02 10:43:00+05:30,3940.8,3942.95,3940.2,3942,1554,
2024-05-02 10:44:00+05:30,3941.7,3944.9,3940.6,3942.1,1798,
2024-05-02 10:45:00+05:30,3944.75,3944.8,3942,3942.5,862,
2024-05-02 10:46:00+05:30,3944.2,3944.9,3940.25,3940.65,2134,
2024-05-02 10:47:00+05:30,3943.5,3943.5,3939.05,3939.05,1614,
2024-05-02 10:48:00+05:30,3941.5,3941.95,3935.5,3939.95,3785,
2024-05-02 10:49:00+05:30,3940.05,3944.55,3938.8,3944.55,1782,
2024-05-02 10:50:00+05:30,3944.55,3946,3943,3946,1831,
2024-05-02 10:51:00+05:30,3946,3947.05,3943,3946.5,1588,
2024-05-02 10:52:00+05:30,3946.5,3947.8,3945,3947.7,1399,
2024-05-02 10:53:00+05:30,3947.7,3947.8,3944.85,3947.7,1421,
2024-05-02 10:54:00+05:30,3947.7,3948.25,3945.15,3945.8,1443,
2024-05-02 10:55:00+05:30,3945.8,3950,3945.8,3948.6,853,
2024-05-02 10:56:00+05:30,3948.6,3951.95,3948.25,3948.9,1354,
2024-05-02 10:57:00+05:30,3948.9,3952,3948.9,3952,1201,
2024-05-02 10:58:00+05:30,3951,3952,3950,3951.5,906,
2024-05-02 10:59:00+05:30,3951.5,3951.7,3946,3947.15,1993,
2024-05-02 11:00:00+05:30,3947.15,3948.9,3942.9,3946.25,1889,
2024-05-02 11:01:00+05:30,3946.25,3947.85,3939.5,3940,2937,
2024-05-02 11:02:00+05:30,3940,3942.5,3938.85,3942.5,1555,
2024-05-02 11:03:00+05:30,3940.6,3943.1,3938.15,3940.75,1350,
2024-05-02 11:04:00+05:30,3940.75,3942.3,3939,3941.65,467,
2024-05-02 11:05:00+05:30,3939.75,3941,3939,3940.55,1389,
2024-05-02 11:06:00+05:30,3939.85,3943.95,3939.85,3943.15,1264,
2024-05-02 11:07:00+05:30,3943.15,3947.6,3940.4,3945.4,1261,
2024-05-02 11:08:00+05:30,3947.55,3947.55,3940.7,3942.7,1187,
2024-05-02 11:09:00+05:30,3942,3945,3942,3943.9,1019,
2024-05-02 11:10:00+05:30,3944.8,3949.55,3944.45,3947.25,1111,
2024-05-02 11:11:00+05:30,3947.25,3950,3945.75,3949.45,1704,
2024-05-02 11:12:00+05:30,3949.75,3950,3946,3948.15,895,
2024-05-02 11:13:00+05:30,3949.85,3951.45,3948.45,3949.1,877,
2024-05-02 11:14:00+05:30,3949.1,3951.5,3948,3950.6,751,
2024-05-02 11:15:00+05:30,3950.6,3950.65,3945.2,3946.3,1149,
2024-05-02 11:16:00+05:30,3946.3,3950.75,3946.3,3950.75,429,
2024-05-02 11:17:00+05:30,3950.75,3951,3946.2,3947.9,918,
2024-05-02 11:18:00+05:30,3948.5,3949.55,3944.1,3947.55,971,
2024-05-02 11:19:00+05:30,3948.55,3948.55,3944,3944,217,
2024-05-02 11:20:00+05:30,3945,3948.1,3944,3947.15,1580,
2024-05-02 11:21:00+05:30,3947.15,3947.7,3945.65,3945.65,158,
2024-05-02 11:22:00+05:30,3945.65,3947.5,3944,3946.9,789,
2024-05-02 11:23:00+05:30,3946.9,3947,3944.2,3946.25,1099,
2024-05-02 11:24:00+05:30,3946.25,3948,3945,3948,809,
2024-05-02 11:25:00+05:30,3948,3948.1,3945.15,3946.1,403,
2024-05-02 11:26:00+05:30,3946.1,3947.6,3944,3946.55,644,
2024-05-02 11:27:00+05:30,3947.5,3950.25,3946.25,3949.95,786,
2024-05-02 11:28:00+05:30,3950,3952,3948.05,3952,1769,
2024-05-02 11:29:00+05:30,3951.65,3952,3950.4,3952,1806,
2024-05-02 11:30:00+05:30,3952,3952,3950.25,3950.9,966,
2024-05-02 11:31:00+05:30,3952,3952.9,3950,3952,1161,
2024-05-02 11:32:00+05:30,3951.8,3958.15,3951,3955.05,3370,
2024-05-02 11:33:00+05:30,3955.9,3958.5,3952.2,3955,2780,
2024-05-02 11:34:00+05:30,3953.25,3954.3,3950,3953.45,1100,
2024-05-02 11:35:00+05:30,3954,3957.45,3951.5,3956.5,1342,
2024-05-02 11:36:00+05:30,3954.15,3957.4,3951.5,3953.8,962,
2024-05-02 11:37:00+05:30,3953.8,3955.35,3952,3952,2523,
2024-05-02 11:38:00+05:30,3950.05,3955.05,3950.05,3952.3,1990,
2024-05-02 11:39:00+05:30,3952.45,3955.55,3951.75,3955.55,2103,
2024-05-02 11:40:00+05:30,3955.4,3957.45,3955,3955.75,1641,
2024-05-02 11:41:00+05:30,3956.9,3957.95,3955.5,3956.25,435,
2024-05-02 11:42:00+05:30,3956,3956.85,3950.55,3953.45,2602,
2024-05-02 11:43:00+05:30,3953.6,3955.8,3950.35,3950.8,756,
2024-05-02 11:44:00+05:30,3950.8,3952,3946.95,3948.05,1419,
2024-05-02 11:45:00+05:30,3948.05,3948.85,3945.05,3945.6,553,
2024-05-02 11:46:00+05:30,3945.4,3947.15,3945.05,3945.25,341,
2024-05-02 11:47:00+05:30,3946.4,3947.25,3945.25,3947.25,537,
2024-05-02 11:48:00+05:30,3947.25,3948.65,3945.3,3946.25,381,
2024-05-02 11:49:00+05:30,3946.25,3951.95,3946.25,3950.75,421,
2024-05-02 11:50:00+05:30,3950.75,3952.9,3949.65,3951.15,691,
2024-05-02 11:51:00+05:30,3951.15,3952,3949.05,3951.4,368,
2024-05-02 11:52:00+05:30,3951.4,3952,3950.5,3951.15,462,
2024-05-02 11:53:00+05:30,3951.15,3951.75,3950.75,3951.05,417,
2024-05-02 11:54:00+05:30,3951.4,3956.75,3950.85,3954.5,706,
2024-05-02 11:55:00+05:30,3955.3,3955.3,3951.8,3951.8,857,
2024-05-02 11:56:00+05:30,3951.8,3954.45,3950.65,3951.8,625,
2024-05-02 11:57:00+05:30,3951.8,3953.55,3949,3949.25,1173,
2024-05-02 11:58:00+05:30,3949.25,3952,3946.6,3948.8,3249,
2024-05-02 11:59:00+05:30,3950,3950,3947.1,3948.3,1224,
2024-05-02 12:00:00+05:30,3948.3,3949.85,3947.35,3949.75,515,
2024-05-02 12:01:00+05:30,3949.75,3950,3948.1,3949.05,626,
2024-05-02 12:02:00+05:30,3949.9,3952,3949.05,3951.55,2804,
2024-05-02 12:03:00+05:30,3951.55,3952,3950.75,3950.75,306,
2024-05-02 12:04:00+05:30,3950.75,3951.85,3950.5,3951.8,266,
2024-05-02 12:05:00+05:30,3951.8,3951.95,3950,3950.45,537,
2024-05-02 12:06:00+05:30,3950.45,3953.95,3950.45,3951.25,439,
2024-05-02 12:07:00+05:30,3950.55,3952.9,3950.5,3951.45,293,
2024-05-02 12:08:00+05:30,3951.45,3952.65,3950.6,3951.4,452,
2024-05-02 12:09:00+05:30,3951.75,3953.05,3950.8,3952,293,
2024-05-02 12:10:00+05:30,3951.95,3952,3950.8,3951.45,273,
2024-05-02 12:11:00+05:30,3952,3952,3948,3948,1113,
2024-05-02 12:12:00+05:30,3948,3949.4,3946.05,3947.15,513,
2024-05-02 12:13:00+05:30,3947.15,3949.8,3947.15,3948.85,362,
2024-05-02 12:14:00+05:30,3948.75,3949.75,3947.5,3949.45,547,
2024-05-02 12:15:00+05:30,3949.45,3949.45,3947.1,3949.2,259,
2024-05-02 12:16:00+05:30,3949.2,3949.7,3947.5,3949.5,1372,
2024-05-02 12:17:00+05:30,3949.5,3951.6,3948.15,3951.35,256,
2024-05-02 12:18:00+05:30,3951.35,3951.85,3948.4,3949.05,1139,
2024-05-02 12:19:00+05:30,3949.05,3950.6,3948.1,3949.25,458,
2024-05-02 12:20:00+05:30,3949.25,3950,3948.45,3949.65,810,
2024-05-02 12:21:00+05:30,3949.65,3954.85,3949.65,3954.85,1840,
2024-05-02 12:22:00+05:30,3954.15,3956.05,3952.6,3955.55,1706,
2024-05-02 12:23:00+05:30,3955.55,3955.85,3951.35,3951.65,876,
2024-05-02 12:24:00+05:30,3952.05,3953.9,3950.25,3950.45,504,
2024-05-02 12:25:00+05:30,3950.45,3953.9,3950.45,3952.8,718,
2024-05-02 12:26:00+05:30,3952.8,3956.95,3952.8,3956.95,837,
2024-05-02 12:27:00+05:30,3956.95,3958.55,3954.65,3956.8,1481,
2024-05-02 12:28:00+05:30,3956.8,3959.85,3956.65,3957.9,1917,
2024-05-02 12:29:00+05:30,3958,3964.55,3958,3959.8,3927,
2024-05-02 12:30:00+05:30,3961,3964.4,3959.45,3962.35,2845,
2024-05-02 12:31:00+05:30,3962.2,3968,3960.6,3965.1,9971,
2024-05-02 12:32:00+05:30,3965.1,3968.65,3963.2,3963.2,1899,
2024-05-02 12:33:00+05:30,3963.2,3965.5,3962.8,3964.2,1529,
2024-05-02 12:34:00+05:30,3964.2,3965.55,3962,3964.35,1212,
2024-05-02 12:35:00+05:30,3962.35,3965.55,3962,3964,1083,
2024-05-02 12:36:00+05:30,3964,3966.2,3964,3965,732,
2024-05-02 12:37:00+05:30,3965,3968,3964.65,3965,2202,
2024-05-02 12:38:00+05:30,3966.15,3968.6,3966.15,3966.7,806,
2024-05-02 12:39:00+05:30,3966.7,3969,3965.1,3967.8,1789,
2024-05-02 12:40:00+05:30,3967.8,3975,3967.15,3974.85,3147,
2024-05-02 12:41:00+05:30,3975.6,3978.9,3972.5,3975.8,9708,
2024-05-02 12:42:00+05:30,3975.8,3978.35,3973.25,3975.5,3675,
2024-05-02 12:43:00+05:30,3975.5,3987.95,3975.5,3982.5,5557,
2024-05-02 12:44:00+05:30,3983,3985.05,3980.1,3981.8,3397,
2024-05-02 12:45:00+05:30,3981.8,3985.05,3977.4,3978.5,17389,
2024-05-02 12:46:00+05:30,3978.5,3983.95,3975.45,3978.3,4449,
2024-05-02 12:47:00+05:30,3978.3,3983.15,3978.2,3981.2,1842,
2024-05-02 12:48:00+05:30,3981.2,3983.3,3975.4,3978.2,5035,
2024-05-02 12:49:00+05:30,3978.2,3978.2,3975.25,3977,821,
2024-05-02 12:50:00+05:30,3977,3978.3,3972.15,3972.5,3310,
2024-05-02 12:51:00+05:30,3972.5,3977.95,3972.5,3976.3,2159,
2024-05-02 12:52:00+05:30,3977.95,3979.2,3975,3977.25,1772,
2024-05-02 12:53:00+05:30,3977.25,3979.05,3975.55,3978.2,543,
2024-05-02 12:54:00+05:30,3976.8,3978.2,3976,3977.25,1141,
2024-05-02 12:55:00+05:30,3977.25,3978.3,3976,3976.1,322,
2024-05-02 12:56:00+05:30,3976.1,3978.35,3975.1,3975.1,543,
2024-05-02 12:57:00+05:30,3975.1,3977.5,3975.05,3976.5,681,
2024-05-02 12:58:00+05:30,3976.5,3976.8,3973,3975.05,816,
2024-05-02 12:59:00+05:30,3976.15,3976.95,3972.45,3975.05,1416,
2024-05-02 13:00:00+05:30,3975.05,3979.55,3975,3978.45,1033,
2024-05-02 13:01:00+05:30,3978.45,3979.65,3973.65,3974.6,1453,
2024-05-02 13:02:00+05:30,3974.25,3975.85,3970.85,3970.9,1089,
2024-05-02 13:03:00+05:30,3970.9,3972.3,3966.9,3967.85,2366,
2024-05-02 13:04:00+05:30,3967.85,3970.05,3967,3967,944,
2024-05-02 13:05:00+05:30,3967,3969.35,3960.9,3963.15,3011,
2024-05-02 13:06:00+05:30,3961.6,3964.3,3959.55,3959.55,1029,
2024-05-02 13:07:00+05:30,3959.55,3962.15,3958.55,3959.2,1001,
2024-05-02 13:08:00+05:30,3959.2,3964.85,3959.2,3960.05,3205,
2024-05-02 13:09:00+05:30,3959.65,3963.3,3959.55,3962.1,1783,
2024-05-02 13:10:00+05:30,3962.1,3963.85,3960.35,3960.7,1362,
2024-05-02 13:11:00+05:30,3963.05,3963.9,3960.05,3961.05,2492,
2024-05-02 13:12:00+05:30,3962.6,3962.6,3960,3960.55,520,
2024-05-02 13:13:00+05:30,3960.55,3966.2,3960.55,3963.5,2738,
2024-05-02 13:14:00+05:30,3963.5,3965.45,3962.05,3963.15,1247,
2024-05-02 13:15:00+05:30,3962,3963.25,3962,3962,806,
2024-05-02 13:16:00+05:30,3962,3965.7,3962,3962,1201,
2024-05-02 13:17:00+05:30,3962,3967.4,3960,3960.55,1799,
2024-05-02 13:18:00+05:30,3960.55,3965.95,3960,3963.4,3058,
2024-05-02 13:19:00+05:30,3963.4,3970.35,3961.75,3970.2,3951,
2024-05-02 13:20:00+05:30,3972.2,3976.9,3969.65,3973.05,5099,
2024-05-02 13:21:00+05:30,3973.05,3977.5,3972.05,3975.45,3376,
2024-05-02 13:22:00+05:30,3977.85,3977.85,3970.7,3975.3,3863,
2024-05-02 13:23:00+05:30,3977.25,3981.95,3970.7,3979.5,3461,
2024-05-02 13:24:00+05:30,3978.85,3981.95,3978.1,3980.45,2583,
2024-05-02 13:25:00+05:30,3980.45,3983.65,3978,3979.9,3796,
2024-05-02 13:26:00+05:30,3980.5,3984.9,3978,3979.2,2263,
2024-05-02 13:27:00+05:30,3979.1,3981.4,3978,3979.4,1968,
2024-05-02 13:28:00+05:30,3979.4,3979.4,3970.65,3974.5,1694,
2024-05-02 13:29:00+05:30,3975.25,3976.75,3972.95,3972.95,1073,
2024-05-02 13:30:00+05:30,3973.05,3979.7,3970.65,3971.3,3489,
2024-05-02 13:31:00+05:30,3971.2,3975,3970,3971.35,2663,
2024-05-02 13:32:00+05:30,3971.35,3976.85,3970.5,3972.35,2454,
2024-05-02 13:33:00+05:30,3973.8,3975.1,3972.25,3972.65,686,
2024-05-02 13:34:00+05:30,3972.65,3977.8,3972.6,3974,1237,
2024-05-02 13:35:00+05:30,3974,3979.95,3974,3977.05,1751,
2024-05-02 13:36:00+05:30,3975.95,3976.5,3963,3963,6108,
2024-05-02 13:37:00+05:30,3963.2,3966,3959.55,3961,13243,
2024-05-02 13:38:00+05:30,3961,3972.05,3961,3970.05,1892,
2024-05-02 13:39:00+05:30,3970.05,3975.2,3967.85,3967.85,2041,
2024-05-02 13:40:00+05:30,3967.85,3967.85,3963,3965,741,
2024-05-02 13:41:00+05:30,3965,3970.9,3965,3970.15,588,
2024-05-02 13:42:00+05:30,3970.15,3971.55,3966.15,3968,972,
2024-05-02 13:43:00+05:30,3968,3968,3965.15,3966.35,577,
2024-05-02 13:44:00+05:30,3966.45,3972.55,3966.4,3968,2023,
2024-05-02 13:45:00+05:30,3968,3974.55,3967.55,3968.3,1314,
2024-05-02 13:46:00+05:30,3968.3,3973.05,3967.45,3968.4,1243,
2024-05-02 13:47:00+05:30,3968.4,3972.75,3968.4,3968.5,777,
2024-05-02 13:48:00+05:30,3968.45,3973.05,3968.4,3968.65,807,
2024-05-02 13:49:00+05:30,3969.05,3973.8,3968.4,3971.35,927,
2024-05-02 13:50:00+05:30,3971.35,3973.55,3970.95,3972.9,766,
2024-05-02 13:51:00+05:30,3972.9,3978.75,3971.05,3972.35,2246,
2024-05-02 13:52:00+05:30,3972.4,3976,3970.35,3972.5,1365,
2024-05-02 13:53:00+05:30,3972.25,3982,3970.8,3972.25,2039,
2024-05-02 13:54:00+05:30,3972.45,3974.1,3969.05,3973,1645,
2024-05-02 13:55:00+05:30,3972.85,3973.55,3969.05,3969.05,1047,
2024-05-02 13:56:00+05:30,3969.05,3975.55,3968.4,3969.55,1922,
2024-05-02 13:57:00+05:30,3969.55,3975,3968.4,3968.4,1298,
2024-05-02 13:58:00+05:30,3968.4,3971.05,3965,3968.85,942,
2024-05-02 13:59:00+05:30,3969.25,3975.5,3968.85,3971.1,1463,
2024-05-02 14:00:00+05:30,3971.1,3981.65,3970.75,3970.85,2128,
2024-05-02 14:01:00+05:30,3970.85,3976.9,3970,3970.05,1370,
2024-05-02 14:02:00+05:30,3970,3971,3965,3968.55,1809,
2024-05-02 14:03:00+05:30,3968,3970.45,3965,3965.05,891,
2024-05-02 14:04:00+05:30,3965.05,3966.85,3960.35,3962.2,2511,
2024-05-02 14:05:00+05:30,3962,3969.25,3961.7,3962.6,1433,
2024-05-02 14:06:00+05:30,3962.6,3965,3961.2,3962.5,930,
2024-05-02 14:07:00+05:30,3962.5,3965,3962.5,3965,588,
2024-05-02 14:08:00+05:30,3965,3966.65,3962.5,3963.75,800,
2024-05-02 14:09:00+05:30,3963.8,3968.15,3963.75,3965.3,328,
2024-05-02 14:10:00+05:30,3965.3,3973.15,3964.85,3971.15,1148,
2024-05-02 14:11:00+05:30,3971.2,3976.4,3971,3974.35,1801,
2024-05-02 14:12:00+05:30,3974.4,3978.5,3971,3974.4,2970,
2024-05-02 14:13:00+05:30,3973.8,3978.25,3972.85,3974.3,1678,
2024-05-02 14:14:00+05:30,3974.3,3978.6,3973.5,3974,1518,
2024-05-02 14:15:00+05:30,3974,3980,3973.45,3976.2,4755,
2024-05-02 14:16:00+05:30,3976.2,3980.85,3975.35,3977.9,3705,
2024-05-02 14:17:00+05:30,3978.55,3985.4,3977.95,3982.3,2659,
2024-05-02 14:18:00+05:30,3982.4,3985.8,3976.2,3980,6805,
2024-05-02 14:19:00+05:30,3980.25,3984.65,3978.1,3978.1,2501,
2024-05-02 14:20:00+05:30,3978.15,3981.3,3976.1,3978.7,2487,
2024-05-02 14:21:00+05:30,3978.75,3983.8,3978.15,3979.1,1096,
2024-05-02 14:22:00+05:30,3979.15,3982.65,3977.55,3979.95,1912,
2024-05-02 14:23:00+05:30,3980,3981.2,3978.4,3979.4,1430,
2024-05-02 14:24:00+05:30,3979.4,3981.95,3979.4,3979.55,1078,
2024-05-02 14:25:00+05:30,3979.55,3981.95,3977,3977.85,2140,
2024-05-02 14:26:00+05:30,3977.7,3981.6,3977.7,3980.2,2422,
2024-05-02 14:27:00+05:30,3980.2,3980.2,3977.85,3978.7,981,
2024-05-02 14:28:00+05:30,3978.75,3981.8,3977.85,3977.85,1982,
2024-05-02 14:29:00+05:30,3979.9,3985.65,3977.75,3982.1,3105,
2024-05-02 14:30:00+05:30,3982.1,3987.95,3979.65,3981.5,2573,
2024-05-02 14:31:00+05:30,3981.6,3985,3981,3981,1443,
2024-05-02 14:32:00+05:30,3981.05,3984,3977.6,3980.6,2796,
2024-05-02 14:33:00+05:30,3980.6,3982,3978.05,3978.75,958,
2024-05-02 14:34:00+05:30,3978.75,3980.95,3978,3978.6,780,
2024-05-02 14:35:00+05:30,3980,3981.55,3978.45,3978.7,836,
2024-05-02 14:36:00+05:30,3980.85,3980.9,3975,3976.15,1843,
2024-05-02 14:37:00+05:30,3976.2,3981.5,3976.2,3977.35,1539,
2024-05-02 14:38:00+05:30,3979.85,3981,3977.5,3977.95,1151,
2024-05-02 14:39:00+05:30,3979.95,3979.95,3973.5,3974.75,2869,
2024-05-02 14:40:00+05:30,3974.85,3979.95,3974.85,3977.6,2775,
2024-05-02 14:41:00+05:30,3977.75,3980.75,3976.95,3976.95,788,
2024-05-02 14:42:00+05:30,3977,3981.35,3976,3979.15,1603,
2024-05-02 14:43:00+05:30,3979.2,3980.85,3976.1,3976.85,1052,
2024-05-02 14:44:00+05:30,3976.65,3978.3,3975.4,3977.1,1349,
2024-05-02 14:45:00+05:30,3977.35,3981,3975.65,3980.9,1339,
2024-05-02 14:46:00+05:30,3983,3983.1,3979.45,3979.55,1295,
2024-05-02 14:47:00+05:30,3979.55,3980.25,3978,3978.05,1068,
2024-05-02 14:48:00+05:30,3978.05,3979.5,3976.2,3977.25,990,
2024-05-02 14:49:00+05:30,3976.55,3980,3976.55,3979.3,868,
2024-05-02 14:50:00+05:30,3979.3,3981.65,3978.25,3978.25,1152,
2024-05-02 14:51:00+05:30,3978.25,3980.65,3977.2,3977.2,354,
2024-05-02 14:52:00+05:30,3977.2,3984.55,3977.2,3982.65,2729,
2024-05-02 14:53:00+05:30,3982.6,3984.75,3981.4,3982,860,
2024-05-02 14:54:00+05:30,3982,3984,3980.35,3981.3,902,
2024-05-02 14:55:00+05:30,3981.3,3986,3981.3,3985.5,1098,
2024-05-02 14:56:00+05:30,3985.5,3994.25,3984.25,3987.55,7447,
2024-05-02 14:57:00+05:30,3987.6,3988.7,3981.65,3982.7,1534,
2024-05-02 14:58:00+05:30,3982.7,3989.05,3981.2,3986.55,812,
2024-05-02 14:59:00+05:30,3985.15,3985.3,3980.2,3980.2,1621,
2024-05-02 15:00:00+05:30,3980,3982.45,3974.05,3974.85,4170,
2024-05-02 15:01:00+05:30,3973.5,3977.6,3970.35,3974.7,6793,
2024-05-02 15:02:00+05:30,3973.75,3974.2,3970.45,3972.8,2761,
2024-05-02 15:03:00+05:30,3971.9,3971.9,3970,3970.4,2733,
2024-05-02 15:04:00+05:30,3969.5,3970.15,3963.05,3963.4,4362,
2024-05-02 15:05:00+05:30,3963.05,3964.05,3958.15,3960.1,7122,
2024-05-02 15:06:00+05:30,3958.55,3961.35,3958.25,3959.9,2718,
2024-05-02 15:07:00+05:30,3959.9,3962.55,3959.1,3959.85,2407,
2024-05-02 15:08:00+05:30,3959.85,3963.2,3957.9,3958.55,4743,
2024-05-02 15:09:00+05:30,3958.1,3962.6,3958.05,3960.35,4230,
2024-05-02 15:10:00+05:30,3960.35,3964.2,3958.15,3961.6,5225,
2024-05-02 15:11:00+05:30,3961.45,3965,3961,3962.2,2518,
2024-05-02 15:12:00+05:30,3962.05,3967.1,3961.1,3963.3,3258,
2024-05-02 15:13:00+05:30,3963.1,3964.9,3960.75,3963.2,3146,
2024-05-02 15:14:00+05:30,3963.9,3965,3960,3961,2812,
2024-05-02 15:15:00+05:30,3961,3963.75,3960,3961.35,2658,
2024-05-02 15:16:00+05:30,3961.35,3963.9,3959.8,3963.35,2587,
2024-05-02 15:17:00+05:30,3962.5,3966.3,3961.1,3964.85,5175,
2024-05-02 15:18:00+05:30,3963.9,3964.8,3960.4,3961.15,3703,
2024-05-02 15:19:00+05:30,3963.4,3970.1,3960.05,3967.15,4208,
2024-05-02 15:20:00+05:30,3970.25,3970.25,3961.55,3962.75,5789,
2024-05-02 15:21:00+05:30,3962.65,3968.05,3961,3961.55,3021,
2024-05-02 15:22:00+05:30,3961.55,3963.6,3961.05,3961.1,2011,
2024-05-02 15:23:00+05:30,3962.15,3968.4,3962.05,3966.85,3009,
2024-05-02 15:24:00+05:30,3965.15,3971.8,3962.75,3969,5168,
2024-05-02 15:25:00+05:30,3968.25,3968.85,3962.6,3963.3,5190,
2024-05-02 15:26:00+05:30,3964.85,3969.9,3960.05,3962.35,2845,
2024-05-02 15:27:00+05:30,3960.65,3965.85,3960.65,3965.35,2863,
2024-05-02 15:28:00+05:30,3965.35,3967.85,3960.05,3961.95,1301,
2024-05-02 15:29:00+05:30,3960.05,3972,3960.05,3962.5,580,
2024-05-03 09:15:00+05:30,3965.1,3991,3955.1,3955.1,3420,
2024-05-03 09:16:00+05:30,3955.1,3962.3,3946.5,3960.25,2175,
2024-05-03 09:17:00+05:30,3960.25,3967.45,3959.6,3965.45,1473,
2024-05-03 09:18:00+05:30,3965.45,3968.25,3965.35,3966.4,158,
2024-05-03 09:19:00+05:30,3966.4,3972.75,3965.35,3970.05,1826,
2024-05-03 09:20:00+05:30,3970.05,3971.1,3968,3970.65,1048,
2024-05-03 09:21:00+05:30,3970.65,3970.65,3960.25,3962.55,1738,
2024-05-03 09:22:00+05:30,3960.25,3964.25,3960.25,3961.15,437,
2024-05-03 09:23:00+05:30,3961.15,3964.25,3960.25,3960.3,856,
2024-05-03 09:24:00+05:30,3960.3,3963.8,3960.3,3961.9,733,
2024-05-03 09:25:00+05:30,3965.45,3970,3964.2,3967.55,599,
2024-05-03 09:26:00+05:30,3967.55,3977.4,3967.55,3973.6,2223,
2024-05-03 09:27:00+05:30,3973.6,3976.65,3973.6,3976.65,476,
2024-05-03 09:28:00+05:30,3976.65,3976.65,3971,3971,322,
2024-05-03 09:29:00+05:30,3971,3980,3971,3977.1,1749,
2024-05-03 09:30:00+05:30,3979.8,3979.8,3975,3977.3,741,
2024-05-03 09:31:00+05:30,3977.3,3977.8,3971.05,3971.05,1247,
2024-05-03 09:32:00+05:30,3971.05,3973.55,3971.05,3971.9,174,
2024-05-03 09:33:00+05:30,3971.9,3973.9,3967.55,3970.15,945,
2024-05-03 09:34:00+05:30,3970.15,3972.3,3970.15,3970.2,573,
2024-05-03 09:35:00+05:30,3970.2,3973.95,3970.15,3973.5,414,
2024-05-03 09:36:00+05:30,3973.5,3975.15,3971.1,3974.45,737,
2024-05-03 09:37:00+05:30,3972.75,3974.45,3970.7,3972.5,143,
2024-05-03 09:38:00+05:30,3972.5,3973.35,3970.75,3970.75,145,
2024-05-03 09:39:00+05:30,3970.75,3973.25,3970.75,3971.05,314,
2024-05-03 09:40:00+05:30,3971.05,3977.3,3971.05,3977.3,482,
2024-05-03 09:41:00+05:30,3977.3,3983.5,3975.4,3977,964,
2024-05-03 09:42:00+05:30,3977,3977,3973.4,3976.6,148,
2024-05-03 09:43:00+05:30,3976.6,3978.95,3976.15,3976.15,151,
2024-05-03 09:44:00+05:30,3976.15,3980.25,3976.1,3980.25,591,
2024-05-03 09:45:00+05:30,3980.25,3982.65,3978.8,3978.85,1233,
2024-05-03 09:46:00+05:30,3978.85,3981.4,3978.85,3979,102,
2024-05-03 09:47:00+05:30,3979,3981.4,3979,3979.55,348,
2024-05-03 09:48:00+05:30,3979.55,3982.25,3979.55,3981.95,332,
2024-05-03 09:49:00+05:30,3981.95,3981.95,3975.6,3975.6,1041,
2024-05-03 09:50:00+05:30,3975.6,3975.6,3971.15,3973.15,1299,
2024-05-03 09:51:00+05:30,3973.15,3973.95,3970.95,3973.95,534,
2024-05-03 09:52:00+05:30,3973.95,3973.95,3964.65,3967.6,1310,
2024-05-03 09:53:00+05:30,3967.8,3970,3967.3,3968.65,589,
2024-05-03 09:54:00+05:30,3968.65,3970,3968.65,3969.95,111,
2024-05-03 09:55:00+05:30,3969.95,3973.95,3968.65,3972.95,1908,
2024-05-03 09:56:00+05:30,3972.95,3973.95,3971.05,3971.05,716,
2024-05-03 09:57:00+05:30,3971.05,3971.35,3967.55,3967.55,138,
2024-05-03 09:58:00+05:30,3967.55,3970,3966,3969.9,1048,
2024-05-03 09:59:00+05:30,3969.9,3972.45,3969.9,3970,640,
2024-05-03 10:00:00+05:30,3970,3974.65,3969.7,3973.9,1556,
2024-05-03 10:01:00+05:30,3973.9,3975,3969.1,3971.25,1073,
2024-05-03 10:02:00+05:30,3971.25,3971.25,3966.6,3966.6,1470,
2024-05-03 10:03:00+05:30,3968.55,3968.55,3966.55,3968.15,287,
2024-05-03 10:04:00+05:30,3968.15,3969.35,3968.1,3968.1,13,
2024-05-03 10:05:00+05:30,3968.1,3971.15,3961.75,3962.1,2539,
2024-05-03 10:06:00+05:30,3962.1,3967.15,3962.1,3965.1,721,
2024-05-03 10:07:00+05:30,3965.1,3967.1,3964.5,3966.05,1824,
2024-05-03 10:08:00+05:30,3966.05,3966.75,3964.65,3964.8,1048,
2024-05-03 10:09:00+05:30,3964.8,3967.25,3964.8,3966.95,817,
2024-05-03 10:10:00+05:30,3966.95,3966.95,3963.9,3964.3,2470,
2024-05-03 10:11:00+05:30,3964.3,3965,3958.1,3958.55,3273,
2024-05-03 10:12:00+05:30,3958.55,3960,3952.65,3958.8,6722,
2024-05-03 10:13:00+05:30,3958.8,3960.85,3956.1,3958.5,25539,
2024-05-03 10:14:00+05:30,3958.5,3960.1,3956,3959.4,1176,
2024-05-03 10:15:00+05:30,3959.4,3965,3959.4,3964.5,1392,
2024-05-03 10:16:00+05:30,3964.5,3965,3961.65,3961.65,763,
2024-05-03 10:17:00+05:30,3961.65,3965,3960,3960,2002,
2024-05-03 10:18:00+05:30,3960,3960,3958.55,3959,169,
2024-05-03 10:19:00+05:30,3959,3963.25,3958.45,3963.25,1191,
2024-05-03 10:20:00+05:30,3963.25,3965,3962.4,3964.3,1863,
2024-05-03 10:21:00+05:30,3964.3,3964.3,3962.85,3962.9,176,
2024-05-03 10:22:00+05:30,3962.9,3965.85,3962.9,3964.85,3329,
2024-05-03 10:23:00+05:30,3965,3965,3958.25,3960.5,1152,
2024-05-03 10:24:00+05:30,3960.5,3965,3960.05,3965,345,
2024-05-03 10:25:00+05:30,3965,3966.9,3964.9,3965.6,255,
2024-05-03 10:26:00+05:30,3965.6,3969.3,3965.6,3968.6,538,
2024-05-03 10:27:00+05:30,3967.1,3968.6,3966.95,3967.55,327,
2024-05-03 10:28:00+05:30,3967.55,3967.55,3965.4,3965.45,41,
2024-05-03 10:29:00+05:30,3965.45,3967.95,3965.45,3966.95,119,
2024-05-03 10:30:00+05:30,3968.5,3970,3968.25,3970,211,
2024-05-03 10:31:00+05:30,3970,3974.3,3970,3974.3,477,
2024-05-03 10:32:00+05:30,3974.3,3976,3974,3976,940,
2024-05-03 10:33:00+05:30,3976.05,3977.05,3974.1,3975.5,1620,
2024-05-03 10:34:00+05:30,3975.5,3977,3975.5,3976.7,294,
2024-05-03 10:35:00+05:30,3976.7,3980,3976,3980,799,
2024-05-03 10:36:00+05:30,3978.45,3980,3978.4,3979.95,234,
2024-05-03 10:37:00+05:30,3979.95,3979.95,3970.45,3972.15,2367,
2024-05-03 10:38:00+05:30,3972.15,3972.85,3970.25,3972.85,128,
2024-05-03 10:39:00+05:30,3972.85,3972.85,3970.35,3972,1206,
2024-05-03 10:40:00+05:30,3972,3972,3968.95,3968.95,75,
2024-05-03 10:41:00+05:30,3968,3971.4,3966.35,3970,2360,
2024-05-03 10:42:00+05:30,3970,3975,3968.75,3974.85,621,
2024-05-03 10:43:00+05:30,3974.85,3975,3973.7,3975,570,
2024-05-03 10:44:00+05:30,3973.7,3973.7,3971.6,3973,291,
2024-05-03 10:45:00+05:30,3973.3,3975,3973,3975,615,
2024-05-03 10:46:00+05:30,3975,3976.95,3974.3,3974.5,1127,
2024-05-03 10:47:00+05:30,3974.5,3975.9,3972.6,3974.95,404,
2024-05-03 10:48:00+05:30,3974.95,3975.3,3972.55,3973.25,157,
2024-05-03 10:49:00+05:30,3973.25,3974.95,3967.1,3969.05,4546,
2024-05-03 10:50:00+05:30,3969.05,3969.75,3967.05,3968.4,289,
2024-05-03 10:51:00+05:30,3968.4,3970.2,3968.4,3969.2,676,
2024-05-03 10:52:00+05:30,3969.2,3970.9,3968.1,3968.1,478,
2024-05-03 10:53:00+05:30,3968.1,3969.85,3968.1,3969.85,102,
2024-05-03 10:54:00+05:30,3969.85,3969.85,3968,3968,299,
2024-05-03 10:55:00+05:30,3968,3970,3968,3970,119,
2024-05-03 10:56:00+05:30,3970,3970.8,3969.45,3969.5,434,
2024-05-03 10:57:00+05:30,3969.5,3969.5,3968.65,3969.25,363,
2024-05-03 10:58:00+05:30,3969.25,3969.25,3967.55,3967.55,84,
2024-05-03 10:59:00+05:30,3967.55,3968.45,3967,3968.35,365,
2024-05-03 11:00:00+05:30,3968.35,3968.85,3967,3967.1,93,
2024-05-03 11:01:00+05:30,3967.1,3969,3967.1,3969,239,
2024-05-03 11:02:00+05:30,3969,3969.5,3968.95,3969.5,201,
2024-05-03 11:03:00+05:30,3969.5,3969.5,3969,3969,89,
2024-05-03 11:04:00+05:30,3969,3969.5,3967,3967.2,353,
2024-05-03 11:05:00+05:30,3967.2,3968.5,3967.2,3968.45,164,
2024-05-03 11:06:00+05:30,3968.45,3968.45,3967.2,3968.45,259,
2024-05-03 11:07:00+05:30,3968.45,3968.45,3967.55,3968.45,28,
2024-05-03 11:08:00+05:30,3968.45,3968.95,3967.1,3968.95,409,
2024-05-03 11:09:00+05:30,3968.95,3968.95,3967.15,3967.15,91,
2024-05-03 11:10:00+05:30,3967.15,3968.6,3967.15,3968.55,153,
2024-05-03 11:11:00+05:30,3968.55,3968.55,3967.2,3968.55,26,
2024-05-03 11:12:00+05:30,3968.55,3968.55,3967.2,3968.2,114,
2024-05-03 11:13:00+05:30,3968.2,3972.9,3968.2,3970.25,2088,
2024-05-03 11:14:00+05:30,3970.25,3970.25,3967.2,3967.2,668,
2024-05-03 11:15:00+05:30,3967.2,3969.05,3965.05,3966.5,1157,
2024-05-03 11:16:00+05:30,3966.5,3966.9,3962.65,3964,216,
2024-05-03 11:17:00+05:30,3964,3964,3962.35,3964,289,
2024-05-03 11:18:00+05:30,3964,3965,3962.35,3962.35,774,
2024-05-03 11:19:00+05:30,3962.35,3963.7,3962,3962.85,121,
2024-05-03 11:20:00+05:30,3962.85,3963.5,3962,3963.5,180,
2024-05-03 11:21:00+05:30,3963.5,3963.5,3962.15,3963.5,312,
2024-05-03 11:22:00+05:30,3963.5,3963.5,3960,3960.65,384,
2024-05-03 11:23:00+05:30,3960.65,3960.65,3955.6,3956.95,831,
2024-05-03 11:24:00+05:30,3956.95,3957.3,3955.6,3957.15,166,
2024-05-03 11:25:00+05:30,3957.15,3960.75,3957.05,3958.1,818,
2024-05-03 11:26:00+05:30,3958.85,3959.4,3957.8,3958.95,132,
2024-05-03 11:27:00+05:30,3958.95,3958.95,3956.9,3957.65,480,
2024-05-03 11:28:00+05:30,3957.65,3960.55,3956.95,3960.55,354,
2024-05-03 11:29:00+05:30,3960.55,3961.7,3955,3955,1101,
2024-05-03 11:30:00+05:30,3955,3956.7,3948.95,3949.7,1291,
2024-05-03 11:31:00+05:30,3949.7,3954.2,3947.05,3948.45,1111,
2024-05-03 11:32:00+05:30,3948.45,3950.2,3940,3940.35,1563,
2024-05-03 11:33:00+05:30,3940.7,3942.95,3940,3941.15,1170,
2024-05-03 11:34:00+05:30,3941.15,3941.15,3932.7,3934.35,1598,
2024-05-03 11:35:00+05:30,3933.5,3935.15,3932,3933.65,1152,
2024-05-03 11:36:00+05:30,3933.65,3933.85,3926.85,3928,1865,
2024-05-03 11:37:00+05:30,3928,3930,3926.25,3929.75,967,
2024-05-03 11:38:00+05:30,3929.75,3932.55,3928.25,3931.05,620,
2024-05-03 11:39:00+05:30,3931.05,3932.35,3928.2,3931.05,239,
2024-05-03 11:40:00+05:30,3931.05,3934.35,3931.05,3932.3,288,
2024-05-03 11:41:00+05:30,3932.3,3937.65,3931.55,3937.65,1552,
2024-05-03 11:42:00+05:30,3937.65,3943.7,3935.65,3943.2,1517,
2024-05-03 11:43:00+05:30,3943.05,3944,3941.05,3944,624,
2024-05-03 11:44:00+05:30,3944,3944.25,3942.5,3944.25,314,
2024-05-03 11:45:00+05:30,3944.25,3944.25,3940,3942.6,526,
2024-05-03 11:46:00+05:30,3942.6,3944.95,3940.7,3941.6,753,
2024-05-03 11:47:00+05:30,3941.6,3943.3,3937.7,3940.15,1130,
2024-05-03 11:48:00+05:30,3940.15,3940.15,3937.7,3940,423,
2024-05-03 11:49:00+05:30,3940,3940,3936.15,3939.85,40974,
2024-05-03 11:50:00+05:30,3939.85,3939.95,3935.45,3936.7,341,
2024-05-03 11:51:00+05:30,3936.7,3938.7,3936.3,3938.7,104,
2024-05-03 11:52:00+05:30,3938.7,3941.1,3938.55,3939.65,504,
2024-05-03 11:53:00+05:30,3939.65,3940.85,3937.8,3939.65,152,
2024-05-03 11:54:00+05:30,3939.65,3939.65,3937.45,3939.55,158,
2024-05-03 11:55:00+05:30,3939.55,3941.05,3938.9,3940.95,751,
2024-05-03 11:56:00+05:30,3940.95,3941,3939.7,3939.75,109,
2024-05-03 11:57:00+05:30,3939.75,3939.8,3937.15,3939.65,212,
2024-05-03 11:58:00+05:30,3939.65,3940.75,3938.4,3940.75,176,
2024-05-03 11:59:00+05:30,3940.75,3940.75,3938.95,3939,168,
2024-05-03 12:00:00+05:30,3939,3939.05,3930.45,3932.35,524,
2024-05-03 12:01:00+05:30,3932.35,3932.35,3930.6,3931.5,111,
2024-05-03 12:02:00+05:30,3932.35,3932.7,3930,3930,947,
2024-05-03 12:03:00+05:30,3930,3931.15,3927,3927.3,1191,
2024-05-03 12:04:00+05:30,3927.45,3928.45,3925,3925.4,499,
2024-05-03 12:05:00+05:30,3925.5,3926,3925,3926,373,
2024-05-03 12:06:00+05:30,3926,3926,3925,3926,347,
2024-05-03 12:07:00+05:30,3926,3929.95,3925.55,3927.4,567,
2024-05-03 12:08:00+05:30,3928.8,3929.95,3927.15,3927.45,366,
2024-05-03 12:09:00+05:30,3928.8,3929.7,3927.3,3929.05,212,
2024-05-03 12:10:00+05:30,3929.05,3929.4,3927.5,3927.5,292,
2024-05-03 12:11:00+05:30,3926.15,3927.6,3920.5,3922.15,2426,
2024-05-03 12:12:00+05:30,3922.15,3929.05,3920.5,3929.05,887,
2024-05-03 12:13:00+05:30,3929.05,3929.05,3924.75,3925.7,879,
2024-05-03 12:14:00+05:30,3925.7,3927.35,3925.7,3927.35,270,
2024-05-03 12:15:00+05:30,3927.35,3927.35,3925,3925.2,271,
2024-05-03 12:16:00+05:30,3925.2,3927,3924.45,3926.75,219,
2024-05-03 12:17:00+05:30,3926.75,3927,3925.2,3926.05,108,
2024-05-03 12:18:00+05:30,3926.05,3929.65,3925.2,3929.45,373,
2024-05-03 12:19:00+05:30,3929.65,3931,3928,3929.65,329,
2024-05-03 12:20:00+05:30,3929.65,3933.6,3929.65,3933.6,194,
2024-05-03 12:21:00+05:30,3933.6,3933.6,3930.55,3931.75,228,
2024-05-03 12:22:00+05:30,3931.75,3932.95,3931.3,3931.75,163,
2024-05-03 12:23:00+05:30,3931.75,3934,3931.4,3932.95,100,
2024-05-03 12:24:00+05:30,3932.95,3935.95,3932.6,3935.85,701,
2024-05-03 12:25:00+05:30,3935.85,3935.85,3932.85,3934.7,108,
2024-05-03 12:26:00+05:30,3934.7,3935,3934,3934,160,
2024-05-03 12:27:00+05:30,3934,3934.05,3931.4,3931.4,88,
2024-05-03 12:28:00+05:30,3931.4,3931.7,3930,3930.1,76,
2024-05-03 12:29:00+05:30,3930.1,3935.1,3930.1,3933.5,528,
2024-05-03 12:30:00+05:30,3933.5,3935.95,3931.8,3931.8,298,
2024-05-03 12:31:00+05:30,3931.8,3932,3927.7,3929.15,591,
2024-05-03 12:32:00+05:30,3929.15,3931.2,3928.25,3931.2,1252,
2024-05-03 12:33:00+05:30,3931.2,3931.85,3928.85,3929.6,464,
2024-05-03 12:34:00+05:30,3929.6,3930.7,3925.7,3930.7,456,
2024-05-03 12:35:00+05:30,3930.7,3932.5,3930.55,3930.55,732,
2024-05-03 12:36:00+05:30,3930.55,3930.55,3927.05,3928.4,102,
2024-05-03 12:37:00+05:30,3928.4,3930,3926.85,3929.55,192,
2024-05-03 12:38:00+05:30,3929.55,3930.7,3928.55,3929.25,184,
2024-05-03 12:39:00+05:30,3929.25,3930.4,3928.85,3930.4,101,
2024-05-03 12:40:00+05:30,3930.4,3933.85,3930.25,3933.65,589,
2024-05-03 12:41:00+05:30,3933.75,3933.8,3932,3932,223,
2024-05-03 12:42:00+05:30,3932,3934.75,3932,3933.25,177,
2024-05-03 12:43:00+05:30,3933.25,3934.75,3933.2,3934.75,114,
2024-05-03 12:44:00+05:30,3934.75,3935.6,3933.2,3935.4,548,
2024-05-03 12:45:00+05:30,3935.4,3937.45,3933.55,3937.45,302,
2024-05-03 12:46:00+05:30,3937.45,3938.7,3935,3936,360,
2024-05-03 12:47:00+05:30,3936,3937.95,3935.2,3936.4,244,
2024-05-03 12:48:00+05:30,3936.4,3937.7,3935.2,3936.4,157,
2024-05-03 12:49:00+05:30,3936.4,3936.4,3931.9,3931.9,795,
2024-05-03 12:50:00+05:30,3931.9,3932.9,3927,3928.9,737,
2024-05-03 12:51:00+05:30,3928.9,3928.9,3921,3921.35,649,
2024-05-03 12:52:00+05:30,3921.35,3921.65,3916,3916.1,1023,
2024-05-03 12:53:00+05:30,3916.1,3916.95,3912,3912,527,
2024-05-03 12:54:00+05:30,3912,3916.8,3911.3,3916.7,455,
2024-05-03 12:55:00+05:30,3916.7,3918.65,3915.25,3916.15,417,
2024-05-03 12:56:00+05:30,3915.55,3915.6,3911.3,3913.75,1286,
2024-05-03 12:57:00+05:30,3913.75,3913.75,3910.5,3911.05,402,
2024-05-03 12:58:00+05:30,3911.05,3912.6,3910.15,3912.6,518,
2024-05-03 12:59:00+05:30,3912.6,3914.65,3911.2,3911.2,216,
2024-05-03 13:00:00+05:30,3913.1,3913.1,3910,3910.1,316,
2024-05-03 13:01:00+05:30,3910.1,3911,3907,3909.5,1348,
2024-05-03 13:02:00+05:30,3909.5,3909.7,3908,3908,572,
2024-05-03 13:03:00+05:30,3908,3910.7,3908,3909.6,369,
2024-05-03 13:04:00+05:30,3909.6,3909.6,3906,3906,1140,
2024-05-03 13:05:00+05:30,3906,3909.6,3905.7,3905.7,2827,
2024-05-03 13:06:00+05:30,3905.5,3909.6,3905.15,3905.2,3014,
2024-05-03 13:07:00+05:30,3905.2,3907,3900,3900.15,3045,
2024-05-03 13:08:00+05:30,3900,3903.5,3900,3903.5,1623,
2024-05-03 13:09:00+05:30,3903.35,3908.45,3903.3,3907.05,1580,
2024-05-03 13:10:00+05:30,3907.05,3907.6,3905.2,3906.95,403,
2024-05-03 13:11:00+05:30,3906.95,3909.65,3906.2,3908.15,1933,
2024-05-03 13:12:00+05:30,3908.15,3911.2,3908.15,3911.1,844,
2024-05-03 13:13:00+05:30,3911.1,3911.2,3910,3911.2,176,
2024-05-03 13:14:00+05:30,3911.2,3911.2,3910,3911.05,175,
2024-05-03 13:15:00+05:30,3911,3912.35,3908.7,3909.7,929,
2024-05-03 13:16:00+05:30,3909.7,3911,3909.55,3911,244,
2024-05-03 13:17:00+05:30,3911,3913.95,3910.05,3910.1,579,
2024-05-03 13:18:00+05:30,3910.1,3913.85,3910,3913.85,485,
2024-05-03 13:19:00+05:30,3913.85,3914.2,3911.9,3914,719,
2024-05-03 13:20:00+05:30,3914,3914,3913,3913,116,
2024-05-03 13:21:00+05:30,3913,3917,3913,3917,691,
2024-05-03 13:22:00+05:30,3917,3920.3,3916.75,3920.3,458,
2024-05-03 13:23:00+05:30,3920.3,3921.5,3919.45,3919.45,979,
2024-05-03 13:24:00+05:30,3919.45,3920.7,3919.45,3920.7,282,
2024-05-03 13:25:00+05:30,3920.7,3923.1,3920.7,3922.55,299,
2024-05-03 13:26:00+05:30,3922.55,3925,3922.55,3925,535,
2024-05-03 13:27:00+05:30,3925,3926.45,3924.05,3924.55,362,
2024-05-03 13:28:00+05:30,3924.55,3926.7,3924.55,3925.65,118,
2024-05-03 13:29:00+05:30,3927.25,3930.5,3927.25,3930.5,574,
2024-05-03 13:30:00+05:30,3930.5,3930.5,3925.1,3928.45,2257,
2024-05-03 13:31:00+05:30,3928.45,3928.45,3927.25,3927.45,135,
2024-05-03 13:32:00+05:30,3927.45,3927.45,3925,3926.4,407,
2024-05-03 13:33:00+05:30,3926.4,3927.4,3925.4,3925.75,140,
2024-05-03 13:34:00+05:30,3925.75,3927,3925.65,3925.65,142,
2024-05-03 13:35:00+05:30,3925.65,3927,3925.65,3926.6,118,
2024-05-03 13:36:00+05:30,3926.6,3926.6,3922.1,3922.4,760,
2024-05-03 13:37:00+05:30,3922.4,3923.4,3919.95,3919.95,172,
2024-05-03 13:38:00+05:30,3919.95,3921.55,3919.95,3920.3,169,
2024-05-03 13:39:00+05:30,3920.3,3920.3,3914.7,3917,336,
2024-05-03 13:40:00+05:30,3917,3919.35,3916.55,3918,424,
2024-05-03 13:41:00+05:30,3918,3918.5,3915.6,3918.5,425,
2024-05-03 13:42:00+05:30,3918.5,3918.5,3916.45,3916.5,122,
2024-05-03 13:43:00+05:30,3916.5,3919.2,3916.2,3919.2,1137,
2024-05-03 13:44:00+05:30,3919.2,3921.6,3919.2,3921.45,285,
2024-05-03 13:45:00+05:30,3921.45,3921.55,3920,3920.55,102,
2024-05-03 13:46:00+05:30,3920.55,3922.75,3920.55,3922.75,394,
2024-05-03 13:47:00+05:30,3922.75,3922.75,3921.5,3922.75,100,
2024-05-03 13:48:00+05:30,3922.75,3924.95,3921.65,3924.75,129,
2024-05-03 13:49:00+05:30,3924.75,3924.85,3920.1,3920.1,265,
2024-05-03 13:50:00+05:30,3920.1,3920.9,3920,3920.7,103,
2024-05-03 13:51:00+05:30,3920.7,3920.7,3916.25,3919.25,146,
2024-05-03 13:52:00+05:30,3919.2,3919.2,3915,3916,353,
2024-05-03 13:53:00+05:30,3916,3916,3913,3913.8,491,
2024-05-03 13:54:00+05:30,3913.8,3920.5,3913.8,3919.85,1237,
2024-05-03 13:55:00+05:30,3919.85,3923.7,3919.85,3920.7,800,
2024-05-03 13:56:00+05:30,3920.7,3922.75,3917.8,3920.4,659,
2024-05-03 13:57:00+05:30,3920.4,3922,3919.4,3921,273,
2024-05-03 13:58:00+05:30,3921,3926.9,3920.05,3920.25,2008,
2024-05-03 13:59:00+05:30,3920.25,3922.5,3918.65,3921.9,229,
2024-05-03 14:00:00+05:30,3921.9,3923.85,3920.1,3921.15,376,
2024-05-03 14:01:00+05:30,3921.15,3928.45,3920.7,3925.95,4969,
2024-05-03 14:02:00+05:30,3925.45,3925.95,3923,3924.35,403,
2024-05-03 14:03:00+05:30,3924.35,3932.35,3924.25,3931.1,2390,
2024-05-03 14:04:00+05:30,3931.1,3934.65,3927.4,3934.65,593,
2024-05-03 14:05:00+05:30,3934.65,3934.65,3931.25,3931.25,378,
2024-05-03 14:06:00+05:30,3931.25,3933.85,3930.85,3933.85,415,
2024-05-03 14:07:00+05:30,3933.85,3933.85,3931.2,3932.05,178,
2024-05-03 14:08:00+05:30,3932.05,3933,3930.65,3933,365,
2024-05-03 14:09:00+05:30,3933,3933,3931.5,3933,248,
2024-05-03 14:10:00+05:30,3933,3933,3931.2,3931.45,273,
2024-05-03 14:11:00+05:30,3932.75,3933,3930.85,3931.25,433,
2024-05-03 14:12:00+05:30,3932.9,3932.9,3930.6,3932.15,762,
2024-05-03 14:13:00+05:30,3932.15,3940.75,3932.15,3935.65,2125,
2024-05-03 14:14:00+05:30,3935.65,3937.75,3934.9,3936.5,326,
2024-05-03 14:15:00+05:30,3936.5,3936.5,3929.95,3929.95,581,
2024-05-03 14:16:00+05:30,3929.95,3936.45,3929.9,3935,252,
2024-05-03 14:17:00+05:30,3935,3936.85,3935,3936.65,167,
2024-05-03 14:18:00+05:30,3936.65,3939.45,3936.65,3936.7,188,
2024-05-03 14:19:00+05:30,3936.7,3937.95,3935.45,3935.45,328,
2024-05-03 14:20:00+05:30,3935.45,3935.45,3931.95,3932.7,374,
2024-05-03 14:21:00+05:30,3932.7,3935.65,3931.8,3933.95,211,
2024-05-03 14:22:00+05:30,3933.7,3937.7,3933.7,3937.7,676,
2024-05-03 14:23:00+05:30,3937.7,3939.35,3936.5,3937.7,285,
2024-05-03 14:24:00+05:30,3937.7,3943.9,3937.7,3943.9,1371,
2024-05-03 14:25:00+05:30,3941.8,3946.5,3941,3942.1,2191,
2024-05-03 14:26:00+05:30,3942.1,3942.15,3939.55,3941.75,243,
2024-05-03 14:27:00+05:30,3941.75,3941.9,3938.25,3939.95,365,
2024-05-03 14:28:00+05:30,3939.95,3944.85,3938.2,3941.7,6444,
2024-05-03 14:29:00+05:30,3941.7,3942.4,3939.05,3940.35,450,
2024-05-03 14:30:00+05:30,3940.35,3943.55,3940.35,3943.45,269,
2024-05-03 14:31:00+05:30,3943.45,3943.5,3942.3,3942.5,458,
2024-05-03 14:32:00+05:30,3942.7,3942.7,3942.3,3942.4,135,
2024-05-03 14:33:00+05:30,3942.5,3943.7,3942.45,3942.45,564,
2024-05-03 14:34:00+05:30,3942.45,3946.1,3942.45,3944.55,670,
2024-05-03 14:35:00+05:30,3945.9,3947.7,3938.5,3940.8,5550,
2024-05-03 14:36:00+05:30,3940.8,3941.6,3938.9,3939,359,
2024-05-03 14:37:00+05:30,3939.1,3941,3939,3941,433,
2024-05-03 14:38:00+05:30,3941.8,3942.75,3940.05,3942.3,310,
2024-05-03 14:39:00+05:30,3942.3,3942.3,3939.45,3939.45,344,
2024-05-03 14:40:00+05:30,3939.45,3941.3,3939.45,3940.15,198,
2024-05-03 14:41:00+05:30,3940.15,3942.25,3937.15,3940.25,604,
2024-05-03 14:42:00+05:30,3940.25,3942.15,3939.95,3940.5,386,
2024-05-03 14:43:00+05:30,3940.5,3944.75,3940.5,3943.85,630,
2024-05-03 14:44:00+05:30,3943.85,3944.7,3942.4,3944.5,148,
2024-05-03 14:45:00+05:30,3944.5,3944.9,3942.05,3942.05,956,
2024-05-03 14:46:00+05:30,3942.05,3943.4,3942,3942,81,
2024-05-03 14:47:00+05:30,3942,3942.05,3940.8,3942.05,105,
2024-05-03 14:48:00+05:30,3942.05,3943.25,3941.1,3941.85,261,
2024-05-03 14:49:00+05:30,3941.85,3944,3938.6,3944,841,
2024-05-03 14:50:00+05:30,3944,3944,3942.5,3943,384,
2024-05-03 14:51:00+05:30,3943,3943,3942.1,3942.1,204,
2024-05-03 14:52:00+05:30,3942.1,3943.5,3941.3,3941.3,247,
2024-05-03 14:53:00+05:30,3941.3,3942.8,3938.85,3939,104,
2024-05-03 14:54:00+05:30,3939,3940.4,3938,3940.25,280,
2024-05-03 14:55:00+05:30,3940.25,3940.4,3939.45,3939.95,184,
2024-05-03 14:56:00+05:30,3939.95,3944.8,3939.95,3944,1185,
2024-05-03 14:57:00+05:30,3944,3944,3943.25,3944,179,
2024-05-03 14:58:00+05:30,3944,3944,3940.7,3941.95,408,
2024-05-03 14:59:00+05:30,3941.95,3943.7,3941.95,3943,210,
2024-05-03 15:00:00+05:30,3942.95,3947,3942.95,3947,1133,
2024-05-03 15:01:00+05:30,3947,3948.1,3945.5,3947.05,919,
2024-05-03 15:02:00+05:30,3948.1,3950,3946.95,3949.6,1175,
2024-05-03 15:03:00+05:30,3949.6,3952.65,3948.6,3951.5,1016,
2024-05-03 15:04:00+05:30,3951.3,3953,3949.75,3951.95,2186,
2024-05-03 15:05:00+05:30,3950.65,3951.45,3946.15,3948.25,1165,
2024-05-03 15:06:00+05:30,3948.25,3951.6,3946.9,3950.05,636,
2024-05-03 15:07:00+05:30,3950,3951.55,3949.15,3950.65,1061,
2024-05-03 15:08:00+05:30,3950.65,3951.9,3948.5,3951.9,948,
2024-05-03 15:09:00+05:30,3951.9,3956.05,3951.3,3956.05,1435,
2024-05-03 15:10:00+05:30,3955.45,3957.5,3954.05,3956.65,1142,
2024-05-03 15:11:00+05:30,3956.65,3957.1,3954.2,3955.8,1012,
2024-05-03 15:12:00+05:30,3955.8,3956.2,3955,3955.9,706,
2024-05-03 15:13:00+05:30,3955.9,3955.9,3953.25,3954,470,
2024-05-03 15:14:00+05:30,3954,3954,3950.6,3953.85,984,
2024-05-03 15:15:00+05:30,3953.35,3954.8,3951,3951.7,1460,
2024-05-03 15:16:00+05:30,3950.2,3956.4,3949,3955.55,1187,
2024-05-03 15:17:00+05:30,3956.35,3958,3955.5,3957.8,743,
2024-05-03 15:18:00+05:30,3957.8,3957.8,3956,3957.8,838,
2024-05-03 15:19:00+05:30,3957.8,3957.85,3955.1,3957.8,669,
2024-05-03 15:20:00+05:30,3957.4,3957.8,3955.55,3955.95,1649,
2024-05-03 15:21:00+05:30,3956.6,3956.6,3951.85,3952.7,935,
2024-05-03 15:22:00+05:30,3953.35,3954.2,3950.35,3953.85,1457,
2024-05-03 15:23:00+05:30,3953.75,3953.75,3950.35,3952.85,941,
2024-05-03 15:24:00+05:30,3952.85,3954.1,3949.6,3953.95,1433,
2024-05-03 15:25:00+05:30,3953.95,3956.35,3950,3953.3,623,
2024-05-03 15:26:00+05:30,3953.55,3953.55,3938.65,3943.25,2828,
2024-05-03 15:27:00+05:30,3943.15,3949.65,3941.3,3949.65,1797,
2024-05-03 15:28:00+05:30,3949.7,3953.85,3939.85,3950,1126,
2024-05-03 15:29:00+05:30,3944.7,3950.75,3938.1,3938.1,781,
2024-05-06 09:15:00+05:30,3950.95,3968.25,3934.9,3938.9,5038,
2024-05-06 09:16:00+05:30,3936.4,3946.9,3930.75,3943.4,5494,
2024-05-06 09:17:00+05:30,3942.7,3951.2,3934.05,3949.7,3662,
2024-05-06 09:18:00+05:30,3950.05,3959.2,3940.05,3959.2,1732,
2024-05-06 09:19:00+05:30,3959.2,3959.2,3946.3,3952.9,939,
2024-05-06 09:20:00+05:30,3952.9,3959.85,3948.25,3949.95,3182,
2024-05-06 09:21:00+05:30,3949.95,3955.05,3939,3939,2359,
2024-05-06 09:22:00+05:30,3941.75,3956.9,3940.55,3952.9,1876,
2024-05-06 09:23:00+05:30,3952.9,3955.9,3952.3,3954.95,297,
2024-05-06 09:24:00+05:30,3954.95,3959.8,3952.2,3955.45,1079,
2024-05-06 09:25:00+05:30,3955.45,3969.95,3955.45,3964.6,2419,
2024-05-06 09:26:00+05:30,3963.05,3967.95,3958,3959.05,2342,
2024-05-06 09:27:00+05:30,3958,3966.4,3955,3964,959,
2024-05-06 09:28:00+05:30,3964,3965.6,3954.05,3955,1281,
2024-05-06 09:29:00+05:30,3958.25,3968.25,3957.65,3967,797,
2024-05-06 09:30:00+05:30,3967,3974.4,3965.15,3965.65,1483,
2024-05-06 09:31:00+05:30,3965.65,3973.1,3965.05,3972,1829,
2024-05-06 09:32:00+05:30,3969.75,3980.95,3969.75,3979.7,1557,
2024-05-06 09:33:00+05:30,3979.7,3985.8,3979,3979.95,2256,
2024-05-06 09:34:00+05:30,3979.95,3986.75,3978.1,3983.3,1285,
2024-05-06 09:35:00+05:30,3985.85,3988.2,3981.75,3982.6,1992,
2024-05-06 09:36:00+05:30,3982.6,3987.45,3980.05,3987.45,1985,
2024-05-06 09:37:00+05:30,3985.15,3989,3982.9,3982.9,2714,
2024-05-06 09:38:00+05:30,3982.9,3984,3972.2,3972.2,1892,
2024-05-06 09:39:00+05:30,3972.2,3972.2,3962.4,3965,2226,
2024-05-06 09:40:00+05:30,3965,3967,3959.5,3960,1260,
2024-05-06 09:41:00+05:30,3960,3960,3947.15,3947.15,1480,
2024-05-06 09:42:00+05:30,3947.15,3947.15,3927.3,3931.1,5569,
2024-05-06 09:43:00+05:30,3930.1,3930.1,3922.95,3925,2301,
2024-05-06 09:44:00+05:30,3925,3932,3922.95,3931.75,2790,
2024-05-06 09:45:00+05:30,3931.75,3938.4,3931,3938.1,794,
2024-05-06 09:46:00+05:30,3935.75,3940,3934,3940,261,
2024-05-06 09:47:00+05:30,3937.65,3939.95,3932.45,3932.45,888,
2024-05-06 09:48:00+05:30,3932.45,3939.45,3930.3,3930.7,1104,
2024-05-06 09:49:00+05:30,3930.7,3936,3926.75,3934.55,849,
2024-05-06 09:50:00+05:30,3934.55,3935,3927.1,3928.1,918,
2024-05-06 09:51:00+05:30,3928.1,3931.6,3927.8,3930,382,
2024-05-06 09:52:00+05:30,3930,3932,3924.45,3925.15,1715,
2024-05-06 09:53:00+05:30,3925.15,3925.15,3922,3922,685,
2024-05-06 09:54:00+05:30,3922,3923.55,3916.15,3917.75,879,
2024-05-06 09:55:00+05:30,3919.85,3922,3917.05,3920,200,
2024-05-06 09:56:00+05:30,3920,3926.95,3918.05,3925.7,1990,
2024-05-06 09:57:00+05:30,3924.2,3925.65,3920.1,3924.85,550,
2024-05-06 09:58:00+05:30,3924.85,3926.35,3924.1,3926.1,206,
2024-05-06 09:59:00+05:30,3926.1,3926.1,3921.85,3924.6,335,
2024-05-06 10:00:00+05:30,3924.6,3925.3,3915.45,3915.45,1448,
2024-05-06 10:01:00+05:30,3915.2,3918.85,3912.7,3918.85,1620,
2024-05-06 10:02:00+05:30,3916.85,3920,3912.5,3912.5,930,
2024-05-06 10:03:00+05:30,3912.5,3914.75,3910.35,3913.95,529,
2024-05-06 10:04:00+05:30,3913.95,3916.1,3911.2,3916.1,387,
2024-05-06 10:05:00+05:30,3916.1,3916.8,3911.05,3914.6,346,
2024-05-06 10:06:00+05:30,3914.6,3918.8,3911.95,3911.95,462,
2024-05-06 10:07:00+05:30,3911.6,3913.6,3908,3908,720,
2024-05-06 10:08:00+05:30,3908,3913.65,3908,3912.55,90,
2024-05-06 10:09:00+05:30,3912.55,3912.65,3901.15,3905.5,2200,
2024-05-06 10:10:00+05:30,3904.6,3910.55,3904.6,3906.65,796,
2024-05-06 10:11:00+05:30,3906.65,3915.75,3906.65,3915.2,231,
2024-05-06 10:12:00+05:30,3915.2,3918,3910,3912.2,678,
2024-05-06 10:13:00+05:30,3912.2,3915.6,3912.2,3914.8,120,
2024-05-06 10:14:00+05:30,3914.8,3921,3914.8,3920.15,465,
2024-05-06 10:15:00+05:30,3920.15,3927.15,3920.1,3920.6,2173,
2024-05-06 10:16:00+05:30,3920.6,3923.5,3920.1,3922,216,
2024-05-06 10:17:00+05:30,3922,3924.4,3922,3923.75,36,
2024-05-06 10:18:00+05:30,3923.75,3923.75,3920,3920.05,780,
2024-05-06 10:19:00+05:30,3920.05,3924.8,3920.05,3921.8,53,
2024-05-06 10:20:00+05:30,3921.8,3926.15,3921.8,3922.65,444,
2024-05-06 10:21:00+05:30,3925.1,3930.65,3925,3928,350,
2024-05-06 10:22:00+05:30,3930.8,3934.6,3929.7,3932.5,444,
2024-05-06 10:23:00+05:30,3930.6,3934,3928.05,3928.05,424,
2024-05-06 10:24:00+05:30,3928.05,3929.2,3926.05,3926.7,162,
2024-05-06 10:25:00+05:30,3926.7,3927.15,3923.05,3923.05,754,
2024-05-06 10:26:00+05:30,3923.05,3931.4,3923.05,3930.4,663,
2024-05-06 10:27:00+05:30,3930.4,3932.75,3930.35,3930.35,357,
2024-05-06 10:28:00+05:30,3930.35,3932,3930.35,3930.65,84,
2024-05-06 10:29:00+05:30,3930.65,3933.3,3930.65,3931.1,125,
2024-05-06 10:30:00+05:30,3933.95,3939.55,3931.65,3939.55,608,
2024-05-06 10:31:00+05:30,3937.7,3940,3937.7,3938.05,137,
2024-05-06 10:32:00+05:30,3938.05,3943.8,3938.05,3939.45,1056,
2024-05-06 10:33:00+05:30,3939.45,3941.2,3935.1,3935.1,764,
2024-05-06 10:34:00+05:30,3935.1,3937.7,3932.55,3932.55,794,
2024-05-06 10:35:00+05:30,3932.55,3934.6,3930,3933.1,1442,
2024-05-06 10:36:00+05:30,3933.1,3933.9,3932.15,3932.65,270,
2024-05-06 10:37:00+05:30,3932.65,3933.75,3932.65,3933.75,49,
2024-05-06 10:38:00+05:30,3933.75,3936.35,3928.35,3928.35,870,
2024-05-06 10:39:00+05:30,3928.05,3932.8,3925.6,3930.2,544,
2024-05-06 10:40:00+05:30,3932.45,3933.45,3929.5,3932.15,117,
2024-05-06 10:41:00+05:30,3932.15,3939.85,3932.15,3939.85,510,
2024-05-06 10:42:00+05:30,3937.6,3938.5,3937.05,3938.05,273,
2024-05-06 10:43:00+05:30,3938.05,3940,3937.5,3938.45,386,
2024-05-06 10:44:00+05:30,3938.45,3943.05,3936.55,3938.55,1908,
2024-05-06 10:45:00+05:30,3938.55,3938.9,3933.85,3938.3,409,
2024-05-06 10:46:00+05:30,3938.3,3941,3934.35,3934.4,623,
2024-05-06 10:47:00+05:30,3934.4,3940.8,3934.4,3940.7,140,
2024-05-06 10:48:00+05:30,3940.7,3944.2,3939,3942.55,427,
2024-05-06 10:49:00+05:30,3942.55,3943.95,3941.75,3942.95,226,
2024-05-06 10:50:00+05:30,3942.95,3948.05,3941.75,3943.8,2982,
2024-05-06 10:51:00+05:30,3943.8,3948,3943.5,3948,438,
2024-05-06 10:52:00+05:30,3948,3949.45,3946.15,3948.9,1062,
2024-05-06 10:53:00+05:30,3948.9,3949.85,3945.8,3947.5,532,
2024-05-06 10:54:00+05:30,3947.5,3949.5,3944.6,3946.7,1175,
2024-05-06 10:55:00+05:30,3946.7,3949.4,3946.7,3947.05,404,
2024-05-06 10:56:00+05:30,3947.05,3953.55,3947.05,3948.45,1031,
2024-05-06 10:57:00+05:30,3948.45,3951.95,3948.3,3950.25,464,
2024-05-06 10:58:00+05:30,3950.9,3954,3950.9,3952.05,263,
2024-05-06 10:59:00+05:30,3952.05,3953.1,3950.9,3951.45,343,
2024-05-06 11:00:00+05:30,3951.45,3953.9,3951,3951,811,
2024-05-06 11:01:00+05:30,3951,3954,3950.25,3951.4,421,
2024-05-06 11:02:00+05:30,3951.4,3955.25,3951.4,3955.1,394,
2024-05-06 11:03:00+05:30,3955.1,3956.05,3952.5,3953.35,268,
2024-05-06 11:04:00+05:30,3953.35,3954.55,3951.4,3952.15,143,
2024-05-06 11:05:00+05:30,3952.35,3957.5,3952.35,3955.9,397,
2024-05-06 11:06:00+05:30,3956.45,3958.6,3954.95,3956.05,152,
2024-05-06 11:07:00+05:30,3956.05,3958.7,3955.85,3958.7,147,
2024-05-06 11:08:00+05:30,3958.7,3958.7,3953.25,3953.7,478,
2024-05-06 11:09:00+05:30,3953.7,3955,3953,3953.3,539,
2024-05-06 11:10:00+05:30,3955,3955,3950,3951.05,370,
2024-05-06 11:11:00+05:30,3951.05,3953.1,3950,3950,507,
2024-05-06 11:12:00+05:30,3950,3952.85,3949.05,3950.9,208,
2024-05-06 11:13:00+05:30,3950.9,3953.1,3950.1,3950.1,242,
2024-05-06 11:14:00+05:30,3950.1,3951.6,3946.9,3946.9,278,
2024-05-06 11:15:00+05:30,3946.9,3946.9,3941.85,3941.85,581,
2024-05-06 11:16:00+05:30,3941.85,3943.5,3940,3941.1,567,
2024-05-06 11:17:00+05:30,3941.1,3943.65,3941.1,3941.2,162,
2024-05-06 11:18:00+05:30,3941.2,3945.9,3941.1,3941.15,1038,
2024-05-06 11:19:00+05:30,3941.15,3946.3,3941,3946.3,204,
2024-05-06 11:20:00+05:30,3946.3,3946.3,3940,3940.05,5012,
2024-05-06 11:21:00+05:30,3940.05,3943.15,3940,3940.05,860,
2024-05-06 11:22:00+05:30,3940.05,3943.1,3940.05,3940.15,267,
2024-05-06 11:23:00+05:30,3943.2,3943.2,3932.4,3933.8,7804,
2024-05-06 11:24:00+05:30,3933.8,3934.95,3930.05,3930.05,580,
2024-05-06 11:25:00+05:30,3930.05,3933.5,3928.3,3932.95,885,
2024-05-06 11:26:00+05:30,3932.95,3940.2,3932.45,3937.55,580,
2024-05-06 11:27:00+05:30,3937.55,3939.85,3937.55,3939.85,164,
2024-05-06 11:28:00+05:30,3939.85,3939.85,3938.05,3938.05,193,
2024-05-06 11:29:00+05:30,3938.05,3939.95,3938.05,3939.05,162,
2024-05-06 11:30:00+05:30,3939.05,3940.35,3937,3937.65,506,
2024-05-06 11:31:00+05:30,3937.65,3939.15,3935.05,3937.05,895,
2024-05-06 11:32:00+05:30,3937.05,3938.75,3925.6,3928.05,1934,
2024-05-06 11:33:00+05:30,3930.35,3932.25,3927.55,3927.55,353,
2024-05-06 11:34:00+05:30,3927.55,3931.85,3927.55,3929.1,448,
2024-05-06 11:35:00+05:30,3929.1,3935,3929.1,3935,392,
2024-05-06 11:36:00+05:30,3935,3937.7,3935,3937.55,212,
2024-05-06 11:37:00+05:30,3937.55,3939.15,3935,3935.5,803,
2024-05-06 11:38:00+05:30,3935.5,3939.05,3935.05,3937.75,167,
2024-05-06 11:39:00+05:30,3940,3940,3937.5,3939,324,
2024-05-06 11:40:00+05:30,3939.2,3940.45,3937.35,3940.35,650,
2024-05-06 11:41:00+05:30,3940.35,3940.4,3937.55,3938.65,246,
2024-05-06 11:42:00+05:30,3938.65,3939.9,3937.55,3937.55,250,
2024-05-06 11:43:00+05:30,3937.55,3939.5,3937.2,3937.95,372,
2024-05-06 11:44:00+05:30,3937.95,3939,3936.25,3938.5,256,
2024-05-06 11:45:00+05:30,3938.5,3941.1,3938.5,3941.1,200,
2024-05-06 11:46:00+05:30,3941.1,3941.6,3941.1,3941.2,254,
2024-05-06 11:47:00+05:30,3941.2,3943,3939,3940.4,683,
2024-05-06 11:48:00+05:30,3940.4,3942.2,3940,3941.15,208,
2024-05-06 11:49:00+05:30,3941.15,3943.95,3940.6,3941.45,348,
2024-05-06 11:50:00+05:30,3940.95,3944,3940.5,3943.85,704,
2024-05-06 11:51:00+05:30,3943.85,3944.65,3941.75,3941.9,281,
2024-05-06 11:52:00+05:30,3941.9,3947.1,3941.9,3945,269,
2024-05-06 11:53:00+05:30,3945,3946,3945,3945,278,
2024-05-06 11:54:00+05:30,3945.5,3949.9,3945,3948.3,822,
2024-05-06 11:55:00+05:30,3948.3,3949.9,3945,3945.05,906,
2024-05-06 11:56:00+05:30,3947.45,3949,3945,3946.8,905,
2024-05-06 11:57:00+05:30,3946.8,3948.95,3945,3945.05,354,
2024-05-06 11:58:00+05:30,3945.05,3949,3945,3947.05,979,
2024-05-06 11:59:00+05:30,3947.05,3949.25,3945.3,3945.3,756,
2024-05-06 12:00:00+05:30,3945.2,3949.45,3943.6,3946.9,570,
2024-05-06 12:01:00+05:30,3946.9,3948.05,3942.25,3942.3,788,
2024-05-06 12:02:00+05:30,3944.4,3947.95,3942.3,3943.5,648,
2024-05-06 12:03:00+05:30,3943.5,3947,3943.15,3944.65,313,
2024-05-06 12:04:00+05:30,3944.65,3946.65,3942.3,3944.5,180,
2024-05-06 12:05:00+05:30,3946.05,3948,3943.95,3944.6,850,
2024-05-06 12:06:00+05:30,3944.6,3947,3942,3942.85,74,
2024-05-06 12:07:00+05:30,3942.85,3944.6,3941.15,3944.6,436,
2024-05-06 12:08:00+05:30,3944.6,3945.8,3943.1,3944.3,121,
2024-05-06 12:09:00+05:30,3944.3,3947,3944,3944,170,
2024-05-06 12:10:00+05:30,3944,3946.6,3942.25,3942.3,543,
2024-05-06 12:11:00+05:30,3942.3,3945.95,3942.3,3942.4,294,
2024-05-06 12:12:00+05:30,3944.9,3945,3942.35,3942.9,150,
2024-05-06 12:13:00+05:30,3942.9,3944.95,3942.3,3942.3,351,
2024-05-06 12:14:00+05:30,3943.8,3945,3941.9,3942.05,141,
2024-05-06 12:15:00+05:30,3942.05,3944.95,3941.35,3943.1,216,
2024-05-06 12:16:00+05:30,3943.1,3944.9,3940.55,3943.35,127,
2024-05-06 12:17:00+05:30,3940.9,3943.3,3940,3942.6,257,
2024-05-06 12:18:00+05:30,3943.3,3945.4,3942.05,3944.4,259,
2024-05-06 12:19:00+05:30,3944.4,3946.95,3944.4,3945.2,279,
2024-05-06 12:20:00+05:30,3945.2,3947,3945.2,3946.2,349,
2024-05-06 12:21:00+05:30,3946.2,3947,3946.2,3947,140,
2024-05-06 12:22:00+05:30,3947,3947,3944.5,3944.5,211,
2024-05-06 12:23:00+05:30,3944.5,3946,3944.1,3946,176,
2024-05-06 12:24:00+05:30,3944.3,3946.6,3943.8,3944.8,205,
2024-05-06 12:25:00+05:30,3944.8,3946,3943.4,3943.65,368,
2024-05-06 12:26:00+05:30,3943.65,3946,3943.65,3944.55,117,
2024-05-06 12:27:00+05:30,3944.6,3946,3944.4,3945.15,130,
2024-05-06 12:28:00+05:30,3945.15,3947,3943.4,3944.2,436,
2024-05-06 12:29:00+05:30,3944.2,3944.2,3940,3943.7,709,
2024-05-06 12:30:00+05:30,3943.7,3946.2,3942.05,3942.15,250,
2024-05-06 12:31:00+05:30,3942.15,3944.1,3941.1,3942.55,92,
2024-05-06 12:32:00+05:30,3942.55,3945,3942.55,3942.85,229,
2024-05-06 12:33:00+05:30,3942.85,3945,3942.35,3943.4,304,
2024-05-06 12:34:00+05:30,3943.4,3945,3943.35,3943.35,154,
2024-05-06 12:35:00+05:30,3943.35,3944.8,3941.8,3941.8,206,
2024-05-06 12:36:00+05:30,3941.7,3944.45,3941.6,3941.6,172,
2024-05-06 12:37:00+05:30,3941.6,3942.9,3940.05,3940.05,128,
2024-05-06 12:38:00+05:30,3940.05,3942,3940,3941.05,57,
2024-05-06 12:39:00+05:30,3941.05,3944.45,3940.3,3944.3,278,
2024-05-06 12:40:00+05:30,3944.3,3945,3944.05,3944.05,82,
2024-05-06 12:41:00+05:30,3944.05,3944.9,3943.55,3943.75,311,
2024-05-06 12:42:00+05:30,3944,3945,3943.55,3943.85,155,
2024-05-06 12:43:00+05:30,3943.85,3944.05,3941.45,3944.05,114,
2024-05-06 12:44:00+05:30,3944.05,3944.05,3940.55,3942.95,111,
2024-05-06 12:45:00+05:30,3942.95,3944.95,3940.9,3942.95,289,
2024-05-06 12:46:00+05:30,3942.95,3944.45,3941.95,3941.95,169,
2024-05-06 12:47:00+05:30,3941.95,3944.1,3941.95,3942.05,117,
2024-05-06 12:48:00+05:30,3944.1,3944.1,3942.05,3942.1,152,
2024-05-06 12:49:00+05:30,3942.1,3944,3942.1,3942.2,129,
2024-05-06 12:50:00+05:30,3942.2,3943.95,3942.05,3942.1,69,
2024-05-06 12:51:00+05:30,3942.1,3943.95,3940,3940,397,
2024-05-06 12:52:00+05:30,3940,3941.85,3940,3940.05,313,
2024-05-06 12:53:00+05:30,3940,3940.05,3940,3940,317,
2024-05-06 12:54:00+05:30,3940,3941,3940,3940,193,
2024-05-06 12:55:00+05:30,3940,3941,3939.75,3939.75,479,
2024-05-06 12:56:00+05:30,3939.75,3942.05,3939.75,3940,155,
2024-05-06 12:57:00+05:30,3940,3942.05,3940,3940,143,
2024-05-06 12:58:00+05:30,3940,3942.05,3940,3940.3,158,
2024-05-06 12:59:00+05:30,3941.7,3941.7,3940.4,3940.45,152,
2024-05-06 13:00:00+05:30,3940.45,3941.9,3940,3940,252,
2024-05-06 13:01:00+05:30,3940,3941.9,3940,3940.45,108,
2024-05-06 13:02:00+05:30,3940.35,3941.55,3939.85,3941.55,335,
2024-05-06 13:03:00+05:30,3941.55,3941.9,3939.85,3941.9,82,
2024-05-06 13:04:00+05:30,3941.9,3942.2,3940,3942.2,147,
2024-05-06 13:05:00+05:30,3942.2,3943.95,3942.2,3943.95,64,
2024-05-06 13:06:00+05:30,3943.95,3943.95,3942.15,3942.25,151,
2024-05-06 13:07:00+05:30,3942.25,3944.75,3942.25,3943.05,359,
2024-05-06 13:08:00+05:30,3943.05,3944.8,3942.7,3942.7,146,
2024-05-06 13:09:00+05:30,3942.7,3945,3942.7,3943.55,361,
2024-05-06 13:10:00+05:30,3943.55,3946.95,3943.55,3944.05,289,
2024-05-06 13:11:00+05:30,3944.05,3944.05,3940,3940,444,
2024-05-06 13:12:00+05:30,3940,3942.7,3940,3940,102,
2024-05-06 13:13:00+05:30,3940,3941.95,3939.85,3939.85,1175,
2024-05-06 13:14:00+05:30,3939.85,3942,3939.85,3939.85,118,
2024-05-06 13:15:00+05:30,3939.85,3941.8,3939.5,3939.5,323,
2024-05-06 13:16:00+05:30,3939.5,3939.9,3939.25,3939.25,195,
2024-05-06 13:17:00+05:30,3939.25,3941.1,3939.25,3939.25,239,
2024-05-06 13:18:00+05:30,3939.25,3940.65,3939.25,3939.3,92,
2024-05-06 13:19:00+05:30,3939.3,3940.95,3939.25,3939.25,276,
2024-05-06 13:20:00+05:30,3939.25,3940.9,3939.25,3939.5,142,
2024-05-06 13:21:00+05:30,3939.5,3942.8,3939.5,3939.5,1006,
2024-05-06 13:22:00+05:30,3939.5,3944.15,3939,3941.3,1757,
2024-05-06 13:23:00+05:30,3941.3,3942.55,3940,3940.05,286,
2024-05-06 13:24:00+05:30,3940.05,3942.05,3940,3940,148,
2024-05-06 13:25:00+05:30,3940,3941.65,3940,3940,163,
2024-05-06 13:26:00+05:30,3940,3942.55,3940,3941.6,291,
2024-05-06 13:27:00+05:30,3941.6,3943.15,3941.45,3941.45,197,
2024-05-06 13:28:00+05:30,3941.45,3942.6,3940.3,3940.3,158,
2024-05-06 13:29:00+05:30,3940.3,3943.3,3940.3,3941.65,279,
2024-05-06 13:30:00+05:30,3942.9,3943.4,3941.65,3941.7,256,
2024-05-06 13:31:00+05:30,3941.7,3943,3940.5,3941.05,157,
2024-05-06 13:32:00+05:30,3941.05,3943,3940.3,3940.75,242,
2024-05-06 13:33:00+05:30,3940.75,3944.35,3940.75,3942.4,205,
2024-05-06 13:34:00+05:30,3942.4,3944.65,3941.6,3942.65,208,
2024-05-06 13:35:00+05:30,3943,3947,3942.05,3942.05,3237,
2024-05-06 13:36:00+05:30,3941.7,3945.45,3941.5,3943.15,541,
2024-05-06 13:37:00+05:30,3943.15,3946.65,3943.15,3945.1,414,
2024-05-06 13:38:00+05:30,3945.1,3949.95,3945.1,3949,240,
2024-05-06 13:39:00+05:30,3949,3950.5,3947.15,3948,650,
2024-05-06 13:40:00+05:30,3948,3950.95,3947.95,3948.65,166,
2024-05-06 13:41:00+05:30,3948.65,3951.9,3948,3948,236,
2024-05-06 13:42:00+05:30,3948,3952.9,3948,3952,248,
2024-05-06 13:43:00+05:30,3952,3953.95,3951.2,3951.55,253,
2024-05-06 13:44:00+05:30,3951.55,3954.9,3951.55,3952.7,158,
2024-05-06 13:45:00+05:30,3952.7,3956.7,3952.7,3953.85,274,
2024-05-06 13:46:00+05:30,3953.85,3956.25,3953.4,3953.5,396,
2024-05-06 13:47:00+05:30,3953.5,3955.6,3953.4,3953.5,185,
2024-05-06 13:48:00+05:30,3953.5,3955.95,3953.5,3955.95,230,
2024-05-06 13:49:00+05:30,3955.95,3957.7,3955.55,3957.2,222,
2024-05-06 13:50:00+05:30,3957.2,3957.75,3955.55,3957.5,205,
2024-05-06 13:51:00+05:30,3957.9,3958.8,3956.55,3957.05,448,
2024-05-06 13:52:00+05:30,3957.05,3958.8,3957.05,3957.4,277,
2024-05-06 13:53:00+05:30,3957.4,3959.8,3957.4,3959,295,
2024-05-06 13:54:00+05:30,3959,3959.25,3957.5,3959.25,203,
2024-05-06 13:55:00+05:30,3960.9,3962.95,3959.7,3960.55,896,
2024-05-06 13:56:00+05:30,3962,3962,3960.5,3962,202,
2024-05-06 13:57:00+05:30,3962,3963,3960.5,3960.85,457,
2024-05-06 13:58:00+05:30,3961,3961,3957,3959.55,514,
2024-05-06 13:59:00+05:30,3959.55,3960,3957.55,3957.6,205,
2024-05-06 14:00:00+05:30,3959.5,3959.8,3956.35,3956.35,116,
2024-05-06 14:01:00+05:30,3956.35,3956.35,3954.2,3956,186,
2024-05-06 14:02:00+05:30,3956,3958,3955.8,3956.7,174,
2024-05-06 14:03:00+05:30,3956.7,3958,3956.65,3957.95,18,
2024-05-06 14:04:00+05:30,3957.95,3958,3955.65,3955.8,454,
2024-05-06 14:05:00+05:30,3955.8,3957.5,3955,3956.45,224,
2024-05-06 14:06:00+05:30,3956.45,3956.45,3953.25,3953.8,430,
2024-05-06 14:07:00+05:30,3953.8,3956,3952.45,3952.7,241,
2024-05-06 14:08:00+05:30,3952.7,3955,3952.45,3952.8,329,
2024-05-06 14:09:00+05:30,3952.8,3955.25,3952.8,3953.05,242,
2024-05-06 14:10:00+05:30,3953.05,3955,3953.05,3953.6,142,
2024-05-06 14:11:00+05:30,3953.6,3957,3953.25,3956.45,299,
2024-05-06 14:12:00+05:30,3956.45,3958,3956.45,3958,27,
2024-05-06 14:13:00+05:30,3958,3958,3956.55,3957.95,74,
2024-05-06 14:14:00+05:30,3957.95,3958,3956.55,3956.55,45,
2024-05-06 14:15:00+05:30,3956.55,3958,3956.5,3958,111,
2024-05-06 14:16:00+05:30,3958,3958,3956.5,3958,34,
2024-05-06 14:17:00+05:30,3958,3958,3956.55,3957.3,74,
2024-05-06 14:18:00+05:30,3957.3,3958,3955,3955,846,
2024-05-06 14:19:00+05:30,3955,3956.6,3955,3955,359,
2024-05-06 14:20:00+05:30,3955,3956.95,3950.8,3951.05,214,
2024-05-06 14:21:00+05:30,3951.05,3956.05,3951,3954.05,323,
2024-05-06 14:22:00+05:30,3953.85,3956,3951.35,3951.4,173,
2024-05-06 14:23:00+05:30,3951.4,3951.4,3946.05,3946.05,1022,
2024-05-06 14:24:00+05:30,3946.05,3948.5,3945,3945.05,274,
2024-05-06 14:25:00+05:30,3945.05,3946.75,3943.3,3945.65,333,
2024-05-06 14:26:00+05:30,3943.35,3945.4,3941.45,3944.45,1558,
2024-05-06 14:27:00+05:30,3944.45,3944.95,3941.9,3941.95,438,
2024-05-06 14:28:00+05:30,3941.95,3944.9,3941.9,3942.85,482,
2024-05-06 14:29:00+05:30,3942.85,3944,3942.65,3942.8,218,
2024-05-06 14:30:00+05:30,3942.8,3943,3936.15,3936.15,681,
2024-05-06 14:31:00+05:30,3935.9,3938.35,3929.45,3931.5,1274,
2024-05-06 14:32:00+05:30,3931.05,3935.5,3930.5,3931.05,609,
2024-05-06 14:33:00+05:30,3931.05,3935.15,3930.4,3932,3131,
2024-05-06 14:34:00+05:30,3931.2,3935.3,3930.5,3935,1593,
2024-05-06 14:35:00+05:30,3935,3938.8,3934,3935,1381,
2024-05-06 14:36:00+05:30,3935,3940.7,3934.2,3935,5895,
2024-05-06 14:37:00+05:30,3936.4,3940.7,3935,3940,1020,
2024-05-06 14:38:00+05:30,3940,3942.9,3936.65,3939,1143,
2024-05-06 14:39:00+05:30,3939,3942.05,3939,3940.05,224,
2024-05-06 14:40:00+05:30,3940,3942.4,3940,3941.3,290,
2024-05-06 14:41:00+05:30,3941.3,3941.75,3937.65,3937.75,1427,
2024-05-06 14:42:00+05:30,3937.75,3941.6,3937.3,3940,3603,
2024-05-06 14:43:00+05:30,3940,3942.95,3940,3940.75,181,
2024-05-06 14:44:00+05:30,3940.75,3941.95,3940,3941.95,169,
2024-05-06 14:45:00+05:30,3941.95,3945.8,3940.8,3945.8,455,
2024-05-06 14:46:00+05:30,3945.8,3952.5,3945.8,3952.5,698,
2024-05-06 14:47:00+05:30,3952.5,3954.45,3951.25,3952.2,457,
2024-05-06 14:48:00+05:30,3952.2,3953.95,3950.2,3951.15,412,
2024-05-06 14:49:00+05:30,3951.15,3954.95,3951.15,3953.1,198,
2024-05-06 14:50:00+05:30,3953.1,3957,3953.1,3956.5,255,
2024-05-06 14:51:00+05:30,3956.5,3956.95,3952.1,3953.8,355,
2024-05-06 14:52:00+05:30,3953.8,3957.4,3953.8,3954.8,100,
2024-05-06 14:53:00+05:30,3954.8,3957.95,3954.8,3957.55,97,
2024-05-06 14:54:00+05:30,3957.8,3958.55,3956.05,3956.95,217,
2024-05-06 14:55:00+05:30,3956.95,3957.9,3954.9,3956.45,673,
2024-05-06 14:56:00+05:30,3957,3959.55,3956.45,3958.05,268,
2024-05-06 14:57:00+05:30,3958.05,3959.9,3957,3959.05,160,
2024-05-06 14:58:00+05:30,3959.05,3959.15,3953.3,3954.55,537,
2024-05-06 14:59:00+05:30,3954.55,3957.25,3954.55,3954.75,235,
2024-05-06 15:00:00+05:30,3954.75,3956.8,3952.1,3952.8,746,
2024-05-06 15:01:00+05:30,3952.8,3955.1,3952.6,3954.9,877,
2024-05-06 15:02:00+05:30,3954.9,3959.6,3954.9,3959.2,544,
2024-05-06 15:03:00+05:30,3959.25,3964.9,3959.25,3961.7,2242,
2024-05-06 15:04:00+05:30,3961.7,3963.45,3959.05,3959.05,1057,
2024-05-06 15:05:00+05:30,3960.55,3960.55,3958.6,3959.75,329,
2024-05-06 15:06:00+05:30,3959.95,3963.4,3959.2,3959.9,2011,
2024-05-06 15:07:00+05:30,3959.9,3965,3958.05,3963.05,1399,
2024-05-06 15:08:00+05:30,3963.05,3966.5,3962.25,3966.5,1577,
2024-05-06 15:09:00+05:30,3966.55,3971.7,3966.55,3969.45,7720,
2024-05-06 15:10:00+05:30,3969.2,3970,3966.6,3968.15,2893,
2024-05-06 15:11:00+05:30,3968.85,3968.85,3964.35,3965.4,1157,
2024-05-06 15:12:00+05:30,3965.4,3965.85,3963.05,3965.25,553,
2024-05-06 15:13:00+05:30,3965.25,3965.55,3957.65,3957.65,1083,
2024-05-06 15:14:00+05:30,3957.65,3961.85,3957.2,3959.65,494,
2024-05-06 15:15:00+05:30,3959.65,3964.25,3957.15,3962.8,899,
2024-05-06 15:16:00+05:30,3962.8,3964.25,3959.1,3959.65,1131,
2024-05-06 15:17:00+05:30,3961.1,3961.1,3959.3,3961.1,472,
2024-05-06 15:18:00+05:30,3960.45,3966.55,3960.4,3965.1,1845,
2024-05-06 15:19:00+05:30,3965.1,3966.55,3958.8,3959.8,1411,
2024-05-06 15:20:00+05:30,3960,3961.7,3958.2,3958.3,1230,
2024-05-06 15:21:00+05:30,3959.65,3959.9,3958.1,3959.35,357,
2024-05-06 15:22:00+05:30,3959.35,3960.9,3958.45,3959.2,1053,
2024-05-06 15:23:00+05:30,3959.2,3960,3959.2,3959.9,1609,
2024-05-06 15:24:00+05:30,3959.9,3959.95,3957.05,3958.6,1409,
2024-05-06 15:25:00+05:30,3959.3,3959.95,3958.3,3958.35,646,
2024-05-06 15:26:00+05:30,3958.35,3959.95,3956.75,3959.95,514,
2024-05-06 15:27:00+05:30,3959.7,3960.95,3957.85,3957.95,1056,
2024-05-06 15:28:00+05:30,3960.1,3960.1,3950,3950.05,654,
2024-05-06 15:29:00+05:30,3950.05,3956.3,3946,3947.55,911,
2024-05-07 09:15:00+05:30,3969.55,3969.55,3933.55,3946.1,6094,
2024-05-07 09:16:00+05:30,3946.1,3948.5,3924.95,3927.65,2648,
2024-05-07 09:17:00+05:30,3927.65,3936.65,3927.65,3929.8,876,
2024-05-07 09:18:00+05:30,3929.75,3939.2,3929.75,3936.9,1609,
2024-05-07 09:19:00+05:30,3936.9,3939.2,3931.8,3933.05,2412,
2024-05-07 09:20:00+05:30,3932.05,3932.05,3925,3926.9,2429,
2024-05-07 09:21:00+05:30,3926.3,3932.95,3926.3,3930.9,775,
2024-05-07 09:22:00+05:30,3930.9,3939.2,3930.9,3938.15,523,
2024-05-07 09:23:00+05:30,3938.6,3944.8,3938.6,3943.7,3140,
2024-05-07 09:24:00+05:30,3943.7,3951.8,3942,3944.9,1936,
2024-05-07 09:25:00+05:30,3945.7,3949.3,3945.7,3946.6,960,
2024-05-07 09:26:00+05:30,3945,3950,3945,3950,805,
2024-05-07 09:27:00+05:30,3949.95,3951.45,3946.4,3946.4,1276,
2024-05-07 09:28:00+05:30,3946.4,3948.05,3938.15,3941.15,1380,
2024-05-07 09:29:00+05:30,3941.15,3943.1,3941.15,3943.1,137,
2024-05-07 09:30:00+05:30,3943.1,3946.35,3943.1,3944.3,638,
2024-05-07 09:31:00+05:30,3945.85,3945.85,3939.25,3944,980,
2024-05-07 09:32:00+05:30,3944,3944,3938.45,3938.45,1255,
2024-05-07 09:33:00+05:30,3938.45,3940.85,3938.35,3938.35,209,
2024-05-07 09:34:00+05:30,3938.4,3939.1,3932.75,3937.45,1586,
2024-05-07 09:35:00+05:30,3936.85,3939.1,3936,3937.4,700,
2024-05-07 09:36:00+05:30,3937.4,3941.15,3937.4,3939.1,785,
2024-05-07 09:37:00+05:30,3939.1,3939.5,3939.1,3939.2,129,
2024-05-07 09:38:00+05:30,3939.2,3940.5,3939.2,3940.5,55,
2024-05-07 09:39:00+05:30,3940,3943.8,3940,3942.4,569,
2024-05-07 09:40:00+05:30,3942.4,3943.85,3937.05,3937.05,1246,
2024-05-07 09:41:00+05:30,3937.05,3938.75,3935,3938.75,425,
2024-05-07 09:42:00+05:30,3939.75,3940.05,3936.55,3936.55,277,
2024-05-07 09:43:00+05:30,3936.55,3940.75,3936.55,3938.1,426,
2024-05-07 09:44:00+05:30,3938.1,3941.1,3938.1,3939,116,
2024-05-07 09:45:00+05:30,3939,3941.85,3939,3940,129,
2024-05-07 09:46:00+05:30,3939.1,3944.5,3939.1,3943.55,963,
2024-05-07 09:47:00+05:30,3940.85,3944.45,3940.1,3943.5,13471,
2024-05-07 09:48:00+05:30,3943.5,3943.5,3930,3930,15150,
2024-05-07 09:49:00+05:30,3930,3931.05,3925.35,3926.5,1676,
2024-05-07 09:50:00+05:30,3929.15,3930.25,3926.5,3928.95,531,
2024-05-07 09:51:00+05:30,3928.95,3931.25,3927,3928.05,622,
2024-05-07 09:52:00+05:30,3928.05,3928.65,3922,3922.15,1927,
2024-05-07 09:53:00+05:30,3922.75,3926.85,3921.75,3922,1034,
2024-05-07 09:54:00+05:30,3922,3925.7,3921.75,3925.7,379,
2024-05-07 09:55:00+05:30,3924.5,3926.35,3921.45,3921.55,666,
2024-05-07 09:56:00+05:30,3921.55,3924.95,3918.3,3918.3,1431,
2024-05-07 09:57:00+05:30,3918.5,3922,3918.1,3922,999,
2024-05-07 09:58:00+05:30,3922,3926.3,3922,3926,958,
2024-05-07 09:59:00+05:30,3926.5,3927.75,3922.1,3922.1,827,
2024-05-07 10:00:00+05:30,3922.1,3924,3922,3922,388,
2024-05-07 10:01:00+05:30,3922,3922,3916.9,3919.45,1272,
2024-05-07 10:02:00+05:30,3917.8,3919.1,3915,3915,1068,
2024-05-07 10:03:00+05:30,3915,3920.1,3915,3915,1042,
2024-05-07 10:04:00+05:30,3915,3918.55,3915,3917.15,399,
2024-05-07 10:05:00+05:30,3917.15,3920.35,3917.15,3920,410,
2024-05-07 10:06:00+05:30,3918.5,3920.1,3918.5,3918.55,485,
2024-05-07 10:07:00+05:30,3918.55,3921.65,3918.55,3921.65,350,
2024-05-07 10:08:00+05:30,3921.65,3921.65,3917.95,3920.3,1130,
2024-05-07 10:09:00+05:30,3919.75,3921.4,3919.05,3919.05,341,
2024-05-07 10:10:00+05:30,3919.05,3920.95,3918.05,3919.4,199,
2024-05-07 10:11:00+05:30,3919.4,3919.5,3915,3915.8,1408,
2024-05-07 10:12:00+05:30,3915.8,3920,3915.45,3920,88,
2024-05-07 10:13:00+05:30,3920,3921,3920,3920.55,310,
2024-05-07 10:14:00+05:30,3920.55,3922,3920.55,3920.65,176,
2024-05-07 10:15:00+05:30,3920.65,3922,3920.65,3920.85,281,
2024-05-07 10:16:00+05:30,3920.85,3923.3,3920.85,3922.25,276,
2024-05-07 10:17:00+05:30,3922.25,3923.4,3920.85,3921,2636,
2024-05-07 10:18:00+05:30,3921,3923.85,3920.75,3920.75,466,
2024-05-07 10:19:00+05:30,3920.8,3921.95,3920,3920,302,
2024-05-07 10:20:00+05:30,3920,3922.6,3920,3920,466,
2024-05-07 10:21:00+05:30,3920,3921.45,3918,3918.15,311,
2024-05-07 10:22:00+05:30,3918.15,3919.85,3917.15,3919.05,474,
2024-05-07 10:23:00+05:30,3917.7,3919.5,3917,3919.5,89,
2024-05-07 10:24:00+05:30,3917.8,3919.4,3917.65,3917.65,78,
2024-05-07 10:25:00+05:30,3917.65,3919.35,3917.05,3919.35,120,
2024-05-07 10:26:00+05:30,3919,3921.9,3919,3920.3,116,
2024-05-07 10:27:00+05:30,3920.3,3921.75,3920.25,3921.05,866,
2024-05-07 10:28:00+05:30,3921.05,3922,3920.3,3920.3,102,
2024-05-07 10:29:00+05:30,3920.3,3921,3920.3,3921,37,
2024-05-07 10:30:00+05:30,3920.5,3925.95,3920.5,3925.45,1106,
2024-05-07 10:31:00+05:30,3925.45,3926,3923.9,3926,145,
2024-05-07 10:32:00+05:30,3926,3926,3924.4,3926,99,
2024-05-07 10:33:00+05:30,3925.75,3926,3920,3921.95,3062,
2024-05-07 10:34:00+05:30,3921.95,3922.85,3918.25,3918.35,146,
2024-05-07 10:35:00+05:30,3918.35,3922.5,3918.35,3919.7,133,
2024-05-07 10:36:00+05:30,3919.7,3921.5,3917,3917,143,
2024-05-07 10:37:00+05:30,3917,3917.95,3911.05,3912,875,
2024-05-07 10:38:00+05:30,3913,3914.35,3912,3913.8,278,
2024-05-07 10:39:00+05:30,3913.65,3915,3912.1,3912.4,127,
2024-05-07 10:40:00+05:30,3912.4,3914.3,3912,3914.05,310,
2024-05-07 10:41:00+05:30,3914.05,3914.8,3912,3912.3,229,
2024-05-07 10:42:00+05:30,3912.15,3915.65,3912,3915.65,448,
2024-05-07 10:43:00+05:30,3914.2,3914.2,3912,3913.1,503,
2024-05-07 10:44:00+05:30,3913.1,3915.7,3912.5,3913.7,375,
2024-05-07 10:45:00+05:30,3913.7,3916.6,3912.85,3915.45,631,
2024-05-07 10:46:00+05:30,3915.45,3917.55,3915.45,3917.2,144,
2024-05-07 10:47:00+05:30,3917.2,3917.2,3913.25,3914.05,239,
2024-05-07 10:48:00+05:30,3914.05,3915.15,3913.3,3913.9,76,
2024-05-07 10:49:00+05:30,3913.9,3915,3912.5,3913.8,1298,
2024-05-07 10:50:00+05:30,3912.5,3913.85,3904.45,3906.1,986,
2024-05-07 10:51:00+05:30,3908.6,3908.6,3903,3905.8,366,
2024-05-07 10:52:00+05:30,3905,3905.8,3902,3902,639,
2024-05-07 10:53:00+05:30,3902,3903.8,3898.05,3902.8,1223,
2024-05-07 10:54:00+05:30,3902.8,3904,3901.1,3902.9,432,
2024-05-07 10:55:00+05:30,3902.9,3906.95,3902.9,3906,166,
2024-05-07 10:56:00+05:30,3906,3909.7,3906,3907.9,308,
2024-05-07 10:57:00+05:30,3907.9,3913.5,3907.9,3911.35,488,
2024-05-07 10:58:00+05:30,3911.35,3919,3911.35,3919,661,
2024-05-07 10:59:00+05:30,3917.6,3922,3917.6,3920.9,530,
2024-05-07 11:00:00+05:30,3920.9,3923.1,3916.1,3916.15,2419,
2024-05-07 11:01:00+05:30,3916.15,3919.9,3915.6,3917,451,
2024-05-07 11:02:00+05:30,3917,3919.2,3917,3917.35,234,
2024-05-07 11:03:00+05:30,3917.35,3918.4,3915.2,3915.2,55,
2024-05-07 11:04:00+05:30,3915.2,3917.55,3914,3914,107,
2024-05-07 11:05:00+05:30,3914,3915.05,3911,3912.1,77,
2024-05-07 11:06:00+05:30,3912.1,3915,3910.7,3914,836,
2024-05-07 11:07:00+05:30,3914,3915,3910,3910,638,
2024-05-07 11:08:00+05:30,3910.1,3912.3,3907.05,3907.9,312,
2024-05-07 11:09:00+05:30,3907.9,3911.65,3907.9,3911.65,210,
2024-05-07 11:10:00+05:30,3911.65,3914.5,3907.9,3907.95,1528,
2024-05-07 11:11:00+05:30,3907.95,3910.25,3907.9,3910.05,49,
2024-05-07 11:12:00+05:30,3907.9,3909.55,3904.95,3904.95,349,
2024-05-07 11:13:00+05:30,3904.95,3904.95,3898.2,3899.6,1084,
2024-05-07 11:14:00+05:30,3899.6,3902.5,3898.45,3900.05,315,
2024-05-07 11:15:00+05:30,3900.05,3901.15,3900,3900.1,254,
2024-05-07 11:16:00+05:30,3900.1,3901.2,3898.45,3900.75,491,
2024-05-07 11:17:00+05:30,3900.75,3901.6,3898.6,3900.25,421,
2024-05-07 11:18:00+05:30,3900.25,3901.85,3898.05,3901.85,530,
2024-05-07 11:19:00+05:30,3901.85,3904.8,3900.25,3904.8,105,
2024-05-07 11:20:00+05:30,3902.05,3904.65,3902.05,3903.55,270,
2024-05-07 11:21:00+05:30,3903.5,3903.5,3898.1,3900,1056,
2024-05-07 11:22:00+05:30,3900,3900.4,3897.5,3897.55,346,
2024-05-07 11:23:00+05:30,3898.85,3899.1,3894,3895.2,747,
2024-05-07 11:24:00+05:30,3895,3895,3890.65,3891.75,1458,
2024-05-07 11:25:00+05:30,3891.75,3894.4,3890.4,3892.5,470,
2024-05-07 11:26:00+05:30,3891.15,3892.5,3888.3,3890.15,798,
2024-05-07 11:27:00+05:30,3890,3895.4,3890,3894.1,455,
2024-05-07 11:28:00+05:30,3894.1,3894.1,3890.05,3891,559,
2024-05-07 11:29:00+05:30,3891.1,3894.45,3890.95,3891.5,155,
2024-05-07 11:30:00+05:30,3893.75,3899,3893.75,3899,86,
2024-05-07 11:31:00+05:30,3899,3900.6,3897.95,3899,357,
2024-05-07 11:32:00+05:30,3899.4,3900.85,3897.6,3899.4,442,
2024-05-07 11:33:00+05:30,3899.4,3899.55,3895.45,3897.1,57,
2024-05-07 11:34:00+05:30,3895.4,3895.75,3890.1,3892,105,
2024-05-07 11:35:00+05:30,3890.1,3894.65,3890.1,3894.65,151,
2024-05-07 11:36:00+05:30,3894.65,3895,3891,3892.9,191,
2024-05-07 11:37:00+05:30,3892.9,3894.45,3890.2,3892.45,269,
2024-05-07 11:38:00+05:30,3892.45,3893.05,3890.1,3891.5,298,
2024-05-07 11:39:00+05:30,3890.1,3891.5,3888.25,3890.75,316,
2024-05-07 11:40:00+05:30,3890.75,3896.1,3890.15,3896.1,441,
2024-05-07 11:41:00+05:30,3896.1,3905.45,3895.95,3902.45,273,
2024-05-07 11:42:00+05:30,3902.45,3904.3,3897.05,3898.55,403,
2024-05-07 11:43:00+05:30,3898.55,3899.75,3894.45,3895,252,
2024-05-07 11:44:00+05:30,3895,3900.85,3895,3900,1436,
2024-05-07 11:45:00+05:30,3900,3901.3,3896.55,3899.6,154,
2024-05-07 11:46:00+05:30,3899.6,3900,3898.3,3898.3,77,
2024-05-07 11:47:00+05:30,3898.3,3902.7,3898,3899.05,462,
2024-05-07 11:48:00+05:30,3899.05,3901.6,3899,3901.1,77,
2024-05-07 11:49:00+05:30,3901.1,3901.2,3897.5,3899.15,310,
2024-05-07 11:50:00+05:30,3897.45,3899.3,3894.05,3894.05,275,
2024-05-07 11:51:00+05:30,3894.05,3896.7,3893.4,3893.4,106,
2024-05-07 11:52:00+05:30,3893.4,3899.4,3893.2,3893.55,1063,
2024-05-07 11:53:00+05:30,3893.55,3897.25,3891.2,3894.85,581,
2024-05-07 11:54:00+05:30,3894.85,3899.9,3894.3,3898.05,132,
2024-05-07 11:55:00+05:30,3898.05,3900,3898.05,3899,186,
2024-05-07 11:56:00+05:30,3899,3899.4,3893.75,3894.2,176,
2024-05-07 11:57:00+05:30,3894.2,3896.1,3892.55,3895.3,221,
2024-05-07 11:58:00+05:30,3895.3,3899.15,3893.85,3897.5,139,
2024-05-07 11:59:00+05:30,3897.5,3898.85,3894.05,3894.05,98,
2024-05-07 12:00:00+05:30,3894.05,3896.15,3894,3895.55,167,
2024-05-07 12:01:00+05:30,3895.55,3895.55,3888.05,3888.05,427,
2024-05-07 12:02:00+05:30,3890,3894.7,3890,3893.05,139,
2024-05-07 12:03:00+05:30,3893.05,3893.4,3891.15,3892.1,87,
2024-05-07 12:04:00+05:30,3892.1,3897.85,3892.1,3897.75,68,
2024-05-07 12:05:00+05:30,3897.75,3899.1,3895.35,3898.05,175,
2024-05-07 12:06:00+05:30,3898.05,3902.2,3897.3,3900.15,835,
2024-05-07 12:07:00+05:30,3901.4,3901.4,3895.6,3899.45,476,
2024-05-07 12:08:00+05:30,3899.45,3900,3896.8,3896.95,181,
2024-05-07 12:09:00+05:30,3896.95,3899,3895.05,3899,140,
2024-05-07 12:10:00+05:30,3899,3900,3896.1,3897.9,251,
2024-05-07 12:11:00+05:30,3897.9,3899.35,3895,3899.35,261,
2024-05-07 12:12:00+05:30,3899.35,3901.5,3898.35,3900,225,
2024-05-07 12:13:00+05:30,3900,3902.65,3900,3902.5,190,
2024-05-07 12:14:00+05:30,3902.65,3902.95,3897.85,3899.65,309,
2024-05-07 12:15:00+05:30,3899.65,3902.2,3899.05,3900.4,151,
2024-05-07 12:16:00+05:30,3900.4,3904.25,3900.4,3904.05,163,
2024-05-07 12:17:00+05:30,3904.95,3905,3902.25,3904.95,233,
2024-05-07 12:18:00+05:30,3904.95,3905,3903.05,3903.15,237,
2024-05-07 12:19:00+05:30,3903.15,3905.75,3901.05,3901.05,205,
2024-05-07 12:20:00+05:30,3901.05,3907.25,3901.05,3906.85,455,
2024-05-07 12:21:00+05:30,3907.35,3907.35,3905,3905,307,
2024-05-07 12:22:00+05:30,3905,3906.75,3903.2,3904,257,
2024-05-07 12:23:00+05:30,3905,3910,3904.05,3909.45,1003,
2024-05-07 12:24:00+05:30,3910,3914.85,3909.75,3912.7,338,
2024-05-07 12:25:00+05:30,3912.7,3914.45,3910.2,3912.1,772,
2024-05-07 12:26:00+05:30,3912.1,3913.65,3910,3910.85,953,
2024-05-07 12:27:00+05:30,3910.85,3911.8,3908.45,3908.55,244,
2024-05-07 12:28:00+05:30,3908.55,3914.15,3908.55,3911.7,471,
2024-05-07 12:29:00+05:30,3911.7,3915,3911.7,3913.5,202,
2024-05-07 12:30:00+05:30,3913.5,3914.4,3907.7,3909.05,206,
2024-05-07 12:31:00+05:30,3909.05,3912.2,3909.05,3910,393,
2024-05-07 12:32:00+05:30,3910,3915,3907.95,3908.2,2013,
2024-05-07 12:33:00+05:30,3908.2,3910.55,3908.05,3909.1,200,
2024-05-07 12:34:00+05:30,3908.1,3909.25,3906,3906,212,
2024-05-07 12:35:00+05:30,3906,3908.1,3900.35,3900.6,534,
2024-05-07 12:36:00+05:30,3902.05,3903.35,3898.05,3899.55,452,
2024-05-07 12:37:00+05:30,3899.55,3901.1,3897.05,3897.05,240,
2024-05-07 12:38:00+05:30,3897.05,3901.4,3897.05,3900.05,189,
2024-05-07 12:39:00+05:30,3900.05,3901.45,3897,3897.75,221,
2024-05-07 12:40:00+05:30,3897,3897.65,3891.05,3894.65,817,
2024-05-07 12:41:00+05:30,3893.95,3895.6,3890.05,3894.2,469,
2024-05-07 12:42:00+05:30,3894.2,3895,3890.1,3890.1,337,
2024-05-07 12:43:00+05:30,3890.1,3894.65,3890.1,3892.85,304,
2024-05-07 12:44:00+05:30,3891.25,3893.4,3890.25,3891.8,164,
2024-05-07 12:45:00+05:30,3891.1,3894.15,3891.1,3893.7,200,
2024-05-07 12:46:00+05:30,3893.95,3897.15,3893.95,3895.65,223,
2024-05-07 12:47:00+05:30,3895.65,3897.7,3894.3,3896.85,179,
2024-05-07 12:48:00+05:30,3896.85,3898.2,3893.45,3895.95,218,
2024-05-07 12:49:00+05:30,3895.95,3896.05,3893.4,3896.05,247,
2024-05-07 12:50:00+05:30,3896.05,3898.4,3895.85,3897,140,
2024-05-07 12:51:00+05:30,3897,3898.2,3891.6,3891.6,397,
2024-05-07 12:52:00+05:30,3891.6,3894.4,3891.05,3891.45,145,
2024-05-07 12:53:00+05:30,3891.45,3896.7,3890.35,3891.55,221,
2024-05-07 12:54:00+05:30,3891.55,3893.95,3890,3890.05,318,
2024-05-07 12:55:00+05:30,3890.05,3891.8,3884.55,3886.85,504,
2024-05-07 12:56:00+05:30,3888.95,3895.2,3887.95,3892.1,263,
2024-05-07 12:57:00+05:30,3892.35,3893.8,3890.5,3891.35,233,
2024-05-07 12:58:00+05:30,3891.35,3894.4,3891.3,3892.65,247,
2024-05-07 12:59:00+05:30,3892.65,3893.5,3892,3892.45,136,
2024-05-07 13:00:00+05:30,3892.45,3896.1,3892.45,3894.25,285,
2024-05-07 13:01:00+05:30,3894.25,3896.1,3891.2,3894.85,132,
2024-05-07 13:02:00+05:30,3894.4,3895.05,3891.55,3891.55,172,
2024-05-07 13:03:00+05:30,3891.55,3893,3890,3890,170,
2024-05-07 13:04:00+05:30,3890,3891.2,3887.2,3887.9,384,
2024-05-07 13:05:00+05:30,3887.9,3890,3887.9,3889.95,655,
2024-05-07 13:06:00+05:30,3889.95,3890,3887,3887.75,590,
2024-05-07 13:07:00+05:30,3887.75,3888.9,3885.1,3888.25,439,
2024-05-07 13:08:00+05:30,3888.25,3890.9,3887,3888.7,209,
2024-05-07 13:09:00+05:30,3888.7,3892.1,3886.5,3889.7,655,
2024-05-07 13:10:00+05:30,3889.7,3893.05,3889.7,3890.45,214,
2024-05-07 13:11:00+05:30,3890.45,3893,3890.45,3892.95,247,
2024-05-07 13:12:00+05:30,3892.95,3892.95,3888.25,3888.3,495,
2024-05-07 13:13:00+05:30,3889.45,3891.75,3886.15,3888.4,323,
2024-05-07 13:14:00+05:30,3888.4,3890.05,3888,3888.15,171,
2024-05-07 13:15:00+05:30,3888.15,3890.1,3886.05,3886.85,285,
2024-05-07 13:16:00+05:30,3886.85,3890.25,3886.5,3887.65,458,
2024-05-07 13:17:00+05:30,3888.55,3888.85,3886,3886.35,387,
2024-05-07 13:18:00+05:30,3886.35,3888.5,3885.05,3886.6,895,
2024-05-07 13:19:00+05:30,3885,3887.9,3885,3886.35,1010,
2024-05-07 13:20:00+05:30,3887.15,3890.95,3886.2,3890.65,236,
2024-05-07 13:21:00+05:30,3889.1,3889.15,3887,3887.15,876,
2024-05-07 13:22:00+05:30,3887.15,3891,3887.15,3889.15,771,
2024-05-07 13:23:00+05:30,3889.15,3889.3,3885.05,3885.15,297,
2024-05-07 13:24:00+05:30,3885.15,3887.05,3884.15,3884.7,253,
2024-05-07 13:25:00+05:30,3884.7,3887.5,3884.2,3885.6,174,
2024-05-07 13:26:00+05:30,3885.6,3886.65,3884.15,3884.15,204,
2024-05-07 13:27:00+05:30,3884.15,3890.35,3884.15,3890.3,803,
2024-05-07 13:28:00+05:30,3890.3,3892,3887.35,3888.1,304,
2024-05-07 13:29:00+05:30,3888.1,3893.5,3888.1,3889.7,284,
2024-05-07 13:30:00+05:30,3889.7,3894.55,3889.7,3893.75,195,
2024-05-07 13:31:00+05:30,3893.75,3895,3892.05,3892.1,479,
2024-05-07 13:32:00+05:30,3892.1,3898.2,3892.1,3896.05,240,
2024-05-07 13:33:00+05:30,3896.05,3896.85,3892.35,3894.15,495,
2024-05-07 13:34:00+05:30,3894.15,3895.45,3892.05,3892.1,220,
2024-05-07 13:35:00+05:30,3892.1,3893.85,3890,3892.05,282,
2024-05-07 13:36:00+05:30,3892.05,3896.4,3890.6,3895.35,364,
2024-05-07 13:37:00+05:30,3895.35,3896.65,3891.9,3891.9,907,
2024-05-07 13:38:00+05:30,3891.9,3900.7,3891.9,3899.55,172,
2024-05-07 13:39:00+05:30,3899.55,3904.35,3899.5,3901.35,365,
2024-05-07 13:40:00+05:30,3901.35,3902.5,3900.45,3901.25,274,
2024-05-07 13:41:00+05:30,3901.25,3904.25,3901.25,3904.15,161,
2024-05-07 13:42:00+05:30,3904.15,3908.75,3903.8,3907.45,457,
2024-05-07 13:43:00+05:30,3907.45,3908.85,3906,3906.75,263,
2024-05-07 13:44:00+05:30,3906.75,3908,3901.95,3905.6,1019,
2024-05-07 13:45:00+05:30,3905.1,3905.8,3901.2,3901.65,210,
2024-05-07 13:46:00+05:30,3901.65,3905.55,3900,3904.1,248,
2024-05-07 13:47:00+05:30,3906.1,3907.25,3903.3,3905.3,211,
2024-05-07 13:48:00+05:30,3905.3,3906.65,3902.65,3904.75,255,
2024-05-07 13:49:00+05:30,3904.75,3906.85,3902.95,3904.3,265,
2024-05-07 13:50:00+05:30,3904.3,3905.25,3901.7,3901.75,183,
2024-05-07 13:51:00+05:30,3902.75,3904.25,3901,3901.15,145,
2024-05-07 13:52:00+05:30,3901.15,3903.5,3901,3901.2,176,
2024-05-07 13:53:00+05:30,3901.75,3903.4,3901,3901,197,
2024-05-07 13:54:00+05:30,3901,3904.3,3901,3904.3,143,
2024-05-07 13:55:00+05:30,3904.3,3904.45,3897.7,3898,395,
2024-05-07 13:56:00+05:30,3898,3904,3898,3901.85,170,
2024-05-07 13:57:00+05:30,3901.85,3904.5,3901.65,3901.95,312,
2024-05-07 13:58:00+05:30,3901.95,3904,3901.15,3901.15,181,
2024-05-07 13:59:00+05:30,3901.15,3903.9,3901,3903.9,142,
2024-05-07 14:00:00+05:30,3903.9,3904,3901.15,3902.75,203,
2024-05-07 14:01:00+05:30,3903.4,3903.4,3898.3,3900.35,415,
2024-05-07 14:02:00+05:30,3900.35,3902.8,3900.35,3900.9,196,
2024-05-07 14:03:00+05:30,3900.9,3903.2,3900.75,3901.45,165,
2024-05-07 14:04:00+05:30,3901.45,3903.25,3901,3902.25,372,
2024-05-07 14:05:00+05:30,3902.25,3903.9,3901.8,3902.15,266,
2024-05-07 14:06:00+05:30,3902.65,3904,3901.75,3902.25,201,
2024-05-07 14:07:00+05:30,3902.25,3904,3902.15,3903.4,223,
2024-05-07 14:08:00+05:30,3903.4,3904,3898,3899,2669,
2024-05-07 14:09:00+05:30,3899,3899.55,3897.05,3897.1,572,
2024-05-07 14:10:00+05:30,3897.1,3898,3891.1,3893.1,1774,
2024-05-07 14:11:00+05:30,3893.65,3894.65,3891.4,3891.7,216,
2024-05-07 14:12:00+05:30,3892.5,3893.65,3891.7,3893.3,318,
2024-05-07 14:13:00+05:30,3893.6,3895.65,3892.25,3893.3,205,
2024-05-07 14:14:00+05:30,3893.3,3896.45,3892.75,3894.8,561,
2024-05-07 14:15:00+05:30,3894.8,3896.4,3892.55,3893.55,329,
2024-05-07 14:16:00+05:30,3894.55,3895.4,3893.45,3894.05,194,
2024-05-07 14:17:00+05:30,3894.75,3895.4,3889.8,3889.8,853,
2024-05-07 14:18:00+05:30,3888,3891.15,3887.25,3889.3,1197,
2024-05-07 14:19:00+05:30,3889.3,3894.35,3889.3,3893.1,1165,
2024-05-07 14:20:00+05:30,3893.1,3893.9,3891.85,3893.1,362,
2024-05-07 14:21:00+05:30,3894.55,3894.55,3888.25,3888.4,2178,
2024-05-07 14:22:00+05:30,3888.4,3888.55,3885.2,3885.2,308,
2024-05-07 14:23:00+05:30,3885.2,3887.15,3882,3882,1766,
2024-05-07 14:24:00+05:30,3882.55,3883,3881.7,3882.45,236,
2024-05-07 14:25:00+05:30,3882.45,3882.45,3873.25,3877.6,5395,
2024-05-07 14:26:00+05:30,3875.95,3879,3874.65,3878.1,484,
2024-05-07 14:27:00+05:30,3878.35,3878.75,3876.05,3876.65,533,
2024-05-07 14:28:00+05:30,3877.35,3880.8,3876.2,3880.5,302,
2024-05-07 14:29:00+05:30,3880.5,3881.95,3876.4,3877.95,871,
2024-05-07 14:30:00+05:30,3877.95,3882.45,3877,3882.4,983,
2024-05-07 14:31:00+05:30,3882.4,3882.4,3877,3880.55,519,
2024-05-07 14:32:00+05:30,3880.55,3882.45,3879.9,3882.1,348,
2024-05-07 14:33:00+05:30,3882.1,3888.5,3882,3888.5,1464,
2024-05-07 14:34:00+05:30,3889.55,3891.35,3885.3,3887.15,1625,
2024-05-07 14:35:00+05:30,3887.15,3889.95,3882.85,3884.7,6524,
2024-05-07 14:36:00+05:30,3884.7,3887.05,3884.55,3886.1,297,
2024-05-07 14:37:00+05:30,3886.1,3887.95,3884.8,3885.6,268,
2024-05-07 14:38:00+05:30,3885.6,3889.2,3885.5,3886.95,261,
2024-05-07 14:39:00+05:30,3886.95,3889.6,3885.4,3887.7,630,
2024-05-07 14:40:00+05:30,3887.7,3889.7,3887.5,3887.6,224,
2024-05-07 14:41:00+05:30,3889.7,3892.25,3887.5,3890.35,637,
2024-05-07 14:42:00+05:30,3890.75,3893.3,3889.1,3893.3,263,
2024-05-07 14:43:00+05:30,3893.3,3893.7,3892,3892,192,
2024-05-07 14:44:00+05:30,3892,3893.7,3892,3892.15,224,
2024-05-07 14:45:00+05:30,3892.95,3893.85,3892.15,3892.15,394,
2024-05-07 14:46:00+05:30,3892.15,3897.8,3892.15,3896.05,795,
2024-05-07 14:47:00+05:30,3896.05,3900,3896.05,3897.05,643,
2024-05-07 14:48:00+05:30,3897.05,3900,3894,3896.15,2397,
2024-05-07 14:49:00+05:30,3896.15,3899.7,3895.85,3898.7,994,
2024-05-07 14:50:00+05:30,3899.1,3900.45,3897.75,3898.6,313,
2024-05-07 14:51:00+05:30,3898.6,3900.95,3895.7,3897.95,354,
2024-05-07 14:52:00+05:30,3897.95,3898.2,3895,3895.1,234,
2024-05-07 14:53:00+05:30,3895.1,3898,3895,3897.35,252,
2024-05-07 14:54:00+05:30,3897.35,3898.9,3895,3895.5,385,
2024-05-07 14:55:00+05:30,3895.55,3897.95,3895,3895.15,193,
2024-05-07 14:56:00+05:30,3895.15,3897,3892.35,3894.75,765,
2024-05-07 14:57:00+05:30,3895.4,3897.15,3895.1,3897.15,287,
2024-05-07 14:58:00+05:30,3897.15,3898.95,3895,3895.05,686,
2024-05-07 14:59:00+05:30,3895.05,3896.2,3893.25,3893.3,173,
2024-05-07 15:00:00+05:30,3895.2,3904.5,3894.35,3903.95,1339,
2024-05-07 15:01:00+05:30,3903.6,3909.7,3903.6,3906.35,2596,
2024-05-07 15:02:00+05:30,3906.35,3913.2,3906.35,3911.75,2066,
2024-05-07 15:03:00+05:30,3912.05,3919.35,3911.3,3916.15,1960,
2024-05-07 15:04:00+05:30,3916.15,3922,3916.15,3921.45,2646,
2024-05-07 15:05:00+05:30,3920.75,3923.35,3915.1,3916.25,2132,
2024-05-07 15:06:00+05:30,3917.15,3918.55,3911.5,3913.85,2407,
2024-05-07 15:07:00+05:30,3915.95,3917.4,3910.5,3912.1,1607,
2024-05-07 15:08:00+05:30,3912.1,3914.75,3908.2,3911.2,1351,
2024-05-07 15:09:00+05:30,3911.2,3915.45,3905.55,3910.15,4349,
2024-05-07 15:10:00+05:30,3911.8,3916.5,3910.7,3915,2495,
2024-05-07 15:11:00+05:30,3915,3918,3914.15,3915.5,1394,
2024-05-07 15:12:00+05:30,3916.75,3917.9,3914.1,3916.25,1747,
2024-05-07 15:13:00+05:30,3917.5,3918.45,3915.05,3915.95,1813,
2024-05-07 15:14:00+05:30,3915.45,3917.5,3911.85,3917.5,2178,
2024-05-07 15:15:00+05:30,3917.5,3917.7,3911.7,3916.7,1900,
2024-05-07 15:16:00+05:30,3915.7,3917.5,3914.3,3916.6,1950,
2024-05-07 15:17:00+05:30,3916.65,3917.45,3912.5,3916.25,2275,
2024-05-07 15:18:00+05:30,3916.25,3917.5,3909.6,3910.5,3262,
2024-05-07 15:19:00+05:30,3911.1,3911.1,3909.1,3910,1995,
2024-05-07 15:20:00+05:30,3910.85,3912.7,3905.5,3905.75,2554,
2024-05-07 15:21:00+05:30,3905.75,3910,3905.4,3908.35,1262,
2024-05-07 15:22:00+05:30,3909.95,3910,3908.15,3909.95,993,
2024-05-07 15:23:00+05:30,3909.9,3910,3908.3,3909.5,2009,
2024-05-07 15:24:00+05:30,3909.5,3910,3909.5,3909.95,1548,
2024-05-07 15:25:00+05:30,3909.95,3911.65,3907.4,3909.9,1865,
2024-05-07 15:26:00+05:30,3910,3910,3897.7,3900.85,6877,
2024-05-07 15:27:00+05:30,3902.9,3910.65,3899.3,3907.3,3142,
2024-05-07 15:28:00+05:30,3907.3,3911,3893.7,3904.2,1404,
2024-05-07 15:29:00+05:30,3900.05,3905.05,3891.5,3895.5,782,
2024-05-08 09:15:00+05:30,3903,3903,3879.8,3882.4,4606,
2024-05-08 09:16:00+05:30,3882.4,3885.9,3873.15,3877.15,3490,
2024-05-08 09:17:00+05:30,3877.15,3883,3876.05,3881.7,1688,
2024-05-08 09:18:00+05:30,3880.65,3889.3,3880.3,3882.9,1586,
2024-05-08 09:19:00+05:30,3882.9,3884.25,3879.5,3882.5,827,
2024-05-08 09:20:00+05:30,3884.45,3884.45,3875,3876.05,719,
2024-05-08 09:21:00+05:30,3876.85,3887.35,3876,3886.6,1191,
2024-05-08 09:22:00+05:30,3889.25,3898.2,3888.05,3898.15,1159,
2024-05-08 09:23:00+05:30,3896.4,3903.7,3896.4,3900.25,1485,
2024-05-08 09:24:00+05:30,3900.25,3908,3900.25,3905.25,652,
2024-05-08 09:25:00+05:30,3905.25,3910.95,3905.25,3908.05,909,
2024-05-08 09:26:00+05:30,3908.85,3914.25,3908,3910.05,636,
2024-05-08 09:27:00+05:30,3910.05,3912.35,3908,3910.8,530,
2024-05-08 09:28:00+05:30,3910.8,3912.65,3903,3904.9,905,
2024-05-08 09:29:00+05:30,3904.9,3909.95,3904.75,3908.15,77,
2024-05-08 09:30:00+05:30,3908.15,3910.15,3896.95,3898.55,2014,
2024-05-08 09:31:00+05:30,3897.05,3897.05,3890,3896.2,758,
2024-05-08 09:32:00+05:30,3896.2,3906.3,3896.2,3906.3,239,
2024-05-08 09:33:00+05:30,3904.4,3911.3,3900.5,3905.85,712,
2024-05-08 09:34:00+05:30,3903.7,3913,3903.7,3912,750,
2024-05-08 09:35:00+05:30,3912,3916.95,3912,3916.95,337,
2024-05-08 09:36:00+05:30,3916.65,3919.5,3912,3912.05,859,
2024-05-08 09:37:00+05:30,3912.95,3917.75,3911.95,3917.75,1002,
2024-05-08 09:38:00+05:30,3916.5,3922.7,3914,3919.75,1661,
2024-05-08 09:39:00+05:30,3919.75,3925.95,3916.1,3925.4,269,
2024-05-08 09:40:00+05:30,3924,3925.95,3917.3,3919.95,1217,
2024-05-08 09:41:00+05:30,3919.5,3922.1,3915.1,3915.15,352,
2024-05-08 09:42:00+05:30,3915.15,3919.1,3910.9,3911.5,630,
2024-05-08 09:43:00+05:30,3912.15,3914.85,3910.5,3910.6,467,
2024-05-08 09:44:00+05:30,3910.6,3911.95,3902.9,3904.9,1845,
2024-05-08 09:45:00+05:30,3904.9,3909,3903.45,3904.5,677,
2024-05-08 09:46:00+05:30,3905,3906.5,3903.1,3903.15,663,
2024-05-08 09:47:00+05:30,3903.15,3906.35,3903.15,3904.5,817,
2024-05-08 09:48:00+05:30,3905,3908.85,3904.05,3904.65,1407,
2024-05-08 09:49:00+05:30,3904.65,3905,3903,3904.9,351,
2024-05-08 09:50:00+05:30,3904.9,3904.95,3899.05,3904.1,569,
2024-05-08 09:51:00+05:30,3904.1,3905,3902.9,3903.9,498,
2024-05-08 09:52:00+05:30,3903.9,3905,3903.9,3904.95,381,
2024-05-08 09:53:00+05:30,3904.75,3905,3902.5,3905,243,
2024-05-08 09:54:00+05:30,3905,3905.95,3903,3905.05,239,
2024-05-08 09:55:00+05:30,3905.95,3906,3903.2,3903.95,637,
2024-05-08 09:56:00+05:30,3904.4,3920,3903.55,3920,11581,
2024-05-08 09:57:00+05:30,3920.5,3926.55,3910.1,3910.2,7271,
2024-05-08 09:58:00+05:30,3910.2,3915.8,3905.65,3906.05,7986,
2024-05-08 09:59:00+05:30,3906.05,3907.7,3898.8,3900.75,1608,
2024-05-08 10:00:00+05:30,3900.75,3907.05,3900.75,3903.9,1737,
2024-05-08 10:01:00+05:30,3902.7,3905,3900.1,3903.5,792,
2024-05-08 10:02:00+05:30,3903.5,3904.9,3896.8,3898,1620,
2024-05-08 10:03:00+05:30,3898.7,3902.65,3898.7,3901.05,354,
2024-05-08 10:04:00+05:30,3901.05,3904.7,3901.05,3903.5,288,
2024-05-08 10:05:00+05:30,3903.55,3905.75,3902,3904.75,410,
2024-05-08 10:06:00+05:30,3904.75,3906.95,3904,3904.95,1735,
2024-05-08 10:07:00+05:30,3904.95,3905.05,3904.95,3904.95,431,
2024-05-08 10:08:00+05:30,3904.95,3906.65,3904.95,3905,283,
2024-05-08 10:09:00+05:30,3905,3907,3903.3,3904.9,535,
2024-05-08 10:10:00+05:30,3904.9,3905.1,3903.4,3905,358,
2024-05-08 10:11:00+05:30,3905,3906.3,3903.5,3904.95,1847,
2024-05-08 10:12:00+05:30,3904.95,3906.65,3904.95,3904.95,218,
2024-05-08 10:13:00+05:30,3904.95,3906.65,3904.95,3904.95,373,
2024-05-08 10:14:00+05:30,3904.95,3906.7,3904.9,3904.95,436,
2024-05-08 10:15:00+05:30,3905.05,3905.05,3900.25,3901.15,702,
2024-05-08 10:16:00+05:30,3901.15,3905,3901.15,3901.5,1122,
2024-05-08 10:17:00+05:30,3901.5,3905,3901.5,3903.55,851,
2024-05-08 10:18:00+05:30,3903.55,3906,3902.75,3904.95,731,
2024-05-08 10:19:00+05:30,3904.95,3911,3902.9,3911,2556,
2024-05-08 10:20:00+05:30,3911,3913,3908.35,3909.5,1534,
2024-05-08 10:21:00+05:30,3909.5,3912.4,3906.35,3907.3,447,
2024-05-08 10:22:00+05:30,3907.3,3907.65,3896.2,3896.6,2208,
2024-05-08 10:23:00+05:30,3896.55,3901.4,3896.55,3898.15,320,
2024-05-08 10:24:00+05:30,3900.05,3904.3,3900.05,3902.1,231,
2024-05-08 10:25:00+05:30,3902.1,3902.95,3900.5,3900.85,186,
2024-05-08 10:26:00+05:30,3900.7,3903,3900.3,3902.95,488,
2024-05-08 10:27:00+05:30,3902.5,3906.3,3901.6,3902.65,345,
2024-05-08 10:28:00+05:30,3902.65,3906.1,3902.2,3903.5,139,
2024-05-08 10:29:00+05:30,3903.5,3905,3898,3902.75,1150,
2024-05-08 10:30:00+05:30,3902.75,3909.55,3902.75,3903.85,680,
2024-05-08 10:31:00+05:30,3903.85,3908.05,3898.45,3898.45,581,
2024-05-08 10:32:00+05:30,3898.45,3901.5,3896.05,3900.3,464,
2024-05-08 10:33:00+05:30,3900.3,3900.3,3894.75,3894.75,355,
2024-05-08 10:34:00+05:30,3894.75,3902,3894.75,3898.2,155,
2024-05-08 10:35:00+05:30,3898.2,3902.95,3898.2,3899.55,349,
2024-05-08 10:36:00+05:30,3899.55,3903.6,3895.1,3899.2,260,
2024-05-08 10:37:00+05:30,3899.2,3900.4,3896.65,3897.4,339,
2024-05-08 10:38:00+05:30,3897.4,3899.55,3895,3895,849,
2024-05-08 10:39:00+05:30,3895,3898.4,3895,3895.5,426,
2024-05-08 10:40:00+05:30,3895.5,3899.4,3895.35,3898.85,123,
2024-05-08 10:41:00+05:30,3898.85,3900.95,3895.75,3897.1,369,
2024-05-08 10:42:00+05:30,3897.1,3899.5,3896.15,3896.8,170,
2024-05-08 10:43:00+05:30,3896.8,3898.55,3895.5,3896.15,149,
2024-05-08 10:44:00+05:30,3896.15,3900.2,3896.15,3897,504,
2024-05-08 10:45:00+05:30,3897,3901.6,3897,3898.35,182,
2024-05-08 10:46:00+05:30,3898.35,3902,3898.35,3901.15,144,
2024-05-08 10:47:00+05:30,3901.15,3905,3901.15,3904.8,741,
2024-05-08 10:48:00+05:30,3904.8,3905,3904,3904,774,
2024-05-08 10:49:00+05:30,3904,3905.3,3904,3904.9,91,
2024-05-08 10:50:00+05:30,3905.1,3905.3,3903.85,3904.25,127,
2024-05-08 10:51:00+05:30,3904.25,3904.95,3900.65,3901.9,371,
2024-05-08 10:52:00+05:30,3901.9,3902.9,3900,3902.9,207,
2024-05-08 10:53:00+05:30,3902.9,3905,3900,3902.55,365,
2024-05-08 10:54:00+05:30,3902.55,3905,3902.55,3903.8,187,
2024-05-08 10:55:00+05:30,3903.8,3905,3903.15,3903.6,106,
2024-05-08 10:56:00+05:30,3903.6,3904.95,3900.05,3902.35,138,
2024-05-08 10:57:00+05:30,3902.35,3905,3901.3,3901.65,583,
2024-05-08 10:58:00+05:30,3901.65,3905,3901.65,3902.65,246,
2024-05-08 10:59:00+05:30,3902.65,3903,3900.3,3901.95,110,
2024-05-08 11:00:00+05:30,3901.95,3903,3900.75,3903,116,
2024-05-08 11:01:00+05:30,3903,3903,3898,3900.7,1894,
2024-05-08 11:02:00+05:30,3900,3900.05,3897,3897,5260,
2024-05-08 11:03:00+05:30,3897,3898,3895.1,3897,1194,
2024-05-08 11:04:00+05:30,3896.95,3898.95,3896.25,3898,284,
2024-05-08 11:05:00+05:30,3898,3898,3892.3,3894.85,1768,
2024-05-08 11:06:00+05:30,3896,3896,3889.7,3890.05,1604,
2024-05-08 11:07:00+05:30,3890.05,3894.3,3890,3892.85,168,
2024-05-08 11:08:00+05:30,3892.85,3893.85,3890,3893.05,752,
2024-05-08 11:09:00+05:30,3893.05,3895.75,3890,3891.2,763,
2024-05-08 11:10:00+05:30,3891.2,3891.75,3886,3888.05,890,
2024-05-08 11:11:00+05:30,3888.05,3889.8,3886,3886.15,351,
2024-05-08 11:12:00+05:30,3886.15,3889.8,3886.05,3888.9,404,
2024-05-08 11:13:00+05:30,3888.9,3888.9,3886,3888,256,
2024-05-08 11:14:00+05:30,3888,3888.3,3886,3887.2,132,
2024-05-08 11:15:00+05:30,3887.2,3889,3885.8,3885.8,640,
2024-05-08 11:16:00+05:30,3885.8,3888.45,3885.75,3886.2,176,
2024-05-08 11:17:00+05:30,3886.2,3888,3885,3885.05,908,
2024-05-08 11:18:00+05:30,3885.05,3888,3885.05,3888,144,
2024-05-08 11:19:00+05:30,3888,3888.4,3884,3884,730,
2024-05-08 11:20:00+05:30,3884.05,3885.9,3878.6,3879.8,2936,
2024-05-08 11:21:00+05:30,3879.8,3886.1,3879.8,3880.9,541,
2024-05-08 11:22:00+05:30,3883,3886.4,3881,3884.25,246,
2024-05-08 11:23:00+05:30,3884.25,3888,3883.05,3886.2,553,
2024-05-08 11:24:00+05:30,3886.2,3890,3886.2,3887.15,227,
2024-05-08 11:25:00+05:30,3887.15,3890,3887.1,3887.1,293,
2024-05-08 11:26:00+05:30,3886.6,3890,3885.9,3886,200,
2024-05-08 11:27:00+05:30,3886,3889.9,3886,3888.65,134,
2024-05-08 11:28:00+05:30,3888.65,3893.1,3888,3890,886,
2024-05-08 11:29:00+05:30,3891.85,3894.7,3891.65,3894.4,186,
2024-05-08 11:30:00+05:30,3894.4,3894.4,3890.05,3893.8,337,
2024-05-08 11:31:00+05:30,3893.8,3894.55,3891.1,3891.55,268,
2024-05-08 11:32:00+05:30,3891.55,3893.35,3890,3890,176,
2024-05-08 11:33:00+05:30,3890,3893.2,3890,3891.4,145,
2024-05-08 11:34:00+05:30,3891.4,3894.2,3888.45,3888.45,180,
2024-05-08 11:35:00+05:30,3888.45,3892.9,3888.45,3892.9,95,
2024-05-08 11:36:00+05:30,3892.9,3894.7,3890.6,3893.65,157,
2024-05-08 11:37:00+05:30,3893.65,3895.95,3892.95,3893.45,106,
2024-05-08 11:38:00+05:30,3893.45,3896.65,3893.4,3896.65,108,
2024-05-08 11:39:00+05:30,3896.65,3900,3896.3,3897.6,774,
2024-05-08 11:40:00+05:30,3897.6,3901.8,3897.6,3899,276,
2024-05-08 11:41:00+05:30,3899,3904.9,3899,3904.05,204,
2024-05-08 11:42:00+05:30,3904.05,3905,3902.4,3905,141,
2024-05-08 11:43:00+05:30,3905,3905,3903.2,3904.95,212,
2024-05-08 11:44:00+05:30,3904.95,3904.95,3898.4,3901,1379,
2024-05-08 11:45:00+05:30,3901,3901.75,3898.05,3899.25,112,
2024-05-08 11:46:00+05:30,3899.25,3903.3,3899.1,3900.6,145,
2024-05-08 11:47:00+05:30,3900.6,3905,3900.6,3903.65,514,
2024-05-08 11:48:00+05:30,3905.1,3905.1,3903.05,3903.8,2577,
2024-05-08 11:49:00+05:30,3903.8,3905,3903.6,3904.5,271,
2024-05-08 11:50:00+05:30,3905,3905,3904,3904,440,
2024-05-08 11:51:00+05:30,3904,3905,3904,3904,139,
2024-05-08 11:52:00+05:30,3904,3904.9,3901.2,3904.3,411,
2024-05-08 11:53:00+05:30,3904.3,3904.3,3897.65,3899.35,293,
2024-05-08 11:54:00+05:30,3899.35,3903.2,3899.35,3903.2,132,
2024-05-08 11:55:00+05:30,3903.2,3905,3902,3904.65,149,
2024-05-08 11:56:00+05:30,3904.65,3905,3903.5,3904.95,189,
2024-05-08 11:57:00+05:30,3903,3905,3903,3903.05,294,
2024-05-08 11:58:00+05:30,3903.05,3905,3902,3904.7,913,
2024-05-08 11:59:00+05:30,3904.15,3906.1,3902.05,3902.2,454,
2024-05-08 12:00:00+05:30,3902.2,3905,3902.2,3905,97,
2024-05-08 12:01:00+05:30,3905,3905,3901.6,3902.6,181,
2024-05-08 12:02:00+05:30,3902.6,3904.5,3901.25,3904.45,93,
2024-05-08 12:03:00+05:30,3904.45,3905,3900,3900,1356,
2024-05-08 12:04:00+05:30,3900,3905,3900,3901.4,120,
2024-05-08 12:05:00+05:30,3904.1,3905,3901.8,3901.9,752,
2024-05-08 12:06:00+05:30,3901.9,3904.95,3901.05,3904.15,118,
2024-05-08 12:07:00+05:30,3904.15,3905.1,3902.7,3904.15,285,
2024-05-08 12:08:00+05:30,3904.15,3905,3902.65,3903.35,124,
2024-05-08 12:09:00+05:30,3905,3906.65,3903,3905,1323,
2024-05-08 12:10:00+05:30,3905,3910,3905,3908.05,532,
2024-05-08 12:11:00+05:30,3908.05,3912.6,3907.2,3908.65,739,
2024-05-08 12:12:00+05:30,3910.95,3911,3908.5,3909.3,224,
2024-05-08 12:13:00+05:30,3909.3,3912.5,3908.05,3912.5,366,
2024-05-08 12:14:00+05:30,3912.5,3915,3909.3,3914,392,
2024-05-08 12:15:00+05:30,3914,3915.4,3911.35,3912.7,404,
2024-05-08 12:16:00+05:30,3912.7,3914.95,3912.25,3914.95,100,
2024-05-08 12:17:00+05:30,3914.95,3915.7,3913.85,3913.85,322,
2024-05-08 12:18:00+05:30,3914.05,3918,3914.05,3918,1026,
2024-05-08 12:19:00+05:30,3918,3919.75,3917.4,3918.1,738,
2024-05-08 12:20:00+05:30,3918.1,3920,3917.9,3919.95,342,
2024-05-08 12:21:00+05:30,3920,3920,3918,3918.05,206,
2024-05-08 12:22:00+05:30,3918.7,3920,3916.6,3919.5,177,
2024-05-08 12:23:00+05:30,3920,3920.25,3917.75,3917.95,673,
2024-05-08 12:24:00+05:30,3917.95,3921.85,3917.95,3920.1,269,
2024-05-08 12:25:00+05:30,3920.1,3923.35,3918.8,3921.35,288,
2024-05-08 12:26:00+05:30,3921.35,3922.45,3920.05,3920.8,218,
2024-05-08 12:27:00+05:30,3922.85,3922.95,3920.15,3920.25,295,
2024-05-08 12:28:00+05:30,3920.25,3923.8,3919.55,3920.75,280,
2024-05-08 12:29:00+05:30,3920.25,3923,3919.55,3920.85,229,
2024-05-08 12:30:00+05:30,3920.85,3923,3920.5,3921.15,108,
2024-05-08 12:31:00+05:30,3921.15,3923,3921.15,3923,135,
2024-05-08 12:32:00+05:30,3923.3,3923.5,3921.1,3921.1,232,
2024-05-08 12:33:00+05:30,3921.95,3922.85,3918,3918.4,555,
2024-05-08 12:34:00+05:30,3918.4,3920,3910.1,3910.2,2165,
2024-05-08 12:35:00+05:30,3910.8,3911.75,3907.5,3909.3,1554,
2024-05-08 12:36:00+05:30,3911.35,3917,3910.25,3913,510,
2024-05-08 12:37:00+05:30,3913,3917.65,3913,3915.95,216,
2024-05-08 12:38:00+05:30,3917.45,3918,3916,3916.1,145,
2024-05-08 12:39:00+05:30,3916.1,3919.9,3914.3,3916.95,619,
2024-05-08 12:40:00+05:30,3916.95,3918.15,3914.35,3916.2,168,
2024-05-08 12:41:00+05:30,3916.2,3919.2,3916.2,3918.4,353,
2024-05-08 12:42:00+05:30,3918.4,3920.5,3916.05,3918.65,373,
2024-05-08 12:43:00+05:30,3916.95,3920.8,3916.5,3920,162,
2024-05-08 12:44:00+05:30,3920,3922,3916.55,3919.4,226,
2024-05-08 12:45:00+05:30,3919.45,3921.2,3918.4,3919.95,120,
2024-05-08 12:46:00+05:30,3919.95,3920,3916.05,3916.05,727,
2024-05-08 12:47:00+05:30,3916.05,3916.1,3914.4,3915.35,1240,
2024-05-08 12:48:00+05:30,3916,3916,3912.05,3915.3,1457,
2024-05-08 12:49:00+05:30,3915.3,3919.5,3914.55,3919.45,369,
2024-05-08 12:50:00+05:30,3918.1,3919.6,3916.75,3917.35,152,
2024-05-08 12:51:00+05:30,3917.35,3918.95,3915.65,3917.9,354,
2024-05-08 12:52:00+05:30,3917.9,3918.6,3914.5,3914.8,304,
2024-05-08 12:53:00+05:30,3914.8,3916.4,3914.6,3915.75,247,
2024-05-08 12:54:00+05:30,3915.75,3918,3914.95,3916.4,135,
2024-05-08 12:55:00+05:30,3916.7,3917.8,3914.7,3914.7,521,
2024-05-08 12:56:00+05:30,3914.7,3919.4,3914.7,3916.7,522,
2024-05-08 12:57:00+05:30,3916.7,3922.9,3916.7,3922,569,
2024-05-08 12:58:00+05:30,3922,3923.6,3921.8,3922,426,
2024-05-08 12:59:00+05:30,3922,3922.95,3918.75,3921.55,481,
2024-05-08 13:00:00+05:30,3921.55,3926,3920.9,3925.85,845,
2024-05-08 13:01:00+05:30,3925.85,3933,3925.25,3933,900,
2024-05-08 13:02:00+05:30,3932.3,3935,3931.35,3931.35,1159,
2024-05-08 13:03:00+05:30,3931.35,3943.6,3927.9,3940,1755,
2024-05-08 13:04:00+05:30,3940,3942.15,3934.9,3937.05,1230,
2024-05-08 13:05:00+05:30,3937.05,3938.4,3930.4,3930.55,805,
2024-05-08 13:06:00+05:30,3932,3934.95,3931.3,3932.1,471,
2024-05-08 13:07:00+05:30,3932.1,3937.9,3932.1,3934.7,810,
2024-05-08 13:08:00+05:30,3934.7,3938.15,3933.85,3935.45,764,
2024-05-08 13:09:00+05:30,3935.45,3941.95,3935.45,3940.15,564,
2024-05-08 13:10:00+05:30,3940.15,3943.85,3939.05,3943.85,782,
2024-05-08 13:11:00+05:30,3942.8,3944.95,3940,3942.95,1030,
2024-05-08 13:12:00+05:30,3942.95,3945,3939.95,3940.35,808,
2024-05-08 13:13:00+05:30,3940.35,3943.1,3938.3,3939.7,593,
2024-05-08 13:14:00+05:30,3939.7,3942.95,3939.5,3940.35,668,
2024-05-08 13:15:00+05:30,3940.35,3945,3940.35,3942.3,618,
2024-05-08 13:16:00+05:30,3942.3,3945,3941.85,3942.5,317,
2024-05-08 13:17:00+05:30,3942.5,3948.45,3942.1,3948.45,1483,
2024-05-08 13:18:00+05:30,3948.7,3950,3945.3,3950,2200,
2024-05-08 13:19:00+05:30,3950,3951.4,3942.1,3943.05,2861,
2024-05-08 13:20:00+05:30,3943.05,3947.15,3943,3946.2,757,
2024-05-08 13:21:00+05:30,3946.2,3948.2,3943,3943,406,
2024-05-08 13:22:00+05:30,3943,3948,3943,3943.7,720,
2024-05-08 13:23:00+05:30,3943.65,3948.95,3943.65,3945,540,
2024-05-08 13:24:00+05:30,3945,3949,3943.8,3943.8,886,
2024-05-08 13:25:00+05:30,3944.15,3947.25,3944,3944,778,
2024-05-08 13:26:00+05:30,3944,3946.45,3940.3,3940.35,2563,
2024-05-08 13:27:00+05:30,3940.35,3943.45,3940.35,3940.65,541,
2024-05-08 13:28:00+05:30,3940.7,3942.3,3937.4,3937.4,1046,
2024-05-08 13:29:00+05:30,3937.2,3941.8,3936.9,3937,544,
2024-05-08 13:30:00+05:30,3937,3942,3937,3940.9,809,
2024-05-08 13:31:00+05:30,3940.9,3941.95,3938.05,3938.1,788,
2024-05-08 13:32:00+05:30,3938.1,3942,3937.95,3941.2,645,
2024-05-08 13:33:00+05:30,3940.8,3943.65,3938.85,3943.15,470,
2024-05-08 13:34:00+05:30,3942.95,3946.95,3942.95,3945.2,479,
2024-05-08 13:35:00+05:30,3945.9,3946.95,3941.15,3941.85,1115,
2024-05-08 13:36:00+05:30,3941.9,3944.95,3936.85,3937.35,1022,
2024-05-08 13:37:00+05:30,3937.3,3943.5,3933.8,3940.75,1099,
2024-05-08 13:38:00+05:30,3940.75,3943.65,3939,3939,880,
2024-05-08 13:39:00+05:30,3939,3941.7,3936.6,3938.75,799,
2024-05-08 13:40:00+05:30,3938.75,3941.3,3936.4,3939,491,
2024-05-08 13:41:00+05:30,3939,3939.95,3934.7,3935,1017,
2024-05-08 13:42:00+05:30,3935,3937.75,3930.1,3930.25,996,
2024-05-08 13:43:00+05:30,3930.25,3935.1,3930.15,3935.1,634,
2024-05-08 13:44:00+05:30,3935.1,3935.95,3930.35,3931,1173,
2024-05-08 13:45:00+05:30,3932.55,3934.35,3930,3932.15,823,
2024-05-08 13:46:00+05:30,3932.15,3937.9,3930.45,3937.9,520,
2024-05-08 13:47:00+05:30,3937.9,3938.7,3932.5,3932.55,689,
2024-05-08 13:48:00+05:30,3932.55,3936.95,3932,3932,726,
2024-05-08 13:49:00+05:30,3932,3934.4,3927.05,3932.5,1482,
2024-05-08 13:50:00+05:30,3932.1,3933.95,3928.35,3933.5,1199,
2024-05-08 13:51:00+05:30,3932.35,3937.3,3930.45,3934.9,614,
2024-05-08 13:52:00+05:30,3934.9,3938.5,3933.5,3937.45,784,
2024-05-08 13:53:00+05:30,3937.45,3938.05,3933.7,3935.05,625,
2024-05-08 13:54:00+05:30,3935.05,3940.05,3934.5,3939.5,686,
2024-05-08 13:55:00+05:30,3937.55,3942,3936.4,3942,619,
2024-05-08 13:56:00+05:30,3942,3943.85,3938.75,3938.75,764,
2024-05-08 13:57:00+05:30,3938.75,3943.8,3938.1,3941.4,657,
2024-05-08 13:58:00+05:30,3941.4,3944,3940.9,3943.5,465,
2024-05-08 13:59:00+05:30,3943.5,3943.5,3940,3941.55,765,
2024-05-08 14:00:00+05:30,3941.55,3942.45,3937.5,3941.65,1052,
2024-05-08 14:01:00+05:30,3941.65,3944.7,3939.45,3943.35,515,
2024-05-08 14:02:00+05:30,3943.35,3945,3941.25,3944,507,
2024-05-08 14:03:00+05:30,3944,3944,3940.45,3943.1,971,
2024-05-08 14:04:00+05:30,3943.1,3945.9,3943.1,3945.2,667,
2024-05-08 14:05:00+05:30,3945.2,3949,3941.6,3942.7,972,
2024-05-08 14:06:00+05:30,3942.7,3944.6,3941.55,3942.35,495,
2024-05-08 14:07:00+05:30,3942.35,3946.45,3941.05,3943.65,563,
2024-05-08 14:08:00+05:30,3943.65,3946.6,3942,3944.1,786,
2024-05-08 14:09:00+05:30,3943.75,3945.95,3942,3944,951,
2024-05-08 14:10:00+05:30,3945,3945.65,3942.05,3942.2,755,
2024-05-08 14:11:00+05:30,3942.3,3945.6,3942.05,3942.55,636,
2024-05-08 14:12:00+05:30,3942.55,3945.45,3942.1,3943.45,573,
2024-05-08 14:13:00+05:30,3943.45,3946.15,3941.7,3942,965,
2024-05-08 14:14:00+05:30,3942,3944,3934,3934.7,4974,
2024-05-08 14:15:00+05:30,3934.7,3938.65,3934,3935,587,
2024-05-08 14:16:00+05:30,3935,3935.95,3930.3,3933.3,756,
2024-05-08 14:17:00+05:30,3933.3,3935,3931.6,3932,710,
2024-05-08 14:18:00+05:30,3932,3935.25,3926.05,3926.05,985,
2024-05-08 14:19:00+05:30,3926.05,3933.75,3925.8,3932.05,674,
2024-05-08 14:20:00+05:30,3932.05,3936.65,3931.6,3935.75,427,
2024-05-08 14:21:00+05:30,3934.7,3938.25,3932.8,3933.75,368,
2024-05-08 14:22:00+05:30,3933.75,3940.45,3933.65,3937.8,809,
2024-05-08 14:23:00+05:30,3937.8,3940.95,3935.9,3937.85,498,
2024-05-08 14:24:00+05:30,3938.05,3939.9,3931.3,3932.8,1186,
2024-05-08 14:25:00+05:30,3932.8,3934.6,3929.8,3931.8,702,
2024-05-08 14:26:00+05:30,3931.8,3937.85,3931.8,3934.35,555,
2024-05-08 14:27:00+05:30,3934.35,3937,3923,3923,2340,
2024-05-08 14:28:00+05:30,3923,3928.1,3922.15,3924.25,949,
2024-05-08 14:29:00+05:30,3924.25,3924.25,3917.55,3918.15,1794,
2024-05-08 14:30:00+05:30,3919.9,3926.45,3916.95,3918,1569,
2024-05-08 14:31:00+05:30,3918,3926.15,3918,3926.15,583,
2024-05-08 14:32:00+05:30,3925.35,3928.95,3923.15,3927.3,645,
2024-05-08 14:33:00+05:30,3927.3,3931.25,3925.5,3927.5,670,
2024-05-08 14:34:00+05:30,3927.5,3929.65,3925.1,3928,588,
2024-05-08 14:35:00+05:30,3929.05,3929.9,3926.2,3926.3,545,
2024-05-08 14:36:00+05:30,3926.3,3930.05,3925,3925.05,605,
2024-05-08 14:37:00+05:30,3925.05,3930.7,3925.05,3929.45,540,
2024-05-08 14:38:00+05:30,3929.45,3931.1,3927.9,3929.05,550,
2024-05-08 14:39:00+05:30,3929.05,3930.2,3927.4,3929.15,771,
2024-05-08 14:40:00+05:30,3929.95,3930,3923.5,3925.3,825,
2024-05-08 14:41:00+05:30,3926.65,3930,3921.9,3921.9,1016,
2024-05-08 14:42:00+05:30,3921.9,3925,3921.05,3923.75,525,
2024-05-08 14:43:00+05:30,3923.75,3925,3922.15,3924.75,730,
2024-05-08 14:44:00+05:30,3924.1,3928.65,3923.05,3925.1,2905,
2024-05-08 14:45:00+05:30,3925.1,3927,3923.5,3923.6,429,
2024-05-08 14:46:00+05:30,3923.6,3926.15,3921.75,3922.05,639,
2024-05-08 14:47:00+05:30,3922.05,3924.65,3921.8,3921.8,502,
2024-05-08 14:48:00+05:30,3922.2,3926.15,3921.05,3924.15,599,
2024-05-08 14:49:00+05:30,3924.15,3926.95,3923.35,3925,472,
2024-05-08 14:50:00+05:30,3926.85,3927,3925.05,3927,860,
2024-05-08 14:51:00+05:30,3927.35,3928.25,3924.3,3925.4,898,
2024-05-08 14:52:00+05:30,3926.35,3927.3,3922.25,3927.3,603,
2024-05-08 14:53:00+05:30,3925.1,3926.7,3922,3922,587,
2024-05-08 14:54:00+05:30,3922,3930,3921.4,3927.25,1071,
2024-05-08 14:55:00+05:30,3927.25,3930.4,3925,3926.8,582,
2024-05-08 14:56:00+05:30,3926.8,3930,3925.2,3928.6,589,
2024-05-08 14:57:00+05:30,3928.6,3930,3927.3,3927.9,685,
2024-05-08 14:58:00+05:30,3929.95,3930,3922.6,3927.4,689,
2024-05-08 14:59:00+05:30,3927.4,3929.35,3925.3,3929,408,
2024-05-08 15:00:00+05:30,3929.65,3931.95,3928.65,3928.85,1603,
2024-05-08 15:01:00+05:30,3928.85,3932.8,3927.35,3928.3,1288,
2024-05-08 15:02:00+05:30,3928.3,3930.65,3928.15,3929.3,641,
2024-05-08 15:03:00+05:30,3929.8,3931.45,3929.8,3929.85,862,
2024-05-08 15:04:00+05:30,3930,3931.75,3929.85,3930.8,776,
2024-05-08 15:05:00+05:30,3930.8,3930.8,3924.2,3924.7,2737,
2024-05-08 15:06:00+05:30,3924.7,3926,3922,3925.6,845,
2024-05-08 15:07:00+05:30,3925.6,3927,3925.1,3926.3,555,
2024-05-08 15:08:00+05:30,3926.3,3928.8,3922.15,3924.65,1706,
2024-05-08 15:09:00+05:30,3923.05,3927.55,3922.95,3924.4,2067,
2024-05-08 15:10:00+05:30,3924.55,3927.05,3924.3,3926.6,484,
2024-05-08 15:11:00+05:30,3926.6,3927.8,3926.2,3926.25,509,
2024-05-08 15:12:00+05:30,3926.25,3926.8,3922.95,3924.7,1815,
2024-05-08 15:13:00+05:30,3924.7,3926,3924.55,3925.55,506,
2024-05-08 15:14:00+05:30,3925.55,3926.5,3925.55,3926.25,1047,
2024-05-08 15:15:00+05:30,3926.35,3926.35,3925.7,3926.15,960,
2024-05-08 15:16:00+05:30,3926.15,3926.15,3921.05,3922.05,1330,
2024-05-08 15:17:00+05:30,3922.9,3925,3922.4,3924.55,2194,
2024-05-08 15:18:00+05:30,3924.55,3924.75,3921,3921,2235,
2024-05-08 15:19:00+05:30,3921.05,3924,3921,3921.45,801,
2024-05-08 15:20:00+05:30,3921.45,3925.8,3921.45,3924.8,1527,
2024-05-08 15:21:00+05:30,3925.8,3926.75,3924.8,3925.85,1277,
2024-05-08 15:22:00+05:30,3926.45,3929.3,3926.15,3929.3,854,
2024-05-08 15:23:00+05:30,3928.5,3931.25,3928.5,3930.35,1962,
2024-05-08 15:24:00+05:30,3929.75,3930.75,3927.85,3930.55,898,
2024-05-08 15:25:00+05:30,3930.55,3933.6,3930.55,3932.85,939,
2024-05-08 15:26:00+05:30,3932.9,3934.2,3932.05,3933,808,
2024-05-08 15:27:00+05:30,3932.95,3935,3929.75,3932.4,1913,
2024-05-08 15:28:00+05:30,3934,3934,3922.65,3929.6,1006,
2024-05-08 15:29:00+05:30,3929.6,3935,3926.2,3935,265,
2024-05-09 09:15:00+05:30,3934,3949.05,3915.5,3921.8,3496,
2024-05-09 09:16:00+05:30,3923.75,3932.15,3923.4,3925.25,1210,
2024-05-09 09:17:00+05:30,3925.25,3929.1,3923.6,3924.65,267,
2024-05-09 09:18:00+05:30,3924.65,3924.65,3921,3921,195,
2024-05-09 09:19:00+05:30,3921,3923.65,3920,3920.05,1487,
2024-05-09 09:20:00+05:30,3921.95,3926.9,3920,3920,1482,
2024-05-09 09:21:00+05:30,3920,3920.05,3916.6,3919.8,801,
2024-05-09 09:22:00+05:30,3922.15,3924.05,3920.05,3922.2,409,
2024-05-09 09:23:00+05:30,3922.2,3922.75,3918.75,3920.25,270,
2024-05-09 09:24:00+05:30,3920.25,3920.25,3913.1,3913.1,268,
2024-05-09 09:25:00+05:30,3913.1,3920.95,3912.65,3915.3,901,
2024-05-09 09:26:00+05:30,3915.25,3915.25,3901.25,3901.25,3337,
2024-05-09 09:27:00+05:30,3901.25,3906.9,3901,3901.65,831,
2024-05-09 09:28:00+05:30,3901.65,3907.9,3901,3902.45,422,
2024-05-09 09:29:00+05:30,3902.9,3903.15,3895,3895,1991,
2024-05-09 09:30:00+05:30,3895.3,3899.65,3883.15,3886.15,2830,
2024-05-09 09:31:00+05:30,3886.15,3893,3885.2,3892.35,1247,
2024-05-09 09:32:00+05:30,3892.35,3899.95,3890,3892.1,1251,
2024-05-09 09:33:00+05:30,3892.1,3896.25,3890,3894,398,
2024-05-09 09:34:00+05:30,3894,3898.4,3890.1,3893.6,457,
2024-05-09 09:35:00+05:30,3893.6,3897.5,3891,3897.35,209,
2024-05-09 09:36:00+05:30,3897.35,3897.35,3885,3885,1756,
2024-05-09 09:37:00+05:30,3885,3890.95,3880.3,3880.3,2595,
2024-05-09 09:38:00+05:30,3881,3881,3870,3870.45,4092,
2024-05-09 09:39:00+05:30,3870.45,3870.45,3865,3866.4,781,
2024-05-09 09:40:00+05:30,3866.15,3870.5,3865,3865.8,985,
2024-05-09 09:41:00+05:30,3865.8,3875.9,3865.45,3872.15,1006,
2024-05-09 09:42:00+05:30,3870,3874.95,3867,3870.2,1259,
2024-05-09 09:43:00+05:30,3870.2,3878,3869.05,3874.8,723,
2024-05-09 09:44:00+05:30,3874.8,3877,3871,3875.2,1018,
2024-05-09 09:45:00+05:30,3874.6,3887.8,3874,3878.5,1774,
2024-05-09 09:46:00+05:30,3878.7,3881.15,3873.1,3874,1445,
2024-05-09 09:47:00+05:30,3873.75,3876.45,3870.5,3872,746,
2024-05-09 09:48:00+05:30,3871,3872.95,3870,3870,196,
2024-05-09 09:49:00+05:30,3870,3870,3862.05,3862.3,2715,
2024-05-09 09:50:00+05:30,3862.3,3865.7,3860.4,3860.65,858,
2024-05-09 09:51:00+05:30,3860.45,3864.95,3860.4,3860.5,1584,
2024-05-09 09:52:00+05:30,3860.5,3862.9,3854.55,3855.65,2806,
2024-05-09 09:53:00+05:30,3855.65,3858.25,3852,3855.15,1406,
2024-05-09 09:54:00+05:30,3855.15,3855.25,3851.2,3853.15,881,
2024-05-09 09:55:00+05:30,3852.85,3855,3851.1,3852,785,
2024-05-09 09:56:00+05:30,3851.1,3852.15,3847,3847,2554,
2024-05-09 09:57:00+05:30,3847,3850,3847,3848,1335,
2024-05-09 09:58:00+05:30,3848,3850.5,3846.55,3848.05,1160,
2024-05-09 09:59:00+05:30,3848.05,3852,3848,3849,1422,
2024-05-09 10:00:00+05:30,3849,3852,3841.8,3842,2590,
2024-05-09 10:01:00+05:30,3842.1,3844.35,3818.6,3821,9145,
2024-05-09 10:02:00+05:30,3820.3,3838.75,3818.95,3838.15,3150,
2024-05-09 10:03:00+05:30,3836.1,3842.55,3834.1,3836.4,2194,
2024-05-09 10:04:00+05:30,3835.45,3843.9,3835,3837,1787,
2024-05-09 10:05:00+05:30,3837.5,3845.8,3837.5,3842.5,1399,
2024-05-09 10:06:00+05:30,3842.5,3848.85,3842.3,3846.95,1156,
2024-05-09 10:07:00+05:30,3843.45,3848.1,3843.1,3845.55,924,
2024-05-09 10:08:00+05:30,3845.55,3847.95,3844.05,3845.7,461,
2024-05-09 10:09:00+05:30,3845.7,3847.7,3843,3846.8,686,
2024-05-09 10:10:00+05:30,3846.8,3846.8,3840.2,3840.65,518,
2024-05-09 10:11:00+05:30,3840.75,3845.9,3840.15,3843.05,923,
2024-05-09 10:12:00+05:30,3842.15,3846.75,3840.15,3840.15,1207,
2024-05-09 10:13:00+05:30,3840.15,3842.45,3837.65,3840.65,1168,
2024-05-09 10:14:00+05:30,3840.65,3840.65,3836.05,3837.1,1139,
2024-05-09 10:15:00+05:30,3837.1,3840.6,3836,3839.7,400,
2024-05-09 10:16:00+05:30,3839.7,3839.7,3833.7,3834,1821,
2024-05-09 10:17:00+05:30,3834,3837,3833,3835.65,378,
2024-05-09 10:18:00+05:30,3835.65,3836.95,3831,3831,702,
2024-05-09 10:19:00+05:30,3832.75,3833.65,3830,3831.6,787,
2024-05-09 10:20:00+05:30,3829.8,3833.1,3828,3828.15,936,
2024-05-09 10:21:00+05:30,3828.05,3829.7,3822.4,3823.65,1928,
2024-05-09 10:22:00+05:30,3824,3826.35,3821.35,3824.55,2528,
2024-05-09 10:23:00+05:30,3824.55,3829.5,3823.3,3825.95,1378,
2024-05-09 10:24:00+05:30,3827.15,3832.25,3826.2,3828.9,1655,
2024-05-09 10:25:00+05:30,3826.8,3834.6,3825.65,3825.7,902,
2024-05-09 10:26:00+05:30,3825.7,3831,3823.05,3829.5,1600,
2024-05-09 10:27:00+05:30,3829.5,3834.65,3829.2,3832.45,775,
2024-05-09 10:28:00+05:30,3832.45,3835.95,3828.5,3835,2256,
2024-05-09 10:29:00+05:30,3835,3839.65,3831.05,3832.6,1823,
2024-05-09 10:30:00+05:30,3832.6,3834.05,3828,3830.8,904,
2024-05-09 10:31:00+05:30,3830.8,3834.25,3829.1,3830.35,736,
2024-05-09 10:32:00+05:30,3830.35,3831.85,3825,3825,1450,
2024-05-09 10:33:00+05:30,3825,3826.7,3822,3823.2,1148,
2024-05-09 10:34:00+05:30,3823.2,3826.4,3821,3823.95,974,
2024-05-09 10:35:00+05:30,3823.95,3828.45,3823.3,3824.4,748,
2024-05-09 10:36:00+05:30,3824.4,3831.95,3824.35,3827.25,353,
2024-05-09 10:37:00+05:30,3827.25,3830.35,3825.8,3826.95,366,
2024-05-09 10:38:00+05:30,3826.95,3830.35,3826.4,3829,207,
2024-05-09 10:39:00+05:30,3829,3829.8,3825.85,3826.7,674,
2024-05-09 10:40:00+05:30,3826.7,3828.3,3825.25,3825.5,1335,
2024-05-09 10:41:00+05:30,3825.5,3828.25,3825.45,3826.75,469,
2024-05-09 10:42:00+05:30,3826.75,3833.45,3826.75,3830.8,896,
2024-05-09 10:43:00+05:30,3830.8,3834.9,3828.05,3828.25,671,
2024-05-09 10:44:00+05:30,3828.25,3830.95,3828.05,3828.55,291,
2024-05-09 10:45:00+05:30,3828.55,3835,3828.5,3834.8,435,
2024-05-09 10:46:00+05:30,3834.8,3834.8,3828.5,3831.65,1319,
2024-05-09 10:47:00+05:30,3829.85,3833.95,3829.55,3829.95,353,
2024-05-09 10:48:00+05:30,3829.95,3832.1,3829.65,3830.3,177,
2024-05-09 10:49:00+05:30,3830.3,3832.1,3829.65,3830.45,338,
2024-05-09 10:50:00+05:30,3830.45,3832.1,3829.65,3830.25,230,
2024-05-09 10:51:00+05:30,3830.25,3832.1,3829.65,3831.85,195,
2024-05-09 10:52:00+05:30,3829.75,3831.8,3828.3,3829.8,360,
2024-05-09 10:53:00+05:30,3829.9,3833.6,3828.45,3828.45,264,
2024-05-09 10:54:00+05:30,3829.95,3829.95,3825.45,3825.45,732,
2024-05-09 10:55:00+05:30,3825.5,3825.65,3819,3819,2018,
2024-05-09 10:56:00+05:30,3817,3821.95,3815,3820.85,2344,
2024-05-09 10:57:00+05:30,3820.85,3825.95,3820.85,3822,286,
2024-05-09 10:58:00+05:30,3822,3827,3822,3823.55,419,
2024-05-09 10:59:00+05:30,3822.05,3826.45,3822,3824.2,157,
2024-05-09 11:00:00+05:30,3824.2,3824.2,3819,3819,262,
2024-05-09 11:01:00+05:30,3819,3824.3,3818.05,3821.4,763,
2024-05-09 11:02:00+05:30,3823.95,3824.85,3819.05,3824.85,748,
2024-05-09 11:03:00+05:30,3824.9,3831.9,3823.25,3831.9,685,
2024-05-09 11:04:00+05:30,3831.9,3831.9,3828.15,3830.25,148,
2024-05-09 11:05:00+05:30,3830.25,3830.25,3825,3828.15,231,
2024-05-09 11:06:00+05:30,3828.15,3829.1,3825.05,3827.5,87,
2024-05-09 11:07:00+05:30,3827.5,3834.2,3826.9,3832.3,862,
2024-05-09 11:08:00+05:30,3832.3,3834.4,3830,3833.9,419,
2024-05-09 11:09:00+05:30,3833.9,3834.3,3830,3830,119,
2024-05-09 11:10:00+05:30,3830,3833.2,3830,3830.1,161,
2024-05-09 11:11:00+05:30,3830.1,3830.1,3825,3825,856,
2024-05-09 11:12:00+05:30,3826.5,3830,3823.15,3830,543,
2024-05-09 11:13:00+05:30,3830,3830.05,3827,3827.3,205,
2024-05-09 11:14:00+05:30,3826.6,3829.6,3825.2,3828.15,189,
2024-05-09 11:15:00+05:30,3828.15,3829.7,3825.05,3825.15,580,
2024-05-09 11:16:00+05:30,3825.15,3827.85,3823,3824.75,423,
2024-05-09 11:17:00+05:30,3824.75,3826.6,3822.05,3823,226,
2024-05-09 11:18:00+05:30,3823,3830,3821,3830,1233,
2024-05-09 11:19:00+05:30,3830,3830,3824.75,3826.75,187,
2024-05-09 11:20:00+05:30,3826.75,3829.35,3826,3827.2,91,
2024-05-09 11:21:00+05:30,3827.2,3831.5,3824,3826.55,1314,
2024-05-09 11:22:00+05:30,3826.55,3828.15,3824,3826,191,
2024-05-09 11:23:00+05:30,3826,3831.35,3826,3830,346,
2024-05-09 11:24:00+05:30,3830,3839.35,3830,3836.3,2366,
2024-05-09 11:25:00+05:30,3837.6,3839.95,3836.05,3837.6,1126,
2024-05-09 11:26:00+05:30,3837.55,3842,3837.55,3840,1022,
2024-05-09 11:27:00+05:30,3840,3844.8,3832,3832,2098,
2024-05-09 11:28:00+05:30,3832,3832.6,3826.25,3831.6,281,
2024-05-09 11:29:00+05:30,3828.6,3831.9,3825.95,3828.2,214,
2024-05-09 11:30:00+05:30,3826.3,3828.8,3825,3825.45,242,
2024-05-09 11:31:00+05:30,3825.45,3828.8,3825.25,3827.8,252,
2024-05-09 11:32:00+05:30,3828.25,3829,3826,3828.4,65,
2024-05-09 11:33:00+05:30,3828.4,3833.05,3826.75,3830.9,801,
2024-05-09 11:34:00+05:30,3830.9,3830.95,3826.5,3828.85,1304,
2024-05-09 11:35:00+05:30,3830.45,3832.1,3827.55,3831.85,290,
2024-05-09 11:36:00+05:30,3831.85,3832.95,3827.45,3829.75,650,
2024-05-09 11:37:00+05:30,3829.75,3833.05,3827,3827,287,
2024-05-09 11:38:00+05:30,3827,3830.9,3826.5,3826.7,1262,
2024-05-09 11:39:00+05:30,3826.7,3830.7,3826.7,3829.15,125,
2024-05-09 11:40:00+05:30,3829.15,3831,3827,3829.05,212,
2024-05-09 11:41:00+05:30,3830.8,3831,3828,3828,202,
2024-05-09 11:42:00+05:30,3828,3830,3828,3828,234,
2024-05-09 11:43:00+05:30,3828,3828.1,3826,3826.65,227,
2024-05-09 11:44:00+05:30,3826.65,3831,3825,3829.75,172,
2024-05-09 11:45:00+05:30,3829.05,3830.05,3825.45,3825.45,376,
2024-05-09 11:46:00+05:30,3825.45,3828.95,3825.05,3827.9,336,
2024-05-09 11:47:00+05:30,3825.6,3827.65,3825,3825,202,
2024-05-09 11:48:00+05:30,3825,3828.9,3821,3821.05,901,
2024-05-09 11:49:00+05:30,3821.05,3823.7,3821.05,3822.55,324,
2024-05-09 11:50:00+05:30,3821.15,3824.95,3821.05,3824.95,312,
2024-05-09 11:51:00+05:30,3827.1,3829,3824.1,3827.05,208,
2024-05-09 11:52:00+05:30,3827.05,3828.65,3825,3826.8,161,
2024-05-09 11:53:00+05:30,3826.8,3827.65,3825.1,3825.3,118,
2024-05-09 11:54:00+05:30,3825.3,3827.6,3822.15,3822.15,654,
2024-05-09 11:55:00+05:30,3822.15,3825,3821.25,3824.2,447,
2024-05-09 11:56:00+05:30,3824.2,3826,3822.05,3825.95,140,
2024-05-09 11:57:00+05:30,3824.05,3827.1,3822.55,3823.95,409,
2024-05-09 11:58:00+05:30,3823.95,3826.15,3823,3824.1,67,
2024-05-09 11:59:00+05:30,3824.1,3825,3822,3823,98,
2024-05-09 12:00:00+05:30,3824,3825,3821,3823.9,330,
2024-05-09 12:01:00+05:30,3823.9,3824.55,3822.85,3822.85,71,
2024-05-09 12:02:00+05:30,3822.85,3824.05,3820.8,3820.8,177,
2024-05-09 12:03:00+05:30,3820.8,3821.9,3820.1,3821.05,319,
2024-05-09 12:04:00+05:30,3821.05,3822.9,3820,3820.05,199,
2024-05-09 12:05:00+05:30,3820.05,3822.95,3820,3822,387,
2024-05-09 12:06:00+05:30,3822,3823.15,3821,3821.05,179,
2024-05-09 12:07:00+05:30,3821.05,3823.9,3815.75,3815.75,1159,
2024-05-09 12:08:00+05:30,3815.75,3816.3,3809,3810.95,3266,
2024-05-09 12:09:00+05:30,3810.95,3812.4,3809.05,3809.05,1221,
2024-05-09 12:10:00+05:30,3809.05,3810.4,3804.15,3806.1,1306,
2024-05-09 12:11:00+05:30,3806.1,3809,3805,3806,351,
2024-05-09 12:12:00+05:30,3806,3808,3805,3805,1007,
2024-05-09 12:13:00+05:30,3807.5,3807.5,3801.5,3803,1651,
2024-05-09 12:14:00+05:30,3803,3804.85,3800.4,3800.4,1760,
2024-05-09 12:15:00+05:30,3800.4,3802.6,3798.05,3798.35,3861,
2024-05-09 12:16:00+05:30,3798.35,3800,3791.05,3795,2041,
2024-05-09 12:17:00+05:30,3795,3796.35,3792,3792.05,989,
2024-05-09 12:18:00+05:30,3792.3,3795,3790,3793.75,2094,
2024-05-09 12:19:00+05:30,3794.3,3795,3790.5,3792.1,1865,
2024-05-09 12:20:00+05:30,3792.1,3793.8,3786.05,3789,3473,
2024-05-09 12:21:00+05:30,3789,3794,3788.6,3788.6,1762,
2024-05-09 12:22:00+05:30,3788.6,3791.6,3786.65,3789.95,958,
2024-05-09 12:23:00+05:30,3789.95,3791.9,3787,3787.85,1145,
2024-05-09 12:24:00+05:30,3788.3,3793,3787,3793,950,
2024-05-09 12:25:00+05:30,3793,3793,3790.4,3793,770,
2024-05-09 12:26:00+05:30,3793,3794.35,3788.35,3791.95,816,
2024-05-09 12:27:00+05:30,3790.1,3792,3790,3790.95,638,
2024-05-09 12:28:00+05:30,3790.95,3793.95,3790,3791.15,650,
2024-05-09 12:29:00+05:30,3793.15,3793.95,3791,3791,1781,
2024-05-09 12:30:00+05:30,3792.8,3793.6,3789.2,3791.85,1129,
2024-05-09 12:31:00+05:30,3791.85,3793,3788.05,3788.05,1285,
2024-05-09 12:32:00+05:30,3787.4,3796.2,3787.1,3795,2519,
2024-05-09 12:33:00+05:30,3795,3797.95,3793.6,3795,2817,
2024-05-09 12:34:00+05:30,3795,3799.95,3795,3798.15,2591,
2024-05-09 12:35:00+05:30,3798.15,3805.4,3798.15,3800.1,2048,
2024-05-09 12:36:00+05:30,3800.1,3802.45,3795.1,3795.1,439,
2024-05-09 12:37:00+05:30,3795.05,3797.8,3795,3795,1110,
2024-05-09 12:38:00+05:30,3795,3797.9,3795,3795.15,325,
2024-05-09 12:39:00+05:30,3795.15,3796.5,3792,3792.3,4186,
2024-05-09 12:40:00+05:30,3792.3,3794.85,3791.15,3794.1,836,
2024-05-09 12:41:00+05:30,3794.1,3801.5,3794.1,3801.5,2175,
2024-05-09 12:42:00+05:30,3801.5,3801.5,3797,3797,556,
2024-05-09 12:43:00+05:30,3797,3802,3797,3800.1,344,
2024-05-09 12:44:00+05:30,3802,3803.2,3800,3800.2,1481,
2024-05-09 12:45:00+05:30,3800.2,3803.65,3800.2,3801,626,
2024-05-09 12:46:00+05:30,3801,3803.5,3801,3801.5,645,
2024-05-09 12:47:00+05:30,3801.5,3802.9,3797,3799,4472,
2024-05-09 12:48:00+05:30,3799,3800.95,3797.35,3800,2304,
2024-05-09 12:49:00+05:30,3800,3804,3800,3802.9,1364,
2024-05-09 12:50:00+05:30,3801.5,3803.4,3800,3800.6,3286,
2024-05-09 12:51:00+05:30,3800.6,3803.6,3793.5,3793.5,3198,
2024-05-09 12:52:00+05:30,3793.5,3795,3789.4,3789.4,943,
2024-05-09 12:53:00+05:30,3790,3793.5,3787,3787,1344,
2024-05-09 12:54:00+05:30,3788.35,3790,3786,3788.35,661,
2024-05-09 12:55:00+05:30,3786.2,3788.3,3781.45,3788.05,1888,
2024-05-09 12:56:00+05:30,3788.05,3788.35,3781.05,3784.45,1249,
2024-05-09 12:57:00+05:30,3784.25,3787.7,3781.3,3785.1,1587,
2024-05-09 12:58:00+05:30,3784.85,3786.9,3781,3781.2,1515,
2024-05-09 12:59:00+05:30,3781.2,3785,3780,3782.5,1779,
2024-05-09 13:00:00+05:30,3781.7,3787,3781.7,3784.65,1359,
2024-05-09 13:01:00+05:30,3784.65,3788.05,3780,3786.55,1986,
2024-05-09 13:02:00+05:30,3786.55,3789.95,3784.25,3786.4,5320,
2024-05-09 13:03:00+05:30,3786.4,3789.45,3782.05,3783,3368,
2024-05-09 13:04:00+05:30,3783,3784.75,3777.85,3779.1,1988,
2024-05-09 13:05:00+05:30,3779.1,3783.65,3777.05,3781.05,1208,
2024-05-09 13:06:00+05:30,3778.85,3782.9,3775.1,3778.25,1775,
2024-05-09 13:07:00+05:30,3778.25,3784.95,3777.85,3780.05,886,
2024-05-09 13:08:00+05:30,3780,3782.85,3777.15,3779.4,1151,
2024-05-09 13:09:00+05:30,3780,3782.95,3777.5,3781.5,223,
2024-05-09 13:10:00+05:30,3781.6,3781.95,3777.25,3780.05,504,
2024-05-09 13:11:00+05:30,3780.05,3780.05,3774.8,3778.05,1106,
2024-05-09 13:12:00+05:30,3778.05,3778.05,3771.5,3773.05,2389,
2024-05-09 13:13:00+05:30,3773.05,3775.3,3770.05,3774.85,2476,
2024-05-09 13:14:00+05:30,3774.85,3775.3,3771.05,3771.1,562,
2024-05-09 13:15:00+05:30,3773.1,3776.95,3770.7,3770.95,1960,
2024-05-09 13:16:00+05:30,3770.95,3776.95,3770.3,3776,3789,
2024-05-09 13:17:00+05:30,3776,3784.5,3776,3782.3,2859,
2024-05-09 13:18:00+05:30,3784.05,3787,3782.8,3786.35,600,
2024-05-09 13:19:00+05:30,3786.35,3787,3785.25,3786,391,
2024-05-09 13:20:00+05:30,3786,3787,3784.6,3786.35,366,
2024-05-09 13:21:00+05:30,3786.4,3786.85,3783.75,3784.8,459,
2024-05-09 13:22:00+05:30,3784.8,3791.6,3783.3,3787.75,6848,
2024-05-09 13:23:00+05:30,3787.75,3790,3782.5,3783.05,1191,
2024-05-09 13:24:00+05:30,3782.35,3784.3,3780.85,3781.4,166,
2024-05-09 13:25:00+05:30,3781.4,3785,3780.65,3783.3,423,
2024-05-09 13:26:00+05:30,3783.3,3789.9,3780.1,3788.8,5469,
2024-05-09 13:27:00+05:30,3788.8,3789.95,3785,3788.85,1420,
2024-05-09 13:28:00+05:30,3788.85,3795.35,3786.55,3795.35,3092,
2024-05-09 13:29:00+05:30,3794.95,3796.3,3791.6,3792.55,753,
2024-05-09 13:30:00+05:30,3792.55,3793.05,3785.5,3788.75,1003,
2024-05-09 13:31:00+05:30,3787,3792.25,3785.45,3786.55,1661,
2024-05-09 13:32:00+05:30,3786.55,3788.4,3785,3787.65,2698,
2024-05-09 13:33:00+05:30,3787.65,3787.9,3785.05,3785.55,365,
2024-05-09 13:34:00+05:30,3787.45,3790.45,3785,3788.55,1184,
2024-05-09 13:35:00+05:30,3788.55,3789.9,3784,3784.6,6426,
2024-05-09 13:36:00+05:30,3784.6,3784.6,3775.7,3776.9,1005,
2024-05-09 13:37:00+05:30,3776.9,3776.9,3773.35,3773.35,319,
2024-05-09 13:38:00+05:30,3773.35,3775,3763.65,3766.85,3584,
2024-05-09 13:39:00+05:30,3766.85,3776.9,3766.85,3776.9,628,
2024-05-09 13:40:00+05:30,3776.9,3779.35,3773.8,3773.8,579,
2024-05-09 13:41:00+05:30,3772,3772,3765.05,3765.55,1483,
2024-05-09 13:42:00+05:30,3765.35,3768,3762.45,3767.05,2590,
2024-05-09 13:43:00+05:30,3767,3771.15,3764.45,3768.45,1713,
2024-05-09 13:44:00+05:30,3768.45,3768.45,3758.35,3761.7,2826,
2024-05-09 13:45:00+05:30,3760.4,3767.9,3758.9,3767.9,1840,
2024-05-09 13:46:00+05:30,3767.9,3769.05,3759.2,3761.9,1070,
2024-05-09 13:47:00+05:30,3761.9,3767.55,3759.4,3764.3,1265,
2024-05-09 13:48:00+05:30,3764.3,3768,3759.1,3762.95,1439,
2024-05-09 13:49:00+05:30,3763.25,3768,3759.6,3767.25,1293,
2024-05-09 13:50:00+05:30,3767.25,3767.5,3762.1,3767.45,585,
2024-05-09 13:51:00+05:30,3766.95,3768,3764.6,3765.6,971,
2024-05-09 13:52:00+05:30,3765.6,3768.95,3761.25,3763.65,1761,
2024-05-09 13:53:00+05:30,3763,3765.8,3758.05,3760.45,1936,
2024-05-09 13:54:00+05:30,3758.75,3761,3756,3759.4,1699,
2024-05-09 13:55:00+05:30,3759.4,3760.5,3755.55,3758.1,1555,
2024-05-09 13:56:00+05:30,3758.25,3763.5,3755.2,3763.5,877,
2024-05-09 13:57:00+05:30,3764.25,3766.05,3760.3,3763.65,1424,
2024-05-09 13:58:00+05:30,3763.5,3768,3762.25,3768,970,
2024-05-09 13:59:00+05:30,3768,3770,3766.3,3768.65,1238,
2024-05-09 14:00:00+05:30,3768.2,3770,3765,3770,1596,
2024-05-09 14:01:00+05:30,3769.7,3778,3766.8,3778,1275,
2024-05-09 14:02:00+05:30,3776.1,3778,3772.55,3773,947,
2024-05-09 14:03:00+05:30,3772.7,3775.5,3768.05,3770.9,2672,
2024-05-09 14:04:00+05:30,3771.25,3772.2,3765,3768.05,1079,
2024-05-09 14:05:00+05:30,3770,3774.9,3769.4,3770,1378,
2024-05-09 14:06:00+05:30,3770,3777,3768,3776.65,1178,
2024-05-09 14:07:00+05:30,3776.65,3777,3770.45,3773.9,1180,
2024-05-09 14:08:00+05:30,3773.9,3774.5,3767,3772.95,1180,
2024-05-09 14:09:00+05:30,3772.95,3780,3772.15,3780,1344,
2024-05-09 14:10:00+05:30,3780,3783,3777.6,3781,3739,
2024-05-09 14:11:00+05:30,3781,3781.85,3774.25,3780.05,1910,
2024-05-09 14:12:00+05:30,3780.05,3782.25,3774.75,3777.8,1466,
2024-05-09 14:13:00+05:30,3778,3778,3769.55,3774.45,5664,
2024-05-09 14:14:00+05:30,3776.6,3782.1,3770.05,3782.1,5282,
2024-05-09 14:15:00+05:30,3782.1,3782.1,3771.45,3775,2326,
2024-05-09 14:16:00+05:30,3775,3776.65,3771.75,3772.3,1275,
2024-05-09 14:17:00+05:30,3774,3778,3771.4,3776.9,1664,
2024-05-09 14:18:00+05:30,3774,3780,3774,3780,1330,
2024-05-09 14:19:00+05:30,3777.65,3780,3775.65,3779.05,1143,
2024-05-09 14:20:00+05:30,3779.05,3779.5,3775,3777.45,1890,
2024-05-09 14:21:00+05:30,3777.7,3782.5,3776.35,3782.1,1406,
2024-05-09 14:22:00+05:30,3782.5,3790,3778.8,3788.3,2201,
2024-05-09 14:23:00+05:30,3790,3790.6,3786.05,3787.85,1526,
2024-05-09 14:24:00+05:30,3787.8,3790.75,3781.5,3790.7,2006,
2024-05-09 14:25:00+05:30,3790.7,3790.7,3784.4,3789.85,2016,
2024-05-09 14:26:00+05:30,3789.95,3795,3788.25,3791.7,2463,
2024-05-09 14:27:00+05:30,3794.1,3794.1,3787.1,3789.85,2019,
2024-05-09 14:28:00+05:30,3789.85,3791.35,3786.95,3787.95,1270,
2024-05-09 14:29:00+05:30,3787.95,3792,3787.3,3788.6,1564,
2024-05-09 14:30:00+05:30,3790.05,3791.35,3787,3790,1562,
2024-05-09 14:31:00+05:30,3790,3790,3783.4,3786.9,2659,
2024-05-09 14:32:00+05:30,3787.7,3789.3,3783.3,3786.2,2206,
2024-05-09 14:33:00+05:30,3786.2,3789,3784,3788,1375,
2024-05-09 14:34:00+05:30,3788,3789,3784.75,3788.95,1532,
2024-05-09 14:35:00+05:30,3787,3789.95,3784.7,3787.65,1843,
2024-05-09 14:36:00+05:30,3787.65,3792.5,3784.75,3787.1,1855,
2024-05-09 14:37:00+05:30,3787.1,3789.7,3781.35,3785.9,3585,
2024-05-09 14:38:00+05:30,3786,3788.85,3781.2,3786.05,1879,
2024-05-09 14:39:00+05:30,3785.95,3788.65,3780.75,3787.65,1594,
2024-05-09 14:40:00+05:30,3787.7,3790.65,3780.1,3782.85,1816,
2024-05-09 14:41:00+05:30,3783.2,3787.25,3783.2,3785.25,1842,
2024-05-09 14:42:00+05:30,3785.15,3787,3781.1,3786.2,1552,
2024-05-09 14:43:00+05:30,3786.25,3786.35,3778.55,3780.5,2382,
2024-05-09 14:44:00+05:30,3781.6,3783.35,3776,3778.6,2531,
2024-05-09 14:45:00+05:30,3778.6,3780,3774.9,3778.85,2691,
2024-05-09 14:46:00+05:30,3778.85,3784.65,3778.1,3784.65,2061,
2024-05-09 14:47:00+05:30,3784.65,3791.85,3778.65,3790.6,1645,
2024-05-09 14:48:00+05:30,3790.6,3791.6,3784.45,3789.9,3144,
2024-05-09 14:49:00+05:30,3790,3794.8,3789.95,3793.45,1397,
2024-05-09 14:50:00+05:30,3793.45,3796.45,3792.1,3794.05,2098,
2024-05-09 14:51:00+05:30,3794.05,3797.6,3789.45,3793.6,2689,
2024-05-09 14:52:00+05:30,3791.35,3797.25,3789.8,3794.15,1336,
2024-05-09 14:53:00+05:30,3794.15,3797,3791.2,3794.95,2188,
2024-05-09 14:54:00+05:30,3795,3796.65,3791.85,3794.3,1514,
2024-05-09 14:55:00+05:30,3794.3,3797.05,3790,3790.45,1993,
2024-05-09 14:56:00+05:30,3790.45,3793.5,3787,3789.75,2466,
2024-05-09 14:57:00+05:30,3788.95,3791.95,3786,3787.2,6636,
2024-05-09 14:58:00+05:30,3787.2,3792,3781.6,3784.1,6094,
2024-05-09 14:59:00+05:30,3784.1,3788.95,3780.25,3785.45,5641,
2024-05-09 15:00:00+05:30,3785,3785.1,3777.4,3779.1,3732,
2024-05-09 15:01:00+05:30,3779.05,3784.95,3778.25,3781.9,3448,
2024-05-09 15:02:00+05:30,3781.15,3785.55,3775.05,3776.55,3302,
2024-05-09 15:03:00+05:30,3776.55,3785.85,3776.55,3784.3,6160,
2024-05-09 15:04:00+05:30,3785.35,3799.65,3783.2,3794.8,19765,
2024-05-09 15:05:00+05:30,3793.7,3794.25,3785.1,3794.25,6262,
2024-05-09 15:06:00+05:30,3794.1,3797.5,3791,3793.5,3707,
2024-05-09 15:07:00+05:30,3793.65,3797.45,3790,3793,4802,
2024-05-09 15:08:00+05:30,3795.05,3797,3792.05,3794.55,3409,
2024-05-09 15:09:00+05:30,3795.75,3797.25,3792.45,3795,4551,
2024-05-09 15:10:00+05:30,3795.05,3797.5,3790.5,3793.55,6005,
2024-05-09 15:11:00+05:30,3793.55,3794.95,3791.6,3794.7,5081,
2024-05-09 15:12:00+05:30,3793.9,3794.7,3791.2,3794.7,4568,
2024-05-09 15:13:00+05:30,3794.05,3795,3789.05,3790.05,4853,
2024-05-09 15:14:00+05:30,3790.05,3792.2,3785.1,3785.9,4617,
2024-05-09 15:15:00+05:30,3785.9,3790,3785.9,3790,4848,
2024-05-09 15:16:00+05:30,3788.05,3790,3783.5,3787.3,4434,
2024-05-09 15:17:00+05:30,3786.3,3789.2,3783,3784.8,4863,
2024-05-09 15:18:00+05:30,3784.8,3790,3783.7,3788.35,5191,
2024-05-09 15:19:00+05:30,3787.9,3790.45,3786.1,3789.9,4492,
2024-05-09 15:20:00+05:30,3789.9,3792.15,3782.95,3789.35,6530,
2024-05-09 15:21:00+05:30,3790.7,3791.1,3785.3,3789.7,3614,
2024-05-09 15:22:00+05:30,3790.8,3790.8,3785.55,3788.1,4435,
2024-05-09 15:23:00+05:30,3788.65,3792.75,3788.05,3791.9,5596,
2024-05-09 15:24:00+05:30,3791.6,3793.55,3787.3,3792.25,4839,
2024-05-09 15:25:00+05:30,3792.25,3795,3792.25,3792.8,1089,
2024-05-09 15:26:00+05:30,3792.45,3794,3788.75,3790.9,2560,
2024-05-09 15:27:00+05:30,3791.55,3791.55,3785.35,3790,767,
2024-05-09 15:28:00+05:30,3790,3794.6,3779.4,3794.6,3174,
2024-05-09 15:29:00+05:30,3794.6,3795,3782.35,3791,2883,
2024-05-10 09:15:00+05:30,3794.75,3799.95,3780,3784.95,1828,
2024-05-10 09:16:00+05:30,3785.35,3803.35,3782.1,3800,902,
2024-05-10 09:17:00+05:30,3800,3800,3785,3789.05,1618,
2024-05-10 09:18:00+05:30,3789.05,3798.65,3789.05,3794.35,730,
2024-05-10 09:19:00+05:30,3792.5,3795.25,3790.55,3792.45,835,
2024-05-10 09:20:00+05:30,3791,3791,3773.2,3781.05,1302,
2024-05-10 09:21:00+05:30,3778.2,3790.75,3778.2,3788.1,1446,
2024-05-10 09:22:00+05:30,3790.6,3800.15,3790.55,3793.1,1222,
2024-05-10 09:23:00+05:30,3793.1,3794.9,3790,3792.05,208,
2024-05-10 09:24:00+05:30,3795.4,3799.05,3793.15,3797.05,277,
2024-05-10 09:25:00+05:30,3797.05,3798.05,3793.9,3795,366,
2024-05-10 09:26:00+05:30,3795.55,3796,3793.3,3793.3,203,
2024-05-10 09:27:00+05:30,3790.85,3796.15,3790.85,3795,4388,
2024-05-10 09:28:00+05:30,3795,3796.85,3792.75,3792.75,612,
2024-05-10 09:29:00+05:30,3793.6,3793.95,3790,3791.85,153,
2024-05-10 09:30:00+05:30,3791.85,3798,3791.85,3793.55,181,
2024-05-10 09:31:00+05:30,3795,3795,3791.3,3792.5,11665,
2024-05-10 09:32:00+05:30,3793.55,3795,3792.55,3795,134,
2024-05-10 09:33:00+05:30,3795,3795,3792.35,3792.35,187,
2024-05-10 09:34:00+05:30,3792.05,3793.95,3789.95,3790,1517,
2024-05-10 09:35:00+05:30,3790,3794.55,3790,3791.95,421,
2024-05-10 09:36:00+05:30,3791.95,3792.3,3791.05,3791.05,106,
2024-05-10 09:37:00+05:30,3791.05,3791.9,3787.05,3790.85,3448,
2024-05-10 09:38:00+05:30,3790.85,3790.85,3787.4,3789.95,778,
2024-05-10 09:39:00+05:30,3789.95,3790.5,3788.35,3788.45,86,
2024-05-10 09:40:00+05:30,3787.35,3793.5,3787,3793.5,2826,
2024-05-10 09:41:00+05:30,3793.5,3795,3790.05,3792.5,1257,
2024-05-10 09:42:00+05:30,3792.5,3795,3792.5,3793.1,261,
2024-05-10 09:43:00+05:30,3793.1,3798,3793.1,3796.25,559,
2024-05-10 09:44:00+05:30,3796.25,3803.6,3796.25,3798.55,2433,
2024-05-10 09:45:00+05:30,3798.55,3808.7,3798.55,3806.2,315,
2024-05-10 09:46:00+05:30,3806.2,3810,3805.2,3810,654,
2024-05-10 09:47:00+05:30,3808.25,3810,3806.15,3809.5,361,
2024-05-10 09:48:00+05:30,3808,3809.95,3806.4,3807.15,221,
2024-05-10 09:49:00+05:30,3808.7,3814.9,3807.15,3814.9,418,
2024-05-10 09:50:00+05:30,3814.9,3815.9,3813.05,3813.2,323,
2024-05-10 09:51:00+05:30,3813.2,3818,3813.2,3816.9,464,
2024-05-10 09:52:00+05:30,3818,3831.35,3816.55,3820.7,2541,
2024-05-10 09:53:00+05:30,3820.75,3821.5,3817.1,3821.3,418,
2024-05-10 09:54:00+05:30,3821.3,3824.8,3819.05,3821.9,820,
2024-05-10 09:55:00+05:30,3823.45,3823.45,3818.55,3819.75,588,
2024-05-10 09:56:00+05:30,3819.75,3820.55,3816.05,3817,369,
2024-05-10 09:57:00+05:30,3816.55,3817.85,3815,3815,397,
2024-05-10 09:58:00+05:30,3815.05,3816,3810.55,3812.6,1714,
2024-05-10 09:59:00+05:30,3813,3814,3812.25,3813,464,
2024-05-10 10:00:00+05:30,3813,3814,3811.05,3813.2,472,
2024-05-10 10:01:00+05:30,3813.15,3815.3,3811.65,3814.5,135,
2024-05-10 10:02:00+05:30,3814.5,3820,3814.35,3817,1105,
2024-05-10 10:03:00+05:30,3819.35,3819.35,3812.1,3816.7,144,
2024-05-10 10:04:00+05:30,3816.7,3820,3816.55,3819.9,297,
2024-05-10 10:05:00+05:30,3818.35,3819.9,3816.85,3818,187,
2024-05-10 10:06:00+05:30,3818,3823.8,3817.35,3819.3,1413,
2024-05-10 10:07:00+05:30,3820.9,3820.9,3818.75,3820.8,94,
2024-05-10 10:08:00+05:30,3820.8,3820.8,3818.1,3820,183,
2024-05-10 10:09:00+05:30,3820,3820.15,3818,3820.1,88,
2024-05-10 10:10:00+05:30,3820.1,3820.1,3817.15,3817.55,146,
2024-05-10 10:11:00+05:30,3819.5,3820.5,3815.45,3815.5,371,
2024-05-10 10:12:00+05:30,3815.5,3819.65,3815.5,3817.6,15,
2024-05-10 10:13:00+05:30,3817.6,3819.65,3817.4,3819.5,30,
2024-05-10 10:14:00+05:30,3819.5,3820.5,3817.95,3818.55,198,
2024-05-10 10:15:00+05:30,3820,3823.15,3819.6,3820.55,510,
2024-05-10 10:16:00+05:30,3822.5,3822.95,3818.05,3818.85,207,
2024-05-10 10:17:00+05:30,3818.85,3825.1,3818.85,3822,190,
2024-05-10 10:18:00+05:30,3822,3825.7,3820.7,3824.3,84,
2024-05-10 10:19:00+05:30,3824.3,3824.45,3822.1,3824.3,87,
2024-05-10 10:20:00+05:30,3822.15,3823.8,3820.45,3823.8,88,
2024-05-10 10:21:00+05:30,3823.8,3823.95,3820.65,3823,129,
2024-05-10 10:22:00+05:30,3821.05,3828,3821.05,3827.2,978,
2024-05-10 10:23:00+05:30,3827.2,3828,3824.45,3826.55,223,
2024-05-10 10:24:00+05:30,3826.55,3827.6,3824.05,3825,251,
2024-05-10 10:25:00+05:30,3825,3828.7,3824.95,3826.35,282,
2024-05-10 10:26:00+05:30,3826.4,3829,3826.4,3826.95,81,
2024-05-10 10:27:00+05:30,3826.95,3828.95,3825,3828.95,309,
2024-05-10 10:28:00+05:30,3829,3829,3828,3828.05,186,
2024-05-10 10:29:00+05:30,3828.05,3829,3826,3826.05,161,
2024-05-10 10:30:00+05:30,3826.05,3827.85,3818.35,3818.85,1409,
2024-05-10 10:31:00+05:30,3818.85,3820.05,3814.6,3816.5,331,
2024-05-10 10:32:00+05:30,3816.5,3820.05,3814.55,3819.2,466,
2024-05-10 10:33:00+05:30,3819.2,3819.2,3816.5,3818.9,180,
2024-05-10 10:34:00+05:30,3818.9,3819.45,3814.2,3814.8,383,
2024-05-10 10:35:00+05:30,3813.45,3815,3811.15,3813.05,372,
2024-05-10 10:36:00+05:30,3812.6,3816,3812.6,3815.6,436,
2024-05-10 10:37:00+05:30,3815.6,3815.9,3813.25,3814,83,
2024-05-10 10:38:00+05:30,3814,3816.2,3814,3814.1,14,
2024-05-10 10:39:00+05:30,3814.15,3815.45,3813.1,3813.1,138,
2024-05-10 10:40:00+05:30,3814.6,3816.55,3813.5,3814.95,749,
2024-05-10 10:41:00+05:30,3813.6,3815.35,3803.55,3803.6,2201,
2024-05-10 10:42:00+05:30,3803.55,3807.3,3802.65,3803.7,2824,
2024-05-10 10:43:00+05:30,3803.5,3805,3802,3802.45,744,
2024-05-10 10:44:00+05:30,3802.55,3804.6,3800.6,3802.7,780,
2024-05-10 10:45:00+05:30,3802.35,3804.6,3800.85,3803.35,47,
2024-05-10 10:46:00+05:30,3804.6,3805,3796.5,3796.95,3003,
2024-05-10 10:47:00+05:30,3796.95,3798.4,3792.4,3792.5,2688,
2024-05-10 10:48:00+05:30,3792.5,3794.3,3789.95,3791.5,1513,
2024-05-10 10:49:00+05:30,3791.5,3792.55,3789.05,3790,1177,
2024-05-10 10:50:00+05:30,3790,3791.55,3788.85,3789.35,560,
2024-05-10 10:51:00+05:30,3789.35,3791.2,3788,3789.95,1239,
2024-05-10 10:52:00+05:30,3789.95,3790.45,3787.4,3790.45,761,
2024-05-10 10:53:00+05:30,3790.45,3790.45,3788.3,3790,3307,
2024-05-10 10:54:00+05:30,3790,3790,3782,3782,1381,
2024-05-10 10:55:00+05:30,3783.85,3786.95,3781.2,3785.3,452,
2024-05-10 10:56:00+05:30,3785.3,3786.5,3782.8,3784.65,301,
2024-05-10 10:57:00+05:30,3784.65,3786.45,3782.4,3786.45,162,
2024-05-10 10:58:00+05:30,3784.2,3788.1,3784.2,3788.1,76,
2024-05-10 10:59:00+05:30,3788.1,3790,3788.1,3790,240,
2024-05-10 11:00:00+05:30,3790,3790,3788.7,3788.7,38,
2024-05-10 11:01:00+05:30,3788.7,3790,3788.7,3790,40,
2024-05-10 11:02:00+05:30,3790,3790,3788.7,3789.95,213,
2024-05-10 11:03:00+05:30,3789.95,3795,3788.8,3790,3311,
2024-05-10 11:04:00+05:30,3790,3790,3788.8,3788.8,2354,
2024-05-10 11:05:00+05:30,3788.8,3790,3788.1,3789.7,196,
2024-05-10 11:06:00+05:30,3790,3790.05,3790,3790,3396,
2024-05-10 11:07:00+05:30,3790,3794.95,3789.2,3790.6,3569,
2024-05-10 11:08:00+05:30,3790.6,3790.6,3789.9,3790,139,
2024-05-10 11:09:00+05:30,3790,3793.25,3789,3793.25,766,
2024-05-10 11:10:00+05:30,3793.8,3794.15,3791.3,3791.5,646,
2024-05-10 11:11:00+05:30,3791.5,3794.5,3789.55,3794.5,529,
2024-05-10 11:12:00+05:30,3794.5,3797.25,3794.45,3796.65,1617,
2024-05-10 11:13:00+05:30,3796.6,3797.05,3791.5,3793.25,1417,
2024-05-10 11:14:00+05:30,3793.25,3793.8,3789,3789,1166,
2024-05-10 11:15:00+05:30,3789,3790,3788,3788.15,18,
2024-05-10 11:16:00+05:30,3788.15,3790,3787.95,3790,135,
2024-05-10 11:17:00+05:30,3790,3790,3788.3,3789.6,35,
2024-05-10 11:18:00+05:30,3789.6,3789.6,3788,3789.55,23,
2024-05-10 11:19:00+05:30,3789.55,3790,3788.7,3788.7,23,
2024-05-10 11:20:00+05:30,3790,3790.55,3790,3790,55,
2024-05-10 11:21:00+05:30,3790,3793.9,3788.3,3790,2741,
2024-05-10 11:22:00+05:30,3790,3791.7,3789.55,3790,916,
2024-05-10 11:23:00+05:30,3790,3791.85,3790,3790,1019,
2024-05-10 11:24:00+05:30,3790,3790,3789.75,3790,1099,
2024-05-10 11:25:00+05:30,3790,3796.3,3790,3796.3,1347,
2024-05-10 11:26:00+05:30,3796.3,3799.7,3794.25,3797.6,489,
2024-05-10 11:27:00+05:30,3797.6,3799.95,3797.6,3799,218,
2024-05-10 11:28:00+05:30,3799,3800,3794.15,3794.15,1770,
2024-05-10 11:29:00+05:30,3794.15,3797.7,3794.15,3795.65,245,
2024-05-10 11:30:00+05:30,3795.65,3798,3795.45,3798,184,
2024-05-10 11:31:00+05:30,3798,3799,3796.7,3796.7,121,
2024-05-10 11:32:00+05:30,3796.7,3798,3795.1,3795.1,219,
2024-05-10 11:33:00+05:30,3795.1,3797.45,3795.1,3797.45,39,
2024-05-10 11:34:00+05:30,3797.45,3797.65,3795.4,3797.45,38,
2024-05-10 11:35:00+05:30,3797.45,3797.45,3796.05,3797,22,
2024-05-10 11:36:00+05:30,3797,3798,3796.05,3797,499,
2024-05-10 11:37:00+05:30,3797,3798.6,3797,3797,232,
2024-05-10 11:38:00+05:30,3797,3798.8,3797,3797.3,390,
2024-05-10 11:39:00+05:30,3797.3,3798.75,3797,3797,369,
2024-05-10 11:40:00+05:30,3797,3797,3792.15,3793.6,1610,
2024-05-10 11:41:00+05:30,3792.75,3795.85,3792.25,3795.85,428,
2024-05-10 11:42:00+05:30,3795.85,3797,3794.3,3795.1,1013,
2024-05-10 11:43:00+05:30,3795.1,3797,3795.1,3796.8,140,
2024-05-10 11:44:00+05:30,3796.8,3797.5,3795.35,3797,1128,
2024-05-10 11:45:00+05:30,3797,3797.5,3795.25,3796.85,1083,
2024-05-10 11:46:00+05:30,3796.85,3797,3795.55,3797,92,
2024-05-10 11:47:00+05:30,3797,3797.5,3795.25,3795.25,1386,
2024-05-10 11:48:00+05:30,3795.25,3796.65,3795.25,3796.6,70,
2024-05-10 11:49:00+05:30,3796.6,3796.6,3793.05,3793.05,784,
2024-05-10 11:50:00+05:30,3794.9,3795,3792.3,3792.3,69,
2024-05-10 11:51:00+05:30,3792.3,3794.65,3792.3,3794.5,13,
2024-05-10 11:52:00+05:30,3794.5,3794.5,3792.75,3794.4,59,
2024-05-10 11:53:00+05:30,3794.4,3794.4,3791,3792.7,191,
2024-05-10 11:54:00+05:30,3792.7,3793.55,3790.6,3791,994,
2024-05-10 11:55:00+05:30,3791,3794.3,3791,3793,409,
2024-05-10 11:56:00+05:30,3793,3794.15,3793,3793.05,96,
2024-05-10 11:57:00+05:30,3794.15,3794.15,3790.75,3791,353,
2024-05-10 11:58:00+05:30,3791,3791.55,3789,3791.3,2468,
2024-05-10 11:59:00+05:30,3790,3793.65,3790,3793.65,76,
2024-05-10 12:00:00+05:30,3793.65,3796.2,3792.75,3795,310,
2024-05-10 12:01:00+05:30,3795,3796.8,3790,3791.6,1260,
2024-05-10 12:02:00+05:30,3791.35,3794,3790.25,3794,2561,
2024-05-10 12:03:00+05:30,3794,3797,3794,3796.55,713,
2024-05-10 12:04:00+05:30,3795,3796.65,3795,3796.65,271,
2024-05-10 12:05:00+05:30,3796.65,3796.65,3792.6,3795,888,
2024-05-10 12:06:00+05:30,3795,3795.95,3795,3795,181,
2024-05-10 12:07:00+05:30,3795,3796,3795,3796,432,
2024-05-10 12:08:00+05:30,3796,3796,3793.2,3795,87,
2024-05-10 12:09:00+05:30,3795,3797,3795,3796.2,282,
2024-05-10 12:10:00+05:30,3796.2,3796.2,3793.05,3795.95,92,
2024-05-10 12:11:00+05:30,3795.95,3796.85,3793.2,3796,517,
2024-05-10 12:12:00+05:30,3796,3796,3792.1,3793.85,91,
2024-05-10 12:13:00+05:30,3793.95,3793.95,3791,3791,69,
2024-05-10 12:14:00+05:30,3792.55,3792.85,3791,3792.85,114,
2024-05-10 12:15:00+05:30,3792.85,3793.65,3791,3792.95,115,
2024-05-10 12:16:00+05:30,3792.95,3794.35,3791,3794.35,132,
2024-05-10 12:17:00+05:30,3795,3795,3791.6,3793.8,182,
2024-05-10 12:18:00+05:30,3793.8,3794.9,3791.9,3793.2,93,
2024-05-10 12:19:00+05:30,3793.2,3793.5,3792,3793.5,84,
2024-05-10 12:20:00+05:30,3793.5,3793.5,3792,3792,159,
2024-05-10 12:21:00+05:30,3792,3793.5,3792,3793.5,77,
2024-05-10 12:22:00+05:30,3793.5,3793.9,3791.1,3792.1,131,
2024-05-10 12:23:00+05:30,3793.95,3794.2,3791.6,3794.2,134,
2024-05-10 12:24:00+05:30,3794.2,3794.2,3791.1,3792.95,262,
2024-05-10 12:25:00+05:30,3792.95,3793.65,3791.1,3792.75,126,
2024-05-10 12:26:00+05:30,3792.55,3792.55,3785.2,3785.2,1460,
2024-05-10 12:27:00+05:30,3785.2,3785.6,3781.25,3782.7,525,
2024-05-10 12:28:00+05:30,3782.7,3783.4,3780.6,3780.6,149,
2024-05-10 12:29:00+05:30,3780.6,3788,3780.05,3788,3653,
2024-05-10 12:30:00+05:30,3788,3791.65,3787.05,3789.2,454,
2024-05-10 12:31:00+05:30,3789.2,3791.5,3789.2,3791.5,253,
2024-05-10 12:32:00+05:30,3795.95,3795.95,3793.1,3794.8,369,
2024-05-10 12:33:00+05:30,3794.8,3797,3793.3,3795,250,
2024-05-10 12:34:00+05:30,3795,3797,3793.55,3794.15,85,
2024-05-10 12:35:00+05:30,3794.15,3795,3793.5,3793.5,86,
2024-05-10 12:36:00+05:30,3795.85,3795.85,3793.15,3795,116,
2024-05-10 12:37:00+05:30,3795,3795.25,3794.1,3794.2,215,
2024-05-10 12:38:00+05:30,3794.2,3795.3,3792.25,3792.25,690,
2024-05-10 12:39:00+05:30,3792.6,3793.2,3792.2,3792.2,77,
2024-05-10 12:40:00+05:30,3792.2,3794.05,3792.2,3793,93,
2024-05-10 12:41:00+05:30,3791.95,3792.7,3790,3790,166,
2024-05-10 12:42:00+05:30,3790,3793,3790,3792.95,210,
2024-05-10 12:43:00+05:30,3792.95,3792.95,3790.2,3790.2,96,
2024-05-10 12:44:00+05:30,3790.2,3791.85,3790.2,3791.75,119,
2024-05-10 12:45:00+05:30,3791.75,3791.75,3790.2,3791.55,159,
2024-05-10 12:46:00+05:30,3791.6,3791.6,3790,3790.65,290,
2024-05-10 12:47:00+05:30,3790.65,3791.6,3789.95,3791.6,1072,
2024-05-10 12:48:00+05:30,3791.6,3793,3790.9,3792.95,109,
2024-05-10 12:49:00+05:30,3792.95,3793,3791.15,3791.5,137,
2024-05-10 12:50:00+05:30,3791.5,3793,3791.2,3792.9,174,
2024-05-10 12:51:00+05:30,3792.9,3793,3791,3793,274,
2024-05-10 12:52:00+05:30,3793,3793,3791,3791.95,158,
2024-05-10 12:53:00+05:30,3792.6,3793,3791,3792.7,97,
2024-05-10 12:54:00+05:30,3792.7,3792.9,3790.9,3792.9,93,
2024-05-10 12:55:00+05:30,3792.9,3792.9,3790,3791.75,288,
2024-05-10 12:56:00+05:30,3791.75,3791.95,3790,3791.95,148,
2024-05-10 12:57:00+05:30,3791.95,3793,3791.3,3791.3,102,
2024-05-10 12:58:00+05:30,3791.3,3792.8,3790,3790.5,206,
2024-05-10 12:59:00+05:30,3790.5,3790.95,3790,3790.95,81,
2024-05-10 13:00:00+05:30,3790.95,3791.55,3790,3791.55,124,
2024-05-10 13:01:00+05:30,3791.55,3792,3789.5,3790,766,
2024-05-10 13:02:00+05:30,3790,3793,3790,3792.95,164,
2024-05-10 13:03:00+05:30,3792.95,3794.9,3791.65,3794,388,
2024-05-10 13:04:00+05:30,3794,3794,3790.95,3792.25,143,
2024-05-10 13:05:00+05:30,3792.25,3792.9,3790,3792.9,107,
2024-05-10 13:06:00+05:30,3792.9,3793,3791.5,3793,181,
2024-05-10 13:07:00+05:30,3793,3794.7,3791.5,3792,266,
2024-05-10 13:08:00+05:30,3792,3793.1,3791,3792.8,163,
2024-05-10 13:09:00+05:30,3792.8,3793.35,3791,3792.7,83,
2024-05-10 13:10:00+05:30,3792.7,3792.8,3791.3,3792.8,84,
2024-05-10 13:11:00+05:30,3792.95,3793.9,3790,3790,347,
2024-05-10 13:12:00+05:30,3790,3791.95,3790,3790,689,
2024-05-10 13:13:00+05:30,3790,3791,3789.8,3790.95,1050,
2024-05-10 13:14:00+05:30,3789.8,3790.85,3789.7,3790.3,211,
2024-05-10 13:15:00+05:30,3790.3,3790.9,3789.75,3790,1774,
2024-05-10 13:16:00+05:30,3790,3791,3790,3791,189,
2024-05-10 13:17:00+05:30,3791,3792,3789.75,3790.1,3246,
2024-05-10 13:18:00+05:30,3790.1,3790.65,3790,3790,791,
2024-05-10 13:19:00+05:30,3790,3790.2,3789,3790.2,4313,
2024-05-10 13:20:00+05:30,3790.2,3792,3790,3790.95,168,
2024-05-10 13:21:00+05:30,3790.95,3792,3783.85,3783.85,2795,
2024-05-10 13:22:00+05:30,3783.85,3785,3781.1,3781.1,855,
2024-05-10 13:23:00+05:30,3783.25,3783.25,3780,3780,3352,
2024-05-10 13:24:00+05:30,3780,3781.65,3778.15,3778.15,928,
2024-05-10 13:25:00+05:30,3777,3778.45,3775.15,3775.25,604,
2024-05-10 13:26:00+05:30,3775.25,3777.6,3775.05,3776.8,338,
2024-05-10 13:27:00+05:30,3776.1,3778.95,3775.1,3778,1221,
2024-05-10 13:28:00+05:30,3778,3779,3775.05,3777.4,1016,
2024-05-10 13:29:00+05:30,3777.4,3777.4,3775.1,3775.8,138,
2024-05-10 13:30:00+05:30,3775.8,3777.5,3773.2,3774.15,1397,
2024-05-10 13:31:00+05:30,3774.15,3779.95,3774.15,3779.95,628,
2024-05-10 13:32:00+05:30,3779.3,3781.95,3779.3,3781.95,249,
2024-05-10 13:33:00+05:30,3781.95,3781.95,3779,3779.1,274,
2024-05-10 13:34:00+05:30,3779.1,3779.1,3773.15,3778.6,504,
2024-05-10 13:35:00+05:30,3778.6,3778.95,3775.6,3778.95,356,
2024-05-10 13:36:00+05:30,3778.95,3779.35,3776.15,3776.4,244,
2024-05-10 13:37:00+05:30,3776.4,3777.95,3775,3776.75,224,
2024-05-10 13:38:00+05:30,3776.75,3777.45,3775.3,3777.45,264,
2024-05-10 13:39:00+05:30,3777.45,3778.9,3776.7,3776.7,164,
2024-05-10 13:40:00+05:30,3776.7,3779.25,3776.7,3778.65,211,
2024-05-10 13:41:00+05:30,3778.65,3779.85,3777.3,3779.85,161,
2024-05-10 13:42:00+05:30,3779.85,3779.85,3776.45,3777,303,
2024-05-10 13:43:00+05:30,3777,3780,3776,3777.95,224,
2024-05-10 13:44:00+05:30,3777.95,3777.95,3775.3,3775.8,158,
2024-05-10 13:45:00+05:30,3775.8,3777.65,3775.05,3777.15,352,
2024-05-10 13:46:00+05:30,3777.15,3779.4,3775.25,3776.15,171,
2024-05-10 13:47:00+05:30,3775.6,3777.55,3775.2,3777.05,175,
2024-05-10 13:48:00+05:30,3777.05,3777.05,3775.25,3777,116,
2024-05-10 13:49:00+05:30,3777,3778,3775.65,3778,97,
2024-05-10 13:50:00+05:30,3778,3779.4,3776.5,3779.4,113,
2024-05-10 13:51:00+05:30,3779.4,3783.9,3779.4,3782.5,393,
2024-05-10 13:52:00+05:30,3782.5,3782.5,3779.7,3781.1,151,
2024-05-10 13:53:00+05:30,3781.1,3782,3779.5,3782,148,
2024-05-10 13:54:00+05:30,3782,3783.8,3781,3783.7,237,
2024-05-10 13:55:00+05:30,3783.7,3783.7,3780,3782.75,321,
2024-05-10 13:56:00+05:30,3782.75,3782.75,3780.6,3782,129,
2024-05-10 13:57:00+05:30,3782,3782.15,3780.65,3780.65,249,
2024-05-10 13:58:00+05:30,3780.65,3782.35,3780.65,3781.3,141,
2024-05-10 13:59:00+05:30,3782.5,3782.5,3780.7,3782.1,208,
2024-05-10 14:00:00+05:30,3782.15,3782.15,3777.4,3777.4,705,
2024-05-10 14:01:00+05:30,3777.4,3781.7,3775.65,3781.7,443,
2024-05-10 14:02:00+05:30,3779.4,3781.7,3778.95,3779.95,262,
2024-05-10 14:03:00+05:30,3779.95,3780.65,3779,3780.35,116,
2024-05-10 14:04:00+05:30,3780.35,3780.8,3778.75,3779.95,233,
2024-05-10 14:05:00+05:30,3779.95,3783,3774.6,3783,3638,
2024-05-10 14:06:00+05:30,3781.75,3783.75,3780,3782.2,1995,
2024-05-10 14:07:00+05:30,3782.2,3785.5,3780.05,3785.5,3333,
2024-05-10 14:08:00+05:30,3783.35,3785.9,3782,3785.2,1270,
2024-05-10 14:09:00+05:30,3785.2,3787.8,3784,3786.45,492,
2024-05-10 14:10:00+05:30,3786.45,3789.8,3785.05,3787.8,647,
2024-05-10 14:11:00+05:30,3789,3789,3785,3786.75,245,
2024-05-10 14:12:00+05:30,3786,3786.9,3785.9,3785.9,897,
2024-05-10 14:13:00+05:30,3785.9,3785.9,3780.1,3782.15,2930,
2024-05-10 14:14:00+05:30,3782.15,3785,3780.35,3782.2,2102,
2024-05-10 14:15:00+05:30,3782.45,3784.75,3782,3782.25,426,
2024-05-10 14:16:00+05:30,3782.25,3788.45,3782.25,3786,1853,
2024-05-10 14:17:00+05:30,3787.1,3787.15,3785,3785,196,
2024-05-10 14:18:00+05:30,3785,3786.8,3785,3786.5,243,
2024-05-10 14:19:00+05:30,3786.5,3786.5,3785,3785.5,186,
2024-05-10 14:20:00+05:30,3785.5,3785.8,3783.8,3785.8,203,
2024-05-10 14:21:00+05:30,3785.8,3785.8,3785,3785.8,256,
2024-05-10 14:22:00+05:30,3785.8,3785.8,3785,3785.7,174,
2024-05-10 14:23:00+05:30,3785.65,3785.7,3785,3785,534,
2024-05-10 14:24:00+05:30,3785.65,3786.25,3781,3782,422,
2024-05-10 14:25:00+05:30,3782,3784,3782,3783.8,278,
2024-05-10 14:26:00+05:30,3782,3783.7,3782,3782.05,217,
2024-05-10 14:27:00+05:30,3782.05,3782.9,3782,3782,189,
2024-05-10 14:28:00+05:30,3782.35,3782.35,3782,3782,229,
2024-05-10 14:29:00+05:30,3782,3784.95,3782,3784.5,694,
2024-05-10 14:30:00+05:30,3784.4,3786.3,3783.25,3784.3,238,
2024-05-10 14:31:00+05:30,3784.3,3785.55,3782.25,3784.4,239,
2024-05-10 14:32:00+05:30,3785.1,3785.1,3782.2,3783.2,180,
2024-05-10 14:33:00+05:30,3783.2,3785.35,3782.2,3783.8,275,
2024-05-10 14:34:00+05:30,3783.8,3783.8,3775.85,3777.6,1175,
2024-05-10 14:35:00+05:30,3777.5,3779.05,3776.05,3779.05,282,
2024-05-10 14:36:00+05:30,3778.9,3779.2,3775.1,3776.7,392,
2024-05-10 14:37:00+05:30,3777.05,3778.45,3771.4,3771.4,2339,
2024-05-10 14:38:00+05:30,3773,3774.9,3771.5,3771.75,476,
2024-05-10 14:39:00+05:30,3773,3773.3,3770,3773.2,1164,
2024-05-10 14:40:00+05:30,3773.45,3773.9,3770.4,3770.65,465,
2024-05-10 14:41:00+05:30,3770.65,3773.35,3769.45,3771.5,1372,
2024-05-10 14:42:00+05:30,3771.5,3773.4,3770.55,3773,431,
2024-05-10 14:43:00+05:30,3772.7,3775,3768.2,3768.2,2995,
2024-05-10 14:44:00+05:30,3770.15,3770.2,3768,3770,524,
2024-05-10 14:45:00+05:30,3770,3774.95,3769.4,3772.8,1333,
2024-05-10 14:46:00+05:30,3773.15,3776.9,3771.05,3775.95,1045,
2024-05-10 14:47:00+05:30,3773.7,3775.95,3773.05,3774.25,379,
2024-05-10 14:48:00+05:30,3774.25,3775.5,3771.5,3773.4,474,
2024-05-10 14:49:00+05:30,3773.35,3775.5,3771.7,3775.5,373,
2024-05-10 14:50:00+05:30,3773.75,3775.5,3771.25,3774.2,614,
2024-05-10 14:51:00+05:30,3774.25,3777.65,3773.6,3775.3,1133,
2024-05-10 14:52:00+05:30,3777.1,3778,3775.05,3777.9,387,
2024-05-10 14:53:00+05:30,3777.9,3777.9,3775.1,3777.9,519,
2024-05-10 14:54:00+05:30,3777.9,3779.95,3776.05,3779.75,381,
2024-05-10 14:55:00+05:30,3780.05,3780.5,3777.05,3778.7,590,
2024-05-10 14:56:00+05:30,3778.75,3778.75,3775.05,3778.05,288,
2024-05-10 14:57:00+05:30,3778.1,3778.9,3776.95,3778.45,394,
2024-05-10 14:58:00+05:30,3778.9,3779.55,3775.4,3778.9,424,
2024-05-10 14:59:00+05:30,3778.9,3782,3777.65,3781.95,368,
2024-05-10 15:00:00+05:30,3781.95,3785.5,3781.95,3783,1317,
2024-05-10 15:01:00+05:30,3783.35,3786.8,3782.75,3786.8,878,
2024-05-10 15:02:00+05:30,3786.8,3787.9,3785.15,3787.9,897,
2024-05-10 15:03:00+05:30,3787.9,3791.15,3787.9,3789.8,913,
2024-05-10 15:04:00+05:30,3788.95,3791.9,3788.95,3791.1,689,
2024-05-10 15:05:00+05:30,3791.5,3792,3787.65,3790.3,1520,
2024-05-10 15:06:00+05:30,3791,3794.5,3789.6,3792.35,1461,
2024-05-10 15:07:00+05:30,3791,3793,3790.55,3792.3,840,
2024-05-10 15:08:00+05:30,3792.3,3794.7,3791.7,3794.35,699,
2024-05-10 15:09:00+05:30,3794.35,3797.15,3792.5,3797.15,1053,
2024-05-10 15:10:00+05:30,3797.15,3797.15,3792.2,3792.2,2590,
2024-05-10 15:11:00+05:30,3792.2,3796,3792.2,3795.35,1072,
2024-05-10 15:12:00+05:30,3795.35,3797.2,3793.45,3795.7,933,
2024-05-10 15:13:00+05:30,3795.7,3796.2,3793.8,3795,621,
2024-05-10 15:14:00+05:30,3795,3795,3789.05,3789.2,3716,
2024-05-10 15:15:00+05:30,3789.1,3790,3785.8,3787.5,1655,
2024-05-10 15:16:00+05:30,3787.75,3793.6,3787.1,3792.85,5642,
2024-05-10 15:17:00+05:30,3792.85,3796.05,3792.85,3795.6,576,
2024-05-10 15:18:00+05:30,3796.85,3797,3793.85,3796,1227,
2024-05-10 15:19:00+05:30,3796,3799,3796,3799,573,
2024-05-10 15:20:00+05:30,3799,3799.4,3798.7,3798.75,989,
2024-05-10 15:21:00+05:30,3798.75,3799,3798.6,3798.7,585,
2024-05-10 15:22:00+05:30,3798.75,3803.05,3798.75,3802,574,
2024-05-10 15:23:00+05:30,3802,3802.6,3801.15,3801.6,703,
2024-05-10 15:24:00+05:30,3801.55,3802,3800.6,3801.75,870,
2024-05-10 15:25:00+05:30,3801.75,3802,3800.05,3800.95,1448,
2024-05-10 15:26:00+05:30,3801.1,3802,3800.8,3801.7,2119,
2024-05-10 15:27:00+05:30,3801.7,3803,3799.9,3801.5,1731,
2024-05-10 15:28:00+05:30,3801.2,3801.7,3795.15,3795.15,1436,
2024-05-10 15:29:00+05:30,3795.15,3801.6,3788.2,3792.8,550,
2024-05-13 09:15:00+05:30,3776.1,3793.45,3724,3766.7,7582,
2024-05-13 09:16:00+05:30,3767.85,3791,3766.65,3778.6,5137,
2024-05-13 09:17:00+05:30,3782.3,3783.1,3766.4,3780.5,2846,
2024-05-13 09:18:00+05:30,3780.55,3790.75,3780.55,3789.85,1752,
2024-05-13 09:19:00+05:30,3787.3,3795,3787.3,3790,2011,
2024-05-13 09:20:00+05:30,3790,3797.8,3790,3794,299,
2024-05-13 09:21:00+05:30,3792,3792,3775.1,3780.6,2233,
2024-05-13 09:22:00+05:30,3780.6,3784.45,3778.45,3781.35,201,
2024-05-13 09:23:00+05:30,3781.35,3783.45,3772.6,3777.05,750,
2024-05-13 09:24:00+05:30,3777.05,3781.7,3777,3778.2,283,
2024-05-13 09:25:00+05:30,3778.2,3781.65,3774.55,3775.05,208,
2024-05-13 09:26:00+05:30,3778.05,3790.3,3776.55,3789.25,2022,
2024-05-13 09:27:00+05:30,3789.25,3791.4,3778.15,3780.3,419,
2024-05-13 09:28:00+05:30,3780.1,3785.95,3778.3,3785.9,206,
2024-05-13 09:29:00+05:30,3785.9,3791.15,3784.05,3790,235,
2024-05-13 09:30:00+05:30,3791.05,3798.9,3790.3,3795.6,5208,
2024-05-13 09:31:00+05:30,3795.6,3800.25,3795.6,3798.85,1890,
2024-05-13 09:32:00+05:30,3798.85,3803.15,3795.6,3800,4046,
2024-05-13 09:33:00+05:30,3800,3800.8,3797,3797,450,
2024-05-13 09:34:00+05:30,3797,3797.35,3790.05,3792.3,1517,
2024-05-13 09:35:00+05:30,3790,3793,3787.55,3787.55,581,
2024-05-13 09:36:00+05:30,3787.65,3791.65,3787.05,3789.3,522,
2024-05-13 09:37:00+05:30,3786.55,3790,3785.1,3785.25,388,
2024-05-13 09:38:00+05:30,3785.25,3787.35,3784.65,3784.65,121,
2024-05-13 09:39:00+05:30,3784.65,3785,3780.15,3780.15,1183,
2024-05-13 09:40:00+05:30,3782.5,3782.65,3780,3780,61,
2024-05-13 09:41:00+05:30,3780,3783.4,3779.05,3780.05,384,
2024-05-13 09:42:00+05:30,3780.05,3782,3779.05,3782,208,
2024-05-13 09:43:00+05:30,3782,3782,3779.05,3779.1,182,
2024-05-13 09:44:00+05:30,3779.1,3784.25,3779.1,3780.1,99,
2024-05-13 09:45:00+05:30,3780.1,3787.05,3780.1,3785.7,253,
2024-05-13 09:46:00+05:30,3787.35,3787.35,3783.25,3785.4,281,
2024-05-13 09:47:00+05:30,3783.35,3788,3783.2,3788,88,
2024-05-13 09:48:00+05:30,3788,3791.25,3787.4,3788.05,1553,
2024-05-13 09:49:00+05:30,3788.05,3790.45,3785.05,3790.45,115,
2024-05-13 09:50:00+05:30,3790.45,3790.45,3783.7,3784.35,176,
2024-05-13 09:51:00+05:30,3784.35,3785,3780.4,3785,1203,
2024-05-13 09:52:00+05:30,3785,3790.35,3782,3790.35,1029,
2024-05-13 09:53:00+05:30,3790.35,3790.35,3784.6,3788,177,
2024-05-13 09:54:00+05:30,3788,3789.95,3784.05,3786.1,90,
2024-05-13 09:55:00+05:30,3786.1,3786.7,3785.1,3786.7,89,
2024-05-13 09:56:00+05:30,3786.7,3788,3784.5,3787.25,147,
2024-05-13 09:57:00+05:30,3787.25,3788.75,3787.25,3787.25,219,
2024-05-13 09:58:00+05:30,3787.25,3788.95,3786.45,3786.45,34,
2024-05-13 09:59:00+05:30,3786.45,3788.75,3785.05,3786.05,86,
2024-05-13 10:00:00+05:30,3786.05,3789.45,3786.05,3786.55,31,
2024-05-13 10:01:00+05:30,3786.55,3786.65,3770.1,3770.1,2621,
2024-05-13 10:02:00+05:30,3770.1,3775.45,3770.1,3774.05,748,
2024-05-13 10:03:00+05:30,3774.05,3775.45,3772.1,3773.3,400,
2024-05-13 10:04:00+05:30,3773.3,3775,3772.1,3772.15,75,
2024-05-13 10:05:00+05:30,3772.15,3775.95,3769,3775.4,1121,
2024-05-13 10:06:00+05:30,3775.4,3776.05,3769.05,3769.15,222,
2024-05-13 10:07:00+05:30,3769.15,3773.55,3769,3770.1,398,
2024-05-13 10:08:00+05:30,3770.1,3771.45,3768.05,3771.45,1357,
2024-05-13 10:09:00+05:30,3771.45,3778.4,3770.1,3778,1734,
2024-05-13 10:10:00+05:30,3778,3779.25,3776.65,3777,1294,
2024-05-13 10:11:00+05:30,3777.55,3778.45,3773.6,3777,241,
2024-05-13 10:12:00+05:30,3777,3778.9,3777,3778.9,138,
2024-05-13 10:13:00+05:30,3778.9,3779.95,3776.05,3779.85,230,
2024-05-13 10:14:00+05:30,3779.85,3779.9,3776.55,3777.85,104,
2024-05-13 10:15:00+05:30,3777.85,3779.8,3777.4,3779.8,31,
2024-05-13 10:16:00+05:30,3779.8,3779.8,3777.05,3777.65,25,
2024-05-13 10:17:00+05:30,3776.65,3779.9,3776.65,3779.9,137,
2024-05-13 10:18:00+05:30,3777.4,3779.95,3777.35,3779,93,
2024-05-13 10:19:00+05:30,3779,3779.95,3775.6,3779.95,25,
2024-05-13 10:20:00+05:30,3779.95,3779.95,3777.5,3779.25,24,
2024-05-13 10:21:00+05:30,3779.25,3779.25,3775.05,3779,141,
2024-05-13 10:22:00+05:30,3779,3792.6,3779,3791.95,2471,
2024-05-13 10:23:00+05:30,3791.95,3795,3789.05,3793.85,1697,
2024-05-13 10:24:00+05:30,3793.85,3799,3792.45,3792.45,529,
2024-05-13 10:25:00+05:30,3792.45,3798.95,3792.45,3797.95,1077,
2024-05-13 10:26:00+05:30,3797.95,3800,3795.8,3800,301,
2024-05-13 10:27:00+05:30,3800,3800,3797.05,3799.9,999,
2024-05-13 10:28:00+05:30,3799.9,3800,3796.05,3797.35,129,
2024-05-13 10:29:00+05:30,3797.35,3800,3797,3798.65,63,
2024-05-13 10:30:00+05:30,3798.65,3799.95,3795,3795.45,150,
2024-05-13 10:31:00+05:30,3795.45,3799,3795.45,3798.75,144,
2024-05-13 10:32:00+05:30,3798.75,3798.75,3797.95,3797.95,142,
2024-05-13 10:33:00+05:30,3797.95,3798,3794.55,3796.45,1154,
2024-05-13 10:34:00+05:30,3796.45,3796.45,3792.6,3794.85,109,
2024-05-13 10:35:00+05:30,3792.6,3795,3791.45,3794,588,
2024-05-13 10:36:00+05:30,3794,3796.95,3792.1,3796.55,486,
2024-05-13 10:37:00+05:30,3796.55,3796.55,3791.2,3795.15,1192,
2024-05-13 10:38:00+05:30,3795.15,3795.2,3793,3795,44,
2024-05-13 10:39:00+05:30,3795,3795,3789.2,3789.2,458,
2024-05-13 10:40:00+05:30,3791.8,3792.5,3782,3784.65,900,
2024-05-13 10:41:00+05:30,3784.65,3785,3782.1,3784.95,48,
2024-05-13 10:42:00+05:30,3784.95,3784.95,3781,3782.45,195,
2024-05-13 10:43:00+05:30,3783.2,3784,3780.15,3784,633,
2024-05-13 10:44:00+05:30,3784,3784,3781.55,3782.7,67,
2024-05-13 10:45:00+05:30,3782.7,3782.7,3779.8,3781.95,92,
2024-05-13 10:46:00+05:30,3781.95,3784.85,3779.65,3782.5,834,
2024-05-13 10:47:00+05:30,3784.85,3784.85,3782.5,3782.85,28,
2024-05-13 10:48:00+05:30,3782.85,3783.7,3780.05,3783.4,672,
2024-05-13 10:49:00+05:30,3783,3784.85,3780.65,3782.5,74,
2024-05-13 10:50:00+05:30,3784.8,3784.8,3780,3780,1104,
2024-05-13 10:51:00+05:30,3780,3780,3777.5,3779.5,21,
2024-05-13 10:52:00+05:30,3779.5,3780,3777.7,3778,103,
2024-05-13 10:53:00+05:30,3778,3783.7,3778,3783.7,232,
2024-05-13 10:54:00+05:30,3783.7,3786,3783.7,3786,306,
2024-05-13 10:55:00+05:30,3786,3788.5,3785.95,3788.35,118,
2024-05-13 10:56:00+05:30,3788.35,3788.35,3781.4,3784.05,231,
2024-05-13 10:57:00+05:30,3784.05,3784.05,3775.7,3778.35,217,
2024-05-13 10:58:00+05:30,3778.35,3781.9,3777.7,3781.9,136,
2024-05-13 10:59:00+05:30,3781.9,3784.9,3781.9,3784.35,256,
2024-05-13 11:00:00+05:30,3784.35,3785.05,3781.15,3785.05,47,
2024-05-13 11:01:00+05:30,3785.05,3785.6,3781.1,3785.55,193,
2024-05-13 11:02:00+05:30,3785.55,3786.45,3782,3783.75,316,
2024-05-13 11:03:00+05:30,3783.75,3785.05,3780.15,3784.95,125,
2024-05-13 11:04:00+05:30,3784.95,3784.95,3781.25,3784.9,105,
2024-05-13 11:05:00+05:30,3784.9,3787.75,3781.95,3787.75,105,
2024-05-13 11:06:00+05:30,3787.75,3794,3787.75,3790.95,232,
2024-05-13 11:07:00+05:30,3790.95,3795,3789.65,3795,93,
2024-05-13 11:08:00+05:30,3795,3801.9,3794.95,3801.9,814,
2024-05-13 11:09:00+05:30,3801,3802,3799.35,3799.35,518,
2024-05-13 11:10:00+05:30,3799.35,3802,3797.2,3802,84,
2024-05-13 11:11:00+05:30,3802,3809.15,3801.75,3802,1869,
2024-05-13 11:12:00+05:30,3803.1,3806.8,3800.05,3806.75,614,
2024-05-13 11:13:00+05:30,3807,3808,3804.85,3807.5,529,
2024-05-13 11:14:00+05:30,3808,3814.6,3807.5,3812.9,1009,
2024-05-13 11:15:00+05:30,3812.9,3822.95,3812.5,3819,1801,
2024-05-13 11:16:00+05:30,3819,3825,3817.85,3824.95,1408,
2024-05-13 11:17:00+05:30,3824.95,3830,3823.95,3830,1464,
2024-05-13 11:18:00+05:30,3830,3842,3828.1,3842,3347,
2024-05-13 11:19:00+05:30,3842,3849.8,3840,3849.8,11557,
2024-05-13 11:20:00+05:30,3849.8,3869.9,3844.35,3869.9,6447,
2024-05-13 11:21:00+05:30,3869.9,3871.45,3844.35,3848,4521,
2024-05-13 11:22:00+05:30,3848,3851.1,3845.65,3848,1048,
2024-05-13 11:23:00+05:30,3847.55,3848.9,3841.05,3844,1429,
2024-05-13 11:24:00+05:30,3844,3849.95,3844,3845.2,634,
2024-05-13 11:25:00+05:30,3845.2,3847.75,3842.8,3847.75,857,
2024-05-13 11:26:00+05:30,3847.75,3847.75,3842,3842.75,500,
2024-05-13 11:27:00+05:30,3842.75,3844.95,3837.3,3839.5,554,
2024-05-13 11:28:00+05:30,3839.5,3839.9,3835,3839.9,937,
2024-05-13 11:29:00+05:30,3839.9,3845.2,3839.9,3845.2,815,
2024-05-13 11:30:00+05:30,3846.2,3857.9,3846.2,3857.9,2560,
2024-05-13 11:31:00+05:30,3857.9,3865,3857.25,3865,1425,
2024-05-13 11:32:00+05:30,3865,3871,3863,3869.95,4153,
2024-05-13 11:33:00+05:30,3869.95,3869.95,3862,3863.6,1133,
2024-05-13 11:34:00+05:30,3863.6,3863.6,3855.35,3857.2,2494,
2024-05-13 11:35:00+05:30,3857.2,3860.15,3855.5,3860.15,3899,
2024-05-13 11:36:00+05:30,3860.15,3863.35,3855.35,3858.45,10100,
2024-05-13 11:37:00+05:30,3858.45,3861.9,3851.8,3861.05,5795,
2024-05-13 11:38:00+05:30,3861.05,3861.9,3853.45,3854.4,2289,
2024-05-13 11:39:00+05:30,3854.4,3857,3854.4,3856.45,110,
2024-05-13 11:40:00+05:30,3856.45,3856.7,3851,3853.05,1278,
2024-05-13 11:41:00+05:30,3853.05,3853.15,3848.3,3853,883,
2024-05-13 11:42:00+05:30,3853,3853,3848.4,3850,569,
2024-05-13 11:43:00+05:30,3850,3853.1,3850,3853.1,354,
2024-05-13 11:44:00+05:30,3853.1,3855,3851.25,3852.7,76,
2024-05-13 11:45:00+05:30,3852.7,3852.7,3844.2,3844.2,300,
2024-05-13 11:46:00+05:30,3844.2,3848.8,3843.1,3847,241,
2024-05-13 11:47:00+05:30,3847,3847,3842.95,3843,87,
2024-05-13 11:48:00+05:30,3843,3846.95,3841.2,3845.95,942,
2024-05-13 11:49:00+05:30,3845.95,3846.15,3842.45,3845.75,795,
2024-05-13 11:50:00+05:30,3845.75,3847.95,3844.15,3847.95,444,
2024-05-13 11:51:00+05:30,3847.95,3847.95,3845.05,3847.75,362,
2024-05-13 11:52:00+05:30,3847.75,3847.75,3845.25,3846.5,120,
2024-05-13 11:53:00+05:30,3846.5,3846.5,3841.8,3842,69,
2024-05-13 11:54:00+05:30,3842,3848.5,3842,3848.45,670,
2024-05-13 11:55:00+05:30,3848.45,3852.95,3846.75,3848.15,1106,
2024-05-13 11:56:00+05:30,3848.15,3852.3,3848.15,3850.5,229,
2024-05-13 11:57:00+05:30,3850.5,3858.8,3849.5,3858.8,471,
2024-05-13 11:58:00+05:30,3858.8,3865,3856.4,3865,1614,
2024-05-13 11:59:00+05:30,3865,3865,3861.05,3865,564,
2024-05-13 12:00:00+05:30,3865,3867.75,3864.45,3866,1101,
2024-05-13 12:01:00+05:30,3865.65,3881.3,3865.65,3881.3,3804,
2024-05-13 12:02:00+05:30,3881.3,3882.3,3877,3877,1528,
2024-05-13 12:03:00+05:30,3877,3883.6,3876.65,3883.5,1847,
2024-05-13 12:04:00+05:30,3883.5,3888.2,3880.65,3886,2308,
2024-05-13 12:05:00+05:30,3885.55,3885.55,3877.55,3880.4,2680,
2024-05-13 12:06:00+05:30,3882.5,3887.55,3880.55,3883.75,1429,
2024-05-13 12:07:00+05:30,3883.75,3887.55,3883.75,3887,992,
2024-05-13 12:08:00+05:30,3887,3888.2,3885,3888.2,1206,
2024-05-13 12:09:00+05:30,3888.2,3888.95,3880.65,3882,1620,
2024-05-13 12:10:00+05:30,3882,3889.45,3882,3886.75,3643,
2024-05-13 12:11:00+05:30,3889.35,3895,3887,3893.2,3357,
2024-05-13 12:12:00+05:30,3893.2,3903.2,3890,3903.2,9632,
2024-05-13 12:13:00+05:30,3901.55,3909.9,3901.55,3903.45,7669,
2024-05-13 12:14:00+05:30,3905.9,3905.9,3900.1,3900.65,2639,
2024-05-13 12:15:00+05:30,3900.65,3905.8,3898.3,3905.7,2386,
2024-05-13 12:16:00+05:30,3905.05,3906,3897,3897.9,4511,
2024-05-13 12:17:00+05:30,3897.95,3900.45,3887.2,3888.4,2258,
2024-05-13 12:18:00+05:30,3887.25,3893,3887.25,3889.4,1104,
2024-05-13 12:19:00+05:30,3889.4,3889.75,3885.5,3889.1,912,
2024-05-13 12:20:00+05:30,3886.95,3894.5,3886.3,3892.9,1153,
2024-05-13 12:21:00+05:30,3892.9,3896.95,3889.75,3895.75,708,
2024-05-13 12:22:00+05:30,3896.85,3903.05,3894,3902.95,1020,
2024-05-13 12:23:00+05:30,3900.5,3902.95,3900.45,3902.2,836,
2024-05-13 12:24:00+05:30,3902.2,3903,3898.9,3900.05,918,
2024-05-13 12:25:00+05:30,3900.05,3908.95,3897.95,3906.85,2615,
2024-05-13 12:26:00+05:30,3906.95,3907.1,3902.55,3906.85,725,
2024-05-13 12:27:00+05:30,3906.85,3908.1,3903.05,3906,1314,
2024-05-13 12:28:00+05:30,3906,3910,3902,3906.1,2858,
2024-05-13 12:29:00+05:30,3906.1,3906.9,3904.5,3906.9,616,
2024-05-13 12:30:00+05:30,3906.9,3909.4,3905.65,3909.4,861,
2024-05-13 12:31:00+05:30,3909.4,3919,3908,3913,5497,
2024-05-13 12:32:00+05:30,3910.7,3914,3908.2,3910,930,
2024-05-13 12:33:00+05:30,3910.5,3914.3,3903.25,3904.75,3858,
2024-05-13 12:34:00+05:30,3904.75,3905,3893.7,3894.8,4349,
2024-05-13 12:35:00+05:30,3891.9,3894.8,3886,3894.75,2712,
2024-05-13 12:36:00+05:30,3894.8,3898,3893.05,3897,1352,
2024-05-13 12:37:00+05:30,3897,3897.85,3895,3896,697,
2024-05-13 12:38:00+05:30,3896,3897.5,3895.05,3897.5,621,
2024-05-13 12:39:00+05:30,3897.5,3898,3894.95,3896.95,1086,
2024-05-13 12:40:00+05:30,3896.3,3896.9,3891.15,3894.25,1315,
2024-05-13 12:41:00+05:30,3894.25,3896.95,3885.15,3890,1709,
2024-05-13 12:42:00+05:30,3890,3890,3886.9,3889.7,955,
2024-05-13 12:43:00+05:30,3889.7,3890,3887,3887.25,707,
2024-05-13 12:44:00+05:30,3888.7,3889.5,3886,3886.35,766,
2024-05-13 12:45:00+05:30,3886.35,3888.55,3886,3887.75,564,
2024-05-13 12:46:00+05:30,3887.75,3888,3884.9,3887.95,2282,
2024-05-13 12:47:00+05:30,3887.95,3888.45,3885,3886.25,542,
2024-05-13 12:48:00+05:30,3887.4,3888,3885.45,3885.5,343,
2024-05-13 12:49:00+05:30,3886.75,3886.95,3883.6,3884.2,1203,
2024-05-13 12:50:00+05:30,3886,3886,3883.5,3885.85,637,
2024-05-13 12:51:00+05:30,3885.95,3886,3883.55,3885,670,
2024-05-13 12:52:00+05:30,3886,3886.9,3883.5,3886.9,1195,
2024-05-13 12:53:00+05:30,3885.2,3888.35,3884.8,3888.3,1212,
2024-05-13 12:54:00+05:30,3888.35,3890,3886.55,3887.95,1012,
2024-05-13 12:55:00+05:30,3886.45,3888,3885.7,3886.8,443,
2024-05-13 12:56:00+05:30,3888,3888,3886.05,3887.95,349,
2024-05-13 12:57:00+05:30,3887.95,3888.5,3886,3888.4,607,
2024-05-13 12:58:00+05:30,3888.4,3888.45,3885.6,3887.9,661,
2024-05-13 12:59:00+05:30,3887.9,3888.5,3885.85,3888.4,1141,
2024-05-13 13:00:00+05:30,3888.4,3895.7,3887.45,3891,2767,
2024-05-13 13:01:00+05:30,3891,3892.8,3886.55,3890.95,1781,
2024-05-13 13:02:00+05:30,3892.75,3893.75,3891,3893.45,1004,
2024-05-13 13:03:00+05:30,3893.45,3895.7,3891.3,3895.5,1001,
2024-05-13 13:04:00+05:30,3895.5,3897,3893.95,3896.9,467,
2024-05-13 13:05:00+05:30,3897,3898,3895.15,3896.55,1270,
2024-05-13 13:06:00+05:30,3897.95,3898.9,3895.4,3895.4,529,
2024-05-13 13:07:00+05:30,3895.4,3898,3894.05,3896.6,664,
2024-05-13 13:08:00+05:30,3896.85,3900,3894.3,3899.55,846,
2024-05-13 13:09:00+05:30,3899.55,3904.5,3898.55,3904.45,1277,
2024-05-13 13:10:00+05:30,3901.65,3904.95,3901,3902.2,2385,
2024-05-13 13:11:00+05:30,3902,3905,3901.55,3904.65,666,
2024-05-13 13:12:00+05:30,3904.25,3905.95,3902.05,3903.45,836,
2024-05-13 13:13:00+05:30,3905.15,3906.55,3903.45,3903.6,1125,
2024-05-13 13:14:00+05:30,3903.6,3906.95,3903.6,3904.45,420,
2024-05-13 13:15:00+05:30,3906.45,3907,3904.4,3905.25,468,
2024-05-13 13:16:00+05:30,3905.25,3907,3905.2,3907,393,
2024-05-13 13:17:00+05:30,3907,3907.1,3901.1,3901.15,1893,
2024-05-13 13:18:00+05:30,3901.15,3902.45,3896,3897.7,1193,
2024-05-13 13:19:00+05:30,3897.7,3897.7,3891.95,3895,1106,
2024-05-13 13:20:00+05:30,3893.8,3903.9,3893.8,3899.1,650,
2024-05-13 13:21:00+05:30,3901.7,3903.85,3900.05,3902.85,596,
2024-05-13 13:22:00+05:30,3902.85,3903,3897.3,3897.3,788,
2024-05-13 13:23:00+05:30,3896,3901.3,3894,3896.6,1360,
2024-05-13 13:24:00+05:30,3895.6,3898.9,3893,3896.7,1381,
2024-05-13 13:25:00+05:30,3896.7,3899,3894.5,3897.45,446,
2024-05-13 13:26:00+05:30,3897.45,3900.6,3883.45,3884,5953,
2024-05-13 13:27:00+05:30,3884,3888.35,3883,3884.95,3036,
2024-05-13 13:28:00+05:30,3883.05,3886.3,3882.5,3885.25,1064,
2024-05-13 13:29:00+05:30,3885.25,3886.35,3882.95,3883,381,
2024-05-13 13:30:00+05:30,3883,3884.7,3881.5,3881.5,666,
2024-05-13 13:31:00+05:30,3882,3884.8,3878.2,3883,5003,
2024-05-13 13:32:00+05:30,3884.75,3885.8,3881.25,3883,942,
2024-05-13 13:33:00+05:30,3883,3883,3877.5,3880.95,878,
2024-05-13 13:34:00+05:30,3881.05,3883.9,3879.75,3883,402,
2024-05-13 13:35:00+05:30,3882.55,3889.55,3880.9,3886.6,1298,
2024-05-13 13:36:00+05:30,3885.5,3890.65,3885.5,3890.65,567,
2024-05-13 13:37:00+05:30,3890.65,3892.55,3886.85,3892.55,1066,
2024-05-13 13:38:00+05:30,3890.45,3894,3890.3,3894,963,
2024-05-13 13:39:00+05:30,3894,3895.05,3891,3892.6,540,
2024-05-13 13:40:00+05:30,3892.6,3895,3889.05,3890.9,2369,
2024-05-13 13:41:00+05:30,3892.7,3896,3890.9,3895.7,445,
2024-05-13 13:42:00+05:30,3895.7,3897.7,3892.65,3895.25,1309,
2024-05-13 13:43:00+05:30,3896.25,3898.9,3894.05,3895.15,645,
2024-05-13 13:44:00+05:30,3896.9,3899,3894.05,3897.85,995,
2024-05-13 13:45:00+05:30,3897.85,3899,3895.7,3897.55,437,
2024-05-13 13:46:00+05:30,3897.55,3899.75,3895.05,3898,797,
2024-05-13 13:47:00+05:30,3897.95,3899.9,3890,3891.75,1960,
2024-05-13 13:48:00+05:30,3891.75,3896.75,3891.75,3895.35,955,
2024-05-13 13:49:00+05:30,3895.3,3898.2,3892.65,3897.95,642,
2024-05-13 13:50:00+05:30,3897.95,3898.75,3895.85,3898.75,427,
2024-05-13 13:51:00+05:30,3898.9,3907.1,3897.65,3907.1,1411,
2024-05-13 13:52:00+05:30,3907.95,3914.95,3905.35,3913.95,3152,
2024-05-13 13:53:00+05:30,3913.95,3915,3908.45,3914.2,987,
2024-05-13 13:54:00+05:30,3914.2,3916.95,3912.8,3916.9,3129,
2024-05-13 13:55:00+05:30,3916.9,3917,3913.25,3916.95,2041,
2024-05-13 13:56:00+05:30,3917.55,3918.35,3914.15,3915.9,1647,
2024-05-13 13:57:00+05:30,3915.9,3918,3914.9,3916.6,2068,
2024-05-13 13:58:00+05:30,3916.6,3918,3911.95,3915,2117,
2024-05-13 13:59:00+05:30,3915.9,3917.85,3913.1,3915.3,1528,
2024-05-13 14:00:00+05:30,3915.3,3917.8,3914,3916,1382,
2024-05-13 14:01:00+05:30,3916,3916.8,3910.05,3910.05,1934,
2024-05-13 14:02:00+05:30,3912.35,3913.55,3906.6,3906.6,1756,
2024-05-13 14:03:00+05:30,3908.65,3911.9,3906.1,3911.3,3412,
2024-05-13 14:04:00+05:30,3911.3,3912.85,3911,3911,1362,
2024-05-13 14:05:00+05:30,3912.25,3915,3909.95,3915,2206,
2024-05-13 14:06:00+05:30,3915,3915,3911.35,3914.5,1489,
2024-05-13 14:07:00+05:30,3914.95,3915,3912,3913.1,1850,
2024-05-13 14:08:00+05:30,3913.85,3915,3912,3914.05,1633,
2024-05-13 14:09:00+05:30,3914.15,3915,3912,3912.55,1607,
2024-05-13 14:10:00+05:30,3914.15,3914.9,3912,3913.95,1341,
2024-05-13 14:11:00+05:30,3913.95,3914.9,3912,3914.5,1956,
2024-05-13 14:12:00+05:30,3914.5,3916,3912,3915.75,2523,
2024-05-13 14:13:00+05:30,3915.9,3916,3914.25,3915.95,1179,
2024-05-13 14:14:00+05:30,3915.95,3916,3914,3915,1490,
2024-05-13 14:15:00+05:30,3914.95,3917,3912.05,3914.95,2351,
2024-05-13 14:16:00+05:30,3913.15,3915,3912,3913.9,1346,
2024-05-13 14:17:00+05:30,3912.6,3915,3912,3914.85,1193,
2024-05-13 14:18:00+05:30,3913,3915,3912.9,3913.85,1507,
2024-05-13 14:19:00+05:30,3913.65,3915.8,3912.1,3914.15,1760,
2024-05-13 14:20:00+05:30,3914.7,3914.9,3912,3912.95,1246,
2024-05-13 14:21:00+05:30,3912,3914.45,3912,3912.2,1045,
2024-05-13 14:22:00+05:30,3912.25,3914.8,3911.5,3914,1453,
2024-05-13 14:23:00+05:30,3914,3923.7,3911.5,3922.45,7229,
2024-05-13 14:24:00+05:30,3923.65,3924,3920.1,3920.9,1853,
2024-05-13 14:25:00+05:30,3922.85,3922.9,3916.3,3920.25,1996,
2024-05-13 14:26:00+05:30,3920.25,3922,3918.1,3921.95,1210,
2024-05-13 14:27:00+05:30,3921.7,3922.3,3917.15,3922,1604,
2024-05-13 14:28:00+05:30,3922,3923.1,3920.2,3921,1118,
2024-05-13 14:29:00+05:30,3922.4,3924,3920,3922.65,1475,
2024-05-13 14:30:00+05:30,3923.05,3933.2,3920,3933.2,4979,
2024-05-13 14:31:00+05:30,3931.9,3933.2,3930,3930,1092,
2024-05-13 14:32:00+05:30,3930,3931,3924.2,3926.8,10867,
2024-05-13 14:33:00+05:30,3926.8,3926.8,3916.5,3918.55,7656,
2024-05-13 14:34:00+05:30,3917.95,3920,3916,3918.9,3469,
2024-05-13 14:35:00+05:30,3918.6,3920.4,3913,3919.9,2300,
2024-05-13 14:36:00+05:30,3917.9,3922,3917.55,3920,969,
2024-05-13 14:37:00+05:30,3921.95,3922,3920,3920.15,647,
2024-05-13 14:38:00+05:30,3922,3922,3917.9,3921.35,1254,
2024-05-13 14:39:00+05:30,3921.4,3922,3918.7,3921.95,1533,
2024-05-13 14:40:00+05:30,3922,3922,3920,3921.65,501,
2024-05-13 14:41:00+05:30,3921.8,3922,3920,3921.8,1544,
2024-05-13 14:42:00+05:30,3921.75,3922,3920,3921.7,736,
2024-05-13 14:43:00+05:30,3921.8,3922,3920,3921.95,2180,
2024-05-13 14:44:00+05:30,3921.95,3922.7,3920.05,3922.7,1744,
2024-05-13 14:45:00+05:30,3923.3,3925,3920.6,3920.7,3192,
2024-05-13 14:46:00+05:30,3922.45,3924.95,3920.75,3924.9,488,
2024-05-13 14:47:00+05:30,3924.9,3925,3923.05,3924.85,510,
2024-05-13 14:48:00+05:30,3924.95,3925,3923.25,3925,684,
2024-05-13 14:49:00+05:30,3924.9,3925,3923.5,3925,705,
2024-05-13 14:50:00+05:30,3925,3925,3917.75,3920.7,6267,
2024-05-13 14:51:00+05:30,3919.65,3925,3917.3,3925,3045,
2024-05-13 14:52:00+05:30,3922.85,3925,3921.45,3924.6,638,
2024-05-13 14:53:00+05:30,3924.9,3925,3921.35,3923.45,824,
2024-05-13 14:54:00+05:30,3923.5,3924.25,3920,3923.75,853,
2024-05-13 14:55:00+05:30,3923.75,3923.95,3922,3923.7,571,
2024-05-13 14:56:00+05:30,3923.7,3924,3922,3922.3,643,
2024-05-13 14:57:00+05:30,3923.95,3924.85,3920,3922.45,853,
2024-05-13 14:58:00+05:30,3921.05,3922.45,3920,3920.75,905,
2024-05-13 14:59:00+05:30,3920.7,3922,3920,3920,507,
2024-05-13 15:00:00+05:30,3921.4,3922.5,3918.5,3920.05,1679,
2024-05-13 15:01:00+05:30,3920,3920,3914.1,3919.75,7034,
2024-05-13 15:02:00+05:30,3919.65,3922.6,3918.2,3921.2,2068,
2024-05-13 15:03:00+05:30,3921.2,3922.1,3920,3921.85,930,
2024-05-13 15:04:00+05:30,3921.2,3925,3920.2,3923.3,1455,
2024-05-13 15:05:00+05:30,3925,3925,3921.05,3924.15,1270,
2024-05-13 15:06:00+05:30,3922.25,3925,3922.05,3922.65,1391,
2024-05-13 15:07:00+05:30,3924.45,3924.8,3917.65,3921.15,5062,
2024-05-13 15:08:00+05:30,3923.15,3923.55,3916.05,3917.95,3010,
2024-05-13 15:09:00+05:30,3917.95,3920,3917.3,3919.5,2699,
2024-05-13 15:10:00+05:30,3919.9,3920,3916.2,3918.1,2169,
2024-05-13 15:11:00+05:30,3918.05,3920,3917.95,3918.8,3341,
2024-05-13 15:12:00+05:30,3918.8,3920.95,3918.3,3920.9,1952,
2024-05-13 15:13:00+05:30,3920.95,3920.95,3918,3920.65,4364,
2024-05-13 15:14:00+05:30,3920,3920.55,3916.55,3919.3,3067,
2024-05-13 15:15:00+05:30,3919.4,3919.95,3916.3,3917,3678,
2024-05-13 15:16:00+05:30,3917,3918.75,3915.2,3916.55,4467,
2024-05-13 15:17:00+05:30,3916.6,3918.95,3915.9,3916.85,4168,
2024-05-13 15:18:00+05:30,3916.85,3919.5,3916.45,3918.95,4154,
2024-05-13 15:19:00+05:30,3918.95,3920.9,3916.35,3916.35,3348,
2024-05-13 15:20:00+05:30,3916.1,3917.05,3910,3910,10074,
2024-05-13 15:21:00+05:30,3910.45,3912.8,3905.05,3907.3,9585,
2024-05-13 15:22:00+05:30,3907.3,3909.35,3905.05,3905.45,7325,
2024-05-13 15:23:00+05:30,3905.4,3908.75,3905.05,3906,8250,
2024-05-13 15:24:00+05:30,3906,3906.85,3903.5,3903.5,7246,
2024-05-13 15:25:00+05:30,3903.5,3905.45,3898.05,3898.05,8246,
2024-05-13 15:26:00+05:30,3898.05,3903.95,3898.05,3898.5,8635,
2024-05-13 15:27:00+05:30,3898.8,3901.95,3898.25,3900.1,9283,
2024-05-13 15:28:00+05:30,3900.1,3903.7,3899.95,3902.2,2434,
2024-05-13 15:29:00+05:30,3903.7,3904,3902.05,3904,2236,
2024-05-14 09:15:00+05:30,3900,3902.7,3875.55,3884.25,9782,
2024-05-14 09:16:00+05:30,3884.25,3888,3879.15,3885.05,971,
2024-05-14 09:17:00+05:30,3885.05,3892.55,3881.45,3882.8,1656,
2024-05-14 09:18:00+05:30,3878.75,3887.65,3878.2,3883,1023,
2024-05-14 09:19:00+05:30,3881.35,3884.15,3875.05,3883,1455,
2024-05-14 09:20:00+05:30,3880,3882.45,3868.15,3875.3,3382,
2024-05-14 09:21:00+05:30,3875.3,3875.3,3870.8,3873.45,526,
2024-05-14 09:22:00+05:30,3871,3874.75,3870,3873.05,2349,
2024-05-14 09:23:00+05:30,3873.05,3879.9,3873.05,3877.65,637,
2024-05-14 09:24:00+05:30,3877.35,3878.25,3875.7,3877.9,102,
2024-05-14 09:25:00+05:30,3877.9,3877.9,3868,3868.95,1449,
2024-05-14 09:26:00+05:30,3868.9,3870.35,3867.2,3870.25,763,
2024-05-14 09:27:00+05:30,3870.85,3874.45,3865.15,3869.85,617,
2024-05-14 09:28:00+05:30,3870.65,3872.6,3866.6,3869.1,444,
2024-05-14 09:29:00+05:30,3869.1,3886.45,3868.15,3883.25,3126,
2024-05-14 09:30:00+05:30,3882.45,3883.75,3881.35,3883,684,
2024-05-14 09:31:00+05:30,3883,3885,3879.95,3885,692,
2024-05-14 09:32:00+05:30,3885,3888,3883,3883.1,462,
2024-05-14 09:33:00+05:30,3883,3886.45,3883,3886.25,153,
2024-05-14 09:34:00+05:30,3884.1,3886.15,3882,3882,884,
2024-05-14 09:35:00+05:30,3882,3887,3882,3884.7,336,
2024-05-14 09:36:00+05:30,3884.7,3892.8,3884.7,3892.8,1410,
2024-05-14 09:37:00+05:30,3892.8,3896.1,3890.2,3896.1,1365,
2024-05-14 09:38:00+05:30,3896.1,3896.1,3891,3893.8,1184,
2024-05-14 09:39:00+05:30,3893.8,3893.8,3887.5,3887.95,961,
2024-05-14 09:40:00+05:30,3889,3889,3883,3883,318,
2024-05-14 09:41:00+05:30,3885.8,3885.8,3881.7,3883,380,
2024-05-14 09:42:00+05:30,3883,3884,3878.35,3883.6,1386,
2024-05-14 09:43:00+05:30,3879.45,3883,3879.45,3879.55,898,
2024-05-14 09:44:00+05:30,3879.55,3883.85,3879,3883.85,342,
2024-05-14 09:45:00+05:30,3883.85,3883.85,3878.7,3880,325,
2024-05-14 09:46:00+05:30,3880,3880,3875.65,3877,240,
2024-05-14 09:47:00+05:30,3877,3879.2,3875,3876.45,340,
2024-05-14 09:48:00+05:30,3876.45,3883.4,3875.75,3883,490,
2024-05-14 09:49:00+05:30,3883,3887,3882.85,3886,182,
2024-05-14 09:50:00+05:30,3886,3886.95,3882,3883,318,
2024-05-14 09:51:00+05:30,3883,3883,3880,3883,114,
2024-05-14 09:52:00+05:30,3883,3885.9,3880.6,3885.75,198,
2024-05-14 09:53:00+05:30,3885.2,3886.5,3881.55,3886.15,150,
2024-05-14 09:54:00+05:30,3886.15,3886.15,3880.05,3882.85,275,
2024-05-14 09:55:00+05:30,3882.85,3884.65,3879.15,3879.8,427,
2024-05-14 09:56:00+05:30,3879.8,3883,3876,3883,349,
2024-05-14 09:57:00+05:30,3883,3884.8,3880.05,3882.55,29,
2024-05-14 09:58:00+05:30,3882.55,3883,3880.5,3883,192,
2024-05-14 09:59:00+05:30,3883,3884.15,3880.45,3883.75,622,
2024-05-14 10:00:00+05:30,3883.75,3883.75,3877.75,3880.05,230,
2024-05-14 10:01:00+05:30,3880.05,3880.6,3876.7,3876.7,314,
2024-05-14 10:02:00+05:30,3876.7,3879.85,3876.65,3878.8,210,
2024-05-14 10:03:00+05:30,3878.8,3883.1,3878.8,3880.45,522,
2024-05-14 10:04:00+05:30,3880.45,3881.45,3878.75,3881.4,166,
2024-05-14 10:05:00+05:30,3879.05,3881.7,3878.5,3880.7,85,
2024-05-14 10:06:00+05:30,3878.5,3879.2,3875.45,3878.25,104,
2024-05-14 10:07:00+05:30,3878.25,3882.95,3877.9,3882.9,84,
2024-05-14 10:08:00+05:30,3882.9,3882.9,3878.9,3880.95,48,
2024-05-14 10:09:00+05:30,3880.95,3880.95,3876.95,3880.45,65,
2024-05-14 10:10:00+05:30,3880.45,3880.5,3877.5,3880.5,309,
2024-05-14 10:11:00+05:30,3880.5,3885.4,3878.1,3882.2,692,
2024-05-14 10:12:00+05:30,3882.2,3882.2,3879.3,3880.8,36,
2024-05-14 10:13:00+05:30,3880.8,3880.8,3878.4,3879.95,9,
2024-05-14 10:14:00+05:30,3879.95,3881.5,3879.05,3879.05,29,
2024-05-14 10:15:00+05:30,3879.05,3883,3879.05,3882.75,79,
2024-05-14 10:16:00+05:30,3882,3882.75,3879.05,3879.05,148,
2024-05-14 10:17:00+05:30,3879.05,3883,3879.05,3883,195,
2024-05-14 10:18:00+05:30,3883.5,3888,3882,3886.65,488,
2024-05-14 10:19:00+05:30,3888,3888,3883.1,3883.1,201,
2024-05-14 10:20:00+05:30,3883.1,3886.8,3882.15,3884.95,150,
2024-05-14 10:21:00+05:30,3884.95,3884.95,3882,3882.85,302,
2024-05-14 10:22:00+05:30,3882.85,3883,3882,3882.85,69,
2024-05-14 10:23:00+05:30,3882.85,3883,3881,3883,13,
2024-05-14 10:24:00+05:30,3883,3883,3881.25,3883,29,
2024-05-14 10:25:00+05:30,3883,3883,3880,3881.05,14,
2024-05-14 10:26:00+05:30,3881.05,3887.8,3880.6,3887.6,418,
2024-05-14 10:27:00+05:30,3886.15,3886.9,3882.05,3884.8,867,
2024-05-14 10:28:00+05:30,3884.45,3887.25,3883.85,3885.1,53,
2024-05-14 10:29:00+05:30,3885.1,3891.8,3885,3891.8,396,
2024-05-14 10:30:00+05:30,3892.05,3894.35,3888.9,3894.35,403,
2024-05-14 10:31:00+05:30,3894,3895,3891.65,3893.65,1087,
2024-05-14 10:32:00+05:30,3892,3894.65,3888.5,3894,809,
2024-05-14 10:33:00+05:30,3892.3,3894.9,3890.25,3893.8,601,
2024-05-14 10:34:00+05:30,3895,3896.1,3890.65,3893.25,1518,
2024-05-14 10:35:00+05:30,3892.9,3898,3892.55,3897.3,1068,
2024-05-14 10:36:00+05:30,3897.3,3903.6,3896,3903.15,1410,
2024-05-14 10:37:00+05:30,3903.6,3903.6,3897.25,3900.35,1709,
2024-05-14 10:38:00+05:30,3900.3,3905,3900.15,3902.25,1630,
2024-05-14 10:39:00+05:30,3902.25,3903.55,3900.15,3902.65,860,
2024-05-14 10:40:00+05:30,3902.65,3903.6,3900,3903.55,1111,
2024-05-14 10:41:00+05:30,3903.55,3907.05,3900.75,3903.05,916,
2024-05-14 10:42:00+05:30,3903.05,3906.45,3902.2,3905.9,436,
2024-05-14 10:43:00+05:30,3905.9,3905.9,3902.2,3903,759,
2024-05-14 10:44:00+05:30,3903,3904.95,3901,3901.95,682,
2024-05-14 10:45:00+05:30,3901.95,3904.55,3901.2,3902.3,412,
2024-05-14 10:46:00+05:30,3902.3,3905,3902,3903.05,466,
2024-05-14 10:47:00+05:30,3903.05,3905,3902.35,3904.2,888,
2024-05-14 10:48:00+05:30,3904.25,3906,3902.05,3905.55,531,
2024-05-14 10:49:00+05:30,3905,3905.8,3900.65,3905,901,
2024-05-14 10:50:00+05:30,3905,3906.2,3902.1,3905,616,
2024-05-14 10:51:00+05:30,3905,3906,3902.55,3902.6,535,
2024-05-14 10:52:00+05:30,3902.6,3906.4,3901.75,3905,402,
2024-05-14 10:53:00+05:30,3905,3906.4,3905,3905,134,
2024-05-14 10:54:00+05:30,3905,3905.5,3902.4,3905.5,141,
2024-05-14 10:55:00+05:30,3905.5,3906.4,3905,3906.4,140,
2024-05-14 10:56:00+05:30,3906.4,3906.4,3905,3905,180,
2024-05-14 10:57:00+05:30,3905,3906.35,3904.2,3906.35,393,
2024-05-14 10:58:00+05:30,3906.4,3907.3,3904.1,3906.95,660,
2024-05-14 10:59:00+05:30,3906.95,3907.35,3900.05,3905.05,2629,
2024-05-14 11:00:00+05:30,3905.05,3906.4,3902.15,3903.5,361,
2024-05-14 11:01:00+05:30,3903.5,3909.2,3903.5,3907.1,255,
2024-05-14 11:02:00+05:30,3907.1,3908.45,3905.15,3907.85,130,
2024-05-14 11:03:00+05:30,3907.85,3912.45,3906.15,3910.25,1675,
2024-05-14 11:04:00+05:30,3910.25,3912.45,3910,3910.1,390,
2024-05-14 11:05:00+05:30,3910.1,3911.9,3910,3911.9,141,
2024-05-14 11:06:00+05:30,3911.9,3912,3910.15,3910.25,229,
2024-05-14 11:07:00+05:30,3910.25,3912.5,3910,3911,1219,
2024-05-14 11:08:00+05:30,3911,3913.15,3910.2,3913,1933,
2024-05-14 11:09:00+05:30,3913,3919.15,3913,3916.55,5480,
2024-05-14 11:10:00+05:30,3916.55,3923.25,3916.55,3921.8,2265,
2024-05-14 11:11:00+05:30,3921.8,3924,3918.55,3924,1141,
2024-05-14 11:12:00+05:30,3924,3926.5,3921.95,3926.5,2281,
2024-05-14 11:13:00+05:30,3926.5,3928.85,3923.45,3923.95,549,
2024-05-14 11:14:00+05:30,3923.95,3927.75,3923.95,3925.75,956,
2024-05-14 11:15:00+05:30,3925.75,3927.65,3923.5,3923.5,1134,
2024-05-14 11:16:00+05:30,3923.5,3924.55,3922,3922.3,378,
2024-05-14 11:17:00+05:30,3922.3,3925.15,3922.3,3924.85,436,
2024-05-14 11:18:00+05:30,3924.85,3927.35,3922.3,3923.35,771,
2024-05-14 11:19:00+05:30,3923.35,3925.05,3922.1,3923.15,488,
2024-05-14 11:20:00+05:30,3923.15,3925,3922.7,3922.7,41,
2024-05-14 11:21:00+05:30,3922.7,3924.4,3920,3920,2055,
2024-05-14 11:22:00+05:30,3920,3921.3,3918,3918.1,282,
2024-05-14 11:23:00+05:30,3918.1,3921.4,3918.1,3919,115,
2024-05-14 11:24:00+05:30,3919,3920.45,3918,3918.5,215,
2024-05-14 11:25:00+05:30,3918.5,3920,3918.5,3919.95,33,
2024-05-14 11:26:00+05:30,3918.55,3920,3918.5,3918.8,27,
2024-05-14 11:27:00+05:30,3918.8,3920,3917,3917.1,576,
2024-05-14 11:28:00+05:30,3917.1,3919,3917.1,3918.05,184,
2024-05-14 11:29:00+05:30,3918.05,3918.05,3917,3917.05,265,
2024-05-14 11:30:00+05:30,3918.05,3920,3916,3917.4,1921,
2024-05-14 11:31:00+05:30,3917.4,3921.8,3917.4,3921.8,99,
2024-05-14 11:32:00+05:30,3921.8,3923,3921.25,3923,92,
2024-05-14 11:33:00+05:30,3923,3929.3,3922.1,3927.5,739,
2024-05-14 11:34:00+05:30,3927.5,3935.2,3927.5,3933,1536,
2024-05-14 11:35:00+05:30,3933,3936.8,3930,3930,1467,
2024-05-14 11:36:00+05:30,3930,3932.55,3930,3930.15,163,
2024-05-14 11:37:00+05:30,3930.15,3933.4,3930.15,3931.2,380,
2024-05-14 11:38:00+05:30,3931.2,3934,3931.2,3934,137,
2024-05-14 11:39:00+05:30,3934,3935,3931.95,3932.95,206,
2024-05-14 11:40:00+05:30,3932.95,3935,3930.4,3930.4,680,
2024-05-14 11:41:00+05:30,3930.4,3931,3929.2,3929.25,257,
2024-05-14 11:42:00+05:30,3930,3933.6,3928.35,3930.4,248,
2024-05-14 11:43:00+05:30,3930.4,3937.25,3930.4,3936.45,832,
2024-05-14 11:44:00+05:30,3936.45,3939.95,3935.1,3939.95,536,
2024-05-14 11:45:00+05:30,3939.95,3942.2,3937.7,3940.4,2014,
2024-05-14 11:46:00+05:30,3940.4,3945,3940.15,3941.05,1216,
2024-05-14 11:47:00+05:30,3940.85,3943.9,3940,3942.25,772,
2024-05-14 11:48:00+05:30,3942.25,3943.35,3940,3943.35,190,
2024-05-14 11:49:00+05:30,3943.35,3943.85,3942,3942,239,
2024-05-14 11:50:00+05:30,3943,3943,3942,3942,56,
2024-05-14 11:51:00+05:30,3942,3944.2,3942,3944,274,
2024-05-14 11:52:00+05:30,3944,3945.85,3940.1,3944.2,2418,
2024-05-14 11:53:00+05:30,3944.2,3946.75,3942,3943.65,674,
2024-05-14 11:54:00+05:30,3943.65,3949.5,3943.35,3947.65,1683,
2024-05-14 11:55:00+05:30,3949.5,3950.6,3947.35,3948.15,2354,
2024-05-14 11:56:00+05:30,3948.15,3949.95,3943.05,3945.45,496,
2024-05-14 11:57:00+05:30,3944.6,3947.95,3943.45,3947,700,
2024-05-14 11:58:00+05:30,3947,3947,3944.45,3945,265,
2024-05-14 11:59:00+05:30,3945,3945,3942,3945,269,
2024-05-14 12:00:00+05:30,3945,3949.85,3942.05,3948.1,758,
2024-05-14 12:01:00+05:30,3948.1,3955,3948.05,3950,4242,
2024-05-14 12:02:00+05:30,3949,3951.45,3946.1,3950.15,935,
2024-05-14 12:03:00+05:30,3950.15,3951.8,3948.45,3950.2,1755,
2024-05-14 12:04:00+05:30,3950.2,3951.45,3948.3,3949,887,
2024-05-14 12:05:00+05:30,3950,3950,3946.05,3948.65,255,
2024-05-14 12:06:00+05:30,3948.5,3948.5,3944.7,3946.95,1265,
2024-05-14 12:07:00+05:30,3946.95,3946.95,3944,3944.6,206,
2024-05-14 12:08:00+05:30,3944.6,3946.75,3943.05,3944.65,515,
2024-05-14 12:09:00+05:30,3946,3946,3940.05,3941.05,975,
2024-05-14 12:10:00+05:30,3939.55,3941.1,3938.2,3940,400,
2024-05-14 12:11:00+05:30,3940,3940.05,3938,3940,504,
2024-05-14 12:12:00+05:30,3938.3,3940,3937.1,3937.1,388,
2024-05-14 12:13:00+05:30,3937.1,3938.85,3935.15,3935.15,825,
2024-05-14 12:14:00+05:30,3935.15,3937.85,3935,3936.95,64,
2024-05-14 12:15:00+05:30,3936.95,3937,3935,3937,118,
2024-05-14 12:16:00+05:30,3937,3937,3932.55,3934.45,6053,
2024-05-14 12:17:00+05:30,3934.95,3939,3931.4,3934.05,2965,
2024-05-14 12:18:00+05:30,3934.05,3935.9,3932.05,3933.05,294,
2024-05-14 12:19:00+05:30,3934.95,3937.4,3934.1,3935,87,
2024-05-14 12:20:00+05:30,3935,3936.85,3932.55,3933.4,1431,
2024-05-14 12:21:00+05:30,3933.4,3936.4,3933.35,3934.5,392,
2024-05-14 12:22:00+05:30,3934.5,3936.2,3934,3936.2,157,
2024-05-14 12:23:00+05:30,3936.2,3937.4,3934.1,3936.4,233,
2024-05-14 12:24:00+05:30,3936.4,3937,3934.7,3937,26,
2024-05-14 12:25:00+05:30,3937,3937.55,3934.65,3935.65,344,
2024-05-14 12:26:00+05:30,3935.65,3936.7,3930.4,3931.85,885,
2024-05-14 12:27:00+05:30,3931.85,3933.95,3929,3930.05,1287,
2024-05-14 12:28:00+05:30,3930.05,3932,3929.1,3930.05,434,
2024-05-14 12:29:00+05:30,3930.05,3931.6,3930.05,3931,286,
2024-05-14 12:30:00+05:30,3931,3931.65,3930.1,3931.65,106,
2024-05-14 12:31:00+05:30,3931.65,3933.35,3930.1,3932,355,
2024-05-14 12:32:00+05:30,3932.8,3934.6,3931.6,3932.35,240,
2024-05-14 12:33:00+05:30,3932.35,3935,3930.85,3932.15,816,
2024-05-14 12:34:00+05:30,3932.15,3934.8,3932.15,3934.8,69,
2024-05-14 12:35:00+05:30,3934.8,3936,3933.05,3933.05,1151,
2024-05-14 12:36:00+05:30,3933.05,3934.2,3930.2,3932.8,851,
2024-05-14 12:37:00+05:30,3932.8,3935.75,3932.3,3935.75,11,
2024-05-14 12:38:00+05:30,3935.75,3936.2,3931.9,3933.35,238,
2024-05-14 12:39:00+05:30,3933.3,3938.25,3932.25,3938.25,251,
2024-05-14 12:40:00+05:30,3938.25,3940,3936.3,3936.95,587,
2024-05-14 12:41:00+05:30,3936.95,3940.8,3936.95,3940.15,517,
2024-05-14 12:42:00+05:30,3940.15,3940.2,3933.55,3935.1,321,
2024-05-14 12:43:00+05:30,3935.1,3937,3934,3934.55,266,
2024-05-14 12:44:00+05:30,3934.55,3936.75,3934.5,3934.55,55,
2024-05-14 12:45:00+05:30,3934.55,3938.65,3934.55,3938.2,227,
2024-05-14 12:46:00+05:30,3938.2,3938.6,3936.05,3938.45,132,
2024-05-14 12:47:00+05:30,3938.45,3939.1,3936.6,3938.7,88,
2024-05-14 12:48:00+05:30,3938.7,3940.2,3937,3937.6,624,
2024-05-14 12:49:00+05:30,3937.6,3939.55,3936.6,3936.7,600,
2024-05-14 12:50:00+05:30,3936.7,3938.75,3932.8,3932.8,763,
2024-05-14 12:51:00+05:30,3933,3933,3930.3,3930.6,599,
2024-05-14 12:52:00+05:30,3932,3935.75,3930.05,3933.25,536,
2024-05-14 12:53:00+05:30,3933.25,3938.4,3933.25,3938.4,165,
2024-05-14 12:54:00+05:30,3938.4,3938.4,3936.55,3938.35,151,
2024-05-14 12:55:00+05:30,3938.35,3939.15,3936.6,3939.15,220,
2024-05-14 12:56:00+05:30,3939.15,3939.3,3935.05,3937.1,279,
2024-05-14 12:57:00+05:30,3935.25,3937.05,3927.3,3927.75,1212,
2024-05-14 12:58:00+05:30,3927.75,3929.5,3927,3928.6,414,
2024-05-14 12:59:00+05:30,3927.2,3930.1,3927.2,3930.1,244,
2024-05-14 13:00:00+05:30,3930.1,3930.1,3928,3930,161,
2024-05-14 13:01:00+05:30,3930,3930.05,3928.55,3929.9,31,
2024-05-14 13:02:00+05:30,3929.9,3929.9,3926.1,3927,215,
2024-05-14 13:03:00+05:30,3927,3928,3927,3927,28,
2024-05-14 13:04:00+05:30,3927,3930.1,3927,3928.35,610,
2024-05-14 13:05:00+05:30,3928.35,3933.35,3928.25,3932.8,660,
2024-05-14 13:06:00+05:30,3932.8,3933.15,3929.75,3931.65,187,
2024-05-14 13:07:00+05:30,3931.65,3933.5,3930.6,3932.7,84,
2024-05-14 13:08:00+05:30,3932.7,3933.55,3931.15,3933.5,9,
2024-05-14 13:09:00+05:30,3933.5,3933.5,3928.5,3929.5,1084,
2024-05-14 13:10:00+05:30,3929.5,3932.3,3927.9,3929.7,818,
2024-05-14 13:11:00+05:30,3929.7,3931.95,3928.55,3930,606,
2024-05-14 13:12:00+05:30,3928.3,3930,3926.1,3926.1,111,
2024-05-14 13:13:00+05:30,3926.1,3928.45,3926.1,3927.9,147,
2024-05-14 13:14:00+05:30,3927.9,3928.15,3926.1,3926.1,121,
2024-05-14 13:15:00+05:30,3926.1,3927.85,3924,3924,1659,
2024-05-14 13:16:00+05:30,3924,3925.6,3922.85,3923.5,298,
2024-05-14 13:17:00+05:30,3923.5,3925.75,3923.5,3925.75,75,
2024-05-14 13:18:00+05:30,3925.75,3926.7,3925.35,3925.35,86,
2024-05-14 13:19:00+05:30,3925.35,3926.65,3922.05,3923,439,
2024-05-14 13:20:00+05:30,3923,3924,3922.05,3924,120,
2024-05-14 13:21:00+05:30,3924.05,3927.35,3924,3927.35,483,
2024-05-14 13:22:00+05:30,3927.35,3927.35,3925,3925.25,53,
2024-05-14 13:23:00+05:30,3925.25,3927.45,3925,3926.95,86,
2024-05-14 13:24:00+05:30,3926.95,3927.75,3925,3927.7,96,
2024-05-14 13:25:00+05:30,3927.7,3928,3925.75,3927.95,32,
2024-05-14 13:26:00+05:30,3927.95,3928.95,3926.05,3928.6,140,
2024-05-14 13:27:00+05:30,3928.6,3928.6,3926.2,3927.95,37,
2024-05-14 13:28:00+05:30,3927.95,3928,3926.45,3927.05,38,
2024-05-14 13:29:00+05:30,3927.05,3930,3927.05,3930,2826,
2024-05-14 13:30:00+05:30,3930,3930,3928.05,3930,1584,
2024-05-14 13:31:00+05:30,3930,3930,3927,3927.05,230,
2024-05-14 13:32:00+05:30,3927.05,3929.1,3927.05,3929.1,3,
2024-05-14 13:33:00+05:30,3929.1,3930,3927.3,3928.05,35,
2024-05-14 13:34:00+05:30,3928.05,3928.05,3927,3927,42,
2024-05-14 13:35:00+05:30,3928.05,3929.2,3926.9,3927.65,89,
2024-05-14 13:36:00+05:30,3927.65,3930,3927.65,3928.75,56,
2024-05-14 13:37:00+05:30,3928.75,3930,3926.9,3926.9,335,
2024-05-14 13:38:00+05:30,3926.9,3928.75,3926.9,3926.9,31,
2024-05-14 13:39:00+05:30,3927.05,3929.7,3926.6,3927.65,317,
2024-05-14 13:40:00+05:30,3927.65,3930.9,3927.2,3928.25,246,
2024-05-14 13:41:00+05:30,3928.25,3930,3927.05,3930,158,
2024-05-14 13:42:00+05:30,3930,3930,3926.6,3926.6,220,
2024-05-14 13:43:00+05:30,3927.8,3929.95,3926.05,3926.05,303,
2024-05-14 13:44:00+05:30,3926.05,3930,3926.05,3928.3,151,
2024-05-14 13:45:00+05:30,3928.3,3930,3926.05,3926.35,646,
2024-05-14 13:46:00+05:30,3926.35,3928.45,3925,3925,208,
2024-05-14 13:47:00+05:30,3925,3925.75,3923,3923.35,436,
2024-05-14 13:48:00+05:30,3923.35,3927.05,3923,3925.95,60,
2024-05-14 13:49:00+05:30,3925.95,3926.8,3925.05,3925.35,57,
2024-05-14 13:50:00+05:30,3925.35,3929.25,3925.35,3928.45,95,
2024-05-14 13:51:00+05:30,3928.45,3929.6,3926.65,3927.1,186,
2024-05-14 13:52:00+05:30,3928.3,3928.95,3926.65,3926.65,43,
2024-05-14 13:53:00+05:30,3926.65,3929.6,3926.5,3926.5,99,
2024-05-14 13:54:00+05:30,3926.5,3929.15,3926,3928.25,169,
2024-05-14 13:55:00+05:30,3928.25,3928.7,3923,3923.55,269,
2024-05-14 13:56:00+05:30,3923.55,3926.6,3922.3,3926.6,55,
2024-05-14 13:57:00+05:30,3926.1,3926.95,3923.15,3925.75,73,
2024-05-14 13:58:00+05:30,3925.75,3927,3923.3,3926.9,227,
2024-05-14 13:59:00+05:30,3926.9,3927.95,3925.1,3927.95,54,
2024-05-14 14:00:00+05:30,3927.95,3928.9,3925.45,3927.4,133,
2024-05-14 14:01:00+05:30,3927.4,3929.85,3925.95,3929,488,
2024-05-14 14:02:00+05:30,3929,3930,3926.7,3927.1,270,
2024-05-14 14:03:00+05:30,3928.85,3929.7,3927.1,3927.1,40,
2024-05-14 14:04:00+05:30,3928.05,3928.95,3921.05,3922.3,3758,
2024-05-14 14:05:00+05:30,3922.3,3924.9,3921.9,3922.95,40,
2024-05-14 14:06:00+05:30,3922.95,3925,3922.1,3922.15,51,
2024-05-14 14:07:00+05:30,3922.15,3924.4,3921.2,3922.4,97,
2024-05-14 14:08:00+05:30,3922.4,3924.55,3919,3919.8,1491,
2024-05-14 14:09:00+05:30,3919.8,3920.4,3913.2,3916,2647,
2024-05-14 14:10:00+05:30,3916,3917.3,3914.1,3914.1,533,
2024-05-14 14:11:00+05:30,3914.1,3917.05,3914.1,3915,245,
2024-05-14 14:12:00+05:30,3915,3916.1,3913,3914.9,754,
2024-05-14 14:13:00+05:30,3914.9,3916.95,3913,3915,635,
2024-05-14 14:14:00+05:30,3915,3915,3907.8,3909.8,1764,
2024-05-14 14:15:00+05:30,3909.8,3912.65,3909.8,3910.5,206,
2024-05-14 14:16:00+05:30,3910.5,3912.35,3907,3907,879,
2024-05-14 14:17:00+05:30,3907,3910.3,3906.1,3906.6,112,
2024-05-14 14:18:00+05:30,3906.6,3910.8,3906.6,3908.15,144,
2024-05-14 14:19:00+05:30,3908.15,3910.85,3908.15,3908.7,208,
2024-05-14 14:20:00+05:30,3908.7,3910.9,3908.2,3908.35,135,
2024-05-14 14:21:00+05:30,3908.35,3909.45,3904.95,3905.35,1600,
2024-05-14 14:22:00+05:30,3905.35,3908.7,3904.65,3904.65,95,
2024-05-14 14:23:00+05:30,3904.65,3908.05,3904,3905.3,151,
2024-05-14 14:24:00+05:30,3905.3,3908.3,3904.75,3906,405,
2024-05-14 14:25:00+05:30,3906,3908.65,3904.55,3905.45,574,
2024-05-14 14:26:00+05:30,3905.45,3907.45,3903.85,3904.1,510,
2024-05-14 14:27:00+05:30,3904.1,3907.3,3903.65,3904.95,450,
2024-05-14 14:28:00+05:30,3904.95,3906.9,3904.1,3904.1,115,
2024-05-14 14:29:00+05:30,3904.1,3906,3904,3905.1,72,
2024-05-14 14:30:00+05:30,3906,3906,3902.2,3902.2,535,
2024-05-14 14:31:00+05:30,3903.85,3905,3902.25,3903.9,104,
2024-05-14 14:32:00+05:30,3905.8,3905.8,3902.2,3903.05,218,
2024-05-14 14:33:00+05:30,3903.05,3904,3901,3901,1276,
2024-05-14 14:34:00+05:30,3900,3900,3896.4,3897.55,565,
2024-05-14 14:35:00+05:30,3897.55,3898,3896.1,3898,340,
2024-05-14 14:36:00+05:30,3898,3898.05,3895.05,3896.4,219,
2024-05-14 14:37:00+05:30,3896.4,3899,3896.4,3896.5,93,
2024-05-14 14:38:00+05:30,3896.5,3899,3896.5,3899,160,
2024-05-14 14:39:00+05:30,3899,3900.35,3899,3900.35,214,
2024-05-14 14:40:00+05:30,3900.35,3901.45,3896.65,3898.3,874,
2024-05-14 14:41:00+05:30,3900,3901.8,3897.6,3897.85,770,
2024-05-14 14:42:00+05:30,3897.85,3900.5,3897.15,3898.05,189,
2024-05-14 14:43:00+05:30,3898.05,3899.85,3897.95,3898,60,
2024-05-14 14:44:00+05:30,3898,3900,3898,3898.5,170,
2024-05-14 14:45:00+05:30,3898.5,3900.8,3898.5,3898.5,307,
2024-05-14 14:46:00+05:30,3898,3900.55,3897.3,3900.55,398,
2024-05-14 14:47:00+05:30,3902.95,3904.25,3900.4,3901.65,445,
2024-05-14 14:48:00+05:30,3901.65,3903.65,3899.55,3899.55,217,
2024-05-14 14:49:00+05:30,3899.55,3904.7,3897.4,3899.6,2859,
2024-05-14 14:50:00+05:30,3899.6,3904.65,3899.6,3904.65,251,
2024-05-14 14:51:00+05:30,3902.15,3905,3902.15,3903,131,
2024-05-14 14:52:00+05:30,3903,3906.4,3903,3905.05,399,
2024-05-14 14:53:00+05:30,3905.05,3908.7,3904.35,3906.65,969,
2024-05-14 14:54:00+05:30,3906.65,3908.1,3904.9,3906.05,271,
2024-05-14 14:55:00+05:30,3908.25,3909.85,3906.25,3909.75,125,
2024-05-14 14:56:00+05:30,3909.75,3909.75,3902.65,3903.1,270,
2024-05-14 14:57:00+05:30,3903.1,3904.75,3902.15,3902.6,179,
2024-05-14 14:58:00+05:30,3902.6,3905,3902.5,3902.6,487,
2024-05-14 14:59:00+05:30,3902.6,3903.9,3900.45,3901.35,164,
2024-05-14 15:00:00+05:30,3902.6,3904.9,3898.35,3898.35,1591,
2024-05-14 15:01:00+05:30,3898.55,3899,3891.1,3894,3005,
2024-05-14 15:02:00+05:30,3894,3898.75,3893.6,3894.6,1638,
2024-05-14 15:03:00+05:30,3895.1,3896.25,3892,3892,948,
2024-05-14 15:04:00+05:30,3892,3895,3891.85,3891.95,906,
2024-05-14 15:05:00+05:30,3891.95,3895,3891.7,3892.35,818,
2024-05-14 15:06:00+05:30,3892.4,3895.95,3891.5,3891.8,1049,
2024-05-14 15:07:00+05:30,3893.4,3895.35,3891.75,3892.2,1104,
2024-05-14 15:08:00+05:30,3892.2,3897.5,3891.5,3895.05,1128,
2024-05-14 15:09:00+05:30,3895.05,3900.65,3894.8,3898.5,2882,
2024-05-14 15:10:00+05:30,3897.1,3897.7,3893.15,3895.9,1404,
2024-05-14 15:11:00+05:30,3895.3,3896.8,3895.25,3895.25,731,
2024-05-14 15:12:00+05:30,3895.25,3895.9,3892.8,3893.75,640,
2024-05-14 15:13:00+05:30,3894.5,3895.2,3891.05,3892.65,1877,
2024-05-14 15:14:00+05:30,3892.65,3895.3,3891.05,3891.1,2337,
2024-05-14 15:15:00+05:30,3891.1,3895,3891.1,3892.75,1124,
2024-05-14 15:16:00+05:30,3892.75,3894.95,3891.2,3892.6,3157,
2024-05-14 15:17:00+05:30,3892.6,3896,3891.6,3891.75,1478,
2024-05-14 15:18:00+05:30,3891.75,3899,3891.75,3896.4,912,
2024-05-14 15:19:00+05:30,3896.4,3897,3891.6,3896.95,1086,
2024-05-14 15:20:00+05:30,3893.7,3896.95,3892.1,3892.6,1515,
2024-05-14 15:21:00+05:30,3892.6,3896.95,3892.45,3894.8,844,
2024-05-14 15:22:00+05:30,3896.1,3900,3895.5,3900,849,
2024-05-14 15:23:00+05:30,3900,3900,3897.75,3899.05,1557,
2024-05-14 15:24:00+05:30,3899.05,3901.2,3896.9,3900,2127,
2024-05-14 15:25:00+05:30,3899.55,3904.5,3898.25,3899.75,5868,
2024-05-14 15:26:00+05:30,3900,3900,3895.05,3896.9,2502,
2024-05-14 15:27:00+05:30,3896.9,3900,3892.05,3894.7,1596,
2024-05-14 15:28:00+05:30,3897.8,3897.8,3892.1,3894.25,640,
2024-05-14 15:29:00+05:30,3894.25,3897,3894.25,3895,541,
2024-05-15 09:15:00+05:30,3896.5,3949.95,3896.5,3904.55,2008,
2024-05-15 09:16:00+05:30,3905.05,3916.95,3905.05,3915.5,884,
2024-05-15 09:17:00+05:30,3916.45,3917.2,3906.15,3907.35,1034,
2024-05-15 09:18:00+05:30,3907.35,3907.35,3900,3900.4,642,
2024-05-15 09:19:00+05:30,3901.9,3906.1,3897.15,3898,1460,
2024-05-15 09:20:00+05:30,3898,3898,3885.05,3886.9,1350,
2024-05-15 09:21:00+05:30,3886.9,3886.9,3879.35,3880.75,1312,
2024-05-15 09:22:00+05:30,3880.75,3888.45,3880.7,3885.25,1210,
2024-05-15 09:23:00+05:30,3885.25,3886.3,3882.1,3884.5,867,
2024-05-15 09:24:00+05:30,3883.05,3896,3883.05,3888.2,1506,
2024-05-15 09:25:00+05:30,3890.95,3893,3887.1,3891,1043,
2024-05-15 09:26:00+05:30,3891,3895,3886.5,3892.95,619,
2024-05-15 09:27:00+05:30,3890.75,3896.75,3889.65,3895.65,586,
2024-05-15 09:28:00+05:30,3895.05,3896.8,3891.75,3893.6,154,
2024-05-15 09:29:00+05:30,3893.6,3900.5,3893.6,3896.8,870,
2024-05-15 09:30:00+05:30,3893.55,3899.8,3893.55,3898.25,627,
2024-05-15 09:31:00+05:30,3897.2,3897.2,3890.45,3892.3,633,
2024-05-15 09:32:00+05:30,3891.45,3898.15,3891.45,3898.15,98,
2024-05-15 09:33:00+05:30,3895,3896.45,3890.15,3896.45,89,
2024-05-15 09:34:00+05:30,3896.45,3896.45,3891.45,3894.3,206,
2024-05-15 09:35:00+05:30,3893.25,3896.75,3893.2,3893.2,506,
2024-05-15 09:36:00+05:30,3894.6,3904.5,3894.6,3903.95,2347,
2024-05-15 09:37:00+05:30,3903.95,3906.1,3900,3900,857,
2024-05-15 09:38:00+05:30,3899.35,3899.35,3894.95,3895.35,135,
2024-05-15 09:39:00+05:30,3895.35,3895.85,3890,3894.95,731,
2024-05-15 09:40:00+05:30,3894.95,3897.55,3889.75,3889.75,2720,
2024-05-15 09:41:00+05:30,3889.75,3890.95,3886.8,3889.25,948,
2024-05-15 09:42:00+05:30,3889,3891.45,3887.8,3890.05,542,
2024-05-15 09:43:00+05:30,3890.05,3895.95,3886.75,3892.45,1903,
2024-05-15 09:44:00+05:30,3892.45,3895.25,3892.45,3892.5,1540,
2024-05-15 09:45:00+05:30,3892.45,3893.95,3891.8,3893,182,
2024-05-15 09:46:00+05:30,3892.3,3892.3,3890,3890.1,542,
2024-05-15 09:47:00+05:30,3890.1,3890.3,3889.75,3890.25,87,
2024-05-15 09:48:00+05:30,3890.85,3891.5,3890.85,3891.2,143,
2024-05-15 09:49:00+05:30,3891.2,3896.9,3891.2,3893.5,291,
2024-05-15 09:50:00+05:30,3893.35,3896.85,3892,3896.7,220,
2024-05-15 09:51:00+05:30,3896.7,3901,3895,3901,973,
2024-05-15 09:52:00+05:30,3899.5,3907.3,3899.5,3904.95,477,
2024-05-15 09:53:00+05:30,3904.95,3907.9,3904.05,3905.85,516,
2024-05-15 09:54:00+05:30,3905.85,3909.9,3904.3,3908.3,570,
2024-05-15 09:55:00+05:30,3908.3,3909.9,3905.2,3906.1,397,
2024-05-15 09:56:00+05:30,3906.1,3913.15,3905,3911.3,1052,
2024-05-15 09:57:00+05:30,3912.85,3914,3905,3905,908,
2024-05-15 09:58:00+05:30,3905,3912.35,3905,3911.85,474,
2024-05-15 09:59:00+05:30,3911.85,3914.35,3904,3904,2818,
2024-05-15 10:00:00+05:30,3904,3907.95,3898.85,3898.85,8346,
2024-05-15 10:01:00+05:30,3898.85,3900.6,3894,3900,1835,
2024-05-15 10:02:00+05:30,3900,3900,3898,3899.5,729,
2024-05-15 10:03:00+05:30,3899.4,3899.4,3896,3899.2,348,
2024-05-15 10:04:00+05:30,3899.2,3899.2,3894,3895.65,531,
2024-05-15 10:05:00+05:30,3894.8,3895.2,3890.9,3890.9,469,
2024-05-15 10:06:00+05:30,3890.9,3891.25,3886.8,3886.9,1257,
2024-05-15 10:07:00+05:30,3886.8,3886.8,3880.8,3881,1081,
2024-05-15 10:08:00+05:30,3882,3884.85,3876,3878.6,2889,
2024-05-15 10:09:00+05:30,3876.25,3885.5,3876,3883.2,1530,
2024-05-15 10:10:00+05:30,3883.2,3889.05,3880,3884.35,770,
2024-05-15 10:11:00+05:30,3884.35,3890.45,3881.7,3886.65,1087,
2024-05-15 10:12:00+05:30,3886.65,3886.65,3882,3882.05,399,
2024-05-15 10:13:00+05:30,3882.05,3883.5,3881.45,3883.05,54,
2024-05-15 10:14:00+05:30,3883.05,3888.95,3883.05,3885.55,506,
2024-05-15 10:15:00+05:30,3885.75,3885.75,3881.05,3882.75,489,
2024-05-15 10:16:00+05:30,3882.75,3886.25,3881.1,3885.5,802,
2024-05-15 10:17:00+05:30,3883.8,3885.8,3882.2,3884.5,579,
2024-05-15 10:18:00+05:30,3884.4,3889.5,3884.15,3888.8,105,
2024-05-15 10:19:00+05:30,3888.8,3890.85,3888.6,3890,137,
2024-05-15 10:20:00+05:30,3890,3891,3885.95,3887.45,216,
2024-05-15 10:21:00+05:30,3887.45,3887.55,3883.7,3885.15,34,
2024-05-15 10:22:00+05:30,3885.15,3885.15,3880.1,3881.3,572,
2024-05-15 10:23:00+05:30,3881.3,3881.3,3880,3880.95,62,
2024-05-15 10:24:00+05:30,3880.95,3882,3878.2,3881.4,756,
2024-05-15 10:25:00+05:30,3881.4,3883.6,3880,3883,320,
2024-05-15 10:26:00+05:30,3883,3885.05,3883,3883,144,
2024-05-15 10:27:00+05:30,3881.05,3883.2,3881.05,3881.75,312,
2024-05-15 10:28:00+05:30,3880.45,3881.95,3880.45,3880.45,190,
2024-05-15 10:29:00+05:30,3880.45,3880.45,3877.05,3877.05,264,
2024-05-15 10:30:00+05:30,3879,3879,3870.35,3871.1,1921,
2024-05-15 10:31:00+05:30,3871.1,3874,3870.3,3870.3,636,
2024-05-15 10:32:00+05:30,3870.3,3874.3,3870.3,3872,216,
2024-05-15 10:33:00+05:30,3872,3872.75,3868,3869.85,334,
2024-05-15 10:34:00+05:30,3869.85,3873.8,3868.05,3869.5,102,
2024-05-15 10:35:00+05:30,3869.5,3872.2,3869.25,3872.2,136,
2024-05-15 10:36:00+05:30,3872.2,3875.15,3872.2,3873.4,650,
2024-05-15 10:37:00+05:30,3873.4,3873.4,3870,3871.35,40,
2024-05-15 10:38:00+05:30,3871.35,3871.4,3868.5,3868.5,223,
2024-05-15 10:39:00+05:30,3868.4,3870.25,3867.55,3867.55,127,
2024-05-15 10:40:00+05:30,3867.55,3874.85,3867.55,3870.05,667,
2024-05-15 10:41:00+05:30,3870.05,3871.4,3870.05,3870.55,126,
2024-05-15 10:42:00+05:30,3870.55,3872.2,3870.55,3871.7,28,
2024-05-15 10:43:00+05:30,3871.7,3873.7,3870.25,3870.3,379,
2024-05-15 10:44:00+05:30,3870.3,3872,3868.45,3871.8,508,
2024-05-15 10:45:00+05:30,3870.6,3871.9,3869.1,3869.1,269,
2024-05-15 10:46:00+05:30,3869.1,3873.2,3869.1,3873.2,56,
2024-05-15 10:47:00+05:30,3873.45,3874.1,3873.2,3874,43,
2024-05-15 10:48:00+05:30,3874,3879.65,3873,3879.65,1415,
2024-05-15 10:49:00+05:30,3879.65,3883,3878.3,3881.1,1237,
2024-05-15 10:50:00+05:30,3881.1,3883,3880,3882.55,539,
2024-05-15 10:51:00+05:30,3882.3,3882.85,3880,3882.8,336,
2024-05-15 10:52:00+05:30,3882.8,3883,3882.8,3883,32,
2024-05-15 10:53:00+05:30,3883,3883,3880,3882.6,278,
2024-05-15 10:54:00+05:30,3882.6,3883.45,3880,3880,427,
2024-05-15 10:55:00+05:30,3880,3881.7,3880,3881,41,
2024-05-15 10:56:00+05:30,3881,3883.15,3880.7,3883.15,7,
2024-05-15 10:57:00+05:30,3883.25,3883.55,3883,3883,1005,
2024-05-15 10:58:00+05:30,3883,3883,3882.85,3882.85,21,
2024-05-15 10:59:00+05:30,3882.85,3888.95,3882.5,3887.2,365,
2024-05-15 11:00:00+05:30,3887.2,3895.6,3887,3892.7,1960,
2024-05-15 11:01:00+05:30,3892.7,3897.85,3889.3,3896.45,1442,
2024-05-15 11:02:00+05:30,3896.45,3899.9,3894.5,3899.85,536,
2024-05-15 11:03:00+05:30,3899.65,3901.6,3895.55,3895.55,2784,
2024-05-15 11:04:00+05:30,3895.55,3898.85,3895.25,3898.85,226,
2024-05-15 11:05:00+05:30,3898.85,3900.2,3898.25,3899,526,
2024-05-15 11:06:00+05:30,3899.05,3899.5,3896.05,3897.85,451,
2024-05-15 11:07:00+05:30,3897.8,3899.6,3897.3,3897.3,222,
2024-05-15 11:08:00+05:30,3897,3898.1,3894,3896.95,291,
2024-05-15 11:09:00+05:30,3896.95,3896.95,3892.15,3892.35,65,
2024-05-15 11:10:00+05:30,3892.35,3894.95,3892.35,3892.55,86,
2024-05-15 11:11:00+05:30,3892.55,3893.85,3892.2,3892.4,171,
2024-05-15 11:12:00+05:30,3892.4,3894.25,3891.9,3893.35,363,
2024-05-15 11:13:00+05:30,3893.95,3894.15,3891.5,3894.15,53,
2024-05-15 11:14:00+05:30,3894.05,3897.05,3893.75,3895.35,115,
2024-05-15 11:15:00+05:30,3895.35,3899.3,3894.2,3897.5,342,
2024-05-15 11:16:00+05:30,3897.5,3899.15,3897.15,3898.9,16,
2024-05-15 11:17:00+05:30,3898.9,3899.05,3897.55,3897.7,20,
2024-05-15 11:18:00+05:30,3897.7,3898.95,3897.7,3898.45,160,
2024-05-15 11:19:00+05:30,3898.45,3898.6,3897.6,3898,250,
2024-05-15 11:20:00+05:30,3898,3898.7,3895.1,3895.1,178,
2024-05-15 11:21:00+05:30,3895.1,3896.5,3894.6,3895.45,12,
2024-05-15 11:22:00+05:30,3895.45,3896.95,3895.45,3896.45,32,
2024-05-15 11:23:00+05:30,3896.45,3896.8,3894,3894.95,65,
2024-05-15 11:24:00+05:30,3894.95,3895.05,3893.55,3895.05,18,
2024-05-15 11:25:00+05:30,3895.05,3895.05,3891,3891,160,
2024-05-15 11:26:00+05:30,3890.4,3894.3,3889.85,3894.3,100,
2024-05-15 11:27:00+05:30,3894.95,3894.95,3891.35,3891.35,74,
2024-05-15 11:28:00+05:30,3891.35,3892.65,3889.25,3889.25,321,
2024-05-15 11:29:00+05:30,3889.25,3889.25,3881.05,3883.35,275,
2024-05-15 11:30:00+05:30,3883.35,3883.8,3880.65,3880.65,484,
2024-05-15 11:31:00+05:30,3880.65,3885.5,3880.65,3881.75,450,
2024-05-15 11:32:00+05:30,3881.05,3883.3,3880.9,3881.35,81,
2024-05-15 11:33:00+05:30,3881.55,3882.35,3881,3881,165,
2024-05-15 11:34:00+05:30,3881,3883.5,3880,3880.3,125,
2024-05-15 11:35:00+05:30,3880.3,3884,3880.3,3884,38,
2024-05-15 11:36:00+05:30,3884,3885,3883.4,3885,9,
2024-05-15 11:37:00+05:30,3885,3885,3880.95,3883.15,33,
2024-05-15 11:38:00+05:30,3883.15,3891.7,3883.15,3890.45,481,
2024-05-15 11:39:00+05:30,3890.45,3890.7,3889.65,3890,5,
2024-05-15 11:40:00+05:30,3890,3891.3,3890,3891.1,50,
2024-05-15 11:41:00+05:30,3891.1,3891.1,3885.9,3889.8,469,
2024-05-15 11:42:00+05:30,3889.8,3890.65,3886.55,3886.55,109,
2024-05-15 11:43:00+05:30,3886.55,3886.55,3883.05,3885,43,
2024-05-15 11:44:00+05:30,3885,3885.6,3882.6,3882.65,87,
2024-05-15 11:45:00+05:30,3882.65,3885.9,3882.65,3884.6,220,
2024-05-15 11:46:00+05:30,3884.6,3884.6,3880,3882,584,
2024-05-15 11:47:00+05:30,3882,3882.05,3880,3880,173,
2024-05-15 11:48:00+05:30,3880,3882,3880,3880.3,305,
2024-05-15 11:49:00+05:30,3880.3,3882,3880,3880.05,140,
2024-05-15 11:50:00+05:30,3882,3887.4,3880.65,3883,1691,
2024-05-15 11:51:00+05:30,3883,3883.05,3881.65,3881.65,113,
2024-05-15 11:52:00+05:30,3881.65,3882.6,3880.65,3881.65,50,
2024-05-15 11:53:00+05:30,3881.65,3886.25,3881.15,3884,2285,
2024-05-15 11:54:00+05:30,3884,3884,3881.5,3881.75,41,
2024-05-15 11:55:00+05:30,3881.75,3883,3880.8,3880.8,218,
2024-05-15 11:56:00+05:30,3880.8,3882.5,3880.35,3880.35,23,
2024-05-15 11:57:00+05:30,3881.5,3886.5,3881.5,3885.8,551,
2024-05-15 11:58:00+05:30,3885.8,3888.4,3884.75,3886.95,292,
2024-05-15 11:59:00+05:30,3886.45,3893.05,3886.45,3891.1,373,
2024-05-15 12:00:00+05:30,3891.2,3892.3,3890.3,3890.3,42,
2024-05-15 12:01:00+05:30,3890.3,3893.75,3888,3892.7,1209,
2024-05-15 12:02:00+05:30,3891.6,3892.3,3888,3889.95,692,
2024-05-15 12:03:00+05:30,3889.95,3889.95,3888,3888,133,
2024-05-15 12:04:00+05:30,3888,3892,3887.75,3890.05,534,
2024-05-15 12:05:00+05:30,3889.8,3892.3,3888.05,3892.3,121,
2024-05-15 12:06:00+05:30,3892.45,3892.85,3890.2,3890.95,245,
2024-05-15 12:07:00+05:30,3890.95,3895,3890.6,3892.35,2490,
2024-05-15 12:08:00+05:30,3892.35,3895.1,3892,3895,107,
2024-05-15 12:09:00+05:30,3895,3896.4,3894.55,3896.25,127,
2024-05-15 12:10:00+05:30,3896.25,3900,3895.3,3897.65,616,
2024-05-15 12:11:00+05:30,3896.35,3899.45,3895,3899.45,330,
2024-05-15 12:12:00+05:30,3899.45,3899.45,3896.05,3896.35,70,
2024-05-15 12:13:00+05:30,3896.35,3897.8,3895.15,3895.35,47,
2024-05-15 12:14:00+05:30,3895.35,3897,3895.35,3897,71,
2024-05-15 12:15:00+05:30,3896.9,3898.55,3896.4,3896.6,124,
2024-05-15 12:16:00+05:30,3896.6,3899.75,3896.3,3896.85,78,
2024-05-15 12:17:00+05:30,3896.85,3900,3896.85,3898.55,104,
2024-05-15 12:18:00+05:30,3899.95,3900,3897.45,3898.65,245,
2024-05-15 12:19:00+05:30,3898.65,3900.35,3897.9,3897.9,647,
2024-05-15 12:20:00+05:30,3897.9,3897.9,3896,3896,456,
2024-05-15 12:21:00+05:30,3896,3896,3890,3891,261,
2024-05-15 12:22:00+05:30,3891,3893.05,3888.7,3891.3,254,
2024-05-15 12:23:00+05:30,3891.3,3892.85,3889.05,3889.15,113,
2024-05-15 12:24:00+05:30,3889.15,3890.2,3887.4,3887.55,324,
2024-05-15 12:25:00+05:30,3887.55,3890,3886.8,3889.8,163,
2024-05-15 12:26:00+05:30,3891,3891.95,3889.6,3890.65,103,
2024-05-15 12:27:00+05:30,3890.65,3893.05,3890.65,3893.05,265,
2024-05-15 12:28:00+05:30,3893.05,3896.25,3892.7,3896.25,73,
2024-05-15 12:29:00+05:30,3896.25,3900,3893.75,3899.25,626,
2024-05-15 12:30:00+05:30,3899.25,3899.4,3894.9,3896.15,117,
2024-05-15 12:31:00+05:30,3896.15,3900,3895.75,3896,214,
2024-05-15 12:32:00+05:30,3896,3899.6,3895.8,3896.3,90,
2024-05-15 12:33:00+05:30,3896.1,3897.8,3894.7,3894.75,53,
2024-05-15 12:34:00+05:30,3894.75,3897,3894.75,3896.2,43,
2024-05-15 12:35:00+05:30,3896.2,3900,3896.2,3898.2,292,
2024-05-15 12:36:00+05:30,3899.05,3900,3898.2,3898.2,97,
2024-05-15 12:37:00+05:30,3898.2,3900.35,3897.55,3900,511,
2024-05-15 12:38:00+05:30,3900,3905,3898.8,3900,3219,
2024-05-15 12:39:00+05:30,3900.1,3900.1,3896.5,3896.9,129,
2024-05-15 12:40:00+05:30,3896.9,3898.95,3896.9,3897.05,275,
2024-05-15 12:41:00+05:30,3897.05,3900.7,3895.5,3895.95,238,
2024-05-15 12:42:00+05:30,3897.55,3898.7,3894.95,3896.55,117,
2024-05-15 12:43:00+05:30,3896.55,3898.5,3894.35,3896.2,267,
2024-05-15 12:44:00+05:30,3896.2,3899.55,3893.15,3893.75,541,
2024-05-15 12:45:00+05:30,3893.75,3894.55,3893.65,3894,121,
2024-05-15 12:46:00+05:30,3894,3896.15,3894,3894.6,299,
2024-05-15 12:47:00+05:30,3894.6,3895.8,3894.6,3894.9,28,
2024-05-15 12:48:00+05:30,3894.9,3894.9,3891.05,3891.05,621,
2024-05-15 12:49:00+05:30,3891.05,3892.75,3887.75,3888.3,527,
2024-05-15 12:50:00+05:30,3888.3,3889.45,3886.55,3887.5,50,
2024-05-15 12:51:00+05:30,3887.5,3891,3886.35,3891,542,
2024-05-15 12:52:00+05:30,3891.15,3891.75,3890.15,3890.35,352,
2024-05-15 12:53:00+05:30,3890.35,3890.9,3889.6,3889.6,60,
2024-05-15 12:54:00+05:30,3889.6,3892,3889.6,3891.5,79,
2024-05-15 12:55:00+05:30,3891.5,3892,3890.5,3892,217,
2024-05-15 12:56:00+05:30,3892,3892,3889.85,3889.85,134,
2024-05-15 12:57:00+05:30,3891,3891,3888.05,3888.7,147,
2024-05-15 12:58:00+05:30,3888.7,3891.4,3886.05,3886.05,180,
2024-05-15 12:59:00+05:30,3886.9,3888.85,3882.9,3883.4,277,
2024-05-15 13:00:00+05:30,3883.4,3889.15,3882.5,3882.5,346,
2024-05-15 13:01:00+05:30,3882.5,3886,3882,3886,68,
2024-05-15 13:02:00+05:30,3886,3886,3884.05,3885.3,161,
2024-05-15 13:03:00+05:30,3885.3,3889.35,3882.15,3885.35,474,
2024-05-15 13:04:00+05:30,3885.35,3891.9,3884.35,3888.75,478,
2024-05-15 13:05:00+05:30,3888.75,3890.85,3887.7,3889.7,81,
2024-05-15 13:06:00+05:30,3889.7,3898,3889.7,3898,516,
2024-05-15 13:07:00+05:30,3898,3898,3895.05,3895.85,52,
2024-05-15 13:08:00+05:30,3895.85,3896.6,3891.9,3893.3,180,
2024-05-15 13:09:00+05:30,3893.5,3895,3892.95,3893.25,655,
2024-05-15 13:10:00+05:30,3894,3895,3894,3894,37,
2024-05-15 13:11:00+05:30,3894,3894,3891.95,3891.95,82,
2024-05-15 13:12:00+05:30,3891.95,3894.95,3891.5,3892.5,356,
2024-05-15 13:13:00+05:30,3892.5,3893.45,3889.3,3893.45,89,
2024-05-15 13:14:00+05:30,3893.45,3893.45,3891.2,3891.5,111,
2024-05-15 13:15:00+05:30,3891.5,3892.85,3891.05,3891.1,48,
2024-05-15 13:16:00+05:30,3892.75,3894.6,3891.5,3894.6,93,
2024-05-15 13:17:00+05:30,3894.6,3896.4,3891.75,3896.4,228,
2024-05-15 13:18:00+05:30,3896.4,3898.8,3895.65,3897.15,112,
2024-05-15 13:19:00+05:30,3897.15,3899,3897.15,3898.75,141,
2024-05-15 13:20:00+05:30,3898.75,3910,3898.75,3910,2136,
2024-05-15 13:21:00+05:30,3911.3,3911.45,3904.8,3904.8,1665,
2024-05-15 13:22:00+05:30,3904.8,3906.95,3901.85,3901.85,487,
2024-05-15 13:23:00+05:30,3901.85,3904.55,3901,3904.55,111,
2024-05-15 13:24:00+05:30,3904.55,3907.35,3904.45,3905.4,75,
2024-05-15 13:25:00+05:30,3905.4,3905.4,3903.2,3903.2,226,
2024-05-15 13:26:00+05:30,3903.2,3904.05,3902.05,3902.35,60,
2024-05-15 13:27:00+05:30,3902.35,3904.75,3900,3900.15,173,
2024-05-15 13:28:00+05:30,3900.15,3901.3,3898.55,3900,354,
2024-05-15 13:29:00+05:30,3900,3900.6,3898.4,3898.75,139,
2024-05-15 13:30:00+05:30,3898.75,3899.1,3897.3,3898.2,70,
2024-05-15 13:31:00+05:30,3898.2,3899.65,3897.35,3899.25,210,
2024-05-15 13:32:00+05:30,3898.55,3902.6,3898.55,3901.05,235,
2024-05-15 13:33:00+05:30,3901.05,3903.75,3900.3,3901.4,73,
2024-05-15 13:34:00+05:30,3901.4,3904.85,3901.4,3904.85,51,
2024-05-15 13:35:00+05:30,3904.85,3905.25,3899.7,3901.45,1407,
2024-05-15 13:36:00+05:30,3901.45,3901.45,3899.1,3900.95,114,
2024-05-15 13:37:00+05:30,3900.95,3901.15,3897.35,3898.4,253,
2024-05-15 13:38:00+05:30,3898.4,3898.4,3897.3,3897.9,90,
2024-05-15 13:39:00+05:30,3897.9,3898.55,3897.3,3897.3,56,
2024-05-15 13:40:00+05:30,3897.3,3901.15,3897.3,3899.15,166,
2024-05-15 13:41:00+05:30,3899,3899,3896.2,3896.2,127,
2024-05-15 13:42:00+05:30,3896.2,3902.6,3896.2,3897.9,371,
2024-05-15 13:43:00+05:30,3897.9,3898.25,3896.75,3898.2,57,
2024-05-15 13:44:00+05:30,3898.2,3910.35,3898,3906.45,1330,
2024-05-15 13:45:00+05:30,3906.45,3907.8,3904.9,3907.05,128,
2024-05-15 13:46:00+05:30,3907.05,3907.55,3904.95,3907.55,128,
2024-05-15 13:47:00+05:30,3907.55,3907.55,3905.4,3906.65,124,
2024-05-15 13:48:00+05:30,3906.65,3908.6,3906.2,3907.8,135,
2024-05-15 13:49:00+05:30,3907.8,3909,3905,3907.95,357,
2024-05-15 13:50:00+05:30,3907.95,3908.55,3907.3,3907.55,92,
2024-05-15 13:51:00+05:30,3907.55,3907.55,3904.85,3904.85,167,
2024-05-15 13:52:00+05:30,3904.85,3904.9,3900.4,3900.4,324,
2024-05-15 13:53:00+05:30,3900.4,3901.05,3897.35,3899.05,192,
2024-05-15 13:54:00+05:30,3899.05,3899.2,3898,3898,115,
2024-05-15 13:55:00+05:30,3898,3899.9,3898,3898.2,33,
2024-05-15 13:56:00+05:30,3898.2,3899.6,3898.1,3898.1,70,
2024-05-15 13:57:00+05:30,3898.1,3899.15,3898.1,3898.4,33,
2024-05-15 13:58:00+05:30,3898.4,3901.35,3898.1,3900.55,108,
2024-05-15 13:59:00+05:30,3900.55,3901,3898,3899.7,252,
2024-05-15 14:00:00+05:30,3899.7,3901,3898.6,3900.2,740,
2024-05-15 14:01:00+05:30,3900.2,3901,3899.8,3900.85,23,
2024-05-15 14:02:00+05:30,3900.85,3902.05,3900.8,3902.05,116,
2024-05-15 14:03:00+05:30,3902.05,3902.7,3902.05,3902.35,57,
2024-05-15 14:04:00+05:30,3902.35,3902.35,3900.65,3902,34,
2024-05-15 14:05:00+05:30,3901.3,3902.9,3901.3,3902.65,51,
2024-05-15 14:06:00+05:30,3902.65,3906.95,3901.8,3906.2,945,
2024-05-15 14:07:00+05:30,3906.2,3906.2,3904.1,3904.1,586,
2024-05-15 14:08:00+05:30,3903.6,3904.3,3901.55,3904.3,99,
2024-05-15 14:09:00+05:30,3904.3,3904.3,3903,3904.05,723,
2024-05-15 14:10:00+05:30,3904.05,3906.6,3902.05,3903.7,252,
2024-05-15 14:11:00+05:30,3903.7,3904.9,3902.6,3904,609,
2024-05-15 14:12:00+05:30,3904,3908.8,3904,3908.8,680,
2024-05-15 14:13:00+05:30,3908.35,3911.5,3907.15,3910.15,217,
2024-05-15 14:14:00+05:30,3910.15,3910.45,3907.1,3907.45,309,
2024-05-15 14:15:00+05:30,3907.45,3908.75,3906.05,3906.05,79,
2024-05-15 14:16:00+05:30,3906.05,3909.75,3905.6,3907.85,58,
2024-05-15 14:17:00+05:30,3907.85,3914,3907.85,3908.85,1290,
2024-05-15 14:18:00+05:30,3908.85,3910,3905,3905,290,
2024-05-15 14:19:00+05:30,3905,3905,3902.2,3902.9,153,
2024-05-15 14:20:00+05:30,3902.9,3904,3900.05,3900.5,150,
2024-05-15 14:21:00+05:30,3899.45,3903.85,3899.45,3900.15,437,
2024-05-15 14:22:00+05:30,3900.15,3901.4,3900.15,3900.15,73,
2024-05-15 14:23:00+05:30,3900.15,3900.6,3900.05,3900.05,47,
2024-05-15 14:24:00+05:30,3900.05,3904.3,3900,3900,206,
2024-05-15 14:25:00+05:30,3900,3900.05,3894.5,3894.5,249,
2024-05-15 14:26:00+05:30,3894.5,3896.9,3891.15,3895.6,417,
2024-05-15 14:27:00+05:30,3895.6,3897.9,3893.1,3894.55,163,
2024-05-15 14:28:00+05:30,3895.15,3896,3893,3893.2,1786,
2024-05-15 14:29:00+05:30,3893.2,3893.25,3888.25,3888.4,593,
2024-05-15 14:30:00+05:30,3888.4,3893.8,3888.05,3890.5,346,
2024-05-15 14:31:00+05:30,3890.5,3893.85,3890.15,3892.65,153,
2024-05-15 14:32:00+05:30,3892.65,3895.1,3892.65,3893.3,157,
2024-05-15 14:33:00+05:30,3893.3,3898.15,3893.05,3895.85,321,
2024-05-15 14:34:00+05:30,3896.95,3896.95,3893.8,3894.05,150,
2024-05-15 14:35:00+05:30,3894.05,3896.8,3893.9,3893.9,282,
2024-05-15 14:36:00+05:30,3893.9,3898.5,3893.9,3896.25,188,
2024-05-15 14:37:00+05:30,3897.9,3897.9,3892.8,3893.05,641,
2024-05-15 14:38:00+05:30,3892.8,3892.8,3888.4,3889.7,1582,
2024-05-15 14:39:00+05:30,3889.7,3892,3889.7,3891,265,
2024-05-15 14:40:00+05:30,3891,3892,3891,3891,422,
2024-05-15 14:41:00+05:30,3892,3892,3891,3891,173,
2024-05-15 14:42:00+05:30,3891,3896.95,3891,3893,2597,
2024-05-15 14:43:00+05:30,3892.75,3894.05,3891.25,3891.55,253,
2024-05-15 14:44:00+05:30,3891.55,3895,3891.55,3895,531,
2024-05-15 14:45:00+05:30,3895,3895.25,3895,3895,130,
2024-05-15 14:46:00+05:30,3895,3896.95,3894.65,3894.7,261,
2024-05-15 14:47:00+05:30,3894.7,3898.65,3894.7,3897,141,
2024-05-15 14:48:00+05:30,3897,3901.95,3897,3900,488,
2024-05-15 14:49:00+05:30,3902,3902,3900.1,3901.3,159,
2024-05-15 14:50:00+05:30,3901.3,3902.95,3896.65,3898.65,509,
2024-05-15 14:51:00+05:30,3898.65,3900.65,3898.25,3898.45,152,
2024-05-15 14:52:00+05:30,3898.45,3900.55,3898.45,3899.15,219,
2024-05-15 14:53:00+05:30,3899.15,3899.95,3897.8,3897.8,305,
2024-05-15 14:54:00+05:30,3898.4,3900.85,3898.4,3900.35,446,
2024-05-15 14:55:00+05:30,3900.35,3902.3,3900.25,3900.8,301,
2024-05-15 14:56:00+05:30,3900.8,3902,3900.7,3900.85,256,
2024-05-15 14:57:00+05:30,3900.9,3902.8,3900.9,3901.45,203,
2024-05-15 14:58:00+05:30,3901.1,3902,3899.8,3902,333,
2024-05-15 14:59:00+05:30,3902,3902.95,3901.05,3901.05,247,
2024-05-15 15:00:00+05:30,3901.1,3907.55,3900.7,3905.35,759,
2024-05-15 15:01:00+05:30,3905.35,3907.95,3903,3904.1,963,
2024-05-15 15:02:00+05:30,3904.9,3904.9,3900,3902,391,
2024-05-15 15:03:00+05:30,3901.6,3904.05,3898,3898.05,389,
2024-05-15 15:04:00+05:30,3898,3898.05,3892.25,3893.2,689,
2024-05-15 15:05:00+05:30,3895,3895,3889.95,3892.25,1072,
2024-05-15 15:06:00+05:30,3892.25,3893.85,3887.95,3888.5,2067,
2024-05-15 15:07:00+05:30,3888.5,3893.6,3888.25,3892.9,518,
2024-05-15 15:08:00+05:30,3892.9,3894.9,3891,3894.05,404,
2024-05-15 15:09:00+05:30,3894.05,3900.15,3893.4,3898.05,3123,
2024-05-15 15:10:00+05:30,3898.05,3898.05,3894.1,3894.3,486,
2024-05-15 15:11:00+05:30,3894.4,3897.15,3893.9,3895.8,821,
2024-05-15 15:12:00+05:30,3895.05,3895.9,3891.9,3893.95,705,
2024-05-15 15:13:00+05:30,3894.2,3896,3894,3894,594,
2024-05-15 15:14:00+05:30,3895.45,3898.65,3891.85,3891.85,1616,
2024-05-15 15:15:00+05:30,3892.05,3893,3889,3889.05,1782,
2024-05-15 15:16:00+05:30,3889.05,3899.8,3888.2,3890.85,1146,
2024-05-15 15:17:00+05:30,3891.4,3893.25,3886.6,3889.9,1378,
2024-05-15 15:18:00+05:30,3889.9,3889.9,3887,3887.8,550,
2024-05-15 15:19:00+05:30,3887.95,3887.95,3886.05,3886.85,432,
2024-05-15 15:20:00+05:30,3886.85,3888,3884.65,3884.65,2187,
2024-05-15 15:21:00+05:30,3885,3888.05,3884.15,3887.5,384,
2024-05-15 15:22:00+05:30,3887.4,3887.5,3885.15,3885.55,208,
2024-05-15 15:23:00+05:30,3885.5,3887.3,3885.2,3887.3,530,
2024-05-15 15:24:00+05:30,3887.2,3890.85,3887.1,3890.85,634,
2024-05-15 15:25:00+05:30,3890.65,3893.9,3889.55,3891.7,587,
2024-05-15 15:26:00+05:30,3891.7,3893.65,3890.4,3891.25,1034,
2024-05-15 15:27:00+05:30,3891.05,3891.05,3880.6,3887.5,1612,
2024-05-15 15:28:00+05:30,3887.5,3892,3887.4,3888.3,889,
2024-05-15 15:29:00+05:30,3888.3,3890,3881.05,3888,327,
2024-05-16 09:15:00+05:30,3896,3899.8,3871.7,3888.35,2583,
2024-05-16 09:16:00+05:30,3886.45,3893.55,3882,3882.05,1797,
2024-05-16 09:17:00+05:30,3883,3889.05,3882,3882,1291,
2024-05-16 09:18:00+05:30,3882.05,3887.65,3881.05,3886.85,1302,
2024-05-16 09:19:00+05:30,3889.15,3891.2,3887.45,3888.3,136,
2024-05-16 09:20:00+05:30,3889.45,3889.45,3879.05,3882,3374,
2024-05-16 09:21:00+05:30,3883,3884,3880.8,3881.15,131,
2024-05-16 09:22:00+05:30,3883.05,3889.7,3880.85,3887.8,602,
2024-05-16 09:23:00+05:30,3889.5,3890.2,3881.05,3881.05,1148,
2024-05-16 09:24:00+05:30,3882.2,3882.2,3872.45,3878.25,1342,
2024-05-16 09:25:00+05:30,3879.25,3880.7,3875.15,3875.65,1375,
2024-05-16 09:26:00+05:30,3875.65,3880.85,3875.05,3880.85,961,
2024-05-16 09:27:00+05:30,3881.55,3882,3877.6,3877.6,502,
2024-05-16 09:28:00+05:30,3879,3880.05,3875,3875,936,
2024-05-16 09:29:00+05:30,3875.7,3875.7,3872,3872,867,
2024-05-16 09:30:00+05:30,3873.1,3874,3868,3873.95,1509,
2024-05-16 09:31:00+05:30,3873.95,3875.95,3866.1,3866.4,1995,
2024-05-16 09:32:00+05:30,3866.45,3869.6,3865.1,3865.35,1382,
2024-05-16 09:33:00+05:30,3866.25,3870.05,3863.2,3870,2729,
2024-05-16 09:34:00+05:30,3870,3872.05,3867,3867,1794,
2024-05-16 09:35:00+05:30,3867,3870.05,3867,3867,749,
2024-05-16 09:36:00+05:30,3867,3867,3860.05,3860.05,1013,
2024-05-16 09:37:00+05:30,3860.9,3860.9,3857.05,3858.8,1947,
2024-05-16 09:38:00+05:30,3858.8,3859.45,3855,3857.3,1284,
2024-05-16 09:39:00+05:30,3857.6,3859.3,3857,3857,1095,
2024-05-16 09:40:00+05:30,3857,3859.6,3857,3858.6,561,
2024-05-16 09:41:00+05:30,3858.6,3862,3858.6,3858.7,689,
2024-05-16 09:42:00+05:30,3858,3861,3857.1,3860,744,
2024-05-16 09:43:00+05:30,3860,3862.8,3860,3860,1264,
2024-05-16 09:44:00+05:30,3860,3860.1,3857.1,3857.1,2132,
2024-05-16 09:45:00+05:30,3857.2,3858.85,3852,3852,1705,
2024-05-16 09:46:00+05:30,3852,3852,3843.5,3843.5,3661,
2024-05-16 09:47:00+05:30,3846.2,3846.2,3840,3841,2792,
2024-05-16 09:48:00+05:30,3840.7,3841.2,3835,3841.2,966,
2024-05-16 09:49:00+05:30,3838.1,3844.85,3836,3836,1408,
2024-05-16 09:50:00+05:30,3836,3837.1,3830,3836.6,1249,
2024-05-16 09:51:00+05:30,3836.5,3840.65,3832.75,3835.35,1903,
2024-05-16 09:52:00+05:30,3835.35,3841,3835.35,3839.05,1273,
2024-05-16 09:53:00+05:30,3839.05,3842.7,3837.05,3837.65,1725,
2024-05-16 09:54:00+05:30,3837.7,3839.8,3835,3835,533,
2024-05-16 09:55:00+05:30,3835,3837.25,3835,3835.1,617,
2024-05-16 09:56:00+05:30,3835.7,3838.15,3835.05,3837.2,590,
2024-05-16 09:57:00+05:30,3835.55,3837.5,3832,3833.6,1341,
2024-05-16 09:58:00+05:30,3833.6,3837.95,3833,3835.1,836,
2024-05-16 09:59:00+05:30,3835.1,3840.7,3835.1,3838.05,594,
2024-05-16 10:00:00+05:30,3835.75,3837.85,3833.05,3833.2,1344,
2024-05-16 10:01:00+05:30,3833.2,3837,3831.7,3834.85,842,
2024-05-16 10:02:00+05:30,3834.85,3840.15,3833.2,3840.15,1023,
2024-05-16 10:03:00+05:30,3842.9,3842.9,3838.4,3839.3,1257,
2024-05-16 10:04:00+05:30,3839.4,3846,3838.1,3839.05,1841,
2024-05-16 10:05:00+05:30,3838.65,3849.4,3838.25,3845.6,2165,
2024-05-16 10:06:00+05:30,3846.9,3855,3846.35,3848.75,5039,
2024-05-16 10:07:00+05:30,3848.75,3850,3845.95,3847.35,1646,
2024-05-16 10:08:00+05:30,3846.6,3848.3,3845,3846.7,795,
2024-05-16 10:09:00+05:30,3846.7,3848.3,3845.05,3845.05,1081,
2024-05-16 10:10:00+05:30,3845.1,3848,3842.15,3844.1,1036,
2024-05-16 10:11:00+05:30,3844.1,3848.25,3842.3,3848.25,357,
2024-05-16 10:12:00+05:30,3852.05,3853.4,3848.5,3850.25,2502,
2024-05-16 10:13:00+05:30,3850.2,3850.2,3846.95,3847.35,406,
2024-05-16 10:14:00+05:30,3847.35,3849.6,3846.9,3848.45,960,
2024-05-16 10:15:00+05:30,3848.45,3851.5,3848,3849.7,537,
2024-05-16 10:16:00+05:30,3849.7,3855.8,3849.7,3854.05,470,
2024-05-16 10:17:00+05:30,3854.05,3854.5,3850.65,3852.9,520,
2024-05-16 10:18:00+05:30,3852.9,3852.9,3850,3850.55,1178,
2024-05-16 10:19:00+05:30,3850.55,3851.85,3848.15,3850.3,782,
2024-05-16 10:20:00+05:30,3850.3,3853,3849.1,3849.1,1164,
2024-05-16 10:21:00+05:30,3849.1,3850.25,3846.55,3846.9,1718,
2024-05-16 10:22:00+05:30,3847.45,3848.25,3842.5,3842.95,1635,
2024-05-16 10:23:00+05:30,3842.95,3846.1,3841.8,3842.2,1400,
2024-05-16 10:24:00+05:30,3842.45,3843.75,3837,3839.05,1600,
2024-05-16 10:25:00+05:30,3838.95,3840,3835.1,3835.1,1143,
2024-05-16 10:26:00+05:30,3836.25,3846.3,3835.7,3842.95,1655,
2024-05-16 10:27:00+05:30,3843.45,3848.2,3842.85,3844.4,527,
2024-05-16 10:28:00+05:30,3844.65,3848.5,3844.35,3846.4,807,
2024-05-16 10:29:00+05:30,3846.25,3847.9,3842.7,3842.7,570,
2024-05-16 10:30:00+05:30,3842.7,3845,3842.7,3844.05,594,
2024-05-16 10:31:00+05:30,3844.05,3845.4,3843.65,3844.4,500,
2024-05-16 10:32:00+05:30,3845.75,3845.75,3842.2,3843.7,261,
2024-05-16 10:33:00+05:30,3844.05,3849.15,3843.4,3847.5,597,
2024-05-16 10:34:00+05:30,3847.5,3849.25,3845,3845,363,
2024-05-16 10:35:00+05:30,3845,3849.05,3844.05,3846.1,585,
2024-05-16 10:36:00+05:30,3848.45,3864.3,3846.7,3862.3,1516,
2024-05-16 10:37:00+05:30,3862.95,3867.95,3860.2,3865.45,813,
2024-05-16 10:38:00+05:30,3867.5,3873.8,3864.6,3871.3,1267,
2024-05-16 10:39:00+05:30,3871.3,3873.25,3866,3867.2,1364,
2024-05-16 10:40:00+05:30,3867.2,3869.1,3866,3869.1,679,
2024-05-16 10:41:00+05:30,3866.9,3870,3866.35,3866.75,448,
2024-05-16 10:42:00+05:30,3866.75,3869.95,3866,3869.95,1354,
2024-05-16 10:43:00+05:30,3869.95,3880,3869.95,3879.8,1850,
2024-05-16 10:44:00+05:30,3879.8,3882.15,3876.9,3880.75,1424,
2024-05-16 10:45:00+05:30,3880.75,3884.6,3878.5,3878.55,1493,
2024-05-16 10:46:00+05:30,3878.55,3880.85,3867.55,3868.4,1292,
2024-05-16 10:47:00+05:30,3866.55,3871.8,3862.7,3863.45,2347,
2024-05-16 10:48:00+05:30,3863.45,3866.5,3861.35,3861.4,2051,
2024-05-16 10:49:00+05:30,3861.4,3864.65,3859.15,3859.75,1917,
2024-05-16 10:50:00+05:30,3859.75,3864.6,3859.75,3860.05,1330,
2024-05-16 10:51:00+05:30,3861.15,3862.05,3859,3859.85,954,
2024-05-16 10:52:00+05:30,3859.85,3866.85,3859,3860.7,486,
2024-05-16 10:53:00+05:30,3860.7,3865.15,3859.1,3863.05,1138,
2024-05-16 10:54:00+05:30,3863.95,3873.5,3863.95,3870,755,
2024-05-16 10:55:00+05:30,3870,3873.45,3867.85,3870.35,531,
2024-05-16 10:56:00+05:30,3870.35,3871.65,3868.65,3868.7,481,
2024-05-16 10:57:00+05:30,3868.7,3870,3865.4,3866.3,636,
2024-05-16 10:58:00+05:30,3866.3,3870.95,3866.3,3870,693,
2024-05-16 10:59:00+05:30,3870,3870.25,3866.1,3867.05,244,
2024-05-16 11:00:00+05:30,3867.05,3872.25,3866.95,3868.85,900,
2024-05-16 11:01:00+05:30,3868.85,3874,3868.85,3869.5,624,
2024-05-16 11:02:00+05:30,3869.65,3871.8,3868.65,3870.1,114,
2024-05-16 11:03:00+05:30,3870.1,3873.35,3869.7,3871.7,559,
2024-05-16 11:04:00+05:30,3871.7,3878.75,3871.7,3878.5,366,
2024-05-16 11:05:00+05:30,3878.1,3882.75,3877.1,3877.1,1189,
2024-05-16 11:06:00+05:30,3876,3877.8,3874.75,3875.2,275,
2024-05-16 11:07:00+05:30,3875.2,3877.8,3870.3,3871.85,364,
2024-05-16 11:08:00+05:30,3870.05,3873.8,3870.05,3871.5,595,
2024-05-16 11:09:00+05:30,3871.5,3873.85,3871.2,3872.05,138,
2024-05-16 11:10:00+05:30,3872.05,3872.75,3869.2,3871.4,228,
2024-05-16 11:11:00+05:30,3871.4,3874.3,3869.5,3873.3,238,
2024-05-16 11:12:00+05:30,3873.3,3873.3,3870,3872.45,738,
2024-05-16 11:13:00+05:30,3872.45,3872.45,3870,3870,18,
2024-05-16 11:14:00+05:30,3870,3871.95,3868.2,3868.2,243,
2024-05-16 11:15:00+05:30,3868.2,3870.4,3868.2,3870.3,42,
2024-05-16 11:16:00+05:30,3870.3,3870.3,3868,3868,32,
2024-05-16 11:17:00+05:30,3868,3870.3,3865,3865,436,
2024-05-16 11:18:00+05:30,3865,3866.75,3858.1,3860.1,788,
2024-05-16 11:19:00+05:30,3860,3860.65,3853.8,3853.8,683,
2024-05-16 11:20:00+05:30,3853.8,3855.65,3850.5,3853.25,431,
2024-05-16 11:21:00+05:30,3854.6,3855.7,3852.15,3855.7,89,
2024-05-16 11:22:00+05:30,3855.7,3855.8,3853,3855,452,
2024-05-16 11:23:00+05:30,3855,3855.85,3854.5,3855.55,105,
2024-05-16 11:24:00+05:30,3854.8,3859.95,3854.8,3858.05,59,
2024-05-16 11:25:00+05:30,3858.05,3864.6,3858.05,3861.6,147,
2024-05-16 11:26:00+05:30,3861.6,3862.8,3860.05,3862.8,66,
2024-05-16 11:27:00+05:30,3862.8,3864,3861.8,3862.05,125,
2024-05-16 11:28:00+05:30,3862.05,3863.95,3861.95,3862,254,
2024-05-16 11:29:00+05:30,3862.1,3863.95,3861.95,3862.15,94,
2024-05-16 11:30:00+05:30,3862.15,3868.5,3862.15,3862.15,465,
2024-05-16 11:31:00+05:30,3862.15,3866.95,3862.15,3866.1,162,
2024-05-16 11:32:00+05:30,3866.1,3872.85,3866.1,3869.05,480,
2024-05-16 11:33:00+05:30,3871.3,3871.3,3868.1,3869.8,27,
2024-05-16 11:34:00+05:30,3869.8,3870.25,3868.5,3869.1,144,
2024-05-16 11:35:00+05:30,3869.1,3871.9,3866.35,3869.7,308,
2024-05-16 11:36:00+05:30,3869.7,3871.1,3866.55,3866.6,243,
2024-05-16 11:37:00+05:30,3866.6,3872,3866.6,3872,161,
2024-05-16 11:38:00+05:30,3872,3875.45,3872,3872.75,439,
2024-05-16 11:39:00+05:30,3872.8,3874.5,3870,3870.85,419,
2024-05-16 11:40:00+05:30,3870.85,3872.45,3868.45,3868.75,113,
2024-05-16 11:41:00+05:30,3868.75,3870.1,3865,3865,234,
2024-05-16 11:42:00+05:30,3865,3869.1,3863.85,3868.1,113,
2024-05-16 11:43:00+05:30,3868.1,3878.15,3868.1,3878.15,165,
2024-05-16 11:44:00+05:30,3878.15,3879.6,3877,3878.55,260,
2024-05-16 11:45:00+05:30,3878.55,3880,3871.75,3871.75,1405,
2024-05-16 11:46:00+05:30,3871.75,3875.25,3871.75,3874.3,195,
2024-05-16 11:47:00+05:30,3874.3,3875,3871.65,3872.2,126,
2024-05-16 11:48:00+05:30,3872.2,3874.65,3863.8,3863.85,147,
2024-05-16 11:49:00+05:30,3863.85,3867.3,3863.8,3866.4,71,
2024-05-16 11:50:00+05:30,3866.4,3868.05,3865.1,3865.7,219,
2024-05-16 11:51:00+05:30,3865.7,3868.25,3865.65,3866.75,65,
2024-05-16 11:52:00+05:30,3866.75,3866.75,3865.1,3865.1,152,
2024-05-16 11:53:00+05:30,3865.1,3866.35,3860.85,3863.5,357,
2024-05-16 11:54:00+05:30,3864.85,3864.85,3860.25,3861.75,473,
2024-05-16 11:55:00+05:30,3861.75,3865.9,3861.1,3861.5,307,
2024-05-16 11:56:00+05:30,3861.5,3863.35,3861,3861.65,132,
2024-05-16 11:57:00+05:30,3861.65,3862,3860.1,3860.75,183,
2024-05-16 11:58:00+05:30,3860.75,3866.55,3860.75,3863.3,145,
2024-05-16 11:59:00+05:30,3863.3,3865.9,3863.3,3865,94,
2024-05-16 12:00:00+05:30,3865,3866.75,3865,3865.1,133,
2024-05-16 12:01:00+05:30,3865.1,3870,3865.1,3870,167,
2024-05-16 12:02:00+05:30,3870,3875.6,3870,3870.3,190,
2024-05-16 12:03:00+05:30,3870.3,3872.45,3866,3866.45,891,
2024-05-16 12:04:00+05:30,3866.45,3867.3,3865.5,3865.5,138,
2024-05-16 12:05:00+05:30,3867,3867.05,3865,3865,96,
2024-05-16 12:06:00+05:30,3865,3869.2,3865,3867.25,150,
2024-05-16 12:07:00+05:30,3867.25,3869,3867,3868.85,48,
2024-05-16 12:08:00+05:30,3868.75,3875,3868.75,3875,284,
2024-05-16 12:09:00+05:30,3875,3882,3875,3878.7,1088,
2024-05-16 12:10:00+05:30,3878.7,3882,3878.7,3881.7,511,
2024-05-16 12:11:00+05:30,3881.7,3886.95,3881.7,3884.1,625,
2024-05-16 12:12:00+05:30,3884.1,3884.1,3881.85,3881.85,90,
2024-05-16 12:13:00+05:30,3881.85,3883.1,3881.85,3883.1,82,
2024-05-16 12:14:00+05:30,3883.1,3890,3882.95,3890,349,
2024-05-16 12:15:00+05:30,3890,3892.95,3885.9,3889.55,1432,
2024-05-16 12:16:00+05:30,3889.55,3890,3887.65,3890,113,
2024-05-16 12:17:00+05:30,3889.9,3891.95,3887,3887.45,529,
2024-05-16 12:18:00+05:30,3887.45,3889.95,3887.45,3889.95,174,
2024-05-16 12:19:00+05:30,3889.3,3889.95,3887.2,3888.5,267,
2024-05-16 12:20:00+05:30,3888.5,3888.55,3885,3886,275,
2024-05-16 12:21:00+05:30,3885.35,3887.9,3885.05,3886.65,64,
2024-05-16 12:22:00+05:30,3886,3888.5,3886,3886.25,83,
2024-05-16 12:23:00+05:30,3886.25,3887.5,3886.25,3887.5,92,
2024-05-16 12:24:00+05:30,3887.5,3890.2,3887.5,3889.7,187,
2024-05-16 12:25:00+05:30,3890.2,3892.6,3889.5,3892.6,301,
2024-05-16 12:26:00+05:30,3892.5,3892.85,3889.25,3891.85,774,
2024-05-16 12:27:00+05:30,3891.85,3891.85,3882,3882,548,
2024-05-16 12:28:00+05:30,3882,3883.5,3877.3,3877.8,480,
2024-05-16 12:29:00+05:30,3877.8,3880.25,3875,3875,666,
2024-05-16 12:30:00+05:30,3875,3876.35,3871.25,3873.05,459,
2024-05-16 12:31:00+05:30,3873.05,3877.5,3873.05,3875.05,254,
2024-05-16 12:32:00+05:30,3875.05,3878.45,3875.05,3878.45,169,
2024-05-16 12:33:00+05:30,3878.45,3880.05,3870,3870,258,
2024-05-16 12:34:00+05:30,3870,3873.1,3870,3870.3,191,
2024-05-16 12:35:00+05:30,3870.3,3875,3870.3,3872.5,55,
2024-05-16 12:36:00+05:30,3872.5,3874.05,3870.9,3870.9,15,
2024-05-16 12:37:00+05:30,3870.9,3872.65,3870.6,3872.65,47,
2024-05-16 12:38:00+05:30,3872.65,3872.65,3869.25,3870.3,494,
2024-05-16 12:39:00+05:30,3870.3,3874.95,3868.95,3874.95,473,
2024-05-16 12:40:00+05:30,3872.65,3878.95,3872.65,3878.3,216,
2024-05-16 12:41:00+05:30,3878.3,3880.95,3876.65,3880.9,48,
2024-05-16 12:42:00+05:30,3880.9,3880.9,3879.85,3880.05,32,
2024-05-16 12:43:00+05:30,3880.05,3880.95,3878.65,3880.95,237,
2024-05-16 12:44:00+05:30,3880.95,3880.95,3878.4,3878.45,243,
2024-05-16 12:45:00+05:30,3878.45,3879.95,3878.45,3879.95,5,
2024-05-16 12:46:00+05:30,3879.95,3881,3877.1,3877.1,337,
2024-05-16 12:47:00+05:30,3879.2,3880,3873.6,3875.6,239,
2024-05-16 12:48:00+05:30,3875.6,3875.95,3873.55,3874.15,110,
2024-05-16 12:49:00+05:30,3874.15,3875.15,3874.15,3875.15,25,
2024-05-16 12:50:00+05:30,3875.15,3876.7,3873.8,3875.35,68,
2024-05-16 12:51:00+05:30,3875.35,3875.35,3875.2,3875.2,12,
2024-05-16 12:52:00+05:30,3875.2,3876.95,3873.6,3874.5,291,
2024-05-16 12:53:00+05:30,3874.5,3877.85,3874.5,3875.95,32,
2024-05-16 12:54:00+05:30,3875.95,3877.55,3875.95,3875.95,18,
2024-05-16 12:55:00+05:30,3875.95,3877.3,3875.25,3876.85,54,
2024-05-16 12:56:00+05:30,3876.85,3876.85,3874.95,3876.35,69,
2024-05-16 12:57:00+05:30,3876.35,3876.35,3875.05,3875.9,165,
2024-05-16 12:58:00+05:30,3875.9,3876.3,3869.25,3869.25,268,
2024-05-16 12:59:00+05:30,3869.25,3869.25,3861.25,3863.6,755,
2024-05-16 13:00:00+05:30,3863.55,3865.3,3860.15,3863.55,310,
2024-05-16 13:01:00+05:30,3863.55,3866.4,3862.6,3863.7,288,
2024-05-16 13:02:00+05:30,3863.7,3867.45,3863.05,3867.45,33,
2024-05-16 13:03:00+05:30,3867.45,3873.1,3866.7,3873.1,387,
2024-05-16 13:04:00+05:30,3873.1,3874.85,3866.05,3867.15,237,
2024-05-16 13:05:00+05:30,3867.05,3868.3,3863.15,3867.4,301,
2024-05-16 13:06:00+05:30,3867.4,3873.4,3867.4,3873.4,32,
2024-05-16 13:07:00+05:30,3873.4,3873.4,3870.55,3870.9,82,
2024-05-16 13:08:00+05:30,3873.85,3873.85,3870.45,3870.45,54,
2024-05-16 13:09:00+05:30,3870.45,3872.55,3869.75,3872.55,51,
2024-05-16 13:10:00+05:30,3872.55,3873.35,3872.55,3873.35,15,
2024-05-16 13:11:00+05:30,3873.35,3873.35,3870.1,3872.75,146,
2024-05-16 13:12:00+05:30,3872.75,3874.5,3871.95,3874.5,60,
2024-05-16 13:13:00+05:30,3874.5,3874.5,3873.45,3873.45,19,
2024-05-16 13:14:00+05:30,3871.8,3872.9,3871.8,3872.8,72,
2024-05-16 13:15:00+05:30,3872.8,3873.75,3871.4,3873.75,34,
2024-05-16 13:16:00+05:30,3873.7,3873.9,3868,3869.25,294,
2024-05-16 13:17:00+05:30,3869.25,3869.25,3860.85,3862.15,376,
2024-05-16 13:18:00+05:30,3862.15,3869.05,3862.15,3867.4,279,
2024-05-16 13:19:00+05:30,3867.4,3870.3,3864.25,3865.8,144,
2024-05-16 13:20:00+05:30,3865.8,3868,3863.05,3866.75,122,
2024-05-16 13:21:00+05:30,3866.75,3869.05,3864.1,3867.85,196,
2024-05-16 13:22:00+05:30,3867.85,3867.85,3865,3865,62,
2024-05-16 13:23:00+05:30,3865,3866,3862.7,3863.95,612,
2024-05-16 13:24:00+05:30,3863.95,3866.45,3861.25,3861.85,237,
2024-05-16 13:25:00+05:30,3864.05,3864.9,3861.8,3862.65,64,
2024-05-16 13:26:00+05:30,3862.65,3867.35,3862.35,3864.95,705,
2024-05-16 13:27:00+05:30,3864.95,3865.5,3862.25,3863.5,444,
2024-05-16 13:28:00+05:30,3863.5,3869.25,3863.05,3866.4,272,
2024-05-16 13:29:00+05:30,3866.4,3866.4,3861.15,3861.55,421,
2024-05-16 13:30:00+05:30,3861.55,3862.3,3853.6,3855.7,1573,
2024-05-16 13:31:00+05:30,3855.7,3858.15,3854.1,3857.2,472,
2024-05-16 13:32:00+05:30,3857.2,3861.15,3855.75,3860.1,340,
2024-05-16 13:33:00+05:30,3860.1,3862.55,3856.5,3856.5,569,
2024-05-16 13:34:00+05:30,3856.5,3857.1,3852.95,3853.4,518,
2024-05-16 13:35:00+05:30,3853.4,3857.9,3851.05,3851.05,656,
2024-05-16 13:36:00+05:30,3851.05,3855,3849.35,3853.6,753,
2024-05-16 13:37:00+05:30,3853.6,3855.1,3849,3855.1,506,
2024-05-16 13:38:00+05:30,3855.1,3858.25,3853.35,3857.9,355,
2024-05-16 13:39:00+05:30,3860.5,3860.5,3852.4,3852.45,532,
2024-05-16 13:40:00+05:30,3852.45,3856.75,3852.45,3853.95,1353,
2024-05-16 13:41:00+05:30,3854,3859.5,3854,3856.3,425,
2024-05-16 13:42:00+05:30,3856.3,3858.7,3849.1,3849.1,382,
2024-05-16 13:43:00+05:30,3850.85,3852.4,3848,3848.85,402,
2024-05-16 13:44:00+05:30,3848.85,3852.35,3844.5,3847,578,
2024-05-16 13:45:00+05:30,3847,3850.4,3844.05,3846.05,787,
2024-05-16 13:46:00+05:30,3847.9,3847.9,3843,3846.95,959,
2024-05-16 13:47:00+05:30,3846.95,3847,3841,3844.95,800,
2024-05-16 13:48:00+05:30,3844.95,3846.3,3842.1,3846.3,178,
2024-05-16 13:49:00+05:30,3846.3,3848.6,3843.45,3844.85,438,
2024-05-16 13:50:00+05:30,3846.75,3852.35,3844.85,3850,768,
2024-05-16 13:51:00+05:30,3850,3850.7,3846.5,3850.5,571,
2024-05-16 13:52:00+05:30,3850.5,3851.9,3846.65,3848.4,362,
2024-05-16 13:53:00+05:30,3848.4,3850.45,3844.4,3846.05,572,
2024-05-16 13:54:00+05:30,3846.05,3847,3841.7,3845.4,442,
2024-05-16 13:55:00+05:30,3847,3849,3845.3,3848.15,351,
2024-05-16 13:56:00+05:30,3848.15,3851.1,3845.05,3851.1,714,
2024-05-16 13:57:00+05:30,3854.15,3856.7,3847.5,3852.6,1370,
2024-05-16 13:58:00+05:30,3852.6,3852.6,3846.4,3849.3,337,
2024-05-16 13:59:00+05:30,3849.3,3851.85,3846.45,3850.25,942,
2024-05-16 14:00:00+05:30,3850.25,3856.8,3847.6,3856.8,1385,
2024-05-16 14:01:00+05:30,3857.3,3863,3855.6,3863,1335,
2024-05-16 14:02:00+05:30,3863,3865.85,3860.7,3863,819,
2024-05-16 14:03:00+05:30,3862.75,3864.9,3855.35,3860.8,866,
2024-05-16 14:04:00+05:30,3860.8,3860.8,3854.95,3856.6,402,
2024-05-16 14:05:00+05:30,3856.6,3856.7,3843.95,3846.1,1361,
2024-05-16 14:06:00+05:30,3843.9,3846.25,3841.7,3845.4,559,
2024-05-16 14:07:00+05:30,3845.4,3846,3841.75,3844.05,400,
2024-05-16 14:08:00+05:30,3841.75,3844.7,3841.75,3841.75,464,
2024-05-16 14:09:00+05:30,3843.6,3846.9,3841.1,3846.5,1835,
2024-05-16 14:10:00+05:30,3846.5,3847.5,3845,3846.4,953,
2024-05-16 14:11:00+05:30,3846.4,3846.6,3845,3846.55,252,
2024-05-16 14:12:00+05:30,3846.55,3847,3845,3846.4,432,
2024-05-16 14:13:00+05:30,3846.4,3846.75,3844.9,3846.2,2116,
2024-05-16 14:14:00+05:30,3846.2,3847.95,3845,3847.1,1133,
2024-05-16 14:15:00+05:30,3845,3850.65,3842,3850.65,2589,
2024-05-16 14:16:00+05:30,3850.5,3853.95,3846,3850.45,4476,
2024-05-16 14:17:00+05:30,3850.4,3855.8,3847.85,3853.55,207,
2024-05-16 14:18:00+05:30,3853.35,3859.95,3853.35,3857.75,158,
2024-05-16 14:19:00+05:30,3857.75,3858.8,3850.65,3851.4,215,
2024-05-16 14:20:00+05:30,3851.4,3853.9,3851,3853.15,156,
2024-05-16 14:21:00+05:30,3853.15,3855.95,3850.75,3854.35,151,
2024-05-16 14:22:00+05:30,3854.35,3861.8,3854.35,3861.75,194,
2024-05-16 14:23:00+05:30,3861.8,3862.95,3860.55,3861.2,242,
2024-05-16 14:24:00+05:30,3860.95,3868.95,3860.95,3863.95,983,
2024-05-16 14:25:00+05:30,3863.95,3868,3863.15,3865.8,527,
2024-05-16 14:26:00+05:30,3867.2,3870.9,3865.05,3868.35,597,
2024-05-16 14:27:00+05:30,3868.35,3870.85,3864.75,3866.3,531,
2024-05-16 14:28:00+05:30,3866.3,3870,3865.45,3868.9,353,
2024-05-16 14:29:00+05:30,3868.9,3870.95,3865.25,3870.95,791,
2024-05-16 14:30:00+05:30,3870.95,3871.8,3867.1,3871.8,1424,
2024-05-16 14:31:00+05:30,3871.8,3878.95,3871.8,3878.3,1911,
2024-05-16 14:32:00+05:30,3878.8,3882.65,3874,3882.6,936,
2024-05-16 14:33:00+05:30,3882.65,3886.4,3879.9,3882.65,2677,
2024-05-16 14:34:00+05:30,3882.6,3883,3876.05,3876.8,717,
2024-05-16 14:35:00+05:30,3876,3881.45,3871.55,3876.1,2250,
2024-05-16 14:36:00+05:30,3874.95,3875.95,3867.7,3872.7,1326,
2024-05-16 14:37:00+05:30,3871.1,3881.75,3870.9,3879.85,2375,
2024-05-16 14:38:00+05:30,3879,3885,3877.15,3885,1479,
2024-05-16 14:39:00+05:30,3882.05,3887.35,3882.05,3886.15,2003,
2024-05-16 14:40:00+05:30,3886.15,3887.95,3880.4,3887.95,1743,
2024-05-16 14:41:00+05:30,3888,3890,3884.75,3888.25,5744,
2024-05-16 14:42:00+05:30,3889.3,3889.45,3880.2,3882.25,2633,
2024-05-16 14:43:00+05:30,3884.8,3889.45,3881.6,3889.15,1078,
2024-05-16 14:44:00+05:30,3889.25,3892,3886.4,3891.6,1619,
2024-05-16 14:45:00+05:30,3889.25,3898,3889.25,3896.7,2144,
2024-05-16 14:46:00+05:30,3896.6,3899.35,3895.3,3898.7,1220,
2024-05-16 14:47:00+05:30,3898.9,3905.05,3898.9,3902.75,1542,
2024-05-16 14:48:00+05:30,3902.35,3904.9,3902.35,3903.95,523,
2024-05-16 14:49:00+05:30,3903.95,3905.45,3903,3903.9,2681,
2024-05-16 14:50:00+05:30,3903.9,3909.45,3902.65,3909.1,1306,
2024-05-16 14:51:00+05:30,3909.1,3910.15,3903.75,3905.7,834,
2024-05-16 14:52:00+05:30,3905.7,3909.7,3905.35,3907.95,1574,
2024-05-16 14:53:00+05:30,3909.6,3915.95,3908.6,3915.15,2347,
2024-05-16 14:54:00+05:30,3915.4,3918.9,3910.3,3918,1914,
2024-05-16 14:55:00+05:30,3918,3918,3908.05,3915.7,2838,
2024-05-16 14:56:00+05:30,3915.9,3919.8,3913.55,3916.65,2062,
2024-05-16 14:57:00+05:30,3916.65,3918.45,3914.1,3917.85,1010,
2024-05-16 14:58:00+05:30,3917.85,3921.5,3916,3918.9,2172,
2024-05-16 14:59:00+05:30,3918.85,3919.4,3915.35,3918.75,975,
2024-05-16 15:00:00+05:30,3918.75,3928.65,3918.75,3921,4258,
2024-05-16 15:01:00+05:30,3921.55,3937.15,3921.55,3935.3,3278,
2024-05-16 15:02:00+05:30,3935.3,3936.05,3930.45,3934.9,4955,
2024-05-16 15:03:00+05:30,3936,3939.7,3935.9,3938.8,4414,
2024-05-16 15:04:00+05:30,3938.8,3945,3937.35,3939.7,4709,
2024-05-16 15:05:00+05:30,3939.7,3940.2,3930.55,3935.65,3919,
2024-05-16 15:06:00+05:30,3935.25,3939,3931.55,3938.9,1499,
2024-05-16 15:07:00+05:30,3938.9,3939.95,3931.8,3932.65,4578,
2024-05-16 15:08:00+05:30,3932.55,3935,3929.7,3935,1963,
2024-05-16 15:09:00+05:30,3934.95,3935,3927.5,3930,3395,
2024-05-16 15:10:00+05:30,3929.9,3932.55,3926.95,3931.65,1836,
2024-05-16 15:11:00+05:30,3931.65,3933.5,3926.5,3928.1,2450,
2024-05-16 15:12:00+05:30,3928.2,3935,3926.6,3934.9,3259,
2024-05-16 15:13:00+05:30,3934.9,3935,3929.55,3933.9,8090,
2024-05-16 15:14:00+05:30,3933.8,3933.9,3923.9,3925,2038,
2024-05-16 15:15:00+05:30,3924.65,3927.85,3922.4,3926.2,1867,
2024-05-16 15:16:00+05:30,3926.2,3932.35,3926.2,3928.9,1059,
2024-05-16 15:17:00+05:30,3928.95,3935,3928.05,3929.7,1621,
2024-05-16 15:18:00+05:30,3929.65,3935,3929.65,3934.7,2046,
2024-05-16 15:19:00+05:30,3934.7,3934.7,3929.25,3929.8,1662,
2024-05-16 15:20:00+05:30,3929.55,3934.8,3929.55,3934.05,2666,
2024-05-16 15:21:00+05:30,3934,3935,3930.95,3935,2744,
2024-05-16 15:22:00+05:30,3934,3935,3930.9,3933.05,2020,
2024-05-16 15:23:00+05:30,3932.1,3932.95,3929.35,3929.35,1848,
2024-05-16 15:24:00+05:30,3929.05,3929.25,3922.55,3922.55,2609,
2024-05-16 15:25:00+05:30,3922.55,3926.75,3918.5,3918.85,3799,
2024-05-16 15:26:00+05:30,3918.85,3929.9,3918.85,3927.85,4612,
2024-05-16 15:27:00+05:30,3927.85,3929.8,3922.25,3924.55,3844,
2024-05-16 15:28:00+05:30,3924.55,3927.95,3917.7,3918.05,3902,
2024-05-16 15:29:00+05:30,3921.15,3930,3915.3,3918.3,1640,
2024-05-17 09:15:00+05:30,3935,3939.95,3918.4,3919.4,1451,
2024-05-17 09:16:00+05:30,3918.4,3934.75,3918.4,3926.9,1384,
2024-05-17 09:17:00+05:30,3927.45,3934.65,3926.4,3931.2,214,
2024-05-17 09:18:00+05:30,3931.2,3931.2,3921.75,3923.85,247,
2024-05-17 09:19:00+05:30,3922,3927.6,3920,3920,285,
2024-05-17 09:20:00+05:30,3920,3921,3918,3921,225,
2024-05-17 09:21:00+05:30,3922,3926.95,3919.55,3919.55,580,
2024-05-17 09:22:00+05:30,3919.55,3925.1,3919.55,3925,348,
2024-05-17 09:23:00+05:30,3925,3925.75,3922.5,3922.5,208,
2024-05-17 09:24:00+05:30,3922.15,3925.65,3922.15,3922.6,89,
2024-05-17 09:25:00+05:30,3922.6,3929.4,3922.6,3924.85,314,
2024-05-17 09:26:00+05:30,3926.75,3926.85,3923.4,3925.05,56,
2024-05-17 09:27:00+05:30,3925.05,3926.9,3923.05,3923.05,49,
2024-05-17 09:28:00+05:30,3923.05,3923.4,3921.05,3921.25,21,
2024-05-17 09:29:00+05:30,3921.25,3923,3921,3921,24,
2024-05-17 09:30:00+05:30,3922.95,3922.95,3915.1,3915.1,236,
2024-05-17 09:31:00+05:30,3916,3919.5,3911.8,3917.65,958,
2024-05-17 09:32:00+05:30,3917.65,3920.9,3916.35,3919,171,
2024-05-17 09:33:00+05:30,3919,3924.95,3918.95,3922.2,372,
2024-05-17 09:34:00+05:30,3922.2,3928.5,3922.2,3928,926,
2024-05-17 09:35:00+05:30,3928.55,3934.1,3926.2,3932.85,974,
2024-05-17 09:36:00+05:30,3933.15,3934.8,3930.7,3932.45,703,
2024-05-17 09:37:00+05:30,3932.45,3935.95,3932.45,3933.7,215,
2024-05-17 09:38:00+05:30,3933,3937.95,3933,3936.9,1163,
2024-05-17 09:39:00+05:30,3936.9,3944.85,3936.35,3942,1294,
2024-05-17 09:40:00+05:30,3944.45,3944.65,3940,3940.25,1968,
2024-05-17 09:41:00+05:30,3940.25,3943.85,3936.65,3939.95,1959,
2024-05-17 09:42:00+05:30,3939.95,3941.1,3936,3937,859,
2024-05-17 09:43:00+05:30,3937,3938.1,3935,3937.75,445,
2024-05-17 09:44:00+05:30,3937.95,3941.9,3936.1,3941.5,927,
2024-05-17 09:45:00+05:30,3941.5,3941.5,3936,3936.1,852,
2024-05-17 09:46:00+05:30,3936.05,3937.45,3935,3935,755,
2024-05-17 09:47:00+05:30,3935,3940.05,3935,3935,1139,
2024-05-17 09:48:00+05:30,3935,3939.7,3935,3939.4,1246,
2024-05-17 09:49:00+05:30,3939.4,3939.4,3934,3934.45,578,
2024-05-17 09:50:00+05:30,3934.45,3934.45,3926.4,3931.45,931,
2024-05-17 09:51:00+05:30,3931.45,3933.3,3928.1,3933.3,956,
2024-05-17 09:52:00+05:30,3933.3,3937.3,3932.5,3934.65,941,
2024-05-17 09:53:00+05:30,3934.65,3937.65,3933.1,3936.4,2684,
2024-05-17 09:54:00+05:30,3936,3937.2,3933.9,3935,1229,
2024-05-17 09:55:00+05:30,3935,3942.5,3935,3940.75,1398,
2024-05-17 09:56:00+05:30,3940.75,3940.75,3938,3940.45,748,
2024-05-17 09:57:00+05:30,3940.9,3942.05,3938.4,3939.8,829,
2024-05-17 09:58:00+05:30,3939.8,3942.1,3939.1,3939.6,599,
2024-05-17 09:59:00+05:30,3939.6,3941,3936.15,3938.8,998,
2024-05-17 10:00:00+05:30,3938.8,3938.8,3932,3933.9,453,
2024-05-17 10:01:00+05:30,3932,3935.55,3932,3932.5,74,
2024-05-17 10:02:00+05:30,3932.5,3932.85,3932,3932.85,133,
2024-05-17 10:03:00+05:30,3932.5,3936.95,3932.5,3936.45,290,
2024-05-17 10:04:00+05:30,3936.65,3936.65,3933.25,3935.8,513,
2024-05-17 10:05:00+05:30,3935.8,3935.95,3931.05,3934.2,570,
2024-05-17 10:06:00+05:30,3934.2,3936.1,3933.4,3935.25,175,
2024-05-17 10:07:00+05:30,3935.25,3935.25,3930,3930.05,176,
2024-05-17 10:08:00+05:30,3930.05,3936.95,3930.05,3932.95,639,
2024-05-17 10:09:00+05:30,3932.95,3934.8,3932.55,3934.8,253,
2024-05-17 10:10:00+05:30,3934.8,3934.95,3932.5,3934.8,276,
2024-05-17 10:11:00+05:30,3934.8,3934.8,3931.35,3931.35,360,
2024-05-17 10:12:00+05:30,3931.35,3935,3931.35,3933.5,75,
2024-05-17 10:13:00+05:30,3933.5,3935,3933.5,3934.3,469,
2024-05-17 10:14:00+05:30,3934.3,3934.3,3933.65,3933.65,33,
2024-05-17 10:15:00+05:30,3933.65,3935,3933.65,3934.65,55,
2024-05-17 10:16:00+05:30,3934.65,3934.65,3934,3934,109,
2024-05-17 10:17:00+05:30,3934,3935,3933.6,3935,227,
2024-05-17 10:18:00+05:30,3935,3935,3933.65,3934,37,
2024-05-17 10:19:00+05:30,3934,3936,3934,3936,322,
2024-05-17 10:20:00+05:30,3936,3936,3933.2,3935.45,167,
2024-05-17 10:21:00+05:30,3935.45,3935.7,3933.35,3935.65,105,
2024-05-17 10:22:00+05:30,3935.65,3936,3932.8,3935.9,382,
2024-05-17 10:23:00+05:30,3935.9,3935.9,3933.3,3935.4,80,
2024-05-17 10:24:00+05:30,3935.4,3935.85,3933.95,3934.3,41,
2024-05-17 10:25:00+05:30,3934.3,3935.2,3933,3933.75,36,
2024-05-17 10:26:00+05:30,3932.1,3933.35,3931.05,3933.35,290,
2024-05-17 10:27:00+05:30,3933.35,3933.75,3933.35,3933.75,41,
2024-05-17 10:28:00+05:30,3933.75,3935,3933.75,3934.95,106,
2024-05-17 10:29:00+05:30,3935,3935.55,3933.75,3933.75,214,
2024-05-17 10:30:00+05:30,3933.75,3935.1,3933.45,3933.45,102,
2024-05-17 10:31:00+05:30,3933.45,3934.85,3932.85,3934.7,47,
2024-05-17 10:32:00+05:30,3934.7,3939.85,3934.7,3938,1725,
2024-05-17 10:33:00+05:30,3938,3940,3936.9,3939.8,385,
2024-05-17 10:34:00+05:30,3939.8,3939.9,3935.55,3938.5,841,
2024-05-17 10:35:00+05:30,3937.9,3938.5,3936.2,3938.5,700,
2024-05-17 10:36:00+05:30,3938.5,3938.5,3935.6,3936,269,
2024-05-17 10:37:00+05:30,3936,3937.45,3935.6,3936.2,105,
2024-05-17 10:38:00+05:30,3936.2,3936.2,3933,3933,254,
2024-05-17 10:39:00+05:30,3933,3936.95,3933,3936.5,222,
2024-05-17 10:40:00+05:30,3936.5,3936.5,3935.15,3935.15,55,
2024-05-17 10:41:00+05:30,3935.15,3935.75,3931.75,3933.4,148,
2024-05-17 10:42:00+05:30,3931.7,3933.95,3931,3931,107,
2024-05-17 10:43:00+05:30,3931,3931.7,3928,3929.6,838,
2024-05-17 10:44:00+05:30,3929.6,3929.75,3923.5,3923.5,737,
2024-05-17 10:45:00+05:30,3923.5,3926.1,3921.7,3923.5,226,
2024-05-17 10:46:00+05:30,3923.5,3924.1,3921.75,3923,42,
2024-05-17 10:47:00+05:30,3923,3923.85,3921.7,3923.85,38,
2024-05-17 10:48:00+05:30,3921.5,3923.85,3921.5,3922.05,65,
2024-05-17 10:49:00+05:30,3922.05,3922.55,3918.4,3918.4,465,
2024-05-17 10:50:00+05:30,3919.95,3922.05,3918.15,3922.05,129,
2024-05-17 10:51:00+05:30,3919.1,3921.5,3918,3918,113,
2024-05-17 10:52:00+05:30,3918,3920.95,3917.15,3920.95,122,
2024-05-17 10:53:00+05:30,3920.95,3921.9,3920.25,3921.7,45,
2024-05-17 10:54:00+05:30,3921.7,3921.7,3920.2,3921.6,24,
2024-05-17 10:55:00+05:30,3921.6,3921.7,3919.55,3919.65,79,
2024-05-17 10:56:00+05:30,3919.65,3920.4,3919,3920.4,514,
2024-05-17 10:57:00+05:30,3920.4,3921.65,3920.35,3920.4,105,
2024-05-17 10:58:00+05:30,3920.4,3921,3920,3921,51,
2024-05-17 10:59:00+05:30,3921,3923.9,3921,3923.9,64,
2024-05-17 11:00:00+05:30,3923.9,3928.9,3923.9,3927.1,472,
2024-05-17 11:01:00+05:30,3927.1,3928,3926.1,3927,34,
2024-05-17 11:02:00+05:30,3927,3932,3926.05,3932,299,
2024-05-17 11:03:00+05:30,3932.9,3932.9,3930.5,3932.8,81,
2024-05-17 11:04:00+05:30,3932.8,3935.1,3931.9,3933.8,1001,
2024-05-17 11:05:00+05:30,3933.8,3938.85,3933.8,3936.1,846,
2024-05-17 11:06:00+05:30,3936.1,3938.6,3936.1,3936.8,68,
2024-05-17 11:07:00+05:30,3936.8,3940,3936.8,3940,471,
2024-05-17 11:08:00+05:30,3940,3940.15,3938.1,3940.15,206,
2024-05-17 11:09:00+05:30,3940.15,3944,3940,3943,362,
2024-05-17 11:10:00+05:30,3943,3943,3941.35,3942.95,127,
2024-05-17 11:11:00+05:30,3943,3943,3940.9,3941.6,405,
2024-05-17 11:12:00+05:30,3941,3942.1,3940.05,3942.1,73,
2024-05-17 11:13:00+05:30,3942.1,3942.7,3940.95,3942.7,129,
2024-05-17 11:14:00+05:30,3942.7,3947,3942,3946.95,2462,
2024-05-17 11:15:00+05:30,3946.8,3949.95,3944.1,3945.7,1972,
2024-05-17 11:16:00+05:30,3945.7,3945.7,3941.9,3941.95,355,
2024-05-17 11:17:00+05:30,3943,3947.15,3942.95,3945.5,530,
2024-05-17 11:18:00+05:30,3945.5,3948.1,3945.5,3947.5,306,
2024-05-17 11:19:00+05:30,3947.5,3947.5,3937.2,3937.2,1444,
2024-05-17 11:20:00+05:30,3937.2,3938.85,3926.5,3926.5,2071,
2024-05-17 11:21:00+05:30,3926.5,3928.9,3922.15,3927.9,2465,
2024-05-17 11:22:00+05:30,3927.9,3930.7,3918.85,3918.85,2900,
2024-05-17 11:23:00+05:30,3918.6,3918.6,3912,3915.85,2176,
2024-05-17 11:24:00+05:30,3915.9,3917.5,3908.7,3915.85,3920,
2024-05-17 11:25:00+05:30,3915.85,3922.8,3913.9,3922.8,358,
2024-05-17 11:26:00+05:30,3922.8,3926.55,3921,3925.5,1064,
2024-05-17 11:27:00+05:30,3925.5,3926.3,3923.1,3925.8,355,
2024-05-17 11:28:00+05:30,3925.8,3926.95,3923.05,3925.5,799,
2024-05-17 11:29:00+05:30,3925.5,3929.25,3925,3929.25,836,
2024-05-17 11:30:00+05:30,3925.3,3926.7,3924,3924.75,1706,
2024-05-17 11:31:00+05:30,3924.75,3925.25,3924.6,3925,74,
2024-05-17 11:32:00+05:30,3925,3930,3925,3929.65,933,
2024-05-17 11:33:00+05:30,3929.65,3932.6,3929.6,3932.2,238,
2024-05-17 11:34:00+05:30,3932,3934,3932,3934,602,
2024-05-17 11:35:00+05:30,3934,3934,3933,3934,397,
2024-05-17 11:36:00+05:30,3934,3934,3928.9,3928.9,950,
2024-05-17 11:37:00+05:30,3928.9,3932.7,3928.85,3931.5,236,
2024-05-17 11:38:00+05:30,3931.5,3933.4,3930.05,3932,831,
2024-05-17 11:39:00+05:30,3932,3932,3929.65,3930.5,522,
2024-05-17 11:40:00+05:30,3930.5,3932,3930,3932,201,
2024-05-17 11:41:00+05:30,3930.75,3935,3930.75,3935,211,
2024-05-17 11:42:00+05:30,3935,3935.75,3932.8,3935.75,348,
2024-05-17 11:43:00+05:30,3935.75,3940.2,3935.75,3939.65,1096,
2024-05-17 11:44:00+05:30,3939.65,3945.25,3939.6,3944.5,868,
2024-05-17 11:45:00+05:30,3942.85,3942.85,3940,3940.05,156,
2024-05-17 11:46:00+05:30,3940,3942,3940,3941.2,446,
2024-05-17 11:47:00+05:30,3940,3941.35,3938.65,3941.35,550,
2024-05-17 11:48:00+05:30,3940.05,3941.35,3940,3941,797,
2024-05-17 11:49:00+05:30,3941,3942.6,3940,3941.1,323,
2024-05-17 11:50:00+05:30,3941.1,3943,3941,3942.85,134,
2024-05-17 11:51:00+05:30,3942.85,3942.9,3940.4,3942.5,724,
2024-05-17 11:52:00+05:30,3940.6,3942,3940,3941.8,141,
2024-05-17 11:53:00+05:30,3940,3941.05,3939,3941.05,268,
2024-05-17 11:54:00+05:30,3941.05,3941.3,3940,3940,117,
2024-05-17 11:55:00+05:30,3940,3941.75,3940,3941,483,
2024-05-17 11:56:00+05:30,3940.1,3941.55,3939.05,3940,264,
2024-05-17 11:57:00+05:30,3940,3941,3939,3941,342,
2024-05-17 11:58:00+05:30,3940.65,3941.9,3940,3941.9,200,
2024-05-17 11:59:00+05:30,3941.6,3943,3941.6,3943,111,
2024-05-17 12:00:00+05:30,3942.75,3944,3941.5,3943.75,453,
2024-05-17 12:01:00+05:30,3942.1,3943.75,3942.1,3943.75,82,
2024-05-17 12:02:00+05:30,3942.1,3943.6,3942.1,3942.1,300,
2024-05-17 12:03:00+05:30,3943,3943,3941.1,3942.25,289,
2024-05-17 12:04:00+05:30,3942.25,3943,3941.15,3942.1,174,
2024-05-17 12:05:00+05:30,3942.1,3943,3942.1,3942.1,35,
2024-05-17 12:06:00+05:30,3942.1,3944.95,3942.1,3944.45,242,
2024-05-17 12:07:00+05:30,3944.45,3944.45,3942.1,3943.7,89,
2024-05-17 12:08:00+05:30,3942.15,3944.75,3942.15,3944.2,89,
2024-05-17 12:09:00+05:30,3944.2,3944.2,3942.1,3942.5,69,
2024-05-17 12:10:00+05:30,3942.5,3944,3942.5,3943.5,249,
2024-05-17 12:11:00+05:30,3942.5,3943.6,3941.5,3943.6,239,
2024-05-17 12:12:00+05:30,3943.65,3944,3942.1,3942.1,163,
2024-05-17 12:13:00+05:30,3942.1,3943,3941.95,3942.7,556,
2024-05-17 12:14:00+05:30,3941.9,3944.3,3941.05,3943.25,471,
2024-05-17 12:15:00+05:30,3942.1,3944.5,3942.1,3944.5,113,
2024-05-17 12:16:00+05:30,3944.5,3944.8,3942,3944.4,173,
2024-05-17 12:17:00+05:30,3944.4,3944.45,3942.1,3942.3,198,
2024-05-17 12:18:00+05:30,3942.3,3944.95,3942.3,3942.3,213,
2024-05-17 12:19:00+05:30,3942.3,3944.9,3942.3,3942.7,89,
2024-05-17 12:20:00+05:30,3942.7,3949,3942.4,3948.9,1410,
2024-05-17 12:21:00+05:30,3947.35,3953.9,3947.35,3953.25,4236,
2024-05-17 12:22:00+05:30,3953.25,3954.7,3951.1,3952.15,1479,
2024-05-17 12:23:00+05:30,3952.15,3953.55,3950.15,3952.5,816,
2024-05-17 12:24:00+05:30,3951,3952.4,3945.55,3948.75,1188,
2024-05-17 12:25:00+05:30,3948.75,3950,3943.05,3946.95,808,
2024-05-17 12:26:00+05:30,3946.95,3947.75,3944.35,3946.85,258,
2024-05-17 12:27:00+05:30,3946.85,3947,3942.9,3947,394,
2024-05-17 12:28:00+05:30,3947,3947.55,3940,3944.3,968,
2024-05-17 12:29:00+05:30,3944.3,3944.35,3934,3939.25,2670,
2024-05-17 12:30:00+05:30,3939.25,3940.95,3937.1,3939.85,302,
2024-05-17 12:31:00+05:30,3939.85,3944.35,3938.05,3944.35,160,
2024-05-17 12:32:00+05:30,3944.3,3946.55,3940.45,3940.45,309,
2024-05-17 12:33:00+05:30,3940.45,3943.3,3938.4,3940.9,395,
2024-05-17 12:34:00+05:30,3940.9,3942.95,3937.05,3939.05,842,
2024-05-17 12:35:00+05:30,3939.05,3939.05,3935.15,3937.4,527,
2024-05-17 12:36:00+05:30,3937.4,3937.4,3933.8,3935,468,
2024-05-17 12:37:00+05:30,3935,3935,3932.9,3934.85,307,
2024-05-17 12:38:00+05:30,3934.85,3934.85,3932.25,3933.7,285,
2024-05-17 12:39:00+05:30,3931.75,3934.3,3930.3,3934.3,435,
2024-05-17 12:40:00+05:30,3934.3,3934.4,3932.45,3933.35,108,
2024-05-17 12:41:00+05:30,3933.35,3940.4,3933.35,3940.35,929,
2024-05-17 12:42:00+05:30,3939.05,3939.75,3933.15,3933.15,267,
2024-05-17 12:43:00+05:30,3933.15,3940,3933.15,3939.1,1148,
2024-05-17 12:44:00+05:30,3939.1,3942.35,3939.1,3940.7,977,
2024-05-17 12:45:00+05:30,3940.7,3942,3939.55,3940,128,
2024-05-17 12:46:00+05:30,3940,3940.45,3937.75,3937.75,306,
2024-05-17 12:47:00+05:30,3937.75,3939.9,3937.75,3939,170,
2024-05-17 12:48:00+05:30,3939,3939,3936.6,3937.95,134,
2024-05-17 12:49:00+05:30,3937.55,3939.3,3935.15,3935.85,416,
2024-05-17 12:50:00+05:30,3937.35,3937.55,3935.1,3936.55,107,
2024-05-17 12:51:00+05:30,3936.55,3936.55,3936,3936.5,361,
2024-05-17 12:52:00+05:30,3936.5,3936.5,3935.1,3935.85,386,
2024-05-17 12:53:00+05:30,3935.85,3939.85,3935.1,3939.85,767,
2024-05-17 12:54:00+05:30,3939.85,3940.7,3938,3939.55,224,
2024-05-17 12:55:00+05:30,3939.55,3939.8,3938,3939.8,111,
2024-05-17 12:56:00+05:30,3939.65,3940.25,3938.1,3940.25,172,
2024-05-17 12:57:00+05:30,3940.3,3940.3,3938,3939.85,136,
2024-05-17 12:58:00+05:30,3938.95,3939.25,3938.1,3939.2,142,
2024-05-17 12:59:00+05:30,3938.1,3939.25,3938.1,3939.25,109,
2024-05-17 13:00:00+05:30,3938.1,3940.45,3938.1,3940.45,113,
2024-05-17 13:01:00+05:30,3940.4,3940.5,3939.7,3940.1,114,
2024-05-17 13:02:00+05:30,3939.45,3940.2,3938,3938.05,172,
2024-05-17 13:03:00+05:30,3938,3939,3936.4,3938.4,544,
2024-05-17 13:04:00+05:30,3938.4,3939.35,3936.4,3937.45,157,
2024-05-17 13:05:00+05:30,3937.45,3937.95,3935,3936.2,804,
2024-05-17 13:06:00+05:30,3935.05,3936.55,3935,3936.55,291,
2024-05-17 13:07:00+05:30,3936.55,3940,3936.45,3939.2,258,
2024-05-17 13:08:00+05:30,3939.2,3940.2,3938.65,3940.2,181,
2024-05-17 13:09:00+05:30,3938.65,3940.25,3938.1,3940.25,149,
2024-05-17 13:10:00+05:30,3940.25,3940.25,3938.9,3940.2,139,
2024-05-17 13:11:00+05:30,3939.7,3941.3,3939.05,3940.2,355,
2024-05-17 13:12:00+05:30,3939.65,3941,3939.1,3940.95,182,
2024-05-17 13:13:00+05:30,3940.95,3940.95,3939.25,3940.9,346,
2024-05-17 13:14:00+05:30,3940.9,3941.05,3939.55,3940.95,252,
2024-05-17 13:15:00+05:30,3939.55,3941.05,3939.55,3941.05,160,
2024-05-17 13:16:00+05:30,3941,3941.35,3941,3941.3,180,
2024-05-17 13:17:00+05:30,3941.3,3943,3941.05,3941.75,261,
2024-05-17 13:18:00+05:30,3941,3943.55,3941,3943.55,332,
2024-05-17 13:19:00+05:30,3943.55,3943.7,3941,3941.85,172,
2024-05-17 13:20:00+05:30,3941.85,3942,3940.4,3940.75,248,
2024-05-17 13:21:00+05:30,3940.75,3941,3939,3940,172,
2024-05-17 13:22:00+05:30,3940,3940.9,3938.75,3940.4,153,
2024-05-17 13:23:00+05:30,3940.5,3941.95,3939.05,3940.65,134,
2024-05-17 13:24:00+05:30,3940.65,3941.9,3938.1,3941.65,233,
2024-05-17 13:25:00+05:30,3941.25,3941.25,3938,3940.1,749,
2024-05-17 13:26:00+05:30,3938.3,3941.55,3938.3,3940.55,362,
2024-05-17 13:27:00+05:30,3940.55,3941.95,3939.5,3941.45,115,
2024-05-17 13:28:00+05:30,3940.5,3941.75,3939.7,3941.55,130,
2024-05-17 13:29:00+05:30,3941.55,3944.35,3941.55,3942.35,770,
2024-05-17 13:30:00+05:30,3942.35,3943.15,3938.35,3938.35,224,
2024-05-17 13:31:00+05:30,3938.35,3940,3937.5,3940,403,
2024-05-17 13:32:00+05:30,3940,3940,3936.9,3936.9,200,
2024-05-17 13:33:00+05:30,3936.9,3938.4,3935.5,3937.85,242,
2024-05-17 13:34:00+05:30,3937.85,3940,3936,3940,190,
2024-05-17 13:35:00+05:30,3940,3943.25,3939.6,3940.7,1435,
2024-05-17 13:36:00+05:30,3940.7,3941.3,3939.6,3941.1,163,
2024-05-17 13:37:00+05:30,3941.1,3941.1,3937.2,3939.35,186,
2024-05-17 13:38:00+05:30,3939.25,3940.65,3937.45,3940.65,373,
2024-05-17 13:39:00+05:30,3940.6,3940.65,3932.8,3934.6,1408,
2024-05-17 13:40:00+05:30,3934.6,3936.1,3933,3935.15,517,
2024-05-17 13:41:00+05:30,3932.7,3936.95,3932,3936.1,516,
2024-05-17 13:42:00+05:30,3936.1,3936.2,3932.65,3935.2,313,
2024-05-17 13:43:00+05:30,3935.2,3935.2,3932,3932.6,253,
2024-05-17 13:44:00+05:30,3932.6,3932.95,3930,3931.25,786,
2024-05-17 13:45:00+05:30,3930.1,3931.25,3929.25,3931.25,290,
2024-05-17 13:46:00+05:30,3931.25,3931.25,3928,3930,414,
2024-05-17 13:47:00+05:30,3929.25,3931.5,3929.25,3931.25,335,
2024-05-17 13:48:00+05:30,3931.25,3931.4,3929.25,3930.8,299,
2024-05-17 13:49:00+05:30,3930.8,3931.25,3930.15,3931.25,257,
2024-05-17 13:50:00+05:30,3931.25,3931.3,3930.75,3931.3,235,
2024-05-17 13:51:00+05:30,3931.3,3931.3,3929.05,3930,182,
2024-05-17 13:52:00+05:30,3930,3931.25,3928.05,3931.25,153,
2024-05-17 13:53:00+05:30,3931.25,3933.75,3929.5,3932.35,767,
2024-05-17 13:54:00+05:30,3932.65,3933.7,3931.5,3933.7,287,
2024-05-17 13:55:00+05:30,3933.7,3934.3,3933,3934.3,232,
2024-05-17 13:56:00+05:30,3934.3,3934.6,3932.1,3934.15,281,
2024-05-17 13:57:00+05:30,3933.05,3935,3933.05,3933.5,186,
2024-05-17 13:58:00+05:30,3933.5,3933.5,3931.05,3931.8,143,
2024-05-17 13:59:00+05:30,3931.8,3933.05,3930,3930,194,
2024-05-17 14:00:00+05:30,3931.7,3934.15,3930,3933.5,223,
2024-05-17 14:01:00+05:30,3933.5,3934.3,3930.5,3933.05,161,
2024-05-17 14:02:00+05:30,3933.05,3934,3931.25,3932.65,139,
2024-05-17 14:03:00+05:30,3932.65,3934,3931.55,3933.45,349,
2024-05-17 14:04:00+05:30,3933.45,3933.6,3929.2,3931.75,531,
2024-05-17 14:05:00+05:30,3931.45,3931.65,3929.9,3931.6,183,
2024-05-17 14:06:00+05:30,3929.95,3930.9,3926.7,3929.55,365,
2024-05-17 14:07:00+05:30,3929.55,3930,3927,3929.1,361,
2024-05-17 14:08:00+05:30,3929.1,3930,3927.35,3928.95,499,
2024-05-17 14:09:00+05:30,3928.95,3929.65,3927.05,3929.25,216,
2024-05-17 14:10:00+05:30,3929.25,3930,3928,3929.5,212,
2024-05-17 14:11:00+05:30,3929.5,3930,3928,3928.85,262,
2024-05-17 14:12:00+05:30,3928.85,3930,3928,3929.95,203,
2024-05-17 14:13:00+05:30,3929.95,3930,3928.15,3929.9,145,
2024-05-17 14:14:00+05:30,3929.3,3930,3928,3929.65,293,
2024-05-17 14:15:00+05:30,3929.7,3929.85,3928,3929.85,209,
2024-05-17 14:16:00+05:30,3929.9,3930,3925.1,3926.85,667,
2024-05-17 14:17:00+05:30,3926.85,3927,3924,3925,684,
2024-05-17 14:18:00+05:30,3925,3925.25,3924.05,3924.95,492,
2024-05-17 14:19:00+05:30,3924.85,3925,3922.05,3923.35,380,
2024-05-17 14:20:00+05:30,3922.05,3925,3919.1,3921.05,1201,
2024-05-17 14:21:00+05:30,3920.7,3920.7,3917.05,3919.35,896,
2024-05-17 14:22:00+05:30,3919.35,3919.35,3916.25,3917.5,1036,
2024-05-17 14:23:00+05:30,3917.5,3918,3914.9,3918,754,
2024-05-17 14:24:00+05:30,3917.75,3918,3915,3916.9,927,
2024-05-17 14:25:00+05:30,3916.35,3917.4,3915.6,3917.05,554,
2024-05-17 14:26:00+05:30,3917.05,3918,3917,3917.25,557,
2024-05-17 14:27:00+05:30,3917.25,3918,3916.75,3917.9,1059,
2024-05-17 14:28:00+05:30,3917.9,3917.9,3913.85,3914.85,767,
2024-05-17 14:29:00+05:30,3914.85,3915.3,3911.2,3912.3,1429,
2024-05-17 14:30:00+05:30,3913.05,3913.05,3910.85,3911.05,678,
2024-05-17 14:31:00+05:30,3912.1,3912.7,3910,3912.05,871,
2024-05-17 14:32:00+05:30,3912.05,3912.15,3909.15,3912.15,1306,
2024-05-17 14:33:00+05:30,3912.15,3915,3912.15,3915,802,
2024-05-17 14:34:00+05:30,3914.9,3915.15,3912.45,3912.45,897,
2024-05-17 14:35:00+05:30,3912.9,3914.9,3910.4,3913.7,1026,
2024-05-17 14:36:00+05:30,3914,3914.3,3912,3912.2,687,
2024-05-17 14:37:00+05:30,3912,3914,3911.05,3912.65,1162,
2024-05-17 14:38:00+05:30,3912.65,3913.2,3911.1,3913.2,957,
2024-05-17 14:39:00+05:30,3913.2,3916.2,3912.1,3914.9,901,
2024-05-17 14:40:00+05:30,3915.6,3915.6,3914,3914.75,916,
2024-05-17 14:41:00+05:30,3914,3915.45,3912,3913.25,1418,
2024-05-17 14:42:00+05:30,3913.8,3914.25,3911,3911.2,954,
2024-05-17 14:43:00+05:30,3911.2,3912.95,3910.8,3910.85,1191,
2024-05-17 14:44:00+05:30,3911.95,3912.4,3905,3905,1354,
2024-05-17 14:45:00+05:30,3905,3906.1,3902.9,3905.25,915,
2024-05-17 14:46:00+05:30,3904.1,3907.2,3903.55,3904.25,1505,
2024-05-17 14:47:00+05:30,3904.2,3905.6,3902.5,3905.3,1257,
2024-05-17 14:48:00+05:30,3905.3,3906.65,3903.9,3904.65,1313,
2024-05-17 14:49:00+05:30,3904.65,3905.25,3902,3902.25,1140,
2024-05-17 14:50:00+05:30,3903.75,3903.75,3901,3901.75,967,
2024-05-17 14:51:00+05:30,3901.45,3901.75,3900,3900.15,1643,
2024-05-17 14:52:00+05:30,3900.85,3905.4,3900,3904.35,1113,
2024-05-17 14:53:00+05:30,3904.35,3904.95,3902,3903.95,1178,
2024-05-17 14:54:00+05:30,3903.05,3904.25,3901,3902.85,1011,
2024-05-17 14:55:00+05:30,3902.85,3904.35,3900.7,3903.95,1160,
2024-05-17 14:56:00+05:30,3903.95,3905.95,3903.9,3905,1336,
2024-05-17 14:57:00+05:30,3905.55,3907,3904.65,3905.05,943,
2024-05-17 14:58:00+05:30,3905.25,3906.85,3904.05,3906.85,1246,
2024-05-17 14:59:00+05:30,3906.85,3907,3904.05,3904.3,607,
2024-05-17 15:00:00+05:30,3904.35,3908.6,3902.6,3906.1,2706,
2024-05-17 15:01:00+05:30,3905.55,3905.75,3900.05,3900.05,2834,
2024-05-17 15:02:00+05:30,3902.25,3904.9,3900,3901.95,2754,
2024-05-17 15:03:00+05:30,3901.35,3904.95,3900.9,3900.9,2113,
2024-05-17 15:04:00+05:30,3900.9,3902.3,3896.35,3897.25,2524,
2024-05-17 15:05:00+05:30,3897.05,3902,3895.6,3897.5,2596,
2024-05-17 15:06:00+05:30,3897.5,3899.9,3896.4,3897.6,1932,
2024-05-17 15:07:00+05:30,3898.65,3901.55,3896.95,3898.05,2274,
2024-05-17 15:08:00+05:30,3899,3904.15,3899,3900.7,2633,
2024-05-17 15:09:00+05:30,3901.1,3908.1,3901.05,3907,2711,
2024-05-17 15:10:00+05:30,3907,3916.2,3906.75,3915.8,3700,
2024-05-17 15:11:00+05:30,3915.8,3918.2,3915.2,3916.4,2453,
2024-05-17 15:12:00+05:30,3916.4,3916.4,3913.85,3915.2,1915,
2024-05-17 15:13:00+05:30,3914.85,3917.4,3911.85,3913.95,4161,
2024-05-17 15:14:00+05:30,3913.95,3916.65,3912.9,3914.7,2537,
2024-05-17 15:15:00+05:30,3913.85,3914.9,3911.7,3912.6,2946,
2024-05-17 15:16:00+05:30,3913,3915.95,3912.95,3915.4,2750,
2024-05-17 15:17:00+05:30,3915.4,3920.4,3915,3920.05,4305,
2024-05-17 15:18:00+05:30,3920,3920.85,3919,3920,2438,
2024-05-17 15:19:00+05:30,3920,3921.8,3920,3920.6,2159,
2024-05-17 15:20:00+05:30,3920.85,3922.8,3920,3921,3429,
2024-05-17 15:21:00+05:30,3921.05,3921.2,3917.15,3918.3,3401,
2024-05-17 15:22:00+05:30,3917.55,3917.55,3911.35,3911.7,1841,
2024-05-17 15:23:00+05:30,3911.7,3914.65,3911.7,3912.75,2845,
2024-05-17 15:24:00+05:30,3912.75,3914.15,3909.7,3911.5,2412,
2024-05-17 15:25:00+05:30,3911.5,3916.75,3910.5,3911,2302,
2024-05-17 15:26:00+05:30,3910.7,3914.35,3906.6,3907.35,1761,
2024-05-17 15:27:00+05:30,3907.35,3916.6,3907.35,3911.25,2271,
2024-05-17 15:28:00+05:30,3911.1,3912.9,3905.55,3912.75,1766,
2024-05-17 15:29:00+05:30,3910.3,3914.75,3908.9,3910.25,558,
2024-05-18 09:15:00+05:30,3887.05,3899.55,3870,3878.9,694,
2024-05-18 09:16:00+05:30,3872,3885.1,3870.6,3877.9,2303,
2024-05-18 09:17:00+05:30,3880.95,3880.95,3871.05,3873.05,537,
2024-05-18 09:18:00+05:30,3879.95,3881.65,3871.25,3871.25,346,
2024-05-18 09:19:00+05:30,3876.8,3884.95,3875,3884.95,454,
2024-05-18 09:20:00+05:30,3884.95,3892.25,3878.6,3892.25,260,
2024-05-18 09:21:00+05:30,3892.25,3897.85,3890.2,3897.55,406,
2024-05-18 09:22:00+05:30,3897.4,3897.55,3894,3894,98,
2024-05-18 09:23:00+05:30,3894,3897.9,3892.95,3895.85,2090,
2024-05-18 09:24:00+05:30,3892.1,3894.95,3889.7,3890.8,250,
2024-05-18 09:25:00+05:30,3890.8,3893.45,3890.2,3890.2,13,
2024-05-18 09:26:00+05:30,3890.2,3894,3890.2,3894,92,
2024-05-18 09:27:00+05:30,3894,3897.4,3894,3897.4,323,
2024-05-18 09:28:00+05:30,3897.4,3897.4,3893.15,3895.9,66,
2024-05-18 09:29:00+05:30,3895.9,3895.9,3893.15,3895.9,366,
2024-05-18 09:30:00+05:30,3895.9,3897,3895.9,3897,50,
2024-05-18 09:31:00+05:30,3897.7,3902.95,3897.7,3902.95,706,
2024-05-18 09:32:00+05:30,3902.95,3914.15,3902.65,3910,759,
2024-05-18 09:33:00+05:30,3909.1,3909.1,3904.05,3904.1,167,
2024-05-18 09:34:00+05:30,3904.1,3908.1,3904.1,3908.1,26,
2024-05-18 09:35:00+05:30,3908.1,3908.1,3905.1,3905.1,139,
2024-05-18 09:36:00+05:30,3905.1,3910.15,3905.1,3906.05,206,
2024-05-18 09:37:00+05:30,3906,3917.6,3906,3917,970,
2024-05-18 09:38:00+05:30,3917,3919.95,3917,3917.2,331,
2024-05-18 09:39:00+05:30,3917.2,3925,3917.2,3922.3,860,
2024-05-18 09:40:00+05:30,3922.3,3924.1,3922,3924,8,
2024-05-18 09:41:00+05:30,3924,3925.05,3922.05,3922.1,195,
2024-05-18 09:42:00+05:30,3922.1,3935,3922.05,3935,660,
2024-05-18 09:43:00+05:30,3935,3939.95,3935,3935.1,163,
2024-05-18 09:44:00+05:30,3935.1,3938.95,3935,3937.1,747,
2024-05-18 09:45:00+05:30,3937.1,3937.1,3931.7,3933.3,149,
2024-05-18 09:46:00+05:30,3933.3,3934.85,3920.5,3920.5,163,
2024-05-18 09:47:00+05:30,3921.9,3924.95,3921.9,3922.2,52,
2024-05-18 09:48:00+05:30,3922.25,3922.25,3922,3922,32,
2024-05-18 09:49:00+05:30,3924.9,3925,3922,3925,7,
2024-05-18 09:50:00+05:30,3925,3928,3924.35,3925.55,351,
2024-05-18 09:51:00+05:30,3925.55,3929.85,3921.55,3929.85,362,
2024-05-18 09:52:00+05:30,3921.5,3922,3914.2,3915.95,286,
2024-05-18 09:53:00+05:30,3915.95,3920.15,3911.95,3916.5,570,
2024-05-18 09:54:00+05:30,3915.05,3917.95,3912.2,3912.2,521,
2024-05-18 09:55:00+05:30,3912.2,3912.25,3911.05,3912.2,190,
2024-05-18 09:56:00+05:30,3912.2,3914.1,3912.2,3912.2,151,
2024-05-18 09:57:00+05:30,3912.2,3918.85,3911.1,3911.1,471,
2024-05-18 09:58:00+05:30,3911.1,3911.1,3904.6,3904.6,449,
2024-05-18 09:59:00+05:30,3904.6,3909.65,3904,3909,154,
2024-05-18 11:30:00+05:30,3918.15,3965,3907,3918.95,1635,
2024-05-18 11:31:00+05:30,3918.95,3932.15,3905.05,3919.1,1356,
2024-05-18 11:32:00+05:30,3909.1,3922.45,3909.1,3922.45,53,
2024-05-18 11:33:00+05:30,3922.45,3924.75,3920,3920,54,
2024-05-18 11:34:00+05:30,3920,3920,3910.75,3910.75,198,
2024-05-18 11:35:00+05:30,3910.75,3916,3910.75,3916,298,
2024-05-18 11:36:00+05:30,3916,3916,3911.45,3916,143,
2024-05-18 11:37:00+05:30,3916,3916.05,3912.55,3916.05,199,
2024-05-18 11:38:00+05:30,3916.05,3919.75,3916.05,3916.2,68,
2024-05-18 11:39:00+05:30,3916.2,3919.8,3916.2,3917,77,
2024-05-18 11:40:00+05:30,3917,3919.8,3917,3919.8,45,
2024-05-18 11:41:00+05:30,3919.8,3919.8,3917,3917,272,
2024-05-18 11:42:00+05:30,3917,3919.55,3917,3917.9,378,
2024-05-18 11:43:00+05:30,3917.9,3919.5,3915.05,3916.25,129,
2024-05-18 11:44:00+05:30,3916.25,3920,3916.25,3920,2,
2024-05-18 11:45:00+05:30,3916.25,3921.8,3916.25,3918.25,36,
2024-05-18 11:46:00+05:30,3918.25,3926.7,3918.25,3925.35,451,
2024-05-18 11:47:00+05:30,3925.35,3925.35,3919.95,3922.9,230,
2024-05-18 11:48:00+05:30,3922.9,3922.9,3918.25,3921.35,72,
2024-05-18 11:49:00+05:30,3917.55,3921.35,3917.55,3921.35,14,
2024-05-18 11:50:00+05:30,3921.35,3921.35,3917.65,3920.05,12,
2024-05-18 11:51:00+05:30,3920.05,3921.3,3920,3920.25,188,
2024-05-18 11:52:00+05:30,3920.25,3921,3918.75,3921,156,
2024-05-18 11:53:00+05:30,3921,3931.65,3921,3930.1,553,
2024-05-18 11:54:00+05:30,3930.1,3931,3930.1,3930.1,90,
2024-05-18 11:55:00+05:30,3930.1,3930.1,3930.1,3930.1,5,
2024-05-18 11:56:00+05:30,3930.1,3930.9,3927.45,3927.45,116,
2024-05-18 11:57:00+05:30,3927.45,3929.8,3927,3927,31,
2024-05-18 11:58:00+05:30,3927,3928.5,3927,3928.5,6,
2024-05-18 11:59:00+05:30,3928.5,3928.5,3927.1,3927.1,20,
2024-05-18 12:00:00+05:30,3927.1,3928,3927.1,3928,12,
2024-05-18 12:01:00+05:30,3928,3928,3927,3927.95,66,
2024-05-18 12:02:00+05:30,3927.95,3934.9,3927.95,3934.9,579,
2024-05-18 12:03:00+05:30,3934.9,3934.9,3928.85,3928.85,119,
2024-05-18 12:04:00+05:30,3928.85,3930,3928.05,3928.05,53,
2024-05-18 12:05:00+05:30,3928.05,3928.05,3928.05,3928.05,0,
2024-05-18 12:06:00+05:30,3928.05,3928.05,3927.25,3927.25,233,
2024-05-18 12:07:00+05:30,3927.25,3931.95,3926,3931.95,261,
2024-05-18 12:08:00+05:30,3931.95,3931.95,3927.95,3929.1,88,
2024-05-18 12:09:00+05:30,3929.1,3932.8,3929.1,3932.5,22,
2024-05-18 12:10:00+05:30,3930,3937.95,3930,3936.9,234,
2024-05-18 12:11:00+05:30,3936.85,3937,3932.05,3937,164,
2024-05-18 12:12:00+05:30,3937,3937.85,3931.05,3936.95,296,
2024-05-18 12:13:00+05:30,3936.8,3936.8,3933,3936.6,219,
2024-05-18 12:14:00+05:30,3936.6,3936.6,3932.55,3933,129,
2024-05-18 12:15:00+05:30,3935.35,3936,3917.5,3931,714,
2024-05-18 12:16:00+05:30,3934.4,3935,3930,3931.9,125,
2024-05-18 12:17:00+05:30,3930,3931.9,3929.8,3930,167,
2024-05-18 12:18:00+05:30,3930,3930,3925.35,3929.4,244,
2024-05-18 12:19:00+05:30,3929.25,3930,3925,3929.8,74,
2024-05-18 12:20:00+05:30,3929.8,3929.8,3926.15,3929.8,198,
2024-05-18 12:21:00+05:30,3929.8,3929.8,3926.6,3929.75,128,
2024-05-18 12:22:00+05:30,3929.75,3929.8,3927.3,3929.8,169,
2024-05-18 12:23:00+05:30,3929.8,3931.9,3927.65,3930.75,154,
2024-05-18 12:24:00+05:30,3931.5,3931.5,3925.05,3926.1,682,
2024-05-18 12:25:00+05:30,3926.1,3926.1,3921.7,3922.05,733,
2024-05-18 12:26:00+05:30,3922.05,3922.05,3921.7,3921.7,114,
2024-05-18 12:27:00+05:30,3922,3929,3921.7,3929,116,
2024-05-18 12:28:00+05:30,3930,3930,3922,3929.45,164,
2024-05-18 12:29:00+05:30,3929.45,3929.45,3915.05,3928,186,
2024-05-21 09:15:00+05:30,3861.7,3929,3850,3909.85,10350,
2024-05-21 09:16:00+05:30,3908.3,3915.2,3899,3915.2,5315,
2024-05-21 09:17:00+05:30,3917.55,3922.6,3912.2,3917.65,1140,
2024-05-21 09:18:00+05:30,3917.9,3919.4,3912.35,3914.85,628,
2024-05-21 09:19:00+05:30,3914.85,3934.45,3913.65,3928.55,2363,
2024-05-21 09:20:00+05:30,3929.4,3931.2,3925.35,3926.1,1946,
2024-05-21 09:21:00+05:30,3927,3928.15,3911.05,3914.6,2744,
2024-05-21 09:22:00+05:30,3914.6,3925.95,3914.6,3925.15,1202,
2024-05-21 09:23:00+05:30,3925.15,3932,3925.15,3930.05,1347,
2024-05-21 09:24:00+05:30,3929.45,3936.6,3929.45,3936.6,1014,
2024-05-21 09:25:00+05:30,3936.6,3937.65,3934.9,3937,815,
2024-05-21 09:26:00+05:30,3938.2,3941.85,3935,3939.05,944,
2024-05-21 09:27:00+05:30,3939.05,3944.3,3938.8,3942.95,1924,
2024-05-21 09:28:00+05:30,3942.95,3944.85,3938.15,3938.85,836,
2024-05-21 09:29:00+05:30,3938.85,3946.4,3938.1,3941.05,1594,
2024-05-21 09:30:00+05:30,3941.05,3943.05,3936.35,3936.35,1688,
2024-05-21 09:31:00+05:30,3936.35,3940.95,3932.45,3938.8,485,
2024-05-21 09:32:00+05:30,3938.95,3939.3,3935.1,3935.3,512,
2024-05-21 09:33:00+05:30,3935.1,3937.15,3932.1,3932.1,114,
2024-05-21 09:34:00+05:30,3932.1,3934.15,3930,3932,227,
2024-05-21 09:35:00+05:30,3932,3935,3929.15,3933.55,495,
2024-05-21 09:36:00+05:30,3933.55,3939.4,3933.55,3937,1048,
2024-05-21 09:37:00+05:30,3937,3937.35,3925.95,3925.95,1399,
2024-05-21 09:38:00+05:30,3925.95,3935,3925.6,3935,1288,
2024-05-21 09:39:00+05:30,3935,3938.6,3934.3,3936.15,602,
2024-05-21 09:40:00+05:30,3936.15,3939.15,3936.15,3939,57,
2024-05-21 09:41:00+05:30,3938.3,3939.15,3935.05,3935.05,762,
2024-05-21 09:42:00+05:30,3935.05,3940.4,3935.05,3937.35,304,
2024-05-21 09:43:00+05:30,3937.35,3940.5,3935.35,3938.05,538,
2024-05-21 09:44:00+05:30,3938.05,3938.05,3930.4,3930.4,277,
2024-05-21 09:45:00+05:30,3930.4,3937.7,3930.4,3937.5,233,
2024-05-21 09:46:00+05:30,3937.5,3938.95,3935.3,3935.75,494,
2024-05-21 09:47:00+05:30,3935.75,3938.6,3935.55,3938,272,
2024-05-21 09:48:00+05:30,3938,3938.65,3935.8,3937,126,
2024-05-21 09:49:00+05:30,3937,3942.45,3934.05,3934.05,2501,
2024-05-21 09:50:00+05:30,3934.6,3937.95,3934.6,3935.15,363,
2024-05-21 09:51:00+05:30,3935.15,3937,3933.75,3933.75,164,
2024-05-21 09:52:00+05:30,3933.75,3935.2,3930.3,3932.15,496,
2024-05-21 09:53:00+05:30,3932.15,3935.05,3931.35,3935.05,175,
2024-05-21 09:54:00+05:30,3933.15,3933.85,3931.8,3933.85,437,
2024-05-21 09:55:00+05:30,3931.8,3933.3,3929,3929.5,285,
2024-05-21 09:56:00+05:30,3929.1,3932.45,3928.5,3928.5,191,
2024-05-21 09:57:00+05:30,3928.5,3931.25,3927,3928,311,
2024-05-21 09:58:00+05:30,3927.95,3928.45,3923.4,3923.5,600,
2024-05-21 09:59:00+05:30,3923.45,3926,3923.45,3924.65,88,
2024-05-21 10:00:00+05:30,3924.65,3928.95,3923.45,3927.7,432,
2024-05-21 10:01:00+05:30,3927.7,3932.75,3927.7,3929.85,863,
2024-05-21 10:02:00+05:30,3928.75,3931.05,3928.7,3930,501,
2024-05-21 10:03:00+05:30,3930,3931.75,3929.55,3930.55,69,
2024-05-21 10:04:00+05:30,3930.55,3930.55,3928.95,3930.05,368,
2024-05-21 10:05:00+05:30,3930.05,3931.9,3929.4,3931,1682,
2024-05-21 10:06:00+05:30,3931,3931.8,3930.25,3931.8,621,
2024-05-21 10:07:00+05:30,3931.8,3934,3930.3,3931.05,861,
2024-05-21 10:08:00+05:30,3931.05,3931.05,3930,3931,911,
2024-05-21 10:09:00+05:30,3931,3931,3925.55,3928.1,616,
2024-05-21 10:10:00+05:30,3928.1,3930,3925.3,3930,1011,
2024-05-21 10:11:00+05:30,3930,3930.8,3929.1,3930,365,
2024-05-21 10:12:00+05:30,3930,3930,3928.05,3929.85,504,
2024-05-21 10:13:00+05:30,3929.85,3930,3929.15,3930,275,
2024-05-21 10:14:00+05:30,3930,3935,3929.15,3930,2207,
2024-05-21 10:15:00+05:30,3930,3930,3929,3929,910,
2024-05-21 10:16:00+05:30,3929,3929.5,3927.6,3927.65,143,
2024-05-21 10:17:00+05:30,3927.65,3928.4,3925,3926.6,66,
2024-05-21 10:18:00+05:30,3926.6,3926.6,3922.35,3924.1,450,
2024-05-21 10:19:00+05:30,3926,3930,3924,3930,276,
2024-05-21 10:20:00+05:30,3930,3935.9,3930,3935.1,1247,
2024-05-21 10:21:00+05:30,3935.1,3935.1,3933.05,3934.8,38,
2024-05-21 10:22:00+05:30,3934.8,3936.95,3934.4,3936.15,137,
2024-05-21 10:23:00+05:30,3936.15,3938.95,3936.1,3936.1,699,
2024-05-21 10:24:00+05:30,3936.1,3938,3934.2,3937.45,82,
2024-05-21 10:25:00+05:30,3937.45,3937.65,3935.3,3935.8,149,
2024-05-21 10:26:00+05:30,3935.8,3938,3934.55,3935.85,315,
2024-05-21 10:27:00+05:30,3935.9,3938.75,3935.9,3937,46,
2024-05-21 10:28:00+05:30,3936.25,3940,3936.25,3940,225,
2024-05-21 10:29:00+05:30,3938.55,3942,3938.4,3939.4,550,
2024-05-21 10:30:00+05:30,3941.55,3944,3938.4,3943.15,1074,
2024-05-21 10:31:00+05:30,3943.15,3943.95,3940.55,3943.95,337,
2024-05-21 10:32:00+05:30,3943.95,3944,3942.35,3944,1294,
2024-05-21 10:33:00+05:30,3944,3944,3942.35,3943.2,154,
2024-05-21 10:34:00+05:30,3943.2,3943.2,3941.65,3942.75,151,
2024-05-21 10:35:00+05:30,3942.95,3945,3942.75,3944.85,1175,
2024-05-21 10:36:00+05:30,3944.85,3944.85,3940.65,3942,260,
2024-05-21 10:37:00+05:30,3942,3942,3937.05,3940.9,233,
2024-05-21 10:38:00+05:30,3940.9,3941.8,3939.5,3941,236,
2024-05-21 10:39:00+05:30,3941,3942.35,3939.45,3940.35,646,
2024-05-21 10:40:00+05:30,3940.35,3940.35,3938.05,3938.05,113,
2024-05-21 10:41:00+05:30,3938.05,3940.6,3937.6,3940.6,92,
2024-05-21 10:42:00+05:30,3940.6,3941.05,3937.6,3938.75,375,
2024-05-21 10:43:00+05:30,3938.75,3939,3933,3933.5,318,
2024-05-21 10:44:00+05:30,3933.5,3940,3933.5,3937.4,814,
2024-05-21 10:45:00+05:30,3937.4,3942.35,3937.4,3940.5,910,
2024-05-21 10:46:00+05:30,3940.5,3942.4,3940,3940.1,1185,
2024-05-21 10:47:00+05:30,3942.3,3946,3940.55,3944,2239,
2024-05-21 10:48:00+05:30,3944,3954.9,3944,3950.1,3739,
2024-05-21 10:49:00+05:30,3950.1,3959,3949.95,3957.55,2644,
2024-05-21 10:50:00+05:30,3957.55,3960,3956,3956.05,1248,
2024-05-21 10:51:00+05:30,3956.05,3957,3954.2,3955.3,552,
2024-05-21 10:52:00+05:30,3955.3,3958.05,3953.95,3954.5,2635,
2024-05-21 10:53:00+05:30,3954.5,3959.05,3954.5,3955.05,2997,
2024-05-21 10:54:00+05:30,3955.05,3957.95,3955,3956.55,1033,
2024-05-21 10:55:00+05:30,3956.55,3958.9,3951.1,3953.4,934,
2024-05-21 10:56:00+05:30,3950.35,3952.05,3950,3952.05,317,
2024-05-21 10:57:00+05:30,3950.05,3951.55,3950,3950,83,
2024-05-21 10:58:00+05:30,3950,3953.15,3947,3952.9,1669,
2024-05-21 10:59:00+05:30,3952.35,3954.9,3951.05,3954.6,285,
2024-05-21 11:00:00+05:30,3954.6,3954.9,3951.2,3954,1476,
2024-05-21 11:01:00+05:30,3954,3959.75,3952.25,3959.5,1083,
2024-05-21 11:02:00+05:30,3957.8,3959.8,3956,3957,635,
2024-05-21 11:03:00+05:30,3956.95,3959.8,3956.45,3959.8,839,
2024-05-21 11:04:00+05:30,3959.8,3962,3958.1,3961.15,2520,
2024-05-21 11:05:00+05:30,3961.6,3967.45,3961.6,3964.15,2118,
2024-05-21 11:06:00+05:30,3964.15,3974,3964.15,3973.15,3338,
2024-05-21 11:07:00+05:30,3974,3974,3971.15,3972.25,1043,
2024-05-21 11:08:00+05:30,3972.1,3973.75,3971.2,3971.9,415,
2024-05-21 11:09:00+05:30,3971.9,3973.6,3967.45,3969.85,1823,
2024-05-21 11:10:00+05:30,3969.85,3974.1,3966.7,3969,2435,
2024-05-21 11:11:00+05:30,3969,3971.25,3967.5,3968.8,528,
2024-05-21 11:12:00+05:30,3968.8,3970.9,3968.35,3968.35,101,
2024-05-21 11:13:00+05:30,3968.35,3970,3968.15,3969.45,379,
2024-05-21 11:14:00+05:30,3967.05,3970,3966.1,3968.6,776,
2024-05-21 11:15:00+05:30,3966.5,3972.1,3965.05,3971.5,774,
2024-05-21 11:16:00+05:30,3971.5,3971.9,3968.6,3968.6,1311,
2024-05-21 11:17:00+05:30,3968.65,3969.9,3967.55,3967.55,157,
2024-05-21 11:18:00+05:30,3967.55,3970,3967.55,3969,86,
2024-05-21 11:19:00+05:30,3966.55,3971.7,3966.15,3971.45,438,
2024-05-21 11:20:00+05:30,3971.45,3978.2,3970.2,3971.5,3657,
2024-05-21 11:21:00+05:30,3971.5,3972.25,3968,3968,641,
2024-05-21 11:22:00+05:30,3968,3971.9,3966.35,3970.9,781,
2024-05-21 11:23:00+05:30,3970.9,3970.9,3968.1,3970,233,
2024-05-21 11:24:00+05:30,3970,3972,3969,3970.15,325,
2024-05-21 11:25:00+05:30,3970.15,3972,3970.05,3970.05,848,
2024-05-21 11:26:00+05:30,3970.05,3971.45,3965.05,3965.05,1249,
2024-05-21 11:27:00+05:30,3965.05,3966.95,3965,3965,184,
2024-05-21 11:28:00+05:30,3965.05,3966,3963.35,3964.45,576,
2024-05-21 11:29:00+05:30,3964.45,3966.95,3964.45,3966.65,287,
2024-05-21 11:30:00+05:30,3966.65,3968,3965,3965,295,
2024-05-21 11:31:00+05:30,3965,3969,3965,3967.95,688,
2024-05-21 11:32:00+05:30,3967.95,3969,3967.2,3967.2,314,
2024-05-21 11:33:00+05:30,3967.2,3968.15,3965.25,3965.35,181,
2024-05-21 11:34:00+05:30,3965.35,3967.4,3963.55,3965.95,74,
2024-05-21 11:35:00+05:30,3965.95,3966.9,3963.7,3965.9,119,
2024-05-21 11:36:00+05:30,3963.2,3967,3963.2,3967,259,
2024-05-21 11:37:00+05:30,3967,3968.95,3965.4,3967.35,138,
2024-05-21 11:38:00+05:30,3967.35,3969.2,3967.2,3969.1,194,
2024-05-21 11:39:00+05:30,3969.1,3971.5,3967.35,3971.5,415,
2024-05-21 11:40:00+05:30,3971.5,3971.95,3968.45,3970,266,
2024-05-21 11:41:00+05:30,3970,3971.8,3969.75,3971.7,395,
2024-05-21 11:42:00+05:30,3971.7,3971.7,3966.75,3967.35,959,
2024-05-21 11:43:00+05:30,3967.35,3970,3967.35,3969.05,191,
2024-05-21 11:44:00+05:30,3969.05,3970,3969.05,3970,158,
2024-05-21 11:45:00+05:30,3970,3970,3967.8,3967.8,141,
2024-05-21 11:46:00+05:30,3967.8,3970,3967.65,3970,41,
2024-05-21 11:47:00+05:30,3970,3970,3968.1,3970,166,
2024-05-21 11:48:00+05:30,3970,3971.8,3968.3,3971.8,464,
2024-05-21 11:49:00+05:30,3971.5,3971.55,3970,3970,407,
2024-05-21 11:50:00+05:30,3970,3972,3970,3972,1021,
2024-05-21 11:51:00+05:30,3972,3974,3971.5,3972.95,511,
2024-05-21 11:52:00+05:30,3972.95,3978,3972.15,3975.8,1587,
2024-05-21 11:53:00+05:30,3976.8,3979,3975.05,3975.8,3223,
2024-05-21 11:54:00+05:30,3975.8,3975.8,3972.25,3974.45,372,
2024-05-21 11:55:00+05:30,3974.45,3976,3972,3972,1545,
2024-05-21 11:56:00+05:30,3972,3978.3,3971.75,3976.65,1071,
2024-05-21 11:57:00+05:30,3976.65,3977.3,3973.6,3975.05,673,
2024-05-21 11:58:00+05:30,3975.05,3977.3,3974.85,3974.85,720,
2024-05-21 11:59:00+05:30,3974.85,3977.35,3974.85,3976.7,397,
2024-05-21 12:00:00+05:30,3974.9,3978,3972.6,3975.65,1059,
2024-05-21 12:01:00+05:30,3975.65,3976.65,3973.7,3976,593,
2024-05-21 12:02:00+05:30,3976,3976.45,3973.25,3973.25,544,
2024-05-21 12:03:00+05:30,3973.25,3975.05,3970.45,3975,331,
2024-05-21 12:04:00+05:30,3974.55,3977.95,3973.9,3974.95,1115,
2024-05-21 12:05:00+05:30,3977.2,3978.95,3974.95,3975,476,
2024-05-21 12:06:00+05:30,3975,3978,3974.95,3975.95,116,
2024-05-21 12:07:00+05:30,3975.95,3978.95,3975.95,3978.95,188,
2024-05-21 12:08:00+05:30,3978.95,3980,3977.95,3980,111,
2024-05-21 12:09:00+05:30,3979.9,3983.95,3979.4,3982.75,2733,
2024-05-21 12:10:00+05:30,3982.75,3984,3981.4,3983.45,944,
2024-05-21 12:11:00+05:30,3983.1,3984.4,3982.1,3984.4,1108,
2024-05-21 12:12:00+05:30,3984.4,3989.9,3983.65,3989.9,1739,
2024-05-21 12:13:00+05:30,3989.9,3994,3988.35,3991.75,2296,
2024-05-21 12:14:00+05:30,3991.75,3995,3991.75,3994.55,1310,
2024-05-21 12:15:00+05:30,3994.55,3997.55,3993.6,3995.2,6348,
2024-05-21 12:16:00+05:30,3995.2,4008,3993.6,4008,9753,
2024-05-21 12:17:00+05:30,4006.85,4015,4006,4008,7058,
2024-05-21 12:18:00+05:30,4008,4012.05,4003.7,4012.05,2872,
2024-05-21 12:19:00+05:30,4012.05,4013.1,4005.55,4007,2073,
2024-05-21 12:20:00+05:30,4007,4009.45,4004,4007.75,2060,
2024-05-21 12:21:00+05:30,4008.15,4008.3,4004,4006.4,1522,
2024-05-21 12:22:00+05:30,4006.4,4007,3998.55,3999.95,2155,
2024-05-21 12:23:00+05:30,3999.95,4001,3996.2,3997.75,2493,
2024-05-21 12:24:00+05:30,3997.75,4001.25,3997.75,3998.6,755,
2024-05-21 12:25:00+05:30,3998.6,3999.95,3997,3997.6,529,
2024-05-21 12:26:00+05:30,3997.6,4000,3997.2,3998.25,525,
2024-05-21 12:27:00+05:30,3998.25,4000,3997.2,3998.5,1355,
2024-05-21 12:28:00+05:30,3998.5,4000,3986.05,3987.2,2424,
2024-05-21 12:29:00+05:30,3987.2,3989,3980,3984.4,2376,
2024-05-21 12:30:00+05:30,3984.4,3989.9,3984.05,3988,1279,
2024-05-21 12:31:00+05:30,3989.7,3992.95,3988.3,3992.95,582,
2024-05-21 12:32:00+05:30,3992.95,3993.45,3991.95,3992.05,590,
2024-05-21 12:33:00+05:30,3991.95,3993,3990,3993,599,
2024-05-21 12:34:00+05:30,3993,3994,3990.45,3993.95,344,
2024-05-21 12:35:00+05:30,3993.95,3998.95,3993.95,3996.95,1015,
2024-05-21 12:36:00+05:30,3998,4000,3997.1,4000,1575,
2024-05-21 12:37:00+05:30,4000,4001.4,3997.7,3997.7,1970,
2024-05-21 12:38:00+05:30,3997.7,4000.95,3996.4,3998.6,890,
2024-05-21 12:39:00+05:30,3998.6,4000.95,3998.25,4000,284,
2024-05-21 12:40:00+05:30,3999.05,4000,3996.3,3998.7,1374,
2024-05-21 12:41:00+05:30,3998.7,3998.75,3996.65,3996.65,521,
2024-05-21 12:42:00+05:30,3996.65,3999.6,3996.65,3998.75,365,
2024-05-21 12:43:00+05:30,3998.75,4000,3998.7,3999.95,766,
2024-05-21 12:44:00+05:30,3999.95,4000,3998.35,4000,381,
2024-05-21 12:45:00+05:30,4000,4000,3998,3998,319,
2024-05-21 12:46:00+05:30,3998,3998.85,3996.5,3998.85,250,
2024-05-21 12:47:00+05:30,3998.85,3999.9,3997.8,3999.9,968,
2024-05-21 12:48:00+05:30,3999.9,3999.9,3997.5,3998.9,603,
2024-05-21 12:49:00+05:30,3998.9,4003.75,3995,4001.85,4582,
2024-05-21 12:50:00+05:30,4001.85,4005.95,4001.05,4001.3,2383,
2024-05-21 12:51:00+05:30,4001.3,4003.5,4001,4001.25,589,
2024-05-21 12:52:00+05:30,4001.25,4003.35,3999.05,4000,547,
2024-05-21 12:53:00+05:30,4000,4001.2,3998.45,4000.6,271,
2024-05-21 12:54:00+05:30,4000,4003.5,4000,4003.5,1591,
2024-05-21 12:55:00+05:30,4003.5,4003.5,4001.1,4002.35,442,
2024-05-21 12:56:00+05:30,4002.35,4003.45,4000,4001.45,1905,
2024-05-21 12:57:00+05:30,4001.45,4001.85,3995.4,3995.85,2731,
2024-05-21 12:58:00+05:30,3995.85,3998.7,3995.6,3996.7,304,
2024-05-21 12:59:00+05:30,3997.05,3997.95,3996,3996,407,
2024-05-21 13:00:00+05:30,3996.2,4000,3995.45,3997.65,380,
2024-05-21 13:01:00+05:30,3997.65,3999.45,3997,3997.7,191,
2024-05-21 13:02:00+05:30,3997.7,4000,3996,3998.85,809,
2024-05-21 13:03:00+05:30,3998.85,3999,3997,3997.2,267,
2024-05-21 13:04:00+05:30,3997.2,3999,3997,3998.2,271,
2024-05-21 13:05:00+05:30,3998.15,4001.45,3998.15,4001.45,3082,
2024-05-21 13:06:00+05:30,4001.45,4002.85,3998,3998,2920,
2024-05-21 13:07:00+05:30,3998,4000.05,3998,4000,351,
2024-05-21 13:08:00+05:30,4000,4004,3999,4001.85,8040,
2024-05-21 13:09:00+05:30,4001.85,4003.95,3999.9,4000.2,635,
2024-05-21 13:10:00+05:30,4000.2,4003.4,4000.2,4001.6,336,
2024-05-21 13:11:00+05:30,4001.65,4004,4000.3,4002.2,809,
2024-05-21 13:12:00+05:30,4002.2,4003.75,3999.95,4003.7,352,
2024-05-21 13:13:00+05:30,4003.7,4006,4002.65,4005.8,1340,
2024-05-21 13:14:00+05:30,4005.8,4006.45,4003.65,4005,1751,
2024-05-21 13:15:00+05:30,4005,4009.95,4005,4007.4,4194,
2024-05-21 13:16:00+05:30,4007.4,4008.2,4003.15,4003.2,614,
2024-05-21 13:17:00+05:30,4003.2,4009,4003.2,4008,1262,
2024-05-21 13:18:00+05:30,4009.3,4009.3,4007,4008,598,
2024-05-21 13:19:00+05:30,4008,4010,4008,4008,1583,
2024-05-21 13:20:00+05:30,4008,4009.85,4008,4009,655,
2024-05-21 13:21:00+05:30,4009,4010,4008,4008.15,1032,
2024-05-21 13:22:00+05:30,4008.15,4011,4008.15,4011,2098,
2024-05-21 13:23:00+05:30,4011,4011,4001.7,4002.35,3667,
2024-05-21 13:24:00+05:30,4003,4003,3994.1,4000.55,1786,
2024-05-21 13:25:00+05:30,4000.55,4001.3,3997.25,4000.25,857,
2024-05-21 13:26:00+05:30,4000.25,4008.3,3999.1,4004.5,802,
2024-05-21 13:27:00+05:30,4004.5,4007.05,4004.5,4006.25,185,
2024-05-21 13:28:00+05:30,4006.25,4007,4005.55,4005.55,376,
2024-05-21 13:29:00+05:30,4005.55,4007,4005.05,4006.9,954,
2024-05-21 13:30:00+05:30,4006.9,4008.9,4006.2,4008.7,2134,
2024-05-21 13:31:00+05:30,4008.7,4009,4007.7,4007.7,348,
2024-05-21 13:32:00+05:30,4007.7,4011,4007.7,4010.45,1281,
2024-05-21 13:33:00+05:30,4010.45,4010.6,4007.8,4008.55,872,
2024-05-21 13:34:00+05:30,4010,4010,4008,4008,295,
2024-05-21 13:35:00+05:30,4008,4010,4008,4008.7,305,
2024-05-21 13:36:00+05:30,4008.7,4010,4008,4009.35,486,
2024-05-21 13:37:00+05:30,4009.35,4010,4008.75,4008.75,224,
2024-05-21 13:38:00+05:30,4008.75,4009,4006.2,4006.2,483,
2024-05-21 13:39:00+05:30,4006.2,4009,4005.1,4008.05,370,
2024-05-21 13:40:00+05:30,4008.05,4009,4006.15,4007,247,
2024-05-21 13:41:00+05:30,4007,4008.65,4003.8,4006,332,
2024-05-21 13:42:00+05:30,4006,4006,4003.2,4003.2,702,
2024-05-21 13:43:00+05:30,4003.2,4005.9,4002.55,4005.05,475,
2024-05-21 13:44:00+05:30,4005.05,4006,4003.3,4005.5,405,
2024-05-21 13:45:00+05:30,4005.5,4008.1,4005.3,4007.05,438,
2024-05-21 13:46:00+05:30,4007.05,4009.9,4007.05,4008.8,273,
2024-05-21 13:47:00+05:30,4008.8,4011.95,4008.8,4010.2,1734,
2024-05-21 13:48:00+05:30,4010.2,4011.15,4007.75,4008.7,339,
2024-05-21 13:49:00+05:30,4008.7,4011.3,4008.15,4009,214,
2024-05-21 13:50:00+05:30,4009,4011.85,4009,4011.05,548,
2024-05-21 13:51:00+05:30,4011.05,4014,4004.95,4004.95,12566,
2024-05-21 13:52:00+05:30,4007.1,4010.8,4005,4009.45,2350,
2024-05-21 13:53:00+05:30,4009.45,4012.5,4008.4,4008.95,1207,
2024-05-21 13:54:00+05:30,4008.95,4011.9,4008.5,4008.5,466,
2024-05-21 13:55:00+05:30,4008.5,4013,4008.5,4010.1,396,
2024-05-21 13:56:00+05:30,4010.1,4013.05,4008.65,4013,1512,
2024-05-21 13:57:00+05:30,4013,4014,4009,4010.65,732,
2024-05-21 13:58:00+05:30,4010.65,4011.95,4008.7,4008.7,389,
2024-05-21 13:59:00+05:30,4008.7,4011,4008.55,4008.55,277,
2024-05-21 14:00:00+05:30,4008.55,4010,4008.15,4010,786,
2024-05-21 14:01:00+05:30,4010,4011,4008,4008,407,
2024-05-21 14:02:00+05:30,4008,4010,4008,4009.3,298,
2024-05-21 14:03:00+05:30,4009.3,4010,4008,4008.25,278,
2024-05-21 14:04:00+05:30,4008.25,4011.75,4008.25,4011.6,1415,
2024-05-21 14:05:00+05:30,4011.6,4012.2,4010,4010,484,
2024-05-21 14:06:00+05:30,4010.05,4012,4010,4011.25,650,
2024-05-21 14:07:00+05:30,4011.25,4011.25,4008.35,4010,328,
2024-05-21 14:08:00+05:30,4010,4011,4009.25,4010.2,272,
2024-05-21 14:09:00+05:30,4010.4,4012,4010.4,4011,314,
2024-05-21 14:10:00+05:30,4011,4012.9,4011,4011,3317,
2024-05-21 14:11:00+05:30,4011.65,4012.9,4011,4011.75,374,
2024-05-21 14:12:00+05:30,4011.45,4014.2,4011.05,4013.05,428,
2024-05-21 14:13:00+05:30,4013.05,4014.8,4013.05,4014,328,
2024-05-21 14:14:00+05:30,4014,4014.7,4013.05,4013.3,664,
2024-05-21 14:15:00+05:30,4013.05,4013.95,4011.55,4011.6,775,
2024-05-21 14:16:00+05:30,4011.6,4013.4,4003.55,4006.35,1940,
2024-05-21 14:17:00+05:30,4006.35,4010,4004.7,4007.9,3567,
2024-05-21 14:18:00+05:30,4007.9,4010,4007,4009.75,732,
2024-05-21 14:19:00+05:30,4009.75,4012.7,4007.55,4012.4,1057,
2024-05-21 14:20:00+05:30,4012.4,4013,4011.2,4012.45,374,
2024-05-21 14:21:00+05:30,4012.45,4012.95,4011.2,4012,391,
2024-05-21 14:22:00+05:30,4013,4013,4005.4,4006,3730,
2024-05-21 14:23:00+05:30,4006,4009.1,4006,4009.1,747,
2024-05-21 14:24:00+05:30,4009.1,4009.35,4007.05,4009.2,295,
2024-05-21 14:25:00+05:30,4009.2,4009.2,4008,4009,513,
2024-05-21 14:26:00+05:30,4008.75,4009.5,4006,4006.35,1097,
2024-05-21 14:27:00+05:30,4006.45,4009.4,4006.4,4008.8,892,
2024-05-21 14:28:00+05:30,4008.8,4010.4,4008,4009.5,1290,
2024-05-21 14:29:00+05:30,4009.5,4010.5,4008.65,4010.4,521,
2024-05-21 14:30:00+05:30,4010.4,4011.95,4009.25,4011.45,1209,
2024-05-21 14:31:00+05:30,4011.45,4011.45,4011,4011.45,800,
2024-05-21 14:32:00+05:30,4011.45,4014.1,4011,4014,1426,
2024-05-21 14:33:00+05:30,4013,4014,4012.5,4012.75,994,
2024-05-21 14:34:00+05:30,4012.75,4013.95,4010,4010.3,1737,
2024-05-21 14:35:00+05:30,4010.2,4013,4010.1,4013,402,
2024-05-21 14:36:00+05:30,4012.2,4013.95,4011.25,4012.75,528,
2024-05-21 14:37:00+05:30,4013,4014,4013,4013,1139,
2024-05-21 14:38:00+05:30,4013,4014,4013,4013.7,502,
2024-05-21 14:39:00+05:30,4013.7,4014,4013,4013.95,854,
2024-05-21 14:40:00+05:30,4013,4014.95,4013,4014,1458,
2024-05-21 14:41:00+05:30,4015,4015,4013.2,4013.2,894,
2024-05-21 14:42:00+05:30,4013.4,4015,4013.25,4013.55,347,
2024-05-21 14:43:00+05:30,4013.55,4014.95,4013,4013,542,
2024-05-21 14:44:00+05:30,4013,4013,4010,4010.65,695,
2024-05-21 14:45:00+05:30,4010.3,4012.95,4010.05,4010.95,334,
2024-05-21 14:46:00+05:30,4010.95,4013,4010.95,4011.5,972,
2024-05-21 14:47:00+05:30,4011.5,4013,4010.6,4012.35,214,
2024-05-21 14:48:00+05:30,4012.35,4012.85,4010.35,4011.15,576,
2024-05-21 14:49:00+05:30,4011.15,4013,4011.15,4012.55,401,
2024-05-21 14:50:00+05:30,4011.6,4013,4010.55,4013,839,
2024-05-21 14:51:00+05:30,4012.2,4013,4011,4011.1,618,
2024-05-21 14:52:00+05:30,4011.5,4013.85,4011,4011,502,
2024-05-21 14:53:00+05:30,4011,4012.25,4009,4010.5,941,
2024-05-21 14:54:00+05:30,4009,4010.5,4007.05,4008.2,529,
2024-05-21 14:55:00+05:30,4008.2,4011,4008.2,4008.7,1028,
2024-05-21 14:56:00+05:30,4008.7,4008.7,4000.6,4002.3,1627,
2024-05-21 14:57:00+05:30,4003,4003,3998.15,3998.15,1691,
2024-05-21 14:58:00+05:30,4000.45,4002.45,3998,3999,773,
2024-05-21 14:59:00+05:30,3998.1,3999.95,3995,3996,1542,
2024-05-21 15:00:00+05:30,3995.6,3999.75,3991.55,3998.35,2830,
2024-05-21 15:01:00+05:30,3997.75,3998.85,3997.3,3998.75,988,
2024-05-21 15:02:00+05:30,3998.25,4003,3997.9,4002.8,2589,
2024-05-21 15:03:00+05:30,4003,4008.75,4002.7,4008.75,2584,
2024-05-21 15:04:00+05:30,4008.8,4012.45,4007.95,4010.95,2214,
2024-05-21 15:05:00+05:30,4011.65,4016,4010.55,4012.35,4947,
2024-05-21 15:06:00+05:30,4012.95,4014.85,4010.4,4012.6,997,
2024-05-21 15:07:00+05:30,4011.85,4014,4010.2,4013.95,2915,
2024-05-21 15:08:00+05:30,4013.5,4014,4011.75,4012.3,2638,
2024-05-21 15:09:00+05:30,4012.55,4013.65,4008.15,4012.9,2850,
2024-05-21 15:10:00+05:30,4010.35,4012.35,4006.9,4009.05,2773,
2024-05-21 15:11:00+05:30,4009.1,4009.3,4007.8,4009,1909,
2024-05-21 15:12:00+05:30,4009,4010,4007.4,4010,1916,
2024-05-21 15:13:00+05:30,4010,4010,4008.3,4009.7,2698,
2024-05-21 15:14:00+05:30,4009.75,4010.5,4008.7,4009.25,2953,
2024-05-21 15:15:00+05:30,4008.65,4009.35,4006.35,4007.45,2306,
2024-05-21 15:16:00+05:30,4007.5,4007.5,4002.15,4002.45,3159,
2024-05-21 15:17:00+05:30,4003.15,4007.55,4003.15,4007.55,4600,
2024-05-21 15:18:00+05:30,4007.4,4009.95,4007.35,4009,2283,
2024-05-21 15:19:00+05:30,4009,4009,4006.55,4006.7,2210,
2024-05-21 15:20:00+05:30,4006.7,4010,4006.55,4008.8,3263,
2024-05-21 15:21:00+05:30,4008.8,4010.35,4008.3,4010.25,1980,
2024-05-21 15:22:00+05:30,4010.45,4010.7,4010.1,4010.65,1563,
2024-05-21 15:23:00+05:30,4010.65,4025,4010.65,4025,8229,
2024-05-21 15:24:00+05:30,4025,4038.9,4025,4027.9,10541,
2024-05-21 15:25:00+05:30,4028.7,4028.85,4028,4028,4318,
2024-05-21 15:26:00+05:30,4028,4029.9,4025.65,4028,10352,
2024-05-21 15:27:00+05:30,4027.45,4030,4022.4,4024.65,7869,
2024-05-21 15:28:00+05:30,4024.65,4030,4020.15,4025.45,3328,
2024-05-21 15:29:00+05:30,4025.45,4032,4025.45,4032,3121,
2024-05-22 09:15:00+05:30,4051,4055.55,4033,4041.4,3620,
2024-05-22 09:16:00+05:30,4035.4,4044.9,4035.35,4039.3,4682,
2024-05-22 09:17:00+05:30,4041.65,4042,4030,4030,3948,
2024-05-22 09:18:00+05:30,4030.2,4040.95,4030,4030,1007,
2024-05-22 09:19:00+05:30,4032.9,4032.9,4022.05,4026.7,836,
2024-05-22 09:20:00+05:30,4026.7,4026.7,4011,4014.5,2800,
2024-05-22 09:21:00+05:30,4014.1,4028,4011.65,4023.6,2723,
2024-05-22 09:22:00+05:30,4023.6,4026.85,4017.9,4021.95,1081,
2024-05-22 09:23:00+05:30,4021.95,4023.15,4017.9,4022.9,674,
2024-05-22 09:24:00+05:30,4022.9,4027.7,4021,4021.15,1880,
2024-05-22 09:25:00+05:30,4021.15,4034.15,4021.15,4031.15,5752,
2024-05-22 09:26:00+05:30,4033.9,4035,4029,4030,737,
2024-05-22 09:27:00+05:30,4030,4032,4025.05,4032,578,
2024-05-22 09:28:00+05:30,4032,4040,4031.95,4038.3,1164,
2024-05-22 09:29:00+05:30,4038.3,4040,4038,4039.6,415,
2024-05-22 09:30:00+05:30,4038,4038,4026.6,4026.6,1098,
2024-05-22 09:31:00+05:30,4026.6,4026.75,4022.35,4025.9,468,
2024-05-22 09:32:00+05:30,4022.55,4022.55,4017.2,4018.65,834,
2024-05-22 09:33:00+05:30,4018.65,4020,4014.05,4017.35,1406,
2024-05-22 09:34:00+05:30,4017.35,4017.35,4008.1,4009.7,1666,
2024-05-22 09:35:00+05:30,4009.05,4010.7,4008.1,4010,329,
2024-05-22 09:36:00+05:30,4010,4010,4004,4009.95,848,
2024-05-22 09:37:00+05:30,4009.95,4014.4,4007.05,4010.65,556,
2024-05-22 09:38:00+05:30,4012.95,4012.95,4008.75,4011,769,
2024-05-22 09:39:00+05:30,4011,4011.1,4007.05,4008.45,283,
2024-05-22 09:40:00+05:30,4010.45,4011,4007.05,4007.05,473,
2024-05-22 09:41:00+05:30,4007.05,4008.65,3995,3995.5,1895,
2024-05-22 09:42:00+05:30,3998.1,3998.7,3992.15,3993.7,645,
2024-05-22 09:43:00+05:30,3993.7,3993.7,3986.7,3992.3,2035,
2024-05-22 09:44:00+05:30,3992.3,3992.85,3990,3990.5,1899,
2024-05-22 09:45:00+05:30,3990.5,3992.65,3990,3992.65,2029,
2024-05-22 09:46:00+05:30,3992.65,3998.75,3992.65,3997.9,2565,
2024-05-22 09:47:00+05:30,3996.05,3998,3993.15,3998,940,
2024-05-22 09:48:00+05:30,3998,3999,3995,3997.5,257,
2024-05-22 09:49:00+05:30,3997.6,4000,3996.15,3999.35,666,
2024-05-22 09:50:00+05:30,3999.35,3999.35,3994.45,3997.15,4641,
2024-05-22 09:51:00+05:30,3997.15,3998,3995,3995.1,961,
2024-05-22 09:52:00+05:30,3995.1,3996.75,3994.45,3995.95,241,
2024-05-22 09:53:00+05:30,3997.1,4003.95,3997.1,4003.95,490,
2024-05-22 09:54:00+05:30,4003.95,4005,4002.35,4003.3,429,
2024-05-22 09:55:00+05:30,4003.3,4003.3,4001,4002,128,
2024-05-22 09:56:00+05:30,4002,4003.4,4001,4003.35,208,
2024-05-22 09:57:00+05:30,4003.35,4008,4003.35,4007.6,331,
2024-05-22 09:58:00+05:30,4007.6,4009,4005.1,4005.15,528,
2024-05-22 09:59:00+05:30,4007.15,4007.15,4003.65,4003.65,131,
2024-05-22 10:00:00+05:30,4004.3,4007.95,4004,4004.65,212,
2024-05-22 10:01:00+05:30,4004.65,4007.95,4004.1,4004.1,96,
2024-05-22 10:02:00+05:30,4006.15,4006.15,4003.35,4004.35,944,
2024-05-22 10:03:00+05:30,4004.35,4004.35,3998.4,3999.15,278,
2024-05-22 10:04:00+05:30,3998.4,4000.45,3995,3999.45,487,
2024-05-22 10:05:00+05:30,3999.45,3999.8,3999.35,3999.4,240,
2024-05-22 10:06:00+05:30,3999.5,4003.1,3999.5,4003.1,169,
2024-05-22 10:07:00+05:30,4003.1,4003.1,3998.8,4000.15,365,
2024-05-22 10:08:00+05:30,4000.15,4003.4,3999.45,4003.4,337,
2024-05-22 10:09:00+05:30,4003.4,4003.45,4000.05,4000.05,101,
2024-05-22 10:10:00+05:30,4000,4002.45,4000,4001.65,120,
2024-05-22 10:11:00+05:30,4001.6,4002.4,4000.2,4000.6,114,
2024-05-22 10:12:00+05:30,4000.2,4003.4,4000.2,4000.7,449,
2024-05-22 10:13:00+05:30,4000.7,4006.95,4000.7,4005,305,
2024-05-22 10:14:00+05:30,4006.95,4007.65,4005.05,4007.65,288,
2024-05-22 10:15:00+05:30,4007.65,4007.65,4004.15,4007,93,
2024-05-22 10:16:00+05:30,4007,4007,4002.2,4004.55,110,
2024-05-22 10:17:00+05:30,4004.55,4004.7,4001.25,4004.7,196,
2024-05-22 10:18:00+05:30,4004.7,4004.7,4002.85,4002.85,62,
2024-05-22 10:19:00+05:30,4002.85,4004,4002.85,4003,30,
2024-05-22 10:20:00+05:30,4007.45,4007.45,4005.2,4005.2,207,
2024-05-22 10:21:00+05:30,4005.2,4006.7,4005.2,4006.7,127,
2024-05-22 10:22:00+05:30,4006.7,4007.95,4005.3,4007.95,103,
2024-05-22 10:23:00+05:30,4007.95,4011.2,4005.4,4011.2,395,
2024-05-22 10:24:00+05:30,4009.85,4014.8,4009.85,4014,2056,
2024-05-22 10:25:00+05:30,4014,4014.5,4009.05,4009.15,262,
2024-05-22 10:26:00+05:30,4009.15,4010,4006,4006.35,372,
2024-05-22 10:27:00+05:30,4005.5,4006.35,4005.5,4005.5,156,
2024-05-22 10:28:00+05:30,4005.5,4005.5,4002.05,4002.05,373,
2024-05-22 10:29:00+05:30,4002.05,4002.05,4000.9,4000.9,87,
2024-05-22 10:30:00+05:30,4000.9,4001.9,4000,4001.2,345,
2024-05-22 10:31:00+05:30,4001,4003.9,4001,4003.8,101,
2024-05-22 10:32:00+05:30,4005,4007.45,4003.5,4006,397,
2024-05-22 10:33:00+05:30,4006,4013.25,4005.6,4013.25,671,
2024-05-22 10:34:00+05:30,4013.25,4013.25,4010,4011.75,518,
2024-05-22 10:35:00+05:30,4012.25,4019,4012.25,4017.75,1462,
2024-05-22 10:36:00+05:30,4017.75,4017.9,4014.1,4014.1,1055,
2024-05-22 10:37:00+05:30,4014.1,4018.1,4010,4018.1,1699,
2024-05-22 10:38:00+05:30,4018.1,4018.85,4015.8,4017,283,
2024-05-22 10:39:00+05:30,4017,4019,4012.5,4014.3,371,
2024-05-22 10:40:00+05:30,4014.3,4014.3,4010,4011.2,210,
2024-05-22 10:41:00+05:30,4011.2,4011.9,4007.9,4011.55,385,
2024-05-22 10:42:00+05:30,4011.55,4011.7,4006.1,4006.55,127,
2024-05-22 10:43:00+05:30,4006.55,4009.4,4006.1,4007.3,237,
2024-05-22 10:44:00+05:30,4009.9,4020,4009.9,4019.95,1516,
2024-05-22 10:45:00+05:30,4019.95,4019.95,4010.05,4010.05,944,
2024-05-22 10:46:00+05:30,4010.05,4010.05,4006.9,4006.9,416,
2024-05-22 10:47:00+05:30,4006.9,4007.7,4005.05,4007.55,244,
2024-05-22 10:48:00+05:30,4005.25,4011.1,4005.25,4009.95,566,
2024-05-22 10:49:00+05:30,4009.95,4009.95,4006.6,4006.6,91,
2024-05-22 10:50:00+05:30,4006.6,4009.4,4006.6,4006.95,221,
2024-05-22 10:51:00+05:30,4006.95,4006.95,4006.8,4006.8,53,
2024-05-22 10:52:00+05:30,4008.4,4008.4,4006.8,4007.6,36,
2024-05-22 10:53:00+05:30,4007.6,4013.05,4007.6,4013.05,241,
2024-05-22 10:54:00+05:30,4013.05,4017,4011.05,4017,389,
2024-05-22 10:55:00+05:30,4017,4019,4015.4,4019,1358,
2024-05-22 10:56:00+05:30,4019,4022.2,4017,4017.45,1782,
2024-05-22 10:57:00+05:30,4017.45,4017.45,4014,4014,332,
2024-05-22 10:58:00+05:30,4014,4017.6,4014,4017.6,65,
2024-05-22 10:59:00+05:30,4017.6,4017.6,4014,4014,37,
2024-05-22 11:00:00+05:30,4013,4014,4013,4013.65,128,
2024-05-22 11:01:00+05:30,4013.65,4015.45,4012.8,4012.8,169,
2024-05-22 11:02:00+05:30,4012.8,4014.65,4010,4010,86,
2024-05-22 11:03:00+05:30,4010,4010.45,4008,4009.65,271,
2024-05-22 11:04:00+05:30,4009.95,4011.95,4007.85,4009.6,163,
2024-05-22 11:05:00+05:30,4008.1,4010.45,4006.1,4006.1,59,
2024-05-22 11:06:00+05:30,4006.1,4010,4006,4010,371,
2024-05-22 11:07:00+05:30,4010,4011,4008.3,4010.65,197,
2024-05-22 11:08:00+05:30,4010.65,4011,4009.05,4009.05,320,
2024-05-22 11:09:00+05:30,4009.05,4011,4008.35,4011,50,
2024-05-22 11:10:00+05:30,4011,4011,4009,4010.65,42,
2024-05-22 11:11:00+05:30,4010.65,4013.5,4010.3,4012.95,78,
2024-05-22 11:12:00+05:30,4012.95,4016,4010.25,4014.75,391,
2024-05-22 11:13:00+05:30,4014.75,4016.95,4012.75,4012.75,46,
2024-05-22 11:14:00+05:30,4012.75,4014.9,4012.05,4012.05,64,
2024-05-22 11:15:00+05:30,4012.05,4015.1,4012.05,4012.2,62,
2024-05-22 11:16:00+05:30,4012.2,4012.2,4008.9,4009.8,104,
2024-05-22 11:17:00+05:30,4009.8,4011,4006.3,4009.35,961,
2024-05-22 11:18:00+05:30,4011.95,4011.95,4009.25,4009.25,32,
2024-05-22 11:19:00+05:30,4009.25,4013.4,4009.25,4012.25,127,
2024-05-22 11:20:00+05:30,4012.25,4012.25,4011.65,4011.75,56,
2024-05-22 11:21:00+05:30,4011.75,4012,4010.3,4010.9,38,
2024-05-22 11:22:00+05:30,4010.9,4013.7,4010.6,4010.6,187,
2024-05-22 11:23:00+05:30,4010.6,4010.6,4010.6,4010.6,43,
2024-05-22 11:24:00+05:30,4009.8,4009.8,4007.6,4009,430,
2024-05-22 11:25:00+05:30,4010.8,4010.8,4006.35,4006.35,195,
2024-05-22 11:26:00+05:30,4006.35,4008.9,4005.5,4008.9,633,
2024-05-22 11:27:00+05:30,4008.9,4010.6,4007.65,4010.6,98,
2024-05-22 11:28:00+05:30,4010.6,4013,4009.2,4013,98,
2024-05-22 11:29:00+05:30,4013,4014.75,4010.95,4014.45,389,
2024-05-22 11:30:00+05:30,4014.45,4017,4013.4,4016.3,548,
2024-05-22 11:31:00+05:30,4016.3,4016.3,4014.15,4016,238,
2024-05-22 11:32:00+05:30,4016,4016,4008.9,4009.65,299,
2024-05-22 11:33:00+05:30,4009.65,4012.55,4009.65,4010,115,
2024-05-22 11:34:00+05:30,4010,4010.1,4006,4009.9,649,
2024-05-22 11:35:00+05:30,4009.9,4009.9,4007.8,4007.8,24,
2024-05-22 11:36:00+05:30,4007.8,4008.95,4006,4006.2,85,
2024-05-22 11:37:00+05:30,4006.2,4007.7,4005.2,4007.15,133,
2024-05-22 11:38:00+05:30,4007.15,4007.15,4005,4005,118,
2024-05-22 11:39:00+05:30,4005,4007,4005,4005.55,83,
2024-05-22 11:40:00+05:30,4005.6,4007.7,4005,4006.85,106,
2024-05-22 11:41:00+05:30,4006.85,4007,4005,4005.6,426,
2024-05-22 11:42:00+05:30,4005.6,4005.9,4004,4004,109,
2024-05-22 11:43:00+05:30,4004,4004.45,4004,4004.45,65,
2024-05-22 11:44:00+05:30,4004.45,4005.8,4004,4005.65,84,
2024-05-22 11:45:00+05:30,4005.65,4007,4004,4005.45,186,
2024-05-22 11:46:00+05:30,4005.45,4010,4004.3,4010,157,
2024-05-22 11:47:00+05:30,4010,4011,4008.65,4010.95,233,
2024-05-22 11:48:00+05:30,4010.95,4010.95,4007.15,4009.3,49,
2024-05-22 11:49:00+05:30,4009.3,4009.7,4005.55,4009.7,46,
2024-05-22 11:50:00+05:30,4009.7,4010,4006.7,4007.2,168,
2024-05-22 11:51:00+05:30,4007.2,4015.95,4007.2,4013.65,1439,
2024-05-22 11:52:00+05:30,4013.65,4013.65,4010.35,4012.1,490,
2024-05-22 11:53:00+05:30,4011.05,4022,4011.05,4022,2927,
2024-05-22 11:54:00+05:30,4022,4022,4017.85,4021.05,525,
2024-05-22 11:55:00+05:30,4021.05,4021.35,4018,4018,203,
2024-05-22 11:56:00+05:30,4018,4018,4015,4016.6,175,
2024-05-22 11:57:00+05:30,4016.6,4019.85,4015,4019.85,86,
2024-05-22 11:58:00+05:30,4019.85,4020.45,4016.05,4016.05,134,
2024-05-22 11:59:00+05:30,4016.05,4018.8,4016,4016,42,
2024-05-22 12:00:00+05:30,4016,4020.7,4016,4020.7,336,
2024-05-22 12:01:00+05:30,4020.7,4020.7,4020,4020.7,136,
2024-05-22 12:02:00+05:30,4020.7,4022,4020,4020.7,527,
2024-05-22 12:03:00+05:30,4022,4025,4020.7,4022,1271,
2024-05-22 12:04:00+05:30,4022,4025.15,4022,4025.15,1002,
2024-05-22 12:05:00+05:30,4025.15,4030.2,4025,4030,1082,
2024-05-22 12:06:00+05:30,4030.4,4032.45,4028.2,4031.2,1096,
2024-05-22 12:07:00+05:30,4031.85,4033.9,4030,4031.85,646,
2024-05-22 12:08:00+05:30,4031.85,4034,4031.5,4034,489,
2024-05-22 12:09:00+05:30,4034,4034,4029.25,4031.85,821,
2024-05-22 12:10:00+05:30,4031.85,4035.95,4030,4035.5,3520,
2024-05-22 12:11:00+05:30,4035.5,4037.25,4034.05,4036.95,388,
2024-05-22 12:12:00+05:30,4036.95,4037.15,4034.8,4037.15,302,
2024-05-22 12:13:00+05:30,4037.15,4037.45,4035,4036.6,420,
2024-05-22 12:14:00+05:30,4036.6,4037.75,4035,4035.6,1140,
2024-05-22 12:15:00+05:30,4037.65,4037.75,4034.05,4036.8,551,
2024-05-22 12:16:00+05:30,4036.8,4038,4034.5,4037.05,650,
2024-05-22 12:17:00+05:30,4037.05,4039,4032,4039,2799,
2024-05-22 12:18:00+05:30,4038,4043.45,4037.95,4042.95,4104,
2024-05-22 12:19:00+05:30,4042.95,4045,4042,4045,667,
2024-05-22 12:20:00+05:30,4044,4045,4043.3,4044.8,579,
2024-05-22 12:21:00+05:30,4043,4044.9,4042,4042.9,869,
2024-05-22 12:22:00+05:30,4042.9,4044.95,4039.85,4039.85,393,
2024-05-22 12:23:00+05:30,4040,4043.45,4040,4043.25,406,
2024-05-22 12:24:00+05:30,4041.3,4043.7,4041.3,4043,593,
2024-05-22 12:25:00+05:30,4042.05,4043.55,4038.55,4038.55,1337,
2024-05-22 12:26:00+05:30,4038.3,4039.95,4036,4037.3,434,
2024-05-22 12:27:00+05:30,4035,4037.6,4035,4037.6,884,
2024-05-22 12:28:00+05:30,4036.45,4040.95,4036.45,4039.85,486,
2024-05-22 12:29:00+05:30,4037.35,4041.85,4037.35,4040.9,358,
2024-05-22 12:30:00+05:30,4038.25,4041.9,4038.25,4040.05,527,
2024-05-22 12:31:00+05:30,4038.85,4040.8,4036,4037.7,717,
2024-05-22 12:32:00+05:30,4036,4038.95,4035.2,4035.35,295,
2024-05-22 12:33:00+05:30,4035.25,4039.95,4035.25,4039,471,
2024-05-22 12:34:00+05:30,4039,4039,4036.6,4038.65,401,
2024-05-22 12:35:00+05:30,4038.65,4039,4035.2,4037.4,395,
2024-05-22 12:36:00+05:30,4037,4037,4033.8,4034,485,
2024-05-22 12:37:00+05:30,4035.95,4036,4033.6,4036,310,
2024-05-22 12:38:00+05:30,4034.05,4036,4033.05,4036,903,
2024-05-22 12:39:00+05:30,4033.2,4038.95,4033.2,4038.95,395,
2024-05-22 12:40:00+05:30,4036.55,4036.85,4034.9,4036.8,265,
2024-05-22 12:41:00+05:30,4034.65,4037,4034.55,4037,478,
2024-05-22 12:42:00+05:30,4035.7,4038.65,4035.25,4037.45,290,
2024-05-22 12:43:00+05:30,4036,4039.85,4036,4039.85,578,
2024-05-22 12:44:00+05:30,4037.45,4041.35,4037.45,4041.05,754,
2024-05-22 12:45:00+05:30,4038.3,4040.85,4036.8,4039.15,1301,
2024-05-22 12:46:00+05:30,4039.15,4040,4036.9,4039.9,240,
2024-05-22 12:47:00+05:30,4037.05,4039.1,4035.05,4036.95,275,
2024-05-22 12:48:00+05:30,4034.65,4036,4034.25,4036,252,
2024-05-22 12:49:00+05:30,4033.8,4036,4033.8,4035.9,630,
2024-05-22 12:50:00+05:30,4034.4,4037,4034.4,4036,358,
2024-05-22 12:51:00+05:30,4035,4037,4034.45,4037,275,
2024-05-22 12:52:00+05:30,4037,4037,4033.6,4033.6,524,
2024-05-22 12:53:00+05:30,4033,4037,4033,4037,454,
2024-05-22 12:54:00+05:30,4035,4036.9,4033.65,4035.95,321,
2024-05-22 12:55:00+05:30,4033.85,4036,4033.85,4035.9,309,
2024-05-22 12:56:00+05:30,4034.15,4038,4033.9,4038,367,
2024-05-22 12:57:00+05:30,4035.3,4042.7,4035.3,4040,1204,
2024-05-22 12:58:00+05:30,4041.75,4041.75,4036.85,4040,345,
2024-05-22 12:59:00+05:30,4038.15,4040.5,4037.85,4040,395,
2024-05-22 13:00:00+05:30,4040.5,4043.3,4039.1,4041.1,430,
2024-05-22 13:01:00+05:30,4041,4043.75,4041,4041.2,947,
2024-05-22 13:02:00+05:30,4041,4043.65,4040.05,4042.3,960,
2024-05-22 13:03:00+05:30,4040.25,4044,4040.25,4043.05,1965,
2024-05-22 13:04:00+05:30,4041.1,4042.75,4035.05,4035.75,1288,
2024-05-22 13:05:00+05:30,4035,4042.7,4035,4042.05,1581,
2024-05-22 13:06:00+05:30,4039.65,4043,4039.05,4041.95,351,
2024-05-22 13:07:00+05:30,4039.05,4041.7,4039.05,4039.2,348,
2024-05-22 13:08:00+05:30,4040.95,4041.15,4038.35,4040.85,312,
2024-05-22 13:09:00+05:30,4040.85,4041.55,4037.55,4040.9,1774,
2024-05-22 13:10:00+05:30,4040.85,4041.7,4037.1,4040.5,345,
2024-05-22 13:11:00+05:30,4040.4,4041,4037.95,4041,270,
2024-05-22 13:12:00+05:30,4041,4047,4038.4,4047,3079,
2024-05-22 13:13:00+05:30,4048,4048.75,4046.4,4048,4411,
2024-05-22 13:14:00+05:30,4046.7,4048.7,4044.85,4046.9,404,
2024-05-22 13:15:00+05:30,4045.35,4052.95,4045.35,4052.95,5958,
2024-05-22 13:16:00+05:30,4051.05,4053,4046,4050.8,1187,
2024-05-22 13:17:00+05:30,4048.55,4050.85,4047.05,4050,598,
2024-05-22 13:18:00+05:30,4048.2,4051.9,4047.85,4051,519,
2024-05-22 13:19:00+05:30,4049.5,4052,4049.35,4051.9,624,
2024-05-22 13:20:00+05:30,4049.55,4052,4049.55,4051.75,673,
2024-05-22 13:21:00+05:30,4050.25,4051.75,4048.2,4050,634,
2024-05-22 13:22:00+05:30,4047.85,4050,4046.6,4048,778,
2024-05-22 13:23:00+05:30,4047.3,4049.9,4046.45,4048.25,429,
2024-05-22 13:24:00+05:30,4047.15,4049.75,4046.05,4047.95,390,
2024-05-22 13:25:00+05:30,4046.35,4048.2,4038,4038,881,
2024-05-22 13:26:00+05:30,4038,4041.7,4034.4,4039.8,1464,
2024-05-22 13:27:00+05:30,4036.3,4039.95,4036.2,4038.95,581,
2024-05-22 13:28:00+05:30,4037.95,4039,4036.3,4037.2,599,
2024-05-22 13:29:00+05:30,4037.15,4039,4036.85,4039,289,
2024-05-22 13:30:00+05:30,4037.25,4041.5,4037.25,4041.5,405,
2024-05-22 13:31:00+05:30,4039.1,4042,4037.05,4039.2,1433,
2024-05-22 13:32:00+05:30,4037.6,4039.8,4037.4,4039.8,513,
2024-05-22 13:33:00+05:30,4038.9,4045.45,4038.4,4045.05,1102,
2024-05-22 13:34:00+05:30,4042.75,4045.05,4040.7,4041.25,467,
2024-05-22 13:35:00+05:30,4040.35,4042.5,4039.85,4039.85,745,
2024-05-22 13:36:00+05:30,4039.2,4044.15,4039,4040,729,
2024-05-22 13:37:00+05:30,4038,4038.95,4036.35,4038.95,602,
2024-05-22 13:38:00+05:30,4037.6,4049.95,4037.6,4046.75,20615,
2024-05-22 13:39:00+05:30,4046.3,4048,4043.6,4047.35,1357,
2024-05-22 13:40:00+05:30,4045.7,4047.8,4045,4045.05,304,
2024-05-22 13:41:00+05:30,4044,4045.55,4044,4044.25,443,
2024-05-22 13:42:00+05:30,4045.55,4045.55,4044.25,4045.55,323,
2024-05-22 13:43:00+05:30,4044.55,4045.55,4044.25,4045.55,133,
2024-05-22 13:44:00+05:30,4044.25,4045.55,4044.25,4045.05,283,
2024-05-22 13:45:00+05:30,4045.9,4047.35,4043.4,4043.4,2739,
2024-05-22 13:46:00+05:30,4042.15,4044.7,4039.8,4039.8,275,
2024-05-22 13:47:00+05:30,4039.8,4042.25,4039.6,4040.1,660,
2024-05-22 13:48:00+05:30,4040,4040.45,4039.05,4040,749,
2024-05-22 13:49:00+05:30,4040,4041,4039.1,4040.25,329,
2024-05-22 13:50:00+05:30,4040,4041.45,4039.1,4039.25,432,
2024-05-22 13:51:00+05:30,4039.25,4041.25,4039.15,4039.4,1658,
2024-05-22 13:52:00+05:30,4039.15,4040.8,4038.2,4040.2,472,
2024-05-22 13:53:00+05:30,4040,4041,4039.9,4039.95,408,
2024-05-22 13:54:00+05:30,4040,4041.2,4039.9,4039.95,499,
2024-05-22 13:55:00+05:30,4039.95,4041,4039.5,4039.5,587,
2024-05-22 13:56:00+05:30,4039.5,4040.1,4034.2,4034.75,1503,
2024-05-22 13:57:00+05:30,4034.8,4037.65,4034.05,4035.05,711,
2024-05-22 13:58:00+05:30,4034.9,4036.85,4034.05,4035.05,664,
2024-05-22 13:59:00+05:30,4035.05,4036,4034.05,4034.65,687,
2024-05-22 14:00:00+05:30,4034.05,4036,4032.9,4035.4,1287,
2024-05-22 14:01:00+05:30,4035,4038.15,4033.45,4036.65,457,
2024-05-22 14:02:00+05:30,4036.55,4037.4,4034.2,4034.6,543,
2024-05-22 14:03:00+05:30,4034.25,4035.75,4034.25,4034.3,605,
2024-05-22 14:04:00+05:30,4034.3,4035.95,4030.15,4034.75,5902,
2024-05-22 14:05:00+05:30,4034.7,4035.95,4034.25,4034.3,380,
2024-05-22 14:06:00+05:30,4034.3,4036,4034.3,4034.35,483,
2024-05-22 14:07:00+05:30,4035,4035.4,4029.8,4034,768,
2024-05-22 14:08:00+05:30,4034.05,4041.9,4034.05,4040.85,1349,
2024-05-22 14:09:00+05:30,4040.35,4040.35,4028.3,4029.45,1827,
2024-05-22 14:10:00+05:30,4028.55,4031.45,4028.3,4029.65,601,
2024-05-22 14:11:00+05:30,4029.5,4031.9,4029,4030,441,
2024-05-22 14:12:00+05:30,4029.05,4031,4029.05,4030.15,565,
2024-05-22 14:13:00+05:30,4029.15,4031.05,4029.15,4030,437,
2024-05-22 14:14:00+05:30,4030,4031.45,4029.15,4030,734,
2024-05-22 14:15:00+05:30,4030,4031.3,4029.55,4030.05,518,
2024-05-22 14:16:00+05:30,4029.75,4031.4,4029.75,4030,473,
2024-05-22 14:17:00+05:30,4029.8,4032.1,4029.8,4029.9,787,
2024-05-22 14:18:00+05:30,4029.8,4031.4,4029.7,4030.05,658,
2024-05-22 14:19:00+05:30,4029.9,4030.5,4029.8,4030.05,543,
2024-05-22 14:20:00+05:30,4029.9,4032.1,4029.85,4029.9,868,
2024-05-22 14:21:00+05:30,4029.9,4031.4,4029.9,4029.9,848,
2024-05-22 14:22:00+05:30,4029.9,4031.25,4029.9,4030,636,
2024-05-22 14:23:00+05:30,4030,4030.1,4029.8,4030,639,
2024-05-22 14:24:00+05:30,4030,4031,4029.95,4031,1664,
2024-05-22 14:25:00+05:30,4031,4036.8,4031,4032.4,3118,
2024-05-22 14:26:00+05:30,4032.2,4034.65,4031.05,4032.2,1047,
2024-05-22 14:27:00+05:30,4032.05,4033.7,4032,4032,897,
2024-05-22 14:28:00+05:30,4032,4032.6,4030,4030,658,
2024-05-22 14:29:00+05:30,4030.1,4035.4,4030.1,4031.55,1380,
2024-05-22 14:30:00+05:30,4032.9,4034.15,4031.55,4031.8,926,
2024-05-22 14:31:00+05:30,4031.25,4033.8,4030.4,4031.45,2205,
2024-05-22 14:32:00+05:30,4031.4,4034.25,4031.4,4031.55,945,
2024-05-22 14:33:00+05:30,4031.5,4034,4030.55,4031.55,1687,
2024-05-22 14:34:00+05:30,4031.45,4033.05,4031.45,4031.45,801,
2024-05-22 14:35:00+05:30,4031.45,4032.5,4030.85,4031.55,842,
2024-05-22 14:36:00+05:30,4031.45,4033.45,4031.05,4032,674,
2024-05-22 14:37:00+05:30,4031.45,4033.8,4031.45,4031.45,1010,
2024-05-22 14:38:00+05:30,4031.45,4031.55,4029.45,4030.8,1903,
2024-05-22 14:39:00+05:30,4030.8,4031.95,4028.8,4031.95,1780,
2024-05-22 14:40:00+05:30,4030,4032.65,4029.35,4032.65,605,
2024-05-22 14:41:00+05:30,4030.75,4038.35,4028,4038.35,2125,
2024-05-22 14:42:00+05:30,4036.95,4038,4034.05,4035.1,1561,
2024-05-22 14:43:00+05:30,4035.05,4036.8,4034.7,4035.5,787,
2024-05-22 14:44:00+05:30,4035.4,4038.25,4034.8,4037.65,968,
2024-05-22 14:45:00+05:30,4037.7,4043.05,4037.7,4042.95,1948,
2024-05-22 14:46:00+05:30,4042.05,4054.8,4041.8,4051,12302,
2024-05-22 14:47:00+05:30,4053,4053,4049.6,4049.75,3116,
2024-05-22 14:48:00+05:30,4049.6,4050,4043.4,4044.4,1514,
2024-05-22 14:49:00+05:30,4043.75,4052.65,4043.75,4050.3,2564,
2024-05-22 14:50:00+05:30,4050.3,4051.8,4048,4048.25,948,
2024-05-22 14:51:00+05:30,4048.2,4048.45,4044.9,4046.05,739,
2024-05-22 14:52:00+05:30,4046.05,4049,4044.2,4044.55,543,
2024-05-22 14:53:00+05:30,4044.55,4046,4042.75,4045.35,978,
2024-05-22 14:54:00+05:30,4045.25,4048,4043,4045.6,2114,
2024-05-22 14:55:00+05:30,4045.25,4047.95,4043.3,4043.45,830,
2024-05-22 14:56:00+05:30,4043.75,4044.15,4041.3,4042.55,1440,
2024-05-22 14:57:00+05:30,4041.95,4045,4041.3,4044.2,1176,
2024-05-22 14:58:00+05:30,4044,4047,4041.5,4043.5,1109,
2024-05-22 14:59:00+05:30,4042.95,4045.3,4041.15,4042.2,1053,
2024-05-22 15:00:00+05:30,4042.05,4046.9,4042.05,4043.55,822,
2024-05-22 15:01:00+05:30,4043.55,4045.05,4042,4043.2,1084,
2024-05-22 15:02:00+05:30,4043.6,4046.35,4042.35,4046.15,854,
2024-05-22 15:03:00+05:30,4046.15,4052.95,4046.15,4050.8,4202,
2024-05-22 15:04:00+05:30,4051.2,4051.2,4048.25,4050,2287,
2024-05-22 15:05:00+05:30,4050,4051.6,4049.95,4050,7531,
2024-05-22 15:06:00+05:30,4050.05,4059,4050,4058.55,7210,
2024-05-22 15:07:00+05:30,4058.55,4064.7,4057.95,4064.05,3083,
2024-05-22 15:08:00+05:30,4064.1,4071.75,4063.05,4064.15,5184,
2024-05-22 15:09:00+05:30,4064.15,4068,4062,4063.5,2827,
2024-05-22 15:10:00+05:30,4063.5,4066.65,4062.6,4063.9,2313,
2024-05-22 15:11:00+05:30,4063.65,4063.65,4060.9,4061.75,1428,
2024-05-22 15:12:00+05:30,4061.2,4061.4,4057.8,4060,2122,
2024-05-22 15:13:00+05:30,4060,4060,4055,4055,2912,
2024-05-22 15:14:00+05:30,4055,4057.95,4054.6,4055.3,1390,
2024-05-22 15:15:00+05:30,4055.1,4059.2,4053.05,4056.4,1152,
2024-05-22 15:16:00+05:30,4056.55,4060,4056.55,4058.2,4779,
2024-05-22 15:17:00+05:30,4058.2,4060,4057.65,4058.75,1134,
2024-05-22 15:18:00+05:30,4058.75,4060,4058.75,4060,5509,
2024-05-22 15:19:00+05:30,4060,4065,4059.8,4063.4,9369,
2024-05-22 15:20:00+05:30,4063.4,4065.1,4061.55,4065.1,1818,
2024-05-22 15:21:00+05:30,4065.1,4065.1,4062.1,4062.85,1087,
2024-05-22 15:22:00+05:30,4062.85,4063.8,4061.7,4063.15,1708,
2024-05-22 15:23:00+05:30,4061.75,4063.2,4061,4061.05,1954,
2024-05-22 15:24:00+05:30,4061.05,4064,4061,4062,3319,
2024-05-22 15:25:00+05:30,4062,4063.7,4061.7,4062.2,1769,
2024-05-22 15:26:00+05:30,4062.25,4064,4062,4064,5767,
2024-05-22 15:27:00+05:30,4062.45,4064,4062,4062,1618,
2024-05-22 15:28:00+05:30,4062,4064.35,4060,4060,3899,
2024-05-22 15:29:00+05:30,4060.15,4065,4057,4060,3477,
2024-05-23 09:15:00+05:30,4060,4064.9,4037.35,4041.65,7078,
2024-05-23 09:16:00+05:30,4042.6,4047.8,4035.1,4045.2,7410,
2024-05-23 09:17:00+05:30,4047.7,4047.7,4038.55,4040.95,2595,
2024-05-23 09:18:00+05:30,4040.95,4047.7,4039.35,4039.35,1423,
2024-05-23 09:19:00+05:30,4039.35,4040.1,4027.4,4033.85,6437,
2024-05-23 09:20:00+05:30,4036.85,4038.95,4030.65,4037,944,
2024-05-23 09:21:00+05:30,4036.55,4050.1,4036.55,4049,5199,
2024-05-23 09:22:00+05:30,4049.4,4054.4,4045.8,4047.95,3332,
2024-05-23 09:23:00+05:30,4048,4054.95,4047.05,4048.75,1526,
2024-05-23 09:24:00+05:30,4047.35,4048.75,4041.1,4042.65,3526,
2024-05-23 09:25:00+05:30,4042.65,4048.95,4042.65,4045.6,309,
2024-05-23 09:26:00+05:30,4047.15,4048.05,4044.75,4047.05,163,
2024-05-23 09:27:00+05:30,4045.6,4052.2,4044,4045.8,2258,
2024-05-23 09:28:00+05:30,4046.15,4050.75,4045.45,4046.55,519,
2024-05-23 09:29:00+05:30,4044.9,4046.15,4040.6,4043.15,917,
2024-05-23 09:30:00+05:30,4043.2,4053,4042.55,4052.45,923,
2024-05-23 09:31:00+05:30,4052.45,4055,4046.05,4054.95,2095,
2024-05-23 09:32:00+05:30,4053.5,4055,4050.15,4053.9,1302,
2024-05-23 09:33:00+05:30,4053.95,4055,4051.3,4051.3,586,
2024-05-23 09:34:00+05:30,4053.9,4055.4,4049.5,4051.45,2312,
2024-05-23 09:35:00+05:30,4053.05,4059,4052.65,4056.5,1627,
2024-05-23 09:36:00+05:30,4056.5,4059,4056.5,4058.1,1122,
2024-05-23 09:37:00+05:30,4058.1,4059.1,4054.5,4058.15,691,
2024-05-23 09:38:00+05:30,4058.15,4060,4055.25,4058,779,
2024-05-23 09:39:00+05:30,4057.25,4060,4052.35,4060,752,
2024-05-23 09:40:00+05:30,4064.35,4065,4059.95,4065,1823,
2024-05-23 09:41:00+05:30,4065,4068,4062.45,4068,1488,
2024-05-23 09:42:00+05:30,4068,4073.95,4065.25,4073.95,2829,
2024-05-23 09:43:00+05:30,4073.3,4075,4062,4067.7,2059,
2024-05-23 09:44:00+05:30,4067.3,4069.8,4065.55,4069.8,840,
2024-05-23 09:45:00+05:30,4069.8,4071.75,4063.5,4070.7,665,
2024-05-23 09:46:00+05:30,4071.3,4073,4066.95,4073,1244,
2024-05-23 09:47:00+05:30,4073,4073,4069.85,4071.3,1099,
2024-05-23 09:48:00+05:30,4071.3,4072.6,4066.65,4067,1491,
2024-05-23 09:49:00+05:30,4068.85,4069.2,4062.9,4066,923,
2024-05-23 09:50:00+05:30,4066.95,4067.8,4058.05,4060,1307,
2024-05-23 09:51:00+05:30,4060,4060,4045.45,4052.3,5293,
2024-05-23 09:52:00+05:30,4052.3,4056.15,4045,4055.85,2636,
2024-05-23 09:53:00+05:30,4055.85,4058.15,4053.7,4057.35,722,
2024-05-23 09:54:00+05:30,4056,4059.9,4055.45,4059.9,355,
2024-05-23 09:55:00+05:30,4059.9,4059.9,4055,4057.7,470,
2024-05-23 09:56:00+05:30,4057.05,4059.9,4056.35,4058.8,327,
2024-05-23 09:57:00+05:30,4058.8,4058.8,4053.7,4055.15,644,
2024-05-23 09:58:00+05:30,4055.15,4059.2,4054.1,4057.9,305,
2024-05-23 09:59:00+05:30,4057.9,4057.9,4050.05,4055,387,
2024-05-23 10:00:00+05:30,4052.95,4053.7,4047,4047.7,457,
2024-05-23 10:01:00+05:30,4047.7,4047.95,4044.9,4046.1,564,
2024-05-23 10:02:00+05:30,4046.1,4052.45,4044.95,4049.6,499,
2024-05-23 10:03:00+05:30,4047.5,4048.2,4043.6,4047.25,684,
2024-05-23 10:04:00+05:30,4047.25,4047.45,4042.6,4044.15,307,
2024-05-23 10:05:00+05:30,4044.15,4047.25,4044.15,4047.05,177,
2024-05-23 10:06:00+05:30,4045.15,4048.3,4042,4043,559,
2024-05-23 10:07:00+05:30,4043,4045,4041.35,4045,382,
2024-05-23 10:08:00+05:30,4045,4050,4043.45,4047.6,225,
2024-05-23 10:09:00+05:30,4047.6,4048,4045,4045.4,257,
2024-05-23 10:10:00+05:30,4045.2,4048,4045.1,4048,213,
2024-05-23 10:11:00+05:30,4048,4048,4046.1,4048,124,
2024-05-23 10:12:00+05:30,4046,4049.95,4045,4049.5,291,
2024-05-23 10:13:00+05:30,4049.45,4049.9,4046.05,4046.05,169,
2024-05-23 10:14:00+05:30,4046.05,4054,4045.8,4052.45,409,
2024-05-23 10:15:00+05:30,4052.45,4052.85,4049.35,4051.1,431,
2024-05-23 10:16:00+05:30,4051.1,4051.1,4047,4049.55,439,
2024-05-23 10:17:00+05:30,4049.55,4052.5,4048.7,4052.5,230,
2024-05-23 10:18:00+05:30,4052.5,4054.95,4050.5,4054.85,912,
2024-05-23 10:19:00+05:30,4054.95,4056,4052,4056,672,
2024-05-23 10:20:00+05:30,4056,4060,4055.8,4059.45,3724,
2024-05-23 10:21:00+05:30,4058.25,4060.25,4055.4,4059.5,1609,
2024-05-23 10:22:00+05:30,4059.5,4059.65,4053.25,4055.7,1305,
2024-05-23 10:23:00+05:30,4055.7,4055.85,4048,4048,669,
2024-05-23 10:24:00+05:30,4048.15,4053.65,4048.15,4052.7,1113,
2024-05-23 10:25:00+05:30,4052.7,4053.6,4050.05,4051.95,1099,
2024-05-23 10:26:00+05:30,4051.25,4052.85,4050.25,4052.85,2567,
2024-05-23 10:27:00+05:30,4052.85,4053.8,4050.85,4050.85,556,
2024-05-23 10:28:00+05:30,4051.7,4053.55,4050.85,4053.5,371,
2024-05-23 10:29:00+05:30,4053.5,4054.45,4052,4052.1,522,
2024-05-23 10:30:00+05:30,4052.1,4052.2,4050.55,4050.9,640,
2024-05-23 10:31:00+05:30,4050.85,4053,4050.05,4052.6,1068,
2024-05-23 10:32:00+05:30,4052.6,4054.4,4051.5,4053.55,397,
2024-05-23 10:33:00+05:30,4052.65,4054,4050.85,4052.2,202,
2024-05-23 10:34:00+05:30,4052.2,4055.05,4050.9,4054.15,410,
2024-05-23 10:35:00+05:30,4054.55,4056,4053.05,4055.9,670,
2024-05-23 10:36:00+05:30,4055.9,4059.8,4054.45,4059.8,325,
2024-05-23 10:37:00+05:30,4059.75,4059.75,4052,4054.9,411,
2024-05-23 10:38:00+05:30,4054.9,4054.9,4052.2,4054.3,417,
2024-05-23 10:39:00+05:30,4054.3,4054.3,4052,4052,471,
2024-05-23 10:40:00+05:30,4052,4052,4050.05,4051.85,1272,
2024-05-23 10:41:00+05:30,4051.85,4054.6,4050,4051.7,1164,
2024-05-23 10:42:00+05:30,4051.7,4051.7,4041,4041,2286,
2024-05-23 10:43:00+05:30,4041,4043.15,4035.15,4039,4723,
2024-05-23 10:44:00+05:30,4040,4045,4039,4041.1,743,
2024-05-23 10:45:00+05:30,4042,4043.55,4039,4040.2,1376,
2024-05-23 10:46:00+05:30,4041.3,4044.2,4036.15,4044.1,2084,
2024-05-23 10:47:00+05:30,4044.05,4045.5,4041.65,4044.7,1017,
2024-05-23 10:48:00+05:30,4042.95,4044.25,4039.35,4041.05,1108,
2024-05-23 10:49:00+05:30,4040.95,4044.6,4037.25,4044.4,878,
2024-05-23 10:50:00+05:30,4044.4,4050.45,4043.05,4048,457,
2024-05-23 10:51:00+05:30,4047,4048.05,4045.05,4045.05,266,
2024-05-23 10:52:00+05:30,4045.05,4049.9,4045.05,4049.5,1287,
2024-05-23 10:53:00+05:30,4049.5,4055,4047.8,4055,2434,
2024-05-23 10:54:00+05:30,4054,4055,4050,4051,1631,
2024-05-23 10:55:00+05:30,4052.2,4053.7,4050.85,4052.65,266,
2024-05-23 10:56:00+05:30,4052.65,4055,4050.85,4052,585,
2024-05-23 10:57:00+05:30,4052,4059,4052,4058.95,1642,
2024-05-23 10:58:00+05:30,4058.95,4059,4055,4055.35,495,
2024-05-23 10:59:00+05:30,4055.35,4055.4,4053.4,4054.05,842,
2024-05-23 11:00:00+05:30,4053.1,4054.8,4050.3,4050.95,715,
2024-05-23 11:01:00+05:30,4050.95,4051.85,4050.85,4051,173,
2024-05-23 11:02:00+05:30,4051,4055.3,4050.9,4054.55,100,
2024-05-23 11:03:00+05:30,4053.95,4058,4052.8,4057.5,527,
2024-05-23 11:04:00+05:30,4057.5,4059.8,4057,4057,608,
2024-05-23 11:05:00+05:30,4057,4059.25,4057,4057.1,175,
2024-05-23 11:06:00+05:30,4057.1,4058.75,4055.2,4055.2,229,
2024-05-23 11:07:00+05:30,4055.2,4057,4052.8,4055.05,205,
2024-05-23 11:08:00+05:30,4055.05,4055.65,4053.35,4053.55,592,
2024-05-23 11:09:00+05:30,4053.55,4058.25,4053.55,4055.9,178,
2024-05-23 11:10:00+05:30,4055.9,4057.75,4055,4057.7,24,
2024-05-23 11:11:00+05:30,4057.7,4058.45,4055.5,4056.65,52,
2024-05-23 11:12:00+05:30,4055.55,4057,4055.55,4055.75,44,
2024-05-23 11:13:00+05:30,4055.75,4066,4055.75,4066,2842,
2024-05-23 11:14:00+05:30,4066,4068.5,4065.05,4066.5,516,
2024-05-23 11:15:00+05:30,4065.5,4067,4065,4066.9,195,
2024-05-23 11:16:00+05:30,4066.9,4066.9,4063.55,4065.8,561,
2024-05-23 11:17:00+05:30,4065.05,4069,4064.9,4069,543,
2024-05-23 11:18:00+05:30,4068,4069.95,4067.95,4068.75,275,
2024-05-23 11:19:00+05:30,4068.75,4068.75,4065.65,4066.8,928,
2024-05-23 11:20:00+05:30,4065.9,4067.15,4065.65,4066.6,109,
2024-05-23 11:21:00+05:30,4065.65,4066.6,4062.2,4066.5,114,
2024-05-23 11:22:00+05:30,4066.5,4069.4,4061,4061,515,
2024-05-23 11:23:00+05:30,4061,4061.95,4058.4,4060.05,429,
2024-05-23 11:24:00+05:30,4059.3,4061.5,4059.3,4061.5,333,
2024-05-23 11:25:00+05:30,4061.5,4064.75,4060.45,4062.9,325,
2024-05-23 11:26:00+05:30,4064.9,4065.75,4061.1,4061.45,49,
2024-05-23 11:27:00+05:30,4061.4,4063.2,4061.25,4063.05,212,
2024-05-23 11:28:00+05:30,4063.05,4063.05,4060.55,4062.5,121,
2024-05-23 11:29:00+05:30,4062.5,4062.5,4060.05,4061.8,94,
2024-05-23 11:30:00+05:30,4062.5,4065,4061.5,4064.7,454,
2024-05-23 11:31:00+05:30,4064.7,4084.45,4064.7,4083.5,12451,
2024-05-23 11:32:00+05:30,4081,4084.45,4080.25,4083,2544,
2024-05-23 11:33:00+05:30,4082.05,4085,4078.1,4078.1,2296,
2024-05-23 11:34:00+05:30,4078.15,4079,4074.05,4077.7,894,
2024-05-23 11:35:00+05:30,4077.7,4077.85,4075.05,4077.6,260,
2024-05-23 11:36:00+05:30,4077.6,4077.9,4073.8,4074.05,2768,
2024-05-23 11:37:00+05:30,4074.05,4083,4073.8,4083,976,
2024-05-23 11:38:00+05:30,4083,4085,4079.95,4083.7,1196,
2024-05-23 11:39:00+05:30,4083.7,4093,4083.1,4093,5965,
2024-05-23 11:40:00+05:30,4092,4094.45,4089.55,4094.45,3386,
2024-05-23 11:41:00+05:30,4094.1,4098.9,4094.1,4098,3542,
2024-05-23 11:42:00+05:30,4098,4100,4098,4100,8063,
2024-05-23 11:43:00+05:30,4100,4102,4096.05,4102,2504,
2024-05-23 11:44:00+05:30,4102,4105,4101.4,4104.3,3095,
2024-05-23 11:45:00+05:30,4104.3,4110,4104.3,4105.95,5589,
2024-05-23 11:46:00+05:30,4105.95,4110,4103,4110,6019,
2024-05-23 11:47:00+05:30,4109.3,4110,4101.4,4101.6,6623,
2024-05-23 11:48:00+05:30,4101.6,4103,4097.15,4102.55,1943,
2024-05-23 11:49:00+05:30,4102.55,4106.45,4102.1,4103.85,906,
2024-05-23 11:50:00+05:30,4103.85,4106.85,4102.05,4103.8,1258,
2024-05-23 11:51:00+05:30,4103.8,4105.35,4094.75,4099.4,2086,
2024-05-23 11:52:00+05:30,4097.45,4098.8,4092,4092.25,1564,
2024-05-23 11:53:00+05:30,4092.25,4093.05,4084.75,4090.25,1873,
2024-05-23 11:54:00+05:30,4090.25,4094.25,4090,4090,1000,
2024-05-23 11:55:00+05:30,4089.95,4094.95,4089.25,4092.15,652,
2024-05-23 11:56:00+05:30,4092.15,4092.15,4081.2,4084.85,2348,
2024-05-23 11:57:00+05:30,4084.75,4095.15,4084.75,4093.1,2011,
2024-05-23 11:58:00+05:30,4093.1,4100,4093.1,4099.35,886,
2024-05-23 11:59:00+05:30,4099.35,4099.95,4095.4,4099.6,887,
2024-05-23 12:00:00+05:30,4099.6,4100,4097.4,4097.55,421,
2024-05-23 12:01:00+05:30,4097.55,4099.7,4093,4094.05,1684,
2024-05-23 12:02:00+05:30,4095.45,4098.35,4093,4096.3,3937,
2024-05-23 12:03:00+05:30,4097.9,4099.2,4094.35,4097.6,940,
2024-05-23 12:04:00+05:30,4095.95,4097.3,4092.05,4093.7,462,
2024-05-23 12:05:00+05:30,4093.7,4093.7,4089,4089,2566,
2024-05-23 12:06:00+05:30,4089,4092,4087,4087,919,
2024-05-23 12:07:00+05:30,4087,4094.8,4086,4094.8,2183,
2024-05-23 12:08:00+05:30,4094.8,4094.8,4090.5,4090.65,817,
2024-05-23 12:09:00+05:30,4090.65,4095,4089.15,4093.95,842,
2024-05-23 12:10:00+05:30,4093.95,4095,4091.75,4092.7,1300,
2024-05-23 12:11:00+05:30,4092.7,4095.15,4092.7,4095,779,
2024-05-23 12:12:00+05:30,4095,4095,4093.05,4094.45,559,
2024-05-23 12:13:00+05:30,4094.45,4094.9,4093.05,4094.75,425,
2024-05-23 12:14:00+05:30,4094.65,4095,4093.05,4093.75,2279,
2024-05-23 12:15:00+05:30,4093.05,4094.95,4093,4094,453,
2024-05-23 12:16:00+05:30,4094,4096.9,4089.95,4093.2,2108,
2024-05-23 12:17:00+05:30,4093.2,4096,4092.1,4095,766,
2024-05-23 12:18:00+05:30,4094.75,4097.8,4093.55,4095.05,2164,
2024-05-23 12:19:00+05:30,4095.05,4099.15,4094.7,4095.95,2127,
2024-05-23 12:20:00+05:30,4095.95,4099.8,4095.95,4098.55,1253,
2024-05-23 12:21:00+05:30,4098.55,4099,4096.35,4097.25,821,
2024-05-23 12:22:00+05:30,4097.25,4097.75,4096.6,4097.3,2011,
2024-05-23 12:23:00+05:30,4097.05,4099,4096.4,4098,1650,
2024-05-23 12:24:00+05:30,4098,4098,4097.55,4098,581,
2024-05-23 12:25:00+05:30,4098,4098.95,4096.85,4098.95,1943,
2024-05-23 12:26:00+05:30,4098,4098,4095.5,4095.55,3372,
2024-05-23 12:27:00+05:30,4096.2,4103.85,4096.1,4103.85,4113,
2024-05-23 12:28:00+05:30,4103.85,4104,4099.95,4102.2,728,
2024-05-23 12:29:00+05:30,4101,4105.95,4100.3,4105.95,3300,
2024-05-23 12:30:00+05:30,4105.95,4109.4,4105.95,4106.15,2620,
2024-05-23 12:31:00+05:30,4106.15,4107.35,4103.75,4105,349,
2024-05-23 12:32:00+05:30,4105,4106.35,4102,4103.65,845,
2024-05-23 12:33:00+05:30,4103.65,4103.65,4099,4099.95,599,
2024-05-23 12:34:00+05:30,4099.95,4107.3,4099.95,4105.75,879,
2024-05-23 12:35:00+05:30,4105.75,4107.95,4102,4102,4142,
2024-05-23 12:36:00+05:30,4102,4105,4100,4105,1273,
2024-05-23 12:37:00+05:30,4105,4105.85,4102.4,4105,568,
2024-05-23 12:38:00+05:30,4105,4105.6,4102.35,4105,792,
2024-05-23 12:39:00+05:30,4105,4105,4102,4102,1485,
2024-05-23 12:40:00+05:30,4102,4102,4099,4099,1624,
2024-05-23 12:41:00+05:30,4099,4100.75,4096,4096.4,839,
2024-05-23 12:42:00+05:30,4096.4,4100,4096.05,4099.2,1092,
2024-05-23 12:43:00+05:30,4099.2,4100.65,4095.05,4097,1338,
2024-05-23 12:44:00+05:30,4095.95,4100.2,4095.95,4096.05,2045,
2024-05-23 12:45:00+05:30,4097.4,4104.4,4097.4,4101.5,1046,
2024-05-23 12:46:00+05:30,4101.5,4103.5,4099.35,4100,748,
2024-05-23 12:47:00+05:30,4099.25,4101.2,4097.35,4097.35,1328,
2024-05-23 12:48:00+05:30,4097.35,4102.3,4097.35,4099,729,
2024-05-23 12:49:00+05:30,4099,4101.3,4099,4099,143,
2024-05-23 12:50:00+05:30,4099.4,4100.85,4098,4099,401,
2024-05-23 12:51:00+05:30,4099,4101.35,4099,4099.5,86,
2024-05-23 12:52:00+05:30,4099.5,4101.6,4097,4101.6,1052,
2024-05-23 12:53:00+05:30,4101.6,4102.1,4097.95,4099,918,
2024-05-23 12:54:00+05:30,4099,4100.8,4098,4099,374,
2024-05-23 12:55:00+05:30,4099,4104,4099,4102.65,918,
2024-05-23 12:56:00+05:30,4102.65,4103.75,4100,4100,403,
2024-05-23 12:57:00+05:30,4100.1,4102,4099.05,4099.35,510,
2024-05-23 12:58:00+05:30,4099,4102.1,4097.85,4102.1,1480,
2024-05-23 12:59:00+05:30,4102,4104.65,4099.9,4102.25,1368,
2024-05-23 13:00:00+05:30,4100.05,4104.65,4100.05,4100.85,564,
2024-05-23 13:01:00+05:30,4103.15,4103.15,4098.2,4102.2,1148,
2024-05-23 13:02:00+05:30,4101.75,4101.75,4097.55,4098.3,308,
2024-05-23 13:03:00+05:30,4098.3,4099.4,4095.9,4095.9,178,
2024-05-23 13:04:00+05:30,4095.9,4097.05,4092.05,4095.4,2165,
2024-05-23 13:05:00+05:30,4095.4,4099.35,4094.7,4099,1444,
2024-05-23 13:06:00+05:30,4099,4102.95,4098,4101,1155,
2024-05-23 13:07:00+05:30,4101,4103.2,4092.15,4093.5,2124,
2024-05-23 13:08:00+05:30,4093.6,4099.9,4091.35,4097.15,3810,
2024-05-23 13:09:00+05:30,4098.75,4100.5,4096.55,4098.9,658,
2024-05-23 13:10:00+05:30,4098.9,4102.1,4097.15,4099.55,868,
2024-05-23 13:11:00+05:30,4099.35,4102,4096.85,4098.2,3682,
2024-05-23 13:12:00+05:30,4098.2,4100,4097.2,4098.6,2131,
2024-05-23 13:13:00+05:30,4097.6,4099.2,4096,4096.65,533,
2024-05-23 13:14:00+05:30,4097.75,4099.2,4096,4096.05,643,
2024-05-23 13:15:00+05:30,4096.05,4099.1,4093.2,4093.2,5885,
2024-05-23 13:16:00+05:30,4093.6,4099,4093,4095,2847,
2024-05-23 13:17:00+05:30,4097.1,4099.45,4096.1,4099.45,5145,
2024-05-23 13:18:00+05:30,4099.15,4101.9,4096.45,4101.25,2386,
2024-05-23 13:19:00+05:30,4099.55,4101.8,4095.6,4098,899,
2024-05-23 13:20:00+05:30,4097.95,4102.95,4097.8,4098.85,1960,
2024-05-23 13:21:00+05:30,4098.95,4102.35,4098.85,4101.7,1046,
2024-05-23 13:22:00+05:30,4101.7,4102.1,4096.05,4100.65,2566,
2024-05-23 13:23:00+05:30,4099.55,4100.9,4097.45,4097.55,1275,
2024-05-23 13:24:00+05:30,4097.55,4101.15,4095.8,4099.7,1538,
2024-05-23 13:25:00+05:30,4098.9,4102.35,4098.05,4099.95,1126,
2024-05-23 13:26:00+05:30,4100,4104,4099.9,4103.15,1790,
2024-05-23 13:27:00+05:30,4104,4105,4101.1,4102.35,2852,
2024-05-23 13:28:00+05:30,4102.4,4102.75,4098.3,4099,1659,
2024-05-23 13:29:00+05:30,4098.75,4102.7,4097.95,4100.5,1312,
2024-05-23 13:30:00+05:30,4098.65,4102.6,4095.7,4097.1,2821,
2024-05-23 13:31:00+05:30,4097.15,4099.9,4096.35,4096.65,1026,
2024-05-23 13:32:00+05:30,4096.9,4099.35,4095.35,4096.15,1278,
2024-05-23 13:33:00+05:30,4096.55,4098.65,4093.3,4098.55,1625,
2024-05-23 13:34:00+05:30,4096.35,4099.5,4094.9,4095.65,1737,
2024-05-23 13:35:00+05:30,4095.65,4100,4094.65,4097.4,1776,
2024-05-23 13:36:00+05:30,4099.65,4100,4096.25,4096.25,1667,
2024-05-23 13:37:00+05:30,4096.25,4098.7,4091.3,4093.4,2670,
2024-05-23 13:38:00+05:30,4095.55,4096.8,4092,4096.1,1577,
2024-05-23 13:39:00+05:30,4096.15,4105,4095.9,4096.15,4996,
2024-05-23 13:40:00+05:30,4096.15,4099.2,4095.35,4097.8,1261,
2024-05-23 13:41:00+05:30,4097.5,4100,4097,4099.6,1641,
2024-05-23 13:42:00+05:30,4097.85,4100,4095,4095,4306,
2024-05-23 13:43:00+05:30,4095,4095.95,4092.85,4093,1289,
2024-05-23 13:44:00+05:30,4093,4096.65,4091.8,4094.4,2582,
2024-05-23 13:45:00+05:30,4094.4,4099.05,4093.2,4096.15,1577,
2024-05-23 13:46:00+05:30,4096.5,4103.95,4092.25,4097.05,5549,
2024-05-23 13:47:00+05:30,4099.35,4104.75,4097.85,4101.4,4876,
2024-05-23 13:48:00+05:30,4101.15,4105,4101.15,4103,5466,
2024-05-23 13:49:00+05:30,4102.9,4105,4100.55,4102.05,7576,
2024-05-23 13:50:00+05:30,4102.05,4105.35,4100,4103.35,5796,
2024-05-23 13:51:00+05:30,4103.35,4111.2,4099,4099.3,11877,
2024-05-23 13:52:00+05:30,4099.3,4105,4099,4103.95,9581,
2024-05-23 13:53:00+05:30,4104.05,4106.05,4100.5,4104.8,6569,
2024-05-23 13:54:00+05:30,4104.8,4113.4,4103.55,4108.4,7605,
2024-05-23 13:55:00+05:30,4106.45,4115.15,4098.2,4101.55,8940,
2024-05-23 13:56:00+05:30,4101.55,4107.5,4100,4105,5344,
2024-05-23 13:57:00+05:30,4105.4,4112,4102.15,4110.85,6005,
2024-05-23 13:58:00+05:30,4110.85,4110.85,4102.65,4108.3,5817,
2024-05-23 13:59:00+05:30,4108.15,4110.9,4103.8,4107.55,3852,
2024-05-23 14:00:00+05:30,4107.4,4109.8,4105,4105,3817,
2024-05-23 14:01:00+05:30,4105.5,4108.8,4103.7,4107.5,3720,
2024-05-23 14:02:00+05:30,4107.5,4107.5,4100.45,4101.2,926,
2024-05-23 14:03:00+05:30,4101.2,4104.1,4101.2,4104.1,903,
2024-05-23 14:04:00+05:30,4104.1,4104.7,4101.2,4102,904,
2024-05-23 14:05:00+05:30,4102.05,4104.9,4101.05,4104.35,3660,
2024-05-23 14:06:00+05:30,4104.35,4110,4102.8,4108.5,1437,
2024-05-23 14:07:00+05:30,4108.5,4109.7,4105,4109.7,1353,
2024-05-23 14:08:00+05:30,4109.7,4109.7,4103.75,4104.2,861,
2024-05-23 14:09:00+05:30,4104.2,4107.5,4103.55,4105,1240,
2024-05-23 14:10:00+05:30,4105,4109.7,4105,4109.65,1491,
2024-05-23 14:11:00+05:30,4109.65,4110.55,4108.85,4110.2,3602,
2024-05-23 14:12:00+05:30,4110.55,4118.2,4110.3,4117.1,3417,
2024-05-23 14:13:00+05:30,4118,4121.9,4118,4121,5151,
2024-05-23 14:14:00+05:30,4120.35,4121.65,4118.35,4120,2500,
2024-05-23 14:15:00+05:30,4120,4120,4116.65,4119.25,1520,
2024-05-23 14:16:00+05:30,4119.25,4122,4119.25,4121.7,2484,
2024-05-23 14:17:00+05:30,4122,4127.55,4121.1,4122.85,4256,
2024-05-23 14:18:00+05:30,4120.45,4122.55,4118.85,4120.4,2852,
2024-05-23 14:19:00+05:30,4121.65,4121.85,4116.7,4119.75,5095,
2024-05-23 14:20:00+05:30,4119.75,4121,4118.65,4119.15,932,
2024-05-23 14:21:00+05:30,4119.95,4121.4,4119,4121.4,691,
2024-05-23 14:22:00+05:30,4121.1,4122.85,4119.35,4122.8,1084,
2024-05-23 14:23:00+05:30,4122.8,4123.9,4119.7,4121.1,623,
2024-05-23 14:24:00+05:30,4121.1,4124.9,4121.1,4124.65,2154,
2024-05-23 14:25:00+05:30,4124.65,4125,4123,4124,849,
2024-05-23 14:26:00+05:30,4124,4126.05,4120,4122.2,2595,
2024-05-23 14:27:00+05:30,4122.2,4124.6,4120.25,4120.25,2601,
2024-05-23 14:28:00+05:30,4121.15,4121.15,4115.9,4118.75,882,
2024-05-23 14:29:00+05:30,4118.75,4119.8,4116.45,4119.25,771,
2024-05-23 14:30:00+05:30,4117.35,4119.15,4112.4,4114.9,1051,
2024-05-23 14:31:00+05:30,4114.7,4116.7,4112.1,4116.7,798,
2024-05-23 14:32:00+05:30,4116.7,4119.8,4114.95,4119.7,855,
2024-05-23 14:33:00+05:30,4119.7,4120.85,4116.8,4120.75,2132,
2024-05-23 14:34:00+05:30,4120.45,4120.45,4114,4114.85,2389,
2024-05-23 14:35:00+05:30,4114,4116.5,4113.35,4115.25,876,
2024-05-23 14:36:00+05:30,4115.25,4115.65,4111.2,4113.25,3447,
2024-05-23 14:37:00+05:30,4113.25,4114.1,4111.2,4111.8,1900,
2024-05-23 14:38:00+05:30,4111.8,4114.2,4111.75,4113,1285,
2024-05-23 14:39:00+05:30,4113,4114.95,4110.6,4110.65,2575,
2024-05-23 14:40:00+05:30,4112.75,4115.5,4110.6,4115.35,1438,
2024-05-23 14:41:00+05:30,4115.5,4116.1,4111.5,4115.25,1338,
2024-05-23 14:42:00+05:30,4116.1,4117.85,4114.15,4117.65,1003,
2024-05-23 14:43:00+05:30,4117.55,4117.85,4115.05,4115.15,740,
2024-05-23 14:44:00+05:30,4116.35,4118,4115.4,4116,608,
2024-05-23 14:45:00+05:30,4116,4119.55,4115.05,4117.25,677,
2024-05-23 14:46:00+05:30,4118,4118.15,4112.8,4112.8,1268,
2024-05-23 14:47:00+05:30,4112.45,4112.65,4104.05,4105.1,2550,
2024-05-23 14:48:00+05:30,4104.6,4108.7,4103.2,4108.7,2370,
2024-05-23 14:49:00+05:30,4108.7,4112,4105.4,4111.95,981,
2024-05-23 14:50:00+05:30,4112,4112.85,4105.1,4107.5,1225,
2024-05-23 14:51:00+05:30,4107,4107.5,4103,4104.75,4013,
2024-05-23 14:52:00+05:30,4105.15,4105.9,4102.05,4102.05,917,
2024-05-23 14:53:00+05:30,4103.7,4103.7,4098.3,4101.55,4550,
2024-05-23 14:54:00+05:30,4101.75,4106,4100.2,4105,1285,
2024-05-23 14:55:00+05:30,4105,4106,4101,4102.15,1066,
2024-05-23 14:56:00+05:30,4101.1,4102,4100.3,4100.65,857,
2024-05-23 14:57:00+05:30,4100.65,4103.65,4100.65,4101.9,676,
2024-05-23 14:58:00+05:30,4101.9,4106.2,4101.85,4106.2,1875,
2024-05-23 14:59:00+05:30,4105.35,4107.6,4103.35,4104.65,1457,
2024-05-23 15:00:00+05:30,4105.85,4110.4,4105.2,4109.25,1966,
2024-05-23 15:01:00+05:30,4110.85,4114.25,4110.85,4113.45,1845,
2024-05-23 15:02:00+05:30,4112,4113.55,4104.15,4107.9,6554,
2024-05-23 15:03:00+05:30,4108.5,4112,4107.35,4110.7,1696,
2024-05-23 15:04:00+05:30,4110.7,4113.8,4110.7,4113.05,2137,
2024-05-23 15:05:00+05:30,4115.9,4119.1,4112.4,4114.3,8860,
2024-05-23 15:06:00+05:30,4113,4116.15,4112.5,4116.15,2024,
2024-05-23 15:07:00+05:30,4116.15,4116.2,4108.8,4111.95,4705,
2024-05-23 15:08:00+05:30,4110.5,4113.85,4110.25,4112.5,1060,
2024-05-23 15:09:00+05:30,4112.5,4112.65,4111.05,4112.65,406,
2024-05-23 15:10:00+05:30,4111.65,4114.15,4111,4112,552,
2024-05-23 15:11:00+05:30,4112,4115,4112,4114.6,728,
2024-05-23 15:12:00+05:30,4114.6,4116.6,4113.75,4116.5,575,
2024-05-23 15:13:00+05:30,4115,4115.55,4113.05,4115.55,1168,
2024-05-23 15:14:00+05:30,4115.55,4118,4115.25,4118,975,
2024-05-23 15:15:00+05:30,4118,4118,4115.15,4116.25,1993,
2024-05-23 15:16:00+05:30,4116.25,4116.95,4114.45,4114.45,3972,
2024-05-23 15:17:00+05:30,4114.45,4115.95,4113.65,4115.95,4932,
2024-05-23 15:18:00+05:30,4115.95,4117.05,4114.1,4116.15,5799,
2024-05-23 15:19:00+05:30,4116.15,4118,4115.15,4118,3441,
2024-05-23 15:20:00+05:30,4117.35,4118.7,4114.8,4116.8,3747,
2024-05-23 15:21:00+05:30,4116.8,4117.15,4114.4,4115.35,4978,
2024-05-23 15:22:00+05:30,4115.1,4115.3,4114.05,4115,3638,
2024-05-23 15:23:00+05:30,4114.1,4114.5,4110,4110.65,3272,
2024-05-23 15:24:00+05:30,4110.65,4112.5,4110.65,4112.45,2102,
2024-05-23 15:25:00+05:30,4112,4112,4103.35,4106,4388,
2024-05-23 15:26:00+05:30,4106.1,4109,4106,4109,1050,
2024-05-23 15:27:00+05:30,4109,4109.15,4102.9,4104.2,1173,
2024-05-23 15:28:00+05:30,4104.2,4106.65,4095.25,4099.5,1626,
2024-05-23 15:29:00+05:30,4096.05,4104,4096.05,4104,927,
2024-05-24 09:15:00+05:30,4113,4138.7,4105.55,4133.75,10206,
2024-05-24 09:16:00+05:30,4133.75,4133.75,4118.65,4126.3,4684,
2024-05-24 09:17:00+05:30,4126.25,4133.45,4118.8,4130.5,4455,
2024-05-24 09:18:00+05:30,4132.8,4134.8,4126.55,4126.55,3645,
2024-05-24 09:19:00+05:30,4130.4,4130.75,4121.3,4124.5,2395,
2024-05-24 09:20:00+05:30,4124.5,4131.75,4122.35,4129.75,2320,
2024-05-24 09:21:00+05:30,4132,4137.9,4129.65,4135,2752,
2024-05-24 09:22:00+05:30,4135,4137.65,4132.55,4136.75,1701,
2024-05-24 09:23:00+05:30,4136.75,4143.55,4136.05,4142,2042,
2024-05-24 09:24:00+05:30,4142.5,4143,4139.4,4142.7,2066,
2024-05-24 09:25:00+05:30,4142.7,4145.35,4139,4145.15,8315,
2024-05-24 09:26:00+05:30,4145,4153.35,4145,4152.7,6721,
2024-05-24 09:27:00+05:30,4151.3,4159.5,4151.3,4159,4885,
2024-05-24 09:28:00+05:30,4159,4168.75,4159,4168,5751,
2024-05-24 09:29:00+05:30,4168.35,4168.8,4161.4,4162,4494,
2024-05-24 09:30:00+05:30,4164.6,4164.65,4160,4162.6,7329,
2024-05-24 09:31:00+05:30,4162.9,4174.9,4160,4174.9,7136,
2024-05-24 09:32:00+05:30,4174.9,4175,4165,4165,10564,
2024-05-24 09:33:00+05:30,4165,4165,4156.3,4157.3,8091,
2024-05-24 09:34:00+05:30,4157.3,4159.4,4151,4152.95,3586,
2024-05-24 09:35:00+05:30,4152.95,4154.85,4140,4143.4,7302,
2024-05-24 09:36:00+05:30,4145.95,4147.95,4141,4141,2264,
2024-05-24 09:37:00+05:30,4141,4144.3,4137.45,4142.95,5114,
2024-05-24 09:38:00+05:30,4142.95,4143,4135,4135,2483,
2024-05-24 09:39:00+05:30,4135,4135,4113.9,4127.1,8199,
2024-05-24 09:40:00+05:30,4127.1,4128.7,4121.05,4123.3,1162,
2024-05-24 09:41:00+05:30,4123.3,4137.8,4123.3,4134.05,2810,
2024-05-24 09:42:00+05:30,4134.05,4138.4,4133.05,4138.4,590,
2024-05-24 09:43:00+05:30,4138.7,4138.7,4133.2,4133.2,1263,
2024-05-24 09:44:00+05:30,4133.2,4138,4130.65,4136.45,2192,
2024-05-24 09:45:00+05:30,4136.5,4137.45,4132.35,4132.35,711,
2024-05-24 09:46:00+05:30,4132.35,4132.4,4127.85,4129.1,1013,
2024-05-24 09:47:00+05:30,4131.15,4134.6,4121,4122.7,2496,
2024-05-24 09:48:00+05:30,4122.7,4122.85,4106.8,4107.95,5149,
2024-05-24 09:49:00+05:30,4108.8,4114.5,4106,4113.05,2736,
2024-05-24 09:50:00+05:30,4113.2,4113.25,4107.5,4113.2,1765,
2024-05-24 09:51:00+05:30,4113.25,4119.75,4108.55,4117,2994,
2024-05-24 09:52:00+05:30,4117,4118.95,4114,4116.35,1090,
2024-05-24 09:53:00+05:30,4116.35,4118.8,4115,4115,1010,
2024-05-24 09:54:00+05:30,4115,4120,4115,4120,722,
2024-05-24 09:55:00+05:30,4120,4120.95,4117.45,4119,610,
2024-05-24 09:56:00+05:30,4119,4120.8,4118.05,4118.5,479,
2024-05-24 09:57:00+05:30,4118.5,4120.75,4118.5,4119.1,412,
2024-05-24 09:58:00+05:30,4119.1,4124.8,4119,4124.8,1973,
2024-05-24 09:59:00+05:30,4124.8,4128.05,4122.3,4123.35,2767,
2024-05-24 10:00:00+05:30,4123.35,4129.45,4123.35,4126.15,2192,
2024-05-24 10:01:00+05:30,4126.2,4128,4125.7,4126,396,
2024-05-24 10:02:00+05:30,4126.05,4128.75,4123.9,4127.45,1701,
2024-05-24 10:03:00+05:30,4127.25,4127.35,4121.3,4122,771,
2024-05-24 10:04:00+05:30,4122,4126.2,4122,4123.75,270,
2024-05-24 10:05:00+05:30,4123.75,4125.8,4121,4123.95,477,
2024-05-24 10:06:00+05:30,4124,4125.45,4122.5,4124.8,275,
2024-05-24 10:07:00+05:30,4122,4126.4,4122,4124.45,854,
2024-05-24 10:08:00+05:30,4124.45,4127.05,4122.15,4122.85,238,
2024-05-24 10:09:00+05:30,4122.1,4126.4,4116.4,4116.4,560,
2024-05-24 10:10:00+05:30,4116.4,4122,4116.4,4121,315,
2024-05-24 10:11:00+05:30,4122,4126.4,4121.6,4124.35,475,
2024-05-24 10:12:00+05:30,4124.35,4127,4124.05,4124.05,479,
2024-05-24 10:13:00+05:30,4123.8,4123.8,4120,4120.5,485,
2024-05-24 10:14:00+05:30,4120.5,4120.5,4117,4118.15,479,
2024-05-24 10:15:00+05:30,4118.15,4121.8,4115,4119.1,1185,
2024-05-24 10:16:00+05:30,4119.1,4124.95,4119.1,4121.75,425,
2024-05-24 10:17:00+05:30,4121.75,4124.9,4121.15,4121.7,551,
2024-05-24 10:18:00+05:30,4121.7,4128.1,4121.7,4124,3463,
2024-05-24 10:19:00+05:30,4124.05,4127.9,4122.4,4125.3,1072,
2024-05-24 10:20:00+05:30,4125.3,4127,4121.5,4122.05,744,
2024-05-24 10:21:00+05:30,4122.05,4125.7,4120.55,4120.55,1022,
2024-05-24 10:22:00+05:30,4120.55,4123.9,4120.55,4123.65,457,
2024-05-24 10:23:00+05:30,4123.8,4129.8,4121.7,4129,1628,
2024-05-24 10:24:00+05:30,4129,4129,4126.75,4127.9,709,
2024-05-24 10:25:00+05:30,4127.9,4135.3,4127.9,4132.1,1850,
2024-05-24 10:26:00+05:30,4132.1,4135.3,4132.1,4133.35,494,
2024-05-24 10:27:00+05:30,4133.35,4134.6,4131.5,4133.4,280,
2024-05-24 10:28:00+05:30,4133.4,4134.8,4133.3,4133.3,242,
2024-05-24 10:29:00+05:30,4133.3,4138.2,4131.65,4135.9,2449,
2024-05-24 10:30:00+05:30,4135,4135,4130.2,4130.75,548,
2024-05-24 10:31:00+05:30,4130.75,4134.1,4130.75,4132.9,481,
2024-05-24 10:32:00+05:30,4131.05,4134.6,4131,4131,264,
2024-05-24 10:33:00+05:30,4131,4132.9,4129,4129,698,
2024-05-24 10:34:00+05:30,4129.2,4129.2,4123.65,4125.5,1382,
2024-05-24 10:35:00+05:30,4125.5,4129.45,4125,4129.45,265,
2024-05-24 10:36:00+05:30,4129.45,4132.7,4127.3,4131.95,600,
2024-05-24 10:37:00+05:30,4133.4,4134.9,4131.55,4134.75,921,
2024-05-24 10:38:00+05:30,4134,4134.85,4132,4132,190,
2024-05-24 10:39:00+05:30,4132,4134.9,4132,4132.8,936,
2024-05-24 10:40:00+05:30,4132.8,4137.75,4132.8,4135,1445,
2024-05-24 10:41:00+05:30,4137.15,4137.8,4134.75,4136.95,458,
2024-05-24 10:42:00+05:30,4136.95,4137,4134,4134.1,788,
2024-05-24 10:43:00+05:30,4134.1,4136.9,4134,4134.45,612,
2024-05-24 10:44:00+05:30,4134.45,4137.85,4134.45,4135.5,397,
2024-05-24 10:45:00+05:30,4135.5,4137.9,4134,4136.05,384,
2024-05-24 10:46:00+05:30,4136.05,4137.55,4135.05,4137.55,218,
2024-05-24 10:47:00+05:30,4137.55,4139,4135,4136.5,1169,
2024-05-24 10:48:00+05:30,4136.5,4138.55,4135.7,4136.8,313,
2024-05-24 10:49:00+05:30,4136.8,4137,4134,4134,5626,
2024-05-24 10:50:00+05:30,4134,4137.9,4134,4137.9,722,
2024-05-24 10:51:00+05:30,4137.9,4139.5,4134,4136.2,488,
2024-05-24 10:52:00+05:30,4136.2,4138.95,4135.05,4135.85,304,
2024-05-24 10:53:00+05:30,4135.85,4139.5,4135,4139.5,322,
2024-05-24 10:54:00+05:30,4139.5,4139.5,4135.7,4137.05,285,
2024-05-24 10:55:00+05:30,4137.05,4140.55,4137.05,4140.5,1335,
2024-05-24 10:56:00+05:30,4140.5,4142.2,4138,4140,816,
2024-05-24 10:57:00+05:30,4140,4140,4135,4135,570,
2024-05-24 10:58:00+05:30,4135,4138.45,4135,4136,343,
2024-05-24 10:59:00+05:30,4136,4137.95,4134,4135.95,555,
2024-05-24 11:00:00+05:30,4135.95,4137.55,4134,4134,364,
2024-05-24 11:01:00+05:30,4134,4142,4134,4142,746,
2024-05-24 11:02:00+05:30,4142,4142,4138,4138.75,574,
2024-05-24 11:03:00+05:30,4140.4,4141,4139.35,4140.25,588,
2024-05-24 11:04:00+05:30,4140.25,4141,4138,4140.7,1442,
2024-05-24 11:05:00+05:30,4140.7,4140.7,4137.55,4138.05,365,
2024-05-24 11:06:00+05:30,4138.05,4139.95,4135,4137.5,725,
2024-05-24 11:07:00+05:30,4134.7,4137.3,4134.1,4135.4,614,
2024-05-24 11:08:00+05:30,4135.4,4137.2,4134,4135.8,318,
2024-05-24 11:09:00+05:30,4135.8,4135.8,4127.5,4127.6,4563,
2024-05-24 11:10:00+05:30,4127.6,4130,4127.6,4127.85,595,
2024-05-24 11:11:00+05:30,4127.85,4130.55,4127.35,4130.05,913,
2024-05-24 11:12:00+05:30,4130.05,4132,4128.1,4130.65,311,
2024-05-24 11:13:00+05:30,4130.65,4136,4130.65,4133.05,442,
2024-05-24 11:14:00+05:30,4133.05,4135.75,4128.9,4129.1,468,
2024-05-24 11:15:00+05:30,4129.1,4135.2,4129.1,4132.4,516,
2024-05-24 11:16:00+05:30,4132.4,4135.7,4132,4133.2,299,
2024-05-24 11:17:00+05:30,4133.2,4133.2,4128.5,4130.7,317,
2024-05-24 11:18:00+05:30,4130.7,4134,4128.45,4129.15,283,
2024-05-24 11:19:00+05:30,4129.15,4134,4129.15,4130.75,229,
2024-05-24 11:20:00+05:30,4130.75,4134.95,4130.3,4132.2,283,
2024-05-24 11:21:00+05:30,4132.2,4135,4131.2,4133.7,285,
2024-05-24 11:22:00+05:30,4133.7,4135,4131.5,4135,624,
2024-05-24 11:23:00+05:30,4135,4137,4134.6,4136.2,349,
2024-05-24 11:24:00+05:30,4136.2,4145,4136.2,4144.05,1341,
2024-05-24 11:25:00+05:30,4144.05,4144.85,4140,4140.6,923,
2024-05-24 11:26:00+05:30,4140.6,4142.9,4140.05,4141.7,188,
2024-05-24 11:27:00+05:30,4141.7,4141.8,4137.4,4137.7,618,
2024-05-24 11:28:00+05:30,4137.7,4140,4135.25,4138.75,904,
2024-05-24 11:29:00+05:30,4138.75,4140,4134.75,4139.8,343,
2024-05-24 11:30:00+05:30,4138.7,4139.8,4136,4136,338,
2024-05-24 11:31:00+05:30,4137.75,4139,4136.2,4137.1,421,
2024-05-24 11:32:00+05:30,4137.1,4138,4134.1,4134.1,763,
2024-05-24 11:33:00+05:30,4134.1,4137.65,4133,4133.3,844,
2024-05-24 11:34:00+05:30,4133.3,4138.9,4133.25,4136.9,1318,
2024-05-24 11:35:00+05:30,4136.9,4142,4136.9,4141,315,
2024-05-24 11:36:00+05:30,4141,4143,4138.3,4138.3,254,
2024-05-24 11:37:00+05:30,4138.3,4141.5,4136.65,4140,340,
2024-05-24 11:38:00+05:30,4140,4141.95,4139.8,4139.8,232,
2024-05-24 11:39:00+05:30,4140,4142,4138.7,4142,406,
2024-05-24 11:40:00+05:30,4142,4142.05,4138.05,4138.05,559,
2024-05-24 11:41:00+05:30,4138.05,4140.75,4136,4140,447,
2024-05-24 11:42:00+05:30,4140,4142.65,4140,4142.65,211,
2024-05-24 11:43:00+05:30,4142.65,4142.95,4138.5,4140.3,553,
2024-05-24 11:44:00+05:30,4140.3,4142,4138.7,4139.65,670,
2024-05-24 11:45:00+05:30,4139.65,4141.85,4138,4138,419,
2024-05-24 11:46:00+05:30,4138,4139,4137.45,4138.2,395,
2024-05-24 11:47:00+05:30,4138.2,4139,4135.7,4138.2,542,
2024-05-24 11:48:00+05:30,4138.2,4141.15,4136.5,4140,3379,
2024-05-24 11:49:00+05:30,4140,4142,4140,4140.8,226,
2024-05-24 11:50:00+05:30,4140.8,4141.65,4136.45,4138.9,517,
2024-05-24 11:51:00+05:30,4138.9,4140.95,4136.35,4140.95,403,
2024-05-24 11:52:00+05:30,4140.95,4141.75,4138.05,4140,259,
2024-05-24 11:53:00+05:30,4140,4141.05,4138.2,4140,182,
2024-05-24 11:54:00+05:30,4140,4142,4137.5,4137.5,345,
2024-05-24 11:55:00+05:30,4137.5,4142.25,4137.5,4140.15,210,
2024-05-24 11:56:00+05:30,4140.15,4143.85,4140.15,4142,183,
2024-05-24 11:57:00+05:30,4142,4143,4140.9,4142,257,
2024-05-24 11:58:00+05:30,4142,4142.25,4140,4140.95,454,
2024-05-24 11:59:00+05:30,4140.95,4146.3,4138.2,4144.7,10882,
2024-05-24 12:00:00+05:30,4144.7,4150,4144.7,4150,980,
2024-05-24 12:01:00+05:30,4150,4150.85,4148,4149.65,665,
2024-05-24 12:02:00+05:30,4148.05,4150,4148,4149.95,472,
2024-05-24 12:03:00+05:30,4149.95,4150,4145.15,4149.95,4711,
2024-05-24 12:04:00+05:30,4149.95,4151,4147,4150,2296,
2024-05-24 12:05:00+05:30,4150,4151.75,4140.1,4141.7,9646,
2024-05-24 12:06:00+05:30,4141.7,4141.8,4132.45,4132.45,2690,
2024-05-24 12:07:00+05:30,4132.25,4140,4132.25,4139.2,1137,
2024-05-24 12:08:00+05:30,4139.2,4145.25,4139.2,4145.25,235,
2024-05-24 12:09:00+05:30,4145.25,4145.75,4140,4140,357,
2024-05-24 12:10:00+05:30,4140,4140,4137.85,4137.85,313,
2024-05-24 12:11:00+05:30,4137.85,4140,4137,4137,307,
2024-05-24 12:12:00+05:30,4137,4138.35,4135.55,4138.35,294,
2024-05-24 12:13:00+05:30,4138.35,4143,4136.45,4142.95,649,
2024-05-24 12:14:00+05:30,4144.6,4152,4143,4151.6,3207,
2024-05-24 12:15:00+05:30,4151.6,4156.45,4151.55,4156.4,1466,
2024-05-24 12:16:00+05:30,4156.4,4157,4154.15,4156.6,829,
2024-05-24 12:17:00+05:30,4156.6,4158.15,4153.05,4154,1028,
2024-05-24 12:18:00+05:30,4154,4155.15,4150.65,4151.25,725,
2024-05-24 12:19:00+05:30,4151.25,4154,4150.95,4154,490,
2024-05-24 12:20:00+05:30,4154,4155,4151,4151.05,600,
2024-05-24 12:21:00+05:30,4151.05,4151.05,4145.65,4147.3,3308,
2024-05-24 12:22:00+05:30,4147.3,4150,4146.65,4147.65,697,
2024-05-24 12:23:00+05:30,4147.65,4149.9,4145.85,4148.8,685,
2024-05-24 12:24:00+05:30,4148.8,4148.85,4145,4145,1423,
2024-05-24 12:25:00+05:30,4145,4150.6,4141.05,4147.3,1420,
2024-05-24 12:26:00+05:30,4147.3,4155.45,4146.65,4155.45,2907,
2024-05-24 12:27:00+05:30,4155.45,4158.2,4151.1,4154.25,1234,
2024-05-24 12:28:00+05:30,4154.25,4157.7,4151.1,4157.7,658,
2024-05-24 12:29:00+05:30,4157.7,4159.8,4155.45,4158.3,1946,
2024-05-24 12:30:00+05:30,4158.35,4159.7,4154.55,4155.4,1203,
2024-05-24 12:31:00+05:30,4155.4,4164.75,4155.4,4161.6,2592,
2024-05-24 12:32:00+05:30,4161.6,4163.5,4159,4161.45,422,
2024-05-24 12:33:00+05:30,4161.45,4168,4161.45,4168,1255,
2024-05-24 12:34:00+05:30,4168,4168,4165.35,4167.95,896,
2024-05-24 12:35:00+05:30,4167.95,4167.95,4165,4165.2,655,
2024-05-24 12:36:00+05:30,4165.2,4170,4165,4168.7,2026,
2024-05-24 12:37:00+05:30,4168.7,4170,4168.5,4169.65,1813,
2024-05-24 12:38:00+05:30,4167.65,4168.15,4164.35,4168.1,1953,
2024-05-24 12:39:00+05:30,4168.1,4168.5,4165.55,4168.25,2035,
2024-05-24 12:40:00+05:30,4168.25,4170,4168.25,4168.5,538,
2024-05-24 12:41:00+05:30,4168.5,4173.2,4168.5,4172.55,4787,
2024-05-24 12:42:00+05:30,4172.35,4172.8,4170.1,4172,755,
2024-05-24 12:43:00+05:30,4172,4174,4171.5,4172,983,
2024-05-24 12:44:00+05:30,4172,4174,4168.5,4168.5,1241,
2024-05-24 12:45:00+05:30,4168.5,4170.25,4168.5,4168.5,363,
2024-05-24 12:46:00+05:30,4168.5,4169.9,4168.25,4168.25,488,
2024-05-24 12:47:00+05:30,4167.05,4168,4163.05,4164.15,1360,
2024-05-24 12:48:00+05:30,4164.15,4164.95,4161,4161.05,942,
2024-05-24 12:49:00+05:30,4161.05,4163.1,4157.05,4163.1,1326,
2024-05-24 12:50:00+05:30,4163.15,4175,4163.15,4173.85,3158,
2024-05-24 12:51:00+05:30,4173.85,4175,4170.25,4173,605,
2024-05-24 12:52:00+05:30,4173,4174.25,4168.15,4173.3,1497,
2024-05-24 12:53:00+05:30,4173.3,4174,4171,4172.85,686,
2024-05-24 12:54:00+05:30,4172.85,4173,4168.4,4168.4,476,
2024-05-24 12:55:00+05:30,4168.4,4171.1,4166.05,4169.35,767,
2024-05-24 12:56:00+05:30,4169.35,4170.75,4168.05,4170.05,810,
2024-05-24 12:57:00+05:30,4170.05,4171.85,4170,4171.8,1240,
2024-05-24 12:58:00+05:30,4171.8,4171.8,4163.95,4164.05,2352,
2024-05-24 12:59:00+05:30,4164.05,4167,4164.05,4165.35,214,
2024-05-24 13:00:00+05:30,4165.35,4172,4165.35,4170.05,3043,
2024-05-24 13:01:00+05:30,4170.15,4172,4167.1,4169.3,1147,
2024-05-24 13:02:00+05:30,4169.3,4171,4166.5,4167.8,1330,
2024-05-24 13:03:00+05:30,4167.8,4171,4167.8,4169,267,
2024-05-24 13:04:00+05:30,4168.95,4170.8,4166.6,4170,619,
2024-05-24 13:05:00+05:30,4170,4171,4167.65,4168.15,1743,
2024-05-24 13:06:00+05:30,4166.55,4171.8,4166.55,4171.3,831,
2024-05-24 13:07:00+05:30,4170.85,4173,4169.5,4171.6,4344,
2024-05-24 13:08:00+05:30,4169.75,4172,4169,4169.15,876,
2024-05-24 13:09:00+05:30,4169.15,4172,4169,4171.6,754,
2024-05-24 13:10:00+05:30,4171.1,4172,4171.1,4171.2,843,
2024-05-24 13:11:00+05:30,4171.2,4172,4169.2,4169.2,516,
2024-05-24 13:12:00+05:30,4169.2,4169.8,4161.8,4162,3866,
2024-05-24 13:13:00+05:30,4162.05,4163.45,4162.05,4162.05,523,
2024-05-24 13:14:00+05:30,4162.05,4170,4161.45,4169,4195,
2024-05-24 13:15:00+05:30,4168,4169.65,4164.1,4164.1,566,
2024-05-24 13:16:00+05:30,4164.1,4168,4164.1,4167.55,264,
2024-05-24 13:17:00+05:30,4167.25,4167.55,4160.85,4160.85,824,
2024-05-24 13:18:00+05:30,4160.1,4163.35,4157.4,4160.15,1094,
2024-05-24 13:19:00+05:30,4160.15,4163,4160.15,4161.2,666,
2024-05-24 13:20:00+05:30,4161.2,4164.35,4161.2,4161.3,309,
2024-05-24 13:21:00+05:30,4161.15,4163.65,4161.15,4161.3,253,
2024-05-24 13:22:00+05:30,4161.3,4163.4,4161.25,4161.5,286,
2024-05-24 13:23:00+05:30,4161.5,4164.45,4161.15,4163.8,723,
2024-05-24 13:24:00+05:30,4161.85,4164.1,4161.85,4162.3,293,
2024-05-24 13:25:00+05:30,4162.3,4162.3,4159,4159.4,852,
2024-05-24 13:26:00+05:30,4159.4,4159.95,4156.6,4156.95,549,
2024-05-24 13:27:00+05:30,4156.95,4158,4156,4156.05,485,
2024-05-24 13:28:00+05:30,4156.05,4157.15,4155,4155,850,
2024-05-24 13:29:00+05:30,4155,4160.5,4154.4,4160.5,759,
2024-05-24 13:30:00+05:30,4157.2,4163.95,4157.2,4160.25,1405,
2024-05-24 13:31:00+05:30,4159.65,4161.5,4157.1,4158.6,521,
2024-05-24 13:32:00+05:30,4158.6,4162,4157.7,4159.05,1748,
2024-05-24 13:33:00+05:30,4159.05,4161.5,4157.55,4157.55,686,
2024-05-24 13:34:00+05:30,4157.55,4159.15,4154.05,4154.3,582,
2024-05-24 13:35:00+05:30,4155.55,4157.05,4155,4155.05,373,
2024-05-24 13:36:00+05:30,4155.05,4156.95,4155,4155,340,
2024-05-24 13:37:00+05:30,4155,4155.1,4155,4155.05,247,
2024-05-24 13:38:00+05:30,4155,4155.05,4152.15,4153,3779,
2024-05-24 13:39:00+05:30,4153,4154.6,4152.2,4152.8,227,
2024-05-24 13:40:00+05:30,4152.8,4154,4150,4150,492,
2024-05-24 13:41:00+05:30,4150.05,4155.45,4150,4155.45,1069,
2024-05-24 13:42:00+05:30,4156.1,4158.7,4153.15,4155.55,664,
2024-05-24 13:43:00+05:30,4155.25,4157.8,4153.75,4156.2,1702,
2024-05-24 13:44:00+05:30,4156.2,4159.95,4156.2,4158.15,542,
2024-05-24 13:45:00+05:30,4158.15,4159.75,4156,4156.4,453,
2024-05-24 13:46:00+05:30,4156.4,4158.3,4156,4156.65,321,
2024-05-24 13:47:00+05:30,4156.65,4158.1,4156,4156,249,
2024-05-24 13:48:00+05:30,4156,4161,4156,4158.05,2317,
2024-05-24 13:49:00+05:30,4159.65,4160.4,4156.8,4160.4,1330,
2024-05-24 13:50:00+05:30,4160.4,4167,4160.4,4164,4541,
2024-05-24 13:51:00+05:30,4164,4168.1,4161.1,4162.45,1599,
2024-05-24 13:52:00+05:30,4160.75,4162.25,4156.25,4156.25,1483,
2024-05-24 13:53:00+05:30,4156.25,4158.9,4155.6,4155.8,301,
2024-05-24 13:54:00+05:30,4155.75,4158.95,4155.75,4156,209,
2024-05-24 13:55:00+05:30,4156,4156.1,4153.25,4153.25,997,
2024-05-24 13:56:00+05:30,4153.25,4157.4,4152.95,4154.85,333,
2024-05-24 13:57:00+05:30,4154.85,4157.4,4153.7,4157.1,434,
2024-05-24 13:58:00+05:30,4157.1,4159.75,4155,4157.6,457,
2024-05-24 13:59:00+05:30,4157.85,4162.1,4157.85,4161,245,
2024-05-24 14:00:00+05:30,4161,4162.25,4159,4162,240,
2024-05-24 14:01:00+05:30,4162,4162.95,4159.05,4160,1002,
2024-05-24 14:02:00+05:30,4160,4161.95,4155.55,4157.15,1311,
2024-05-24 14:03:00+05:30,4157.15,4163.4,4157,4158.25,2282,
2024-05-24 14:04:00+05:30,4158.25,4160.85,4153.5,4155.85,454,
2024-05-24 14:05:00+05:30,4155.85,4157,4153,4155.5,411,
2024-05-24 14:06:00+05:30,4155.5,4158,4154.2,4154.2,406,
2024-05-24 14:07:00+05:30,4154.2,4154.2,4152,4152,972,
2024-05-24 14:08:00+05:30,4152,4152.6,4151.05,4151.05,2936,
2024-05-24 14:09:00+05:30,4152.05,4153.85,4151,4151,296,
2024-05-24 14:10:00+05:30,4151,4151,4143.2,4144.5,6540,
2024-05-24 14:11:00+05:30,4144.5,4144.5,4140,4142.5,1195,
2024-05-24 14:12:00+05:30,4142.5,4147.05,4141.1,4145.05,462,
2024-05-24 14:13:00+05:30,4145.05,4145.45,4141,4141,2350,
2024-05-24 14:14:00+05:30,4141,4143.55,4140,4140,505,
2024-05-24 14:15:00+05:30,4141,4143.35,4135,4135.75,1783,
2024-05-24 14:16:00+05:30,4135.75,4140,4134.6,4136.7,2427,
2024-05-24 14:17:00+05:30,4136.7,4138.4,4135.05,4138.15,415,
2024-05-24 14:18:00+05:30,4138.15,4138.15,4132,4133.65,415,
2024-05-24 14:19:00+05:30,4133.65,4133.65,4130,4130.35,2229,
2024-05-24 14:20:00+05:30,4130.35,4135.85,4130.35,4134.45,775,
2024-05-24 14:21:00+05:30,4134.45,4138,4133.8,4136.2,958,
2024-05-24 14:22:00+05:30,4136.2,4137.3,4130,4130,4331,
2024-05-24 14:23:00+05:30,4130,4132.8,4129.8,4129.85,1360,
2024-05-24 14:24:00+05:30,4129.85,4130,4129,4130,2413,
2024-05-24 14:25:00+05:30,4130,4135.45,4129,4129.9,871,
2024-05-24 14:26:00+05:30,4129.9,4130.8,4129,4129.15,473,
2024-05-24 14:27:00+05:30,4129.15,4131.55,4129,4130,215,
2024-05-24 14:28:00+05:30,4131.25,4133.8,4129.45,4131,239,
2024-05-24 14:29:00+05:30,4131,4132.85,4129.45,4130,902,
2024-05-24 14:30:00+05:30,4130,4132.2,4127,4127,3717,
2024-05-24 14:31:00+05:30,4127.75,4130.2,4127,4130.2,1195,
2024-05-24 14:32:00+05:30,4129,4131.15,4127,4127.8,566,
2024-05-24 14:33:00+05:30,4129.95,4132,4127.6,4132,644,
2024-05-24 14:34:00+05:30,4132,4135,4130.1,4130.7,642,
2024-05-24 14:35:00+05:30,4130.7,4137.45,4130,4133.6,2847,
2024-05-24 14:36:00+05:30,4135.65,4136.2,4132.65,4134.95,270,
2024-05-24 14:37:00+05:30,4134.95,4136.55,4133,4136.3,453,
2024-05-24 14:38:00+05:30,4136.3,4143.95,4135.05,4143,1868,
2024-05-24 14:39:00+05:30,4143,4143,4140.3,4141.75,386,
2024-05-24 14:40:00+05:30,4141.75,4142.7,4140.65,4142.05,429,
2024-05-24 14:41:00+05:30,4142.05,4142.1,4136.3,4137.15,207,
2024-05-24 14:42:00+05:30,4137.15,4146.05,4137.15,4143.75,856,
2024-05-24 14:43:00+05:30,4143.75,4146.8,4143.15,4143.2,879,
2024-05-24 14:44:00+05:30,4143.3,4144.5,4142,4143,326,
2024-05-24 14:45:00+05:30,4143,4145,4142,4142,717,
2024-05-24 14:46:00+05:30,4142,4143.55,4140,4140,377,
2024-05-24 14:47:00+05:30,4140,4142.2,4139.9,4140.45,393,
2024-05-24 14:48:00+05:30,4140.4,4141.2,4136.3,4136.3,607,
2024-05-24 14:49:00+05:30,4136.05,4137.75,4133.2,4134.15,535,
2024-05-24 14:50:00+05:30,4134.15,4134.95,4133.4,4133.95,569,
2024-05-24 14:51:00+05:30,4133.95,4134.95,4130,4133.75,3372,
2024-05-24 14:52:00+05:30,4135,4138.2,4132.25,4135.85,1572,
2024-05-24 14:53:00+05:30,4135.85,4138.85,4135.25,4136.5,1496,
2024-05-24 14:54:00+05:30,4136.9,4139.9,4135.55,4135.9,3412,
2024-05-24 14:55:00+05:30,4135.9,4139,4135.5,4136,1443,
2024-05-24 14:56:00+05:30,4136,4137.4,4130.35,4132.2,2331,
2024-05-24 14:57:00+05:30,4131,4135.35,4130.75,4133.2,947,
2024-05-24 14:58:00+05:30,4133.25,4135.9,4130.45,4130.75,2481,
2024-05-24 14:59:00+05:30,4130.45,4137.3,4130.45,4134.05,8417,
2024-05-24 15:00:00+05:30,4133.9,4135,4128,4128,3645,
2024-05-24 15:01:00+05:30,4128.6,4130.95,4126,4126.1,3198,
2024-05-24 15:02:00+05:30,4126,4129.25,4125,4125,2083,
2024-05-24 15:03:00+05:30,4125.05,4128.9,4125,4127,2460,
2024-05-24 15:04:00+05:30,4127,4130.75,4125.1,4127.65,1162,
2024-05-24 15:05:00+05:30,4127.65,4130.05,4126.95,4128.3,4122,
2024-05-24 15:06:00+05:30,4128.3,4129.8,4124.45,4124.45,1357,
2024-05-24 15:07:00+05:30,4124.4,4127.8,4124,4125.25,2667,
2024-05-24 15:08:00+05:30,4125.7,4131.9,4125.25,4131.9,2125,
2024-05-24 15:09:00+05:30,4131.9,4133.75,4130.05,4131.65,3054,
2024-05-24 15:10:00+05:30,4131.65,4131.65,4128.9,4129.7,1021,
2024-05-24 15:11:00+05:30,4130,4132.4,4129.6,4130,2642,
2024-05-24 15:12:00+05:30,4130.1,4130.85,4126.3,4126.35,1228,
2024-05-24 15:13:00+05:30,4126.75,4131.6,4126.5,4128.1,5953,
2024-05-24 15:14:00+05:30,4128.05,4128.1,4125,4125.35,1177,
2024-05-24 15:15:00+05:30,4126.3,4126.3,4122,4123.3,3180,
2024-05-24 15:16:00+05:30,4123.3,4125,4122.2,4123.2,2759,
2024-05-24 15:17:00+05:30,4124,4125.85,4122.4,4123.85,4186,
2024-05-24 15:18:00+05:30,4123.85,4125.65,4121,4122.55,4786,
2024-05-24 15:19:00+05:30,4121,4121.95,4120,4120,4548,
2024-05-24 15:20:00+05:30,4120.15,4120.15,4112.1,4113.6,9998,
2024-05-24 15:21:00+05:30,4113.6,4118.7,4110.6,4114.15,6903,
2024-05-24 15:22:00+05:30,4114.15,4119.05,4114.15,4117.05,729,
2024-05-24 15:23:00+05:30,4117.4,4118.9,4117,4117,2428,
2024-05-24 15:24:00+05:30,4118.6,4119,4114.15,4118.75,1968,
2024-05-24 15:25:00+05:30,4119,4120.35,4117.2,4120,7081,
2024-05-24 15:26:00+05:30,4120.1,4120.8,4115.65,4118.3,7967,
2024-05-24 15:27:00+05:30,4118.2,4124.85,4117.75,4118.35,12419,
2024-05-24 15:28:00+05:30,4118.35,4120,4113,4114.7,7690,
2024-05-24 15:29:00+05:30,4114.7,4120,4111,4116,1514,
2024-05-27 09:15:00+05:30,4298.75,4298.8,4215.6,4223.05,115899,
2024-05-27 09:16:00+05:30,4221.6,4268.8,4220.7,4268.8,54829,
2024-05-27 09:17:00+05:30,4264,4270.6,4237.05,4269,44893,
2024-05-27 09:18:00+05:30,4268.4,4325,4268.4,4322.75,117434,
2024-05-27 09:19:00+05:30,4320.65,4329,4298.2,4303.75,68925,
2024-05-27 09:20:00+05:30,4302.25,4319.45,4291.2,4304.65,36747,
2024-05-27 09:21:00+05:30,4305.9,4334.5,4299.15,4329,45252,
2024-05-27 09:22:00+05:30,4326.45,4339.7,4312.35,4315.45,57117,
2024-05-27 09:23:00+05:30,4316,4327,4305.7,4322.7,24460,
2024-05-27 09:24:00+05:30,4322.25,4324.7,4307,4313.35,26786,
2024-05-27 09:25:00+05:30,4310.25,4327.7,4310.25,4325.05,18367,
2024-05-27 09:26:00+05:30,4324.95,4330,4317.85,4325.55,19417,
2024-05-27 09:27:00+05:30,4322.8,4325.6,4301,4302,24496,
2024-05-27 09:28:00+05:30,4301,4320,4301,4307.1,22897,
2024-05-27 09:29:00+05:30,4306.05,4309,4285,4289.4,21140,
2024-05-27 09:30:00+05:30,4292.95,4301.9,4287.05,4291.15,25149,
2024-05-27 09:31:00+05:30,4286.15,4295.75,4281,4285.2,22383,
2024-05-27 09:32:00+05:30,4285.3,4291,4282.1,4288.05,9130,
2024-05-27 09:33:00+05:30,4285.45,4313.9,4285.45,4300.15,32889,
2024-05-27 09:34:00+05:30,4303.35,4308.05,4300,4305,10746,
2024-05-27 09:35:00+05:30,4307,4310,4304.2,4305,12818,
2024-05-27 09:36:00+05:30,4306,4307.95,4300,4305.05,14525,
2024-05-27 09:37:00+05:30,4305.55,4321.95,4305.55,4318,22898,
2024-05-27 09:38:00+05:30,4316.6,4332.4,4316.6,4330,33382,
2024-05-27 09:39:00+05:30,4331.65,4350,4330,4348.65,44921,
2024-05-27 09:40:00+05:30,4350,4354.5,4320.45,4323.95,58209,
2024-05-27 09:41:00+05:30,4325.25,4332.95,4322.85,4325,28134,
2024-05-27 09:42:00+05:30,4323.1,4328.7,4316.6,4320.2,25650,
2024-05-27 09:43:00+05:30,4320.85,4327.55,4319.5,4321.95,14932,
2024-05-27 09:44:00+05:30,4321.95,4326.75,4320.25,4323.9,6853,
2024-05-27 09:45:00+05:30,4324.55,4333.5,4322.3,4326.95,18119,
2024-05-27 09:46:00+05:30,4327.7,4333,4325.45,4327.55,14310,
2024-05-27 09:47:00+05:30,4329.7,4334.95,4326.2,4334,5569,
2024-05-27 09:48:00+05:30,4331.7,4343.75,4329.2,4343.75,18586,
2024-05-27 09:49:00+05:30,4344.95,4349,4340,4346.25,13372,
2024-05-27 09:50:00+05:30,4346.75,4359,4344.05,4353.2,32706,
2024-05-27 09:51:00+05:30,4351.55,4353.95,4335.3,4344.3,31124,
2024-05-27 09:52:00+05:30,4344.4,4344.85,4330,4332.25,18957,
2024-05-27 09:53:00+05:30,4333.7,4338.8,4322.05,4334.4,20224,
2024-05-27 09:54:00+05:30,4331.6,4338.15,4326,4327.55,10836,
2024-05-27 09:55:00+05:30,4326,4333,4325.8,4329,4809,
2024-05-27 09:56:00+05:30,4328,4329.9,4314.6,4326.4,28723,
2024-05-27 09:57:00+05:30,4326.9,4330,4318,4319,11210,
2024-05-27 09:58:00+05:30,4320,4321.25,4305.1,4320,17490,
2024-05-27 09:59:00+05:30,4321.75,4321.75,4316,4318,7879,
2024-05-27 10:00:00+05:30,4318.55,4328.65,4318,4324.7,10121,
2024-05-27 10:01:00+05:30,4322.2,4325,4315.15,4317.7,6680,
2024-05-27 10:02:00+05:30,4315.05,4317.7,4307.1,4307.1,7422,
2024-05-27 10:03:00+05:30,4307.1,4308.95,4288.4,4296.8,31633,
2024-05-27 10:04:00+05:30,4296.8,4308.9,4295.9,4299.85,8171,
2024-05-27 10:05:00+05:30,4297.25,4299.95,4293.45,4294.2,8941,
2024-05-27 10:06:00+05:30,4294.2,4300,4293,4297.05,5099,
2024-05-27 10:07:00+05:30,4295.85,4305,4293,4305,6622,
2024-05-27 10:08:00+05:30,4305,4311.95,4302.75,4308.65,6592,
2024-05-27 10:09:00+05:30,4308.65,4315,4296.5,4300.15,8805,
2024-05-27 10:10:00+05:30,4299.7,4301,4290.4,4293,15828,
2024-05-27 10:11:00+05:30,4293.3,4300,4290.75,4296.15,4557,
2024-05-27 10:12:00+05:30,4296.15,4300,4293.65,4297.95,3984,
2024-05-27 10:13:00+05:30,4297.95,4299,4291,4292.3,4287,
2024-05-27 10:14:00+05:30,4291,4296,4291,4291.4,3904,
2024-05-27 10:15:00+05:30,4293.35,4299,4291.1,4298.45,2618,
2024-05-27 10:16:00+05:30,4298.45,4299.05,4291.5,4291.5,5570,
2024-05-27 10:17:00+05:30,4292.9,4292.9,4281.6,4282.9,16107,
2024-05-27 10:18:00+05:30,4281.55,4281.55,4265.05,4268.35,31182,
2024-05-27 10:19:00+05:30,4271.85,4271.85,4265,4267.5,14424,
2024-05-27 10:20:00+05:30,4267.5,4275,4267,4271.65,6692,
2024-05-27 10:21:00+05:30,4271.55,4274.25,4265.65,4268.05,6893,
2024-05-27 10:22:00+05:30,4268.05,4269,4265,4266,5341,
2024-05-27 10:23:00+05:30,4267.15,4270,4265,4266,6120,
2024-05-27 10:24:00+05:30,4266,4269.8,4265,4269.8,14808,
2024-05-27 10:25:00+05:30,4269.8,4275,4267,4270,6053,
2024-05-27 10:26:00+05:30,4270.05,4270.1,4258.35,4258.4,14164,
2024-05-27 10:27:00+05:30,4257.8,4260.6,4245.15,4254,26637,
2024-05-27 10:28:00+05:30,4254,4255,4248.1,4253,8754,
2024-05-27 10:29:00+05:30,4254.75,4255,4250.05,4254.3,4844,
2024-05-27 10:30:00+05:30,4254.3,4255,4242.25,4242.25,8781,
2024-05-27 10:31:00+05:30,4244,4250,4240.85,4248.75,7792,
2024-05-27 10:32:00+05:30,4248.75,4249.7,4245,4247.85,4431,
2024-05-27 10:33:00+05:30,4248,4250,4245,4249.2,6096,
2024-05-27 10:34:00+05:30,4244.4,4247.95,4235.5,4245,12132,
2024-05-27 10:35:00+05:30,4244.7,4244.7,4238.6,4240.7,4066,
2024-05-27 10:36:00+05:30,4242.1,4245,4240.45,4243.55,5626,
2024-05-27 10:37:00+05:30,4244,4244,4234.25,4235.9,6278,
2024-05-27 10:38:00+05:30,4235.65,4243,4234.3,4241.2,4539,
2024-05-27 10:39:00+05:30,4243.8,4257.85,4241.35,4255.1,15131,
2024-05-27 10:40:00+05:30,4255.6,4261.15,4255,4255,9903,
2024-05-27 10:41:00+05:30,4255,4256.4,4243,4246.85,4218,
2024-05-27 10:42:00+05:30,4246.85,4250.65,4240.8,4250.65,7323,
2024-05-27 10:43:00+05:30,4250.65,4257,4250.25,4257,2624,
2024-05-27 10:44:00+05:30,4257,4261.4,4257,4259,4335,
2024-05-27 10:45:00+05:30,4258.2,4285,4258.2,4279.85,18558,
2024-05-27 10:46:00+05:30,4279.85,4283.85,4275,4275.05,8526,
2024-05-27 10:47:00+05:30,4277.15,4288,4275.45,4286.9,11789,
2024-05-27 10:48:00+05:30,4286.95,4293.25,4285,4287.2,8814,
2024-05-27 10:49:00+05:30,4287.2,4289.1,4285,4288.8,5418,
2024-05-27 10:50:00+05:30,4288.8,4288.9,4278.3,4285.95,7050,
2024-05-27 10:51:00+05:30,4285.95,4290,4283,4285.45,4255,
2024-05-27 10:52:00+05:30,4285.45,4286,4275,4276.65,6478,
2024-05-27 10:53:00+05:30,4276.5,4279.85,4273.2,4279.85,4404,
2024-05-27 10:54:00+05:30,4278.45,4283.4,4277.35,4279.7,5165,
2024-05-27 10:55:00+05:30,4279.7,4282.9,4276,4280.5,2406,
2024-05-27 10:56:00+05:30,4280.55,4280.75,4277.75,4279.75,829,
2024-05-27 10:57:00+05:30,4279.75,4280,4270.55,4277.2,4099,
2024-05-27 10:58:00+05:30,4278,4285,4275.5,4284.95,3065,
2024-05-27 10:59:00+05:30,4285,4285,4281.75,4285,4063,
2024-05-27 11:00:00+05:30,4284.95,4292.2,4284.95,4292.2,6019,
2024-05-27 11:01:00+05:30,4292.2,4302,4292.2,4301.95,15457,
2024-05-27 11:02:00+05:30,4301.25,4304.95,4297.55,4300,11125,
2024-05-27 11:03:00+05:30,4300,4303,4293.3,4293.3,4275,
2024-05-27 11:04:00+05:30,4293.3,4297.85,4290.7,4293.85,5891,
2024-05-27 11:05:00+05:30,4293.85,4300,4292.5,4298.3,5190,
2024-05-27 11:06:00+05:30,4298.3,4300,4295,4300,6033,
2024-05-27 11:07:00+05:30,4300,4301.95,4294.55,4294.55,5597,
2024-05-27 11:08:00+05:30,4293.6,4295.75,4286.6,4290,8918,
2024-05-27 11:09:00+05:30,4290,4295,4288.8,4294.95,1836,
2024-05-27 11:10:00+05:30,4294.95,4297.75,4290.65,4290.95,2398,
2024-05-27 11:11:00+05:30,4290.95,4293.6,4287.2,4293.35,3333,
2024-05-27 11:12:00+05:30,4293.35,4300,4293.35,4299,2578,
2024-05-27 11:13:00+05:30,4297,4299.05,4295.15,4298,2015,
2024-05-27 11:14:00+05:30,4298,4300,4296,4298,3249,
2024-05-27 11:15:00+05:30,4298,4299.05,4296,4298.4,2689,
2024-05-27 11:16:00+05:30,4298.6,4300,4296.15,4298.75,3199,
2024-05-27 11:17:00+05:30,4298.75,4301,4297.55,4300,3348,
2024-05-27 11:18:00+05:30,4300,4303.65,4299.1,4300,4560,
2024-05-27 11:19:00+05:30,4300,4300,4299.1,4299.85,1422,
2024-05-27 11:20:00+05:30,4299.85,4299.95,4293.8,4293.8,1705,
2024-05-27 11:21:00+05:30,4295.1,4300,4295,4298.95,3733,
2024-05-27 11:22:00+05:30,4298.95,4298.95,4295.2,4297.7,827,
2024-05-27 11:23:00+05:30,4297.7,4299.95,4295.55,4299.95,892,
2024-05-27 11:24:00+05:30,4299.95,4304.25,4296.35,4298,5159,
2024-05-27 11:25:00+05:30,4298,4301.8,4297.25,4300.35,1710,
2024-05-27 11:26:00+05:30,4302,4302.35,4297.35,4299.25,1006,
2024-05-27 11:27:00+05:30,4300,4300,4298,4298.65,1587,
2024-05-27 11:28:00+05:30,4298.5,4300,4296.65,4298.55,928,
2024-05-27 11:29:00+05:30,4298.6,4298.75,4296.05,4296.3,2165,
2024-05-27 11:30:00+05:30,4298,4300.1,4296.35,4300,2977,
2024-05-27 11:31:00+05:30,4299.2,4301.95,4297.5,4298.4,2059,
2024-05-27 11:32:00+05:30,4299.65,4301,4297,4297.05,3633,
2024-05-27 11:33:00+05:30,4298.5,4299.6,4284.05,4286.25,5839,
2024-05-27 11:34:00+05:30,4286.45,4293.5,4284.6,4289.75,3537,
2024-05-27 11:35:00+05:30,4290.35,4293.65,4290,4292,1407,
2024-05-27 11:36:00+05:30,4292,4298.85,4291.95,4296,3364,
2024-05-27 11:37:00+05:30,4296,4297.55,4291,4296.95,2122,
2024-05-27 11:38:00+05:30,4296.95,4299.85,4294.85,4294.85,1944,
2024-05-27 11:39:00+05:30,4297.65,4297.8,4292.55,4295.25,897,
2024-05-27 11:40:00+05:30,4297,4298.9,4295.1,4297.35,795,
2024-05-27 11:41:00+05:30,4297.4,4297.4,4294,4295.5,805,
2024-05-27 11:42:00+05:30,4295.5,4297.2,4290,4290.1,2323,
2024-05-27 11:43:00+05:30,4290,4292.95,4289.1,4290.05,1634,
2024-05-27 11:44:00+05:30,4290.65,4290.65,4280,4287.9,5484,
2024-05-27 11:45:00+05:30,4287.9,4287.9,4276,4278.05,4964,
2024-05-27 11:46:00+05:30,4280.4,4281.6,4272.75,4273.05,6162,
2024-05-27 11:47:00+05:30,4273.05,4277,4270,4277,3970,
2024-05-27 11:48:00+05:30,4277,4277,4271.6,4274,2255,
2024-05-27 11:49:00+05:30,4272.95,4276.65,4272.65,4276.65,1445,
2024-05-27 11:50:00+05:30,4276.65,4277,4274,4275,1539,
2024-05-27 11:51:00+05:30,4275,4277,4274.4,4276,935,
2024-05-27 11:52:00+05:30,4276,4277,4274.5,4277,941,
2024-05-27 11:53:00+05:30,4277,4285.95,4276.3,4284.95,2120,
2024-05-27 11:54:00+05:30,4285.35,4288.95,4281.3,4282.9,3604,
2024-05-27 11:55:00+05:30,4282.9,4289.65,4282.9,4289.65,1039,
2024-05-27 11:56:00+05:30,4288.1,4298.5,4288,4298.5,4627,
2024-05-27 11:57:00+05:30,4298.5,4299,4291.1,4294.55,3003,
2024-05-27 11:58:00+05:30,4294.55,4294.55,4287.75,4288.85,1798,
2024-05-27 11:59:00+05:30,4288.85,4292,4288,4290.8,1609,
2024-05-27 12:00:00+05:30,4290.8,4294.5,4290.5,4290.9,2194,
2024-05-27 12:01:00+05:30,4290.9,4290.9,4286.05,4290,1432,
2024-05-27 12:02:00+05:30,4288.15,4290.9,4287.8,4290.15,694,
2024-05-27 12:03:00+05:30,4290.15,4290.15,4280.6,4281.35,2208,
2024-05-27 12:04:00+05:30,4281.35,4282.95,4279.1,4281,2194,
2024-05-27 12:05:00+05:30,4279.65,4281,4278.1,4281,987,
2024-05-27 12:06:00+05:30,4281,4282,4276.4,4277.95,1969,
2024-05-27 12:07:00+05:30,4277.95,4278,4272,4273.85,3019,
2024-05-27 12:08:00+05:30,4272.55,4280,4272,4277.8,3252,
2024-05-27 12:09:00+05:30,4278.8,4280.95,4275.55,4280.95,565,
2024-05-27 12:10:00+05:30,4280.95,4285.25,4280,4285.25,3083,
2024-05-27 12:11:00+05:30,4285.25,4289.95,4285.25,4289,1254,
2024-05-27 12:12:00+05:30,4287.65,4289.2,4285.2,4289.2,2191,
2024-05-27 12:13:00+05:30,4289.2,4289.2,4284.8,4285.4,1542,
2024-05-27 12:14:00+05:30,4285.4,4288.05,4285.4,4287.5,748,
2024-05-27 12:15:00+05:30,4287.5,4293.55,4287,4289.85,5042,
2024-05-27 12:16:00+05:30,4289.85,4294,4288.15,4293.35,888,
2024-05-27 12:17:00+05:30,4291.25,4300,4291.25,4298.75,6748,
2024-05-27 12:18:00+05:30,4298.7,4298.7,4293.5,4296.05,1513,
2024-05-27 12:19:00+05:30,4296.05,4297,4294.75,4297,3198,
2024-05-27 12:20:00+05:30,4297,4297,4293.2,4294.9,968,
2024-05-27 12:21:00+05:30,4295,4296.75,4292.05,4294.4,1049,
2024-05-27 12:22:00+05:30,4294.35,4297,4292.65,4297,1397,
2024-05-27 12:23:00+05:30,4297,4297.4,4294.9,4297,940,
2024-05-27 12:24:00+05:30,4297,4297,4294.45,4296.1,902,
2024-05-27 12:25:00+05:30,4296.1,4297,4293.15,4295,1375,
2024-05-27 12:26:00+05:30,4295,4297,4293.4,4296.15,1106,
2024-05-27 12:27:00+05:30,4296.15,4296.2,4292.25,4295.95,2341,
2024-05-27 12:28:00+05:30,4295.95,4297,4294,4296.9,2890,
2024-05-27 12:29:00+05:30,4296.9,4297,4296.25,4297,808,
2024-05-27 12:30:00+05:30,4297,4299,4296.1,4298,3229,
2024-05-27 12:31:00+05:30,4298,4300,4297.9,4299,1931,
2024-05-27 12:32:00+05:30,4299,4299.8,4296.05,4298.9,2671,
2024-05-27 12:33:00+05:30,4298.9,4299.9,4297,4299,821,
2024-05-27 12:34:00+05:30,4299,4299.5,4296.8,4298,3417,
2024-05-27 12:35:00+05:30,4298,4300,4298,4300,2610,
2024-05-27 12:36:00+05:30,4300,4300,4298.1,4299.9,2292,
2024-05-27 12:37:00+05:30,4299.9,4299.9,4298.55,4299.6,1446,
2024-05-27 12:38:00+05:30,4299.6,4300,4298.05,4300,2571,
2024-05-27 12:39:00+05:30,4300,4300,4294.9,4297,2142,
2024-05-27 12:40:00+05:30,4297,4297.75,4293.15,4295.55,1944,
2024-05-27 12:41:00+05:30,4295.55,4295.55,4287.15,4288.2,4705,
2024-05-27 12:42:00+05:30,4288.2,4292.55,4282.5,4291.25,2879,
2024-05-27 12:43:00+05:30,4291.3,4292.55,4288,4290.45,2254,
2024-05-27 12:44:00+05:30,4290.45,4291.7,4287.45,4289.6,2751,
2024-05-27 12:45:00+05:30,4290,4291,4286.5,4291,1268,
2024-05-27 12:46:00+05:30,4291,4291,4287.9,4289.75,1212,
2024-05-27 12:47:00+05:30,4289.8,4290,4288.05,4290,836,
2024-05-27 12:48:00+05:30,4289.1,4290.5,4285.2,4287,1465,
2024-05-27 12:49:00+05:30,4287,4287,4285.3,4286.9,2056,
2024-05-27 12:50:00+05:30,4287,4289,4286.9,4289,1287,
2024-05-27 12:51:00+05:30,4288.75,4289,4286.35,4289,844,
2024-05-27 12:52:00+05:30,4289,4290,4288.35,4290,3527,
2024-05-27 12:53:00+05:30,4289.95,4290,4287,4287.2,1736,
2024-05-27 12:54:00+05:30,4287.2,4289.9,4287,4289.9,931,
2024-05-27 12:55:00+05:30,4289.9,4289.9,4281.1,4284.3,3231,
2024-05-27 12:56:00+05:30,4284.3,4286.9,4281.05,4286.9,3609,
2024-05-27 12:57:00+05:30,4286.95,4291,4286.95,4290,2125,
2024-05-27 12:58:00+05:30,4290,4293,4289.95,4292.9,1410,
2024-05-27 12:59:00+05:30,4292.45,4298.9,4292.45,4296,2992,
2024-05-27 13:00:00+05:30,4296.05,4298,4294.65,4298,2478,
2024-05-27 13:01:00+05:30,4298,4299,4293.95,4294.75,1389,
2024-05-27 13:02:00+05:30,4294.75,4294.75,4291.25,4294.55,1442,
2024-05-27 13:03:00+05:30,4294.55,4294.55,4291,4293.8,907,
2024-05-27 13:04:00+05:30,4293.8,4295.1,4291.8,4293.75,1095,
2024-05-27 13:05:00+05:30,4293.75,4293.75,4285.65,4289,4658,
2024-05-27 13:06:00+05:30,4289,4292.5,4287.05,4287.95,2261,
2024-05-27 13:07:00+05:30,4287.95,4289.25,4287.2,4289.15,1002,
2024-05-27 13:08:00+05:30,4289.15,4289.15,4280.1,4286.1,3029,
2024-05-27 13:09:00+05:30,4286.1,4287,4284.6,4286,553,
2024-05-27 13:10:00+05:30,4286,4287,4283.3,4283.3,983,
2024-05-27 13:11:00+05:30,4283.3,4283.4,4281.25,4282.55,1387,
2024-05-27 13:12:00+05:30,4282.55,4283.35,4280,4283.35,1635,
2024-05-27 13:13:00+05:30,4282,4282.55,4281,4281.85,1050,
2024-05-27 13:14:00+05:30,4281.85,4281.95,4281,4281.95,879,
2024-05-27 13:15:00+05:30,4281,4285.15,4280.15,4282.3,2324,
2024-05-27 13:16:00+05:30,4282.3,4282.9,4281.55,4281.8,855,
2024-05-27 13:17:00+05:30,4282,4283.75,4281,4283.1,1440,
2024-05-27 13:18:00+05:30,4281.1,4287.85,4281,4287.5,772,
2024-05-27 13:19:00+05:30,4287.5,4287.8,4285,4287.5,523,
2024-05-27 13:20:00+05:30,4287.5,4288.1,4285.2,4286.9,1296,
2024-05-27 13:21:00+05:30,4286.9,4286.95,4285.65,4286.95,359,
2024-05-27 13:22:00+05:30,4286.95,4287.9,4285.4,4287.8,892,
2024-05-27 13:23:00+05:30,4287.8,4289.95,4286.1,4289.9,1513,
2024-05-27 13:24:00+05:30,4289.9,4294,4288.25,4291.55,2762,
2024-05-27 13:25:00+05:30,4291.15,4293.25,4291.15,4292,962,
2024-05-27 13:26:00+05:30,4292,4294.95,4292,4292.75,1156,
2024-05-27 13:27:00+05:30,4292.75,4293.5,4290.1,4292.95,1064,
2024-05-27 13:28:00+05:30,4293,4293,4291.6,4292.7,595,
2024-05-27 13:29:00+05:30,4292.65,4292.95,4289.15,4291,1286,
2024-05-27 13:30:00+05:30,4291.4,4291.9,4288.3,4289.4,659,
2024-05-27 13:31:00+05:30,4289.7,4291.2,4287.45,4291.2,1664,
2024-05-27 13:32:00+05:30,4291.2,4292.95,4290.5,4292.45,595,
2024-05-27 13:33:00+05:30,4291.9,4294,4290.8,4294,2590,
2024-05-27 13:34:00+05:30,4294,4295,4291.35,4295,1296,
2024-05-27 13:35:00+05:30,4295,4295,4292,4293.15,1020,
2024-05-27 13:36:00+05:30,4293.15,4294,4291.25,4293,642,
2024-05-27 13:37:00+05:30,4293,4293.6,4292.6,4293,688,
2024-05-27 13:38:00+05:30,4293,4293,4291.05,4293,700,
2024-05-27 13:39:00+05:30,4293,4293,4291.1,4292.4,623,
2024-05-27 13:40:00+05:30,4292.4,4292.4,4287.35,4288.95,1252,
2024-05-27 13:41:00+05:30,4289,4289.95,4287.45,4289.5,617,
2024-05-27 13:42:00+05:30,4287.8,4289.5,4287.2,4288.7,805,
2024-05-27 13:43:00+05:30,4288.7,4289.25,4286.05,4287.05,1267,
2024-05-27 13:44:00+05:30,4288.75,4291,4287.3,4288,2003,
2024-05-27 13:45:00+05:30,4288,4289.45,4283.5,4286.7,2505,
2024-05-27 13:46:00+05:30,4286.7,4289.2,4285,4285.25,1434,
2024-05-27 13:47:00+05:30,4286.25,4287.4,4282.45,4284.05,1054,
2024-05-27 13:48:00+05:30,4284.05,4285,4284.05,4285,382,
2024-05-27 13:49:00+05:30,4285,4285.05,4283.85,4284,1005,
2024-05-27 13:50:00+05:30,4284.5,4285,4283,4285,1066,
2024-05-27 13:51:00+05:30,4285,4285,4283,4284.95,1023,
2024-05-27 13:52:00+05:30,4283.25,4285.15,4283.25,4285,1247,
2024-05-27 13:53:00+05:30,4285,4286.55,4283.85,4285,1284,
2024-05-27 13:54:00+05:30,4284.9,4286.1,4284,4284.55,1213,
2024-05-27 13:55:00+05:30,4284.55,4284.55,4280.1,4282,3359,
2024-05-27 13:56:00+05:30,4281.9,4284.75,4281.05,4283.9,2977,
2024-05-27 13:57:00+05:30,4283.9,4285,4282.75,4285,623,
2024-05-27 13:58:00+05:30,4285,4286,4284.3,4284.9,962,
2024-05-27 13:59:00+05:30,4284.7,4289.8,4284.4,4287.95,3342,
2024-05-27 14:00:00+05:30,4286.7,4290,4285.75,4287.7,1696,
2024-05-27 14:01:00+05:30,4287.7,4288.5,4286.15,4288.5,939,
2024-05-27 14:02:00+05:30,4287.55,4289.65,4285.9,4288.6,989,
2024-05-27 14:03:00+05:30,4288.6,4289.55,4286.45,4288.7,1052,
2024-05-27 14:04:00+05:30,4286.95,4288.9,4285,4285.2,1774,
2024-05-27 14:05:00+05:30,4285.2,4285.2,4283.5,4284.45,1370,
2024-05-27 14:06:00+05:30,4284.5,4284.95,4280,4284.1,3965,
2024-05-27 14:07:00+05:30,4284.15,4285,4282.4,4284.5,1228,
2024-05-27 14:08:00+05:30,4284.5,4284.95,4282.7,4284.75,824,
2024-05-27 14:09:00+05:30,4284.75,4286.55,4283.2,4285,3705,
2024-05-27 14:10:00+05:30,4285,4285.1,4284.3,4284.85,1133,
2024-05-27 14:11:00+05:30,4285,4287.25,4283.2,4285.2,2107,
2024-05-27 14:12:00+05:30,4285,4285,4283,4284,1033,
2024-05-27 14:13:00+05:30,4284,4287,4283.6,4285.85,881,
2024-05-27 14:14:00+05:30,4285.85,4286.75,4283.05,4284.95,1252,
2024-05-27 14:15:00+05:30,4284.95,4286.25,4284.6,4286.25,636,
2024-05-27 14:16:00+05:30,4285,4287,4284.9,4285.05,1199,
2024-05-27 14:17:00+05:30,4285,4286.35,4284.1,4284.95,795,
2024-05-27 14:18:00+05:30,4284.95,4286.35,4284.5,4285,2184,
2024-05-27 14:19:00+05:30,4285,4286.25,4283.75,4284.95,806,
2024-05-27 14:20:00+05:30,4284.95,4286.35,4284.05,4285.15,823,
2024-05-27 14:21:00+05:30,4285.1,4290.2,4285,4290.2,2954,
2024-05-27 14:22:00+05:30,4289.95,4290.7,4289.95,4290.65,2210,
2024-05-27 14:23:00+05:30,4290.65,4290.65,4288.1,4289.95,1176,
2024-05-27 14:24:00+05:30,4290,4292.8,4289.95,4292.25,1518,
2024-05-27 14:25:00+05:30,4292.25,4293,4290.25,4292.65,1263,
2024-05-27 14:26:00+05:30,4292.65,4293,4285.1,4287.3,2240,
2024-05-27 14:27:00+05:30,4287.3,4289.35,4285.05,4287.95,1378,
2024-05-27 14:28:00+05:30,4287.95,4287.95,4284.55,4287.85,1161,
2024-05-27 14:29:00+05:30,4287.85,4289.5,4286,4287.9,2008,
2024-05-27 14:30:00+05:30,4287.9,4290.05,4286.6,4289.6,1317,
2024-05-27 14:31:00+05:30,4289.75,4292,4288,4291,1197,
2024-05-27 14:32:00+05:30,4291,4291,4288,4288.6,1367,
2024-05-27 14:33:00+05:30,4288.8,4289.8,4288,4289.2,1299,
2024-05-27 14:34:00+05:30,4289.2,4289.95,4288,4289.75,1191,
2024-05-27 14:35:00+05:30,4289.8,4290,4288,4289.85,1243,
2024-05-27 14:36:00+05:30,4288.6,4290,4288,4289.95,1586,
2024-05-27 14:37:00+05:30,4289.95,4289.95,4289,4289.15,697,
2024-05-27 14:38:00+05:30,4289.15,4290,4288.65,4289.95,1202,
2024-05-27 14:39:00+05:30,4290,4290.5,4288,4289.75,4712,
2024-05-27 14:40:00+05:30,4289.6,4289.95,4288.3,4289.85,710,
2024-05-27 14:41:00+05:30,4289.85,4290.5,4288.45,4289.9,1444,
2024-05-27 14:42:00+05:30,4289.2,4290,4288.15,4289.85,2190,
2024-05-27 14:43:00+05:30,4289.85,4290,4288,4289.55,566,
2024-05-27 14:44:00+05:30,4289.55,4289.8,4288,4289.3,1902,
2024-05-27 14:45:00+05:30,4288.3,4290,4288,4290,2616,
2024-05-27 14:46:00+05:30,4290,4290,4289.9,4289.95,2093,
2024-05-27 14:47:00+05:30,4289.95,4290,4282.6,4284.05,3786,
2024-05-27 14:48:00+05:30,4282.65,4286.9,4282.3,4286.9,2347,
2024-05-27 14:49:00+05:30,4286.9,4287,4284.25,4284.45,2492,
2024-05-27 14:50:00+05:30,4284.45,4284.45,4275.05,4275.05,7749,
2024-05-27 14:51:00+05:30,4275.05,4277.3,4271,4272.8,6103,
2024-05-27 14:52:00+05:30,4272.4,4274.85,4265,4265.15,8422,
2024-05-27 14:53:00+05:30,4265.15,4269.05,4265,4268.9,2377,
2024-05-27 14:54:00+05:30,4268.9,4271.9,4266.3,4270.9,3292,
2024-05-27 14:55:00+05:30,4271,4272,4268,4270,3384,
2024-05-27 14:56:00+05:30,4270.5,4270.5,4258,4262.25,7121,
2024-05-27 14:57:00+05:30,4262.2,4263.4,4259.9,4260.75,2647,
2024-05-27 14:58:00+05:30,4260.7,4261.25,4253.05,4253.45,4652,
2024-05-27 14:59:00+05:30,4255.2,4259.45,4253,4255,4479,
2024-05-27 15:00:00+05:30,4255,4257.45,4248.15,4250.65,8438,
2024-05-27 15:01:00+05:30,4252.9,4262.55,4250.6,4262.55,5240,
2024-05-27 15:02:00+05:30,4262.6,4263.65,4258.55,4263,6194,
2024-05-27 15:03:00+05:30,4263,4266.95,4260.2,4261,5677,
2024-05-27 15:04:00+05:30,4260.35,4264.95,4259,4261.4,3977,
2024-05-27 15:05:00+05:30,4259.9,4261.25,4252.45,4257.2,5031,
2024-05-27 15:06:00+05:30,4257.2,4260,4255.6,4256.95,3727,
2024-05-27 15:07:00+05:30,4257.15,4258.7,4256,4258.25,1762,
2024-05-27 15:08:00+05:30,4258.25,4259.5,4256.7,4258.2,1801,
2024-05-27 15:09:00+05:30,4259,4259.45,4257.05,4258.05,5461,
2024-05-27 15:10:00+05:30,4259,4261.9,4251.05,4256.05,7261,
2024-05-27 15:11:00+05:30,4255.3,4256,4251,4252.95,3319,
2024-05-27 15:12:00+05:30,4253.25,4253.25,4249.7,4250,6863,
2024-05-27 15:13:00+05:30,4250.7,4252,4248.5,4249,4902,
2024-05-27 15:14:00+05:30,4249.3,4253.95,4249.3,4252,4516,
2024-05-27 15:15:00+05:30,4251.7,4254.55,4248.25,4252.35,11313,
2024-05-27 15:16:00+05:30,4252.35,4253.95,4249,4253.95,5897,
2024-05-27 15:17:00+05:30,4253.95,4258.75,4252.05,4255.9,4048,
2024-05-27 15:18:00+05:30,4255.9,4260,4255.2,4260,7616,
2024-05-27 15:19:00+05:30,4260,4261,4256.8,4258,4547,
2024-05-27 15:20:00+05:30,4258,4261,4257.35,4257.35,9658,
2024-05-27 15:21:00+05:30,4260.05,4260.1,4255.45,4257.25,3254,
2024-05-27 15:22:00+05:30,4257.25,4257.25,4255.05,4255.05,3637,
2024-05-27 15:23:00+05:30,4255.2,4255.2,4255.05,4255.05,3269,
2024-05-27 15:24:00+05:30,4255.1,4258.15,4255.05,4258.1,6621,
2024-05-27 15:25:00+05:30,4258.1,4258.1,4255.05,4255.1,3498,
2024-05-27 15:26:00+05:30,4255.1,4256.4,4250,4250.05,4647,
2024-05-27 15:27:00+05:30,4250,4252.55,4250,4250,4054,
2024-05-27 15:28:00+05:30,4250,4255.1,4250,4253,2294,
2024-05-27 15:29:00+05:30,4253,4253,4244.4,4245.55,2238,
2024-05-28 09:15:00+05:30,4242.75,4257,4238.45,4250,5065,
2024-05-28 09:16:00+05:30,4247,4259,4247,4259,3150,
2024-05-28 09:17:00+05:30,4264.3,4265.95,4254,4264,8114,
2024-05-28 09:18:00+05:30,4268,4288.25,4265,4282.85,6160,
2024-05-28 09:19:00+05:30,4284.35,4284.35,4276.1,4276.1,6080,
2024-05-28 09:20:00+05:30,4279.5,4292,4279.5,4285.85,5016,
2024-05-28 09:21:00+05:30,4285.95,4310,4285.25,4306.4,16913,
2024-05-28 09:22:00+05:30,4309.1,4320.15,4295.45,4295.45,17473,
2024-05-28 09:23:00+05:30,4294.3,4309.85,4289.1,4309,11262,
2024-05-28 09:24:00+05:30,4309.85,4313,4298.6,4302.25,10774,
2024-05-28 09:25:00+05:30,4302.25,4302.25,4298.4,4301.1,5555,
2024-05-28 09:26:00+05:30,4301.1,4305,4298.6,4301,5360,
2024-05-28 09:27:00+05:30,4300.9,4305,4298.05,4305,7419,
2024-05-28 09:28:00+05:30,4305,4305,4297.55,4304.3,5062,
2024-05-28 09:29:00+05:30,4302.8,4318,4302.8,4316.9,16564,
2024-05-28 09:30:00+05:30,4317,4318,4308.1,4311.7,3291,
2024-05-28 09:31:00+05:30,4311.7,4318,4308.45,4315.85,3542,
2024-05-28 09:32:00+05:30,4315.6,4328.7,4315.6,4328,12662,
2024-05-28 09:33:00+05:30,4328,4328.9,4318.45,4322.9,9756,
2024-05-28 09:34:00+05:30,4322.9,4325,4315,4319.85,10751,
2024-05-28 09:35:00+05:30,4319.95,4320.25,4300,4302,19735,
2024-05-28 09:36:00+05:30,4300,4315.9,4297.25,4314.9,7509,
2024-05-28 09:37:00+05:30,4314.9,4314.9,4306,4310,2984,
2024-05-28 09:38:00+05:30,4311.5,4325,4310.05,4324.75,11507,
2024-05-28 09:39:00+05:30,4324,4324,4310.5,4314,3634,
2024-05-28 09:40:00+05:30,4314,4318,4308.05,4317.45,7597,
2024-05-28 09:41:00+05:30,4317.45,4317.45,4312.9,4314.95,2809,
2024-05-28 09:42:00+05:30,4314.95,4315,4304.4,4311.1,3397,
2024-05-28 09:43:00+05:30,4311.2,4327.75,4308.35,4326.9,16307,
2024-05-28 09:44:00+05:30,4325.8,4350,4325.8,4348.8,55880,
2024-05-28 09:45:00+05:30,4350,4358,4346.8,4356,45667,
2024-05-28 09:46:00+05:30,4355.05,4359,4348.8,4359,19922,
2024-05-28 09:47:00+05:30,4358.2,4368,4357,4362.9,26630,
2024-05-28 09:48:00+05:30,4362.9,4374.55,4362.9,4373,22667,
2024-05-28 09:49:00+05:30,4373,4378,4362,4375.35,31492,
2024-05-28 09:50:00+05:30,4375.35,4376.5,4366.55,4368.95,20884,
2024-05-28 09:51:00+05:30,4369.15,4372,4363.05,4371,16044,
2024-05-28 09:52:00+05:30,4371,4372,4370,4371,8274,
2024-05-28 09:53:00+05:30,4371,4383.45,4370.95,4375,29597,
2024-05-28 09:54:00+05:30,4375,4377,4371,4376.4,9996,
2024-05-28 09:55:00+05:30,4374.9,4377.8,4374.9,4375.95,6980,
2024-05-28 09:56:00+05:30,4375,4377,4371.8,4374,10090,
2024-05-28 09:57:00+05:30,4372,4374,4370,4371.55,9288,
2024-05-28 09:58:00+05:30,4371.55,4372,4360.65,4361.5,21300,
2024-05-28 09:59:00+05:30,4354.85,4360,4350.95,4358.35,16781,
2024-05-28 10:00:00+05:30,4359,4365,4358.4,4363,7712,
2024-05-28 10:01:00+05:30,4364,4378.7,4358,4378.6,9486,
2024-05-28 10:02:00+05:30,4377.8,4379.9,4374.95,4377,10786,
2024-05-28 10:03:00+05:30,4377,4379.9,4376,4376.55,7271,
2024-05-28 10:04:00+05:30,4376.55,4379.05,4372.45,4376.95,6279,
2024-05-28 10:05:00+05:30,4375.3,4377,4362.85,4367.3,8350,
2024-05-28 10:06:00+05:30,4366.1,4377.45,4366.1,4375,5393,
2024-05-28 10:07:00+05:30,4374,4377.65,4372.1,4373.6,5529,
2024-05-28 10:08:00+05:30,4373.6,4377.2,4371.55,4375.05,5310,
2024-05-28 10:09:00+05:30,4375.05,4377.2,4367.1,4370.95,5379,
2024-05-28 10:10:00+05:30,4370.35,4377,4365,4376,6208,
2024-05-28 10:11:00+05:30,4377.45,4377.7,4370,4373.15,4470,
2024-05-28 10:12:00+05:30,4373.15,4375.1,4366,4373,5205,
2024-05-28 10:13:00+05:30,4372.8,4378.5,4372.8,4376.7,6763,
2024-05-28 10:14:00+05:30,4376.7,4386.5,4372.5,4385.85,19672,
2024-05-28 10:15:00+05:30,4385.2,4385.85,4376.2,4384.3,13646,
2024-05-28 10:16:00+05:30,4384.4,4385,4379.95,4382.55,5047,
2024-05-28 10:17:00+05:30,4382.55,4385,4370,4380,14661,
2024-05-28 10:18:00+05:30,4380,4382.85,4378.05,4380.6,3911,
2024-05-28 10:19:00+05:30,4380.6,4381,4374,4380,4423,
2024-05-28 10:20:00+05:30,4379.85,4379.9,4372,4372,3701,
2024-05-28 10:21:00+05:30,4373.8,4379.9,4372.75,4374.15,2146,
2024-05-28 10:22:00+05:30,4374.15,4376.2,4367,4369,7631,
2024-05-28 10:23:00+05:30,4369,4375,4369,4373.85,2917,
2024-05-28 10:24:00+05:30,4373.95,4375,4370.35,4374.25,2042,
2024-05-28 10:25:00+05:30,4372.05,4374,4368.55,4373,4034,
2024-05-28 10:26:00+05:30,4373,4373.5,4369,4372.7,2494,
2024-05-28 10:27:00+05:30,4372.75,4374.8,4368.05,4368.05,3635,
2024-05-28 10:28:00+05:30,4368.05,4369,4360,4360.15,10318,
2024-05-28 10:29:00+05:30,4362.8,4366,4360.15,4360.25,6690,
2024-05-28 10:30:00+05:30,4361,4370,4360,4368.85,4416,
2024-05-28 10:31:00+05:30,4368.85,4370,4364.8,4367,4487,
2024-05-28 10:32:00+05:30,4367,4368.9,4365,4367.15,3184,
2024-05-28 10:33:00+05:30,4369,4370,4367.15,4369.85,1147,
2024-05-28 10:34:00+05:30,4368.45,4370,4365,4365.6,1652,
2024-05-28 10:35:00+05:30,4365.15,4365.15,4360.05,4364,3210,
2024-05-28 10:36:00+05:30,4364,4365,4362,4365,1582,
2024-05-28 10:37:00+05:30,4365,4369.4,4363.4,4367.85,3444,
2024-05-28 10:38:00+05:30,4367.85,4369.5,4365.65,4369.45,1194,
2024-05-28 10:39:00+05:30,4369.45,4370.75,4367,4369.6,2458,
2024-05-28 10:40:00+05:30,4369.6,4370,4367.6,4370,1743,
2024-05-28 10:41:00+05:30,4370,4375,4369.05,4374,3996,
2024-05-28 10:42:00+05:30,4374,4380,4374,4377.65,8497,
2024-05-28 10:43:00+05:30,4379.85,4380,4373.7,4378,3868,
2024-05-28 10:44:00+05:30,4378,4378,4374,4377,3540,
2024-05-28 10:45:00+05:30,4376.65,4380,4374.1,4379,3333,
2024-05-28 10:46:00+05:30,4378.1,4379.95,4375.6,4377,2571,
2024-05-28 10:47:00+05:30,4377,4377,4371.3,4371.3,23890,
2024-05-28 10:48:00+05:30,4370.3,4373,4358.6,4372.15,9694,
2024-05-28 10:49:00+05:30,4372.15,4376.9,4370.7,4374.05,4310,
2024-05-28 10:50:00+05:30,4375,4378.7,4374.25,4377.7,3098,
2024-05-28 10:51:00+05:30,4377.7,4377.7,4370,4375,2153,
2024-05-28 10:52:00+05:30,4374.95,4376,4372.9,4375,999,
2024-05-28 10:53:00+05:30,4375,4375.5,4373,4373,1627,
2024-05-28 10:54:00+05:30,4373,4374.8,4370.85,4370.85,1911,
2024-05-28 10:55:00+05:30,4370.85,4374.65,4369,4370.7,1795,
2024-05-28 10:56:00+05:30,4373.65,4376,4372.35,4374.9,1216,
2024-05-28 10:57:00+05:30,4374.9,4374.95,4372.05,4373.9,914,
2024-05-28 10:58:00+05:30,4373.9,4375,4371.95,4373.65,3268,
2024-05-28 10:59:00+05:30,4373.65,4373.7,4365.85,4371,2619,
2024-05-28 11:00:00+05:30,4371.9,4373,4370,4372.9,1385,
2024-05-28 11:01:00+05:30,4371.15,4375,4371.15,4372.95,2789,
2024-05-28 11:02:00+05:30,4372.95,4377,4371.25,4376.25,2098,
2024-05-28 11:03:00+05:30,4376.95,4376.95,4373.6,4375.9,1575,
2024-05-28 11:04:00+05:30,4375.9,4378,4374.2,4376.2,1924,
2024-05-28 11:05:00+05:30,4378,4380,4376.05,4378.4,3406,
2024-05-28 11:06:00+05:30,4378.4,4378.7,4372.95,4373,1775,
2024-05-28 11:07:00+05:30,4373,4376.2,4372.05,4375,1412,
2024-05-28 11:08:00+05:30,4375,4376.1,4373,4374,1335,
2024-05-28 11:09:00+05:30,4373.9,4375.3,4372,4372,1001,
2024-05-28 11:10:00+05:30,4372,4374.85,4371.85,4372.3,1596,
2024-05-28 11:11:00+05:30,4372.3,4374,4366.6,4371.75,3332,
2024-05-28 11:12:00+05:30,4373.35,4375,4372.05,4375,1196,
2024-05-28 11:13:00+05:30,4375,4375,4372.8,4375,907,
2024-05-28 11:14:00+05:30,4374.95,4376,4373,4373.1,2179,
2024-05-28 11:15:00+05:30,4373,4375.3,4373,4375,1119,
2024-05-28 11:16:00+05:30,4375,4376.45,4373.55,4376.3,1060,
2024-05-28 11:17:00+05:30,4376.65,4377.2,4374.7,4376.55,1514,
2024-05-28 11:18:00+05:30,4377,4377,4373.6,4375.85,1470,
2024-05-28 11:19:00+05:30,4375.85,4377,4373.75,4376.7,1052,
2024-05-28 11:20:00+05:30,4376.6,4376.7,4374,4374,669,
2024-05-28 11:21:00+05:30,4375,4376.2,4373.05,4375.7,1317,
2024-05-28 11:22:00+05:30,4375.7,4375.7,4367.35,4369.65,3685,
2024-05-28 11:23:00+05:30,4369.65,4373.85,4367.05,4372.65,1595,
2024-05-28 11:24:00+05:30,4372.65,4375,4371.1,4374.6,1122,
2024-05-28 11:25:00+05:30,4374.8,4375.2,4372.1,4374.55,1386,
2024-05-28 11:26:00+05:30,4375.8,4375.8,4370.4,4370.65,1627,
2024-05-28 11:27:00+05:30,4373.35,4374,4370.4,4373.6,1181,
2024-05-28 11:28:00+05:30,4373.6,4374,4372.05,4374,1347,
2024-05-28 11:29:00+05:30,4373.95,4373.95,4371.1,4373.35,1692,
2024-05-28 11:30:00+05:30,4373.35,4373.9,4371.05,4372.95,830,
2024-05-28 11:31:00+05:30,4372.95,4373.9,4368.05,4368.55,3024,
2024-05-28 11:32:00+05:30,4368.55,4372.15,4368.1,4370.4,1093,
2024-05-28 11:33:00+05:30,4370.4,4371.65,4369,4371,855,
2024-05-28 11:34:00+05:30,4371,4371.9,4369,4370.55,2745,
2024-05-28 11:35:00+05:30,4368.5,4370,4361,4361.8,5528,
2024-05-28 11:36:00+05:30,4361,4366.3,4361,4362,4615,
2024-05-28 11:37:00+05:30,4362,4362,4355,4356.35,13066,
2024-05-28 11:38:00+05:30,4356.4,4356.4,4350,4350.95,14480,
2024-05-28 11:39:00+05:30,4350,4351.75,4346,4347,9412,
2024-05-28 11:40:00+05:30,4347,4355.35,4347,4355,5871,
2024-05-28 11:41:00+05:30,4354.9,4361.65,4354.9,4357.5,6014,
2024-05-28 11:42:00+05:30,4357.5,4357.5,4350.45,4351.1,3277,
2024-05-28 11:43:00+05:30,4351.1,4356.7,4347.95,4355.55,3739,
2024-05-28 11:44:00+05:30,4355.55,4355.65,4350,4351.55,2317,
2024-05-28 11:45:00+05:30,4351.55,4355,4350,4354.95,1715,
2024-05-28 11:46:00+05:30,4353.3,4355.65,4352,4355.65,1490,
2024-05-28 11:47:00+05:30,4355.65,4355.9,4350,4353.55,2005,
2024-05-28 11:48:00+05:30,4353.5,4354.5,4351,4351,1304,
2024-05-28 11:49:00+05:30,4351,4356,4350.1,4351.95,2903,
2024-05-28 11:50:00+05:30,4351.75,4354.9,4351,4351.55,1920,
2024-05-28 11:51:00+05:30,4351.6,4353.55,4348,4350.45,4766,
2024-05-28 11:52:00+05:30,4350.45,4359,4350.25,4357.35,4315,
2024-05-28 11:53:00+05:30,4357.35,4358,4355.05,4358,1297,
2024-05-28 11:54:00+05:30,4358,4359.85,4356,4359.85,2472,
2024-05-28 11:55:00+05:30,4359.85,4365.35,4359.15,4364.25,4574,
2024-05-28 11:56:00+05:30,4364.25,4366,4363.05,4365.3,2528,
2024-05-28 11:57:00+05:30,4365.3,4365.3,4357.05,4357.05,1675,
2024-05-28 11:58:00+05:30,4357.05,4364.55,4353.2,4364.55,57827,
2024-05-28 11:59:00+05:30,4364.55,4364.55,4358.95,4359.4,1765,
2024-05-28 12:00:00+05:30,4360.65,4364.45,4360.65,4362,4170,
2024-05-28 12:01:00+05:30,4362,4364.25,4361.4,4364.05,1227,
2024-05-28 12:02:00+05:30,4364.05,4364.05,4358.3,4361,1014,
2024-05-28 12:03:00+05:30,4362,4363.65,4360.65,4363,604,
2024-05-28 12:04:00+05:30,4363,4364,4361,4361.9,879,
2024-05-28 12:05:00+05:30,4361.9,4364,4361,4363.35,722,
2024-05-28 12:06:00+05:30,4363.35,4363.35,4360,4362,882,
2024-05-28 12:07:00+05:30,4362,4364,4360.7,4363.05,1048,
2024-05-28 12:08:00+05:30,4363.05,4363.95,4361,4361.55,450,
2024-05-28 12:09:00+05:30,4361.55,4364,4361.55,4363.95,1541,
2024-05-28 12:10:00+05:30,4363.95,4365,4362.25,4363.5,1421,
2024-05-28 12:11:00+05:30,4363.5,4365,4361.2,4363,828,
2024-05-28 12:12:00+05:30,4363,4363,4360.55,4362,1096,
2024-05-28 12:13:00+05:30,4362,4362,4351,4358.05,4455,
2024-05-28 12:14:00+05:30,4358.05,4360,4354.6,4354.6,1115,
2024-05-28 12:15:00+05:30,4356.05,4357.95,4354.5,4356.8,2093,
2024-05-28 12:16:00+05:30,4356.8,4358.8,4354.6,4358,959,
2024-05-28 12:17:00+05:30,4358.8,4358.8,4356.35,4358.65,867,
2024-05-28 12:18:00+05:30,4358.7,4358.75,4356,4357.9,1168,
2024-05-28 12:19:00+05:30,4357.9,4357.9,4355.3,4357,1144,
2024-05-28 12:20:00+05:30,4355.45,4357.5,4345.45,4347.8,4239,
2024-05-28 12:21:00+05:30,4347.8,4347.8,4338,4345,9707,
2024-05-28 12:22:00+05:30,4344.9,4352.65,4343.25,4348,6911,
2024-05-28 12:23:00+05:30,4348,4352,4347.05,4350,900,
2024-05-28 12:24:00+05:30,4350,4353.4,4345.7,4352,17682,
2024-05-28 12:25:00+05:30,4351.65,4353.65,4346.95,4350.95,1120,
2024-05-28 12:26:00+05:30,4349.5,4352,4348.35,4352,641,
2024-05-28 12:27:00+05:30,4352,4352,4346.3,4348.85,2654,
2024-05-28 12:28:00+05:30,4348.7,4351,4346.15,4350,1853,
2024-05-28 12:29:00+05:30,4350,4350,4341,4346.4,4146,
2024-05-28 12:30:00+05:30,4346.1,4346.75,4342.6,4344.75,1167,
2024-05-28 12:31:00+05:30,4344.8,4346,4343,4344.9,1981,
2024-05-28 12:32:00+05:30,4344.9,4347,4343.5,4347,2069,
2024-05-28 12:33:00+05:30,4347.4,4350,4347,4350,1213,
2024-05-28 12:34:00+05:30,4350,4350,4344.95,4344.95,1780,
2024-05-28 12:35:00+05:30,4344.95,4348.65,4344.95,4346.1,1886,
2024-05-28 12:36:00+05:30,4346.1,4347.35,4336.05,4339.3,5945,
2024-05-28 12:37:00+05:30,4339.3,4345.65,4336,4342.7,17535,
2024-05-28 12:38:00+05:30,4342.7,4343.2,4337,4338.4,2651,
2024-05-28 12:39:00+05:30,4338.4,4342,4337,4342,3117,
2024-05-28 12:40:00+05:30,4342,4344.35,4338.75,4343.2,1705,
2024-05-28 12:41:00+05:30,4343.2,4347,4341.15,4346.15,3977,
2024-05-28 12:42:00+05:30,4346.2,4349,4344.45,4349,1962,
2024-05-28 12:43:00+05:30,4349,4354,4346,4348.25,4802,
2024-05-28 12:44:00+05:30,4348.25,4358.8,4346.15,4357.5,3580,
2024-05-28 12:45:00+05:30,4357.5,4358.25,4352.1,4355.3,3318,
2024-05-28 12:46:00+05:30,4355.35,4362.9,4355.3,4362.9,4582,
2024-05-28 12:47:00+05:30,4362.9,4365,4356.55,4356.55,4306,
2024-05-28 12:48:00+05:30,4358.95,4362,4358,4359,4539,
2024-05-28 12:49:00+05:30,4360.2,4365,4359.45,4363.4,4691,
2024-05-28 12:50:00+05:30,4362.8,4365,4361.8,4365,2878,
2024-05-28 12:51:00+05:30,4364.9,4369,4363.95,4367.6,7474,
2024-05-28 12:52:00+05:30,4367.6,4370,4365.25,4368.9,6058,
2024-05-28 12:53:00+05:30,4368.9,4375,4368.9,4372.95,8136,
2024-05-28 12:54:00+05:30,4373,4375,4371.25,4374.4,6487,
2024-05-28 12:55:00+05:30,4374.4,4376.05,4372.7,4372.8,4965,
2024-05-28 12:56:00+05:30,4372.8,4372.8,4368,4372,5267,
2024-05-28 12:57:00+05:30,4372,4375,4371.55,4374.85,4233,
2024-05-28 12:58:00+05:30,4374.85,4374.85,4370.8,4372.9,2985,
2024-05-28 12:59:00+05:30,4372.95,4373,4361.75,4368.35,7472,
2024-05-28 13:00:00+05:30,4368.55,4368.55,4363.65,4364.55,3835,
2024-05-28 13:01:00+05:30,4364.55,4368.8,4364.55,4365.6,3004,
2024-05-28 13:02:00+05:30,4368.65,4368.65,4362,4362,2652,
2024-05-28 13:03:00+05:30,4363.45,4367.6,4362.75,4364.05,2199,
2024-05-28 13:04:00+05:30,4363.7,4367.3,4363.7,4367.3,1384,
2024-05-28 13:05:00+05:30,4367.35,4372,4366.95,4371.3,3013,
2024-05-28 13:06:00+05:30,4371.4,4372.85,4371,4371.95,1423,
2024-05-28 13:07:00+05:30,4371.95,4372,4367.9,4371.4,2067,
2024-05-28 13:08:00+05:30,4371.35,4371.6,4366.55,4368.2,2131,
2024-05-28 13:09:00+05:30,4368.6,4368.6,4360.75,4361.9,3138,
2024-05-28 13:10:00+05:30,4361.6,4363.5,4356,4358,6042,
2024-05-28 13:11:00+05:30,4358,4369.1,4358,4367,1940,
2024-05-28 13:12:00+05:30,4366.9,4368,4362.8,4367.85,1782,
2024-05-28 13:13:00+05:30,4367.85,4367.9,4364.1,4367.45,1041,
2024-05-28 13:14:00+05:30,4367.5,4367.95,4365.7,4367.35,1412,
2024-05-28 13:15:00+05:30,4367.45,4367.8,4365.35,4366.85,1388,
2024-05-28 13:16:00+05:30,4367.9,4370,4366.8,4369.95,1618,
2024-05-28 13:17:00+05:30,4370,4372,4368.7,4371.95,3647,
2024-05-28 13:18:00+05:30,4371.95,4373.95,4370,4371.45,3505,
2024-05-28 13:19:00+05:30,4372.7,4373.7,4371.05,4372.3,1984,
2024-05-28 13:20:00+05:30,4372.35,4373,4372,4372.9,869,
2024-05-28 13:21:00+05:30,4373,4374.95,4372.95,4374.95,1890,
2024-05-28 13:22:00+05:30,4374.95,4375,4370,4370.65,6727,
2024-05-28 13:23:00+05:30,4370.65,4371.65,4366.65,4369.25,1630,
2024-05-28 13:24:00+05:30,4369.25,4374,4368.35,4373.8,1219,
2024-05-28 13:25:00+05:30,4374,4374.9,4369.1,4373.05,2085,
2024-05-28 13:26:00+05:30,4372.9,4372.9,4369.8,4372.5,1003,
2024-05-28 13:27:00+05:30,4372.35,4374.85,4372.35,4374.85,1023,
2024-05-28 13:28:00+05:30,4374.45,4374.85,4371.5,4372.75,1846,
2024-05-28 13:29:00+05:30,4372.8,4374,4372.05,4373.95,1263,
2024-05-28 13:30:00+05:30,4373.95,4374,4372,4373,1423,
2024-05-28 13:31:00+05:30,4373,4373.3,4370.4,4371.9,1368,
2024-05-28 13:32:00+05:30,4371.9,4372,4368,4368,1378,
2024-05-28 13:33:00+05:30,4368.95,4370.65,4365.05,4367.4,3647,
2024-05-28 13:34:00+05:30,4366.15,4367.7,4365.15,4367.45,1890,
2024-05-28 13:35:00+05:30,4367.6,4369.8,4367,4368.95,1203,
2024-05-28 13:36:00+05:30,4369,4371.85,4368.95,4370.95,2200,
2024-05-28 13:37:00+05:30,4371,4371.95,4370.9,4371.95,1744,
2024-05-28 13:38:00+05:30,4371,4372,4371,4372,2922,
2024-05-28 13:39:00+05:30,4372,4372.5,4370,4371,2100,
2024-05-28 13:40:00+05:30,4370.95,4371,4368.05,4369.7,1814,
2024-05-28 13:41:00+05:30,4369.7,4372,4369.1,4371.9,1321,
2024-05-28 13:42:00+05:30,4371.9,4372,4369.75,4371.1,1443,
2024-05-28 13:43:00+05:30,4371.1,4371.1,4370.35,4370.95,980,
2024-05-28 13:44:00+05:30,4370.95,4372.5,4370.95,4371.95,2224,
2024-05-28 13:45:00+05:30,4371.95,4373.4,4371.95,4373,2020,
2024-05-28 13:46:00+05:30,4373.15,4373.9,4369.2,4372.95,1402,
2024-05-28 13:47:00+05:30,4371.8,4373.95,4369.65,4372.3,2091,
2024-05-28 13:48:00+05:30,4372.3,4372.8,4370.45,4372,1656,
2024-05-28 13:49:00+05:30,4372.6,4372.65,4370,4371.8,1976,
2024-05-28 13:50:00+05:30,4371.8,4372.15,4370.1,4371.9,1079,
2024-05-28 13:51:00+05:30,4372,4372.15,4370.25,4372,1601,
2024-05-28 13:52:00+05:30,4372,4373,4370.05,4371.9,1776,
2024-05-28 13:53:00+05:30,4371.9,4371.9,4368,4368.75,2131,
2024-05-28 13:54:00+05:30,4368.75,4370.4,4368.3,4369.3,1303,
2024-05-28 13:55:00+05:30,4369.3,4370,4362.15,4364,4914,
2024-05-28 13:56:00+05:30,4363.95,4368,4363.25,4368,1561,
2024-05-28 13:57:00+05:30,4367.95,4370.85,4366.6,4369.3,1225,
2024-05-28 13:58:00+05:30,4368.4,4370,4367,4367.05,1841,
2024-05-28 13:59:00+05:30,4367.1,4368.8,4361.3,4364.5,7267,
2024-05-28 14:00:00+05:30,4363.55,4367.4,4363.55,4365.8,807,
2024-05-28 14:01:00+05:30,4366.05,4367.05,4365.9,4366.95,1432,
2024-05-28 14:02:00+05:30,4366.9,4369.85,4366.5,4368.7,1766,
2024-05-28 14:03:00+05:30,4368.8,4369.95,4367.6,4369,1056,
2024-05-28 14:04:00+05:30,4369,4369,4366,4367.6,1353,
2024-05-28 14:05:00+05:30,4367.9,4368.25,4365,4367.25,1235,
2024-05-28 14:06:00+05:30,4367.25,4368.9,4366.85,4368.7,904,
2024-05-28 14:07:00+05:30,4368.7,4369,4366.2,4367.4,1612,
2024-05-28 14:08:00+05:30,4368.7,4368.7,4364.6,4365.15,1132,
2024-05-28 14:09:00+05:30,4365.15,4369,4365.15,4368.8,840,
2024-05-28 14:10:00+05:30,4368.8,4369.8,4368.8,4369.7,882,
2024-05-28 14:11:00+05:30,4369.35,4372,4368.9,4371.15,2325,
2024-05-28 14:12:00+05:30,4371.15,4373,4368,4368.45,3815,
2024-05-28 14:13:00+05:30,4368.45,4370.85,4368.1,4370,1075,
2024-05-28 14:14:00+05:30,4370.05,4370.8,4368.3,4369.95,987,
2024-05-28 14:15:00+05:30,4370.2,4370.95,4368,4368.25,1715,
2024-05-28 14:16:00+05:30,4368.25,4369.8,4366.85,4369.45,1181,
2024-05-28 14:17:00+05:30,4369.45,4369.45,4368.2,4368.85,825,
2024-05-28 14:18:00+05:30,4368.9,4368.9,4363.5,4367.15,4542,
2024-05-28 14:19:00+05:30,4367.15,4368,4364.3,4366.65,773,
2024-05-28 14:20:00+05:30,4366.55,4367.7,4364.75,4366.3,1661,
2024-05-28 14:21:00+05:30,4366.3,4366.55,4363,4364.9,1442,
2024-05-28 14:22:00+05:30,4365,4368.8,4365,4368.8,1152,
2024-05-28 14:23:00+05:30,4368.8,4369,4364.85,4368,1572,
2024-05-28 14:24:00+05:30,4368,4368.9,4366.35,4366.95,1442,
2024-05-28 14:25:00+05:30,4366.95,4369.5,4366.7,4369.5,825,
2024-05-28 14:26:00+05:30,4369.5,4369.7,4367.2,4369.5,1151,
2024-05-28 14:27:00+05:30,4368,4369.65,4367,4367.9,1309,
2024-05-28 14:28:00+05:30,4368,4369.95,4367.9,4369.55,2084,
2024-05-28 14:29:00+05:30,4369.55,4373.4,4368.9,4373.3,2559,
2024-05-28 14:30:00+05:30,4373.3,4373.3,4370.05,4370.05,2608,
2024-05-28 14:31:00+05:30,4370.05,4373,4370.05,4372.25,1573,
2024-05-28 14:32:00+05:30,4371.35,4372.7,4370.45,4371.85,1730,
2024-05-28 14:33:00+05:30,4371.85,4372,4368.8,4370.8,1605,
2024-05-28 14:34:00+05:30,4372,4372,4368.8,4369.05,1958,
2024-05-28 14:35:00+05:30,4369.1,4371.55,4369,4370.35,2086,
2024-05-28 14:36:00+05:30,4370.95,4371.2,4369.7,4371,759,
2024-05-28 14:37:00+05:30,4371.15,4371.15,4369.05,4370.95,1392,
2024-05-28 14:38:00+05:30,4371,4371,4366.3,4366.35,2891,
2024-05-28 14:39:00+05:30,4366.35,4369.25,4364,4369.1,2556,
2024-05-28 14:40:00+05:30,4368.95,4369,4365,4367.25,1466,
2024-05-28 14:41:00+05:30,4367.75,4371,4367.25,4370.95,1795,
2024-05-28 14:42:00+05:30,4371,4372,4368.8,4371,1365,
2024-05-28 14:43:00+05:30,4371,4377.25,4370.85,4374.8,11111,
2024-05-28 14:44:00+05:30,4374.85,4377,4373,4373,4085,
2024-05-28 14:45:00+05:30,4374.95,4377,4373.35,4375.8,3777,
2024-05-28 14:46:00+05:30,4376,4377,4375,4375.9,3197,
2024-05-28 14:47:00+05:30,4375.9,4376,4373.5,4374.95,3279,
2024-05-28 14:48:00+05:30,4374.95,4375,4373.65,4374.95,1684,
2024-05-28 14:49:00+05:30,4374.95,4376,4373.5,4375.2,105107,
2024-05-28 14:50:00+05:30,4375.2,4376.2,4374,4375.4,3185,
2024-05-28 14:51:00+05:30,4375.4,4376.8,4374.2,4375.05,3267,
2024-05-28 14:52:00+05:30,4375.05,4377,4374.9,4376.9,5581,
2024-05-28 14:53:00+05:30,4376.85,4377,4372,4375.5,4978,
2024-05-28 14:54:00+05:30,4375.65,4377.75,4373.2,4377.65,11916,
2024-05-28 14:55:00+05:30,4377.65,4395,4377.25,4394.85,40123,
2024-05-28 14:56:00+05:30,4392.7,4399.9,4391.5,4394.7,37377,
2024-05-28 14:57:00+05:30,4394.7,4395,4389,4390,10500,
2024-05-28 14:58:00+05:30,4390,4390.3,4383.4,4389.15,9851,
2024-05-28 14:59:00+05:30,4388.95,4390,4385,4385.75,8646,
2024-05-28 15:00:00+05:30,4385.75,4390,4385.2,4389.45,7507,
2024-05-28 15:01:00+05:30,4389.45,4389.9,4387.35,4388.95,4588,
2024-05-28 15:02:00+05:30,4388.9,4389,4387.15,4388.5,3086,
2024-05-28 15:03:00+05:30,4388.5,4389.9,4385,4389.8,31469,
2024-05-28 15:04:00+05:30,4389.3,4400,4388.15,4397.85,30094,
2024-05-28 15:05:00+05:30,4398.6,4401.6,4393,4398.9,49150,
2024-05-28 15:06:00+05:30,4399.95,4400,4393.35,4393.35,11306,
2024-05-28 15:07:00+05:30,4392.2,4397.85,4392.15,4396,8132,
2024-05-28 15:08:00+05:30,4399.1,4399.1,4391.5,4393.15,25483,
2024-05-28 15:09:00+05:30,4393.1,4393.1,4389,4390,9749,
2024-05-28 15:10:00+05:30,4389.9,4397.95,4383,4397.75,14548,
2024-05-28 15:11:00+05:30,4396,4397.65,4391.9,4395,3553,
2024-05-28 15:12:00+05:30,4395,4396.05,4391.5,4393.05,5491,
2024-05-28 15:13:00+05:30,4393.95,4396,4391.95,4395.8,4886,
2024-05-28 15:14:00+05:30,4395.8,4395.85,4392,4393.9,8433,
2024-05-28 15:15:00+05:30,4393.2,4394,4386.2,4388.55,10110,
2024-05-28 15:16:00+05:30,4388.6,4393.75,4385.9,4387.05,12696,
2024-05-28 15:17:00+05:30,4386.35,4388,4385,4387.85,15276,
2024-05-28 15:18:00+05:30,4387.85,4393.5,4387,4389.7,16387,
2024-05-28 15:19:00+05:30,4389.5,4392.95,4388.7,4392.85,6468,
2024-05-28 15:20:00+05:30,4392.1,4398.75,4391,4391.9,18179,
2024-05-28 15:21:00+05:30,4392.9,4394.9,4392,4393.25,2883,
2024-05-28 15:22:00+05:30,4390.5,4392.8,4384,4384.75,6881,
2024-05-28 15:23:00+05:30,4384.55,4385.3,4380,4384.8,5012,
2024-05-28 15:24:00+05:30,4384.4,4388.2,4377.75,4385.1,13128,
2024-05-28 15:25:00+05:30,4385.1,4385.1,4378.5,4380.35,3654,
2024-05-28 15:26:00+05:30,4380,4383,4376.6,4379.9,5696,
2024-05-28 15:27:00+05:30,4379.85,4386,4378,4384.85,3215,
2024-05-28 15:28:00+05:30,4384.9,4386.85,4379.45,4382.75,3225,
2024-05-28 15:29:00+05:30,4382.8,4390,4380.05,4385,2165,
2024-05-29 09:15:00+05:30,4360,4401.45,4355.55,4381.2,25185,
2024-05-29 09:16:00+05:30,4378.15,4393.7,4361.6,4386.65,13224,
2024-05-29 09:17:00+05:30,4389.5,4389.85,4373,4375.2,7164,
2024-05-29 09:18:00+05:30,4375.2,4381.15,4374.45,4376.75,6890,
2024-05-29 09:19:00+05:30,4376.75,4385.7,4374.45,4385,9621,
2024-05-29 09:20:00+05:30,4384.8,4391.65,4374,4389.45,8272,
2024-05-29 09:21:00+05:30,4391.6,4393.85,4385,4388.65,6886,
2024-05-29 09:22:00+05:30,4388.65,4390,4385.2,4389,3719,
2024-05-29 09:23:00+05:30,4389,4408.7,4389,4407.6,12248,
2024-05-29 09:24:00+05:30,4407.25,4409,4391.45,4397.1,12415,
2024-05-29 09:25:00+05:30,4397.1,4406.5,4397.1,4406.5,4923,
2024-05-29 09:26:00+05:30,4404.7,4407.2,4401.8,4405,7288,
2024-05-29 09:27:00+05:30,4405,4407.8,4403.55,4407.05,7235,
2024-05-29 09:28:00+05:30,4406,4414,4400.4,4412.95,8210,
2024-05-29 09:29:00+05:30,4412.95,4412.95,4402.1,4410,12161,
2024-05-29 09:30:00+05:30,4410.45,4413.65,4410,4411.7,6408,
2024-05-29 09:31:00+05:30,4411.3,4417.3,4411.05,4415.25,9067,
2024-05-29 09:32:00+05:30,4416.05,4423.4,4415.3,4422.8,9889,
2024-05-29 09:33:00+05:30,4422.65,4426.95,4421.1,4426.9,13970,
2024-05-29 09:34:00+05:30,4426.9,4430,4425.5,4428,8954,
2024-05-29 09:35:00+05:30,4428,4429,4411.9,4416.6,11939,
2024-05-29 09:36:00+05:30,4416.6,4421,4415.1,4415.35,5062,
2024-05-29 09:37:00+05:30,4415.35,4420.1,4415,4420.1,3726,
2024-05-29 09:38:00+05:30,4421,4425.4,4419.15,4420.9,4970,
2024-05-29 09:39:00+05:30,4420.9,4420.9,4410.1,4412,6083,
2024-05-29 09:40:00+05:30,4412.25,4423,4411.55,4420.3,5535,
2024-05-29 09:41:00+05:30,4421,4426.7,4415.55,4425.95,11626,
2024-05-29 09:42:00+05:30,4426,4426,4420.25,4421.7,8256,
2024-05-29 09:43:00+05:30,4423.25,4423.25,4415.8,4416.05,5894,
2024-05-29 09:44:00+05:30,4416.15,4418,4413.45,4413.5,3939,
2024-05-29 09:45:00+05:30,4414.75,4417,4413.05,4415.7,5073,
2024-05-29 09:46:00+05:30,4415.7,4416.05,4408.05,4409.75,10647,
2024-05-29 09:47:00+05:30,4411.15,4411.2,4403.5,4405,5722,
2024-05-29 09:48:00+05:30,4405,4422,4405,4416.2,6571,
2024-05-29 09:49:00+05:30,4416.7,4416.7,4407.15,4409.15,3052,
2024-05-29 09:50:00+05:30,4407,4409.8,4405,4408.9,4408,
2024-05-29 09:51:00+05:30,4408.9,4411.65,4405.05,4411.45,3391,
2024-05-29 09:52:00+05:30,4411.55,4412,4405,4406.55,3835,
2024-05-29 09:53:00+05:30,4407,4407.95,4392.1,4394.85,12430,
2024-05-29 09:54:00+05:30,4394.75,4396.75,4391.95,4394.35,5086,
2024-05-29 09:55:00+05:30,4394,4394.35,4384.05,4390,10326,
2024-05-29 09:56:00+05:30,4390.65,4394,4387.95,4389.3,5089,
2024-05-29 09:57:00+05:30,4389.3,4400,4388.5,4396.15,3440,
2024-05-29 09:58:00+05:30,4396.15,4400,4396.15,4399.45,2018,
2024-05-29 09:59:00+05:30,4399.45,4401.45,4397.75,4400,3253,
2024-05-29 10:00:00+05:30,4400,4400.3,4396.45,4398.3,4475,
2024-05-29 10:01:00+05:30,4398.3,4403.35,4398.05,4400.3,4465,
2024-05-29 10:02:00+05:30,4400.3,4402.3,4398,4399.75,1524,
2024-05-29 10:03:00+05:30,4399.75,4399.95,4397.35,4397.9,1739,
2024-05-29 10:04:00+05:30,4397.9,4397.9,4391.8,4391.8,4122,
2024-05-29 10:05:00+05:30,4393,4394.15,4385.7,4385.8,3581,
2024-05-29 10:06:00+05:30,4385.8,4391.7,4385.65,4390,3836,
2024-05-29 10:07:00+05:30,4390,4392,4385.6,4392,2121,
2024-05-29 10:08:00+05:30,4392,4393,4387.05,4389.1,2107,
2024-05-29 10:09:00+05:30,4389.1,4389.5,4386.2,4387.2,2105,
2024-05-29 10:10:00+05:30,4387.2,4391.5,4386.05,4391.4,2754,
2024-05-29 10:11:00+05:30,4391.4,4396.35,4386.85,4388.1,5941,
2024-05-29 10:12:00+05:30,4388.1,4391.6,4386.7,4390.85,2341,
2024-05-29 10:13:00+05:30,4390.85,4390.85,4386.1,4387.95,2042,
2024-05-29 10:14:00+05:30,4387.95,4389.75,4385.15,4386.15,1552,
2024-05-29 10:15:00+05:30,4386.15,4386.2,4381,4381.1,6208,
2024-05-29 10:16:00+05:30,4381.1,4382.95,4380,4380.3,5101,
2024-05-29 10:17:00+05:30,4380.3,4382.45,4380,4382.05,1777,
2024-05-29 10:18:00+05:30,4382.05,4386,4382,4385.4,1494,
2024-05-29 10:19:00+05:30,4385.4,4386.25,4381,4381.85,2236,
2024-05-29 10:20:00+05:30,4380.95,4384.2,4380,4383.6,1100,
2024-05-29 10:21:00+05:30,4383.6,4392.35,4383.6,4392.3,1360,
2024-05-29 10:22:00+05:30,4392,4393.95,4381,4381.05,3247,
2024-05-29 10:23:00+05:30,4381.05,4386.95,4381.05,4385.65,1616,
2024-05-29 10:24:00+05:30,4385.65,4388.45,4382.05,4388.45,1572,
2024-05-29 10:25:00+05:30,4388.45,4390.35,4387.55,4390,1283,
2024-05-29 10:26:00+05:30,4390.1,4396,4389.05,4392.85,2975,
2024-05-29 10:27:00+05:30,4392.85,4394,4392.8,4393.25,589,
2024-05-29 10:28:00+05:30,4393.25,4393.85,4390.45,4391,1800,
2024-05-29 10:29:00+05:30,4391.1,4397,4391.1,4396.15,2562,
2024-05-29 10:30:00+05:30,4396,4407,4396,4403.85,4333,
2024-05-29 10:31:00+05:30,4403.85,4404.3,4401,4402.35,1833,
2024-05-29 10:32:00+05:30,4402.35,4402.9,4398,4398.05,2803,
2024-05-29 10:33:00+05:30,4397.65,4399.65,4392.6,4399.05,2686,
2024-05-29 10:34:00+05:30,4399.05,4399.05,4395.75,4397.9,1186,
2024-05-29 10:35:00+05:30,4397.95,4397.95,4395.8,4397,1693,
2024-05-29 10:36:00+05:30,4397,4400,4396.8,4398.45,1724,
2024-05-29 10:37:00+05:30,4398.45,4398.45,4395,4395.4,659,
2024-05-29 10:38:00+05:30,4395.4,4396.25,4395.4,4395.75,462,
2024-05-29 10:39:00+05:30,4395.4,4395.4,4388,4389.4,5465,
2024-05-29 10:40:00+05:30,4389.4,4391.9,4388,4388.05,1036,
2024-05-29 10:41:00+05:30,4388.05,4389.1,4385,4389.1,1667,
2024-05-29 10:42:00+05:30,4389.1,4397,4389.1,4395.5,1734,
2024-05-29 10:43:00+05:30,4395.5,4395.8,4392.15,4392.35,1440,
2024-05-29 10:44:00+05:30,4392.95,4395,4390.2,4395,2585,
2024-05-29 10:45:00+05:30,4395,4397.4,4395,4397.4,1972,
2024-05-29 10:46:00+05:30,4397.4,4399,4396,4399,1594,
2024-05-29 10:47:00+05:30,4399,4403.25,4398.95,4400,2088,
2024-05-29 10:48:00+05:30,4400,4400.85,4398.5,4400,1481,
2024-05-29 10:49:00+05:30,4400,4400.25,4398.45,4398.65,2413,
2024-05-29 10:50:00+05:30,4398.5,4402.45,4397.3,4399.2,3276,
2024-05-29 10:51:00+05:30,4400,4402.45,4399.4,4401.9,3932,
2024-05-29 10:52:00+05:30,4401.9,4402.55,4399.85,4400.1,1681,
2024-05-29 10:53:00+05:30,4401.2,4403.9,4400.1,4402.9,880,
2024-05-29 10:54:00+05:30,4403.85,4407.35,4397.15,4400,6746,
2024-05-29 10:55:00+05:30,4400,4401.55,4398.25,4399.35,2456,
2024-05-29 10:56:00+05:30,4399.75,4406.45,4399.75,4405.45,2298,
2024-05-29 10:57:00+05:30,4406.4,4406.4,4403,4403.25,1213,
2024-05-29 10:58:00+05:30,4403.25,4404,4403.25,4404,274,
2024-05-29 10:59:00+05:30,4404,4404,4399,4401.25,4786,
2024-05-29 11:00:00+05:30,4401.25,4401.25,4400,4400,973,
2024-05-29 11:01:00+05:30,4400.1,4400.55,4400,4400,938,
2024-05-29 11:02:00+05:30,4400,4401.8,4397.45,4400,6744,
2024-05-29 11:03:00+05:30,4400,4400.65,4397.2,4400.65,1038,
2024-05-29 11:04:00+05:30,4400.5,4400.5,4400,4400.3,324,
2024-05-29 11:05:00+05:30,4400.3,4400.3,4400,4400,962,
2024-05-29 11:06:00+05:30,4400,4400.5,4400,4400,619,
2024-05-29 11:07:00+05:30,4400.25,4401.15,4400,4401.1,986,
2024-05-29 11:08:00+05:30,4400.25,4401.1,4400.25,4400.3,670,
2024-05-29 11:09:00+05:30,4400.3,4401.4,4400,4400,3913,
2024-05-29 11:10:00+05:30,4400,4400.1,4400,4400,1056,
2024-05-29 11:11:00+05:30,4400.1,4406.9,4400.1,4401.85,3285,
2024-05-29 11:12:00+05:30,4401.85,4402.85,4400.45,4402.05,1166,
2024-05-29 11:13:00+05:30,4402.85,4402.85,4400.6,4401.85,444,
2024-05-29 11:14:00+05:30,4401.85,4403.1,4401.85,4402.05,884,
2024-05-29 11:15:00+05:30,4403.65,4403.65,4400,4400.4,3469,
2024-05-29 11:16:00+05:30,4400,4400.5,4400,4400,1235,
2024-05-29 11:17:00+05:30,4401.4,4401.4,4400,4400.45,1895,
2024-05-29 11:18:00+05:30,4400.45,4400.9,4400,4400,535,
2024-05-29 11:19:00+05:30,4400,4404,4400,4403.35,1753,
2024-05-29 11:20:00+05:30,4403.5,4404,4402.85,4403,1086,
2024-05-29 11:21:00+05:30,4403,4403,4400,4400.45,1242,
2024-05-29 11:22:00+05:30,4402.1,4402.1,4399.5,4400,3427,
2024-05-29 11:23:00+05:30,4400,4403,4400,4403,1532,
2024-05-29 11:24:00+05:30,4402.25,4403,4400.25,4402.25,1098,
2024-05-29 11:25:00+05:30,4403,4403.75,4402.75,4403,1800,
2024-05-29 11:26:00+05:30,4403,4403.7,4403,4403,658,
2024-05-29 11:27:00+05:30,4403,4403.35,4402.65,4402.65,319,
2024-05-29 11:28:00+05:30,4403.5,4404.95,4401.3,4402.7,3232,
2024-05-29 11:29:00+05:30,4402.85,4402.95,4400,4400,2334,
2024-05-29 11:30:00+05:30,4400,4401.55,4400,4401,803,
2024-05-29 11:31:00+05:30,4400,4401.2,4400,4401,866,
2024-05-29 11:32:00+05:30,4401,4401,4400.1,4401,521,
2024-05-29 11:33:00+05:30,4401,4401,4400.15,4400.85,204,
2024-05-29 11:34:00+05:30,4400.85,4400.85,4400,4400,1899,
2024-05-29 11:35:00+05:30,4400,4400.3,4400,4400,1618,
2024-05-29 11:36:00+05:30,4400.1,4402,4399.75,4400.85,2012,
2024-05-29 11:37:00+05:30,4400.85,4402,4400.85,4400.85,208,
2024-05-29 11:38:00+05:30,4402,4404.4,4400.85,4403.55,1124,
2024-05-29 11:39:00+05:30,4404.45,4404.45,4403.5,4403.55,2286,
2024-05-29 11:40:00+05:30,4403.6,4403.95,4403.45,4403.9,983,
2024-05-29 11:41:00+05:30,4403.9,4404.9,4403.45,4404.9,1069,
2024-05-29 11:42:00+05:30,4404.95,4405.35,4403.4,4404.1,1144,
2024-05-29 11:43:00+05:30,4404.7,4405.75,4403.4,4405.05,189,
2024-05-29 11:44:00+05:30,4405.05,4405.5,4403.5,4405,444,
2024-05-29 11:45:00+05:30,4405,4405,4403.8,4403.8,1251,
2024-05-29 11:46:00+05:30,4404,4404,4401,4402.65,1057,
2024-05-29 11:47:00+05:30,4402,4402.4,4400.8,4401.95,1441,
2024-05-29 11:48:00+05:30,4401.95,4401.95,4400.35,4401.9,4027,
2024-05-29 11:49:00+05:30,4401.9,4404.95,4400.5,4400.95,2259,
2024-05-29 11:50:00+05:30,4400.95,4403.25,4400.95,4403.25,162,
2024-05-29 11:51:00+05:30,4403.25,4405,4402.15,4403.95,1103,
2024-05-29 11:52:00+05:30,4404,4405,4403.95,4404,1463,
2024-05-29 11:53:00+05:30,4404.65,4405,4404,4404.1,1451,
2024-05-29 11:54:00+05:30,4405,4405,4404.1,4404.5,364,
2024-05-29 11:55:00+05:30,4404.5,4404.9,4401,4401,2786,
2024-05-29 11:56:00+05:30,4402.15,4402.15,4401,4401.85,485,
2024-05-29 11:57:00+05:30,4401.85,4401.85,4400.9,4401.85,171,
2024-05-29 11:58:00+05:30,4401.85,4401.85,4401,4401.8,284,
2024-05-29 11:59:00+05:30,4401.8,4401.8,4401,4401.05,551,
2024-05-29 12:00:00+05:30,4401.7,4402.1,4401.15,4402,348,
2024-05-29 12:01:00+05:30,4402,4402.1,4402,4402.05,637,
2024-05-29 12:02:00+05:30,4402.1,4402.1,4402.05,4402.1,150,
2024-05-29 12:03:00+05:30,4402.1,4402.15,4402.05,4402.05,533,
2024-05-29 12:04:00+05:30,4402.55,4402.55,4400.65,4401.8,3669,
2024-05-29 12:05:00+05:30,4401.8,4402.5,4401.05,4402.5,599,
2024-05-29 12:06:00+05:30,4402.5,4405.5,4401.8,4403.5,1743,
2024-05-29 12:07:00+05:30,4403.5,4403.5,4401.15,4401.95,1199,
2024-05-29 12:08:00+05:30,4402.9,4402.9,4401.8,4401.95,732,
2024-05-29 12:09:00+05:30,4402.85,4403.2,4401.8,4403.2,264,
2024-05-29 12:10:00+05:30,4403.2,4405.25,4402.3,4403.95,1152,
2024-05-29 12:11:00+05:30,4404.95,4408,4404.15,4407.5,1885,
2024-05-29 12:12:00+05:30,4407.5,4408,4407.1,4408,421,
2024-05-29 12:13:00+05:30,4408,4410,4405.5,4407.25,4768,
2024-05-29 12:14:00+05:30,4407.25,4407.25,4405,4405.6,551,
2024-05-29 12:15:00+05:30,4405.1,4405.6,4403.75,4405,724,
2024-05-29 12:16:00+05:30,4405,4406,4403.85,4405.1,1077,
2024-05-29 12:17:00+05:30,4406,4408.4,4405.2,4406,595,
2024-05-29 12:18:00+05:30,4406,4408.4,4402.8,4405.85,2617,
2024-05-29 12:19:00+05:30,4405.85,4406.25,4403.75,4406.25,458,
2024-05-29 12:20:00+05:30,4406.25,4406.25,4404,4404,83,
2024-05-29 12:21:00+05:30,4405.7,4405.7,4403.35,4404.5,1844,
2024-05-29 12:22:00+05:30,4405.4,4405.5,4403.4,4405.3,807,
2024-05-29 12:23:00+05:30,4405.3,4405.3,4403.05,4405.05,857,
2024-05-29 12:24:00+05:30,4405.05,4405.3,4403.4,4405,1239,
2024-05-29 12:25:00+05:30,4405.15,4405.3,4403,4405.25,1166,
2024-05-29 12:26:00+05:30,4405.25,4405.3,4404.05,4405,661,
2024-05-29 12:27:00+05:30,4405.25,4405.8,4404.55,4405,782,
2024-05-29 12:28:00+05:30,4405,4406.15,4405,4405.85,866,
2024-05-29 12:29:00+05:30,4405.85,4406.25,4405,4406.25,281,
2024-05-29 12:30:00+05:30,4405.85,4406,4405.8,4406,1753,
2024-05-29 12:31:00+05:30,4406,4406,4405.85,4405.85,443,
2024-05-29 12:32:00+05:30,4406,4406,4405.8,4405.8,327,
2024-05-29 12:33:00+05:30,4406,4406,4405,4405.05,1083,
2024-05-29 12:34:00+05:30,4405.55,4405.6,4405,4405.6,699,
2024-05-29 12:35:00+05:30,4405.6,4405.7,4405.05,4405.7,323,
2024-05-29 12:36:00+05:30,4405.7,4409.2,4405.4,4409,891,
2024-05-29 12:37:00+05:30,4409.4,4419.15,4409,4418.7,5110,
2024-05-29 12:38:00+05:30,4416.65,4418.75,4409.95,4410,5092,
2024-05-29 12:39:00+05:30,4411.55,4414.65,4410,4414.15,1403,
2024-05-29 12:40:00+05:30,4413.9,4413.95,4411,4412.85,515,
2024-05-29 12:41:00+05:30,4412.85,4412.85,4411,4411.05,300,
2024-05-29 12:42:00+05:30,4411.05,4412.7,4411.05,4412.7,860,
2024-05-29 12:43:00+05:30,4411.75,4413.95,4411.7,4412.05,1648,
2024-05-29 12:44:00+05:30,4412.05,4415.45,4412.05,4415.45,1884,
2024-05-29 12:45:00+05:30,4415.45,4417.8,4414.9,4416.25,1079,
2024-05-29 12:46:00+05:30,4417.15,4419.4,4411.85,4419.4,6481,
2024-05-29 12:47:00+05:30,4419.4,4423.95,4417.1,4423.25,3712,
2024-05-29 12:48:00+05:30,4423.25,4423.25,4418.05,4419.8,887,
2024-05-29 12:49:00+05:30,4418.15,4422.95,4418.15,4422.95,962,
2024-05-29 12:50:00+05:30,4424.25,4424.8,4422,4422.5,2883,
2024-05-29 12:51:00+05:30,4422.5,4424.85,4420,4420,2225,
2024-05-29 12:52:00+05:30,4421.2,4421.2,4418.1,4420,1921,
2024-05-29 12:53:00+05:30,4420.5,4421.9,4417.25,4421.6,3930,
2024-05-29 12:54:00+05:30,4421.6,4421.6,4418.7,4420.6,725,
2024-05-29 12:55:00+05:30,4420.6,4423.35,4420.55,4421.95,2668,
2024-05-29 12:56:00+05:30,4421.95,4423,4419.4,4422.85,1649,
2024-05-29 12:57:00+05:30,4423,4423,4419.05,4420,4311,
2024-05-29 12:58:00+05:30,4421,4423,4420,4423,1109,
2024-05-29 12:59:00+05:30,4422.9,4427.75,4422.5,4426.15,4774,
2024-05-29 13:00:00+05:30,4426.15,4428,4423.05,4424.25,2590,
2024-05-29 13:01:00+05:30,4425,4425,4420.15,4422,2261,
2024-05-29 13:02:00+05:30,4422,4425,4422,4424.4,2316,
2024-05-29 13:03:00+05:30,4424.4,4424.4,4421.9,4422.3,308,
2024-05-29 13:04:00+05:30,4422.3,4423.9,4422.3,4423.5,441,
2024-05-29 13:05:00+05:30,4423.5,4423.5,4423.25,4423.45,1839,
2024-05-29 13:06:00+05:30,4423.5,4427.45,4423.2,4426.4,1951,
2024-05-29 13:07:00+05:30,4427.35,4429,4424.85,4429,2955,
2024-05-29 13:08:00+05:30,4429,4435.5,4429,4434.9,11999,
2024-05-29 13:09:00+05:30,4435.5,4435.9,4431.6,4433.15,2779,
2024-05-29 13:10:00+05:30,4433.15,4433.4,4431.25,4433.4,1615,
2024-05-29 13:11:00+05:30,4433.4,4433.6,4431.9,4432,1229,
2024-05-29 13:12:00+05:30,4432,4433,4431.85,4433,752,
2024-05-29 13:13:00+05:30,4433,4433,4432.35,4433,1436,
2024-05-29 13:14:00+05:30,4433,4433,4432.7,4432.7,2511,
2024-05-29 13:15:00+05:30,4433,4433,4428,4428.65,3421,
2024-05-29 13:16:00+05:30,4428.65,4428.65,4422.6,4422.6,1494,
2024-05-29 13:17:00+05:30,4422.6,4430,4422.6,4429,3440,
2024-05-29 13:18:00+05:30,4429,4430.7,4422.55,4424.55,2757,
2024-05-29 13:19:00+05:30,4424.55,4427.1,4421.4,4422.65,1141,
2024-05-29 13:20:00+05:30,4424.85,4424.85,4421.05,4422.15,2004,
2024-05-29 13:21:00+05:30,4422.15,4425,4419.6,4422.2,3795,
2024-05-29 13:22:00+05:30,4424.25,4424.25,4420.8,4424,754,
2024-05-29 13:23:00+05:30,4424,4427.4,4423.45,4427.4,1024,
2024-05-29 13:24:00+05:30,4427.4,4428,4424.2,4427.85,1455,
2024-05-29 13:25:00+05:30,4426.85,4427.75,4423.4,4425.75,1100,
2024-05-29 13:26:00+05:30,4425.8,4427.75,4423.7,4427.7,750,
2024-05-29 13:27:00+05:30,4427.7,4427.9,4427.45,4427.9,346,
2024-05-29 13:28:00+05:30,4427.9,4436,4427.9,4436,3226,
2024-05-29 13:29:00+05:30,4436,4438.3,4431.8,4435.8,4720,
2024-05-29 13:30:00+05:30,4435.35,4439,4435.35,4436,2215,
2024-05-29 13:31:00+05:30,4437.45,4437.45,4426.15,4429.6,2628,
2024-05-29 13:32:00+05:30,4429.6,4429.65,4427.1,4428,589,
2024-05-29 13:33:00+05:30,4428,4428.75,4425.35,4428.4,1440,
2024-05-29 13:34:00+05:30,4428.4,4428.4,4423.7,4423.7,895,
2024-05-29 13:35:00+05:30,4423,4423.7,4420,4420.9,1172,
2024-05-29 13:36:00+05:30,4420.9,4422.35,4420,4422.35,1297,
2024-05-29 13:37:00+05:30,4422.3,4422.35,4420.05,4421.85,447,
2024-05-29 13:38:00+05:30,4421.85,4421.85,4420,4420.15,2154,
2024-05-29 13:39:00+05:30,4420.95,4420.95,4419.3,4420.45,2417,
2024-05-29 13:40:00+05:30,4420.45,4422.95,4420,4420.2,2233,
2024-05-29 13:41:00+05:30,4419.4,4421.9,4419.3,4421.9,780,
2024-05-29 13:42:00+05:30,4421.9,4421.95,4420,4421.25,242,
2024-05-29 13:43:00+05:30,4421.25,4422,4420,4421.9,740,
2024-05-29 13:44:00+05:30,4421.9,4425.05,4420.6,4424.6,849,
2024-05-29 13:45:00+05:30,4424.95,4426.6,4418.9,4418.9,49043,
2024-05-29 13:46:00+05:30,4418.8,4422.15,4418.05,4420.2,2016,
2024-05-29 13:47:00+05:30,4421.5,4421.5,4415,4417.25,3573,
2024-05-29 13:48:00+05:30,4417.25,4417.45,4412.65,4417.45,3288,
2024-05-29 13:49:00+05:30,4417.15,4418.4,4415.4,4418.15,1116,
2024-05-29 13:50:00+05:30,4418.25,4420.8,4417.25,4420.4,1125,
2024-05-29 13:51:00+05:30,4420.4,4420.55,4416.8,4418.6,810,
2024-05-29 13:52:00+05:30,4418.6,4418.6,4416.6,4417.7,669,
2024-05-29 13:53:00+05:30,4417.7,4419.55,4415.4,4418.85,1261,
2024-05-29 13:54:00+05:30,4418.95,4418.95,4414.8,4414.8,793,
2024-05-29 13:55:00+05:30,4415.35,4416,4414.8,4414.95,657,
2024-05-29 13:56:00+05:30,4414.95,4415.1,4407,4407.05,5732,
2024-05-29 13:57:00+05:30,4407.4,4417,4405,4416.85,3595,
2024-05-29 13:58:00+05:30,4416.45,4420.65,4415.25,4420.5,1867,
2024-05-29 13:59:00+05:30,4420.55,4420.55,4412.75,4416.95,950,
2024-05-29 14:00:00+05:30,4416.95,4424.65,4416.8,4424,3118,
2024-05-29 14:01:00+05:30,4424,4424.95,4420.8,4423.45,1329,
2024-05-29 14:02:00+05:30,4422.75,4424.95,4420.7,4424.95,1573,
2024-05-29 14:03:00+05:30,4424.95,4424.95,4421.4,4423.95,397,
2024-05-29 14:04:00+05:30,4423.95,4424.35,4421.6,4424,415,
2024-05-29 14:05:00+05:30,4424,4424,4420.45,4422.3,1718,
2024-05-29 14:06:00+05:30,4422.4,4423,4420.55,4420.95,409,
2024-05-29 14:07:00+05:30,4422.8,4423.3,4420.7,4422.3,702,
2024-05-29 14:08:00+05:30,4422.35,4422.8,4420,4422,1553,
2024-05-29 14:09:00+05:30,4422,4422,4420,4422,802,
2024-05-29 14:10:00+05:30,4421.4,4422,4420,4420,346,
2024-05-29 14:11:00+05:30,4422,4424,4420.05,4422,1563,
2024-05-29 14:12:00+05:30,4422,4422.05,4420,4422,240,
2024-05-29 14:13:00+05:30,4422,4424.75,4421,4423.45,1055,
2024-05-29 14:14:00+05:30,4423.55,4424.95,4422.7,4423.15,693,
2024-05-29 14:15:00+05:30,4424.9,4424.9,4420.05,4421.2,469,
2024-05-29 14:16:00+05:30,4421.15,4421.7,4420,4420.9,713,
2024-05-29 14:17:00+05:30,4420.9,4421.15,4420.05,4420.05,554,
2024-05-29 14:18:00+05:30,4420.05,4422.4,4420.05,4422.4,326,
2024-05-29 14:19:00+05:30,4422.4,4422.45,4420.05,4422.25,918,
2024-05-29 14:20:00+05:30,4422.25,4422.45,4420,4420.05,1980,
2024-05-29 14:21:00+05:30,4420.05,4422.35,4420,4421.55,474,
2024-05-29 14:22:00+05:30,4421.55,4422.35,4420.25,4422.2,234,
2024-05-29 14:23:00+05:30,4422.05,4422.05,4420.05,4420.05,259,
2024-05-29 14:24:00+05:30,4421.45,4421.95,4420.05,4420.35,417,
2024-05-29 14:25:00+05:30,4420.35,4421.55,4420.15,4421,385,
2024-05-29 14:26:00+05:30,4421.1,4421.45,4420.25,4420.75,276,
2024-05-29 14:27:00+05:30,4420.7,4421.95,4420.05,4421.45,1929,
2024-05-29 14:28:00+05:30,4420.2,4421.65,4420,4421.55,222,
2024-05-29 14:29:00+05:30,4421.55,4421.65,4420.25,4420.35,344,
2024-05-29 14:30:00+05:30,4419.9,4439.2,4419.9,4435.15,15770,
2024-05-29 14:31:00+05:30,4434.85,4434.85,4430.15,4432.65,2815,
2024-05-29 14:32:00+05:30,4432.65,4432.9,4430,4432.9,1987,
2024-05-29 14:33:00+05:30,4432.9,4433,4428.8,4430.2,2014,
2024-05-29 14:34:00+05:30,4430.95,4431.4,4426.8,4431,3375,
2024-05-29 14:35:00+05:30,4431,4433,4429.25,4432.55,1703,
2024-05-29 14:36:00+05:30,4432.55,4432.9,4429.95,4430.8,1509,
2024-05-29 14:37:00+05:30,4430,4433.95,4430,4431.35,1598,
2024-05-29 14:38:00+05:30,4431.35,4432.25,4430,4431.7,879,
2024-05-29 14:39:00+05:30,4431.7,4431.7,4430,4430,474,
2024-05-29 14:40:00+05:30,4430.45,4433,4430,4430,3685,
2024-05-29 14:41:00+05:30,4430.75,4433.9,4430,4433.2,4048,
2024-05-29 14:42:00+05:30,4433.2,4450,4430,4446.75,42590,
2024-05-29 14:43:00+05:30,4446.3,4453,4443.15,4453,13634,
2024-05-29 14:44:00+05:30,4452.6,4456,4448.7,4451,15056,
2024-05-29 14:45:00+05:30,4451,4451.85,4447.5,4450,11432,
2024-05-29 14:46:00+05:30,4450.35,4450.65,4448,4450.2,9790,
2024-05-29 14:47:00+05:30,4450.2,4452.35,4449.45,4452.3,6743,
2024-05-29 14:48:00+05:30,4452,4454.75,4444.05,4446.2,6461,
2024-05-29 14:49:00+05:30,4447.5,4448,4441.2,4441.2,2582,
2024-05-29 14:50:00+05:30,4440.4,4443.5,4440.4,4440.95,4902,
2024-05-29 14:51:00+05:30,4441.95,4443.4,4440.2,4443.4,3818,
2024-05-29 14:52:00+05:30,4443.25,4443.5,4436.2,4438.25,7667,
2024-05-29 14:53:00+05:30,4438.25,4440.4,4435.35,4440.4,1927,
2024-05-29 14:54:00+05:30,4440.4,4443.4,4439.1,4443.4,1896,
2024-05-29 14:55:00+05:30,4442.6,4444.85,4441.2,4444.6,2472,
2024-05-29 14:56:00+05:30,4444.25,4448,4437.85,4441.6,8373,
2024-05-29 14:57:00+05:30,4441.6,4441.65,4437,4441,2906,
2024-05-29 14:58:00+05:30,4441,4442.05,4437.85,4441.5,2983,
2024-05-29 14:59:00+05:30,4441.5,4442,4438.1,4440,2403,
2024-05-29 15:00:00+05:30,4440,4440,4436,4437.45,2967,
2024-05-29 15:01:00+05:30,4436.25,4437.45,4434.5,4435.95,4320,
2024-05-29 15:02:00+05:30,4435.95,4436,4433.95,4436,2917,
2024-05-29 15:03:00+05:30,4436,4436,4434.85,4435.95,3768,
2024-05-29 15:04:00+05:30,4435.7,4442.6,4435.1,4442.4,3874,
2024-05-29 15:05:00+05:30,4443,4444.35,4439,4440.1,4240,
2024-05-29 15:06:00+05:30,4440.1,4444.95,4440,4442.85,3481,
2024-05-29 15:07:00+05:30,4445,4445,4440.45,4443.25,3053,
2024-05-29 15:08:00+05:30,4443.15,4443.6,4440.5,4442.4,2841,
2024-05-29 15:09:00+05:30,4442.3,4443.75,4440.6,4443.05,3222,
2024-05-29 15:10:00+05:30,4443.05,4444.15,4439.95,4443.05,3451,
2024-05-29 15:11:00+05:30,4444.15,4449.2,4443.05,4448.55,7338,
2024-05-29 15:12:00+05:30,4448.35,4450.65,4448.35,4450.65,7088,
2024-05-29 15:13:00+05:30,4449.95,4450.4,4445.3,4445.3,3963,
2024-05-29 15:14:00+05:30,4448.5,4451,4447.05,4450,7439,
2024-05-29 15:15:00+05:30,4451,4451.95,4450,4450.05,4127,
2024-05-29 15:16:00+05:30,4451,4451.55,4450,4450,5341,
2024-05-29 15:17:00+05:30,4451,4452,4448.2,4450,13346,
2024-05-29 15:18:00+05:30,4450,4453,4448.1,4450.5,7661,
2024-05-29 15:19:00+05:30,4451.95,4452,4450,4450.5,3091,
2024-05-29 15:20:00+05:30,4450.35,4454.5,4447.5,4450.15,9469,
2024-05-29 15:21:00+05:30,4450.15,4453.45,4450,4450,5236,
2024-05-29 15:22:00+05:30,4450,4450.5,4447.6,4447.6,4226,
2024-05-29 15:23:00+05:30,4449.5,4450,4447,4449.9,10192,
2024-05-29 15:24:00+05:30,4449.85,4452.35,4449.85,4450.4,5681,
2024-05-29 15:25:00+05:30,4450.4,4450.85,4445.5,4449.6,10160,
2024-05-29 15:26:00+05:30,4447.95,4450.8,4446.85,4450,8541,
2024-05-29 15:27:00+05:30,4450.95,4454.2,4449.1,4451.05,7686,
2024-05-29 15:28:00+05:30,4451.1,4458,4451.05,4454.05,3569,
2024-05-29 15:29:00+05:30,4456.05,4466,4450.25,4465,4833,
2024-05-30 09:15:00+05:30,4444.05,4458.35,4427.25,4437.05,13982,
2024-05-30 09:16:00+05:30,4435.1,4437.15,4425,4425,5711,
2024-05-30 09:17:00+05:30,4423.95,4434.95,4421,4422,3815,
2024-05-30 09:18:00+05:30,4422,4423.2,4417.4,4423.05,1801,
2024-05-30 09:19:00+05:30,4422.55,4439.8,4421,4437.85,5280,
2024-05-30 09:20:00+05:30,4438.25,4442.8,4434.45,4441.95,4354,
2024-05-30 09:21:00+05:30,4441.95,4441.95,4429.1,4431.2,1240,
2024-05-30 09:22:00+05:30,4431.2,4431.2,4424.05,4427.2,1293,
2024-05-30 09:23:00+05:30,4427.3,4427.3,4420,4422.7,6714,
2024-05-30 09:24:00+05:30,4424.1,4425,4420.55,4423.5,1310,
2024-05-30 09:25:00+05:30,4422.1,4423.5,4420,4420.05,2227,
2024-05-30 09:26:00+05:30,4420,4425.45,4420,4420.4,896,
2024-05-30 09:27:00+05:30,4420.2,4422.6,4420,4420,1441,
2024-05-30 09:28:00+05:30,4420.3,4424.75,4420,4422.9,1956,
2024-05-30 09:29:00+05:30,4422.9,4426.55,4421,4424,2540,
2024-05-30 09:30:00+05:30,4424,4425,4420,4420,1448,
2024-05-30 09:31:00+05:30,4420,4423.9,4420,4421.4,909,
2024-05-30 09:32:00+05:30,4424.85,4424.85,4420,4420.75,1224,
2024-05-30 09:33:00+05:30,4420.75,4424.05,4420,4423.15,1485,
2024-05-30 09:34:00+05:30,4423.15,4427.85,4420.8,4425,2005,
2024-05-30 09:35:00+05:30,4425,4429.85,4425,4427.45,558,
2024-05-30 09:36:00+05:30,4425.95,4429.9,4422.05,4422.05,2292,
2024-05-30 09:37:00+05:30,4425,4425,4420,4420.8,2058,
2024-05-30 09:38:00+05:30,4420,4423.6,4419.35,4422.4,2618,
2024-05-30 09:39:00+05:30,4422.4,4426,4420.1,4423.05,742,
2024-05-30 09:40:00+05:30,4423.05,4426.95,4423.05,4425,526,
2024-05-30 09:41:00+05:30,4425,4425.65,4420,4422,625,
2024-05-30 09:42:00+05:30,4422,4422.95,4420,4422.6,360,
2024-05-30 09:43:00+05:30,4422.6,4424.7,4421.05,4421.05,522,
2024-05-30 09:44:00+05:30,4421.95,4429.8,4420.8,4423.85,3096,
2024-05-30 09:45:00+05:30,4423.85,4426.15,4422.6,4426.15,859,
2024-05-30 09:46:00+05:30,4425.05,4425.8,4423.5,4423.5,979,
2024-05-30 09:47:00+05:30,4423.5,4429.15,4423.5,4427.75,412,
2024-05-30 09:48:00+05:30,4427.75,4427.75,4422.15,4425,473,
2024-05-30 09:49:00+05:30,4425,4426.15,4422.25,4423.05,709,
2024-05-30 09:50:00+05:30,4423.05,4424.95,4420.15,4422,1247,
2024-05-30 09:51:00+05:30,4422,4424.95,4422,4423,663,
2024-05-30 09:52:00+05:30,4423,4425.6,4423,4425.25,598,
2024-05-30 09:53:00+05:30,4425.25,4425.25,4422,4422.15,319,
2024-05-30 09:54:00+05:30,4422.15,4426.45,4422.15,4424.95,733,
2024-05-30 09:55:00+05:30,4423.8,4428.3,4423.3,4428.3,2132,
2024-05-30 09:56:00+05:30,4430.25,4430.25,4427,4427.5,691,
2024-05-30 09:57:00+05:30,4427.5,4450.4,4427.5,4450,46250,
2024-05-30 09:58:00+05:30,4450,4453.8,4449.8,4451.6,4562,
2024-05-30 09:59:00+05:30,4450.5,4458,4449.95,4456.4,6157,
2024-05-30 10:00:00+05:30,4458,4458,4450,4451.7,2165,
2024-05-30 10:01:00+05:30,4454.3,4455.4,4450.1,4452,2062,
2024-05-30 10:02:00+05:30,4452,4457.95,4450.55,4455.05,2415,
2024-05-30 10:03:00+05:30,4457,4464,4451,4460.9,47470,
2024-05-30 10:04:00+05:30,4460.9,4463.6,4457.25,4462.5,10013,
2024-05-30 10:05:00+05:30,4460.15,4465,4460,4463.8,9817,
2024-05-30 10:06:00+05:30,4461.1,4464,4459.7,4460.8,2733,
2024-05-30 10:07:00+05:30,4460,4464,4459.15,4461.75,3283,
2024-05-30 10:08:00+05:30,4461.75,4463.4,4452,4454.6,7668,
2024-05-30 10:09:00+05:30,4454.2,4454.6,4450,4450,2029,
2024-05-30 10:10:00+05:30,4451.25,4452.7,4447.1,4448.4,3308,
2024-05-30 10:11:00+05:30,4448.4,4455,4448,4448,2314,
2024-05-30 10:12:00+05:30,4448,4450.05,4445,4445.05,1261,
2024-05-30 10:13:00+05:30,4446.35,4446.45,4443.05,4443.05,1127,
2024-05-30 10:14:00+05:30,4443.05,4449.75,4442,4449,2358,
2024-05-30 10:15:00+05:30,4449,4449,4444.85,4444.85,1328,
2024-05-30 10:16:00+05:30,4444.85,4447.75,4444.2,4446.55,460,
2024-05-30 10:17:00+05:30,4446.55,4454.65,4445.3,4453.45,2833,
2024-05-30 10:18:00+05:30,4452.2,4455,4448.75,4452.6,1799,
2024-05-30 10:19:00+05:30,4454.35,4455,4451.55,4451.6,573,
2024-05-30 10:20:00+05:30,4451.8,4454.9,4448.15,4448.15,1119,
2024-05-30 10:21:00+05:30,4448.15,4450,4448,4450,1055,
2024-05-30 10:22:00+05:30,4450,4450,4449.5,4450,5588,
2024-05-30 10:23:00+05:30,4450,4459.7,4450,4458.05,9308,
2024-05-30 10:24:00+05:30,4459.55,4459.55,4455.15,4457.85,1197,
2024-05-30 10:25:00+05:30,4457.85,4457.85,4453.1,4455,851,
2024-05-30 10:26:00+05:30,4455,4455,4448.9,4453.95,574,
2024-05-30 10:27:00+05:30,4453.85,4454.25,4449,4452.9,995,
2024-05-30 10:28:00+05:30,4452.3,4452.3,4448,4448.1,663,
2024-05-30 10:29:00+05:30,4448.1,4451.55,4448.1,4450.2,732,
2024-05-30 10:30:00+05:30,4450.2,4450.95,4448,4448.8,492,
2024-05-30 10:31:00+05:30,4448.8,4450.35,4448,4448.15,556,
2024-05-30 10:32:00+05:30,4448.15,4449.7,4448,4448,535,
2024-05-30 10:33:00+05:30,4448,4454.75,4446.9,4450.55,2430,
2024-05-30 10:34:00+05:30,4450.55,4458.5,4450.3,4455.8,2020,
2024-05-30 10:35:00+05:30,4455.8,4455.8,4449.75,4452.1,1514,
2024-05-30 10:36:00+05:30,4452.1,4454.95,4449.45,4454.9,388,
2024-05-30 10:37:00+05:30,4454.9,4454.9,4450.3,4450.45,428,
2024-05-30 10:38:00+05:30,4450.3,4451.8,4448.4,4448.75,417,
2024-05-30 10:39:00+05:30,4448.75,4450.3,4446,4450.3,4075,
2024-05-30 10:40:00+05:30,4451,4451,4446.6,4447.75,560,
2024-05-30 10:41:00+05:30,4447.75,4452,4444.8,4450.35,3319,
2024-05-30 10:42:00+05:30,4450.3,4451.1,4446.8,4447.05,726,
2024-05-30 10:43:00+05:30,4447.05,4450.05,4445.2,4449.95,750,
2024-05-30 10:44:00+05:30,4449.95,4449.95,4445,4448.6,587,
2024-05-30 10:45:00+05:30,4448.5,4448.65,4446,4446,314,
2024-05-30 10:46:00+05:30,4446,4449.35,4445.5,4446.05,1366,
2024-05-30 10:47:00+05:30,4446.05,4447,4444.25,4444.4,605,
2024-05-30 10:48:00+05:30,4444.4,4446.95,4444.25,4446.8,880,
2024-05-30 10:49:00+05:30,4446.8,4446.8,4444.75,4445.15,269,
2024-05-30 10:50:00+05:30,4445.15,4446.25,4444.75,4445,264,
2024-05-30 10:51:00+05:30,4445,4446.25,4440.9,4442.25,2217,
2024-05-30 10:52:00+05:30,4443,4445,4441.45,4443,1187,
2024-05-30 10:53:00+05:30,4443,4449.95,4442.25,4447.55,3223,
2024-05-30 10:54:00+05:30,4449.5,4453.05,4448.35,4452.6,3492,
2024-05-30 10:55:00+05:30,4452.6,4453.2,4449.1,4451.65,1113,
2024-05-30 10:56:00+05:30,4451.65,4452.05,4447.6,4452.05,1104,
2024-05-30 10:57:00+05:30,4452.05,4452.05,4446.3,4446.4,196,
2024-05-30 10:58:00+05:30,4446.4,4449.5,4446,4447,356,
2024-05-30 10:59:00+05:30,4447,4448,4444.95,4445.05,864,
2024-05-30 11:00:00+05:30,4445.05,4449.2,4444.7,4446.35,991,
2024-05-30 11:01:00+05:30,4446.35,4448.8,4445.4,4448,353,
2024-05-30 11:02:00+05:30,4447.45,4448.75,4445.3,4446.9,543,
2024-05-30 11:03:00+05:30,4446.9,4448.5,4446.05,4448.5,615,
2024-05-30 11:04:00+05:30,4448.9,4448.9,4445.45,4447.8,149,
2024-05-30 11:05:00+05:30,4447.8,4448.15,4445.4,4447.75,110,
2024-05-30 11:06:00+05:30,4447.75,4447.75,4444,4445,271,
2024-05-30 11:07:00+05:30,4444.4,4446.85,4444.2,4445.1,374,
2024-05-30 11:08:00+05:30,4445.1,4448,4444.6,4447.95,2751,
2024-05-30 11:09:00+05:30,4447.95,4447.95,4444,4446.2,325,
2024-05-30 11:10:00+05:30,4445.05,4446.95,4443,4445.95,1266,
2024-05-30 11:11:00+05:30,4445.95,4445.95,4442.05,4443.3,343,
2024-05-30 11:12:00+05:30,4443.3,4445,4442,4445,429,
2024-05-30 11:13:00+05:30,4445,4445.35,4442.05,4445.35,303,
2024-05-30 11:14:00+05:30,4445.35,4445.35,4442,4442.2,151,
2024-05-30 11:15:00+05:30,4442.2,4444.75,4442,4443.75,382,
2024-05-30 11:16:00+05:30,4443.75,4449.75,4443.7,4449.75,719,
2024-05-30 11:17:00+05:30,4452,4453.6,4452,4453.1,1398,
2024-05-30 11:18:00+05:30,4453.1,4454.8,4449,4454.25,1031,
2024-05-30 11:19:00+05:30,4454.25,4458.1,4452.05,4457.6,11340,
2024-05-30 11:20:00+05:30,4457.6,4459.95,4455,4455.45,4207,
2024-05-30 11:21:00+05:30,4455.45,4457.1,4450.25,4450.25,918,
2024-05-30 11:22:00+05:30,4450.25,4454.85,4449.7,4453.75,463,
2024-05-30 11:23:00+05:30,4453.75,4454.85,4451.55,4454,588,
2024-05-30 11:24:00+05:30,4454,4455,4451.35,4451.35,927,
2024-05-30 11:25:00+05:30,4451.35,4451.35,4448,4448,597,
2024-05-30 11:26:00+05:30,4448,4451,4448,4449.85,578,
2024-05-30 11:27:00+05:30,4449.85,4450,4447.05,4448.35,964,
2024-05-30 11:28:00+05:30,4448.35,4448.5,4447,4447.4,659,
2024-05-30 11:29:00+05:30,4447.4,4448.5,4446.1,4448.45,1118,
2024-05-30 11:30:00+05:30,4447.45,4447.6,4446,4446,346,
2024-05-30 11:31:00+05:30,4446,4447,4446,4446.6,262,
2024-05-30 11:32:00+05:30,4446.6,4448,4444,4444,1892,
2024-05-30 11:33:00+05:30,4444.4,4448.45,4444,4444.4,391,
2024-05-30 11:34:00+05:30,4445,4446.45,4444,4446,442,
2024-05-30 11:35:00+05:30,4446,4446.2,4444.2,4445.4,602,
2024-05-30 11:36:00+05:30,4445.4,4446.3,4444,4445.3,779,
2024-05-30 11:37:00+05:30,4445.3,4445.65,4444,4445.3,604,
2024-05-30 11:38:00+05:30,4445.3,4445.3,4442.95,4443.6,1147,
2024-05-30 11:39:00+05:30,4443.6,4444.85,4442.05,4442.55,855,
2024-05-30 11:40:00+05:30,4442.55,4444,4442,4444,432,
2024-05-30 11:41:00+05:30,4444,4444.75,4442,4443.1,546,
2024-05-30 11:42:00+05:30,4443.1,4443.2,4442,4442.2,486,
2024-05-30 11:43:00+05:30,4442.2,4442.55,4440.3,4440.3,2236,
2024-05-30 11:44:00+05:30,4440.3,4443.35,4440.25,4441.75,1053,
2024-05-30 11:45:00+05:30,4441.75,4445.6,4441.55,4444.25,754,
2024-05-30 11:46:00+05:30,4444.25,4454,4444.25,4454,2502,
2024-05-30 11:47:00+05:30,4454,4456,4450.75,4451,2043,
2024-05-30 11:48:00+05:30,4451,4455,4451,4454.35,600,
2024-05-30 11:49:00+05:30,4454.35,4454.35,4450.6,4452.8,632,
2024-05-30 11:50:00+05:30,4452.8,4453.85,4449.6,4449.6,459,
2024-05-30 11:51:00+05:30,4449.6,4451.7,4449.1,4450.7,326,
2024-05-30 11:52:00+05:30,4450.7,4451.6,4449.1,4449.1,521,
2024-05-30 11:53:00+05:30,4449.1,4449.7,4448,4448.35,1381,
2024-05-30 11:54:00+05:30,4448.35,4450.45,4446.2,4446.3,348,
2024-05-30 11:55:00+05:30,4446.3,4448.75,4446.25,4447.25,314,
2024-05-30 11:56:00+05:30,4447.25,4449.8,4446.3,4448.25,444,
2024-05-30 11:57:00+05:30,4448.25,4450.4,4444.55,4447.15,1504,
2024-05-30 11:58:00+05:30,4448.6,4448.6,4439,4439,7520,
2024-05-30 11:59:00+05:30,4439,4443.6,4436.4,4439.5,6979,
2024-05-30 12:00:00+05:30,4439.5,4443,4438,4440.25,2146,
2024-05-30 12:01:00+05:30,4440.25,4442.1,4438,4438.4,753,
2024-05-30 12:02:00+05:30,4438.4,4441.9,4437.1,4439.8,1514,
2024-05-30 12:03:00+05:30,4439.8,4440.95,4437.05,4438.6,813,
2024-05-30 12:04:00+05:30,4438.6,4438.95,4436.3,4436.5,714,
2024-05-30 12:05:00+05:30,4436.5,4444.6,4436.5,4442.55,3189,
2024-05-30 12:06:00+05:30,4442.55,4449,4440.65,4448.95,1228,
2024-05-30 12:07:00+05:30,4449,4449.8,4446.3,4449,1344,
2024-05-30 12:08:00+05:30,4449,4451.15,4447.45,4447.45,1165,
2024-05-30 12:09:00+05:30,4447.45,4452.95,4447.45,4452.4,670,
2024-05-30 12:10:00+05:30,4452.05,4454,4450.25,4451.65,568,
2024-05-30 12:11:00+05:30,4451.65,4453.95,4451.05,4452.2,334,
2024-05-30 12:12:00+05:30,4452.2,4453.5,4450.15,4450.25,521,
2024-05-30 12:13:00+05:30,4450.1,4453.15,4447.7,4449.95,661,
2024-05-30 12:14:00+05:30,4448.3,4450.05,4448.05,4449.6,623,
2024-05-30 12:15:00+05:30,4449.6,4450.3,4447.25,4447.35,765,
2024-05-30 12:16:00+05:30,4447.35,4449.1,4441.85,4443,1454,
2024-05-30 12:17:00+05:30,4443,4444.9,4441.35,4441.8,1197,
2024-05-30 12:18:00+05:30,4441.8,4442.95,4438,4440.2,1269,
2024-05-30 12:19:00+05:30,4440.2,4443.8,4440.2,4441.35,930,
2024-05-30 12:20:00+05:30,4441.35,4449.3,4441.25,4446.3,848,
2024-05-30 12:21:00+05:30,4445.55,4447.7,4442.15,4444.2,1292,
2024-05-30 12:22:00+05:30,4444.2,4444.7,4440.6,4443.25,769,
2024-05-30 12:23:00+05:30,4443.25,4444.75,4440.85,4443.8,375,
2024-05-30 12:24:00+05:30,4443.8,4443.8,4440.05,4442.75,463,
2024-05-30 12:25:00+05:30,4442.75,4447.2,4441.45,4446.6,487,
2024-05-30 12:26:00+05:30,4446.6,4446.6,4444,4444,948,
2024-05-30 12:27:00+05:30,4444,4445.7,4442.65,4445.1,424,
2024-05-30 12:28:00+05:30,4445.1,4446.6,4443.3,4445,1178,
2024-05-30 12:29:00+05:30,4445,4446.9,4441.75,4441.85,479,
2024-05-30 12:30:00+05:30,4442.2,4444.4,4440.35,4441.5,2118,
2024-05-30 12:31:00+05:30,4441.5,4445.8,4440.9,4445.25,1242,
2024-05-30 12:32:00+05:30,4445.25,4446,4442.6,4444.95,575,
2024-05-30 12:33:00+05:30,4445,4448.85,4445,4448.7,837,
2024-05-30 12:34:00+05:30,4448.7,4448.7,4444.4,4448.55,812,
2024-05-30 12:35:00+05:30,4448.55,4448.85,4446.2,4446.45,696,
2024-05-30 12:36:00+05:30,4446,4449.9,4445.75,4449.8,663,
2024-05-30 12:37:00+05:30,4449.75,4449.8,4443,4443,643,
2024-05-30 12:38:00+05:30,4443,4444.6,4443,4444.55,470,
2024-05-30 12:39:00+05:30,4444.55,4444.55,4441.05,4443,1241,
2024-05-30 12:40:00+05:30,4443,4445.1,4441.75,4442.4,634,
2024-05-30 12:41:00+05:30,4442.4,4444.5,4440.8,4442.15,849,
2024-05-30 12:42:00+05:30,4442.15,4442.6,4440.05,4440.25,401,
2024-05-30 12:43:00+05:30,4440.25,4442.55,4440.2,4442.55,528,
2024-05-30 12:44:00+05:30,4442.55,4443.25,4440.55,4443.25,928,
2024-05-30 12:45:00+05:30,4443.25,4445.8,4440.55,4442.75,1675,
2024-05-30 12:46:00+05:30,4442.75,4444.4,4440.6,4443.95,931,
2024-05-30 12:47:00+05:30,4444.1,4446.8,4444,4446.25,929,
2024-05-30 12:48:00+05:30,4446.45,4447.2,4444.05,4446.55,2800,
2024-05-30 12:49:00+05:30,4446.55,4446.75,4441.55,4444.6,762,
2024-05-30 12:50:00+05:30,4445.8,4445.8,4442.05,4443.45,514,
2024-05-30 12:51:00+05:30,4443.5,4443.6,4440.45,4441.75,762,
2024-05-30 12:52:00+05:30,4441.75,4445.25,4441.75,4443.8,416,
2024-05-30 12:53:00+05:30,4443.2,4445.4,4443.2,4443.9,555,
2024-05-30 12:54:00+05:30,4443.9,4445,4441.6,4444.95,662,
2024-05-30 12:55:00+05:30,4444.95,4446.55,4443.55,4445.75,612,
2024-05-30 12:56:00+05:30,4445.75,4446.45,4442.2,4446.3,1011,
2024-05-30 12:57:00+05:30,4446.45,4446.75,4443.05,4445.65,959,
2024-05-30 12:58:00+05:30,4445.65,4446.75,4443.8,4446.75,876,
2024-05-30 12:59:00+05:30,4446.75,4446.75,4442.05,4444.6,1118,
2024-05-30 13:00:00+05:30,4444.6,4445,4441.3,4444.55,1931,
2024-05-30 13:01:00+05:30,4444.5,4444.6,4441.65,4442.35,468,
2024-05-30 13:02:00+05:30,4442.35,4443.5,4441.25,4443.35,460,
2024-05-30 13:03:00+05:30,4443.35,4443.6,4442,4443.6,498,
2024-05-30 13:04:00+05:30,4443.6,4444.2,4442.05,4443.6,1497,
2024-05-30 13:05:00+05:30,4443.6,4444.35,4441,4443.1,1334,
2024-05-30 13:06:00+05:30,4443.1,4443.45,4441,4441.4,649,
2024-05-30 13:07:00+05:30,4442.9,4444.15,4441.35,4443.6,2928,
2024-05-30 13:08:00+05:30,4443.6,4443.95,4441.85,4442.35,1006,
2024-05-30 13:09:00+05:30,4442.35,4444,4440.4,4440.9,846,
2024-05-30 13:10:00+05:30,4440.9,4442.75,4436,4436.75,2298,
2024-05-30 13:11:00+05:30,4436.75,4443.4,4436.75,4440,888,
2024-05-30 13:12:00+05:30,4440.85,4441.15,4440,4440,386,
2024-05-30 13:13:00+05:30,4440,4440,4436.4,4437.05,1724,
2024-05-30 13:14:00+05:30,4437.05,4437.05,4435.1,4436.1,499,
2024-05-30 13:15:00+05:30,4436.1,4436.1,4432.2,4434.9,3050,
2024-05-30 13:16:00+05:30,4434.9,4435.85,4434,4435.8,2538,
2024-05-30 13:17:00+05:30,4435.6,4435.75,4428.1,4431,3365,
2024-05-30 13:18:00+05:30,4431,4435,4430.05,4430.75,594,
2024-05-30 13:19:00+05:30,4430.55,4433.35,4430,4430,731,
2024-05-30 13:20:00+05:30,4430,4432.8,4430,4431,644,
2024-05-30 13:21:00+05:30,4431,4433.5,4430.1,4432.2,892,
2024-05-30 13:22:00+05:30,4430.25,4433.2,4430,4430.4,918,
2024-05-30 13:23:00+05:30,4430.5,4431.35,4425.8,4426.6,2020,
2024-05-30 13:24:00+05:30,4425,4431.75,4425,4430.05,3547,
2024-05-30 13:25:00+05:30,4430.05,4431.75,4428.25,4430,699,
2024-05-30 13:26:00+05:30,4430,4431.2,4427.1,4431,1452,
2024-05-30 13:27:00+05:30,4431,4431.45,4430,4430.95,814,
2024-05-30 13:28:00+05:30,4430.95,4430.95,4426.75,4430.8,1635,
2024-05-30 13:29:00+05:30,4430.8,4436.8,4429.3,4435.8,1463,
2024-05-30 13:30:00+05:30,4435.8,4437,4431,4435.75,1292,
2024-05-30 13:31:00+05:30,4434.6,4437.1,4433.6,4434.95,930,
2024-05-30 13:32:00+05:30,4434.95,4435.05,4432.2,4433.8,882,
2024-05-30 13:33:00+05:30,4432.7,4438.2,4432,4434.05,3627,
2024-05-30 13:34:00+05:30,4434.05,4437.35,4432.2,4437.35,1015,
2024-05-30 13:35:00+05:30,4437.35,4440,4435.55,4437.85,710,
2024-05-30 13:36:00+05:30,4437.05,4440,4435.05,4438.35,789,
2024-05-30 13:37:00+05:30,4438.35,4439.65,4431.05,4432.9,1413,
2024-05-30 13:38:00+05:30,4430.9,4433.45,4429.7,4430.55,823,
2024-05-30 13:39:00+05:30,4430.55,4434.85,4430.55,4433.05,674,
2024-05-30 13:40:00+05:30,4433.4,4438.25,4433,4434.9,1260,
2024-05-30 13:41:00+05:30,4434.9,4440,4434.9,4439.9,3321,
2024-05-30 13:42:00+05:30,4439.9,4440.6,4437,4439.15,1113,
2024-05-30 13:43:00+05:30,4439.4,4440,4436.7,4439.6,1191,
2024-05-30 13:44:00+05:30,4439.6,4439.85,4436.45,4438.9,704,
2024-05-30 13:45:00+05:30,4439.2,4439.2,4436.65,4436.65,606,
2024-05-30 13:46:00+05:30,4438.8,4440.8,4436,4440.75,1883,
2024-05-30 13:47:00+05:30,4440.75,4440.85,4434.05,4438.1,1284,
2024-05-30 13:48:00+05:30,4438.15,4439.45,4434.3,4435.5,1381,
2024-05-30 13:49:00+05:30,4435.5,4436.55,4434,4434,557,
2024-05-30 13:50:00+05:30,4434.05,4434.85,4431.95,4434.85,858,
2024-05-30 13:51:00+05:30,4434.85,4436.8,4434.1,4436.2,755,
2024-05-30 13:52:00+05:30,4436.15,4436.65,4432.25,4432.25,211,
2024-05-30 13:53:00+05:30,4433,4436.9,4432.3,4436.65,926,
2024-05-30 13:54:00+05:30,4436.65,4437.95,4434.7,4437.95,629,
2024-05-30 13:55:00+05:30,4437.95,4438.9,4433.5,4433.55,710,
2024-05-30 13:56:00+05:30,4433.5,4434.7,4432.15,4433,381,
2024-05-30 13:57:00+05:30,4433,4434.55,4432.6,4433.3,331,
2024-05-30 13:58:00+05:30,4433.2,4433.35,4428.15,4431.95,2859,
2024-05-30 13:59:00+05:30,4431.95,4432.65,4428,4431.95,2494,
2024-05-30 14:00:00+05:30,4431.95,4432.4,4430.3,4430.85,690,
2024-05-30 14:01:00+05:30,4430.85,4434.5,4430.4,4431.4,1529,
2024-05-30 14:02:00+05:30,4431.4,4433.55,4430.45,4433.05,477,
2024-05-30 14:03:00+05:30,4433.05,4433.05,4430.35,4430.9,1089,
2024-05-30 14:04:00+05:30,4430.9,4430.9,4426.3,4428.9,1516,
2024-05-30 14:05:00+05:30,4428.9,4429.9,4427.8,4428.45,492,
2024-05-30 14:06:00+05:30,4428.45,4429.75,4427.3,4428.45,531,
2024-05-30 14:07:00+05:30,4428.45,4428.45,4427,4427.1,433,
2024-05-30 14:08:00+05:30,4427.1,4428.45,4427,4428.45,806,
2024-05-30 14:09:00+05:30,4428.45,4430.75,4427.65,4430.75,745,
2024-05-30 14:10:00+05:30,4430.75,4430.75,4427.45,4428.55,494,
2024-05-30 14:11:00+05:30,4428.55,4430.7,4426.9,4429.5,2072,
2024-05-30 14:12:00+05:30,4429.75,4430.7,4427.1,4427.1,1126,
2024-05-30 14:13:00+05:30,4427.1,4430,4426.45,4430,770,
2024-05-30 14:14:00+05:30,4430,4430,4427.55,4427.6,665,
2024-05-30 14:15:00+05:30,4427.6,4429.85,4426.55,4428.15,403,
2024-05-30 14:16:00+05:30,4427.2,4429.35,4426.5,4429.35,728,
2024-05-30 14:17:00+05:30,4429.35,4429.8,4426.3,4429.15,713,
2024-05-30 14:18:00+05:30,4429.15,4430,4427.8,4430,1075,
2024-05-30 14:19:00+05:30,4429.7,4430,4429.6,4429.75,791,
2024-05-30 14:20:00+05:30,4429.75,4430,4427.75,4429.35,791,
2024-05-30 14:21:00+05:30,4429.35,4429.35,4426.7,4429.1,863,
2024-05-30 14:22:00+05:30,4428.85,4429.2,4426.95,4429,597,
2024-05-30 14:23:00+05:30,4429,4429.95,4426.3,4426.3,1019,
2024-05-30 14:24:00+05:30,4426.3,4429.15,4425.65,4428.05,1024,
2024-05-30 14:25:00+05:30,4428.05,4429,4425.5,4427.65,713,
2024-05-30 14:26:00+05:30,4427.65,4428,4422.05,4422.9,2088,
2024-05-30 14:27:00+05:30,4422.9,4427.25,4422.85,4426.75,824,
2024-05-30 14:28:00+05:30,4426.75,4426.75,4424.2,4425.75,415,
2024-05-30 14:29:00+05:30,4425.75,4426.9,4424.2,4424.35,459,
2024-05-30 14:30:00+05:30,4424.35,4427.2,4423.95,4426.8,1228,
2024-05-30 14:31:00+05:30,4426.8,4428.85,4420,4421.75,13480,
2024-05-30 14:32:00+05:30,4424.4,4429,4420,4422.4,10560,
2024-05-30 14:33:00+05:30,4422.4,4426.1,4420.05,4421.85,2549,
2024-05-30 14:34:00+05:30,4421.85,4424.85,4420,4422.9,1199,
2024-05-30 14:35:00+05:30,4422.9,4423,4420,4422.95,678,
2024-05-30 14:36:00+05:30,4422.95,4427.3,4422.25,4426.3,1899,
2024-05-30 14:37:00+05:30,4426.3,4426.3,4422.1,4425,1787,
2024-05-30 14:38:00+05:30,4422.15,4427.5,4421.4,4425.3,1867,
2024-05-30 14:39:00+05:30,4425.3,4427.25,4423,4423,1099,
2024-05-30 14:40:00+05:30,4422.95,4426.95,4422.05,4426.95,1104,
2024-05-30 14:41:00+05:30,4426.95,4427,4421.9,4422.8,1548,
2024-05-30 14:42:00+05:30,4423.15,4424.6,4420,4420.3,2589,
2024-05-30 14:43:00+05:30,4420.05,4422.85,4420,4422.15,1319,
2024-05-30 14:44:00+05:30,4422.15,4422.35,4420,4420,1340,
2024-05-30 14:45:00+05:30,4420,4422,4420,4420.6,1483,
2024-05-30 14:46:00+05:30,4420.6,4423.4,4420.05,4422.05,1629,
2024-05-30 14:47:00+05:30,4422.1,4423,4420,4420.95,751,
2024-05-30 14:48:00+05:30,4420.95,4423.8,4420,4420.8,3094,
2024-05-30 14:49:00+05:30,4420.8,4422,4420,4421.9,1954,
2024-05-30 14:50:00+05:30,4421.9,4421.9,4418.9,4420.95,2518,
2024-05-30 14:51:00+05:30,4420.95,4420.95,4408.15,4411.2,7083,
2024-05-30 14:52:00+05:30,4411.2,4412.55,4406.65,4408.05,4323,
2024-05-30 14:53:00+05:30,4408.05,4409.85,4404.2,4404.25,2318,
2024-05-30 14:54:00+05:30,4404.35,4406.85,4402.15,4405.05,2149,
2024-05-30 14:55:00+05:30,4404.7,4413.6,4404.2,4411.3,1832,
2024-05-30 14:56:00+05:30,4410.6,4412.6,4406.8,4409,1915,
2024-05-30 14:57:00+05:30,4409.95,4410,4403.25,4404.4,1136,
2024-05-30 14:58:00+05:30,4404.4,4405.6,4400.05,4400.05,3191,
2024-05-30 14:59:00+05:30,4400,4405.4,4400,4404,1665,
2024-05-30 15:00:00+05:30,4404,4414,4392.2,4396.75,9956,
2024-05-30 15:01:00+05:30,4396.75,4402.8,4390,4399.45,5756,
2024-05-30 15:02:00+05:30,4399.45,4405.2,4391.3,4400.1,6319,
2024-05-30 15:03:00+05:30,4400.1,4410.75,4400.1,4408.35,4993,
2024-05-30 15:04:00+05:30,4408.15,4409.75,4395.6,4399.45,4290,
2024-05-30 15:05:00+05:30,4404.95,4404.95,4398.05,4398.1,7216,
2024-05-30 15:06:00+05:30,4398.1,4415,4396.85,4413.7,6190,
2024-05-30 15:07:00+05:30,4413.7,4417.7,4408.25,4408.35,4333,
2024-05-30 15:08:00+05:30,4408.75,4413.8,4405.95,4412.85,6177,
2024-05-30 15:09:00+05:30,4412.85,4415,4408.55,4412.55,2801,
2024-05-30 15:10:00+05:30,4412.55,4418.55,4408.95,4418.55,4488,
2024-05-30 15:11:00+05:30,4419,4419,4410.75,4414.55,5032,
2024-05-30 15:12:00+05:30,4414.55,4415,4411,4415,4490,
2024-05-30 15:13:00+05:30,4415,4416.6,4411.55,4412.9,10338,
2024-05-30 15:14:00+05:30,4412.9,4419.1,4412.9,4419.1,3300,
2024-05-30 15:15:00+05:30,4418,4419.95,4414.7,4417.55,4187,
2024-05-30 15:16:00+05:30,4418.6,4421.5,4413.05,4416.7,6800,
2024-05-30 15:17:00+05:30,4416.7,4420.5,4414.5,4420,4440,
2024-05-30 15:18:00+05:30,4420.3,4421.95,4412,4413.45,5636,
2024-05-30 15:19:00+05:30,4413.75,4418.35,4413.75,4417.3,2397,
2024-05-30 15:20:00+05:30,4417.3,4420.3,4417.05,4420,4775,
2024-05-30 15:21:00+05:30,4419.45,4421.4,4412.9,4419.15,4430,
2024-05-30 15:22:00+05:30,4419.15,4423.4,4418.75,4421.85,3658,
2024-05-30 15:23:00+05:30,4421.8,4425,4421.75,4425,3257,
2024-05-30 15:24:00+05:30,4424.85,4426.45,4421.6,4426.2,2716,
2024-05-30 15:25:00+05:30,4426.65,4426.65,4421.7,4421.7,2736,
2024-05-30 15:26:00+05:30,4421.7,4426,4417.4,4424.45,3676,
2024-05-30 15:27:00+05:30,4424.45,4433.95,4422.95,4432.4,4523,
2024-05-30 15:28:00+05:30,4432.4,4433.05,4409.05,4414.45,4745,
2024-05-30 15:29:00+05:30,4422.65,4435,4411.15,4424.65,1124,
2024-05-31 09:15:00+05:30,4427.45,4447.6,4423.05,4446.8,5273,
2024-05-31 09:16:00+05:30,4446.55,4455.85,4431.55,4441,5382,
2024-05-31 09:17:00+05:30,4441,4445,4430,4432.35,3453,
2024-05-31 09:18:00+05:30,4432.35,4443.55,4432.35,4437.85,1739,
2024-05-31 09:19:00+05:30,4437.85,4442.3,4430.45,4438.75,4647,
2024-05-31 09:20:00+05:30,4442.4,4442.4,4431.8,4431.8,3281,
2024-05-31 09:21:00+05:30,4431.8,4433.4,4420,4431,7602,
2024-05-31 09:22:00+05:30,4428.55,4438.2,4428.55,4437.85,1948,
2024-05-31 09:23:00+05:30,4440,4443.75,4435.4,4438.1,1250,
2024-05-31 09:24:00+05:30,4438.1,4438.1,4430.6,4436.65,1184,
2024-05-31 09:25:00+05:30,4436.65,4436.65,4430,4432.8,1689,
2024-05-31 09:26:00+05:30,4432.8,4432.8,4428.05,4428.85,2373,
2024-05-31 09:27:00+05:30,4428.85,4429.7,4421.65,4422.75,627,
2024-05-31 09:28:00+05:30,4422.75,4424.7,4418.8,4422.15,1315,
2024-05-31 09:29:00+05:30,4424.25,4426.7,4422.15,4426.65,1256,
2024-05-31 09:30:00+05:30,4426.3,4429.35,4420.85,4425.5,885,
2024-05-31 09:31:00+05:30,4425.5,4430,4425.5,4430,160,
2024-05-31 09:32:00+05:30,4428.65,4430,4421.1,4421.1,1063,
2024-05-31 09:33:00+05:30,4421.1,4423.8,4421.05,4423.5,189,
2024-05-31 09:34:00+05:30,4421,4430,4421,4427.95,3526,
2024-05-31 09:35:00+05:30,4427.05,4434,4427,4432.15,3308,
2024-05-31 09:36:00+05:30,4435.05,4436.35,4407.9,4412.2,11257,
2024-05-31 09:37:00+05:30,4412.2,4415,4410,4410,944,
2024-05-31 09:38:00+05:30,4410,4412,4406.7,4406.7,2062,
2024-05-31 09:39:00+05:30,4408.85,4413.7,4404.8,4410.9,1384,
2024-05-31 09:40:00+05:30,4411.1,4412.1,4407.55,4409.15,1036,
2024-05-31 09:41:00+05:30,4409.15,4409.7,4406,4408.3,627,
2024-05-31 09:42:00+05:30,4408.3,4413,4406.55,4412,788,
2024-05-31 09:43:00+05:30,4411.1,4413.4,4407.65,4410.85,842,
2024-05-31 09:44:00+05:30,4410.8,4416,4408.65,4415.9,761,
2024-05-31 09:45:00+05:30,4415.9,4416.55,4408.55,4409.25,714,
2024-05-31 09:46:00+05:30,4409.25,4412.15,4406.15,4409.35,581,
2024-05-31 09:47:00+05:30,4409.25,4413.95,4405.05,4413.75,1114,
2024-05-31 09:48:00+05:30,4413.75,4416.3,4411.15,4414.05,744,
2024-05-31 09:49:00+05:30,4414.05,4414.85,4411.55,4413,775,
2024-05-31 09:50:00+05:30,4413,4415,4404.55,4405.5,2416,
2024-05-31 09:51:00+05:30,4405.5,4405.5,4403.25,4403.8,871,
2024-05-31 09:52:00+05:30,4403.8,4404,4401,4402.6,394,
2024-05-31 09:53:00+05:30,4402.95,4403.3,4399.05,4402.25,4211,
2024-05-31 09:54:00+05:30,4402.95,4402.95,4393,4393,2126,
2024-05-31 09:55:00+05:30,4393,4394.65,4387.9,4391.95,3303,
2024-05-31 09:56:00+05:30,4391.95,4399.75,4389.05,4389.3,6086,
2024-05-31 09:57:00+05:30,4389.3,4393.65,4389.05,4393.5,1282,
2024-05-31 09:58:00+05:30,4392,4394.1,4388.7,4388.7,1389,
2024-05-31 09:59:00+05:30,4391,4394.95,4390.55,4392.25,720,
2024-05-31 10:00:00+05:30,4392.9,4392.9,4389.05,4392,1164,
2024-05-31 10:01:00+05:30,4389,4392,4389,4389.4,1533,
2024-05-31 10:02:00+05:30,4388.5,4394.4,4384.55,4391.9,2908,
2024-05-31 10:03:00+05:30,4391.9,4397.15,4391.9,4395.2,1776,
2024-05-31 10:04:00+05:30,4395.2,4396.85,4389.4,4389.4,1407,
2024-05-31 10:05:00+05:30,4389.4,4391.9,4386.3,4387.35,1733,
2024-05-31 10:06:00+05:30,4387.35,4389.95,4380.7,4380.7,712,
2024-05-31 10:07:00+05:30,4380.7,4382.75,4376.9,4379.25,4682,
2024-05-31 10:08:00+05:30,4379.25,4382.25,4379.25,4380,861,
2024-05-31 10:09:00+05:30,4380,4381.45,4375,4375,701,
2024-05-31 10:10:00+05:30,4375,4379.95,4371.8,4371.85,4317,
2024-05-31 10:11:00+05:30,4373.55,4380,4371.05,4376.45,1560,
2024-05-31 10:12:00+05:30,4378.5,4379.95,4376,4378,706,
2024-05-31 10:13:00+05:30,4378,4380.5,4378,4378.1,727,
2024-05-31 10:14:00+05:30,4378.1,4385.05,4378.05,4383.2,352,
2024-05-31 10:15:00+05:30,4384.95,4384.95,4383.2,4383.25,258,
2024-05-31 10:16:00+05:30,4383.25,4383.25,4378.7,4381.7,349,
2024-05-31 10:17:00+05:30,4381.7,4381.7,4378,4378,131,
2024-05-31 10:18:00+05:30,4378,4385.2,4378,4380.2,738,
2024-05-31 10:19:00+05:30,4380.8,4387.3,4380.8,4384.85,459,
2024-05-31 10:20:00+05:30,4384.85,4387.3,4383.45,4383.45,1052,
2024-05-31 10:21:00+05:30,4383.45,4385.1,4368.05,4369.9,8083,
2024-05-31 10:22:00+05:30,4371.7,4373.15,4367.1,4367.1,2771,
2024-05-31 10:23:00+05:30,4367.1,4376.2,4366.7,4368,1427,
2024-05-31 10:24:00+05:30,4368,4370.05,4367,4367,790,
2024-05-31 10:25:00+05:30,4367.45,4370.25,4364.55,4369,11716,
2024-05-31 10:26:00+05:30,4368.45,4373.45,4367.95,4373.45,2205,
2024-05-31 10:27:00+05:30,4375.9,4376.45,4373.45,4375.8,532,
2024-05-31 10:28:00+05:30,4375.8,4377.2,4370.55,4377.2,908,
2024-05-31 10:29:00+05:30,4377.2,4377.2,4370,4370.7,565,
2024-05-31 10:30:00+05:30,4370.7,4372.4,4366.3,4366.5,1410,
2024-05-31 10:31:00+05:30,4367.5,4373.85,4366.75,4373.85,912,
2024-05-31 10:32:00+05:30,4373.85,4374.9,4364.65,4364.65,8802,
2024-05-31 10:33:00+05:30,4364.65,4364.7,4355.75,4357.9,3529,
2024-05-31 10:34:00+05:30,4356.35,4360.35,4352.4,4356.75,2704,
2024-05-31 10:35:00+05:30,4356.45,4362.4,4355,4362.4,499,
2024-05-31 10:36:00+05:30,4362.4,4365.35,4362,4363,756,
2024-05-31 10:37:00+05:30,4363,4363,4360.15,4360.65,463,
2024-05-31 10:38:00+05:30,4362.35,4362.35,4357,4357.3,567,
2024-05-31 10:39:00+05:30,4359.6,4360,4352.2,4352.55,1314,
2024-05-31 10:40:00+05:30,4356.75,4359.55,4355.2,4358.3,690,
2024-05-31 10:41:00+05:30,4358.3,4360,4356.75,4357.75,596,
2024-05-31 10:42:00+05:30,4359.75,4359.75,4351,4352,1659,
2024-05-31 10:43:00+05:30,4352.7,4357.7,4352.7,4356.95,2096,
2024-05-31 10:44:00+05:30,4356.95,4357.7,4352.05,4352.05,1480,
2024-05-31 10:45:00+05:30,4351.1,4352,4350,4350.1,938,
2024-05-31 10:46:00+05:30,4352,4352,4346.7,4351.95,3424,
2024-05-31 10:47:00+05:30,4351.95,4356.7,4350.65,4356.7,1010,
2024-05-31 10:48:00+05:30,4356.7,4356.7,4349,4350,3221,
2024-05-31 10:49:00+05:30,4350,4351.65,4347.7,4347.7,1543,
2024-05-31 10:50:00+05:30,4347.7,4354.45,4347.7,4349.4,2650,
2024-05-31 10:51:00+05:30,4346.85,4349.45,4346.85,4349.05,1228,
2024-05-31 10:52:00+05:30,4349.05,4349.65,4348,4348,335,
2024-05-31 10:53:00+05:30,4348,4350,4346.7,4347.65,1023,
2024-05-31 10:54:00+05:30,4347.65,4350,4347.1,4347.9,428,
2024-05-31 10:55:00+05:30,4347.9,4349.35,4347.9,4348,172,
2024-05-31 10:56:00+05:30,4348,4349.35,4338.35,4343.55,3494,
2024-05-31 10:57:00+05:30,4343.35,4345.75,4343.35,4344.45,885,
2024-05-31 10:58:00+05:30,4344.45,4345,4344.45,4345,521,
2024-05-31 10:59:00+05:30,4345,4346.65,4344.45,4345,403,
2024-05-31 11:00:00+05:30,4344.5,4345,4341.8,4343.35,265,
2024-05-31 11:01:00+05:30,4341.35,4343.4,4334.4,4335.55,2897,
2024-05-31 11:02:00+05:30,4335.05,4339.2,4334.3,4339.2,4266,
2024-05-31 11:03:00+05:30,4340.15,4341.85,4334.35,4334.9,3909,
2024-05-31 11:04:00+05:30,4334.9,4336.7,4333.75,4334.05,840,
2024-05-31 11:05:00+05:30,4334.05,4336,4334.05,4334.9,593,
2024-05-31 11:06:00+05:30,4334.9,4337,4334.65,4335,3148,
2024-05-31 11:07:00+05:30,4335,4336.55,4332,4333.3,2213,
2024-05-31 11:08:00+05:30,4333.3,4336.95,4332,4336.45,1066,
2024-05-31 11:09:00+05:30,4335.65,4335.65,4332.45,4332.7,738,
2024-05-31 11:10:00+05:30,4332.7,4336.95,4332.7,4335,812,
2024-05-31 11:11:00+05:30,4337.4,4337.45,4334.9,4335,3093,
2024-05-31 11:12:00+05:30,4335,4337.3,4334.9,4334.95,2205,
2024-05-31 11:13:00+05:30,4334.9,4345,4334.9,4343.2,6988,
2024-05-31 11:14:00+05:30,4343.2,4349,4343.2,4347.05,1684,
2024-05-31 11:15:00+05:30,4347.05,4348.15,4335,4348.15,7436,
2024-05-31 11:16:00+05:30,4345.55,4363.7,4345.55,4363.7,3314,
2024-05-31 11:17:00+05:30,4364.95,4366.95,4360.9,4361.05,3431,
2024-05-31 11:18:00+05:30,4360.1,4361.7,4360,4361.7,1389,
2024-05-31 11:19:00+05:30,4362.15,4366.1,4361.8,4366.1,702,
2024-05-31 11:20:00+05:30,4366.1,4376.85,4366.1,4370.35,2648,
2024-05-31 11:21:00+05:30,4370.35,4374.3,4370.35,4373.25,528,
2024-05-31 11:22:00+05:30,4373.25,4373.25,4369,4370,1104,
2024-05-31 11:23:00+05:30,4370,4370.9,4367.8,4369.5,358,
2024-05-31 11:24:00+05:30,4369.5,4369.5,4363.45,4366.4,487,
2024-05-31 11:25:00+05:30,4366.4,4370.85,4365,4369.5,269,
2024-05-31 11:26:00+05:30,4369.5,4370.7,4368.1,4370.4,176,
2024-05-31 11:27:00+05:30,4370.4,4372.3,4360,4360,677,
2024-05-31 11:28:00+05:30,4360,4365,4360,4365,287,
2024-05-31 11:29:00+05:30,4365,4366.2,4360.1,4360.1,333,
2024-05-31 11:30:00+05:30,4360.1,4361.8,4357,4360.5,1458,
2024-05-31 11:31:00+05:30,4358.35,4364,4358.35,4364,217,
2024-05-31 11:32:00+05:30,4364,4366.25,4362.35,4366.2,208,
2024-05-31 11:33:00+05:30,4366.2,4368.65,4365.05,4367.95,665,
2024-05-31 11:34:00+05:30,4367.95,4368,4365,4367.55,365,
2024-05-31 11:35:00+05:30,4367.55,4371.95,4367.55,4367.6,980,
2024-05-31 11:36:00+05:30,4369.9,4371.95,4368.15,4371.3,147,
2024-05-31 11:37:00+05:30,4371.3,4371.7,4370,4370,128,
2024-05-31 11:38:00+05:30,4370,4371.7,4365.6,4369.35,483,
2024-05-31 11:39:00+05:30,4369.35,4369.35,4358,4361.1,1272,
2024-05-31 11:40:00+05:30,4361.1,4361.1,4358,4359.45,275,
2024-05-31 11:41:00+05:30,4359.45,4360.15,4353.5,4360.15,1745,
2024-05-31 11:42:00+05:30,4360.45,4363.5,4360.45,4360.6,198,
2024-05-31 11:43:00+05:30,4359.85,4364.3,4359,4360.55,231,
2024-05-31 11:44:00+05:30,4360.55,4363.3,4357.95,4358.9,510,
2024-05-31 11:45:00+05:30,4358.9,4359.45,4356.05,4356.05,155,
2024-05-31 11:46:00+05:30,4356.05,4358.1,4355.1,4355.6,577,
2024-05-31 11:47:00+05:30,4355.6,4357.7,4354.5,4354.5,401,
2024-05-31 11:48:00+05:30,4354.5,4355.8,4352.8,4355,661,
2024-05-31 11:49:00+05:30,4355,4355.4,4352.15,4354.4,500,
2024-05-31 11:50:00+05:30,4354.4,4356.45,4352.6,4355,220,
2024-05-31 11:51:00+05:30,4355.45,4356.9,4353.15,4354.4,51,
2024-05-31 11:52:00+05:30,4354.4,4355.65,4353.15,4353.85,156,
2024-05-31 11:53:00+05:30,4355.6,4355.65,4352.8,4352.8,113,
2024-05-31 11:54:00+05:30,4352,4354.15,4350.2,4353.95,727,
2024-05-31 11:55:00+05:30,4353.95,4354.35,4351.4,4352.2,177,
2024-05-31 11:56:00+05:30,4352.2,4353.6,4350.15,4352.05,675,
2024-05-31 11:57:00+05:30,4352.05,4353.4,4350.1,4351,186,
2024-05-31 11:58:00+05:30,4352.9,4353,4351,4351.05,317,
2024-05-31 11:59:00+05:30,4351.05,4353,4351,4352.1,207,
2024-05-31 12:00:00+05:30,4353,4353,4351.1,4352.9,54,
2024-05-31 12:01:00+05:30,4352.9,4353,4349.05,4352.05,713,
2024-05-31 12:02:00+05:30,4352.05,4353,4349,4353,547,
2024-05-31 12:03:00+05:30,4353,4353,4350.75,4352.5,95,
2024-05-31 12:04:00+05:30,4352.5,4359,4352,4358.95,813,
2024-05-31 12:05:00+05:30,4356.4,4359.8,4354.6,4357.4,409,
2024-05-31 12:06:00+05:30,4357.55,4357.55,4353.65,4356.45,132,
2024-05-31 12:07:00+05:30,4354.15,4358,4353.7,4353.7,86,
2024-05-31 12:08:00+05:30,4353.7,4357.4,4353.7,4356.9,58,
2024-05-31 12:09:00+05:30,4356.9,4356.9,4354.2,4354.2,294,
2024-05-31 12:10:00+05:30,4356.6,4357.6,4354.2,4355,250,
2024-05-31 12:11:00+05:30,4355,4359.5,4354,4358.1,604,
2024-05-31 12:12:00+05:30,4359.95,4361,4358.45,4361,198,
2024-05-31 12:13:00+05:30,4360.3,4361,4359.35,4361,127,
2024-05-31 12:14:00+05:30,4361.65,4361.95,4354.1,4358.1,635,
2024-05-31 12:15:00+05:30,4358.1,4358.1,4354.25,4355.6,235,
2024-05-31 12:16:00+05:30,4355.6,4357.05,4354.85,4356.9,168,
2024-05-31 12:17:00+05:30,4356.9,4356.95,4350,4350.3,397,
2024-05-31 12:18:00+05:30,4353.2,4353.2,4350,4351.05,487,
2024-05-31 12:19:00+05:30,4351.05,4352.2,4351.05,4351.3,212,
2024-05-31 12:20:00+05:30,4352.25,4355.6,4351.3,4352.7,417,
2024-05-31 12:21:00+05:30,4355.5,4356.95,4352.9,4355.1,375,
2024-05-31 12:22:00+05:30,4355.1,4362.85,4355,4360.05,1724,
2024-05-31 12:23:00+05:30,4360.05,4363.25,4359.5,4362,582,
2024-05-31 12:24:00+05:30,4362,4362.25,4358.1,4359,957,
2024-05-31 12:25:00+05:30,4359,4361.3,4356.1,4356.1,189,
2024-05-31 12:26:00+05:30,4356.1,4358.05,4355,4355,158,
2024-05-31 12:27:00+05:30,4356.1,4359.8,4355,4356.7,207,
2024-05-31 12:28:00+05:30,4356.7,4360.75,4355,4355,260,
2024-05-31 12:29:00+05:30,4355,4359.95,4355,4359.95,356,
2024-05-31 12:30:00+05:30,4357.85,4361.95,4357.8,4359.7,345,
2024-05-31 12:31:00+05:30,4361.6,4361.6,4356,4356,149,
2024-05-31 12:32:00+05:30,4356,4359.3,4356,4359,359,
2024-05-31 12:33:00+05:30,4359,4361.75,4356.3,4358.5,122,
2024-05-31 12:34:00+05:30,4358.75,4360.4,4358.5,4358.55,256,
2024-05-31 12:35:00+05:30,4359.4,4360.4,4354.95,4355.7,573,
2024-05-31 12:36:00+05:30,4355.7,4358.65,4355.35,4356.05,409,
2024-05-31 12:37:00+05:30,4356.05,4358.8,4355.1,4355.25,193,
2024-05-31 12:38:00+05:30,4355.25,4357,4355.25,4356.15,184,
2024-05-31 12:39:00+05:30,4356.2,4362,4356.15,4360,731,
2024-05-31 12:40:00+05:30,4360,4360,4355,4355.45,689,
2024-05-31 12:41:00+05:30,4356.95,4356.95,4353,4354.05,303,
2024-05-31 12:42:00+05:30,4354.05,4356.8,4351,4354.85,515,
2024-05-31 12:43:00+05:30,4354.85,4357.3,4352.25,4352.25,722,
2024-05-31 12:44:00+05:30,4352.25,4355.15,4351,4354.45,805,
2024-05-31 12:45:00+05:30,4354.45,4359.5,4354.45,4357.85,411,
2024-05-31 12:46:00+05:30,4357.85,4361.95,4357.85,4361.9,441,
2024-05-31 12:47:00+05:30,4361.7,4361.7,4358,4360.45,226,
2024-05-31 12:48:00+05:30,4359.4,4364.25,4357.8,4364.15,1209,
2024-05-31 12:49:00+05:30,4364,4371,4364,4368.65,2842,
2024-05-31 12:50:00+05:30,4368.65,4371.7,4368.65,4370.2,534,
2024-05-31 12:51:00+05:30,4370.2,4371.7,4370,4370,675,
2024-05-31 12:52:00+05:30,4370,4373,4370,4372.55,633,
2024-05-31 12:53:00+05:30,4373.6,4379.15,4373.45,4379,1605,
2024-05-31 12:54:00+05:30,4379.15,4380.7,4379,4379.9,918,
2024-05-31 12:55:00+05:30,4379.9,4379.9,4375.8,4376.8,789,
2024-05-31 12:56:00+05:30,4376.85,4381,4376.65,4378.7,721,
2024-05-31 12:57:00+05:30,4378.7,4380.35,4378,4379.05,201,
2024-05-31 12:58:00+05:30,4379.05,4380.15,4378,4380,312,
2024-05-31 12:59:00+05:30,4380,4384.45,4377.6,4381.8,2363,
2024-05-31 13:00:00+05:30,4384.3,4387,4381.85,4387,1358,
2024-05-31 13:01:00+05:30,4387,4389,4384.4,4387.9,2595,
2024-05-31 13:02:00+05:30,4387.9,4389.85,4385.45,4385.55,1783,
2024-05-31 13:03:00+05:30,4385.55,4389.9,4385.55,4386.9,850,
2024-05-31 13:04:00+05:30,4386.9,4389.65,4375.95,4376.5,8573,
2024-05-31 13:05:00+05:30,4376.5,4386.2,4376.45,4384.75,1731,
2024-05-31 13:06:00+05:30,4384.75,4387.4,4379.95,4385.2,3433,
2024-05-31 13:07:00+05:30,4385.2,4385.4,4380.05,4381.15,1987,
2024-05-31 13:08:00+05:30,4382.25,4384.85,4373.9,4375.05,2378,
2024-05-31 13:09:00+05:30,4375.45,4378,4364.9,4367.9,3036,
2024-05-31 13:10:00+05:30,4367.9,4373.9,4367.9,4372.35,2582,
2024-05-31 13:11:00+05:30,4373.3,4374.5,4366.1,4369.35,4293,
2024-05-31 13:12:00+05:30,4369.35,4372,4367.4,4370.95,1220,
2024-05-31 13:13:00+05:30,4370.95,4372,4368.3,4368.95,1152,
2024-05-31 13:14:00+05:30,4367.85,4368.9,4365.25,4365.25,298,
2024-05-31 13:15:00+05:30,4364.2,4365.95,4361.65,4365.95,1692,
2024-05-31 13:16:00+05:30,4364.8,4365.75,4361,4361,262,
2024-05-31 13:17:00+05:30,4361,4363.6,4360,4363,205,
2024-05-31 13:18:00+05:30,4363,4364.2,4361,4361.75,529,
2024-05-31 13:19:00+05:30,4361.75,4369.25,4361.7,4366,479,
2024-05-31 13:20:00+05:30,4366,4368.15,4366,4366.45,373,
2024-05-31 13:21:00+05:30,4367.2,4369.2,4365.2,4365.6,753,
2024-05-31 13:22:00+05:30,4365.6,4369.95,4365.05,4365.35,1225,
2024-05-31 13:23:00+05:30,4367.45,4367.85,4361.15,4362.35,616,
2024-05-31 13:24:00+05:30,4363.4,4367.35,4363.25,4365.85,357,
2024-05-31 13:25:00+05:30,4365.5,4368.55,4365,4365.3,559,
2024-05-31 13:26:00+05:30,4365.85,4365.95,4361.85,4362.35,957,
2024-05-31 13:27:00+05:30,4363.1,4366.05,4362,4363,1103,
2024-05-31 13:28:00+05:30,4363.75,4368,4362,4362.1,778,
2024-05-31 13:29:00+05:30,4362,4365.6,4355,4356.75,2500,
2024-05-31 13:30:00+05:30,4357.5,4360,4353.6,4354.35,1431,
2024-05-31 13:31:00+05:30,4357,4358.2,4353.15,4353.15,1140,
2024-05-31 13:32:00+05:30,4354.45,4358.4,4351.95,4352.65,1474,
2024-05-31 13:33:00+05:30,4353.95,4358.75,4352.8,4355.75,1890,
2024-05-31 13:34:00+05:30,4354.3,4357.8,4352.1,4356.25,3340,
2024-05-31 13:35:00+05:30,4354.45,4357.95,4354.45,4357.15,1413,
2024-05-31 13:36:00+05:30,4357.15,4357.75,4351,4354.45,2991,
2024-05-31 13:37:00+05:30,4355.15,4358.95,4353.8,4354,1166,
2024-05-31 13:38:00+05:30,4354,4357.3,4354,4354.1,344,
2024-05-31 13:39:00+05:30,4354.1,4355.75,4354,4354,231,
2024-05-31 13:40:00+05:30,4354,4355.5,4351,4352.8,528,
2024-05-31 13:41:00+05:30,4352.8,4356,4351.35,4355.4,878,
2024-05-31 13:42:00+05:30,4355.2,4357.15,4354,4354,701,
2024-05-31 13:43:00+05:30,4354.05,4359.2,4354,4356.15,1143,
2024-05-31 13:44:00+05:30,4355.5,4360.65,4355.05,4358.4,1728,
2024-05-31 13:45:00+05:30,4358.4,4360.55,4357,4359,555,
2024-05-31 13:46:00+05:30,4359,4363.4,4357.25,4358.2,650,
2024-05-31 13:47:00+05:30,4358.2,4363.75,4358.2,4361.85,511,
2024-05-31 13:48:00+05:30,4361.95,4364,4359.35,4361.95,1715,
2024-05-31 13:49:00+05:30,4361.95,4363.7,4360,4361.1,448,
2024-05-31 13:50:00+05:30,4361.1,4363.05,4360,4360.25,892,
2024-05-31 13:51:00+05:30,4362.75,4365.55,4360.1,4364,2134,
2024-05-31 13:52:00+05:30,4364,4365,4358.5,4358.5,1563,
2024-05-31 13:53:00+05:30,4358.5,4361.95,4358.5,4358.5,596,
2024-05-31 13:54:00+05:30,4358.5,4360,4350,4351,4075,
2024-05-31 13:55:00+05:30,4351,4354.85,4351,4352.35,1248,
2024-05-31 13:56:00+05:30,4353.2,4355.2,4351.25,4352.5,1278,
2024-05-31 13:57:00+05:30,4352.5,4354.35,4352,4352.2,249,
2024-05-31 13:58:00+05:30,4352.2,4354.3,4352,4352.05,262,
2024-05-31 13:59:00+05:30,4352.05,4352.4,4351.05,4351.05,360,
2024-05-31 14:00:00+05:30,4351.05,4354.5,4351.05,4352,362,
2024-05-31 14:01:00+05:30,4352,4358.35,4351.45,4356.5,642,
2024-05-31 14:02:00+05:30,4356.45,4358.85,4354.1,4355.7,1204,
2024-05-31 14:03:00+05:30,4355.7,4358,4353.15,4355.8,1195,
2024-05-31 14:04:00+05:30,4355.8,4360.4,4355.4,4355.6,1583,
2024-05-31 14:05:00+05:30,4355.6,4359.5,4355.6,4355.95,747,
2024-05-31 14:06:00+05:30,4356.05,4357.15,4351.7,4355.2,1955,
2024-05-31 14:07:00+05:30,4355.2,4358.3,4354,4355,789,
2024-05-31 14:08:00+05:30,4355,4356.4,4354.1,4354.85,614,
2024-05-31 14:09:00+05:30,4354.9,4358.6,4354.8,4356.35,972,
2024-05-31 14:10:00+05:30,4356.35,4357.9,4354,4354.5,421,
2024-05-31 14:11:00+05:30,4354.5,4356.5,4352.8,4352.8,827,
2024-05-31 14:12:00+05:30,4353.3,4353.3,4351,4351.55,296,
2024-05-31 14:13:00+05:30,4351.55,4352.2,4350.1,4350.15,456,
2024-05-31 14:14:00+05:30,4351.1,4352.2,4342.4,4343.35,2040,
2024-05-31 14:15:00+05:30,4344.55,4346.5,4343.55,4343.65,382,
2024-05-31 14:16:00+05:30,4343.65,4344.3,4340.5,4342.5,915,
2024-05-31 14:17:00+05:30,4343.15,4344.85,4336,4336.2,3581,
2024-05-31 14:18:00+05:30,4337.05,4338.4,4331.2,4333.3,4506,
2024-05-31 14:19:00+05:30,4331,4334.35,4329,4333.3,3332,
2024-05-31 14:20:00+05:30,4331.95,4333.05,4329.4,4329.75,1088,
2024-05-31 14:21:00+05:30,4329.85,4332.5,4329.55,4330.25,727,
2024-05-31 14:22:00+05:30,4330.4,4331,4320,4321.8,4603,
2024-05-31 14:23:00+05:30,4322.6,4323.2,4320.35,4321.05,1450,
2024-05-31 14:24:00+05:30,4321.5,4322.9,4320,4321.45,909,
2024-05-31 14:25:00+05:30,4323,4330,4321.5,4324.25,4180,
2024-05-31 14:26:00+05:30,4325.1,4325.95,4320.15,4322.25,2562,
2024-05-31 14:27:00+05:30,4323.3,4325.6,4320.8,4322.15,2935,
2024-05-31 14:28:00+05:30,4322,4323.85,4321,4322.75,1485,
2024-05-31 14:29:00+05:30,4322.1,4322.1,4307.35,4308.85,5106,
2024-05-31 14:30:00+05:30,4308.1,4314.4,4308.1,4310,2467,
2024-05-31 14:31:00+05:30,4310,4311.95,4303.2,4305.3,7396,
2024-05-31 14:32:00+05:30,4305.95,4309.25,4303.5,4303.8,4056,
2024-05-31 14:33:00+05:30,4303.65,4306.2,4302,4302,1962,
2024-05-31 14:34:00+05:30,4302,4304.9,4300.45,4302.35,2723,
2024-05-31 14:35:00+05:30,4302.7,4305,4301,4304.95,2495,
2024-05-31 14:36:00+05:30,4304.95,4311.7,4303.7,4306.75,4289,
2024-05-31 14:37:00+05:30,4306.8,4310.45,4306.8,4307,2068,
2024-05-31 14:38:00+05:30,4308.1,4308.1,4302.05,4302.6,1494,
2024-05-31 14:39:00+05:30,4302.6,4302.6,4295,4298.35,6852,
2024-05-31 14:40:00+05:30,4297.05,4302.6,4297,4300.4,3468,
2024-05-31 14:41:00+05:30,4301.15,4303.6,4297.9,4300.25,3552,
2024-05-31 14:42:00+05:30,4300.9,4300.9,4299,4299.5,2355,
2024-05-31 14:43:00+05:30,4299.8,4302.95,4299.35,4301.15,3814,
2024-05-31 14:44:00+05:30,4301.15,4308.75,4300.6,4303.35,3579,
2024-05-31 14:45:00+05:30,4303.9,4305.75,4300.9,4301.55,2478,
2024-05-31 14:46:00+05:30,4302.6,4302.6,4298,4298,2965,
2024-05-31 14:47:00+05:30,4298.95,4299.9,4295,4295.5,3867,
2024-05-31 14:48:00+05:30,4295.55,4298.05,4293.05,4294.9,4897,
2024-05-31 14:49:00+05:30,4294.95,4302,4292.35,4296.15,5645,
2024-05-31 14:50:00+05:30,4295.1,4298.2,4295.05,4296.9,2176,
2024-05-31 14:51:00+05:30,4296.9,4297,4290.15,4291.95,3929,
2024-05-31 14:52:00+05:30,4294.4,4299,4293.6,4299,2075,
2024-05-31 14:53:00+05:30,4298.6,4299.55,4294.35,4297.5,1649,
2024-05-31 14:54:00+05:30,4297.55,4305,4297.55,4303.9,3753,
2024-05-31 14:55:00+05:30,4303.1,4308.25,4302,4304.1,2407,
2024-05-31 14:56:00+05:30,4303.6,4306.05,4300.2,4302.45,3200,
2024-05-31 14:57:00+05:30,4303.25,4305,4301.6,4302.7,1193,
2024-05-31 14:58:00+05:30,4304.1,4306.95,4302.5,4306.1,2147,
2024-05-31 14:59:00+05:30,4306.25,4306.25,4301.8,4302.7,2330,
2024-05-31 15:00:00+05:30,4302.7,4313.95,4302.7,4308.15,16212,
2024-05-31 15:01:00+05:30,4308.3,4312.95,4308.2,4310.1,13399,
2024-05-31 15:02:00+05:30,4310.1,4310.2,4302.45,4306.85,15513,
2024-05-31 15:03:00+05:30,4305.3,4310,4304.65,4307.15,12447,
2024-05-31 15:04:00+05:30,4306.9,4313.85,4302.25,4311.8,13028,
2024-05-31 15:05:00+05:30,4312.3,4315.45,4310.45,4314.5,15193,
2024-05-31 15:06:00+05:30,4314.5,4315.3,4304,4305.5,12669,
2024-05-31 15:07:00+05:30,4306.05,4311.3,4305.1,4305.1,12606,
2024-05-31 15:08:00+05:30,4305.1,4314.2,4304,4312.65,15776,
2024-05-31 15:09:00+05:30,4312.65,4313.85,4307.05,4311.35,14585,
2024-05-31 15:10:00+05:30,4313,4313.7,4309.5,4310.15,15500,
2024-05-31 15:11:00+05:30,4310.05,4310.1,4303.5,4304.9,14456,
2024-05-31 15:12:00+05:30,4303.8,4308.2,4297.25,4298.55,15606,
2024-05-31 15:13:00+05:30,4298,4302.75,4296.05,4299.85,14800,
2024-05-31 15:14:00+05:30,4298.8,4304.2,4298.7,4301.45,15499,
2024-05-31 15:15:00+05:30,4301.95,4309.05,4300.45,4307.05,14808,
2024-05-31 15:16:00+05:30,4306,4310,4306,4308.25,18597,
2024-05-31 15:17:00+05:30,4308.25,4313.3,4308.25,4311.7,12241,
2024-05-31 15:18:00+05:30,4311.7,4313.05,4310,4311.65,18168,
2024-05-31 15:19:00+05:30,4312.55,4314.5,4307.45,4308.55,13163,
2024-05-31 15:20:00+05:30,4308.9,4309.95,4306.05,4307.7,17196,
2024-05-31 15:21:00+05:30,4307.7,4308.45,4302.8,4302.85,17055,
2024-05-31 15:22:00+05:30,4302.85,4305.45,4301.4,4303.6,14964,
2024-05-31 15:23:00+05:30,4303.5,4303.95,4300.4,4301.95,15030,
2024-05-31 15:24:00+05:30,4301.3,4307.05,4301.05,4307.05,13065,
2024-05-31 15:25:00+05:30,4304.95,4311.9,4304.9,4307.5,11702,
2024-05-31 15:26:00+05:30,4307.5,4309.05,4307.5,4308.2,12458,
2024-05-31 15:27:00+05:30,4308.1,4308.7,4302.05,4303.3,21019,
2024-05-31 15:28:00+05:30,4306.3,4321.6,4305.45,4315.85,4707,
2024-05-31 15:29:00+05:30,4316.25,4335,4303.9,4307.65,3373,
2024-06-03 09:15:00+05:30,4400,4435.5,4380,4380,9176,
2024-06-03 09:16:00+05:30,4380,4380,4357.25,4364.25,3877,
2024-06-03 09:17:00+05:30,4359.25,4369,4349.2,4358.65,4713,
2024-06-03 09:18:00+05:30,4359.05,4363.2,4352.05,4352.05,2784,
2024-06-03 09:19:00+05:30,4352.05,4363.75,4343.15,4343.15,4730,
2024-06-03 09:20:00+05:30,4345.4,4352.95,4332.85,4337.5,6652,
2024-06-03 09:21:00+05:30,4337.5,4354.45,4337.5,4346.6,3444,
2024-06-03 09:22:00+05:30,4346.6,4358.45,4342.45,4342.45,4240,
2024-06-03 09:23:00+05:30,4340.95,4354.3,4340.95,4347.05,3513,
2024-06-03 09:24:00+05:30,4346.8,4350,4340.9,4349.5,1628,
2024-06-03 09:25:00+05:30,4349.5,4349.95,4338,4342.3,2538,
2024-06-03 09:26:00+05:30,4342.8,4346,4330.85,4334.65,3040,
2024-06-03 09:27:00+05:30,4332.8,4332.8,4320.15,4326.5,3043,
2024-06-03 09:28:00+05:30,4326.5,4335.85,4324.4,4327.95,2494,
2024-06-03 09:29:00+05:30,4325.75,4326.4,4321,4321,1428,
2024-06-03 09:30:00+05:30,4320,4327.95,4314.7,4327.95,2208,
2024-06-03 09:31:00+05:30,4327.95,4328.85,4322.5,4326.2,1440,
2024-06-03 09:32:00+05:30,4326.2,4326.65,4320,4321.35,611,
2024-06-03 09:33:00+05:30,4321.35,4321.35,4316.2,4320.25,703,
2024-06-03 09:34:00+05:30,4320.25,4330.3,4318.5,4330.3,826,
2024-06-03 09:35:00+05:30,4328.95,4341.9,4328.95,4341,531,
2024-06-03 09:36:00+05:30,4341,4343.7,4336.05,4338.65,2064,
2024-06-03 09:37:00+05:30,4334.85,4335.9,4324.95,4327.15,1371,
2024-06-03 09:38:00+05:30,4330.6,4330.6,4320,4322.25,592,
2024-06-03 09:39:00+05:30,4322.25,4326.55,4320.1,4321.1,1299,
2024-06-03 09:40:00+05:30,4321.1,4336.7,4321.1,4336.7,1797,
2024-06-03 09:41:00+05:30,4338.1,4341.55,4333.5,4333.5,822,
2024-06-03 09:42:00+05:30,4333.5,4339.4,4330.25,4336.95,1085,
2024-06-03 09:43:00+05:30,4336.95,4342.9,4336.95,4342.9,267,
2024-06-03 09:44:00+05:30,4342.9,4342.9,4332.35,4332.45,1257,
2024-06-03 09:45:00+05:30,4332.45,4333.7,4325,4327.45,1596,
2024-06-03 09:46:00+05:30,4327.45,4329.6,4322.25,4327.7,1491,
2024-06-03 09:47:00+05:30,4327.7,4328.9,4325.65,4328.35,351,
2024-06-03 09:48:00+05:30,4329.15,4336.5,4329.15,4336.05,2099,
2024-06-03 09:49:00+05:30,4332.75,4338.7,4332.75,4336.25,727,
2024-06-03 09:50:00+05:30,4338,4343.2,4338,4338.6,1394,
2024-06-03 09:51:00+05:30,4338.6,4342.25,4335.95,4339.95,364,
2024-06-03 09:52:00+05:30,4339.95,4339.95,4333.5,4336.15,163,
2024-06-03 09:53:00+05:30,4334.9,4336.15,4333.9,4335,156,
2024-06-03 09:54:00+05:30,4335,4340,4335,4337.35,297,
2024-06-03 09:55:00+05:30,4339.75,4345,4337.6,4345,225,
2024-06-03 09:56:00+05:30,4345,4349.65,4344.05,4346.8,2941,
2024-06-03 09:57:00+05:30,4346.8,4350.1,4346.8,4350,1004,
2024-06-03 09:58:00+05:30,4348.55,4355,4348.55,4350.25,472,
2024-06-03 09:59:00+05:30,4350.25,4355,4350.1,4355,812,
2024-06-03 10:00:00+05:30,4355,4360,4355,4358.95,1030,
2024-06-03 10:01:00+05:30,4358.95,4364.95,4358,4364.95,1235,
2024-06-03 10:02:00+05:30,4364.95,4367.05,4362.65,4365.2,1258,
2024-06-03 10:03:00+05:30,4365.2,4365.25,4358,4359.7,326,
2024-06-03 10:04:00+05:30,4359.7,4360,4355.3,4355.35,1005,
2024-06-03 10:05:00+05:30,4357.65,4357.65,4346.05,4347.45,1051,
2024-06-03 10:06:00+05:30,4347.45,4355.1,4346.4,4355.1,702,
2024-06-03 10:07:00+05:30,4355.1,4357.45,4351.75,4354,478,
2024-06-03 10:08:00+05:30,4354.05,4357.4,4353.65,4355.4,472,
2024-06-03 10:09:00+05:30,4357,4361.95,4356.2,4356.95,1122,
2024-06-03 10:10:00+05:30,4356.95,4359.8,4354,4355.9,208,
2024-06-03 10:11:00+05:30,4355.9,4355.9,4352.35,4355.5,504,
2024-06-03 10:12:00+05:30,4355.5,4356.9,4352.3,4352.35,432,
2024-06-03 10:13:00+05:30,4354.4,4356.9,4354.4,4356.8,264,
2024-06-03 10:14:00+05:30,4356.8,4356.8,4353.3,4353.3,212,
2024-06-03 10:15:00+05:30,4352.55,4353.9,4351,4351.05,325,
2024-06-03 10:16:00+05:30,4350.55,4351.6,4341.6,4341.6,1381,
2024-06-03 10:17:00+05:30,4341.6,4345.15,4341.1,4344.55,667,
2024-06-03 10:18:00+05:30,4344.55,4344.55,4339.6,4339.7,950,
2024-06-03 10:19:00+05:30,4339.7,4341.7,4339.7,4340.55,159,
2024-06-03 10:20:00+05:30,4341.7,4341.7,4329.75,4330.1,2059,
2024-06-03 10:21:00+05:30,4330.1,4331.05,4328,4329.9,253,
2024-06-03 10:22:00+05:30,4329.9,4329.9,4328.2,4329,327,
2024-06-03 10:23:00+05:30,4329,4329.9,4324.1,4324.1,825,
2024-06-03 10:24:00+05:30,4324,4325.4,4312.55,4313.5,6606,
2024-06-03 10:25:00+05:30,4313.45,4317.25,4313.45,4316.85,838,
2024-06-03 10:26:00+05:30,4316.05,4317.95,4311.7,4312.2,1473,
2024-06-03 10:27:00+05:30,4315.35,4315.65,4311,4315.65,3635,
2024-06-03 10:28:00+05:30,4315.65,4319.4,4313.85,4315.75,1371,
2024-06-03 10:29:00+05:30,4313.3,4316.55,4313.3,4315,458,
2024-06-03 10:30:00+05:30,4315,4315.1,4312.5,4312.75,982,
2024-06-03 10:31:00+05:30,4313,4318,4312.7,4316.35,708,
2024-06-03 10:32:00+05:30,4318.3,4318.3,4316.35,4317.05,512,
2024-06-03 10:33:00+05:30,4317.05,4318,4317.05,4318,152,
2024-06-03 10:34:00+05:30,4318,4318,4317.15,4318,141,
2024-06-03 10:35:00+05:30,4318.05,4318.05,4313.15,4315.1,767,
2024-06-03 10:36:00+05:30,4315.1,4315.15,4313,4314,509,
2024-06-03 10:37:00+05:30,4314.05,4314.05,4311,4311,528,
2024-06-03 10:38:00+05:30,4311,4312,4310,4310.05,396,
2024-06-03 10:39:00+05:30,4310.05,4312,4300,4302.4,2954,
2024-06-03 10:40:00+05:30,4302.4,4306.2,4300,4305.1,595,
2024-06-03 10:41:00+05:30,4305.1,4310,4305.1,4309.2,539,
2024-06-03 10:42:00+05:30,4309.2,4310.2,4306.45,4310,915,
2024-06-03 10:43:00+05:30,4310,4313.9,4310,4312,2618,
2024-06-03 10:44:00+05:30,4312,4312,4307.5,4307.5,1303,
2024-06-03 10:45:00+05:30,4307.5,4313.7,4307.5,4311.45,941,
2024-06-03 10:46:00+05:30,4312.95,4313.05,4311.45,4313,398,
2024-06-03 10:47:00+05:30,4313,4315,4311.4,4311.4,1121,
2024-06-03 10:48:00+05:30,4311.25,4311.25,4306.05,4307.6,880,
2024-06-03 10:49:00+05:30,4305.5,4305.5,4298.05,4298.05,1567,
2024-06-03 10:50:00+05:30,4299,4299.05,4295.65,4296.75,917,
2024-06-03 10:51:00+05:30,4296.85,4301.95,4292.95,4298.95,1022,
2024-06-03 10:52:00+05:30,4298.95,4314.95,4298.95,4314.95,4666,
2024-06-03 10:53:00+05:30,4314.95,4325,4314.95,4325,1238,
2024-06-03 10:54:00+05:30,4325,4325,4317.2,4317.2,3075,
2024-06-03 10:55:00+05:30,4317.2,4317.2,4312.1,4314.2,533,
2024-06-03 10:56:00+05:30,4312.5,4314.05,4312.5,4312.6,1162,
2024-06-03 10:57:00+05:30,4312.6,4313.65,4311.5,4311.55,207,
2024-06-03 10:58:00+05:30,4311.55,4312.75,4310.1,4310.35,210,
2024-06-03 10:59:00+05:30,4311.4,4311.4,4307,4309.5,392,
2024-06-03 11:00:00+05:30,4309.5,4309.95,4307.2,4307.2,700,
2024-06-03 11:01:00+05:30,4308.35,4312.9,4307.4,4312.25,348,
2024-06-03 11:02:00+05:30,4312.9,4312.9,4307.35,4309.1,791,
2024-06-03 11:03:00+05:30,4309.1,4310.95,4309.1,4310.95,279,
2024-06-03 11:04:00+05:30,4310.95,4310.95,4309,4309.5,467,
2024-06-03 11:05:00+05:30,4309.5,4309.95,4307,4308.4,148,
2024-06-03 11:06:00+05:30,4309.05,4310.45,4308.9,4308.9,219,
2024-06-03 11:07:00+05:30,4308.9,4312.9,4308.4,4312.9,628,
2024-06-03 11:08:00+05:30,4314.3,4318,4314.3,4317.2,514,
2024-06-03 11:09:00+05:30,4317.2,4317.2,4315,4315,1258,
2024-06-03 11:10:00+05:30,4315,4316.35,4315,4315.05,232,
2024-06-03 11:11:00+05:30,4315.2,4315.2,4311.8,4312.6,284,
2024-06-03 11:12:00+05:30,4312.6,4316.35,4310,4316.35,526,
2024-06-03 11:13:00+05:30,4315.75,4315.75,4311.3,4315.45,287,
2024-06-03 11:14:00+05:30,4315.45,4316.05,4313.55,4314.05,240,
2024-06-03 11:15:00+05:30,4314.05,4314.95,4311.3,4314.95,451,
2024-06-03 11:16:00+05:30,4316.5,4321.35,4316.5,4319.6,1277,
2024-06-03 11:17:00+05:30,4319.6,4321.3,4313.35,4313.35,624,
2024-06-03 11:18:00+05:30,4313.35,4315.55,4311.9,4315.55,193,
2024-06-03 11:19:00+05:30,4315.55,4316,4312.85,4315,1088,
2024-06-03 11:20:00+05:30,4314.75,4318.15,4314.5,4318.15,363,
2024-06-03 11:21:00+05:30,4318.15,4319.55,4317.7,4318.8,318,
2024-06-03 11:22:00+05:30,4318.8,4325,4318.8,4324.95,313,
2024-06-03 11:23:00+05:30,4325,4325,4323.2,4323.25,638,
2024-06-03 11:24:00+05:30,4323.25,4323.35,4319.4,4320.05,1567,
2024-06-03 11:25:00+05:30,4320.05,4320.7,4319.85,4319.95,265,
2024-06-03 11:26:00+05:30,4319.95,4322.25,4319.95,4321.3,323,
2024-06-03 11:27:00+05:30,4321.3,4322.95,4316.4,4317.05,786,
2024-06-03 11:28:00+05:30,4317.05,4319.75,4316.5,4318.3,133,
2024-06-03 11:29:00+05:30,4318.3,4318.7,4316.25,4316.3,288,
2024-06-03 11:30:00+05:30,4316.3,4320.4,4316.3,4317.6,280,
2024-06-03 11:31:00+05:30,4317.6,4321.1,4317.6,4321.1,563,
2024-06-03 11:32:00+05:30,4321.1,4322.45,4318.8,4320.55,211,
2024-06-03 11:33:00+05:30,4320.55,4324.95,4319.35,4322.8,509,
2024-06-03 11:34:00+05:30,4324.7,4324.95,4321,4321,1500,
2024-06-03 11:35:00+05:30,4321,4322.45,4320,4320,212,
2024-06-03 11:36:00+05:30,4320,4322.45,4319.3,4322.45,442,
2024-06-03 11:37:00+05:30,4322.45,4323.7,4320.7,4320.75,379,
2024-06-03 11:38:00+05:30,4320.75,4322.4,4319.15,4319.15,209,
2024-06-03 11:39:00+05:30,4321.8,4322,4319.75,4321.3,168,
2024-06-03 11:40:00+05:30,4321.3,4323.9,4320.65,4323.9,604,
2024-06-03 11:41:00+05:30,4323.9,4323.9,4321.7,4323.75,152,
2024-06-03 11:42:00+05:30,4323.75,4325,4323.75,4324.4,1268,
2024-06-03 11:43:00+05:30,4324.4,4325,4323.75,4323.85,1097,
2024-06-03 11:44:00+05:30,4324.4,4324.4,4323.85,4324.15,188,
2024-06-03 11:45:00+05:30,4324.4,4325,4324.05,4324.05,1333,
2024-06-03 11:46:00+05:30,4323.4,4323.4,4321.65,4321.75,1236,
2024-06-03 11:47:00+05:30,4321.75,4324.4,4321.75,4323.2,216,
2024-06-03 11:48:00+05:30,4323.2,4324.65,4319.25,4319.25,475,
2024-06-03 11:49:00+05:30,4319.25,4321.15,4318.5,4319.2,335,
2024-06-03 11:50:00+05:30,4319.2,4321.25,4319.2,4320.8,156,
2024-06-03 11:51:00+05:30,4320.8,4322.25,4320.25,4320.3,495,
2024-06-03 11:52:00+05:30,4320.3,4322.65,4320.25,4321.8,175,
2024-06-03 11:53:00+05:30,4322.65,4323.85,4321.7,4322.55,186,
2024-06-03 11:54:00+05:30,4322.65,4325,4322.65,4323.6,220,
2024-06-03 11:55:00+05:30,4323.6,4325,4323.6,4324.6,1342,
2024-06-03 11:56:00+05:30,4324.6,4325,4324.6,4324.7,149,
2024-06-03 11:57:00+05:30,4324.7,4324.85,4320,4320.05,1149,
2024-06-03 11:58:00+05:30,4320.05,4323.4,4320,4321.75,281,
2024-06-03 11:59:00+05:30,4321.75,4321.75,4318.65,4320.3,451,
2024-06-03 12:00:00+05:30,4320.3,4321.75,4318.2,4321.75,246,
2024-06-03 12:01:00+05:30,4321.75,4321.75,4319.95,4321.7,154,
2024-06-03 12:02:00+05:30,4321.7,4324.65,4321.7,4324.3,329,
2024-06-03 12:03:00+05:30,4324.4,4325,4324.4,4325,450,
2024-06-03 12:04:00+05:30,4325,4327.95,4323.85,4324.9,740,
2024-06-03 12:05:00+05:30,4325,4325,4324.95,4325,937,
2024-06-03 12:06:00+05:30,4325,4325,4324.9,4325,375,
2024-06-03 12:07:00+05:30,4325,4327.3,4324.95,4324.95,1401,
2024-06-03 12:08:00+05:30,4325,4335,4324.9,4335,5706,
2024-06-03 12:09:00+05:30,4335,4336.7,4334,4335,589,
2024-06-03 12:10:00+05:30,4335,4335.3,4332.5,4332.5,1121,
2024-06-03 12:11:00+05:30,4330.85,4332.95,4330.25,4332.6,309,
2024-06-03 12:12:00+05:30,4332.6,4333.5,4331.65,4331.9,845,
2024-06-03 12:13:00+05:30,4331.9,4332.85,4331.9,4332.8,125,
2024-06-03 12:14:00+05:30,4332.8,4332.8,4330.1,4330.2,276,
2024-06-03 12:15:00+05:30,4331.9,4332,4330.25,4330.8,146,
2024-06-03 12:16:00+05:30,4330.8,4333.1,4330.8,4333.1,133,
2024-06-03 12:17:00+05:30,4333.1,4334.5,4332,4332,1268,
2024-06-03 12:18:00+05:30,4332,4333.4,4331.6,4333.4,363,
2024-06-03 12:19:00+05:30,4333.4,4335.25,4333.4,4333.5,677,
2024-06-03 12:20:00+05:30,4333.5,4334.9,4332.1,4333.5,275,
2024-06-03 12:21:00+05:30,4334.4,4334.5,4331.25,4333.5,478,
2024-06-03 12:22:00+05:30,4333.5,4335.3,4332.45,4335.3,649,
2024-06-03 12:23:00+05:30,4333.5,4335.3,4333.1,4333.5,739,
2024-06-03 12:24:00+05:30,4333.5,4335.85,4332.55,4333.5,2983,
2024-06-03 12:25:00+05:30,4333.5,4333.5,4330.75,4332.3,958,
2024-06-03 12:26:00+05:30,4332.3,4333.7,4332.3,4333.35,876,
2024-06-03 12:27:00+05:30,4333.35,4333.5,4330.75,4333.2,310,
2024-06-03 12:28:00+05:30,4333.2,4333.9,4331.55,4333.5,278,
2024-06-03 12:29:00+05:30,4333.5,4333.5,4331.75,4333.5,149,
2024-06-03 12:30:00+05:30,4333.5,4334.6,4332.45,4333.5,190,
2024-06-03 12:31:00+05:30,4333.5,4333.5,4333.45,4333.45,501,
2024-06-03 12:32:00+05:30,4334.6,4335,4332.5,4333.5,1314,
2024-06-03 12:33:00+05:30,4333.5,4345.65,4330.75,4333.5,73566,
2024-06-03 12:34:00+05:30,4333.5,4334.35,4331.1,4333.5,2763,
2024-06-03 12:35:00+05:30,4333.5,4333.5,4333.25,4333.5,752,
2024-06-03 12:36:00+05:30,4333.5,4336.2,4333.35,4336.2,914,
2024-06-03 12:37:00+05:30,4336.2,4344.45,4335.7,4339.8,2214,
2024-06-03 12:38:00+05:30,4339.8,4340.2,4336.65,4339.55,639,
2024-06-03 12:39:00+05:30,4339.55,4339.7,4335.35,4335.8,641,
2024-06-03 12:40:00+05:30,4335.8,4338,4335,4337.25,560,
2024-06-03 12:41:00+05:30,4337.25,4337.25,4335,4336.95,781,
2024-06-03 12:42:00+05:30,4336.95,4337.7,4333,4335.55,1517,
2024-06-03 12:43:00+05:30,4333.35,4338,4333.35,4338,579,
2024-06-03 12:44:00+05:30,4338,4342.45,4335,4337.25,1759,
2024-06-03 12:45:00+05:30,4337.25,4340.9,4336.15,4338.45,907,
2024-06-03 12:46:00+05:30,4338.45,4340.85,4336.4,4338.8,777,
2024-06-03 12:47:00+05:30,4337.5,4341.1,4336.1,4338.5,1017,
2024-06-03 12:48:00+05:30,4338.5,4341.8,4336,4341.25,1376,
2024-06-03 12:49:00+05:30,4341.25,4344.4,4335.7,4340.9,4266,
2024-06-03 12:50:00+05:30,4340.7,4344.4,4340.1,4343,767,
2024-06-03 12:51:00+05:30,4343,4345,4340.3,4345,785,
2024-06-03 12:52:00+05:30,4345,4347.4,4344.5,4347.4,825,
2024-06-03 12:53:00+05:30,4347.4,4347.75,4342.95,4347.35,819,
2024-06-03 12:54:00+05:30,4347.35,4348.2,4345.55,4346.85,656,
2024-06-03 12:55:00+05:30,4346.85,4348,4342,4343.85,1632,
2024-06-03 12:56:00+05:30,4343.85,4346.6,4342.05,4345.25,435,
2024-06-03 12:57:00+05:30,4345.25,4346.65,4343,4346.65,664,
2024-06-03 12:58:00+05:30,4347.2,4347.2,4346.65,4347,450,
2024-06-03 12:59:00+05:30,4346.75,4349,4346.45,4349,1913,
2024-06-03 13:00:00+05:30,4349,4349.15,4341,4344.45,2396,
2024-06-03 13:01:00+05:30,4344.75,4348.05,4344.45,4347.85,867,
2024-06-03 13:02:00+05:30,4347.85,4347.85,4342.5,4345.55,1508,
2024-06-03 13:03:00+05:30,4345.55,4347,4344.6,4346.7,687,
2024-06-03 13:04:00+05:30,4346.7,4347,4343.05,4343.2,557,
2024-06-03 13:05:00+05:30,4345.25,4345.3,4340,4342.1,1088,
2024-06-03 13:06:00+05:30,4342.4,4346.95,4341.05,4343.95,1346,
2024-06-03 13:07:00+05:30,4343.95,4345,4342.4,4345,531,
2024-06-03 13:08:00+05:30,4345,4346.75,4345,4345.5,349,
2024-06-03 13:09:00+05:30,4345.5,4346,4331.35,4333.6,4204,
2024-06-03 13:10:00+05:30,4333.9,4338.2,4331.8,4338.2,2035,
2024-06-03 13:11:00+05:30,4338.2,4338.2,4334.45,4337.05,1830,
2024-06-03 13:12:00+05:30,4337.05,4338,4335.8,4338,587,
2024-06-03 13:13:00+05:30,4338,4339.8,4337.95,4338.05,819,
2024-06-03 13:14:00+05:30,4339.45,4340.05,4338.05,4340.05,541,
2024-06-03 13:15:00+05:30,4340.05,4340.15,4337.85,4339.65,552,
2024-06-03 13:16:00+05:30,4339.65,4340.2,4338.1,4338.3,603,
2024-06-03 13:17:00+05:30,4339.95,4340,4338.35,4339.5,484,
2024-06-03 13:18:00+05:30,4339.5,4340,4338.75,4340,575,
2024-06-03 13:19:00+05:30,4340,4340.5,4339.15,4340.5,559,
2024-06-03 13:20:00+05:30,4340.5,4340.55,4337.65,4339.4,1324,
2024-06-03 13:21:00+05:30,4337.05,4340.25,4337.05,4340.25,459,
2024-06-03 13:22:00+05:30,4340.25,4341.05,4339,4340.8,746,
2024-06-03 13:23:00+05:30,4340.8,4341.3,4339.6,4341.3,498,
2024-06-03 13:24:00+05:30,4341.3,4342.1,4340.2,4342.1,975,
2024-06-03 13:25:00+05:30,4342.1,4343.95,4332.35,4332.35,2319,
2024-06-03 13:26:00+05:30,4334.25,4335,4334,4334.35,988,
2024-06-03 13:27:00+05:30,4334.35,4334.35,4333.1,4334.35,891,
2024-06-03 13:28:00+05:30,4334.35,4335.75,4331.5,4332.25,1361,
2024-06-03 13:29:00+05:30,4332.25,4334.55,4331.1,4332.5,608,
2024-06-03 13:30:00+05:30,4331.95,4332.95,4331.95,4332.3,478,
2024-06-03 13:31:00+05:30,4332.3,4332.5,4330.05,4331.5,869,
2024-06-03 13:32:00+05:30,4330.05,4333,4330.05,4332.5,512,
2024-06-03 13:33:00+05:30,4332.5,4334,4332,4332.15,690,
2024-06-03 13:34:00+05:30,4332.15,4332.95,4330.5,4332.5,832,
2024-06-03 13:35:00+05:30,4332.5,4332.5,4325.45,4332,1895,
2024-06-03 13:36:00+05:30,4332,4332.9,4329.65,4331.95,629,
2024-06-03 13:37:00+05:30,4331.95,4332.7,4330.45,4332.4,556,
2024-06-03 13:38:00+05:30,4332.45,4332.5,4330.75,4332.5,459,
2024-06-03 13:39:00+05:30,4332.5,4332.5,4330,4331.9,464,
2024-06-03 13:40:00+05:30,4331.8,4331.85,4326,4329.95,665,
2024-06-03 13:41:00+05:30,4330.2,4332.2,4325.65,4327.95,806,
2024-06-03 13:42:00+05:30,4327.95,4327.95,4326.55,4327.6,490,
2024-06-03 13:43:00+05:30,4328,4332,4328,4332,486,
2024-06-03 13:44:00+05:30,4332.05,4332.5,4330.2,4332.5,639,
2024-06-03 13:45:00+05:30,4332.5,4332.85,4330.15,4332.85,498,
2024-06-03 13:46:00+05:30,4332.85,4338,4331.85,4338,693,
2024-06-03 13:47:00+05:30,4338,4338,4333,4335.75,647,
2024-06-03 13:48:00+05:30,4335.75,4335.75,4331.55,4333.8,1012,
2024-06-03 13:49:00+05:30,4333.95,4334,4331.9,4332.15,605,
2024-06-03 13:50:00+05:30,4334,4334,4329.55,4331.7,496,
2024-06-03 13:51:00+05:30,4331.75,4333.95,4330.25,4333.1,554,
2024-06-03 13:52:00+05:30,4330.8,4333.75,4330.55,4333.15,810,
2024-06-03 13:53:00+05:30,4333.15,4334.1,4331.5,4333.85,865,
2024-06-03 13:54:00+05:30,4333.85,4334,4331.55,4333.3,440,
2024-06-03 13:55:00+05:30,4333.3,4334.05,4332.9,4333.75,1744,
2024-06-03 13:56:00+05:30,4333.75,4334,4332.2,4334,634,
2024-06-03 13:57:00+05:30,4334,4334,4333.8,4334,1237,
2024-06-03 13:58:00+05:30,4333.95,4334.15,4330.95,4331,2720,
2024-06-03 13:59:00+05:30,4331,4331.8,4328.05,4328.95,919,
2024-06-03 14:00:00+05:30,4328.95,4331,4327.35,4330,546,
2024-06-03 14:01:00+05:30,4330,4330.8,4328.4,4330,790,
2024-06-03 14:02:00+05:30,4330,4330.75,4327,4328.5,2231,
2024-06-03 14:03:00+05:30,4328.5,4328.5,4323.5,4325,1212,
2024-06-03 14:04:00+05:30,4325,4326.35,4323.05,4324,1750,
2024-06-03 14:05:00+05:30,4324,4325,4323.95,4325,497,
2024-06-03 14:06:00+05:30,4325,4325,4321.95,4323.35,851,
2024-06-03 14:07:00+05:30,4323.35,4325,4321.65,4322.85,597,
2024-06-03 14:08:00+05:30,4322.85,4325,4322.85,4325,483,
2024-06-03 14:09:00+05:30,4325,4325,4324.05,4324.05,1433,
2024-06-03 14:10:00+05:30,4324.05,4325,4324,4325,986,
2024-06-03 14:11:00+05:30,4325,4325,4322.55,4325,517,
2024-06-03 14:12:00+05:30,4325,4325,4321.8,4325,437,
2024-06-03 14:13:00+05:30,4325,4325,4323.8,4325,790,
2024-06-03 14:14:00+05:30,4325,4329.25,4321,4326.8,7022,
2024-06-03 14:15:00+05:30,4326.8,4329.2,4320.55,4323.5,3570,
2024-06-03 14:16:00+05:30,4323.5,4329.85,4323.5,4329.85,707,
2024-06-03 14:17:00+05:30,4329.85,4330,4326.25,4326.55,941,
2024-06-03 14:18:00+05:30,4326.55,4330,4326.3,4326.5,563,
2024-06-03 14:19:00+05:30,4326.5,4328.85,4322.6,4325,1310,
2024-06-03 14:20:00+05:30,4325,4327.1,4322.7,4322.75,755,
2024-06-03 14:21:00+05:30,4322.75,4325,4322.75,4322.75,819,
2024-06-03 14:22:00+05:30,4323.7,4323.7,4321.3,4323.45,559,
2024-06-03 14:23:00+05:30,4323.45,4326.95,4323.45,4326.85,619,
2024-06-03 14:24:00+05:30,4325,4326.9,4324.75,4325,519,
2024-06-03 14:25:00+05:30,4324.95,4326.55,4323.55,4325,760,
2024-06-03 14:26:00+05:30,4326.5,4326.5,4318.6,4321.25,1756,
2024-06-03 14:27:00+05:30,4321.25,4321.25,4317.65,4320.25,1669,
2024-06-03 14:28:00+05:30,4320.25,4320.55,4313.05,4320.55,5792,
2024-06-03 14:29:00+05:30,4322.15,4325.7,4322.15,4322.85,1231,
2024-06-03 14:30:00+05:30,4325,4325.2,4322.7,4323,516,
2024-06-03 14:31:00+05:30,4323,4326.05,4323,4324.65,1888,
2024-06-03 14:32:00+05:30,4324.65,4324.85,4323.25,4323.55,573,
2024-06-03 14:33:00+05:30,4324.6,4326.7,4323.25,4324.7,1050,
2024-06-03 14:34:00+05:30,4323.3,4324.7,4320.8,4322.95,813,
2024-06-03 14:35:00+05:30,4322.95,4326.2,4321,4323.5,719,
2024-06-03 14:36:00+05:30,4325,4325.35,4322.8,4323.35,553,
2024-06-03 14:37:00+05:30,4323.35,4325.35,4323.35,4324.15,696,
2024-06-03 14:38:00+05:30,4324.15,4325.65,4324,4325.05,758,
2024-06-03 14:39:00+05:30,4325,4325.6,4324.15,4325,832,
2024-06-03 14:40:00+05:30,4325,4327.1,4325,4325.35,1025,
2024-06-03 14:41:00+05:30,4325.35,4329.65,4325.35,4329.2,847,
2024-06-03 14:42:00+05:30,4329.2,4332.6,4327.8,4328.05,1312,
2024-06-03 14:43:00+05:30,4327.8,4332.3,4326.55,4329.45,767,
2024-06-03 14:44:00+05:30,4329.45,4333.6,4327.5,4329.75,1729,
2024-06-03 14:45:00+05:30,4329.75,4329.75,4325.7,4326,1944,
2024-06-03 14:46:00+05:30,4326,4328.1,4326,4326.25,879,
2024-06-03 14:47:00+05:30,4326.25,4327.65,4325.75,4327.15,2374,
2024-06-03 14:48:00+05:30,4327.25,4329.05,4325.45,4326.6,1020,
2024-06-03 14:49:00+05:30,4326.6,4327.65,4325,4325.4,662,
2024-06-03 14:50:00+05:30,4325.05,4327.3,4322.55,4324.9,2575,
2024-06-03 14:51:00+05:30,4324.9,4325,4323.05,4323.35,1631,
2024-06-03 14:52:00+05:30,4323.35,4325.3,4323,4325,2009,
2024-06-03 14:53:00+05:30,4325,4325.95,4324.55,4325,1469,
2024-06-03 14:54:00+05:30,4325,4325,4323,4324,895,
2024-06-03 14:55:00+05:30,4324,4325.4,4323.2,4325,1547,
2024-06-03 14:56:00+05:30,4325,4325,4323,4324.85,1379,
2024-06-03 14:57:00+05:30,4324.85,4325,4323.3,4323.5,2996,
2024-06-03 14:58:00+05:30,4323.5,4325,4323,4324.8,1399,
2024-06-03 14:59:00+05:30,4324.75,4324.8,4321.15,4322.5,1156,
2024-06-03 15:00:00+05:30,4321.8,4322.5,4312.55,4316.25,2167,
2024-06-03 15:01:00+05:30,4316.25,4318,4312.05,4313.4,1543,
2024-06-03 15:02:00+05:30,4313.4,4315.55,4312.25,4313.7,1105,
2024-06-03 15:03:00+05:30,4313.7,4316.75,4313.7,4315.15,1234,
2024-06-03 15:04:00+05:30,4315.15,4319.9,4313.75,4317.75,2796,
2024-06-03 15:05:00+05:30,4315.55,4316.55,4312,4315.85,1738,
2024-06-03 15:06:00+05:30,4315.85,4319.45,4315.4,4317.35,1275,
2024-06-03 15:07:00+05:30,4317.05,4321.05,4317.05,4321.05,1129,
2024-06-03 15:08:00+05:30,4321.05,4321.4,4321,4321.2,1078,
2024-06-03 15:09:00+05:30,4321.2,4324.7,4319.45,4324.7,1154,
2024-06-03 15:10:00+05:30,4323,4324,4316.85,4316.9,2161,
2024-06-03 15:11:00+05:30,4316.95,4321.35,4316.4,4321,2130,
2024-06-03 15:12:00+05:30,4320.9,4323.35,4320,4322.95,1977,
2024-06-03 15:13:00+05:30,4323.2,4323.3,4320.65,4323,876,
2024-06-03 15:14:00+05:30,4323.2,4325,4322.4,4324.95,1616,
2024-06-03 15:15:00+05:30,4324.95,4325.9,4324.55,4325,3437,
2024-06-03 15:16:00+05:30,4325,4325,4320.5,4324.65,4267,
2024-06-03 15:17:00+05:30,4324.65,4325.05,4324.55,4324.95,2008,
2024-06-03 15:18:00+05:30,4324.95,4325,4321.65,4322.5,2015,
2024-06-03 15:19:00+05:30,4322.45,4322.5,4320,4322.5,1872,
2024-06-03 15:20:00+05:30,4322.4,4325,4320.3,4324.35,3288,
2024-06-03 15:21:00+05:30,4324.85,4324.9,4322.45,4324.4,2441,
2024-06-03 15:22:00+05:30,4324.5,4325.05,4323.1,4324.7,1648,
2024-06-03 15:23:00+05:30,4324.65,4324.95,4322.55,4324.65,2077,
2024-06-03 15:24:00+05:30,4324.9,4325,4321.85,4323.9,2234,
2024-06-03 15:25:00+05:30,4323.85,4325.45,4322.9,4325,4589,
2024-06-03 15:26:00+05:30,4325,4325,4319.7,4322.1,3324,
2024-06-03 15:27:00+05:30,4322.05,4325.5,4319.5,4323.45,2338,
2024-06-03 15:28:00+05:30,4324.75,4325,4320.05,4323.45,1005,
2024-06-03 15:29:00+05:30,4323.4,4325.55,4315,4315,1490,
2024-06-04 09:15:00+05:30,4323.4,4334.9,4262.55,4272,11474,
2024-06-04 09:16:00+05:30,4274.8,4323.55,4274.8,4319.85,11961,
2024-06-04 09:17:00+05:30,4319.85,4349.95,4319.85,4340.35,3119,
2024-06-04 09:18:00+05:30,4340.3,4353.4,4338.4,4340.05,4842,
2024-06-04 09:19:00+05:30,4338.4,4340.05,4322.1,4334.65,3779,
2024-06-04 09:20:00+05:30,4336.85,4342,4325.2,4328.85,2805,
2024-06-04 09:21:00+05:30,4328.7,4333.15,4308.55,4310.55,3864,
2024-06-04 09:22:00+05:30,4308.55,4311.85,4290.95,4296.05,5501,
2024-06-04 09:23:00+05:30,4293.9,4305.3,4290.05,4290.25,2712,
2024-06-04 09:24:00+05:30,4290.05,4336.45,4285.7,4316.35,6262,
2024-06-04 09:25:00+05:30,4313,4321.65,4303.5,4318.45,3156,
2024-06-04 09:26:00+05:30,4317.15,4327,4311,4314.2,1643,
2024-06-04 09:27:00+05:30,4317.85,4324,4313.45,4322.6,1566,
2024-06-04 09:28:00+05:30,4322.6,4325.65,4311.4,4312.4,2404,
2024-06-04 09:29:00+05:30,4312.45,4314.6,4300.4,4300.4,1453,
2024-06-04 09:30:00+05:30,4300.5,4302.35,4254.85,4254.85,4285,
2024-06-04 09:31:00+05:30,4247.7,4254.15,4230.7,4240.3,7702,
2024-06-04 09:32:00+05:30,4240.3,4251.4,4240,4242.85,3035,
2024-06-04 09:33:00+05:30,4246.2,4280.8,4243.35,4275.7,2964,
2024-06-04 09:34:00+05:30,4275.9,4287,4270.85,4276.25,2041,
2024-06-04 09:35:00+05:30,4279.55,4302.75,4277.85,4302.55,1438,
2024-06-04 09:36:00+05:30,4302.9,4313.7,4298.3,4305.3,3840,
2024-06-04 09:37:00+05:30,4305.55,4315,4305.55,4309.05,2012,
2024-06-04 09:38:00+05:30,4312.6,4313.5,4300,4304.1,1838,
2024-06-04 09:39:00+05:30,4307.45,4307.45,4299.9,4302.05,2253,
2024-06-04 09:40:00+05:30,4302.05,4308.8,4290.4,4290.4,4060,
2024-06-04 09:41:00+05:30,4291.7,4309.9,4290.1,4292.3,1857,
2024-06-04 09:42:00+05:30,4295.05,4305.6,4295.05,4303.55,1055,
2024-06-04 09:43:00+05:30,4303.65,4315.6,4303.65,4309.05,3175,
2024-06-04 09:44:00+05:30,4312.5,4313.9,4297.95,4307.85,3625,
2024-06-04 09:45:00+05:30,4308,4319.5,4302.05,4319.5,1029,
2024-06-04 09:46:00+05:30,4319.5,4327.8,4315.25,4324.9,4323,
2024-06-04 09:47:00+05:30,4327.8,4340,4324.9,4336.2,2275,
2024-06-04 09:48:00+05:30,4340,4351,4338.05,4348.55,3193,
2024-06-04 09:49:00+05:30,4350.05,4350.9,4340.45,4341.85,4222,
2024-06-04 09:50:00+05:30,4341.4,4353.45,4330.8,4353,3156,
2024-06-04 09:51:00+05:30,4353,4366.35,4351,4355.1,4934,
2024-06-04 09:52:00+05:30,4355.1,4366.2,4353.05,4359,3551,
2024-06-04 09:53:00+05:30,4359,4383,4359,4383,4932,
2024-06-04 09:54:00+05:30,4380.45,4390,4377,4389.5,4373,
2024-06-04 09:55:00+05:30,4385.3,4387.4,4374.25,4384.5,3448,
2024-06-04 09:56:00+05:30,4384.95,4392,4382.2,4390,5973,
2024-06-04 09:57:00+05:30,4386.8,4389.85,4375.45,4376.15,1797,
2024-06-04 09:58:00+05:30,4376.3,4389.95,4371.05,4389.95,2717,
2024-06-04 09:59:00+05:30,4390,4390,4375.8,4381.6,1927,
2024-06-04 10:00:00+05:30,4381.6,4385,4363.25,4363.3,2731,
2024-06-04 10:01:00+05:30,4365.7,4372,4362.9,4372,1541,
2024-06-04 10:02:00+05:30,4368.8,4378.95,4367,4377,774,
2024-06-04 10:03:00+05:30,4375.25,4379.95,4370.65,4375.4,1389,
2024-06-04 10:04:00+05:30,4375.6,4375.95,4365.8,4369.8,730,
2024-06-04 10:05:00+05:30,4369.8,4380,4369.2,4379.3,2468,
2024-06-04 10:06:00+05:30,4380,4385.8,4377,4385.3,2930,
2024-06-04 10:07:00+05:30,4385.45,4395,4384.4,4395,4366,
2024-06-04 10:08:00+05:30,4395,4403.05,4393.85,4402.95,4129,
2024-06-04 10:09:00+05:30,4401.4,4405.45,4396,4397.55,2706,
2024-06-04 10:10:00+05:30,4395.6,4402.95,4394.65,4402,1993,
2024-06-04 10:11:00+05:30,4401.9,4401.9,4394.05,4398.9,2997,
2024-06-04 10:12:00+05:30,4398.85,4398.9,4386.4,4392.7,3186,
2024-06-04 10:13:00+05:30,4392.7,4402,4392.55,4402,1740,
2024-06-04 10:14:00+05:30,4400.65,4413.5,4400.65,4411.95,3763,
2024-06-04 10:15:00+05:30,4412.6,4422.6,4410.5,4416,7864,
2024-06-04 10:16:00+05:30,4416,4421.1,4414.1,4420,2058,
2024-06-04 10:17:00+05:30,4418.3,4419.65,4407.15,4410.95,4508,
2024-06-04 10:18:00+05:30,4411,4411,4400,4402.85,1965,
2024-06-04 10:19:00+05:30,4402.8,4407.7,4399,4403.2,3285,
2024-06-04 10:20:00+05:30,4398.55,4400.85,4393.05,4393.3,4241,
2024-06-04 10:21:00+05:30,4393.35,4398.65,4390,4390.05,6390,
2024-06-04 10:22:00+05:30,4390,4401.5,4390,4399,4607,
2024-06-04 10:23:00+05:30,4399,4403.8,4395.7,4399.95,3920,
2024-06-04 10:24:00+05:30,4400,4403.65,4398.9,4403.05,3978,
2024-06-04 10:25:00+05:30,4404,4407.9,4400,4402.55,3685,
2024-06-04 10:26:00+05:30,4402.9,4406.05,4397,4397.05,1185,
2024-06-04 10:27:00+05:30,4397.05,4400.75,4392.8,4400,1445,
2024-06-04 10:28:00+05:30,4400,4400.95,4391.15,4391.15,569,
2024-06-04 10:29:00+05:30,4393.55,4396.1,4391.1,4393,822,
2024-06-04 10:30:00+05:30,4393,4400,4392.05,4397.4,3670,
2024-06-04 10:31:00+05:30,4397.4,4401.1,4395.1,4396.95,1107,
2024-06-04 10:32:00+05:30,4396.95,4402.5,4396.95,4398.3,2194,
2024-06-04 10:33:00+05:30,4398.3,4400.9,4398.15,4398.15,1251,
2024-06-04 10:34:00+05:30,4398.25,4399.75,4390,4390.05,3027,
2024-06-04 10:35:00+05:30,4390.05,4393.3,4390.05,4391.15,1405,
2024-06-04 10:36:00+05:30,4391.15,4394,4390,4391.55,2156,
2024-06-04 10:37:00+05:30,4392.05,4398.1,4390,4394.85,2792,
2024-06-04 10:38:00+05:30,4394.85,4398.05,4390.05,4393.35,2125,
2024-06-04 10:39:00+05:30,4393.35,4395.5,4388.5,4390,1116,
2024-06-04 10:40:00+05:30,4390,4390,4383.65,4390,2471,
2024-06-04 10:41:00+05:30,4390,4390,4377,4380,6212,
2024-06-04 10:42:00+05:30,4379.95,4379.95,4369.15,4375.6,10436,
2024-06-04 10:43:00+05:30,4374.45,4382.95,4370.15,4370.7,2393,
2024-06-04 10:44:00+05:30,4370.7,4371.65,4363.05,4367.8,1793,
2024-06-04 10:45:00+05:30,4367.75,4367.75,4361.95,4365,1626,
2024-06-04 10:46:00+05:30,4365,4366.25,4357.15,4364.1,3016,
2024-06-04 10:47:00+05:30,4363.65,4370,4362.35,4370,1264,
2024-06-04 10:48:00+05:30,4370,4384.75,4369.15,4382.45,3461,
2024-06-04 10:49:00+05:30,4382.45,4384.7,4378.5,4383.5,1870,
2024-06-04 10:50:00+05:30,4381.5,4387.4,4381.5,4383.8,2605,
2024-06-04 10:51:00+05:30,4384,4384,4370.15,4373.1,1784,
2024-06-04 10:52:00+05:30,4373.55,4373.55,4361.5,4361.5,1664,
2024-06-04 10:53:00+05:30,4361.5,4365,4356.35,4356.5,2899,
2024-06-04 10:54:00+05:30,4358.5,4367.9,4357.5,4360,2766,
2024-06-04 10:55:00+05:30,4360,4360,4336.85,4342.1,6403,
2024-06-04 10:56:00+05:30,4342.1,4344.05,4327.1,4328.4,4615,
2024-06-04 10:57:00+05:30,4327.4,4358.85,4327.4,4355.55,4770,
2024-06-04 10:58:00+05:30,4358.85,4360.15,4351.1,4358.4,1907,
2024-06-04 10:59:00+05:30,4358.4,4358.95,4347.05,4349.05,915,
2024-06-04 11:00:00+05:30,4349.05,4350,4343.35,4346.3,1328,
2024-06-04 11:01:00+05:30,4346.3,4346.3,4335.2,4339.15,1548,
2024-06-04 11:02:00+05:30,4339.15,4345.55,4333.4,4345.25,2866,
2024-06-04 11:03:00+05:30,4345.2,4358.3,4341.05,4344.5,3167,
2024-06-04 11:04:00+05:30,4342.05,4343.35,4330.55,4333.55,1782,
2024-06-04 11:05:00+05:30,4335.8,4336.2,4325.2,4325.2,1612,
2024-06-04 11:06:00+05:30,4325.05,4325.95,4320.05,4322.6,2033,
2024-06-04 11:07:00+05:30,4324.8,4328.35,4316.55,4325,13789,
2024-06-04 11:08:00+05:30,4325.9,4325.9,4289.2,4292.8,6448,
2024-06-04 11:09:00+05:30,4290.1,4314.2,4289.75,4312.1,4869,
2024-06-04 11:10:00+05:30,4313.25,4328.25,4309.7,4319.7,3813,
2024-06-04 11:11:00+05:30,4319.7,4319.7,4273.55,4297.05,5236,
2024-06-04 11:12:00+05:30,4298,4298,4286.9,4289.55,2543,
2024-06-04 11:13:00+05:30,4289.85,4298.95,4287.4,4295.1,994,
2024-06-04 11:14:00+05:30,4295.1,4295.1,4276.4,4281.1,1479,
2024-06-04 11:15:00+05:30,4281.1,4289,4281.1,4288.85,661,
2024-06-04 11:16:00+05:30,4288.85,4295,4287.1,4293.55,1326,
2024-06-04 11:17:00+05:30,4293.55,4294.6,4281.7,4285.45,873,
2024-06-04 11:18:00+05:30,4284.25,4298.3,4284.25,4297.85,2007,
2024-06-04 11:19:00+05:30,4292.95,4293.8,4285.8,4288.75,949,
2024-06-04 11:20:00+05:30,4288.75,4315.25,4285.65,4315.25,1654,
2024-06-04 11:21:00+05:30,4310.4,4311.65,4290.05,4297.9,2075,
2024-06-04 11:22:00+05:30,4294.4,4300.6,4292.6,4294.95,1834,
2024-06-04 11:23:00+05:30,4294.75,4317.15,4294.55,4317.1,1331,
2024-06-04 11:24:00+05:30,4317.1,4333.9,4316.9,4330.65,1043,
2024-06-04 11:25:00+05:30,4331.65,4331.65,4314.05,4316.8,1998,
2024-06-04 11:26:00+05:30,4316.8,4325.05,4311.05,4325.05,941,
2024-06-04 11:27:00+05:30,4325.05,4326.45,4303.7,4309.8,1107,
2024-06-04 11:28:00+05:30,4309.8,4317.65,4307.15,4317.65,316,
2024-06-04 11:29:00+05:30,4317.65,4325,4314.15,4323.3,1327,
2024-06-04 11:30:00+05:30,4322.75,4322.75,4307.35,4314.95,961,
2024-06-04 11:31:00+05:30,4314.95,4320.3,4313.2,4319.05,699,
2024-06-04 11:32:00+05:30,4319.05,4323.9,4318.95,4323.85,830,
2024-06-04 11:33:00+05:30,4323.85,4331.85,4320.55,4329.45,494,
2024-06-04 11:34:00+05:30,4331.3,4334,4328.75,4334,1643,
2024-06-04 11:35:00+05:30,4334,4338.7,4328.65,4332.15,1065,
2024-06-04 11:36:00+05:30,4332.25,4334.9,4320.15,4334.85,1101,
2024-06-04 11:37:00+05:30,4334.85,4338,4329.25,4333.35,579,
2024-06-04 11:38:00+05:30,4333.35,4338.95,4332.6,4336.65,528,
2024-06-04 11:39:00+05:30,4334.45,4338.95,4332.85,4336.75,692,
2024-06-04 11:40:00+05:30,4336.55,4339,4325.85,4331.9,775,
2024-06-04 11:41:00+05:30,4332.05,4335.7,4329.2,4331.3,873,
2024-06-04 11:42:00+05:30,4331.25,4334.65,4326.5,4334.5,432,
2024-06-04 11:43:00+05:30,4334.5,4340,4333.55,4340,888,
2024-06-04 11:44:00+05:30,4340,4345,4338.15,4345,888,
2024-06-04 11:45:00+05:30,4345,4350,4345,4347.85,646,
2024-06-04 11:46:00+05:30,4344,4354.9,4341.05,4349.5,2412,
2024-06-04 11:47:00+05:30,4349.5,4353.45,4347.6,4348.8,523,
2024-06-04 11:48:00+05:30,4348.8,4362.7,4347.35,4354.85,2815,
2024-06-04 11:49:00+05:30,4350.9,4363,4350.9,4358.8,1747,
2024-06-04 11:50:00+05:30,4360.55,4366.65,4360.15,4362.8,489,
2024-06-04 11:51:00+05:30,4361,4363.1,4353.4,4360.35,2108,
2024-06-04 11:52:00+05:30,4360.35,4362.35,4356,4359.8,424,
2024-06-04 11:53:00+05:30,4360.1,4360.1,4350.65,4352.8,780,
2024-06-04 11:54:00+05:30,4350.05,4355,4341.7,4345,1971,
2024-06-04 11:55:00+05:30,4345,4352.35,4343.5,4346,980,
2024-06-04 11:56:00+05:30,4346,4346,4337.05,4342.3,1916,
2024-06-04 11:57:00+05:30,4342.3,4350.8,4342.3,4346.85,720,
2024-06-04 11:58:00+05:30,4346.95,4349.05,4334.3,4337.65,1474,
2024-06-04 11:59:00+05:30,4335.2,4337.65,4320,4320,1403,
2024-06-04 12:00:00+05:30,4324.65,4325.85,4320,4320.45,1148,
2024-06-04 12:01:00+05:30,4320.45,4322.4,4307.1,4310,2103,
2024-06-04 12:02:00+05:30,4311.65,4313.1,4305,4305.1,878,
2024-06-04 12:03:00+05:30,4305.1,4311.7,4305,4305.05,842,
2024-06-04 12:04:00+05:30,4306.95,4311,4305.25,4311,362,
2024-06-04 12:05:00+05:30,4311,4311,4294.2,4297.05,2446,
2024-06-04 12:06:00+05:30,4297.05,4299.7,4290.15,4290.35,1029,
2024-06-04 12:07:00+05:30,4290.35,4292.25,4285.15,4285.15,1725,
2024-06-04 12:08:00+05:30,4286,4287.85,4273,4273,1831,
2024-06-04 12:09:00+05:30,4273,4278.6,4270.1,4275.3,1297,
2024-06-04 12:10:00+05:30,4275.8,4277.95,4270.15,4272,1653,
2024-06-04 12:11:00+05:30,4272,4272,4250,4250.35,1718,
2024-06-04 12:12:00+05:30,4250.35,4280.65,4250.05,4280.65,3015,
2024-06-04 12:13:00+05:30,4280.65,4289.7,4276.85,4281.65,1189,
2024-06-04 12:14:00+05:30,4281.65,4281.65,4250,4250,1857,
2024-06-04 12:15:00+05:30,4252.5,4262.45,4245.2,4259.8,2092,
2024-06-04 12:16:00+05:30,4261,4269.95,4253.2,4253.2,1389,
2024-06-04 12:17:00+05:30,4253.2,4256.8,4250.2,4250.2,1109,
2024-06-04 12:18:00+05:30,4250.2,4252.45,4245.75,4251.5,835,
2024-06-04 12:19:00+05:30,4249.3,4252.8,4248.7,4251.1,255,
2024-06-04 12:20:00+05:30,4251.1,4254.95,4251,4251,1324,
2024-06-04 12:21:00+05:30,4251.1,4251.95,4241.05,4244.1,1441,
2024-06-04 12:22:00+05:30,4244.1,4244.95,4240,4241.75,693,
2024-06-04 12:23:00+05:30,4241.1,4244.1,4233.65,4234.55,1824,
2024-06-04 12:24:00+05:30,4234.9,4237.85,4217.55,4217.55,1372,
2024-06-04 12:25:00+05:30,4217.55,4223.4,4193.3,4203.1,2884,
2024-06-04 12:26:00+05:30,4203.1,4203.1,4180.5,4187.65,4183,
2024-06-04 12:27:00+05:30,4189.35,4203.7,4181.75,4201.2,4990,
2024-06-04 12:28:00+05:30,4201.2,4210.75,4192.05,4210.75,2327,
2024-06-04 12:29:00+05:30,4218.55,4218.55,4203,4212.65,2919,
2024-06-04 12:30:00+05:30,4212.65,4248.7,4212.65,4215.9,5916,
2024-06-04 12:31:00+05:30,4215.9,4246.5,4215.9,4244.05,1732,
2024-06-04 12:32:00+05:30,4245,4253.8,4233.65,4238.05,2333,
2024-06-04 12:33:00+05:30,4238.05,4251.1,4233.25,4250.25,2238,
2024-06-04 12:34:00+05:30,4250.25,4263.9,4250.25,4259.2,2567,
2024-06-04 12:35:00+05:30,4259.2,4276.85,4255.05,4276.85,1711,
2024-06-04 12:36:00+05:30,4273.55,4274.7,4223.2,4223.2,2070,
2024-06-04 12:37:00+05:30,4224.95,4253.85,4224.95,4253.85,3150,
2024-06-04 12:38:00+05:30,4253.85,4259.95,4245.2,4245.2,1609,
2024-06-04 12:39:00+05:30,4245.2,4265.9,4245.2,4250.65,1129,
2024-06-04 12:40:00+05:30,4250.65,4267.55,4250.65,4265.5,1138,
2024-06-04 12:41:00+05:30,4267,4279.35,4267,4276.8,2496,
2024-06-04 12:42:00+05:30,4276.8,4285,4274.25,4277.8,1071,
2024-06-04 12:43:00+05:30,4277.8,4290.05,4269.05,4290.05,3152,
2024-06-04 12:44:00+05:30,4290.15,4308.55,4290.15,4296.3,2897,
2024-06-04 12:45:00+05:30,4296.3,4300,4283.1,4285.3,922,
2024-06-04 12:46:00+05:30,4285.95,4325.45,4285.95,4325.45,2101,
2024-06-04 12:47:00+05:30,4321.1,4337.3,4315.05,4337.1,936,
2024-06-04 12:48:00+05:30,4337.1,4341.15,4330.85,4332.55,1455,
2024-06-04 12:49:00+05:30,4335.3,4338.25,4327,4332.95,1407,
2024-06-04 12:50:00+05:30,4332.95,4345,4332.95,4340.75,1104,
2024-06-04 12:51:00+05:30,4340.75,4345,4320,4333,1547,
2024-06-04 12:52:00+05:30,4333,4345,4331.8,4345,1466,
2024-06-04 12:53:00+05:30,4344.85,4350,4338.85,4347.9,2127,
2024-06-04 12:54:00+05:30,4347.9,4354.9,4343,4351.95,1752,
2024-06-04 12:55:00+05:30,4351.95,4354.1,4345.4,4347.75,1004,
2024-06-04 12:56:00+05:30,4346.45,4350.1,4343.85,4346.2,890,
2024-06-04 12:57:00+05:30,4342.1,4345.75,4328.8,4339.4,1316,
2024-06-04 12:58:00+05:30,4339.4,4347.35,4320,4326.85,13006,
2024-06-04 12:59:00+05:30,4330,4334.95,4325,4334.85,1056,
2024-06-04 13:00:00+05:30,4334.85,4335.85,4310.7,4310.7,2048,
2024-06-04 13:01:00+05:30,4310.7,4320,4308,4320,4737,
2024-06-04 13:02:00+05:30,4320,4342.6,4320,4332.35,4516,
2024-06-04 13:03:00+05:30,4335,4335,4321.6,4329,2071,
2024-06-04 13:04:00+05:30,4330,4330,4320.25,4328.05,426,
2024-06-04 13:05:00+05:30,4328.05,4329.9,4315,4315,2788,
2024-06-04 13:06:00+05:30,4314.6,4324.85,4313.15,4319.95,7540,
2024-06-04 13:07:00+05:30,4322.5,4324,4306.3,4306.3,1367,
2024-06-04 13:08:00+05:30,4306.3,4322.8,4291,4300,5976,
2024-06-04 13:09:00+05:30,4300,4322,4295,4318.25,3726,
2024-06-04 13:10:00+05:30,4318.25,4324.9,4291,4294.15,8943,
2024-06-04 13:11:00+05:30,4291.6,4297.45,4282.55,4292.25,3197,
2024-06-04 13:12:00+05:30,4292.25,4295.95,4287,4294.05,840,
2024-06-04 13:13:00+05:30,4294.05,4306.2,4288.95,4303.4,2778,
2024-06-04 13:14:00+05:30,4303.4,4309.95,4303.4,4307.2,1461,
2024-06-04 13:15:00+05:30,4307.2,4307.25,4291.6,4296.3,1674,
2024-06-04 13:16:00+05:30,4296.3,4314.85,4294.85,4311.7,1340,
2024-06-04 13:17:00+05:30,4311.7,4320,4307.5,4314.8,1330,
2024-06-04 13:18:00+05:30,4315.6,4330,4312.75,4324.85,2616,
2024-06-04 13:19:00+05:30,4324.85,4329.55,4317.1,4323.45,969,
2024-06-04 13:20:00+05:30,4323.45,4334.05,4318.6,4334.05,1328,
2024-06-04 13:21:00+05:30,4330.55,4347.05,4330.55,4339.05,2309,
2024-06-04 13:22:00+05:30,4339.05,4346.25,4337.3,4344,798,
2024-06-04 13:23:00+05:30,4340.4,4346.6,4333.2,4340.4,1748,
2024-06-04 13:24:00+05:30,4340.4,4340.8,4325.55,4337.3,1483,
2024-06-04 13:25:00+05:30,4337.3,4346.35,4337.3,4344.55,676,
2024-06-04 13:26:00+05:30,4344.55,4344.55,4330.05,4332.85,1006,
2024-06-04 13:27:00+05:30,4332.9,4334.15,4312.4,4321.1,2449,
2024-06-04 13:28:00+05:30,4321.6,4323.15,4308.8,4315,1862,
2024-06-04 13:29:00+05:30,4315,4327.7,4311.3,4319.6,1318,
2024-06-04 13:30:00+05:30,4314.15,4322.55,4313.3,4313.3,860,
2024-06-04 13:31:00+05:30,4313.3,4316.95,4308.1,4312.35,923,
2024-06-04 13:32:00+05:30,4309.15,4320,4309.15,4314.3,764,
2024-06-04 13:33:00+05:30,4314.3,4323.2,4309.85,4323.2,1758,
2024-06-04 13:34:00+05:30,4323.2,4344,4323.15,4339.2,1645,
2024-06-04 13:35:00+05:30,4339.2,4340,4335.85,4338.4,865,
2024-06-04 13:36:00+05:30,4338.1,4340.55,4330.35,4332.25,1489,
2024-06-04 13:37:00+05:30,4332.25,4332.25,4315.4,4323.7,652,
2024-06-04 13:38:00+05:30,4323.5,4331.45,4320.15,4325.1,1217,
2024-06-04 13:39:00+05:30,4325.1,4326,4320.2,4323.8,497,
2024-06-04 13:40:00+05:30,4321.05,4323.65,4303.1,4304.55,1848,
2024-06-04 13:41:00+05:30,4303.3,4313.05,4303.3,4311.5,769,
2024-06-04 13:42:00+05:30,4311.45,4313.9,4303.35,4307.05,380,
2024-06-04 13:43:00+05:30,4308.5,4316.3,4304.95,4313,735,
2024-06-04 13:44:00+05:30,4315,4332,4315,4329.5,786,
2024-06-04 13:45:00+05:30,4328.1,4339.4,4328.05,4330.1,1504,
2024-06-04 13:46:00+05:30,4330.1,4333.6,4323.6,4332.15,1486,
2024-06-04 13:47:00+05:30,4332.15,4335,4326,4326,730,
2024-06-04 13:48:00+05:30,4326,4332.6,4321.6,4331.9,535,
2024-06-04 13:49:00+05:30,4331.9,4337.85,4328.45,4330.6,757,
2024-06-04 13:50:00+05:30,4332.35,4341.1,4330.9,4337.7,2366,
2024-06-04 13:51:00+05:30,4340,4356.3,4337.05,4352.85,3006,
2024-06-04 13:52:00+05:30,4352.85,4357.75,4345,4348.5,1186,
2024-06-04 13:53:00+05:30,4343.55,4357.7,4343.55,4353.45,960,
2024-06-04 13:54:00+05:30,4353.55,4358.2,4349,4350.95,1186,
2024-06-04 13:55:00+05:30,4349.5,4351.2,4343.25,4346.75,856,
2024-06-04 13:56:00+05:30,4346.75,4351.9,4344.8,4347.85,425,
2024-06-04 13:57:00+05:30,4348.55,4348.55,4340.25,4340.25,724,
2024-06-04 13:58:00+05:30,4340.3,4349.7,4337.55,4344,1436,
2024-06-04 13:59:00+05:30,4347.15,4349.2,4339.5,4340.1,2042,
2024-06-04 14:00:00+05:30,4342.3,4345.75,4339.8,4342.55,797,
2024-06-04 14:01:00+05:30,4344.05,4347.95,4340.6,4342.9,1376,
2024-06-04 14:02:00+05:30,4342.9,4346.55,4339.05,4340.55,1415,
2024-06-04 14:03:00+05:30,4339.5,4343,4334.2,4343,903,
2024-06-04 14:04:00+05:30,4342.05,4342.05,4332.25,4334.95,2245,
2024-06-04 14:05:00+05:30,4334.95,4334.95,4316.7,4319.9,2131,
2024-06-04 14:06:00+05:30,4321.75,4323.1,4311.7,4315.55,1120,
2024-06-04 14:07:00+05:30,4315.55,4329.45,4312.35,4318,1206,
2024-06-04 14:08:00+05:30,4321.15,4333.45,4317.6,4317.6,2420,
2024-06-04 14:09:00+05:30,4317.55,4325.35,4315.95,4320.75,653,
2024-06-04 14:10:00+05:30,4320.75,4323.55,4309.4,4319.65,1275,
2024-06-04 14:11:00+05:30,4319.65,4321.05,4313,4314.05,1679,
2024-06-04 14:12:00+05:30,4316.95,4333.95,4316.95,4331.45,1655,
2024-06-04 14:13:00+05:30,4331.3,4331.3,4318,4324.95,877,
2024-06-04 14:14:00+05:30,4324.95,4341.6,4324.4,4337.75,1892,
2024-06-04 14:15:00+05:30,4337.75,4343.2,4336.1,4341.15,2450,
2024-06-04 14:16:00+05:30,4341.15,4345.75,4341.15,4345.75,771,
2024-06-04 14:17:00+05:30,4345.75,4345.75,4340,4341.3,1053,
2024-06-04 14:18:00+05:30,4341.3,4349,4338.7,4346.15,4581,
2024-06-04 14:19:00+05:30,4346.4,4349.5,4340.75,4344.15,1400,
2024-06-04 14:20:00+05:30,4344.15,4346.85,4337.95,4344.6,900,
2024-06-04 14:21:00+05:30,4344.6,4348.75,4341.7,4348.4,1284,
2024-06-04 14:22:00+05:30,4348.4,4349.15,4340.1,4341.8,1525,
2024-06-04 14:23:00+05:30,4341.85,4341.85,4325.05,4325.05,1538,
2024-06-04 14:24:00+05:30,4328.25,4340.7,4325.05,4338,1246,
2024-06-04 14:25:00+05:30,4337.95,4340.35,4331.25,4338.45,1042,
2024-06-04 14:26:00+05:30,4339,4342.85,4335.55,4339.45,962,
2024-06-04 14:27:00+05:30,4336.8,4341.95,4330.95,4330.95,789,
2024-06-04 14:28:00+05:30,4334.1,4337.9,4328,4337.5,1073,
2024-06-04 14:29:00+05:30,4335.4,4338,4332.3,4333.4,1142,
2024-06-04 14:30:00+05:30,4333.4,4348,4333.4,4342.9,1143,
2024-06-04 14:31:00+05:30,4342.9,4359,4342.9,4355.5,1976,
2024-06-04 14:32:00+05:30,4358.95,4363.25,4353.75,4360.75,6127,
2024-06-04 14:33:00+05:30,4365.95,4365.95,4354.1,4358.8,2449,
2024-06-04 14:34:00+05:30,4358.8,4360,4352,4353.3,1467,
2024-06-04 14:35:00+05:30,4355.25,4356.95,4343.4,4343.4,1521,
2024-06-04 14:36:00+05:30,4344.2,4345.35,4333.6,4339.4,1719,
2024-06-04 14:37:00+05:30,4340.85,4349.1,4336.35,4347.3,1080,
2024-06-04 14:38:00+05:30,4349.5,4352,4341.65,4347.35,1538,
2024-06-04 14:39:00+05:30,4346.9,4349.9,4337.25,4342.55,1208,
2024-06-04 14:40:00+05:30,4345.55,4347.8,4337.5,4337.5,1430,
2024-06-04 14:41:00+05:30,4339.45,4344.8,4337.5,4338.75,1209,
2024-06-04 14:42:00+05:30,4342.05,4344.55,4338.15,4340.85,1091,
2024-06-04 14:43:00+05:30,4342.45,4342.45,4330,4339.4,1554,
2024-06-04 14:44:00+05:30,4341.5,4341.6,4330,4336.45,1477,
2024-06-04 14:45:00+05:30,4336.45,4354.95,4333.5,4349.65,2306,
2024-06-04 14:46:00+05:30,4349.65,4352.5,4333.35,4336.8,1273,
2024-06-04 14:47:00+05:30,4337,4339.65,4334.95,4339.65,1210,
2024-06-04 14:48:00+05:30,4339.6,4339.6,4330,4330,1053,
2024-06-04 14:49:00+05:30,4331.85,4333.3,4325,4329,1671,
2024-06-04 14:50:00+05:30,4326.05,4333.4,4326.05,4330.2,1038,
2024-06-04 14:51:00+05:30,4330.6,4333,4327.35,4328,1189,
2024-06-04 14:52:00+05:30,4330.1,4331.6,4325.25,4331.6,1337,
2024-06-04 14:53:00+05:30,4328.55,4333.25,4326.05,4332.15,824,
2024-06-04 14:54:00+05:30,4332.15,4335,4330,4330,1255,
2024-06-04 14:55:00+05:30,4330,4331.75,4326.3,4330.8,1442,
2024-06-04 14:56:00+05:30,4330.8,4340.75,4326.15,4327.1,2778,
2024-06-04 14:57:00+05:30,4330,4337.45,4315,4317.1,2154,
2024-06-04 14:58:00+05:30,4314.7,4317.6,4306.7,4309.85,1517,
2024-06-04 14:59:00+05:30,4309.9,4318.55,4307.6,4307.6,1441,
2024-06-04 15:00:00+05:30,4308.7,4319.95,4308.7,4317.4,2174,
2024-06-04 15:01:00+05:30,4319.85,4325,4313.1,4316.75,2400,
2024-06-04 15:02:00+05:30,4316.75,4320,4309.35,4319.35,2327,
2024-06-04 15:03:00+05:30,4319.35,4319.7,4310.35,4312.65,1538,
2024-06-04 15:04:00+05:30,4314.4,4314.85,4307,4313.8,2564,
2024-06-04 15:05:00+05:30,4312.9,4320.05,4312.9,4320.05,1862,
2024-06-04 15:06:00+05:30,4319.8,4321.9,4311.3,4319.75,1728,
2024-06-04 15:07:00+05:30,4319.75,4339.95,4319.75,4339,3482,
2024-06-04 15:08:00+05:30,4339.45,4351,4331.75,4351,3481,
2024-06-04 15:09:00+05:30,4345.6,4348.7,4340.35,4345.45,1801,
2024-06-04 15:10:00+05:30,4345.45,4360,4345,4360,2319,
2024-06-04 15:11:00+05:30,4359.85,4359.85,4352.9,4353.85,2252,
2024-06-04 15:12:00+05:30,4354.45,4358.45,4343.35,4344.9,3186,
2024-06-04 15:13:00+05:30,4344.9,4348,4336.3,4339.05,2148,
2024-06-04 15:14:00+05:30,4339.05,4340.4,4331.05,4336.25,2906,
2024-06-04 15:15:00+05:30,4335.85,4337.7,4328.55,4334.5,2475,
2024-06-04 15:16:00+05:30,4334.55,4334.55,4330,4330.5,2623,
2024-06-04 15:17:00+05:30,4330.5,4334.75,4328,4333.85,2375,
2024-06-04 15:18:00+05:30,4331.85,4333.85,4321.7,4324.25,2505,
2024-06-04 15:19:00+05:30,4323.6,4336.4,4321,4336.4,3685,
2024-06-04 15:20:00+05:30,4335,4335.1,4315.5,4316.65,4937,
2024-06-04 15:21:00+05:30,4316.6,4316.6,4311.55,4313.65,2917,
2024-06-04 15:22:00+05:30,4313.65,4314.2,4310.75,4311.6,1174,
2024-06-04 15:23:00+05:30,4311.6,4312.3,4300.65,4301.55,2529,
2024-06-04 15:24:00+05:30,4301.05,4314,4300.95,4313.7,3197,
2024-06-04 15:25:00+05:30,4313.95,4313.95,4302.65,4303.4,2899,
2024-06-04 15:26:00+05:30,4303.45,4313.85,4302.8,4309.85,3123,
2024-06-04 15:27:00+05:30,4309.85,4310.2,4309.45,4310.05,2066,
2024-06-04 15:28:00+05:30,4310,4323.05,4297.25,4318.35,3591,
2024-06-04 15:29:00+05:30,4318.35,4327.2,4299.95,4327.2,4439,
2024-06-05 09:15:00+05:30,4334.35,4364.85,4330,4350,3491,
2024-06-05 09:16:00+05:30,4352.95,4367.95,4345.95,4354,1939,
2024-06-05 09:17:00+05:30,4354,4369.9,4354,4367.4,1325,
2024-06-05 09:18:00+05:30,4368.65,4368.65,4345.15,4348.65,1117,
2024-06-05 09:19:00+05:30,4348.2,4348.6,4332.2,4332.2,1491,
2024-06-05 09:20:00+05:30,4333.25,4343.95,4332,4335.1,2059,
2024-06-05 09:21:00+05:30,4332.85,4340,4332.85,4339.9,1631,
2024-06-05 09:22:00+05:30,4339.65,4342.9,4337.15,4342.9,1010,
2024-06-05 09:23:00+05:30,4340.75,4340.75,4316.6,4316.85,3618,
2024-06-05 09:24:00+05:30,4316.75,4320,4310.05,4310.05,1094,
2024-06-05 09:25:00+05:30,4308.8,4325.9,4306.75,4313.5,2163,
2024-06-05 09:26:00+05:30,4313.5,4325.25,4313.5,4320,804,
2024-06-05 09:27:00+05:30,4320,4340,4320,4339.25,1244,
2024-06-05 09:28:00+05:30,4343.15,4358.3,4343.15,4355.2,1753,
2024-06-05 09:29:00+05:30,4355.5,4369.45,4355.5,4360.3,1799,
2024-06-05 09:30:00+05:30,4360.3,4370,4360.3,4365.95,849,
2024-06-05 09:31:00+05:30,4365,4367.9,4360.9,4365,1286,
2024-06-05 09:32:00+05:30,4366.95,4366.95,4358.8,4362,1081,
2024-06-05 09:33:00+05:30,4362,4363.9,4351.05,4357.6,2656,
2024-06-05 09:34:00+05:30,4358.5,4358.9,4351.05,4353.6,628,
2024-06-05 09:35:00+05:30,4354.5,4361.85,4352.15,4353.5,1037,
2024-06-05 09:36:00+05:30,4353.5,4364.8,4353.5,4363.3,429,
2024-06-05 09:37:00+05:30,4363.3,4368.9,4363.3,4367.75,1579,
2024-06-05 09:38:00+05:30,4364.1,4367.75,4364,4366.2,862,
2024-06-05 09:39:00+05:30,4364,4370,4361.95,4367.8,1484,
2024-06-05 09:40:00+05:30,4370,4376.95,4368,4374.55,1816,
2024-06-05 09:41:00+05:30,4374.55,4382.9,4373.55,4379.55,2418,
2024-06-05 09:42:00+05:30,4383.35,4395.9,4378.5,4395,1425,
2024-06-05 09:43:00+05:30,4395,4398,4391.8,4392.6,1977,
2024-06-05 09:44:00+05:30,4392.6,4395.7,4382.8,4386,1676,
2024-06-05 09:45:00+05:30,4385.05,4394.45,4385.05,4390.55,1020,
2024-06-05 09:46:00+05:30,4392.55,4398,4390.7,4397.95,3657,
2024-06-05 09:47:00+05:30,4397.95,4400,4390.85,4396.25,5719,
2024-06-05 09:48:00+05:30,4399.5,4401.8,4381.05,4387.2,9879,
2024-06-05 09:49:00+05:30,4383.95,4385.55,4381,4381.8,1863,
2024-06-05 09:50:00+05:30,4381.75,4390,4381.75,4389.95,900,
2024-06-05 09:51:00+05:30,4390,4390,4384.7,4386.6,1510,
2024-06-05 09:52:00+05:30,4388,4393.45,4384.6,4391.15,3112,
2024-06-05 09:53:00+05:30,4391.15,4398.35,4391.15,4395,1765,
2024-06-05 09:54:00+05:30,4396.8,4398,4393.45,4395.8,1167,
2024-06-05 09:55:00+05:30,4395.85,4416.3,4395.4,4406.8,5056,
2024-06-05 09:56:00+05:30,4406.8,4406.9,4400.05,4402.1,1616,
2024-06-05 09:57:00+05:30,4402.1,4408.35,4400.05,4402.55,2545,
2024-06-05 09:58:00+05:30,4404.5,4406.95,4396.35,4399.45,2952,
2024-06-05 09:59:00+05:30,4400,4402.55,4398.35,4402.25,3379,
2024-06-05 10:00:00+05:30,4402.4,4409.8,4400.4,4409.8,19447,
2024-06-05 10:01:00+05:30,4407.45,4419,4401.3,4402.75,4597,
2024-06-05 10:02:00+05:30,4402.75,4410.2,4400,4410.2,7148,
2024-06-05 10:03:00+05:30,4413.7,4421.25,4411.55,4418.2,9918,
2024-06-05 10:04:00+05:30,4418.2,4427.25,4416.8,4423.95,5215,
2024-06-05 10:05:00+05:30,4423.95,4428.95,4421,4428.95,3038,
2024-06-05 10:06:00+05:30,4429.5,4439.55,4425,4437.15,110385,
2024-06-05 10:07:00+05:30,4437.15,4455,4434.55,4452.1,12024,
2024-06-05 10:08:00+05:30,4454.45,4459,4450,4450,19213,
2024-06-05 10:09:00+05:30,4450,4453.9,4449.1,4451,2866,
2024-06-05 10:10:00+05:30,4451,4465,4450,4465,5582,
2024-06-05 10:11:00+05:30,4461.6,4465,4450.9,4458.1,5945,
2024-06-05 10:12:00+05:30,4458.1,4463.7,4450.9,4461.05,6404,
2024-06-05 10:13:00+05:30,4461.25,4467.7,4455.9,4461.6,5539,
2024-06-05 10:14:00+05:30,4461.6,4465,4458.6,4464.5,2772,
2024-06-05 10:15:00+05:30,4464.45,4473.15,4464.45,4465.95,8894,
2024-06-05 10:16:00+05:30,4465.95,4472.95,4465.55,4471,4924,
2024-06-05 10:17:00+05:30,4471,4475.6,4465,4468.15,7352,
2024-06-05 10:18:00+05:30,4468.15,4470.6,4465,4467.65,2196,
2024-06-05 10:19:00+05:30,4467.65,4475.85,4467.65,4475.85,2229,
2024-06-05 10:20:00+05:30,4474,4479,4467.85,4470.55,9382,
2024-06-05 10:21:00+05:30,4472.7,4479.45,4470.5,4476.8,2576,
2024-06-05 10:22:00+05:30,4477.05,4485.6,4475.45,4483.4,11239,
2024-06-05 10:23:00+05:30,4482.15,4495.95,4482.15,4492.2,9757,
2024-06-05 10:24:00+05:30,4490.6,4494.8,4484.4,4491.3,8001,
2024-06-05 10:25:00+05:30,4491.45,4494.05,4482.6,4490.1,8120,
2024-06-05 10:26:00+05:30,4490.15,4491.3,4478.05,4487.95,4898,
2024-06-05 10:27:00+05:30,4487.3,4495.95,4486.7,4493.95,13571,
2024-06-05 10:28:00+05:30,4493.55,4495,4480,4481.3,4920,
2024-06-05 10:29:00+05:30,4478.1,4485,4476.8,4483.35,2310,
2024-06-05 10:30:00+05:30,4483.05,4487.8,4480,4480,2715,
2024-06-05 10:31:00+05:30,4480,4494.85,4480,4493.9,3724,
2024-06-05 10:32:00+05:30,4492.1,4494.8,4490.55,4491.3,4127,
2024-06-05 10:33:00+05:30,4491.3,4493.65,4489.8,4493.15,2195,
2024-06-05 10:34:00+05:30,4493.75,4495,4490.55,4495,1610,
2024-06-05 10:35:00+05:30,4493.95,4494.45,4487.55,4491.25,2542,
2024-06-05 10:36:00+05:30,4491.25,4495.95,4489.7,4490,4122,
2024-06-05 10:37:00+05:30,4490,4495.25,4490,4490.9,1942,
2024-06-05 10:38:00+05:30,4491.25,4493.65,4487.5,4491.5,1598,
2024-06-05 10:39:00+05:30,4494.95,4494.95,4485.6,4485.6,2396,
2024-06-05 10:40:00+05:30,4485.6,4490,4476.85,4487.55,5731,
2024-06-05 10:41:00+05:30,4486.15,4492.5,4486.15,4488.8,1647,
2024-06-05 10:42:00+05:30,4488.8,4491.4,4481.3,4484.75,1788,
2024-06-05 10:43:00+05:30,4484.2,4486.05,4480,4480.1,2307,
2024-06-05 10:44:00+05:30,4480.3,4492,4480.3,4487.1,1261,
2024-06-05 10:45:00+05:30,4487.1,4499,4487.05,4491.15,10562,
2024-06-05 10:46:00+05:30,4493.35,4498.55,4490,4491.65,7190,
2024-06-05 10:47:00+05:30,4495.05,4500,4491.2,4500,20013,
2024-06-05 10:48:00+05:30,4498.05,4500,4487.45,4491.3,8417,
2024-06-05 10:49:00+05:30,4494.15,4494.15,4486.5,4487,9389,
2024-06-05 10:50:00+05:30,4486.65,4494.95,4486.65,4492.05,11478,
2024-06-05 10:51:00+05:30,4492.05,4497.85,4492.05,4493,1316,
2024-06-05 10:52:00+05:30,4493,4495.7,4485.05,4490.8,4746,
2024-06-05 10:53:00+05:30,4490.8,4499.5,4490.8,4498.6,4256,
2024-06-05 10:54:00+05:30,4499.5,4503.1,4496.75,4499.95,4785,
2024-06-05 10:55:00+05:30,4499.95,4499.95,4492.5,4497,1365,
2024-06-05 10:56:00+05:30,4497.6,4500,4496.75,4499.75,4825,
2024-06-05 10:57:00+05:30,4499.75,4507,4499.4,4507,2499,
2024-06-05 10:58:00+05:30,4507,4514.9,4505.7,4507.2,4940,
2024-06-05 10:59:00+05:30,4507.2,4511.8,4506.75,4508.15,1965,
2024-06-05 11:00:00+05:30,4508.15,4509.45,4500.65,4508.85,2876,
2024-06-05 11:01:00+05:30,4508.85,4510.25,4495.95,4495.95,3236,
2024-06-05 11:02:00+05:30,4495.95,4500.25,4492.5,4496,3811,
2024-06-05 11:03:00+05:30,4496,4503,4496,4502.9,1592,
2024-06-05 11:04:00+05:30,4502.9,4505.7,4499.15,4500.3,1452,
2024-06-05 11:05:00+05:30,4500.3,4502.15,4496.35,4498.85,1160,
2024-06-05 11:06:00+05:30,4498.45,4500.35,4487.3,4487.45,1986,
2024-06-05 11:07:00+05:30,4487.45,4490.95,4486.1,4486.1,1464,
2024-06-05 11:08:00+05:30,4486.1,4489.45,4483,4483,1446,
2024-06-05 11:09:00+05:30,4483,4485,4480,4483.8,2604,
2024-06-05 11:10:00+05:30,4482.5,4482.5,4465.9,4479.7,6198,
2024-06-05 11:11:00+05:30,4479.7,4492.8,4477.6,4490.45,6260,
2024-06-05 11:12:00+05:30,4490.45,4493.3,4487.1,4490.5,1306,
2024-06-05 11:13:00+05:30,4490.5,4495.75,4488.3,4488.3,1727,
2024-06-05 11:14:00+05:30,4488.3,4496,4488.3,4493.65,2420,
2024-06-05 11:15:00+05:30,4493.7,4495.45,4479.6,4480.05,2562,
2024-06-05 11:16:00+05:30,4480.05,4482.05,4470.35,4471,4150,
2024-06-05 11:17:00+05:30,4470.95,4479.9,4470.95,4471.5,1686,
2024-06-05 11:18:00+05:30,4471.5,4475.35,4469.15,4474.8,2051,
2024-06-05 11:19:00+05:30,4474.8,4474.8,4464.45,4465.85,5067,
2024-06-05 11:20:00+05:30,4466.95,4469.2,4454.2,4460.7,5283,
2024-06-05 11:21:00+05:30,4460.7,4469.5,4459.3,4461.85,5165,
2024-06-05 11:22:00+05:30,4462.95,4466.7,4452.8,4465.05,2697,
2024-06-05 11:23:00+05:30,4465.05,4469,4464.8,4468.75,1028,
2024-06-05 11:24:00+05:30,4469.3,4469.3,4461.6,4461.8,3706,
2024-06-05 11:25:00+05:30,4463.45,4471.1,4460.1,4469.35,2635,
2024-06-05 11:26:00+05:30,4469.4,4471.85,4468.1,4470.5,875,
2024-06-05 11:27:00+05:30,4470.5,4478.25,4469.75,4477,1274,
2024-06-05 11:28:00+05:30,4477,4480,4474.6,4474.6,1876,
2024-06-05 11:29:00+05:30,4475.3,4480,4472.9,4478.2,1713,
2024-06-05 11:30:00+05:30,4478.75,4479.2,4475.1,4475.9,936,
2024-06-05 11:31:00+05:30,4475.9,4480,4475.9,4478.05,2286,
2024-06-05 11:32:00+05:30,4478.1,4479.9,4473.8,4473.8,7903,
2024-06-05 11:33:00+05:30,4473.7,4477.65,4470.7,4471.75,2837,
2024-06-05 11:34:00+05:30,4471.75,4476.35,4470.6,4471.75,1175,
2024-06-05 11:35:00+05:30,4472.45,4477,4471.7,4476.7,1416,
2024-06-05 11:36:00+05:30,4475.25,4476.25,4472.95,4473.6,1331,
2024-06-05 11:37:00+05:30,4473.6,4476.05,4472.45,4472.7,1052,
2024-06-05 11:38:00+05:30,4472.7,4477,4472.7,4475.7,1802,
2024-06-05 11:39:00+05:30,4475.7,4478.85,4462.9,4468.7,4972,
2024-06-05 11:40:00+05:30,4468.7,4476.6,4468.1,4473.7,2215,
2024-06-05 11:41:00+05:30,4474.35,4478.9,4473.25,4477.15,1812,
2024-06-05 11:42:00+05:30,4477.15,4478.2,4473.45,4475.4,1163,
2024-06-05 11:43:00+05:30,4475.4,4478.65,4473.05,4475.85,1381,
2024-06-05 11:44:00+05:30,4475.85,4476.1,4471.5,4474.25,1175,
2024-06-05 11:45:00+05:30,4473.9,4475,4472.9,4474.95,639,
2024-06-05 11:46:00+05:30,4474.95,4478.8,4472.8,4476.15,3323,
2024-06-05 11:47:00+05:30,4475.6,4477.4,4472.5,4473.15,774,
2024-06-05 11:48:00+05:30,4473.7,4475.6,4470.45,4470.45,966,
2024-06-05 11:49:00+05:30,4470.45,4474.4,4456.8,4457.1,6958,
2024-06-05 11:50:00+05:30,4457.1,4464.55,4441,4455.9,19878,
2024-06-05 11:51:00+05:30,4455.9,4460,4455,4455,2870,
2024-06-05 11:52:00+05:30,4455,4458.65,4453.85,4453.85,1585,
2024-06-05 11:53:00+05:30,4453.85,4458,4444.25,4444.25,3159,
2024-06-05 11:54:00+05:30,4447.55,4450.65,4444.95,4447.2,1278,
2024-06-05 11:55:00+05:30,4447.2,4452.4,4447.2,4450,1728,
2024-06-05 11:56:00+05:30,4449.75,4451.6,4445.55,4448.55,5580,
2024-06-05 11:57:00+05:30,4449.3,4450,4446.35,4449.5,3189,
2024-06-05 11:58:00+05:30,4449.5,4450,4446.6,4450,2767,
2024-06-05 11:59:00+05:30,4450,4450,4448,4449.3,774,
2024-06-05 12:00:00+05:30,4449.3,4451.1,4446.7,4449.4,1688,
2024-06-05 12:01:00+05:30,4449.95,4450,4445.1,4450,1220,
2024-06-05 12:02:00+05:30,4449.65,4450,4446.2,4448.6,6419,
2024-06-05 12:03:00+05:30,4448.6,4450,4448.6,4449.85,2143,
2024-06-05 12:04:00+05:30,4449.85,4450,4449.75,4449.9,2667,
2024-06-05 12:05:00+05:30,4449.9,4451.25,4449.5,4449.9,2533,
2024-06-05 12:06:00+05:30,4451.45,4451.45,4441.1,4450,4336,
2024-06-05 12:07:00+05:30,4450,4451.85,4449.95,4450,5370,
2024-06-05 12:08:00+05:30,4450,4451.3,4441.5,4448.55,7312,
2024-06-05 12:09:00+05:30,4448.55,4451.2,4447.35,4447.9,5200,
2024-06-05 12:10:00+05:30,4448.85,4451.75,4448.1,4450,5653,
2024-06-05 12:11:00+05:30,4450,4451.35,4449.95,4450,2768,
2024-06-05 12:12:00+05:30,4450,4451.85,4449.95,4450,6054,
2024-06-05 12:13:00+05:30,4450,4480,4450,4480,4801,
2024-06-05 12:14:00+05:30,4477.95,4489.95,4477.8,4489.95,4991,
2024-06-05 12:15:00+05:30,4489.95,4490.55,4484.15,4486.9,1787,
2024-06-05 12:16:00+05:30,4486.9,4495,4485.45,4491.8,1636,
2024-06-05 12:17:00+05:30,4491.8,4499.9,4491.8,4499.45,1783,
2024-06-05 12:18:00+05:30,4499.45,4501.5,4496.45,4500,2956,
2024-06-05 12:19:00+05:30,4500,4502.3,4496,4502.3,1036,
2024-06-05 12:20:00+05:30,4498.3,4500,4488.5,4491.15,2610,
2024-06-05 12:21:00+05:30,4491.15,4494.9,4478.05,4479.5,1682,
2024-06-05 12:22:00+05:30,4478.05,4484.95,4477.3,4484.6,1034,
2024-06-05 12:23:00+05:30,4484.6,4492.15,4484.6,4486.35,1555,
2024-06-05 12:24:00+05:30,4486.35,4488.55,4482.35,4486.35,1846,
2024-06-05 12:25:00+05:30,4486.35,4490,4484,4490,1225,
2024-06-05 12:26:00+05:30,4490,4491,4483,4485.95,1988,
2024-06-05 12:27:00+05:30,4485.95,4490,4485.95,4489.3,1409,
2024-06-05 12:28:00+05:30,4489.4,4492,4484.55,4491.2,3378,
2024-06-05 12:29:00+05:30,4491.2,4497.4,4490.15,4495.05,1320,
2024-06-05 12:30:00+05:30,4495.05,4497.8,4490.55,4493.9,1619,
2024-06-05 12:31:00+05:30,4493.7,4498,4490.05,4492.9,1550,
2024-06-05 12:32:00+05:30,4492.9,4493.75,4488,4493.4,2079,
2024-06-05 12:33:00+05:30,4493.4,4497.45,4491.05,4496,1464,
2024-06-05 12:34:00+05:30,4496,4496.8,4484.05,4489.85,1772,
2024-06-05 12:35:00+05:30,4489.7,4494.35,4486.4,4486.5,1298,
2024-06-05 12:36:00+05:30,4486.5,4495.55,4486.4,4488.05,1321,
2024-06-05 12:37:00+05:30,4492.5,4495.4,4487.05,4495.4,1299,
2024-06-05 12:38:00+05:30,4494.4,4495.4,4486.8,4486.8,1622,
2024-06-05 12:39:00+05:30,4489.4,4496.2,4486.75,4495.95,1450,
2024-06-05 12:40:00+05:30,4495.95,4496.2,4487.85,4489.45,2007,
2024-06-05 12:41:00+05:30,4489.45,4495,4488.55,4489.5,1030,
2024-06-05 12:42:00+05:30,4489.5,4494,4488.05,4490.15,1308,
2024-06-05 12:43:00+05:30,4490.15,4495,4488.8,4495,1145,
2024-06-05 12:44:00+05:30,4495,4498.4,4494.85,4496.15,2433,
2024-06-05 12:45:00+05:30,4497.4,4501.15,4495.9,4499.35,2031,
2024-06-05 12:46:00+05:30,4499.35,4503.55,4496.45,4503.55,1895,
2024-06-05 12:47:00+05:30,4503.1,4508,4502,4503,3907,
2024-06-05 12:48:00+05:30,4503,4506,4498.4,4500.7,2570,
2024-06-05 12:49:00+05:30,4499.45,4499.95,4490.65,4498.3,1616,
2024-06-05 12:50:00+05:30,4498.25,4506.9,4498.2,4505,1368,
2024-06-05 12:51:00+05:30,4505,4509.15,4505,4509.15,2795,
2024-06-05 12:52:00+05:30,4509.45,4512,4507.45,4509.9,4076,
2024-06-05 12:53:00+05:30,4510.9,4514,4510,4514,1089,
2024-06-05 12:54:00+05:30,4512.2,4515,4511.8,4514.95,1712,
2024-06-05 12:55:00+05:30,4514.95,4514.95,4510,4513.95,848,
2024-06-05 12:56:00+05:30,4513.95,4514.35,4510.6,4511.95,1268,
2024-06-05 12:57:00+05:30,4511.95,4514.9,4510,4512.65,1895,
2024-06-05 12:58:00+05:30,4512.65,4514.95,4509.55,4511.3,1804,
2024-06-05 12:59:00+05:30,4514.85,4514.85,4510.35,4513.1,1075,
2024-06-05 13:00:00+05:30,4513.1,4514.5,4510.35,4512,892,
2024-06-05 13:01:00+05:30,4512,4513.9,4504.35,4504.35,1295,
2024-06-05 13:02:00+05:30,4504.35,4506.3,4497.4,4505.75,2391,
2024-06-05 13:03:00+05:30,4505.75,4510.75,4504.3,4508.55,855,
2024-06-05 13:04:00+05:30,4507,4512.4,4507,4512,641,
2024-06-05 13:05:00+05:30,4512,4513.45,4509,4513,668,
2024-06-05 13:06:00+05:30,4513,4515,4512.35,4515,768,
2024-06-05 13:07:00+05:30,4515,4515,4510.8,4513.4,1174,
2024-06-05 13:08:00+05:30,4513.4,4514.4,4511,4511,436,
2024-06-05 13:09:00+05:30,4511,4514.55,4510.7,4514.5,766,
2024-06-05 13:10:00+05:30,4514.5,4515,4512.15,4513.8,387,
2024-06-05 13:11:00+05:30,4514.3,4514.55,4502.75,4506.15,2043,
2024-06-05 13:12:00+05:30,4506.15,4509.8,4503.45,4509.8,585,
2024-06-05 13:13:00+05:30,4509.8,4513,4508.6,4510.55,333,
2024-06-05 13:14:00+05:30,4511.95,4514,4510,4513.2,902,
2024-06-05 13:15:00+05:30,4513.2,4513.2,4501,4504.2,1803,
2024-06-05 13:16:00+05:30,4504.2,4505,4500.05,4505,811,
2024-06-05 13:17:00+05:30,4505,4510,4505,4505.7,886,
2024-06-05 13:18:00+05:30,4506.5,4510.45,4506.5,4508.45,631,
2024-06-05 13:19:00+05:30,4508.45,4514.55,4507.95,4513.65,1031,
2024-06-05 13:20:00+05:30,4512.6,4514.25,4511.55,4514.1,564,
2024-06-05 13:21:00+05:30,4514.1,4514.4,4510.55,4514,577,
2024-06-05 13:22:00+05:30,4513.9,4514.1,4511.75,4511.75,2179,
2024-06-05 13:23:00+05:30,4511.75,4513.9,4510,4510.45,708,
2024-06-05 13:24:00+05:30,4510.45,4513.65,4510,4512.65,1770,
2024-06-05 13:25:00+05:30,4512.8,4513.9,4511.5,4513.4,1679,
2024-06-05 13:26:00+05:30,4513.4,4513.95,4510.85,4513.5,924,
2024-06-05 13:27:00+05:30,4513.5,4513.95,4510,4510.95,1342,
2024-06-05 13:28:00+05:30,4510.95,4512.5,4510,4510,1040,
2024-06-05 13:29:00+05:30,4510,4512.15,4508,4511.3,1485,
2024-06-05 13:30:00+05:30,4511.3,4513.75,4511.05,4513.75,650,
2024-06-05 13:31:00+05:30,4513.75,4513.75,4510,4511.7,921,
2024-06-05 13:32:00+05:30,4511.75,4513.75,4510.75,4513.75,381,
2024-06-05 13:33:00+05:30,4513.5,4514.8,4513.5,4514.8,345,
2024-06-05 13:34:00+05:30,4515,4515,4510,4512.6,1480,
2024-06-05 13:35:00+05:30,4512.6,4515,4511.05,4514.95,674,
2024-06-05 13:36:00+05:30,4514.95,4515,4514.55,4514.55,638,
2024-06-05 13:37:00+05:30,4514.55,4521.4,4512,4521.15,5280,
2024-06-05 13:38:00+05:30,4521.6,4525,4515.35,4520.5,11424,
2024-06-05 13:39:00+05:30,4520.5,4520.5,4517.05,4517.05,468,
2024-06-05 13:40:00+05:30,4517.05,4518.65,4508.45,4509.95,871,
2024-06-05 13:41:00+05:30,4509.95,4511.1,4505,4507.65,719,
2024-06-05 13:42:00+05:30,4507.65,4509.95,4502.65,4502.7,966,
2024-06-05 13:43:00+05:30,4502.7,4504.75,4500,4500.55,954,
2024-06-05 13:44:00+05:30,4500.55,4509.95,4500.05,4509.6,2459,
2024-06-05 13:45:00+05:30,4509.6,4509.6,4503.7,4503.85,921,
2024-06-05 13:46:00+05:30,4503.85,4506.3,4503,4503.85,646,
2024-06-05 13:47:00+05:30,4503.85,4506.5,4502,4503,575,
2024-06-05 13:48:00+05:30,4503,4507.1,4502.05,4505.5,597,
2024-06-05 13:49:00+05:30,4505.5,4509.3,4500.1,4506.9,987,
2024-06-05 13:50:00+05:30,4506.9,4508.7,4503,4506.85,682,
2024-06-05 13:51:00+05:30,4505.15,4506.5,4501.6,4503.75,666,
2024-06-05 13:52:00+05:30,4506.05,4512,4504,4512,1439,
2024-06-05 13:53:00+05:30,4512,4513.8,4505.1,4509.95,1642,
2024-06-05 13:54:00+05:30,4509.7,4510,4506.85,4509.65,386,
2024-06-05 13:55:00+05:30,4508.4,4510.65,4503.4,4508.7,1548,
2024-06-05 13:56:00+05:30,4507,4512.8,4507,4512.1,1268,
2024-06-05 13:57:00+05:30,4512.1,4513.15,4510,4510,378,
2024-06-05 13:58:00+05:30,4510,4515,4510,4513.85,901,
2024-06-05 13:59:00+05:30,4512.05,4515,4512,4513.7,1551,
2024-06-05 14:00:00+05:30,4513.45,4515,4512.15,4515,526,
2024-06-05 14:01:00+05:30,4515,4518.95,4514.95,4518.95,2660,
2024-06-05 14:02:00+05:30,4518.95,4520,4517.2,4519.15,829,
2024-06-05 14:03:00+05:30,4519.15,4520,4516.2,4518.7,1129,
2024-06-05 14:04:00+05:30,4518.7,4520,4517.25,4519.4,543,
2024-06-05 14:05:00+05:30,4519.4,4519.9,4516.7,4518.65,946,
2024-06-05 14:06:00+05:30,4516.9,4519.9,4516.1,4517.9,574,
2024-06-05 14:07:00+05:30,4518.85,4519.9,4515,4518.55,876,
2024-06-05 14:08:00+05:30,4518.55,4518.6,4510.8,4512.15,1147,
2024-06-05 14:09:00+05:30,4510,4513.45,4510,4513.45,1161,
2024-06-05 14:10:00+05:30,4512.15,4513.45,4507,4509.7,792,
2024-06-05 14:11:00+05:30,4508.55,4510,4506.2,4507.2,952,
2024-06-05 14:12:00+05:30,4507.2,4508.4,4495,4506.5,3359,
2024-06-05 14:13:00+05:30,4506.5,4507.05,4498.15,4500,1698,
2024-06-05 14:14:00+05:30,4500,4500,4495.65,4497.2,887,
2024-06-05 14:15:00+05:30,4497.35,4500,4495.65,4500,577,
2024-06-05 14:16:00+05:30,4500,4504.2,4492.45,4495.45,1851,
2024-06-05 14:17:00+05:30,4495.45,4502.4,4493.25,4502.1,792,
2024-06-05 14:18:00+05:30,4502.1,4505,4500.5,4501.65,789,
2024-06-05 14:19:00+05:30,4501.65,4508,4501.65,4501.75,1391,
2024-06-05 14:20:00+05:30,4501.75,4505.35,4498.3,4503.2,936,
2024-06-05 14:21:00+05:30,4501.3,4507.05,4500.45,4505.55,455,
2024-06-05 14:22:00+05:30,4507.05,4507.45,4499.95,4499.95,682,
2024-06-05 14:23:00+05:30,4499.2,4506.35,4499.2,4506.35,531,
2024-06-05 14:24:00+05:30,4506.35,4509.95,4505.05,4508.75,794,
2024-06-05 14:25:00+05:30,4508.8,4510,4508.8,4509.35,605,
2024-06-05 14:26:00+05:30,4509.35,4517,4507.9,4515.05,3845,
2024-06-05 14:27:00+05:30,4515.05,4515.05,4510,4513.3,472,
2024-06-05 14:28:00+05:30,4513.3,4514.9,4510.45,4513.85,564,
2024-06-05 14:29:00+05:30,4513.85,4513.85,4507.6,4510,480,
2024-06-05 14:30:00+05:30,4509.45,4512.25,4508.8,4510,1974,
2024-06-05 14:31:00+05:30,4510,4510,4505.5,4509.05,889,
2024-06-05 14:32:00+05:30,4509.05,4509.55,4505.1,4508.2,724,
2024-06-05 14:33:00+05:30,4508.2,4509.55,4503.55,4503.9,746,
2024-06-05 14:34:00+05:30,4503.9,4508.95,4503.05,4508.95,835,
2024-06-05 14:35:00+05:30,4507.15,4509.9,4505.2,4509.9,865,
2024-06-05 14:36:00+05:30,4507.4,4510,4505.85,4510,617,
2024-06-05 14:37:00+05:30,4507.95,4510,4507.15,4508.4,958,
2024-06-05 14:38:00+05:30,4507.3,4510,4505.05,4509.3,628,
2024-06-05 14:39:00+05:30,4509.3,4510,4506.9,4508.9,560,
2024-06-05 14:40:00+05:30,4509.15,4510,4507.6,4510,482,
2024-06-05 14:41:00+05:30,4509.75,4510,4506.9,4509.3,624,
2024-06-05 14:42:00+05:30,4506.9,4514.1,4506.9,4512.6,11666,
2024-06-05 14:43:00+05:30,4512,4512.85,4510,4512.25,1867,
2024-06-05 14:44:00+05:30,4512.25,4512.25,4507.7,4508.5,787,
2024-06-05 14:45:00+05:30,4507.35,4510,4506.9,4508.85,537,
2024-06-05 14:46:00+05:30,4508,4510,4506.9,4509.95,1027,
2024-06-05 14:47:00+05:30,4509.95,4510,4507.25,4509.8,2614,
2024-06-05 14:48:00+05:30,4509.8,4510,4504.6,4508,1186,
2024-06-05 14:49:00+05:30,4506.2,4510,4504.3,4509.4,1001,
2024-06-05 14:50:00+05:30,4509.4,4510,4505.85,4509.8,936,
2024-06-05 14:51:00+05:30,4509.8,4510,4503.05,4508.05,1270,
2024-06-05 14:52:00+05:30,4504.75,4509.85,4504.75,4507.6,882,
2024-06-05 14:53:00+05:30,4507.6,4509.8,4503.1,4507.25,834,
2024-06-05 14:54:00+05:30,4505,4509.9,4504.35,4508.95,784,
2024-06-05 14:55:00+05:30,4508.95,4510,4505.15,4507.9,1003,
2024-06-05 14:56:00+05:30,4507.9,4509.3,4505.1,4508.65,493,
2024-06-05 14:57:00+05:30,4508.2,4509.95,4505,4507.95,1226,
2024-06-05 14:58:00+05:30,4507.95,4508,4505.05,4506.5,633,
2024-06-05 14:59:00+05:30,4506.5,4508,4505.3,4508,750,
2024-06-05 15:00:00+05:30,4506.8,4510,4506.8,4510,3165,
2024-06-05 15:01:00+05:30,4510,4510,4508.05,4510,888,
2024-06-05 15:02:00+05:30,4510,4510,4505.25,4508.8,3673,
2024-06-05 15:03:00+05:30,4509,4510,4506.75,4509.8,1742,
2024-06-05 15:04:00+05:30,4507.35,4510,4507.35,4509.4,1377,
2024-06-05 15:05:00+05:30,4508.25,4509.95,4507.15,4509,1274,
2024-06-05 15:06:00+05:30,4509,4510,4507.7,4509,1022,
2024-06-05 15:07:00+05:30,4509,4509.9,4508.95,4509.8,1977,
2024-06-05 15:08:00+05:30,4509.9,4509.95,4509,4509.65,4110,
2024-06-05 15:09:00+05:30,4509.65,4510,4508.9,4510,1800,
2024-06-05 15:10:00+05:30,4510,4510,4505,4507.1,1569,
2024-06-05 15:11:00+05:30,4506.95,4507,4502.1,4505.85,3338,
2024-06-05 15:12:00+05:30,4505.7,4505.7,4498.35,4502.65,1516,
2024-06-05 15:13:00+05:30,4502.9,4507,4502.55,4506.1,1965,
2024-06-05 15:14:00+05:30,4506.1,4507.45,4503.95,4506,1547,
2024-06-05 15:15:00+05:30,4505.35,4507.2,4504.45,4507.2,1659,
2024-06-05 15:16:00+05:30,4506.05,4506.65,4497.55,4501.45,2215,
2024-06-05 15:17:00+05:30,4501.45,4504.45,4500.6,4504.4,1824,
2024-06-05 15:18:00+05:30,4504.4,4508.65,4504.4,4507.45,1654,
2024-06-05 15:19:00+05:30,4507.65,4509.1,4505,4507,2249,
2024-06-05 15:20:00+05:30,4506.95,4506.95,4494.55,4496.45,5402,
2024-06-05 15:21:00+05:30,4494.55,4495.9,4491.7,4493,1915,
2024-06-05 15:22:00+05:30,4493,4493,4492.95,4493,958,
2024-06-05 15:23:00+05:30,4492.95,4493,4492.95,4493,1595,
2024-06-05 15:24:00+05:30,4493,4499.45,4492.95,4496.75,2517,
2024-06-05 15:25:00+05:30,4496.75,4496.75,4494.6,4496.65,1761,
2024-06-05 15:26:00+05:30,4496.65,4496.65,4493.4,4493.4,1190,
2024-06-05 15:27:00+05:30,4493.4,4495,4492.9,4495,2818,
2024-06-05 15:28:00+05:30,4495,4495.8,4478,4489.9,3136,
2024-06-05 15:29:00+05:30,4489.9,4500,4485,4499.3,1051,
2024-06-06 09:15:00+05:30,4500,4500,4457.7,4464.8,9528,
2024-06-06 09:16:00+05:30,4464.35,4465.6,4447.6,4462.85,7277,
2024-06-06 09:17:00+05:30,4462.85,4482.5,4458.85,4458.85,3941,
2024-06-06 09:18:00+05:30,4458.5,4463.15,4448.25,4456.8,5111,
2024-06-06 09:19:00+05:30,4456.8,4465.9,4441.15,4441.15,5546,
2024-06-06 09:20:00+05:30,4441.2,4443.55,4420.25,4427,5065,
2024-06-06 09:21:00+05:30,4427,4438.25,4421.85,4428.65,3406,
2024-06-06 09:22:00+05:30,4424.35,4447.45,4424.25,4436,3214,
2024-06-06 09:23:00+05:30,4436,4437,4420,4421.75,4435,
2024-06-06 09:24:00+05:30,4421.7,4425.65,4414.7,4416.05,3557,
2024-06-06 09:25:00+05:30,4416.05,4428.3,4414.05,4424.7,3514,
2024-06-06 09:26:00+05:30,4423.85,4430.8,4420,4420,5348,
2024-06-06 09:27:00+05:30,4419.7,4424.85,4408.25,4408.3,4547,
2024-06-06 09:28:00+05:30,4408,4418,4395,4401.65,13676,
2024-06-06 09:29:00+05:30,4401.65,4407.45,4396.65,4402.2,3807,
2024-06-06 09:30:00+05:30,4402.2,4404.9,4386,4386,8018,
2024-06-06 09:31:00+05:30,4386.05,4404.35,4386,4397.65,4524,
2024-06-06 09:32:00+05:30,4397.65,4397.65,4384.55,4387.25,4272,
2024-06-06 09:33:00+05:30,4385.95,4390.5,4381.45,4387.25,3086,
2024-06-06 09:34:00+05:30,4388.4,4392,4379,4381.45,6193,
2024-06-06 09:35:00+05:30,4382.75,4395,4381.65,4392.35,2825,
2024-06-06 09:36:00+05:30,4390.1,4394.35,4390.1,4392.05,1563,
2024-06-06 09:37:00+05:30,4395,4395,4383.35,4389.8,2786,
2024-06-06 09:38:00+05:30,4387.35,4388,4377,4377.05,4574,
2024-06-06 09:39:00+05:30,4376.2,4379.05,4368.05,4369,4258,
2024-06-06 09:40:00+05:30,4370.6,4385.65,4366.6,4381.5,5323,
2024-06-06 09:41:00+05:30,4381.5,4392.5,4380.95,4388,3517,
2024-06-06 09:42:00+05:30,4385,4388.95,4381.55,4386.05,3542,
2024-06-06 09:43:00+05:30,4386.05,4394.65,4382.1,4394.65,2411,
2024-06-06 09:44:00+05:30,4394.95,4398.95,4384.3,4389.75,5729,
2024-06-06 09:45:00+05:30,4389.75,4394,4386.2,4392.3,4333,
2024-06-06 09:46:00+05:30,4390.5,4409.95,4390.5,4409.95,3754,
2024-06-06 09:47:00+05:30,4405.65,4409,4400.9,4403.7,2044,
2024-06-06 09:48:00+05:30,4403.2,4403.2,4391.4,4391.9,3449,
2024-06-06 09:49:00+05:30,4391.4,4392.65,4382.7,4392.5,5414,
2024-06-06 09:50:00+05:30,4392.5,4403.95,4391.55,4401.25,1699,
2024-06-06 09:51:00+05:30,4401.35,4407.85,4400.85,4406.85,1634,
2024-06-06 09:52:00+05:30,4404.8,4410,4404.8,4408.5,1923,
2024-06-06 09:53:00+05:30,4409.95,4414.3,4407,4411.2,1937,
2024-06-06 09:54:00+05:30,4411.35,4413.95,4403.45,4407.15,1895,
2024-06-06 09:55:00+05:30,4407.1,4410.35,4403,4410,2519,
2024-06-06 09:56:00+05:30,4410,4416,4408.5,4415.45,1208,
2024-06-06 09:57:00+05:30,4416.65,4418,4410.95,4418,1577,
2024-06-06 09:58:00+05:30,4418,4424,4415.55,4417.9,3907,
2024-06-06 09:59:00+05:30,4417.9,4419.3,4415,4415.3,1339,
2024-06-06 10:00:00+05:30,4415.3,4419.95,4413.6,4419.45,1681,
2024-06-06 10:01:00+05:30,4419.95,4422.2,4418.55,4421.1,1577,
2024-06-06 10:02:00+05:30,4421.1,4429.9,4420.1,4423.2,3826,
2024-06-06 10:03:00+05:30,4423.2,4427.35,4420.1,4427.2,2632,
2024-06-06 10:04:00+05:30,4427.2,4427.5,4420.95,4425.8,995,
2024-06-06 10:05:00+05:30,4425.8,4430,4424,4424.05,1312,
2024-06-06 10:06:00+05:30,4424.05,4427.05,4424,4425,596,
2024-06-06 10:07:00+05:30,4424.15,4429.35,4422.55,4427.5,1512,
2024-06-06 10:08:00+05:30,4424.25,4429.95,4424.25,4427,1344,
2024-06-06 10:09:00+05:30,4428.95,4432.8,4425.05,4425.05,1834,
2024-06-06 10:10:00+05:30,4425.15,4428.45,4415.1,4417.6,2349,
2024-06-06 10:11:00+05:30,4417.6,4419.25,4415.25,4416.05,805,
2024-06-06 10:12:00+05:30,4416.05,4421.95,4412.1,4421.95,2877,
2024-06-06 10:13:00+05:30,4420.05,4425.05,4417.55,4424.75,1997,
2024-06-06 10:14:00+05:30,4424.75,4432.8,4422.7,4432.8,2364,
2024-06-06 10:15:00+05:30,4432.8,4437.95,4431,4435.2,1624,
2024-06-06 10:16:00+05:30,4435,4438,4433.3,4434.75,1334,
2024-06-06 10:17:00+05:30,4435.1,4443.9,4435.1,4438.75,2676,
2024-06-06 10:18:00+05:30,4438.75,4445,4438.3,4441.75,2789,
2024-06-06 10:19:00+05:30,4441.75,4441.75,4433.65,4438.45,1548,
2024-06-06 10:20:00+05:30,4437.05,4440,4435,4436,585,
2024-06-06 10:21:00+05:30,4436,4439.8,4433.95,4435.35,1007,
2024-06-06 10:22:00+05:30,4435.35,4441.45,4434,4436.1,560,
2024-06-06 10:23:00+05:30,4436.1,4441,4433.15,4435.55,830,
2024-06-06 10:24:00+05:30,4437.95,4439.85,4433.55,4433.6,1195,
2024-06-06 10:25:00+05:30,4433.6,4438.95,4422.15,4423.95,3564,
2024-06-06 10:26:00+05:30,4423.95,4428.15,4423.95,4425.3,473,
2024-06-06 10:27:00+05:30,4425.3,4430.95,4425.3,4428,346,
2024-06-06 10:28:00+05:30,4428,4431.55,4428,4428.4,749,
2024-06-06 10:29:00+05:30,4428.4,4441,4428.4,4438.4,1311,
2024-06-06 10:30:00+05:30,4438.4,4439.7,4428.4,4434.3,784,
2024-06-06 10:31:00+05:30,4431.55,4437.7,4431.5,4434.95,1080,
2024-06-06 10:32:00+05:30,4434.95,4438.45,4432.65,4433.35,607,
2024-06-06 10:33:00+05:30,4433.35,4435.05,4430,4431.1,864,
2024-06-06 10:34:00+05:30,4431.1,4439,4431.1,4436.25,1626,
2024-06-06 10:35:00+05:30,4436.25,4439,4435,4436.4,664,
2024-06-06 10:36:00+05:30,4436.4,4440.85,4436.4,4440.05,3249,
2024-06-06 10:37:00+05:30,4440.05,4444,4440.05,4444,443,
2024-06-06 10:38:00+05:30,4444,4445,4440,4441.8,805,
2024-06-06 10:39:00+05:30,4440.1,4444.9,4440.1,4444.9,548,
2024-06-06 10:40:00+05:30,4444,4445,4440.15,4442.3,1146,
2024-06-06 10:41:00+05:30,4442.3,4443.7,4439.95,4440,25426,
2024-06-06 10:42:00+05:30,4440,4441.25,4435.8,4436.3,1829,
2024-06-06 10:43:00+05:30,4436.3,4441.95,4436.05,4439.95,2229,
2024-06-06 10:44:00+05:30,4439.95,4442,4438,4438.65,709,
2024-06-06 10:45:00+05:30,4438.65,4440,4438.65,4440,606,
2024-06-06 10:46:00+05:30,4440,4440,4436,4437,930,
2024-06-06 10:47:00+05:30,4437,4439.7,4437,4439,452,
2024-06-06 10:48:00+05:30,4439,4440,4437,4437,2144,
2024-06-06 10:49:00+05:30,4437,4439.75,4436,4438.2,570,
2024-06-06 10:50:00+05:30,4438.2,4440,4436,4439.4,540,
2024-06-06 10:51:00+05:30,4439.4,4440,4437.9,4439.55,986,
2024-06-06 10:52:00+05:30,4439.55,4440,4437.95,4440,439,
2024-06-06 10:53:00+05:30,4440,4440,4437.9,4437.9,1801,
2024-06-06 10:54:00+05:30,4439.1,4439.5,4436.15,4439.5,574,
2024-06-06 10:55:00+05:30,4438.2,4439.5,4430.5,4431.35,1071,
2024-06-06 10:56:00+05:30,4432.05,4438,4431.45,4436.1,714,
2024-06-06 10:57:00+05:30,4438.4,4439.55,4435.25,4438.35,593,
2024-06-06 10:58:00+05:30,4436.6,4440,4436.6,4440,373,
2024-06-06 10:59:00+05:30,4440,4440,4438.65,4440,454,
2024-06-06 11:00:00+05:30,4440,4442.9,4439.55,4442,3286,
2024-06-06 11:01:00+05:30,4442,4449,4437.9,4440,29328,
2024-06-06 11:02:00+05:30,4440,4440,4437.1,4440,773,
2024-06-06 11:03:00+05:30,4440,4440,4439.3,4439.9,5430,
2024-06-06 11:04:00+05:30,4439.55,4440,4439,4439.2,1096,
2024-06-06 11:05:00+05:30,4439.2,4440,4437.1,4440,456,
2024-06-06 11:06:00+05:30,4440,4440,4438.6,4438.6,543,
2024-06-06 11:07:00+05:30,4438.5,4439.5,4435,4439.5,690,
2024-06-06 11:08:00+05:30,4438,4439.85,4435.7,4439,668,
2024-06-06 11:09:00+05:30,4437.95,4440,4437.95,4439.9,570,
2024-06-06 11:10:00+05:30,4439.9,4439.9,4435.65,4439.35,254,
2024-06-06 11:11:00+05:30,4439.35,4439.95,4437.15,4439.95,828,
2024-06-06 11:12:00+05:30,4439.95,4439.95,4435,4438.05,543,
2024-06-06 11:13:00+05:30,4437.3,4438.5,4431.75,4434.85,2741,
2024-06-06 11:14:00+05:30,4432.05,4435.05,4431.2,4435,973,
2024-06-06 11:15:00+05:30,4432.9,4435.05,4430,4433.9,1210,
2024-06-06 11:16:00+05:30,4433.95,4434.1,4428,4429.35,767,
2024-06-06 11:17:00+05:30,4428,4432.4,4428,4429.35,714,
2024-06-06 11:18:00+05:30,4429.35,4430.95,4425,4428.55,2263,
2024-06-06 11:19:00+05:30,4428.55,4433,4428.55,4433,792,
2024-06-06 11:20:00+05:30,4432,4434.4,4429.75,4429.95,704,
2024-06-06 11:21:00+05:30,4429.95,4434.65,4429.65,4432.35,502,
2024-06-06 11:22:00+05:30,4432.35,4437.15,4430,4434.75,586,
2024-06-06 11:23:00+05:30,4436,4440,4436,4438.2,2892,
2024-06-06 11:24:00+05:30,4438.2,4440,4438,4439.7,1465,
2024-06-06 11:25:00+05:30,4438,4440,4436.45,4438.55,611,
2024-06-06 11:26:00+05:30,4438.55,4440,4435,4437,582,
2024-06-06 11:27:00+05:30,4436.95,4438.25,4433.25,4435.8,668,
2024-06-06 11:28:00+05:30,4435.8,4439.4,4433.45,4436.85,502,
2024-06-06 11:29:00+05:30,4434.35,4439.9,4434,4437.35,340,
2024-06-06 11:30:00+05:30,4437.35,4439.8,4431,4433.45,978,
2024-06-06 11:31:00+05:30,4433.45,4437.3,4433.45,4437.3,441,
2024-06-06 11:32:00+05:30,4435.5,4439,4435.5,4437.65,350,
2024-06-06 11:33:00+05:30,4437.65,4439.65,4435.2,4437.2,713,
2024-06-06 11:34:00+05:30,4435.3,4436.05,4426.1,4430.15,1831,
2024-06-06 11:35:00+05:30,4430.15,4434.4,4430.15,4431.7,741,
2024-06-06 11:36:00+05:30,4431.7,4436.05,4431.7,4433.95,844,
2024-06-06 11:37:00+05:30,4433.7,4436.5,4430,4431.15,525,
2024-06-06 11:38:00+05:30,4431.15,4439.8,4431.15,4437.25,2276,
2024-06-06 11:39:00+05:30,4436.9,4439,4433.8,4437.6,798,
2024-06-06 11:40:00+05:30,4437.6,4439.95,4428.2,4429.05,3991,
2024-06-06 11:41:00+05:30,4430.25,4434.65,4429.4,4433.75,1792,
2024-06-06 11:42:00+05:30,4433.7,4437.1,4432.05,4432.05,682,
2024-06-06 11:43:00+05:30,4432.05,4437.1,4432.05,4437.1,730,
2024-06-06 11:44:00+05:30,4437.1,4439.05,4434.1,4435.75,1136,
2024-06-06 11:45:00+05:30,4437.8,4440,4435,4435,3173,
2024-06-06 11:46:00+05:30,4435,4435.3,4425,4425,1500,
2024-06-06 11:47:00+05:30,4425,4426.6,4414.15,4417.05,3876,
2024-06-06 11:48:00+05:30,4417.05,4420,4414.65,4415.9,1707,
2024-06-06 11:49:00+05:30,4415.9,4417.95,4405.5,4410.25,3303,
2024-06-06 11:50:00+05:30,4410.25,4414.95,4405.1,4414.3,2586,
2024-06-06 11:51:00+05:30,4411.75,4419.05,4411.05,4416.05,1334,
2024-06-06 11:52:00+05:30,4416.05,4429.25,4416.05,4428.75,1727,
2024-06-06 11:53:00+05:30,4428.75,4430,4423.65,4427.75,944,
2024-06-06 11:54:00+05:30,4427.75,4440,4427.75,4435.7,3956,
2024-06-06 11:55:00+05:30,4435.7,4440,4435.7,4440,9441,
2024-06-06 11:56:00+05:30,4440,4440.05,4435.7,4436.4,10507,
2024-06-06 11:57:00+05:30,4436.45,4440,4431.35,4431.35,1620,
2024-06-06 11:58:00+05:30,4431.35,4438.8,4431,4438.8,568,
2024-06-06 11:59:00+05:30,4438.8,4440,4431.75,4434.7,1468,
2024-06-06 12:00:00+05:30,4433.7,4436.8,4432.05,4434.8,1266,
2024-06-06 12:01:00+05:30,4432.4,4436.1,4425.1,4434.4,2177,
2024-06-06 12:02:00+05:30,4432,4434.9,4425.15,4427.5,1341,
2024-06-06 12:03:00+05:30,4428.2,4430.15,4425.15,4428.15,629,
2024-06-06 12:04:00+05:30,4428.2,4432.45,4425,4430,1363,
2024-06-06 12:05:00+05:30,4429,4432.5,4425.95,4429.75,1219,
2024-06-06 12:06:00+05:30,4429.75,4430,4425,4428.45,706,
2024-06-06 12:07:00+05:30,4428.45,4430,4426.05,4427.9,825,
2024-06-06 12:08:00+05:30,4427.9,4430,4426.25,4429.35,758,
2024-06-06 12:09:00+05:30,4429.35,4432.65,4426,4426.1,1206,
2024-06-06 12:10:00+05:30,4426.1,4434.85,4426.1,4434.75,655,
2024-06-06 12:11:00+05:30,4434.75,4436.95,4428,4432.6,1409,
2024-06-06 12:12:00+05:30,4432.6,4434.25,4426,4426.7,1193,
2024-06-06 12:13:00+05:30,4428.2,4429.5,4425,4426.75,1433,
2024-06-06 12:14:00+05:30,4426.75,4428.65,4426.05,4426.3,723,
2024-06-06 12:15:00+05:30,4426.3,4430,4426.1,4430,815,
2024-06-06 12:16:00+05:30,4430,4435.1,4429,4435.1,1074,
2024-06-06 12:17:00+05:30,4434.9,4434.95,4428.2,4429.9,961,
2024-06-06 12:18:00+05:30,4430,4430,4428,4429.95,615,
2024-06-06 12:19:00+05:30,4429.95,4435.7,4428.1,4435.5,946,
2024-06-06 12:20:00+05:30,4434.4,4439,4429.95,4438.85,661,
2024-06-06 12:21:00+05:30,4438.9,4440,4438.1,4439.9,1675,
2024-06-06 12:22:00+05:30,4439.75,4440,4435.1,4437.2,775,
2024-06-06 12:23:00+05:30,4437.2,4438,4432.65,4437.75,3960,
2024-06-06 12:24:00+05:30,4437.7,4438,4435.35,4436.45,560,
2024-06-06 12:25:00+05:30,4436.45,4440,4435.35,4440,667,
2024-06-06 12:26:00+05:30,4440,4440,4435.5,4437.5,2361,
2024-06-06 12:27:00+05:30,4437.5,4440,4434.4,4439.8,421,
2024-06-06 12:28:00+05:30,4439.8,4440,4438,4439.25,638,
2024-06-06 12:29:00+05:30,4438.05,4440,4435.8,4439.7,598,
2024-06-06 12:30:00+05:30,4439.75,4440,4438,4440,1403,
2024-06-06 12:31:00+05:30,4440,4440,4439.95,4440,1274,
2024-06-06 12:32:00+05:30,4439.95,4440,4439.95,4440,3896,
2024-06-06 12:33:00+05:30,4440,4440,4438,4440,813,
2024-06-06 12:34:00+05:30,4440,4440.2,4439.65,4439.65,5900,
2024-06-06 12:35:00+05:30,4438.8,4439.25,4435.9,4438.6,415,
2024-06-06 12:36:00+05:30,4438.45,4438.45,4429,4429.45,2071,
2024-06-06 12:37:00+05:30,4429.45,4434.2,4428,4430,681,
2024-06-06 12:38:00+05:30,4430,4430.2,4426.05,4429.4,727,
2024-06-06 12:39:00+05:30,4429.4,4430,4426,4426.55,921,
2024-06-06 12:40:00+05:30,4426.55,4428.5,4423.25,4427.7,1764,
2024-06-06 12:41:00+05:30,4427.7,4429.75,4425.9,4427.85,1256,
2024-06-06 12:42:00+05:30,4427.85,4427.85,4420.1,4420.1,678,
2024-06-06 12:43:00+05:30,4420.1,4424.7,4420.1,4423.8,469,
2024-06-06 12:44:00+05:30,4423.8,4426,4421,4422.9,796,
2024-06-06 12:45:00+05:30,4421.2,4433.25,4416,4429.7,4711,
2024-06-06 12:46:00+05:30,4429.7,4440.2,4429.7,4439.95,19974,
2024-06-06 12:47:00+05:30,4439.95,4439.95,4429.55,4430.95,1005,
2024-06-06 12:48:00+05:30,4430.95,4434.25,4430.2,4433,642,
2024-06-06 12:49:00+05:30,4433,4435.9,4430.75,4435.7,363,
2024-06-06 12:50:00+05:30,4434.5,4440,4434.5,4439.15,889,
2024-06-06 12:51:00+05:30,4439.35,4439.35,4432,4435.55,534,
2024-06-06 12:52:00+05:30,4435.55,4439.5,4433.3,4439.4,360,
2024-06-06 12:53:00+05:30,4439.3,4439.85,4431.95,4431.95,851,
2024-06-06 12:54:00+05:30,4431.95,4434.5,4430,4430,614,
2024-06-06 12:55:00+05:30,4430,4436,4428,4436,1003,
2024-06-06 12:56:00+05:30,4436,4437.25,4430,4433.95,1216,
2024-06-06 12:57:00+05:30,4433.95,4437.45,4431.6,4437.45,153,
2024-06-06 12:58:00+05:30,4437.45,4438.6,4433.4,4438,1302,
2024-06-06 12:59:00+05:30,4437.95,4440,4435.05,4439.7,506,
2024-06-06 13:00:00+05:30,4439.7,4440,4435.2,4435.7,615,
2024-06-06 13:01:00+05:30,4435.7,4440,4433.5,4434.65,628,
2024-06-06 13:02:00+05:30,4435.8,4435.8,4425.05,4425.05,900,
2024-06-06 13:03:00+05:30,4425,4430.6,4425,4425,1182,
2024-06-06 13:04:00+05:30,4425,4428.8,4420.1,4425.5,1347,
2024-06-06 13:05:00+05:30,4426.85,4428,4421.55,4427.4,894,
2024-06-06 13:06:00+05:30,4426.1,4432.65,4424.65,4425.5,572,
2024-06-06 13:07:00+05:30,4423.8,4428,4422.15,4427.4,1097,
2024-06-06 13:08:00+05:30,4427.8,4430.1,4423,4429.5,543,
2024-06-06 13:09:00+05:30,4429.5,4433.75,4424.3,4426,5898,
2024-06-06 13:10:00+05:30,4427.45,4429.8,4424,4424.75,3888,
2024-06-06 13:11:00+05:30,4424.75,4434.75,4424.4,4432.15,423,
2024-06-06 13:12:00+05:30,4434.45,4434.45,4427.75,4431.75,1053,
2024-06-06 13:13:00+05:30,4430.25,4434.4,4430,4434.4,355,
2024-06-06 13:14:00+05:30,4434,4438.95,4434,4436.45,776,
2024-06-06 13:15:00+05:30,4436.4,4440,4435,4440,2595,
2024-06-06 13:16:00+05:30,4440,4440,4437.9,4439.65,7592,
2024-06-06 13:17:00+05:30,4438.15,4440,4434.2,4437.9,673,
2024-06-06 13:18:00+05:30,4440,4440,4434.05,4436.25,591,
2024-06-06 13:19:00+05:30,4434.45,4435.45,4430.2,4431.4,875,
2024-06-06 13:20:00+05:30,4430.35,4438,4430.35,4435.7,437,
2024-06-06 13:21:00+05:30,4435.7,4438.85,4434.75,4437.25,779,
2024-06-06 13:22:00+05:30,4437.1,4437.1,4429.5,4434.4,477,
2024-06-06 13:23:00+05:30,4434.4,4438.9,4432.15,4438.25,902,
2024-06-06 13:24:00+05:30,4438.25,4438.25,4431.2,4433.9,455,
2024-06-06 13:25:00+05:30,4433.9,4433.9,4427,4429.55,739,
2024-06-06 13:26:00+05:30,4429.55,4439.15,4428.25,4439.15,4057,
2024-06-06 13:27:00+05:30,4439.15,4440,4435.4,4439.55,601,
2024-06-06 13:28:00+05:30,4439.55,4439.55,4436.65,4439,336,
2024-06-06 13:29:00+05:30,4438.9,4439,4434.2,4436.7,462,
2024-06-06 13:30:00+05:30,4436.7,4438.7,4432.05,4438.7,468,
2024-06-06 13:31:00+05:30,4438.7,4438.7,4434.7,4437.35,497,
2024-06-06 13:32:00+05:30,4435.95,4437.85,4432.15,4435.2,429,
2024-06-06 13:33:00+05:30,4435.2,4435.6,4430,4434.05,635,
2024-06-06 13:34:00+05:30,4434.05,4434.05,4430,4430.3,487,
2024-06-06 13:35:00+05:30,4432.45,4436.55,4426.65,4436.55,538,
2024-06-06 13:36:00+05:30,4436.55,4438,4435.3,4438,390,
2024-06-06 13:37:00+05:30,4436.6,4437.95,4434,4436.5,352,
2024-06-06 13:38:00+05:30,4436.5,4439.65,4435.2,4438,3513,
2024-06-06 13:39:00+05:30,4437.65,4438,4435.2,4437.9,277,
2024-06-06 13:40:00+05:30,4437.9,4440,4436.4,4438.6,826,
2024-06-06 13:41:00+05:30,4438.6,4440,4436.35,4440,1636,
2024-06-06 13:42:00+05:30,4440,4440,4436.75,4439.95,827,
2024-06-06 13:43:00+05:30,4439.7,4439.75,4433.6,4439.3,493,
2024-06-06 13:44:00+05:30,4439.3,4439.3,4436.7,4439,611,
2024-06-06 13:45:00+05:30,4439,4440,4437.05,4440,363,
2024-06-06 13:46:00+05:30,4438,4440,4436.35,4439.55,628,
2024-06-06 13:47:00+05:30,4437.15,4438.35,4432.85,4438.35,839,
2024-06-06 13:48:00+05:30,4438.35,4438.35,4425,4425.9,1534,
2024-06-06 13:49:00+05:30,4428.05,4429.35,4422.05,4425.5,1807,
2024-06-06 13:50:00+05:30,4425.5,4430,4423.8,4430,596,
2024-06-06 13:51:00+05:30,4430,4430,4423,4423.75,846,
2024-06-06 13:52:00+05:30,4423.8,4427.75,4420.3,4424.05,774,
2024-06-06 13:53:00+05:30,4424.05,4430,4424.05,4427.15,815,
2024-06-06 13:54:00+05:30,4427.15,4428,4422,4426.2,2694,
2024-06-06 13:55:00+05:30,4426.2,4433.4,4424.3,4428.25,667,
2024-06-06 13:56:00+05:30,4428.2,4433.3,4424,4428.7,789,
2024-06-06 13:57:00+05:30,4428.7,4434,4425.15,4434,603,
2024-06-06 13:58:00+05:30,4434,4437.65,4430.65,4436.5,369,
2024-06-06 13:59:00+05:30,4436.5,4440,4430.9,4431.25,1055,
2024-06-06 14:00:00+05:30,4433.7,4437.15,4430.45,4437.15,266,
2024-06-06 14:01:00+05:30,4437.15,4438,4435.45,4438,193,
2024-06-06 14:02:00+05:30,4438,4439,4435,4435.3,448,
2024-06-06 14:03:00+05:30,4435.3,4438.3,4431.8,4436.9,168,
2024-06-06 14:04:00+05:30,4436.9,4439.5,4430.65,4430.75,596,
2024-06-06 14:05:00+05:30,4434.15,4438.25,4432.6,4438.25,423,
2024-06-06 14:06:00+05:30,4438.25,4438.95,4433.1,4433.4,395,
2024-06-06 14:07:00+05:30,4432.6,4436.9,4431.95,4433.95,395,
2024-06-06 14:08:00+05:30,4433.95,4437.95,4433.8,4437.65,609,
2024-06-06 14:09:00+05:30,4437.75,4439.95,4434.9,4438.35,819,
2024-06-06 14:10:00+05:30,4438.4,4440,4435,4435,712,
2024-06-06 14:11:00+05:30,4436.05,4439.5,4435.05,4439.5,630,
2024-06-06 14:12:00+05:30,4439.5,4440,4437.1,4437.55,4571,
2024-06-06 14:13:00+05:30,4437.55,4440,4437.55,4440,137,
2024-06-06 14:14:00+05:30,4440,4440,4437.95,4439.4,353,
2024-06-06 14:15:00+05:30,4438.7,4440,4438.7,4440,286,
2024-06-06 14:16:00+05:30,4440,4440,4436.1,4438,1779,
2024-06-06 14:17:00+05:30,4438,4439.9,4435.2,4439.7,440,
2024-06-06 14:18:00+05:30,4439.7,4440,4437.15,4439.15,685,
2024-06-06 14:19:00+05:30,4439.45,4439.45,4434,4435,305,
2024-06-06 14:20:00+05:30,4435,4435,4433,4435,484,
2024-06-06 14:21:00+05:30,4435,4435,4433,4435,250,
2024-06-06 14:22:00+05:30,4435,4439.9,4435,4438.8,448,
2024-06-06 14:23:00+05:30,4438.8,4439.95,4435.45,4439.95,318,
2024-06-06 14:24:00+05:30,4439.95,4439.95,4437.5,4439.25,310,
2024-06-06 14:25:00+05:30,4439.3,4439.3,4437.6,4438.85,263,
2024-06-06 14:26:00+05:30,4438.85,4438.95,4435,4437.45,311,
2024-06-06 14:27:00+05:30,4436.3,4438.9,4436.3,4438.8,230,
2024-06-06 14:28:00+05:30,4438.8,4439.55,4438.65,4439.55,613,
2024-06-06 14:29:00+05:30,4439.55,4440,4438.15,4438.6,502,
2024-06-06 14:30:00+05:30,4440,4440,4436,4438.6,1543,
2024-06-06 14:31:00+05:30,4438.6,4439.9,4436.3,4437.7,518,
2024-06-06 14:32:00+05:30,4438.25,4439.8,4436.35,4437.95,592,
2024-06-06 14:33:00+05:30,4437.95,4440,4431.35,4440,1020,
2024-06-06 14:34:00+05:30,4440,4440,4436.9,4439.9,743,
2024-06-06 14:35:00+05:30,4439.95,4439.95,4435.6,4439.05,739,
2024-06-06 14:36:00+05:30,4439.05,4439.05,4432.1,4435.15,866,
2024-06-06 14:37:00+05:30,4435.15,4437.75,4435.15,4437.45,449,
2024-06-06 14:38:00+05:30,4436.75,4438,4435.05,4438,824,
2024-06-06 14:39:00+05:30,4438,4439.95,4436.1,4439.1,871,
2024-06-06 14:40:00+05:30,4439.1,4439.8,4434.35,4437.2,752,
2024-06-06 14:41:00+05:30,4437.2,4438.2,4430.05,4437.3,433,
2024-06-06 14:42:00+05:30,4438.2,4440,4437.2,4438.2,2370,
2024-06-06 14:43:00+05:30,4438.95,4439.95,4432.65,4438.85,934,
2024-06-06 14:44:00+05:30,4438.85,4440,4437.15,4438.4,1106,
2024-06-06 14:45:00+05:30,4438.4,4440,4437.15,4440,3785,
2024-06-06 14:46:00+05:30,4439.3,4440,4436.4,4439.3,1999,
2024-06-06 14:47:00+05:30,4440,4440,4437.2,4440,1288,
2024-06-06 14:48:00+05:30,4440,4440,4438.55,4440,2290,
2024-06-06 14:49:00+05:30,4440,4440,4434.1,4435.45,1006,
2024-06-06 14:50:00+05:30,4435.45,4439.95,4435.35,4439.5,779,
2024-06-06 14:51:00+05:30,4439.15,4440,4436.05,4439.95,1007,
2024-06-06 14:52:00+05:30,4439.85,4440,4436.15,4437.95,1681,
2024-06-06 14:53:00+05:30,4438,4440,4437.35,4439.9,1203,
2024-06-06 14:54:00+05:30,4439.35,4440,4435.05,4440,2055,
2024-06-06 14:55:00+05:30,4440,4440,4438.15,4439.95,2817,
2024-06-06 14:56:00+05:30,4439.95,4440,4437.7,4440,843,
2024-06-06 14:57:00+05:30,4440,4440,4438.25,4439.95,1581,
2024-06-06 14:58:00+05:30,4439.85,4440,4438.35,4440,1755,
2024-06-06 14:59:00+05:30,4439.95,4440,4436.15,4439.6,3926,
2024-06-06 15:00:00+05:30,4439.6,4440,4436.65,4440,7678,
2024-06-06 15:01:00+05:30,4439.5,4440,4438,4438,3645,
2024-06-06 15:02:00+05:30,4438,4440,4435.55,4436,5291,
2024-06-06 15:03:00+05:30,4435.5,4439.75,4433.4,4436.9,3096,
2024-06-06 15:04:00+05:30,4437.95,4440,4436.9,4439.85,3340,
2024-06-06 15:05:00+05:30,4438.8,4440,4436.3,4440,4080,
2024-06-06 15:06:00+05:30,4439.8,4440,4433.35,4438.75,6061,
2024-06-06 15:07:00+05:30,4438.55,4440,4436.15,4440,4946,
2024-06-06 15:08:00+05:30,4440,4440,4439.95,4440,3759,
2024-06-06 15:09:00+05:30,4440,4440,4439.95,4440,8381,
2024-06-06 15:10:00+05:30,4440,4440,4439.95,4440,11415,
2024-06-06 15:11:00+05:30,4440,4440,4439.95,4440,10526,
2024-06-06 15:12:00+05:30,4440,4440,4439.95,4440,4908,
2024-06-06 15:13:00+05:30,4439.95,4440,4439.95,4440,5717,
2024-06-06 15:14:00+05:30,4440,4440,4439.95,4440,5752,
2024-06-06 15:15:00+05:30,4440,4440,4439.95,4440,8488,
2024-06-06 15:16:00+05:30,4440,4440,4439.95,4440,7431,
2024-06-06 15:17:00+05:30,4440,4440,4439.95,4440,6592,
2024-06-06 15:18:00+05:30,4440,4450,4439.95,4450,4455,
2024-06-06 15:19:00+05:30,4450,4460.7,4449.95,4455,6157,
2024-06-06 15:20:00+05:30,4455.3,4468,4455.3,4466.35,4474,
2024-06-06 15:21:00+05:30,4467,4476.6,4464.05,4476.6,3703,
2024-06-06 15:22:00+05:30,4477.7,4485,4476.7,4484.7,5161,
2024-06-06 15:23:00+05:30,4484.8,4490,4480.7,4490,3063,
2024-06-06 15:24:00+05:30,4490,4491.15,4486.55,4487.3,4340,
2024-06-06 15:25:00+05:30,4486.6,4487.3,4476.85,4480,4214,
2024-06-06 15:26:00+05:30,4482.65,4483.6,4473.6,4474.05,3425,
2024-06-06 15:27:00+05:30,4474.05,4484,4470,4478.7,4060,
2024-06-06 15:28:00+05:30,4478.7,4484.85,4477.85,4480.35,1654,
2024-06-06 15:29:00+05:30,4485,4490,4462.9,4482.05,448,
2024-06-07 09:15:00+05:30,4450.8,4472.8,4438.8,4466.45,5287,
2024-06-07 09:16:00+05:30,4463.95,4494,4462.95,4487.9,3200,
2024-06-07 09:17:00+05:30,4491.15,4493,4472.75,4490.9,4760,
2024-06-07 09:18:00+05:30,4490.9,4499.45,4484.75,4486.05,2095,
2024-06-07 09:19:00+05:30,4486.05,4489.95,4483.65,4488,870,
2024-06-07 09:20:00+05:30,4488,4490,4481.5,4487.55,1491,
2024-06-07 09:21:00+05:30,4490.3,4494.35,4487.05,4490.15,4083,
2024-06-07 09:22:00+05:30,4490.15,4497.65,4490.15,4494,1654,
2024-06-07 09:23:00+05:30,4494,4494,4480.5,4484.3,3358,
2024-06-07 09:24:00+05:30,4487.85,4490.6,4482,4486.65,1096,
2024-06-07 09:25:00+05:30,4486.65,4487.05,4472.3,4472.3,1456,
2024-06-07 09:26:00+05:30,4475.25,4476.1,4466.25,4467.05,1866,
2024-06-07 09:27:00+05:30,4469.9,4471.9,4467.65,4470.05,129,
2024-06-07 09:28:00+05:30,4470.05,4475,4467,4472.2,837,
2024-06-07 09:29:00+05:30,4472.2,4472.2,4468.2,4470.1,162,
2024-06-07 09:30:00+05:30,4467,4469.65,4465.1,4468.6,1129,
2024-06-07 09:31:00+05:30,4467.9,4468,4465.1,4465.1,165,
2024-06-07 09:32:00+05:30,4466.25,4466.25,4456.15,4458.15,1487,
2024-06-07 09:33:00+05:30,4458.15,4462.85,4458.15,4460.3,311,
2024-06-07 09:34:00+05:30,4460.3,4460.35,4455.1,4460.35,2098,
2024-06-07 09:35:00+05:30,4460.35,4461.05,4455.8,4458.15,472,
2024-06-07 09:36:00+05:30,4458.15,4460.95,4456.4,4458,329,
2024-06-07 09:37:00+05:30,4458,4459.95,4452.6,4454.1,1742,
2024-06-07 09:38:00+05:30,4452.6,4455.6,4449.1,4451.7,722,
2024-06-07 09:39:00+05:30,4451.7,4453.35,4450.55,4452.85,180,
2024-06-07 09:40:00+05:30,4452.85,4456.15,4450,4452.6,495,
2024-06-07 09:41:00+05:30,4452.6,4456.45,4452.15,4455.4,266,
2024-06-07 09:42:00+05:30,4455.4,4458.95,4454.75,4457.55,201,
2024-06-07 09:43:00+05:30,4458.95,4463.2,4458.95,4463,197,
2024-06-07 09:44:00+05:30,4464.95,4468.05,4463,4463.4,1685,
2024-06-07 09:45:00+05:30,4463.85,4468.25,4459.5,4459.5,1087,
2024-06-07 09:46:00+05:30,4459.5,4473.5,4459.5,4471.4,3776,
2024-06-07 09:47:00+05:30,4471.4,4484.2,4470.6,4483.55,1366,
2024-06-07 09:48:00+05:30,4483.55,4489.95,4480.9,4488.75,2241,
2024-06-07 09:49:00+05:30,4489.45,4492.55,4485.45,4488.5,1401,
2024-06-07 09:50:00+05:30,4488.5,4490,4483.85,4489.9,1441,
2024-06-07 09:51:00+05:30,4487.2,4495,4484.45,4487.6,2100,
2024-06-07 09:52:00+05:30,4487.6,4487.6,4480.8,4481.7,1195,
2024-06-07 09:53:00+05:30,4484.55,4484.6,4477.4,4483.8,785,
2024-06-07 09:54:00+05:30,4483.8,4484.3,4480.35,4483.6,335,
2024-06-07 09:55:00+05:30,4480.55,4483.45,4476.5,4478.4,2004,
2024-06-07 09:56:00+05:30,4481.5,4484,4475.5,4478.1,1626,
2024-06-07 09:57:00+05:30,4478.1,4484.3,4478.1,4482.6,770,
2024-06-07 09:58:00+05:30,4482.6,4484.3,4482.55,4482.55,92,
2024-06-07 09:59:00+05:30,4482.55,4485,4480,4480,1862,
2024-06-07 10:00:00+05:30,4480,4483.9,4479,4480.75,392,
2024-06-07 10:01:00+05:30,4479.1,4481.55,4471.55,4473.45,456,
2024-06-07 10:02:00+05:30,4475.9,4483.85,4472.25,4483.85,733,
2024-06-07 10:03:00+05:30,4483.85,4490.5,4483.65,4490.5,1842,
2024-06-07 10:04:00+05:30,4490.5,4490.5,4482.25,4484.95,339,
2024-06-07 10:05:00+05:30,4484.95,4485,4480.95,4481.2,485,
2024-06-07 10:06:00+05:30,4480,4484.9,4480,4484.35,1050,
2024-06-07 10:07:00+05:30,4480,4484.55,4480,4483.75,428,
2024-06-07 10:08:00+05:30,4483.75,4489.9,4480.4,4487.45,1974,
2024-06-07 10:09:00+05:30,4487.45,4487.45,4485.15,4486.75,98,
2024-06-07 10:10:00+05:30,4486.6,4486.7,4481.05,4484.1,178,
2024-06-07 10:11:00+05:30,4484.1,4484.1,4480.85,4481.05,137,
2024-06-07 10:12:00+05:30,4481.05,4481.05,4472.3,4475.8,648,
2024-06-07 10:13:00+05:30,4475,4475.9,4469,4473.35,428,
2024-06-07 10:14:00+05:30,4472.85,4476.6,4472.85,4476.15,197,
2024-06-07 10:15:00+05:30,4476.15,4477.6,4473.7,4477.5,147,
2024-06-07 10:16:00+05:30,4477.5,4481.2,4475.15,4477.6,224,
2024-06-07 10:17:00+05:30,4480.25,4480.25,4477.05,4477.7,149,
2024-06-07 10:18:00+05:30,4479.75,4479.75,4476.1,4478.75,99,
2024-06-07 10:19:00+05:30,4479.55,4482.9,4476.6,4476.6,402,
2024-06-07 10:20:00+05:30,4479.85,4479.85,4476.45,4478.25,119,
2024-06-07 10:21:00+05:30,4478.25,4479.8,4476.3,4479.8,140,
2024-06-07 10:22:00+05:30,4479.8,4480,4477.75,4479.95,61,
2024-06-07 10:23:00+05:30,4479.95,4481.95,4476.85,4481.3,832,
2024-06-07 10:24:00+05:30,4481.3,4483.5,4479.1,4482.5,645,
2024-06-07 10:25:00+05:30,4481.75,4483,4480.05,4483,91,
2024-06-07 10:26:00+05:30,4484.9,4487.9,4483.65,4484.9,886,
2024-06-07 10:27:00+05:30,4482.1,4486.95,4482.1,4484,141,
2024-06-07 10:28:00+05:30,4484,4485,4482.25,4484.75,88,
2024-06-07 10:29:00+05:30,4482.25,4484.75,4481.3,4482,139,
2024-06-07 10:30:00+05:30,4480.1,4485,4479.25,4485,618,
2024-06-07 10:31:00+05:30,4488.3,4491.1,4488,4490.9,1802,
2024-06-07 10:32:00+05:30,4489,4492,4488.1,4492,504,
2024-06-07 10:33:00+05:30,4490.15,4492,4488,4489.85,136,
2024-06-07 10:34:00+05:30,4489.85,4489.85,4487.25,4487.25,65,
2024-06-07 10:35:00+05:30,4487.25,4487.4,4487.25,4487.3,63,
2024-06-07 10:36:00+05:30,4487.3,4490.4,4487.3,4487.75,298,
2024-06-07 10:37:00+05:30,4487.65,4491.2,4487.35,4490,240,
2024-06-07 10:38:00+05:30,4488.7,4491.5,4488.7,4489.1,224,
2024-06-07 10:39:00+05:30,4489.1,4491.5,4487.35,4491,491,
2024-06-07 10:40:00+05:30,4488.95,4492.05,4488.85,4490,341,
2024-06-07 10:41:00+05:30,4489.9,4490.25,4483.85,4485.6,301,
2024-06-07 10:42:00+05:30,4483.45,4486.25,4481.15,4486.25,862,
2024-06-07 10:43:00+05:30,4486.25,4486.7,4483.35,4485.1,93,
2024-06-07 10:44:00+05:30,4485.1,4485.1,4481.8,4484,104,
2024-06-07 10:45:00+05:30,4482.1,4489.95,4481.1,4489.2,492,
2024-06-07 10:46:00+05:30,4490,4493.5,4487.85,4493.5,978,
2024-06-07 10:47:00+05:30,4491.5,4493.5,4489.15,4492.45,987,
2024-06-07 10:48:00+05:30,4491.45,4499.8,4490,4497,3640,
2024-06-07 10:49:00+05:30,4497,4498.5,4495.1,4495.5,349,
2024-06-07 10:50:00+05:30,4497,4497,4494.1,4494.4,844,
2024-06-07 10:51:00+05:30,4496,4497.5,4494.1,4494.55,561,
2024-06-07 10:52:00+05:30,4496.85,4498.5,4494.1,4496.5,667,
2024-06-07 10:53:00+05:30,4498.45,4505.6,4497.8,4500,5698,
2024-06-07 10:54:00+05:30,4500,4503.05,4497.7,4500.7,618,
2024-06-07 10:55:00+05:30,4500.7,4503,4498,4500,554,
2024-06-07 10:56:00+05:30,4498.05,4503.65,4498.05,4502.7,209,
2024-06-07 10:57:00+05:30,4502,4504.35,4499,4500.05,685,
2024-06-07 10:58:00+05:30,4500.05,4500.05,4497.3,4500,696,
2024-06-07 10:59:00+05:30,4500,4504,4500,4502.5,1204,
2024-06-07 11:00:00+05:30,4500.2,4505,4500.2,4505,629,
2024-06-07 11:01:00+05:30,4504,4505,4501,4502.85,1315,
2024-06-07 11:02:00+05:30,4501.05,4504,4500.2,4500.2,137,
2024-06-07 11:03:00+05:30,4500.05,4502,4500.05,4502,197,
2024-06-07 11:04:00+05:30,4502,4503,4501,4501.1,112,
2024-06-07 11:05:00+05:30,4501.1,4502.4,4497.1,4497.6,208,
2024-06-07 11:06:00+05:30,4497.6,4504.05,4497.55,4500,868,
2024-06-07 11:07:00+05:30,4500,4502.9,4500,4500,490,
2024-06-07 11:08:00+05:30,4501.85,4502.3,4498.55,4500.05,717,
2024-06-07 11:09:00+05:30,4500.05,4504.5,4500.05,4502.55,372,
2024-06-07 11:10:00+05:30,4504.6,4508,4503,4504.65,1703,
2024-06-07 11:11:00+05:30,4504.65,4506.4,4502,4503.65,554,
2024-06-07 11:12:00+05:30,4503,4508,4503,4505.9,1419,
2024-06-07 11:13:00+05:30,4505.9,4507.95,4505.9,4507.25,1177,
2024-06-07 11:14:00+05:30,4507.05,4507.05,4507,4507.05,888,
2024-06-07 11:15:00+05:30,4507,4507.05,4507,4507,1151,
2024-06-07 11:16:00+05:30,4507,4507.05,4507,4507,322,
2024-06-07 11:17:00+05:30,4507,4509,4507,4508,314,
2024-06-07 11:18:00+05:30,4508,4508,4500.05,4500.1,1220,
2024-06-07 11:19:00+05:30,4500,4502.6,4500,4502.6,376,
2024-06-07 11:20:00+05:30,4502.85,4504.9,4500,4503,695,
2024-06-07 11:21:00+05:30,4505,4506.25,4503.1,4504.55,497,
2024-06-07 11:22:00+05:30,4504.55,4506,4503,4503,264,
2024-06-07 11:23:00+05:30,4503,4504.15,4500,4500.05,948,
2024-06-07 11:24:00+05:30,4500.05,4500.9,4500,4500.9,218,
2024-06-07 11:25:00+05:30,4500,4504.3,4500,4504.3,255,
2024-06-07 11:26:00+05:30,4504.5,4504.5,4500.3,4502.65,313,
2024-06-07 11:27:00+05:30,4500.9,4501.5,4500,4500,253,
2024-06-07 11:28:00+05:30,4500,4504.9,4500,4503.05,117,
2024-06-07 11:29:00+05:30,4502.3,4504.85,4499.3,4500.9,172,
2024-06-07 11:30:00+05:30,4500,4502.25,4498.85,4500.9,93,
2024-06-07 11:31:00+05:30,4500,4501.05,4498.55,4500,214,
2024-06-07 11:32:00+05:30,4499.65,4506,4499.65,4505.95,403,
2024-06-07 11:33:00+05:30,4503.55,4505.55,4503.15,4503.95,86,
2024-06-07 11:34:00+05:30,4503.2,4506.6,4502.2,4504.95,196,
2024-06-07 11:35:00+05:30,4504.3,4507.85,4503.95,4506.8,810,
2024-06-07 11:36:00+05:30,4504.55,4508,4504.45,4508,756,
2024-06-07 11:37:00+05:30,4508,4508,4505.8,4505.8,244,
2024-06-07 11:38:00+05:30,4505.8,4508,4503,4503,153,
2024-06-07 11:39:00+05:30,4503,4507.35,4503,4507.35,203,
2024-06-07 11:40:00+05:30,4504.95,4504.95,4500,4500,1011,
2024-06-07 11:41:00+05:30,4500.05,4504.6,4500,4502.6,125,
2024-06-07 11:42:00+05:30,4502.6,4502.9,4500.05,4501,271,
2024-06-07 11:43:00+05:30,4501.2,4506.45,4501,4502.75,403,
2024-06-07 11:44:00+05:30,4502.75,4504.65,4501.9,4502.6,116,
2024-06-07 11:45:00+05:30,4502.2,4502.8,4501,4502.8,280,
2024-06-07 11:46:00+05:30,4501.05,4505,4500,4501.15,3466,
2024-06-07 11:47:00+05:30,4500,4501.25,4500,4501,651,
2024-06-07 11:48:00+05:30,4501,4501.15,4500,4500.6,125,
2024-06-07 11:49:00+05:30,4500,4500.3,4495.75,4500,6086,
2024-06-07 11:50:00+05:30,4500,4504,4500,4500,421,
2024-06-07 11:51:00+05:30,4500,4503,4500,4503,229,
2024-06-07 11:52:00+05:30,4503,4503.75,4500.05,4501.15,174,
2024-06-07 11:53:00+05:30,4501.4,4504,4500,4500,1094,
2024-06-07 11:54:00+05:30,4500,4500.4,4500,4500,203,
2024-06-07 11:55:00+05:30,4500,4500.4,4497.45,4500.05,9629,
2024-06-07 11:56:00+05:30,4500,4500.05,4500,4500,4872,
2024-06-07 11:57:00+05:30,4500,4502,4500,4502,320,
2024-06-07 11:58:00+05:30,4500.95,4502,4498.55,4498.55,583,
2024-06-07 11:59:00+05:30,4500,4500.05,4500,4500.05,605,
2024-06-07 12:00:00+05:30,4500.05,4501,4498.3,4500.05,1447,
2024-06-07 12:01:00+05:30,4500.05,4500.95,4500,4500,747,
2024-06-07 12:02:00+05:30,4500,4501,4500,4500.05,164,
2024-06-07 12:03:00+05:30,4500,4500.75,4500,4500,199,
2024-06-07 12:04:00+05:30,4500.05,4500.5,4500,4500,277,
2024-06-07 12:05:00+05:30,4500,4502,4500,4501.1,246,
2024-06-07 12:06:00+05:30,4501.1,4503.1,4500,4501.8,256,
2024-06-07 12:07:00+05:30,4500.4,4503,4500.1,4503,244,
2024-06-07 12:08:00+05:30,4502,4513.55,4502,4513.55,9432,
2024-06-07 12:09:00+05:30,4511.05,4512.2,4509,4509,421,
2024-06-07 12:10:00+05:30,4510.05,4510.05,4505,4505.1,872,
2024-06-07 12:11:00+05:30,4505.1,4507,4500.45,4500.9,388,
2024-06-07 12:12:00+05:30,4500.9,4502.9,4500,4500.4,336,
2024-06-07 12:13:00+05:30,4500,4502.55,4500,4500,131,
2024-06-07 12:14:00+05:30,4500,4501.9,4500,4500.05,63,
2024-06-07 12:15:00+05:30,4500.05,4505,4500,4500,1503,
2024-06-07 12:16:00+05:30,4500,4504.45,4500,4500.95,1411,
2024-06-07 12:17:00+05:30,4501.05,4503.45,4500,4500,139,
2024-06-07 12:18:00+05:30,4500,4504.45,4500,4501.2,779,
2024-06-07 12:19:00+05:30,4501.2,4504.95,4500.6,4502,540,
2024-06-07 12:20:00+05:30,4502,4502.05,4499.1,4500.95,1315,
2024-06-07 12:21:00+05:30,4501.15,4504.45,4501.15,4502.3,264,
2024-06-07 12:22:00+05:30,4502.15,4509,4501.8,4506.05,1398,
2024-06-07 12:23:00+05:30,4506.05,4506.05,4502.05,4504.8,56,
2024-06-07 12:24:00+05:30,4502.6,4504.75,4502.05,4503,83,
2024-06-07 12:25:00+05:30,4502,4502.45,4500.55,4500.55,74,
2024-06-07 12:26:00+05:30,4500.6,4507.45,4500.6,4507.45,1039,
2024-06-07 12:27:00+05:30,4507.45,4509,4506.7,4507.75,183,
2024-06-07 12:28:00+05:30,4506.7,4507.75,4503,4503,192,
2024-06-07 12:29:00+05:30,4503.4,4503.55,4500,4501,3204,
2024-06-07 12:30:00+05:30,4500,4501.95,4500,4501.5,160,
2024-06-07 12:31:00+05:30,4500,4502.65,4500,4502.3,210,
2024-06-07 12:32:00+05:30,4501,4503.45,4501,4501.5,125,
2024-06-07 12:33:00+05:30,4501.5,4502.5,4500,4500,298,
2024-06-07 12:34:00+05:30,4500,4500.15,4500,4500.1,161,
2024-06-07 12:35:00+05:30,4500,4501,4500,4500,989,
2024-06-07 12:36:00+05:30,4500,4501,4500,4500,141,
2024-06-07 12:37:00+05:30,4500,4500.05,4500,4500.05,1141,
2024-06-07 12:38:00+05:30,4500,4503.95,4500,4503.25,270,
2024-06-07 12:39:00+05:30,4503.2,4506.7,4502.95,4505.05,149,
2024-06-07 12:40:00+05:30,4503.85,4506.1,4503.55,4505.5,86,
2024-06-07 12:41:00+05:30,4503.95,4504.4,4499.05,4500,3100,
2024-06-07 12:42:00+05:30,4500.05,4503.75,4500.05,4500.05,221,
2024-06-07 12:43:00+05:30,4500.05,4501.45,4500.05,4500.2,27,
2024-06-07 12:44:00+05:30,4500.2,4500.75,4500,4500,33,
2024-06-07 12:45:00+05:30,4500,4500.75,4500,4500,136,
2024-06-07 12:46:00+05:30,4500,4500.05,4498.4,4500,1215,
2024-06-07 12:47:00+05:30,4500,4501,4498.65,4500,454,
2024-06-07 12:48:00+05:30,4500,4504.5,4500,4501.05,1515,
2024-06-07 12:49:00+05:30,4501.1,4504.45,4500,4500,289,
2024-06-07 12:50:00+05:30,4500,4501.4,4500,4500.6,208,
2024-06-07 12:51:00+05:30,4500,4501.65,4500,4500.05,148,
2024-06-07 12:52:00+05:30,4500,4500.6,4500,4500,812,
2024-06-07 12:53:00+05:30,4500,4500.05,4500,4500.05,164,
2024-06-07 12:54:00+05:30,4500,4500.05,4500,4500.05,83,
2024-06-07 12:55:00+05:30,4500,4500.05,4500,4500.05,267,
2024-06-07 12:56:00+05:30,4500,4500.05,4500,4500,1265,
2024-06-07 12:57:00+05:30,4500,4500,4484.05,4488.6,3241,
2024-06-07 12:58:00+05:30,4487.5,4488.05,4484,4484.05,163,
2024-06-07 12:59:00+05:30,4484.05,4485,4480,4480,1297,
2024-06-07 13:00:00+05:30,4480,4481,4480,4480,141,
2024-06-07 13:01:00+05:30,4480,4484.35,4480,4481,343,
2024-06-07 13:02:00+05:30,4481,4486,4481,4486,297,
2024-06-07 13:03:00+05:30,4486,4493.25,4486,4493.25,1406,
2024-06-07 13:04:00+05:30,4490.9,4493.15,4488.1,4488.8,313,
2024-06-07 13:05:00+05:30,4488.8,4490.1,4488,4488,906,
2024-06-07 13:06:00+05:30,4488,4489.6,4488,4489.6,160,
2024-06-07 13:07:00+05:30,4490,4492.9,4490,4490,83,
2024-06-07 13:08:00+05:30,4488.55,4492.85,4488.05,4491.95,352,
2024-06-07 13:09:00+05:30,4489.05,4491.95,4489.05,4490.8,51,
2024-06-07 13:10:00+05:30,4489.9,4490.8,4488.65,4490,110,
2024-06-07 13:11:00+05:30,4490,4491,4488,4491,203,
2024-06-07 13:12:00+05:30,4490,4491,4488,4488.05,803,
2024-06-07 13:13:00+05:30,4488,4490.2,4488,4490.05,80,
2024-06-07 13:14:00+05:30,4490,4490.05,4485.1,4487.3,537,
2024-06-07 13:15:00+05:30,4485.05,4487.3,4482.6,4485.15,214,
2024-06-07 13:16:00+05:30,4483.05,4483.9,4480.2,4483.9,1238,
2024-06-07 13:17:00+05:30,4482.1,4489.05,4482.1,4489.05,170,
2024-06-07 13:18:00+05:30,4486.45,4489.05,4485,4487.95,392,
2024-06-07 13:19:00+05:30,4485.15,4488.95,4485.15,4488.8,157,
2024-06-07 13:20:00+05:30,4486.7,4488.45,4485.5,4487.55,108,
2024-06-07 13:21:00+05:30,4487.55,4491.9,4487.55,4490,492,
2024-06-07 13:22:00+05:30,4490,4492.95,4490,4491.2,217,
2024-06-07 13:23:00+05:30,4490.05,4491.2,4486,4487.65,279,
2024-06-07 13:24:00+05:30,4486,4487.75,4486,4486,179,
2024-06-07 13:25:00+05:30,4486,4490,4486,4488.6,621,
2024-06-07 13:26:00+05:30,4486.05,4489.75,4486.05,4486.45,505,
2024-06-07 13:27:00+05:30,4486.5,4489.1,4486,4489.1,89,
2024-06-07 13:28:00+05:30,4489.1,4489.1,4486.05,4488.45,80,
2024-06-07 13:29:00+05:30,4486.15,4486.95,4486,4486,281,
2024-06-07 13:30:00+05:30,4486,4487,4485,4485.05,1058,
2024-06-07 13:31:00+05:30,4485.05,4486.85,4485,4485.7,251,
2024-06-07 13:32:00+05:30,4485,4487.95,4485,4486.8,328,
2024-06-07 13:33:00+05:30,4486.8,4493.4,4486,4493.3,707,
2024-06-07 13:34:00+05:30,4490.75,4494.35,4490,4494,383,
2024-06-07 13:35:00+05:30,4491.05,4494.95,4491.05,4494,1518,
2024-06-07 13:36:00+05:30,4494,4494.1,4490,4491.7,446,
2024-06-07 13:37:00+05:30,4490.05,4495.95,4490,4495.95,73,
2024-06-07 13:38:00+05:30,4494.6,4504.05,4494.6,4500.8,4293,
2024-06-07 13:39:00+05:30,4500.8,4504.05,4500.1,4501.2,1408,
2024-06-07 13:40:00+05:30,4501.2,4503.05,4501.2,4503.05,148,
2024-06-07 13:41:00+05:30,4503,4505,4502,4502,273,
2024-06-07 13:42:00+05:30,4502,4505.35,4502,4502,464,
2024-06-07 13:43:00+05:30,4502,4507.45,4502,4505.05,533,
2024-06-07 13:44:00+05:30,4505.05,4507.55,4504.85,4507.55,744,
2024-06-07 13:45:00+05:30,4507.45,4509.95,4504.4,4505.65,1623,
2024-06-07 13:46:00+05:30,4505.65,4508.5,4504.75,4504.8,319,
2024-06-07 13:47:00+05:30,4504.4,4507.5,4503.05,4505,797,
2024-06-07 13:48:00+05:30,4502.2,4504.8,4500,4504.75,5796,
2024-06-07 13:49:00+05:30,4502,4502.05,4502,4502,246,
2024-06-07 13:50:00+05:30,4502,4502.6,4502,4502,258,
2024-06-07 13:51:00+05:30,4502,4502.15,4500.15,4500.65,180,
2024-06-07 13:52:00+05:30,4500.65,4503.7,4500.05,4501,259,
2024-06-07 13:53:00+05:30,4500,4501.8,4500,4500,93,
2024-06-07 13:54:00+05:30,4500,4500.4,4500,4500.05,142,
2024-06-07 13:55:00+05:30,4500,4505,4500,4501,666,
2024-06-07 13:56:00+05:30,4500.9,4501,4500,4500,78,
2024-06-07 13:57:00+05:30,4500,4503,4500,4502.55,1563,
2024-06-07 13:58:00+05:30,4502.55,4507,4500.65,4507,446,
2024-06-07 13:59:00+05:30,4506,4506.25,4506,4506,140,
2024-06-07 14:00:00+05:30,4506,4508.95,4505.95,4507.9,767,
2024-06-07 14:01:00+05:30,4507.9,4508.7,4506.65,4507.7,116,
2024-06-07 14:02:00+05:30,4506.85,4509.5,4503.8,4503.8,4170,
2024-06-07 14:03:00+05:30,4503.25,4507.5,4502.4,4502.45,294,
2024-06-07 14:04:00+05:30,4502.45,4505.2,4501.3,4505.1,294,
2024-06-07 14:05:00+05:30,4503.45,4505.45,4502.1,4503.1,252,
2024-06-07 14:06:00+05:30,4503,4504.9,4501.3,4503.4,287,
2024-06-07 14:07:00+05:30,4501.2,4503.4,4501.1,4502.1,271,
2024-06-07 14:08:00+05:30,4502.1,4504.05,4501.65,4502.55,27,
2024-06-07 14:09:00+05:30,4502.5,4502.95,4500.55,4502.95,99,
2024-06-07 14:10:00+05:30,4501.25,4503.9,4500.35,4500.65,594,
2024-06-07 14:11:00+05:30,4500,4500.9,4500,4500.55,222,
2024-06-07 14:12:00+05:30,4500.55,4502.95,4500.1,4500.3,376,
2024-06-07 14:13:00+05:30,4500.1,4502.2,4500,4501.9,2689,
2024-06-07 14:14:00+05:30,4500.05,4501.2,4500,4500,187,
2024-06-07 14:15:00+05:30,4500,4506.2,4500,4503.55,599,
2024-06-07 14:16:00+05:30,4503.55,4505.25,4502.1,4502.1,392,
2024-06-07 14:17:00+05:30,4502.15,4503.75,4500,4502.35,179,
2024-06-07 14:18:00+05:30,4500.7,4505,4500.7,4501.35,78,
2024-06-07 14:19:00+05:30,4501.35,4502.8,4500,4502.8,291,
2024-06-07 14:20:00+05:30,4500.65,4505,4500.6,4502,343,
2024-06-07 14:21:00+05:30,4502.1,4504.5,4501.2,4503.5,210,
2024-06-07 14:22:00+05:30,4501.45,4501.55,4500,4501.05,293,
2024-06-07 14:23:00+05:30,4501.05,4502,4500.15,4502,67,
2024-06-07 14:24:00+05:30,4500.2,4502.9,4500.15,4502.05,237,
2024-06-07 14:25:00+05:30,4500,4501.8,4500,4500,64,
2024-06-07 14:26:00+05:30,4500,4501.6,4500,4501.6,148,
2024-06-07 14:27:00+05:30,4500,4501.25,4500,4500,200,
2024-06-07 14:28:00+05:30,4500,4501.15,4500,4500.6,713,
2024-06-07 14:29:00+05:30,4500,4503.9,4500,4501.15,466,
2024-06-07 14:30:00+05:30,4501.1,4509.2,4501.1,4506.95,507,
2024-06-07 14:31:00+05:30,4506.95,4509.45,4504,4508.85,1459,
2024-06-07 14:32:00+05:30,4508.85,4516.9,4508.8,4515.9,11663,
2024-06-07 14:33:00+05:30,4515.9,4516.2,4511.1,4511.1,1141,
2024-06-07 14:34:00+05:30,4511.1,4513.3,4509.9,4510.15,471,
2024-06-07 14:35:00+05:30,4510.15,4511,4507.45,4508.2,553,
2024-06-07 14:36:00+05:30,4508.25,4509.8,4508.2,4508.3,279,
2024-06-07 14:37:00+05:30,4508.2,4508.3,4500.9,4503,1144,
2024-06-07 14:38:00+05:30,4502.5,4506.65,4502.5,4503.75,544,
2024-06-07 14:39:00+05:30,4503.75,4503.75,4500.85,4503.6,302,
2024-06-07 14:40:00+05:30,4503,4506,4502.25,4505,1349,
2024-06-07 14:41:00+05:30,4505,4506,4503.35,4504.55,3892,
2024-06-07 14:42:00+05:30,4504.5,4505.65,4501.8,4502,311,
2024-06-07 14:43:00+05:30,4501.9,4504,4501.9,4504,377,
2024-06-07 14:44:00+05:30,4502.6,4503.95,4502.6,4503.3,276,
2024-06-07 14:45:00+05:30,4502.6,4506,4502.6,4505.4,1343,
2024-06-07 14:46:00+05:30,4506.4,4506.4,4505.3,4505.45,189,
2024-06-07 14:47:00+05:30,4505.5,4510.9,4505.5,4510.4,12439,
2024-06-07 14:48:00+05:30,4509.35,4514.2,4508.7,4514.2,1003,
2024-06-07 14:49:00+05:30,4514.3,4518,4512.8,4516.35,2224,
2024-06-07 14:50:00+05:30,4516.35,4518.25,4513,4515.55,1100,
2024-06-07 14:51:00+05:30,4516.2,4519,4516.2,4518,1666,
2024-06-07 14:52:00+05:30,4517.6,4517.6,4508.35,4510.3,1966,
2024-06-07 14:53:00+05:30,4510.3,4513,4509.05,4510.65,1024,
2024-06-07 14:54:00+05:30,4510.5,4513,4509.75,4512.25,1079,
2024-06-07 14:55:00+05:30,4512.25,4512.5,4509.8,4510.8,717,
2024-06-07 14:56:00+05:30,4510.85,4514.8,4510,4512,1971,
2024-06-07 14:57:00+05:30,4512,4512,4510.5,4512,831,
2024-06-07 14:58:00+05:30,4511.6,4512,4511,4512,1125,
2024-06-07 14:59:00+05:30,4512,4512,4509.85,4512,907,
2024-06-07 15:00:00+05:30,4510.75,4518.4,4510.75,4518,1966,
2024-06-07 15:01:00+05:30,4517.1,4521.95,4514.1,4521.95,2416,
2024-06-07 15:02:00+05:30,4521.65,4525,4518.1,4525,3308,
2024-06-07 15:03:00+05:30,4524.8,4527.5,4521.7,4522.25,2893,
2024-06-07 15:04:00+05:30,4522.3,4525.2,4518.6,4521.55,3677,
2024-06-07 15:05:00+05:30,4521.6,4521.95,4512.8,4518.7,1461,
2024-06-07 15:06:00+05:30,4516.7,4519.55,4514.1,4517.4,3226,
2024-06-07 15:07:00+05:30,4517.8,4517.8,4513,4515,1932,
2024-06-07 15:08:00+05:30,4515,4523.4,4515,4522.8,1971,
2024-06-07 15:09:00+05:30,4523.3,4525,4520,4523.7,3167,
2024-06-07 15:10:00+05:30,4525,4525,4520.35,4523.45,1938,
2024-06-07 15:11:00+05:30,4524.5,4524.95,4509.05,4509.3,7633,
2024-06-07 15:12:00+05:30,4509.2,4519.8,4508.95,4519.2,3002,
2024-06-07 15:13:00+05:30,4518.05,4522.05,4515.4,4519.95,2194,
2024-06-07 15:14:00+05:30,4519.9,4524.6,4518.65,4520.7,2224,
2024-06-07 15:15:00+05:30,4520.75,4523.45,4520.4,4521.9,3241,
2024-06-07 15:16:00+05:30,4522.4,4524.95,4518.15,4521.8,3321,
2024-06-07 15:17:00+05:30,4520.15,4525,4520.05,4525,5684,
2024-06-07 15:18:00+05:30,4523.85,4528.7,4523.2,4527.85,5130,
2024-06-07 15:19:00+05:30,4528,4530,4526.85,4530,27646,
2024-06-07 15:20:00+05:30,4530,4536.65,4528.6,4536.65,3984,
2024-06-07 15:21:00+05:30,4536.1,4540.4,4531.5,4532.25,5948,
2024-06-07 15:22:00+05:30,4531.5,4532.6,4527.5,4532.2,2527,
2024-06-07 15:23:00+05:30,4530.4,4533.95,4528,4530.95,4177,
2024-06-07 15:24:00+05:30,4533.45,4535,4529.3,4533.8,3629,
2024-06-07 15:25:00+05:30,4535,4540,4530.2,4530.2,4994,
2024-06-07 15:26:00+05:30,4531.95,4532,4525,4527.95,2692,
2024-06-07 15:27:00+05:30,4527.95,4531.75,4517.3,4525.55,7792,
2024-06-07 15:28:00+05:30,4525.55,4525.55,4512.15,4515.1,1349,
2024-06-07 15:29:00+05:30,4515.1,4525,4515.1,4520,781,
2024-06-10 09:15:00+05:30,4524.05,4552.85,4515.05,4552,5493,
2024-06-10 09:16:00+05:30,4554,4564.45,4546.8,4546.8,5755,
2024-06-10 09:17:00+05:30,4548.6,4560.65,4545.6,4554.55,4277,
2024-06-10 09:18:00+05:30,4554.55,4563.9,4544.95,4559.15,2386,
2024-06-10 09:19:00+05:30,4560,4576,4557.05,4560.05,6704,
2024-06-10 09:20:00+05:30,4562.65,4570,4555,4563.8,2760,
2024-06-10 09:21:00+05:30,4563.8,4573.4,4558.9,4562,2783,
2024-06-10 09:22:00+05:30,4561.05,4565,4555,4557.45,2441,
2024-06-10 09:23:00+05:30,4555,4558.4,4550.05,4555.1,2189,
2024-06-10 09:24:00+05:30,4555.1,4564,4551.05,4563.95,2550,
2024-06-10 09:25:00+05:30,4563.95,4567.45,4558.25,4561.45,2671,
2024-06-10 09:26:00+05:30,4561.45,4567.45,4561.25,4562,921,
2024-06-10 09:27:00+05:30,4561.9,4567.45,4560,4563.85,1446,
2024-06-10 09:28:00+05:30,4563.85,4579.6,4561.6,4573.65,2661,
2024-06-10 09:29:00+05:30,4573.65,4576,4565.95,4566,1516,
2024-06-10 09:30:00+05:30,4563.05,4571.7,4552.55,4554.5,3230,
2024-06-10 09:31:00+05:30,4558.95,4559.95,4552,4552.05,1868,
2024-06-10 09:32:00+05:30,4552.05,4558.4,4546,4548,1682,
2024-06-10 09:33:00+05:30,4549.3,4550.55,4543.8,4545.05,1480,
2024-06-10 09:34:00+05:30,4545.15,4549.45,4541.3,4546.05,3179,
2024-06-10 09:35:00+05:30,4546.05,4547.45,4534.55,4541.55,1687,
2024-06-10 09:36:00+05:30,4540.95,4541.95,4535,4535,2328,
2024-06-10 09:37:00+05:30,4535,4539.85,4531.2,4537.95,2812,
2024-06-10 09:38:00+05:30,4537,4554.05,4537,4549.85,1581,
2024-06-10 09:39:00+05:30,4547.45,4549.8,4544.3,4546.15,1151,
2024-06-10 09:40:00+05:30,4546.15,4554.95,4546.15,4550.05,1188,
2024-06-10 09:41:00+05:30,4550.05,4553.95,4547.45,4549.1,1848,
2024-06-10 09:42:00+05:30,4549.1,4553.2,4545.75,4549.15,1136,
2024-06-10 09:43:00+05:30,4552.4,4556.85,4550.35,4556.8,1732,
2024-06-10 09:44:00+05:30,4553.6,4557.6,4550,4550.3,1501,
2024-06-10 09:45:00+05:30,4550.3,4552.85,4541.1,4544.05,2320,
2024-06-10 09:46:00+05:30,4544,4549.85,4542,4547.85,882,
2024-06-10 09:47:00+05:30,4548.35,4548.8,4540,4544,2005,
2024-06-10 09:48:00+05:30,4542.65,4547.2,4540.05,4544.15,604,
2024-06-10 09:49:00+05:30,4544.2,4546.7,4540,4541.95,1544,
2024-06-10 09:50:00+05:30,4541.95,4546,4540.1,4542.4,1296,
2024-06-10 09:51:00+05:30,4544.8,4547.75,4540,4540.7,1608,
2024-06-10 09:52:00+05:30,4540.7,4542.95,4535.3,4541.15,1580,
2024-06-10 09:53:00+05:30,4541.15,4547.25,4539.45,4547.25,1278,
2024-06-10 09:54:00+05:30,4545.05,4550,4544.75,4545.65,919,
2024-06-10 09:55:00+05:30,4545.65,4550.85,4544.4,4546.65,1230,
2024-06-10 09:56:00+05:30,4546.65,4549.05,4544.25,4544.55,714,
2024-06-10 09:57:00+05:30,4544.55,4548.05,4540,4544.75,656,
2024-06-10 09:58:00+05:30,4544.75,4545.4,4537.05,4541.15,1119,
2024-06-10 09:59:00+05:30,4541.15,4547.45,4541.15,4547.1,382,
2024-06-10 10:00:00+05:30,4545.2,4547.55,4542.15,4544.95,1058,
2024-06-10 10:01:00+05:30,4541.35,4545.9,4540.8,4544,620,
2024-06-10 10:02:00+05:30,4544,4547.55,4544,4547.55,689,
2024-06-10 10:03:00+05:30,4545.2,4547.55,4544.05,4545.1,509,
2024-06-10 10:04:00+05:30,4545.1,4547,4543.8,4544,454,
2024-06-10 10:05:00+05:30,4545.65,4549.9,4544,4547.1,812,
2024-06-10 10:06:00+05:30,4547.1,4552.65,4546.85,4552.65,1957,
2024-06-10 10:07:00+05:30,4552.65,4554.65,4549.8,4551.8,615,
2024-06-10 10:08:00+05:30,4551.8,4553.95,4551.45,4551.55,789,
2024-06-10 10:09:00+05:30,4551.05,4558.65,4549.35,4558.3,1575,
2024-06-10 10:10:00+05:30,4557.1,4560,4554.45,4558.35,880,
2024-06-10 10:11:00+05:30,4558.35,4559.8,4557.5,4559.55,751,
2024-06-10 10:12:00+05:30,4559.55,4559.55,4556.2,4556.55,1092,
2024-06-10 10:13:00+05:30,4556.55,4560,4556.55,4559.8,718,
2024-06-10 10:14:00+05:30,4560,4563.75,4546.4,4546.4,3853,
2024-06-10 10:15:00+05:30,4546.4,4549,4540.5,4546.5,5007,
2024-06-10 10:16:00+05:30,4546.5,4558.7,4546.5,4557.15,1309,
2024-06-10 10:17:00+05:30,4557.15,4562,4553.8,4553.8,1166,
2024-06-10 10:18:00+05:30,4553.8,4559.45,4551.65,4559.2,724,
2024-06-10 10:19:00+05:30,4559.2,4560,4556.5,4559.95,776,
2024-06-10 10:20:00+05:30,4559.95,4561.95,4558.6,4559.75,865,
2024-06-10 10:21:00+05:30,4559.75,4561.8,4557,4561.45,401,
2024-06-10 10:22:00+05:30,4561.45,4561.5,4557.8,4561.45,496,
2024-06-10 10:23:00+05:30,4561.5,4561.5,4556.25,4557.95,916,
2024-06-10 10:24:00+05:30,4557.95,4560,4554.45,4559.6,509,
2024-06-10 10:25:00+05:30,4561,4562,4560.05,4561,1064,
2024-06-10 10:26:00+05:30,4561,4567.55,4560.85,4567.45,912,
2024-06-10 10:27:00+05:30,4567.55,4569.8,4564.95,4567.65,561,
2024-06-10 10:28:00+05:30,4567.8,4567.8,4564.7,4567.6,511,
2024-06-10 10:29:00+05:30,4567.6,4567.6,4563.1,4564.85,923,
2024-06-10 10:30:00+05:30,4564.85,4564.85,4560,4562.8,1158,
2024-06-10 10:31:00+05:30,4562.8,4564.9,4561.6,4563.65,760,
2024-06-10 10:32:00+05:30,4563.6,4563.6,4559.35,4561,548,
2024-06-10 10:33:00+05:30,4561.7,4568,4561.7,4568,1069,
2024-06-10 10:34:00+05:30,4568,4568,4566.8,4568,272,
2024-06-10 10:35:00+05:30,4567.95,4568,4563.5,4567,1428,
2024-06-10 10:36:00+05:30,4566.2,4568.5,4565.35,4568.4,842,
2024-06-10 10:37:00+05:30,4568.4,4568.5,4566.65,4566.65,340,
2024-06-10 10:38:00+05:30,4567.6,4567.9,4563.85,4566.5,1249,
2024-06-10 10:39:00+05:30,4566.5,4568.45,4560,4560,1189,
2024-06-10 10:40:00+05:30,4560,4564.95,4558.9,4564.15,921,
2024-06-10 10:41:00+05:30,4564.15,4564.15,4561.85,4563.3,289,
2024-06-10 10:42:00+05:30,4563.3,4565,4560,4564.7,469,
2024-06-10 10:43:00+05:30,4564.7,4564.7,4560.6,4562.55,538,
2024-06-10 10:44:00+05:30,4562.55,4565.9,4560.9,4565.9,267,
2024-06-10 10:45:00+05:30,4565.9,4566.1,4563.3,4563.3,716,
2024-06-10 10:46:00+05:30,4563.3,4565.9,4562.55,4565.9,622,
2024-06-10 10:47:00+05:30,4564.05,4570,4564.05,4570,661,
2024-06-10 10:48:00+05:30,4570,4573.45,4569.8,4572.8,930,
2024-06-10 10:49:00+05:30,4573.05,4574,4572.1,4573,721,
2024-06-10 10:50:00+05:30,4573,4574.8,4570.4,4570.8,1057,
2024-06-10 10:51:00+05:30,4570.95,4573.75,4570,4573.75,864,
2024-06-10 10:52:00+05:30,4573.75,4574.45,4572.35,4573.65,430,
2024-06-10 10:53:00+05:30,4573.8,4573.9,4573,4573.5,279,
2024-06-10 10:54:00+05:30,4573.5,4573.5,4568.75,4571.75,1073,
2024-06-10 10:55:00+05:30,4571.15,4572,4569.7,4571.6,846,
2024-06-10 10:56:00+05:30,4571.6,4571.6,4568.1,4568.1,576,
2024-06-10 10:57:00+05:30,4568.2,4570.9,4568.1,4570,532,
2024-06-10 10:58:00+05:30,4570,4570,4569.1,4570,183,
2024-06-10 10:59:00+05:30,4570,4572.6,4569.95,4571.75,715,
2024-06-10 11:00:00+05:30,4571.75,4575,4571.75,4575,648,
2024-06-10 11:01:00+05:30,4574.05,4575,4570.9,4571.9,1722,
2024-06-10 11:02:00+05:30,4571.9,4572.1,4571.2,4571.95,177,
2024-06-10 11:03:00+05:30,4571.85,4574.25,4571.7,4574.2,283,
2024-06-10 11:04:00+05:30,4573.2,4575,4572.1,4574.2,724,
2024-06-10 11:05:00+05:30,4574.2,4574.75,4569.65,4574.7,731,
2024-06-10 11:06:00+05:30,4573.3,4575,4566.65,4573.5,2042,
2024-06-10 11:07:00+05:30,4572.3,4572.3,4567.4,4569.15,637,
2024-06-10 11:08:00+05:30,4569.15,4570.95,4567,4570.95,369,
2024-06-10 11:09:00+05:30,4568.75,4569.95,4565,4567.25,465,
2024-06-10 11:10:00+05:30,4566.2,4567.9,4563.85,4563.85,691,
2024-06-10 11:11:00+05:30,4563.85,4564.45,4558.1,4558.1,467,
2024-06-10 11:12:00+05:30,4559.6,4561.15,4559.45,4559.45,461,
2024-06-10 11:13:00+05:30,4559.95,4568.7,4559.55,4568.7,1714,
2024-06-10 11:14:00+05:30,4568.7,4572.7,4562.8,4567,1893,
2024-06-10 11:15:00+05:30,4567,4567.1,4560.75,4564.15,794,
2024-06-10 11:16:00+05:30,4564.15,4568.05,4563.5,4568.05,1205,
2024-06-10 11:17:00+05:30,4568.05,4568.05,4560.6,4566.95,2145,
2024-06-10 11:18:00+05:30,4566.95,4567,4564.3,4564.8,479,
2024-06-10 11:19:00+05:30,4564.3,4564.6,4560.85,4564,502,
2024-06-10 11:20:00+05:30,4564,4564,4558.85,4561.2,746,
2024-06-10 11:21:00+05:30,4561.2,4563,4560.55,4563,278,
2024-06-10 11:22:00+05:30,4563,4567.05,4562.45,4565.8,671,
2024-06-10 11:23:00+05:30,4565.8,4568.3,4564.95,4567.9,265,
2024-06-10 11:24:00+05:30,4567.9,4571.15,4567.25,4571.1,382,
2024-06-10 11:25:00+05:30,4571.2,4571.9,4565.65,4568.4,1051,
2024-06-10 11:26:00+05:30,4568.4,4571.4,4568,4571,408,
2024-06-10 11:27:00+05:30,4571,4573,4570.55,4573,394,
2024-06-10 11:28:00+05:30,4573,4573,4560.05,4564.4,4869,
2024-06-10 11:29:00+05:30,4564.4,4574.1,4564.4,4573.35,4778,
2024-06-10 11:30:00+05:30,4573.35,4573.75,4564.55,4570.45,982,
2024-06-10 11:31:00+05:30,4569.5,4570.45,4565.45,4569.7,349,
2024-06-10 11:32:00+05:30,4569.7,4571.7,4568.3,4570.9,256,
2024-06-10 11:33:00+05:30,4570.9,4572.6,4565.45,4566.45,577,
2024-06-10 11:34:00+05:30,4567.55,4569.55,4560.85,4560.9,2038,
2024-06-10 11:35:00+05:30,4560.9,4564.05,4554.15,4559.45,5455,
2024-06-10 11:36:00+05:30,4559.45,4559.45,4551.9,4554.65,2248,
2024-06-10 11:37:00+05:30,4553.3,4563,4551.75,4562.6,2442,
2024-06-10 11:38:00+05:30,4562.6,4564.45,4561.55,4563.65,275,
2024-06-10 11:39:00+05:30,4563.65,4565.55,4562.65,4564.95,550,
2024-06-10 11:40:00+05:30,4564.95,4566.3,4563.35,4566.3,1320,
2024-06-10 11:41:00+05:30,4566.3,4568.1,4565,4566.6,365,
2024-06-10 11:42:00+05:30,4566.6,4566.6,4560.1,4563.4,1130,
2024-06-10 11:43:00+05:30,4563.4,4564.2,4560,4560,881,
2024-06-10 11:44:00+05:30,4560,4562.15,4551.25,4553,1940,
2024-06-10 11:45:00+05:30,4553,4557.7,4552.55,4555.45,909,
2024-06-10 11:46:00+05:30,4555.45,4557.95,4552.85,4557.95,808,
2024-06-10 11:47:00+05:30,4557.95,4557.95,4552.65,4555.25,473,
2024-06-10 11:48:00+05:30,4556,4556.95,4550,4550.05,1787,
2024-06-10 11:49:00+05:30,4550.05,4553.15,4549.35,4553.15,624,
2024-06-10 11:50:00+05:30,4553.15,4553.15,4547.6,4549.95,415,
2024-06-10 11:51:00+05:30,4549.95,4552.35,4548.1,4551.25,515,
2024-06-10 11:52:00+05:30,4551.25,4554,4551,4554,391,
2024-06-10 11:53:00+05:30,4554,4556.45,4549.6,4551.65,685,
2024-06-10 11:54:00+05:30,4551.5,4553.5,4549.65,4553.35,276,
2024-06-10 11:55:00+05:30,4553.35,4554.95,4552.25,4553.9,351,
2024-06-10 11:56:00+05:30,4553.9,4553.9,4545,4546.1,1144,
2024-06-10 11:57:00+05:30,4546.1,4549.3,4545.4,4547.95,1095,
2024-06-10 11:58:00+05:30,4547.95,4549.9,4546.45,4549.9,277,
2024-06-10 11:59:00+05:30,4549.9,4550,4540,4545,1301,
2024-06-10 12:00:00+05:30,4545,4548,4544.5,4546,4769,
2024-06-10 12:01:00+05:30,4545,4546,4540,4542.35,821,
2024-06-10 12:02:00+05:30,4542.35,4543,4540.05,4543,480,
2024-06-10 12:03:00+05:30,4543,4544.7,4540,4544.7,857,
2024-06-10 12:04:00+05:30,4544.7,4546,4544,4544,730,
2024-06-10 12:05:00+05:30,4544,4544.5,4541.5,4542.95,297,
2024-06-10 12:06:00+05:30,4542.95,4543,4539.45,4540,1078,
2024-06-10 12:07:00+05:30,4539.85,4541,4535.75,4541,1083,
2024-06-10 12:08:00+05:30,4541,4541,4535.65,4540.3,677,
2024-06-10 12:09:00+05:30,4539.65,4539.85,4536.8,4537.75,827,
2024-06-10 12:10:00+05:30,4537.75,4539.4,4535.5,4536,861,
2024-06-10 12:11:00+05:30,4536,4539.25,4534.15,4537.95,2043,
2024-06-10 12:12:00+05:30,4537.95,4538,4534.1,4536.55,433,
2024-06-10 12:13:00+05:30,4536.55,4536.7,4534.1,4534.6,527,
2024-06-10 12:14:00+05:30,4535.05,4536,4528.65,4531.3,5556,
2024-06-10 12:15:00+05:30,4531.3,4532.1,4527.7,4527.7,7302,
2024-06-10 12:16:00+05:30,4529,4531,4527.9,4530.45,2837,
2024-06-10 12:17:00+05:30,4530,4531,4527.75,4530.5,2815,
2024-06-10 12:18:00+05:30,4530.7,4531,4529.5,4531,459,
2024-06-10 12:19:00+05:30,4531,4539.85,4530.95,4539.85,2492,
2024-06-10 12:20:00+05:30,4539.85,4547.1,4539.75,4544.9,1425,
2024-06-10 12:21:00+05:30,4544.95,4545,4541.5,4543.7,392,
2024-06-10 12:22:00+05:30,4543.7,4543.7,4538,4539.95,887,
2024-06-10 12:23:00+05:30,4540,4540,4535.7,4539,747,
2024-06-10 12:24:00+05:30,4539,4540,4535.55,4537.05,323,
2024-06-10 12:25:00+05:30,4538.9,4539.9,4534.6,4539,508,
2024-06-10 12:26:00+05:30,4539,4539,4533.8,4536.2,1473,
2024-06-10 12:27:00+05:30,4535.4,4536.2,4531.85,4536.2,731,
2024-06-10 12:28:00+05:30,4536.2,4536.3,4533,4535.8,304,
2024-06-10 12:29:00+05:30,4535.8,4542,4535.55,4537.55,677,
2024-06-10 12:30:00+05:30,4537.55,4544.75,4537.55,4542.1,922,
2024-06-10 12:31:00+05:30,4542.1,4542.5,4535.35,4539.2,979,
2024-06-10 12:32:00+05:30,4539.2,4541.9,4538.8,4541.9,297,
2024-06-10 12:33:00+05:30,4541.9,4541.9,4539,4540.9,386,
2024-06-10 12:34:00+05:30,4540.55,4540.9,4538.1,4540,289,
2024-06-10 12:35:00+05:30,4539.9,4543.5,4539.2,4542.4,450,
2024-06-10 12:36:00+05:30,4542.4,4544.65,4542.4,4543.35,264,
2024-06-10 12:37:00+05:30,4543.45,4544.05,4539.4,4541.1,783,
2024-06-10 12:38:00+05:30,4541.1,4543,4540,4542.9,290,
2024-06-10 12:39:00+05:30,4542.9,4542.9,4539.4,4540.65,541,
2024-06-10 12:40:00+05:30,4541.15,4542.6,4538.5,4538.5,392,
2024-06-10 12:41:00+05:30,4539.55,4540.2,4538.5,4540.2,365,
2024-06-10 12:42:00+05:30,4539.65,4541.75,4537.55,4539.5,485,
2024-06-10 12:43:00+05:30,4539.75,4541.7,4537.75,4540.6,670,
2024-06-10 12:44:00+05:30,4540.6,4541,4539.95,4540.55,264,
2024-06-10 12:45:00+05:30,4540.55,4541.75,4540.55,4541.5,364,
2024-06-10 12:46:00+05:30,4541.5,4541.5,4540.4,4540.7,323,
2024-06-10 12:47:00+05:30,4540.7,4541.3,4537.65,4541.3,690,
2024-06-10 12:48:00+05:30,4541.3,4544.75,4540.65,4544,1075,
2024-06-10 12:49:00+05:30,4544,4545.75,4542.7,4545.7,928,
2024-06-10 12:50:00+05:30,4545,4545,4541,4542.35,547,
2024-06-10 12:51:00+05:30,4541.75,4544,4541.75,4543,299,
2024-06-10 12:52:00+05:30,4543.95,4547.85,4543.45,4547.75,367,
2024-06-10 12:53:00+05:30,4547.75,4549.25,4545.05,4546.9,612,
2024-06-10 12:54:00+05:30,4546.9,4547.1,4546,4546,322,
2024-06-10 12:55:00+05:30,4546,4549.85,4543.1,4549.25,821,
2024-06-10 12:56:00+05:30,4549.25,4549.85,4544.95,4549.25,154,
2024-06-10 12:57:00+05:30,4549.25,4549.25,4545.1,4545.1,417,
2024-06-10 12:58:00+05:30,4545.1,4546.45,4540.8,4544.85,778,
2024-06-10 12:59:00+05:30,4544.85,4547.6,4543.9,4546.75,390,
2024-06-10 13:00:00+05:30,4546.75,4551.5,4546.75,4551.5,486,
2024-06-10 13:01:00+05:30,4551.5,4552.65,4549.7,4551.7,296,
2024-06-10 13:02:00+05:30,4551.5,4551.5,4546.05,4550.3,383,
2024-06-10 13:03:00+05:30,4550.3,4550.35,4547.65,4548.85,272,
2024-06-10 13:04:00+05:30,4548.85,4550.9,4548,4550.55,317,
2024-06-10 13:05:00+05:30,4547.65,4547.8,4539.25,4547.8,773,
2024-06-10 13:06:00+05:30,4547.8,4547.8,4546.15,4547,193,
2024-06-10 13:07:00+05:30,4547,4547,4542.3,4544.1,380,
2024-06-10 13:08:00+05:30,4544.1,4544.1,4542.15,4542.65,292,
2024-06-10 13:09:00+05:30,4542.65,4545.85,4542.65,4544.95,429,
2024-06-10 13:10:00+05:30,4544.95,4545.9,4540,4543.6,628,
2024-06-10 13:11:00+05:30,4543.6,4543.9,4540.75,4543.6,442,
2024-06-10 13:12:00+05:30,4543.6,4545,4543.35,4545,200,
2024-06-10 13:13:00+05:30,4545,4547.3,4544.7,4546.15,476,
2024-06-10 13:14:00+05:30,4546.5,4547,4545.1,4546.65,301,
2024-06-10 13:15:00+05:30,4546.65,4549,4546.3,4548.6,518,
2024-06-10 13:16:00+05:30,4548.6,4550,4543.7,4548.15,1135,
2024-06-10 13:17:00+05:30,4548.15,4550.95,4546.95,4549,524,
2024-06-10 13:18:00+05:30,4549,4554.35,4549,4554.35,497,
2024-06-10 13:19:00+05:30,4554.35,4555,4552.05,4553.8,545,
2024-06-10 13:20:00+05:30,4553.8,4554.9,4552.4,4554.6,227,
2024-06-10 13:21:00+05:30,4554.6,4554.6,4546.9,4548.65,1228,
2024-06-10 13:22:00+05:30,4548.65,4552.1,4548.65,4550.5,303,
2024-06-10 13:23:00+05:30,4550.5,4552.9,4543.8,4547.75,1721,
2024-06-10 13:24:00+05:30,4544.95,4549.5,4544.95,4548.85,442,
2024-06-10 13:25:00+05:30,4548.85,4548.85,4544,4547.85,347,
2024-06-10 13:26:00+05:30,4547.85,4548.9,4544.7,4547.55,310,
2024-06-10 13:27:00+05:30,4544.65,4548.9,4544.65,4548.85,395,
2024-06-10 13:28:00+05:30,4548.85,4548.9,4545,4547.6,193,
2024-06-10 13:29:00+05:30,4547.6,4547.7,4540,4540,877,
2024-06-10 13:30:00+05:30,4543.25,4546.5,4541.3,4544.45,298,
2024-06-10 13:31:00+05:30,4544.45,4546.35,4541.5,4543.3,362,
2024-06-10 13:32:00+05:30,4543.3,4548.1,4542.65,4546,644,
2024-06-10 13:33:00+05:30,4546,4546,4545.3,4545.7,137,
2024-06-10 13:34:00+05:30,4545.7,4546.1,4544.35,4544.35,242,
2024-06-10 13:35:00+05:30,4544.35,4547.2,4543.8,4547.2,271,
2024-06-10 13:36:00+05:30,4547.2,4548.15,4545.15,4547.15,285,
2024-06-10 13:37:00+05:30,4547.15,4548.9,4545.65,4548.4,582,
2024-06-10 13:38:00+05:30,4548.4,4549.85,4541.7,4544.95,2835,
2024-06-10 13:39:00+05:30,4544.95,4545.7,4537.15,4538.75,2322,
2024-06-10 13:40:00+05:30,4538.75,4545,4538.75,4544.85,1907,
2024-06-10 13:41:00+05:30,4544.85,4547,4540,4541.6,3356,
2024-06-10 13:42:00+05:30,4542,4543.95,4539,4539,1016,
2024-06-10 13:43:00+05:30,4539.55,4544.55,4539.15,4540,1259,
2024-06-10 13:44:00+05:30,4541.4,4544.8,4539.8,4540.55,372,
2024-06-10 13:45:00+05:30,4540.55,4544,4538.25,4544,540,
2024-06-10 13:46:00+05:30,4544,4547.35,4543.95,4547.1,352,
2024-06-10 13:47:00+05:30,4547.1,4548.15,4545.7,4545.7,318,
2024-06-10 13:48:00+05:30,4545.6,4545.95,4541.95,4544.9,459,
2024-06-10 13:49:00+05:30,4544.9,4548.3,4544.9,4547.15,313,
2024-06-10 13:50:00+05:30,4547.15,4549.8,4546.55,4549.3,253,
2024-06-10 13:51:00+05:30,4549.3,4550,4547.85,4550,355,
2024-06-10 13:52:00+05:30,4550,4551.2,4541.55,4542.8,1012,
2024-06-10 13:53:00+05:30,4542.75,4545.8,4541.75,4545,372,
2024-06-10 13:54:00+05:30,4545,4548.3,4545,4547.95,364,
2024-06-10 13:55:00+05:30,4547.95,4547.95,4545,4547.8,287,
2024-06-10 13:56:00+05:30,4547.8,4548.4,4544,4546.55,277,
2024-06-10 13:57:00+05:30,4546.55,4546.55,4542.8,4544,324,
2024-06-10 13:58:00+05:30,4544,4546.6,4542.55,4545.75,369,
2024-06-10 13:59:00+05:30,4545.75,4548.6,4544,4548.6,347,
2024-06-10 14:00:00+05:30,4548.6,4548.85,4544.7,4544.7,304,
2024-06-10 14:01:00+05:30,4544.7,4547,4543.7,4544.95,1013,
2024-06-10 14:02:00+05:30,4545.7,4546.4,4543.3,4546,381,
2024-06-10 14:03:00+05:30,4546,4549.9,4545.9,4549.9,427,
2024-06-10 14:04:00+05:30,4549.9,4552,4548,4551.7,920,
2024-06-10 14:05:00+05:30,4551.7,4551.75,4547.2,4548.8,403,
2024-06-10 14:06:00+05:30,4548.8,4548.8,4544,4545.3,959,
2024-06-10 14:07:00+05:30,4545.3,4548.75,4544.7,4548.75,244,
2024-06-10 14:08:00+05:30,4547.85,4548.5,4545.35,4547.7,280,
2024-06-10 14:09:00+05:30,4547.7,4547.7,4541.9,4544.2,520,
2024-06-10 14:10:00+05:30,4544.2,4546.45,4541.45,4544.5,778,
2024-06-10 14:11:00+05:30,4544.5,4546.9,4544.4,4545.2,261,
2024-06-10 14:12:00+05:30,4545.2,4547.5,4539.3,4547.2,866,
2024-06-10 14:13:00+05:30,4547.2,4547.2,4544,4544.9,379,
2024-06-10 14:14:00+05:30,4544.9,4545.7,4541.2,4543.85,655,
2024-06-10 14:15:00+05:30,4543.85,4544.45,4541.9,4542.2,302,
2024-06-10 14:16:00+05:30,4542.2,4542.2,4540,4540,484,
2024-06-10 14:17:00+05:30,4539.8,4542.65,4538.1,4538.1,470,
2024-06-10 14:18:00+05:30,4536,4540.9,4536,4540.9,596,
2024-06-10 14:19:00+05:30,4540.9,4542.9,4539.15,4542.9,476,
2024-06-10 14:20:00+05:30,4542.9,4545.05,4542.55,4545.05,222,
2024-06-10 14:21:00+05:30,4545.05,4545.9,4540,4543.6,747,
2024-06-10 14:22:00+05:30,4543.6,4543.95,4540.05,4541.9,223,
2024-06-10 14:23:00+05:30,4541.95,4542.6,4538.65,4538.7,489,
2024-06-10 14:24:00+05:30,4538.75,4541.45,4538.65,4539.35,395,
2024-06-10 14:25:00+05:30,4538.6,4538.6,4534,4537.4,1038,
2024-06-10 14:26:00+05:30,4537.4,4538.2,4534.95,4536.45,428,
2024-06-10 14:27:00+05:30,4536.45,4538.8,4534,4535.2,537,
2024-06-10 14:28:00+05:30,4535.2,4535.2,4531,4532.3,715,
2024-06-10 14:29:00+05:30,4532.75,4540.75,4530.05,4536.2,7668,
2024-06-10 14:30:00+05:30,4536.2,4544.9,4534.3,4540.95,3074,
2024-06-10 14:31:00+05:30,4540.95,4543,4537.05,4541.3,668,
2024-06-10 14:32:00+05:30,4542.2,4543,4537,4537.9,860,
2024-06-10 14:33:00+05:30,4537.9,4539.7,4533.95,4537.3,1003,
2024-06-10 14:34:00+05:30,4538.8,4541,4535.45,4535.8,392,
2024-06-10 14:35:00+05:30,4535.8,4538.65,4529,4530.05,2218,
2024-06-10 14:36:00+05:30,4530.05,4532.95,4527.85,4530,1663,
2024-06-10 14:37:00+05:30,4530,4537.45,4530,4534.2,1315,
2024-06-10 14:38:00+05:30,4534.2,4540,4532.6,4536.3,1433,
2024-06-10 14:39:00+05:30,4536.3,4540,4535.55,4540,423,
2024-06-10 14:40:00+05:30,4540,4540,4534.8,4536.25,514,
2024-06-10 14:41:00+05:30,4536.25,4539.05,4534.3,4535.5,482,
2024-06-10 14:42:00+05:30,4535.5,4542.95,4535.5,4542.95,2566,
2024-06-10 14:43:00+05:30,4542.95,4545,4541.55,4542.35,414,
2024-06-10 14:44:00+05:30,4542.35,4543.7,4540,4540,503,
2024-06-10 14:45:00+05:30,4543.4,4543.5,4540,4540,388,
2024-06-10 14:46:00+05:30,4540,4542.35,4540,4540.6,734,
2024-06-10 14:47:00+05:30,4541.6,4545,4540.45,4544.2,466,
2024-06-10 14:48:00+05:30,4543.7,4548,4542,4546.7,881,
2024-06-10 14:49:00+05:30,4546.7,4548.45,4540.55,4544.85,1945,
2024-06-10 14:50:00+05:30,4544.85,4544.85,4540.05,4540.05,372,
2024-06-10 14:51:00+05:30,4540.1,4542.15,4540,4540.3,2170,
2024-06-10 14:52:00+05:30,4540.3,4543.65,4540,4542,497,
2024-06-10 14:53:00+05:30,4542,4543.45,4540.85,4540.85,377,
2024-06-10 14:54:00+05:30,4540.1,4543.5,4540,4542.6,851,
2024-06-10 14:55:00+05:30,4542.6,4543.5,4538.7,4543.5,971,
2024-06-10 14:56:00+05:30,4543.5,4544,4540.1,4541,596,
2024-06-10 14:57:00+05:30,4541,4543.7,4540,4540,375,
2024-06-10 14:58:00+05:30,4540,4541,4540,4540.9,334,
2024-06-10 14:59:00+05:30,4540.9,4543.7,4540.9,4541.7,455,
2024-06-10 15:00:00+05:30,4542.7,4544.75,4540,4543.85,1421,
2024-06-10 15:01:00+05:30,4543.85,4548.05,4542.55,4547.3,651,
2024-06-10 15:02:00+05:30,4547.2,4547.2,4545.1,4545.65,505,
2024-06-10 15:03:00+05:30,4545.65,4548,4545.65,4548,560,
2024-06-10 15:04:00+05:30,4547.65,4548.4,4545.9,4546.95,621,
2024-06-10 15:05:00+05:30,4546.95,4547.9,4540.5,4544.3,2106,
2024-06-10 15:06:00+05:30,4544.3,4544.9,4538.1,4542.95,1267,
2024-06-10 15:07:00+05:30,4542.8,4542.95,4541.3,4542.75,528,
2024-06-10 15:08:00+05:30,4542.7,4543,4540,4540.15,1199,
2024-06-10 15:09:00+05:30,4540.15,4542,4540.15,4540.55,561,
2024-06-10 15:10:00+05:30,4540.55,4542,4540.55,4541.15,526,
2024-06-10 15:11:00+05:30,4541.15,4543.15,4537.2,4543.15,3554,
2024-06-10 15:12:00+05:30,4543.45,4544.6,4540,4541.05,1923,
2024-06-10 15:13:00+05:30,4541.05,4541.05,4539.9,4540,2185,
2024-06-10 15:14:00+05:30,4540.1,4544,4540,4543.45,2568,
2024-06-10 15:15:00+05:30,4543.45,4545,4540.9,4545,1108,
2024-06-10 15:16:00+05:30,4544.95,4545,4540,4544.5,1653,
2024-06-10 15:17:00+05:30,4543,4543,4540,4540,835,
2024-06-10 15:18:00+05:30,4540,4541.4,4537.25,4540.45,2996,
2024-06-10 15:19:00+05:30,4540.45,4541.15,4540,4540,1527,
2024-06-10 15:20:00+05:30,4541.2,4541.35,4537,4540,2611,
2024-06-10 15:21:00+05:30,4540,4540.25,4538.05,4540,2965,
2024-06-10 15:22:00+05:30,4540,4541.05,4540,4540.45,2367,
2024-06-10 15:23:00+05:30,4540.45,4540.45,4536.8,4536.8,5002,
2024-06-10 15:24:00+05:30,4535.6,4537.05,4524.9,4530,32305,
2024-06-10 15:25:00+05:30,4530,4530.25,4529.7,4530,15197,
2024-06-10 15:26:00+05:30,4530,4536.65,4529.95,4535,3396,
2024-06-10 15:27:00+05:30,4536.6,4540.15,4535.1,4540,3981,
2024-06-10 15:28:00+05:30,4540.15,4542,4529.5,4538.4,1938,
2024-06-10 15:29:00+05:30,4538.4,4545,4526.45,4544,3319,
2024-06-11 09:15:00+05:30,4560,4574,4553,4559.85,3029,
2024-06-11 09:16:00+05:30,4561.95,4561.95,4550.1,4554.95,1011,
2024-06-11 09:17:00+05:30,4555.6,4562.95,4549,4558.35,1885,
2024-06-11 09:18:00+05:30,4554.9,4560.85,4552.15,4555.7,1079,
2024-06-11 09:19:00+05:30,4555.7,4566.6,4552,4553.1,1758,
2024-06-11 09:20:00+05:30,4555.45,4564.1,4552.35,4560.05,2050,
2024-06-11 09:21:00+05:30,4560.15,4573,4560.15,4571.75,1912,
2024-06-11 09:22:00+05:30,4568.85,4579,4567.6,4579,626,
2024-06-11 09:23:00+05:30,4578.05,4585,4576,4579.05,2827,
2024-06-11 09:24:00+05:30,4582.35,4582.35,4573,4574.6,2832,
2024-06-11 09:25:00+05:30,4573.75,4578,4570.45,4577.95,936,
2024-06-11 09:26:00+05:30,4575.35,4578,4565.4,4565.5,1511,
2024-06-11 09:27:00+05:30,4569.9,4569.9,4557.7,4558.65,1576,
2024-06-11 09:28:00+05:30,4558.6,4560,4554.75,4559.6,1404,
2024-06-11 09:29:00+05:30,4557.15,4567.4,4557.15,4561.4,422,
2024-06-11 09:30:00+05:30,4561.4,4562.45,4554.6,4559,612,
2024-06-11 09:31:00+05:30,4556.8,4556.8,4548.8,4549,919,
2024-06-11 09:32:00+05:30,4548.8,4548.95,4543.05,4545.7,1137,
2024-06-11 09:33:00+05:30,4545.7,4548,4545,4546,749,
2024-06-11 09:34:00+05:30,4546,4556,4546,4551.65,1527,
2024-06-11 09:35:00+05:30,4552.7,4552.95,4546,4546,655,
2024-06-11 09:36:00+05:30,4546,4552,4545.05,4550.45,234,
2024-06-11 09:37:00+05:30,4550.45,4559.95,4548.5,4554.1,2123,
2024-06-11 09:38:00+05:30,4554.1,4554.1,4546.3,4550,324,
2024-06-11 09:39:00+05:30,4550,4553,4548.2,4548.75,244,
2024-06-11 09:40:00+05:30,4548.75,4551,4548.55,4549.45,241,
2024-06-11 09:41:00+05:30,4549.45,4550,4548.55,4548.65,122,
2024-06-11 09:42:00+05:30,4550,4551,4548.5,4549.4,191,
2024-06-11 09:43:00+05:30,4549.4,4549.6,4548,4548,424,
2024-06-11 09:44:00+05:30,4548,4551.15,4543.1,4551,1852,
2024-06-11 09:45:00+05:30,4550.95,4551.95,4546,4546,395,
2024-06-11 09:46:00+05:30,4546,4548.45,4543.95,4545.75,273,
2024-06-11 09:47:00+05:30,4544.6,4547.45,4544.55,4544.55,848,
2024-06-11 09:48:00+05:30,4544.55,4545.85,4544.55,4545.85,73,
2024-06-11 09:49:00+05:30,4545.85,4547.95,4544.55,4546.3,137,
2024-06-11 09:50:00+05:30,4546.25,4549.6,4544,4547.5,919,
2024-06-11 09:51:00+05:30,4546.7,4560,4546,4560,2013,
2024-06-11 09:52:00+05:30,4558.75,4566.2,4558.75,4564.7,1284,
2024-06-11 09:53:00+05:30,4564.7,4569.65,4564.25,4564.25,1584,
2024-06-11 09:54:00+05:30,4564.25,4564.95,4555.05,4564.95,2353,
2024-06-11 09:55:00+05:30,4562.5,4564.9,4557.5,4558.6,711,
2024-06-11 09:56:00+05:30,4558.6,4564.4,4558.55,4558.55,110,
2024-06-11 09:57:00+05:30,4558.6,4559.6,4550.1,4552.3,984,
2024-06-11 09:58:00+05:30,4552.3,4554.85,4550,4550.25,196,
2024-06-11 09:59:00+05:30,4550.25,4550.85,4545.1,4547.8,682,
2024-06-11 10:00:00+05:30,4545.15,4548,4542,4546.65,879,
2024-06-11 10:01:00+05:30,4546.5,4546.5,4543.1,4543.9,311,
2024-06-11 10:02:00+05:30,4544.95,4547.95,4541.5,4547.95,1167,
2024-06-11 10:03:00+05:30,4547.95,4553.65,4545,4551.35,403,
2024-06-11 10:04:00+05:30,4553.65,4554.45,4548.3,4548.3,454,
2024-06-11 10:05:00+05:30,4548.5,4552.1,4545,4551.95,380,
2024-06-11 10:06:00+05:30,4551.95,4552.55,4546.05,4547.65,473,
2024-06-11 10:07:00+05:30,4547.65,4550,4547.65,4549.95,97,
2024-06-11 10:08:00+05:30,4549.95,4550,4546.5,4546.75,138,
2024-06-11 10:09:00+05:30,4546.75,4548.15,4546,4548.15,138,
2024-06-11 10:10:00+05:30,4548.15,4548.15,4544,4547.75,1038,
2024-06-11 10:11:00+05:30,4547.55,4547.55,4544.25,4545,541,
2024-06-11 10:12:00+05:30,4545.85,4550,4545.85,4549.2,195,
2024-06-11 10:13:00+05:30,4549.2,4550.5,4546.65,4550.5,466,
2024-06-11 10:14:00+05:30,4550.05,4556.5,4550.05,4556.5,511,
2024-06-11 10:15:00+05:30,4556.5,4561.75,4556.05,4560,529,
2024-06-11 10:16:00+05:30,4560,4561.7,4555.5,4556.95,213,
2024-06-11 10:17:00+05:30,4555.5,4556.9,4553,4554.05,240,
2024-06-11 10:18:00+05:30,4554.05,4554.05,4552.4,4552.55,132,
2024-06-11 10:19:00+05:30,4553.45,4553.95,4552.55,4552.6,51,
2024-06-11 10:20:00+05:30,4553.95,4554.35,4552.6,4553.95,23,
2024-06-11 10:21:00+05:30,4553.95,4561.4,4553.95,4561.4,559,
2024-06-11 10:22:00+05:30,4561.8,4566.2,4560.75,4562.9,1089,
2024-06-11 10:23:00+05:30,4562.9,4565.2,4560,4562.95,261,
2024-06-11 10:24:00+05:30,4562.95,4563.7,4560,4563,608,
2024-06-11 10:25:00+05:30,4563,4570,4563,4569.45,1380,
2024-06-11 10:26:00+05:30,4569.65,4570,4566.75,4566.75,192,
2024-06-11 10:27:00+05:30,4564,4566.2,4564,4565.75,291,
2024-06-11 10:28:00+05:30,4565.75,4566.1,4562.6,4564.75,526,
2024-06-11 10:29:00+05:30,4564.75,4564.8,4559.6,4559.6,130,
2024-06-11 10:30:00+05:30,4560,4564.5,4559.2,4564.5,613,
2024-06-11 10:31:00+05:30,4564.6,4565.15,4562.55,4562.55,76,
2024-06-11 10:32:00+05:30,4562.55,4564.85,4562.55,4564.45,54,
2024-06-11 10:33:00+05:30,4564.45,4564.45,4562.65,4562.65,218,
2024-06-11 10:34:00+05:30,4562.65,4564,4556.2,4556.75,932,
2024-06-11 10:35:00+05:30,4556.75,4558.75,4555.5,4555.55,274,
2024-06-11 10:36:00+05:30,4555.55,4558.8,4555.5,4558.4,358,
2024-06-11 10:37:00+05:30,4558.4,4564,4556.95,4564,1017,
2024-06-11 10:38:00+05:30,4564,4567,4562.5,4567,529,
2024-06-11 10:39:00+05:30,4567,4568.3,4565.35,4568.3,241,
2024-06-11 10:40:00+05:30,4568.3,4569.3,4566,4566,320,
2024-06-11 10:41:00+05:30,4566,4569.2,4565,4566.05,136,
2024-06-11 10:42:00+05:30,4566.05,4566.05,4562.05,4564.4,131,
2024-06-11 10:43:00+05:30,4564.4,4564.4,4560,4562.05,96,
2024-06-11 10:44:00+05:30,4560.05,4562,4560,4560.2,159,
2024-06-11 10:45:00+05:30,4560.2,4565,4560.05,4560.05,467,
2024-06-11 10:46:00+05:30,4560.1,4562.35,4560,4560,60,
2024-06-11 10:47:00+05:30,4560,4564.9,4560,4564.9,289,
2024-06-11 10:48:00+05:30,4564.9,4564.9,4561.6,4564.45,271,
2024-06-11 10:49:00+05:30,4564.45,4566,4563.75,4564.45,100,
2024-06-11 10:50:00+05:30,4564.45,4565.95,4562,4564.45,163,
2024-06-11 10:51:00+05:30,4563.8,4563.95,4561.75,4561.9,115,
2024-06-11 10:52:00+05:30,4561.75,4563.35,4560.15,4562.85,119,
2024-06-11 10:53:00+05:30,4561.9,4563,4561.9,4562,11,
2024-06-11 10:54:00+05:30,4562,4567.4,4562,4567.4,2031,
2024-06-11 10:55:00+05:30,4564.65,4566.8,4564.65,4564.65,93,
2024-06-11 10:56:00+05:30,4566.45,4568.95,4564.65,4565.25,33,
2024-06-11 10:57:00+05:30,4567.1,4567.6,4564.8,4566.95,257,
2024-06-11 10:58:00+05:30,4566.95,4569.45,4565.25,4566.35,442,
2024-06-11 10:59:00+05:30,4566.35,4567,4564.55,4564.65,194,
2024-06-11 11:00:00+05:30,4564.65,4566.4,4564.65,4566.4,34,
2024-06-11 11:01:00+05:30,4566.4,4567,4564.7,4564.7,219,
2024-06-11 11:02:00+05:30,4564.7,4567,4560.05,4562.8,353,
2024-06-11 11:03:00+05:30,4562.8,4562.8,4558,4558,3130,
2024-06-11 11:04:00+05:30,4558,4559.65,4558,4559.65,395,
2024-06-11 11:05:00+05:30,4559.65,4560,4558,4558.25,179,
2024-06-11 11:06:00+05:30,4558.25,4559.95,4556.6,4556.9,176,
2024-06-11 11:07:00+05:30,4556.9,4558,4554.55,4556.75,290,
2024-06-11 11:08:00+05:30,4556.75,4556.75,4554.5,4555,203,
2024-06-11 11:09:00+05:30,4555.85,4564.8,4555,4562.4,699,
2024-06-11 11:10:00+05:30,4562.4,4570,4562.4,4568.8,1320,
2024-06-11 11:11:00+05:30,4570,4570,4568,4569.8,720,
2024-06-11 11:12:00+05:30,4568,4568,4559.05,4561.85,331,
2024-06-11 11:13:00+05:30,4559.1,4561.8,4559.1,4561.6,105,
2024-06-11 11:14:00+05:30,4561.6,4561.6,4556.6,4559.1,90,
2024-06-11 11:15:00+05:30,4559.1,4559.1,4556.05,4556.6,59,
2024-06-11 11:16:00+05:30,4558.3,4558.3,4548.6,4548.6,1201,
2024-06-11 11:17:00+05:30,4549.9,4549.9,4546.5,4549.2,454,
2024-06-11 11:18:00+05:30,4547.1,4549.55,4546.9,4549,435,
2024-06-11 11:19:00+05:30,4549,4549,4545.7,4545.7,195,
2024-06-11 11:20:00+05:30,4545.7,4549.25,4544,4548.7,699,
2024-06-11 11:21:00+05:30,4547.95,4549.05,4544,4545,2462,
2024-06-11 11:22:00+05:30,4545.05,4550.7,4545.05,4550,301,
2024-06-11 11:23:00+05:30,4550,4551.7,4547.5,4551.7,68,
2024-06-11 11:24:00+05:30,4551.7,4555,4550.65,4554.05,224,
2024-06-11 11:25:00+05:30,4554.05,4554.05,4550.65,4551.75,134,
2024-06-11 11:26:00+05:30,4551.75,4552.7,4546,4546,151,
2024-06-11 11:27:00+05:30,4546,4548.15,4545,4546.7,197,
2024-06-11 11:28:00+05:30,4546.05,4546.7,4545,4546.7,167,
2024-06-11 11:29:00+05:30,4546.7,4546.7,4544,4544,89,
2024-06-11 11:30:00+05:30,4544,4546.95,4544,4545.9,129,
2024-06-11 11:31:00+05:30,4545.9,4545.95,4544,4544,309,
2024-06-11 11:32:00+05:30,4544,4548.2,4544,4547.75,169,
2024-06-11 11:33:00+05:30,4546,4546,4543.95,4545.4,2510,
2024-06-11 11:34:00+05:30,4544.55,4545.9,4544,4544,302,
2024-06-11 11:35:00+05:30,4544,4545.65,4544,4544,147,
2024-06-11 11:36:00+05:30,4544,4545.8,4544,4544,189,
2024-06-11 11:37:00+05:30,4544,4549.95,4544,4549.9,1023,
2024-06-11 11:38:00+05:30,4546.55,4546.55,4541.45,4545.3,5684,
2024-06-11 11:39:00+05:30,4545.3,4545.3,4544,4544,343,
2024-06-11 11:40:00+05:30,4544,4544.55,4544,4544,395,
2024-06-11 11:41:00+05:30,4544.5,4544.7,4544,4544.6,421,
2024-06-11 11:42:00+05:30,4544.6,4544.95,4533.65,4533.65,7703,
2024-06-11 11:43:00+05:30,4535,4537,4535,4537,75,
2024-06-11 11:44:00+05:30,4537,4540,4536.65,4540,78,
2024-06-11 11:45:00+05:30,4540,4542,4538.9,4542,2196,
2024-06-11 11:46:00+05:30,4541.1,4542,4539.2,4540.3,512,
2024-06-11 11:47:00+05:30,4540.3,4541.95,4539.6,4540.3,72,
2024-06-11 11:48:00+05:30,4540.3,4540.3,4536.65,4539.55,380,
2024-06-11 11:49:00+05:30,4539.55,4540.15,4538.9,4540,80,
2024-06-11 11:50:00+05:30,4540,4542,4538.9,4542,237,
2024-06-11 11:51:00+05:30,4542,4542,4540.05,4540.15,70,
2024-06-11 11:52:00+05:30,4540.15,4545,4540,4542.6,969,
2024-06-11 11:53:00+05:30,4544.45,4544.45,4541.1,4544.4,223,
2024-06-11 11:54:00+05:30,4544.4,4544.4,4541,4542,174,
2024-06-11 11:55:00+05:30,4542,4542,4541,4542,157,
2024-06-11 11:56:00+05:30,4542,4542,4541,4542,78,
2024-06-11 11:57:00+05:30,4542,4542,4541,4541,13,
2024-06-11 11:58:00+05:30,4542,4542,4540.05,4541.45,149,
2024-06-11 11:59:00+05:30,4541.45,4542.9,4540.2,4542.9,171,
2024-06-11 12:00:00+05:30,4541.45,4542.95,4541.45,4542.7,34,
2024-06-11 12:01:00+05:30,4542.7,4542.95,4540,4540,97,
2024-06-11 12:02:00+05:30,4540,4542.3,4540,4542.3,65,
2024-06-11 12:03:00+05:30,4542.3,4542.3,4540.3,4540.5,106,
2024-06-11 12:04:00+05:30,4540.5,4541.1,4534.5,4534.5,328,
2024-06-11 12:05:00+05:30,4534.5,4537.45,4533,4535.05,805,
2024-06-11 12:06:00+05:30,4537,4537.6,4535.2,4537,110,
2024-06-11 12:07:00+05:30,4537,4540.5,4537,4537.8,313,
2024-06-11 12:08:00+05:30,4540.2,4543.45,4537.8,4543.4,155,
2024-06-11 12:09:00+05:30,4543.4,4543.45,4541.4,4542.95,27,
2024-06-11 12:10:00+05:30,4542.95,4544,4541.4,4541.55,43,
2024-06-11 12:11:00+05:30,4541.55,4544.55,4540.5,4542.6,115,
2024-06-11 12:12:00+05:30,4542.6,4542.75,4539.45,4542.65,125,
2024-06-11 12:13:00+05:30,4542.65,4542.85,4539.9,4542.85,45,
2024-06-11 12:14:00+05:30,4542.85,4544.15,4539.65,4539.65,157,
2024-06-11 12:15:00+05:30,4539.65,4541.95,4539.65,4540,63,
2024-06-11 12:16:00+05:30,4540,4540.45,4539,4539,146,
2024-06-11 12:17:00+05:30,4539,4540.45,4537.6,4538.85,84,
2024-06-11 12:18:00+05:30,4538.85,4540,4537.95,4537.95,26,
2024-06-11 12:19:00+05:30,4537.95,4538.85,4536.05,4538,151,
2024-06-11 12:20:00+05:30,4538,4538,4535.15,4536.7,15,
2024-06-11 12:21:00+05:30,4536,4537.55,4535,4536.3,133,
2024-06-11 12:22:00+05:30,4536.3,4538,4535,4538,88,
2024-06-11 12:23:00+05:30,4538,4540.75,4536.65,4540.75,60,
2024-06-11 12:24:00+05:30,4540.75,4541.7,4538.45,4539.5,14,
2024-06-11 12:25:00+05:30,4539.5,4541.75,4536,4540.45,88,
2024-06-11 12:26:00+05:30,4540.45,4542.9,4537.8,4542.75,114,
2024-06-11 12:27:00+05:30,4542.75,4542.75,4537.15,4538.65,2033,
2024-06-11 12:28:00+05:30,4538.65,4542,4537.5,4539.3,1219,
2024-06-11 12:29:00+05:30,4539.3,4540.4,4537.1,4538.4,55,
2024-06-11 12:30:00+05:30,4538.4,4538.4,4533.65,4533.65,1075,
2024-06-11 12:31:00+05:30,4533.65,4535.35,4533,4534.5,409,
2024-06-11 12:32:00+05:30,4533.8,4533.8,4532.7,4532.7,652,
2024-06-11 12:33:00+05:30,4533.3,4535.15,4532.1,4534,269,
2024-06-11 12:34:00+05:30,4534,4535.75,4532.1,4532.1,307,
2024-06-11 12:35:00+05:30,4533.65,4535.15,4532.1,4533.6,72,
2024-06-11 12:36:00+05:30,4533.6,4533.95,4532,4532,74,
2024-06-11 12:37:00+05:30,4532,4537,4532,4537,125,
2024-06-11 12:38:00+05:30,4537,4537,4532,4534.3,601,
2024-06-11 12:39:00+05:30,4534.3,4538.2,4533.8,4538.2,1260,
2024-06-11 12:40:00+05:30,4538.2,4538.85,4532.1,4536.45,1370,
2024-06-11 12:41:00+05:30,4536.45,4536.45,4534.55,4536,55,
2024-06-11 12:42:00+05:30,4536,4536.35,4536,4536.35,16,
2024-06-11 12:43:00+05:30,4536.35,4536.35,4536,4536,153,
2024-06-11 12:44:00+05:30,4536,4538.75,4536,4536.45,215,
2024-06-11 12:45:00+05:30,4536.45,4538.9,4536.45,4538.9,654,
2024-06-11 12:46:00+05:30,4538.9,4539.9,4537,4539.9,160,
2024-06-11 12:47:00+05:30,4539.9,4540,4538.05,4539.9,149,
2024-06-11 12:48:00+05:30,4539.9,4539.9,4538,4538.9,169,
2024-06-11 12:49:00+05:30,4538.9,4542.1,4538.15,4540,3901,
2024-06-11 12:50:00+05:30,4540,4542.7,4539.1,4541.2,209,
2024-06-11 12:51:00+05:30,4541.2,4542.7,4539.9,4542.7,215,
2024-06-11 12:52:00+05:30,4542.7,4542.7,4540.55,4541.1,309,
2024-06-11 12:53:00+05:30,4541.1,4541.3,4538.65,4538.65,152,
2024-06-11 12:54:00+05:30,4538.65,4538.65,4537,4537,157,
2024-06-11 12:55:00+05:30,4537,4538,4537,4537.6,55,
2024-06-11 12:56:00+05:30,4537.1,4538.35,4537,4537.3,127,
2024-06-11 12:57:00+05:30,4537.3,4539.65,4533.8,4533.8,181,
2024-06-11 12:58:00+05:30,4533.8,4535.9,4532.95,4534.7,141,
2024-06-11 12:59:00+05:30,4534.7,4535.35,4530.25,4532.25,416,
2024-06-11 13:00:00+05:30,4530.55,4532.5,4530.25,4532.05,126,
2024-06-11 13:01:00+05:30,4532.05,4535.1,4532.05,4533.1,54,
2024-06-11 13:02:00+05:30,4533.1,4533.25,4533.1,4533.25,22,
2024-06-11 13:03:00+05:30,4533.25,4534,4533.25,4533.7,24,
2024-06-11 13:04:00+05:30,4533.7,4534.75,4533.05,4534.15,83,
2024-06-11 13:05:00+05:30,4534.15,4535.1,4531.3,4532.05,165,
2024-06-11 13:06:00+05:30,4532.05,4538.15,4532.05,4537.6,690,
2024-06-11 13:07:00+05:30,4537.6,4537.9,4535.55,4537.85,63,
2024-06-11 13:08:00+05:30,4537.85,4539.7,4535,4537.15,358,
2024-06-11 13:09:00+05:30,4537.15,4538.4,4536.6,4537.05,10,
2024-06-11 13:10:00+05:30,4537.05,4537.25,4536.6,4537.05,19,
2024-06-11 13:11:00+05:30,4537.05,4537.05,4535.5,4535.6,238,
2024-06-11 13:12:00+05:30,4535.6,4535.6,4533.8,4535.4,315,
2024-06-11 13:13:00+05:30,4535.4,4535.4,4532.6,4533.5,247,
2024-06-11 13:14:00+05:30,4534.2,4534.2,4531.3,4531.35,137,
2024-06-11 13:15:00+05:30,4531.35,4531.65,4530.45,4531.15,86,
2024-06-11 13:16:00+05:30,4531.15,4531.3,4530,4531.3,186,
2024-06-11 13:17:00+05:30,4531.3,4531.3,4526.55,4530.3,1007,
2024-06-11 13:18:00+05:30,4531,4532.35,4529.25,4531.35,355,
2024-06-11 13:19:00+05:30,4531.35,4532.45,4529.3,4532.45,81,
2024-06-11 13:20:00+05:30,4532.5,4532.5,4529,4529.9,187,
2024-06-11 13:21:00+05:30,4529.9,4532.5,4528.9,4531.15,232,
2024-06-11 13:22:00+05:30,4531.15,4532.35,4530.6,4530.7,86,
2024-06-11 13:23:00+05:30,4530.7,4530.7,4528.15,4528.15,286,
2024-06-11 13:24:00+05:30,4528.15,4528.65,4527.2,4527.2,195,
2024-06-11 13:25:00+05:30,4527.2,4532.2,4527.2,4532.2,432,
2024-06-11 13:26:00+05:30,4532.2,4536.55,4530.8,4533.95,429,
2024-06-11 13:27:00+05:30,4534.25,4536.05,4534.25,4534.45,249,
2024-06-11 13:28:00+05:30,4534.45,4538,4534.05,4538,246,
2024-06-11 13:29:00+05:30,4538,4538.95,4534.9,4537,356,
2024-06-11 13:30:00+05:30,4537,4537,4535,4536.9,77,
2024-06-11 13:31:00+05:30,4536.9,4536.9,4532.95,4533.15,251,
2024-06-11 13:32:00+05:30,4532.1,4535.05,4531.3,4535.05,337,
2024-06-11 13:33:00+05:30,4536.45,4538.95,4532.95,4538.95,425,
2024-06-11 13:34:00+05:30,4538.95,4539,4530,4530.5,3703,
2024-06-11 13:35:00+05:30,4530.5,4534,4530.5,4532.8,329,
2024-06-11 13:36:00+05:30,4532.8,4533,4530.5,4531.75,28,
2024-06-11 13:37:00+05:30,4531.75,4531.95,4530,4530,59,
2024-06-11 13:38:00+05:30,4530,4530,4526.7,4526.85,252,
2024-06-11 13:39:00+05:30,4526.85,4528.8,4526.25,4528.8,278,
2024-06-11 13:40:00+05:30,4528.8,4530.5,4527.05,4530.5,34,
2024-06-11 13:41:00+05:30,4530.5,4531.45,4527,4528.25,417,
2024-06-11 13:42:00+05:30,4528.25,4528.25,4526.25,4526.25,178,
2024-06-11 13:43:00+05:30,4526.25,4528.25,4526,4528.25,202,
2024-06-11 13:44:00+05:30,4528.25,4531.6,4528,4531.6,218,
2024-06-11 13:45:00+05:30,4531.6,4531.95,4528.7,4530.65,35,
2024-06-11 13:46:00+05:30,4530.65,4532,4526.2,4528,290,
2024-06-11 13:47:00+05:30,4527.7,4529.7,4527.55,4528.4,59,
2024-06-11 13:48:00+05:30,4528.4,4529.7,4527.55,4527.55,18,
2024-06-11 13:49:00+05:30,4528.35,4530,4528.1,4528.85,201,
2024-06-11 13:50:00+05:30,4528.85,4530.05,4528.1,4528.1,193,
2024-06-11 13:51:00+05:30,4528.1,4528.25,4526.5,4526.8,79,
2024-06-11 13:52:00+05:30,4526.8,4526.8,4526,4526.8,83,
2024-06-11 13:53:00+05:30,4526.8,4526.8,4525.75,4525.75,105,
2024-06-11 13:54:00+05:30,4526,4526.4,4525.75,4525.75,81,
2024-06-11 13:55:00+05:30,4525.75,4526.5,4525.75,4526,169,
2024-06-11 13:56:00+05:30,4525.8,4526,4521.45,4522.15,692,
2024-06-11 13:57:00+05:30,4522.15,4524,4520.8,4522.75,814,
2024-06-11 13:58:00+05:30,4522.75,4523.95,4522.35,4522.4,69,
2024-06-11 13:59:00+05:30,4522.4,4523.1,4514,4514,5250,
2024-06-11 14:00:00+05:30,4515,4515.35,4511.75,4512.05,754,
2024-06-11 14:01:00+05:30,4512.05,4516.05,4510.5,4514.75,741,
2024-06-11 14:02:00+05:30,4514.75,4515.4,4510,4510,391,
2024-06-11 14:03:00+05:30,4510,4516.5,4510,4516.5,431,
2024-06-11 14:04:00+05:30,4516.35,4516.5,4514,4514,52,
2024-06-11 14:05:00+05:30,4514,4515,4514,4514.25,25,
2024-06-11 14:06:00+05:30,4514.25,4514.3,4513,4513.5,32,
2024-06-11 14:07:00+05:30,4513.5,4514.95,4511.8,4514,128,
2024-06-11 14:08:00+05:30,4514,4514,4511.65,4513.6,225,
2024-06-11 14:09:00+05:30,4511.5,4513.65,4511.5,4513.65,70,
2024-06-11 14:10:00+05:30,4513.65,4513.95,4510.55,4510.55,425,
2024-06-11 14:11:00+05:30,4510.55,4510.95,4510,4510.7,108,
2024-06-11 14:12:00+05:30,4510.95,4514.35,4510.95,4511.45,928,
2024-06-11 14:13:00+05:30,4511.45,4511.85,4510,4511.35,125,
2024-06-11 14:14:00+05:30,4511.85,4515,4511.5,4514.85,116,
2024-06-11 14:15:00+05:30,4514,4514.8,4510.7,4512.95,229,
2024-06-11 14:16:00+05:30,4512.95,4512.95,4511,4511.55,74,
2024-06-11 14:17:00+05:30,4511.55,4515,4511.55,4514.25,196,
2024-06-11 14:18:00+05:30,4514.25,4514.25,4510,4511,947,
2024-06-11 14:19:00+05:30,4507.25,4508.3,4503.8,4506.15,1181,
2024-06-11 14:20:00+05:30,4506.15,4506.85,4502.15,4504.9,729,
2024-06-11 14:21:00+05:30,4504.9,4504.9,4502,4504.9,169,
2024-06-11 14:22:00+05:30,4504.9,4507.65,4503,4505.55,331,
2024-06-11 14:23:00+05:30,4506,4510,4505.1,4507.6,534,
2024-06-11 14:24:00+05:30,4508.85,4508.85,4506.45,4507.05,243,
2024-06-11 14:25:00+05:30,4507.05,4509.2,4507.05,4509,183,
2024-06-11 14:26:00+05:30,4509,4509,4504.65,4507.65,338,
2024-06-11 14:27:00+05:30,4506.3,4508.3,4504.8,4508.3,167,
2024-06-11 14:28:00+05:30,4508.3,4509,4506.55,4509,30,
2024-06-11 14:29:00+05:30,4509,4517.4,4507.65,4517.4,841,
2024-06-11 14:30:00+05:30,4517.4,4517.4,4512.2,4513.75,720,
2024-06-11 14:31:00+05:30,4513.75,4519,4513.75,4517,428,
2024-06-11 14:32:00+05:30,4517,4519,4514.1,4517.55,555,
2024-06-11 14:33:00+05:30,4517.55,4518.15,4513.75,4515.85,413,
2024-06-11 14:34:00+05:30,4515.85,4515.85,4511.65,4513.5,121,
2024-06-11 14:35:00+05:30,4513.8,4518.1,4511.8,4516.4,94,
2024-06-11 14:36:00+05:30,4516.4,4517.9,4514.05,4516.95,92,
2024-06-11 14:37:00+05:30,4516.95,4517.55,4507.05,4512.05,3044,
2024-06-11 14:38:00+05:30,4514.45,4514.45,4511,4513.9,35,
2024-06-11 14:39:00+05:30,4513.9,4513.9,4511,4512.2,45,
2024-06-11 14:40:00+05:30,4512.2,4512.2,4510,4511,59,
2024-06-11 14:41:00+05:30,4511,4513.3,4510.1,4510.6,180,
2024-06-11 14:42:00+05:30,4510.6,4512.25,4509.25,4510.1,148,
2024-06-11 14:43:00+05:30,4512.3,4512.35,4510,4510,153,
2024-06-11 14:44:00+05:30,4510,4511.75,4509,4509,73,
2024-06-11 14:45:00+05:30,4509,4509.5,4507.05,4507.05,125,
2024-06-11 14:46:00+05:30,4507.05,4508,4503.05,4507.6,1330,
2024-06-11 14:47:00+05:30,4507.6,4507.6,4504.3,4506.65,122,
2024-06-11 14:48:00+05:30,4506.65,4506.65,4504.8,4506.65,66,
2024-06-11 14:49:00+05:30,4506.65,4508,4504.35,4507.3,758,
2024-06-11 14:50:00+05:30,4507.3,4508.85,4504.7,4508.85,440,
2024-06-11 14:51:00+05:30,4508.85,4509.95,4507.05,4509.95,32,
2024-06-11 14:52:00+05:30,4509.95,4509.95,4505.25,4506.55,79,
2024-06-11 14:53:00+05:30,4506.55,4508.4,4506.55,4506.85,173,
2024-06-11 14:54:00+05:30,4506.85,4508,4506.55,4508,40,
2024-06-11 14:55:00+05:30,4508,4508,4506.55,4506.55,60,
2024-06-11 14:56:00+05:30,4506,4508,4505,4506.05,353,
2024-06-11 14:57:00+05:30,4506.05,4507.95,4506.05,4506.9,163,
2024-06-11 14:58:00+05:30,4506.1,4507,4503.35,4505.5,275,
2024-06-11 14:59:00+05:30,4506.2,4506.2,4503.35,4505,384,
2024-06-11 15:00:00+05:30,4503.2,4505.7,4501.7,4501.7,1090,
2024-06-11 15:01:00+05:30,4500,4500,4486.25,4487.35,3172,
2024-06-11 15:02:00+05:30,4487.35,4490.95,4486.45,4488.55,1692,
2024-06-11 15:03:00+05:30,4488.55,4489,4475,4475.2,13256,
2024-06-11 15:04:00+05:30,4474.5,4480.25,4470,4478.5,7689,
2024-06-11 15:05:00+05:30,4478.5,4480.4,4475,4479.5,4836,
2024-06-11 15:06:00+05:30,4479.5,4483.3,4478,4479.35,3089,
2024-06-11 15:07:00+05:30,4479.35,4485.3,4478.8,4482.8,1729,
2024-06-11 15:08:00+05:30,4482.8,4482.8,4480.5,4481.5,1368,
2024-06-11 15:09:00+05:30,4481.5,4483.35,4479.5,4481,2205,
2024-06-11 15:10:00+05:30,4481.85,4484.55,4481.85,4483.6,2777,
2024-06-11 15:11:00+05:30,4483.6,4485.95,4481.25,4483.15,1756,
2024-06-11 15:12:00+05:30,4483.15,4483.15,4476.3,4478.5,2227,
2024-06-11 15:13:00+05:30,4478.45,4478.5,4472.8,4472.85,1584,
2024-06-11 15:14:00+05:30,4472.6,4478.05,4472.25,4474.1,3304,
2024-06-11 15:15:00+05:30,4474.1,4474.75,4471.7,4471.7,1648,
2024-06-11 15:16:00+05:30,4471.7,4472.25,4467.95,4469.95,1798,
2024-06-11 15:17:00+05:30,4468.9,4469.85,4466.65,4469.45,2440,
2024-06-11 15:18:00+05:30,4469.45,4471.1,4469.45,4471.05,2852,
2024-06-11 15:19:00+05:30,4471,4471.2,4462.55,4464.6,2135,
2024-06-11 15:20:00+05:30,4462.8,4470.05,4462.3,4462.85,4399,
2024-06-11 15:21:00+05:30,4463.95,4469.3,4462.8,4468.45,3118,
2024-06-11 15:22:00+05:30,4468.45,4469.4,4466.1,4467.4,1250,
2024-06-11 15:23:00+05:30,4466.55,4467.9,4463.4,4464.6,2910,
2024-06-11 15:24:00+05:30,4464.6,4465.35,4463.6,4465.2,4279,
2024-06-11 15:25:00+05:30,4465.35,4468.75,4463.65,4467.3,3109,
2024-06-11 15:26:00+05:30,4467.3,4467.95,4464.05,4464.55,2734,
2024-06-11 15:27:00+05:30,4466.85,4472.8,4465.1,4469.65,1089,
2024-06-11 15:28:00+05:30,4469.7,4483.4,4469.7,4475.8,1696,
2024-06-11 15:29:00+05:30,4475,4478.95,4468,4478.75,622,
2024-06-12 09:15:00+05:30,4504,4504,4466,4494.4,4981,
2024-06-12 09:16:00+05:30,4496.05,4504.45,4488.45,4500.55,3121,
2024-06-12 09:17:00+05:30,4504.9,4512.15,4496,4496.1,3379,
2024-06-12 09:18:00+05:30,4496.1,4501.55,4492.45,4497.05,2598,
2024-06-12 09:19:00+05:30,4499.95,4509.95,4497.05,4509.95,1618,
2024-06-12 09:20:00+05:30,4509.95,4514.85,4508.3,4514.85,1148,
2024-06-12 09:21:00+05:30,4514.85,4515,4508,4512.55,1799,
2024-06-12 09:22:00+05:30,4512.55,4513.45,4508.15,4510,1962,
2024-06-12 09:23:00+05:30,4512.5,4514.75,4508.1,4509.05,1242,
2024-06-12 09:24:00+05:30,4509.05,4514.65,4509.05,4512,1202,
2024-06-12 09:25:00+05:30,4508,4512,4494.95,4500.55,1911,
2024-06-12 09:26:00+05:30,4498,4499.2,4490,4496.95,1586,
2024-06-12 09:27:00+05:30,4492.95,4496.95,4490,4493,1297,
2024-06-12 09:28:00+05:30,4494.8,4494.95,4489.6,4489.6,2195,
2024-06-12 09:29:00+05:30,4489.6,4500.9,4488.15,4498.2,1079,
2024-06-12 09:30:00+05:30,4498.2,4507,4495.85,4505.4,1811,
2024-06-12 09:31:00+05:30,4505.95,4507.35,4500.1,4501.5,1028,
2024-06-12 09:32:00+05:30,4501.5,4503.15,4500.25,4502.05,273,
2024-06-12 09:33:00+05:30,4501.8,4501.9,4497.7,4497.7,561,
2024-06-12 09:34:00+05:30,4497.7,4500.6,4497.7,4499.9,70,
2024-06-12 09:35:00+05:30,4497.9,4499.9,4494.5,4498.35,387,
2024-06-12 09:36:00+05:30,4498.35,4502.45,4497.25,4499.5,488,
2024-06-12 09:37:00+05:30,4500.45,4502.35,4499.05,4499.05,364,
2024-06-12 09:38:00+05:30,4499.05,4499.05,4492.35,4498.6,875,
2024-06-12 09:39:00+05:30,4498.6,4498.95,4496.75,4496.75,110,
2024-06-12 09:40:00+05:30,4496.75,4502.75,4496.75,4500.85,205,
2024-06-12 09:41:00+05:30,4500.85,4502.05,4497.05,4500.9,447,
2024-06-12 09:42:00+05:30,4500.9,4501.95,4499.4,4501.95,36,
2024-06-12 09:43:00+05:30,4501.95,4501.95,4495.7,4496.4,499,
2024-06-12 09:44:00+05:30,4496.4,4496.4,4494,4494,196,
2024-06-12 09:45:00+05:30,4495.4,4495.4,4486,4486.7,1262,
2024-06-12 09:46:00+05:30,4488.65,4492.4,4487.05,4490.05,855,
2024-06-12 09:47:00+05:30,4487,4494.2,4487,4494.2,493,
2024-06-12 09:48:00+05:30,4494.65,4494.9,4489.95,4492.35,1255,
2024-06-12 09:49:00+05:30,4492.25,4492.65,4490.3,4490.8,118,
2024-06-12 09:50:00+05:30,4490.8,4492,4490.5,4490.6,336,
2024-06-12 09:51:00+05:30,4490.6,4495,4490.6,4495,224,
2024-06-12 09:52:00+05:30,4493.55,4495,4490.65,4490.65,417,
2024-06-12 09:53:00+05:30,4490.65,4492,4486.5,4487.65,357,
2024-06-12 09:54:00+05:30,4487.65,4488.5,4482.05,4483,851,
2024-06-12 09:55:00+05:30,4483,4485,4471.15,4472.5,2981,
2024-06-12 09:56:00+05:30,4472.5,4484.3,4472.5,4483.75,890,
2024-06-12 09:57:00+05:30,4484.95,4487.95,4483.4,4483.45,1125,
2024-06-12 09:58:00+05:30,4483.45,4483.45,4476.75,4477.3,377,
2024-06-12 09:59:00+05:30,4477.3,4480.35,4477.3,4480.35,150,
2024-06-12 10:00:00+05:30,4480.35,4482.45,4480,4480.4,301,
2024-06-12 10:01:00+05:30,4480.4,4485.95,4480.4,4481.65,1339,
2024-06-12 10:02:00+05:30,4481.65,4482,4476.5,4477.7,469,
2024-06-12 10:03:00+05:30,4477.7,4477.7,4470.25,4470.3,817,
2024-06-12 10:04:00+05:30,4470.1,4470.3,4465.4,4467.55,1902,
2024-06-12 10:05:00+05:30,4467.55,4469.75,4464.95,4464.95,1040,
2024-06-12 10:06:00+05:30,4464.95,4466.2,4460.1,4464.95,1302,
2024-06-12 10:07:00+05:30,4465,4465.1,4453.55,4457.05,2921,
2024-06-12 10:08:00+05:30,4458.05,4463.7,4458.05,4461.55,1481,
2024-06-12 10:09:00+05:30,4461.55,4464.7,4459.55,4461.35,992,
2024-06-12 10:10:00+05:30,4461.35,4463.6,4459.65,4461.05,1116,
2024-06-12 10:11:00+05:30,4461.05,4463.9,4457.75,4463.5,723,
2024-06-12 10:12:00+05:30,4463.5,4463.9,4461.7,4463.9,286,
2024-06-12 10:13:00+05:30,4463.9,4468.4,4463,4467.2,630,
2024-06-12 10:14:00+05:30,4467.2,4467.6,4461.6,4461.95,842,
2024-06-12 10:15:00+05:30,4461.95,4463,4460.05,4460.1,407,
2024-06-12 10:16:00+05:30,4461.35,4461.35,4453,4454.65,1011,
2024-06-12 10:17:00+05:30,4455.6,4457.4,4453,4457.4,547,
2024-06-12 10:18:00+05:30,4455.55,4458.7,4455.55,4456.6,226,
2024-06-12 10:19:00+05:30,4456.6,4459.25,4456.6,4457.6,376,
2024-06-12 10:20:00+05:30,4457.6,4459,4457.6,4458.9,137,
2024-06-12 10:21:00+05:30,4458.9,4458.9,4453.05,4455.35,2294,
2024-06-12 10:22:00+05:30,4455.35,4456,4455,4456,479,
2024-06-12 10:23:00+05:30,4456,4459.9,4456,4459.15,385,
2024-06-12 10:24:00+05:30,4459.15,4459.15,4453.05,4453.1,559,
2024-06-12 10:25:00+05:30,4453,4454.1,4453,4454,267,
2024-06-12 10:26:00+05:30,4454,4454,4450.55,4451.95,1041,
2024-06-12 10:27:00+05:30,4451.3,4452.95,4451.2,4451.6,446,
2024-06-12 10:28:00+05:30,4453.05,4457.2,4452.05,4452.05,322,
2024-06-12 10:29:00+05:30,4452.05,4454.5,4447.9,4449.9,3807,
2024-06-12 10:30:00+05:30,4449.9,4451.65,4445.05,4447.25,514,
2024-06-12 10:31:00+05:30,4447.25,4448.5,4441.25,4442,1434,
2024-06-12 10:32:00+05:30,4441.2,4445.75,4436.1,4442.4,1137,
2024-06-12 10:33:00+05:30,4439.15,4441.2,4436,4438.7,1020,
2024-06-12 10:34:00+05:30,4438.7,4440.75,4438.7,4439.95,461,
2024-06-12 10:35:00+05:30,4439.95,4444.2,4439.95,4444.05,166,
2024-06-12 10:36:00+05:30,4441.7,4441.7,4433.9,4437.3,1854,
2024-06-12 10:37:00+05:30,4437.3,4438.15,4434.4,4436.6,243,
2024-06-12 10:38:00+05:30,4436.6,4439.95,4436.6,4437.85,450,
2024-06-12 10:39:00+05:30,4438.35,4439.95,4436,4439.95,206,
2024-06-12 10:40:00+05:30,4439.95,4443.7,4438.2,4443.7,635,
2024-06-12 10:41:00+05:30,4444,4454.95,4443.7,4454.35,1052,
2024-06-12 10:42:00+05:30,4454.35,4455.7,4449.05,4454.4,2802,
2024-06-12 10:43:00+05:30,4454.4,4456,4453.65,4456,3182,
2024-06-12 10:44:00+05:30,4456,4459.15,4454.4,4457.2,923,
2024-06-12 10:45:00+05:30,4458.9,4460.8,4457.9,4459.25,359,
2024-06-12 10:46:00+05:30,4459.25,4461.85,4459.25,4461.2,469,
2024-06-12 10:47:00+05:30,4461.2,4461.2,4455.5,4458.7,1008,
2024-06-12 10:48:00+05:30,4458.7,4458.7,4457.25,4458,410,
2024-06-12 10:49:00+05:30,4458,4458,4457.15,4457.25,285,
2024-06-12 10:50:00+05:30,4457.25,4462,4455.5,4461,633,
2024-06-12 10:51:00+05:30,4462,4466.7,4461.5,4466.7,773,
2024-06-12 10:52:00+05:30,4466.7,4466.7,4462.1,4463.35,1004,
2024-06-12 10:53:00+05:30,4463.35,4465.9,4463,4464.7,383,
2024-06-12 10:54:00+05:30,4464.7,4465.8,4463.1,4463.95,255,
2024-06-12 10:55:00+05:30,4463.95,4468.5,4463.3,4468.5,687,
2024-06-12 10:56:00+05:30,4469.2,4472.15,4468.5,4471.45,1178,
2024-06-12 10:57:00+05:30,4470.65,4479.45,4470.65,4479.45,2441,
2024-06-12 10:58:00+05:30,4479.45,4480,4476,4476.5,593,
2024-06-12 10:59:00+05:30,4476.5,4476.5,4466.25,4466.25,4483,
2024-06-12 11:00:00+05:30,4466.05,4468.6,4455,4460.15,3240,
2024-06-12 11:01:00+05:30,4460.15,4460.95,4454.35,4455,386,
2024-06-12 11:02:00+05:30,4455,4460.95,4453.25,4457.9,451,
2024-06-12 11:03:00+05:30,4459,4459,4452.1,4452.1,576,
2024-06-12 11:04:00+05:30,4453.05,4457.9,4453.05,4457,602,
2024-06-12 11:05:00+05:30,4458,4466.55,4458,4466.3,364,
2024-06-12 11:06:00+05:30,4466.3,4468.85,4465.65,4468.85,280,
2024-06-12 11:07:00+05:30,4468.85,4470.95,4467.65,4468,473,
2024-06-12 11:08:00+05:30,4468,4469.95,4468,4468,89,
2024-06-12 11:09:00+05:30,4469,4469,4465.05,4465.1,280,
2024-06-12 11:10:00+05:30,4465.1,4466,4460.05,4462,361,
2024-06-12 11:11:00+05:30,4462,4468.65,4462,4467.9,388,
2024-06-12 11:12:00+05:30,4466.3,4469.95,4465.1,4469.95,212,
2024-06-12 11:13:00+05:30,4468.5,4470,4468.35,4469.9,126,
2024-06-12 11:14:00+05:30,4469.9,4469.9,4464.45,4464.65,287,
2024-06-12 11:15:00+05:30,4464.65,4465.95,4464.2,4464.2,89,
2024-06-12 11:16:00+05:30,4464.2,4464.2,4461.6,4461.95,152,
2024-06-12 11:17:00+05:30,4463.5,4463.5,4462,4463.05,152,
2024-06-12 11:18:00+05:30,4463.05,4463.15,4462,4463.15,358,
2024-06-12 11:19:00+05:30,4463.15,4468.7,4462.3,4468,382,
2024-06-12 11:20:00+05:30,4468,4475.2,4462.6,4475.2,1948,
2024-06-12 11:21:00+05:30,4475.2,4480,4474.2,4479.95,1792,
2024-06-12 11:22:00+05:30,4479.95,4479.95,4476.35,4478,650,
2024-06-12 11:23:00+05:30,4478,4478,4475.8,4477.85,334,
2024-06-12 11:24:00+05:30,4477.85,4480,4476.45,4480,1715,
2024-06-12 11:25:00+05:30,4480,4481.45,4479.1,4480.95,550,
2024-06-12 11:26:00+05:30,4480.95,4480.95,4477,4477,783,
2024-06-12 11:27:00+05:30,4477,4477.6,4469.9,4469.9,1720,
2024-06-12 11:28:00+05:30,4470.45,4470.5,4466.4,4466.6,306,
2024-06-12 11:29:00+05:30,4466.6,4466.6,4460.7,4462.95,1667,
2024-06-12 11:30:00+05:30,4461.05,4462.7,4456,4457.95,3939,
2024-06-12 11:31:00+05:30,4457.95,4462.75,4456,4462.75,1439,
2024-06-12 11:32:00+05:30,4462.75,4464,4461.75,4463.55,2048,
2024-06-12 11:33:00+05:30,4463.55,4465,4461.55,4464.05,1150,
2024-06-12 11:34:00+05:30,4464.05,4472,4463.05,4471,1727,
2024-06-12 11:35:00+05:30,4471,4477.05,4470.05,4476.85,989,
2024-06-12 11:36:00+05:30,4476.85,4482.45,4471.6,4471.9,3915,
2024-06-12 11:37:00+05:30,4471.9,4472.5,4470.05,4470.65,296,
2024-06-12 11:38:00+05:30,4472,4474.9,4471.8,4472.05,1712,
2024-06-12 11:39:00+05:30,4474.4,4475.55,4471.5,4472,1665,
2024-06-12 11:40:00+05:30,4472,4473.45,4467.65,4469.4,981,
2024-06-12 11:41:00+05:30,4469.4,4472.95,4469.4,4470,631,
2024-06-12 11:42:00+05:30,4470,4472.45,4469.65,4470,659,
2024-06-12 11:43:00+05:30,4469.95,4471.85,4469.95,4470,174,
2024-06-12 11:44:00+05:30,4470,4470,4467,4467,146,
2024-06-12 11:45:00+05:30,4467,4469.1,4467,4469.1,189,
2024-06-12 11:46:00+05:30,4469.1,4470,4466.2,4468,583,
2024-06-12 11:47:00+05:30,4468,4468,4466.5,4466.5,97,
2024-06-12 11:48:00+05:30,4466.5,4467,4460.25,4463.95,665,
2024-06-12 11:49:00+05:30,4463.95,4465,4463.95,4465,403,
2024-06-12 11:50:00+05:30,4465,4465,4464.1,4464.1,180,
2024-06-12 11:51:00+05:30,4464.15,4465,4463.8,4464.1,447,
2024-06-12 11:52:00+05:30,4464,4472,4462.15,4471.75,1857,
2024-06-12 11:53:00+05:30,4471.75,4471.95,4465.9,4469.35,3416,
2024-06-12 11:54:00+05:30,4469.35,4469.35,4464.5,4464.5,1177,
2024-06-12 11:55:00+05:30,4464.5,4465,4464.5,4464.75,32,
2024-06-12 11:56:00+05:30,4464.75,4465.5,4464,4464,255,
2024-06-12 11:57:00+05:30,4464,4465,4462.15,4465,1489,
2024-06-12 11:58:00+05:30,4465,4467,4463.9,4465.8,1835,
2024-06-12 11:59:00+05:30,4465.8,4469.75,4465.8,4469.35,245,
2024-06-12 12:00:00+05:30,4469.35,4469.35,4465,4465.5,247,
2024-06-12 12:01:00+05:30,4465.5,4465.5,4458.95,4463.9,2291,
2024-06-12 12:02:00+05:30,4463.9,4464.5,4461.85,4464,620,
2024-06-12 12:03:00+05:30,4464,4467.4,4461.75,4467.4,647,
2024-06-12 12:04:00+05:30,4465.5,4466.6,4462.55,4465.25,628,
2024-06-12 12:05:00+05:30,4465.25,4466.2,4462,4464.8,672,
2024-06-12 12:06:00+05:30,4464.8,4464.95,4458.85,4458.85,2948,
2024-06-12 12:07:00+05:30,4460.85,4463.25,4456,4461.9,1036,
2024-06-12 12:08:00+05:30,4461.9,4467.65,4461.9,4466.95,3996,
2024-06-12 12:09:00+05:30,4466.95,4467.95,4464,4464.05,1703,
2024-06-12 12:10:00+05:30,4464.05,4465.85,4464,4464,1099,
2024-06-12 12:11:00+05:30,4465.85,4465.9,4462.25,4465.5,1316,
2024-06-12 12:12:00+05:30,4465.3,4466,4463.75,4464.1,773,
2024-06-12 12:13:00+05:30,4464.1,4465,4461.15,4464,2158,
2024-06-12 12:14:00+05:30,4463.95,4465,4462.3,4465,505,
2024-06-12 12:15:00+05:30,4465,4465,4461.75,4461.9,335,
2024-06-12 12:16:00+05:30,4461.9,4464.25,4461.9,4463.85,462,
2024-06-12 12:17:00+05:30,4463.85,4463.85,4458,4459.85,953,
2024-06-12 12:18:00+05:30,4459.85,4459.95,4456,4458.2,801,
2024-06-12 12:19:00+05:30,4458.2,4459.9,4457.15,4458,706,
2024-06-12 12:20:00+05:30,4458,4459.9,4457.4,4459.45,557,
2024-06-12 12:21:00+05:30,4459.45,4459.45,4458.05,4459.1,348,
2024-06-12 12:22:00+05:30,4459.1,4459.1,4458.05,4459.1,229,
2024-06-12 12:23:00+05:30,4459.1,4459.75,4457.15,4458.05,461,
2024-06-12 12:24:00+05:30,4458.05,4459.9,4457.15,4459.9,246,
2024-06-12 12:25:00+05:30,4459.9,4461.25,4459.1,4459.4,289,
2024-06-12 12:26:00+05:30,4459.4,4465,4459.4,4465,486,
2024-06-12 12:27:00+05:30,4465,4465,4462.85,4463.9,388,
2024-06-12 12:28:00+05:30,4463.9,4463.9,4462.65,4463.85,186,
2024-06-12 12:29:00+05:30,4463.85,4465,4461.75,4463.35,401,
2024-06-12 12:30:00+05:30,4463.8,4466.15,4461.65,4463.3,1931,
2024-06-12 12:31:00+05:30,4463.3,4463.3,4460.05,4460.05,448,
2024-06-12 12:32:00+05:30,4460.05,4460.65,4458.1,4459.4,275,
2024-06-12 12:33:00+05:30,4459.4,4461.95,4459.4,4461.95,362,
2024-06-12 12:34:00+05:30,4461.95,4464.1,4458.9,4460.9,1192,
2024-06-12 12:35:00+05:30,4458.9,4460.9,4458.85,4460.8,391,
2024-06-12 12:36:00+05:30,4460.75,4460.9,4458.95,4459,267,
2024-06-12 12:37:00+05:30,4459,4461,4459,4461,383,
2024-06-12 12:38:00+05:30,4460.05,4461,4460.05,4461,298,
2024-06-12 12:39:00+05:30,4461,4461,4460.05,4460.95,282,
2024-06-12 12:40:00+05:30,4460.95,4460.95,4459,4459.5,348,
2024-06-12 12:41:00+05:30,4459.5,4460.35,4459,4459.9,347,
2024-06-12 12:42:00+05:30,4459.9,4459.9,4456,4456.95,1196,
2024-06-12 12:43:00+05:30,4456.95,4460.65,4451.9,4454.2,1886,
2024-06-12 12:44:00+05:30,4454.2,4455,4451.25,4455,560,
2024-06-12 12:45:00+05:30,4455,4455,4452.55,4454.7,306,
2024-06-12 12:46:00+05:30,4454.7,4456,4454.25,4455.7,416,
2024-06-12 12:47:00+05:30,4455.7,4459.75,4455.35,4459.75,311,
2024-06-12 12:48:00+05:30,4459.75,4459.75,4455.3,4456.8,641,
2024-06-12 12:49:00+05:30,4456.8,4457.55,4455.3,4456.05,360,
2024-06-12 12:50:00+05:30,4456.05,4456.05,4451.7,4453.35,350,
2024-06-12 12:51:00+05:30,4453.35,4456.4,4452.25,4454.4,626,
2024-06-12 12:52:00+05:30,4454.4,4454.4,4454,4454.4,184,
2024-06-12 12:53:00+05:30,4454.4,4457.05,4454.1,4456.65,3002,
2024-06-12 12:54:00+05:30,4456.65,4458,4456.2,4458,434,
2024-06-12 12:55:00+05:30,4457.75,4458,4454.8,4457.95,267,
2024-06-12 12:56:00+05:30,4457.95,4461,4456.7,4460,188,
2024-06-12 12:57:00+05:30,4460,4460.7,4458.1,4460,227,
2024-06-12 12:58:00+05:30,4460,4461,4458.8,4458.8,375,
2024-06-12 12:59:00+05:30,4458.8,4461,4458.25,4459.95,393,
2024-06-12 13:00:00+05:30,4459.95,4460.95,4457.7,4458.7,244,
2024-06-12 13:01:00+05:30,4458.25,4459.65,4457,4458.45,976,
2024-06-12 13:02:00+05:30,4458.45,4458.9,4457.55,4457.55,271,
2024-06-12 13:03:00+05:30,4457.55,4459.65,4457.25,4459.65,1004,
2024-06-12 13:04:00+05:30,4459.65,4471.45,4457.05,4471.4,2343,
2024-06-12 13:05:00+05:30,4471.4,4471.45,4469.35,4471.45,287,
2024-06-12 13:06:00+05:30,4471.45,4478.2,4471.45,4476.15,1330,
2024-06-12 13:07:00+05:30,4476.15,4476.55,4475,4475.45,187,
2024-06-12 13:08:00+05:30,4475.45,4475.45,4475,4475.45,71,
2024-06-12 13:09:00+05:30,4475.45,4475.45,4472.35,4474,528,
2024-06-12 13:10:00+05:30,4474,4475,4473.95,4474.95,442,
2024-06-12 13:11:00+05:30,4474.95,4475,4473.85,4475,437,
2024-06-12 13:12:00+05:30,4475,4475,4472.2,4474.95,254,
2024-06-12 13:13:00+05:30,4474.95,4475,4472.35,4474.45,336,
2024-06-12 13:14:00+05:30,4474.45,4475,4472.9,4475,280,
2024-06-12 13:15:00+05:30,4475,4475,4473.15,4475,511,
2024-06-12 13:16:00+05:30,4475,4475,4473.15,4475,2237,
2024-06-12 13:17:00+05:30,4475,4477.75,4475,4476,1010,
2024-06-12 13:18:00+05:30,4475.1,4475.75,4475.1,4475.45,111,
2024-06-12 13:19:00+05:30,4474.75,4475.75,4472.45,4475.75,1320,
2024-06-12 13:20:00+05:30,4475.75,4479.9,4475,4478.85,569,
2024-06-12 13:21:00+05:30,4478.85,4480.65,4478.85,4480,272,
2024-06-12 13:22:00+05:30,4480,4481,4480,4480,406,
2024-06-12 13:23:00+05:30,4480,4483.5,4480,4483.5,670,
2024-06-12 13:24:00+05:30,4483,4484.45,4481.4,4484,546,
2024-06-12 13:25:00+05:30,4484,4484,4481.45,4483,296,
2024-06-12 13:26:00+05:30,4483,4483.5,4479,4479,335,
2024-06-12 13:27:00+05:30,4479,4479.05,4476.9,4478,192,
2024-06-12 13:28:00+05:30,4478.85,4478.85,4473.25,4476.2,610,
2024-06-12 13:29:00+05:30,4476.2,4478.1,4475.35,4477.75,77,
2024-06-12 13:30:00+05:30,4477.75,4477.95,4475.8,4477.95,70,
2024-06-12 13:31:00+05:30,4477.95,4477.95,4475,4477.1,129,
2024-06-12 13:32:00+05:30,4477.1,4479,4475,4479,412,
2024-06-12 13:33:00+05:30,4479,4479,4475,4477.55,817,
2024-06-12 13:34:00+05:30,4477.55,4477.55,4475,4477.05,51,
2024-06-12 13:35:00+05:30,4477.05,4477.05,4475.6,4476.1,183,
2024-06-12 13:36:00+05:30,4475,4476.85,4475,4476.85,70,
2024-06-12 13:37:00+05:30,4476.85,4476.85,4475,4476.75,68,
2024-06-12 13:38:00+05:30,4475.15,4476.75,4475,4476.7,66,
2024-06-12 13:39:00+05:30,4476.7,4476.7,4475,4475,54,
2024-06-12 13:40:00+05:30,4475,4476.35,4470,4471.75,950,
2024-06-12 13:41:00+05:30,4471.75,4471.75,4463.75,4463.75,394,
2024-06-12 13:42:00+05:30,4463.75,4465.25,4461.7,4465.05,310,
2024-06-12 13:43:00+05:30,4465.05,4465.05,4461,4462.95,323,
2024-06-12 13:44:00+05:30,4462.95,4462.95,4461.1,4461.2,49,
2024-06-12 13:45:00+05:30,4461.2,4462.9,4460.05,4462.55,143,
2024-06-12 13:46:00+05:30,4462.55,4462.9,4460,4462.65,111,
2024-06-12 13:47:00+05:30,4462.65,4462.95,4460,4460.1,114,
2024-06-12 13:48:00+05:30,4460,4460.1,4458.4,4458.65,173,
2024-06-12 13:49:00+05:30,4458.65,4460.1,4458.35,4458.35,51,
2024-06-12 13:50:00+05:30,4458.35,4458.8,4454.6,4454.6,663,
2024-06-12 13:51:00+05:30,4454.3,4457.7,4451.7,4455.25,490,
2024-06-12 13:52:00+05:30,4455.25,4459.3,4455.25,4455.45,188,
2024-06-12 13:53:00+05:30,4455.45,4458.15,4455.45,4457,113,
2024-06-12 13:54:00+05:30,4457,4457.95,4455.65,4457.95,172,
2024-06-12 13:55:00+05:30,4458,4458.2,4455,4455,297,
2024-06-12 13:56:00+05:30,4456.4,4463,4455,4463,230,
2024-06-12 13:57:00+05:30,4463.9,4470,4461.3,4469,494,
2024-06-12 13:58:00+05:30,4467.05,4469,4465,4468.95,922,
2024-06-12 13:59:00+05:30,4468.95,4470.5,4462.1,4464.2,887,
2024-06-12 14:00:00+05:30,4464.2,4464.2,4458.8,4460.3,79,
2024-06-12 14:01:00+05:30,4460.3,4465.4,4460.3,4463.6,78,
2024-06-12 14:02:00+05:30,4463.6,4466.65,4463.6,4466.65,178,
2024-06-12 14:03:00+05:30,4466.65,4466.65,4458.3,4458.3,762,
2024-06-12 14:04:00+05:30,4457.85,4460.5,4456.45,4460.5,287,
2024-06-12 14:05:00+05:30,4460.5,4465,4458.85,4462.2,1002,
2024-06-12 14:06:00+05:30,4461.7,4461.7,4456.05,4457.35,171,
2024-06-12 14:07:00+05:30,4457.7,4461.4,4452.7,4454.75,2944,
2024-06-12 14:08:00+05:30,4454.75,4458.35,4452.1,4453.6,791,
2024-06-12 14:09:00+05:30,4453.6,4455.25,4451.35,4451.35,527,
2024-06-12 14:10:00+05:30,4451.35,4455.4,4450.5,4453.55,223,
2024-06-12 14:11:00+05:30,4452.8,4455.55,4450,4452.1,632,
2024-06-12 14:12:00+05:30,4452.1,4458.1,4451.85,4455,750,
2024-06-12 14:13:00+05:30,4455,4463.75,4455,4463.75,489,
2024-06-12 14:14:00+05:30,4463.75,4463.75,4458,4458.2,459,
2024-06-12 14:15:00+05:30,4458.2,4459.65,4458,4459,433,
2024-06-12 14:16:00+05:30,4457.7,4460.25,4456.3,4456.3,282,
2024-06-12 14:17:00+05:30,4456.3,4457.35,4453.95,4455.35,288,
2024-06-12 14:18:00+05:30,4455.35,4456.5,4453.95,4455.5,107,
2024-06-12 14:19:00+05:30,4455.5,4460.25,4454.75,4458.85,302,
2024-06-12 14:20:00+05:30,4458.6,4459.8,4455,4456,242,
2024-06-12 14:21:00+05:30,4456,4456.2,4451.35,4451.35,81,
2024-06-12 14:22:00+05:30,4451.35,4456,4451.35,4452.6,199,
2024-06-12 14:23:00+05:30,4452.6,4454.25,4450.15,4454.05,321,
2024-06-12 14:24:00+05:30,4454.05,4457.45,4451.8,4453.95,117,
2024-06-12 14:25:00+05:30,4453.95,4456.6,4453.8,4455.65,149,
2024-06-12 14:26:00+05:30,4454.3,4456.1,4451.8,4452.5,214,
2024-06-12 14:27:00+05:30,4451.8,4453.25,4451.05,4451.3,214,
2024-06-12 14:28:00+05:30,4451.3,4455,4451.3,4453,203,
2024-06-12 14:29:00+05:30,4453,4454.95,4451.35,4451.35,105,
2024-06-12 14:30:00+05:30,4451.8,4453.6,4451.35,4451.35,133,
2024-06-12 14:31:00+05:30,4451.35,4455,4451.35,4453.35,209,
2024-06-12 14:32:00+05:30,4453.35,4454.9,4453.3,4453.3,140,
2024-06-12 14:33:00+05:30,4453.3,4456,4453.3,4456,255,
2024-06-12 14:34:00+05:30,4456,4456.55,4454,4454.25,198,
2024-06-12 14:35:00+05:30,4454.2,4455.9,4454.2,4455.9,253,
2024-06-12 14:36:00+05:30,4455.9,4460,4455.9,4460,236,
2024-06-12 14:37:00+05:30,4459,4463.05,4459,4461.3,730,
2024-06-12 14:38:00+05:30,4461.3,4461.3,4456.4,4458.75,526,
2024-06-12 14:39:00+05:30,4458.75,4462,4458.75,4460.95,326,
2024-06-12 14:40:00+05:30,4460.95,4461.1,4459.3,4460.3,166,
2024-06-12 14:41:00+05:30,4460.3,4463.25,4460.3,4461,351,
2024-06-12 14:42:00+05:30,4461.25,4461.85,4459,4460.05,181,
2024-06-12 14:43:00+05:30,4460.05,4460.05,4459,4460,163,
2024-06-12 14:44:00+05:30,4459.05,4462,4459,4461.2,1548,
2024-06-12 14:45:00+05:30,4461.2,4466.75,4461.15,4466.05,863,
2024-06-12 14:46:00+05:30,4466.05,4467,4463,4465.95,142,
2024-06-12 14:47:00+05:30,4465.95,4466.4,4463.05,4465,338,
2024-06-12 14:48:00+05:30,4465,4466,4464,4464,66,
2024-06-12 14:49:00+05:30,4464.5,4464.5,4464,4464.3,50,
2024-06-12 14:50:00+05:30,4464.3,4464.4,4460.3,4461.75,1561,
2024-06-12 14:51:00+05:30,4461.75,4461.75,4458.05,4460,82,
2024-06-12 14:52:00+05:30,4460,4463,4460,4462.5,220,
2024-06-12 14:53:00+05:30,4462.5,4468.2,4461.8,4468.2,604,
2024-06-12 14:54:00+05:30,4468.5,4468.95,4463.3,4467.65,877,
2024-06-12 14:55:00+05:30,4467.15,4468.75,4463.65,4463.65,147,
2024-06-12 14:56:00+05:30,4463.65,4465.5,4462.35,4463.35,345,
2024-06-12 14:57:00+05:30,4463.35,4469.95,4463.35,4468.05,575,
2024-06-12 14:58:00+05:30,4468.05,4468.5,4465.95,4468,281,
2024-06-12 14:59:00+05:30,4468.85,4469,4466.8,4468.2,98,
2024-06-12 15:00:00+05:30,4468.15,4468.15,4457.05,4461.45,2711,
2024-06-12 15:01:00+05:30,4461.45,4461.45,4450.35,4454.65,765,
2024-06-12 15:02:00+05:30,4454.5,4454.5,4449.4,4452.9,1497,
2024-06-12 15:03:00+05:30,4452.85,4455.4,4450.55,4450.75,1362,
2024-06-12 15:04:00+05:30,4451.8,4454.8,4449.6,4452.2,533,
2024-06-12 15:05:00+05:30,4454.45,4460,4452,4456.15,1227,
2024-06-12 15:06:00+05:30,4456.15,4456.15,4452.15,4454.35,412,
2024-06-12 15:07:00+05:30,4454.35,4457.05,4451.6,4454.5,679,
2024-06-12 15:08:00+05:30,4454.85,4456.9,4451.05,4452.75,1484,
2024-06-12 15:09:00+05:30,4452.75,4457.2,4451.05,4457.2,639,
2024-06-12 15:10:00+05:30,4457.2,4457.4,4452.05,4454.65,636,
2024-06-12 15:11:00+05:30,4454.8,4457.55,4453.15,4454.75,708,
2024-06-12 15:12:00+05:30,4454.75,4461.55,4453.3,4456.85,1516,
2024-06-12 15:13:00+05:30,4456.1,4460,4456.1,4460,687,
2024-06-12 15:14:00+05:30,4460,4462.45,4458.1,4462.4,1315,
2024-06-12 15:15:00+05:30,4460.3,4462.45,4456.2,4456.2,863,
2024-06-12 15:16:00+05:30,4458.7,4459.9,4456.25,4456.8,545,
2024-06-12 15:17:00+05:30,4456.65,4458.3,4456.25,4457.2,585,
2024-06-12 15:18:00+05:30,4457.2,4458,4454.1,4454.3,990,
2024-06-12 15:19:00+05:30,4454.15,4455.9,4450,4450.05,2206,
2024-06-12 15:20:00+05:30,4452.45,4452.45,4445.75,4449.1,2674,
2024-06-12 15:21:00+05:30,4449.1,4450.55,4448.05,4448.25,452,
2024-06-12 15:22:00+05:30,4448.25,4450.15,4443.05,4447.2,1746,
2024-06-12 15:23:00+05:30,4447.4,4448.75,4445.95,4447.3,802,
2024-06-12 15:24:00+05:30,4447,4449.3,4443.95,4448.2,1348,
2024-06-12 15:25:00+05:30,4448.2,4448.2,4442.2,4442.35,693,
2024-06-12 15:26:00+05:30,4442.35,4447.1,4440.05,4442.05,2267,
2024-06-12 15:27:00+05:30,4442.05,4447,4442,4446.95,1022,
2024-06-12 15:28:00+05:30,4446.95,4450.3,4444,4445,365,
2024-06-12 15:29:00+05:30,4445.05,4452,4445.05,4445.05,317,
2024-06-13 09:15:00+05:30,4501.3,4523.05,4496.85,4499.35,18120,
2024-06-13 09:16:00+05:30,4496.85,4538,4496.85,4538,10191,
2024-06-13 09:17:00+05:30,4538,4557,4531.35,4555.95,9952,
2024-06-13 09:18:00+05:30,4555,4571.35,4550,4569.85,15442,
2024-06-13 09:19:00+05:30,4570,4582.35,4568.1,4579.25,30220,
2024-06-13 09:20:00+05:30,4578.9,4595,4576.1,4586.5,19439,
2024-06-13 09:21:00+05:30,4587.2,4592.8,4573.3,4580.65,14207,
2024-06-13 09:22:00+05:30,4582.4,4586.4,4575,4580.6,6993,
2024-06-13 09:23:00+05:30,4583,4583.95,4570,4579,9700,
2024-06-13 09:24:00+05:30,4574.35,4578.2,4568.9,4577.35,11104,
2024-06-13 09:25:00+05:30,4577.35,4583.05,4575.8,4578.45,9934,
2024-06-13 09:26:00+05:30,4578.45,4580.95,4575.25,4577.95,3394,
2024-06-13 09:27:00+05:30,4577.95,4578.45,4572.1,4576.85,4732,
2024-06-13 09:28:00+05:30,4573,4576.15,4562.45,4570,9833,
2024-06-13 09:29:00+05:30,4570,4570,4556.65,4562.8,6039,
2024-06-13 09:30:00+05:30,4562.8,4570,4557.65,4568.05,4192,
2024-06-13 09:31:00+05:30,4570,4570,4562.85,4565.05,4313,
2024-06-13 09:32:00+05:30,4565.05,4565.05,4553.65,4556.55,8836,
2024-06-13 09:33:00+05:30,4558.45,4565.05,4557.1,4560,4259,
2024-06-13 09:34:00+05:30,4560.8,4560.9,4551,4551.15,5162,
2024-06-13 09:35:00+05:30,4551.15,4554.3,4550,4554,4445,
2024-06-13 09:36:00+05:30,4554,4556.7,4548.1,4550.65,2238,
2024-06-13 09:37:00+05:30,4547,4561.4,4547,4552.05,5266,
2024-06-13 09:38:00+05:30,4553.65,4556,4547,4547.6,4455,
2024-06-13 09:39:00+05:30,4550.1,4550.1,4545,4546.95,3362,
2024-06-13 09:40:00+05:30,4546.95,4553.5,4546.25,4552.35,1583,
2024-06-13 09:41:00+05:30,4552.35,4555.75,4550.05,4554.7,1745,
2024-06-13 09:42:00+05:30,4554.7,4554.85,4541.65,4541.65,2659,
2024-06-13 09:43:00+05:30,4541.2,4552.95,4538.2,4552,16924,
2024-06-13 09:44:00+05:30,4552.75,4559.45,4552.7,4558.25,3696,
2024-06-13 09:45:00+05:30,4558.25,4562.25,4551.05,4553.05,4378,
2024-06-13 09:46:00+05:30,4554.7,4557.3,4551,4554.05,1718,
2024-06-13 09:47:00+05:30,4554.05,4558.6,4553.85,4553.85,3082,
2024-06-13 09:48:00+05:30,4556,4560.45,4551.85,4559,3910,
2024-06-13 09:49:00+05:30,4560,4564.1,4559.1,4563.65,5415,
2024-06-13 09:50:00+05:30,4563.65,4570,4561.85,4567.95,3560,
2024-06-13 09:51:00+05:30,4569.95,4570,4562.3,4568,3087,
2024-06-13 09:52:00+05:30,4568,4575,4566.15,4573.05,6038,
2024-06-13 09:53:00+05:30,4573.55,4574,4565.35,4567.15,4028,
2024-06-13 09:54:00+05:30,4568.1,4570,4566.05,4567.05,1348,
2024-06-13 09:55:00+05:30,4567.05,4568.75,4562.4,4568,3846,
2024-06-13 09:56:00+05:30,4568,4573,4566.4,4570.95,1557,
2024-06-13 09:57:00+05:30,4570.95,4578.15,4570.95,4576,4091,
2024-06-13 09:58:00+05:30,4576.95,4577,4571.2,4575.6,3280,
2024-06-13 09:59:00+05:30,4575.6,4580,4575,4577.35,4616,
2024-06-13 10:00:00+05:30,4577.7,4580,4577.2,4578.05,4300,
2024-06-13 10:01:00+05:30,4578,4580,4571.7,4572.3,2174,
2024-06-13 10:02:00+05:30,4572.3,4576.45,4568.5,4568.9,3484,
2024-06-13 10:03:00+05:30,4571.8,4574.05,4570,4571.45,2254,
2024-06-13 10:04:00+05:30,4570,4575,4570,4573.5,2093,
2024-06-13 10:05:00+05:30,4573.5,4575,4573.05,4573.6,1033,
2024-06-13 10:06:00+05:30,4573.6,4575,4565,4565,2171,
2024-06-13 10:07:00+05:30,4565.95,4569,4561.55,4564.55,4233,
2024-06-13 10:08:00+05:30,4566.85,4566.85,4562.3,4563.1,1625,
2024-06-13 10:09:00+05:30,4563.1,4571.35,4563.1,4569.8,773,
2024-06-13 10:10:00+05:30,4569.8,4577,4569.8,4577,2261,
2024-06-13 10:11:00+05:30,4577,4580,4576.5,4579.2,2613,
2024-06-13 10:12:00+05:30,4579.2,4585,4578.15,4582,7436,
2024-06-13 10:13:00+05:30,4582.95,4595,4582.95,4593.05,12345,
2024-06-13 10:14:00+05:30,4594.9,4597,4594.15,4595.5,6979,
2024-06-13 10:15:00+05:30,4591.2,4599.9,4591.2,4598.5,9858,
2024-06-13 10:16:00+05:30,4599,4608,4598.5,4601.35,17735,
2024-06-13 10:17:00+05:30,4601.45,4605,4596.05,4598.6,5022,
2024-06-13 10:18:00+05:30,4597.45,4597.45,4584.95,4585.75,6615,
2024-06-13 10:19:00+05:30,4588.1,4588.1,4583.05,4586,1938,
2024-06-13 10:20:00+05:30,4586,4586,4577.05,4580,3636,
2024-06-13 10:21:00+05:30,4580.45,4582.7,4577,4581,2561,
2024-06-13 10:22:00+05:30,4581,4587.7,4580.55,4587.55,2355,
2024-06-13 10:23:00+05:30,4586.1,4590.75,4586.1,4588,2713,
2024-06-13 10:24:00+05:30,4588,4595.1,4586,4593.5,5389,
2024-06-13 10:25:00+05:30,4591.75,4596,4591,4593.65,3431,
2024-06-13 10:26:00+05:30,4593.65,4593.65,4586.5,4588.7,2104,
2024-06-13 10:27:00+05:30,4588.7,4591,4583.1,4583.2,1787,
2024-06-13 10:28:00+05:30,4583.2,4588,4583.2,4587.5,655,
2024-06-13 10:29:00+05:30,4587.5,4589.1,4583.8,4585.7,1892,
2024-06-13 10:30:00+05:30,4585.7,4588.3,4585,4585.95,962,
2024-06-13 10:31:00+05:30,4585.95,4587.5,4585.5,4586.75,729,
2024-06-13 10:32:00+05:30,4586.75,4587.15,4580,4580,2583,
2024-06-13 10:33:00+05:30,4581.65,4583.15,4580,4580,2878,
2024-06-13 10:34:00+05:30,4579.2,4593.2,4578,4591.15,4359,
2024-06-13 10:35:00+05:30,4591.15,4595,4590,4595,3306,
2024-06-13 10:36:00+05:30,4595,4595,4590.6,4592.15,3084,
2024-06-13 10:37:00+05:30,4592.15,4594.95,4592.15,4594.95,1096,
2024-06-13 10:38:00+05:30,4593.95,4597.45,4592.15,4592.15,4455,
2024-06-13 10:39:00+05:30,4592.15,4594.7,4590,4591.2,1875,
2024-06-13 10:40:00+05:30,4591.2,4594,4591.2,4591.6,859,
2024-06-13 10:41:00+05:30,4591.6,4593.05,4591.6,4593.05,571,
2024-06-13 10:42:00+05:30,4593,4595,4593,4594,1420,
2024-06-13 10:43:00+05:30,4594,4596.95,4594,4595,2226,
2024-06-13 10:44:00+05:30,4595,4596,4589.2,4591.55,3504,
2024-06-13 10:45:00+05:30,4591.55,4593.7,4590.65,4593.7,1160,
2024-06-13 10:46:00+05:30,4593.7,4594,4590.8,4591.05,1195,
2024-06-13 10:47:00+05:30,4591.3,4593.6,4591.3,4592.25,1439,
2024-06-13 10:48:00+05:30,4592.1,4594,4592.1,4592.45,1266,
2024-06-13 10:49:00+05:30,4594,4595,4592.45,4594.85,1073,
2024-06-13 10:50:00+05:30,4595,4599,4594.85,4599,2805,
2024-06-13 10:51:00+05:30,4598.5,4599,4595,4597,2853,
2024-06-13 10:52:00+05:30,4597,4599.7,4597,4597.65,1635,
2024-06-13 10:53:00+05:30,4598.9,4599.7,4596.5,4598.5,4180,
2024-06-13 10:54:00+05:30,4598.55,4599,4596.65,4598.2,1653,
2024-06-13 10:55:00+05:30,4598.2,4600,4598.2,4600,1117,
2024-06-13 10:56:00+05:30,4600,4603.15,4599.35,4603.15,5019,
2024-06-13 10:57:00+05:30,4602.95,4603.25,4595.95,4599,3857,
2024-06-13 10:58:00+05:30,4599,4599.05,4597,4598.25,1394,
2024-06-13 10:59:00+05:30,4598.25,4602.1,4598.25,4601,1301,
2024-06-13 11:00:00+05:30,4601,4601,4594,4596.95,1918,
2024-06-13 11:01:00+05:30,4596.95,4598,4594,4597,1876,
2024-06-13 11:02:00+05:30,4597,4599.15,4596.5,4597.75,1189,
2024-06-13 11:03:00+05:30,4598.7,4599,4597.5,4599,1009,
2024-06-13 11:04:00+05:30,4599,4600,4598.9,4600,1255,
2024-06-13 11:05:00+05:30,4599.65,4603.5,4599.65,4600,2675,
2024-06-13 11:06:00+05:30,4601.95,4602.1,4598.05,4599.9,1788,
2024-06-13 11:07:00+05:30,4599.9,4599.9,4594.25,4595.55,2221,
2024-06-13 11:08:00+05:30,4595.55,4613.95,4595.55,4607.3,12763,
2024-06-13 11:09:00+05:30,4606.2,4610.3,4605.4,4607.15,4116,
2024-06-13 11:10:00+05:30,4607.15,4610.25,4607.15,4609,2434,
2024-06-13 11:11:00+05:30,4609,4610,4602,4602,4079,
2024-06-13 11:12:00+05:30,4600,4601.45,4597.35,4598,5407,
2024-06-13 11:13:00+05:30,4598,4600,4594.65,4597.55,2738,
2024-06-13 11:14:00+05:30,4598.7,4600,4596.3,4599.9,1380,
2024-06-13 11:15:00+05:30,4600,4600,4594.5,4595.9,2281,
2024-06-13 11:16:00+05:30,4596,4597.35,4595,4597.35,1628,
2024-06-13 11:17:00+05:30,4595.3,4599.5,4595.3,4599.5,1248,
2024-06-13 11:18:00+05:30,4599.5,4606.9,4599.05,4601.55,5406,
2024-06-13 11:19:00+05:30,4603.3,4605,4600.95,4602.7,1269,
2024-06-13 11:20:00+05:30,4602.75,4608,4602.75,4607.5,1870,
2024-06-13 11:21:00+05:30,4607.5,4609,4605,4608.25,1686,
2024-06-13 11:22:00+05:30,4608.25,4608.25,4605,4606.2,2711,
2024-06-13 11:23:00+05:30,4606,4607.95,4603.9,4607.45,1528,
2024-06-13 11:24:00+05:30,4607.45,4607.45,4602.05,4605,1807,
2024-06-13 11:25:00+05:30,4605,4606.05,4600.05,4600.8,5321,
2024-06-13 11:26:00+05:30,4600.8,4602.25,4596.4,4599.35,2847,
2024-06-13 11:27:00+05:30,4599.35,4600,4599.1,4599.1,787,
2024-06-13 11:28:00+05:30,4599.1,4599.9,4597.15,4599.6,941,
2024-06-13 11:29:00+05:30,4599.2,4604.9,4597.4,4604.4,4130,
2024-06-13 11:30:00+05:30,4604.4,4608,4602.55,4608,1633,
2024-06-13 11:31:00+05:30,4608,4612,4607.05,4609.6,5276,
2024-06-13 11:32:00+05:30,4609.65,4611.5,4602.55,4603.6,1899,
2024-06-13 11:33:00+05:30,4602.45,4602.45,4595.3,4599.7,5232,
2024-06-13 11:34:00+05:30,4599.7,4599.95,4595.05,4595.7,2656,
2024-06-13 11:35:00+05:30,4597,4601.65,4595.7,4601.65,2034,
2024-06-13 11:36:00+05:30,4601.65,4603.7,4599.9,4601.55,899,
2024-06-13 11:37:00+05:30,4601.55,4603.4,4597,4600,1785,
2024-06-13 11:38:00+05:30,4600,4603.45,4600,4603.3,1606,
2024-06-13 11:39:00+05:30,4603.3,4605.2,4601.45,4602.65,1845,
2024-06-13 11:40:00+05:30,4602.65,4606,4602.65,4604.7,836,
2024-06-13 11:41:00+05:30,4604.5,4607,4602.6,4607,3844,
2024-06-13 11:42:00+05:30,4606.05,4614.65,4606.05,4612.05,8834,
2024-06-13 11:43:00+05:30,4612.05,4613.7,4610,4611.4,2088,
2024-06-13 11:44:00+05:30,4611.4,4611.8,4606.75,4608.75,2362,
2024-06-13 11:45:00+05:30,4608.7,4614.4,4607.8,4612.45,2236,
2024-06-13 11:46:00+05:30,4612.45,4613.05,4610,4610.7,3340,
2024-06-13 11:47:00+05:30,4611.3,4617,4611.3,4617,5518,
2024-06-13 11:48:00+05:30,4615.8,4617,4613.15,4615,1683,
2024-06-13 11:49:00+05:30,4614.05,4615,4610.3,4610.5,2053,
2024-06-13 11:50:00+05:30,4610.5,4612.8,4604.1,4604.55,5840,
2024-06-13 11:51:00+05:30,4603.6,4608,4601.05,4604.45,4236,
2024-06-13 11:52:00+05:30,4603,4611.85,4603,4610.45,1039,
2024-06-13 11:53:00+05:30,4610.45,4612.85,4607.8,4610.9,2566,
2024-06-13 11:54:00+05:30,4613,4613,4609.95,4610.1,1320,
2024-06-13 11:55:00+05:30,4610.1,4612.4,4608.95,4610.7,2062,
2024-06-13 11:56:00+05:30,4610.7,4612,4609.55,4611,2101,
2024-06-13 11:57:00+05:30,4611,4611,4608,4609.85,1638,
2024-06-13 11:58:00+05:30,4609.85,4609.85,4607.5,4608.75,1643,
2024-06-13 11:59:00+05:30,4607.7,4609.6,4607.7,4609,762,
2024-06-13 12:00:00+05:30,4609.25,4609.85,4605,4608.7,3111,
2024-06-13 12:01:00+05:30,4607,4610,4607,4610,4537,
2024-06-13 12:02:00+05:30,4610,4611.1,4606.6,4608.65,3239,
2024-06-13 12:03:00+05:30,4608.65,4610.3,4608.65,4610,820,
2024-06-13 12:04:00+05:30,4611.25,4611.4,4610,4610.45,1886,
2024-06-13 12:05:00+05:30,4610.45,4611,4610,4610.4,1046,
2024-06-13 12:06:00+05:30,4610.4,4612,4610,4612,929,
2024-06-13 12:07:00+05:30,4612,4612,4611.1,4611.65,858,
2024-06-13 12:08:00+05:30,4612,4613.7,4611.65,4613.65,2142,
2024-06-13 12:09:00+05:30,4613.3,4615,4611.95,4615,2711,
2024-06-13 12:10:00+05:30,4614.15,4615,4612,4614,1476,
2024-06-13 12:11:00+05:30,4614,4614,4612.95,4613.15,1414,
2024-06-13 12:12:00+05:30,4613.15,4613.4,4606.9,4606.9,2979,
2024-06-13 12:13:00+05:30,4606.15,4607,4600,4606.5,11707,
2024-06-13 12:14:00+05:30,4606.5,4607,4602.7,4604.45,3230,
2024-06-13 12:15:00+05:30,4604.45,4604.9,4601.4,4603.75,1857,
2024-06-13 12:16:00+05:30,4603.75,4605.25,4602,4602.25,2352,
2024-06-13 12:17:00+05:30,4602.25,4607,4601.55,4607,1969,
2024-06-13 12:18:00+05:30,4607,4607,4606.55,4606.8,763,
2024-06-13 12:19:00+05:30,4606.8,4607,4603.65,4606.75,2424,
2024-06-13 12:20:00+05:30,4607,4607.3,4604,4604.95,1850,
2024-06-13 12:21:00+05:30,4604.95,4606,4604.95,4606,1210,
2024-06-13 12:22:00+05:30,4606,4607.05,4605.95,4606,2960,
2024-06-13 12:23:00+05:30,4605.95,4607.8,4600,4600.1,4779,
2024-06-13 12:24:00+05:30,4600.1,4602.3,4600.1,4601.6,867,
2024-06-13 12:25:00+05:30,4601.6,4606.85,4601.05,4603.65,2889,
2024-06-13 12:26:00+05:30,4603.65,4605,4603.65,4604.1,963,
2024-06-13 12:27:00+05:30,4603.8,4604.65,4600.05,4600.95,2690,
2024-06-13 12:28:00+05:30,4597.05,4600,4592,4600,6792,
2024-06-13 12:29:00+05:30,4600,4605,4597,4598.85,5407,
2024-06-13 12:30:00+05:30,4598.85,4603,4597.35,4603,2157,
2024-06-13 12:31:00+05:30,4603,4606.45,4602.7,4605.2,1958,
2024-06-13 12:32:00+05:30,4605.15,4606.65,4600.05,4604.8,3052,
2024-06-13 12:33:00+05:30,4604.8,4607.2,4601.7,4605.95,2146,
2024-06-13 12:34:00+05:30,4605.95,4606.8,4603,4603,3143,
2024-06-13 12:35:00+05:30,4603,4607.25,4602,4603.3,3666,
2024-06-13 12:36:00+05:30,4603.3,4604.7,4602,4602,2987,
2024-06-13 12:37:00+05:30,4602,4608.1,4602,4606.25,2961,
2024-06-13 12:38:00+05:30,4605.3,4606.9,4604.5,4605,1688,
2024-06-13 12:39:00+05:30,4605,4607.05,4605,4605.65,1337,
2024-06-13 12:40:00+05:30,4605.65,4606.15,4602.1,4604.3,1707,
2024-06-13 12:41:00+05:30,4604.3,4606.15,4602.6,4602.9,1252,
2024-06-13 12:42:00+05:30,4602.95,4605,4600.35,4601.95,2868,
2024-06-13 12:43:00+05:30,4601.95,4602,4600,4601,1689,
2024-06-13 12:44:00+05:30,4601,4602.75,4600,4601.55,3055,
2024-06-13 12:45:00+05:30,4601.55,4601.9,4597,4597.85,4243,
2024-06-13 12:46:00+05:30,4597.8,4601.9,4594,4600,3900,
2024-06-13 12:47:00+05:30,4600,4601.05,4599,4600.35,2714,
2024-06-13 12:48:00+05:30,4600.35,4601.8,4600,4600.9,2741,
2024-06-13 12:49:00+05:30,4600.85,4606.7,4600.7,4605.75,2555,
2024-06-13 12:50:00+05:30,4605.75,4606.95,4605,4606.6,1973,
2024-06-13 12:51:00+05:30,4606.6,4607.75,4605,4605.9,1625,
2024-06-13 12:52:00+05:30,4605.9,4607.75,4604.15,4606,1921,
2024-06-13 12:53:00+05:30,4606,4606,4604,4605.95,1810,
2024-06-13 12:54:00+05:30,4606,4606.1,4604,4605,1688,
2024-06-13 12:55:00+05:30,4605,4606.5,4604.2,4604.2,1898,
2024-06-13 12:56:00+05:30,4604.2,4607,4604.2,4605.85,1817,
2024-06-13 12:57:00+05:30,4605.85,4606,4604.2,4605.45,1642,
2024-06-13 12:58:00+05:30,4605.45,4606.4,4600,4602.2,3760,
2024-06-13 12:59:00+05:30,4602.2,4603.6,4598.85,4601.7,1794,
2024-06-13 13:00:00+05:30,4603.1,4604.95,4601.4,4603.55,1770,
2024-06-13 13:01:00+05:30,4603.55,4604.9,4602.45,4604.75,1303,
2024-06-13 13:02:00+05:30,4604.75,4605.75,4602.85,4604.85,2550,
2024-06-13 13:03:00+05:30,4604.85,4606,4600.55,4601,4316,
2024-06-13 13:04:00+05:30,4601.05,4602.25,4599,4600.2,2183,
2024-06-13 13:05:00+05:30,4600.2,4602.05,4599,4601.2,1747,
2024-06-13 13:06:00+05:30,4600.15,4601.7,4599,4599.3,2776,
2024-06-13 13:07:00+05:30,4599.3,4602,4599.3,4599.55,1843,
2024-06-13 13:08:00+05:30,4599.7,4603,4599,4599,2195,
2024-06-13 13:09:00+05:30,4599,4601.2,4599,4600.5,1758,
2024-06-13 13:10:00+05:30,4599.8,4601.4,4595,4599.3,5077,
2024-06-13 13:11:00+05:30,4599.3,4600,4597.35,4598.2,2045,
2024-06-13 13:12:00+05:30,4598.75,4599.5,4596.5,4596.6,2802,
2024-06-13 13:13:00+05:30,4596.6,4598.1,4594,4594,3863,
2024-06-13 13:14:00+05:30,4592.15,4595.45,4591,4593.4,3532,
2024-06-13 13:15:00+05:30,4595.35,4596.05,4592,4593,2752,
2024-06-13 13:16:00+05:30,4593.25,4593.25,4587.95,4591.85,6341,
2024-06-13 13:17:00+05:30,4591.85,4593.25,4588.05,4590.8,1684,
2024-06-13 13:18:00+05:30,4590.8,4592.25,4590,4592.25,2207,
2024-06-13 13:19:00+05:30,4592.2,4593.55,4590.65,4591.35,1483,
2024-06-13 13:20:00+05:30,4591.35,4593.7,4589.8,4589.8,2639,
2024-06-13 13:21:00+05:30,4589.5,4594.55,4589.5,4591.05,1577,
2024-06-13 13:22:00+05:30,4591.05,4594,4590,4592.3,1578,
2024-06-13 13:23:00+05:30,4592.3,4593,4590.5,4591.9,1127,
2024-06-13 13:24:00+05:30,4591.9,4592.75,4590.5,4591.6,1337,
2024-06-13 13:25:00+05:30,4591.6,4593,4589.95,4589.95,1642,
2024-06-13 13:26:00+05:30,4589.95,4592.95,4589.95,4591.8,1218,
2024-06-13 13:27:00+05:30,4591.8,4593.9,4590.95,4593.35,983,
2024-06-13 13:28:00+05:30,4593.35,4594,4590,4590.15,1834,
2024-06-13 13:29:00+05:30,4590,4591.3,4586.45,4590,3151,
2024-06-13 13:30:00+05:30,4590,4592.05,4587.6,4589.4,1939,
2024-06-13 13:31:00+05:30,4589.4,4589.4,4585.75,4587.6,702,
2024-06-13 13:32:00+05:30,4587.3,4587.6,4582,4583.3,4074,
2024-06-13 13:33:00+05:30,4583.3,4587.6,4583,4585.9,1084,
2024-06-13 13:34:00+05:30,4585.9,4587.55,4584.05,4584.3,938,
2024-06-13 13:35:00+05:30,4584.3,4589,4584.3,4588.65,1556,
2024-06-13 13:36:00+05:30,4585.75,4588.25,4585.4,4588,1245,
2024-06-13 13:37:00+05:30,4588,4589.9,4586.1,4589.4,714,
2024-06-13 13:38:00+05:30,4589,4592.35,4589,4590,2254,
2024-06-13 13:39:00+05:30,4590,4592.5,4589,4591.2,921,
2024-06-13 13:40:00+05:30,4591.2,4592.5,4590,4591.4,1066,
2024-06-13 13:41:00+05:30,4591.4,4591.4,4583.3,4586.1,2005,
2024-06-13 13:42:00+05:30,4586.1,4587,4585,4585.4,910,
2024-06-13 13:43:00+05:30,4585.4,4587.65,4585.4,4586.95,822,
2024-06-13 13:44:00+05:30,4586.4,4589.9,4586,4588.75,1331,
2024-06-13 13:45:00+05:30,4588.75,4590,4586,4588,1392,
2024-06-13 13:46:00+05:30,4588,4590.65,4585,4586.6,2808,
2024-06-13 13:47:00+05:30,4586.15,4591,4586.15,4588.4,886,
2024-06-13 13:48:00+05:30,4588.4,4590,4585.05,4585.05,978,
2024-06-13 13:49:00+05:30,4585.05,4587.15,4580.05,4583.3,2762,
2024-06-13 13:50:00+05:30,4583.3,4586.9,4583.3,4584.6,1016,
2024-06-13 13:51:00+05:30,4583.85,4586,4583.85,4584.35,511,
2024-06-13 13:52:00+05:30,4584.35,4590,4584.35,4590,948,
2024-06-13 13:53:00+05:30,4590,4590,4587.4,4588.45,851,
2024-06-13 13:54:00+05:30,4588.65,4589,4588.65,4588.9,347,
2024-06-13 13:55:00+05:30,4588.9,4589,4584,4584.8,1544,
2024-06-13 13:56:00+05:30,4584.8,4587.85,4584.8,4585.85,537,
2024-06-13 13:57:00+05:30,4585.85,4588.7,4585.85,4587.05,552,
2024-06-13 13:58:00+05:30,4587.05,4588,4585,4587.65,1489,
2024-06-13 13:59:00+05:30,4587.65,4588,4585.1,4586.1,1418,
2024-06-13 14:00:00+05:30,4586.1,4588.9,4586.1,4588.7,1248,
2024-06-13 14:01:00+05:30,4588.7,4589,4586,4586.3,732,
2024-06-13 14:02:00+05:30,4586.3,4588,4586.3,4587.2,428,
2024-06-13 14:03:00+05:30,4587.2,4588.95,4585,4586,1140,
2024-06-13 14:04:00+05:30,4586,4587.2,4586,4586.85,986,
2024-06-13 14:05:00+05:30,4586.85,4589,4586.85,4588.75,330,
2024-06-13 14:06:00+05:30,4588.75,4590.8,4588.75,4590,3015,
2024-06-13 14:07:00+05:30,4590,4592,4589.65,4591,601,
2024-06-13 14:08:00+05:30,4591,4591,4586.55,4589.25,3753,
2024-06-13 14:09:00+05:30,4589.15,4589.25,4585.1,4588.7,555,
2024-06-13 14:10:00+05:30,4588.7,4590.55,4588.7,4588.8,834,
2024-06-13 14:11:00+05:30,4588.8,4590.3,4588.8,4589.7,927,
2024-06-13 14:12:00+05:30,4589.7,4590.9,4586.25,4588.45,1266,
2024-06-13 14:13:00+05:30,4587.4,4588.4,4585.8,4587.35,820,
2024-06-13 14:14:00+05:30,4587.35,4589,4585.8,4588.9,1124,
2024-06-13 14:15:00+05:30,4588.9,4588.9,4585,4585.1,1851,
2024-06-13 14:16:00+05:30,4585.1,4585.55,4575.5,4581.7,9639,
2024-06-13 14:17:00+05:30,4578.85,4582.15,4578.85,4580.3,572,
2024-06-13 14:18:00+05:30,4580.3,4583.25,4580.3,4582.5,623,
2024-06-13 14:19:00+05:30,4582.5,4585.35,4580.05,4585.35,1459,
2024-06-13 14:20:00+05:30,4587.4,4587.4,4582.95,4583.9,53544,
2024-06-13 14:21:00+05:30,4584,4589,4583.6,4586.85,1444,
2024-06-13 14:22:00+05:30,4586.85,4591.65,4586.85,4589.05,1452,
2024-06-13 14:23:00+05:30,4589.95,4590,4586.55,4586.55,1242,
2024-06-13 14:24:00+05:30,4586.8,4590.15,4586.8,4590.15,765,
2024-06-13 14:25:00+05:30,4590.15,4590.95,4580.2,4581.05,3908,
2024-06-13 14:26:00+05:30,4581.05,4581.05,4577.35,4578.4,2065,
2024-06-13 14:27:00+05:30,4578.4,4584.4,4578,4580.65,1574,
2024-06-13 14:28:00+05:30,4580.65,4583.45,4579.05,4581.8,1174,
2024-06-13 14:29:00+05:30,4581.8,4583.6,4578,4580.2,2010,
2024-06-13 14:30:00+05:30,4578.1,4580.75,4569.6,4579.45,69744,
2024-06-13 14:31:00+05:30,4580.2,4580.2,4574.15,4575,1411,
2024-06-13 14:32:00+05:30,4575,4577.6,4570.55,4574.75,3040,
2024-06-13 14:33:00+05:30,4572.6,4577.9,4572.6,4574.75,1243,
2024-06-13 14:34:00+05:30,4574.75,4575,4569,4571.95,2486,
2024-06-13 14:35:00+05:30,4571.95,4575,4570.2,4573.95,1179,
2024-06-13 14:36:00+05:30,4574,4578.6,4574,4576.15,1409,
2024-06-13 14:37:00+05:30,4576.15,4577.55,4574.6,4574.95,1199,
2024-06-13 14:38:00+05:30,4574.75,4578.5,4574.75,4576.5,916,
2024-06-13 14:39:00+05:30,4576.5,4579,4576.5,4577.4,400,
2024-06-13 14:40:00+05:30,4577.4,4579.7,4575,4575,1129,
2024-06-13 14:41:00+05:30,4575,4576.75,4574,4575.7,891,
2024-06-13 14:42:00+05:30,4575.7,4579.75,4575.7,4576.7,488,
2024-06-13 14:43:00+05:30,4578,4578,4576.6,4577.35,748,
2024-06-13 14:44:00+05:30,4577.35,4582.1,4576.7,4577.65,2040,
2024-06-13 14:45:00+05:30,4577.65,4580,4577,4577,1039,
2024-06-13 14:46:00+05:30,4577,4578.4,4575,4575,2181,
2024-06-13 14:47:00+05:30,4575,4578.1,4575,4575.85,603,
2024-06-13 14:48:00+05:30,4575.85,4578.8,4575.15,4576.65,1585,
2024-06-13 14:49:00+05:30,4576.65,4577.95,4574,4574.65,1626,
2024-06-13 14:50:00+05:30,4574.65,4581.5,4574.65,4578.45,1657,
2024-06-13 14:51:00+05:30,4578.45,4580.25,4577.6,4579,1380,
2024-06-13 14:52:00+05:30,4578.3,4581.1,4578.3,4579.95,798,
2024-06-13 14:53:00+05:30,4579.95,4584,4579.2,4580.1,1875,
2024-06-13 14:54:00+05:30,4581.85,4581.85,4579.3,4580.95,376,
2024-06-13 14:55:00+05:30,4580.95,4584.35,4580,4582.3,2098,
2024-06-13 14:56:00+05:30,4582.35,4584.75,4580.7,4582.75,2272,
2024-06-13 14:57:00+05:30,4584,4585,4581.75,4585,1763,
2024-06-13 14:58:00+05:30,4585,4585.7,4582.05,4585.2,2504,
2024-06-13 14:59:00+05:30,4585.2,4585.2,4582,4582.35,1999,
2024-06-13 15:00:00+05:30,4582.5,4585.3,4582.4,4585.25,2956,
2024-06-13 15:01:00+05:30,4585.25,4586.3,4582.45,4583.1,3068,
2024-06-13 15:02:00+05:30,4583.1,4587.85,4583.1,4585.55,7464,
2024-06-13 15:03:00+05:30,4585.55,4587,4585.3,4586.5,1726,
2024-06-13 15:04:00+05:30,4586.85,4588.95,4585.8,4587,5352,
2024-06-13 15:05:00+05:30,4589.65,4592.3,4587.3,4589.5,10048,
2024-06-13 15:06:00+05:30,4589.5,4589.95,4586.3,4589.95,4552,
2024-06-13 15:07:00+05:30,4589.95,4593.1,4587.35,4589.05,5334,
2024-06-13 15:08:00+05:30,4589.05,4590.95,4587.55,4587.55,2390,
2024-06-13 15:09:00+05:30,4588.65,4592.2,4588,4589.9,5654,
2024-06-13 15:10:00+05:30,4590,4592.7,4588.25,4592.15,2456,
2024-06-13 15:11:00+05:30,4593,4594.5,4591.05,4593.85,3509,
2024-06-13 15:12:00+05:30,4594,4596.1,4592.6,4594.05,4135,
2024-06-13 15:13:00+05:30,4594.05,4595.65,4594,4594.9,2419,
2024-06-13 15:14:00+05:30,4594.65,4594.65,4590,4593,2625,
2024-06-13 15:15:00+05:30,4592.7,4595.95,4590.05,4595.15,5191,
2024-06-13 15:16:00+05:30,4593.45,4595.35,4591.1,4595.35,4437,
2024-06-13 15:17:00+05:30,4595.4,4599.55,4594.65,4597.65,7204,
2024-06-13 15:18:00+05:30,4597.65,4600,4594.3,4598.6,8019,
2024-06-13 15:19:00+05:30,4597.45,4600,4596.3,4596.3,5691,
2024-06-13 15:20:00+05:30,4599.25,4600,4596.15,4599.95,7350,
2024-06-13 15:21:00+05:30,4599.95,4600,4597,4598.3,3086,
2024-06-13 15:22:00+05:30,4598.3,4600,4596.05,4596.35,3121,
2024-06-13 15:23:00+05:30,4596.35,4598,4593.1,4594.1,3036,
2024-06-13 15:24:00+05:30,4594.1,4597.5,4592.7,4594.35,5607,
2024-06-13 15:25:00+05:30,4594.35,4599.7,4593.25,4599.7,3977,
2024-06-13 15:26:00+05:30,4599.7,4600,4595.1,4596.45,3146,
2024-06-13 15:27:00+05:30,4596.45,4596.9,4595.05,4596.1,1774,
2024-06-13 15:28:00+05:30,4596.1,4598.7,4590.7,4592.4,2399,
2024-06-13 15:29:00+05:30,4592.4,4600,4592.4,4593,9310,
2024-06-14 09:15:00+05:30,4595,4614.95,4577.3,4610.05,8100,
2024-06-14 09:16:00+05:30,4610.05,4618.6,4610.05,4613,5027,
2024-06-14 09:17:00+05:30,4613,4627.95,4611.7,4627.95,8181,
2024-06-14 09:18:00+05:30,4624.55,4627.95,4618.95,4620.7,3366,
2024-06-14 09:19:00+05:30,4620.7,4621.85,4607.1,4607.1,2663,
2024-06-14 09:20:00+05:30,4607,4615.65,4603.5,4608.3,2125,
2024-06-14 09:21:00+05:30,4608.3,4608.3,4601,4604,3291,
2024-06-14 09:22:00+05:30,4604,4607.9,4598.85,4607.45,2530,
2024-06-14 09:23:00+05:30,4605.5,4607.45,4600.35,4600.35,1167,
2024-06-14 09:24:00+05:30,4602.15,4606.55,4601.15,4605.05,2247,
2024-06-14 09:25:00+05:30,4605.05,4609.65,4598.9,4598.9,1330,
2024-06-14 09:26:00+05:30,4598.1,4603.45,4591.7,4591.7,1594,
2024-06-14 09:27:00+05:30,4591.7,4595,4590,4593.3,2736,
2024-06-14 09:28:00+05:30,4593.3,4595,4590.05,4592,1141,
2024-06-14 09:29:00+05:30,4593,4595.9,4588.9,4595,1054,
2024-06-14 09:30:00+05:30,4596.7,4599.5,4595,4597.8,1165,
2024-06-14 09:31:00+05:30,4597.8,4597.8,4589,4592.15,1552,
2024-06-14 09:32:00+05:30,4592.15,4592.15,4584.05,4591.7,3509,
2024-06-14 09:33:00+05:30,4591.7,4593.7,4589.8,4591.5,997,
2024-06-14 09:34:00+05:30,4591.5,4595,4591.5,4591.6,1490,
2024-06-14 09:35:00+05:30,4591.6,4593.4,4589,4590.1,448,
2024-06-14 09:36:00+05:30,4590.1,4591.2,4589,4590.9,228,
2024-06-14 09:37:00+05:30,4590,4590.45,4585,4585.15,1620,
2024-06-14 09:38:00+05:30,4585.15,4587.3,4582.5,4583.3,808,
2024-06-14 09:39:00+05:30,4584.8,4585.85,4579,4584.35,1526,
2024-06-14 09:40:00+05:30,4582.6,4584.5,4578.05,4583,2493,
2024-06-14 09:41:00+05:30,4583,4583.55,4580.4,4582,270,
2024-06-14 09:42:00+05:30,4579.6,4582.05,4579.5,4580.8,239,
2024-06-14 09:43:00+05:30,4581.1,4583.9,4581.1,4582.1,362,
2024-06-14 09:44:00+05:30,4582.1,4583.6,4579.3,4580,775,
2024-06-14 09:45:00+05:30,4578.05,4582.4,4578,4578,524,
2024-06-14 09:46:00+05:30,4578,4581,4578,4580,178,
2024-06-14 09:47:00+05:30,4580,4581,4579,4580.55,1784,
2024-06-14 09:48:00+05:30,4581.9,4582.45,4576.05,4577.2,1062,
2024-06-14 09:49:00+05:30,4577.2,4577.9,4575,4575.65,428,
2024-06-14 09:50:00+05:30,4575.65,4578,4572,4572,1551,
2024-06-14 09:51:00+05:30,4572,4574.75,4570.05,4573,1459,
2024-06-14 09:52:00+05:30,4573,4575,4571.65,4575,336,
2024-06-14 09:53:00+05:30,4575,4575.8,4572.3,4574.65,1721,
2024-06-14 09:54:00+05:30,4574.65,4575,4572,4572,537,
2024-06-14 09:55:00+05:30,4572,4577.2,4570.5,4577.2,1351,
2024-06-14 09:56:00+05:30,4577.2,4579,4576.6,4576.6,425,
2024-06-14 09:57:00+05:30,4576.6,4578,4572,4573.2,906,
2024-06-14 09:58:00+05:30,4573.2,4577.45,4573.2,4577.45,182,
2024-06-14 09:59:00+05:30,4577.45,4577.45,4574.6,4574.9,576,
2024-06-14 10:00:00+05:30,4576.65,4577.45,4571.1,4575,678,
2024-06-14 10:01:00+05:30,4572.55,4575,4571.5,4573.95,1155,
2024-06-14 10:02:00+05:30,4571.55,4573.95,4563.25,4566.9,2513,
2024-06-14 10:03:00+05:30,4569.75,4574.95,4568,4572.95,1336,
2024-06-14 10:04:00+05:30,4572.95,4574,4567.55,4567.55,1040,
2024-06-14 10:05:00+05:30,4567.55,4568.5,4567.45,4567.7,370,
2024-06-14 10:06:00+05:30,4568,4572.15,4568,4571.9,555,
2024-06-14 10:07:00+05:30,4573.25,4578,4570,4575,1336,
2024-06-14 10:08:00+05:30,4575,4579,4575,4579,708,
2024-06-14 10:09:00+05:30,4579,4579,4577.15,4578.3,375,
2024-06-14 10:10:00+05:30,4578.3,4580.55,4578.3,4580.55,513,
2024-06-14 10:11:00+05:30,4580.55,4580.75,4576,4576,763,
2024-06-14 10:12:00+05:30,4575.7,4578.45,4575.15,4578.45,145,
2024-06-14 10:13:00+05:30,4578.45,4578.7,4576,4578.25,72,
2024-06-14 10:14:00+05:30,4576.25,4579.95,4576.25,4577.4,206,
2024-06-14 10:15:00+05:30,4577.4,4579,4575.3,4578.15,462,
2024-06-14 10:16:00+05:30,4578.15,4578.15,4575.15,4575.4,71,
2024-06-14 10:17:00+05:30,4575.4,4577.25,4575,4575.25,304,
2024-06-14 10:18:00+05:30,4575.25,4577.25,4575.25,4577.25,225,
2024-06-14 10:19:00+05:30,4577.25,4577.25,4568.8,4572.2,2336,
2024-06-14 10:20:00+05:30,4572.2,4574.55,4570.95,4573.9,510,
2024-06-14 10:21:00+05:30,4573.9,4573.9,4570,4570,286,
2024-06-14 10:22:00+05:30,4572,4574.55,4572,4572.8,357,
2024-06-14 10:23:00+05:30,4570.85,4572.8,4570.85,4572.75,242,
2024-06-14 10:24:00+05:30,4572.75,4572.75,4570,4572.05,220,
2024-06-14 10:25:00+05:30,4572.05,4573.45,4570.6,4571.45,182,
2024-06-14 10:26:00+05:30,4571.45,4573,4570.55,4570.55,391,
2024-06-14 10:27:00+05:30,4570.55,4573.75,4570.55,4572.25,196,
2024-06-14 10:28:00+05:30,4572.25,4573.7,4570.05,4570.05,541,
2024-06-14 10:29:00+05:30,4571.25,4573.45,4570.3,4572.65,653,
2024-06-14 10:30:00+05:30,4572.65,4574,4572.4,4573.95,130,
2024-06-14 10:31:00+05:30,4573.95,4574,4570,4573.65,559,
2024-06-14 10:32:00+05:30,4573.65,4573.65,4573,4573.5,285,
2024-06-14 10:33:00+05:30,4573.5,4573.55,4572.7,4572.7,292,
2024-06-14 10:34:00+05:30,4572,4574,4571,4573.6,477,
2024-06-14 10:35:00+05:30,4575,4583,4575,4577.95,1307,
2024-06-14 10:36:00+05:30,4577.95,4578.7,4575.35,4578.05,481,
2024-06-14 10:37:00+05:30,4578.05,4587,4577.6,4584.9,3136,
2024-06-14 10:38:00+05:30,4584.9,4588,4583.05,4584.1,2473,
2024-06-14 10:39:00+05:30,4584.1,4588,4584.1,4588,96,
2024-06-14 10:40:00+05:30,4588,4589.9,4586,4589.85,721,
2024-06-14 10:41:00+05:30,4589.75,4590,4587.75,4590,588,
2024-06-14 10:42:00+05:30,4590,4590.9,4588.9,4590.9,2210,
2024-06-14 10:43:00+05:30,4589,4590.3,4588.35,4589.3,529,
2024-06-14 10:44:00+05:30,4589.3,4594.7,4589.3,4594.25,731,
2024-06-14 10:45:00+05:30,4594.25,4600,4593.25,4596.85,1160,
2024-06-14 10:46:00+05:30,4596.85,4600,4596.85,4600,1430,
2024-06-14 10:47:00+05:30,4600,4600,4597,4598.95,1470,
2024-06-14 10:48:00+05:30,4598.45,4598.55,4593.65,4595.3,573,
2024-06-14 10:49:00+05:30,4595.3,4597,4593.2,4593.9,886,
2024-06-14 10:50:00+05:30,4593.9,4596.3,4588.95,4592.1,1030,
2024-06-14 10:51:00+05:30,4592.1,4594.8,4589.75,4594,407,
2024-06-14 10:52:00+05:30,4594,4595.7,4593.5,4595.7,68,
2024-06-14 10:53:00+05:30,4595.7,4595.7,4593.55,4594,67,
2024-06-14 10:54:00+05:30,4594,4595.05,4593.65,4594.95,372,
2024-06-14 10:55:00+05:30,4594.95,4596,4593.7,4595.45,145,
2024-06-14 10:56:00+05:30,4596,4597.55,4595.45,4597.55,64,
2024-06-14 10:57:00+05:30,4597.55,4598.55,4595,4596,421,
2024-06-14 10:58:00+05:30,4596,4596.95,4592.4,4592.5,1109,
2024-06-14 10:59:00+05:30,4592.5,4593,4589.1,4589.1,455,
2024-06-14 11:00:00+05:30,4589.1,4590.95,4588.05,4588.05,218,
2024-06-14 11:01:00+05:30,4588.05,4588.05,4585,4587.9,161,
2024-06-14 11:02:00+05:30,4585.85,4588.25,4585,4585,293,
2024-06-14 11:03:00+05:30,4585.7,4587.3,4584.1,4584.1,167,
2024-06-14 11:04:00+05:30,4584.1,4584.6,4583.05,4584.5,185,
2024-06-14 11:05:00+05:30,4583,4584.5,4582.85,4583.5,94,
2024-06-14 11:06:00+05:30,4583.5,4584.5,4582.7,4584.1,148,
2024-06-14 11:07:00+05:30,4584.1,4584.5,4582.15,4584,285,
2024-06-14 11:08:00+05:30,4584,4584,4580,4581.05,187,
2024-06-14 11:09:00+05:30,4581.05,4581.05,4577.9,4577.9,393,
2024-06-14 11:10:00+05:30,4577.9,4579.65,4576.45,4579.65,345,
2024-06-14 11:11:00+05:30,4579.65,4580.55,4578.6,4579.65,39,
2024-06-14 11:12:00+05:30,4579.65,4584.35,4579.65,4582.4,364,
2024-06-14 11:13:00+05:30,4582.4,4584.5,4582.4,4584,143,
2024-06-14 11:14:00+05:30,4584,4584.5,4584,4584.5,52,
2024-06-14 11:15:00+05:30,4584.5,4585.7,4584.25,4585,108,
2024-06-14 11:16:00+05:30,4585,4585,4580.65,4581.5,513,
2024-06-14 11:17:00+05:30,4581.5,4583.85,4581.5,4582.6,134,
2024-06-14 11:18:00+05:30,4582.6,4585,4582.55,4582.95,231,
2024-06-14 11:19:00+05:30,4582.95,4584.6,4581.55,4581.55,136,
2024-06-14 11:20:00+05:30,4581.55,4583,4581.55,4583,31,
2024-06-14 11:21:00+05:30,4583,4584,4583,4583.35,33,
2024-06-14 11:22:00+05:30,4583.35,4584,4580,4580.2,400,
2024-06-14 11:23:00+05:30,4580,4580.95,4579,4579.65,233,
2024-06-14 11:24:00+05:30,4579.65,4582,4579.65,4579.8,53,
2024-06-14 11:25:00+05:30,4579.8,4579.8,4576.4,4577.7,455,
2024-06-14 11:26:00+05:30,4577.7,4579.75,4577.7,4579.75,55,
2024-06-14 11:27:00+05:30,4579.75,4579.75,4576.65,4579.35,434,
2024-06-14 11:28:00+05:30,4579.35,4579.35,4576,4576.35,324,
2024-06-14 11:29:00+05:30,4576.35,4579,4576.35,4577.5,189,
2024-06-14 11:30:00+05:30,4577.5,4580.55,4575.15,4580.55,326,
2024-06-14 11:31:00+05:30,4580.55,4580.55,4577.65,4578.1,57,
2024-06-14 11:32:00+05:30,4578.1,4581.4,4578.1,4581.3,92,
2024-06-14 11:33:00+05:30,4581.3,4582,4580.55,4582,179,
2024-06-14 11:34:00+05:30,4582.45,4582.8,4578.8,4580.7,852,
2024-06-14 11:35:00+05:30,4580.7,4581,4579,4580.75,833,
2024-06-14 11:36:00+05:30,4579.5,4581.4,4579.1,4579.65,78,
2024-06-14 11:37:00+05:30,4579.65,4581,4579.65,4579.9,81,
2024-06-14 11:38:00+05:30,4579.9,4581.4,4579.9,4581.4,46,
2024-06-14 11:39:00+05:30,4580.1,4581,4580.1,4580.1,35,
2024-06-14 11:40:00+05:30,4580.1,4581.4,4580.1,4581.4,70,
2024-06-14 11:41:00+05:30,4581.4,4583,4581,4583,319,
2024-06-14 11:42:00+05:30,4583,4585.8,4583,4584.95,294,
2024-06-14 11:43:00+05:30,4585.1,4586.8,4584.1,4586.8,537,
2024-06-14 11:44:00+05:30,4584.55,4587.4,4584.55,4585.65,132,
2024-06-14 11:45:00+05:30,4585.65,4587.3,4585.55,4586.95,68,
2024-06-14 11:46:00+05:30,4586.1,4587.25,4583.95,4583.95,314,
2024-06-14 11:47:00+05:30,4583.95,4583.95,4582.55,4583.55,161,
2024-06-14 11:48:00+05:30,4583.55,4583.55,4578.5,4580,552,
2024-06-14 11:49:00+05:30,4580.05,4581.85,4580.05,4580.55,47,
2024-06-14 11:50:00+05:30,4580.55,4581.85,4580.55,4580.55,57,
2024-06-14 11:51:00+05:30,4580.55,4582.15,4580.55,4582.05,71,
2024-06-14 11:52:00+05:30,4582.05,4582.7,4577.95,4577.95,409,
2024-06-14 11:53:00+05:30,4577.95,4580.4,4577.6,4578.25,128,
2024-06-14 11:54:00+05:30,4578.25,4578.25,4577.35,4577.75,100,
2024-06-14 11:55:00+05:30,4577.75,4578.45,4575.1,4575.1,323,
2024-06-14 11:56:00+05:30,4575.1,4575.5,4575,4575,428,
2024-06-14 11:57:00+05:30,4575,4576.4,4563.8,4567.15,4111,
2024-06-14 11:58:00+05:30,4567.3,4570,4566.7,4568.9,344,
2024-06-14 11:59:00+05:30,4568.9,4569.95,4565.8,4567.5,427,
2024-06-14 12:00:00+05:30,4567.5,4568.95,4564.05,4566.75,1426,
2024-06-14 12:01:00+05:30,4566.75,4568.8,4565.05,4568.15,319,
2024-06-14 12:02:00+05:30,4568.15,4568.3,4567,4568.3,141,
2024-06-14 12:03:00+05:30,4568.3,4569.75,4567.2,4567.2,131,
2024-06-14 12:04:00+05:30,4567.2,4569.4,4567.2,4567.2,121,
2024-06-14 12:05:00+05:30,4567.2,4569.55,4567.2,4567.55,98,
2024-06-14 12:06:00+05:30,4567.55,4569.5,4567.55,4568.05,21,
2024-06-14 12:07:00+05:30,4568.05,4568.05,4567.6,4567.6,224,
2024-06-14 12:08:00+05:30,4567.6,4567.6,4565,4565,195,
2024-06-14 12:09:00+05:30,4566.65,4566.8,4564,4566.8,450,
2024-06-14 12:10:00+05:30,4566.8,4566.8,4565.55,4566.05,670,
2024-06-14 12:11:00+05:30,4566.05,4567.8,4566.05,4567.8,84,
2024-06-14 12:12:00+05:30,4567.8,4568.05,4567.1,4568.05,107,
2024-06-14 12:13:00+05:30,4569,4570,4566.35,4566.45,434,
2024-06-14 12:14:00+05:30,4566.45,4569.35,4566.35,4569.3,589,
2024-06-14 12:15:00+05:30,4569.3,4570.3,4567.35,4568.2,229,
2024-06-14 12:16:00+05:30,4568.2,4570.85,4568.2,4570.75,338,
2024-06-14 12:17:00+05:30,4569,4570.95,4565,4565,921,
2024-06-14 12:18:00+05:30,4565,4565,4564.15,4564.15,407,
2024-06-14 12:19:00+05:30,4564.15,4564.4,4559.1,4560.1,2699,
2024-06-14 12:20:00+05:30,4560.1,4562.85,4559.1,4560,1402,
2024-06-14 12:21:00+05:30,4562.65,4562.65,4559.1,4562,2034,
2024-06-14 12:22:00+05:30,4562,4566.05,4560.85,4562.65,1372,
2024-06-14 12:23:00+05:30,4562.65,4564,4562,4562,736,
2024-06-14 12:24:00+05:30,4564,4564,4562.25,4562.4,185,
2024-06-14 12:25:00+05:30,4562,4564,4562,4562.05,250,
2024-06-14 12:26:00+05:30,4562.05,4564,4562.05,4564,229,
2024-06-14 12:27:00+05:30,4563.95,4570.7,4563.95,4570.7,664,
2024-06-14 12:28:00+05:30,4570.7,4570.7,4570,4570.05,633,
2024-06-14 12:29:00+05:30,4570.05,4570.7,4567.8,4569.95,381,
2024-06-14 12:30:00+05:30,4569,4570,4569,4570,1571,
2024-06-14 12:31:00+05:30,4573.95,4574.65,4573.4,4574,3237,
2024-06-14 12:32:00+05:30,4574,4574,4570,4570.8,1224,
2024-06-14 12:33:00+05:30,4570.8,4573.15,4570.6,4571.15,69,
2024-06-14 12:34:00+05:30,4571.15,4573.65,4571.15,4573.65,87,
2024-06-14 12:35:00+05:30,4573.65,4573.8,4571.25,4573.1,587,
2024-06-14 12:36:00+05:30,4573.1,4573.75,4572.2,4572.2,50,
2024-06-14 12:37:00+05:30,4572.2,4575.35,4572.2,4575.35,1501,
2024-06-14 12:38:00+05:30,4575.35,4577.2,4575.35,4575.9,367,
2024-06-14 12:39:00+05:30,4575.9,4578.15,4575.9,4578.15,237,
2024-06-14 12:40:00+05:30,4578.15,4578.15,4576.05,4576.95,138,
2024-06-14 12:41:00+05:30,4576.95,4578,4576.45,4577.45,40,
2024-06-14 12:42:00+05:30,4577.45,4577.95,4575,4575,207,
2024-06-14 12:43:00+05:30,4575,4575.5,4575,4575.1,1275,
2024-06-14 12:44:00+05:30,4575.1,4575.5,4575,4575.2,79,
2024-06-14 12:45:00+05:30,4575.2,4575.5,4575,4575.05,225,
2024-06-14 12:46:00+05:30,4575.5,4577.55,4575,4577.55,181,
2024-06-14 12:47:00+05:30,4575.15,4577.8,4575.1,4575.8,125,
2024-06-14 12:48:00+05:30,4575.8,4576.2,4575,4575.05,135,
2024-06-14 12:49:00+05:30,4575.05,4576,4574,4575,1118,
2024-06-14 12:50:00+05:30,4575,4576,4575,4575,40,
2024-06-14 12:51:00+05:30,4575,4576.2,4575,4575.4,219,
2024-06-14 12:52:00+05:30,4575.45,4577.55,4575,4575.55,164,
2024-06-14 12:53:00+05:30,4575.55,4576.8,4575,4575.6,390,
2024-06-14 12:54:00+05:30,4575.8,4578,4575.8,4576.45,238,
2024-06-14 12:55:00+05:30,4577.2,4578.7,4576.45,4578.7,90,
2024-06-14 12:56:00+05:30,4578.7,4578.7,4575.5,4578.5,563,
2024-06-14 12:57:00+05:30,4578.5,4579.2,4577.35,4579.05,115,
2024-06-14 12:58:00+05:30,4579.05,4579.05,4576.05,4577,392,
2024-06-14 12:59:00+05:30,4577,4578.85,4576.05,4578.15,418,
2024-06-14 13:00:00+05:30,4578.15,4580,4577.4,4580,122,
2024-06-14 13:01:00+05:30,4580,4581.3,4577.1,4577.1,10278,
2024-06-14 13:02:00+05:30,4577.1,4579.2,4576.05,4577.1,1858,
2024-06-14 13:03:00+05:30,4577.1,4578,4577.1,4578,37,
2024-06-14 13:04:00+05:30,4578,4581.5,4578,4581.15,135,
2024-06-14 13:05:00+05:30,4581.5,4582.45,4581.3,4582.1,133,
2024-06-14 13:06:00+05:30,4582.1,4583.3,4580,4581,348,
2024-06-14 13:07:00+05:30,4581,4583.7,4580,4581.65,366,
2024-06-14 13:08:00+05:30,4581.65,4583.35,4581.65,4582.25,47,
2024-06-14 13:09:00+05:30,4583.35,4583.35,4582.25,4583.2,105,
2024-06-14 13:10:00+05:30,4583.2,4583.35,4577.75,4583.35,794,
2024-06-14 13:11:00+05:30,4583.35,4584.9,4581.9,4583.3,260,
2024-06-14 13:12:00+05:30,4583.3,4585,4582.65,4585,5243,
2024-06-14 13:13:00+05:30,4585,4590.95,4585,4590,6848,
2024-06-14 13:14:00+05:30,4590.95,4592,4590.05,4592,198,
2024-06-14 13:15:00+05:30,4592.45,4593,4589.05,4589.15,248,
2024-06-14 13:16:00+05:30,4589.15,4590,4589.15,4589.5,105,
2024-06-14 13:17:00+05:30,4589.5,4589.5,4586.95,4589,367,
2024-06-14 13:18:00+05:30,4588.55,4588.55,4586.05,4588.45,185,
2024-06-14 13:19:00+05:30,4588.45,4588.45,4583.2,4583.45,135,
2024-06-14 13:20:00+05:30,4583.45,4585.6,4579.4,4580.2,475,
2024-06-14 13:21:00+05:30,4580.2,4586.6,4580.2,4583.55,100,
2024-06-14 13:22:00+05:30,4583.55,4586.95,4583.55,4586.95,223,
2024-06-14 13:23:00+05:30,4586.95,4586.95,4582.35,4582.75,2030,
2024-06-14 13:24:00+05:30,4582.75,4585,4582.75,4583.3,216,
2024-06-14 13:25:00+05:30,4583.3,4584.95,4583.3,4583.4,218,
2024-06-14 13:26:00+05:30,4583.4,4583.4,4580.05,4580.4,153,
2024-06-14 13:27:00+05:30,4580.4,4582.4,4580.05,4580.05,508,
2024-06-14 13:28:00+05:30,4580.05,4582.4,4579,4581.05,1452,
2024-06-14 13:29:00+05:30,4581.05,4584.95,4580,4582,1551,
2024-06-14 13:30:00+05:30,4582,4583.9,4581,4581.1,48,
2024-06-14 13:31:00+05:30,4581.1,4583.65,4581.1,4582.05,124,
2024-06-14 13:32:00+05:30,4582.05,4583.65,4581,4581.8,1823,
2024-06-14 13:33:00+05:30,4582.05,4583.7,4582,4583.7,424,
2024-06-14 13:34:00+05:30,4583.7,4584.9,4582.6,4583.25,5974,
2024-06-14 13:35:00+05:30,4584.35,4585,4583.3,4584,222,
2024-06-14 13:36:00+05:30,4584,4585,4584,4585,189,
2024-06-14 13:37:00+05:30,4585,4585,4584.35,4584.95,227,
2024-06-14 13:38:00+05:30,4584.55,4587.4,4584.35,4585.7,383,
2024-06-14 13:39:00+05:30,4585.7,4587.45,4585,4585,125,
2024-06-14 13:40:00+05:30,4585,4585,4584.1,4585,72,
2024-06-14 13:41:00+05:30,4585,4585,4582.55,4582.55,179,
2024-06-14 13:42:00+05:30,4582.55,4586.45,4582.55,4586.45,110,
2024-06-14 13:43:00+05:30,4586.45,4586.95,4584.1,4586.95,33,
2024-06-14 13:44:00+05:30,4584.65,4587,4584.4,4586.15,174,
2024-06-14 13:45:00+05:30,4586.15,4586.15,4584.4,4586,39,
2024-06-14 13:46:00+05:30,4586,4586.5,4585.05,4585.55,48,
2024-06-14 13:47:00+05:30,4585.55,4587,4585.55,4585.65,141,
2024-06-14 13:48:00+05:30,4585.65,4587,4584.8,4585.1,137,
2024-06-14 13:49:00+05:30,4585.1,4586.9,4584.8,4585.1,72,
2024-06-14 13:50:00+05:30,4585.1,4587,4584.9,4587,51,
2024-06-14 13:51:00+05:30,4587,4587,4584.6,4587,352,
2024-06-14 13:52:00+05:30,4587,4587,4585.45,4585.45,130,
2024-06-14 13:53:00+05:30,4585.55,4587,4585.5,4585.6,14,
2024-06-14 13:54:00+05:30,4585.6,4587,4585.6,4587,90,
2024-06-14 13:55:00+05:30,4587,4587,4582,4582,5808,
2024-06-14 13:56:00+05:30,4582,4583,4580,4581.35,714,
2024-06-14 13:57:00+05:30,4581.4,4586.7,4581.4,4583.85,149,
2024-06-14 13:58:00+05:30,4583.85,4586.65,4583.85,4584.75,84,
2024-06-14 13:59:00+05:30,4584.75,4584.75,4582.05,4582.35,321,
2024-06-14 14:00:00+05:30,4582.35,4586.25,4582.35,4584.35,510,
2024-06-14 14:01:00+05:30,4584.35,4586.2,4582.55,4584.55,370,
2024-06-14 14:02:00+05:30,4584.55,4585.35,4582.3,4582.55,82,
2024-06-14 14:03:00+05:30,4582.55,4584.65,4581.3,4582.8,96,
2024-06-14 14:04:00+05:30,4582.8,4583.95,4580.55,4580.55,96,
2024-06-14 14:05:00+05:30,4580.55,4583.25,4580.05,4581.65,119,
2024-06-14 14:06:00+05:30,4581.65,4581.7,4577.35,4577.55,447,
2024-06-14 14:07:00+05:30,4577.55,4578.5,4574.1,4574.25,578,
2024-06-14 14:08:00+05:30,4574.25,4575.65,4568,4568,360,
2024-06-14 14:09:00+05:30,4570,4574.35,4565.25,4574.35,984,
2024-06-14 14:10:00+05:30,4574.35,4576,4573.1,4576,180,
2024-06-14 14:11:00+05:30,4574.75,4576,4574.75,4575.95,128,
2024-06-14 14:12:00+05:30,4575.95,4577.3,4573.15,4573.15,407,
2024-06-14 14:13:00+05:30,4573.15,4577.45,4573,4575.05,871,
2024-06-14 14:14:00+05:30,4575.05,4578.4,4575.05,4576.45,99,
2024-06-14 14:15:00+05:30,4576.45,4576.45,4573.25,4575,310,
2024-06-14 14:16:00+05:30,4575,4577.5,4575,4575,101,
2024-06-14 14:17:00+05:30,4575,4576.45,4573.15,4576.3,234,
2024-06-14 14:18:00+05:30,4575.7,4576.65,4575,4575.1,206,
2024-06-14 14:19:00+05:30,4575.1,4577.9,4575,4575.25,148,
2024-06-14 14:20:00+05:30,4575.15,4578.7,4575.15,4576.5,199,
2024-06-14 14:21:00+05:30,4576.55,4579.2,4576.55,4576.6,135,
2024-06-14 14:22:00+05:30,4576.6,4578.95,4576.6,4576.6,143,
2024-06-14 14:23:00+05:30,4576.6,4579.95,4576.6,4577.35,145,
2024-06-14 14:24:00+05:30,4577.4,4579,4576.6,4578.85,286,
2024-06-14 14:25:00+05:30,4578.85,4580,4576.6,4578,226,
2024-06-14 14:26:00+05:30,4578,4580.9,4578,4579.25,288,
2024-06-14 14:27:00+05:30,4579.95,4581.9,4579.25,4579.25,164,
2024-06-14 14:28:00+05:30,4579.25,4580.6,4577.55,4580.35,142,
2024-06-14 14:29:00+05:30,4580.35,4580.35,4577,4577,109,
2024-06-14 14:30:00+05:30,4577,4581.5,4577,4581.5,659,
2024-06-14 14:31:00+05:30,4581.5,4583.5,4581.05,4581.2,339,
2024-06-14 14:32:00+05:30,4581.25,4584,4581.25,4583.55,271,
2024-06-14 14:33:00+05:30,4583.85,4587.25,4581.65,4582.75,985,
2024-06-14 14:34:00+05:30,4582.75,4585,4582.75,4583,392,
2024-06-14 14:35:00+05:30,4582.9,4584.95,4582.9,4583.4,671,
2024-06-14 14:36:00+05:30,4583,4585.7,4583,4584,546,
2024-06-14 14:37:00+05:30,4584,4587.05,4584,4586.35,751,
2024-06-14 14:38:00+05:30,4586.35,4588,4584,4584,1605,
2024-06-14 14:39:00+05:30,4584.3,4586.2,4583,4583,416,
2024-06-14 14:40:00+05:30,4583,4584.95,4583,4583.25,178,
2024-06-14 14:41:00+05:30,4583.05,4585,4583,4584,377,
2024-06-14 14:42:00+05:30,4584,4584.95,4583.3,4584,452,
2024-06-14 14:43:00+05:30,4584,4584.9,4584,4584.2,336,
2024-06-14 14:44:00+05:30,4584.25,4586,4582,4584,2201,
2024-06-14 14:45:00+05:30,4583.95,4585.9,4582.15,4585,758,
2024-06-14 14:46:00+05:30,4585,4586,4583.25,4585.45,133,
2024-06-14 14:47:00+05:30,4585.45,4586,4585.45,4585.6,397,
2024-06-14 14:48:00+05:30,4585.6,4585.9,4585,4585,189,
2024-06-14 14:49:00+05:30,4585,4587.6,4585,4585.7,226,
2024-06-14 14:50:00+05:30,4585.7,4589.55,4585.7,4589.3,275,
2024-06-14 14:51:00+05:30,4588.2,4590,4588.2,4588.25,215,
2024-06-14 14:52:00+05:30,4588.25,4588.85,4585.05,4586.9,172,
2024-06-14 14:53:00+05:30,4586.9,4588.6,4585,4588.35,377,
2024-06-14 14:54:00+05:30,4588.35,4592,4588.35,4590.15,1284,
2024-06-14 14:55:00+05:30,4590.15,4592,4590,4591.85,150,
2024-06-14 14:56:00+05:30,4591.9,4592,4590.15,4591,276,
2024-06-14 14:57:00+05:30,4591.85,4592,4590,4590,1713,
2024-06-14 14:58:00+05:30,4590,4592,4590,4590.15,607,
2024-06-14 14:59:00+05:30,4590.15,4592,4590.05,4590.05,172,
2024-06-14 15:00:00+05:30,4590.05,4592,4590,4591.95,295,
2024-06-14 15:01:00+05:30,4591.65,4592,4590.15,4590.75,319,
2024-06-14 15:02:00+05:30,4591.4,4592,4590,4590.5,400,
2024-06-14 15:03:00+05:30,4591.2,4591.2,4590,4590.4,507,
2024-06-14 15:04:00+05:30,4590.25,4590.45,4590,4590.1,530,
2024-06-14 15:05:00+05:30,4590.55,4595,4590.15,4594.05,1064,
2024-06-14 15:06:00+05:30,4594.05,4596.9,4592.45,4592.45,1793,
2024-06-14 15:07:00+05:30,4592.45,4593.25,4590,4592.15,735,
2024-06-14 15:08:00+05:30,4592.15,4593.7,4590,4591.05,3797,
2024-06-14 15:09:00+05:30,4592.6,4593,4589,4590.95,714,
2024-06-14 15:10:00+05:30,4590.95,4591.45,4584.05,4584.05,372,
2024-06-14 15:11:00+05:30,4582.7,4592.6,4582.7,4589.4,1201,
2024-06-14 15:12:00+05:30,4590.05,4592.9,4588.85,4592,831,
2024-06-14 15:13:00+05:30,4591.95,4594.45,4588.4,4589.15,1643,
2024-06-14 15:14:00+05:30,4589.15,4591.45,4583.75,4591.4,1252,
2024-06-14 15:15:00+05:30,4589.8,4592,4587.1,4589.9,762,
2024-06-14 15:16:00+05:30,4591.95,4592,4586.5,4589.35,1286,
2024-06-14 15:17:00+05:30,4587,4589.15,4586.2,4588.9,837,
2024-06-14 15:18:00+05:30,4588.95,4589.5,4584.25,4586.95,1123,
2024-06-14 15:19:00+05:30,4587.1,4588.5,4586.05,4588,628,
2024-06-14 15:20:00+05:30,4586.5,4588.25,4585.15,4585.4,1268,
2024-06-14 15:21:00+05:30,4585.35,4586.75,4584.35,4584.35,513,
2024-06-14 15:22:00+05:30,4584.65,4585,4582.6,4582.9,1216,
2024-06-14 15:23:00+05:30,4582.95,4585,4582.6,4585,917,
2024-06-14 15:24:00+05:30,4585,4586,4583.8,4585.05,1916,
2024-06-14 15:25:00+05:30,4585.05,4585.15,4585,4585.15,3594,
2024-06-14 15:26:00+05:30,4585,4585.2,4585,4585,1862,
2024-06-14 15:27:00+05:30,4585.05,4588,4585,4588,499,
2024-06-14 15:28:00+05:30,4588.2,4590,4585,4589.75,662,
2024-06-14 15:29:00+05:30,4589.95,4589.95,4585,4585,295,
2024-06-18 09:15:00+05:30,4521,4577.7,4521,4562.55,2154,
2024-06-18 09:16:00+05:30,4566.55,4569,4563.75,4565.05,986,
2024-06-18 09:17:00+05:30,4565.05,4574.05,4561.35,4569.35,2871,
2024-06-18 09:18:00+05:30,4569.4,4571.75,4560,4560,1070,
2024-06-18 09:19:00+05:30,4560,4563.1,4554.6,4558.15,1245,
2024-06-18 09:20:00+05:30,4558.15,4564.85,4550.85,4551.1,2754,
2024-06-18 09:21:00+05:30,4549.95,4553.9,4545.55,4545.55,2351,
2024-06-18 09:22:00+05:30,4547.5,4552.9,4546.55,4549.4,877,
2024-06-18 09:23:00+05:30,4549.55,4550,4545,4549.6,781,
2024-06-18 09:24:00+05:30,4549.6,4550,4544.55,4545.95,872,
2024-06-18 09:25:00+05:30,4548.8,4554,4548.8,4552.55,4490,
2024-06-18 09:26:00+05:30,4552.45,4552.45,4540,4543.7,1364,
2024-06-18 09:27:00+05:30,4547.15,4552.75,4544.45,4548.85,1236,
2024-06-18 09:28:00+05:30,4548.85,4550.9,4546.15,4548.65,696,
2024-06-18 09:29:00+05:30,4548.65,4556.25,4548.1,4556.25,995,
2024-06-18 09:30:00+05:30,4553.1,4564.05,4553.1,4564.05,943,
2024-06-18 09:31:00+05:30,4565,4573,4564.05,4567.7,1413,
2024-06-18 09:32:00+05:30,4567.7,4568,4563.1,4566.95,462,
2024-06-18 09:33:00+05:30,4566.95,4569.95,4561.35,4566.8,1724,
2024-06-18 09:34:00+05:30,4566.85,4573.75,4566.85,4570.3,1168,
2024-06-18 09:35:00+05:30,4570.3,4570.3,4567.55,4569.05,98,
2024-06-18 09:36:00+05:30,4569,4583.9,4569,4576.4,3196,
2024-06-18 09:37:00+05:30,4576,4576,4572.15,4573,108,
2024-06-18 09:38:00+05:30,4573,4575,4569.7,4571.4,748,
2024-06-18 09:39:00+05:30,4572.7,4573.8,4569.7,4573.5,485,
2024-06-18 09:40:00+05:30,4573.5,4574.9,4568.1,4571.45,354,
2024-06-18 09:41:00+05:30,4571.45,4571.45,4568.1,4569.95,267,
2024-06-18 09:42:00+05:30,4568.1,4576.4,4567.15,4576.4,242,
2024-06-18 09:43:00+05:30,4576.35,4579.05,4572.7,4575.95,1829,
2024-06-18 09:44:00+05:30,4573.25,4576.85,4569.35,4572.05,409,
2024-06-18 09:45:00+05:30,4572.05,4576.35,4567.55,4572.4,589,
2024-06-18 09:46:00+05:30,4572.4,4572.4,4568,4569.85,161,
2024-06-18 09:47:00+05:30,4569.85,4574,4568,4572.05,448,
2024-06-18 09:48:00+05:30,4572.05,4572.05,4567.85,4569.75,476,
2024-06-18 09:49:00+05:30,4569.75,4574.8,4567.85,4573.5,727,
2024-06-18 09:50:00+05:30,4573.6,4574.5,4566.9,4568.5,667,
2024-06-18 09:51:00+05:30,4568.5,4568.5,4563.9,4563.9,194,
2024-06-18 09:52:00+05:30,4563.9,4564.95,4560.1,4562.1,245,
2024-06-18 09:53:00+05:30,4562.85,4567.35,4560,4565.95,669,
2024-06-18 09:54:00+05:30,4561.1,4566.25,4560.55,4564.25,722,
2024-06-18 09:55:00+05:30,4564.25,4564.25,4560.5,4562.55,70,
2024-06-18 09:56:00+05:30,4562.55,4562.55,4560,4562,126,
2024-06-18 09:57:00+05:30,4560.6,4562,4556.25,4561.3,836,
2024-06-18 09:58:00+05:30,4561.3,4561.3,4555,4557.15,299,
2024-06-18 09:59:00+05:30,4557.15,4561.75,4557.15,4561.7,1363,
2024-06-18 10:00:00+05:30,4561.7,4567,4560.05,4560.15,203,
2024-06-18 10:01:00+05:30,4560,4561.9,4558,4558.1,457,
2024-06-18 10:02:00+05:30,4559.95,4563.1,4558,4558.5,315,
2024-06-18 10:03:00+05:30,4560.15,4560.25,4558,4558.9,245,
2024-06-18 10:04:00+05:30,4558.9,4562,4555.9,4561,517,
2024-06-18 10:05:00+05:30,4561.6,4567,4559.55,4567,307,
2024-06-18 10:06:00+05:30,4567,4568,4565,4566.8,408,
2024-06-18 10:07:00+05:30,4567.05,4568,4562.05,4562.6,576,
2024-06-18 10:08:00+05:30,4562.6,4562.6,4559,4560.75,336,
2024-06-18 10:09:00+05:30,4560.75,4562.95,4558.05,4559.95,982,
2024-06-18 10:10:00+05:30,4559.95,4559.95,4556.3,4558.95,207,
2024-06-18 10:11:00+05:30,4558.95,4558.95,4556.2,4558.35,234,
2024-06-18 10:12:00+05:30,4558.35,4561.8,4557,4558.25,474,
2024-06-18 10:13:00+05:30,4560.55,4560.6,4557.35,4559.55,319,
2024-06-18 10:14:00+05:30,4559.55,4559.85,4556.5,4559.65,351,
2024-06-18 10:15:00+05:30,4559.65,4559.65,4556,4558.25,797,
2024-06-18 10:16:00+05:30,4558.25,4560,4556.05,4558.85,262,
2024-06-18 10:17:00+05:30,4558.85,4559.2,4556,4556,212,
2024-06-18 10:18:00+05:30,4556,4557.15,4553,4555.9,3146,
2024-06-18 10:19:00+05:30,4555,4558,4550.35,4558,2450,
2024-06-18 10:20:00+05:30,4557.8,4557.8,4553.05,4555.8,1835,
2024-06-18 10:21:00+05:30,4555.8,4555.8,4555,4555,655,
2024-06-18 10:22:00+05:30,4555,4555.75,4555,4555.05,689,
2024-06-18 10:23:00+05:30,4555.05,4556,4550.45,4554.25,4157,
2024-06-18 10:24:00+05:30,4554.25,4555.75,4546.8,4546.9,4033,
2024-06-18 10:25:00+05:30,4547,4548.85,4546.5,4546.5,741,
2024-06-18 10:26:00+05:30,4546.5,4548.4,4546.5,4547.1,929,
2024-06-18 10:27:00+05:30,4546.85,4550,4546.7,4549.85,530,
2024-06-18 10:28:00+05:30,4549.85,4550,4547.15,4548,488,
2024-06-18 10:29:00+05:30,4548,4548,4546.5,4547,801,
2024-06-18 10:30:00+05:30,4547,4547.55,4546.6,4547.5,456,
2024-06-18 10:31:00+05:30,4547.5,4550,4546.5,4547.7,240,
2024-06-18 10:32:00+05:30,4547.7,4548.4,4546.5,4546.5,292,
2024-06-18 10:33:00+05:30,4546.25,4547,4537,4537,1095,
2024-06-18 10:34:00+05:30,4536.7,4538.5,4535.35,4536,447,
2024-06-18 10:35:00+05:30,4536,4537.5,4532.1,4532.45,906,
2024-06-18 10:36:00+05:30,4532.45,4534.7,4530,4530.1,224,
2024-06-18 10:37:00+05:30,4531.35,4531.35,4525,4525.25,1527,
2024-06-18 10:38:00+05:30,4525.25,4527,4521,4525.4,2023,
2024-06-18 10:39:00+05:30,4526,4530,4526,4528,928,
2024-06-18 10:40:00+05:30,4528,4528.4,4526,4528.35,615,
2024-06-18 10:41:00+05:30,4529.5,4534.8,4528.95,4530.65,410,
2024-06-18 10:42:00+05:30,4530.65,4532.95,4530.3,4532.35,149,
2024-06-18 10:43:00+05:30,4535,4538.3,4532.35,4537.65,529,
2024-06-18 10:44:00+05:30,4537.65,4538,4535,4535,321,
2024-06-18 10:45:00+05:30,4535,4536.3,4534,4535,74,
2024-06-18 10:46:00+05:30,4535.9,4535.9,4532.95,4533,231,
2024-06-18 10:47:00+05:30,4533,4534.5,4532.95,4533,164,
2024-06-18 10:48:00+05:30,4534.35,4536,4532.95,4533.1,173,
2024-06-18 10:49:00+05:30,4533.1,4535,4533.1,4533.1,87,
2024-06-18 10:50:00+05:30,4533.1,4534.7,4530.5,4531.75,180,
2024-06-18 10:51:00+05:30,4531.7,4534,4530.05,4530.05,107,
2024-06-18 10:52:00+05:30,4530.05,4532.15,4527,4528,648,
2024-06-18 10:53:00+05:30,4528,4528.4,4525,4525,340,
2024-06-18 10:54:00+05:30,4527.55,4529.25,4526,4528.75,218,
2024-06-18 10:55:00+05:30,4529.95,4532.1,4527.5,4532.1,166,
2024-06-18 10:56:00+05:30,4532.1,4533.4,4529.35,4533.4,181,
2024-06-18 10:57:00+05:30,4533.4,4533.4,4531,4531,208,
2024-06-18 10:58:00+05:30,4531,4531,4529.3,4530.65,129,
2024-06-18 10:59:00+05:30,4530.65,4530.95,4528.75,4528.75,124,
2024-06-18 11:00:00+05:30,4528.75,4529.15,4528.2,4528.5,41,
2024-06-18 11:01:00+05:30,4528.5,4531,4528,4529.25,404,
2024-06-18 11:02:00+05:30,4529.25,4531.55,4528.55,4528.7,606,
2024-06-18 11:03:00+05:30,4528.1,4533.2,4528,4531.15,347,
2024-06-18 11:04:00+05:30,4531.75,4531.85,4529,4529,109,
2024-06-18 11:05:00+05:30,4529,4537.35,4529,4535.75,694,
2024-06-18 11:06:00+05:30,4535.75,4535.75,4531.3,4532,316,
2024-06-18 11:07:00+05:30,4532,4532.95,4531.55,4531.55,56,
2024-06-18 11:08:00+05:30,4532.5,4532.5,4531.55,4531.55,121,
2024-06-18 11:09:00+05:30,4531.55,4535,4531.55,4533,189,
2024-06-18 11:10:00+05:30,4533,4534.6,4532,4532.45,145,
2024-06-18 11:11:00+05:30,4532.45,4532.45,4529,4529,715,
2024-06-18 11:12:00+05:30,4529,4530.4,4529,4529.9,284,
2024-06-18 11:13:00+05:30,4529.9,4529.9,4529,4529.85,171,
2024-06-18 11:14:00+05:30,4529.85,4529.9,4528.6,4529.9,151,
2024-06-18 11:15:00+05:30,4529.9,4534.6,4528.15,4534.1,590,
2024-06-18 11:16:00+05:30,4532.25,4537.9,4531.65,4535.7,205,
2024-06-18 11:17:00+05:30,4535.7,4539,4535.7,4538.4,594,
2024-06-18 11:18:00+05:30,4539,4540,4536.45,4540,669,
2024-06-18 11:19:00+05:30,4539.95,4540,4536,4538.3,182,
2024-06-18 11:20:00+05:30,4538.3,4540,4536,4540,661,
2024-06-18 11:21:00+05:30,4540,4540,4536.1,4538.5,215,
2024-06-18 11:22:00+05:30,4538.5,4538.5,4536,4536.65,234,
2024-06-18 11:23:00+05:30,4536.65,4536.65,4536,4536.15,73,
2024-06-18 11:24:00+05:30,4536,4536,4533.85,4533.9,274,
2024-06-18 11:25:00+05:30,4533.9,4535.7,4533.2,4534,213,
2024-06-18 11:26:00+05:30,4534,4534,4530.4,4530.4,104,
2024-06-18 11:27:00+05:30,4530.2,4540,4530.05,4539.55,1467,
2024-06-18 11:28:00+05:30,4539.55,4539.55,4534.55,4536.8,183,
2024-06-18 11:29:00+05:30,4536.8,4537.75,4535.7,4536.05,117,
2024-06-18 11:30:00+05:30,4536.05,4537.95,4535.8,4537.05,60,
2024-06-18 11:31:00+05:30,4537.9,4539.45,4537.9,4537.9,297,
2024-06-18 11:32:00+05:30,4537.9,4547.25,4537.7,4547.25,1230,
2024-06-18 11:33:00+05:30,4547.25,4547.95,4542.6,4546.5,833,
2024-06-18 11:34:00+05:30,4546.5,4546.9,4543.85,4546,507,
2024-06-18 11:35:00+05:30,4546,4546,4542.75,4544.45,222,
2024-06-18 11:36:00+05:30,4543.5,4544.25,4542.35,4542.85,198,
2024-06-18 11:37:00+05:30,4542.45,4542.45,4540.1,4540.65,508,
2024-06-18 11:38:00+05:30,4540.1,4541.25,4540,4540.15,296,
2024-06-18 11:39:00+05:30,4540,4540,4538.15,4539.8,356,
2024-06-18 11:40:00+05:30,4539.7,4542.05,4539.7,4541.35,377,
2024-06-18 11:41:00+05:30,4541.35,4541.35,4540,4540.05,285,
2024-06-18 11:42:00+05:30,4540.15,4541,4539,4539.9,377,
2024-06-18 11:43:00+05:30,4539.9,4540,4538.25,4538.85,280,
2024-06-18 11:44:00+05:30,4538.85,4540,4538.1,4539.05,301,
2024-06-18 11:45:00+05:30,4539.9,4539.9,4537.8,4538.45,191,
2024-06-18 11:46:00+05:30,4538.45,4538.9,4537.85,4538.85,83,
2024-06-18 11:47:00+05:30,4538.25,4538.85,4535,4535.7,510,
2024-06-18 11:48:00+05:30,4535.3,4538.5,4535.3,4538.5,223,
2024-06-18 11:49:00+05:30,4538.5,4538.65,4537.1,4538.65,193,
2024-06-18 11:50:00+05:30,4539.65,4540,4538.2,4539.75,133,
2024-06-18 11:51:00+05:30,4539.75,4540,4537.6,4537.75,177,
2024-06-18 11:52:00+05:30,4537.75,4541.85,4537.75,4539.95,904,
2024-06-18 11:53:00+05:30,4539.95,4540,4537.9,4539.9,117,
2024-06-18 11:54:00+05:30,4539.9,4541.95,4539.9,4541.95,325,
2024-06-18 11:55:00+05:30,4541.95,4541.95,4539.9,4540,170,
2024-06-18 11:56:00+05:30,4540,4540.35,4538.85,4538.85,348,
2024-06-18 11:57:00+05:30,4538.85,4539.15,4537.4,4537.8,75,
2024-06-18 11:58:00+05:30,4537.6,4539.1,4537.6,4538.35,69,
2024-06-18 11:59:00+05:30,4538.35,4541.9,4538.35,4541.85,368,
2024-06-18 12:00:00+05:30,4541.85,4541.9,4537,4537.05,228,
2024-06-18 12:01:00+05:30,4537.05,4539,4535.65,4536.65,234,
2024-06-18 12:02:00+05:30,4538.3,4538.9,4535.5,4537.4,251,
2024-06-18 12:03:00+05:30,4537.4,4537.4,4535.65,4536,78,
2024-06-18 12:04:00+05:30,4536.2,4536.35,4536,4536,100,
2024-06-18 12:05:00+05:30,4536.3,4539.35,4535.7,4537.9,133,
2024-06-18 12:06:00+05:30,4537.9,4539.95,4536.05,4538.75,107,
2024-06-18 12:07:00+05:30,4538.75,4539.95,4536.95,4537.75,271,
2024-06-18 12:08:00+05:30,4537.75,4539.95,4537.2,4539.95,159,
2024-06-18 12:09:00+05:30,4539.95,4539.95,4538,4538.3,250,
2024-06-18 12:10:00+05:30,4538.3,4540.4,4537.95,4537.95,274,
2024-06-18 12:11:00+05:30,4538.5,4539.4,4537.95,4537.95,291,
2024-06-18 12:12:00+05:30,4538.4,4539.8,4537.95,4538.4,286,
2024-06-18 12:13:00+05:30,4538.4,4540.8,4538.4,4539.15,332,
2024-06-18 12:14:00+05:30,4539.15,4539.2,4538.4,4538.45,118,
2024-06-18 12:15:00+05:30,4538.45,4539.95,4538.4,4539.7,247,
2024-06-18 12:16:00+05:30,4539.7,4539.85,4538.4,4539.65,179,
2024-06-18 12:17:00+05:30,4539.65,4539.8,4538,4538.05,160,
2024-06-18 12:18:00+05:30,4537.4,4538,4536.3,4537.05,172,
2024-06-18 12:19:00+05:30,4536.3,4537.05,4536,4536,107,
2024-06-18 12:20:00+05:30,4536,4536.95,4536,4536,180,
2024-06-18 12:21:00+05:30,4536,4537,4535.7,4536,89,
2024-06-18 12:22:00+05:30,4536,4536.95,4535.3,4536.5,205,
2024-06-18 12:23:00+05:30,4535.3,4536.5,4535.3,4536.5,95,
2024-06-18 12:24:00+05:30,4536.45,4536.6,4535,4535,127,
2024-06-18 12:25:00+05:30,4535,4536,4535,4535.1,99,
2024-06-18 12:26:00+05:30,4535.45,4535.45,4532.95,4532.95,494,
2024-06-18 12:27:00+05:30,4534.7,4534.7,4532.6,4534,180,
2024-06-18 12:28:00+05:30,4534,4534,4532.5,4533.15,212,
2024-06-18 12:29:00+05:30,4533,4535.95,4533,4534.7,545,
2024-06-18 12:30:00+05:30,4532.3,4534.6,4531.3,4531.65,320,
2024-06-18 12:31:00+05:30,4531.65,4533.6,4531.3,4533.6,193,
2024-06-18 12:32:00+05:30,4533.2,4533.2,4532,4532,51,
2024-06-18 12:33:00+05:30,4532,4532.7,4531.35,4531.7,109,
2024-06-18 12:34:00+05:30,4531.7,4533.6,4531.35,4533.6,267,
2024-06-18 12:35:00+05:30,4533.6,4533.75,4532.55,4533.75,133,
2024-06-18 12:36:00+05:30,4533.75,4533.9,4532,4532.45,114,
2024-06-18 12:37:00+05:30,4532.45,4533.8,4532.45,4533.15,56,
2024-06-18 12:38:00+05:30,4533.15,4535,4532.45,4534.2,538,
2024-06-18 12:39:00+05:30,4533.1,4535.4,4533,4535.4,381,
2024-06-18 12:40:00+05:30,4535.4,4536,4534.75,4535.9,336,
2024-06-18 12:41:00+05:30,4535.9,4535.95,4533.15,4533.15,62,
2024-06-18 12:42:00+05:30,4533.15,4535,4533,4534.15,106,
2024-06-18 12:43:00+05:30,4534.15,4534.55,4532.95,4533.55,89,
2024-06-18 12:44:00+05:30,4533.55,4534.55,4533.55,4533.95,97,
2024-06-18 12:45:00+05:30,4535,4535,4533.3,4534.95,239,
2024-06-18 12:46:00+05:30,4533.35,4534.8,4532,4532,444,
2024-06-18 12:47:00+05:30,4532,4532.3,4530.2,4531.45,322,
2024-06-18 12:48:00+05:30,4531.4,4531.4,4530,4530,178,
2024-06-18 12:49:00+05:30,4530,4531.2,4530,4531.2,198,
2024-06-18 12:50:00+05:30,4530,4532,4530,4530.75,190,
2024-06-18 12:51:00+05:30,4530.95,4531.95,4529.3,4529.55,904,
2024-06-18 12:52:00+05:30,4529.55,4532,4529.45,4531,493,
2024-06-18 12:53:00+05:30,4530.05,4531.9,4529,4529.35,202,
2024-06-18 12:54:00+05:30,4529.35,4529.85,4529,4529.85,168,
2024-06-18 12:55:00+05:30,4529.85,4532,4529.55,4532,381,
2024-06-18 12:56:00+05:30,4532,4532.9,4529.2,4529.35,264,
2024-06-18 12:57:00+05:30,4529.35,4531.75,4529,4529.55,653,
2024-06-18 12:58:00+05:30,4529.55,4531.8,4529,4531.4,480,
2024-06-18 12:59:00+05:30,4531.4,4536.2,4530.55,4536.2,545,
2024-06-18 13:00:00+05:30,4536.2,4538.2,4534,4538.05,600,
2024-06-18 13:01:00+05:30,4538.05,4538.55,4535.1,4535.9,450,
2024-06-18 13:02:00+05:30,4535.9,4538.95,4535.05,4537.95,597,
2024-06-18 13:03:00+05:30,4537.95,4540,4536.5,4540,972,
2024-06-18 13:04:00+05:30,4540,4540,4536.25,4538.8,666,
2024-06-18 13:05:00+05:30,4538.8,4541.75,4536.55,4541.75,906,
2024-06-18 13:06:00+05:30,4541.75,4543,4540.05,4542.75,437,
2024-06-18 13:07:00+05:30,4542.75,4544,4541.1,4541.5,650,
2024-06-18 13:08:00+05:30,4541.5,4543.8,4540.95,4540.95,448,
2024-06-18 13:09:00+05:30,4540.55,4542.9,4538.5,4538.5,464,
2024-06-18 13:10:00+05:30,4538.5,4538.8,4536.05,4538.65,484,
2024-06-18 13:11:00+05:30,4538.65,4542.15,4536.7,4542.1,358,
2024-06-18 13:12:00+05:30,4542.1,4543.8,4539.9,4542.55,551,
2024-06-18 13:13:00+05:30,4542.55,4542.55,4538.95,4538.95,504,
2024-06-18 13:14:00+05:30,4538.95,4542.1,4538.3,4539.05,365,
2024-06-18 13:15:00+05:30,4539.05,4541.25,4538.1,4538.1,672,
2024-06-18 13:16:00+05:30,4538.1,4541.85,4538.1,4538.25,399,
2024-06-18 13:17:00+05:30,4538.25,4541.85,4538.25,4541.55,776,
2024-06-18 13:18:00+05:30,4541.55,4543.35,4540,4541,685,
2024-06-18 13:19:00+05:30,4541,4543.45,4536.5,4536.5,1395,
2024-06-18 13:20:00+05:30,4536.3,4541.45,4536.3,4541.2,385,
2024-06-18 13:21:00+05:30,4541.2,4541.35,4536,4536.15,487,
2024-06-18 13:22:00+05:30,4536.15,4540.85,4536.15,4537.1,399,
2024-06-18 13:23:00+05:30,4536.4,4541,4536.4,4538.9,495,
2024-06-18 13:24:00+05:30,4538.9,4541.6,4537.65,4539.8,613,
2024-06-18 13:25:00+05:30,4539.8,4542.3,4538.9,4541.75,633,
2024-06-18 13:26:00+05:30,4541.75,4543.25,4539.55,4542.45,628,
2024-06-18 13:27:00+05:30,4540.2,4542.75,4539.15,4542.6,370,
2024-06-18 13:28:00+05:30,4542.6,4543.15,4538.7,4540.75,456,
2024-06-18 13:29:00+05:30,4540.75,4545,4540,4544.4,800,
2024-06-18 13:30:00+05:30,4544.4,4544.85,4541.45,4542.1,508,
2024-06-18 13:31:00+05:30,4542.1,4544.5,4541,4541.05,466,
2024-06-18 13:32:00+05:30,4541.05,4543.85,4540.6,4540.6,434,
2024-06-18 13:33:00+05:30,4540.6,4543.45,4540.6,4540.8,474,
2024-06-18 13:34:00+05:30,4540.8,4542.85,4540,4541.65,390,
2024-06-18 13:35:00+05:30,4540,4542.3,4538.9,4538.9,379,
2024-06-18 13:36:00+05:30,4539.3,4542.6,4539.05,4541.55,408,
2024-06-18 13:37:00+05:30,4541.55,4542.35,4538,4540.35,540,
2024-06-18 13:38:00+05:30,4540.35,4542,4537.7,4540.35,590,
2024-06-18 13:39:00+05:30,4540.35,4542,4539.5,4541.75,422,
2024-06-18 13:40:00+05:30,4539.5,4543,4539.5,4542.9,297,
2024-06-18 13:41:00+05:30,4542.9,4543,4540.2,4540.7,610,
2024-06-18 13:42:00+05:30,4540.7,4543.7,4540.6,4543.4,375,
2024-06-18 13:43:00+05:30,4543.4,4545,4541.35,4544.7,439,
2024-06-18 13:44:00+05:30,4544.8,4545.95,4542.5,4545.95,434,
2024-06-18 13:45:00+05:30,4545.95,4546.75,4542.85,4546.1,510,
2024-06-18 13:46:00+05:30,4546.1,4547.8,4543.35,4544,571,
2024-06-18 13:47:00+05:30,4544,4547.5,4542.45,4544.1,588,
2024-06-18 13:48:00+05:30,4543.85,4549,4543.85,4547.65,514,
2024-06-18 13:49:00+05:30,4547.65,4550,4545,4547.5,598,
2024-06-18 13:50:00+05:30,4547.5,4548.2,4545,4547.25,430,
2024-06-18 13:51:00+05:30,4547.25,4549.4,4545.95,4549.35,521,
2024-06-18 13:52:00+05:30,4549.35,4550,4546.2,4549.95,413,
2024-06-18 13:53:00+05:30,4549.95,4550,4546.6,4546.6,398,
2024-06-18 13:54:00+05:30,4548.7,4549.7,4546.6,4546.6,448,
2024-06-18 13:55:00+05:30,4546.6,4549.4,4546.6,4549.05,492,
2024-06-18 13:56:00+05:30,4549.05,4549.3,4542.1,4542.15,1076,
2024-06-18 13:57:00+05:30,4542.05,4545.6,4541.45,4545.6,382,
2024-06-18 13:58:00+05:30,4545.75,4547.45,4541.45,4541.45,1260,
2024-06-18 13:59:00+05:30,4541.45,4545.55,4540.9,4543.65,377,
2024-06-18 14:00:00+05:30,4543.65,4547.45,4542.2,4546.2,374,
2024-06-18 14:01:00+05:30,4546.2,4548,4544.05,4546.1,426,
2024-06-18 14:02:00+05:30,4546.1,4548.7,4545.5,4548.7,595,
2024-06-18 14:03:00+05:30,4548.7,4549.4,4545.65,4549.4,700,
2024-06-18 14:04:00+05:30,4549.4,4551,4547.75,4550.95,1620,
2024-06-18 14:05:00+05:30,4550.95,4550.95,4548,4548,356,
2024-06-18 14:06:00+05:30,4547,4550.6,4545.6,4548.1,655,
2024-06-18 14:07:00+05:30,4545.95,4547.05,4538.3,4544.1,1933,
2024-06-18 14:08:00+05:30,4544.1,4549.7,4544.1,4549.7,487,
2024-06-18 14:09:00+05:30,4549.7,4550.5,4545.9,4549.45,1648,
2024-06-18 14:10:00+05:30,4549.45,4549.65,4546.4,4549.65,349,
2024-06-18 14:11:00+05:30,4549.65,4549.65,4545.9,4545.9,699,
2024-06-18 14:12:00+05:30,4545.9,4548.8,4545.5,4545.5,358,
2024-06-18 14:13:00+05:30,4545.5,4548.8,4545.5,4545.85,380,
2024-06-18 14:14:00+05:30,4546.45,4548.8,4545.4,4548.7,365,
2024-06-18 14:15:00+05:30,4548.75,4548.85,4546.2,4548.35,454,
2024-06-18 14:16:00+05:30,4548.35,4549.7,4546.65,4546.65,461,
2024-06-18 14:17:00+05:30,4546.65,4548.75,4545.65,4545.65,421,
2024-06-18 14:18:00+05:30,4545.85,4549,4545.35,4549,379,
2024-06-18 14:19:00+05:30,4549,4549,4546.45,4547.15,348,
2024-06-18 14:20:00+05:30,4549,4549.3,4546.25,4547.8,464,
2024-06-18 14:21:00+05:30,4549.4,4550.3,4547.35,4550.3,774,
2024-06-18 14:22:00+05:30,4550.3,4550.3,4547.25,4550.3,301,
2024-06-18 14:23:00+05:30,4550.3,4551.5,4548.15,4548.3,432,
2024-06-18 14:24:00+05:30,4548.3,4550,4547,4547,661,
2024-06-18 14:25:00+05:30,4549.25,4550,4547.45,4550,273,
2024-06-18 14:26:00+05:30,4550,4550.35,4550,4550.05,202,
2024-06-18 14:27:00+05:30,4550.35,4550.35,4549.85,4550.25,310,
2024-06-18 14:28:00+05:30,4550.25,4550.9,4549,4550,742,
2024-06-18 14:29:00+05:30,4550,4550.85,4547,4549.5,471,
2024-06-18 14:30:00+05:30,4549.5,4550.9,4549.5,4550,487,
2024-06-18 14:31:00+05:30,4550,4550.9,4548.9,4550,183,
2024-06-18 14:32:00+05:30,4550.75,4550.75,4550,4550.6,212,
2024-06-18 14:33:00+05:30,4550.6,4550.6,4550,4550,79,
2024-06-18 14:34:00+05:30,4550,4550.6,4550,4550.6,266,
2024-06-18 14:35:00+05:30,4550,4550.75,4548.45,4550,164,
2024-06-18 14:36:00+05:30,4550,4550.75,4546.1,4550.05,1593,
2024-06-18 14:37:00+05:30,4550.05,4550.45,4547.4,4549.65,655,
2024-06-18 14:38:00+05:30,4549.65,4550.05,4549.6,4550,220,
2024-06-18 14:39:00+05:30,4550,4550.5,4550,4550,144,
2024-06-18 14:40:00+05:30,4550,4550.5,4550,4550.05,123,
2024-06-18 14:41:00+05:30,4550,4550.5,4550,4550.5,40,
2024-06-18 14:42:00+05:30,4550.5,4553.2,4548.3,4553.2,1494,
2024-06-18 14:43:00+05:30,4553.5,4555.95,4553,4554,443,
2024-06-18 14:44:00+05:30,4554,4554,4551.2,4551.5,116,
2024-06-18 14:45:00+05:30,4551.5,4552.5,4550,4550.8,1232,
2024-06-18 14:46:00+05:30,4550.8,4553.35,4550.35,4550.35,672,
2024-06-18 14:47:00+05:30,4552.35,4552.8,4550,4550,1264,
2024-06-18 14:48:00+05:30,4550.3,4551.85,4548,4551.6,1590,
2024-06-18 14:49:00+05:30,4551.6,4551.85,4548,4550.4,365,
2024-06-18 14:50:00+05:30,4551.45,4552,4550,4550,71,
2024-06-18 14:51:00+05:30,4550,4551.85,4550,4550.05,900,
2024-06-18 14:52:00+05:30,4550.05,4550.05,4548,4549.5,427,
2024-06-18 14:53:00+05:30,4549.9,4551.65,4549.9,4550,121,
2024-06-18 14:54:00+05:30,4550,4552,4550,4552,142,
2024-06-18 14:55:00+05:30,4552,4552,4550.1,4550.3,577,
2024-06-18 14:56:00+05:30,4552,4552,4550,4550,215,
2024-06-18 14:57:00+05:30,4550,4551.7,4548,4550,614,
2024-06-18 14:58:00+05:30,4550,4553,4550,4551.9,1166,
2024-06-18 14:59:00+05:30,4550,4551.85,4550,4550,262,
2024-06-18 15:00:00+05:30,4550.9,4560,4550.1,4559.55,1584,
2024-06-18 15:01:00+05:30,4558.3,4558.3,4555,4555.9,1161,
2024-06-18 15:02:00+05:30,4555.9,4555.95,4554.8,4554.8,1111,
2024-06-18 15:03:00+05:30,4554.35,4560,4553.9,4559.35,988,
2024-06-18 15:04:00+05:30,4559.25,4559.95,4556.3,4559.95,875,
2024-06-18 15:05:00+05:30,4559.95,4563.25,4559.85,4561.5,2815,
2024-06-18 15:06:00+05:30,4561.55,4564.85,4561,4563.75,1456,
2024-06-18 15:07:00+05:30,4562.3,4567.75,4562.3,4567,1554,
2024-06-18 15:08:00+05:30,4567,4567,4564.2,4565.05,1015,
2024-06-18 15:09:00+05:30,4566.9,4568,4564.1,4568,1593,
2024-06-18 15:10:00+05:30,4567.85,4567.85,4561.2,4565.1,1918,
2024-06-18 15:11:00+05:30,4565.1,4567,4563.5,4565.5,1595,
2024-06-18 15:12:00+05:30,4565.5,4566.9,4563.5,4565.8,1495,
2024-06-18 15:13:00+05:30,4565.8,4566.25,4560.15,4563,3837,
2024-06-18 15:14:00+05:30,4562.5,4564.5,4560.3,4564.5,1027,
2024-06-18 15:15:00+05:30,4564.35,4565,4560.95,4564.5,1219,
2024-06-18 15:16:00+05:30,4564.5,4566.65,4561.8,4562.25,1975,
2024-06-18 15:17:00+05:30,4562.05,4564.15,4561,4563.1,1225,
2024-06-18 15:18:00+05:30,4563.15,4565,4563.1,4565,1248,
2024-06-18 15:19:00+05:30,4565,4565,4560.35,4562.95,2366,
2024-06-18 15:20:00+05:30,4563.05,4566.85,4563.05,4566.45,1431,
2024-06-18 15:21:00+05:30,4566.4,4566.85,4565.05,4566.4,1457,
2024-06-18 15:22:00+05:30,4566.4,4566.4,4565.05,4566.35,1205,
2024-06-18 15:23:00+05:30,4566.4,4566.4,4561.8,4564.5,2043,
2024-06-18 15:24:00+05:30,4564.5,4568.75,4561.8,4568.75,1409,
2024-06-18 15:25:00+05:30,4568,4570,4567.95,4569.9,1487,
2024-06-18 15:26:00+05:30,4569.95,4574,4566.25,4571.4,2492,
2024-06-18 15:27:00+05:30,4569.95,4572.5,4561.1,4564.5,1890,
2024-06-18 15:28:00+05:30,4564.85,4574,4560.05,4570,3344,
2024-06-18 15:29:00+05:30,4570,4580,4570,4570,799,
2024-06-19 09:15:00+05:30,4565,4575.5,4543.15,4551.55,2510,
2024-06-19 09:16:00+05:30,4551.55,4565.75,4551.55,4561.3,1384,
2024-06-19 09:17:00+05:30,4564.75,4564.75,4556.55,4564,759,
2024-06-19 09:18:00+05:30,4564,4567.8,4560.75,4560.75,490,
2024-06-19 09:19:00+05:30,4559.5,4564.1,4553.55,4554.8,464,
2024-06-19 09:20:00+05:30,4551.7,4555.4,4546.8,4555,1879,
2024-06-19 09:21:00+05:30,4552.6,4561.45,4551.35,4556,3898,
2024-06-19 09:22:00+05:30,4556,4558.4,4551.4,4551.45,437,
2024-06-19 09:23:00+05:30,4551.45,4554.6,4551.45,4553.75,37,
2024-06-19 09:24:00+05:30,4553.75,4553.75,4548.7,4548.7,72,
2024-06-19 09:25:00+05:30,4551.5,4551.5,4546.8,4546.8,519,
2024-06-19 09:26:00+05:30,4546.8,4549.65,4545.05,4545.35,532,
2024-06-19 09:27:00+05:30,4545.45,4548,4542.05,4543.8,734,
2024-06-19 09:28:00+05:30,4543.8,4544.65,4542.05,4542.05,217,
2024-06-19 09:29:00+05:30,4542.05,4543.9,4540.1,4542.45,537,
2024-06-19 09:30:00+05:30,4540.55,4543.85,4531.7,4536.4,1551,
2024-06-19 09:31:00+05:30,4533.75,4545.5,4531.5,4542.2,1571,
2024-06-19 09:32:00+05:30,4542.05,4546.6,4540,4540,731,
2024-06-19 09:33:00+05:30,4540.05,4543,4537.6,4542.15,181,
2024-06-19 09:34:00+05:30,4545.5,4550.7,4542.7,4548.1,926,
2024-06-19 09:35:00+05:30,4551,4551,4545.25,4545.25,80,
2024-06-19 09:36:00+05:30,4548,4552.7,4548,4550.05,122,
2024-06-19 09:37:00+05:30,4550.05,4552.95,4547.25,4549.3,696,
2024-06-19 09:38:00+05:30,4549.3,4550.65,4548.3,4550.2,191,
2024-06-19 09:39:00+05:30,4551.4,4553.1,4551,4551.05,78,
2024-06-19 09:40:00+05:30,4551.05,4553.55,4548,4548,700,
2024-06-19 09:41:00+05:30,4548,4557.1,4548,4551.55,999,
2024-06-19 09:42:00+05:30,4551.55,4552.25,4550,4550.3,189,
2024-06-19 09:43:00+05:30,4550.05,4556,4550,4554,1003,
2024-06-19 09:44:00+05:30,4552.85,4557.1,4550.7,4555.95,208,
2024-06-19 09:45:00+05:30,4555.95,4555.95,4552.8,4552.8,36,
2024-06-19 09:46:00+05:30,4552.95,4560,4552.95,4556.4,182,
2024-06-19 09:47:00+05:30,4556.4,4561.9,4556.4,4560.15,538,
2024-06-19 09:48:00+05:30,4560.15,4565,4560,4564.9,1056,
2024-06-19 09:49:00+05:30,4565,4566.35,4560,4560.6,959,
2024-06-19 09:50:00+05:30,4562.55,4569,4562.55,4567.85,1277,
2024-06-19 09:51:00+05:30,4564.95,4570,4564.95,4569.95,1422,
2024-06-19 09:52:00+05:30,4570.7,4572.95,4567.75,4568.3,461,
2024-06-19 09:53:00+05:30,4570,4574,4570,4573.25,1293,
2024-06-19 09:54:00+05:30,4573.25,4577.65,4567,4576.2,1189,
2024-06-19 09:55:00+05:30,4576.6,4581.3,4575.5,4577.7,1841,
2024-06-19 09:56:00+05:30,4577.25,4578.65,4566.65,4569,2332,
2024-06-19 09:57:00+05:30,4569,4569,4560.45,4561.45,1129,
2024-06-19 09:58:00+05:30,4561.45,4562.05,4557.1,4557.1,455,
2024-06-19 09:59:00+05:30,4557.1,4560.4,4555.2,4559.4,362,
2024-06-19 10:00:00+05:30,4558.8,4561.95,4557.85,4557.85,573,
2024-06-19 10:01:00+05:30,4557.85,4559.35,4553.75,4556.15,207,
2024-06-19 10:02:00+05:30,4556.15,4559.3,4556.15,4556.15,639,
2024-06-19 10:03:00+05:30,4552.55,4555.55,4551.3,4552.55,896,
2024-06-19 10:04:00+05:30,4552.55,4554.35,4551.6,4552.35,229,
2024-06-19 10:05:00+05:30,4552.45,4559.1,4552.45,4559.1,82,
2024-06-19 10:06:00+05:30,4556.5,4556.5,4553,4554.6,452,
2024-06-19 10:07:00+05:30,4553.05,4554.5,4551,4551.45,619,
2024-06-19 10:08:00+05:30,4551.45,4553.95,4541.55,4544.9,2553,
2024-06-19 10:09:00+05:30,4542.7,4542.7,4540,4540.05,243,
2024-06-19 10:10:00+05:30,4540.05,4541.7,4536.75,4536.75,756,
2024-06-19 10:11:00+05:30,4536.75,4543.7,4535.9,4543,1090,
2024-06-19 10:12:00+05:30,4541.1,4541.1,4536.55,4537.5,423,
2024-06-19 10:13:00+05:30,4537.5,4539.6,4525,4525,1000,
2024-06-19 10:14:00+05:30,4522.15,4526.35,4517.3,4518.1,1985,
2024-06-19 10:15:00+05:30,4518.1,4523.95,4515.25,4518.4,837,
2024-06-19 10:16:00+05:30,4517,4519.85,4517,4517,104,
2024-06-19 10:17:00+05:30,4517,4519.75,4512,4515.05,1758,
2024-06-19 10:18:00+05:30,4514.55,4519.05,4513.6,4517.3,473,
2024-06-19 10:19:00+05:30,4517.3,4524.9,4517.3,4522.25,655,
2024-06-19 10:20:00+05:30,4523.6,4529.95,4523,4528.95,868,
2024-06-19 10:21:00+05:30,4529.05,4529.25,4525.05,4525.2,489,
2024-06-19 10:22:00+05:30,4526.85,4527.55,4524.95,4525.95,841,
2024-06-19 10:23:00+05:30,4525.2,4529,4524.95,4526.65,124,
2024-06-19 10:24:00+05:30,4528.55,4529,4526.55,4526.75,482,
2024-06-19 10:25:00+05:30,4526.75,4528.6,4523,4523,140,
2024-06-19 10:26:00+05:30,4523,4528,4520.85,4524.05,632,
2024-06-19 10:27:00+05:30,4524.05,4524.05,4520.85,4522.55,112,
2024-06-19 10:28:00+05:30,4521.25,4522.7,4518.5,4520.15,264,
2024-06-19 10:29:00+05:30,4518.5,4522.35,4518.5,4519.95,243,
2024-06-19 10:30:00+05:30,4519.95,4522.6,4519.95,4522.6,258,
2024-06-19 10:31:00+05:30,4523.3,4527.45,4520.75,4524.9,950,
2024-06-19 10:32:00+05:30,4524.95,4527.9,4523.25,4525.75,253,
2024-06-19 10:33:00+05:30,4525.6,4529.85,4525.6,4527.9,177,
2024-06-19 10:34:00+05:30,4528,4533.6,4527.35,4533.6,337,
2024-06-19 10:35:00+05:30,4531.6,4537,4523.25,4523.25,2635,
2024-06-19 10:36:00+05:30,4523.25,4525.6,4519,4519.05,382,
2024-06-19 10:37:00+05:30,4519.85,4519.85,4513,4514.75,886,
2024-06-19 10:38:00+05:30,4514.75,4516.85,4511.7,4512,607,
2024-06-19 10:39:00+05:30,4512,4514.9,4507.7,4509.1,1285,
2024-06-19 10:40:00+05:30,4509.1,4510.1,4507.4,4508.65,331,
2024-06-19 10:41:00+05:30,4508.65,4515,4508.65,4512.25,376,
2024-06-19 10:42:00+05:30,4512.9,4519.25,4512.9,4519.25,463,
2024-06-19 10:43:00+05:30,4519.25,4525,4517.7,4524,1920,
2024-06-19 10:44:00+05:30,4523,4524,4517,4519.85,1443,
2024-06-19 10:45:00+05:30,4519.85,4519.85,4517.35,4518,522,
2024-06-19 10:46:00+05:30,4518,4518,4512.3,4512.3,422,
2024-06-19 10:47:00+05:30,4513.8,4514.2,4510.3,4510.9,56,
2024-06-19 10:48:00+05:30,4513,4513,4510.1,4512.35,94,
2024-06-19 10:49:00+05:30,4512.35,4512.35,4512.3,4512.35,13,
2024-06-19 10:50:00+05:30,4512.35,4516.2,4511.15,4516.2,373,
2024-06-19 10:51:00+05:30,4516.4,4516.4,4513.95,4515.4,33,
2024-06-19 10:52:00+05:30,4515.4,4516.7,4514.1,4516.7,191,
2024-06-19 10:53:00+05:30,4516.7,4519.6,4514.15,4519.6,130,
2024-06-19 10:54:00+05:30,4519.4,4519.4,4516.95,4518.95,26,
2024-06-19 10:55:00+05:30,4518.95,4518.95,4514.1,4515.4,56,
2024-06-19 10:56:00+05:30,4515.4,4519.35,4514.15,4519.35,355,
2024-06-19 10:57:00+05:30,4519.35,4524,4515.9,4521.95,6200,
2024-06-19 10:58:00+05:30,4521.95,4524.8,4518.15,4518.15,1154,
2024-06-19 10:59:00+05:30,4518.15,4519.7,4518.15,4519.7,87,
2024-06-19 11:00:00+05:30,4519.7,4519.7,4516,4516,84,
2024-06-19 11:01:00+05:30,4516,4519.3,4516,4519.3,41,
2024-06-19 11:02:00+05:30,4519.3,4522,4516,4517.7,5379,
2024-06-19 11:03:00+05:30,4517.7,4518.15,4513,4513.95,658,
2024-06-19 11:04:00+05:30,4513.95,4513.95,4511.85,4512.6,146,
2024-06-19 11:05:00+05:30,4512.6,4513.85,4511.15,4512.9,138,
2024-06-19 11:06:00+05:30,4510.5,4513,4510.25,4512.25,76,
2024-06-19 11:07:00+05:30,4511.75,4512.7,4510.9,4510.9,133,
2024-06-19 11:08:00+05:30,4510.9,4512.4,4510.15,4511.85,281,
2024-06-19 11:09:00+05:30,4511.85,4511.95,4508,4509.45,214,
2024-06-19 11:10:00+05:30,4509.45,4509.5,4507,4508.95,483,
2024-06-19 11:11:00+05:30,4508.95,4509,4500,4500,1159,
2024-06-19 11:12:00+05:30,4500,4510.1,4500,4508.4,362,
2024-06-19 11:13:00+05:30,4508.4,4511.65,4508.4,4511.55,99,
2024-06-19 11:14:00+05:30,4511.55,4511.7,4509.65,4509.65,20,
2024-06-19 11:15:00+05:30,4511.65,4511.65,4507.1,4511.05,275,
2024-06-19 11:16:00+05:30,4511.05,4511.05,4508.7,4511,10,
2024-06-19 11:17:00+05:30,4511,4511.5,4508.75,4511.5,42,
2024-06-19 11:18:00+05:30,4511.5,4511.5,4509.85,4509.85,125,
2024-06-19 11:19:00+05:30,4509.85,4510.4,4508.6,4509.95,26,
2024-06-19 11:20:00+05:30,4509.95,4511.5,4509.9,4511.5,237,
2024-06-19 11:21:00+05:30,4511.5,4511.5,4511.5,4511.5,31,
2024-06-19 11:22:00+05:30,4511.5,4514.9,4511.5,4514.9,691,
2024-06-19 11:23:00+05:30,4514.9,4517.45,4513.3,4517.45,265,
2024-06-19 11:24:00+05:30,4519.25,4519.25,4517.45,4517.6,48,
2024-06-19 11:25:00+05:30,4518.95,4519,4518.3,4518.95,89,
2024-06-19 11:26:00+05:30,4518.95,4519,4516.55,4516.55,134,
2024-06-19 11:27:00+05:30,4516.55,4516.55,4513.6,4515,224,
2024-06-19 11:28:00+05:30,4515,4515,4514,4514,40,
2024-06-19 11:29:00+05:30,4514,4515,4512.4,4515,267,
2024-06-19 11:30:00+05:30,4515,4515,4512.7,4515,25,
2024-06-19 11:31:00+05:30,4515,4515,4510.8,4512.35,505,
2024-06-19 11:32:00+05:30,4512.35,4512.35,4510.05,4511.95,46,
2024-06-19 11:33:00+05:30,4511.95,4512.3,4510.05,4511.95,26,
2024-06-19 11:34:00+05:30,4511.95,4511.95,4509.05,4511.8,162,
2024-06-19 11:35:00+05:30,4511.8,4511.95,4510,4510.05,25,
2024-06-19 11:36:00+05:30,4510.05,4511.7,4508.8,4509.2,134,
2024-06-19 11:37:00+05:30,4509.2,4511.55,4508.3,4508.3,199,
2024-06-19 11:38:00+05:30,4508.3,4513.85,4508.3,4513.55,148,
2024-06-19 11:39:00+05:30,4513,4513.75,4513,4513.75,33,
2024-06-19 11:40:00+05:30,4513.75,4515,4513.5,4514.4,32,
2024-06-19 11:41:00+05:30,4514.4,4517.9,4514.1,4514.1,140,
2024-06-19 11:42:00+05:30,4514.1,4518.45,4513.55,4518.45,35,
2024-06-19 11:43:00+05:30,4518.45,4518.45,4515.4,4516.5,328,
2024-06-19 11:44:00+05:30,4516.5,4516.65,4514.15,4514.15,35,
2024-06-19 11:45:00+05:30,4514.15,4517.95,4514.15,4517.95,29,
2024-06-19 11:46:00+05:30,4514.2,4516.35,4514.1,4515.5,154,
2024-06-19 11:47:00+05:30,4515.5,4518.15,4515.5,4518.1,48,
2024-06-19 11:48:00+05:30,4518.1,4518.1,4516,4517.75,16,
2024-06-19 11:49:00+05:30,4517.75,4518,4513.95,4513.95,248,
2024-06-19 11:50:00+05:30,4513.95,4517.15,4512.15,4517.15,63,
2024-06-19 11:51:00+05:30,4517.15,4517.15,4512.1,4512.9,103,
2024-06-19 11:52:00+05:30,4512.9,4516.15,4512.9,4516.15,3,
2024-06-19 11:53:00+05:30,4516.15,4516.7,4516.15,4516.7,294,
2024-06-19 11:54:00+05:30,4516.65,4516.9,4516.6,4516.9,37,
2024-06-19 11:55:00+05:30,4515,4516.9,4515,4516.9,30,
2024-06-19 11:56:00+05:30,4516.9,4517,4515,4516.95,41,
2024-06-19 11:57:00+05:30,4517,4517.15,4515,4516.45,38,
2024-06-19 11:58:00+05:30,4516.45,4518,4516.45,4518,77,
2024-06-19 11:59:00+05:30,4518,4520,4518,4520,436,
2024-06-19 12:00:00+05:30,4518.35,4520,4518.1,4518.15,174,
2024-06-19 12:01:00+05:30,4518.15,4520,4517.4,4519.35,818,
2024-06-19 12:02:00+05:30,4517.8,4518.2,4514.25,4516.25,886,
2024-06-19 12:03:00+05:30,4516.25,4516.25,4513.4,4516.15,5,
2024-06-19 12:04:00+05:30,4513,4514.75,4513,4514.6,65,
2024-06-19 12:05:00+05:30,4514.6,4514.65,4510.45,4510.45,357,
2024-06-19 12:06:00+05:30,4510.45,4511.2,4509.15,4511.2,107,
2024-06-19 12:07:00+05:30,4511.2,4511.95,4511.2,4511.95,22,
2024-06-19 12:08:00+05:30,4511.95,4511.95,4509,4509,1085,
2024-06-19 12:09:00+05:30,4509,4510,4508.2,4510,305,
2024-06-19 12:10:00+05:30,4510,4510.45,4507.85,4509.05,523,
2024-06-19 12:11:00+05:30,4509.05,4511.6,4507.55,4507.6,753,
2024-06-19 12:12:00+05:30,4507.55,4507.55,4502.45,4504.75,2453,
2024-06-19 12:13:00+05:30,4504.75,4508.6,4502.45,4506.8,662,
2024-06-19 12:14:00+05:30,4506.8,4506.8,4502,4502.3,1705,
2024-06-19 12:15:00+05:30,4502.3,4507.4,4502.3,4506.55,519,
2024-06-19 12:16:00+05:30,4506.55,4514,4506.55,4512,854,
2024-06-19 12:17:00+05:30,4512,4512.25,4507.55,4507.55,572,
2024-06-19 12:18:00+05:30,4507.55,4507.6,4503.1,4503.1,556,
2024-06-19 12:19:00+05:30,4503.1,4504.55,4502.45,4504.55,117,
2024-06-19 12:20:00+05:30,4504.55,4507.15,4504,4506.75,95,
2024-06-19 12:21:00+05:30,4506.75,4508.05,4506.7,4506.75,30,
2024-06-19 12:22:00+05:30,4506.75,4508.75,4505.05,4508.75,72,
2024-06-19 12:23:00+05:30,4508.75,4509,4508.75,4509,32,
2024-06-19 12:24:00+05:30,4509,4509,4508.75,4509,13,
2024-06-19 12:25:00+05:30,4509,4511.65,4508.75,4511.65,73,
2024-06-19 12:26:00+05:30,4511.65,4511.65,4508.75,4508.75,99,
2024-06-19 12:27:00+05:30,4508.75,4511.4,4508.75,4511.4,27,
2024-06-19 12:28:00+05:30,4511.4,4511.4,4508,4508,318,
2024-06-19 12:29:00+05:30,4508,4511.65,4508,4509.25,50,
2024-06-19 12:30:00+05:30,4510.7,4510.7,4508,4508.6,116,
2024-06-19 12:31:00+05:30,4508.6,4510.7,4508.05,4509,28,
2024-06-19 12:32:00+05:30,4510.7,4511.35,4508.7,4508.7,58,
2024-06-19 12:33:00+05:30,4512.05,4512.05,4508.05,4510.65,85,
2024-06-19 12:34:00+05:30,4510.65,4510.65,4506.5,4509.05,29,
2024-06-19 12:35:00+05:30,4509.05,4509.8,4506.95,4507.35,107,
2024-06-19 12:36:00+05:30,4507.35,4509.3,4506.75,4509.3,71,
2024-06-19 12:37:00+05:30,4509.3,4510.9,4506.1,4506.1,53,
2024-06-19 12:38:00+05:30,4506.7,4508.3,4505.6,4506.5,103,
2024-06-19 12:39:00+05:30,4508.3,4508.3,4503.3,4503.3,108,
2024-06-19 12:40:00+05:30,4503.3,4505.65,4503.15,4505.65,46,
2024-06-19 12:41:00+05:30,4505.65,4505.75,4503.4,4505.75,31,
2024-06-19 12:42:00+05:30,4504,4509,4504,4506.4,138,
2024-06-19 12:43:00+05:30,4506.4,4508.95,4506.4,4508.95,102,
2024-06-19 12:44:00+05:30,4508.95,4509,4506,4506.05,115,
2024-06-19 12:45:00+05:30,4506.05,4507.55,4505,4505,642,
2024-06-19 12:46:00+05:30,4505,4506,4503.1,4506,122,
2024-06-19 12:47:00+05:30,4506,4506,4503.1,4503.1,211,
2024-06-19 12:48:00+05:30,4503,4504.9,4501.3,4501.7,383,
2024-06-19 12:49:00+05:30,4501.7,4501.75,4499,4500.5,1471,
2024-06-19 12:50:00+05:30,4500.5,4501.65,4499,4501.65,75,
2024-06-19 12:51:00+05:30,4501.8,4501.8,4500,4500,30,
2024-06-19 12:52:00+05:30,4500,4506.4,4500,4504.1,197,
2024-06-19 12:53:00+05:30,4504.1,4506.25,4502.25,4502.25,326,
2024-06-19 12:54:00+05:30,4502.25,4506.6,4501.3,4506.6,289,
2024-06-19 12:55:00+05:30,4506.6,4506.6,4506.4,4506.4,9,
2024-06-19 12:56:00+05:30,4506.4,4506.45,4504.5,4504.65,84,
2024-06-19 12:57:00+05:30,4504.65,4508,4504.65,4508,32,
2024-06-19 12:58:00+05:30,4508,4508,4507,4508,20,
2024-06-19 12:59:00+05:30,4508,4509,4504.65,4504.65,223,
2024-06-19 13:00:00+05:30,4507.1,4507.55,4505.1,4506.9,107,
2024-06-19 13:01:00+05:30,4506.9,4509,4505,4505,1567,
2024-06-19 13:02:00+05:30,4505,4505,4499.05,4500,1213,
2024-06-19 13:03:00+05:30,4500,4500,4499,4500,603,
2024-06-19 13:04:00+05:30,4500,4500,4499,4500,122,
2024-06-19 13:05:00+05:30,4500,4504.2,4499,4503.8,925,
2024-06-19 13:06:00+05:30,4503.8,4504.45,4500,4501.55,2563,
2024-06-19 13:07:00+05:30,4501.55,4501.55,4499,4499,249,
2024-06-19 13:08:00+05:30,4499,4501.45,4499,4501.45,391,
2024-06-19 13:09:00+05:30,4500,4501,4497.7,4499.5,336,
2024-06-19 13:10:00+05:30,4499.5,4499.85,4496.7,4499.85,144,
2024-06-19 13:11:00+05:30,4499.55,4499.8,4497.55,4499.75,73,
2024-06-19 13:12:00+05:30,4499.75,4500,4495.75,4498,567,
2024-06-19 13:13:00+05:30,4498,4499.85,4498,4499.75,49,
2024-06-19 13:14:00+05:30,4499.75,4500,4497.05,4500,244,
2024-06-19 13:15:00+05:30,4501,4502,4500,4502,2589,
2024-06-19 13:16:00+05:30,4502,4502.95,4501.05,4501.05,2434,
2024-06-19 13:17:00+05:30,4501.05,4502,4500.5,4501,222,
2024-06-19 13:18:00+05:30,4501,4502.95,4501,4501,28,
2024-06-19 13:19:00+05:30,4501,4503.25,4501,4501.05,61,
2024-06-19 13:20:00+05:30,4501.05,4503.25,4499.95,4501.25,515,
2024-06-19 13:21:00+05:30,4501.25,4501.4,4499.55,4499.55,7,
2024-06-19 13:22:00+05:30,4499.55,4500.85,4497.95,4499.75,267,
2024-06-19 13:23:00+05:30,4499.75,4500,4499.6,4500,48,
2024-06-19 13:24:00+05:30,4500,4501,4495.75,4496.25,378,
2024-06-19 13:25:00+05:30,4494.9,4498.9,4491.5,4498.9,983,
2024-06-19 13:26:00+05:30,4498.9,4498.95,4495.4,4496.15,163,
2024-06-19 13:27:00+05:30,4496.15,4500,4495.55,4500,237,
2024-06-19 13:28:00+05:30,4500,4509,4499.85,4506.45,3614,
2024-06-19 13:29:00+05:30,4506.45,4506.45,4504.3,4505,136,
2024-06-19 13:30:00+05:30,4505,4509,4503.85,4506.9,1382,
2024-06-19 13:31:00+05:30,4506.85,4508.75,4504.2,4508.75,102,
2024-06-19 13:32:00+05:30,4508.75,4508.75,4504.5,4507.2,64,
2024-06-19 13:33:00+05:30,4507.2,4507.2,4505.05,4505.05,48,
2024-06-19 13:34:00+05:30,4505.05,4506.95,4505.05,4506.9,38,
2024-06-19 13:35:00+05:30,4506.9,4506.9,4503.35,4504.35,129,
2024-06-19 13:36:00+05:30,4504.35,4506.4,4504.35,4504.35,226,
2024-06-19 13:37:00+05:30,4506.5,4506.5,4503.15,4504.7,151,
2024-06-19 13:38:00+05:30,4504.7,4505,4501.55,4504,41,
2024-06-19 13:39:00+05:30,4504,4504.7,4501.8,4504.35,342,
2024-06-19 13:40:00+05:30,4504.35,4504.4,4502.45,4504.4,19,
2024-06-19 13:41:00+05:30,4504.4,4504.4,4501.65,4504.4,173,
2024-06-19 13:42:00+05:30,4504.4,4504.4,4501.6,4503.5,58,
2024-06-19 13:43:00+05:30,4503.5,4505,4501.6,4505,87,
2024-06-19 13:44:00+05:30,4505,4505,4502.75,4504.6,30,
2024-06-19 13:45:00+05:30,4504.6,4506.1,4502.75,4506.1,274,
2024-06-19 13:46:00+05:30,4506.1,4506.1,4498.5,4498.5,1905,
2024-06-19 13:47:00+05:30,4498.5,4500,4496.2,4496.2,466,
2024-06-19 13:48:00+05:30,4496.2,4500,4496.2,4499.95,612,
2024-06-19 13:49:00+05:30,4499.95,4499.95,4499.95,4499.95,73,
2024-06-19 13:50:00+05:30,4499.95,4499.95,4499,4499,30,
2024-06-19 13:51:00+05:30,4499.95,4500,4499,4500,25,
2024-06-19 13:52:00+05:30,4500,4500,4495,4497.15,372,
2024-06-19 13:53:00+05:30,4498,4498,4496.4,4498,105,
2024-06-19 13:54:00+05:30,4498,4498,4495.95,4497.8,295,
2024-06-19 13:55:00+05:30,4497.8,4500,4497.6,4500,991,
2024-06-19 13:56:00+05:30,4500,4500,4499.15,4499.6,16,
2024-06-19 13:57:00+05:30,4499.6,4499.95,4498,4498,66,
2024-06-19 13:58:00+05:30,4498,4500,4497.95,4497.95,4608,
2024-06-19 13:59:00+05:30,4497.95,4498.65,4496.3,4498,111,
2024-06-19 14:00:00+05:30,4498,4498,4496.25,4497.95,223,
2024-06-19 14:01:00+05:30,4497.95,4497.95,4495,4496.1,373,
2024-06-19 14:02:00+05:30,4496.1,4497.45,4492.25,4495.35,248,
2024-06-19 14:03:00+05:30,4495.5,4495.55,4492.8,4495,59,
2024-06-19 14:04:00+05:30,4495,4496.35,4493.3,4494.65,229,
2024-06-19 14:05:00+05:30,4494.65,4495.65,4492.6,4493.6,13,
2024-06-19 14:06:00+05:30,4493.6,4494.7,4492,4494.7,51,
2024-06-19 14:07:00+05:30,4494.8,4495.65,4492.7,4495.65,396,
2024-06-19 14:08:00+05:30,4495.65,4498.05,4494.55,4497.4,1342,
2024-06-19 14:09:00+05:30,4495.4,4497.95,4495.4,4497.95,157,
2024-06-19 14:10:00+05:30,4497.95,4497.95,4494.75,4494.75,636,
2024-06-19 14:11:00+05:30,4494.75,4497.95,4494.75,4496.4,1206,
2024-06-19 14:12:00+05:30,4495,4495,4494,4494,40,
2024-06-19 14:13:00+05:30,4494,4494,4492.5,4494,425,
2024-06-19 14:14:00+05:30,4494,4495,4492.95,4493.1,397,
2024-06-19 14:15:00+05:30,4493.1,4493.7,4492.9,4493.65,28,
2024-06-19 14:16:00+05:30,4493.65,4493.65,4493,4493,113,
2024-06-19 14:17:00+05:30,4493,4495.45,4490,4495.4,795,
2024-06-19 14:18:00+05:30,4495.4,4495.4,4493.1,4493.15,284,
2024-06-19 14:19:00+05:30,4493.15,4493.15,4490.55,4492.95,134,
2024-06-19 14:20:00+05:30,4492.95,4494.95,4491,4494.95,352,
2024-06-19 14:21:00+05:30,4494.95,4497.9,4494.8,4497.2,51,
2024-06-19 14:22:00+05:30,4496.9,4498.05,4496.2,4498.05,110,
2024-06-19 14:23:00+05:30,4498.05,4500,4498.05,4500,110,
2024-06-19 14:24:00+05:30,4500,4500,4498.05,4498.65,216,
2024-06-19 14:25:00+05:30,4498.35,4499.1,4496.6,4498.55,108,
2024-06-19 14:26:00+05:30,4498.55,4498.6,4491.3,4494.15,401,
2024-06-19 14:27:00+05:30,4494.15,4494.15,4490.7,4492.6,194,
2024-06-19 14:28:00+05:30,4492.6,4493.65,4491,4493.65,679,
2024-06-19 14:29:00+05:30,4493.65,4494.05,4490.2,4491.5,373,
2024-06-19 14:30:00+05:30,4493.7,4493.7,4490,4492.4,604,
2024-06-19 14:31:00+05:30,4492.4,4494.5,4487.3,4493.8,5588,
2024-06-19 14:32:00+05:30,4493.8,4498.35,4492.7,4495.3,935,
2024-06-19 14:33:00+05:30,4497.65,4497.65,4494.2,4495.9,428,
2024-06-19 14:34:00+05:30,4495.9,4497,4494.65,4497,209,
2024-06-19 14:35:00+05:30,4497,4500,4495.25,4498.25,868,
2024-06-19 14:36:00+05:30,4498.25,4499.95,4497.05,4499.55,305,
2024-06-19 14:37:00+05:30,4499.55,4500,4494.9,4496.95,1160,
2024-06-19 14:38:00+05:30,4496.95,4500,4496.3,4498,1452,
2024-06-19 14:39:00+05:30,4498,4498,4491.65,4491.75,285,
2024-06-19 14:40:00+05:30,4491.75,4493.05,4488.75,4488.75,1233,
2024-06-19 14:41:00+05:30,4488.75,4493.25,4488.6,4491.4,574,
2024-06-19 14:42:00+05:30,4492.1,4492.8,4488,4488,224,
2024-06-19 14:43:00+05:30,4488,4491.7,4488,4489.95,220,
2024-06-19 14:44:00+05:30,4489.95,4492.3,4488,4489.85,405,
2024-06-19 14:45:00+05:30,4489.85,4492.4,4488.55,4492.4,538,
2024-06-19 14:46:00+05:30,4492.4,4493.25,4489.8,4493.1,245,
2024-06-19 14:47:00+05:30,4491,4498.5,4490.75,4497,1033,
2024-06-19 14:48:00+05:30,4497,4499.35,4495.45,4495.45,1059,
2024-06-19 14:49:00+05:30,4495.45,4497.6,4492.45,4494.9,339,
2024-06-19 14:50:00+05:30,4494.3,4496.3,4492.3,4494.9,698,
2024-06-19 14:51:00+05:30,4491.75,4496,4491.35,4496,797,
2024-06-19 14:52:00+05:30,4493.9,4496,4493.9,4494.1,357,
2024-06-19 14:53:00+05:30,4494.1,4494.75,4492.5,4493.75,289,
2024-06-19 14:54:00+05:30,4492.75,4492.75,4490,4491.3,507,
2024-06-19 14:55:00+05:30,4490.25,4491.15,4485.8,4490.55,1155,
2024-06-19 14:56:00+05:30,4490.55,4490.55,4486.35,4487.55,876,
2024-06-19 14:57:00+05:30,4487.55,4489,4485.4,4489,337,
2024-06-19 14:58:00+05:30,4489,4489.95,4485.35,4489.75,347,
2024-06-19 14:59:00+05:30,4488.75,4491,4487,4490.3,411,
2024-06-19 15:00:00+05:30,4490.3,4492.7,4488.6,4488.6,540,
2024-06-19 15:01:00+05:30,4488.6,4488.65,4485.35,4486.25,619,
2024-06-19 15:02:00+05:30,4485.65,4489.7,4485.1,4488.9,6843,
2024-06-19 15:03:00+05:30,4488.9,4488.95,4485.2,4486.35,507,
2024-06-19 15:04:00+05:30,4486.35,4488,4484,4484.85,793,
2024-06-19 15:05:00+05:30,4484.85,4488.8,4484,4486.35,395,
2024-06-19 15:06:00+05:30,4486.35,4486.4,4482.55,4483.95,376,
2024-06-19 15:07:00+05:30,4483,4483.8,4478.05,4478.6,2814,
2024-06-19 15:08:00+05:30,4478.6,4483.7,4475,4479,3175,
2024-06-19 15:09:00+05:30,4477.75,4479,4475,4477.9,934,
2024-06-19 15:10:00+05:30,4478.9,4478.9,4475,4476,561,
2024-06-19 15:11:00+05:30,4476,4480,4475.8,4477.95,1357,
2024-06-19 15:12:00+05:30,4477.05,4477.95,4476.05,4476.7,731,
2024-06-19 15:13:00+05:30,4476.7,4479.85,4476.7,4479.1,859,
2024-06-19 15:14:00+05:30,4480,4480,4475.05,4476.5,1330,
2024-06-19 15:15:00+05:30,4476.5,4480,4475,4479.7,957,
2024-06-19 15:16:00+05:30,4480,4480,4477.15,4477.2,1013,
2024-06-19 15:17:00+05:30,4477.15,4480,4476.75,4480,1753,
2024-06-19 15:18:00+05:30,4479.65,4480,4476,4477.1,1164,
2024-06-19 15:19:00+05:30,4477.1,4480,4476.95,4478.95,1113,
2024-06-19 15:20:00+05:30,4478.95,4480,4478.7,4479.95,2708,
2024-06-19 15:21:00+05:30,4480,4480,4479.9,4480,826,
2024-06-19 15:22:00+05:30,4480,4480,4479.95,4480,1144,
2024-06-19 15:23:00+05:30,4480.4,4481.95,4479.9,4480.2,650,
2024-06-19 15:24:00+05:30,4480.2,4480.2,4477,4478.6,954,
2024-06-19 15:25:00+05:30,4478.65,4478.65,4472,4474.4,1954,
2024-06-19 15:26:00+05:30,4474.4,4479.05,4472,4472.1,711,
2024-06-19 15:27:00+05:30,4472.1,4479.5,4471.7,4471.7,1484,
2024-06-19 15:28:00+05:30,4472,4475.65,4470,4470,1951,
2024-06-19 15:29:00+05:30,4473.95,4480,4466,4480,1536,
2024-06-20 09:15:00+05:30,4486,4490,4439.7,4450.35,4040,
2024-06-20 09:16:00+05:30,4450.4,4476.85,4450.4,4470.25,3160,
2024-06-20 09:17:00+05:30,4468.2,4476.8,4461.35,4476.8,2439,
2024-06-20 09:18:00+05:30,4473.45,4476.7,4470.05,4471.3,1546,
2024-06-20 09:19:00+05:30,4475,4477.6,4472,4472.05,1840,
2024-06-20 09:20:00+05:30,4471.2,4471.2,4458.3,4464.45,2310,
2024-06-20 09:21:00+05:30,4461,4471.8,4461,4469.55,2583,
2024-06-20 09:22:00+05:30,4467.25,4473.45,4467.25,4472.45,869,
2024-06-20 09:23:00+05:30,4470.65,4474.3,4469.8,4470.35,1216,
2024-06-20 09:24:00+05:30,4470.35,4471.85,4460.4,4460.4,968,
2024-06-20 09:25:00+05:30,4461.6,4468.6,4458.15,4463.9,1978,
2024-06-20 09:26:00+05:30,4463.9,4468.2,4463.9,4467.55,5471,
2024-06-20 09:27:00+05:30,4465.7,4469.55,4461.45,4461.45,1353,
2024-06-20 09:28:00+05:30,4461.6,4463.65,4455,4456.3,938,
2024-06-20 09:29:00+05:30,4457.7,4463.6,4451.15,4461.85,2339,
2024-06-20 09:30:00+05:30,4459.55,4461.75,4455,4455.2,4261,
2024-06-20 09:31:00+05:30,4455.2,4460.7,4454.25,4460.7,762,
2024-06-20 09:32:00+05:30,4458.95,4476.45,4458.95,4476.45,12464,
2024-06-20 09:33:00+05:30,4475,4476.8,4463.8,4466.4,709,
2024-06-20 09:34:00+05:30,4466.4,4468.25,4459.9,4468.25,1083,
2024-06-20 09:35:00+05:30,4467.9,4473.1,4462.2,4463.2,3200,
2024-06-20 09:36:00+05:30,4463.2,4466.8,4463.2,4465.75,937,
2024-06-20 09:37:00+05:30,4465.05,4466.5,4460,4461.4,1293,
2024-06-20 09:38:00+05:30,4461.35,4463.6,4456.65,4462,1598,
2024-06-20 09:39:00+05:30,4462.2,4468,4462.2,4463.15,1390,
2024-06-20 09:40:00+05:30,4463.15,4470.65,4463.15,4470.65,677,
2024-06-20 09:41:00+05:30,4468.95,4474,4468.95,4471.75,713,
2024-06-20 09:42:00+05:30,4471.95,4476.15,4471.95,4474,2459,
2024-06-20 09:43:00+05:30,4474,4474.65,4469,4471.2,409,
2024-06-20 09:44:00+05:30,4471.5,4478.7,4471.5,4477.15,542,
2024-06-20 09:45:00+05:30,4477.15,4479,4472.65,4478.65,970,
2024-06-20 09:46:00+05:30,4478.7,4479.1,4475.85,4479.1,504,
2024-06-20 09:47:00+05:30,4479.1,4479.3,4467,4467.6,738,
2024-06-20 09:48:00+05:30,4467.6,4468.15,4461.85,4465.45,462,
2024-06-20 09:49:00+05:30,4465.95,4472.2,4464.6,4469.85,911,
2024-06-20 09:50:00+05:30,4469.85,4474,4467.15,4467.3,917,
2024-06-20 09:51:00+05:30,4467.3,4474.45,4466.35,4471.85,760,
2024-06-20 09:52:00+05:30,4471.85,4475,4468.2,4468.35,382,
2024-06-20 09:53:00+05:30,4468.45,4471.45,4468,4469.7,729,
2024-06-20 09:54:00+05:30,4469.7,4474.3,4469.7,4472.5,696,
2024-06-20 09:55:00+05:30,4472.5,4473,4467.05,4469.25,517,
2024-06-20 09:56:00+05:30,4468.8,4469.7,4460.3,4463.75,964,
2024-06-20 09:57:00+05:30,4463.75,4470.05,4463.75,4470.05,425,
2024-06-20 09:58:00+05:30,4470.85,4474.95,4470.85,4474.95,182,
2024-06-20 09:59:00+05:30,4474.95,4482.6,4474.95,4481,2122,
2024-06-20 10:00:00+05:30,4480.45,4482.1,4477.75,4478.2,694,
2024-06-20 10:01:00+05:30,4478.2,4480,4477.75,4477.85,115,
2024-06-20 10:02:00+05:30,4477.85,4479.95,4473.35,4478.4,867,
2024-06-20 10:03:00+05:30,4478.4,4481,4474.55,4480,1301,
2024-06-20 10:04:00+05:30,4480,4488.9,4480,4487.7,2530,
2024-06-20 10:05:00+05:30,4484.15,4485.55,4473.1,4474,2534,
2024-06-20 10:06:00+05:30,4474,4479.1,4471.05,4473.8,2619,
2024-06-20 10:07:00+05:30,4473.8,4477.1,4468.6,4471,2181,
2024-06-20 10:08:00+05:30,4471,4480.85,4469.6,4470.75,3297,
2024-06-20 10:09:00+05:30,4470.7,4472.6,4467.1,4471.15,909,
2024-06-20 10:10:00+05:30,4471,4473,4467.85,4470.15,1625,
2024-06-20 10:11:00+05:30,4470.15,4470.25,4464.15,4464.15,384,
2024-06-20 10:12:00+05:30,4464.15,4466.1,4461.45,4461.45,283,
2024-06-20 10:13:00+05:30,4461.45,4464.1,4461.45,4462.85,137,
2024-06-20 10:14:00+05:30,4462.85,4466.95,4462.85,4464.05,198,
2024-06-20 10:15:00+05:30,4464.05,4464.05,4461.5,4463,293,
2024-06-20 10:16:00+05:30,4463,4463,4461.5,4462.05,222,
2024-06-20 10:17:00+05:30,4462.05,4464.45,4461.5,4462.9,82,
2024-06-20 10:18:00+05:30,4463.2,4470,4463.2,4467.3,826,
2024-06-20 10:19:00+05:30,4466.45,4470.25,4466.45,4469,920,
2024-06-20 10:20:00+05:30,4469,4471,4469,4470,1782,
2024-06-20 10:21:00+05:30,4470,4471.05,4468.9,4468.9,1442,
2024-06-20 10:22:00+05:30,4468.9,4470.25,4462.1,4464.3,1046,
2024-06-20 10:23:00+05:30,4465.3,4468.05,4462.5,4462.55,1225,
2024-06-20 10:24:00+05:30,4462.55,4465,4461.5,4465,1517,
2024-06-20 10:25:00+05:30,4465,4465,4461.5,4463.9,562,
2024-06-20 10:26:00+05:30,4463.9,4467.1,4463.75,4465.5,148,
2024-06-20 10:27:00+05:30,4465.5,4465.5,4461.5,4461.85,467,
2024-06-20 10:28:00+05:30,4462,4464.75,4461.7,4463.2,232,
2024-06-20 10:29:00+05:30,4464.9,4466.15,4463.35,4465,330,
2024-06-20 10:30:00+05:30,4465,4469.8,4465,4468.25,1065,
2024-06-20 10:31:00+05:30,4469.95,4472.4,4468.3,4471.2,362,
2024-06-20 10:32:00+05:30,4471.2,4472.25,4466.9,4468,328,
2024-06-20 10:33:00+05:30,4468,4469.95,4463.55,4463.8,511,
2024-06-20 10:34:00+05:30,4463.8,4463.8,4461.45,4461.5,338,
2024-06-20 10:35:00+05:30,4461.5,4463.8,4460,4460.65,525,
2024-06-20 10:36:00+05:30,4460.65,4462.95,4460,4460,293,
2024-06-20 10:37:00+05:30,4460,4460,4454.4,4454.4,556,
2024-06-20 10:38:00+05:30,4454.4,4456.15,4454,4454,411,
2024-06-20 10:39:00+05:30,4454,4455.5,4451,4452.05,687,
2024-06-20 10:40:00+05:30,4452.1,4453.7,4452.05,4452.05,332,
2024-06-20 10:41:00+05:30,4454.1,4457.4,4453.8,4457.4,382,
2024-06-20 10:42:00+05:30,4456.4,4460.95,4455.05,4460,1031,
2024-06-20 10:43:00+05:30,4460,4461.5,4455.05,4460,613,
2024-06-20 10:44:00+05:30,4460,4461.2,4457,4460,410,
2024-06-20 10:45:00+05:30,4460,4460,4458.5,4459.95,63,
2024-06-20 10:46:00+05:30,4459.95,4461.75,4459.95,4461.75,238,
2024-06-20 10:47:00+05:30,4460.5,4463.6,4455.95,4458.15,945,
2024-06-20 10:48:00+05:30,4458.6,4460,4456.7,4458.35,631,
2024-06-20 10:49:00+05:30,4458.35,4462.95,4458.3,4459,1422,
2024-06-20 10:50:00+05:30,4459.95,4465.1,4456.2,4462.45,3436,
2024-06-20 10:51:00+05:30,4462.4,4462.45,4459,4459.4,1006,
2024-06-20 10:52:00+05:30,4459.4,4463.1,4459,4462.1,604,
2024-06-20 10:53:00+05:30,4462.1,4463,4459.5,4460.9,291,
2024-06-20 10:54:00+05:30,4462.45,4462.65,4460.9,4461.85,236,
2024-06-20 10:55:00+05:30,4461.85,4461.85,4460,4460,1893,
2024-06-20 10:56:00+05:30,4460,4460.75,4460,4460.55,229,
2024-06-20 10:57:00+05:30,4460.55,4463.15,4460.05,4463.15,341,
2024-06-20 10:58:00+05:30,4463.15,4464.4,4460.1,4461.2,326,
2024-06-20 10:59:00+05:30,4461.2,4463,4460.05,4463,1808,
2024-06-20 11:00:00+05:30,4463,4468.15,4463,4466.2,320,
2024-06-20 11:01:00+05:30,4466.2,4468.95,4466.2,4467.15,258,
2024-06-20 11:02:00+05:30,4467.15,4469.9,4467.15,4467.8,182,
2024-06-20 11:03:00+05:30,4469.85,4469.9,4466,4466,559,
2024-06-20 11:04:00+05:30,4466,4466.95,4466,4466,212,
2024-06-20 11:05:00+05:30,4466.7,4466.7,4466,4466,155,
2024-06-20 11:06:00+05:30,4466,4466.95,4466,4466.9,193,
2024-06-20 11:07:00+05:30,4466,4466.9,4460,4461,506,
2024-06-20 11:08:00+05:30,4461,4463.05,4460.95,4462,384,
2024-06-20 11:09:00+05:30,4462,4462.4,4460.3,4461.85,226,
2024-06-20 11:10:00+05:30,4460.2,4461.55,4460,4460.25,174,
2024-06-20 11:11:00+05:30,4460,4461,4460,4460.95,324,
2024-06-20 11:12:00+05:30,4460,4460.95,4459.1,4460,395,
2024-06-20 11:13:00+05:30,4459.1,4460,4459.1,4459.4,306,
2024-06-20 11:14:00+05:30,4459.95,4462.1,4458.95,4462.1,1495,
2024-06-20 11:15:00+05:30,4462.1,4463.4,4459.7,4462.8,456,
2024-06-20 11:16:00+05:30,4462.8,4462.9,4460,4460.2,413,
2024-06-20 11:17:00+05:30,4460.2,4462.2,4459,4460.7,273,
2024-06-20 11:18:00+05:30,4460.7,4462,4459.05,4460,64,
2024-06-20 11:19:00+05:30,4460,4462,4459.05,4460.7,273,
2024-06-20 11:20:00+05:30,4460.7,4460.85,4459,4460,253,
2024-06-20 11:21:00+05:30,4460,4460,4459,4460,260,
2024-06-20 11:22:00+05:30,4460,4460.45,4459,4460.45,465,
2024-06-20 11:23:00+05:30,4461.35,4464.5,4461.35,4464.45,186,
2024-06-20 11:24:00+05:30,4464.45,4464.45,4459.05,4460.15,896,
2024-06-20 11:25:00+05:30,4460.15,4463,4459,4459.85,669,
2024-06-20 11:26:00+05:30,4459.85,4462.9,4459,4459.95,445,
2024-06-20 11:27:00+05:30,4459.95,4462.45,4459.6,4462.45,225,
2024-06-20 11:28:00+05:30,4462.45,4463,4459.35,4462.25,1108,
2024-06-20 11:29:00+05:30,4462.25,4462.25,4459,4459,1078,
2024-06-20 11:30:00+05:30,4459,4460,4459,4459.05,186,
2024-06-20 11:31:00+05:30,4460,4463.4,4459.2,4462.5,298,
2024-06-20 11:32:00+05:30,4462.35,4464.45,4460.7,4464.45,380,
2024-06-20 11:33:00+05:30,4464.45,4467.15,4461.9,4467.15,2872,
2024-06-20 11:34:00+05:30,4467.15,4467.15,4465.75,4467.1,233,
2024-06-20 11:35:00+05:30,4467.3,4471.05,4465.9,4467.05,862,
2024-06-20 11:36:00+05:30,4467.05,4471.15,4465.45,4465.6,1483,
2024-06-20 11:37:00+05:30,4465.6,4467,4465.45,4466.95,299,
2024-06-20 11:38:00+05:30,4466.95,4467,4465.45,4466.9,69,
2024-06-20 11:39:00+05:30,4466.9,4467,4465.1,4467,507,
2024-06-20 11:40:00+05:30,4467,4467,4466.95,4466.95,105,
2024-06-20 11:41:00+05:30,4466.95,4467,4465.9,4465.9,4315,
2024-06-20 11:42:00+05:30,4465.9,4466.8,4465,4465.7,176,
2024-06-20 11:43:00+05:30,4465.7,4466.9,4465,4465.45,254,
2024-06-20 11:44:00+05:30,4465.45,4466.9,4465.1,4466.7,299,
2024-06-20 11:45:00+05:30,4466.7,4467,4465.7,4467,570,
2024-06-20 11:46:00+05:30,4467,4467,4465,4465.55,6127,
2024-06-20 11:47:00+05:30,4466.95,4467,4466.95,4467,174,
2024-06-20 11:48:00+05:30,4467,4467,4466.55,4467,5239,
2024-06-20 11:49:00+05:30,4467,4467,4466.95,4467,2834,
2024-06-20 11:50:00+05:30,4467,4467,4465.65,4465.85,3154,
2024-06-20 11:51:00+05:30,4465.85,4467,4465,4466.75,1092,
2024-06-20 11:52:00+05:30,4466.75,4467,4466.75,4467,1078,
2024-06-20 11:53:00+05:30,4467,4467,4466.95,4467,5587,
2024-06-20 11:54:00+05:30,4467,4467,4465.85,4466.8,451,
2024-06-20 11:55:00+05:30,4466.8,4466.8,4465.15,4465.15,359,
2024-06-20 11:56:00+05:30,4465.15,4467,4465.05,4467,698,
2024-06-20 11:57:00+05:30,4467,4467,4465.3,4466.85,106,
2024-06-20 11:58:00+05:30,4466.85,4467,4466,4467,201,
2024-06-20 11:59:00+05:30,4467,4467,4465.6,4466.25,4735,
2024-06-20 12:00:00+05:30,4466.25,4467,4465,4466.8,295,
2024-06-20 12:01:00+05:30,4466.8,4466.85,4466.8,4466.85,166,
2024-06-20 12:02:00+05:30,4466.85,4466.85,4466.8,4466.85,96,
2024-06-20 12:03:00+05:30,4466.85,4467,4466.6,4467,4112,
2024-06-20 12:04:00+05:30,4467,4467,4466.95,4467,20820,
2024-06-20 12:05:00+05:30,4467,4471,4467,4470,9019,
2024-06-20 12:06:00+05:30,4470,4472,4470,4470,1618,
2024-06-20 12:07:00+05:30,4470.15,4472.2,4468.9,4470.05,1589,
2024-06-20 12:08:00+05:30,4470,4472.45,4469.95,4470.05,793,
2024-06-20 12:09:00+05:30,4470.05,4472.35,4469.95,4472.3,706,
2024-06-20 12:10:00+05:30,4470,4472.9,4470,4470,2166,
2024-06-20 12:11:00+05:30,4470,4472,4469.95,4470.05,463,
2024-06-20 12:12:00+05:30,4470.05,4471.85,4470,4471.85,272,
2024-06-20 12:13:00+05:30,4471.85,4472.35,4470,4470,937,
2024-06-20 12:14:00+05:30,4470,4472.2,4470,4470.1,797,
2024-06-20 12:15:00+05:30,4470.1,4472.2,4470,4470,365,
2024-06-20 12:16:00+05:30,4470,4471.45,4469.15,4470,167,
2024-06-20 12:17:00+05:30,4470,4471.95,4469.95,4469.95,348,
2024-06-20 12:18:00+05:30,4469.95,4470,4468.9,4469.5,163,
2024-06-20 12:19:00+05:30,4469.5,4470.95,4469.5,4470,76,
2024-06-20 12:20:00+05:30,4470,4470,4470,4470,61,
2024-06-20 12:21:00+05:30,4470,4470,4469.95,4469.95,112,
2024-06-20 12:22:00+05:30,4469.95,4471.15,4467.5,4469.25,89,
2024-06-20 12:23:00+05:30,4469.25,4470,4467.9,4470,107,
2024-06-20 12:24:00+05:30,4470,4470.05,4469.95,4470,117,
2024-06-20 12:25:00+05:30,4469.95,4470,4469.6,4470,116,
2024-06-20 12:26:00+05:30,4470,4470.1,4469.9,4470,107,
2024-06-20 12:27:00+05:30,4470,4470,4468.25,4470,255,
2024-06-20 12:28:00+05:30,4470,4470,4467.6,4470,121,
2024-06-20 12:29:00+05:30,4470,4470,4469.2,4470,40,
2024-06-20 12:30:00+05:30,4470,4470,4465,4469.15,811,
2024-06-20 12:31:00+05:30,4469.15,4469.9,4467.35,4468.95,109,
2024-06-20 12:32:00+05:30,4468.95,4468.95,4467.4,4468.6,186,
2024-06-20 12:33:00+05:30,4469,4470,4469,4470,63,
2024-06-20 12:34:00+05:30,4470,4470,4468,4470,138,
2024-06-20 12:35:00+05:30,4470,4470,4467,4467,367,
2024-06-20 12:36:00+05:30,4467,4467,4466.95,4467,73,
2024-06-20 12:37:00+05:30,4467,4470.75,4465,4470,1270,
2024-06-20 12:38:00+05:30,4470,4470.45,4468.4,4468.4,79,
2024-06-20 12:39:00+05:30,4470,4470,4468.4,4469.9,213,
2024-06-20 12:40:00+05:30,4469.9,4469.95,4468,4468.3,203,
2024-06-20 12:41:00+05:30,4468.3,4468.95,4466,4466.65,139,
2024-06-20 12:42:00+05:30,4467.2,4469.95,4467.2,4469.75,68,
2024-06-20 12:43:00+05:30,4469.75,4469.75,4465.05,4465.75,70,
2024-06-20 12:44:00+05:30,4465.6,4469,4465.6,4466.9,237,
2024-06-20 12:45:00+05:30,4469,4469.75,4466.65,4468.9,162,
2024-06-20 12:46:00+05:30,4468.9,4469,4466.3,4468.4,207,
2024-06-20 12:47:00+05:30,4468.4,4469,4466.15,4469,179,
2024-06-20 12:48:00+05:30,4469,4471.1,4468.45,4470.55,358,
2024-06-20 12:49:00+05:30,4470.55,4472,4468.15,4470,785,
2024-06-20 12:50:00+05:30,4470,4471.85,4468.6,4470.95,268,
2024-06-20 12:51:00+05:30,4470.95,4471.65,4468.15,4468.6,273,
2024-06-20 12:52:00+05:30,4468.6,4471,4468.6,4470,72,
2024-06-20 12:53:00+05:30,4470,4471,4469,4470,202,
2024-06-20 12:54:00+05:30,4470,4471,4467.25,4470.5,428,
2024-06-20 12:55:00+05:30,4470.5,4471,4468.6,4471,292,
2024-06-20 12:56:00+05:30,4471,4471,4468.8,4470,278,
2024-06-20 12:57:00+05:30,4470,4471,4469.95,4471,145,
2024-06-20 12:58:00+05:30,4471,4472.4,4468.3,4468.4,1065,
2024-06-20 12:59:00+05:30,4468.4,4470,4467.05,4469.95,330,
2024-06-20 13:00:00+05:30,4469.95,4471.95,4468.8,4468.8,1374,
2024-06-20 13:01:00+05:30,4468.8,4472.85,4468.55,4472.65,1445,
2024-06-20 13:02:00+05:30,4472.45,4472.7,4468.4,4469.75,602,
2024-06-20 13:03:00+05:30,4469.75,4472.65,4468,4469.65,184,
2024-06-20 13:04:00+05:30,4469.65,4471.9,4468.2,4468.95,369,
2024-06-20 13:05:00+05:30,4468.95,4471,4468.8,4468.8,267,
2024-06-20 13:06:00+05:30,4468.8,4472.45,4468.8,4472.35,501,
2024-06-20 13:07:00+05:30,4472.35,4473.5,4469.5,4473.5,383,
2024-06-20 13:08:00+05:30,4473.25,4473.9,4472.3,4473.75,164,
2024-06-20 13:09:00+05:30,4473.75,4476,4472.4,4476,493,
2024-06-20 13:10:00+05:30,4476,4476,4475,4476,445,
2024-06-20 13:11:00+05:30,4476,4479.3,4475.5,4476.85,580,
2024-06-20 13:12:00+05:30,4476.5,4479.6,4474.6,4476.85,556,
2024-06-20 13:13:00+05:30,4476.85,4479.85,4475.65,4476.8,597,
2024-06-20 13:14:00+05:30,4476.8,4479.9,4472,4477.75,440,
2024-06-20 13:15:00+05:30,4477.35,4479.8,4476.5,4478.95,330,
2024-06-20 13:16:00+05:30,4478.95,4479.7,4477.45,4479.55,275,
2024-06-20 13:17:00+05:30,4479.55,4480,4475.6,4478.5,1121,
2024-06-20 13:18:00+05:30,4480,4480,4478.3,4479.35,806,
2024-06-20 13:19:00+05:30,4479.35,4484,4477.25,4484,956,
2024-06-20 13:20:00+05:30,4484,4494.95,4484,4494.45,2430,
2024-06-20 13:21:00+05:30,4494.05,4498,4491.05,4495.85,2496,
2024-06-20 13:22:00+05:30,4495.85,4500,4495.55,4497.8,1191,
2024-06-20 13:23:00+05:30,4498.2,4498.2,4493.1,4497.4,1485,
2024-06-20 13:24:00+05:30,4497.45,4498.2,4496,4497,542,
2024-06-20 13:25:00+05:30,4497,4498.1,4493.45,4498,883,
2024-06-20 13:26:00+05:30,4498.1,4498.1,4495.85,4498.1,1377,
2024-06-20 13:27:00+05:30,4498.1,4505,4497,4503.85,2438,
2024-06-20 13:28:00+05:30,4504,4507,4503.65,4504.75,1763,
2024-06-20 13:29:00+05:30,4504.75,4512,4504.75,4510.95,2351,
2024-06-20 13:30:00+05:30,4512,4514.85,4509.05,4514.25,2261,
2024-06-20 13:31:00+05:30,4514.25,4514.25,4509,4509.6,749,
2024-06-20 13:32:00+05:30,4509.55,4510.85,4507,4510.85,779,
2024-06-20 13:33:00+05:30,4510.45,4510.8,4504.3,4505,1100,
2024-06-20 13:34:00+05:30,4505,4508,4500,4507.75,1831,
2024-06-20 13:35:00+05:30,4507.75,4508.35,4500,4502.8,953,
2024-06-20 13:36:00+05:30,4502.1,4507.95,4501.5,4506.6,760,
2024-06-20 13:37:00+05:30,4506.4,4507.3,4503.5,4506.4,782,
2024-06-20 13:38:00+05:30,4506.3,4507.9,4505.25,4507.4,560,
2024-06-20 13:39:00+05:30,4507.35,4508,4506.4,4508,697,
2024-06-20 13:40:00+05:30,4508,4508.55,4506.3,4508,758,
2024-06-20 13:41:00+05:30,4508,4508,4506.2,4507.5,496,
2024-06-20 13:42:00+05:30,4507.5,4510,4504.4,4507.95,1236,
2024-06-20 13:43:00+05:30,4507.4,4508.5,4505,4508.5,655,
2024-06-20 13:44:00+05:30,4507.45,4510,4503.45,4510,2064,
2024-06-20 13:45:00+05:30,4509.85,4513,4509.4,4513,997,
2024-06-20 13:46:00+05:30,4513,4514.9,4512.2,4512.25,955,
2024-06-20 13:47:00+05:30,4513.1,4513.95,4509.45,4510.45,797,
2024-06-20 13:48:00+05:30,4511.45,4512,4507.4,4508,280,
2024-06-20 13:49:00+05:30,4507.8,4514.15,4507.8,4512.15,551,
2024-06-20 13:50:00+05:30,4512.15,4514,4506.4,4509.85,802,
2024-06-20 13:51:00+05:30,4509.85,4511.05,4504.1,4506.65,1354,
2024-06-20 13:52:00+05:30,4505,4508.5,4503.4,4503.4,1639,
2024-06-20 13:53:00+05:30,4502.5,4507.05,4500,4503,2374,
2024-06-20 13:54:00+05:30,4502.95,4506.95,4501.2,4506.5,918,
2024-06-20 13:55:00+05:30,4505,4506.2,4500,4503.55,1739,
2024-06-20 13:56:00+05:30,4503.75,4505.8,4501.55,4502.15,144,
2024-06-20 13:57:00+05:30,4502.15,4506,4500.55,4500.55,230,
2024-06-20 13:58:00+05:30,4500.55,4503.2,4500,4501.6,1564,
2024-06-20 13:59:00+05:30,4501.6,4502.95,4500.05,4501.1,304,
2024-06-20 14:00:00+05:30,4501.1,4504.95,4501.1,4504.05,170,
2024-06-20 14:01:00+05:30,4504.05,4507,4503.45,4506.9,396,
2024-06-20 14:02:00+05:30,4506.95,4507,4503.75,4505.45,92,
2024-06-20 14:03:00+05:30,4506,4506.75,4502.9,4506,110,
2024-06-20 14:04:00+05:30,4506,4507,4504.05,4506.95,234,
2024-06-20 14:05:00+05:30,4506.95,4511.4,4506.8,4511.4,340,
2024-06-20 14:06:00+05:30,4509.95,4511.95,4509.25,4511.95,88,
2024-06-20 14:07:00+05:30,4511.95,4511.95,4506,4509.8,161,
2024-06-20 14:08:00+05:30,4509.8,4509.8,4506.8,4506.8,344,
2024-06-20 14:09:00+05:30,4506.8,4508,4503.6,4505.45,404,
2024-06-20 14:10:00+05:30,4505.45,4505.75,4503.65,4505.6,282,
2024-06-20 14:11:00+05:30,4505.6,4511.5,4504.35,4511.5,177,
2024-06-20 14:12:00+05:30,4510.65,4511.45,4508.9,4511,223,
2024-06-20 14:13:00+05:30,4511,4512,4510.05,4512,104,
2024-06-20 14:14:00+05:30,4512,4515.45,4511.25,4513.95,876,
2024-06-20 14:15:00+05:30,4516.3,4517.2,4512.3,4514.5,2515,
2024-06-20 14:16:00+05:30,4514.5,4520,4514.5,4517.6,2469,
2024-06-20 14:17:00+05:30,4517.6,4519,4515.5,4517.95,923,
2024-06-20 14:18:00+05:30,4517.95,4518.95,4515.3,4518.5,612,
2024-06-20 14:19:00+05:30,4518,4522,4518,4521.55,1344,
2024-06-20 14:20:00+05:30,4521.95,4522.25,4518,4520.7,731,
2024-06-20 14:21:00+05:30,4520.15,4521.45,4512.7,4513.15,1104,
2024-06-20 14:22:00+05:30,4513.15,4519,4513.15,4518.55,2296,
2024-06-20 14:23:00+05:30,4518.55,4519.65,4515.2,4518.2,544,
2024-06-20 14:24:00+05:30,4518.8,4519.4,4515.25,4516.25,657,
2024-06-20 14:25:00+05:30,4516.25,4518.95,4515.25,4518.35,436,
2024-06-20 14:26:00+05:30,4518.35,4518.35,4512,4515.95,839,
2024-06-20 14:27:00+05:30,4515.95,4517.05,4511.05,4517.05,1790,
2024-06-20 14:28:00+05:30,4517.05,4517.5,4512.8,4516.9,848,
2024-06-20 14:29:00+05:30,4516.9,4516.9,4509.45,4512.7,1926,
2024-06-20 14:30:00+05:30,4512.7,4515.05,4509.2,4510.1,663,
2024-06-20 14:31:00+05:30,4510.05,4515.5,4510.05,4515.3,272,
2024-06-20 14:32:00+05:30,4515.3,4516,4509.6,4516,5802,
2024-06-20 14:33:00+05:30,4516,4517.95,4510.05,4514.95,3128,
2024-06-20 14:34:00+05:30,4514.95,4514.95,4494.95,4496.3,4493,
2024-06-20 14:35:00+05:30,4495.55,4497.8,4485.05,4492.4,5090,
2024-06-20 14:36:00+05:30,4493.05,4498.95,4493.05,4498,1100,
2024-06-20 14:37:00+05:30,4498,4501,4498,4499.15,484,
2024-06-20 14:38:00+05:30,4498.25,4500.95,4496.55,4498.9,173,
2024-06-20 14:39:00+05:30,4498.9,4501,4498.55,4501,121,
2024-06-20 14:40:00+05:30,4501,4501,4498.25,4500.35,537,
2024-06-20 14:41:00+05:30,4499.4,4501,4498.7,4501,665,
2024-06-20 14:42:00+05:30,4501,4502.85,4500.1,4502.3,287,
2024-06-20 14:43:00+05:30,4502.7,4502.9,4498,4500.8,495,
2024-06-20 14:44:00+05:30,4500.8,4505.45,4500.8,4505,1372,
2024-06-20 14:45:00+05:30,4505,4508.05,4503.75,4508,625,
2024-06-20 14:46:00+05:30,4508,4509.9,4506.3,4509.9,724,
2024-06-20 14:47:00+05:30,4509.9,4511.75,4507.75,4511.7,1220,
2024-06-20 14:48:00+05:30,4511.7,4513.1,4508.95,4512.1,1391,
2024-06-20 14:49:00+05:30,4512.7,4514.95,4506.45,4506.65,2188,
2024-06-20 14:50:00+05:30,4505.55,4509.45,4505.55,4508.1,701,
2024-06-20 14:51:00+05:30,4508.1,4512.95,4508.1,4512.55,452,
2024-06-20 14:52:00+05:30,4510.5,4512.4,4506.6,4507.25,767,
2024-06-20 14:53:00+05:30,4507.25,4511,4507.25,4511,522,
2024-06-20 14:54:00+05:30,4511,4511,4506.3,4506.3,678,
2024-06-20 14:55:00+05:30,4507.45,4509.8,4506,4507.95,561,
2024-06-20 14:56:00+05:30,4508.1,4508.9,4503,4506.95,1144,
2024-06-20 14:57:00+05:30,4507.15,4509.1,4505,4509.1,379,
2024-06-20 14:58:00+05:30,4509.2,4509.95,4505.45,4505.45,666,
2024-06-20 14:59:00+05:30,4505.45,4509.2,4505.45,4509.2,385,
2024-06-20 15:00:00+05:30,4507.4,4508.9,4505.2,4508.25,868,
2024-06-20 15:01:00+05:30,4508.25,4509.65,4503.45,4506.2,1021,
2024-06-20 15:02:00+05:30,4506.2,4507,4500.85,4501,820,
2024-06-20 15:03:00+05:30,4501,4503.85,4500.8,4503.5,811,
2024-06-20 15:04:00+05:30,4501.9,4507,4501.15,4507,429,
2024-06-20 15:05:00+05:30,4501.75,4505.1,4500.65,4502.75,2971,
2024-06-20 15:06:00+05:30,4502.9,4505.6,4502.9,4505.6,845,
2024-06-20 15:07:00+05:30,4505.45,4505.45,4498.3,4502.2,2671,
2024-06-20 15:08:00+05:30,4502.25,4504.45,4502.25,4504.45,611,
2024-06-20 15:09:00+05:30,4503.15,4505.25,4501.3,4501.45,1321,
2024-06-20 15:10:00+05:30,4501.6,4505,4499.2,4503.4,3084,
2024-06-20 15:11:00+05:30,4501.6,4503,4499.2,4499.3,1755,
2024-06-20 15:12:00+05:30,4499.2,4501.35,4496.15,4496.15,1313,
2024-06-20 15:13:00+05:30,4496,4499.95,4494.55,4499.95,1757,
2024-06-20 15:14:00+05:30,4500,4503.9,4499.45,4502.65,848,
2024-06-20 15:15:00+05:30,4502.65,4504.3,4500.05,4500.1,1178,
2024-06-20 15:16:00+05:30,4502.35,4502.95,4500,4501.85,1021,
2024-06-20 15:17:00+05:30,4501.85,4504.2,4501.1,4501.55,862,
2024-06-20 15:18:00+05:30,4501.5,4504.4,4501.1,4503,1862,
2024-06-20 15:19:00+05:30,4503.7,4504.4,4501.5,4503.95,1833,
2024-06-20 15:20:00+05:30,4503.95,4504.7,4500.35,4501.8,2666,
2024-06-20 15:21:00+05:30,4501.8,4503.55,4499,4502.05,6239,
2024-06-20 15:22:00+05:30,4501.2,4505.5,4500,4505.3,1665,
2024-06-20 15:23:00+05:30,4505.3,4508.95,4504.45,4505.5,1598,
2024-06-20 15:24:00+05:30,4505.5,4509.5,4504.65,4507.25,2717,
2024-06-20 15:25:00+05:30,4507.25,4510.8,4504.55,4510.2,2576,
2024-06-20 15:26:00+05:30,4510.2,4514.9,4510.2,4513.15,1566,
2024-06-20 15:27:00+05:30,4512.9,4515.1,4510.35,4514.05,1464,
2024-06-20 15:28:00+05:30,4514.2,4520,4501.75,4514.6,1917,
2024-06-20 15:29:00+05:30,4514.6,4519.8,4503.5,4505,430,
2024-06-21 09:15:00+05:30,4500,4516.55,4489.75,4516.55,3250,
2024-06-21 09:16:00+05:30,4517.05,4530.75,4514,4526.1,2208,
2024-06-21 09:17:00+05:30,4532.4,4535.7,4527.7,4535.15,2609,
2024-06-21 09:18:00+05:30,4531.7,4533.7,4526.4,4530,2287,
2024-06-21 09:19:00+05:30,4534.1,4538.05,4530.45,4531.35,1672,
2024-06-21 09:20:00+05:30,4531.35,4539.6,4531.35,4535.25,2371,
2024-06-21 09:21:00+05:30,4532.35,4535.3,4530.3,4532,540,
2024-06-21 09:22:00+05:30,4532,4535,4530.8,4534,289,
2024-06-21 09:23:00+05:30,4534,4537.95,4533.25,4537,810,
2024-06-21 09:24:00+05:30,4536,4539.45,4534.5,4538,1002,
2024-06-21 09:25:00+05:30,4536.2,4540.55,4533.9,4539.05,1980,
2024-06-21 09:26:00+05:30,4539.05,4545,4539.05,4544,1025,
2024-06-21 09:27:00+05:30,4543.95,4555,4540.1,4551.95,3762,
2024-06-21 09:28:00+05:30,4555.1,4555.1,4540.7,4552.05,19621,
2024-06-21 09:29:00+05:30,4554.4,4554.4,4547,4549,1428,
2024-06-21 09:30:00+05:30,4547.15,4554.9,4547.15,4553.2,1800,
2024-06-21 09:31:00+05:30,4554.5,4564.55,4554,4562.35,2475,
2024-06-21 09:32:00+05:30,4561.4,4563.95,4558.7,4562.3,2379,
2024-06-21 09:33:00+05:30,4562.45,4563.95,4558.15,4558.4,1190,
2024-06-21 09:34:00+05:30,4560.95,4560.95,4555,4556.9,584,
2024-06-21 09:35:00+05:30,4556.9,4556.9,4549,4550,978,
2024-06-21 09:36:00+05:30,4550,4554.3,4548.05,4548.05,2244,
2024-06-21 09:37:00+05:30,4550.15,4551.05,4548.6,4548.6,1073,
2024-06-21 09:38:00+05:30,4548.6,4550.1,4542,4550,859,
2024-06-21 09:39:00+05:30,4547.55,4550,4545.1,4547.9,1490,
2024-06-21 09:40:00+05:30,4549.95,4549.95,4544.05,4545,511,
2024-06-21 09:41:00+05:30,4544,4544.65,4538.8,4543.4,1527,
2024-06-21 09:42:00+05:30,4543,4550.65,4543,4550,1210,
2024-06-21 09:43:00+05:30,4550,4552.45,4545.25,4547.7,3134,
2024-06-21 09:44:00+05:30,4547.5,4548.25,4545.05,4546.4,312,
2024-06-21 09:45:00+05:30,4546.15,4550,4546.15,4550,314,
2024-06-21 09:46:00+05:30,4547.75,4550,4546,4549.4,596,
2024-06-21 09:47:00+05:30,4549.4,4550.95,4547.4,4550,715,
2024-06-21 09:48:00+05:30,4549.15,4550,4547.65,4550,217,
2024-06-21 09:49:00+05:30,4548.45,4550,4547.75,4550,1306,
2024-06-21 09:50:00+05:30,4550,4550,4548.5,4549.7,392,
2024-06-21 09:51:00+05:30,4549.05,4551,4549,4549,137,
2024-06-21 09:52:00+05:30,4549,4551.4,4545.05,4545.05,1841,
2024-06-21 09:53:00+05:30,4547.05,4550.95,4546.8,4547.35,1027,
2024-06-21 09:54:00+05:30,4549.1,4550.4,4547.55,4549.2,95,
2024-06-21 09:55:00+05:30,4549.2,4549.2,4545,4545,668,
2024-06-21 09:56:00+05:30,4545,4546.65,4540.25,4541.2,184,
2024-06-21 09:57:00+05:30,4541.35,4543.95,4536,4543.95,895,
2024-06-21 09:58:00+05:30,4543.85,4547.5,4539.95,4540.85,537,
2024-06-21 09:59:00+05:30,4542.6,4545.8,4541.05,4545,969,
2024-06-21 10:00:00+05:30,4543.7,4547.65,4543.7,4547.45,355,
2024-06-21 10:01:00+05:30,4547.7,4548.55,4542.55,4546.7,1017,
2024-06-21 10:02:00+05:30,4546.7,4548.5,4543.05,4548.5,318,
2024-06-21 10:03:00+05:30,4549.2,4549.7,4546,4549.7,967,
2024-06-21 10:04:00+05:30,4549.8,4550,4546,4546.2,1117,
2024-06-21 10:05:00+05:30,4547.25,4547.25,4544.15,4544.7,452,
2024-06-21 10:06:00+05:30,4544.85,4546.9,4543.1,4545.3,187,
2024-06-21 10:07:00+05:30,4545.3,4550,4545.3,4549.95,1469,
2024-06-21 10:08:00+05:30,4549.95,4550.9,4547.25,4550,381,
2024-06-21 10:09:00+05:30,4548.8,4550,4547.3,4550,368,
2024-06-21 10:10:00+05:30,4550,4550,4549.2,4549.45,263,
2024-06-21 10:11:00+05:30,4549.45,4550,4549.45,4549.45,267,
2024-06-21 10:12:00+05:30,4549.45,4550,4547.5,4550,838,
2024-06-21 10:13:00+05:30,4550,4550,4547.5,4547.5,275,
2024-06-21 10:14:00+05:30,4548.75,4550,4547.3,4550,243,
2024-06-21 10:15:00+05:30,4548.6,4550,4548.6,4550,1211,
2024-06-21 10:16:00+05:30,4550,4550,4547.7,4549,1043,
2024-06-21 10:17:00+05:30,4550,4550,4544.8,4548.9,1254,
2024-06-21 10:18:00+05:30,4548.1,4550,4548.1,4550,196,
2024-06-21 10:19:00+05:30,4550,4550,4548.5,4548.5,75,
2024-06-21 10:20:00+05:30,4549.95,4550,4548.3,4548.55,73,
2024-06-21 10:21:00+05:30,4548.6,4550.5,4545.6,4546.3,1966,
2024-06-21 10:22:00+05:30,4547.2,4550,4545.5,4549.9,117,
2024-06-21 10:23:00+05:30,4549.9,4550,4547.65,4547.95,439,
2024-06-21 10:24:00+05:30,4547.95,4549.85,4542.55,4542.55,204,
2024-06-21 10:25:00+05:30,4542.55,4543.9,4540.05,4541.85,459,
2024-06-21 10:26:00+05:30,4541.85,4546,4541.85,4544.25,137,
2024-06-21 10:27:00+05:30,4542.35,4546.2,4540,4544.25,501,
2024-06-21 10:28:00+05:30,4544.4,4547.45,4544.4,4547.35,885,
2024-06-21 10:29:00+05:30,4547.35,4549.95,4545.1,4549.95,946,
2024-06-21 10:30:00+05:30,4548.15,4550,4548.15,4550,345,
2024-06-21 10:31:00+05:30,4548.3,4550,4547.5,4549.35,253,
2024-06-21 10:32:00+05:30,4549.6,4549.6,4542.1,4545.1,251,
2024-06-21 10:33:00+05:30,4543.55,4547.1,4543.55,4546.65,342,
2024-06-21 10:34:00+05:30,4543.7,4547.5,4543.7,4544.7,245,
2024-06-21 10:35:00+05:30,4547.45,4549.45,4544.75,4547,137,
2024-06-21 10:36:00+05:30,4547.15,4549.3,4547.15,4547.75,56,
2024-06-21 10:37:00+05:30,4547.95,4549,4544.3,4544.3,864,
2024-06-21 10:38:00+05:30,4544.3,4549.45,4544.3,4548.65,272,
2024-06-21 10:39:00+05:30,4546.75,4549.5,4545.05,4547.4,179,
2024-06-21 10:40:00+05:30,4548,4548,4545,4545.5,235,
2024-06-21 10:41:00+05:30,4545.5,4547.85,4543.5,4546.25,540,
2024-06-21 10:42:00+05:30,4546.2,4548.9,4546.2,4547.75,145,
2024-06-21 10:43:00+05:30,4547.9,4548.95,4547.15,4547.15,125,
2024-06-21 10:44:00+05:30,4546.85,4546.85,4541.75,4543.75,232,
2024-06-21 10:45:00+05:30,4541.9,4542.25,4535.4,4537.4,744,
2024-06-21 10:46:00+05:30,4536.35,4536.7,4533,4533.5,744,
2024-06-21 10:47:00+05:30,4533,4537.35,4533,4533.45,510,
2024-06-21 10:48:00+05:30,4533.45,4533.45,4527.6,4527.65,1820,
2024-06-21 10:49:00+05:30,4528.9,4530,4527.05,4528.6,605,
2024-06-21 10:50:00+05:30,4528.6,4530,4525.5,4528.5,857,
2024-06-21 10:51:00+05:30,4528.5,4530,4528.35,4528.35,502,
2024-06-21 10:52:00+05:30,4532,4533.25,4528.8,4529.3,1152,
2024-06-21 10:53:00+05:30,4529.3,4533.75,4528.8,4530,924,
2024-06-21 10:54:00+05:30,4529,4533.9,4529,4533.35,222,
2024-06-21 10:55:00+05:30,4533.2,4534.85,4530.05,4530.1,295,
2024-06-21 10:56:00+05:30,4530.15,4533.25,4530.1,4530.65,282,
2024-06-21 10:57:00+05:30,4530.65,4537,4530.65,4533.05,536,
2024-06-21 10:58:00+05:30,4534.9,4536.6,4533,4534.75,640,
2024-06-21 10:59:00+05:30,4534.7,4537.55,4533.95,4535.7,247,
2024-06-21 11:00:00+05:30,4533.9,4537,4533.9,4536.85,171,
2024-06-21 11:01:00+05:30,4535.45,4537.45,4535,4535.2,157,
2024-06-21 11:02:00+05:30,4535.2,4536.95,4533,4534.5,2100,
2024-06-21 11:03:00+05:30,4535,4535,4533,4533.15,892,
2024-06-21 11:04:00+05:30,4533.15,4534.8,4533,4533,405,
2024-06-21 11:05:00+05:30,4533.25,4535,4533,4533.55,777,
2024-06-21 11:06:00+05:30,4533.6,4535,4533,4533,420,
2024-06-21 11:07:00+05:30,4533,4533.5,4533,4533,847,
2024-06-21 11:08:00+05:30,4533,4535,4533,4534.8,754,
2024-06-21 11:09:00+05:30,4534.8,4535,4533,4533.05,295,
2024-06-21 11:10:00+05:30,4533.2,4535.05,4533,4533.2,193,
2024-06-21 11:11:00+05:30,4533.4,4535.95,4533.4,4535,341,
2024-06-21 11:12:00+05:30,4533.6,4539.75,4532.8,4537.2,2833,
2024-06-21 11:13:00+05:30,4538.5,4540.8,4537.25,4539.5,611,
2024-06-21 11:14:00+05:30,4540,4540,4538.35,4540,462,
2024-06-21 11:15:00+05:30,4539,4540,4538.85,4540,417,
2024-06-21 11:16:00+05:30,4539,4540,4539,4539.45,206,
2024-06-21 11:17:00+05:30,4539.45,4541.8,4539.45,4541,250,
2024-06-21 11:18:00+05:30,4540,4540,4537.35,4538.4,867,
2024-06-21 11:19:00+05:30,4538.4,4540,4538.4,4539.1,130,
2024-06-21 11:20:00+05:30,4539.1,4539.9,4538.15,4539.8,469,
2024-06-21 11:21:00+05:30,4538.15,4539.85,4538.15,4539.85,93,
2024-06-21 11:22:00+05:30,4539.85,4550,4539.85,4549.3,1417,
2024-06-21 11:23:00+05:30,4550,4552,4542.4,4542.8,3725,
2024-06-21 11:24:00+05:30,4542.95,4543.3,4538.3,4538.3,1685,
2024-06-21 11:25:00+05:30,4539.2,4540,4538.45,4540,433,
2024-06-21 11:26:00+05:30,4540,4540,4538.15,4538.15,3922,
2024-06-21 11:27:00+05:30,4538.15,4538.55,4535.5,4536.75,621,
2024-06-21 11:28:00+05:30,4538.55,4538.55,4535.8,4536.15,195,
2024-06-21 11:29:00+05:30,4536.15,4538.25,4533.5,4534.25,1827,
2024-06-21 11:30:00+05:30,4535,4538.25,4534.4,4536.65,3980,
2024-06-21 11:31:00+05:30,4536.65,4538.25,4536.65,4536.95,50,
2024-06-21 11:32:00+05:30,4536.95,4539.15,4535.55,4538.4,412,
2024-06-21 11:33:00+05:30,4538.4,4538.4,4536.35,4537.3,110,
2024-06-21 11:34:00+05:30,4537.3,4539.9,4537,4539.3,3095,
2024-06-21 11:35:00+05:30,4539.3,4540,4537.75,4540,324,
2024-06-21 11:36:00+05:30,4540,4540,4538.2,4538.35,144,
2024-06-21 11:37:00+05:30,4538.35,4539.7,4537.6,4537.6,145,
2024-06-21 11:38:00+05:30,4537.6,4537.95,4535.9,4536.85,283,
2024-06-21 11:39:00+05:30,4536.85,4537.95,4536.85,4537.15,51,
2024-06-21 11:40:00+05:30,4537.15,4538.2,4535,4536.5,529,
2024-06-21 11:41:00+05:30,4538.2,4538.2,4536.5,4538.2,1616,
2024-06-21 11:42:00+05:30,4539,4540.45,4538,4538.55,669,
2024-06-21 11:43:00+05:30,4538.55,4540.75,4538.55,4540,156,
2024-06-21 11:44:00+05:30,4540,4540,4537.8,4537.8,786,
2024-06-21 11:45:00+05:30,4538.25,4540.8,4538.25,4540.8,1408,
2024-06-21 11:46:00+05:30,4540.8,4541,4533.1,4535.1,22890,
2024-06-21 11:47:00+05:30,4535.1,4536.45,4533.35,4536.2,280,
2024-06-21 11:48:00+05:30,4536.2,4537.2,4535.1,4535.35,459,
2024-06-21 11:49:00+05:30,4535.35,4538.2,4535.35,4538,8942,
2024-06-21 11:50:00+05:30,4538.2,4543.7,4538.15,4542,935,
2024-06-21 11:51:00+05:30,4542,4544.95,4542,4543.4,250,
2024-06-21 11:52:00+05:30,4543.4,4545.95,4543.4,4544.15,1081,
2024-06-21 11:53:00+05:30,4544.15,4545,4543.35,4545,380,
2024-06-21 11:54:00+05:30,4545,4546.95,4544.55,4545.75,137,
2024-06-21 11:55:00+05:30,4545.75,4546.5,4545.75,4546.2,210,
2024-06-21 11:56:00+05:30,4546.2,4548.2,4543.15,4543.15,476,
2024-06-21 11:57:00+05:30,4543.15,4545.55,4542.7,4542.85,123,
2024-06-21 11:58:00+05:30,4542.85,4545.5,4542.45,4545.5,340,
2024-06-21 11:59:00+05:30,4545.5,4546.35,4543,4546.35,948,
2024-06-21 12:00:00+05:30,4546.35,4548,4544.5,4546.45,184,
2024-06-21 12:01:00+05:30,4546.45,4548.7,4545.55,4548.1,443,
2024-06-21 12:02:00+05:30,4548.1,4548.1,4545.65,4546,216,
2024-06-21 12:03:00+05:30,4546,4548.1,4546,4546.55,1008,
2024-06-21 12:04:00+05:30,4548.1,4550.5,4546.6,4550,996,
2024-06-21 12:05:00+05:30,4550,4550,4548.9,4550,656,
2024-06-21 12:06:00+05:30,4550,4551.05,4548.65,4551.05,965,
2024-06-21 12:07:00+05:30,4550,4552.5,4548.15,4550,1206,
2024-06-21 12:08:00+05:30,4548.2,4550,4548.2,4550,78,
2024-06-21 12:09:00+05:30,4550,4550,4546.7,4550,326,
2024-06-21 12:10:00+05:30,4549.9,4550,4548,4548,384,
2024-06-21 12:11:00+05:30,4548,4549.95,4547.1,4547.1,294,
2024-06-21 12:12:00+05:30,4547.1,4549,4544.1,4545.8,1598,
2024-06-21 12:13:00+05:30,4545.8,4546,4544.3,4544.3,170,
2024-06-21 12:14:00+05:30,4544.3,4545,4541.75,4541.75,188,
2024-06-21 12:15:00+05:30,4543.45,4545.95,4541.6,4541.6,827,
2024-06-21 12:16:00+05:30,4544.35,4546.45,4544.35,4546.2,660,
2024-06-21 12:17:00+05:30,4546.2,4546.2,4541.65,4541.65,281,
2024-06-21 12:18:00+05:30,4542.95,4544.05,4541.7,4542.05,183,
2024-06-21 12:19:00+05:30,4542.05,4542.75,4538,4539.75,727,
2024-06-21 12:20:00+05:30,4539.75,4540.5,4538,4540.5,543,
2024-06-21 12:21:00+05:30,4540.5,4543.5,4540.5,4543.4,1000,
2024-06-21 12:22:00+05:30,4543.4,4545.5,4543.05,4543.4,247,
2024-06-21 12:23:00+05:30,4543.4,4544.95,4543.4,4543.4,117,
2024-06-21 12:24:00+05:30,4543.4,4549.85,4543.4,4549.85,1505,
2024-06-21 12:25:00+05:30,4550,4550.1,4548.6,4549.95,1597,
2024-06-21 12:26:00+05:30,4549.95,4549.95,4548.6,4548.6,718,
2024-06-21 12:27:00+05:30,4548.6,4550.05,4548.6,4550.05,147,
2024-06-21 12:28:00+05:30,4550.05,4550.05,4546.05,4546.05,131,
2024-06-21 12:29:00+05:30,4546.05,4547.2,4545.05,4545.05,150,
2024-06-21 12:30:00+05:30,4545.05,4546.95,4545.05,4546.9,163,
2024-06-21 12:31:00+05:30,4546.9,4546.9,4543.95,4546.4,77,
2024-06-21 12:32:00+05:30,4546.4,4546.4,4544.55,4546.05,166,
2024-06-21 12:33:00+05:30,4546.05,4546.6,4544.75,4544.9,235,
2024-06-21 12:34:00+05:30,4544.9,4546.2,4543.6,4544.2,59,
2024-06-21 12:35:00+05:30,4546.2,4546.2,4542.1,4542.1,138,
2024-06-21 12:36:00+05:30,4544.3,4545.1,4542.25,4543.85,276,
2024-06-21 12:37:00+05:30,4543.85,4545.4,4543.15,4544.9,280,
2024-06-21 12:38:00+05:30,4544.9,4545.05,4540.05,4542,205,
2024-06-21 12:39:00+05:30,4540.05,4543,4540,4542.75,368,
2024-06-21 12:40:00+05:30,4542.75,4543.45,4540.9,4541.95,250,
2024-06-21 12:41:00+05:30,4541.95,4543.75,4537.6,4540.9,5533,
2024-06-21 12:42:00+05:30,4540.9,4542.15,4540.15,4541.1,310,
2024-06-21 12:43:00+05:30,4540.55,4541.65,4537.75,4538.35,331,
2024-06-21 12:44:00+05:30,4538.35,4541.2,4538.25,4539.65,133,
2024-06-21 12:45:00+05:30,4539.65,4543.75,4539.55,4543,330,
2024-06-21 12:46:00+05:30,4543,4543.1,4538.8,4538.85,247,
2024-06-21 12:47:00+05:30,4539.4,4540.2,4538,4538.95,517,
2024-06-21 12:48:00+05:30,4538.95,4541,4538,4539.2,349,
2024-06-21 12:49:00+05:30,4539.2,4542.15,4538.8,4539.1,305,
2024-06-21 12:50:00+05:30,4539.1,4542.9,4539.1,4542.9,631,
2024-06-21 12:51:00+05:30,4542.9,4545,4542.15,4544.1,228,
2024-06-21 12:52:00+05:30,4544.1,4546.25,4542.15,4542.15,1191,
2024-06-21 12:53:00+05:30,4542.15,4544.7,4541.2,4541.55,626,
2024-06-21 12:54:00+05:30,4541.55,4545,4541.55,4544.8,371,
2024-06-21 12:55:00+05:30,4545,4545,4544.9,4545,121,
2024-06-21 12:56:00+05:30,4545,4545,4542.25,4542.3,115,
2024-06-21 12:57:00+05:30,4542.3,4542.45,4542,4542,191,
2024-06-21 12:58:00+05:30,4542,4542.45,4540.1,4541.3,1344,
2024-06-21 12:59:00+05:30,4541.3,4541.5,4537,4538.15,659,
2024-06-21 13:00:00+05:30,4538.15,4541.5,4538.15,4539.8,163,
2024-06-21 13:01:00+05:30,4539.8,4540.65,4539.25,4540,186,
2024-06-21 13:02:00+05:30,4538.9,4539.7,4533,4533.6,601,
2024-06-21 13:03:00+05:30,4533.6,4537.95,4533.6,4537.45,189,
2024-06-21 13:04:00+05:30,4537.45,4537.95,4533.45,4537.45,480,
2024-06-21 13:05:00+05:30,4537.45,4537.45,4527.55,4529.6,2774,
2024-06-21 13:06:00+05:30,4529.6,4532,4525.55,4525.55,661,
2024-06-21 13:07:00+05:30,4525.55,4528.9,4524.15,4528.9,354,
2024-06-21 13:08:00+05:30,4527.45,4531.25,4527.45,4528.65,197,
2024-06-21 13:09:00+05:30,4530,4532,4528.65,4529.45,114,
2024-06-21 13:10:00+05:30,4529.45,4531.3,4529.45,4529.8,215,
2024-06-21 13:11:00+05:30,4529.8,4531.55,4529.75,4530.05,59,
2024-06-21 13:12:00+05:30,4530.05,4538.1,4530.05,4534.2,937,
2024-06-21 13:13:00+05:30,4534.2,4541.35,4534.2,4538.85,1273,
2024-06-21 13:14:00+05:30,4538.85,4540,4538.85,4538.9,77,
2024-06-21 13:15:00+05:30,4538.9,4540,4537.5,4537.5,394,
2024-06-21 13:16:00+05:30,4537.5,4540,4537.5,4538.6,187,
2024-06-21 13:17:00+05:30,4538.6,4540,4538.6,4540,275,
2024-06-21 13:18:00+05:30,4540,4540,4536.9,4537.7,651,
2024-06-21 13:19:00+05:30,4537.7,4540.25,4537.7,4540,688,
2024-06-21 13:20:00+05:30,4540,4540,4538.85,4540,46,
2024-06-21 13:21:00+05:30,4540,4540,4539,4539,229,
2024-06-21 13:22:00+05:30,4539,4540,4539,4540,102,
2024-06-21 13:23:00+05:30,4540,4540,4538.8,4540,871,
2024-06-21 13:24:00+05:30,4540,4540,4539.05,4540,156,
2024-06-21 13:25:00+05:30,4540,4540,4537.45,4539.9,278,
2024-06-21 13:26:00+05:30,4539.9,4540.95,4537.55,4540,10446,
2024-06-21 13:27:00+05:30,4540,4540,4539.1,4539.95,1453,
2024-06-21 13:28:00+05:30,4539.95,4539.95,4539.15,4539.95,139,
2024-06-21 13:29:00+05:30,4539.95,4539.95,4532.25,4534.95,373,
2024-06-21 13:30:00+05:30,4534.95,4537.7,4534.05,4537.7,266,
2024-06-21 13:31:00+05:30,4537.7,4538,4534.3,4537.9,711,
2024-06-21 13:32:00+05:30,4537.9,4539.9,4535.95,4537.65,501,
2024-06-21 13:33:00+05:30,4537.65,4540,4537.65,4539.7,176,
2024-06-21 13:34:00+05:30,4539.7,4540,4538.35,4540,368,
2024-06-21 13:35:00+05:30,4540,4540,4538.45,4540,129,
2024-06-21 13:36:00+05:30,4540,4540,4539.4,4540,71,
2024-06-21 13:37:00+05:30,4540,4540,4539.6,4540,325,
2024-06-21 13:38:00+05:30,4540,4540,4539.8,4540,450,
2024-06-21 13:39:00+05:30,4540,4551.5,4539.85,4549.6,5754,
2024-06-21 13:40:00+05:30,4549.6,4551.1,4549,4550.6,467,
2024-06-21 13:41:00+05:30,4550.6,4550.85,4546.6,4549.5,1493,
2024-06-21 13:42:00+05:30,4549.5,4549.5,4546.7,4547.85,87,
2024-06-21 13:43:00+05:30,4547.85,4547.85,4544.95,4547.1,204,
2024-06-21 13:44:00+05:30,4547.1,4547.1,4545.05,4545.5,228,
2024-06-21 13:45:00+05:30,4545.5,4547.85,4545.15,4545.15,271,
2024-06-21 13:46:00+05:30,4545.15,4546.9,4543.5,4544.8,185,
2024-06-21 13:47:00+05:30,4544.8,4546.85,4544.2,4546.1,312,
2024-06-21 13:48:00+05:30,4546.1,4546.85,4543.6,4546,183,
2024-06-21 13:49:00+05:30,4546,4547.5,4543.8,4545,460,
2024-06-21 13:50:00+05:30,4545,4547.8,4544.45,4546.8,633,
2024-06-21 13:51:00+05:30,4546.8,4547.85,4545.15,4547.65,75,
2024-06-21 13:52:00+05:30,4547.65,4549.9,4546.1,4549.9,620,
2024-06-21 13:53:00+05:30,4549.9,4549.9,4541.55,4542.9,9256,
2024-06-21 13:54:00+05:30,4542.9,4546.2,4542.05,4545.85,372,
2024-06-21 13:55:00+05:30,4545.85,4547.6,4544.35,4544.35,183,
2024-06-21 13:56:00+05:30,4544.35,4546.25,4543.45,4546.1,284,
2024-06-21 13:57:00+05:30,4546.1,4546.1,4543.05,4545.1,278,
2024-06-21 13:58:00+05:30,4545.1,4545.1,4542,4542.25,104,
2024-06-21 13:59:00+05:30,4542.25,4543.95,4542.15,4543.65,67,
2024-06-21 14:00:00+05:30,4543.65,4545.9,4540,4545.9,1358,
2024-06-21 14:01:00+05:30,4545.9,4547.5,4544.75,4547.5,98,
2024-06-21 14:02:00+05:30,4547.5,4547.5,4546.9,4546.9,79,
2024-06-21 14:03:00+05:30,4546.9,4548.45,4546.9,4548.35,296,
2024-06-21 14:04:00+05:30,4548.35,4549.5,4546.95,4549.45,213,
2024-06-21 14:05:00+05:30,4549.45,4549.45,4547.35,4549.3,68,
2024-06-21 14:06:00+05:30,4549.3,4549.8,4547.5,4547.55,684,
2024-06-21 14:07:00+05:30,4547.55,4549.8,4545.3,4547.4,450,
2024-06-21 14:08:00+05:30,4547.3,4547.65,4545.4,4545.5,356,
2024-06-21 14:09:00+05:30,4545.5,4547,4543.75,4546.85,279,
2024-06-21 14:10:00+05:30,4546.85,4546.9,4543.5,4546,316,
2024-06-21 14:11:00+05:30,4546,4546.2,4542,4545.85,732,
2024-06-21 14:12:00+05:30,4545.85,4546.05,4543.65,4545.85,304,
2024-06-21 14:13:00+05:30,4545.85,4546.4,4544.2,4546.35,250,
2024-06-21 14:14:00+05:30,4546.35,4547,4544.3,4546.35,76,
2024-06-21 14:15:00+05:30,4546.35,4546.95,4545,4546.9,54,
2024-06-21 14:16:00+05:30,4546.9,4547,4545.1,4546.9,370,
2024-06-21 14:17:00+05:30,4546.9,4553.55,4546.05,4553.55,3632,
2024-06-21 14:18:00+05:30,4550,4550,4543,4546.9,1300,
2024-06-21 14:19:00+05:30,4546.9,4548.55,4545.3,4548.35,84,
2024-06-21 14:20:00+05:30,4548.35,4548.45,4546.45,4548.35,257,
2024-06-21 14:21:00+05:30,4548.35,4549.15,4546.2,4549.15,197,
2024-06-21 14:22:00+05:30,4549.15,4550.9,4548.5,4550.8,268,
2024-06-21 14:23:00+05:30,4550.8,4550.8,4546.25,4549.45,442,
2024-06-21 14:24:00+05:30,4549.45,4549.5,4545.1,4546.8,231,
2024-06-21 14:25:00+05:30,4546.8,4550.95,4545,4548.55,954,
2024-06-21 14:26:00+05:30,4550.75,4552.15,4548.7,4550.35,619,
2024-06-21 14:27:00+05:30,4550.35,4550.35,4546,4546.5,459,
2024-06-21 14:28:00+05:30,4546.5,4548.7,4545.9,4546.65,417,
2024-06-21 14:29:00+05:30,4546.65,4548.5,4546,4546,475,
2024-06-21 14:30:00+05:30,4546.75,4549.4,4546,4549.4,169,
2024-06-21 14:31:00+05:30,4549.4,4549.9,4546.75,4548.25,613,
2024-06-21 14:32:00+05:30,4548.45,4552.7,4547.6,4550.6,854,
2024-06-21 14:33:00+05:30,4550.6,4552,4546.05,4550,2076,
2024-06-21 14:34:00+05:30,4550,4550,4546.4,4546.4,348,
2024-06-21 14:35:00+05:30,4546.4,4548.35,4543,4543.95,633,
2024-06-21 14:36:00+05:30,4543.95,4548.35,4543.05,4546.6,397,
2024-06-21 14:37:00+05:30,4546.6,4548.8,4544.8,4544.8,373,
2024-06-21 14:38:00+05:30,4544.8,4548,4543.8,4546,668,
2024-06-21 14:39:00+05:30,4546,4548.75,4546,4548.75,132,
2024-06-21 14:40:00+05:30,4548.75,4548.8,4547.1,4548.7,316,
2024-06-21 14:41:00+05:30,4548.7,4549,4547.6,4548.35,82,
2024-06-21 14:42:00+05:30,4548.35,4549.45,4545.1,4549.45,1055,
2024-06-21 14:43:00+05:30,4549.45,4549.45,4548.7,4549.2,113,
2024-06-21 14:44:00+05:30,4549.2,4549.45,4545.45,4545.5,340,
2024-06-21 14:45:00+05:30,4545.4,4547.4,4545.25,4545.75,561,
2024-06-21 14:46:00+05:30,4545.75,4547.9,4544.3,4544.3,983,
2024-06-21 14:47:00+05:30,4544.3,4546.6,4543.6,4543.8,590,
2024-06-21 14:48:00+05:30,4543.3,4545.05,4542.8,4544.85,482,
2024-06-21 14:49:00+05:30,4544.85,4545.1,4542,4542.9,1444,
2024-06-21 14:50:00+05:30,4542.9,4555,4542.9,4555,2690,
2024-06-21 14:51:00+05:30,4553.1,4559.4,4551.25,4558.1,4104,
2024-06-21 14:52:00+05:30,4558.75,4562.05,4558.75,4561,2308,
2024-06-21 14:53:00+05:30,4561,4561,4560,4560.9,862,
2024-06-21 14:54:00+05:30,4560,4561,4554.55,4560,2418,
2024-06-21 14:55:00+05:30,4560,4561.5,4560,4561,808,
2024-06-21 14:56:00+05:30,4560.6,4562.1,4557.05,4560,3020,
2024-06-21 14:57:00+05:30,4560.05,4562,4560,4561.3,917,
2024-06-21 14:58:00+05:30,4561.3,4561.85,4560,4560,1176,
2024-06-21 14:59:00+05:30,4560,4575.95,4560,4573.2,5296,
2024-06-21 15:00:00+05:30,4575,4575.95,4552,4552.55,10937,
2024-06-21 15:01:00+05:30,4552,4552.55,4519.45,4524.95,11746,
2024-06-21 15:02:00+05:30,4524.95,4527.15,4505.25,4513.85,6733,
2024-06-21 15:03:00+05:30,4513.85,4532.95,4506.05,4524.15,15217,
2024-06-21 15:04:00+05:30,4524.9,4526.95,4520,4526.8,7025,
2024-06-21 15:05:00+05:30,4526.85,4526.95,4520,4520,9790,
2024-06-21 15:06:00+05:30,4516.75,4516.75,4504.7,4506.65,5444,
2024-06-21 15:07:00+05:30,4506.35,4522.8,4506.35,4518.05,9834,
2024-06-21 15:08:00+05:30,4518.1,4521.4,4518,4520.45,7088,
2024-06-21 15:09:00+05:30,4520.45,4523.45,4518,4523.45,7064,
2024-06-21 15:10:00+05:30,4523.45,4523.55,4519.5,4520.3,8934,
2024-06-21 15:11:00+05:30,4521.05,4529,4521,4525.95,13246,
2024-06-21 15:12:00+05:30,4525.55,4528.35,4524.5,4525.5,7505,
2024-06-21 15:13:00+05:30,4525.5,4527.55,4525,4527,23093,
2024-06-21 15:14:00+05:30,4527,4527.05,4518.75,4521.6,10452,
2024-06-21 15:15:00+05:30,4521.6,4521.65,4520,4520.05,7185,
2024-06-21 15:16:00+05:30,4520.05,4520.05,4520,4520.05,9517,
2024-06-21 15:17:00+05:30,4520,4524.1,4520,4520,9510,
2024-06-21 15:18:00+05:30,4520,4525,4520,4520.05,8672,
2024-06-21 15:19:00+05:30,4520.05,4526.55,4516.05,4523.5,11438,
2024-06-21 15:20:00+05:30,4523.5,4523.5,4511.95,4511.95,5451,
2024-06-21 15:21:00+05:30,4512.4,4512.4,4507.45,4508.65,4342,
2024-06-21 15:22:00+05:30,4509.1,4513.05,4507.45,4510.35,4419,
2024-06-21 15:23:00+05:30,4510.35,4512.75,4510,4512,5350,
2024-06-21 15:24:00+05:30,4512.2,4512.2,4510,4510.05,6528,
2024-06-21 15:25:00+05:30,4510,4513.65,4510,4513.05,7894,
2024-06-21 15:26:00+05:30,4512.4,4519.8,4510.4,4510.4,7398,
2024-06-21 15:27:00+05:30,4510.3,4518.55,4510.1,4515.35,5585,
2024-06-21 15:28:00+05:30,4515.35,4523.55,4515,4520,11080,
2024-06-21 15:29:00+05:30,4520,4520.15,4520,4520,3584,
2024-06-24 09:15:00+05:30,4512.6,4521.5,4496,4504.45,3341,
2024-06-24 09:16:00+05:30,4507.8,4507.8,4488.6,4488.6,1081,
2024-06-24 09:17:00+05:30,4493.55,4511.6,4488.5,4508.45,2088,
2024-06-24 09:18:00+05:30,4508.2,4511.95,4508.15,4511,354,
2024-06-24 09:19:00+05:30,4512.9,4519.95,4511.1,4514.5,924,
2024-06-24 09:20:00+05:30,4514.5,4518.05,4507.55,4514,397,
2024-06-24 09:21:00+05:30,4514.15,4520.95,4512.6,4520.95,451,
2024-06-24 09:22:00+05:30,4517.85,4520.1,4516,4518.95,254,
2024-06-24 09:23:00+05:30,4518.95,4521.5,4513.9,4517.65,790,
2024-06-24 09:24:00+05:30,4514.05,4520.95,4514.05,4520.95,132,
2024-06-24 09:25:00+05:30,4520.95,4520.95,4517.15,4519.75,127,
2024-06-24 09:26:00+05:30,4519.95,4526.8,4517.85,4524,654,
2024-06-24 09:27:00+05:30,4521.4,4525,4517.4,4525,340,
2024-06-24 09:28:00+05:30,4525,4528.45,4523,4523,598,
2024-06-24 09:29:00+05:30,4524.8,4527,4521.35,4527,363,
2024-06-24 09:30:00+05:30,4525.3,4528.1,4517.05,4520.35,838,
2024-06-24 09:31:00+05:30,4516.1,4516.3,4510,4515.25,984,
2024-06-24 09:32:00+05:30,4515.25,4516.4,4514.05,4515.3,221,
2024-06-24 09:33:00+05:30,4513,4522.45,4513,4522.45,421,
2024-06-24 09:34:00+05:30,4520.8,4522.45,4520.8,4522.45,98,
2024-06-24 09:35:00+05:30,4522.45,4522.45,4515.75,4520.25,533,
2024-06-24 09:36:00+05:30,4520.25,4520.95,4517.45,4520.1,150,
2024-06-24 09:37:00+05:30,4520.1,4520.1,4517.4,4519.1,126,
2024-06-24 09:38:00+05:30,4519.1,4524.65,4517.55,4524.5,542,
2024-06-24 09:39:00+05:30,4524.55,4524.75,4518.8,4521.5,266,
2024-06-24 09:40:00+05:30,4521.5,4521.5,4518,4520.35,240,
2024-06-24 09:41:00+05:30,4518.55,4518.8,4507,4509.6,1497,
2024-06-24 09:42:00+05:30,4510.35,4515.5,4510.05,4514.75,726,
2024-06-24 09:43:00+05:30,4514.55,4528,4512.45,4528,1314,
2024-06-24 09:44:00+05:30,4526.85,4527.05,4508.7,4508.7,2548,
2024-06-24 09:45:00+05:30,4508.7,4519.35,4508.7,4516.65,256,
2024-06-24 09:46:00+05:30,4516.65,4519,4510.3,4512.6,218,
2024-06-24 09:47:00+05:30,4510.1,4511.45,4508.65,4511.3,117,
2024-06-24 09:48:00+05:30,4511.3,4513.55,4511.25,4513.35,111,
2024-06-24 09:49:00+05:30,4510.75,4510.75,4503.95,4503.95,997,
2024-06-24 09:50:00+05:30,4503.95,4504.15,4500,4502.6,961,
2024-06-24 09:51:00+05:30,4502.6,4502.7,4494.3,4500.65,781,
2024-06-24 09:52:00+05:30,4500.65,4507.85,4500.65,4507.5,191,
2024-06-24 09:53:00+05:30,4507.5,4507.85,4505,4506.65,142,
2024-06-24 09:54:00+05:30,4505,4505,4502.6,4504,183,
2024-06-24 09:55:00+05:30,4504.2,4504.2,4500.3,4500.4,401,
2024-06-24 09:56:00+05:30,4500.4,4510,4500.4,4505.25,682,
2024-06-24 09:57:00+05:30,4505.25,4507.6,4500.3,4500.65,90,
2024-06-24 09:58:00+05:30,4500.65,4505,4500.65,4502.6,164,
2024-06-24 09:59:00+05:30,4502.75,4505.35,4500.3,4502.9,315,
2024-06-24 10:00:00+05:30,4500.85,4502.7,4497.45,4499.15,453,
2024-06-24 10:01:00+05:30,4499.15,4502.2,4495.4,4500.1,207,
2024-06-24 10:02:00+05:30,4500.1,4504.4,4500,4502,173,
2024-06-24 10:03:00+05:30,4502.05,4502.05,4500.05,4501.15,128,
2024-06-24 10:04:00+05:30,4501.15,4502.9,4499.05,4502.2,284,
2024-06-24 10:05:00+05:30,4502.2,4502.2,4500,4501.3,80,
2024-06-24 10:06:00+05:30,4501.3,4505.15,4501.1,4505.15,253,
2024-06-24 10:07:00+05:30,4505.15,4506,4501.7,4503.25,124,
2024-06-24 10:08:00+05:30,4503.25,4506.5,4501.1,4505.85,188,
2024-06-24 10:09:00+05:30,4505.85,4510,4503.75,4509,200,
2024-06-24 10:10:00+05:30,4507.45,4507.45,4503.25,4507.3,247,
2024-06-24 10:11:00+05:30,4507.3,4507.3,4505.6,4507.3,29,
2024-06-24 10:12:00+05:30,4507.3,4509,4504.6,4509,204,
2024-06-24 10:13:00+05:30,4509,4509,4505,4506.9,228,
2024-06-24 10:14:00+05:30,4506.9,4508.1,4502.05,4507.2,463,
2024-06-24 10:15:00+05:30,4505.95,4512.25,4503.65,4512.25,793,
2024-06-24 10:16:00+05:30,4510.65,4512.45,4506.65,4510.5,926,
2024-06-24 10:17:00+05:30,4510.5,4512.9,4510.5,4512.8,119,
2024-06-24 10:18:00+05:30,4512.8,4515,4512.8,4515,103,
2024-06-24 10:19:00+05:30,4513.1,4515,4510,4512.45,211,
2024-06-24 10:20:00+05:30,4512.45,4515.1,4512.45,4513.5,119,
2024-06-24 10:21:00+05:30,4513.5,4513.5,4510.6,4512.75,112,
2024-06-24 10:22:00+05:30,4510.9,4515,4510.1,4515,87,
2024-06-24 10:23:00+05:30,4515,4515.25,4510.9,4511,235,
2024-06-24 10:24:00+05:30,4513,4517,4513,4517,82,
2024-06-24 10:25:00+05:30,4517,4519,4517,4518.5,81,
2024-06-24 10:26:00+05:30,4518.5,4518.6,4514.4,4516.4,327,
2024-06-24 10:27:00+05:30,4516.4,4516.4,4514.4,4515.8,42,
2024-06-24 10:28:00+05:30,4515.8,4515.8,4512.05,4514.35,122,
2024-06-24 10:29:00+05:30,4514.35,4514.6,4511.5,4512.65,109,
2024-06-24 10:30:00+05:30,4512.65,4512.65,4510.05,4512.3,112,
2024-06-24 10:31:00+05:30,4512.6,4514.6,4510.45,4514.6,261,
2024-06-24 10:32:00+05:30,4514.6,4514.6,4513.05,4514.6,90,
2024-06-24 10:33:00+05:30,4514.6,4514.6,4513.15,4513.15,121,
2024-06-24 10:34:00+05:30,4511.95,4513.75,4511.95,4512.65,34,
2024-06-24 10:35:00+05:30,4510.1,4512.65,4510,4512.1,173,
2024-06-24 10:36:00+05:30,4512.1,4512.25,4510,4511.2,113,
2024-06-24 10:37:00+05:30,4511.2,4512,4508.6,4512,79,
2024-06-24 10:38:00+05:30,4512,4512.25,4510.3,4512.25,216,
2024-06-24 10:39:00+05:30,4512.25,4516.4,4512.25,4516.4,269,
2024-06-24 10:40:00+05:30,4516.4,4518,4516.4,4518,50,
2024-06-24 10:41:00+05:30,4518,4518,4515.8,4516.2,151,
2024-06-24 10:42:00+05:30,4516.2,4517.5,4516.2,4517.5,26,
2024-06-24 10:43:00+05:30,4517.6,4518.5,4515.8,4518.5,75,
2024-06-24 10:44:00+05:30,4518.5,4519.7,4517.7,4519.7,183,
2024-06-24 10:45:00+05:30,4519.7,4523.2,4517.45,4519.4,565,
2024-06-24 10:46:00+05:30,4517.45,4522,4517.45,4522,102,
2024-06-24 10:47:00+05:30,4523.2,4524,4521.1,4523.2,319,
2024-06-24 10:48:00+05:30,4523.2,4524,4521.65,4522.45,288,
2024-06-24 10:49:00+05:30,4524,4525,4522.5,4525,211,
2024-06-24 10:50:00+05:30,4523.05,4523.95,4521.9,4523.95,530,
2024-06-24 10:51:00+05:30,4523.95,4525,4521.95,4525,219,
2024-06-24 10:52:00+05:30,4525,4531.35,4525,4531.35,901,
2024-06-24 10:53:00+05:30,4531.35,4534.4,4530.05,4534.4,367,
2024-06-24 10:54:00+05:30,4534.4,4534.75,4527.9,4528.65,655,
2024-06-24 10:55:00+05:30,4528.65,4531.15,4522.85,4522.85,408,
2024-06-24 10:56:00+05:30,4522.55,4524.05,4516.65,4524.05,1314,
2024-06-24 10:57:00+05:30,4527.2,4527.2,4521.9,4524.45,504,
2024-06-24 10:58:00+05:30,4524.45,4528.05,4520.4,4528.05,1440,
2024-06-24 10:59:00+05:30,4528.05,4530,4527,4527.55,245,
2024-06-24 11:00:00+05:30,4527.55,4530,4527.25,4530,315,
2024-06-24 11:01:00+05:30,4531,4531,4527.05,4530.2,179,
2024-06-24 11:02:00+05:30,4530.2,4530.2,4528.5,4530,68,
2024-06-24 11:03:00+05:30,4530,4532.75,4527.5,4531,371,
2024-06-24 11:04:00+05:30,4531,4532.95,4528.95,4531.65,234,
2024-06-24 11:05:00+05:30,4531.65,4532.6,4529.95,4532.35,209,
2024-06-24 11:06:00+05:30,4530.6,4533.95,4530.6,4533.9,224,
2024-06-24 11:07:00+05:30,4533.9,4533.9,4528.55,4533.45,671,
2024-06-24 11:08:00+05:30,4533.45,4533.45,4526.2,4528.45,253,
2024-06-24 11:09:00+05:30,4528.45,4531.4,4528.45,4530.65,96,
2024-06-24 11:10:00+05:30,4530.65,4532.4,4528.05,4528.05,132,
2024-06-24 11:11:00+05:30,4528.05,4528.4,4525.15,4528.4,47,
2024-06-24 11:12:00+05:30,4528.4,4528.95,4525,4528.8,47,
2024-06-24 11:13:00+05:30,4528.8,4528.8,4525.25,4525.35,89,
2024-06-24 11:14:00+05:30,4525.35,4528.2,4525.35,4528.1,121,
2024-06-24 11:15:00+05:30,4528.1,4528.1,4523.4,4523.85,226,
2024-06-24 11:16:00+05:30,4524,4526.1,4520.2,4526.1,401,
2024-06-24 11:17:00+05:30,4526.1,4527.35,4524.05,4527.15,190,
2024-06-24 11:18:00+05:30,4527.15,4530.05,4525.05,4530.05,207,
2024-06-24 11:19:00+05:30,4530.05,4534.95,4530.05,4531.3,791,
2024-06-24 11:20:00+05:30,4531.3,4533.3,4531.3,4533.3,32,
2024-06-24 11:21:00+05:30,4533.3,4533.3,4531.55,4531.65,42,
2024-06-24 11:22:00+05:30,4531.65,4532.1,4530.05,4532.1,246,
2024-06-24 11:23:00+05:30,4530.75,4532.4,4527.9,4530.5,508,
2024-06-24 11:24:00+05:30,4530.5,4530.5,4528,4530,162,
2024-06-24 11:25:00+05:30,4530,4531,4530,4530.25,133,
2024-06-24 11:26:00+05:30,4530.25,4531,4527.55,4531,365,
2024-06-24 11:27:00+05:30,4531,4535,4531,4535,199,
2024-06-24 11:28:00+05:30,4535,4535,4532.2,4533.55,110,
2024-06-24 11:29:00+05:30,4533.55,4533.55,4527.8,4527.8,98,
2024-06-24 11:30:00+05:30,4530.1,4532.2,4530.1,4532.2,38,
2024-06-24 11:31:00+05:30,4532.2,4533,4530.4,4532.55,136,
2024-06-24 11:32:00+05:30,4532.55,4533,4531.4,4533,275,
2024-06-24 11:33:00+05:30,4531.45,4535,4531.45,4535,47,
2024-06-24 11:34:00+05:30,4535,4535,4532.55,4534.95,333,
2024-06-24 11:35:00+05:30,4534.95,4536,4533.1,4535.65,201,
2024-06-24 11:36:00+05:30,4533.35,4535.8,4533.35,4535.2,152,
2024-06-24 11:37:00+05:30,4535.2,4536.95,4533.5,4536.95,64,
2024-06-24 11:38:00+05:30,4536.95,4539,4536.95,4539,105,
2024-06-24 11:39:00+05:30,4539.4,4540,4536.3,4538.55,350,
2024-06-24 11:40:00+05:30,4538.55,4539,4538.55,4539,113,
2024-06-24 11:41:00+05:30,4539,4539.95,4537.6,4537.95,223,
2024-06-24 11:42:00+05:30,4537.95,4537.95,4536.2,4537.75,64,
2024-06-24 11:43:00+05:30,4537.75,4538,4535.55,4538,72,
2024-06-24 11:44:00+05:30,4538,4539.75,4537.95,4539.65,82,
2024-06-24 11:45:00+05:30,4539.65,4540.55,4538.15,4539,944,
2024-06-24 11:46:00+05:30,4539,4540.5,4537.55,4539,299,
2024-06-24 11:47:00+05:30,4540.1,4540.55,4538.25,4540,207,
2024-06-24 11:48:00+05:30,4541.15,4541.95,4538.05,4539.75,134,
2024-06-24 11:49:00+05:30,4539.75,4542.05,4539.75,4542,698,
2024-06-24 11:50:00+05:30,4540.3,4549.9,4540.3,4549.05,1003,
2024-06-24 11:51:00+05:30,4549.05,4549.05,4545,4549,389,
2024-06-24 11:52:00+05:30,4549.75,4549.75,4545.6,4547.65,478,
2024-06-24 11:53:00+05:30,4547.65,4547.9,4546.2,4547.5,326,
2024-06-24 11:54:00+05:30,4547.5,4547.9,4546,4547.9,277,
2024-06-24 11:55:00+05:30,4547.9,4547.9,4545.7,4547.5,67,
2024-06-24 11:56:00+05:30,4547.5,4548.65,4545.1,4547.65,402,
2024-06-24 11:57:00+05:30,4547.65,4547.65,4545.1,4547.6,166,
2024-06-24 11:58:00+05:30,4547.6,4547.65,4545.7,4546.9,122,
2024-06-24 11:59:00+05:30,4546.9,4547,4544.2,4547,386,
2024-06-24 12:00:00+05:30,4547,4547,4546.15,4546.2,50,
2024-06-24 12:01:00+05:30,4546.2,4547.95,4545.5,4547.85,757,
2024-06-24 12:02:00+05:30,4548.05,4550,4545.95,4547.4,422,
2024-06-24 12:03:00+05:30,4547.4,4551.75,4547.4,4551.75,1057,
2024-06-24 12:04:00+05:30,4551.75,4555.45,4550,4553,782,
2024-06-24 12:05:00+05:30,4553,4553,4550,4551.3,113,
2024-06-24 12:06:00+05:30,4551.3,4551.7,4550,4550.3,262,
2024-06-24 12:07:00+05:30,4550.3,4553,4550.25,4553,251,
2024-06-24 12:08:00+05:30,4553,4553,4552.25,4552.25,89,
2024-06-24 12:09:00+05:30,4552.25,4553,4552.05,4552.05,147,
2024-06-24 12:10:00+05:30,4552.05,4552.25,4550.45,4552.25,36,
2024-06-24 12:11:00+05:30,4552.25,4552.25,4542.1,4543.4,2234,
2024-06-24 12:12:00+05:30,4543.4,4543.4,4540,4542.1,1977,
2024-06-24 12:13:00+05:30,4542.4,4543.65,4540.15,4542.4,466,
2024-06-24 12:14:00+05:30,4542.4,4544.2,4540.4,4543.65,206,
2024-06-24 12:15:00+05:30,4543.65,4544.95,4543,4543,149,
2024-06-24 12:16:00+05:30,4544.4,4545.25,4544.4,4545.2,189,
2024-06-24 12:17:00+05:30,4545.2,4546.8,4545.2,4546.8,152,
2024-06-24 12:18:00+05:30,4546.8,4549.4,4546.8,4549.4,183,
2024-06-24 12:19:00+05:30,4549.4,4549.4,4545,4547.25,356,
2024-06-24 12:20:00+05:30,4547.15,4547.55,4542,4545.2,291,
2024-06-24 12:21:00+05:30,4545.2,4545.2,4542.45,4544.95,294,
2024-06-24 12:22:00+05:30,4544.95,4544.95,4540.2,4543.5,986,
2024-06-24 12:23:00+05:30,4543.5,4543.5,4537.45,4539.95,401,
2024-06-24 12:24:00+05:30,4539.95,4539.95,4537.7,4538.75,469,
2024-06-24 12:25:00+05:30,4538.75,4538.75,4535.9,4538.25,275,
2024-06-24 12:26:00+05:30,4538.25,4538.6,4535.9,4538.6,238,
2024-06-24 12:27:00+05:30,4538.6,4538.6,4535.65,4538.6,179,
2024-06-24 12:28:00+05:30,4538.4,4540,4536.95,4538.5,608,
2024-06-24 12:29:00+05:30,4540,4540,4538.5,4538.55,360,
2024-06-24 12:30:00+05:30,4540,4540,4537.2,4538.55,270,
2024-06-24 12:31:00+05:30,4538.55,4538.55,4537.2,4537.2,198,
2024-06-24 12:32:00+05:30,4538,4540,4537.45,4539.95,492,
2024-06-24 12:33:00+05:30,4538.1,4540,4538.1,4540,196,
2024-06-24 12:34:00+05:30,4540,4547.55,4539.5,4547.55,491,
2024-06-24 12:35:00+05:30,4547.55,4549.7,4545.85,4549.45,286,
2024-06-24 12:36:00+05:30,4549.5,4549.5,4542.95,4545.25,356,
2024-06-24 12:37:00+05:30,4545.25,4549.6,4542.75,4548.4,1184,
2024-06-24 12:38:00+05:30,4548.4,4548.4,4542,4544.1,447,
2024-06-24 12:39:00+05:30,4544.1,4549.05,4544.1,4547.85,1229,
2024-06-24 12:40:00+05:30,4547.85,4549.1,4547,4549.1,262,
2024-06-24 12:41:00+05:30,4549.1,4549.9,4547.3,4549.9,321,
2024-06-24 12:42:00+05:30,4547.65,4549.9,4539.1,4539.15,2041,
2024-06-24 12:43:00+05:30,4539.15,4539.7,4538.95,4539.7,281,
2024-06-24 12:44:00+05:30,4539.7,4542.8,4539.65,4542.8,317,
2024-06-24 12:45:00+05:30,4542.8,4542.8,4539.95,4539.95,286,
2024-06-24 12:46:00+05:30,4539.7,4539.95,4539.7,4539.9,514,
2024-06-24 12:47:00+05:30,4539.9,4539.9,4539.7,4539.7,195,
2024-06-24 12:48:00+05:30,4539.9,4543,4539.7,4542.2,2009,
2024-06-24 12:49:00+05:30,4542.2,4543.8,4539.7,4543.8,379,
2024-06-24 12:50:00+05:30,4543.8,4543.8,4540.85,4542.9,269,
2024-06-24 12:51:00+05:30,4542.9,4542.9,4539.85,4541.95,330,
2024-06-24 12:52:00+05:30,4541.95,4541.95,4533.7,4533.7,2107,
2024-06-24 12:53:00+05:30,4533.7,4539.85,4533.2,4539.85,795,
2024-06-24 12:54:00+05:30,4539.85,4542.1,4537.65,4539.55,181,
2024-06-24 12:55:00+05:30,4539.55,4542.45,4539.55,4540.15,212,
2024-06-24 12:56:00+05:30,4540.15,4542.6,4540.15,4542.45,253,
2024-06-24 12:57:00+05:30,4542.45,4542.5,4539.3,4539.3,465,
2024-06-24 12:58:00+05:30,4539.3,4539.3,4536.95,4539.2,230,
2024-06-24 12:59:00+05:30,4539.2,4540.45,4538.05,4540.45,153,
2024-06-24 13:00:00+05:30,4539.75,4540.45,4537.95,4540.45,250,
2024-06-24 13:01:00+05:30,4540.45,4541.95,4539.05,4541.9,242,
2024-06-24 13:02:00+05:30,4541.9,4541.95,4538.75,4539.35,252,
2024-06-24 13:03:00+05:30,4539.35,4541.7,4537.45,4540.7,269,
2024-06-24 13:04:00+05:30,4540.7,4541.7,4539.25,4541.45,193,
2024-06-24 13:05:00+05:30,4541.2,4541.7,4538.85,4541.65,220,
2024-06-24 13:06:00+05:30,4541.7,4541.7,4539.65,4541.7,156,
2024-06-24 13:07:00+05:30,4541.7,4541.7,4539.85,4540.4,206,
2024-06-24 13:08:00+05:30,4536.15,4536.15,4533.05,4534.25,1187,
2024-06-24 13:09:00+05:30,4535.45,4541.05,4535.4,4541.05,396,
2024-06-24 13:10:00+05:30,4541.05,4541.05,4534.55,4536,593,
2024-06-24 13:11:00+05:30,4536,4537,4534,4537,433,
2024-06-24 13:12:00+05:30,4537,4538,4537,4538,205,
2024-06-24 13:13:00+05:30,4538,4541.15,4538,4540.9,309,
2024-06-24 13:14:00+05:30,4540.9,4543.4,4540.9,4542.3,680,
2024-06-24 13:15:00+05:30,4542.3,4545,4542.3,4544.05,352,
2024-06-24 13:16:00+05:30,4544.05,4545.95,4543.1,4545.35,184,
2024-06-24 13:17:00+05:30,4545.35,4545.45,4542.1,4543.45,280,
2024-06-24 13:18:00+05:30,4545.4,4545.55,4543.45,4543.95,338,
2024-06-24 13:19:00+05:30,4543.95,4544.7,4541.85,4543.85,234,
2024-06-24 13:20:00+05:30,4543.85,4544.6,4542.5,4544.6,164,
2024-06-24 13:21:00+05:30,4544.85,4546.8,4543.75,4546.8,319,
2024-06-24 13:22:00+05:30,4546.7,4547,4544.65,4547,201,
2024-06-24 13:23:00+05:30,4547,4547.05,4543.55,4547,431,
2024-06-24 13:24:00+05:30,4546.95,4547.2,4544.7,4547.2,357,
2024-06-24 13:25:00+05:30,4547.2,4547.3,4547,4547.3,347,
2024-06-24 13:26:00+05:30,4547.3,4550,4547.3,4550,177,
2024-06-24 13:27:00+05:30,4550,4550,4542.85,4545,737,
2024-06-24 13:28:00+05:30,4544.9,4544.9,4539.6,4541.6,2352,
2024-06-24 13:29:00+05:30,4541.6,4541.6,4539.65,4539.65,186,
2024-06-24 13:30:00+05:30,4541.45,4541.45,4539.25,4541.45,273,
2024-06-24 13:31:00+05:30,4541.45,4544.75,4540,4543.5,999,
2024-06-24 13:32:00+05:30,4542.1,4544.1,4540.55,4541.25,1491,
2024-06-24 13:33:00+05:30,4541.15,4541.15,4538.8,4539.25,263,
2024-06-24 13:34:00+05:30,4539.25,4539.25,4534.4,4536.75,542,
2024-06-24 13:35:00+05:30,4536.8,4538.6,4535.45,4538.45,202,
2024-06-24 13:36:00+05:30,4538.45,4538.95,4535.5,4536.45,334,
2024-06-24 13:37:00+05:30,4536.45,4540.8,4536.45,4540.5,180,
2024-06-24 13:38:00+05:30,4540.8,4542.15,4540.5,4542.15,237,
2024-06-24 13:39:00+05:30,4542.15,4543.2,4540.4,4540.4,212,
2024-06-24 13:40:00+05:30,4540.4,4547.8,4540.4,4547.35,2225,
2024-06-24 13:41:00+05:30,4547.15,4549.5,4546.15,4549.05,578,
2024-06-24 13:42:00+05:30,4549.05,4549.65,4547.2,4549.65,311,
2024-06-24 13:43:00+05:30,4549.65,4550,4542.2,4544.45,2258,
2024-06-24 13:44:00+05:30,4544.45,4544.5,4542.2,4543.6,236,
2024-06-24 13:45:00+05:30,4543.95,4544.5,4541.5,4544.5,188,
2024-06-24 13:46:00+05:30,4544.5,4544.5,4542.2,4543.05,156,
2024-06-24 13:47:00+05:30,4543.05,4543.05,4541.5,4543.05,208,
2024-06-24 13:48:00+05:30,4543.05,4543.05,4541.5,4543.05,153,
2024-06-24 13:49:00+05:30,4543.05,4544.5,4542.2,4544.5,169,
2024-06-24 13:50:00+05:30,4544.5,4544.6,4542.3,4543.7,200,
2024-06-24 13:51:00+05:30,4544.45,4544.5,4540.6,4542.85,349,
2024-06-24 13:52:00+05:30,4542.85,4544.5,4540.7,4542.15,369,
2024-06-24 13:53:00+05:30,4542.15,4544.4,4540.45,4543.9,361,
2024-06-24 13:54:00+05:30,4544.1,4544.5,4540.05,4542.45,338,
2024-06-24 13:55:00+05:30,4542.45,4542.45,4538.45,4539.25,308,
2024-06-24 13:56:00+05:30,4539.25,4541.95,4537.8,4541.95,277,
2024-06-24 13:57:00+05:30,4542,4542.9,4539.75,4540.6,213,
2024-06-24 13:58:00+05:30,4540.6,4544,4540.45,4543.4,155,
2024-06-24 13:59:00+05:30,4543.4,4543.7,4539.8,4543.7,272,
2024-06-24 14:00:00+05:30,4543.7,4544.4,4539.75,4542.25,270,
2024-06-24 14:01:00+05:30,4542.25,4542.25,4540.55,4541.5,164,
2024-06-24 14:02:00+05:30,4541.45,4541.45,4537.25,4540,184,
2024-06-24 14:03:00+05:30,4537.95,4539.75,4536.25,4538.6,166,
2024-06-24 14:04:00+05:30,4538.6,4541.25,4537.4,4541.1,246,
2024-06-24 14:05:00+05:30,4540,4541.65,4537.05,4541.55,701,
2024-06-24 14:06:00+05:30,4541.55,4542.25,4540.4,4541.2,223,
2024-06-24 14:07:00+05:30,4540.05,4540.65,4535.95,4540.65,445,
2024-06-24 14:08:00+05:30,4540.65,4540.65,4538.75,4540.4,129,
2024-06-24 14:09:00+05:30,4538.9,4540.4,4529,4530.85,1404,
2024-06-24 14:10:00+05:30,4530.85,4533.9,4525.05,4530.25,2345,
2024-06-24 14:11:00+05:30,4530.25,4530.25,4523.45,4523.45,792,
2024-06-24 14:12:00+05:30,4523.45,4526.9,4520.8,4524.15,928,
2024-06-24 14:13:00+05:30,4524.15,4528,4524.15,4528,119,
2024-06-24 14:14:00+05:30,4528,4528,4525.4,4527.4,141,
2024-06-24 14:15:00+05:30,4527.4,4537.45,4525.4,4536.3,2130,
2024-06-24 14:16:00+05:30,4536.3,4536.3,4534.25,4536.15,151,
2024-06-24 14:17:00+05:30,4536.15,4536.55,4534.3,4536.1,180,
2024-06-24 14:18:00+05:30,4536.1,4536.65,4534.3,4536.65,205,
2024-06-24 14:19:00+05:30,4536.65,4536.75,4534.4,4536.75,377,
2024-06-24 14:20:00+05:30,4536.75,4537.2,4531.45,4533.95,337,
2024-06-24 14:21:00+05:30,4533.95,4533.95,4530,4531.65,1021,
2024-06-24 14:22:00+05:30,4531.65,4532.35,4530.1,4532.35,156,
2024-06-24 14:23:00+05:30,4532.35,4533.15,4530.85,4533,264,
2024-06-24 14:24:00+05:30,4531,4533.15,4531,4532.95,197,
2024-06-24 14:25:00+05:30,4532.95,4533.05,4530.95,4532.85,164,
2024-06-24 14:26:00+05:30,4532.85,4534.15,4532.5,4533.25,131,
2024-06-24 14:27:00+05:30,4533.25,4535.3,4532.5,4535.1,132,
2024-06-24 14:28:00+05:30,4535.1,4537,4535.1,4536,253,
2024-06-24 14:29:00+05:30,4536,4536.15,4533.55,4535.65,179,
2024-06-24 14:30:00+05:30,4535.65,4535.65,4530.9,4532.9,206,
2024-06-24 14:31:00+05:30,4532.9,4533,4530.65,4532.2,164,
2024-06-24 14:32:00+05:30,4532.2,4533.7,4530.65,4531.6,149,
2024-06-24 14:33:00+05:30,4531.6,4531.6,4525.55,4528.85,451,
2024-06-24 14:34:00+05:30,4529.7,4529.7,4526.5,4528.1,632,
2024-06-24 14:35:00+05:30,4528.1,4530.9,4528.1,4530.9,126,
2024-06-24 14:36:00+05:30,4530.9,4531.15,4528.8,4531.15,226,
2024-06-24 14:37:00+05:30,4531.15,4532.45,4527.05,4528.7,348,
2024-06-24 14:38:00+05:30,4528.7,4529.3,4527.6,4527.6,208,
2024-06-24 14:39:00+05:30,4527.6,4527.6,4526.5,4527.6,114,
2024-06-24 14:40:00+05:30,4526.5,4530,4526.5,4530,336,
2024-06-24 14:41:00+05:30,4530,4530.7,4526.5,4526.85,436,
2024-06-24 14:42:00+05:30,4526.6,4527.25,4523,4523.35,581,
2024-06-24 14:43:00+05:30,4523.35,4527.65,4523.35,4523.9,1380,
2024-06-24 14:44:00+05:30,4523.9,4527.25,4521.5,4527.25,1676,
2024-06-24 14:45:00+05:30,4527.25,4527.25,4524.6,4526.25,216,
2024-06-24 14:46:00+05:30,4526.25,4526.5,4523,4526.3,471,
2024-06-24 14:47:00+05:30,4526.3,4528.65,4526.2,4528.55,148,
2024-06-24 14:48:00+05:30,4528.55,4528.55,4524.8,4528.35,340,
2024-06-24 14:49:00+05:30,4528.35,4528.55,4526.5,4526.5,108,
2024-06-24 14:50:00+05:30,4526.5,4531.2,4525.25,4529.85,3569,
2024-06-24 14:51:00+05:30,4529.85,4530.2,4525.6,4530.2,1213,
2024-06-24 14:52:00+05:30,4529.25,4531.25,4528.8,4531.25,138,
2024-06-24 14:53:00+05:30,4531.25,4543.9,4531.25,4539.8,6784,
2024-06-24 14:54:00+05:30,4539.8,4539.8,4528.5,4528.85,2580,
2024-06-24 14:55:00+05:30,4528.85,4531.35,4528.55,4530.75,50,
2024-06-24 14:56:00+05:30,4528.6,4530,4525,4525,98,
2024-06-24 14:57:00+05:30,4525,4526.75,4525,4525.95,126,
2024-06-24 14:58:00+05:30,4525.9,4525.95,4525,4525,110,
2024-06-24 14:59:00+05:30,4525,4525.75,4525,4525.65,357,
2024-06-24 15:00:00+05:30,4525.65,4525.65,4522.5,4522.7,730,
2024-06-24 15:01:00+05:30,4523.5,4524.55,4522.65,4523.9,231,
2024-06-24 15:02:00+05:30,4524.05,4529.05,4523.9,4526.5,1102,
2024-06-24 15:03:00+05:30,4526.95,4526.95,4523.4,4523.4,675,
2024-06-24 15:04:00+05:30,4523.35,4523.35,4513.05,4516.3,2627,
2024-06-24 15:05:00+05:30,4516.3,4516.3,4510,4510,1895,
2024-06-24 15:06:00+05:30,4512.15,4513.1,4510,4511.85,1475,
2024-06-24 15:07:00+05:30,4511.85,4511.85,4508.95,4509.1,465,
2024-06-24 15:08:00+05:30,4509.1,4518.15,4508,4515.35,1106,
2024-06-24 15:09:00+05:30,4515.35,4519.2,4515.35,4517.9,716,
2024-06-24 15:10:00+05:30,4517.35,4517.35,4512.05,4512.15,466,
2024-06-24 15:11:00+05:30,4513.3,4519.45,4512.3,4516.35,1001,
2024-06-24 15:12:00+05:30,4517.25,4521.2,4515.9,4520,2253,
2024-06-24 15:13:00+05:30,4520,4520.1,4520,4520.05,1284,
2024-06-24 15:14:00+05:30,4520.05,4520.05,4520,4520,993,
2024-06-24 15:15:00+05:30,4520.05,4520.05,4520,4520.05,567,
2024-06-24 15:16:00+05:30,4520,4520.05,4520,4520,2086,
2024-06-24 15:17:00+05:30,4520,4520.2,4519.9,4520.05,1351,
2024-06-24 15:18:00+05:30,4520.05,4520.05,4520,4520,714,
2024-06-24 15:19:00+05:30,4520.05,4520.05,4520,4520.05,895,
2024-06-24 15:20:00+05:30,4520.05,4522.85,4520,4520.65,2083,
2024-06-24 15:21:00+05:30,4520,4520.7,4520,4520.15,322,
2024-06-24 15:22:00+05:30,4520.15,4520.15,4520,4520,1097,
2024-06-24 15:23:00+05:30,4520.05,4525,4520,4525,2690,
2024-06-24 15:24:00+05:30,4525,4526,4522.7,4523.7,769,
2024-06-24 15:25:00+05:30,4523.7,4529.05,4523.65,4526.8,672,
2024-06-24 15:26:00+05:30,4526.8,4528.75,4523.45,4525.35,1501,
2024-06-24 15:27:00+05:30,4525.35,4526.85,4523.5,4526.5,680,
2024-06-24 15:28:00+05:30,4526.35,4529.95,4518.9,4518.9,672,
2024-06-24 15:29:00+05:30,4520,4527.9,4510.05,4510.05,621,
2024-06-25 09:15:00+05:30,4515,4554.55,4519.55,4549.8,4091,
2024-06-25 09:16:00+05:30,4549.85,4574.95,4549.85,4573.45,6471,
2024-06-25 09:17:00+05:30,4570,4575.6,4561.1,4573.65,4598,
2024-06-25 09:18:00+05:30,4572.05,4573.65,4563.6,4571.6,1602,
2024-06-25 09:19:00+05:30,4571.6,4578.8,4570.45,4575.5,3435,
2024-06-25 09:20:00+05:30,4575,4578.1,4571.5,4574.2,2177,
2024-06-25 09:21:00+05:30,4574.2,4575.95,4570,4570,1915,
2024-06-25 09:22:00+05:30,4571.55,4571.6,4560,4561.05,2275,
2024-06-25 09:23:00+05:30,4561.05,4563,4559.2,4562.95,2627,
2024-06-25 09:24:00+05:30,4564.95,4564.95,4552.55,4552.55,5902,
2024-06-25 09:25:00+05:30,4552.5,4556.95,4550.05,4556.95,996,
2024-06-25 09:26:00+05:30,4556.95,4558,4546.05,4546.85,3204,
2024-06-25 09:27:00+05:30,4550,4550,4546.75,4547,740,
2024-06-25 09:28:00+05:30,4547,4550,4540,4540,2356,
2024-06-25 09:29:00+05:30,4540,4541.95,4532.5,4532.5,2654,
2024-06-25 09:30:00+05:30,4532.55,4532.9,4525,4530,3307,
2024-06-25 09:31:00+05:30,4529,4531.5,4527.75,4529.05,1319,
2024-06-25 09:32:00+05:30,4529.05,4530,4529.05,4530,380,
2024-06-25 09:33:00+05:30,4530,4530,4524,4525,2516,
2024-06-25 09:34:00+05:30,4522.2,4526.2,4520,4520,2041,
2024-06-25 09:35:00+05:30,4520,4522.45,4517.7,4520,1984,
2024-06-25 09:36:00+05:30,4520,4520,4518.35,4519,811,
2024-06-25 09:37:00+05:30,4519,4519,4517.75,4517.75,420,
2024-06-25 09:38:00+05:30,4519,4522.45,4515.35,4518.55,2745,
2024-06-25 09:39:00+05:30,4518.55,4520,4515.3,4520,1666,
2024-06-25 09:40:00+05:30,4520,4523.95,4518.65,4520,1543,
2024-06-25 09:41:00+05:30,4520,4520,4512.1,4512.1,1992,
2024-06-25 09:42:00+05:30,4513.75,4513.75,4506.15,4510,3009,
2024-06-25 09:43:00+05:30,4510,4510,4498.7,4503.45,7587,
2024-06-25 09:44:00+05:30,4502.55,4502.55,4494.15,4500,4822,
2024-06-25 09:45:00+05:30,4500,4500.4,4494.15,4498.45,2672,
2024-06-25 09:46:00+05:30,4498.45,4505,4497.75,4504.9,1511,
2024-06-25 09:47:00+05:30,4504.9,4505,4497.05,4500,1099,
2024-06-25 09:48:00+05:30,4500,4502.95,4497.65,4500,1643,
2024-06-25 09:49:00+05:30,4500,4500,4498.05,4500,757,
2024-06-25 09:50:00+05:30,4499.95,4502.65,4497,4498.15,2291,
2024-06-25 09:51:00+05:30,4498.15,4500,4496.75,4500,550,
2024-06-25 09:52:00+05:30,4499.7,4500,4495.45,4497.35,200,
2024-06-25 09:53:00+05:30,4497.35,4497.35,4492.05,4493.6,1188,
2024-06-25 09:54:00+05:30,4493.6,4496.75,4493.6,4496.75,671,
2024-06-25 09:55:00+05:30,4497.65,4500,4494.4,4495,1847,
2024-06-25 09:56:00+05:30,4495,4496.95,4493.05,4494,1123,
2024-06-25 09:57:00+05:30,4494,4494,4493.05,4493.05,341,
2024-06-25 09:58:00+05:30,4493.05,4495.8,4493,4493,420,
2024-06-25 09:59:00+05:30,4493,4503.6,4488.05,4499.55,9936,
2024-06-25 10:00:00+05:30,4499.55,4500.45,4495.05,4500.2,357,
2024-06-25 10:01:00+05:30,4500.2,4510,4499.95,4508.25,1046,
2024-06-25 10:02:00+05:30,4508.25,4514,4508.25,4514,556,
2024-06-25 10:03:00+05:30,4514.3,4515,4510.8,4512.85,744,
2024-06-25 10:04:00+05:30,4512.85,4515,4512.8,4515,220,
2024-06-25 10:05:00+05:30,4515,4522,4515,4522,1134,
2024-06-25 10:06:00+05:30,4522,4530.3,4522,4530.2,2045,
2024-06-25 10:07:00+05:30,4531,4535,4525.55,4527,2359,
2024-06-25 10:08:00+05:30,4526.05,4535,4526.05,4534.35,307,
2024-06-25 10:09:00+05:30,4534.35,4534.35,4530,4530,524,
2024-06-25 10:10:00+05:30,4530,4534,4530,4531.95,652,
2024-06-25 10:11:00+05:30,4531.95,4538.9,4530.3,4536.2,1127,
2024-06-25 10:12:00+05:30,4536.2,4540.05,4536.2,4540.05,246,
2024-06-25 10:13:00+05:30,4540.05,4540.05,4531.65,4534.8,1053,
2024-06-25 10:14:00+05:30,4534.8,4539.2,4534.8,4539.2,222,
2024-06-25 10:15:00+05:30,4539.2,4543.75,4538.1,4543.5,774,
2024-06-25 10:16:00+05:30,4543.5,4545,4540.7,4543.8,821,
2024-06-25 10:17:00+05:30,4543.8,4543.8,4538.1,4538.1,540,
2024-06-25 10:18:00+05:30,4538.1,4541.15,4538.1,4538.55,187,
2024-06-25 10:19:00+05:30,4538.1,4540.2,4530.1,4530.1,1275,
2024-06-25 10:20:00+05:30,4530.1,4539.55,4530.1,4539.3,454,
2024-06-25 10:21:00+05:30,4539.3,4540,4538,4538.2,107,
2024-06-25 10:22:00+05:30,4538.2,4539,4536.05,4536.45,258,
2024-06-25 10:23:00+05:30,4536.45,4536.45,4532.65,4534.2,545,
2024-06-25 10:24:00+05:30,4534.2,4537.9,4534.1,4537.85,304,
2024-06-25 10:25:00+05:30,4537.85,4540.9,4535.9,4539.1,729,
2024-06-25 10:26:00+05:30,4539.1,4541.2,4539.1,4540.5,418,
2024-06-25 10:27:00+05:30,4540.5,4540.5,4538.55,4540,185,
2024-06-25 10:28:00+05:30,4540,4545,4538.6,4545,1232,
2024-06-25 10:29:00+05:30,4545,4546.65,4545,4545.25,442,
2024-06-25 10:30:00+05:30,4545.25,4550,4545.25,4547.8,1002,
2024-06-25 10:31:00+05:30,4548.2,4552.3,4548.2,4550.1,680,
2024-06-25 10:32:00+05:30,4552.4,4554.8,4552.4,4552.45,301,
2024-06-25 10:33:00+05:30,4554.6,4555.5,4553.8,4553.95,694,
2024-06-25 10:34:00+05:30,4555.5,4557.9,4554.4,4557,354,
2024-06-25 10:35:00+05:30,4556.05,4564,4556,4564,1760,
2024-06-25 10:36:00+05:30,4564,4565.95,4558.55,4563.8,2149,
2024-06-25 10:37:00+05:30,4563.8,4563.8,4559.5,4559.5,430,
2024-06-25 10:38:00+05:30,4559.5,4564.7,4559.5,4562.9,640,
2024-06-25 10:39:00+05:30,4562.9,4569.25,4561.95,4569.25,1160,
2024-06-25 10:40:00+05:30,4569.25,4569.8,4567.6,4569.8,357,
2024-06-25 10:41:00+05:30,4569.7,4569.8,4566.15,4566.15,505,
2024-06-25 10:42:00+05:30,4569.75,4573.9,4567.2,4570.85,2631,
2024-06-25 10:43:00+05:30,4570.85,4575.55,4570.85,4575,2650,
2024-06-25 10:44:00+05:30,4575,4577,4571.55,4575.55,793,
2024-06-25 10:45:00+05:30,4575.55,4593,4575.55,4592,3736,
2024-06-25 10:46:00+05:30,4593,4597.45,4585,4587.95,3741,
2024-06-25 10:47:00+05:30,4588.95,4590,4579.2,4586.65,2660,
2024-06-25 10:48:00+05:30,4586.65,4589.1,4580,4580,2871,
2024-06-25 10:49:00+05:30,4580,4590,4580,4587.35,3025,
2024-06-25 10:50:00+05:30,4587.35,4596.65,4586.85,4594.05,3066,
2024-06-25 10:51:00+05:30,4594.15,4594.65,4586.05,4586.05,1383,
2024-06-25 10:52:00+05:30,4586.05,4593.8,4586.05,4591.2,1343,
2024-06-25 10:53:00+05:30,4591.2,4596.8,4585,4589.95,4061,
2024-06-25 10:54:00+05:30,4589.95,4590,4587.8,4590,876,
2024-06-25 10:55:00+05:30,4590,4590.95,4581.6,4583,1509,
2024-06-25 10:56:00+05:30,4583,4587.95,4582.75,4585.2,406,
2024-06-25 10:57:00+05:30,4585.2,4587.6,4582.6,4585,1909,
2024-06-25 10:58:00+05:30,4582.75,4585,4582.75,4584,111,
2024-06-25 10:59:00+05:30,4584,4585,4582.4,4582.95,792,
2024-06-25 11:00:00+05:30,4585,4587.95,4582.8,4584.85,1024,
2024-06-25 11:01:00+05:30,4583.85,4585,4577.7,4578.85,1812,
2024-06-25 11:02:00+05:30,4578.85,4579.95,4577.4,4579.95,525,
2024-06-25 11:03:00+05:30,4579.95,4582,4578.65,4579.15,537,
2024-06-25 11:04:00+05:30,4579.15,4581.7,4574.15,4577.05,859,
2024-06-25 11:05:00+05:30,4577.05,4580.6,4577.05,4580,715,
2024-06-25 11:06:00+05:30,4580,4580,4576.1,4578.45,957,
2024-06-25 11:07:00+05:30,4578.45,4578.5,4573.05,4573.1,799,
2024-06-25 11:08:00+05:30,4573.1,4575.25,4572,4574.55,708,
2024-06-25 11:09:00+05:30,4574.55,4575,4570,4570,975,
2024-06-25 11:10:00+05:30,4570,4570,4566,4570,2699,
2024-06-25 11:11:00+05:30,4570,4570.65,4569.1,4570,420,
2024-06-25 11:12:00+05:30,4570,4572.45,4568.75,4569,1112,
2024-06-25 11:13:00+05:30,4569,4571.2,4569,4571.2,438,
2024-06-25 11:14:00+05:30,4571.2,4572.15,4569.5,4571.2,507,
2024-06-25 11:15:00+05:30,4571.2,4571.2,4564,4564,928,
2024-06-25 11:16:00+05:30,4562.45,4568.4,4562.45,4565.2,881,
2024-06-25 11:17:00+05:30,4565.2,4569.6,4564.9,4569.6,1028,
2024-06-25 11:18:00+05:30,4569.6,4569.6,4567.55,4568.05,551,
2024-06-25 11:19:00+05:30,4568.05,4572.4,4568.05,4570.05,718,
2024-06-25 11:20:00+05:30,4570.05,4571.75,4570,4571.75,282,
2024-06-25 11:21:00+05:30,4571.75,4575,4570.1,4572.35,811,
2024-06-25 11:22:00+05:30,4572.35,4574.7,4571.95,4571.95,380,
2024-06-25 11:23:00+05:30,4571.95,4572.35,4571,4572.35,90,
2024-06-25 11:24:00+05:30,4571.2,4573,4571.15,4572.9,1237,
2024-06-25 11:25:00+05:30,4572.9,4574.8,4572.9,4572.9,574,
2024-06-25 11:26:00+05:30,4572.9,4574.3,4570,4572.45,374,
2024-06-25 11:27:00+05:30,4570.95,4572.45,4570.95,4571,196,
2024-06-25 11:28:00+05:30,4570.95,4570.95,4566.4,4568,131,
2024-06-25 11:29:00+05:30,4568,4568.5,4566.4,4567.55,233,
2024-06-25 11:30:00+05:30,4567.55,4570.95,4567.5,4570.95,337,
2024-06-25 11:31:00+05:30,4570.95,4570.95,4562.1,4564,401,
2024-06-25 11:32:00+05:30,4564,4565,4559.95,4565,2024,
2024-06-25 11:33:00+05:30,4565,4565,4563,4564.5,504,
2024-06-25 11:34:00+05:30,4562,4563.65,4558.05,4560,562,
2024-06-25 11:35:00+05:30,4560,4561.9,4556.6,4559.15,1100,
2024-06-25 11:36:00+05:30,4559.15,4562.3,4555.9,4557.95,3350,
2024-06-25 11:37:00+05:30,4557.95,4559.8,4556,4557.2,478,
2024-06-25 11:38:00+05:30,4557.2,4562.9,4556.6,4561.4,635,
2024-06-25 11:39:00+05:30,4561.4,4561.4,4557.75,4557.75,215,
2024-06-25 11:40:00+05:30,4557.75,4562.45,4556.65,4562.45,272,
2024-06-25 11:41:00+05:30,4562.45,4565,4562.35,4564.7,760,
2024-06-25 11:42:00+05:30,4564.7,4572.85,4563.05,4571.85,2581,
2024-06-25 11:43:00+05:30,4571.85,4572.45,4570.4,4571.85,425,
2024-06-25 11:44:00+05:30,4571.85,4572,4571,4572,416,
2024-06-25 11:45:00+05:30,4572,4572,4571.25,4572,260,
2024-06-25 11:46:00+05:30,4572,4572,4571.4,4571.9,31,
2024-06-25 11:47:00+05:30,4571.9,4573.05,4571.1,4571.9,878,
2024-06-25 11:48:00+05:30,4571.9,4571.9,4571,4571.9,197,
2024-06-25 11:49:00+05:30,4571.9,4571.9,4568.65,4568.65,250,
2024-06-25 11:50:00+05:30,4568.65,4571,4567.5,4570.1,267,
2024-06-25 11:51:00+05:30,4570.1,4570.4,4570.1,4570.4,205,
2024-06-25 11:52:00+05:30,4570.4,4570.4,4561.3,4564.7,468,
2024-06-25 11:53:00+05:30,4564.7,4566.05,4562.3,4565.7,128,
2024-06-25 11:54:00+05:30,4565.7,4566,4564,4566,196,
2024-06-25 11:55:00+05:30,4566,4566,4560.75,4560.75,265,
2024-06-25 11:56:00+05:30,4558.5,4558.5,4552.1,4553.55,1284,
2024-06-25 11:57:00+05:30,4553.55,4554.1,4547.1,4549.25,1471,
2024-06-25 11:58:00+05:30,4549.25,4552.55,4549.25,4551.4,228,
2024-06-25 11:59:00+05:30,4551.95,4553.15,4550.35,4553,81,
2024-06-25 12:00:00+05:30,4553,4553,4550.55,4550.6,107,
2024-06-25 12:01:00+05:30,4550.6,4551.95,4550.6,4551.3,81,
2024-06-25 12:02:00+05:30,4551.3,4552.95,4547,4547.7,484,
2024-06-25 12:03:00+05:30,4547.7,4547.7,4544,4545.65,390,
2024-06-25 12:04:00+05:30,4545.65,4548.15,4543.55,4544.85,637,
2024-06-25 12:05:00+05:30,4544.85,4549.5,4544.85,4549.5,200,
2024-06-25 12:06:00+05:30,4549.5,4553,4547.7,4551.8,344,
2024-06-25 12:07:00+05:30,4551.8,4557.1,4551.8,4555.85,518,
2024-06-25 12:08:00+05:30,4555.85,4557.1,4555,4555,196,
2024-06-25 12:09:00+05:30,4555,4559.35,4553.8,4559.35,235,
2024-06-25 12:10:00+05:30,4559.35,4559.35,4556.55,4558.7,34,
2024-06-25 12:11:00+05:30,4558.7,4561.4,4557.05,4561.15,716,
2024-06-25 12:12:00+05:30,4561.15,4561.5,4557.1,4557.1,221,
2024-06-25 12:13:00+05:30,4557.1,4558.7,4556.45,4556.6,39,
2024-06-25 12:14:00+05:30,4556.6,4558.4,4555.55,4558.4,25,
2024-06-25 12:15:00+05:30,4558.4,4558.7,4555,4555.75,164,
2024-06-25 12:16:00+05:30,4555.75,4555.75,4550,4551.7,594,
2024-06-25 12:17:00+05:30,4550.45,4551.7,4545.75,4548.35,310,
2024-06-25 12:18:00+05:30,4548.35,4551.6,4545.1,4551.2,279,
2024-06-25 12:19:00+05:30,4551.2,4551.2,4549,4550.8,77,
2024-06-25 12:20:00+05:30,4550.8,4550.8,4549,4550.8,73,
2024-06-25 12:21:00+05:30,4550.8,4554.55,4547.7,4549.3,352,
2024-06-25 12:22:00+05:30,4549.3,4555.4,4548.9,4555.4,114,
2024-06-25 12:23:00+05:30,4555.4,4555.4,4551.1,4553.6,357,
2024-06-25 12:24:00+05:30,4553.6,4553.75,4551.35,4553.75,16,
2024-06-25 12:25:00+05:30,4553.75,4553.75,4552,4552.05,40,
2024-06-25 12:26:00+05:30,4552.05,4557.55,4552.05,4557.55,311,
2024-06-25 12:27:00+05:30,4557.55,4559.6,4554,4557.55,391,
2024-06-25 12:28:00+05:30,4557.55,4557.55,4551.4,4553.85,43,
2024-06-25 12:29:00+05:30,4553.85,4553.85,4551.45,4553.85,11,
2024-06-25 12:30:00+05:30,4553.85,4553.85,4552.7,4553.5,193,
2024-06-25 12:31:00+05:30,4553.5,4553.65,4550,4551.75,73,
2024-06-25 12:32:00+05:30,4551.75,4552,4550,4552,44,
2024-06-25 12:33:00+05:30,4552,4553.85,4551.2,4553.7,351,
2024-06-25 12:34:00+05:30,4553.7,4553.7,4551.65,4551.65,10,
2024-06-25 12:35:00+05:30,4551.65,4552.5,4550.85,4552.5,126,
2024-06-25 12:36:00+05:30,4552.5,4552.5,4550.85,4552.1,66,
2024-06-25 12:37:00+05:30,4552.1,4552.1,4547.1,4547.1,103,
2024-06-25 12:38:00+05:30,4547.1,4551.6,4547.1,4551.6,328,
2024-06-25 12:39:00+05:30,4551.6,4551.6,4547.9,4551,108,
2024-06-25 12:40:00+05:30,4551,4551,4549.2,4550,35,
2024-06-25 12:41:00+05:30,4550,4550,4547.1,4548.9,137,
2024-06-25 12:42:00+05:30,4548.9,4549.5,4547.1,4548,97,
2024-06-25 12:43:00+05:30,4548,4549.5,4548,4549.5,18,
2024-06-25 12:44:00+05:30,4549.5,4549.5,4547.2,4549.25,53,
2024-06-25 12:45:00+05:30,4549.25,4549.4,4547.1,4547.5,36,
2024-06-25 12:46:00+05:30,4547.5,4549.5,4547.1,4549,138,
2024-06-25 12:47:00+05:30,4549.5,4549.5,4547.1,4549.45,85,
2024-06-25 12:48:00+05:30,4549.45,4549.45,4545,4545,119,
2024-06-25 12:49:00+05:30,4545,4546.35,4541.7,4542.4,170,
2024-06-25 12:50:00+05:30,4542.5,4544,4541.85,4544,225,
2024-06-25 12:51:00+05:30,4544,4544,4541.85,4543,16,
2024-06-25 12:52:00+05:30,4543,4543,4540,4540,306,
2024-06-25 12:53:00+05:30,4540,4541.9,4540,4541.9,17,
2024-06-25 12:54:00+05:30,4541.9,4541.9,4540,4541.85,243,
2024-06-25 12:55:00+05:30,4541.45,4542,4541,4541.95,58,
2024-06-25 12:56:00+05:30,4541.95,4543,4541.9,4543,86,
2024-06-25 12:57:00+05:30,4543,4543,4540,4540.5,249,
2024-06-25 12:58:00+05:30,4540.5,4543,4540.05,4543,90,
2024-06-25 12:59:00+05:30,4543,4544.85,4543,4544.4,263,
2024-06-25 13:00:00+05:30,4544.4,4545,4543.5,4544.95,210,
2024-06-25 13:01:00+05:30,4544.95,4544.95,4540,4542.75,757,
2024-06-25 13:02:00+05:30,4542.75,4544.95,4542.75,4544.95,65,
2024-06-25 13:03:00+05:30,4544.95,4545.6,4543.75,4543.95,726,
2024-06-25 13:04:00+05:30,4543.95,4544.3,4541.45,4544.3,78,
2024-06-25 13:05:00+05:30,4544.3,4544.3,4541.85,4541.9,55,
2024-06-25 13:06:00+05:30,4541.9,4544.15,4541.9,4542.45,12,
2024-06-25 13:07:00+05:30,4542.45,4544.25,4541.9,4544.25,78,
2024-06-25 13:08:00+05:30,4544.25,4544.25,4541.7,4542.95,42,
2024-06-25 13:09:00+05:30,4542.95,4542.95,4540.2,4540.2,84,
2024-06-25 13:10:00+05:30,4540.2,4540.75,4540.2,4540.75,36,
2024-06-25 13:11:00+05:30,4540.75,4542.65,4540.6,4542.55,84,
2024-06-25 13:12:00+05:30,4542.55,4542.65,4541,4541.85,20,
2024-06-25 13:13:00+05:30,4541.85,4541.85,4541.65,4541.65,50,
2024-06-25 13:14:00+05:30,4541.65,4544.7,4541.6,4544.05,705,
2024-06-25 13:15:00+05:30,4544.05,4544.65,4542.1,4543.15,105,
2024-06-25 13:16:00+05:30,4543.15,4544,4542.85,4542.85,65,
2024-06-25 13:17:00+05:30,4542.85,4542.85,4542.1,4542.5,44,
2024-06-25 13:18:00+05:30,4542.5,4544.5,4542.1,4542.1,1515,
2024-06-25 13:19:00+05:30,4542.1,4543.1,4540,4543.1,488,
2024-06-25 13:20:00+05:30,4543.1,4543.8,4541.4,4542.8,259,
2024-06-25 13:21:00+05:30,4542.8,4543,4540.6,4542.15,101,
2024-06-25 13:22:00+05:30,4542.15,4542.5,4540,4540.85,1205,
2024-06-25 13:23:00+05:30,4540.85,4541.35,4540,4541.35,386,
2024-06-25 13:24:00+05:30,4540,4541,4540,4541,234,
2024-06-25 13:25:00+05:30,4541,4542.75,4541,4542.4,133,
2024-06-25 13:26:00+05:30,4542.4,4542.4,4540,4541.55,76,
2024-06-25 13:27:00+05:30,4541.55,4542.35,4539.85,4542.35,2717,
2024-06-25 13:28:00+05:30,4542.35,4543.15,4540.15,4543.15,139,
2024-06-25 13:29:00+05:30,4543.15,4544.45,4542.75,4544.1,150,
2024-06-25 13:30:00+05:30,4544.1,4544.5,4542.75,4543.35,16,
2024-06-25 13:31:00+05:30,4543.35,4543.35,4541.35,4541.35,22,
2024-06-25 13:32:00+05:30,4540,4542.4,4540,4542.4,229,
2024-06-25 13:33:00+05:30,4542.3,4542.4,4540.8,4542.35,49,
2024-06-25 13:34:00+05:30,4542.35,4542.4,4540.8,4542.3,30,
2024-06-25 13:35:00+05:30,4542.3,4542.3,4540.85,4542.3,143,
2024-06-25 13:36:00+05:30,4541.25,4542.3,4541.25,4541.85,10,
2024-06-25 13:37:00+05:30,4541.85,4542.3,4540.5,4542.3,109,
2024-06-25 13:38:00+05:30,4542.3,4542.3,4541.05,4542,90,
2024-06-25 13:39:00+05:30,4541.95,4542,4540,4541.2,127,
2024-06-25 13:40:00+05:30,4541.2,4542,4541.2,4542,51,
2024-06-25 13:41:00+05:30,4541.95,4542,4540.2,4542,350,
2024-06-25 13:42:00+05:30,4542,4542,4540,4540,93,
2024-06-25 13:43:00+05:30,4540,4541.95,4540,4540,801,
2024-06-25 13:44:00+05:30,4539.9,4540.3,4536,4540.25,742,
2024-06-25 13:45:00+05:30,4540.25,4540.25,4537.2,4538.5,32,
2024-06-25 13:46:00+05:30,4538.5,4539,4536,4538.6,263,
2024-06-25 13:47:00+05:30,4538.6,4538.9,4525.45,4529.9,5970,
2024-06-25 13:48:00+05:30,4529.9,4530,4528.75,4529.95,8625,
2024-06-25 13:49:00+05:30,4529.95,4530,4527,4528.75,444,
2024-06-25 13:50:00+05:30,4528.75,4530,4526.95,4530,351,
2024-06-25 13:51:00+05:30,4530,4530,4516.7,4519,1229,
2024-06-25 13:52:00+05:30,4519,4519,4510.55,4514.55,905,
2024-06-25 13:53:00+05:30,4513.55,4516.5,4513,4513.2,545,
2024-06-25 13:54:00+05:30,4513.2,4515.6,4513.2,4515,87,
2024-06-25 13:55:00+05:30,4515,4515,4510,4510,163,
2024-06-25 13:56:00+05:30,4510,4510.7,4505,4507,279,
2024-06-25 13:57:00+05:30,4507,4507.5,4503.8,4507.5,409,
2024-06-25 13:58:00+05:30,4507.5,4510.75,4507.5,4510.75,239,
2024-06-25 13:59:00+05:30,4510.35,4518,4510.35,4517,424,
2024-06-25 14:00:00+05:30,4517,4518.45,4516.15,4517.25,16,
2024-06-25 14:01:00+05:30,4517.25,4518.9,4516.25,4518.9,150,
2024-06-25 14:02:00+05:30,4518.9,4518.9,4516.25,4518.4,466,
2024-06-25 14:03:00+05:30,4518.4,4518.4,4516.25,4518,36,
2024-06-25 14:04:00+05:30,4518,4518.9,4517.45,4518.9,60,
2024-06-25 14:05:00+05:30,4518.9,4518.9,4514.7,4514.7,241,
2024-06-25 14:06:00+05:30,4515,4515,4511.45,4512.25,54,
2024-06-25 14:07:00+05:30,4512.25,4520.6,4509,4520.6,6095,
2024-06-25 14:08:00+05:30,4520.6,4522.65,4518.65,4518.7,349,
2024-06-25 14:09:00+05:30,4518.7,4521.35,4518.7,4519.7,205,
2024-06-25 14:10:00+05:30,4519.2,4523.6,4515.1,4521.15,1142,
2024-06-25 14:11:00+05:30,4521.15,4521.15,4519.15,4520.15,106,
2024-06-25 14:12:00+05:30,4520.15,4525,4518.05,4525,608,
2024-06-25 14:13:00+05:30,4525,4525,4520,4520.35,580,
2024-06-25 14:14:00+05:30,4520.35,4523.25,4520,4520.6,497,
2024-06-25 14:15:00+05:30,4520,4522.95,4520,4522.8,992,
2024-06-25 14:16:00+05:30,4522.8,4522.8,4516.95,4520.05,2334,
2024-06-25 14:17:00+05:30,4520.05,4520.05,4517.85,4519.4,839,
2024-06-25 14:18:00+05:30,4519.4,4522.8,4518.1,4521,742,
2024-06-25 14:19:00+05:30,4521,4522.4,4521,4522,58,
2024-06-25 14:20:00+05:30,4522,4522,4520,4521.2,131,
2024-06-25 14:21:00+05:30,4521.2,4521.6,4519.5,4519.5,2401,
2024-06-25 14:22:00+05:30,4519,4520.9,4518,4519.1,2759,
2024-06-25 14:23:00+05:30,4519.1,4522,4519.1,4520,56,
2024-06-25 14:24:00+05:30,4520,4520.95,4518,4519.95,223,
2024-06-25 14:25:00+05:30,4519.95,4519.95,4518,4519.75,146,
2024-06-25 14:26:00+05:30,4519,4525,4519,4524.85,352,
2024-06-25 14:27:00+05:30,4524.85,4524.95,4519.15,4523.3,525,
2024-06-25 14:28:00+05:30,4521.1,4525,4521.1,4524.65,39,
2024-06-25 14:29:00+05:30,4524.65,4525,4521.5,4522.4,199,
2024-06-25 14:30:00+05:30,4522.4,4524.5,4522.05,4522.05,43,
2024-06-25 14:31:00+05:30,4522.05,4523,4520,4523,304,
2024-06-25 14:32:00+05:30,4523,4527.4,4522.1,4527.1,1618,
2024-06-25 14:33:00+05:30,4527.1,4529.7,4526,4529.6,95,
2024-06-25 14:34:00+05:30,4529.6,4530,4526,4529.8,415,
2024-06-25 14:35:00+05:30,4529.8,4529.95,4527.05,4529.9,3591,
2024-06-25 14:36:00+05:30,4529.9,4530,4527,4530,1906,
2024-06-25 14:37:00+05:30,4530,4530,4529.95,4530,192,
2024-06-25 14:38:00+05:30,4530,4530,4527,4529.05,532,
2024-06-25 14:39:00+05:30,4529.05,4529.05,4528.05,4529,63,
2024-06-25 14:40:00+05:30,4529,4529,4528,4528.95,265,
2024-06-25 14:41:00+05:30,4529,4529,4528,4528.9,109,
2024-06-25 14:42:00+05:30,4528.9,4530,4528.85,4530,750,
2024-06-25 14:43:00+05:30,4530,4530,4529,4530,85,
2024-06-25 14:44:00+05:30,4530,4530,4529.05,4529.35,111,
2024-06-25 14:45:00+05:30,4529.35,4530,4529.35,4529.45,87,
2024-06-25 14:46:00+05:30,4529.45,4530,4528.05,4528.1,2858,
2024-06-25 14:47:00+05:30,4528.1,4530,4528,4528.1,298,
2024-06-25 14:48:00+05:30,4528.1,4529.25,4527.5,4529.25,2868,
2024-06-25 14:49:00+05:30,4529.25,4530,4528.1,4529.45,111,
2024-06-25 14:50:00+05:30,4529.45,4530,4529.45,4530,245,
2024-06-25 14:51:00+05:30,4530,4530,4529.95,4530,133,
2024-06-25 14:52:00+05:30,4530,4530,4529.95,4529.95,79,
2024-06-25 14:53:00+05:30,4529.95,4530,4528.05,4530,1189,
2024-06-25 14:54:00+05:30,4530.25,4535,4530,4535,1220,
2024-06-25 14:55:00+05:30,4535,4535.95,4533.4,4534.05,509,
2024-06-25 14:56:00+05:30,4534.8,4535.1,4533.45,4533.5,147,
2024-06-25 14:57:00+05:30,4535.1,4535.1,4533.35,4533.45,135,
2024-06-25 14:58:00+05:30,4535.1,4541.95,4532.55,4541.95,732,
2024-06-25 14:59:00+05:30,4541.95,4544,4533.05,4534.9,2635,
2024-06-25 15:00:00+05:30,4534.9,4536.95,4534,4536.05,1961,
2024-06-25 15:01:00+05:30,4536.05,4536.05,4533.95,4534,465,
2024-06-25 15:02:00+05:30,4534.3,4534.3,4532.85,4534.1,651,
2024-06-25 15:03:00+05:30,4534.1,4535.25,4534.1,4534.95,702,
2024-06-25 15:04:00+05:30,4534.55,4537.7,4534.15,4537.7,624,
2024-06-25 15:05:00+05:30,4539.35,4539.35,4536.9,4538.95,1095,
2024-06-25 15:06:00+05:30,4538,4538.9,4538,4538.15,1165,
2024-06-25 15:07:00+05:30,4538.3,4541.85,4538,4538.45,526,
2024-06-25 15:08:00+05:30,4538.3,4541.5,4538.3,4540.55,1075,
2024-06-25 15:09:00+05:30,4540,4543.1,4539,4542.2,2277,
2024-06-25 15:10:00+05:30,4540.5,4542.1,4539,4540.3,2030,
2024-06-25 15:11:00+05:30,4540.3,4540.55,4539,4540,751,
2024-06-25 15:12:00+05:30,4540,4540.05,4539.5,4539.55,2083,
2024-06-25 15:13:00+05:30,4539.55,4539.55,4538,4538.75,1634,
2024-06-25 15:14:00+05:30,4538.75,4538.75,4538,4538.2,446,
2024-06-25 15:15:00+05:30,4538.2,4539,4538.2,4539,630,
2024-06-25 15:16:00+05:30,4539,4541,4538,4539.7,891,
2024-06-25 15:17:00+05:30,4539.7,4540.95,4539.7,4540,1647,
2024-06-25 15:18:00+05:30,4540.05,4540.95,4539.9,4540.15,2679,
2024-06-25 15:19:00+05:30,4540.15,4540.95,4538.25,4538.35,2221,
2024-06-25 15:20:00+05:30,4538.35,4539.6,4538,4538.4,1586,
2024-06-25 15:21:00+05:30,4538.3,4538.4,4538.1,4538.3,547,
2024-06-25 15:22:00+05:30,4538.35,4539.95,4538.1,4539.45,893,
2024-06-25 15:23:00+05:30,4539.45,4539.45,4538.15,4538.4,1304,
2024-06-25 15:24:00+05:30,4538.55,4540.7,4538.15,4540.6,1487,
2024-06-25 15:25:00+05:30,4540.7,4542,4539.55,4541.85,4593,
2024-06-25 15:26:00+05:30,4541.85,4545,4539.55,4541.7,2233,
2024-06-25 15:27:00+05:30,4540.2,4544.8,4540,4540,3369,
2024-06-25 15:28:00+05:30,4541.15,4541.15,4538.1,4539.8,1529,
2024-06-25 15:29:00+05:30,4539.8,4541.85,4530.55,4541.55,586,
2024-06-26 09:15:00+05:30,4546.45,4550,4523.15,4533.15,4410,
2024-06-26 09:16:00+05:30,4529.25,4545.7,4529.25,4543.25,765,
2024-06-26 09:17:00+05:30,4546.1,4547.15,4537.1,4544.4,2436,
2024-06-26 09:18:00+05:30,4542.05,4548,4539.05,4545.5,2279,
2024-06-26 09:19:00+05:30,4545.5,4545.5,4533.6,4540.75,2674,
2024-06-26 09:20:00+05:30,4542.3,4542.3,4536.6,4538,986,
2024-06-26 09:21:00+05:30,4538,4542.3,4538,4539.1,1039,
2024-06-26 09:22:00+05:30,4538.75,4544.05,4535.15,4544.05,1822,
2024-06-26 09:23:00+05:30,4542,4543.95,4539.35,4543.9,1080,
2024-06-26 09:24:00+05:30,4544.75,4544.75,4537.65,4537.65,1599,
2024-06-26 09:25:00+05:30,4537.65,4539.65,4534.7,4538.9,571,
2024-06-26 09:26:00+05:30,4536.5,4543.45,4533.45,4537.3,1964,
2024-06-26 09:27:00+05:30,4537.3,4543.45,4535,4537.7,695,
2024-06-26 09:28:00+05:30,4537.7,4540.9,4537.55,4540,332,
2024-06-26 09:29:00+05:30,4540,4543.85,4539.8,4542.55,928,
2024-06-26 09:30:00+05:30,4542.25,4544.45,4537.5,4537.5,1372,
2024-06-26 09:31:00+05:30,4537.85,4537.85,4532.55,4532.7,585,
2024-06-26 09:32:00+05:30,4532.7,4537.55,4530.15,4535.9,1658,
2024-06-26 09:33:00+05:30,4535.85,4543,4534.55,4541.9,1393,
2024-06-26 09:34:00+05:30,4541.9,4541.9,4533.8,4536.45,998,
2024-06-26 09:35:00+05:30,4536.45,4536.45,4530.8,4533.6,827,
2024-06-26 09:36:00+05:30,4533.6,4533.8,4530.75,4532.5,388,
2024-06-26 09:37:00+05:30,4532.5,4534.05,4532.5,4532.95,116,
2024-06-26 09:38:00+05:30,4532.95,4534.7,4532.95,4534.1,373,
2024-06-26 09:39:00+05:30,4534.1,4534.1,4525,4526.85,1054,
2024-06-26 09:40:00+05:30,4526.85,4533.9,4526.85,4533.55,1358,
2024-06-26 09:41:00+05:30,4533.55,4534.4,4522.5,4528.6,2399,
2024-06-26 09:42:00+05:30,4528.6,4529.3,4527.05,4529.3,287,
2024-06-26 09:43:00+05:30,4529.3,4529.3,4522.1,4524.45,1698,
2024-06-26 09:44:00+05:30,4524.45,4524.6,4523.1,4523.8,232,
2024-06-26 09:45:00+05:30,4523.8,4526,4523.8,4526,383,
2024-06-26 09:46:00+05:30,4526,4527.55,4524.5,4525,1063,
2024-06-26 09:47:00+05:30,4525.05,4526,4517.45,4517.45,886,
2024-06-26 09:48:00+05:30,4521.5,4524.4,4517.45,4519.55,634,
2024-06-26 09:49:00+05:30,4519.55,4524.35,4519.35,4524.35,218,
2024-06-26 09:50:00+05:30,4524.35,4524.35,4520.95,4522.1,264,
2024-06-26 09:51:00+05:30,4522.1,4522.5,4521.4,4522.5,129,
2024-06-26 09:52:00+05:30,4522.5,4522.5,4512.5,4518,2237,
2024-06-26 09:53:00+05:30,4518,4520.65,4518,4519.6,83,
2024-06-26 09:54:00+05:30,4519.6,4522,4519.6,4521.95,203,
2024-06-26 09:55:00+05:30,4521.95,4524.35,4521.95,4524.35,188,
2024-06-26 09:56:00+05:30,4521.35,4521.9,4518.1,4519.55,478,
2024-06-26 09:57:00+05:30,4519.55,4519.55,4518,4518.05,115,
2024-06-26 09:58:00+05:30,4518.05,4521,4516.9,4519.45,693,
2024-06-26 09:59:00+05:30,4521.65,4521.65,4515,4519.1,753,
2024-06-26 10:00:00+05:30,4519.1,4522,4519.1,4521.75,350,
2024-06-26 10:01:00+05:30,4521.75,4521.75,4519.1,4519.75,132,
2024-06-26 10:02:00+05:30,4520.65,4520.65,4519.1,4519.1,190,
2024-06-26 10:03:00+05:30,4519.1,4520,4516.55,4517.35,265,
2024-06-26 10:04:00+05:30,4517.55,4524.35,4516.55,4524.35,350,
2024-06-26 10:05:00+05:30,4523.65,4523.65,4518.1,4518.1,152,
2024-06-26 10:06:00+05:30,4518.1,4522.55,4518.1,4522.55,154,
2024-06-26 10:07:00+05:30,4522.55,4522.55,4521,4521,165,
2024-06-26 10:08:00+05:30,4521,4522.55,4520.75,4521.5,70,
2024-06-26 10:09:00+05:30,4521.5,4526.75,4520.2,4526.6,497,
2024-06-26 10:10:00+05:30,4526.6,4529.15,4526.5,4527,565,
2024-06-26 10:11:00+05:30,4527,4527,4517.9,4517.9,413,
2024-06-26 10:12:00+05:30,4522.85,4525.95,4521.35,4523.95,439,
2024-06-26 10:13:00+05:30,4523.95,4523.95,4517.05,4517.05,260,
2024-06-26 10:14:00+05:30,4517.05,4526,4515.5,4523.05,1427,
2024-06-26 10:15:00+05:30,4523.05,4523.05,4521.3,4521.45,85,
2024-06-26 10:16:00+05:30,4521.45,4524.1,4521.05,4523.05,391,
2024-06-26 10:17:00+05:30,4523.05,4524.95,4522,4523.25,97,
2024-06-26 10:18:00+05:30,4523.25,4526.3,4523.25,4526.3,76,
2024-06-26 10:19:00+05:30,4526.3,4530,4526.3,4526.9,651,
2024-06-26 10:20:00+05:30,4526.9,4530,4525.3,4528.15,330,
2024-06-26 10:21:00+05:30,4528.15,4530.5,4528.15,4530.5,290,
2024-06-26 10:22:00+05:30,4530.5,4530.5,4521.5,4521.5,242,
2024-06-26 10:23:00+05:30,4521.5,4521.85,4518.2,4521.2,213,
2024-06-26 10:24:00+05:30,4522.15,4522.15,4519.3,4521.5,314,
2024-06-26 10:25:00+05:30,4521.5,4521.5,4519.2,4520.8,151,
2024-06-26 10:26:00+05:30,4520.8,4520.8,4515,4517.55,604,
2024-06-26 10:27:00+05:30,4517.55,4520.75,4515.55,4520.75,345,
2024-06-26 10:28:00+05:30,4520.75,4520.75,4518.5,4518.5,21,
2024-06-26 10:29:00+05:30,4518.5,4520.75,4518.5,4520.75,260,
2024-06-26 10:30:00+05:30,4520.05,4523,4519.6,4519.6,151,
2024-06-26 10:31:00+05:30,4519.6,4523.1,4519.6,4523.1,152,
2024-06-26 10:32:00+05:30,4523.1,4525,4521.6,4525,91,
2024-06-26 10:33:00+05:30,4525,4525.4,4517.4,4520.8,801,
2024-06-26 10:34:00+05:30,4520.8,4523.35,4520.8,4521.95,48,
2024-06-26 10:35:00+05:30,4521.95,4525,4521.95,4525,219,
2024-06-26 10:36:00+05:30,4525,4525.4,4525,4525.3,166,
2024-06-26 10:37:00+05:30,4525.3,4525.3,4521.1,4521.1,97,
2024-06-26 10:38:00+05:30,4521.1,4524.85,4520.15,4524.85,571,
2024-06-26 10:39:00+05:30,4524.85,4524.85,4522,4522,138,
2024-06-26 10:40:00+05:30,4522,4524.25,4522,4522.35,56,
2024-06-26 10:41:00+05:30,4522.35,4526.85,4522.35,4526.85,1330,
2024-06-26 10:42:00+05:30,4526.85,4527.9,4523.75,4523.75,303,
2024-06-26 10:43:00+05:30,4523.75,4526.8,4522.3,4526.8,136,
2024-06-26 10:44:00+05:30,4526.8,4532.9,4526.8,4532.9,324,
2024-06-26 10:45:00+05:30,4532.9,4532.9,4530,4531.55,521,
2024-06-26 10:46:00+05:30,4531.55,4535.95,4531.55,4535.95,653,
2024-06-26 10:47:00+05:30,4535.95,4536.4,4533.5,4536.05,1459,
2024-06-26 10:48:00+05:30,4536.05,4536.1,4532.25,4533.85,282,
2024-06-26 10:49:00+05:30,4533.85,4534.05,4532.3,4532.95,92,
2024-06-26 10:50:00+05:30,4532.95,4534.95,4532.95,4534.8,80,
2024-06-26 10:51:00+05:30,4534.8,4534.9,4524,4524,294,
2024-06-26 10:52:00+05:30,4524,4526.2,4520,4523.15,505,
2024-06-26 10:53:00+05:30,4523.15,4524.6,4522.25,4524.6,106,
2024-06-26 10:54:00+05:30,4524.6,4524.6,4522.15,4522.15,53,
2024-06-26 10:55:00+05:30,4522.15,4532.45,4521.45,4532.35,332,
2024-06-26 10:56:00+05:30,4532.35,4534.8,4530.25,4533.25,104,
2024-06-26 10:57:00+05:30,4533.25,4538.65,4533.25,4536.85,645,
2024-06-26 10:58:00+05:30,4536.85,4538.2,4536.85,4538.2,89,
2024-06-26 10:59:00+05:30,4538.2,4538.2,4536.15,4538.1,101,
2024-06-26 11:00:00+05:30,4538.1,4539.7,4538.1,4539.05,99,
2024-06-26 11:01:00+05:30,4539.05,4539.05,4535,4536.35,287,
2024-06-26 11:02:00+05:30,4536.35,4539.05,4535.15,4539.05,120,
2024-06-26 11:03:00+05:30,4539.05,4539.05,4537,4537,161,
2024-06-26 11:04:00+05:30,4537,4537,4535.05,4535.05,123,
2024-06-26 11:05:00+05:30,4535.05,4536,4535.05,4535.15,46,
2024-06-26 11:06:00+05:30,4535.15,4537.9,4535.15,4536.45,118,
2024-06-26 11:07:00+05:30,4536.45,4538.1,4535.5,4535.5,153,
2024-06-26 11:08:00+05:30,4538.15,4538.15,4536.1,4537.5,97,
2024-06-26 11:09:00+05:30,4537.5,4538.1,4537.4,4538.1,72,
2024-06-26 11:10:00+05:30,4538.1,4538.1,4537.9,4537.95,126,
2024-06-26 11:11:00+05:30,4537.95,4537.95,4530.85,4532,446,
2024-06-26 11:12:00+05:30,4532,4534.4,4532,4532.55,126,
2024-06-26 11:13:00+05:30,4532.55,4532.55,4529.2,4529.2,64,
2024-06-26 11:14:00+05:30,4529.2,4529.5,4527,4528.4,129,
2024-06-26 11:15:00+05:30,4528.4,4531.9,4528.4,4531.85,225,
2024-06-26 11:16:00+05:30,4531.85,4532.4,4529.8,4532.4,45,
2024-06-26 11:17:00+05:30,4532.4,4532.6,4531.1,4532.6,150,
2024-06-26 11:18:00+05:30,4532.6,4532.6,4530.05,4532.5,78,
2024-06-26 11:19:00+05:30,4532.65,4532.65,4530.35,4531.3,94,
2024-06-26 11:20:00+05:30,4531.3,4545.95,4531.3,4543.4,2235,
2024-06-26 11:21:00+05:30,4543.4,4549.9,4540.3,4549.9,587,
2024-06-26 11:22:00+05:30,4549.9,4549.9,4546.5,4547,328,
2024-06-26 11:23:00+05:30,4547,4548.95,4543.45,4548.45,808,
2024-06-26 11:24:00+05:30,4548.45,4548.45,4545.45,4547.45,128,
2024-06-26 11:25:00+05:30,4547.45,4548.7,4544.2,4544.2,623,
2024-06-26 11:26:00+05:30,4544.2,4545.95,4542.65,4545.95,139,
2024-06-26 11:27:00+05:30,4545.95,4546.5,4544.05,4544.25,264,
2024-06-26 11:28:00+05:30,4544.25,4546.5,4544.25,4546.5,150,
2024-06-26 11:29:00+05:30,4546.5,4546.5,4542.05,4542.05,114,
2024-06-26 11:30:00+05:30,4542.05,4542.05,4539.55,4539.7,186,
2024-06-26 11:31:00+05:30,4539.7,4540.7,4530.75,4535.95,911,
2024-06-26 11:32:00+05:30,4534.9,4537.35,4534.1,4536.8,204,
2024-06-26 11:33:00+05:30,4536.8,4538.65,4533.45,4536.45,207,
2024-06-26 11:34:00+05:30,4536.45,4540.7,4534.05,4535.95,244,
2024-06-26 11:35:00+05:30,4535.95,4536.6,4529.1,4530.3,469,
2024-06-26 11:36:00+05:30,4530.3,4531.3,4528.5,4531.15,146,
2024-06-26 11:37:00+05:30,4531.15,4532.65,4530.55,4532.05,139,
2024-06-26 11:38:00+05:30,4532.05,4532.2,4528.1,4529.9,164,
2024-06-26 11:39:00+05:30,4529.9,4531.5,4527.5,4528.75,111,
2024-06-26 11:40:00+05:30,4528.75,4534.4,4527.6,4534.4,185,
2024-06-26 11:41:00+05:30,4534.4,4539,4531.05,4534,816,
2024-06-26 11:42:00+05:30,4534.5,4536.8,4534,4534.8,142,
2024-06-26 11:43:00+05:30,4534.8,4538.9,4534.8,4536.95,202,
2024-06-26 11:44:00+05:30,4536.95,4542.55,4536.95,4541.5,1699,
2024-06-26 11:45:00+05:30,4541.5,4548,4541.5,4546.2,1264,
2024-06-26 11:46:00+05:30,4544.15,4548.45,4544.15,4546.3,422,
2024-06-26 11:47:00+05:30,4546.3,4550,4545.9,4550,570,
2024-06-26 11:48:00+05:30,4548.25,4554,4548.25,4552.35,1051,
2024-06-26 11:49:00+05:30,4552.35,4554.95,4551.8,4553.55,811,
2024-06-26 11:50:00+05:30,4553.55,4555,4552.85,4552.85,447,
2024-06-26 11:51:00+05:30,4552.85,4557.65,4552.85,4556.3,650,
2024-06-26 11:52:00+05:30,4556.3,4558,4555.65,4557.55,353,
2024-06-26 11:53:00+05:30,4557.55,4557.55,4553.75,4554.75,747,
2024-06-26 11:54:00+05:30,4554.75,4557.15,4552.15,4555.9,973,
2024-06-26 11:55:00+05:30,4555.9,4562,4555.9,4562,725,
2024-06-26 11:56:00+05:30,4562,4565,4559.05,4559.05,728,
2024-06-26 11:57:00+05:30,4560,4563.95,4560,4561.5,445,
2024-06-26 11:58:00+05:30,4561.5,4565,4560.75,4564,394,
2024-06-26 11:59:00+05:30,4564,4564,4559.95,4562.95,356,
2024-06-26 12:00:00+05:30,4563.2,4565,4560.85,4563,281,
2024-06-26 12:01:00+05:30,4563,4568.9,4563,4568,1159,
2024-06-26 12:02:00+05:30,4568,4568,4564.75,4566.75,265,
2024-06-26 12:03:00+05:30,4566.75,4566.75,4563.3,4565,515,
2024-06-26 12:04:00+05:30,4565,4565.15,4562.1,4562.2,252,
2024-06-26 12:05:00+05:30,4562.45,4562.45,4552.2,4555,3598,
2024-06-26 12:06:00+05:30,4555,4557.05,4554,4556.9,418,
2024-06-26 12:07:00+05:30,4556.9,4557.05,4556.2,4556.95,34,
2024-06-26 12:08:00+05:30,4556.95,4557.05,4556.2,4556.2,70,
2024-06-26 12:09:00+05:30,4556.2,4557,4553.5,4557,580,
2024-06-26 12:10:00+05:30,4557,4557,4553.55,4553.55,130,
2024-06-26 12:11:00+05:30,4553.55,4556.45,4552.85,4553.15,413,
2024-06-26 12:12:00+05:30,4553.2,4553.2,4550,4550.9,212,
2024-06-26 12:13:00+05:30,4550.9,4553.5,4550.9,4552.85,115,
2024-06-26 12:14:00+05:30,4552.85,4552.95,4550,4550.4,341,
2024-06-26 12:15:00+05:30,4550.4,4553.25,4549.45,4549.45,564,
2024-06-26 12:16:00+05:30,4549.45,4554.3,4549.45,4553.45,208,
2024-06-26 12:17:00+05:30,4552.15,4555.45,4552.15,4555.45,69,
2024-06-26 12:18:00+05:30,4555.45,4555.45,4552.9,4553.3,159,
2024-06-26 12:19:00+05:30,4553.3,4555.75,4552.95,4553.05,238,
2024-06-26 12:20:00+05:30,4553,4554.95,4553,4554.85,36,
2024-06-26 12:21:00+05:30,4554.85,4556.25,4552.4,4554.85,191,
2024-06-26 12:22:00+05:30,4554.85,4557,4553.8,4554.45,260,
2024-06-26 12:23:00+05:30,4554.45,4554.45,4550,4553.35,172,
2024-06-26 12:24:00+05:30,4553.35,4553.5,4551.1,4553.25,255,
2024-06-26 12:25:00+05:30,4553.25,4553.25,4551.1,4551.85,43,
2024-06-26 12:26:00+05:30,4551.85,4551.9,4550.45,4551.25,250,
2024-06-26 12:27:00+05:30,4550.95,4551.9,4550.95,4551.9,72,
2024-06-26 12:28:00+05:30,4551.9,4551.9,4548,4548.05,251,
2024-06-26 12:29:00+05:30,4549.65,4549.65,4545,4545,160,
2024-06-26 12:30:00+05:30,4542.05,4546.35,4542.05,4544.55,520,
2024-06-26 12:31:00+05:30,4544.55,4546,4544.3,4545,34,
2024-06-26 12:32:00+05:30,4545,4546,4544.85,4545.05,51,
2024-06-26 12:33:00+05:30,4545.05,4546.4,4544.15,4544.15,411,
2024-06-26 12:34:00+05:30,4544.15,4545.9,4543,4545.9,120,
2024-06-26 12:35:00+05:30,4545.9,4545.9,4543.6,4543.65,30,
2024-06-26 12:36:00+05:30,4543.65,4545.55,4543,4543,49,
2024-06-26 12:37:00+05:30,4543.65,4544.55,4543,4543.1,54,
2024-06-26 12:38:00+05:30,4543.1,4544.5,4543,4543.1,66,
2024-06-26 12:39:00+05:30,4543.1,4544.5,4543,4543.05,33,
2024-06-26 12:40:00+05:30,4543.05,4544.5,4543.05,4543.05,72,
2024-06-26 12:41:00+05:30,4543.05,4544.1,4543.05,4543.9,80,
2024-06-26 12:42:00+05:30,4543.2,4543.9,4540.05,4541.2,404,
2024-06-26 12:43:00+05:30,4541.2,4542.75,4540.35,4540.65,321,
2024-06-26 12:44:00+05:30,4540.65,4542.5,4540.05,4540.1,124,
2024-06-26 12:45:00+05:30,4540.1,4540.1,4533.35,4535.15,470,
2024-06-26 12:46:00+05:30,4534.8,4538.5,4531.25,4538.5,665,
2024-06-26 12:47:00+05:30,4538.5,4538.9,4536.65,4538,90,
2024-06-26 12:48:00+05:30,4538,4540.45,4537.6,4537.65,62,
2024-06-26 12:49:00+05:30,4537.65,4539.1,4533.05,4533.35,162,
2024-06-26 12:50:00+05:30,4533.35,4535.65,4533.35,4535.65,172,
2024-06-26 12:51:00+05:30,4536.65,4536.65,4533.8,4533.8,176,
2024-06-26 12:52:00+05:30,4533.8,4534.45,4533.8,4534.45,54,
2024-06-26 12:53:00+05:30,4534.45,4534.5,4534,4534,35,
2024-06-26 12:54:00+05:30,4534.5,4534.5,4533.25,4534,176,
2024-06-26 12:55:00+05:30,4531.55,4533.25,4530.3,4530.3,294,
2024-06-26 12:56:00+05:30,4530.3,4532.4,4529.3,4531.75,172,
2024-06-26 12:57:00+05:30,4531.75,4531.75,4527.55,4528.7,394,
2024-06-26 12:58:00+05:30,4528.7,4530.05,4528.7,4530.05,65,
2024-06-26 12:59:00+05:30,4530.05,4534.45,4529.85,4532.1,741,
2024-06-26 13:00:00+05:30,4532.1,4533.9,4532.1,4533.05,188,
2024-06-26 13:01:00+05:30,4533.05,4533.85,4530.2,4530.2,142,
2024-06-26 13:02:00+05:30,4530.2,4532.05,4530.2,4530.25,102,
2024-06-26 13:03:00+05:30,4530.25,4530.25,4527.5,4527.5,167,
2024-06-26 13:04:00+05:30,4527.5,4528.75,4527.5,4528.7,82,
2024-06-26 13:05:00+05:30,4527.75,4530.85,4527.75,4530.85,108,
2024-06-26 13:06:00+05:30,4530.1,4535.55,4530.1,4535.55,304,
2024-06-26 13:07:00+05:30,4535.55,4536,4534.05,4535.25,66,
2024-06-26 13:08:00+05:30,4535.1,4535.95,4530.4,4533,382,
2024-06-26 13:09:00+05:30,4533,4534.65,4532.55,4532.55,61,
2024-06-26 13:10:00+05:30,4532.55,4532.95,4531.1,4532.8,88,
2024-06-26 13:11:00+05:30,4532.8,4535.55,4530.75,4532.45,548,
2024-06-26 13:12:00+05:30,4534.2,4535.85,4534.2,4534.2,91,
2024-06-26 13:13:00+05:30,4534.2,4535.7,4534.2,4535.7,63,
2024-06-26 13:14:00+05:30,4535.7,4537,4534.35,4537,125,
2024-06-26 13:15:00+05:30,4537,4540,4535.1,4535.1,939,
2024-06-26 13:16:00+05:30,4535.1,4535.1,4535.1,4535.1,86,
2024-06-26 13:17:00+05:30,4535.1,4541.45,4535.1,4539.25,446,
2024-06-26 13:18:00+05:30,4541.5,4541.5,4539.9,4541.35,125,
2024-06-26 13:19:00+05:30,4539.15,4539.95,4538.75,4539.4,27,
2024-06-26 13:20:00+05:30,4539.4,4539.95,4539.4,4539.45,26,
2024-06-26 13:21:00+05:30,4539.45,4539.8,4538.75,4538.75,56,
2024-06-26 13:22:00+05:30,4538.75,4539.7,4537.25,4539.7,81,
2024-06-26 13:23:00+05:30,4539.7,4543.65,4539.7,4543.1,471,
2024-06-26 13:24:00+05:30,4543.1,4547.35,4540.8,4545.45,226,
2024-06-26 13:25:00+05:30,4545.45,4547,4544.45,4544.55,60,
2024-06-26 13:26:00+05:30,4544.55,4544.55,4541.7,4541.85,125,
2024-06-26 13:27:00+05:30,4541.9,4544.3,4540.65,4543.3,327,
2024-06-26 13:28:00+05:30,4543.3,4543.6,4541.5,4541.55,80,
2024-06-26 13:29:00+05:30,4541.55,4541.9,4541.3,4541.55,34,
2024-06-26 13:30:00+05:30,4541.55,4541.55,4538.35,4538.8,249,
2024-06-26 13:31:00+05:30,4538.8,4538.95,4538.8,4538.95,70,
2024-06-26 13:32:00+05:30,4538.95,4545,4538.95,4545,1151,
2024-06-26 13:33:00+05:30,4545,4545.25,4544,4545,527,
2024-06-26 13:34:00+05:30,4545,4545,4544,4544,335,
2024-06-26 13:35:00+05:30,4544,4544.45,4541,4542.8,327,
2024-06-26 13:36:00+05:30,4542.8,4545,4542.8,4544.75,139,
2024-06-26 13:37:00+05:30,4544.75,4549.9,4544.75,4549,1093,
2024-06-26 13:38:00+05:30,4549,4549.85,4548.2,4549.85,330,
2024-06-26 13:39:00+05:30,4549.85,4550.95,4548.3,4548.3,206,
2024-06-26 13:40:00+05:30,4548.3,4548.3,4547.85,4547.85,102,
2024-06-26 13:41:00+05:30,4547.85,4551,4546.55,4546.85,673,
2024-06-26 13:42:00+05:30,4546.85,4548,4545.05,4545.05,161,
2024-06-26 13:43:00+05:30,4545.05,4545.05,4544,4544,25,
2024-06-26 13:44:00+05:30,4544,4544.75,4544,4544,17,
2024-06-26 13:45:00+05:30,4544,4544.1,4543.9,4543.9,145,
2024-06-26 13:46:00+05:30,4543.9,4544.05,4543.9,4544.05,52,
2024-06-26 13:47:00+05:30,4543.9,4544.7,4543.9,4544.7,36,
2024-06-26 13:48:00+05:30,4544.7,4544.7,4544,4544.7,73,
2024-06-26 13:49:00+05:30,4544,4544.7,4544,4544.2,147,
2024-06-26 13:50:00+05:30,4544.7,4544.7,4544.2,4544.2,49,
2024-06-26 13:51:00+05:30,4544.2,4544.7,4544.2,4544.2,104,
2024-06-26 13:52:00+05:30,4544.2,4548.95,4541.35,4548.95,1438,
2024-06-26 13:53:00+05:30,4548.95,4553.2,4547.4,4551.9,812,
2024-06-26 13:54:00+05:30,4551.9,4554,4551.9,4551.9,296,
2024-06-26 13:55:00+05:30,4551.9,4554,4551.85,4552.85,421,
2024-06-26 13:56:00+05:30,4552.85,4552.85,4548.2,4550.95,156,
2024-06-26 13:57:00+05:30,4550.95,4551,4549.85,4550.95,64,
2024-06-26 13:58:00+05:30,4550.95,4551,4549.85,4549.85,89,
2024-06-26 13:59:00+05:30,4549.85,4555.45,4549.85,4555.45,825,
2024-06-26 14:00:00+05:30,4555.45,4557.45,4555.45,4557.45,424,
2024-06-26 14:01:00+05:30,4557.45,4557.45,4557.45,4557.45,49,
2024-06-26 14:02:00+05:30,4557.45,4559,4556.3,4558.05,436,
2024-06-26 14:03:00+05:30,4558.05,4563.95,4558,4563.7,1248,
2024-06-26 14:04:00+05:30,4563.7,4563.95,4560.05,4560.05,668,
2024-06-26 14:05:00+05:30,4560.05,4562.35,4560,4560.2,199,
2024-06-26 14:06:00+05:30,4560.2,4563,4560.2,4561.8,222,
2024-06-26 14:07:00+05:30,4561.8,4562,4560.7,4561.95,221,
2024-06-26 14:08:00+05:30,4561.95,4561.95,4560.05,4560.5,35,
2024-06-26 14:09:00+05:30,4560.5,4561.95,4560.5,4560.5,191,
2024-06-26 14:10:00+05:30,4560.5,4561.95,4558.8,4560.5,52,
2024-06-26 14:11:00+05:30,4560.5,4561.45,4558,4559.5,353,
2024-06-26 14:12:00+05:30,4558.95,4560.05,4558,4558,84,
2024-06-26 14:13:00+05:30,4558,4559.55,4558,4559.45,66,
2024-06-26 14:14:00+05:30,4559.45,4560.65,4559.4,4560,108,
2024-06-26 14:15:00+05:30,4560,4561.45,4558.55,4559.3,1367,
2024-06-26 14:16:00+05:30,4559.3,4560,4559.3,4559.3,398,
2024-06-26 14:17:00+05:30,4559.3,4561.95,4559.3,4561.95,1428,
2024-06-26 14:18:00+05:30,4561.95,4564.9,4561.95,4564.35,484,
2024-06-26 14:19:00+05:30,4564.35,4564.9,4557.05,4558.6,1613,
2024-06-26 14:20:00+05:30,4558.6,4559,4553.05,4553.35,512,
2024-06-26 14:21:00+05:30,4553.2,4553.2,4548.4,4551.85,209,
2024-06-26 14:22:00+05:30,4551.85,4552.05,4551,4551,417,
2024-06-26 14:23:00+05:30,4551,4552.7,4551,4552,110,
2024-06-26 14:24:00+05:30,4552,4555.4,4552,4554.8,207,
2024-06-26 14:25:00+05:30,4554.8,4554.8,4551.45,4552.05,484,
2024-06-26 14:26:00+05:30,4552.05,4554.15,4552.05,4554,156,
2024-06-26 14:27:00+05:30,4554,4554.15,4552.25,4554.15,81,
2024-06-26 14:28:00+05:30,4554.15,4554.15,4552.5,4552.5,489,
2024-06-26 14:29:00+05:30,4552.5,4552.5,4551,4551.75,444,
2024-06-26 14:30:00+05:30,4551.1,4551.35,4545.25,4545.25,788,
2024-06-26 14:31:00+05:30,4545.25,4549,4545.25,4547.35,663,
2024-06-26 14:32:00+05:30,4547.35,4549.35,4546.3,4546.7,231,
2024-06-26 14:33:00+05:30,4549.95,4549.95,4546.7,4547,248,
2024-06-26 14:34:00+05:30,4547,4547.95,4547,4547.25,128,
2024-06-26 14:35:00+05:30,4547.25,4547.6,4547,4547.05,119,
2024-06-26 14:36:00+05:30,4547.05,4547.35,4546,4546,444,
2024-06-26 14:37:00+05:30,4545.9,4545.9,4541.05,4543,939,
2024-06-26 14:38:00+05:30,4543,4544.55,4541.65,4543.05,437,
2024-06-26 14:39:00+05:30,4543.05,4543.05,4538,4538.95,1810,
2024-06-26 14:40:00+05:30,4538.95,4539.95,4538.95,4539.95,199,
2024-06-26 14:41:00+05:30,4539.8,4542.1,4537.05,4538,302,
2024-06-26 14:42:00+05:30,4538,4540.3,4538,4539,193,
2024-06-26 14:43:00+05:30,4539.95,4541.05,4539,4540,209,
2024-06-26 14:44:00+05:30,4540,4541.6,4540,4540,270,
2024-06-26 14:45:00+05:30,4540.95,4540.95,4535,4535,1639,
2024-06-26 14:46:00+05:30,4535,4539.6,4533.8,4537.9,1553,
2024-06-26 14:47:00+05:30,4537.9,4538.8,4537,4538.35,83,
2024-06-26 14:48:00+05:30,4538.35,4541,4538.35,4539.85,315,
2024-06-26 14:49:00+05:30,4539.85,4540.05,4537,4538,173,
2024-06-26 14:50:00+05:30,4538,4541,4538,4540.55,257,
2024-06-26 14:51:00+05:30,4540.55,4540.9,4540.45,4540.45,190,
2024-06-26 14:52:00+05:30,4540.45,4540.55,4540.45,4540.55,158,
2024-06-26 14:53:00+05:30,4540.55,4540.55,4537,4537.6,312,
2024-06-26 14:54:00+05:30,4537.4,4539.25,4537,4537,477,
2024-06-26 14:55:00+05:30,4537,4539.4,4537,4539.25,170,
2024-06-26 14:56:00+05:30,4539.25,4539.25,4535,4535,1290,
2024-06-26 14:57:00+05:30,4535,4537.4,4533.6,4537,1365,
2024-06-26 14:58:00+05:30,4537,4539.5,4537,4537,793,
2024-06-26 14:59:00+05:30,4537,4537.5,4533.55,4533.6,1415,
2024-06-26 15:00:00+05:30,4533.6,4538.9,4532,4538.9,2725,
2024-06-26 15:01:00+05:30,4538.9,4538.9,4537.25,4538.05,695,
2024-06-26 15:02:00+05:30,4538.05,4538.05,4537.5,4537.5,1044,
2024-06-26 15:03:00+05:30,4537.5,4540,4537.5,4539.95,1743,
2024-06-26 15:04:00+05:30,4539.95,4540,4539.95,4539.95,952,
2024-06-26 15:05:00+05:30,4540,4540,4537,4537.55,1147,
2024-06-26 15:06:00+05:30,4538.35,4540,4537.65,4539.15,1761,
2024-06-26 15:07:00+05:30,4539.55,4540,4537,4537,1263,
2024-06-26 15:08:00+05:30,4537,4538.6,4535,4538.25,3627,
2024-06-26 15:09:00+05:30,4538.25,4549.45,4538.2,4549.45,2418,
2024-06-26 15:10:00+05:30,4546.7,4557.9,4546.5,4557.4,4337,
2024-06-26 15:11:00+05:30,4557.4,4557.4,4553.35,4555.6,2692,
2024-06-26 15:12:00+05:30,4555.6,4555.6,4552.4,4552.85,894,
2024-06-26 15:13:00+05:30,4552.85,4553.35,4547.35,4549.3,1102,
2024-06-26 15:14:00+05:30,4549.3,4549.4,4548.25,4548.85,1325,
2024-06-26 15:15:00+05:30,4548.95,4549.1,4548.9,4549.05,783,
2024-06-26 15:16:00+05:30,4549.1,4550,4549.05,4549.6,3114,
2024-06-26 15:17:00+05:30,4549.05,4549.55,4549.05,4549.4,1105,
2024-06-26 15:18:00+05:30,4549.4,4549.45,4549.4,4549.45,724,
2024-06-26 15:19:00+05:30,4549.4,4549.45,4544.05,4544.4,1224,
2024-06-26 15:20:00+05:30,4544.45,4544.45,4544.35,4544.4,1439,
2024-06-26 15:21:00+05:30,4544.4,4546.45,4544.35,4546.45,1223,
2024-06-26 15:22:00+05:30,4546.45,4549.45,4546.15,4549.45,917,
2024-06-26 15:23:00+05:30,4548.45,4549.25,4548.45,4549.25,958,
2024-06-26 15:24:00+05:30,4549.25,4549.25,4549.2,4549.25,1583,
2024-06-26 15:25:00+05:30,4549.25,4549.25,4542.7,4543.65,2662,
2024-06-26 15:26:00+05:30,4542.7,4547.7,4540.05,4545.85,2240,
2024-06-26 15:27:00+05:30,4545.85,4552.45,4545.5,4552.4,1911,
2024-06-26 15:28:00+05:30,4552.4,4560,4551.6,4556.35,2170,
2024-06-26 15:29:00+05:30,4554.7,4554.7,4541.05,4554.7,838,
2024-06-27 09:15:00+05:30,4545.35,4550.5,4525.35,4531.2,2118,
2024-06-27 09:16:00+05:30,4535.85,4541.95,4535.65,4541,786,
2024-06-27 09:17:00+05:30,4540.85,4544.3,4537,4537.05,1176,
2024-06-27 09:18:00+05:30,4537.05,4537.25,4530.75,4532.55,1036,
2024-06-27 09:19:00+05:30,4530.75,4540,4530.75,4537.6,418,
2024-06-27 09:20:00+05:30,4537.6,4544.55,4536,4544.55,1313,
2024-06-27 09:21:00+05:30,4544.55,4544.55,4536.35,4536.8,618,
2024-06-27 09:22:00+05:30,4540.45,4548.95,4540.45,4544.95,1060,
2024-06-27 09:23:00+05:30,4544.95,4552,4542.05,4550.05,504,
2024-06-27 09:24:00+05:30,4550.05,4556.05,4550.05,4554.7,1475,
2024-06-27 09:25:00+05:30,4554.7,4554.7,4545.05,4547.5,1479,
2024-06-27 09:26:00+05:30,4547.5,4549.55,4542,4546.45,887,
2024-06-27 09:27:00+05:30,4546.45,4551.45,4546.45,4549.4,705,
2024-06-27 09:28:00+05:30,4549.4,4549.4,4544.25,4545.6,553,
2024-06-27 09:29:00+05:30,4545.6,4547.4,4543.05,4543.05,507,
2024-06-27 09:30:00+05:30,4543.05,4548.9,4541.25,4541.25,1933,
2024-06-27 09:31:00+05:30,4543.4,4545.35,4540.55,4544.95,602,
2024-06-27 09:32:00+05:30,4542.45,4544.1,4538,4538,767,
2024-06-27 09:33:00+05:30,4538,4538,4528,4529.35,1056,
2024-06-27 09:34:00+05:30,4528.8,4532.75,4528.7,4530.05,765,
2024-06-27 09:35:00+05:30,4528.05,4531.95,4527,4527.05,887,
2024-06-27 09:36:00+05:30,4527.05,4527.85,4521.7,4522.45,1077,
2024-06-27 09:37:00+05:30,4522.45,4525.1,4521,4522.4,1324,
2024-06-27 09:38:00+05:30,4522.4,4529.25,4517.6,4527.45,1150,
2024-06-27 09:39:00+05:30,4527.45,4530.15,4525,4530,395,
2024-06-27 09:40:00+05:30,4530,4535,4530,4532.8,1412,
2024-06-27 09:41:00+05:30,4532.4,4533.25,4532,4533.25,297,
2024-06-27 09:42:00+05:30,4533.2,4533.25,4532,4532,1447,
2024-06-27 09:43:00+05:30,4534,4534.7,4530.1,4534.4,224,
2024-06-27 09:44:00+05:30,4534.4,4535,4530,4532.45,394,
2024-06-27 09:45:00+05:30,4532.45,4532.75,4525.55,4530.15,535,
2024-06-27 09:46:00+05:30,4530.15,4532.75,4530.05,4530.05,233,
2024-06-27 09:47:00+05:30,4530.05,4532.75,4528.85,4531.7,415,
2024-06-27 09:48:00+05:30,4529.85,4532.3,4526.55,4527.05,477,
2024-06-27 09:49:00+05:30,4527.05,4528.95,4525,4525.55,393,
2024-06-27 09:50:00+05:30,4525.55,4529.35,4523.05,4523.05,859,
2024-06-27 09:51:00+05:30,4523.05,4525.7,4520,4525.7,381,
2024-06-27 09:52:00+05:30,4525.7,4525.75,4522.45,4523,227,
2024-06-27 09:53:00+05:30,4523,4524.8,4522.85,4523.2,255,
2024-06-27 09:54:00+05:30,4524.85,4525,4523.35,4523.8,211,
2024-06-27 09:55:00+05:30,4525,4529.4,4523.85,4528.6,484,
2024-06-27 09:56:00+05:30,4528.6,4533.65,4528.6,4531.3,730,
2024-06-27 09:57:00+05:30,4530.95,4542.85,4530.95,4541.05,967,
2024-06-27 09:58:00+05:30,4541.05,4541.55,4535.4,4535.4,1009,
2024-06-27 09:59:00+05:30,4534.85,4541.5,4530.45,4538.25,5084,
2024-06-27 10:00:00+05:30,4538.3,4540.9,4536.1,4536.85,640,
2024-06-27 10:01:00+05:30,4536.95,4543,4536.7,4542.8,937,
2024-06-27 10:02:00+05:30,4543,4545,4542.7,4542.95,900,
2024-06-27 10:03:00+05:30,4543.7,4545,4542.7,4545,405,
2024-06-27 10:04:00+05:30,4545,4545,4541.8,4542.4,277,
2024-06-27 10:05:00+05:30,4542.4,4544.9,4540.7,4544.9,487,
2024-06-27 10:06:00+05:30,4544.9,4550,4544,4550,2084,
2024-06-27 10:07:00+05:30,4550,4550,4546.15,4548.2,472,
2024-06-27 10:08:00+05:30,4548.2,4548.8,4545,4548.15,954,
2024-06-27 10:09:00+05:30,4548.1,4550,4544.95,4546.3,1437,
2024-06-27 10:10:00+05:30,4546.3,4548.95,4541.9,4546.4,557,
2024-06-27 10:11:00+05:30,4546.4,4550,4546.4,4549.2,502,
2024-06-27 10:12:00+05:30,4549.2,4550,4548.25,4550,517,
2024-06-27 10:13:00+05:30,4550,4550,4546.3,4547.85,802,
2024-06-27 10:14:00+05:30,4547.85,4548.7,4542.55,4542.7,553,
2024-06-27 10:15:00+05:30,4544,4546.4,4541.05,4544.75,418,
2024-06-27 10:16:00+05:30,4544.75,4545.85,4538.55,4543.6,403,
2024-06-27 10:17:00+05:30,4544.65,4545,4543.35,4545,125,
2024-06-27 10:18:00+05:30,4545,4545.05,4541,4544.85,310,
2024-06-27 10:19:00+05:30,4542.95,4545,4541,4543.4,143,
2024-06-27 10:20:00+05:30,4543.4,4547,4543.4,4546.25,359,
2024-06-27 10:21:00+05:30,4546.3,4546.5,4543,4545.35,312,
2024-06-27 10:22:00+05:30,4545.35,4545.35,4540,4542.4,375,
2024-06-27 10:23:00+05:30,4542.4,4543.25,4540,4540,229,
2024-06-27 10:24:00+05:30,4540,4543.1,4538.75,4542,1036,
2024-06-27 10:25:00+05:30,4542,4542.65,4540.1,4541.35,310,
2024-06-27 10:26:00+05:30,4541.35,4543.65,4540.6,4543.65,446,
2024-06-27 10:27:00+05:30,4543.65,4549.95,4543.65,4549.85,676,
2024-06-27 10:28:00+05:30,4549.85,4550,4543.65,4547.95,1380,
2024-06-27 10:29:00+05:30,4549.05,4549.05,4542.45,4546.85,788,
2024-06-27 10:30:00+05:30,4546.75,4549,4544.2,4546.1,968,
2024-06-27 10:31:00+05:30,4547.9,4548.85,4543.5,4544.9,717,
2024-06-27 10:32:00+05:30,4544.9,4546.9,4537.7,4545.4,658,
2024-06-27 10:33:00+05:30,4545.95,4547.8,4531.15,4532.95,2281,
2024-06-27 10:34:00+05:30,4532.95,4538.5,4532.95,4534.65,198,
2024-06-27 10:35:00+05:30,4534.65,4539.85,4532.9,4539.85,722,
2024-06-27 10:36:00+05:30,4539.9,4540,4535.25,4537.05,702,
2024-06-27 10:37:00+05:30,4537.05,4540,4537.05,4540,270,
2024-06-27 10:38:00+05:30,4540,4540,4535.05,4538.9,427,
2024-06-27 10:39:00+05:30,4538.9,4540.5,4537.7,4539.5,279,
2024-06-27 10:40:00+05:30,4539.5,4541.8,4532.2,4532.2,705,
2024-06-27 10:41:00+05:30,4532.2,4537.3,4532,4535,398,
2024-06-27 10:42:00+05:30,4535.85,4538,4535.85,4537.65,232,
2024-06-27 10:43:00+05:30,4537.65,4537.85,4524,4524,874,
2024-06-27 10:44:00+05:30,4524,4525.25,4520,4523.05,733,
2024-06-27 10:45:00+05:30,4523.05,4526.3,4517.65,4525,1521,
2024-06-27 10:46:00+05:30,4525.7,4528.55,4521.9,4527.25,445,
2024-06-27 10:47:00+05:30,4527.25,4529.15,4525,4528.85,113,
2024-06-27 10:48:00+05:30,4527.1,4530.05,4527.1,4528.6,178,
2024-06-27 10:49:00+05:30,4528.55,4529.6,4523.8,4529.4,390,
2024-06-27 10:50:00+05:30,4529.4,4535.05,4529.2,4534.9,467,
2024-06-27 10:51:00+05:30,4534.9,4537.55,4532.5,4535.05,396,
2024-06-27 10:52:00+05:30,4535.05,4536,4532.55,4533.95,92,
2024-06-27 10:53:00+05:30,4533.95,4536.5,4530,4530.05,290,
2024-06-27 10:54:00+05:30,4530.05,4532,4526.3,4526.3,287,
2024-06-27 10:55:00+05:30,4526.3,4527.65,4525.45,4525.45,242,
2024-06-27 10:56:00+05:30,4525.45,4531.5,4525.45,4529.55,363,
2024-06-27 10:57:00+05:30,4529.55,4536.05,4529.55,4534.6,203,
2024-06-27 10:58:00+05:30,4534.6,4536.35,4534,4535.7,414,
2024-06-27 10:59:00+05:30,4535.65,4535.7,4531.4,4534.7,366,
2024-06-27 11:00:00+05:30,4534.7,4537.45,4531.7,4536.4,401,
2024-06-27 11:01:00+05:30,4536.4,4537.55,4533.8,4537.35,535,
2024-06-27 11:02:00+05:30,4537.35,4539.8,4535.9,4539.8,1456,
2024-06-27 11:03:00+05:30,4539.8,4539.8,4534.6,4536.45,208,
2024-06-27 11:04:00+05:30,4535.9,4535.9,4532.5,4533.35,400,
2024-06-27 11:05:00+05:30,4533.1,4535.3,4531.75,4533.15,180,
2024-06-27 11:06:00+05:30,4533.15,4535.1,4530.6,4530.6,250,
2024-06-27 11:07:00+05:30,4530.6,4535,4530.6,4534.7,105,
2024-06-27 11:08:00+05:30,4534.7,4534.7,4527,4530.55,291,
2024-06-27 11:09:00+05:30,4530.55,4530.95,4524,4524,320,
2024-06-27 11:10:00+05:30,4524,4526.05,4520.05,4526.05,974,
2024-06-27 11:11:00+05:30,4526.05,4526.65,4523.8,4526.6,348,
2024-06-27 11:12:00+05:30,4526.65,4531.7,4523.75,4531.7,386,
2024-06-27 11:13:00+05:30,4531.7,4537.65,4531.7,4537.5,598,
2024-06-27 11:14:00+05:30,4537.5,4537.65,4533.55,4535.65,203,
2024-06-27 11:15:00+05:30,4535.65,4535.75,4533,4533.25,711,
2024-06-27 11:16:00+05:30,4533.25,4534.65,4532.4,4532.6,1275,
2024-06-27 11:17:00+05:30,4532.6,4534.95,4532.6,4534.6,231,
2024-06-27 11:18:00+05:30,4534.6,4534.6,4529.3,4531.8,2030,
2024-06-27 11:19:00+05:30,4531.8,4532.45,4527.1,4528.15,433,
2024-06-27 11:20:00+05:30,4528.15,4534.2,4528.15,4534.2,205,
2024-06-27 11:21:00+05:30,4534,4535,4532.05,4535,184,
2024-06-27 11:22:00+05:30,4535,4536,4532.65,4535.5,204,
2024-06-27 11:23:00+05:30,4535.5,4536.2,4534,4536,303,
2024-06-27 11:24:00+05:30,4536,4536,4532.95,4536,530,
2024-06-27 11:25:00+05:30,4536,4536,4532.15,4534.65,375,
2024-06-27 11:26:00+05:30,4534.65,4535.2,4530.6,4530.9,193,
2024-06-27 11:27:00+05:30,4530.9,4533.25,4530,4533.25,369,
2024-06-27 11:28:00+05:30,4530.8,4534.75,4530.05,4533.4,226,
2024-06-27 11:29:00+05:30,4533.4,4535,4530.7,4535,135,
2024-06-27 11:30:00+05:30,4534.25,4536,4529.05,4535.25,1555,
2024-06-27 11:31:00+05:30,4535.25,4535.8,4534.1,4534.7,302,
2024-06-27 11:32:00+05:30,4534.7,4539,4532.95,4538.95,1598,
2024-06-27 11:33:00+05:30,4538.95,4540,4537.05,4537.05,2364,
2024-06-27 11:34:00+05:30,4537.05,4538.8,4537.05,4538.5,294,
2024-06-27 11:35:00+05:30,4538.5,4538.75,4537,4538,1127,
2024-06-27 11:36:00+05:30,4538,4540,4537.55,4539.55,607,
2024-06-27 11:37:00+05:30,4539.55,4539.65,4533,4534.3,3830,
2024-06-27 11:38:00+05:30,4534.3,4540,4534.3,4538.1,475,
2024-06-27 11:39:00+05:30,4538.1,4540,4538.1,4539.95,277,
2024-06-27 11:40:00+05:30,4539.95,4543.75,4539.95,4541.3,880,
2024-06-27 11:41:00+05:30,4541.3,4543.9,4540.3,4541.2,420,
2024-06-27 11:42:00+05:30,4541.25,4545.95,4540.55,4544.85,1314,
2024-06-27 11:43:00+05:30,4544.4,4546.95,4543.55,4545.6,630,
2024-06-27 11:44:00+05:30,4545.6,4546.95,4541.45,4543.6,1409,
2024-06-27 11:45:00+05:30,4544.7,4546.45,4539.75,4543.25,574,
2024-06-27 11:46:00+05:30,4543.25,4547.8,4543.25,4547.6,486,
2024-06-27 11:47:00+05:30,4547.6,4547.95,4543.8,4545,995,
2024-06-27 11:48:00+05:30,4545.9,4546.4,4545.65,4545.65,189,
2024-06-27 11:49:00+05:30,4545.65,4546.4,4545,4546.4,613,
2024-06-27 11:50:00+05:30,4546.4,4546.9,4545.75,4546.5,373,
2024-06-27 11:51:00+05:30,4546.5,4547.6,4546.5,4547.35,645,
2024-06-27 11:52:00+05:30,4547.35,4547.65,4545.85,4546.7,505,
2024-06-27 11:53:00+05:30,4546.7,4547.7,4544.7,4547.5,668,
2024-06-27 11:54:00+05:30,4547.5,4547.7,4544.95,4546.5,253,
2024-06-27 11:55:00+05:30,4546.5,4546.85,4544.2,4546.7,489,
2024-06-27 11:56:00+05:30,4546.75,4546.85,4544.1,4546,262,
2024-06-27 11:57:00+05:30,4546,4549.85,4545.95,4549.85,832,
2024-06-27 11:58:00+05:30,4549.85,4549.85,4546.4,4549.1,666,
2024-06-27 11:59:00+05:30,4549.1,4549.8,4546.25,4547.75,471,
2024-06-27 12:00:00+05:30,4547.75,4549.85,4545,4546.25,1082,
2024-06-27 12:01:00+05:30,4546.25,4546.25,4545,4546.25,234,
2024-06-27 12:02:00+05:30,4546.25,4548.85,4546.25,4546.65,428,
2024-06-27 12:03:00+05:30,4546.65,4548.85,4545.45,4548.05,698,
2024-06-27 12:04:00+05:30,4548.05,4548.75,4545.3,4548.4,718,
2024-06-27 12:05:00+05:30,4548.4,4548.4,4545,4546.7,320,
2024-06-27 12:06:00+05:30,4546.7,4547.7,4545,4545,315,
2024-06-27 12:07:00+05:30,4545,4548,4545,4545.55,1686,
2024-06-27 12:08:00+05:30,4545.55,4548.6,4545.55,4547.3,135,
2024-06-27 12:09:00+05:30,4546.85,4546.85,4536,4539.55,6710,
2024-06-27 12:10:00+05:30,4539.45,4540.8,4538.25,4540.45,450,
2024-06-27 12:11:00+05:30,4539.8,4542.45,4536.7,4542.45,767,
2024-06-27 12:12:00+05:30,4542.45,4549.85,4542.45,4546.8,2925,
2024-06-27 12:13:00+05:30,4546.8,4550,4543.8,4547.05,2057,
2024-06-27 12:14:00+05:30,4548,4550.4,4545.2,4550.4,2230,
2024-06-27 12:15:00+05:30,4550.95,4551.7,4547.35,4547.35,1565,
2024-06-27 12:16:00+05:30,4547.35,4548.9,4545.5,4545.7,689,
2024-06-27 12:17:00+05:30,4545.7,4550.65,4544.05,4548.55,1138,
2024-06-27 12:18:00+05:30,4548.25,4549.85,4544.35,4546.25,701,
2024-06-27 12:19:00+05:30,4546.25,4548.9,4546.05,4548.9,517,
2024-06-27 12:20:00+05:30,4549.35,4550,4545.05,4547.45,356,
2024-06-27 12:21:00+05:30,4547.45,4547.45,4542.2,4542.2,180,
2024-06-27 12:22:00+05:30,4543.5,4543.5,4538.4,4540.55,431,
2024-06-27 12:23:00+05:30,4540.55,4545.85,4540.2,4544.3,391,
2024-06-27 12:24:00+05:30,4545.25,4546.7,4543.8,4546.4,464,
2024-06-27 12:25:00+05:30,4546.4,4546.4,4544.45,4545.15,381,
2024-06-27 12:26:00+05:30,4543.95,4547.25,4543.2,4547.2,879,
2024-06-27 12:27:00+05:30,4547.15,4547.15,4541.6,4544.6,566,
2024-06-27 12:28:00+05:30,4544.6,4545.7,4544.6,4545.15,362,
2024-06-27 12:29:00+05:30,4545.15,4545.5,4543.35,4544.5,282,
2024-06-27 12:30:00+05:30,4543.9,4543.9,4539.6,4542.95,430,
2024-06-27 12:31:00+05:30,4542.95,4543.6,4539.6,4539.6,401,
2024-06-27 12:32:00+05:30,4539.6,4542.3,4539.6,4540.2,67,
2024-06-27 12:33:00+05:30,4540.2,4541.85,4540,4540.8,352,
2024-06-27 12:34:00+05:30,4540.8,4544.25,4540.8,4543.15,399,
2024-06-27 12:35:00+05:30,4543.15,4543.25,4540.3,4542.85,301,
2024-06-27 12:36:00+05:30,4542.85,4543.1,4538.9,4541.3,420,
2024-06-27 12:37:00+05:30,4541.3,4542.85,4540.05,4542,234,
2024-06-27 12:38:00+05:30,4542,4542,4539,4540,306,
2024-06-27 12:39:00+05:30,4540,4540,4539.95,4540,209,
2024-06-27 12:40:00+05:30,4540,4542.85,4539.15,4540.4,3526,
2024-06-27 12:41:00+05:30,4540,4540,4532.75,4536.2,1067,
2024-06-27 12:42:00+05:30,4536.2,4538.3,4533.4,4533.4,614,
2024-06-27 12:43:00+05:30,4533.4,4537.05,4532.2,4536.2,514,
2024-06-27 12:44:00+05:30,4536.2,4540,4536.2,4540,390,
2024-06-27 12:45:00+05:30,4540,4540,4537.95,4538.2,434,
2024-06-27 12:46:00+05:30,4538.15,4538.15,4532.85,4534.85,627,
2024-06-27 12:47:00+05:30,4534.85,4534.85,4531.05,4531.15,612,
2024-06-27 12:48:00+05:30,4531.15,4531.35,4526.45,4529.55,1308,
2024-06-27 12:49:00+05:30,4527.5,4530,4527.1,4530,429,
2024-06-27 12:50:00+05:30,4530,4530,4528,4529.5,790,
2024-06-27 12:51:00+05:30,4529.5,4536.6,4529.05,4534.75,1538,
2024-06-27 12:52:00+05:30,4534.75,4536,4532.55,4534.75,3885,
2024-06-27 12:53:00+05:30,4534.8,4538.55,4534.6,4537.8,3319,
2024-06-27 12:54:00+05:30,4537.75,4538.35,4534,4534.85,364,
2024-06-27 12:55:00+05:30,4534.85,4534.85,4532.5,4532.85,6125,
2024-06-27 12:56:00+05:30,4532.85,4538.5,4532.85,4536.3,1825,
2024-06-27 12:57:00+05:30,4536.3,4538.45,4534,4536.05,331,
2024-06-27 12:58:00+05:30,4536.05,4536.9,4534.3,4535.55,132,
2024-06-27 12:59:00+05:30,4535.4,4536,4529,4531.45,10242,
2024-06-27 13:00:00+05:30,4531.45,4533.6,4530.05,4533.6,116,
2024-06-27 13:01:00+05:30,4533.6,4533.95,4529,4529,473,
2024-06-27 13:02:00+05:30,4526.45,4531.1,4526.45,4527.85,143,
2024-06-27 13:03:00+05:30,4527.85,4530.85,4527.85,4530.85,141,
2024-06-27 13:04:00+05:30,4530.85,4533.3,4529.75,4530.2,410,
2024-06-27 13:05:00+05:30,4530.2,4532.85,4530.2,4532.6,92,
2024-06-27 13:06:00+05:30,4532.6,4533.3,4531,4533.3,263,
2024-06-27 13:07:00+05:30,4533.25,4533.95,4527.55,4529,825,
2024-06-27 13:08:00+05:30,4529,4534.05,4528.4,4534.05,117,
2024-06-27 13:09:00+05:30,4534.05,4534.75,4529.05,4531.7,295,
2024-06-27 13:10:00+05:30,4531.7,4532.5,4529.75,4529.75,128,
2024-06-27 13:11:00+05:30,4529.75,4531.75,4529.75,4531.75,177,
2024-06-27 13:12:00+05:30,4531.75,4537.85,4529.85,4537.35,3674,
2024-06-27 13:13:00+05:30,4537.35,4537.75,4534,4534,2038,
2024-06-27 13:14:00+05:30,4534,4535,4531.25,4533,11990,
2024-06-27 13:15:00+05:30,4533,4533,4532.95,4533,71,
2024-06-27 13:16:00+05:30,4533,4533,4532.85,4533,95,
2024-06-27 13:17:00+05:30,4533,4536.45,4532.85,4536.45,825,
2024-06-27 13:18:00+05:30,4536.45,4536.45,4535,4535.5,3997,
2024-06-27 13:19:00+05:30,4536.45,4539,4536.45,4539,6092,
2024-06-27 13:20:00+05:30,4539,4543,4538.95,4541.15,1445,
2024-06-27 13:21:00+05:30,4541.15,4542.55,4540,4541.3,466,
2024-06-27 13:22:00+05:30,4541.3,4541.3,4540,4541.1,67,
2024-06-27 13:23:00+05:30,4541.1,4541.1,4537.8,4538.15,255,
2024-06-27 13:24:00+05:30,4538.15,4538.15,4535,4536.95,797,
2024-06-27 13:25:00+05:30,4535,4537,4535,4535.5,3059,
2024-06-27 13:26:00+05:30,4535.5,4535.5,4535,4535.05,9748,
2024-06-27 13:27:00+05:30,4535.05,4535.75,4531.1,4531.45,357,
2024-06-27 13:28:00+05:30,4531.45,4532.85,4530,4531.7,215,
2024-06-27 13:29:00+05:30,4531.7,4533.95,4530,4533.65,502,
2024-06-27 13:30:00+05:30,4533.1,4533.75,4529,4529,489,
2024-06-27 13:31:00+05:30,4529,4531.9,4529,4530.85,132,
2024-06-27 13:32:00+05:30,4530.6,4530.75,4526,4527.25,1226,
2024-06-27 13:33:00+05:30,4527.25,4527.35,4525,4525.1,353,
2024-06-27 13:34:00+05:30,4525.1,4530.65,4525.1,4530.05,1439,
2024-06-27 13:35:00+05:30,4530.05,4532,4528,4528,505,
2024-06-27 13:36:00+05:30,4528,4533.4,4528,4530.65,818,
2024-06-27 13:37:00+05:30,4532.15,4533.1,4530,4530,667,
2024-06-27 13:38:00+05:30,4530,4530.4,4528,4530,1382,
2024-06-27 13:39:00+05:30,4530,4533.1,4530,4530.25,225,
2024-06-27 13:40:00+05:30,4530.25,4530.95,4528.15,4530.3,1037,
2024-06-27 13:41:00+05:30,4530.05,4531,4530,4530,252,
2024-06-27 13:42:00+05:30,4530,4533.05,4530,4531.9,318,
2024-06-27 13:43:00+05:30,4531.9,4531.95,4530,4530.35,167,
2024-06-27 13:44:00+05:30,4530.35,4531.6,4530,4530,470,
2024-06-27 13:45:00+05:30,4530,4531.35,4530,4530,276,
2024-06-27 13:46:00+05:30,4530,4531.3,4530,4530.1,413,
2024-06-27 13:47:00+05:30,4530.15,4532.85,4530.1,4532.85,494,
2024-06-27 13:48:00+05:30,4532.75,4532.85,4528.05,4530.15,862,
2024-06-27 13:49:00+05:30,4528.95,4533,4528,4532,2488,
2024-06-27 13:50:00+05:30,4532.05,4533,4530,4530.15,239,
2024-06-27 13:51:00+05:30,4530.15,4534.1,4530.15,4533.85,139,
2024-06-27 13:52:00+05:30,4533.85,4534.35,4531.8,4534,244,
2024-06-27 13:53:00+05:30,4534,4534.2,4533.9,4534.05,176,
2024-06-27 13:54:00+05:30,4534.05,4534.1,4530.45,4533.85,484,
2024-06-27 13:55:00+05:30,4533.85,4537,4533.05,4537,677,
2024-06-27 13:56:00+05:30,4537,4537.8,4535.2,4536.9,178,
2024-06-27 13:57:00+05:30,4536.7,4537.05,4534,4534.4,322,
2024-06-27 13:58:00+05:30,4534.4,4535.65,4531.05,4532.75,329,
2024-06-27 13:59:00+05:30,4532.75,4537,4532.75,4536.4,276,
2024-06-27 14:00:00+05:30,4537,4538.95,4535,4536.55,1746,
2024-06-27 14:01:00+05:30,4536.55,4539,4535.7,4538.9,2621,
2024-06-27 14:02:00+05:30,4538.9,4538.9,4535.25,4536,912,
2024-06-27 14:03:00+05:30,4536.35,4536.35,4531.9,4534.7,760,
2024-06-27 14:04:00+05:30,4534.7,4536.95,4530.85,4530.85,454,
2024-06-27 14:05:00+05:30,4530.85,4536.35,4530.85,4535.3,493,
2024-06-27 14:06:00+05:30,4536,4536,4530,4531,1259,
2024-06-27 14:07:00+05:30,4531.85,4532.75,4529,4530.8,3153,
2024-06-27 14:08:00+05:30,4531.25,4536.4,4530,4536.4,1995,
2024-06-27 14:09:00+05:30,4537.1,4539.9,4534,4536.05,1718,
2024-06-27 14:10:00+05:30,4536.35,4536.45,4532,4536.15,2618,
2024-06-27 14:11:00+05:30,4535,4537.3,4533,4534,1956,
2024-06-27 14:12:00+05:30,4534,4538.05,4534,4536.85,779,
2024-06-27 14:13:00+05:30,4536.85,4540,4534.15,4538.1,785,
2024-06-27 14:14:00+05:30,4538.1,4540,4536.4,4539.35,2021,
2024-06-27 14:15:00+05:30,4539.45,4540,4539.05,4539.15,1744,
2024-06-27 14:16:00+05:30,4539.15,4539.8,4539.05,4539.8,2059,
2024-06-27 14:17:00+05:30,4539.5,4540,4534,4534.4,3564,
2024-06-27 14:18:00+05:30,4534.45,4539.55,4534,4539.15,2032,
2024-06-27 14:19:00+05:30,4538.15,4539.95,4535.15,4537.6,889,
2024-06-27 14:20:00+05:30,4537.65,4538.55,4534,4534,530,
2024-06-27 14:21:00+05:30,4535.5,4535.75,4530.35,4533.7,3559,
2024-06-27 14:22:00+05:30,4534,4537.3,4534,4537.1,1595,
2024-06-27 14:23:00+05:30,4537.1,4538.3,4534.4,4536,2437,
2024-06-27 14:24:00+05:30,4536,4539.35,4536,4536.05,2460,
2024-06-27 14:25:00+05:30,4536.05,4536.25,4536,4536,1838,
2024-06-27 14:26:00+05:30,4536,4537.25,4536,4536,393,
2024-06-27 14:27:00+05:30,4536,4536.75,4534,4535,4815,
2024-06-27 14:28:00+05:30,4535.1,4535.2,4534,4534,3330,
2024-06-27 14:29:00+05:30,4535.05,4539,4535,4538,2245,
2024-06-27 14:30:00+05:30,4538,4539.6,4538,4538.9,1959,
2024-06-27 14:31:00+05:30,4538,4543.7,4538,4542.7,2554,
2024-06-27 14:32:00+05:30,4542.65,4544.25,4535.8,4537.15,5467,
2024-06-27 14:33:00+05:30,4535.9,4537.2,4534,4534,1088,
2024-06-27 14:34:00+05:30,4534,4534.4,4529,4530.05,1592,
2024-06-27 14:35:00+05:30,4530.05,4533,4529.95,4532.95,1086,
2024-06-27 14:36:00+05:30,4530.7,4533.3,4530,4531.25,1300,
2024-06-27 14:37:00+05:30,4531.2,4536.6,4530.05,4532.25,1106,
2024-06-27 14:38:00+05:30,4532.25,4540,4532.25,4535.5,1298,
2024-06-27 14:39:00+05:30,4535.7,4539.35,4531,4537,2186,
2024-06-27 14:40:00+05:30,4538.5,4540,4534.6,4534.6,1676,
2024-06-27 14:41:00+05:30,4534.6,4538.35,4533.75,4534.6,1002,
2024-06-27 14:42:00+05:30,4536.75,4538,4533.35,4538,2300,
2024-06-27 14:43:00+05:30,4538,4540,4537.5,4538.35,839,
2024-06-27 14:44:00+05:30,4538.5,4547.8,4538.5,4544.4,1513,
2024-06-27 14:45:00+05:30,4544.35,4546.15,4540,4540.8,829,
2024-06-27 14:46:00+05:30,4540.85,4546.4,4538.05,4545.15,995,
2024-06-27 14:47:00+05:30,4545.15,4546.4,4539.65,4539.65,1553,
2024-06-27 14:48:00+05:30,4539.9,4543.1,4539.65,4542.1,997,
2024-06-27 14:49:00+05:30,4541.9,4541.9,4538,4538,867,
2024-06-27 14:50:00+05:30,4538,4542.35,4538,4540.4,862,
2024-06-27 14:51:00+05:30,4542.1,4544.8,4538.35,4542.25,1076,
2024-06-27 14:52:00+05:30,4542.15,4544.3,4540.75,4540.85,543,
2024-06-27 14:53:00+05:30,4540.85,4543.9,4539.3,4543.45,1935,
2024-06-27 14:54:00+05:30,4541.5,4547.95,4538.85,4542.9,3952,
2024-06-27 14:55:00+05:30,4542.9,4545,4541.35,4542.05,1979,
2024-06-27 14:56:00+05:30,4542.05,4547.5,4538,4538.1,5689,
2024-06-27 14:57:00+05:30,4539.5,4546.8,4538.3,4545.85,2559,
2024-06-27 14:58:00+05:30,4545.85,4548,4542.75,4544.15,4551,
2024-06-27 14:59:00+05:30,4546.45,4546.45,4537.55,4544.3,5165,
2024-06-27 15:00:00+05:30,4544.3,4552.8,4543.55,4549.05,7058,
2024-06-27 15:01:00+05:30,4548.95,4549,4543.9,4544.05,4180,
2024-06-27 15:02:00+05:30,4544.05,4546.2,4542,4544.1,5590,
2024-06-27 15:03:00+05:30,4544.1,4548.5,4540.8,4541.5,4119,
2024-06-27 15:04:00+05:30,4540.5,4546.95,4540.5,4540.95,5169,
2024-06-27 15:05:00+05:30,4540.95,4545.95,4536.3,4536.3,4292,
2024-06-27 15:06:00+05:30,4536.3,4536.3,4521.05,4521.4,4371,
2024-06-27 15:07:00+05:30,4521.4,4524.55,4520.35,4520.95,4842,
2024-06-27 15:08:00+05:30,4520,4530,4519.2,4522.2,4977,
2024-06-27 15:09:00+05:30,4522.15,4525.45,4518,4519.65,5670,
2024-06-27 15:10:00+05:30,4519.1,4523.2,4517.05,4517.05,5123,
2024-06-27 15:11:00+05:30,4517.15,4517.5,4509.05,4512.55,6051,
2024-06-27 15:12:00+05:30,4512.5,4514.55,4509,4513.45,4519,
2024-06-27 15:13:00+05:30,4512.5,4518.65,4511,4515.7,5214,
2024-06-27 15:14:00+05:30,4515.7,4517,4513.6,4515.4,8569,
2024-06-27 15:15:00+05:30,4515,4520,4509.1,4516,6709,
2024-06-27 15:16:00+05:30,4520,4526.7,4512.3,4517,5858,
2024-06-27 15:17:00+05:30,4516.6,4520.45,4512.75,4518,6094,
2024-06-27 15:18:00+05:30,4518,4521,4513.2,4515.3,4759,
2024-06-27 15:19:00+05:30,4515.2,4519.15,4515.1,4515.3,5577,
2024-06-27 15:20:00+05:30,4515.3,4519.45,4514.8,4515.45,7412,
2024-06-27 15:21:00+05:30,4514.9,4523.95,4514.8,4521.8,6849,
2024-06-27 15:22:00+05:30,4521.7,4522.15,4518.55,4518.55,4032,
2024-06-27 15:23:00+05:30,4518.15,4521.4,4515.1,4518.2,4488,
2024-06-27 15:24:00+05:30,4518.45,4523.8,4513.45,4518.1,8621,
2024-06-27 15:25:00+05:30,4517.5,4520.3,4513.5,4513.5,4120,
2024-06-27 15:26:00+05:30,4513.55,4531.65,4512.85,4521.3,8076,
2024-06-27 15:27:00+05:30,4517.15,4523.25,4512,4515.15,4431,
2024-06-27 15:28:00+05:30,4515.15,4522.95,4500.1,4522.95,4779,
2024-06-27 15:29:00+05:30,4520.6,4523,4511.7,4523,307,
2024-06-28 09:15:00+05:30,4522.35,4547.2,4522.35,4541.5,2336,
2024-06-28 09:16:00+05:30,4541.5,4573.25,4541.3,4566.7,2012,
2024-06-28 09:17:00+05:30,4569.6,4580.95,4566.65,4575.3,1199,
2024-06-28 09:18:00+05:30,4578.55,4584.95,4575,4580.8,2329,
2024-06-28 09:19:00+05:30,4579.65,4592.3,4578.8,4592.3,2860,
2024-06-28 09:20:00+05:30,4592.25,4614.4,4590.1,4609.55,4931,
2024-06-28 09:21:00+05:30,4609.55,4635,4605.55,4635,10566,
2024-06-28 09:22:00+05:30,4634.5,4648.45,4620,4640,16428,
2024-06-28 09:23:00+05:30,4638.6,4638.6,4612.65,4617.6,16717,
2024-06-28 09:24:00+05:30,4614.9,4618.75,4602,4616.85,10341,
2024-06-28 09:25:00+05:30,4615,4623.7,4611,4615.3,10732,
2024-06-28 09:26:00+05:30,4615.7,4619,4600.95,4605,7411,
2024-06-28 09:27:00+05:30,4605,4616.95,4602.8,4615,3626,
2024-06-28 09:28:00+05:30,4615,4617.4,4610.25,4617.1,3602,
2024-06-28 09:29:00+05:30,4611.8,4617.4,4605,4605.6,3969,
2024-06-28 09:30:00+05:30,4605.5,4610.65,4603.5,4603.75,2907,
2024-06-28 09:31:00+05:30,4607.4,4607.4,4601.1,4605,4610,
2024-06-28 09:32:00+05:30,4605,4605,4585.15,4586.4,8945,
2024-06-28 09:33:00+05:30,4586,4595.45,4584.55,4594.2,3197,
2024-06-28 09:34:00+05:30,4594.2,4600,4590,4597.95,4002,
2024-06-28 09:35:00+05:30,4597.95,4600,4596.1,4598.4,5437,
2024-06-28 09:36:00+05:30,4597.7,4600,4596.85,4599.95,9167,
2024-06-28 09:37:00+05:30,4597.65,4600,4595,4597.95,1958,
2024-06-28 09:38:00+05:30,4597.95,4600,4596.95,4600,2049,
2024-06-28 09:39:00+05:30,4600,4600,4598.6,4598.6,792,
2024-06-28 09:40:00+05:30,4598.9,4600,4593.1,4593.3,1623,
2024-06-28 09:41:00+05:30,4593.3,4596,4592.3,4595,539,
2024-06-28 09:42:00+05:30,4595,4600,4595,4599.05,1883,
2024-06-28 09:43:00+05:30,4599.05,4599.8,4595,4597.3,591,
2024-06-28 09:44:00+05:30,4597.3,4600,4596.1,4596.5,1199,
2024-06-28 09:45:00+05:30,4596.5,4597.25,4591.6,4594,900,
2024-06-28 09:46:00+05:30,4593.1,4595.35,4590,4590.95,873,
2024-06-28 09:47:00+05:30,4590.95,4596,4590.95,4594.6,700,
2024-06-28 09:48:00+05:30,4594.6,4597.9,4591.35,4593.3,889,
2024-06-28 09:49:00+05:30,4591.35,4591.35,4587.55,4588.8,1052,
2024-06-28 09:50:00+05:30,4588.8,4589.75,4587.35,4588.5,492,
2024-06-28 09:51:00+05:30,4588.5,4589.5,4585.2,4589.05,1110,
2024-06-28 09:52:00+05:30,4589.5,4592.4,4587.9,4592.4,504,
2024-06-28 09:53:00+05:30,4592.4,4593,4588.45,4592.8,717,
2024-06-28 09:54:00+05:30,4590.3,4596.25,4590.3,4595,173,
2024-06-28 09:55:00+05:30,4595,4598.7,4594.3,4596,575,
2024-06-28 09:56:00+05:30,4596,4597,4593.1,4593.6,686,
2024-06-28 09:57:00+05:30,4593.6,4597.3,4592.05,4592.05,1581,
2024-06-28 09:58:00+05:30,4594.7,4594.7,4588.15,4589.15,1013,
2024-06-28 09:59:00+05:30,4589.15,4593.55,4589.15,4589.25,148,
2024-06-28 10:00:00+05:30,4589.1,4590.9,4582.55,4585.35,313,
2024-06-28 10:01:00+05:30,4584.8,4584.8,4580,4581.1,2925,
2024-06-28 10:02:00+05:30,4581.1,4583.35,4578.5,4580.25,1956,
2024-06-28 10:03:00+05:30,4580.25,4580.25,4574.05,4575,1239,
2024-06-28 10:04:00+05:30,4575.05,4577.35,4571.35,4575,1127,
2024-06-28 10:05:00+05:30,4575,4576.9,4572.1,4576.85,748,
2024-06-28 10:06:00+05:30,4576.85,4577.95,4575.9,4577.75,470,
2024-06-28 10:07:00+05:30,4577.75,4580.85,4575.7,4580.85,1140,
2024-06-28 10:08:00+05:30,4580.85,4580.85,4579.75,4580.1,421,
2024-06-28 10:09:00+05:30,4577.75,4580.1,4576.15,4577.3,609,
2024-06-28 10:10:00+05:30,4578.45,4582,4576.2,4581.7,909,
2024-06-28 10:11:00+05:30,4581.7,4589.8,4578.7,4589.25,1348,
2024-06-28 10:12:00+05:30,4589.25,4594,4588,4591.3,710,
2024-06-28 10:13:00+05:30,4592.05,4593.8,4589,4589.9,427,
2024-06-28 10:14:00+05:30,4589.9,4592.9,4589.8,4592.9,423,
2024-06-28 10:15:00+05:30,4592.9,4595,4591.6,4593.6,548,
2024-06-28 10:16:00+05:30,4593.6,4593.6,4590,4591.6,704,
2024-06-28 10:17:00+05:30,4590.05,4592.9,4587.05,4587.05,988,
2024-06-28 10:18:00+05:30,4589.5,4590.95,4587.75,4587.75,124,
2024-06-28 10:19:00+05:30,4587.75,4589.75,4585.65,4586,609,
2024-06-28 10:20:00+05:30,4586,4587.75,4583.35,4587.15,291,
2024-06-28 10:21:00+05:30,4585.4,4588.7,4582.05,4588.7,748,
2024-06-28 10:22:00+05:30,4588.7,4588.7,4586.25,4588,184,
2024-06-28 10:23:00+05:30,4586.5,4589.4,4586.5,4588.15,142,
2024-06-28 10:24:00+05:30,4588.15,4589.95,4588.15,4589.95,181,
2024-06-28 10:25:00+05:30,4589.95,4592,4589.15,4589.15,308,
2024-06-28 10:26:00+05:30,4589.15,4597.45,4589.15,4597.45,1586,
2024-06-28 10:27:00+05:30,4597.05,4600,4597,4600,2583,
2024-06-28 10:28:00+05:30,4600,4600,4597.05,4598.35,300,
2024-06-28 10:29:00+05:30,4598.35,4600,4598.35,4600,1095,
2024-06-28 10:30:00+05:30,4600,4600,4598.5,4598.55,1129,
2024-06-28 10:31:00+05:30,4598.55,4600.95,4598.55,4598.85,580,
2024-06-28 10:32:00+05:30,4600.6,4600.8,4597.15,4598.55,309,
2024-06-28 10:33:00+05:30,4598.55,4600.4,4598.55,4599,221,
2024-06-28 10:34:00+05:30,4598.55,4600.8,4598,4600.65,878,
2024-06-28 10:35:00+05:30,4600.65,4600.65,4598.5,4598.5,455,
2024-06-28 10:36:00+05:30,4598.5,4600.5,4598.05,4599.5,283,
2024-06-28 10:37:00+05:30,4599.5,4599.5,4595,4598.3,716,
2024-06-28 10:38:00+05:30,4595.8,4598,4590.05,4590.75,466,
2024-06-28 10:39:00+05:30,4590.75,4593.65,4590.25,4591.35,249,
2024-06-28 10:40:00+05:30,4591.7,4596.15,4591.7,4594.6,116,
2024-06-28 10:41:00+05:30,4594.6,4600,4594.5,4600,425,
2024-06-28 10:42:00+05:30,4600,4600.5,4598.25,4598.35,284,
2024-06-28 10:43:00+05:30,4600,4600.8,4598.45,4600.8,540,
2024-06-28 10:44:00+05:30,4600.8,4600.8,4596.75,4596.75,964,
2024-06-28 10:45:00+05:30,4596.75,4600,4596.75,4597.4,410,
2024-06-28 10:46:00+05:30,4597.4,4598.9,4597.4,4597.75,154,
2024-06-28 10:47:00+05:30,4599,4599.95,4597.65,4598.2,91,
2024-06-28 10:48:00+05:30,4598.2,4600,4596.9,4597.45,636,
2024-06-28 10:49:00+05:30,4597.45,4599.95,4596.75,4597.9,210,
2024-06-28 10:50:00+05:30,4597.9,4598.4,4594.25,4594.25,507,
2024-06-28 10:51:00+05:30,4594.25,4594.95,4587,4590.1,2506,
2024-06-28 10:52:00+05:30,4590.1,4591.4,4590,4590,261,
2024-06-28 10:53:00+05:30,4590,4591,4588,4588,211,
2024-06-28 10:54:00+05:30,4588,4589.8,4585,4587.75,574,
2024-06-28 10:55:00+05:30,4587.75,4590.95,4587.05,4590.95,124,
2024-06-28 10:56:00+05:30,4590.95,4590.95,4587.45,4590.6,205,
2024-06-28 10:57:00+05:30,4590.6,4591.75,4590,4591.75,199,
2024-06-28 10:58:00+05:30,4591.75,4591.75,4588.2,4591.45,281,
2024-06-28 10:59:00+05:30,4591.45,4595.05,4588.95,4594.65,474,
2024-06-28 11:00:00+05:30,4594.65,4599,4594.65,4598.6,322,
2024-06-28 11:01:00+05:30,4598.6,4598.6,4594.65,4598,402,
2024-06-28 11:02:00+05:30,4597.5,4600,4597.5,4600,375,
2024-06-28 11:03:00+05:30,4600,4600,4596.05,4597.3,453,
2024-06-28 11:04:00+05:30,4599.7,4599.7,4596.75,4596.75,423,
2024-06-28 11:05:00+05:30,4596.75,4599.45,4596.75,4599,168,
2024-06-28 11:06:00+05:30,4599,4600,4597.5,4600,816,
2024-06-28 11:07:00+05:30,4600,4600,4599.4,4599.45,274,
2024-06-28 11:08:00+05:30,4599.45,4600,4598.7,4598.7,245,
2024-06-28 11:09:00+05:30,4599,4599.95,4597.15,4599.95,247,
2024-06-28 11:10:00+05:30,4600,4600,4598.45,4599.95,307,
2024-06-28 11:11:00+05:30,4598.8,4600,4598.8,4598.95,276,
2024-06-28 11:12:00+05:30,4598.9,4600,4596.15,4599.95,381,
2024-06-28 11:13:00+05:30,4598.65,4600,4598.65,4599.35,205,
2024-06-28 11:14:00+05:30,4599.35,4600,4599,4599.05,1725,
2024-06-28 11:15:00+05:30,4600,4600,4597.55,4597.85,472,
2024-06-28 11:16:00+05:30,4599.75,4599.9,4597.5,4598.9,471,
2024-06-28 11:17:00+05:30,4598.9,4598.9,4597.45,4597.45,324,
2024-06-28 11:18:00+05:30,4597.45,4598,4593.7,4597,497,
2024-06-28 11:19:00+05:30,4597,4597.4,4592.8,4595.35,221,
2024-06-28 11:20:00+05:30,4595.35,4598,4595.05,4597.4,178,
2024-06-28 11:21:00+05:30,4597.4,4597.95,4596,4597.75,340,
2024-06-28 11:22:00+05:30,4597.75,4597.95,4596.05,4596.05,139,
2024-06-28 11:23:00+05:30,4596.05,4599.5,4596.05,4599.45,414,
2024-06-28 11:24:00+05:30,4599.5,4600,4597.95,4598.2,198,
2024-06-28 11:25:00+05:30,4600,4600,4597.95,4600,342,
2024-06-28 11:26:00+05:30,4600,4600,4597.95,4598.2,548,
2024-06-28 11:27:00+05:30,4598.2,4600,4598.05,4600,953,
2024-06-28 11:28:00+05:30,4600,4600,4598.1,4598.1,453,
2024-06-28 11:29:00+05:30,4598.1,4599.5,4597.45,4597.45,326,
2024-06-28 11:30:00+05:30,4599.5,4599.9,4597.7,4599.9,147,
2024-06-28 11:31:00+05:30,4599.9,4600,4597.35,4600,1337,
2024-06-28 11:32:00+05:30,4599.95,4600,4599.65,4600,166,
2024-06-28 11:33:00+05:30,4600,4600,4597.1,4597.1,286,
2024-06-28 11:34:00+05:30,4597.1,4598.6,4595.05,4595.05,330,
2024-06-28 11:35:00+05:30,4595.05,4597.35,4595,4597,511,
2024-06-28 11:36:00+05:30,4597,4598.6,4596.55,4598,287,
2024-06-28 11:37:00+05:30,4598,4598.6,4593.35,4598.55,298,
2024-06-28 11:38:00+05:30,4595.1,4597.05,4592.45,4594.6,391,
2024-06-28 11:39:00+05:30,4594.6,4596,4592.7,4596,168,
2024-06-28 11:40:00+05:30,4596,4596,4593.75,4594.35,522,
2024-06-28 11:41:00+05:30,4594.35,4594.4,4591,4593.05,1275,
2024-06-28 11:42:00+05:30,4593.2,4594.8,4592.55,4592.65,179,
2024-06-28 11:43:00+05:30,4593.5,4594.95,4593.05,4593.05,152,
2024-06-28 11:44:00+05:30,4593.05,4595,4591.6,4595,147,
2024-06-28 11:45:00+05:30,4595,4596.2,4593.1,4593.1,159,
2024-06-28 11:46:00+05:30,4595.15,4596.9,4594.05,4596.25,184,
2024-06-28 11:47:00+05:30,4596.95,4596.95,4595.8,4596.65,163,
2024-06-28 11:48:00+05:30,4596.3,4596.3,4593.6,4593.6,239,
2024-06-28 11:49:00+05:30,4595.2,4596.1,4593.2,4595.45,175,
2024-06-28 11:50:00+05:30,4595.45,4595.45,4593.2,4593.25,159,
2024-06-28 11:51:00+05:30,4593.25,4596,4593.2,4593.95,249,
2024-06-28 11:52:00+05:30,4593.95,4593.95,4590.05,4592.35,400,
2024-06-28 11:53:00+05:30,4592.35,4593.65,4590.55,4593.2,187,
2024-06-28 11:54:00+05:30,4593.2,4593.7,4590.8,4592,189,
2024-06-28 11:55:00+05:30,4592,4594.65,4592,4592.4,410,
2024-06-28 11:56:00+05:30,4592.4,4594.95,4592.4,4594.5,178,
2024-06-28 11:57:00+05:30,4592.45,4594.6,4592.45,4594.5,175,
2024-06-28 11:58:00+05:30,4592.1,4594.3,4590,4594,790,
2024-06-28 11:59:00+05:30,4594,4594.9,4593.05,4594.9,141,
2024-06-28 12:00:00+05:30,4594.9,4595,4593.3,4594.95,154,
2024-06-28 12:01:00+05:30,4594.95,4595,4593.45,4593.6,196,
2024-06-28 12:02:00+05:30,4593.6,4595.8,4593.25,4593.25,343,
2024-06-28 12:03:00+05:30,4595,4595,4593.2,4593.85,172,
2024-06-28 12:04:00+05:30,4593,4595.3,4591,4595.3,734,
2024-06-28 12:05:00+05:30,4595.3,4595.9,4593.05,4595.9,176,
2024-06-28 12:06:00+05:30,4595.9,4596.2,4593.7,4596,196,
2024-06-28 12:07:00+05:30,4596,4596,4592.8,4592.8,349,
2024-06-28 12:08:00+05:30,4592.8,4595,4592.8,4595,164,
2024-06-28 12:09:00+05:30,4595,4596,4593,4596,206,
2024-06-28 12:10:00+05:30,4596,4598.6,4595.1,4598.6,227,
2024-06-28 12:11:00+05:30,4598.6,4598.8,4593.35,4593.9,578,
2024-06-28 12:12:00+05:30,4593.95,4595.45,4588.7,4590,936,
2024-06-28 12:13:00+05:30,4590,4593,4586,4590,1004,
2024-06-28 12:14:00+05:30,4590,4592.1,4587.25,4589,507,
2024-06-28 12:15:00+05:30,4589,4593,4589,4590,1645,
2024-06-28 12:16:00+05:30,4590,4593.4,4590,4592.55,580,
2024-06-28 12:17:00+05:30,4592.45,4592.45,4587.25,4587.25,360,
2024-06-28 12:18:00+05:30,4587.25,4589.9,4587.25,4589.3,137,
2024-06-28 12:19:00+05:30,4589.3,4590.2,4588.65,4589.85,144,
2024-06-28 12:20:00+05:30,4589.85,4590,4586.5,4586.5,616,
2024-06-28 12:21:00+05:30,4586.5,4586.55,4580,4581.8,880,
2024-06-28 12:22:00+05:30,4581.8,4584.95,4580,4582,570,
2024-06-28 12:23:00+05:30,4582,4587.5,4580.5,4587.2,858,
2024-06-28 12:24:00+05:30,4587.2,4589.8,4585.05,4589.8,185,
2024-06-28 12:25:00+05:30,4589.8,4590,4585.65,4587.1,168,
2024-06-28 12:26:00+05:30,4587.1,4589.95,4587.1,4589.95,163,
2024-06-28 12:27:00+05:30,4589.6,4590.55,4587.05,4590.55,418,
2024-06-28 12:28:00+05:30,4590.55,4590.55,4584,4584,159,
2024-06-28 12:29:00+05:30,4585,4587,4581.35,4581.35,311,
2024-06-28 12:30:00+05:30,4583.55,4583.55,4580.05,4580.45,181,
2024-06-28 12:31:00+05:30,4580.45,4582.4,4578,4579.35,195,
2024-06-28 12:32:00+05:30,4579.4,4583.6,4579.4,4583,77,
2024-06-28 12:33:00+05:30,4583,4583,4578,4578,247,
2024-06-28 12:34:00+05:30,4578,4578,4573,4573,481,
2024-06-28 12:35:00+05:30,4573,4575.4,4572,4575.4,248,
2024-06-28 12:36:00+05:30,4573,4579.4,4573,4578.8,282,
2024-06-28 12:37:00+05:30,4578.8,4579.6,4575,4575,164,
2024-06-28 12:38:00+05:30,4575,4580.3,4575,4578.6,333,
2024-06-28 12:39:00+05:30,4578.6,4580.3,4575.75,4578.45,287,
2024-06-28 12:40:00+05:30,4578.45,4578.75,4577.25,4577.25,81,
2024-06-28 12:41:00+05:30,4577.25,4578.8,4575.35,4576.2,206,
2024-06-28 12:42:00+05:30,4576.2,4578.2,4576,4576,91,
2024-06-28 12:43:00+05:30,4576,4576.3,4572.9,4574.7,511,
2024-06-28 12:44:00+05:30,4574.7,4577.25,4573.15,4573.3,139,
2024-06-28 12:45:00+05:30,4573.3,4578.15,4573.3,4578,95,
2024-06-28 12:46:00+05:30,4578,4580.05,4576.15,4577.2,382,
2024-06-28 12:47:00+05:30,4577.2,4579.1,4576.2,4578,142,
2024-06-28 12:48:00+05:30,4578,4578,4574,4575,424,
2024-06-28 12:49:00+05:30,4575,4577.7,4574.95,4577.7,225,
2024-06-28 12:50:00+05:30,4577.7,4578,4575,4575.25,378,
2024-06-28 12:51:00+05:30,4575.25,4577.1,4574.75,4575,260,
2024-06-28 12:52:00+05:30,4575,4576.55,4573.1,4575.05,226,
2024-06-28 12:53:00+05:30,4575.05,4577.55,4575.05,4576.9,88,
2024-06-28 12:54:00+05:30,4576.9,4576.9,4573,4573,229,
2024-06-28 12:55:00+05:30,4573,4574.1,4573,4573.85,374,
2024-06-28 12:56:00+05:30,4573.85,4573.95,4573,4573.75,80,
2024-06-28 12:57:00+05:30,4573.75,4574.25,4573,4573.75,392,
2024-06-28 12:58:00+05:30,4573.75,4574.2,4567.2,4567.2,750,
2024-06-28 12:59:00+05:30,4567.2,4574,4567.2,4573.9,125,
2024-06-28 13:00:00+05:30,4572.5,4572.5,4565.7,4570.05,542,
2024-06-28 13:01:00+05:30,4570.05,4570.05,4566.35,4566.85,8551,
2024-06-28 13:02:00+05:30,4566.85,4569.05,4566.85,4569,83,
2024-06-28 13:03:00+05:30,4569,4570.9,4568,4570.9,247,
2024-06-28 13:04:00+05:30,4570.9,4571.85,4566.1,4568,971,
2024-06-28 13:05:00+05:30,4567.1,4570.95,4565.65,4565.65,287,
2024-06-28 13:06:00+05:30,4565.65,4568,4565.4,4565.85,117,
2024-06-28 13:07:00+05:30,4565.85,4568,4565.8,4568,81,
2024-06-28 13:08:00+05:30,4568,4569.95,4567.75,4569.95,124,
2024-06-28 13:09:00+05:30,4569.95,4570,4567.7,4567.9,490,
2024-06-28 13:10:00+05:30,4569.65,4569.65,4565.75,4566,264,
2024-06-28 13:11:00+05:30,4566,4569.35,4566,4566.55,468,
2024-06-28 13:12:00+05:30,4566.55,4569.7,4566.55,4568.75,77,
2024-06-28 13:13:00+05:30,4566.95,4568.55,4566.1,4568.3,172,
2024-06-28 13:14:00+05:30,4568.3,4569,4566.4,4567.35,170,
2024-06-28 13:15:00+05:30,4569,4569,4566.95,4569,198,
2024-06-28 13:16:00+05:30,4569,4570,4567.6,4569.45,393,
2024-06-28 13:17:00+05:30,4569.45,4570,4567.15,4567.95,161,
2024-06-28 13:18:00+05:30,4567.55,4570.75,4567.55,4570.75,98,
2024-06-28 13:19:00+05:30,4570.75,4570.75,4568.1,4568.4,206,
2024-06-28 13:20:00+05:30,4568.4,4570.85,4568.15,4570.65,154,
2024-06-28 13:21:00+05:30,4570.65,4572,4568.45,4571.95,93,
2024-06-28 13:22:00+05:30,4571.95,4572,4570.9,4570.9,116,
2024-06-28 13:23:00+05:30,4570.9,4576.7,4570.9,4576.7,601,
2024-06-28 13:24:00+05:30,4576.7,4580,4576.7,4579.95,199,
2024-06-28 13:25:00+05:30,4579.95,4584.45,4579.95,4583.15,981,
2024-06-28 13:26:00+05:30,4583.05,4584,4580.45,4583.5,342,
2024-06-28 13:27:00+05:30,4583.5,4584.65,4581.6,4583.9,239,
2024-06-28 13:28:00+05:30,4583.9,4584.65,4582.05,4584.5,108,
2024-06-28 13:29:00+05:30,4584.5,4588.3,4584.5,4585.05,701,
2024-06-28 13:30:00+05:30,4586.9,4587.35,4586,4586,201,
2024-06-28 13:31:00+05:30,4587,4590,4586.5,4589,350,
2024-06-28 13:32:00+05:30,4589,4590,4587.65,4587.65,492,
2024-06-28 13:33:00+05:30,4587.65,4588.7,4586.05,4586.05,505,
2024-06-28 13:34:00+05:30,4587.55,4587.55,4582.15,4582.15,769,
2024-06-28 13:35:00+05:30,4581.8,4584.6,4580.7,4584.55,155,
2024-06-28 13:36:00+05:30,4583.1,4585,4582.45,4585,331,
2024-06-28 13:37:00+05:30,4585,4585,4582.65,4584.55,82,
2024-06-28 13:38:00+05:30,4584.55,4584.85,4582.5,4584,142,
2024-06-28 13:39:00+05:30,4584,4584,4580,4581,904,
2024-06-28 13:40:00+05:30,4581,4582,4580,4580.1,325,
2024-06-28 13:41:00+05:30,4580.1,4583,4580.1,4582,85,
2024-06-28 13:42:00+05:30,4582,4585,4582,4585,413,
2024-06-28 13:43:00+05:30,4585,4585,4583,4584.7,91,
2024-06-28 13:44:00+05:30,4584.7,4586.15,4582,4584.85,272,
2024-06-28 13:45:00+05:30,4584.85,4585,4580.9,4585,79,
2024-06-28 13:46:00+05:30,4585,4585,4582.15,4585,97,
2024-06-28 13:47:00+05:30,4585,4585,4582,4582,63,
2024-06-28 13:48:00+05:30,4583.85,4586,4582.6,4586,490,
2024-06-28 13:49:00+05:30,4586,4586,4581.9,4583.3,186,
2024-06-28 13:50:00+05:30,4583.3,4585.1,4583.3,4584.35,69,
2024-06-28 13:51:00+05:30,4584.35,4584.6,4583.15,4583.95,276,
2024-06-28 13:52:00+05:30,4583.95,4585.05,4581.55,4583.7,89,
2024-06-28 13:53:00+05:30,4583.7,4583.7,4580,4581.45,99,
2024-06-28 13:54:00+05:30,4581.45,4583,4580.65,4582.6,96,
2024-06-28 13:55:00+05:30,4582.7,4583.2,4580.75,4582.5,61,
2024-06-28 13:56:00+05:30,4580.75,4583.25,4580.4,4580.95,127,
2024-06-28 13:57:00+05:30,4580.95,4583.65,4580.95,4583,62,
2024-06-28 13:58:00+05:30,4583,4585,4583,4583,147,
2024-06-28 13:59:00+05:30,4583,4584.7,4583,4583,144,
2024-06-28 14:00:00+05:30,4583,4584,4581.4,4584,106,
2024-06-28 14:01:00+05:30,4584,4584,4580.7,4582.95,141,
2024-06-28 14:02:00+05:30,4582.95,4584.75,4581.75,4584.75,99,
2024-06-28 14:03:00+05:30,4584.05,4585.3,4584.05,4585.3,217,
2024-06-28 14:04:00+05:30,4585.3,4585.3,4581.45,4583.55,111,
2024-06-28 14:05:00+05:30,4583.55,4585.5,4583.55,4585.5,272,
2024-06-28 14:06:00+05:30,4585.5,4585.95,4581.2,4582.3,287,
2024-06-28 14:07:00+05:30,4582.3,4585.1,4582.3,4584.8,73,
2024-06-28 14:08:00+05:30,4584.8,4584.8,4582.1,4584,69,
2024-06-28 14:09:00+05:30,4584,4584.9,4581.05,4581.8,503,
2024-06-28 14:10:00+05:30,4581.8,4584.85,4581.8,4582.6,147,
2024-06-28 14:11:00+05:30,4582.6,4584.2,4581,4582.9,172,
2024-06-28 14:12:00+05:30,4582.9,4583.6,4581,4583.6,70,
2024-06-28 14:13:00+05:30,4583.6,4584.25,4581.1,4584.25,152,
2024-06-28 14:14:00+05:30,4584.25,4584.25,4581.15,4581.15,72,
2024-06-28 14:15:00+05:30,4581.15,4584.3,4581.1,4581.15,161,
2024-06-28 14:16:00+05:30,4581.15,4588,4581.15,4584.3,527,
2024-06-28 14:17:00+05:30,4584.3,4586.1,4584.3,4586.1,104,
2024-06-28 14:18:00+05:30,4586.1,4588,4583,4583.25,389,
2024-06-28 14:19:00+05:30,4583.25,4584.95,4582,4584.95,475,
2024-06-28 14:20:00+05:30,4584.95,4584.95,4582,4582,98,
2024-06-28 14:21:00+05:30,4582,4583.5,4581,4581.05,216,
2024-06-28 14:22:00+05:30,4581.05,4585.1,4581.05,4581.25,525,
2024-06-28 14:23:00+05:30,4581.25,4582.55,4580,4580,1401,
2024-06-28 14:24:00+05:30,4580,4583,4580,4583,215,
2024-06-28 14:25:00+05:30,4583,4585.1,4583,4585.1,378,
2024-06-28 14:26:00+05:30,4584,4587,4584,4585,299,
2024-06-28 14:27:00+05:30,4585,4585,4584.95,4584.95,59,
2024-06-28 14:28:00+05:30,4584.95,4586.25,4584.95,4586.25,72,
2024-06-28 14:29:00+05:30,4586.25,4586.25,4581.7,4583.8,83,
2024-06-28 14:30:00+05:30,4583.7,4585.35,4582.1,4584.4,103,
2024-06-28 14:31:00+05:30,4584.4,4585.85,4583.85,4583.85,85,
2024-06-28 14:32:00+05:30,4583.85,4583.85,4576.9,4577.5,281,
2024-06-28 14:33:00+05:30,4578,4581,4577.25,4577.25,177,
2024-06-28 14:34:00+05:30,4577.25,4584.35,4577.25,4584.2,301,
2024-06-28 14:35:00+05:30,4584.2,4584.2,4580.95,4584.15,293,
2024-06-28 14:36:00+05:30,4582.05,4584.15,4580.45,4584.1,521,
2024-06-28 14:37:00+05:30,4584.05,4586.95,4584,4585,229,
2024-06-28 14:38:00+05:30,4585,4587,4583.4,4586.95,302,
2024-06-28 14:39:00+05:30,4586.95,4587,4584.15,4584.3,394,
2024-06-28 14:40:00+05:30,4587,4589.95,4586,4589,550,
2024-06-28 14:41:00+05:30,4589,4589.55,4587.05,4589.4,292,
2024-06-28 14:42:00+05:30,4586.8,4589,4586,4588.65,238,
2024-06-28 14:43:00+05:30,4588.65,4588.65,4585.25,4585.25,158,
2024-06-28 14:44:00+05:30,4585.45,4588.5,4585.4,4588.5,397,
2024-06-28 14:45:00+05:30,4588.5,4588.5,4582.25,4588.5,1478,
2024-06-28 14:46:00+05:30,4588.5,4600,4588.45,4598.85,2024,
2024-06-28 14:47:00+05:30,4598.85,4600,4597,4600,2438,
2024-06-28 14:48:00+05:30,4600,4600,4598.05,4599.9,568,
2024-06-28 14:49:00+05:30,4599.9,4600,4597.5,4599.8,1044,
2024-06-28 14:50:00+05:30,4598.65,4599.8,4594.55,4596.6,1367,
2024-06-28 14:51:00+05:30,4597.95,4600,4593.05,4596.65,1708,
2024-06-28 14:52:00+05:30,4596.65,4599.95,4596,4596.3,621,
2024-06-28 14:53:00+05:30,4596.3,4599,4596.3,4599,277,
2024-06-28 14:54:00+05:30,4599,4600,4598.95,4599.95,581,
2024-06-28 14:55:00+05:30,4599.95,4600,4599.95,4600,12127,
2024-06-28 14:56:00+05:30,4600,4600,4599,4599.1,786,
2024-06-28 14:57:00+05:30,4599.1,4600,4596.45,4598.7,756,
2024-06-28 14:58:00+05:30,4598.7,4599.95,4596.95,4597.55,612,
2024-06-28 14:59:00+05:30,4597.55,4600,4597.55,4599.15,967,
2024-06-28 15:00:00+05:30,4598.8,4600,4597.7,4597.85,2675,
2024-06-28 15:01:00+05:30,4597.85,4599,4597.85,4598.45,2319,
2024-06-28 15:02:00+05:30,4598.45,4599,4594.45,4595.8,2399,
2024-06-28 15:03:00+05:30,4594.55,4599.9,4594.55,4599.85,2029,
2024-06-28 15:04:00+05:30,4599.85,4600,4596,4598.15,2572,
2024-06-28 15:05:00+05:30,4598.35,4600,4598.35,4600,4871,
2024-06-28 15:06:00+05:30,4599.95,4605,4599.95,4604.45,2077,
2024-06-28 15:07:00+05:30,4605,4605,4598.25,4598.35,4818,
2024-06-28 15:08:00+05:30,4598.8,4600,4598.35,4599.95,1947,
2024-06-28 15:09:00+05:30,4599.95,4601.95,4599.95,4599.95,3835,
2024-06-28 15:10:00+05:30,4599.95,4600,4595.9,4596.5,4005,
2024-06-28 15:11:00+05:30,4596.7,4596.7,4592,4593.25,2253,
2024-06-28 15:12:00+05:30,4593.25,4594.4,4590,4590.2,3389,
2024-06-28 15:13:00+05:30,4590.2,4593.7,4590.2,4593.2,2017,
2024-06-28 15:14:00+05:30,4593.2,4595.4,4593.2,4595.2,2031,
2024-06-28 15:15:00+05:30,4595.15,4600,4595.15,4600,4329,
2024-06-28 15:16:00+05:30,4600,4600,4596.5,4598.15,5060,
2024-06-28 15:17:00+05:30,4598.15,4600,4598.15,4599.55,2288,
2024-06-28 15:18:00+05:30,4599.5,4599.5,4594.5,4595.25,2768,
2024-06-28 15:19:00+05:30,4595.25,4598.6,4588.05,4588.05,4000,
2024-06-28 15:20:00+05:30,4588.05,4588.4,4583.05,4585.55,5799,
2024-06-28 15:21:00+05:30,4584.4,4587.85,4584.4,4587.8,2179,
2024-06-28 15:22:00+05:30,4587.85,4592.95,4587.8,4592.95,1413,
2024-06-28 15:23:00+05:30,4593.95,4595.45,4592.95,4594.65,3691,
2024-06-28 15:24:00+05:30,4594.55,4595.9,4594.55,4595.7,2317,
2024-06-28 15:25:00+05:30,4595.9,4596.8,4595.7,4596.8,1823,
2024-06-28 15:26:00+05:30,4596.9,4600,4596.85,4599.85,2064,
2024-06-28 15:27:00+05:30,4599.85,4600,4592,4592.4,2404,
2024-06-28 15:28:00+05:30,4596,4599,4591,4595.75,1458,
2024-06-28 15:29:00+05:30,4595.75,4599,4590,4599,446,
2024-07-01 09:15:00+05:30,4596.45,4606.45,4584.1,4589.7,1457,
2024-07-01 09:16:00+05:30,4589.7,4599.95,4585.85,4591,891,
2024-07-01 09:17:00+05:30,4591,4596.45,4586.2,4596.15,980,
2024-07-01 09:18:00+05:30,4592.65,4596.2,4592,4592.85,152,
2024-07-01 09:19:00+05:30,4590,4593.35,4586.15,4588.3,410,
2024-07-01 09:20:00+05:30,4586.3,4590.55,4585,4586,875,
2024-07-01 09:21:00+05:30,4590,4596.15,4586.6,4586.6,915,
2024-07-01 09:22:00+05:30,4586.7,4592.95,4586.7,4590.4,89,
2024-07-01 09:23:00+05:30,4590.55,4593.75,4590.55,4593.15,104,
2024-07-01 09:24:00+05:30,4593.15,4593.6,4590.95,4593.4,45,
2024-07-01 09:25:00+05:30,4591.3,4591.75,4588.7,4588.7,254,
2024-07-01 09:26:00+05:30,4588.7,4597.5,4588,4592.55,1831,
2024-07-01 09:27:00+05:30,4592.45,4593.95,4591.3,4593.95,229,
2024-07-01 09:28:00+05:30,4593.95,4593.95,4589.05,4591,545,
2024-07-01 09:29:00+05:30,4591,4592,4588.25,4590.9,210,
2024-07-01 09:30:00+05:30,4590.9,4590.9,4580.65,4580.65,674,
2024-07-01 09:31:00+05:30,4581.85,4581.85,4572.75,4574.25,1271,
2024-07-01 09:32:00+05:30,4574.35,4575,4570,4571.85,775,
2024-07-01 09:33:00+05:30,4571.85,4574.4,4569.85,4570,281,
2024-07-01 09:34:00+05:30,4570,4570.05,4566.5,4567.3,247,
2024-07-01 09:35:00+05:30,4565.65,4570.95,4565.45,4567.3,2034,
2024-07-01 09:36:00+05:30,4569.4,4569.4,4565.45,4567.45,270,
2024-07-01 09:37:00+05:30,4567.45,4572.45,4565.3,4567,731,
2024-07-01 09:38:00+05:30,4566.1,4567.8,4563.65,4565.6,600,
2024-07-01 09:39:00+05:30,4564.05,4566.05,4559.1,4561,929,
2024-07-01 09:40:00+05:30,4559.15,4565.95,4559.1,4565.95,438,
2024-07-01 09:41:00+05:30,4562.05,4564.35,4552.85,4552.85,1865,
2024-07-01 09:42:00+05:30,4555.85,4570.1,4552.8,4562.05,5894,
2024-07-01 09:43:00+05:30,4562.05,4564.8,4559.05,4564,454,
2024-07-01 09:44:00+05:30,4564,4564,4562.8,4564,126,
2024-07-01 09:45:00+05:30,4564,4564,4560,4561.05,319,
2024-07-01 09:46:00+05:30,4561.05,4565,4561.05,4565,518,
2024-07-01 09:47:00+05:30,4565,4569.95,4564,4569.95,175,
2024-07-01 09:48:00+05:30,4569.95,4569.95,4566.05,4569.05,439,
2024-07-01 09:49:00+05:30,4570.65,4574,4569.1,4572.1,367,
2024-07-01 09:50:00+05:30,4571.65,4573.9,4571,4573.2,144,
2024-07-01 09:51:00+05:30,4573.2,4573.2,4569,4569,91,
2024-07-01 09:52:00+05:30,4571,4571,4566.85,4568.85,232,
2024-07-01 09:53:00+05:30,4568.85,4569.1,4567.05,4569.1,147,
2024-07-01 09:54:00+05:30,4569.25,4569.25,4568.85,4569.25,106,
2024-07-01 09:55:00+05:30,4569.25,4569.25,4566.6,4566.6,341,
2024-07-01 09:56:00+05:30,4569.15,4569.25,4565.5,4567.55,406,
2024-07-01 09:57:00+05:30,4567.55,4567.55,4561,4563.9,478,
2024-07-01 09:58:00+05:30,4563.9,4563.9,4561.75,4562.5,144,
2024-07-01 09:59:00+05:30,4562.5,4563.8,4560,4562,410,
2024-07-01 10:00:00+05:30,4560.55,4567.4,4560.55,4566.7,821,
2024-07-01 10:01:00+05:30,4565.1,4567.95,4563.1,4566.55,133,
2024-07-01 10:02:00+05:30,4566.55,4570,4566.55,4570,77,
2024-07-01 10:03:00+05:30,4570,4571.65,4567.5,4568.7,134,
2024-07-01 10:04:00+05:30,4571.2,4571.2,4567.55,4568.05,385,
2024-07-01 10:05:00+05:30,4570,4570,4568,4569,42,
2024-07-01 10:06:00+05:30,4569.7,4569.8,4562.6,4564.5,430,
2024-07-01 10:07:00+05:30,4564.5,4564.5,4562.2,4562.2,82,
2024-07-01 10:08:00+05:30,4564.4,4564.4,4561,4562.25,427,
2024-07-01 10:09:00+05:30,4562.25,4562.25,4559.8,4561.65,247,
2024-07-01 10:10:00+05:30,4561.65,4561.65,4557.75,4557.75,202,
2024-07-01 10:11:00+05:30,4558,4558,4555.05,4555.75,165,
2024-07-01 10:12:00+05:30,4556.45,4556.45,4551,4553.3,746,
2024-07-01 10:13:00+05:30,4554,4554,4548.05,4548.05,550,
2024-07-01 10:14:00+05:30,4550,4551.5,4541.7,4543.6,1697,
2024-07-01 10:15:00+05:30,4543.65,4544.9,4540.75,4544.4,743,
2024-07-01 10:16:00+05:30,4544.4,4544.7,4540.2,4543.05,1161,
2024-07-01 10:17:00+05:30,4543.05,4548.25,4542.9,4545,665,
2024-07-01 10:18:00+05:30,4546.95,4553.35,4546.85,4553.3,702,
2024-07-01 10:19:00+05:30,4552.45,4552.9,4550,4552.9,214,
2024-07-01 10:20:00+05:30,4552.9,4552.95,4548.4,4551.55,87,
2024-07-01 10:21:00+05:30,4551.55,4553.5,4550,4553.45,278,
2024-07-01 10:22:00+05:30,4553.45,4553.5,4551,4551,85,
2024-07-01 10:23:00+05:30,4551,4553.4,4551,4553.4,70,
2024-07-01 10:24:00+05:30,4553.4,4553.4,4551.7,4551.7,75,
2024-07-01 10:25:00+05:30,4551.7,4553.5,4551.7,4553.5,174,
2024-07-01 10:26:00+05:30,4553.5,4559.95,4551.6,4559.1,608,
2024-07-01 10:27:00+05:30,4558.65,4558.65,4553.25,4557.45,302,
2024-07-01 10:28:00+05:30,4557.45,4558,4555.75,4557.85,83,
2024-07-01 10:29:00+05:30,4557.8,4557.8,4555,4556,83,
2024-07-01 10:30:00+05:30,4556,4556,4552.05,4554.95,422,
2024-07-01 10:31:00+05:30,4554.95,4554.95,4553,4554,56,
2024-07-01 10:32:00+05:30,4554,4554,4548.8,4550,670,
2024-07-01 10:33:00+05:30,4550,4550.8,4547.3,4547.3,114,
2024-07-01 10:34:00+05:30,4547.4,4549.6,4547.05,4549,72,
2024-07-01 10:35:00+05:30,4549,4549,4545.3,4548.75,110,
2024-07-01 10:36:00+05:30,4548.7,4548.7,4548.5,4548.5,26,
2024-07-01 10:37:00+05:30,4548.5,4548.5,4546.6,4548.45,43,
2024-07-01 10:38:00+05:30,4548.45,4548.45,4545.5,4545.6,193,
2024-07-01 10:39:00+05:30,4545.3,4551.75,4545.3,4551.5,581,
2024-07-01 10:40:00+05:30,4551.45,4552.15,4546.35,4546.85,201,
2024-07-01 10:41:00+05:30,4546.85,4550,4545.25,4549.05,251,
2024-07-01 10:42:00+05:30,4549.1,4549.4,4546.6,4549.05,58,
2024-07-01 10:43:00+05:30,4549.05,4551.2,4547.05,4551,231,
2024-07-01 10:44:00+05:30,4551.15,4551.85,4548.9,4551.85,143,
2024-07-01 10:45:00+05:30,4551.85,4553,4548.15,4553,241,
2024-07-01 10:46:00+05:30,4552.25,4552.45,4548.15,4548.15,40,
2024-07-01 10:47:00+05:30,4548.15,4552.1,4548,4550.05,405,
2024-07-01 10:48:00+05:30,4551.2,4554,4545.4,4547.7,1635,
2024-07-01 10:49:00+05:30,4547.7,4549.5,4545.25,4545.3,278,
2024-07-01 10:50:00+05:30,4545.2,4547.55,4542.25,4546.15,432,
2024-07-01 10:51:00+05:30,4546.15,4547.4,4545,4547.4,83,
2024-07-01 10:52:00+05:30,4547.4,4547.4,4547,4547.15,78,
2024-07-01 10:53:00+05:30,4547.4,4547.85,4545.05,4545.05,536,
2024-07-01 10:54:00+05:30,4547.85,4550.5,4547.85,4548.05,68,
2024-07-01 10:55:00+05:30,4549.9,4549.95,4547.9,4548.15,59,
2024-07-01 10:56:00+05:30,4549.95,4549.95,4547.95,4547.95,43,
2024-07-01 10:57:00+05:30,4547.95,4547.95,4543.5,4545.15,205,
2024-07-01 10:58:00+05:30,4543.05,4544.95,4542.8,4542.8,224,
2024-07-01 10:59:00+05:30,4542.8,4548,4542,4548,644,
2024-07-01 11:00:00+05:30,4548,4550.5,4547.1,4550.35,445,
2024-07-01 11:01:00+05:30,4550.35,4550.7,4548,4548,388,
2024-07-01 11:02:00+05:30,4548,4549.1,4544.35,4547.2,1029,
2024-07-01 11:03:00+05:30,4547.2,4547.95,4545.5,4547.95,143,
2024-07-01 11:04:00+05:30,4547.2,4549.45,4545.05,4549.45,319,
2024-07-01 11:05:00+05:30,4548.85,4549.5,4547.2,4549.5,135,
2024-07-01 11:06:00+05:30,4549,4549.5,4544.6,4547.8,167,
2024-07-01 11:07:00+05:30,4547.55,4547.55,4544.45,4546.85,345,
2024-07-01 11:08:00+05:30,4546.9,4549,4546.8,4549,201,
2024-07-01 11:09:00+05:30,4549.2,4551.9,4549.2,4551.9,167,
2024-07-01 11:10:00+05:30,4551.95,4552.35,4549.75,4551.85,265,
2024-07-01 11:11:00+05:30,4551.9,4552.15,4550.05,4550.2,173,
2024-07-01 11:12:00+05:30,4552.1,4552.1,4549.95,4549.95,138,
2024-07-01 11:13:00+05:30,4551.5,4557.7,4551.5,4556.5,1032,
2024-07-01 11:14:00+05:30,4556.8,4566,4556.8,4562.9,5048,
2024-07-01 11:15:00+05:30,4561.05,4563.9,4560.05,4563.6,709,
2024-07-01 11:16:00+05:30,4563.6,4563.8,4560.75,4561.55,327,
2024-07-01 11:17:00+05:30,4563,4563.9,4561.35,4563.85,283,
2024-07-01 11:18:00+05:30,4563.8,4563.8,4557,4559.85,522,
2024-07-01 11:19:00+05:30,4560.8,4562.1,4552.75,4553.55,23703,
2024-07-01 11:20:00+05:30,4553.55,4556.7,4553.55,4555,185,
2024-07-01 11:21:00+05:30,4555.75,4555.95,4554,4555.75,185,
2024-07-01 11:22:00+05:30,4555.75,4558.05,4554.45,4554.8,181,
2024-07-01 11:23:00+05:30,4552.55,4556.75,4552.55,4555.1,871,
2024-07-01 11:24:00+05:30,4554.8,4555,4550.3,4550.35,206,
2024-07-01 11:25:00+05:30,4550.35,4552.95,4549,4550.75,256,
2024-07-01 11:26:00+05:30,4550.8,4550.85,4546,4548.65,511,
2024-07-01 11:27:00+05:30,4548.45,4549.45,4546.15,4546.6,217,
2024-07-01 11:28:00+05:30,4546.6,4550.05,4546.05,4546.05,296,
2024-07-01 11:29:00+05:30,4546.05,4554.75,4546.05,4552.85,337,
2024-07-01 11:30:00+05:30,4552.85,4553.95,4550.95,4553.95,161,
2024-07-01 11:31:00+05:30,4553.95,4553.95,4551,4551,171,
2024-07-01 11:32:00+05:30,4551,4552.75,4546.75,4550,403,
2024-07-01 11:33:00+05:30,4550,4551.2,4548.6,4551.2,220,
2024-07-01 11:34:00+05:30,4551.2,4552.95,4548.9,4550.1,238,
2024-07-01 11:35:00+05:30,4550.1,4552.65,4550.1,4551.9,254,
2024-07-01 11:36:00+05:30,4551.9,4553.2,4550,4552.15,604,
2024-07-01 11:37:00+05:30,4552.15,4555,4550.55,4555,267,
2024-07-01 11:38:00+05:30,4555,4558,4553.5,4556,312,
2024-07-01 11:39:00+05:30,4556,4560,4554.95,4558.6,1033,
2024-07-01 11:40:00+05:30,4558.6,4560,4556.6,4560,310,
2024-07-01 11:41:00+05:30,4560,4560,4557.5,4560,298,
2024-07-01 11:42:00+05:30,4560,4560,4559.35,4560,229,
2024-07-01 11:43:00+05:30,4560,4560,4556.8,4558.8,346,
2024-07-01 11:44:00+05:30,4558.8,4560,4556.1,4559.65,463,
2024-07-01 11:45:00+05:30,4559.85,4560,4557.5,4557.5,343,
2024-07-01 11:46:00+05:30,4557.5,4560,4557.5,4560,284,
2024-07-01 11:47:00+05:30,4560,4560,4557.25,4560,356,
2024-07-01 11:48:00+05:30,4560,4560,4557.6,4560,316,
2024-07-01 11:49:00+05:30,4560,4560.05,4557.85,4560,497,
2024-07-01 11:50:00+05:30,4560,4560,4558,4560,439,
2024-07-01 11:51:00+05:30,4560,4560,4558.05,4558.7,368,
2024-07-01 11:52:00+05:30,4559.8,4560,4557.85,4560,355,
2024-07-01 11:53:00+05:30,4558.85,4560,4557,4559.1,584,
2024-07-01 11:54:00+05:30,4559.1,4560,4552.55,4552.55,601,
2024-07-01 11:55:00+05:30,4555,4556.9,4551.75,4555.25,1512,
2024-07-01 11:56:00+05:30,4555.25,4557.6,4552.55,4555.6,680,
2024-07-01 11:57:00+05:30,4555.6,4560,4555.25,4558.35,1908,
2024-07-01 11:58:00+05:30,4558.35,4565.25,4556.6,4565.25,4095,
2024-07-01 11:59:00+05:30,4566.75,4566.8,4561.85,4561.95,755,
2024-07-01 12:00:00+05:30,4561.95,4564.4,4561.4,4562,818,
2024-07-01 12:01:00+05:30,4562.35,4563.35,4562,4562.2,535,
2024-07-01 12:02:00+05:30,4562.2,4563.1,4561.25,4561.3,584,
2024-07-01 12:03:00+05:30,4561.3,4562.75,4561,4561.05,770,
2024-07-01 12:04:00+05:30,4561.05,4562.75,4560.1,4562.4,891,
2024-07-01 12:05:00+05:30,4562.4,4564.25,4561.6,4562.75,659,
2024-07-01 12:06:00+05:30,4562.75,4567,4562.75,4563.5,4011,
2024-07-01 12:07:00+05:30,4562.75,4564.55,4562,4563.7,824,
2024-07-01 12:08:00+05:30,4564.65,4564.85,4560.1,4560.15,604,
2024-07-01 12:09:00+05:30,4560.15,4562.5,4560.15,4561.05,535,
2024-07-01 12:10:00+05:30,4561.05,4564.95,4561,4563.8,1759,
2024-07-01 12:11:00+05:30,4563.8,4565,4562.1,4565,609,
2024-07-01 12:12:00+05:30,4565,4565.85,4562.45,4565.85,827,
2024-07-01 12:13:00+05:30,4565.9,4565.95,4563,4563.9,589,
2024-07-01 12:14:00+05:30,4566,4566.95,4562.2,4563.45,540,
2024-07-01 12:15:00+05:30,4563.45,4565.5,4562,4562.85,790,
2024-07-01 12:16:00+05:30,4562.85,4564.95,4562.2,4563.05,884,
2024-07-01 12:17:00+05:30,4563.05,4564.5,4563,4564.05,908,
2024-07-01 12:18:00+05:30,4564.05,4565.65,4563,4564.55,1827,
2024-07-01 12:19:00+05:30,4564.55,4565,4564,4564.3,546,
2024-07-01 12:20:00+05:30,4564.3,4566.95,4564,4564.1,658,
2024-07-01 12:21:00+05:30,4564.1,4566.25,4564,4565.25,1853,
2024-07-01 12:22:00+05:30,4565.25,4565.9,4565,4565.1,683,
2024-07-01 12:23:00+05:30,4565.1,4566.45,4565,4565.05,617,
2024-07-01 12:24:00+05:30,4565.5,4566.6,4565,4565.45,574,
2024-07-01 12:25:00+05:30,4565.45,4566.6,4563.2,4563.2,554,
2024-07-01 12:26:00+05:30,4563.2,4564.75,4562.05,4563.05,452,
2024-07-01 12:27:00+05:30,4563.45,4566.9,4562.25,4565.55,697,
2024-07-01 12:28:00+05:30,4565.55,4566.65,4565,4565.25,571,
2024-07-01 12:29:00+05:30,4565.25,4566.9,4565,4565.5,663,
2024-07-01 12:30:00+05:30,4566.6,4566.6,4560,4560.9,986,
2024-07-01 12:31:00+05:30,4560.9,4562.5,4555.05,4555.8,564,
2024-07-01 12:32:00+05:30,4555.8,4555.85,4545,4547.9,1165,
2024-07-01 12:33:00+05:30,4548.4,4550,4543,4543.55,2276,
2024-07-01 12:34:00+05:30,4543.75,4544.2,4541.4,4542.05,942,
2024-07-01 12:35:00+05:30,4542.05,4543.45,4540.25,4540.85,837,
2024-07-01 12:36:00+05:30,4540.85,4556.1,4540.75,4551.3,4864,
2024-07-01 12:37:00+05:30,4551.3,4553,4550.05,4552.5,651,
2024-07-01 12:38:00+05:30,4552.5,4552.6,4550.5,4550.6,585,
2024-07-01 12:39:00+05:30,4551.95,4552,4550.05,4550.05,533,
2024-07-01 12:40:00+05:30,4550.05,4552.65,4549.2,4551.1,161031,
2024-07-01 12:41:00+05:30,4551.1,4553,4550,4552.4,757,
2024-07-01 12:42:00+05:30,4552.4,4556.05,4552.1,4553.45,883,
2024-07-01 12:43:00+05:30,4552.75,4555,4551.7,4553.85,470,
2024-07-01 12:44:00+05:30,4552.2,4558.05,4552,4556.3,959,
2024-07-01 12:45:00+05:30,4557.55,4560.8,4555.45,4560.7,984,
2024-07-01 12:46:00+05:30,4560.7,4565,4559.5,4564.35,831,
2024-07-01 12:47:00+05:30,4564.35,4564.4,4559.5,4562.6,817,
2024-07-01 12:48:00+05:30,4562.6,4564.95,4561.4,4562.1,738,
2024-07-01 12:49:00+05:30,4562.9,4568,4562,4566.6,1515,
2024-07-01 12:50:00+05:30,4566.6,4578,4566.6,4578,4503,
2024-07-01 12:51:00+05:30,4577.9,4579.3,4575.55,4578.85,809,
2024-07-01 12:52:00+05:30,4578.85,4578.9,4575.1,4576.85,1127,
2024-07-01 12:53:00+05:30,4576.85,4577.25,4575,4576.8,660,
2024-07-01 12:54:00+05:30,4576.8,4589.55,4575.55,4585.45,1818,
2024-07-01 12:55:00+05:30,4585.45,4589.1,4581.3,4583.3,1454,
2024-07-01 12:56:00+05:30,4584.25,4585,4581.95,4583.65,649,
2024-07-01 12:57:00+05:30,4583.65,4585,4582.7,4583.3,410,
2024-07-01 12:58:00+05:30,4583.3,4584.5,4582.55,4583.7,374,
2024-07-01 12:59:00+05:30,4583.7,4584.5,4580.4,4580.9,50431,
2024-07-01 13:00:00+05:30,4580.9,4584.5,4580.9,4583.2,385,
2024-07-01 13:01:00+05:30,4583.2,4585,4581.85,4584.2,796,
2024-07-01 13:02:00+05:30,4584.2,4585,4581,4581,266,
2024-07-01 13:03:00+05:30,4581,4585,4581,4583.1,256,
2024-07-01 13:04:00+05:30,4583.1,4588.65,4583.1,4586.25,770,
2024-07-01 13:05:00+05:30,4586.25,4588,4584.6,4587.35,411,
2024-07-01 13:06:00+05:30,4587.35,4590,4585.05,4590,478,
2024-07-01 13:07:00+05:30,4590,4590,4587.95,4589.7,525,
2024-07-01 13:08:00+05:30,4590,4590,4589.85,4590,458,
2024-07-01 13:09:00+05:30,4590,4590,4586.4,4587.9,693,
2024-07-01 13:10:00+05:30,4587.9,4590,4586.85,4587.55,254,
2024-07-01 13:11:00+05:30,4587.55,4589.5,4586.5,4586.5,351,
2024-07-01 13:12:00+05:30,4586.5,4589.15,4585.35,4588.5,474,
2024-07-01 13:13:00+05:30,4588.5,4594.95,4587.35,4592.9,843,
2024-07-01 13:14:00+05:30,4592.9,4595,4590.7,4594.7,539,
2024-07-01 13:15:00+05:30,4594.75,4600,4594.7,4600,585,
2024-07-01 13:16:00+05:30,4600,4601,4595.95,4597.75,3360,
2024-07-01 13:17:00+05:30,4597.75,4599.75,4596.05,4596.4,402,
2024-07-01 13:18:00+05:30,4596.4,4600,4596.4,4600,792,
2024-07-01 13:19:00+05:30,4599,4600.1,4598.6,4600,1354,
2024-07-01 13:20:00+05:30,4600,4603.55,4598,4598.3,1571,
2024-07-01 13:21:00+05:30,4598.3,4600,4595,4595.3,648,
2024-07-01 13:22:00+05:30,4595.3,4600,4595.3,4599.25,401,
2024-07-01 13:23:00+05:30,4599.25,4600,4597.95,4598.95,765,
2024-07-01 13:24:00+05:30,4598.95,4600,4597.7,4600,6112,
2024-07-01 13:25:00+05:30,4600,4601.2,4595.5,4599.3,3562,
2024-07-01 13:26:00+05:30,4599.3,4601.2,4596,4596.55,940,
2024-07-01 13:27:00+05:30,4596.55,4600,4596.55,4596.65,456,
2024-07-01 13:28:00+05:30,4596.65,4600,4596.65,4599.5,393,
2024-07-01 13:29:00+05:30,4600,4600,4599.9,4599.9,249,
2024-07-01 13:30:00+05:30,4600,4600,4599.95,4599.95,264,
2024-07-01 13:31:00+05:30,4599.95,4600,4599.45,4599.95,663,
2024-07-01 13:32:00+05:30,4599.95,4600,4596.8,4599.45,908,
2024-07-01 13:33:00+05:30,4599.45,4599.95,4595.1,4599,901,
2024-07-01 13:34:00+05:30,4599,4600,4599,4600,1281,
2024-07-01 13:35:00+05:30,4600,4600,4598.95,4600,326,
2024-07-01 13:36:00+05:30,4600,4600,4598.9,4600,292,
2024-07-01 13:37:00+05:30,4599.95,4600.05,4598.8,4600,371,
2024-07-01 13:38:00+05:30,4600,4601,4597.55,4599.25,436,
2024-07-01 13:39:00+05:30,4599.25,4600,4599.25,4600,349,
2024-07-01 13:40:00+05:30,4600,4600,4599.95,4600,1335,
2024-07-01 13:41:00+05:30,4600,4600,4599,4600,295,
2024-07-01 13:42:00+05:30,4600,4600,4599.95,4599.95,347,
2024-07-01 13:43:00+05:30,4599.95,4600,4599.15,4599.9,429,
2024-07-01 13:44:00+05:30,4599.8,4600,4599.5,4599.85,274,
2024-07-01 13:45:00+05:30,4599,4599,4595.25,4595.25,776,
2024-07-01 13:46:00+05:30,4595.1,4597,4595.1,4596.95,352,
2024-07-01 13:47:00+05:30,4596.95,4599,4595.35,4597.7,486,
2024-07-01 13:48:00+05:30,4597.7,4599.2,4594,4596.75,381,
2024-07-01 13:49:00+05:30,4597.55,4598.75,4595.6,4598,298,
2024-07-01 13:50:00+05:30,4598,4600,4596.3,4600,1265,
2024-07-01 13:51:00+05:30,4600,4600,4599.15,4600,280,
2024-07-01 13:52:00+05:30,4600,4601,4599.9,4600,1617,
2024-07-01 13:53:00+05:30,4600,4600,4599.95,4600,311,
2024-07-01 13:54:00+05:30,4600,4601.1,4599.95,4600,1665,
2024-07-01 13:55:00+05:30,4600,4600,4599.3,4599.95,324,
2024-07-01 13:56:00+05:30,4599.85,4600,4599.2,4599.95,404,
2024-07-01 13:57:00+05:30,4598.15,4601.05,4598.15,4600,1149,
2024-07-01 13:58:00+05:30,4600,4600,4599.15,4600,285,
2024-07-01 13:59:00+05:30,4600,4600,4599.5,4599.85,317,
2024-07-01 14:00:00+05:30,4599.85,4600,4599,4599.95,308,
2024-07-01 14:01:00+05:30,4599.95,4600,4599.55,4600,338,
2024-07-01 14:02:00+05:30,4600,4600,4599.75,4600,1356,
2024-07-01 14:03:00+05:30,4600,4600,4599.9,4600,484,
2024-07-01 14:04:00+05:30,4600,4600,4594.9,4598.2,567,
2024-07-01 14:05:00+05:30,4598.2,4599,4596.2,4597.75,311,
2024-07-01 14:06:00+05:30,4597.75,4599.05,4597.45,4598.75,313,
2024-07-01 14:07:00+05:30,4598.75,4599.95,4598.7,4599.95,374,
2024-07-01 14:08:00+05:30,4599,4599.6,4599,4599.6,333,
2024-07-01 14:09:00+05:30,4599.6,4600,4599.55,4599.95,279,
2024-07-01 14:10:00+05:30,4600,4600,4599.55,4599.95,335,
2024-07-01 14:11:00+05:30,4599.95,4600,4599.95,4600,439,
2024-07-01 14:12:00+05:30,4599.95,4600,4597.7,4600,328,
2024-07-01 14:13:00+05:30,4600,4600,4597.7,4599.9,722,
2024-07-01 14:14:00+05:30,4599.9,4600,4598.55,4599.9,365,
2024-07-01 14:15:00+05:30,4599.9,4600,4597.1,4597.5,382,
2024-07-01 14:16:00+05:30,4597.5,4599.65,4597.5,4599.55,399,
2024-07-01 14:17:00+05:30,4599.5,4599.6,4598.75,4599,699,
2024-07-01 14:18:00+05:30,4599.05,4599.4,4590,4590,941,
2024-07-01 14:19:00+05:30,4587.6,4591,4587.6,4587.95,1054,
2024-07-01 14:20:00+05:30,4587.95,4589.95,4585,4588.45,1242,
2024-07-01 14:21:00+05:30,4588.45,4588.5,4585.6,4587.9,728,
2024-07-01 14:22:00+05:30,4587.9,4588.25,4584.8,4588.25,643,
2024-07-01 14:23:00+05:30,4588.55,4589.65,4582.75,4585.3,916,
2024-07-01 14:24:00+05:30,4585.3,4585.65,4582.3,4585.2,439,
2024-07-01 14:25:00+05:30,4585.2,4585.4,4582,4583.6,788,
2024-07-01 14:26:00+05:30,4583.6,4585.4,4582,4585.05,568,
2024-07-01 14:27:00+05:30,4587.1,4589.9,4583.5,4588.55,1312,
2024-07-01 14:28:00+05:30,4588.45,4593.2,4586.6,4590.6,715,
2024-07-01 14:29:00+05:30,4590.6,4590.95,4585.25,4586.7,447,
2024-07-01 14:30:00+05:30,4585.4,4588,4585,4586.25,1040,
2024-07-01 14:31:00+05:30,4586.25,4587.45,4583.95,4585.55,609,
2024-07-01 14:32:00+05:30,4585.55,4587.3,4583.3,4584.8,535,
2024-07-01 14:33:00+05:30,4584.8,4586.15,4582.5,4584.5,466,
2024-07-01 14:34:00+05:30,4584.5,4588.4,4584.45,4588.15,350,
2024-07-01 14:35:00+05:30,4588.15,4593.25,4586.9,4593.25,403,
2024-07-01 14:36:00+05:30,4593.25,4593.25,4587.1,4591,326,
2024-07-01 14:37:00+05:30,4591,4594.05,4588.55,4594.05,381,
2024-07-01 14:38:00+05:30,4594.4,4594.4,4590.55,4592.05,449,
2024-07-01 14:39:00+05:30,4592.2,4593.7,4592.05,4593.7,392,
2024-07-01 14:40:00+05:30,4593.7,4598.2,4593.7,4597.1,433,
2024-07-01 14:41:00+05:30,4597.1,4598.3,4595,4595.45,414,
2024-07-01 14:42:00+05:30,4597.95,4599,4596.15,4599,451,
2024-07-01 14:43:00+05:30,4599.4,4600,4596.6,4599.65,554,
2024-07-01 14:44:00+05:30,4599.65,4600.25,4597.6,4600.25,400,
2024-07-01 14:45:00+05:30,4600.25,4601.55,4600,4600.6,684,
2024-07-01 14:46:00+05:30,4601.1,4606,4601.1,4604,2070,
2024-07-01 14:47:00+05:30,4604,4604,4600,4600.45,2013,
2024-07-01 14:48:00+05:30,4600.4,4601,4600,4601,575,
2024-07-01 14:49:00+05:30,4601,4601,4600,4600.75,485,
2024-07-01 14:50:00+05:30,4601,4601,4597.95,4600.45,629,
2024-07-01 14:51:00+05:30,4601,4601,4597.45,4600.15,463,
2024-07-01 14:52:00+05:30,4599.85,4600.75,4595.85,4598.4,781,
2024-07-01 14:53:00+05:30,4598.4,4599,4594.8,4595.5,318,
2024-07-01 14:54:00+05:30,4595.5,4600,4593.05,4599.9,582,
2024-07-01 14:55:00+05:30,4599.9,4600,4599,4599.9,436,
2024-07-01 14:56:00+05:30,4600,4601,4599.95,4600.4,448,
2024-07-01 14:57:00+05:30,4600.8,4601,4600,4601,412,
2024-07-01 14:58:00+05:30,4601.2,4605.95,4600.7,4605.95,1804,
2024-07-01 14:59:00+05:30,4606,4606.45,4602.2,4606.45,946,
2024-07-01 15:00:00+05:30,4606.45,4614.9,4606.4,4614.45,1408,
2024-07-01 15:01:00+05:30,4614.45,4615.2,4609,4610.95,1568,
2024-07-01 15:02:00+05:30,4611,4611,4607,4608.25,1070,
2024-07-01 15:03:00+05:30,4608.25,4610,4608,4609.85,1178,
2024-07-01 15:04:00+05:30,4609.75,4610,4609.05,4609.9,844,
2024-07-01 15:05:00+05:30,4609.9,4610,4608.3,4609.55,990,
2024-07-01 15:06:00+05:30,4609.55,4610,4608.35,4610,1277,
2024-07-01 15:07:00+05:30,4610,4611,4607.55,4608.05,1860,
2024-07-01 15:08:00+05:30,4608.15,4610,4605.05,4607.35,1525,
2024-07-01 15:09:00+05:30,4607.35,4608.3,4604.35,4606.95,965,
2024-07-01 15:10:00+05:30,4607,4607,4602.55,4602.7,801,
2024-07-01 15:11:00+05:30,4603.9,4606.45,4600.7,4604.25,2428,
2024-07-01 15:12:00+05:30,4604.25,4607.9,4603.85,4605.8,817,
2024-07-01 15:13:00+05:30,4605.8,4608.75,4605.8,4607.75,832,
2024-07-01 15:14:00+05:30,4607,4609.45,4606.05,4608.75,1225,
2024-07-01 15:15:00+05:30,4608.45,4610,4608.05,4610,1005,
2024-07-01 15:16:00+05:30,4610,4610,4608.2,4609.25,1215,
2024-07-01 15:17:00+05:30,4608,4608.5,4603.85,4605.95,824,
2024-07-01 15:18:00+05:30,4606.35,4606.55,4601.8,4603.25,1608,
2024-07-01 15:19:00+05:30,4603.35,4604.6,4598.4,4603.6,904,
2024-07-01 15:20:00+05:30,4603.6,4604.55,4595.9,4598.45,1754,
2024-07-01 15:21:00+05:30,4600.4,4600.65,4597,4599.45,892,
2024-07-01 15:22:00+05:30,4599.45,4599.6,4596.85,4597.15,663,
2024-07-01 15:23:00+05:30,4596.45,4599.9,4596.25,4596.4,1524,
2024-07-01 15:24:00+05:30,4596.4,4596.4,4592,4595.25,1545,
2024-07-01 15:25:00+05:30,4595.05,4595.05,4592.3,4592.8,6017,
2024-07-01 15:26:00+05:30,4592.8,4597.05,4592.55,4597.05,2400,
2024-07-01 15:27:00+05:30,4596.8,4597.05,4590.05,4593.45,958,
2024-07-01 15:28:00+05:30,4593.5,4593.5,4588.6,4593,2214,
2024-07-01 15:29:00+05:30,4593,4605,4586.65,4591.05,900,
2024-07-02 09:15:00+05:30,4607.7,4607.7,4597.8,4605.75,1472,
2024-07-02 09:16:00+05:30,4605.4,4615.85,4600.4,4613.1,970,
2024-07-02 09:17:00+05:30,4613.1,4613.1,4607.35,4609.25,397,
2024-07-02 09:18:00+05:30,4611.6,4611.6,4606.6,4607.25,614,
2024-07-02 09:19:00+05:30,4608.95,4611.9,4603.25,4611.9,3788,
2024-07-02 09:20:00+05:30,4614.3,4620.85,4610.45,4617.85,2237,
2024-07-02 09:21:00+05:30,4615.55,4620,4610,4614.05,4720,
2024-07-02 09:22:00+05:30,4614.05,4617.45,4610,4612.2,3242,
2024-07-02 09:23:00+05:30,4613,4617,4612.55,4614.65,1077,
2024-07-02 09:24:00+05:30,4615,4618.1,4611.2,4612.05,1599,
2024-07-02 09:25:00+05:30,4612.05,4616.95,4612,4614.45,404,
2024-07-02 09:26:00+05:30,4614.45,4614.45,4609.55,4609.55,407,
2024-07-02 09:27:00+05:30,4609.55,4610.9,4607.95,4609.45,615,
2024-07-02 09:28:00+05:30,4609.45,4613,4609.45,4610.2,255,
2024-07-02 09:29:00+05:30,4611.75,4615,4609.85,4614.3,900,
2024-07-02 09:30:00+05:30,4614.25,4616.5,4608.3,4610.5,2271,
2024-07-02 09:31:00+05:30,4610.5,4612,4608.3,4611.4,419,
2024-07-02 09:32:00+05:30,4611.4,4612,4608,4608,1140,
2024-07-02 09:33:00+05:30,4608,4615.35,4605,4605,2668,
2024-07-02 09:34:00+05:30,4605,4606,4603.45,4606,370,
2024-07-02 09:35:00+05:30,4607.25,4607.25,4600,4601.1,1584,
2024-07-02 09:36:00+05:30,4600,4600,4588.8,4589.05,2568,
2024-07-02 09:37:00+05:30,4589.15,4591,4587.8,4589.9,703,
2024-07-02 09:38:00+05:30,4589.25,4594.15,4588.75,4592.15,1764,
2024-07-02 09:39:00+05:30,4591,4595,4591,4594.95,220,
2024-07-02 09:40:00+05:30,4593.1,4600,4592.15,4600,661,
2024-07-02 09:41:00+05:30,4600,4600.15,4595.15,4595.15,529,
2024-07-02 09:42:00+05:30,4595.15,4599,4594.7,4596.4,386,
2024-07-02 09:43:00+05:30,4594.65,4600,4594.55,4597.75,668,
2024-07-02 09:44:00+05:30,4597.75,4600,4596.25,4596.25,613,
2024-07-02 09:45:00+05:30,4596.15,4598.75,4595.9,4595.9,297,
2024-07-02 09:46:00+05:30,4595.9,4598.65,4593.05,4598.65,332,
2024-07-02 09:47:00+05:30,4599.65,4601.35,4592.15,4594.1,2193,
2024-07-02 09:48:00+05:30,4595.8,4597.05,4592.5,4596,399,
2024-07-02 09:49:00+05:30,4596,4601.8,4595,4597.3,712,
2024-07-02 09:50:00+05:30,4597.3,4602.4,4597.3,4601.95,197,
2024-07-02 09:51:00+05:30,4601.95,4604.4,4601.1,4601.8,898,
2024-07-02 09:52:00+05:30,4601.9,4602.15,4595,4595,473,
2024-07-02 09:53:00+05:30,4595,4600,4595,4598.55,324,
2024-07-02 09:54:00+05:30,4598.55,4600.75,4598.15,4600,284,
2024-07-02 09:55:00+05:30,4600,4600,4598.55,4600,206,
2024-07-02 09:56:00+05:30,4600,4600,4596.65,4598.55,964,
2024-07-02 09:57:00+05:30,4598.55,4600,4598.4,4599.4,162,
2024-07-02 09:58:00+05:30,4598.45,4601.8,4594.6,4596.1,1676,
2024-07-02 09:59:00+05:30,4596.1,4598.5,4595.45,4597,314,
2024-07-02 10:00:00+05:30,4598.1,4600,4597.25,4598,224,
2024-07-02 10:01:00+05:30,4598,4599.15,4596.05,4598.25,171,
2024-07-02 10:02:00+05:30,4598.25,4600,4595.4,4600,456,
2024-07-02 10:03:00+05:30,4600,4600,4597.45,4599.95,150,
2024-07-02 10:04:00+05:30,4599.95,4600,4596.75,4597.5,201,
2024-07-02 10:05:00+05:30,4597.5,4599.05,4595,4597.7,320,
2024-07-02 10:06:00+05:30,4597.7,4598.1,4596.1,4598.05,190,
2024-07-02 10:07:00+05:30,4598.1,4598.65,4594.75,4596.95,348,
2024-07-02 10:08:00+05:30,4597,4597,4591,4591.6,707,
2024-07-02 10:09:00+05:30,4592,4592.25,4591.75,4592.1,597,
2024-07-02 10:10:00+05:30,4592.1,4595,4591.3,4595,380,
2024-07-02 10:11:00+05:30,4594.95,4595,4593.7,4594.35,310,
2024-07-02 10:12:00+05:30,4594.4,4594.4,4590.2,4592.95,338,
2024-07-02 10:13:00+05:30,4593.3,4595,4590.1,4592.5,790,
2024-07-02 10:14:00+05:30,4592.5,4595,4592.5,4595,158,
2024-07-02 10:15:00+05:30,4595,4595,4593.1,4593.7,246,
2024-07-02 10:16:00+05:30,4593.7,4594.7,4592.6,4592.6,194,
2024-07-02 10:17:00+05:30,4594.25,4594.25,4592.2,4592.25,181,
2024-07-02 10:18:00+05:30,4593.2,4593.2,4585.85,4588,704,
2024-07-02 10:19:00+05:30,4588,4595,4588,4593.3,225,
2024-07-02 10:20:00+05:30,4594.4,4594.4,4592,4593.95,145,
2024-07-02 10:21:00+05:30,4593.95,4594.45,4591.65,4593.05,247,
2024-07-02 10:22:00+05:30,4593.05,4593.3,4592.6,4593.05,125,
2024-07-02 10:23:00+05:30,4593.05,4593.3,4589.5,4591.65,253,
2024-07-02 10:24:00+05:30,4592,4592.05,4590.55,4591.15,129,
2024-07-02 10:25:00+05:30,4591.15,4593.3,4591.15,4593.3,261,
2024-07-02 10:26:00+05:30,4593.3,4594.5,4593.3,4594.5,105,
2024-07-02 10:27:00+05:30,4594.5,4595,4589.85,4589.9,607,
2024-07-02 10:28:00+05:30,4589.9,4589.9,4589.3,4589.6,164,
2024-07-02 10:29:00+05:30,4589.6,4593.25,4589.6,4592,1847,
2024-07-02 10:30:00+05:30,4593.25,4594.75,4592.1,4593.1,282,
2024-07-02 10:31:00+05:30,4593.1,4593.25,4589.55,4590.05,1510,
2024-07-02 10:32:00+05:30,4589.95,4595,4589.55,4592,1118,
2024-07-02 10:33:00+05:30,4592,4594.7,4592,4594.7,138,
2024-07-02 10:34:00+05:30,4594.7,4595,4593.6,4593.65,294,
2024-07-02 10:35:00+05:30,4593.65,4594,4592.75,4592.75,203,
2024-07-02 10:36:00+05:30,4592.75,4594,4592.75,4593.85,141,
2024-07-02 10:37:00+05:30,4593.85,4594.95,4592.8,4592.8,239,
2024-07-02 10:38:00+05:30,4594.15,4594.15,4590,4590.75,204,
2024-07-02 10:39:00+05:30,4590.75,4590.75,4589.1,4590,380,
2024-07-02 10:40:00+05:30,4589.95,4590,4589.7,4589.7,340,
2024-07-02 10:41:00+05:30,4589.7,4590,4585,4585.05,749,
2024-07-02 10:42:00+05:30,4585.05,4586.3,4571.7,4575.2,2638,
2024-07-02 10:43:00+05:30,4575.2,4579.95,4575.2,4578.05,319,
2024-07-02 10:44:00+05:30,4578.05,4579,4576.2,4576.6,316,
2024-07-02 10:45:00+05:30,4576.6,4584.55,4576.6,4582.4,221,
2024-07-02 10:46:00+05:30,4582.4,4584.2,4580.65,4582.1,374,
2024-07-02 10:47:00+05:30,4582.1,4585.1,4582.1,4584.15,390,
2024-07-02 10:48:00+05:30,4584.15,4589.35,4583.75,4588.2,359,
2024-07-02 10:49:00+05:30,4588.2,4589.35,4588.2,4588.6,142,
2024-07-02 10:50:00+05:30,4588.6,4589.95,4586.15,4589.25,259,
2024-07-02 10:51:00+05:30,4589.25,4589.25,4587.3,4587.3,155,
2024-07-02 10:52:00+05:30,4587.3,4587.95,4586.8,4587.95,154,
2024-07-02 10:53:00+05:30,4587.95,4587.95,4587.35,4587.65,211,
2024-07-02 10:54:00+05:30,4587.95,4590.95,4587.5,4590,647,
2024-07-02 10:55:00+05:30,4590,4591.65,4588.9,4590,837,
2024-07-02 10:56:00+05:30,4589.35,4591.1,4587.35,4589.95,617,
2024-07-02 10:57:00+05:30,4589.95,4590.15,4588.95,4590,686,
2024-07-02 10:58:00+05:30,4590,4590,4588.6,4590,391,
2024-07-02 10:59:00+05:30,4590,4590,4588.75,4588.75,262,
2024-07-02 11:00:00+05:30,4588.75,4591.45,4588.75,4589.4,242,
2024-07-02 11:01:00+05:30,4589.4,4591.05,4588.75,4590.85,254,
2024-07-02 11:02:00+05:30,4590.85,4594.1,4590.6,4593.85,329,
2024-07-02 11:03:00+05:30,4595,4595,4592.6,4594.65,527,
2024-07-02 11:04:00+05:30,4594.65,4594.9,4593.25,4593.25,265,
2024-07-02 11:05:00+05:30,4593.25,4595,4593,4595,327,
2024-07-02 11:06:00+05:30,4595,4595,4592.05,4592.05,243,
2024-07-02 11:07:00+05:30,4592.05,4595,4591.85,4594.6,277,
2024-07-02 11:08:00+05:30,4593.35,4598.6,4590.75,4597.4,1656,
2024-07-02 11:09:00+05:30,4597.4,4599,4593.1,4598.75,1063,
2024-07-02 11:10:00+05:30,4598.75,4599,4597.2,4599,182,
2024-07-02 11:11:00+05:30,4599,4600,4598.6,4600,293,
2024-07-02 11:12:00+05:30,4600,4600,4596.8,4599.95,263,
2024-07-02 11:13:00+05:30,4599.95,4603.65,4599.95,4601.35,354,
2024-07-02 11:14:00+05:30,4601.35,4604,4600.75,4603.1,446,
2024-07-02 11:15:00+05:30,4603.1,4605.5,4600,4601.9,1641,
2024-07-02 11:16:00+05:30,4601.9,4602,4599.75,4599.75,255,
2024-07-02 11:17:00+05:30,4599.75,4604.45,4599.75,4600.8,458,
2024-07-02 11:18:00+05:30,4600.8,4603.45,4600.8,4602.8,206,
2024-07-02 11:19:00+05:30,4602.8,4605.7,4601.55,4601.55,365,
2024-07-02 11:20:00+05:30,4601.55,4604,4601.05,4602.8,279,
2024-07-02 11:21:00+05:30,4602.8,4605,4602.3,4604.3,217,
2024-07-02 11:22:00+05:30,4604.3,4604.55,4601,4602,194,
2024-07-02 11:23:00+05:30,4602,4604.4,4600.5,4600.65,351,
2024-07-02 11:24:00+05:30,4600.65,4602.4,4598.55,4598.55,363,
2024-07-02 11:25:00+05:30,4598.55,4604.5,4598.55,4603.85,248,
2024-07-02 11:26:00+05:30,4603.85,4606.2,4602,4604.45,591,
2024-07-02 11:27:00+05:30,4604.45,4605,4603.95,4604.1,271,
2024-07-02 11:28:00+05:30,4604.2,4607,4604,4604.6,305,
2024-07-02 11:29:00+05:30,4605.7,4607.25,4605,4606.2,438,
2024-07-02 11:30:00+05:30,4606.2,4607.45,4605,4605.35,246,
2024-07-02 11:31:00+05:30,4605.35,4611.15,4605.05,4605.15,3135,
2024-07-02 11:32:00+05:30,4605.15,4608,4603.9,4605.6,3147,
2024-07-02 11:33:00+05:30,4605.6,4608.05,4604,4605.35,364,
2024-07-02 11:34:00+05:30,4604,4605.15,4601.9,4602.2,268,
2024-07-02 11:35:00+05:30,4602.2,4604.35,4592.35,4592.35,3455,
2024-07-02 11:36:00+05:30,4592.35,4600,4592.35,4600,721,
2024-07-02 11:37:00+05:30,4600,4600,4598.45,4599.85,239,
2024-07-02 11:38:00+05:30,4599.85,4600,4597,4599.2,302,
2024-07-02 11:39:00+05:30,4599.2,4600,4598.1,4598.65,297,
2024-07-02 11:40:00+05:30,4598.65,4599,4591.35,4591.35,522,
2024-07-02 11:41:00+05:30,4593.4,4596.7,4591.7,4593.95,353,
2024-07-02 11:42:00+05:30,4593.3,4596.3,4593.3,4595,260,
2024-07-02 11:43:00+05:30,4595,4597.55,4593.85,4594.35,259,
2024-07-02 11:44:00+05:30,4594.35,4596.1,4592.5,4596.1,299,
2024-07-02 11:45:00+05:30,4596.1,4596.1,4594.55,4596.1,234,
2024-07-02 11:46:00+05:30,4594.55,4596.1,4594.55,4595.75,230,
2024-07-02 11:47:00+05:30,4595.75,4596.1,4594,4596.1,456,
2024-07-02 11:48:00+05:30,4596.1,4598.8,4594.9,4598.7,287,
2024-07-02 11:49:00+05:30,4598.75,4599,4594.75,4598.6,302,
2024-07-02 11:50:00+05:30,4598.6,4599,4596.8,4598.65,240,
2024-07-02 11:51:00+05:30,4598.65,4599,4597,4598.05,323,
2024-07-02 11:52:00+05:30,4598.05,4598.6,4595,4596.2,313,
2024-07-02 11:53:00+05:30,4596.2,4597.55,4594,4597.55,275,
2024-07-02 11:54:00+05:30,4597.55,4599,4597.2,4598.2,191,
2024-07-02 11:55:00+05:30,4598.2,4600,4598.2,4598.2,218,
2024-07-02 11:56:00+05:30,4598.2,4600,4595.9,4599.85,239,
2024-07-02 11:57:00+05:30,4599.85,4600,4596.95,4599.25,271,
2024-07-02 11:58:00+05:30,4599.25,4600,4596.45,4598,198,
2024-07-02 11:59:00+05:30,4598,4599.45,4597.1,4598.2,349,
2024-07-02 12:00:00+05:30,4598.2,4600,4595.85,4596.85,567,
2024-07-02 12:01:00+05:30,4596.85,4598.7,4595.4,4598.7,339,
2024-07-02 12:02:00+05:30,4598.7,4599.75,4596.9,4598.55,257,
2024-07-02 12:03:00+05:30,4598.55,4598.55,4594.5,4596.8,305,
2024-07-02 12:04:00+05:30,4596.8,4597,4594.1,4594.1,290,
2024-07-02 12:05:00+05:30,4594,4597.8,4594,4597.8,361,
2024-07-02 12:06:00+05:30,4597.8,4599.25,4595.05,4597.75,310,
2024-07-02 12:07:00+05:30,4597.75,4599.9,4597.75,4599,244,
2024-07-02 12:08:00+05:30,4599,4599,4597.25,4598.95,253,
2024-07-02 12:09:00+05:30,4598.95,4600,4598.1,4599.5,897,
2024-07-02 12:10:00+05:30,4599.5,4600,4598.15,4599.85,400,
2024-07-02 12:11:00+05:30,4599.85,4602.45,4599.05,4599.05,1557,
2024-07-02 12:12:00+05:30,4599.05,4599.05,4595.85,4596.8,399,
2024-07-02 12:13:00+05:30,4596.8,4597.35,4591.3,4594.55,612,
2024-07-02 12:14:00+05:30,4594.55,4594.6,4590.05,4591.6,369,
2024-07-02 12:15:00+05:30,4592,4594.5,4591.05,4592.3,330,
2024-07-02 12:16:00+05:30,4594.3,4594.45,4592.55,4594.4,317,
2024-07-02 12:17:00+05:30,4594.4,4594.5,4592,4594.5,307,
2024-07-02 12:18:00+05:30,4594.5,4594.5,4592.05,4593.7,353,
2024-07-02 12:19:00+05:30,4593.75,4594.1,4589.1,4589.9,509,
2024-07-02 12:20:00+05:30,4589.9,4597.5,4589.9,4596.45,457,
2024-07-02 12:21:00+05:30,4596.45,4599.95,4596.2,4599.95,254,
2024-07-02 12:22:00+05:30,4599.95,4601.95,4599.45,4601.5,270,
2024-07-02 12:23:00+05:30,4600,4603.2,4600,4601.6,180,
2024-07-02 12:24:00+05:30,4601.6,4603,4600.05,4602.9,183,
2024-07-02 12:25:00+05:30,4602.9,4602.95,4599.7,4600,281,
2024-07-02 12:26:00+05:30,4600,4602.8,4598.2,4598.3,241,
2024-07-02 12:27:00+05:30,4598.3,4602.45,4598.3,4600.95,193,
2024-07-02 12:28:00+05:30,4600.95,4602,4600,4600,191,
2024-07-02 12:29:00+05:30,4600,4601.95,4600,4601.85,214,
2024-07-02 12:30:00+05:30,4601.8,4601.85,4599.35,4600,126,
2024-07-02 12:31:00+05:30,4600,4601,4598,4601,472,
2024-07-02 12:32:00+05:30,4601,4601.8,4600,4600.65,133,
2024-07-02 12:33:00+05:30,4600.65,4600.65,4599.05,4599.4,111,
2024-07-02 12:34:00+05:30,4599.4,4600,4597.5,4599.95,201,
2024-07-02 12:35:00+05:30,4599.95,4600.15,4597.05,4599.3,167,
2024-07-02 12:36:00+05:30,4598.1,4599.65,4595.1,4595.7,224,
2024-07-02 12:37:00+05:30,4595.7,4595.85,4591,4591.5,225,
2024-07-02 12:38:00+05:30,4593.9,4596.25,4591,4591.1,791,
2024-07-02 12:39:00+05:30,4591,4591.8,4585,4586.2,1210,
2024-07-02 12:40:00+05:30,4586.35,4593.6,4585,4591.3,731,
2024-07-02 12:41:00+05:30,4591.3,4591.3,4584.85,4588,1551,
2024-07-02 12:42:00+05:30,4588,4588.15,4582.45,4582.45,394,
2024-07-02 12:43:00+05:30,4582.45,4587.65,4581.95,4587.2,471,
2024-07-02 12:44:00+05:30,4587.35,4587.35,4583,4584.25,193,
2024-07-02 12:45:00+05:30,4582.45,4586.75,4581.3,4584.55,1697,
2024-07-02 12:46:00+05:30,4583.9,4584.65,4580,4580,253,
2024-07-02 12:47:00+05:30,4580.9,4583.2,4580,4582,356,
2024-07-02 12:48:00+05:30,4582,4584.3,4581.8,4583.9,138,
2024-07-02 12:49:00+05:30,4583.9,4584,4580.6,4581.6,503,
2024-07-02 12:50:00+05:30,4581.6,4587.95,4581.6,4587.9,965,
2024-07-02 12:51:00+05:30,4588.45,4589.45,4585.4,4588.35,395,
2024-07-02 12:52:00+05:30,4588.35,4590.3,4586.7,4587.9,170,
2024-07-02 12:53:00+05:30,4587.9,4589.5,4585.75,4586.4,212,
2024-07-02 12:54:00+05:30,4586.4,4591.45,4582.25,4583,8932,
2024-07-02 12:55:00+05:30,4582.7,4582.7,4578.8,4582.55,714,
2024-07-02 12:56:00+05:30,4584.4,4585.35,4582.15,4582.15,163,
2024-07-02 12:57:00+05:30,4582.15,4582.15,4579.1,4579.1,735,
2024-07-02 12:58:00+05:30,4578.2,4580.2,4574,4575.95,755,
2024-07-02 12:59:00+05:30,4572.55,4575.2,4571,4573.25,599,
2024-07-02 13:00:00+05:30,4573.25,4575.2,4570.7,4573.05,403,
2024-07-02 13:01:00+05:30,4572.85,4575,4570.7,4574.75,702,
2024-07-02 13:02:00+05:30,4574.45,4575.45,4570,4571,1119,
2024-07-02 13:03:00+05:30,4571.15,4575.65,4568.9,4573.45,708,
2024-07-02 13:04:00+05:30,4573.45,4578.25,4572.4,4578.25,339,
2024-07-02 13:05:00+05:30,4578.3,4578.9,4574.05,4577.65,159,
2024-07-02 13:06:00+05:30,4577.65,4577.8,4574.85,4577.8,225,
2024-07-02 13:07:00+05:30,4577.8,4577.8,4574.45,4576.15,266,
2024-07-02 13:08:00+05:30,4574.35,4579,4571.2,4573.1,451,
2024-07-02 13:09:00+05:30,4573.1,4575,4571.15,4572.75,417,
2024-07-02 13:10:00+05:30,4572.75,4573.5,4568.65,4568.65,602,
2024-07-02 13:11:00+05:30,4569.7,4574.55,4568.2,4574.55,601,
2024-07-02 13:12:00+05:30,4574.55,4575,4572.55,4575,682,
2024-07-02 13:13:00+05:30,4575,4580.4,4574.4,4579.25,174,
2024-07-02 13:14:00+05:30,4579.25,4582.1,4576.55,4578.25,591,
2024-07-02 13:15:00+05:30,4578.25,4580.5,4576.1,4576.1,166,
2024-07-02 13:16:00+05:30,4576.1,4580.5,4576.1,4580.5,182,
2024-07-02 13:17:00+05:30,4580.5,4580.5,4577.6,4577.85,248,
2024-07-02 13:18:00+05:30,4577.85,4581.35,4577.85,4580.1,155,
2024-07-02 13:19:00+05:30,4580.1,4594.95,4576.1,4589,3354,
2024-07-02 13:20:00+05:30,4589,4593.8,4588.65,4591.25,426,
2024-07-02 13:21:00+05:30,4591.25,4595.55,4589.9,4591.35,396,
2024-07-02 13:22:00+05:30,4591.35,4591.6,4587.75,4590.35,533,
2024-07-02 13:23:00+05:30,4590.35,4593.35,4589.65,4590.7,359,
2024-07-02 13:24:00+05:30,4590.7,4593.9,4590.3,4591.5,416,
2024-07-02 13:25:00+05:30,4591.5,4591.5,4588.3,4590.75,224,
2024-07-02 13:26:00+05:30,4590.75,4591.15,4585,4585,299,
2024-07-02 13:27:00+05:30,4585.65,4586.75,4584.65,4585,160,
2024-07-02 13:28:00+05:30,4585,4587.1,4583.55,4585,301,
2024-07-02 13:29:00+05:30,4585,4588,4584.2,4587.3,210,
2024-07-02 13:30:00+05:30,4587.3,4588,4585.05,4587,191,
2024-07-02 13:31:00+05:30,4587,4589,4580.5,4580.5,993,
2024-07-02 13:32:00+05:30,4581.25,4584.1,4581.25,4582.25,169,
2024-07-02 13:33:00+05:30,4583.2,4584.95,4581.1,4583.15,250,
2024-07-02 13:34:00+05:30,4583.15,4585,4582.55,4584.45,151,
2024-07-02 13:35:00+05:30,4584.45,4585,4580.25,4582.7,212,
2024-07-02 13:36:00+05:30,4582.7,4585,4581.6,4585,377,
2024-07-02 13:37:00+05:30,4585,4585,4583.05,4583.05,124,
2024-07-02 13:38:00+05:30,4583.05,4584.8,4580.25,4583.05,348,
2024-07-02 13:39:00+05:30,4583.05,4583.2,4570.9,4571.3,2103,
2024-07-02 13:40:00+05:30,4571.4,4579.3,4570,4578.6,2222,
2024-07-02 13:41:00+05:30,4579,4583.9,4578.05,4580.75,1400,
2024-07-02 13:42:00+05:30,4580.75,4584.2,4579.05,4582.85,214,
2024-07-02 13:43:00+05:30,4582.85,4584.25,4581.05,4582.95,312,
2024-07-02 13:44:00+05:30,4582.95,4584.45,4581,4581.5,188,
2024-07-02 13:45:00+05:30,4582.75,4582.85,4580,4581.65,207,
2024-07-02 13:46:00+05:30,4581.65,4582.75,4579.65,4581.9,187,
2024-07-02 13:47:00+05:30,4581.1,4581.1,4575.5,4575.5,479,
2024-07-02 13:48:00+05:30,4575.5,4580,4575.1,4579.6,233,
2024-07-02 13:49:00+05:30,4580.1,4582.7,4578.25,4580.95,205,
2024-07-02 13:50:00+05:30,4580,4580.95,4579.3,4580.05,404,
2024-07-02 13:51:00+05:30,4580.05,4581.95,4579.2,4579.2,226,
2024-07-02 13:52:00+05:30,4579.2,4582,4579.2,4581.9,144,
2024-07-02 13:53:00+05:30,4581.9,4583.25,4581.3,4582.2,80,
2024-07-02 13:54:00+05:30,4582.2,4584.7,4580.75,4581.85,327,
2024-07-02 13:55:00+05:30,4581.85,4583.85,4579.15,4580.45,261,
2024-07-02 13:56:00+05:30,4580.45,4585,4580.45,4583.5,370,
2024-07-02 13:57:00+05:30,4583.5,4585.15,4583.5,4585,271,
2024-07-02 13:58:00+05:30,4585,4585,4584.15,4584.85,186,
2024-07-02 13:59:00+05:30,4584.85,4585,4583,4583.85,273,
2024-07-02 14:00:00+05:30,4583.05,4585,4582.3,4582.3,226,
2024-07-02 14:01:00+05:30,4582.3,4584,4580.7,4584,528,
2024-07-02 14:02:00+05:30,4584,4585,4582.05,4584.4,319,
2024-07-02 14:03:00+05:30,4584.4,4585,4582.65,4585,315,
2024-07-02 14:04:00+05:30,4585,4585,4583.4,4584.7,257,
2024-07-02 14:05:00+05:30,4584.7,4585,4584.7,4585,204,
2024-07-02 14:06:00+05:30,4585,4585,4584.2,4584.35,229,
2024-07-02 14:07:00+05:30,4584.35,4585,4583.7,4583.7,228,
2024-07-02 14:08:00+05:30,4583.7,4585,4583,4583,238,
2024-07-02 14:09:00+05:30,4583,4585,4581.05,4581.05,261,
2024-07-02 14:10:00+05:30,4581.05,4583.9,4580.5,4583.9,722,
2024-07-02 14:11:00+05:30,4583.9,4585,4581.65,4581.65,631,
2024-07-02 14:12:00+05:30,4581.65,4585.15,4581.65,4585,488,
2024-07-02 14:13:00+05:30,4585,4585,4582,4582,259,
2024-07-02 14:14:00+05:30,4582,4584.5,4580,4581.95,332,
2024-07-02 14:15:00+05:30,4581.95,4586.1,4580.7,4584.9,1643,
2024-07-02 14:16:00+05:30,4584.9,4585,4582.95,4583.1,489,
2024-07-02 14:17:00+05:30,4583.1,4585.15,4582,4583.25,249,
2024-07-02 14:18:00+05:30,4583.25,4585,4583.25,4584.6,205,
2024-07-02 14:19:00+05:30,4584.6,4585,4582.45,4584.1,258,
2024-07-02 14:20:00+05:30,4584.8,4585,4583.95,4584.8,247,
2024-07-02 14:21:00+05:30,4584.8,4585,4584.1,4585,808,
2024-07-02 14:22:00+05:30,4585,4585,4584.15,4585,236,
2024-07-02 14:23:00+05:30,4585,4585.1,4583,4583.65,1521,
2024-07-02 14:24:00+05:30,4584.95,4587.8,4584.25,4585,1034,
2024-07-02 14:25:00+05:30,4585,4585,4582.6,4582.6,859,
2024-07-02 14:26:00+05:30,4582.85,4584.55,4579.9,4583.2,461,
2024-07-02 14:27:00+05:30,4583.2,4585,4582.25,4585,244,
2024-07-02 14:28:00+05:30,4585,4585,4583,4583.1,233,
2024-07-02 14:29:00+05:30,4583.1,4586.45,4583.1,4584.45,344,
2024-07-02 14:30:00+05:30,4584.45,4585,4584.05,4585,824,
2024-07-02 14:31:00+05:30,4585,4585,4584.3,4584.3,383,
2024-07-02 14:32:00+05:30,4584.95,4586.35,4583.35,4585,435,
2024-07-02 14:33:00+05:30,4585,4585,4584,4584,369,
2024-07-02 14:34:00+05:30,4584,4585,4579.65,4580.75,573,
2024-07-02 14:35:00+05:30,4580.75,4582.6,4578.85,4578.85,437,
2024-07-02 14:36:00+05:30,4578.85,4584,4578.85,4583.55,185,
2024-07-02 14:37:00+05:30,4583.55,4584,4581.1,4582.75,185,
2024-07-02 14:38:00+05:30,4582.75,4585,4581.75,4584,185,
2024-07-02 14:39:00+05:30,4584,4584.9,4581.25,4581.25,427,
2024-07-02 14:40:00+05:30,4581.25,4585,4581.25,4584.85,228,
2024-07-02 14:41:00+05:30,4584.45,4584.95,4582.25,4583.45,137,
2024-07-02 14:42:00+05:30,4584.95,4584.95,4582.85,4583.5,196,
2024-07-02 14:43:00+05:30,4583.5,4584.95,4582.25,4583,182,
2024-07-02 14:44:00+05:30,4583,4584.95,4582.85,4582.85,408,
2024-07-02 14:45:00+05:30,4582.85,4584.85,4582.2,4583.35,177,
2024-07-02 14:46:00+05:30,4583.35,4584.65,4582.5,4584.65,467,
2024-07-02 14:47:00+05:30,4584.65,4585,4582.5,4582.55,368,
2024-07-02 14:48:00+05:30,4582.5,4584.75,4582.45,4583.45,179,
2024-07-02 14:49:00+05:30,4583.45,4585,4582.2,4583.6,885,
2024-07-02 14:50:00+05:30,4584.5,4584.5,4581.1,4583.5,486,
2024-07-02 14:51:00+05:30,4583.5,4583.5,4581.65,4583.35,325,
2024-07-02 14:52:00+05:30,4583.35,4583.75,4581,4581,490,
2024-07-02 14:53:00+05:30,4582.95,4585,4581.1,4584.4,1021,
2024-07-02 14:54:00+05:30,4584.35,4584.35,4580,4580,658,
2024-07-02 14:55:00+05:30,4580,4581.85,4579.2,4581.85,209,
2024-07-02 14:56:00+05:30,4581.85,4581.85,4580.35,4581.8,166,
2024-07-02 14:57:00+05:30,4581.8,4585,4581,4582.15,1249,
2024-07-02 14:58:00+05:30,4582.15,4582.95,4580.2,4581.2,314,
2024-07-02 14:59:00+05:30,4581.2,4581.75,4580.5,4581.05,697,
2024-07-02 15:00:00+05:30,4581.1,4581.15,4577.3,4579.1,2224,
2024-07-02 15:01:00+05:30,4578.75,4579.15,4570.4,4570.85,1495,
2024-07-02 15:02:00+05:30,4570.85,4576.5,4570,4572.2,894,
2024-07-02 15:03:00+05:30,4574.25,4575.9,4572.15,4573.3,1539,
2024-07-02 15:04:00+05:30,4573.3,4575.1,4570.55,4571.9,1236,
2024-07-02 15:05:00+05:30,4570,4573.15,4570,4571.55,934,
2024-07-02 15:06:00+05:30,4571.15,4575.95,4570.2,4573.5,2297,
2024-07-02 15:07:00+05:30,4573.45,4576.35,4572,4576,1230,
2024-07-02 15:08:00+05:30,4576,4576.4,4570.15,4571.8,1407,
2024-07-02 15:09:00+05:30,4571.25,4573.05,4571.25,4572.8,342,
2024-07-02 15:10:00+05:30,4572.8,4575.15,4572.8,4574,1192,
2024-07-02 15:11:00+05:30,4574,4575.1,4572.6,4573.2,1059,
2024-07-02 15:12:00+05:30,4573.2,4575.95,4573.2,4574.9,823,
2024-07-02 15:13:00+05:30,4574.8,4574.95,4574.75,4574.75,649,
2024-07-02 15:14:00+05:30,4574.7,4574.85,4573.55,4573.65,813,
2024-07-02 15:15:00+05:30,4573.65,4574.5,4569,4569.95,2813,
2024-07-02 15:16:00+05:30,4569.95,4570.45,4567.75,4567.75,1798,
2024-07-02 15:17:00+05:30,4568.75,4568.95,4565.45,4568.9,2173,
2024-07-02 15:18:00+05:30,4568.9,4570,4568.35,4569.7,2372,
2024-07-02 15:19:00+05:30,4570,4570,4568.55,4569.9,2562,
2024-07-02 15:20:00+05:30,4570,4570.95,4565.25,4567.8,6162,
2024-07-02 15:21:00+05:30,4569.9,4572.55,4567.85,4569.05,3315,
2024-07-02 15:22:00+05:30,4569.95,4570.15,4567.4,4567.45,2144,
2024-07-02 15:23:00+05:30,4567.45,4572.65,4567,4567.8,2879,
2024-07-02 15:24:00+05:30,4567.8,4572.25,4567.4,4570,3227,
2024-07-02 15:25:00+05:30,4569.95,4574.7,4569,4569.15,5309,
2024-07-02 15:26:00+05:30,4570,4570.6,4569.25,4570.3,2872,
2024-07-02 15:27:00+05:30,4570,4579.2,4569.95,4578.95,5086,
2024-07-02 15:28:00+05:30,4578.95,4584.9,4571,4574.3,1198,
2024-07-02 15:29:00+05:30,4574.3,4581.8,4570.3,4575.3,994,
2024-07-03 09:15:00+05:30,4576.95,4580.25,4505,4558.8,5036,
2024-07-03 09:16:00+05:30,4553.3,4564.4,4553.3,4564.4,385,
2024-07-03 09:17:00+05:30,4560.25,4566.7,4560.25,4560.85,570,
2024-07-03 09:18:00+05:30,4560.85,4565.95,4560.35,4563.6,1072,
2024-07-03 09:19:00+05:30,4561.75,4575.85,4561.75,4569.85,2236,
2024-07-03 09:20:00+05:30,4569.85,4572,4561.05,4561.05,2499,
2024-07-03 09:21:00+05:30,4561.05,4563.05,4557,4557,826,
2024-07-03 09:22:00+05:30,4557,4560.45,4555,4558.65,604,
2024-07-03 09:23:00+05:30,4558.65,4562.95,4557.8,4558.8,321,
2024-07-03 09:24:00+05:30,4558.8,4561.1,4557.55,4557.55,203,
2024-07-03 09:25:00+05:30,4560.15,4565.65,4560.15,4564.35,1473,
2024-07-03 09:26:00+05:30,4564.35,4569.3,4564.35,4565.2,1934,
2024-07-03 09:27:00+05:30,4565.2,4567.85,4555.4,4555.4,1896,
2024-07-03 09:28:00+05:30,4555.4,4560.55,4555,4559.2,892,
2024-07-03 09:29:00+05:30,4559.2,4560.05,4553.75,4559.9,1958,
2024-07-03 09:30:00+05:30,4557.7,4567.05,4557.7,4561.3,1196,
2024-07-03 09:31:00+05:30,4561.05,4568,4561.05,4563.8,491,
2024-07-03 09:32:00+05:30,4563.8,4564.45,4559,4559.05,1069,
2024-07-03 09:33:00+05:30,4559.05,4561.05,4558,4561,421,
2024-07-03 09:34:00+05:30,4561,4563.9,4558.65,4561.5,291,
2024-07-03 09:35:00+05:30,4561.5,4569.05,4561.1,4568.3,247,
2024-07-03 09:36:00+05:30,4572.25,4576.05,4569.45,4569.65,1870,
2024-07-03 09:37:00+05:30,4569.65,4578.45,4569.1,4575.05,1801,
2024-07-03 09:38:00+05:30,4575.05,4580.65,4572.05,4578,63175,
2024-07-03 09:39:00+05:30,4578,4583.15,4571,4572.9,6750,
2024-07-03 09:40:00+05:30,4572.9,4572.95,4571,4571,439,
2024-07-03 09:41:00+05:30,4571,4577.7,4571,4577.35,347,
2024-07-03 09:42:00+05:30,4574.15,4578.75,4573.7,4575.15,841,
2024-07-03 09:43:00+05:30,4575.15,4577.05,4572.6,4572.6,103,
2024-07-03 09:44:00+05:30,4572.6,4576.9,4571.05,4574.35,1921,
2024-07-03 09:45:00+05:30,4578.5,4580.35,4574.05,4580.35,1478,
2024-07-03 09:46:00+05:30,4580.35,4580.35,4576.85,4577.9,1582,
2024-07-03 09:47:00+05:30,4577.9,4579.9,4574.65,4575.8,843,
2024-07-03 09:48:00+05:30,4573.65,4577.6,4571,4572.65,228,
2024-07-03 09:49:00+05:30,4572.65,4575.55,4571,4572.8,801,
2024-07-03 09:50:00+05:30,4572.8,4575.7,4566.85,4567.15,741,
2024-07-03 09:51:00+05:30,4567.1,4577.45,4567.1,4574.7,5642,
2024-07-03 09:52:00+05:30,4574.7,4578.75,4573.7,4576.05,858,
2024-07-03 09:53:00+05:30,4577.75,4578.25,4571,4571.3,155,
2024-07-03 09:54:00+05:30,4571.3,4574.5,4571,4574.25,943,
2024-07-03 09:55:00+05:30,4575,4584.7,4575,4584.7,1895,
2024-07-03 09:56:00+05:30,4581.85,4583.55,4579.65,4580.35,795,
2024-07-03 09:57:00+05:30,4580.35,4584.4,4576.4,4581.4,1427,
2024-07-03 09:58:00+05:30,4581.4,4586.2,4579.55,4585.75,443,
2024-07-03 09:59:00+05:30,4586,4586,4581.45,4583.95,980,
2024-07-03 10:00:00+05:30,4583.95,4586.35,4582.55,4582.85,1336,
2024-07-03 10:01:00+05:30,4582.85,4587.95,4582.7,4586.2,739,
2024-07-03 10:02:00+05:30,4586.2,4589.95,4585.25,4589.9,1035,
2024-07-03 10:03:00+05:30,4588.65,4590.95,4587.95,4588.65,408,
2024-07-03 10:04:00+05:30,4588.65,4589,4587,4587,1451,
2024-07-03 10:05:00+05:30,4587,4590.25,4587,4590.25,35,
2024-07-03 10:06:00+05:30,4589,4589.6,4587,4587,536,
2024-07-03 10:07:00+05:30,4587,4588.5,4582.1,4583.3,1125,
2024-07-03 10:08:00+05:30,4583.3,4586.2,4583.3,4584.85,101,
2024-07-03 10:09:00+05:30,4584.85,4584.9,4583.3,4583.35,329,
2024-07-03 10:10:00+05:30,4583.35,4585.85,4583.3,4585.35,74,
2024-07-03 10:11:00+05:30,4585.35,4588.95,4585.3,4587.1,603,
2024-07-03 10:12:00+05:30,4587.1,4589,4587.1,4587.1,424,
2024-07-03 10:13:00+05:30,4587.15,4587.15,4584.6,4585.85,1103,
2024-07-03 10:14:00+05:30,4585.85,4595.05,4585.85,4592,2656,
2024-07-03 10:15:00+05:30,4592,4592,4588.85,4589.05,872,
2024-07-03 10:16:00+05:30,4589.05,4591,4587.55,4590.15,236,
2024-07-03 10:17:00+05:30,4590.6,4594.95,4588.05,4591.35,2088,
2024-07-03 10:18:00+05:30,4591.35,4594.45,4589,4589.65,1948,
2024-07-03 10:19:00+05:30,4589.65,4590.75,4589.65,4590,166,
2024-07-03 10:20:00+05:30,4590,4592.45,4590,4590.3,302,
2024-07-03 10:21:00+05:30,4590.3,4591.75,4590.1,4591.75,169,
2024-07-03 10:22:00+05:30,4591.75,4591.95,4590.1,4590.4,809,
2024-07-03 10:23:00+05:30,4590.4,4594.75,4590.4,4591.6,1642,
2024-07-03 10:24:00+05:30,4591.6,4593.2,4585.05,4585.3,1040,
2024-07-03 10:25:00+05:30,4585.05,4587.1,4584.6,4585.05,122,
2024-07-03 10:26:00+05:30,4585.05,4586.7,4583.05,4585.1,447,
2024-07-03 10:27:00+05:30,4585.1,4588.35,4584.05,4584.05,893,
2024-07-03 10:28:00+05:30,4584.05,4585,4583.05,4584.85,282,
2024-07-03 10:29:00+05:30,4584.85,4585,4575.2,4575.2,1429,
2024-07-03 10:30:00+05:30,4575.1,4580.4,4573.95,4577.7,715,
2024-07-03 10:31:00+05:30,4577.7,4580.25,4568.5,4569.35,5167,
2024-07-03 10:32:00+05:30,4569.35,4571.25,4567.75,4567.75,944,
2024-07-03 10:33:00+05:30,4567.75,4568.85,4566.05,4566.75,183,
2024-07-03 10:34:00+05:30,4566.75,4569.45,4566.05,4569.45,57,
2024-07-03 10:35:00+05:30,4569.45,4569.45,4561.25,4562,1739,
2024-07-03 10:36:00+05:30,4564.4,4568.85,4562.15,4567.85,397,
2024-07-03 10:37:00+05:30,4567.85,4572.1,4567.8,4570.1,222,
2024-07-03 10:38:00+05:30,4570.1,4570.1,4565.15,4565.2,956,
2024-07-03 10:39:00+05:30,4565.2,4573.45,4565.1,4570.7,712,
2024-07-03 10:40:00+05:30,4570.7,4575.65,4570.2,4574.15,338,
2024-07-03 10:41:00+05:30,4574.15,4576.85,4571.65,4572.95,872,
2024-07-03 10:42:00+05:30,4572.95,4572.95,4569.05,4570.1,260,
2024-07-03 10:43:00+05:30,4570.1,4571.35,4566.35,4566.5,328,
2024-07-03 10:44:00+05:30,4566.5,4568.85,4565.6,4565.6,79,
2024-07-03 10:45:00+05:30,4565.6,4568.9,4565.6,4568.9,76,
2024-07-03 10:46:00+05:30,4568.9,4572,4566.55,4570.6,896,
2024-07-03 10:47:00+05:30,4571.45,4571.45,4568,4568,74,
2024-07-03 10:48:00+05:30,4568,4570,4568,4570,100,
2024-07-03 10:49:00+05:30,4570,4571.4,4562.6,4562.6,442,
2024-07-03 10:50:00+05:30,4564.75,4564.75,4562.6,4563.15,64,
2024-07-03 10:51:00+05:30,4563.15,4564.9,4562,4562,294,
2024-07-03 10:52:00+05:30,4562,4564.05,4562,4562.3,151,
2024-07-03 10:53:00+05:30,4562.05,4564.05,4562.05,4564.05,59,
2024-07-03 10:54:00+05:30,4564.05,4566.5,4563.1,4566.5,224,
2024-07-03 10:55:00+05:30,4566.5,4566.55,4565,4565,174,
2024-07-03 10:56:00+05:30,4565,4566.95,4565,4566.95,1614,
2024-07-03 10:57:00+05:30,4566.6,4568.75,4565.05,4567.15,110,
2024-07-03 10:58:00+05:30,4567.15,4568.25,4565,4566.75,445,
2024-07-03 10:59:00+05:30,4566.75,4569.95,4565.95,4568.15,30950,
2024-07-03 11:00:00+05:30,4568.15,4570,4567.85,4567.85,527,
2024-07-03 11:01:00+05:30,4567.85,4569.55,4565.15,4568.35,3088,
2024-07-03 11:02:00+05:30,4566,4570.55,4565.35,4565.95,2828,
2024-07-03 11:03:00+05:30,4565.95,4567.8,4565.95,4567.8,16,
2024-07-03 11:04:00+05:30,4567.8,4567.8,4565.45,4565.45,43,
2024-07-03 11:05:00+05:30,4565.45,4567.45,4563.1,4565.35,92877,
2024-07-03 11:06:00+05:30,4565,4565.25,4556,4565,14157,
2024-07-03 11:07:00+05:30,4565,4565,4562,4562,989,
2024-07-03 11:08:00+05:30,4562,4563.05,4556.55,4560,4231,
2024-07-03 11:09:00+05:30,4560,4560.75,4558.1,4558.65,1607,
2024-07-03 11:10:00+05:30,4558.65,4561.8,4558,4558.5,1635,
2024-07-03 11:11:00+05:30,4558.5,4560.2,4558.5,4560,704,
2024-07-03 11:12:00+05:30,4559.4,4561.15,4558.95,4560,1353,
2024-07-03 11:13:00+05:30,4560,4561.75,4558.55,4559.95,2581,
2024-07-03 11:14:00+05:30,4559.95,4560,4556.75,4558.95,525,
2024-07-03 11:15:00+05:30,4558.95,4560,4552,4558.15,2091,
2024-07-03 11:16:00+05:30,4558.15,4560,4557.2,4558.15,385,
2024-07-03 11:17:00+05:30,4558.15,4560,4555.6,4555.6,828,
2024-07-03 11:18:00+05:30,4555,4560,4555,4558.7,282,
2024-07-03 11:19:00+05:30,4558.7,4560,4557.25,4559.2,705,
2024-07-03 11:20:00+05:30,4557.45,4560,4557,4560,393,
2024-07-03 11:21:00+05:30,4560,4560,4558,4558.3,348,
2024-07-03 11:22:00+05:30,4558.3,4560,4558.3,4560,312,
2024-07-03 11:23:00+05:30,4558.55,4560,4558.5,4560,304,
2024-07-03 11:24:00+05:30,4560,4560,4558.05,4558.05,332,
2024-07-03 11:25:00+05:30,4558.05,4560,4558,4560,342,
2024-07-03 11:26:00+05:30,4560,4560,4556.35,4559.2,614,
2024-07-03 11:27:00+05:30,4559.2,4559.2,4554.1,4556.3,256,
2024-07-03 11:28:00+05:30,4556.3,4560,4556.3,4557.55,239,
2024-07-03 11:29:00+05:30,4557.05,4560.45,4556.75,4557.1,626,
2024-07-03 11:30:00+05:30,4557.1,4560,4557.05,4558.05,221,
2024-07-03 11:31:00+05:30,4558.05,4560,4558,4560,265,
2024-07-03 11:32:00+05:30,4558.2,4560,4558,4560,271,
2024-07-03 11:33:00+05:30,4560,4560,4558.55,4560,292,
2024-07-03 11:34:00+05:30,4560,4560,4556.1,4557.05,480,
2024-07-03 11:35:00+05:30,4557.05,4560,4556.2,4558.3,350,
2024-07-03 11:36:00+05:30,4558.3,4560,4556.5,4560,294,
2024-07-03 11:37:00+05:30,4560,4560,4557.55,4559.95,254,
2024-07-03 11:38:00+05:30,4559.95,4560,4555.85,4560,369,
2024-07-03 11:39:00+05:30,4560,4560,4558.05,4560,466,
2024-07-03 11:40:00+05:30,4558.6,4560,4557.4,4560,329,
2024-07-03 11:41:00+05:30,4560,4560.2,4559.1,4559.85,526,
2024-07-03 11:42:00+05:30,4559.85,4565,4559.8,4565,3641,
2024-07-03 11:43:00+05:30,4568.7,4568.7,4565,4565,629,
2024-07-03 11:44:00+05:30,4564.25,4565.65,4564,4565,205,
2024-07-03 11:45:00+05:30,4565,4565,4563.15,4565,250,
2024-07-03 11:46:00+05:30,4565,4565,4562.95,4563.1,228,
2024-07-03 11:47:00+05:30,4563.15,4566.4,4563.15,4565,193,
2024-07-03 11:48:00+05:30,4565,4565.2,4563.4,4563.7,201,
2024-07-03 11:49:00+05:30,4563.7,4565,4563.1,4565,272,
2024-07-03 11:50:00+05:30,4565,4565,4563.1,4565,194,
2024-07-03 11:51:00+05:30,4563.2,4565,4563.15,4565,204,
2024-07-03 11:52:00+05:30,4565,4565,4563.15,4565,197,
2024-07-03 11:53:00+05:30,4565,4565,4563.15,4565,267,
2024-07-03 11:54:00+05:30,4565,4565.05,4563,4565,6625,
2024-07-03 11:55:00+05:30,4563.1,4565,4561.65,4565,573,
2024-07-03 11:56:00+05:30,4565,4565,4563.1,4563.1,236,
2024-07-03 11:57:00+05:30,4563.1,4565,4563.05,4565,296,
2024-07-03 11:58:00+05:30,4563.35,4565,4563.1,4565,230,
2024-07-03 11:59:00+05:30,4565,4566.4,4563.1,4565,384,
2024-07-03 12:00:00+05:30,4565,4565,4563.1,4565,379,
2024-07-03 12:01:00+05:30,4565,4565.15,4563.1,4565,920,
2024-07-03 12:02:00+05:30,4565,4565,4563.1,4563.1,262,
2024-07-03 12:03:00+05:30,4563.1,4565,4563.1,4563.25,318,
2024-07-03 12:04:00+05:30,4563.25,4566.4,4563.1,4563.25,409,
2024-07-03 12:05:00+05:30,4563.25,4566.05,4563.1,4563.25,493,
2024-07-03 12:06:00+05:30,4563.25,4565.7,4563.25,4565,252,
2024-07-03 12:07:00+05:30,4565,4565.4,4563,4564.8,7534,
2024-07-03 12:08:00+05:30,4564.8,4565.1,4563.15,4564.95,204,
2024-07-03 12:09:00+05:30,4564.95,4566.35,4563.1,4565,751,
2024-07-03 12:10:00+05:30,4565,4565,4563.1,4564,310,
2024-07-03 12:11:00+05:30,4564,4565.8,4563.05,4563.1,1212,
2024-07-03 12:12:00+05:30,4564,4565.95,4563.25,4563.5,219,
2024-07-03 12:13:00+05:30,4565,4566.55,4563.35,4565,782,
2024-07-03 12:14:00+05:30,4565,4565.65,4564,4564.05,279,
2024-07-03 12:15:00+05:30,4565.2,4565.3,4564,4565,632,
2024-07-03 12:16:00+05:30,4565,4565,4564,4565,147,
2024-07-03 12:17:00+05:30,4565,4566,4565,4565,36,
2024-07-03 12:18:00+05:30,4565,4566,4563.1,4564.85,557,
2024-07-03 12:19:00+05:30,4564.85,4567.5,4563.1,4565,735,
2024-07-03 12:20:00+05:30,4565,4565.45,4563.1,4565,265,
2024-07-03 12:21:00+05:30,4565,4565,4563.1,4564.95,324,
2024-07-03 12:22:00+05:30,4564.95,4565,4563.55,4565,601,
2024-07-03 12:23:00+05:30,4565,4565.75,4563.55,4565,417,
2024-07-03 12:24:00+05:30,4565,4565.85,4562.35,4563.4,4761,
2024-07-03 12:25:00+05:30,4563.4,4565,4563.15,4565,1105,
2024-07-03 12:26:00+05:30,4565,4565.9,4563.25,4565.6,5476,
2024-07-03 12:27:00+05:30,4565,4565,4562.9,4565,7005,
2024-07-03 12:28:00+05:30,4565,4566.1,4563.9,4565,372,
2024-07-03 12:29:00+05:30,4565,4565.1,4563.55,4565,434,
2024-07-03 12:30:00+05:30,4565,4567,4563.25,4564.95,435,
2024-07-03 12:31:00+05:30,4564.95,4565.7,4563.1,4565,339,
2024-07-03 12:32:00+05:30,4565,4565.5,4562.9,4565,5183,
2024-07-03 12:33:00+05:30,4565,4566.15,4561.85,4563.1,13219,
2024-07-03 12:34:00+05:30,4563.1,4565,4562.65,4565,436,
2024-07-03 12:35:00+05:30,4565,4565,4562.55,4563.45,2375,
2024-07-03 12:36:00+05:30,4563.35,4565,4560.7,4564,15311,
2024-07-03 12:37:00+05:30,4564,4565,4561.7,4564.95,479,
2024-07-03 12:38:00+05:30,4564.95,4565.8,4561.65,4562.8,313,
2024-07-03 12:39:00+05:30,4562.8,4565.5,4561.6,4563,9209,
2024-07-03 12:40:00+05:30,4563,4565,4557.3,4560.25,7027,
2024-07-03 12:41:00+05:30,4560.25,4561,4558,4559.7,610,
2024-07-03 12:42:00+05:30,4559.7,4561.1,4555,4560,1793,
2024-07-03 12:43:00+05:30,4560,4561.95,4556,4561.95,2740,
2024-07-03 12:44:00+05:30,4561.95,4565.95,4560.1,4564,3379,
2024-07-03 12:45:00+05:30,4564,4565.9,4560.2,4562.75,23450,
2024-07-03 12:46:00+05:30,4562.75,4565,4561.35,4564.5,2193,
2024-07-03 12:47:00+05:30,4564.5,4565,4561,4564.6,366,
2024-07-03 12:48:00+05:30,4564.6,4565,4561.8,4565,534,
2024-07-03 12:49:00+05:30,4565,4565,4561.05,4561.05,470,
2024-07-03 12:50:00+05:30,4561.05,4564.95,4561.05,4564.95,261,
2024-07-03 12:51:00+05:30,4564.95,4565,4561.1,4562.95,218,
2024-07-03 12:52:00+05:30,4562.95,4563.75,4560.2,4563.25,248,
2024-07-03 12:53:00+05:30,4563.25,4564.75,4560.25,4564.25,227,
2024-07-03 12:54:00+05:30,4564.25,4564.25,4560,4562,237,
2024-07-03 12:55:00+05:30,4562,4563,4558.15,4562.6,231,
2024-07-03 12:56:00+05:30,4562.6,4562.6,4558.6,4561.15,268,
2024-07-03 12:57:00+05:30,4561.15,4562.1,4559.1,4562,254,
2024-07-03 12:58:00+05:30,4562,4562.75,4558.2,4558.95,250,
2024-07-03 12:59:00+05:30,4558.95,4562.75,4558.95,4560.6,312,
2024-07-03 13:00:00+05:30,4560.6,4560.6,4554,4554,672,
2024-07-03 13:01:00+05:30,4554,4554,4545,4545,935,
2024-07-03 13:02:00+05:30,4545.95,4545.95,4541.5,4542.75,816,
2024-07-03 13:03:00+05:30,4542.75,4545.85,4540.15,4541.7,650,
2024-07-03 13:04:00+05:30,4541.7,4542.1,4540,4540.25,817,
2024-07-03 13:05:00+05:30,4540.25,4544.95,4539.85,4543,560,
2024-07-03 13:06:00+05:30,4543,4544.75,4543,4543.05,63,
2024-07-03 13:07:00+05:30,4543.05,4543.1,4541.75,4542.75,537,
2024-07-03 13:08:00+05:30,4542.75,4544,4540.1,4540.3,387,
2024-07-03 13:09:00+05:30,4540.3,4542.25,4540.05,4540.3,146,
2024-07-03 13:10:00+05:30,4540.3,4543,4540.3,4540.55,194,
2024-07-03 13:11:00+05:30,4540.55,4544.8,4540.5,4544.8,419,
2024-07-03 13:12:00+05:30,4544.8,4547.95,4543.15,4547.15,451,
2024-07-03 13:13:00+05:30,4547.15,4547.15,4544.55,4544.6,119,
2024-07-03 13:14:00+05:30,4544.6,4546.9,4544.6,4546.9,77,
2024-07-03 13:15:00+05:30,4546.9,4546.9,4545,4545,93,
2024-07-03 13:16:00+05:30,4545,4546.6,4545,4545,172,
2024-07-03 13:17:00+05:30,4545,4546.85,4544,4544,134,
2024-07-03 13:18:00+05:30,4544,4544.05,4540.85,4541.5,632,
2024-07-03 13:19:00+05:30,4541.5,4544,4540.9,4541,66,
2024-07-03 13:20:00+05:30,4541,4541,4536.2,4537.25,802,
2024-07-03 13:21:00+05:30,4537.25,4543.9,4537,4540.3,1194,
2024-07-03 13:22:00+05:30,4540.3,4542.95,4540.3,4540.55,247,
2024-07-03 13:23:00+05:30,4540.55,4543.95,4540.55,4540.55,272,
2024-07-03 13:24:00+05:30,4540.55,4542.65,4540.55,4540.55,65,
2024-07-03 13:25:00+05:30,4541.65,4541.85,4539.95,4540.85,366,
2024-07-03 13:26:00+05:30,4540.85,4541.85,4540,4540.35,97,
2024-07-03 13:27:00+05:30,4540.35,4541.05,4536.2,4536.2,332,
2024-07-03 13:28:00+05:30,4536.2,4539.15,4536.2,4537.05,96,
2024-07-03 13:29:00+05:30,4537.05,4538,4536.2,4536.45,1413,
2024-07-03 13:30:00+05:30,4536.45,4536.45,4535.05,4535.05,152,
2024-07-03 13:31:00+05:30,4535.05,4536.6,4534.35,4536.4,693,
2024-07-03 13:32:00+05:30,4536.55,4536.55,4535.1,4535.1,631,
2024-07-03 13:33:00+05:30,4535.1,4537.65,4535.1,4535.25,258,
2024-07-03 13:34:00+05:30,4535.25,4538.55,4535.2,4538.15,283,
2024-07-03 13:35:00+05:30,4538.15,4538.95,4535.15,4535.9,181,
2024-07-03 13:36:00+05:30,4538.55,4540.45,4535.75,4539.5,203,
2024-07-03 13:37:00+05:30,4539.5,4539.5,4537.05,4537.55,112,
2024-07-03 13:38:00+05:30,4537.55,4543.35,4536,4539.35,1426,
2024-07-03 13:39:00+05:30,4539.35,4540.8,4537.75,4537.75,215,
2024-07-03 13:40:00+05:30,4537.75,4539.6,4536.35,4539.6,192,
2024-07-03 13:41:00+05:30,4539.6,4539.85,4537,4537.3,53,
2024-07-03 13:42:00+05:30,4537.3,4541.35,4537.3,4537.9,80,
2024-07-03 13:43:00+05:30,4537.9,4538.45,4536.25,4536.8,143,
2024-07-03 13:44:00+05:30,4536.8,4539.8,4536.8,4538.45,55,
2024-07-03 13:45:00+05:30,4538.45,4540,4536.85,4538.4,83,
2024-07-03 13:46:00+05:30,4538.4,4539.2,4535.4,4538.1,97,
2024-07-03 13:47:00+05:30,4538,4538.1,4536,4537.5,239,
2024-07-03 13:48:00+05:30,4536.75,4540,4536.75,4538.4,328,
2024-07-03 13:49:00+05:30,4538.4,4540,4537.5,4537.8,402,
2024-07-03 13:50:00+05:30,4537.8,4537.8,4536.5,4536.55,93,
2024-07-03 13:51:00+05:30,4536.55,4539.9,4535.2,4535.65,824,
2024-07-03 13:52:00+05:30,4535.65,4537.5,4535.1,4535.1,836,
2024-07-03 13:53:00+05:30,4535.1,4538.05,4535.1,4535.2,292,
2024-07-03 13:54:00+05:30,4537.25,4538.15,4535.1,4535.2,749,
2024-07-03 13:55:00+05:30,4535.2,4537.05,4535.2,4535.35,223,
2024-07-03 13:56:00+05:30,4535.35,4538.2,4535.1,4538.2,172,
2024-07-03 13:57:00+05:30,4538.2,4538.2,4535.15,4535.15,369,
2024-07-03 13:58:00+05:30,4535.15,4536.25,4535.1,4536.25,170,
2024-07-03 13:59:00+05:30,4540,4540,4536.3,4536.3,378,
2024-07-03 14:00:00+05:30,4536.3,4536.65,4536.05,4536.2,165,
2024-07-03 14:01:00+05:30,4536.2,4538.5,4536.2,4536.25,406,
2024-07-03 14:02:00+05:30,4536.25,4537.65,4536,4536.65,173,
2024-07-03 14:03:00+05:30,4536.65,4539,4536,4536.2,157,
2024-07-03 14:04:00+05:30,4536.2,4536.6,4535.1,4535.6,524,
2024-07-03 14:05:00+05:30,4535.6,4538.1,4535.1,4538.1,820,
2024-07-03 14:06:00+05:30,4535.5,4538.95,4535.15,4536.65,150,
2024-07-03 14:07:00+05:30,4536.65,4538.1,4535.15,4536.05,129,
2024-07-03 14:08:00+05:30,4536.05,4538.7,4536,4536,250,
2024-07-03 14:09:00+05:30,4536.05,4537.6,4536.05,4537.6,140,
2024-07-03 14:10:00+05:30,4537.6,4540,4536.05,4538.1,231,
2024-07-03 14:11:00+05:30,4538.1,4540,4537.8,4540,220,
2024-07-03 14:12:00+05:30,4540,4545.15,4540,4543.95,731,
2024-07-03 14:13:00+05:30,4543.95,4547.05,4543.95,4545.8,688,
2024-07-03 14:14:00+05:30,4545.8,4550,4545.8,4546,1273,
2024-07-03 14:15:00+05:30,4546,4548.45,4546,4546.3,247,
2024-07-03 14:16:00+05:30,4547.9,4547.9,4542.2,4542.35,830,
2024-07-03 14:17:00+05:30,4542.35,4545.15,4542.2,4543.8,213,
2024-07-03 14:18:00+05:30,4543.8,4545.25,4543.75,4543.75,153,
2024-07-03 14:19:00+05:30,4543.75,4545.8,4542.25,4545.15,799,
2024-07-03 14:20:00+05:30,4542.4,4544.7,4542.4,4542.45,185,
2024-07-03 14:21:00+05:30,4542.45,4543.5,4542.45,4542.5,165,
2024-07-03 14:22:00+05:30,4542.5,4543,4542.2,4542.2,202,
2024-07-03 14:23:00+05:30,4542.2,4543.35,4540.25,4542.55,234,
2024-07-03 14:24:00+05:30,4542.55,4542.55,4540,4540.1,156,
2024-07-03 14:25:00+05:30,4540.1,4541.1,4537.55,4538,629,
2024-07-03 14:26:00+05:30,4538,4543.8,4538,4540.25,851,
2024-07-03 14:27:00+05:30,4540.25,4540.25,4537.5,4537.5,494,
2024-07-03 14:28:00+05:30,4537.5,4537.9,4537.5,4537.85,192,
2024-07-03 14:29:00+05:30,4537.85,4537.9,4537.5,4537.9,144,
2024-07-03 14:30:00+05:30,4538,4540,4537.9,4539.45,213,
2024-07-03 14:31:00+05:30,4539.45,4542.5,4539.05,4540.65,128,
2024-07-03 14:32:00+05:30,4540.65,4543,4540.65,4542.4,164,
2024-07-03 14:33:00+05:30,4542.4,4542.8,4540.75,4541.1,198,
2024-07-03 14:34:00+05:30,4541.1,4542.75,4541.05,4541.05,62,
2024-07-03 14:35:00+05:30,4541,4543,4539.85,4539.85,760,
2024-07-03 14:36:00+05:30,4539.85,4543.2,4539,4539.5,285,
2024-07-03 14:37:00+05:30,4539.5,4539.5,4537.5,4537.95,213,
2024-07-03 14:38:00+05:30,4538,4538,4537.5,4537.9,229,
2024-07-03 14:39:00+05:30,4537.5,4537.9,4535.45,4536.05,165,
2024-07-03 14:40:00+05:30,4535.1,4540,4535.1,4540,479,
2024-07-03 14:41:00+05:30,4540,4542,4540,4540.05,93,
2024-07-03 14:42:00+05:30,4540.05,4543.55,4538.8,4538.8,287,
2024-07-03 14:43:00+05:30,4538.8,4541.4,4537,4541.4,90,
2024-07-03 14:44:00+05:30,4541.4,4541.4,4537.95,4539.7,254,
2024-07-03 14:45:00+05:30,4539.7,4539.95,4537.15,4537.2,169,
2024-07-03 14:46:00+05:30,4537.2,4540.95,4537.2,4540.05,844,
2024-07-03 14:47:00+05:30,4540.05,4540.1,4538.55,4538.55,91,
2024-07-03 14:48:00+05:30,4540.1,4540.15,4538.35,4538.35,190,
2024-07-03 14:49:00+05:30,4540,4541.25,4537.8,4540.3,286,
2024-07-03 14:50:00+05:30,4540.3,4540.4,4538,4540,111,
2024-07-03 14:51:00+05:30,4540,4541.35,4538,4540,224,
2024-07-03 14:52:00+05:30,4540,4542,4538.9,4541.15,211,
2024-07-03 14:53:00+05:30,4541.15,4541.15,4539.7,4539.9,83,
2024-07-03 14:54:00+05:30,4540.95,4542,4538.25,4540.7,278,
2024-07-03 14:55:00+05:30,4540.7,4540.95,4538.15,4538.65,301,
2024-07-03 14:56:00+05:30,4538.65,4540.3,4538.35,4539.55,118,
2024-07-03 14:57:00+05:30,4539.55,4540.05,4538,4539.15,138,
2024-07-03 14:58:00+05:30,4539.15,4544.8,4538.4,4539.8,2050,
2024-07-03 14:59:00+05:30,4540.4,4542.05,4539.4,4539.9,361,
2024-07-03 15:00:00+05:30,4539.9,4546.85,4539.9,4546,243,
2024-07-03 15:01:00+05:30,4545.5,4546.95,4542.75,4544.1,778,
2024-07-03 15:02:00+05:30,4544.1,4545,4541.9,4541.9,1229,
2024-07-03 15:03:00+05:30,4541.9,4548,4541.9,4546.55,1861,
2024-07-03 15:04:00+05:30,4548,4549.75,4546.15,4549.4,395,
2024-07-03 15:05:00+05:30,4549.4,4549.7,4547.9,4549.3,504,
2024-07-03 15:06:00+05:30,4549.3,4549.3,4546.9,4546.9,263,
2024-07-03 15:07:00+05:30,4547.1,4548.05,4547.05,4548,171,
2024-07-03 15:08:00+05:30,4548,4550.95,4547.85,4550.95,2313,
2024-07-03 15:09:00+05:30,4550.9,4556.95,4549.35,4553.65,3758,
2024-07-03 15:10:00+05:30,4554.3,4554.3,4550,4553,1206,
2024-07-03 15:11:00+05:30,4553,4553.7,4550,4552.7,680,
2024-07-03 15:12:00+05:30,4552.7,4555.55,4551,4552.1,2049,
2024-07-03 15:13:00+05:30,4552.1,4558.1,4552.1,4554.15,1206,
2024-07-03 15:14:00+05:30,4554.15,4556.75,4554.1,4554.25,1567,
2024-07-03 15:15:00+05:30,4555.5,4560.8,4554.3,4559.25,869,
2024-07-03 15:16:00+05:30,4559,4563.45,4559,4561.6,1039,
2024-07-03 15:17:00+05:30,4561.65,4563.55,4561.6,4561.8,731,
2024-07-03 15:18:00+05:30,4562,4563.8,4557.35,4558.95,1657,
2024-07-03 15:19:00+05:30,4558.3,4562,4558.3,4560.05,843,
2024-07-03 15:20:00+05:30,4560.05,4564.8,4560.05,4564.25,2497,
2024-07-03 15:21:00+05:30,4561.6,4570.05,4561.35,4564.9,6796,
2024-07-03 15:22:00+05:30,4567.1,4569.35,4561.95,4565,4290,
2024-07-03 15:23:00+05:30,4565,4568,4563.4,4564.9,3763,
2024-07-03 15:24:00+05:30,4564.9,4565,4564.85,4564.95,1371,
2024-07-03 15:25:00+05:30,4564.95,4569,4562.25,4563.15,5202,
2024-07-03 15:26:00+05:30,4563.15,4564.1,4556.75,4556.75,1510,
2024-07-03 15:27:00+05:30,4558.25,4565,4557.45,4562.75,1213,
2024-07-03 15:28:00+05:30,4562.75,4564.55,4559.05,4563.7,597,
2024-07-03 15:29:00+05:30,4563.7,4564,4555,4555,241,
2024-07-04 09:15:00+05:30,4559.15,4572.05,4551.9,4566.25,1795,
2024-07-04 09:16:00+05:30,4569.2,4577.4,4567.6,4570.25,1129,
2024-07-04 09:17:00+05:30,4573,4573,4560.75,4561.5,995,
2024-07-04 09:18:00+05:30,4561.5,4561.5,4554.05,4554.05,2847,
2024-07-04 09:19:00+05:30,4554.05,4564.25,4552.7,4560.2,1892,
2024-07-04 09:20:00+05:30,4560.2,4560.25,4552,4552,438,
2024-07-04 09:21:00+05:30,4552,4553.95,4546.5,4550.05,1652,
2024-07-04 09:22:00+05:30,4546,4549.75,4544.85,4547.75,1126,
2024-07-04 09:23:00+05:30,4547.45,4551.9,4544.95,4545.05,1042,
2024-07-04 09:24:00+05:30,4545.4,4546.2,4541,4545,896,
2024-07-04 09:25:00+05:30,4546.65,4549.45,4541.9,4541.9,260,
2024-07-04 09:26:00+05:30,4541.9,4543.6,4540.65,4543,407,
2024-07-04 09:27:00+05:30,4543,4543,4535,4535.85,1129,
2024-07-04 09:28:00+05:30,4535.85,4539.55,4535.4,4536.4,367,
2024-07-04 09:29:00+05:30,4537.25,4549.5,4536.3,4549.5,420,
2024-07-04 09:30:00+05:30,4546.05,4547.9,4542.9,4545.5,702,
2024-07-04 09:31:00+05:30,4545.5,4547.4,4538.25,4538.95,1352,
2024-07-04 09:32:00+05:30,4537.55,4541.5,4535.45,4541.4,1311,
2024-07-04 09:33:00+05:30,4541.4,4544.1,4538.8,4541.65,1111,
2024-07-04 09:34:00+05:30,4541.7,4548.05,4541.65,4545.15,280,
2024-07-04 09:35:00+05:30,4545.15,4545.45,4541.7,4544.6,341,
2024-07-04 09:36:00+05:30,4544.6,4544.6,4540,4542.45,337,
2024-07-04 09:37:00+05:30,4542.45,4542.45,4536.85,4539.85,1509,
2024-07-04 09:38:00+05:30,4540.3,4540.3,4537.1,4538.6,267,
2024-07-04 09:39:00+05:30,4538.6,4540,4536.85,4540,584,
2024-07-04 09:40:00+05:30,4540,4542.95,4540,4542.85,138,
2024-07-04 09:41:00+05:30,4542.85,4543.45,4539.95,4543.45,236,
2024-07-04 09:42:00+05:30,4543.45,4544.45,4543.4,4544.05,65,
2024-07-04 09:43:00+05:30,4544.05,4546.85,4540,4543.8,933,
2024-07-04 09:44:00+05:30,4543.8,4556.05,4543.8,4554.35,859,
2024-07-04 09:45:00+05:30,4551.9,4554.95,4551.1,4554.95,846,
2024-07-04 09:46:00+05:30,4555,4557.85,4545.4,4549.2,4094,
2024-07-04 09:47:00+05:30,4547.45,4550,4542.7,4549.1,678,
2024-07-04 09:48:00+05:30,4549.1,4550.05,4543.6,4547.8,1433,
2024-07-04 09:49:00+05:30,4547.8,4550.65,4545.15,4550.65,563,
2024-07-04 09:50:00+05:30,4550.65,4551.75,4547.25,4549.95,1184,
2024-07-04 09:51:00+05:30,4549.95,4550,4548.05,4548.25,131,
2024-07-04 09:52:00+05:30,4548.25,4552.45,4548.25,4548.55,1433,
2024-07-04 09:53:00+05:30,4549,4550.5,4549,4550.5,403,
2024-07-04 09:54:00+05:30,4550.45,4550.5,4543.9,4547.8,1228,
2024-07-04 09:55:00+05:30,4545.5,4550.5,4545.5,4550.5,781,
2024-07-04 09:56:00+05:30,4550.25,4550.5,4548,4549.8,705,
2024-07-04 09:57:00+05:30,4549.35,4550.5,4545.45,4545.45,4414,
2024-07-04 09:58:00+05:30,4545.65,4545.65,4540.6,4542.25,802,
2024-07-04 09:59:00+05:30,4542.25,4550,4541,4550,389,
2024-07-04 10:00:00+05:30,4550,4550,4541.25,4542.5,2181,
2024-07-04 10:01:00+05:30,4542.5,4545.85,4541.2,4543.85,414,
2024-07-04 10:02:00+05:30,4542.65,4546.85,4541.7,4544.75,285,
2024-07-04 10:03:00+05:30,4544.8,4544.8,4541.5,4542.95,416,
2024-07-04 10:04:00+05:30,4543.85,4545.95,4542.6,4543.7,41,
2024-07-04 10:05:00+05:30,4543.7,4546,4540.5,4544.9,882,
2024-07-04 10:06:00+05:30,4544.9,4546,4543.35,4543.35,239,
2024-07-04 10:07:00+05:30,4543.35,4548.7,4543.35,4546,265,
2024-07-04 10:08:00+05:30,4546,4548.65,4540.95,4544.95,566,
2024-07-04 10:09:00+05:30,4542.45,4547.5,4542.45,4547.5,270,
2024-07-04 10:10:00+05:30,4547.5,4549.7,4546.75,4546.75,492,
2024-07-04 10:11:00+05:30,4546.75,4548.35,4544.2,4544.55,498,
2024-07-04 10:12:00+05:30,4544.55,4546,4544.55,4545.75,110,
2024-07-04 10:13:00+05:30,4545.75,4545.75,4541.45,4541.45,468,
2024-07-04 10:14:00+05:30,4542.25,4549.4,4542.25,4549.4,739,
2024-07-04 10:15:00+05:30,4549.4,4549.4,4547.1,4548.8,113,
2024-07-04 10:16:00+05:30,4548.8,4548.8,4542.85,4546.25,887,
2024-07-04 10:17:00+05:30,4546.25,4547.95,4544.5,4547.7,834,
2024-07-04 10:18:00+05:30,4547.7,4547.95,4545.95,4545.95,259,
2024-07-04 10:19:00+05:30,4545.95,4545.95,4540.8,4541.1,1033,
2024-07-04 10:20:00+05:30,4540.3,4541.05,4538.05,4540.55,812,
2024-07-04 10:21:00+05:30,4540.6,4542.55,4537.55,4542.55,1129,
2024-07-04 10:22:00+05:30,4540.6,4543.7,4540.6,4542.35,199,
2024-07-04 10:23:00+05:30,4542.35,4542.45,4536.85,4536.9,1026,
2024-07-04 10:24:00+05:30,4536.85,4537.55,4531.8,4536.35,3085,
2024-07-04 10:25:00+05:30,4534.85,4537.4,4534.55,4535.7,1140,
2024-07-04 10:26:00+05:30,4536.25,4539.95,4535.7,4535.7,891,
2024-07-04 10:27:00+05:30,4535.7,4538.8,4535,4536.5,552,
2024-07-04 10:28:00+05:30,4536.6,4539.5,4536.5,4539.5,294,
2024-07-04 10:29:00+05:30,4539.5,4539.5,4535,4536.3,472,
2024-07-04 10:30:00+05:30,4536.35,4538.6,4536.15,4537.75,334,
2024-07-04 10:31:00+05:30,4537.75,4542.95,4537.75,4542.95,304,
2024-07-04 10:32:00+05:30,4541.55,4542.95,4540.85,4542.15,226,
2024-07-04 10:33:00+05:30,4542.15,4542.95,4536.5,4537.95,848,
2024-07-04 10:34:00+05:30,4537.95,4541,4535.8,4537.95,882,
2024-07-04 10:35:00+05:30,4538.2,4543.9,4537.05,4539.25,1123,
2024-07-04 10:36:00+05:30,4539.25,4539.25,4536.5,4538.1,224,
2024-07-04 10:37:00+05:30,4537.35,4540.25,4537,4537,619,
2024-07-04 10:38:00+05:30,4537.05,4539.7,4537,4539.7,292,
2024-07-04 10:39:00+05:30,4537.2,4539.8,4537.1,4539.8,50,
2024-07-04 10:40:00+05:30,4539.8,4543.95,4537.55,4542.2,166,
2024-07-04 10:41:00+05:30,4542.2,4544.7,4538.05,4544.65,223,
2024-07-04 10:42:00+05:30,4546.65,4546.65,4538.65,4538.65,3622,
2024-07-04 10:43:00+05:30,4538.3,4541.4,4538,4538,313,
2024-07-04 10:44:00+05:30,4537.15,4539.9,4537.1,4539.65,446,
2024-07-04 10:45:00+05:30,4538,4539.6,4537.05,4539.6,191,
2024-07-04 10:46:00+05:30,4539.6,4541.1,4537.1,4537.9,195,
2024-07-04 10:47:00+05:30,4537.9,4540.65,4537,4537.7,379,
2024-07-04 10:48:00+05:30,4537.7,4541.45,4537.6,4539.1,369,
2024-07-04 10:49:00+05:30,4539.1,4541,4537.6,4541,521,
2024-07-04 10:50:00+05:30,4541,4541,4538.9,4541,148,
2024-07-04 10:51:00+05:30,4541,4545,4541,4543.05,373,
2024-07-04 10:52:00+05:30,4543.05,4545,4542.8,4544.9,968,
2024-07-04 10:53:00+05:30,4544.9,4546.8,4543.75,4543.75,439,
2024-07-04 10:54:00+05:30,4543.75,4545.9,4540.65,4540.65,782,
2024-07-04 10:55:00+05:30,4542,4542.5,4540.6,4542.5,28,
2024-07-04 10:56:00+05:30,4544.55,4545.7,4542.5,4543.95,92,
2024-07-04 10:57:00+05:30,4543.95,4546.25,4542.9,4543.6,781,
2024-07-04 10:58:00+05:30,4543.5,4545.7,4542.7,4543.2,148,
2024-07-04 10:59:00+05:30,4543.2,4545.8,4543.2,4544.6,112,
2024-07-04 11:00:00+05:30,4544.6,4545.75,4541.55,4544,238,
2024-07-04 11:01:00+05:30,4544,4545.6,4541.85,4542.3,449,
2024-07-04 11:02:00+05:30,4542.3,4545.45,4542.25,4544,567,
2024-07-04 11:03:00+05:30,4544,4550,4544,4548.55,1031,
2024-07-04 11:04:00+05:30,4548.55,4550,4546.1,4546.1,1589,
2024-07-04 11:05:00+05:30,4546.1,4547.95,4545.7,4547.95,427,
2024-07-04 11:06:00+05:30,4547.95,4550,4547.95,4550,554,
2024-07-04 11:07:00+05:30,4550,4550,4546.35,4546.35,270,
2024-07-04 11:08:00+05:30,4546.35,4548.65,4546.3,4548.6,138,
2024-07-04 11:09:00+05:30,4548.6,4550,4546.35,4547.3,1440,
2024-07-04 11:10:00+05:30,4548.8,4552.3,4548.8,4550.15,1073,
2024-07-04 11:11:00+05:30,4550.15,4557.35,4550.15,4556.75,1967,
2024-07-04 11:12:00+05:30,4556.75,4556.75,4552.65,4555.8,823,
2024-07-04 11:13:00+05:30,4555.8,4557.95,4554.6,4555.95,1567,
2024-07-04 11:14:00+05:30,4555.95,4556.35,4554,4554.05,28,
2024-07-04 11:15:00+05:30,4554.05,4555.85,4550,4551.65,1151,
2024-07-04 11:16:00+05:30,4551.65,4554,4549.65,4549.65,538,
2024-07-04 11:17:00+05:30,4549.65,4551.45,4548.7,4548.7,350,
2024-07-04 11:18:00+05:30,4548.7,4550,4544.65,4546.2,447,
2024-07-04 11:19:00+05:30,4546.2,4549.75,4546.2,4548,44,
2024-07-04 11:20:00+05:30,4548,4550,4548,4548.35,577,
2024-07-04 11:21:00+05:30,4548.35,4550,4548.3,4548.35,81,
2024-07-04 11:22:00+05:30,4548.45,4552.6,4548.45,4552.6,592,
2024-07-04 11:23:00+05:30,4552.6,4552.6,4549.7,4550,412,
2024-07-04 11:24:00+05:30,4550,4551.8,4549.05,4549.6,302,
2024-07-04 11:25:00+05:30,4549.6,4551.9,4548,4548.9,1096,
2024-07-04 11:26:00+05:30,4548.9,4551.7,4547.5,4551,1241,
2024-07-04 11:27:00+05:30,4551,4551,4546.05,4548.5,342,
2024-07-04 11:28:00+05:30,4548.5,4550.7,4548.4,4550.15,166,
2024-07-04 11:29:00+05:30,4550.15,4550.15,4548.4,4548.65,125,
2024-07-04 11:30:00+05:30,4550.95,4553,4548.7,4551.2,363,
2024-07-04 11:31:00+05:30,4551.2,4552.85,4549.65,4552.85,123,
2024-07-04 11:32:00+05:30,4552.85,4554,4550.15,4553.6,260,
2024-07-04 11:33:00+05:30,4551.15,4553.7,4550.25,4553,251,
2024-07-04 11:34:00+05:30,4553,4553,4548.5,4550.65,464,
2024-07-04 11:35:00+05:30,4550.65,4550.65,4548.5,4550,96,
2024-07-04 11:36:00+05:30,4550,4550.65,4548.55,4549.95,532,
2024-07-04 11:37:00+05:30,4549.95,4553.45,4549.95,4553.45,490,
2024-07-04 11:38:00+05:30,4553.45,4556,4551.6,4556,1478,
2024-07-04 11:39:00+05:30,4556,4559.45,4552.55,4557.4,1098,
2024-07-04 11:40:00+05:30,4557.4,4557.4,4547.55,4549.6,761,
2024-07-04 11:41:00+05:30,4549.6,4549.6,4545.35,4548.2,1215,
2024-07-04 11:42:00+05:30,4548.2,4550.3,4545.15,4548.3,525,
2024-07-04 11:43:00+05:30,4548.3,4548.3,4542.55,4542.55,159,
2024-07-04 11:44:00+05:30,4542.55,4549.5,4540,4542.8,10884,
2024-07-04 11:45:00+05:30,4542.8,4543.5,4540.5,4542.9,261,
2024-07-04 11:46:00+05:30,4542.9,4543,4540.9,4541.3,221,
2024-07-04 11:47:00+05:30,4541.3,4545.8,4541,4542.8,182,
2024-07-04 11:48:00+05:30,4542.8,4545.7,4541,4542.8,429,
2024-07-04 11:49:00+05:30,4542.8,4543.6,4540.5,4540.5,189,
2024-07-04 11:50:00+05:30,4540.5,4542.75,4540.5,4542.75,237,
2024-07-04 11:51:00+05:30,4542.75,4542.75,4542,4542.75,453,
2024-07-04 11:52:00+05:30,4542.75,4542.75,4540.15,4541.95,103,
2024-07-04 11:53:00+05:30,4541.95,4542,4537,4537.45,840,
2024-07-04 11:54:00+05:30,4535.1,4540.5,4535.1,4537.7,262,
2024-07-04 11:55:00+05:30,4537.7,4538,4536.2,4536.2,92,
2024-07-04 11:56:00+05:30,4536.2,4538,4530,4530,2550,
2024-07-04 11:57:00+05:30,4530,4531.25,4521.7,4523.25,883,
2024-07-04 11:58:00+05:30,4523.45,4527.45,4521.8,4526.95,1260,
2024-07-04 11:59:00+05:30,4526.95,4534.95,4526.1,4534.95,660,
2024-07-04 12:00:00+05:30,4534.95,4537.75,4532.75,4535,800,
2024-07-04 12:01:00+05:30,4535,4535,4533,4533,458,
2024-07-04 12:02:00+05:30,4533,4535,4532.25,4535,746,
2024-07-04 12:03:00+05:30,4535,4535,4530.75,4533.25,2047,
2024-07-04 12:04:00+05:30,4533.25,4534.8,4529.4,4534.75,1315,
2024-07-04 12:05:00+05:30,4534.75,4534.75,4532.6,4532.6,772,
2024-07-04 12:06:00+05:30,4533.2,4534.55,4532.4,4534.5,965,
2024-07-04 12:07:00+05:30,4534.5,4538.8,4532.55,4535.9,764,
2024-07-04 12:08:00+05:30,4535.9,4538.1,4534.5,4534.5,204,
2024-07-04 12:09:00+05:30,4534.5,4535.4,4533,4533,219,
2024-07-04 12:10:00+05:30,4534.6,4535.4,4532.55,4533,907,
2024-07-04 12:11:00+05:30,4533,4535,4533,4535,334,
2024-07-04 12:12:00+05:30,4535,4535.4,4535,4535.4,84,
2024-07-04 12:13:00+05:30,4535.4,4535.4,4534,4535.4,1136,
2024-07-04 12:14:00+05:30,4535.4,4535.5,4534,4535,670,
2024-07-04 12:15:00+05:30,4535,4536.45,4533,4533,537,
2024-07-04 12:16:00+05:30,4533,4534.4,4533,4534.4,399,
2024-07-04 12:17:00+05:30,4534.4,4534.65,4532.35,4532.5,152,
2024-07-04 12:18:00+05:30,4532.5,4534.4,4532.4,4532.45,142,
2024-07-04 12:19:00+05:30,4532.45,4533,4531.5,4532.95,95,
2024-07-04 12:20:00+05:30,4532.95,4533.15,4531,4531.05,496,
2024-07-04 12:21:00+05:30,4531.25,4533.15,4531.25,4533.15,181,
2024-07-04 12:22:00+05:30,4533.15,4534.05,4531.25,4531.95,128,
2024-07-04 12:23:00+05:30,4531.95,4535,4531.95,4535,150,
2024-07-04 12:24:00+05:30,4535,4535,4533,4533,267,
2024-07-04 12:25:00+05:30,4533,4534.4,4533,4534.4,177,
2024-07-04 12:26:00+05:30,4534.4,4534.9,4533,4533,157,
2024-07-04 12:27:00+05:30,4533,4534.95,4533,4533,92,
2024-07-04 12:28:00+05:30,4533,4534.55,4533,4533.05,114,
2024-07-04 12:29:00+05:30,4533.05,4534.45,4533.05,4533.05,138,
2024-07-04 12:30:00+05:30,4534.45,4534.5,4533.05,4534.45,206,
2024-07-04 12:31:00+05:30,4534.45,4537,4534.45,4537,172,
2024-07-04 12:32:00+05:30,4537,4540.5,4537,4539,342,
2024-07-04 12:33:00+05:30,4539,4543.8,4539,4543.8,160,
2024-07-04 12:34:00+05:30,4543.8,4544,4540.05,4540.05,337,
2024-07-04 12:35:00+05:30,4540.05,4542.5,4539.35,4542.5,65,
2024-07-04 12:36:00+05:30,4542.5,4545,4541,4542.05,350,
2024-07-04 12:37:00+05:30,4542.05,4543.8,4541.25,4543,292,
2024-07-04 12:38:00+05:30,4544.8,4546,4543,4546,197,
2024-07-04 12:39:00+05:30,4543.9,4547.9,4543.55,4546.95,284,
2024-07-04 12:40:00+05:30,4545.35,4548,4545.05,4545.2,1405,
2024-07-04 12:41:00+05:30,4545.2,4545.2,4542.05,4544.15,177,
2024-07-04 12:42:00+05:30,4544.15,4545,4543.4,4543.45,261,
2024-07-04 12:43:00+05:30,4543.45,4550.3,4543.45,4550.3,1287,
2024-07-04 12:44:00+05:30,4550.3,4552,4549.05,4549.25,621,
2024-07-04 12:45:00+05:30,4549.25,4550.9,4549.25,4549.55,93,
2024-07-04 12:46:00+05:30,4549.55,4551.9,4549.3,4551.6,332,
2024-07-04 12:47:00+05:30,4551.8,4555,4550.15,4551.75,1081,
2024-07-04 12:48:00+05:30,4551.75,4554.95,4551.75,4552.5,604,
2024-07-04 12:49:00+05:30,4552.5,4554.55,4550.15,4550.3,227,
2024-07-04 12:50:00+05:30,4550.3,4553.15,4550.3,4551.3,729,
2024-07-04 12:51:00+05:30,4551.3,4552.45,4550.55,4552.45,139,
2024-07-04 12:52:00+05:30,4552.45,4552.7,4549.8,4549.8,192,
2024-07-04 12:53:00+05:30,4549.8,4550.15,4549.8,4550,44,
2024-07-04 12:54:00+05:30,4550,4550.3,4543.1,4544.85,466,
2024-07-04 12:55:00+05:30,4544.85,4548,4544.85,4547.85,179,
2024-07-04 12:56:00+05:30,4547.85,4550.35,4547.8,4550.35,199,
2024-07-04 12:57:00+05:30,4550.35,4550.35,4546.25,4547.2,5420,
2024-07-04 12:58:00+05:30,4547.2,4548.85,4545.25,4545.25,341,
2024-07-04 12:59:00+05:30,4545.25,4547.15,4544.3,4544.3,27,
2024-07-04 13:00:00+05:30,4544.3,4545.05,4543.1,4543.1,167,
2024-07-04 13:01:00+05:30,4543.1,4546.2,4543.1,4546.2,29,
2024-07-04 13:02:00+05:30,4546.2,4546.2,4546.2,4546.2,282,
2024-07-04 13:03:00+05:30,4546.2,4546.2,4545.2,4545.2,133,
2024-07-04 13:04:00+05:30,4545.2,4547.15,4545.2,4545.2,37,
2024-07-04 13:05:00+05:30,4545.2,4546.9,4544,4546.9,254,
2024-07-04 13:06:00+05:30,4546.9,4546.95,4543.65,4544.9,171,
2024-07-04 13:07:00+05:30,4544.9,4547.7,4544.9,4547.7,100,
2024-07-04 13:08:00+05:30,4546.7,4547.65,4544.5,4546.9,268,
2024-07-04 13:09:00+05:30,4546.9,4547.35,4545.6,4547.35,76,
2024-07-04 13:10:00+05:30,4547.35,4547.35,4545.15,4545.2,270,
2024-07-04 13:11:00+05:30,4548.65,4548.7,4544.5,4545.9,1332,
2024-07-04 13:12:00+05:30,4545.9,4546.45,4545.9,4545.9,344,
2024-07-04 13:13:00+05:30,4545.9,4545.9,4540.4,4542.75,242,
2024-07-04 13:14:00+05:30,4542.75,4544.65,4542.4,4544.5,17,
2024-07-04 13:15:00+05:30,4544.5,4544.5,4542.45,4542.5,70,
2024-07-04 13:16:00+05:30,4542.5,4542.5,4540,4542.5,92,
2024-07-04 13:17:00+05:30,4542.5,4542.5,4541,4541.05,144,
2024-07-04 13:18:00+05:30,4541.05,4541.35,4541,4541.05,53,
2024-07-04 13:19:00+05:30,4541.05,4541.3,4540.9,4540.9,77,
2024-07-04 13:20:00+05:30,4540.9,4543,4540.9,4543,78,
2024-07-04 13:21:00+05:30,4543,4546.95,4542.75,4544.35,202,
2024-07-04 13:22:00+05:30,4544.35,4545,4542.75,4544.6,481,
2024-07-04 13:23:00+05:30,4544.6,4544.6,4541.4,4542,67,
2024-07-04 13:24:00+05:30,4542,4544,4542,4544,43,
2024-07-04 13:25:00+05:30,4544,4545.4,4544,4545.4,320,
2024-07-04 13:26:00+05:30,4545.4,4545.4,4542.8,4544.8,62,
2024-07-04 13:27:00+05:30,4544.55,4545.1,4542.75,4542.85,48,
2024-07-04 13:28:00+05:30,4542.85,4547.45,4542.85,4544.9,227,
2024-07-04 13:29:00+05:30,4544.9,4547.05,4544.9,4546.05,222,
2024-07-04 13:30:00+05:30,4546.05,4548.2,4546.05,4547.65,236,
2024-07-04 13:31:00+05:30,4547.65,4548.3,4547,4547,254,
2024-07-04 13:32:00+05:30,4547,4547,4545,4545,707,
2024-07-04 13:33:00+05:30,4545,4546.15,4543.75,4546.1,52,
2024-07-04 13:34:00+05:30,4546.1,4546.1,4543.3,4543.45,359,
2024-07-04 13:35:00+05:30,4543.45,4545.15,4542.95,4545.15,155,
2024-07-04 13:36:00+05:30,4545.15,4546.1,4545.15,4546.1,98,
2024-07-04 13:37:00+05:30,4545.55,4546.9,4545.5,4546.1,79,
2024-07-04 13:38:00+05:30,4546.1,4546.9,4546.1,4546.45,56,
2024-07-04 13:39:00+05:30,4546.45,4546.6,4544.9,4546.6,219,
2024-07-04 13:40:00+05:30,4547,4549.15,4545.55,4546.85,118,
2024-07-04 13:41:00+05:30,4546.85,4548.55,4545.5,4547.85,291,
2024-07-04 13:42:00+05:30,4547.85,4549.5,4546.65,4546.65,461,
2024-07-04 13:43:00+05:30,4546.65,4549.5,4546.65,4548.6,123,
2024-07-04 13:44:00+05:30,4549.5,4550.8,4549.5,4550.8,256,
2024-07-04 13:45:00+05:30,4550.8,4551,4550.4,4550.4,213,
2024-07-04 13:46:00+05:30,4550.4,4550.4,4542.4,4542.4,901,
2024-07-04 13:47:00+05:30,4542.55,4545.55,4542.4,4543.85,225,
2024-07-04 13:48:00+05:30,4543.85,4546.5,4543.75,4543.75,93,
2024-07-04 13:49:00+05:30,4543.75,4544.95,4543.35,4543.8,137,
2024-07-04 13:50:00+05:30,4543.8,4544.25,4541,4542.95,194,
2024-07-04 13:51:00+05:30,4542.95,4544.75,4542.15,4544.75,67,
2024-07-04 13:52:00+05:30,4545.3,4546.2,4544.7,4546.2,156,
2024-07-04 13:53:00+05:30,4546.25,4546.65,4544.25,4544.3,149,
2024-07-04 13:54:00+05:30,4544.3,4546.35,4544.25,4546.35,151,
2024-07-04 13:55:00+05:30,4546.35,4546.35,4541.1,4542.35,338,
2024-07-04 13:56:00+05:30,4542.35,4546.9,4542.35,4545.4,93,
2024-07-04 13:57:00+05:30,4545.4,4556.15,4544.95,4545.4,3268,
2024-07-04 13:58:00+05:30,4545.05,4546.45,4542.5,4542.85,348,
2024-07-04 13:59:00+05:30,4542.85,4544.45,4541.95,4543.2,116,
2024-07-04 14:00:00+05:30,4543.2,4545,4543.05,4543.05,292,
2024-07-04 14:01:00+05:30,4543.05,4545.25,4543.05,4545.25,251,
2024-07-04 14:02:00+05:30,4545.25,4549,4545.15,4545.65,691,
2024-07-04 14:03:00+05:30,4545.65,4547.25,4545.1,4545.7,225,
2024-07-04 14:04:00+05:30,4545.7,4548,4542.55,4542.8,6134,
2024-07-04 14:05:00+05:30,4542.8,4545.75,4541.95,4543.3,354,
2024-07-04 14:06:00+05:30,4543.25,4543.75,4541.95,4543.3,213,
2024-07-04 14:07:00+05:30,4543.3,4544.4,4542.6,4543.2,126,
2024-07-04 14:08:00+05:30,4543.2,4545.85,4543.2,4545.7,178,
2024-07-04 14:09:00+05:30,4545.65,4546.65,4544.85,4546.15,201,
2024-07-04 14:10:00+05:30,4546.15,4547.3,4545.5,4545.85,270,
2024-07-04 14:11:00+05:30,4545.5,4546.9,4543.35,4545.65,165,
2024-07-04 14:12:00+05:30,4546.25,4547.85,4545.65,4547.1,184,
2024-07-04 14:13:00+05:30,4547.1,4548.5,4543.15,4543.8,842,
2024-07-04 14:14:00+05:30,4544.55,4546.85,4543.35,4545.45,244,
2024-07-04 14:15:00+05:30,4545.45,4545.5,4543.8,4543.8,389,
2024-07-04 14:16:00+05:30,4543.8,4550,4543.6,4547.95,1157,
2024-07-04 14:17:00+05:30,4547.95,4547.95,4545.2,4546.8,347,
2024-07-04 14:18:00+05:30,4546.8,4549.2,4545.55,4548.6,242,
2024-07-04 14:19:00+05:30,4548.6,4548.65,4545.85,4546.6,316,
2024-07-04 14:20:00+05:30,4546.6,4549.3,4546.5,4549.3,374,
2024-07-04 14:21:00+05:30,4547.9,4550,4546.95,4549,139,
2024-07-04 14:22:00+05:30,4549.95,4550.5,4548.8,4549.8,535,
2024-07-04 14:23:00+05:30,4549.8,4550,4546.85,4547.25,422,
2024-07-04 14:24:00+05:30,4547.25,4549,4547.25,4547.7,401,
2024-07-04 14:25:00+05:30,4547.9,4547.9,4544.2,4544.2,571,
2024-07-04 14:26:00+05:30,4545.75,4545.75,4545.3,4545.45,205,
2024-07-04 14:27:00+05:30,4545.45,4548.45,4545.45,4547.25,200,
2024-07-04 14:28:00+05:30,4547.25,4550,4547.15,4547.5,751,
2024-07-04 14:29:00+05:30,4547.45,4549,4547.25,4548,121,
2024-07-04 14:30:00+05:30,4548.95,4548.95,4546,4548.35,476,
2024-07-04 14:31:00+05:30,4548.35,4549,4546.9,4548.25,2646,
2024-07-04 14:32:00+05:30,4548.25,4549,4548.25,4548.95,72,
2024-07-04 14:33:00+05:30,4548.95,4548.95,4546.3,4548.75,468,
2024-07-04 14:34:00+05:30,4548.75,4548.75,4548.15,4548.15,138,
2024-07-04 14:35:00+05:30,4548.15,4549,4546.05,4546.15,378,
2024-07-04 14:36:00+05:30,4546.15,4549.85,4546.15,4549.85,46,
2024-07-04 14:37:00+05:30,4549.85,4549.85,4546.05,4547.2,214,
2024-07-04 14:38:00+05:30,4548.7,4549.8,4545.65,4545.9,2150,
2024-07-04 14:39:00+05:30,4545.9,4548.95,4545.4,4547.75,124,
2024-07-04 14:40:00+05:30,4547.75,4548.5,4544.05,4546,157,
2024-07-04 14:41:00+05:30,4546,4549,4542.15,4548.5,667,
2024-07-04 14:42:00+05:30,4548.5,4548.5,4545.35,4548.25,14,
2024-07-04 14:43:00+05:30,4548.25,4549,4544.65,4548.9,560,
2024-07-04 14:44:00+05:30,4546.9,4549.85,4544.1,4544.1,913,
2024-07-04 14:45:00+05:30,4544.1,4549,4544.1,4548.6,98,
2024-07-04 14:46:00+05:30,4548.6,4549,4546.15,4548.9,337,
2024-07-04 14:47:00+05:30,4547.1,4548.8,4544.65,4544.65,1074,
2024-07-04 14:48:00+05:30,4545,4546.7,4544.15,4544.15,131,
2024-07-04 14:49:00+05:30,4544.15,4547.25,4542,4543.9,578,
2024-07-04 14:50:00+05:30,4543.9,4547.8,4543.7,4544.7,466,
2024-07-04 14:51:00+05:30,4543.65,4545.5,4543.25,4543.85,44,
2024-07-04 14:52:00+05:30,4543.85,4547.3,4543.3,4547.15,155,
2024-07-04 14:53:00+05:30,4545.85,4546.9,4543.75,4543.8,145,
2024-07-04 14:54:00+05:30,4543.8,4543.8,4537,4539,836,
2024-07-04 14:55:00+05:30,4539,4541.9,4537.15,4541.4,355,
2024-07-04 14:56:00+05:30,4541.4,4544.35,4537,4539.25,897,
2024-07-04 14:57:00+05:30,4539.25,4543.15,4537.4,4542.05,279,
2024-07-04 14:58:00+05:30,4542.05,4544.95,4540.25,4544.95,261,
2024-07-04 14:59:00+05:30,4544.95,4544.95,4542.05,4543.7,47,
2024-07-04 15:00:00+05:30,4543.7,4544.9,4535.8,4538.5,1205,
2024-07-04 15:01:00+05:30,4538.05,4544.95,4536.95,4544.95,1153,
2024-07-04 15:02:00+05:30,4544.95,4547.95,4540.45,4547.15,1090,
2024-07-04 15:03:00+05:30,4547.15,4548,4543,4547.7,881,
2024-07-04 15:04:00+05:30,4547.7,4548,4544.95,4545.4,331,
2024-07-04 15:05:00+05:30,4545.4,4547,4540.1,4545.7,886,
2024-07-04 15:06:00+05:30,4545.65,4548,4542.15,4548,571,
2024-07-04 15:07:00+05:30,4548,4548,4543.2,4545,255,
2024-07-04 15:08:00+05:30,4545,4547.5,4544.2,4547.5,374,
2024-07-04 15:09:00+05:30,4547.5,4549.95,4540.55,4545.15,2856,
2024-07-04 15:10:00+05:30,4544.8,4548,4541.45,4545.25,984,
2024-07-04 15:11:00+05:30,4546.1,4548,4544.25,4547.6,304,
2024-07-04 15:12:00+05:30,4547.6,4548,4545.75,4547.2,383,
2024-07-04 15:13:00+05:30,4547.2,4549,4546,4547.85,646,
2024-07-04 15:14:00+05:30,4547.85,4548,4543.55,4546.8,655,
2024-07-04 15:15:00+05:30,4548,4550.3,4546,4548,2121,
2024-07-04 15:16:00+05:30,4548,4549.25,4545.85,4548,1409,
2024-07-04 15:17:00+05:30,4548,4549.7,4545.9,4546.75,1247,
2024-07-04 15:18:00+05:30,4546.7,4547.8,4539.65,4545.55,1456,
2024-07-04 15:19:00+05:30,4545.55,4547.5,4542.2,4543.95,1037,
2024-07-04 15:20:00+05:30,4547,4547,4536.4,4537.9,3964,
2024-07-04 15:21:00+05:30,4537.9,4542.2,4537,4538.45,2442,
2024-07-04 15:22:00+05:30,4538.45,4542.3,4535,4539.45,1359,
2024-07-04 15:23:00+05:30,4539.45,4542.7,4537.4,4540.5,933,
2024-07-04 15:24:00+05:30,4540.5,4542.4,4537.2,4542.4,694,
2024-07-04 15:25:00+05:30,4541.85,4544.45,4537.25,4541.85,662,
2024-07-04 15:26:00+05:30,4541.25,4544.1,4540.05,4542.65,983,
2024-07-04 15:27:00+05:30,4542.65,4545,4541.05,4543,1378,
2024-07-04 15:28:00+05:30,4544.7,4545.8,4542.8,4545.8,460,
2024-07-04 15:29:00+05:30,4543,4560,4543,4543,3635,
2024-07-05 09:15:00+05:30,4550,4569.05,4550,4564,2445,
2024-07-05 09:16:00+05:30,4568.9,4576.05,4564,4571.45,2622,
2024-07-05 09:17:00+05:30,4571,4581.2,4568.65,4577.4,2977,
2024-07-05 09:18:00+05:30,4577.4,4581.2,4570.95,4572.1,1937,
2024-07-05 09:19:00+05:30,4572.1,4584,4572.1,4580.8,1945,
2024-07-05 09:20:00+05:30,4580.95,4584,4574.35,4575.2,2477,
2024-07-05 09:21:00+05:30,4575.2,4584,4575.2,4583.2,13082,
2024-07-05 09:22:00+05:30,4580.1,4600,4578.8,4594.95,21934,
2024-07-05 09:23:00+05:30,4595.85,4633.15,4593.8,4619.5,46374,
2024-07-05 09:24:00+05:30,4619.45,4623.3,4615.4,4617.15,25575,
2024-07-05 09:25:00+05:30,4619.9,4621.1,4605.4,4616.1,27909,
2024-07-05 09:26:00+05:30,4617.05,4622.55,4613.55,4617,12453,
2024-07-05 09:27:00+05:30,4617,4624.55,4615,4621.95,8081,
2024-07-05 09:28:00+05:30,4621.95,4623,4612.1,4614.1,8644,
2024-07-05 09:29:00+05:30,4614.05,4617.8,4612,4614.35,4146,
2024-07-05 09:30:00+05:30,4614.35,4618.25,4603.4,4611.7,12626,
2024-07-05 09:31:00+05:30,4611.7,4617.8,4610.05,4613.2,3876,
2024-07-05 09:32:00+05:30,4613.2,4618,4610.85,4610.85,7350,
2024-07-05 09:33:00+05:30,4611,4615,4610,4611.65,5767,
2024-07-05 09:34:00+05:30,4611.65,4615.8,4611.65,4615.45,1988,
2024-07-05 09:35:00+05:30,4612.9,4624.25,4612.9,4616.3,16460,
2024-07-05 09:36:00+05:30,4616.3,4619.1,4602.1,4602.1,53193,
2024-07-05 09:37:00+05:30,4595.75,4612,4595.75,4609.3,8890,
2024-07-05 09:38:00+05:30,4609.3,4612,4606.75,4608.95,4071,
2024-07-05 09:39:00+05:30,4608.95,4620,4608.95,4618.35,7125,
2024-07-05 09:40:00+05:30,4618.35,4620.2,4614.35,4617.7,4659,
2024-07-05 09:41:00+05:30,4617.7,4617.7,4612.4,4612.4,2293,
2024-07-05 09:42:00+05:30,4612,4620,4608.3,4617.65,5427,
2024-07-05 09:43:00+05:30,4617.65,4620.05,4615,4615,3931,
2024-07-05 09:44:00+05:30,4614.95,4617.45,4614,4616.4,1963,
2024-07-05 09:45:00+05:30,4614.1,4618.15,4613.55,4618,2189,
2024-07-05 09:46:00+05:30,4618,4620,4616,4618.15,1882,
2024-07-05 09:47:00+05:30,4618.15,4620,4617.55,4618.1,1986,
2024-07-05 09:48:00+05:30,4618.1,4619.8,4603.55,4605,6682,
2024-07-05 09:49:00+05:30,4603.9,4608.65,4602.25,4607,2798,
2024-07-05 09:50:00+05:30,4606.95,4610,4604.4,4610,1462,
2024-07-05 09:51:00+05:30,4610,4611,4605,4611,2619,
2024-07-05 09:52:00+05:30,4611,4611,4607.15,4611,1036,
2024-07-05 09:53:00+05:30,4611,4614.3,4608.85,4611,1884,
2024-07-05 09:54:00+05:30,4611,4616,4608.8,4613.45,1869,
2024-07-05 09:55:00+05:30,4613.45,4618.9,4613.45,4616.1,3055,
2024-07-05 09:56:00+05:30,4616.1,4618.2,4614.45,4616.9,2953,
2024-07-05 09:57:00+05:30,4616.9,4618.1,4615.05,4615.3,1146,
2024-07-05 09:58:00+05:30,4617.9,4618,4611.7,4612,1722,
2024-07-05 09:59:00+05:30,4613,4614.95,4611.55,4612.25,1807,
2024-07-05 10:00:00+05:30,4612.25,4614.9,4609,4614.9,2007,
2024-07-05 10:01:00+05:30,4612.6,4617.95,4612.6,4617.55,2104,
2024-07-05 10:02:00+05:30,4617.6,4618,4615,4618,1493,
2024-07-05 10:03:00+05:30,4618,4619.75,4616.35,4616.35,3694,
2024-07-05 10:04:00+05:30,4618,4621,4615.2,4618.5,4560,
2024-07-05 10:05:00+05:30,4621,4626.15,4617.15,4625.25,5067,
2024-07-05 10:06:00+05:30,4625.95,4632,4623.75,4631,7767,
2024-07-05 10:07:00+05:30,4630.85,4637.95,4630.85,4636.45,8010,
2024-07-05 10:08:00+05:30,4635.95,4637,4629.5,4632.1,3029,
2024-07-05 10:09:00+05:30,4633.25,4633.3,4628.85,4631.35,2518,
2024-07-05 10:10:00+05:30,4631.9,4635,4628.9,4635,5081,
2024-07-05 10:11:00+05:30,4635,4644.4,4635,4643.15,10389,
2024-07-05 10:12:00+05:30,4644.4,4650,4641.7,4649,14105,
2024-07-05 10:13:00+05:30,4648.5,4648.5,4638.1,4644.05,7880,
2024-07-05 10:14:00+05:30,4644.05,4646.2,4641.05,4646,5592,
2024-07-05 10:15:00+05:30,4646,4650,4645,4646.6,7141,
2024-07-05 10:16:00+05:30,4647,4647.85,4641.55,4643,3826,
2024-07-05 10:17:00+05:30,4643,4648.25,4642,4646.8,2346,
2024-07-05 10:18:00+05:30,4646.85,4655,4646.85,4652,11208,
2024-07-05 10:19:00+05:30,4653.95,4657.45,4652,4653.2,8079,
2024-07-05 10:20:00+05:30,4653.05,4655.8,4647.4,4649.95,9597,
2024-07-05 10:21:00+05:30,4649.1,4651.45,4645,4648.85,17372,
2024-07-05 10:22:00+05:30,4648.85,4652,4639.35,4639.4,16816,
2024-07-05 10:23:00+05:30,4639.35,4646,4639,4642.85,4660,
2024-07-05 10:24:00+05:30,4642.85,4648,4642,4647.45,2402,
2024-07-05 10:25:00+05:30,4647.45,4650.05,4646,4647.4,4765,
2024-07-05 10:26:00+05:30,4647.4,4650.45,4646,4648.15,5273,
2024-07-05 10:27:00+05:30,4648.15,4650.95,4647.5,4649.95,4622,
2024-07-05 10:28:00+05:30,4648.35,4650.65,4648.05,4649,2914,
2024-07-05 10:29:00+05:30,4650,4651.4,4648.05,4649.45,3388,
2024-07-05 10:30:00+05:30,4649.45,4653.1,4648,4649.65,22692,
2024-07-05 10:31:00+05:30,4648.8,4659.95,4648.8,4655.5,13179,
2024-07-05 10:32:00+05:30,4655.5,4660,4652.1,4656.45,7528,
2024-07-05 10:33:00+05:30,4656.45,4658,4650.45,4652.35,5149,
2024-07-05 10:34:00+05:30,4652.35,4659,4652.35,4658.85,3561,
2024-07-05 10:35:00+05:30,4658.85,4662.9,4656.5,4658.95,7034,
2024-07-05 10:36:00+05:30,4658.95,4660.35,4656.75,4659.1,5331,
2024-07-05 10:37:00+05:30,4659.1,4667.95,4658.35,4664.3,10435,
2024-07-05 10:38:00+05:30,4665.25,4670,4663.2,4667.95,12109,
2024-07-05 10:39:00+05:30,4667.95,4668.3,4662.85,4663.75,8709,
2024-07-05 10:40:00+05:30,4664.45,4670,4662,4662,11291,
2024-07-05 10:41:00+05:30,4662,4664.35,4659.1,4661,4441,
2024-07-05 10:42:00+05:30,4660.5,4662.8,4657.95,4659,4410,
2024-07-05 10:43:00+05:30,4659,4659,4653,4654.95,5453,
2024-07-05 10:44:00+05:30,4653.05,4657,4653,4657,33417,
2024-07-05 10:45:00+05:30,4657,4657,4642.05,4646.9,18838,
2024-07-05 10:46:00+05:30,4646.9,4651.6,4646.35,4647.85,2824,
2024-07-05 10:47:00+05:30,4647.85,4650,4646.5,4649.95,1746,
2024-07-05 10:48:00+05:30,4648,4651.9,4648,4650.7,2574,
2024-07-05 10:49:00+05:30,4650.7,4653.6,4649,4650.55,1268,
2024-07-05 10:50:00+05:30,4650.55,4655.55,4650.55,4654,1886,
2024-07-05 10:51:00+05:30,4654,4659.8,4653.6,4659.8,2291,
2024-07-05 10:52:00+05:30,4659.65,4659.8,4656.25,4657.1,1986,
2024-07-05 10:53:00+05:30,4657.1,4659,4656.55,4657.3,1491,
2024-07-05 10:54:00+05:30,4657.3,4660,4657.3,4658.45,1242,
2024-07-05 10:55:00+05:30,4658.45,4663.05,4658.45,4660.05,6323,
2024-07-05 10:56:00+05:30,4660.05,4663,4656.95,4657.6,3705,
2024-07-05 10:57:00+05:30,4657.6,4660.1,4656.95,4658,1237,
2024-07-05 10:58:00+05:30,4658,4659,4652,4653.45,2121,
2024-07-05 10:59:00+05:30,4653.45,4653.45,4650.6,4650.6,1619,
2024-07-05 11:00:00+05:30,4651.3,4658,4650,4654,4174,
2024-07-05 11:01:00+05:30,4654,4656.7,4652.9,4655.8,3160,
2024-07-05 11:02:00+05:30,4655.8,4657.95,4653.7,4657.55,1937,
2024-07-05 11:03:00+05:30,4657.55,4660,4655.85,4656.6,2270,
2024-07-05 11:04:00+05:30,4656.6,4659.25,4656.6,4659.25,1154,
2024-07-05 11:05:00+05:30,4658.95,4662,4658.65,4662,2454,
2024-07-05 11:06:00+05:30,4662,4662.5,4660.5,4662.35,2514,
2024-07-05 11:07:00+05:30,4661,4663,4660.95,4662.15,1957,
2024-07-05 11:08:00+05:30,4662.6,4663,4661,4661.1,1695,
2024-07-05 11:09:00+05:30,4661.1,4663,4661,4663,2157,
2024-07-05 11:10:00+05:30,4663,4663,4661.95,4662.95,1960,
2024-07-05 11:11:00+05:30,4662.65,4663.5,4651.8,4652.45,12054,
2024-07-05 11:12:00+05:30,4652.45,4654.95,4650,4651,2922,
2024-07-05 11:13:00+05:30,4651,4652.1,4648.2,4648.2,6708,
2024-07-05 11:14:00+05:30,4648.2,4649.9,4646.35,4648.6,3196,
2024-07-05 11:15:00+05:30,4648.6,4652,4647.1,4649.65,2985,
2024-07-05 11:16:00+05:30,4649.65,4649.75,4644.2,4644.2,2808,
2024-07-05 11:17:00+05:30,4644.2,4647.1,4644.2,4646,1983,
2024-07-05 11:18:00+05:30,4645.35,4646,4640,4640.6,4877,
2024-07-05 11:19:00+05:30,4643,4644.75,4640.9,4642.85,3007,
2024-07-05 11:20:00+05:30,4640.05,4644.25,4640.05,4644.25,1425,
2024-07-05 11:21:00+05:30,4644.25,4650,4642.7,4648.6,1751,
2024-07-05 11:22:00+05:30,4648.6,4652.4,4647.4,4648.5,2540,
2024-07-05 11:23:00+05:30,4650.6,4650.6,4645.45,4647.7,1269,
2024-07-05 11:24:00+05:30,4647.7,4651.4,4645.95,4648.6,2025,
2024-07-05 11:25:00+05:30,4648.6,4652,4648.6,4650.75,3147,
2024-07-05 11:26:00+05:30,4650,4651.45,4648.85,4650,1036,
2024-07-05 11:27:00+05:30,4650,4651.05,4648.8,4650,1731,
2024-07-05 11:28:00+05:30,4650,4652.15,4648.6,4649.95,2129,
2024-07-05 11:29:00+05:30,4649.85,4651.35,4648.05,4650.55,1541,
2024-07-05 11:30:00+05:30,4650.55,4652.9,4648,4650.05,2978,
2024-07-05 11:31:00+05:30,4651.55,4652,4648,4650,1607,
2024-07-05 11:32:00+05:30,4650,4650.85,4648,4650.75,1718,
2024-07-05 11:33:00+05:30,4650.75,4651.9,4649.3,4650.85,2105,
2024-07-05 11:34:00+05:30,4650.85,4651,4648,4649.4,1472,
2024-07-05 11:35:00+05:30,4650.95,4651.5,4649.25,4651,1815,
2024-07-05 11:36:00+05:30,4652,4655,4647,4649.75,4686,
2024-07-05 11:37:00+05:30,4649.75,4651.85,4648.9,4651.85,1450,
2024-07-05 11:38:00+05:30,4651.5,4651.5,4648.1,4651.45,1205,
2024-07-05 11:39:00+05:30,4651.45,4651.45,4647.2,4650.1,1428,
2024-07-05 11:40:00+05:30,4650.1,4652.35,4649,4650,3364,
2024-07-05 11:41:00+05:30,4650,4655,4649.6,4652.3,3905,
2024-07-05 11:42:00+05:30,4650,4654.95,4647.6,4649,10701,
2024-07-05 11:43:00+05:30,4649,4651.3,4644.55,4647.25,3766,
2024-07-05 11:44:00+05:30,4645.15,4649.3,4645.15,4648,1170,
2024-07-05 11:45:00+05:30,4648,4650,4646.3,4648.25,1174,
2024-07-05 11:46:00+05:30,4648.25,4648.25,4645,4647.2,859,
2024-07-05 11:47:00+05:30,4647.2,4651.25,4647.2,4651.05,1324,
2024-07-05 11:48:00+05:30,4651.4,4652.1,4648.5,4649,2208,
2024-07-05 11:49:00+05:30,4649,4651.85,4649,4649.05,661,
2024-07-05 11:50:00+05:30,4649.05,4652.2,4649.05,4650,1159,
2024-07-05 11:51:00+05:30,4650,4652.8,4649,4652.8,947,
2024-07-05 11:52:00+05:30,4650.4,4652.7,4649.5,4651,1756,
2024-07-05 11:53:00+05:30,4651,4651,4649,4651,1119,
2024-07-05 11:54:00+05:30,4651,4651.95,4649,4649.95,559,
2024-07-05 11:55:00+05:30,4651.25,4658,4649.5,4656.05,1805,
2024-07-05 11:56:00+05:30,4655,4658.3,4653.65,4655.5,1639,
2024-07-05 11:57:00+05:30,4655.3,4658.85,4655.25,4658,1154,
2024-07-05 11:58:00+05:30,4656.85,4659,4656,4658,700,
2024-07-05 11:59:00+05:30,4657.5,4658.9,4655,4656.25,1316,
2024-07-05 12:00:00+05:30,4657,4658.2,4655.55,4655.95,1291,
2024-07-05 12:01:00+05:30,4657.95,4658,4655,4656,1787,
2024-07-05 12:02:00+05:30,4654.3,4657,4651.9,4654,2950,
2024-07-05 12:03:00+05:30,4654,4654.7,4652.1,4654,711,
2024-07-05 12:04:00+05:30,4654,4660,4652.5,4659.65,5043,
2024-07-05 12:05:00+05:30,4659.8,4662,4657.55,4659.4,2754,
2024-07-05 12:06:00+05:30,4659.4,4660.5,4655.05,4658,1609,
2024-07-05 12:07:00+05:30,4657.95,4657.95,4651.05,4653.4,4692,
2024-07-05 12:08:00+05:30,4653.4,4655,4651.5,4654,1398,
2024-07-05 12:09:00+05:30,4654,4655.1,4652.25,4652.25,1943,
2024-07-05 12:10:00+05:30,4652.7,4656.25,4651.1,4655.25,3098,
2024-07-05 12:11:00+05:30,4655.2,4655.85,4652.55,4653.65,1354,
2024-07-05 12:12:00+05:30,4653.65,4655.1,4651.45,4651.6,811,
2024-07-05 12:13:00+05:30,4651.6,4655.6,4651.6,4655.5,688,
2024-07-05 12:14:00+05:30,4654.9,4656,4651,4651.25,2568,
2024-07-05 12:15:00+05:30,4651.25,4656,4651.25,4655,1320,
2024-07-05 12:16:00+05:30,4654.2,4655.7,4651.55,4655.6,1142,
2024-07-05 12:17:00+05:30,4655.6,4655.6,4653,4653,998,
2024-07-05 12:18:00+05:30,4654.55,4655.4,4653,4654.95,1404,
2024-07-05 12:19:00+05:30,4653.2,4656,4653.2,4653.25,979,
2024-07-05 12:20:00+05:30,4653.3,4655.35,4653,4653.05,1278,
2024-07-05 12:21:00+05:30,4653.05,4655.95,4653.05,4654.8,860,
2024-07-05 12:22:00+05:30,4654,4655,4653,4654.35,1208,
2024-07-05 12:23:00+05:30,4654.35,4654.35,4648.35,4653.1,3304,
2024-07-05 12:24:00+05:30,4653.1,4653.1,4644.4,4647.9,4212,
2024-07-05 12:25:00+05:30,4647.9,4649.9,4647,4649.7,1217,
2024-07-05 12:26:00+05:30,4649.7,4650,4648.25,4650,631,
2024-07-05 12:27:00+05:30,4650,4650.6,4648,4650,875,
2024-07-05 12:28:00+05:30,4650,4650,4648,4648.1,1522,
2024-07-05 12:29:00+05:30,4649.6,4650.4,4648,4649,1176,
2024-07-05 12:30:00+05:30,4649.5,4650.35,4649,4650,739,
2024-07-05 12:31:00+05:30,4650.55,4650.55,4647.5,4650,1582,
2024-07-05 12:32:00+05:30,4650,4650.1,4648.1,4650,825,
2024-07-05 12:33:00+05:30,4650,4650.5,4649.6,4650.45,634,
2024-07-05 12:34:00+05:30,4650.45,4652.2,4648.8,4650.25,1128,
2024-07-05 12:35:00+05:30,4649.75,4651.45,4648.2,4651.45,2446,
2024-07-05 12:36:00+05:30,4650.6,4652.5,4647,4647.15,3448,
2024-07-05 12:37:00+05:30,4647,4650.9,4647,4649.45,639,
2024-07-05 12:38:00+05:30,4649.45,4652.95,4648,4650,7097,
2024-07-05 12:39:00+05:30,4650,4651.2,4647.7,4649.15,4054,
2024-07-05 12:40:00+05:30,4649.15,4650,4648,4648,724,
2024-07-05 12:41:00+05:30,4649.2,4649.35,4647,4647,1387,
2024-07-05 12:42:00+05:30,4647,4650.4,4647,4650.05,527,
2024-07-05 12:43:00+05:30,4650.05,4650.05,4646.35,4648.75,985,
2024-07-05 12:44:00+05:30,4648.75,4649.25,4640.2,4640.2,2473,
2024-07-05 12:45:00+05:30,4642.35,4644.45,4640.25,4642.15,1206,
2024-07-05 12:46:00+05:30,4642,4645,4642,4645,1219,
2024-07-05 12:47:00+05:30,4645,4646.65,4643.25,4645.1,1220,
2024-07-05 12:48:00+05:30,4645.1,4649.6,4645,4646.55,1136,
2024-07-05 12:49:00+05:30,4646.55,4648.25,4645.25,4648,1260,
2024-07-05 12:50:00+05:30,4648,4648,4645,4645.05,1438,
2024-07-05 12:51:00+05:30,4645.05,4648,4645.05,4646.55,988,
2024-07-05 12:52:00+05:30,4646.55,4649.6,4646.55,4648.3,925,
2024-07-05 12:53:00+05:30,4646.6,4648.4,4645.5,4645.5,1096,
2024-07-05 12:54:00+05:30,4645.5,4649.9,4645.5,4648.9,846,
2024-07-05 12:55:00+05:30,4648.9,4649,4646.6,4647.05,755,
2024-07-05 12:56:00+05:30,4648.7,4650,4646.35,4646.35,1122,
2024-07-05 12:57:00+05:30,4646.35,4649.95,4646.35,4649.05,833,
2024-07-05 12:58:00+05:30,4649.05,4650,4648,4650,1125,
2024-07-05 12:59:00+05:30,4650.75,4650.85,4647.4,4650,811,
2024-07-05 13:00:00+05:30,4650,4652,4648.15,4650.25,758,
2024-07-05 13:01:00+05:30,4650.25,4655,4650.25,4653.05,963,
2024-07-05 13:02:00+05:30,4653.05,4655,4653,4655,794,
2024-07-05 13:03:00+05:30,4655,4655,4652.8,4654.5,780,
2024-07-05 13:04:00+05:30,4654.5,4655,4653.45,4654,368,
2024-07-05 13:05:00+05:30,4654,4654,4651,4651,486,
2024-07-05 13:06:00+05:30,4651.2,4655,4651.1,4653.7,624,
2024-07-05 13:07:00+05:30,4653.7,4657.75,4653.55,4657.7,936,
2024-07-05 13:08:00+05:30,4657,4659.1,4655.55,4655.55,2295,
2024-07-05 13:09:00+05:30,4655.55,4660,4655.55,4659.85,1261,
2024-07-05 13:10:00+05:30,4659.85,4663,4658.85,4663,2664,
2024-07-05 13:11:00+05:30,4662.45,4663.05,4660.05,4661,1893,
2024-07-05 13:12:00+05:30,4661,4662.5,4658.05,4661.45,1080,
2024-07-05 13:13:00+05:30,4661.45,4661.45,4656.85,4659.85,825,
2024-07-05 13:14:00+05:30,4659.85,4660,4656.9,4659.95,954,
2024-07-05 13:15:00+05:30,4659.95,4659.95,4657.3,4659.9,1016,
2024-07-05 13:16:00+05:30,4659.9,4659.95,4657.2,4657.85,759,
2024-07-05 13:17:00+05:30,4659.65,4660,4655.25,4655.25,971,
2024-07-05 13:18:00+05:30,4655.25,4656.05,4650.25,4654.95,1602,
2024-07-05 13:19:00+05:30,4654.95,4659.45,4654,4654,9111,
2024-07-05 13:20:00+05:30,4654,4656.2,4652.65,4654.25,859,
2024-07-05 13:21:00+05:30,4654.25,4658.65,4654.25,4656.4,1032,
2024-07-05 13:22:00+05:30,4658.1,4658.85,4654.55,4655,1121,
2024-07-05 13:23:00+05:30,4655,4658.2,4655,4657.75,776,
2024-07-05 13:24:00+05:30,4657.75,4658.6,4655.6,4658.35,905,
2024-07-05 13:25:00+05:30,4658.3,4658.9,4656.35,4656.95,1165,
2024-07-05 13:26:00+05:30,4656.35,4658,4654.8,4658,905,
2024-07-05 13:27:00+05:30,4658,4658.95,4655.05,4656.3,1190,
2024-07-05 13:28:00+05:30,4656.3,4657.95,4653.45,4655,1110,
2024-07-05 13:29:00+05:30,4655,4655.5,4651,4651,723,
2024-07-05 13:30:00+05:30,4653.45,4654.2,4650,4650,2168,
2024-07-05 13:31:00+05:30,4650.05,4652.8,4650,4652.35,817,
2024-07-05 13:32:00+05:30,4652.35,4652.35,4650,4650.7,1302,
2024-07-05 13:33:00+05:30,4650.7,4652.7,4650,4650,552,
2024-07-05 13:34:00+05:30,4650,4653,4650,4651.1,468,
2024-07-05 13:35:00+05:30,4651.1,4654,4650.85,4652.2,358,
2024-07-05 13:36:00+05:30,4652.2,4654.15,4650.1,4651,1234,
2024-07-05 13:37:00+05:30,4651,4653.6,4647.85,4648.95,2289,
2024-07-05 13:38:00+05:30,4648.85,4652,4648.85,4650.05,868,
2024-07-05 13:39:00+05:30,4650.05,4651.85,4647.45,4648.45,1557,
2024-07-05 13:40:00+05:30,4648.45,4655,4648.45,4652.9,1658,
2024-07-05 13:41:00+05:30,4653.25,4653.25,4649.35,4650,798,
2024-07-05 13:42:00+05:30,4650,4652.15,4649.05,4650.95,153,
2024-07-05 13:43:00+05:30,4650.95,4651,4650,4650,168,
2024-07-05 13:44:00+05:30,4650,4653.05,4649.2,4652.8,425,
2024-07-05 13:45:00+05:30,4652.6,4652.8,4650,4651.7,330,
2024-07-05 13:46:00+05:30,4651.7,4651.8,4649.2,4650,212,
2024-07-05 13:47:00+05:30,4650,4650.6,4648.45,4650.1,325,
2024-07-05 13:48:00+05:30,4650,4650.5,4641.7,4643.2,10555,
2024-07-05 13:49:00+05:30,4644.1,4649.7,4643,4649.7,4914,
2024-07-05 13:50:00+05:30,4649.7,4653,4647.15,4652.1,1849,
2024-07-05 13:51:00+05:30,4652.1,4652.35,4648.75,4650.55,898,
2024-07-05 13:52:00+05:30,4650.55,4651.6,4648.6,4650.9,598,
2024-07-05 13:53:00+05:30,4650.9,4652,4650,4650,797,
2024-07-05 13:54:00+05:30,4650,4650.85,4647.55,4647.9,1017,
2024-07-05 13:55:00+05:30,4647.9,4653.35,4646.8,4646.8,5282,
2024-07-05 13:56:00+05:30,4646.6,4654.35,4646,4650.5,3582,
2024-07-05 13:57:00+05:30,4650.5,4652.7,4648.2,4648.2,15154,
2024-07-05 13:58:00+05:30,4648.2,4650,4648.2,4648.7,637,
2024-07-05 13:59:00+05:30,4650,4650,4646.25,4647.6,1083,
2024-07-05 14:00:00+05:30,4646.25,4648,4646.25,4646.25,398,
2024-07-05 14:01:00+05:30,4646.9,4647.85,4646.25,4647.7,297,
2024-07-05 14:02:00+05:30,4646.25,4650,4646.25,4649.15,824,
2024-07-05 14:03:00+05:30,4648.5,4653.05,4648.5,4650.15,1390,
2024-07-05 14:04:00+05:30,4650.15,4652.95,4650.15,4652,433,
2024-07-05 14:05:00+05:30,4652,4652.95,4648.05,4648.15,979,
2024-07-05 14:06:00+05:30,4650,4654.5,4650,4650,1142,
2024-07-05 14:07:00+05:30,4650,4650.1,4646,4646.45,10906,
2024-07-05 14:08:00+05:30,4646.45,4649,4646,4646.05,775,
2024-07-05 14:09:00+05:30,4646.05,4648.2,4646,4646.95,369,
2024-07-05 14:10:00+05:30,4646.55,4648.15,4646.05,4646.55,305,
2024-07-05 14:11:00+05:30,4646.55,4648.05,4644.35,4644.45,1225,
2024-07-05 14:12:00+05:30,4645,4646.4,4644.45,4644.45,427,
2024-07-05 14:13:00+05:30,4644.45,4647.1,4644.45,4646,253,
2024-07-05 14:14:00+05:30,4646,4647,4646,4647,357,
2024-07-05 14:15:00+05:30,4647,4650,4646.15,4649.2,622,
2024-07-05 14:16:00+05:30,4649.2,4650,4646.65,4648.5,383,
2024-07-05 14:17:00+05:30,4648.6,4650,4648.5,4648.5,1172,
2024-07-05 14:18:00+05:30,4648.5,4649,4648.25,4648.25,284,
2024-07-05 14:19:00+05:30,4648.25,4649,4648.25,4648.25,217,
2024-07-05 14:20:00+05:30,4648,4649,4648,4649,434,
2024-07-05 14:21:00+05:30,4648,4649,4648,4648,227,
2024-07-05 14:22:00+05:30,4648,4648.95,4648,4648.95,250,
2024-07-05 14:23:00+05:30,4648.9,4648.9,4647.25,4647.25,600,
2024-07-05 14:24:00+05:30,4646.35,4646.6,4642.9,4643.6,2348,
2024-07-05 14:25:00+05:30,4643.6,4647.8,4643.5,4644.95,1823,
2024-07-05 14:26:00+05:30,4644.95,4645,4643.65,4645,403,
2024-07-05 14:27:00+05:30,4644.1,4644.5,4640.2,4642.7,2341,
2024-07-05 14:28:00+05:30,4642.7,4644.65,4640.2,4643.95,1425,
2024-07-05 14:29:00+05:30,4643.95,4644,4641.65,4642.5,457,
2024-07-05 14:30:00+05:30,4642.5,4643.5,4641,4641.9,398,
2024-07-05 14:31:00+05:30,4641.9,4644,4641.9,4642,441,
2024-07-05 14:32:00+05:30,4642,4643.45,4640,4640.5,3252,
2024-07-05 14:33:00+05:30,4640.25,4643.6,4640,4641.65,964,
2024-07-05 14:34:00+05:30,4641.65,4642.95,4640,4640,1000,
2024-07-05 14:35:00+05:30,4640,4642.45,4630,4635,7196,
2024-07-05 14:36:00+05:30,4635,4638.9,4632,4637.75,3284,
2024-07-05 14:37:00+05:30,4637.75,4638.9,4634.25,4636.8,1671,
2024-07-05 14:38:00+05:30,4636.8,4637.65,4634.55,4636.45,317,
2024-07-05 14:39:00+05:30,4636.7,4639.45,4635.75,4638.4,588,
2024-07-05 14:40:00+05:30,4638.4,4639.15,4636.85,4638.65,473,
2024-07-05 14:41:00+05:30,4637.9,4639.45,4637,4637.8,350,
2024-07-05 14:42:00+05:30,4638.85,4639,4632,4633.05,2804,
2024-07-05 14:43:00+05:30,4633.05,4635.75,4632,4634.2,403,
2024-07-05 14:44:00+05:30,4634.2,4634.75,4632.1,4632.65,1051,
2024-07-05 14:45:00+05:30,4632.65,4634.75,4631.5,4633.25,1227,
2024-07-05 14:46:00+05:30,4633.25,4633.95,4631.5,4631.5,796,
2024-07-05 14:47:00+05:30,4632.7,4633.95,4624,4624.5,8191,
2024-07-05 14:48:00+05:30,4624.5,4626.75,4617,4617,8094,
2024-07-05 14:49:00+05:30,4616.65,4621.15,4615,4617.9,6102,
2024-07-05 14:50:00+05:30,4617.9,4618.7,4612,4613.1,5191,
2024-07-05 14:51:00+05:30,4613.1,4616.45,4612,4616.45,2518,
2024-07-05 14:52:00+05:30,4616.45,4618.25,4613.4,4616.2,720,
2024-07-05 14:53:00+05:30,4616.2,4619.1,4615,4616.8,3958,
2024-07-05 14:54:00+05:30,4616.75,4617,4613.8,4617,1733,
2024-07-05 14:55:00+05:30,4617,4620,4617,4620,1378,
2024-07-05 14:56:00+05:30,4619,4624.2,4619,4624.2,1698,
2024-07-05 14:57:00+05:30,4622.15,4626.75,4622.15,4626.75,1379,
2024-07-05 14:58:00+05:30,4626.75,4626.75,4617.05,4618.4,3662,
2024-07-05 14:59:00+05:30,4618.4,4619.9,4615.55,4619.85,2326,
2024-07-05 15:00:00+05:30,4619.8,4628,4619,4627,1810,
2024-07-05 15:01:00+05:30,4627,4629,4626.35,4628.05,1095,
2024-07-05 15:02:00+05:30,4628.75,4632.55,4627.2,4632,3405,
2024-07-05 15:03:00+05:30,4632,4635,4631.3,4635,1400,
2024-07-05 15:04:00+05:30,4635,4637.9,4633.6,4635.1,2215,
2024-07-05 15:05:00+05:30,4636.35,4638,4633.7,4636.1,2597,
2024-07-05 15:06:00+05:30,4637.95,4638,4635.6,4637.5,1052,
2024-07-05 15:07:00+05:30,4638,4639.9,4637,4637.1,1498,
2024-07-05 15:08:00+05:30,4637.95,4638.55,4631,4633.45,1973,
2024-07-05 15:09:00+05:30,4633.45,4638.9,4632.1,4635.1,3663,
2024-07-05 15:10:00+05:30,4635.1,4637.95,4633.25,4633.75,2409,
2024-07-05 15:11:00+05:30,4634.3,4635,4633,4634.95,1534,
2024-07-05 15:12:00+05:30,4634.95,4636,4633,4635.85,2648,
2024-07-05 15:13:00+05:30,4635.85,4637.95,4635.85,4637.4,1109,
2024-07-05 15:14:00+05:30,4635.25,4637.85,4633,4635.5,2268,
2024-07-05 15:15:00+05:30,4635.5,4636,4633,4634.5,1992,
2024-07-05 15:16:00+05:30,4634.5,4637,4633,4634.9,2312,
2024-07-05 15:17:00+05:30,4634.9,4636.05,4633,4633.95,2624,
2024-07-05 15:18:00+05:30,4634.95,4636,4627.85,4630.1,3827,
2024-07-05 15:19:00+05:30,4630.3,4631.25,4628.45,4629.75,2101,
2024-07-05 15:20:00+05:30,4626.7,4627.15,4619.1,4621.65,6056,
2024-07-05 15:21:00+05:30,4621.65,4623.2,4619.9,4623.05,1713,
2024-07-05 15:22:00+05:30,4623,4623.2,4620,4621.4,1704,
2024-07-05 15:23:00+05:30,4621.45,4623.15,4619.9,4622.6,2087,
2024-07-05 15:24:00+05:30,4622.8,4624.3,4619,4623.65,3701,
2024-07-05 15:25:00+05:30,4624.05,4625,4621.15,4624.7,2489,
2024-07-05 15:26:00+05:30,4624.2,4628.75,4623.3,4623.3,3760,
2024-07-05 15:27:00+05:30,4623.95,4627.75,4623.5,4625.95,2634,
2024-07-05 15:28:00+05:30,4626,4628,4622.6,4627.25,1426,
2024-07-05 15:29:00+05:30,4627.25,4630,4620.25,4623,2376,
2024-07-08 09:15:00+05:30,4629.4,4643.9,4625,4643.35,3831,
2024-07-08 09:16:00+05:30,4643.35,4649.65,4624.25,4624.25,2188,
2024-07-08 09:17:00+05:30,4626.35,4627,4619.35,4619.35,1898,
2024-07-08 09:18:00+05:30,4621.9,4625.8,4616.1,4616.9,2903,
2024-07-08 09:19:00+05:30,4617.55,4617.55,4609.9,4609.9,1319,
2024-07-08 09:20:00+05:30,4612.85,4612.85,4601,4602.35,4907,
2024-07-08 09:21:00+05:30,4601.3,4602.65,4595,4598.85,2574,
2024-07-08 09:22:00+05:30,4598.85,4598.85,4588,4591.55,2029,
2024-07-08 09:23:00+05:30,4590.6,4590.6,4575.55,4578.5,2826,
2024-07-08 09:24:00+05:30,4579.4,4579.95,4567.8,4571.4,5250,
2024-07-08 09:25:00+05:30,4571.4,4572.15,4562.5,4563.3,6783,
2024-07-08 09:26:00+05:30,4565.65,4569.8,4556.25,4557.05,6005,
2024-07-08 09:27:00+05:30,4557.05,4567.45,4556.15,4563.2,3871,
2024-07-08 09:28:00+05:30,4566.35,4573.95,4563.2,4565.25,2081,
2024-07-08 09:29:00+05:30,4565.25,4566.9,4560,4564.4,2504,
2024-07-08 09:30:00+05:30,4563.85,4563.85,4550,4552.15,3378,
2024-07-08 09:31:00+05:30,4552.15,4555,4545.15,4553,2586,
2024-07-08 09:32:00+05:30,4551.55,4559.7,4551.55,4556.95,801,
2024-07-08 09:33:00+05:30,4558.3,4560.05,4555.05,4557.9,768,
2024-07-08 09:34:00+05:30,4557.9,4559.15,4553.9,4558.2,1078,
2024-07-08 09:35:00+05:30,4558.2,4558.2,4548,4549.95,2229,
2024-07-08 09:36:00+05:30,4548,4552.85,4548,4551.9,752,
2024-07-08 09:37:00+05:30,4550,4551.95,4549,4551,792,
2024-07-08 09:38:00+05:30,4551,4560,4549.45,4559.95,1671,
2024-07-08 09:39:00+05:30,4559,4560,4554.2,4556.25,818,
2024-07-08 09:40:00+05:30,4555,4555.9,4550.65,4550.65,923,
2024-07-08 09:41:00+05:30,4550.65,4550.65,4541.55,4541.55,2070,
2024-07-08 09:42:00+05:30,4541.7,4541.7,4531.65,4532.4,6813,
2024-07-08 09:43:00+05:30,4532.9,4536.8,4527.55,4533.85,3388,
2024-07-08 09:44:00+05:30,4533.85,4536.95,4530,4535,2730,
2024-07-08 09:45:00+05:30,4535,4539.95,4533.65,4537.9,955,
2024-07-08 09:46:00+05:30,4537.85,4541.15,4535,4539.6,1726,
2024-07-08 09:47:00+05:30,4539.6,4549.3,4537.5,4544.05,1700,
2024-07-08 09:48:00+05:30,4546,4546,4540,4544.35,1167,
2024-07-08 09:49:00+05:30,4544.35,4548,4540.55,4543.6,2687,
2024-07-08 09:50:00+05:30,4543.6,4550.65,4541.65,4548.3,2488,
2024-07-08 09:51:00+05:30,4550.55,4553,4547.2,4548.85,1097,
2024-07-08 09:52:00+05:30,4547.25,4548.95,4545,4547,579,
2024-07-08 09:53:00+05:30,4547,4547,4542.5,4545.75,422,
2024-07-08 09:54:00+05:30,4545.75,4545.75,4535.6,4541.5,3011,
2024-07-08 09:55:00+05:30,4543,4543,4539.25,4541.65,631,
2024-07-08 09:56:00+05:30,4541.65,4542.95,4538,4540.75,1485,
2024-07-08 09:57:00+05:30,4540.7,4540.75,4536.6,4537.5,414,
2024-07-08 09:58:00+05:30,4537.5,4537.55,4534,4534,1018,
2024-07-08 09:59:00+05:30,4535,4535.9,4530,4530,995,
2024-07-08 10:00:00+05:30,4530.3,4534,4530,4531.05,2972,
2024-07-08 10:01:00+05:30,4533.35,4533.35,4516.55,4516.55,3605,
2024-07-08 10:02:00+05:30,4515.25,4520,4505,4508,8960,
2024-07-08 10:03:00+05:30,4507.9,4512.35,4502,4506.85,5752,
2024-07-08 10:04:00+05:30,4506.85,4509.75,4504,4509.75,1629,
2024-07-08 10:05:00+05:30,4509.65,4517.6,4508,4517.6,2588,
2024-07-08 10:06:00+05:30,4517.6,4517.95,4512.55,4516.5,2036,
2024-07-08 10:07:00+05:30,4516.45,4516.55,4510.55,4511,1178,
2024-07-08 10:08:00+05:30,4513,4516.95,4512.85,4515,1766,
2024-07-08 10:09:00+05:30,4513.4,4515,4508,4510.05,1148,
2024-07-08 10:10:00+05:30,4510.05,4517.4,4508,4517.35,1437,
2024-07-08 10:11:00+05:30,4519,4527.45,4515,4527.45,8817,
2024-07-08 10:12:00+05:30,4526.3,4528.2,4520.45,4523.65,1243,
2024-07-08 10:13:00+05:30,4523.65,4527.9,4519.3,4526,4333,
2024-07-08 10:14:00+05:30,4526,4527.45,4516,4527,8904,
2024-07-08 10:15:00+05:30,4527,4527,4522,4524,920,
2024-07-08 10:16:00+05:30,4524,4524.75,4521,4523,596,
2024-07-08 10:17:00+05:30,4523,4526.9,4522.95,4526.5,169,
2024-07-08 10:18:00+05:30,4527,4528.65,4521.55,4524.25,750,
2024-07-08 10:19:00+05:30,4522.55,4529.1,4521.7,4525.8,2163,
2024-07-08 10:20:00+05:30,4523.7,4527,4523.65,4525.65,578,
2024-07-08 10:21:00+05:30,4525.65,4530.5,4525.1,4526.75,1837,
2024-07-08 10:22:00+05:30,4526.45,4526.75,4522,4522.1,344,
2024-07-08 10:23:00+05:30,4522.1,4525.95,4522.1,4524,301,
2024-07-08 10:24:00+05:30,4523.15,4527.95,4523.15,4527.95,407,
2024-07-08 10:25:00+05:30,4527.95,4528,4524.85,4526.35,183,
2024-07-08 10:26:00+05:30,4526.3,4526.3,4517.7,4518,2442,
2024-07-08 10:27:00+05:30,4518,4526,4518,4525.15,770,
2024-07-08 10:28:00+05:30,4525.15,4532.05,4525,4531.95,916,
2024-07-08 10:29:00+05:30,4531.15,4531.3,4527.9,4528.1,931,
2024-07-08 10:30:00+05:30,4528.05,4528.05,4525,4527.95,395,
2024-07-08 10:31:00+05:30,4527.95,4527.95,4523.85,4523.85,900,
2024-07-08 10:32:00+05:30,4524.35,4524.35,4512.6,4512.6,843,
2024-07-08 10:33:00+05:30,4514.35,4516.95,4510,4516.5,1893,
2024-07-08 10:34:00+05:30,4516.15,4521.15,4516.15,4521.15,253,
2024-07-08 10:35:00+05:30,4521.1,4523.75,4516.25,4519.95,1035,
2024-07-08 10:36:00+05:30,4519.95,4519.95,4517.25,4519.3,559,
2024-07-08 10:37:00+05:30,4519.3,4519.75,4516.5,4519.6,618,
2024-07-08 10:38:00+05:30,4519.6,4522.75,4518,4518,289,
2024-07-08 10:39:00+05:30,4518,4524.25,4516.3,4523.55,2179,
2024-07-08 10:40:00+05:30,4521.3,4523.55,4518,4520.05,1515,
2024-07-08 10:41:00+05:30,4521.8,4521.8,4513.55,4518.4,3791,
2024-07-08 10:42:00+05:30,4519.05,4523.4,4516,4522.65,6346,
2024-07-08 10:43:00+05:30,4522.65,4525.85,4515.1,4520.9,3446,
2024-07-08 10:44:00+05:30,4520.9,4524.4,4520.45,4523.5,997,
2024-07-08 10:45:00+05:30,4523.5,4526.4,4521.05,4523.05,695,
2024-07-08 10:46:00+05:30,4523,4523.6,4516.3,4516.3,764,
2024-07-08 10:47:00+05:30,4518.6,4518.95,4514,4516.1,2350,
2024-07-08 10:48:00+05:30,4515.4,4518.6,4512.6,4515,2083,
2024-07-08 10:49:00+05:30,4516.8,4519.7,4514.85,4518.45,646,
2024-07-08 10:50:00+05:30,4518.35,4518.4,4515,4517.2,887,
2024-07-08 10:51:00+05:30,4517.2,4517.2,4513.1,4515.05,2370,
2024-07-08 10:52:00+05:30,4515.05,4515.05,4512.8,4514.9,1258,
2024-07-08 10:53:00+05:30,4514.9,4516,4513.6,4514.75,593,
2024-07-08 10:54:00+05:30,4513.55,4517.55,4513.05,4516.15,334,
2024-07-08 10:55:00+05:30,4515.95,4515.95,4509,4510.3,3387,
2024-07-08 10:56:00+05:30,4510.3,4513.85,4510,4511.55,986,
2024-07-08 10:57:00+05:30,4511.55,4511.55,4508,4510.05,2051,
2024-07-08 10:58:00+05:30,4510.05,4510.2,4506.7,4508.45,3569,
2024-07-08 10:59:00+05:30,4508.45,4508.45,4485.15,4485.15,16818,
2024-07-08 11:00:00+05:30,4484.3,4485.3,4476.05,4480.3,13476,
2024-07-08 11:01:00+05:30,4480.3,4490.8,4471.7,4478.2,27355,
2024-07-08 11:02:00+05:30,4478.2,4490,4478.2,4484.8,4255,
2024-07-08 11:03:00+05:30,4484.8,4488,4478,4485.3,2993,
2024-07-08 11:04:00+05:30,4485.3,4487.7,4480,4483.6,2065,
2024-07-08 11:05:00+05:30,4483.6,4483.85,4481,4482.45,1706,
2024-07-08 11:06:00+05:30,4482.35,4485,4478,4481.55,2463,
2024-07-08 11:07:00+05:30,4484,4487.5,4482,4485.05,1744,
2024-07-08 11:08:00+05:30,4485.05,4493.4,4485.05,4491.6,4486,
2024-07-08 11:09:00+05:30,4491.6,4493.7,4489,4489,8121,
2024-07-08 11:10:00+05:30,4489.4,4489.6,4481.05,4486,10203,
2024-07-08 11:11:00+05:30,4486,4486,4479.55,4480.95,2152,
2024-07-08 11:12:00+05:30,4482.5,4487.85,4480,4486.8,1952,
2024-07-08 11:13:00+05:30,4486.8,4489.45,4485.55,4487.3,1360,
2024-07-08 11:14:00+05:30,4489.1,4490,4485.2,4488.55,909,
2024-07-08 11:15:00+05:30,4489.65,4496,4489.65,4495.75,1935,
2024-07-08 11:16:00+05:30,4495.75,4496,4490.05,4496,1082,
2024-07-08 11:17:00+05:30,4496,4497,4491,4495.05,1276,
2024-07-08 11:18:00+05:30,4495,4495.55,4491,4491.05,990,
2024-07-08 11:19:00+05:30,4491.05,4497,4491.05,4493.9,1857,
2024-07-08 11:20:00+05:30,4495.1,4498,4491.8,4497.15,1063,
2024-07-08 11:21:00+05:30,4497.15,4500,4497,4497.4,3730,
2024-07-08 11:22:00+05:30,4497.4,4499,4497,4497.05,326,
2024-07-08 11:23:00+05:30,4497.05,4498.9,4495,4496.45,9745,
2024-07-08 11:24:00+05:30,4496.45,4498.4,4496,4498.4,545,
2024-07-08 11:25:00+05:30,4498.4,4498.4,4496,4497.5,455,
2024-07-08 11:26:00+05:30,4497.5,4497.5,4490.45,4493.75,11384,
2024-07-08 11:27:00+05:30,4493.75,4501.35,4489,4501,5602,
2024-07-08 11:28:00+05:30,4501,4502,4498.05,4500.25,2086,
2024-07-08 11:29:00+05:30,4502,4502,4497.85,4499.8,1046,
2024-07-08 11:30:00+05:30,4499.8,4501.9,4497.4,4501,1806,
2024-07-08 11:31:00+05:30,4501,4502,4496.15,4499.4,3497,
2024-07-08 11:32:00+05:30,4499.4,4499.4,4491.5,4496.55,5886,
2024-07-08 11:33:00+05:30,4496.55,4501.2,4496.55,4500.1,5632,
2024-07-08 11:34:00+05:30,4500.1,4501.3,4497,4500.55,4524,
2024-07-08 11:35:00+05:30,4500.55,4501.15,4497.05,4497.4,4417,
2024-07-08 11:36:00+05:30,4498.8,4499.25,4497,4497.25,1685,
2024-07-08 11:37:00+05:30,4497.25,4501.15,4497,4501.1,2873,
2024-07-08 11:38:00+05:30,4501.1,4501.95,4497,4500.85,8631,
2024-07-08 11:39:00+05:30,4500.85,4501,4499.05,4500.55,377,
2024-07-08 11:40:00+05:30,4500.55,4500.55,4499.35,4500.35,354,
2024-07-08 11:41:00+05:30,4500.35,4500.35,4500,4500.35,129,
2024-07-08 11:42:00+05:30,4500.35,4500.65,4499,4499,152,
2024-07-08 11:43:00+05:30,4500.25,4501.5,4498.1,4498.95,3199,
2024-07-08 11:44:00+05:30,4501.9,4503.55,4498.5,4499.85,2027,
2024-07-08 11:45:00+05:30,4499.85,4502.4,4499.85,4500,338,
2024-07-08 11:46:00+05:30,4500,4501,4497,4498.45,2855,
2024-07-08 11:47:00+05:30,4498.45,4498.9,4497,4497.5,799,
2024-07-08 11:48:00+05:30,4497.1,4497.75,4494,4495,10468,
2024-07-08 11:49:00+05:30,4495,4496.35,4495,4496.3,752,
2024-07-08 11:50:00+05:30,4496,4497,4496,4496.75,1645,
2024-07-08 11:51:00+05:30,4496.5,4498.6,4496.5,4497,639,
2024-07-08 11:52:00+05:30,4498.5,4498.5,4497,4497.9,185,
2024-07-08 11:53:00+05:30,4497.9,4497.9,4489,4489.95,3395,
2024-07-08 11:54:00+05:30,4489.9,4489.9,4488.95,4489.05,2360,
2024-07-08 11:55:00+05:30,4489.05,4490.55,4487,4489.3,15053,
2024-07-08 11:56:00+05:30,4489.3,4489.3,4480,4481.55,3854,
2024-07-08 11:57:00+05:30,4481.55,4486.8,4480.55,4484.45,845,
2024-07-08 11:58:00+05:30,4484.45,4485.3,4482.2,4484.75,479,
2024-07-08 11:59:00+05:30,4484.75,4484.75,4481.5,4482.95,674,
2024-07-08 12:00:00+05:30,4482.95,4482.95,4475.5,4476.1,5185,
2024-07-08 12:01:00+05:30,4483.5,4484.9,4478.1,4483.9,2781,
2024-07-08 12:02:00+05:30,4483.9,4488.8,4482.4,4487.3,1313,
2024-07-08 12:03:00+05:30,4488.8,4488.8,4486,4487,2852,
2024-07-08 12:04:00+05:30,4487.2,4487.35,4485.05,4487.2,2100,
2024-07-08 12:05:00+05:30,4487.2,4490,4487.2,4488.75,276,
2024-07-08 12:06:00+05:30,4488.5,4490.75,4488,4489.3,699,
2024-07-08 12:07:00+05:30,4489.3,4494,4489,4494,523,
2024-07-08 12:08:00+05:30,4493.9,4498.95,4492.2,4498.4,3906,
2024-07-08 12:09:00+05:30,4497.8,4500,4489.15,4489.25,13577,
2024-07-08 12:10:00+05:30,4489.25,4493.6,4488.65,4490.25,9389,
2024-07-08 12:11:00+05:30,4490.25,4494.55,4489.45,4494.55,467,
2024-07-08 12:12:00+05:30,4493.7,4494,4492.05,4492.15,381,
2024-07-08 12:13:00+05:30,4492.15,4493.95,4489,4489,1497,
2024-07-08 12:14:00+05:30,4489,4492.9,4489,4490.95,466,
2024-07-08 12:15:00+05:30,4490.95,4490.95,4489,4490.3,306,
2024-07-08 12:16:00+05:30,4489.65,4492.2,4489,4489,645,
2024-07-08 12:17:00+05:30,4489,4490.65,4489,4489.7,302,
2024-07-08 12:18:00+05:30,4491.75,4491.75,4489.3,4490.15,427,
2024-07-08 12:19:00+05:30,4489,4490.15,4489,4489.9,450,
2024-07-08 12:20:00+05:30,4490,4493,4489.85,4491.45,210,
2024-07-08 12:21:00+05:30,4493,4494,4491.4,4492.45,1085,
2024-07-08 12:22:00+05:30,4492.4,4492.45,4490.05,4491.4,242,
2024-07-08 12:23:00+05:30,4491,4492.9,4489.9,4489.9,288,
2024-07-08 12:24:00+05:30,4489.9,4492.5,4489.9,4491.9,317,
2024-07-08 12:25:00+05:30,4491.35,4492.35,4489.9,4489.95,624,
2024-07-08 12:26:00+05:30,4489.95,4491.95,4489,4489,577,
2024-07-08 12:27:00+05:30,4489.3,4492.35,4489,4491.45,547,
2024-07-08 12:28:00+05:30,4491.45,4492.5,4490.45,4491.55,228,
2024-07-08 12:29:00+05:30,4491.7,4492.5,4489,4490.2,785,
2024-07-08 12:30:00+05:30,4490.2,4491.8,4489.1,4490.15,144,
2024-07-08 12:31:00+05:30,4490.15,4490.4,4489,4489.1,882,
2024-07-08 12:32:00+05:30,4489.1,4489.45,4489,4489.45,425,
2024-07-08 12:33:00+05:30,4489.45,4489.45,4480,4482.7,5917,
2024-07-08 12:34:00+05:30,4482.7,4482.7,4480,4480.35,849,
2024-07-08 12:35:00+05:30,4480.85,4480.85,4477.1,4477.1,787,
2024-07-08 12:36:00+05:30,4477.1,4480,4476.15,4478.4,952,
2024-07-08 12:37:00+05:30,4478.4,4481.9,4477,4480.4,516,
2024-07-08 12:38:00+05:30,4480.4,4481.85,4477.25,4480.5,2095,
2024-07-08 12:39:00+05:30,4480.5,4483.1,4479,4480.45,681,
2024-07-08 12:40:00+05:30,4480.45,4484.25,4480.45,4483.85,594,
2024-07-08 12:41:00+05:30,4483.35,4483.5,4480.4,4481.5,766,
2024-07-08 12:42:00+05:30,4481.5,4482.05,4480.05,4481.3,277,
2024-07-08 12:43:00+05:30,4481.3,4482.6,4479.95,4481.4,1328,
2024-07-08 12:44:00+05:30,4478.8,4480.9,4478.8,4480.1,686,
2024-07-08 12:45:00+05:30,4480.1,4482,4478,4480.8,1205,
2024-07-08 12:46:00+05:30,4480.8,4482.5,4479.75,4480,1557,
2024-07-08 12:47:00+05:30,4480,4481,4475.45,4476.35,3970,
2024-07-08 12:48:00+05:30,4476.35,4477.2,4475,4476.55,1632,
2024-07-08 12:49:00+05:30,4476.55,4476.55,4471.7,4472.9,1953,
2024-07-08 12:50:00+05:30,4472.9,4472.9,4463.2,4467.35,5118,
2024-07-08 12:51:00+05:30,4467.35,4467.35,4463.2,4463.95,2510,
2024-07-08 12:52:00+05:30,4463.95,4469.35,4463.95,4469.35,853,
2024-07-08 12:53:00+05:30,4469.35,4472.4,4467.8,4472.4,244,
2024-07-08 12:54:00+05:30,4472.35,4472.35,4466.05,4467.45,937,
2024-07-08 12:55:00+05:30,4467.45,4468.5,4466.05,4468.2,722,
2024-07-08 12:56:00+05:30,4468.2,4470,4466.2,4468,845,
2024-07-08 12:57:00+05:30,4468,4470,4468,4468.55,708,
2024-07-08 12:58:00+05:30,4468.55,4468.9,4466.1,4468.9,350,
2024-07-08 12:59:00+05:30,4469,4470,4466.85,4469.8,470,
2024-07-08 13:00:00+05:30,4470,4470,4456.6,4457.5,5038,
2024-07-08 13:01:00+05:30,4457.5,4459.25,4456,4457.15,1924,
2024-07-08 13:02:00+05:30,4457.3,4460,4456.05,4457,900,
2024-07-08 13:03:00+05:30,4457,4460.4,4456,4460.4,1052,
2024-07-08 13:04:00+05:30,4460.25,4462.45,4457.3,4460,881,
2024-07-08 13:05:00+05:30,4460,4463,4459.05,4460,122,
2024-07-08 13:06:00+05:30,4461.15,4461.15,4458,4460.25,354,
2024-07-08 13:07:00+05:30,4460.5,4460.8,4454.15,4459.8,1888,
2024-07-08 13:08:00+05:30,4459.7,4461.95,4458.5,4460,634,
2024-07-08 13:09:00+05:30,4460,4460,4457.15,4458.65,633,
2024-07-08 13:10:00+05:30,4458.65,4459.95,4456,4457.4,365,
2024-07-08 13:11:00+05:30,4457.4,4459.7,4456,4458.6,1119,
2024-07-08 13:12:00+05:30,4458.75,4459.95,4456.75,4459.95,358,
2024-07-08 13:13:00+05:30,4459.95,4461.9,4459,4459.1,458,
2024-07-08 13:14:00+05:30,4459.1,4460.7,4456.05,4457.2,741,
2024-07-08 13:15:00+05:30,4457.2,4460.4,4457,4460.05,549,
2024-07-08 13:16:00+05:30,4460.05,4461.85,4458.1,4458.15,1604,
2024-07-08 13:17:00+05:30,4458.15,4461.85,4458,4460,1122,
2024-07-08 13:18:00+05:30,4460,4462.85,4458.3,4460.9,1364,
2024-07-08 13:19:00+05:30,4460,4462,4458.55,4460.4,927,
2024-07-08 13:20:00+05:30,4460.4,4463,4460.25,4461.05,387,
2024-07-08 13:21:00+05:30,4461.05,4463.1,4461,4461.05,1494,
2024-07-08 13:22:00+05:30,4461.05,4463.4,4460,4460,1364,
2024-07-08 13:23:00+05:30,4460.05,4461,4460,4461,159,
2024-07-08 13:24:00+05:30,4460.45,4461.9,4459,4460,1614,
2024-07-08 13:25:00+05:30,4460,4461.05,4459.55,4461.05,1255,
2024-07-08 13:26:00+05:30,4460.6,4461.9,4458.05,4460,1313,
2024-07-08 13:27:00+05:30,4460,4461.15,4458.35,4460.6,1463,
2024-07-08 13:28:00+05:30,4460.6,4461.2,4457.75,4460.3,1326,
2024-07-08 13:29:00+05:30,4460.05,4460.5,4458.5,4460.4,1394,
2024-07-08 13:30:00+05:30,4460,4460.5,4458.5,4460,4383,
2024-07-08 13:31:00+05:30,4460,4460.05,4447.85,4450.15,8048,
2024-07-08 13:32:00+05:30,4450.15,4453.35,4445.5,4449.05,3456,
2024-07-08 13:33:00+05:30,4450.4,4450.4,4447.1,4448.05,729,
2024-07-08 13:34:00+05:30,4448.05,4454.35,4448,4454,1930,
2024-07-08 13:35:00+05:30,4454,4454,4451.3,4454,1260,
2024-07-08 13:36:00+05:30,4454,4455.8,4451.45,4455.65,999,
2024-07-08 13:37:00+05:30,4455.65,4455.7,4453.25,4453.45,260,
2024-07-08 13:38:00+05:30,4453.45,4455.5,4452.5,4453.8,598,
2024-07-08 13:39:00+05:30,4453.8,4453.8,4453,4453.8,316,
2024-07-08 13:40:00+05:30,4455,4455.8,4453.35,4455.55,404,
2024-07-08 13:41:00+05:30,4455.55,4457.4,4455,4457.35,254,
2024-07-08 13:42:00+05:30,4457.55,4461,4455.4,4460,4215,
2024-07-08 13:43:00+05:30,4457.95,4460.75,4455.8,4455.8,1434,
2024-07-08 13:44:00+05:30,4455.8,4455.8,4452.05,4453.9,982,
2024-07-08 13:45:00+05:30,4453.9,4453.9,4452,4452.5,363,
2024-07-08 13:46:00+05:30,4452.5,4459.8,4452.45,4458.45,1205,
2024-07-08 13:47:00+05:30,4458.45,4460,4456.35,4457.35,389,
2024-07-08 13:48:00+05:30,4457.35,4459.9,4456.4,4459.85,619,
2024-07-08 13:49:00+05:30,4459.85,4460.7,4458,4460,961,
2024-07-08 13:50:00+05:30,4460,4460,4455.1,4457.05,476,
2024-07-08 13:51:00+05:30,4455.3,4457.55,4453.65,4455.3,1585,
2024-07-08 13:52:00+05:30,4455.3,4459.6,4455,4455.1,1420,
2024-07-08 13:53:00+05:30,4455.1,4456.35,4452.45,4452.55,1255,
2024-07-08 13:54:00+05:30,4452.55,4455.75,4452.2,4453.55,967,
2024-07-08 13:55:00+05:30,4453.55,4456.3,4452.5,4454.1,1093,
2024-07-08 13:56:00+05:30,4454.1,4454.8,4452,4453.7,476,
2024-07-08 13:57:00+05:30,4453.7,4455.4,4452.5,4453.6,335,
2024-07-08 13:58:00+05:30,4453.6,4454.95,4452.5,4452.5,495,
2024-07-08 13:59:00+05:30,4452.5,4455,4452.5,4454.1,264,
2024-07-08 14:00:00+05:30,4454.05,4455,4450.1,4450.1,1658,
2024-07-08 14:01:00+05:30,4450.1,4450.5,4448.05,4448.75,1387,
2024-07-08 14:02:00+05:30,4450.5,4453.2,4450,4453.15,558,
2024-07-08 14:03:00+05:30,4453.15,4453.6,4451.3,4453.05,669,
2024-07-08 14:04:00+05:30,4452,4453.05,4450.9,4451.45,2564,
2024-07-08 14:05:00+05:30,4451.45,4453.05,4451,4451.05,1109,
2024-07-08 14:06:00+05:30,4451.05,4453.05,4450.95,4453,894,
2024-07-08 14:07:00+05:30,4453,4454.55,4450.7,4454.35,1762,
2024-07-08 14:08:00+05:30,4454.35,4454.35,4454.05,4454.35,151,
2024-07-08 14:09:00+05:30,4454.35,4454.35,4451.8,4451.8,308,
2024-07-08 14:10:00+05:30,4451.7,4451.7,4445,4446.95,2355,
2024-07-08 14:11:00+05:30,4446.95,4451.7,4445,4451.45,4079,
2024-07-08 14:12:00+05:30,4451.45,4451.45,4449.9,4450.05,365,
2024-07-08 14:13:00+05:30,4450.05,4450.05,4447.65,4450.05,1082,
2024-07-08 14:14:00+05:30,4450.05,4450.4,4448.05,4450.4,955,
2024-07-08 14:15:00+05:30,4451.05,4451.5,4449,4449.5,541,
2024-07-08 14:16:00+05:30,4449.5,4451.25,4449.1,4450.85,448,
2024-07-08 14:17:00+05:30,4450.85,4452.9,4449,4452.5,483,
2024-07-08 14:18:00+05:30,4452.8,4453.45,4450.8,4452.5,602,
2024-07-08 14:19:00+05:30,4452.5,4452.55,4449.5,4450.5,1283,
2024-07-08 14:20:00+05:30,4450.45,4452,4450.15,4452,303,
2024-07-08 14:21:00+05:30,4452,4452,4450.25,4450.25,216,
2024-07-08 14:22:00+05:30,4450.25,4454.8,4450.25,4454.4,557,
2024-07-08 14:23:00+05:30,4454.45,4454.5,4452.8,4453,364,
2024-07-08 14:24:00+05:30,4453,4453,4451.75,4452.05,824,
2024-07-08 14:25:00+05:30,4452.05,4454.5,4451.3,4454.2,602,
2024-07-08 14:26:00+05:30,4454.2,4454.5,4452.65,4452.65,615,
2024-07-08 14:27:00+05:30,4452.65,4457.95,4452.55,4453.6,1175,
2024-07-08 14:28:00+05:30,4454.25,4455.35,4451.7,4453.75,989,
2024-07-08 14:29:00+05:30,4453.75,4455.95,4451.1,4454.9,1339,
2024-07-08 14:30:00+05:30,4455.75,4457,4453.75,4457,415,
2024-07-08 14:31:00+05:30,4456.15,4460,4456.15,4458.85,639,
2024-07-08 14:32:00+05:30,4458.9,4459.85,4456.05,4459.45,927,
2024-07-08 14:33:00+05:30,4459.45,4459.75,4454.3,4458.65,1315,
2024-07-08 14:34:00+05:30,4458.65,4459.45,4457.7,4457.7,175,
2024-07-08 14:35:00+05:30,4457.7,4459.5,4456.5,4459.05,501,
2024-07-08 14:36:00+05:30,4459.05,4460.05,4457.8,4460,955,
2024-07-08 14:37:00+05:30,4460,4460,4457,4459.2,793,
2024-07-08 14:38:00+05:30,4459.25,4460.45,4457,4457,2236,
2024-07-08 14:39:00+05:30,4457,4459.75,4456.1,4459.05,602,
2024-07-08 14:40:00+05:30,4459.05,4459.05,4456.75,4456.75,940,
2024-07-08 14:41:00+05:30,4456.75,4457.3,4454,4456.5,964,
2024-07-08 14:42:00+05:30,4456.5,4459,4454.85,4458.9,863,
2024-07-08 14:43:00+05:30,4458.9,4460,4456.1,4457.25,2336,
2024-07-08 14:44:00+05:30,4457.25,4457.6,4455.25,4457.45,531,
2024-07-08 14:45:00+05:30,4457.45,4459.35,4455.8,4459.35,608,
2024-07-08 14:46:00+05:30,4459.35,4462.7,4459.05,4460.85,3092,
2024-07-08 14:47:00+05:30,4460.85,4461.65,4459,4460,624,
2024-07-08 14:48:00+05:30,4460,4460.15,4457.05,4459.15,732,
2024-07-08 14:49:00+05:30,4460,4460.15,4458.05,4459.05,828,
2024-07-08 14:50:00+05:30,4459.25,4460,4456.55,4458.05,1575,
2024-07-08 14:51:00+05:30,4459.9,4460,4458.15,4460,1041,
2024-07-08 14:52:00+05:30,4459.95,4460,4458.2,4459.65,493,
2024-07-08 14:53:00+05:30,4459.8,4460,4458.1,4459,2432,
2024-07-08 14:54:00+05:30,4458.2,4460.05,4456.6,4458.75,2460,
2024-07-08 14:55:00+05:30,4458.75,4460,4458.75,4459.9,3676,
2024-07-08 14:56:00+05:30,4459.9,4460,4456.9,4459.25,11643,
2024-07-08 14:57:00+05:30,4459.25,4460,4457.65,4460,6312,
2024-07-08 14:58:00+05:30,4460,4467.7,4456.55,4460.1,14682,
2024-07-08 14:59:00+05:30,4460.1,4463.6,4457.25,4459.55,5999,
2024-07-08 15:00:00+05:30,4459.55,4466,4458,4459.65,13794,
2024-07-08 15:01:00+05:30,4458.85,4463.35,4456,4456.4,5313,
2024-07-08 15:02:00+05:30,4457.9,4461,4456,4461,4394,
2024-07-08 15:03:00+05:30,4460.85,4461.4,4457.15,4457.45,5710,
2024-07-08 15:04:00+05:30,4457.45,4462,4457.25,4458.35,7095,
2024-07-08 15:05:00+05:30,4458.35,4463,4457.9,4463,5657,
2024-07-08 15:06:00+05:30,4463,4463,4457.5,4459.7,8869,
2024-07-08 15:07:00+05:30,4459.7,4461.9,4458,4459.15,4584,
2024-07-08 15:08:00+05:30,4459.15,4463,4458,4458.3,7466,
2024-07-08 15:09:00+05:30,4458.3,4461.05,4458,4460.05,4425,
2024-07-08 15:10:00+05:30,4459.9,4460.9,4457.1,4457.85,6152,
2024-07-08 15:11:00+05:30,4457.85,4460,4457.05,4459.25,5331,
2024-07-08 15:12:00+05:30,4459.25,4463,4457.65,4459.3,9656,
2024-07-08 15:13:00+05:30,4462.55,4465,4459.95,4464.1,9128,
2024-07-08 15:14:00+05:30,4463.25,4466.05,4463.25,4466,5115,
2024-07-08 15:15:00+05:30,4466,4466.55,4462.1,4464.05,4700,
2024-07-08 15:16:00+05:30,4464.05,4465.45,4460.25,4464.65,7076,
2024-07-08 15:17:00+05:30,4464.25,4468.55,4462.1,4467.1,4223,
2024-07-08 15:18:00+05:30,4467.1,4469.95,4462.9,4465.55,6340,
2024-07-08 15:19:00+05:30,4466,4468.85,4465.25,4465.65,4089,
2024-07-08 15:20:00+05:30,4465.65,4465.65,4460.35,4462.4,7299,
2024-07-08 15:21:00+05:30,4462.4,4468.4,4462.3,4468,2806,
2024-07-08 15:22:00+05:30,4468,4475,4468,4475,3533,
2024-07-08 15:23:00+05:30,4475,4476,4474.35,4474.35,4221,
2024-07-08 15:24:00+05:30,4474.5,4477,4471,4476.95,3767,
2024-07-08 15:25:00+05:30,4476.95,4479.95,4476.8,4479.95,2854,
2024-07-08 15:26:00+05:30,4479.95,4483.95,4478,4483,2742,
2024-07-08 15:27:00+05:30,4482.25,4483.9,4481,4482.5,4378,
2024-07-08 15:28:00+05:30,4482.1,4483.45,4477.05,4482.15,1966,
2024-07-08 15:29:00+05:30,4483,4483,4470.75,4480,1270,
2024-07-09 09:15:00+05:30,4491.4,4491.4,4458,4468.65,9965,
2024-07-09 09:16:00+05:30,4467.05,4476.1,4459.95,4472.3,5409,
2024-07-09 09:17:00+05:30,4474.8,4485.2,4473.2,4478.25,4614,
2024-07-09 09:18:00+05:30,4478.25,4480.4,4471,4474.7,3378,
2024-07-09 09:19:00+05:30,4474.7,4479.8,4473.75,4479.7,1363,
2024-07-09 09:20:00+05:30,4479.25,4484,4476.8,4478,1810,
2024-07-09 09:21:00+05:30,4478.3,4483.65,4471,4473.3,2581,
2024-07-09 09:22:00+05:30,4473.35,4476.25,4472.3,4473.85,1303,
2024-07-09 09:23:00+05:30,4472.3,4476.25,4472,4473.6,1192,
2024-07-09 09:24:00+05:30,4473.6,4474.8,4467.3,4467.3,2250,
2024-07-09 09:25:00+05:30,4467.3,4476.25,4465,4475.95,1853,
2024-07-09 09:26:00+05:30,4475.95,4476.25,4470.55,4473.5,2376,
2024-07-09 09:27:00+05:30,4471.25,4473.8,4470,4473.45,979,
2024-07-09 09:28:00+05:30,4473.2,4474.45,4470.05,4472.25,1035,
2024-07-09 09:29:00+05:30,4472.25,4474,4472,4474,936,
2024-07-09 09:30:00+05:30,4473.95,4479.5,4473.9,4479.5,1718,
2024-07-09 09:31:00+05:30,4476.8,4491.9,4476.8,4491.75,2120,
2024-07-09 09:32:00+05:30,4491.75,4491.75,4472.6,4474.2,6292,
2024-07-09 09:33:00+05:30,4474.2,4477.2,4473,4475.95,2785,
2024-07-09 09:34:00+05:30,4476.25,4476.25,4465.1,4466.5,3894,
2024-07-09 09:35:00+05:30,4466.5,4468.85,4465.6,4467.95,1090,
2024-07-09 09:36:00+05:30,4467.95,4472.4,4465.5,4470.05,1575,
2024-07-09 09:37:00+05:30,4470.05,4470.05,4466.1,4468.4,1110,
2024-07-09 09:38:00+05:30,4469,4472,4466.75,4471.25,1738,
2024-07-09 09:39:00+05:30,4472.5,4476.25,4472,4474.5,1253,
2024-07-09 09:40:00+05:30,4474.65,4476.25,4471.75,4475.8,933,
2024-07-09 09:41:00+05:30,4472.95,4476.25,4472.95,4476.25,1038,
2024-07-09 09:42:00+05:30,4475.9,4476.65,4473.4,4474.65,3667,
2024-07-09 09:43:00+05:30,4475.9,4479,4472,4479,1695,
2024-07-09 09:44:00+05:30,4479,4484.5,4479,4484.05,977,
2024-07-09 09:45:00+05:30,4483.95,4484.5,4477.8,4482.6,1332,
2024-07-09 09:46:00+05:30,4482.6,4483.35,4473.85,4475,2803,
2024-07-09 09:47:00+05:30,4474.35,4480.05,4474.05,4474.25,712,
2024-07-09 09:48:00+05:30,4476.15,4482,4476.15,4482,742,
2024-07-09 09:49:00+05:30,4482,4485,4481.05,4483.9,904,
2024-07-09 09:50:00+05:30,4483.9,4483.9,4480.6,4483.05,736,
2024-07-09 09:51:00+05:30,4482.05,4486.9,4482.05,4485,1042,
2024-07-09 09:52:00+05:30,4485,4486.2,4480.55,4485.35,1361,
2024-07-09 09:53:00+05:30,4485.1,4485.25,4480.05,4481.95,916,
2024-07-09 09:54:00+05:30,4481.95,4485.25,4480.15,4485,808,
2024-07-09 09:55:00+05:30,4485,4492.45,4484,4489.4,2252,
2024-07-09 09:56:00+05:30,4489.4,4500,4489.4,4500,2141,
2024-07-09 09:57:00+05:30,4500,4500,4496.05,4498.85,2106,
2024-07-09 09:58:00+05:30,4498.85,4499.35,4494,4497.45,1150,
2024-07-09 09:59:00+05:30,4495.85,4496.45,4485.75,4486.6,4812,
2024-07-09 10:00:00+05:30,4486.6,4491.9,4480.45,4491.9,1777,
2024-07-09 10:01:00+05:30,4491.9,4498.8,4490,4495.2,3074,
2024-07-09 10:02:00+05:30,4495.2,4497.8,4486.3,4489.4,3800,
2024-07-09 10:03:00+05:30,4489.4,4494.45,4487.6,4494,1106,
2024-07-09 10:04:00+05:30,4494,4498.45,4491.9,4496.2,969,
2024-07-09 10:05:00+05:30,4495.55,4500,4495.1,4495.1,2570,
2024-07-09 10:06:00+05:30,4493.55,4498.5,4493.55,4495.85,1022,
2024-07-09 10:07:00+05:30,4495.85,4497.45,4491,4494.35,1163,
2024-07-09 10:08:00+05:30,4491.7,4498,4491.55,4496,707,
2024-07-09 10:09:00+05:30,4496.35,4497.55,4493,4497.55,1032,
2024-07-09 10:10:00+05:30,4498.65,4498.7,4494.55,4497.1,1037,
2024-07-09 10:11:00+05:30,4497.1,4499,4492,4494.35,1835,
2024-07-09 10:12:00+05:30,4494.95,4498.95,4494.15,4498.2,1064,
2024-07-09 10:13:00+05:30,4498.2,4499,4490.05,4494.05,2987,
2024-07-09 10:14:00+05:30,4494.9,4498.95,4492.9,4498.95,728,
2024-07-09 10:15:00+05:30,4499,4500,4495.15,4495.15,5409,
2024-07-09 10:16:00+05:30,4495.05,4499,4495.05,4499,2289,
2024-07-09 10:17:00+05:30,4499,4502,4492.55,4494.65,2577,
2024-07-09 10:18:00+05:30,4494.65,4499.55,4491.6,4497.45,1002,
2024-07-09 10:19:00+05:30,4499.4,4499.4,4494,4495.2,1063,
2024-07-09 10:20:00+05:30,4495.2,4497.25,4490.6,4492.95,1850,
2024-07-09 10:21:00+05:30,4490.6,4496.65,4488.7,4494.75,1967,
2024-07-09 10:22:00+05:30,4492.35,4495.15,4490.05,4495.15,914,
2024-07-09 10:23:00+05:30,4496.45,4499,4496,4496,856,
2024-07-09 10:24:00+05:30,4497.7,4499.6,4496.05,4498.05,1356,
2024-07-09 10:25:00+05:30,4498.5,4500,4497.1,4497.75,6091,
2024-07-09 10:26:00+05:30,4500,4500,4495,4498,2435,
2024-07-09 10:27:00+05:30,4498,4499.9,4496.55,4499.05,895,
2024-07-09 10:28:00+05:30,4499.5,4500,4496.95,4497.8,1508,
2024-07-09 10:29:00+05:30,4497.8,4500,4496.3,4496.3,1910,
2024-07-09 10:30:00+05:30,4498.4,4500,4496.3,4498.9,1072,
2024-07-09 10:31:00+05:30,4498.9,4502.25,4488.8,4488.8,17660,
2024-07-09 10:32:00+05:30,4488.9,4489.2,4485.3,4489.05,4285,
2024-07-09 10:33:00+05:30,4489.05,4496.4,4487.8,4495.15,1369,
2024-07-09 10:34:00+05:30,4493.25,4499,4493.05,4494.35,1253,
2024-07-09 10:35:00+05:30,4494.35,4497.1,4488.25,4491.5,1738,
2024-07-09 10:36:00+05:30,4491.5,4496.75,4491.5,4495.85,1137,
2024-07-09 10:37:00+05:30,4495.6,4496,4491,4495.35,655,
2024-07-09 10:38:00+05:30,4495.35,4497.45,4493.05,4496.6,779,
2024-07-09 10:39:00+05:30,4496,4499.9,4495,4497.5,859,
2024-07-09 10:40:00+05:30,4497.5,4498.95,4492.05,4494.2,2005,
2024-07-09 10:41:00+05:30,4494.2,4498.35,4492.65,4493.45,930,
2024-07-09 10:42:00+05:30,4495.5,4497.6,4493.15,4494.05,865,
2024-07-09 10:43:00+05:30,4494.05,4499,4494.05,4498,739,
2024-07-09 10:44:00+05:30,4498,4499.45,4493.75,4496.35,993,
2024-07-09 10:45:00+05:30,4496.35,4498,4493.75,4496,1134,
2024-07-09 10:46:00+05:30,4496,4496.9,4494.15,4494.5,720,
2024-07-09 10:47:00+05:30,4494.5,4497.35,4494.05,4494.2,967,
2024-07-09 10:48:00+05:30,4495.95,4497.9,4492.5,4495.95,1039,
2024-07-09 10:49:00+05:30,4495.95,4497.15,4487.1,4487.15,28444,
2024-07-09 10:50:00+05:30,4487.15,4487.35,4483.1,4487.35,3352,
2024-07-09 10:51:00+05:30,4487.35,4494.35,4485.85,4493.95,1088,
2024-07-09 10:52:00+05:30,4493.95,4496.9,4491.35,4496.9,709,
2024-07-09 10:53:00+05:30,4496.9,4498,4494.75,4498,616,
2024-07-09 10:54:00+05:30,4498,4498.7,4493,4493.75,966,
2024-07-09 10:55:00+05:30,4493.7,4494.75,4483.15,4489.05,3911,
2024-07-09 10:56:00+05:30,4489.05,4490,4483.05,4483.3,1189,
2024-07-09 10:57:00+05:30,4486,4489,4483.35,4486.3,779,
2024-07-09 10:58:00+05:30,4486.3,4492.3,4486.3,4488,630,
2024-07-09 10:59:00+05:30,4488,4493,4488,4493,614,
2024-07-09 11:00:00+05:30,4493,4496.7,4488.6,4490.75,1552,
2024-07-09 11:01:00+05:30,4490.75,4493.7,4490.75,4491.05,749,
2024-07-09 11:02:00+05:30,4491.05,4494.05,4490.85,4491.4,839,
2024-07-09 11:03:00+05:30,4491.4,4495.6,4490.35,4493.9,1133,
2024-07-09 11:04:00+05:30,4493.9,4498.1,4493.85,4496.55,1049,
2024-07-09 11:05:00+05:30,4496.55,4499,4495,4497.45,1031,
2024-07-09 11:06:00+05:30,4497.45,4499,4494.95,4496.5,867,
2024-07-09 11:07:00+05:30,4496.5,4498.65,4496.5,4496.9,1035,
2024-07-09 11:08:00+05:30,4496.9,4499,4496.6,4498,1389,
2024-07-09 11:09:00+05:30,4498,4500,4497.3,4500,3143,
2024-07-09 11:10:00+05:30,4500,4500,4497,4499,1309,
2024-07-09 11:11:00+05:30,4499,4501.5,4497.2,4500,814,
2024-07-09 11:12:00+05:30,4501.6,4501.6,4499.9,4500,971,
2024-07-09 11:13:00+05:30,4500,4501.2,4498.45,4499.95,1104,
2024-07-09 11:14:00+05:30,4499.95,4500.6,4498,4498.05,1334,
2024-07-09 11:15:00+05:30,4498.05,4500,4497.1,4499.55,1230,
2024-07-09 11:16:00+05:30,4500.65,4501.2,4498.25,4499.95,1779,
2024-07-09 11:17:00+05:30,4500,4500,4498.75,4499,1128,
2024-07-09 11:18:00+05:30,4498.85,4500,4498.2,4500,1918,
2024-07-09 11:19:00+05:30,4500,4500,4496.6,4498.2,849,
2024-07-09 11:20:00+05:30,4498.2,4500,4496.65,4496.95,1127,
2024-07-09 11:21:00+05:30,4497.85,4500,4496.8,4499.9,1710,
2024-07-09 11:22:00+05:30,4499.3,4500,4495,4496.9,1388,
2024-07-09 11:23:00+05:30,4496.05,4500,4495.45,4499.9,940,
2024-07-09 11:24:00+05:30,4499.9,4500,4498,4499.95,709,
2024-07-09 11:25:00+05:30,4500,4500,4498,4499.4,2735,
2024-07-09 11:26:00+05:30,4500,4500,4498,4498.5,2393,
2024-07-09 11:27:00+05:30,4498.5,4499.95,4498,4499.95,877,
2024-07-09 11:28:00+05:30,4499.95,4500,4496,4497.9,1636,
2024-07-09 11:29:00+05:30,4497.9,4500,4496.6,4500,1880,
2024-07-09 11:30:00+05:30,4500,4500,4492.4,4492.4,1840,
2024-07-09 11:31:00+05:30,4492.4,4492.4,4484.5,4485.8,2068,
2024-07-09 11:32:00+05:30,4485.8,4485.8,4479.1,4480.55,2043,
2024-07-09 11:33:00+05:30,4480.55,4483.4,4477.4,4480.05,1734,
2024-07-09 11:34:00+05:30,4480.05,4489.9,4480.05,4489,2591,
2024-07-09 11:35:00+05:30,4489,4490.85,4489,4489.95,726,
2024-07-09 11:36:00+05:30,4489.95,4494.15,4489.95,4491,579,
2024-07-09 11:37:00+05:30,4491,4493,4489,4489,677,
2024-07-09 11:38:00+05:30,4489,4491.8,4489,4489.5,165,
2024-07-09 11:39:00+05:30,4489.5,4490.9,4488.5,4490.9,915,
2024-07-09 11:40:00+05:30,4490.9,4492.45,4489,4489,584,
2024-07-09 11:41:00+05:30,4489,4491.75,4489,4490.1,269,
2024-07-09 11:42:00+05:30,4490.1,4491.65,4489,4491.15,316,
2024-07-09 11:43:00+05:30,4490,4491.7,4490,4491.1,179,
2024-07-09 11:44:00+05:30,4491.1,4491.6,4489,4489.75,386,
2024-07-09 11:45:00+05:30,4489.75,4491.75,4489.75,4491.7,356,
2024-07-09 11:46:00+05:30,4491.7,4491.7,4490,4490.75,425,
2024-07-09 11:47:00+05:30,4490.75,4493,4490.2,4492.1,508,
2024-07-09 11:48:00+05:30,4492.1,4492.1,4490.25,4491.5,231,
2024-07-09 11:49:00+05:30,4491.5,4491.5,4489,4490.4,265,
2024-07-09 11:50:00+05:30,4490.4,4491.45,4490.4,4490.9,310,
2024-07-09 11:51:00+05:30,4490.9,4491.45,4490.2,4491.45,189,
2024-07-09 11:52:00+05:30,4491.45,4491.45,4490.05,4490.05,109,
2024-07-09 11:53:00+05:30,4490.05,4491.45,4490.05,4490.05,159,
2024-07-09 11:54:00+05:30,4490.95,4492.4,4490.05,4491,197,
2024-07-09 11:55:00+05:30,4491,4491,4490.3,4490.95,199,
2024-07-09 11:56:00+05:30,4490.95,4492.25,4490.95,4491,278,
2024-07-09 11:57:00+05:30,4491,4492,4491,4492,214,
2024-07-09 11:58:00+05:30,4492,4492,4491.05,4491.5,125,
2024-07-09 11:59:00+05:30,4491.05,4491.6,4490,4491.4,463,
2024-07-09 12:00:00+05:30,4491.4,4492,4490.6,4491.2,366,
2024-07-09 12:01:00+05:30,4491.2,4492.4,4491.2,4492,211,
2024-07-09 12:02:00+05:30,4492,4494.2,4492,4493.35,304,
2024-07-09 12:03:00+05:30,4493.35,4494.95,4493,4493.25,742,
2024-07-09 12:04:00+05:30,4493.25,4500,4493.25,4499.9,1344,
2024-07-09 12:05:00+05:30,4499.9,4500,4499,4500,441,
2024-07-09 12:06:00+05:30,4500,4500,4499.7,4499.95,397,
2024-07-09 12:07:00+05:30,4499.95,4500,4499,4500,7880,
2024-07-09 12:08:00+05:30,4500,4500,4499,4499.05,1419,
2024-07-09 12:09:00+05:30,4499.95,4500,4499,4500,16006,
2024-07-09 12:10:00+05:30,4500,4500,4499,4500,1974,
2024-07-09 12:11:00+05:30,4500,4500,4499,4499,3863,
2024-07-09 12:12:00+05:30,4499.05,4500,4499,4499.95,332,
2024-07-09 12:13:00+05:30,4499.95,4500,4499,4499.65,312,
2024-07-09 12:14:00+05:30,4499.65,4499.75,4499,4499.65,18869,
2024-07-09 12:15:00+05:30,4499.7,4499.75,4499.65,4499.75,737,
2024-07-09 12:16:00+05:30,4499.75,4500,4493.15,4497.65,16591,
2024-07-09 12:17:00+05:30,4497.65,4500.6,4495.55,4499.75,17198,
2024-07-09 12:18:00+05:30,4499.75,4501.65,4497.85,4499.55,2555,
2024-07-09 12:19:00+05:30,4499.6,4500.1,4499.5,4499.7,1173,
2024-07-09 12:20:00+05:30,4499.7,4500,4499.5,4499.95,1731,
2024-07-09 12:21:00+05:30,4499.95,4501,4499.9,4500,731,
2024-07-09 12:22:00+05:30,4500,4500,4499.5,4500,946,
2024-07-09 12:23:00+05:30,4500,4501.15,4498.5,4498.5,607,
2024-07-09 12:24:00+05:30,4500.25,4500.25,4498.5,4498.5,1027,
2024-07-09 12:25:00+05:30,4498.5,4500,4498,4498.55,652,
2024-07-09 12:26:00+05:30,4499.05,4501.15,4497,4500,2463,
2024-07-09 12:27:00+05:30,4500,4501,4499.25,4500,918,
2024-07-09 12:28:00+05:30,4499.5,4500,4499.5,4500,1734,
2024-07-09 12:29:00+05:30,4500,4501.75,4499.5,4499.5,2096,
2024-07-09 12:30:00+05:30,4499.95,4501.55,4498.1,4499.4,1369,
2024-07-09 12:31:00+05:30,4500,4500.5,4497,4497,2261,
2024-07-09 12:32:00+05:30,4498.8,4499.75,4496.5,4497,628,
2024-07-09 12:33:00+05:30,4498.5,4499.85,4497,4499.05,1624,
2024-07-09 12:34:00+05:30,4499.05,4500,4496.5,4499.2,1475,
2024-07-09 12:35:00+05:30,4499.2,4501,4497,4498,1680,
2024-07-09 12:36:00+05:30,4499.85,4501,4497.2,4501,508,
2024-07-09 12:37:00+05:30,4500.95,4501.95,4500,4500.05,936,
2024-07-09 12:38:00+05:30,4501.8,4501.9,4499.95,4500,5647,
2024-07-09 12:39:00+05:30,4500,4500,4498.25,4498.7,689,
2024-07-09 12:40:00+05:30,4499.95,4500,4498.7,4499.95,14195,
2024-07-09 12:41:00+05:30,4500,4500,4498.05,4499.65,617,
2024-07-09 12:42:00+05:30,4499.55,4505,4499.5,4501.7,3664,
2024-07-09 12:43:00+05:30,4501.7,4503.85,4500,4500,1294,
2024-07-09 12:44:00+05:30,4500,4503.7,4500,4500,952,
2024-07-09 12:45:00+05:30,4501.7,4509,4500,4505,2742,
2024-07-09 12:46:00+05:30,4505,4506.8,4502.65,4505.95,1601,
2024-07-09 12:47:00+05:30,4505.9,4507.15,4502.45,4505.95,1879,
2024-07-09 12:48:00+05:30,4505.45,4509.7,4505.15,4509.5,2182,
2024-07-09 12:49:00+05:30,4509.7,4517.7,4507.1,4517.5,5137,
2024-07-09 12:50:00+05:30,4517.25,4520.7,4514.7,4520.4,3659,
2024-07-09 12:51:00+05:30,4520,4522.85,4516.3,4517.5,2355,
2024-07-09 12:52:00+05:30,4517.2,4517.2,4510.6,4510.6,1431,
2024-07-09 12:53:00+05:30,4510.6,4512.2,4507,4507,1540,
2024-07-09 12:54:00+05:30,4509.2,4513,4507,4509.45,1483,
2024-07-09 12:55:00+05:30,4511.45,4512.05,4506.5,4508.5,1012,
2024-07-09 12:56:00+05:30,4510.65,4512.1,4508.1,4510.5,1047,
2024-07-09 12:57:00+05:30,4511.9,4512,4507.05,4507.05,1328,
2024-07-09 12:58:00+05:30,4508.45,4508.45,4501.15,4501.15,1476,
2024-07-09 12:59:00+05:30,4501.15,4505.2,4500,4500.3,1465,
2024-07-09 13:00:00+05:30,4502.5,4511.1,4500.2,4507,2985,
2024-07-09 13:01:00+05:30,4507,4509.9,4502.55,4509.9,2899,
2024-07-09 13:02:00+05:30,4509.9,4511.8,4506.65,4507.6,1753,
2024-07-09 13:03:00+05:30,4507.75,4513.9,4507.05,4507.05,1828,
2024-07-09 13:04:00+05:30,4507.05,4511.75,4506.05,4506.85,1426,
2024-07-09 13:05:00+05:30,4506.85,4509.85,4503.3,4504.6,3111,
2024-07-09 13:06:00+05:30,4506.25,4506.25,4501.6,4502.2,1238,
2024-07-09 13:07:00+05:30,4502.2,4504.35,4500,4501.35,3835,
2024-07-09 13:08:00+05:30,4503.85,4508.45,4501.3,4503.25,1333,
2024-07-09 13:09:00+05:30,4505.55,4507.55,4501.9,4507,1471,
2024-07-09 13:10:00+05:30,4507,4507,4502.3,4504.25,768,
2024-07-09 13:11:00+05:30,4504.25,4510.75,4503.5,4510.75,2133,
2024-07-09 13:12:00+05:30,4510.75,4516.7,4507.6,4515,2221,
2024-07-09 13:13:00+05:30,4515,4515.95,4510.7,4511,1525,
2024-07-09 13:14:00+05:30,4511.6,4513.2,4509.25,4511.45,1277,
2024-07-09 13:15:00+05:30,4512,4515,4510.15,4513,1142,
2024-07-09 13:16:00+05:30,4514.8,4515.95,4511.75,4515,1351,
2024-07-09 13:17:00+05:30,4515,4516,4510.5,4513.2,853,
2024-07-09 13:18:00+05:30,4514.65,4519.55,4512.3,4517.35,2327,
2024-07-09 13:19:00+05:30,4519.4,4519.4,4515.6,4517.9,1133,
2024-07-09 13:20:00+05:30,4517.9,4518.1,4514.2,4516.5,1530,
2024-07-09 13:21:00+05:30,4516.5,4516.55,4510,4512.65,1762,
2024-07-09 13:22:00+05:30,4515.45,4515.45,4509.15,4509.95,855,
2024-07-09 13:23:00+05:30,4512.15,4513.3,4507.7,4508.2,2007,
2024-07-09 13:24:00+05:30,4508.2,4511.45,4505,4505.15,1128,
2024-07-09 13:25:00+05:30,4505.15,4509.3,4505,4506,765,
2024-07-09 13:26:00+05:30,4507.7,4509.4,4505.5,4508.25,1058,
2024-07-09 13:27:00+05:30,4508.75,4510,4505.9,4505.9,1028,
2024-07-09 13:28:00+05:30,4508.95,4510.85,4506,4508.2,843,
2024-07-09 13:29:00+05:30,4509.95,4509.95,4506.2,4508.45,1315,
2024-07-09 13:30:00+05:30,4506.9,4511.85,4506.85,4507.75,1101,
2024-07-09 13:31:00+05:30,4509.95,4509.95,4507.65,4507.75,1323,
2024-07-09 13:32:00+05:30,4508.1,4510.8,4508.1,4510,1406,
2024-07-09 13:33:00+05:30,4507.8,4514.5,4507.55,4512.95,1772,
2024-07-09 13:34:00+05:30,4512.95,4516,4511.95,4514.85,994,
2024-07-09 13:35:00+05:30,4514.85,4517.9,4511.8,4513.45,1191,
2024-07-09 13:36:00+05:30,4515.3,4515.3,4508.05,4510,10220,
2024-07-09 13:37:00+05:30,4514.15,4514.15,4507.55,4509.6,7907,
2024-07-09 13:38:00+05:30,4509.6,4510,4505.1,4508.7,1424,
2024-07-09 13:39:00+05:30,4508.55,4508.55,4504.9,4507.1,1539,
2024-07-09 13:40:00+05:30,4505,4508.9,4504.9,4506.15,1110,
2024-07-09 13:41:00+05:30,4506.15,4510.2,4505,4506.1,1014,
2024-07-09 13:42:00+05:30,4509,4509.9,4505.1,4505.1,1660,
2024-07-09 13:43:00+05:30,4505.1,4510.4,4505.1,4508.1,2912,
2024-07-09 13:44:00+05:30,4506.1,4509.05,4505.35,4505.4,1077,
2024-07-09 13:45:00+05:30,4505.5,4508.25,4504.9,4505.05,2688,
2024-07-09 13:46:00+05:30,4505.05,4509.45,4505.05,4507.05,1367,
2024-07-09 13:47:00+05:30,4507.05,4510.85,4506.4,4508.1,1180,
2024-07-09 13:48:00+05:30,4510.1,4513.25,4507.5,4510.6,1742,
2024-07-09 13:49:00+05:30,4510.6,4515.95,4510,4512.8,1833,
2024-07-09 13:50:00+05:30,4515.35,4515.35,4512,4513.8,2076,
2024-07-09 13:51:00+05:30,4514.9,4516,4512.35,4516,1182,
2024-07-09 13:52:00+05:30,4516,4516,4514.1,4515.9,1377,
2024-07-09 13:53:00+05:30,4515.9,4517.8,4515.1,4515.8,1311,
2024-07-09 13:54:00+05:30,4517.45,4518,4515.4,4517.05,1944,
2024-07-09 13:55:00+05:30,4517.05,4521.05,4517.05,4518.45,1916,
2024-07-09 13:56:00+05:30,4518.6,4518.6,4514.4,4517,1920,
2024-07-09 13:57:00+05:30,4518.15,4519,4515.8,4516.6,1024,
2024-07-09 13:58:00+05:30,4516.6,4517.8,4515,4515.4,1277,
2024-07-09 13:59:00+05:30,4517.3,4519.1,4515.3,4516.15,1517,
2024-07-09 14:00:00+05:30,4516.15,4521.9,4514.4,4515,5097,
2024-07-09 14:01:00+05:30,4514.95,4515,4510.05,4510.05,1403,
2024-07-09 14:02:00+05:30,4510.05,4513.35,4510,4513.35,833,
2024-07-09 14:03:00+05:30,4513.35,4513.85,4510,4510,1273,
2024-07-09 14:04:00+05:30,4510,4514.35,4509.05,4512.05,1772,
2024-07-09 14:05:00+05:30,4512.05,4515,4512.05,4512.55,1132,
2024-07-09 14:06:00+05:30,4512.55,4514.2,4511.8,4513.15,1395,
2024-07-09 14:07:00+05:30,4513.15,4513.8,4509.65,4511.75,1143,
2024-07-09 14:08:00+05:30,4511.75,4514.6,4509.6,4511.7,1519,
2024-07-09 14:09:00+05:30,4511.7,4515,4511.7,4514.3,851,
2024-07-09 14:10:00+05:30,4514.3,4514.4,4510.3,4512.15,1270,
2024-07-09 14:11:00+05:30,4512.15,4514.25,4510.95,4513.25,959,
2024-07-09 14:12:00+05:30,4511.6,4515,4511.5,4511.5,8999,
2024-07-09 14:13:00+05:30,4511.5,4514.7,4510.3,4512.15,1249,
2024-07-09 14:14:00+05:30,4512.2,4514.3,4511.05,4511.15,959,
2024-07-09 14:15:00+05:30,4511.05,4513.9,4510.7,4510.7,1077,
2024-07-09 14:16:00+05:30,4510.7,4514.25,4509.75,4510.5,1320,
2024-07-09 14:17:00+05:30,4512.4,4512.95,4508,4509,1245,
2024-07-09 14:18:00+05:30,4510.7,4512.05,4507.05,4508.75,1234,
2024-07-09 14:19:00+05:30,4508.75,4519.5,4508.7,4519.2,3026,
2024-07-09 14:20:00+05:30,4519.2,4519.5,4516.75,4519.45,958,
2024-07-09 14:21:00+05:30,4519.4,4519.4,4515.4,4517,1989,
2024-07-09 14:22:00+05:30,4517,4517,4511.75,4513.25,1251,
2024-07-09 14:23:00+05:30,4514.25,4516.95,4513.15,4515.55,1034,
2024-07-09 14:24:00+05:30,4516.9,4517,4512.5,4516,1285,
2024-07-09 14:25:00+05:30,4516,4516,4511.45,4514.6,1153,
2024-07-09 14:26:00+05:30,4514.6,4516.15,4510.45,4516.15,1177,
2024-07-09 14:27:00+05:30,4516.15,4517.5,4515.25,4517.5,1223,
2024-07-09 14:28:00+05:30,4517.5,4517.5,4515.65,4517.5,838,
2024-07-09 14:29:00+05:30,4517.5,4517.5,4512.05,4512.8,2300,
2024-07-09 14:30:00+05:30,4512.1,4516.95,4511.55,4514.25,2082,
2024-07-09 14:31:00+05:30,4516.7,4517.05,4511,4511.9,1277,
2024-07-09 14:32:00+05:30,4512.45,4514.4,4508.95,4509.2,1742,
2024-07-09 14:33:00+05:30,4509.2,4513,4508.95,4511.9,1028,
2024-07-09 14:34:00+05:30,4511.9,4515.45,4510.65,4513.7,1043,
2024-07-09 14:35:00+05:30,4513.7,4516.5,4513.45,4515.75,861,
2024-07-09 14:36:00+05:30,4515.75,4517,4513.95,4516.1,2990,
2024-07-09 14:37:00+05:30,4517,4517.5,4514.45,4516.15,1296,
2024-07-09 14:38:00+05:30,4516.15,4516.95,4514.4,4515.4,981,
2024-07-09 14:39:00+05:30,4515.65,4517.2,4514.4,4515.75,891,
2024-07-09 14:40:00+05:30,4515.75,4519.5,4514.4,4519.5,1058,
2024-07-09 14:41:00+05:30,4518.1,4520,4516.6,4519.95,1337,
2024-07-09 14:42:00+05:30,4519.3,4520.7,4518.3,4518.45,1000,
2024-07-09 14:43:00+05:30,4518.45,4525,4518.45,4521.35,3668,
2024-07-09 14:44:00+05:30,4523.25,4524.55,4521.1,4524.45,1139,
2024-07-09 14:45:00+05:30,4522.95,4524.7,4521,4522.85,1511,
2024-07-09 14:46:00+05:30,4522.85,4522.9,4520.3,4522.8,2498,
2024-07-09 14:47:00+05:30,4522.8,4524,4521,4524,1211,
2024-07-09 14:48:00+05:30,4522.05,4524,4520.35,4520.75,1050,
2024-07-09 14:49:00+05:30,4520.75,4522.95,4517.85,4518.55,2192,
2024-07-09 14:50:00+05:30,4518.55,4522.45,4518.25,4518.95,1206,
2024-07-09 14:51:00+05:30,4520.95,4521.8,4518.95,4520.25,915,
2024-07-09 14:52:00+05:30,4520.45,4521.6,4518.2,4519.05,1079,
2024-07-09 14:53:00+05:30,4519.05,4520,4517.75,4519.65,1238,
2024-07-09 14:54:00+05:30,4518.1,4519.75,4516.65,4518.05,1308,
2024-07-09 14:55:00+05:30,4516.8,4519.45,4516.35,4517.35,1207,
2024-07-09 14:56:00+05:30,4517.4,4517.4,4514.9,4515.15,1545,
2024-07-09 14:57:00+05:30,4516.4,4522,4515,4522,1835,
2024-07-09 14:58:00+05:30,4522,4525,4519.3,4523.65,2017,
2024-07-09 14:59:00+05:30,4522.65,4522.65,4519.35,4521.4,1028,
2024-07-09 15:00:00+05:30,4519.55,4523.5,4519.45,4521.7,1114,
2024-07-09 15:01:00+05:30,4521.7,4527,4518.9,4526.95,3832,
2024-07-09 15:02:00+05:30,4527,4533.25,4524.9,4528.7,3705,
2024-07-09 15:03:00+05:30,4528.7,4544.95,4528.65,4541.4,4612,
2024-07-09 15:04:00+05:30,4543.45,4543.45,4535,4536.25,1323,
2024-07-09 15:05:00+05:30,4535,4536.2,4532.15,4534.25,1397,
2024-07-09 15:06:00+05:30,4534.25,4536.95,4534.25,4536.35,2460,
2024-07-09 15:07:00+05:30,4536.5,4536.5,4532.45,4535.5,1894,
2024-07-09 15:08:00+05:30,4535.5,4535.5,4532.05,4533.9,1326,
2024-07-09 15:09:00+05:30,4533.9,4535,4533,4533,1620,
2024-07-09 15:10:00+05:30,4533,4545,4533,4544.6,6901,
2024-07-09 15:11:00+05:30,4544.6,4547.95,4542.5,4547.35,5690,
2024-07-09 15:12:00+05:30,4546.35,4558.1,4546.35,4557.05,6227,
2024-07-09 15:13:00+05:30,4557,4565,4552.55,4561.65,8305,
2024-07-09 15:14:00+05:30,4561.7,4564,4553.05,4554.5,2499,
2024-07-09 15:15:00+05:30,4553.05,4556.15,4550.75,4554.4,3074,
2024-07-09 15:16:00+05:30,4553.55,4555,4550,4550.85,2891,
2024-07-09 15:17:00+05:30,4552.8,4555,4551,4554.65,3816,
2024-07-09 15:18:00+05:30,4555,4558.45,4550.45,4552.8,3206,
2024-07-09 15:19:00+05:30,4552.8,4562.9,4552.8,4561.9,2839,
2024-07-09 15:20:00+05:30,4561.9,4567.8,4559.7,4562.1,3785,
2024-07-09 15:21:00+05:30,4564,4573,4561.75,4573,4208,
2024-07-09 15:22:00+05:30,4572,4578.15,4569.85,4577.45,4537,
2024-07-09 15:23:00+05:30,4579.95,4582.9,4569.8,4572.25,2010,
2024-07-09 15:24:00+05:30,4570,4580,4565.7,4578.75,1778,
2024-07-09 15:25:00+05:30,4580,4581.8,4567.35,4572.6,3530,
2024-07-09 15:26:00+05:30,4575.2,4575.2,4569,4570.8,1207,
2024-07-09 15:27:00+05:30,4571.35,4575,4571.35,4571.6,1092,
2024-07-09 15:28:00+05:30,4571.15,4574,4570.75,4574,1108,
2024-07-09 15:29:00+05:30,4574,4574,4561.4,4570,838,
2024-07-10 09:15:00+05:30,4572,4579.35,4560,4564.85,3528,
2024-07-10 09:16:00+05:30,4565.2,4568.4,4557.1,4561.7,1223,
2024-07-10 09:17:00+05:30,4564.5,4566.95,4562.6,4565.45,441,
2024-07-10 09:18:00+05:30,4565.35,4573.9,4563.05,4572.1,4375,
2024-07-10 09:19:00+05:30,4573.9,4583,4573.2,4577.35,2760,
2024-07-10 09:20:00+05:30,4577.2,4606.95,4577.2,4606.95,3789,
2024-07-10 09:21:00+05:30,4604.55,4622.95,4598,4615.25,9120,
2024-07-10 09:22:00+05:30,4614.95,4617.45,4604.35,4614.8,2460,
2024-07-10 09:23:00+05:30,4613.1,4618.25,4607.8,4610,3180,
2024-07-10 09:24:00+05:30,4611.65,4614,4603.1,4610.7,2741,
2024-07-10 09:25:00+05:30,4610.7,4613.65,4605,4610.6,2333,
2024-07-10 09:26:00+05:30,4611.1,4611.1,4595,4597.65,5427,
2024-07-10 09:27:00+05:30,4597.65,4599.9,4595,4597.35,1152,
2024-07-10 09:28:00+05:30,4597.35,4602.95,4595,4597.6,1229,
2024-07-10 09:29:00+05:30,4597.6,4598.7,4595.05,4597.05,379,
2024-07-10 09:30:00+05:30,4598.45,4600.6,4592.15,4592.15,1246,
2024-07-10 09:31:00+05:30,4592.15,4595.15,4586,4586,2415,
2024-07-10 09:32:00+05:30,4587.65,4587.65,4580,4580,1407,
2024-07-10 09:33:00+05:30,4580,4590.55,4580,4590.55,784,
2024-07-10 09:34:00+05:30,4590,4593.7,4590,4590.45,1286,
2024-07-10 09:35:00+05:30,4591.8,4591.8,4587.1,4587.1,865,
2024-07-10 09:36:00+05:30,4589.4,4589.4,4581,4583.6,432,
2024-07-10 09:37:00+05:30,4583.9,4585.4,4582.9,4582.9,892,
2024-07-10 09:38:00+05:30,4584.35,4585.95,4580.1,4585.3,432,
2024-07-10 09:39:00+05:30,4585.3,4585.65,4581.3,4582.2,296,
2024-07-10 09:40:00+05:30,4584.8,4589,4584.8,4587.1,556,
2024-07-10 09:41:00+05:30,4587.1,4593.3,4587.1,4593.3,651,
2024-07-10 09:42:00+05:30,4593.3,4597.55,4590.1,4596.8,1393,
2024-07-10 09:43:00+05:30,4596.8,4596.8,4591.15,4592.45,907,
2024-07-10 09:44:00+05:30,4591.95,4593.7,4590,4591,580,
2024-07-10 09:45:00+05:30,4590,4590,4581,4582.45,1055,
2024-07-10 09:46:00+05:30,4582.4,4586.35,4580,4582.1,1093,
2024-07-10 09:47:00+05:30,4583.75,4583.75,4581.8,4581.8,158,
2024-07-10 09:48:00+05:30,4582,4584,4582,4584,1072,
2024-07-10 09:49:00+05:30,4584,4591,4583.25,4590,1203,
2024-07-10 09:50:00+05:30,4590,4599.15,4590,4594.85,1626,
2024-07-10 09:51:00+05:30,4594.85,4604.95,4593.55,4601,1088,
2024-07-10 09:52:00+05:30,4601,4604.7,4599.8,4600,1238,
2024-07-10 09:53:00+05:30,4601.25,4605,4600,4605,607,
2024-07-10 09:54:00+05:30,4605,4606.95,4601.5,4601.5,973,
2024-07-10 09:55:00+05:30,4601.5,4604.35,4597,4597,507,
2024-07-10 09:56:00+05:30,4597,4598,4595,4596.45,1467,
2024-07-10 09:57:00+05:30,4594.2,4596,4590,4590,2002,
2024-07-10 09:58:00+05:30,4590,4591,4585,4589.75,506,
2024-07-10 09:59:00+05:30,4588.65,4592.75,4588.65,4592.6,532,
2024-07-10 10:00:00+05:30,4594.45,4595.15,4594,4595,194,
2024-07-10 10:01:00+05:30,4595,4599.9,4592,4599.55,688,
2024-07-10 10:02:00+05:30,4598,4599.55,4592.3,4592.3,173,
2024-07-10 10:03:00+05:30,4592.3,4599,4592.3,4595.65,235,
2024-07-10 10:04:00+05:30,4595.7,4599,4595,4596.2,336,
2024-07-10 10:05:00+05:30,4596.65,4606.9,4595.3,4606.4,1540,
2024-07-10 10:06:00+05:30,4606.4,4606.9,4600,4600,559,
2024-07-10 10:07:00+05:30,4600,4601.65,4596.65,4597.9,537,
2024-07-10 10:08:00+05:30,4597.8,4600,4594.85,4595.85,81,
2024-07-10 10:09:00+05:30,4593.1,4596.3,4590.4,4595,3281,
2024-07-10 10:10:00+05:30,4596,4599.95,4594.65,4597.3,583,
2024-07-10 10:11:00+05:30,4595.5,4595.7,4592,4592,517,
2024-07-10 10:12:00+05:30,4592,4592.45,4585,4587.65,2323,
2024-07-10 10:13:00+05:30,4587.65,4592.45,4587.25,4592.4,193,
2024-07-10 10:14:00+05:30,4590.95,4594,4590.95,4593.4,105,
2024-07-10 10:15:00+05:30,4593.4,4593.4,4590.3,4591.65,1431,
2024-07-10 10:16:00+05:30,4591.65,4591.65,4585,4585,1093,
2024-07-10 10:17:00+05:30,4585,4586.75,4585,4586.7,259,
2024-07-10 10:18:00+05:30,4586.7,4588.5,4586,4587.75,1853,
2024-07-10 10:19:00+05:30,4587.75,4587.75,4584,4584,1144,
2024-07-10 10:20:00+05:30,4584,4584.85,4571.5,4572.3,3591,
2024-07-10 10:21:00+05:30,4571.2,4579.3,4571.2,4574.05,928,
2024-07-10 10:22:00+05:30,4574.05,4576.85,4570,4570,802,
2024-07-10 10:23:00+05:30,4569,4571.35,4565,4565,1552,
2024-07-10 10:24:00+05:30,4565,4569.75,4565,4569.3,298,
2024-07-10 10:25:00+05:30,4569.3,4570.75,4565.35,4569.15,1041,
2024-07-10 10:26:00+05:30,4569.15,4569.15,4560.4,4565.1,1306,
2024-07-10 10:27:00+05:30,4565.1,4565.8,4560,4562.7,1309,
2024-07-10 10:28:00+05:30,4562.7,4565,4562.05,4565,508,
2024-07-10 10:29:00+05:30,4564.6,4569.75,4564.6,4566.7,508,
2024-07-10 10:30:00+05:30,4566.7,4573.7,4566.7,4570.2,321,
2024-07-10 10:31:00+05:30,4570.2,4574.45,4570,4571.65,347,
2024-07-10 10:32:00+05:30,4571.65,4578.2,4564.1,4566.45,1391,
2024-07-10 10:33:00+05:30,4564.85,4564.85,4560,4562.15,375,
2024-07-10 10:34:00+05:30,4563.05,4564,4560,4561.8,238,
2024-07-10 10:35:00+05:30,4561.75,4561.75,4551.2,4551.95,1346,
2024-07-10 10:36:00+05:30,4551.2,4554,4545,4547,2017,
2024-07-10 10:37:00+05:30,4547,4547.9,4542.05,4542.05,1634,
2024-07-10 10:38:00+05:30,4542.7,4545.5,4540,4541.5,847,
2024-07-10 10:39:00+05:30,4540.8,4545,4540,4543.15,504,
2024-07-10 10:40:00+05:30,4543,4549,4538.05,4542.5,866,
2024-07-10 10:41:00+05:30,4541.6,4543.35,4536.8,4540.1,1416,
2024-07-10 10:42:00+05:30,4540.1,4555.45,4537.05,4553.5,1583,
2024-07-10 10:43:00+05:30,4553.5,4556.95,4550,4552,2147,
2024-07-10 10:44:00+05:30,4550.1,4551.9,4550,4551.9,784,
2024-07-10 10:45:00+05:30,4551.9,4552.85,4542.15,4543.55,2346,
2024-07-10 10:46:00+05:30,4543.55,4553.35,4543.55,4553.15,714,
2024-07-10 10:47:00+05:30,4550.7,4556.25,4550.7,4554.1,475,
2024-07-10 10:48:00+05:30,4557.95,4563.85,4556.25,4560,2284,
2024-07-10 10:49:00+05:30,4560,4568.45,4560,4565,1803,
2024-07-10 10:50:00+05:30,4565,4572.05,4565,4571.5,1016,
2024-07-10 10:51:00+05:30,4571.95,4574.25,4561.2,4566.8,2999,
2024-07-10 10:52:00+05:30,4566.75,4569.4,4560,4563.65,2499,
2024-07-10 10:53:00+05:30,4563.65,4563.7,4560,4560.3,1002,
2024-07-10 10:54:00+05:30,4560.05,4565.25,4560.05,4565.25,245,
2024-07-10 10:55:00+05:30,4565,4575,4565,4575,1654,
2024-07-10 10:56:00+05:30,4575,4578.2,4573.6,4575.9,513,
2024-07-10 10:57:00+05:30,4575.45,4579.9,4573.2,4577,1302,
2024-07-10 10:58:00+05:30,4577,4580.45,4575.35,4578.85,1833,
2024-07-10 10:59:00+05:30,4578.85,4578.85,4572,4572,369,
2024-07-10 11:00:00+05:30,4572,4578.6,4572,4577.9,463,
2024-07-10 11:01:00+05:30,4577.9,4581,4575.2,4578.55,1156,
2024-07-10 11:02:00+05:30,4578.55,4581.55,4575.2,4580.6,3696,
2024-07-10 11:03:00+05:30,4580.8,4582.95,4578.55,4582.1,484,
2024-07-10 11:04:00+05:30,4582.1,4582.85,4578.75,4580,733,
2024-07-10 11:05:00+05:30,4580.3,4588.95,4580,4580,2467,
2024-07-10 11:06:00+05:30,4580,4580.4,4580,4580.15,196,
2024-07-10 11:07:00+05:30,4580.15,4586.95,4580,4583.3,2355,
2024-07-10 11:08:00+05:30,4583.3,4585.45,4581.15,4581.15,653,
2024-07-10 11:09:00+05:30,4581.15,4584.95,4581.15,4583.45,335,
2024-07-10 11:10:00+05:30,4583.45,4589.5,4581.85,4589.3,1135,
2024-07-10 11:11:00+05:30,4587.65,4590,4585.95,4589.9,494,
2024-07-10 11:12:00+05:30,4589.9,4589.9,4583.4,4586.95,231,
2024-07-10 11:13:00+05:30,4586.95,4591.75,4586.95,4591.15,407,
2024-07-10 11:14:00+05:30,4591.15,4592.95,4590,4591.95,479,
2024-07-10 11:15:00+05:30,4592,4594.45,4590,4590,375,
2024-07-10 11:16:00+05:30,4590,4592,4590,4590.6,136,
2024-07-10 11:17:00+05:30,4590.6,4592,4590,4590.75,853,
2024-07-10 11:18:00+05:30,4591,4592,4585,4585,1107,
2024-07-10 11:19:00+05:30,4585,4589.55,4585,4589.55,421,
2024-07-10 11:20:00+05:30,4588.05,4588.05,4580,4580.1,1467,
2024-07-10 11:21:00+05:30,4580.1,4584.35,4580.1,4582.4,897,
2024-07-10 11:22:00+05:30,4582.4,4584.15,4581.75,4584.15,172,
2024-07-10 11:23:00+05:30,4582,4583,4581,4582.3,42957,
2024-07-10 11:24:00+05:30,4582.3,4590,4581.9,4588.2,19662,
2024-07-10 11:25:00+05:30,4589.9,4590.45,4588,4589.55,741,
2024-07-10 11:26:00+05:30,4589.55,4589.8,4584.25,4584.25,146,
2024-07-10 11:27:00+05:30,4584.25,4584.65,4583,4584.65,130,
2024-07-10 11:28:00+05:30,4584.65,4588.6,4584.6,4588.6,201,
2024-07-10 11:29:00+05:30,4588.6,4589.2,4586.3,4589.05,572,
2024-07-10 11:30:00+05:30,4589.05,4589.75,4586.6,4587.8,178,
2024-07-10 11:31:00+05:30,4587.8,4587.8,4583,4584.95,3238,
2024-07-10 11:32:00+05:30,4583,4587.5,4583,4586.95,1021,
2024-07-10 11:33:00+05:30,4586.95,4588,4585.9,4587.7,440,
2024-07-10 11:34:00+05:30,4589.35,4589.95,4588.35,4589.9,143,
2024-07-10 11:35:00+05:30,4589.9,4590,4589.35,4589.6,116,
2024-07-10 11:36:00+05:30,4589.6,4589.75,4587.55,4588.7,99,
2024-07-10 11:37:00+05:30,4588.7,4588.7,4586.95,4587.5,75,
2024-07-10 11:38:00+05:30,4587.5,4587.5,4583.5,4585.35,273,
2024-07-10 11:39:00+05:30,4585.35,4586.15,4583.45,4585.75,265,
2024-07-10 11:40:00+05:30,4585.7,4585.75,4583.25,4583.65,80,
2024-07-10 11:41:00+05:30,4583.65,4584.95,4583.65,4584.7,284,
2024-07-10 11:42:00+05:30,4584.7,4584.7,4583.05,4583.95,87,
2024-07-10 11:43:00+05:30,4583.95,4587.45,4583.3,4587,997,
2024-07-10 11:44:00+05:30,4587,4587,4584.1,4586.1,189,
2024-07-10 11:45:00+05:30,4586.1,4586.1,4584.05,4585.9,54,
2024-07-10 11:46:00+05:30,4585.9,4585.9,4583.9,4585,161,
2024-07-10 11:47:00+05:30,4585,4585,4583.05,4583.55,224,
2024-07-10 11:48:00+05:30,4583.75,4586.95,4583.05,4586.05,940,
2024-07-10 11:49:00+05:30,4586.05,4588.1,4586.05,4587.9,134,
2024-07-10 11:50:00+05:30,4587.9,4590,4587.75,4588.35,535,
2024-07-10 11:51:00+05:30,4587,4589.7,4587,4589.7,151,
2024-07-10 11:52:00+05:30,4589.7,4596.05,4588.15,4596.05,1139,
2024-07-10 11:53:00+05:30,4596.2,4601.25,4596,4601.2,1506,
2024-07-10 11:54:00+05:30,4601.2,4603.05,4600,4601.35,707,
2024-07-10 11:55:00+05:30,4600,4601.35,4595.7,4598.1,474,
2024-07-10 11:56:00+05:30,4598.1,4607.95,4596.8,4601.7,4336,
2024-07-10 11:57:00+05:30,4601.7,4604.85,4601.7,4603.45,587,
2024-07-10 11:58:00+05:30,4603.45,4606.2,4601.85,4606.2,975,
2024-07-10 11:59:00+05:30,4602.75,4608.4,4602.75,4608.35,3664,
2024-07-10 12:00:00+05:30,4608.35,4612.25,4607.35,4612.15,3168,
2024-07-10 12:01:00+05:30,4612.15,4612.2,4608.45,4608.85,816,
2024-07-10 12:02:00+05:30,4608.55,4612.5,4608.55,4610.45,833,
2024-07-10 12:03:00+05:30,4610.45,4612.1,4609.05,4610.5,125,
2024-07-10 12:04:00+05:30,4610.5,4614.9,4610,4611.4,1025,
2024-07-10 12:05:00+05:30,4611.4,4613.95,4611.4,4613.5,232,
2024-07-10 12:06:00+05:30,4613.5,4613.85,4610.75,4612.85,389,
2024-07-10 12:07:00+05:30,4612.85,4612.85,4605.8,4608,651,
2024-07-10 12:08:00+05:30,4608,4614.75,4606.8,4613.45,1979,
2024-07-10 12:09:00+05:30,4611.45,4619,4611.45,4618.8,1637,
2024-07-10 12:10:00+05:30,4619,4624,4617.95,4624,5231,
2024-07-10 12:11:00+05:30,4623,4624,4620,4621.75,1624,
2024-07-10 12:12:00+05:30,4621.6,4621.6,4616,4617.95,3285,
2024-07-10 12:13:00+05:30,4617.95,4617.95,4611,4611,1008,
2024-07-10 12:14:00+05:30,4611,4617,4611,4615.3,698,
2024-07-10 12:15:00+05:30,4615.3,4617.05,4613.7,4617.05,521,
2024-07-10 12:16:00+05:30,4617.05,4619.85,4617,4617.95,271,
2024-07-10 12:17:00+05:30,4618.5,4619.25,4615.2,4618.75,693,
2024-07-10 12:18:00+05:30,4618.75,4618.75,4615,4616.25,608,
2024-07-10 12:19:00+05:30,4616.25,4616.9,4614.7,4615,684,
2024-07-10 12:20:00+05:30,4615,4615.65,4611,4612.3,2156,
2024-07-10 12:21:00+05:30,4612.3,4616.8,4612.3,4616.6,678,
2024-07-10 12:22:00+05:30,4616.6,4618,4614.1,4614.75,599,
2024-07-10 12:23:00+05:30,4616.7,4618.25,4614,4614,296,
2024-07-10 12:24:00+05:30,4614,4615.9,4612.55,4615,249,
2024-07-10 12:25:00+05:30,4615,4615,4612,4612.1,1840,
2024-07-10 12:26:00+05:30,4612.1,4614,4612,4613.65,762,
2024-07-10 12:27:00+05:30,4613.8,4615,4612,4615,408,
2024-07-10 12:28:00+05:30,4615,4616.2,4615,4615.05,4259,
2024-07-10 12:29:00+05:30,4615.4,4617.75,4615,4616.9,969,
2024-07-10 12:30:00+05:30,4616.85,4616.9,4615,4616.75,505,
2024-07-10 12:31:00+05:30,4616.7,4616.75,4615,4615.15,252,
2024-07-10 12:32:00+05:30,4615.15,4620,4615.15,4618.9,861,
2024-07-10 12:33:00+05:30,4620,4622,4618.85,4621,1272,
2024-07-10 12:34:00+05:30,4621,4621,4617.35,4620.8,1910,
2024-07-10 12:35:00+05:30,4620.8,4632.2,4620.5,4630.05,5142,
2024-07-10 12:36:00+05:30,4630.05,4631.9,4625.05,4629.2,6503,
2024-07-10 12:37:00+05:30,4629.2,4633.75,4628.55,4630,2117,
2024-07-10 12:38:00+05:30,4630,4630.5,4627.1,4628,891,
2024-07-10 12:39:00+05:30,4628,4628.75,4626,4628.7,352,
2024-07-10 12:40:00+05:30,4629,4635.55,4627.95,4629.85,2259,
2024-07-10 12:41:00+05:30,4629.85,4632.1,4625.4,4626,1035,
2024-07-10 12:42:00+05:30,4626,4629.35,4623.25,4627.3,1040,
2024-07-10 12:43:00+05:30,4627.3,4629.35,4625.55,4627.45,188,
2024-07-10 12:44:00+05:30,4627.45,4627.45,4623.25,4624.4,896,
2024-07-10 12:45:00+05:30,4624.4,4624.4,4612,4614.1,2226,
2024-07-10 12:46:00+05:30,4614.15,4626.85,4614.15,4626.85,1116,
2024-07-10 12:47:00+05:30,4627,4630,4622,4624.3,999,
2024-07-10 12:48:00+05:30,4624.3,4624.85,4621.45,4623.05,2433,
2024-07-10 12:49:00+05:30,4623.05,4623.1,4618.2,4623,425,
2024-07-10 12:50:00+05:30,4623,4623,4620.75,4622.3,575,
2024-07-10 12:51:00+05:30,4622.3,4622.3,4617.15,4617.15,922,
2024-07-10 12:52:00+05:30,4617.15,4620.15,4615.85,4618.05,666,
2024-07-10 12:53:00+05:30,4617.95,4620,4617.25,4617.3,1299,
2024-07-10 12:54:00+05:30,4617.3,4621.75,4617.3,4618.9,512,
2024-07-10 12:55:00+05:30,4617.15,4619.95,4615,4615,386,
2024-07-10 12:56:00+05:30,4615,4615,4610,4612.5,1717,
2024-07-10 12:57:00+05:30,4612.45,4617,4610.45,4613.45,513,
2024-07-10 12:58:00+05:30,4613.4,4613.4,4610.7,4612.75,626,
2024-07-10 12:59:00+05:30,4612.75,4614.75,4612.05,4613.75,235,
2024-07-10 13:00:00+05:30,4614.3,4614.7,4612.05,4614,190,
2024-07-10 13:01:00+05:30,4614,4616.6,4613.95,4615.05,229,
2024-07-10 13:02:00+05:30,4616.15,4616.25,4614,4615.15,133,
2024-07-10 13:03:00+05:30,4615.1,4615.15,4606,4607.4,1349,
2024-07-10 13:04:00+05:30,4607.4,4608.65,4605.3,4608,804,
2024-07-10 13:05:00+05:30,4608.75,4613.7,4608.25,4613.7,462,
2024-07-10 13:06:00+05:30,4613.7,4613.7,4608,4609.6,699,
2024-07-10 13:07:00+05:30,4609.6,4613.95,4609.35,4612.75,221,
2024-07-10 13:08:00+05:30,4612.75,4613,4612,4612.2,424,
2024-07-10 13:09:00+05:30,4612.2,4614.7,4612.2,4614.45,264,
2024-07-10 13:10:00+05:30,4614.45,4614.6,4611.2,4612,243,
2024-07-10 13:11:00+05:30,4612.65,4612.65,4608,4609.8,109,
2024-07-10 13:12:00+05:30,4609.8,4609.8,4600,4605,2474,
2024-07-10 13:13:00+05:30,4605,4608.5,4605,4607.6,248,
2024-07-10 13:14:00+05:30,4608.15,4608.8,4605,4608.5,533,
2024-07-10 13:15:00+05:30,4608.5,4610.95,4608.5,4608.65,519,
2024-07-10 13:16:00+05:30,4606.65,4611.55,4606.65,4610.05,353,
2024-07-10 13:17:00+05:30,4610.05,4610.05,4605.75,4608.65,517,
2024-07-10 13:18:00+05:30,4608.65,4612,4608.55,4608.8,523,
2024-07-10 13:19:00+05:30,4608.8,4609.9,4608.8,4609,857,
2024-07-10 13:20:00+05:30,4609,4609,4603.75,4604.6,744,
2024-07-10 13:21:00+05:30,4604.55,4610,4604.55,4608.6,200,
2024-07-10 13:22:00+05:30,4608.6,4610.45,4608.5,4609.6,680,
2024-07-10 13:23:00+05:30,4609.6,4612,4609.6,4611.35,436,
2024-07-10 13:24:00+05:30,4611.35,4611.35,4610,4611.15,356,
2024-07-10 13:25:00+05:30,4611.15,4612,4608.2,4609.15,657,
2024-07-10 13:26:00+05:30,4608.15,4608.15,4601.95,4608.15,1633,
2024-07-10 13:27:00+05:30,4609.5,4614.95,4609.5,4613.95,850,
2024-07-10 13:28:00+05:30,4613.95,4619.6,4613.85,4617.4,2142,
2024-07-10 13:29:00+05:30,4617.45,4617.8,4611.4,4613.65,312,
2024-07-10 13:30:00+05:30,4613.65,4613.65,4610.25,4612.7,1096,
2024-07-10 13:31:00+05:30,4612.7,4612.7,4610.5,4611.35,499,
2024-07-10 13:32:00+05:30,4611.25,4614.45,4610,4612.8,701,
2024-07-10 13:33:00+05:30,4612.7,4614.85,4612.7,4614.85,365,
2024-07-10 13:34:00+05:30,4614.85,4617.7,4614.2,4614.45,539,
2024-07-10 13:35:00+05:30,4614.45,4616.95,4614.45,4616.65,134,
2024-07-10 13:36:00+05:30,4616.65,4619.95,4614,4617.9,898,
2024-07-10 13:37:00+05:30,4617.9,4620,4617.9,4620,368,
2024-07-10 13:38:00+05:30,4620,4620,4618.5,4619.25,532,
2024-07-10 13:39:00+05:30,4619.25,4619.4,4612.45,4614.5,365,
2024-07-10 13:40:00+05:30,4614.5,4615,4612.7,4612.95,651,
2024-07-10 13:41:00+05:30,4611.3,4613,4610.4,4612.65,495,
2024-07-10 13:42:00+05:30,4612.65,4613,4612,4612.8,465,
2024-07-10 13:43:00+05:30,4612.8,4615,4612.75,4614.85,440,
2024-07-10 13:44:00+05:30,4614.85,4614.85,4612,4612,1256,
2024-07-10 13:45:00+05:30,4612,4618,4612,4618,1860,
2024-07-10 13:46:00+05:30,4617.95,4618,4615.55,4617.8,493,
2024-07-10 13:47:00+05:30,4617.8,4617.8,4616.4,4617,385,
2024-07-10 13:48:00+05:30,4617,4619.65,4615,4615,588,
2024-07-10 13:49:00+05:30,4615,4618,4611.6,4618,4094,
2024-07-10 13:50:00+05:30,4618,4620,4616.5,4616.6,1663,
2024-07-10 13:51:00+05:30,4616.6,4620,4613.05,4615,1500,
2024-07-10 13:52:00+05:30,4614.1,4616.45,4614.1,4615.05,192,
2024-07-10 13:53:00+05:30,4615.05,4615.95,4613.85,4615.7,236,
2024-07-10 13:54:00+05:30,4615.7,4619.7,4615,4616,2569,
2024-07-10 13:55:00+05:30,4616,4616.9,4615.05,4616.9,902,
2024-07-10 13:56:00+05:30,4616,4616,4615,4615,627,
2024-07-10 13:57:00+05:30,4615.15,4615.9,4615.15,4615.9,640,
2024-07-10 13:58:00+05:30,4615.9,4616,4615.5,4615.65,547,
2024-07-10 13:59:00+05:30,4615.65,4615.65,4615.5,4615.65,83,
2024-07-10 14:00:00+05:30,4615.65,4615.8,4613.15,4615.05,1364,
2024-07-10 14:01:00+05:30,4615.05,4615.6,4615,4615.1,373,
2024-07-10 14:02:00+05:30,4615.6,4615.6,4612.75,4615,739,
2024-07-10 14:03:00+05:30,4615,4615.05,4607.35,4607.45,1567,
2024-07-10 14:04:00+05:30,4608.15,4611.2,4606.25,4610.15,535,
2024-07-10 14:05:00+05:30,4610.15,4613.45,4610.15,4612.5,358,
2024-07-10 14:06:00+05:30,4612.5,4614,4612,4613.45,545,
2024-07-10 14:07:00+05:30,4613.35,4613.35,4611,4611.85,2653,
2024-07-10 14:08:00+05:30,4612.4,4613,4611.85,4613,433,
2024-07-10 14:09:00+05:30,4613,4615,4612,4613.1,819,
2024-07-10 14:10:00+05:30,4613.1,4613.8,4612,4613.8,258,
2024-07-10 14:11:00+05:30,4613.8,4619,4613,4616.3,1845,
2024-07-10 14:12:00+05:30,4616.3,4618.35,4615.75,4617.4,425,
2024-07-10 14:13:00+05:30,4617.4,4619,4615.75,4615.95,676,
2024-07-10 14:14:00+05:30,4615.95,4617.55,4615.8,4617.1,400,
2024-07-10 14:15:00+05:30,4617.1,4617.15,4615.7,4615.7,287,
2024-07-10 14:16:00+05:30,4615.7,4615.7,4612.25,4613.7,194,
2024-07-10 14:17:00+05:30,4613.7,4616.2,4613.7,4616.2,427,
2024-07-10 14:18:00+05:30,4616,4619.2,4616,4619.2,840,
2024-07-10 14:19:00+05:30,4619.15,4620,4619.15,4620,355,
2024-07-10 14:20:00+05:30,4620,4623,4619.35,4622.55,1298,
2024-07-10 14:21:00+05:30,4621.1,4621.45,4620,4621.3,532,
2024-07-10 14:22:00+05:30,4621.3,4623.95,4620,4620,576,
2024-07-10 14:23:00+05:30,4620,4620.6,4617.8,4620,362,
2024-07-10 14:24:00+05:30,4618.6,4619.6,4615.1,4617.05,544,
2024-07-10 14:25:00+05:30,4617.05,4619.95,4617.05,4619.15,233,
2024-07-10 14:26:00+05:30,4619.15,4620,4619.15,4619.35,143,
2024-07-10 14:27:00+05:30,4619.35,4619.85,4619.35,4619.85,207,
2024-07-10 14:28:00+05:30,4619.85,4620,4617,4618.95,554,
2024-07-10 14:29:00+05:30,4618.95,4619.95,4618.85,4619.8,402,
2024-07-10 14:30:00+05:30,4619.8,4622.3,4619.25,4622.3,677,
2024-07-10 14:31:00+05:30,4622,4624.15,4621.6,4623.1,417,
2024-07-10 14:32:00+05:30,4623.2,4623.7,4621.85,4622.6,268,
2024-07-10 14:33:00+05:30,4622.6,4626.3,4622.6,4625.85,1691,
2024-07-10 14:34:00+05:30,4626.25,4626.25,4622.55,4625.1,327,
2024-07-10 14:35:00+05:30,4625.1,4625.6,4622.4,4625.6,431,
2024-07-10 14:36:00+05:30,4625.6,4625.95,4625,4625.9,326,
2024-07-10 14:37:00+05:30,4625.9,4625.9,4625,4625.8,439,
2024-07-10 14:38:00+05:30,4625.9,4625.9,4625.4,4625.8,164,
2024-07-10 14:39:00+05:30,4625.8,4629.7,4625.65,4627.85,1261,
2024-07-10 14:40:00+05:30,4628.95,4629,4627,4629,272,
2024-07-10 14:41:00+05:30,4629,4629,4625,4626.45,240,
2024-07-10 14:42:00+05:30,4626.2,4626.7,4625,4626.3,2563,
2024-07-10 14:43:00+05:30,4627.9,4629.4,4626.3,4628.6,242,
2024-07-10 14:44:00+05:30,4629.4,4629.4,4625.05,4628.8,388,
2024-07-10 14:45:00+05:30,4628.8,4629.5,4625.25,4625.25,668,
2024-07-10 14:46:00+05:30,4625.65,4627,4625,4625.9,678,
2024-07-10 14:47:00+05:30,4626.95,4627.65,4625.95,4625.95,146,
2024-07-10 14:48:00+05:30,4625.95,4629.5,4625.9,4629.5,1209,
2024-07-10 14:49:00+05:30,4629.5,4630,4627.1,4627.3,462,
2024-07-10 14:50:00+05:30,4627.3,4628.9,4625.9,4627.4,385,
2024-07-10 14:51:00+05:30,4627.4,4629.65,4625.9,4627.5,1500,
2024-07-10 14:52:00+05:30,4627.5,4631.75,4625.9,4630.6,17488,
2024-07-10 14:53:00+05:30,4631.05,4633.25,4629.05,4633.25,4004,
2024-07-10 14:54:00+05:30,4633.25,4640,4633,4639.95,1790,
2024-07-10 14:55:00+05:30,4640,4650.15,4637.15,4648,9719,
2024-07-10 14:56:00+05:30,4648,4651.85,4646.9,4648.5,2213,
2024-07-10 14:57:00+05:30,4648.5,4649.95,4646,4648,1279,
2024-07-10 14:58:00+05:30,4647,4647.85,4630.25,4633.15,4570,
2024-07-10 14:59:00+05:30,4633.15,4638.65,4631.85,4637.45,2732,
2024-07-10 15:00:00+05:30,4637.45,4647.9,4636.7,4644,3432,
2024-07-10 15:01:00+05:30,4643.15,4646.65,4640.85,4640.85,1487,
2024-07-10 15:02:00+05:30,4640.85,4645,4637.4,4644,3814,
2024-07-10 15:03:00+05:30,4643.3,4646.7,4641.65,4642.85,2551,
2024-07-10 15:04:00+05:30,4642.85,4643.5,4642,4642.75,1978,
2024-07-10 15:05:00+05:30,4642.75,4646.45,4642,4644.35,2342,
2024-07-10 15:06:00+05:30,4644.35,4644.35,4638.15,4640,5973,
2024-07-10 15:07:00+05:30,4640,4648.45,4639.95,4646.65,3913,
2024-07-10 15:08:00+05:30,4646.65,4647.9,4645,4647.8,1138,
2024-07-10 15:09:00+05:30,4647.8,4649.8,4645.5,4648.45,1289,
2024-07-10 15:10:00+05:30,4649,4649,4644,4645.45,1610,
2024-07-10 15:11:00+05:30,4645.45,4647.1,4644.1,4645,1344,
2024-07-10 15:12:00+05:30,4645.05,4646.6,4644.05,4646.3,1065,
2024-07-10 15:13:00+05:30,4646.45,4646.45,4641.2,4645.7,1787,
2024-07-10 15:14:00+05:30,4645.95,4647.9,4644.1,4647.75,1004,
2024-07-10 15:15:00+05:30,4647.75,4647.9,4642.2,4645.85,1739,
2024-07-10 15:16:00+05:30,4645.85,4645.85,4642,4642,1860,
2024-07-10 15:17:00+05:30,4642,4642,4630,4630.25,11317,
2024-07-10 15:18:00+05:30,4630.25,4633.9,4628.05,4633.1,7102,
2024-07-10 15:19:00+05:30,4633.1,4633.1,4626.25,4631.95,7598,
2024-07-10 15:20:00+05:30,4632.8,4634.85,4629.95,4634.5,2884,
2024-07-10 15:21:00+05:30,4634.5,4637.8,4634.5,4637.55,1068,
2024-07-10 15:22:00+05:30,4637.55,4637.55,4631.3,4637,1168,
2024-07-10 15:23:00+05:30,4636.95,4637,4636.4,4637,2534,
2024-07-10 15:24:00+05:30,4637,4638,4636.95,4637.9,1433,
2024-07-10 15:25:00+05:30,4638,4639,4635,4639,1147,
2024-07-10 15:26:00+05:30,4639,4640.15,4630.25,4639.7,11773,
2024-07-10 15:27:00+05:30,4639.65,4641.1,4631.55,4633.15,7328,
2024-07-10 15:28:00+05:30,4633.25,4636.8,4629.95,4635.55,6490,
2024-07-10 15:29:00+05:30,4635.55,4636.75,4626.05,4626.05,1063,
2024-07-11 09:15:00+05:30,4656.7,4660,4611.75,4629.85,10964,
2024-07-11 09:16:00+05:30,4630,4633.1,4619.7,4619.7,2941,
2024-07-11 09:17:00+05:30,4619.7,4634.8,4618.05,4630.05,4028,
2024-07-11 09:18:00+05:30,4630,4631.45,4612.05,4624.65,4152,
2024-07-11 09:19:00+05:30,4624.65,4624.65,4610,4615.55,1697,
2024-07-11 09:20:00+05:30,4612,4620,4610,4613.5,2471,
2024-07-11 09:21:00+05:30,4617,4618.55,4610.8,4616.7,2511,
2024-07-11 09:22:00+05:30,4616.7,4617.65,4613,4614.6,1091,
2024-07-11 09:23:00+05:30,4614.6,4618.3,4614.6,4616,652,
2024-07-11 09:24:00+05:30,4615,4619.95,4613,4615.05,2289,
2024-07-11 09:25:00+05:30,4617.9,4625.4,4615.05,4622,364,
2024-07-11 09:26:00+05:30,4622,4622.75,4621,4621,342,
2024-07-11 09:27:00+05:30,4621,4627.95,4620.05,4626.3,916,
2024-07-11 09:28:00+05:30,4627.1,4627.1,4623,4623,1117,
2024-07-11 09:29:00+05:30,4623.7,4626,4623,4624.3,528,
2024-07-11 09:30:00+05:30,4624.3,4632.9,4623,4624.55,1759,
2024-07-11 09:31:00+05:30,4624.55,4627.55,4623,4624,1220,
2024-07-11 09:32:00+05:30,4624,4624.6,4620,4621.15,4762,
2024-07-11 09:33:00+05:30,4621.15,4625,4620,4623.15,976,
2024-07-11 09:34:00+05:30,4623.15,4631.8,4623.15,4628.75,1147,
2024-07-11 09:35:00+05:30,4627.05,4632.9,4626.7,4630.05,945,
2024-07-11 09:36:00+05:30,4630.05,4638,4630,4635.95,1395,
2024-07-11 09:37:00+05:30,4635.95,4645,4635.95,4641.05,2086,
2024-07-11 09:38:00+05:30,4641.05,4645,4639.45,4639.45,929,
2024-07-11 09:39:00+05:30,4639.5,4643.45,4638.2,4639.2,660,
2024-07-11 09:40:00+05:30,4639.2,4644.95,4636.1,4642.45,1639,
2024-07-11 09:41:00+05:30,4642.45,4644.5,4640.5,4642.7,906,
2024-07-11 09:42:00+05:30,4642.7,4645,4641.2,4642.9,616,
2024-07-11 09:43:00+05:30,4642.9,4644.7,4640,4640.1,822,
2024-07-11 09:44:00+05:30,4641.9,4648,4640.8,4640.8,1450,
2024-07-11 09:45:00+05:30,4640.8,4644.75,4640,4642.4,859,
2024-07-11 09:46:00+05:30,4642.4,4642.4,4638.2,4638.2,459,
2024-07-11 09:47:00+05:30,4638.2,4639.95,4623.9,4626.3,1867,
2024-07-11 09:48:00+05:30,4626.3,4626.3,4620,4622.4,2594,
2024-07-11 09:49:00+05:30,4622.4,4625.2,4620.05,4620.1,711,
2024-07-11 09:50:00+05:30,4620,4622,4620,4620.1,386,
2024-07-11 09:51:00+05:30,4620.1,4622.6,4617,4619.35,3789,
2024-07-11 09:52:00+05:30,4619.35,4621.75,4614.45,4619.2,3352,
2024-07-11 09:53:00+05:30,4619.2,4621.6,4616,4616,543,
2024-07-11 09:54:00+05:30,4616,4616.8,4610.05,4610.95,1816,
2024-07-11 09:55:00+05:30,4611.55,4617.45,4611.55,4615.35,744,
2024-07-11 09:56:00+05:30,4615.35,4617.4,4613,4614.15,658,
2024-07-11 09:57:00+05:30,4614.15,4615,4613,4613.7,297,
2024-07-11 09:58:00+05:30,4613.7,4618.65,4613.7,4616.05,310,
2024-07-11 09:59:00+05:30,4616.05,4621,4615.3,4617.85,733,
2024-07-11 10:00:00+05:30,4617.85,4619.3,4616.4,4616.9,323,
2024-07-11 10:01:00+05:30,4616.9,4617.95,4613.25,4615,2050,
2024-07-11 10:02:00+05:30,4615,4617.55,4612.65,4617.3,1485,
2024-07-11 10:03:00+05:30,4617.3,4618.35,4615.85,4618.3,119,
2024-07-11 10:04:00+05:30,4618.3,4620.35,4615,4620,341,
2024-07-11 10:05:00+05:30,4620,4620,4617.25,4617.25,182,
2024-07-11 10:06:00+05:30,4617.25,4621.4,4614.5,4614.5,1655,
2024-07-11 10:07:00+05:30,4614.5,4615.95,4614.5,4615.7,156,
2024-07-11 10:08:00+05:30,4615.7,4615.9,4614,4615,1331,
2024-07-11 10:09:00+05:30,4614,4614.3,4605.15,4607,4433,
2024-07-11 10:10:00+05:30,4607.8,4614.5,4606.15,4612.6,1673,
2024-07-11 10:11:00+05:30,4612.6,4612.6,4607.7,4608.25,1349,
2024-07-11 10:12:00+05:30,4608.25,4612.1,4607.25,4607.65,1268,
2024-07-11 10:13:00+05:30,4605,4605,4586.9,4595.45,7729,
2024-07-11 10:14:00+05:30,4595.45,4596,4590,4595.85,3368,
2024-07-11 10:15:00+05:30,4595.85,4597.7,4587.95,4592.55,2178,
2024-07-11 10:16:00+05:30,4592.55,4592.55,4586.6,4589.5,1239,
2024-07-11 10:17:00+05:30,4589.5,4595,4588.2,4590.95,1098,
2024-07-11 10:18:00+05:30,4590.8,4594.6,4590,4591.45,523,
2024-07-11 10:19:00+05:30,4591.3,4594,4590.1,4592.25,370,
2024-07-11 10:20:00+05:30,4592.25,4594.05,4587.05,4590.75,1303,
2024-07-11 10:21:00+05:30,4590.75,4593.7,4588,4590,506,
2024-07-11 10:22:00+05:30,4590,4590.55,4580.1,4580.1,3087,
2024-07-11 10:23:00+05:30,4582.3,4582.3,4575.05,4576.1,2529,
2024-07-11 10:24:00+05:30,4576.4,4583.9,4568.25,4583.9,8188,
2024-07-11 10:25:00+05:30,4583.9,4591.8,4581.3,4591,1262,
2024-07-11 10:26:00+05:30,4591,4595,4590.45,4593.3,530,
2024-07-11 10:27:00+05:30,4593.3,4593.3,4590.05,4590.1,703,
2024-07-11 10:28:00+05:30,4590.1,4594.35,4590.1,4594.2,501,
2024-07-11 10:29:00+05:30,4594.35,4604.95,4594.35,4602.5,1465,
2024-07-11 10:30:00+05:30,4602.5,4613.5,4600.85,4613.5,1780,
2024-07-11 10:31:00+05:30,4613.5,4614.05,4610.45,4611.4,232,
2024-07-11 10:32:00+05:30,4611.4,4613.95,4609.4,4612.15,325,
2024-07-11 10:33:00+05:30,4612.25,4612.25,4603.6,4608.85,1010,
2024-07-11 10:34:00+05:30,4608.85,4612,4606.45,4612,317,
2024-07-11 10:35:00+05:30,4612,4613,4610,4613,213,
2024-07-11 10:36:00+05:30,4613,4613.55,4610.05,4613,368,
2024-07-11 10:37:00+05:30,4613,4613.8,4608,4610.15,515,
2024-07-11 10:38:00+05:30,4608.8,4612.15,4605,4605,617,
2024-07-11 10:39:00+05:30,4607.95,4610.25,4605.45,4610,526,
2024-07-11 10:40:00+05:30,4610,4611.1,4607.85,4609.4,364,
2024-07-11 10:41:00+05:30,4609.4,4610.85,4607.45,4609.8,245,
2024-07-11 10:42:00+05:30,4608.25,4610.5,4608.25,4610.5,134,
2024-07-11 10:43:00+05:30,4610.5,4610.5,4606.9,4606.9,319,
2024-07-11 10:44:00+05:30,4606.9,4608.15,4602.55,4605.25,742,
2024-07-11 10:45:00+05:30,4605.05,4610,4603.75,4607.95,205,
2024-07-11 10:46:00+05:30,4607.95,4612,4607.95,4612,636,
2024-07-11 10:47:00+05:30,4610,4613.35,4604.8,4607.6,975,
2024-07-11 10:48:00+05:30,4606.15,4608.95,4604.8,4606.05,579,
2024-07-11 10:49:00+05:30,4606.05,4607.35,4604.45,4607.05,225,
2024-07-11 10:50:00+05:30,4606.7,4610,4606.7,4609.25,230,
2024-07-11 10:51:00+05:30,4609.25,4609.9,4606,4607.25,279,
2024-07-11 10:52:00+05:30,4607.25,4607.95,4606.1,4606.5,186,
2024-07-11 10:53:00+05:30,4606.5,4610.45,4606.5,4610,398,
2024-07-11 10:54:00+05:30,4610,4611.05,4607,4610.95,1548,
2024-07-11 10:55:00+05:30,4610.95,4612.7,4610,4611.1,375,
2024-07-11 10:56:00+05:30,4611.15,4612.35,4610,4611.2,293,
2024-07-11 10:57:00+05:30,4611.2,4611.25,4610,4611.2,370,
2024-07-11 10:58:00+05:30,4611.2,4612.4,4608,4611.65,2587,
2024-07-11 10:59:00+05:30,4611.65,4618.9,4610.45,4615.55,1102,
2024-07-11 11:00:00+05:30,4617.85,4621,4616.3,4620.05,1061,
2024-07-11 11:01:00+05:30,4620.85,4625,4618.95,4619.3,1525,
2024-07-11 11:02:00+05:30,4621.05,4621.05,4612,4612.55,827,
2024-07-11 11:03:00+05:30,4612.55,4614.35,4611.1,4613.15,384,
2024-07-11 11:04:00+05:30,4613.15,4614.25,4610,4612.65,560,
2024-07-11 11:05:00+05:30,4612.65,4614.3,4610,4610,576,
2024-07-11 11:06:00+05:30,4610,4612.85,4610,4610.1,691,
2024-07-11 11:07:00+05:30,4610.05,4612.8,4610,4610,283,
2024-07-11 11:08:00+05:30,4610,4611.95,4610,4610,442,
2024-07-11 11:09:00+05:30,4610,4611.5,4610,4610,1708,
2024-07-11 11:10:00+05:30,4610,4612.45,4610,4610,357,
2024-07-11 11:11:00+05:30,4610,4611.85,4610,4611.85,395,
2024-07-11 11:12:00+05:30,4610,4611.8,4610,4610,499,
2024-07-11 11:13:00+05:30,4610,4611.2,4610,4610,282,
2024-07-11 11:14:00+05:30,4610,4611.95,4610,4610,378,
2024-07-11 11:15:00+05:30,4610.8,4611.8,4610,4610.05,157,
2024-07-11 11:16:00+05:30,4610,4611.85,4610,4611.45,519,
2024-07-11 11:17:00+05:30,4610.15,4612.05,4610,4611.8,201,
2024-07-11 11:18:00+05:30,4610.55,4612.3,4610.35,4611.8,213,
2024-07-11 11:19:00+05:30,4610.35,4611.85,4610.1,4610.1,181,
2024-07-11 11:20:00+05:30,4610.1,4612,4610,4611.55,365,
2024-07-11 11:21:00+05:30,4611.55,4611.55,4610,4610,613,
2024-07-11 11:22:00+05:30,4610,4610.85,4610,4610.35,569,
2024-07-11 11:23:00+05:30,4610.35,4610.95,4610,4610,97,
2024-07-11 11:24:00+05:30,4610,4610.9,4610,4610,184,
2024-07-11 11:25:00+05:30,4610,4612.7,4610,4611.25,312,
2024-07-11 11:26:00+05:30,4611.25,4612.4,4611,4611.9,96,
2024-07-11 11:27:00+05:30,4611.9,4613.45,4611,4612.4,251,
2024-07-11 11:28:00+05:30,4612.4,4614.6,4610,4610,833,
2024-07-11 11:29:00+05:30,4610,4612.6,4610,4612.5,335,
2024-07-11 11:30:00+05:30,4612.5,4612.5,4610,4610,123,
2024-07-11 11:31:00+05:30,4610,4610.65,4610,4610.5,359,
2024-07-11 11:32:00+05:30,4610.5,4612.6,4610.5,4611.05,108,
2024-07-11 11:33:00+05:30,4611.05,4613,4610.5,4611.3,221,
2024-07-11 11:34:00+05:30,4611.3,4613.75,4610.5,4612.3,146,
2024-07-11 11:35:00+05:30,4612.3,4613.55,4610.3,4610.65,332,
2024-07-11 11:36:00+05:30,4610.65,4613,4610,4612.85,686,
2024-07-11 11:37:00+05:30,4612.85,4612.85,4609.85,4610.8,698,
2024-07-11 11:38:00+05:30,4610.8,4612.9,4610,4612,124,
2024-07-11 11:39:00+05:30,4612,4615.35,4610,4613.3,686,
2024-07-11 11:40:00+05:30,4613.3,4620.25,4613.3,4620.25,703,
2024-07-11 11:41:00+05:30,4619,4622,4618,4621.95,351,
2024-07-11 11:42:00+05:30,4621.95,4621.95,4620,4620,177,
2024-07-11 11:43:00+05:30,4620,4621.95,4620,4620,186,
2024-07-11 11:44:00+05:30,4620,4622,4620,4621.95,142,
2024-07-11 11:45:00+05:30,4621.95,4624.6,4621,4624,267,
2024-07-11 11:46:00+05:30,4624,4624,4617.15,4617.15,298,
2024-07-11 11:47:00+05:30,4617.15,4618.85,4616.45,4617.2,142,
2024-07-11 11:48:00+05:30,4617.2,4618.85,4617.2,4618.65,164,
2024-07-11 11:49:00+05:30,4618.65,4620,4618.65,4619.95,107,
2024-07-11 11:50:00+05:30,4619.95,4620,4617.25,4619.25,144,
2024-07-11 11:51:00+05:30,4619.25,4619.25,4617.5,4619.25,145,
2024-07-11 11:52:00+05:30,4619.25,4622.75,4619.2,4622.15,120,
2024-07-11 11:53:00+05:30,4622.15,4623.1,4620,4620,677,
2024-07-11 11:54:00+05:30,4620,4620,4615.35,4617.3,454,
2024-07-11 11:55:00+05:30,4617.3,4617.35,4615.25,4615.3,80,
2024-07-11 11:56:00+05:30,4615.3,4618.65,4615.3,4618.65,164,
2024-07-11 11:57:00+05:30,4618.65,4621.8,4618.65,4621.3,129,
2024-07-11 11:58:00+05:30,4621.3,4621.35,4617.25,4619.5,296,
2024-07-11 11:59:00+05:30,4619.5,4619.5,4617.25,4618.8,86,
2024-07-11 12:00:00+05:30,4617.55,4618.75,4617.55,4618.65,111,
2024-07-11 12:01:00+05:30,4618.65,4619.7,4616.75,4618.3,194,
2024-07-11 12:02:00+05:30,4618.3,4618.3,4615,4615.15,2026,
2024-07-11 12:03:00+05:30,4615.15,4615.55,4605,4605,2595,
2024-07-11 12:04:00+05:30,4605,4605,4595.25,4595.25,2772,
2024-07-11 12:05:00+05:30,4595.25,4596.7,4590.05,4595,847,
2024-07-11 12:06:00+05:30,4595,4609.35,4595,4609.35,2075,
2024-07-11 12:07:00+05:30,4605.6,4609.6,4602.95,4607.2,172,
2024-07-11 12:08:00+05:30,4607.2,4607.2,4604,4604,191,
2024-07-11 12:09:00+05:30,4604,4607.95,4600.1,4604.1,451,
2024-07-11 12:10:00+05:30,4604.1,4606.95,4600.85,4604.4,50,
2024-07-11 12:11:00+05:30,4604.4,4613.1,4600.1,4613.1,144,
2024-07-11 12:12:00+05:30,4610.95,4613.95,4610,4612.2,173,
2024-07-11 12:13:00+05:30,4612.2,4614.65,4610,4611.15,461,
2024-07-11 12:14:00+05:30,4611.15,4616,4611.15,4615.75,56,
2024-07-11 12:15:00+05:30,4615.75,4616,4611.3,4614.3,474,
2024-07-11 12:16:00+05:30,4614.3,4615.4,4611.05,4612.2,93,
2024-07-11 12:17:00+05:30,4612.2,4614.25,4610.85,4611.45,366,
2024-07-11 12:18:00+05:30,4611.3,4613.4,4611,4611.95,68,
2024-07-11 12:19:00+05:30,4611.95,4612.95,4610,4610.85,76,
2024-07-11 12:20:00+05:30,4610.85,4612.75,4610,4610.3,161,
2024-07-11 12:21:00+05:30,4610.3,4614.6,4610,4614.05,480,
2024-07-11 12:22:00+05:30,4614.05,4615.4,4610,4610,240,
2024-07-11 12:23:00+05:30,4610,4613.9,4610,4612.8,186,
2024-07-11 12:24:00+05:30,4610.55,4614.7,4610.55,4611.6,125,
2024-07-11 12:25:00+05:30,4614.25,4614.7,4611.1,4612.4,963,
2024-07-11 12:26:00+05:30,4611.05,4614.95,4611.05,4612.1,135,
2024-07-11 12:27:00+05:30,4612.3,4614.7,4606.9,4608.6,28029,
2024-07-11 12:28:00+05:30,4608.6,4610,4607.1,4608.5,252,
2024-07-11 12:29:00+05:30,4608.5,4610.75,4605.8,4606.6,11536,
2024-07-11 12:30:00+05:30,4606.6,4610,4605,4608.05,15930,
2024-07-11 12:31:00+05:30,4608.05,4610.8,4606.9,4610.8,99,
2024-07-11 12:32:00+05:30,4610.8,4611.65,4609.95,4610,75,
2024-07-11 12:33:00+05:30,4610,4613.7,4610,4613.7,356,
2024-07-11 12:34:00+05:30,4613.7,4613.7,4611.05,4611.05,66,
2024-07-11 12:35:00+05:30,4611.05,4612.5,4610,4610,346,
2024-07-11 12:36:00+05:30,4610,4611,4608.3,4610,923,
2024-07-11 12:37:00+05:30,4610,4612,4608.3,4612,476,
2024-07-11 12:38:00+05:30,4611.8,4612,4610,4612,308,
2024-07-11 12:39:00+05:30,4612,4612,4610,4611.45,717,
2024-07-11 12:40:00+05:30,4611.45,4613.75,4610.8,4613.25,636,
2024-07-11 12:41:00+05:30,4613.25,4613.75,4611.05,4613.7,203,
2024-07-11 12:42:00+05:30,4613.7,4613.8,4610.25,4612,398,
2024-07-11 12:43:00+05:30,4612,4613.75,4610,4613.75,459,
2024-07-11 12:44:00+05:30,4613.75,4613.85,4611.85,4613.85,150,
2024-07-11 12:45:00+05:30,4613.85,4613.85,4611.7,4611.7,204,
2024-07-11 12:46:00+05:30,4611.7,4614.25,4611.7,4613.75,205,
2024-07-11 12:47:00+05:30,4613.75,4615,4612.5,4612.5,192,
2024-07-11 12:48:00+05:30,4612.5,4616,4612.3,4615.5,481,
2024-07-11 12:49:00+05:30,4615.5,4618.9,4612.05,4618.45,1767,
2024-07-11 12:50:00+05:30,4618.45,4619,4616.45,4618.95,320,
2024-07-11 12:51:00+05:30,4618.95,4619,4616.55,4616.75,493,
2024-07-11 12:52:00+05:30,4616.75,4618.3,4614.9,4617.3,162,
2024-07-11 12:53:00+05:30,4617.3,4618.25,4615.7,4618.2,197,
2024-07-11 12:54:00+05:30,4618.2,4618.3,4613.8,4618.2,512,
2024-07-11 12:55:00+05:30,4618.2,4619,4616.45,4616.45,274,
2024-07-11 12:56:00+05:30,4616.45,4619,4616.45,4618.1,272,
2024-07-11 12:57:00+05:30,4618.1,4619.8,4617.15,4618.65,341,
2024-07-11 12:58:00+05:30,4618.65,4619.8,4616.05,4616.1,330,
2024-07-11 12:59:00+05:30,4616.1,4619.8,4616,4618.7,488,
2024-07-11 13:00:00+05:30,4618.7,4623,4618.7,4622.9,1204,
2024-07-11 13:01:00+05:30,4622.9,4622.9,4620,4622,172,
2024-07-11 13:02:00+05:30,4622,4622.7,4620,4620,248,
2024-07-11 13:03:00+05:30,4622.3,4622.6,4620,4622,266,
2024-07-11 13:04:00+05:30,4622,4622.45,4619.6,4622,174,
2024-07-11 13:05:00+05:30,4622,4622,4618,4618,286,
2024-07-11 13:06:00+05:30,4618,4620,4618,4619.95,236,
2024-07-11 13:07:00+05:30,4619.95,4622,4618,4622,188,
2024-07-11 13:08:00+05:30,4622,4622.55,4618.8,4620.7,384,
2024-07-11 13:09:00+05:30,4620.7,4620.75,4618.55,4620.7,323,
2024-07-11 13:10:00+05:30,4620.7,4623,4620.6,4622.85,495,
2024-07-11 13:11:00+05:30,4622.85,4624,4620.9,4622.85,889,
2024-07-11 13:12:00+05:30,4622.85,4623.55,4619.75,4623.45,428,
2024-07-11 13:13:00+05:30,4623.45,4623.55,4620.6,4621.3,353,
2024-07-11 13:14:00+05:30,4621.3,4623,4620,4622.1,321,
2024-07-11 13:15:00+05:30,4622.1,4623.35,4620.8,4621.3,404,
2024-07-11 13:16:00+05:30,4621.3,4624.3,4621.3,4624.25,290,
2024-07-11 13:17:00+05:30,4624.25,4628,4622.25,4627.95,1161,
2024-07-11 13:18:00+05:30,4628,4628,4626.1,4628,371,
2024-07-11 13:19:00+05:30,4628,4628.45,4625.3,4628,626,
2024-07-11 13:20:00+05:30,4625.8,4632.75,4625.8,4629.75,2452,
2024-07-11 13:21:00+05:30,4627.7,4629.7,4620.05,4620.15,882,
2024-07-11 13:22:00+05:30,4620.1,4623.3,4620,4623.1,441,
2024-07-11 13:23:00+05:30,4623.1,4623.1,4620.55,4622.4,346,
2024-07-11 13:24:00+05:30,4622.4,4624.4,4620,4620.9,413,
2024-07-11 13:25:00+05:30,4620.9,4624.5,4620.1,4621.95,688,
2024-07-11 13:26:00+05:30,4621.95,4622,4619.55,4619.8,2609,
2024-07-11 13:27:00+05:30,4619.8,4620,4618.3,4620,739,
2024-07-11 13:28:00+05:30,4620,4620,4615.6,4616.65,434,
2024-07-11 13:29:00+05:30,4616.65,4618.1,4615,4617.1,492,
2024-07-11 13:30:00+05:30,4617.1,4619.4,4614.4,4618.45,477,
2024-07-11 13:31:00+05:30,4618.45,4620,4616.9,4619.15,309,
2024-07-11 13:32:00+05:30,4619.15,4620,4618.3,4620,516,
2024-07-11 13:33:00+05:30,4620,4620,4615.9,4620,324,
2024-07-11 13:34:00+05:30,4620,4620,4618.1,4619.15,428,
2024-07-11 13:35:00+05:30,4619.15,4619.15,4614.4,4615,557,
2024-07-11 13:36:00+05:30,4615,4619.75,4615,4618.95,272,
2024-07-11 13:37:00+05:30,4618.95,4620,4616.75,4619.85,621,
2024-07-11 13:38:00+05:30,4620,4620,4614.45,4615.6,1359,
2024-07-11 13:39:00+05:30,4615.6,4617.05,4611.05,4613.95,1809,
2024-07-11 13:40:00+05:30,4613.95,4616,4612.7,4615.8,424,
2024-07-11 13:41:00+05:30,4616.6,4616.6,4608.05,4612,4750,
2024-07-11 13:42:00+05:30,4612,4615.35,4608.5,4610.45,573,
2024-07-11 13:43:00+05:30,4610.45,4613.65,4608.65,4610.6,1478,
2024-07-11 13:44:00+05:30,4610.6,4610.6,4598.3,4600.9,7162,
2024-07-11 13:45:00+05:30,4600.9,4602,4597.95,4602,937,
2024-07-11 13:46:00+05:30,4602,4602.75,4597.8,4598.05,3699,
2024-07-11 13:47:00+05:30,4598.05,4599.85,4590.65,4596.4,3165,
2024-07-11 13:48:00+05:30,4595.7,4598.95,4593.95,4598.45,2634,
2024-07-11 13:49:00+05:30,4598.45,4598.45,4592.35,4593.8,655,
2024-07-11 13:50:00+05:30,4593.8,4596.85,4592.7,4596.05,771,
2024-07-11 13:51:00+05:30,4595.2,4596.8,4590,4594.6,1704,
2024-07-11 13:52:00+05:30,4592.65,4596.85,4591.15,4593,1013,
2024-07-11 13:53:00+05:30,4593,4596.35,4591.05,4593.2,777,
2024-07-11 13:54:00+05:30,4593.2,4596.6,4591.85,4594.8,814,
2024-07-11 13:55:00+05:30,4590.05,4596.1,4588.05,4596.1,1544,
2024-07-11 13:56:00+05:30,4592.75,4593.95,4590,4590.6,609,
2024-07-11 13:57:00+05:30,4590.6,4592.9,4585.7,4589.05,1085,
2024-07-11 13:58:00+05:30,4589.05,4590,4586.2,4590,520,
2024-07-11 13:59:00+05:30,4590,4592.85,4588.55,4590.6,1211,
2024-07-11 14:00:00+05:30,4590.05,4592.6,4586.85,4591.1,1447,
2024-07-11 14:01:00+05:30,4591.1,4591.8,4587.9,4591.35,1059,
2024-07-11 14:02:00+05:30,4591.35,4592.65,4588.25,4590.45,1129,
2024-07-11 14:03:00+05:30,4590.45,4591.65,4585.7,4587.25,1289,
2024-07-11 14:04:00+05:30,4587.25,4589.5,4586.55,4589,973,
2024-07-11 14:05:00+05:30,4589,4591.5,4587.7,4589.85,676,
2024-07-11 14:06:00+05:30,4589.85,4591.5,4588,4589.75,1236,
2024-07-11 14:07:00+05:30,4589.75,4596,4589.75,4593.15,880,
2024-07-11 14:08:00+05:30,4593.15,4594.7,4590.6,4594.65,1169,
2024-07-11 14:09:00+05:30,4594.65,4595.55,4593,4595.3,1579,
2024-07-11 14:10:00+05:30,4595.45,4598.2,4594.95,4596.8,1005,
2024-07-11 14:11:00+05:30,4596.8,4596.8,4593,4594.7,1387,
2024-07-11 14:12:00+05:30,4594.7,4597.7,4594.15,4597.25,633,
2024-07-11 14:13:00+05:30,4597.75,4602.9,4597.75,4600.5,2395,
2024-07-11 14:14:00+05:30,4599.5,4604.95,4599.4,4604.95,2761,
2024-07-11 14:15:00+05:30,4605,4607.6,4603,4606.45,1025,
2024-07-11 14:16:00+05:30,4606.85,4608.5,4604.8,4606.95,795,
2024-07-11 14:17:00+05:30,4606.95,4608.85,4605.2,4607.4,480,
2024-07-11 14:18:00+05:30,4607.4,4609.65,4606.3,4609.45,1867,
2024-07-11 14:19:00+05:30,4609.45,4612.3,4608.45,4611.2,2880,
2024-07-11 14:20:00+05:30,4611.2,4614.75,4610.55,4614.4,477,
2024-07-11 14:21:00+05:30,4612.6,4617.45,4610.1,4610.15,1188,
2024-07-11 14:22:00+05:30,4612.65,4613,4610,4613,966,
2024-07-11 14:23:00+05:30,4614.15,4615,4610.25,4612.3,580,
2024-07-11 14:24:00+05:30,4612.3,4616,4612.3,4615.75,2460,
2024-07-11 14:25:00+05:30,4616,4619.5,4615.15,4619.25,2918,
2024-07-11 14:26:00+05:30,4619.25,4619.9,4616.3,4618.9,1017,
2024-07-11 14:27:00+05:30,4618.9,4620,4617.95,4619.95,597,
2024-07-11 14:28:00+05:30,4620,4620,4619,4619.75,640,
2024-07-11 14:29:00+05:30,4619.75,4621.05,4617.2,4620.95,902,
2024-07-11 14:30:00+05:30,4620.45,4622,4616.3,4619.45,877,
2024-07-11 14:31:00+05:30,4619.45,4619.45,4616.2,4617.8,584,
2024-07-11 14:32:00+05:30,4617.8,4619,4612.95,4618.7,3461,
2024-07-11 14:33:00+05:30,4618.7,4619.35,4616.05,4618.9,577,
2024-07-11 14:34:00+05:30,4618.3,4619,4616,4618.75,1403,
2024-07-11 14:35:00+05:30,4618.7,4618.7,4616,4618.25,668,
2024-07-11 14:36:00+05:30,4618.3,4618.3,4616,4618.15,1267,
2024-07-11 14:37:00+05:30,4618.15,4622.05,4616.45,4621.9,1744,
2024-07-11 14:38:00+05:30,4621.9,4621.9,4616,4616.9,2622,
2024-07-11 14:39:00+05:30,4616.85,4617.85,4613.6,4615.25,2280,
2024-07-11 14:40:00+05:30,4615.25,4617.85,4610,4617.8,2430,
2024-07-11 14:41:00+05:30,4617.85,4619.65,4616,4619.4,2413,
2024-07-11 14:42:00+05:30,4618.75,4621.7,4616.1,4618.75,2243,
2024-07-11 14:43:00+05:30,4618.3,4622,4616.1,4616.4,2096,
2024-07-11 14:44:00+05:30,4616.4,4621.65,4612.15,4612.15,3849,
2024-07-11 14:45:00+05:30,4612.15,4614.85,4594.25,4599.85,6325,
2024-07-11 14:46:00+05:30,4600.4,4603.55,4586.25,4590.6,4887,
2024-07-11 14:47:00+05:30,4590.5,4594.5,4586.2,4586.9,3083,
2024-07-11 14:48:00+05:30,4586.9,4587.5,4582,4585.2,1700,
2024-07-11 14:49:00+05:30,4585.2,4586.2,4580.35,4584.8,1373,
2024-07-11 14:50:00+05:30,4584.8,4596.8,4583.4,4595,10468,
2024-07-11 14:51:00+05:30,4595,4597.4,4588.8,4590.5,7803,
2024-07-11 14:52:00+05:30,4590.5,4590.5,4583.95,4587.5,1544,
2024-07-11 14:53:00+05:30,4587.2,4592.25,4585.05,4587.4,2233,
2024-07-11 14:54:00+05:30,4585.7,4586.9,4575.1,4582.7,6590,
2024-07-11 14:55:00+05:30,4581.65,4582.7,4571.35,4573.95,2123,
2024-07-11 14:56:00+05:30,4573.8,4573.95,4566.8,4569.1,4178,
2024-07-11 14:57:00+05:30,4568.05,4572.45,4565.05,4572.45,3551,
2024-07-11 14:58:00+05:30,4572.45,4585.2,4568.8,4585.2,9848,
2024-07-11 14:59:00+05:30,4585.8,4590,4580.75,4587.6,3543,
2024-07-11 15:00:00+05:30,4587.5,4588.65,4581.6,4584.7,7611,
2024-07-11 15:01:00+05:30,4584.8,4585.8,4584.6,4585.8,3346,
2024-07-11 15:02:00+05:30,4585.8,4587.25,4585.35,4587.1,1020,
2024-07-11 15:03:00+05:30,4587.1,4589.65,4586,4586.95,5212,
2024-07-11 15:04:00+05:30,4587,4587.2,4582.1,4585.8,1869,
2024-07-11 15:05:00+05:30,4585.8,4590.45,4585.8,4587,4694,
2024-07-11 15:06:00+05:30,4587,4587.5,4583,4587.45,6561,
2024-07-11 15:07:00+05:30,4587.55,4592,4584.95,4589.55,7657,
2024-07-11 15:08:00+05:30,4589.8,4590.4,4583.1,4588,2688,
2024-07-11 15:09:00+05:30,4588,4588,4580.2,4581.95,4928,
2024-07-11 15:10:00+05:30,4584.4,4584.4,4580,4581.6,2739,
2024-07-11 15:11:00+05:30,4581.6,4585.85,4580.65,4585.85,3898,
2024-07-11 15:12:00+05:30,4585.85,4588.6,4585.85,4588.2,3316,
2024-07-11 15:13:00+05:30,4588.2,4588.2,4581.05,4581.4,3655,
2024-07-11 15:14:00+05:30,4581.4,4582.9,4577.95,4580.05,2778,
2024-07-11 15:15:00+05:30,4580.05,4580.05,4575,4576.8,5345,
2024-07-11 15:16:00+05:30,4576.8,4579.35,4575.05,4577.55,2702,
2024-07-11 15:17:00+05:30,4577.55,4579.75,4575,4579.65,3216,
2024-07-11 15:18:00+05:30,4579.65,4580.45,4575.75,4577.55,3651,
2024-07-11 15:19:00+05:30,4579.55,4580.65,4576,4579.8,3090,
2024-07-11 15:20:00+05:30,4579.9,4581.6,4575.9,4578.55,4210,
2024-07-11 15:21:00+05:30,4578.25,4579.35,4575,4579.05,4224,
2024-07-11 15:22:00+05:30,4578.15,4579.25,4576.75,4578.45,2671,
2024-07-11 15:23:00+05:30,4578.4,4580.95,4575.25,4577.9,2993,
2024-07-11 15:24:00+05:30,4578.65,4580,4575.9,4580,2034,
2024-07-11 15:25:00+05:30,4579.6,4581.9,4577.1,4580.95,3070,
2024-07-11 15:26:00+05:30,4580.95,4582,4580,4582,2832,
2024-07-11 15:27:00+05:30,4582,4582.45,4575,4575.85,1633,
2024-07-11 15:28:00+05:30,4575.85,4582,4575.3,4580.4,1494,
2024-07-11 15:29:00+05:30,4580.4,4582,4570.25,4582,597,
2024-07-12 09:15:00+05:30,4590,4590,4575.75,4578.45,2346,
2024-07-12 09:16:00+05:30,4578.2,4594.6,4568.05,4568.95,5507,
2024-07-12 09:17:00+05:30,4568.95,4575.6,4561.65,4564.85,4117,
2024-07-12 09:18:00+05:30,4562,4565.1,4536.6,4536.6,4465,
2024-07-12 09:19:00+05:30,4536.25,4543.45,4525.35,4534.7,3755,
2024-07-12 09:20:00+05:30,4531.35,4554.6,4531.35,4554.55,3653,
2024-07-12 09:21:00+05:30,4554.55,4554.55,4540,4549.85,2048,
2024-07-12 09:22:00+05:30,4549.85,4556,4547.4,4550.35,1209,
2024-07-12 09:23:00+05:30,4552,4561.1,4552,4560,1093,
2024-07-12 09:24:00+05:30,4560.25,4566,4560,4564.1,963,
2024-07-12 09:25:00+05:30,4564.1,4570,4560.05,4570,2039,
2024-07-12 09:26:00+05:30,4570,4570,4565,4569,1499,
2024-07-12 09:27:00+05:30,4569,4576.35,4563.05,4576,6327,
2024-07-12 09:28:00+05:30,4576,4576.2,4569.4,4572,1070,
2024-07-12 09:29:00+05:30,4572,4572,4563.2,4569.75,1146,
2024-07-12 09:30:00+05:30,4569.75,4570,4550.1,4555.95,2303,
2024-07-12 09:31:00+05:30,4555.95,4558.35,4553.8,4554.25,719,
2024-07-12 09:32:00+05:30,4554.25,4563.05,4553,4563.05,767,
2024-07-12 09:33:00+05:30,4563.05,4568.25,4561.7,4567.25,432,
2024-07-12 09:34:00+05:30,4565.1,4567.2,4559.65,4561.15,855,
2024-07-12 09:35:00+05:30,4561.15,4562.45,4561.15,4561.6,393,
2024-07-12 09:36:00+05:30,4561.6,4561.95,4559.9,4561,367,
2024-07-12 09:37:00+05:30,4561,4561,4558.95,4561,538,
2024-07-12 09:38:00+05:30,4561,4561,4559.65,4561,122,
2024-07-12 09:39:00+05:30,4561,4563.55,4560.1,4563.45,89,
2024-07-12 09:40:00+05:30,4563.45,4563.45,4554.85,4557.85,797,
2024-07-12 09:41:00+05:30,4559.95,4562.2,4558,4560.65,222,
2024-07-12 09:42:00+05:30,4560.65,4563.5,4556,4563.5,1089,
2024-07-12 09:43:00+05:30,4563.5,4567,4563.45,4564.4,465,
2024-07-12 09:44:00+05:30,4564.4,4564.75,4562.5,4564.2,255,
2024-07-12 09:45:00+05:30,4564.2,4565,4554.05,4554.05,1848,
2024-07-12 09:46:00+05:30,4554.05,4557.4,4554,4554.85,728,
2024-07-12 09:47:00+05:30,4554.85,4564,4554.85,4564,1127,
2024-07-12 09:48:00+05:30,4564,4565.4,4556.25,4557.7,2435,
2024-07-12 09:49:00+05:30,4557.7,4559.65,4546.1,4548,4192,
2024-07-12 09:50:00+05:30,4548,4549.5,4528,4530,7570,
2024-07-12 09:51:00+05:30,4530,4531,4511,4513.25,13290,
2024-07-12 09:52:00+05:30,4512.75,4512.75,4490,4495.05,22453,
2024-07-12 09:53:00+05:30,4495.2,4510,4494.8,4497.6,8403,
2024-07-12 09:54:00+05:30,4498.8,4510.55,4498.25,4510,7513,
2024-07-12 09:55:00+05:30,4510.5,4511.6,4492,4500.05,6829,
2024-07-12 09:56:00+05:30,4500.05,4510,4498.75,4508.25,2517,
2024-07-12 09:57:00+05:30,4508.25,4511.3,4504.2,4504.2,2071,
2024-07-12 09:58:00+05:30,4505.5,4506.4,4500.1,4500.95,2651,
2024-07-12 09:59:00+05:30,4500.95,4513,4500.95,4507.75,2940,
2024-07-12 10:00:00+05:30,4507.7,4511.8,4507.7,4509.05,1826,
2024-07-12 10:01:00+05:30,4509.05,4509.05,4503,4503.45,1328,
2024-07-12 10:02:00+05:30,4503,4504.95,4499.8,4504.65,2669,
2024-07-12 10:03:00+05:30,4504.55,4505.6,4501.9,4505.25,526,
2024-07-12 10:04:00+05:30,4505.25,4506.5,4502,4504.8,1128,
2024-07-12 10:05:00+05:30,4504.65,4505.35,4498.55,4501.75,2743,
2024-07-12 10:06:00+05:30,4501.75,4506.75,4501.75,4505.5,977,
2024-07-12 10:07:00+05:30,4504.9,4505.3,4493.25,4493.8,3608,
2024-07-12 10:08:00+05:30,4495.9,4507.4,4495.9,4507.4,1128,
2024-07-12 10:09:00+05:30,4507.4,4508.8,4505.2,4508,1002,
2024-07-12 10:10:00+05:30,4508,4515,4507.9,4515,1219,
2024-07-12 10:11:00+05:30,4515,4515,4509.55,4513.85,1597,
2024-07-12 10:12:00+05:30,4513.85,4515,4511.55,4512.9,1180,
2024-07-12 10:13:00+05:30,4512.9,4514.45,4511,4511,765,
2024-07-12 10:14:00+05:30,4512.4,4513.7,4510,4512.95,708,
2024-07-12 10:15:00+05:30,4512.95,4514,4509.95,4511.65,799,
2024-07-12 10:16:00+05:30,4512.1,4514.9,4512.1,4514.9,203,
2024-07-12 10:17:00+05:30,4514.55,4519.4,4514.4,4518.6,1622,
2024-07-12 10:18:00+05:30,4518.6,4518.6,4515,4516.35,349,
2024-07-12 10:19:00+05:30,4515.75,4518.9,4515,4517,1034,
2024-07-12 10:20:00+05:30,4517,4518.2,4513.75,4514.05,802,
2024-07-12 10:21:00+05:30,4514.05,4515.4,4511.55,4513,1191,
2024-07-12 10:22:00+05:30,4513,4514.7,4512.85,4512.85,519,
2024-07-12 10:23:00+05:30,4512.85,4512.85,4510.9,4512,1346,
2024-07-12 10:24:00+05:30,4512,4516.3,4511,4516.3,390,
2024-07-12 10:25:00+05:30,4516.3,4516.3,4514.6,4515,860,
2024-07-12 10:26:00+05:30,4515.65,4515.65,4514.65,4515.2,379,
2024-07-12 10:27:00+05:30,4515.2,4517.7,4515.2,4515.9,547,
2024-07-12 10:28:00+05:30,4515.9,4517.85,4513.6,4516.35,577,
2024-07-12 10:29:00+05:30,4516.35,4517.85,4516.15,4517.8,320,
2024-07-12 10:30:00+05:30,4517.8,4518.65,4516,4516.35,563,
2024-07-12 10:31:00+05:30,4516.35,4516.35,4506.05,4511.55,2380,
2024-07-12 10:32:00+05:30,4511.55,4512.75,4510,4512.55,1109,
2024-07-12 10:33:00+05:30,4512.55,4512.65,4511.25,4512.6,714,
2024-07-12 10:34:00+05:30,4512.6,4512.6,4511.25,4511.25,268,
2024-07-12 10:35:00+05:30,4511.25,4511.25,4506,4507.25,2268,
2024-07-12 10:36:00+05:30,4507.25,4509.2,4506.3,4506.8,1345,
2024-07-12 10:37:00+05:30,4506.85,4508.45,4501.65,4503.05,3351,
2024-07-12 10:38:00+05:30,4504.45,4508.95,4503.75,4508.9,875,
2024-07-12 10:39:00+05:30,4508.9,4509,4503.25,4504.85,441,
2024-07-12 10:40:00+05:30,4504.85,4506.3,4503,4504,844,
2024-07-12 10:41:00+05:30,4504,4504,4499.65,4501,2973,
2024-07-12 10:42:00+05:30,4501,4505.6,4500,4505.15,597,
2024-07-12 10:43:00+05:30,4503.3,4505.25,4502.8,4504,483,
2024-07-12 10:44:00+05:30,4504,4508.65,4502.25,4506.15,751,
2024-07-12 10:45:00+05:30,4506.15,4507.75,4503.5,4507.7,515,
2024-07-12 10:46:00+05:30,4507.05,4507.5,4501,4505.25,1044,
2024-07-12 10:47:00+05:30,4505.25,4505.25,4502.8,4504.2,519,
2024-07-12 10:48:00+05:30,4504.2,4505.25,4502,4502,461,
2024-07-12 10:49:00+05:30,4503.1,4505,4501.05,4505,296,
2024-07-12 10:50:00+05:30,4505,4506.85,4501.7,4504.5,951,
2024-07-12 10:51:00+05:30,4504.5,4504.5,4502.55,4503,454,
2024-07-12 10:52:00+05:30,4503,4504.5,4503,4504,342,
2024-07-12 10:53:00+05:30,4504,4504.5,4500.05,4500.05,1968,
2024-07-12 10:54:00+05:30,4500.6,4500.6,4495.2,4499.25,6038,
2024-07-12 10:55:00+05:30,4499.25,4500,4493,4494,1931,
2024-07-12 10:56:00+05:30,4494,4496.3,4493.2,4494.25,1423,
2024-07-12 10:57:00+05:30,4494.25,4496.5,4491.1,4493.1,2597,
2024-07-12 10:58:00+05:30,4493.1,4495,4485.3,4493.1,3902,
2024-07-12 10:59:00+05:30,4493.1,4498,4488.25,4498,3259,
2024-07-12 11:00:00+05:30,4497.55,4500,4494,4498.8,1912,
2024-07-12 11:01:00+05:30,4498.8,4499,4496.7,4497.55,1041,
2024-07-12 11:02:00+05:30,4497.55,4497.65,4496,4497,1119,
2024-07-12 11:03:00+05:30,4497,4500,4496.75,4499.95,1876,
2024-07-12 11:04:00+05:30,4500,4502.05,4498.8,4501.8,1386,
2024-07-12 11:05:00+05:30,4501.65,4506,4501.6,4506,983,
2024-07-12 11:06:00+05:30,4506,4507.3,4504.85,4505.3,747,
2024-07-12 11:07:00+05:30,4505,4512.6,4505,4512.5,1185,
2024-07-12 11:08:00+05:30,4512.55,4516.4,4510,4516.4,7402,
2024-07-12 11:09:00+05:30,4517,4525,4516.6,4522.35,4347,
2024-07-12 11:10:00+05:30,4522.35,4522.35,4516.05,4516.05,2055,
2024-07-12 11:11:00+05:30,4516.05,4521,4515.9,4520.05,973,
2024-07-12 11:12:00+05:30,4520.05,4524.95,4520.05,4524.95,772,
2024-07-12 11:13:00+05:30,4524.25,4527,4520,4520.9,3088,
2024-07-12 11:14:00+05:30,4520.9,4520.9,4516.65,4517.85,723,
2024-07-12 11:15:00+05:30,4517.85,4517.85,4513.55,4514,4515,
2024-07-12 11:16:00+05:30,4514,4515.35,4510.1,4511.15,819,
2024-07-12 11:17:00+05:30,4512.65,4512.9,4511.15,4511.15,477,
2024-07-12 11:18:00+05:30,4511.15,4514.95,4510,4510.75,1230,
2024-07-12 11:19:00+05:30,4510.75,4513,4510.75,4511.8,289,
2024-07-12 11:20:00+05:30,4511.8,4511.8,4510.1,4510.4,423,
2024-07-12 11:21:00+05:30,4511.5,4512.2,4510,4510.4,736,
2024-07-12 11:22:00+05:30,4510.4,4510.4,4502.3,4506.5,2915,
2024-07-12 11:23:00+05:30,4506.5,4509.2,4504.45,4509.2,575,
2024-07-12 11:24:00+05:30,4508.05,4510,4505.2,4506.85,1027,
2024-07-12 11:25:00+05:30,4506.85,4508.9,4506,4506,3751,
2024-07-12 11:26:00+05:30,4505.2,4506,4496,4497,2186,
2024-07-12 11:27:00+05:30,4497,4497,4492,4492,1671,
2024-07-12 11:28:00+05:30,4492,4500,4491.85,4500,2371,
2024-07-12 11:29:00+05:30,4497.65,4501.7,4497.65,4500.05,847,
2024-07-12 11:30:00+05:30,4500.05,4501.7,4498.25,4498.25,618,
2024-07-12 11:31:00+05:30,4498.3,4498.65,4496.75,4498.1,1120,
2024-07-12 11:32:00+05:30,4498.65,4503.45,4498.65,4501.25,1138,
2024-07-12 11:33:00+05:30,4501.25,4501.25,4497.15,4497.35,1157,
2024-07-12 11:34:00+05:30,4497.35,4497.35,4492.35,4493.7,1243,
2024-07-12 11:35:00+05:30,4493.7,4494.9,4492.05,4494.4,990,
2024-07-12 11:36:00+05:30,4493.7,4494.4,4492.15,4494.35,659,
2024-07-12 11:37:00+05:30,4494.35,4495,4492,4492.45,24346,
2024-07-12 11:38:00+05:30,4492.5,4495,4491.65,4494.95,13383,
2024-07-12 11:39:00+05:30,4493.55,4499.95,4491.5,4499.95,10614,
2024-07-12 11:40:00+05:30,4500.25,4502.45,4498.1,4500.1,2459,
2024-07-12 11:41:00+05:30,4500.1,4500.1,4496.3,4498.15,1584,
2024-07-12 11:42:00+05:30,4498.15,4500.15,4496.45,4498.1,2391,
2024-07-12 11:43:00+05:30,4498.1,4501.55,4496.45,4501.5,814,
2024-07-12 11:44:00+05:30,4501.5,4503.45,4498.8,4503.45,2453,
2024-07-12 11:45:00+05:30,4503.45,4505.5,4502.05,4504.95,505,
2024-07-12 11:46:00+05:30,4504.95,4505.95,4502.2,4502.2,313,
2024-07-12 11:47:00+05:30,4502.2,4509.65,4501.65,4508.65,505,
2024-07-12 11:48:00+05:30,4508.65,4512.45,4508.65,4509.9,786,
2024-07-12 11:49:00+05:30,4509.9,4509.9,4508.3,4509.65,289,
2024-07-12 11:50:00+05:30,4509.65,4509.8,4506.6,4508,457,
2024-07-12 11:51:00+05:30,4508,4508,4505.65,4507.85,252,
2024-07-12 11:52:00+05:30,4507.85,4509,4505.95,4508.95,1589,
2024-07-12 11:53:00+05:30,4508.95,4516,4507.95,4514,747,
2024-07-12 11:54:00+05:30,4514,4515.95,4513.55,4514.5,1246,
2024-07-12 11:55:00+05:30,4514.5,4515.4,4510.3,4510.5,461,
2024-07-12 11:56:00+05:30,4510.5,4514.35,4510.4,4512.95,630,
2024-07-12 11:57:00+05:30,4512.9,4512.95,4511.15,4511.3,655,
2024-07-12 11:58:00+05:30,4511.15,4512.05,4510.55,4512,687,
2024-07-12 11:59:00+05:30,4512,4515,4510,4511.6,2069,
2024-07-12 12:00:00+05:30,4511.6,4514.2,4511.55,4511.95,1301,
2024-07-12 12:01:00+05:30,4511.75,4511.95,4511.55,4511.65,774,
2024-07-12 12:02:00+05:30,4511.65,4513.15,4510,4510,163,
2024-07-12 12:03:00+05:30,4511.2,4511.2,4508.7,4510.1,1735,
2024-07-12 12:04:00+05:30,4510.1,4512.45,4510.05,4511.9,1001,
2024-07-12 12:05:00+05:30,4511.9,4514,4510,4514,1307,
2024-07-12 12:06:00+05:30,4514,4517.1,4514,4515.75,422,
2024-07-12 12:07:00+05:30,4515.8,4515.8,4513.45,4515.55,371,
2024-07-12 12:08:00+05:30,4515.55,4515.6,4513,4514.8,2164,
2024-07-12 12:09:00+05:30,4514.8,4514.8,4513,4514.75,404,
2024-07-12 12:10:00+05:30,4514.75,4516.95,4514.75,4516.95,574,
2024-07-12 12:11:00+05:30,4517,4517,4514.9,4515.05,2476,
2024-07-12 12:12:00+05:30,4513.8,4514.95,4513.2,4514.25,492,
2024-07-12 12:13:00+05:30,4514.25,4514.25,4512.95,4514,1316,
2024-07-12 12:14:00+05:30,4514,4514,4513.2,4513.95,327,
2024-07-12 12:15:00+05:30,4513.95,4514,4513.2,4513.9,697,
2024-07-12 12:16:00+05:30,4513.9,4514,4513.2,4513.8,1198,
2024-07-12 12:17:00+05:30,4513.8,4513.8,4513.2,4513.75,784,
2024-07-12 12:18:00+05:30,4513.75,4516.35,4513.7,4514.9,698,
2024-07-12 12:19:00+05:30,4514.9,4514.9,4513.5,4514.8,200,
2024-07-12 12:20:00+05:30,4513.5,4516.85,4513.5,4516.85,488,
2024-07-12 12:21:00+05:30,4516.95,4519.95,4515,4516.4,508,
2024-07-12 12:22:00+05:30,4516.4,4517.8,4515,4516.95,287,
2024-07-12 12:23:00+05:30,4516.95,4519.45,4515,4515.5,1408,
2024-07-12 12:24:00+05:30,4515.5,4517,4515,4516.35,1918,
2024-07-12 12:25:00+05:30,4516.35,4516.35,4512.15,4514.25,14037,
2024-07-12 12:26:00+05:30,4509.35,4512.65,4500.65,4502.35,17624,
2024-07-12 12:27:00+05:30,4502.35,4511.25,4501.05,4508.95,1542,
2024-07-12 12:28:00+05:30,4508.95,4509.95,4508.1,4508.9,2591,
2024-07-12 12:29:00+05:30,4508.9,4511.8,4508.2,4511.5,267,
2024-07-12 12:30:00+05:30,4511.9,4511.9,4507.9,4510.95,1478,
2024-07-12 12:31:00+05:30,4510.95,4511.6,4510,4511.1,762,
2024-07-12 12:32:00+05:30,4511.1,4511.55,4508.2,4509.85,1500,
2024-07-12 12:33:00+05:30,4509.85,4509.95,4508.2,4508.8,1720,
2024-07-12 12:34:00+05:30,4508.8,4511.75,4508.7,4510.1,1195,
2024-07-12 12:35:00+05:30,4510,4511.5,4508,4511.25,3018,
2024-07-12 12:36:00+05:30,4511.25,4512.05,4510,4512,383,
2024-07-12 12:37:00+05:30,4512,4513,4509.2,4512.7,3178,
2024-07-12 12:38:00+05:30,4512.75,4515.3,4510.55,4513.5,567,
2024-07-12 12:39:00+05:30,4513.5,4515.05,4512.6,4515.05,400,
2024-07-12 12:40:00+05:30,4515.05,4518.4,4513.55,4517.7,4127,
2024-07-12 12:41:00+05:30,4517.7,4517.85,4511.9,4515.35,3841,
2024-07-12 12:42:00+05:30,4514.55,4515.35,4514.55,4515.3,419,
2024-07-12 12:43:00+05:30,4515.3,4515.4,4514.15,4515.4,1615,
2024-07-12 12:44:00+05:30,4516,4518,4516,4516.3,267,
2024-07-12 12:45:00+05:30,4516.3,4518,4516.2,4517.3,280,
2024-07-12 12:46:00+05:30,4516.3,4518,4515.7,4517.45,1971,
2024-07-12 12:47:00+05:30,4517.45,4517.45,4512.6,4514.45,1118,
2024-07-12 12:48:00+05:30,4514.45,4514.45,4512.65,4513.75,800,
2024-07-12 12:49:00+05:30,4513.15,4514,4513.15,4513.95,734,
2024-07-12 12:50:00+05:30,4513.5,4513.5,4513.1,4513.45,1684,
2024-07-12 12:51:00+05:30,4512.45,4514.8,4510.25,4513.7,2374,
2024-07-12 12:52:00+05:30,4513.7,4514.3,4513.2,4513.2,233,
2024-07-12 12:53:00+05:30,4513.2,4513.45,4510,4510,1913,
2024-07-12 12:54:00+05:30,4510,4510.15,4510,4510,394,
2024-07-12 12:55:00+05:30,4510,4510.1,4510,4510,668,
2024-07-12 12:56:00+05:30,4510.1,4510.15,4510,4510.1,439,
2024-07-12 12:57:00+05:30,4508.5,4521,4505.1,4520.15,12562,
2024-07-12 12:58:00+05:30,4520.3,4520.3,4515,4515.2,1160,
2024-07-12 12:59:00+05:30,4515.2,4515.2,4515,4515,5289,
2024-07-12 13:00:00+05:30,4515,4515,4510,4510,2815,
2024-07-12 13:01:00+05:30,4510,4511.4,4510,4510.85,947,
2024-07-12 13:02:00+05:30,4511.1,4512.1,4510,4510,506,
2024-07-12 13:03:00+05:30,4510,4510.55,4510,4510.5,416,
2024-07-12 13:04:00+05:30,4510.5,4511.15,4510.5,4511.05,449,
2024-07-12 13:05:00+05:30,4511.05,4511.5,4511.05,4511.25,528,
2024-07-12 13:06:00+05:30,4511.25,4511.25,4510.6,4511,355,
2024-07-12 13:07:00+05:30,4511,4511.25,4511,4511.15,425,
2024-07-12 13:08:00+05:30,4511.15,4512.1,4511.05,4511.75,414,
2024-07-12 13:09:00+05:30,4511.75,4512.1,4511.3,4511.7,764,
2024-07-12 13:10:00+05:30,4511.7,4511.85,4511.05,4511.15,348,
2024-07-12 13:11:00+05:30,4510,4511.65,4510,4511.35,770,
2024-07-12 13:12:00+05:30,4511.35,4511.65,4510.5,4511.4,493,
2024-07-12 13:13:00+05:30,4511.4,4515.75,4510.85,4513,1383,
2024-07-12 13:14:00+05:30,4513,4515,4513,4513.45,4695,
2024-07-12 13:15:00+05:30,4513.45,4513.85,4511.25,4513,1385,
2024-07-12 13:16:00+05:30,4513,4513,4512.5,4512.7,267,
2024-07-12 13:17:00+05:30,4512.7,4512.85,4512.7,4512.85,487,
2024-07-12 13:18:00+05:30,4512.85,4512.95,4512.8,4512.9,412,
2024-07-12 13:19:00+05:30,4512.9,4514.95,4512.9,4514.25,1210,
2024-07-12 13:20:00+05:30,4514.2,4514.4,4514.05,4514.25,527,
2024-07-12 13:21:00+05:30,4514.25,4514.55,4514.25,4514.5,518,
2024-07-12 13:22:00+05:30,4514.5,4517,4514.5,4517,402,
2024-07-12 13:23:00+05:30,4517,4517.8,4514,4514.8,1938,
2024-07-12 13:24:00+05:30,4514.8,4516.75,4512,4513.25,1254,
2024-07-12 13:25:00+05:30,4513.25,4516.55,4513.2,4515.45,2989,
2024-07-12 13:26:00+05:30,4515.45,4515.45,4515,4515.2,527,
2024-07-12 13:27:00+05:30,4515.2,4515.25,4515.1,4515.2,422,
2024-07-12 13:28:00+05:30,4515.2,4515.95,4515.2,4515.95,532,
2024-07-12 13:29:00+05:30,4515.95,4516,4515.25,4516,350,
2024-07-12 13:30:00+05:30,4516,4518.5,4515.75,4517.75,1612,
2024-07-12 13:31:00+05:30,4517.9,4517.9,4517.75,4517.75,874,
2024-07-12 13:32:00+05:30,4517.75,4519.1,4517.75,4517.95,415,
2024-07-12 13:33:00+05:30,4517.9,4520,4517.9,4520,285,
2024-07-12 13:34:00+05:30,4520,4521,4520,4521,640,
2024-07-12 13:35:00+05:30,4521.4,4522,4521,4522,353,
2024-07-12 13:36:00+05:30,4522,4522,4518.8,4521.75,2726,
2024-07-12 13:37:00+05:30,4521.6,4527,4521.6,4523.05,2697,
2024-07-12 13:38:00+05:30,4523.05,4524.35,4521.4,4522.15,615,
2024-07-12 13:39:00+05:30,4522.15,4523,4522.15,4522.25,138,
2024-07-12 13:40:00+05:30,4522.25,4522.5,4522.25,4522.5,230,
2024-07-12 13:41:00+05:30,4522.5,4522.5,4518.1,4518.1,1322,
2024-07-12 13:42:00+05:30,4519.9,4521.5,4519.9,4521.35,583,
2024-07-12 13:43:00+05:30,4521.35,4521.35,4520.75,4521.1,192,
2024-07-12 13:44:00+05:30,4521.1,4522.4,4521,4521.9,165,
2024-07-12 13:45:00+05:30,4521.9,4521.9,4521.15,4521.55,187,
2024-07-12 13:46:00+05:30,4521.55,4521.8,4521.5,4521.6,153,
2024-07-12 13:47:00+05:30,4521.6,4522.4,4521.6,4521.75,149,
2024-07-12 13:48:00+05:30,4521.75,4522.7,4521.75,4522.5,255,
2024-07-12 13:49:00+05:30,4522.5,4522.7,4522.45,4522.55,252,
2024-07-12 13:50:00+05:30,4522.55,4523,4522.5,4522.8,482,
2024-07-12 13:51:00+05:30,4522.7,4529,4522.7,4528.3,1763,
2024-07-12 13:52:00+05:30,4528.4,4528.95,4527,4527.8,798,
2024-07-12 13:53:00+05:30,4527.8,4531.05,4527.8,4530.8,2067,
2024-07-12 13:54:00+05:30,4530.8,4530.95,4528.8,4529.95,1577,
2024-07-12 13:55:00+05:30,4529.95,4531.95,4529.95,4530.6,1717,
2024-07-12 13:56:00+05:30,4530.6,4531.3,4528.8,4529.95,707,
2024-07-12 13:57:00+05:30,4529.95,4531,4529.7,4530.65,610,
2024-07-12 13:58:00+05:30,4530.65,4532,4530.4,4531.45,1035,
2024-07-12 13:59:00+05:30,4531.45,4532,4530.4,4530.4,1079,
2024-07-12 14:00:00+05:30,4530.45,4530.65,4530.45,4530.45,521,
2024-07-12 14:01:00+05:30,4530.45,4531.9,4530.45,4531.9,901,
2024-07-12 14:02:00+05:30,4531.9,4534.45,4531.7,4533.45,750,
2024-07-12 14:03:00+05:30,4533,4533.45,4532.15,4532.15,800,
2024-07-12 14:04:00+05:30,4532.15,4532.15,4532,4532.15,314,
2024-07-12 14:05:00+05:30,4532.15,4534.35,4532,4534,983,
2024-07-12 14:06:00+05:30,4534,4534.35,4532.8,4533.15,677,
2024-07-12 14:07:00+05:30,4533.15,4534.95,4533.15,4534.35,621,
2024-07-12 14:08:00+05:30,4534.35,4534.95,4533,4533,242,
2024-07-12 14:09:00+05:30,4534.75,4536.5,4533.7,4536.5,677,
2024-07-12 14:10:00+05:30,4536.5,4537.95,4536.5,4536.65,1662,
2024-07-12 14:11:00+05:30,4536.65,4539.7,4536.3,4539,1606,
2024-07-12 14:12:00+05:30,4539,4542.95,4537.3,4538.1,1374,
2024-07-12 14:13:00+05:30,4538.1,4539.65,4538.1,4539.65,891,
2024-07-12 14:14:00+05:30,4539.65,4539.85,4539.5,4539.85,308,
2024-07-12 14:15:00+05:30,4539.85,4539.85,4537.9,4539.8,969,
2024-07-12 14:16:00+05:30,4539.8,4541.55,4539.5,4541.55,1560,
2024-07-12 14:17:00+05:30,4541.55,4542.95,4540.9,4542.95,185,
2024-07-12 14:18:00+05:30,4542.95,4544.25,4540.05,4543.55,3006,
2024-07-12 14:19:00+05:30,4543.55,4543.95,4541.35,4543,1088,
2024-07-12 14:20:00+05:30,4543,4543,4539.65,4542.75,2802,
2024-07-12 14:21:00+05:30,4542.75,4542.75,4539.65,4540.2,309,
2024-07-12 14:22:00+05:30,4540.2,4540.2,4539.25,4540,1338,
2024-07-12 14:23:00+05:30,4540,4542,4539.15,4542,1432,
2024-07-12 14:24:00+05:30,4542,4542.05,4538.05,4542.05,453,
2024-07-12 14:25:00+05:30,4542,4542.05,4538.45,4538.5,2288,
2024-07-12 14:26:00+05:30,4538.45,4541,4538.45,4540.3,873,
2024-07-12 14:27:00+05:30,4540.05,4542,4538.45,4540.45,1348,
2024-07-12 14:28:00+05:30,4540.45,4540.5,4528.05,4528.35,2813,
2024-07-12 14:29:00+05:30,4528.35,4529,4524.55,4525.05,2850,
2024-07-12 14:30:00+05:30,4525.05,4525.05,4520,4524.3,2065,
2024-07-12 14:31:00+05:30,4524.3,4524.3,4522,4523,1511,
2024-07-12 14:32:00+05:30,4523,4532.5,4520.85,4531.65,3623,
2024-07-12 14:33:00+05:30,4531.65,4536.35,4530.2,4536.2,417,
2024-07-12 14:34:00+05:30,4536.2,4536.2,4534.15,4534.75,851,
2024-07-12 14:35:00+05:30,4534.75,4535.95,4534.75,4535.95,241,
2024-07-12 14:36:00+05:30,4535.95,4536.2,4530.95,4532.5,2103,
2024-07-12 14:37:00+05:30,4532.5,4532.65,4528.1,4532.65,2284,
2024-07-12 14:38:00+05:30,4532.65,4535.9,4530.45,4531.45,915,
2024-07-12 14:39:00+05:30,4531.45,4534.35,4531.45,4534.35,459,
2024-07-12 14:40:00+05:30,4534.35,4539.1,4534.05,4539.1,1040,
2024-07-12 14:41:00+05:30,4539.1,4539.6,4538.4,4539.2,643,
2024-07-12 14:42:00+05:30,4539.2,4539.2,4537.5,4538.5,247,
2024-07-12 14:43:00+05:30,4538.5,4539.2,4537.5,4538.25,244,
2024-07-12 14:44:00+05:30,4538.25,4538.25,4537.5,4538,156,
2024-07-12 14:45:00+05:30,4538,4538,4534.75,4538,2762,
2024-07-12 14:46:00+05:30,4538,4539.2,4537,4537.8,999,
2024-07-12 14:47:00+05:30,4537.8,4542.4,4537.8,4542.35,2610,
2024-07-12 14:48:00+05:30,4542.35,4542.35,4539.9,4541.5,505,
2024-07-12 14:49:00+05:30,4541.4,4541.5,4539.6,4541.4,1456,
2024-07-12 14:50:00+05:30,4541.4,4544.15,4539.5,4544.15,1107,
2024-07-12 14:51:00+05:30,4542.8,4544.8,4542.5,4543,915,
2024-07-12 14:52:00+05:30,4543,4544.45,4542.8,4544.3,290,
2024-07-12 14:53:00+05:30,4544.3,4545,4544,4544.4,656,
2024-07-12 14:54:00+05:30,4544.4,4544.95,4544.35,4544.95,262,
2024-07-12 14:55:00+05:30,4544.95,4546,4544.35,4545.5,2805,
2024-07-12 14:56:00+05:30,4545.5,4545.7,4543.1,4544.95,1485,
2024-07-12 14:57:00+05:30,4544.95,4544.95,4543.55,4544.7,332,
2024-07-12 14:58:00+05:30,4544.65,4544.7,4544,4544.05,382,
2024-07-12 14:59:00+05:30,4544,4546,4544,4545.3,1119,
2024-07-12 15:00:00+05:30,4545.3,4545.3,4541.7,4543.25,5006,
2024-07-12 15:01:00+05:30,4543.25,4543.25,4539.5,4539.75,3545,
2024-07-12 15:02:00+05:30,4539.75,4541.95,4538,4539.4,2479,
2024-07-12 15:03:00+05:30,4539.4,4540,4538.85,4540,957,
2024-07-12 15:04:00+05:30,4540,4540.95,4539,4539.05,9543,
2024-07-12 15:05:00+05:30,4539.8,4541.95,4538.5,4538.5,1389,
2024-07-12 15:06:00+05:30,4538.5,4544.5,4538.5,4540,2550,
2024-07-12 15:07:00+05:30,4540,4541.2,4539.4,4540,4492,
2024-07-12 15:08:00+05:30,4540,4540,4539.4,4539.85,1561,
2024-07-12 15:09:00+05:30,4539.85,4543.8,4539.85,4540.45,5008,
2024-07-12 15:10:00+05:30,4540.45,4540.45,4537.45,4537.9,6084,
2024-07-12 15:11:00+05:30,4537.9,4537.9,4530.3,4534,2191,
2024-07-12 15:12:00+05:30,4534,4537.55,4533.7,4537.15,1057,
2024-07-12 15:13:00+05:30,4537.15,4537.55,4532.05,4534,1279,
2024-07-12 15:14:00+05:30,4534,4534,4530.7,4533.75,1067,
2024-07-12 15:15:00+05:30,4533.2,4537.05,4531.9,4534.1,506,
2024-07-12 15:16:00+05:30,4538.4,4540,4536.1,4540,3331,
2024-07-12 15:17:00+05:30,4539.95,4540,4535.55,4536.95,1360,
2024-07-12 15:18:00+05:30,4536.95,4540,4535.45,4539.5,3181,
2024-07-12 15:19:00+05:30,4539.5,4539.95,4537.55,4539.5,1358,
2024-07-12 15:20:00+05:30,4539.1,4541.55,4537.6,4539.9,5437,
2024-07-12 15:21:00+05:30,4540,4540,4539.9,4540,1949,
2024-07-12 15:22:00+05:30,4539.95,4540,4539.95,4539.95,3084,
2024-07-12 15:23:00+05:30,4540,4540,4534.85,4535.95,888,
2024-07-12 15:24:00+05:30,4534.85,4537.4,4532,4532.25,1676,
2024-07-12 15:25:00+05:30,4532.25,4535.1,4531.7,4534.5,591,
2024-07-12 15:26:00+05:30,4534.95,4536,4533.2,4536,761,
2024-07-12 15:27:00+05:30,4536,4537,4536,4536.05,505,
2024-07-12 15:28:00+05:30,4536.95,4537,4533.95,4536.95,1325,
2024-07-12 15:29:00+05:30,4536.95,4540,4533,4540,1196,
2024-07-15 09:15:00+05:30,4542,4569.2,4536.1,4568.95,16000,
2024-07-15 09:16:00+05:30,4574.8,4575.05,4557.95,4557.95,5168,
2024-07-15 09:17:00+05:30,4562.05,4565,4548.2,4549.5,6331,
2024-07-15 09:18:00+05:30,4549.55,4560.05,4545.75,4560.05,2652,
2024-07-15 09:19:00+05:30,4560.05,4560.85,4557.6,4558.05,626,
2024-07-15 09:20:00+05:30,4557.65,4557.65,4541.85,4547.1,915,
2024-07-15 09:21:00+05:30,4547.65,4565,4547.65,4564.6,1002,
2024-07-15 09:22:00+05:30,4564.6,4565,4554.2,4554.2,791,
2024-07-15 09:23:00+05:30,4555.2,4558.1,4548.15,4558,1351,
2024-07-15 09:24:00+05:30,4558.05,4558.05,4545.2,4553.3,971,
2024-07-15 09:25:00+05:30,4553.4,4562.05,4551.85,4558.5,104651,
2024-07-15 09:26:00+05:30,4558.5,4564.1,4556.6,4563.75,1153,
2024-07-15 09:27:00+05:30,4563.75,4570,4556.25,4567.85,6530,
2024-07-15 09:28:00+05:30,4567.85,4569.8,4563.05,4568.95,2876,
2024-07-15 09:29:00+05:30,4568.95,4570,4565.1,4565.65,1731,
2024-07-15 09:30:00+05:30,4565.1,4569,4556,4560.3,4726,
2024-07-15 09:31:00+05:30,4560.3,4563.4,4559.35,4561.65,710,
2024-07-15 09:32:00+05:30,4561.65,4565,4556.25,4556.25,351,
2024-07-15 09:33:00+05:30,4555.5,4562.65,4555.5,4561.9,664,
2024-07-15 09:34:00+05:30,4561.8,4563.95,4558.55,4563.95,319,
2024-07-15 09:35:00+05:30,4565.85,4568.1,4563.5,4567,330,
2024-07-15 09:36:00+05:30,4568.2,4568.95,4565.35,4565.35,183,
2024-07-15 09:37:00+05:30,4567,4568.95,4560,4561.6,571,
2024-07-15 09:38:00+05:30,4561.6,4562.95,4560,4561.3,807,
2024-07-15 09:39:00+05:30,4561,4561,4553,4553,582,
2024-07-15 09:40:00+05:30,4554.85,4554.85,4545.8,4553.8,13949,
2024-07-15 09:41:00+05:30,4553.8,4553.8,4551.5,4553.35,352,
2024-07-15 09:42:00+05:30,4553.35,4554,4552,4552,106,
2024-07-15 09:43:00+05:30,4552.3,4552.95,4548.6,4550.8,595,
2024-07-15 09:44:00+05:30,4552.9,4553.8,4550,4550.2,324,
2024-07-15 09:45:00+05:30,4548.15,4554,4545.8,4554,516,
2024-07-15 09:46:00+05:30,4554,4554,4551.45,4553.95,225,
2024-07-15 09:47:00+05:30,4553.95,4554,4550.8,4551.9,6282,
2024-07-15 09:48:00+05:30,4552,4554.75,4552,4554.75,136,
2024-07-15 09:49:00+05:30,4554.75,4554.95,4553,4554,165,
2024-07-15 09:50:00+05:30,4554,4564.7,4554,4559,2017,
2024-07-15 09:51:00+05:30,4558.7,4565.25,4553,4564.05,51934,
2024-07-15 09:52:00+05:30,4564.05,4564.05,4560.2,4562.4,924,
2024-07-15 09:53:00+05:30,4562.4,4566.15,4561.7,4563.15,1450,
2024-07-15 09:54:00+05:30,4563.15,4564.95,4560,4560,935,
2024-07-15 09:55:00+05:30,4560,4561.45,4556.25,4557.4,292,
2024-07-15 09:56:00+05:30,4557.4,4557.4,4553.8,4553.8,487,
2024-07-15 09:57:00+05:30,4555.5,4555.5,4550,4554.25,1183,
2024-07-15 09:58:00+05:30,4554.25,4555,4552.65,4552.65,595,
2024-07-15 09:59:00+05:30,4552.65,4552.65,4550.6,4551.95,246,
2024-07-15 10:00:00+05:30,4551.3,4554.95,4551.3,4553.65,801,
2024-07-15 10:01:00+05:30,4553.65,4559.95,4553.65,4557.2,943,
2024-07-15 10:02:00+05:30,4559.25,4563.75,4556.7,4561.05,3873,
2024-07-15 10:03:00+05:30,4561.05,4564.85,4561.05,4563.85,1114,
2024-07-15 10:04:00+05:30,4563.85,4564.45,4557.75,4557.75,1040,
2024-07-15 10:05:00+05:30,4558.65,4559.6,4557.4,4558.7,772,
2024-07-15 10:06:00+05:30,4558.7,4558.8,4557.05,4558.8,504,
2024-07-15 10:07:00+05:30,4558.8,4559.6,4550,4550,1608,
2024-07-15 10:08:00+05:30,4550.75,4551,4547.4,4549.75,543,
2024-07-15 10:09:00+05:30,4549.75,4555.5,4546,4555.5,1493,
2024-07-15 10:10:00+05:30,4555.5,4558.75,4554.15,4555.65,1283,
2024-07-15 10:11:00+05:30,4555,4555.75,4551.25,4552.3,794,
2024-07-15 10:12:00+05:30,4552.3,4557.4,4552.3,4555.15,421,
2024-07-15 10:13:00+05:30,4555.15,4557.3,4555.15,4556.85,209,
2024-07-15 10:14:00+05:30,4556.85,4561.95,4555.25,4559.6,1883,
2024-07-15 10:15:00+05:30,4559.75,4560,4557.7,4559,577,
2024-07-15 10:16:00+05:30,4558.45,4563.2,4558.45,4562.05,505,
2024-07-15 10:17:00+05:30,4562.05,4564,4557.4,4557.55,1193,
2024-07-15 10:18:00+05:30,4558.4,4563.35,4558.4,4563.3,1275,
2024-07-15 10:19:00+05:30,4562,4563.6,4560.65,4562.85,833,
2024-07-15 10:20:00+05:30,4562.85,4562.85,4560.6,4561.85,619,
2024-07-15 10:21:00+05:30,4561.85,4562.85,4560,4562.2,1117,
2024-07-15 10:22:00+05:30,4562.2,4564.5,4562.05,4562.85,566,
2024-07-15 10:23:00+05:30,4562.85,4564.6,4560.65,4561.7,974,
2024-07-15 10:24:00+05:30,4561.7,4563.6,4561.5,4562,558,
2024-07-15 10:25:00+05:30,4562,4562,4555,4558.6,4735,
2024-07-15 10:26:00+05:30,4558.6,4559.7,4557,4558.15,380,
2024-07-15 10:27:00+05:30,4558.15,4559.15,4557.2,4558.1,382,
2024-07-15 10:28:00+05:30,4558.1,4559.7,4556.65,4558,458,
2024-07-15 10:29:00+05:30,4558,4560.3,4557.75,4557.75,293,
2024-07-15 10:30:00+05:30,4557.75,4559.3,4550.75,4556.55,2458,
2024-07-15 10:31:00+05:30,4556.55,4559.3,4555.55,4557.85,521,
2024-07-15 10:32:00+05:30,4557.85,4558.3,4557,4558.3,308,
2024-07-15 10:33:00+05:30,4558.3,4558.3,4556.05,4557.1,574,
2024-07-15 10:34:00+05:30,4557.1,4557.1,4555.25,4556.9,580,
2024-07-15 10:35:00+05:30,4556.9,4560.65,4553.95,4553.95,1242,
2024-07-15 10:36:00+05:30,4553.95,4555,4551.75,4552.5,921,
2024-07-15 10:37:00+05:30,4552.5,4555,4552.5,4554.6,378,
2024-07-15 10:38:00+05:30,4554.25,4554.25,4551.95,4553.15,464,
2024-07-15 10:39:00+05:30,4553.05,4555,4553,4555,489,
2024-07-15 10:40:00+05:30,4555,4556.25,4553.65,4555.45,434,
2024-07-15 10:41:00+05:30,4555.45,4557.25,4552,4555.5,629,
2024-07-15 10:42:00+05:30,4555.5,4556.3,4551.35,4555.55,1087,
2024-07-15 10:43:00+05:30,4555.55,4557.9,4552.15,4554.15,672,
2024-07-15 10:44:00+05:30,4554.15,4556.2,4552.15,4553.6,455,
2024-07-15 10:45:00+05:30,4553.6,4556.4,4553.6,4556.4,310,
2024-07-15 10:46:00+05:30,4556.4,4557.9,4556,4556,532,
2024-07-15 10:47:00+05:30,4555.15,4556,4555.1,4555.4,471,
2024-07-15 10:48:00+05:30,4555.4,4556.05,4552.75,4553.6,758,
2024-07-15 10:49:00+05:30,4553.6,4555.6,4553.35,4555.55,476,
2024-07-15 10:50:00+05:30,4555.55,4557.95,4555,4555.4,527,
2024-07-15 10:51:00+05:30,4555.4,4556.95,4555.4,4555.7,405,
2024-07-15 10:52:00+05:30,4555.7,4555.8,4551.2,4555.8,503,
2024-07-15 10:53:00+05:30,4555.8,4555.8,4553.85,4554.5,530,
2024-07-15 10:54:00+05:30,4554.5,4557.9,4554.5,4557.5,360,
2024-07-15 10:55:00+05:30,4557.5,4557.5,4555.2,4556.45,328,
2024-07-15 10:56:00+05:30,4556.45,4556.45,4555.45,4556.05,484,
2024-07-15 10:57:00+05:30,4556.05,4560,4555.8,4558.25,1014,
2024-07-15 10:58:00+05:30,4558.25,4559.05,4558,4558.6,556,
2024-07-15 10:59:00+05:30,4558.6,4558.6,4558,4558.25,333,
2024-07-15 11:00:00+05:30,4558.25,4560,4558,4559.4,863,
2024-07-15 11:01:00+05:30,4558.8,4558.8,4558.3,4558.3,347,
2024-07-15 11:02:00+05:30,4558.3,4558.3,4558,4558.1,457,
2024-07-15 11:03:00+05:30,4558.1,4560,4558,4559.5,412,
2024-07-15 11:04:00+05:30,4559.5,4563.05,4558.6,4562,1589,
2024-07-15 11:05:00+05:30,4560.05,4561.1,4560,4560.6,414,
2024-07-15 11:06:00+05:30,4560.6,4565,4560.2,4563,1328,
2024-07-15 11:07:00+05:30,4563,4563,4561.25,4561.25,477,
2024-07-15 11:08:00+05:30,4561.25,4561.25,4560,4560.8,537,
2024-07-15 11:09:00+05:30,4560.8,4560.8,4560,4560,585,
2024-07-15 11:10:00+05:30,4560,4562.2,4560,4562.2,738,
2024-07-15 11:11:00+05:30,4560.35,4562.55,4560.1,4561.55,1012,
2024-07-15 11:12:00+05:30,4561.55,4561.55,4560,4560,381,
2024-07-15 11:13:00+05:30,4560,4562.2,4559.3,4560.4,631,
2024-07-15 11:14:00+05:30,4560.4,4560.6,4558.8,4559.3,1050,
2024-07-15 11:15:00+05:30,4559.1,4559.3,4559.05,4559.15,435,
2024-07-15 11:16:00+05:30,4559.15,4560.4,4559.1,4559.3,454,
2024-07-15 11:17:00+05:30,4559.3,4560.4,4559.25,4560.4,489,
2024-07-15 11:18:00+05:30,4560.4,4562.8,4558.1,4558.45,1163,
2024-07-15 11:19:00+05:30,4558.45,4559,4556.2,4557.9,2679,
2024-07-15 11:20:00+05:30,4557.9,4557.9,4551.8,4551.8,1002,
2024-07-15 11:21:00+05:30,4552.75,4555.8,4551.55,4555.45,766,
2024-07-15 11:22:00+05:30,4555.45,4558.3,4555.45,4556.3,412,
2024-07-15 11:23:00+05:30,4556.25,4560.85,4556.1,4557.85,2566,
2024-07-15 11:24:00+05:30,4557.85,4560.05,4557.85,4558,1153,
2024-07-15 11:25:00+05:30,4558,4560.3,4558,4558.6,754,
2024-07-15 11:26:00+05:30,4558.6,4561.1,4556.75,4560.6,628,
2024-07-15 11:27:00+05:30,4560.6,4560.6,4558.9,4559.5,390,
2024-07-15 11:28:00+05:30,4559.5,4559.75,4557.95,4559.15,454,
2024-07-15 11:29:00+05:30,4559.15,4559.15,4557.85,4558.05,435,
2024-07-15 11:30:00+05:30,4558.05,4559.3,4557.55,4559.05,548,
2024-07-15 11:31:00+05:30,4559.05,4559.15,4552.05,4552.5,1457,
2024-07-15 11:32:00+05:30,4552.3,4555.15,4552,4553.2,814,
2024-07-15 11:33:00+05:30,4553.8,4556.7,4553,4554.8,404,
2024-07-15 11:34:00+05:30,4554.8,4555.2,4542,4545.75,2236,
2024-07-15 11:35:00+05:30,4546,4550.6,4545.65,4549.3,423,
2024-07-15 11:36:00+05:30,4549.3,4554,4547.8,4553.5,430,
2024-07-15 11:37:00+05:30,4553.5,4555.1,4550,4555.1,619,
2024-07-15 11:38:00+05:30,4555.1,4555.1,4550.5,4551,502,
2024-07-15 11:39:00+05:30,4551,4552.95,4550,4550,387,
2024-07-15 11:40:00+05:30,4550.1,4559.45,4548.1,4559.15,2662,
2024-07-15 11:41:00+05:30,4559.15,4561,4555,4557.6,4179,
2024-07-15 11:42:00+05:30,4557.6,4560.05,4555.05,4556.75,2349,
2024-07-15 11:43:00+05:30,4556.1,4558.3,4556.05,4558.3,766,
2024-07-15 11:44:00+05:30,4558.3,4561,4558.3,4559.6,386,
2024-07-15 11:45:00+05:30,4559.6,4560.1,4558.55,4559.35,578,
2024-07-15 11:46:00+05:30,4559.35,4561,4558.65,4558.65,391,
2024-07-15 11:47:00+05:30,4558.65,4559.3,4557.2,4557.65,731,
2024-07-15 11:48:00+05:30,4557.65,4557.65,4554.2,4556.5,528,
2024-07-15 11:49:00+05:30,4556.5,4559.2,4552.8,4555.3,701,
2024-07-15 11:50:00+05:30,4555.3,4559.5,4553.5,4557.55,626,
2024-07-15 11:51:00+05:30,4556.65,4559.65,4554.6,4554.6,1152,
2024-07-15 11:52:00+05:30,4554.6,4561.3,4554.6,4560.55,3015,
2024-07-15 11:53:00+05:30,4560.55,4561,4560,4561,1569,
2024-07-15 11:54:00+05:30,4561,4561.55,4561,4561.25,496,
2024-07-15 11:55:00+05:30,4561.25,4562.8,4561.1,4561.75,770,
2024-07-15 11:56:00+05:30,4561.75,4562.8,4561.45,4561.9,490,
2024-07-15 11:57:00+05:30,4561,4561.5,4560,4561,296,
2024-07-15 11:58:00+05:30,4561,4562.25,4560.1,4560.15,361,
2024-07-15 11:59:00+05:30,4560.15,4562.25,4560,4560.75,364,
2024-07-15 12:00:00+05:30,4560.75,4561.25,4560,4560.1,253,
2024-07-15 12:01:00+05:30,4560.1,4562.25,4560.1,4561.45,366,
2024-07-15 12:02:00+05:30,4561.05,4561.05,4560.7,4561.05,508,
2024-07-15 12:03:00+05:30,4562,4565,4562,4563.55,1021,
2024-07-15 12:04:00+05:30,4563.9,4569.45,4563.5,4568.35,948,
2024-07-15 12:05:00+05:30,4567.5,4567.9,4565,4567.85,610,
2024-07-15 12:06:00+05:30,4567.05,4567.85,4564.6,4567.7,604,
2024-07-15 12:07:00+05:30,4567.7,4567.7,4565.5,4566.15,329,
2024-07-15 12:08:00+05:30,4566.15,4566.6,4565,4565.55,347,
2024-07-15 12:09:00+05:30,4565.4,4573.7,4565.4,4571.65,1643,
2024-07-15 12:10:00+05:30,4572.85,4580.6,4572.85,4575.7,3145,
2024-07-15 12:11:00+05:30,4575.7,4577.7,4573.6,4576,1435,
2024-07-15 12:12:00+05:30,4576,4577.75,4571.55,4572.5,1990,
2024-07-15 12:13:00+05:30,4574.1,4574.7,4569.9,4570.75,1718,
2024-07-15 12:14:00+05:30,4570.75,4571.3,4569,4569.7,682,
2024-07-15 12:15:00+05:30,4569.7,4571.2,4568,4570.8,761,
2024-07-15 12:16:00+05:30,4570.8,4575,4570,4573.05,503,
2024-07-15 12:17:00+05:30,4573.05,4574.85,4571.85,4574,705,
2024-07-15 12:18:00+05:30,4574.25,4575.45,4572.3,4573.6,368,
2024-07-15 12:19:00+05:30,4573.6,4575.65,4571.2,4572.25,581,
2024-07-15 12:20:00+05:30,4571.65,4573.55,4571.65,4571.95,304,
2024-07-15 12:21:00+05:30,4571.95,4575.95,4571.1,4575.95,1058,
2024-07-15 12:22:00+05:30,4575.3,4577.45,4573.75,4574.55,1815,
2024-07-15 12:23:00+05:30,4574.55,4575.1,4571.1,4572,1055,
2024-07-15 12:24:00+05:30,4572,4574.25,4570,4571.65,383,
2024-07-15 12:25:00+05:30,4570.8,4574.75,4570.8,4573.1,269,
2024-07-15 12:26:00+05:30,4572.75,4575.8,4572.75,4574.2,562,
2024-07-15 12:27:00+05:30,4575,4583.15,4574.2,4581.25,2518,
2024-07-15 12:28:00+05:30,4581.25,4586.35,4578.75,4586.35,1593,
2024-07-15 12:29:00+05:30,4586.35,4586.35,4583.3,4585.95,779,
2024-07-15 12:30:00+05:30,4585.95,4585.95,4583,4583,779,
2024-07-15 12:31:00+05:30,4583,4583,4581,4582,735,
2024-07-15 12:32:00+05:30,4582,4584.6,4582,4584.3,495,
2024-07-15 12:33:00+05:30,4584.3,4594,4583.85,4593,3166,
2024-07-15 12:34:00+05:30,4593,4594,4587.15,4589.3,2191,
2024-07-15 12:35:00+05:30,4589.3,4591.5,4587.35,4589,487,
2024-07-15 12:36:00+05:30,4589,4589,4585,4585.25,480,
2024-07-15 12:37:00+05:30,4585.25,4587.85,4585,4586.2,640,
2024-07-15 12:38:00+05:30,4586.2,4587.4,4584.45,4584.45,592,
2024-07-15 12:39:00+05:30,4584.45,4586.05,4583.5,4585,573,
2024-07-15 12:40:00+05:30,4585,4585.7,4583.5,4584,1352,
2024-07-15 12:41:00+05:30,4583.5,4584.05,4580.7,4582.4,1693,
2024-07-15 12:42:00+05:30,4582.4,4586.4,4582.4,4584.2,599,
2024-07-15 12:43:00+05:30,4584.2,4587.5,4584.2,4586.35,609,
2024-07-15 12:44:00+05:30,4586.4,4587.45,4586.35,4587,438,
2024-07-15 12:45:00+05:30,4586.95,4588,4585,4588,927,
2024-07-15 12:46:00+05:30,4588,4593,4586.45,4592.1,872,
2024-07-15 12:47:00+05:30,4592.1,4596.75,4592.05,4595.95,1882,
2024-07-15 12:48:00+05:30,4594.35,4595.15,4590.05,4592.85,1182,
2024-07-15 12:49:00+05:30,4592.85,4593.1,4588.35,4591.3,1697,
2024-07-15 12:50:00+05:30,4591.3,4592.45,4590.85,4592.2,523,
2024-07-15 12:51:00+05:30,4592.2,4593.9,4589.7,4589.7,1288,
2024-07-15 12:52:00+05:30,4589.7,4594.45,4589.7,4592.85,1208,
2024-07-15 12:53:00+05:30,4592.85,4594.1,4588.55,4592.85,1631,
2024-07-15 12:54:00+05:30,4592.85,4593.25,4590.8,4592.85,503,
2024-07-15 12:55:00+05:30,4592.85,4592.9,4591.1,4591.1,492,
2024-07-15 12:56:00+05:30,4591.1,4593,4589,4592.15,858,
2024-07-15 12:57:00+05:30,4592.15,4593.95,4589.95,4590.9,742,
2024-07-15 12:58:00+05:30,4590.95,4592.55,4590.5,4591.6,541,
2024-07-15 12:59:00+05:30,4591.6,4592.95,4591.1,4592,252,
2024-07-15 13:00:00+05:30,4592.05,4593.7,4590.4,4590.9,731,
2024-07-15 13:01:00+05:30,4590.9,4592.7,4590.9,4592.3,237,
2024-07-15 13:02:00+05:30,4592.1,4592.1,4590.1,4592.1,1068,
2024-07-15 13:03:00+05:30,4592,4593.8,4590.05,4592.05,718,
2024-07-15 13:04:00+05:30,4592.05,4592.05,4587.25,4589.4,858,
2024-07-15 13:05:00+05:30,4589.1,4591.25,4588.2,4590.5,472,
2024-07-15 13:06:00+05:30,4590.5,4590.8,4587.75,4589.55,1744,
2024-07-15 13:07:00+05:30,4589.5,4593.7,4588.05,4592.5,509,
2024-07-15 13:08:00+05:30,4592.5,4595.95,4591.05,4595.95,979,
2024-07-15 13:09:00+05:30,4596,4604.35,4596,4599.15,5511,
2024-07-15 13:10:00+05:30,4598.15,4598.7,4592.8,4598.15,2242,
2024-07-15 13:11:00+05:30,4595.8,4599.6,4595,4598.5,903,
2024-07-15 13:12:00+05:30,4596.8,4598.85,4590.25,4593.6,1954,
2024-07-15 13:13:00+05:30,4594.35,4594.35,4592.55,4593.25,415,
2024-07-15 13:14:00+05:30,4593.25,4593.6,4590.95,4592.5,399,
2024-07-15 13:15:00+05:30,4592.25,4592.45,4588.2,4590,815,
2024-07-15 13:16:00+05:30,4590,4592.45,4589.2,4590.15,407,
2024-07-15 13:17:00+05:30,4590.15,4592.35,4589.5,4592.35,795,
2024-07-15 13:18:00+05:30,4592.35,4592.35,4590.95,4591.95,289,
2024-07-15 13:19:00+05:30,4591.95,4592,4588.65,4591.95,498,
2024-07-15 13:20:00+05:30,4591.75,4591.95,4588.5,4590.45,754,
2024-07-15 13:21:00+05:30,4590.45,4592.3,4588.75,4591.05,871,
2024-07-15 13:22:00+05:30,4591.1,4593.5,4589.5,4591.5,1055,
2024-07-15 13:23:00+05:30,4591.5,4592.2,4590.05,4592.2,999,
2024-07-15 13:24:00+05:30,4591.95,4594.8,4591.1,4593.05,966,
2024-07-15 13:25:00+05:30,4593.5,4593.5,4591.85,4591.95,804,
2024-07-15 13:26:00+05:30,4591.95,4592,4589,4590.35,636,
2024-07-15 13:27:00+05:30,4590.3,4593.9,4590,4593.7,802,
2024-07-15 13:28:00+05:30,4593.7,4597,4593.6,4594.4,862,
2024-07-15 13:29:00+05:30,4594.4,4594.95,4590.85,4592.1,737,
2024-07-15 13:30:00+05:30,4592.1,4596.8,4592.1,4594.85,832,
2024-07-15 13:31:00+05:30,4594.85,4595.4,4594.65,4594.95,464,
2024-07-15 13:32:00+05:30,4594.95,4595.95,4593.05,4595.95,1115,
2024-07-15 13:33:00+05:30,4595.95,4595.95,4592.25,4594.6,400,
2024-07-15 13:34:00+05:30,4594.7,4594.7,4592.2,4592.55,342,
2024-07-15 13:35:00+05:30,4591.15,4592.55,4591.15,4591.95,623,
2024-07-15 13:36:00+05:30,4592.05,4592.05,4589,4590.25,942,
2024-07-15 13:37:00+05:30,4590.2,4592.8,4590.1,4592.2,861,
2024-07-15 13:38:00+05:30,4592.8,4592.8,4590,4591.25,181,
2024-07-15 13:39:00+05:30,4591.25,4592.25,4591.25,4592.2,678,
2024-07-15 13:40:00+05:30,4592.2,4592.45,4589.45,4591.05,896,
2024-07-15 13:41:00+05:30,4591.05,4591.05,4590.45,4590.5,364,
2024-07-15 13:42:00+05:30,4590.5,4590.65,4589.2,4589.2,443,
2024-07-15 13:43:00+05:30,4588.4,4589.7,4586.45,4587.1,474,
2024-07-15 13:44:00+05:30,4587.1,4587.1,4582.85,4582.85,631,
2024-07-15 13:45:00+05:30,4582.95,4585.45,4581,4582.5,1516,
2024-07-15 13:46:00+05:30,4581.5,4584.95,4581.5,4582.7,649,
2024-07-15 13:47:00+05:30,4582.65,4585,4582.6,4583.6,884,
2024-07-15 13:48:00+05:30,4583.55,4583.6,4582.1,4582.7,877,
2024-07-15 13:49:00+05:30,4582.7,4586.85,4582.7,4585.1,2189,
2024-07-15 13:50:00+05:30,4585.1,4586.5,4585.05,4585.1,391,
2024-07-15 13:51:00+05:30,4585.1,4586.2,4585,4585.1,1427,
2024-07-15 13:52:00+05:30,4585.1,4587.3,4585,4586.6,1578,
2024-07-15 13:53:00+05:30,4586.6,4587,4586,4586.4,653,
2024-07-15 13:54:00+05:30,4586.45,4590,4586.4,4587.65,520,
2024-07-15 13:55:00+05:30,4587.65,4590.55,4587.65,4590,598,
2024-07-15 13:56:00+05:30,4590,4590.5,4588.45,4588.8,966,
2024-07-15 13:57:00+05:30,4588.8,4600,4588.7,4599.7,3551,
2024-07-15 13:58:00+05:30,4599.7,4600,4596,4599.2,1107,
2024-07-15 13:59:00+05:30,4599.2,4600,4597.65,4597.65,2007,
2024-07-15 14:00:00+05:30,4597.65,4598.9,4596.65,4598.3,880,
2024-07-15 14:01:00+05:30,4597.9,4600,4597.9,4600,1105,
2024-07-15 14:02:00+05:30,4600,4600,4598.3,4598.3,1395,
2024-07-15 14:03:00+05:30,4598.8,4601.15,4596.05,4600.05,1441,
2024-07-15 14:04:00+05:30,4600.05,4600.05,4595.5,4598.45,1029,
2024-07-15 14:05:00+05:30,4598.45,4599.5,4592.55,4593.2,569,
2024-07-15 14:06:00+05:30,4592.55,4596.45,4592.55,4593.4,655,
2024-07-15 14:07:00+05:30,4593.4,4595.85,4593,4595.7,1360,
2024-07-15 14:08:00+05:30,4595.7,4598.55,4593.75,4596.25,757,
2024-07-15 14:09:00+05:30,4596.25,4596.8,4593.75,4596,684,
2024-07-15 14:10:00+05:30,4595.25,4596.1,4593.6,4595.55,787,
2024-07-15 14:11:00+05:30,4595.55,4595.75,4591.05,4593.3,1250,
2024-07-15 14:12:00+05:30,4593.3,4596.15,4590.2,4591.15,921,
2024-07-15 14:13:00+05:30,4591.15,4594,4589.7,4592.1,697,
2024-07-15 14:14:00+05:30,4592.1,4592.7,4589.75,4590.85,634,
2024-07-15 14:15:00+05:30,4590.85,4594.15,4590.85,4594,494,
2024-07-15 14:16:00+05:30,4594,4596,4590.05,4596,692,
2024-07-15 14:17:00+05:30,4596.45,4596.9,4593.9,4595.7,781,
2024-07-15 14:18:00+05:30,4595.7,4595.9,4593.1,4594.2,630,
2024-07-15 14:19:00+05:30,4593.25,4595.6,4591.35,4593.05,565,
2024-07-15 14:20:00+05:30,4592.7,4594.2,4591.4,4592.6,437,
2024-07-15 14:21:00+05:30,4592.65,4594.45,4591.9,4592.55,545,
2024-07-15 14:22:00+05:30,4592.95,4594,4592.7,4593.5,601,
2024-07-15 14:23:00+05:30,4593.5,4593.5,4592.95,4593.1,526,
2024-07-15 14:24:00+05:30,4593.1,4594.3,4589.35,4591.05,653,
2024-07-15 14:25:00+05:30,4590.25,4593.05,4588.85,4588.85,499,
2024-07-15 14:26:00+05:30,4588.85,4593,4588.65,4590.05,979,
2024-07-15 14:27:00+05:30,4590.05,4591,4590,4590.95,455,
2024-07-15 14:28:00+05:30,4590.95,4592.95,4590.9,4591.4,435,
2024-07-15 14:29:00+05:30,4591.45,4593,4591.45,4592.15,452,
2024-07-15 14:30:00+05:30,4592.25,4595.15,4591.55,4594.15,1634,
2024-07-15 14:31:00+05:30,4595.25,4598.7,4594.05,4596.75,897,
2024-07-15 14:32:00+05:30,4596.75,4599.35,4596.1,4599,961,
2024-07-15 14:33:00+05:30,4599,4599.45,4596.15,4596.15,550,
2024-07-15 14:34:00+05:30,4596.85,4596.95,4594.55,4596.9,443,
2024-07-15 14:35:00+05:30,4596.9,4596.9,4595,4595.25,489,
2024-07-15 14:36:00+05:30,4596.95,4596.95,4595.1,4595.8,288,
2024-07-15 14:37:00+05:30,4595.8,4598.2,4595,4595.3,1026,
2024-07-15 14:38:00+05:30,4595.3,4596.6,4594.9,4594.95,619,
2024-07-15 14:39:00+05:30,4594.7,4596.4,4594.7,4595.2,506,
2024-07-15 14:40:00+05:30,4595.2,4596.6,4595.05,4595.15,512,
2024-07-15 14:41:00+05:30,4595.15,4599,4595.1,4595.15,1493,
2024-07-15 14:42:00+05:30,4595.05,4599,4595.05,4598.1,1466,
2024-07-15 14:43:00+05:30,4598.1,4598.1,4595.9,4596.6,452,
2024-07-15 14:44:00+05:30,4596.6,4601.7,4596.55,4597.5,11156,
2024-07-15 14:45:00+05:30,4596.75,4596.75,4589.1,4595.9,3350,
2024-07-15 14:46:00+05:30,4595.9,4599.2,4595.4,4596.85,769,
2024-07-15 14:47:00+05:30,4596.85,4597.75,4595.5,4595.75,540,
2024-07-15 14:48:00+05:30,4595.75,4596.05,4595.5,4595.85,587,
2024-07-15 14:49:00+05:30,4595.85,4597.25,4593.5,4593.5,833,
2024-07-15 14:50:00+05:30,4593.5,4595.5,4591.5,4591.5,605,
2024-07-15 14:51:00+05:30,4592.55,4594.15,4590.45,4593.1,703,
2024-07-15 14:52:00+05:30,4593.1,4593.3,4591.2,4591.2,613,
2024-07-15 14:53:00+05:30,4591.2,4593.9,4590.05,4593.9,667,
2024-07-15 14:54:00+05:30,4593.85,4595.5,4593.85,4594.3,4597,
2024-07-15 14:55:00+05:30,4594.3,4594.3,4590,4591.35,664,
2024-07-15 14:56:00+05:30,4591.35,4595,4591.35,4593.65,697,
2024-07-15 14:57:00+05:30,4593.65,4594.4,4593.5,4593.8,804,
2024-07-15 14:58:00+05:30,4593.7,4593.8,4590.25,4591.9,1285,
2024-07-15 14:59:00+05:30,4591.9,4592.05,4589.8,4590.65,1115,
2024-07-15 15:00:00+05:30,4590.65,4592.05,4589.15,4589.3,1811,
2024-07-15 15:01:00+05:30,4589.3,4589.3,4587.3,4588,1919,
2024-07-15 15:02:00+05:30,4588,4589.75,4585,4589.75,2628,
2024-07-15 15:03:00+05:30,4587.9,4589.5,4584.7,4585.6,1846,
2024-07-15 15:04:00+05:30,4585.6,4587.15,4584.05,4584.1,1135,
2024-07-15 15:05:00+05:30,4584.2,4588.1,4583.55,4584.1,2385,
2024-07-15 15:06:00+05:30,4584.3,4586.2,4582.45,4582.65,1667,
2024-07-15 15:07:00+05:30,4584.7,4584.7,4582.6,4583.05,1250,
2024-07-15 15:08:00+05:30,4583.05,4583.05,4577.55,4577.55,2786,
2024-07-15 15:09:00+05:30,4578,4579.9,4576.85,4577.6,2126,
2024-07-15 15:10:00+05:30,4578.7,4580,4577.55,4579.85,1865,
2024-07-15 15:11:00+05:30,4579.85,4580,4578.4,4578.85,1715,
2024-07-15 15:12:00+05:30,4577,4578.7,4575.7,4576,2506,
2024-07-15 15:13:00+05:30,4576.45,4577.1,4574.9,4575.4,2226,
2024-07-15 15:14:00+05:30,4576.9,4576.95,4573.5,4574.8,1067,
2024-07-15 15:15:00+05:30,4575.7,4575.85,4572.7,4573.45,2128,
2024-07-15 15:16:00+05:30,4573.45,4578.85,4571.75,4577.5,3910,
2024-07-15 15:17:00+05:30,4577.5,4578.35,4575.1,4576.65,1525,
2024-07-15 15:18:00+05:30,4576.65,4579.1,4575,4578.75,2798,
2024-07-15 15:19:00+05:30,4577.3,4579.05,4575.4,4578.45,2528,
2024-07-15 15:20:00+05:30,4578.1,4578.1,4571.65,4573.05,4485,
2024-07-15 15:21:00+05:30,4572.6,4576.15,4572.05,4574.9,2767,
2024-07-15 15:22:00+05:30,4575,4575,4571.35,4571.55,3151,
2024-07-15 15:23:00+05:30,4573.15,4573.45,4568.45,4569,3553,
2024-07-15 15:24:00+05:30,4568.45,4569,4567,4567,2412,
2024-07-15 15:25:00+05:30,4567,4567.35,4563.4,4565.45,7175,
2024-07-15 15:26:00+05:30,4567,4568.25,4565.3,4567.4,6456,
2024-07-15 15:27:00+05:30,4566.1,4574.85,4564.05,4569.65,6417,
2024-07-15 15:28:00+05:30,4569.65,4580,4569.1,4579.95,6126,
2024-07-15 15:29:00+05:30,4579.95,4580,4567.1,4567.1,935,
2024-07-16 09:15:00+05:30,4575.4,4594,4556.4,4558.25,3060,
2024-07-16 09:16:00+05:30,4557.55,4562.7,4551.7,4558.9,1692,
2024-07-16 09:17:00+05:30,4557.15,4564.75,4556.05,4564.75,571,
2024-07-16 09:18:00+05:30,4564.75,4569.95,4561.3,4563.2,3086,
2024-07-16 09:19:00+05:30,4565.25,4565.3,4559.5,4561,1303,
2024-07-16 09:20:00+05:30,4563.8,4570.9,4561.2,4568.8,3143,
2024-07-16 09:21:00+05:30,4570.9,4570.9,4563.6,4567.15,1107,
2024-07-16 09:22:00+05:30,4567.15,4568.05,4560.05,4560.05,1844,
2024-07-16 09:23:00+05:30,4560,4562.95,4557.35,4562.95,1020,
2024-07-16 09:24:00+05:30,4562.95,4563.45,4560.75,4562.5,167,
2024-07-16 09:25:00+05:30,4562.4,4576.5,4561,4570.2,1833,
2024-07-16 09:26:00+05:30,4570.2,4571.95,4569.15,4571.05,796,
2024-07-16 09:27:00+05:30,4571.9,4577.1,4571.05,4572.55,441,
2024-07-16 09:28:00+05:30,4572.55,4577.95,4572.05,4574.85,763,
2024-07-16 09:29:00+05:30,4574.85,4574.95,4568.9,4572.1,484,
2024-07-16 09:30:00+05:30,4572.1,4572.1,4568.9,4571.55,195,
2024-07-16 09:31:00+05:30,4571.55,4573.65,4570,4572.15,230,
2024-07-16 09:32:00+05:30,4572.15,4572.15,4565.5,4567.05,362,
2024-07-16 09:33:00+05:30,4567.05,4570.25,4566.35,4568.15,106,
2024-07-16 09:34:00+05:30,4568.15,4572.1,4568.15,4572.1,98,
2024-07-16 09:35:00+05:30,4572.1,4589.9,4569.15,4582,2971,
2024-07-16 09:36:00+05:30,4582,4585.5,4578.85,4582.3,451,
2024-07-16 09:37:00+05:30,4582.4,4586.25,4582.4,4584.6,370,
2024-07-16 09:38:00+05:30,4583.85,4583.9,4576.45,4579.05,1473,
2024-07-16 09:39:00+05:30,4579.05,4581.45,4576.5,4578.15,269,
2024-07-16 09:40:00+05:30,4578.15,4580.45,4572.95,4572.95,357,
2024-07-16 09:41:00+05:30,4572.95,4574.3,4570.5,4571.7,105,
2024-07-16 09:42:00+05:30,4571.7,4576.2,4571.15,4572.75,283,
2024-07-16 09:43:00+05:30,4572.75,4576,4572.6,4576,126,
2024-07-16 09:44:00+05:30,4576.8,4580.8,4575,4575,903,
2024-07-16 09:45:00+05:30,4575,4575,4574.25,4574.25,192,
2024-07-16 09:46:00+05:30,4574.25,4589.95,4574.25,4587.95,50704,
2024-07-16 09:47:00+05:30,4587.95,4597.25,4587.8,4595.2,2070,
2024-07-16 09:48:00+05:30,4595.2,4598.95,4588,4588,2774,
2024-07-16 09:49:00+05:30,4588,4595,4588,4594.8,784,
2024-07-16 09:50:00+05:30,4594.8,4595,4588.05,4589.85,798,
2024-07-16 09:51:00+05:30,4589.85,4596.35,4589.85,4590,810,
2024-07-16 09:52:00+05:30,4590,4592.75,4588.45,4588.85,468,
2024-07-16 09:53:00+05:30,4590.8,4593,4588.15,4591.65,277,
2024-07-16 09:54:00+05:30,4588.6,4592.1,4588.55,4592.1,466,
2024-07-16 09:55:00+05:30,4590,4594.4,4589.55,4591.75,308,
2024-07-16 09:56:00+05:30,4591.75,4598.25,4591.75,4595.7,1108,
2024-07-16 09:57:00+05:30,4595.7,4595.7,4590.15,4590.15,509,
2024-07-16 09:58:00+05:30,4590.15,4590.55,4588.1,4588.1,124,
2024-07-16 09:59:00+05:30,4588.1,4590.2,4584.7,4584.7,434,
2024-07-16 10:00:00+05:30,4584.7,4585.8,4579,4579,1677,
2024-07-16 10:01:00+05:30,4578.85,4585.2,4578.7,4585.2,587,
2024-07-16 10:02:00+05:30,4585.2,4585.2,4584,4584,169,
2024-07-16 10:03:00+05:30,4584,4584.6,4581.9,4584.55,80,
2024-07-16 10:04:00+05:30,4584.55,4584.55,4579.6,4580,1762,
2024-07-16 10:05:00+05:30,4580,4581.8,4580,4581.8,327,
2024-07-16 10:06:00+05:30,4581.8,4581.8,4581.15,4581.25,248,
2024-07-16 10:07:00+05:30,4581.25,4583.9,4581.25,4582,98,
2024-07-16 10:08:00+05:30,4582,4587.05,4582,4587.05,104,
2024-07-16 10:09:00+05:30,4587.05,4587.05,4585.05,4587,28,
2024-07-16 10:10:00+05:30,4587.4,4587.8,4587,4587.4,110,
2024-07-16 10:11:00+05:30,4587.8,4587.8,4584.55,4584.55,47,
2024-07-16 10:12:00+05:30,4584.55,4588,4584.55,4587.35,230,
2024-07-16 10:13:00+05:30,4587.35,4588.2,4585,4585,653,
2024-07-16 10:14:00+05:30,4585,4587.15,4580.45,4582.45,507,
2024-07-16 10:15:00+05:30,4582.45,4582.45,4580.95,4581.6,266,
2024-07-16 10:16:00+05:30,4581.6,4583.95,4581.35,4583.95,51,
2024-07-16 10:17:00+05:30,4583.95,4584.3,4581.6,4584.3,115,
2024-07-16 10:18:00+05:30,4584.3,4588.4,4584.3,4588.4,322,
2024-07-16 10:19:00+05:30,4588.4,4588.7,4586.35,4588.45,16,
2024-07-16 10:20:00+05:30,4588.45,4588.5,4585.55,4585.6,93,
2024-07-16 10:21:00+05:30,4585.6,4588.1,4585.2,4585.25,54,
2024-07-16 10:22:00+05:30,4585.25,4587.6,4583.3,4583.35,411,
2024-07-16 10:23:00+05:30,4583.35,4586,4583.35,4586,119,
2024-07-16 10:24:00+05:30,4586,4586,4584.6,4584.6,12,
2024-07-16 10:25:00+05:30,4584.6,4584.6,4581.3,4583,176,
2024-07-16 10:26:00+05:30,4583,4583,4575,4578.35,241,
2024-07-16 10:27:00+05:30,4578.35,4578.35,4578,4578,24,
2024-07-16 10:28:00+05:30,4578,4578,4576.95,4576.95,39,
2024-07-16 10:29:00+05:30,4576.95,4577,4576.8,4576.8,76,
2024-07-16 10:30:00+05:30,4576.9,4579.5,4576.8,4576.9,459,
2024-07-16 10:31:00+05:30,4576.9,4579.95,4576.9,4579.95,46,
2024-07-16 10:32:00+05:30,4579.95,4582.45,4579.95,4581.1,498,
2024-07-16 10:33:00+05:30,4581.1,4581.1,4580,4580.95,117,
2024-07-16 10:34:00+05:30,4580.95,4580.95,4578.45,4578.45,298,
2024-07-16 10:35:00+05:30,4578.45,4590,4578.45,4586.85,2325,
2024-07-16 10:36:00+05:30,4586.85,4586.9,4583.6,4585.45,461,
2024-07-16 10:37:00+05:30,4585.45,4585.45,4581.1,4581.6,108,
2024-07-16 10:38:00+05:30,4581.6,4583.45,4581.25,4583.4,81,
2024-07-16 10:39:00+05:30,4583.4,4583.4,4581,4581,30,
2024-07-16 10:40:00+05:30,4581,4589.85,4581,4586.75,501,
2024-07-16 10:41:00+05:30,4586.75,4589.9,4586.4,4589.9,332,
2024-07-16 10:42:00+05:30,4589.9,4589.9,4583.65,4587.05,698,
2024-07-16 10:43:00+05:30,4587.05,4588.2,4587.05,4588.1,239,
2024-07-16 10:44:00+05:30,4588.1,4589.2,4585.6,4588.45,265,
2024-07-16 10:45:00+05:30,4588.45,4588.45,4586.45,4588.35,187,
2024-07-16 10:46:00+05:30,4588.35,4588.35,4588.35,4588.35,11,
2024-07-16 10:47:00+05:30,4588.35,4589.55,4586.65,4588,69,
2024-07-16 10:48:00+05:30,4588,4591.25,4588,4590.5,291,
2024-07-16 10:49:00+05:30,4590.5,4591.2,4587.05,4589.25,283,
2024-07-16 10:50:00+05:30,4589.25,4590.75,4587.8,4590.75,186,
2024-07-16 10:51:00+05:30,4590.75,4590.75,4587.1,4587.1,349,
2024-07-16 10:52:00+05:30,4587.1,4587.1,4585.1,4587.1,7,
2024-07-16 10:53:00+05:30,4587.1,4588.3,4587.1,4588,148,
2024-07-16 10:54:00+05:30,4588,4589.4,4586.1,4587.7,253,
2024-07-16 10:55:00+05:30,4587.7,4587.7,4587,4587,157,
2024-07-16 10:56:00+05:30,4587,4587,4586,4586,24,
2024-07-16 10:57:00+05:30,4586,4586.9,4584,4584,290,
2024-07-16 10:58:00+05:30,4584,4585.35,4584,4584,10,
2024-07-16 10:59:00+05:30,4584,4586,4583.35,4583.4,443,
2024-07-16 11:00:00+05:30,4583.4,4585.45,4581.45,4583.35,27,
2024-07-16 11:01:00+05:30,4583.35,4583.35,4581,4581.9,49,
2024-07-16 11:02:00+05:30,4581.9,4583,4580.9,4581.05,100,
2024-07-16 11:03:00+05:30,4581.05,4583,4581.05,4582.95,173,
2024-07-16 11:04:00+05:30,4582.95,4585,4582.95,4584.95,169,
2024-07-16 11:05:00+05:30,4584.95,4584.95,4582.05,4584,308,
2024-07-16 11:06:00+05:30,4584,4584,4581.4,4583.35,12,
2024-07-16 11:07:00+05:30,4583.35,4583.35,4580,4580,257,
2024-07-16 11:08:00+05:30,4580,4581.8,4580,4581.75,168,
2024-07-16 11:09:00+05:30,4581.75,4581.75,4575.1,4575.1,1828,
2024-07-16 11:10:00+05:30,4575.15,4580.1,4575.15,4578.85,682,
2024-07-16 11:11:00+05:30,4578.85,4578.85,4577,4577.4,11,
2024-07-16 11:12:00+05:30,4577.4,4578.85,4575,4578.65,8521,
2024-07-16 11:13:00+05:30,4578.65,4578.65,4576,4577.7,72,
2024-07-16 11:14:00+05:30,4577.7,4577.7,4576.15,4577.55,27,
2024-07-16 11:15:00+05:30,4577.55,4577.55,4576,4577.05,37,
2024-07-16 11:16:00+05:30,4577.05,4577.05,4573.75,4576.05,81,
2024-07-16 11:17:00+05:30,4576.05,4576.15,4572.6,4574.7,70,
2024-07-16 11:18:00+05:30,4574.7,4576.65,4573.5,4575,305,
2024-07-16 11:19:00+05:30,4575,4575,4574.35,4575,19,
2024-07-16 11:20:00+05:30,4575,4577,4575,4577,70,
2024-07-16 11:21:00+05:30,4577,4577,4561.3,4564.2,1088,
2024-07-16 11:22:00+05:30,4564.2,4567.35,4562.95,4567.35,577,
2024-07-16 11:23:00+05:30,4567.35,4569.7,4566,4566,418,
2024-07-16 11:24:00+05:30,4568.3,4568.3,4566,4568,72,
2024-07-16 11:25:00+05:30,4568,4568,4567,4567,22,
2024-07-16 11:26:00+05:30,4567,4569.35,4566.5,4568.75,96,
2024-07-16 11:27:00+05:30,4568.75,4568.75,4567.1,4568.4,72,
2024-07-16 11:28:00+05:30,4568.4,4568.7,4567.1,4567.15,41,
2024-07-16 11:29:00+05:30,4568.7,4568.95,4567.1,4568.85,72,
2024-07-16 11:30:00+05:30,4568.9,4569.1,4567.1,4569.1,70,
2024-07-16 11:31:00+05:30,4569.1,4569.8,4567.65,4569,71,
2024-07-16 11:32:00+05:30,4569,4573.2,4568.2,4573.2,673,
2024-07-16 11:33:00+05:30,4573.2,4577.3,4573.2,4575.2,580,
2024-07-16 11:34:00+05:30,4575.2,4576.45,4568.2,4568.2,2324,
2024-07-16 11:35:00+05:30,4566.5,4574.2,4565,4567.65,10025,
2024-07-16 11:36:00+05:30,4570.2,4570.2,4570.2,4570.2,36,
2024-07-16 11:37:00+05:30,4570.2,4570.4,4570.2,4570.2,41,
2024-07-16 11:38:00+05:30,4572.45,4573.9,4570.9,4573.9,39,
2024-07-16 11:39:00+05:30,4574.05,4574.85,4571.6,4571.6,77,
2024-07-16 11:40:00+05:30,4573.4,4574,4570.6,4573.45,121,
2024-07-16 11:41:00+05:30,4574,4574,4572,4573.65,185,
2024-07-16 11:42:00+05:30,4573.5,4573.5,4570.2,4571.15,62,
2024-07-16 11:43:00+05:30,4571.15,4572.45,4570.2,4572.45,82,
2024-07-16 11:44:00+05:30,4572.45,4573.35,4570.2,4572.35,109,
2024-07-16 11:45:00+05:30,4572.35,4573.3,4570.2,4573.3,27,
2024-07-16 11:46:00+05:30,4573.3,4573.3,4570.2,4572.3,58,
2024-07-16 11:47:00+05:30,4572.3,4572.35,4570.2,4572.35,60,
2024-07-16 11:48:00+05:30,4572.35,4573.25,4570.25,4572.2,262,
2024-07-16 11:49:00+05:30,4572.2,4572.85,4572.2,4572.85,38,
2024-07-16 11:50:00+05:30,4572.85,4573.25,4570.2,4572.45,129,
2024-07-16 11:51:00+05:30,4572.65,4573.1,4570.5,4572.7,244,
2024-07-16 11:52:00+05:30,4572.7,4572.7,4565.45,4565.45,500,
2024-07-16 11:53:00+05:30,4566.95,4566.95,4560.05,4562.05,906,
2024-07-16 11:54:00+05:30,4564,4564,4564,4564,42,
2024-07-16 11:55:00+05:30,4564,4564,4562.6,4562.6,75,
2024-07-16 11:56:00+05:30,4564,4564,4562.6,4564,1087,
2024-07-16 11:57:00+05:30,4565,4565.95,4564,4565.2,143,
2024-07-16 11:58:00+05:30,4562,4563.25,4560.35,4562.95,509,
2024-07-16 11:59:00+05:30,4562.95,4562.95,4561.65,4562.95,60,
2024-07-16 12:00:00+05:30,4562.95,4565.95,4561.4,4565.95,142,
2024-07-16 12:01:00+05:30,4565.95,4568.4,4565.6,4567.5,89,
2024-07-16 12:02:00+05:30,4568.65,4569,4565.55,4569,95,
2024-07-16 12:03:00+05:30,4569,4569.75,4565.75,4568.65,152,
2024-07-16 12:04:00+05:30,4568.65,4569.95,4566.95,4569.45,579,
2024-07-16 12:05:00+05:30,4569.45,4569.5,4567,4569.2,131,
2024-07-16 12:06:00+05:30,4569.2,4569.3,4566.65,4568.85,211,
2024-07-16 12:07:00+05:30,4568.85,4569.95,4567.95,4569.95,290,
2024-07-16 12:08:00+05:30,4569.95,4569.95,4569.95,4569.95,40,
2024-07-16 12:09:00+05:30,4570,4571,4570,4570,106,
2024-07-16 12:10:00+05:30,4570.65,4570.65,4567.95,4568,267,
2024-07-16 12:11:00+05:30,4570.1,4570.1,4567.55,4569.9,101,
2024-07-16 12:12:00+05:30,4569.9,4570.4,4567.45,4570.4,150,
2024-07-16 12:13:00+05:30,4570.5,4571.25,4570,4571.25,96,
2024-07-16 12:14:00+05:30,4571.25,4572.9,4571.25,4572.75,67,
2024-07-16 12:15:00+05:30,4572.75,4572.75,4572.5,4572.5,90,
2024-07-16 12:16:00+05:30,4572.5,4572.5,4567.6,4567.6,42,
2024-07-16 12:17:00+05:30,4569.4,4569.5,4568.7,4568.7,44,
2024-07-16 12:18:00+05:30,4568.15,4568.15,4560.15,4562.45,340,
2024-07-16 12:19:00+05:30,4562.45,4565.65,4560.25,4565.35,423,
2024-07-16 12:20:00+05:30,4565.35,4567.15,4562.05,4566.5,221,
2024-07-16 12:21:00+05:30,4566.5,4566.5,4566.1,4566.5,41,
2024-07-16 12:22:00+05:30,4566.5,4568.65,4564.75,4566.35,262,
2024-07-16 12:23:00+05:30,4566.35,4567.45,4565.1,4567.45,42,
2024-07-16 12:24:00+05:30,4567.45,4568.35,4565.3,4568.35,47,
2024-07-16 12:25:00+05:30,4568.35,4569.95,4567,4567,103,
2024-07-16 12:26:00+05:30,4567,4568.65,4567,4568.65,36,
2024-07-16 12:27:00+05:30,4568.4,4568.4,4565.9,4566,175,
2024-07-16 12:28:00+05:30,4567.45,4568.3,4566.05,4568.3,37,
2024-07-16 12:29:00+05:30,4568.1,4568.1,4566,4568,58,
2024-07-16 12:30:00+05:30,4567.95,4567.95,4564.8,4566.2,116,
2024-07-16 12:31:00+05:30,4566.2,4567.1,4561.3,4563.2,235,
2024-07-16 12:32:00+05:30,4563.2,4565.15,4563.2,4565.15,144,
2024-07-16 12:33:00+05:30,4565.15,4565.2,4562,4562.45,271,
2024-07-16 12:34:00+05:30,4563.6,4563.7,4561.2,4563.7,111,
2024-07-16 12:35:00+05:30,4565.25,4565.95,4562,4563.1,162,
2024-07-16 12:36:00+05:30,4565,4565,4560.75,4563.8,223,
2024-07-16 12:37:00+05:30,4563.8,4564.35,4561.8,4563.6,122,
2024-07-16 12:38:00+05:30,4563.6,4563.6,4561,4561,216,
2024-07-16 12:39:00+05:30,4561.5,4562.75,4560,4560.95,545,
2024-07-16 12:40:00+05:30,4560.95,4561.75,4559.45,4561.65,339,
2024-07-16 12:41:00+05:30,4561.65,4561.65,4560,4560.75,335,
2024-07-16 12:42:00+05:30,4561.4,4565,4561.4,4565,526,
2024-07-16 12:43:00+05:30,4566.2,4567,4565.95,4566.95,243,
2024-07-16 12:44:00+05:30,4566.95,4568,4566.8,4566.9,320,
2024-07-16 12:45:00+05:30,4567.95,4567.95,4562.65,4564.4,170,
2024-07-16 12:46:00+05:30,4564.4,4565.95,4562,4562,155,
2024-07-16 12:47:00+05:30,4564.35,4564.9,4561.4,4564.9,362,
2024-07-16 12:48:00+05:30,4564.95,4570,4562,4570,313,
2024-07-16 12:49:00+05:30,4570.2,4570.6,4564.65,4566.55,146,
2024-07-16 12:50:00+05:30,4566.6,4568.25,4565.3,4568.1,174,
2024-07-16 12:51:00+05:30,4568.1,4569.95,4568.1,4569.95,217,
2024-07-16 12:52:00+05:30,4571.2,4572.2,4569.7,4572,81,
2024-07-16 12:53:00+05:30,4571.95,4572.2,4570,4570.1,278,
2024-07-16 12:54:00+05:30,4572.05,4572.1,4568.9,4571.7,264,
2024-07-16 12:55:00+05:30,4572.2,4573.5,4570.6,4573.5,243,
2024-07-16 12:56:00+05:30,4573.5,4573.5,4571.3,4571.3,155,
2024-07-16 12:57:00+05:30,4573.2,4573.4,4569.05,4569.05,143,
2024-07-16 12:58:00+05:30,4570.6,4572.45,4570.6,4570.6,93,
2024-07-16 12:59:00+05:30,4572.4,4572.4,4569.9,4569.9,81,
2024-07-16 13:00:00+05:30,4571.55,4571.55,4569.05,4570.2,323,
2024-07-16 13:01:00+05:30,4572.35,4573.5,4570.9,4572.75,285,
2024-07-16 13:02:00+05:30,4572.45,4573.5,4571.1,4571.5,128,
2024-07-16 13:03:00+05:30,4573.5,4579.95,4572.15,4576.6,843,
2024-07-16 13:04:00+05:30,4576.55,4578.2,4575.1,4577,160,
2024-07-16 13:05:00+05:30,4577,4577,4574.55,4575.7,259,
2024-07-16 13:06:00+05:30,4575.7,4580,4575.7,4577.45,487,
2024-07-16 13:07:00+05:30,4579.6,4579.75,4577.45,4578.05,142,
2024-07-16 13:08:00+05:30,4579.35,4579.35,4577.25,4578.2,194,
2024-07-16 13:09:00+05:30,4578.25,4578.25,4575.7,4576.4,166,
2024-07-16 13:10:00+05:30,4577.9,4582,4575.65,4577.95,660,
2024-07-16 13:11:00+05:30,4578.25,4578.25,4576.3,4576.55,147,
2024-07-16 13:12:00+05:30,4578.15,4580,4576.5,4576.85,328,
2024-07-16 13:13:00+05:30,4579.05,4580,4577.9,4577.9,162,
2024-07-16 13:14:00+05:30,4577.9,4583.95,4577.9,4581,736,
2024-07-16 13:15:00+05:30,4582.6,4582.85,4579.8,4580.9,298,
2024-07-16 13:16:00+05:30,4582.35,4582.35,4579.9,4581.5,90,
2024-07-16 13:17:00+05:30,4581.5,4581.5,4574.6,4578.7,345,
2024-07-16 13:18:00+05:30,4578.75,4579.1,4576.25,4576.8,499,
2024-07-16 13:19:00+05:30,4579.05,4579.05,4575,4575,169,
2024-07-16 13:20:00+05:30,4576.2,4576.2,4572.5,4575.75,353,
2024-07-16 13:21:00+05:30,4575.65,4575.65,4572.6,4572.9,444,
2024-07-16 13:22:00+05:30,4574.6,4574.6,4572.9,4573.7,153,
2024-07-16 13:23:00+05:30,4573.7,4574.95,4571.2,4572.9,150,
2024-07-16 13:24:00+05:30,4573.15,4573.7,4571.85,4572.35,171,
2024-07-16 13:25:00+05:30,4572.35,4572.35,4566.4,4571.1,527,
2024-07-16 13:26:00+05:30,4571.1,4572.4,4571.1,4572.35,195,
2024-07-16 13:27:00+05:30,4574.65,4574.65,4572.4,4574.2,279,
2024-07-16 13:28:00+05:30,4574.65,4575.9,4572.4,4574.6,185,
2024-07-16 13:29:00+05:30,4575.7,4575.85,4573.5,4573.5,189,
2024-07-16 13:30:00+05:30,4573.45,4573.45,4569.3,4571,328,
2024-07-16 13:31:00+05:30,4572.45,4574.95,4571,4574.95,72,
2024-07-16 13:32:00+05:30,4574.95,4574.95,4572.05,4573.65,287,
2024-07-16 13:33:00+05:30,4574.2,4574.2,4572.1,4573.65,134,
2024-07-16 13:34:00+05:30,4573.65,4574,4573.3,4573.3,205,
2024-07-16 13:35:00+05:30,4573.3,4573.3,4572.55,4573.25,128,
2024-07-16 13:36:00+05:30,4573.25,4575.1,4573.25,4573.25,219,
2024-07-16 13:37:00+05:30,4574.2,4574.2,4570.35,4574.1,642,
2024-07-16 13:38:00+05:30,4574.1,4574.1,4568.6,4568.6,175,
2024-07-16 13:39:00+05:30,4568.8,4571,4568.5,4568.5,144,
2024-07-16 13:40:00+05:30,4568.5,4568.7,4567.7,4567.7,143,
2024-07-16 13:41:00+05:30,4568.65,4568.65,4567.8,4567.8,195,
2024-07-16 13:42:00+05:30,4568.55,4569.25,4565.75,4569.25,245,
2024-07-16 13:43:00+05:30,4570.8,4572.35,4569.25,4572.35,177,
2024-07-16 13:44:00+05:30,4573.6,4573.6,4570.75,4571.5,281,
2024-07-16 13:45:00+05:30,4572.5,4572.5,4570.7,4570.7,104,
2024-07-16 13:46:00+05:30,4572.5,4573.35,4572.45,4572.7,218,
2024-07-16 13:47:00+05:30,4574.85,4574.85,4571.35,4572.5,178,
2024-07-16 13:48:00+05:30,4572.5,4572.5,4568.15,4570.25,296,
2024-07-16 13:49:00+05:30,4571.05,4571.05,4567.55,4568.45,133,
2024-07-16 13:50:00+05:30,4568.45,4569.8,4568.4,4569.8,84,
2024-07-16 13:51:00+05:30,4569.8,4569.8,4565.6,4568,138,
2024-07-16 13:52:00+05:30,4568.7,4569.4,4566.85,4569.4,357,
2024-07-16 13:53:00+05:30,4570,4570,4565.05,4567.5,746,
2024-07-16 13:54:00+05:30,4568.25,4568.25,4567.2,4567.2,124,
2024-07-16 13:55:00+05:30,4569.45,4569.45,4566.05,4568.95,220,
2024-07-16 13:56:00+05:30,4569.6,4569.95,4566,4566,171,
2024-07-16 13:57:00+05:30,4566.9,4567.15,4565.35,4566.9,353,
2024-07-16 13:58:00+05:30,4567,4567,4562.9,4564.35,336,
2024-07-16 13:59:00+05:30,4564.4,4564.4,4561.45,4564.15,232,
2024-07-16 14:00:00+05:30,4564.8,4564.8,4563,4563,404,
2024-07-16 14:01:00+05:30,4563,4563,4561,4561,305,
2024-07-16 14:02:00+05:30,4563,4564,4560.75,4564,365,
2024-07-16 14:03:00+05:30,4564,4565.5,4564,4565.5,303,
2024-07-16 14:04:00+05:30,4565.5,4565.5,4562.95,4563.6,149,
2024-07-16 14:05:00+05:30,4563.6,4563.85,4561.65,4563.8,224,
2024-07-16 14:06:00+05:30,4563.95,4566.75,4563.95,4565.4,187,
2024-07-16 14:07:00+05:30,4566.05,4566.2,4563.7,4565.3,433,
2024-07-16 14:08:00+05:30,4565.2,4565.2,4557.9,4562.85,686,
2024-07-16 14:09:00+05:30,4562.85,4562.85,4561,4562.4,221,
2024-07-16 14:10:00+05:30,4562.4,4563.55,4558.55,4562.45,634,
2024-07-16 14:11:00+05:30,4562.45,4563,4560,4563,164,
2024-07-16 14:12:00+05:30,4563,4563,4562.15,4562.15,51,
2024-07-16 14:13:00+05:30,4562.15,4565.9,4562.15,4565.9,233,
2024-07-16 14:14:00+05:30,4565.9,4568,4564.3,4567.95,286,
2024-07-16 14:15:00+05:30,4567.95,4572,4567,4569.05,299,
2024-07-16 14:16:00+05:30,4570,4570.95,4569.05,4570,311,
2024-07-16 14:17:00+05:30,4570.9,4571.75,4570,4571.5,274,
2024-07-16 14:18:00+05:30,4571.5,4571.9,4570.15,4570.15,250,
2024-07-16 14:19:00+05:30,4572.4,4573.55,4571.55,4573.3,51,
2024-07-16 14:20:00+05:30,4573.35,4575.1,4573.35,4575.1,292,
2024-07-16 14:21:00+05:30,4575.1,4577,4575.05,4577,262,
2024-07-16 14:22:00+05:30,4578.2,4579,4573.25,4575.8,455,
2024-07-16 14:23:00+05:30,4575.75,4575.75,4572.25,4573.4,300,
2024-07-16 14:24:00+05:30,4573.35,4577.05,4573.35,4577.05,448,
2024-07-16 14:25:00+05:30,4577.4,4583.7,4576.7,4583.5,3883,
2024-07-16 14:26:00+05:30,4583.5,4586,4581.35,4583.4,927,
2024-07-16 14:27:00+05:30,4583.5,4585,4582.05,4583.85,635,
2024-07-16 14:28:00+05:30,4583.85,4583.85,4577.9,4583.1,472,
2024-07-16 14:29:00+05:30,4583.2,4583.2,4579.4,4579.4,337,
2024-07-16 14:30:00+05:30,4581.4,4581.4,4576.55,4579.9,1325,
2024-07-16 14:31:00+05:30,4579.9,4579.9,4576.5,4578,137,
2024-07-16 14:32:00+05:30,4578,4578,4575,4576.4,432,
2024-07-16 14:33:00+05:30,4576.4,4578.3,4571.45,4573.9,501,
2024-07-16 14:34:00+05:30,4576.3,4577.55,4571.7,4573.7,188,
2024-07-16 14:35:00+05:30,4575.5,4577.55,4572.3,4577.55,443,
2024-07-16 14:36:00+05:30,4579.8,4580,4572.85,4572.85,5281,
2024-07-16 14:37:00+05:30,4574.95,4574.95,4571.3,4574.7,126,
2024-07-16 14:38:00+05:30,4573.7,4575,4571.45,4574.9,140,
2024-07-16 14:39:00+05:30,4574.9,4574.9,4571,4574.55,180,
2024-07-16 14:40:00+05:30,4574.55,4574.55,4572,4574.25,109,
2024-07-16 14:41:00+05:30,4574.25,4577.8,4573.8,4575.2,20719,
2024-07-16 14:42:00+05:30,4578.1,4580,4575,4578.15,1045,
2024-07-16 14:43:00+05:30,4579.75,4580,4575,4575.8,1860,
2024-07-16 14:44:00+05:30,4575.8,4577.7,4575.05,4575.05,785,
2024-07-16 14:45:00+05:30,4575.05,4576.2,4574,4575,80,
2024-07-16 14:46:00+05:30,4575,4575,4571.05,4572.9,295,
2024-07-16 14:47:00+05:30,4572.9,4574.75,4572.9,4574.1,234,
2024-07-16 14:48:00+05:30,4574.1,4575,4574.1,4574.95,274,
2024-07-16 14:49:00+05:30,4575,4575,4572.9,4572.9,231,
2024-07-16 14:50:00+05:30,4573.7,4575,4572.05,4575,360,
2024-07-16 14:51:00+05:30,4575,4575,4573.35,4575,448,
2024-07-16 14:52:00+05:30,4573.95,4575,4572.45,4574.55,388,
2024-07-16 14:53:00+05:30,4574.55,4574.85,4571.75,4574.85,446,
2024-07-16 14:54:00+05:30,4574.85,4575,4574,4575,315,
2024-07-16 14:55:00+05:30,4575,4575,4573.25,4573.25,543,
2024-07-16 14:56:00+05:30,4574.65,4575,4572.2,4573.55,355,
2024-07-16 14:57:00+05:30,4574.2,4574.9,4574,4574.35,265,
2024-07-16 14:58:00+05:30,4574.45,4574.5,4571.9,4574.5,315,
2024-07-16 14:59:00+05:30,4574.5,4574.5,4572.95,4574.2,229,
2024-07-16 15:00:00+05:30,4573.55,4577.45,4572.05,4575,2463,
2024-07-16 15:01:00+05:30,4575,4575,4574.95,4574.95,871,
2024-07-16 15:02:00+05:30,4574.95,4579.75,4574.95,4578.5,2169,
2024-07-16 15:03:00+05:30,4578.5,4579.65,4576.3,4576.65,934,
2024-07-16 15:04:00+05:30,4576.65,4582.3,4575,4580.95,1928,
2024-07-16 15:05:00+05:30,4580.95,4584.3,4580.05,4581.5,1263,
2024-07-16 15:06:00+05:30,4581.5,4582,4574.85,4578.65,855,
2024-07-16 15:07:00+05:30,4578.3,4578.65,4575,4578.1,900,
2024-07-16 15:08:00+05:30,4578.1,4578.1,4575.1,4576.45,1060,
2024-07-16 15:09:00+05:30,4576.5,4577.55,4573.05,4577.55,1787,
2024-07-16 15:10:00+05:30,4576.85,4577.55,4574.5,4574.9,1216,
2024-07-16 15:11:00+05:30,4575,4575.95,4569.4,4570.2,1003,
2024-07-16 15:12:00+05:30,4572.5,4572.8,4566.45,4571.8,1362,
2024-07-16 15:13:00+05:30,4571.8,4571.8,4569.65,4569.8,757,
2024-07-16 15:14:00+05:30,4569.8,4572.25,4560.4,4561.2,1607,
2024-07-16 15:15:00+05:30,4561.2,4570.4,4561.2,4568.45,1160,
2024-07-16 15:16:00+05:30,4568.45,4571.05,4568.45,4568.65,831,
2024-07-16 15:17:00+05:30,4569.35,4571.85,4567.85,4569.85,1993,
2024-07-16 15:18:00+05:30,4569.85,4572,4567.95,4568.35,1590,
2024-07-16 15:19:00+05:30,4569.25,4571.7,4568.9,4570.55,978,
2024-07-16 15:20:00+05:30,4566.75,4571.2,4566.55,4567.7,3108,
2024-07-16 15:21:00+05:30,4567.7,4570.3,4565,4568.35,2226,
2024-07-16 15:22:00+05:30,4568.35,4568.75,4564,4565.6,2391,
2024-07-16 15:23:00+05:30,4565.25,4565.6,4561.15,4564.6,1197,
2024-07-16 15:24:00+05:30,4564.6,4564.7,4559.5,4562.65,1370,
2024-07-16 15:25:00+05:30,4561.5,4564.9,4560,4562.9,1924,
2024-07-16 15:26:00+05:30,4562.95,4566,4562.7,4566,953,
2024-07-16 15:27:00+05:30,4566,4570.05,4564.2,4566.65,2361,
2024-07-16 15:28:00+05:30,4569.35,4570,4563.15,4566.85,709,
2024-07-16 15:29:00+05:30,4563.65,4570.3,4560,4570.3,686,
2024-07-18 09:15:00+05:30,4550,4569.85,4546.5,4546.5,2196,
2024-07-18 09:16:00+05:30,4550.65,4563.05,4548.5,4563,1023,
2024-07-18 09:17:00+05:30,4561.5,4564.95,4554.6,4554.6,853,
2024-07-18 09:18:00+05:30,4556.05,4562.55,4550.95,4558.95,1590,
2024-07-18 09:19:00+05:30,4560.45,4563.05,4557.8,4563.05,347,
2024-07-18 09:20:00+05:30,4564.45,4564.5,4558.9,4559.85,644,
2024-07-18 09:21:00+05:30,4559.85,4564.7,4556.9,4562.8,1717,
2024-07-18 09:22:00+05:30,4562.8,4565,4558.1,4558.5,629,
2024-07-18 09:23:00+05:30,4560,4567.1,4560,4564.75,376,
2024-07-18 09:24:00+05:30,4564.2,4568.95,4563.15,4567.5,299,
2024-07-18 09:25:00+05:30,4567.45,4569.95,4565.25,4566.95,497,
2024-07-18 09:26:00+05:30,4566.95,4569.1,4561.1,4561.2,755,
2024-07-18 09:27:00+05:30,4561.2,4569,4561.2,4563.9,1152,
2024-07-18 09:28:00+05:30,4566.55,4567.9,4563.8,4565.9,334,
2024-07-18 09:29:00+05:30,4565.9,4567.9,4560.1,4563.9,549,
2024-07-18 09:30:00+05:30,4563.85,4564.8,4557.65,4560.3,951,
2024-07-18 09:31:00+05:30,4560.05,4562,4559,4560.45,826,
2024-07-18 09:32:00+05:30,4559.55,4560,4547.45,4548.9,1200,
2024-07-18 09:33:00+05:30,4546.05,4548.55,4541,4541,1257,
2024-07-18 09:34:00+05:30,4543.2,4549.9,4543.05,4548.9,327,
2024-07-18 09:35:00+05:30,4548.9,4555,4545.75,4545.75,525,
2024-07-18 09:36:00+05:30,4546.1,4551.3,4545.55,4551.1,383,
2024-07-18 09:37:00+05:30,4551.4,4554.45,4549.6,4552.15,199,
2024-07-18 09:38:00+05:30,4550.7,4553.8,4548.65,4550.25,324,
2024-07-18 09:39:00+05:30,4550.9,4551.35,4546,4546,420,
2024-07-18 09:40:00+05:30,4547.7,4555,4547,4555,453,
2024-07-18 09:41:00+05:30,4555,4560,4550.55,4560,341,
2024-07-18 09:42:00+05:30,4559.7,4563.3,4557.45,4559.15,441,
2024-07-18 09:43:00+05:30,4557.45,4563.35,4557.45,4563,210,
2024-07-18 09:44:00+05:30,4562.05,4565,4560.05,4564.95,712,
2024-07-18 09:45:00+05:30,4564.95,4568.9,4562.15,4567.85,353,
2024-07-18 09:46:00+05:30,4567.85,4570.8,4565.35,4570.8,452,
2024-07-18 09:47:00+05:30,4570.15,4573.95,4568.65,4573.95,650,
2024-07-18 09:48:00+05:30,4574,4574.6,4568.65,4568.8,951,
2024-07-18 09:49:00+05:30,4568.8,4582.1,4568.8,4581.45,1091,
2024-07-18 09:50:00+05:30,4581.7,4583.2,4574.95,4578,1468,
2024-07-18 09:51:00+05:30,4577.3,4579.9,4574.1,4579.9,482,
2024-07-18 09:52:00+05:30,4579.85,4581.9,4576.05,4576.2,768,
2024-07-18 09:53:00+05:30,4576.2,4582.4,4576.2,4581,414,
2024-07-18 09:54:00+05:30,4580.05,4580.75,4576.25,4578.7,464,
2024-07-18 09:55:00+05:30,4577.7,4581,4575.95,4575.95,446,
2024-07-18 09:56:00+05:30,4575.6,4576,4571.5,4571.5,234,
2024-07-18 09:57:00+05:30,4571.5,4579.4,4570.1,4577.5,382,
2024-07-18 09:58:00+05:30,4577.95,4577.95,4574,4575.1,432,
2024-07-18 09:59:00+05:30,4575.05,4576.5,4570.5,4575.15,505,
2024-07-18 10:00:00+05:30,4575.15,4576.75,4572.35,4576.75,248,
2024-07-18 10:01:00+05:30,4576.75,4578.75,4573.85,4578.75,164,
2024-07-18 10:02:00+05:30,4577.7,4583,4577.7,4583,973,
2024-07-18 10:03:00+05:30,4582,4584.6,4576.65,4579.55,1092,
2024-07-18 10:04:00+05:30,4577.55,4580.95,4576.9,4579.35,382,
2024-07-18 10:05:00+05:30,4578.4,4583.95,4577.75,4580.1,1371,
2024-07-18 10:06:00+05:30,4580.1,4581.75,4580.1,4581.75,105,
2024-07-18 10:07:00+05:30,4581.75,4584.2,4581.75,4583.15,382,
2024-07-18 10:08:00+05:30,4583.15,4596,4582,4595.85,1376,
2024-07-18 10:09:00+05:30,4595.85,4597.3,4586.35,4586.35,3200,
2024-07-18 10:10:00+05:30,4588.1,4595,4587.85,4595,281,
2024-07-18 10:11:00+05:30,4594.9,4597.9,4591.55,4596,51167,
2024-07-18 10:12:00+05:30,4597.45,4599.95,4595.05,4597.6,1602,
2024-07-18 10:13:00+05:30,4597.6,4597.6,4588,4588,863,
2024-07-18 10:14:00+05:30,4588,4593.15,4585.7,4590.6,793,
2024-07-18 10:15:00+05:30,4590.6,4590.6,4585,4587.95,1553,
2024-07-18 10:16:00+05:30,4587.95,4587.95,4585,4587.2,125,
2024-07-18 10:17:00+05:30,4587.1,4587.9,4585,4585,3718,
2024-07-18 10:18:00+05:30,4585.05,4586.4,4582.6,4585.55,5607,
2024-07-18 10:19:00+05:30,4585.55,4585.7,4582.55,4585,85,
2024-07-18 10:20:00+05:30,4583.25,4586,4583.25,4585.45,260,
2024-07-18 10:21:00+05:30,4585.35,4585.35,4581.8,4584,556,
2024-07-18 10:22:00+05:30,4584,4585,4582.55,4585,198,
2024-07-18 10:23:00+05:30,4585,4586.5,4583.05,4585,85,
2024-07-18 10:24:00+05:30,4585,4587.75,4585,4586.75,135,
2024-07-18 10:25:00+05:30,4586.75,4588,4585.55,4586.45,93,
2024-07-18 10:26:00+05:30,4586.6,4587.35,4582.1,4582.1,163,
2024-07-18 10:27:00+05:30,4584.5,4585,4581.25,4585,199,
2024-07-18 10:28:00+05:30,4585,4587,4582.75,4585.35,84,
2024-07-18 10:29:00+05:30,4585.35,4586.05,4583.05,4585.85,100,
2024-07-18 10:30:00+05:30,4584.9,4585.8,4583.15,4585,126,
2024-07-18 10:31:00+05:30,4585,4587,4584.9,4585.4,101,
2024-07-18 10:32:00+05:30,4585.4,4587,4584.6,4587,72,
2024-07-18 10:33:00+05:30,4587,4587,4584.9,4586.05,162,
2024-07-18 10:34:00+05:30,4586.5,4588.5,4586.5,4587,253,
2024-07-18 10:35:00+05:30,4587,4588.5,4583,4587.75,231,
2024-07-18 10:36:00+05:30,4587.75,4588,4585,4586.95,170,
2024-07-18 10:37:00+05:30,4587,4587,4583.3,4585.8,155,
2024-07-18 10:38:00+05:30,4585.8,4587,4581.7,4587,238,
2024-07-18 10:39:00+05:30,4587,4587,4583.2,4585.8,190,
2024-07-18 10:40:00+05:30,4585.8,4587,4583.5,4586.6,138,
2024-07-18 10:41:00+05:30,4586.6,4587.9,4584,4586.7,366,
2024-07-18 10:42:00+05:30,4586.7,4587.3,4585,4587.3,61,
2024-07-18 10:43:00+05:30,4587.35,4588.5,4585,4588.5,190,
2024-07-18 10:44:00+05:30,4588.5,4588.5,4583.55,4583.85,259,
2024-07-18 10:45:00+05:30,4585,4587.5,4584.95,4587.5,107,
2024-07-18 10:46:00+05:30,4587.5,4588.5,4585,4586.25,120,
2024-07-18 10:47:00+05:30,4586.25,4586.6,4583.5,4585.5,108,
2024-07-18 10:48:00+05:30,4585.5,4586.95,4585,4585.5,90,
2024-07-18 10:49:00+05:30,4585.5,4586.15,4582.75,4584.2,247,
2024-07-18 10:50:00+05:30,4584.2,4587,4582.15,4585.95,191,
2024-07-18 10:51:00+05:30,4585.95,4586.7,4582.95,4586.1,78,
2024-07-18 10:52:00+05:30,4586.1,4587,4583,4585,129,
2024-07-18 10:53:00+05:30,4583.2,4585,4581.75,4582,104,
2024-07-18 10:54:00+05:30,4584,4584,4581.5,4581.5,95,
2024-07-18 10:55:00+05:30,4581.5,4581.5,4577.9,4578.9,422,
2024-07-18 10:56:00+05:30,4578.9,4578.9,4577,4577,81,
2024-07-18 10:57:00+05:30,4577.9,4583,4577.1,4579.25,645,
2024-07-18 10:58:00+05:30,4579.6,4580.7,4571.7,4573.7,687,
2024-07-18 10:59:00+05:30,4573.7,4573.7,4564.1,4565.15,514,
2024-07-18 11:00:00+05:30,4565.15,4568.1,4563,4563.85,186,
2024-07-18 11:01:00+05:30,4563.85,4565.35,4557.65,4565.35,669,
2024-07-18 11:02:00+05:30,4565.35,4567.15,4562.2,4565.25,138,
2024-07-18 11:03:00+05:30,4565.25,4567,4562.85,4563.85,152,
2024-07-18 11:04:00+05:30,4563.85,4566.05,4562.05,4562.45,136,
2024-07-18 11:05:00+05:30,4562.45,4566.3,4562.2,4563.55,95,
2024-07-18 11:06:00+05:30,4563.55,4566,4562.7,4563.95,339,
2024-07-18 11:07:00+05:30,4563.95,4569.25,4563.15,4569.25,170,
2024-07-18 11:08:00+05:30,4566.5,4570,4565.35,4569.6,157,
2024-07-18 11:09:00+05:30,4569.6,4570,4565.65,4566.3,164,
2024-07-18 11:10:00+05:30,4566.35,4569,4566.35,4567.55,219,
2024-07-18 11:11:00+05:30,4567.55,4568.9,4563.05,4563.25,393,
2024-07-18 11:12:00+05:30,4563.65,4565.6,4558.5,4559.9,1026,
2024-07-18 11:13:00+05:30,4560,4562.85,4556.6,4556.6,794,
2024-07-18 11:14:00+05:30,4559.45,4560.75,4556.55,4559.75,1203,
2024-07-18 11:15:00+05:30,4559.45,4562.75,4557.05,4560,378,
2024-07-18 11:16:00+05:30,4560,4565.2,4560,4562.6,134,
2024-07-18 11:17:00+05:30,4563.35,4563.95,4558.3,4558.3,2065,
2024-07-18 11:18:00+05:30,4558.3,4558.4,4550.1,4551.3,2036,
2024-07-18 11:19:00+05:30,4551.3,4551.9,4543.85,4545.05,1154,
2024-07-18 11:20:00+05:30,4545.05,4550.35,4545.05,4549.7,237,
2024-07-18 11:21:00+05:30,4549.7,4552.55,4547.55,4551.7,319,
2024-07-18 11:22:00+05:30,4551.7,4552.95,4550.05,4550.15,213,
2024-07-18 11:23:00+05:30,4550.2,4555,4549.7,4550.7,227,
2024-07-18 11:24:00+05:30,4550.7,4555.25,4550.55,4553.25,192,
2024-07-18 11:25:00+05:30,4553.8,4557.6,4553.25,4553.95,359,
2024-07-18 11:26:00+05:30,4553.95,4556.45,4550.95,4554.25,449,
2024-07-18 11:27:00+05:30,4551.9,4555,4548.3,4548.7,433,
2024-07-18 11:28:00+05:30,4548.4,4552.35,4548,4551.95,454,
2024-07-18 11:29:00+05:30,4551.95,4553.25,4549.45,4552.3,141,
2024-07-18 11:30:00+05:30,4552.3,4552.3,4546.85,4549.5,374,
2024-07-18 11:31:00+05:30,4548.9,4551,4547.45,4551,132,
2024-07-18 11:32:00+05:30,4551,4551,4547.6,4548.55,274,
2024-07-18 11:33:00+05:30,4548.55,4551,4541.1,4541.4,549,
2024-07-18 11:34:00+05:30,4538,4538.8,4533.05,4537.5,1236,
2024-07-18 11:35:00+05:30,4535.4,4539.3,4534.9,4537.95,604,
2024-07-18 11:36:00+05:30,4538,4539.6,4534.15,4537.25,229,
2024-07-18 11:37:00+05:30,4537.25,4541.35,4535,4535,705,
2024-07-18 11:38:00+05:30,4535,4544.55,4534.3,4540,386,
2024-07-18 11:39:00+05:30,4540.7,4543.75,4539.25,4540.75,287,
2024-07-18 11:40:00+05:30,4538,4543.75,4537.55,4541.3,501,
2024-07-18 11:41:00+05:30,4541.3,4543.55,4537.95,4538.35,220,
2024-07-18 11:42:00+05:30,4538.35,4543,4538.35,4542,194,
2024-07-18 11:43:00+05:30,4541.95,4542.3,4537.2,4540,196,
2024-07-18 11:44:00+05:30,4541.15,4541.45,4537.85,4539.05,414,
2024-07-18 11:45:00+05:30,4539.05,4542.3,4538.3,4541.2,159,
2024-07-18 11:46:00+05:30,4541.2,4543,4541.1,4542.45,170,
2024-07-18 11:47:00+05:30,4542.45,4543.55,4540,4543.55,183,
2024-07-18 11:48:00+05:30,4543.55,4546.5,4543.5,4546.25,202,
2024-07-18 11:49:00+05:30,4546.25,4549.95,4545.05,4547.6,397,
2024-07-18 11:50:00+05:30,4547.6,4553.85,4547.6,4553.7,245,
2024-07-18 11:51:00+05:30,4553.7,4554,4544.9,4544.9,908,
2024-07-18 11:52:00+05:30,4544.9,4549,4544.9,4548.85,216,
2024-07-18 11:53:00+05:30,4548.85,4553.15,4546.65,4546.8,10279,
2024-07-18 11:54:00+05:30,4546.8,4549,4544.95,4546.6,2356,
2024-07-18 11:55:00+05:30,4546.9,4548.7,4546.9,4548.7,397,
2024-07-18 11:56:00+05:30,4548.7,4548.7,4546.95,4546.95,255,
2024-07-18 11:57:00+05:30,4546.95,4549,4546.95,4547.65,290,
2024-07-18 11:58:00+05:30,4547.65,4548.55,4546.9,4546.9,181,
2024-07-18 11:59:00+05:30,4546.9,4548.4,4546,4547,171,
2024-07-18 12:00:00+05:30,4548,4555.5,4547.4,4554,373,
2024-07-18 12:01:00+05:30,4554,4555.85,4553.1,4553.15,237,
2024-07-18 12:02:00+05:30,4553.15,4555.45,4548.75,4548.8,284,
2024-07-18 12:03:00+05:30,4550.55,4552.5,4547.05,4550.6,220,
2024-07-18 12:04:00+05:30,4550.9,4554.8,4550.9,4550.95,197,
2024-07-18 12:05:00+05:30,4550.95,4554.45,4550.95,4551.75,139,
2024-07-18 12:06:00+05:30,4551.75,4554.75,4551.75,4553.95,129,
2024-07-18 12:07:00+05:30,4553.95,4557.45,4553.95,4554.95,204,
2024-07-18 12:08:00+05:30,4554.5,4558,4554.45,4555,297,
2024-07-18 12:09:00+05:30,4555.05,4558.7,4555.05,4558.55,122,
2024-07-18 12:10:00+05:30,4558.55,4559,4553.95,4554,537,
2024-07-18 12:11:00+05:30,4554,4555.6,4553.95,4554.85,105,
2024-07-18 12:12:00+05:30,4554.95,4562.7,4553.95,4562.5,1674,
2024-07-18 12:13:00+05:30,4563.25,4564.4,4559.75,4561.2,988,
2024-07-18 12:14:00+05:30,4563.45,4563.45,4555.35,4559.95,883,
2024-07-18 12:15:00+05:30,4557.65,4561.15,4553.95,4555,886,
2024-07-18 12:16:00+05:30,4555,4561.9,4555,4559.85,779,
2024-07-18 12:17:00+05:30,4560.75,4563.5,4555.85,4558.95,638,
2024-07-18 12:18:00+05:30,4558.5,4560.6,4554.25,4554.3,619,
2024-07-18 12:19:00+05:30,4554.3,4556.65,4554.05,4554.95,364,
2024-07-18 12:20:00+05:30,4554.05,4555,4554.05,4554.7,117,
2024-07-18 12:21:00+05:30,4554.7,4555.05,4554.7,4555,198,
2024-07-18 12:22:00+05:30,4554.75,4556.65,4554.75,4554.95,412,
2024-07-18 12:23:00+05:30,4554.95,4556.6,4553.95,4553.95,244,
2024-07-18 12:24:00+05:30,4553.55,4555,4550.2,4551.4,768,
2024-07-18 12:25:00+05:30,4551.3,4554.2,4540.9,4544.45,1386,
2024-07-18 12:26:00+05:30,4544.5,4546.85,4537.2,4541.5,1632,
2024-07-18 12:27:00+05:30,4541.6,4544.95,4537.1,4538.5,2024,
2024-07-18 12:28:00+05:30,4538.1,4538.4,4525.7,4533.85,3350,
2024-07-18 12:29:00+05:30,4533.85,4537.4,4530.25,4532.8,418,
2024-07-18 12:30:00+05:30,4532.8,4535.95,4521.05,4525.9,3514,
2024-07-18 12:31:00+05:30,4525.95,4529.55,4515.75,4528.55,3437,
2024-07-18 12:32:00+05:30,4528.05,4539.8,4520.45,4525,8143,
2024-07-18 12:33:00+05:30,4524.55,4531.95,4518.3,4530.15,1012,
2024-07-18 12:34:00+05:30,4530.15,4549.7,4530.15,4549.7,1396,
2024-07-18 12:35:00+05:30,4550,4552.35,4546.15,4546.15,755,
2024-07-18 12:36:00+05:30,4546.15,4551,4546.15,4550.75,236,
2024-07-18 12:37:00+05:30,4549,4553.9,4547,4549.5,397,
2024-07-18 12:38:00+05:30,4547.65,4551.75,4547.1,4549.4,184,
2024-07-18 12:39:00+05:30,4549.4,4551.7,4546,4548,186,
2024-07-18 12:40:00+05:30,4548,4549.4,4547.35,4549.4,128,
2024-07-18 12:41:00+05:30,4549,4549.4,4543.5,4546.8,253,
2024-07-18 12:42:00+05:30,4545.35,4547.35,4541.7,4545,440,
2024-07-18 12:43:00+05:30,4545,4548.2,4545,4548.2,114,
2024-07-18 12:44:00+05:30,4548.2,4548.2,4540,4542.9,966,
2024-07-18 12:45:00+05:30,4542.75,4543.55,4536.7,4539.45,356,
2024-07-18 12:46:00+05:30,4537.35,4539.05,4537.15,4537.7,161,
2024-07-18 12:47:00+05:30,4537.7,4540.45,4531.9,4532.8,898,
2024-07-18 12:48:00+05:30,4532.2,4536.2,4530.5,4536.15,859,
2024-07-18 12:49:00+05:30,4534.55,4540.7,4534.55,4539.8,613,
2024-07-18 12:50:00+05:30,4538.35,4539.8,4538.35,4539.8,173,
2024-07-18 12:51:00+05:30,4539.55,4543.85,4539.55,4542.25,150,
2024-07-18 12:52:00+05:30,4542.5,4544.65,4540,4541.8,323,
2024-07-18 12:53:00+05:30,4541.8,4544.8,4540.7,4542,267,
2024-07-18 12:54:00+05:30,4542,4543,4540,4541.6,286,
2024-07-18 12:55:00+05:30,4541.8,4542.75,4539.55,4541.1,270,
2024-07-18 12:56:00+05:30,4539.35,4543,4539.35,4542.15,137,
2024-07-18 12:57:00+05:30,4540.45,4542.85,4540,4541.4,240,
2024-07-18 12:58:00+05:30,4541.35,4542.6,4538.95,4538.95,269,
2024-07-18 12:59:00+05:30,4538.1,4541.3,4538,4539.3,177,
2024-07-18 13:00:00+05:30,4538.9,4542.85,4538.6,4540,223,
2024-07-18 13:01:00+05:30,4539.9,4540,4539.45,4539.9,269,
2024-07-18 13:02:00+05:30,4539.5,4544.9,4538,4544.05,320,
2024-07-18 13:03:00+05:30,4544.05,4547.9,4542.8,4547.9,683,
2024-07-18 13:04:00+05:30,4547.35,4548.15,4542.5,4545.3,341,
2024-07-18 13:05:00+05:30,4545.3,4548.6,4544.4,4546.6,362,
2024-07-18 13:06:00+05:30,4545.2,4547.75,4542.8,4546.6,219,
2024-07-18 13:07:00+05:30,4546.6,4547.9,4546.6,4546.9,282,
2024-07-18 13:08:00+05:30,4546.9,4548.35,4546.9,4548.35,199,
2024-07-18 13:09:00+05:30,4547.45,4547.9,4542.05,4547.85,650,
2024-07-18 13:10:00+05:30,4547.85,4553.2,4546.45,4550.75,1046,
2024-07-18 13:11:00+05:30,4552.1,4556.55,4550,4553.9,5482,
2024-07-18 13:12:00+05:30,4553.75,4553.75,4549.85,4550,2448,
2024-07-18 13:13:00+05:30,4549.85,4553.4,4547.95,4550.05,1546,
2024-07-18 13:14:00+05:30,4552.75,4552.75,4549.95,4551.95,849,
2024-07-18 13:15:00+05:30,4551.5,4552.85,4549.85,4549.85,2451,
2024-07-18 13:16:00+05:30,4549.85,4553.65,4547.7,4550.95,1348,
2024-07-18 13:17:00+05:30,4548.9,4551.2,4547.9,4550.15,378,
2024-07-18 13:18:00+05:30,4549.4,4551,4548.25,4548.45,135,
2024-07-18 13:19:00+05:30,4548.35,4551.35,4545.45,4550.4,950,
2024-07-18 13:20:00+05:30,4549.85,4552.75,4549.85,4552.3,1243,
2024-07-18 13:21:00+05:30,4552.3,4552.3,4549.85,4550.9,461,
2024-07-18 13:22:00+05:30,4549.9,4551.95,4549.8,4550.1,247,
2024-07-18 13:23:00+05:30,4550.1,4552.2,4549.9,4551.7,399,
2024-07-18 13:24:00+05:30,4549.9,4551.75,4547.3,4550.35,276,
2024-07-18 13:25:00+05:30,4549.6,4551.35,4549.1,4551.25,275,
2024-07-18 13:26:00+05:30,4549.95,4551.75,4549.75,4549.75,163,
2024-07-18 13:27:00+05:30,4549.75,4551.75,4549.6,4551.75,226,
2024-07-18 13:28:00+05:30,4550,4554.5,4549.95,4550,4694,
2024-07-18 13:29:00+05:30,4550,4554.25,4549.95,4552.15,3762,
2024-07-18 13:30:00+05:30,4549.95,4554.4,4549.95,4551.2,3955,
2024-07-18 13:31:00+05:30,4549.95,4553.5,4549.95,4551.7,1892,
2024-07-18 13:32:00+05:30,4551.75,4552.5,4548.75,4551.65,1608,
2024-07-18 13:33:00+05:30,4550.15,4552.45,4549.9,4549.9,1488,
2024-07-18 13:34:00+05:30,4550,4551.75,4549.9,4551.75,1320,
2024-07-18 13:35:00+05:30,4551.7,4552.6,4549.95,4550.95,1708,
2024-07-18 13:36:00+05:30,4551.45,4552.95,4549.95,4551,1278,
2024-07-18 13:37:00+05:30,4549.95,4556,4549.9,4556,4404,
2024-07-18 13:38:00+05:30,4556,4563.5,4554.35,4559.9,2016,
2024-07-18 13:39:00+05:30,4559.9,4562.9,4557.8,4560.5,710,
2024-07-18 13:40:00+05:30,4560.4,4560.75,4555.6,4557.4,620,
2024-07-18 13:41:00+05:30,4556.2,4559.4,4551.75,4553.3,964,
2024-07-18 13:42:00+05:30,4553.3,4556.05,4550.45,4554.85,348,
2024-07-18 13:43:00+05:30,4554.95,4559.1,4554.95,4555.45,426,
2024-07-18 13:44:00+05:30,4555.45,4557.4,4551.4,4551.4,251,
2024-07-18 13:45:00+05:30,4551.1,4555.9,4551.1,4553.8,363,
2024-07-18 13:46:00+05:30,4552.95,4557.9,4551.25,4552.75,369,
2024-07-18 13:47:00+05:30,4552.15,4555.7,4551.9,4554.55,338,
2024-07-18 13:48:00+05:30,4552.4,4558.15,4552.4,4556.2,428,
2024-07-18 13:49:00+05:30,4556.2,4559.8,4556.2,4557.55,432,
2024-07-18 13:50:00+05:30,4557.55,4559.55,4555.6,4555.6,345,
2024-07-18 13:51:00+05:30,4555.65,4557.95,4553.35,4555.35,911,
2024-07-18 13:52:00+05:30,4554.35,4566.95,4554.35,4564.2,2374,
2024-07-18 13:53:00+05:30,4564.2,4564.85,4561.05,4564.25,390,
2024-07-18 13:54:00+05:30,4561.85,4564.9,4560.05,4563.05,309,
2024-07-18 13:55:00+05:30,4563.05,4564.5,4560.05,4561.75,580,
2024-07-18 13:56:00+05:30,4560.6,4563.8,4560.05,4560.3,401,
2024-07-18 13:57:00+05:30,4560.3,4563,4558.9,4560,392,
2024-07-18 13:58:00+05:30,4560.6,4567,4560,4564.85,810,
2024-07-18 13:59:00+05:30,4564.85,4564.85,4558.4,4558.55,386,
2024-07-18 14:00:00+05:30,4558.55,4563.75,4558.55,4563.7,332,
2024-07-18 14:01:00+05:30,4562.75,4565.35,4561.7,4562.55,676,
2024-07-18 14:02:00+05:30,4562.5,4577.75,4562.5,4574.95,3002,
2024-07-18 14:03:00+05:30,4574.95,4579,4571.15,4574.75,1291,
2024-07-18 14:04:00+05:30,4572.6,4578.9,4572.6,4577,687,
2024-07-18 14:05:00+05:30,4576.3,4583,4575.65,4580.05,1792,
2024-07-18 14:06:00+05:30,4580.05,4581.95,4579.25,4579.45,463,
2024-07-18 14:07:00+05:30,4579.65,4585.9,4579.25,4582.15,1026,
2024-07-18 14:08:00+05:30,4582.15,4583.75,4580,4582.6,437,
2024-07-18 14:09:00+05:30,4582.6,4584.8,4580,4580,613,
2024-07-18 14:10:00+05:30,4580,4583.9,4580,4583.75,474,
2024-07-18 14:11:00+05:30,4583,4583.75,4580,4582.9,400,
2024-07-18 14:12:00+05:30,4582.8,4583.9,4580,4582.3,509,
2024-07-18 14:13:00+05:30,4583.7,4588.5,4582.2,4588.45,1563,
2024-07-18 14:14:00+05:30,4588.35,4588.5,4583.65,4584.5,585,
2024-07-18 14:15:00+05:30,4585.3,4589.9,4584.35,4589.25,1980,
2024-07-18 14:16:00+05:30,4589.25,4590,4587.4,4587.4,836,
2024-07-18 14:17:00+05:30,4587.4,4590,4586.5,4588.3,751,
2024-07-18 14:18:00+05:30,4588.3,4589.9,4584.85,4587.05,1223,
2024-07-18 14:19:00+05:30,4587.1,4589.9,4586.15,4587.1,853,
2024-07-18 14:20:00+05:30,4587.1,4587.8,4583.75,4583.85,645,
2024-07-18 14:21:00+05:30,4583.85,4587.75,4580.75,4582.55,671,
2024-07-18 14:22:00+05:30,4583.7,4586.95,4580.75,4586.95,799,
2024-07-18 14:23:00+05:30,4584.6,4593.5,4584.45,4590.1,4004,
2024-07-18 14:24:00+05:30,4590.4,4592.4,4590,4590.55,1433,
2024-07-18 14:25:00+05:30,4590.55,4595.45,4590.25,4592.75,1477,
2024-07-18 14:26:00+05:30,4592.75,4595.6,4590.3,4592.85,942,
2024-07-18 14:27:00+05:30,4593.05,4598,4592.6,4595.45,1166,
2024-07-18 14:28:00+05:30,4595.45,4598.6,4595,4598.3,853,
2024-07-18 14:29:00+05:30,4596.35,4596.75,4590.3,4592.65,1006,
2024-07-18 14:30:00+05:30,4592.25,4596.65,4590,4593.85,716,
2024-07-18 14:31:00+05:30,4593.85,4594.4,4590,4590,353,
2024-07-18 14:32:00+05:30,4590,4592.65,4590,4590.7,437,
2024-07-18 14:33:00+05:30,4590.8,4596.6,4590,4590.65,1368,
2024-07-18 14:34:00+05:30,4590.65,4599,4590.05,4593.75,3164,
2024-07-18 14:35:00+05:30,4593.75,4595.2,4590,4594.1,1460,
2024-07-18 14:36:00+05:30,4591.55,4593.8,4590,4593.5,523,
2024-07-18 14:37:00+05:30,4593.5,4593.9,4590,4590,373,
2024-07-18 14:38:00+05:30,4590,4593.15,4590,4590,507,
2024-07-18 14:39:00+05:30,4590,4593.65,4590,4591.7,414,
2024-07-18 14:40:00+05:30,4590,4592.2,4590,4592.2,395,
2024-07-18 14:41:00+05:30,4593.3,4594.35,4586.9,4593.95,3104,
2024-07-18 14:42:00+05:30,4594,4596.9,4593.5,4596.75,1619,
2024-07-18 14:43:00+05:30,4594.2,4598.85,4592.85,4597,1311,
2024-07-18 14:44:00+05:30,4596.1,4598.95,4592.95,4597.75,1127,
2024-07-18 14:45:00+05:30,4595.15,4598.65,4593,4598.6,956,
2024-07-18 14:46:00+05:30,4595.85,4598.9,4591.35,4593.2,1269,
2024-07-18 14:47:00+05:30,4593.2,4596.15,4590.7,4590.7,518,
2024-07-18 14:48:00+05:30,4590.65,4599.65,4590.35,4597.3,2101,
2024-07-18 14:49:00+05:30,4597.3,4601.9,4595,4600.7,2669,
2024-07-18 14:50:00+05:30,4597.95,4603.1,4595.4,4600,2041,
2024-07-18 14:51:00+05:30,4599.95,4600,4590.8,4594.25,2180,
2024-07-18 14:52:00+05:30,4592.4,4595,4592.4,4592.6,898,
2024-07-18 14:53:00+05:30,4593.6,4595,4593.3,4594.2,45,
2024-07-18 14:54:00+05:30,4594.2,4594.2,4590,4590.05,890,
2024-07-18 14:55:00+05:30,4590,4594.6,4590,4591.6,544,
2024-07-18 14:56:00+05:30,4590.05,4594.75,4590,4593.9,1148,
2024-07-18 14:57:00+05:30,4590.65,4595,4590,4592.65,1201,
2024-07-18 14:58:00+05:30,4592.75,4593.85,4590,4591.4,466,
2024-07-18 14:59:00+05:30,4591.4,4594.45,4590,4594.45,306,
2024-07-18 15:00:00+05:30,4594.45,4599.85,4589.9,4590.05,17532,
2024-07-18 15:01:00+05:30,4590,4593.7,4589.15,4589.7,8200,
2024-07-18 15:02:00+05:30,4589,4592.05,4586.3,4589.5,1837,
2024-07-18 15:03:00+05:30,4588.4,4591.4,4585.05,4587.5,1657,
2024-07-18 15:04:00+05:30,4587.5,4590.85,4584.35,4586.25,3782,
2024-07-18 15:05:00+05:30,4586.25,4587,4582.4,4584.7,2455,
2024-07-18 15:06:00+05:30,4584.65,4586.55,4581.8,4585.8,1665,
2024-07-18 15:07:00+05:30,4585.6,4587.85,4583.15,4585.3,2233,
2024-07-18 15:08:00+05:30,4586.95,4587.8,4581.65,4585.15,1998,
2024-07-18 15:09:00+05:30,4585.15,4585.15,4575.3,4575.35,9392,
2024-07-18 15:10:00+05:30,4574.8,4577.75,4574.25,4577.25,7747,
2024-07-18 15:11:00+05:30,4575.5,4581.75,4573.75,4581.75,11920,
2024-07-18 15:12:00+05:30,4581.65,4581.7,4576.5,4580.85,1373,
2024-07-18 15:13:00+05:30,4580.85,4583.55,4578.4,4581.2,1626,
2024-07-18 15:14:00+05:30,4581.55,4587.05,4581.1,4585.6,2780,
2024-07-18 15:15:00+05:30,4586.85,4586.85,4583.9,4584,1398,
2024-07-18 15:16:00+05:30,4585.8,4585.8,4582.2,4585.3,1805,
2024-07-18 15:17:00+05:30,4582.5,4587.25,4582,4585.9,2498,
2024-07-18 15:18:00+05:30,4584.9,4587.4,4579.6,4582.9,3036,
2024-07-18 15:19:00+05:30,4582,4585.9,4582,4585.9,1631,
2024-07-18 15:20:00+05:30,4584.45,4590,4583.05,4585.1,4017,
2024-07-18 15:21:00+05:30,4585.15,4589.6,4584.7,4584.8,1752,
2024-07-18 15:22:00+05:30,4584.9,4589.7,4584.5,4587.35,1378,
2024-07-18 15:23:00+05:30,4587.35,4587.35,4586.3,4586.5,838,
2024-07-18 15:24:00+05:30,4586.4,4586.65,4582.9,4584.95,1683,
2024-07-18 15:25:00+05:30,4585,4586,4581.85,4586,1226,
2024-07-18 15:26:00+05:30,4583.4,4587,4582.8,4584.5,1752,
2024-07-18 15:27:00+05:30,4584.45,4585.95,4577,4583.85,1257,
2024-07-18 15:28:00+05:30,4581.2,4587.05,4581.15,4584.15,1387,
2024-07-18 15:29:00+05:30,4583.7,4588.95,4583.7,4588,509,
2024-07-19 09:15:00+05:30,4580,4587.25,4563.25,4563.25,1534,
2024-07-19 09:16:00+05:30,4567.7,4567.7,4561.7,4562.25,562,
2024-07-19 09:17:00+05:30,4566.55,4572,4562,4563.05,284,
2024-07-19 09:18:00+05:30,4563,4567.2,4562.5,4562.5,657,
2024-07-19 09:19:00+05:30,4562.5,4565.9,4560.75,4563.85,732,
2024-07-19 09:20:00+05:30,4563.85,4565.25,4560.05,4560.05,375,
2024-07-19 09:21:00+05:30,4560,4564.55,4557.45,4561.35,2321,
2024-07-19 09:22:00+05:30,4561.35,4561.35,4555,4555,318,
2024-07-19 09:23:00+05:30,4555,4560.9,4554.25,4560.5,173,
2024-07-19 09:24:00+05:30,4563,4568.75,4557.8,4557.8,906,
2024-07-19 09:25:00+05:30,4560.95,4562.15,4556.25,4556.25,187,
2024-07-19 09:26:00+05:30,4556.3,4559.5,4552.55,4555,426,
2024-07-19 09:27:00+05:30,4556.6,4556.95,4553.25,4553.8,298,
2024-07-19 09:28:00+05:30,4553.8,4557,4552.1,4554.9,187,
2024-07-19 09:29:00+05:30,4556.95,4559.35,4554.9,4556.9,152,
2024-07-19 09:30:00+05:30,4556.9,4559.8,4556,4557.75,109,
2024-07-19 09:31:00+05:30,4556.05,4559.65,4552.65,4557.05,497,
2024-07-19 09:32:00+05:30,4557.05,4564,4557.05,4558.95,759,
2024-07-19 09:33:00+05:30,4559.8,4562.6,4556.7,4560,550,
2024-07-19 09:34:00+05:30,4560,4562.2,4557,4559.1,696,
2024-07-19 09:35:00+05:30,4559.1,4559.75,4556.4,4558.15,172,
2024-07-19 09:36:00+05:30,4560,4561.85,4560,4560.1,180,
2024-07-19 09:37:00+05:30,4560.1,4561.15,4556.3,4556.45,860,
2024-07-19 09:38:00+05:30,4556.45,4561.2,4556.45,4556.7,113,
2024-07-19 09:39:00+05:30,4556.7,4559.85,4552.5,4553.15,2182,
2024-07-19 09:40:00+05:30,4552.55,4555,4550,4550,1382,
2024-07-19 09:41:00+05:30,4548.55,4554.95,4548.05,4552.65,3991,
2024-07-19 09:42:00+05:30,4552.65,4555,4552.65,4554.95,255,
2024-07-19 09:43:00+05:30,4552.65,4552.65,4550,4550.25,217,
2024-07-19 09:44:00+05:30,4550.2,4554.4,4550.2,4551,590,
2024-07-19 09:45:00+05:30,4551,4553.5,4545,4545.85,1795,
2024-07-19 09:46:00+05:30,4549.4,4549.95,4545.95,4549.9,214,
2024-07-19 09:47:00+05:30,4549.9,4550,4546.45,4548.3,111,
2024-07-19 09:48:00+05:30,4548.3,4550,4546.05,4550,203,
2024-07-19 09:49:00+05:30,4551.45,4555,4550,4550,535,
2024-07-19 09:50:00+05:30,4551.05,4552.2,4546,4551.4,199,
2024-07-19 09:51:00+05:30,4550,4552.3,4549,4550.2,127,
2024-07-19 09:52:00+05:30,4551.7,4553.85,4550,4551.75,223,
2024-07-19 09:53:00+05:30,4550,4554.95,4550,4554.75,131,
2024-07-19 09:54:00+05:30,4553.45,4554.95,4549,4553.85,436,
2024-07-19 09:55:00+05:30,4554.95,4554.95,4552.05,4552.6,126,
2024-07-19 09:56:00+05:30,4552.6,4554.95,4550.35,4553.55,759,
2024-07-19 09:57:00+05:30,4551.65,4553.9,4550,4550.9,135,
2024-07-19 09:58:00+05:30,4550.9,4552.85,4548.2,4549.85,255,
2024-07-19 09:59:00+05:30,4550,4552.4,4547.75,4552.4,338,
2024-07-19 10:00:00+05:30,4551,4552.4,4550,4551.25,254,
2024-07-19 10:01:00+05:30,4551.25,4553.05,4546.8,4551.55,418,
2024-07-19 10:02:00+05:30,4550,4553.5,4550,4551.75,142,
2024-07-19 10:03:00+05:30,4550,4552.95,4549.65,4550.5,202,
2024-07-19 10:04:00+05:30,4550.5,4552.8,4550,4552.7,117,
2024-07-19 10:05:00+05:30,4552.7,4552.7,4548.05,4550.9,364,
2024-07-19 10:06:00+05:30,4550.9,4551.55,4550,4551.35,175,
2024-07-19 10:07:00+05:30,4550,4551.55,4545,4551.55,480,
2024-07-19 10:08:00+05:30,4550,4551.55,4550,4551.5,91,
2024-07-19 10:09:00+05:30,4551.45,4552.95,4550,4552.8,266,
2024-07-19 10:10:00+05:30,4552.8,4552.8,4543.85,4547.45,426,
2024-07-19 10:11:00+05:30,4547.45,4548.7,4544.2,4548.55,329,
2024-07-19 10:12:00+05:30,4546.2,4552.65,4546.2,4552.2,121,
2024-07-19 10:13:00+05:30,4551.55,4552.55,4548.75,4552.55,192,
2024-07-19 10:14:00+05:30,4552.55,4552.95,4545.7,4547.45,614,
2024-07-19 10:15:00+05:30,4547.2,4547.75,4536,4536,1219,
2024-07-19 10:16:00+05:30,4536,4543.9,4536,4541.55,485,
2024-07-19 10:17:00+05:30,4541.95,4549.65,4541.8,4544.75,256,
2024-07-19 10:18:00+05:30,4544.75,4548,4543.35,4546.75,357,
2024-07-19 10:19:00+05:30,4544.75,4547.1,4543.35,4543.35,176,
2024-07-19 10:20:00+05:30,4543.35,4551.25,4543.35,4550.9,297,
2024-07-19 10:21:00+05:30,4550.9,4553,4548.15,4553,369,
2024-07-19 10:22:00+05:30,4550.8,4553,4550,4552.6,274,
2024-07-19 10:23:00+05:30,4550.2,4552.75,4550,4552.75,184,
2024-07-19 10:24:00+05:30,4552.75,4555,4549.65,4553.85,879,
2024-07-19 10:25:00+05:30,4551.45,4555,4551.35,4553.8,1712,
2024-07-19 10:26:00+05:30,4553.65,4555,4552,4554.35,62,
2024-07-19 10:27:00+05:30,4554.35,4555,4546.05,4548.35,12301,
2024-07-19 10:28:00+05:30,4548.55,4551,4545.5,4550.95,103,
2024-07-19 10:29:00+05:30,4550.95,4551,4550,4550,38,
2024-07-19 10:30:00+05:30,4550,4551,4546.45,4550.85,123,
2024-07-19 10:31:00+05:30,4550,4550.75,4548.05,4550,93,
2024-07-19 10:32:00+05:30,4550,4550,4545.6,4549.2,272,
2024-07-19 10:33:00+05:30,4551,4552.85,4550,4550,127,
2024-07-19 10:34:00+05:30,4550,4550,4546.55,4547.5,240,
2024-07-19 10:35:00+05:30,4547.5,4549.2,4540.55,4540.55,724,
2024-07-19 10:36:00+05:30,4540.85,4544.4,4540.2,4543,144,
2024-07-19 10:37:00+05:30,4543,4545,4532,4532.05,1023,
2024-07-19 10:38:00+05:30,4532.05,4535.1,4531.7,4531.85,342,
2024-07-19 10:39:00+05:30,4531.85,4534.75,4531.7,4534.75,192,
2024-07-19 10:40:00+05:30,4534.55,4536.15,4528.5,4533.65,980,
2024-07-19 10:41:00+05:30,4533.65,4539.95,4533.65,4535.4,323,
2024-07-19 10:42:00+05:30,4537.05,4540,4535.35,4536.85,327,
2024-07-19 10:43:00+05:30,4536.85,4540,4536.85,4537.7,430,
2024-07-19 10:44:00+05:30,4537.7,4540,4537.7,4540,618,
2024-07-19 10:45:00+05:30,4538.5,4542.75,4538.25,4541.35,928,
2024-07-19 10:46:00+05:30,4541.35,4545.75,4541.35,4545.4,93,
2024-07-19 10:47:00+05:30,4545.4,4546.1,4539.1,4544.05,716,
2024-07-19 10:48:00+05:30,4542.75,4543.7,4538.1,4541.5,156,
2024-07-19 10:49:00+05:30,4541.5,4542.95,4538.15,4538.2,214,
2024-07-19 10:50:00+05:30,4538.2,4541.85,4538.2,4541.7,95,
2024-07-19 10:51:00+05:30,4539.7,4541.95,4539.6,4541.35,155,
2024-07-19 10:52:00+05:30,4541.35,4541.6,4534.55,4540.6,1259,
2024-07-19 10:53:00+05:30,4540.6,4541.1,4536.65,4540.75,337,
2024-07-19 10:54:00+05:30,4540.75,4542.85,4540.55,4540.55,278,
2024-07-19 10:55:00+05:30,4540.55,4542.65,4537.95,4540.3,176,
2024-07-19 10:56:00+05:30,4540.3,4540.3,4536.1,4537,176,
2024-07-19 10:57:00+05:30,4537,4538.1,4531.7,4536.35,374,
2024-07-19 10:58:00+05:30,4537.55,4542.35,4536.3,4540.5,305,
2024-07-19 10:59:00+05:30,4541.05,4541.8,4535.95,4535.95,162,
2024-07-19 11:00:00+05:30,4535.95,4539.65,4531.7,4534.05,569,
2024-07-19 11:01:00+05:30,4532.1,4533.8,4531,4533.5,188,
2024-07-19 11:02:00+05:30,4533.5,4533.8,4529,4530.95,1154,
2024-07-19 11:03:00+05:30,4532.65,4533.3,4529.7,4530.85,170,
2024-07-19 11:04:00+05:30,4530.85,4534.75,4530.85,4532.5,190,
2024-07-19 11:05:00+05:30,4532.95,4535.75,4529,4531.45,1163,
2024-07-19 11:06:00+05:30,4529.35,4533.5,4521.9,4524.75,1663,
2024-07-19 11:07:00+05:30,4524.75,4531.35,4524.3,4530.45,1472,
2024-07-19 11:08:00+05:30,4530.45,4534.7,4530.45,4532.65,277,
2024-07-19 11:09:00+05:30,4532.65,4534.65,4527.25,4527.35,2002,
2024-07-19 11:10:00+05:30,4529.75,4530.65,4524.55,4528.05,174,
2024-07-19 11:11:00+05:30,4528.05,4530.8,4527,4527.25,150,
2024-07-19 11:12:00+05:30,4527.25,4530.9,4527.25,4528.55,193,
2024-07-19 11:13:00+05:30,4528.55,4533.95,4528.55,4532.45,195,
2024-07-19 11:14:00+05:30,4532.45,4533.95,4530.75,4531.3,200,
2024-07-19 11:15:00+05:30,4531.3,4533.7,4531.3,4533.25,75,
2024-07-19 11:16:00+05:30,4533.25,4533.25,4527,4528.15,639,
2024-07-19 11:17:00+05:30,4528.15,4530.05,4523.05,4523.25,600,
2024-07-19 11:18:00+05:30,4525,4528.75,4524.2,4528.1,120,
2024-07-19 11:19:00+05:30,4528.1,4530,4527.9,4528.05,141,
2024-07-19 11:20:00+05:30,4528.05,4530,4524.2,4526.95,342,
2024-07-19 11:21:00+05:30,4527.45,4527.8,4524.15,4524.75,301,
2024-07-19 11:22:00+05:30,4524.75,4525,4515.2,4517.1,1097,
2024-07-19 11:23:00+05:30,4519.2,4525,4519,4524.9,428,
2024-07-19 11:24:00+05:30,4524.9,4525,4522.15,4523,385,
2024-07-19 11:25:00+05:30,4523,4528.75,4523,4526.85,84,
2024-07-19 11:26:00+05:30,4528.1,4528.6,4520.1,4525,1212,
2024-07-19 11:27:00+05:30,4525,4527.8,4525,4525,136,
2024-07-19 11:28:00+05:30,4525,4526.95,4522.5,4522.65,495,
2024-07-19 11:29:00+05:30,4524.85,4526.6,4522.5,4525.9,478,
2024-07-19 11:30:00+05:30,4525.9,4527,4521.3,4523.65,196,
2024-07-19 11:31:00+05:30,4521.8,4527,4521.45,4524.45,569,
2024-07-19 11:32:00+05:30,4524.45,4527.95,4521.95,4521.95,231,
2024-07-19 11:33:00+05:30,4521.95,4525.05,4520.5,4520.5,419,
2024-07-19 11:34:00+05:30,4520.5,4521.45,4518.05,4518.8,355,
2024-07-19 11:35:00+05:30,4518.8,4522.15,4518.15,4518.95,282,
2024-07-19 11:36:00+05:30,4521.2,4522.8,4518.65,4519.15,233,
2024-07-19 11:37:00+05:30,4520,4522,4517,4517.05,422,
2024-07-19 11:38:00+05:30,4517.05,4519.05,4512.05,4516.05,1396,
2024-07-19 11:39:00+05:30,4516.05,4519.95,4516.05,4518,268,
2024-07-19 11:40:00+05:30,4518,4519.9,4511.7,4515.6,978,
2024-07-19 11:41:00+05:30,4515.55,4516.65,4511.85,4514.45,487,
2024-07-19 11:42:00+05:30,4514,4514.65,4511,4514.1,455,
2024-07-19 11:43:00+05:30,4514.1,4515.6,4512.15,4513.8,125,
2024-07-19 11:44:00+05:30,4513.8,4515.6,4512.6,4512.95,193,
2024-07-19 11:45:00+05:30,4512.95,4514.65,4501.05,4506.65,4873,
2024-07-19 11:46:00+05:30,4506.65,4511.9,4506.25,4509,271,
2024-07-19 11:47:00+05:30,4509,4511.9,4509,4510.35,202,
2024-07-19 11:48:00+05:30,4510.9,4511.4,4501.7,4503.6,1102,
2024-07-19 11:49:00+05:30,4503.6,4505.1,4501,4503.05,478,
2024-07-19 11:50:00+05:30,4504.95,4505.95,4503,4504.05,202,
2024-07-19 11:51:00+05:30,4504.05,4505.95,4496.45,4501.85,1861,
2024-07-19 11:52:00+05:30,4501.85,4510.5,4501.85,4507.35,443,
2024-07-19 11:53:00+05:30,4507.35,4509.9,4504.75,4506.5,80,
2024-07-19 11:54:00+05:30,4506.5,4508.3,4504.95,4504.95,276,
2024-07-19 11:55:00+05:30,4504.95,4508.9,4504.95,4507.55,71,
2024-07-19 11:56:00+05:30,4507.55,4511.75,4507.55,4511.55,96,
2024-07-19 11:57:00+05:30,4509.9,4514.65,4509.9,4512.05,347,
2024-07-19 11:58:00+05:30,4512.05,4515.15,4509.65,4510.65,579,
2024-07-19 11:59:00+05:30,4510.65,4514.6,4510,4510.7,540,
2024-07-19 12:00:00+05:30,4510.7,4512,4507.4,4510.95,494,
2024-07-19 12:01:00+05:30,4510.95,4512.9,4510.4,4511.7,230,
2024-07-19 12:02:00+05:30,4511.7,4516.2,4511.7,4516.2,210,
2024-07-19 12:03:00+05:30,4516.2,4517.45,4514.1,4514.6,476,
2024-07-19 12:04:00+05:30,4514.6,4517.9,4513.35,4517,344,
2024-07-19 12:05:00+05:30,4518,4519.9,4518,4518.5,140,
2024-07-19 12:06:00+05:30,4518.5,4525.55,4518.05,4524,436,
2024-07-19 12:07:00+05:30,4524,4526.1,4520,4520,967,
2024-07-19 12:08:00+05:30,4520,4523.35,4520,4523,275,
2024-07-19 12:09:00+05:30,4523,4526.9,4520.9,4523.7,193,
2024-07-19 12:10:00+05:30,4523.7,4527,4523.7,4525.1,243,
2024-07-19 12:11:00+05:30,4525.35,4529.2,4525.35,4526.3,219,
2024-07-19 12:12:00+05:30,4526.3,4530,4524.25,4524.9,565,
2024-07-19 12:13:00+05:30,4524.9,4528.85,4524.9,4526.3,383,
2024-07-19 12:14:00+05:30,4526.3,4528.05,4525.25,4526.15,114,
2024-07-19 12:15:00+05:30,4526.15,4529.9,4525,4527.45,178,
2024-07-19 12:16:00+05:30,4527.45,4530,4525,4527.75,1001,
2024-07-19 12:17:00+05:30,4527.75,4537.25,4527.75,4537.25,511,
2024-07-19 12:18:00+05:30,4537.25,4537.85,4533.55,4536.4,534,
2024-07-19 12:19:00+05:30,4536.4,4540,4534,4538.55,883,
2024-07-19 12:20:00+05:30,4538.55,4539.85,4537.2,4539.5,273,
2024-07-19 12:21:00+05:30,4536,4539.5,4530.15,4530.15,953,
2024-07-19 12:22:00+05:30,4530.15,4534.95,4529.1,4532.1,127,
2024-07-19 12:23:00+05:30,4532.1,4533.65,4531.7,4531.75,84,
2024-07-19 12:24:00+05:30,4531.75,4534.9,4527.6,4533.5,3289,
2024-07-19 12:25:00+05:30,4533.5,4539,4533.5,4536.8,581,
2024-07-19 12:26:00+05:30,4536.8,4539.9,4536.8,4538.9,111,
2024-07-19 12:27:00+05:30,4538.9,4540,4534.3,4534.35,309,
2024-07-19 12:28:00+05:30,4534.35,4537.6,4534.35,4535.55,205,
2024-07-19 12:29:00+05:30,4535.55,4538.6,4535.55,4536.8,125,
2024-07-19 12:30:00+05:30,4539,4542.1,4538,4542.1,337,
2024-07-19 12:31:00+05:30,4542.1,4542.75,4536.75,4540.25,360,
2024-07-19 12:32:00+05:30,4540.25,4542.4,4537.75,4541.15,474,
2024-07-19 12:33:00+05:30,4541.15,4541.25,4538.45,4539.25,261,
2024-07-19 12:34:00+05:30,4539.25,4540.7,4535,4535.6,425,
2024-07-19 12:35:00+05:30,4537.45,4538.15,4535,4537.95,1203,
2024-07-19 12:36:00+05:30,4536.25,4540.35,4535,4538.15,330,
2024-07-19 12:37:00+05:30,4538.15,4542.75,4538.15,4538.55,301,
2024-07-19 12:38:00+05:30,4538.55,4542.5,4538.55,4538.8,395,
2024-07-19 12:39:00+05:30,4538.8,4542.15,4538.8,4541.25,156,
2024-07-19 12:40:00+05:30,4541.25,4542.5,4539.45,4540,492,
2024-07-19 12:41:00+05:30,4539.95,4543.5,4539.95,4541.6,307,
2024-07-19 12:42:00+05:30,4541.6,4542.5,4539.4,4540.15,148,
2024-07-19 12:43:00+05:30,4540.15,4542,4538.75,4540.45,182,
2024-07-19 12:44:00+05:30,4540.45,4542.65,4540.1,4542.65,239,
2024-07-19 12:45:00+05:30,4541.3,4543.95,4541.3,4541.6,270,
2024-07-19 12:46:00+05:30,4543.5,4544.9,4542,4542,331,
2024-07-19 12:47:00+05:30,4540.1,4544,4540.1,4541.55,169,
2024-07-19 12:48:00+05:30,4541.5,4545,4541.5,4542,627,
2024-07-19 12:49:00+05:30,4542,4545,4540.1,4540.55,495,
2024-07-19 12:50:00+05:30,4540.55,4544.25,4540.1,4540.1,145,
2024-07-19 12:51:00+05:30,4540.1,4542.5,4539,4542.5,180,
2024-07-19 12:52:00+05:30,4542.5,4543.75,4540,4541.7,373,
2024-07-19 12:53:00+05:30,4543.45,4543.45,4540.5,4543.45,438,
2024-07-19 12:54:00+05:30,4543,4543.4,4540.9,4540.9,107,
2024-07-19 12:55:00+05:30,4542.6,4543.4,4540.9,4543.35,121,
2024-07-19 12:56:00+05:30,4543.35,4543.35,4540.9,4540.9,110,
2024-07-19 12:57:00+05:30,4540.9,4543.2,4539.45,4541.1,100,
2024-07-19 12:58:00+05:30,4540.1,4543.2,4539.45,4539.45,82,
2024-07-19 12:59:00+05:30,4539.45,4541.95,4528.55,4532.7,980,
2024-07-19 13:00:00+05:30,4532.7,4532.75,4527.2,4527.5,439,
2024-07-19 13:01:00+05:30,4527.5,4534.4,4527.5,4532.85,209,
2024-07-19 13:02:00+05:30,4534.15,4534.6,4529.7,4530.85,95,
2024-07-19 13:03:00+05:30,4533.05,4534.6,4530.9,4532.85,78,
2024-07-19 13:04:00+05:30,4532.85,4534.9,4529.3,4532.05,129,
2024-07-19 13:05:00+05:30,4532.05,4534.6,4530.1,4534.55,172,
2024-07-19 13:06:00+05:30,4534.55,4534.55,4531,4531.1,94,
2024-07-19 13:07:00+05:30,4533.3,4533.3,4525.55,4525.7,339,
2024-07-19 13:08:00+05:30,4528.05,4530.1,4525.8,4530.1,207,
2024-07-19 13:09:00+05:30,4530.1,4531,4526.9,4529.9,180,
2024-07-19 13:10:00+05:30,4527.75,4530.7,4525.2,4525.55,128,
2024-07-19 13:11:00+05:30,4525.55,4529.25,4522.7,4522.85,166,
2024-07-19 13:12:00+05:30,4522.85,4525.4,4518.95,4523.05,1083,
2024-07-19 13:13:00+05:30,4523.05,4525.65,4522.65,4524,317,
2024-07-19 13:14:00+05:30,4524,4546.45,4524,4540.9,7775,
2024-07-19 13:15:00+05:30,4540.9,4540.9,4529.85,4534.5,2527,
2024-07-19 13:16:00+05:30,4534.5,4534.5,4525.65,4526.55,1084,
2024-07-19 13:17:00+05:30,4525.05,4528.9,4522.55,4526.95,315,
2024-07-19 13:18:00+05:30,4526.95,4529.75,4525.3,4527.25,229,
2024-07-19 13:19:00+05:30,4527.25,4530.05,4525,4526.9,279,
2024-07-19 13:20:00+05:30,4526.9,4530.05,4525.05,4528.75,114,
2024-07-19 13:21:00+05:30,4529.9,4530,4526,4526.25,161,
2024-07-19 13:22:00+05:30,4528.25,4528.65,4525.4,4527,240,
2024-07-19 13:23:00+05:30,4525.65,4527,4525.65,4526,80,
2024-07-19 13:24:00+05:30,4526,4527,4520.05,4525.75,1149,
2024-07-19 13:25:00+05:30,4524.75,4527,4524.75,4527,94,
2024-07-19 13:26:00+05:30,4527,4527,4525.8,4527,122,
2024-07-19 13:27:00+05:30,4527,4529.95,4525.8,4529.95,111,
2024-07-19 13:28:00+05:30,4529.95,4530.75,4525.25,4530.5,90,
2024-07-19 13:29:00+05:30,4529.35,4530.8,4527.35,4529.95,100,
2024-07-19 13:30:00+05:30,4529,4530,4527.95,4529.25,152,
2024-07-19 13:31:00+05:30,4529.25,4529.65,4527,4529.6,604,
2024-07-19 13:32:00+05:30,4529.05,4529.65,4525.3,4529.65,250,
2024-07-19 13:33:00+05:30,4529.35,4530.85,4528.35,4530.85,1919,
2024-07-19 13:34:00+05:30,4530.8,4535.55,4530.2,4532.8,352,
2024-07-19 13:35:00+05:30,4532.8,4535.9,4531.9,4535.9,146,
2024-07-19 13:36:00+05:30,4535.9,4539.35,4533.75,4536.3,207,
2024-07-19 13:37:00+05:30,4536.3,4537,4532.1,4536.65,91,
2024-07-19 13:38:00+05:30,4536.65,4537,4528.25,4528.25,859,
2024-07-19 13:39:00+05:30,4528.25,4532.15,4528,4529.95,123,
2024-07-19 13:40:00+05:30,4528.15,4532.75,4526.95,4530.75,383,
2024-07-19 13:41:00+05:30,4530.75,4531.2,4525.7,4528.5,141,
2024-07-19 13:42:00+05:30,4528.5,4528.6,4522,4523.95,281,
2024-07-19 13:43:00+05:30,4523.95,4531,4522,4529.35,2049,
2024-07-19 13:44:00+05:30,4531.2,4533.55,4530.2,4532.35,368,
2024-07-19 13:45:00+05:30,4531.1,4532.45,4527.45,4531.15,214,
2024-07-19 13:46:00+05:30,4531.15,4533,4528.35,4533,383,
2024-07-19 13:47:00+05:30,4532.7,4533,4529.85,4532.4,144,
2024-07-19 13:48:00+05:30,4532.45,4533,4530,4532.95,115,
2024-07-19 13:49:00+05:30,4532.95,4533,4531.45,4532.9,122,
2024-07-19 13:50:00+05:30,4532.9,4538.7,4532.9,4536.25,295,
2024-07-19 13:51:00+05:30,4538.2,4539.7,4534.7,4539,241,
2024-07-19 13:52:00+05:30,4539,4539,4534.35,4538.25,180,
2024-07-19 13:53:00+05:30,4538.25,4538.25,4534.5,4536.25,285,
2024-07-19 13:54:00+05:30,4538.5,4543,4538.5,4539.75,735,
2024-07-19 13:55:00+05:30,4539.75,4542.9,4537,4540.2,146,
2024-07-19 13:56:00+05:30,4540.2,4540.7,4538.05,4540.1,306,
2024-07-19 13:57:00+05:30,4538.2,4540.25,4538.2,4540.25,209,
2024-07-19 13:58:00+05:30,4540.25,4540.25,4538.15,4539.7,169,
2024-07-19 13:59:00+05:30,4539.75,4542,4537.7,4542,1103,
2024-07-19 14:00:00+05:30,4542,4544.75,4542,4543.75,388,
2024-07-19 14:01:00+05:30,4543.75,4544.9,4540,4541,1159,
2024-07-19 14:02:00+05:30,4541,4546.45,4541,4545.8,1533,
2024-07-19 14:03:00+05:30,4545.8,4545.8,4542.9,4545,1110,
2024-07-19 14:04:00+05:30,4545.15,4546.8,4545.15,4545.7,1178,
2024-07-19 14:05:00+05:30,4545.7,4546,4544.3,4546,118,
2024-07-19 14:06:00+05:30,4547.95,4550,4546,4547.35,6885,
2024-07-19 14:07:00+05:30,4547.35,4549.25,4545,4548.4,1696,
2024-07-19 14:08:00+05:30,4548.4,4548.4,4534.8,4540.5,20634,
2024-07-19 14:09:00+05:30,4542.7,4544.95,4538.4,4538.6,299,
2024-07-19 14:10:00+05:30,4538.6,4542.45,4538.6,4540,5608,
2024-07-19 14:11:00+05:30,4540,4540,4525,4526.2,1386,
2024-07-19 14:12:00+05:30,4526.2,4527.65,4521,4524.6,1512,
2024-07-19 14:13:00+05:30,4524.6,4530.2,4524.6,4528.95,766,
2024-07-19 14:14:00+05:30,4528.95,4531.65,4527.15,4529.45,727,
2024-07-19 14:15:00+05:30,4529.45,4531.8,4527.75,4529.1,493,
2024-07-19 14:16:00+05:30,4529.15,4529.9,4523.65,4523.65,515,
2024-07-19 14:17:00+05:30,4526.2,4526.45,4521,4526.1,1649,
2024-07-19 14:18:00+05:30,4526.1,4527.85,4523.3,4527.85,647,
2024-07-19 14:19:00+05:30,4527.9,4528,4524.1,4527.05,457,
2024-07-19 14:20:00+05:30,4527.1,4527.1,4523.7,4525.5,473,
2024-07-19 14:21:00+05:30,4525.75,4525.75,4522.1,4524.3,571,
2024-07-19 14:22:00+05:30,4524.3,4525.85,4522.05,4525.45,315,
2024-07-19 14:23:00+05:30,4523.8,4526.05,4521,4523.8,1353,
2024-07-19 14:24:00+05:30,4523.8,4524,4511.1,4514,1249,
2024-07-19 14:25:00+05:30,4511.35,4514.55,4508.05,4514.25,1141,
2024-07-19 14:26:00+05:30,4514.25,4515.65,4512.65,4514.95,373,
2024-07-19 14:27:00+05:30,4514.55,4516.55,4512.75,4515.5,423,
2024-07-19 14:28:00+05:30,4515,4515.95,4512,4515.15,465,
2024-07-19 14:29:00+05:30,4515.25,4517,4513.7,4516.55,388,
2024-07-19 14:30:00+05:30,4519.45,4520,4511.95,4511.95,632,
2024-07-19 14:31:00+05:30,4513.85,4515.75,4508.15,4508.35,892,
2024-07-19 14:32:00+05:30,4509.6,4516.55,4507.3,4516.55,1255,
2024-07-19 14:33:00+05:30,4518,4518.95,4512.15,4516.7,1514,
2024-07-19 14:34:00+05:30,4516.7,4519.9,4511.5,4513.6,1461,
2024-07-19 14:35:00+05:30,4515,4516.2,4510.1,4515,2360,
2024-07-19 14:36:00+05:30,4512.8,4516.7,4512.8,4516.3,688,
2024-07-19 14:37:00+05:30,4516.3,4517.25,4512.85,4515,375,
2024-07-19 14:38:00+05:30,4516,4516,4512.3,4515.4,1000,
2024-07-19 14:39:00+05:30,4515.4,4516.85,4512.35,4512.6,588,
2024-07-19 14:40:00+05:30,4512.6,4517.1,4512.6,4517.1,514,
2024-07-19 14:41:00+05:30,4517.25,4518.05,4513.05,4517.15,665,
2024-07-19 14:42:00+05:30,4518.5,4518.5,4513.55,4516.45,592,
2024-07-19 14:43:00+05:30,4516.8,4518.2,4512.3,4516.35,811,
2024-07-19 14:44:00+05:30,4516.85,4518.25,4513.85,4517.05,344,
2024-07-19 14:45:00+05:30,4517.65,4518.5,4511.3,4515.85,2899,
2024-07-19 14:46:00+05:30,4515.95,4516.7,4511.8,4513.3,1714,
2024-07-19 14:47:00+05:30,4513.3,4519.75,4513.3,4517.6,747,
2024-07-19 14:48:00+05:30,4516.55,4524.4,4516.55,4520.95,1023,
2024-07-19 14:49:00+05:30,4520.95,4522.75,4516.45,4522.75,422,
2024-07-19 14:50:00+05:30,4523.1,4525.05,4518.45,4525.05,554,
2024-07-19 14:51:00+05:30,4525.05,4526,4519.8,4523.1,563,
2024-07-19 14:52:00+05:30,4523.1,4524.6,4518.25,4521.4,613,
2024-07-19 14:53:00+05:30,4522.7,4522.7,4516.55,4518.05,1513,
2024-07-19 14:54:00+05:30,4518.05,4524.3,4518.05,4521.85,1099,
2024-07-19 14:55:00+05:30,4523.55,4523.55,4519.65,4522.1,331,
2024-07-19 14:56:00+05:30,4521.05,4523.15,4517.2,4520.25,1363,
2024-07-19 14:57:00+05:30,4520.25,4523.55,4519.65,4520.7,181,
2024-07-19 14:58:00+05:30,4523.55,4523.55,4519.15,4522,426,
2024-07-19 14:59:00+05:30,4522.05,4525,4521.55,4522.05,394,
2024-07-19 15:00:00+05:30,4524.55,4524.6,4519.65,4521.85,1071,
2024-07-19 15:01:00+05:30,4521.85,4524,4520.05,4524,910,
2024-07-19 15:02:00+05:30,4523.3,4523.3,4519.2,4520.3,1587,
2024-07-19 15:03:00+05:30,4520.25,4523.2,4518,4518.2,2422,
2024-07-19 15:04:00+05:30,4518.4,4521.5,4518.15,4521.1,1835,
2024-07-19 15:05:00+05:30,4521.1,4521.25,4517.15,4520.85,1035,
2024-07-19 15:06:00+05:30,4520.35,4522.9,4514.9,4519.3,1817,
2024-07-19 15:07:00+05:30,4519.75,4520,4516,4518.85,1027,
2024-07-19 15:08:00+05:30,4518.85,4519.65,4516.9,4519,889,
2024-07-19 15:09:00+05:30,4520,4521.15,4515.45,4521.15,2492,
2024-07-19 15:10:00+05:30,4520.7,4520.7,4517.55,4520.4,1176,
2024-07-19 15:11:00+05:30,4520.35,4520.7,4518.25,4519,989,
2024-07-19 15:12:00+05:30,4520.25,4520.25,4515.65,4516.65,2349,
2024-07-19 15:13:00+05:30,4517.4,4517.95,4515.05,4515.3,1335,
2024-07-19 15:14:00+05:30,4516.3,4519.5,4515.1,4518.85,1541,
2024-07-19 15:15:00+05:30,4518.85,4520,4518.15,4518.15,1404,
2024-07-19 15:16:00+05:30,4519.15,4519.25,4516.55,4518.6,778,
2024-07-19 15:17:00+05:30,4518.6,4523,4518.55,4523,1681,
2024-07-19 15:18:00+05:30,4523,4524,4521.7,4523,2158,
2024-07-19 15:19:00+05:30,4523,4524.25,4520.8,4522.7,1781,
2024-07-19 15:20:00+05:30,4522.8,4524.4,4518.25,4523.95,2505,
2024-07-19 15:21:00+05:30,4523.95,4525.8,4523.7,4525.45,866,
2024-07-19 15:22:00+05:30,4524.65,4525.45,4517.2,4518.5,1486,
2024-07-19 15:23:00+05:30,4518.6,4520.65,4516.35,4519,1735,
2024-07-19 15:24:00+05:30,4518.4,4520.35,4515.7,4518.65,1179,
2024-07-19 15:25:00+05:30,4518.7,4520.3,4518.05,4519.85,920,
2024-07-19 15:26:00+05:30,4519.85,4520.2,4516.05,4519.25,2285,
2024-07-19 15:27:00+05:30,4519.9,4519.9,4515.05,4515.9,1296,
2024-07-19 15:28:00+05:30,4516.4,4519.35,4515,4516.95,1107,
2024-07-19 15:29:00+05:30,4516.95,4517.9,4510.1,4517,748,
2024-07-22 09:15:00+05:30,4500,4500,4441.35,4465.35,6607,
2024-07-22 09:16:00+05:30,4468.95,4468.95,4457,4466.35,1667,
2024-07-22 09:17:00+05:30,4469.5,4486.45,4469.5,4481.8,2093,
2024-07-22 09:18:00+05:30,4481.95,4498.15,4481.15,4495.2,1232,
2024-07-22 09:19:00+05:30,4492.05,4492.05,4485.45,4489.6,1068,
2024-07-22 09:20:00+05:30,4493.25,4512.05,4490.1,4501.1,2100,
2024-07-22 09:21:00+05:30,4501.45,4514.95,4498.1,4509.7,1561,
2024-07-22 09:22:00+05:30,4509.45,4511.7,4507.6,4508.95,749,
2024-07-22 09:23:00+05:30,4508.95,4525.35,4508.95,4516.9,1651,
2024-07-22 09:24:00+05:30,4516.9,4526.25,4516.9,4524.1,461,
2024-07-22 09:25:00+05:30,4524.1,4535,4521.95,4526.1,1745,
2024-07-22 09:26:00+05:30,4526.4,4533,4526.4,4529.55,822,
2024-07-22 09:27:00+05:30,4532.3,4534.8,4527,4528,778,
2024-07-22 09:28:00+05:30,4528,4532.65,4525.85,4531.3,493,
2024-07-22 09:29:00+05:30,4531.45,4539.6,4531.35,4537.05,529,
2024-07-22 09:30:00+05:30,4537.05,4539.95,4521.45,4525,3394,
2024-07-22 09:31:00+05:30,4525,4528.85,4523.15,4524.3,583,
2024-07-22 09:32:00+05:30,4524.3,4526.75,4520.25,4520.35,1910,
2024-07-22 09:33:00+05:30,4520.35,4526.75,4520.1,4526.75,536,
2024-07-22 09:34:00+05:30,4526.15,4530.9,4526.15,4528.25,173,
2024-07-22 09:35:00+05:30,4531,4531.45,4528.25,4530.2,219,
2024-07-22 09:36:00+05:30,4530.2,4530.3,4522.4,4522.4,593,
2024-07-22 09:37:00+05:30,4522.4,4529.95,4522.4,4527.4,343,
2024-07-22 09:38:00+05:30,4531,4534.7,4527.75,4532,267,
2024-07-22 09:39:00+05:30,4532,4542.05,4532,4535.35,837,
2024-07-22 09:40:00+05:30,4535.35,4545.15,4535.35,4540.7,394,
2024-07-22 09:41:00+05:30,4540.7,4548,4540.7,4543.55,425,
2024-07-22 09:42:00+05:30,4543.55,4544.9,4538.35,4538.35,461,
2024-07-22 09:43:00+05:30,4538.35,4540.7,4535,4536.45,415,
2024-07-22 09:44:00+05:30,4536.45,4542.25,4536.45,4542.25,285,
2024-07-22 09:45:00+05:30,4543.45,4547.15,4543.45,4544.75,514,
2024-07-22 09:46:00+05:30,4544.75,4544.75,4540.25,4541.25,290,
2024-07-22 09:47:00+05:30,4541.25,4541.25,4533.55,4537.55,751,
2024-07-22 09:48:00+05:30,4537.55,4541.1,4535.35,4540,373,
2024-07-22 09:49:00+05:30,4540,4540.6,4538.75,4539.8,304,
2024-07-22 09:50:00+05:30,4539.8,4542.25,4527.55,4532.4,1024,
2024-07-22 09:51:00+05:30,4532.4,4535.05,4530.05,4532.65,254,
2024-07-22 09:52:00+05:30,4532.65,4540,4532.65,4537.55,215,
2024-07-22 09:53:00+05:30,4536.5,4543.7,4536.5,4540.95,179,
2024-07-22 09:54:00+05:30,4540.95,4541.25,4533.35,4535.85,952,
2024-07-22 09:55:00+05:30,4535.85,4542.3,4535.85,4542.3,215,
2024-07-22 09:56:00+05:30,4539.95,4545,4539.95,4542.25,179,
2024-07-22 09:57:00+05:30,4542.25,4547.4,4542.25,4544,942,
2024-07-22 09:58:00+05:30,4546.8,4547.45,4542.25,4546.05,1293,
2024-07-22 09:59:00+05:30,4546,4550,4543.55,4547.85,1778,
2024-07-22 10:00:00+05:30,4549.95,4549.95,4544.8,4546.55,510,
2024-07-22 10:01:00+05:30,4544.05,4546,4541.8,4543.3,660,
2024-07-22 10:02:00+05:30,4543.3,4554.85,4542.25,4544.3,2492,
2024-07-22 10:03:00+05:30,4544.3,4548.65,4544.3,4548.35,308,
2024-07-22 10:04:00+05:30,4548.45,4550,4546.1,4546.25,306,
2024-07-22 10:05:00+05:30,4546.25,4550.4,4546.25,4549.95,592,
2024-07-22 10:06:00+05:30,4550,4552.35,4549.5,4550,1675,
2024-07-22 10:07:00+05:30,4550,4553.35,4549.1,4549.4,2207,
2024-07-22 10:08:00+05:30,4549.4,4551.3,4549.4,4549.55,628,
2024-07-22 10:09:00+05:30,4549.55,4550,4549,4549.15,181,
2024-07-22 10:10:00+05:30,4549.15,4550.85,4549.15,4550,2210,
2024-07-22 10:11:00+05:30,4550,4568,4549.95,4565,5409,
2024-07-22 10:12:00+05:30,4565,4568.35,4549.05,4550.1,4330,
2024-07-22 10:13:00+05:30,4550.1,4552.2,4549,4549.05,2517,
2024-07-22 10:14:00+05:30,4549.05,4550,4549.05,4549.95,1165,
2024-07-22 10:15:00+05:30,4549.95,4550,4549,4549.9,2930,
2024-07-22 10:16:00+05:30,4549.9,4560.95,4549.9,4558.05,9616,
2024-07-22 10:17:00+05:30,4558.05,4562.45,4557.4,4559.35,1233,
2024-07-22 10:18:00+05:30,4561.1,4561.1,4548.35,4549,2475,
2024-07-22 10:19:00+05:30,4549,4550,4545.55,4549.15,753,
2024-07-22 10:20:00+05:30,4549.15,4551.6,4541.85,4544.75,394,
2024-07-22 10:21:00+05:30,4544.75,4550,4544.5,4548.3,344,
2024-07-22 10:22:00+05:30,4548.3,4549.6,4545.8,4548.3,298,
2024-07-22 10:23:00+05:30,4548.3,4549,4543.05,4543.35,329,
2024-07-22 10:24:00+05:30,4543.35,4550,4543.35,4549.75,278,
2024-07-22 10:25:00+05:30,4549.75,4550,4545.85,4547.3,290,
2024-07-22 10:26:00+05:30,4546.5,4550,4545.65,4548.7,698,
2024-07-22 10:27:00+05:30,4548.7,4550.75,4548.45,4549.1,269,
2024-07-22 10:28:00+05:30,4549.1,4549.75,4546.35,4549.5,403,
2024-07-22 10:29:00+05:30,4549.5,4549.55,4546.8,4549.55,44,
2024-07-22 10:30:00+05:30,4548.55,4549.65,4544.7,4548.2,429,
2024-07-22 10:31:00+05:30,4548.2,4550,4546.2,4548,69,
2024-07-22 10:32:00+05:30,4548,4550,4546.45,4547.35,645,
2024-07-22 10:33:00+05:30,4547.35,4549.65,4545.75,4547.85,242,
2024-07-22 10:34:00+05:30,4545.9,4549.5,4545.65,4549.5,70,
2024-07-22 10:35:00+05:30,4549.5,4549.5,4544.55,4546.1,299,
2024-07-22 10:36:00+05:30,4547.5,4549.6,4546.1,4549.55,213,
2024-07-22 10:37:00+05:30,4549.55,4550,4546.85,4550,1378,
2024-07-22 10:38:00+05:30,4550,4550,4547.6,4549.5,38,
2024-07-22 10:39:00+05:30,4549.9,4550,4547,4548.9,132,
2024-07-22 10:40:00+05:30,4548.9,4552.35,4548.15,4550,544,
2024-07-22 10:41:00+05:30,4550,4551.35,4547.35,4548.6,1078,
2024-07-22 10:42:00+05:30,4548.6,4550,4548,4549.95,130,
2024-07-22 10:43:00+05:30,4549.95,4550,4549.1,4549.95,347,
2024-07-22 10:44:00+05:30,4549.95,4550,4549.05,4549.05,62,
2024-07-22 10:45:00+05:30,4548.2,4550.1,4548.2,4549.85,830,
2024-07-22 10:46:00+05:30,4549.4,4551.85,4548.4,4550,671,
2024-07-22 10:47:00+05:30,4550,4551.35,4548.65,4550,794,
2024-07-22 10:48:00+05:30,4550,4550.4,4544.65,4549.85,11688,
2024-07-22 10:49:00+05:30,4549.85,4550,4548.4,4549.85,712,
2024-07-22 10:50:00+05:30,4549.85,4551.1,4547.95,4547.95,716,
2024-07-22 10:51:00+05:30,4547.95,4550.9,4547.95,4549.95,812,
2024-07-22 10:52:00+05:30,4549.95,4550,4544.5,4546.95,220,
2024-07-22 10:53:00+05:30,4546.95,4550,4546.4,4549.6,398,
2024-07-22 10:54:00+05:30,4549.6,4549.95,4546.8,4549.6,467,
2024-07-22 10:55:00+05:30,4549.6,4550,4547.95,4550,76,
2024-07-22 10:56:00+05:30,4550,4550,4547.3,4549.95,562,
2024-07-22 10:57:00+05:30,4549.95,4550,4547.85,4548.5,123,
2024-07-22 10:58:00+05:30,4548.6,4550,4548.15,4549.95,263,
2024-07-22 10:59:00+05:30,4549.95,4550.4,4548.25,4548.65,1812,
2024-07-22 11:00:00+05:30,4550,4550,4542.7,4545.35,1192,
2024-07-22 11:01:00+05:30,4545.35,4548.4,4545,4547.8,187,
2024-07-22 11:02:00+05:30,4547.8,4547.8,4542.2,4545.6,413,
2024-07-22 11:03:00+05:30,4545.6,4547.05,4541.5,4546.55,162,
2024-07-22 11:04:00+05:30,4546.55,4548,4545.7,4547.95,80,
2024-07-22 11:05:00+05:30,4547.95,4549.7,4545.95,4549.15,246,
2024-07-22 11:06:00+05:30,4549.15,4550,4546.35,4550,47,
2024-07-22 11:07:00+05:30,4550,4556.25,4548.1,4554,23434,
2024-07-22 11:08:00+05:30,4554,4567,4554,4566.25,1944,
2024-07-22 11:09:00+05:30,4566.25,4577,4566.25,4577,1716,
2024-07-22 11:10:00+05:30,4577,4577.35,4565.2,4565.2,1800,
2024-07-22 11:11:00+05:30,4562.6,4563,4546.55,4546.55,5829,
2024-07-22 11:12:00+05:30,4548.65,4550.65,4546.65,4549.9,852,
2024-07-22 11:13:00+05:30,4549.95,4550,4549.5,4549.95,408,
2024-07-22 11:14:00+05:30,4549.95,4550.65,4548.95,4549.6,685,
2024-07-22 11:15:00+05:30,4549.45,4550,4542.25,4546.15,1200,
2024-07-22 11:16:00+05:30,4543.05,4546.7,4542.25,4545.2,232,
2024-07-22 11:17:00+05:30,4545.05,4547.8,4543.9,4546.15,178,
2024-07-22 11:18:00+05:30,4546.15,4546.2,4543.7,4543.75,190,
2024-07-22 11:19:00+05:30,4543.75,4545.35,4536.1,4537.6,644,
2024-07-22 11:20:00+05:30,4536.6,4540.8,4528.55,4531.8,2477,
2024-07-22 11:21:00+05:30,4532.15,4534.5,4530.15,4531.55,362,
2024-07-22 11:22:00+05:30,4531,4534.4,4529.6,4534.4,65,
2024-07-22 11:23:00+05:30,4534.4,4539.05,4533.85,4537.75,562,
2024-07-22 11:24:00+05:30,4537.75,4539,4528.4,4529.3,2907,
2024-07-22 11:25:00+05:30,4529.3,4539.45,4529.25,4539,315,
2024-07-22 11:26:00+05:30,4540,4543.1,4539,4541,180,
2024-07-22 11:27:00+05:30,4541,4543.9,4540,4540,127,
2024-07-22 11:28:00+05:30,4540,4541.25,4538,4540.25,440,
2024-07-22 11:29:00+05:30,4540.25,4541.85,4539.25,4540.85,74,
2024-07-22 11:30:00+05:30,4541.3,4541.95,4539,4541.9,395,
2024-07-22 11:31:00+05:30,4541.9,4541.95,4540.5,4541.9,67,
2024-07-22 11:32:00+05:30,4541.9,4543,4540.7,4542.95,80,
2024-07-22 11:33:00+05:30,4543,4544.85,4542.3,4544.85,75,
2024-07-22 11:34:00+05:30,4544.85,4548.75,4544.85,4547.35,475,
2024-07-22 11:35:00+05:30,4547.35,4549.4,4546.4,4546.9,91,
2024-07-22 11:36:00+05:30,4546.9,4549.95,4546.9,4547.6,95,
2024-07-22 11:37:00+05:30,4547.6,4549.3,4546.85,4548.9,243,
2024-07-22 11:38:00+05:30,4547.1,4549.65,4547.1,4549.65,139,
2024-07-22 11:39:00+05:30,4549.65,4549.95,4547.65,4549.95,107,
2024-07-22 11:40:00+05:30,4549.95,4550.3,4546.6,4547.85,1111,
2024-07-22 11:41:00+05:30,4547.85,4549.7,4547.85,4549.7,48,
2024-07-22 11:42:00+05:30,4549.7,4550,4546.65,4549.7,120,
2024-07-22 11:43:00+05:30,4549.8,4550,4547.85,4549.9,119,
2024-07-22 11:44:00+05:30,4549.25,4551.65,4549.25,4550,465,
2024-07-22 11:45:00+05:30,4550,4551.45,4549.65,4550,173,
2024-07-22 11:46:00+05:30,4550,4551.65,4549.2,4549.2,252,
2024-07-22 11:47:00+05:30,4549.2,4549.5,4547,4549.35,301,
2024-07-22 11:48:00+05:30,4549.35,4549.95,4546.95,4549.6,163,
2024-07-22 11:49:00+05:30,4549.8,4550,4548.05,4549.55,97,
2024-07-22 11:50:00+05:30,4549.55,4550.05,4548.5,4548.5,174,
2024-07-22 11:51:00+05:30,4548.5,4550.05,4547.85,4550,139,
2024-07-22 11:52:00+05:30,4550,4550.05,4548.5,4550,272,
2024-07-22 11:53:00+05:30,4549.55,4550.05,4548.45,4549.95,112,
2024-07-22 11:54:00+05:30,4549.95,4551.2,4549.3,4549.5,175,
2024-07-22 11:55:00+05:30,4549.5,4551.85,4548.3,4549.95,212,
2024-07-22 11:56:00+05:30,4549.95,4551.15,4548.2,4550,196,
2024-07-22 11:57:00+05:30,4550,4550.5,4547.95,4550,426,
2024-07-22 11:58:00+05:30,4550,4550,4548.25,4549,143,
2024-07-22 11:59:00+05:30,4549,4549.35,4547.45,4548.55,291,
2024-07-22 12:00:00+05:30,4548.55,4549.2,4546.95,4546.95,251,
2024-07-22 12:01:00+05:30,4546.95,4547.55,4540.35,4541.25,1431,
2024-07-22 12:02:00+05:30,4541.15,4542.65,4539.95,4542.65,321,
2024-07-22 12:03:00+05:30,4542.65,4543.4,4539.8,4541.3,267,
2024-07-22 12:04:00+05:30,4541.3,4543,4540.5,4541.6,213,
2024-07-22 12:05:00+05:30,4541.6,4546.05,4540.5,4543.95,287,
2024-07-22 12:06:00+05:30,4543.95,4545.45,4541.2,4543.7,241,
2024-07-22 12:07:00+05:30,4543.7,4545.3,4540.95,4545.3,331,
2024-07-22 12:08:00+05:30,4545.3,4546.55,4541.25,4544.1,324,
2024-07-22 12:09:00+05:30,4544.1,4545.25,4541.45,4545.1,349,
2024-07-22 12:10:00+05:30,4545.1,4545.75,4541.5,4543.65,306,
2024-07-22 12:11:00+05:30,4543.65,4544.2,4540.6,4542.9,234,
2024-07-22 12:12:00+05:30,4542.9,4543.15,4536.4,4540.15,623,
2024-07-22 12:13:00+05:30,4540.05,4541.55,4538.5,4540.7,150,
2024-07-22 12:14:00+05:30,4539.1,4541,4537.05,4538.8,222,
2024-07-22 12:15:00+05:30,4540.2,4540.9,4537.6,4538.55,183,
2024-07-22 12:16:00+05:30,4537.55,4539.85,4535.6,4537.4,271,
2024-07-22 12:17:00+05:30,4537.4,4538.9,4535,4536.3,175,
2024-07-22 12:18:00+05:30,4535.15,4538.2,4534,4537.3,587,
2024-07-22 12:19:00+05:30,4537.3,4537.3,4532.3,4534.05,468,
2024-07-22 12:20:00+05:30,4534.05,4537.4,4533.1,4536.5,123,
2024-07-22 12:21:00+05:30,4535.45,4538.2,4535.45,4537.4,302,
2024-07-22 12:22:00+05:30,4537.4,4538.05,4534.4,4537,292,
2024-07-22 12:23:00+05:30,4537,4537.7,4533.6,4536.6,212,
2024-07-22 12:24:00+05:30,4534.45,4537.2,4531.8,4534.3,240,
2024-07-22 12:25:00+05:30,4534.3,4534.5,4530,4531.65,305,
2024-07-22 12:26:00+05:30,4530,4533.3,4522,4526.15,1910,
2024-07-22 12:27:00+05:30,4526.15,4528.65,4524.55,4525.2,409,
2024-07-22 12:28:00+05:30,4525.2,4527.4,4523.1,4524.45,1667,
2024-07-22 12:29:00+05:30,4524.45,4526,4524,4525,749,
2024-07-22 12:30:00+05:30,4524.25,4528.35,4524,4525.6,820,
2024-07-22 12:31:00+05:30,4525.55,4527.8,4519.75,4519.8,1062,
2024-07-22 12:32:00+05:30,4519.8,4522,4519.8,4521.6,485,
2024-07-22 12:33:00+05:30,4520.3,4522,4520.15,4521.05,708,
2024-07-22 12:34:00+05:30,4521.05,4522,4519.75,4519.9,496,
2024-07-22 12:35:00+05:30,4519.9,4521,4518.05,4520.8,418,
2024-07-22 12:36:00+05:30,4520.8,4521,4519.1,4519.85,697,
2024-07-22 12:37:00+05:30,4519.85,4520,4517.9,4518.55,327,
2024-07-22 12:38:00+05:30,4518.55,4521.8,4518.45,4520.8,384,
2024-07-22 12:39:00+05:30,4520,4521.55,4517,4520.1,427,
2024-07-22 12:40:00+05:30,4520.05,4522,4513.7,4516.4,1210,
2024-07-22 12:41:00+05:30,4516.4,4517.4,4512.75,4513.95,517,
2024-07-22 12:42:00+05:30,4513.95,4520,4513.95,4519.1,295,
2024-07-22 12:43:00+05:30,4519.1,4519.65,4514.85,4517.35,1165,
2024-07-22 12:44:00+05:30,4517.35,4522.55,4515.35,4522,330,
2024-07-22 12:45:00+05:30,4521.75,4528,4521.75,4526.7,870,
2024-07-22 12:46:00+05:30,4526.7,4531.85,4526.7,4530.45,321,
2024-07-22 12:47:00+05:30,4530,4533.4,4530,4531.2,431,
2024-07-22 12:48:00+05:30,4531.65,4534.35,4530.3,4530.85,176,
2024-07-22 12:49:00+05:30,4530.85,4530.9,4527.65,4530.5,182,
2024-07-22 12:50:00+05:30,4530.6,4533.5,4529.15,4532.95,345,
2024-07-22 12:51:00+05:30,4531.6,4534.95,4531.55,4534.45,200,
2024-07-22 12:52:00+05:30,4534.4,4534.95,4531.8,4532.7,385,
2024-07-22 12:53:00+05:30,4532.15,4535.3,4532.15,4534.25,187,
2024-07-22 12:54:00+05:30,4534.25,4534.4,4528.25,4530.85,779,
2024-07-22 12:55:00+05:30,4528.4,4532.95,4528.4,4531.95,233,
2024-07-22 12:56:00+05:30,4531.8,4532.15,4529.55,4531.6,217,
2024-07-22 12:57:00+05:30,4530.55,4532.4,4523.95,4525.2,2903,
2024-07-22 12:58:00+05:30,4525.2,4528,4523.5,4526,1256,
2024-07-22 12:59:00+05:30,4525.95,4530.8,4523.7,4525.15,1132,
2024-07-22 13:00:00+05:30,4524.75,4526.2,4523.3,4524.35,866,
2024-07-22 13:01:00+05:30,4524.1,4525.75,4522.85,4525.1,267,
2024-07-22 13:02:00+05:30,4524.6,4525.65,4522.5,4524.25,236,
2024-07-22 13:03:00+05:30,4524.25,4525.7,4523.4,4525.15,214,
2024-07-22 13:04:00+05:30,4525.15,4525.15,4522.55,4524.55,179,
2024-07-22 13:05:00+05:30,4523.75,4526.9,4523.75,4524.85,212,
2024-07-22 13:06:00+05:30,4524.8,4527.9,4521.45,4521.45,4345,
2024-07-22 13:07:00+05:30,4521.45,4522.65,4516.5,4519,903,
2024-07-22 13:08:00+05:30,4517.65,4519,4513.5,4515,1520,
2024-07-22 13:09:00+05:30,4514.65,4517,4512,4512.7,884,
2024-07-22 13:10:00+05:30,4512.7,4515,4512.65,4514.4,199,
2024-07-22 13:11:00+05:30,4514.4,4515,4513.05,4513.5,729,
2024-07-22 13:12:00+05:30,4514.85,4515,4513,4513.5,302,
2024-07-22 13:13:00+05:30,4513.5,4515,4511.95,4513,548,
2024-07-22 13:14:00+05:30,4511.75,4514.8,4511.25,4511.95,545,
2024-07-22 13:15:00+05:30,4511.5,4515,4511.2,4512.65,405,
2024-07-22 13:16:00+05:30,4512.45,4515,4512.1,4514.85,328,
2024-07-22 13:17:00+05:30,4514.85,4517.65,4513.75,4515.25,336,
2024-07-22 13:18:00+05:30,4515.25,4517.2,4514.65,4517.05,157,
2024-07-22 13:19:00+05:30,4517.05,4517.4,4515.1,4516.25,329,
2024-07-22 13:20:00+05:30,4516.25,4517.5,4515,4516.85,222,
2024-07-22 13:21:00+05:30,4515.65,4517.45,4514,4516.25,1405,
2024-07-22 13:22:00+05:30,4516.05,4516.8,4514,4514.95,360,
2024-07-22 13:23:00+05:30,4514.9,4517,4513.4,4513.95,378,
2024-07-22 13:24:00+05:30,4513.55,4516.1,4513.1,4515.45,270,
2024-07-22 13:25:00+05:30,4515.45,4516.95,4513.35,4514.55,413,
2024-07-22 13:26:00+05:30,4514.15,4517,4513.5,4515.1,584,
2024-07-22 13:27:00+05:30,4515.05,4515.9,4512.15,4513.35,472,
2024-07-22 13:28:00+05:30,4513.45,4516.5,4512.95,4515.25,238,
2024-07-22 13:29:00+05:30,4515.25,4519.35,4514.5,4519.35,1255,
2024-07-22 13:30:00+05:30,4519.3,4531.45,4517.95,4529.4,3711,
2024-07-22 13:31:00+05:30,4528.25,4528.9,4524.1,4526.45,1670,
2024-07-22 13:32:00+05:30,4525.75,4529.8,4525.75,4529.8,214,
2024-07-22 13:33:00+05:30,4529.8,4533.35,4529.8,4532.7,48,
2024-07-22 13:34:00+05:30,4531.75,4532.7,4527.85,4532.6,254,
2024-07-22 13:35:00+05:30,4532.6,4532.6,4529.5,4529.7,111,
2024-07-22 13:36:00+05:30,4529.7,4533,4529.7,4532.6,32,
2024-07-22 13:37:00+05:30,4532.6,4533.7,4532,4533.55,107,
2024-07-22 13:38:00+05:30,4532.2,4533.95,4532,4533.6,124,
2024-07-22 13:39:00+05:30,4533.85,4538.7,4533.6,4534.7,628,
2024-07-22 13:40:00+05:30,4534.7,4539,4534.7,4536.3,175,
2024-07-22 13:41:00+05:30,4536.3,4539,4536.3,4538.5,136,
2024-07-22 13:42:00+05:30,4538.5,4539.95,4537.7,4538.85,52,
2024-07-22 13:43:00+05:30,4538.85,4541.15,4534.9,4539.75,657,
2024-07-22 13:44:00+05:30,4537.2,4541.05,4537.2,4540.05,57,
2024-07-22 13:45:00+05:30,4540.05,4541.05,4537.3,4539.95,354,
2024-07-22 13:46:00+05:30,4539.2,4539.95,4537.6,4539.5,43,
2024-07-22 13:47:00+05:30,4539.5,4541.75,4537.6,4540.95,479,
2024-07-22 13:48:00+05:30,4540.25,4541.9,4538.15,4541,317,
2024-07-22 13:49:00+05:30,4541,4552,4538.9,4548.6,2550,
2024-07-22 13:50:00+05:30,4548.65,4550,4545.6,4549.95,467,
2024-07-22 13:51:00+05:30,4549.35,4550,4546.35,4548,513,
2024-07-22 13:52:00+05:30,4548,4550.65,4546.75,4548.35,183,
2024-07-22 13:53:00+05:30,4548.35,4550,4548.35,4549.1,62,
2024-07-22 13:54:00+05:30,4548.85,4550.85,4548.15,4548.75,455,
2024-07-22 13:55:00+05:30,4548.75,4550.15,4546.35,4547.25,866,
2024-07-22 13:56:00+05:30,4547.25,4550.5,4546.95,4547.6,146,
2024-07-22 13:57:00+05:30,4547.6,4552,4547.6,4548.8,2994,
2024-07-22 13:58:00+05:30,4548.8,4551.8,4548.8,4549.4,1827,
2024-07-22 13:59:00+05:30,4549.4,4551.25,4545.35,4545.35,3458,
2024-07-22 14:00:00+05:30,4545.35,4547.95,4545.05,4546.5,507,
2024-07-22 14:01:00+05:30,4546.55,4548.8,4544,4544.95,1060,
2024-07-22 14:02:00+05:30,4544.1,4549.45,4544.1,4547.5,132,
2024-07-22 14:03:00+05:30,4547.5,4549.3,4545.95,4547.55,180,
2024-07-22 14:04:00+05:30,4547.55,4548.8,4541.4,4546.35,838,
2024-07-22 14:05:00+05:30,4546.35,4548.2,4544.1,4544.85,72,
2024-07-22 14:06:00+05:30,4546.85,4547.25,4544,4546.3,165,
2024-07-22 14:07:00+05:30,4546.3,4547.9,4544.9,4545.1,1444,
2024-07-22 14:08:00+05:30,4545.1,4546.95,4540.1,4541.4,1040,
2024-07-22 14:09:00+05:30,4541.4,4544,4540.05,4540.05,109,
2024-07-22 14:10:00+05:30,4540.05,4542.35,4538.8,4538.95,247,
2024-07-22 14:11:00+05:30,4538.95,4543.3,4538.95,4541.25,98,
2024-07-22 14:12:00+05:30,4541.25,4543.25,4540.7,4541.65,100,
2024-07-22 14:13:00+05:30,4541.65,4542,4536.45,4539.65,467,
2024-07-22 14:14:00+05:30,4539.65,4541.2,4538.9,4538.9,112,
2024-07-22 14:15:00+05:30,4538.9,4540,4536.2,4537.55,387,
2024-07-22 14:16:00+05:30,4537.55,4540.45,4532.55,4532.55,636,
2024-07-22 14:17:00+05:30,4534.55,4535,4532.05,4532.9,294,
2024-07-22 14:18:00+05:30,4532.9,4534.45,4530.05,4530.35,533,
2024-07-22 14:19:00+05:30,4530.35,4534,4529.95,4532.25,254,
2024-07-22 14:20:00+05:30,4532.25,4534.4,4532.15,4534.1,123,
2024-07-22 14:21:00+05:30,4532.25,4538.15,4532.25,4535.55,116,
2024-07-22 14:22:00+05:30,4537.4,4537.5,4533.7,4534.9,212,
2024-07-22 14:23:00+05:30,4534.9,4539,4534.9,4535.95,156,
2024-07-22 14:24:00+05:30,4535.95,4539.85,4535.55,4536.4,283,
2024-07-22 14:25:00+05:30,4536.4,4540.25,4536.4,4538,182,
2024-07-22 14:26:00+05:30,4538,4539.95,4538,4538,224,
2024-07-22 14:27:00+05:30,4538,4540.4,4537,4538.95,98,
2024-07-22 14:28:00+05:30,4538.95,4541,4538.95,4540.05,120,
2024-07-22 14:29:00+05:30,4540.05,4541.65,4538.3,4539.35,460,
2024-07-22 14:30:00+05:30,4541.35,4542,4540.2,4541.2,63,
2024-07-22 14:31:00+05:30,4541.2,4542,4540.55,4540.9,398,
2024-07-22 14:32:00+05:30,4540.9,4542,4540.9,4541.1,260,
2024-07-22 14:33:00+05:30,4541.1,4543.8,4541.1,4542.2,96,
2024-07-22 14:34:00+05:30,4542.2,4544,4541,4542.1,226,
2024-07-22 14:35:00+05:30,4542.1,4544.9,4542.1,4542.2,248,
2024-07-22 14:36:00+05:30,4542.2,4545,4542.2,4542.2,379,
2024-07-22 14:37:00+05:30,4542.2,4546.9,4542.2,4543.35,306,
2024-07-22 14:38:00+05:30,4543.35,4548.45,4543.35,4547.35,231,
2024-07-22 14:39:00+05:30,4547.35,4550,4540.35,4541.2,2644,
2024-07-22 14:40:00+05:30,4541.2,4545.6,4541.1,4544.35,198,
2024-07-22 14:41:00+05:30,4544.75,4546,4543.8,4546,224,
2024-07-22 14:42:00+05:30,4544.4,4550,4543.55,4545.7,1557,
2024-07-22 14:43:00+05:30,4545.7,4549,4544.75,4546.55,402,
2024-07-22 14:44:00+05:30,4546.55,4549.8,4546.55,4548.9,123,
2024-07-22 14:45:00+05:30,4548.9,4550,4545.65,4547.95,304,
2024-07-22 14:46:00+05:30,4547.95,4549.95,4545.15,4547.55,225,
2024-07-22 14:47:00+05:30,4547.55,4550,4546.05,4548.85,61,
2024-07-22 14:48:00+05:30,4550,4550,4545.95,4546.9,449,
2024-07-22 14:49:00+05:30,4548.95,4550,4547.2,4548.4,134,
2024-07-22 14:50:00+05:30,4548.4,4550.35,4546.15,4547.7,1098,
2024-07-22 14:51:00+05:30,4547.7,4550,4547.4,4547.6,262,
2024-07-22 14:52:00+05:30,4547.6,4550.35,4547.4,4549.1,194,
2024-07-22 14:53:00+05:30,4549.1,4550,4548.8,4549.5,144,
2024-07-22 14:54:00+05:30,4549.5,4550,4546.1,4546.85,408,
2024-07-22 14:55:00+05:30,4546.85,4549.95,4546.85,4548.1,135,
2024-07-22 14:56:00+05:30,4548.1,4549.5,4545.1,4545.7,861,
2024-07-22 14:57:00+05:30,4545.65,4550.2,4543.6,4546.6,1027,
2024-07-22 14:58:00+05:30,4549.15,4549.9,4543.65,4544.15,256,
2024-07-22 14:59:00+05:30,4544.15,4547,4543.9,4544.25,248,
2024-07-22 15:00:00+05:30,4544.25,4549,4543.8,4544.1,846,
2024-07-22 15:01:00+05:30,4544.1,4547.5,4540.65,4544.5,916,
2024-07-22 15:02:00+05:30,4544.5,4546.95,4543.6,4546.1,531,
2024-07-22 15:03:00+05:30,4546.1,4547,4540.95,4544.75,1752,
2024-07-22 15:04:00+05:30,4542.95,4545.55,4542.2,4544.75,735,
2024-07-22 15:05:00+05:30,4544.75,4547,4544,4546.7,739,
2024-07-22 15:06:00+05:30,4546.4,4548.4,4544.05,4546.7,1324,
2024-07-22 15:07:00+05:30,4546.7,4548.05,4545.2,4547.2,1041,
2024-07-22 15:08:00+05:30,4547.7,4547.9,4541.1,4543.85,1933,
2024-07-22 15:09:00+05:30,4543.85,4544.95,4540.3,4542.45,1087,
2024-07-22 15:10:00+05:30,4543.1,4544.5,4540,4541.7,640,
2024-07-22 15:11:00+05:30,4541.7,4541.7,4535,4536.45,2285,
2024-07-22 15:12:00+05:30,4536.15,4538.95,4535.2,4536.85,952,
2024-07-22 15:13:00+05:30,4536.85,4537.45,4535,4535.7,1399,
2024-07-22 15:14:00+05:30,4535.7,4537.45,4535.1,4537.25,853,
2024-07-22 15:15:00+05:30,4537.45,4540,4537.35,4539.7,712,
2024-07-22 15:16:00+05:30,4539.7,4541.9,4537.6,4537.8,900,
2024-07-22 15:17:00+05:30,4538.95,4542.6,4536.05,4536.2,2163,
2024-07-22 15:18:00+05:30,4535.15,4537.45,4531.45,4536.15,1814,
2024-07-22 15:19:00+05:30,4536.15,4537.45,4530.95,4534.45,584,
2024-07-22 15:20:00+05:30,4535,4535,4523.35,4523.6,3542,
2024-07-22 15:21:00+05:30,4523.6,4525.45,4521.2,4522.35,1497,
2024-07-22 15:22:00+05:30,4522.35,4527.55,4520.1,4523.4,1953,
2024-07-22 15:23:00+05:30,4522.3,4525.7,4521.05,4524.8,1266,
2024-07-22 15:24:00+05:30,4523.3,4524.85,4520.1,4520.8,1199,
2024-07-22 15:25:00+05:30,4520.85,4524,4520.1,4523.1,611,
2024-07-22 15:26:00+05:30,4523.9,4525.75,4520.1,4525.25,1768,
2024-07-22 15:27:00+05:30,4524.5,4526.9,4516.7,4524.05,1126,
2024-07-22 15:28:00+05:30,4524.05,4530.65,4510.2,4510.25,1529,
2024-07-22 15:29:00+05:30,4512.85,4532.75,4511,4519.05,231,
2024-07-23 09:15:00+05:30,4521,4541.05,4517.65,4530.65,4091,
2024-07-23 09:16:00+05:30,4526.7,4530.25,4520.7,4521.75,2027,
2024-07-23 09:17:00+05:30,4521.3,4539.35,4519.65,4536.8,1344,
2024-07-23 09:18:00+05:30,4536.8,4536.8,4526.3,4528.9,404,
2024-07-23 09:19:00+05:30,4528.9,4532.35,4521.75,4528.25,1187,
2024-07-23 09:20:00+05:30,4532.2,4532.45,4520.05,4525.85,2248,
2024-07-23 09:21:00+05:30,4525.85,4528.05,4520.1,4522.65,348,
2024-07-23 09:22:00+05:30,4522.65,4522.7,4512,4520.8,3223,
2024-07-23 09:23:00+05:30,4520.8,4526.75,4516.1,4519.35,604,
2024-07-23 09:24:00+05:30,4519.35,4519.85,4512.6,4514,495,
2024-07-23 09:25:00+05:30,4514,4515.55,4503.2,4505.15,3434,
2024-07-23 09:26:00+05:30,4505.15,4509.95,4505.1,4505.2,826,
2024-07-23 09:27:00+05:30,4505.25,4512.05,4505.25,4506.05,790,
2024-07-23 09:28:00+05:30,4507,4510.35,4506.05,4510.3,776,
2024-07-23 09:29:00+05:30,4510.3,4521.9,4507.8,4521.9,1091,
2024-07-23 09:30:00+05:30,4519.3,4519.3,4510.25,4510.9,693,
2024-07-23 09:31:00+05:30,4510.9,4510.9,4503.55,4506.25,1188,
2024-07-23 09:32:00+05:30,4506.25,4510.65,4505.5,4507.35,494,
2024-07-23 09:33:00+05:30,4507.35,4509.35,4501.5,4504.35,481,
2024-07-23 09:34:00+05:30,4504.35,4507.3,4502.55,4503.6,333,
2024-07-23 09:35:00+05:30,4503.6,4506.85,4502,4503.05,1510,
2024-07-23 09:36:00+05:30,4503.05,4506.85,4502.35,4506.85,421,
2024-07-23 09:37:00+05:30,4505.6,4517.9,4504.75,4515.55,567,
2024-07-23 09:38:00+05:30,4515.55,4518.3,4510.2,4512.05,508,
2024-07-23 09:39:00+05:30,4512.05,4513,4509.1,4509.1,237,
2024-07-23 09:40:00+05:30,4510.5,4512.95,4505.5,4508.7,311,
2024-07-23 09:41:00+05:30,4508.7,4508.7,4504,4504.05,396,
2024-07-23 09:42:00+05:30,4504.05,4508.95,4504,4508.9,304,
2024-07-23 09:43:00+05:30,4509.6,4512,4505.95,4507.15,474,
2024-07-23 09:44:00+05:30,4506.8,4512.7,4506.8,4508.85,273,
2024-07-23 09:45:00+05:30,4508.85,4515.6,4508.85,4510.2,634,
2024-07-23 09:46:00+05:30,4510.4,4512.9,4507.85,4510.6,374,
2024-07-23 09:47:00+05:30,4510.6,4514.25,4508.6,4511.8,287,
2024-07-23 09:48:00+05:30,4511.8,4514.3,4510.25,4512,321,
2024-07-23 09:49:00+05:30,4512,4513,4508.75,4510.75,232,
2024-07-23 09:50:00+05:30,4510.75,4513,4508.95,4510.7,239,
2024-07-23 09:51:00+05:30,4510.7,4514.2,4510.5,4513.4,304,
2024-07-23 09:52:00+05:30,4513.45,4515.5,4511.1,4511.15,364,
2024-07-23 09:53:00+05:30,4511.15,4513.7,4510.7,4512,608,
2024-07-23 09:54:00+05:30,4512,4514.55,4511.25,4513.6,287,
2024-07-23 09:55:00+05:30,4513.6,4514.75,4509.75,4510.5,601,
2024-07-23 09:56:00+05:30,4510.5,4513.45,4510.05,4510.05,331,
2024-07-23 09:57:00+05:30,4510.05,4513.4,4509.55,4510.4,183,
2024-07-23 09:58:00+05:30,4510.4,4513.6,4508.7,4508.75,309,
2024-07-23 09:59:00+05:30,4508.8,4511.9,4507.75,4509.25,217,
2024-07-23 10:00:00+05:30,4507.75,4510.45,4505.65,4505.75,691,
2024-07-23 10:01:00+05:30,4505.75,4510,4505.65,4510,225,
2024-07-23 10:02:00+05:30,4510,4513.75,4508.75,4511.6,375,
2024-07-23 10:03:00+05:30,4513.9,4521.7,4510.35,4513.7,1171,
2024-07-23 10:04:00+05:30,4513.7,4514.9,4509.15,4511.65,388,
2024-07-23 10:05:00+05:30,4511.65,4513.5,4508.2,4510.25,202,
2024-07-23 10:06:00+05:30,4510.3,4512.85,4508.65,4512.85,223,
2024-07-23 10:07:00+05:30,4512.85,4517.65,4512.8,4514.1,193,
2024-07-23 10:08:00+05:30,4514.1,4516.9,4513.3,4513.35,284,
2024-07-23 10:09:00+05:30,4513.35,4517,4513.3,4515.25,261,
2024-07-23 10:10:00+05:30,4515.25,4517.15,4514,4514.8,255,
2024-07-23 10:11:00+05:30,4514.8,4515,4508.7,4508.8,348,
2024-07-23 10:12:00+05:30,4508.8,4510,4505,4510,348,
2024-07-23 10:13:00+05:30,4510,4513.9,4508.4,4510.05,232,
2024-07-23 10:14:00+05:30,4510.05,4512.7,4509.85,4509.85,192,
2024-07-23 10:15:00+05:30,4509.85,4514.1,4509.05,4509.7,1077,
2024-07-23 10:16:00+05:30,4509.7,4511.65,4505.2,4505.5,353,
2024-07-23 10:17:00+05:30,4505.5,4507.5,4505,4505,337,
2024-07-23 10:18:00+05:30,4505,4509.75,4503.95,4509.55,297,
2024-07-23 10:19:00+05:30,4507.5,4511.45,4507.35,4507.4,213,
2024-07-23 10:20:00+05:30,4507.4,4510.8,4505.95,4506.75,320,
2024-07-23 10:21:00+05:30,4506.75,4510.4,4505.05,4507.9,264,
2024-07-23 10:22:00+05:30,4507.9,4509.4,4505,4505.05,245,
2024-07-23 10:23:00+05:30,4505.05,4507.8,4504.15,4505.3,219,
2024-07-23 10:24:00+05:30,4505.3,4505.7,4503.5,4503.5,292,
2024-07-23 10:25:00+05:30,4503.5,4509.65,4502,4507.25,1136,
2024-07-23 10:26:00+05:30,4507.25,4509.95,4504.35,4505.3,638,
2024-07-23 10:27:00+05:30,4505.3,4505.95,4502,4502.05,340,
2024-07-23 10:28:00+05:30,4502.05,4502.95,4495,4498.35,2132,
2024-07-23 10:29:00+05:30,4498.35,4501.45,4498.05,4499,312,
2024-07-23 10:30:00+05:30,4499.3,4503.5,4499.2,4500.7,1488,
2024-07-23 10:31:00+05:30,4500.7,4502.9,4498.45,4500.7,256,
2024-07-23 10:32:00+05:30,4500.7,4503,4499.6,4500.3,225,
2024-07-23 10:33:00+05:30,4500.3,4503.55,4500,4502.1,348,
2024-07-23 10:34:00+05:30,4502.1,4506.55,4502.1,4503.4,462,
2024-07-23 10:35:00+05:30,4503.4,4505.2,4500.85,4502.45,276,
2024-07-23 10:36:00+05:30,4502.45,4505.9,4502,4503.1,280,
2024-07-23 10:37:00+05:30,4503.1,4505,4501,4502.8,335,
2024-07-23 10:38:00+05:30,4502.8,4504,4500.05,4500.05,375,
2024-07-23 10:39:00+05:30,4500.05,4503.8,4500,4501.15,163,
2024-07-23 10:40:00+05:30,4501.15,4504.4,4500.5,4502,212,
2024-07-23 10:41:00+05:30,4502,4507.05,4502,4505.05,211,
2024-07-23 10:42:00+05:30,4505.05,4509.05,4504.6,4506.55,668,
2024-07-23 10:43:00+05:30,4506.55,4508.45,4505.45,4506.75,161,
2024-07-23 10:44:00+05:30,4506.75,4508.1,4505.15,4505.45,221,
2024-07-23 10:45:00+05:30,4505.45,4505.45,4500.05,4501,1016,
2024-07-23 10:46:00+05:30,4501,4502.95,4500,4500.4,223,
2024-07-23 10:47:00+05:30,4500.4,4501.2,4495.6,4496.9,1530,
2024-07-23 10:48:00+05:30,4496.9,4499.2,4490,4490.65,917,
2024-07-23 10:49:00+05:30,4490.65,4491.95,4486.25,4488.9,1295,
2024-07-23 10:50:00+05:30,4488.9,4490.25,4485.2,4488.6,814,
2024-07-23 10:51:00+05:30,4488.6,4489.9,4486.25,4489.9,846,
2024-07-23 10:52:00+05:30,4489.9,4489.9,4483.05,4485,932,
2024-07-23 10:53:00+05:30,4483.2,4484.95,4476.4,4476.65,1396,
2024-07-23 10:54:00+05:30,4477.4,4484,4477.2,4478.95,713,
2024-07-23 10:55:00+05:30,4478.95,4483,4478.95,4481.65,515,
2024-07-23 10:56:00+05:30,4481.65,4483,4479.8,4481.05,733,
2024-07-23 10:57:00+05:30,4481.05,4482.95,4480.95,4480.95,288,
2024-07-23 10:58:00+05:30,4480.95,4483,4479.8,4480.85,1031,
2024-07-23 10:59:00+05:30,4480.8,4484.2,4480.05,4480.35,455,
2024-07-23 11:00:00+05:30,4480.35,4483,4480.35,4482.9,271,
2024-07-23 11:01:00+05:30,4482.9,4483,4481.3,4482.3,262,
2024-07-23 11:02:00+05:30,4482.3,4487.1,4481.05,4483.6,687,
2024-07-23 11:03:00+05:30,4483.6,4485.1,4481.1,4482.25,513,
2024-07-23 11:04:00+05:30,4482.25,4487.8,4481.5,4482.8,636,
2024-07-23 11:05:00+05:30,4482.8,4483,4481.5,4482.45,203,
2024-07-23 11:06:00+05:30,4482.45,4483,4481.1,4483,237,
2024-07-23 11:07:00+05:30,4483,4487.75,4482.05,4484.7,867,
2024-07-23 11:08:00+05:30,4485.5,4491.95,4483.1,4490.15,862,
2024-07-23 11:09:00+05:30,4490.15,4491.6,4483.95,4485.85,983,
2024-07-23 11:10:00+05:30,4485.85,4490.85,4485.25,4486.3,936,
2024-07-23 11:11:00+05:30,4486.3,4492.85,4485.7,4490.4,820,
2024-07-23 11:12:00+05:30,4490.4,4492.7,4486.2,4487,1208,
2024-07-23 11:13:00+05:30,4487,4493.65,4486.8,4492.05,1157,
2024-07-23 11:14:00+05:30,4492.05,4493.7,4488.4,4491.65,781,
2024-07-23 11:15:00+05:30,4491.65,4493.9,4484.6,4484.6,1757,
2024-07-23 11:16:00+05:30,4484.6,4485.3,4475.05,4475.05,1384,
2024-07-23 11:17:00+05:30,4475.05,4475.7,4465.95,4473.05,1408,
2024-07-23 11:18:00+05:30,4473.45,4483,4473.15,4478.9,2857,
2024-07-23 11:19:00+05:30,4478.9,4482.6,4477.15,4480.75,361,
2024-07-23 11:20:00+05:30,4480.75,4486.6,4480.75,4484.85,683,
2024-07-23 11:21:00+05:30,4484.85,4489.9,4482.05,4483.85,842,
2024-07-23 11:22:00+05:30,4483.85,4488.1,4483.7,4487.7,927,
2024-07-23 11:23:00+05:30,4486.3,4487.7,4480.5,4481.3,775,
2024-07-23 11:24:00+05:30,4481.3,4483,4480,4481.1,286,
2024-07-23 11:25:00+05:30,4481.15,4483,4480,4480.05,314,
2024-07-23 11:26:00+05:30,4482.35,4483,4480,4481.85,332,
2024-07-23 11:27:00+05:30,4481.9,4483,4480.15,4482.15,520,
2024-07-23 11:28:00+05:30,4482.5,4488.95,4480.6,4487.4,834,
2024-07-23 11:29:00+05:30,4489,4489.2,4482.8,4483.75,758,
2024-07-23 11:30:00+05:30,4483.75,4487.9,4483.75,4483.95,716,
2024-07-23 11:31:00+05:30,4483.95,4486.25,4480.05,4482.2,763,
2024-07-23 11:32:00+05:30,4482.2,4484.6,4480.1,4480.6,504,
2024-07-23 11:33:00+05:30,4480.6,4482.75,4474.25,4479.65,1361,
2024-07-23 11:34:00+05:30,4479.65,4479.65,4475.1,4476.8,366,
2024-07-23 11:35:00+05:30,4476.8,4478.7,4471.4,4473.9,424,
2024-07-23 11:36:00+05:30,4473.9,4480.6,4472.65,4478.7,1628,
2024-07-23 11:37:00+05:30,4478.7,4481.25,4476.15,4477.55,735,
2024-07-23 11:38:00+05:30,4477.55,4482.8,4477.55,4481.75,389,
2024-07-23 11:39:00+05:30,4483,4484.35,4479.15,4484.35,775,
2024-07-23 11:40:00+05:30,4484.35,4485.85,4481.4,4484.35,808,
2024-07-23 11:41:00+05:30,4484.35,4485.8,4481,4481.85,679,
2024-07-23 11:42:00+05:30,4481.85,4485.95,4481.3,4482.4,1030,
2024-07-23 11:43:00+05:30,4482.4,4485.9,4482.4,4483.8,1133,
2024-07-23 11:44:00+05:30,4483.8,4489.65,4483.8,4486.5,919,
2024-07-23 11:45:00+05:30,4486.5,4489.15,4484.75,4486.35,827,
2024-07-23 11:46:00+05:30,4486.35,4488.85,4482.55,4482.95,860,
2024-07-23 11:47:00+05:30,4482.95,4486.6,4480.55,4483,997,
2024-07-23 11:48:00+05:30,4480.45,4486.55,4480.2,4482.1,1046,
2024-07-23 11:49:00+05:30,4480.65,4484.15,4480.15,4480.6,1247,
2024-07-23 11:50:00+05:30,4480.15,4483.3,4476.45,4478.85,1021,
2024-07-23 11:51:00+05:30,4478.85,4481,4478.75,4479.2,391,
2024-07-23 11:52:00+05:30,4479.2,4480.05,4479.1,4479.8,425,
2024-07-23 11:53:00+05:30,4479.85,4480,4471.15,4475.35,878,
2024-07-23 11:54:00+05:30,4475.75,4480,4475.35,4479.2,478,
2024-07-23 11:55:00+05:30,4479.2,4480,4477.85,4478.9,246,
2024-07-23 11:56:00+05:30,4479.5,4480,4475.85,4476.65,558,
2024-07-23 11:57:00+05:30,4477.5,4480,4476,4479.75,416,
2024-07-23 11:58:00+05:30,4479.75,4480,4476.9,4478.65,436,
2024-07-23 11:59:00+05:30,4478.65,4479.75,4475.35,4478.4,449,
2024-07-23 12:00:00+05:30,4478.4,4480,4475.45,4476.65,406,
2024-07-23 12:01:00+05:30,4476.65,4481.05,4476.65,4479.35,552,
2024-07-23 12:02:00+05:30,4479.35,4482.65,4477.55,4478,727,
2024-07-23 12:03:00+05:30,4479.7,4480,4478.65,4478.95,452,
2024-07-23 12:04:00+05:30,4478.95,4482.55,4477,4478.95,880,
2024-07-23 12:05:00+05:30,4479,4480.05,4477.25,4477.75,540,
2024-07-23 12:06:00+05:30,4477.75,4480,4477.75,4479.9,355,
2024-07-23 12:07:00+05:30,4479.9,4485,4478.85,4483.4,936,
2024-07-23 12:08:00+05:30,4483.65,4491.3,4483.65,4488.8,2882,
2024-07-23 12:09:00+05:30,4489.15,4491.75,4486.7,4487.15,972,
2024-07-23 12:10:00+05:30,4487.15,4489.9,4483.35,4484.4,1029,
2024-07-23 12:11:00+05:30,4484.8,4487.5,4480.1,4480.1,1068,
2024-07-23 12:12:00+05:30,4480.25,4482.55,4476.4,4476.45,594,
2024-07-23 12:13:00+05:30,4476.5,4479.25,4476.45,4476.75,295,
2024-07-23 12:14:00+05:30,4476.75,4480,4476.75,4477.1,505,
2024-07-23 12:15:00+05:30,4477.1,4479.9,4476.55,4476.55,315,
2024-07-23 12:16:00+05:30,4476.55,4479.25,4475,4476.95,649,
2024-07-23 12:17:00+05:30,4475.7,4478.7,4460,4460.05,2864,
2024-07-23 12:18:00+05:30,4460.15,4467,4454.4,4455.55,2464,
2024-07-23 12:19:00+05:30,4455.55,4455.55,4439.35,4445.55,2639,
2024-07-23 12:20:00+05:30,4445.55,4448.1,4434.25,4442.45,1092,
2024-07-23 12:21:00+05:30,4442.5,4451.25,4438.35,4451.25,577,
2024-07-23 12:22:00+05:30,4451.25,4454.9,4430.55,4431.75,1840,
2024-07-23 12:23:00+05:30,4433.8,4438.1,4430.4,4434.35,654,
2024-07-23 12:24:00+05:30,4434.5,4440.35,4432,4434.9,1516,
2024-07-23 12:25:00+05:30,4434.9,4440,4431.05,4433.35,1596,
2024-07-23 12:26:00+05:30,4433.35,4437.8,4427.05,4427.05,1957,
2024-07-23 12:27:00+05:30,4435.55,4441.5,4427.05,4430,2272,
2024-07-23 12:28:00+05:30,4430,4434.75,4425.5,4426.15,1015,
2024-07-23 12:29:00+05:30,4426.15,4430,4422.75,4423.45,626,
2024-07-23 12:30:00+05:30,4423.4,4426.75,4415.1,4417.45,1080,
2024-07-23 12:31:00+05:30,4417.45,4419.75,4396.3,4406.5,4416,
2024-07-23 12:32:00+05:30,4408.7,4408.85,4395.3,4396.3,1015,
2024-07-23 12:33:00+05:30,4399.95,4420,4399.95,4417.75,928,
2024-07-23 12:34:00+05:30,4417.75,4430,4417.25,4429.9,2010,
2024-07-23 12:35:00+05:30,4433,4436.45,4427.65,4430.65,2781,
2024-07-23 12:36:00+05:30,4432.95,4434.2,4428.05,4434.2,1629,
2024-07-23 12:37:00+05:30,4434.2,4435.1,4428.65,4434.95,1881,
2024-07-23 12:38:00+05:30,4434.95,4442.75,4424,4431.4,2069,
2024-07-23 12:39:00+05:30,4431.4,4438.95,4430,4437.9,1286,
2024-07-23 12:40:00+05:30,4437.9,4438.65,4428.05,4430,1620,
2024-07-23 12:41:00+05:30,4430,4444.6,4430,4434.7,2021,
2024-07-23 12:42:00+05:30,4434.7,4443.7,4434.7,4442.3,1582,
2024-07-23 12:43:00+05:30,4442.3,4444.8,4437.95,4440.8,1374,
2024-07-23 12:44:00+05:30,4440.8,4446.25,4440.25,4445.3,2471,
2024-07-23 12:45:00+05:30,4445.3,4445.95,4433.85,4433.85,1079,
2024-07-23 12:46:00+05:30,4434.95,4439.85,4430.65,4431.15,1523,
2024-07-23 12:47:00+05:30,4431.15,4444.75,4431.15,4437.85,1829,
2024-07-23 12:48:00+05:30,4438.85,4443.7,4431.95,4431.95,2257,
2024-07-23 12:49:00+05:30,4431.95,4439.3,4431.95,4436.75,1880,
2024-07-23 12:50:00+05:30,4436.75,4445,4433.65,4442.5,2924,
2024-07-23 12:51:00+05:30,4442.5,4452.55,4440.8,4447.2,3387,
2024-07-23 12:52:00+05:30,4447.3,4452.45,4444.35,4446.75,2428,
2024-07-23 12:53:00+05:30,4447.2,4455,4447.2,4449.4,1984,
2024-07-23 12:54:00+05:30,4459.35,4465,4456,4460.8,8704,
2024-07-23 12:55:00+05:30,4461.1,4472.7,4461.05,4471.6,4574,
2024-07-23 12:56:00+05:30,4467.05,4474.65,4465.65,4474.65,2129,
2024-07-23 12:57:00+05:30,4471.2,4479.95,4468.05,4475,3650,
2024-07-23 12:58:00+05:30,4475,4480,4468.1,4468.55,4424,
2024-07-23 12:59:00+05:30,4468.55,4475.15,4467.25,4474.3,1445,
2024-07-23 13:00:00+05:30,4474.4,4481.9,4467.8,4468.1,2413,
2024-07-23 13:01:00+05:30,4468.4,4478.75,4463.4,4475.35,1091,
2024-07-23 13:02:00+05:30,4475.35,4482.45,4473.05,4479.45,1258,
2024-07-23 13:03:00+05:30,4480.95,4482.7,4475.7,4477,1488,
2024-07-23 13:04:00+05:30,4477,4484,4475.75,4481.6,952,
2024-07-23 13:05:00+05:30,4481.6,4490,4481.5,4488.05,1022,
2024-07-23 13:06:00+05:30,4491.1,4496.95,4486.55,4494.4,1393,
2024-07-23 13:07:00+05:30,4494.4,4497.75,4490.15,4492.5,1336,
2024-07-23 13:08:00+05:30,4492.5,4496.1,4490.05,4493.85,907,
2024-07-23 13:09:00+05:30,4493.1,4496.65,4485.6,4492.4,1239,
2024-07-23 13:10:00+05:30,4492.4,4494.75,4488.95,4494.75,839,
2024-07-23 13:11:00+05:30,4494.75,4494.75,4486.1,4492.65,1511,
2024-07-23 13:12:00+05:30,4492.65,4494.7,4488.1,4492.15,1009,
2024-07-23 13:13:00+05:30,4492.15,4494.25,4485.1,4485.15,978,
2024-07-23 13:14:00+05:30,4485.15,4486.1,4475.95,4479.75,1165,
2024-07-23 13:15:00+05:30,4479.75,4484.1,4477.1,4481.3,1082,
2024-07-23 13:16:00+05:30,4481.3,4483.3,4476.8,4481.95,867,
2024-07-23 13:17:00+05:30,4481.95,4492.75,4480.4,4487.75,6455,
2024-07-23 13:18:00+05:30,4487.75,4494.75,4485.55,4492,3169,
2024-07-23 13:19:00+05:30,4490.5,4492.1,4488,4490.05,991,
2024-07-23 13:20:00+05:30,4491.05,4495,4488.05,4492.8,1135,
2024-07-23 13:21:00+05:30,4492.8,4497,4492.8,4495.65,1119,
2024-07-23 13:22:00+05:30,4495.65,4497.6,4489.4,4489.4,1598,
2024-07-23 13:23:00+05:30,4488.3,4493.25,4488.2,4490.6,847,
2024-07-23 13:24:00+05:30,4490.6,4497.95,4490.55,4495.45,1270,
2024-07-23 13:25:00+05:30,4497.25,4497.4,4491.65,4491.9,687,
2024-07-23 13:26:00+05:30,4492.35,4497,4490.25,4495.2,1002,
2024-07-23 13:27:00+05:30,4497,4501,4495.25,4500,1410,
2024-07-23 13:28:00+05:30,4500.05,4503.85,4500,4500.15,577,
2024-07-23 13:29:00+05:30,4502.45,4503.65,4496.55,4500.05,988,
2024-07-23 13:30:00+05:30,4501.7,4504.95,4500,4500.15,312,
2024-07-23 13:31:00+05:30,4500.15,4504.7,4500,4500,893,
2024-07-23 13:32:00+05:30,4502.4,4502.75,4498,4500.05,1297,
2024-07-23 13:33:00+05:30,4500.05,4501.45,4496.8,4497.25,1011,
2024-07-23 13:34:00+05:30,4499.9,4503,4497.35,4501.2,522,
2024-07-23 13:35:00+05:30,4501.2,4504,4500.05,4500.4,651,
2024-07-23 13:36:00+05:30,4500.4,4503.9,4500.05,4500.35,475,
2024-07-23 13:37:00+05:30,4500.35,4502.75,4497.05,4500.05,971,
2024-07-23 13:38:00+05:30,4500.05,4502.2,4500,4500.55,364,
2024-07-23 13:39:00+05:30,4500.55,4500.65,4497.9,4500.4,1482,
2024-07-23 13:40:00+05:30,4500.4,4502,4500,4502,414,
2024-07-23 13:41:00+05:30,4501.45,4503.4,4497.2,4500.05,950,
2024-07-23 13:42:00+05:30,4500.05,4501.65,4495.85,4500.2,1145,
2024-07-23 13:43:00+05:30,4500,4503.45,4498.6,4502.05,611,
2024-07-23 13:44:00+05:30,4502.05,4503.9,4500,4500.6,298,
2024-07-23 13:45:00+05:30,4502.75,4503,4500.4,4500.75,300,
2024-07-23 13:46:00+05:30,4500.75,4502.75,4500.05,4500.45,483,
2024-07-23 13:47:00+05:30,4500.5,4503.55,4500,4500.05,812,
2024-07-23 13:48:00+05:30,4500.05,4503.45,4500,4500.5,1472,
2024-07-23 13:49:00+05:30,4500.5,4505.95,4500.4,4504.65,1222,
2024-07-23 13:50:00+05:30,4504.65,4513,4504.35,4510,1955,
2024-07-23 13:51:00+05:30,4508.8,4513.7,4506.3,4511.1,1425,
2024-07-23 13:52:00+05:30,4511.4,4513.9,4510,4511.4,713,
2024-07-23 13:53:00+05:30,4513.55,4514.4,4510.05,4511.4,1102,
2024-07-23 13:54:00+05:30,4511.4,4515,4507.1,4509.1,954,
2024-07-23 13:55:00+05:30,4509.1,4514.1,4507.95,4512.3,965,
2024-07-23 13:56:00+05:30,4512.3,4517.95,4512.3,4516.1,866,
2024-07-23 13:57:00+05:30,4516.1,4519.85,4513.7,4517.55,725,
2024-07-23 13:58:00+05:30,4517.55,4525,4517.5,4521.1,1309,
2024-07-23 13:59:00+05:30,4521.1,4524.95,4517.8,4518.95,1580,
2024-07-23 14:00:00+05:30,4518.95,4522.8,4517.55,4519,750,
2024-07-23 14:01:00+05:30,4517.8,4522.9,4517.75,4518.15,675,
2024-07-23 14:02:00+05:30,4519.5,4520.65,4513.5,4517.55,1109,
2024-07-23 14:03:00+05:30,4516.9,4517.5,4505.75,4507.7,2192,
2024-07-23 14:04:00+05:30,4507.9,4514.9,4507.3,4512.55,1055,
2024-07-23 14:05:00+05:30,4512.55,4519.4,4510.55,4516.4,2621,
2024-07-23 14:06:00+05:30,4516.4,4520.05,4515.65,4518.25,760,
2024-07-23 14:07:00+05:30,4518.25,4522.85,4513.15,4513.15,2142,
2024-07-23 14:08:00+05:30,4515.1,4518.7,4512.7,4515,673,
2024-07-23 14:09:00+05:30,4515.25,4522,4515.25,4518.25,662,
2024-07-23 14:10:00+05:30,4520,4524,4515.55,4520,808,
2024-07-23 14:11:00+05:30,4517.4,4525,4515,4515,2207,
2024-07-23 14:12:00+05:30,4518.05,4521.3,4515,4518.6,643,
2024-07-23 14:13:00+05:30,4518.6,4520,4515,4515,570,
2024-07-23 14:14:00+05:30,4515,4517.9,4511.35,4513.5,2243,
2024-07-23 14:15:00+05:30,4513.5,4519.95,4511.4,4512.8,1135,
2024-07-23 14:16:00+05:30,4512.8,4519.95,4508.55,4513.15,5086,
2024-07-23 14:17:00+05:30,4513.15,4518.85,4511.25,4514.95,1611,
2024-07-23 14:18:00+05:30,4513.75,4516.45,4508,4510.45,1937,
2024-07-23 14:19:00+05:30,4510.55,4517.2,4510.55,4517.2,1000,
2024-07-23 14:20:00+05:30,4514.65,4519.2,4512.8,4515.3,540,
2024-07-23 14:21:00+05:30,4515.35,4517.6,4509.2,4510.15,904,
2024-07-23 14:22:00+05:30,4510.2,4517.65,4510.1,4511.5,1672,
2024-07-23 14:23:00+05:30,4511.55,4516.3,4510.85,4511.8,1179,
2024-07-23 14:24:00+05:30,4511.8,4517,4511.8,4512.05,765,
2024-07-23 14:25:00+05:30,4512.05,4514.4,4507,4510.8,1023,
2024-07-23 14:26:00+05:30,4510.8,4518.45,4507.05,4512.8,2486,
2024-07-23 14:27:00+05:30,4512.8,4520,4511.45,4511.45,4990,
2024-07-23 14:28:00+05:30,4511.35,4515,4507.2,4512.9,3620,
2024-07-23 14:29:00+05:30,4512.9,4515.7,4500.95,4507.2,3933,
2024-07-23 14:30:00+05:30,4508.15,4509.7,4502.2,4502.8,1689,
2024-07-23 14:31:00+05:30,4502.75,4511.3,4500.6,4511.3,1259,
2024-07-23 14:32:00+05:30,4508.7,4515.85,4508.55,4512.25,1217,
2024-07-23 14:33:00+05:30,4511.75,4516.15,4511.6,4513.4,568,
2024-07-23 14:34:00+05:30,4511.4,4514.75,4510.05,4511.95,612,
2024-07-23 14:35:00+05:30,4511.95,4515.6,4510.5,4513.1,916,
2024-07-23 14:36:00+05:30,4513.1,4519.8,4513.1,4519.7,608,
2024-07-23 14:37:00+05:30,4517.6,4523.35,4517.6,4518.05,1141,
2024-07-23 14:38:00+05:30,4517.45,4524.6,4516.6,4521.55,951,
2024-07-23 14:39:00+05:30,4519.3,4525,4519.1,4520.15,924,
2024-07-23 14:40:00+05:30,4519.9,4525,4518.9,4522.85,766,
2024-07-23 14:41:00+05:30,4522.85,4526.85,4521,4524,767,
2024-07-23 14:42:00+05:30,4521.85,4526.95,4521.75,4523.9,827,
2024-07-23 14:43:00+05:30,4523.9,4527,4521.5,4525.2,739,
2024-07-23 14:44:00+05:30,4525.15,4527,4521.5,4523.9,860,
2024-07-23 14:45:00+05:30,4523.9,4528.45,4520.75,4526.7,774,
2024-07-23 14:46:00+05:30,4526.9,4530,4526.15,4528.2,810,
2024-07-23 14:47:00+05:30,4528.3,4532.8,4528.25,4532.8,726,
2024-07-23 14:48:00+05:30,4530.6,4532.35,4528.15,4529.95,883,
2024-07-23 14:49:00+05:30,4530,4532.95,4529.95,4530.5,882,
2024-07-23 14:50:00+05:30,4530.65,4533,4529.05,4529.8,939,
2024-07-23 14:51:00+05:30,4529.85,4533,4529.6,4530.75,964,
2024-07-23 14:52:00+05:30,4530.8,4535,4530.75,4532.75,951,
2024-07-23 14:53:00+05:30,4532.8,4535.6,4530.65,4532.15,1114,
2024-07-23 14:54:00+05:30,4532.15,4532.65,4528.9,4530.5,563,
2024-07-23 14:55:00+05:30,4530.55,4533.55,4530.55,4533.55,528,
2024-07-23 14:56:00+05:30,4531.25,4533.65,4529.35,4529.35,963,
2024-07-23 14:57:00+05:30,4530.5,4530.55,4525.05,4526.25,1175,
2024-07-23 14:58:00+05:30,4525.55,4528.2,4522.45,4525,1192,
2024-07-23 14:59:00+05:30,4525,4527.65,4521.05,4524,1709,
2024-07-23 15:00:00+05:30,4521.6,4530,4520.35,4525.1,4571,
2024-07-23 15:01:00+05:30,4525.05,4534,4525.05,4532.65,1853,
2024-07-23 15:02:00+05:30,4532.65,4535.75,4530.85,4533.95,2475,
2024-07-23 15:03:00+05:30,4534,4536.1,4531.4,4534.5,1499,
2024-07-23 15:04:00+05:30,4534.55,4537.85,4534.1,4534.8,6122,
2024-07-23 15:05:00+05:30,4534.75,4536.2,4527.15,4528.55,57379,
2024-07-23 15:06:00+05:30,4528.55,4532,4525.55,4528.1,1293,
2024-07-23 15:07:00+05:30,4528.2,4528.45,4522.95,4525.2,1494,
2024-07-23 15:08:00+05:30,4525.25,4529.75,4525,4526.4,1491,
2024-07-23 15:09:00+05:30,4528.05,4529.9,4525.55,4527.8,1377,
2024-07-23 15:10:00+05:30,4527.8,4531.05,4527.8,4529.45,1015,
2024-07-23 15:11:00+05:30,4529.5,4531.95,4525.85,4527.3,1632,
2024-07-23 15:12:00+05:30,4527.3,4529.5,4527.25,4527.95,828,
2024-07-23 15:13:00+05:30,4528.05,4530.9,4525.65,4525.65,2421,
2024-07-23 15:14:00+05:30,4525.65,4526.55,4521.05,4524.3,2150,
2024-07-23 15:15:00+05:30,4526.2,4528,4521.15,4526.2,1518,
2024-07-23 15:16:00+05:30,4527.95,4529.9,4526.2,4527.8,1962,
2024-07-23 15:17:00+05:30,4527.75,4532,4524.7,4524.75,2016,
2024-07-23 15:18:00+05:30,4524.9,4527.25,4521.45,4525.75,1966,
2024-07-23 15:19:00+05:30,4525.75,4526.4,4521.3,4524.35,1231,
2024-07-23 15:20:00+05:30,4524.4,4527.35,4522.8,4524.45,2726,
2024-07-23 15:21:00+05:30,4524.45,4527.95,4521.65,4523.7,2925,
2024-07-23 15:22:00+05:30,4523.6,4523.95,4511.65,4511.65,8129,
2024-07-23 15:23:00+05:30,4510.05,4515.85,4507.9,4513.45,3802,
2024-07-23 15:24:00+05:30,4513.05,4513.5,4510.9,4511.05,1434,
2024-07-23 15:25:00+05:30,4511.05,4513.4,4509.9,4510.05,2699,
2024-07-23 15:26:00+05:30,4510,4512.8,4509.85,4510,4595,
2024-07-23 15:27:00+05:30,4510,4512.4,4510,4510.6,2756,
2024-07-23 15:28:00+05:30,4512.35,4516.05,4510.05,4516.05,1893,
2024-07-23 15:29:00+05:30,4516.15,4518,4510,4510.05,527,
2024-07-24 09:15:00+05:30,4506.2,4570.95,4506.2,4531,8178,
2024-07-24 09:16:00+05:30,4531.7,4543.3,4522.4,4531.35,2310,
2024-07-24 09:17:00+05:30,4532,4532,4510.4,4514.95,1907,
2024-07-24 09:18:00+05:30,4513.75,4514.95,4501.45,4512.2,2758,
2024-07-24 09:19:00+05:30,4512.2,4514.95,4509.65,4509.9,632,
2024-07-24 09:20:00+05:30,4509.85,4511.8,4503.05,4504.25,784,
2024-07-24 09:21:00+05:30,4504.25,4524.05,4504.25,4524,5395,
2024-07-24 09:22:00+05:30,4524,4524.3,4515.75,4517,1118,
2024-07-24 09:23:00+05:30,4517,4518.2,4510.9,4511.1,2074,
2024-07-24 09:24:00+05:30,4511,4522.9,4509.8,4517.6,1435,
2024-07-24 09:25:00+05:30,4517.6,4517.6,4508.75,4515.25,749,
2024-07-24 09:26:00+05:30,4515.25,4515.25,4508,4510.4,790,
2024-07-24 09:27:00+05:30,4512.5,4521.95,4508,4520.8,834,
2024-07-24 09:28:00+05:30,4520.8,4520.8,4515,4515.5,187,
2024-07-24 09:29:00+05:30,4515.5,4519.7,4515,4515,165,
2024-07-24 09:30:00+05:30,4515,4519.35,4515,4515.8,271,
2024-07-24 09:31:00+05:30,4515.8,4523.35,4515.8,4520.6,615,
2024-07-24 09:32:00+05:30,4521.2,4523.9,4519.85,4522.1,693,
2024-07-24 09:33:00+05:30,4522.1,4527,4521.95,4522.35,188,
2024-07-24 09:34:00+05:30,4522.35,4525.4,4522.35,4522.65,207,
2024-07-24 09:35:00+05:30,4522.65,4526,4522.4,4524.7,310,
2024-07-24 09:36:00+05:30,4523.8,4526,4520.1,4524.4,249,
2024-07-24 09:37:00+05:30,4524.4,4524.4,4521,4523.45,136,
2024-07-24 09:38:00+05:30,4523.45,4528.9,4518.1,4518.1,1130,
2024-07-24 09:39:00+05:30,4517.35,4518.45,4508.7,4509.95,729,
2024-07-24 09:40:00+05:30,4508,4528.45,4508,4527,5182,
2024-07-24 09:41:00+05:30,4527,4527,4521.5,4525.8,264,
2024-07-24 09:42:00+05:30,4525.85,4531.35,4525.55,4527,467,
2024-07-24 09:43:00+05:30,4527,4531.45,4525,4527.2,399,
2024-07-24 09:44:00+05:30,4527.9,4529.2,4525,4525.05,309,
2024-07-24 09:45:00+05:30,4525.7,4529.7,4525.7,4527.05,316,
2024-07-24 09:46:00+05:30,4527.05,4530.3,4525,4525.6,584,
2024-07-24 09:47:00+05:30,4525.85,4532.45,4525.85,4531.25,475,
2024-07-24 09:48:00+05:30,4531.25,4532.55,4527.7,4530.55,456,
2024-07-24 09:49:00+05:30,4530.9,4532.1,4527,4527,605,
2024-07-24 09:50:00+05:30,4527,4531.35,4525.1,4531.35,4027,
2024-07-24 09:51:00+05:30,4531.5,4535,4531.5,4532.25,738,
2024-07-24 09:52:00+05:30,4532.25,4540.4,4532.2,4538.65,2478,
2024-07-24 09:53:00+05:30,4538.65,4544.1,4537.95,4538.8,1033,
2024-07-24 09:54:00+05:30,4539.7,4542.3,4537.95,4540.25,448,
2024-07-24 09:55:00+05:30,4540.25,4542.5,4538.9,4542,553,
2024-07-24 09:56:00+05:30,4542.25,4543,4537.55,4539.55,2270,
2024-07-24 09:57:00+05:30,4539.3,4546.85,4539.3,4545.1,2369,
2024-07-24 09:58:00+05:30,4544.15,4546.4,4542.25,4543.85,673,
2024-07-24 09:59:00+05:30,4543.85,4545.65,4535.15,4539.2,1339,
2024-07-24 10:00:00+05:30,4540.4,4543.95,4538.05,4539.65,389,
2024-07-24 10:01:00+05:30,4539.65,4543.65,4539.3,4542.9,349,
2024-07-24 10:02:00+05:30,4546.05,4546.05,4538.6,4540.55,913,
2024-07-24 10:03:00+05:30,4540.8,4544.5,4540.8,4543.95,470,
2024-07-24 10:04:00+05:30,4543.95,4546.15,4540.8,4545.25,402,
2024-07-24 10:05:00+05:30,4545.25,4547.55,4543.1,4547.55,958,
2024-07-24 10:06:00+05:30,4548,4550,4548,4549.95,415,
2024-07-24 10:07:00+05:30,4549.8,4556.55,4549.8,4554.85,913,
2024-07-24 10:08:00+05:30,4554.05,4554.9,4550.3,4551.15,950,
2024-07-24 10:09:00+05:30,4551.6,4555,4551.2,4554.7,432,
2024-07-24 10:10:00+05:30,4554.7,4555.3,4548.1,4549.4,687,
2024-07-24 10:11:00+05:30,4549.4,4550.9,4548.8,4549.75,276,
2024-07-24 10:12:00+05:30,4550,4550,4548.2,4548.55,344,
2024-07-24 10:13:00+05:30,4548.25,4550.15,4547.05,4548.55,614,
2024-07-24 10:14:00+05:30,4549.35,4550.4,4546.05,4547.85,540,
2024-07-24 10:15:00+05:30,4547.85,4551,4547.85,4551,637,
2024-07-24 10:16:00+05:30,4551.5,4554,4550.3,4550.85,530,
2024-07-24 10:17:00+05:30,4551.55,4554,4548.1,4551.2,941,
2024-07-24 10:18:00+05:30,4551.2,4554.65,4548.05,4549.05,682,
2024-07-24 10:19:00+05:30,4549.05,4553.9,4547.6,4550.05,476,
2024-07-24 10:20:00+05:30,4548.35,4551.05,4547.85,4550.4,714,
2024-07-24 10:21:00+05:30,4550.7,4551.95,4542,4542,580,
2024-07-24 10:22:00+05:30,4541.2,4546.25,4538.6,4546.25,3074,
2024-07-24 10:23:00+05:30,4546.75,4546.75,4542.2,4544.4,898,
2024-07-24 10:24:00+05:30,4544.5,4551.4,4543.85,4548,620,
2024-07-24 10:25:00+05:30,4548,4551.2,4545.75,4547.2,892,
2024-07-24 10:26:00+05:30,4547.45,4551.55,4546.45,4546.45,396,
2024-07-24 10:27:00+05:30,4546,4549.5,4545.35,4546.95,437,
2024-07-24 10:28:00+05:30,4547.75,4549.85,4545.4,4546.8,662,
2024-07-24 10:29:00+05:30,4548.9,4549.2,4543.7,4544.8,1016,
2024-07-24 10:30:00+05:30,4544.3,4547.4,4542.6,4544.75,561,
2024-07-24 10:31:00+05:30,4544.75,4546.7,4542.8,4546.7,290,
2024-07-24 10:32:00+05:30,4546.7,4548.7,4544,4548.7,562,
2024-07-24 10:33:00+05:30,4547.9,4549.75,4547.4,4549.1,471,
2024-07-24 10:34:00+05:30,4549.5,4549.5,4530.05,4530.05,1718,
2024-07-24 10:35:00+05:30,4530.85,4539.7,4530.85,4537.3,607,
2024-07-24 10:36:00+05:30,4537.3,4539.05,4537.3,4538.45,461,
2024-07-24 10:37:00+05:30,4538.45,4541.85,4536.5,4541.85,579,
2024-07-24 10:38:00+05:30,4540.85,4541.6,4535.95,4535.95,550,
2024-07-24 10:39:00+05:30,4535.7,4537.9,4534.35,4535.1,499,
2024-07-24 10:40:00+05:30,4535.1,4545.9,4535.1,4545.75,472,
2024-07-24 10:41:00+05:30,4545.7,4551.95,4543.85,4545.45,971,
2024-07-24 10:42:00+05:30,4545.45,4551.5,4545.3,4548.85,495,
2024-07-24 10:43:00+05:30,4549.6,4550.7,4547.45,4548.65,483,
2024-07-24 10:44:00+05:30,4548.65,4551,4548.5,4551,503,
2024-07-24 10:45:00+05:30,4551,4552.1,4550.15,4550.45,561,
2024-07-24 10:46:00+05:30,4552.1,4557,4550.4,4556.25,1013,
2024-07-24 10:47:00+05:30,4557.45,4560.7,4556.25,4560.7,2135,
2024-07-24 10:48:00+05:30,4560.7,4560.7,4556.05,4559.05,860,
2024-07-24 10:49:00+05:30,4557,4560,4556.4,4558.6,597,
2024-07-24 10:50:00+05:30,4558.6,4559.1,4554.9,4558.7,1039,
2024-07-24 10:51:00+05:30,4558.8,4560,4554,4555.65,1132,
2024-07-24 10:52:00+05:30,4555.65,4557.35,4547.15,4553.95,3096,
2024-07-24 10:53:00+05:30,4553.95,4555,4553,4554.2,439,
2024-07-24 10:54:00+05:30,4554.2,4559,4553.35,4558.15,922,
2024-07-24 10:55:00+05:30,4557.85,4559.05,4553.8,4553.8,752,
2024-07-24 10:56:00+05:30,4553.8,4555.7,4549.7,4555.4,1791,
2024-07-24 10:57:00+05:30,4555.4,4558.45,4551.8,4553.05,1999,
2024-07-24 10:58:00+05:30,4553.05,4557.5,4553.05,4554.7,926,
2024-07-24 10:59:00+05:30,4554.7,4559.05,4554.15,4557.55,1935,
2024-07-24 11:00:00+05:30,4557.55,4561,4557.45,4560.15,749,
2024-07-24 11:01:00+05:30,4561.15,4563.5,4559.5,4559.6,962,
2024-07-24 11:02:00+05:30,4559.55,4559.8,4554.05,4555.85,1084,
2024-07-24 11:03:00+05:30,4555.75,4556.65,4553.9,4554.5,489,
2024-07-24 11:04:00+05:30,4554.5,4561,4554.45,4560.4,656,
2024-07-24 11:05:00+05:30,4560.95,4561.45,4560,4560.05,595,
2024-07-24 11:06:00+05:30,4560.1,4560.85,4557.25,4557.75,987,
2024-07-24 11:07:00+05:30,4557.75,4561.4,4557.75,4560,319,
2024-07-24 11:08:00+05:30,4560,4560.25,4556.8,4557.45,397,
2024-07-24 11:09:00+05:30,4557.45,4559.15,4555.7,4556.65,507,
2024-07-24 11:10:00+05:30,4556.65,4559.95,4555.25,4557.05,652,
2024-07-24 11:11:00+05:30,4557.05,4560.75,4556.3,4556.65,899,
2024-07-24 11:12:00+05:30,4558.55,4559.75,4555.1,4555.1,395,
2024-07-24 11:13:00+05:30,4555.6,4557.25,4551,4556.05,1027,
2024-07-24 11:14:00+05:30,4556.05,4559.25,4552.45,4553.65,738,
2024-07-24 11:15:00+05:30,4551.75,4555.55,4551.75,4555.55,615,
2024-07-24 11:16:00+05:30,4555.55,4558.15,4552.45,4554.8,527,
2024-07-24 11:17:00+05:30,4554.8,4556.2,4549.5,4550.05,2106,
2024-07-24 11:18:00+05:30,4550.05,4554.75,4550.05,4552.7,355,
2024-07-24 11:19:00+05:30,4554.35,4557.8,4553.65,4555,811,
2024-07-24 11:20:00+05:30,4555,4557.45,4551.5,4551.55,485,
2024-07-24 11:21:00+05:30,4552.55,4554.2,4551.5,4554.1,472,
2024-07-24 11:22:00+05:30,4553.7,4555.4,4549,4550,732,
2024-07-24 11:23:00+05:30,4552.1,4552.65,4549.2,4550.45,362,
2024-07-24 11:24:00+05:30,4550.95,4552.75,4550.3,4550.7,718,
2024-07-24 11:25:00+05:30,4550.7,4556.2,4550.7,4552.8,1315,
2024-07-24 11:26:00+05:30,4552.8,4559.8,4551,4559.8,1093,
2024-07-24 11:27:00+05:30,4559.8,4563.55,4558.9,4560.2,693,
2024-07-24 11:28:00+05:30,4560.2,4561.35,4555.05,4556.3,886,
2024-07-24 11:29:00+05:30,4556.3,4558.4,4547.55,4551.85,2613,
2024-07-24 11:30:00+05:30,4551.85,4556.45,4550.15,4554,1144,
2024-07-24 11:31:00+05:30,4553.05,4558.4,4551.3,4558.1,691,
2024-07-24 11:32:00+05:30,4558.1,4560,4555.4,4557.8,756,
2024-07-24 11:33:00+05:30,4557.1,4561.4,4557.1,4559.8,604,
2024-07-24 11:34:00+05:30,4559.85,4564.95,4559.85,4563.2,1407,
2024-07-24 11:35:00+05:30,4561.55,4565,4561.55,4564.4,1127,
2024-07-24 11:36:00+05:30,4564.9,4565.95,4562.2,4562.8,1062,
2024-07-24 11:37:00+05:30,4560.8,4563.1,4559.8,4559.8,459,
2024-07-24 11:38:00+05:30,4559.8,4564.55,4559.6,4560.75,717,
2024-07-24 11:39:00+05:30,4561.45,4562.15,4560.05,4561.9,1196,
2024-07-24 11:40:00+05:30,4562.9,4566.45,4556.3,4562.85,2245,
2024-07-24 11:41:00+05:30,4559.7,4568.6,4559.7,4566.3,1320,
2024-07-24 11:42:00+05:30,4566,4569,4562,4562,2215,
2024-07-24 11:43:00+05:30,4562,4563.9,4555.15,4556.9,695,
2024-07-24 11:44:00+05:30,4556.95,4558.65,4555.35,4557.05,387,
2024-07-24 11:45:00+05:30,4558.55,4562.2,4556.65,4560.15,531,
2024-07-24 11:46:00+05:30,4560.15,4564.4,4560.15,4564.4,1012,
2024-07-24 11:47:00+05:30,4564.4,4569.25,4562.55,4565.25,3022,
2024-07-24 11:48:00+05:30,4565.25,4569.85,4565.25,4569.85,711,
2024-07-24 11:49:00+05:30,4569.85,4570,4566.95,4569,1858,
2024-07-24 11:50:00+05:30,4569,4573,4569,4570.45,3020,
2024-07-24 11:51:00+05:30,4570.8,4576.45,4570.3,4576.25,1927,
2024-07-24 11:52:00+05:30,4576.25,4579.3,4572.15,4574.25,2361,
2024-07-24 11:53:00+05:30,4574.25,4576.5,4571.8,4571.8,2207,
2024-07-24 11:54:00+05:30,4571.8,4575.35,4570.85,4575.35,1001,
2024-07-24 11:55:00+05:30,4575.35,4575.65,4573,4573,923,
2024-07-24 11:56:00+05:30,4573,4575.6,4573,4574.25,632,
2024-07-24 11:57:00+05:30,4574.25,4576.1,4574.25,4576.05,356,
2024-07-24 11:58:00+05:30,4576.05,4578.2,4575,4575,627,
2024-07-24 11:59:00+05:30,4575,4578.35,4575,4577.55,1637,
2024-07-24 12:00:00+05:30,4577.5,4577.55,4572.05,4573.15,5691,
2024-07-24 12:01:00+05:30,4573.15,4578,4573.15,4575.35,2146,
2024-07-24 12:02:00+05:30,4577.15,4577.5,4575,4575,708,
2024-07-24 12:03:00+05:30,4575,4576,4572.1,4575,370,
2024-07-24 12:04:00+05:30,4573.25,4577.55,4573.25,4575,2070,
2024-07-24 12:05:00+05:30,4578,4578,4574.4,4574.4,1073,
2024-07-24 12:06:00+05:30,4574.6,4577.1,4574.25,4574.25,968,
2024-07-24 12:07:00+05:30,4573.9,4575.8,4560.1,4560.1,2384,
2024-07-24 12:08:00+05:30,4560.1,4571.3,4560.1,4569.7,857,
2024-07-24 12:09:00+05:30,4570.3,4570.85,4567.1,4570.85,2293,
2024-07-24 12:10:00+05:30,4570.2,4572.55,4568.8,4568.9,622,
2024-07-24 12:11:00+05:30,4568.9,4573.55,4567.6,4571.8,1491,
2024-07-24 12:12:00+05:30,4571.8,4572.55,4568,4569.15,1456,
2024-07-24 12:13:00+05:30,4571,4573,4567.6,4567.6,380,
2024-07-24 12:14:00+05:30,4567.6,4573,4565.85,4572.75,998,
2024-07-24 12:15:00+05:30,4571.8,4573.4,4569.65,4573.2,686,
2024-07-24 12:16:00+05:30,4573.2,4573.2,4571,4571,352,
2024-07-24 12:17:00+05:30,4571,4572.95,4569.25,4569.25,433,
2024-07-24 12:18:00+05:30,4569.3,4570.2,4563.45,4566.55,705,
2024-07-24 12:19:00+05:30,4566.55,4569.7,4565.5,4566.25,360,
2024-07-24 12:20:00+05:30,4566.25,4568.3,4560.15,4560.7,1011,
2024-07-24 12:21:00+05:30,4560.1,4563.15,4560.1,4560.1,1297,
2024-07-24 12:22:00+05:30,4560.1,4563.3,4560.1,4563.25,333,
2024-07-24 12:23:00+05:30,4563.2,4563.95,4558.25,4560.75,1881,
2024-07-24 12:24:00+05:30,4560.75,4562.65,4558.7,4560.55,865,
2024-07-24 12:25:00+05:30,4560.55,4561.15,4558.2,4559.4,337,
2024-07-24 12:26:00+05:30,4559.4,4561.1,4559.25,4559.25,450,
2024-07-24 12:27:00+05:30,4559.25,4560.95,4558.2,4559.8,521,
2024-07-24 12:28:00+05:30,4563.65,4565.25,4561.25,4563.05,1200,
2024-07-24 12:29:00+05:30,4561.95,4563.1,4558.05,4559.85,276,
2024-07-24 12:30:00+05:30,4560.35,4560.35,4555.55,4557.95,449,
2024-07-24 12:31:00+05:30,4557.95,4559.75,4557.55,4559.55,346,
2024-07-24 12:32:00+05:30,4559.55,4561.1,4557.65,4558.3,1017,
2024-07-24 12:33:00+05:30,4559.9,4559.9,4550.85,4550.85,465,
2024-07-24 12:34:00+05:30,4550.7,4554,4550.1,4551.9,916,
2024-07-24 12:35:00+05:30,4551.9,4555.9,4551.85,4555.9,429,
2024-07-24 12:36:00+05:30,4555.35,4556,4552.95,4555,497,
2024-07-24 12:37:00+05:30,4555,4555,4545.05,4545.15,329,
2024-07-24 12:38:00+05:30,4545.05,4548.35,4538.8,4541.7,2138,
2024-07-24 12:39:00+05:30,4541.7,4541.7,4537,4538,638,
2024-07-24 12:40:00+05:30,4538,4540,4536,4536.1,525,
2024-07-24 12:41:00+05:30,4535.05,4544.85,4535.05,4541.6,588,
2024-07-24 12:42:00+05:30,4542.75,4546.8,4539.75,4546.8,328,
2024-07-24 12:43:00+05:30,4545.55,4548.7,4543.85,4548.1,511,
2024-07-24 12:44:00+05:30,4548.1,4548.1,4543,4546.2,913,
2024-07-24 12:45:00+05:30,4546.2,4549.4,4545.25,4548.9,299,
2024-07-24 12:46:00+05:30,4548.9,4549.85,4546.1,4549.85,502,
2024-07-24 12:47:00+05:30,4549.85,4550.75,4546.55,4550.75,355,
2024-07-24 12:48:00+05:30,4550.75,4553.95,4547.2,4553.85,829,
2024-07-24 12:49:00+05:30,4552.25,4554,4549.5,4551.1,580,
2024-07-24 12:50:00+05:30,4551.1,4553.15,4547.75,4548.85,341,
2024-07-24 12:51:00+05:30,4548.85,4551.9,4545.05,4548.55,1966,
2024-07-24 12:52:00+05:30,4548.55,4548.55,4545.3,4547.35,410,
2024-07-24 12:53:00+05:30,4547.35,4548.2,4545.2,4546.2,408,
2024-07-24 12:54:00+05:30,4545.45,4549.45,4545,4547,388,
2024-07-24 12:55:00+05:30,4547,4550,4547,4549.95,264,
2024-07-24 12:56:00+05:30,4549.35,4550.8,4545,4545,1140,
2024-07-24 12:57:00+05:30,4546.95,4548.2,4545,4547.55,463,
2024-07-24 12:58:00+05:30,4547.55,4551.4,4546.35,4550.45,356,
2024-07-24 12:59:00+05:30,4550.45,4553.55,4548.3,4552.7,1931,
2024-07-24 13:00:00+05:30,4552.7,4557.35,4550.35,4557.35,362,
2024-07-24 13:01:00+05:30,4557.35,4557.75,4550.85,4552.9,581,
2024-07-24 13:02:00+05:30,4552.9,4554.45,4550.15,4551.35,398,
2024-07-24 13:03:00+05:30,4551.35,4554.8,4551.35,4554,416,
2024-07-24 13:04:00+05:30,4552.65,4554.65,4552,4552.15,465,
2024-07-24 13:05:00+05:30,4552.15,4553.6,4546.65,4552,1275,
2024-07-24 13:06:00+05:30,4551.9,4552,4548.35,4550.4,406,
2024-07-24 13:07:00+05:30,4549,4552.9,4549,4550.85,399,
2024-07-24 13:08:00+05:30,4549.9,4551.9,4546.55,4549.6,574,
2024-07-24 13:09:00+05:30,4549.6,4551.85,4548.1,4551.35,372,
2024-07-24 13:10:00+05:30,4551.35,4553.95,4551.35,4553.6,336,
2024-07-24 13:11:00+05:30,4553.6,4553.85,4551.45,4551.8,529,
2024-07-24 13:12:00+05:30,4551.8,4553.55,4547.6,4548.4,1722,
2024-07-24 13:13:00+05:30,4548.4,4552.1,4548.4,4551.8,584,
2024-07-24 13:14:00+05:30,4551.75,4552.85,4550,4551.45,354,
2024-07-24 13:15:00+05:30,4551.45,4553,4548,4552.6,618,
2024-07-24 13:16:00+05:30,4551.3,4552.05,4549.5,4550.35,371,
2024-07-24 13:17:00+05:30,4550.35,4553.05,4549.5,4550.85,379,
2024-07-24 13:18:00+05:30,4550.35,4551.4,4548.85,4548.85,845,
2024-07-24 13:19:00+05:30,4548.85,4551.4,4545.7,4550.7,505,
2024-07-24 13:20:00+05:30,4550.7,4550.9,4547,4548.75,347,
2024-07-24 13:21:00+05:30,4549.6,4549.65,4546.1,4546.95,448,
2024-07-24 13:22:00+05:30,4546.95,4548.6,4545,4545.75,447,
2024-07-24 13:23:00+05:30,4545.85,4547,4544,4545.85,662,
2024-07-24 13:24:00+05:30,4545.85,4546.7,4544,4545.95,396,
2024-07-24 13:25:00+05:30,4545.95,4547.95,4544.05,4547.3,408,
2024-07-24 13:26:00+05:30,4545.4,4547.95,4544,4544.9,613,
2024-07-24 13:27:00+05:30,4544.9,4546.8,4536.9,4536.9,1221,
2024-07-24 13:28:00+05:30,4536.15,4541.2,4536.15,4540.9,744,
2024-07-24 13:29:00+05:30,4540.05,4545,4537.95,4542.55,701,
2024-07-24 13:30:00+05:30,4542.55,4543.4,4540.15,4542.85,326,
2024-07-24 13:31:00+05:30,4542.85,4542.95,4535.7,4536.55,737,
2024-07-24 13:32:00+05:30,4536.3,4538.55,4535.7,4537,950,
2024-07-24 13:33:00+05:30,4536.7,4537.65,4533,4534.3,657,
2024-07-24 13:34:00+05:30,4533.9,4542.95,4530,4542.7,7240,
2024-07-24 13:35:00+05:30,4542.7,4543.05,4540,4542.25,665,
2024-07-24 13:36:00+05:30,4541.85,4545.95,4539.75,4545.2,9924,
2024-07-24 13:37:00+05:30,4545.25,4549.35,4545.15,4548,383,
2024-07-24 13:38:00+05:30,4548,4548,4545.8,4546.8,368,
2024-07-24 13:39:00+05:30,4546.8,4547.75,4543.9,4547.75,365,
2024-07-24 13:40:00+05:30,4546.3,4547.75,4543.4,4544.35,334,
2024-07-24 13:41:00+05:30,4544.35,4545.95,4540,4541.8,352,
2024-07-24 13:42:00+05:30,4542.85,4544.85,4539.9,4541.1,332,
2024-07-24 13:43:00+05:30,4541.1,4542.15,4540,4540.85,576,
2024-07-24 13:44:00+05:30,4540.85,4541,4536.65,4540,356,
2024-07-24 13:45:00+05:30,4537.55,4541,4531.6,4540.35,8218,
2024-07-24 13:46:00+05:30,4540.3,4544.45,4540,4543.55,889,
2024-07-24 13:47:00+05:30,4543.55,4543.55,4540.5,4542.15,324,
2024-07-24 13:48:00+05:30,4541.3,4544.65,4541.15,4541.2,363,
2024-07-24 13:49:00+05:30,4541.4,4550,4541.4,4548.55,402,
2024-07-24 13:50:00+05:30,4548.55,4549.7,4545.95,4547.15,423,
2024-07-24 13:51:00+05:30,4547.15,4549,4540.55,4544.2,830,
2024-07-24 13:52:00+05:30,4543.05,4546.3,4535.9,4535.9,2149,
2024-07-24 13:53:00+05:30,4536.3,4543.35,4536.3,4541.7,420,
2024-07-24 13:54:00+05:30,4541.7,4544.65,4530.05,4530.05,2093,
2024-07-24 13:55:00+05:30,4533.45,4533.45,4522.25,4522.25,2660,
2024-07-24 13:56:00+05:30,4522.5,4523.6,4517.95,4519.65,2232,
2024-07-24 13:57:00+05:30,4519.55,4526,4519.15,4524.6,724,
2024-07-24 13:58:00+05:30,4524.65,4527.95,4524,4524.4,311,
2024-07-24 13:59:00+05:30,4524.4,4526.45,4522.9,4525.6,432,
2024-07-24 14:00:00+05:30,4524.95,4525.95,4523.55,4525.15,527,
2024-07-24 14:01:00+05:30,4525.15,4527.15,4521.55,4523.35,480,
2024-07-24 14:02:00+05:30,4522.8,4523.95,4521.2,4523.05,486,
2024-07-24 14:03:00+05:30,4522.3,4524.95,4520.9,4524.5,282,
2024-07-24 14:04:00+05:30,4524.5,4527.3,4522.55,4524.25,702,
2024-07-24 14:05:00+05:30,4524.25,4524.75,4519.15,4520.05,281,
2024-07-24 14:06:00+05:30,4520.05,4523.2,4519.25,4520.6,221,
2024-07-24 14:07:00+05:30,4520.6,4522,4520.05,4520.35,169,
2024-07-24 14:08:00+05:30,4521.5,4525.35,4519.45,4522.6,313,
2024-07-24 14:09:00+05:30,4522.6,4524.45,4520.45,4521.9,201,
2024-07-24 14:10:00+05:30,4521.9,4524.6,4521,4522,185,
2024-07-24 14:11:00+05:30,4522,4525.9,4521.65,4522.95,818,
2024-07-24 14:12:00+05:30,4522.95,4527.5,4522.95,4527.45,231,
2024-07-24 14:13:00+05:30,4527.45,4529.05,4525,4525.95,358,
2024-07-24 14:14:00+05:30,4525.95,4530.45,4525.95,4530.4,596,
2024-07-24 14:15:00+05:30,4529.95,4530.4,4528.1,4530.15,442,
2024-07-24 14:16:00+05:30,4530.15,4534.85,4530.15,4534.65,276,
2024-07-24 14:17:00+05:30,4534.65,4534.9,4529.35,4532.35,463,
2024-07-24 14:18:00+05:30,4532.35,4533.85,4530,4530.3,3085,
2024-07-24 14:19:00+05:30,4530.3,4532.6,4528,4528,883,
2024-07-24 14:20:00+05:30,4528,4531.6,4528,4530.65,566,
2024-07-24 14:21:00+05:30,4530.65,4531.85,4529.25,4531.85,877,
2024-07-24 14:22:00+05:30,4531.85,4534.6,4529.65,4534.6,895,
2024-07-24 14:23:00+05:30,4534.6,4535.3,4530.05,4531.3,1708,
2024-07-24 14:24:00+05:30,4529.8,4532.7,4528.6,4531.65,1357,
2024-07-24 14:25:00+05:30,4530.8,4533.1,4529.3,4533.05,780,
2024-07-24 14:26:00+05:30,4533.05,4533.95,4528.75,4530.2,1431,
2024-07-24 14:27:00+05:30,4530.2,4533.6,4530.2,4532.75,607,
2024-07-24 14:28:00+05:30,4532.75,4535.15,4530.35,4535.15,767,
2024-07-24 14:29:00+05:30,4535.25,4537.4,4533.3,4536.2,1212,
2024-07-24 14:30:00+05:30,4536.2,4540.75,4535.05,4540.65,582,
2024-07-24 14:31:00+05:30,4540.65,4545.4,4540.65,4545.4,1233,
2024-07-24 14:32:00+05:30,4545.4,4550,4545.05,4549.65,1457,
2024-07-24 14:33:00+05:30,4549.65,4550,4547.05,4548.65,776,
2024-07-24 14:34:00+05:30,4549,4549,4544.45,4547.95,1011,
2024-07-24 14:35:00+05:30,4548,4549.95,4546.45,4549.85,593,
2024-07-24 14:36:00+05:30,4550,4551.4,4544.85,4551.3,1834,
2024-07-24 14:37:00+05:30,4550,4555,4550,4552.65,2786,
2024-07-24 14:38:00+05:30,4552.65,4554.35,4550.15,4554.2,503,
2024-07-24 14:39:00+05:30,4554.2,4555.75,4550,4552.2,1478,
2024-07-24 14:40:00+05:30,4552.05,4556,4551.05,4554,989,
2024-07-24 14:41:00+05:30,4554,4558.25,4554,4558.25,897,
2024-07-24 14:42:00+05:30,4558.25,4558.25,4551.95,4554.8,786,
2024-07-24 14:43:00+05:30,4554.8,4557.7,4554.8,4557.7,764,
2024-07-24 14:44:00+05:30,4558,4561.7,4557.7,4558.65,1547,
2024-07-24 14:45:00+05:30,4558.7,4560,4555.5,4559.4,834,
2024-07-24 14:46:00+05:30,4559.4,4564.15,4559.4,4561.65,1836,
2024-07-24 14:47:00+05:30,4561.65,4563.9,4555.9,4556.05,1646,
2024-07-24 14:48:00+05:30,4556.05,4559.65,4556.05,4559.6,724,
2024-07-24 14:49:00+05:30,4559.2,4561.95,4559,4559.5,797,
2024-07-24 14:50:00+05:30,4559.5,4559.55,4557.05,4558.75,361,
2024-07-24 14:51:00+05:30,4558.7,4560.75,4552.5,4552.9,1153,
2024-07-24 14:52:00+05:30,4552.9,4559.35,4552.9,4554.6,786,
2024-07-24 14:53:00+05:30,4554.6,4558.55,4553.55,4556.5,1336,
2024-07-24 14:54:00+05:30,4556.5,4561.1,4553.95,4560,728,
2024-07-24 14:55:00+05:30,4558.5,4559.6,4552.6,4556.1,708,
2024-07-24 14:56:00+05:30,4556.1,4557.6,4553.2,4554.05,644,
2024-07-24 14:57:00+05:30,4554.6,4557.55,4554.3,4556.7,511,
2024-07-24 14:58:00+05:30,4556.7,4557.65,4556.7,4557.45,761,
2024-07-24 14:59:00+05:30,4557.45,4557.5,4554.95,4555.45,1961,
2024-07-24 15:00:00+05:30,4555.45,4556,4540.05,4544.5,3785,
2024-07-24 15:01:00+05:30,4544.5,4545.75,4540.9,4544.45,1304,
2024-07-24 15:02:00+05:30,4544.4,4549.65,4544.3,4548.05,1076,
2024-07-24 15:03:00+05:30,4549.45,4549.45,4548,4548.05,1012,
2024-07-24 15:04:00+05:30,4548.05,4550.35,4546.4,4549.6,1192,
2024-07-24 15:05:00+05:30,4549.6,4550.6,4544.35,4545.25,1269,
2024-07-24 15:06:00+05:30,4545.25,4548.55,4542.15,4543.55,1829,
2024-07-24 15:07:00+05:30,4543.55,4547.55,4543.55,4545.2,1715,
2024-07-24 15:08:00+05:30,4544.9,4549.55,4544.9,4549.15,723,
2024-07-24 15:09:00+05:30,4549.3,4556.2,4549.25,4556.2,1170,
2024-07-24 15:10:00+05:30,4554.05,4555.7,4553.2,4553.3,1331,
2024-07-24 15:11:00+05:30,4553.3,4556.7,4553.3,4554.45,907,
2024-07-24 15:12:00+05:30,4554.45,4555.85,4554.45,4554.95,929,
2024-07-24 15:13:00+05:30,4554.9,4556.75,4554.2,4555.25,1773,
2024-07-24 15:14:00+05:30,4555.85,4559.35,4554.3,4554.75,2773,
2024-07-24 15:15:00+05:30,4554.85,4558.1,4552.25,4552.55,1032,
2024-07-24 15:16:00+05:30,4552.9,4555,4552.9,4554.1,817,
2024-07-24 15:17:00+05:30,4554.1,4556.65,4554.05,4554.05,1163,
2024-07-24 15:18:00+05:30,4554,4556.05,4552.7,4554.7,1770,
2024-07-24 15:19:00+05:30,4554.65,4554.7,4552.85,4553.25,1141,
2024-07-24 15:20:00+05:30,4555.25,4559.25,4552.7,4552.8,9997,
2024-07-24 15:21:00+05:30,4552.8,4555.5,4552.8,4553.2,930,
2024-07-24 15:22:00+05:30,4553.2,4553.25,4553.05,4553.1,774,
2024-07-24 15:23:00+05:30,4553.05,4553.05,4550.5,4550.5,1284,
2024-07-24 15:24:00+05:30,4550.5,4550.65,4550.5,4550.55,1807,
2024-07-24 15:25:00+05:30,4550.55,4550.55,4541.4,4543.25,1514,
2024-07-24 15:26:00+05:30,4543.3,4547.25,4542.7,4546.6,1432,
2024-07-24 15:27:00+05:30,4546.65,4550.35,4546.55,4550.2,1149,
2024-07-24 15:28:00+05:30,4549.85,4550.65,4543.15,4547.8,863,
2024-07-24 15:29:00+05:30,4547.8,4549.75,4534.5,4544.8,536,
2024-07-25 09:15:00+05:30,4530,4540.5,4496.35,4506.8,4567,
2024-07-25 09:16:00+05:30,4506.1,4511.65,4501.05,4502.05,753,
2024-07-25 09:17:00+05:30,4503.75,4508.85,4502.05,4503.75,748,
2024-07-25 09:18:00+05:30,4506.2,4509.15,4502.1,4506.75,1787,
2024-07-25 09:19:00+05:30,4509.5,4512.95,4504.05,4506.4,1375,
2024-07-25 09:20:00+05:30,4507.15,4512.25,4505.35,4508,596,
2024-07-25 09:21:00+05:30,4508,4516.75,4506.3,4511.9,3161,
2024-07-25 09:22:00+05:30,4511.9,4512.8,4505.25,4507.2,2210,
2024-07-25 09:23:00+05:30,4509,4516.9,4506.35,4511.75,1281,
2024-07-25 09:24:00+05:30,4513.4,4517.85,4511.1,4515.4,1908,
2024-07-25 09:25:00+05:30,4514.35,4518,4506,4506,1543,
2024-07-25 09:26:00+05:30,4506,4509,4501.55,4501.6,2189,
2024-07-25 09:27:00+05:30,4502.15,4502.3,4495.05,4500.45,2621,
2024-07-25 09:28:00+05:30,4500.45,4503.5,4497.55,4498.85,1126,
2024-07-25 09:29:00+05:30,4498.85,4498.85,4495.05,4495.55,1250,
2024-07-25 09:30:00+05:30,4490.1,4497,4490,4494.1,2159,
2024-07-25 09:31:00+05:30,4495.35,4495.35,4489.65,4492.15,1503,
2024-07-25 09:32:00+05:30,4497.35,4498.95,4492.85,4496,552,
2024-07-25 09:33:00+05:30,4498.7,4498.7,4491.05,4495.95,456,
2024-07-25 09:34:00+05:30,4495.6,4499.5,4490.15,4491.65,1400,
2024-07-25 09:35:00+05:30,4491.65,4495,4488.6,4490.9,980,
2024-07-25 09:36:00+05:30,4490.9,4492.45,4485,4485.25,1322,
2024-07-25 09:37:00+05:30,4485.4,4488.75,4482.05,4486.2,1909,
2024-07-25 09:38:00+05:30,4486.45,4487.15,4482.15,4487,610,
2024-07-25 09:39:00+05:30,4487,4487,4478.05,4478.6,1349,
2024-07-25 09:40:00+05:30,4480,4480.85,4475.45,4477.35,1554,
2024-07-25 09:41:00+05:30,4479.45,4486,4477.8,4482.8,1119,
2024-07-25 09:42:00+05:30,4482.8,4482.8,4476.05,4479.3,401,
2024-07-25 09:43:00+05:30,4477.95,4482.95,4477.65,4482,326,
2024-07-25 09:44:00+05:30,4481.7,4484.9,4476.5,4482.45,957,
2024-07-25 09:45:00+05:30,4482.45,4485.45,4480,4480,714,
2024-07-25 09:46:00+05:30,4480,4483.3,4475.3,4479,940,
2024-07-25 09:47:00+05:30,4479.3,4480.7,4475.3,4480.7,535,
2024-07-25 09:48:00+05:30,4478.55,4480.7,4477,4480,149,
2024-07-25 09:49:00+05:30,4480.05,4484.15,4476.1,4481.85,648,
2024-07-25 09:50:00+05:30,4485.5,4487.65,4481.05,4486.45,584,
2024-07-25 09:51:00+05:30,4486.4,4491.3,4485.05,4490.15,1583,
2024-07-25 09:52:00+05:30,4490.15,4493.25,4485.5,4485.5,841,
2024-07-25 09:53:00+05:30,4485.5,4486.5,4483,4484.65,987,
2024-07-25 09:54:00+05:30,4484.65,4489.95,4481.35,4487.55,1022,
2024-07-25 09:55:00+05:30,4489.7,4496,4487.4,4490.95,1171,
2024-07-25 09:56:00+05:30,4491.7,4494.7,4487.05,4491.95,656,
2024-07-25 09:57:00+05:30,4491.95,4498.65,4491.8,4496.55,623,
2024-07-25 09:58:00+05:30,4496.55,4499,4494,4497.75,637,
2024-07-25 09:59:00+05:30,4497.75,4500,4495.65,4496.6,1484,
2024-07-25 10:00:00+05:30,4498.4,4499.3,4495.95,4499,258,
2024-07-25 10:01:00+05:30,4497.3,4499,4497,4497.05,135,
2024-07-25 10:02:00+05:30,4498.9,4500,4497.55,4498.8,474,
2024-07-25 10:03:00+05:30,4498.85,4505,4498.85,4501.95,601,
2024-07-25 10:04:00+05:30,4501.95,4504.45,4501.65,4503.6,361,
2024-07-25 10:05:00+05:30,4503.6,4503.6,4492.55,4492.7,651,
2024-07-25 10:06:00+05:30,4493.2,4496.65,4492.65,4495.9,173,
2024-07-25 10:07:00+05:30,4495.9,4496.95,4491.75,4492.6,137,
2024-07-25 10:08:00+05:30,4492.6,4494.7,4491.75,4492.1,99,
2024-07-25 10:09:00+05:30,4493.6,4493.6,4491.15,4491.7,195,
2024-07-25 10:10:00+05:30,4491.7,4493.9,4490.25,4490.25,259,
2024-07-25 10:11:00+05:30,4490.25,4493,4490.2,4491.8,129,
2024-07-25 10:12:00+05:30,4490.25,4492,4487,4491.7,627,
2024-07-25 10:13:00+05:30,4491.7,4491.7,4488.05,4491,110,
2024-07-25 10:14:00+05:30,4491,4494.95,4490.35,4493.05,883,
2024-07-25 10:15:00+05:30,4491.1,4492.85,4489.3,4489.4,287,
2024-07-25 10:16:00+05:30,4489.4,4491.95,4489.4,4490.7,43,
2024-07-25 10:17:00+05:30,4490.65,4493,4490,4490.45,386,
2024-07-25 10:18:00+05:30,4490.6,4492.55,4490.05,4490.1,178,
2024-07-25 10:19:00+05:30,4490.1,4490.1,4485,4487.9,792,
2024-07-25 10:20:00+05:30,4490,4490,4486.4,4486.75,61,
2024-07-25 10:21:00+05:30,4486.05,4490.85,4486,4490.85,198,
2024-07-25 10:22:00+05:30,4490.85,4490.85,4487.1,4487.9,568,
2024-07-25 10:23:00+05:30,4487.9,4491.2,4482,4482,918,
2024-07-25 10:24:00+05:30,4480.8,4481.95,4478.45,4481.95,812,
2024-07-25 10:25:00+05:30,4481.95,4483.6,4479.1,4480.65,405,
2024-07-25 10:26:00+05:30,4483.8,4484.8,4481.65,4484.8,345,
2024-07-25 10:27:00+05:30,4484.8,4486.45,4482.1,4485,103,
2024-07-25 10:28:00+05:30,4485,4485,4480.05,4481.9,400,
2024-07-25 10:29:00+05:30,4481.9,4483,4480.4,4480.85,308,
2024-07-25 10:30:00+05:30,4482.9,4482.95,4481,4482,127,
2024-07-25 10:31:00+05:30,4482,4486,4481.05,4485.9,553,
2024-07-25 10:32:00+05:30,4484.2,4486.2,4482.75,4486.2,553,
2024-07-25 10:33:00+05:30,4486.15,4488,4483,4487.7,473,
2024-07-25 10:34:00+05:30,4487.7,4488,4486,4487.15,49,
2024-07-25 10:35:00+05:30,4487.15,4494.25,4487.15,4492.65,585,
2024-07-25 10:36:00+05:30,4492.65,4495.95,4489.65,4490.45,1113,
2024-07-25 10:37:00+05:30,4490.45,4494.25,4490.45,4491.45,78,
2024-07-25 10:38:00+05:30,4491.45,4491.95,4488.6,4491.75,441,
2024-07-25 10:39:00+05:30,4491.9,4491.9,4489.8,4489.95,91,
2024-07-25 10:40:00+05:30,4489.95,4495.6,4489.95,4495.55,393,
2024-07-25 10:41:00+05:30,4495.55,4496.4,4492.95,4494,250,
2024-07-25 10:42:00+05:30,4495,4495.05,4493,4493,230,
2024-07-25 10:43:00+05:30,4493,4494.5,4493,4494.5,261,
2024-07-25 10:44:00+05:30,4494.5,4496.2,4490.05,4495.15,730,
2024-07-25 10:45:00+05:30,4493.25,4498,4492.7,4494.75,506,
2024-07-25 10:46:00+05:30,4494.75,4494.75,4492.95,4493.1,14,
2024-07-25 10:47:00+05:30,4493.05,4493.05,4487.6,4488.7,169,
2024-07-25 10:48:00+05:30,4488.7,4490.05,4486.95,4487.9,169,
2024-07-25 10:49:00+05:30,4487.9,4493.3,4487.9,4493.15,126,
2024-07-25 10:50:00+05:30,4494.05,4494.05,4488.5,4492,308,
2024-07-25 10:51:00+05:30,4492,4492,4490.15,4490.3,23,
2024-07-25 10:52:00+05:30,4490.3,4491.85,4490.3,4490.4,62,
2024-07-25 10:53:00+05:30,4490.35,4491.75,4488.95,4489.45,382,
2024-07-25 10:54:00+05:30,4491.15,4491.95,4487.35,4489.85,1816,
2024-07-25 10:55:00+05:30,4489.85,4491.9,4488.1,4490.7,944,
2024-07-25 10:56:00+05:30,4490.7,4491.25,4487.6,4488.75,196,
2024-07-25 10:57:00+05:30,4488.75,4491.6,4488.1,4491.4,167,
2024-07-25 10:58:00+05:30,4491.4,4492.15,4489.35,4491.85,316,
2024-07-25 10:59:00+05:30,4491.85,4491.85,4489.9,4490.05,15,
2024-07-25 11:00:00+05:30,4490,4494.7,4490,4493,168,
2024-07-25 11:01:00+05:30,4493,4494.95,4492.65,4494.65,34,
2024-07-25 11:02:00+05:30,4494.65,4495.55,4493.15,4493.2,58,
2024-07-25 11:03:00+05:30,4493.2,4495,4489.85,4489.85,120,
2024-07-25 11:04:00+05:30,4489.85,4493.95,4489.65,4492.15,788,
2024-07-25 11:05:00+05:30,4493.7,4498.35,4492.25,4498.35,618,
2024-07-25 11:06:00+05:30,4498.35,4498.9,4497.2,4498.9,373,
2024-07-25 11:07:00+05:30,4498.9,4503.85,4497.05,4501.55,1803,
2024-07-25 11:08:00+05:30,4501.55,4504.3,4500.65,4501.65,226,
2024-07-25 11:09:00+05:30,4501.65,4503.8,4501.65,4503.8,395,
2024-07-25 11:10:00+05:30,4503.8,4503.8,4502.1,4503.7,99,
2024-07-25 11:11:00+05:30,4503.7,4503.7,4503.65,4503.65,101,
2024-07-25 11:12:00+05:30,4503.65,4503.7,4503.65,4503.65,67,
2024-07-25 11:13:00+05:30,4503.65,4504,4500,4501.95,332,
2024-07-25 11:14:00+05:30,4501.25,4502.85,4500.05,4502.85,36,
2024-07-25 11:15:00+05:30,4502.85,4502.85,4501.2,4501.9,25,
2024-07-25 11:16:00+05:30,4501.9,4501.9,4501.2,4501.85,126,
2024-07-25 11:17:00+05:30,4501.9,4504,4501.2,4503.25,425,
2024-07-25 11:18:00+05:30,4504,4504,4501.65,4503.4,95,
2024-07-25 11:19:00+05:30,4501.6,4503.5,4495,4495.8,590,
2024-07-25 11:20:00+05:30,4495.85,4498.25,4495.55,4495.75,55,
2024-07-25 11:21:00+05:30,4497.8,4500.5,4495.05,4500.5,359,
2024-07-25 11:22:00+05:30,4499.8,4504,4499.8,4504,362,
2024-07-25 11:23:00+05:30,4504,4505,4501.65,4502.6,794,
2024-07-25 11:24:00+05:30,4502.6,4504.75,4500.7,4503.7,77,
2024-07-25 11:25:00+05:30,4503.7,4503.7,4501.75,4503.6,232,
2024-07-25 11:26:00+05:30,4503.6,4504,4502.25,4502.4,70,
2024-07-25 11:27:00+05:30,4502.4,4504,4501.45,4501.65,134,
2024-07-25 11:28:00+05:30,4501.5,4503.95,4501.15,4503.25,29,
2024-07-25 11:29:00+05:30,4503.35,4503.35,4500.7,4503.35,74,
2024-07-25 11:30:00+05:30,4502.7,4503.35,4501.3,4501.45,137,
2024-07-25 11:31:00+05:30,4502.95,4503.4,4501.55,4503.05,128,
2024-07-25 11:32:00+05:30,4501.55,4503,4501.55,4501.75,11,
2024-07-25 11:33:00+05:30,4501.75,4503.05,4500.7,4502.75,115,
2024-07-25 11:34:00+05:30,4502.75,4503.05,4500.05,4500.05,293,
2024-07-25 11:35:00+05:30,4500.05,4503,4500.05,4502.95,135,
2024-07-25 11:36:00+05:30,4502.95,4503.05,4500.7,4502.65,51,
2024-07-25 11:37:00+05:30,4502.65,4502.65,4500,4501.15,103,
2024-07-25 11:38:00+05:30,4501.15,4501.75,4499,4499,126,
2024-07-25 11:39:00+05:30,4500.4,4500.4,4497.85,4500,74,
2024-07-25 11:40:00+05:30,4500,4500,4498.55,4498.65,13,
2024-07-25 11:41:00+05:30,4498.65,4500.8,4498.65,4499.9,21,
2024-07-25 11:42:00+05:30,4499.9,4500,4499.5,4500,19,
2024-07-25 11:43:00+05:30,4500,4500,4496.8,4499.9,300,
2024-07-25 11:44:00+05:30,4499.9,4500,4497.65,4499,60,
2024-07-25 11:45:00+05:30,4499.85,4499.85,4495.85,4497.25,244,
2024-07-25 11:46:00+05:30,4497.25,4499.3,4496.7,4497,74,
2024-07-25 11:47:00+05:30,4497,4499.75,4497,4499.75,13,
2024-07-25 11:48:00+05:30,4499.75,4503.05,4499.25,4503,536,
2024-07-25 11:49:00+05:30,4502.95,4505.4,4501,4502.85,566,
2024-07-25 11:50:00+05:30,4505.75,4505.75,4503.25,4505.7,42,
2024-07-25 11:51:00+05:30,4505.7,4509.15,4504.35,4508,950,
2024-07-25 11:52:00+05:30,4507.95,4508,4506,4506.05,162,
2024-07-25 11:53:00+05:30,4506.05,4507.3,4505.55,4505.65,57,
2024-07-25 11:54:00+05:30,4505.65,4507,4505.65,4506.65,28,
2024-07-25 11:55:00+05:30,4506.65,4507,4506.65,4506.8,158,
2024-07-25 11:56:00+05:30,4507,4507,4505,4505.35,110,
2024-07-25 11:57:00+05:30,4505.35,4506.95,4505,4505.05,129,
2024-07-25 11:58:00+05:30,4505.05,4506.95,4505.05,4506.95,15,
2024-07-25 11:59:00+05:30,4506.95,4506.95,4505.5,4506.5,36,
2024-07-25 12:00:00+05:30,4506.5,4506.5,4505.65,4506.5,12,
2024-07-25 12:01:00+05:30,4506.5,4506.5,4502.55,4505,203,
2024-07-25 12:02:00+05:30,4505,4505,4501.35,4501.35,84,
2024-07-25 12:03:00+05:30,4501.35,4504.5,4501.35,4502.05,26,
2024-07-25 12:04:00+05:30,4502.05,4504.6,4502,4502.6,70,
2024-07-25 12:05:00+05:30,4502.75,4504.1,4501.05,4501.55,203,
2024-07-25 12:06:00+05:30,4501.55,4503.7,4500.05,4502.9,148,
2024-07-25 12:07:00+05:30,4500.85,4503.5,4500,4502.5,145,
2024-07-25 12:08:00+05:30,4502.5,4503.05,4500.05,4502.7,63,
2024-07-25 12:09:00+05:30,4502.7,4505,4500.2,4502.4,306,
2024-07-25 12:10:00+05:30,4502.4,4503,4495,4495,1446,
2024-07-25 12:11:00+05:30,4495.05,4498.65,4493.2,4494.55,1008,
2024-07-25 12:12:00+05:30,4494.55,4501.85,4494.5,4501.4,235,
2024-07-25 12:13:00+05:30,4500.9,4503,4498.1,4503,76,
2024-07-25 12:14:00+05:30,4503,4503,4500.15,4501.1,61,
2024-07-25 12:15:00+05:30,4501.1,4504.5,4500,4504.5,539,
2024-07-25 12:16:00+05:30,4504.5,4505.95,4504.45,4504.95,74,
2024-07-25 12:17:00+05:30,4504.95,4504.95,4501.25,4504.7,141,
2024-07-25 12:18:00+05:30,4504.7,4505,4502.85,4504,75,
2024-07-25 12:19:00+05:30,4504,4504.4,4501.35,4503.05,273,
2024-07-25 12:20:00+05:30,4504.6,4506.05,4503.1,4506.05,57,
2024-07-25 12:21:00+05:30,4506.05,4506.5,4504,4505.35,183,
2024-07-25 12:22:00+05:30,4505.75,4505.75,4502,4502.75,242,
2024-07-25 12:23:00+05:30,4502.75,4504.2,4501.6,4503.5,37,
2024-07-25 12:24:00+05:30,4502.6,4506.5,4502.6,4506.5,35,
2024-07-25 12:25:00+05:30,4505.15,4506.5,4505.1,4505.75,82,
2024-07-25 12:26:00+05:30,4507,4507.45,4505.75,4507.25,24,
2024-07-25 12:27:00+05:30,4507.25,4508.3,4507.1,4507.35,102,
2024-07-25 12:28:00+05:30,4507.35,4508.3,4505.05,4505.05,233,
2024-07-25 12:29:00+05:30,4506.05,4507,4504.55,4505.6,280,
2024-07-25 12:30:00+05:30,4506.85,4509.5,4505.05,4509.5,329,
2024-07-25 12:31:00+05:30,4509.5,4510,4509.15,4509.9,169,
2024-07-25 12:32:00+05:30,4510,4510,4509.15,4510,182,
2024-07-25 12:33:00+05:30,4510,4513.4,4509.25,4509.3,640,
2024-07-25 12:34:00+05:30,4511.15,4512,4506.15,4508.7,292,
2024-07-25 12:35:00+05:30,4509.75,4509.95,4503.65,4509,442,
2024-07-25 12:36:00+05:30,4509,4511.5,4507,4510.05,214,
2024-07-25 12:37:00+05:30,4510.05,4512,4508.85,4508.9,134,
2024-07-25 12:38:00+05:30,4511.15,4511.45,4508.85,4509.65,121,
2024-07-25 12:39:00+05:30,4509.65,4510.95,4509.05,4510,84,
2024-07-25 12:40:00+05:30,4510.8,4510.8,4505.55,4506.55,301,
2024-07-25 12:41:00+05:30,4508.85,4510.7,4507.15,4508.9,114,
2024-07-25 12:42:00+05:30,4508.95,4508.95,4506.1,4508,263,
2024-07-25 12:43:00+05:30,4508.05,4510.85,4506.9,4507.7,744,
2024-07-25 12:44:00+05:30,4509.95,4511,4507.25,4507.35,343,
2024-07-25 12:45:00+05:30,4509.55,4511,4507.35,4510.65,143,
2024-07-25 12:46:00+05:30,4510.65,4514.85,4508.55,4512.95,1670,
2024-07-25 12:47:00+05:30,4517,4519,4512.95,4516.95,902,
2024-07-25 12:48:00+05:30,4516.95,4519.9,4516,4519.9,290,
2024-07-25 12:49:00+05:30,4518.6,4519.9,4518.3,4518.35,266,
2024-07-25 12:50:00+05:30,4519,4522,4516.9,4521,897,
2024-07-25 12:51:00+05:30,4521.05,4525,4520.2,4523.75,1237,
2024-07-25 12:52:00+05:30,4524.7,4524.95,4523,4523.65,216,
2024-07-25 12:53:00+05:30,4523.1,4524.75,4523.1,4523.7,120,
2024-07-25 12:54:00+05:30,4523.7,4525,4523.4,4523.45,113,
2024-07-25 12:55:00+05:30,4523.45,4524.95,4523.45,4524.9,123,
2024-07-25 12:56:00+05:30,4524.9,4524.9,4523.65,4524.8,174,
2024-07-25 12:57:00+05:30,4524.8,4525.95,4524,4524.9,699,
2024-07-25 12:58:00+05:30,4524.95,4528,4524.15,4527.55,584,
2024-07-25 12:59:00+05:30,4527.9,4530.3,4524.15,4526.05,927,
2024-07-25 13:00:00+05:30,4526.05,4531.85,4525.2,4530.1,619,
2024-07-25 13:01:00+05:30,4530.1,4531.8,4527.7,4529.5,524,
2024-07-25 13:02:00+05:30,4529,4529.75,4526.35,4526.9,440,
2024-07-25 13:03:00+05:30,4527,4529.95,4525,4525.65,405,
2024-07-25 13:04:00+05:30,4525.65,4527.7,4524.1,4525.8,360,
2024-07-25 13:05:00+05:30,4525.8,4529,4525.05,4527.75,497,
2024-07-25 13:06:00+05:30,4527.75,4530,4525.7,4528.6,384,
2024-07-25 13:07:00+05:30,4529.95,4532,4528.65,4531,402,
2024-07-25 13:08:00+05:30,4531.05,4535,4530.55,4530.7,924,
2024-07-25 13:09:00+05:30,4532.6,4534.4,4530,4533.05,701,
2024-07-25 13:10:00+05:30,4533.1,4535,4533.1,4533.6,503,
2024-07-25 13:11:00+05:30,4533.6,4535,4530.45,4530.5,592,
2024-07-25 13:12:00+05:30,4530.5,4534.65,4530.5,4532.4,246,
2024-07-25 13:13:00+05:30,4532.4,4534.65,4531.8,4533,413,
2024-07-25 13:14:00+05:30,4531.9,4534.9,4527.25,4527.35,450,
2024-07-25 13:15:00+05:30,4527.35,4531,4527.2,4531,402,
2024-07-25 13:16:00+05:30,4531.05,4532.7,4528.45,4528.7,446,
2024-07-25 13:17:00+05:30,4530.5,4531.2,4523.65,4523.65,1084,
2024-07-25 13:18:00+05:30,4523.75,4529.95,4523.75,4528.9,191,
2024-07-25 13:19:00+05:30,4528.95,4529.95,4523.5,4525.25,1385,
2024-07-25 13:20:00+05:30,4527.4,4527.55,4523.85,4523.85,293,
2024-07-25 13:21:00+05:30,4523.85,4527.6,4522.25,4522.25,341,
2024-07-25 13:22:00+05:30,4524.45,4526.75,4524.45,4525.6,234,
2024-07-25 13:23:00+05:30,4526.5,4526.5,4522.85,4523.35,223,
2024-07-25 13:24:00+05:30,4523.4,4524,4520.05,4523.95,855,
2024-07-25 13:25:00+05:30,4523.05,4524.75,4520.55,4521.95,389,
2024-07-25 13:26:00+05:30,4521.95,4526,4521.9,4525.7,497,
2024-07-25 13:27:00+05:30,4525.7,4530.95,4525.7,4528.05,691,
2024-07-25 13:28:00+05:30,4529.95,4529.95,4522.65,4522.65,1231,
2024-07-25 13:29:00+05:30,4522.65,4526.3,4519.5,4519.5,667,
2024-07-25 13:30:00+05:30,4519.3,4525,4518.15,4523.75,585,
2024-07-25 13:31:00+05:30,4523.75,4524.95,4521.7,4522.65,282,
2024-07-25 13:32:00+05:30,4522.65,4523.95,4520.05,4521.9,318,
2024-07-25 13:33:00+05:30,4520.35,4521.85,4516.55,4521,551,
2024-07-25 13:34:00+05:30,4521,4527.7,4520.35,4524.3,767,
2024-07-25 13:35:00+05:30,4524.2,4525.8,4519.35,4520.1,2118,
2024-07-25 13:36:00+05:30,4521.9,4525.9,4520.1,4525.1,247,
2024-07-25 13:37:00+05:30,4525.1,4525.8,4519.55,4522.6,799,
2024-07-25 13:38:00+05:30,4522.6,4524.9,4520.15,4523.15,275,
2024-07-25 13:39:00+05:30,4523.2,4524.2,4520.25,4523.55,270,
2024-07-25 13:40:00+05:30,4523.55,4523.6,4519.55,4521.45,799,
2024-07-25 13:41:00+05:30,4521.45,4524,4518.05,4519.45,1369,
2024-07-25 13:42:00+05:30,4519.45,4523.4,4518.9,4522,999,
2024-07-25 13:43:00+05:30,4522,4523.5,4519.55,4520.1,267,
2024-07-25 13:44:00+05:30,4520.1,4522.95,4516.05,4518.3,414,
2024-07-25 13:45:00+05:30,4518.3,4520,4518.3,4519.9,230,
2024-07-25 13:46:00+05:30,4519.95,4520.4,4518.1,4518.5,321,
2024-07-25 13:47:00+05:30,4518.5,4524,4518.5,4524,684,
2024-07-25 13:48:00+05:30,4523.35,4525,4522.1,4525,243,
2024-07-25 13:49:00+05:30,4523.2,4524.95,4519.6,4520.65,1675,
2024-07-25 13:50:00+05:30,4523.4,4525.95,4521.85,4522.55,806,
2024-07-25 13:51:00+05:30,4522.6,4526,4522.05,4525,292,
2024-07-25 13:52:00+05:30,4525.05,4525.95,4522.35,4523.15,1544,
2024-07-25 13:53:00+05:30,4525.65,4526.75,4523.25,4525.65,232,
2024-07-25 13:54:00+05:30,4525.7,4526.3,4521.2,4522.4,323,
2024-07-25 13:55:00+05:30,4522.45,4524.15,4518.2,4520.75,1166,
2024-07-25 13:56:00+05:30,4520.8,4522.85,4517.1,4520.35,403,
2024-07-25 13:57:00+05:30,4522.85,4525.05,4520.85,4524.4,549,
2024-07-25 13:58:00+05:30,4524.45,4524.7,4521.25,4522.75,236,
2024-07-25 13:59:00+05:30,4522.75,4525,4522.05,4523.1,251,
2024-07-25 14:00:00+05:30,4523.1,4527.45,4523.1,4526.1,544,
2024-07-25 14:01:00+05:30,4526.2,4531.05,4526.2,4530.05,620,
2024-07-25 14:02:00+05:30,4530.05,4530.1,4525.6,4526.3,336,
2024-07-25 14:03:00+05:30,4527.65,4529.3,4525.7,4527.55,291,
2024-07-25 14:04:00+05:30,4527.55,4530,4526.3,4527.6,305,
2024-07-25 14:05:00+05:30,4527.65,4528.95,4526.1,4526.6,481,
2024-07-25 14:06:00+05:30,4526.55,4529.9,4526.55,4528.6,443,
2024-07-25 14:07:00+05:30,4528.65,4529.85,4528.65,4528.7,371,
2024-07-25 14:08:00+05:30,4529.5,4532.95,4529.5,4531.9,786,
2024-07-25 14:09:00+05:30,4533,4534,4533,4533.7,380,
2024-07-25 14:10:00+05:30,4534,4535.25,4530.55,4532.35,836,
2024-07-25 14:11:00+05:30,4532.35,4535.2,4532.35,4532.55,185,
2024-07-25 14:12:00+05:30,4532.55,4534.95,4532.4,4532.6,195,
2024-07-25 14:13:00+05:30,4533.85,4538.05,4532.15,4536.15,833,
2024-07-25 14:14:00+05:30,4536.15,4538.05,4536.15,4538,1101,
2024-07-25 14:15:00+05:30,4538,4538.65,4531.55,4534.5,2077,
2024-07-25 14:16:00+05:30,4534.45,4536.5,4532.5,4536.4,313,
2024-07-25 14:17:00+05:30,4536.4,4537,4532.05,4536.25,1308,
2024-07-25 14:18:00+05:30,4535.4,4538,4532.15,4536.4,1439,
2024-07-25 14:19:00+05:30,4533.9,4535.95,4533,4534.9,549,
2024-07-25 14:20:00+05:30,4534.15,4534.9,4529.2,4531.5,654,
2024-07-25 14:21:00+05:30,4533.15,4533.15,4527.25,4531.15,971,
2024-07-25 14:22:00+05:30,4531.65,4531.7,4527.5,4527.6,1658,
2024-07-25 14:23:00+05:30,4529.65,4531.2,4527.4,4530.7,389,
2024-07-25 14:24:00+05:30,4530.7,4532.55,4530.7,4531,166,
2024-07-25 14:25:00+05:30,4532.6,4533.8,4531.05,4532.1,635,
2024-07-25 14:26:00+05:30,4532.1,4533.55,4528.65,4532.05,139,
2024-07-25 14:27:00+05:30,4532.05,4533.1,4529.5,4532.35,170,
2024-07-25 14:28:00+05:30,4530.9,4531.8,4527.45,4527.5,112,
2024-07-25 14:29:00+05:30,4529.4,4529.75,4522.9,4524.2,2846,
2024-07-25 14:30:00+05:30,4523.35,4525.4,4521.8,4525.4,757,
2024-07-25 14:31:00+05:30,4525.35,4527,4523.3,4525.05,540,
2024-07-25 14:32:00+05:30,4525.05,4527.15,4522.75,4522.75,814,
2024-07-25 14:33:00+05:30,4522.75,4523.5,4517.6,4517.6,424,
2024-07-25 14:34:00+05:30,4517.6,4519.15,4514.5,4518.1,456,
2024-07-25 14:35:00+05:30,4518.1,4523.5,4518.1,4521.95,143,
2024-07-25 14:36:00+05:30,4521.95,4524.65,4519.7,4521.55,494,
2024-07-25 14:37:00+05:30,4521.55,4522,4512.45,4518.05,1377,
2024-07-25 14:38:00+05:30,4518.05,4522.25,4515.2,4515.2,392,
2024-07-25 14:39:00+05:30,4515.2,4516.15,4510.95,4514.6,465,
2024-07-25 14:40:00+05:30,4514.5,4516,4508.55,4511.2,1382,
2024-07-25 14:41:00+05:30,4511.25,4515.9,4510.95,4511,330,
2024-07-25 14:42:00+05:30,4511,4514.25,4510,4510.05,879,
2024-07-25 14:43:00+05:30,4510.05,4513.1,4507.7,4508.9,446,
2024-07-25 14:44:00+05:30,4508.9,4512.1,4506.4,4506.85,552,
2024-07-25 14:45:00+05:30,4507.05,4513.95,4501.8,4513.95,1455,
2024-07-25 14:46:00+05:30,4512.25,4519.55,4512.25,4519.5,282,
2024-07-25 14:47:00+05:30,4519.5,4519.95,4516.6,4516.7,550,
2024-07-25 14:48:00+05:30,4516.7,4524.3,4516.7,4521.35,996,
2024-07-25 14:49:00+05:30,4524.15,4525,4519.05,4522.95,544,
2024-07-25 14:50:00+05:30,4523,4526.65,4521.7,4523.85,441,
2024-07-25 14:51:00+05:30,4523.9,4524.75,4520.1,4522.85,1300,
2024-07-25 14:52:00+05:30,4522.85,4525,4520.85,4524.95,1031,
2024-07-25 14:53:00+05:30,4524.2,4525.4,4516.45,4516.45,862,
2024-07-25 14:54:00+05:30,4518.3,4520.2,4515.1,4519.55,564,
2024-07-25 14:55:00+05:30,4519.55,4525.45,4519.55,4521.15,1072,
2024-07-25 14:56:00+05:30,4521.15,4521.2,4515.45,4517.05,413,
2024-07-25 14:57:00+05:30,4516.9,4523.4,4516.7,4522.8,742,
2024-07-25 14:58:00+05:30,4522.8,4522.8,4518.6,4521.35,130,
2024-07-25 14:59:00+05:30,4521.35,4523.65,4518.75,4520.95,110,
2024-07-25 15:00:00+05:30,4523.3,4524.65,4520.95,4522.95,618,
2024-07-25 15:01:00+05:30,4522.95,4529.9,4522.95,4529.75,1360,
2024-07-25 15:02:00+05:30,4529.75,4536.85,4529.3,4530.95,2005,
2024-07-25 15:03:00+05:30,4530.95,4534.6,4528.15,4530.05,476,
2024-07-25 15:04:00+05:30,4530.1,4532.3,4528,4532.3,521,
2024-07-25 15:05:00+05:30,4532.3,4534.6,4527.8,4534.1,1128,
2024-07-25 15:06:00+05:30,4534.1,4539.45,4534.1,4538.05,545,
2024-07-25 15:07:00+05:30,4538.05,4541.1,4536.45,4540.6,2384,
2024-07-25 15:08:00+05:30,4540.6,4546.6,4538.3,4538.3,891,
2024-07-25 15:09:00+05:30,4538.1,4541.95,4536.4,4538.55,393,
2024-07-25 15:10:00+05:30,4537.85,4541.95,4536.55,4538.05,736,
2024-07-25 15:11:00+05:30,4538.05,4542.35,4536.3,4536.7,1345,
2024-07-25 15:12:00+05:30,4536.6,4543.85,4535.8,4537.2,2238,
2024-07-25 15:13:00+05:30,4537.15,4538.55,4532.85,4533.15,204,
2024-07-25 15:14:00+05:30,4533,4539.95,4533,4538,1333,
2024-07-25 15:15:00+05:30,4538.05,4538.7,4530,4535.15,1320,
2024-07-25 15:16:00+05:30,4535.15,4539.35,4535.05,4536.1,864,
2024-07-25 15:17:00+05:30,4538.25,4538.4,4531.8,4535.95,1198,
2024-07-25 15:18:00+05:30,4535.85,4538.3,4531.6,4535.35,889,
2024-07-25 15:19:00+05:30,4535.3,4537.65,4532.65,4532.95,520,
2024-07-25 15:20:00+05:30,4532.9,4534.7,4530.4,4531.25,1700,
2024-07-25 15:21:00+05:30,4531.45,4538.6,4531.3,4538.6,992,
2024-07-25 15:22:00+05:30,4538.6,4539.1,4530.8,4534.7,1143,
2024-07-25 15:23:00+05:30,4534.7,4556.85,4533.8,4552.35,3942,
2024-07-25 15:24:00+05:30,4552.35,4559.8,4550.4,4555.15,3358,
2024-07-25 15:25:00+05:30,4555.15,4570,4555.15,4568.1,1186,
2024-07-25 15:26:00+05:30,4570,4582.7,4566.35,4576.45,4512,
2024-07-25 15:27:00+05:30,4576.45,4576.45,4568.15,4568.2,2432,
2024-07-25 15:28:00+05:30,4568.25,4576.55,4567.2,4574.25,1644,
2024-07-25 15:29:00+05:30,4570.75,4578.9,4570,4570.05,1102,
2024-07-26 09:15:00+05:30,4570.95,4581.9,4563.85,4576.65,1681,
2024-07-26 09:16:00+05:30,4576.15,4581,4575,4575.45,829,
2024-07-26 09:17:00+05:30,4581,4581,4570,4575.8,1196,
2024-07-26 09:18:00+05:30,4576.35,4578.75,4571.8,4577.45,278,
2024-07-26 09:19:00+05:30,4577.45,4580,4574,4574.05,2361,
2024-07-26 09:20:00+05:30,4575.45,4576.1,4565.45,4567.85,525,
2024-07-26 09:21:00+05:30,4567.85,4576.3,4567.85,4570.15,396,
2024-07-26 09:22:00+05:30,4570.15,4576,4566.35,4572.65,2691,
2024-07-26 09:23:00+05:30,4575.2,4585,4571.3,4585,1292,
2024-07-26 09:24:00+05:30,4585.45,4586.15,4580,4581.7,774,
2024-07-26 09:25:00+05:30,4583.7,4586.8,4581.3,4586.8,369,
2024-07-26 09:26:00+05:30,4586,4598.2,4584.9,4596.05,1996,
2024-07-26 09:27:00+05:30,4596,4602,4596,4601.2,961,
2024-07-26 09:28:00+05:30,4600.75,4607.85,4600.75,4603.55,1166,
2024-07-26 09:29:00+05:30,4602.25,4604.5,4599.1,4602.25,2505,
2024-07-26 09:30:00+05:30,4602.25,4602.25,4599.1,4601,279,
2024-07-26 09:31:00+05:30,4600,4604.65,4598.05,4599.1,646,
2024-07-26 09:32:00+05:30,4601.3,4608,4601.1,4603.45,749,
2024-07-26 09:33:00+05:30,4603.45,4603.5,4599.05,4600,740,
2024-07-26 09:34:00+05:30,4602,4604.85,4600,4600,1001,
2024-07-26 09:35:00+05:30,4602.75,4604.5,4598.7,4603.35,1456,
2024-07-26 09:36:00+05:30,4603.35,4612,4603.05,4610.2,4774,
2024-07-26 09:37:00+05:30,4608.9,4615,4607.15,4614.55,2370,
2024-07-26 09:38:00+05:30,4614.55,4615,4608.8,4611.3,144,
2024-07-26 09:39:00+05:30,4611,4613.7,4608.05,4611.8,953,
2024-07-26 09:40:00+05:30,4609.5,4616.35,4608.05,4616,1184,
2024-07-26 09:41:00+05:30,4616.95,4619,4612.75,4616.2,910,
2024-07-26 09:42:00+05:30,4619,4619,4610.35,4613.6,1483,
2024-07-26 09:43:00+05:30,4614.85,4614.85,4609.9,4612.15,940,
2024-07-26 09:44:00+05:30,4612.15,4615.75,4610.05,4610.05,480,
2024-07-26 09:45:00+05:30,4611.95,4618.2,4611.95,4615,256,
2024-07-26 09:46:00+05:30,4615,4619,4615,4615.05,435,
2024-07-26 09:47:00+05:30,4616.05,4622.3,4615,4620,1773,
2024-07-26 09:48:00+05:30,4620,4624.25,4618.55,4618.55,503,
2024-07-26 09:49:00+05:30,4619.2,4619.2,4615,4615.1,406,
2024-07-26 09:50:00+05:30,4618.15,4620,4615.1,4615.1,498,
2024-07-26 09:51:00+05:30,4617,4618.95,4615.1,4618,246,
2024-07-26 09:52:00+05:30,4619,4620,4618,4619.9,103,
2024-07-26 09:53:00+05:30,4620,4624.15,4619.9,4620.2,524,
2024-07-26 09:54:00+05:30,4622.2,4622.3,4618,4621.2,204,
2024-07-26 09:55:00+05:30,4622.2,4622.45,4618.85,4621.45,278,
2024-07-26 09:56:00+05:30,4621.4,4621.6,4618.95,4621.2,119,
2024-07-26 09:57:00+05:30,4619.3,4622,4618.9,4621.15,222,
2024-07-26 09:58:00+05:30,4621.15,4621.15,4617.45,4618.85,298,
2024-07-26 09:59:00+05:30,4618.85,4622.15,4616.35,4616.35,788,
2024-07-26 10:00:00+05:30,4618.9,4622.5,4618.9,4621.85,444,
2024-07-26 10:01:00+05:30,4621.85,4621.85,4619,4621,455,
2024-07-26 10:02:00+05:30,4621,4621,4616.25,4619,2425,
2024-07-26 10:03:00+05:30,4619,4619,4605.5,4612.1,3872,
2024-07-26 10:04:00+05:30,4611.4,4616.95,4609,4615,955,
2024-07-26 10:05:00+05:30,4615,4616.6,4610.25,4612.35,730,
2024-07-26 10:06:00+05:30,4612.35,4621,4610.05,4620.3,2367,
2024-07-26 10:07:00+05:30,4620.9,4624.25,4620.85,4624.25,875,
2024-07-26 10:08:00+05:30,4621.45,4624.9,4620,4623.25,403,
2024-07-26 10:09:00+05:30,4623.25,4633.65,4622.15,4633.6,4401,
2024-07-26 10:10:00+05:30,4633.6,4636.2,4630.6,4633.7,836,
2024-07-26 10:11:00+05:30,4633.7,4637,4626.85,4635.9,1383,
2024-07-26 10:12:00+05:30,4634.4,4646.9,4632.25,4641.5,3597,
2024-07-26 10:13:00+05:30,4643.6,4643.6,4640,4642,597,
2024-07-26 10:14:00+05:30,4642.95,4646,4641.65,4644.85,726,
2024-07-26 10:15:00+05:30,4644.85,4652.75,4643.15,4648.05,54859,
2024-07-26 10:16:00+05:30,4648.05,4701.85,4648.05,4693.8,26831,
2024-07-26 10:17:00+05:30,4693.95,4720,4693.95,4717.45,26823,
2024-07-26 10:18:00+05:30,4716.8,4725,4704.25,4713,15549,
2024-07-26 10:19:00+05:30,4712.7,4717.05,4710.4,4717,5841,
2024-07-26 10:20:00+05:30,4716.95,4717,4703.45,4706.45,9292,
2024-07-26 10:21:00+05:30,4706.45,4709.55,4698.05,4703.05,6085,
2024-07-26 10:22:00+05:30,4703.05,4712.1,4700,4705.95,7272,
2024-07-26 10:23:00+05:30,4705.95,4707.5,4701.8,4703.15,3947,
2024-07-26 10:24:00+05:30,4703.15,4708.4,4701.9,4701.9,3611,
2024-07-26 10:25:00+05:30,4701.9,4705.5,4698.75,4703,6051,
2024-07-26 10:26:00+05:30,4703,4703,4695.75,4700,4137,
2024-07-26 10:27:00+05:30,4700,4705.4,4698.45,4701.85,2707,
2024-07-26 10:28:00+05:30,4700,4700,4684.55,4685.05,10501,
2024-07-26 10:29:00+05:30,4685.05,4695.05,4685,4690,4499,
2024-07-26 10:30:00+05:30,4689.7,4692.05,4685,4690,1747,
2024-07-26 10:31:00+05:30,4690,4699.65,4687.05,4697,2875,
2024-07-26 10:32:00+05:30,4697,4697,4690.05,4692.8,2103,
2024-07-26 10:33:00+05:30,4695.1,4699.6,4693.1,4695,1804,
2024-07-26 10:34:00+05:30,4696.8,4703.7,4695,4703.7,5449,
2024-07-26 10:35:00+05:30,4703.7,4703.7,4695,4696.9,2629,
2024-07-26 10:36:00+05:30,4696.9,4699.25,4695.45,4697.3,3441,
2024-07-26 10:37:00+05:30,4697.3,4702.7,4691.25,4700.05,6036,
2024-07-26 10:38:00+05:30,4700.05,4704.75,4698,4699.95,2770,
2024-07-26 10:39:00+05:30,4700,4702,4696.1,4696.1,995,
2024-07-26 10:40:00+05:30,4696.1,4699.95,4693.95,4699.95,1664,
2024-07-26 10:41:00+05:30,4699.95,4700.95,4691.85,4691.85,1658,
2024-07-26 10:42:00+05:30,4691.9,4698.45,4686,4696.75,20933,
2024-07-26 10:43:00+05:30,4694.6,4701.65,4694.6,4701.65,4287,
2024-07-26 10:44:00+05:30,4701.65,4704.9,4701,4701,2093,
2024-07-26 10:45:00+05:30,4701.05,4704.5,4700,4702,1253,
2024-07-26 10:46:00+05:30,4702,4703.1,4700,4701.95,2062,
2024-07-26 10:47:00+05:30,4701.95,4713.15,4701.8,4713.05,6683,
2024-07-26 10:48:00+05:30,4713.05,4714.3,4707.55,4709.7,3142,
2024-07-26 10:49:00+05:30,4707.85,4709.25,4701.05,4702.95,974,
2024-07-26 10:50:00+05:30,4702.95,4703.6,4698.5,4701,1937,
2024-07-26 10:51:00+05:30,4702.75,4709.35,4701,4708.6,1140,
2024-07-26 10:52:00+05:30,4707.4,4709,4702,4702,1481,
2024-07-26 10:53:00+05:30,4703.35,4703.35,4700,4701.7,2791,
2024-07-26 10:54:00+05:30,4701.7,4708,4701.55,4707.05,2544,
2024-07-26 10:55:00+05:30,4707.3,4711.85,4707.05,4710.5,2651,
2024-07-26 10:56:00+05:30,4710.5,4711,4705,4707.65,2350,
2024-07-26 10:57:00+05:30,4707.65,4710.5,4701.6,4704,4478,
2024-07-26 10:58:00+05:30,4704,4706,4702.1,4705,2016,
2024-07-26 10:59:00+05:30,4705,4705.3,4702.55,4705.1,1567,
2024-07-26 11:00:00+05:30,4705.1,4710.5,4705,4710,3581,
2024-07-26 11:01:00+05:30,4710,4710.5,4704.25,4705.8,3855,
2024-07-26 11:02:00+05:30,4706,4706.05,4702.75,4703.35,816,
2024-07-26 11:03:00+05:30,4703.35,4706.9,4703.2,4703.3,3619,
2024-07-26 11:04:00+05:30,4702.55,4706.6,4701,4703.35,3817,
2024-07-26 11:05:00+05:30,4703.35,4705,4701,4702.45,1105,
2024-07-26 11:06:00+05:30,4701,4708.75,4700.2,4708.75,1939,
2024-07-26 11:07:00+05:30,4708.75,4710.5,4705,4706.65,4562,
2024-07-26 11:08:00+05:30,4706.65,4707.25,4705,4705,911,
2024-07-26 11:09:00+05:30,4705,4705.15,4700,4701.7,3301,
2024-07-26 11:10:00+05:30,4701.7,4705.85,4700,4705.45,3945,
2024-07-26 11:11:00+05:30,4705.45,4710.5,4705.45,4710,4346,
2024-07-26 11:12:00+05:30,4710,4710.5,4707,4708.8,1724,
2024-07-26 11:13:00+05:30,4708.8,4710.5,4707,4710.05,2957,
2024-07-26 11:14:00+05:30,4710.5,4715.05,4710.05,4715,7688,
2024-07-26 11:15:00+05:30,4714.2,4719.05,4712.95,4719.05,6772,
2024-07-26 11:16:00+05:30,4719.05,4720.85,4716.15,4716.7,4259,
2024-07-26 11:17:00+05:30,4716.7,4717.7,4713.9,4713.9,2138,
2024-07-26 11:18:00+05:30,4713.9,4719.8,4713.2,4719.8,3942,
2024-07-26 11:19:00+05:30,4719.8,4723,4717.8,4717.8,5694,
2024-07-26 11:20:00+05:30,4719.75,4720,4717.05,4718.7,1628,
2024-07-26 11:21:00+05:30,4718.7,4721,4717.6,4720,2277,
2024-07-26 11:22:00+05:30,4720,4723.9,4720,4723.9,5454,
2024-07-26 11:23:00+05:30,4723.1,4723.2,4720,4721.8,1780,
2024-07-26 11:24:00+05:30,4721.8,4722,4717.95,4719.85,1544,
2024-07-26 11:25:00+05:30,4719.85,4720,4710,4712,4681,
2024-07-26 11:26:00+05:30,4712,4717.9,4710,4717.85,2120,
2024-07-26 11:27:00+05:30,4717.85,4719.55,4716,4718.85,946,
2024-07-26 11:28:00+05:30,4718.85,4719.25,4712.55,4714.45,1567,
2024-07-26 11:29:00+05:30,4714.45,4714.55,4711.85,4713,1286,
2024-07-26 11:30:00+05:30,4713,4715,4710.45,4711.45,1461,
2024-07-26 11:31:00+05:30,4711.45,4713.3,4710,4711,941,
2024-07-26 11:32:00+05:30,4711,4711.15,4710,4710.65,1336,
2024-07-26 11:33:00+05:30,4710.65,4710.75,4708,4708.1,2700,
2024-07-26 11:34:00+05:30,4708.1,4710.05,4705.2,4710,3996,
2024-07-26 11:35:00+05:30,4710,4715,4710,4715,1475,
2024-07-26 11:36:00+05:30,4715,4715,4712.6,4714.2,472,
2024-07-26 11:37:00+05:30,4713.45,4714.75,4712,4713.4,799,
2024-07-26 11:38:00+05:30,4713.4,4713.45,4712,4713.45,514,
2024-07-26 11:39:00+05:30,4713.45,4718.2,4712.2,4714.05,1162,
2024-07-26 11:40:00+05:30,4716.9,4720,4716.45,4719.45,2793,
2024-07-26 11:41:00+05:30,4719.45,4720.1,4714.2,4714.6,5820,
2024-07-26 11:42:00+05:30,4714.6,4715.95,4712,4712,1176,
2024-07-26 11:43:00+05:30,4712,4713.45,4712,4712.75,1074,
2024-07-26 11:44:00+05:30,4712.05,4715.35,4711.05,4711.35,4406,
2024-07-26 11:45:00+05:30,4711.35,4718.35,4711.35,4718.2,4102,
2024-07-26 11:46:00+05:30,4718.2,4723,4716,4723,2060,
2024-07-26 11:47:00+05:30,4722.9,4725,4719.4,4719.75,3389,
2024-07-26 11:48:00+05:30,4722,4722,4717.7,4717.7,721,
2024-07-26 11:49:00+05:30,4717.7,4720,4717,4719,672,
2024-07-26 11:50:00+05:30,4720,4723,4718.1,4722,1695,
2024-07-26 11:51:00+05:30,4722.15,4729,4720.5,4728.8,9145,
2024-07-26 11:52:00+05:30,4728.5,4732.95,4728,4732.1,6185,
2024-07-26 11:53:00+05:30,4732.1,4732.1,4726,4726,1706,
2024-07-26 11:54:00+05:30,4726,4729.7,4725.25,4728.1,969,
2024-07-26 11:55:00+05:30,4728.15,4732.95,4728.15,4729.35,2363,
2024-07-26 11:56:00+05:30,4729.3,4732,4728.4,4731.7,1568,
2024-07-26 11:57:00+05:30,4731.7,4731.7,4723.8,4725.4,2727,
2024-07-26 11:58:00+05:30,4725.4,4725.6,4720.45,4721.05,1010,
2024-07-26 11:59:00+05:30,4721,4722,4718.3,4721.75,3121,
2024-07-26 12:00:00+05:30,4721.7,4721.7,4716,4716,1548,
2024-07-26 12:01:00+05:30,4717.65,4725.05,4716.05,4725.05,2729,
2024-07-26 12:02:00+05:30,4725,4730,4723.65,4728,1294,
2024-07-26 12:03:00+05:30,4728.05,4728.6,4725.25,4728.15,1357,
2024-07-26 12:04:00+05:30,4728.15,4728.2,4722.85,4722.85,1904,
2024-07-26 12:05:00+05:30,4722.85,4728,4720,4726,4616,
2024-07-26 12:06:00+05:30,4726,4727,4724.1,4725.95,661,
2024-07-26 12:07:00+05:30,4725.95,4729.55,4725,4728.8,1178,
2024-07-26 12:08:00+05:30,4728.8,4728.8,4725.7,4725.7,522,
2024-07-26 12:09:00+05:30,4725.7,4727.6,4724.7,4725,692,
2024-07-26 12:10:00+05:30,4722.9,4725.5,4722.15,4725,900,
2024-07-26 12:11:00+05:30,4725,4728,4723.4,4728,1185,
2024-07-26 12:12:00+05:30,4728,4728.25,4725,4728,851,
2024-07-26 12:13:00+05:30,4728,4728,4725,4725.05,668,
2024-07-26 12:14:00+05:30,4725.05,4726.95,4723.5,4723.5,624,
2024-07-26 12:15:00+05:30,4723.5,4725,4720,4722.95,1843,
2024-07-26 12:16:00+05:30,4723.75,4728,4722.8,4727.6,1020,
2024-07-26 12:17:00+05:30,4728,4732,4727.65,4730.75,3296,
2024-07-26 12:18:00+05:30,4730.75,4739.3,4728,4734.9,5911,
2024-07-26 12:19:00+05:30,4734.9,4736.45,4732.6,4735,955,
2024-07-26 12:20:00+05:30,4735,4747.05,4735,4745.75,14254,
2024-07-26 12:21:00+05:30,4745.75,4749.8,4742.75,4742.75,5244,
2024-07-26 12:22:00+05:30,4742.2,4742.2,4738,4741.25,2546,
2024-07-26 12:23:00+05:30,4741.3,4745,4740.65,4743.05,999,
2024-07-26 12:24:00+05:30,4743.15,4743.65,4739.5,4741,1525,
2024-07-26 12:25:00+05:30,4740.65,4742.95,4740,4741,1862,
2024-07-26 12:26:00+05:30,4741,4743.05,4738,4741,2279,
2024-07-26 12:27:00+05:30,4741,4741,4733.15,4735.9,2144,
2024-07-26 12:28:00+05:30,4735.9,4738,4732.8,4735.4,1207,
2024-07-26 12:29:00+05:30,4735,4738.1,4735,4737.3,1422,
2024-07-26 12:30:00+05:30,4737.3,4738.45,4733.55,4735.9,1050,
2024-07-26 12:31:00+05:30,4735.9,4737.35,4733.95,4734,831,
2024-07-26 12:32:00+05:30,4734,4735.2,4733,4734.15,613,
2024-07-26 12:33:00+05:30,4734.95,4735,4733,4733,475,
2024-07-26 12:34:00+05:30,4733,4735.2,4732.15,4733.05,1658,
2024-07-26 12:35:00+05:30,4732.5,4740,4731.15,4739.95,1473,
2024-07-26 12:36:00+05:30,4739.95,4739.95,4732,4734.7,922,
2024-07-26 12:37:00+05:30,4734.7,4749,4734,4748.8,5194,
2024-07-26 12:38:00+05:30,4749,4750,4744,4748.55,4169,
2024-07-26 12:39:00+05:30,4748.55,4750,4745.75,4750,2858,
2024-07-26 12:40:00+05:30,4750,4750,4747,4748.05,1413,
2024-07-26 12:41:00+05:30,4747.65,4756.7,4747.55,4756.7,9376,
2024-07-26 12:42:00+05:30,4756.7,4770.45,4756.7,4765.95,13654,
2024-07-26 12:43:00+05:30,4765.95,4770,4764.45,4768.5,9386,
2024-07-26 12:44:00+05:30,4768.5,4771,4765,4769.2,6883,
2024-07-26 12:45:00+05:30,4766.7,4769.05,4765,4765.65,3604,
2024-07-26 12:46:00+05:30,4765.65,4765.7,4758.3,4760,3748,
2024-07-26 12:47:00+05:30,4760,4765.9,4758,4763.95,4546,
2024-07-26 12:48:00+05:30,4763.95,4770,4761.1,4769,8138,
2024-07-26 12:49:00+05:30,4769,4773.15,4766,4771.85,6207,
2024-07-26 12:50:00+05:30,4771.85,4771.85,4765.15,4767.5,3553,
2024-07-26 12:51:00+05:30,4765.9,4772.8,4763.3,4769.5,11266,
2024-07-26 12:52:00+05:30,4769.5,4771.85,4768.25,4769,3935,
2024-07-26 12:53:00+05:30,4770,4770.75,4764.55,4764.55,5060,
2024-07-26 12:54:00+05:30,4764.55,4766,4761.55,4763.75,2169,
2024-07-26 12:55:00+05:30,4763.75,4765.3,4757.35,4762,3977,
2024-07-26 12:56:00+05:30,4762,4762,4759.3,4760,1646,
2024-07-26 12:57:00+05:30,4760,4764.6,4759.65,4761.45,1861,
2024-07-26 12:58:00+05:30,4761.85,4763.5,4755.15,4760.95,2834,
2024-07-26 12:59:00+05:30,4761.25,4762.05,4758,4758,818,
2024-07-26 13:00:00+05:30,4759.75,4765,4757.2,4760.7,3016,
2024-07-26 13:01:00+05:30,4760.7,4767,4759.85,4765.25,1998,
2024-07-26 13:02:00+05:30,4765.25,4766.95,4761.3,4761.4,3047,
2024-07-26 13:03:00+05:30,4763,4763.05,4758.25,4760.6,1277,
2024-07-26 13:04:00+05:30,4760.6,4763.05,4758.1,4759,1277,
2024-07-26 13:05:00+05:30,4758.25,4762.85,4758,4760,1097,
2024-07-26 13:06:00+05:30,4760,4761.05,4755,4756.2,1451,
2024-07-26 13:07:00+05:30,4756.2,4763,4756.05,4761.95,2043,
2024-07-26 13:08:00+05:30,4761.95,4766.9,4761,4766.9,2646,
2024-07-26 13:09:00+05:30,4767,4769.15,4763.6,4764.1,5127,
2024-07-26 13:10:00+05:30,4764.1,4769.15,4761.1,4761.1,4680,
2024-07-26 13:11:00+05:30,4761.1,4765,4757.7,4763.2,2682,
2024-07-26 13:12:00+05:30,4763.05,4764.25,4757,4757,1178,
2024-07-26 13:13:00+05:30,4757,4764.2,4757,4760,1979,
2024-07-26 13:14:00+05:30,4760,4762,4754.9,4755.05,3720,
2024-07-26 13:15:00+05:30,4755.05,4757,4752,4752.3,3840,
2024-07-26 13:16:00+05:30,4754.45,4758.1,4750,4758,4638,
2024-07-26 13:17:00+05:30,4757.45,4761.2,4756.45,4760,2530,
2024-07-26 13:18:00+05:30,4760,4764,4760,4761.1,1474,
2024-07-26 13:19:00+05:30,4761.1,4761.1,4758.15,4760.05,1530,
2024-07-26 13:20:00+05:30,4760.85,4760.85,4760,4760.05,694,
2024-07-26 13:21:00+05:30,4760.05,4760.6,4756.5,4756.95,2510,
2024-07-26 13:22:00+05:30,4756.95,4761.95,4755.2,4758.5,3635,
2024-07-26 13:23:00+05:30,4758.5,4760.8,4755,4756.6,1142,
2024-07-26 13:24:00+05:30,4755.85,4759.45,4755.05,4757,2201,
2024-07-26 13:25:00+05:30,4757,4758,4755.2,4756.35,911,
2024-07-26 13:26:00+05:30,4756.35,4759.9,4756.2,4758.3,660,
2024-07-26 13:27:00+05:30,4758.3,4762.45,4757,4758.5,2653,
2024-07-26 13:28:00+05:30,4758.5,4760.25,4755.35,4759.25,754,
2024-07-26 13:29:00+05:30,4758.85,4759,4756.05,4756.2,612,
2024-07-26 13:30:00+05:30,4756.2,4761.45,4755.6,4760,808,
2024-07-26 13:31:00+05:30,4760,4762,4758.95,4762,1014,
2024-07-26 13:32:00+05:30,4760,4760.7,4757.8,4760,738,
2024-07-26 13:33:00+05:30,4760,4765,4758.4,4764.05,1865,
2024-07-26 13:34:00+05:30,4762.35,4764.4,4760.45,4764.2,706,
2024-07-26 13:35:00+05:30,4765.65,4767.1,4764.05,4765.1,1443,
2024-07-26 13:36:00+05:30,4765.1,4766,4760.4,4761.45,1681,
2024-07-26 13:37:00+05:30,4761.45,4763.6,4760.05,4761.15,416,
2024-07-26 13:38:00+05:30,4761.15,4764.7,4761.15,4762.45,1148,
2024-07-26 13:39:00+05:30,4762.3,4764.9,4760,4761.85,1142,
2024-07-26 13:40:00+05:30,4761.4,4764.2,4761.35,4762.25,1058,
2024-07-26 13:41:00+05:30,4764.55,4764.55,4760,4762.25,1100,
2024-07-26 13:42:00+05:30,4760.2,4762.8,4760.05,4760.1,416,
2024-07-26 13:43:00+05:30,4760.1,4762,4759.25,4761.95,1628,
2024-07-26 13:44:00+05:30,4760.35,4763.75,4760,4762.4,1414,
2024-07-26 13:45:00+05:30,4762.05,4767.1,4760.1,4766.5,1740,
2024-07-26 13:46:00+05:30,4766.5,4769,4766,4768.95,1462,
2024-07-26 13:47:00+05:30,4768.95,4772.2,4768.5,4770.05,3298,
2024-07-26 13:48:00+05:30,4770.05,4772.5,4770.05,4772.15,1773,
2024-07-26 13:49:00+05:30,4772.15,4772.9,4770,4770.55,1155,
2024-07-26 13:50:00+05:30,4770.55,4773,4769.45,4770.95,5555,
2024-07-26 13:51:00+05:30,4770,4772,4770,4770.05,1743,
2024-07-26 13:52:00+05:30,4770.05,4773.9,4770,4772.05,3411,
2024-07-26 13:53:00+05:30,4772.05,4773.2,4772,4772.8,1197,
2024-07-26 13:54:00+05:30,4772.8,4775,4772.8,4773,2946,
2024-07-26 13:55:00+05:30,4773,4773.55,4770.05,4770.05,2324,
2024-07-26 13:56:00+05:30,4770.05,4772,4765.1,4765.1,4024,
2024-07-26 13:57:00+05:30,4765.3,4769.95,4765.1,4767.05,2318,
2024-07-26 13:58:00+05:30,4767.05,4770.9,4766.2,4768.15,2836,
2024-07-26 13:59:00+05:30,4768.15,4770.75,4768,4770,1299,
2024-07-26 14:00:00+05:30,4770.65,4771.95,4769.6,4769.6,1801,
2024-07-26 14:01:00+05:30,4769.6,4772,4769.6,4770.15,1460,
2024-07-26 14:02:00+05:30,4770.1,4772.15,4770,4770.9,637,
2024-07-26 14:03:00+05:30,4770.75,4772.8,4770,4770.3,2534,
2024-07-26 14:04:00+05:30,4770.25,4770.3,4770,4770.05,1642,
2024-07-26 14:05:00+05:30,4770,4771.5,4770,4770,1142,
2024-07-26 14:06:00+05:30,4770.1,4775.4,4770,4775.05,1865,
2024-07-26 14:07:00+05:30,4775.1,4777.7,4772,4772,5130,
2024-07-26 14:08:00+05:30,4772,4775.5,4771.15,4773.85,3533,
2024-07-26 14:09:00+05:30,4772.3,4775,4771.45,4773.85,2088,
2024-07-26 14:10:00+05:30,4772.2,4775.8,4771.95,4775.3,1282,
2024-07-26 14:11:00+05:30,4775.3,4775.8,4772.05,4772.3,2303,
2024-07-26 14:12:00+05:30,4772.45,4775,4771,4772,1311,
2024-07-26 14:13:00+05:30,4771.45,4779,4771.05,4778.95,5080,
2024-07-26 14:14:00+05:30,4778.95,4779.95,4774.35,4774.65,4331,
2024-07-26 14:15:00+05:30,4774.65,4784.45,4774.65,4781.8,10377,
2024-07-26 14:16:00+05:30,4781.8,4790.2,4780.65,4788.05,10013,
2024-07-26 14:17:00+05:30,4788.7,4791,4785.6,4789.9,5663,
2024-07-26 14:18:00+05:30,4789.9,4790.75,4787,4789.75,8529,
2024-07-26 14:19:00+05:30,4789.75,4790.75,4788.95,4788.95,3179,
2024-07-26 14:20:00+05:30,4788.65,4793.5,4788.65,4789.55,5515,
2024-07-26 14:21:00+05:30,4791.05,4791.4,4785,4787.95,4696,
2024-07-26 14:22:00+05:30,4787.6,4788.3,4784.55,4786.8,3216,
2024-07-26 14:23:00+05:30,4787.7,4787.7,4780.25,4782.7,3985,
2024-07-26 14:24:00+05:30,4782.7,4789.7,4782.65,4786.2,7019,
2024-07-26 14:25:00+05:30,4784.85,4796.45,4784.85,4795,11674,
2024-07-26 14:26:00+05:30,4795,4797.7,4793,4796.45,7113,
2024-07-26 14:27:00+05:30,4796.75,4799,4794.05,4798.5,6916,
2024-07-26 14:28:00+05:30,4798.5,4798.5,4790.45,4792.2,9726,
2024-07-26 14:29:00+05:30,4792.5,4797.8,4791.1,4794.85,5145,
2024-07-26 14:30:00+05:30,4797,4799,4793.4,4798.95,3854,
2024-07-26 14:31:00+05:30,4798.95,4810,4798.8,4804.1,23553,
2024-07-26 14:32:00+05:30,4804.1,4805.6,4791.8,4795.4,7190,
2024-07-26 14:33:00+05:30,4795.3,4795.55,4786.05,4787.1,5609,
2024-07-26 14:34:00+05:30,4788,4788.8,4775.7,4779.55,10283,
2024-07-26 14:35:00+05:30,4778.15,4790,4777.05,4780.2,7886,
2024-07-26 14:36:00+05:30,4782.45,4782.8,4772.5,4772.7,6177,
2024-07-26 14:37:00+05:30,4772.7,4781.9,4772.7,4777,3167,
2024-07-26 14:38:00+05:30,4777,4777,4770,4774,5449,
2024-07-26 14:39:00+05:30,4773,4774,4771,4771.95,2787,
2024-07-26 14:40:00+05:30,4771.1,4774,4767,4771.5,4289,
2024-07-26 14:41:00+05:30,4772.25,4774.75,4770,4771.8,3809,
2024-07-26 14:42:00+05:30,4771.5,4772,4763,4763,2760,
2024-07-26 14:43:00+05:30,4765,4768.75,4765,4766,1884,
2024-07-26 14:44:00+05:30,4765.35,4769.65,4765.3,4766,1910,
2024-07-26 14:45:00+05:30,4766.05,4767.75,4760.95,4763.5,3476,
2024-07-26 14:46:00+05:30,4763.45,4773,4763.45,4771.75,4962,
2024-07-26 14:47:00+05:30,4771.35,4777.5,4771.35,4777.5,2978,
2024-07-26 14:48:00+05:30,4776.1,4778,4769.85,4770.6,1713,
2024-07-26 14:49:00+05:30,4770.8,4774,4767.3,4773.95,796,
2024-07-26 14:50:00+05:30,4773.05,4774,4769.2,4770.15,789,
2024-07-26 14:51:00+05:30,4770.15,4772.05,4770,4771.05,649,
2024-07-26 14:52:00+05:30,4771.05,4771.05,4765,4767.9,1533,
2024-07-26 14:53:00+05:30,4767.9,4769.1,4763.35,4765,683,
2024-07-26 14:54:00+05:30,4763.45,4779.35,4763.45,4774.95,3798,
2024-07-26 14:55:00+05:30,4774.95,4778.45,4770.1,4772.15,1675,
2024-07-26 14:56:00+05:30,4770.3,4773.95,4766.3,4773.95,1067,
2024-07-26 14:57:00+05:30,4769.7,4772,4769.55,4770.95,518,
2024-07-26 14:58:00+05:30,4769.65,4771.8,4769,4771.65,961,
2024-07-26 14:59:00+05:30,4771.65,4772.25,4769.15,4771.9,654,
2024-07-26 15:00:00+05:30,4770.4,4775,4770.4,4772.7,1463,
2024-07-26 15:01:00+05:30,4773.6,4779.4,4773.6,4775.55,2884,
2024-07-26 15:02:00+05:30,4776.6,4778.3,4775,4778,3206,
2024-07-26 15:03:00+05:30,4777.7,4780,4775.5,4777.5,3126,
2024-07-26 15:04:00+05:30,4779,4782.5,4778,4782.5,3431,
2024-07-26 15:05:00+05:30,4780.15,4782.1,4776,4777,3281,
2024-07-26 15:06:00+05:30,4777,4789.15,4777,4787,11430,
2024-07-26 15:07:00+05:30,4787,4787.7,4782.5,4787.05,3698,
2024-07-26 15:08:00+05:30,4787.05,4795,4787.05,4792.85,6108,
2024-07-26 15:09:00+05:30,4792.85,4795,4787.85,4792,7392,
2024-07-26 15:10:00+05:30,4791.65,4794.75,4788.7,4793.1,5885,
2024-07-26 15:11:00+05:30,4793.1,4793.1,4788.05,4790.8,4913,
2024-07-26 15:12:00+05:30,4790.25,4794.8,4790.25,4794,6031,
2024-07-26 15:13:00+05:30,4793.65,4794.8,4792.05,4793,3981,
2024-07-26 15:14:00+05:30,4792.85,4798,4792.85,4795.55,7307,
2024-07-26 15:15:00+05:30,4795.55,4796.4,4790.45,4795.25,7914,
2024-07-26 15:16:00+05:30,4795.15,4796.35,4785.95,4788.25,9736,
2024-07-26 15:17:00+05:30,4788.25,4793.65,4785,4790,9575,
2024-07-26 15:18:00+05:30,4790,4795,4789.6,4791.95,9793,
2024-07-26 15:19:00+05:30,4790.9,4793.55,4788.95,4793.15,6359,
2024-07-26 15:20:00+05:30,4793,4797.95,4789.15,4795.9,15215,
2024-07-26 15:21:00+05:30,4795.9,4798,4792.9,4795.5,5258,
2024-07-26 15:22:00+05:30,4797,4797,4794.15,4796.75,4046,
2024-07-26 15:23:00+05:30,4795.95,4798.45,4795,4796,5335,
2024-07-26 15:24:00+05:30,4796,4796.1,4789.35,4792.75,5181,
2024-07-26 15:25:00+05:30,4793,4793,4788.8,4789.1,4117,
2024-07-26 15:26:00+05:30,4789.1,4799.7,4788.15,4795.65,5783,
2024-07-26 15:27:00+05:30,4795,4795,4791,4793.4,1696,
2024-07-26 15:28:00+05:30,4792.8,4793.55,4784,4792,3768,
2024-07-26 15:29:00+05:30,4792,4792.3,4789,4792.25,1236,
2024-07-29 09:15:00+05:30,4804,4833.55,4800,4814.6,10295,
2024-07-29 09:16:00+05:30,4818.95,4827,4803.55,4806.35,3887,
2024-07-29 09:17:00+05:30,4806.75,4806.75,4794.1,4796.15,6782,
2024-07-29 09:18:00+05:30,4796,4805.95,4795,4805.85,2786,
2024-07-29 09:19:00+05:30,4804.25,4809.25,4797.1,4797.15,1237,
2024-07-29 09:20:00+05:30,4799.1,4804.95,4793,4793,1565,
2024-07-29 09:21:00+05:30,4793.55,4800.9,4790.1,4797.1,2681,
2024-07-29 09:22:00+05:30,4798.35,4798.8,4788,4789.6,1985,
2024-07-29 09:23:00+05:30,4787.2,4787.2,4773.45,4778.65,8666,
2024-07-29 09:24:00+05:30,4777.15,4789.6,4775,4789.6,1951,
2024-07-29 09:25:00+05:30,4789.6,4789.9,4777.25,4778.8,2500,
2024-07-29 09:26:00+05:30,4778.9,4779.8,4773.65,4775.1,908,
2024-07-29 09:27:00+05:30,4773.65,4791.15,4771.7,4790.8,2832,
2024-07-29 09:28:00+05:30,4790,4793.85,4784.05,4793,5641,
2024-07-29 09:29:00+05:30,4792.3,4796,4790,4792.15,989,
2024-07-29 09:30:00+05:30,4790.6,4793.9,4785,4788.7,1289,
2024-07-29 09:31:00+05:30,4789,4809.25,4788.75,4800.15,10594,
2024-07-29 09:32:00+05:30,4801.75,4802.95,4793.6,4800.95,1866,
2024-07-29 09:33:00+05:30,4800,4806.2,4800,4804.7,5627,
2024-07-29 09:34:00+05:30,4804.7,4805.9,4800,4800.9,2202,
2024-07-29 09:35:00+05:30,4800,4804.95,4800,4801.8,628,
2024-07-29 09:36:00+05:30,4800.05,4801.95,4800,4801.2,1738,
2024-07-29 09:37:00+05:30,4800,4802,4800,4802,2092,
2024-07-29 09:38:00+05:30,4804,4809,4803.65,4809,862,
2024-07-29 09:39:00+05:30,4809,4818,4807.85,4816.15,1901,
2024-07-29 09:40:00+05:30,4816.85,4816.9,4812.8,4814.7,1268,
2024-07-29 09:41:00+05:30,4814.7,4820.9,4814,4815.8,2038,
2024-07-29 09:42:00+05:30,4815.75,4819.6,4803.65,4804.05,1422,
2024-07-29 09:43:00+05:30,4804.15,4815.7,4803.05,4815.7,906,
2024-07-29 09:44:00+05:30,4815.7,4817.05,4807.85,4815.85,2105,
2024-07-29 09:45:00+05:30,4815.85,4820,4815.85,4820,1386,
2024-07-29 09:46:00+05:30,4820,4826,4818.3,4826,1221,
2024-07-29 09:47:00+05:30,4826,4826,4820,4822,549,
2024-07-29 09:48:00+05:30,4822,4833,4822,4831.3,2417,
2024-07-29 09:49:00+05:30,4831.75,4848.75,4831.75,4845.65,6238,
2024-07-29 09:50:00+05:30,4845.65,4845.65,4835.55,4841.25,2600,
2024-07-29 09:51:00+05:30,4840.55,4848,4840.55,4845,1426,
2024-07-29 09:52:00+05:30,4845,4850,4843.45,4849.05,1770,
2024-07-29 09:53:00+05:30,4850,4854,4846.3,4853.8,2176,
2024-07-29 09:54:00+05:30,4854,4857.95,4851.5,4855.8,3451,
2024-07-29 09:55:00+05:30,4855.8,4856,4847.9,4850.35,1560,
2024-07-29 09:56:00+05:30,4850.35,4851.8,4841.3,4847.9,2652,
2024-07-29 09:57:00+05:30,4848.1,4850,4842.35,4845.95,1854,
2024-07-29 09:58:00+05:30,4845.95,4845.95,4841.35,4843.5,1028,
2024-07-29 09:59:00+05:30,4842.05,4853.7,4841,4851.95,2613,
2024-07-29 10:00:00+05:30,4851.95,4864.4,4850,4861.8,3875,
2024-07-29 10:01:00+05:30,4863.45,4868,4861.3,4863.6,2835,
2024-07-29 10:02:00+05:30,4863,4865.25,4858.7,4864.7,1249,
2024-07-29 10:03:00+05:30,4864.7,4871,4862.15,4862.15,2694,
2024-07-29 10:04:00+05:30,4862.15,4864.3,4855.1,4861,2765,
2024-07-29 10:05:00+05:30,4861,4870,4860.8,4867.35,2179,
2024-07-29 10:06:00+05:30,4867.35,4867.35,4862.1,4862.65,694,
2024-07-29 10:07:00+05:30,4863.85,4864.35,4860,4860.1,791,
2024-07-29 10:08:00+05:30,4860.1,4861.3,4855.55,4855.55,876,
2024-07-29 10:09:00+05:30,4855.25,4855.25,4850,4853.65,2450,
2024-07-29 10:10:00+05:30,4853.65,4864,4853.65,4860.65,2912,
2024-07-29 10:11:00+05:30,4860.65,4862,4856.55,4858.35,628,
2024-07-29 10:12:00+05:30,4858.35,4860.45,4856.65,4859.95,767,
2024-07-29 10:13:00+05:30,4859.95,4859.95,4854.5,4854.5,834,
2024-07-29 10:14:00+05:30,4854.5,4855.8,4850,4850,3624,
2024-07-29 10:15:00+05:30,4850,4854.05,4850,4851.05,1671,
2024-07-29 10:16:00+05:30,4851.2,4853.95,4850.6,4853.95,630,
2024-07-29 10:17:00+05:30,4853.95,4856.25,4851.1,4851.1,539,
2024-07-29 10:18:00+05:30,4851.1,4856.75,4851.1,4855.45,936,
2024-07-29 10:19:00+05:30,4855.45,4857,4854.7,4856.95,1334,
2024-07-29 10:20:00+05:30,4856.95,4860,4855,4856.95,1026,
2024-07-29 10:21:00+05:30,4856.95,4858.8,4855,4855,652,
2024-07-29 10:22:00+05:30,4855.2,4865,4855,4856.15,3925,
2024-07-29 10:23:00+05:30,4856.2,4861.8,4852.9,4860,2537,
2024-07-29 10:24:00+05:30,4860,4863.3,4860,4860.45,1178,
2024-07-29 10:25:00+05:30,4862,4862.65,4859.7,4860,1029,
2024-07-29 10:26:00+05:30,4860,4862,4858.8,4860,496,
2024-07-29 10:27:00+05:30,4860,4861,4859.1,4860,1488,
2024-07-29 10:28:00+05:30,4860,4861,4857.3,4861,1127,
2024-07-29 10:29:00+05:30,4861,4862,4850,4854.9,5907,
2024-07-29 10:30:00+05:30,4855.8,4856.3,4850,4855.35,3315,
2024-07-29 10:31:00+05:30,4852.6,4855.15,4850,4852.2,1108,
2024-07-29 10:32:00+05:30,4852.2,4852.25,4850,4851,1252,
2024-07-29 10:33:00+05:30,4851,4852.5,4850,4850,553,
2024-07-29 10:34:00+05:30,4852.45,4853,4850.6,4852.4,200,
2024-07-29 10:35:00+05:30,4852.4,4854.95,4850,4854.95,1820,
2024-07-29 10:36:00+05:30,4854.95,4854.95,4850,4852.45,839,
2024-07-29 10:37:00+05:30,4850.4,4854.55,4850,4854.25,937,
2024-07-29 10:38:00+05:30,4854.25,4856.5,4850.7,4855.2,1064,
2024-07-29 10:39:00+05:30,4858.1,4860,4854.4,4860,1079,
2024-07-29 10:40:00+05:30,4860,4865,4855.2,4864,1735,
2024-07-29 10:41:00+05:30,4864,4867.45,4860,4863.55,1859,
2024-07-29 10:42:00+05:30,4863.55,4865.95,4861.15,4861.3,873,
2024-07-29 10:43:00+05:30,4861.3,4864.65,4858,4860.85,1297,
2024-07-29 10:44:00+05:30,4860.85,4864.65,4856.2,4864.65,1972,
2024-07-29 10:45:00+05:30,4864.65,4869.95,4863.7,4867.7,1404,
2024-07-29 10:46:00+05:30,4867.85,4869.5,4864.15,4868.95,1075,
2024-07-29 10:47:00+05:30,4868.95,4869.15,4865.05,4867.05,1757,
2024-07-29 10:48:00+05:30,4867,4869,4865.05,4865.95,750,
2024-07-29 10:49:00+05:30,4865.95,4868.1,4864,4868,883,
2024-07-29 10:50:00+05:30,4868,4868,4863.95,4866.15,570,
2024-07-29 10:51:00+05:30,4866.15,4868,4863.85,4868,2020,
2024-07-29 10:52:00+05:30,4866.15,4868.9,4863.5,4866.1,1954,
2024-07-29 10:53:00+05:30,4866.1,4869.9,4865.05,4869.9,825,
2024-07-29 10:54:00+05:30,4869.9,4882.5,4869.9,4878,7624,
2024-07-29 10:55:00+05:30,4879.65,4880.95,4874.5,4875,2503,
2024-07-29 10:56:00+05:30,4875.1,4878.75,4872.15,4877.45,1777,
2024-07-29 10:57:00+05:30,4877.45,4878.7,4874.8,4875,937,
2024-07-29 10:58:00+05:30,4875,4878.75,4875,4876.95,1034,
2024-07-29 10:59:00+05:30,4876.95,4878.6,4874.5,4875.1,2519,
2024-07-29 11:00:00+05:30,4875.35,4877.95,4875,4875.05,1516,
2024-07-29 11:01:00+05:30,4875.05,4880.85,4875,4880.85,979,
2024-07-29 11:02:00+05:30,4879.9,4881.95,4877.7,4880,2736,
2024-07-29 11:03:00+05:30,4880,4881.5,4878.55,4880,1546,
2024-07-29 11:04:00+05:30,4880,4882.35,4880,4881.5,735,
2024-07-29 11:05:00+05:30,4881.5,4882.5,4878.05,4880.7,1921,
2024-07-29 11:06:00+05:30,4880.7,4885,4879,4882.7,1298,
2024-07-29 11:07:00+05:30,4882.7,4884,4878.05,4884,3331,
2024-07-29 11:08:00+05:30,4884,4884.35,4880.05,4880.05,520,
2024-07-29 11:09:00+05:30,4880.05,4883.25,4878.05,4883,1736,
2024-07-29 11:10:00+05:30,4883,4886.5,4880,4883,2862,
2024-07-29 11:11:00+05:30,4883,4884,4880.1,4881.2,690,
2024-07-29 11:12:00+05:30,4881.2,4883.7,4879.8,4880.05,1332,
2024-07-29 11:13:00+05:30,4880.05,4883,4878.1,4880.3,697,
2024-07-29 11:14:00+05:30,4880.3,4883.35,4878.5,4881.65,1482,
2024-07-29 11:15:00+05:30,4881.65,4883.9,4880,4880,1855,
2024-07-29 11:16:00+05:30,4880,4882.2,4879.2,4882.2,1320,
2024-07-29 11:17:00+05:30,4882.2,4883.25,4878.55,4879.3,1479,
2024-07-29 11:18:00+05:30,4879.3,4882.95,4879.3,4880.8,832,
2024-07-29 11:19:00+05:30,4880.8,4884,4880.75,4884,618,
2024-07-29 11:20:00+05:30,4884,4886.35,4884,4884.4,1933,
2024-07-29 11:21:00+05:30,4886.35,4889,4884.55,4885.7,2034,
2024-07-29 11:22:00+05:30,4885.7,4894.1,4885.7,4894,4912,
2024-07-29 11:23:00+05:30,4894,4894,4888,4890,3289,
2024-07-29 11:24:00+05:30,4890,4892,4888.65,4890.3,3372,
2024-07-29 11:25:00+05:30,4890.3,4894,4889.55,4893.9,1886,
2024-07-29 11:26:00+05:30,4893.85,4894.05,4889.6,4891,954,
2024-07-29 11:27:00+05:30,4891.9,4892.9,4890,4891,660,
2024-07-29 11:28:00+05:30,4891,4897.5,4891,4895.5,1940,
2024-07-29 11:29:00+05:30,4897.5,4904,4897.5,4901,8100,
2024-07-29 11:30:00+05:30,4901,4903.8,4896.25,4900,3416,
2024-07-29 11:31:00+05:30,4900,4903,4898.25,4900.45,837,
2024-07-29 11:32:00+05:30,4900.45,4904.3,4899.35,4903.1,1327,
2024-07-29 11:33:00+05:30,4903.15,4903.95,4900,4901.6,846,
2024-07-29 11:34:00+05:30,4901.6,4904.1,4900,4902.65,1382,
2024-07-29 11:35:00+05:30,4902.65,4903,4900,4903,1505,
2024-07-29 11:36:00+05:30,4903,4908,4900.4,4905.35,1711,
2024-07-29 11:37:00+05:30,4905.35,4908.7,4904.15,4906,2110,
2024-07-29 11:38:00+05:30,4906,4911.85,4905.25,4911.85,1236,
2024-07-29 11:39:00+05:30,4910,4912.9,4908,4910,965,
2024-07-29 11:40:00+05:30,4910,4913.35,4910,4913.3,516,
2024-07-29 11:41:00+05:30,4913.3,4914.25,4911.3,4914.15,909,
2024-07-29 11:42:00+05:30,4914.15,4914.95,4910,4912.65,3041,
2024-07-29 11:43:00+05:30,4912.65,4912.65,4900,4902.2,12205,
2024-07-29 11:44:00+05:30,4902.2,4905.1,4900.05,4903.95,1123,
2024-07-29 11:45:00+05:30,4903.95,4904.6,4901.05,4903.1,692,
2024-07-29 11:46:00+05:30,4903.1,4908.75,4900.35,4902.4,2402,
2024-07-29 11:47:00+05:30,4902.4,4902.4,4898.75,4902.4,3785,
2024-07-29 11:48:00+05:30,4902.4,4905.85,4900,4900.8,1666,
2024-07-29 11:49:00+05:30,4900.8,4907.9,4900,4907.9,3390,
2024-07-29 11:50:00+05:30,4907.9,4907.95,4905,4907.7,1057,
2024-07-29 11:51:00+05:30,4905.35,4907.8,4903,4903,1141,
2024-07-29 11:52:00+05:30,4904.35,4904.35,4900,4902,1646,
2024-07-29 11:53:00+05:30,4902,4903.45,4900,4902.2,937,
2024-07-29 11:54:00+05:30,4902.2,4902.65,4900,4901,3125,
2024-07-29 11:55:00+05:30,4901,4902.4,4900,4902.25,3891,
2024-07-29 11:56:00+05:30,4902.25,4910.3,4900,4907.85,5625,
2024-07-29 11:57:00+05:30,4907.85,4911,4905.45,4908.65,854,
2024-07-29 11:58:00+05:30,4908.65,4911,4907.15,4910,1158,
2024-07-29 11:59:00+05:30,4910,4910.95,4908.4,4910.95,606,
2024-07-29 12:00:00+05:30,4910.95,4911,4908.55,4910,674,
2024-07-29 12:01:00+05:30,4911,4912.25,4908.5,4910,828,
2024-07-29 12:02:00+05:30,4910,4912,4909,4911.95,643,
2024-07-29 12:03:00+05:30,4911.95,4911.95,4910,4911.95,153,
2024-07-29 12:04:00+05:30,4910.3,4912,4910,4910.1,709,
2024-07-29 12:05:00+05:30,4911.5,4912,4905,4905,1151,
2024-07-29 12:06:00+05:30,4905,4906.3,4900,4903.2,1596,
2024-07-29 12:07:00+05:30,4901.3,4906.05,4900,4905.95,1684,
2024-07-29 12:08:00+05:30,4903.7,4906.3,4901.55,4903.7,926,
2024-07-29 12:09:00+05:30,4903.7,4906.3,4902.1,4905.7,454,
2024-07-29 12:10:00+05:30,4905.7,4905.7,4900,4904.6,2799,
2024-07-29 12:11:00+05:30,4904.6,4905.7,4900.85,4902.1,804,
2024-07-29 12:12:00+05:30,4904.1,4904.1,4900.35,4902.05,775,
2024-07-29 12:13:00+05:30,4902.05,4910,4900.5,4908.55,952,
2024-07-29 12:14:00+05:30,4908.55,4910,4905.15,4906.3,666,
2024-07-29 12:15:00+05:30,4905.3,4908,4903.35,4907,683,
2024-07-29 12:16:00+05:30,4907,4907.9,4904.25,4907.2,558,
2024-07-29 12:17:00+05:30,4907.2,4908,4905.2,4908,610,
2024-07-29 12:18:00+05:30,4907.4,4908,4905,4906.4,969,
2024-07-29 12:19:00+05:30,4906.4,4906.4,4900,4900.05,6580,
2024-07-29 12:20:00+05:30,4901,4904.25,4899.95,4904.25,8456,
2024-07-29 12:21:00+05:30,4903,4905.15,4900.45,4905.1,1343,
2024-07-29 12:22:00+05:30,4905.1,4905.2,4901.1,4901.4,3454,
2024-07-29 12:23:00+05:30,4901.4,4902,4900,4900,610,
2024-07-29 12:24:00+05:30,4900,4901.25,4900,4900.1,1045,
2024-07-29 12:25:00+05:30,4901.25,4903.65,4900.1,4903.1,565,
2024-07-29 12:26:00+05:30,4903.1,4904,4900.75,4903,374,
2024-07-29 12:27:00+05:30,4903,4905.55,4900.1,4905.55,579,
2024-07-29 12:28:00+05:30,4905.55,4905.55,4900.7,4903.55,393,
2024-07-29 12:29:00+05:30,4903.55,4903.55,4900.6,4902,273,
2024-07-29 12:30:00+05:30,4903.5,4903.5,4900.9,4903.5,509,
2024-07-29 12:31:00+05:30,4903.5,4906.25,4901.35,4905.7,1974,
2024-07-29 12:32:00+05:30,4903.45,4906.8,4902.8,4906.3,621,
2024-07-29 12:33:00+05:30,4905,4906.25,4900.65,4902.4,687,
2024-07-29 12:34:00+05:30,4902.4,4902.4,4900,4900.95,676,
2024-07-29 12:35:00+05:30,4900.3,4903,4900.3,4900.55,891,
2024-07-29 12:36:00+05:30,4900.55,4904.7,4900.3,4901,824,
2024-07-29 12:37:00+05:30,4901,4904.3,4900.3,4904.25,558,
2024-07-29 12:38:00+05:30,4901.3,4905,4900,4900.3,2344,
2024-07-29 12:39:00+05:30,4900.3,4902.5,4900.05,4901,972,
2024-07-29 12:40:00+05:30,4900.65,4902.1,4900,4901,1131,
2024-07-29 12:41:00+05:30,4901,4901.25,4900,4901.25,2054,
2024-07-29 12:42:00+05:30,4901.25,4907,4900,4902,2427,
2024-07-29 12:43:00+05:30,4902,4905.95,4900,4901.4,540,
2024-07-29 12:44:00+05:30,4901.4,4903.25,4900,4901,904,
2024-07-29 12:45:00+05:30,4901,4903.95,4900.05,4901.05,601,
2024-07-29 12:46:00+05:30,4903.6,4904.8,4901.05,4904.75,657,
2024-07-29 12:47:00+05:30,4904.75,4904.75,4902,4904.5,629,
2024-07-29 12:48:00+05:30,4904.5,4904.5,4900.35,4903.25,511,
2024-07-29 12:49:00+05:30,4903.25,4904,4900.7,4903.95,540,
2024-07-29 12:50:00+05:30,4904,4904,4900,4901,927,
2024-07-29 12:51:00+05:30,4901,4903.65,4900,4901.45,785,
2024-07-29 12:52:00+05:30,4901.45,4906.1,4901.45,4902.65,1117,
2024-07-29 12:53:00+05:30,4905.45,4905.45,4901.4,4904.4,466,
2024-07-29 12:54:00+05:30,4904.4,4904.4,4900.05,4903,440,
2024-07-29 12:55:00+05:30,4903,4905,4901.05,4904,375,
2024-07-29 12:56:00+05:30,4904,4904.55,4900.75,4901.85,579,
2024-07-29 12:57:00+05:30,4901.85,4904.5,4900.3,4902.4,588,
2024-07-29 12:58:00+05:30,4902.4,4904.45,4900.4,4904.35,595,
2024-07-29 12:59:00+05:30,4904.35,4904.35,4901,4901.15,525,
2024-07-29 13:00:00+05:30,4901,4902.8,4900.1,4901.5,402,
2024-07-29 13:01:00+05:30,4901.5,4901.95,4900,4900,307,
2024-07-29 13:02:00+05:30,4901,4902,4900,4901,992,
2024-07-29 13:03:00+05:30,4901,4904,4900,4901,496,
2024-07-29 13:04:00+05:30,4901,4904.5,4901,4902.15,947,
2024-07-29 13:05:00+05:30,4902.15,4905,4901,4904.95,434,
2024-07-29 13:06:00+05:30,4904.95,4904.95,4901.4,4904,410,
2024-07-29 13:07:00+05:30,4904,4904.7,4901.5,4903.95,647,
2024-07-29 13:08:00+05:30,4903.95,4904.4,4901.1,4902.45,576,
2024-07-29 13:09:00+05:30,4904.3,4904.9,4901.5,4904.7,502,
2024-07-29 13:10:00+05:30,4904.7,4904.85,4900.25,4901.15,1130,
2024-07-29 13:11:00+05:30,4901.15,4903.6,4900.1,4901.95,707,
2024-07-29 13:12:00+05:30,4901.95,4902.8,4900.7,4900.7,1240,
2024-07-29 13:13:00+05:30,4901.2,4901.85,4900.6,4900.6,236,
2024-07-29 13:14:00+05:30,4900,4900.25,4886.3,4895,18948,
2024-07-29 13:15:00+05:30,4895,4900.35,4894.55,4900,3107,
2024-07-29 13:16:00+05:30,4900,4901,4899.95,4901,647,
2024-07-29 13:17:00+05:30,4901,4901,4898,4898.55,555,
2024-07-29 13:18:00+05:30,4898.55,4901,4898,4900,1933,
2024-07-29 13:19:00+05:30,4900,4901.15,4898,4901,2333,
2024-07-29 13:20:00+05:30,4901,4901,4900,4901,1102,
2024-07-29 13:21:00+05:30,4901,4901,4899,4900,208,
2024-07-29 13:22:00+05:30,4901,4901,4899,4899,739,
2024-07-29 13:23:00+05:30,4899,4901,4899,4900.5,524,
2024-07-29 13:24:00+05:30,4900.5,4901.3,4900,4901,1319,
2024-07-29 13:25:00+05:30,4900,4900,4899,4899.95,682,
2024-07-29 13:26:00+05:30,4900,4901,4899,4899.95,411,
2024-07-29 13:27:00+05:30,4899.95,4901,4898.5,4900,551,
2024-07-29 13:28:00+05:30,4901,4901,4898.15,4900,370,
2024-07-29 13:29:00+05:30,4901,4901,4900,4901,642,
2024-07-29 13:30:00+05:30,4900.05,4901,4900,4900.5,285,
2024-07-29 13:31:00+05:30,4900.5,4901,4900,4900,900,
2024-07-29 13:32:00+05:30,4900,4904,4900,4904,1124,
2024-07-29 13:33:00+05:30,4904,4910,4901.7,4907.7,4089,
2024-07-29 13:34:00+05:30,4907.7,4912.8,4905,4912.8,5662,
2024-07-29 13:35:00+05:30,4914,4914,4911.6,4912.95,1445,
2024-07-29 13:36:00+05:30,4912.95,4913,4910.65,4912.95,607,
2024-07-29 13:37:00+05:30,4913,4920,4911,4918.7,4835,
2024-07-29 13:38:00+05:30,4920,4925,4917.95,4925,3108,
2024-07-29 13:39:00+05:30,4925,4925,4922,4924.9,2919,
2024-07-29 13:40:00+05:30,4922.35,4927.45,4918,4924.2,8083,
2024-07-29 13:41:00+05:30,4922.55,4926,4920,4926,4893,
2024-07-29 13:42:00+05:30,4926,4927.25,4924,4924.7,2271,
2024-07-29 13:43:00+05:30,4924.7,4926.7,4921.05,4925,1705,
2024-07-29 13:44:00+05:30,4925,4925,4922.1,4924.85,1441,
2024-07-29 13:45:00+05:30,4924.85,4925,4922,4925,3750,
2024-07-29 13:46:00+05:30,4925,4928.8,4924.75,4928.1,2818,
2024-07-29 13:47:00+05:30,4928.4,4928.75,4922,4922.45,2721,
2024-07-29 13:48:00+05:30,4922.35,4924.8,4921.45,4923.75,1338,
2024-07-29 13:49:00+05:30,4923.75,4924.85,4921.2,4922.45,6808,
2024-07-29 13:50:00+05:30,4922.45,4925.8,4921.2,4925.8,3044,
2024-07-29 13:51:00+05:30,4923.85,4924.85,4922,4924.7,1574,
2024-07-29 13:52:00+05:30,4924.7,4924.9,4924,4924.5,741,
2024-07-29 13:53:00+05:30,4924,4924.5,4921.15,4922.95,2112,
2024-07-29 13:54:00+05:30,4922.95,4926.1,4915.8,4925.85,18868,
2024-07-29 13:55:00+05:30,4925,4929,4922.6,4929,3554,
2024-07-29 13:56:00+05:30,4927.15,4937.15,4927.15,4937.15,4627,
2024-07-29 13:57:00+05:30,4934.85,4935,4929.15,4933.45,3267,
2024-07-29 13:58:00+05:30,4932,4934,4908.05,4925.8,17047,
2024-07-29 13:59:00+05:30,4925.85,4926.1,4916.95,4922,4669,
2024-07-29 14:00:00+05:30,4922,4923.15,4901.3,4902.85,4759,
2024-07-29 14:01:00+05:30,4902.85,4913.5,4902.85,4910.95,3599,
2024-07-29 14:02:00+05:30,4910.95,4911,4903.65,4906.8,1976,
2024-07-29 14:03:00+05:30,4906.85,4908.8,4900,4907.05,5820,
2024-07-29 14:04:00+05:30,4907.05,4919.25,4903,4912.2,10106,
2024-07-29 14:05:00+05:30,4910.8,4917.85,4906.55,4913.5,2739,
2024-07-29 14:06:00+05:30,4913.5,4915.05,4910.6,4915,842,
2024-07-29 14:07:00+05:30,4915,4915.5,4911,4913.8,858,
2024-07-29 14:08:00+05:30,4913.85,4921.55,4911,4918.35,3297,
2024-07-29 14:09:00+05:30,4917,4919,4916.8,4919,1434,
2024-07-29 14:10:00+05:30,4917.9,4921,4917.1,4919.65,927,
2024-07-29 14:11:00+05:30,4917.1,4921.55,4916.1,4921.15,909,
2024-07-29 14:12:00+05:30,4919.9,4919.9,4912,4914.7,2313,
2024-07-29 14:13:00+05:30,4912.95,4917.3,4912.55,4917,1277,
2024-07-29 14:14:00+05:30,4917,4918.95,4915.1,4918.3,546,
2024-07-29 14:15:00+05:30,4916.85,4918.75,4916,4918,1047,
2024-07-29 14:16:00+05:30,4918,4918,4914.05,4914.6,765,
2024-07-29 14:17:00+05:30,4914.6,4915.75,4910.8,4915.7,1857,
2024-07-29 14:18:00+05:30,4915.7,4915.7,4912,4913.6,661,
2024-07-29 14:19:00+05:30,4913.6,4913.85,4904.5,4907,3838,
2024-07-29 14:20:00+05:30,4907,4910.45,4904.75,4905.3,1581,
2024-07-29 14:21:00+05:30,4905.3,4908.35,4903,4907,732,
2024-07-29 14:22:00+05:30,4907,4911,4905.15,4911,1054,
2024-07-29 14:23:00+05:30,4912,4914.8,4910.45,4914.05,891,
2024-07-29 14:24:00+05:30,4914.35,4915,4910.05,4915,851,
2024-07-29 14:25:00+05:30,4915.2,4915.2,4911.3,4914,630,
2024-07-29 14:26:00+05:30,4914,4917.05,4910.6,4915.45,1742,
2024-07-29 14:27:00+05:30,4915.45,4915.45,4911.7,4914,630,
2024-07-29 14:28:00+05:30,4913.95,4915,4912,4914.3,560,
2024-07-29 14:29:00+05:30,4914,4916.45,4912.05,4916.05,815,
2024-07-29 14:30:00+05:30,4916.4,4924,4915.65,4924,1670,
2024-07-29 14:31:00+05:30,4924.95,4925,4922.35,4923.5,1506,
2024-07-29 14:32:00+05:30,4924.9,4924.9,4917.75,4921.9,1474,
2024-07-29 14:33:00+05:30,4921.45,4922.35,4917.5,4922.35,2252,
2024-07-29 14:34:00+05:30,4922.35,4922.45,4915.85,4920.15,1563,
2024-07-29 14:35:00+05:30,4920.15,4921.9,4918.55,4921.75,1159,
2024-07-29 14:36:00+05:30,4921.75,4922,4917.25,4921.95,871,
2024-07-29 14:37:00+05:30,4921.95,4924.6,4921,4921,1104,
2024-07-29 14:38:00+05:30,4922.9,4926,4921.35,4926,1886,
2024-07-29 14:39:00+05:30,4926,4926,4921.4,4924.9,1224,
2024-07-29 14:40:00+05:30,4924.9,4924.9,4922.1,4924,2079,
2024-07-29 14:41:00+05:30,4921.7,4924,4921.2,4923.7,1627,
2024-07-29 14:42:00+05:30,4923.6,4924.8,4921.45,4923.95,1160,
2024-07-29 14:43:00+05:30,4924.05,4924.3,4922,4923.55,1001,
2024-07-29 14:44:00+05:30,4923.55,4923.55,4921,4922.85,759,
2024-07-29 14:45:00+05:30,4922.9,4922.95,4917.35,4922.85,2226,
2024-07-29 14:46:00+05:30,4922.55,4924,4920.5,4924,775,
2024-07-29 14:47:00+05:30,4924.8,4924.8,4921.55,4924.75,1261,
2024-07-29 14:48:00+05:30,4924,4924.8,4924,4924.5,955,
2024-07-29 14:49:00+05:30,4924.5,4928,4924.5,4927,1919,
2024-07-29 14:50:00+05:30,4927,4927,4921.45,4921.95,1733,
2024-07-29 14:51:00+05:30,4921.95,4924,4921,4923.1,1027,
2024-07-29 14:52:00+05:30,4922.9,4923.2,4920,4921.2,2346,
2024-07-29 14:53:00+05:30,4921.2,4921.2,4920.25,4921.15,959,
2024-07-29 14:54:00+05:30,4920.9,4921.1,4917.05,4919.8,1925,
2024-07-29 14:55:00+05:30,4919.8,4919.9,4912.05,4914.7,2468,
2024-07-29 14:56:00+05:30,4912.45,4914.35,4911.5,4914,891,
2024-07-29 14:57:00+05:30,4914,4918,4912.8,4914.05,1063,
2024-07-29 14:58:00+05:30,4914.05,4918.5,4913.15,4918.5,968,
2024-07-29 14:59:00+05:30,4918.5,4919,4912,4919,4198,
2024-07-29 15:00:00+05:30,4916.85,4919,4913.2,4918.7,2232,
2024-07-29 15:01:00+05:30,4919.7,4922,4918.3,4921.95,2262,
2024-07-29 15:02:00+05:30,4921.95,4924.1,4921.05,4924,2344,
2024-07-29 15:03:00+05:30,4923.4,4923.95,4920.7,4922.95,2080,
2024-07-29 15:04:00+05:30,4922.85,4923.9,4917.05,4917.35,4029,
2024-07-29 15:05:00+05:30,4917.35,4919.95,4916,4919,2287,
2024-07-29 15:06:00+05:30,4919,4920,4916.3,4918.35,2131,
2024-07-29 15:07:00+05:30,4918.35,4918.95,4917,4918.95,2508,
2024-07-29 15:08:00+05:30,4917.75,4917.8,4915,4915.45,3912,
2024-07-29 15:09:00+05:30,4915.05,4916.2,4913.75,4915.45,2925,
2024-07-29 15:10:00+05:30,4914.55,4916,4913,4914.05,2722,
2024-07-29 15:11:00+05:30,4914.05,4919.95,4914.05,4919.95,3418,
2024-07-29 15:12:00+05:30,4920.05,4920.5,4915.65,4916.8,4161,
2024-07-29 15:13:00+05:30,4919.65,4919.8,4916.3,4918.9,3102,
2024-07-29 15:14:00+05:30,4917.3,4918.35,4906,4907.9,7718,
2024-07-29 15:15:00+05:30,4907.95,4909,4901.5,4904.5,7545,
2024-07-29 15:16:00+05:30,4905.75,4907.85,4900.6,4903.45,3816,
2024-07-29 15:17:00+05:30,4904.4,4908.95,4902.4,4906.85,3431,
2024-07-29 15:18:00+05:30,4906.8,4906.85,4902.1,4905.4,5334,
2024-07-29 15:19:00+05:30,4905.3,4906.95,4902,4905.95,2455,
2024-07-29 15:20:00+05:30,4904.15,4910.5,4901.3,4910.3,12709,
2024-07-29 15:21:00+05:30,4910,4920.25,4909.5,4920,13233,
2024-07-29 15:22:00+05:30,4920,4920.7,4916.7,4920,12771,
2024-07-29 15:23:00+05:30,4920,4934,4920,4933.8,25709,
2024-07-29 15:24:00+05:30,4934,4944,4934,4943.45,29361,
2024-07-29 15:25:00+05:30,4950,4951,4933.35,4937.55,17993,
2024-07-29 15:26:00+05:30,4937.55,4937.55,4925.5,4925.65,4592,
2024-07-29 15:27:00+05:30,4924.95,4929,4920.1,4927.85,3111,
2024-07-29 15:28:00+05:30,4925.9,4928.35,4921,4925,2302,
2024-07-29 15:29:00+05:30,4925,4951,4922,4938.7,5038,
2024-07-30 09:15:00+05:30,4923.85,4932,4910.2,4924.5,5035,
2024-07-30 09:16:00+05:30,4924.5,4930.35,4918,4918,2526,
2024-07-30 09:17:00+05:30,4916.25,4922.95,4907.65,4912.85,2669,
2024-07-30 09:18:00+05:30,4913,4916.05,4905.55,4907,2064,
2024-07-30 09:19:00+05:30,4906.6,4945,4901.7,4936.35,5321,
2024-07-30 09:20:00+05:30,4939,4941.7,4925,4928.7,2375,
2024-07-30 09:21:00+05:30,4925.55,4928.95,4919,4928.95,2516,
2024-07-30 09:22:00+05:30,4928.95,4933.85,4925.35,4928.85,2635,
2024-07-30 09:23:00+05:30,4929,4933.45,4920.1,4920.1,4123,
2024-07-30 09:24:00+05:30,4923.95,4932.65,4922.45,4932,792,
2024-07-30 09:25:00+05:30,4932,4932,4920,4928.5,1519,
2024-07-30 09:26:00+05:30,4927.85,4927.85,4917.7,4920.05,2392,
2024-07-30 09:27:00+05:30,4920.05,4922.6,4916.5,4919.5,1205,
2024-07-30 09:28:00+05:30,4919.5,4924.5,4918.65,4923.25,1829,
2024-07-30 09:29:00+05:30,4923.25,4936.6,4921.15,4932.4,3469,
2024-07-30 09:30:00+05:30,4936,4937,4930,4933.9,2248,
2024-07-30 09:31:00+05:30,4933.25,4934.55,4930,4930.25,1990,
2024-07-30 09:32:00+05:30,4930.15,4933.4,4930,4930,1231,
2024-07-30 09:33:00+05:30,4930,4932.7,4930,4930,1546,
2024-07-30 09:34:00+05:30,4931,4932,4930,4931.9,1322,
2024-07-30 09:35:00+05:30,4932,4932,4929.6,4930,5712,
2024-07-30 09:36:00+05:30,4930,4930.8,4930,4930,2150,
2024-07-30 09:37:00+05:30,4930,4931.9,4930,4930.05,13897,
2024-07-30 09:38:00+05:30,4930.05,4931.7,4930,4931,1329,
2024-07-30 09:39:00+05:30,4931,4932,4930,4931,1238,
2024-07-30 09:40:00+05:30,4931,4931.65,4929.55,4930.95,498,
2024-07-30 09:41:00+05:30,4930.95,4938,4930,4938,2404,
2024-07-30 09:42:00+05:30,4937.35,4938.95,4930.3,4930.3,629,
2024-07-30 09:43:00+05:30,4930.3,4934.9,4929.15,4934.85,460,
2024-07-30 09:44:00+05:30,4934.85,4939.75,4933.35,4939.75,585,
2024-07-30 09:45:00+05:30,4937.5,4942.45,4937.2,4937.2,2301,
2024-07-30 09:46:00+05:30,4937,4939.2,4930.05,4939.2,1768,
2024-07-30 09:47:00+05:30,4940,4940.95,4931.7,4933.35,2293,
2024-07-30 09:48:00+05:30,4933.35,4936.3,4930.05,4934.1,2233,
2024-07-30 09:49:00+05:30,4934.1,4941,4934.1,4939.9,802,
2024-07-30 09:50:00+05:30,4939.9,4941.95,4937.95,4940,439,
2024-07-30 09:51:00+05:30,4940,4941.9,4933.55,4937.45,1997,
2024-07-30 09:52:00+05:30,4937.45,4938.6,4933.95,4934.65,320,
2024-07-30 09:53:00+05:30,4934.65,4937.15,4931.35,4932.1,592,
2024-07-30 09:54:00+05:30,4932.05,4936.2,4930.05,4933.55,736,
2024-07-30 09:55:00+05:30,4933.55,4935.05,4931,4932.3,597,
2024-07-30 09:56:00+05:30,4932.3,4935,4930,4935,1743,
2024-07-30 09:57:00+05:30,4935,4935,4930.85,4931.05,334,
2024-07-30 09:58:00+05:30,4931,4934.3,4930,4931.7,510,
2024-07-30 09:59:00+05:30,4931.7,4932.5,4930,4930,302,
2024-07-30 10:00:00+05:30,4931.95,4934,4929.9,4934,907,
2024-07-30 10:01:00+05:30,4934,4934.3,4929.65,4930.05,696,
2024-07-30 10:02:00+05:30,4930.05,4932.05,4929.25,4929.8,605,
2024-07-30 10:03:00+05:30,4929.8,4934.1,4929.45,4934.1,2269,
2024-07-30 10:04:00+05:30,4934.1,4935.55,4932.2,4934.45,660,
2024-07-30 10:05:00+05:30,4932.1,4934.6,4930.55,4933.3,653,
2024-07-30 10:06:00+05:30,4933.3,4934.05,4929.6,4931.6,1991,
2024-07-30 10:07:00+05:30,4931.1,4932.6,4929.3,4929.4,638,
2024-07-30 10:08:00+05:30,4929.4,4933.9,4929.4,4932.95,513,
2024-07-30 10:09:00+05:30,4932.95,4932.95,4928.05,4928.1,2862,
2024-07-30 10:10:00+05:30,4928.1,4930.45,4928.05,4930.45,487,
2024-07-30 10:11:00+05:30,4930.45,4930.45,4928.1,4929,309,
2024-07-30 10:12:00+05:30,4929,4931.45,4928.05,4930.75,617,
2024-07-30 10:13:00+05:30,4930.8,4933,4928.6,4930.25,652,
2024-07-30 10:14:00+05:30,4930.25,4930.25,4928.05,4930.25,780,
2024-07-30 10:15:00+05:30,4930.25,4930.5,4928.25,4930.3,386,
2024-07-30 10:16:00+05:30,4930.3,4934,4928.05,4934,718,
2024-07-30 10:17:00+05:30,4931.95,4938,4931.95,4932.35,1747,
2024-07-30 10:18:00+05:30,4933.8,4934.3,4930.6,4931.45,335,
2024-07-30 10:19:00+05:30,4930.6,4932.45,4930,4932.4,374,
2024-07-30 10:20:00+05:30,4932.4,4934.75,4929.5,4931.9,3164,
2024-07-30 10:21:00+05:30,4931.9,4933.95,4930.45,4931.25,226,
2024-07-30 10:22:00+05:30,4931.25,4933.95,4930,4932.5,373,
2024-07-30 10:23:00+05:30,4933.05,4933.7,4930,4930.65,247,
2024-07-30 10:24:00+05:30,4930.65,4931.85,4930.1,4931.45,314,
2024-07-30 10:25:00+05:30,4931,4933,4930,4932,274,
2024-07-30 10:26:00+05:30,4932,4932,4929.7,4929.7,327,
2024-07-30 10:27:00+05:30,4929.7,4932.85,4928.8,4928.8,1357,
2024-07-30 10:28:00+05:30,4928.8,4930.4,4928.8,4929.15,4103,
2024-07-30 10:29:00+05:30,4931.55,4931.55,4929.1,4930.4,304,
2024-07-30 10:30:00+05:30,4930.4,4930.8,4929.1,4930.8,315,
2024-07-30 10:31:00+05:30,4930.8,4933,4929.85,4930.55,237,
2024-07-30 10:32:00+05:30,4930.55,4932.55,4929.1,4930,847,
2024-07-30 10:33:00+05:30,4930,4931.15,4930,4931.1,190,
2024-07-30 10:34:00+05:30,4931.1,4931.1,4929.05,4930.15,2468,
2024-07-30 10:35:00+05:30,4930.15,4930.35,4929.15,4930.35,562,
2024-07-30 10:36:00+05:30,4929.15,4931.9,4929.15,4931.9,311,
2024-07-30 10:37:00+05:30,4931.9,4931.9,4929.2,4931.45,184,
2024-07-30 10:38:00+05:30,4931.45,4931.45,4929.25,4929.5,410,
2024-07-30 10:39:00+05:30,4929.5,4932,4929.5,4931.45,291,
2024-07-30 10:40:00+05:30,4931.45,4932,4930,4931.55,461,
2024-07-30 10:41:00+05:30,4931.55,4935,4930,4935,1506,
2024-07-30 10:42:00+05:30,4935,4940.5,4933.75,4939.9,2501,
2024-07-30 10:43:00+05:30,4939.9,4941,4936.9,4938.1,1230,
2024-07-30 10:44:00+05:30,4938.1,4939.7,4937.25,4939.35,359,
2024-07-30 10:45:00+05:30,4939.35,4945,4938.75,4944.6,3321,
2024-07-30 10:46:00+05:30,4944,4944,4938.3,4943.25,1611,
2024-07-30 10:47:00+05:30,4943.25,4945,4941.25,4942.05,1125,
2024-07-30 10:48:00+05:30,4942.1,4944.65,4940.4,4942.45,752,
2024-07-30 10:49:00+05:30,4942.45,4942.45,4939.5,4942.25,194,
2024-07-30 10:50:00+05:30,4939.75,4943.35,4939.4,4942,451,
2024-07-30 10:51:00+05:30,4942,4942,4938.95,4941.7,155,
2024-07-30 10:52:00+05:30,4941.7,4943.1,4938.75,4942.75,333,
2024-07-30 10:53:00+05:30,4942.75,4942.8,4939.85,4941.05,310,
2024-07-30 10:54:00+05:30,4940,4942,4939,4941.85,247,
2024-07-30 10:55:00+05:30,4941.85,4942.75,4938.8,4942,355,
2024-07-30 10:56:00+05:30,4942,4942.35,4940,4940.1,308,
2024-07-30 10:57:00+05:30,4940,4940.05,4938,4940.05,726,
2024-07-30 10:58:00+05:30,4940.05,4940.05,4938,4940,306,
2024-07-30 10:59:00+05:30,4940,4940,4938,4939.9,446,
2024-07-30 11:00:00+05:30,4939.9,4939.9,4936.6,4939.25,443,
2024-07-30 11:01:00+05:30,4937,4940,4937,4937.55,912,
2024-07-30 11:02:00+05:30,4937.2,4940,4937.2,4940,366,
2024-07-30 11:03:00+05:30,4940,4941.3,4938.25,4940,739,
2024-07-30 11:04:00+05:30,4940,4941.3,4937.2,4938.1,684,
2024-07-30 11:05:00+05:30,4938.1,4943.9,4938.1,4943.9,779,
2024-07-30 11:06:00+05:30,4941.25,4943.4,4939.4,4942,308,
2024-07-30 11:07:00+05:30,4939.45,4943.8,4938.15,4942,1403,
2024-07-30 11:08:00+05:30,4940.15,4943.7,4939.55,4940.65,948,
2024-07-30 11:09:00+05:30,4940.65,4943.95,4940.6,4943.95,200,
2024-07-30 11:10:00+05:30,4943.95,4943.95,4939.9,4939.9,198,
2024-07-30 11:11:00+05:30,4939.9,4942.95,4939.4,4940.5,245,
2024-07-30 11:12:00+05:30,4940.55,4942.85,4940.55,4942.85,146,
2024-07-30 11:13:00+05:30,4942.85,4942.85,4940.4,4940.95,153,
2024-07-30 11:14:00+05:30,4940.95,4942,4940,4940.9,230,
2024-07-30 11:15:00+05:30,4940.9,4940.9,4938.2,4938.65,430,
2024-07-30 11:16:00+05:30,4938.65,4940.5,4935.9,4938.25,464,
2024-07-30 11:17:00+05:30,4940.55,4941,4938.25,4940.9,393,
2024-07-30 11:18:00+05:30,4940.9,4942,4940,4941.95,367,
2024-07-30 11:19:00+05:30,4941.95,4942.95,4940,4942.05,213,
2024-07-30 11:20:00+05:30,4942.05,4942.4,4940,4941.95,393,
2024-07-30 11:21:00+05:30,4941.95,4941.95,4938.25,4939.05,272,
2024-07-30 11:22:00+05:30,4939.05,4940.6,4939.05,4939.9,172,
2024-07-30 11:23:00+05:30,4939.9,4939.9,4936.4,4938.05,408,
2024-07-30 11:24:00+05:30,4938.05,4938.9,4935.8,4937.95,323,
2024-07-30 11:25:00+05:30,4937.95,4938.95,4936.7,4937.5,206,
2024-07-30 11:26:00+05:30,4936.65,4938.95,4936.65,4937.9,276,
2024-07-30 11:27:00+05:30,4937.9,4938.6,4935.95,4937.15,350,
2024-07-30 11:28:00+05:30,4937.15,4938.65,4935.85,4938,504,
2024-07-30 11:29:00+05:30,4937,4938.6,4935.4,4938.6,602,
2024-07-30 11:30:00+05:30,4937,4938.7,4936.3,4936.7,192,
2024-07-30 11:31:00+05:30,4936.7,4938.7,4936.7,4938.65,255,
2024-07-30 11:32:00+05:30,4938.65,4938.65,4936.5,4936.5,698,
2024-07-30 11:33:00+05:30,4936.5,4937,4935.65,4936.45,319,
2024-07-30 11:34:00+05:30,4936.45,4937,4935.7,4936.8,267,
2024-07-30 11:35:00+05:30,4936.8,4938.95,4936.8,4937,1483,
2024-07-30 11:36:00+05:30,4937,4938.85,4937,4938.5,270,
2024-07-30 11:37:00+05:30,4937.35,4939.65,4937,4937,847,
2024-07-30 11:38:00+05:30,4937,4938.65,4936.7,4937.1,207,
2024-07-30 11:39:00+05:30,4937.5,4937.7,4935.1,4935.5,282,
2024-07-30 11:40:00+05:30,4935.5,4937.9,4934.2,4935.75,435,
2024-07-30 11:41:00+05:30,4936.75,4939.5,4936.45,4939.5,269,
2024-07-30 11:42:00+05:30,4937,4939.5,4936.8,4937.6,241,
2024-07-30 11:43:00+05:30,4937.6,4938.9,4936.65,4938.8,200,
2024-07-30 11:44:00+05:30,4938,4939.5,4936.65,4939.5,225,
2024-07-30 11:45:00+05:30,4939.5,4939.5,4937.85,4937.85,110,
2024-07-30 11:46:00+05:30,4939.45,4939.45,4936.75,4938.65,882,
2024-07-30 11:47:00+05:30,4938.65,4939.35,4937,4939.35,315,
2024-07-30 11:48:00+05:30,4939.4,4939.4,4936.2,4938.15,275,
2024-07-30 11:49:00+05:30,4938.15,4938.15,4935.85,4937.65,435,
2024-07-30 11:50:00+05:30,4937.65,4938.15,4932.2,4934.1,275,
2024-07-30 11:51:00+05:30,4934.1,4935.25,4930,4932.8,2840,
2024-07-30 11:52:00+05:30,4932.6,4939,4932.6,4937.45,583,
2024-07-30 11:53:00+05:30,4937.45,4938.9,4937,4937.9,242,
2024-07-30 11:54:00+05:30,4937.9,4937.95,4935.1,4937.95,229,
2024-07-30 11:55:00+05:30,4937.95,4938.15,4935.25,4938.15,191,
2024-07-30 11:56:00+05:30,4938.15,4939.5,4936.05,4937.75,186,
2024-07-30 11:57:00+05:30,4937.75,4939.5,4936.6,4937.6,183,
2024-07-30 11:58:00+05:30,4937.6,4938.95,4935.75,4937.75,207,
2024-07-30 11:59:00+05:30,4937.75,4938,4936.1,4938,186,
2024-07-30 12:00:00+05:30,4938,4938.4,4935.7,4938.4,51,
2024-07-30 12:01:00+05:30,4938.4,4938.5,4936.55,4938.45,108,
2024-07-30 12:02:00+05:30,4938.45,4938.45,4937,4937.8,85,
2024-07-30 12:03:00+05:30,4937.8,4938.45,4935.9,4938.25,656,
2024-07-30 12:04:00+05:30,4938.25,4938.3,4936.1,4938,428,
2024-07-30 12:05:00+05:30,4937.7,4938,4935.05,4935.05,94,
2024-07-30 12:06:00+05:30,4935.05,4940,4935.05,4939.7,1550,
2024-07-30 12:07:00+05:30,4939.7,4940,4938.7,4940,320,
2024-07-30 12:08:00+05:30,4940,4940,4938.7,4939.25,157,
2024-07-30 12:09:00+05:30,4939.1,4939.85,4937.65,4939.7,70,
2024-07-30 12:10:00+05:30,4939.7,4939.7,4937.55,4939.6,132,
2024-07-30 12:11:00+05:30,4939.6,4939.7,4937.25,4939,64,
2024-07-30 12:12:00+05:30,4939,4940,4936.95,4937,663,
2024-07-30 12:13:00+05:30,4937,4938.75,4936.95,4938.45,77,
2024-07-30 12:14:00+05:30,4938.45,4939,4938.25,4939,125,
2024-07-30 12:15:00+05:30,4939,4940,4939,4940,161,
2024-07-30 12:16:00+05:30,4940,4940,4936.75,4939.2,148,
2024-07-30 12:17:00+05:30,4939.25,4940,4938.7,4939.25,107,
2024-07-30 12:18:00+05:30,4939.25,4939.25,4937.35,4938.45,74,
2024-07-30 12:19:00+05:30,4938.45,4940,4938.05,4939.45,56,
2024-07-30 12:20:00+05:30,4939.85,4940,4938.5,4938.75,785,
2024-07-30 12:21:00+05:30,4938.75,4939.5,4937.3,4939.35,73,
2024-07-30 12:22:00+05:30,4939.35,4939.5,4938.3,4939.5,79,
2024-07-30 12:23:00+05:30,4939.5,4939.5,4938.9,4938.9,59,
2024-07-30 12:24:00+05:30,4938.9,4939.5,4938,4939.25,199,
2024-07-30 12:25:00+05:30,4939.25,4939.25,4938,4939.25,89,
2024-07-30 12:26:00+05:30,4939.25,4939.25,4938,4938.6,193,
2024-07-30 12:27:00+05:30,4938.6,4939,4938.35,4938.5,60,
2024-07-30 12:28:00+05:30,4938.5,4938.5,4938,4938.5,121,
2024-07-30 12:29:00+05:30,4938,4938.5,4934.1,4934.6,553,
2024-07-30 12:30:00+05:30,4934.6,4936.9,4933.7,4936.2,111,
2024-07-30 12:31:00+05:30,4936.2,4937.8,4933.9,4936.05,777,
2024-07-30 12:32:00+05:30,4936.05,4939,4935,4939,231,
2024-07-30 12:33:00+05:30,4939,4939,4936,4936.1,221,
2024-07-30 12:34:00+05:30,4936.1,4939,4935,4937.35,263,
2024-07-30 12:35:00+05:30,4937.35,4940,4937.05,4937.95,433,
2024-07-30 12:36:00+05:30,4937.95,4940,4937.1,4937.35,608,
2024-07-30 12:37:00+05:30,4937.35,4939.1,4937.35,4938,101,
2024-07-30 12:38:00+05:30,4938,4939,4937.25,4938,157,
2024-07-30 12:39:00+05:30,4937.1,4939,4937.05,4938,332,
2024-07-30 12:40:00+05:30,4938,4938,4935,4937.3,498,
2024-07-30 12:41:00+05:30,4937.3,4938,4936.7,4938,117,
2024-07-30 12:42:00+05:30,4938,4938,4936,4937.55,304,
2024-07-30 12:43:00+05:30,4936,4938,4936,4937.45,101,
2024-07-30 12:44:00+05:30,4937,4937.3,4931,4937.3,504,
2024-07-30 12:45:00+05:30,4937.3,4940.5,4934.65,4938,1466,
2024-07-30 12:46:00+05:30,4938,4938,4934.95,4937.5,221,
2024-07-30 12:47:00+05:30,4937.5,4938.1,4935,4938,143,
2024-07-30 12:48:00+05:30,4938,4938,4936.65,4937.15,223,
2024-07-30 12:49:00+05:30,4937.15,4938,4936,4936.45,110,
2024-07-30 12:50:00+05:30,4936.45,4938,4935.8,4938,131,
2024-07-30 12:51:00+05:30,4938,4938.95,4936,4937,68,
2024-07-30 12:52:00+05:30,4936,4938,4935.85,4938,155,
2024-07-30 12:53:00+05:30,4937.3,4938,4936.55,4937.25,108,
2024-07-30 12:54:00+05:30,4937.25,4938,4936.35,4938,100,
2024-07-30 12:55:00+05:30,4936.75,4938,4935.35,4935.55,597,
2024-07-30 12:56:00+05:30,4935.3,4936.7,4934.55,4936.4,136,
2024-07-30 12:57:00+05:30,4936.4,4938,4936.25,4938,98,
2024-07-30 12:58:00+05:30,4936.3,4936.75,4934,4935,712,
2024-07-30 12:59:00+05:30,4935,4936,4932.05,4934.7,633,
2024-07-30 13:00:00+05:30,4934.7,4937.85,4932.1,4934.2,755,
2024-07-30 13:01:00+05:30,4934.15,4936.7,4932.05,4934.2,899,
2024-07-30 13:02:00+05:30,4935.45,4937.65,4933.5,4937.3,141,
2024-07-30 13:03:00+05:30,4937.3,4938,4935.2,4935.8,742,
2024-07-30 13:04:00+05:30,4935.65,4938.9,4933.5,4936.45,1118,
2024-07-30 13:05:00+05:30,4936.45,4938.1,4935.15,4937,162,
2024-07-30 13:06:00+05:30,4937,4942,4937,4941.65,364,
2024-07-30 13:07:00+05:30,4941.65,4942,4937.7,4940.55,345,
2024-07-30 13:08:00+05:30,4940.55,4940.55,4937.65,4940,59,
2024-07-30 13:09:00+05:30,4938.05,4940,4934.6,4939,2760,
2024-07-30 13:10:00+05:30,4938.5,4939,4935,4935,275,
2024-07-30 13:11:00+05:30,4935,4938.35,4933.7,4936.75,851,
2024-07-30 13:12:00+05:30,4936.75,4939,4933,4933,900,
2024-07-30 13:13:00+05:30,4933,4938,4933,4938,987,
2024-07-30 13:14:00+05:30,4938,4938,4935.05,4935.8,189,
2024-07-30 13:15:00+05:30,4935.8,4939.05,4935.65,4939,750,
2024-07-30 13:16:00+05:30,4939,4939,4936.4,4938.45,251,
2024-07-30 13:17:00+05:30,4938.45,4938.45,4933.1,4938.35,1321,
2024-07-30 13:18:00+05:30,4938.35,4939.65,4934.55,4937.1,1217,
2024-07-30 13:19:00+05:30,4937.1,4940.55,4937,4938.5,506,
2024-07-30 13:20:00+05:30,4938.5,4938.7,4936.65,4936.65,221,
2024-07-30 13:21:00+05:30,4936.65,4940.15,4936.65,4940.15,242,
2024-07-30 13:22:00+05:30,4940.1,4941,4937.1,4939.7,126,
2024-07-30 13:23:00+05:30,4939.7,4940.45,4937,4939.55,416,
2024-07-30 13:24:00+05:30,4939.55,4939.6,4937.65,4939.6,74,
2024-07-30 13:25:00+05:30,4939.6,4940,4936.95,4937.75,234,
2024-07-30 13:26:00+05:30,4937.75,4938.3,4934.4,4936.45,180,
2024-07-30 13:27:00+05:30,4936.4,4940,4932,4932.8,949,
2024-07-30 13:28:00+05:30,4932.8,4934.3,4929.4,4931.05,903,
2024-07-30 13:29:00+05:30,4931.05,4932.9,4930,4930.75,342,
2024-07-30 13:30:00+05:30,4930.75,4932.1,4930.05,4930.05,196,
2024-07-30 13:31:00+05:30,4930.05,4931.9,4930.05,4930.8,149,
2024-07-30 13:32:00+05:30,4930.75,4932.1,4930.1,4930.8,187,
2024-07-30 13:33:00+05:30,4930,4932,4929.55,4931.55,935,
2024-07-30 13:34:00+05:30,4929.9,4932.1,4929.7,4931.9,216,
2024-07-30 13:35:00+05:30,4931.9,4933.05,4929.85,4933.05,134,
2024-07-30 13:36:00+05:30,4933.05,4933.75,4930.15,4932,79,
2024-07-30 13:37:00+05:30,4932,4933.45,4930.6,4933.25,58,
2024-07-30 13:38:00+05:30,4933.25,4933.65,4930.65,4933.25,66,
2024-07-30 13:39:00+05:30,4933.25,4933.25,4930.3,4932.6,100,
2024-07-30 13:40:00+05:30,4932.6,4932.95,4929.55,4931,518,
2024-07-30 13:41:00+05:30,4931,4933.05,4931,4931,104,
2024-07-30 13:42:00+05:30,4932.7,4932.9,4930.05,4930.8,303,
2024-07-30 13:43:00+05:30,4930.8,4931.4,4929.55,4930.2,1329,
2024-07-30 13:44:00+05:30,4929.55,4930.5,4929.5,4929.55,349,
2024-07-30 13:45:00+05:30,4929.55,4931.25,4929.55,4930.5,272,
2024-07-30 13:46:00+05:30,4930,4932.15,4928.85,4930.35,2185,
2024-07-30 13:47:00+05:30,4930,4931.25,4928.85,4929.2,3725,
2024-07-30 13:48:00+05:30,4929.2,4930.45,4920.25,4921.65,2108,
2024-07-30 13:49:00+05:30,4921.65,4926,4917.5,4925.45,39451,
2024-07-30 13:50:00+05:30,4925.45,4930.2,4925.45,4926.8,6896,
2024-07-30 13:51:00+05:30,4926.8,4926.8,4920.1,4921,356,
2024-07-30 13:52:00+05:30,4921,4921.95,4917.8,4920.15,1470,
2024-07-30 13:53:00+05:30,4920.15,4921,4918,4918,121,
2024-07-30 13:54:00+05:30,4919.9,4922.5,4918,4922.5,389,
2024-07-30 13:55:00+05:30,4921.15,4925,4920.9,4921.65,233,
2024-07-30 13:56:00+05:30,4921.65,4922,4920.3,4921,316,
2024-07-30 13:57:00+05:30,4921.15,4922,4910.8,4913,2695,
2024-07-30 13:58:00+05:30,4913,4914.85,4911.1,4912.6,192,
2024-07-30 13:59:00+05:30,4912.6,4912.6,4905.25,4907,2354,
2024-07-30 14:00:00+05:30,4907,4909.4,4901.55,4905.5,2556,
2024-07-30 14:01:00+05:30,4905.5,4909.3,4902.45,4908,434,
2024-07-30 14:02:00+05:30,4907.85,4909.8,4905,4906,911,
2024-07-30 14:03:00+05:30,4906,4909.4,4905.85,4907.85,434,
2024-07-30 14:04:00+05:30,4907.85,4907.85,4905,4906.7,174,
2024-07-30 14:05:00+05:30,4906.7,4908.8,4906.7,4906.8,398,
2024-07-30 14:06:00+05:30,4907.95,4908.8,4906.7,4907,134,
2024-07-30 14:07:00+05:30,4907,4907.4,4905.1,4906.3,447,
2024-07-30 14:08:00+05:30,4906.3,4907.4,4900,4900,1311,
2024-07-30 14:09:00+05:30,4900,4901.1,4900,4900,427,
2024-07-30 14:10:00+05:30,4900,4900.85,4889.15,4890,2187,
2024-07-30 14:11:00+05:30,4891,4893.1,4890,4891.1,963,
2024-07-30 14:12:00+05:30,4892.8,4893,4890.5,4893,636,
2024-07-30 14:13:00+05:30,4893,4897.55,4892.1,4895,770,
2024-07-30 14:14:00+05:30,4892.6,4895,4892.1,4894.5,416,
2024-07-30 14:15:00+05:30,4894.85,4894.95,4892.25,4893,293,
2024-07-30 14:16:00+05:30,4893,4893.05,4892.1,4893.05,174,
2024-07-30 14:17:00+05:30,4893.05,4894.5,4891.25,4892.6,676,
2024-07-30 14:18:00+05:30,4892.4,4894.45,4891.15,4894.45,386,
2024-07-30 14:19:00+05:30,4895,4895,4891.05,4894.15,345,
2024-07-30 14:20:00+05:30,4894.15,4894.9,4893,4893,171,
2024-07-30 14:21:00+05:30,4893,4894.35,4893,4893,101,
2024-07-30 14:22:00+05:30,4893,4907,4891.55,4907,5314,
2024-07-30 14:23:00+05:30,4907,4920,4903.95,4915.5,18127,
2024-07-30 14:24:00+05:30,4915.5,4925.45,4915.5,4925.45,15188,
2024-07-30 14:25:00+05:30,4925.45,4932,4925,4931.9,12095,
2024-07-30 14:26:00+05:30,4931.9,4931.9,4925,4930,9401,
2024-07-30 14:27:00+05:30,4930,4930.5,4930,4930.5,2357,
2024-07-30 14:28:00+05:30,4930.5,4935,4930,4931.1,1969,
2024-07-30 14:29:00+05:30,4930.6,4931.1,4930,4930.9,1669,
2024-07-30 14:30:00+05:30,4930.9,4930.9,4930,4930.45,849,
2024-07-30 14:31:00+05:30,4930.45,4930.75,4925.85,4930,6428,
2024-07-30 14:32:00+05:30,4930.8,4930.8,4927.85,4927.85,1480,
2024-07-30 14:33:00+05:30,4927.85,4933.35,4927.85,4930.9,5876,
2024-07-30 14:34:00+05:30,4930.9,4931,4929.75,4930.55,3053,
2024-07-30 14:35:00+05:30,4930.55,4930.55,4927.75,4930.5,5671,
2024-07-30 14:36:00+05:30,4930.5,4930.55,4930,4930.3,3392,
2024-07-30 14:37:00+05:30,4929.95,4930.05,4929.4,4930.05,9784,
2024-07-30 14:38:00+05:30,4930,4930.05,4930,4930,6159,
2024-07-30 14:39:00+05:30,4930,4930.05,4930,4930.05,22427,
2024-07-30 14:40:00+05:30,4930,4930.05,4923.05,4923.05,9957,
2024-07-30 14:41:00+05:30,4924.4,4930.15,4917.5,4919.8,6119,
2024-07-30 14:42:00+05:30,4919.8,4926.3,4919.8,4923.25,993,
2024-07-30 14:43:00+05:30,4923.1,4926.55,4923.1,4926.5,952,
2024-07-30 14:44:00+05:30,4926.15,4926.4,4915.9,4919.8,3522,
2024-07-30 14:45:00+05:30,4920.65,4926.7,4920.65,4926.2,668,
2024-07-30 14:46:00+05:30,4926.2,4927,4918.35,4920.2,1970,
2024-07-30 14:47:00+05:30,4921.2,4925.35,4918.5,4921.95,863,
2024-07-30 14:48:00+05:30,4924.3,4924.5,4919.4,4923.4,845,
2024-07-30 14:49:00+05:30,4923.85,4924.25,4920,4922.95,803,
2024-07-30 14:50:00+05:30,4923.1,4924,4917.15,4918.4,3142,
2024-07-30 14:51:00+05:30,4918.4,4919.35,4915.5,4915.65,926,
2024-07-30 14:52:00+05:30,4915.8,4919.35,4915.5,4916.4,743,
2024-07-30 14:53:00+05:30,4916.4,4917.15,4912.35,4913,1025,
2024-07-30 14:54:00+05:30,4913,4915.65,4910.4,4912.6,888,
2024-07-30 14:55:00+05:30,4912.8,4912.85,4908,4910,795,
2024-07-30 14:56:00+05:30,4910,4911.6,4908,4911.2,691,
2024-07-30 14:57:00+05:30,4911.15,4911.35,4907.15,4908.15,827,
2024-07-30 14:58:00+05:30,4909.7,4916.8,4907.5,4913.1,1123,
2024-07-30 14:59:00+05:30,4913.1,4915.8,4912.5,4912.55,943,
2024-07-30 15:00:00+05:30,4912.55,4914.95,4907,4907.4,1038,
2024-07-30 15:01:00+05:30,4907.8,4908.2,4903.3,4907.55,1262,
2024-07-30 15:02:00+05:30,4907.6,4908.35,4905,4905.55,783,
2024-07-30 15:03:00+05:30,4905.55,4907.45,4904.35,4906,3130,
2024-07-30 15:04:00+05:30,4906.4,4907.45,4902.6,4904.5,1245,
2024-07-30 15:05:00+05:30,4904.5,4904.8,4902.6,4904.45,849,
2024-07-30 15:06:00+05:30,4904.45,4905.2,4904.45,4905.1,702,
2024-07-30 15:07:00+05:30,4905.1,4907.7,4903.4,4907.7,869,
2024-07-30 15:08:00+05:30,4907.7,4907.7,4905.2,4907.05,918,
2024-07-30 15:09:00+05:30,4907.1,4908,4904.85,4908,1779,
2024-07-30 15:10:00+05:30,4908.1,4908.35,4905,4905.4,1222,
2024-07-30 15:11:00+05:30,4905.45,4905.45,4902.65,4902.95,1317,
2024-07-30 15:12:00+05:30,4903.1,4905.95,4901.6,4905.2,1933,
2024-07-30 15:13:00+05:30,4905.2,4907.2,4904.4,4906.8,2063,
2024-07-30 15:14:00+05:30,4906.8,4910.8,4906.7,4907.7,2199,
2024-07-30 15:15:00+05:30,4909.5,4915.05,4908,4912.3,2167,
2024-07-30 15:16:00+05:30,4912.15,4914.15,4908.15,4911.1,1749,
2024-07-30 15:17:00+05:30,4911.1,4915.15,4911.1,4914.3,2257,
2024-07-30 15:18:00+05:30,4914.3,4919.2,4914.3,4915.45,2567,
2024-07-30 15:19:00+05:30,4915.45,4915.6,4914.3,4915.5,1519,
2024-07-30 15:20:00+05:30,4917.65,4921.45,4915.55,4918.65,5330,
2024-07-30 15:21:00+05:30,4918.6,4922.65,4916.35,4921.55,3953,
2024-07-30 15:22:00+05:30,4921.55,4923.55,4918.35,4918.5,1078,
2024-07-30 15:23:00+05:30,4918.5,4922.3,4916.1,4917.05,2628,
2024-07-30 15:24:00+05:30,4917.05,4919.6,4915.55,4918.15,1452,
2024-07-30 15:25:00+05:30,4917.85,4919.95,4916.1,4919.35,2675,
2024-07-30 15:26:00+05:30,4919.35,4919.35,4914.8,4917.25,1302,
2024-07-30 15:27:00+05:30,4917.25,4917.35,4913.9,4916.85,1198,
2024-07-30 15:28:00+05:30,4916.85,4916.85,4900.05,4904.85,1170,
2024-07-30 15:29:00+05:30,4904.85,4914.65,4900,4904.35,650,
2024-07-31 09:15:00+05:30,4904.35,4920,4899.55,4903.8,3427,
2024-07-31 09:16:00+05:30,4910,4920,4908.2,4920,2961,
2024-07-31 09:17:00+05:30,4920,4924.8,4918.35,4924.8,614,
2024-07-31 09:18:00+05:30,4924.95,4927,4918,4918,2018,
2024-07-31 09:19:00+05:30,4920.6,4928.75,4920.6,4925,505,
2024-07-31 09:20:00+05:30,4925,4935.9,4925,4935.9,1675,
2024-07-31 09:21:00+05:30,4933.55,4936.85,4919.6,4930.65,5085,
2024-07-31 09:22:00+05:30,4930.95,4934.95,4930.65,4932.3,1097,
2024-07-31 09:23:00+05:30,4932.3,4932.3,4930.1,4932,480,
2024-07-31 09:24:00+05:30,4932,4934.15,4930,4932.5,2642,
2024-07-31 09:25:00+05:30,4933,4935,4920.7,4927.2,3479,
2024-07-31 09:26:00+05:30,4927.65,4930.45,4926.85,4930.45,1333,
2024-07-31 09:27:00+05:30,4928.05,4932.05,4927.05,4932.05,1079,
2024-07-31 09:28:00+05:30,4929.55,4934.15,4929.5,4934.15,468,
2024-07-31 09:29:00+05:30,4934.15,4934.75,4932,4932.4,668,
2024-07-31 09:30:00+05:30,4934.05,4943.75,4934,4939,4646,
2024-07-31 09:31:00+05:30,4938.95,4941.65,4933.15,4938.55,18872,
2024-07-31 09:32:00+05:30,4940,4940.9,4931.55,4939.75,22594,
2024-07-31 09:33:00+05:30,4939.8,4941.35,4923.35,4931.1,9862,
2024-07-31 09:34:00+05:30,4931.15,4939.35,4925.3,4925.3,4180,
2024-07-31 09:35:00+05:30,4925.15,4928.05,4911.55,4918.05,2998,
2024-07-31 09:36:00+05:30,4917.5,4924.95,4917.05,4918.6,1324,
2024-07-31 09:37:00+05:30,4921.8,4925.55,4918.8,4925,290,
2024-07-31 09:38:00+05:30,4925,4929.25,4924.7,4924.75,297,
2024-07-31 09:39:00+05:30,4924.75,4926,4915.7,4923,3138,
2024-07-31 09:40:00+05:30,4923,4924.65,4915.8,4916.05,895,
2024-07-31 09:41:00+05:30,4916.05,4922,4916.05,4921.3,1393,
2024-07-31 09:42:00+05:30,4921.3,4923,4912.55,4918.15,3548,
2024-07-31 09:43:00+05:30,4917.8,4920.1,4912,4914.9,1897,
2024-07-31 09:44:00+05:30,4914.9,4915.2,4906.6,4910.1,4345,
2024-07-31 09:45:00+05:30,4910.7,4916.15,4907,4915.85,7556,
2024-07-31 09:46:00+05:30,4915.85,4917.95,4910,4916.25,2204,
2024-07-31 09:47:00+05:30,4916.25,4916.6,4910.1,4910.2,537,
2024-07-31 09:48:00+05:30,4910.2,4912.1,4892.55,4893.05,3991,
2024-07-31 09:49:00+05:30,4892,4898,4890,4890.85,2644,
2024-07-31 09:50:00+05:30,4893.05,4893.05,4875.4,4877,6323,
2024-07-31 09:51:00+05:30,4877,4888.95,4877,4888.95,6527,
2024-07-31 09:52:00+05:30,4889,4892.8,4882.55,4885,3322,
2024-07-31 09:53:00+05:30,4885,4889.9,4878.35,4888.35,17410,
2024-07-31 09:54:00+05:30,4888.35,4888.35,4875,4877.95,6587,
2024-07-31 09:55:00+05:30,4877.95,4882.45,4877.95,4882.4,1841,
2024-07-31 09:56:00+05:30,4882.4,4882.85,4880,4882,1387,
2024-07-31 09:57:00+05:30,4881.4,4889.3,4881.4,4888.85,4207,
2024-07-31 09:58:00+05:30,4888,4895,4887.2,4892,2606,
2024-07-31 09:59:00+05:30,4893.2,4905,4893.2,4905,8918,
2024-07-31 10:00:00+05:30,4905,4906,4895.2,4897.6,6674,
2024-07-31 10:01:00+05:30,4897.6,4898,4891.55,4892.05,813,
2024-07-31 10:02:00+05:30,4892,4894.9,4885.6,4887.35,1506,
2024-07-31 10:03:00+05:30,4887.35,4889,4887,4887,389,
2024-07-31 10:04:00+05:30,4887,4888.3,4885.7,4885.9,330,
2024-07-31 10:05:00+05:30,4885.9,4886.6,4880,4881.15,1451,
2024-07-31 10:06:00+05:30,4881.15,4883.85,4878,4878.4,1104,
2024-07-31 10:07:00+05:30,4878.4,4888.7,4878.4,4888.7,4641,
2024-07-31 10:08:00+05:30,4888.7,4889.35,4878.35,4885.55,6320,
2024-07-31 10:09:00+05:30,4885.55,4886.4,4880.05,4881.8,10345,
2024-07-31 10:10:00+05:30,4880.25,4882.85,4880.2,4882.7,1303,
2024-07-31 10:11:00+05:30,4882.7,4884.5,4878.55,4884.5,1793,
2024-07-31 10:12:00+05:30,4886,4895,4886,4895,1921,
2024-07-31 10:13:00+05:30,4895,4897.55,4891.3,4892.2,3473,
2024-07-31 10:14:00+05:30,4892.2,4892.2,4883.35,4887.1,1771,
2024-07-31 10:15:00+05:30,4887.1,4887.1,4885.05,4885.9,1058,
2024-07-31 10:16:00+05:30,4885.9,4892.65,4885.9,4889.95,2720,
2024-07-31 10:17:00+05:30,4889.95,4889.95,4881.75,4885.25,1155,
2024-07-31 10:18:00+05:30,4885.25,4888.25,4882,4888.25,2858,
2024-07-31 10:19:00+05:30,4888.25,4888.25,4881.8,4882.55,16086,
2024-07-31 10:20:00+05:30,4883.65,4887.35,4883.65,4885.65,1232,
2024-07-31 10:21:00+05:30,4885.65,4887,4884.1,4885,452,
2024-07-31 10:22:00+05:30,4885,4887.4,4885,4887.4,253,
2024-07-31 10:23:00+05:30,4887.4,4887.65,4882.55,4885.05,9648,
2024-07-31 10:24:00+05:30,4885,4886.15,4880,4886.15,4915,
2024-07-31 10:25:00+05:30,4886.75,4888.85,4884.45,4884.75,11645,
2024-07-31 10:26:00+05:30,4884.75,4888.75,4884.75,4888.75,1372,
2024-07-31 10:27:00+05:30,4888.75,4901.35,4888.75,4900.85,4674,
2024-07-31 10:28:00+05:30,4900.85,4900.85,4884.9,4885.7,3109,
2024-07-31 10:29:00+05:30,4885.7,4887.85,4878.25,4885,31009,
2024-07-31 10:30:00+05:30,4876.85,4879.7,4854.85,4858.7,12905,
2024-07-31 10:31:00+05:30,4858.7,4859.35,4842.45,4842.45,8007,
2024-07-31 10:32:00+05:30,4840.7,4849.3,4838.75,4848.8,8864,
2024-07-31 10:33:00+05:30,4848.8,4853.65,4836.2,4852.6,6699,
2024-07-31 10:34:00+05:30,4852.6,4871.7,4848.95,4867.4,4272,
2024-07-31 10:35:00+05:30,4867.4,4876.8,4865.7,4876.8,1964,
2024-07-31 10:36:00+05:30,4876.8,4880.3,4874.45,4880.3,1486,
2024-07-31 10:37:00+05:30,4880.3,4894,4880,4892.55,4596,
2024-07-31 10:38:00+05:30,4890,4895,4889.75,4894.45,1326,
2024-07-31 10:39:00+05:30,4894.45,4898,4892,4895.05,630,
2024-07-31 10:40:00+05:30,4895.05,4898,4892.25,4898,1089,
2024-07-31 10:41:00+05:30,4895.55,4914.95,4895.55,4906.35,8075,
2024-07-31 10:42:00+05:30,4903.05,4920,4902.85,4919.9,3284,
2024-07-31 10:43:00+05:30,4919.9,4922.95,4911.55,4911.55,2971,
2024-07-31 10:44:00+05:30,4911.55,4911.75,4899.1,4905.6,4321,
2024-07-31 10:45:00+05:30,4903.55,4906.9,4900.55,4905,14008,
2024-07-31 10:46:00+05:30,4903.3,4905.05,4898.35,4900,10815,
2024-07-31 10:47:00+05:30,4900,4900.35,4897.9,4900,12299,
2024-07-31 10:48:00+05:30,4898.75,4900.2,4897,4898.9,951,
2024-07-31 10:49:00+05:30,4898.9,4899.35,4894.8,4899.35,2065,
2024-07-31 10:50:00+05:30,4899.35,4900,4892.05,4898.2,6665,
2024-07-31 10:51:00+05:30,4898.1,4899.25,4896.5,4897.5,995,
2024-07-31 10:52:00+05:30,4897.5,4900.15,4896.5,4899.85,2195,
2024-07-31 10:53:00+05:30,4899.85,4900.8,4897.45,4897.5,993,
2024-07-31 10:54:00+05:30,4897.55,4900,4880.3,4883.2,5123,
2024-07-31 10:55:00+05:30,4883,4883.15,4880,4882,1793,
2024-07-31 10:56:00+05:30,4880,4881.9,4847.4,4848.1,2884,
2024-07-31 10:57:00+05:30,4848.1,4848.1,4839,4845.25,5345,
2024-07-31 10:58:00+05:30,4845.25,4853.6,4839.3,4842.05,3209,
2024-07-31 10:59:00+05:30,4842.05,4844.6,4840,4840.9,1539,
2024-07-31 11:00:00+05:30,4840,4840,4824,4824.3,4057,
2024-07-31 11:01:00+05:30,4824.3,4833.1,4821.55,4822.95,2263,
2024-07-31 11:02:00+05:30,4822.4,4825.85,4817.05,4825.85,2655,
2024-07-31 11:03:00+05:30,4828.75,4834.15,4823,4825,1964,
2024-07-31 11:04:00+05:30,4825,4825,4815.35,4820.75,1281,
2024-07-31 11:05:00+05:30,4820.75,4822.45,4806.25,4806.25,2383,
2024-07-31 11:06:00+05:30,4806.25,4808.15,4800.2,4806,4049,
2024-07-31 11:07:00+05:30,4806,4830,4806,4830,2501,
2024-07-31 11:08:00+05:30,4830,4830,4820,4822.15,1648,
2024-07-31 11:09:00+05:30,4821,4829.75,4821,4829.15,957,
2024-07-31 11:10:00+05:30,4826.9,4829.35,4812,4818.15,3066,
2024-07-31 11:11:00+05:30,4818.15,4825.05,4818.15,4822,1549,
2024-07-31 11:12:00+05:30,4822,4822.75,4817.35,4821.65,837,
2024-07-31 11:13:00+05:30,4820,4823.4,4818.05,4821.2,1196,
2024-07-31 11:14:00+05:30,4819.55,4825,4816.85,4819.9,1112,
2024-07-31 11:15:00+05:30,4818.25,4828.5,4811.7,4827.1,5083,
2024-07-31 11:16:00+05:30,4827.2,4838,4827.15,4835.5,5185,
2024-07-31 11:17:00+05:30,4832.4,4839.95,4831.1,4835.7,10776,
2024-07-31 11:18:00+05:30,4836.85,4840.9,4836.85,4840.9,12758,
2024-07-31 11:19:00+05:30,4840.3,4842.95,4839.85,4841.2,1949,
2024-07-31 11:20:00+05:30,4841,4842.6,4840.5,4841.2,1456,
2024-07-31 11:21:00+05:30,4841.2,4847.15,4840.9,4844,2751,
2024-07-31 11:22:00+05:30,4844,4846.35,4844,4846.05,1999,
2024-07-31 11:23:00+05:30,4846.05,4851.3,4844.65,4850.9,7478,
2024-07-31 11:24:00+05:30,4850,4854.95,4850,4854.95,989,
2024-07-31 11:25:00+05:30,4854.95,4854.95,4849.3,4849.5,3433,
2024-07-31 11:26:00+05:30,4849.5,4851.75,4849.5,4850.1,916,
2024-07-31 11:27:00+05:30,4850.1,4850.9,4850,4850.1,6470,
2024-07-31 11:28:00+05:30,4850.1,4850.2,4849.55,4850.1,9542,
2024-07-31 11:29:00+05:30,4850.1,4853.2,4850.1,4850.55,949,
2024-07-31 11:30:00+05:30,4850.35,4853,4846.55,4851.8,26120,
2024-07-31 11:31:00+05:30,4850.1,4851.85,4850,4851.65,3954,
2024-07-31 11:32:00+05:30,4850.15,4851.4,4849.9,4850.1,3345,
2024-07-31 11:33:00+05:30,4850.1,4851.4,4850.1,4850.2,1787,
2024-07-31 11:34:00+05:30,4850.2,4851.4,4850,4851.4,1623,
2024-07-31 11:35:00+05:30,4851.4,4852,4848.2,4850.1,11301,
2024-07-31 11:36:00+05:30,4850.1,4851.3,4850.1,4850.1,6375,
2024-07-31 11:37:00+05:30,4850.1,4850.75,4849.45,4850.75,13846,
2024-07-31 11:38:00+05:30,4850.1,4858.35,4848.55,4848.55,5825,
2024-07-31 11:39:00+05:30,4850.1,4852.4,4847.7,4851,1861,
2024-07-31 11:40:00+05:30,4851,4854.75,4851,4853,2085,
2024-07-31 11:41:00+05:30,4856.15,4858.35,4853.95,4853.95,806,
2024-07-31 11:42:00+05:30,4853.95,4859,4853.95,4858.05,927,
2024-07-31 11:43:00+05:30,4857.9,4857.95,4851.9,4852.25,641,
2024-07-31 11:44:00+05:30,4852.25,4854.05,4851.9,4854.05,4478,
2024-07-31 11:45:00+05:30,4854.05,4854.05,4852.25,4853.9,766,
2024-07-31 11:46:00+05:30,4854.05,4856.5,4852.25,4853.9,737,
2024-07-31 11:47:00+05:30,4856.05,4858.8,4853.25,4855.85,1408,
2024-07-31 11:48:00+05:30,4855.85,4855.95,4850.75,4855,4560,
2024-07-31 11:49:00+05:30,4855,4855.75,4854.4,4855,3766,
2024-07-31 11:50:00+05:30,4855,4855,4846.55,4848.65,7577,
2024-07-31 11:51:00+05:30,4847.15,4847.75,4844.7,4846.9,1369,
2024-07-31 11:52:00+05:30,4846.9,4849.85,4846.9,4848.05,395,
2024-07-31 11:53:00+05:30,4848.05,4852,4847,4851.9,548,
2024-07-31 11:54:00+05:30,4851.7,4851.7,4849.25,4850,120,
2024-07-31 11:55:00+05:30,4850,4850.5,4847.1,4847.1,136,
2024-07-31 11:56:00+05:30,4847.15,4849.15,4845.25,4845.25,867,
2024-07-31 11:57:00+05:30,4845.25,4848.55,4845.25,4847.15,355,
2024-07-31 11:58:00+05:30,4847.15,4848.55,4845.2,4848.35,2767,
2024-07-31 11:59:00+05:30,4848.35,4848.35,4845.6,4846.05,2114,
2024-07-31 12:00:00+05:30,4846.05,4846.95,4843.55,4846.85,2394,
2024-07-31 12:01:00+05:30,4846.85,4846.85,4845.55,4846.05,1498,
2024-07-31 12:02:00+05:30,4846.05,4846.9,4843.9,4846.6,1316,
2024-07-31 12:03:00+05:30,4846.8,4848.75,4845.85,4848.75,377,
2024-07-31 12:04:00+05:30,4848.1,4848.1,4845.6,4846.5,232,
2024-07-31 12:05:00+05:30,4845.6,4846.6,4844.05,4846.6,395,
2024-07-31 12:06:00+05:30,4846.6,4849.2,4846.6,4849.2,518,
2024-07-31 12:07:00+05:30,4849.2,4849.2,4847.15,4848.95,217,
2024-07-31 12:08:00+05:30,4848.95,4848.95,4847.45,4848,233,
2024-07-31 12:09:00+05:30,4848,4850,4847.9,4850,1365,
2024-07-31 12:10:00+05:30,4849.7,4849.7,4847.45,4849,199,
2024-07-31 12:11:00+05:30,4848.25,4850,4847,4847.15,922,
2024-07-31 12:12:00+05:30,4847.15,4850,4846.75,4849.4,88,
2024-07-31 12:13:00+05:30,4849.4,4849.5,4846,4849.5,567,
2024-07-31 12:14:00+05:30,4849.5,4849.65,4847,4849.6,417,
2024-07-31 12:15:00+05:30,4849.6,4851.4,4849,4849.65,2239,
2024-07-31 12:16:00+05:30,4849.65,4849.9,4847.1,4849.3,1861,
2024-07-31 12:17:00+05:30,4849.3,4849.45,4847.6,4849.45,194,
2024-07-31 12:18:00+05:30,4849.45,4862,4849.45,4856.35,4548,
2024-07-31 12:19:00+05:30,4856.35,4859.65,4853.05,4854.85,541,
2024-07-31 12:20:00+05:30,4854.85,4856,4852.1,4855.15,2475,
2024-07-31 12:21:00+05:30,4855.15,4855.95,4854.9,4855.95,198,
2024-07-31 12:22:00+05:30,4855.95,4859.3,4854.9,4859.3,275,
2024-07-31 12:23:00+05:30,4859.3,4865.25,4858.05,4865,2823,
2024-07-31 12:24:00+05:30,4863.55,4864.15,4860.35,4862.25,251,
2024-07-31 12:25:00+05:30,4862.25,4865.75,4861.55,4863.8,1203,
2024-07-31 12:26:00+05:30,4863.8,4866.7,4861.95,4861.95,5724,
2024-07-31 12:27:00+05:30,4861.95,4863,4860.85,4862.8,971,
2024-07-31 12:28:00+05:30,4862.8,4862.9,4860.2,4862.05,715,
2024-07-31 12:29:00+05:30,4862,4862,4860,4861.95,353,
2024-07-31 12:30:00+05:30,4861.95,4862.85,4861.9,4862,2928,
2024-07-31 12:31:00+05:30,4862,4862,4861.8,4862,6637,
2024-07-31 12:32:00+05:30,4861.95,4862,4861.95,4861.95,1670,
2024-07-31 12:33:00+05:30,4861.95,4862,4860.4,4862,1479,
2024-07-31 12:34:00+05:30,4862,4862,4861.95,4861.95,970,
2024-07-31 12:35:00+05:30,4862,4865,4861.95,4864,2723,
2024-07-31 12:36:00+05:30,4864,4869.35,4864,4869.05,3374,
2024-07-31 12:37:00+05:30,4869.05,4874,4866.7,4871.65,905,
2024-07-31 12:38:00+05:30,4871.65,4871.7,4869.1,4871.45,149,
2024-07-31 12:39:00+05:30,4871.45,4871.45,4866.75,4869.05,595,
2024-07-31 12:40:00+05:30,4869.05,4876.5,4861.95,4872.25,5053,
2024-07-31 12:41:00+05:30,4872.25,4872.25,4868,4870,1239,
2024-07-31 12:42:00+05:30,4870,4871,4868.2,4871,166,
2024-07-31 12:43:00+05:30,4871,4880,4869.45,4878.55,4807,
2024-07-31 12:44:00+05:30,4879.3,4880,4874.55,4879,2001,
2024-07-31 12:45:00+05:30,4879,4884.4,4878.1,4884.25,816,
2024-07-31 12:46:00+05:30,4884.25,4885.2,4880.35,4881.5,765,
2024-07-31 12:47:00+05:30,4882.95,4882.95,4876.5,4877,1995,
2024-07-31 12:48:00+05:30,4877,4878.65,4876.5,4878.65,389,
2024-07-31 12:49:00+05:30,4878.65,4879.45,4875.5,4879.25,1112,
2024-07-31 12:50:00+05:30,4877.65,4879,4874.05,4877.6,1751,
2024-07-31 12:51:00+05:30,4877.6,4879.55,4875.8,4877,495,
2024-07-31 12:52:00+05:30,4877,4877,4868.05,4869.95,675,
2024-07-31 12:53:00+05:30,4869.95,4870,4861.2,4864.4,2120,
2024-07-31 12:54:00+05:30,4864.35,4868.65,4863.75,4867.4,744,
2024-07-31 12:55:00+05:30,4867.4,4868.2,4865,4866.45,1677,
2024-07-31 12:56:00+05:30,4866.45,4870,4866.45,4869.95,488,
2024-07-31 12:57:00+05:30,4869.95,4870.45,4865.35,4870.15,1369,
2024-07-31 12:58:00+05:30,4871.9,4878,4871.9,4876.45,1233,
2024-07-31 12:59:00+05:30,4876.45,4877.6,4871.9,4875.35,1537,
2024-07-31 13:00:00+05:30,4875.35,4879.55,4874,4874.6,1465,
2024-07-31 13:01:00+05:30,4874.05,4879,4874.05,4879,1349,
2024-07-31 13:02:00+05:30,4879,4879,4878,4878,246,
2024-07-31 13:03:00+05:30,4878,4878.9,4877,4877,337,
2024-07-31 13:04:00+05:30,4877,4878.7,4875,4875.8,650,
2024-07-31 13:05:00+05:30,4875.8,4876.65,4875,4875.05,290,
2024-07-31 13:06:00+05:30,4875.05,4876.5,4875,4875.75,217,
2024-07-31 13:07:00+05:30,4875.8,4879.65,4872.6,4877.3,5302,
2024-07-31 13:08:00+05:30,4877.3,4878.95,4877,4877.35,110,
2024-07-31 13:09:00+05:30,4877.35,4879.35,4876,4879.35,343,
2024-07-31 13:10:00+05:30,4879.55,4879.55,4876,4877.5,746,
2024-07-31 13:11:00+05:30,4877.5,4881.45,4877.2,4881.4,2339,
2024-07-31 13:12:00+05:30,4881.4,4881.4,4877.55,4881.05,241,
2024-07-31 13:13:00+05:30,4881,4882.5,4878.95,4881.95,477,
2024-07-31 13:14:00+05:30,4881.95,4882.35,4880,4882,311,
2024-07-31 13:15:00+05:30,4883.55,4888,4882.25,4886.45,976,
2024-07-31 13:16:00+05:30,4886.75,4886.75,4880.1,4883,1507,
2024-07-31 13:17:00+05:30,4883,4883,4878.4,4880.45,469,
2024-07-31 13:18:00+05:30,4882,4882.05,4880,4880,386,
2024-07-31 13:19:00+05:30,4881.95,4881.95,4880,4880.2,27,
2024-07-31 13:20:00+05:30,4880.05,4880.45,4880.05,4880.05,145,
2024-07-31 13:21:00+05:30,4880.05,4886,4880.05,4886,558,
2024-07-31 13:22:00+05:30,4884.2,4887.5,4883.9,4887.5,1233,
2024-07-31 13:23:00+05:30,4887.5,4889.9,4884.4,4888.35,451,
2024-07-31 13:24:00+05:30,4888.35,4890,4886.45,4886.8,748,
2024-07-31 13:25:00+05:30,4886.8,4886.8,4884.3,4886.7,1451,
2024-07-31 13:26:00+05:30,4884.2,4888.45,4884.2,4888.45,2238,
2024-07-31 13:27:00+05:30,4888.45,4889.25,4887,4887.45,654,
2024-07-31 13:28:00+05:30,4887.45,4890.4,4887.45,4890,2065,
2024-07-31 13:29:00+05:30,4890,4890.6,4887.95,4888.1,1013,
2024-07-31 13:30:00+05:30,4888.1,4889.8,4887.95,4889.4,537,
2024-07-31 13:31:00+05:30,4889.4,4895.55,4888,4894.95,4657,
2024-07-31 13:32:00+05:30,4895,4898,4893.75,4893.9,740,
2024-07-31 13:33:00+05:30,4893.9,4897,4892.65,4894.15,685,
2024-07-31 13:34:00+05:30,4894.15,4894.15,4889,4891,588,
2024-07-31 13:35:00+05:30,4891,4896,4890.05,4895.25,928,
2024-07-31 13:36:00+05:30,4895.25,4896,4891.25,4895.65,616,
2024-07-31 13:37:00+05:30,4895.65,4899,4895,4899,3734,
2024-07-31 13:38:00+05:30,4899,4899.95,4896.05,4898.25,1465,
2024-07-31 13:39:00+05:30,4898.25,4898.5,4897,4898.25,329,
2024-07-31 13:40:00+05:30,4898.25,4900.2,4898.2,4900,2377,
2024-07-31 13:41:00+05:30,4900,4902.55,4900,4900.1,1225,
2024-07-31 13:42:00+05:30,4900.1,4900.1,4897.8,4899.95,652,
2024-07-31 13:43:00+05:30,4899.95,4900,4897.8,4899.5,2782,
2024-07-31 13:44:00+05:30,4899.5,4900,4898.6,4899.9,965,
2024-07-31 13:45:00+05:30,4899.9,4900,4898.65,4899.95,1261,
2024-07-31 13:46:00+05:30,4898.7,4900,4896.75,4899.6,533,
2024-07-31 13:47:00+05:30,4899.6,4902,4896.85,4900,1153,
2024-07-31 13:48:00+05:30,4900,4903.95,4900,4901.05,533,
2024-07-31 13:49:00+05:30,4902.55,4902.55,4898.65,4898.65,4152,
2024-07-31 13:50:00+05:30,4898.65,4900.45,4897,4900,2645,
2024-07-31 13:51:00+05:30,4900,4900.45,4897.3,4897.3,2820,
2024-07-31 13:52:00+05:30,4897.3,4900.3,4897.3,4900.15,3632,
2024-07-31 13:53:00+05:30,4900.15,4901.5,4900,4901.5,732,
2024-07-31 13:54:00+05:30,4901.5,4901.55,4900,4900.6,683,
2024-07-31 13:55:00+05:30,4900.6,4900.85,4900,4900,957,
2024-07-31 13:56:00+05:30,4900.35,4900.35,4900,4900,2599,
2024-07-31 13:57:00+05:30,4900,4900.95,4900,4900,1344,
2024-07-31 13:58:00+05:30,4900.05,4901.7,4900,4900.85,304,
2024-07-31 13:59:00+05:30,4900.85,4902.4,4900,4900,156,
2024-07-31 14:00:00+05:30,4900,4902,4900,4900.85,311,
2024-07-31 14:01:00+05:30,4900.85,4903.5,4900.85,4901.8,128,
2024-07-31 14:02:00+05:30,4901.8,4905.95,4901.8,4903.9,1936,
2024-07-31 14:03:00+05:30,4904.15,4907.7,4904,4906.6,1085,
2024-07-31 14:04:00+05:30,4906.6,4907.1,4900,4905.05,15597,
2024-07-31 14:05:00+05:30,4905.2,4905.2,4888.75,4895.35,15706,
2024-07-31 14:06:00+05:30,4890.75,4893.2,4890.25,4892.75,2031,
2024-07-31 14:07:00+05:30,4892.75,4894.5,4888,4888,6839,
2024-07-31 14:08:00+05:30,4892.85,4894.9,4889.6,4890.4,2809,
2024-07-31 14:09:00+05:30,4890.4,4894.9,4890.25,4893.5,814,
2024-07-31 14:10:00+05:30,4893.3,4895.95,4890.2,4894.95,2492,
2024-07-31 14:11:00+05:30,4895,4895,4891.45,4892.65,1378,
2024-07-31 14:12:00+05:30,4892.6,4895,4891.45,4891.95,1677,
2024-07-31 14:13:00+05:30,4891.9,4895,4891.55,4894.15,1441,
2024-07-31 14:14:00+05:30,4894.05,4894.8,4891.45,4891.7,548,
2024-07-31 14:15:00+05:30,4891.6,4894.45,4890.3,4894.45,1194,
2024-07-31 14:16:00+05:30,4894.45,4895,4892.6,4894.9,568,
2024-07-31 14:17:00+05:30,4894.9,4896.95,4893.1,4896.65,1043,
2024-07-31 14:18:00+05:30,4896.5,4896.5,4891.75,4895.2,2230,
2024-07-31 14:19:00+05:30,4895.2,4895.95,4892.2,4894.15,965,
2024-07-31 14:20:00+05:30,4894.15,4895,4893.65,4895,881,
2024-07-31 14:21:00+05:30,4895,4900,4892.75,4900,2540,
2024-07-31 14:22:00+05:30,4899.95,4902,4897.2,4901,1585,
2024-07-31 14:23:00+05:30,4901.95,4902.15,4901,4901,471,
2024-07-31 14:24:00+05:30,4901.95,4902.75,4901,4901,472,
2024-07-31 14:25:00+05:30,4901,4905.25,4900,4905.25,2498,
2024-07-31 14:26:00+05:30,4905,4905,4900.6,4902.3,1025,
2024-07-31 14:27:00+05:30,4903.1,4903.35,4901,4901.45,590,
2024-07-31 14:28:00+05:30,4903.35,4904.3,4901,4903.1,1436,
2024-07-31 14:29:00+05:30,4903.15,4905.15,4900,4902.9,1070,
2024-07-31 14:30:00+05:30,4902.9,4905.1,4901.05,4905.1,1355,
2024-07-31 14:31:00+05:30,4905.1,4905.9,4902.8,4905.9,628,
2024-07-31 14:32:00+05:30,4905.9,4905.9,4901,4901,1858,
2024-07-31 14:33:00+05:30,4901,4905.75,4901,4903.4,961,
2024-07-31 14:34:00+05:30,4903.4,4906.9,4903.4,4906.4,1094,
2024-07-31 14:35:00+05:30,4906.4,4906.65,4904.05,4905.05,1217,
2024-07-31 14:36:00+05:30,4905.05,4905.9,4902.6,4903.75,4004,
2024-07-31 14:37:00+05:30,4903.75,4905.4,4901.7,4902.4,1044,
2024-07-31 14:38:00+05:30,4902.4,4905,4901.05,4901.3,1950,
2024-07-31 14:39:00+05:30,4901.3,4904.95,4901.05,4902.7,1292,
2024-07-31 14:40:00+05:30,4902.7,4905,4902.2,4902.7,800,
2024-07-31 14:41:00+05:30,4902.7,4903.9,4901.05,4901.05,883,
2024-07-31 14:42:00+05:30,4901.15,4903.95,4901.05,4901.45,946,
2024-07-31 14:43:00+05:30,4903.15,4905,4901.5,4904.95,2146,
2024-07-31 14:44:00+05:30,4904.95,4907.5,4903.4,4905.1,5231,
2024-07-31 14:45:00+05:30,4905.05,4907.4,4901.25,4902.45,2776,
2024-07-31 14:46:00+05:30,4902.45,4907.5,4901.5,4903.55,1208,
2024-07-31 14:47:00+05:30,4903.9,4908.2,4903,4908.15,1618,
2024-07-31 14:48:00+05:30,4908.5,4908.65,4905,4905.1,1082,
2024-07-31 14:49:00+05:30,4905.1,4907,4904,4904,370,
2024-07-31 14:50:00+05:30,4904,4907,4900.35,4906.55,3692,
2024-07-31 14:51:00+05:30,4903.3,4907.2,4902.5,4903.5,595,
2024-07-31 14:52:00+05:30,4905,4905.2,4901.5,4901.8,621,
2024-07-31 14:53:00+05:30,4901.8,4902.7,4900.75,4900.75,1339,
2024-07-31 14:54:00+05:30,4900.85,4902.55,4900.85,4901.5,627,
2024-07-31 14:55:00+05:30,4901.5,4906.55,4901.5,4905,4686,
2024-07-31 14:56:00+05:30,4905,4907.55,4905,4906,440,
2024-07-31 14:57:00+05:30,4906,4908.05,4904.55,4904.55,2441,
2024-07-31 14:58:00+05:30,4904.55,4907.8,4904.55,4905.1,1708,
2024-07-31 14:59:00+05:30,4905,4907.1,4905,4906.6,501,
2024-07-31 15:00:00+05:30,4905.7,4906.5,4900.95,4905,6216,
2024-07-31 15:01:00+05:30,4905.05,4909.45,4902.25,4908.35,8207,
2024-07-31 15:02:00+05:30,4906.9,4909.7,4906.9,4907.75,2978,
2024-07-31 15:03:00+05:30,4907.8,4909.7,4905,4906.7,4266,
2024-07-31 15:04:00+05:30,4909.3,4916.65,4909.3,4916,13359,
2024-07-31 15:05:00+05:30,4915.95,4923.4,4913.3,4915.05,10350,
2024-07-31 15:06:00+05:30,4915,4918.5,4913.25,4916.9,4452,
2024-07-31 15:07:00+05:30,4916.35,4920,4916.3,4918.15,5361,
2024-07-31 15:08:00+05:30,4919.45,4926.95,4919.45,4925.35,8379,
2024-07-31 15:09:00+05:30,4925.35,4925.95,4920,4920.5,6527,
2024-07-31 15:10:00+05:30,4920.1,4927.85,4920.1,4925.35,10241,
2024-07-31 15:11:00+05:30,4926,4928.2,4925,4926.1,6166,
2024-07-31 15:12:00+05:30,4926,4927.9,4925.9,4926.95,2363,
2024-07-31 15:13:00+05:30,4926.95,4926.95,4925,4925,6362,
2024-07-31 15:14:00+05:30,4925.05,4926.1,4925,4925,4292,
2024-07-31 15:15:00+05:30,4925.2,4927.25,4925,4926.5,11435,
2024-07-31 15:16:00+05:30,4926.25,4927.65,4925,4925,3408,
2024-07-31 15:17:00+05:30,4925.05,4927,4924.95,4925.6,7918,
2024-07-31 15:18:00+05:30,4925.6,4926.05,4925,4925.15,4046,
2024-07-31 15:19:00+05:30,4925.15,4930,4925,4927.6,9011,
2024-07-31 15:20:00+05:30,4927.5,4932.8,4926.5,4930.25,12151,
2024-07-31 15:21:00+05:30,4930,4930.3,4928.9,4930.05,7313,
2024-07-31 15:22:00+05:30,4930.05,4931.15,4929.55,4930.4,3186,
2024-07-31 15:23:00+05:30,4930,4931.95,4929.9,4931.95,10765,
2024-07-31 15:24:00+05:30,4930.25,4933.8,4929.55,4931.25,7162,
2024-07-31 15:25:00+05:30,4931.25,4931.3,4930,4930,4842,
2024-07-31 15:26:00+05:30,4930.1,4931.7,4930,4931.2,9961,
2024-07-31 15:27:00+05:30,4932.65,4932.65,4927.7,4927.7,7059,
2024-07-31 15:28:00+05:30,4928.05,4932.15,4917.2,4917.2,6581,
2024-07-31 15:29:00+05:30,4921.65,4935,4917.5,4934.95,567,
2024-08-01 09:15:00+05:30,4930,4953.2,4930,4948.25,5272,
2024-08-01 09:16:00+05:30,4945,4955.2,4945,4950.95,4484,
2024-08-01 09:17:00+05:30,4953.95,4962,4951.55,4957.3,3403,
2024-08-01 09:18:00+05:30,4957.65,4960.45,4954.1,4957.8,1606,
2024-08-01 09:19:00+05:30,4955,4959.15,4946.5,4948.35,3170,
2024-08-01 09:20:00+05:30,4946.95,4956.65,4944.25,4953,2846,
2024-08-01 09:21:00+05:30,4953,4954.1,4950,4953,2159,
2024-08-01 09:22:00+05:30,4953,4954.4,4947.55,4950.75,1800,
2024-08-01 09:23:00+05:30,4948.35,4954.45,4947.4,4949.4,3852,
2024-08-01 09:24:00+05:30,4950.5,4954,4947,4950.5,1921,
2024-08-01 09:25:00+05:30,4950.5,4950.9,4935,4937.55,3739,
2024-08-01 09:26:00+05:30,4937.55,4943.9,4931.45,4943.25,3033,
2024-08-01 09:27:00+05:30,4943.25,4944,4937.85,4940.05,1644,
2024-08-01 09:28:00+05:30,4940.05,4944.95,4940,4940.25,832,
2024-08-01 09:29:00+05:30,4941,4948,4941,4948,1782,
2024-08-01 09:30:00+05:30,4948,4949.35,4942.6,4944.5,488,
2024-08-01 09:31:00+05:30,4944.5,4944.65,4940.95,4942.35,477,
2024-08-01 09:32:00+05:30,4943,4945.95,4940,4945.95,1471,
2024-08-01 09:33:00+05:30,4945.05,4947.7,4940.8,4940.8,1011,
2024-08-01 09:34:00+05:30,4940.8,4943.9,4936.95,4942.3,1938,
2024-08-01 09:35:00+05:30,4942.3,4943.9,4937,4938.05,1853,
2024-08-01 09:36:00+05:30,4938.05,4942,4938.05,4940.95,347,
2024-08-01 09:37:00+05:30,4940.95,4943.85,4940.95,4943.65,362,
2024-08-01 09:38:00+05:30,4943.4,4945.5,4942.55,4945.3,410,
2024-08-01 09:39:00+05:30,4945.3,4946.55,4944,4946,1035,
2024-08-01 09:40:00+05:30,4946,4948.65,4945.05,4947.25,1591,
2024-08-01 09:41:00+05:30,4947.25,4948.1,4944.95,4944.95,1333,
2024-08-01 09:42:00+05:30,4945,4949.85,4945,4949.85,533,
2024-08-01 09:43:00+05:30,4949.85,4949.85,4943.95,4945.6,1808,
2024-08-01 09:44:00+05:30,4945.6,4946,4942.65,4943.05,1111,
2024-08-01 09:45:00+05:30,4944.35,4948.85,4942.85,4946.6,371,
2024-08-01 09:46:00+05:30,4946.6,4957.8,4946.45,4957.5,3233,
2024-08-01 09:47:00+05:30,4956.15,4959,4954.8,4957.7,1101,
2024-08-01 09:48:00+05:30,4957.7,4978,4956.35,4976.3,7403,
2024-08-01 09:49:00+05:30,4975.05,4982.35,4972.95,4973.45,5386,
2024-08-01 09:50:00+05:30,4973.1,4986.6,4973.1,4984,6230,
2024-08-01 09:51:00+05:30,4984.3,4990.7,4984.2,4988.9,4363,
2024-08-01 09:52:00+05:30,4988.25,4992.65,4986.7,4988.8,2452,
2024-08-01 09:53:00+05:30,4992,4992,4986.35,4987.55,1272,
2024-08-01 09:54:00+05:30,4987.55,4991.9,4985.4,4987.05,2001,
2024-08-01 09:55:00+05:30,4987.05,4990.2,4985.4,4990.2,2021,
2024-08-01 09:56:00+05:30,4990.15,4991.05,4987,4989.95,1224,
2024-08-01 09:57:00+05:30,4989.95,4996,4988.8,4994,3087,
2024-08-01 09:58:00+05:30,4994,4995,4988.05,4990,1642,
2024-08-01 09:59:00+05:30,4990,4993.15,4988,4990,727,
2024-08-01 10:00:00+05:30,4990,4993.1,4988.05,4990.05,943,
2024-08-01 10:01:00+05:30,4988.2,4990,4980.7,4985,1773,
2024-08-01 10:02:00+05:30,4982.1,4985,4980,4983,965,
2024-08-01 10:03:00+05:30,4983.25,4986.6,4981,4981.35,754,
2024-08-01 10:04:00+05:30,4981.35,4981.35,4978,4979.65,1382,
2024-08-01 10:05:00+05:30,4979.65,4980.1,4973,4977.3,3243,
2024-08-01 10:06:00+05:30,4977.3,4980,4975.15,4979,630,
2024-08-01 10:07:00+05:30,4979,4980,4975,4975,3288,
2024-08-01 10:08:00+05:30,4975,4975,4970.85,4972.2,1242,
2024-08-01 10:09:00+05:30,4972.2,4979.6,4971,4978.2,1461,
2024-08-01 10:10:00+05:30,4978.2,4984.25,4978.2,4983,1063,
2024-08-01 10:11:00+05:30,4983,4988.2,4982.5,4987.6,968,
2024-08-01 10:12:00+05:30,4987.6,4995,4987.6,4995,2933,
2024-08-01 10:13:00+05:30,4995,5002,4993.9,5000,6300,
2024-08-01 10:14:00+05:30,5001,5008,4996,4997.3,14286,
2024-08-01 10:15:00+05:30,4997.3,4997.95,4993.85,4996,1621,
2024-08-01 10:16:00+05:30,4996,5000,4995.95,4995.95,1185,
2024-08-01 10:17:00+05:30,4995.95,4998.85,4995.3,4996.5,792,
2024-08-01 10:18:00+05:30,4998.6,5005,4995.4,5005,1833,
2024-08-01 10:19:00+05:30,5005,5006,5001.5,5004,1738,
2024-08-01 10:20:00+05:30,5004,5004,4997.2,5001.5,1405,
2024-08-01 10:21:00+05:30,5001.5,5001.75,4998,5000,1713,
2024-08-01 10:22:00+05:30,5000,5001.2,4998,4998.25,1014,
2024-08-01 10:23:00+05:30,4998.25,5000.2,4995.05,4997.35,1937,
2024-08-01 10:24:00+05:30,4997.35,4997.55,4994.5,4994.5,750,
2024-08-01 10:25:00+05:30,4994.5,4995,4990,4990,1106,
2024-08-01 10:26:00+05:30,4990,5000,4990,5000,5078,
2024-08-01 10:27:00+05:30,5000,5001.2,4991.95,4991.95,5765,
2024-08-01 10:28:00+05:30,4990,4992.95,4976.5,4979.45,3250,
2024-08-01 10:29:00+05:30,4979.45,4982.25,4977,4978.35,1493,
2024-08-01 10:30:00+05:30,4977,4981.05,4976.5,4979.55,1105,
2024-08-01 10:31:00+05:30,4979.55,4981.9,4975.05,4977.15,2544,
2024-08-01 10:32:00+05:30,4977.1,4979.55,4976.15,4976.85,905,
2024-08-01 10:33:00+05:30,4976.85,4978.45,4976,4978,845,
2024-08-01 10:34:00+05:30,4978,4984.45,4978,4980,3860,
2024-08-01 10:35:00+05:30,4980,4983.95,4980,4982.85,11062,
2024-08-01 10:36:00+05:30,4982.85,4986.95,4982.85,4986,763,
2024-08-01 10:37:00+05:30,4986,4986,4980,4983.9,453,
2024-08-01 10:38:00+05:30,4985,4985.05,4981.55,4982.85,386,
2024-08-01 10:39:00+05:30,4982.85,4988.4,4981.3,4987,1010,
2024-08-01 10:40:00+05:30,4987,4989.4,4985.1,4987.85,1031,
2024-08-01 10:41:00+05:30,4987.85,4987.9,4984.1,4986.85,387,
2024-08-01 10:42:00+05:30,4986.85,4986.95,4982.5,4982.6,652,
2024-08-01 10:43:00+05:30,4984.85,4986.95,4983.45,4983.45,235,
2024-08-01 10:44:00+05:30,4983.45,4993.7,4983.45,4992.15,853,
2024-08-01 10:45:00+05:30,4994.05,4994.75,4988.65,4992.85,732,
2024-08-01 10:46:00+05:30,4992.85,5000,4992.85,4995.65,628,
2024-08-01 10:47:00+05:30,4995.7,4997.95,4963.55,4969.8,9024,
2024-08-01 10:48:00+05:30,4969.8,4975.3,4969.75,4973.55,3498,
2024-08-01 10:49:00+05:30,4973.55,4975.85,4971.1,4975.15,947,
2024-08-01 10:50:00+05:30,4975.15,4975.85,4972,4974.95,1720,
2024-08-01 10:51:00+05:30,4974.95,4978,4972.15,4976.95,1699,
2024-08-01 10:52:00+05:30,4976.95,4979.8,4966.1,4974,5747,
2024-08-01 10:53:00+05:30,4974,4977.6,4970.1,4976.5,6472,
2024-08-01 10:54:00+05:30,4976.9,4976.9,4970,4972.3,969,
2024-08-01 10:55:00+05:30,4970.15,4972.15,4970,4970.1,1307,
2024-08-01 10:56:00+05:30,4971,4971.95,4966,4968.35,4444,
2024-08-01 10:57:00+05:30,4968.35,4968.5,4960,4967.3,2890,
2024-08-01 10:58:00+05:30,4967.3,4973.2,4965,4973.2,4852,
2024-08-01 10:59:00+05:30,4973.2,4973.2,4965,4966.45,2209,
2024-08-01 11:00:00+05:30,4966.45,4967.2,4961.1,4963.25,1198,
2024-08-01 11:01:00+05:30,4963.25,4963.25,4950.05,4955,4880,
2024-08-01 11:02:00+05:30,4955,4960,4955,4957.3,580,
2024-08-01 11:03:00+05:30,4957.3,4958.85,4955,4956.35,490,
2024-08-01 11:04:00+05:30,4956.3,4958.8,4951.75,4952.3,831,
2024-08-01 11:05:00+05:30,4952.3,4957.5,4951.65,4957.35,556,
2024-08-01 11:06:00+05:30,4957.35,4961.25,4955.2,4961.25,321,
2024-08-01 11:07:00+05:30,4961,4966.15,4961,4965.65,1741,
2024-08-01 11:08:00+05:30,4965.65,4970.2,4965.45,4967.05,685,
2024-08-01 11:09:00+05:30,4965.25,4972,4965.25,4967.4,3079,
2024-08-01 11:10:00+05:30,4967.4,4974.65,4967.4,4973.85,2168,
2024-08-01 11:11:00+05:30,4973.85,4976,4973,4975.35,722,
2024-08-01 11:12:00+05:30,4975.35,4977.6,4973.5,4976.9,646,
2024-08-01 11:13:00+05:30,4976.9,4980,4975.3,4977.7,411,
2024-08-01 11:14:00+05:30,4977.5,4977.5,4970.25,4972.9,899,
2024-08-01 11:15:00+05:30,4972.9,4975.8,4972.55,4974.9,1001,
2024-08-01 11:16:00+05:30,4974.9,4974.9,4970,4970,528,
2024-08-01 11:17:00+05:30,4970,4974.6,4970,4974.6,531,
2024-08-01 11:18:00+05:30,4974.6,4975,4971.3,4971.3,60,
2024-08-01 11:19:00+05:30,4971.3,4973.25,4958,4958,2752,
2024-08-01 11:20:00+05:30,4956.85,4957.35,4950.1,4950.1,2785,
2024-08-01 11:21:00+05:30,4950.1,4952,4946.4,4949.3,3532,
2024-08-01 11:22:00+05:30,4949.3,4950.15,4946.4,4950,968,
2024-08-01 11:23:00+05:30,4950,4951.6,4949.2,4949.2,4486,
2024-08-01 11:24:00+05:30,4949.2,4957,4947.6,4950,10208,
2024-08-01 11:25:00+05:30,4950,4950.05,4949.15,4949.55,4148,
2024-08-01 11:26:00+05:30,4949.55,4951.45,4949.55,4951.3,559,
2024-08-01 11:27:00+05:30,4951.3,4957.25,4949.9,4955,5960,
2024-08-01 11:28:00+05:30,4955,4965.75,4955,4965.75,672,
2024-08-01 11:29:00+05:30,4965.75,4967.35,4963.9,4966.7,548,
2024-08-01 11:30:00+05:30,4966.7,4969.45,4966.2,4966.5,334,
2024-08-01 11:31:00+05:30,4966.5,4970,4966.5,4969.8,142,
2024-08-01 11:32:00+05:30,4967.1,4967.1,4962.3,4962.3,167,
2024-08-01 11:33:00+05:30,4962.3,4969.45,4962.3,4967.9,282,
2024-08-01 11:34:00+05:30,4967.9,4969.95,4967.9,4969.95,120,
2024-08-01 11:35:00+05:30,4969.95,4970,4968.75,4970,78,
2024-08-01 11:36:00+05:30,4970,4975.9,4970,4975.85,456,
2024-08-01 11:37:00+05:30,4975.85,4979.5,4975.75,4979.35,463,
2024-08-01 11:38:00+05:30,4979.35,4982.05,4978.05,4978.7,1128,
2024-08-01 11:39:00+05:30,4978.7,4987.4,4978.7,4987.4,3726,
2024-08-01 11:40:00+05:30,4987.4,4988.9,4982.8,4982.8,1449,
2024-08-01 11:41:00+05:30,4982.8,4984.15,4981,4983,168,
2024-08-01 11:42:00+05:30,4983,4983,4979.5,4979.55,267,
2024-08-01 11:43:00+05:30,4979.1,4979.1,4962.5,4967.2,1129,
2024-08-01 11:44:00+05:30,4967.2,4969.75,4965.05,4968.85,57,
2024-08-01 11:45:00+05:30,4968.85,4973.2,4968,4970.8,65,
2024-08-01 11:46:00+05:30,4970.8,4973.7,4965.25,4966.1,938,
2024-08-01 11:47:00+05:30,4966.1,4966.25,4964.35,4965,133,
2024-08-01 11:48:00+05:30,4965,4965,4958,4960.05,499,
2024-08-01 11:49:00+05:30,4962,4963.4,4961.05,4961.35,31,
2024-08-01 11:50:00+05:30,4961.35,4966.25,4960,4965.6,2517,
2024-08-01 11:51:00+05:30,4965.6,4966,4962.7,4965.6,113,
2024-08-01 11:52:00+05:30,4965.6,4968.95,4963.95,4965,528,
2024-08-01 11:53:00+05:30,4965,4970.35,4963.45,4966.35,504,
2024-08-01 11:54:00+05:30,4966.35,4970.95,4966.35,4970.5,660,
2024-08-01 11:55:00+05:30,4970.5,4970.5,4960,4961.85,1236,
2024-08-01 11:56:00+05:30,4961.85,4961.85,4956.35,4959,467,
2024-08-01 11:57:00+05:30,4959,4959,4942.5,4952.5,5697,
2024-08-01 11:58:00+05:30,4952.5,4955.75,4950,4950,514,
2024-08-01 11:59:00+05:30,4950,4952,4950,4951.85,872,
2024-08-01 12:00:00+05:30,4951.85,4957.1,4950.05,4957.1,2065,
2024-08-01 12:01:00+05:30,4957.1,4957.75,4952,4953.1,7655,
2024-08-01 12:02:00+05:30,4953.1,4955,4947.05,4947.1,1170,
2024-08-01 12:03:00+05:30,4947.1,4947.1,4938,4938,5165,
2024-08-01 12:04:00+05:30,4938,4939.9,4933.55,4939.1,1472,
2024-08-01 12:05:00+05:30,4939.1,4943.35,4936.55,4940.85,877,
2024-08-01 12:06:00+05:30,4940.85,4945.4,4940.85,4945.4,163,
2024-08-01 12:07:00+05:30,4945.4,4953.9,4943.8,4952,3818,
2024-08-01 12:08:00+05:30,4952,4953.9,4950,4950.45,438,
2024-08-01 12:09:00+05:30,4950.45,4953.9,4949.15,4951.2,2755,
2024-08-01 12:10:00+05:30,4951.2,4953.3,4950.3,4951.35,251,
2024-08-01 12:11:00+05:30,4951.35,4955,4951.35,4952.75,371,
2024-08-01 12:12:00+05:30,4952.75,4953.4,4945.3,4946.2,784,
2024-08-01 12:13:00+05:30,4946.2,4949,4945,4947.2,1612,
2024-08-01 12:14:00+05:30,4947.2,4949,4947.1,4947.3,303,
2024-08-01 12:15:00+05:30,4947.3,4949,4946.5,4947.15,57,
2024-08-01 12:16:00+05:30,4947.15,4953.75,4946.85,4952.05,2959,
2024-08-01 12:17:00+05:30,4952.05,4954.85,4948.05,4948.85,1172,
2024-08-01 12:18:00+05:30,4948.85,4954.25,4947,4953.05,1258,
2024-08-01 12:19:00+05:30,4953.05,4953.05,4948,4948,558,
2024-08-01 12:20:00+05:30,4948,4952.55,4943.8,4946.55,2546,
2024-08-01 12:21:00+05:30,4946.55,4949.8,4941,4941,2538,
2024-08-01 12:22:00+05:30,4941,4947.8,4941,4947.8,897,
2024-08-01 12:23:00+05:30,4947.8,4948.55,4944.25,4944.55,671,
2024-08-01 12:24:00+05:30,4944.55,4949.05,4943.55,4943.55,244,
2024-08-01 12:25:00+05:30,4943.55,4946.25,4940,4940,939,
2024-08-01 12:26:00+05:30,4940,4940,4937,4939.9,598,
2024-08-01 12:27:00+05:30,4939.9,4940.7,4935,4938.05,1184,
2024-08-01 12:28:00+05:30,4938.05,4941.8,4935.15,4939.9,1041,
2024-08-01 12:29:00+05:30,4939.9,4945,4939.9,4944.95,281,
2024-08-01 12:30:00+05:30,4944.95,4946,4944,4944,184,
2024-08-01 12:31:00+05:30,4944,4944.25,4940,4942.15,1057,
2024-08-01 12:32:00+05:30,4942.15,4943.1,4939.55,4941.35,477,
2024-08-01 12:33:00+05:30,4941.35,4945,4941.15,4941.15,383,
2024-08-01 12:34:00+05:30,4942.3,4942.45,4937.1,4941.5,488,
2024-08-01 12:35:00+05:30,4939.4,4942.45,4938,4939.4,511,
2024-08-01 12:36:00+05:30,4937.15,4939.35,4935.05,4936,540,
2024-08-01 12:37:00+05:30,4936,4938.45,4936,4938.15,113,
2024-08-01 12:38:00+05:30,4937.5,4937.55,4927.2,4927.2,1538,
2024-08-01 12:39:00+05:30,4932.05,4933.15,4929.05,4932,869,
2024-08-01 12:40:00+05:30,4932,4937.2,4930.05,4934.9,620,
2024-08-01 12:41:00+05:30,4934.9,4935.4,4931.15,4932,914,
2024-08-01 12:42:00+05:30,4932,4935,4931.8,4932.05,466,
2024-08-01 12:43:00+05:30,4932.5,4940.55,4928.55,4939.95,885,
2024-08-01 12:44:00+05:30,4939.95,4940,4936.05,4936.75,489,
2024-08-01 12:45:00+05:30,4936.75,4942.45,4935.1,4942.45,819,
2024-08-01 12:46:00+05:30,4942.45,4948.95,4942.45,4944.85,781,
2024-08-01 12:47:00+05:30,4947.1,4948.3,4943.05,4945.3,235,
2024-08-01 12:48:00+05:30,4945.3,4957.75,4945.3,4957,11655,
2024-08-01 12:49:00+05:30,4957,4958.1,4950.2,4951.25,524,
2024-08-01 12:50:00+05:30,4951.25,4951.25,4943.6,4947.15,661,
2024-08-01 12:51:00+05:30,4947.45,4949.95,4941.3,4949.95,817,
2024-08-01 12:52:00+05:30,4949.95,4949.95,4942.1,4945.3,750,
2024-08-01 12:53:00+05:30,4945.3,4945.3,4938,4942.2,465,
2024-08-01 12:54:00+05:30,4942.2,4945,4938,4938.9,1231,
2024-08-01 12:55:00+05:30,4938.9,4945,4935.05,4936.45,8836,
2024-08-01 12:56:00+05:30,4936.45,4939.05,4935.1,4936.85,1061,
2024-08-01 12:57:00+05:30,4936.85,4940.85,4936.1,4938.05,366,
2024-08-01 12:58:00+05:30,4938.05,4938.8,4923.2,4924.45,1609,
2024-08-01 12:59:00+05:30,4924.4,4933.95,4921,4933.55,1499,
2024-08-01 13:00:00+05:30,4933.55,4933.55,4922.6,4925,6001,
2024-08-01 13:01:00+05:30,4925.4,4928.9,4925,4928.4,520,
2024-08-01 13:02:00+05:30,4928.4,4930,4927.8,4930,315,
2024-08-01 13:03:00+05:30,4930,4930.9,4929.05,4930.55,1369,
2024-08-01 13:04:00+05:30,4930,4930.05,4925,4928.65,7306,
2024-08-01 13:05:00+05:30,4928.65,4930,4928,4929.95,488,
2024-08-01 13:06:00+05:30,4929.95,4934.4,4927.65,4934.4,147,
2024-08-01 13:07:00+05:30,4936.45,4940,4936.45,4938.4,2994,
2024-08-01 13:08:00+05:30,4941.9,4941.9,4937.1,4938.9,662,
2024-08-01 13:09:00+05:30,4938.9,4942.75,4936.6,4942.75,627,
2024-08-01 13:10:00+05:30,4942.75,4944.95,4940.6,4943.9,601,
2024-08-01 13:11:00+05:30,4943.9,4943.9,4939.2,4939.2,591,
2024-08-01 13:12:00+05:30,4939.2,4941,4933.25,4941,905,
2024-08-01 13:13:00+05:30,4941,4943.3,4939.05,4939.3,405,
2024-08-01 13:14:00+05:30,4939.3,4942.35,4936.8,4940.1,132,
2024-08-01 13:15:00+05:30,4940.1,4944,4938.45,4942,1865,
2024-08-01 13:16:00+05:30,4942,4949.4,4942,4948.1,2317,
2024-08-01 13:17:00+05:30,4948.15,4955.95,4948.15,4953.05,1737,
2024-08-01 13:18:00+05:30,4953.05,4954.2,4945,4945,3272,
2024-08-01 13:19:00+05:30,4945,4947.7,4940.65,4945,4953,
2024-08-01 13:20:00+05:30,4945,4950.55,4945,4947.7,954,
2024-08-01 13:21:00+05:30,4947.7,4948.15,4940.9,4947.9,3808,
2024-08-01 13:22:00+05:30,4947.9,4949.5,4945.8,4946.7,749,
2024-08-01 13:23:00+05:30,4946.7,4951.4,4945,4945,1682,
2024-08-01 13:24:00+05:30,4945,4950,4944.35,4950,5342,
2024-08-01 13:25:00+05:30,4950,4950,4937,4940.6,6240,
2024-08-01 13:26:00+05:30,4937.8,4945,4937.8,4943.9,576,
2024-08-01 13:27:00+05:30,4943.9,4945.95,4942.05,4944,338,
2024-08-01 13:28:00+05:30,4944,4944,4936.75,4937.85,967,
2024-08-01 13:29:00+05:30,4937.85,4941.6,4930.4,4934.65,1959,
2024-08-01 13:30:00+05:30,4935.05,4936.45,4926.1,4932.05,3283,
2024-08-01 13:31:00+05:30,4932.05,4937.15,4929.15,4929.15,579,
2024-08-01 13:32:00+05:30,4929.15,4934.15,4929.05,4934.15,786,
2024-08-01 13:33:00+05:30,4934.15,4935.6,4929.6,4930.2,1486,
2024-08-01 13:34:00+05:30,4930.2,4932.85,4928.15,4931.4,90,
2024-08-01 13:35:00+05:30,4931.4,4933.1,4928.1,4928.2,379,
2024-08-01 13:36:00+05:30,4928.2,4931.95,4928.1,4930.95,500,
2024-08-01 13:37:00+05:30,4930.95,4930.95,4924.3,4927.8,1092,
2024-08-01 13:38:00+05:30,4927.8,4930.6,4925,4925.1,900,
2024-08-01 13:39:00+05:30,4925.1,4929.95,4925.1,4929.55,815,
2024-08-01 13:40:00+05:30,4929.55,4930.25,4926.2,4927.6,335,
2024-08-01 13:41:00+05:30,4927.6,4929.85,4925,4929,682,
2024-08-01 13:42:00+05:30,4929,4929,4926.55,4927.35,357,
2024-08-01 13:43:00+05:30,4927.35,4927.35,4921.55,4924.05,797,
2024-08-01 13:44:00+05:30,4924.05,4928.55,4921.65,4921.65,840,
2024-08-01 13:45:00+05:30,4921.65,4922.45,4921.65,4922,1814,
2024-08-01 13:46:00+05:30,4922,4923.45,4914.95,4916.05,3070,
2024-08-01 13:47:00+05:30,4917.95,4922.05,4916.05,4922.05,486,
2024-08-01 13:48:00+05:30,4922.05,4922.2,4918,4920.05,501,
2024-08-01 13:49:00+05:30,4920.05,4924.45,4919.8,4924.45,856,
2024-08-01 13:50:00+05:30,4924.45,4924.45,4919.8,4920,455,
2024-08-01 13:51:00+05:30,4920,4923.85,4919.85,4923.1,1911,
2024-08-01 13:52:00+05:30,4923.1,4923.45,4918.55,4920,528,
2024-08-01 13:53:00+05:30,4920,4920,4916.25,4919,416,
2024-08-01 13:54:00+05:30,4919,4919.15,4916,4916.05,264,
2024-08-01 13:55:00+05:30,4916.05,4917,4915.65,4916,301,
2024-08-01 13:56:00+05:30,4916,4918.9,4915.95,4918.3,81,
2024-08-01 13:57:00+05:30,4918.3,4924.6,4916.3,4923.65,1816,
2024-08-01 13:58:00+05:30,4923.65,4924.05,4918.55,4923.05,450,
2024-08-01 13:59:00+05:30,4923.05,4923.55,4922,4923.15,110,
2024-08-01 14:00:00+05:30,4923.15,4924.05,4922.05,4923.15,444,
2024-08-01 14:01:00+05:30,4923.15,4925.8,4921.1,4925.8,605,
2024-08-01 14:02:00+05:30,4925.85,4935.35,4925.85,4934.95,2166,
2024-08-01 14:03:00+05:30,4934,4940.5,4933.95,4935.85,1075,
2024-08-01 14:04:00+05:30,4936.2,4937.45,4931.5,4934.45,352,
2024-08-01 14:05:00+05:30,4934.45,4935.5,4930.25,4931.8,122,
2024-08-01 14:06:00+05:30,4931.8,4935.55,4931.65,4935.3,1702,
2024-08-01 14:07:00+05:30,4935.3,4935.3,4932.4,4933.75,145,
2024-08-01 14:08:00+05:30,4933.8,4935,4931.5,4934.25,416,
2024-08-01 14:09:00+05:30,4934.25,4935,4933.55,4934.95,109,
2024-08-01 14:10:00+05:30,4934.95,4935,4932.75,4933.9,271,
2024-08-01 14:11:00+05:30,4933.9,4934.4,4929.4,4934.4,594,
2024-08-01 14:12:00+05:30,4934.8,4936.4,4932.35,4936.1,772,
2024-08-01 14:13:00+05:30,4936.1,4940.2,4933.55,4940.2,1155,
2024-08-01 14:14:00+05:30,4938.2,4947,4938.2,4945.65,855,
2024-08-01 14:15:00+05:30,4945.65,4945.65,4934.55,4934.55,568,
2024-08-01 14:16:00+05:30,4934.55,4937.55,4931.45,4932.1,1166,
2024-08-01 14:17:00+05:30,4934.5,4936.55,4931.25,4931.25,731,
2024-08-01 14:18:00+05:30,4933.3,4937.4,4933.3,4936.8,479,
2024-08-01 14:19:00+05:30,4936.8,4939.9,4934.4,4939.9,453,
2024-08-01 14:20:00+05:30,4939.9,4941.9,4931.1,4932.5,1269,
2024-08-01 14:21:00+05:30,4932.6,4941,4932.6,4941,914,
2024-08-01 14:22:00+05:30,4939.15,4944.6,4939.15,4943.45,476,
2024-08-01 14:23:00+05:30,4943.45,4943.65,4940,4942,511,
2024-08-01 14:24:00+05:30,4942,4946.3,4941.15,4946.3,954,
2024-08-01 14:25:00+05:30,4945.5,4948.4,4944.1,4946,836,
2024-08-01 14:26:00+05:30,4945.95,4946.5,4935.3,4937.6,1815,
2024-08-01 14:27:00+05:30,4937.55,4943.75,4931.3,4939.25,1474,
2024-08-01 14:28:00+05:30,4937.95,4945,4936.15,4942.15,1436,
2024-08-01 14:29:00+05:30,4941.8,4944.35,4932.55,4934.35,909,
2024-08-01 14:30:00+05:30,4934.3,4936.4,4926.05,4930.05,926,
2024-08-01 14:31:00+05:30,4930,4933,4927.1,4927.35,775,
2024-08-01 14:32:00+05:30,4927.35,4930.45,4923.7,4923.7,1275,
2024-08-01 14:33:00+05:30,4923.65,4925.7,4920,4923,820,
2024-08-01 14:34:00+05:30,4922.95,4925,4920,4922.15,835,
2024-08-01 14:35:00+05:30,4922.15,4924,4916.1,4922.95,2323,
2024-08-01 14:36:00+05:30,4922.7,4924,4920.1,4923.8,486,
2024-08-01 14:37:00+05:30,4923.75,4928.3,4920.4,4925.65,1678,
2024-08-01 14:38:00+05:30,4925.65,4925.95,4920.1,4925.8,792,
2024-08-01 14:39:00+05:30,4925.8,4927.4,4921,4926.95,1138,
2024-08-01 14:40:00+05:30,4926.9,4926.9,4922.45,4925.65,562,
2024-08-01 14:41:00+05:30,4925.6,4927.4,4922.6,4925.1,934,
2024-08-01 14:42:00+05:30,4925.1,4925.1,4921.3,4924.45,157,
2024-08-01 14:43:00+05:30,4924.45,4924.45,4921,4921,263,
2024-08-01 14:44:00+05:30,4921,4924.4,4921,4922.05,250,
2024-08-01 14:45:00+05:30,4922,4924.5,4921.4,4924.35,198,
2024-08-01 14:46:00+05:30,4924.35,4924.55,4921,4922.85,95,
2024-08-01 14:47:00+05:30,4922.85,4922.85,4916.7,4919.95,1367,
2024-08-01 14:48:00+05:30,4919.7,4922.5,4915.05,4915.75,558,
2024-08-01 14:49:00+05:30,4915.5,4921.15,4915,4917,477,
2024-08-01 14:50:00+05:30,4917.4,4921.25,4915.55,4918.75,331,
2024-08-01 14:51:00+05:30,4918.75,4918.75,4910.1,4914.2,1475,
2024-08-01 14:52:00+05:30,4911.05,4913.95,4910,4913.5,1169,
2024-08-01 14:53:00+05:30,4913.35,4918.05,4910.45,4916.2,893,
2024-08-01 14:54:00+05:30,4916.05,4916.05,4910.1,4913.8,1283,
2024-08-01 14:55:00+05:30,4913.8,4913.8,4908.1,4908.1,1256,
2024-08-01 14:56:00+05:30,4911.2,4911.7,4906.55,4910.15,1596,
2024-08-01 14:57:00+05:30,4910.3,4914.25,4907.4,4909.6,1187,
2024-08-01 14:58:00+05:30,4912.05,4915,4910.75,4912.35,931,
2024-08-01 14:59:00+05:30,4912.25,4915.7,4909.65,4915,1252,
2024-08-01 15:00:00+05:30,4912.1,4917.6,4911.45,4916.05,2756,
2024-08-01 15:01:00+05:30,4916.1,4919.3,4912.3,4919.2,991,
2024-08-01 15:02:00+05:30,4919.2,4924.55,4915.6,4919,2048,
2024-08-01 15:03:00+05:30,4921.1,4923.7,4919,4922.65,1004,
2024-08-01 15:04:00+05:30,4920.2,4923.55,4920,4923.55,1826,
2024-08-01 15:05:00+05:30,4923.65,4924.6,4920,4920,1726,
2024-08-01 15:06:00+05:30,4920,4923.45,4912.85,4915.9,5757,
2024-08-01 15:07:00+05:30,4915.75,4922.45,4914.7,4920.7,944,
2024-08-01 15:08:00+05:30,4920.7,4922.6,4914.4,4919.85,1777,
2024-08-01 15:09:00+05:30,4920.6,4930,4918.9,4930,3729,
2024-08-01 15:10:00+05:30,4930.5,4930.7,4921.1,4928.95,4054,
2024-08-01 15:11:00+05:30,4927.85,4929.45,4924.65,4925.15,2902,
2024-08-01 15:12:00+05:30,4925.1,4925.1,4918.1,4921.95,2078,
2024-08-01 15:13:00+05:30,4921.9,4924,4917,4917.3,1546,
2024-08-01 15:14:00+05:30,4917.25,4923.4,4916.8,4919.25,1697,
2024-08-01 15:15:00+05:30,4919.7,4925,4917.6,4924.9,1732,
2024-08-01 15:16:00+05:30,4924.9,4924.9,4917.75,4922.5,3137,
2024-08-01 15:17:00+05:30,4919.8,4922.2,4915.8,4915.8,1451,
2024-08-01 15:18:00+05:30,4918.2,4921.65,4913.2,4916.7,2393,
2024-08-01 15:19:00+05:30,4916.95,4919.8,4915.1,4917.85,976,
2024-08-01 15:20:00+05:30,4921.4,4921.4,4914.65,4916.2,2727,
2024-08-01 15:21:00+05:30,4916.15,4916.15,4914.85,4916,611,
2024-08-01 15:22:00+05:30,4915.95,4923.15,4911.65,4921.5,1834,
2024-08-01 15:23:00+05:30,4921.5,4922.1,4917.2,4921.3,1266,
2024-08-01 15:24:00+05:30,4921.3,4921.3,4913.65,4920.25,1876,
2024-08-01 15:25:00+05:30,4920.2,4921.6,4919.15,4919.15,658,
2024-08-01 15:26:00+05:30,4919.15,4921,4916.5,4918.35,1276,
2024-08-01 15:27:00+05:30,4916.5,4920.15,4916.5,4919.65,749,
2024-08-01 15:28:00+05:30,4919.45,4919.45,4905.35,4912.5,2470,
2024-08-01 15:29:00+05:30,4912,4912,4900,4901.95,8583,
2024-08-02 09:15:00+05:30,4861.7,4870,4839.1,4842.2,11191,
2024-08-02 09:16:00+05:30,4844.35,4873.45,4844.35,4865.35,4476,
2024-08-02 09:17:00+05:30,4860,4866,4851.05,4866,8028,
2024-08-02 09:18:00+05:30,4862.75,4880,4860.3,4879.9,2475,
2024-08-02 09:19:00+05:30,4882.45,4897.1,4877.9,4896.45,2664,
2024-08-02 09:20:00+05:30,4897.55,4899,4862.5,4869.75,8095,
2024-08-02 09:21:00+05:30,4865.5,4874.25,4860,4867.25,11376,
2024-08-02 09:22:00+05:30,4870.4,4883.2,4866.05,4869.15,5806,
2024-08-02 09:23:00+05:30,4870,4882.8,4868.25,4872.8,3071,
2024-08-02 09:24:00+05:30,4872.8,4896.3,4871,4896.3,1958,
2024-08-02 09:25:00+05:30,4893.3,4894.95,4875.15,4885.55,4917,
2024-08-02 09:26:00+05:30,4885.55,4889,4883.95,4884.2,2156,
2024-08-02 09:27:00+05:30,4884.2,4899.65,4882.7,4896.1,2061,
2024-08-02 09:28:00+05:30,4895.65,4897.6,4887,4887,855,
2024-08-02 09:29:00+05:30,4887,4888.55,4881.15,4887.85,1423,
2024-08-02 09:30:00+05:30,4884.05,4887.8,4880,4883.85,737,
2024-08-02 09:31:00+05:30,4884.15,4884.8,4880.7,4882.5,244,
2024-08-02 09:32:00+05:30,4882.5,4883.55,4876.05,4879.7,2568,
2024-08-02 09:33:00+05:30,4879.9,4881.75,4873.25,4877.4,1583,
2024-08-02 09:34:00+05:30,4877.25,4883.7,4872.4,4879.55,3006,
2024-08-02 09:35:00+05:30,4879.55,4887.65,4875.25,4887.65,3447,
2024-08-02 09:36:00+05:30,4888.1,4896.6,4888.1,4894.3,1091,
2024-08-02 09:37:00+05:30,4894.35,4897.7,4891.55,4897.45,546,
2024-08-02 09:38:00+05:30,4897.4,4904.55,4895.05,4900.95,4359,
2024-08-02 09:39:00+05:30,4898.95,4909.95,4898.2,4908.05,2321,
2024-08-02 09:40:00+05:30,4908.05,4912.6,4893.65,4893.95,4084,
2024-08-02 09:41:00+05:30,4898,4900.05,4889.5,4897.35,4099,
2024-08-02 09:42:00+05:30,4897.35,4899.05,4890,4896.5,1303,
2024-08-02 09:43:00+05:30,4896.5,4898.6,4893.8,4898.3,146,
2024-08-02 09:44:00+05:30,4896.2,4898.25,4890,4892.8,1605,
2024-08-02 09:45:00+05:30,4893.7,4895.1,4887,4887.4,2131,
2024-08-02 09:46:00+05:30,4887,4891.2,4872.1,4873,2920,
2024-08-02 09:47:00+05:30,4873,4890.9,4872.3,4884,3733,
2024-08-02 09:48:00+05:30,4884,4889.95,4880.25,4882.4,634,
2024-08-02 09:49:00+05:30,4882.4,4885.95,4877,4883.2,1378,
2024-08-02 09:50:00+05:30,4883.2,4886.15,4883.2,4883.4,230,
2024-08-02 09:51:00+05:30,4881.15,4885,4877,4884.3,1245,
2024-08-02 09:52:00+05:30,4882.4,4885.45,4880.5,4885,714,
2024-08-02 09:53:00+05:30,4887.4,4892.7,4886.25,4888.75,967,
2024-08-02 09:54:00+05:30,4888.75,4890,4883.35,4883.35,219,
2024-08-02 09:55:00+05:30,4883.35,4886.85,4881.3,4881.95,157,
2024-08-02 09:56:00+05:30,4881.95,4889.15,4881.95,4881.95,387,
2024-08-02 09:57:00+05:30,4881.95,4886.8,4881.95,4886.8,196,
2024-08-02 09:58:00+05:30,4886.8,4894.5,4886.8,4889.7,1110,
2024-08-02 09:59:00+05:30,4891.5,4891.8,4887,4888.65,358,
2024-08-02 10:00:00+05:30,4888.65,4890.35,4882.65,4886.85,601,
2024-08-02 10:01:00+05:30,4886.85,4891.3,4882.9,4890.6,155,
2024-08-02 10:02:00+05:30,4890.6,4890.6,4883.25,4884.5,276,
2024-08-02 10:03:00+05:30,4884.5,4890.1,4882.45,4885.35,686,
2024-08-02 10:04:00+05:30,4885.35,4887.75,4882.6,4883.75,158,
2024-08-02 10:05:00+05:30,4883.75,4892,4883.5,4888.95,403,
2024-08-02 10:06:00+05:30,4888.95,4895,4888.95,4893.05,336,
2024-08-02 10:07:00+05:30,4895,4905,4893,4905,1232,
2024-08-02 10:08:00+05:30,4901.6,4910,4901.6,4905,3260,
2024-08-02 10:09:00+05:30,4905,4908.95,4903.55,4906.55,2060,
2024-08-02 10:10:00+05:30,4906.55,4912,4904.55,4909,880,
2024-08-02 10:11:00+05:30,4909,4917.7,4909,4917.15,1245,
2024-08-02 10:12:00+05:30,4917,4922,4915,4921.9,932,
2024-08-02 10:13:00+05:30,4921.9,4930,4920,4925,2166,
2024-08-02 10:14:00+05:30,4923,4930.6,4920.1,4930.6,1451,
2024-08-02 10:15:00+05:30,4930.6,4930.6,4927.1,4930.6,935,
2024-08-02 10:16:00+05:30,4930,4930.6,4925.05,4930.6,982,
2024-08-02 10:17:00+05:30,4930.6,4937.4,4929.05,4935,2111,
2024-08-02 10:18:00+05:30,4935,4940.1,4931.1,4931.1,7851,
2024-08-02 10:19:00+05:30,4938.95,4938.95,4927.55,4930,5842,
2024-08-02 10:20:00+05:30,4930,4930,4920,4926.55,5979,
2024-08-02 10:21:00+05:30,4926.25,4929.4,4914.5,4924.1,9343,
2024-08-02 10:22:00+05:30,4924.1,4944,4924.1,4942.8,5978,
2024-08-02 10:23:00+05:30,4942.8,4944,4933.3,4938.55,6839,
2024-08-02 10:24:00+05:30,4938.55,4938.55,4931.25,4936,1902,
2024-08-02 10:25:00+05:30,4936,4942,4935.5,4937.8,1202,
2024-08-02 10:26:00+05:30,4937.8,4942,4937.6,4940.55,605,
2024-08-02 10:27:00+05:30,4940.55,4943.95,4933.55,4933.55,1977,
2024-08-02 10:28:00+05:30,4933,4940.25,4926,4933.15,8556,
2024-08-02 10:29:00+05:30,4935.85,4938.5,4934,4935.75,1181,
2024-08-02 10:30:00+05:30,4935.75,4943.05,4934,4939.5,8515,
2024-08-02 10:31:00+05:30,4939.5,4939.5,4930,4934.45,3534,
2024-08-02 10:32:00+05:30,4934.45,4936.1,4932,4934.4,6815,
2024-08-02 10:33:00+05:30,4934.4,4940.1,4932.8,4940.1,8783,
2024-08-02 10:34:00+05:30,4940.1,4943.95,4940,4940.25,1953,
2024-08-02 10:35:00+05:30,4940.25,4943.5,4940,4943,1146,
2024-08-02 10:36:00+05:30,4943,4955.85,4943,4955,9377,
2024-08-02 10:37:00+05:30,4953.1,4958.95,4950.4,4952.65,4276,
2024-08-02 10:38:00+05:30,4954.9,4959,4952.05,4958,1726,
2024-08-02 10:39:00+05:30,4956.2,4960,4953.05,4959.85,2891,
2024-08-02 10:40:00+05:30,4959.85,4962.8,4952,4952.5,4918,
2024-08-02 10:41:00+05:30,4952.5,4957.05,4947.05,4957.05,2614,
2024-08-02 10:42:00+05:30,4956.95,4956.95,4951,4951,427,
2024-08-02 10:43:00+05:30,4952.65,4952.7,4945.85,4951,3437,
2024-08-02 10:44:00+05:30,4951.35,4953.95,4946.4,4947.6,6295,
2024-08-02 10:45:00+05:30,4947.6,4951,4942,4951,1660,
2024-08-02 10:46:00+05:30,4951,4952,4950,4950.9,902,
2024-08-02 10:47:00+05:30,4950.9,4954,4950,4954,1632,
2024-08-02 10:48:00+05:30,4954,4957.95,4953.9,4955.95,873,
2024-08-02 10:49:00+05:30,4955.95,4955.95,4945,4950.9,2352,
2024-08-02 10:50:00+05:30,4950.5,4950.5,4948,4948.95,1418,
2024-08-02 10:51:00+05:30,4948.95,4948.95,4947.25,4948.95,999,
2024-08-02 10:52:00+05:30,4948.95,4948.95,4943,4943,6060,
2024-08-02 10:53:00+05:30,4944.15,4944.25,4933,4942.5,4950,
2024-08-02 10:54:00+05:30,4942.5,4945.1,4940,4944.3,924,
2024-08-02 10:55:00+05:30,4944.3,4945.95,4942.25,4942.45,178,
2024-08-02 10:56:00+05:30,4942.45,4944,4938,4940,1313,
2024-08-02 10:57:00+05:30,4940,4944.4,4937,4942.1,1054,
2024-08-02 10:58:00+05:30,4942.1,4944.75,4941.05,4941.65,852,
2024-08-02 10:59:00+05:30,4941.65,4944.75,4940.3,4942.95,585,
2024-08-02 11:00:00+05:30,4942.95,4944,4937,4937,3617,
2024-08-02 11:01:00+05:30,4937,4937.95,4930,4930,4339,
2024-08-02 11:02:00+05:30,4930,4930.05,4914.05,4922.6,6659,
2024-08-02 11:03:00+05:30,4922.6,4926.35,4917.55,4917.55,4873,
2024-08-02 11:04:00+05:30,4917.55,4923.05,4917.55,4919,4470,
2024-08-02 11:05:00+05:30,4919,4924.9,4919,4919,1350,
2024-08-02 11:06:00+05:30,4919,4921.9,4919,4920.8,993,
2024-08-02 11:07:00+05:30,4920.8,4923.95,4920,4922.45,162,
2024-08-02 11:08:00+05:30,4920,4922.9,4917,4922.9,2128,
2024-08-02 11:09:00+05:30,4922.9,4925.65,4920,4925.5,1308,
2024-08-02 11:10:00+05:30,4925.5,4925.5,4923.35,4925.45,2029,
2024-08-02 11:11:00+05:30,4925.45,4929.7,4925.4,4929.2,519,
2024-08-02 11:12:00+05:30,4929.2,4929.2,4922.95,4924.6,836,
2024-08-02 11:13:00+05:30,4924.6,4927,4922.9,4925,819,
2024-08-02 11:14:00+05:30,4925,4927.1,4924.4,4926.95,296,
2024-08-02 11:15:00+05:30,4926.95,4926.95,4921.05,4925.6,1807,
2024-08-02 11:16:00+05:30,4925.6,4927.95,4920.5,4926.55,3271,
2024-08-02 11:17:00+05:30,4926.55,4926.55,4923.8,4926.4,552,
2024-08-02 11:18:00+05:30,4926.4,4929.95,4923.45,4929,1762,
2024-08-02 11:19:00+05:30,4929,4933,4929,4932.1,1377,
2024-08-02 11:20:00+05:30,4932.1,4936.7,4932,4935.55,1003,
2024-08-02 11:21:00+05:30,4935.55,4935.55,4932.4,4933.95,240,
2024-08-02 11:22:00+05:30,4933.95,4938,4932.5,4937.95,1484,
2024-08-02 11:23:00+05:30,4938,4945,4932,4938.65,4589,
2024-08-02 11:24:00+05:30,4938.65,4941.2,4936.3,4937.55,912,
2024-08-02 11:25:00+05:30,4937.55,4937.8,4935,4936.25,995,
2024-08-02 11:26:00+05:30,4936.25,4938.8,4934.3,4938.8,2400,
2024-08-02 11:27:00+05:30,4938.8,4941,4933.25,4934.35,3786,
2024-08-02 11:28:00+05:30,4934.35,4935.05,4932.85,4935,4307,
2024-08-02 11:29:00+05:30,4935,4936.35,4932.25,4932.25,708,
2024-08-02 11:30:00+05:30,4932.25,4936,4932.25,4935.55,2639,
2024-08-02 11:31:00+05:30,4935.55,4936.9,4933.45,4936,345,
2024-08-02 11:32:00+05:30,4936,4941,4934.85,4937.95,773,
2024-08-02 11:33:00+05:30,4939,4939.15,4937,4938.2,699,
2024-08-02 11:34:00+05:30,4938.2,4939.7,4933,4937.8,2016,
2024-08-02 11:35:00+05:30,4937.8,4943.95,4936.8,4943.95,1357,
2024-08-02 11:36:00+05:30,4943.95,4943.95,4935.8,4936.2,858,
2024-08-02 11:37:00+05:30,4936.2,4938,4933,4935,887,
2024-08-02 11:38:00+05:30,4934.65,4935,4920.55,4920.55,2042,
2024-08-02 11:39:00+05:30,4920.3,4929.75,4920.3,4929.75,2437,
2024-08-02 11:40:00+05:30,4929.75,4936,4929.75,4933.75,770,
2024-08-02 11:41:00+05:30,4933.75,4937.45,4933.6,4936.7,566,
2024-08-02 11:42:00+05:30,4936.7,4943,4936.7,4940.45,1701,
2024-08-02 11:43:00+05:30,4940.45,4942.55,4935.45,4936.1,1761,
2024-08-02 11:44:00+05:30,4936.1,4941.95,4936.1,4939.5,640,
2024-08-02 11:45:00+05:30,4939.5,4941,4936.55,4937.65,2031,
2024-08-02 11:46:00+05:30,4940.4,4940.65,4934.65,4938.5,4957,
2024-08-02 11:47:00+05:30,4938.5,4939.7,4931.2,4938.45,9095,
2024-08-02 11:48:00+05:30,4938.45,4941,4935.4,4940.15,2751,
2024-08-02 11:49:00+05:30,4940.15,4940.65,4934.55,4938.7,4868,
2024-08-02 11:50:00+05:30,4938.7,4939.55,4933.85,4937.35,2984,
2024-08-02 11:51:00+05:30,4937.35,4937.35,4932.15,4935,7144,
2024-08-02 11:52:00+05:30,4935,4936.4,4930.4,4935,6248,
2024-08-02 11:53:00+05:30,4935,4938.3,4934.4,4935,898,
2024-08-02 11:54:00+05:30,4935,4937.85,4934.8,4937.85,1572,
2024-08-02 11:55:00+05:30,4937.85,4937.85,4934.15,4935,2319,
2024-08-02 11:56:00+05:30,4937.45,4943,4935.05,4941,756,
2024-08-02 11:57:00+05:30,4941,4945.35,4936.9,4940,1456,
2024-08-02 11:58:00+05:30,4940,4942.65,4939.2,4942,1086,
2024-08-02 11:59:00+05:30,4942,4942,4940,4940.05,1430,
2024-08-02 12:00:00+05:30,4942,4942.6,4940.3,4940.3,362,
2024-08-02 12:01:00+05:30,4940.3,4942.45,4938.1,4938.1,1773,
2024-08-02 12:02:00+05:30,4938.1,4942.9,4938.1,4942.7,178,
2024-08-02 12:03:00+05:30,4940.15,4942,4935.05,4936.65,2326,
2024-08-02 12:04:00+05:30,4936.65,4942,4936.65,4938.4,935,
2024-08-02 12:05:00+05:30,4938.4,4941,4936.5,4937.1,720,
2024-08-02 12:06:00+05:30,4936.9,4940,4936.9,4937.75,999,
2024-08-02 12:07:00+05:30,4937.75,4941,4937.5,4940,181,
2024-08-02 12:08:00+05:30,4940,4942,4936.6,4940.05,319,
2024-08-02 12:09:00+05:30,4940.05,4941.55,4936.2,4940.05,714,
2024-08-02 12:10:00+05:30,4940.05,4940.35,4936.6,4936.9,1554,
2024-08-02 12:11:00+05:30,4936.9,4942,4936.9,4942,751,
2024-08-02 12:12:00+05:30,4942,4942,4937.05,4938.7,860,
2024-08-02 12:13:00+05:30,4938.7,4941.9,4935.35,4938,1387,
2024-08-02 12:14:00+05:30,4938,4940,4935.05,4937.35,1591,
2024-08-02 12:15:00+05:30,4937.35,4941.55,4934.95,4937.95,6201,
2024-08-02 12:16:00+05:30,4937.6,4939.55,4934.85,4937.05,753,
2024-08-02 12:17:00+05:30,4937.05,4940,4936.4,4939.9,461,
2024-08-02 12:18:00+05:30,4939.9,4940.75,4935.05,4937,1618,
2024-08-02 12:19:00+05:30,4937,4939.1,4935.55,4939.05,854,
2024-08-02 12:20:00+05:30,4939,4940.85,4935.7,4938.8,460,
2024-08-02 12:21:00+05:30,4938.85,4940.65,4938.05,4940,266,
2024-08-02 12:22:00+05:30,4940,4941,4938.65,4940.6,381,
2024-08-02 12:23:00+05:30,4940,4941.35,4935.85,4940,1053,
2024-08-02 12:24:00+05:30,4938.75,4940,4935.4,4937,673,
2024-08-02 12:25:00+05:30,4937,4942.65,4937,4941,1399,
2024-08-02 12:26:00+05:30,4941,4944.15,4939.6,4940,745,
2024-08-02 12:27:00+05:30,4940,4940,4938.1,4940,334,
2024-08-02 12:28:00+05:30,4940,4940.6,4938.25,4940.6,188,
2024-08-02 12:29:00+05:30,4940.6,4942,4940.6,4941.05,556,
2024-08-02 12:30:00+05:30,4941.05,4943.7,4940.7,4941.35,208,
2024-08-02 12:31:00+05:30,4941.35,4944.95,4941.05,4941.05,309,
2024-08-02 12:32:00+05:30,4941.05,4942,4939.35,4940,397,
2024-08-02 12:33:00+05:30,4940,4943.5,4939,4940.85,382,
2024-08-02 12:34:00+05:30,4940.85,4942,4939.05,4940.65,584,
2024-08-02 12:35:00+05:30,4939.75,4949.3,4938.35,4949.3,966,
2024-08-02 12:36:00+05:30,4949.3,4951.2,4944.95,4948.45,3156,
2024-08-02 12:37:00+05:30,4950,4952.75,4947.85,4950,2354,
2024-08-02 12:38:00+05:30,4950,4951.65,4948.7,4950,1611,
2024-08-02 12:39:00+05:30,4949.35,4951.85,4944.05,4944.05,2013,
2024-08-02 12:40:00+05:30,4944.05,4945.85,4941.4,4942,970,
2024-08-02 12:41:00+05:30,4942,4943.25,4940.15,4942.85,566,
2024-08-02 12:42:00+05:30,4940.7,4943.75,4940,4943.25,503,
2024-08-02 12:43:00+05:30,4943.25,4943.25,4940.45,4940.8,550,
2024-08-02 12:44:00+05:30,4940.8,4940.8,4933.3,4940.75,667,
2024-08-02 12:45:00+05:30,4940,4940,4933.05,4933.25,560,
2024-08-02 12:46:00+05:30,4933.25,4936.75,4933.05,4933.9,649,
2024-08-02 12:47:00+05:30,4933.9,4937.8,4933.25,4935.5,343,
2024-08-02 12:48:00+05:30,4935.5,4937.9,4933.75,4934.55,403,
2024-08-02 12:49:00+05:30,4934.55,4940,4934.35,4936.5,745,
2024-08-02 12:50:00+05:30,4936.5,4943.25,4935.15,4943.25,642,
2024-08-02 12:51:00+05:30,4940.85,4942.4,4938.55,4940,382,
2024-08-02 12:52:00+05:30,4940,4941.35,4937.2,4941.35,307,
2024-08-02 12:53:00+05:30,4940,4940.8,4936.6,4940.45,584,
2024-08-02 12:54:00+05:30,4940.45,4942.45,4938.25,4940,495,
2024-08-02 12:55:00+05:30,4940,4942.4,4938.1,4941.95,1300,
2024-08-02 12:56:00+05:30,4940.9,4941.6,4936.25,4937.3,327,
2024-08-02 12:57:00+05:30,4937.35,4940.55,4935.25,4940.1,376,
2024-08-02 12:58:00+05:30,4940.1,4940.45,4936.75,4940.45,205,
2024-08-02 12:59:00+05:30,4940,4942,4936.8,4942,705,
2024-08-02 13:00:00+05:30,4940.9,4942.05,4938.6,4940.4,180,
2024-08-02 13:01:00+05:30,4940.4,4941.4,4938.5,4940.95,267,
2024-08-02 13:02:00+05:30,4940.5,4940.85,4938.4,4940,240,
2024-08-02 13:03:00+05:30,4940,4942.1,4938.45,4940.2,225,
2024-08-02 13:04:00+05:30,4940.2,4940.2,4937.85,4940.1,296,
2024-08-02 13:05:00+05:30,4940,4942.3,4938,4940.15,266,
2024-08-02 13:06:00+05:30,4940,4942.45,4938.85,4941.45,215,
2024-08-02 13:07:00+05:30,4941.15,4942.45,4938.05,4942.45,513,
2024-08-02 13:08:00+05:30,4942.45,4942.45,4940,4942.05,173,
2024-08-02 13:09:00+05:30,4942.05,4942.45,4940,4940.15,212,
2024-08-02 13:10:00+05:30,4940,4942.4,4939.95,4942.2,640,
2024-08-02 13:11:00+05:30,4941.45,4942.35,4939.45,4942.3,192,
2024-08-02 13:12:00+05:30,4942.35,4942.4,4939.35,4942.4,924,
2024-08-02 13:13:00+05:30,4942.2,4945.85,4941.7,4945.85,599,
2024-08-02 13:14:00+05:30,4945.85,4945.85,4942,4942.45,1176,
2024-08-02 13:15:00+05:30,4942.45,4942.7,4938.85,4940.7,802,
2024-08-02 13:16:00+05:30,4940.7,4944.9,4937.75,4942.45,198,
2024-08-02 13:17:00+05:30,4942.45,4945.15,4940,4944.1,830,
2024-08-02 13:18:00+05:30,4944.1,4945.9,4942.7,4943.7,139,
2024-08-02 13:19:00+05:30,4943.7,4946,4941,4946,553,
2024-08-02 13:20:00+05:30,4946,4946.75,4943.05,4943.45,1130,
2024-08-02 13:21:00+05:30,4943.45,4947,4942.3,4945,359,
2024-08-02 13:22:00+05:30,4945,4945.4,4939.85,4943.35,733,
2024-08-02 13:23:00+05:30,4940.5,4947,4940.5,4946.3,4018,
2024-08-02 13:24:00+05:30,4945.75,4949,4944,4945.65,1914,
2024-08-02 13:25:00+05:30,4945.65,4950,4944.35,4950,1661,
2024-08-02 13:26:00+05:30,4950,4952,4947.7,4950.2,1231,
2024-08-02 13:27:00+05:30,4950.2,4952,4947.85,4949.45,2398,
2024-08-02 13:28:00+05:30,4949.45,4950,4948.05,4948.4,2414,
2024-08-02 13:29:00+05:30,4948.4,4950.95,4948,4950,1286,
2024-08-02 13:30:00+05:30,4950,4952,4948.35,4950.85,520,
2024-08-02 13:31:00+05:30,4950.85,4952,4950,4950.05,1331,
2024-08-02 13:32:00+05:30,4951.85,4955,4950,4955,1443,
2024-08-02 13:33:00+05:30,4955,4956.95,4953.05,4954.95,561,
2024-08-02 13:34:00+05:30,4954.95,4957,4954.3,4956.35,338,
2024-08-02 13:35:00+05:30,4956.35,4957,4955.25,4955.7,1222,
2024-08-02 13:36:00+05:30,4955.7,4964.7,4955.25,4960.65,3817,
2024-08-02 13:37:00+05:30,4960.1,4978.15,4960,4978.15,3015,
2024-08-02 13:38:00+05:30,4975.1,4978.2,4967.05,4970.1,3007,
2024-08-02 13:39:00+05:30,4970.1,4973.2,4970.05,4971.05,1229,
2024-08-02 13:40:00+05:30,4970.05,4972,4970.05,4970.3,491,
2024-08-02 13:41:00+05:30,4970.3,4973,4970.05,4970.1,990,
2024-08-02 13:42:00+05:30,4970.1,4981.45,4970.05,4980.9,8909,
2024-08-02 13:43:00+05:30,4980.9,4982.15,4978.05,4979.2,2733,
2024-08-02 13:44:00+05:30,4979.2,4982.25,4978.65,4979,1009,
2024-08-02 13:45:00+05:30,4979,4993.05,4979,4990.4,5578,
2024-08-02 13:46:00+05:30,4990.4,4996.9,4985,4989.45,17269,
2024-08-02 13:47:00+05:30,4989.45,4992.85,4985,4985.7,4613,
2024-08-02 13:48:00+05:30,4985.7,4988.95,4976.5,4983.9,4938,
2024-08-02 13:49:00+05:30,4983.9,4984,4980,4980.75,2299,
2024-08-02 13:50:00+05:30,4980,4983.8,4980,4980,1205,
2024-08-02 13:51:00+05:30,4980,4982.6,4975,4977.6,1949,
2024-08-02 13:52:00+05:30,4977.6,4982,4975.85,4980,1902,
2024-08-02 13:53:00+05:30,4979.95,4981.65,4978.1,4979.9,358,
2024-08-02 13:54:00+05:30,4979.9,4979.9,4975.6,4979,747,
2024-08-02 13:55:00+05:30,4977.55,4982.3,4977.55,4979.9,1980,
2024-08-02 13:56:00+05:30,4979.9,4981.8,4978.3,4980,1151,
2024-08-02 13:57:00+05:30,4980,4989.9,4980,4987.05,2500,
2024-08-02 13:58:00+05:30,4987.05,4994.8,4986.2,4993.5,1740,
2024-08-02 13:59:00+05:30,4993.5,4995,4986.5,4989.95,6092,
2024-08-02 14:00:00+05:30,4991.05,4993.35,4989.4,4990.5,3376,
2024-08-02 14:01:00+05:30,4990.5,4991.1,4982.05,4990.7,5133,
2024-08-02 14:02:00+05:30,4992,4992,4986.65,4991.1,2224,
2024-08-02 14:03:00+05:30,4991.1,4995.6,4990,4992.15,7389,
2024-08-02 14:04:00+05:30,4992.15,4993.45,4988.5,4988.5,1840,
2024-08-02 14:05:00+05:30,4988.5,4990.5,4984.05,4985,1262,
2024-08-02 14:06:00+05:30,4984.55,4990,4984,4984.05,2617,
2024-08-02 14:07:00+05:30,4984.05,4986.45,4977.05,4978,3306,
2024-08-02 14:08:00+05:30,4977.5,4985,4977.5,4982,1254,
2024-08-02 14:09:00+05:30,4982,4985,4982,4984.5,3404,
2024-08-02 14:10:00+05:30,4984.5,4993,4984.35,4993,7928,
2024-08-02 14:11:00+05:30,4990.8,4994,4988.3,4988.3,2403,
2024-08-02 14:12:00+05:30,4988.3,4991.85,4988.3,4990.05,1310,
2024-08-02 14:13:00+05:30,4990.05,4992,4990,4990.55,752,
2024-08-02 14:14:00+05:30,4990.55,4993.6,4990.55,4993,786,
2024-08-02 14:15:00+05:30,4993,4993,4988.6,4990.65,2751,
2024-08-02 14:16:00+05:30,4990.7,4991,4989.15,4989.9,419,
2024-08-02 14:17:00+05:30,4989.9,4991,4988.15,4990.1,2691,
2024-08-02 14:18:00+05:30,4990.1,4990.9,4988.6,4988.9,1902,
2024-08-02 14:19:00+05:30,4988.85,4990.4,4986.75,4989.95,9147,
2024-08-02 14:20:00+05:30,4990,4990.15,4988.8,4990.05,2736,
2024-08-02 14:21:00+05:30,4990.05,4990.1,4989.05,4990,1206,
2024-08-02 14:22:00+05:30,4990,4990.1,4988.3,4990,1773,
2024-08-02 14:23:00+05:30,4988.45,4990.5,4986.1,4990,5765,
2024-08-02 14:24:00+05:30,4990,4990.05,4988,4990,2707,
2024-08-02 14:25:00+05:30,4990,4990.05,4986.25,4990,7791,
2024-08-02 14:26:00+05:30,4990,4991.15,4987.15,4990,3040,
2024-08-02 14:27:00+05:30,4990,4990.45,4987,4990,9208,
2024-08-02 14:28:00+05:30,4990,4992.3,4988.25,4989.55,5018,
2024-08-02 14:29:00+05:30,4989.55,4990.05,4983.05,4989.25,4348,
2024-08-02 14:30:00+05:30,4989.25,4998.3,4987.25,4996,6416,
2024-08-02 14:31:00+05:30,4998.3,4999,4992.05,4995.6,2398,
2024-08-02 14:32:00+05:30,4995.6,4995.6,4986.55,4989.55,5967,
2024-08-02 14:33:00+05:30,4989.55,4990.15,4979.55,4989.05,8364,
2024-08-02 14:34:00+05:30,4989.05,4990.1,4981.05,4984.1,1504,
2024-08-02 14:35:00+05:30,4983.85,4987.7,4982.7,4985.4,2665,
2024-08-02 14:36:00+05:30,4984.35,4993,4984.35,4993,2467,
2024-08-02 14:37:00+05:30,4993,4993.65,4985.5,4989.5,3423,
2024-08-02 14:38:00+05:30,4989.3,4995,4986.85,4994.8,2769,
2024-08-02 14:39:00+05:30,4994.25,4997.3,4988.8,4990.7,5092,
2024-08-02 14:40:00+05:30,4990.7,4993.95,4988.8,4991.95,663,
2024-08-02 14:41:00+05:30,4991.95,4992.9,4987.2,4990.8,4378,
2024-08-02 14:42:00+05:30,4990.8,4991.95,4988.05,4990,2792,
2024-08-02 14:43:00+05:30,4991.9,4991.95,4988.95,4991,1747,
2024-08-02 14:44:00+05:30,4991,4991.8,4987.25,4988.85,2377,
2024-08-02 14:45:00+05:30,4990.4,4993.6,4988.45,4991.9,2666,
2024-08-02 14:46:00+05:30,4991.9,4991.9,4985.75,4990,7596,
2024-08-02 14:47:00+05:30,4990,4991.6,4986.6,4990.55,5808,
2024-08-02 14:48:00+05:30,4990.55,4994.8,4984.4,4993.85,3564,
2024-08-02 14:49:00+05:30,4993.85,4994.7,4988.9,4991.1,2761,
2024-08-02 14:50:00+05:30,4991.1,4995,4989.25,4995,2156,
2024-08-02 14:51:00+05:30,4995,5000.65,4991.45,5000,8155,
2024-08-02 14:52:00+05:30,4998.4,5006.9,4997.35,5005.5,7458,
2024-08-02 14:53:00+05:30,5006.9,5007.95,5000,5005.6,6141,
2024-08-02 14:54:00+05:30,5006.3,5007,5002,5006.8,3380,
2024-08-02 14:55:00+05:30,5005,5006.7,4993.25,5000,4273,
2024-08-02 14:56:00+05:30,4998.65,5001.5,4996.2,4997.6,1516,
2024-08-02 14:57:00+05:30,4996.3,4999.9,4996.15,4997.1,1275,
2024-08-02 14:58:00+05:30,4997.15,5002.75,4996.6,4997.55,4450,
2024-08-02 14:59:00+05:30,4999.1,4999.95,4996.1,4999.55,1425,
2024-08-02 15:00:00+05:30,4999.5,4999.5,4990,4991.15,3552,
2024-08-02 15:01:00+05:30,4990.05,4991.15,4975,4977.95,8496,
2024-08-02 15:02:00+05:30,4978.35,4984.7,4976.55,4981.9,6538,
2024-08-02 15:03:00+05:30,4981.2,4985.65,4973.6,4976.3,4301,
2024-08-02 15:04:00+05:30,4976.3,4979.1,4966,4968.15,3694,
2024-08-02 15:05:00+05:30,4965.6,4968.25,4960.2,4964.3,6657,
2024-08-02 15:06:00+05:30,4964.3,4980.8,4964.3,4978.5,4993,
2024-08-02 15:07:00+05:30,4978.5,4986,4977,4986,2811,
2024-08-02 15:08:00+05:30,4986.05,4988.7,4979.9,4981.45,4546,
2024-08-02 15:09:00+05:30,4982.05,4988.15,4978.75,4987.75,4529,
2024-08-02 15:10:00+05:30,4987.8,4993.95,4986.1,4993.6,3589,
2024-08-02 15:11:00+05:30,4993.6,4993.6,4991,4991.2,3588,
2024-08-02 15:12:00+05:30,4991.3,4997,4991.15,4996.95,2337,
2024-08-02 15:13:00+05:30,4995.15,5002.75,4994.4,5000,10038,
2024-08-02 15:14:00+05:30,4999.65,5002.2,4996.1,5000.1,9358,
2024-08-02 15:15:00+05:30,5001.3,5001.3,4988.05,4991.85,13939,
2024-08-02 15:16:00+05:30,4991.85,5004.55,4991.1,4998.1,4381,
2024-08-02 15:17:00+05:30,5000,5005,4997.15,5000.4,4750,
2024-08-02 15:18:00+05:30,5003.15,5005,4997.4,5001.9,7471,
2024-08-02 15:19:00+05:30,5000,5004,4999,5000.7,4529,
2024-08-02 15:20:00+05:30,5004.05,5010,5002.05,5003.25,5686,
2024-08-02 15:21:00+05:30,5003.25,5005.45,5000,5003,1964,
2024-08-02 15:22:00+05:30,5003,5005,5000.15,5000.3,1948,
2024-08-02 15:23:00+05:30,5001.65,5001.65,4996.25,4996.35,7589,
2024-08-02 15:24:00+05:30,4996.35,4997.15,4990,4994.9,3491,
2024-08-02 15:25:00+05:30,4994.9,4994.9,4990,4990.1,1369,
2024-08-02 15:26:00+05:30,4992.35,4994.95,4988,4988,1905,
2024-08-02 15:27:00+05:30,4989.95,4990,4985.15,4989.9,939,
2024-08-02 15:28:00+05:30,4989.9,4995,4988,4993.9,10851,
2024-08-02 15:29:00+05:30,4990.15,4999.95,4975,4975,2589,
2024-08-05 09:15:00+05:30,4933.55,4954.4,4892.15,4925.3,66538,
2024-08-05 09:16:00+05:30,4936.35,4972,4936.35,4946.65,38627,
2024-08-05 09:17:00+05:30,4944.15,4988.9,4944.15,4960.85,20919,
2024-08-05 09:18:00+05:30,4963.8,4966.35,4952.2,4959.3,23643,
2024-08-05 09:19:00+05:30,4959.25,4967.9,4933.1,4955.35,14212,
2024-08-05 09:20:00+05:30,4954.3,4957.65,4931.3,4945.25,12305,
2024-08-05 09:21:00+05:30,4945.35,4956.05,4936.55,4938.25,11258,
2024-08-05 09:22:00+05:30,4938.15,4953.7,4935.1,4941.5,6763,
2024-08-05 09:23:00+05:30,4941.5,4941.5,4909.95,4909.95,11158,
2024-08-05 09:24:00+05:30,4912.4,4913.95,4896.25,4896.25,15422,
2024-08-05 09:25:00+05:30,4895.05,4900.25,4881.25,4882.45,9139,
2024-08-05 09:26:00+05:30,4882.45,4894.45,4870,4894.45,15494,
2024-08-05 09:27:00+05:30,4892.35,4929.65,4892.35,4929.6,15482,
2024-08-05 09:28:00+05:30,4929.35,4958.6,4927.25,4952.15,25054,
2024-08-05 09:29:00+05:30,4946.25,4946.25,4911.05,4932.4,9164,
2024-08-05 09:30:00+05:30,4932.4,4936,4920.6,4926.45,3058,
2024-08-05 09:31:00+05:30,4926.45,4926.45,4905.6,4907.55,17333,
2024-08-05 09:32:00+05:30,4907.65,4920,4892.8,4913.3,9837,
2024-08-05 09:33:00+05:30,4911.1,4920,4910.5,4911.15,21658,
2024-08-05 09:34:00+05:30,4912,4935.7,4905.05,4929.85,13884,
2024-08-05 09:35:00+05:30,4931.4,4931.4,4918.2,4921.1,2610,
2024-08-05 09:36:00+05:30,4921.1,4925,4917.75,4919.25,2856,
2024-08-05 09:37:00+05:30,4919.3,4919.3,4910.05,4912.35,2112,
2024-08-05 09:38:00+05:30,4912.35,4915.75,4911,4911,2304,
2024-08-05 09:39:00+05:30,4910.15,4920.4,4910,4918.65,3190,
2024-08-05 09:40:00+05:30,4918.65,4929.85,4918.65,4923.6,2773,
2024-08-05 09:41:00+05:30,4923.2,4937.2,4921.65,4935,2607,
2024-08-05 09:42:00+05:30,4939.75,4948.6,4938.45,4946.35,8564,
2024-08-05 09:43:00+05:30,4946.35,4946.35,4938.05,4944.3,2293,
2024-08-05 09:44:00+05:30,4944.05,4948.45,4940.05,4940.55,3427,
2024-08-05 09:45:00+05:30,4941,4944,4928.75,4932.1,6391,
2024-08-05 09:46:00+05:30,4934.05,4935.45,4924.5,4935,2600,
2024-08-05 09:47:00+05:30,4935,4938.8,4925,4927.9,9049,
2024-08-05 09:48:00+05:30,4927.85,4927.85,4917.5,4921.3,5832,
2024-08-05 09:49:00+05:30,4921.3,4925,4918.5,4921.45,2198,
2024-08-05 09:50:00+05:30,4921.45,4921.45,4903.35,4907.55,9317,
2024-08-05 09:51:00+05:30,4909.5,4910,4898.75,4898.85,17309,
2024-08-05 09:52:00+05:30,4898.85,4901,4892.9,4894.95,4280,
2024-08-05 09:53:00+05:30,4894.95,4901.2,4890.75,4892,8806,
2024-08-05 09:54:00+05:30,4892,4895,4890.35,4894.65,5763,
2024-08-05 09:55:00+05:30,4894.65,4895,4892.4,4893.2,13459,
2024-08-05 09:56:00+05:30,4893.2,4895,4892,4893.95,4209,
2024-08-05 09:57:00+05:30,4894.75,4895,4891,4894.3,2687,
2024-08-05 09:58:00+05:30,4894.3,4895,4892.6,4895,1699,
2024-08-05 09:59:00+05:30,4895,4895,4891.6,4892.05,1843,
2024-08-05 10:00:00+05:30,4893.45,4895,4892.05,4895,1589,
2024-08-05 10:01:00+05:30,4895,4897.4,4893.8,4894.95,3840,
2024-08-05 10:02:00+05:30,4894.55,4895,4888.05,4895,105862,
2024-08-05 10:03:00+05:30,4895,4915,4895,4900.2,20833,
2024-08-05 10:04:00+05:30,4899.7,4900,4897.7,4899,2496,
2024-08-05 10:05:00+05:30,4899,4899.85,4886.85,4890,1976,
2024-08-05 10:06:00+05:30,4886.7,4892.55,4886,4886.65,4199,
2024-08-05 10:07:00+05:30,4889.35,4892.55,4889.15,4891.15,2026,
2024-08-05 10:08:00+05:30,4891.15,4892.55,4890,4892.45,855,
2024-08-05 10:09:00+05:30,4892.55,4895,4892.05,4894.95,884,
2024-08-05 10:10:00+05:30,4894.95,4897.65,4888,4889.7,4531,
2024-08-05 10:11:00+05:30,4890,4890.7,4885,4887.95,2758,
2024-08-05 10:12:00+05:30,4887.95,4895,4885.55,4894.5,5705,
2024-08-05 10:13:00+05:30,4895.05,4902.9,4890.4,4894.75,15628,
2024-08-05 10:14:00+05:30,4894.75,4896,4894.35,4895,1276,
2024-08-05 10:15:00+05:30,4895,4895,4886.55,4888.15,4549,
2024-08-05 10:16:00+05:30,4888,4890.1,4886.3,4887.55,2989,
2024-08-05 10:17:00+05:30,4887.6,4888.45,4884.35,4887.3,2374,
2024-08-05 10:18:00+05:30,4887.3,4887.3,4881.4,4884.85,2039,
2024-08-05 10:19:00+05:30,4884.05,4885,4881.05,4881.05,1162,
2024-08-05 10:20:00+05:30,4881,4882.6,4880.65,4882.55,881,
2024-08-05 10:21:00+05:30,4882.55,4883.15,4855.9,4856.05,4466,
2024-08-05 10:22:00+05:30,4856.05,4862.65,4849.5,4849.5,31243,
2024-08-05 10:23:00+05:30,4849.5,4855.4,4847.35,4848.65,7565,
2024-08-05 10:24:00+05:30,4850,4854,4848.15,4849.05,10350,
2024-08-05 10:25:00+05:30,4849.55,4850.7,4845.05,4846.45,3792,
2024-08-05 10:26:00+05:30,4846.45,4854.2,4842.35,4850,12929,
2024-08-05 10:27:00+05:30,4849.7,4852,4847.1,4851.95,3436,
2024-08-05 10:28:00+05:30,4852,4852,4843.05,4845.35,4573,
2024-08-05 10:29:00+05:30,4845.35,4849.1,4844.95,4848.55,1406,
2024-08-05 10:30:00+05:30,4848.55,4855.9,4848,4852.15,6518,
2024-08-05 10:31:00+05:30,4852.2,4852.2,4849.35,4850.7,7979,
2024-08-05 10:32:00+05:30,4850.7,4861.35,4849.65,4856.9,12099,
2024-08-05 10:33:00+05:30,4860,4866.6,4847.15,4847.15,23108,
2024-08-05 10:34:00+05:30,4847.05,4853.95,4847.05,4853.95,4137,
2024-08-05 10:35:00+05:30,4853.95,4854.2,4849.15,4849.9,821,
2024-08-05 10:36:00+05:30,4849.9,4851.1,4835.25,4837.75,2294,
2024-08-05 10:37:00+05:30,4837.75,4837.75,4823.6,4825.05,11222,
2024-08-05 10:38:00+05:30,4825,4826.75,4819.7,4821.75,4810,
2024-08-05 10:39:00+05:30,4821.75,4825,4820,4823.5,3728,
2024-08-05 10:40:00+05:30,4823.65,4823.65,4802.15,4805.7,9855,
2024-08-05 10:41:00+05:30,4805.7,4809.5,4797.7,4800,28647,
2024-08-05 10:42:00+05:30,4799.95,4813.5,4799.05,4806.05,8776,
2024-08-05 10:43:00+05:30,4805.95,4813,4805,4805,4141,
2024-08-05 10:44:00+05:30,4804.6,4818.3,4804.6,4818.05,3094,
2024-08-05 10:45:00+05:30,4818.05,4824.45,4812.65,4816,3940,
2024-08-05 10:46:00+05:30,4816,4820.5,4816,4816.05,1777,
2024-08-05 10:47:00+05:30,4816.05,4817.7,4813.65,4816.75,1583,
2024-08-05 10:48:00+05:30,4817.6,4817.65,4806.8,4809.35,5040,
2024-08-05 10:49:00+05:30,4809.35,4814.15,4805,4810.7,2550,
2024-08-05 10:50:00+05:30,4810.7,4819,4810.55,4815.4,1540,
2024-08-05 10:51:00+05:30,4813.8,4815.6,4808.15,4813.25,1847,
2024-08-05 10:52:00+05:30,4813.25,4825,4813.15,4822.55,2644,
2024-08-05 10:53:00+05:30,4822.55,4827.85,4820.9,4823.05,1524,
2024-08-05 10:54:00+05:30,4823.05,4823.05,4811.05,4811.05,2170,
2024-08-05 10:55:00+05:30,4811.05,4814.25,4810.15,4813.7,642,
2024-08-05 10:56:00+05:30,4813.7,4822.15,4813.1,4814.45,1982,
2024-08-05 10:57:00+05:30,4814.45,4814.65,4810.75,4811.75,494,
2024-08-05 10:58:00+05:30,4812.35,4813.95,4810,4813.95,395,
2024-08-05 10:59:00+05:30,4811.9,4815.7,4811.9,4814.05,925,
2024-08-05 11:00:00+05:30,4814.05,4814.3,4805,4808.25,998,
2024-08-05 11:01:00+05:30,4808.25,4811.95,4804.95,4810.4,3423,
2024-08-05 11:02:00+05:30,4811.95,4818,4811.1,4813.75,920,
2024-08-05 11:03:00+05:30,4813.75,4814.9,4786.85,4790,13477,
2024-08-05 11:04:00+05:30,4787.9,4808.95,4787.9,4801.95,6871,
2024-08-05 11:05:00+05:30,4801.95,4801.95,4778,4784.4,5257,
2024-08-05 11:06:00+05:30,4784.4,4791.75,4779.55,4790.55,4879,
2024-08-05 11:07:00+05:30,4791.9,4799.1,4788,4799.1,2600,
2024-08-05 11:08:00+05:30,4796.3,4805.25,4791.25,4796.2,3230,
2024-08-05 11:09:00+05:30,4794.5,4815.6,4794.5,4813.15,2601,
2024-08-05 11:10:00+05:30,4813.25,4820,4811.35,4815,896,
2024-08-05 11:11:00+05:30,4815,4821,4815,4821,565,
2024-08-05 11:12:00+05:30,4821,4827.45,4819.45,4825.25,1209,
2024-08-05 11:13:00+05:30,4825.6,4826.3,4815.25,4824.6,1361,
2024-08-05 11:14:00+05:30,4824.55,4836,4823,4835,2224,
2024-08-05 11:15:00+05:30,4835,4836.95,4816.7,4816.7,1050,
2024-08-05 11:16:00+05:30,4820.95,4828.4,4814.3,4825.35,1820,
2024-08-05 11:17:00+05:30,4825.35,4833.1,4824.05,4827.4,1731,
2024-08-05 11:18:00+05:30,4826.95,4826.95,4807.25,4810.55,2015,
2024-08-05 11:19:00+05:30,4810.55,4821.05,4810.35,4821.05,383,
2024-08-05 11:20:00+05:30,4821.05,4822.7,4816.45,4816.45,612,
2024-08-05 11:21:00+05:30,4818.1,4818.1,4805.45,4806.8,811,
2024-08-05 11:22:00+05:30,4806.8,4816.05,4806.8,4810.9,875,
2024-08-05 11:23:00+05:30,4811.05,4814.95,4805.65,4807,1061,
2024-08-05 11:24:00+05:30,4807,4809.55,4797.55,4806.55,3002,
2024-08-05 11:25:00+05:30,4806.55,4825.4,4803.9,4822.4,1952,
2024-08-05 11:26:00+05:30,4822.4,4831,4820.05,4831,523,
2024-08-05 11:27:00+05:30,4830.95,4837,4823.45,4825.95,2098,
2024-08-05 11:28:00+05:30,4825.95,4836.95,4823.5,4835.4,976,
2024-08-05 11:29:00+05:30,4835.4,4840,4833.6,4839.85,1067,
2024-08-05 11:30:00+05:30,4839.85,4839.85,4825,4825,3492,
2024-08-05 11:31:00+05:30,4825,4827.7,4820.1,4820.1,895,
2024-08-05 11:32:00+05:30,4820,4822.95,4815.1,4822.3,667,
2024-08-05 11:33:00+05:30,4822.3,4828.95,4820.2,4822.15,583,
2024-08-05 11:34:00+05:30,4822.15,4827,4820,4822.35,492,
2024-08-05 11:35:00+05:30,4822.35,4822.85,4818.75,4822.4,587,
2024-08-05 11:36:00+05:30,4822.4,4829.95,4818.25,4826.1,769,
2024-08-05 11:37:00+05:30,4829.05,4831.95,4825,4830.4,721,
2024-08-05 11:38:00+05:30,4828.1,4830.7,4826.3,4829.9,224,
2024-08-05 11:39:00+05:30,4829.9,4834,4827.85,4834,3276,
2024-08-05 11:40:00+05:30,4834,4842,4832.15,4839.5,1302,
2024-08-05 11:41:00+05:30,4839.55,4852.05,4839.55,4848.95,2710,
2024-08-05 11:42:00+05:30,4849.4,4852,4845.4,4847.15,1100,
2024-08-05 11:43:00+05:30,4847.15,4856,4845.35,4855.3,1973,
2024-08-05 11:44:00+05:30,4855.3,4855.3,4843.05,4850,1356,
2024-08-05 11:45:00+05:30,4850,4859,4850,4857,1349,
2024-08-05 11:46:00+05:30,4856.6,4857.9,4852.1,4853.35,812,
2024-08-05 11:47:00+05:30,4852.85,4857.5,4850,4855.45,884,
2024-08-05 11:48:00+05:30,4855.45,4866,4855.45,4862.6,2942,
2024-08-05 11:49:00+05:30,4862.6,4870,4862.6,4866.65,2185,
2024-08-05 11:50:00+05:30,4867.55,4878,4865.85,4874.9,4327,
2024-08-05 11:51:00+05:30,4874.9,4876,4862.4,4875,4686,
2024-08-05 11:52:00+05:30,4875,4879.2,4870.9,4872.95,4261,
2024-08-05 11:53:00+05:30,4872.95,4877.3,4872.4,4876.3,1874,
2024-08-05 11:54:00+05:30,4875.4,4876.3,4869.45,4873.95,2080,
2024-08-05 11:55:00+05:30,4872.4,4883.5,4872.4,4882.75,2159,
2024-08-05 11:56:00+05:30,4882.6,4893.9,4882.15,4891,2788,
2024-08-05 11:57:00+05:30,4890.2,4896,4890.2,4892.95,4209,
2024-08-05 11:58:00+05:30,4892.25,4896.25,4888,4894,10109,
2024-08-05 11:59:00+05:30,4894,4895.05,4890.05,4892.4,2300,
2024-08-05 12:00:00+05:30,4892.4,4897.45,4888.2,4896.5,4137,
2024-08-05 12:01:00+05:30,4891.05,4894.4,4888.45,4894.4,1810,
2024-08-05 12:02:00+05:30,4894.4,4903.45,4891.65,4900,40911,
2024-08-05 12:03:00+05:30,4900,4906.75,4899.05,4903.8,5741,
2024-08-05 12:04:00+05:30,4903.55,4904.95,4893.55,4895.7,1206,
2024-08-05 12:05:00+05:30,4895.7,4898.7,4889.15,4892,3018,
2024-08-05 12:06:00+05:30,4892,4899.95,4887.4,4895.35,2208,
2024-08-05 12:07:00+05:30,4895.35,4899.8,4895.35,4896.3,1079,
2024-08-05 12:08:00+05:30,4896.3,4900,4896.3,4896.45,1069,
2024-08-05 12:09:00+05:30,4896.45,4898.75,4892,4893.4,1191,
2024-08-05 12:10:00+05:30,4893.4,4895,4892,4893.25,1677,
2024-08-05 12:11:00+05:30,4893.3,4893.4,4892.15,4892.85,544,
2024-08-05 12:12:00+05:30,4892.85,4895,4891.65,4893.1,1598,
2024-08-05 12:13:00+05:30,4893.1,4900,4893.1,4896.7,2342,
2024-08-05 12:14:00+05:30,4897,4897,4892,4895.6,1104,
2024-08-05 12:15:00+05:30,4895.45,4895.6,4888,4888,863,
2024-08-05 12:16:00+05:30,4889.4,4895,4889.4,4895,1561,
2024-08-05 12:17:00+05:30,4895,4897.25,4892.35,4895,892,
2024-08-05 12:18:00+05:30,4893.9,4896.8,4892,4893.1,840,
2024-08-05 12:19:00+05:30,4893.1,4896.8,4891.9,4892.65,2599,
2024-08-05 12:20:00+05:30,4894.4,4894.85,4892.6,4894.85,516,
2024-08-05 12:21:00+05:30,4894,4896.7,4893,4893.15,1147,
2024-08-05 12:22:00+05:30,4895.4,4895.4,4882.05,4884.3,1375,
2024-08-05 12:23:00+05:30,4885.1,4885.1,4881.45,4885,1295,
2024-08-05 12:24:00+05:30,4884,4886.85,4880.45,4883.55,1274,
2024-08-05 12:25:00+05:30,4883.55,4884.05,4875.5,4875.5,1226,
2024-08-05 12:26:00+05:30,4875.5,4880,4875.5,4880,638,
2024-08-05 12:27:00+05:30,4880,4883,4879.75,4880.05,964,
2024-08-05 12:28:00+05:30,4880.05,4881.75,4877.4,4879.6,1747,
2024-08-05 12:29:00+05:30,4877.3,4884.8,4877.3,4884.3,1159,
2024-08-05 12:30:00+05:30,4884.3,4888.15,4876.05,4876.05,1490,
2024-08-05 12:31:00+05:30,4876.05,4876.05,4864.05,4872.7,1489,
2024-08-05 12:32:00+05:30,4872.7,4873.15,4866.95,4868.85,773,
2024-08-05 12:33:00+05:30,4868.85,4872,4868.85,4872,2366,
2024-08-05 12:34:00+05:30,4872,4877.65,4870.05,4871.5,797,
2024-08-05 12:35:00+05:30,4870.45,4870.45,4860.7,4860.7,1647,
2024-08-05 12:36:00+05:30,4859,4860,4855.55,4857.35,980,
2024-08-05 12:37:00+05:30,4857.35,4866.45,4856,4858.45,1442,
2024-08-05 12:38:00+05:30,4859.8,4860.05,4855,4857.9,802,
2024-08-05 12:39:00+05:30,4857.9,4862.9,4855.7,4857.4,768,
2024-08-05 12:40:00+05:30,4857.4,4862,4855.7,4858.95,1062,
2024-08-05 12:41:00+05:30,4858.95,4868.25,4858.05,4860.35,1479,
2024-08-05 12:42:00+05:30,4860.35,4871.1,4860.35,4871,1146,
2024-08-05 12:43:00+05:30,4871,4872.8,4864.7,4865.85,1075,
2024-08-05 12:44:00+05:30,4865.85,4876.8,4865.85,4870,1235,
2024-08-05 12:45:00+05:30,4870,4872.15,4867.8,4870.05,1572,
2024-08-05 12:46:00+05:30,4870.05,4871.65,4862.15,4863.2,744,
2024-08-05 12:47:00+05:30,4866.8,4872,4865.1,4872,3384,
2024-08-05 12:48:00+05:30,4872,4878,4872,4878,881,
2024-08-05 12:49:00+05:30,4878,4885.65,4876.55,4884.5,1036,
2024-08-05 12:50:00+05:30,4884.5,4887.25,4878.15,4883.9,1198,
2024-08-05 12:51:00+05:30,4883.9,4885,4880.3,4880.95,642,
2024-08-05 12:52:00+05:30,4880.95,4880.95,4870.35,4876.2,5526,
2024-08-05 12:53:00+05:30,4876.15,4878.95,4874,4877.75,613,
2024-08-05 12:54:00+05:30,4879.45,4881.25,4874.6,4876.45,664,
2024-08-05 12:55:00+05:30,4876.45,4878.45,4856.45,4858.7,3311,
2024-08-05 12:56:00+05:30,4855.45,4855.45,4838.75,4841.35,4320,
2024-08-05 12:57:00+05:30,4841.35,4844.05,4834.55,4839.9,2987,
2024-08-05 12:58:00+05:30,4838.25,4852,4838.25,4852,1112,
2024-08-05 12:59:00+05:30,4851.2,4852,4845.4,4849.45,1880,
2024-08-05 13:00:00+05:30,4849.45,4856.95,4846.1,4855.7,945,
2024-08-05 13:01:00+05:30,4857.95,4861.1,4852,4853.7,880,
2024-08-05 13:02:00+05:30,4853.7,4853.7,4841.3,4843.05,1376,
2024-08-05 13:03:00+05:30,4843.05,4846.9,4842.95,4845.85,836,
2024-08-05 13:04:00+05:30,4845.85,4851,4841.8,4851,1054,
2024-08-05 13:05:00+05:30,4851.65,4852.6,4846.75,4852.15,641,
2024-08-05 13:06:00+05:30,4849.8,4861.25,4849.8,4860,772,
2024-08-05 13:07:00+05:30,4859.6,4860,4850.1,4853.45,678,
2024-08-05 13:08:00+05:30,4853.45,4855,4849.95,4849.95,816,
2024-08-05 13:09:00+05:30,4848.85,4852.3,4846.9,4850.45,529,
2024-08-05 13:10:00+05:30,4850.45,4855.15,4845.8,4854,909,
2024-08-05 13:11:00+05:30,4854,4855.9,4848.8,4855.7,942,
2024-08-05 13:12:00+05:30,4854.65,4855.95,4848.8,4849.45,1011,
2024-08-05 13:13:00+05:30,4849.45,4857.45,4848.8,4854.35,751,
2024-08-05 13:14:00+05:30,4854.35,4864.9,4854.35,4864,857,
2024-08-05 13:15:00+05:30,4867.1,4868,4858.4,4862.45,1827,
2024-08-05 13:16:00+05:30,4862.45,4866.5,4861.6,4864.95,616,
2024-08-05 13:17:00+05:30,4864.95,4865,4859.5,4860.5,881,
2024-08-05 13:18:00+05:30,4861.3,4864.65,4861.3,4863.65,1000,
2024-08-05 13:19:00+05:30,4863.65,4863.65,4859.8,4859.8,1003,
2024-08-05 13:20:00+05:30,4859.8,4860.1,4853.7,4856.2,626,
2024-08-05 13:21:00+05:30,4856.2,4859.55,4854.65,4858.55,521,
2024-08-05 13:22:00+05:30,4858.55,4859.95,4856.55,4858.8,588,
2024-08-05 13:23:00+05:30,4858.25,4858.85,4855.05,4858.2,662,
2024-08-05 13:24:00+05:30,4858.2,4860,4856.7,4859.9,716,
2024-08-05 13:25:00+05:30,4859.9,4865.7,4858.7,4865,1117,
2024-08-05 13:26:00+05:30,4865,4867.4,4861.95,4862.6,1281,
2024-08-05 13:27:00+05:30,4861.7,4864.3,4858.55,4862.4,1041,
2024-08-05 13:28:00+05:30,4862.4,4862.45,4860,4861.8,1091,
2024-08-05 13:29:00+05:30,4861.8,4864.6,4859.7,4861.9,855,
2024-08-05 13:30:00+05:30,4861.9,4862.3,4853.15,4860,1472,
2024-08-05 13:31:00+05:30,4860,4866.55,4857.7,4861.85,1534,
2024-08-05 13:32:00+05:30,4862.7,4862.7,4856.3,4861.2,685,
2024-08-05 13:33:00+05:30,4861.2,4873,4861.2,4872.25,1393,
2024-08-05 13:34:00+05:30,4872.25,4875,4871,4871.2,1381,
2024-08-05 13:35:00+05:30,4871.2,4879.05,4871.2,4878.4,977,
2024-08-05 13:36:00+05:30,4879.8,4879.8,4872.95,4877.25,1039,
2024-08-05 13:37:00+05:30,4877.25,4878.15,4872.75,4872.75,840,
2024-08-05 13:38:00+05:30,4872.75,4873.75,4866.05,4869.9,2597,
2024-08-05 13:39:00+05:30,4869.9,4872.8,4867.2,4870,982,
2024-08-05 13:40:00+05:30,4870,4878,4870,4878,832,
2024-08-05 13:41:00+05:30,4878,4879.8,4876.65,4879.15,1331,
2024-08-05 13:42:00+05:30,4878.95,4884,4876.05,4884,1127,
2024-08-05 13:43:00+05:30,4884,4884,4881.35,4883,865,
2024-08-05 13:44:00+05:30,4883,4883,4877.25,4881.6,834,
2024-08-05 13:45:00+05:30,4881.45,4883.65,4881.45,4882.8,848,
2024-08-05 13:46:00+05:30,4882.8,4889.8,4882.8,4889.8,3045,
2024-08-05 13:47:00+05:30,4889.75,4896.8,4889.7,4896.8,3266,
2024-08-05 13:48:00+05:30,4896.45,4898.9,4896.3,4898.9,1751,
2024-08-05 13:49:00+05:30,4898.9,4898.9,4894,4896.15,771,
2024-08-05 13:50:00+05:30,4896.15,4896.9,4895.35,4896.6,710,
2024-08-05 13:51:00+05:30,4896.6,4896.9,4891.35,4896.9,1191,
2024-08-05 13:52:00+05:30,4896,4898.3,4893,4895.7,988,
2024-08-05 13:53:00+05:30,4895.7,4897,4892.25,4893.45,1020,
2024-08-05 13:54:00+05:30,4893.45,4898,4892.3,4896.45,889,
2024-08-05 13:55:00+05:30,4898.4,4898.9,4891.1,4895.45,938,
2024-08-05 13:56:00+05:30,4895.45,4898.9,4894,4898.9,798,
2024-08-05 13:57:00+05:30,4898.9,4899,4897.2,4899,886,
2024-08-05 13:58:00+05:30,4899,4899.8,4897.2,4898.3,591,
2024-08-05 13:59:00+05:30,4898.25,4898.25,4885.8,4886.55,1626,
2024-08-05 14:00:00+05:30,4886.55,4895.1,4883.05,4894.2,2033,
2024-08-05 14:01:00+05:30,4893.45,4894.65,4889.4,4891.6,690,
2024-08-05 14:02:00+05:30,4891.65,4892.75,4887.85,4889.65,721,
2024-08-05 14:03:00+05:30,4889.65,4890,4885,4886.55,880,
2024-08-05 14:04:00+05:30,4886.55,4888.95,4882,4888.9,1234,
2024-08-05 14:05:00+05:30,4887.55,4890,4884.95,4886.8,950,
2024-08-05 14:06:00+05:30,4886.8,4888.85,4883.15,4887.75,1060,
2024-08-05 14:07:00+05:30,4886.45,4888.45,4885,4887.45,1052,
2024-08-05 14:08:00+05:30,4884.7,4889.6,4884.7,4889.35,746,
2024-08-05 14:09:00+05:30,4889.35,4890.95,4886.3,4886.45,1360,
2024-08-05 14:10:00+05:30,4888.45,4889,4882.9,4888.7,1006,
2024-08-05 14:11:00+05:30,4888.7,4888.8,4881.95,4883.3,1864,
2024-08-05 14:12:00+05:30,4883.15,4888.35,4875.45,4880.05,2927,
2024-08-05 14:13:00+05:30,4880.05,4882.1,4876,4877.5,1686,
2024-08-05 14:14:00+05:30,4875,4878.85,4869.75,4869.75,1276,
2024-08-05 14:15:00+05:30,4871.45,4875.25,4871.45,4874,854,
2024-08-05 14:16:00+05:30,4875.4,4877.65,4872,4876.9,1850,
2024-08-05 14:17:00+05:30,4876.9,4880,4874.8,4879.7,982,
2024-08-05 14:18:00+05:30,4878.75,4878.75,4876,4876.2,707,
2024-08-05 14:19:00+05:30,4877.8,4879.6,4876,4879.15,621,
2024-08-05 14:20:00+05:30,4879.6,4882.2,4877.55,4880,1568,
2024-08-05 14:21:00+05:30,4879.8,4883.35,4878.2,4883.35,894,
2024-08-05 14:22:00+05:30,4882.95,4883.95,4875,4875.4,1992,
2024-08-05 14:23:00+05:30,4875.4,4878.1,4871.6,4876.15,1097,
2024-08-05 14:24:00+05:30,4875.5,4875.5,4871.95,4875.4,974,
2024-08-05 14:25:00+05:30,4875.4,4876.95,4872,4875.1,819,
2024-08-05 14:26:00+05:30,4876.1,4877,4869.5,4870.55,1672,
2024-08-05 14:27:00+05:30,4871,4871.2,4869,4869,1139,
2024-08-05 14:28:00+05:30,4869,4869,4863.1,4864.4,1043,
2024-08-05 14:29:00+05:30,4864.4,4867.05,4864.4,4867,1174,
2024-08-05 14:30:00+05:30,4867,4868.55,4862.2,4864.9,1062,
2024-08-05 14:31:00+05:30,4864.9,4871,4864.9,4868.7,1035,
2024-08-05 14:32:00+05:30,4869.35,4869.95,4864.7,4866.7,722,
2024-08-05 14:33:00+05:30,4866.95,4867.6,4854.1,4857.5,2748,
2024-08-05 14:34:00+05:30,4857.5,4859.75,4854.05,4856.1,1131,
2024-08-05 14:35:00+05:30,4856.1,4862.4,4855.95,4860.35,774,
2024-08-05 14:36:00+05:30,4861,4863.45,4857.95,4860.3,822,
2024-08-05 14:37:00+05:30,4860.3,4866.85,4860,4860.65,1282,
2024-08-05 14:38:00+05:30,4860.65,4862.1,4858.25,4860,801,
2024-08-05 14:39:00+05:30,4860,4860.75,4858,4859.95,783,
2024-08-05 14:40:00+05:30,4859.95,4859.95,4853.5,4853.55,853,
2024-08-05 14:41:00+05:30,4853.55,4857,4852,4855.4,1050,
2024-08-05 14:42:00+05:30,4855.55,4858.7,4851.6,4855,1064,
2024-08-05 14:43:00+05:30,4855,4856.55,4848.05,4849.1,1538,
2024-08-05 14:44:00+05:30,4848.6,4852.45,4848.6,4851.1,690,
2024-08-05 14:45:00+05:30,4852,4852,4845.1,4846.1,872,
2024-08-05 14:46:00+05:30,4846.55,4851.35,4845.8,4851.35,1054,
2024-08-05 14:47:00+05:30,4851.35,4857.15,4850.55,4855.2,1894,
2024-08-05 14:48:00+05:30,4856.25,4859.1,4856,4857.4,868,
2024-08-05 14:49:00+05:30,4857.4,4857.8,4853.65,4855.4,1316,
2024-08-05 14:50:00+05:30,4855.25,4855.4,4854.05,4854.35,897,
2024-08-05 14:51:00+05:30,4854.35,4855.9,4851,4853.2,697,
2024-08-05 14:52:00+05:30,4853.2,4854.85,4851.45,4853.55,1257,
2024-08-05 14:53:00+05:30,4853.55,4853.95,4851,4851.65,1249,
2024-08-05 14:54:00+05:30,4851.65,4856.15,4851.65,4853.8,1480,
2024-08-05 14:55:00+05:30,4856.15,4856.3,4850,4850.75,860,
2024-08-05 14:56:00+05:30,4850.75,4854,4850.75,4852.5,745,
2024-08-05 14:57:00+05:30,4853.9,4856.9,4851.05,4855.95,1044,
2024-08-05 14:58:00+05:30,4855.95,4857.85,4853.1,4853.55,2208,
2024-08-05 14:59:00+05:30,4855,4856.1,4854.05,4855.7,645,
2024-08-05 15:00:00+05:30,4855.7,4858.35,4855.3,4855.6,1198,
2024-08-05 15:01:00+05:30,4854.95,4855.45,4851.45,4853.65,3950,
2024-08-05 15:02:00+05:30,4850,4854.7,4844.4,4846.5,4097,
2024-08-05 15:03:00+05:30,4846.6,4847.35,4836.95,4838.3,2553,
2024-08-05 15:04:00+05:30,4838.3,4839.95,4833.15,4834,3101,
2024-08-05 15:05:00+05:30,4836.55,4836.6,4834,4835.95,1328,
2024-08-05 15:06:00+05:30,4835.55,4842.9,4835.55,4839.65,5454,
2024-08-05 15:07:00+05:30,4839.7,4840.45,4828.55,4831.95,3946,
2024-08-05 15:08:00+05:30,4831.95,4832.3,4829.15,4830.5,742,
2024-08-05 15:09:00+05:30,4830.5,4830.5,4823.85,4829.25,2807,
2024-08-05 15:10:00+05:30,4829.25,4829.25,4824.75,4825.3,1727,
2024-08-05 15:11:00+05:30,4825.3,4825.3,4822,4822.85,1549,
2024-08-05 15:12:00+05:30,4823.55,4825.5,4822.3,4825.5,3010,
2024-08-05 15:13:00+05:30,4826.55,4827.6,4826.05,4826.05,996,
2024-08-05 15:14:00+05:30,4826.75,4827.1,4824.95,4826.75,2056,
2024-08-05 15:15:00+05:30,4826.95,4830,4826,4828.1,1321,
2024-08-05 15:16:00+05:30,4828.25,4829.9,4822.8,4825.15,2460,
2024-08-05 15:17:00+05:30,4825.65,4826.9,4823.7,4826.8,1089,
2024-08-05 15:18:00+05:30,4826.8,4826.8,4820.15,4824,1819,
2024-08-05 15:19:00+05:30,4823.95,4826.5,4823.95,4825.6,1509,
2024-08-05 15:20:00+05:30,4825.6,4825.6,4811.9,4820.15,13977,
2024-08-05 15:21:00+05:30,4817.7,4821.7,4817.3,4821.6,8040,
2024-08-05 15:22:00+05:30,4821.6,4821.65,4819.05,4821.55,6305,
2024-08-05 15:23:00+05:30,4820.95,4822,4819.8,4820.25,7949,
2024-08-05 15:24:00+05:30,4820.8,4820.85,4817.3,4820.8,8203,
2024-08-05 15:25:00+05:30,4820.8,4821.9,4819.1,4821.85,5034,
2024-08-05 15:26:00+05:30,4821.05,4822.4,4820.3,4821.65,2909,
2024-08-05 15:27:00+05:30,4821.95,4822.15,4820,4822.05,3657,
2024-08-05 15:28:00+05:30,4822.05,4828.6,4819.2,4826.65,2986,
2024-08-05 15:29:00+05:30,4825.8,4830,4824.35,4830,839,
2024-08-06 09:15:00+05:30,4830,4881.75,4830,4881.75,3122,
2024-08-06 09:16:00+05:30,4873.5,4889.1,4873.5,4880,3446,
2024-08-06 09:17:00+05:30,4879.95,4887.15,4875,4876.95,2324,
2024-08-06 09:18:00+05:30,4876.95,4887.85,4872.6,4883.7,2905,
2024-08-06 09:19:00+05:30,4880.25,4882.15,4874,4877.65,902,
2024-08-06 09:20:00+05:30,4870.1,4876,4861.65,4870.7,2091,
2024-08-06 09:21:00+05:30,4869.6,4874.1,4864.55,4872.25,2385,
2024-08-06 09:22:00+05:30,4872.25,4874,4868.45,4873.3,1044,
2024-08-06 09:23:00+05:30,4873.55,4878,4870.1,4874.5,1988,
2024-08-06 09:24:00+05:30,4874,4889.1,4872.75,4887.45,4205,
2024-08-06 09:25:00+05:30,4887.45,4887.45,4874.05,4877.6,1339,
2024-08-06 09:26:00+05:30,4877.6,4887.45,4875.45,4884.2,2527,
2024-08-06 09:27:00+05:30,4884.2,4885,4881.55,4884,894,
2024-08-06 09:28:00+05:30,4884,4893.15,4882.5,4893.15,655,
2024-08-06 09:29:00+05:30,4893.15,4899.4,4890.4,4896,2370,
2024-08-06 09:30:00+05:30,4896,4897.35,4891.25,4897.2,1838,
2024-08-06 09:31:00+05:30,4897.2,4907.1,4896.6,4906.25,3396,
2024-08-06 09:32:00+05:30,4906.25,4916.5,4904,4913,5547,
2024-08-06 09:33:00+05:30,4914.45,4918.2,4910,4911.7,4249,
2024-08-06 09:34:00+05:30,4910,4914.85,4909,4913.75,1629,
2024-08-06 09:35:00+05:30,4911.7,4915,4910,4915,624,
2024-08-06 09:36:00+05:30,4913.6,4924,4913.6,4919.9,3695,
2024-08-06 09:37:00+05:30,4919.9,4926,4919.45,4923.1,1593,
2024-08-06 09:38:00+05:30,4922.4,4922.55,4919.25,4920.9,1101,
2024-08-06 09:39:00+05:30,4920.9,4930,4918.45,4929.45,2518,
2024-08-06 09:40:00+05:30,4929.45,4940.5,4928.55,4940.5,3915,
2024-08-06 09:41:00+05:30,4940.5,4948.45,4939.2,4944.85,5125,
2024-08-06 09:42:00+05:30,4944.85,4950,4942.65,4950,3568,
2024-08-06 09:43:00+05:30,4949.15,4953.7,4944.5,4949,8386,
2024-08-06 09:44:00+05:30,4948.4,4948.4,4926.15,4930,8176,
2024-08-06 09:45:00+05:30,4929,4952.7,4929,4950.3,6149,
2024-08-06 09:46:00+05:30,4950,4959,4948,4955,7050,
2024-08-06 09:47:00+05:30,4955,4956.9,4945.05,4951.45,3399,
2024-08-06 09:48:00+05:30,4950,4952.95,4946.55,4951,2115,
2024-08-06 09:49:00+05:30,4948.85,4955.15,4948.8,4952.15,2401,
2024-08-06 09:50:00+05:30,4952.15,4952.9,4950,4951.3,1773,
2024-08-06 09:51:00+05:30,4950,4951.55,4946,4951.55,1020,
2024-08-06 09:52:00+05:30,4951.55,4951.55,4948.1,4950,749,
2024-08-06 09:53:00+05:30,4950.7,4951.55,4948,4948.9,700,
2024-08-06 09:54:00+05:30,4948.9,4950.95,4945.95,4946,2468,
2024-08-06 09:55:00+05:30,4946.2,4951,4941.6,4948.7,2181,
2024-08-06 09:56:00+05:30,4946.8,4948.7,4941.05,4943.2,2314,
2024-08-06 09:57:00+05:30,4941.05,4943.15,4939.1,4941,1470,
2024-08-06 09:58:00+05:30,4941,4945,4940,4940.55,3295,
2024-08-06 09:59:00+05:30,4940.55,4945,4936.05,4944.95,2000,
2024-08-06 10:00:00+05:30,4944.95,4945.45,4943.15,4943.25,1059,
2024-08-06 10:01:00+05:30,4944.8,4945,4941.6,4941.6,330,
2024-08-06 10:02:00+05:30,4942,4945,4940.5,4944.35,1125,
2024-08-06 10:03:00+05:30,4944.35,4944.35,4938.35,4941.2,1719,
2024-08-06 10:04:00+05:30,4941.2,4945,4940,4944,864,
2024-08-06 10:05:00+05:30,4944,4945.85,4942.55,4945.85,1151,
2024-08-06 10:06:00+05:30,4944.55,4945.95,4940.95,4943,650,
2024-08-06 10:07:00+05:30,4943,4945,4942,4944.35,660,
2024-08-06 10:08:00+05:30,4944.4,4944.45,4942,4942.05,447,
2024-08-06 10:09:00+05:30,4942,4944.85,4942,4942,1252,
2024-08-06 10:10:00+05:30,4942,4944,4940.1,4943.4,608,
2024-08-06 10:11:00+05:30,4943.4,4943.4,4940,4942.2,297,
2024-08-06 10:12:00+05:30,4941.7,4951.6,4938.4,4950,4484,
2024-08-06 10:13:00+05:30,4950,4954.95,4950,4952.5,1409,
2024-08-06 10:14:00+05:30,4952.5,4954,4949.6,4953.1,2093,
2024-08-06 10:15:00+05:30,4953.1,4954.65,4950.15,4953.1,1096,
2024-08-06 10:16:00+05:30,4953.1,4955,4951.65,4952.75,800,
2024-08-06 10:17:00+05:30,4952.6,4957.35,4950,4954.8,3150,
2024-08-06 10:18:00+05:30,4953.5,4953.5,4950.55,4952.85,2337,
2024-08-06 10:19:00+05:30,4952.85,4952.85,4946.35,4946.7,1348,
2024-08-06 10:20:00+05:30,4946.7,4949.35,4932.05,4932.15,1774,
2024-08-06 10:21:00+05:30,4932.15,4938.9,4932.15,4933.1,3134,
2024-08-06 10:22:00+05:30,4934.85,4937.7,4931.05,4933.95,3383,
2024-08-06 10:23:00+05:30,4933.95,4938.15,4932,4937.6,1520,
2024-08-06 10:24:00+05:30,4937.6,4937.6,4923.5,4925.7,2580,
2024-08-06 10:25:00+05:30,4923.5,4928.9,4922.5,4927.5,1123,
2024-08-06 10:26:00+05:30,4927.5,4931.95,4925.95,4931.8,449,
2024-08-06 10:27:00+05:30,4931.8,4931.95,4930,4930,796,
2024-08-06 10:28:00+05:30,4930,4932.05,4928.95,4928.95,452,
2024-08-06 10:29:00+05:30,4928.8,4928.8,4925,4926,308,
2024-08-06 10:30:00+05:30,4926,4929,4924.35,4929,500,
2024-08-06 10:31:00+05:30,4929,4930,4926.45,4928.95,763,
2024-08-06 10:32:00+05:30,4929.2,4929.2,4924,4925.25,1211,
2024-08-06 10:33:00+05:30,4926.35,4928.45,4920.35,4925.75,1887,
2024-08-06 10:34:00+05:30,4925.75,4928.7,4925.05,4925.65,629,
2024-08-06 10:35:00+05:30,4925.65,4926.6,4922.55,4922.55,337,
2024-08-06 10:36:00+05:30,4922.55,4925.05,4916.65,4916.9,1265,
2024-08-06 10:37:00+05:30,4916.9,4922.4,4916.9,4921.25,681,
2024-08-06 10:38:00+05:30,4921.25,4921.25,4914.95,4915.95,828,
2024-08-06 10:39:00+05:30,4915.95,4920.5,4915.1,4918,742,
2024-08-06 10:40:00+05:30,4918,4918.6,4915,4915,808,
2024-08-06 10:41:00+05:30,4915,4917.75,4911.65,4911.65,472,
2024-08-06 10:42:00+05:30,4914,4915,4911.15,4915,669,
2024-08-06 10:43:00+05:30,4915,4915,4905,4905,2248,
2024-08-06 10:44:00+05:30,4905,4913.2,4905,4911.65,1833,
2024-08-06 10:45:00+05:30,4911.65,4911.65,4910,4910.2,220,
2024-08-06 10:46:00+05:30,4911.5,4913.95,4910,4911.85,399,
2024-08-06 10:47:00+05:30,4911.85,4912.45,4905.5,4910.55,766,
2024-08-06 10:48:00+05:30,4910.55,4913.15,4910.55,4910.85,302,
2024-08-06 10:49:00+05:30,4910.85,4918,4910.85,4916.1,1116,
2024-08-06 10:50:00+05:30,4916.1,4919.9,4916.1,4916.55,782,
2024-08-06 10:51:00+05:30,4918.7,4929.1,4917,4924.2,1109,
2024-08-06 10:52:00+05:30,4924.2,4933.95,4922.2,4933.95,1210,
2024-08-06 10:53:00+05:30,4933,4938,4931.6,4932.55,762,
2024-08-06 10:54:00+05:30,4932.55,4935.3,4932.05,4934.05,214,
2024-08-06 10:55:00+05:30,4932.4,4934.05,4930.05,4932.1,469,
2024-08-06 10:56:00+05:30,4933,4940,4932.1,4940,1961,
2024-08-06 10:57:00+05:30,4938.8,4940,4933.8,4933.8,591,
2024-08-06 10:58:00+05:30,4933.8,4936.15,4928.95,4930.3,404,
2024-08-06 10:59:00+05:30,4930.3,4931.7,4928.55,4928.55,225,
2024-08-06 11:00:00+05:30,4928.55,4933.2,4928.55,4931.1,288,
2024-08-06 11:01:00+05:30,4931.1,4933.35,4922.05,4922.35,2909,
2024-08-06 11:02:00+05:30,4922,4926,4921.3,4924.05,1658,
2024-08-06 11:03:00+05:30,4924.05,4929.55,4924.05,4926.8,382,
2024-08-06 11:04:00+05:30,4926.8,4930,4926.7,4926.85,1054,
2024-08-06 11:05:00+05:30,4926.85,4929.05,4921.55,4921.55,349,
2024-08-06 11:06:00+05:30,4921.55,4921.65,4916.55,4918.75,351,
2024-08-06 11:07:00+05:30,4918.75,4918.75,4910.85,4914,597,
2024-08-06 11:08:00+05:30,4914,4915.55,4913.4,4914,192,
2024-08-06 11:09:00+05:30,4914,4915,4911.2,4914.95,552,
2024-08-06 11:10:00+05:30,4914.75,4917.5,4912.85,4915,260,
2024-08-06 11:11:00+05:30,4915.35,4917.05,4913,4914.35,471,
2024-08-06 11:12:00+05:30,4916.55,4917.35,4913.95,4917,1177,
2024-08-06 11:13:00+05:30,4915,4915.2,4913.5,4914.65,449,
2024-08-06 11:14:00+05:30,4914.65,4918.05,4913.1,4914.75,2331,
2024-08-06 11:15:00+05:30,4913.1,4922.9,4913.1,4922.15,1704,
2024-08-06 11:16:00+05:30,4922.15,4923.8,4918.25,4918.75,829,
2024-08-06 11:17:00+05:30,4918.75,4920.7,4916.55,4918,263,
2024-08-06 11:18:00+05:30,4918,4919.85,4916.65,4916.65,189,
2024-08-06 11:19:00+05:30,4916.65,4918.85,4915.15,4915.5,251,
2024-08-06 11:20:00+05:30,4915.5,4917.35,4915.15,4915.3,200,
2024-08-06 11:21:00+05:30,4915.3,4917.35,4915,4915,208,
2024-08-06 11:22:00+05:30,4914.55,4919.45,4914.2,4917.6,658,
2024-08-06 11:23:00+05:30,4917.6,4924.9,4917.6,4923.3,422,
2024-08-06 11:24:00+05:30,4923.3,4924.9,4923.3,4923.5,364,
2024-08-06 11:25:00+05:30,4923.5,4928.1,4923.35,4928.1,466,
2024-08-06 11:26:00+05:30,4925.3,4927.7,4925.2,4925.3,333,
2024-08-06 11:27:00+05:30,4925.3,4925.3,4922,4922.65,555,
2024-08-06 11:28:00+05:30,4922.65,4924.8,4922.65,4923.3,796,
2024-08-06 11:29:00+05:30,4923.3,4924.65,4923.3,4923.3,254,
2024-08-06 11:30:00+05:30,4923.3,4927.45,4923.3,4925,475,
2024-08-06 11:31:00+05:30,4925,4929.8,4925,4928.3,721,
2024-08-06 11:32:00+05:30,4928.3,4929.7,4925,4925.45,777,
2024-08-06 11:33:00+05:30,4925.45,4927.25,4920.25,4920.55,399,
2024-08-06 11:34:00+05:30,4920.55,4921.95,4916.15,4916.15,597,
2024-08-06 11:35:00+05:30,4916.15,4918.7,4910.35,4915,2713,
2024-08-06 11:36:00+05:30,4915,4922.15,4915,4919.65,481,
2024-08-06 11:37:00+05:30,4919.65,4921.55,4917.4,4918.3,488,
2024-08-06 11:38:00+05:30,4918.3,4920,4918.3,4920,187,
2024-08-06 11:39:00+05:30,4920,4920,4916.3,4918.75,230,
2024-08-06 11:40:00+05:30,4918.6,4918.6,4916.4,4917.85,82,
2024-08-06 11:41:00+05:30,4917.85,4917.85,4916.45,4917.65,21,
2024-08-06 11:42:00+05:30,4917,4919.5,4916.45,4917.65,433,
2024-08-06 11:43:00+05:30,4917.65,4920,4917.65,4919.95,62,
2024-08-06 11:44:00+05:30,4919.95,4920,4918.55,4918.7,474,
2024-08-06 11:45:00+05:30,4918.7,4920.35,4918.65,4918.75,158,
2024-08-06 11:46:00+05:30,4918.75,4920,4918.7,4918.75,403,
2024-08-06 11:47:00+05:30,4918.75,4919.95,4916.3,4917.9,437,
2024-08-06 11:48:00+05:30,4917.9,4917.9,4912.15,4915,309,
2024-08-06 11:49:00+05:30,4915,4916,4913,4913.05,316,
2024-08-06 11:50:00+05:30,4913.05,4915.75,4913.05,4915.45,98,
2024-08-06 11:51:00+05:30,4915.45,4915.45,4913.6,4913.7,103,
2024-08-06 11:52:00+05:30,4913.7,4917.85,4913.7,4917.85,277,
2024-08-06 11:53:00+05:30,4917.85,4917.95,4915.05,4917.55,213,
2024-08-06 11:54:00+05:30,4916,4919,4916,4918.5,257,
2024-08-06 11:55:00+05:30,4918.5,4918.5,4916.25,4918.1,123,
2024-08-06 11:56:00+05:30,4918.1,4920,4917.4,4919.7,543,
2024-08-06 11:57:00+05:30,4919.85,4920,4916.5,4918.45,1797,
2024-08-06 11:58:00+05:30,4918.45,4918.45,4916.5,4916.5,220,
2024-08-06 11:59:00+05:30,4916.5,4918.4,4916.5,4918.35,77,
2024-08-06 12:00:00+05:30,4918.35,4918.35,4917.05,4918.35,38,
2024-08-06 12:01:00+05:30,4918.35,4918.35,4917.15,4917.15,107,
2024-08-06 12:02:00+05:30,4917.15,4918.35,4912.15,4915,406,
2024-08-06 12:03:00+05:30,4915,4915,4913.5,4915,153,
2024-08-06 12:04:00+05:30,4913.7,4915,4913.7,4913.85,59,
2024-08-06 12:05:00+05:30,4915,4915,4913.85,4914.9,58,
2024-08-06 12:06:00+05:30,4914.9,4914.9,4914,4914,76,
2024-08-06 12:07:00+05:30,4914,4914.95,4910,4911.9,668,
2024-08-06 12:08:00+05:30,4911.9,4911.9,4910.05,4911.85,85,
2024-08-06 12:09:00+05:30,4911.85,4911.85,4910.05,4911,118,
2024-08-06 12:10:00+05:30,4909.6,4910.3,4908.6,4910,2377,
2024-08-06 12:11:00+05:30,4910,4910,4909,4909,163,
2024-08-06 12:12:00+05:30,4909,4909.8,4909,4909.8,50,
2024-08-06 12:13:00+05:30,4909.7,4910,4909,4909.95,37,
2024-08-06 12:14:00+05:30,4909.85,4910,4909,4909,159,
2024-08-06 12:15:00+05:30,4909.5,4910,4908.65,4908.65,237,
2024-08-06 12:16:00+05:30,4908.65,4909.15,4905,4905,244,
2024-08-06 12:17:00+05:30,4905,4907.3,4905,4906,178,
2024-08-06 12:18:00+05:30,4905.65,4909.5,4905.65,4909.2,202,
2024-08-06 12:19:00+05:30,4909.2,4909.2,4907.5,4909.15,132,
2024-08-06 12:20:00+05:30,4909.15,4909.4,4900,4903.15,1966,
2024-08-06 12:21:00+05:30,4902.2,4906.05,4901.35,4906.05,358,
2024-08-06 12:22:00+05:30,4906.05,4906.05,4904.4,4904.75,142,
2024-08-06 12:23:00+05:30,4904.75,4905.8,4903.35,4905.75,720,
2024-08-06 12:24:00+05:30,4905.75,4905.75,4903.25,4903.35,91,
2024-08-06 12:25:00+05:30,4903.35,4905.3,4902.2,4904.5,611,
2024-08-06 12:26:00+05:30,4904.5,4904.7,4902.3,4904.4,151,
2024-08-06 12:27:00+05:30,4904.4,4904.6,4903.15,4903.15,149,
2024-08-06 12:28:00+05:30,4904.4,4904.4,4900.9,4902.7,508,
2024-08-06 12:29:00+05:30,4904.4,4904.4,4894.6,4899.2,572,
2024-08-06 12:30:00+05:30,4899.2,4901.7,4898.4,4900,133,
2024-08-06 12:31:00+05:30,4900,4901.75,4899.95,4901.55,313,
2024-08-06 12:32:00+05:30,4901.55,4901.55,4896.9,4898.85,445,
2024-08-06 12:33:00+05:30,4898.85,4900,4895,4895,681,
2024-08-06 12:34:00+05:30,4895,4898.45,4893.65,4896.7,345,
2024-08-06 12:35:00+05:30,4896.7,4900,4896.7,4898,149,
2024-08-06 12:36:00+05:30,4898,4899.5,4895,4897.35,352,
2024-08-06 12:37:00+05:30,4897.35,4900,4887.5,4898.2,3394,
2024-08-06 12:38:00+05:30,4898.2,4901.55,4896.15,4900.9,576,
2024-08-06 12:39:00+05:30,4900.9,4901.55,4896.05,4898.6,422,
2024-08-06 12:40:00+05:30,4898.55,4898.55,4896.25,4898.4,137,
2024-08-06 12:41:00+05:30,4898.4,4899,4897.15,4899,514,
2024-08-06 12:42:00+05:30,4898.5,4899,4890.6,4890.6,577,
2024-08-06 12:43:00+05:30,4890.25,4891.7,4884.15,4884.7,809,
2024-08-06 12:44:00+05:30,4887.15,4890,4884.8,4887.85,563,
2024-08-06 12:45:00+05:30,4887.85,4889.7,4887.85,4887.9,177,
2024-08-06 12:46:00+05:30,4888.9,4890.95,4888.9,4890.6,269,
2024-08-06 12:47:00+05:30,4890.6,4894.35,4890.5,4894.35,221,
2024-08-06 12:48:00+05:30,4894.35,4894.35,4891.95,4891.95,247,
2024-08-06 12:49:00+05:30,4892,4892,4881.95,4882,845,
2024-08-06 12:50:00+05:30,4882,4885,4882,4883.05,316,
2024-08-06 12:51:00+05:30,4884.2,4887.05,4881.8,4884.3,1083,
2024-08-06 12:52:00+05:30,4884.3,4885,4881.85,4885,751,
2024-08-06 12:53:00+05:30,4885,4887.4,4883,4886.8,215,
2024-08-06 12:54:00+05:30,4886.8,4886.8,4885.1,4886.8,143,
2024-08-06 12:55:00+05:30,4886.8,4887.85,4886.05,4887.55,182,
2024-08-06 12:56:00+05:30,4887.55,4887.55,4881.05,4882.55,362,
2024-08-06 12:57:00+05:30,4882.55,4885,4881.55,4881.55,187,
2024-08-06 12:58:00+05:30,4881.55,4884.3,4881.3,4883.8,222,
2024-08-06 12:59:00+05:30,4883.8,4885,4878.05,4882.2,854,
2024-08-06 13:00:00+05:30,4883,4883,4878.25,4880.25,180,
2024-08-06 13:01:00+05:30,4880.25,4880.25,4878.5,4880.25,188,
2024-08-06 13:02:00+05:30,4880.25,4881.35,4878.5,4881.3,369,
2024-08-06 13:03:00+05:30,4881.3,4881.8,4878.75,4880.65,97,
2024-08-06 13:04:00+05:30,4880.65,4881.55,4878.5,4878.5,231,
2024-08-06 13:05:00+05:30,4879.9,4880.25,4877.6,4880.25,179,
2024-08-06 13:06:00+05:30,4880.25,4880.35,4878.85,4880.35,52,
2024-08-06 13:07:00+05:30,4880.35,4880.35,4877.6,4878.5,229,
2024-08-06 13:08:00+05:30,4878.5,4880.1,4877.6,4879.05,267,
2024-08-06 13:09:00+05:30,4878,4879.7,4877,4877.05,259,
2024-08-06 13:10:00+05:30,4877.05,4879,4875.2,4877.9,298,
2024-08-06 13:11:00+05:30,4877.9,4877.95,4875,4876.6,340,
2024-08-06 13:12:00+05:30,4876.6,4877.9,4873,4875.05,864,
2024-08-06 13:13:00+05:30,4877.35,4879.45,4874,4875.7,580,
2024-08-06 13:14:00+05:30,4875.7,4877.75,4875.7,4877.6,311,
2024-08-06 13:15:00+05:30,4877.6,4877.6,4871.1,4872.5,731,
2024-08-06 13:16:00+05:30,4872.5,4872.5,4870.5,4870.5,243,
2024-08-06 13:17:00+05:30,4870.5,4874.5,4868.9,4873.15,991,
2024-08-06 13:18:00+05:30,4873.15,4875,4868.9,4868.9,1309,
2024-08-06 13:19:00+05:30,4868.9,4870,4867.45,4867.55,251,
2024-08-06 13:20:00+05:30,4869.55,4869.55,4867,4867.05,230,
2024-08-06 13:21:00+05:30,4868,4873.35,4866.4,4870.45,652,
2024-08-06 13:22:00+05:30,4871.8,4872,4869.05,4869.25,517,
2024-08-06 13:23:00+05:30,4869.25,4870,4866.55,4866.9,766,
2024-08-06 13:24:00+05:30,4866.9,4868.5,4863.6,4864.15,402,
2024-08-06 13:25:00+05:30,4861.7,4863.8,4861.55,4862.8,302,
2024-08-06 13:26:00+05:30,4862.3,4864.95,4862.3,4862.95,336,
2024-08-06 13:27:00+05:30,4862.95,4864.95,4860.7,4861.4,691,
2024-08-06 13:28:00+05:30,4861.35,4863,4859,4861.1,310,
2024-08-06 13:29:00+05:30,4858.55,4864.85,4858.55,4863.3,525,
2024-08-06 13:30:00+05:30,4862.15,4865.95,4862,4863.95,513,
2024-08-06 13:31:00+05:30,4863.95,4864.8,4861.05,4864.8,172,
2024-08-06 13:32:00+05:30,4864.8,4865,4862.05,4863.05,215,
2024-08-06 13:33:00+05:30,4863.05,4863.9,4861.15,4861.2,251,
2024-08-06 13:34:00+05:30,4863.15,4863.2,4856.45,4859.2,1001,
2024-08-06 13:35:00+05:30,4859.15,4859.15,4855,4855.6,390,
2024-08-06 13:36:00+05:30,4855.6,4857.25,4854.05,4854.1,417,
2024-08-06 13:37:00+05:30,4855,4861.4,4854.05,4859.35,1363,
2024-08-06 13:38:00+05:30,4861.15,4861.15,4852,4852,512,
2024-08-06 13:39:00+05:30,4852,4853.75,4850,4850,808,
2024-08-06 13:40:00+05:30,4850.45,4852.05,4850,4850,259,
2024-08-06 13:41:00+05:30,4850,4852,4842.55,4847.4,2331,
2024-08-06 13:42:00+05:30,4847.4,4849.95,4841.05,4845.75,1568,
2024-08-06 13:43:00+05:30,4847.9,4848.75,4844.7,4848,1356,
2024-08-06 13:44:00+05:30,4848,4849.9,4842.25,4843.25,2827,
2024-08-06 13:45:00+05:30,4843.25,4849.95,4841.1,4848.3,4633,
2024-08-06 13:46:00+05:30,4848.3,4848.3,4841.05,4842.1,609,
2024-08-06 13:47:00+05:30,4843.3,4848.7,4840,4844.25,1813,
2024-08-06 13:48:00+05:30,4844.3,4853.6,4844.3,4848.55,1512,
2024-08-06 13:49:00+05:30,4848.55,4855.95,4847.35,4850.75,1192,
2024-08-06 13:50:00+05:30,4851.05,4854.2,4844,4849.35,1257,
2024-08-06 13:51:00+05:30,4849.35,4849.35,4845.85,4846.85,334,
2024-08-06 13:52:00+05:30,4846.85,4848.9,4846.75,4847.2,329,
2024-08-06 13:53:00+05:30,4846.8,4851.85,4846.3,4847.55,438,
2024-08-06 13:54:00+05:30,4847.55,4849.75,4846.15,4849.45,1294,
2024-08-06 13:55:00+05:30,4849.4,4853.85,4849.4,4851.95,339,
2024-08-06 13:56:00+05:30,4851.95,4853.5,4845.05,4845.15,2033,
2024-08-06 13:57:00+05:30,4845.15,4847.2,4838.75,4840.4,7730,
2024-08-06 13:58:00+05:30,4840.55,4841.15,4837.05,4839.35,4428,
2024-08-06 13:59:00+05:30,4839.3,4840,4836.65,4839.95,1656,
2024-08-06 14:00:00+05:30,4838.95,4840,4834,4835.3,2926,
2024-08-06 14:01:00+05:30,4834.3,4837.9,4833.3,4835.85,1055,
2024-08-06 14:02:00+05:30,4836,4836,4831.3,4833.9,1187,
2024-08-06 14:03:00+05:30,4832.15,4835.5,4832.15,4833.85,278,
2024-08-06 14:04:00+05:30,4835.25,4839.3,4833.9,4838.85,467,
2024-08-06 14:05:00+05:30,4837,4840,4837,4839.95,159,
2024-08-06 14:06:00+05:30,4839.95,4840,4833.05,4838.1,1466,
2024-08-06 14:07:00+05:30,4835.55,4838.2,4832.95,4833.8,987,
2024-08-06 14:08:00+05:30,4833.8,4835.4,4833,4834.75,343,
2024-08-06 14:09:00+05:30,4833,4834.75,4827.15,4829.75,2090,
2024-08-06 14:10:00+05:30,4829.75,4832,4822.15,4822.6,1466,
2024-08-06 14:11:00+05:30,4822.6,4826.95,4820.2,4823.3,2945,
2024-08-06 14:12:00+05:30,4823.3,4829,4823.3,4824.95,1092,
2024-08-06 14:13:00+05:30,4826.65,4832.15,4824.95,4831.15,1120,
2024-08-06 14:14:00+05:30,4831.2,4832.9,4826.55,4828.85,410,
2024-08-06 14:15:00+05:30,4828.85,4829.3,4825.05,4825.55,742,
2024-08-06 14:16:00+05:30,4827,4832.9,4825,4832,528,
2024-08-06 14:17:00+05:30,4832,4832,4826.35,4828,403,
2024-08-06 14:18:00+05:30,4829.85,4829.85,4824.05,4826.05,942,
2024-08-06 14:19:00+05:30,4826.05,4826.05,4822.95,4822.95,348,
2024-08-06 14:20:00+05:30,4822.95,4830,4822.95,4830,733,
2024-08-06 14:21:00+05:30,4830,4833.85,4830,4831.25,418,
2024-08-06 14:22:00+05:30,4831.25,4834.9,4831.25,4833,435,
2024-08-06 14:23:00+05:30,4833.05,4836.55,4833,4835.8,544,
2024-08-06 14:24:00+05:30,4835.85,4835.85,4830,4830.25,734,
2024-08-06 14:25:00+05:30,4830.2,4834.25,4830.2,4832.4,978,
2024-08-06 14:26:00+05:30,4832.75,4841.8,4832.4,4841.8,1920,
2024-08-06 14:27:00+05:30,4841.1,4841.95,4837.85,4839.25,1399,
2024-08-06 14:28:00+05:30,4839.25,4839.25,4834.6,4834.65,464,
2024-08-06 14:29:00+05:30,4834.65,4836.3,4834.55,4835.7,542,
2024-08-06 14:30:00+05:30,4835.7,4835.75,4833.5,4833.5,409,
2024-08-06 14:31:00+05:30,4833.5,4835.75,4833.5,4835.75,247,
2024-08-06 14:32:00+05:30,4835.4,4837.95,4835.35,4837.75,288,
2024-08-06 14:33:00+05:30,4837.75,4837.75,4829,4830.65,1195,
2024-08-06 14:34:00+05:30,4830.7,4836.45,4830.7,4835.35,519,
2024-08-06 14:35:00+05:30,4833.7,4835.95,4833.7,4835.95,448,
2024-08-06 14:36:00+05:30,4835.95,4837.35,4831.7,4831.7,299,
2024-08-06 14:37:00+05:30,4835.35,4835.8,4831.9,4835.8,473,
2024-08-06 14:38:00+05:30,4835.8,4835.8,4835.55,4835.75,161,
2024-08-06 14:39:00+05:30,4835.75,4835.8,4830.5,4832.65,952,
2024-08-06 14:40:00+05:30,4832.65,4835.9,4831.6,4831.95,544,
2024-08-06 14:41:00+05:30,4831.75,4833.85,4831.1,4833.1,183,
2024-08-06 14:42:00+05:30,4831,4832.7,4826.25,4827.7,858,
2024-08-06 14:43:00+05:30,4827.7,4828.9,4826.1,4828.85,319,
2024-08-06 14:44:00+05:30,4828.9,4828.9,4815.05,4820.25,2336,
2024-08-06 14:45:00+05:30,4820.25,4821.2,4818.75,4821.2,1157,
2024-08-06 14:46:00+05:30,4821.2,4826.4,4821.2,4824.1,357,
2024-08-06 14:47:00+05:30,4824.1,4824.7,4822.65,4824.15,568,
2024-08-06 14:48:00+05:30,4824.15,4824.15,4822.55,4823.7,239,
2024-08-06 14:49:00+05:30,4823.7,4828.9,4822.65,4828.9,522,
2024-08-06 14:50:00+05:30,4828.9,4830,4827.35,4829.95,199,
2024-08-06 14:51:00+05:30,4828.5,4828.5,4825.25,4826.8,373,
2024-08-06 14:52:00+05:30,4826.8,4827.4,4825,4827.4,302,
2024-08-06 14:53:00+05:30,4827.4,4827.4,4823.65,4825.7,164,
2024-08-06 14:54:00+05:30,4825.7,4828.9,4823.95,4826.85,388,
2024-08-06 14:55:00+05:30,4829.2,4833.95,4828.25,4831.9,552,
2024-08-06 14:56:00+05:30,4831.9,4834.15,4829.65,4832.15,608,
2024-08-06 14:57:00+05:30,4832.15,4835,4828.95,4830,582,
2024-08-06 14:58:00+05:30,4830,4834.9,4830,4834.9,144,
2024-08-06 14:59:00+05:30,4832.55,4834.85,4830.65,4830.85,560,
2024-08-06 15:00:00+05:30,4830.8,4838.45,4828.05,4828.25,1834,
2024-08-06 15:01:00+05:30,4828.25,4829.75,4826,4829.3,908,
2024-08-06 15:02:00+05:30,4830,4830.95,4827.4,4828.75,692,
2024-08-06 15:03:00+05:30,4829.5,4829.5,4826.7,4828.5,773,
2024-08-06 15:04:00+05:30,4829,4829,4826.45,4828.3,875,
2024-08-06 15:05:00+05:30,4828.3,4828.65,4826.3,4826.95,589,
2024-08-06 15:06:00+05:30,4827.2,4827.6,4824,4825.15,1457,
2024-08-06 15:07:00+05:30,4825.1,4825.1,4822,4823.3,812,
2024-08-06 15:08:00+05:30,4823.75,4825,4823.55,4825,776,
2024-08-06 15:09:00+05:30,4824.95,4831.55,4822.9,4831.55,1206,
2024-08-06 15:10:00+05:30,4826.4,4826.55,4824.75,4824.8,2846,
2024-08-06 15:11:00+05:30,4825,4825.45,4822.05,4823.95,777,
2024-08-06 15:12:00+05:30,4823.95,4824.85,4820.05,4822.25,982,
2024-08-06 15:13:00+05:30,4822.25,4826.55,4822.25,4825.2,1225,
2024-08-06 15:14:00+05:30,4825.2,4826,4825,4825.75,1241,
2024-08-06 15:15:00+05:30,4825.45,4826,4825,4825.25,871,
2024-08-06 15:16:00+05:30,4825.5,4825.5,4821.6,4822.15,2214,
2024-08-06 15:17:00+05:30,4823.8,4825,4822.15,4824.95,1485,
2024-08-06 15:18:00+05:30,4824.95,4825,4821.65,4822.15,1424,
2024-08-06 15:19:00+05:30,4822.95,4825,4820.9,4825,1243,
2024-08-06 15:20:00+05:30,4825,4830,4824.95,4829.95,1545,
2024-08-06 15:21:00+05:30,4829.85,4830,4826.95,4828.1,1595,
2024-08-06 15:22:00+05:30,4828,4830,4827.45,4829.05,1006,
2024-08-06 15:23:00+05:30,4830,4830,4829,4830,2609,
2024-08-06 15:24:00+05:30,4830,4830,4825.9,4826.75,3199,
2024-08-06 15:25:00+05:30,4826.75,4830,4825.7,4829.85,3537,
2024-08-06 15:26:00+05:30,4829.95,4829.95,4825,4828.65,2076,
2024-08-06 15:27:00+05:30,4828.75,4830,4827.35,4829.05,1831,
2024-08-06 15:28:00+05:30,4829.05,4834.9,4827.25,4834.9,2938,
2024-08-06 15:29:00+05:30,4827.4,4848.1,4827.4,4830,902,
2024-08-07 09:15:00+05:30,4841,4900,4841,4895.65,2297,
2024-08-07 09:16:00+05:30,4895.65,4906.05,4892.1,4894.35,1482,
2024-08-07 09:17:00+05:30,4892.1,4895,4887.1,4887.1,1924,
2024-08-07 09:18:00+05:30,4886.7,4888.9,4878.4,4885.4,1208,
2024-08-07 09:19:00+05:30,4885.4,4888.85,4880,4886.05,2263,
2024-08-07 09:20:00+05:30,4887.95,4888.9,4876.75,4880.35,2367,
2024-08-07 09:21:00+05:30,4885.15,4893.5,4882.05,4893.5,950,
2024-08-07 09:22:00+05:30,4893.5,4894.3,4885.95,4885.95,1353,
2024-08-07 09:23:00+05:30,4884,4888.25,4882.6,4886.55,783,
2024-08-07 09:24:00+05:30,4888.3,4891,4883.85,4885,963,
2024-08-07 09:25:00+05:30,4885,4888,4884.55,4886.5,143,
2024-08-07 09:26:00+05:30,4886.55,4891.65,4883,4889.6,2173,
2024-08-07 09:27:00+05:30,4889.6,4893.05,4888.6,4892.4,638,
2024-08-07 09:28:00+05:30,4892.4,4898.9,4891.45,4897.75,1660,
2024-08-07 09:29:00+05:30,4897.6,4897.6,4887.3,4892.3,7018,
2024-08-07 09:30:00+05:30,4893,4894.95,4888.75,4888.75,1367,
2024-08-07 09:31:00+05:30,4888.75,4891.3,4880,4880,1085,
2024-08-07 09:32:00+05:30,4879.4,4880,4875.2,4877.55,632,
2024-08-07 09:33:00+05:30,4877.5,4881,4872.15,4878.55,990,
2024-08-07 09:34:00+05:30,4878.55,4881.6,4877.05,4879.2,1240,
2024-08-07 09:35:00+05:30,4879.2,4879.45,4866.5,4866.5,670,
2024-08-07 09:36:00+05:30,4866.5,4868.5,4865.6,4865.6,862,
2024-08-07 09:37:00+05:30,4865.6,4868,4864.15,4866.55,1396,
2024-08-07 09:38:00+05:30,4866.55,4870,4866.45,4868.8,777,
2024-08-07 09:39:00+05:30,4870,4872,4866,4868,715,
2024-08-07 09:40:00+05:30,4868,4870,4866.5,4866.5,225,
2024-08-07 09:41:00+05:30,4866.5,4868.2,4864.5,4868.2,195,
2024-08-07 09:42:00+05:30,4868.2,4872,4868.2,4870,444,
2024-08-07 09:43:00+05:30,4870,4871.95,4869.7,4870.5,265,
2024-08-07 09:44:00+05:30,4870.5,4870.6,4866.05,4866.7,768,
2024-08-07 09:45:00+05:30,4866.75,4875,4866.75,4872.55,297,
2024-08-07 09:46:00+05:30,4872.55,4879.95,4872.55,4877.95,512,
2024-08-07 09:47:00+05:30,4877,4884.45,4877,4880.35,1226,
2024-08-07 09:48:00+05:30,4882.95,4882.95,4878.95,4881.2,493,
2024-08-07 09:49:00+05:30,4881.2,4883.85,4875,4875,1594,
2024-08-07 09:50:00+05:30,4879,4881.3,4877.7,4881.25,441,
2024-08-07 09:51:00+05:30,4881.25,4884.75,4879.6,4884.75,411,
2024-08-07 09:52:00+05:30,4884.75,4884.75,4876.5,4877.55,857,
2024-08-07 09:53:00+05:30,4877.15,4879.2,4876,4876,174,
2024-08-07 09:54:00+05:30,4876,4876.1,4869.45,4871.7,413,
2024-08-07 09:55:00+05:30,4871.7,4872.55,4871,4872.55,239,
2024-08-07 09:56:00+05:30,4871.2,4876.25,4871.2,4876.25,162,
2024-08-07 09:57:00+05:30,4876.25,4878.75,4876.25,4878.75,226,
2024-08-07 09:58:00+05:30,4878.75,4879.9,4877.15,4877.2,589,
2024-08-07 09:59:00+05:30,4877.2,4880,4877.2,4880,915,
2024-08-07 10:00:00+05:30,4880,4880,4876.15,4876.15,783,
2024-08-07 10:01:00+05:30,4876.15,4876.15,4873.25,4873.55,148,
2024-08-07 10:02:00+05:30,4874,4875,4873,4874.3,345,
2024-08-07 10:03:00+05:30,4873.6,4874.55,4871.75,4872.45,466,
2024-08-07 10:04:00+05:30,4872.45,4875,4872.45,4873.9,518,
2024-08-07 10:05:00+05:30,4873.9,4874,4867,4867,694,
2024-08-07 10:06:00+05:30,4868.8,4869.9,4867,4869.9,326,
2024-08-07 10:07:00+05:30,4869.9,4870,4868.05,4870,387,
2024-08-07 10:08:00+05:30,4868.1,4870,4867.55,4869.9,241,
2024-08-07 10:09:00+05:30,4869.9,4874.25,4867.75,4872.15,1148,
2024-08-07 10:10:00+05:30,4874.65,4880,4872.4,4879.95,218,
2024-08-07 10:11:00+05:30,4879.95,4881.5,4879.95,4881.5,566,
2024-08-07 10:12:00+05:30,4881.5,4881.5,4878.4,4879.8,475,
2024-08-07 10:13:00+05:30,4879.8,4880,4877.8,4880,217,
2024-08-07 10:14:00+05:30,4880,4883.55,4879.75,4879.75,1164,
2024-08-07 10:15:00+05:30,4879.75,4881.95,4875.05,4879.95,964,
2024-08-07 10:16:00+05:30,4879.95,4880,4877.8,4879,569,
2024-08-07 10:17:00+05:30,4880,4880,4879.05,4879.8,150,
2024-08-07 10:18:00+05:30,4880,4882,4879.85,4880.6,1098,
2024-08-07 10:19:00+05:30,4880.6,4885,4880.6,4885,1074,
2024-08-07 10:20:00+05:30,4885,4885,4883.45,4885,589,
2024-08-07 10:21:00+05:30,4885,4885.45,4883.55,4885.35,312,
2024-08-07 10:22:00+05:30,4883.7,4884.95,4878.85,4880,565,
2024-08-07 10:23:00+05:30,4880,4882.8,4880,4882.4,232,
2024-08-07 10:24:00+05:30,4882.4,4885,4880.5,4883.95,323,
2024-08-07 10:25:00+05:30,4885,4887.95,4883.95,4887.95,1935,
2024-08-07 10:26:00+05:30,4887.95,4892.85,4886.2,4892.3,1136,
2024-08-07 10:27:00+05:30,4892,4892,4886.95,4889.4,760,
2024-08-07 10:28:00+05:30,4889.4,4891.85,4887.15,4890.3,313,
2024-08-07 10:29:00+05:30,4890.35,4893.65,4890.35,4892,359,
2024-08-07 10:30:00+05:30,4892,4898,4887.8,4898,948,
2024-08-07 10:31:00+05:30,4898,4898.1,4891.4,4893.15,779,
2024-08-07 10:32:00+05:30,4893.15,4895,4891.55,4893.2,271,
2024-08-07 10:33:00+05:30,4894.95,4894.95,4885.55,4890.05,2101,
2024-08-07 10:34:00+05:30,4891,4895,4890.05,4895,569,
2024-08-07 10:35:00+05:30,4895,4895,4892.1,4892.7,482,
2024-08-07 10:36:00+05:30,4893.8,4895,4892.6,4892.7,804,
2024-08-07 10:37:00+05:30,4892.7,4898.05,4892.7,4898.05,541,
2024-08-07 10:38:00+05:30,4898.05,4898.05,4896,4896,351,
2024-08-07 10:39:00+05:30,4896,4897,4895.05,4896.45,852,
2024-08-07 10:40:00+05:30,4896.45,4897.9,4894.4,4895,411,
2024-08-07 10:41:00+05:30,4895,4895,4888,4890,543,
2024-08-07 10:42:00+05:30,4892.55,4893.8,4890,4893.8,410,
2024-08-07 10:43:00+05:30,4893.8,4894.2,4891.5,4892.55,368,
2024-08-07 10:44:00+05:30,4892.55,4893.2,4890,4891.05,578,
2024-08-07 10:45:00+05:30,4893.05,4894,4890,4892.25,299,
2024-08-07 10:46:00+05:30,4892.25,4893.1,4890.65,4892.15,896,
2024-08-07 10:47:00+05:30,4891.05,4892,4891.05,4891.25,274,
2024-08-07 10:48:00+05:30,4891.8,4892,4890.9,4891.1,1088,
2024-08-07 10:49:00+05:30,4891.1,4893.6,4891.1,4893,400,
2024-08-07 10:50:00+05:30,4893,4894,4892.7,4893.1,284,
2024-08-07 10:51:00+05:30,4893.1,4895,4893.1,4893.8,362,
2024-08-07 10:52:00+05:30,4893.8,4895,4893.8,4894.95,473,
2024-08-07 10:53:00+05:30,4894.95,4895,4894.1,4894.25,407,
2024-08-07 10:54:00+05:30,4891,4891,4886,4886.15,1518,
2024-08-07 10:55:00+05:30,4886.15,4900.1,4886.1,4900.1,104186,
2024-08-07 10:56:00+05:30,4900.1,4910,4899,4908.1,2176,
2024-08-07 10:57:00+05:30,4908.1,4913.85,4908.1,4911.05,1771,
2024-08-07 10:58:00+05:30,4910.7,4914.2,4907.3,4914.2,1114,
2024-08-07 10:59:00+05:30,4912.3,4922.2,4912.3,4919.8,1568,
2024-08-07 11:00:00+05:30,4919.8,4923.55,4919.8,4922,730,
2024-08-07 11:01:00+05:30,4921.9,4923.8,4920,4920,624,
2024-08-07 11:02:00+05:30,4922.45,4927.25,4916.9,4916.9,2353,
2024-08-07 11:03:00+05:30,4917.05,4921.5,4917,4917.95,1091,
2024-08-07 11:04:00+05:30,4917.95,4920,4917.95,4919,353,
2024-08-07 11:05:00+05:30,4919.45,4924.8,4919,4920.15,2240,
2024-08-07 11:06:00+05:30,4920.2,4924.6,4920.05,4922.1,164,
2024-08-07 11:07:00+05:30,4922.1,4927,4922.1,4927,616,
2024-08-07 11:08:00+05:30,4926,4935,4925,4927.1,2080,
2024-08-07 11:09:00+05:30,4925,4932,4925,4930,578,
2024-08-07 11:10:00+05:30,4929.9,4931.2,4925,4929.8,461,
2024-08-07 11:11:00+05:30,4929.45,4930.9,4926.05,4929.3,617,
2024-08-07 11:12:00+05:30,4929.3,4931,4927.2,4930,358,
2024-08-07 11:13:00+05:30,4930,4930,4925,4925.95,584,
2024-08-07 11:14:00+05:30,4925.2,4926.85,4919.55,4920.15,1653,
2024-08-07 11:15:00+05:30,4920.15,4925,4920.15,4922.95,410,
2024-08-07 11:16:00+05:30,4922.95,4925,4920.7,4920.7,146,
2024-08-07 11:17:00+05:30,4922.4,4925.55,4922.4,4923.8,476,
2024-08-07 11:18:00+05:30,4923.85,4929.95,4923.85,4925,1030,
2024-08-07 11:19:00+05:30,4923.9,4925,4918,4918.25,913,
2024-08-07 11:20:00+05:30,4918.2,4918.25,4915,4915,1763,
2024-08-07 11:21:00+05:30,4915,4918.5,4915,4918.4,1098,
2024-08-07 11:22:00+05:30,4918.35,4918.45,4911.85,4915,496,
2024-08-07 11:23:00+05:30,4915,4915,4909,4909.95,815,
2024-08-07 11:24:00+05:30,4909.9,4912,4909.85,4910.45,367,
2024-08-07 11:25:00+05:30,4910.4,4910.45,4909.55,4909.85,266,
2024-08-07 11:26:00+05:30,4909.5,4909.5,4905.35,4907.55,422,
2024-08-07 11:27:00+05:30,4906.55,4910.05,4906.45,4908.6,428,
2024-08-07 11:28:00+05:30,4908.6,4910.45,4908.45,4910.35,269,
2024-08-07 11:29:00+05:30,4909.65,4912,4908.35,4910.15,1403,
2024-08-07 11:30:00+05:30,4910.15,4914.65,4910.15,4912,787,
2024-08-07 11:31:00+05:30,4912,4917.15,4912,4917.15,511,
2024-08-07 11:32:00+05:30,4916.2,4917.95,4915.1,4915.3,880,
2024-08-07 11:33:00+05:30,4915.3,4918,4915.25,4915.9,465,
2024-08-07 11:34:00+05:30,4915.9,4918.25,4915.9,4917,259,
2024-08-07 11:35:00+05:30,4916.8,4918.5,4916.8,4918.5,278,
2024-08-07 11:36:00+05:30,4917.95,4918.85,4916.9,4917.4,360,
2024-08-07 11:37:00+05:30,4917.4,4918.2,4912.85,4913.05,504,
2024-08-07 11:38:00+05:30,4913.05,4915.3,4910,4913.05,2595,
2024-08-07 11:39:00+05:30,4913.05,4913.85,4910,4910.05,727,
2024-08-07 11:40:00+05:30,4910.05,4912.8,4908.1,4912.8,3577,
2024-08-07 11:41:00+05:30,4912.75,4915.8,4912.75,4915.8,496,
2024-08-07 11:42:00+05:30,4915,4916,4914,4914,601,
2024-08-07 11:43:00+05:30,4914.1,4917.45,4914.1,4914.85,620,
2024-08-07 11:44:00+05:30,4914.85,4917.95,4914.85,4916.6,256,
2024-08-07 11:45:00+05:30,4916.8,4928.5,4916.8,4926.65,2097,
2024-08-07 11:46:00+05:30,4926.65,4928.95,4920.65,4920.7,825,
2024-08-07 11:47:00+05:30,4920.55,4922.75,4917.4,4920.55,849,
2024-08-07 11:48:00+05:30,4922.95,4923.3,4915,4915,989,
2024-08-07 11:49:00+05:30,4915,4915.6,4913.6,4915.15,305,
2024-08-07 11:50:00+05:30,4913.9,4917.95,4913.05,4917.15,498,
2024-08-07 11:51:00+05:30,4917.2,4918,4916,4916,278,
2024-08-07 11:52:00+05:30,4917.4,4917.4,4914.45,4916.7,563,
2024-08-07 11:53:00+05:30,4915.15,4915.65,4912.55,4912.65,366,
2024-08-07 11:54:00+05:30,4912.65,4915,4911.75,4913.15,456,
2024-08-07 11:55:00+05:30,4913.15,4916.9,4913.15,4916.9,196,
2024-08-07 11:56:00+05:30,4915.7,4919,4915.7,4918.75,294,
2024-08-07 11:57:00+05:30,4918.7,4918.7,4915.65,4915.95,475,
2024-08-07 11:58:00+05:30,4915.8,4916.15,4914.4,4915,364,
2024-08-07 11:59:00+05:30,4914.5,4916.15,4912.3,4916.15,598,
2024-08-07 12:00:00+05:30,4915.15,4919.5,4915.15,4918.6,247,
2024-08-07 12:01:00+05:30,4918.6,4920,4918.6,4918.9,610,
2024-08-07 12:02:00+05:30,4918.5,4919.95,4916.9,4918.75,529,
2024-08-07 12:03:00+05:30,4916.7,4916.7,4913.85,4915,340,
2024-08-07 12:04:00+05:30,4915,4916.45,4914,4914.2,267,
2024-08-07 12:05:00+05:30,4914.05,4916.65,4913.05,4913.15,495,
2024-08-07 12:06:00+05:30,4913.15,4915.95,4913.15,4915.1,344,
2024-08-07 12:07:00+05:30,4915.1,4917,4915,4915.6,561,
2024-08-07 12:08:00+05:30,4915.6,4916.85,4914.8,4915.2,283,
2024-08-07 12:09:00+05:30,4915.2,4915.25,4913.3,4914.9,252,
2024-08-07 12:10:00+05:30,4913.95,4916.8,4913.95,4915.25,413,
2024-08-07 12:11:00+05:30,4915.25,4915.3,4914.8,4915,408,
2024-08-07 12:12:00+05:30,4914.8,4915,4914.5,4915,358,
2024-08-07 12:13:00+05:30,4915,4915,4914.05,4914.05,424,
2024-08-07 12:14:00+05:30,4914.05,4915,4909.1,4911,423,
2024-08-07 12:15:00+05:30,4910.15,4912,4909,4912,543,
2024-08-07 12:16:00+05:30,4911.2,4915,4911.2,4915,321,
2024-08-07 12:17:00+05:30,4915,4917,4914.75,4915.05,589,
2024-08-07 12:18:00+05:30,4915,4916.8,4914.9,4915.35,412,
2024-08-07 12:19:00+05:30,4915.35,4916.05,4913.45,4915,393,
2024-08-07 12:20:00+05:30,4915,4915.05,4913.65,4915.05,252,
2024-08-07 12:21:00+05:30,4915.25,4924.55,4914.95,4914.95,2963,
2024-08-07 12:22:00+05:30,4914.95,4915,4911.8,4915,352,
2024-08-07 12:23:00+05:30,4913.85,4915,4908.85,4911.6,2172,
2024-08-07 12:24:00+05:30,4909.45,4909.55,4909.35,4909.45,288,
2024-08-07 12:25:00+05:30,4909.45,4909.45,4901.2,4901.2,280,
2024-08-07 12:26:00+05:30,4901.2,4902.65,4901.2,4901.65,388,
2024-08-07 12:27:00+05:30,4901.65,4905,4901.2,4904.95,527,
2024-08-07 12:28:00+05:30,4904.95,4905,4900,4900,606,
2024-08-07 12:29:00+05:30,4901,4902,4899.45,4900.95,759,
2024-08-07 12:30:00+05:30,4900.9,4901,4897,4898.3,1133,
2024-08-07 12:31:00+05:30,4900,4901,4898.3,4900.45,276,
2024-08-07 12:32:00+05:30,4900.6,4900.95,4900,4900.05,1124,
2024-08-07 12:33:00+05:30,4900.05,4900.5,4899,4899,896,
2024-08-07 12:34:00+05:30,4899.35,4901,4898.65,4900.4,1964,
2024-08-07 12:35:00+05:30,4900.4,4900.95,4900.35,4900.6,336,
2024-08-07 12:36:00+05:30,4900.4,4901,4900.4,4900.8,585,
2024-08-07 12:37:00+05:30,4900.8,4903,4900.8,4903,1965,
2024-08-07 12:38:00+05:30,4902.25,4903,4900.05,4900.6,548,
2024-08-07 12:39:00+05:30,4900.6,4900.95,4900.6,4900.65,255,
2024-08-07 12:40:00+05:30,4900.65,4900.9,4898.1,4898.1,445,
2024-08-07 12:41:00+05:30,4898.1,4900.95,4898.1,4900.5,527,
2024-08-07 12:42:00+05:30,4900.7,4901,4900.55,4900.95,744,
2024-08-07 12:43:00+05:30,4900.9,4900.95,4899.05,4900,1138,
2024-08-07 12:44:00+05:30,4900.05,4900.95,4900,4900.75,222,
2024-08-07 12:45:00+05:30,4900.75,4901.75,4900.75,4901.2,433,
2024-08-07 12:46:00+05:30,4901.2,4901.9,4901.2,4901.8,413,
2024-08-07 12:47:00+05:30,4901.8,4901.95,4901.8,4901.85,486,
2024-08-07 12:48:00+05:30,4901.85,4917.6,4901.8,4916.85,8053,
2024-08-07 12:49:00+05:30,4916.85,4917.6,4915,4915.1,1780,
2024-08-07 12:50:00+05:30,4915.15,4919,4915.15,4917.8,489,
2024-08-07 12:51:00+05:30,4919,4924.25,4917.85,4920.5,2008,
2024-08-07 12:52:00+05:30,4920.5,4924.7,4920,4923,842,
2024-08-07 12:53:00+05:30,4923,4924.8,4920.6,4920.6,746,
2024-08-07 12:54:00+05:30,4922.4,4924.2,4920.75,4923.5,399,
2024-08-07 12:55:00+05:30,4924.1,4924.6,4922.65,4923.6,646,
2024-08-07 12:56:00+05:30,4923.6,4924.6,4923.6,4923.8,651,
2024-08-07 12:57:00+05:30,4923.8,4929.6,4923.8,4926.65,2395,
2024-08-07 12:58:00+05:30,4926.65,4929,4926.65,4927.9,977,
2024-08-07 12:59:00+05:30,4927.9,4928,4926.85,4927,418,
2024-08-07 13:00:00+05:30,4927.05,4934.45,4927.05,4931.05,2233,
2024-08-07 13:01:00+05:30,4931.1,4934,4928.75,4933.45,3407,
2024-08-07 13:02:00+05:30,4933.45,4938,4931.45,4938,2764,
2024-08-07 13:03:00+05:30,4938,4942,4935,4935,4744,
2024-08-07 13:04:00+05:30,4935,4937.1,4930.05,4931.1,4983,
2024-08-07 13:05:00+05:30,4931.1,4935,4931.05,4933.8,506,
2024-08-07 13:06:00+05:30,4933.8,4934.55,4921.7,4921.75,4588,
2024-08-07 13:07:00+05:30,4921.75,4924,4909,4912.5,17378,
2024-08-07 13:08:00+05:30,4912.5,4919.75,4912.3,4918.55,733,
2024-08-07 13:09:00+05:30,4918.55,4922.5,4918.55,4922.05,463,
2024-08-07 13:10:00+05:30,4922.05,4925.25,4922.05,4925.25,624,
2024-08-07 13:11:00+05:30,4925.25,4926.1,4924.75,4925.15,585,
2024-08-07 13:12:00+05:30,4925.15,4926.7,4924,4924.15,681,
2024-08-07 13:13:00+05:30,4925.2,4925.95,4919.4,4919.9,879,
2024-08-07 13:14:00+05:30,4919.9,4922,4919.9,4922,574,
2024-08-07 13:15:00+05:30,4921.95,4924.2,4921.95,4923.85,683,
2024-08-07 13:16:00+05:30,4923.85,4925.4,4923.1,4925,674,
2024-08-07 13:17:00+05:30,4924.15,4925.95,4924.15,4925.45,576,
2024-08-07 13:18:00+05:30,4925.5,4925.85,4922.9,4924.4,711,
2024-08-07 13:19:00+05:30,4923.15,4926.75,4923.15,4925.9,721,
2024-08-07 13:20:00+05:30,4926,4926.4,4925.15,4925.85,742,
2024-08-07 13:21:00+05:30,4925.85,4925.9,4925.15,4925.5,521,
2024-08-07 13:22:00+05:30,4925.55,4925.75,4920,4924.55,1198,
2024-08-07 13:23:00+05:30,4924.55,4925.95,4923.05,4925,915,
2024-08-07 13:24:00+05:30,4925.1,4928.5,4925.1,4928.2,324,
2024-08-07 13:25:00+05:30,4928.95,4929.75,4926.25,4928.95,932,
2024-08-07 13:26:00+05:30,4929,4929.85,4928.9,4929.55,598,
2024-08-07 13:27:00+05:30,4930,4930,4925.55,4927.4,1071,
2024-08-07 13:28:00+05:30,4927.45,4928.7,4927.35,4927.85,672,
2024-08-07 13:29:00+05:30,4927.8,4927.9,4919,4924.8,1442,
2024-08-07 13:30:00+05:30,4923.15,4927.9,4923.15,4927.25,495,
2024-08-07 13:31:00+05:30,4927.25,4927.85,4923.95,4925.95,621,
2024-08-07 13:32:00+05:30,4925.55,4926.7,4922.9,4925,807,
2024-08-07 13:33:00+05:30,4925,4925.8,4924.75,4925.8,808,
2024-08-07 13:34:00+05:30,4924.95,4927.2,4924.95,4926.3,817,
2024-08-07 13:35:00+05:30,4926.05,4926.95,4926,4926.5,525,
2024-08-07 13:36:00+05:30,4926.8,4928.95,4926.8,4928,538,
2024-08-07 13:37:00+05:30,4928,4929,4928,4928.8,642,
2024-08-07 13:38:00+05:30,4928.85,4934.1,4928.85,4934.1,728,
2024-08-07 13:39:00+05:30,4933,4935.3,4932.45,4934,1199,
2024-08-07 13:40:00+05:30,4934,4937.95,4931.55,4933.65,916,
2024-08-07 13:41:00+05:30,4935,4937.4,4935,4935.9,580,
2024-08-07 13:42:00+05:30,4935.95,4937.5,4935.05,4937.3,1015,
2024-08-07 13:43:00+05:30,4937.3,4938,4931.1,4937,1468,
2024-08-07 13:44:00+05:30,4938,4939,4936,4939,1255,
2024-08-07 13:45:00+05:30,4939,4940.9,4933.3,4935.35,1731,
2024-08-07 13:46:00+05:30,4935.35,4942,4933.4,4940.9,4357,
2024-08-07 13:47:00+05:30,4940.9,4941.45,4938.4,4941.45,1012,
2024-08-07 13:48:00+05:30,4941.05,4942,4936.05,4938.5,1331,
2024-08-07 13:49:00+05:30,4938.5,4941.85,4933.3,4938,18409,
2024-08-07 13:50:00+05:30,4936.4,4939.4,4934.1,4934.15,6409,
2024-08-07 13:51:00+05:30,4934.15,4934.85,4912.8,4924.7,51388,
2024-08-07 13:52:00+05:30,4924.7,4935.3,4924.7,4935,2786,
2024-08-07 13:53:00+05:30,4935.1,4941.55,4935.1,4941,4339,
2024-08-07 13:54:00+05:30,4940.7,4941,4927.5,4934.5,11928,
2024-08-07 13:55:00+05:30,4932.2,4937.75,4932.2,4933.7,705,
2024-08-07 13:56:00+05:30,4933.7,4935.45,4927,4930.1,1012,
2024-08-07 13:57:00+05:30,4930.1,4932.45,4930.1,4930.5,860,
2024-08-07 13:58:00+05:30,4930.5,4930.95,4928,4929.6,591,
2024-08-07 13:59:00+05:30,4929.6,4931.2,4926,4927.2,668,
2024-08-07 14:00:00+05:30,4927.2,4932,4927.2,4931.25,539,
2024-08-07 14:01:00+05:30,4931.25,4934.9,4931.25,4931.65,914,
2024-08-07 14:02:00+05:30,4930,4930.9,4927.3,4928.4,527,
2024-08-07 14:03:00+05:30,4928.4,4933.15,4928.15,4931.65,363,
2024-08-07 14:04:00+05:30,4931.8,4934.55,4929.9,4930.25,1843,
2024-08-07 14:05:00+05:30,4930.45,4932.05,4928.05,4931,1000,
2024-08-07 14:06:00+05:30,4931,4932.95,4931,4932.3,248,
2024-08-07 14:07:00+05:30,4933.85,4934.45,4932.3,4934,743,
2024-08-07 14:08:00+05:30,4934,4936.1,4933.9,4935.4,429,
2024-08-07 14:09:00+05:30,4935.4,4935.9,4934.25,4935.1,685,
2024-08-07 14:10:00+05:30,4935.15,4936.4,4933,4935.3,1148,
2024-08-07 14:11:00+05:30,4935.3,4935.3,4933.15,4935,931,
2024-08-07 14:12:00+05:30,4934.45,4937.5,4934.45,4936.25,932,
2024-08-07 14:13:00+05:30,4934.5,4936.85,4934,4936.3,685,
2024-08-07 14:14:00+05:30,4936.3,4940,4936.05,4938.15,3578,
2024-08-07 14:15:00+05:30,4938.1,4941.55,4938.1,4941.05,686,
2024-08-07 14:16:00+05:30,4941.15,4941.15,4935.3,4936.5,639,
2024-08-07 14:17:00+05:30,4936.5,4936.5,4935.05,4935.9,157,
2024-08-07 14:18:00+05:30,4935.55,4936.85,4932.1,4934.15,500,
2024-08-07 14:19:00+05:30,4934.15,4934.15,4928.1,4932.1,827,
2024-08-07 14:20:00+05:30,4932.1,4935.9,4930.35,4935.15,1238,
2024-08-07 14:21:00+05:30,4935.2,4935.2,4931.35,4932.7,2032,
2024-08-07 14:22:00+05:30,4932.7,4934.55,4932.65,4933.8,385,
2024-08-07 14:23:00+05:30,4933.8,4934,4932.6,4933.95,310,
2024-08-07 14:24:00+05:30,4933.95,4934.8,4933,4933.2,272,
2024-08-07 14:25:00+05:30,4933.8,4935,4933.25,4933.8,475,
2024-08-07 14:26:00+05:30,4934.85,4935,4934.05,4934.35,318,
2024-08-07 14:27:00+05:30,4934.35,4936,4934.3,4936,537,
2024-08-07 14:28:00+05:30,4936.4,4937,4933.8,4937,1577,
2024-08-07 14:29:00+05:30,4936.25,4939,4936.25,4939,296,
2024-08-07 14:30:00+05:30,4939,4940.9,4938.75,4938.95,682,
2024-08-07 14:31:00+05:30,4938.95,4939.15,4937.2,4938.1,434,
2024-08-07 14:32:00+05:30,4938.1,4939.5,4938.1,4939.45,276,
2024-08-07 14:33:00+05:30,4940,4940.3,4936.25,4936.6,928,
2024-08-07 14:34:00+05:30,4936.65,4940.4,4936.65,4940,1654,
2024-08-07 14:35:00+05:30,4940,4940.4,4935.05,4938.15,728,
2024-08-07 14:36:00+05:30,4938.15,4940.2,4938.1,4938.7,227,
2024-08-07 14:37:00+05:30,4939.5,4939.95,4938.7,4938.7,347,
2024-08-07 14:38:00+05:30,4938.7,4938.7,4937.8,4938.2,282,
2024-08-07 14:39:00+05:30,4938.2,4938.2,4935.15,4936.9,439,
2024-08-07 14:40:00+05:30,4937.5,4938.7,4937,4937.15,233,
2024-08-07 14:41:00+05:30,4937.15,4939.7,4937.15,4937.85,392,
2024-08-07 14:42:00+05:30,4939,4939,4937.65,4938.05,423,
2024-08-07 14:43:00+05:30,4938.05,4944.95,4937.8,4944.95,1511,
2024-08-07 14:44:00+05:30,4944.95,4944.95,4933,4935.1,8067,
2024-08-07 14:45:00+05:30,4934.75,4935.9,4933.65,4935.9,381,
2024-08-07 14:46:00+05:30,4935.9,4935.9,4928.05,4931.5,1275,
2024-08-07 14:47:00+05:30,4931.5,4933.25,4931,4932.65,409,
2024-08-07 14:48:00+05:30,4932.65,4933.25,4928.6,4930.55,629,
2024-08-07 14:49:00+05:30,4930.55,4930.55,4929.1,4930.1,317,
2024-08-07 14:50:00+05:30,4930.1,4931.6,4928,4929.1,327,
2024-08-07 14:51:00+05:30,4929.1,4929.1,4925,4927.05,554,
2024-08-07 14:52:00+05:30,4925.4,4928.65,4925.05,4927.35,604,
2024-08-07 14:53:00+05:30,4926.9,4927.6,4925.6,4927.3,289,
2024-08-07 14:54:00+05:30,4927.6,4927.6,4925.1,4925.1,791,
2024-08-07 14:55:00+05:30,4926,4926.8,4923,4924,460,
2024-08-07 14:56:00+05:30,4924,4926.25,4922.3,4924.15,786,
2024-08-07 14:57:00+05:30,4924.2,4930.45,4924.2,4927.85,747,
2024-08-07 14:58:00+05:30,4929.25,4931.85,4926.45,4931,3226,
2024-08-07 14:59:00+05:30,4930.3,4932.75,4930.25,4932.75,699,
2024-08-07 15:00:00+05:30,4932.75,4934,4932.1,4933.45,968,
2024-08-07 15:01:00+05:30,4933.45,4933.45,4926.85,4931.6,3287,
2024-08-07 15:02:00+05:30,4931.6,4935.7,4930.9,4935.7,1519,
2024-08-07 15:03:00+05:30,4935.7,4938.3,4935.65,4938.3,935,
2024-08-07 15:04:00+05:30,4938.75,4938.95,4934.95,4936.5,4120,
2024-08-07 15:05:00+05:30,4936.5,4937.65,4936.1,4937.65,1472,
2024-08-07 15:06:00+05:30,4937.65,4938.1,4937.4,4937.9,1773,
2024-08-07 15:07:00+05:30,4937.9,4938.05,4935.25,4937.65,1118,
2024-08-07 15:08:00+05:30,4937.65,4943.95,4937.5,4943.1,2429,
2024-08-07 15:09:00+05:30,4943,4944.4,4940.65,4944.3,1497,
2024-08-07 15:10:00+05:30,4944.4,4949.9,4944.4,4948,7394,
2024-08-07 15:11:00+05:30,4948,4949.2,4944.6,4946.95,3697,
2024-08-07 15:12:00+05:30,4946.95,4950,4946.45,4950,2057,
2024-08-07 15:13:00+05:30,4950,4951.45,4947.25,4950,3800,
2024-08-07 15:14:00+05:30,4950,4952.45,4949.4,4951.95,1626,
2024-08-07 15:15:00+05:30,4951.95,4951.95,4948.2,4950.7,1379,
2024-08-07 15:16:00+05:30,4949,4952.7,4946.9,4952.7,1197,
2024-08-07 15:17:00+05:30,4952.7,4955,4948.65,4950,6533,
2024-08-07 15:18:00+05:30,4950,4953.8,4946.4,4953.4,2894,
2024-08-07 15:19:00+05:30,4952.9,4956.35,4952.25,4953.9,1954,
2024-08-07 15:20:00+05:30,4953.9,4957.1,4950.55,4954.1,2598,
2024-08-07 15:21:00+05:30,4954,4955.95,4951.25,4952.1,2548,
2024-08-07 15:22:00+05:30,4952.2,4954.35,4949.45,4953,1947,
2024-08-07 15:23:00+05:30,4953,4955,4950.55,4952.15,1802,
2024-08-07 15:24:00+05:30,4951.55,4953.5,4949.2,4951,1790,
2024-08-07 15:25:00+05:30,4950.2,4951,4945,4950,1504,
2024-08-07 15:26:00+05:30,4950.45,4952.8,4949,4952.8,2300,
2024-08-07 15:27:00+05:30,4952.6,4953.65,4950.2,4952.5,2372,
2024-08-07 15:28:00+05:30,4952.5,4955,4950.15,4955,952,
2024-08-07 15:29:00+05:30,4950.45,4955,4939.4,4939.4,1729,
2024-08-08 09:15:00+05:30,4920.1,4943.8,4920,4933,1880,
2024-08-08 09:16:00+05:30,4930.7,4941.7,4929.45,4940,863,
2024-08-08 09:17:00+05:30,4940,4948,4935.65,4945.45,1026,
2024-08-08 09:18:00+05:30,4946,4954.25,4945.95,4953,1848,
2024-08-08 09:19:00+05:30,4953.05,4957.65,4939.45,4939.45,1386,
2024-08-08 09:20:00+05:30,4939.65,4942.45,4936.75,4941.55,772,
2024-08-08 09:21:00+05:30,4941.55,4943.25,4937.35,4939.8,643,
2024-08-08 09:22:00+05:30,4939.8,4940,4935,4935,167,
2024-08-08 09:23:00+05:30,4935,4940.35,4931.6,4940.35,517,
2024-08-08 09:24:00+05:30,4940.35,4942,4935.05,4942,589,
2024-08-08 09:25:00+05:30,4942,4949.75,4942,4946.5,865,
2024-08-08 09:26:00+05:30,4946.5,4953.8,4943.85,4953.8,745,
2024-08-08 09:27:00+05:30,4951.05,4954.95,4949.25,4950,479,
2024-08-08 09:28:00+05:30,4950,4951,4949.25,4950.7,278,
2024-08-08 09:29:00+05:30,4949.95,4950.7,4947.05,4947.3,499,
2024-08-08 09:30:00+05:30,4947.3,4950,4940.05,4943,1625,
2024-08-08 09:31:00+05:30,4943,4956,4942.55,4956,1527,
2024-08-08 09:32:00+05:30,4956,4957,4951.35,4955.25,1021,
2024-08-08 09:33:00+05:30,4957.6,4968.25,4956.5,4964.25,1199,
2024-08-08 09:34:00+05:30,4964.25,4970,4961.8,4964.85,1982,
2024-08-08 09:35:00+05:30,4964.85,4974.9,4964.85,4967.95,4185,
2024-08-08 09:36:00+05:30,4967.95,4974,4965.25,4971.35,3776,
2024-08-08 09:37:00+05:30,4971.35,4985.3,4971.35,4983,5312,
2024-08-08 09:38:00+05:30,4982.75,4989,4982.5,4983.25,10086,
2024-08-08 09:39:00+05:30,4983.35,4997.75,4983.35,4995,6529,
2024-08-08 09:40:00+05:30,4995,5000,4992.2,5000,6515,
2024-08-08 09:41:00+05:30,5000,5006.5,4995,4997,6044,
2024-08-08 09:42:00+05:30,4996.2,4996.2,4982,4987.4,7579,
2024-08-08 09:43:00+05:30,4988.2,4993.1,4986.1,4990.3,4314,
2024-08-08 09:44:00+05:30,4990.4,4993.55,4989.7,4992,4375,
2024-08-08 09:45:00+05:30,4991,4995,4990.25,4993.1,3056,
2024-08-08 09:46:00+05:30,4991.1,4993.05,4983,4983,4443,
2024-08-08 09:47:00+05:30,4982.65,4994,4978.6,4992.75,6131,
2024-08-08 09:48:00+05:30,4991.75,5019,4988.75,5015.9,17959,
2024-08-08 09:49:00+05:30,5015.8,5023,5011.55,5021.95,16506,
2024-08-08 09:50:00+05:30,5024,5024.85,5006.4,5009.9,18476,
2024-08-08 09:51:00+05:30,5010.35,5011.95,5001.1,5009,7415,
2024-08-08 09:52:00+05:30,5009,5015,5007.9,5010,5557,
2024-08-08 09:53:00+05:30,5010.85,5013.25,5002,5004,5485,
2024-08-08 09:54:00+05:30,5004.3,5006.75,5001.5,5001.5,3791,
2024-08-08 09:55:00+05:30,5001.9,5001.9,4995.95,4995.95,5872,
2024-08-08 09:56:00+05:30,4995.95,5000,4994.55,4995.8,4815,
2024-08-08 09:57:00+05:30,4995.8,4998,4984.9,4989.15,4706,
2024-08-08 09:58:00+05:30,4989.15,4991,4986.05,4988.3,2485,
2024-08-08 09:59:00+05:30,4988.3,4989,4972,4978.4,6560,
2024-08-08 10:00:00+05:30,4977.1,4980.9,4974.05,4976.4,5048,
2024-08-08 10:01:00+05:30,4976.4,4979.8,4972.55,4973,1574,
2024-08-08 10:02:00+05:30,4972.55,4974.95,4970.1,4974,3159,
2024-08-08 10:03:00+05:30,4973,4982.65,4973,4982,2514,
2024-08-08 10:04:00+05:30,4982,4985,4976.4,4983.3,2894,
2024-08-08 10:05:00+05:30,4983.95,4984.6,4978.4,4980.65,2862,
2024-08-08 10:06:00+05:30,4980.65,4984.2,4973.6,4973.6,3033,
2024-08-08 10:07:00+05:30,4973.55,4973.55,4961,4964.05,7718,
2024-08-08 10:08:00+05:30,4960.3,4965,4955,4963,4757,
2024-08-08 10:09:00+05:30,4963,4971.45,4961.3,4967,1457,
2024-08-08 10:10:00+05:30,4967,4975,4965.6,4975,2829,
2024-08-08 10:11:00+05:30,4975,4981.05,4973.95,4978.05,1176,
2024-08-08 10:12:00+05:30,4978.05,4979.8,4975.1,4977.5,1013,
2024-08-08 10:13:00+05:30,4977.5,4978.5,4972,4978.5,918,
2024-08-08 10:14:00+05:30,4978.5,4984,4977.8,4983.65,1569,
2024-08-08 10:15:00+05:30,4983.65,4984,4977,4977,2074,
2024-08-08 10:16:00+05:30,4976,4978.4,4974,4978.4,903,
2024-08-08 10:17:00+05:30,4976.15,4982.4,4976.05,4978,1141,
2024-08-08 10:18:00+05:30,4978.8,4978.8,4974,4977.55,1137,
2024-08-08 10:19:00+05:30,4977.55,4980,4977.55,4980,502,
2024-08-08 10:20:00+05:30,4980,4986.45,4978,4984.4,2451,
2024-08-08 10:21:00+05:30,4984,4986.5,4976.9,4979.9,2093,
2024-08-08 10:22:00+05:30,4979.9,4980.9,4976.95,4980,333,
2024-08-08 10:23:00+05:30,4980,4981,4974,4975.65,1399,
2024-08-08 10:24:00+05:30,4975.65,4980.6,4975.65,4980.6,903,
2024-08-08 10:25:00+05:30,4979.55,4980.05,4978,4979.95,626,
2024-08-08 10:26:00+05:30,4979.95,4980.5,4978,4980.35,672,
2024-08-08 10:27:00+05:30,4980.35,4986.5,4978.05,4986.5,1643,
2024-08-08 10:28:00+05:30,4986.5,4994.25,4984,4986.5,1819,
2024-08-08 10:29:00+05:30,4985,4985,4975,4977,2087,
2024-08-08 10:30:00+05:30,4977,4977,4968.5,4970.8,4220,
2024-08-08 10:31:00+05:30,4968.5,4970.8,4964.1,4968,1248,
2024-08-08 10:32:00+05:30,4968,4973,4967.15,4969,1315,
2024-08-08 10:33:00+05:30,4969,4973,4965,4965,2024,
2024-08-08 10:34:00+05:30,4967,4968.6,4964,4965,1104,
2024-08-08 10:35:00+05:30,4965,4973,4964.7,4969.7,482,
2024-08-08 10:36:00+05:30,4969.7,4976.65,4969.15,4974.95,770,
2024-08-08 10:37:00+05:30,4974.95,4977.7,4971,4976.85,919,
2024-08-08 10:38:00+05:30,4976.85,4978,4975.55,4978,495,
2024-08-08 10:39:00+05:30,4977.4,4980.85,4973.8,4973.8,1644,
2024-08-08 10:40:00+05:30,4972.1,4977.9,4972.1,4974.25,1241,
2024-08-08 10:41:00+05:30,4974.25,4976.9,4970,4970.45,688,
2024-08-08 10:42:00+05:30,4970.45,4972.7,4968,4968,885,
2024-08-08 10:43:00+05:30,4968,4968,4960,4961.3,3107,
2024-08-08 10:44:00+05:30,4962,4965.1,4961.3,4962.6,661,
2024-08-08 10:45:00+05:30,4962.6,4963.15,4960,4960,2327,
2024-08-08 10:46:00+05:30,4960,4965.95,4960,4965.95,475,
2024-08-08 10:47:00+05:30,4965.95,4971.15,4964.5,4968.8,855,
2024-08-08 10:48:00+05:30,4968.8,4969.75,4962,4962,634,
2024-08-08 10:49:00+05:30,4962,4964.9,4960.25,4963,563,
2024-08-08 10:50:00+05:30,4963,4963,4960,4961.7,506,
2024-08-08 10:51:00+05:30,4961.7,4969.9,4961.35,4969.9,3359,
2024-08-08 10:52:00+05:30,4969.9,4969.9,4962.85,4966.65,1011,
2024-08-08 10:53:00+05:30,4966.65,4966.65,4962.65,4962.65,349,
2024-08-08 10:54:00+05:30,4962.65,4963.5,4960.55,4962.65,849,
2024-08-08 10:55:00+05:30,4962.65,4963,4960,4960.85,894,
2024-08-08 10:56:00+05:30,4960.85,4962,4952.2,4952.2,3602,
2024-08-08 10:57:00+05:30,4952.2,4954.5,4945.4,4950,4163,
2024-08-08 10:58:00+05:30,4950,4953.35,4947.2,4952.85,2066,
2024-08-08 10:59:00+05:30,4950.5,4952.2,4947.15,4950,2044,
2024-08-08 11:00:00+05:30,4950,4950,4948.1,4949.25,1025,
2024-08-08 11:01:00+05:30,4949.25,4950,4948,4948,863,
2024-08-08 11:02:00+05:30,4948,4953.85,4948,4953.8,1082,
2024-08-08 11:03:00+05:30,4953.8,4955.95,4950,4955.95,746,
2024-08-08 11:04:00+05:30,4955.95,4960,4955.95,4959.6,648,
2024-08-08 11:05:00+05:30,4959.6,4959.6,4955.05,4955.8,616,
2024-08-08 11:06:00+05:30,4958.5,4958.5,4955,4955,357,
2024-08-08 11:07:00+05:30,4955,4958.4,4955,4958.4,74,
2024-08-08 11:08:00+05:30,4958.4,4960,4958.4,4960,312,
2024-08-08 11:09:00+05:30,4960,4966,4959.65,4966,649,
2024-08-08 11:10:00+05:30,4966,4966,4956,4956,1813,
2024-08-08 11:11:00+05:30,4955,4955.8,4952.25,4953,2294,
2024-08-08 11:12:00+05:30,4953,4955,4950.05,4955,864,
2024-08-08 11:13:00+05:30,4955,4955,4941,4942.85,2818,
2024-08-08 11:14:00+05:30,4942.85,4943.1,4940.15,4942.65,1195,
2024-08-08 11:15:00+05:30,4942.65,4945,4940.95,4940.95,1560,
2024-08-08 11:16:00+05:30,4940.95,4948,4940.95,4946.85,791,
2024-08-08 11:17:00+05:30,4946.85,4952,4943.25,4952,1886,
2024-08-08 11:18:00+05:30,4952,4955,4951,4951.5,584,
2024-08-08 11:19:00+05:30,4951.35,4952.65,4949.75,4952.5,628,
2024-08-08 11:20:00+05:30,4952.5,4953,4945.05,4946.95,1158,
2024-08-08 11:21:00+05:30,4946.95,4948.55,4940.25,4941.2,1997,
2024-08-08 11:22:00+05:30,4941.2,4945.45,4937.95,4943.8,4043,
2024-08-08 11:23:00+05:30,4941.25,4946,4941.25,4943.05,395,
2024-08-08 11:24:00+05:30,4943.05,4945,4941.45,4945,377,
2024-08-08 11:25:00+05:30,4945,4945,4944,4945,387,
2024-08-08 11:26:00+05:30,4945,4945,4942,4942.15,880,
2024-08-08 11:27:00+05:30,4942.15,4942.85,4938,4938,989,
2024-08-08 11:28:00+05:30,4938,4942.1,4936,4937.05,1259,
2024-08-08 11:29:00+05:30,4937.05,4938.4,4935.05,4937,526,
2024-08-08 11:30:00+05:30,4936,4937.8,4935.05,4936.25,661,
2024-08-08 11:31:00+05:30,4936.25,4936.5,4930,4930,1952,
2024-08-08 11:32:00+05:30,4930,4937.9,4930,4936.95,1014,
2024-08-08 11:33:00+05:30,4936.95,4944.75,4936.95,4944.75,3413,
2024-08-08 11:34:00+05:30,4944.75,4944.9,4938.05,4939.05,1682,
2024-08-08 11:35:00+05:30,4939.05,4949,4938.4,4949,1515,
2024-08-08 11:36:00+05:30,4949,4949,4943,4944,663,
2024-08-08 11:37:00+05:30,4944,4948.4,4943.75,4948.4,1438,
2024-08-08 11:38:00+05:30,4947,4947.25,4936.4,4936.55,2045,
2024-08-08 11:39:00+05:30,4937.75,4944.6,4937.75,4941.5,667,
2024-08-08 11:40:00+05:30,4941.5,4947,4941.5,4945.9,241,
2024-08-08 11:41:00+05:30,4947.45,4948.4,4938.25,4938.6,2306,
2024-08-08 11:42:00+05:30,4938.6,4939.5,4936.5,4939.5,794,
2024-08-08 11:43:00+05:30,4939.5,4943.7,4936,4938.45,639,
2024-08-08 11:44:00+05:30,4938.45,4941.7,4936.1,4940.25,341,
2024-08-08 11:45:00+05:30,4940.25,4941.1,4932.05,4933.6,1287,
2024-08-08 11:46:00+05:30,4933.6,4937.15,4926.75,4926.75,2938,
2024-08-08 11:47:00+05:30,4926,4929.95,4920.05,4927.55,4450,
2024-08-08 11:48:00+05:30,4927.55,4928.4,4920.05,4920.85,3652,
2024-08-08 11:49:00+05:30,4920.85,4930,4920.6,4930,948,
2024-08-08 11:50:00+05:30,4931,4933.3,4925.4,4929.3,1024,
2024-08-08 11:51:00+05:30,4929.3,4929.5,4926.4,4927.65,447,
2024-08-08 11:52:00+05:30,4927.65,4929.95,4921.05,4922,1114,
2024-08-08 11:53:00+05:30,4922,4928,4922,4928,526,
2024-08-08 11:54:00+05:30,4928,4928,4917.2,4928,1738,
2024-08-08 11:55:00+05:30,4928,4928,4923.5,4924.1,579,
2024-08-08 11:56:00+05:30,4924.1,4926.4,4923.9,4925,1518,
2024-08-08 11:57:00+05:30,4925,4927.65,4925,4925,473,
2024-08-08 11:58:00+05:30,4925,4925.1,4917.6,4918.65,1296,
2024-08-08 11:59:00+05:30,4918.65,4922.35,4915,4916.55,2297,
2024-08-08 12:00:00+05:30,4916.55,4919.9,4915,4919.85,746,
2024-08-08 12:01:00+05:30,4919.85,4920,4918,4919.25,350,
2024-08-08 12:02:00+05:30,4918.6,4923.05,4917,4923.05,1345,
2024-08-08 12:03:00+05:30,4923.05,4925,4917.35,4924.5,545,
2024-08-08 12:04:00+05:30,4923.35,4924.6,4920.5,4920.8,670,
2024-08-08 12:05:00+05:30,4920.8,4923.6,4917.5,4919.8,584,
2024-08-08 12:06:00+05:30,4919.8,4923.2,4919.75,4922.4,495,
2024-08-08 12:07:00+05:30,4922.4,4922.75,4917.9,4917.9,1261,
2024-08-08 12:08:00+05:30,4917.9,4923.75,4917.9,4923.75,724,
2024-08-08 12:09:00+05:30,4923.75,4923.75,4920.1,4920.3,777,
2024-08-08 12:10:00+05:30,4921.85,4929.9,4921.05,4924,2023,
2024-08-08 12:11:00+05:30,4924,4926.9,4922.1,4925.9,596,
2024-08-08 12:12:00+05:30,4925.9,4928.7,4925.9,4927.35,451,
2024-08-08 12:13:00+05:30,4927.35,4933.95,4926.4,4933.95,3180,
2024-08-08 12:14:00+05:30,4933.95,4938,4930.15,4938,2587,
2024-08-08 12:15:00+05:30,4938,4941,4929.4,4936.85,1399,
2024-08-08 12:16:00+05:30,4936.85,4937,4932.2,4932.25,1001,
2024-08-08 12:17:00+05:30,4933.1,4933.25,4926.55,4933,995,
2024-08-08 12:18:00+05:30,4933,4933,4931.2,4932.1,382,
2024-08-08 12:19:00+05:30,4932.1,4935,4931.25,4934.05,642,
2024-08-08 12:20:00+05:30,4934.05,4945.25,4933.9,4944.85,1671,
2024-08-08 12:21:00+05:30,4945,4945.4,4938.4,4940.15,1273,
2024-08-08 12:22:00+05:30,4940.05,4941.95,4938,4941.6,458,
2024-08-08 12:23:00+05:30,4940.55,4940.95,4936.45,4939.15,760,
2024-08-08 12:24:00+05:30,4938.1,4938.1,4935.5,4935.6,466,
2024-08-08 12:25:00+05:30,4935.6,4940.9,4935.6,4940.8,589,
2024-08-08 12:26:00+05:30,4939.65,4941.1,4935.2,4937.55,1873,
2024-08-08 12:27:00+05:30,4935.55,4937.5,4935.2,4935.55,273,
2024-08-08 12:28:00+05:30,4935.15,4936.8,4927.5,4927.95,2314,
2024-08-08 12:29:00+05:30,4927.95,4935.05,4927.95,4933.85,1840,
2024-08-08 12:30:00+05:30,4931.95,4934.2,4930.75,4934.2,661,
2024-08-08 12:31:00+05:30,4931.75,4937.95,4931.75,4935,607,
2024-08-08 12:32:00+05:30,4935,4938,4932.9,4932.95,747,
2024-08-08 12:33:00+05:30,4932.9,4933.55,4926.6,4926.6,1003,
2024-08-08 12:34:00+05:30,4926.65,4928.8,4926.3,4926.75,784,
2024-08-08 12:35:00+05:30,4926.75,4930,4926.7,4929.5,994,
2024-08-08 12:36:00+05:30,4929.5,4934.2,4929.45,4933,1243,
2024-08-08 12:37:00+05:30,4931.1,4934.35,4929,4934.35,1231,
2024-08-08 12:38:00+05:30,4932.6,4934,4930,4931.3,401,
2024-08-08 12:39:00+05:30,4930,4930,4929.6,4929.75,95,
2024-08-08 12:40:00+05:30,4929.75,4930,4925.3,4925.5,1022,
2024-08-08 12:41:00+05:30,4925.9,4930,4925.9,4930,268,
2024-08-08 12:42:00+05:30,4930,4930,4926.4,4929.3,773,
2024-08-08 12:43:00+05:30,4929.3,4930,4925.5,4930,447,
2024-08-08 12:44:00+05:30,4930,4930,4925.35,4929.95,1050,
2024-08-08 12:45:00+05:30,4929.95,4930,4925.45,4926.35,837,
2024-08-08 12:46:00+05:30,4926.45,4929.05,4922.75,4925.3,857,
2024-08-08 12:47:00+05:30,4925.3,4928.3,4920,4920,792,
2024-08-08 12:48:00+05:30,4920,4927.1,4920,4921.5,1438,
2024-08-08 12:49:00+05:30,4921.5,4925.05,4921.5,4923.9,336,
2024-08-08 12:50:00+05:30,4923.9,4924,4920.5,4922.6,293,
2024-08-08 12:51:00+05:30,4922.6,4925.2,4920,4924.85,822,
2024-08-08 12:52:00+05:30,4923.95,4924.55,4920.95,4923.55,708,
2024-08-08 12:53:00+05:30,4922.8,4923.3,4918.9,4922,1288,
2024-08-08 12:54:00+05:30,4922,4923,4918.45,4921.35,2413,
2024-08-08 12:55:00+05:30,4918.45,4923,4917,4917,1009,
2024-08-08 12:56:00+05:30,4917,4917,4903.55,4905.85,6029,
2024-08-08 12:57:00+05:30,4908.1,4909.45,4902,4909.45,4119,
2024-08-08 12:58:00+05:30,4908,4911.7,4905.1,4909.55,719,
2024-08-08 12:59:00+05:30,4909.55,4909.85,4902.75,4906.65,665,
2024-08-08 13:00:00+05:30,4906.65,4906.65,4898.4,4901.3,3540,
2024-08-08 13:01:00+05:30,4901.3,4901.35,4885.55,4886.6,1877,
2024-08-08 13:02:00+05:30,4886,4888.25,4881.75,4885.3,2523,
2024-08-08 13:03:00+05:30,4885,4887.5,4884,4884.45,2467,
2024-08-08 13:04:00+05:30,4884.45,4886.85,4872.05,4884.75,3971,
2024-08-08 13:05:00+05:30,4884.75,4888.95,4879,4885.15,2107,
2024-08-08 13:06:00+05:30,4884.75,4887.35,4875.2,4878.9,2880,
2024-08-08 13:07:00+05:30,4878.9,4881.55,4873,4873,1539,
2024-08-08 13:08:00+05:30,4873,4875.85,4870,4875.85,1900,
2024-08-08 13:09:00+05:30,4875.85,4878.05,4863.2,4865.7,2677,
2024-08-08 13:10:00+05:30,4867.6,4873.2,4861.75,4867,1513,
2024-08-08 13:11:00+05:30,4867,4873.8,4866.8,4868.5,1264,
2024-08-08 13:12:00+05:30,4868.5,4876.3,4868.5,4870,903,
2024-08-08 13:13:00+05:30,4872.2,4880,4868.5,4879.7,1715,
2024-08-08 13:14:00+05:30,4879.7,4883.75,4878.15,4883.1,1681,
2024-08-08 13:15:00+05:30,4883.1,4883.1,4875.85,4878.25,894,
2024-08-08 13:16:00+05:30,4878.25,4879.2,4872.3,4875.85,524,
2024-08-08 13:17:00+05:30,4875.85,4880.75,4873.75,4877.8,1220,
2024-08-08 13:18:00+05:30,4877.8,4879.9,4875.4,4879.85,591,
2024-08-08 13:19:00+05:30,4879.05,4881.85,4878.65,4880,577,
2024-08-08 13:20:00+05:30,4880,4882.85,4876.6,4881.85,1015,
2024-08-08 13:21:00+05:30,4881.95,4881.95,4879,4880.65,431,
2024-08-08 13:22:00+05:30,4881,4881,4871,4875.45,1729,
2024-08-08 13:23:00+05:30,4875.45,4879.9,4874.3,4879.9,1036,
2024-08-08 13:24:00+05:30,4879.9,4882.6,4877.1,4882.35,409,
2024-08-08 13:25:00+05:30,4882.35,4883,4878,4880.3,2244,
2024-08-08 13:26:00+05:30,4878,4881.2,4878,4878.45,422,
2024-08-08 13:27:00+05:30,4878.45,4883,4878.45,4881.7,653,
2024-08-08 13:28:00+05:30,4881.7,4885,4875.6,4877.3,1435,
2024-08-08 13:29:00+05:30,4877.3,4879.5,4865.5,4868.9,1335,
2024-08-08 13:30:00+05:30,4868.05,4871,4865.5,4868.7,2405,
2024-08-08 13:31:00+05:30,4868.3,4870,4868.3,4869.35,664,
2024-08-08 13:32:00+05:30,4869.35,4872.35,4868.75,4872,455,
2024-08-08 13:33:00+05:30,4872,4878,4872,4875,1416,
2024-08-08 13:34:00+05:30,4875,4877.9,4874.1,4875,463,
2024-08-08 13:35:00+05:30,4875,4878.6,4875,4878.6,781,
2024-08-08 13:36:00+05:30,4878.6,4883,4877.6,4881.1,1041,
2024-08-08 13:37:00+05:30,4881.1,4886.4,4881.1,4885,1923,
2024-08-08 13:38:00+05:30,4885,4889,4884.1,4887.6,1142,
2024-08-08 13:39:00+05:30,4887.6,4887.6,4885.05,4885.5,432,
2024-08-08 13:40:00+05:30,4885.5,4895.9,4885.5,4895,1228,
2024-08-08 13:41:00+05:30,4894.65,4894.65,4888.15,4888.95,1189,
2024-08-08 13:42:00+05:30,4888.95,4890.5,4888.55,4889.75,427,
2024-08-08 13:43:00+05:30,4889.75,4896.9,4888,4896.9,686,
2024-08-08 13:44:00+05:30,4896.9,4896.9,4890.7,4896.65,2131,
2024-08-08 13:45:00+05:30,4896.8,4896.9,4894.4,4896.8,1145,
2024-08-08 13:46:00+05:30,4896.9,4896.9,4892.4,4896.35,1708,
2024-08-08 13:47:00+05:30,4896.35,4896.35,4892.85,4895,4874,
2024-08-08 13:48:00+05:30,4895,4895.95,4893.05,4895,840,
2024-08-08 13:49:00+05:30,4895,4895.45,4889.05,4891.7,995,
2024-08-08 13:50:00+05:30,4891.7,4892,4889.15,4889.3,645,
2024-08-08 13:51:00+05:30,4892,4895,4889,4893.45,445,
2024-08-08 13:52:00+05:30,4893.45,4895.4,4893.45,4895.4,458,
2024-08-08 13:53:00+05:30,4895.4,4895.4,4889,4895,885,
2024-08-08 13:54:00+05:30,4895,4895.25,4892.5,4893.4,263,
2024-08-08 13:55:00+05:30,4893.4,4895.15,4893.4,4895.15,401,
2024-08-08 13:56:00+05:30,4894.05,4897,4894.05,4897,2064,
2024-08-08 13:57:00+05:30,4897,4897,4891.8,4893.8,931,
2024-08-08 13:58:00+05:30,4894.65,4895.45,4893.45,4893.45,672,
2024-08-08 13:59:00+05:30,4893.45,4896.95,4882.95,4885.8,2725,
2024-08-08 14:00:00+05:30,4885.75,4890,4882.05,4888.85,1378,
2024-08-08 14:01:00+05:30,4888.85,4888.85,4881.55,4883.45,1890,
2024-08-08 14:02:00+05:30,4883.45,4885,4881.1,4882,787,
2024-08-08 14:03:00+05:30,4882,4888.4,4881.25,4888.4,1069,
2024-08-08 14:04:00+05:30,4888.55,4889.1,4881.4,4882.6,923,
2024-08-08 14:05:00+05:30,4882.6,4883.8,4876.35,4878.65,2664,
2024-08-08 14:06:00+05:30,4878.65,4878.65,4872.15,4875.5,915,
2024-08-08 14:07:00+05:30,4874.1,4877.55,4871.55,4872.3,1027,
2024-08-08 14:08:00+05:30,4872.3,4875.8,4865.15,4870,1010,
2024-08-08 14:09:00+05:30,4870,4870,4865,4866.95,1414,
2024-08-08 14:10:00+05:30,4866.95,4872.05,4863.05,4872.05,939,
2024-08-08 14:11:00+05:30,4872.05,4874.7,4868.15,4869.1,1291,
2024-08-08 14:12:00+05:30,4869.1,4869.95,4864,4868.05,889,
2024-08-08 14:13:00+05:30,4868.05,4869.7,4863.65,4865.8,1203,
2024-08-08 14:14:00+05:30,4865.8,4865.85,4863,4863,520,
2024-08-08 14:15:00+05:30,4863,4866.9,4861,4865.1,1722,
2024-08-08 14:16:00+05:30,4862.1,4876.45,4862.1,4872.95,2667,
2024-08-08 14:17:00+05:30,4872.95,4874.95,4865,4865,2468,
2024-08-08 14:18:00+05:30,4863.9,4867.85,4860.05,4864.7,3016,
2024-08-08 14:19:00+05:30,4864.7,4866.55,4860.8,4863.3,650,
2024-08-08 14:20:00+05:30,4862.9,4863.9,4855.3,4857.9,1444,
2024-08-08 14:21:00+05:30,4857.9,4858,4845,4849.25,3512,
2024-08-08 14:22:00+05:30,4849.2,4855.55,4849.2,4852.5,937,
2024-08-08 14:23:00+05:30,4852.5,4856.2,4850.4,4853.8,1002,
2024-08-08 14:24:00+05:30,4853.8,4854.05,4845.25,4846.65,3891,
2024-08-08 14:25:00+05:30,4846.7,4853.9,4844.2,4846.15,2057,
2024-08-08 14:26:00+05:30,4844.85,4847.9,4840,4840.8,3635,
2024-08-08 14:27:00+05:30,4840.8,4845.6,4840.5,4843.1,3420,
2024-08-08 14:28:00+05:30,4843,4843.95,4833.15,4837.7,2869,
2024-08-08 14:29:00+05:30,4836.3,4843.5,4835.9,4838.15,2525,
2024-08-08 14:30:00+05:30,4838.15,4845,4838,4843.5,1627,
2024-08-08 14:31:00+05:30,4843.5,4845,4838,4840,1807,
2024-08-08 14:32:00+05:30,4840,4844.9,4835.7,4843.25,1675,
2024-08-08 14:33:00+05:30,4843.25,4845.3,4838.25,4841.55,1533,
2024-08-08 14:34:00+05:30,4841.55,4845.8,4840.45,4845.8,3917,
2024-08-08 14:35:00+05:30,4845.95,4845.95,4840.1,4843.6,955,
2024-08-08 14:36:00+05:30,4843.6,4845,4841.05,4844.05,822,
2024-08-08 14:37:00+05:30,4846.15,4850,4844.6,4849,2279,
2024-08-08 14:38:00+05:30,4849,4850,4843.7,4849.7,1129,
2024-08-08 14:39:00+05:30,4850,4856.05,4847.35,4851.65,3521,
2024-08-08 14:40:00+05:30,4851.65,4855,4850.5,4852.75,931,
2024-08-08 14:41:00+05:30,4852.75,4858.95,4852.75,4857,1052,
2024-08-08 14:42:00+05:30,4857.1,4862.2,4855.75,4860.3,1974,
2024-08-08 14:43:00+05:30,4862.5,4863.65,4856.15,4860.1,1201,
2024-08-08 14:44:00+05:30,4860.1,4862,4857.5,4860.55,739,
2024-08-08 14:45:00+05:30,4861,4861,4855.9,4860.35,1057,
2024-08-08 14:46:00+05:30,4861,4865,4859.95,4863.2,879,
2024-08-08 14:47:00+05:30,4865.7,4865.95,4857.4,4859,1407,
2024-08-08 14:48:00+05:30,4859,4864,4857.65,4861.8,782,
2024-08-08 14:49:00+05:30,4862.35,4865.85,4859.65,4865.7,1060,
2024-08-08 14:50:00+05:30,4865.7,4865.7,4858,4863.35,1038,
2024-08-08 14:51:00+05:30,4863.35,4863.75,4856.1,4861.5,1250,
2024-08-08 14:52:00+05:30,4861.5,4862.6,4858,4859.6,646,
2024-08-08 14:53:00+05:30,4861.35,4862.25,4854.35,4854.35,1307,
2024-08-08 14:54:00+05:30,4854.3,4857.35,4851,4852.2,908,
2024-08-08 14:55:00+05:30,4852,4852,4842.35,4845.1,2317,
2024-08-08 14:56:00+05:30,4845.1,4849.1,4842.25,4848.8,1244,
2024-08-08 14:57:00+05:30,4846.6,4849,4845,4848,814,
2024-08-08 14:58:00+05:30,4848,4848.6,4844,4847.65,1417,
2024-08-08 14:59:00+05:30,4847.25,4850,4847.05,4849.85,1291,
2024-08-08 15:00:00+05:30,4850,4851.4,4841,4842.45,3476,
2024-08-08 15:01:00+05:30,4842.45,4847.95,4842.45,4847.85,1931,
2024-08-08 15:02:00+05:30,4847.85,4851.35,4846.15,4846.2,3045,
2024-08-08 15:03:00+05:30,4846.2,4846.2,4837.85,4839.95,3190,
2024-08-08 15:04:00+05:30,4839.6,4840.95,4835,4840.25,2995,
2024-08-08 15:05:00+05:30,4840.25,4840.25,4835.35,4839,2497,
2024-08-08 15:06:00+05:30,4838.7,4839,4835.1,4838.35,2528,
2024-08-08 15:07:00+05:30,4838.35,4840,4835.55,4837.15,2214,
2024-08-08 15:08:00+05:30,4837.55,4840,4837.15,4839.35,2189,
2024-08-08 15:09:00+05:30,4839.4,4842,4835.1,4841.95,4905,
2024-08-08 15:10:00+05:30,4841.95,4842,4835.85,4836.1,3257,
2024-08-08 15:11:00+05:30,4836.1,4837.5,4833.9,4836.2,3317,
2024-08-08 15:12:00+05:30,4836.2,4839.95,4835.1,4836.7,3693,
2024-08-08 15:13:00+05:30,4836.7,4836.8,4830.5,4832.75,3025,
2024-08-08 15:14:00+05:30,4831,4837,4829.5,4832.4,6365,
2024-08-08 15:15:00+05:30,4832.4,4834.65,4830.95,4833.6,4033,
2024-08-08 15:16:00+05:30,4834.35,4834.85,4824.4,4826.6,5309,
2024-08-08 15:17:00+05:30,4828.55,4830.4,4825.35,4830.4,3493,
2024-08-08 15:18:00+05:30,4830.4,4831.4,4828.75,4829.95,5244,
2024-08-08 15:19:00+05:30,4829.95,4830.85,4827.55,4830.85,4301,
2024-08-08 15:20:00+05:30,4831.25,4831.25,4823,4824,5177,
2024-08-08 15:21:00+05:30,4824,4828.9,4824,4828.65,3067,
2024-08-08 15:22:00+05:30,4828.9,4830,4828.85,4829.9,1707,
2024-08-08 15:23:00+05:30,4829.95,4830.9,4829.95,4830.9,1599,
2024-08-08 15:24:00+05:30,4830.9,4831.4,4830.6,4831.05,3088,
2024-08-08 15:25:00+05:30,4831,4831.75,4828.05,4830.8,3688,
2024-08-08 15:26:00+05:30,4830.8,4831.25,4827.05,4830.2,3992,
2024-08-08 15:27:00+05:30,4830.75,4831.5,4830.15,4831.5,1443,
2024-08-08 15:28:00+05:30,4831.25,4845.9,4831.25,4845.9,2200,
2024-08-08 15:29:00+05:30,4845.9,4850,4838.25,4839.9,1930,
2024-08-09 09:15:00+05:30,4904.8,4904.8,4878.4,4883.5,3563,
2024-08-09 09:16:00+05:30,4880,4885,4863.55,4872.35,2170,
2024-08-09 09:17:00+05:30,4876.5,4878.05,4866.15,4867.95,1002,
2024-08-09 09:18:00+05:30,4867.9,4868,4860,4865,1153,
2024-08-09 09:19:00+05:30,4865,4871.45,4862,4870.6,423,
2024-08-09 09:20:00+05:30,4866.2,4872.2,4858.85,4862.6,1814,
2024-08-09 09:21:00+05:30,4863.5,4866.8,4847.1,4847.1,1610,
2024-08-09 09:22:00+05:30,4847.1,4861.4,4847.1,4857.5,373,
2024-08-09 09:23:00+05:30,4857.5,4866.8,4857.5,4860.95,6126,
2024-08-09 09:24:00+05:30,4860.95,4864.45,4858.6,4861.85,318,
2024-08-09 09:25:00+05:30,4861.85,4861.95,4856.55,4861.95,726,
2024-08-09 09:26:00+05:30,4861.95,4862,4860.3,4862,255,
2024-08-09 09:27:00+05:30,4862,4865.85,4862,4865,962,
2024-08-09 09:28:00+05:30,4865,4867.95,4862.05,4864.55,304,
2024-08-09 09:29:00+05:30,4864.4,4866.4,4862.05,4863.85,230,
2024-08-09 09:30:00+05:30,4862.5,4865,4855.55,4857,566,
2024-08-09 09:31:00+05:30,4857.3,4857.5,4853,4854.1,633,
2024-08-09 09:32:00+05:30,4855.3,4856.8,4854.1,4856.45,162,
2024-08-09 09:33:00+05:30,4856.45,4856.85,4852.7,4853.9,254,
2024-08-09 09:34:00+05:30,4854.25,4855,4847,4855,1107,
2024-08-09 09:35:00+05:30,4855,4855,4848.45,4850,296,
2024-08-09 09:36:00+05:30,4847.7,4855.65,4847.7,4855,288,
2024-08-09 09:37:00+05:30,4852.95,4859.75,4850,4857.2,367,
2024-08-09 09:38:00+05:30,4857.2,4860.9,4854.45,4854.45,213,
2024-08-09 09:39:00+05:30,4854.45,4862.05,4854.45,4862.05,654,
2024-08-09 09:40:00+05:30,4862.05,4865,4857.75,4857.75,2826,
2024-08-09 09:41:00+05:30,4857.75,4858.6,4852,4853.5,429,
2024-08-09 09:42:00+05:30,4853.5,4856,4851.8,4853.6,113,
2024-08-09 09:43:00+05:30,4853,4857.35,4853,4856.7,140,
2024-08-09 09:44:00+05:30,4856.7,4856.7,4853.35,4853.35,168,
2024-08-09 09:45:00+05:30,4853.35,4857.6,4853.35,4855.2,47,
2024-08-09 09:46:00+05:30,4855.2,4857.6,4854.85,4855.2,117,
2024-08-09 09:47:00+05:30,4855.2,4860,4855.2,4860,19,
2024-08-09 09:48:00+05:30,4860,4860,4854.85,4857.25,150,
2024-08-09 09:49:00+05:30,4857.25,4859.15,4854.8,4854.9,149,
2024-08-09 09:50:00+05:30,4854.9,4857.1,4854.35,4854.9,88,
2024-08-09 09:51:00+05:30,4854.9,4855.45,4850.2,4850.2,190,
2024-08-09 09:52:00+05:30,4850.2,4854.45,4850.1,4852.45,285,
2024-08-09 09:53:00+05:30,4852.45,4853.65,4852,4853.45,114,
2024-08-09 09:54:00+05:30,4853.45,4862.95,4852.85,4862.95,2048,
2024-08-09 09:55:00+05:30,4862.5,4862.65,4859.75,4862,245,
2024-08-09 09:56:00+05:30,4862,4864,4860,4863.9,206,
2024-08-09 09:57:00+05:30,4863.9,4870,4863,4869.8,737,
2024-08-09 09:58:00+05:30,4869.8,4870,4863.65,4867.15,496,
2024-08-09 09:59:00+05:30,4867.15,4869.65,4866.2,4867.85,672,
2024-08-09 10:00:00+05:30,4866.2,4867.85,4862,4862,426,
2024-08-09 10:01:00+05:30,4862.8,4864.35,4854.4,4858.9,293,
2024-08-09 10:02:00+05:30,4858.9,4859.9,4857.05,4857.2,218,
2024-08-09 10:03:00+05:30,4857.2,4859,4853.5,4854.9,520,
2024-08-09 10:04:00+05:30,4854.9,4860,4854.9,4860,281,
2024-08-09 10:05:00+05:30,4860,4860,4858.6,4859.1,168,
2024-08-09 10:06:00+05:30,4859.1,4859.65,4858.8,4858.8,24,
2024-08-09 10:07:00+05:30,4859.6,4859.65,4859,4859,95,
2024-08-09 10:08:00+05:30,4859,4860,4857.05,4859.75,41,
2024-08-09 10:09:00+05:30,4857.1,4858.7,4851.05,4852.8,168,
2024-08-09 10:10:00+05:30,4852.8,4853,4852,4852,83,
2024-08-09 10:11:00+05:30,4852,4857.9,4852,4857.9,54,
2024-08-09 10:12:00+05:30,4857.9,4859.95,4855.9,4858.05,132,
2024-08-09 10:13:00+05:30,4858.05,4858.05,4850.1,4851.3,1469,
2024-08-09 10:14:00+05:30,4851.3,4853.7,4851.3,4853.4,70,
2024-08-09 10:15:00+05:30,4853.4,4853.4,4848.6,4849.35,768,
2024-08-09 10:16:00+05:30,4851.35,4854.75,4849,4853.15,353,
2024-08-09 10:17:00+05:30,4853.15,4853.45,4848.85,4851,357,
2024-08-09 10:18:00+05:30,4851,4852.45,4850,4851,581,
2024-08-09 10:19:00+05:30,4851,4852,4850.45,4850.45,385,
2024-08-09 10:20:00+05:30,4852.55,4852.85,4850,4852.85,50,
2024-08-09 10:21:00+05:30,4852.85,4861,4852,4861,298,
2024-08-09 10:22:00+05:30,4861,4861.15,4860,4860.85,155,
2024-08-09 10:23:00+05:30,4860.85,4869.45,4859,4867.05,2102,
2024-08-09 10:24:00+05:30,4867.05,4869.5,4860.2,4862.5,1213,
2024-08-09 10:25:00+05:30,4862.5,4864,4860.25,4861.85,347,
2024-08-09 10:26:00+05:30,4861.85,4865.85,4861,4862.9,1380,
2024-08-09 10:27:00+05:30,4862.9,4864.8,4860,4861.15,392,
2024-08-09 10:28:00+05:30,4861.15,4863.15,4859.95,4862,560,
2024-08-09 10:29:00+05:30,4862,4863.15,4860.8,4861.5,864,
2024-08-09 10:30:00+05:30,4862,4863.05,4861.2,4862.35,845,
2024-08-09 10:31:00+05:30,4862.35,4862.35,4861.55,4861.8,1026,
2024-08-09 10:32:00+05:30,4862.35,4863.15,4861.55,4862.35,411,
2024-08-09 10:33:00+05:30,4861.95,4862.65,4858,4858.15,736,
2024-08-09 10:34:00+05:30,4860,4860.4,4857.95,4860.15,455,
2024-08-09 10:35:00+05:30,4860.15,4860.2,4858.4,4860.2,357,
2024-08-09 10:36:00+05:30,4860.2,4860.75,4858.4,4860,230,
2024-08-09 10:37:00+05:30,4860,4862.4,4859.6,4859.8,491,
2024-08-09 10:38:00+05:30,4859.8,4861.9,4859.8,4861.9,75,
2024-08-09 10:39:00+05:30,4861.9,4861.9,4860,4860,218,
2024-08-09 10:40:00+05:30,4860.4,4861.8,4858.85,4861,211,
2024-08-09 10:41:00+05:30,4861,4861.05,4860,4861.05,93,
2024-08-09 10:42:00+05:30,4861.05,4863.95,4860.1,4863.85,171,
2024-08-09 10:43:00+05:30,4861.45,4863.9,4860,4860,386,
2024-08-09 10:44:00+05:30,4860,4862.9,4858.9,4862.9,282,
2024-08-09 10:45:00+05:30,4860.35,4862,4858.85,4861.3,181,
2024-08-09 10:46:00+05:30,4860,4861.3,4858.6,4860,168,
2024-08-09 10:47:00+05:30,4860,4861.2,4858.9,4858.9,161,
2024-08-09 10:48:00+05:30,4861.15,4861.15,4858.55,4861.1,620,
2024-08-09 10:49:00+05:30,4861.1,4861.25,4859.65,4861.25,94,
2024-08-09 10:50:00+05:30,4860,4862,4859.6,4859.95,136,
2024-08-09 10:51:00+05:30,4861.95,4862.4,4859.6,4860,238,
2024-08-09 10:52:00+05:30,4861,4861.2,4859.65,4861.05,278,
2024-08-09 10:53:00+05:30,4861.05,4861.05,4859.65,4861.05,259,
2024-08-09 10:54:00+05:30,4861.05,4861.05,4860,4861,214,
2024-08-09 10:55:00+05:30,4861,4862,4860,4861.5,235,
2024-08-09 10:56:00+05:30,4861.5,4862,4860.25,4860.65,197,
2024-08-09 10:57:00+05:30,4860.6,4860.6,4843.35,4843.35,1801,
2024-08-09 10:58:00+05:30,4845.9,4845.9,4840.55,4842.05,612,
2024-08-09 10:59:00+05:30,4842.05,4842.05,4830,4833.95,996,
2024-08-09 11:00:00+05:30,4833.95,4839,4833.95,4835,490,
2024-08-09 11:01:00+05:30,4835.25,4840.05,4835.25,4836.5,237,
2024-08-09 11:02:00+05:30,4836.5,4840.85,4836.5,4840.85,78,
2024-08-09 11:03:00+05:30,4840.85,4845,4840.85,4845,132,
2024-08-09 11:04:00+05:30,4845,4848.4,4845,4847.2,439,
2024-08-09 11:05:00+05:30,4847.2,4847.2,4843.3,4845.6,230,
2024-08-09 11:06:00+05:30,4845.6,4845.6,4842.95,4844.2,696,
2024-08-09 11:07:00+05:30,4845.6,4845.6,4843.2,4844.2,129,
2024-08-09 11:08:00+05:30,4844.2,4845.5,4844.2,4844.6,59,
2024-08-09 11:09:00+05:30,4844.6,4845,4844.6,4844.6,36,
2024-08-09 11:10:00+05:30,4844.6,4845,4838,4839.3,625,
2024-08-09 11:11:00+05:30,4839.3,4840.75,4838.75,4838.75,62,
2024-08-09 11:12:00+05:30,4838.75,4839.6,4834.6,4835.6,569,
2024-08-09 11:13:00+05:30,4833.95,4834.15,4832.65,4832.8,149,
2024-08-09 11:14:00+05:30,4834.15,4834.95,4833.05,4834.95,200,
2024-08-09 11:15:00+05:30,4836.1,4836.1,4834,4834.35,381,
2024-08-09 11:16:00+05:30,4834.45,4837.4,4832.95,4837.4,215,
2024-08-09 11:17:00+05:30,4837.4,4839.6,4836.9,4837.8,167,
2024-08-09 11:18:00+05:30,4839.2,4839.2,4837.35,4838.1,229,
2024-08-09 11:19:00+05:30,4837,4838.45,4834.4,4837.3,139,
2024-08-09 11:20:00+05:30,4837.3,4837.65,4828.4,4830.85,903,
2024-08-09 11:21:00+05:30,4831.2,4834.4,4831,4832.3,217,
2024-08-09 11:22:00+05:30,4832.3,4835,4832.3,4833.8,149,
2024-08-09 11:23:00+05:30,4833.8,4834.9,4833.8,4834.9,29,
2024-08-09 11:24:00+05:30,4834.9,4836,4834.9,4836,107,
2024-08-09 11:25:00+05:30,4836,4840.7,4836,4840.7,232,
2024-08-09 11:26:00+05:30,4840.65,4840.65,4835.9,4837.05,437,
2024-08-09 11:27:00+05:30,4837.05,4838.4,4836.65,4838.4,251,
2024-08-09 11:28:00+05:30,4838.4,4843.45,4838.4,4843.2,151,
2024-08-09 11:29:00+05:30,4843.2,4843.2,4841.8,4842.1,20,
2024-08-09 11:30:00+05:30,4842.1,4842.95,4841.4,4842.95,242,
2024-08-09 11:31:00+05:30,4842.95,4842.95,4842.05,4842.95,93,
2024-08-09 11:32:00+05:30,4842.95,4845,4842,4842.15,418,
2024-08-09 11:33:00+05:30,4842.15,4843.25,4842.15,4843.25,65,
2024-08-09 11:34:00+05:30,4843.25,4845,4843.25,4845,82,
2024-08-09 11:35:00+05:30,4845,4845,4843.9,4845,334,
2024-08-09 11:36:00+05:30,4845,4845,4843.25,4843.25,263,
2024-08-09 11:37:00+05:30,4843,4849.45,4841.15,4845.05,2313,
2024-08-09 11:38:00+05:30,4845.05,4845.4,4843.9,4845.4,34,
2024-08-09 11:39:00+05:30,4845.4,4849.5,4845.4,4849.5,354,
2024-08-09 11:40:00+05:30,4849.5,4849.9,4845.35,4846.65,454,
2024-08-09 11:41:00+05:30,4846.65,4848.3,4845.15,4847.3,84,
2024-08-09 11:42:00+05:30,4847.3,4854.7,4847.3,4854.7,1934,
2024-08-09 11:43:00+05:30,4854.6,4854.6,4848.85,4850,755,
2024-08-09 11:44:00+05:30,4850,4854,4850,4854,482,
2024-08-09 11:45:00+05:30,4854,4855,4854,4855,517,
2024-08-09 11:46:00+05:30,4855,4857.5,4854,4857.5,1009,
2024-08-09 11:47:00+05:30,4857.5,4857.5,4854,4854.15,495,
2024-08-09 11:48:00+05:30,4854,4854.35,4849,4849.5,435,
2024-08-09 11:49:00+05:30,4849.55,4849.55,4846.9,4849.4,326,
2024-08-09 11:50:00+05:30,4849.4,4849.45,4847.15,4847.95,227,
2024-08-09 11:51:00+05:30,4847.95,4848.95,4846.55,4848.4,437,
2024-08-09 11:52:00+05:30,4848.4,4848.9,4846.95,4848.9,191,
2024-08-09 11:53:00+05:30,4848.9,4848.95,4848.45,4848.95,117,
2024-08-09 11:54:00+05:30,4848.95,4848.95,4846.65,4846.65,238,
2024-08-09 11:55:00+05:30,4846.65,4848.95,4846.65,4848.35,137,
2024-08-09 11:56:00+05:30,4848.35,4848.95,4846.85,4848,228,
2024-08-09 11:57:00+05:30,4848,4848.7,4847.85,4848.25,288,
2024-08-09 11:58:00+05:30,4848.25,4848.95,4848,4848.95,105,
2024-08-09 11:59:00+05:30,4848.95,4848.95,4848.9,4848.9,331,
2024-08-09 12:00:00+05:30,4848.9,4850.1,4848.5,4850.1,757,
2024-08-09 12:01:00+05:30,4850.1,4850.1,4843.85,4846.5,1252,
2024-08-09 12:02:00+05:30,4846.5,4846.5,4844.65,4846.5,313,
2024-08-09 12:03:00+05:30,4846.5,4846.5,4846.5,4846.5,77,
2024-08-09 12:04:00+05:30,4846.5,4850,4846.45,4850,192,
2024-08-09 12:05:00+05:30,4850,4850,4849.7,4850,80,
2024-08-09 12:06:00+05:30,4850,4850,4846.45,4848.5,422,
2024-08-09 12:07:00+05:30,4849.85,4851.05,4849.85,4851,557,
2024-08-09 12:08:00+05:30,4851,4855,4850.95,4855,981,
2024-08-09 12:09:00+05:30,4855,4855,4853.6,4853.65,304,
2024-08-09 12:10:00+05:30,4853.65,4854.5,4852.45,4852.5,211,
2024-08-09 12:11:00+05:30,4852.5,4854.55,4852.45,4854.45,214,
2024-08-09 12:12:00+05:30,4854.45,4854.55,4850,4850,607,
2024-08-09 12:13:00+05:30,4850,4852.35,4850,4851.35,150,
2024-08-09 12:14:00+05:30,4851.1,4851.1,4848,4848,1031,
2024-08-09 12:15:00+05:30,4848,4849.5,4842.9,4845.05,3188,
2024-08-09 12:16:00+05:30,4845.05,4850,4845.05,4850,267,
2024-08-09 12:17:00+05:30,4850,4850,4847.15,4848,1017,
2024-08-09 12:18:00+05:30,4848,4848,4846.55,4847.35,398,
2024-08-09 12:19:00+05:30,4847.35,4848,4845,4847.65,399,
2024-08-09 12:20:00+05:30,4847.7,4847.7,4846.4,4847.7,91,
2024-08-09 12:21:00+05:30,4847.7,4849,4847.7,4849,229,
2024-08-09 12:22:00+05:30,4849,4849,4848.3,4849,145,
2024-08-09 12:23:00+05:30,4849,4849,4847.35,4849,193,
2024-08-09 12:24:00+05:30,4849,4849,4848.15,4849,136,
2024-08-09 12:25:00+05:30,4849,4849.5,4848.8,4849.5,771,
2024-08-09 12:26:00+05:30,4849.5,4850,4849.15,4850,206,
2024-08-09 12:27:00+05:30,4850,4850,4849.15,4850,228,
2024-08-09 12:28:00+05:30,4850,4850,4850,4850,204,
2024-08-09 12:29:00+05:30,4850,4850,4849.85,4849.85,252,
2024-08-09 12:30:00+05:30,4849.85,4850,4848.85,4848.85,501,
2024-08-09 12:31:00+05:30,4848.85,4850,4847.95,4847.95,254,
2024-08-09 12:32:00+05:30,4849.25,4851,4848.75,4851,156,
2024-08-09 12:33:00+05:30,4851,4856,4850.5,4856,347,
2024-08-09 12:34:00+05:30,4856,4857.5,4855.95,4857.5,182,
2024-08-09 12:35:00+05:30,4859.7,4862.9,4858.55,4861.4,831,
2024-08-09 12:36:00+05:30,4861.4,4862.9,4860.95,4862,158,
2024-08-09 12:37:00+05:30,4862,4862,4859.05,4859.95,328,
2024-08-09 12:38:00+05:30,4859.95,4860,4858.65,4860,271,
2024-08-09 12:39:00+05:30,4860,4860,4857,4858.55,416,
2024-08-09 12:40:00+05:30,4858.55,4859.15,4858.35,4858.8,335,
2024-08-09 12:41:00+05:30,4858.8,4859.15,4857.75,4859.15,393,
2024-08-09 12:42:00+05:30,4859.15,4859.15,4852.55,4854.8,1722,
2024-08-09 12:43:00+05:30,4854.8,4854.8,4850.4,4851.3,373,
2024-08-09 12:44:00+05:30,4851.3,4852.35,4851.15,4851.45,270,
2024-08-09 12:45:00+05:30,4851.1,4852.35,4851.1,4851.9,337,
2024-08-09 12:46:00+05:30,4851.9,4853.3,4851.65,4851.8,436,
2024-08-09 12:47:00+05:30,4851.8,4852.4,4851.55,4852.35,385,
2024-08-09 12:48:00+05:30,4853.35,4857.1,4852,4855.45,290,
2024-08-09 12:49:00+05:30,4855.05,4856.25,4850.6,4852.9,609,
2024-08-09 12:50:00+05:30,4852.9,4853,4852.05,4853,230,
2024-08-09 12:51:00+05:30,4853,4854.1,4850.75,4852.4,377,
2024-08-09 12:52:00+05:30,4852.4,4854.5,4847.95,4851.9,719,
2024-08-09 12:53:00+05:30,4851.6,4853.6,4851.6,4852.25,247,
2024-08-09 12:54:00+05:30,4852.25,4855.55,4851.65,4854.55,478,
2024-08-09 12:55:00+05:30,4854.55,4857.6,4853.4,4857,250,
2024-08-09 12:56:00+05:30,4857,4857.6,4854.5,4857.55,608,
2024-08-09 12:57:00+05:30,4857.55,4857.55,4854.95,4854.95,197,
2024-08-09 12:58:00+05:30,4854.95,4854.95,4854.7,4854.7,182,
2024-08-09 12:59:00+05:30,4854.7,4856.35,4851.05,4851.1,496,
2024-08-09 13:00:00+05:30,4851.4,4851.45,4848.1,4849.6,371,
2024-08-09 13:01:00+05:30,4849.6,4850,4847.25,4850,189,
2024-08-09 13:02:00+05:30,4850,4850,4848.35,4849.15,320,
2024-08-09 13:03:00+05:30,4849.15,4850,4848.4,4849,190,
2024-08-09 13:04:00+05:30,4849,4849,4847.1,4848.95,253,
2024-08-09 13:05:00+05:30,4849,4849.85,4845.15,4847,255,
2024-08-09 13:06:00+05:30,4847,4849,4845.7,4848.45,251,
2024-08-09 13:07:00+05:30,4848.45,4849,4845.75,4848.85,179,
2024-08-09 13:08:00+05:30,4848.85,4849,4848.4,4849,206,
2024-08-09 13:09:00+05:30,4849,4849,4848.55,4849,394,
2024-08-09 13:10:00+05:30,4849,4850,4847.45,4847.45,424,
2024-08-09 13:11:00+05:30,4847.45,4848.2,4845.45,4845.45,665,
2024-08-09 13:12:00+05:30,4845.45,4847,4845.45,4847,187,
2024-08-09 13:13:00+05:30,4847,4848.1,4843.9,4844.85,1492,
2024-08-09 13:14:00+05:30,4844.85,4844.85,4844.85,4844.85,147,
2024-08-09 13:15:00+05:30,4844.85,4846.45,4844.85,4846.45,137,
2024-08-09 13:16:00+05:30,4846.45,4846.95,4846.45,4846.95,128,
2024-08-09 13:17:00+05:30,4846.95,4847.15,4846.2,4847.15,199,
2024-08-09 13:18:00+05:30,4847.15,4847.6,4847.15,4847.6,469,
2024-08-09 13:19:00+05:30,4847.6,4847.9,4847.35,4847.9,459,
2024-08-09 13:20:00+05:30,4847.9,4847.9,4843.9,4843.9,859,
2024-08-09 13:21:00+05:30,4843.9,4844,4840,4843.2,2143,
2024-08-09 13:22:00+05:30,4843.2,4844,4842,4844,447,
2024-08-09 13:23:00+05:30,4844,4845,4843.55,4844.7,245,
2024-08-09 13:24:00+05:30,4844.7,4845,4843.65,4843.9,715,
2024-08-09 13:25:00+05:30,4845,4847.9,4845,4846.2,594,
2024-08-09 13:26:00+05:30,4846.2,4847.9,4844.1,4847.9,341,
2024-08-09 13:27:00+05:30,4847.9,4848.05,4846,4847.5,604,
2024-08-09 13:28:00+05:30,4847.5,4847.5,4845.45,4847,168,
2024-08-09 13:29:00+05:30,4847,4847,4845.75,4846.95,198,
2024-08-09 13:30:00+05:30,4846.95,4846.95,4842.55,4844.95,290,
2024-08-09 13:31:00+05:30,4844.95,4846.4,4842,4844.7,379,
2024-08-09 13:32:00+05:30,4844.7,4846.9,4843.75,4846.85,241,
2024-08-09 13:33:00+05:30,4846.85,4846.95,4846.3,4846.8,136,
2024-08-09 13:34:00+05:30,4846.8,4848.1,4846.3,4848.1,266,
2024-08-09 13:35:00+05:30,4848.1,4848.2,4847.4,4847.4,216,
2024-08-09 13:36:00+05:30,4847.4,4847.65,4844.05,4847.55,358,
2024-08-09 13:37:00+05:30,4847.55,4848.2,4847.05,4848.05,141,
2024-08-09 13:38:00+05:30,4848.05,4848.35,4847.7,4848.3,238,
2024-08-09 13:39:00+05:30,4848.3,4848.5,4843.4,4845.7,267,
2024-08-09 13:40:00+05:30,4846.35,4848.4,4841.35,4841.35,265,
2024-08-09 13:41:00+05:30,4841.35,4844.15,4837.55,4840.05,299,
2024-08-09 13:42:00+05:30,4840.05,4845.3,4838.7,4845.3,328,
2024-08-09 13:43:00+05:30,4845.3,4845.3,4839.1,4840.05,748,
2024-08-09 13:44:00+05:30,4840.05,4840.4,4836,4839.4,289,
2024-08-09 13:45:00+05:30,4839.4,4840.45,4838.95,4840,188,
2024-08-09 13:46:00+05:30,4840,4840,4835,4837.1,230,
2024-08-09 13:47:00+05:30,4837.55,4837.55,4835,4836.65,313,
2024-08-09 13:48:00+05:30,4836.65,4837.55,4834.45,4837.55,302,
2024-08-09 13:49:00+05:30,4837.55,4839.5,4836.95,4839.5,181,
2024-08-09 13:50:00+05:30,4839.5,4840,4838.45,4839.95,176,
2024-08-09 13:51:00+05:30,4839.95,4840,4838.85,4840,171,
2024-08-09 13:52:00+05:30,4840,4844.15,4839.2,4843.35,700,
2024-08-09 13:53:00+05:30,4843.25,4846.35,4841.25,4845.15,334,
2024-08-09 13:54:00+05:30,4845.75,4846.45,4844.75,4845.7,171,
2024-08-09 13:55:00+05:30,4846.2,4846.25,4840.3,4840.3,403,
2024-08-09 13:56:00+05:30,4840.3,4842.65,4837.55,4840.05,488,
2024-08-09 13:57:00+05:30,4840.1,4840.3,4837.45,4839.95,116,
2024-08-09 13:58:00+05:30,4839.95,4842.25,4839.55,4840,318,
2024-08-09 13:59:00+05:30,4839.95,4840,4837.5,4840,143,
2024-08-09 14:00:00+05:30,4840,4840,4837.55,4837.55,652,
2024-08-09 14:01:00+05:30,4840,4840,4837.5,4839.55,885,
2024-08-09 14:02:00+05:30,4839.95,4840.2,4837.55,4840,1810,
2024-08-09 14:03:00+05:30,4840,4840,4837.9,4839.55,868,
2024-08-09 14:04:00+05:30,4840,4840,4837.9,4839.95,903,
2024-08-09 14:05:00+05:30,4840,4840.1,4839.85,4840,1035,
2024-08-09 14:06:00+05:30,4840.05,4840.05,4839.9,4840,508,
2024-08-09 14:07:00+05:30,4840,4840.05,4839.6,4840,1213,
2024-08-09 14:08:00+05:30,4840,4840.8,4839.75,4840,1478,
2024-08-09 14:09:00+05:30,4840,4840,4838,4838.05,984,
2024-08-09 14:10:00+05:30,4838.85,4840,4838.85,4839.95,211,
2024-08-09 14:11:00+05:30,4840,4840,4839.85,4840,310,
2024-08-09 14:12:00+05:30,4840,4844,4839.95,4841.65,1202,
2024-08-09 14:13:00+05:30,4841.65,4845,4840,4844.4,2761,
2024-08-09 14:14:00+05:30,4844.4,4847.65,4843.9,4847,552,
2024-08-09 14:15:00+05:30,4847,4847,4845.2,4845.3,254,
2024-08-09 14:16:00+05:30,4845.3,4848.95,4844.2,4846.7,769,
2024-08-09 14:17:00+05:30,4847.1,4849.65,4847,4849.1,573,
2024-08-09 14:18:00+05:30,4849.1,4849.1,4845.25,4845.8,847,
2024-08-09 14:19:00+05:30,4845.8,4847.4,4845.15,4845.3,432,
2024-08-09 14:20:00+05:30,4845.25,4845.45,4844.4,4844.55,280,
2024-08-09 14:21:00+05:30,4844.55,4844.55,4843.5,4843.5,607,
2024-08-09 14:22:00+05:30,4843.5,4843.5,4842.7,4842.75,343,
2024-08-09 14:23:00+05:30,4843,4843.35,4842,4842.45,472,
2024-08-09 14:24:00+05:30,4842.45,4843.3,4842.05,4842.75,271,
2024-08-09 14:25:00+05:30,4842.75,4842.75,4842,4842.4,471,
2024-08-09 14:26:00+05:30,4842.4,4842.4,4842,4842.15,354,
2024-08-09 14:27:00+05:30,4842.15,4842.2,4840.75,4842.05,792,
2024-08-09 14:28:00+05:30,4842.1,4842.1,4840.8,4840.85,344,
2024-08-09 14:29:00+05:30,4840.9,4842.1,4840.25,4841.2,356,
2024-08-09 14:30:00+05:30,4841.2,4844.3,4841.2,4844.3,610,
2024-08-09 14:31:00+05:30,4844.25,4844.25,4840.85,4841,731,
2024-08-09 14:32:00+05:30,4841,4842.65,4840.6,4841.05,1095,
2024-08-09 14:33:00+05:30,4841.5,4842.4,4841,4841.15,220,
2024-08-09 14:34:00+05:30,4841.15,4842.4,4841,4841,330,
2024-08-09 14:35:00+05:30,4841,4842,4841,4841.15,271,
2024-08-09 14:36:00+05:30,4841.35,4841.5,4841,4841.5,308,
2024-08-09 14:37:00+05:30,4841.5,4846.25,4841.2,4845.1,885,
2024-08-09 14:38:00+05:30,4845.1,4845.6,4843,4844.45,475,
2024-08-09 14:39:00+05:30,4844.45,4844.5,4837.25,4839.55,4898,
2024-08-09 14:40:00+05:30,4839.55,4842,4839.55,4840,413,
2024-08-09 14:41:00+05:30,4840,4843.2,4840,4842.95,459,
2024-08-09 14:42:00+05:30,4843.1,4843.1,4840.5,4841.3,638,
2024-08-09 14:43:00+05:30,4841.3,4841.75,4835.55,4837.35,477,
2024-08-09 14:44:00+05:30,4837.35,4838.15,4837.35,4838.1,249,
2024-08-09 14:45:00+05:30,4838.1,4840,4837.95,4839.35,261,
2024-08-09 14:46:00+05:30,4839.35,4840,4839.1,4839.1,151,
2024-08-09 14:47:00+05:30,4839.1,4840.9,4838.95,4840.9,213,
2024-08-09 14:48:00+05:30,4840.9,4843.1,4839.1,4839.55,507,
2024-08-09 14:49:00+05:30,4840,4840,4839.55,4840,127,
2024-08-09 14:50:00+05:30,4840,4842.1,4840,4841.85,158,
2024-08-09 14:51:00+05:30,4841.85,4842,4839.8,4840.4,467,
2024-08-09 14:52:00+05:30,4840.4,4842.9,4840.4,4842,158,
2024-08-09 14:53:00+05:30,4842,4843.15,4842,4843,206,
2024-08-09 14:54:00+05:30,4843,4845,4843,4845,315,
2024-08-09 14:55:00+05:30,4844.9,4845,4840.65,4842.4,405,
2024-08-09 14:56:00+05:30,4841.8,4842.4,4839.15,4841.2,328,
2024-08-09 14:57:00+05:30,4841.2,4842.4,4838.9,4841.25,370,
2024-08-09 14:58:00+05:30,4840.9,4843.15,4840.9,4843.1,247,
2024-08-09 14:59:00+05:30,4843.4,4843.95,4842.85,4843.95,250,
2024-08-09 15:00:00+05:30,4843.6,4843.65,4837.65,4839.55,1384,
2024-08-09 15:01:00+05:30,4839.65,4839.7,4836.85,4837.95,564,
2024-08-09 15:02:00+05:30,4838.4,4838.75,4833.45,4834.05,1217,
2024-08-09 15:03:00+05:30,4834.05,4834.05,4830,4830.6,2625,
2024-08-09 15:04:00+05:30,4830.6,4830.7,4829,4830.25,1011,
2024-08-09 15:05:00+05:30,4830.6,4834.05,4830.4,4833.9,990,
2024-08-09 15:06:00+05:30,4833.9,4838.2,4833.85,4837.75,834,
2024-08-09 15:07:00+05:30,4838.2,4842,4837.75,4841.25,1213,
2024-08-09 15:08:00+05:30,4841.5,4841.55,4836.75,4840,871,
2024-08-09 15:09:00+05:30,4840,4840,4839.4,4839.85,575,
2024-08-09 15:10:00+05:30,4840,4840,4839.05,4840,540,
2024-08-09 15:11:00+05:30,4840,4840,4839.2,4839.75,852,
2024-08-09 15:12:00+05:30,4839.85,4841.25,4835.2,4840.3,1930,
2024-08-09 15:13:00+05:30,4841.25,4841.25,4840.45,4841.25,465,
2024-08-09 15:14:00+05:30,4841.25,4841.3,4840.7,4841.25,1074,
2024-08-09 15:15:00+05:30,4841.3,4841.3,4840.85,4841.2,599,
2024-08-09 15:16:00+05:30,4841.25,4841.25,4827.95,4827.95,3876,
2024-08-09 15:17:00+05:30,4835.5,4835.5,4832,4832.8,1472,
2024-08-09 15:18:00+05:30,4832.8,4835.15,4832.35,4835.15,1944,
2024-08-09 15:19:00+05:30,4835.15,4835.15,4818.35,4818.35,5127,
2024-08-09 15:20:00+05:30,4827.75,4834.2,4816.05,4831.1,9328,
2024-08-09 15:21:00+05:30,4831.1,4831.15,4824.05,4827.3,1106,
2024-08-09 15:22:00+05:30,4825,4826.8,4824.2,4824.5,1517,
2024-08-09 15:23:00+05:30,4824.5,4824.7,4823,4823.45,1919,
2024-08-09 15:24:00+05:30,4823.35,4823.5,4821,4821.25,2152,
2024-08-09 15:25:00+05:30,4821.95,4824.8,4821.25,4824.8,1689,
2024-08-09 15:26:00+05:30,4823.6,4824.75,4820.45,4822.2,1929,
2024-08-09 15:27:00+05:30,4821.45,4829.3,4821.4,4829.3,1032,
2024-08-09 15:28:00+05:30,4827.4,4832.7,4825.85,4827.25,1359,
2024-08-09 15:29:00+05:30,4830.5,4834.4,4827.25,4829,769,
2024-08-12 09:15:00+05:30,4828.95,4828.95,4777.55,4801.6,4140,
2024-08-12 09:16:00+05:30,4796.5,4820,4795.35,4810.7,1237,
2024-08-12 09:17:00+05:30,4814.85,4814.85,4795.4,4800.65,1006,
2024-08-12 09:18:00+05:30,4795.9,4803.6,4790,4793.45,1638,
2024-08-12 09:19:00+05:30,4793.45,4797.35,4783,4789.9,1702,
2024-08-12 09:20:00+05:30,4792.05,4797.05,4787.85,4797.05,569,
2024-08-12 09:21:00+05:30,4797.05,4799.4,4789.4,4789.6,654,
2024-08-12 09:22:00+05:30,4789.5,4801.45,4788.7,4800,1254,
2024-08-12 09:23:00+05:30,4802.05,4810,4799.05,4810,767,
2024-08-12 09:24:00+05:30,4810,4810.95,4799.8,4800.25,1013,
2024-08-12 09:25:00+05:30,4802.5,4802.9,4796.75,4800.3,734,
2024-08-12 09:26:00+05:30,4800.65,4802.7,4795,4797.55,512,
2024-08-12 09:27:00+05:30,4797.55,4797.55,4790.05,4790.6,608,
2024-08-12 09:28:00+05:30,4790.35,4795.35,4790.15,4794.35,897,
2024-08-12 09:29:00+05:30,4794.35,4796.5,4793.5,4794.75,489,
2024-08-12 09:30:00+05:30,4795.3,4805,4792.85,4805,638,
2024-08-12 09:31:00+05:30,4805,4805,4798.75,4800,616,
2024-08-12 09:32:00+05:30,4800,4803.9,4800,4800.1,227,
2024-08-12 09:33:00+05:30,4800,4805.95,4799.7,4805.95,555,
2024-08-12 09:34:00+05:30,4804.2,4807.4,4803.9,4806.25,335,
2024-08-12 09:35:00+05:30,4806.25,4806.25,4802,4802.65,280,
2024-08-12 09:36:00+05:30,4802.65,4813.95,4802.65,4813.95,608,
2024-08-12 09:37:00+05:30,4813.95,4816.25,4806.6,4806.6,1588,
2024-08-12 09:38:00+05:30,4806.6,4812,4806.1,4809.85,336,
2024-08-12 09:39:00+05:30,4811.35,4811.35,4804.75,4810.55,872,
2024-08-12 09:40:00+05:30,4810.55,4810.55,4805.2,4805.5,125,
2024-08-12 09:41:00+05:30,4805,4809.6,4805,4809.4,403,
2024-08-12 09:42:00+05:30,4809.4,4814.05,4808.95,4814.05,275,
2024-08-12 09:43:00+05:30,4814.05,4814.05,4811.4,4811.8,66,
2024-08-12 09:44:00+05:30,4811.8,4814.45,4810.2,4814.45,741,
2024-08-12 09:45:00+05:30,4814.45,4816.25,4811,4811,673,
2024-08-12 09:46:00+05:30,4811,4814,4808,4810,1065,
2024-08-12 09:47:00+05:30,4807.55,4818,4807,4813.4,1032,
2024-08-12 09:48:00+05:30,4815.9,4815.9,4812.45,4814.5,76,
2024-08-12 09:49:00+05:30,4814.5,4814.5,4810.05,4812,115,
2024-08-12 09:50:00+05:30,4811.9,4811.9,4807.05,4807.05,810,
2024-08-12 09:51:00+05:30,4807,4807.75,4800.65,4805.5,934,
2024-08-12 09:52:00+05:30,4805.5,4806.05,4795,4797.45,1407,
2024-08-12 09:53:00+05:30,4797.45,4798.5,4796,4797.95,468,
2024-08-12 09:54:00+05:30,4797.95,4804.95,4797.95,4804.7,693,
2024-08-12 09:55:00+05:30,4804.7,4806.9,4803.4,4805.6,248,
2024-08-12 09:56:00+05:30,4805.6,4808.25,4802.2,4803.75,854,
2024-08-12 09:57:00+05:30,4803.75,4803.75,4801,4803.5,116,
2024-08-12 09:58:00+05:30,4803.5,4803.55,4800,4800,104,
2024-08-12 09:59:00+05:30,4801.5,4802.4,4800,4800.9,257,
2024-08-12 10:00:00+05:30,4800.9,4800.9,4797.9,4798.2,268,
2024-08-12 10:01:00+05:30,4798.2,4800.3,4796.45,4797.9,349,
2024-08-12 10:02:00+05:30,4797.9,4802.55,4794.35,4802.55,936,
2024-08-12 10:03:00+05:30,4803.55,4807.6,4800.5,4804.85,210,
2024-08-12 10:04:00+05:30,4804.85,4806.25,4802,4802.25,596,
2024-08-12 10:05:00+05:30,4802.3,4806.35,4800,4806.35,119,
2024-08-12 10:06:00+05:30,4805.6,4809.95,4804,4805.45,207,
2024-08-12 10:07:00+05:30,4805.45,4807.2,4800.35,4807.05,512,
2024-08-12 10:08:00+05:30,4808,4811.95,4806.4,4811.85,247,
2024-08-12 10:09:00+05:30,4811.9,4824.9,4811.85,4823.55,3016,
2024-08-12 10:10:00+05:30,4823.55,4829.95,4822.5,4828.2,1157,
2024-08-12 10:11:00+05:30,4828.2,4835,4822.5,4832.85,2135,
2024-08-12 10:12:00+05:30,4833.25,4836.2,4830,4836,1075,
2024-08-12 10:13:00+05:30,4836,4840.4,4833.35,4836.3,2594,
2024-08-12 10:14:00+05:30,4836.3,4836.3,4830,4835.2,1332,
2024-08-12 10:15:00+05:30,4835.2,4838.8,4825.1,4827.85,4062,
2024-08-12 10:16:00+05:30,4825.1,4828.95,4824,4827,1667,
2024-08-12 10:17:00+05:30,4827,4828.3,4824.05,4826.8,447,
2024-08-12 10:18:00+05:30,4826.8,4826.8,4822.4,4825.35,217,
2024-08-12 10:19:00+05:30,4825.35,4825.8,4821.95,4824.9,203,
2024-08-12 10:20:00+05:30,4824.9,4824.9,4822.55,4824.85,68,
2024-08-12 10:21:00+05:30,4824.85,4824.85,4818.55,4820.9,576,
2024-08-12 10:22:00+05:30,4820.9,4824.85,4818.55,4824.7,386,
2024-08-12 10:23:00+05:30,4824.4,4824.5,4821.55,4824.5,214,
2024-08-12 10:24:00+05:30,4824.5,4824.5,4818.6,4819.15,111,
2024-08-12 10:25:00+05:30,4819.15,4821,4817.35,4818.45,100,
2024-08-12 10:26:00+05:30,4818.2,4818.25,4816,4817.4,618,
2024-08-12 10:27:00+05:30,4817.4,4819.5,4817.4,4819.5,382,
2024-08-12 10:28:00+05:30,4819.5,4826,4818.75,4826,2086,
2024-08-12 10:29:00+05:30,4826,4826.85,4824.4,4825.6,384,
2024-08-12 10:30:00+05:30,4825.6,4829.95,4823.75,4829.95,401,
2024-08-12 10:31:00+05:30,4829.95,4830,4827.25,4828.65,507,
2024-08-12 10:32:00+05:30,4828.65,4829.95,4828.65,4829.95,67,
2024-08-12 10:33:00+05:30,4829.95,4829.95,4827.55,4829.15,246,
2024-08-12 10:34:00+05:30,4829.15,4829.3,4825.8,4827,101,
2024-08-12 10:35:00+05:30,4827,4827.45,4825.25,4826.05,55,
2024-08-12 10:36:00+05:30,4826.05,4826.2,4823.15,4823.45,140,
2024-08-12 10:37:00+05:30,4823.45,4824.1,4817.35,4819.85,711,
2024-08-12 10:38:00+05:30,4819.85,4825.7,4817.85,4823.55,610,
2024-08-12 10:39:00+05:30,4823.55,4828.5,4823.55,4828,490,
2024-08-12 10:40:00+05:30,4828,4828.45,4824.2,4828.4,312,
2024-08-12 10:41:00+05:30,4828.4,4828.45,4825,4826.25,40,
2024-08-12 10:42:00+05:30,4826.25,4826.25,4825,4825,344,
2024-08-12 10:43:00+05:30,4825,4843.45,4825,4839.55,16271,
2024-08-12 10:44:00+05:30,4839.55,4839.55,4833.9,4836.4,2153,
2024-08-12 10:45:00+05:30,4836.4,4838.8,4830.15,4834.45,894,
2024-08-12 10:46:00+05:30,4834.45,4836.2,4830.05,4831.9,593,
2024-08-12 10:47:00+05:30,4831.9,4835.45,4827,4834.45,1877,
2024-08-12 10:48:00+05:30,4834.45,4840.3,4833.7,4840,362,
2024-08-12 10:49:00+05:30,4840,4847.45,4839.2,4847.45,1193,
2024-08-12 10:50:00+05:30,4847.45,4847.95,4830.3,4830.3,1831,
2024-08-12 10:51:00+05:30,4830,4834.05,4827,4830.6,1169,
2024-08-12 10:52:00+05:30,4830.6,4832.05,4825.85,4832.05,576,
2024-08-12 10:53:00+05:30,4832.05,4832.05,4829.55,4831.85,477,
2024-08-12 10:54:00+05:30,4831.85,4832.45,4829.8,4830.7,697,
2024-08-12 10:55:00+05:30,4830.7,4832.85,4829.55,4832.85,2098,
2024-08-12 10:56:00+05:30,4833.5,4841.75,4830.8,4833.85,1751,
2024-08-12 10:57:00+05:30,4833.85,4839.15,4831.65,4839.15,538,
2024-08-12 10:58:00+05:30,4839.15,4844.95,4838.4,4844.75,638,
2024-08-12 10:59:00+05:30,4844.95,4846.8,4839.6,4843.85,990,
2024-08-12 11:00:00+05:30,4843.85,4846,4842.3,4844.25,559,
2024-08-12 11:01:00+05:30,4844.25,4844.9,4839,4842,360,
2024-08-12 11:02:00+05:30,4839.8,4840,4838.55,4840,373,
2024-08-12 11:03:00+05:30,4840,4841,4838.4,4840,1016,
2024-08-12 11:04:00+05:30,4840,4840,4837.25,4839.55,57,
2024-08-12 11:05:00+05:30,4839.55,4839.55,4837.5,4839.35,71,
2024-08-12 11:06:00+05:30,4839.35,4841.1,4837,4840,498,
2024-08-12 11:07:00+05:30,4840,4840,4837.7,4839.05,126,
2024-08-12 11:08:00+05:30,4839.2,4840,4836.1,4840,1616,
2024-08-12 11:09:00+05:30,4840,4845.35,4837.95,4840,4192,
2024-08-12 11:10:00+05:30,4840,4840,4834,4836.35,905,
2024-08-12 11:11:00+05:30,4836.35,4838.45,4833.45,4835.8,298,
2024-08-12 11:12:00+05:30,4835.8,4840.05,4834.4,4840,592,
2024-08-12 11:13:00+05:30,4840,4840,4837.75,4839,420,
2024-08-12 11:14:00+05:30,4839,4840.05,4838,4840.05,407,
2024-08-12 11:15:00+05:30,4840,4840,4838.25,4839.05,210,
2024-08-12 11:16:00+05:30,4839.05,4840.1,4838,4838.65,211,
2024-08-12 11:17:00+05:30,4838.65,4842.1,4838,4842.1,931,
2024-08-12 11:18:00+05:30,4840,4840,4839.85,4840,2699,
2024-08-12 11:19:00+05:30,4840,4863,4840,4860.95,5352,
2024-08-12 11:20:00+05:30,4860.95,4868.2,4858.35,4867.45,1764,
2024-08-12 11:21:00+05:30,4867.45,4870,4863.25,4870,4144,
2024-08-12 11:22:00+05:30,4864.95,4869.95,4862.4,4868,973,
2024-08-12 11:23:00+05:30,4868,4869.7,4865,4868.8,998,
2024-08-12 11:24:00+05:30,4868.8,4869.75,4865.1,4869.55,749,
2024-08-12 11:25:00+05:30,4869.55,4872.95,4863.5,4867.45,1079,
2024-08-12 11:26:00+05:30,4867.4,4870,4862.1,4863.1,933,
2024-08-12 11:27:00+05:30,4863.1,4866.1,4860,4860,1300,
2024-08-12 11:28:00+05:30,4862.3,4865.65,4859.35,4865,721,
2024-08-12 11:29:00+05:30,4865,4869.2,4862.35,4866.55,846,
2024-08-12 11:30:00+05:30,4862.95,4871.2,4862.95,4868,2191,
2024-08-12 11:31:00+05:30,4868,4872.8,4867.2,4869.7,995,
2024-08-12 11:32:00+05:30,4869.7,4870.75,4856.45,4859.95,3025,
2024-08-12 11:33:00+05:30,4860,4860,4857.8,4859.95,893,
2024-08-12 11:34:00+05:30,4859.95,4860,4857,4859.05,430,
2024-08-12 11:35:00+05:30,4859.05,4860,4856,4857.95,378,
2024-08-12 11:36:00+05:30,4857.95,4857.95,4852.2,4853.2,515,
2024-08-12 11:37:00+05:30,4852.2,4853.2,4847.55,4850.05,663,
2024-08-12 11:38:00+05:30,4850.1,4852.2,4848.85,4850.85,227,
2024-08-12 11:39:00+05:30,4850.95,4855,4848.5,4849.95,820,
2024-08-12 11:40:00+05:30,4849.95,4851.1,4847.55,4851.1,184,
2024-08-12 11:41:00+05:30,4851.1,4851.8,4847.55,4848.1,174,
2024-08-12 11:42:00+05:30,4848.1,4848.1,4844.25,4846,493,
2024-08-12 11:43:00+05:30,4846,4847.45,4839.2,4839.2,2168,
2024-08-12 11:44:00+05:30,4839.2,4840,4835.3,4840,874,
2024-08-12 11:45:00+05:30,4840,4840,4834.75,4839.8,1238,
2024-08-12 11:46:00+05:30,4839.8,4840,4837.5,4839.65,225,
2024-08-12 11:47:00+05:30,4839.65,4840,4835.2,4837.55,277,
2024-08-12 11:48:00+05:30,4837.45,4837.5,4833.55,4836,218,
2024-08-12 11:49:00+05:30,4836,4837.65,4833.8,4836.35,246,
2024-08-12 11:50:00+05:30,4836.35,4836.65,4832.55,4836.65,217,
2024-08-12 11:51:00+05:30,4836.65,4836.7,4830.55,4830.55,346,
2024-08-12 11:52:00+05:30,4830.55,4834.6,4830.2,4834.55,368,
2024-08-12 11:53:00+05:30,4834.55,4838.05,4834,4834,295,
2024-08-12 11:54:00+05:30,4834,4837.35,4834,4835.75,182,
2024-08-12 11:55:00+05:30,4835.75,4835.75,4834.1,4835.75,148,
2024-08-12 11:56:00+05:30,4835.05,4838.5,4833.05,4838.4,331,
2024-08-12 11:57:00+05:30,4837.65,4840,4836.15,4839.15,174,
2024-08-12 11:58:00+05:30,4839.6,4839.7,4831.7,4833.25,326,
2024-08-12 11:59:00+05:30,4833.25,4834.6,4830.35,4833.35,215,
2024-08-12 12:00:00+05:30,4833.35,4833.4,4830,4832.6,257,
2024-08-12 12:01:00+05:30,4833.4,4833.45,4829,4830,486,
2024-08-12 12:02:00+05:30,4829,4830,4827.05,4829.8,378,
2024-08-12 12:03:00+05:30,4829.8,4830,4827.95,4830,241,
2024-08-12 12:04:00+05:30,4830,4830,4828,4830,259,
2024-08-12 12:05:00+05:30,4830,4830,4825,4825.9,673,
2024-08-12 12:06:00+05:30,4825.9,4828.15,4818,4818,3128,
2024-08-12 12:07:00+05:30,4817,4819.95,4816,4819.95,546,
2024-08-12 12:08:00+05:30,4819.95,4820,4817.5,4818.3,344,
2024-08-12 12:09:00+05:30,4819.8,4820,4817.5,4818.95,503,
2024-08-12 12:10:00+05:30,4819.75,4820,4818.1,4819.1,220,
2024-08-12 12:11:00+05:30,4818.2,4820,4818.1,4820,471,
2024-08-12 12:12:00+05:30,4820,4820,4819.05,4820,148,
2024-08-12 12:13:00+05:30,4820,4820,4819.3,4819.95,805,
2024-08-12 12:14:00+05:30,4819.95,4820,4817,4817.7,524,
2024-08-12 12:15:00+05:30,4818,4819.9,4817,4819.9,241,
2024-08-12 12:16:00+05:30,4819.9,4819.9,4812.2,4814.6,706,
2024-08-12 12:17:00+05:30,4815,4815,4813.1,4815,178,
2024-08-12 12:18:00+05:30,4815,4815,4812.55,4813.45,195,
2024-08-12 12:19:00+05:30,4813.45,4814.45,4812.05,4813.85,288,
2024-08-12 12:20:00+05:30,4813,4815.9,4813,4815.5,166,
2024-08-12 12:21:00+05:30,4815.5,4815.5,4813.55,4815,136,
2024-08-12 12:22:00+05:30,4815,4815,4812.75,4813.2,300,
2024-08-12 12:23:00+05:30,4814.55,4814.95,4811.5,4814.1,397,
2024-08-12 12:24:00+05:30,4814.35,4816.7,4811.85,4816.7,264,
2024-08-12 12:25:00+05:30,4816.85,4817.45,4813.8,4816.6,231,
2024-08-12 12:26:00+05:30,4816.65,4824.8,4815,4821.6,646,
2024-08-12 12:27:00+05:30,4823.95,4826.35,4821.6,4824.6,421,
2024-08-12 12:28:00+05:30,4826.2,4836.85,4825.35,4836.85,985,
2024-08-12 12:29:00+05:30,4836.9,4837.75,4831.9,4834.9,895,
2024-08-12 12:30:00+05:30,4834.9,4837,4832.9,4836.95,844,
2024-08-12 12:31:00+05:30,4836.95,4846.45,4833.75,4841.6,15915,
2024-08-12 12:32:00+05:30,4841.6,4844.3,4830,4830,1782,
2024-08-12 12:33:00+05:30,4830,4839.2,4827.8,4838.7,15196,
2024-08-12 12:34:00+05:30,4838.7,4845.55,4838.7,4844.45,679,
2024-08-12 12:35:00+05:30,4844.45,4846,4843.2,4845.5,192,
2024-08-12 12:36:00+05:30,4845.5,4849,4840.8,4847.3,6523,
2024-08-12 12:37:00+05:30,4847.3,4855,4847.1,4852.45,491,
2024-08-12 12:38:00+05:30,4852.45,4854.4,4850.1,4853.85,173,
2024-08-12 12:39:00+05:30,4853.85,4860,4851.9,4857.4,1567,
2024-08-12 12:40:00+05:30,4857.4,4864.9,4853.5,4864.9,1192,
2024-08-12 12:41:00+05:30,4864.95,4869.85,4861.3,4869.85,3853,
2024-08-12 12:42:00+05:30,4869.85,4877.45,4869.85,4877.3,2754,
2024-08-12 12:43:00+05:30,4877.15,4877.5,4869.95,4873.25,495,
2024-08-12 12:44:00+05:30,4872.95,4872.95,4867.65,4872.45,1480,
2024-08-12 12:45:00+05:30,4872.45,4872.6,4863.75,4871.45,4617,
2024-08-12 12:46:00+05:30,4871.45,4872,4861.2,4862.15,4540,
2024-08-12 12:47:00+05:30,4862.15,4874.9,4860,4872.75,888,
2024-08-12 12:48:00+05:30,4875,4876.9,4870.05,4870.55,1159,
2024-08-12 12:49:00+05:30,4870.55,4874.85,4870.55,4874,346,
2024-08-12 12:50:00+05:30,4874,4874.95,4865,4868.75,1376,
2024-08-12 12:51:00+05:30,4865.95,4873,4865.65,4870.9,888,
2024-08-12 12:52:00+05:30,4870.9,4874,4870.9,4872.8,184,
2024-08-12 12:53:00+05:30,4872.8,4874.95,4866.25,4868.95,2024,
2024-08-12 12:54:00+05:30,4867.5,4872.5,4867.25,4872,321,
2024-08-12 12:55:00+05:30,4872,4874.35,4870,4870.85,227,
2024-08-12 12:56:00+05:30,4870.85,4872.35,4870,4870,138,
2024-08-12 12:57:00+05:30,4870,4871.6,4861.15,4863.45,1729,
2024-08-12 12:58:00+05:30,4864.8,4866.2,4861.6,4864.3,268,
2024-08-12 12:59:00+05:30,4864.3,4864.85,4860.85,4860.85,190,
2024-08-12 13:00:00+05:30,4864,4867.45,4860.85,4864.8,852,
2024-08-12 13:01:00+05:30,4867,4873.2,4865,4870,2051,
2024-08-12 13:02:00+05:30,4872.35,4872.55,4870,4871.15,683,
2024-08-12 13:03:00+05:30,4872.6,4872.8,4870,4871.55,686,
2024-08-12 13:04:00+05:30,4872.8,4874.65,4870,4870.05,579,
2024-08-12 13:05:00+05:30,4870.05,4872.5,4865,4865,1062,
2024-08-12 13:06:00+05:30,4865,4871.95,4865,4870.05,4703,
2024-08-12 13:07:00+05:30,4870.05,4872.5,4870,4871.15,158,
2024-08-12 13:08:00+05:30,4871.15,4872.75,4869,4869.1,156,
2024-08-12 13:09:00+05:30,4869.1,4873.15,4869.1,4869.1,441,
2024-08-12 13:10:00+05:30,4869.1,4872.75,4869.1,4870,199,
2024-08-12 13:11:00+05:30,4870,4872.95,4870,4870.5,154,
2024-08-12 13:12:00+05:30,4870.5,4872.8,4870.5,4870.9,306,
2024-08-12 13:13:00+05:30,4870.9,4872.45,4867,4867,855,
2024-08-12 13:14:00+05:30,4867.2,4872,4867.2,4870,136,
2024-08-12 13:15:00+05:30,4870,4872,4870,4870,185,
2024-08-12 13:16:00+05:30,4870,4872,4870,4870,345,
2024-08-12 13:17:00+05:30,4870,4872,4870,4871.05,558,
2024-08-12 13:18:00+05:30,4871.05,4874.95,4870.2,4874.95,670,
2024-08-12 13:19:00+05:30,4874.95,4875,4874,4875,210,
2024-08-12 13:20:00+05:30,4875,4875,4870.1,4873.6,184,
2024-08-12 13:21:00+05:30,4873.6,4873.6,4870,4870.15,273,
2024-08-12 13:22:00+05:30,4870.15,4876.05,4870,4875,1852,
2024-08-12 13:23:00+05:30,4875,4883.2,4875,4877.05,2138,
2024-08-12 13:24:00+05:30,4877.05,4879.95,4876,4876,408,
2024-08-12 13:25:00+05:30,4876,4877,4871.55,4871.7,691,
2024-08-12 13:26:00+05:30,4871.7,4873.45,4870.1,4871.1,258,
2024-08-12 13:27:00+05:30,4873.2,4875.1,4871,4871.75,187,
2024-08-12 13:28:00+05:30,4871.75,4877.1,4871.75,4874.5,186,
2024-08-12 13:29:00+05:30,4874.5,4880,4874.3,4876.05,2090,
2024-08-12 13:30:00+05:30,4878.4,4880,4875.85,4877.5,268,
2024-08-12 13:31:00+05:30,4879.9,4879.9,4875,4875.05,695,
2024-08-12 13:32:00+05:30,4875.05,4879,4875,4877.85,96,
2024-08-12 13:33:00+05:30,4877.85,4879,4875.9,4876.55,148,
2024-08-12 13:34:00+05:30,4876.55,4880.35,4876.4,4880.2,383,
2024-08-12 13:35:00+05:30,4882.35,4885,4880.15,4881,726,
2024-08-12 13:36:00+05:30,4881,4885,4881,4883,481,
2024-08-12 13:37:00+05:30,4883,4885.95,4883,4885,756,
2024-08-12 13:38:00+05:30,4885.3,4885.3,4881.3,4881.7,308,
2024-08-12 13:39:00+05:30,4883.85,4884.75,4879.8,4880.9,1134,
2024-08-12 13:40:00+05:30,4882.9,4882.9,4874.35,4875.05,260,
2024-08-12 13:41:00+05:30,4875.05,4878,4872.55,4878,809,
2024-08-12 13:42:00+05:30,4878,4881.4,4878,4879.65,216,
2024-08-12 13:43:00+05:30,4879.65,4881.05,4878,4878,211,
2024-08-12 13:44:00+05:30,4878,4879.95,4875,4875,246,
2024-08-12 13:45:00+05:30,4876.95,4878.35,4875,4875,234,
2024-08-12 13:46:00+05:30,4875,4880,4875,4879.85,135,
2024-08-12 13:47:00+05:30,4879.85,4879.85,4875,4876.25,297,
2024-08-12 13:48:00+05:30,4876.25,4878.25,4875,4875.45,201,
2024-08-12 13:49:00+05:30,4875.45,4880.55,4875.05,4877.3,180,
2024-08-12 13:50:00+05:30,4877.3,4880.9,4875.55,4877.5,342,
2024-08-12 13:51:00+05:30,4877.05,4880.15,4876.25,4877.25,201,
2024-08-12 13:52:00+05:30,4877.25,4880.85,4877.25,4880.5,330,
2024-08-12 13:53:00+05:30,4880.5,4881,4880,4880,503,
2024-08-12 13:54:00+05:30,4880,4882.4,4880,4882,176,
2024-08-12 13:55:00+05:30,4882,4883.25,4878.85,4878.85,556,
2024-08-12 13:56:00+05:30,4880,4880,4877.55,4880,222,
2024-08-12 13:57:00+05:30,4880,4882,4880,4880.9,302,
2024-08-12 13:58:00+05:30,4880.9,4882,4880,4880.05,249,
2024-08-12 13:59:00+05:30,4880.05,4883.7,4880.05,4880.7,264,
2024-08-12 14:00:00+05:30,4882.55,4883.85,4880.7,4883.85,274,
2024-08-12 14:01:00+05:30,4884.75,4884.75,4881.95,4882.65,248,
2024-08-12 14:02:00+05:30,4882.65,4884.7,4882.4,4884.7,119,
2024-08-12 14:03:00+05:30,4884.7,4888.2,4882.85,4885,1175,
2024-08-12 14:04:00+05:30,4886.9,4887.95,4885,4887.75,345,
2024-08-12 14:05:00+05:30,4887.95,4887.95,4885,4885,277,
2024-08-12 14:06:00+05:30,4885,4890,4885,4888.2,624,
2024-08-12 14:07:00+05:30,4888.2,4890,4888.2,4889.3,390,
2024-08-12 14:08:00+05:30,4889.3,4889.9,4888.2,4888.8,204,
2024-08-12 14:09:00+05:30,4889.85,4898.2,4888.2,4892.7,2228,
2024-08-12 14:10:00+05:30,4892.7,4895.7,4891.4,4892,537,
2024-08-12 14:11:00+05:30,4892,4895,4888,4888,931,
2024-08-12 14:12:00+05:30,4888,4891.3,4887,4887.8,325,
2024-08-12 14:13:00+05:30,4887.8,4888,4886,4886.05,545,
2024-08-12 14:14:00+05:30,4888,4888,4885.6,4885.6,516,
2024-08-12 14:15:00+05:30,4885.85,4887,4885.6,4886,192,
2024-08-12 14:16:00+05:30,4886,4888,4885.6,4887,185,
2024-08-12 14:17:00+05:30,4886.9,4887.9,4885,4887,215,
2024-08-12 14:18:00+05:30,4887.9,4887.9,4885,4885,196,
2024-08-12 14:19:00+05:30,4885,4886.95,4883.05,4883.25,201,
2024-08-12 14:20:00+05:30,4885.35,4886.2,4880,4882.1,408,
2024-08-12 14:21:00+05:30,4882.1,4882.7,4879,4880,1406,
2024-08-12 14:22:00+05:30,4880,4882.55,4880,4880.75,505,
2024-08-12 14:23:00+05:30,4880.75,4882.7,4880.55,4880.6,215,
2024-08-12 14:24:00+05:30,4882.55,4882.55,4880,4880,747,
2024-08-12 14:25:00+05:30,4880.6,4883,4880,4880,205,
2024-08-12 14:26:00+05:30,4880,4882,4880,4880.95,539,
2024-08-12 14:27:00+05:30,4880.95,4881.95,4880.3,4880.5,262,
2024-08-12 14:28:00+05:30,4880.5,4882,4880.4,4881.95,214,
2024-08-12 14:29:00+05:30,4881.2,4885,4881,4883.4,385,
2024-08-12 14:30:00+05:30,4883.5,4890.75,4883.5,4890.75,1283,
2024-08-12 14:31:00+05:30,4890.75,4892.95,4883.1,4887,1715,
2024-08-12 14:32:00+05:30,4887,4888.1,4885,4886.65,446,
2024-08-12 14:33:00+05:30,4886.65,4889.6,4886.35,4887.1,323,
2024-08-12 14:34:00+05:30,4887.1,4889.9,4886.95,4888.35,258,
2024-08-12 14:35:00+05:30,4888.35,4889.8,4882,4882,4824,
2024-08-12 14:36:00+05:30,4882,4882,4876.55,4877.15,1245,
2024-08-12 14:37:00+05:30,4877.15,4880.95,4875.05,4875.45,780,
2024-08-12 14:38:00+05:30,4875.45,4886.35,4874.75,4882.35,2101,
2024-08-12 14:39:00+05:30,4882.35,4887.45,4882.35,4884,537,
2024-08-12 14:40:00+05:30,4884,4887.6,4884,4884.65,299,
2024-08-12 14:41:00+05:30,4884.65,4886.7,4881.55,4881.55,167,
2024-08-12 14:42:00+05:30,4881.55,4885,4881.55,4881.55,466,
2024-08-12 14:43:00+05:30,4881.55,4885,4881.55,4883.95,203,
2024-08-12 14:44:00+05:30,4883.95,4887.95,4882.6,4887.05,1112,
2024-08-12 14:45:00+05:30,4887.05,4895.3,4887.05,4895.25,2375,
2024-08-12 14:46:00+05:30,4895.25,4896.55,4892.9,4895.6,535,
2024-08-12 14:47:00+05:30,4895.6,4896.2,4891.45,4892.55,1180,
2024-08-12 14:48:00+05:30,4892.55,4893.65,4891.65,4892,277,
2024-08-12 14:49:00+05:30,4892,4894,4890.85,4892.8,1554,
2024-08-12 14:50:00+05:30,4892,4893.9,4886.2,4889.5,1156,
2024-08-12 14:51:00+05:30,4889.5,4892.65,4888,4889.9,435,
2024-08-12 14:52:00+05:30,4889.9,4889.9,4879.55,4881,1060,
2024-08-12 14:53:00+05:30,4880.7,4882.15,4877,4880,1824,
2024-08-12 14:54:00+05:30,4880,4882.65,4877,4877,2450,
2024-08-12 14:55:00+05:30,4877,4880,4876.3,4877.15,1341,
2024-08-12 14:56:00+05:30,4877.15,4882.4,4877.15,4880,1271,
2024-08-12 14:57:00+05:30,4880,4880.85,4877.15,4877.5,2750,
2024-08-12 14:58:00+05:30,4877.5,4880,4877.15,4878.3,358,
2024-08-12 14:59:00+05:30,4878.05,4879.6,4877,4878.15,393,
2024-08-12 15:00:00+05:30,4878.1,4881.6,4872.55,4873,4112,
2024-08-12 15:01:00+05:30,4873,4873.4,4865.45,4867.9,4502,
2024-08-12 15:02:00+05:30,4867.2,4874.95,4867.2,4874.55,1512,
2024-08-12 15:03:00+05:30,4873.8,4877.3,4872.9,4876.7,1118,
2024-08-12 15:04:00+05:30,4876.7,4880,4876.35,4878.55,3247,
2024-08-12 15:05:00+05:30,4878.55,4885.5,4878.55,4881.75,969,
2024-08-12 15:06:00+05:30,4881.35,4883.8,4876.2,4882.9,1374,
2024-08-12 15:07:00+05:30,4882.8,4886.65,4881,4886.35,5015,
2024-08-12 15:08:00+05:30,4886.35,4889.25,4882.25,4882.25,840,
2024-08-12 15:09:00+05:30,4882,4885,4878.5,4879.15,700,
2024-08-12 15:10:00+05:30,4879.15,4879.85,4872.1,4879.05,710,
2024-08-12 15:11:00+05:30,4878.55,4883.8,4878.55,4880.05,4383,
2024-08-12 15:12:00+05:30,4880.1,4885.3,4880.1,4883.85,6080,
2024-08-12 15:13:00+05:30,4883.65,4892.85,4880,4890.05,12460,
2024-08-12 15:14:00+05:30,4890.05,4892.9,4890,4892.9,7981,
2024-08-12 15:15:00+05:30,4892.9,4900.8,4892.2,4900,6515,
2024-08-12 15:16:00+05:30,4900,4901.35,4899,4901.35,7795,
2024-08-12 15:17:00+05:30,4901.3,4901.7,4898.7,4900,4671,
2024-08-12 15:18:00+05:30,4900,4900.8,4899,4900.1,10288,
2024-08-12 15:19:00+05:30,4900.1,4902.45,4899,4901.45,2805,
2024-08-12 15:20:00+05:30,4901.15,4905,4900,4901.75,2664,
2024-08-12 15:21:00+05:30,4901.9,4903.1,4900,4900.1,1131,
2024-08-12 15:22:00+05:30,4900.1,4900.15,4900,4900,2078,
2024-08-12 15:23:00+05:30,4900.1,4900.3,4900,4900.3,894,
2024-08-12 15:24:00+05:30,4900.3,4902.15,4900,4901,2269,
2024-08-12 15:25:00+05:30,4901,4901.05,4898.1,4900.9,1809,
2024-08-12 15:26:00+05:30,4899.15,4901.95,4899.15,4900,1846,
2024-08-12 15:27:00+05:30,4900.75,4901.2,4899,4899,1854,
2024-08-12 15:28:00+05:30,4899,4901,4898.85,4900,3921,
2024-08-12 15:29:00+05:30,4900.05,4900.75,4900,4900.4,3215,
2024-08-13 09:15:00+05:30,4900,4919.95,4803.05,4814.9,14425,
2024-08-13 09:16:00+05:30,4815.2,4822.4,4810,4816.75,4138,
2024-08-13 09:17:00+05:30,4816.75,4831.05,4816.75,4831,1787,
2024-08-13 09:18:00+05:30,4831.25,4838.95,4825.35,4829.4,3413,
2024-08-13 09:19:00+05:30,4829.4,4841.55,4829.4,4833.9,2041,
2024-08-13 09:20:00+05:30,4833.9,4848.55,4830.1,4844,1367,
2024-08-13 09:21:00+05:30,4844,4844.9,4835,4838,1595,
2024-08-13 09:22:00+05:30,4838,4841.8,4828,4841.65,2312,
2024-08-13 09:23:00+05:30,4842,4856.95,4841.05,4851.05,1528,
2024-08-13 09:24:00+05:30,4845.05,4849.75,4842.05,4842.05,1055,
2024-08-13 09:25:00+05:30,4842.05,4853.5,4842.05,4850.45,810,
2024-08-13 09:26:00+05:30,4848.75,4853,4848.35,4853,748,
2024-08-13 09:27:00+05:30,4854.4,4854.4,4848.65,4848.65,1428,
2024-08-13 09:28:00+05:30,4851.95,4851.95,4848.95,4850.8,404,
2024-08-13 09:29:00+05:30,4851,4863.45,4851,4863.45,1368,
2024-08-13 09:30:00+05:30,4862.1,4868.05,4861.2,4865,1164,
2024-08-13 09:31:00+05:30,4865,4865,4852.1,4854.65,1630,
2024-08-13 09:32:00+05:30,4853,4854.65,4850,4851.85,843,
2024-08-13 09:33:00+05:30,4853.9,4859,4853.9,4859,175,
2024-08-13 09:34:00+05:30,4859,4864.45,4857.6,4864,429,
2024-08-13 09:35:00+05:30,4864,4865,4850.6,4851.05,2015,
2024-08-13 09:36:00+05:30,4850,4851.05,4840.1,4840.1,2683,
2024-08-13 09:37:00+05:30,4840.1,4842.45,4834.75,4839,1998,
2024-08-13 09:38:00+05:30,4837.1,4839,4833,4835.3,964,
2024-08-13 09:39:00+05:30,4833,4837,4833,4834.85,626,
2024-08-13 09:40:00+05:30,4834.85,4838.65,4833,4836.4,676,
2024-08-13 09:41:00+05:30,4836.4,4839.75,4833.7,4839.75,514,
2024-08-13 09:42:00+05:30,4837.85,4848.5,4837.85,4845.65,526,
2024-08-13 09:43:00+05:30,4845.65,4845.8,4842.1,4844.4,539,
2024-08-13 09:44:00+05:30,4842.95,4853.5,4842.2,4851.6,813,
2024-08-13 09:45:00+05:30,4851.6,4854.8,4850.55,4850.7,591,
2024-08-13 09:46:00+05:30,4852.85,4859,4848,4851.8,1970,
2024-08-13 09:47:00+05:30,4851.4,4861.45,4850.45,4861.45,1628,
2024-08-13 09:48:00+05:30,4861.45,4867.45,4860,4865.2,1661,
2024-08-13 09:49:00+05:30,4865.2,4865.75,4861.05,4861.05,200,
2024-08-13 09:50:00+05:30,4861.05,4863.9,4855.65,4859.4,480,
2024-08-13 09:51:00+05:30,4859.4,4859.4,4855,4857.65,367,
2024-08-13 09:52:00+05:30,4857.65,4859.35,4854.95,4858.25,497,
2024-08-13 09:53:00+05:30,4855.7,4858.25,4852.75,4852.75,367,
2024-08-13 09:54:00+05:30,4854.55,4855,4851.2,4851.25,289,
2024-08-13 09:55:00+05:30,4851.25,4854.7,4850.35,4851.4,346,
2024-08-13 09:56:00+05:30,4851.4,4851.4,4843.65,4847.75,466,
2024-08-13 09:57:00+05:30,4844.7,4850,4842.1,4850,903,
2024-08-13 09:58:00+05:30,4850,4856.85,4849.9,4856.85,277,
2024-08-13 09:59:00+05:30,4856.85,4859.95,4855.85,4857.15,352,
2024-08-13 10:00:00+05:30,4859.55,4859.55,4857.1,4859,125,
2024-08-13 10:01:00+05:30,4859,4863.55,4859,4863.55,106,
2024-08-13 10:02:00+05:30,4862.15,4864,4861,4863.55,885,
2024-08-13 10:03:00+05:30,4863.55,4865,4860.05,4863.45,1294,
2024-08-13 10:04:00+05:30,4863.45,4869,4863.45,4866.65,563,
2024-08-13 10:05:00+05:30,4866.65,4869,4863.25,4864.9,252,
2024-08-13 10:06:00+05:30,4864.9,4866.65,4861.55,4864.6,838,
2024-08-13 10:07:00+05:30,4864.6,4864.6,4861.35,4861.7,246,
2024-08-13 10:08:00+05:30,4861.7,4864,4861.7,4864,99,
2024-08-13 10:09:00+05:30,4864,4874,4862.15,4871.6,2849,
2024-08-13 10:10:00+05:30,4871.6,4873.1,4869.05,4870.9,463,
2024-08-13 10:11:00+05:30,4870.9,4871,4869,4869,165,
2024-08-13 10:12:00+05:30,4869,4872.6,4869,4872.6,105,
2024-08-13 10:13:00+05:30,4872.6,4874,4871.05,4874,584,
2024-08-13 10:14:00+05:30,4874,4875,4871.85,4873.1,1210,
2024-08-13 10:15:00+05:30,4873.4,4875,4873,4873,213,
2024-08-13 10:16:00+05:30,4873,4873.55,4871.5,4873.5,34,
2024-08-13 10:17:00+05:30,4873.5,4878.8,4873.5,4875.85,629,
2024-08-13 10:18:00+05:30,4877.95,4885,4877.95,4881.6,930,
2024-08-13 10:19:00+05:30,4881.6,4884.7,4879.95,4882.7,425,
2024-08-13 10:20:00+05:30,4882.7,4884.9,4881.3,4883.5,229,
2024-08-13 10:21:00+05:30,4883.5,4884.75,4877.45,4877.45,497,
2024-08-13 10:22:00+05:30,4877.4,4879,4875.9,4875.9,622,
2024-08-13 10:23:00+05:30,4875.9,4876.65,4872.6,4876.6,352,
2024-08-13 10:24:00+05:30,4876.9,4876.9,4870,4870,377,
2024-08-13 10:25:00+05:30,4870,4871.2,4864.75,4871,251,
2024-08-13 10:26:00+05:30,4871,4872.65,4869.75,4869.9,48,
2024-08-13 10:27:00+05:30,4869.8,4871.55,4869.8,4871.3,30,
2024-08-13 10:28:00+05:30,4871.3,4873.15,4871.3,4873.15,4,
2024-08-13 10:29:00+05:30,4873.15,4873.35,4869.8,4871.3,242,
2024-08-13 10:30:00+05:30,4871.3,4871.55,4861.15,4861.15,146,
2024-08-13 10:31:00+05:30,4861.15,4864.25,4861.15,4864.25,247,
2024-08-13 10:32:00+05:30,4864.25,4866.55,4861.6,4865.9,617,
2024-08-13 10:33:00+05:30,4865.9,4867.2,4862.4,4865.15,9,
2024-08-13 10:34:00+05:30,4865.15,4870,4865.15,4868,81,
2024-08-13 10:35:00+05:30,4868,4871.6,4868,4869.6,99,
2024-08-13 10:36:00+05:30,4869.6,4872.85,4869.6,4872.85,169,
2024-08-13 10:37:00+05:30,4872.85,4876,4871.95,4876,460,
2024-08-13 10:38:00+05:30,4876,4877.35,4875.15,4877.35,397,
2024-08-13 10:39:00+05:30,4877.35,4878.75,4877,4878.75,11,
2024-08-13 10:40:00+05:30,4878.75,4880,4878.75,4879.55,185,
2024-08-13 10:41:00+05:30,4879.55,4879.55,4870.75,4871,1559,
2024-08-13 10:42:00+05:30,4871,4871,4870,4870.95,80,
2024-08-13 10:43:00+05:30,4870.95,4871,4870.95,4871,9,
2024-08-13 10:44:00+05:30,4871,4874.95,4871,4874.95,120,
2024-08-13 10:45:00+05:30,4874.95,4877.8,4874.95,4875.65,22,
2024-08-13 10:46:00+05:30,4875.65,4877.95,4875.65,4877.9,106,
2024-08-13 10:47:00+05:30,4877.85,4879.55,4875.65,4877.95,329,
2024-08-13 10:48:00+05:30,4877.95,4883,4877.95,4882.3,383,
2024-08-13 10:49:00+05:30,4882.3,4883.85,4882.2,4883.85,49,
2024-08-13 10:50:00+05:30,4883.85,4883.95,4879.15,4883,328,
2024-08-13 10:51:00+05:30,4882,4883,4881.1,4883,122,
2024-08-13 10:52:00+05:30,4883,4883,4880.9,4880.95,53,
2024-08-13 10:53:00+05:30,4880.95,4882.9,4880.95,4881,201,
2024-08-13 10:54:00+05:30,4881,4881.35,4880,4880,75,
2024-08-13 10:55:00+05:30,4880,4882.6,4880,4880.95,42,
2024-08-13 10:56:00+05:30,4880.95,4882.9,4880.95,4882.65,242,
2024-08-13 10:57:00+05:30,4882.65,4882.9,4881.05,4881.05,193,
2024-08-13 10:58:00+05:30,4882.8,4887.6,4882.8,4886.5,996,
2024-08-13 10:59:00+05:30,4886.5,4887.6,4886.5,4886.5,126,
2024-08-13 11:00:00+05:30,4886.5,4901.45,4886.5,4901.45,2107,
2024-08-13 11:01:00+05:30,4899.05,4901.45,4892.1,4897.7,1117,
2024-08-13 11:02:00+05:30,4897.7,4898.7,4893.25,4896.2,223,
2024-08-13 11:03:00+05:30,4896.2,4899,4894.05,4894.8,590,
2024-08-13 11:04:00+05:30,4894.8,4894.8,4890,4890,2537,
2024-08-13 11:05:00+05:30,4890,4892.1,4886.7,4891.45,85,
2024-08-13 11:06:00+05:30,4891.45,4891.45,4884.85,4885.65,280,
2024-08-13 11:07:00+05:30,4885.65,4887,4885.65,4885.9,8,
2024-08-13 11:08:00+05:30,4885.9,4893.7,4885.9,4893.7,443,
2024-08-13 11:09:00+05:30,4893.7,4894.85,4890.95,4892.95,197,
2024-08-13 11:10:00+05:30,4892.95,4894.8,4891.35,4891.35,83,
2024-08-13 11:11:00+05:30,4890.9,4891.8,4887.2,4887.2,43,
2024-08-13 11:12:00+05:30,4888.5,4888.5,4885.2,4885.55,86,
2024-08-13 11:13:00+05:30,4885.55,4890,4885.55,4887.5,80,
2024-08-13 11:14:00+05:30,4889.85,4889.85,4887.05,4887.05,89,
2024-08-13 11:15:00+05:30,4887.05,4889.25,4887.05,4889.15,44,
2024-08-13 11:16:00+05:30,4889.15,4889.8,4887.05,4887.05,119,
2024-08-13 11:17:00+05:30,4887.05,4889,4887.05,4889,55,
2024-08-13 11:18:00+05:30,4887.1,4889,4887.05,4887.1,40,
2024-08-13 11:19:00+05:30,4887.1,4888.9,4887.1,4887.75,63,
2024-08-13 11:20:00+05:30,4887.75,4887.75,4885,4885,127,
2024-08-13 11:21:00+05:30,4885,4887.95,4884.55,4885.95,140,
2024-08-13 11:22:00+05:30,4885.95,4885.95,4885.95,4885.95,141,
2024-08-13 11:23:00+05:30,4885,4888.2,4884.3,4886.95,219,
2024-08-13 11:24:00+05:30,4886.95,4886.95,4886.1,4886.55,57,
2024-08-13 11:25:00+05:30,4886.55,4886.55,4880.75,4886.05,360,
2024-08-13 11:26:00+05:30,4886.05,4886.75,4885.65,4886.75,9,
2024-08-13 11:27:00+05:30,4886.75,4889,4885.85,4889,141,
2024-08-13 11:28:00+05:30,4889,4890,4888,4888,253,
2024-08-13 11:29:00+05:30,4888,4894.85,4888,4894.8,1049,
2024-08-13 11:30:00+05:30,4894.8,4895.05,4890.1,4890.1,448,
2024-08-13 11:31:00+05:30,4890.1,4892,4888,4892,9,
2024-08-13 11:32:00+05:30,4892,4892.1,4887.9,4890.8,678,
2024-08-13 11:33:00+05:30,4890.8,4890.8,4890.8,4890.8,5,
2024-08-13 11:34:00+05:30,4888.6,4890.6,4888.6,4890,24,
2024-08-13 11:35:00+05:30,4890,4890,4888,4889.4,204,
2024-08-13 11:36:00+05:30,4889.4,4895,4887.85,4895,1043,
2024-08-13 11:37:00+05:30,4898.95,4898.95,4893.55,4894.7,924,
2024-08-13 11:38:00+05:30,4894.7,4898.95,4893.55,4896.4,259,
2024-08-13 11:39:00+05:30,4896.4,4898.9,4894.5,4894.5,133,
2024-08-13 11:40:00+05:30,4894.5,4900,4894.5,4899.85,1458,
2024-08-13 11:41:00+05:30,4897.6,4899.85,4897.4,4897.4,219,
2024-08-13 11:42:00+05:30,4897.4,4897.4,4893.4,4897.4,272,
2024-08-13 11:43:00+05:30,4897.4,4897.4,4894.85,4895.25,68,
2024-08-13 11:44:00+05:30,4895.25,4895.25,4892.6,4894.2,99,
2024-08-13 11:45:00+05:30,4894.2,4894.2,4892.3,4893.95,2,
2024-08-13 11:46:00+05:30,4893.95,4893.95,4893,4893,8,
2024-08-13 11:47:00+05:30,4893,4893.5,4891,4891,288,
2024-08-13 11:48:00+05:30,4891,4892.8,4889.6,4892.8,130,
2024-08-13 11:49:00+05:30,4892.8,4892.8,4890.45,4892.8,91,
2024-08-13 11:50:00+05:30,4892.8,4892.8,4890.8,4890.8,39,
2024-08-13 11:51:00+05:30,4890.05,4894.55,4888.3,4894.55,1575,
2024-08-13 11:52:00+05:30,4894.55,4895,4892.55,4895,64,
2024-08-13 11:53:00+05:30,4895,4895.55,4895,4895.55,57,
2024-08-13 11:54:00+05:30,4895.55,4895.55,4895.55,4895.55,2,
2024-08-13 11:55:00+05:30,4895.55,4895.55,4894.5,4895,88,
2024-08-13 11:56:00+05:30,4895,4898,4893,4894.7,445,
2024-08-13 11:57:00+05:30,4894.7,4896.95,4894.7,4896.85,14,
2024-08-13 11:58:00+05:30,4896.85,4896.95,4894.8,4896.9,17,
2024-08-13 11:59:00+05:30,4896.9,4897.4,4895.05,4897.4,32,
2024-08-13 12:00:00+05:30,4897.4,4897.4,4895,4897.2,69,
2024-08-13 12:01:00+05:30,4895,4897.2,4895,4895,24,
2024-08-13 12:02:00+05:30,4895,4897,4894.9,4894.9,36,
2024-08-13 12:03:00+05:30,4894.9,4899.05,4893.2,4893.2,396,
2024-08-13 12:04:00+05:30,4893,4894.1,4889.75,4889.75,291,
2024-08-13 12:05:00+05:30,4889.75,4889.75,4882,4884.5,437,
2024-08-13 12:06:00+05:30,4884.5,4885.05,4881,4884.35,352,
2024-08-13 12:07:00+05:30,4884.35,4884.7,4880.45,4883.25,283,
2024-08-13 12:08:00+05:30,4883.25,4884.7,4882.75,4882.75,69,
2024-08-13 12:09:00+05:30,4882.75,4884.8,4880.3,4882.75,60,
2024-08-13 12:10:00+05:30,4882.95,4883.35,4880.9,4883.15,115,
2024-08-13 12:11:00+05:30,4882.6,4885.5,4882.6,4885.5,21,
2024-08-13 12:12:00+05:30,4885.5,4885.5,4882.6,4885.05,56,
2024-08-13 12:13:00+05:30,4885.05,4885.05,4882.15,4882.3,23,
2024-08-13 12:14:00+05:30,4882.3,4885.6,4882.3,4885.6,13,
2024-08-13 12:15:00+05:30,4885.6,4885.75,4882,4883.05,27,
2024-08-13 12:16:00+05:30,4883.05,4883.05,4880,4881.85,155,
2024-08-13 12:17:00+05:30,4881.85,4883.4,4880.05,4883.4,49,
2024-08-13 12:18:00+05:30,4881.05,4882.65,4880,4882.1,212,
2024-08-13 12:19:00+05:30,4882.1,4882.55,4880.05,4881.1,172,
2024-08-13 12:20:00+05:30,4881.1,4883.9,4881.1,4883.35,34,
2024-08-13 12:21:00+05:30,4883.35,4884.05,4881.2,4883.35,116,
2024-08-13 12:22:00+05:30,4883.35,4884.05,4881.6,4881.6,40,
2024-08-13 12:23:00+05:30,4881.6,4883.85,4881.5,4881.5,15,
2024-08-13 12:24:00+05:30,4881.5,4883.8,4880.25,4881.15,957,
2024-08-13 12:25:00+05:30,4881.2,4881.2,4878.3,4881.1,121,
2024-08-13 12:26:00+05:30,4881.1,4881.2,4878.25,4878.25,66,
2024-08-13 12:27:00+05:30,4876.8,4883.7,4876.8,4883.7,266,
2024-08-13 12:28:00+05:30,4880.9,4884.2,4880.9,4884.2,224,
2024-08-13 12:29:00+05:30,4882.25,4883.9,4882.25,4883.9,7,
2024-08-13 12:30:00+05:30,4883.9,4885.45,4883.05,4885.45,71,
2024-08-13 12:31:00+05:30,4885.45,4885.5,4881.55,4883.65,103,
2024-08-13 12:32:00+05:30,4883.65,4883.75,4880,4881.95,66,
2024-08-13 12:33:00+05:30,4881.95,4884.1,4878.15,4881.9,213,
2024-08-13 12:34:00+05:30,4879.35,4879.35,4872.4,4872.4,120,
2024-08-13 12:35:00+05:30,4872.4,4876.1,4872.4,4876.1,204,
2024-08-13 12:36:00+05:30,4876.1,4878.15,4872.25,4876.25,320,
2024-08-13 12:37:00+05:30,4876.25,4879,4876.25,4876.95,46,
2024-08-13 12:38:00+05:30,4876.95,4880.1,4876.6,4879,147,
2024-08-13 12:39:00+05:30,4879,4879.85,4876.95,4879.85,79,
2024-08-13 12:40:00+05:30,4879.85,4880.4,4877.45,4877.65,246,
2024-08-13 12:41:00+05:30,4877.65,4880.15,4877.15,4877.15,137,
2024-08-13 12:42:00+05:30,4879.15,4879.35,4877.15,4879.35,8,
2024-08-13 12:43:00+05:30,4879.35,4879.35,4874.35,4878.4,185,
2024-08-13 12:44:00+05:30,4878.4,4878.6,4878.1,4878.1,57,
2024-08-13 12:45:00+05:30,4878.1,4880,4877.4,4877.4,36,
2024-08-13 12:46:00+05:30,4879.15,4879.15,4874,4874,59,
2024-08-13 12:47:00+05:30,4874,4876.65,4873.65,4876.3,149,
2024-08-13 12:48:00+05:30,4876.35,4876.35,4874.1,4874.25,51,
2024-08-13 12:49:00+05:30,4874.1,4879,4874.1,4879,467,
2024-08-13 12:50:00+05:30,4879,4884.95,4878.9,4882.4,406,
2024-08-13 12:51:00+05:30,4882.4,4885,4880.85,4883.85,440,
2024-08-13 12:52:00+05:30,4883.85,4883.85,4879.05,4880.4,120,
2024-08-13 12:53:00+05:30,4880.4,4883.25,4878.7,4881.95,185,
2024-08-13 12:54:00+05:30,4881.95,4881.95,4879.75,4879.75,90,
2024-08-13 12:55:00+05:30,4879.75,4879.9,4878,4879.9,64,
2024-08-13 12:56:00+05:30,4879.9,4879.9,4878,4879.8,50,
2024-08-13 12:57:00+05:30,4879.8,4879.8,4878,4878,10,
2024-08-13 12:58:00+05:30,4878,4880.95,4878,4878.55,111,
2024-08-13 12:59:00+05:30,4878.55,4881,4878.4,4880.15,23,
2024-08-13 13:00:00+05:30,4880.85,4881.9,4878,4881.85,423,
2024-08-13 13:01:00+05:30,4881.85,4882.25,4878.55,4881.7,328,
2024-08-13 13:02:00+05:30,4881.7,4881.7,4873.95,4874.15,646,
2024-08-13 13:03:00+05:30,4874.15,4879.4,4872,4872,928,
2024-08-13 13:04:00+05:30,4872,4875.65,4870.9,4872,818,
2024-08-13 13:05:00+05:30,4872,4882.2,4870,4882.2,778,
2024-08-13 13:06:00+05:30,4882.2,4883.55,4879.25,4879.25,267,
2024-08-13 13:07:00+05:30,4877.15,4879.25,4876.35,4879.2,65,
2024-08-13 13:08:00+05:30,4879.2,4880.4,4876.35,4878.95,150,
2024-08-13 13:09:00+05:30,4878.95,4879.3,4877,4879.3,32,
2024-08-13 13:10:00+05:30,4879.25,4879.4,4877,4879.35,39,
2024-08-13 13:11:00+05:30,4879.35,4879.35,4877,4877.05,97,
2024-08-13 13:12:00+05:30,4877.1,4878.55,4877.1,4878.55,33,
2024-08-13 13:13:00+05:30,4879.4,4881.95,4879.35,4881.95,279,
2024-08-13 13:14:00+05:30,4881.2,4881.9,4880.35,4881.9,30,
2024-08-13 13:15:00+05:30,4881.9,4886,4880.35,4886,64,
2024-08-13 13:16:00+05:30,4884.3,4886,4883.75,4886,129,
2024-08-13 13:17:00+05:30,4886,4886,4883.8,4885.95,60,
2024-08-13 13:18:00+05:30,4885.95,4885.95,4884.35,4884.35,10,
2024-08-13 13:19:00+05:30,4885,4885,4882,4883.9,183,
2024-08-13 13:20:00+05:30,4883.9,4883.9,4882,4883,29,
2024-08-13 13:21:00+05:30,4883,4884,4882,4882.2,92,
2024-08-13 13:22:00+05:30,4882.2,4884.45,4882.15,4883.85,45,
2024-08-13 13:23:00+05:30,4882.15,4883.95,4882,4882.35,121,
2024-08-13 13:24:00+05:30,4882.85,4883.95,4882.05,4883.95,22,
2024-08-13 13:25:00+05:30,4883.95,4883.95,4882.05,4883.95,22,
2024-08-13 13:26:00+05:30,4883.95,4883.95,4882,4882,13,
2024-08-13 13:27:00+05:30,4882,4883.95,4882,4883.95,144,
2024-08-13 13:28:00+05:30,4883.95,4883.95,4881.75,4883.85,127,
2024-08-13 13:29:00+05:30,4883.85,4883.85,4880.2,4883.85,80,
2024-08-13 13:30:00+05:30,4883.85,4883.85,4881.25,4883.4,37,
2024-08-13 13:31:00+05:30,4883.4,4883.85,4881.5,4881.5,199,
2024-08-13 13:32:00+05:30,4881.5,4883.95,4881.5,4883.95,20,
2024-08-13 13:33:00+05:30,4883.95,4883.95,4882.2,4883.95,13,
2024-08-13 13:34:00+05:30,4883.95,4883.95,4881.8,4881.9,161,
2024-08-13 13:35:00+05:30,4881.9,4883.3,4880.8,4882.15,29,
2024-08-13 13:36:00+05:30,4882.15,4882.15,4879.35,4880.15,395,
2024-08-13 13:37:00+05:30,4880.15,4880.15,4875,4877.9,342,
2024-08-13 13:38:00+05:30,4877.9,4878.4,4875.55,4878.4,301,
2024-08-13 13:39:00+05:30,4878.4,4878.4,4874.4,4874.4,270,
2024-08-13 13:40:00+05:30,4874.4,4877.6,4872.4,4872.4,249,
2024-08-13 13:41:00+05:30,4872,4872,4865,4867,436,
2024-08-13 13:42:00+05:30,4867,4867,4861.35,4863.35,1752,
2024-08-13 13:43:00+05:30,4863.35,4867.45,4859.2,4862.75,1429,
2024-08-13 13:44:00+05:30,4862.85,4864.25,4857,4857,453,
2024-08-13 13:45:00+05:30,4857,4858.25,4851.15,4852,664,
2024-08-13 13:46:00+05:30,4852,4859.9,4852,4859.55,670,
2024-08-13 13:47:00+05:30,4859.55,4859.55,4856.4,4856.6,266,
2024-08-13 13:48:00+05:30,4859,4861.75,4856.6,4861.3,233,
2024-08-13 13:49:00+05:30,4860.1,4861.1,4856.2,4856.2,800,
2024-08-13 13:50:00+05:30,4856.2,4858.95,4855,4857.45,194,
2024-08-13 13:51:00+05:30,4857.45,4859.2,4856,4858.4,434,
2024-08-13 13:52:00+05:30,4858.4,4858.6,4856,4858,186,
2024-08-13 13:53:00+05:30,4857.6,4858,4855.65,4855.65,190,
2024-08-13 13:54:00+05:30,4855,4856,4853,4854.55,349,
2024-08-13 13:55:00+05:30,4855,4856,4852.3,4856,637,
2024-08-13 13:56:00+05:30,4856,4856.4,4854,4854,245,
2024-08-13 13:57:00+05:30,4853.3,4854.55,4852,4854,117,
2024-08-13 13:58:00+05:30,4852,4854.15,4852,4854,172,
2024-08-13 13:59:00+05:30,4854.15,4854.15,4847.7,4847.7,1416,
2024-08-13 14:00:00+05:30,4845.25,4850,4845.25,4848.7,280,
2024-08-13 14:01:00+05:30,4848.7,4856.65,4848.7,4855.35,351,
2024-08-13 14:02:00+05:30,4855.35,4858.6,4851.15,4858.6,367,
2024-08-13 14:03:00+05:30,4858.6,4859,4855.1,4859,150,
2024-08-13 14:04:00+05:30,4859,4859,4850.5,4851.9,364,
2024-08-13 14:05:00+05:30,4851.9,4852.95,4848.35,4849,310,
2024-08-13 14:06:00+05:30,4849,4850.2,4845.15,4845.15,669,
2024-08-13 14:07:00+05:30,4847.95,4848.85,4845,4845,268,
2024-08-13 14:08:00+05:30,4845,4848.45,4843.85,4845.1,558,
2024-08-13 14:09:00+05:30,4845.1,4848,4841.3,4841.6,334,
2024-08-13 14:10:00+05:30,4841.6,4846.7,4841.6,4845,53,
2024-08-13 14:11:00+05:30,4845,4850.85,4843.75,4850,324,
2024-08-13 14:12:00+05:30,4850,4852.85,4849.45,4852.85,218,
2024-08-13 14:13:00+05:30,4852.85,4855,4852.7,4854.95,52,
2024-08-13 14:14:00+05:30,4854.95,4854.95,4852.6,4853.3,92,
2024-08-13 14:15:00+05:30,4853.3,4854.3,4850,4852.95,312,
2024-08-13 14:16:00+05:30,4852.95,4852.95,4847.55,4848.95,306,
2024-08-13 14:17:00+05:30,4848.95,4849.2,4841.9,4844.05,396,
2024-08-13 14:18:00+05:30,4844.05,4846.1,4843.45,4843.45,160,
2024-08-13 14:19:00+05:30,4846.1,4846.1,4842.85,4844.35,62,
2024-08-13 14:20:00+05:30,4844.35,4846.95,4840.8,4846.95,171,
2024-08-13 14:21:00+05:30,4846.95,4848.6,4845,4848,199,
2024-08-13 14:22:00+05:30,4848,4849.15,4847.25,4848.8,173,
2024-08-13 14:23:00+05:30,4848.85,4850.35,4848.85,4849.75,34,
2024-08-13 14:24:00+05:30,4849.75,4849.95,4846.75,4848.15,217,
2024-08-13 14:25:00+05:30,4847.3,4847.4,4842.6,4845.9,196,
2024-08-13 14:26:00+05:30,4845.9,4847.1,4843.6,4847.1,71,
2024-08-13 14:27:00+05:30,4847.25,4847.8,4846.25,4846.25,269,
2024-08-13 14:28:00+05:30,4846.25,4852,4845.05,4852,189,
2024-08-13 14:29:00+05:30,4856.15,4859,4851.05,4853.15,787,
2024-08-13 14:30:00+05:30,4853.15,4853.95,4849.65,4850.25,66,
2024-08-13 14:31:00+05:30,4850.25,4850.3,4846,4848.7,429,
2024-08-13 14:32:00+05:30,4848.7,4849.5,4844.2,4845.2,246,
2024-08-13 14:33:00+05:30,4845.2,4845.2,4843,4843.55,21,
2024-08-13 14:34:00+05:30,4843.55,4846.3,4843.55,4846.3,30,
2024-08-13 14:35:00+05:30,4846.3,4846.8,4846,4846.8,104,
2024-08-13 14:36:00+05:30,4842.9,4844.95,4842,4843.6,158,
2024-08-13 14:37:00+05:30,4843.6,4845.45,4842.85,4844.65,257,
2024-08-13 14:38:00+05:30,4844.65,4844.65,4840.15,4843.45,71,
2024-08-13 14:39:00+05:30,4843.45,4844.4,4842.1,4844.4,38,
2024-08-13 14:40:00+05:30,4844.4,4844.4,4839.1,4840.9,1051,
2024-08-13 14:41:00+05:30,4840.9,4841.3,4838.6,4841.3,606,
2024-08-13 14:42:00+05:30,4841.3,4841.95,4838.95,4839.95,630,
2024-08-13 14:43:00+05:30,4839.95,4840.4,4838.75,4840.4,637,
2024-08-13 14:44:00+05:30,4840.4,4842.75,4839.2,4842,799,
2024-08-13 14:45:00+05:30,4842.65,4843.25,4841.5,4842.85,853,
2024-08-13 14:46:00+05:30,4842.85,4843.75,4838.1,4838.1,996,
2024-08-13 14:47:00+05:30,4838.1,4839.9,4835,4837.4,969,
2024-08-13 14:48:00+05:30,4837.85,4839.35,4836,4839.35,664,
2024-08-13 14:49:00+05:30,4839.35,4841.8,4839.3,4840.8,613,
2024-08-13 14:50:00+05:30,4840.8,4841.4,4837.5,4841.4,528,
2024-08-13 14:51:00+05:30,4841.4,4842.35,4838.95,4842.35,668,
2024-08-13 14:52:00+05:30,4842.45,4843.3,4838.15,4841.35,941,
2024-08-13 14:53:00+05:30,4841.05,4851.4,4838.7,4851.4,1138,
2024-08-13 14:54:00+05:30,4851.15,4851.15,4847.25,4850.3,947,
2024-08-13 14:55:00+05:30,4849.55,4849.55,4846.1,4846.1,715,
2024-08-13 14:56:00+05:30,4846.1,4846.1,4842.05,4844.8,598,
2024-08-13 14:57:00+05:30,4844.65,4844.8,4840.55,4843.35,737,
2024-08-13 14:58:00+05:30,4843.35,4846.5,4843.2,4846.2,595,
2024-08-13 14:59:00+05:30,4846.2,4850,4843.75,4848.8,696,
2024-08-13 15:00:00+05:30,4848.9,4861.25,4848.9,4861.25,1284,
2024-08-13 15:01:00+05:30,4860.7,4860.7,4854.05,4856.15,1588,
2024-08-13 15:02:00+05:30,4856.15,4860.95,4855.05,4860.95,1491,
2024-08-13 15:03:00+05:30,4861.7,4861.95,4854.05,4858.45,2119,
2024-08-13 15:04:00+05:30,4858.45,4859.4,4853.05,4857.4,1500,
2024-08-13 15:05:00+05:30,4857.4,4860.55,4853.85,4859.7,1652,
2024-08-13 15:06:00+05:30,4860.2,4862,4857.5,4859.5,1521,
2024-08-13 15:07:00+05:30,4859.5,4863.85,4858.7,4863.5,1999,
2024-08-13 15:08:00+05:30,4863.5,4868.7,4861.7,4865.5,1743,
2024-08-13 15:09:00+05:30,4865.5,4868.15,4863.85,4867.95,1276,
2024-08-13 15:10:00+05:30,4869,4870,4863.3,4865.55,1488,
2024-08-13 15:11:00+05:30,4865.55,4867.5,4861.65,4863.4,1285,
2024-08-13 15:12:00+05:30,4863.9,4864.95,4859.75,4861.6,1473,
2024-08-13 15:13:00+05:30,4861.6,4864.15,4859.75,4860.85,1338,
2024-08-13 15:14:00+05:30,4861,4864.55,4860,4861.95,1430,
2024-08-13 15:15:00+05:30,4860,4864.55,4857.6,4861.4,2114,
2024-08-13 15:16:00+05:30,4861.5,4863.45,4857.45,4863.45,1796,
2024-08-13 15:17:00+05:30,4863.7,4868.4,4861.4,4865.7,1589,
2024-08-13 15:18:00+05:30,4866.5,4869,4860.2,4866.45,1671,
2024-08-13 15:19:00+05:30,4866.45,4866.45,4861.65,4866.3,1481,
2024-08-13 15:20:00+05:30,4866.3,4866.3,4856.1,4861.05,2261,
2024-08-13 15:21:00+05:30,4861.05,4866.2,4860.75,4864.4,1686,
2024-08-13 15:22:00+05:30,4864.4,4869.45,4862.95,4869.45,1204,
2024-08-13 15:23:00+05:30,4869.75,4869.75,4864.85,4865.45,1306,
2024-08-13 15:24:00+05:30,4865.5,4865.5,4862.25,4863.05,1435,
2024-08-13 15:25:00+05:30,4863.05,4865,4858.35,4864.85,917,
2024-08-13 15:26:00+05:30,4864.85,4865,4856.1,4865,1010,
2024-08-13 15:27:00+05:30,4863.75,4866.25,4857.1,4864.5,1014,
2024-08-13 15:28:00+05:30,4864.65,4868.55,4857.1,4858.85,683,
2024-08-13 15:29:00+05:30,4861.1,4866,4842.1,4866,810,
2024-08-14 09:15:00+05:30,4848,4848,4731.7,4762.4,17583,
2024-08-14 09:16:00+05:30,4761.85,4773.55,4758.4,4767.55,6867,
2024-08-14 09:17:00+05:30,4767.55,4767.55,4750.05,4754.6,2350,
2024-08-14 09:18:00+05:30,4751.25,4765.9,4750,4750,3854,
2024-08-14 09:19:00+05:30,4750,4758,4745.55,4755.3,1909,
2024-08-14 09:20:00+05:30,4755.4,4759.4,4745,4752,2625,
2024-08-14 09:21:00+05:30,4752,4764,4740.55,4742.4,3281,
2024-08-14 09:22:00+05:30,4738.25,4743.2,4730,4736.15,5405,
2024-08-14 09:23:00+05:30,4733.3,4747.8,4728.4,4732.4,5009,
2024-08-14 09:24:00+05:30,4732.4,4737.95,4716.05,4727.25,6340,
2024-08-14 09:25:00+05:30,4727.25,4734.45,4722,4730.05,6394,
2024-08-14 09:26:00+05:30,4730,4755,4729.1,4748.8,4311,
2024-08-14 09:27:00+05:30,4748.8,4754.75,4742.1,4745.3,3050,
2024-08-14 09:28:00+05:30,4749.85,4754,4739.35,4739.35,2724,
2024-08-14 09:29:00+05:30,4739.35,4739.95,4735.05,4737.25,1886,
2024-08-14 09:30:00+05:30,4735,4738.4,4720.55,4723,6476,
2024-08-14 09:31:00+05:30,4723,4737.3,4723,4737.3,1598,
2024-08-14 09:32:00+05:30,4737.3,4737.5,4732.55,4735.95,943,
2024-08-14 09:33:00+05:30,4735.95,4738,4731.2,4733.9,1069,
2024-08-14 09:34:00+05:30,4733.9,4735.55,4722,4722.05,1392,
2024-08-14 09:35:00+05:30,4723.45,4724,4709.95,4712.95,11549,
2024-08-14 09:36:00+05:30,4712.95,4724.95,4712.95,4722.05,3188,
2024-08-14 09:37:00+05:30,4722.15,4734.9,4720,4730.2,1575,
2024-08-14 09:38:00+05:30,4732.4,4732.4,4724.05,4727.3,826,
2024-08-14 09:39:00+05:30,4727.3,4740,4727.3,4732.3,1589,
2024-08-14 09:40:00+05:30,4732.3,4742,4731.75,4741,1314,
2024-08-14 09:41:00+05:30,4741,4751.75,4740,4747.1,2294,
2024-08-14 09:42:00+05:30,4747.1,4753.35,4735,4735,3380,
2024-08-14 09:43:00+05:30,4735,4736.8,4725,4728.3,3572,
2024-08-14 09:44:00+05:30,4728.3,4734.45,4725.95,4732.4,1106,
2024-08-14 09:45:00+05:30,4732.4,4742.5,4730.15,4732.35,2473,
2024-08-14 09:46:00+05:30,4732.35,4737.35,4727,4737.35,662,
2024-08-14 09:47:00+05:30,4737.35,4742.05,4733.55,4739.65,2209,
2024-08-14 09:48:00+05:30,4739.65,4739.65,4727.35,4729,987,
2024-08-14 09:49:00+05:30,4729,4730.9,4725,4727.05,1220,
2024-08-14 09:50:00+05:30,4725,4728,4721.2,4722.5,2014,
2024-08-14 09:51:00+05:30,4722.5,4726.65,4722.05,4723.8,605,
2024-08-14 09:52:00+05:30,4724.35,4730.75,4720.05,4725,2860,
2024-08-14 09:53:00+05:30,4723,4727.95,4723,4727.95,269,
2024-08-14 09:54:00+05:30,4727.95,4729,4723,4723,751,
2024-08-14 09:55:00+05:30,4723,4726.95,4718,4724,2319,
2024-08-14 09:56:00+05:30,4726.35,4732.25,4724,4732,1358,
2024-08-14 09:57:00+05:30,4732,4733.35,4730,4732.35,497,
2024-08-14 09:58:00+05:30,4732.35,4735.45,4729.8,4732.5,943,
2024-08-14 09:59:00+05:30,4732.5,4740,4732.5,4735,1911,
2024-08-14 10:00:00+05:30,4735,4742.75,4735,4738,539,
2024-08-14 10:01:00+05:30,4738,4740,4735,4735,1069,
2024-08-14 10:02:00+05:30,4735,4736,4730.4,4732,583,
2024-08-14 10:03:00+05:30,4730.4,4732.9,4726.1,4730.8,657,
2024-08-14 10:04:00+05:30,4730.8,4737.2,4717.55,4724,4092,
2024-08-14 10:05:00+05:30,4725,4725.25,4720,4723,1753,
2024-08-14 10:06:00+05:30,4723,4727,4719.55,4720.1,2880,
2024-08-14 10:07:00+05:30,4720.1,4723.25,4720,4721,771,
2024-08-14 10:08:00+05:30,4721,4723,4719.5,4721,899,
2024-08-14 10:09:00+05:30,4720.5,4723.45,4719.1,4722,1065,
2024-08-14 10:10:00+05:30,4722,4723.25,4717.55,4723.25,957,
2024-08-14 10:11:00+05:30,4722.35,4722.35,4718.3,4722.25,962,
2024-08-14 10:12:00+05:30,4722.25,4723,4715,4717.75,3190,
2024-08-14 10:13:00+05:30,4717.15,4718.85,4702.3,4705,7035,
2024-08-14 10:14:00+05:30,4706,4708.5,4701.1,4705.65,2855,
2024-08-14 10:15:00+05:30,4705.65,4706.05,4693,4695.25,6735,
2024-08-14 10:16:00+05:30,4695.25,4701.55,4695.25,4700,2070,
2024-08-14 10:17:00+05:30,4700.95,4704.45,4698.15,4703.75,2393,
2024-08-14 10:18:00+05:30,4703.75,4705.85,4698.15,4704.1,2817,
2024-08-14 10:19:00+05:30,4704.1,4708,4695,4695.35,3343,
2024-08-14 10:20:00+05:30,4698.5,4698.5,4685,4688.25,4388,
2024-08-14 10:21:00+05:30,4686.5,4689.9,4681.55,4684.8,3250,
2024-08-14 10:22:00+05:30,4684.85,4689.45,4681.05,4684.8,2155,
2024-08-14 10:23:00+05:30,4684.95,4705.65,4683.2,4696.3,1725,
2024-08-14 10:24:00+05:30,4696.3,4700.45,4696.3,4700,1021,
2024-08-14 10:25:00+05:30,4700,4700.7,4693,4696.25,2325,
2024-08-14 10:26:00+05:30,4696.25,4703.45,4693.75,4701,809,
2024-08-14 10:27:00+05:30,4701,4703.2,4690.05,4694,1554,
2024-08-14 10:28:00+05:30,4691.15,4696.3,4691,4693,1800,
2024-08-14 10:29:00+05:30,4693,4695,4692,4694.6,979,
2024-08-14 10:30:00+05:30,4694.6,4695,4692,4695,422,
2024-08-14 10:31:00+05:30,4695,4696,4692,4695.5,584,
2024-08-14 10:32:00+05:30,4694.15,4697.95,4694,4696.3,585,
2024-08-14 10:33:00+05:30,4696.3,4700.3,4694.4,4700.05,1417,
2024-08-14 10:34:00+05:30,4700.05,4700.05,4694.4,4696.4,847,
2024-08-14 10:35:00+05:30,4695.7,4699.65,4693.8,4699.65,776,
2024-08-14 10:36:00+05:30,4700,4709.65,4700,4706.2,1534,
2024-08-14 10:37:00+05:30,4708.75,4709.65,4701.7,4704.85,1190,
2024-08-14 10:38:00+05:30,4704.85,4704.85,4701.4,4703.95,926,
2024-08-14 10:39:00+05:30,4703.95,4707,4702,4703.1,592,
2024-08-14 10:40:00+05:30,4703.1,4706.65,4701.1,4706.6,717,
2024-08-14 10:41:00+05:30,4706.6,4707.1,4699.8,4703.5,1558,
2024-08-14 10:42:00+05:30,4704,4708,4701.6,4708,1230,
2024-08-14 10:43:00+05:30,4708,4713.45,4706.95,4711.35,3425,
2024-08-14 10:44:00+05:30,4711.35,4716,4711.35,4715.15,3511,
2024-08-14 10:45:00+05:30,4715.25,4722.6,4715.2,4720.9,2928,
2024-08-14 10:46:00+05:30,4720.9,4724.65,4720.05,4721.65,2963,
2024-08-14 10:47:00+05:30,4721.65,4726.75,4720.05,4720.85,4247,
2024-08-14 10:48:00+05:30,4720.85,4725.9,4720.85,4725.85,1335,
2024-08-14 10:49:00+05:30,4725.85,4725.85,4720,4721.9,1173,
2024-08-14 10:50:00+05:30,4720,4733.05,4720,4731.7,2519,
2024-08-14 10:51:00+05:30,4732.1,4733.15,4728.1,4732.75,1881,
2024-08-14 10:52:00+05:30,4733,4734,4730,4734,2937,
2024-08-14 10:53:00+05:30,4733,4734,4721.4,4721.4,1835,
2024-08-14 10:54:00+05:30,4721.25,4722.9,4719.15,4722,1781,
2024-08-14 10:55:00+05:30,4722,4723.1,4720.75,4721.35,1614,
2024-08-14 10:56:00+05:30,4721.35,4723.55,4720,4720.15,682,
2024-08-14 10:57:00+05:30,4720.9,4723,4711.25,4711.8,2836,
2024-08-14 10:58:00+05:30,4711.8,4714.7,4706.4,4709.75,1503,
2024-08-14 10:59:00+05:30,4709.75,4713.85,4707,4708.75,563,
2024-08-14 11:00:00+05:30,4709.05,4710.65,4704,4705.05,1297,
2024-08-14 11:01:00+05:30,4705.05,4706.9,4703.9,4706.9,882,
2024-08-14 11:02:00+05:30,4705.85,4711,4705.85,4708.55,418,
2024-08-14 11:03:00+05:30,4708.55,4708.6,4704,4705.8,713,
2024-08-14 11:04:00+05:30,4705.8,4705.8,4701.05,4701.65,841,
2024-08-14 11:05:00+05:30,4701.65,4704,4701,4702.8,460,
2024-08-14 11:06:00+05:30,4704.65,4704.65,4699.4,4701,751,
2024-08-14 11:07:00+05:30,4701,4702.7,4698.35,4702.7,1023,
2024-08-14 11:08:00+05:30,4702.7,4703.2,4699.35,4702.65,284,
2024-08-14 11:09:00+05:30,4702.65,4708.85,4698.7,4708.85,1106,
2024-08-14 11:10:00+05:30,4708.85,4711.45,4702.95,4703.55,754,
2024-08-14 11:11:00+05:30,4703.55,4706.5,4699,4701.65,394,
2024-08-14 11:12:00+05:30,4701.65,4706.8,4701,4704.35,400,
2024-08-14 11:13:00+05:30,4704.35,4705.7,4700.05,4704,376,
2024-08-14 11:14:00+05:30,4704,4704,4698.05,4698.2,1512,
2024-08-14 11:15:00+05:30,4701.05,4702,4698,4700,316,
2024-08-14 11:16:00+05:30,4700,4701.1,4690.4,4694.4,2795,
2024-08-14 11:17:00+05:30,4694.4,4694.4,4686.05,4688.35,2032,
2024-08-14 11:18:00+05:30,4690.75,4695,4688.35,4695,1293,
2024-08-14 11:19:00+05:30,4695,4695,4685,4688.1,2676,
2024-08-14 11:20:00+05:30,4687.35,4695.65,4686.1,4694.95,2257,
2024-08-14 11:21:00+05:30,4694.95,4695.25,4692.1,4693.95,577,
2024-08-14 11:22:00+05:30,4694,4695.4,4690.55,4693.3,701,
2024-08-14 11:23:00+05:30,4692.55,4693.75,4688,4688.4,1123,
2024-08-14 11:24:00+05:30,4688.4,4690.3,4687.55,4688,815,
2024-08-14 11:25:00+05:30,4688,4694.95,4688,4692.55,475,
2024-08-14 11:26:00+05:30,4692.55,4693.3,4688.1,4690,862,
2024-08-14 11:27:00+05:30,4690,4694,4686.4,4688,1197,
2024-08-14 11:28:00+05:30,4688,4689.6,4686.4,4687.35,422,
2024-08-14 11:29:00+05:30,4687.35,4689.45,4686.4,4689.4,415,
2024-08-14 11:30:00+05:30,4689.4,4691.65,4687.45,4690.85,423,
2024-08-14 11:31:00+05:30,4690.85,4690.9,4687.45,4688.9,592,
2024-08-14 11:32:00+05:30,4688.9,4689.3,4686.4,4689,516,
2024-08-14 11:33:00+05:30,4687.15,4691.7,4686.9,4690.75,203,
2024-08-14 11:34:00+05:30,4690.75,4699.2,4688.25,4696.8,1443,
2024-08-14 11:35:00+05:30,4696.8,4703.4,4696.8,4702,1155,
2024-08-14 11:36:00+05:30,4702,4702,4693,4693.25,432,
2024-08-14 11:37:00+05:30,4696,4700,4693.25,4697,478,
2024-08-14 11:38:00+05:30,4697,4697.25,4694,4694,171,
2024-08-14 11:39:00+05:30,4694,4696.6,4693.4,4693.4,484,
2024-08-14 11:40:00+05:30,4693.4,4695.05,4688,4688,804,
2024-08-14 11:41:00+05:30,4688,4691,4687,4687.05,213,
2024-08-14 11:42:00+05:30,4687.05,4689.6,4682.1,4686,2607,
2024-08-14 11:43:00+05:30,4686,4686,4683,4685,742,
2024-08-14 11:44:00+05:30,4683.6,4688.5,4683,4686.45,2119,
2024-08-14 11:45:00+05:30,4686.45,4688.25,4684,4685,653,
2024-08-14 11:46:00+05:30,4685,4687.55,4683.05,4685.95,585,
2024-08-14 11:47:00+05:30,4685.95,4686.05,4673.55,4675,5018,
2024-08-14 11:48:00+05:30,4675,4676.35,4672.55,4674.4,1459,
2024-08-14 11:49:00+05:30,4674.4,4675.75,4672.8,4673.7,831,
2024-08-14 11:50:00+05:30,4672.55,4677.8,4672.55,4675.8,1279,
2024-08-14 11:51:00+05:30,4675.8,4677.2,4666.1,4666.6,2622,
2024-08-14 11:52:00+05:30,4666.6,4670,4666.55,4667.3,1199,
2024-08-14 11:53:00+05:30,4669.4,4671,4668.05,4668.35,593,
2024-08-14 11:54:00+05:30,4668.35,4675.4,4668.05,4670.05,1450,
2024-08-14 11:55:00+05:30,4670.7,4672.45,4670,4671.1,267,
2024-08-14 11:56:00+05:30,4672.5,4672.5,4670.1,4671.85,279,
2024-08-14 11:57:00+05:30,4671.85,4672.35,4668.1,4670.75,479,
2024-08-14 11:58:00+05:30,4670,4670.25,4668,4669.9,660,
2024-08-14 11:59:00+05:30,4669.9,4669.9,4660,4660,3252,
2024-08-14 12:00:00+05:30,4660.6,4664.3,4660.55,4664.25,1696,
2024-08-14 12:01:00+05:30,4664.25,4664.25,4660.85,4662,869,
2024-08-14 12:02:00+05:30,4661.9,4663.45,4660,4660.65,1197,
2024-08-14 12:03:00+05:30,4660.65,4666.55,4655.3,4666.55,4656,
2024-08-14 12:04:00+05:30,4666.6,4670,4660.45,4660.45,1576,
2024-08-14 12:05:00+05:30,4660.45,4670.4,4660.45,4667.45,1303,
2024-08-14 12:06:00+05:30,4667.45,4670,4665.2,4668.55,471,
2024-08-14 12:07:00+05:30,4668.55,4674.2,4668.55,4670,1363,
2024-08-14 12:08:00+05:30,4670,4672,4669,4671.5,749,
2024-08-14 12:09:00+05:30,4671.5,4671.65,4669,4671.2,324,
2024-08-14 12:10:00+05:30,4671.2,4671.9,4670,4670.45,385,
2024-08-14 12:11:00+05:30,4670.45,4675.4,4670.15,4671.25,1783,
2024-08-14 12:12:00+05:30,4671.25,4673.65,4670,4672,263,
2024-08-14 12:13:00+05:30,4672,4674,4671.15,4673.55,822,
2024-08-14 12:14:00+05:30,4673.9,4675,4673,4673.4,374,
2024-08-14 12:15:00+05:30,4673.4,4673.85,4672,4672.85,370,
2024-08-14 12:16:00+05:30,4672.85,4672.9,4667.1,4669,907,
2024-08-14 12:17:00+05:30,4669,4669.4,4668,4668,727,
2024-08-14 12:18:00+05:30,4666.6,4668.6,4664,4664,817,
2024-08-14 12:19:00+05:30,4663.05,4669.65,4661.3,4668,1523,
2024-08-14 12:20:00+05:30,4668,4669.95,4666.05,4669.4,437,
2024-08-14 12:21:00+05:30,4669.4,4670,4667.5,4668.4,448,
2024-08-14 12:22:00+05:30,4668.4,4670,4667,4668.5,629,
2024-08-14 12:23:00+05:30,4668.85,4670,4667.2,4668.85,314,
2024-08-14 12:24:00+05:30,4668.85,4670,4658,4658.55,2586,
2024-08-14 12:25:00+05:30,4659.15,4660.75,4657.3,4659.95,1508,
2024-08-14 12:26:00+05:30,4659.95,4660.5,4658,4660.5,911,
2024-08-14 12:27:00+05:30,4660.5,4666.05,4660.5,4663.9,404,
2024-08-14 12:28:00+05:30,4663.9,4666.05,4660.85,4662.95,1417,
2024-08-14 12:29:00+05:30,4662.95,4667.5,4662,4663.85,866,
2024-08-14 12:30:00+05:30,4666.65,4666.95,4663.9,4665.05,300,
2024-08-14 12:31:00+05:30,4665.05,4666.3,4660.9,4663.9,574,
2024-08-14 12:32:00+05:30,4663.7,4664.5,4662,4662.35,498,
2024-08-14 12:33:00+05:30,4663.65,4666.4,4662.2,4666.4,609,
2024-08-14 12:34:00+05:30,4665.95,4667.3,4658,4658,2706,
2024-08-14 12:35:00+05:30,4658,4659.95,4655.7,4657.45,1347,
2024-08-14 12:36:00+05:30,4659.5,4659.5,4655.5,4656,1006,
2024-08-14 12:37:00+05:30,4656,4658.4,4655,4656.4,701,
2024-08-14 12:38:00+05:30,4656.4,4657.4,4655,4655.7,1462,
2024-08-14 12:39:00+05:30,4655.3,4657,4655.05,4657,581,
2024-08-14 12:40:00+05:30,4657,4659,4651.55,4656.25,3000,
2024-08-14 12:41:00+05:30,4656.25,4659.1,4654.95,4657.6,823,
2024-08-14 12:42:00+05:30,4656.3,4657.55,4654.2,4657.05,653,
2024-08-14 12:43:00+05:30,4657.05,4657.05,4655.05,4656.85,374,
2024-08-14 12:44:00+05:30,4656.85,4656.85,4652.15,4652.35,1153,
2024-08-14 12:45:00+05:30,4654.05,4654.55,4650.65,4653.4,1737,
2024-08-14 12:46:00+05:30,4653.4,4657.3,4653.4,4654.05,726,
2024-08-14 12:47:00+05:30,4654.05,4656.75,4653,4655.6,568,
2024-08-14 12:48:00+05:30,4655.6,4655.6,4654.35,4655.6,495,
2024-08-14 12:49:00+05:30,4655.6,4656.55,4652.5,4655,1305,
2024-08-14 12:50:00+05:30,4654,4657.6,4654,4655.25,1523,
2024-08-14 12:51:00+05:30,4654.35,4655.4,4653,4653.35,1067,
2024-08-14 12:52:00+05:30,4655,4656.25,4653.35,4653.35,501,
2024-08-14 12:53:00+05:30,4655.2,4655.55,4653.1,4653.9,602,
2024-08-14 12:54:00+05:30,4654,4655.4,4653.9,4654.1,678,
2024-08-14 12:55:00+05:30,4654,4655.55,4650.7,4652.5,1443,
2024-08-14 12:56:00+05:30,4651,4653.55,4651,4651.15,992,
2024-08-14 12:57:00+05:30,4651.15,4652.85,4651.1,4652.15,756,
2024-08-14 12:58:00+05:30,4651.05,4655.4,4651.05,4653.6,960,
2024-08-14 12:59:00+05:30,4653.35,4656.65,4652.7,4655.25,1045,
2024-08-14 13:00:00+05:30,4655.6,4660.45,4655.6,4658.35,1561,
2024-08-14 13:01:00+05:30,4658.35,4663.7,4658.35,4660.75,1079,
2024-08-14 13:02:00+05:30,4660.75,4663.55,4660.75,4661.2,647,
2024-08-14 13:03:00+05:30,4663.55,4663.55,4656.1,4657.25,1324,
2024-08-14 13:04:00+05:30,4659.4,4661,4655.3,4660,1230,
2024-08-14 13:05:00+05:30,4660,4661.05,4658.5,4660,302,
2024-08-14 13:06:00+05:30,4660,4661,4658.5,4658.5,1193,
2024-08-14 13:07:00+05:30,4658.5,4658.5,4656,4656.05,262,
2024-08-14 13:08:00+05:30,4656.05,4658.4,4656,4658.4,309,
2024-08-14 13:09:00+05:30,4658.4,4659.65,4656.85,4659.65,245,
2024-08-14 13:10:00+05:30,4659.65,4661.7,4658,4660.55,570,
2024-08-14 13:11:00+05:30,4661.25,4661.25,4656.1,4659.8,582,
2024-08-14 13:12:00+05:30,4660,4660.7,4657.45,4658.1,484,
2024-08-14 13:13:00+05:30,4660.4,4660.9,4658.05,4660.75,361,
2024-08-14 13:14:00+05:30,4660.75,4662.2,4660.1,4662.2,1735,
2024-08-14 13:15:00+05:30,4662.2,4662.2,4656.05,4658.4,2661,
2024-08-14 13:16:00+05:30,4658.4,4658.8,4655.1,4655.1,515,
2024-08-14 13:17:00+05:30,4655.1,4656,4653.05,4655.5,1235,
2024-08-14 13:18:00+05:30,4655.9,4656.85,4653.15,4656.8,435,
2024-08-14 13:19:00+05:30,4657.25,4657.95,4653.6,4656.75,622,
2024-08-14 13:20:00+05:30,4657.35,4657.35,4653.5,4656.4,410,
2024-08-14 13:21:00+05:30,4656.4,4659,4653,4654.15,1971,
2024-08-14 13:22:00+05:30,4654.15,4655.9,4652.5,4655.9,341,
2024-08-14 13:23:00+05:30,4655.9,4657.15,4652.95,4655,339,
2024-08-14 13:24:00+05:30,4655,4657.25,4653.05,4654.4,662,
2024-08-14 13:25:00+05:30,4654.4,4656.5,4653.15,4653.5,429,
2024-08-14 13:26:00+05:30,4653.5,4656.55,4653.5,4656.55,438,
2024-08-14 13:27:00+05:30,4654.2,4657.25,4653.6,4654.6,691,
2024-08-14 13:28:00+05:30,4657,4657.25,4654,4654.9,670,
2024-08-14 13:29:00+05:30,4654.7,4657.55,4653.95,4654.55,518,
2024-08-14 13:30:00+05:30,4654.55,4657.15,4653.75,4656.45,435,
2024-08-14 13:31:00+05:30,4656.45,4657.55,4653.75,4657.35,447,
2024-08-14 13:32:00+05:30,4657.35,4657.75,4654.05,4656.75,283,
2024-08-14 13:33:00+05:30,4654.55,4657.4,4654.5,4655,512,
2024-08-14 13:34:00+05:30,4655,4657.4,4642.05,4648,7992,
2024-08-14 13:35:00+05:30,4648,4649,4645.15,4646.8,1413,
2024-08-14 13:36:00+05:30,4649,4649,4644.3,4645.9,1709,
2024-08-14 13:37:00+05:30,4645.9,4650.55,4645.2,4648,1786,
2024-08-14 13:38:00+05:30,4649.9,4651.45,4647,4651.45,1337,
2024-08-14 13:39:00+05:30,4651.45,4654,4648.45,4654,1323,
2024-08-14 13:40:00+05:30,4654,4658.65,4651.35,4658.65,2266,
2024-08-14 13:41:00+05:30,4656.15,4660,4656.15,4656.15,3433,
2024-08-14 13:42:00+05:30,4656.15,4659.25,4655.95,4656.5,1438,
2024-08-14 13:43:00+05:30,4658.95,4660.4,4656.5,4660,1890,
2024-08-14 13:44:00+05:30,4660,4660.15,4656.6,4659.25,1513,
2024-08-14 13:45:00+05:30,4657.2,4659.95,4657.15,4658,1054,
2024-08-14 13:46:00+05:30,4658,4666.4,4658,4663.35,4204,
2024-08-14 13:47:00+05:30,4663.35,4673,4663.35,4671.3,3865,
2024-08-14 13:48:00+05:30,4670.05,4673.35,4667.1,4668.2,4531,
2024-08-14 13:49:00+05:30,4668.2,4669.6,4664.1,4664.1,3273,
2024-08-14 13:50:00+05:30,4664.1,4664.5,4662,4662,1207,
2024-08-14 13:51:00+05:30,4662,4662.2,4660,4660,1873,
2024-08-14 13:52:00+05:30,4660.65,4663.2,4658.55,4658.55,2043,
2024-08-14 13:53:00+05:30,4658.55,4659.55,4656.45,4659.5,1183,
2024-08-14 13:54:00+05:30,4659.5,4662.2,4657.9,4659.55,1619,
2024-08-14 13:55:00+05:30,4659.55,4661.7,4658,4658.25,1197,
2024-08-14 13:56:00+05:30,4659.8,4662.25,4658,4658,1647,
2024-08-14 13:57:00+05:30,4658,4663.05,4658,4659.2,1124,
2024-08-14 13:58:00+05:30,4659.2,4667.15,4659.2,4665.55,1770,
2024-08-14 13:59:00+05:30,4665.55,4669.9,4665.05,4667.1,1388,
2024-08-14 14:00:00+05:30,4668,4673.5,4666.75,4670.35,1929,
2024-08-14 14:01:00+05:30,4670,4673,4669.65,4670.5,1678,
2024-08-14 14:02:00+05:30,4670.5,4671.55,4670.1,4671,2580,
2024-08-14 14:03:00+05:30,4668.35,4672,4667.85,4672,2469,
2024-08-14 14:04:00+05:30,4670.05,4672,4666.6,4667.3,2749,
2024-08-14 14:05:00+05:30,4667.3,4669.15,4663.8,4665.3,1795,
2024-08-14 14:06:00+05:30,4665.3,4667.95,4664,4664.95,1847,
2024-08-14 14:07:00+05:30,4664.95,4667.45,4664,4664,1665,
2024-08-14 14:08:00+05:30,4664,4666.05,4661,4663.45,1177,
2024-08-14 14:09:00+05:30,4661.3,4663.85,4660,4660.9,1582,
2024-08-14 14:10:00+05:30,4660.9,4662.6,4660,4662.6,1195,
2024-08-14 14:11:00+05:30,4662.6,4663.5,4660,4660,1828,
2024-08-14 14:12:00+05:30,4661.55,4661.55,4658,4658.8,1804,
2024-08-14 14:13:00+05:30,4658.8,4660.95,4658,4660.2,1412,
2024-08-14 14:14:00+05:30,4658.25,4664.95,4658.25,4661.65,1754,
2024-08-14 14:15:00+05:30,4663.35,4667,4661.95,4665.1,1917,
2024-08-14 14:16:00+05:30,4665.1,4668.9,4665.05,4666.8,1521,
2024-08-14 14:17:00+05:30,4666.6,4670,4666.25,4668.7,985,
2024-08-14 14:18:00+05:30,4668.05,4672,4668.05,4669.25,1709,
2024-08-14 14:19:00+05:30,4669.2,4671,4668.05,4668.75,1669,
2024-08-14 14:20:00+05:30,4668.75,4670,4667.2,4667.2,1202,
2024-08-14 14:21:00+05:30,4667.4,4667.4,4664.2,4664.2,1380,
2024-08-14 14:22:00+05:30,4664.2,4668.45,4664.2,4665.95,1360,
2024-08-14 14:23:00+05:30,4665.95,4668.5,4665.95,4668.3,1115,
2024-08-14 14:24:00+05:30,4668.3,4669,4666.35,4669,3318,
2024-08-14 14:25:00+05:30,4669,4669.85,4666.85,4669.05,1166,
2024-08-14 14:26:00+05:30,4669.05,4669.2,4665,4665,1241,
2024-08-14 14:27:00+05:30,4665,4668.8,4664.95,4666.25,1458,
2024-08-14 14:28:00+05:30,4666.2,4669.8,4666.2,4667.1,1228,
2024-08-14 14:29:00+05:30,4667.1,4669.4,4665.05,4665.6,1593,
2024-08-14 14:30:00+05:30,4665.6,4668.45,4664.95,4665.2,1181,
2024-08-14 14:31:00+05:30,4665.2,4669,4665.15,4667.9,1414,
2024-08-14 14:32:00+05:30,4667.9,4673.55,4667.9,4673.55,3550,
2024-08-14 14:33:00+05:30,4672.15,4674.9,4670.95,4674.5,2058,
2024-08-14 14:34:00+05:30,4674.5,4678.4,4672.95,4672.95,5101,
2024-08-14 14:35:00+05:30,4672.95,4676,4671.9,4672.05,1908,
2024-08-14 14:36:00+05:30,4672.05,4673.45,4668.85,4670.25,1756,
2024-08-14 14:37:00+05:30,4670.25,4673.95,4670.25,4673.95,2964,
2024-08-14 14:38:00+05:30,4673.95,4673.95,4671.05,4671.75,1277,
2024-08-14 14:39:00+05:30,4672.05,4672.05,4660,4661.6,2948,
2024-08-14 14:40:00+05:30,4661.6,4664.55,4655.45,4662,4126,
2024-08-14 14:41:00+05:30,4662,4665.6,4660,4660.55,2934,
2024-08-14 14:42:00+05:30,4662.5,4665,4660.45,4665,1667,
2024-08-14 14:43:00+05:30,4664.9,4669.9,4661.95,4665.8,1894,
2024-08-14 14:44:00+05:30,4665.8,4669,4664.75,4668.15,2191,
2024-08-14 14:45:00+05:30,4668.15,4673.9,4667.1,4672.9,1641,
2024-08-14 14:46:00+05:30,4672.9,4672.9,4666.55,4667.4,2693,
2024-08-14 14:47:00+05:30,4667.4,4669.8,4661.6,4661.6,1608,
2024-08-14 14:48:00+05:30,4661.6,4665,4660.05,4660.85,1994,
2024-08-14 14:49:00+05:30,4660.85,4660.85,4656.5,4657.85,3713,
2024-08-14 14:50:00+05:30,4657.7,4660,4655.3,4657.25,2443,
2024-08-14 14:51:00+05:30,4657.25,4659.9,4653.35,4656.5,2322,
2024-08-14 14:52:00+05:30,4656.15,4659.4,4655.7,4659.4,2002,
2024-08-14 14:53:00+05:30,4658,4665.15,4656.25,4663.1,3024,
2024-08-14 14:54:00+05:30,4663.85,4670,4663.1,4668,2741,
2024-08-14 14:55:00+05:30,4667.9,4673,4667.35,4671.7,3041,
2024-08-14 14:56:00+05:30,4671.55,4672.95,4670.15,4670.15,2081,
2024-08-14 14:57:00+05:30,4670.55,4672.9,4668.25,4669,2106,
2024-08-14 14:58:00+05:30,4669.1,4671.15,4666.25,4666.7,2402,
2024-08-14 14:59:00+05:30,4666.75,4668.6,4663.75,4666.25,3317,
2024-08-14 15:00:00+05:30,4668.55,4668.55,4660,4662,4819,
2024-08-14 15:01:00+05:30,4662,4664.5,4659.7,4662.1,3285,
2024-08-14 15:02:00+05:30,4662.1,4663.85,4660.95,4661.05,2632,
2024-08-14 15:03:00+05:30,4661.05,4666.8,4659.5,4664.75,3275,
2024-08-14 15:04:00+05:30,4664.75,4664.75,4662.5,4663.85,2632,
2024-08-14 15:05:00+05:30,4663.75,4666.8,4662.65,4665.3,3770,
2024-08-14 15:06:00+05:30,4664.85,4669,4664.6,4667.15,3406,
2024-08-14 15:07:00+05:30,4667.8,4667.8,4665.4,4665.6,2609,
2024-08-14 15:08:00+05:30,4665.5,4665.55,4663.1,4663.75,2589,
2024-08-14 15:09:00+05:30,4664.5,4666,4664.1,4664.85,4200,
2024-08-14 15:10:00+05:30,4664.8,4667.95,4663.65,4665,5093,
2024-08-14 15:11:00+05:30,4664.6,4665.8,4662.55,4662.6,4622,
2024-08-14 15:12:00+05:30,4662.9,4663.1,4658.7,4659.55,3275,
2024-08-14 15:13:00+05:30,4658.7,4662,4657,4659.05,5954,
2024-08-14 15:14:00+05:30,4659.3,4660.9,4657,4659.95,3738,
2024-08-14 15:15:00+05:30,4661.8,4663.5,4656.55,4662.35,6643,
2024-08-14 15:16:00+05:30,4662,4662.4,4656.25,4659.45,6214,
2024-08-14 15:17:00+05:30,4659.45,4661.65,4657,4658.7,4319,
2024-08-14 15:18:00+05:30,4657.85,4661.3,4656.25,4660.15,9441,
2024-08-14 15:19:00+05:30,4660.15,4663.45,4659.2,4663.35,5646,
2024-08-14 15:20:00+05:30,4663.35,4666.8,4660.05,4661.7,6309,
2024-08-14 15:21:00+05:30,4662.75,4664.8,4659.85,4661.45,4569,
2024-08-14 15:22:00+05:30,4661.85,4662,4657.1,4660,3569,
2024-08-14 15:23:00+05:30,4660,4664.55,4658.5,4661.3,3445,
2024-08-14 15:24:00+05:30,4661.3,4661.3,4656.3,4658.75,4803,
2024-08-14 15:25:00+05:30,4658.75,4660,4656.25,4657.3,3030,
2024-08-14 15:26:00+05:30,4657.3,4660,4656.25,4656.35,2066,
2024-08-14 15:27:00+05:30,4659.2,4662.6,4656.25,4660,7441,
2024-08-14 15:28:00+05:30,4660,4680,4660,4660,14378,
2024-08-14 15:29:00+05:30,4660,4669,4660,4666,3693,
2024-08-16 09:15:00+05:30,4665,4700,4640,4661.2,17987,
2024-08-16 09:16:00+05:30,4657.7,4697.95,4657.7,4691,5209,
2024-08-16 09:17:00+05:30,4690.35,4690.35,4673.15,4673.15,5800,
2024-08-16 09:18:00+05:30,4673.15,4682.6,4665.55,4682.6,5844,
2024-08-16 09:19:00+05:30,4682.6,4687.2,4678.45,4683.15,839,
2024-08-16 09:20:00+05:30,4683.15,4689.95,4682.55,4685,1348,
2024-08-16 09:21:00+05:30,4685,4688.5,4680.25,4688.05,1034,
2024-08-16 09:22:00+05:30,4688.05,4694.25,4688.05,4694.25,912,
2024-08-16 09:23:00+05:30,4694.25,4694.25,4682.75,4688,1068,
2024-08-16 09:24:00+05:30,4687.95,4691.1,4685,4685,1788,
2024-08-16 09:25:00+05:30,4687.2,4687.2,4680,4682.6,653,
2024-08-16 09:26:00+05:30,4683.25,4683.25,4672.15,4672.15,1567,
2024-08-16 09:27:00+05:30,4674.4,4679.75,4672.05,4677,663,
2024-08-16 09:28:00+05:30,4677,4679,4672.8,4674.85,840,
2024-08-16 09:29:00+05:30,4674.85,4674.85,4667.85,4667.85,1511,
2024-08-16 09:30:00+05:30,4669.15,4683.15,4662.95,4683.15,6433,
2024-08-16 09:31:00+05:30,4683.15,4684.6,4670,4670,5236,
2024-08-16 09:32:00+05:30,4670,4680,4670,4680,3240,
2024-08-16 09:33:00+05:30,4680,4688,4677.95,4687.95,1875,
2024-08-16 09:34:00+05:30,4687.95,4687.95,4680.2,4684.5,1115,
2024-08-16 09:35:00+05:30,4685.4,4704.9,4685.4,4702.3,10911,
2024-08-16 09:36:00+05:30,4705,4709.8,4700.2,4703,2014,
2024-08-16 09:37:00+05:30,4703,4703.8,4697.7,4698.75,2321,
2024-08-16 09:38:00+05:30,4698.8,4698.8,4690.05,4694.9,1899,
2024-08-16 09:39:00+05:30,4694.9,4702.6,4694.85,4698.15,2720,
2024-08-16 09:40:00+05:30,4698.15,4699.95,4694.5,4699.3,824,
2024-08-16 09:41:00+05:30,4699,4707.95,4696.8,4699.65,1256,
2024-08-16 09:42:00+05:30,4698.7,4703,4696,4696,255,
2024-08-16 09:43:00+05:30,4696,4699.95,4692.05,4695.9,1391,
2024-08-16 09:44:00+05:30,4695.9,4695.9,4686.85,4688.05,487,
2024-08-16 09:45:00+05:30,4690.15,4692.95,4686.25,4692.75,1120,
2024-08-16 09:46:00+05:30,4692.75,4700,4691.4,4696.65,3527,
2024-08-16 09:47:00+05:30,4696.2,4696.2,4688,4689.9,2456,
2024-08-16 09:48:00+05:30,4690.4,4699.8,4690.1,4699.8,1965,
2024-08-16 09:49:00+05:30,4699.8,4700,4681.6,4684.55,2726,
2024-08-16 09:50:00+05:30,4684.55,4688.5,4680.1,4680.1,1685,
2024-08-16 09:51:00+05:30,4679.2,4680.5,4675,4678.35,1831,
2024-08-16 09:52:00+05:30,4678.35,4680.45,4675.7,4676.6,773,
2024-08-16 09:53:00+05:30,4676.6,4680.6,4670.1,4672,1252,
2024-08-16 09:54:00+05:30,4672,4675.75,4671.1,4675.1,282,
2024-08-16 09:55:00+05:30,4677.65,4682.4,4677,4678.35,411,
2024-08-16 09:56:00+05:30,4678.35,4680.6,4675,4676.05,670,
2024-08-16 09:57:00+05:30,4676.05,4688.55,4676,4688.05,647,
2024-08-16 09:58:00+05:30,4688.05,4689.9,4681.1,4681.1,396,
2024-08-16 09:59:00+05:30,4681.1,4684.6,4679.1,4680.55,853,
2024-08-16 10:00:00+05:30,4681.75,4683.95,4677.25,4678.95,1247,
2024-08-16 10:01:00+05:30,4674.55,4686.95,4674.55,4683.5,1511,
2024-08-16 10:02:00+05:30,4682.2,4692.3,4681.85,4688.15,615,
2024-08-16 10:03:00+05:30,4688.15,4689.55,4681.35,4681.35,233,
2024-08-16 10:04:00+05:30,4681.35,4687.95,4681.35,4684.6,293,
2024-08-16 10:05:00+05:30,4684.65,4685,4675.05,4675.1,236,
2024-08-16 10:06:00+05:30,4675,4675.55,4670.1,4670.1,449,
2024-08-16 10:07:00+05:30,4670.15,4670.15,4664.25,4664.25,2070,
2024-08-16 10:08:00+05:30,4664.25,4670.35,4662.5,4667.75,1151,
2024-08-16 10:09:00+05:30,4667.75,4670.4,4665.15,4666.1,736,
2024-08-16 10:10:00+05:30,4666.1,4667.75,4662.3,4662.3,1960,
2024-08-16 10:11:00+05:30,4662,4663.35,4661,4661.2,1748,
2024-08-16 10:12:00+05:30,4661.2,4663.35,4661.2,4661.4,584,
2024-08-16 10:13:00+05:30,4661.4,4665.4,4660.65,4662.05,2971,
2024-08-16 10:14:00+05:30,4663.6,4668,4661.55,4661.75,548,
2024-08-16 10:15:00+05:30,4661.75,4665.45,4661.2,4661.8,3499,
2024-08-16 10:16:00+05:30,4661.8,4665.55,4661.2,4665.5,590,
2024-08-16 10:17:00+05:30,4665.5,4666.5,4662,4662.1,372,
2024-08-16 10:18:00+05:30,4662.1,4670,4662,4668.1,1108,
2024-08-16 10:19:00+05:30,4668.1,4669.45,4663.15,4664.45,724,
2024-08-16 10:20:00+05:30,4664.55,4667.1,4653.9,4657.7,7097,
2024-08-16 10:21:00+05:30,4656.5,4658.7,4655,4655.05,864,
2024-08-16 10:22:00+05:30,4655.05,4655.05,4650,4652.2,1491,
2024-08-16 10:23:00+05:30,4655.15,4656.1,4652.35,4653.25,723,
2024-08-16 10:24:00+05:30,4655,4656.6,4653.6,4654.3,355,
2024-08-16 10:25:00+05:30,4654.3,4658.05,4649.85,4649.85,2659,
2024-08-16 10:26:00+05:30,4649.85,4655,4646.45,4650.75,3200,
2024-08-16 10:27:00+05:30,4653.1,4659.55,4651,4659.4,2549,
2024-08-16 10:28:00+05:30,4659.4,4659.4,4655.2,4656.9,594,
2024-08-16 10:29:00+05:30,4656.9,4659,4654.75,4656.05,695,
2024-08-16 10:30:00+05:30,4656,4656.15,4645.65,4645.65,2495,
2024-08-16 10:31:00+05:30,4645.65,4653.95,4645.5,4651.35,585,
2024-08-16 10:32:00+05:30,4651.35,4655.5,4648.9,4648.95,991,
2024-08-16 10:33:00+05:30,4648.95,4655.4,4648.95,4651.05,1071,
2024-08-16 10:34:00+05:30,4651.05,4653.95,4649.15,4651.15,1375,
2024-08-16 10:35:00+05:30,4651.15,4656.7,4650.6,4652.85,1244,
2024-08-16 10:36:00+05:30,4652.85,4658.15,4652.85,4654.25,1290,
2024-08-16 10:37:00+05:30,4654.6,4656.7,4652,4653.5,512,
2024-08-16 10:38:00+05:30,4653.5,4655.05,4652.8,4654.25,759,
2024-08-16 10:39:00+05:30,4654.25,4659.15,4654.25,4657.4,1038,
2024-08-16 10:40:00+05:30,4657.4,4658.95,4655.9,4655.9,505,
2024-08-16 10:41:00+05:30,4655.9,4658.55,4651.05,4651.4,887,
2024-08-16 10:42:00+05:30,4651.4,4651.5,4647.2,4647.35,1422,
2024-08-16 10:43:00+05:30,4647.35,4650,4647.35,4648.55,907,
2024-08-16 10:44:00+05:30,4648.55,4656.05,4648.55,4654.05,2378,
2024-08-16 10:45:00+05:30,4654.05,4657.95,4654.05,4654.95,1080,
2024-08-16 10:46:00+05:30,4654.95,4658.85,4650,4650.1,1262,
2024-08-16 10:47:00+05:30,4650.1,4654.05,4649.75,4650.75,781,
2024-08-16 10:48:00+05:30,4651.85,4654.3,4648,4648,763,
2024-08-16 10:49:00+05:30,4648,4651,4648,4650.15,394,
2024-08-16 10:50:00+05:30,4650.95,4651,4648,4648,684,
2024-08-16 10:51:00+05:30,4648,4654.05,4648,4652.35,2442,
2024-08-16 10:52:00+05:30,4652.35,4652.35,4646.65,4648.7,710,
2024-08-16 10:53:00+05:30,4648.7,4651,4647.5,4647.65,365,
2024-08-16 10:54:00+05:30,4647.65,4648,4646,4646.5,2036,
2024-08-16 10:55:00+05:30,4648,4648,4636.8,4641.85,7135,
2024-08-16 10:56:00+05:30,4641.85,4644.95,4641,4641,679,
2024-08-16 10:57:00+05:30,4641,4642.25,4639.05,4639.5,981,
2024-08-16 10:58:00+05:30,4639.5,4642,4639.5,4641.5,583,
2024-08-16 10:59:00+05:30,4641.5,4644,4640.85,4641.45,443,
2024-08-16 11:00:00+05:30,4641.45,4647.85,4641.45,4643.95,626,
2024-08-16 11:01:00+05:30,4643.95,4647.8,4642.5,4642.5,958,
2024-08-16 11:02:00+05:30,4642.5,4648.35,4642.5,4645,599,
2024-08-16 11:03:00+05:30,4645,4648,4642,4644.3,836,
2024-08-16 11:04:00+05:30,4644.3,4648,4642.85,4643,1028,
2024-08-16 11:05:00+05:30,4643,4645,4641.55,4642.45,816,
2024-08-16 11:06:00+05:30,4642.45,4646,4641.5,4643.6,839,
2024-08-16 11:07:00+05:30,4643.6,4643.65,4639.2,4639.3,566,
2024-08-16 11:08:00+05:30,4639.3,4640.45,4632.1,4634.15,1242,
2024-08-16 11:09:00+05:30,4633.65,4637.5,4628.5,4628.9,4252,
2024-08-16 11:10:00+05:30,4628.9,4637.5,4628.75,4637.35,1288,
2024-08-16 11:11:00+05:30,4637.35,4637.4,4633.2,4633.2,450,
2024-08-16 11:12:00+05:30,4633.2,4642.45,4632.05,4639.95,3040,
2024-08-16 11:13:00+05:30,4639.95,4642.15,4636.85,4637.05,553,
2024-08-16 11:14:00+05:30,4638.85,4638.85,4634.75,4634.75,424,
2024-08-16 11:15:00+05:30,4634.75,4639.35,4634.1,4639.35,530,
2024-08-16 11:16:00+05:30,4639.65,4640.25,4634.75,4634.75,938,
2024-08-16 11:17:00+05:30,4634.75,4637,4634.5,4635.2,594,
2024-08-16 11:18:00+05:30,4635.2,4641.55,4635.05,4636.4,1277,
2024-08-16 11:19:00+05:30,4638.95,4640.5,4636.7,4638.95,401,
2024-08-16 11:20:00+05:30,4638.95,4641.85,4638.35,4640,761,
2024-08-16 11:21:00+05:30,4638.3,4641.55,4637.65,4639.1,489,
2024-08-16 11:22:00+05:30,4639.1,4644.75,4639.05,4641.45,786,
2024-08-16 11:23:00+05:30,4641.45,4643,4639.7,4642.1,614,
2024-08-16 11:24:00+05:30,4642.1,4643.95,4640,4641.7,1742,
2024-08-16 11:25:00+05:30,4641.7,4644.95,4641.25,4644.9,683,
2024-08-16 11:26:00+05:30,4644.9,4655,4643.15,4652.05,3030,
2024-08-16 11:27:00+05:30,4654.35,4655.1,4652.35,4653,959,
2024-08-16 11:28:00+05:30,4653,4654,4646.45,4647.15,2618,
2024-08-16 11:29:00+05:30,4647.15,4648.6,4647.15,4648.1,526,
2024-08-16 11:30:00+05:30,4648.1,4649.55,4642.75,4644.45,857,
2024-08-16 11:31:00+05:30,4644.45,4644.45,4637.55,4638.45,935,
2024-08-16 11:32:00+05:30,4638.45,4643.65,4637.6,4639.7,1228,
2024-08-16 11:33:00+05:30,4639.7,4642,4635.05,4639,65933,
2024-08-16 11:34:00+05:30,4639,4640.35,4635.05,4636,679,
2024-08-16 11:35:00+05:30,4636,4638.65,4636,4638.05,604,
2024-08-16 11:36:00+05:30,4638.35,4640.8,4638.35,4640.8,667,
2024-08-16 11:37:00+05:30,4640.75,4643.8,4640,4641,413,
2024-08-16 11:38:00+05:30,4641,4642.95,4640,4641.65,1915,
2024-08-16 11:39:00+05:30,4641.65,4645,4641.65,4642.9,574,
2024-08-16 11:40:00+05:30,4642.9,4649.6,4642.9,4647,333,
2024-08-16 11:41:00+05:30,4647,4650,4645.2,4647,672,
2024-08-16 11:42:00+05:30,4647,4648.1,4645.25,4645.25,673,
2024-08-16 11:43:00+05:30,4645.25,4648.55,4641.3,4641.3,995,
2024-08-16 11:44:00+05:30,4641.3,4642,4638.95,4640,589,
2024-08-16 11:45:00+05:30,4640,4640.3,4638,4638,798,
2024-08-16 11:46:00+05:30,4638,4640.5,4637.35,4639.2,549,
2024-08-16 11:47:00+05:30,4639.2,4641,4637.45,4641,1019,
2024-08-16 11:48:00+05:30,4641,4641.95,4638.6,4639.25,553,
2024-08-16 11:49:00+05:30,4639.25,4640.95,4636,4639.2,1954,
2024-08-16 11:50:00+05:30,4639.2,4648,4639.2,4648,559,
2024-08-16 11:51:00+05:30,4649,4649.7,4641.65,4643.2,1343,
2024-08-16 11:52:00+05:30,4643.2,4643.55,4639.5,4640.5,370,
2024-08-16 11:53:00+05:30,4640.5,4646.2,4639.85,4639.95,1657,
2024-08-16 11:54:00+05:30,4642.6,4643.25,4639.45,4641.95,725,
2024-08-16 11:55:00+05:30,4641.95,4644.55,4638,4640.6,684,
2024-08-16 11:56:00+05:30,4640.6,4641.95,4638.75,4640.05,281,
2024-08-16 11:57:00+05:30,4640.05,4642,4635,4635.05,1606,
2024-08-16 11:58:00+05:30,4635.05,4641.45,4635,4640.2,760,
2024-08-16 11:59:00+05:30,4640.2,4642,4638.5,4640.55,477,
2024-08-16 12:00:00+05:30,4640.55,4641.1,4640,4640,267,
2024-08-16 12:01:00+05:30,4641.15,4641.15,4640,4640.2,326,
2024-08-16 12:02:00+05:30,4640.2,4642,4640.1,4641.4,493,
2024-08-16 12:03:00+05:30,4641.15,4643.55,4640.25,4640.25,908,
2024-08-16 12:04:00+05:30,4640.25,4643.7,4640.05,4640.5,577,
2024-08-16 12:05:00+05:30,4640.5,4644.75,4640.5,4641.9,576,
2024-08-16 12:06:00+05:30,4641.9,4644.45,4641,4643,291,
2024-08-16 12:07:00+05:30,4643,4645.6,4642,4643.4,2093,
2024-08-16 12:08:00+05:30,4642.9,4646.1,4642.15,4644.8,533,
2024-08-16 12:09:00+05:30,4644.8,4647.6,4644.05,4644.7,427,
2024-08-16 12:10:00+05:30,4644.7,4650.5,4644.45,4649.15,2252,
2024-08-16 12:11:00+05:30,4649.65,4654.6,4646.65,4651.25,2316,
2024-08-16 12:12:00+05:30,4651.25,4654.85,4650.05,4653.75,803,
2024-08-16 12:13:00+05:30,4653.75,4655,4650.3,4653.1,1535,
2024-08-16 12:14:00+05:30,4653.1,4653.6,4650.35,4650.65,708,
2024-08-16 12:15:00+05:30,4650.65,4653.35,4650.65,4651,330,
2024-08-16 12:16:00+05:30,4651,4654.75,4650.95,4651.8,462,
2024-08-16 12:17:00+05:30,4651.3,4653.35,4651,4651.1,598,
2024-08-16 12:18:00+05:30,4651.1,4652.8,4650.65,4650.65,730,
2024-08-16 12:19:00+05:30,4650.65,4652.45,4650.65,4652.45,353,
2024-08-16 12:20:00+05:30,4651.5,4654,4650.4,4651.15,619,
2024-08-16 12:21:00+05:30,4651.15,4654.15,4650.55,4652.25,708,
2024-08-16 12:22:00+05:30,4652.25,4653.2,4650,4650.5,910,
2024-08-16 12:23:00+05:30,4650.05,4652,4650,4650.6,280,
2024-08-16 12:24:00+05:30,4650.6,4651.9,4650,4651.1,618,
2024-08-16 12:25:00+05:30,4651.1,4651.95,4651,4651.05,359,
2024-08-16 12:26:00+05:30,4651.1,4651.9,4650.5,4650.5,336,
2024-08-16 12:27:00+05:30,4650.5,4651,4650.5,4650.55,337,
2024-08-16 12:28:00+05:30,4650.55,4651,4645,4645.05,826,
2024-08-16 12:29:00+05:30,4645.05,4649.1,4645.05,4647.9,546,
2024-08-16 12:30:00+05:30,4648.65,4651.1,4647.9,4650.6,5230,
2024-08-16 12:31:00+05:30,4650.6,4652.8,4650,4650.3,611,
2024-08-16 12:32:00+05:30,4652.45,4652.45,4646.15,4647.95,1802,
2024-08-16 12:33:00+05:30,4650.35,4650.35,4647.85,4649.85,406,
2024-08-16 12:34:00+05:30,4649.85,4651,4647.45,4647.45,477,
2024-08-16 12:35:00+05:30,4649,4653.7,4646.45,4651.2,634,
2024-08-16 12:36:00+05:30,4651.2,4658.6,4650.35,4658,2140,
2024-08-16 12:37:00+05:30,4658,4659,4655.5,4658.25,1657,
2024-08-16 12:38:00+05:30,4658.95,4659.8,4658.65,4658.7,508,
2024-08-16 12:39:00+05:30,4658.7,4659.8,4658.25,4659.8,409,
2024-08-16 12:40:00+05:30,4659.8,4664.2,4659.75,4663,883,
2024-08-16 12:41:00+05:30,4663,4664.25,4662.05,4662.05,868,
2024-08-16 12:42:00+05:30,4663.65,4663.7,4662,4663,531,
2024-08-16 12:43:00+05:30,4663.6,4663.6,4658.35,4659.85,1801,
2024-08-16 12:44:00+05:30,4659.85,4659.85,4653.25,4653.25,692,
2024-08-16 12:45:00+05:30,4653.75,4659.45,4653.5,4659.4,349,
2024-08-16 12:46:00+05:30,4659.4,4660,4656.95,4658.3,341,
2024-08-16 12:47:00+05:30,4658.3,4658.35,4655.95,4657.5,523,
2024-08-16 12:48:00+05:30,4657.5,4659.8,4656.35,4656.35,1461,
2024-08-16 12:49:00+05:30,4656.35,4656.35,4652.1,4654,809,
2024-08-16 12:50:00+05:30,4654,4655.95,4651.7,4652.25,837,
2024-08-16 12:51:00+05:30,4652.25,4652.25,4645.9,4646.3,1477,
2024-08-16 12:52:00+05:30,4646.3,4649.3,4643.8,4644.35,577,
2024-08-16 12:53:00+05:30,4644.35,4647.6,4644.35,4645.2,523,
2024-08-16 12:54:00+05:30,4645.2,4645.3,4644.9,4644.9,412,
2024-08-16 12:55:00+05:30,4644.9,4647.7,4643.8,4646.9,554,
2024-08-16 12:56:00+05:30,4646.9,4648.65,4644.75,4645.8,522,
2024-08-16 12:57:00+05:30,4645.8,4649.25,4645.55,4647.75,334,
2024-08-16 12:58:00+05:30,4647.75,4649.5,4645.8,4647.75,461,
2024-08-16 12:59:00+05:30,4647.75,4649.4,4646,4647.25,284,
2024-08-16 13:00:00+05:30,4647.25,4648.9,4645.9,4647.05,416,
2024-08-16 13:01:00+05:30,4647.05,4648.35,4645.8,4646.05,309,
2024-08-16 13:02:00+05:30,4646.05,4647.6,4645.4,4646.4,233,
2024-08-16 13:03:00+05:30,4646.4,4647.85,4645.65,4646.05,324,
2024-08-16 13:04:00+05:30,4646.05,4648.45,4646.05,4647.75,348,
2024-08-16 13:05:00+05:30,4648.1,4648.2,4646.65,4646.7,298,
2024-08-16 13:06:00+05:30,4646.7,4648.2,4646.05,4646.05,316,
2024-08-16 13:07:00+05:30,4646.05,4646.65,4645.35,4645.35,692,
2024-08-16 13:08:00+05:30,4645.35,4645.45,4645,4645.05,316,
2024-08-16 13:09:00+05:30,4645.1,4650.1,4645,4648.3,963,
2024-08-16 13:10:00+05:30,4650.05,4652.2,4647.85,4652.2,464,
2024-08-16 13:11:00+05:30,4652.2,4652.7,4650.2,4650.7,564,
2024-08-16 13:12:00+05:30,4650.7,4650.7,4648.05,4648.7,369,
2024-08-16 13:13:00+05:30,4648.7,4650.9,4648.15,4648.7,373,
2024-08-16 13:14:00+05:30,4648.75,4649.05,4647.45,4647.6,501,
2024-08-16 13:15:00+05:30,4647.6,4649.8,4646.3,4646.3,362,
2024-08-16 13:16:00+05:30,4646.3,4648.45,4646.3,4648.25,225,
2024-08-16 13:17:00+05:30,4648.4,4648.4,4643.05,4644.45,870,
2024-08-16 13:18:00+05:30,4644.45,4648.65,4644.1,4647.95,433,
2024-08-16 13:19:00+05:30,4647.95,4647.95,4645.05,4646.4,276,
2024-08-16 13:20:00+05:30,4646.4,4646.45,4644.35,4644.35,400,
2024-08-16 13:21:00+05:30,4644.35,4647.65,4644.35,4647.35,231,
2024-08-16 13:22:00+05:30,4647.35,4650,4647.35,4647.65,287,
2024-08-16 13:23:00+05:30,4647.65,4649.85,4647.3,4647.6,660,
2024-08-16 13:24:00+05:30,4647.6,4648,4645.5,4645.85,275,
2024-08-16 13:25:00+05:30,4645.85,4647.6,4644.55,4644.55,311,
2024-08-16 13:26:00+05:30,4646.8,4649.8,4645.35,4649.8,488,
2024-08-16 13:27:00+05:30,4649.8,4649.85,4647.1,4647.7,295,
2024-08-16 13:28:00+05:30,4648.95,4649,4644.85,4645.3,244,
2024-08-16 13:29:00+05:30,4645.3,4647.2,4645.3,4646.4,385,
2024-08-16 13:30:00+05:30,4646.4,4650,4645.3,4647.75,433,
2024-08-16 13:31:00+05:30,4649.95,4649.95,4644.35,4644.35,781,
2024-08-16 13:32:00+05:30,4644.35,4646.1,4644,4644.4,358,
2024-08-16 13:33:00+05:30,4644.4,4645.9,4641.05,4642,804,
2024-08-16 13:34:00+05:30,4642,4643.8,4641.05,4642.9,605,
2024-08-16 13:35:00+05:30,4642.9,4643,4641.5,4641.7,390,
2024-08-16 13:36:00+05:30,4641.7,4643.7,4641.7,4642.85,519,
2024-08-16 13:37:00+05:30,4643.55,4643.55,4641.7,4641.7,509,
2024-08-16 13:38:00+05:30,4641.85,4643.45,4641.5,4641.5,623,
2024-08-16 13:39:00+05:30,4641.55,4642.65,4639.3,4639.8,1112,
2024-08-16 13:40:00+05:30,4639.8,4642,4638.7,4639.95,893,
2024-08-16 13:41:00+05:30,4641.6,4645.4,4640,4645,461,
2024-08-16 13:42:00+05:30,4645,4646.05,4642.15,4642.9,468,
2024-08-16 13:43:00+05:30,4644.4,4647.4,4643.3,4646.2,632,
2024-08-16 13:44:00+05:30,4646.2,4646.7,4644.85,4644.85,266,
2024-08-16 13:45:00+05:30,4644.85,4647.2,4643.2,4644,346,
2024-08-16 13:46:00+05:30,4643.95,4646.65,4643.25,4643.25,355,
2024-08-16 13:47:00+05:30,4643.25,4646,4643.25,4645.2,469,
2024-08-16 13:48:00+05:30,4645.2,4646.1,4644.25,4645,314,
2024-08-16 13:49:00+05:30,4645,4646.9,4644.05,4644.55,817,
2024-08-16 13:50:00+05:30,4644.55,4648.4,4644,4644.55,959,
2024-08-16 13:51:00+05:30,4644.05,4644.1,4641.05,4642.95,1535,
2024-08-16 13:52:00+05:30,4643.9,4643.9,4641,4642.55,445,
2024-08-16 13:53:00+05:30,4642.55,4643.5,4640.15,4640.15,1090,
2024-08-16 13:54:00+05:30,4640.15,4642.2,4637.1,4637.1,941,
2024-08-16 13:55:00+05:30,4637.9,4637.9,4631,4632.8,1669,
2024-08-16 13:56:00+05:30,4635.5,4636,4632.15,4635.05,775,
2024-08-16 13:57:00+05:30,4635.05,4638.95,4631,4632,2682,
2024-08-16 13:58:00+05:30,4632,4634.1,4626.8,4629.95,5891,
2024-08-16 13:59:00+05:30,4629.8,4633.25,4629.15,4631.95,842,
2024-08-16 14:00:00+05:30,4631.95,4634.95,4631.6,4631.95,569,
2024-08-16 14:01:00+05:30,4631.95,4638.95,4631.8,4636.7,1531,
2024-08-16 14:02:00+05:30,4636.7,4639,4633.65,4639,718,
2024-08-16 14:03:00+05:30,4637.45,4639.65,4635.55,4635.55,990,
2024-08-16 14:04:00+05:30,4635.55,4637.5,4635.55,4635.6,626,
2024-08-16 14:05:00+05:30,4636.95,4636.95,4635.6,4635.8,462,
2024-08-16 14:06:00+05:30,4635.75,4639.45,4635.55,4637.2,918,
2024-08-16 14:07:00+05:30,4637.2,4639.85,4636.2,4636.6,874,
2024-08-16 14:08:00+05:30,4636.7,4639.05,4636,4637.75,501,
2024-08-16 14:09:00+05:30,4637.75,4637.75,4636.05,4637.7,654,
2024-08-16 14:10:00+05:30,4637,4639.85,4633.5,4633.5,1127,
2024-08-16 14:11:00+05:30,4633.35,4636.4,4633.35,4635.75,546,
2024-08-16 14:12:00+05:30,4635.75,4636.8,4628,4633.65,2084,
2024-08-16 14:13:00+05:30,4633.65,4634.95,4630,4633.3,1297,
2024-08-16 14:14:00+05:30,4633.3,4637,4631.95,4635.5,555,
2024-08-16 14:15:00+05:30,4635.65,4638.8,4633.55,4638.8,767,
2024-08-16 14:16:00+05:30,4638,4640,4635,4636.75,801,
2024-08-16 14:17:00+05:30,4636.7,4640,4636.7,4638.95,919,
2024-08-16 14:18:00+05:30,4637.8,4638.3,4635,4637.1,1355,
2024-08-16 14:19:00+05:30,4637.1,4638.35,4635,4635.05,668,
2024-08-16 14:20:00+05:30,4635.05,4637.25,4633.35,4633.35,764,
2024-08-16 14:21:00+05:30,4633.35,4636.35,4633.1,4633.8,411,
2024-08-16 14:22:00+05:30,4634.05,4635.75,4632.65,4633.15,690,
2024-08-16 14:23:00+05:30,4633.15,4634.95,4631.65,4633,1107,
2024-08-16 14:24:00+05:30,4633.15,4634.8,4632.1,4632.15,682,
2024-08-16 14:25:00+05:30,4632.15,4634.35,4631.5,4633.1,451,
2024-08-16 14:26:00+05:30,4634,4635,4631.55,4632,630,
2024-08-16 14:27:00+05:30,4631.55,4633.25,4631.5,4631.7,443,
2024-08-16 14:28:00+05:30,4631.7,4636.45,4631.1,4632.65,2398,
2024-08-16 14:29:00+05:30,4633.25,4633.9,4633.2,4633.25,401,
2024-08-16 14:30:00+05:30,4633.25,4635.15,4632.55,4633.35,576,
2024-08-16 14:31:00+05:30,4633.35,4634.8,4632,4632.05,593,
2024-08-16 14:32:00+05:30,4632.05,4634,4631.45,4632.9,376,
2024-08-16 14:33:00+05:30,4632.9,4633.85,4632.25,4632.3,395,
2024-08-16 14:34:00+05:30,4633.55,4634.95,4631.2,4631.95,1865,
2024-08-16 14:35:00+05:30,4631.95,4633.45,4628.35,4630.5,4699,
2024-08-16 14:36:00+05:30,4631.3,4634.05,4630.25,4630.25,750,
2024-08-16 14:37:00+05:30,4630.25,4634.7,4630.25,4631.2,1124,
2024-08-16 14:38:00+05:30,4631.2,4632,4630,4630.25,556,
2024-08-16 14:39:00+05:30,4630.25,4632.5,4629.2,4630.05,698,
2024-08-16 14:40:00+05:30,4630.05,4632.2,4629.4,4629.9,443,
2024-08-16 14:41:00+05:30,4629.9,4630.5,4629.4,4629.4,474,
2024-08-16 14:42:00+05:30,4629.4,4632.75,4629.4,4629.45,358,
2024-08-16 14:43:00+05:30,4629.5,4632,4629.4,4629.7,486,
2024-08-16 14:44:00+05:30,4629.7,4631.45,4629.7,4629.7,301,
2024-08-16 14:45:00+05:30,4629.7,4629.7,4628,4628,1128,
2024-08-16 14:46:00+05:30,4628,4630,4628,4628.65,671,
2024-08-16 14:47:00+05:30,4629.1,4631.95,4629.05,4630,680,
2024-08-16 14:48:00+05:30,4630.3,4631.75,4629.5,4630.6,374,
2024-08-16 14:49:00+05:30,4630.6,4631.7,4630,4630.05,410,
2024-08-16 14:50:00+05:30,4630.05,4632,4630,4630.6,621,
2024-08-16 14:51:00+05:30,4630.35,4632,4630.2,4630.65,484,
2024-08-16 14:52:00+05:30,4630.65,4632,4630.1,4630.1,497,
2024-08-16 14:53:00+05:30,4630.1,4632,4629.45,4629.45,1135,
2024-08-16 14:54:00+05:30,4631.35,4631.85,4628,4629.9,1051,
2024-08-16 14:55:00+05:30,4629.9,4630,4623.3,4625,2682,
2024-08-16 14:56:00+05:30,4625,4629.2,4625,4626.35,1560,
2024-08-16 14:57:00+05:30,4626.35,4629.95,4626.3,4629.25,1075,
2024-08-16 14:58:00+05:30,4629.25,4633.5,4629.25,4631.25,1526,
2024-08-16 14:59:00+05:30,4631.25,4632,4630,4630.05,504,
2024-08-16 15:00:00+05:30,4630.9,4632,4630.2,4631.2,1121,
2024-08-16 15:01:00+05:30,4631.25,4633.35,4631.15,4632.65,1234,
2024-08-16 15:02:00+05:30,4632.95,4633.75,4630.35,4630.35,683,
2024-08-16 15:03:00+05:30,4631.95,4633.5,4630.05,4633,1781,
2024-08-16 15:04:00+05:30,4633,4634,4632.45,4633.9,1255,
2024-08-16 15:05:00+05:30,4633.6,4633.6,4630.75,4631.95,1858,
2024-08-16 15:06:00+05:30,4630.5,4632.15,4630.5,4632.15,906,
2024-08-16 15:07:00+05:30,4633,4633.4,4630.45,4630.45,1578,
2024-08-16 15:08:00+05:30,4630.45,4633,4630.05,4631.95,601,
2024-08-16 15:09:00+05:30,4631.95,4638.75,4631.95,4634.85,3568,
2024-08-16 15:10:00+05:30,4635.25,4635.25,4632,4632.15,2723,
2024-08-16 15:11:00+05:30,4632.45,4633.85,4630.85,4632,1348,
2024-08-16 15:12:00+05:30,4632.25,4633.75,4631.9,4632.35,690,
2024-08-16 15:13:00+05:30,4632.35,4635.9,4631.8,4635.4,1484,
2024-08-16 15:14:00+05:30,4635.4,4636.9,4634,4634.05,1763,
2024-08-16 15:15:00+05:30,4634.4,4636.5,4632.8,4634,4726,
2024-08-16 15:16:00+05:30,4634,4636.15,4632.1,4635.9,2770,
2024-08-16 15:17:00+05:30,4636.15,4638.55,4634.1,4636.3,2292,
2024-08-16 15:18:00+05:30,4635.25,4636.3,4631.95,4633.75,3570,
2024-08-16 15:19:00+05:30,4633.75,4635.7,4632.15,4632.15,3070,
2024-08-16 15:20:00+05:30,4632.15,4633.8,4632.15,4632.45,3830,
2024-08-16 15:21:00+05:30,4632.4,4633.75,4631.8,4632.1,1649,
2024-08-16 15:22:00+05:30,4632.9,4636,4632.1,4634,810,
2024-08-16 15:23:00+05:30,4635.95,4636,4633.3,4633.4,2217,
2024-08-16 15:24:00+05:30,4633.85,4636,4633.4,4635.3,1344,
2024-08-16 15:25:00+05:30,4635.6,4636.75,4633.05,4634.65,6225,
2024-08-16 15:26:00+05:30,4634.65,4636.15,4634.5,4634.55,1235,
2024-08-16 15:27:00+05:30,4634.55,4638,4634.55,4637.95,1561,
2024-08-16 15:28:00+05:30,4636.75,4638,4636.75,4637.95,1541,
2024-08-16 15:29:00+05:30,4637.95,4638,4632.35,4633.15,806,
2024-08-19 09:15:00+05:30,4665,4669.95,4647.1,4647.25,1999,
2024-08-19 09:16:00+05:30,4652.45,4653,4640,4647.2,1499,
2024-08-19 09:17:00+05:30,4647.2,4651,4646.4,4650.45,1190,
2024-08-19 09:18:00+05:30,4648.25,4652.15,4646,4649,902,
2024-08-19 09:19:00+05:30,4649,4649,4635.6,4640,3816,
2024-08-19 09:20:00+05:30,4637.75,4641.35,4637,4637.65,942,
2024-08-19 09:21:00+05:30,4637,4637.65,4632,4635.55,2523,
2024-08-19 09:22:00+05:30,4638.25,4638.8,4634.6,4637.25,887,
2024-08-19 09:23:00+05:30,4635.4,4638.85,4634.55,4638.85,1416,
2024-08-19 09:24:00+05:30,4636.75,4644.05,4636.75,4641.05,590,
2024-08-19 09:25:00+05:30,4641.9,4646,4641.05,4645.95,1267,
2024-08-19 09:26:00+05:30,4646.5,4649.4,4643.8,4649.05,1551,
2024-08-19 09:27:00+05:30,4649.05,4649.5,4647,4649.5,470,
2024-08-19 09:28:00+05:30,4649.45,4650,4646.2,4649.6,726,
2024-08-19 09:29:00+05:30,4649.8,4649.8,4643.55,4647,406,
2024-08-19 09:30:00+05:30,4647,4649.5,4645,4648.95,680,
2024-08-19 09:31:00+05:30,4649.5,4654.7,4648,4654.4,600,
2024-08-19 09:32:00+05:30,4654.4,4654.4,4651.2,4651.25,359,
2024-08-19 09:33:00+05:30,4651.25,4652.75,4651.25,4652,202,
2024-08-19 09:34:00+05:30,4652,4652.75,4649,4651,518,
2024-08-19 09:35:00+05:30,4651,4652,4646,4646.2,450,
2024-08-19 09:36:00+05:30,4646.2,4648.05,4646,4646,145,
2024-08-19 09:37:00+05:30,4646,4648.25,4646,4648.2,73,
2024-08-19 09:38:00+05:30,4648.2,4650.85,4645.55,4645.55,429,
2024-08-19 09:39:00+05:30,4645.6,4645.65,4643,4645.65,276,
2024-08-19 09:40:00+05:30,4645.65,4653,4645.65,4653,321,
2024-08-19 09:41:00+05:30,4653,4659,4653,4656.5,1719,
2024-08-19 09:42:00+05:30,4657.3,4657.3,4653,4656.85,1325,
2024-08-19 09:43:00+05:30,4657,4663.1,4657,4661.6,852,
2024-08-19 09:44:00+05:30,4661.2,4664.95,4659.95,4662.45,1125,
2024-08-19 09:45:00+05:30,4661.65,4663.6,4655,4655.3,876,
2024-08-19 09:46:00+05:30,4655.3,4655.3,4646.3,4647,678,
2024-08-19 09:47:00+05:30,4647,4647,4642.55,4645.35,865,
2024-08-19 09:48:00+05:30,4647.15,4648.9,4645,4645,430,
2024-08-19 09:49:00+05:30,4645,4645.55,4642.05,4643.4,182,
2024-08-19 09:50:00+05:30,4643.4,4643.4,4635.5,4635.5,1650,
2024-08-19 09:51:00+05:30,4636.3,4639.4,4634,4634.65,1627,
2024-08-19 09:52:00+05:30,4634.65,4635.8,4631.75,4634.2,373,
2024-08-19 09:53:00+05:30,4632.15,4632.75,4626,4629.45,1274,
2024-08-19 09:54:00+05:30,4629.45,4635.35,4626,4631.8,3041,
2024-08-19 09:55:00+05:30,4631.8,4635.4,4629.5,4635.4,1501,
2024-08-19 09:56:00+05:30,4632.45,4632.45,4630.4,4630.45,415,
2024-08-19 09:57:00+05:30,4630.45,4633.45,4630,4630,329,
2024-08-19 09:58:00+05:30,4630,4632.65,4626.25,4630.65,1775,
2024-08-19 09:59:00+05:30,4630.65,4633.8,4629.1,4632.55,353,
2024-08-19 10:00:00+05:30,4630.95,4633.3,4630,4630,263,
2024-08-19 10:01:00+05:30,4630,4631.8,4626.6,4626.6,201,
2024-08-19 10:02:00+05:30,4629.5,4629.6,4623,4624.1,743,
2024-08-19 10:03:00+05:30,4624.1,4626.55,4621.1,4621.25,620,
2024-08-19 10:04:00+05:30,4621.25,4622.6,4620,4621.1,541,
2024-08-19 10:05:00+05:30,4623.55,4624.55,4621.1,4624.55,102,
2024-08-19 10:06:00+05:30,4623,4631.45,4623,4629.1,268,
2024-08-19 10:07:00+05:30,4630.15,4630.95,4627.8,4629.8,196,
2024-08-19 10:08:00+05:30,4627.95,4629.65,4624.5,4624.5,219,
2024-08-19 10:09:00+05:30,4628.3,4628.3,4624,4628.15,180,
2024-08-19 10:10:00+05:30,4628.15,4629.9,4627.2,4629.5,243,
2024-08-19 10:11:00+05:30,4629.5,4629.95,4626.1,4629.45,424,
2024-08-19 10:12:00+05:30,4629.45,4630,4627.05,4629.85,230,
2024-08-19 10:13:00+05:30,4627.9,4630,4627.9,4630,35,
2024-08-19 10:14:00+05:30,4630,4632.85,4630,4630.9,296,
2024-08-19 10:15:00+05:30,4630.9,4631.3,4630,4631.2,302,
2024-08-19 10:16:00+05:30,4630,4632.15,4630,4631.6,92,
2024-08-19 10:17:00+05:30,4631.65,4634.05,4631.2,4632,341,
2024-08-19 10:18:00+05:30,4632,4634.2,4631.3,4631.35,76,
2024-08-19 10:19:00+05:30,4631.35,4636.8,4630.2,4636.8,995,
2024-08-19 10:20:00+05:30,4640,4643.7,4630,4630,1493,
2024-08-19 10:21:00+05:30,4630,4633.35,4630,4632.05,93,
2024-08-19 10:22:00+05:30,4632.05,4634.5,4630.55,4631.15,281,
2024-08-19 10:23:00+05:30,4631.15,4634.95,4629,4630.8,1067,
2024-08-19 10:24:00+05:30,4630.8,4631.9,4625.1,4628.05,490,
2024-08-19 10:25:00+05:30,4628.05,4630,4625.8,4628.1,281,
2024-08-19 10:26:00+05:30,4628.1,4628.1,4625,4627.7,197,
2024-08-19 10:27:00+05:30,4627.7,4627.8,4625,4625,404,
2024-08-19 10:28:00+05:30,4625,4627.35,4625,4625.9,204,
2024-08-19 10:29:00+05:30,4625.9,4630.95,4625,4628.7,182,
2024-08-19 10:30:00+05:30,4630.95,4638.75,4628.7,4636.05,298,
2024-08-19 10:31:00+05:30,4636.05,4636.05,4632.5,4632.5,308,
2024-08-19 10:32:00+05:30,4632.5,4636,4632.5,4633.05,157,
2024-08-19 10:33:00+05:30,4633.05,4633.05,4631,4631,197,
2024-08-19 10:34:00+05:30,4630.35,4631,4630,4630.5,226,
2024-08-19 10:35:00+05:30,4630.5,4635,4630.5,4632.8,219,
2024-08-19 10:36:00+05:30,4632.8,4634,4630.5,4631.9,119,
2024-08-19 10:37:00+05:30,4631.9,4633,4630.5,4633,74,
2024-08-19 10:38:00+05:30,4633,4633,4630.7,4632.85,117,
2024-08-19 10:39:00+05:30,4630.7,4635,4630.3,4632.75,245,
2024-08-19 10:40:00+05:30,4632.75,4632.75,4630.4,4630.4,139,
2024-08-19 10:41:00+05:30,4630.4,4631.95,4630.4,4631.95,3,
2024-08-19 10:42:00+05:30,4631.95,4632,4630.5,4632,21,
2024-08-19 10:43:00+05:30,4632,4632,4630.5,4632,14,
2024-08-19 10:44:00+05:30,4632,4632,4630.25,4631.9,335,
2024-08-19 10:45:00+05:30,4631.9,4631.9,4630.1,4631.9,39,
2024-08-19 10:46:00+05:30,4631.9,4631.9,4630.1,4631.9,39,
2024-08-19 10:47:00+05:30,4631.9,4632,4630.65,4631.9,156,
2024-08-19 10:48:00+05:30,4631.9,4633,4631.85,4631.85,279,
2024-08-19 10:49:00+05:30,4631.85,4631.85,4628.25,4628.25,204,
2024-08-19 10:50:00+05:30,4628.25,4629.55,4625,4629.55,126,
2024-08-19 10:51:00+05:30,4629.55,4630.1,4626.55,4629,87,
2024-08-19 10:52:00+05:30,4629,4630.7,4627.65,4627.65,37,
2024-08-19 10:53:00+05:30,4627.75,4630,4625.1,4626.5,948,
2024-08-19 10:54:00+05:30,4626.5,4627.4,4623.35,4627.4,345,
2024-08-19 10:55:00+05:30,4627.4,4630,4625.5,4628.15,589,
2024-08-19 10:56:00+05:30,4628.15,4629.55,4628.1,4628.1,170,
2024-08-19 10:57:00+05:30,4628.1,4628.8,4625.55,4625.55,159,
2024-08-19 10:58:00+05:30,4625.55,4628.25,4624.45,4624.45,1086,
2024-08-19 10:59:00+05:30,4624.45,4624.75,4621.55,4622,344,
2024-08-19 11:00:00+05:30,4622,4624.2,4622,4622.05,174,
2024-08-19 11:01:00+05:30,4622.05,4624.2,4622.05,4623.45,7,
2024-08-19 11:02:00+05:30,4623.45,4624.7,4623.45,4624,214,
2024-08-19 11:03:00+05:30,4624.95,4624.95,4621.8,4623.35,126,
2024-08-19 11:04:00+05:30,4623.4,4623.4,4621.3,4622.1,326,
2024-08-19 11:05:00+05:30,4622.1,4623.5,4621.85,4622.1,81,
2024-08-19 11:06:00+05:30,4622.1,4624.1,4621.85,4621.85,69,
2024-08-19 11:07:00+05:30,4621.85,4622.75,4621,4622.75,159,
2024-08-19 11:08:00+05:30,4622.75,4624.8,4621.85,4623,109,
2024-08-19 11:09:00+05:30,4624.8,4624.8,4622.2,4623.95,285,
2024-08-19 11:10:00+05:30,4623.95,4623.95,4621.85,4623.35,145,
2024-08-19 11:11:00+05:30,4623.35,4624.45,4622.2,4624.45,67,
2024-08-19 11:12:00+05:30,4624.45,4624.75,4622.05,4622.55,250,
2024-08-19 11:13:00+05:30,4622.55,4624.75,4622.55,4624.75,26,
2024-08-19 11:14:00+05:30,4624.75,4625,4621,4625,674,
2024-08-19 11:15:00+05:30,4625,4625,4615.55,4617.8,7995,
2024-08-19 11:16:00+05:30,4617.8,4619.5,4615.75,4619.2,333,
2024-08-19 11:17:00+05:30,4619.2,4620,4618.2,4620,3890,
2024-08-19 11:18:00+05:30,4620,4621.65,4619.95,4620,18121,
2024-08-19 11:19:00+05:30,4621.9,4629.75,4620,4629.1,5265,
2024-08-19 11:20:00+05:30,4629.1,4631,4626.35,4631,653,
2024-08-19 11:21:00+05:30,4631,4635.5,4631,4631.6,1599,
2024-08-19 11:22:00+05:30,4631.6,4633.45,4631.6,4633.45,192,
2024-08-19 11:23:00+05:30,4633.45,4634.45,4631,4631.1,566,
2024-08-19 11:24:00+05:30,4631.1,4631.75,4626.25,4626.25,172,
2024-08-19 11:25:00+05:30,4626.25,4629,4626.15,4628.85,242,
2024-08-19 11:26:00+05:30,4628.85,4629,4626.35,4626.5,85,
2024-08-19 11:27:00+05:30,4626.5,4628.35,4626.5,4626.5,52,
2024-08-19 11:28:00+05:30,4628,4629,4626.5,4628.2,97,
2024-08-19 11:29:00+05:30,4628.2,4629.95,4626.25,4629.95,253,
2024-08-19 11:30:00+05:30,4629.95,4632.45,4629.95,4632.45,214,
2024-08-19 11:31:00+05:30,4632.45,4634,4630.5,4632.05,90,
2024-08-19 11:32:00+05:30,4632.05,4634.25,4630.5,4632,582,
2024-08-19 11:33:00+05:30,4632,4632,4629.8,4630,169,
2024-08-19 11:34:00+05:30,4630,4630.5,4628.5,4630.5,219,
2024-08-19 11:35:00+05:30,4628.6,4632,4628.5,4632,242,
2024-08-19 11:36:00+05:30,4632,4634.85,4632,4634.3,254,
2024-08-19 11:37:00+05:30,4634.3,4634.9,4632.25,4632.75,514,
2024-08-19 11:38:00+05:30,4632.75,4636.95,4632.75,4632.75,835,
2024-08-19 11:39:00+05:30,4632.75,4632.75,4632.25,4632.3,95,
2024-08-19 11:40:00+05:30,4632.3,4633.8,4632,4633.8,244,
2024-08-19 11:41:00+05:30,4633.8,4637,4633.75,4636.5,193,
2024-08-19 11:42:00+05:30,4636.5,4639.1,4636.5,4638.3,292,
2024-08-19 11:43:00+05:30,4638.3,4643.4,4638,4640.05,855,
2024-08-19 11:44:00+05:30,4640.05,4642.85,4637.55,4640,1233,
2024-08-19 11:45:00+05:30,4640,4641.6,4638.05,4638.3,406,
2024-08-19 11:46:00+05:30,4638.3,4641,4638.1,4638.15,333,
2024-08-19 11:47:00+05:30,4640,4642.4,4638.15,4639.3,595,
2024-08-19 11:48:00+05:30,4639.3,4645,4639.3,4642.7,593,
2024-08-19 11:49:00+05:30,4642.7,4646.9,4642.35,4643.75,676,
2024-08-19 11:50:00+05:30,4643.75,4646.85,4643.4,4644.15,247,
2024-08-19 11:51:00+05:30,4644.15,4644.95,4639.55,4643.3,445,
2024-08-19 11:52:00+05:30,4642.05,4646,4641.05,4643.35,358,
2024-08-19 11:53:00+05:30,4643.35,4646.45,4642.15,4644.95,247,
2024-08-19 11:54:00+05:30,4642.9,4643.55,4639.7,4641,502,
2024-08-19 11:55:00+05:30,4641,4646.9,4641,4644,465,
2024-08-19 11:56:00+05:30,4646.1,4646.2,4644,4644,82,
2024-08-19 11:57:00+05:30,4644,4646,4641.7,4642.75,81,
2024-08-19 11:58:00+05:30,4642.75,4644.75,4642.75,4644.75,14,
2024-08-19 11:59:00+05:30,4644.75,4645.8,4643.1,4645.8,70,
2024-08-19 12:00:00+05:30,4645.8,4645.95,4643.25,4643.35,505,
2024-08-19 12:01:00+05:30,4643.35,4644.75,4638.6,4638.6,537,
2024-08-19 12:02:00+05:30,4638.6,4640.9,4635,4638.85,417,
2024-08-19 12:03:00+05:30,4638.85,4642.4,4636.65,4637.05,834,
2024-08-19 12:04:00+05:30,4638.4,4643.3,4635.95,4640.9,475,
2024-08-19 12:05:00+05:30,4640.9,4645.95,4640.9,4645.15,830,
2024-08-19 12:06:00+05:30,4645.15,4648,4644.35,4644.35,497,
2024-08-19 12:07:00+05:30,4645,4646.45,4644.2,4644.2,322,
2024-08-19 12:08:00+05:30,4644.2,4645.5,4644.2,4644.2,22,
2024-08-19 12:09:00+05:30,4644.2,4644.2,4643.55,4644.2,9,
2024-08-19 12:10:00+05:30,4644.2,4647.95,4642.85,4645,601,
2024-08-19 12:11:00+05:30,4645,4648,4645,4645.65,64,
2024-08-19 12:12:00+05:30,4645.65,4648,4645.65,4646.85,73,
2024-08-19 12:13:00+05:30,4646.85,4646.85,4645.65,4645.65,203,
2024-08-19 12:14:00+05:30,4645.65,4646.85,4645,4646.85,228,
2024-08-19 12:15:00+05:30,4645,4647.1,4645,4647.05,116,
2024-08-19 12:16:00+05:30,4647.05,4648,4644.2,4647.2,492,
2024-08-19 12:17:00+05:30,4647.2,4649,4645.7,4647.2,101,
2024-08-19 12:18:00+05:30,4645.75,4648.3,4645.4,4646.4,139,
2024-08-19 12:19:00+05:30,4646.4,4647.95,4646.2,4647.9,5,
2024-08-19 12:20:00+05:30,4647.9,4648.3,4645.2,4646.2,232,
2024-08-19 12:21:00+05:30,4646.2,4648.3,4645.15,4646.35,103,
2024-08-19 12:22:00+05:30,4646.2,4647.45,4644,4644,456,
2024-08-19 12:23:00+05:30,4644,4644.05,4644,4644.05,41,
2024-08-19 12:24:00+05:30,4644.05,4645.95,4644.05,4644.2,60,
2024-08-19 12:25:00+05:30,4644.2,4645.95,4644.2,4644.2,10,
2024-08-19 12:26:00+05:30,4644.2,4647.6,4644.2,4647.4,458,
2024-08-19 12:27:00+05:30,4647.4,4647.65,4645.15,4645.15,25,
2024-08-19 12:28:00+05:30,4645.15,4647.85,4644.6,4647,53,
2024-08-19 12:29:00+05:30,4647,4647,4645.2,4645.25,37,
2024-08-19 12:30:00+05:30,4645.25,4647,4644.2,4646.75,128,
2024-08-19 12:31:00+05:30,4646.75,4646.75,4640,4640.45,169,
2024-08-19 12:32:00+05:30,4640.55,4642,4640.5,4641.5,14,
2024-08-19 12:33:00+05:30,4641.5,4643.4,4640.75,4643.4,295,
2024-08-19 12:34:00+05:30,4643.4,4645.9,4642.05,4643.65,476,
2024-08-19 12:35:00+05:30,4643.65,4645,4643.65,4645,16,
2024-08-19 12:36:00+05:30,4645,4645,4643.7,4645,20,
2024-08-19 12:37:00+05:30,4645,4646,4642.85,4645.8,354,
2024-08-19 12:38:00+05:30,4642.85,4647.9,4642.85,4647.9,821,
2024-08-19 12:39:00+05:30,4645.15,4646.15,4643.5,4646.15,152,
2024-08-19 12:40:00+05:30,4646.15,4646.15,4643.5,4643.9,57,
2024-08-19 12:41:00+05:30,4643.9,4646.95,4642.3,4642.8,195,
2024-08-19 12:42:00+05:30,4642.8,4643.5,4640.35,4641.15,219,
2024-08-19 12:43:00+05:30,4641.15,4644.9,4641.15,4641.6,103,
2024-08-19 12:44:00+05:30,4641.6,4644.95,4641.4,4641.9,243,
2024-08-19 12:45:00+05:30,4641.9,4643.1,4641.5,4641.9,220,
2024-08-19 12:46:00+05:30,4641.9,4643.6,4640.7,4640.8,245,
2024-08-19 12:47:00+05:30,4640.8,4643.55,4640.8,4640.95,47,
2024-08-19 12:48:00+05:30,4640.95,4643.1,4640.95,4643,264,
2024-08-19 12:49:00+05:30,4643,4644.95,4641.4,4644.9,686,
2024-08-19 12:50:00+05:30,4644,4646.65,4644,4644,291,
2024-08-19 12:51:00+05:30,4644,4645.75,4644,4645,136,
2024-08-19 12:52:00+05:30,4645,4647.3,4644,4645.55,497,
2024-08-19 12:53:00+05:30,4647.3,4649.05,4645,4645,1401,
2024-08-19 12:54:00+05:30,4645,4646.95,4645,4646.9,82,
2024-08-19 12:55:00+05:30,4646.9,4646.9,4644,4646.85,493,
2024-08-19 12:56:00+05:30,4646.85,4647,4644.2,4644.5,204,
2024-08-19 12:57:00+05:30,4644.5,4646.85,4644.5,4644.5,82,
2024-08-19 12:58:00+05:30,4644.5,4646.5,4643,4643.05,124,
2024-08-19 12:59:00+05:30,4643.05,4645.95,4643,4643.45,224,
2024-08-19 13:00:00+05:30,4643.45,4646.2,4643,4645.25,207,
2024-08-19 13:01:00+05:30,4645.25,4646.5,4643.55,4644.15,80,
2024-08-19 13:02:00+05:30,4644.15,4646.8,4643.35,4643.4,125,
2024-08-19 13:03:00+05:30,4643.4,4647.95,4643.4,4645,265,
2024-08-19 13:04:00+05:30,4645,4649.6,4645,4646,488,
2024-08-19 13:05:00+05:30,4646,4647.6,4645.35,4645.55,60,
2024-08-19 13:06:00+05:30,4645.55,4647,4645,4645,113,
2024-08-19 13:07:00+05:30,4645,4646.75,4645,4645,49,
2024-08-19 13:08:00+05:30,4645,4646.6,4645,4645,165,
2024-08-19 13:09:00+05:30,4645,4646,4645,4645,47,
2024-08-19 13:10:00+05:30,4645,4646.5,4645,4645,190,
2024-08-19 13:11:00+05:30,4645,4646.5,4643.65,4643.65,201,
2024-08-19 13:12:00+05:30,4643.65,4645.95,4643,4643.85,93,
2024-08-19 13:13:00+05:30,4643.85,4645.75,4643,4643.1,137,
2024-08-19 13:14:00+05:30,4643.1,4646.45,4643.05,4646.45,104,
2024-08-19 13:15:00+05:30,4646.45,4649.85,4643.5,4645.75,601,
2024-08-19 13:16:00+05:30,4645.75,4647.3,4645.75,4645.8,89,
2024-08-19 13:17:00+05:30,4645.8,4646.45,4645,4646.35,78,
2024-08-19 13:18:00+05:30,4645,4646.2,4645,4645.05,46,
2024-08-19 13:19:00+05:30,4645.05,4646.4,4645.05,4645.1,55,
2024-08-19 13:20:00+05:30,4645.05,4646.5,4643.25,4643.25,250,
2024-08-19 13:21:00+05:30,4643.25,4646.4,4643.2,4645,77,
2024-08-19 13:22:00+05:30,4645,4646.5,4645,4646,198,
2024-08-19 13:23:00+05:30,4646,4646.45,4643.2,4643.2,529,
2024-08-19 13:24:00+05:30,4643,4644.75,4642.55,4642.6,49,
2024-08-19 13:25:00+05:30,4644.45,4644.7,4640,4642.85,184,
2024-08-19 13:26:00+05:30,4642.85,4644.8,4640.05,4641.5,348,
2024-08-19 13:27:00+05:30,4641.5,4644.15,4640.1,4642.7,388,
2024-08-19 13:28:00+05:30,4640.25,4643.15,4638.2,4640,1698,
2024-08-19 13:29:00+05:30,4640,4640.75,4638.25,4639,194,
2024-08-19 13:30:00+05:30,4638.25,4641.2,4638.25,4639.95,153,
2024-08-19 13:31:00+05:30,4638.75,4641.15,4638.7,4638.8,140,
2024-08-19 13:32:00+05:30,4638.8,4639.75,4638.25,4638.25,63,
2024-08-19 13:33:00+05:30,4638.25,4639.75,4635.75,4635.75,324,
2024-08-19 13:34:00+05:30,4636.45,4638.5,4634.5,4634.75,1295,
2024-08-19 13:35:00+05:30,4634.75,4642.95,4634.75,4642.25,2091,
2024-08-19 13:36:00+05:30,4642.25,4645,4641.25,4645,315,
2024-08-19 13:37:00+05:30,4642.55,4648.55,4642.55,4645,2400,
2024-08-19 13:38:00+05:30,4645,4648.2,4645,4645.7,624,
2024-08-19 13:39:00+05:30,4645.7,4646.45,4642.6,4644.1,1307,
2024-08-19 13:40:00+05:30,4644.1,4648.55,4644.1,4645.45,339,
2024-08-19 13:41:00+05:30,4645.45,4647.3,4643.45,4646.85,165,
2024-08-19 13:42:00+05:30,4643.7,4647.25,4642.6,4645.05,366,
2024-08-19 13:43:00+05:30,4645.05,4646.7,4643.1,4643.5,759,
2024-08-19 13:44:00+05:30,4643.4,4648.95,4643.05,4645.9,335,
2024-08-19 13:45:00+05:30,4645.9,4648.1,4643.75,4645.1,307,
2024-08-19 13:46:00+05:30,4645,4646.2,4645,4645,88,
2024-08-19 13:47:00+05:30,4645,4645.45,4640.65,4644.8,944,
2024-08-19 13:48:00+05:30,4642.65,4646,4642.65,4644.05,527,
2024-08-19 13:49:00+05:30,4642.1,4649,4641.95,4646.9,821,
2024-08-19 13:50:00+05:30,4646.9,4651,4646.9,4649.15,1649,
2024-08-19 13:51:00+05:30,4649.15,4652.25,4649.15,4650.5,294,
2024-08-19 13:52:00+05:30,4650.5,4652.45,4649.1,4649.1,192,
2024-08-19 13:53:00+05:30,4651,4652.5,4649.15,4650.7,647,
2024-08-19 13:54:00+05:30,4650.7,4652.95,4650.5,4652.55,277,
2024-08-19 13:55:00+05:30,4652.35,4655,4651.5,4652.65,388,
2024-08-19 13:56:00+05:30,4652.65,4655,4652.6,4652.6,263,
2024-08-19 13:57:00+05:30,4652.6,4654.5,4652.6,4652.6,127,
2024-08-19 13:58:00+05:30,4654.5,4654.65,4652.6,4652.65,85,
2024-08-19 13:59:00+05:30,4652.65,4655,4652.65,4652.8,418,
2024-08-19 14:00:00+05:30,4652.85,4655,4650,4653.5,798,
2024-08-19 14:01:00+05:30,4650.85,4653.15,4650,4650.15,162,
2024-08-19 14:02:00+05:30,4650.15,4652.9,4650.1,4650.1,48,
2024-08-19 14:03:00+05:30,4650.1,4652.9,4650.1,4650.3,92,
2024-08-19 14:04:00+05:30,4650.3,4653.4,4650.3,4651.3,108,
2024-08-19 14:05:00+05:30,4650.35,4653.85,4650.35,4651.85,121,
2024-08-19 14:06:00+05:30,4651.85,4654,4650.7,4654,76,
2024-08-19 14:07:00+05:30,4654,4654,4651.65,4653.35,113,
2024-08-19 14:08:00+05:30,4651.65,4654.8,4651.1,4652.05,210,
2024-08-19 14:09:00+05:30,4652.55,4654.35,4651.1,4651.1,183,
2024-08-19 14:10:00+05:30,4651.1,4654.05,4650.85,4650.85,53,
2024-08-19 14:11:00+05:30,4650.85,4653.2,4650.4,4650.4,336,
2024-08-19 14:12:00+05:30,4650.4,4653.25,4650.4,4651.2,76,
2024-08-19 14:13:00+05:30,4653.25,4665,4650.4,4661.9,2139,
2024-08-19 14:14:00+05:30,4661.9,4664.05,4658.5,4660,1474,
2024-08-19 14:15:00+05:30,4660,4662.85,4658.5,4659.55,474,
2024-08-19 14:16:00+05:30,4659.55,4664.95,4659.55,4662.8,2019,
2024-08-19 14:17:00+05:30,4662.8,4663.5,4661.4,4662,537,
2024-08-19 14:18:00+05:30,4662,4664.35,4661.9,4664,499,
2024-08-19 14:19:00+05:30,4664,4665,4663.15,4664.7,300,
2024-08-19 14:20:00+05:30,4664.7,4666,4662.7,4662.7,921,
2024-08-19 14:21:00+05:30,4662.7,4664.9,4661.9,4661.95,427,
2024-08-19 14:22:00+05:30,4661.95,4664.5,4661.95,4664.5,288,
2024-08-19 14:23:00+05:30,4664.95,4666.5,4662.55,4666.5,553,
2024-08-19 14:24:00+05:30,4666.5,4666.5,4656.15,4657.9,1704,
2024-08-19 14:25:00+05:30,4657.9,4664.15,4657.9,4661.15,283,
2024-08-19 14:26:00+05:30,4661.15,4664.2,4659.05,4659.05,390,
2024-08-19 14:27:00+05:30,4659.05,4660.45,4658,4658.3,290,
2024-08-19 14:28:00+05:30,4658.3,4662.9,4658.3,4661.2,258,
2024-08-19 14:29:00+05:30,4661.2,4661.2,4657,4657,824,
2024-08-19 14:30:00+05:30,4657,4657.95,4653.55,4653.55,461,
2024-08-19 14:31:00+05:30,4653.55,4657.05,4653.55,4654.75,235,
2024-08-19 14:32:00+05:30,4654.75,4656.5,4654.7,4654.7,253,
2024-08-19 14:33:00+05:30,4654.7,4656.55,4654.45,4654.8,544,
2024-08-19 14:34:00+05:30,4654.8,4659.45,4654.8,4656.4,350,
2024-08-19 14:35:00+05:30,4656.4,4658,4655.2,4655.3,682,
2024-08-19 14:36:00+05:30,4655.25,4657.4,4655.25,4655.35,264,
2024-08-19 14:37:00+05:30,4655.35,4658.65,4655.35,4655.5,216,
2024-08-19 14:38:00+05:30,4657.55,4657.55,4641.35,4641.4,3415,
2024-08-19 14:39:00+05:30,4641.3,4650.05,4641.3,4647,675,
2024-08-19 14:40:00+05:30,4647,4654.15,4647,4652.25,310,
2024-08-19 14:41:00+05:30,4652.25,4654.75,4651,4651.95,672,
2024-08-19 14:42:00+05:30,4651.95,4655,4651.95,4655,208,
2024-08-19 14:43:00+05:30,4653.15,4658.3,4653.15,4655.5,324,
2024-08-19 14:44:00+05:30,4655.5,4658.6,4653.6,4653.6,1001,
2024-08-19 14:45:00+05:30,4653.6,4655.95,4651,4651,502,
2024-08-19 14:46:00+05:30,4651,4653.6,4651,4651.05,539,
2024-08-19 14:47:00+05:30,4651.05,4652.95,4649.25,4649.95,1402,
2024-08-19 14:48:00+05:30,4649.95,4656.45,4649.95,4652.6,296,
2024-08-19 14:49:00+05:30,4654.95,4655.45,4653,4653.4,285,
2024-08-19 14:50:00+05:30,4653.4,4656,4653.4,4655.6,234,
2024-08-19 14:51:00+05:30,4655.6,4657.25,4654.75,4654.9,372,
2024-08-19 14:52:00+05:30,4654.95,4655.95,4652.55,4652.6,370,
2024-08-19 14:53:00+05:30,4652.6,4655.2,4651.55,4651.65,530,
2024-08-19 14:54:00+05:30,4651.8,4656.6,4651.65,4656.6,321,
2024-08-19 14:55:00+05:30,4656.6,4657.3,4652,4652.05,1095,
2024-08-19 14:56:00+05:30,4652.05,4657.6,4652,4654.85,4108,
2024-08-19 14:57:00+05:30,4654.85,4657.35,4654,4654.05,445,
2024-08-19 14:58:00+05:30,4654.05,4658.95,4654.05,4657.05,843,
2024-08-19 14:59:00+05:30,4657.05,4659,4656.05,4656.05,500,
2024-08-19 15:00:00+05:30,4656.05,4661.95,4656.05,4660.35,932,
2024-08-19 15:01:00+05:30,4658.85,4663.75,4658.85,4663.7,516,
2024-08-19 15:02:00+05:30,4663.7,4665,4662.3,4665,789,
2024-08-19 15:03:00+05:30,4664.5,4667,4664.5,4667,807,
2024-08-19 15:04:00+05:30,4666.45,4669,4666.45,4668.95,719,
2024-08-19 15:05:00+05:30,4669,4669,4665.95,4666.95,1100,
2024-08-19 15:06:00+05:30,4667.9,4675,4667.5,4668.55,2068,
2024-08-19 15:07:00+05:30,4668.75,4671.7,4667.45,4668.35,2552,
2024-08-19 15:08:00+05:30,4668.35,4671.4,4668.05,4668.65,1046,
2024-08-19 15:09:00+05:30,4670.7,4670.7,4668.4,4669.25,763,
2024-08-19 15:10:00+05:30,4669.25,4670.5,4666.65,4668.9,938,
2024-08-19 15:11:00+05:30,4668.8,4669.65,4668,4668.05,886,
2024-08-19 15:12:00+05:30,4668,4671.4,4668,4670,624,
2024-08-19 15:13:00+05:30,4670,4671.9,4669.5,4670.7,1768,
2024-08-19 15:14:00+05:30,4670.7,4671,4666.8,4667.6,1914,
2024-08-19 15:15:00+05:30,4669,4671.4,4667.6,4669.6,651,
2024-08-19 15:16:00+05:30,4671,4671.4,4669.6,4670.95,991,
2024-08-19 15:17:00+05:30,4670.9,4672.7,4668.05,4669.6,1478,
2024-08-19 15:18:00+05:30,4670.5,4672.1,4670.2,4670.6,840,
2024-08-19 15:19:00+05:30,4672.1,4674,4670.6,4671.45,1473,
2024-08-19 15:20:00+05:30,4669.25,4673.1,4669.2,4669.2,2474,
2024-08-19 15:21:00+05:30,4670.4,4672.7,4668.5,4672.6,2039,
2024-08-19 15:22:00+05:30,4671.95,4672.6,4667,4672.45,2707,
2024-08-19 15:23:00+05:30,4671.7,4673.05,4669,4669.05,1266,
2024-08-19 15:24:00+05:30,4670.5,4673.25,4669.9,4671.7,942,
2024-08-19 15:25:00+05:30,4671.75,4672.9,4669.45,4669.45,431,
2024-08-19 15:26:00+05:30,4669.45,4671.95,4668,4671.65,1286,
2024-08-19 15:27:00+05:30,4671.7,4671.75,4670,4671.75,675,
2024-08-19 15:28:00+05:30,4671.75,4673,4670,4670,763,
2024-08-19 15:29:00+05:30,4672.3,4689.95,4671.95,4672.3,1970,
2024-08-20 09:15:00+05:30,4674.8,4679.3,4671.3,4672.3,922,
2024-08-20 09:16:00+05:30,4672.3,4679.4,4672.3,4679.1,798,
2024-08-20 09:17:00+05:30,4679.35,4679.35,4673,4675,580,
2024-08-20 09:18:00+05:30,4676,4676,4667.8,4667.8,593,
2024-08-20 09:19:00+05:30,4667.8,4676,4666.65,4673.7,623,
2024-08-20 09:20:00+05:30,4673.7,4683.7,4673.7,4683.7,635,
2024-08-20 09:21:00+05:30,4680.9,4690.3,4679.8,4690.3,913,
2024-08-20 09:22:00+05:30,4689.1,4694.7,4687.35,4692,1596,
2024-08-20 09:23:00+05:30,4692,4695,4685,4687,2087,
2024-08-20 09:24:00+05:30,4687,4699.5,4687,4694.95,1551,
2024-08-20 09:25:00+05:30,4697.65,4703,4694.95,4703,2808,
2024-08-20 09:26:00+05:30,4701.05,4704.8,4697.3,4702,2402,
2024-08-20 09:27:00+05:30,4702,4704.65,4690.55,4691.4,3528,
2024-08-20 09:28:00+05:30,4691.4,4700.05,4691.4,4700.05,655,
2024-08-20 09:29:00+05:30,4700.05,4702.4,4698.15,4698.35,1217,
2024-08-20 09:30:00+05:30,4699.55,4703.6,4698.15,4702.95,643,
2024-08-20 09:31:00+05:30,4702.95,4703,4694.9,4697.75,2181,
2024-08-20 09:32:00+05:30,4697.75,4698,4696.1,4696.1,308,
2024-08-20 09:33:00+05:30,4696.1,4699.9,4696,4697.3,594,
2024-08-20 09:34:00+05:30,4697.3,4699.35,4694.65,4699.35,343,
2024-08-20 09:35:00+05:30,4699.35,4701.45,4697,4699.7,410,
2024-08-20 09:36:00+05:30,4699.7,4700.55,4695.9,4698.6,632,
2024-08-20 09:37:00+05:30,4698.6,4698.6,4693.15,4693.15,279,
2024-08-20 09:38:00+05:30,4693.2,4705,4693.2,4705,821,
2024-08-20 09:39:00+05:30,4705,4707.4,4700,4701.3,497,
2024-08-20 09:40:00+05:30,4701.3,4701.3,4698.25,4698.25,148,
2024-08-20 09:41:00+05:30,4699.65,4700,4695.15,4698.9,254,
2024-08-20 09:42:00+05:30,4698.9,4700,4696.85,4698.75,262,
2024-08-20 09:43:00+05:30,4698.75,4700.75,4697.6,4700,254,
2024-08-20 09:44:00+05:30,4698,4698.3,4694,4697.25,1285,
2024-08-20 09:45:00+05:30,4697.25,4698.8,4695.9,4698.8,656,
2024-08-20 09:46:00+05:30,4698.8,4698.8,4698,4698.8,55,
2024-08-20 09:47:00+05:30,4698.8,4698.8,4692.95,4694.5,1193,
2024-08-20 09:48:00+05:30,4694.5,4695.5,4690.75,4693.05,724,
2024-08-20 09:49:00+05:30,4693.05,4708.6,4692,4708.6,4420,
2024-08-20 09:50:00+05:30,4708.45,4708.45,4705.1,4707.95,1753,
2024-08-20 09:51:00+05:30,4706.4,4707.9,4702.6,4706.95,1127,
2024-08-20 09:52:00+05:30,4706.95,4711.5,4697.7,4700,14317,
2024-08-20 09:53:00+05:30,4700,4700,4696.95,4696.95,719,
2024-08-20 09:54:00+05:30,4696.95,4696.95,4691.75,4693.85,207,
2024-08-20 09:55:00+05:30,4693.85,4696.5,4690.35,4692.3,556,
2024-08-20 09:56:00+05:30,4692.3,4694.65,4685.65,4685.9,931,
2024-08-20 09:57:00+05:30,4685.9,4689.9,4685.4,4689.15,446,
2024-08-20 09:58:00+05:30,4689.15,4689.15,4682.7,4682.7,2022,
2024-08-20 09:59:00+05:30,4682.7,4689.9,4679.95,4687,1079,
2024-08-20 10:00:00+05:30,4689.7,4689.7,4681.55,4683,1048,
2024-08-20 10:01:00+05:30,4683,4690.7,4683,4686.15,1322,
2024-08-20 10:02:00+05:30,4686.15,4688.2,4680,4680.45,1943,
2024-08-20 10:03:00+05:30,4680.2,4684.25,4680.05,4684.25,210,
2024-08-20 10:04:00+05:30,4684.25,4688.55,4684.25,4688.55,374,
2024-08-20 10:05:00+05:30,4688.55,4688.95,4685,4688.5,153,
2024-08-20 10:06:00+05:30,4688.45,4689.6,4687.05,4688,113,
2024-08-20 10:07:00+05:30,4688,4688.45,4686.55,4688.3,176,
2024-08-20 10:08:00+05:30,4688.3,4690,4688.1,4689.95,501,
2024-08-20 10:09:00+05:30,4689.95,4690,4687.7,4689.55,785,
2024-08-20 10:10:00+05:30,4689.55,4690,4687.7,4690,110,
2024-08-20 10:11:00+05:30,4690,4694.55,4690,4694.55,251,
2024-08-20 10:12:00+05:30,4694.55,4695,4694.3,4694.9,215,
2024-08-20 10:13:00+05:30,4694.9,4695,4693.8,4693.8,146,
2024-08-20 10:14:00+05:30,4694.95,4696,4693.8,4696,511,
2024-08-20 10:15:00+05:30,4696.5,4697.8,4695.55,4696.2,1066,
2024-08-20 10:16:00+05:30,4694.6,4695.85,4694.15,4694.75,135,
2024-08-20 10:17:00+05:30,4694.75,4694.8,4688.7,4690.4,755,
2024-08-20 10:18:00+05:30,4690.4,4694.95,4690,4693.1,164,
2024-08-20 10:19:00+05:30,4693.1,4694.7,4691.35,4694.45,367,
2024-08-20 10:20:00+05:30,4694.45,4696.65,4692.1,4695.65,225,
2024-08-20 10:21:00+05:30,4695.65,4695.65,4694.2,4695.6,110,
2024-08-20 10:22:00+05:30,4695.6,4696.2,4694.65,4696.2,110,
2024-08-20 10:23:00+05:30,4696.2,4696.2,4694.8,4695,243,
2024-08-20 10:24:00+05:30,4695,4695,4690.4,4693.5,306,
2024-08-20 10:25:00+05:30,4693.5,4693.5,4689.1,4690.7,183,
2024-08-20 10:26:00+05:30,4690.7,4692.95,4690,4690,85,
2024-08-20 10:27:00+05:30,4690,4690.6,4689,4690,91,
2024-08-20 10:28:00+05:30,4690,4690,4689,4690,154,
2024-08-20 10:29:00+05:30,4690,4690.95,4689,4690.95,233,
2024-08-20 10:30:00+05:30,4690.95,4694.1,4688.75,4693.7,346,
2024-08-20 10:31:00+05:30,4693.7,4693.7,4690.4,4693.55,2169,
2024-08-20 10:32:00+05:30,4692.95,4692.95,4685.35,4687.5,1301,
2024-08-20 10:33:00+05:30,4687.5,4693,4686.9,4692.75,420,
2024-08-20 10:34:00+05:30,4692.75,4692.75,4687.95,4691.6,391,
2024-08-20 10:35:00+05:30,4691.6,4693,4689.5,4693,144,
2024-08-20 10:36:00+05:30,4693,4693,4690.35,4692.1,315,
2024-08-20 10:37:00+05:30,4692.1,4692.1,4686.35,4690,242,
2024-08-20 10:38:00+05:30,4690,4691.3,4688.45,4689.15,31,
2024-08-20 10:39:00+05:30,4689.15,4692.9,4689.15,4692.9,260,
2024-08-20 10:40:00+05:30,4692.9,4693.8,4691.35,4692.8,280,
2024-08-20 10:41:00+05:30,4692.8,4692.95,4688.05,4688.05,361,
2024-08-20 10:42:00+05:30,4688.05,4689.9,4687,4687.05,186,
2024-08-20 10:43:00+05:30,4687.05,4688.95,4686.6,4688.45,37,
2024-08-20 10:44:00+05:30,4688.45,4689.55,4688.1,4689.45,73,
2024-08-20 10:45:00+05:30,4689.45,4689.55,4683.85,4686.4,436,
2024-08-20 10:46:00+05:30,4686.4,4686.4,4680.95,4682.45,683,
2024-08-20 10:47:00+05:30,4682.45,4682.45,4680.8,4680.8,42,
2024-08-20 10:48:00+05:30,4680.8,4682.9,4680.8,4682.9,101,
2024-08-20 10:49:00+05:30,4682.9,4683,4682.9,4683,149,
2024-08-20 10:50:00+05:30,4683,4683,4680.8,4681.45,268,
2024-08-20 10:51:00+05:30,4681.45,4681.45,4680.1,4680.5,532,
2024-08-20 10:52:00+05:30,4681.35,4683,4681.35,4683,146,
2024-08-20 10:53:00+05:30,4681.35,4683,4680.5,4680.9,273,
2024-08-20 10:54:00+05:30,4680.9,4680.9,4678.95,4679.75,661,
2024-08-20 10:55:00+05:30,4678.95,4680.8,4678.95,4680.8,114,
2024-08-20 10:56:00+05:30,4680.8,4682,4680.25,4682,127,
2024-08-20 10:57:00+05:30,4682,4683,4676.5,4679.6,672,
2024-08-20 10:58:00+05:30,4679.6,4680.95,4677.3,4680.75,468,
2024-08-20 10:59:00+05:30,4680.75,4680.75,4678.35,4680.7,132,
2024-08-20 11:00:00+05:30,4680.7,4680.7,4677.2,4678.8,160,
2024-08-20 11:01:00+05:30,4678.8,4678.85,4676,4677,173,
2024-08-20 11:02:00+05:30,4677,4680,4676.75,4679.5,286,
2024-08-20 11:03:00+05:30,4679.5,4682,4678.95,4682,182,
2024-08-20 11:04:00+05:30,4682,4683.9,4682,4682.9,88,
2024-08-20 11:05:00+05:30,4682.9,4684.95,4681.1,4684.95,237,
2024-08-20 11:06:00+05:30,4684.95,4685,4682.75,4685,65,
2024-08-20 11:07:00+05:30,4685,4685,4683.35,4685,326,
2024-08-20 11:08:00+05:30,4685,4685,4683.65,4683.65,73,
2024-08-20 11:09:00+05:30,4683.65,4685,4683.3,4684.55,123,
2024-08-20 11:10:00+05:30,4684.55,4684.8,4682.55,4684.8,141,
2024-08-20 11:11:00+05:30,4684.8,4687.8,4684.8,4687.8,453,
2024-08-20 11:12:00+05:30,4687.8,4688,4685.55,4685.55,175,
2024-08-20 11:13:00+05:30,4685.55,4685.7,4680.15,4681.5,406,
2024-08-20 11:14:00+05:30,4681.5,4684.35,4678.05,4678.55,900,
2024-08-20 11:15:00+05:30,4678.55,4684.85,4678.55,4684.85,67,
2024-08-20 11:16:00+05:30,4684.85,4685,4683.7,4684.95,151,
2024-08-20 11:17:00+05:30,4684.95,4684.95,4683.7,4684.95,41,
2024-08-20 11:18:00+05:30,4684.95,4685,4683.7,4685,95,
2024-08-20 11:19:00+05:30,4685,4685,4681.45,4683.8,111,
2024-08-20 11:20:00+05:30,4683.8,4684.75,4681.15,4684,164,
2024-08-20 11:21:00+05:30,4684,4684,4682.1,4683.85,194,
2024-08-20 11:22:00+05:30,4681.8,4683.7,4681.3,4682,106,
2024-08-20 11:23:00+05:30,4682,4682,4679.7,4679.7,169,
2024-08-20 11:24:00+05:30,4679.7,4681.6,4679.6,4681.55,62,
2024-08-20 11:25:00+05:30,4681.55,4682.8,4679.6,4682.4,73,
2024-08-20 11:26:00+05:30,4682.4,4682.4,4678.1,4678.1,130,
2024-08-20 11:27:00+05:30,4680,4680,4678,4679.8,98,
2024-08-20 11:28:00+05:30,4679.8,4680,4675.8,4677.35,1070,
2024-08-20 11:29:00+05:30,4677.35,4678.4,4675.45,4676,327,
2024-08-20 11:30:00+05:30,4676,4678.8,4676,4677.05,37,
2024-08-20 11:31:00+05:30,4677.05,4679.15,4676.35,4676.85,604,
2024-08-20 11:32:00+05:30,4676.85,4678.45,4673.65,4674.15,824,
2024-08-20 11:33:00+05:30,4674.15,4676.1,4672.85,4673.45,258,
2024-08-20 11:34:00+05:30,4673.45,4675.8,4673.45,4674.85,64,
2024-08-20 11:35:00+05:30,4674.85,4674.85,4673,4673,205,
2024-08-20 11:36:00+05:30,4673,4677.6,4673,4674.5,208,
2024-08-20 11:37:00+05:30,4674.5,4675.4,4672,4674.2,341,
2024-08-20 11:38:00+05:30,4674.2,4674.2,4663.3,4669.25,3065,
2024-08-20 11:39:00+05:30,4667.65,4672.05,4667.65,4670,1006,
2024-08-20 11:40:00+05:30,4670,4672.95,4669.7,4672.45,286,
2024-08-20 11:41:00+05:30,4673.3,4674.3,4671.85,4672.85,327,
2024-08-20 11:42:00+05:30,4672.85,4677,4671.85,4677,408,
2024-08-20 11:43:00+05:30,4677,4680,4677,4680,518,
2024-08-20 11:44:00+05:30,4680,4680,4678.1,4678.1,750,
2024-08-20 11:45:00+05:30,4678.1,4680,4678.1,4680,150,
2024-08-20 11:46:00+05:30,4680,4683.45,4680,4683.45,405,
2024-08-20 11:47:00+05:30,4683.45,4683.5,4682.85,4682.85,82,
2024-08-20 11:48:00+05:30,4682.85,4682.85,4681.45,4682.5,180,
2024-08-20 11:49:00+05:30,4682.5,4683.15,4678.55,4681.4,319,
2024-08-20 11:50:00+05:30,4681.4,4682.3,4679.2,4681.6,283,
2024-08-20 11:51:00+05:30,4681.6,4682,4679.45,4680.05,168,
2024-08-20 11:52:00+05:30,4680.05,4682,4680.05,4680.3,125,
2024-08-20 11:53:00+05:30,4680.3,4682,4680,4681.65,130,
2024-08-20 11:54:00+05:30,4680,4680,4675.95,4677.45,308,
2024-08-20 11:55:00+05:30,4677.35,4678.55,4676,4677.7,157,
2024-08-20 11:56:00+05:30,4677.7,4677.7,4677.6,4677.6,9,
2024-08-20 11:57:00+05:30,4677.6,4679.4,4675.9,4678.85,537,
2024-08-20 11:58:00+05:30,4678.85,4682,4678.25,4682,519,
2024-08-20 11:59:00+05:30,4682,4682,4680.15,4680.15,52,
2024-08-20 12:00:00+05:30,4680.15,4682,4680.15,4682,103,
2024-08-20 12:01:00+05:30,4682,4682,4677.45,4679.85,872,
2024-08-20 12:02:00+05:30,4679.85,4681.15,4676.5,4680.45,434,
2024-08-20 12:03:00+05:30,4680.45,4680.45,4678,4679.8,11,
2024-08-20 12:04:00+05:30,4679.8,4682,4679.8,4681.9,81,
2024-08-20 12:05:00+05:30,4681.9,4683,4680.55,4683,63,
2024-08-20 12:06:00+05:30,4683,4683.25,4681.05,4682.1,45,
2024-08-20 12:07:00+05:30,4682.1,4682.1,4678.45,4681.05,218,
2024-08-20 12:08:00+05:30,4681.05,4681.7,4678.3,4681.55,222,
2024-08-20 12:09:00+05:30,4681.55,4681.55,4679.4,4681.55,11,
2024-08-20 12:10:00+05:30,4681.55,4682.05,4679.35,4679.6,66,
2024-08-20 12:11:00+05:30,4679.4,4679.4,4679.15,4679.15,1,
2024-08-20 12:12:00+05:30,4675.25,4677,4675,4675,1,
2024-08-20 12:13:00+05:30,4673.7,4673.7,4670.05,4672,13,
2024-08-20 12:14:00+05:30,4672.9,4673.55,4672.9,4673.55,0,
2024-08-20 12:15:00+05:30,4673.6,4674.15,4673.6,4673.8,4,
2024-08-20 12:16:00+05:30,4675,4675,4675,4675,2,
2024-08-20 12:17:00+05:30,4672.65,4674.15,4670.4,4673.95,197,
2024-08-20 12:18:00+05:30,4673.8,4675,4672.15,4675,2,
2024-08-20 12:19:00+05:30,4675,4675,4672.9,4673.3,5,
2024-08-20 12:20:00+05:30,4674.05,4674.45,4672.8,4674.05,18,
2024-08-20 12:21:00+05:30,4673.1,4675,4672.55,4674.9,68,
2024-08-20 12:22:00+05:30,4674.9,4674.9,4671.8,4674.9,134,
2024-08-20 12:23:00+05:30,4674.9,4674.9,4665.2,4670,760,
2024-08-20 12:24:00+05:30,4670,4670.05,4667.75,4668.05,138,
2024-08-20 12:25:00+05:30,4668.05,4673.55,4668.05,4673.55,285,
2024-08-20 12:26:00+05:30,4673.55,4673.85,4670.55,4672,126,
2024-08-20 12:27:00+05:30,4671.35,4671.95,4671.35,4671.6,88,
2024-08-20 12:28:00+05:30,4671.6,4673.9,4671.6,4673.9,184,
2024-08-20 12:29:00+05:30,4673.9,4674.1,4671,4672.15,351,
2024-08-20 12:30:00+05:30,4671.35,4673.95,4671.35,4673.3,104,
2024-08-20 12:31:00+05:30,4672.75,4674.95,4672.75,4674.95,119,
2024-08-20 12:32:00+05:30,4674.95,4675,4673.05,4673.9,79,
2024-08-20 12:33:00+05:30,4673.55,4676,4673.55,4676,955,
2024-08-20 12:34:00+05:30,4674.75,4676.05,4671.4,4672.6,545,
2024-08-20 12:35:00+05:30,4672.6,4675.4,4671.65,4675.4,302,
2024-08-20 12:36:00+05:30,4675.4,4676,4672.95,4674.55,73,
2024-08-20 12:37:00+05:30,4674.15,4675.95,4673.6,4675.95,150,
2024-08-20 12:38:00+05:30,4675.95,4675.95,4671.7,4673.5,443,
2024-08-20 12:39:00+05:30,4673.5,4673.5,4672.8,4672.8,82,
2024-08-20 12:40:00+05:30,4672.1,4674.8,4672.1,4673.05,39,
2024-08-20 12:41:00+05:30,4673.05,4673.05,4671,4671,67,
2024-08-20 12:42:00+05:30,4670.75,4674.9,4670.4,4674.9,96,
2024-08-20 12:43:00+05:30,4674.9,4680,4673.6,4680,394,
2024-08-20 12:44:00+05:30,4680,4680,4677.3,4680,288,
2024-08-20 12:45:00+05:30,4679.9,4681.95,4679.5,4679.55,668,
2024-08-20 12:46:00+05:30,4679.55,4682,4678.9,4682,438,
2024-08-20 12:47:00+05:30,4682,4684,4681.95,4684,263,
2024-08-20 12:48:00+05:30,4684,4684,4682.1,4682.1,615,
2024-08-20 12:49:00+05:30,4682.15,4684.1,4680.3,4684.1,773,
2024-08-20 12:50:00+05:30,4684.1,4689.65,4684.1,4688.55,1528,
2024-08-20 12:51:00+05:30,4688.55,4690.4,4685.1,4690.4,817,
2024-08-20 12:52:00+05:30,4690.45,4692.4,4687.3,4689.95,768,
2024-08-20 12:53:00+05:30,4689.95,4691,4687.45,4690,903,
2024-08-20 12:54:00+05:30,4690,4692.15,4689.6,4691.85,1028,
2024-08-20 12:55:00+05:30,4691.85,4697.95,4689.85,4697.95,4239,
2024-08-20 12:56:00+05:30,4698.1,4699.25,4698.1,4698.1,701,
2024-08-20 12:57:00+05:30,4698.1,4699,4695.15,4698,1767,
2024-08-20 12:58:00+05:30,4698,4698.3,4696.55,4698.3,399,
2024-08-20 12:59:00+05:30,4698.3,4698.3,4692.55,4697.25,1187,
2024-08-20 13:00:00+05:30,4697.25,4698.95,4695.3,4697.25,570,
2024-08-20 13:01:00+05:30,4697.25,4697.8,4695,4697.8,399,
2024-08-20 13:02:00+05:30,4697.8,4700,4696.5,4699,975,
2024-08-20 13:03:00+05:30,4698,4698.3,4695.85,4696.65,904,
2024-08-20 13:04:00+05:30,4696.65,4696.8,4691.85,4696.2,1179,
2024-08-20 13:05:00+05:30,4696.2,4696.2,4692.7,4695.7,634,
2024-08-20 13:06:00+05:30,4695.7,4699.75,4695.7,4699.75,606,
2024-08-20 13:07:00+05:30,4699.75,4699.95,4697.25,4699.2,841,
2024-08-20 13:08:00+05:30,4699.2,4699.6,4695.45,4698.75,416,
2024-08-20 13:09:00+05:30,4698.75,4699.6,4697.8,4699.6,397,
2024-08-20 13:10:00+05:30,4699.8,4699.8,4696.65,4699.8,410,
2024-08-20 13:11:00+05:30,4699.8,4699.9,4697.9,4699.8,475,
2024-08-20 13:12:00+05:30,4699.8,4699.8,4698.65,4698.65,477,
2024-08-20 13:13:00+05:30,4698.7,4699.4,4696.75,4699.4,798,
2024-08-20 13:14:00+05:30,4699.4,4699.8,4697.75,4699.8,92,
2024-08-20 13:15:00+05:30,4699.8,4700.5,4697.6,4698.15,5154,
2024-08-20 13:16:00+05:30,4698.15,4699,4697.6,4699,287,
2024-08-20 13:17:00+05:30,4699,4699,4697.05,4697.9,609,
2024-08-20 13:18:00+05:30,4697.9,4697.9,4697.85,4697.85,43,
2024-08-20 13:19:00+05:30,4697.85,4697.85,4695.15,4696.1,983,
2024-08-20 13:20:00+05:30,4696.25,4697.85,4696.25,4697.8,48,
2024-08-20 13:21:00+05:30,4697.8,4699.15,4697.8,4699.15,111,
2024-08-20 13:22:00+05:30,4699.15,4700,4697.8,4697.85,36,
2024-08-20 13:23:00+05:30,4697.85,4699.5,4697.8,4697.9,138,
2024-08-20 13:24:00+05:30,4696.85,4697.95,4696.2,4697.95,251,
2024-08-20 13:25:00+05:30,4697.95,4698.7,4696.3,4696.45,78,
2024-08-20 13:26:00+05:30,4696.45,4698.5,4695.85,4696.45,503,
2024-08-20 13:27:00+05:30,4696.45,4697.2,4695.95,4696.9,109,
2024-08-20 13:28:00+05:30,4696.9,4698.25,4696,4696.35,207,
2024-08-20 13:29:00+05:30,4696.35,4696.35,4695.95,4695.95,235,
2024-08-20 13:30:00+05:30,4695.95,4696.65,4693.7,4693.7,557,
2024-08-20 13:31:00+05:30,4693.7,4696.55,4693.7,4696.15,367,
2024-08-20 13:32:00+05:30,4696.15,4697.3,4692.35,4692.8,352,
2024-08-20 13:33:00+05:30,4694.75,4695.5,4693.1,4693.7,78,
2024-08-20 13:34:00+05:30,4693.7,4695.8,4693.7,4695.75,161,
2024-08-20 13:35:00+05:30,4693.95,4695.75,4693.95,4694.25,121,
2024-08-20 13:36:00+05:30,4694.25,4696,4694.25,4695.95,71,
2024-08-20 13:37:00+05:30,4694.3,4694.9,4692.85,4694.75,180,
2024-08-20 13:38:00+05:30,4694.75,4695.8,4693.2,4693.35,281,
2024-08-20 13:39:00+05:30,4693.35,4696,4693.35,4694.2,95,
2024-08-20 13:40:00+05:30,4694.2,4696,4694.2,4694.25,58,
2024-08-20 13:41:00+05:30,4694.25,4695,4693.1,4694.1,147,
2024-08-20 13:42:00+05:30,4694.1,4695,4692.7,4694.3,110,
2024-08-20 13:43:00+05:30,4694.25,4694.25,4692.7,4692.7,32,
2024-08-20 13:44:00+05:30,4694.25,4694.25,4692.7,4694,94,
2024-08-20 13:45:00+05:30,4694,4694.15,4692.7,4694.15,117,
2024-08-20 13:46:00+05:30,4694.15,4694.25,4694.15,4694.25,19,
2024-08-20 13:47:00+05:30,4694.25,4695.6,4693.75,4695.55,131,
2024-08-20 13:48:00+05:30,4695.55,4695.85,4691.7,4694.45,420,
2024-08-20 13:49:00+05:30,4694.45,4694.65,4692.5,4694.6,126,
2024-08-20 13:50:00+05:30,4695.15,4695.5,4694.65,4695,74,
2024-08-20 13:51:00+05:30,4695,4695.45,4695,4695.4,21,
2024-08-20 13:52:00+05:30,4695.4,4695.4,4693.35,4694.7,5,
2024-08-20 13:53:00+05:30,4694.7,4695.4,4693.25,4694,119,
2024-08-20 13:54:00+05:30,4694,4695.5,4694,4695.5,22,
2024-08-20 13:55:00+05:30,4695.5,4699,4694.85,4699,525,
2024-08-20 13:56:00+05:30,4699,4699,4696.5,4698.95,168,
2024-08-20 13:57:00+05:30,4698.95,4699,4698.25,4698.4,214,
2024-08-20 13:58:00+05:30,4698.4,4698.4,4695.25,4698.4,249,
2024-08-20 13:59:00+05:30,4696.65,4698.4,4696.35,4696.4,82,
2024-08-20 14:00:00+05:30,4696.4,4698.35,4693.55,4698.35,285,
2024-08-20 14:01:00+05:30,4698.35,4698.35,4695.95,4698.35,86,
2024-08-20 14:02:00+05:30,4698.35,4698.35,4696.5,4698.1,33,
2024-08-20 14:03:00+05:30,4698.1,4698.1,4693.95,4695.1,348,
2024-08-20 14:04:00+05:30,4695.1,4696.95,4694.95,4696.7,26,
2024-08-20 14:05:00+05:30,4695,4697.45,4695,4697.45,198,
2024-08-20 14:06:00+05:30,4697.45,4697.45,4695,4697.25,117,
2024-08-20 14:07:00+05:30,4695,4697,4695,4697,171,
2024-08-20 14:08:00+05:30,4697,4698.95,4696.9,4698.9,333,
2024-08-20 14:09:00+05:30,4698.9,4698.9,4696.9,4698.9,117,
2024-08-20 14:10:00+05:30,4699,4699,4696.9,4698.7,78,
2024-08-20 14:11:00+05:30,4698.7,4700,4696.9,4700,54,
2024-08-20 14:12:00+05:30,4700,4700,4697.2,4699.3,289,
2024-08-20 14:13:00+05:30,4697.75,4697.85,4697.7,4697.7,96,
2024-08-20 14:14:00+05:30,4697.75,4697.75,4697.35,4697.7,320,
2024-08-20 14:15:00+05:30,4697.7,4697.75,4696.95,4697.75,173,
2024-08-20 14:16:00+05:30,4697.75,4698.05,4695.55,4695.55,307,
2024-08-20 14:17:00+05:30,4695.55,4697.2,4695.55,4697.2,267,
2024-08-20 14:18:00+05:30,4697.2,4697.2,4695.55,4695.55,376,
2024-08-20 14:19:00+05:30,4696.25,4697.7,4696.25,4696.4,156,
2024-08-20 14:20:00+05:30,4696.4,4699.95,4696.4,4698.6,167,
2024-08-20 14:21:00+05:30,4698.6,4699.95,4696.55,4698,121,
2024-08-20 14:22:00+05:30,4698,4699.95,4696.55,4697.65,518,
2024-08-20 14:23:00+05:30,4697.65,4699.65,4697.2,4699.05,147,
2024-08-20 14:24:00+05:30,4699.05,4699.05,4695.9,4696.35,272,
2024-08-20 14:25:00+05:30,4696.35,4696.35,4692,4692,255,
2024-08-20 14:26:00+05:30,4692,4694.05,4690.7,4693.6,757,
2024-08-20 14:27:00+05:30,4693.6,4694.05,4692,4692,366,
2024-08-20 14:28:00+05:30,4692,4694.05,4691.95,4691.95,101,
2024-08-20 14:29:00+05:30,4691.95,4693.85,4691.4,4691.4,330,
2024-08-20 14:30:00+05:30,4691.4,4693,4691.15,4691.3,152,
2024-08-20 14:31:00+05:30,4691.3,4692.35,4690.5,4690.5,281,
2024-08-20 14:32:00+05:30,4690.5,4691.5,4688.85,4690,470,
2024-08-20 14:33:00+05:30,4690.4,4697.5,4690,4695,3042,
2024-08-20 14:34:00+05:30,4695,4697.5,4695,4697.5,286,
2024-08-20 14:35:00+05:30,4697.5,4698,4695.3,4697.95,116,
2024-08-20 14:36:00+05:30,4697.95,4698.95,4695.85,4696.9,234,
2024-08-20 14:37:00+05:30,4699,4699.8,4698.3,4698.3,341,
2024-08-20 14:38:00+05:30,4698.3,4699.8,4698.3,4698.35,271,
2024-08-20 14:39:00+05:30,4698.35,4705,4698.35,4704,9470,
2024-08-20 14:40:00+05:30,4703,4704.75,4702.95,4703.15,875,
2024-08-20 14:41:00+05:30,4703.15,4708,4703.15,4707.05,925,
2024-08-20 14:42:00+05:30,4707.05,4710,4707.05,4710,832,
2024-08-20 14:43:00+05:30,4710,4711.5,4709.1,4710.9,3276,
2024-08-20 14:44:00+05:30,4711,4713.75,4710.8,4711.4,1719,
2024-08-20 14:45:00+05:30,4711.4,4718.7,4711.4,4718.7,1239,
2024-08-20 14:46:00+05:30,4718.7,4718.7,4708.8,4712.45,4211,
2024-08-20 14:47:00+05:30,4712.45,4716.85,4712.15,4714.05,1497,
2024-08-20 14:48:00+05:30,4714.05,4715,4713.75,4713.95,614,
2024-08-20 14:49:00+05:30,4713.75,4717.25,4713.7,4715.75,518,
2024-08-20 14:50:00+05:30,4717.25,4725,4715.7,4723.8,2567,
2024-08-20 14:51:00+05:30,4723.8,4724.2,4719.35,4722.9,8486,
2024-08-20 14:52:00+05:30,4722.9,4722.9,4719,4720.7,1571,
2024-08-20 14:53:00+05:30,4720.7,4723.3,4720,4720.75,2003,
2024-08-20 14:54:00+05:30,4720,4721.95,4717.15,4720.65,3438,
2024-08-20 14:55:00+05:30,4721.9,4721.9,4719.65,4720,2845,
2024-08-20 14:56:00+05:30,4720,4721.4,4718.55,4721,4098,
2024-08-20 14:57:00+05:30,4721,4723.85,4720,4723.85,593,
2024-08-20 14:58:00+05:30,4723.85,4726.6,4722.65,4725,2427,
2024-08-20 14:59:00+05:30,4725,4728.85,4722.3,4726.55,3124,
2024-08-20 15:00:00+05:30,4726.55,4726.55,4721.55,4724.05,1574,
2024-08-20 15:01:00+05:30,4724.7,4724.7,4718.7,4723.5,1838,
2024-08-20 15:02:00+05:30,4724.35,4724.7,4721.8,4723,842,
2024-08-20 15:03:00+05:30,4722.4,4728,4722.4,4728,1057,
2024-08-20 15:04:00+05:30,4728,4728,4723.45,4723.45,1315,
2024-08-20 15:05:00+05:30,4724.95,4725.6,4723.6,4724.75,851,
2024-08-20 15:06:00+05:30,4724.75,4725.15,4723.5,4723.65,649,
2024-08-20 15:07:00+05:30,4723.65,4724.9,4722.3,4722.35,650,
2024-08-20 15:08:00+05:30,4720.9,4721.95,4719.45,4719.45,1046,
2024-08-20 15:09:00+05:30,4719.45,4721.8,4719.45,4719.6,410,
2024-08-20 15:10:00+05:30,4719.6,4721.8,4718,4721.8,1156,
2024-08-20 15:11:00+05:30,4721.8,4725.15,4719.8,4725.15,1472,
2024-08-20 15:12:00+05:30,4723.75,4726,4723.75,4725.3,264,
2024-08-20 15:13:00+05:30,4725.3,4727.15,4723.8,4725.5,1515,
2024-08-20 15:14:00+05:30,4726.15,4726.7,4725.5,4726.7,787,
2024-08-20 15:15:00+05:30,4726.7,4727.7,4725.7,4725.9,1853,
2024-08-20 15:16:00+05:30,4725.9,4726.05,4718,4724.35,1551,
2024-08-20 15:17:00+05:30,4724.4,4724.95,4721.1,4724.95,2129,
2024-08-20 15:18:00+05:30,4724.95,4726.5,4722.6,4724.1,1449,
2024-08-20 15:19:00+05:30,4724.9,4725.95,4723.35,4725.45,1331,
2024-08-20 15:20:00+05:30,4725.5,4725.5,4722,4724.9,1673,
2024-08-20 15:21:00+05:30,4724,4725,4723,4724.8,1243,
2024-08-20 15:22:00+05:30,4725,4725,4720.6,4721.2,1161,
2024-08-20 15:23:00+05:30,4723,4723,4720,4721.9,1150,
2024-08-20 15:24:00+05:30,4722.6,4723,4720,4722.5,949,
2024-08-20 15:25:00+05:30,4722.5,4723.4,4722,4722.7,519,
2024-08-20 15:26:00+05:30,4722.7,4723.45,4718.75,4722.95,1339,
2024-08-20 15:27:00+05:30,4722.95,4723.15,4714.25,4721.05,1245,
2024-08-20 15:28:00+05:30,4721.05,4721.05,4716.35,4719,308,
2024-08-20 15:29:00+05:30,4719,4720,4709.8,4715,576,
2024-08-21 09:15:00+05:30,4736,4792.3,4734.95,4779.65,15772,
2024-08-21 09:16:00+05:30,4795.45,4804.05,4782.05,4793.85,15716,
2024-08-21 09:17:00+05:30,4788.5,4815.65,4787.85,4803.9,12264,
2024-08-21 09:18:00+05:30,4807.45,4834.85,4804.55,4828.95,13266,
2024-08-21 09:19:00+05:30,4828.95,4832.7,4816.1,4825,11711,
2024-08-21 09:20:00+05:30,4825,4840.7,4814.85,4840.7,12095,
2024-08-21 09:21:00+05:30,4838.7,4849,4833,4849,15804,
2024-08-21 09:22:00+05:30,4840.05,4851,4840.05,4850,16180,
2024-08-21 09:23:00+05:30,4850,4851.8,4843.35,4848,11482,
2024-08-21 09:24:00+05:30,4850,4850.75,4841.9,4847.3,10961,
2024-08-21 09:25:00+05:30,4847.55,4857.25,4844.1,4850.1,9964,
2024-08-21 09:26:00+05:30,4852.95,4865,4849.05,4862.75,12015,
2024-08-21 09:27:00+05:30,4863.25,4865,4845.85,4851.1,10062,
2024-08-21 09:28:00+05:30,4851.4,4860,4847.45,4859.9,5976,
2024-08-21 09:29:00+05:30,4859.3,4864.4,4854.45,4856.1,6591,
2024-08-21 09:30:00+05:30,4858.4,4858.95,4850,4850.9,5175,
2024-08-21 09:31:00+05:30,4849.55,4858,4845,4848.6,5550,
2024-08-21 09:32:00+05:30,4848.6,4853.2,4848,4851.8,2401,
2024-08-21 09:33:00+05:30,4851.95,4863,4850,4861.05,7139,
2024-08-21 09:34:00+05:30,4860,4860.35,4853.7,4858.4,3135,
2024-08-21 09:35:00+05:30,4859.95,4859.95,4855,4855,1504,
2024-08-21 09:36:00+05:30,4855.7,4860,4850,4850.25,4513,
2024-08-21 09:37:00+05:30,4850.25,4856.9,4849.5,4854,2122,
2024-08-21 09:38:00+05:30,4853.4,4861.1,4853.3,4857.95,3810,
2024-08-21 09:39:00+05:30,4857.95,4859,4850,4851,2709,
2024-08-21 09:40:00+05:30,4851.05,4860,4850,4857.75,3001,
2024-08-21 09:41:00+05:30,4859.85,4862.05,4856.75,4862,3523,
2024-08-21 09:42:00+05:30,4862,4862,4856.3,4860.2,2382,
2024-08-21 09:43:00+05:30,4860.2,4860.2,4851.3,4853.55,4610,
2024-08-21 09:44:00+05:30,4853.55,4858.65,4850,4855.7,4907,
2024-08-21 09:45:00+05:30,4855.7,4875,4855.05,4872.5,19393,
2024-08-21 09:46:00+05:30,4874.9,4874.9,4867.05,4872,7306,
2024-08-21 09:47:00+05:30,4870.15,4874.8,4866.3,4871.4,7200,
2024-08-21 09:48:00+05:30,4871.4,4871.75,4865.35,4866.9,3745,
2024-08-21 09:49:00+05:30,4866.9,4875,4866.5,4872.25,4564,
2024-08-21 09:50:00+05:30,4874,4879,4873.4,4877.95,10981,
2024-08-21 09:51:00+05:30,4877.95,4880,4876.1,4876.55,5216,
2024-08-21 09:52:00+05:30,4879.45,4880,4875,4876.4,5674,
2024-08-21 09:53:00+05:30,4875.9,4883.4,4875.4,4876.5,6832,
2024-08-21 09:54:00+05:30,4876,4882,4875,4880,4678,
2024-08-21 09:55:00+05:30,4880,4880,4870,4877,4843,
2024-08-21 09:56:00+05:30,4877.65,4877.9,4871,4872.65,2324,
2024-08-21 09:57:00+05:30,4872.65,4873,4862.35,4863.6,5859,
2024-08-21 09:58:00+05:30,4866,4869.65,4860,4869,5657,
2024-08-21 09:59:00+05:30,4869,4869.7,4865,4869,1752,
2024-08-21 10:00:00+05:30,4869,4880,4869,4877.6,4791,
2024-08-21 10:01:00+05:30,4877.6,4885.95,4875.95,4883.65,8628,
2024-08-21 10:02:00+05:30,4883.65,4884.05,4876,4877,4026,
2024-08-21 10:03:00+05:30,4876.1,4876.1,4869.15,4873.95,3156,
2024-08-21 10:04:00+05:30,4873.95,4877.2,4872.4,4874.85,2445,
2024-08-21 10:05:00+05:30,4875.1,4878.55,4872.2,4874.8,2542,
2024-08-21 10:06:00+05:30,4874.8,4880,4873,4878.85,6004,
2024-08-21 10:07:00+05:30,4878.85,4880,4877,4879,1334,
2024-08-21 10:08:00+05:30,4879,4882.1,4876.35,4882.1,3829,
2024-08-21 10:09:00+05:30,4880.4,4884.7,4878.7,4882.95,4692,
2024-08-21 10:10:00+05:30,4882.95,4890.9,4880.6,4888.4,8711,
2024-08-21 10:11:00+05:30,4887.3,4889.9,4886.05,4887.05,2922,
2024-08-21 10:12:00+05:30,4887.05,4890,4886,4886.7,2099,
2024-08-21 10:13:00+05:30,4886.7,4888,4881.05,4883.45,3262,
2024-08-21 10:14:00+05:30,4883.45,4888.65,4881.1,4885.25,2773,
2024-08-21 10:15:00+05:30,4885.25,4895,4883.55,4892.4,5622,
2024-08-21 10:16:00+05:30,4895,4899,4892.45,4892.45,8712,
2024-08-21 10:17:00+05:30,4892.45,4895,4892.45,4892.55,1960,
2024-08-21 10:18:00+05:30,4894.95,4895,4892.45,4893.55,3684,
2024-08-21 10:19:00+05:30,4894,4894.8,4884.55,4886.15,4098,
2024-08-21 10:20:00+05:30,4887.5,4890,4885.35,4888.15,1445,
2024-08-21 10:21:00+05:30,4887,4888.15,4882.05,4887.05,4295,
2024-08-21 10:22:00+05:30,4887.05,4893,4885.75,4887,3329,
2024-08-21 10:23:00+05:30,4889.2,4893.95,4887,4893.95,1775,
2024-08-21 10:24:00+05:30,4890.7,4893.6,4888,4890.65,2463,
2024-08-21 10:25:00+05:30,4890.65,4894,4890.45,4893,998,
2024-08-21 10:26:00+05:30,4893,4893,4887,4887.55,2611,
2024-08-21 10:27:00+05:30,4887.5,4888.9,4884.45,4887.15,2253,
2024-08-21 10:28:00+05:30,4887.15,4888,4880.2,4882.25,3624,
2024-08-21 10:29:00+05:30,4883,4883,4876.3,4881,4078,
2024-08-21 10:30:00+05:30,4880,4890,4880,4889.95,3630,
2024-08-21 10:31:00+05:30,4889.95,4894,4887.65,4892,4469,
2024-08-21 10:32:00+05:30,4894,4904,4892.75,4899.2,13196,
2024-08-21 10:33:00+05:30,4899.2,4899.95,4893.95,4899.9,2749,
2024-08-21 10:34:00+05:30,4899.95,4904,4898.05,4904,4476,
2024-08-21 10:35:00+05:30,4904,4920,4902.35,4918,16214,
2024-08-21 10:36:00+05:30,4916.1,4924.45,4909.95,4920,12366,
2024-08-21 10:37:00+05:30,4920,4921.35,4910,4913.5,8885,
2024-08-21 10:38:00+05:30,4911.9,4919.95,4911.9,4917.4,6063,
2024-08-21 10:39:00+05:30,4914.65,4917.45,4911,4913.35,3311,
2024-08-21 10:40:00+05:30,4913.35,4919,4911,4916.9,2564,
2024-08-21 10:41:00+05:30,4917.7,4919.7,4915.2,4916,2132,
2024-08-21 10:42:00+05:30,4915,4919,4915,4917.5,2274,
2024-08-21 10:43:00+05:30,4917.5,4919,4912,4917,2347,
2024-08-21 10:44:00+05:30,4915,4927.75,4915,4926,10251,
2024-08-21 10:45:00+05:30,4924,4934.75,4920,4932.3,10374,
2024-08-21 10:46:00+05:30,4932.95,4936,4928.65,4932.75,10614,
2024-08-21 10:47:00+05:30,4934.9,4949,4932.5,4944.25,19621,
2024-08-21 10:48:00+05:30,4941,4955,4941,4952.45,16710,
2024-08-21 10:49:00+05:30,4954.35,4963.35,4952.15,4957.1,18197,
2024-08-21 10:50:00+05:30,4957.2,4960,4934.1,4936,26609,
2024-08-21 10:51:00+05:30,4938,4944,4935.95,4936.25,9774,
2024-08-21 10:52:00+05:30,4936.25,4944,4936.25,4944,3872,
2024-08-21 10:53:00+05:30,4944,4944,4938,4941.5,4566,
2024-08-21 10:54:00+05:30,4941.5,4941.5,4937,4938,2006,
2024-08-21 10:55:00+05:30,4938,4944,4935.05,4936.7,7779,
2024-08-21 10:56:00+05:30,4934,4938.4,4912.5,4915.9,21908,
2024-08-21 10:57:00+05:30,4912.65,4928.15,4911.55,4918.05,9310,
2024-08-21 10:58:00+05:30,4920,4929,4916,4925.45,9230,
2024-08-21 10:59:00+05:30,4925.15,4926.95,4920.05,4920.05,2942,
2024-08-21 11:00:00+05:30,4920,4922.3,4918,4920,4591,
2024-08-21 11:01:00+05:30,4920,4927.6,4919.2,4923.05,2725,
2024-08-21 11:02:00+05:30,4923.05,4930,4921,4922.9,3711,
2024-08-21 11:03:00+05:30,4921.8,4927,4920.95,4927,1192,
2024-08-21 11:04:00+05:30,4927,4928,4924.3,4928,1168,
2024-08-21 11:05:00+05:30,4928,4928,4915.1,4915.7,6542,
2024-08-21 11:06:00+05:30,4915.1,4918,4914,4915.65,3189,
2024-08-21 11:07:00+05:30,4915.65,4920,4913.55,4916.15,4419,
2024-08-21 11:08:00+05:30,4914,4915.6,4907.85,4910.4,6906,
2024-08-21 11:09:00+05:30,4910.4,4919.85,4909,4915.6,5487,
2024-08-21 11:10:00+05:30,4915.6,4919.2,4913.4,4917.05,1549,
2024-08-21 11:11:00+05:30,4918,4918,4912.25,4912.25,1545,
2024-08-21 11:12:00+05:30,4912.25,4915.35,4903,4903,5157,
2024-08-21 11:13:00+05:30,4900,4908.65,4900,4905,8795,
2024-08-21 11:14:00+05:30,4906,4912,4902.6,4904,5245,
2024-08-21 11:15:00+05:30,4906.3,4907.7,4904.55,4906.05,4764,
2024-08-21 11:16:00+05:30,4908.45,4909.2,4902,4902,4280,
2024-08-21 11:17:00+05:30,4904.15,4908.6,4902.05,4908.25,1822,
2024-08-21 11:18:00+05:30,4907,4909.25,4902.7,4907,3891,
2024-08-21 11:19:00+05:30,4907.9,4907.9,4900,4901,7800,
2024-08-21 11:20:00+05:30,4899.45,4900.8,4895.8,4898.05,8277,
2024-08-21 11:21:00+05:30,4898.05,4908.65,4898.05,4906.4,6093,
2024-08-21 11:22:00+05:30,4906.4,4909.95,4904.7,4907.65,2880,
2024-08-21 11:23:00+05:30,4907.65,4909.45,4903.1,4903.1,7516,
2024-08-21 11:24:00+05:30,4902.4,4905,4901.3,4902.65,2073,
2024-08-21 11:25:00+05:30,4903.35,4907.75,4902.7,4905.7,1287,
2024-08-21 11:26:00+05:30,4905.7,4907,4903.7,4905,1230,
2024-08-21 11:27:00+05:30,4905,4907.5,4904.4,4905.55,1076,
2024-08-21 11:28:00+05:30,4905.55,4907.85,4904,4904.35,1649,
2024-08-21 11:29:00+05:30,4904.4,4905.95,4902.3,4904.95,1243,
2024-08-21 11:30:00+05:30,4904.95,4904.95,4900,4904.1,2783,
2024-08-21 11:31:00+05:30,4904.1,4908.2,4901.15,4903.65,4295,
2024-08-21 11:32:00+05:30,4903.65,4905.35,4898,4899.5,4296,
2024-08-21 11:33:00+05:30,4899.3,4903.45,4899.3,4902.05,1074,
2024-08-21 11:34:00+05:30,4902.05,4904.45,4899.1,4899.45,2547,
2024-08-21 11:35:00+05:30,4901.65,4901.65,4894,4894,1813,
2024-08-21 11:36:00+05:30,4892.05,4896.5,4890.3,4893.6,5130,
2024-08-21 11:37:00+05:30,4893.6,4896.5,4892.3,4895.9,2028,
2024-08-21 11:38:00+05:30,4895,4895,4890.25,4892.5,2001,
2024-08-21 11:39:00+05:30,4893.55,4893.55,4891,4891.25,1199,
2024-08-21 11:40:00+05:30,4891.25,4893.85,4891.05,4892,1250,
2024-08-21 11:41:00+05:30,4892,4893.2,4890.65,4891.65,2478,
2024-08-21 11:42:00+05:30,4891,4892.4,4885,4886.15,6532,
2024-08-21 11:43:00+05:30,4886.15,4888.95,4885.85,4887.25,2923,
2024-08-21 11:44:00+05:30,4887.25,4891.65,4882.95,4888.6,3872,
2024-08-21 11:45:00+05:30,4889.7,4890,4886.05,4887.6,1876,
2024-08-21 11:46:00+05:30,4887.6,4890,4882.35,4885.6,3751,
2024-08-21 11:47:00+05:30,4885.6,4888.9,4884.8,4888.5,1985,
2024-08-21 11:48:00+05:30,4888.5,4888.75,4885.05,4886.45,1808,
2024-08-21 11:49:00+05:30,4887,4889.4,4886.45,4888.9,459,
2024-08-21 11:50:00+05:30,4888.9,4888.9,4869.95,4872.15,31065,
2024-08-21 11:51:00+05:30,4872.85,4878.15,4872.6,4875,3053,
2024-08-21 11:52:00+05:30,4875,4875,4871,4872.1,3035,
2024-08-21 11:53:00+05:30,4872.1,4875,4871.6,4875,2271,
2024-08-21 11:54:00+05:30,4873,4875.35,4870.05,4873.05,4392,
2024-08-21 11:55:00+05:30,4873.05,4887,4872.15,4886.3,4087,
2024-08-21 11:56:00+05:30,4887,4887,4880,4882.15,2029,
2024-08-21 11:57:00+05:30,4884.05,4884.95,4882,4882.55,1182,
2024-08-21 11:58:00+05:30,4882.55,4884.95,4882.05,4884.05,565,
2024-08-21 11:59:00+05:30,4884.1,4885,4881,4881.8,1756,
2024-08-21 12:00:00+05:30,4881.8,4884.65,4880,4880.5,2036,
2024-08-21 12:01:00+05:30,4880.5,4884,4878.1,4881,2203,
2024-08-21 12:02:00+05:30,4881,4882.8,4879.6,4881.1,1025,
2024-08-21 12:03:00+05:30,4881.1,4883.8,4878,4878.65,643,
2024-08-21 12:04:00+05:30,4878.65,4883,4878.1,4883,1353,
2024-08-21 12:05:00+05:30,4883,4883.6,4878.5,4880.45,1391,
2024-08-21 12:06:00+05:30,4880.45,4881,4878.55,4880,287,
2024-08-21 12:07:00+05:30,4881,4882.3,4879.6,4880,1250,
2024-08-21 12:08:00+05:30,4880,4882.5,4879.65,4880.15,316,
2024-08-21 12:09:00+05:30,4880.15,4883.8,4880.15,4882.45,1142,
2024-08-21 12:10:00+05:30,4883.6,4883.6,4879,4880,1278,
2024-08-21 12:11:00+05:30,4880,4886.6,4879,4883,3546,
2024-08-21 12:12:00+05:30,4883,4884.95,4874,4876.8,3454,
2024-08-21 12:13:00+05:30,4876.75,4882.05,4871.6,4876.85,8304,
2024-08-21 12:14:00+05:30,4875.3,4879.8,4875.3,4878.65,1045,
2024-08-21 12:15:00+05:30,4877.8,4882.5,4877.05,4879.65,1221,
2024-08-21 12:16:00+05:30,4881.9,4882.5,4879.7,4880.7,966,
2024-08-21 12:17:00+05:30,4880.7,4882,4877.25,4880,1403,
2024-08-21 12:18:00+05:30,4880,4880,4877,4878.4,957,
2024-08-21 12:19:00+05:30,4878.4,4880,4877,4878.5,821,
2024-08-21 12:20:00+05:30,4878.5,4880,4877.25,4879.55,896,
2024-08-21 12:21:00+05:30,4879.55,4879.55,4879.5,4879.55,462,
2024-08-21 12:22:00+05:30,4879.55,4881.9,4879.55,4880,668,
2024-08-21 12:23:00+05:30,4880,4881.9,4877.15,4877.45,1031,
2024-08-21 12:24:00+05:30,4877.45,4878.85,4875.25,4877.8,872,
2024-08-21 12:25:00+05:30,4878.85,4879,4877,4877,493,
2024-08-21 12:26:00+05:30,4877,4877.85,4876.65,4876.65,288,
2024-08-21 12:27:00+05:30,4876.1,4878.5,4875.1,4877.55,1105,
2024-08-21 12:28:00+05:30,4877.55,4878.5,4877.05,4878,347,
2024-08-21 12:29:00+05:30,4878,4886,4877,4886,427,
2024-08-21 12:30:00+05:30,4886.55,4889.8,4880.15,4881.55,5878,
2024-08-21 12:31:00+05:30,4881.55,4888,4881.55,4886.35,2596,
2024-08-21 12:32:00+05:30,4885.65,4888,4882.05,4885,1024,
2024-08-21 12:33:00+05:30,4885,4886.55,4881,4881.55,1797,
2024-08-21 12:34:00+05:30,4881.55,4885,4878.6,4881,1976,
2024-08-21 12:35:00+05:30,4878.65,4881.55,4876,4878.2,2269,
2024-08-21 12:36:00+05:30,4878.2,4881.5,4878.2,4879.05,643,
2024-08-21 12:37:00+05:30,4881.05,4881.05,4876.3,4879.05,664,
2024-08-21 12:38:00+05:30,4879.05,4880.7,4876,4878.65,714,
2024-08-21 12:39:00+05:30,4878.65,4881.95,4877.5,4879.3,1604,
2024-08-21 12:40:00+05:30,4879.3,4881,4878.45,4879.8,737,
2024-08-21 12:41:00+05:30,4879.8,4881,4877.4,4877.45,300,
2024-08-21 12:42:00+05:30,4879.95,4882.75,4877.6,4880.35,627,
2024-08-21 12:43:00+05:30,4880.35,4882.95,4880.25,4880.45,331,
2024-08-21 12:44:00+05:30,4880.25,4889.95,4880,4889.95,2876,
2024-08-21 12:45:00+05:30,4889.95,4891.75,4882.95,4888.05,4410,
2024-08-21 12:46:00+05:30,4888.1,4889.95,4881.05,4883.7,3315,
2024-08-21 12:47:00+05:30,4882.7,4887.9,4878.25,4883.45,8471,
2024-08-21 12:48:00+05:30,4883.45,4888,4880.9,4883.95,5008,
2024-08-21 12:49:00+05:30,4883.2,4886.2,4883.2,4884.75,220,
2024-08-21 12:50:00+05:30,4886,4887.65,4884.75,4885.4,345,
2024-08-21 12:51:00+05:30,4885.4,4887.95,4883,4883,1270,
2024-08-21 12:52:00+05:30,4883,4884.55,4882.15,4884,317,
2024-08-21 12:53:00+05:30,4884,4884.9,4881,4881.1,701,
2024-08-21 12:54:00+05:30,4881.05,4884,4881.05,4883.6,490,
2024-08-21 12:55:00+05:30,4883.6,4884.9,4883,4883.6,407,
2024-08-21 12:56:00+05:30,4883.6,4884.7,4883,4884.4,375,
2024-08-21 12:57:00+05:30,4884.4,4884.6,4881.05,4883.45,1316,
2024-08-21 12:58:00+05:30,4883.45,4888,4882.95,4887.35,1641,
2024-08-21 12:59:00+05:30,4887.35,4887.8,4885,4885.7,1449,
2024-08-21 13:00:00+05:30,4886,4890,4885.7,4887.55,1072,
2024-08-21 13:01:00+05:30,4887.55,4890.6,4887.55,4888.65,1088,
2024-08-21 13:02:00+05:30,4889,4890.6,4889,4890.5,668,
2024-08-21 13:03:00+05:30,4890.5,4890.5,4885,4886.4,1624,
2024-08-21 13:04:00+05:30,4887.85,4887.85,4885,4886.05,467,
2024-08-21 13:05:00+05:30,4885,4887,4885,4886.75,596,
2024-08-21 13:06:00+05:30,4885.05,4886.8,4885,4885,484,
2024-08-21 13:07:00+05:30,4885,4886.8,4885,4886,493,
2024-08-21 13:08:00+05:30,4885.6,4887,4885.6,4886.2,312,
2024-08-21 13:09:00+05:30,4885.6,4885.6,4885,4885.6,519,
2024-08-21 13:10:00+05:30,4885.15,4885.6,4882,4882,2254,
2024-08-21 13:11:00+05:30,4882,4885,4882,4883,738,
2024-08-21 13:12:00+05:30,4883,4885.5,4882.25,4883.4,656,
2024-08-21 13:13:00+05:30,4883.4,4884.4,4883,4883,765,
2024-08-21 13:14:00+05:30,4883,4885.5,4883,4883,610,
2024-08-21 13:15:00+05:30,4883.15,4885,4883,4884.1,441,
2024-08-21 13:16:00+05:30,4884.1,4885,4875.6,4880.2,4915,
2024-08-21 13:17:00+05:30,4880,4882,4879.95,4881.2,653,
2024-08-21 13:18:00+05:30,4881.2,4884.85,4881.2,4882.5,574,
2024-08-21 13:19:00+05:30,4882.15,4882.5,4880,4880,334,
2024-08-21 13:20:00+05:30,4880,4880.7,4875.05,4878.65,1321,
2024-08-21 13:21:00+05:30,4878.65,4879.35,4878.65,4878.65,609,
2024-08-21 13:22:00+05:30,4878.65,4884.9,4876,4882.2,4378,
2024-08-21 13:23:00+05:30,4882.3,4882.45,4878.95,4879.3,302,
2024-08-21 13:24:00+05:30,4879.3,4880.3,4878.3,4880,798,
2024-08-21 13:25:00+05:30,4880,4880.3,4877.3,4877.3,276,
2024-08-21 13:26:00+05:30,4878,4880.1,4877.45,4878.85,698,
2024-08-21 13:27:00+05:30,4878.85,4882,4878.55,4880.15,487,
2024-08-21 13:28:00+05:30,4880.15,4881.5,4880.15,4880.45,348,
2024-08-21 13:29:00+05:30,4880.15,4883,4880.15,4881.6,1429,
2024-08-21 13:30:00+05:30,4880.4,4884.5,4880.1,4884.15,895,
2024-08-21 13:31:00+05:30,4884.9,4884.9,4882.4,4883.65,761,
2024-08-21 13:32:00+05:30,4883.6,4884.9,4883.2,4884.9,927,
2024-08-21 13:33:00+05:30,4883.7,4884.95,4883.7,4884,587,
2024-08-21 13:34:00+05:30,4884,4884.5,4882.8,4883.2,395,
2024-08-21 13:35:00+05:30,4883.2,4884.9,4880.25,4881.8,1014,
2024-08-21 13:36:00+05:30,4881.8,4881.95,4879.05,4879.95,1255,
2024-08-21 13:37:00+05:30,4879.95,4881,4879.5,4881,954,
2024-08-21 13:38:00+05:30,4879.85,4881,4876.65,4878.25,1049,
2024-08-21 13:39:00+05:30,4878.25,4881,4877.7,4880.95,751,
2024-08-21 13:40:00+05:30,4880.95,4881.55,4877.5,4880.1,588,
2024-08-21 13:41:00+05:30,4879.3,4881,4876.85,4879.15,649,
2024-08-21 13:42:00+05:30,4878.6,4881,4878.2,4880,448,
2024-08-21 13:43:00+05:30,4880,4881.6,4876.8,4881.25,1665,
2024-08-21 13:44:00+05:30,4880.85,4881.95,4880,4880.65,210,
2024-08-21 13:45:00+05:30,4880.65,4881,4878.6,4879.95,446,
2024-08-21 13:46:00+05:30,4878.6,4879.95,4878,4878.4,796,
2024-08-21 13:47:00+05:30,4878.4,4878.45,4875.55,4876,510,
2024-08-21 13:48:00+05:30,4876,4876.15,4872.15,4873.4,3501,
2024-08-21 13:49:00+05:30,4874,4877,4873,4874.65,1271,
2024-08-21 13:50:00+05:30,4874.65,4876,4872,4875,1819,
2024-08-21 13:51:00+05:30,4874.15,4875.15,4873,4874.4,528,
2024-08-21 13:52:00+05:30,4873.7,4876.25,4873,4876.25,505,
2024-08-21 13:53:00+05:30,4874.65,4879.5,4874.65,4879.5,1004,
2024-08-21 13:54:00+05:30,4879.2,4879.95,4878.15,4879.9,866,
2024-08-21 13:55:00+05:30,4879.85,4885,4879.85,4884.9,2538,
2024-08-21 13:56:00+05:30,4883.65,4885,4882.4,4885,1706,
2024-08-21 13:57:00+05:30,4884.4,4891,4884.4,4891,3748,
2024-08-21 13:58:00+05:30,4889.15,4891,4889.05,4889.3,1498,
2024-08-21 13:59:00+05:30,4889.3,4892.7,4889.05,4892.7,1943,
2024-08-21 14:00:00+05:30,4892,4900,4891.1,4897,6487,
2024-08-21 14:01:00+05:30,4894.7,4899.9,4894,4898.4,3016,
2024-08-21 14:02:00+05:30,4896.65,4900,4896,4899.05,2003,
2024-08-21 14:03:00+05:30,4899,4904.9,4897.55,4901,3188,
2024-08-21 14:04:00+05:30,4901,4902,4897.2,4899.6,2818,
2024-08-21 14:05:00+05:30,4898.35,4900,4895,4895.05,2722,
2024-08-21 14:06:00+05:30,4895,4897.15,4887.05,4892.15,3958,
2024-08-21 14:07:00+05:30,4892.2,4895.15,4891.3,4895,637,
2024-08-21 14:08:00+05:30,4893.1,4895,4892.1,4892.2,590,
2024-08-21 14:09:00+05:30,4892.2,4895,4892.15,4893.15,2515,
2024-08-21 14:10:00+05:30,4893.15,4895,4892.25,4893,816,
2024-08-21 14:11:00+05:30,4893.7,4894,4892,4893.4,1697,
2024-08-21 14:12:00+05:30,4893.4,4897.7,4893.05,4894.05,1958,
2024-08-21 14:13:00+05:30,4893.65,4895.85,4893.1,4895,965,
2024-08-21 14:14:00+05:30,4895,4897,4894,4895,1173,
2024-08-21 14:15:00+05:30,4895,4897.95,4895,4896.05,2593,
2024-08-21 14:16:00+05:30,4896.05,4900.95,4896.05,4899.9,1972,
2024-08-21 14:17:00+05:30,4899.9,4900,4895.55,4895.6,1348,
2024-08-21 14:18:00+05:30,4895.6,4897,4890.4,4893.45,2425,
2024-08-21 14:19:00+05:30,4893.45,4898.55,4892,4894.9,2466,
2024-08-21 14:20:00+05:30,4892.65,4898,4892.65,4897.55,1048,
2024-08-21 14:21:00+05:30,4895.5,4897.75,4895,4896.65,441,
2024-08-21 14:22:00+05:30,4896.65,4897.75,4895,4896.05,961,
2024-08-21 14:23:00+05:30,4896.05,4897.5,4896,4896.6,344,
2024-08-21 14:24:00+05:30,4896.6,4897.15,4896,4896.15,660,
2024-08-21 14:25:00+05:30,4896.15,4898,4896,4898,465,
2024-08-21 14:26:00+05:30,4896.9,4900,4895.95,4897.7,1368,
2024-08-21 14:27:00+05:30,4896.45,4896.45,4894.3,4895,556,
2024-08-21 14:28:00+05:30,4895,4895.95,4890.9,4892.85,1140,
2024-08-21 14:29:00+05:30,4892.15,4895.15,4891.55,4895,789,
2024-08-21 14:30:00+05:30,4894.15,4895.05,4892.4,4893.75,454,
2024-08-21 14:31:00+05:30,4893.75,4898.15,4893.75,4898.15,675,
2024-08-21 14:32:00+05:30,4896.55,4900,4895.3,4898.9,3881,
2024-08-21 14:33:00+05:30,4898,4899.55,4896.35,4898.7,1133,
2024-08-21 14:34:00+05:30,4898.7,4899.5,4896.6,4896.65,813,
2024-08-21 14:35:00+05:30,4896.65,4900,4896.65,4900,1394,
2024-08-21 14:36:00+05:30,4899.6,4900,4897,4897.9,4408,
2024-08-21 14:37:00+05:30,4897.9,4900,4897.85,4897.85,631,
2024-08-21 14:38:00+05:30,4897.85,4897.9,4894.05,4896.7,1491,
2024-08-21 14:39:00+05:30,4896.35,4897.7,4895.6,4896.3,620,
2024-08-21 14:40:00+05:30,4896.3,4899,4896.3,4897.3,623,
2024-08-21 14:41:00+05:30,4897.3,4899.8,4897,4899.55,1353,
2024-08-21 14:42:00+05:30,4899.55,4900,4897.6,4897.6,923,
2024-08-21 14:43:00+05:30,4897.75,4899.9,4897.6,4899.85,797,
2024-08-21 14:44:00+05:30,4897.65,4899.9,4897.6,4898.6,517,
2024-08-21 14:45:00+05:30,4898.6,4899.4,4897.6,4897.6,602,
2024-08-21 14:46:00+05:30,4897.6,4899.4,4897.6,4898.5,931,
2024-08-21 14:47:00+05:30,4897.9,4898.95,4896,4897.2,868,
2024-08-21 14:48:00+05:30,4897.05,4898.65,4896.25,4898.15,871,
2024-08-21 14:49:00+05:30,4898.15,4898.8,4896,4896.4,1016,
2024-08-21 14:50:00+05:30,4896,4897.2,4894,4894,1971,
2024-08-21 14:51:00+05:30,4894,4896.55,4894,4894,1489,
2024-08-21 14:52:00+05:30,4894,4895,4890,4892.5,2594,
2024-08-21 14:53:00+05:30,4892.5,4894.5,4891.6,4892.8,1573,
2024-08-21 14:54:00+05:30,4892.8,4895.3,4892.55,4894,1623,
2024-08-21 14:55:00+05:30,4894,4897.8,4893,4897.25,1116,
2024-08-21 14:56:00+05:30,4897.25,4897.95,4894.55,4896.5,1027,
2024-08-21 14:57:00+05:30,4896.5,4898.6,4894.55,4898.6,1067,
2024-08-21 14:58:00+05:30,4898.05,4899.85,4896.9,4899.8,2459,
2024-08-21 14:59:00+05:30,4899.8,4900,4899,4900,1967,
2024-08-21 15:00:00+05:30,4899.35,4903.95,4897.15,4902.1,11699,
2024-08-21 15:01:00+05:30,4902.1,4910,4900.85,4909.95,12315,
2024-08-21 15:02:00+05:30,4906.85,4909.35,4904.35,4905.85,7299,
2024-08-21 15:03:00+05:30,4907.2,4910,4902.65,4909.95,6083,
2024-08-21 15:04:00+05:30,4910,4910,4901,4901,5901,
2024-08-21 15:05:00+05:30,4900.9,4901.1,4895,4899.9,7103,
2024-08-21 15:06:00+05:30,4898.5,4904.9,4898.1,4904.9,3395,
2024-08-21 15:07:00+05:30,4904.9,4905,4901.85,4901.85,5891,
2024-08-21 15:08:00+05:30,4903.95,4904.7,4897.65,4897.65,5702,
2024-08-21 15:09:00+05:30,4897.65,4900,4895,4899.95,3690,
2024-08-21 15:10:00+05:30,4899.95,4901.4,4897.25,4897.25,7772,
2024-08-21 15:11:00+05:30,4897.25,4901.65,4896.55,4899.95,14192,
2024-08-21 15:12:00+05:30,4899.95,4900.4,4898,4899.35,3659,
2024-08-21 15:13:00+05:30,4898.7,4900.5,4898,4898.2,4816,
2024-08-21 15:14:00+05:30,4898.2,4899.95,4897,4897.95,2969,
2024-08-21 15:15:00+05:30,4897.65,4899.95,4896.1,4899.9,6666,
2024-08-21 15:16:00+05:30,4898.95,4900,4893.95,4900,6841,
2024-08-21 15:17:00+05:30,4900,4900,4898,4899.8,3996,
2024-08-21 15:18:00+05:30,4899.8,4900,4896.25,4899.4,11192,
2024-08-21 15:19:00+05:30,4899.4,4899.9,4894.45,4898.75,6866,
2024-08-21 15:20:00+05:30,4898.75,4900,4897,4899.75,8166,
2024-08-21 15:21:00+05:30,4899.95,4900,4899.1,4899.9,2759,
2024-08-21 15:22:00+05:30,4899.9,4900,4899.9,4899.95,2941,
2024-08-21 15:23:00+05:30,4899.9,4900.05,4899.85,4899.9,3791,
2024-08-21 15:24:00+05:30,4899.85,4903.3,4897.85,4901.8,9098,
2024-08-21 15:25:00+05:30,4900.05,4901.2,4895.1,4898.45,2433,
2024-08-21 15:26:00+05:30,4898.45,4899,4896.4,4898.9,1597,
2024-08-21 15:27:00+05:30,4898.9,4899.15,4892.95,4896.15,3030,
2024-08-21 15:28:00+05:30,4895.5,4898.9,4890.25,4898.3,1626,
2024-08-21 15:29:00+05:30,4898.3,4898.3,4892,4898,774,
2024-08-22 09:15:00+05:30,4927.5,4927.5,4889.2,4897.7,8479,
2024-08-22 09:16:00+05:30,4897.7,4905.95,4891,4894.45,5270,
2024-08-22 09:17:00+05:30,4894.8,4899.65,4884.8,4894.9,3766,
2024-08-22 09:18:00+05:30,4894.9,4896.25,4889.6,4889.85,1670,
2024-08-22 09:19:00+05:30,4893.4,4894.45,4890.4,4892,358,
2024-08-22 09:20:00+05:30,4892,4892,4878.6,4882.85,3540,
2024-08-22 09:21:00+05:30,4880.3,4888,4880.3,4883.25,1815,
2024-08-22 09:22:00+05:30,4883.2,4884.25,4873.3,4879.85,2386,
2024-08-22 09:23:00+05:30,4880,4884.45,4879.2,4880,979,
2024-08-22 09:24:00+05:30,4881.9,4884.8,4879.05,4879.05,962,
2024-08-22 09:25:00+05:30,4880.8,4881.6,4872,4875.5,2117,
2024-08-22 09:26:00+05:30,4875.5,4877.95,4869,4875,2505,
2024-08-22 09:27:00+05:30,4874.95,4879.2,4869,4875.4,2963,
2024-08-22 09:28:00+05:30,4875.4,4883.4,4870.25,4883.4,2338,
2024-08-22 09:29:00+05:30,4883.4,4887.4,4879.65,4884.75,1579,
2024-08-22 09:30:00+05:30,4884.75,4893.75,4884.75,4891.55,1886,
2024-08-22 09:31:00+05:30,4891.55,4899.7,4890.2,4895,1871,
2024-08-22 09:32:00+05:30,4897.75,4897.75,4886.5,4891.65,2474,
2024-08-22 09:33:00+05:30,4891.65,4904.9,4891.65,4899.25,3386,
2024-08-22 09:34:00+05:30,4900.95,4901.3,4896.05,4900,1469,
2024-08-22 09:35:00+05:30,4900,4905,4898.45,4901.95,3011,
2024-08-22 09:36:00+05:30,4901.95,4902.75,4898.3,4900.5,1284,
2024-08-22 09:37:00+05:30,4900.5,4904,4900,4902.15,1012,
2024-08-22 09:38:00+05:30,4902.15,4904,4900,4902.65,885,
2024-08-22 09:39:00+05:30,4902.65,4909.25,4901,4909.25,637,
2024-08-22 09:40:00+05:30,4909.15,4910,4905.55,4908.5,2619,
2024-08-22 09:41:00+05:30,4908.5,4908.95,4901.1,4904.45,1942,
2024-08-22 09:42:00+05:30,4904.45,4908.15,4901,4902.5,404,
2024-08-22 09:43:00+05:30,4901.1,4906,4900.95,4901.7,1188,
2024-08-22 09:44:00+05:30,4903,4903.55,4900,4900.55,484,
2024-08-22 09:45:00+05:30,4900.55,4905.95,4900.05,4902.25,4352,
2024-08-22 09:46:00+05:30,4902.25,4905,4900.65,4902.5,469,
2024-08-22 09:47:00+05:30,4904.15,4907,4900.05,4900.05,1545,
2024-08-22 09:48:00+05:30,4900.05,4903,4900.05,4900.05,2645,
2024-08-22 09:49:00+05:30,4900.05,4904,4900.05,4900.05,6030,
2024-08-22 09:50:00+05:30,4901.55,4901.95,4900.05,4900.65,2508,
2024-08-22 09:51:00+05:30,4900.65,4900.7,4889.45,4900,15377,
2024-08-22 09:52:00+05:30,4900,4904,4900,4900,3717,
2024-08-22 09:53:00+05:30,4900,4904.8,4900,4904,624,
2024-08-22 09:54:00+05:30,4904,4904.95,4900,4900.1,1279,
2024-08-22 09:55:00+05:30,4900.1,4903.65,4900,4901,541,
2024-08-22 09:56:00+05:30,4901,4902.7,4898,4900.1,1016,
2024-08-22 09:57:00+05:30,4901.6,4901.6,4887.55,4890.1,2011,
2024-08-22 09:58:00+05:30,4890.1,4894,4890,4891.95,1152,
2024-08-22 09:59:00+05:30,4891.95,4893.3,4890.05,4893,808,
2024-08-22 10:00:00+05:30,4891.55,4895,4891.2,4894.95,534,
2024-08-22 10:01:00+05:30,4892.85,4894.55,4891.7,4893.75,88,
2024-08-22 10:02:00+05:30,4893.75,4894.15,4885,4885,1388,
2024-08-22 10:03:00+05:30,4884.05,4884.3,4879.95,4884,2706,
2024-08-22 10:04:00+05:30,4884,4884.25,4880.05,4880.2,721,
2024-08-22 10:05:00+05:30,4880.2,4887.35,4875,4887.35,3145,
2024-08-22 10:06:00+05:30,4887.35,4888.25,4880.05,4881,599,
2024-08-22 10:07:00+05:30,4881,4885.95,4880,4885.95,946,
2024-08-22 10:08:00+05:30,4882.6,4885.65,4881.3,4881.3,174,
2024-08-22 10:09:00+05:30,4881.3,4883.55,4880,4880,1069,
2024-08-22 10:10:00+05:30,4880,4881,4875,4877.2,1094,
2024-08-22 10:11:00+05:30,4877.2,4886,4875.6,4884,1809,
2024-08-22 10:12:00+05:30,4884,4886.45,4884,4885.85,539,
2024-08-22 10:13:00+05:30,4885.85,4891.9,4885.8,4887.35,985,
2024-08-22 10:14:00+05:30,4887.35,4888.2,4882.5,4882.5,1227,
2024-08-22 10:15:00+05:30,4882.5,4884.1,4881,4881.15,622,
2024-08-22 10:16:00+05:30,4881.15,4882.75,4878.55,4878.55,303,
2024-08-22 10:17:00+05:30,4878.2,4882.4,4878.2,4880.05,156,
2024-08-22 10:18:00+05:30,4880.05,4881.9,4878,4880.95,348,
2024-08-22 10:19:00+05:30,4880.95,4881.5,4877,4880,182,
2024-08-22 10:20:00+05:30,4880,4882.8,4879.45,4880.05,1032,
2024-08-22 10:21:00+05:30,4880.05,4884.35,4880.05,4880.55,159,
2024-08-22 10:22:00+05:30,4880.55,4883.7,4880.55,4883.2,227,
2024-08-22 10:23:00+05:30,4883.2,4886.4,4881.5,4882.8,206,
2024-08-22 10:24:00+05:30,4882.8,4882.8,4877,4878.95,512,
2024-08-22 10:25:00+05:30,4878.95,4882.7,4878.95,4882,78,
2024-08-22 10:26:00+05:30,4882,4884,4881.9,4884,64,
2024-08-22 10:27:00+05:30,4884,4888,4883.85,4888,736,
2024-08-22 10:28:00+05:30,4888,4888.5,4882.55,4882.55,408,
2024-08-22 10:29:00+05:30,4883.25,4889.55,4883.25,4889,201,
2024-08-22 10:30:00+05:30,4889,4892,4888.85,4888.85,617,
2024-08-22 10:31:00+05:30,4888.85,4892.5,4888.85,4891.1,75,
2024-08-22 10:32:00+05:30,4891.1,4893.95,4890,4890,436,
2024-08-22 10:33:00+05:30,4890,4894,4890,4891.5,302,
2024-08-22 10:34:00+05:30,4891.5,4893.6,4890.05,4890.5,388,
2024-08-22 10:35:00+05:30,4890.5,4891.6,4884.55,4884.75,287,
2024-08-22 10:36:00+05:30,4884.55,4884.55,4881.6,4882.45,547,
2024-08-22 10:37:00+05:30,4882.45,4886.2,4878.2,4880.5,1475,
2024-08-22 10:38:00+05:30,4878.75,4884.45,4878.5,4881.05,1819,
2024-08-22 10:39:00+05:30,4881.1,4882.9,4878.1,4880.05,961,
2024-08-22 10:40:00+05:30,4882.35,4885.8,4880,4882.7,391,
2024-08-22 10:41:00+05:30,4882.7,4884.35,4881.4,4884.3,1109,
2024-08-22 10:42:00+05:30,4884.3,4888.5,4884,4885.55,320,
2024-08-22 10:43:00+05:30,4885.55,4886.35,4881.95,4881.95,118,
2024-08-22 10:44:00+05:30,4881.95,4886,4881.55,4884.95,47,
2024-08-22 10:45:00+05:30,4884.1,4886,4882.7,4884,256,
2024-08-22 10:46:00+05:30,4885.45,4887.75,4883.4,4886.9,535,
2024-08-22 10:47:00+05:30,4884.3,4890,4884.3,4886,315,
2024-08-22 10:48:00+05:30,4886,4890.3,4884,4884.05,348,
2024-08-22 10:49:00+05:30,4884,4886.1,4882.65,4883.35,400,
2024-08-22 10:50:00+05:30,4883.35,4886.4,4880,4880,497,
2024-08-22 10:51:00+05:30,4880,4884,4878.05,4880,1011,
2024-08-22 10:52:00+05:30,4880,4882.35,4880,4881.9,652,
2024-08-22 10:53:00+05:30,4881.9,4882.8,4880,4880,570,
2024-08-22 10:54:00+05:30,4880,4881.45,4880,4880.9,233,
2024-08-22 10:55:00+05:30,4880.9,4883.9,4880,4883.9,386,
2024-08-22 10:56:00+05:30,4883.9,4883.9,4880.5,4880.5,103,
2024-08-22 10:57:00+05:30,4882.6,4882.6,4880,4880,402,
2024-08-22 10:58:00+05:30,4880,4880.9,4877,4880,1052,
2024-08-22 10:59:00+05:30,4880.9,4882.1,4880,4882.05,265,
2024-08-22 11:00:00+05:30,4882.05,4883.9,4881.45,4882.1,326,
2024-08-22 11:01:00+05:30,4882.1,4882.1,4880,4880,553,
2024-08-22 11:02:00+05:30,4880,4881.1,4875.05,4877.35,3243,
2024-08-22 11:03:00+05:30,4875.05,4879.75,4871.1,4877.5,2694,
2024-08-22 11:04:00+05:30,4877.5,4881.55,4875,4875.55,2683,
2024-08-22 11:05:00+05:30,4875.5,4877.5,4870,4870.2,2054,
2024-08-22 11:06:00+05:30,4870.2,4872.5,4870,4871,1680,
2024-08-22 11:07:00+05:30,4871.55,4878.25,4871,4877.85,843,
2024-08-22 11:08:00+05:30,4877.85,4882.7,4877.05,4882,499,
2024-08-22 11:09:00+05:30,4882,4885.45,4880.5,4881,414,
2024-08-22 11:10:00+05:30,4881,4884.9,4880.25,4883,1175,
2024-08-22 11:11:00+05:30,4883,4884,4880.05,4883.5,290,
2024-08-22 11:12:00+05:30,4883.5,4884,4883,4883.9,162,
2024-08-22 11:13:00+05:30,4883.9,4885,4880,4880,538,
2024-08-22 11:14:00+05:30,4880,4882.25,4880,4880.7,817,
2024-08-22 11:15:00+05:30,4880.7,4883.05,4880.7,4880.7,195,
2024-08-22 11:16:00+05:30,4880.7,4883.9,4880.65,4881.4,396,
2024-08-22 11:17:00+05:30,4883,4885,4880.85,4883,936,
2024-08-22 11:18:00+05:30,4885,4885,4883,4883.55,575,
2024-08-22 11:19:00+05:30,4883.8,4887.05,4883.2,4885.25,706,
2024-08-22 11:20:00+05:30,4885.25,4897.4,4884.7,4894.4,2043,
2024-08-22 11:21:00+05:30,4894,4898.8,4890.45,4896.45,820,
2024-08-22 11:22:00+05:30,4896.45,4899,4893.55,4898.2,594,
2024-08-22 11:23:00+05:30,4898.2,4900,4896.05,4898.95,694,
2024-08-22 11:24:00+05:30,4898.95,4903.95,4898,4902.5,4301,
2024-08-22 11:25:00+05:30,4902.5,4903.65,4897.9,4901.4,618,
2024-08-22 11:26:00+05:30,4901.4,4905,4899.8,4900.6,1215,
2024-08-22 11:27:00+05:30,4900.6,4902.15,4898.75,4899.75,1077,
2024-08-22 11:28:00+05:30,4901.75,4901.9,4896.55,4901,822,
2024-08-22 11:29:00+05:30,4901,4904.85,4899.1,4900,468,
2024-08-22 11:30:00+05:30,4901,4901,4899.5,4900,1018,
2024-08-22 11:31:00+05:30,4900,4900.3,4897.55,4900,477,
2024-08-22 11:32:00+05:30,4900,4900.25,4898.05,4898.65,257,
2024-08-22 11:33:00+05:30,4898.65,4900.15,4898.65,4900.15,282,
2024-08-22 11:34:00+05:30,4900.15,4900.15,4881.95,4884.45,2835,
2024-08-22 11:35:00+05:30,4884.6,4888.1,4882.6,4885.1,931,
2024-08-22 11:36:00+05:30,4885.1,4893.2,4885.1,4891,402,
2024-08-22 11:37:00+05:30,4891,4897.1,4889.2,4896.85,295,
2024-08-22 11:38:00+05:30,4896.85,4896.85,4887.7,4891.15,301,
2024-08-22 11:39:00+05:30,4891.15,4892.05,4888.05,4888.9,170,
2024-08-22 11:40:00+05:30,4888.9,4891.9,4888.9,4890.05,476,
2024-08-22 11:41:00+05:30,4890.05,4896.4,4890,4896.4,260,
2024-08-22 11:42:00+05:30,4895.95,4899,4893.65,4899,213,
2024-08-22 11:43:00+05:30,4899,4899,4897.65,4899,267,
2024-08-22 11:44:00+05:30,4899,4900,4896.55,4897.65,301,
2024-08-22 11:45:00+05:30,4897.65,4899.15,4895.9,4898,350,
2024-08-22 11:46:00+05:30,4898,4898.8,4895.6,4898,333,
2024-08-22 11:47:00+05:30,4898,4898.8,4895.55,4898,363,
2024-08-22 11:48:00+05:30,4898,4898,4895.05,4896.55,100,
2024-08-22 11:49:00+05:30,4896.55,4897,4894.2,4896.5,484,
2024-08-22 11:50:00+05:30,4896.5,4898.45,4895,4897.75,649,
2024-08-22 11:51:00+05:30,4897.75,4898.35,4895,4896.2,96,
2024-08-22 11:52:00+05:30,4896.2,4897.8,4895,4895.95,243,
2024-08-22 11:53:00+05:30,4895,4898,4895,4897.95,216,
2024-08-22 11:54:00+05:30,4897.95,4897.95,4895,4896,126,
2024-08-22 11:55:00+05:30,4896,4897.85,4895,4896.05,151,
2024-08-22 11:56:00+05:30,4897.1,4897.1,4896.8,4896.8,180,
2024-08-22 11:57:00+05:30,4896.8,4897.95,4894.5,4897,192,
2024-08-22 11:58:00+05:30,4897,4897,4895,4897,300,
2024-08-22 11:59:00+05:30,4897,4897.7,4895.1,4897.5,318,
2024-08-22 12:00:00+05:30,4897.5,4897.5,4895,4895.85,164,
2024-08-22 12:01:00+05:30,4895.85,4898.9,4895.85,4897.95,92,
2024-08-22 12:02:00+05:30,4897.95,4898,4896.65,4898,134,
2024-08-22 12:03:00+05:30,4898,4898,4895.15,4897.05,154,
2024-08-22 12:04:00+05:30,4897.05,4898,4895.7,4898,531,
2024-08-22 12:05:00+05:30,4898,4898,4896.6,4897,79,
2024-08-22 12:06:00+05:30,4897,4897,4881.4,4888.4,1513,
2024-08-22 12:07:00+05:30,4888.4,4891.45,4883.85,4891.45,1055,
2024-08-22 12:08:00+05:30,4891.45,4896.9,4891,4895.1,1020,
2024-08-22 12:09:00+05:30,4895.1,4895.1,4891,4891,220,
2024-08-22 12:10:00+05:30,4891,4895.35,4890.55,4890.95,724,
2024-08-22 12:11:00+05:30,4890.95,4893.4,4888.5,4893.4,921,
2024-08-22 12:12:00+05:30,4893.8,4895.95,4892.1,4894.95,129,
2024-08-22 12:13:00+05:30,4894.95,4895.45,4892.45,4894.95,239,
2024-08-22 12:14:00+05:30,4894.95,4898.8,4894.65,4898.05,554,
2024-08-22 12:15:00+05:30,4898.05,4899.1,4897.35,4899.1,242,
2024-08-22 12:16:00+05:30,4899.4,4899.85,4897.4,4898.75,325,
2024-08-22 12:17:00+05:30,4898.15,4899,4894.6,4898.9,317,
2024-08-22 12:18:00+05:30,4898.9,4900,4896.4,4898.35,389,
2024-08-22 12:19:00+05:30,4898.35,4899.05,4896.2,4898.65,425,
2024-08-22 12:20:00+05:30,4898.65,4898.65,4892.6,4894.9,384,
2024-08-22 12:21:00+05:30,4894.9,4897.85,4894.9,4896.75,224,
2024-08-22 12:22:00+05:30,4896.75,4899,4894.7,4899,13378,
2024-08-22 12:23:00+05:30,4899,4900,4897.05,4900,348,
2024-08-22 12:24:00+05:30,4900,4900,4897.15,4898.55,319,
2024-08-22 12:25:00+05:30,4898.55,4898.55,4895.1,4897.85,233,
2024-08-22 12:26:00+05:30,4897.85,4900,4897.75,4899.75,307,
2024-08-22 12:27:00+05:30,4899.75,4899.9,4897.5,4899.75,258,
2024-08-22 12:28:00+05:30,4899.7,4899.7,4895.85,4899,222,
2024-08-22 12:29:00+05:30,4899,4900,4898.1,4899.1,314,
2024-08-22 12:30:00+05:30,4899.1,4899.1,4896.15,4898.05,213,
2024-08-22 12:31:00+05:30,4898.05,4899,4895.5,4895.5,374,
2024-08-22 12:32:00+05:30,4895.5,4897.1,4893.35,4896.4,362,
2024-08-22 12:33:00+05:30,4896.4,4899.75,4895.5,4899.75,217,
2024-08-22 12:34:00+05:30,4899.75,4899.95,4896.85,4899.95,278,
2024-08-22 12:35:00+05:30,4899.3,4900,4898.65,4900,173,
2024-08-22 12:36:00+05:30,4900,4900,4897.7,4899.95,583,
2024-08-22 12:37:00+05:30,4899.95,4900,4895.5,4898.6,3624,
2024-08-22 12:38:00+05:30,4898.6,4898.6,4894.7,4897.15,1438,
2024-08-22 12:39:00+05:30,4897.15,4899.55,4896.5,4899.55,238,
2024-08-22 12:40:00+05:30,4898.4,4899.55,4896.15,4896.15,326,
2024-08-22 12:41:00+05:30,4896.15,4898.55,4895.1,4898.5,207,
2024-08-22 12:42:00+05:30,4898.5,4900,4894.65,4899.1,678,
2024-08-22 12:43:00+05:30,4899.1,4900,4896.4,4900,527,
2024-08-22 12:44:00+05:30,4900,4900,4898.2,4900,238,
2024-08-22 12:45:00+05:30,4900,4900,4897.85,4899.5,219,
2024-08-22 12:46:00+05:30,4899.5,4900,4897.9,4900,269,
2024-08-22 12:47:00+05:30,4900,4900,4898.15,4899.25,214,
2024-08-22 12:48:00+05:30,4899.25,4900,4897.55,4899.25,256,
2024-08-22 12:49:00+05:30,4899.25,4900,4897.15,4897.15,256,
2024-08-22 12:50:00+05:30,4897.15,4901,4897.05,4901,754,
2024-08-22 12:51:00+05:30,4901,4903,4900,4901.2,662,
2024-08-22 12:52:00+05:30,4902.25,4902.25,4899.45,4901,563,
2024-08-22 12:53:00+05:30,4901,4901,4899.05,4901,241,
2024-08-22 12:54:00+05:30,4901,4902,4899.2,4902,257,
2024-08-22 12:55:00+05:30,4902,4902,4899.8,4902,235,
2024-08-22 12:56:00+05:30,4901.6,4902,4900,4900,2827,
2024-08-22 12:57:00+05:30,4900,4901,4900,4901,302,
2024-08-22 12:58:00+05:30,4900,4901,4900,4900.4,217,
2024-08-22 12:59:00+05:30,4900.35,4901,4900,4900,225,
2024-08-22 13:00:00+05:30,4900,4901,4900,4900.65,1239,
2024-08-22 13:01:00+05:30,4900.65,4901,4900.3,4901,203,
2024-08-22 13:02:00+05:30,4901,4901,4895.95,4898.6,2587,
2024-08-22 13:03:00+05:30,4898.6,4900.35,4897.05,4897.05,701,
2024-08-22 13:04:00+05:30,4897.05,4899.95,4896.05,4899,367,
2024-08-22 13:05:00+05:30,4899,4899,4897.25,4898.35,197,
2024-08-22 13:06:00+05:30,4898.35,4899,4897.55,4899,207,
2024-08-22 13:07:00+05:30,4899,4899.65,4897.6,4899.2,218,
2024-08-22 13:08:00+05:30,4899.2,4900,4896.35,4896.35,285,
2024-08-22 13:09:00+05:30,4896.35,4900.7,4896.35,4900.45,348,
2024-08-22 13:10:00+05:30,4898.9,4898.9,4895.45,4897.1,351,
2024-08-22 13:11:00+05:30,4897.1,4898.9,4895,4895,263,
2024-08-22 13:12:00+05:30,4897.3,4898.95,4895.55,4898.85,584,
2024-08-22 13:13:00+05:30,4898.85,4900.45,4898,4900.05,184,
2024-08-22 13:14:00+05:30,4900.05,4900.9,4898.65,4900.5,229,
2024-08-22 13:15:00+05:30,4900.5,4901,4898.1,4898.1,248,
2024-08-22 13:16:00+05:30,4898.1,4901,4898.1,4900.15,211,
2024-08-22 13:17:00+05:30,4900.15,4901,4898.75,4901,221,
2024-08-22 13:18:00+05:30,4900.2,4901,4896.85,4901,421,
2024-08-22 13:19:00+05:30,4901,4902,4899.45,4901.2,169,
2024-08-22 13:20:00+05:30,4901.2,4901.25,4898.9,4901.25,390,
2024-08-22 13:21:00+05:30,4901.25,4902,4900.65,4900.75,204,
2024-08-22 13:22:00+05:30,4900.75,4902,4900,4901.15,465,
2024-08-22 13:23:00+05:30,4899.85,4902,4899.05,4902,366,
2024-08-22 13:24:00+05:30,4902,4902,4899.2,4901.45,387,
2024-08-22 13:25:00+05:30,4901.45,4902.8,4899.6,4902.8,506,
2024-08-22 13:26:00+05:30,4902.8,4904,4901.85,4904,1372,
2024-08-22 13:27:00+05:30,4904,4904,4901.6,4903,252,
2024-08-22 13:28:00+05:30,4902.05,4903.9,4901.05,4901.05,344,
2024-08-22 13:29:00+05:30,4901.05,4904,4901.05,4901.25,294,
2024-08-22 13:30:00+05:30,4901.25,4904,4901.25,4904,363,
2024-08-22 13:31:00+05:30,4904,4904,4902.25,4904,300,
2024-08-22 13:32:00+05:30,4903.95,4904,4902.65,4904,263,
2024-08-22 13:33:00+05:30,4904,4904,4902.5,4904,522,
2024-08-22 13:34:00+05:30,4904,4904,4902.2,4904,321,
2024-08-22 13:35:00+05:30,4904,4905.6,4903.5,4903.55,1826,
2024-08-22 13:36:00+05:30,4904.4,4905,4902.35,4903.3,728,
2024-08-22 13:37:00+05:30,4903.3,4904,4901.85,4904,440,
2024-08-22 13:38:00+05:30,4904,4904,4902.6,4904,218,
2024-08-22 13:39:00+05:30,4904,4904,4902.2,4902.95,332,
2024-08-22 13:40:00+05:30,4902.95,4904,4902.85,4904,248,
2024-08-22 13:41:00+05:30,4904,4904,4903.6,4904,250,
2024-08-22 13:42:00+05:30,4904,4904,4902.1,4904,283,
2024-08-22 13:43:00+05:30,4904,4904.8,4903.35,4904.45,286,
2024-08-22 13:44:00+05:30,4904.45,4905,4903.5,4905,333,
2024-08-22 13:45:00+05:30,4905,4905,4903.05,4903.15,434,
2024-08-22 13:46:00+05:30,4903.15,4905,4903.15,4904.85,668,
2024-08-22 13:47:00+05:30,4904.85,4916.65,4904.8,4913.65,58663,
2024-08-22 13:48:00+05:30,4916.95,4927.85,4916.95,4922.2,5096,
2024-08-22 13:49:00+05:30,4922.2,4924.75,4920,4924.75,1677,
2024-08-22 13:50:00+05:30,4921.05,4926.5,4921,4923.7,1171,
2024-08-22 13:51:00+05:30,4923.7,4923.85,4919.7,4921.45,1884,
2024-08-22 13:52:00+05:30,4921.45,4926.3,4921.45,4924,1200,
2024-08-22 13:53:00+05:30,4924.1,4929.95,4923.05,4923.3,4086,
2024-08-22 13:54:00+05:30,4922,4925.6,4921,4922.35,1218,
2024-08-22 13:55:00+05:30,4922.35,4925.6,4920.65,4923.1,1334,
2024-08-22 13:56:00+05:30,4923.1,4923.7,4920.1,4920.55,674,
2024-08-22 13:57:00+05:30,4920.55,4922,4916.1,4918.05,2267,
2024-08-22 13:58:00+05:30,4918,4918.5,4913.6,4916.5,2659,
2024-08-22 13:59:00+05:30,4916.5,4920,4915.25,4920,1652,
2024-08-22 14:00:00+05:30,4920,4922.95,4918.3,4920,554,
2024-08-22 14:01:00+05:30,4920,4921,4920,4920,405,
2024-08-22 14:02:00+05:30,4920,4922.15,4920,4922.15,1943,
2024-08-22 14:03:00+05:30,4920,4920,4915.55,4916.45,2667,
2024-08-22 14:04:00+05:30,4916.45,4918.1,4915,4916,282,
2024-08-22 14:05:00+05:30,4916.55,4918.2,4916,4916,1007,
2024-08-22 14:06:00+05:30,4916,4918.1,4916,4917.65,431,
2024-08-22 14:07:00+05:30,4916,4917.7,4911.4,4913.75,1938,
2024-08-22 14:08:00+05:30,4912.9,4915.2,4910.45,4914.35,1127,
2024-08-22 14:09:00+05:30,4914.35,4916.95,4912.35,4916.1,272,
2024-08-22 14:10:00+05:30,4914.25,4916.9,4914.1,4914.1,226,
2024-08-22 14:11:00+05:30,4914.1,4917.8,4914.1,4916.45,133,
2024-08-22 14:12:00+05:30,4917.55,4917.7,4914.1,4914.7,369,
2024-08-22 14:13:00+05:30,4914.7,4915.15,4913,4913.2,166,
2024-08-22 14:14:00+05:30,4914.1,4914.65,4913.15,4914.15,177,
2024-08-22 14:15:00+05:30,4914.15,4917.2,4914.15,4915.9,2271,
2024-08-22 14:16:00+05:30,4915.9,4918,4911.05,4912.3,1179,
2024-08-22 14:17:00+05:30,4912.25,4913,4906.85,4908.15,1437,
2024-08-22 14:18:00+05:30,4908.1,4910,4908.05,4908.25,190,
2024-08-22 14:19:00+05:30,4908.25,4909.85,4906.1,4907.65,245,
2024-08-22 14:20:00+05:30,4907.9,4909.25,4904.1,4904.1,590,
2024-08-22 14:21:00+05:30,4905,4909.7,4904.6,4907.05,1014,
2024-08-22 14:22:00+05:30,4907.05,4909,4905.05,4906,946,
2024-08-22 14:23:00+05:30,4906,4909.7,4906,4907.9,100,
2024-08-22 14:24:00+05:30,4907.9,4909.25,4906,4907,211,
2024-08-22 14:25:00+05:30,4907,4908.4,4904.7,4907.75,1400,
2024-08-22 14:26:00+05:30,4907.75,4907.8,4906.2,4906.95,249,
2024-08-22 14:27:00+05:30,4907.65,4907.65,4905,4906.35,762,
2024-08-22 14:28:00+05:30,4906.35,4906.35,4905.1,4906.35,154,
2024-08-22 14:29:00+05:30,4907,4910.3,4906.45,4910.3,214,
2024-08-22 14:30:00+05:30,4910.45,4910.95,4907.55,4909.7,179,
2024-08-22 14:31:00+05:30,4909.7,4913.25,4909.15,4912.65,640,
2024-08-22 14:32:00+05:30,4912.65,4914.8,4909.6,4912.55,452,
2024-08-22 14:33:00+05:30,4912.55,4915.7,4911,4911.25,385,
2024-08-22 14:34:00+05:30,4911.25,4912.05,4908.35,4911.05,361,
2024-08-22 14:35:00+05:30,4910.5,4914.25,4909.85,4912.9,280,
2024-08-22 14:36:00+05:30,4912.9,4915,4912.3,4913.65,243,
2024-08-22 14:37:00+05:30,4913.65,4915,4912.5,4913.3,236,
2024-08-22 14:38:00+05:30,4914.1,4914.9,4911.15,4913.55,295,
2024-08-22 14:39:00+05:30,4913.55,4914.45,4907,4908.1,997,
2024-08-22 14:40:00+05:30,4909.75,4912.9,4905,4912.5,715,
2024-08-22 14:41:00+05:30,4912.5,4913.85,4908,4910.65,964,
2024-08-22 14:42:00+05:30,4909.95,4912.55,4908,4910.85,735,
2024-08-22 14:43:00+05:30,4911.8,4912,4907.75,4909.2,545,
2024-08-22 14:44:00+05:30,4910.15,4912,4909,4909.4,899,
2024-08-22 14:45:00+05:30,4909.4,4913.4,4909.15,4911.45,920,
2024-08-22 14:46:00+05:30,4911.45,4915.65,4911.45,4915.05,798,
2024-08-22 14:47:00+05:30,4914,4916.1,4911.65,4916.1,742,
2024-08-22 14:48:00+05:30,4916.1,4916.6,4912.7,4915.7,1851,
2024-08-22 14:49:00+05:30,4915.7,4917.8,4913.4,4916.8,1210,
2024-08-22 14:50:00+05:30,4916.8,4917.25,4913.05,4915.3,898,
2024-08-22 14:51:00+05:30,4915.3,4915.65,4911.15,4913.35,1621,
2024-08-22 14:52:00+05:30,4913.35,4914.6,4911.45,4912.25,655,
2024-08-22 14:53:00+05:30,4912.3,4912.3,4908,4910.85,1934,
2024-08-22 14:54:00+05:30,4910.85,4910.85,4908.2,4908.95,930,
2024-08-22 14:55:00+05:30,4908.95,4909.85,4907,4908.35,634,
2024-08-22 14:56:00+05:30,4908.35,4911.8,4907.85,4911.8,898,
2024-08-22 14:57:00+05:30,4911.8,4911.8,4907.65,4910.65,1307,
2024-08-22 14:58:00+05:30,4910.1,4911.65,4907.3,4909.8,878,
2024-08-22 14:59:00+05:30,4909.8,4911.15,4907.75,4908.9,1335,
2024-08-22 15:00:00+05:30,4908.5,4913.25,4908.5,4912,3862,
2024-08-22 15:01:00+05:30,4912,4912.5,4905.8,4909.1,15207,
2024-08-22 15:02:00+05:30,4909.1,4910.5,4907.3,4908.45,2989,
2024-08-22 15:03:00+05:30,4908.45,4908.6,4905.25,4905.25,2222,
2024-08-22 15:04:00+05:30,4906.7,4906.75,4905.45,4906.5,1480,
2024-08-22 15:05:00+05:30,4905.8,4906.75,4905.8,4906.6,1468,
2024-08-22 15:06:00+05:30,4906.75,4910,4906.55,4909.4,2606,
2024-08-22 15:07:00+05:30,4910,4910,4905.5,4907.15,1927,
2024-08-22 15:08:00+05:30,4907.15,4908.65,4907.1,4908.65,1412,
2024-08-22 15:09:00+05:30,4908.65,4912,4908.1,4911.25,2035,
2024-08-22 15:10:00+05:30,4911,4915,4908.3,4915,2136,
2024-08-22 15:11:00+05:30,4915,4915,4912.5,4913.15,3036,
2024-08-22 15:12:00+05:30,4913.15,4913.3,4911,4912.4,2650,
2024-08-22 15:13:00+05:30,4912.65,4912.65,4912,4912.65,1632,
2024-08-22 15:14:00+05:30,4912.65,4914.45,4912.6,4914.35,1448,
2024-08-22 15:15:00+05:30,4914.4,4914.45,4913.3,4914.4,2323,
2024-08-22 15:16:00+05:30,4914.05,4916,4913.8,4915,6326,
2024-08-22 15:17:00+05:30,4915.05,4919,4915,4918.55,2258,
2024-08-22 15:18:00+05:30,4918.3,4919,4915.15,4915.9,5210,
2024-08-22 15:19:00+05:30,4915.9,4917.95,4914.05,4916.85,4409,
2024-08-22 15:20:00+05:30,4918.35,4918.45,4911.6,4911.65,5982,
2024-08-22 15:21:00+05:30,4911.65,4914,4911.25,4913,1740,
2024-08-22 15:22:00+05:30,4912.95,4915.85,4912.4,4912.8,2894,
2024-08-22 15:23:00+05:30,4910.55,4913.35,4905.7,4907.55,2142,
2024-08-22 15:24:00+05:30,4907.7,4910.7,4906.15,4908.7,2144,
2024-08-22 15:25:00+05:30,4908.75,4911,4906.15,4907.75,2636,
2024-08-22 15:26:00+05:30,4908.75,4910,4902.05,4906.7,1900,
2024-08-22 15:27:00+05:30,4906.7,4909.75,4900,4906.1,3004,
2024-08-22 15:28:00+05:30,4906.1,4909,4906.05,4908,1597,
2024-08-22 15:29:00+05:30,4908,4908,4894.9,4906.5,421,
2024-08-23 09:15:00+05:30,4927,4950,4910,4914.6,8026,
2024-08-23 09:16:00+05:30,4913.15,4922,4910.05,4922,3003,
2024-08-23 09:17:00+05:30,4922.2,4926.95,4920,4923.3,4109,
2024-08-23 09:18:00+05:30,4923.3,4925.05,4916.4,4916.8,726,
2024-08-23 09:19:00+05:30,4917.45,4921.95,4915.6,4918.25,2585,
2024-08-23 09:20:00+05:30,4920.7,4929.3,4918.9,4928.45,2517,
2024-08-23 09:21:00+05:30,4928.3,4934.65,4920,4923.65,2744,
2024-08-23 09:22:00+05:30,4923.65,4924.45,4920.8,4923.6,1020,
2024-08-23 09:23:00+05:30,4923.6,4929,4921.95,4928.7,2377,
2024-08-23 09:24:00+05:30,4928.7,4929.85,4921.6,4921.6,1526,
2024-08-23 09:25:00+05:30,4922.8,4926.7,4920,4926.7,1712,
2024-08-23 09:26:00+05:30,4928.95,4928.95,4920.05,4923.95,2174,
2024-08-23 09:27:00+05:30,4922.55,4924,4921,4922.75,738,
2024-08-23 09:28:00+05:30,4922.75,4924.15,4916,4918.9,1757,
2024-08-23 09:29:00+05:30,4918.9,4918.9,4914,4915.95,670,
2024-08-23 09:30:00+05:30,4916.75,4917.15,4912.05,4913,3216,
2024-08-23 09:31:00+05:30,4913,4914.5,4913,4913,1419,
2024-08-23 09:32:00+05:30,4913,4917.15,4905.05,4905.05,1084,
2024-08-23 09:33:00+05:30,4907.8,4913.7,4905.05,4912,5631,
2024-08-23 09:34:00+05:30,4912,4913.5,4910,4911.45,463,
2024-08-23 09:35:00+05:30,4912.65,4912.65,4905,4907.7,614,
2024-08-23 09:36:00+05:30,4907.1,4909,4893.6,4896.7,2337,
2024-08-23 09:37:00+05:30,4894.8,4897.55,4894.8,4895,957,
2024-08-23 09:38:00+05:30,4895,4899.2,4895,4899.2,421,
2024-08-23 09:39:00+05:30,4899.2,4903.6,4898,4899.2,1937,
2024-08-23 09:40:00+05:30,4899.2,4900.65,4896,4896,274,
2024-08-23 09:41:00+05:30,4896,4901.9,4895.7,4900.75,688,
2024-08-23 09:42:00+05:30,4900.75,4903.05,4900,4903.05,734,
2024-08-23 09:43:00+05:30,4900.8,4904.1,4900,4900,325,
2024-08-23 09:44:00+05:30,4900,4901.9,4897,4898.05,1022,
2024-08-23 09:45:00+05:30,4898.05,4902.4,4897,4897,65,
2024-08-23 09:46:00+05:30,4897,4897.75,4892.65,4892.8,474,
2024-08-23 09:47:00+05:30,4894.9,4895.05,4890,4892.75,1527,
2024-08-23 09:48:00+05:30,4892.75,4897.55,4890,4897.55,264,
2024-08-23 09:49:00+05:30,4897.55,4897.85,4894.35,4895.85,187,
2024-08-23 09:50:00+05:30,4895.85,4895.85,4892.65,4893.4,180,
2024-08-23 09:51:00+05:30,4895.05,4895.95,4890.15,4890.65,213,
2024-08-23 09:52:00+05:30,4893.6,4894.4,4890.2,4892.8,300,
2024-08-23 09:53:00+05:30,4892.8,4895.95,4891.35,4893.8,453,
2024-08-23 09:54:00+05:30,4893.8,4893.8,4889.8,4889.8,98,
2024-08-23 09:55:00+05:30,4889.8,4889.8,4880.55,4886.95,1621,
2024-08-23 09:56:00+05:30,4887.15,4889.6,4880,4884.45,2239,
2024-08-23 09:57:00+05:30,4885,4887,4880,4882.95,1688,
2024-08-23 09:58:00+05:30,4882.95,4884.95,4880,4880.4,438,
2024-08-23 09:59:00+05:30,4880.4,4884.3,4880,4883.2,413,
2024-08-23 10:00:00+05:30,4883.2,4884,4870,4872.65,2963,
2024-08-23 10:01:00+05:30,4872.65,4872.65,4862.55,4868.45,4437,
2024-08-23 10:02:00+05:30,4867.15,4874.9,4855.55,4860.7,6777,
2024-08-23 10:03:00+05:30,4860.05,4863.25,4856.7,4856.8,3083,
2024-08-23 10:04:00+05:30,4856.8,4858.8,4842.05,4852.95,6683,
2024-08-23 10:05:00+05:30,4853.8,4867.9,4852.9,4861.75,3542,
2024-08-23 10:06:00+05:30,4861.75,4876.05,4861.75,4870.2,2385,
2024-08-23 10:07:00+05:30,4870.2,4875.9,4870,4875.9,870,
2024-08-23 10:08:00+05:30,4875.9,4883.1,4873,4882.25,1913,
2024-08-23 10:09:00+05:30,4882.25,4884.9,4880,4882.5,1263,
2024-08-23 10:10:00+05:30,4882.5,4884.9,4881.8,4882.25,779,
2024-08-23 10:11:00+05:30,4882.25,4882.25,4878.8,4882.25,762,
2024-08-23 10:12:00+05:30,4882.25,4888.35,4882.25,4886,1631,
2024-08-23 10:13:00+05:30,4886,4888.1,4880.2,4880.45,837,
2024-08-23 10:14:00+05:30,4882.5,4883.75,4880,4882.15,671,
2024-08-23 10:15:00+05:30,4882.15,4887.35,4881.5,4885.15,1431,
2024-08-23 10:16:00+05:30,4885.15,4885.15,4879,4879.4,396,
2024-08-23 10:17:00+05:30,4879.4,4879.9,4876.55,4878.65,201,
2024-08-23 10:18:00+05:30,4878.65,4878.65,4874,4874,524,
2024-08-23 10:19:00+05:30,4874,4877.45,4872.05,4873,884,
2024-08-23 10:20:00+05:30,4873,4878.15,4873,4878.15,2105,
2024-08-23 10:21:00+05:30,4879.9,4886.15,4879.05,4883.9,862,
2024-08-23 10:22:00+05:30,4883.9,4883.9,4880,4880,180,
2024-08-23 10:23:00+05:30,4880,4881.6,4880,4881.4,237,
2024-08-23 10:24:00+05:30,4881.55,4881.6,4880,4880.15,48,
2024-08-23 10:25:00+05:30,4880.15,4883.4,4874.25,4874.35,2472,
2024-08-23 10:26:00+05:30,4874.35,4877,4871,4871.9,710,
2024-08-23 10:27:00+05:30,4871.9,4874,4871,4872.05,1974,
2024-08-23 10:28:00+05:30,4872.05,4873,4870.5,4872,1309,
2024-08-23 10:29:00+05:30,4872,4878.95,4872,4878.95,413,
2024-08-23 10:30:00+05:30,4877.65,4884.4,4877.65,4880.95,436,
2024-08-23 10:31:00+05:30,4880.95,4880.95,4880.85,4880.95,27,
2024-08-23 10:32:00+05:30,4880.95,4881,4879.3,4881,42,
2024-08-23 10:33:00+05:30,4881,4882.9,4880.45,4880.45,501,
2024-08-23 10:34:00+05:30,4880.45,4881.7,4879,4881.7,194,
2024-08-23 10:35:00+05:30,4881.7,4882,4881.7,4882,351,
2024-08-23 10:36:00+05:30,4882,4885,4882,4885,148,
2024-08-23 10:37:00+05:30,4885,4892,4883.1,4886.95,674,
2024-08-23 10:38:00+05:30,4888.7,4896.9,4888.65,4894.3,1094,
2024-08-23 10:39:00+05:30,4892.15,4892.45,4888.65,4891.05,710,
2024-08-23 10:40:00+05:30,4891.05,4891.05,4875,4881.65,2452,
2024-08-23 10:41:00+05:30,4881.75,4886,4881.65,4886,218,
2024-08-23 10:42:00+05:30,4887.05,4887.05,4874.9,4877.95,1033,
2024-08-23 10:43:00+05:30,4877.95,4879.35,4874,4876.05,298,
2024-08-23 10:44:00+05:30,4876.05,4878.5,4875.3,4875.65,38,
2024-08-23 10:45:00+05:30,4875.85,4875.85,4869.65,4871.05,577,
2024-08-23 10:46:00+05:30,4871.05,4874.1,4866,4868.95,1190,
2024-08-23 10:47:00+05:30,4868.95,4876.25,4867.4,4874.65,968,
2024-08-23 10:48:00+05:30,4874.65,4877.2,4872.8,4877.2,334,
2024-08-23 10:49:00+05:30,4877.2,4880,4871.3,4874.35,293,
2024-08-23 10:50:00+05:30,4874.35,4875.15,4871.6,4873.2,601,
2024-08-23 10:51:00+05:30,4873.2,4881,4873.2,4878.85,411,
2024-08-23 10:52:00+05:30,4878.85,4881.95,4878.85,4879.55,6,
2024-08-23 10:53:00+05:30,4879.55,4882.5,4879.55,4881.95,28,
2024-08-23 10:54:00+05:30,4881.95,4884.2,4881.95,4882.3,151,
2024-08-23 10:55:00+05:30,4882.3,4885,4880.7,4885,297,
2024-08-23 10:56:00+05:30,4885,4890,4884.75,4890,401,
2024-08-23 10:57:00+05:30,4890,4890.85,4887.1,4888.65,175,
2024-08-23 10:58:00+05:30,4888.65,4890.9,4887.6,4890.1,377,
2024-08-23 10:59:00+05:30,4890.1,4891,4888,4890,554,
2024-08-23 11:00:00+05:30,4890,4903.2,4890,4901.35,1876,
2024-08-23 11:01:00+05:30,4901.35,4905,4896.05,4898.55,1961,
2024-08-23 11:02:00+05:30,4899.75,4899.75,4892.5,4895.6,344,
2024-08-23 11:03:00+05:30,4895.6,4895.6,4881.95,4882.55,1549,
2024-08-23 11:04:00+05:30,4882.55,4887.95,4877.05,4883.2,3732,
2024-08-23 11:05:00+05:30,4883.2,4883.2,4863.45,4865.75,2505,
2024-08-23 11:06:00+05:30,4865.75,4868.1,4865,4865,561,
2024-08-23 11:07:00+05:30,4865,4869,4864,4866.3,322,
2024-08-23 11:08:00+05:30,4866.3,4870.45,4866,4866,314,
2024-08-23 11:09:00+05:30,4866,4871.4,4865,4867.65,678,
2024-08-23 11:10:00+05:30,4867.65,4870.25,4863.05,4866,1223,
2024-08-23 11:11:00+05:30,4866,4869.3,4863.25,4868.95,944,
2024-08-23 11:12:00+05:30,4868.95,4869.85,4864.9,4866,1036,
2024-08-23 11:13:00+05:30,4866,4867.95,4863.25,4864.95,387,
2024-08-23 11:14:00+05:30,4864.95,4869.95,4864.95,4866.75,395,
2024-08-23 11:15:00+05:30,4866.75,4867.95,4861.55,4867.95,2141,
2024-08-23 11:16:00+05:30,4867.95,4869.5,4861.15,4861.65,1042,
2024-08-23 11:17:00+05:30,4862.3,4866.95,4860,4863.3,604,
2024-08-23 11:18:00+05:30,4865.65,4868.15,4864,4866.15,793,
2024-08-23 11:19:00+05:30,4866.15,4868.45,4863.35,4863.35,351,
2024-08-23 11:20:00+05:30,4863.35,4867.3,4863.3,4867.2,178,
2024-08-23 11:21:00+05:30,4867.75,4870.65,4867.75,4870.65,817,
2024-08-23 11:22:00+05:30,4870.65,4871.95,4866,4867.15,751,
2024-08-23 11:23:00+05:30,4865.15,4871.35,4865.15,4870,273,
2024-08-23 11:24:00+05:30,4870,4871.5,4868.85,4870.85,383,
2024-08-23 11:25:00+05:30,4870.85,4871.3,4866,4868.9,406,
2024-08-23 11:26:00+05:30,4868.9,4872.25,4868.9,4868.95,413,
2024-08-23 11:27:00+05:30,4868.95,4870.95,4868.25,4870.7,2468,
2024-08-23 11:28:00+05:30,4870.7,4872.05,4869.15,4871.35,299,
2024-08-23 11:29:00+05:30,4870.35,4871.4,4868.8,4868.8,158,
2024-08-23 11:30:00+05:30,4868.8,4869.9,4865.65,4867,927,
2024-08-23 11:31:00+05:30,4867,4871.35,4865.8,4871.1,721,
2024-08-23 11:32:00+05:30,4866.3,4871.4,4866.3,4867.9,2064,
2024-08-23 11:33:00+05:30,4867.9,4870,4867.9,4870,1431,
2024-08-23 11:34:00+05:30,4870,4871.85,4867.9,4867.9,1177,
2024-08-23 11:35:00+05:30,4867.9,4871.25,4866.45,4866.8,2421,
2024-08-23 11:36:00+05:30,4866.8,4871.25,4862,4866.05,566,
2024-08-23 11:37:00+05:30,4866.05,4870.55,4864.05,4865.85,374,
2024-08-23 11:38:00+05:30,4865.85,4870.1,4865.35,4866.4,833,
2024-08-23 11:39:00+05:30,4865.75,4871,4865.75,4866.25,241,
2024-08-23 11:40:00+05:30,4866.25,4869.95,4865.15,4865.15,229,
2024-08-23 11:41:00+05:30,4865.15,4870.2,4865.15,4867.75,152,
2024-08-23 11:42:00+05:30,4867.75,4870,4865.7,4865.7,571,
2024-08-23 11:43:00+05:30,4865.7,4868.9,4865,4865.75,648,
2024-08-23 11:44:00+05:30,4865.75,4869.95,4865.15,4865.15,357,
2024-08-23 11:45:00+05:30,4865.15,4869.25,4865,4867.2,737,
2024-08-23 11:46:00+05:30,4867.2,4867.2,4863.05,4865.05,456,
2024-08-23 11:47:00+05:30,4864.5,4865.05,4863.1,4863.1,187,
2024-08-23 11:48:00+05:30,4863.6,4865.05,4854.1,4857,1521,
2024-08-23 11:49:00+05:30,4857,4857.95,4843,4845.4,5227,
2024-08-23 11:50:00+05:30,4845.4,4853.15,4845,4851.45,1433,
2024-08-23 11:51:00+05:30,4851,4854,4849.1,4852.2,1016,
2024-08-23 11:52:00+05:30,4852.2,4854,4851.5,4851.75,279,
2024-08-23 11:53:00+05:30,4851.75,4865.7,4851.75,4860,2105,
2024-08-23 11:54:00+05:30,4860,4863.25,4855.55,4856.9,1208,
2024-08-23 11:55:00+05:30,4856.9,4859,4854.05,4855,349,
2024-08-23 11:56:00+05:30,4855,4860,4855,4860,334,
2024-08-23 11:57:00+05:30,4860,4864.55,4859.8,4861.9,1445,
2024-08-23 11:58:00+05:30,4861.9,4863.75,4858.55,4859.8,474,
2024-08-23 11:59:00+05:30,4859.8,4865.95,4859.8,4865,671,
2024-08-23 12:00:00+05:30,4865,4866.45,4860.6,4860.9,419,
2024-08-23 12:01:00+05:30,4860.9,4863,4860.75,4860.9,151,
2024-08-23 12:02:00+05:30,4860.9,4863.45,4857.3,4863.45,2429,
2024-08-23 12:03:00+05:30,4861.05,4863.45,4856.45,4860,1869,
2024-08-23 12:04:00+05:30,4860,4866.45,4860,4863.6,4804,
2024-08-23 12:05:00+05:30,4863.6,4863.6,4859,4859,178,
2024-08-23 12:06:00+05:30,4859,4860.95,4852,4854.5,910,
2024-08-23 12:07:00+05:30,4854.5,4854.5,4852.3,4853.5,70,
2024-08-23 12:08:00+05:30,4853.5,4863.35,4852.3,4862.9,2707,
2024-08-23 12:09:00+05:30,4862.9,4862.9,4858.25,4858.85,240,
2024-08-23 12:10:00+05:30,4858.85,4858.85,4855.9,4857,145,
2024-08-23 12:11:00+05:30,4857,4862.3,4855.2,4861.1,235,
2024-08-23 12:12:00+05:30,4861.1,4861.1,4859.55,4860,31,
2024-08-23 12:13:00+05:30,4860,4861.05,4858.35,4860.8,192,
2024-08-23 12:14:00+05:30,4860.5,4862.35,4858.3,4860,664,
2024-08-23 12:15:00+05:30,4860,4862.35,4860,4860.25,176,
2024-08-23 12:16:00+05:30,4860.25,4862.35,4860.25,4862.35,56,
2024-08-23 12:17:00+05:30,4862.35,4865,4859.7,4861.95,798,
2024-08-23 12:18:00+05:30,4861.95,4862,4858.1,4862,751,
2024-08-23 12:19:00+05:30,4862.95,4865.05,4858.35,4858.35,892,
2024-08-23 12:20:00+05:30,4858.6,4861.55,4858.2,4861.55,911,
2024-08-23 12:21:00+05:30,4861.55,4861.55,4856,4858.05,534,
2024-08-23 12:22:00+05:30,4855.9,4861,4855.9,4860,2214,
2024-08-23 12:23:00+05:30,4860,4865.1,4860,4864.7,64,
2024-08-23 12:24:00+05:30,4864.7,4864.7,4864,4864,4,
2024-08-23 12:25:00+05:30,4864,4866.65,4862.35,4862.35,787,
2024-08-23 12:26:00+05:30,4862.35,4864.6,4860,4863.45,777,
2024-08-23 12:27:00+05:30,4863.55,4863.55,4854.8,4855.95,1666,
2024-08-23 12:28:00+05:30,4855.95,4858.35,4847,4853.2,1965,
2024-08-23 12:29:00+05:30,4853.2,4853.55,4850,4852.15,821,
2024-08-23 12:30:00+05:30,4852.15,4852.15,4846.95,4848.55,981,
2024-08-23 12:31:00+05:30,4848.55,4851.95,4846.55,4847.7,801,
2024-08-23 12:32:00+05:30,4848.6,4853.1,4848.6,4850.6,885,
2024-08-23 12:33:00+05:30,4850.6,4852,4848,4850,1760,
2024-08-23 12:34:00+05:30,4850,4852.3,4848,4852.2,336,
2024-08-23 12:35:00+05:30,4852.2,4854.45,4850.5,4853.4,955,
2024-08-23 12:36:00+05:30,4853.4,4853.45,4852.5,4853.4,7,
2024-08-23 12:37:00+05:30,4853.4,4858.95,4853.4,4858.3,723,
2024-08-23 12:38:00+05:30,4858.3,4859,4852.8,4852.8,666,
2024-08-23 12:39:00+05:30,4852.8,4854.25,4850,4852,947,
2024-08-23 12:40:00+05:30,4852,4855.3,4851.7,4854.5,229,
2024-08-23 12:41:00+05:30,4854.5,4854.5,4851.3,4853.7,70,
2024-08-23 12:42:00+05:30,4852.05,4852.05,4848.1,4849.1,309,
2024-08-23 12:43:00+05:30,4850.45,4850.45,4841,4845.3,1594,
2024-08-23 12:44:00+05:30,4845.3,4845.85,4840,4841,946,
2024-08-23 12:45:00+05:30,4841,4843.95,4841,4842.05,1150,
2024-08-23 12:46:00+05:30,4844,4844,4840.05,4841.8,873,
2024-08-23 12:47:00+05:30,4841.8,4843.55,4840.1,4843.5,815,
2024-08-23 12:48:00+05:30,4843.5,4847.9,4841.2,4845,492,
2024-08-23 12:49:00+05:30,4846.4,4846.4,4840.55,4842.9,416,
2024-08-23 12:50:00+05:30,4842.9,4845,4841.3,4844.55,371,
2024-08-23 12:51:00+05:30,4844.55,4845.95,4840.65,4842.4,832,
2024-08-23 12:52:00+05:30,4842.4,4844.3,4841.25,4841.55,333,
2024-08-23 12:53:00+05:30,4841.55,4844.15,4841,4841.4,483,
2024-08-23 12:54:00+05:30,4841.4,4844.4,4840,4840.2,371,
2024-08-23 12:55:00+05:30,4840.2,4840.2,4828.95,4832.35,4507,
2024-08-23 12:56:00+05:30,4832.35,4834.95,4830.45,4831.8,987,
2024-08-23 12:57:00+05:30,4831.8,4836.1,4831.8,4833.85,618,
2024-08-23 12:58:00+05:30,4834.95,4837.8,4832.15,4837.8,929,
2024-08-23 12:59:00+05:30,4835,4837.7,4832.2,4835,742,
2024-08-23 13:00:00+05:30,4832.55,4834.4,4830,4830.4,1061,
2024-08-23 13:01:00+05:30,4830.4,4833.8,4830.05,4832.25,459,
2024-08-23 13:02:00+05:30,4832.25,4835.65,4832.25,4834.55,1172,
2024-08-23 13:03:00+05:30,4834.55,4844,4834.55,4841.85,1247,
2024-08-23 13:04:00+05:30,4842.9,4844.95,4840,4840,563,
2024-08-23 13:05:00+05:30,4840,4841.7,4840,4840,291,
2024-08-23 13:06:00+05:30,4840,4853.55,4840,4851.2,3551,
2024-08-23 13:07:00+05:30,4851.2,4853.9,4849.8,4853.2,862,
2024-08-23 13:08:00+05:30,4854.7,4854.7,4850,4851.6,544,
2024-08-23 13:09:00+05:30,4851.6,4853,4850,4850,482,
2024-08-23 13:10:00+05:30,4850,4853.5,4850,4852.1,940,
2024-08-23 13:11:00+05:30,4852.1,4853,4850.35,4851,346,
2024-08-23 13:12:00+05:30,4853,4855,4851,4854.9,497,
2024-08-23 13:13:00+05:30,4854.9,4854.9,4853,4853.25,545,
2024-08-23 13:14:00+05:30,4853.25,4854.9,4850.85,4853.35,408,
2024-08-23 13:15:00+05:30,4853.35,4853.35,4850.05,4850.05,436,
2024-08-23 13:16:00+05:30,4850.05,4851.15,4850,4850,248,
2024-08-23 13:17:00+05:30,4850,4852.95,4849.65,4852.95,294,
2024-08-23 13:18:00+05:30,4852.95,4853.75,4850,4851.05,484,
2024-08-23 13:19:00+05:30,4851.05,4852.25,4849.7,4850,222,
2024-08-23 13:20:00+05:30,4850,4855,4850,4855,650,
2024-08-23 13:21:00+05:30,4855,4856,4850.05,4856,502,
2024-08-23 13:22:00+05:30,4856,4858,4852.55,4855.9,669,
2024-08-23 13:23:00+05:30,4855.9,4855.9,4852.1,4854.65,263,
2024-08-23 13:24:00+05:30,4854.65,4855.75,4853,4853.75,500,
2024-08-23 13:25:00+05:30,4855.95,4858.45,4853,4858.45,995,
2024-08-23 13:26:00+05:30,4858.45,4858.45,4854.05,4854.25,418,
2024-08-23 13:27:00+05:30,4854.25,4857.5,4853,4855.65,442,
2024-08-23 13:28:00+05:30,4855.65,4858.75,4853,4857.15,667,
2024-08-23 13:29:00+05:30,4857.15,4861.45,4857.1,4858.6,1000,
2024-08-23 13:30:00+05:30,4862,4870,4858.95,4868.2,1977,
2024-08-23 13:31:00+05:30,4868.2,4883.7,4868.2,4881.6,7617,
2024-08-23 13:32:00+05:30,4881.6,4882.85,4879.05,4881.5,2105,
2024-08-23 13:33:00+05:30,4881,4884.8,4881,4882,1830,
2024-08-23 13:34:00+05:30,4882,4884,4881,4884,871,
2024-08-23 13:35:00+05:30,4884,4889.25,4882.2,4885,1180,
2024-08-23 13:36:00+05:30,4885,4885,4881,4882,495,
2024-08-23 13:37:00+05:30,4882,4882,4876.55,4879.75,1219,
2024-08-23 13:38:00+05:30,4879.75,4880.9,4868.5,4871.45,5419,
2024-08-23 13:39:00+05:30,4871.45,4874.45,4865.7,4870.8,1253,
2024-08-23 13:40:00+05:30,4870.8,4872.6,4867,4867,806,
2024-08-23 13:41:00+05:30,4866.2,4876.35,4865.05,4875.15,928,
2024-08-23 13:42:00+05:30,4875.15,4875.15,4870,4872.05,516,
2024-08-23 13:43:00+05:30,4872.05,4872.4,4867.45,4867.45,339,
2024-08-23 13:44:00+05:30,4867.45,4869.95,4866.55,4869.95,391,
2024-08-23 13:45:00+05:30,4869.95,4875.25,4869.95,4870.15,2208,
2024-08-23 13:46:00+05:30,4870.15,4872.15,4870,4870,258,
2024-08-23 13:47:00+05:30,4870,4870.85,4870,4870.1,353,
2024-08-23 13:48:00+05:30,4870.1,4872.6,4870,4870.05,405,
2024-08-23 13:49:00+05:30,4870.05,4874.2,4870,4874.05,390,
2024-08-23 13:50:00+05:30,4874.05,4875,4870,4872.35,2347,
2024-08-23 13:51:00+05:30,4872.35,4873.05,4870,4871.95,414,
2024-08-23 13:52:00+05:30,4871.95,4872.5,4870,4870,298,
2024-08-23 13:53:00+05:30,4870,4872.5,4870,4872,639,
2024-08-23 13:54:00+05:30,4870,4871.8,4864.55,4867.85,425,
2024-08-23 13:55:00+05:30,4867.85,4873.8,4864.55,4872.85,517,
2024-08-23 13:56:00+05:30,4872.85,4872.85,4870,4870,437,
2024-08-23 13:57:00+05:30,4870,4872.95,4870,4870,266,
2024-08-23 13:58:00+05:30,4870,4872.9,4870,4870,359,
2024-08-23 13:59:00+05:30,4872.1,4872.55,4870,4870,398,
2024-08-23 14:00:00+05:30,4870,4871.35,4865,4866.05,2905,
2024-08-23 14:01:00+05:30,4866.05,4868.8,4865.7,4866.3,393,
2024-08-23 14:02:00+05:30,4866.3,4870.85,4866.05,4870.85,348,
2024-08-23 14:03:00+05:30,4870.85,4875,4870,4875,996,
2024-08-23 14:04:00+05:30,4875,4876.65,4874.65,4875.05,589,
2024-08-23 14:05:00+05:30,4875.05,4875.7,4871.55,4872.8,1196,
2024-08-23 14:06:00+05:30,4872.8,4873.6,4870.65,4872.75,376,
2024-08-23 14:07:00+05:30,4872.75,4874.95,4870.6,4872.75,233,
2024-08-23 14:08:00+05:30,4872.75,4874,4871,4872,266,
2024-08-23 14:09:00+05:30,4872,4873.9,4872,4872,688,
2024-08-23 14:10:00+05:30,4872.05,4874.4,4872,4874.4,391,
2024-08-23 14:11:00+05:30,4874.4,4875.65,4872,4875.2,1035,
2024-08-23 14:12:00+05:30,4875.2,4876,4875,4875,380,
2024-08-23 14:13:00+05:30,4875,4877.7,4875,4875.05,398,
2024-08-23 14:14:00+05:30,4875.05,4877.45,4873.7,4875.05,709,
2024-08-23 14:15:00+05:30,4875.05,4877.7,4875.05,4877.5,212,
2024-08-23 14:16:00+05:30,4877.5,4878.4,4875,4877.25,776,
2024-08-23 14:17:00+05:30,4877.25,4879,4875,4876,842,
2024-08-23 14:18:00+05:30,4876,4877.6,4875,4877.6,206,
2024-08-23 14:19:00+05:30,4877.6,4877.8,4875.05,4876.8,231,
2024-08-23 14:20:00+05:30,4876.8,4876.8,4875.05,4875.05,240,
2024-08-23 14:21:00+05:30,4875,4876.5,4874,4876.1,780,
2024-08-23 14:22:00+05:30,4876.1,4877.45,4874.15,4875,534,
2024-08-23 14:23:00+05:30,4875,4877.05,4871.6,4875.95,957,
2024-08-23 14:24:00+05:30,4875.95,4877.45,4875,4876.7,758,
2024-08-23 14:25:00+05:30,4876.7,4877.25,4875,4877.25,482,
2024-08-23 14:26:00+05:30,4877.25,4877.5,4875,4876.95,288,
2024-08-23 14:27:00+05:30,4876.95,4877.2,4875,4875.35,652,
2024-08-23 14:28:00+05:30,4875.35,4875.5,4872,4872,1234,
2024-08-23 14:29:00+05:30,4872,4872.95,4869.25,4872.05,446,
2024-08-23 14:30:00+05:30,4872.05,4876,4872,4876,365,
2024-08-23 14:31:00+05:30,4876,4876.1,4873.55,4875.95,88,
2024-08-23 14:32:00+05:30,4875.95,4877.35,4875,4875,1474,
2024-08-23 14:33:00+05:30,4875,4880.6,4875,4880.6,2350,
2024-08-23 14:34:00+05:30,4880.6,4882,4877.55,4877.8,965,
2024-08-23 14:35:00+05:30,4877.8,4880,4875.05,4878.5,266,
2024-08-23 14:36:00+05:30,4878.5,4878.5,4874.4,4875,1245,
2024-08-23 14:37:00+05:30,4875,4880.25,4875,4878,1277,
2024-08-23 14:38:00+05:30,4878,4880,4876,4877.65,1768,
2024-08-23 14:39:00+05:30,4877.65,4877.65,4870.95,4875.35,1823,
2024-08-23 14:40:00+05:30,4875.35,4876.05,4870.55,4876.05,2178,
2024-08-23 14:41:00+05:30,4876.05,4876.05,4870.55,4876,3546,
2024-08-23 14:42:00+05:30,4876,4876,4875,4875.3,79,
2024-08-23 14:43:00+05:30,4875.3,4875.95,4875,4875.1,106,
2024-08-23 14:44:00+05:30,4875,4876.05,4875,4876.05,604,
2024-08-23 14:45:00+05:30,4878,4878,4875.5,4875.55,72,
2024-08-23 14:46:00+05:30,4875,4877.25,4875,4877.25,240,
2024-08-23 14:47:00+05:30,4877.25,4877.25,4875,4875.25,494,
2024-08-23 14:48:00+05:30,4875,4876.7,4875,4876.7,327,
2024-08-23 14:49:00+05:30,4876.7,4877.9,4875,4875,1019,
2024-08-23 14:50:00+05:30,4875,4876.95,4875,4876.95,333,
2024-08-23 14:51:00+05:30,4876.95,4876.95,4875.25,4876.95,66,
2024-08-23 14:52:00+05:30,4876.95,4877.5,4874.8,4877,1496,
2024-08-23 14:53:00+05:30,4877,4877,4875.05,4877,265,
2024-08-23 14:54:00+05:30,4877,4877,4871.25,4873.45,1279,
2024-08-23 14:55:00+05:30,4873.45,4873.45,4870.55,4871.1,213,
2024-08-23 14:56:00+05:30,4871.1,4876.95,4871.1,4875.05,2643,
2024-08-23 14:57:00+05:30,4875,4878.5,4875,4878,900,
2024-08-23 14:58:00+05:30,4878.5,4878.5,4876.55,4877.85,372,
2024-08-23 14:59:00+05:30,4877.85,4879,4876.05,4878.4,774,
2024-08-23 15:00:00+05:30,4878.35,4878.35,4865.95,4867,1857,
2024-08-23 15:01:00+05:30,4865,4865,4856,4856.4,3326,
2024-08-23 15:02:00+05:30,4856.1,4859.3,4855.3,4855.3,2461,
2024-08-23 15:03:00+05:30,4855.1,4857.3,4850.25,4851.1,1368,
2024-08-23 15:04:00+05:30,4850.15,4856.35,4850,4852.25,1862,
2024-08-23 15:05:00+05:30,4852.25,4855.9,4850.25,4854.65,1524,
2024-08-23 15:06:00+05:30,4854.65,4854.65,4850.05,4850.2,979,
2024-08-23 15:07:00+05:30,4850.2,4851.65,4850,4850.3,4482,
2024-08-23 15:08:00+05:30,4850.95,4856.8,4850.3,4852.55,2397,
2024-08-23 15:09:00+05:30,4852.55,4855.9,4852,4855.15,4211,
2024-08-23 15:10:00+05:30,4855.15,4860.6,4855,4858.75,5919,
2024-08-23 15:11:00+05:30,4858.8,4860.25,4855.4,4855.4,1497,
2024-08-23 15:12:00+05:30,4855.4,4860.55,4854.2,4860,2013,
2024-08-23 15:13:00+05:30,4860.6,4863.95,4858.5,4863,2373,
2024-08-23 15:14:00+05:30,4860.85,4861.2,4858.1,4858.1,2817,
2024-08-23 15:15:00+05:30,4858.1,4858.1,4852.55,4856.15,2290,
2024-08-23 15:16:00+05:30,4856.15,4858,4855.05,4856.6,1986,
2024-08-23 15:17:00+05:30,4856.6,4863.9,4855.1,4855.65,2919,
2024-08-23 15:18:00+05:30,4855.55,4857.1,4853.7,4855.95,1965,
2024-08-23 15:19:00+05:30,4855.9,4855.95,4852.1,4852.6,1129,
2024-08-23 15:20:00+05:30,4852.6,4855,4850.05,4851.3,2651,
2024-08-23 15:21:00+05:30,4851.4,4854.95,4850.1,4851.35,1962,
2024-08-23 15:22:00+05:30,4851.35,4856.05,4851,4855,2465,
2024-08-23 15:23:00+05:30,4856,4857.85,4855,4856.35,1542,
2024-08-23 15:24:00+05:30,4856.3,4857.85,4856,4857.85,2122,
2024-08-23 15:25:00+05:30,4857.55,4860,4855.1,4855.45,1676,
2024-08-23 15:26:00+05:30,4855.45,4857.2,4853.35,4855.05,1740,
2024-08-23 15:27:00+05:30,4855,4860.5,4855,4860.35,1073,
2024-08-23 15:28:00+05:30,4860.35,4860.75,4850.05,4860,2394,
2024-08-23 15:29:00+05:30,4860,4868.2,4860,4868.2,1280,
2024-08-26 09:15:00+05:30,4860,4882.5,4860,4882.4,4653,
2024-08-26 09:16:00+05:30,4882.25,4882.25,4869.85,4872.95,5695,
2024-08-26 09:17:00+05:30,4872.95,4878.2,4867.05,4878.15,2994,
2024-08-26 09:18:00+05:30,4875.05,4879.45,4870.55,4870.55,1898,
2024-08-26 09:19:00+05:30,4870.55,4900,4870.55,4898.9,5281,
2024-08-26 09:20:00+05:30,4895.55,4905.45,4895.15,4903.35,4965,
2024-08-26 09:21:00+05:30,4898.4,4905.55,4898.4,4902.45,2339,
2024-08-26 09:22:00+05:30,4902.45,4908.8,4900.85,4905.5,2788,
2024-08-26 09:23:00+05:30,4903,4916,4902.45,4905.05,4206,
2024-08-26 09:24:00+05:30,4907.5,4910.9,4901,4903.45,2808,
2024-08-26 09:25:00+05:30,4901.45,4921.55,4901.45,4920,2289,
2024-08-26 09:26:00+05:30,4920,4922,4911,4913.1,3875,
2024-08-26 09:27:00+05:30,4913.1,4916.7,4900.05,4902,2388,
2024-08-26 09:28:00+05:30,4902,4904.8,4882.55,4882.65,4344,
2024-08-26 09:29:00+05:30,4881.4,4904.2,4881.2,4894.5,2602,
2024-08-26 09:30:00+05:30,4894.5,4898.95,4890,4892.1,2221,
2024-08-26 09:31:00+05:30,4891.05,4894.95,4890,4893.2,1823,
2024-08-26 09:32:00+05:30,4893.2,4894.9,4885,4885.05,2066,
2024-08-26 09:33:00+05:30,4887.25,4893.55,4885.5,4890.7,1871,
2024-08-26 09:34:00+05:30,4890.75,4894.8,4890,4892,239,
2024-08-26 09:35:00+05:30,4893.65,4900.1,4891.85,4897.85,1256,
2024-08-26 09:36:00+05:30,4897.85,4897.85,4888.7,4888.7,1793,
2024-08-26 09:37:00+05:30,4888.7,4893.45,4888.7,4893.45,378,
2024-08-26 09:38:00+05:30,4893.45,4896.35,4892.55,4893.05,217,
2024-08-26 09:39:00+05:30,4891.55,4896,4891.25,4891.6,841,
2024-08-26 09:40:00+05:30,4891.6,4897.3,4891.6,4892.25,315,
2024-08-26 09:41:00+05:30,4894,4896.75,4891.65,4895.35,1144,
2024-08-26 09:42:00+05:30,4897.85,4897.85,4893.55,4893.55,797,
2024-08-26 09:43:00+05:30,4893.55,4898.85,4893.05,4897.6,222,
2024-08-26 09:44:00+05:30,4897.6,4898,4895,4898,421,
2024-08-26 09:45:00+05:30,4898,4903.95,4898,4902.3,2078,
2024-08-26 09:46:00+05:30,4902.3,4902.65,4900,4902.2,452,
2024-08-26 09:47:00+05:30,4902.2,4906.65,4900,4903.55,927,
2024-08-26 09:48:00+05:30,4906.65,4906.9,4904.35,4905,633,
2024-08-26 09:49:00+05:30,4905,4905.95,4903,4905.95,417,
2024-08-26 09:50:00+05:30,4903.6,4903.6,4900.05,4900.4,665,
2024-08-26 09:51:00+05:30,4900.4,4905.9,4900.4,4905.5,293,
2024-08-26 09:52:00+05:30,4905.5,4906.6,4903,4905.35,731,
2024-08-26 09:53:00+05:30,4903.5,4905.6,4900,4904.9,581,
2024-08-26 09:54:00+05:30,4904.9,4908,4902.6,4905.1,1149,
2024-08-26 09:55:00+05:30,4905.1,4910,4905,4905.2,789,
2024-08-26 09:56:00+05:30,4905.2,4908,4905,4908,365,
2024-08-26 09:57:00+05:30,4907.75,4908.15,4905.15,4907,478,
2024-08-26 09:58:00+05:30,4907,4909.05,4905.15,4905.45,424,
2024-08-26 09:59:00+05:30,4905.15,4907,4905.15,4907,45,
2024-08-26 10:00:00+05:30,4907,4907,4905,4905,304,
2024-08-26 10:01:00+05:30,4905,4909.85,4905,4906,700,
2024-08-26 10:02:00+05:30,4907.95,4907.95,4903.2,4907.75,111,
2024-08-26 10:03:00+05:30,4907.75,4908.55,4905.5,4906.05,828,
2024-08-26 10:04:00+05:30,4905.55,4907.7,4903.55,4904.25,297,
2024-08-26 10:05:00+05:30,4904,4906,4903.85,4905.95,68,
2024-08-26 10:06:00+05:30,4906,4906,4903.85,4903.9,94,
2024-08-26 10:07:00+05:30,4903.9,4906,4903.9,4903.9,47,
2024-08-26 10:08:00+05:30,4903.9,4906,4902.55,4905,262,
2024-08-26 10:09:00+05:30,4905,4906,4903.55,4905,281,
2024-08-26 10:10:00+05:30,4905,4905,4903,4904.9,255,
2024-08-26 10:11:00+05:30,4904.9,4904.9,4901.15,4904.6,687,
2024-08-26 10:12:00+05:30,4906.15,4908,4904.5,4907.8,1500,
2024-08-26 10:13:00+05:30,4907.8,4911,4905.4,4910.1,199,
2024-08-26 10:14:00+05:30,4912,4915,4909.85,4911.35,3140,
2024-08-26 10:15:00+05:30,4911.35,4920,4911.35,4920,2897,
2024-08-26 10:16:00+05:30,4920,4924.85,4917.05,4921.15,2610,
2024-08-26 10:17:00+05:30,4924.35,4924.5,4918.15,4922,1298,
2024-08-26 10:18:00+05:30,4920,4925,4918,4924.7,1926,
2024-08-26 10:19:00+05:30,4923.4,4925,4920.85,4922.35,2542,
2024-08-26 10:20:00+05:30,4924.45,4924.65,4919.55,4919.55,531,
2024-08-26 10:21:00+05:30,4919.55,4921,4914.55,4916.15,461,
2024-08-26 10:22:00+05:30,4916.15,4918.7,4913.3,4913.3,195,
2024-08-26 10:23:00+05:30,4913.3,4914.8,4911,4913,741,
2024-08-26 10:24:00+05:30,4913,4916.2,4910.15,4914,810,
2024-08-26 10:25:00+05:30,4914,4915,4913,4913,97,
2024-08-26 10:26:00+05:30,4913,4915,4909.55,4909.55,417,
2024-08-26 10:27:00+05:30,4909,4912.45,4908,4911,914,
2024-08-26 10:28:00+05:30,4911,4911,4906.95,4906.95,576,
2024-08-26 10:29:00+05:30,4906.95,4907.95,4894.85,4896,3583,
2024-08-26 10:30:00+05:30,4896,4902.45,4895.8,4899.55,10423,
2024-08-26 10:31:00+05:30,4899.55,4899.95,4894.4,4898.05,1049,
2024-08-26 10:32:00+05:30,4900,4900,4893,4895.25,1598,
2024-08-26 10:33:00+05:30,4895.25,4896.95,4892.15,4892.15,484,
2024-08-26 10:34:00+05:30,4892.15,4896.3,4892.15,4893.8,235,
2024-08-26 10:35:00+05:30,4893.8,4900.05,4893.8,4900,2272,
2024-08-26 10:36:00+05:30,4899.15,4900,4896.05,4897.5,307,
2024-08-26 10:37:00+05:30,4897.5,4897.5,4897,4897,105,
2024-08-26 10:38:00+05:30,4897,4899,4895.65,4897.75,460,
2024-08-26 10:39:00+05:30,4897.75,4900,4897.75,4897.8,35,
2024-08-26 10:40:00+05:30,4897.8,4899,4894.75,4898.1,1234,
2024-08-26 10:41:00+05:30,4898.1,4899,4895.3,4895.3,256,
2024-08-26 10:42:00+05:30,4895.3,4899,4895,4895.1,436,
2024-08-26 10:43:00+05:30,4895.1,4895.3,4895.1,4895.1,23,
2024-08-26 10:44:00+05:30,4895,4898.2,4895,4898,773,
2024-08-26 10:45:00+05:30,4898,4898.95,4893.6,4894.05,632,
2024-08-26 10:46:00+05:30,4894.05,4897.65,4893.15,4897.65,150,
2024-08-26 10:47:00+05:30,4897.65,4898.4,4895.15,4898.4,247,
2024-08-26 10:48:00+05:30,4898.4,4898.4,4896.05,4897.95,26,
2024-08-26 10:49:00+05:30,4897.95,4899.9,4896.05,4899.9,253,
2024-08-26 10:50:00+05:30,4899.9,4900,4896.8,4897.15,646,
2024-08-26 10:51:00+05:30,4897.05,4899.4,4894.55,4894.55,456,
2024-08-26 10:52:00+05:30,4894.55,4897,4893.7,4897,104,
2024-08-26 10:53:00+05:30,4894.6,4898,4894.6,4898,41,
2024-08-26 10:54:00+05:30,4898,4898,4895.6,4895.6,2,
2024-08-26 10:55:00+05:30,4895.6,4898,4895.05,4896.2,115,
2024-08-26 10:56:00+05:30,4896.2,4898.95,4896.2,4896.35,27,
2024-08-26 10:57:00+05:30,4896.35,4898.8,4896.05,4896.05,175,
2024-08-26 10:58:00+05:30,4896.05,4898.45,4895,4898,745,
2024-08-26 10:59:00+05:30,4898,4900,4896.05,4896.05,896,
2024-08-26 11:00:00+05:30,4897.2,4897.2,4890.5,4890.5,1088,
2024-08-26 11:01:00+05:30,4890.5,4893.6,4890.5,4890.75,296,
2024-08-26 11:02:00+05:30,4890.75,4894.05,4890.75,4891.9,119,
2024-08-26 11:03:00+05:30,4891.9,4894.3,4891.85,4891.85,30,
2024-08-26 11:04:00+05:30,4891.85,4892.8,4890.65,4890.95,101,
2024-08-26 11:05:00+05:30,4891,4893.9,4891,4893.55,155,
2024-08-26 11:06:00+05:30,4893.55,4894.6,4890.5,4890.5,563,
2024-08-26 11:07:00+05:30,4890.5,4890.5,4885.05,4887.95,2196,
2024-08-26 11:08:00+05:30,4887.95,4889.25,4886,4887.55,133,
2024-08-26 11:09:00+05:30,4887.6,4889.3,4886,4886,132,
2024-08-26 11:10:00+05:30,4886,4888.75,4886,4886.15,70,
2024-08-26 11:11:00+05:30,4887.8,4890.2,4887.05,4889.55,136,
2024-08-26 11:12:00+05:30,4889.55,4891.9,4886.4,4890,459,
2024-08-26 11:13:00+05:30,4890,4894,4886,4886,811,
2024-08-26 11:14:00+05:30,4886,4888.45,4886,4886,39,
2024-08-26 11:15:00+05:30,4886,4886.1,4885,4885.1,2732,
2024-08-26 11:16:00+05:30,4885.1,4887.65,4885,4887.65,212,
2024-08-26 11:17:00+05:30,4885.2,4893.9,4885.2,4893.9,169,
2024-08-26 11:18:00+05:30,4891.75,4894.4,4890.1,4891,309,
2024-08-26 11:19:00+05:30,4891,4895,4890.5,4892.65,82,
2024-08-26 11:20:00+05:30,4892.65,4895.6,4892.2,4892.7,76,
2024-08-26 11:21:00+05:30,4892.7,4896,4890.55,4890.55,801,
2024-08-26 11:22:00+05:30,4890.55,4892.05,4890.55,4890.85,105,
2024-08-26 11:23:00+05:30,4890.75,4894.25,4890.2,4893.35,313,
2024-08-26 11:24:00+05:30,4891,4894,4890.95,4890.95,105,
2024-08-26 11:25:00+05:30,4890.95,4894.1,4890.95,4892.85,7,
2024-08-26 11:26:00+05:30,4891.45,4892.75,4890.3,4892.5,52,
2024-08-26 11:27:00+05:30,4890.3,4893.25,4890.3,4890.5,45,
2024-08-26 11:28:00+05:30,4890.5,4892.8,4890.4,4890.4,51,
2024-08-26 11:29:00+05:30,4890.05,4891.9,4890,4890,60,
2024-08-26 11:30:00+05:30,4890,4892.8,4890,4892.8,143,
2024-08-26 11:31:00+05:30,4892.8,4892.8,4890.05,4891,30,
2024-08-26 11:32:00+05:30,4891,4893.5,4890.6,4890.65,78,
2024-08-26 11:33:00+05:30,4890.7,4893,4889.15,4889.15,624,
2024-08-26 11:34:00+05:30,4888.65,4890,4886,4886,459,
2024-08-26 11:35:00+05:30,4886,4886.4,4885.25,4885.85,127,
2024-08-26 11:36:00+05:30,4885.85,4890,4885.25,4887.3,154,
2024-08-26 11:37:00+05:30,4887.3,4892.5,4886.85,4891.8,380,
2024-08-26 11:38:00+05:30,4891.8,4892.5,4889.55,4890,94,
2024-08-26 11:39:00+05:30,4890,4896.9,4890,4896.85,610,
2024-08-26 11:40:00+05:30,4896.85,4897.5,4894.1,4897,187,
2024-08-26 11:41:00+05:30,4897,4897,4895.05,4897,56,
2024-08-26 11:42:00+05:30,4895.15,4899,4895.15,4897.55,470,
2024-08-26 11:43:00+05:30,4897.55,4899,4897,4897,106,
2024-08-26 11:44:00+05:30,4897,4899,4897,4898,99,
2024-08-26 11:45:00+05:30,4898,4899,4898,4899,166,
2024-08-26 11:46:00+05:30,4898,4900,4898,4900,199,
2024-08-26 11:47:00+05:30,4898,4902.9,4895.05,4895.9,2244,
2024-08-26 11:48:00+05:30,4895.9,4898.85,4892.8,4898.85,408,
2024-08-26 11:49:00+05:30,4898.85,4898.85,4896,4898.4,59,
2024-08-26 11:50:00+05:30,4898.4,4898.4,4896,4896,78,
2024-08-26 11:51:00+05:30,4896,4898.4,4896,4897.6,83,
2024-08-26 11:52:00+05:30,4896,4898,4896,4896.15,107,
2024-08-26 11:53:00+05:30,4897.9,4897.9,4896,4896,64,
2024-08-26 11:54:00+05:30,4897.85,4898.4,4896,4896.2,172,
2024-08-26 11:55:00+05:30,4896.05,4898,4896,4896,981,
2024-08-26 11:56:00+05:30,4896,4896,4893,4893.5,65,
2024-08-26 11:57:00+05:30,4893.5,4895.95,4893.45,4893.9,29,
2024-08-26 11:58:00+05:30,4893.9,4895.95,4893.85,4895,156,
2024-08-26 11:59:00+05:30,4895,4895.95,4895,4895,25,
2024-08-26 12:00:00+05:30,4895,4895.95,4895,4895,104,
2024-08-26 12:01:00+05:30,4895,4895.95,4895,4895,150,
2024-08-26 12:02:00+05:30,4895,4895.95,4895,4895,43,
2024-08-26 12:03:00+05:30,4895,4896.5,4893.55,4893.55,338,
2024-08-26 12:04:00+05:30,4893.55,4895.15,4893,4893,50,
2024-08-26 12:05:00+05:30,4893,4895.1,4893,4895.1,78,
2024-08-26 12:06:00+05:30,4895.15,4897.3,4893.85,4893.85,89,
2024-08-26 12:07:00+05:30,4893.85,4896.65,4893.3,4893.3,33,
2024-08-26 12:08:00+05:30,4893.3,4895.75,4893.3,4893.45,52,
2024-08-26 12:09:00+05:30,4893.45,4895.95,4893.3,4893.4,178,
2024-08-26 12:10:00+05:30,4893.4,4896,4893.35,4893.6,839,
2024-08-26 12:11:00+05:30,4893.6,4896.5,4893,4893,275,
2024-08-26 12:12:00+05:30,4893,4896,4893,4893,398,
2024-08-26 12:13:00+05:30,4893,4895.3,4892,4892,217,
2024-08-26 12:14:00+05:30,4892,4894.45,4892,4892.2,55,
2024-08-26 12:15:00+05:30,4891,4891.95,4887.6,4890,993,
2024-08-26 12:16:00+05:30,4890,4890,4887.05,4887.05,37,
2024-08-26 12:17:00+05:30,4887.05,4892.35,4886.6,4890.15,352,
2024-08-26 12:18:00+05:30,4892.95,4893.95,4891.35,4891.4,114,
2024-08-26 12:19:00+05:30,4891.4,4894.25,4890,4890.9,159,
2024-08-26 12:20:00+05:30,4890.9,4894.55,4890.9,4891.35,148,
2024-08-26 12:21:00+05:30,4891.35,4894.1,4890.8,4891.45,136,
2024-08-26 12:22:00+05:30,4891.45,4894.35,4890,4890.9,86,
2024-08-26 12:23:00+05:30,4890.9,4893.1,4890.9,4890.9,43,
2024-08-26 12:24:00+05:30,4890.9,4892.4,4890,4890,151,
2024-08-26 12:25:00+05:30,4890,4892.8,4890,4890,128,
2024-08-26 12:26:00+05:30,4890,4892.75,4890,4892.7,45,
2024-08-26 12:27:00+05:30,4892.7,4892.8,4890,4891.05,22,
2024-08-26 12:28:00+05:30,4892,4892,4890.15,4890.15,52,
2024-08-26 12:29:00+05:30,4890.15,4892.8,4890.15,4890.75,51,
2024-08-26 12:30:00+05:30,4892.8,4892.8,4890,4890,36,
2024-08-26 12:31:00+05:30,4890,4894.8,4890,4891.85,155,
2024-08-26 12:32:00+05:30,4891.85,4894.75,4890.05,4890.05,128,
2024-08-26 12:33:00+05:30,4890.05,4893.6,4890,4892.25,68,
2024-08-26 12:34:00+05:30,4892.25,4892.8,4890,4890,91,
2024-08-26 12:35:00+05:30,4890,4893.95,4890,4890.5,251,
2024-08-26 12:36:00+05:30,4890.5,4892,4890,4890,54,
2024-08-26 12:37:00+05:30,4890,4892.25,4890,4890,267,
2024-08-26 12:38:00+05:30,4890,4893.55,4890,4890.2,485,
2024-08-26 12:39:00+05:30,4890.2,4892.7,4890.15,4890.35,78,
2024-08-26 12:40:00+05:30,4890.35,4892.65,4890.1,4892.65,94,
2024-08-26 12:41:00+05:30,4892.65,4894.65,4890.35,4892.9,621,
2024-08-26 12:42:00+05:30,4892.9,4894.95,4890.1,4892,349,
2024-08-26 12:43:00+05:30,4893.9,4894.1,4890.1,4892.5,102,
2024-08-26 12:44:00+05:30,4892.5,4892.5,4890.1,4890.1,145,
2024-08-26 12:45:00+05:30,4890.1,4894.25,4890,4891.65,84,
2024-08-26 12:46:00+05:30,4891.65,4893.3,4890.45,4891.3,48,
2024-08-26 12:47:00+05:30,4891.3,4894,4890.65,4893,232,
2024-08-26 12:48:00+05:30,4893,4894,4893,4893,202,
2024-08-26 12:49:00+05:30,4893,4894.7,4893,4893.2,141,
2024-08-26 12:50:00+05:30,4893.2,4895,4893.2,4894,129,
2024-08-26 12:51:00+05:30,4894,4895,4894,4894,139,
2024-08-26 12:52:00+05:30,4894,4897,4894,4894.45,219,
2024-08-26 12:53:00+05:30,4894.45,4896.95,4894.2,4894.2,75,
2024-08-26 12:54:00+05:30,4894.2,4898,4894.2,4895.85,124,
2024-08-26 12:55:00+05:30,4895.85,4897.65,4894.45,4894.9,58,
2024-08-26 12:56:00+05:30,4894.6,4897.85,4894.6,4897.1,66,
2024-08-26 12:57:00+05:30,4897.1,4897.75,4895.25,4895.25,85,
2024-08-26 12:58:00+05:30,4895.25,4897.6,4895.25,4896,44,
2024-08-26 12:59:00+05:30,4896,4897.85,4894.85,4897.3,88,
2024-08-26 13:00:00+05:30,4897.3,4900,4893.9,4900,1010,
2024-08-26 13:01:00+05:30,4900,4902.45,4896.95,4900,4881,
2024-08-26 13:02:00+05:30,4900,4900,4897.25,4899,90,
2024-08-26 13:03:00+05:30,4899,4899.8,4899,4899.8,169,
2024-08-26 13:04:00+05:30,4899.8,4900,4898.2,4900,108,
2024-08-26 13:05:00+05:30,4904,4910,4904,4908.95,2644,
2024-08-26 13:06:00+05:30,4908.95,4908.95,4906,4908.75,119,
2024-08-26 13:07:00+05:30,4908.75,4908.75,4905,4908.25,336,
2024-08-26 13:08:00+05:30,4908.25,4908.7,4905.85,4907.35,322,
2024-08-26 13:09:00+05:30,4907.35,4908.75,4902.35,4902.9,656,
2024-08-26 13:10:00+05:30,4902.9,4905.55,4902.9,4905.5,147,
2024-08-26 13:11:00+05:30,4905.5,4905.5,4900.75,4903.15,318,
2024-08-26 13:12:00+05:30,4903.2,4905,4901.95,4905,207,
2024-08-26 13:13:00+05:30,4905,4908,4904.8,4908,281,
2024-08-26 13:14:00+05:30,4908,4908.8,4905.55,4908.8,312,
2024-08-26 13:15:00+05:30,4908.8,4908.8,4908,4908.8,99,
2024-08-26 13:16:00+05:30,4908.8,4912,4908.2,4911.65,595,
2024-08-26 13:17:00+05:30,4911.65,4911.65,4903.75,4907.1,1479,
2024-08-26 13:18:00+05:30,4907.1,4907.1,4902.9,4905,56,
2024-08-26 13:19:00+05:30,4905,4905,4902.4,4904.45,67,
2024-08-26 13:20:00+05:30,4904.45,4906.95,4904.05,4904.75,97,
2024-08-26 13:21:00+05:30,4904.75,4912,4904.75,4911.95,1383,
2024-08-26 13:22:00+05:30,4911.95,4916.95,4911.3,4913.05,834,
2024-08-26 13:23:00+05:30,4913.05,4916.45,4912.75,4916.45,672,
2024-08-26 13:24:00+05:30,4916.45,4917.8,4915.1,4917.35,123,
2024-08-26 13:25:00+05:30,4917.35,4918,4916,4917,159,
2024-08-26 13:26:00+05:30,4917,4921.45,4917,4919.65,1063,
2024-08-26 13:27:00+05:30,4919.65,4920,4917.05,4917.6,162,
2024-08-26 13:28:00+05:30,4917.6,4919.6,4917.6,4917.75,121,
2024-08-26 13:29:00+05:30,4917.75,4920,4917,4917,127,
2024-08-26 13:30:00+05:30,4917,4917,4911.6,4911.6,303,
2024-08-26 13:31:00+05:30,4911.6,4915,4911.6,4914.9,245,
2024-08-26 13:32:00+05:30,4914.9,4914.9,4911.9,4912,62,
2024-08-26 13:33:00+05:30,4914.05,4914.05,4907,4912.95,1446,
2024-08-26 13:34:00+05:30,4912.95,4920,4911.8,4920,3662,
2024-08-26 13:35:00+05:30,4920,4921,4917.95,4920.2,1750,
2024-08-26 13:36:00+05:30,4920.2,4920.2,4917.9,4918,169,
2024-08-26 13:37:00+05:30,4918,4919.9,4918,4919.9,109,
2024-08-26 13:38:00+05:30,4918.05,4919.9,4917.8,4918,157,
2024-08-26 13:39:00+05:30,4917.8,4919.9,4917.2,4917.2,200,
2024-08-26 13:40:00+05:30,4917.2,4918,4913.4,4917.3,247,
2024-08-26 13:41:00+05:30,4914.7,4917.25,4912,4912.6,440,
2024-08-26 13:42:00+05:30,4912.55,4915.55,4911.45,4912.25,129,
2024-08-26 13:43:00+05:30,4912.25,4913.9,4912.2,4912.3,230,
2024-08-26 13:44:00+05:30,4912.3,4913.75,4910,4910,124,
2024-08-26 13:45:00+05:30,4911.5,4911.5,4909,4910,375,
2024-08-26 13:46:00+05:30,4911.65,4912,4909,4911.2,161,
2024-08-26 13:47:00+05:30,4911.2,4912.9,4910,4912.4,295,
2024-08-26 13:48:00+05:30,4912.4,4916,4910,4916,796,
2024-08-26 13:49:00+05:30,4916,4917.5,4910.05,4917.45,2010,
2024-08-26 13:50:00+05:30,4917.65,4918,4915,4917.8,259,
2024-08-26 13:51:00+05:30,4917.8,4918,4915.35,4915.7,588,
2024-08-26 13:52:00+05:30,4915.7,4917.35,4915.3,4917,236,
2024-08-26 13:53:00+05:30,4915.7,4917.95,4915.3,4915.5,225,
2024-08-26 13:54:00+05:30,4915.4,4916.95,4915.3,4915.65,356,
2024-08-26 13:55:00+05:30,4915.65,4916.85,4913.05,4914,405,
2024-08-26 13:56:00+05:30,4914,4914,4912.5,4912.5,397,
2024-08-26 13:57:00+05:30,4912.5,4913.45,4910.25,4912,213,
2024-08-26 13:58:00+05:30,4913.5,4922,4911.5,4920.2,2685,
2024-08-26 13:59:00+05:30,4922,4924.6,4919.75,4921.95,1616,
2024-08-26 14:00:00+05:30,4921.95,4924.45,4920,4923.9,2767,
2024-08-26 14:01:00+05:30,4923.95,4924.65,4922,4922.2,1325,
2024-08-26 14:02:00+05:30,4924.5,4925,4922.8,4925,4762,
2024-08-26 14:03:00+05:30,4925,4925,4918.3,4920,1160,
2024-08-26 14:04:00+05:30,4920,4922.4,4920,4921.4,309,
2024-08-26 14:05:00+05:30,4921.4,4921.95,4918.55,4921.9,305,
2024-08-26 14:06:00+05:30,4919.7,4922.2,4919.7,4922.2,293,
2024-08-26 14:07:00+05:30,4922.05,4924.3,4920.05,4920.05,935,
2024-08-26 14:08:00+05:30,4920.05,4922.85,4920,4922.1,343,
2024-08-26 14:09:00+05:30,4922.1,4922.95,4919.95,4919.95,517,
2024-08-26 14:10:00+05:30,4919.95,4924.3,4919.55,4922.55,1095,
2024-08-26 14:11:00+05:30,4922.55,4922.9,4922,4922.5,405,
2024-08-26 14:12:00+05:30,4922.5,4932.25,4922,4930,5912,
2024-08-26 14:13:00+05:30,4930,4932.25,4930,4930.35,548,
2024-08-26 14:14:00+05:30,4930.35,4931.95,4928.4,4928.4,500,
2024-08-26 14:15:00+05:30,4928.4,4930.45,4927.25,4930,902,
2024-08-26 14:16:00+05:30,4930,4930,4927.75,4930,739,
2024-08-26 14:17:00+05:30,4930,4930,4928.35,4928.7,561,
2024-08-26 14:18:00+05:30,4928.7,4929.9,4928.35,4929.85,186,
2024-08-26 14:19:00+05:30,4928.35,4930,4927.35,4927.45,434,
2024-08-26 14:20:00+05:30,4927.25,4929.3,4925.65,4925.65,520,
2024-08-26 14:21:00+05:30,4925.65,4928.5,4925.1,4925.1,297,
2024-08-26 14:22:00+05:30,4925.1,4927.1,4925,4925,353,
2024-08-26 14:23:00+05:30,4925,4925.55,4921.95,4923.35,405,
2024-08-26 14:24:00+05:30,4923.35,4925,4920.65,4921,1369,
2024-08-26 14:25:00+05:30,4921,4923.8,4921,4921,220,
2024-08-26 14:26:00+05:30,4921,4922.95,4921,4921.25,199,
2024-08-26 14:27:00+05:30,4921.25,4922.95,4921,4922.5,333,
2024-08-26 14:28:00+05:30,4922.5,4922.5,4921.05,4921.85,173,
2024-08-26 14:29:00+05:30,4922.5,4925,4921.9,4921.9,523,
2024-08-26 14:30:00+05:30,4921.9,4924.25,4921,4923.65,259,
2024-08-26 14:31:00+05:30,4921.6,4924.3,4921,4922.95,183,
2024-08-26 14:32:00+05:30,4923.15,4925,4923.1,4925,527,
2024-08-26 14:33:00+05:30,4925,4925.6,4921.9,4925.25,487,
2024-08-26 14:34:00+05:30,4925.25,4925.7,4922.6,4925.65,582,
2024-08-26 14:35:00+05:30,4925.7,4927.45,4925,4927.45,283,
2024-08-26 14:36:00+05:30,4927.45,4928.25,4925,4925.15,238,
2024-08-26 14:37:00+05:30,4925,4927.25,4924.05,4924.05,227,
2024-08-26 14:38:00+05:30,4924.05,4925,4922.45,4923.05,203,
2024-08-26 14:39:00+05:30,4923.05,4924.35,4921,4921,718,
2024-08-26 14:40:00+05:30,4921,4923.45,4921,4921.3,291,
2024-08-26 14:41:00+05:30,4921.3,4923,4920.2,4923,555,
2024-08-26 14:42:00+05:30,4920.3,4923.1,4920.3,4921.7,305,
2024-08-26 14:43:00+05:30,4920.2,4920.2,4915.75,4918,1002,
2024-08-26 14:44:00+05:30,4918,4918,4915,4915.5,444,
2024-08-26 14:45:00+05:30,4917.55,4919.95,4915.1,4919.95,464,
2024-08-26 14:46:00+05:30,4919.95,4922,4919.95,4921.6,632,
2024-08-26 14:47:00+05:30,4921.6,4922,4920,4921,230,
2024-08-26 14:48:00+05:30,4921.85,4923.9,4920,4923.9,438,
2024-08-26 14:49:00+05:30,4923.9,4923.9,4920,4922.15,399,
2024-08-26 14:50:00+05:30,4922.15,4922.55,4920,4920.35,188,
2024-08-26 14:51:00+05:30,4920.35,4922.35,4920,4922.35,431,
2024-08-26 14:52:00+05:30,4922.35,4922.35,4919,4919,483,
2024-08-26 14:53:00+05:30,4920.35,4920.35,4917.45,4919.8,187,
2024-08-26 14:54:00+05:30,4919.8,4920.35,4918,4920.35,298,
2024-08-26 14:55:00+05:30,4920,4920.35,4917.8,4919.95,563,
2024-08-26 14:56:00+05:30,4919.95,4919.95,4917.55,4919.65,150,
2024-08-26 14:57:00+05:30,4919.7,4920,4917.05,4919.8,361,
2024-08-26 14:58:00+05:30,4919.8,4919.8,4917.2,4917.25,204,
2024-08-26 14:59:00+05:30,4917.25,4919.35,4917.2,4919.35,291,
2024-08-26 15:00:00+05:30,4919.35,4919.4,4915,4915,765,
2024-08-26 15:01:00+05:30,4916.05,4917.45,4914.1,4916.25,411,
2024-08-26 15:02:00+05:30,4916.25,4916.8,4915,4916.3,639,
2024-08-26 15:03:00+05:30,4915.1,4919.25,4915,4917.45,782,
2024-08-26 15:04:00+05:30,4917.45,4918.8,4917.45,4917.85,625,
2024-08-26 15:05:00+05:30,4918,4920,4917.65,4918.2,1937,
2024-08-26 15:06:00+05:30,4919.6,4919.9,4918,4918.2,653,
2024-08-26 15:07:00+05:30,4918.05,4922.35,4918,4920.15,1365,
2024-08-26 15:08:00+05:30,4921.75,4922.35,4918.15,4921.85,976,
2024-08-26 15:09:00+05:30,4922.25,4922.25,4919.55,4921.3,844,
2024-08-26 15:10:00+05:30,4921.3,4922,4919.35,4921.65,1699,
2024-08-26 15:11:00+05:30,4921,4921.4,4919.05,4920.95,736,
2024-08-26 15:12:00+05:30,4920.95,4925,4919.15,4920.1,3220,
2024-08-26 15:13:00+05:30,4921,4922,4920,4920.2,497,
2024-08-26 15:14:00+05:30,4921.95,4924.15,4920.15,4924.15,1342,
2024-08-26 15:15:00+05:30,4924,4927,4924,4926.95,1440,
2024-08-26 15:16:00+05:30,4926.3,4928.8,4924.95,4926.7,1839,
2024-08-26 15:17:00+05:30,4926.7,4930,4926,4929.95,5056,
2024-08-26 15:18:00+05:30,4929.95,4930,4927.05,4928.55,2168,
2024-08-26 15:19:00+05:30,4930,4931,4928.55,4929.7,2418,
2024-08-26 15:20:00+05:30,4929.75,4933.45,4928.7,4931.85,2631,
2024-08-26 15:21:00+05:30,4931.85,4934,4928.85,4929.45,1728,
2024-08-26 15:22:00+05:30,4929.45,4931.8,4928.2,4928.5,945,
2024-08-26 15:23:00+05:30,4929.9,4931.7,4927.25,4931.7,1282,
2024-08-26 15:24:00+05:30,4930.85,4933.35,4930.1,4930.1,968,
2024-08-26 15:25:00+05:30,4930,4932.7,4928,4928.25,570,
2024-08-26 15:26:00+05:30,4928.25,4932,4927.15,4930,3124,
2024-08-26 15:27:00+05:30,4930,4932,4930,4930.75,1301,
2024-08-26 15:28:00+05:30,4930,4932,4923.4,4930,3583,
2024-08-26 15:29:00+05:30,4930.05,4930.05,4911.2,4925.9,1815,
2024-08-27 09:15:00+05:30,4908,4936.2,4875,4930.3,6060,
2024-08-27 09:16:00+05:30,4933.1,4948.6,4928.05,4946.45,4068,
2024-08-27 09:17:00+05:30,4947.15,4962.95,4947.15,4961,9236,
2024-08-27 09:18:00+05:30,4961,4967.95,4954.65,4960.45,6609,
2024-08-27 09:19:00+05:30,4960.7,4968.5,4956.85,4967.75,4193,
2024-08-27 09:20:00+05:30,4967.75,4980,4966.45,4979,10584,
2024-08-27 09:21:00+05:30,4979,4995.5,4970,4971.85,16895,
2024-08-27 09:22:00+05:30,4975.3,4975.7,4961.95,4969.8,6331,
2024-08-27 09:23:00+05:30,4970,4970.95,4954.85,4966.6,9886,
2024-08-27 09:24:00+05:30,4966.6,4973.4,4960,4963.95,5351,
2024-08-27 09:25:00+05:30,4964.05,4964.05,4955,4956.95,2937,
2024-08-27 09:26:00+05:30,4956.95,4958.85,4952,4956.55,4301,
2024-08-27 09:27:00+05:30,4956.55,4956.55,4945,4952,4769,
2024-08-27 09:28:00+05:30,4952,4961,4952,4961,1784,
2024-08-27 09:29:00+05:30,4961,4967,4954.9,4955,1434,
2024-08-27 09:30:00+05:30,4955,4957.95,4948.35,4950,1439,
2024-08-27 09:31:00+05:30,4950,4950,4937.6,4941,2761,
2024-08-27 09:32:00+05:30,4942.5,4946.9,4940,4941,6008,
2024-08-27 09:33:00+05:30,4942.6,4942.6,4924.55,4924.8,4119,
2024-08-27 09:34:00+05:30,4928.25,4939.2,4925.15,4936.25,2929,
2024-08-27 09:35:00+05:30,4936.25,4939.15,4925,4925,5279,
2024-08-27 09:36:00+05:30,4925,4928.35,4920,4922.25,1841,
2024-08-27 09:37:00+05:30,4920.1,4925,4918,4925,2880,
2024-08-27 09:38:00+05:30,4925,4927.55,4921.9,4922.65,2049,
2024-08-27 09:39:00+05:30,4922.65,4924,4916,4919.15,1377,
2024-08-27 09:40:00+05:30,4920.5,4921.7,4918,4919.25,594,
2024-08-27 09:41:00+05:30,4916,4918.6,4915.4,4918,1324,
2024-08-27 09:42:00+05:30,4916.1,4919.05,4910,4910,2625,
2024-08-27 09:43:00+05:30,4910,4915.8,4910,4914.3,987,
2024-08-27 09:44:00+05:30,4914.3,4923.05,4914.3,4923.05,379,
2024-08-27 09:45:00+05:30,4923.05,4923.05,4916,4916,635,
2024-08-27 09:46:00+05:30,4916,4918.4,4915,4915.8,947,
2024-08-27 09:47:00+05:30,4915.8,4916.7,4913.4,4914.05,883,
2024-08-27 09:48:00+05:30,4916.55,4919.35,4914.15,4917.25,177,
2024-08-27 09:49:00+05:30,4917.25,4917.25,4910,4910.45,1309,
2024-08-27 09:50:00+05:30,4910,4913,4910,4910.55,350,
2024-08-27 09:51:00+05:30,4910.55,4923,4910.55,4922.9,1813,
2024-08-27 09:52:00+05:30,4922.9,4923,4920.8,4922,179,
2024-08-27 09:53:00+05:30,4922,4928.85,4920.8,4928.85,414,
2024-08-27 09:54:00+05:30,4926.05,4928.5,4920.05,4924.4,1168,
2024-08-27 09:55:00+05:30,4924.4,4924.4,4922.1,4922.3,161,
2024-08-27 09:56:00+05:30,4922.35,4929.9,4922.15,4927.35,867,
2024-08-27 09:57:00+05:30,4927.35,4930,4926.7,4929,1689,
2024-08-27 09:58:00+05:30,4929,4929,4923.05,4925.35,1799,
2024-08-27 09:59:00+05:30,4925.35,4925.35,4920,4922,510,
2024-08-27 10:00:00+05:30,4922,4923.45,4920.85,4920.9,83,
2024-08-27 10:01:00+05:30,4920,4926.2,4920,4923.95,495,
2024-08-27 10:02:00+05:30,4923.75,4926.25,4921.1,4921.1,73,
2024-08-27 10:03:00+05:30,4921.1,4923.4,4920,4922.7,261,
2024-08-27 10:04:00+05:30,4922.7,4922.7,4920.1,4922.55,116,
2024-08-27 10:05:00+05:30,4920.65,4926.25,4920,4924.3,3915,
2024-08-27 10:06:00+05:30,4924.3,4929.4,4923.6,4928.95,426,
2024-08-27 10:07:00+05:30,4928.95,4932,4922.9,4922.9,2138,
2024-08-27 10:08:00+05:30,4922.9,4925.55,4922.9,4925,169,
2024-08-27 10:09:00+05:30,4925,4926.65,4925,4926.65,519,
2024-08-27 10:10:00+05:30,4926.65,4926.65,4920.65,4922.55,685,
2024-08-27 10:11:00+05:30,4922.55,4922.75,4911.3,4913.9,4711,
2024-08-27 10:12:00+05:30,4913.9,4915,4911,4911.05,1021,
2024-08-27 10:13:00+05:30,4911.05,4915.15,4905.3,4905.3,2459,
2024-08-27 10:14:00+05:30,4905.35,4912.9,4904.8,4910.9,859,
2024-08-27 10:15:00+05:30,4910.9,4910.9,4910,4910.05,296,
2024-08-27 10:16:00+05:30,4910.05,4913.15,4910,4911.5,238,
2024-08-27 10:17:00+05:30,4911.8,4914.25,4910,4912.45,176,
2024-08-27 10:18:00+05:30,4912.45,4914.65,4912,4912,139,
2024-08-27 10:19:00+05:30,4912,4914.1,4911.05,4911.6,111,
2024-08-27 10:20:00+05:30,4911.5,4915.8,4911,4915.3,331,
2024-08-27 10:21:00+05:30,4917,4922.5,4915.05,4921.75,630,
2024-08-27 10:22:00+05:30,4921.75,4921.75,4917.35,4921.2,203,
2024-08-27 10:23:00+05:30,4921.2,4922,4918.2,4920.9,281,
2024-08-27 10:24:00+05:30,4920.9,4920.95,4918.35,4918.35,86,
2024-08-27 10:25:00+05:30,4918.35,4921,4918.35,4920,46,
2024-08-27 10:26:00+05:30,4920,4922.95,4920,4921.8,318,
2024-08-27 10:27:00+05:30,4920.75,4923.9,4920.65,4923.9,323,
2024-08-27 10:28:00+05:30,4923.9,4923.9,4920,4920,99,
2024-08-27 10:29:00+05:30,4920,4920,4907.7,4907.7,471,
2024-08-27 10:30:00+05:30,4907.7,4914.8,4906.9,4914.8,1973,
2024-08-27 10:31:00+05:30,4914.8,4919.15,4913.3,4914.75,147,
2024-08-27 10:32:00+05:30,4914.75,4916.3,4912.1,4916.3,61,
2024-08-27 10:33:00+05:30,4916.3,4916.3,4914.05,4915.5,80,
2024-08-27 10:34:00+05:30,4916,4919.4,4915.5,4917.8,261,
2024-08-27 10:35:00+05:30,4917.8,4920.6,4917.7,4920.6,122,
2024-08-27 10:36:00+05:30,4920.6,4921.05,4919.95,4920,459,
2024-08-27 10:37:00+05:30,4920,4920,4920,4920,46,
2024-08-27 10:38:00+05:30,4920,4920.95,4920,4920,224,
2024-08-27 10:39:00+05:30,4920,4921.45,4916.1,4921.45,747,
2024-08-27 10:40:00+05:30,4921.45,4923.45,4920.85,4923.15,52,
2024-08-27 10:41:00+05:30,4923.15,4923.15,4920.1,4922.6,292,
2024-08-27 10:42:00+05:30,4922.6,4922.6,4921.95,4921.95,243,
2024-08-27 10:43:00+05:30,4922,4922.95,4920.55,4922.95,42,
2024-08-27 10:44:00+05:30,4922.95,4922.95,4921.4,4921.65,94,
2024-08-27 10:45:00+05:30,4921.8,4923.45,4921.8,4923,113,
2024-08-27 10:46:00+05:30,4923,4924.4,4922,4922,248,
2024-08-27 10:47:00+05:30,4922,4923.65,4921,4923.65,357,
2024-08-27 10:48:00+05:30,4923.65,4923.65,4922.75,4923.65,43,
2024-08-27 10:49:00+05:30,4923.65,4925,4922.75,4925,108,
2024-08-27 10:50:00+05:30,4925,4925,4923.2,4923.5,27,
2024-08-27 10:51:00+05:30,4923.5,4925,4922.5,4924.3,41,
2024-08-27 10:52:00+05:30,4924.3,4924.3,4921.05,4922,199,
2024-08-27 10:53:00+05:30,4922,4923.45,4916.7,4920.9,2935,
2024-08-27 10:54:00+05:30,4921,4922.7,4921,4922.7,574,
2024-08-27 10:55:00+05:30,4922.7,4922.75,4920.9,4921.85,91,
2024-08-27 10:56:00+05:30,4921.85,4925.95,4921.85,4925.95,436,
2024-08-27 10:57:00+05:30,4925.95,4928.65,4925.6,4926.45,208,
2024-08-27 10:58:00+05:30,4926.45,4928.05,4926.35,4926.45,27,
2024-08-27 10:59:00+05:30,4926.45,4929,4926.3,4928.8,108,
2024-08-27 11:00:00+05:30,4926.6,4930,4926.6,4930,8072,
2024-08-27 11:01:00+05:30,4930,4930,4925.4,4925.65,44,
2024-08-27 11:02:00+05:30,4925.65,4925.65,4922.85,4922.85,48,
2024-08-27 11:03:00+05:30,4922.85,4924.55,4920,4922,497,
2024-08-27 11:04:00+05:30,4922,4922.95,4922,4922.95,89,
2024-08-27 11:05:00+05:30,4922.9,4922.9,4920.3,4922.85,51,
2024-08-27 11:06:00+05:30,4921.25,4927.65,4920.8,4922.5,1737,
2024-08-27 11:07:00+05:30,4922.5,4925.4,4920,4920,510,
2024-08-27 11:08:00+05:30,4920,4925,4920,4921.8,2501,
2024-08-27 11:09:00+05:30,4921.8,4924.9,4921.35,4921.85,65,
2024-08-27 11:10:00+05:30,4921.85,4923.2,4921.25,4921.75,56,
2024-08-27 11:11:00+05:30,4921.75,4923.55,4911.85,4911.85,2862,
2024-08-27 11:12:00+05:30,4911.85,4911.85,4905.25,4907.3,1481,
2024-08-27 11:13:00+05:30,4907.3,4909.95,4905.3,4905.3,454,
2024-08-27 11:14:00+05:30,4905.55,4910,4905,4910,365,
2024-08-27 11:15:00+05:30,4910,4910,4906.5,4909.45,166,
2024-08-27 11:16:00+05:30,4909.45,4911.95,4907.35,4909.4,501,
2024-08-27 11:17:00+05:30,4911.3,4911.35,4908.9,4910,79,
2024-08-27 11:18:00+05:30,4910,4912.25,4910,4912.1,683,
2024-08-27 11:19:00+05:30,4912.1,4915.3,4905.75,4905.75,1461,
2024-08-27 11:20:00+05:30,4905.4,4907.3,4905,4905.55,161,
2024-08-27 11:21:00+05:30,4905.55,4905.55,4892,4900.65,5617,
2024-08-27 11:22:00+05:30,4900.65,4903.4,4897.55,4901.75,1941,
2024-08-27 11:23:00+05:30,4901.75,4902.3,4891,4894.8,1041,
2024-08-27 11:24:00+05:30,4894.8,4897.65,4892,4897.65,429,
2024-08-27 11:25:00+05:30,4897.65,4898.65,4894.55,4896,354,
2024-08-27 11:26:00+05:30,4896,4901.55,4896,4901.55,85,
2024-08-27 11:27:00+05:30,4899,4900,4898.35,4898.35,330,
2024-08-27 11:28:00+05:30,4898.35,4899.75,4898.35,4899.75,50,
2024-08-27 11:29:00+05:30,4899.75,4899.75,4894.55,4894.55,271,
2024-08-27 11:30:00+05:30,4894.55,4894.55,4882.8,4889.5,3275,
2024-08-27 11:31:00+05:30,4889.5,4892,4888,4890.1,809,
2024-08-27 11:32:00+05:30,4890.1,4895.55,4890,4895.55,151,
2024-08-27 11:33:00+05:30,4895.85,4896,4892.4,4895,350,
2024-08-27 11:34:00+05:30,4895,4896.6,4892.25,4894.3,703,
2024-08-27 11:35:00+05:30,4894.25,4896,4892.8,4895,140,
2024-08-27 11:36:00+05:30,4895,4895,4892.05,4895,1538,
2024-08-27 11:37:00+05:30,4895,4895,4890,4890,522,
2024-08-27 11:38:00+05:30,4890,4890,4887.1,4887.1,408,
2024-08-27 11:39:00+05:30,4889.25,4889.45,4887.1,4888.95,169,
2024-08-27 11:40:00+05:30,4888.95,4892.7,4885.6,4892,767,
2024-08-27 11:41:00+05:30,4892,4892,4890,4890,150,
2024-08-27 11:42:00+05:30,4890,4891,4890,4891,184,
2024-08-27 11:43:00+05:30,4891,4892.35,4889.6,4892.35,164,
2024-08-27 11:44:00+05:30,4890.55,4896,4890.55,4894,1615,
2024-08-27 11:45:00+05:30,4894,4896.7,4893.25,4896.7,1990,
2024-08-27 11:46:00+05:30,4896.7,4897.25,4894.65,4897.25,45,
2024-08-27 11:47:00+05:30,4897.2,4897.45,4895.8,4897.1,346,
2024-08-27 11:48:00+05:30,4897.1,4897.1,4892,4894.75,865,
2024-08-27 11:49:00+05:30,4894.75,4894.75,4890.05,4892.25,595,
2024-08-27 11:50:00+05:30,4892.25,4894.75,4891.8,4893.05,54,
2024-08-27 11:51:00+05:30,4893.05,4894,4891.55,4891.8,129,
2024-08-27 11:52:00+05:30,4891.8,4894.75,4890,4893.6,1318,
2024-08-27 11:53:00+05:30,4893.6,4893.6,4889.95,4891,231,
2024-08-27 11:54:00+05:30,4891,4891,4890,4890.55,101,
2024-08-27 11:55:00+05:30,4890.55,4894.45,4890.5,4892.95,111,
2024-08-27 11:56:00+05:30,4892.95,4894.35,4890.05,4890.45,170,
2024-08-27 11:57:00+05:30,4890,4891.05,4890,4890,350,
2024-08-27 11:58:00+05:30,4890,4891.65,4890,4891,27,
2024-08-27 11:59:00+05:30,4891,4891,4890,4890,274,
2024-08-27 12:00:00+05:30,4890.2,4891,4890,4890.75,167,
2024-08-27 12:01:00+05:30,4890.75,4892,4888.8,4890,284,
2024-08-27 12:02:00+05:30,4890,4892.8,4888.8,4892.8,126,
2024-08-27 12:03:00+05:30,4892.8,4893.8,4890.1,4892,90,
2024-08-27 12:04:00+05:30,4892,4893.95,4892,4892.9,87,
2024-08-27 12:05:00+05:30,4892.9,4895.1,4890.05,4895.1,1659,
2024-08-27 12:06:00+05:30,4895.1,4900.9,4895.1,4899.8,300,
2024-08-27 12:07:00+05:30,4899.8,4900,4895.5,4895.5,121,
2024-08-27 12:08:00+05:30,4896.55,4900,4889.65,4890.1,1201,
2024-08-27 12:09:00+05:30,4890.1,4891.15,4886.05,4889.75,541,
2024-08-27 12:10:00+05:30,4889.75,4890.15,4887.1,4889,163,
2024-08-27 12:11:00+05:30,4889,4892.1,4889,4890.5,128,
2024-08-27 12:12:00+05:30,4890.5,4894.9,4890.4,4892,54,
2024-08-27 12:13:00+05:30,4892,4895,4890.75,4894,34,
2024-08-27 12:14:00+05:30,4894,4897.05,4893.1,4897.05,105,
2024-08-27 12:15:00+05:30,4897.05,4897.45,4893.1,4894.35,157,
2024-08-27 12:16:00+05:30,4894.35,4894.35,4890.1,4890.25,499,
2024-08-27 12:17:00+05:30,4890.25,4893.6,4890.25,4890.9,86,
2024-08-27 12:18:00+05:30,4890.9,4894.95,4890.9,4894.95,104,
2024-08-27 12:19:00+05:30,4894.95,4894.95,4891.65,4891.7,113,
2024-08-27 12:20:00+05:30,4892.7,4892.7,4890.05,4891.7,77,
2024-08-27 12:21:00+05:30,4890.45,4895.05,4890.05,4895,1039,
2024-08-27 12:22:00+05:30,4895,4896.75,4891,4895,345,
2024-08-27 12:23:00+05:30,4895,4900.2,4895,4900,550,
2024-08-27 12:24:00+05:30,4900,4900.85,4900,4900.4,88,
2024-08-27 12:25:00+05:30,4900.4,4902.5,4900.4,4902,356,
2024-08-27 12:26:00+05:30,4902,4904.05,4902,4904.05,135,
2024-08-27 12:27:00+05:30,4903.45,4903.45,4901.35,4901.35,143,
2024-08-27 12:28:00+05:30,4901.35,4903.05,4900.8,4901.25,108,
2024-08-27 12:29:00+05:30,4901.25,4902.6,4900.55,4900.55,42,
2024-08-27 12:30:00+05:30,4900.55,4902.4,4900.55,4902.4,34,
2024-08-27 12:31:00+05:30,4902.4,4903,4900.6,4903,224,
2024-08-27 12:32:00+05:30,4903,4905,4901.6,4904.35,2117,
2024-08-27 12:33:00+05:30,4904.35,4904.45,4901.2,4904.45,173,
2024-08-27 12:34:00+05:30,4904.45,4904.95,4901.35,4903.1,152,
2024-08-27 12:35:00+05:30,4903.1,4904.8,4902.15,4902.25,36,
2024-08-27 12:36:00+05:30,4902.25,4903.55,4902.1,4902.9,57,
2024-08-27 12:37:00+05:30,4902.9,4906.75,4902.55,4905.7,828,
2024-08-27 12:38:00+05:30,4906.9,4908,4905,4908,337,
2024-08-27 12:39:00+05:30,4907.95,4908,4906.7,4907.25,261,
2024-08-27 12:40:00+05:30,4908,4909.5,4907.05,4908,109,
2024-08-27 12:41:00+05:30,4908,4909,4908,4908,300,
2024-08-27 12:42:00+05:30,4908.25,4910,4906,4906,397,
2024-08-27 12:43:00+05:30,4906,4908.25,4902.55,4908.25,337,
2024-08-27 12:44:00+05:30,4908.25,4908.25,4902.65,4905,51,
2024-08-27 12:45:00+05:30,4905,4910,4905,4909.45,1635,
2024-08-27 12:46:00+05:30,4909.45,4909.45,4905,4906,341,
2024-08-27 12:47:00+05:30,4906,4907.45,4905,4905,102,
2024-08-27 12:48:00+05:30,4905,4909.25,4905,4909.25,119,
2024-08-27 12:49:00+05:30,4909.25,4909.25,4905,4909.25,503,
2024-08-27 12:50:00+05:30,4906.25,4908.4,4905,4905,348,
2024-08-27 12:51:00+05:30,4905,4906.8,4905,4906.8,109,
2024-08-27 12:52:00+05:30,4906.55,4906.55,4905,4905.5,297,
2024-08-27 12:53:00+05:30,4905.5,4907.75,4905,4906.4,74,
2024-08-27 12:54:00+05:30,4907.35,4908.95,4905.5,4908.9,90,
2024-08-27 12:55:00+05:30,4907.35,4908.9,4905.75,4907.95,111,
2024-08-27 12:56:00+05:30,4907.95,4907.95,4905.55,4907.95,42,
2024-08-27 12:57:00+05:30,4907.95,4907.95,4904.95,4906.2,456,
2024-08-27 12:58:00+05:30,4906.2,4907.05,4905.55,4905.55,33,
2024-08-27 12:59:00+05:30,4905.55,4912,4905.55,4912,1107,
2024-08-27 13:00:00+05:30,4912,4912,4910,4910.25,287,
2024-08-27 13:01:00+05:30,4912.95,4912.95,4904.55,4907.65,961,
2024-08-27 13:02:00+05:30,4907.65,4908.4,4905.6,4905.85,134,
2024-08-27 13:03:00+05:30,4905.85,4913,4905.15,4913,815,
2024-08-27 13:04:00+05:30,4910,4913,4910,4910,534,
2024-08-27 13:05:00+05:30,4910,4913,4905.55,4910,2198,
2024-08-27 13:06:00+05:30,4910,4912.2,4910,4911.9,278,
2024-08-27 13:07:00+05:30,4911.9,4912.45,4910,4910,162,
2024-08-27 13:08:00+05:30,4910,4910.95,4906.35,4908.7,1572,
2024-08-27 13:09:00+05:30,4908.7,4910.2,4906,4907.35,146,
2024-08-27 13:10:00+05:30,4907.35,4908.7,4907,4908.7,243,
2024-08-27 13:11:00+05:30,4908.7,4908.9,4907,4908.9,65,
2024-08-27 13:12:00+05:30,4908.9,4909.7,4907,4909.7,98,
2024-08-27 13:13:00+05:30,4908.4,4909.7,4907,4907.95,554,
2024-08-27 13:14:00+05:30,4907.95,4909.15,4907,4909.15,197,
2024-08-27 13:15:00+05:30,4910,4910,4905.3,4908.2,634,
2024-08-27 13:16:00+05:30,4908.2,4909,4906.35,4906.35,127,
2024-08-27 13:17:00+05:30,4906.35,4907.75,4905,4905,44,
2024-08-27 13:18:00+05:30,4905,4906.4,4905,4905.05,48,
2024-08-27 13:19:00+05:30,4905.05,4905.05,4897.05,4897.4,1192,
2024-08-27 13:20:00+05:30,4897.4,4900,4897.4,4900,91,
2024-08-27 13:21:00+05:30,4901,4910,4900,4910,5521,
2024-08-27 13:22:00+05:30,4907.35,4911.45,4907.35,4910,830,
2024-08-27 13:23:00+05:30,4910,4912,4910,4912,202,
2024-08-27 13:24:00+05:30,4910,4911.75,4910,4910.05,523,
2024-08-27 13:25:00+05:30,4910,4911.8,4905.55,4907.5,1039,
2024-08-27 13:26:00+05:30,4910.5,4910.5,4906.85,4906.85,85,
2024-08-27 13:27:00+05:30,4906.85,4907.35,4905.95,4906,42,
2024-08-27 13:28:00+05:30,4906,4910,4906,4908.25,75,
2024-08-27 13:29:00+05:30,4908.25,4910,4907.05,4908.85,57,
2024-08-27 13:30:00+05:30,4908.2,4909.75,4908.2,4909.75,92,
2024-08-27 13:31:00+05:30,4908.9,4909.75,4908,4909.75,54,
2024-08-27 13:32:00+05:30,4909.75,4909.75,4906.35,4907.7,89,
2024-08-27 13:33:00+05:30,4907.7,4909.75,4907.5,4909.3,217,
2024-08-27 13:34:00+05:30,4908.05,4911.6,4907.9,4911.25,450,
2024-08-27 13:35:00+05:30,4911.25,4912,4910.05,4910.15,97,
2024-08-27 13:36:00+05:30,4912,4913,4910.2,4912.2,271,
2024-08-27 13:37:00+05:30,4912.2,4913,4910.3,4912.95,267,
2024-08-27 13:38:00+05:30,4912.95,4912.95,4907.9,4907.9,67,
2024-08-27 13:39:00+05:30,4910.7,4910.7,4906.05,4906.05,327,
2024-08-27 13:40:00+05:30,4906.05,4909,4905.6,4908,245,
2024-08-27 13:41:00+05:30,4908,4910,4905.8,4906.15,2610,
2024-08-27 13:42:00+05:30,4906.15,4910.4,4906.15,4910,1940,
2024-08-27 13:43:00+05:30,4910,4911.95,4910,4911.9,56,
2024-08-27 13:44:00+05:30,4911.9,4916.9,4911,4914.3,442,
2024-08-27 13:45:00+05:30,4914.3,4916,4912.3,4912.95,154,
2024-08-27 13:46:00+05:30,4912.95,4916,4912,4916,488,
2024-08-27 13:47:00+05:30,4916,4916,4914.35,4915,175,
2024-08-27 13:48:00+05:30,4915,4915,4911,4911,1143,
2024-08-27 13:49:00+05:30,4911,4914,4911,4913.05,1069,
2024-08-27 13:50:00+05:30,4913.05,4915.1,4911.75,4914.5,225,
2024-08-27 13:51:00+05:30,4914.5,4914.5,4910.9,4910.9,209,
2024-08-27 13:52:00+05:30,4910.9,4913,4910.5,4912.75,173,
2024-08-27 13:53:00+05:30,4912.75,4912.9,4909.15,4910.3,255,
2024-08-27 13:54:00+05:30,4910.3,4913,4910,4910,79,
2024-08-27 13:55:00+05:30,4910,4910,4906,4906.5,2670,
2024-08-27 13:56:00+05:30,4906.5,4908.8,4905.3,4907.4,179,
2024-08-27 13:57:00+05:30,4907.4,4909.35,4906,4907.4,115,
2024-08-27 13:58:00+05:30,4907.4,4909.3,4907,4907.5,213,
2024-08-27 13:59:00+05:30,4907.5,4909.8,4907.5,4907.5,197,
2024-08-27 14:00:00+05:30,4909,4909.65,4905.8,4905.8,202,
2024-08-27 14:01:00+05:30,4908.6,4909.05,4905.15,4909.05,194,
2024-08-27 14:02:00+05:30,4909.05,4909.05,4905,4905,139,
2024-08-27 14:03:00+05:30,4905,4905,4902,4903.15,451,
2024-08-27 14:04:00+05:30,4903.15,4903.15,4900,4900.05,320,
2024-08-27 14:05:00+05:30,4900.05,4901.65,4899,4899,1103,
2024-08-27 14:06:00+05:30,4899,4901.45,4899,4900,2608,
2024-08-27 14:07:00+05:30,4901.3,4902.45,4900,4902.35,219,
2024-08-27 14:08:00+05:30,4900.5,4904.85,4900.25,4904.85,183,
2024-08-27 14:09:00+05:30,4904.85,4905.4,4901.25,4902.8,116,
2024-08-27 14:10:00+05:30,4903.5,4906.65,4901.65,4901.65,523,
2024-08-27 14:11:00+05:30,4901.65,4904.3,4901.2,4902.1,106,
2024-08-27 14:12:00+05:30,4902.1,4905.65,4901.05,4904.45,207,
2024-08-27 14:13:00+05:30,4904.45,4904.45,4902,4902.15,34,
2024-08-27 14:14:00+05:30,4902.15,4904,4901.6,4902.1,112,
2024-08-27 14:15:00+05:30,4902.1,4903.4,4901,4903.4,54,
2024-08-27 14:16:00+05:30,4902.25,4904.3,4901,4904.3,279,
2024-08-27 14:17:00+05:30,4904.3,4904.3,4901,4902.05,125,
2024-08-27 14:18:00+05:30,4902.05,4903.05,4899.3,4900.05,953,
2024-08-27 14:19:00+05:30,4902.7,4902.7,4900,4900,101,
2024-08-27 14:20:00+05:30,4900,4901.9,4900,4901.9,109,
2024-08-27 14:21:00+05:30,4901.9,4901.9,4899.25,4900.2,744,
2024-08-27 14:22:00+05:30,4900.2,4900.2,4897,4898.8,8176,
2024-08-27 14:23:00+05:30,4898.8,4901.2,4897,4900,2839,
2024-08-27 14:24:00+05:30,4900,4901.45,4897,4897.7,315,
2024-08-27 14:25:00+05:30,4897.7,4901.15,4897,4897.05,583,
2024-08-27 14:26:00+05:30,4897,4900.75,4896.5,4899.7,115,
2024-08-27 14:27:00+05:30,4900.75,4900.75,4898.85,4899.8,83,
2024-08-27 14:28:00+05:30,4899.8,4899.8,4896.8,4897.85,122,
2024-08-27 14:29:00+05:30,4896.95,4898,4895.1,4896.45,729,
2024-08-27 14:30:00+05:30,4896.45,4901.6,4896.45,4901.6,1148,
2024-08-27 14:31:00+05:30,4901.6,4905.55,4897.8,4899.1,2151,
2024-08-27 14:32:00+05:30,4899.1,4904.65,4899.1,4900,2671,
2024-08-27 14:33:00+05:30,4900,4907.7,4899.3,4902.3,2721,
2024-08-27 14:34:00+05:30,4902.3,4908.5,4901.1,4908.5,1723,
2024-08-27 14:35:00+05:30,4908.5,4908.7,4903.7,4903.7,440,
2024-08-27 14:36:00+05:30,4903.7,4905.25,4899.35,4900,650,
2024-08-27 14:37:00+05:30,4900,4900.95,4895.6,4897.45,1759,
2024-08-27 14:38:00+05:30,4897.45,4901.8,4897.45,4899.7,1401,
2024-08-27 14:39:00+05:30,4899.75,4902.7,4897.8,4900,2173,
2024-08-27 14:40:00+05:30,4900,4902.6,4898.6,4902.6,869,
2024-08-27 14:41:00+05:30,4902.6,4903.55,4900.75,4901.3,93,
2024-08-27 14:42:00+05:30,4901.3,4905,4901.3,4905,218,
2024-08-27 14:43:00+05:30,4905.5,4905.7,4901.75,4902.65,450,
2024-08-27 14:44:00+05:30,4903.25,4906,4902.3,4904,164,
2024-08-27 14:45:00+05:30,4904.75,4905.45,4901.05,4903.3,84,
2024-08-27 14:46:00+05:30,4902.15,4904.4,4901,4902.65,582,
2024-08-27 14:47:00+05:30,4901.8,4904.8,4901,4903.35,155,
2024-08-27 14:48:00+05:30,4903.35,4905.3,4902,4902.45,212,
2024-08-27 14:49:00+05:30,4903.4,4904.7,4901.8,4904.35,185,
2024-08-27 14:50:00+05:30,4901.85,4904.35,4900,4900,185,
2024-08-27 14:51:00+05:30,4900.7,4902.75,4900,4901,341,
2024-08-27 14:52:00+05:30,4901,4903.15,4894.45,4895.55,4311,
2024-08-27 14:53:00+05:30,4895.05,4898.3,4888.55,4894.6,3093,
2024-08-27 14:54:00+05:30,4894.6,4900,4894.6,4898,900,
2024-08-27 14:55:00+05:30,4898.3,4899,4898,4898,390,
2024-08-27 14:56:00+05:30,4898,4898,4894.8,4896.35,453,
2024-08-27 14:57:00+05:30,4896.35,4897.55,4890.9,4893.65,1677,
2024-08-27 14:58:00+05:30,4893.65,4896,4892.55,4896,726,
2024-08-27 14:59:00+05:30,4894.1,4895.75,4893.05,4895,250,
2024-08-27 15:00:00+05:30,4896,4898.6,4895.9,4896.7,443,
2024-08-27 15:01:00+05:30,4897.35,4898.9,4896.3,4897.4,705,
2024-08-27 15:02:00+05:30,4897.4,4902.4,4897.4,4901.5,1852,
2024-08-27 15:03:00+05:30,4901.5,4905,4901.5,4903.75,1364,
2024-08-27 15:04:00+05:30,4903.75,4903.75,4899.65,4900,3893,
2024-08-27 15:05:00+05:30,4900,4901.2,4897.5,4898.5,1631,
2024-08-27 15:06:00+05:30,4898.5,4898.95,4897.35,4898.25,384,
2024-08-27 15:07:00+05:30,4898.25,4900.5,4898.25,4898.95,2171,
2024-08-27 15:08:00+05:30,4899.65,4899.65,4897.9,4897.95,267,
2024-08-27 15:09:00+05:30,4898,4904.8,4897.95,4904.8,476,
2024-08-27 15:10:00+05:30,4909.15,4909.15,4900.95,4903.75,5051,
2024-08-27 15:11:00+05:30,4904,4905,4900.95,4904.1,2328,
2024-08-27 15:12:00+05:30,4904.1,4906.4,4900.7,4904.55,2845,
2024-08-27 15:13:00+05:30,4904.55,4907.95,4900,4901.4,3290,
2024-08-27 15:14:00+05:30,4901.3,4906.55,4900,4904.9,2440,
2024-08-27 15:15:00+05:30,4904.85,4908,4901.4,4902.1,2778,
2024-08-27 15:16:00+05:30,4902.1,4906.25,4900,4903.25,3217,
2024-08-27 15:17:00+05:30,4903.25,4905.05,4900.1,4902,2833,
2024-08-27 15:18:00+05:30,4901.75,4905.95,4900,4902.65,2297,
2024-08-27 15:19:00+05:30,4902.65,4906.9,4902.6,4906.9,1635,
2024-08-27 15:20:00+05:30,4904.55,4905.05,4900,4903.85,5569,
2024-08-27 15:21:00+05:30,4903.85,4907.3,4900.2,4901.65,2397,
2024-08-27 15:22:00+05:30,4901.65,4907.9,4900.65,4904.95,1984,
2024-08-27 15:23:00+05:30,4904.95,4907.2,4899.3,4899.3,1531,
2024-08-27 15:24:00+05:30,4899.3,4908.95,4899.3,4902.5,1977,
2024-08-27 15:25:00+05:30,4902.5,4903.4,4900,4901.55,3061,
2024-08-27 15:26:00+05:30,4900.05,4904.35,4899.45,4903.5,2016,
2024-08-27 15:27:00+05:30,4903.75,4906.8,4895.75,4896.25,5161,
2024-08-27 15:28:00+05:30,4896.25,4898.95,4888.95,4890.9,404,
2024-08-27 15:29:00+05:30,4890.9,4900,4889.95,4900,335,
2024-08-28 09:15:00+05:30,4882.1,4915.9,4872.7,4880.1,6116,
2024-08-28 09:16:00+05:30,4880.1,4887.15,4874.1,4879.9,2561,
2024-08-28 09:17:00+05:30,4879.9,4879.9,4866.05,4867.05,3051,
2024-08-28 09:18:00+05:30,4869.75,4873.95,4868,4871.75,968,
2024-08-28 09:19:00+05:30,4871.75,4877.05,4870.6,4877.05,524,
2024-08-28 09:20:00+05:30,4874.7,4882.55,4872.05,4882.3,781,
2024-08-28 09:21:00+05:30,4882.3,4885,4881,4885,1041,
2024-08-28 09:22:00+05:30,4885,4886.75,4882,4885.6,347,
2024-08-28 09:23:00+05:30,4885.6,4885.6,4882.1,4885,362,
2024-08-28 09:24:00+05:30,4885,4889.5,4884.45,4884.45,254,
2024-08-28 09:25:00+05:30,4884.45,4886.35,4873,4873,1763,
2024-08-28 09:26:00+05:30,4873,4880,4870.85,4877.65,2329,
2024-08-28 09:27:00+05:30,4877.65,4883.7,4877.65,4882.95,328,
2024-08-28 09:28:00+05:30,4882.95,4883.2,4877.8,4881.3,698,
2024-08-28 09:29:00+05:30,4881.3,4881.3,4877.65,4878,31,
2024-08-28 09:30:00+05:30,4878,4882.4,4872.05,4873.55,411,
2024-08-28 09:31:00+05:30,4873.55,4873.6,4869,4870.4,2064,
2024-08-28 09:32:00+05:30,4870.05,4871.2,4863.45,4863.45,3041,
2024-08-28 09:33:00+05:30,4865.2,4866.85,4860.05,4864.95,1994,
2024-08-28 09:34:00+05:30,4865,4865,4858.95,4859.55,1275,
2024-08-28 09:35:00+05:30,4861.9,4865.05,4859.6,4863.05,541,
2024-08-28 09:36:00+05:30,4864,4866.95,4861.75,4861.75,787,
2024-08-28 09:37:00+05:30,4861.75,4867.25,4861.75,4866.9,2042,
2024-08-28 09:38:00+05:30,4866.3,4866.3,4859,4864.1,1225,
2024-08-28 09:39:00+05:30,4864.15,4867.95,4862.1,4866.05,525,
2024-08-28 09:40:00+05:30,4866.05,4868.6,4866.05,4868.6,288,
2024-08-28 09:41:00+05:30,4868.65,4869.75,4866.2,4867.6,288,
2024-08-28 09:42:00+05:30,4868.3,4876.95,4868.3,4875.9,1351,
2024-08-28 09:43:00+05:30,4876,4877,4870.85,4870.9,965,
2024-08-28 09:44:00+05:30,4871.95,4875,4867.85,4867.85,1247,
2024-08-28 09:45:00+05:30,4867.8,4869.8,4866.2,4869.8,547,
2024-08-28 09:46:00+05:30,4869.8,4877.95,4869.1,4877.95,387,
2024-08-28 09:47:00+05:30,4877.95,4880,4876.4,4880,499,
2024-08-28 09:48:00+05:30,4880.05,4886.45,4880.05,4885.45,820,
2024-08-28 09:49:00+05:30,4883.85,4885.95,4883.75,4885.95,632,
2024-08-28 09:50:00+05:30,4886,4893.45,4886,4890.55,1814,
2024-08-28 09:51:00+05:30,4889.75,4891.1,4884.15,4887.4,822,
2024-08-28 09:52:00+05:30,4887.4,4889.05,4885,4887.7,449,
2024-08-28 09:53:00+05:30,4887.4,4887.4,4882.45,4885.8,544,
2024-08-28 09:54:00+05:30,4885.8,4890.9,4885.55,4885.55,925,
2024-08-28 09:55:00+05:30,4885.2,4887.95,4881,4881.25,452,
2024-08-28 09:56:00+05:30,4881,4885,4880.6,4882,143,
2024-08-28 09:57:00+05:30,4881.15,4883.45,4880.05,4883.45,132,
2024-08-28 09:58:00+05:30,4883.45,4885.5,4880.05,4880.05,308,
2024-08-28 09:59:00+05:30,4882.55,4883.05,4880.05,4883.05,330,
2024-08-28 10:00:00+05:30,4883.05,4887.5,4883.05,4887.5,124,
2024-08-28 10:01:00+05:30,4887.5,4888.5,4884.3,4886.2,153,
2024-08-28 10:02:00+05:30,4886.2,4887.6,4884.3,4886,67,
2024-08-28 10:03:00+05:30,4886,4887,4881.65,4881.65,463,
2024-08-28 10:04:00+05:30,4881.65,4885,4880.5,4882,201,
2024-08-28 10:05:00+05:30,4881,4881.05,4879,4879.7,185,
2024-08-28 10:06:00+05:30,4879.7,4881.05,4874.55,4874.55,409,
2024-08-28 10:07:00+05:30,4874.55,4877.35,4872.7,4872.8,924,
2024-08-28 10:08:00+05:30,4872.8,4879.45,4872.8,4875.75,899,
2024-08-28 10:09:00+05:30,4875.75,4877.9,4875.75,4877.55,59,
2024-08-28 10:10:00+05:30,4877.55,4884.45,4877.55,4883.15,330,
2024-08-28 10:11:00+05:30,4884.9,4888.5,4884.9,4887.1,100,
2024-08-28 10:12:00+05:30,4887.8,4889.95,4885,4885,505,
2024-08-28 10:13:00+05:30,4884.7,4886.4,4882.4,4882.4,145,
2024-08-28 10:14:00+05:30,4882.4,4884,4881.5,4883.75,94,
2024-08-28 10:15:00+05:30,4883.8,4884,4876.05,4878.85,2524,
2024-08-28 10:16:00+05:30,4878.85,4879.95,4877.9,4878.95,107,
2024-08-28 10:17:00+05:30,4878.95,4879,4866,4866.35,3248,
2024-08-28 10:18:00+05:30,4866.35,4870.05,4866.35,4867.3,120,
2024-08-28 10:19:00+05:30,4867.3,4871.05,4866.95,4866.95,216,
2024-08-28 10:20:00+05:30,4866.95,4867.9,4862,4863.15,1562,
2024-08-28 10:21:00+05:30,4865.8,4872.3,4865.55,4870.25,802,
2024-08-28 10:22:00+05:30,4870.25,4877.3,4870.25,4876.85,107,
2024-08-28 10:23:00+05:30,4877.95,4878,4872.7,4872.7,222,
2024-08-28 10:24:00+05:30,4872.7,4875.65,4870.25,4871.7,171,
2024-08-28 10:25:00+05:30,4871.75,4873.45,4870.25,4872.85,371,
2024-08-28 10:26:00+05:30,4872.85,4873.4,4870.3,4871.95,128,
2024-08-28 10:27:00+05:30,4872,4875,4872,4874.55,287,
2024-08-28 10:28:00+05:30,4874.55,4879.9,4874.1,4877.85,171,
2024-08-28 10:29:00+05:30,4877.75,4880,4877,4877,302,
2024-08-28 10:30:00+05:30,4877,4879.15,4876.3,4878.2,89,
2024-08-28 10:31:00+05:30,4878.2,4878.2,4874.8,4877,93,
2024-08-28 10:32:00+05:30,4877.95,4877.95,4874.05,4875.15,182,
2024-08-28 10:33:00+05:30,4875.15,4878.75,4875,4878.3,85,
2024-08-28 10:34:00+05:30,4878.3,4880,4876.4,4877.3,156,
2024-08-28 10:35:00+05:30,4877.7,4880,4876.1,4879.9,275,
2024-08-28 10:36:00+05:30,4879.9,4885,4879.9,4883.05,310,
2024-08-28 10:37:00+05:30,4883.05,4884.95,4882,4882,139,
2024-08-28 10:38:00+05:30,4882,4885.95,4882,4883.7,173,
2024-08-28 10:39:00+05:30,4883.7,4886.75,4883.7,4884.75,206,
2024-08-28 10:40:00+05:30,4884.75,4890.65,4884.75,4888,581,
2024-08-28 10:41:00+05:30,4888.1,4888.1,4885.1,4886.3,249,
2024-08-28 10:42:00+05:30,4886.35,4886.4,4877.5,4877.5,271,
2024-08-28 10:43:00+05:30,4877.5,4882,4877,4877.35,573,
2024-08-28 10:44:00+05:30,4877.35,4880.85,4875,4875.1,402,
2024-08-28 10:45:00+05:30,4875.1,4880.7,4875.1,4877.7,99,
2024-08-28 10:46:00+05:30,4877.7,4885,4877.7,4885,87,
2024-08-28 10:47:00+05:30,4885,4886.9,4882.6,4885,85,
2024-08-28 10:48:00+05:30,4885,4887,4878.1,4878.1,193,
2024-08-28 10:49:00+05:30,4878.1,4882.45,4878.1,4879.95,68,
2024-08-28 10:50:00+05:30,4879.95,4882.9,4879.95,4880.75,107,
2024-08-28 10:51:00+05:30,4880.75,4885,4880.75,4882.6,130,
2024-08-28 10:52:00+05:30,4882.6,4885,4880,4880,87,
2024-08-28 10:53:00+05:30,4880,4882.4,4880,4880,80,
2024-08-28 10:54:00+05:30,4880,4881.65,4878.8,4881,83,
2024-08-28 10:55:00+05:30,4881.3,4883.5,4880.9,4881,159,
2024-08-28 10:56:00+05:30,4881,4882.8,4877.45,4879.8,133,
2024-08-28 10:57:00+05:30,4880.95,4883.95,4880,4881.45,104,
2024-08-28 10:58:00+05:30,4881.45,4885,4881.45,4884.95,64,
2024-08-28 10:59:00+05:30,4885,4886,4883.7,4886,113,
2024-08-28 11:00:00+05:30,4886,4889,4884.75,4887,326,
2024-08-28 11:01:00+05:30,4887.05,4889.9,4886.75,4887.55,141,
2024-08-28 11:02:00+05:30,4887.55,4893,4886,4886,1458,
2024-08-28 11:03:00+05:30,4888,4889,4884.75,4887.3,136,
2024-08-28 11:04:00+05:30,4887.3,4889.95,4886.55,4887.2,149,
2024-08-28 11:05:00+05:30,4887.2,4890,4887.2,4887.9,86,
2024-08-28 11:06:00+05:30,4888.05,4890,4887.5,4888,100,
2024-08-28 11:07:00+05:30,4888,4891,4887.6,4888.05,401,
2024-08-28 11:08:00+05:30,4888.1,4891.45,4885.05,4887.05,1507,
2024-08-28 11:09:00+05:30,4889.7,4890.1,4886.6,4886.6,787,
2024-08-28 11:10:00+05:30,4886.6,4890.15,4885.8,4887,339,
2024-08-28 11:11:00+05:30,4887,4890,4886.5,4889,587,
2024-08-28 11:12:00+05:30,4886.55,4889.85,4886.5,4889.85,229,
2024-08-28 11:13:00+05:30,4889.9,4889.95,4886.5,4886.55,513,
2024-08-28 11:14:00+05:30,4886.55,4891,4886.45,4887.7,251,
2024-08-28 11:15:00+05:30,4887.7,4890.8,4887.25,4887.25,455,
2024-08-28 11:16:00+05:30,4887.25,4889.55,4885.6,4886,282,
2024-08-28 11:17:00+05:30,4886,4890.55,4886,4887.55,889,
2024-08-28 11:18:00+05:30,4887.6,4891.9,4886.3,4886.3,680,
2024-08-28 11:19:00+05:30,4886.3,4890.15,4886.3,4887.45,628,
2024-08-28 11:20:00+05:30,4887.45,4899.35,4884.95,4884.95,7212,
2024-08-28 11:21:00+05:30,4887.3,4890.65,4885.5,4886.8,500,
2024-08-28 11:22:00+05:30,4886.8,4889.95,4885.65,4885.8,370,
2024-08-28 11:23:00+05:30,4885.8,4889.65,4885.7,4886,334,
2024-08-28 11:24:00+05:30,4886,4890.15,4886,4886.2,733,
2024-08-28 11:25:00+05:30,4886.2,4887.95,4885,4886.3,106,
2024-08-28 11:26:00+05:30,4886.3,4886.3,4880,4880,309,
2024-08-28 11:27:00+05:30,4880,4880.15,4878,4878.05,266,
2024-08-28 11:28:00+05:30,4878.05,4893.85,4878.05,4891.75,183372,
2024-08-28 11:29:00+05:30,4892.5,4898,4892.3,4892.65,1854,
2024-08-28 11:30:00+05:30,4892.65,4894.4,4888,4890,291,
2024-08-28 11:31:00+05:30,4891,4891.05,4888.1,4890,186,
2024-08-28 11:32:00+05:30,4890,4904.9,4890,4899.25,9515,
2024-08-28 11:33:00+05:30,4901.7,4901.7,4893.05,4894.75,4788,
2024-08-28 11:34:00+05:30,4894.75,4898.85,4894,4896.65,2739,
2024-08-28 11:35:00+05:30,4896.65,4897.1,4893.55,4894.1,305,
2024-08-28 11:36:00+05:30,4895.7,4897.45,4893.45,4893.45,1152,
2024-08-28 11:37:00+05:30,4893.45,4897.3,4893.25,4897.25,273,
2024-08-28 11:38:00+05:30,4897.15,4900.45,4894.2,4896.3,2427,
2024-08-28 11:39:00+05:30,4899.7,4903.3,4895.25,4900,14577,
2024-08-28 11:40:00+05:30,4900,4909.35,4897.6,4906.5,2090,
2024-08-28 11:41:00+05:30,4906.5,4913.9,4906.5,4907.9,1065,
2024-08-28 11:42:00+05:30,4907.9,4910.45,4907.2,4908.65,798,
2024-08-28 11:43:00+05:30,4908.65,4914,4906,4908.15,1358,
2024-08-28 11:44:00+05:30,4908.15,4910.5,4908,4910.5,292,
2024-08-28 11:45:00+05:30,4912.05,4915,4910.6,4914.7,737,
2024-08-28 11:46:00+05:30,4912,4916.55,4911.6,4915.7,1279,
2024-08-28 11:47:00+05:30,4915.7,4932.35,4915.7,4926.45,4830,
2024-08-28 11:48:00+05:30,4925.65,4929.85,4922.35,4926.95,1046,
2024-08-28 11:49:00+05:30,4925.75,4927,4920.7,4924.35,1024,
2024-08-28 11:50:00+05:30,4922.5,4924.3,4915.8,4917.8,1224,
2024-08-28 11:51:00+05:30,4918.2,4919.95,4915,4917.35,1221,
2024-08-28 11:52:00+05:30,4917.35,4919.6,4912,4913.6,548,
2024-08-28 11:53:00+05:30,4913.6,4917.1,4912,4915.25,930,
2024-08-28 11:54:00+05:30,4915.25,4917,4912.6,4917,315,
2024-08-28 11:55:00+05:30,4917,4922.3,4914.65,4922.25,523,
2024-08-28 11:56:00+05:30,4919.15,4921.75,4915,4915.9,439,
2024-08-28 11:57:00+05:30,4915.9,4919.9,4915.6,4918.1,846,
2024-08-28 11:58:00+05:30,4918.1,4919,4915,4915.15,292,
2024-08-28 11:59:00+05:30,4915.15,4917.8,4915.1,4917.8,263,
2024-08-28 12:00:00+05:30,4917.75,4917.8,4915,4917.6,243,
2024-08-28 12:01:00+05:30,4917.6,4923,4915.5,4922.5,446,
2024-08-28 12:02:00+05:30,4922.55,4924.45,4919.35,4923.7,525,
2024-08-28 12:03:00+05:30,4923.7,4923.7,4920,4922.15,287,
2024-08-28 12:04:00+05:30,4922.15,4924.7,4921.2,4924.7,261,
2024-08-28 12:05:00+05:30,4924.6,4926.85,4923,4926.85,645,
2024-08-28 12:06:00+05:30,4926.85,4926.85,4921,4923,191,
2024-08-28 12:07:00+05:30,4923.05,4923.55,4917.15,4917.15,262,
2024-08-28 12:08:00+05:30,4917.15,4919.75,4916,4918.8,542,
2024-08-28 12:09:00+05:30,4918.8,4921,4917,4918.15,202,
2024-08-28 12:10:00+05:30,4918.15,4924.95,4917.75,4921.6,258,
2024-08-28 12:11:00+05:30,4921.6,4924.95,4921.4,4924.6,150,
2024-08-28 12:12:00+05:30,4924.6,4925.1,4920.1,4923.65,254,
2024-08-28 12:13:00+05:30,4923.7,4925.05,4921.15,4923,255,
2024-08-28 12:14:00+05:30,4923.1,4926.85,4923.05,4925.1,173,
2024-08-28 12:15:00+05:30,4926.75,4929.95,4925,4926.75,843,
2024-08-28 12:16:00+05:30,4926.7,4929.45,4926,4926.25,815,
2024-08-28 12:17:00+05:30,4926.3,4929.3,4926,4929,317,
2024-08-28 12:18:00+05:30,4929,4929.55,4926.5,4926.5,438,
2024-08-28 12:19:00+05:30,4926.5,4929.2,4926,4926.8,434,
2024-08-28 12:20:00+05:30,4926.8,4929.7,4926.5,4927,425,
2024-08-28 12:21:00+05:30,4927,4937.6,4927,4934.8,2335,
2024-08-28 12:22:00+05:30,4934.8,4943.5,4934.4,4940,1281,
2024-08-28 12:23:00+05:30,4940.15,4943.2,4939.45,4941.1,640,
2024-08-28 12:24:00+05:30,4941.1,4942.3,4937,4939,341,
2024-08-28 12:25:00+05:30,4939,4939.4,4936.35,4938,182,
2024-08-28 12:26:00+05:30,4938,4938.8,4935.15,4937.55,290,
2024-08-28 12:27:00+05:30,4937.6,4938.8,4936,4937.1,409,
2024-08-28 12:28:00+05:30,4937.1,4945,4936.6,4943.05,1098,
2024-08-28 12:29:00+05:30,4943.05,4943.9,4940.6,4941.5,739,
2024-08-28 12:30:00+05:30,4941.5,4944.9,4941.5,4941.8,595,
2024-08-28 12:31:00+05:30,4941.8,4947.8,4941.8,4945.2,643,
2024-08-28 12:32:00+05:30,4945.2,4948.8,4945.2,4948.75,947,
2024-08-28 12:33:00+05:30,4948.6,4949,4946,4949,845,
2024-08-28 12:34:00+05:30,4949,4949.9,4946,4948,452,
2024-08-28 12:35:00+05:30,4948,4950,4946.05,4947.6,515,
2024-08-28 12:36:00+05:30,4947.6,4950,4947.35,4949.8,785,
2024-08-28 12:37:00+05:30,4949.9,4950,4947.6,4950,1067,
2024-08-28 12:38:00+05:30,4950,4950,4945.3,4947.7,806,
2024-08-28 12:39:00+05:30,4947.75,4948.3,4945,4947,134,
2024-08-28 12:40:00+05:30,4947,4950,4945.2,4950,858,
2024-08-28 12:41:00+05:30,4950,4950,4947.45,4947.75,272,
2024-08-28 12:42:00+05:30,4947.75,4950,4946.6,4949,277,
2024-08-28 12:43:00+05:30,4949,4949,4946,4946.1,212,
2024-08-28 12:44:00+05:30,4946.15,4949.65,4946.15,4946.5,450,
2024-08-28 12:45:00+05:30,4946.6,4949,4945,4947,557,
2024-08-28 12:46:00+05:30,4944.4,4949,4944.4,4946.1,579,
2024-08-28 12:47:00+05:30,4946.1,4948.85,4945,4946.15,916,
2024-08-28 12:48:00+05:30,4946.15,4949,4946.15,4946.95,246,
2024-08-28 12:49:00+05:30,4946.95,4949,4946.25,4949,163,
2024-08-28 12:50:00+05:30,4949,4949.85,4946.7,4947,257,
2024-08-28 12:51:00+05:30,4947.05,4949.95,4942.55,4943,895,
2024-08-28 12:52:00+05:30,4946.95,4947.35,4942.5,4947.35,403,
2024-08-28 12:53:00+05:30,4947.35,4949,4945.6,4948,167,
2024-08-28 12:54:00+05:30,4948,4949.6,4945.6,4946.85,255,
2024-08-28 12:55:00+05:30,4946.85,4949.9,4945.6,4949.7,468,
2024-08-28 12:56:00+05:30,4949.7,4950,4945.6,4946.75,714,
2024-08-28 12:57:00+05:30,4946.75,4949.6,4946.3,4947.05,153,
2024-08-28 12:58:00+05:30,4947.05,4949.85,4946.35,4947.15,214,
2024-08-28 12:59:00+05:30,4947.15,4950,4946.25,4950,192,
2024-08-28 13:00:00+05:30,4950,4956.7,4950,4955,6162,
2024-08-28 13:01:00+05:30,4955,4957,4954.85,4956.1,569,
2024-08-28 13:02:00+05:30,4956.1,4957.95,4956,4956.2,194,
2024-08-28 13:03:00+05:30,4956.2,4966.8,4955.85,4963.65,3041,
2024-08-28 13:04:00+05:30,4963.65,4968,4962.8,4966.95,2523,
2024-08-28 13:05:00+05:30,4966.95,4980,4965.1,4980,2947,
2024-08-28 13:06:00+05:30,4978.05,4980,4971.6,4980,3098,
2024-08-28 13:07:00+05:30,4980.2,4990,4975,4990,2911,
2024-08-28 13:08:00+05:30,4988.05,4999,4988.05,4997.1,5607,
2024-08-28 13:09:00+05:30,4997.1,4999,4986.9,4986.9,2023,
2024-08-28 13:10:00+05:30,4986.5,4996.9,4983.35,4993.5,2534,
2024-08-28 13:11:00+05:30,4996,4997.95,4992.2,4997.95,2785,
2024-08-28 13:12:00+05:30,4997.95,5001,4995.25,4997.05,4995,
2024-08-28 13:13:00+05:30,4999.6,5007,4997.15,5000.5,5301,
2024-08-28 13:14:00+05:30,5000.25,5008,4997,5006.85,2453,
2024-08-28 13:15:00+05:30,5006.9,5019.4,5002.8,5016.45,6285,
2024-08-28 13:16:00+05:30,5016.45,5030.5,5013.6,5028.45,11980,
2024-08-28 13:17:00+05:30,5027.4,5034.9,5025.15,5032.5,7033,
2024-08-28 13:18:00+05:30,5029.8,5046.9,5029,5042,13867,
2024-08-28 13:19:00+05:30,5040.5,5048.8,5036.05,5041.45,5959,
2024-08-28 13:20:00+05:30,5041,5042.95,5030.2,5040,6539,
2024-08-28 13:21:00+05:30,5041,5060,5037.05,5052.05,12877,
2024-08-28 13:22:00+05:30,5052.65,5060,5052.65,5058.1,5020,
2024-08-28 13:23:00+05:30,5058.1,5065,5052.05,5053,10494,
2024-08-28 13:24:00+05:30,5054.3,5058.7,5050.05,5058.7,3393,
2024-08-28 13:25:00+05:30,5056.3,5058.9,5052.4,5055.55,3324,
2024-08-28 13:26:00+05:30,5055,5056.45,5040.55,5040.55,3391,
2024-08-28 13:27:00+05:30,5043.85,5044.8,5035.95,5039.45,5652,
2024-08-28 13:28:00+05:30,5039.55,5041.95,5036,5037,2003,
2024-08-28 13:29:00+05:30,5037,5040,5035,5038.25,2320,
2024-08-28 13:30:00+05:30,5038.25,5048,5038.25,5047.7,2559,
2024-08-28 13:31:00+05:30,5047.7,5054,5047.7,5050.05,4089,
2024-08-28 13:32:00+05:30,5049.6,5054.05,5042.75,5042.75,2171,
2024-08-28 13:33:00+05:30,5042.7,5046.65,5040.25,5046.65,2986,
2024-08-28 13:34:00+05:30,5046.65,5050,5043.8,5048.1,1530,
2024-08-28 13:35:00+05:30,5048,5049.9,5041.55,5044,2671,
2024-08-28 13:36:00+05:30,5044,5047.3,5041.4,5044.2,2428,
2024-08-28 13:37:00+05:30,5044.2,5050,5044,5045.45,2005,
2024-08-28 13:38:00+05:30,5045.45,5050,5043,5046.4,2084,
2024-08-28 13:39:00+05:30,5046.4,5051.7,5045.2,5048.6,5409,
2024-08-28 13:40:00+05:30,5048.6,5050,5045.05,5050,1833,
2024-08-28 13:41:00+05:30,5050,5060,5049.05,5058,4162,
2024-08-28 13:42:00+05:30,5059.4,5059.4,5044,5044,17371,
2024-08-28 13:43:00+05:30,5044,5044.6,5037.25,5038.45,3339,
2024-08-28 13:44:00+05:30,5038.45,5038.45,5032.4,5034.1,3603,
2024-08-28 13:45:00+05:30,5034.1,5043.9,5034,5043.9,3269,
2024-08-28 13:46:00+05:30,5044.6,5046.95,5043.4,5044.05,1103,
2024-08-28 13:47:00+05:30,5044.05,5046,5042.6,5044.85,792,
2024-08-28 13:48:00+05:30,5044.85,5053,5044.85,5045.85,4655,
2024-08-28 13:49:00+05:30,5045.85,5047.15,5040,5041,1009,
2024-08-28 13:50:00+05:30,5041,5043.15,5038.6,5042,1202,
2024-08-28 13:51:00+05:30,5042,5049.55,5039.8,5046.5,716,
2024-08-28 13:52:00+05:30,5046.5,5049.55,5041.65,5043.5,1091,
2024-08-28 13:53:00+05:30,5043.5,5049.3,5041.6,5045,1367,
2024-08-28 13:54:00+05:30,5047.5,5057.9,5045.75,5054,5910,
2024-08-28 13:55:00+05:30,5054,5056.65,5048,5051.75,2027,
2024-08-28 13:56:00+05:30,5051.75,5059,5050.4,5055.05,6052,
2024-08-28 13:57:00+05:30,5054.6,5059.35,5051.65,5052.5,1512,
2024-08-28 13:58:00+05:30,5052.55,5054.4,5048.05,5050.25,3243,
2024-08-28 13:59:00+05:30,5050.25,5052.45,5049,5049.5,1129,
2024-08-28 14:00:00+05:30,5049.5,5066.2,5049,5066.15,9209,
2024-08-28 14:01:00+05:30,5066.15,5066.5,5060.55,5064.95,2731,
2024-08-28 14:02:00+05:30,5064.95,5064.95,5055,5055.7,2511,
2024-08-28 14:03:00+05:30,5057.5,5058,5054.1,5057,2134,
2024-08-28 14:04:00+05:30,5057,5062.3,5053,5060.4,12457,
2024-08-28 14:05:00+05:30,5060.4,5066.5,5058.1,5066.5,3469,
2024-08-28 14:06:00+05:30,5066.5,5073.8,5065,5068.6,9539,
2024-08-28 14:07:00+05:30,5069.85,5073.95,5069,5072.85,2818,
2024-08-28 14:08:00+05:30,5072.95,5073.5,5068,5070.8,5246,
2024-08-28 14:09:00+05:30,5070.8,5075,5069.1,5074.45,4525,
2024-08-28 14:10:00+05:30,5074.45,5078.45,5071.55,5078.45,4203,
2024-08-28 14:11:00+05:30,5078.55,5079.95,5075.05,5079.5,4349,
2024-08-28 14:12:00+05:30,5077,5079.6,5071.05,5071.85,3793,
2024-08-28 14:13:00+05:30,5071.95,5075,5071,5075,3363,
2024-08-28 14:14:00+05:30,5076.95,5084.9,5075,5082.65,9002,
2024-08-28 14:15:00+05:30,5082.65,5088.65,5081,5085,10739,
2024-08-28 14:16:00+05:30,5084.3,5085,5081.15,5084.55,3539,
2024-08-28 14:17:00+05:30,5084.55,5089.9,5084,5086.4,6580,
2024-08-28 14:18:00+05:30,5086.45,5086.45,5076.6,5076.9,9462,
2024-08-28 14:19:00+05:30,5079.9,5093.35,5077.05,5092.35,6650,
2024-08-28 14:20:00+05:30,5092,5093,5088.1,5090.5,6960,
2024-08-28 14:21:00+05:30,5090.9,5096,5088.55,5093.25,7734,
2024-08-28 14:22:00+05:30,5093.25,5093.6,5090,5090,3457,
2024-08-28 14:23:00+05:30,5090.05,5091.95,5088,5090.15,3961,
2024-08-28 14:24:00+05:30,5090.15,5090.15,5085.75,5086.2,3230,
2024-08-28 14:25:00+05:30,5086.2,5087,5081.3,5082.75,3629,
2024-08-28 14:26:00+05:30,5084.85,5085.15,5079,5079,3476,
2024-08-28 14:27:00+05:30,5081.95,5085.9,5080.2,5081.7,2481,
2024-08-28 14:28:00+05:30,5082,5082,5073,5077.9,6917,
2024-08-28 14:29:00+05:30,5077.9,5082.45,5075.35,5077.7,3807,
2024-08-28 14:30:00+05:30,5077.8,5079.15,5062.9,5064,10133,
2024-08-28 14:31:00+05:30,5064.1,5070.8,5060.6,5070.8,4455,
2024-08-28 14:32:00+05:30,5070,5073.9,5066.6,5067.5,2992,
2024-08-28 14:33:00+05:30,5067.5,5072,5067,5071.8,4451,
2024-08-28 14:34:00+05:30,5070.5,5073.1,5068.25,5072.3,2278,
2024-08-28 14:35:00+05:30,5072.3,5075,5071.35,5074,1521,
2024-08-28 14:36:00+05:30,5074,5074,5066,5067.6,2686,
2024-08-28 14:37:00+05:30,5067.6,5068.05,5065.05,5067,1793,
2024-08-28 14:38:00+05:30,5067,5068,5063,5064.25,3321,
2024-08-28 14:39:00+05:30,5063,5063,5050,5055.95,9815,
2024-08-28 14:40:00+05:30,5057.85,5058,5048,5048,5633,
2024-08-28 14:41:00+05:30,5048,5053.5,5048,5052,3340,
2024-08-28 14:42:00+05:30,5052,5059.1,5051.05,5059.1,1542,
2024-08-28 14:43:00+05:30,5059.1,5059.9,5050.3,5051.05,2737,
2024-08-28 14:44:00+05:30,5051.05,5051.05,5045,5046.3,2780,
2024-08-28 14:45:00+05:30,5049.45,5053.55,5045.55,5052.9,3386,
2024-08-28 14:46:00+05:30,5053.1,5056.45,5052,5054.35,2252,
2024-08-28 14:47:00+05:30,5054.35,5058.05,5052.1,5056.45,1637,
2024-08-28 14:48:00+05:30,5056.45,5057,5051,5053.2,1918,
2024-08-28 14:49:00+05:30,5053.2,5056.5,5051.3,5055.1,1536,
2024-08-28 14:50:00+05:30,5055.1,5056.45,5049.05,5049.85,2596,
2024-08-28 14:51:00+05:30,5049.85,5051.9,5041.75,5041.75,3490,
2024-08-28 14:52:00+05:30,5041.75,5045.5,5040.95,5044.45,3154,
2024-08-28 14:53:00+05:30,5044,5045,5034.25,5042.45,5293,
2024-08-28 14:54:00+05:30,5045,5050.25,5044.4,5050,1215,
2024-08-28 14:55:00+05:30,5050,5052.35,5048,5050,1528,
2024-08-28 14:56:00+05:30,5050,5051.05,5047.15,5048.2,2306,
2024-08-28 14:57:00+05:30,5048.2,5050.45,5042.8,5042.85,1390,
2024-08-28 14:58:00+05:30,5045,5047.3,5036.65,5037.15,4157,
2024-08-28 14:59:00+05:30,5037.15,5042,5036.15,5042,1977,
2024-08-28 15:00:00+05:30,5042.9,5044,5030.1,5031.3,5930,
2024-08-28 15:01:00+05:30,5031.3,5037.3,5028.7,5030.5,5476,
2024-08-28 15:02:00+05:30,5029.85,5034.15,5028,5033.7,1612,
2024-08-28 15:03:00+05:30,5034.1,5036.35,5032.35,5034.6,1887,
2024-08-28 15:04:00+05:30,5034.6,5034.65,5030.55,5033,2657,
2024-08-28 15:05:00+05:30,5033,5041.15,5031.45,5040.05,4608,
2024-08-28 15:06:00+05:30,5040.05,5041.15,5039.5,5041.15,2664,
2024-08-28 15:07:00+05:30,5041.15,5041.15,5038.2,5039.9,2063,
2024-08-28 15:08:00+05:30,5039.9,5039.9,5034.5,5034.5,1832,
2024-08-28 15:09:00+05:30,5034.5,5036.95,5030,5036.95,3243,
2024-08-28 15:10:00+05:30,5036.45,5036.8,5031.3,5034.3,2800,
2024-08-28 15:11:00+05:30,5034.3,5036.95,5030,5030.8,3096,
2024-08-28 15:12:00+05:30,5030.8,5035.05,5030,5031.2,3549,
2024-08-28 15:13:00+05:30,5031.2,5034.6,5030.35,5030.95,2150,
2024-08-28 15:14:00+05:30,5030.45,5033.2,5030.1,5032.35,3487,
2024-08-28 15:15:00+05:30,5032.35,5032.35,5027.55,5028.2,3859,
2024-08-28 15:16:00+05:30,5028.25,5035,5025.65,5034.3,7049,
2024-08-28 15:17:00+05:30,5034.3,5034.3,5030.1,5032.65,2986,
2024-08-28 15:18:00+05:30,5030.3,5033.8,5026.9,5029.4,4211,
2024-08-28 15:19:00+05:30,5029.35,5029.85,5025.05,5025.65,2811,
2024-08-28 15:20:00+05:30,5025,5025.6,5022.3,5024.05,4307,
2024-08-28 15:21:00+05:30,5023.95,5028.85,5023.95,5027,3570,
2024-08-28 15:22:00+05:30,5027,5027,5022.5,5025.25,6763,
2024-08-28 15:23:00+05:30,5024.75,5026.95,5024.7,5025.15,2019,
2024-08-28 15:24:00+05:30,5025.5,5028.65,5023.05,5028.55,3482,
2024-08-28 15:25:00+05:30,5028.5,5028.55,5020.15,5020.5,3323,
2024-08-28 15:26:00+05:30,5020.5,5025,5020.2,5024.95,3094,
2024-08-28 15:27:00+05:30,5024,5026.9,5022.55,5025,2439,
2024-08-28 15:28:00+05:30,5025,5029,5023.7,5029,3156,
2024-08-28 15:29:00+05:30,5025.9,5036,5024,5035.2,1169,
2024-08-29 09:15:00+05:30,5049.9,5077.35,5049.85,5051.2,7672,
2024-08-29 09:16:00+05:30,5045.2,5049.4,5035.55,5040.6,7647,
2024-08-29 09:17:00+05:30,5040.6,5044.5,5034.15,5037.35,4636,
2024-08-29 09:18:00+05:30,5037.35,5037.35,5026.3,5031.6,2064,
2024-08-29 09:19:00+05:30,5033.1,5045.9,5021.75,5043.8,5530,
2024-08-29 09:20:00+05:30,5043.8,5043.8,5035.2,5036.1,1350,
2024-08-29 09:21:00+05:30,5036.4,5039.4,5030,5034.05,3584,
2024-08-29 09:22:00+05:30,5034.05,5034.05,5025,5025.55,2155,
2024-08-29 09:23:00+05:30,5025.55,5028.2,5025.05,5027,492,
2024-08-29 09:24:00+05:30,5027,5039.8,5026,5039.8,1500,
2024-08-29 09:25:00+05:30,5039.8,5039.8,5031.8,5034,1229,
2024-08-29 09:26:00+05:30,5034,5036.9,5031.45,5036.9,573,
2024-08-29 09:27:00+05:30,5036.9,5037.7,5030.4,5030.85,1275,
2024-08-29 09:28:00+05:30,5030.85,5033.8,5026.6,5033.8,1670,
2024-08-29 09:29:00+05:30,5033.8,5034.5,5029.3,5031.95,351,
2024-08-29 09:30:00+05:30,5030,5032.65,5027.7,5032.65,718,
2024-08-29 09:31:00+05:30,5032.65,5045,5032.65,5044.8,3743,
2024-08-29 09:32:00+05:30,5044.8,5045,5038.85,5045,3767,
2024-08-29 09:33:00+05:30,5045,5046.25,5043,5045.05,1387,
2024-08-29 09:34:00+05:30,5045.05,5050.95,5045.05,5050,1534,
2024-08-29 09:35:00+05:30,5050,5050,5047.1,5047.55,872,
2024-08-29 09:36:00+05:30,5047.55,5050,5047.55,5049.4,723,
2024-08-29 09:37:00+05:30,5050,5050,5042.05,5043.9,1603,
2024-08-29 09:38:00+05:30,5043.9,5044.1,5042,5044.1,495,
2024-08-29 09:39:00+05:30,5044.1,5050,5043.9,5050,1680,
2024-08-29 09:40:00+05:30,5049.95,5050,5042.35,5042.35,558,
2024-08-29 09:41:00+05:30,5044,5044,5038,5038,4111,
2024-08-29 09:42:00+05:30,5038,5040.85,5033.1,5038.05,1211,
2024-08-29 09:43:00+05:30,5038.05,5039.65,5032.75,5036.3,941,
2024-08-29 09:44:00+05:30,5036.3,5036.3,5032.6,5034,993,
2024-08-29 09:45:00+05:30,5034,5036,5027.65,5028.6,1501,
2024-08-29 09:46:00+05:30,5030.35,5031.35,5023.2,5024,926,
2024-08-29 09:47:00+05:30,5023.2,5024.95,5021.2,5022.9,1190,
2024-08-29 09:48:00+05:30,5022.9,5027.95,5022.9,5026.85,1527,
2024-08-29 09:49:00+05:30,5026.85,5032,5026.8,5029.75,965,
2024-08-29 09:50:00+05:30,5029.75,5032,5026.9,5028,416,
2024-08-29 09:51:00+05:30,5028,5028,5023,5024.4,957,
2024-08-29 09:52:00+05:30,5026.55,5026.85,5020.25,5020.25,588,
2024-08-29 09:53:00+05:30,5020.25,5024,5012,5024,4170,
2024-08-29 09:54:00+05:30,5026,5026.6,5024,5026.5,419,
2024-08-29 09:55:00+05:30,5026.5,5029,5024,5024.9,714,
2024-08-29 09:56:00+05:30,5024.9,5026,5019.75,5020.45,364,
2024-08-29 09:57:00+05:30,5020.45,5028.15,5020,5026.85,854,
2024-08-29 09:58:00+05:30,5026.85,5026.85,5023.85,5024.05,419,
2024-08-29 09:59:00+05:30,5024.05,5025.8,5022.35,5022.35,440,
2024-08-29 10:00:00+05:30,5022.35,5025.65,5021.9,5021.9,269,
2024-08-29 10:01:00+05:30,5021.9,5022.95,5020.15,5021.6,2640,
2024-08-29 10:02:00+05:30,5021.6,5022.75,5017.1,5018,1162,
2024-08-29 10:03:00+05:30,5020,5020,5015,5015,2694,
2024-08-29 10:04:00+05:30,5015,5016.55,5010.15,5011.45,2027,
2024-08-29 10:05:00+05:30,5011.45,5013.55,5005.95,5005.95,2588,
2024-08-29 10:06:00+05:30,5005.95,5011,5005.35,5007.25,1277,
2024-08-29 10:07:00+05:30,5007.25,5015.7,5007.25,5014.45,1325,
2024-08-29 10:08:00+05:30,5014.45,5019.7,5012.9,5018,3958,
2024-08-29 10:09:00+05:30,5018,5018,5014.05,5014.05,364,
2024-08-29 10:10:00+05:30,5014.05,5014.6,5011.15,5011.7,292,
2024-08-29 10:11:00+05:30,5013.55,5013.55,5008.15,5009.6,739,
2024-08-29 10:12:00+05:30,5009.6,5012,5009.6,5011.95,265,
2024-08-29 10:13:00+05:30,5011.95,5017.8,5011.9,5011.9,979,
2024-08-29 10:14:00+05:30,5011.9,5014,4999,5001.9,4095,
2024-08-29 10:15:00+05:30,5001.9,5001.9,4996.05,4999.95,1889,
2024-08-29 10:16:00+05:30,4999.95,5001.85,4997,5001.75,1206,
2024-08-29 10:17:00+05:30,5001.7,5003.85,4997.25,4998.05,2118,
2024-08-29 10:18:00+05:30,4998.05,4999.95,4996,4997.95,1496,
2024-08-29 10:19:00+05:30,4996,4998,4993.55,4993.55,747,
2024-08-29 10:20:00+05:30,4995,5000.9,4992.55,4998.05,1242,
2024-08-29 10:21:00+05:30,4998.05,5000.95,4997,4997,522,
2024-08-29 10:22:00+05:30,4997,5000,4997,5000,2342,
2024-08-29 10:23:00+05:30,5000.2,5001.95,4999.55,4999.55,590,
2024-08-29 10:24:00+05:30,4999.55,5000,4999,5000,214,
2024-08-29 10:25:00+05:30,5000,5006.65,4999.95,5000,2276,
2024-08-29 10:26:00+05:30,5000,5003.85,4999.05,5001.85,1927,
2024-08-29 10:27:00+05:30,5001.85,5001.9,4999.95,5001.75,1131,
2024-08-29 10:28:00+05:30,5001.75,5002.15,4999.05,5000.3,797,
2024-08-29 10:29:00+05:30,5001.35,5001.35,4999,5000.5,192,
2024-08-29 10:30:00+05:30,5000.5,5000.55,4999,5000.55,448,
2024-08-29 10:31:00+05:30,5000.55,5000.55,4998,4998.15,339,
2024-08-29 10:32:00+05:30,4998.15,5000,4998.15,5000,706,
2024-08-29 10:33:00+05:30,5000,5000,4993.15,4993.15,770,
2024-08-29 10:34:00+05:30,4993.15,4994.75,4990.1,4993.7,1101,
2024-08-29 10:35:00+05:30,4994.1,4998.65,4993,4997.8,505,
2024-08-29 10:36:00+05:30,4997.8,5000,4997.8,5000,212,
2024-08-29 10:37:00+05:30,5000,5000,4994.05,4996.4,408,
2024-08-29 10:38:00+05:30,4996.4,4999.5,4993.65,4993.65,517,
2024-08-29 10:39:00+05:30,4993.65,4998.45,4993.65,4996,393,
2024-08-29 10:40:00+05:30,4996,4999.25,4996,4999.2,205,
2024-08-29 10:41:00+05:30,4999.2,5000,4997,4997.4,594,
2024-08-29 10:42:00+05:30,4999.95,4999.95,4990.05,4994,1406,
2024-08-29 10:43:00+05:30,4994,4995,4992.05,4995,278,
2024-08-29 10:44:00+05:30,4995,4995,4992.35,4992.5,230,
2024-08-29 10:45:00+05:30,4995,5001.5,4995,4996.2,643,
2024-08-29 10:46:00+05:30,4996.2,4998.75,4992.6,4995.45,424,
2024-08-29 10:47:00+05:30,4996.05,4999.95,4993.4,4998.95,467,
2024-08-29 10:48:00+05:30,4998.95,4999.95,4995,4995,243,
2024-08-29 10:49:00+05:30,4995.65,4999.15,4995,4995.6,343,
2024-08-29 10:50:00+05:30,4997.2,4997.5,4993.35,4993.35,162,
2024-08-29 10:51:00+05:30,4995,4997.25,4993.2,4997.25,184,
2024-08-29 10:52:00+05:30,4997.25,4997.95,4994,4996.8,258,
2024-08-29 10:53:00+05:30,4996.8,4997.8,4993.3,4997.45,307,
2024-08-29 10:54:00+05:30,4997.45,5000,4995.05,4999.15,322,
2024-08-29 10:55:00+05:30,4999.15,4999.15,4995,4995.2,160,
2024-08-29 10:56:00+05:30,4995.2,5000.05,4995.2,5000,246,
2024-08-29 10:57:00+05:30,5000,5000,4993.8,4996.55,293,
2024-08-29 10:58:00+05:30,4996.55,4998.4,4993.4,4996.9,413,
2024-08-29 10:59:00+05:30,4996.9,5000.95,4994.3,5000,214,
2024-08-29 11:00:00+05:30,5000,5002,4998.15,5000.65,210,
2024-08-29 11:01:00+05:30,5000.65,5001.4,4995.75,5000,254,
2024-08-29 11:02:00+05:30,4997.15,4999.8,4996.8,4996.8,175,
2024-08-29 11:03:00+05:30,4996.8,4999.05,4995,4996.8,228,
2024-08-29 11:04:00+05:30,4996.8,5000,4995,5000,429,
2024-08-29 11:05:00+05:30,5000,5001.5,4998.1,5001.05,297,
2024-08-29 11:06:00+05:30,5001.5,5007,5001.05,5005,1108,
2024-08-29 11:07:00+05:30,5005,5006.9,5003,5004.5,407,
2024-08-29 11:08:00+05:30,5004.5,5013.1,5004.5,5008.45,730,
2024-08-29 11:09:00+05:30,5011,5012,5004.2,5005.6,1095,
2024-08-29 11:10:00+05:30,5005.6,5009.35,4999.8,5000.7,635,
2024-08-29 11:11:00+05:30,5000.7,5003.2,5000.5,5000.5,247,
2024-08-29 11:12:00+05:30,5000.5,5003.95,4999.05,4999.05,297,
2024-08-29 11:13:00+05:30,4999.05,5002,4998.1,5001.1,168,
2024-08-29 11:14:00+05:30,5001.7,5001.95,4997.75,4998,94,
2024-08-29 11:15:00+05:30,4998,4999.9,4993,4995.9,859,
2024-08-29 11:16:00+05:30,4995.9,5000.85,4994.75,4999,275,
2024-08-29 11:17:00+05:30,4999,5002,4998.4,4998.4,293,
2024-08-29 11:18:00+05:30,4998.4,5002,4997.35,4998.75,1220,
2024-08-29 11:19:00+05:30,4998.75,5003,4997.75,5003,3813,
2024-08-29 11:20:00+05:30,5003,5008.95,5001.45,5007,586,
2024-08-29 11:21:00+05:30,5008,5011.3,5006,5008.4,510,
2024-08-29 11:22:00+05:30,5008.4,5012.05,5008.15,5009,507,
2024-08-29 11:23:00+05:30,5009,5011.45,5009,5009,350,
2024-08-29 11:24:00+05:30,5010.8,5012.05,5006.05,5010.9,465,
2024-08-29 11:25:00+05:30,5008.65,5012.45,5006.3,5007.8,830,
2024-08-29 11:26:00+05:30,5007.8,5007.8,5003,5007.35,1683,
2024-08-29 11:27:00+05:30,5007.35,5010.8,5006.1,5009,192,
2024-08-29 11:28:00+05:30,5007.15,5011,5006.8,5008.4,121,
2024-08-29 11:29:00+05:30,5008.4,5011.45,5007.8,5011.45,158,
2024-08-29 11:30:00+05:30,5011.45,5014.95,5009,5011.1,692,
2024-08-29 11:31:00+05:30,5011.1,5013.4,5009.85,5010.35,542,
2024-08-29 11:32:00+05:30,5010.35,5015,5010.05,5014.55,834,
2024-08-29 11:33:00+05:30,5014.55,5014.55,5011,5011,328,
2024-08-29 11:34:00+05:30,5011,5018,5011,5016.5,1298,
2024-08-29 11:35:00+05:30,5016.5,5016.5,5009.8,5009.8,1119,
2024-08-29 11:36:00+05:30,5009.8,5013.05,5009.8,5010.65,82,
2024-08-29 11:37:00+05:30,5010.65,5012.95,5006.2,5006.2,216,
2024-08-29 11:38:00+05:30,5006.2,5009.7,5006.2,5006.2,509,
2024-08-29 11:39:00+05:30,5005.25,5007.6,5000.5,5003.55,739,
2024-08-29 11:40:00+05:30,5003.55,5008.3,5003.55,5004.7,257,
2024-08-29 11:41:00+05:30,5004.7,5008,5004.4,5006.35,88,
2024-08-29 11:42:00+05:30,5006.35,5009.95,5006,5006,134,
2024-08-29 11:43:00+05:30,5006,5010.75,5005.15,5006.35,370,
2024-08-29 11:44:00+05:30,5009.35,5009.35,5006.05,5006.15,128,
2024-08-29 11:45:00+05:30,5006.15,5008.95,5006.15,5008.8,100,
2024-08-29 11:46:00+05:30,5008.8,5009.45,5007.05,5007.5,206,
2024-08-29 11:47:00+05:30,5007.5,5007.7,5002.45,5002.45,100,
2024-08-29 11:48:00+05:30,5002.45,5004.55,5002.05,5002.45,120,
2024-08-29 11:49:00+05:30,5002.45,5005.3,5002.45,5002.6,126,
2024-08-29 11:50:00+05:30,5002.6,5004.8,5002,5002.1,895,
2024-08-29 11:51:00+05:30,5002.1,5007.95,5002.1,5005,553,
2024-08-29 11:52:00+05:30,5005,5007.95,5003.2,5003.2,119,
2024-08-29 11:53:00+05:30,5005.55,5006.95,5002.1,5005,170,
2024-08-29 11:54:00+05:30,5005,5006.95,5005,5006.95,78,
2024-08-29 11:55:00+05:30,5006.95,5010,5004.75,5010,1784,
2024-08-29 11:56:00+05:30,5010.55,5017.35,5010,5015.3,2473,
2024-08-29 11:57:00+05:30,5015.3,5016,5011.15,5014,1482,
2024-08-29 11:58:00+05:30,5011.65,5015,5011.1,5011.1,363,
2024-08-29 11:59:00+05:30,5011.1,5012.6,5007,5007.1,356,
2024-08-29 12:00:00+05:30,5007.1,5016.5,5007.1,5016.5,1502,
2024-08-29 12:01:00+05:30,5016.5,5021.95,5016.5,5018.95,745,
2024-08-29 12:02:00+05:30,5018.1,5018.1,5016.3,5016.4,318,
2024-08-29 12:03:00+05:30,5016.4,5018.95,5015.3,5016.3,354,
2024-08-29 12:04:00+05:30,5016.3,5023.2,5016.3,5021.45,2174,
2024-08-29 12:05:00+05:30,5021.45,5024.05,5020,5023.75,523,
2024-08-29 12:06:00+05:30,5023.75,5024.55,5022,5022,763,
2024-08-29 12:07:00+05:30,5022,5025,5022,5024.05,610,
2024-08-29 12:08:00+05:30,5024.25,5027.75,5022.05,5022.85,2533,
2024-08-29 12:09:00+05:30,5022.85,5026.45,5022.85,5025,388,
2024-08-29 12:10:00+05:30,5025,5027,5020,5020.1,1409,
2024-08-29 12:11:00+05:30,5020.1,5023,5020.1,5020.6,395,
2024-08-29 12:12:00+05:30,5020.6,5020.95,5018.15,5019.55,963,
2024-08-29 12:13:00+05:30,5019.55,5022.7,5019.55,5021.5,160,
2024-08-29 12:14:00+05:30,5021.5,5021.5,5018.3,5019.4,600,
2024-08-29 12:15:00+05:30,5019.4,5026.4,5019.4,5024.25,925,
2024-08-29 12:16:00+05:30,5027.1,5027.9,5022.1,5025,1931,
2024-08-29 12:17:00+05:30,5025,5026.25,5025,5026,123,
2024-08-29 12:18:00+05:30,5026,5026,5025,5025,209,
2024-08-29 12:19:00+05:30,5025,5028,5018.4,5019.5,3569,
2024-08-29 12:20:00+05:30,5019.5,5022.95,5019.5,5022.95,337,
2024-08-29 12:21:00+05:30,5022.95,5022.95,5020.45,5021.55,196,
2024-08-29 12:22:00+05:30,5021.55,5024.95,5021.55,5023.5,273,
2024-08-29 12:23:00+05:30,5023.5,5024.55,5020.6,5023.8,355,
2024-08-29 12:24:00+05:30,5023.8,5027,5021.2,5027,375,
2024-08-29 12:25:00+05:30,5026.95,5027,5025,5026.9,120,
2024-08-29 12:26:00+05:30,5026.9,5026.9,5026,5026.9,136,
2024-08-29 12:27:00+05:30,5026.9,5026.9,5025.45,5026,111,
2024-08-29 12:28:00+05:30,5026,5029.8,5025,5029.8,721,
2024-08-29 12:29:00+05:30,5029.8,5037.9,5029.8,5036,2140,
2024-08-29 12:30:00+05:30,5036,5036,5030.8,5031.45,1662,
2024-08-29 12:31:00+05:30,5028.8,5037.65,5028.8,5037.5,916,
2024-08-29 12:32:00+05:30,5035.3,5041.35,5035.3,5037.9,1397,
2024-08-29 12:33:00+05:30,5040,5040,5035,5036.8,763,
2024-08-29 12:34:00+05:30,5036.8,5039.75,5032,5032,921,
2024-08-29 12:35:00+05:30,5032,5038.5,5032,5038.15,611,
2024-08-29 12:36:00+05:30,5035.55,5042.95,5035.5,5040,1193,
2024-08-29 12:37:00+05:30,5042.8,5044,5037.05,5040.25,1019,
2024-08-29 12:38:00+05:30,5040.25,5045,5040.25,5044.4,951,
2024-08-29 12:39:00+05:30,5042.9,5047.45,5041.5,5043.3,2780,
2024-08-29 12:40:00+05:30,5043.3,5048.25,5041.6,5048.25,2083,
2024-08-29 12:41:00+05:30,5048.25,5049.95,5046.75,5049,1045,
2024-08-29 12:42:00+05:30,5049,5054.45,5048,5054.45,3009,
2024-08-29 12:43:00+05:30,5054.45,5055.35,5051,5052.3,2300,
2024-08-29 12:44:00+05:30,5052,5053.85,5048.05,5049.5,1535,
2024-08-29 12:45:00+05:30,5049.5,5053.95,5048.25,5053.1,4128,
2024-08-29 12:46:00+05:30,5053.1,5053.9,5050.75,5050.75,1415,
2024-08-29 12:47:00+05:30,5050.75,5051,5046.2,5046.2,1279,
2024-08-29 12:48:00+05:30,5045.55,5053.75,5045.55,5051.1,1320,
2024-08-29 12:49:00+05:30,5051.1,5054,5050.8,5053.15,908,
2024-08-29 12:50:00+05:30,5053.15,5054,5047.95,5050.65,1411,
2024-08-29 12:51:00+05:30,5050.65,5051.75,5037.45,5037.45,1987,
2024-08-29 12:52:00+05:30,5036.8,5040.55,5034.95,5035.9,762,
2024-08-29 12:53:00+05:30,5035.9,5041.8,5035.9,5037.35,648,
2024-08-29 12:54:00+05:30,5036.85,5036.85,5023.55,5023.65,2186,
2024-08-29 12:55:00+05:30,5023.6,5028.7,5020.4,5025.55,2211,
2024-08-29 12:56:00+05:30,5025.55,5029.5,5025.05,5027.05,419,
2024-08-29 12:57:00+05:30,5027.05,5029.75,5025,5026.3,1444,
2024-08-29 12:58:00+05:30,5026.3,5027.95,5025.25,5027.9,355,
2024-08-29 12:59:00+05:30,5027.9,5030.65,5027.55,5030.2,835,
2024-08-29 13:00:00+05:30,5029.9,5035.7,5029.9,5035,877,
2024-08-29 13:01:00+05:30,5035,5035.3,5028.5,5028.5,703,
2024-08-29 13:02:00+05:30,5028.5,5034.3,5027.7,5034.3,705,
2024-08-29 13:03:00+05:30,5034.3,5037.25,5034.3,5035,158,
2024-08-29 13:04:00+05:30,5035,5035,5033.5,5035,266,
2024-08-29 13:05:00+05:30,5032.55,5040,5032.55,5040,857,
2024-08-29 13:06:00+05:30,5040,5043.8,5039.05,5043.75,586,
2024-08-29 13:07:00+05:30,5041.7,5044,5032.95,5038.4,1467,
2024-08-29 13:08:00+05:30,5038.95,5040.05,5031.9,5034.4,154,
2024-08-29 13:09:00+05:30,5032.55,5038.1,5030.35,5034.45,479,
2024-08-29 13:10:00+05:30,5034.45,5035,5032.05,5035,290,
2024-08-29 13:11:00+05:30,5035,5035,5031,5034.65,363,
2024-08-29 13:12:00+05:30,5034.65,5035,5030.6,5034.85,358,
2024-08-29 13:13:00+05:30,5034.85,5035,5030.8,5034.1,96,
2024-08-29 13:14:00+05:30,5034,5034.2,5030.8,5031.1,308,
2024-08-29 13:15:00+05:30,5031.1,5034.25,5030.25,5030.25,316,
2024-08-29 13:16:00+05:30,5030.25,5033.7,5030.25,5032.85,142,
2024-08-29 13:17:00+05:30,5030.4,5032.9,5030,5032.9,232,
2024-08-29 13:18:00+05:30,5032.9,5033.3,5030,5033.3,227,
2024-08-29 13:19:00+05:30,5033.25,5033.25,5030,5031,280,
2024-08-29 13:20:00+05:30,5031,5033,5030.1,5030.1,388,
2024-08-29 13:21:00+05:30,5030.1,5033,5030.1,5032,234,
2024-08-29 13:22:00+05:30,5032,5032,5026.8,5027.15,567,
2024-08-29 13:23:00+05:30,5027.15,5030,5025.05,5028.05,588,
2024-08-29 13:24:00+05:30,5025.25,5029.3,5025.2,5028.85,572,
2024-08-29 13:25:00+05:30,5028.85,5030.25,5025,5029.7,652,
2024-08-29 13:26:00+05:30,5029.7,5029.95,5026.65,5028.1,231,
2024-08-29 13:27:00+05:30,5028.1,5028.25,5025,5025,183,
2024-08-29 13:28:00+05:30,5025.05,5027.7,5025,5027,230,
2024-08-29 13:29:00+05:30,5027,5027,5021.45,5027,676,
2024-08-29 13:30:00+05:30,5027,5028.95,5025,5028.9,339,
2024-08-29 13:31:00+05:30,5028.35,5030,5026.6,5029,127,
2024-08-29 13:32:00+05:30,5029,5030.4,5026.5,5029.85,674,
2024-08-29 13:33:00+05:30,5029.85,5029.9,5027.1,5029.35,203,
2024-08-29 13:34:00+05:30,5029.8,5030.45,5025,5025,402,
2024-08-29 13:35:00+05:30,5024.7,5027.45,5024.7,5025.95,105,
2024-08-29 13:36:00+05:30,5025.95,5028.4,5022.7,5023.25,414,
2024-08-29 13:37:00+05:30,5024.35,5026.75,5024.15,5026.25,94,
2024-08-29 13:38:00+05:30,5026.25,5026.7,5024.7,5025.85,234,
2024-08-29 13:39:00+05:30,5025.85,5027.3,5023,5024.65,132,
2024-08-29 13:40:00+05:30,5024.65,5026.6,5020.5,5021,944,
2024-08-29 13:41:00+05:30,5021,5026,5020.9,5026,307,
2024-08-29 13:42:00+05:30,5026,5027,5026,5026.7,115,
2024-08-29 13:43:00+05:30,5026.7,5029.85,5023.3,5023.7,888,
2024-08-29 13:44:00+05:30,5022.65,5027,5022.55,5026.55,73,
2024-08-29 13:45:00+05:30,5024.7,5026,5021.75,5024.35,140,
2024-08-29 13:46:00+05:30,5024.35,5025,5023.6,5024.4,143,
2024-08-29 13:47:00+05:30,5024.4,5024.5,5021.6,5021.6,172,
2024-08-29 13:48:00+05:30,5021.6,5023.85,5016.45,5016.6,955,
2024-08-29 13:49:00+05:30,5016.6,5018.3,5014.65,5014.65,884,
2024-08-29 13:50:00+05:30,5014.95,5018.55,5013.4,5018,834,
2024-08-29 13:51:00+05:30,5018,5020,5017.55,5017.9,571,
2024-08-29 13:52:00+05:30,5017.9,5019.8,5014.65,5016.25,1264,
2024-08-29 13:53:00+05:30,5016.25,5017.45,5013.2,5016.65,362,
2024-08-29 13:54:00+05:30,5016.65,5018.2,5013.5,5017,372,
2024-08-29 13:55:00+05:30,5017,5017,5014,5015,181,
2024-08-29 13:56:00+05:30,5015.95,5017.5,5015.95,5017.5,100,
2024-08-29 13:57:00+05:30,5017.5,5018.2,5016.1,5016.1,114,
2024-08-29 13:58:00+05:30,5017.55,5017.55,5014,5014.45,226,
2024-08-29 13:59:00+05:30,5014.45,5015.1,5012.5,5015.1,342,
2024-08-29 14:00:00+05:30,5015.1,5017.7,5012.6,5017.7,637,
2024-08-29 14:01:00+05:30,5017.7,5017.8,5011.5,5012.2,818,
2024-08-29 14:02:00+05:30,5012.2,5012.25,5000,5003.7,2594,
2024-08-29 14:03:00+05:30,5003.6,5004.95,4999.95,5000.05,4219,
2024-08-29 14:04:00+05:30,5000.05,5006,4999.95,4999.95,3533,
2024-08-29 14:05:00+05:30,5000.3,5005.8,4995.9,5001.6,4441,
2024-08-29 14:06:00+05:30,5001.25,5003.6,5000.1,5001.45,1105,
2024-08-29 14:07:00+05:30,5001.55,5004.35,4999.9,5000.7,829,
2024-08-29 14:08:00+05:30,5000.7,5004.2,4999.9,5000.1,1764,
2024-08-29 14:09:00+05:30,5000.1,5003.55,5000.1,5001.1,577,
2024-08-29 14:10:00+05:30,5001.1,5003.8,5001,5001.1,401,
2024-08-29 14:11:00+05:30,5001.1,5010,4999.9,5009.3,5363,
2024-08-29 14:12:00+05:30,5009.5,5014.4,5005.9,5013.85,1324,
2024-08-29 14:13:00+05:30,5013.95,5013.95,5007.35,5011.25,734,
2024-08-29 14:14:00+05:30,5011.25,5012.15,5006.6,5007.8,560,
2024-08-29 14:15:00+05:30,5009.3,5011.45,5006.6,5007.05,968,
2024-08-29 14:16:00+05:30,5007.05,5014.85,5007,5012.8,678,
2024-08-29 14:17:00+05:30,5012.8,5016.5,5010.6,5010.6,556,
2024-08-29 14:18:00+05:30,5011.15,5012.75,5008,5008.6,162,
2024-08-29 14:19:00+05:30,5011.25,5012.05,5008.6,5012.05,541,
2024-08-29 14:20:00+05:30,5012.05,5014,5009.5,5009.7,573,
2024-08-29 14:21:00+05:30,5009.85,5011.4,5000,5002.65,1057,
2024-08-29 14:22:00+05:30,5002.65,5005.55,5001.25,5001.7,741,
2024-08-29 14:23:00+05:30,5001.65,5002.85,5000,5000.3,570,
2024-08-29 14:24:00+05:30,5000.3,5003.4,4998.05,5001.2,1545,
2024-08-29 14:25:00+05:30,5001.3,5004.05,5000.15,5001.05,412,
2024-08-29 14:26:00+05:30,5001.05,5003.3,4998.35,5001.35,1593,
2024-08-29 14:27:00+05:30,5001.25,5002.35,4999.1,4999.1,568,
2024-08-29 14:28:00+05:30,4999.1,5005,4998.25,4999.1,818,
2024-08-29 14:29:00+05:30,4999.8,5003,4999.8,5001.25,156,
2024-08-29 14:30:00+05:30,5001.25,5004.65,5001,5002.25,577,
2024-08-29 14:31:00+05:30,5003.95,5003.95,5001.1,5002,529,
2024-08-29 14:32:00+05:30,5002,5006,5001.9,5003.05,288,
2024-08-29 14:33:00+05:30,5003.15,5007.75,5003.15,5006.05,199,
2024-08-29 14:34:00+05:30,5007.85,5007.85,4998.9,4999.6,260,
2024-08-29 14:35:00+05:30,4999.6,5003.35,4996.85,4997,242,
2024-08-29 14:36:00+05:30,4997,5004.2,4997,5004.2,446,
2024-08-29 14:37:00+05:30,5004.7,5005,4999.75,5000.25,376,
2024-08-29 14:38:00+05:30,5001.3,5002.05,4995,4997.45,565,
2024-08-29 14:39:00+05:30,4997.4,5002,4996.55,4999.05,561,
2024-08-29 14:40:00+05:30,4999.05,5002.65,4998.05,5002.65,277,
2024-08-29 14:41:00+05:30,5002.65,5003.1,4999,4999.2,418,
2024-08-29 14:42:00+05:30,4998.15,5000.7,4995.5,5000.05,790,
2024-08-29 14:43:00+05:30,5000.05,5000.7,4996.65,4999.1,443,
2024-08-29 14:44:00+05:30,5001,5006.9,5000.45,5005.6,1336,
2024-08-29 14:45:00+05:30,5003.55,5005.6,5002,5003.5,654,
2024-08-29 14:46:00+05:30,5003.5,5004.8,5000,5000,248,
2024-08-29 14:47:00+05:30,5001.05,5002.85,4995.95,4995.95,412,
2024-08-29 14:48:00+05:30,5000.95,5000.95,4997.55,4997.55,475,
2024-08-29 14:49:00+05:30,5000.25,5000.8,4994,5000.7,475,
2024-08-29 14:50:00+05:30,5000.15,5001.6,4998.4,4999.9,535,
2024-08-29 14:51:00+05:30,4999.9,5004.95,4998.35,5003.15,860,
2024-08-29 14:52:00+05:30,5003.15,5008.2,5002.85,5008.2,768,
2024-08-29 14:53:00+05:30,5009,5028.3,5007.85,5026.25,4348,
2024-08-29 14:54:00+05:30,5026.25,5027.2,5020,5026.35,4192,
2024-08-29 14:55:00+05:30,5027.8,5029.8,5025,5029,1666,
2024-08-29 14:56:00+05:30,5027.35,5035,5027.35,5032.15,7028,
2024-08-29 14:57:00+05:30,5032.1,5033.45,5026.2,5029.75,1776,
2024-08-29 14:58:00+05:30,5029.75,5032.7,5028.3,5031.25,1684,
2024-08-29 14:59:00+05:30,5032.1,5033.05,5028,5028.65,1442,
2024-08-29 15:00:00+05:30,5028.75,5030.4,5016.35,5016.35,6368,
2024-08-29 15:01:00+05:30,5018.6,5026.5,5016.05,5025.95,4294,
2024-08-29 15:02:00+05:30,5025.05,5025.25,5017.55,5018.35,1033,
2024-08-29 15:03:00+05:30,5018.35,5023.95,5017.6,5023.85,2824,
2024-08-29 15:04:00+05:30,5022.1,5023.05,5016.05,5018.45,2200,
2024-08-29 15:05:00+05:30,5017.35,5017.45,5010.55,5016.15,3476,
2024-08-29 15:06:00+05:30,5016.1,5016.25,5010.55,5011.25,1698,
2024-08-29 15:07:00+05:30,5010.55,5012.05,5007,5010.3,2012,
2024-08-29 15:08:00+05:30,5010.3,5011.1,5006,5007.55,2168,
2024-08-29 15:09:00+05:30,5007.55,5010.5,5007.4,5008.95,1351,
2024-08-29 15:10:00+05:30,5009.05,5010,5005.3,5006.25,2301,
2024-08-29 15:11:00+05:30,5005.85,5008.65,5005.3,5007.5,1896,
2024-08-29 15:12:00+05:30,5007.55,5009.75,5006.15,5009.35,2374,
2024-08-29 15:13:00+05:30,5007.7,5008.8,5003.05,5004.75,2091,
2024-08-29 15:14:00+05:30,5004.75,5006.95,5001.8,5006.95,1867,
2024-08-29 15:15:00+05:30,5006.95,5006.95,5001.95,5006.85,2415,
2024-08-29 15:16:00+05:30,5009.9,5012.35,5005.65,5005.65,3957,
2024-08-29 15:17:00+05:30,5005.75,5007,5004,5005.7,2191,
2024-08-29 15:18:00+05:30,5005.65,5006.25,5001.5,5003.3,1762,
2024-08-29 15:19:00+05:30,5002.6,5005.3,5002.55,5003.8,1883,
2024-08-29 15:20:00+05:30,5003.8,5011.8,5003.2,5011.8,3924,
2024-08-29 15:21:00+05:30,5012.3,5014.6,5008.8,5014.6,2758,
2024-08-29 15:22:00+05:30,5011.8,5015.05,5011.8,5012.95,1571,
2024-08-29 15:23:00+05:30,5012.95,5014.8,5011.45,5012.9,1497,
2024-08-29 15:24:00+05:30,5011.5,5013.7,5009,5010.75,2016,
2024-08-29 15:25:00+05:30,5012.2,5016.55,5010.7,5014.5,1795,
2024-08-29 15:26:00+05:30,5014.5,5015.45,5009.65,5012.05,3384,
2024-08-29 15:27:00+05:30,5014.6,5015.95,5010.5,5013.6,4082,
2024-08-29 15:28:00+05:30,5012.95,5017.45,5007.05,5012.5,8767,
2024-08-29 15:29:00+05:30,5012.5,5025,5004.9,5014.5,9607,
2024-08-30 09:15:00+05:30,5019.5,5047.45,5019.5,5036.95,3509,
2024-08-30 09:16:00+05:30,5030.95,5035.7,5026.45,5031.4,556,
2024-08-30 09:17:00+05:30,5031.6,5035,5028.15,5028.9,523,
2024-08-30 09:18:00+05:30,5032,5034.3,5028.2,5030,995,
2024-08-30 09:19:00+05:30,5030,5030,5022.5,5022.95,862,
2024-08-30 09:20:00+05:30,5025,5026.15,5021,5021.75,343,
2024-08-30 09:21:00+05:30,5024.8,5024.9,5021.35,5024.9,310,
2024-08-30 09:22:00+05:30,5024.85,5028.85,5022.45,5028.25,286,
2024-08-30 09:23:00+05:30,5028.6,5029.8,5026.95,5029.8,541,
2024-08-30 09:24:00+05:30,5029.55,5032.45,5026,5029.9,1295,
2024-08-30 09:25:00+05:30,5029.9,5037.9,5028,5037,572,
2024-08-30 09:26:00+05:30,5037,5041.9,5036.45,5039.8,825,
2024-08-30 09:27:00+05:30,5039.8,5040,5037.45,5040,448,
2024-08-30 09:28:00+05:30,5040,5041,5036.1,5039,513,
2024-08-30 09:29:00+05:30,5039,5042,5035.75,5039.65,1028,
2024-08-30 09:30:00+05:30,5035.05,5039.95,5035,5039.05,592,
2024-08-30 09:31:00+05:30,5039.05,5040,5035,5037.3,778,
2024-08-30 09:32:00+05:30,5037.95,5038.75,5035.35,5037.8,206,
2024-08-30 09:33:00+05:30,5035.85,5036.8,5030.35,5032.65,1560,
2024-08-30 09:34:00+05:30,5035,5040,5032.9,5040,504,
2024-08-30 09:35:00+05:30,5040,5054.2,5037.55,5051.95,6687,
2024-08-30 09:36:00+05:30,5051.9,5058.95,5046.05,5048.6,12107,
2024-08-30 09:37:00+05:30,5048.6,5053.55,5044.35,5046.65,813,
2024-08-30 09:38:00+05:30,5044.35,5050.9,5043.3,5046.4,626,
2024-08-30 09:39:00+05:30,5046.4,5049.85,5045,5046.1,824,
2024-08-30 09:40:00+05:30,5048.45,5050.45,5046,5046,498,
2024-08-30 09:41:00+05:30,5046,5048,5042.65,5045.7,982,
2024-08-30 09:42:00+05:30,5048,5048,5040.65,5045,358,
2024-08-30 09:43:00+05:30,5045,5055,5040.1,5055,839,
2024-08-30 09:44:00+05:30,5055.55,5059,5050.4,5052,1662,
2024-08-30 09:45:00+05:30,5052,5053.95,5050,5053,352,
2024-08-30 09:46:00+05:30,5053,5058.35,5052.95,5054.6,943,
2024-08-30 09:47:00+05:30,5054.6,5057.3,5053.15,5053.15,686,
2024-08-30 09:48:00+05:30,5055.4,5055.8,5052,5055.8,480,
2024-08-30 09:49:00+05:30,5055.8,5058.85,5054.95,5058.85,566,
2024-08-30 09:50:00+05:30,5058.9,5069,5055.35,5069,5131,
2024-08-30 09:51:00+05:30,5070,5073,5063.85,5068.9,2987,
2024-08-30 09:52:00+05:30,5068.9,5085,5066.6,5083.45,3370,
2024-08-30 09:53:00+05:30,5083.45,5083.45,5075.55,5081,2628,
2024-08-30 09:54:00+05:30,5081,5082,5077.9,5080.1,1711,
2024-08-30 09:55:00+05:30,5079.8,5107,5079.75,5104,12510,
2024-08-30 09:56:00+05:30,5106.3,5115,5105.9,5115,10293,
2024-08-30 09:57:00+05:30,5113.05,5117.65,5096.55,5101.6,6957,
2024-08-30 09:58:00+05:30,5101.6,5110,5095.55,5107.4,3388,
2024-08-30 09:59:00+05:30,5106.15,5112.2,5101.55,5103.5,3477,
2024-08-30 10:00:00+05:30,5103.5,5108,5098.95,5108,3749,
2024-08-30 10:01:00+05:30,5108,5125,5102.55,5122.45,10921,
2024-08-30 10:02:00+05:30,5121.95,5125,5114.2,5117.5,3992,
2024-08-30 10:03:00+05:30,5115.4,5124,5115,5117.45,3535,
2024-08-30 10:04:00+05:30,5115.1,5119.95,5105,5106.8,4403,
2024-08-30 10:05:00+05:30,5107.15,5112.7,5105,5106.85,3317,
2024-08-30 10:06:00+05:30,5106.85,5106.9,5093.45,5101.75,5336,
2024-08-30 10:07:00+05:30,5100,5102.55,5090.35,5094.7,4658,
2024-08-30 10:08:00+05:30,5094.7,5101.05,5092.75,5097,800,
2024-08-30 10:09:00+05:30,5097,5098,5090,5090.1,2326,
2024-08-30 10:10:00+05:30,5090.1,5091.9,5085,5086.65,2455,
2024-08-30 10:11:00+05:30,5089.2,5089.2,5083.85,5088.1,2099,
2024-08-30 10:12:00+05:30,5088.1,5101.7,5088.1,5098.7,2024,
2024-08-30 10:13:00+05:30,5100,5110,5099,5107.5,2227,
2024-08-30 10:14:00+05:30,5107.5,5119.8,5107.2,5116.1,4561,
2024-08-30 10:15:00+05:30,5118,5125,5116.6,5123.35,6423,
2024-08-30 10:16:00+05:30,5120.65,5123.8,5107.65,5113.25,3362,
2024-08-30 10:17:00+05:30,5115,5115,5107,5107,832,
2024-08-30 10:18:00+05:30,5107,5109.1,5102.25,5102.85,3063,
2024-08-30 10:19:00+05:30,5102.85,5106,5101.3,5104.45,1032,
2024-08-30 10:20:00+05:30,5105,5115,5103.1,5113.4,1731,
2024-08-30 10:21:00+05:30,5115,5118.95,5110.55,5110.55,2141,
2024-08-30 10:22:00+05:30,5112.8,5112.9,5105,5108.85,1049,
2024-08-30 10:23:00+05:30,5106.45,5111.45,5106.15,5111.45,914,
2024-08-30 10:24:00+05:30,5110,5112.75,5106.85,5109.4,870,
2024-08-30 10:25:00+05:30,5108.15,5110,5107,5109.3,583,
2024-08-30 10:26:00+05:30,5109.3,5110,5104.2,5108.45,585,
2024-08-30 10:27:00+05:30,5108.45,5119.9,5108.45,5116,4353,
2024-08-30 10:28:00+05:30,5116,5118.75,5113.55,5116.15,1609,
2024-08-30 10:29:00+05:30,5116.15,5116.15,5109.55,5111,1151,
2024-08-30 10:30:00+05:30,5111,5116.95,5111,5112.25,746,
2024-08-30 10:31:00+05:30,5112,5112.55,5103.45,5109.55,1301,
2024-08-30 10:32:00+05:30,5109.55,5112.5,5107.1,5112.5,444,
2024-08-30 10:33:00+05:30,5113,5117.95,5113,5113.95,1158,
2024-08-30 10:34:00+05:30,5113.95,5116.75,5106.35,5109.55,1059,
2024-08-30 10:35:00+05:30,5111.7,5112,5109.3,5110.2,584,
2024-08-30 10:36:00+05:30,5110.2,5115,5110.2,5115,1188,
2024-08-30 10:37:00+05:30,5115,5115.1,5113.1,5115,201,
2024-08-30 10:38:00+05:30,5115,5115,5111.9,5114.8,640,
2024-08-30 10:39:00+05:30,5114.8,5115,5111,5112.3,640,
2024-08-30 10:40:00+05:30,5111.7,5114.6,5110.8,5111.65,571,
2024-08-30 10:41:00+05:30,5111.65,5113.55,5110.05,5111.95,532,
2024-08-30 10:42:00+05:30,5110.05,5112.95,5110,5110.05,773,
2024-08-30 10:43:00+05:30,5110.05,5112,5109.6,5111.9,313,
2024-08-30 10:44:00+05:30,5111.9,5115,5108.9,5112.35,2340,
2024-08-30 10:45:00+05:30,5112.1,5112.35,5105.05,5106.6,806,
2024-08-30 10:46:00+05:30,5106.6,5107.7,5097.1,5101.25,5225,
2024-08-30 10:47:00+05:30,5101.85,5103.75,5100,5100.95,977,
2024-08-30 10:48:00+05:30,5100.95,5103,5100,5101,853,
2024-08-30 10:49:00+05:30,5101,5105.75,5100.15,5105.75,543,
2024-08-30 10:50:00+05:30,5105.75,5108.85,5103.25,5105.5,549,
2024-08-30 10:51:00+05:30,5106.4,5108,5101,5102.1,802,
2024-08-30 10:52:00+05:30,5103,5103,5097.65,5099,680,
2024-08-30 10:53:00+05:30,5099,5099,5095.05,5095.5,960,
2024-08-30 10:54:00+05:30,5097,5100,5095,5098.15,1597,
2024-08-30 10:55:00+05:30,5098.15,5101,5097.8,5098.35,415,
2024-08-30 10:56:00+05:30,5098.35,5102.4,5098.35,5101.1,949,
2024-08-30 10:57:00+05:30,5102.55,5103.45,5100.7,5101,727,
2024-08-30 10:58:00+05:30,5101,5103.2,5095.55,5097.65,641,
2024-08-30 10:59:00+05:30,5099.25,5099.65,5092.95,5095.85,1573,
2024-08-30 11:00:00+05:30,5095.85,5102,5093.05,5102,933,
2024-08-30 11:01:00+05:30,5102.05,5105.6,5100.2,5104,666,
2024-08-30 11:02:00+05:30,5106.65,5108.8,5105.05,5108.1,502,
2024-08-30 11:03:00+05:30,5108.1,5108.8,5105.45,5106.8,633,
2024-08-30 11:04:00+05:30,5106.8,5108.8,5101.6,5101.75,462,
2024-08-30 11:05:00+05:30,5101.75,5103.8,5100,5101.65,835,
2024-08-30 11:06:00+05:30,5101.65,5103,5100,5102,304,
2024-08-30 11:07:00+05:30,5100,5102.5,5100,5102,234,
2024-08-30 11:08:00+05:30,5100.2,5102.4,5100.2,5100.5,264,
2024-08-30 11:09:00+05:30,5100.5,5102.7,5100,5102.2,403,
2024-08-30 11:10:00+05:30,5100.2,5100.2,5093.7,5095.05,1286,
2024-08-30 11:11:00+05:30,5095.05,5098,5094.85,5096.15,293,
2024-08-30 11:12:00+05:30,5096.15,5097.95,5095.1,5095.6,295,
2024-08-30 11:13:00+05:30,5095.6,5096.15,5090.55,5093,1168,
2024-08-30 11:14:00+05:30,5093.35,5097,5090.2,5090.2,2020,
2024-08-30 11:15:00+05:30,5090.2,5093.05,5086,5090.2,1491,
2024-08-30 11:16:00+05:30,5090.2,5091.15,5088,5089.55,549,
2024-08-30 11:17:00+05:30,5089.55,5094.1,5080,5088.95,4473,
2024-08-30 11:18:00+05:30,5088.95,5091.2,5087,5087.6,623,
2024-08-30 11:19:00+05:30,5087.65,5090,5085,5086.4,3316,
2024-08-30 11:20:00+05:30,5086.4,5094.75,5086.15,5093.95,717,
2024-08-30 11:21:00+05:30,5093.95,5103,5093.95,5100.6,1756,
2024-08-30 11:22:00+05:30,5100.6,5109,5100.6,5108.25,1295,
2024-08-30 11:23:00+05:30,5109,5118,5108.25,5114,8045,
2024-08-30 11:24:00+05:30,5114,5117,5113.75,5114.55,1251,
2024-08-30 11:25:00+05:30,5114.6,5117.9,5110.8,5117.9,695,
2024-08-30 11:26:00+05:30,5117.9,5125,5116,5124.75,3997,
2024-08-30 11:27:00+05:30,5124.7,5132.5,5122.85,5122.95,9165,
2024-08-30 11:28:00+05:30,5124.9,5127.25,5120.6,5122.95,1119,
2024-08-30 11:29:00+05:30,5122.95,5122.95,5115.55,5115.55,1541,
2024-08-30 11:30:00+05:30,5115.55,5120,5115,5115.1,1110,
2024-08-30 11:31:00+05:30,5115.95,5116,5112.15,5115.1,1161,
2024-08-30 11:32:00+05:30,5113.3,5117,5112.85,5117,523,
2024-08-30 11:33:00+05:30,5117,5119.9,5115.45,5118,872,
2024-08-30 11:34:00+05:30,5118,5118,5115.45,5116.2,462,
2024-08-30 11:35:00+05:30,5116.2,5119.2,5115,5115,866,
2024-08-30 11:36:00+05:30,5116,5117.9,5114,5114.9,322,
2024-08-30 11:37:00+05:30,5114.9,5116,5114,5115,248,
2024-08-30 11:38:00+05:30,5115,5119.9,5114,5119.9,467,
2024-08-30 11:39:00+05:30,5119.95,5120,5114.6,5117.65,645,
2024-08-30 11:40:00+05:30,5117.65,5120,5116.7,5118,757,
2024-08-30 11:41:00+05:30,5118,5122.5,5116.65,5121.95,710,
2024-08-30 11:42:00+05:30,5121.85,5121.85,5119.65,5120,343,
2024-08-30 11:43:00+05:30,5120,5121,5117,5120.95,544,
2024-08-30 11:44:00+05:30,5120.95,5123,5119.4,5119.9,908,
2024-08-30 11:45:00+05:30,5118.4,5122.9,5117.2,5120.45,702,
2024-08-30 11:46:00+05:30,5120.45,5122,5118.25,5121.75,512,
2024-08-30 11:47:00+05:30,5121.75,5121.75,5107,5109.9,1785,
2024-08-30 11:48:00+05:30,5109.9,5111.75,5107,5110,2023,
2024-08-30 11:49:00+05:30,5110,5110,5107.6,5109.55,607,
2024-08-30 11:50:00+05:30,5109.55,5110,5108.2,5109,260,
2024-08-30 11:51:00+05:30,5109,5109.75,5106.05,5106.95,717,
2024-08-30 11:52:00+05:30,5106.95,5107.5,5106,5107.5,270,
2024-08-30 11:53:00+05:30,5107.5,5127.95,5107.5,5120.15,23329,
2024-08-30 11:54:00+05:30,5120,5120,5111.05,5115,7337,
2024-08-30 11:55:00+05:30,5115,5118.4,5112.7,5115,2539,
2024-08-30 11:56:00+05:30,5115,5119.1,5113.15,5115,3926,
2024-08-30 11:57:00+05:30,5115,5115,5112,5114.9,1383,
2024-08-30 11:58:00+05:30,5114.9,5120,5113.35,5120,6088,
2024-08-30 11:59:00+05:30,5120,5124,5116.55,5120.75,6730,
2024-08-30 12:00:00+05:30,5118.2,5121.95,5116.55,5117.9,2139,
2024-08-30 12:01:00+05:30,5117.9,5120,5117.5,5119.9,880,
2024-08-30 12:02:00+05:30,5119.9,5119.9,5116.55,5117,1018,
2024-08-30 12:03:00+05:30,5117,5120,5115,5115,3551,
2024-08-30 12:04:00+05:30,5115,5115,5112.05,5113,1519,
2024-08-30 12:05:00+05:30,5113,5113,5109.55,5110,2867,
2024-08-30 12:06:00+05:30,5110,5110,5109,5109.9,1679,
2024-08-30 12:07:00+05:30,5109.9,5112.25,5109,5112.25,580,
2024-08-30 12:08:00+05:30,5112.25,5120,5112.25,5120,2972,
2024-08-30 12:09:00+05:30,5117.1,5125,5115.2,5121.45,7391,
2024-08-30 12:10:00+05:30,5121.45,5124.15,5116.15,5120,686,
2024-08-30 12:11:00+05:30,5120,5120,5118.7,5120,520,
2024-08-30 12:12:00+05:30,5117.55,5120,5116.15,5119.6,1090,
2024-08-30 12:13:00+05:30,5119.65,5120,5116.85,5116.85,634,
2024-08-30 12:14:00+05:30,5116.55,5119.5,5112,5114,2267,
2024-08-30 12:15:00+05:30,5112.2,5114,5112.15,5113.5,347,
2024-08-30 12:16:00+05:30,5113.5,5114,5112,5114,568,
2024-08-30 12:17:00+05:30,5111.55,5114,5109.95,5112.6,2767,
2024-08-30 12:18:00+05:30,5112.6,5114,5110.8,5114,1611,
2024-08-30 12:19:00+05:30,5114,5114,5110.15,5112.9,1338,
2024-08-30 12:20:00+05:30,5112.85,5122.5,5110.35,5117.1,5403,
2024-08-30 12:21:00+05:30,5117.1,5118.65,5112.6,5112.6,1545,
2024-08-30 12:22:00+05:30,5112.6,5120.7,5112.6,5120.65,2274,
2024-08-30 12:23:00+05:30,5120.65,5121,5117,5117.35,926,
2024-08-30 12:24:00+05:30,5115.05,5120,5115.05,5120,648,
2024-08-30 12:25:00+05:30,5120,5120,5115.15,5118.35,1808,
2024-08-30 12:26:00+05:30,5118.35,5118.9,5113,5115,1067,
2024-08-30 12:27:00+05:30,5115,5119.45,5113.1,5115.95,1356,
2024-08-30 12:28:00+05:30,5115.95,5119,5115.6,5118.8,517,
2024-08-30 12:29:00+05:30,5118.8,5119,5113.2,5115,1417,
2024-08-30 12:30:00+05:30,5115,5119.95,5112.45,5117.6,3486,
2024-08-30 12:31:00+05:30,5119.95,5119.95,5113.2,5115,551,
2024-08-30 12:32:00+05:30,5115,5115,5111.9,5114.95,558,
2024-08-30 12:33:00+05:30,5114.95,5115,5110,5111.9,2233,
2024-08-30 12:34:00+05:30,5111.9,5112.5,5109,5109,687,
2024-08-30 12:35:00+05:30,5110,5110,5106,5108,934,
2024-08-30 12:36:00+05:30,5108,5109.75,5105.05,5108,847,
2024-08-30 12:37:00+05:30,5108,5110,5105.6,5107.75,1784,
2024-08-30 12:38:00+05:30,5107.75,5111.25,5107.6,5110,1168,
2024-08-30 12:39:00+05:30,5110,5110,5106.55,5107.05,424,
2024-08-30 12:40:00+05:30,5107.05,5109,5101,5101,1369,
2024-08-30 12:41:00+05:30,5101,5102,5095.75,5099.85,4602,
2024-08-30 12:42:00+05:30,5097.5,5100,5097.5,5098,636,
2024-08-30 12:43:00+05:30,5099.7,5100,5097.5,5097.5,1580,
2024-08-30 12:44:00+05:30,5097.5,5099.8,5095.25,5097,717,
2024-08-30 12:45:00+05:30,5097,5098.3,5095,5096.6,757,
2024-08-30 12:46:00+05:30,5096.6,5098.85,5096.05,5098.45,640,
2024-08-30 12:47:00+05:30,5098.45,5098.45,5096.05,5096.05,229,
2024-08-30 12:48:00+05:30,5097.5,5098.1,5095,5096.3,1012,
2024-08-30 12:49:00+05:30,5096.3,5098.5,5095,5097.95,289,
2024-08-30 12:50:00+05:30,5097.95,5098,5096,5097.85,276,
2024-08-30 12:51:00+05:30,5097.85,5097.85,5090.7,5094.15,2175,
2024-08-30 12:52:00+05:30,5092.85,5094.55,5090.75,5093,1157,
2024-08-30 12:53:00+05:30,5093,5097.8,5090.95,5095.7,940,
2024-08-30 12:54:00+05:30,5096.75,5097.65,5094.65,5096.9,280,
2024-08-30 12:55:00+05:30,5096.9,5099.1,5096.5,5098.75,605,
2024-08-30 12:56:00+05:30,5098.75,5098.8,5097,5098.8,372,
2024-08-30 12:57:00+05:30,5097.2,5098.2,5095.65,5098.1,838,
2024-08-30 12:58:00+05:30,5098.1,5098.4,5095.9,5098.35,404,
2024-08-30 12:59:00+05:30,5098.35,5098.35,5096,5098.35,224,
2024-08-30 13:00:00+05:30,5096.05,5096.95,5092.65,5095.7,482,
2024-08-30 13:01:00+05:30,5095.7,5095.7,5091.1,5091.4,289,
2024-08-30 13:02:00+05:30,5090.65,5092.15,5090,5091.75,935,
2024-08-30 13:03:00+05:30,5092,5092,5090.05,5091.5,230,
2024-08-30 13:04:00+05:30,5090.15,5091.5,5082.55,5086,2740,
2024-08-30 13:05:00+05:30,5083.4,5088.4,5083.4,5088.35,607,
2024-08-30 13:06:00+05:30,5088.2,5088.5,5085.45,5088.5,376,
2024-08-30 13:07:00+05:30,5088.5,5093.1,5088,5091,1971,
2024-08-30 13:08:00+05:30,5091,5091.05,5088.6,5091.05,384,
2024-08-30 13:09:00+05:30,5091.05,5091.15,5088.7,5090.95,401,
2024-08-30 13:10:00+05:30,5090.95,5090.95,5088,5089,467,
2024-08-30 13:11:00+05:30,5089,5089.8,5088.05,5089.8,172,
2024-08-30 13:12:00+05:30,5089.8,5089.8,5088.85,5089.8,281,
2024-08-30 13:13:00+05:30,5089.8,5093,5086.5,5092.7,2971,
2024-08-30 13:14:00+05:30,5092.7,5092.7,5089.55,5091.05,726,
2024-08-30 13:15:00+05:30,5091.05,5094.9,5091.05,5094.9,928,
2024-08-30 13:16:00+05:30,5094.9,5094.9,5091.1,5093.35,188,
2024-08-30 13:17:00+05:30,5093.35,5093.35,5090.8,5092.45,446,
2024-08-30 13:18:00+05:30,5092.45,5092.85,5088.2,5089.8,433,
2024-08-30 13:19:00+05:30,5089.85,5090.2,5087,5089.45,589,
2024-08-30 13:20:00+05:30,5089.45,5091.7,5086.5,5088.7,811,
2024-08-30 13:21:00+05:30,5088.7,5091.8,5088,5088,278,
2024-08-30 13:22:00+05:30,5088,5090.4,5085.45,5086.15,1287,
2024-08-30 13:23:00+05:30,5086.15,5088.35,5085.25,5086.95,357,
2024-08-30 13:24:00+05:30,5085,5085,5078.45,5081.6,3999,
2024-08-30 13:25:00+05:30,5081.6,5081.6,5077.45,5077.5,541,
2024-08-30 13:26:00+05:30,5077.5,5079.1,5076.45,5078.7,1351,
2024-08-30 13:27:00+05:30,5078.7,5079.85,5076.85,5077.1,397,
2024-08-30 13:28:00+05:30,5079.8,5088.8,5078.2,5087.75,2997,
2024-08-30 13:29:00+05:30,5087.75,5088.05,5083.8,5084.85,775,
2024-08-30 13:30:00+05:30,5084.85,5084.85,5083.05,5084.85,305,
2024-08-30 13:31:00+05:30,5084.85,5085,5083,5083.1,244,
2024-08-30 13:32:00+05:30,5085,5085.15,5083.6,5083.6,789,
2024-08-30 13:33:00+05:30,5085.15,5087.35,5083.6,5087.35,770,
2024-08-30 13:34:00+05:30,5087.35,5087.35,5084.5,5087.05,632,
2024-08-30 13:35:00+05:30,5087.05,5087.45,5084.75,5087,700,
2024-08-30 13:36:00+05:30,5087,5090.15,5086.45,5089,1415,
2024-08-30 13:37:00+05:30,5090.4,5091,5088.4,5091,424,
2024-08-30 13:38:00+05:30,5091,5097.45,5090.6,5096.1,1807,
2024-08-30 13:39:00+05:30,5096.1,5098,5094.2,5096.4,574,
2024-08-30 13:40:00+05:30,5096.4,5097.4,5093.9,5096.35,412,
2024-08-30 13:41:00+05:30,5096.35,5096.35,5090.2,5094.1,514,
2024-08-30 13:42:00+05:30,5094.1,5095.4,5091.55,5093.85,246,
2024-08-30 13:43:00+05:30,5093.4,5094.4,5091.05,5093.65,454,
2024-08-30 13:44:00+05:30,5093.65,5094.1,5091.85,5091.85,172,
2024-08-30 13:45:00+05:30,5091.85,5094.1,5090.8,5094.1,738,
2024-08-30 13:46:00+05:30,5094.1,5100,5092.8,5099.95,4930,
2024-08-30 13:47:00+05:30,5099.95,5107.05,5097.15,5100.2,27371,
2024-08-30 13:48:00+05:30,5100.2,5101.85,5095.05,5097.7,1651,
2024-08-30 13:49:00+05:30,5097.7,5099.6,5095,5095,763,
2024-08-30 13:50:00+05:30,5095,5098.1,5094,5097,492,
2024-08-30 13:51:00+05:30,5097,5098.15,5093.5,5095.85,720,
2024-08-30 13:52:00+05:30,5095.85,5096.15,5093.45,5094.9,939,
2024-08-30 13:53:00+05:30,5094.9,5097,5093,5093,647,
2024-08-30 13:54:00+05:30,5095.15,5095.75,5093.2,5094,389,
2024-08-30 13:55:00+05:30,5094,5097,5094,5096,552,
2024-08-30 13:56:00+05:30,5096,5097.4,5095.2,5097.4,462,
2024-08-30 13:57:00+05:30,5097.4,5098.75,5094.3,5096.75,530,
2024-08-30 13:58:00+05:30,5096.75,5096.75,5096,5096.75,644,
2024-08-30 13:59:00+05:30,5096.75,5098,5096.75,5098,1180,
2024-08-30 14:00:00+05:30,5098,5098.35,5096.2,5096.2,531,
2024-08-30 14:01:00+05:30,5096.2,5098.25,5095.9,5097.15,542,
2024-08-30 14:02:00+05:30,5097.15,5097.75,5095,5096.35,354,
2024-08-30 14:03:00+05:30,5096.35,5096.35,5094.2,5095,419,
2024-08-30 14:04:00+05:30,5095,5098.35,5094.2,5098.35,519,
2024-08-30 14:05:00+05:30,5098.35,5099.1,5096.2,5098.7,244,
2024-08-30 14:06:00+05:30,5098.7,5099.05,5096.2,5099,368,
2024-08-30 14:07:00+05:30,5099,5099.75,5096.85,5098,416,
2024-08-30 14:08:00+05:30,5098,5098,5096,5097.6,344,
2024-08-30 14:09:00+05:30,5097.6,5098,5097.25,5098,508,
2024-08-30 14:10:00+05:30,5098,5100,5097,5100,1496,
2024-08-30 14:11:00+05:30,5100,5100,5099.95,5100,1234,
2024-08-30 14:12:00+05:30,5100,5102.5,5099.95,5102.2,1165,
2024-08-30 14:13:00+05:30,5102.2,5102.35,5098.05,5101.4,882,
2024-08-30 14:14:00+05:30,5101.4,5105,5098.75,5104.9,5548,
2024-08-30 14:15:00+05:30,5104.9,5105,5102.7,5103.75,528,
2024-08-30 14:16:00+05:30,5103.75,5105,5101.25,5102,672,
2024-08-30 14:17:00+05:30,5102,5104.85,5101,5103.3,880,
2024-08-30 14:18:00+05:30,5103.3,5104,5101,5102,557,
2024-08-30 14:19:00+05:30,5102,5103.9,5101.05,5103,435,
2024-08-30 14:20:00+05:30,5103.4,5103.4,5102,5102,983,
2024-08-30 14:21:00+05:30,5102,5102,5100,5101.25,896,
2024-08-30 14:22:00+05:30,5101.25,5102,5100,5100.6,338,
2024-08-30 14:23:00+05:30,5100.6,5102.4,5093.3,5093.3,2547,
2024-08-30 14:24:00+05:30,5095.4,5097.3,5093.4,5095.3,1043,
2024-08-30 14:25:00+05:30,5095.3,5098.6,5095,5098.4,273,
2024-08-30 14:26:00+05:30,5098.4,5099.75,5095.15,5097.5,520,
2024-08-30 14:27:00+05:30,5097.5,5098.3,5094.55,5095.15,354,
2024-08-30 14:28:00+05:30,5095.15,5097.35,5092.6,5095,456,
2024-08-30 14:29:00+05:30,5095,5096.2,5091,5094.25,428,
2024-08-30 14:30:00+05:30,5090.7,5093.65,5090.35,5090.45,687,
2024-08-30 14:31:00+05:30,5090.45,5093.25,5090.45,5092.7,420,
2024-08-30 14:32:00+05:30,5092.7,5093.5,5090.55,5090.55,476,
2024-08-30 14:33:00+05:30,5092.7,5092.7,5087.05,5087.1,932,
2024-08-30 14:34:00+05:30,5087.1,5092.25,5087.1,5090,748,
2024-08-30 14:35:00+05:30,5090,5092.35,5088.1,5089.55,694,
2024-08-30 14:36:00+05:30,5088.3,5090,5088.1,5089.9,730,
2024-08-30 14:37:00+05:30,5089.9,5089.9,5087.25,5088.55,653,
2024-08-30 14:38:00+05:30,5088.55,5088.55,5083.3,5086.35,1301,
2024-08-30 14:39:00+05:30,5087.55,5087.55,5083.65,5086,1943,
2024-08-30 14:40:00+05:30,5083.75,5089.95,5083.6,5089,2766,
2024-08-30 14:41:00+05:30,5086.4,5088.9,5086.4,5088.9,591,
2024-08-30 14:42:00+05:30,5088.9,5089.3,5088.45,5089.2,761,
2024-08-30 14:43:00+05:30,5089.15,5089.15,5088.15,5089.1,426,
2024-08-30 14:44:00+05:30,5089.1,5098.95,5088.95,5095.7,4321,
2024-08-30 14:45:00+05:30,5095.7,5098.65,5093.95,5097.2,1621,
2024-08-30 14:46:00+05:30,5097.2,5099,5093,5094.3,1693,
2024-08-30 14:47:00+05:30,5096.35,5099,5094.35,5097.05,1338,
2024-08-30 14:48:00+05:30,5097.05,5097.45,5094,5095,1025,
2024-08-30 14:49:00+05:30,5096.4,5096.8,5094.05,5096.15,459,
2024-08-30 14:50:00+05:30,5096.8,5097.35,5092.55,5094.65,1437,
2024-08-30 14:51:00+05:30,5094.65,5095.4,5094,5095.35,743,
2024-08-30 14:52:00+05:30,5094.85,5095.4,5091.1,5093.2,899,
2024-08-30 14:53:00+05:30,5093.2,5094.85,5091.2,5093.6,532,
2024-08-30 14:54:00+05:30,5093.6,5093.7,5090.6,5091,488,
2024-08-30 14:55:00+05:30,5092.65,5092.95,5090.45,5092.5,755,
2024-08-30 14:56:00+05:30,5092.5,5092.9,5089.4,5091.05,722,
2024-08-30 14:57:00+05:30,5090.9,5098.4,5090.9,5098.25,1202,
2024-08-30 14:58:00+05:30,5098.4,5100,5097.55,5098,3508,
2024-08-30 14:59:00+05:30,5099.95,5100,5096.5,5098.45,1270,
2024-08-30 15:00:00+05:30,5096.5,5097.2,5090,5090.15,14324,
2024-08-30 15:01:00+05:30,5090.15,5093.35,5083.85,5084.6,7165,
2024-08-30 15:02:00+05:30,5084.65,5088,5083.3,5083.5,9553,
2024-08-30 15:03:00+05:30,5086,5086,5081.4,5083.4,8637,
2024-08-30 15:04:00+05:30,5082.45,5089.9,5082.45,5087.4,10812,
2024-08-30 15:05:00+05:30,5086.6,5088.3,5082.75,5084.7,7150,
2024-08-30 15:06:00+05:30,5084.65,5086.5,5081.55,5083.6,11429,
2024-08-30 15:07:00+05:30,5083.6,5088.25,5081.75,5088.2,9388,
2024-08-30 15:08:00+05:30,5088.1,5094.25,5086.3,5089.7,12371,
2024-08-30 15:09:00+05:30,5089.45,5092.85,5088.55,5091.45,8512,
2024-08-30 15:10:00+05:30,5088.8,5092.45,5088.05,5089.1,7854,
2024-08-30 15:11:00+05:30,5089.1,5095.4,5088.55,5093.35,10525,
2024-08-30 15:12:00+05:30,5093.2,5096.95,5093.2,5095.45,8468,
2024-08-30 15:13:00+05:30,5095.45,5099.95,5095.45,5099.8,10196,
2024-08-30 15:14:00+05:30,5099.8,5099.8,5099,5099.3,10708,
2024-08-30 15:15:00+05:30,5099.25,5100,5096.15,5098.3,17153,
2024-08-30 15:16:00+05:30,5098.7,5099.7,5096,5096,7962,
2024-08-30 15:17:00+05:30,5096.9,5098.1,5093.95,5093.95,8898,
2024-08-30 15:18:00+05:30,5094.8,5094.85,5091.85,5094,13601,
2024-08-30 15:19:00+05:30,5094,5097.3,5093.75,5095.5,8016,
2024-08-30 15:20:00+05:30,5095.45,5100,5093.65,5099.9,11104,
2024-08-30 15:21:00+05:30,5099.6,5110.15,5098.15,5108.3,18079,
2024-08-30 15:22:00+05:30,5110.2,5111.1,5100,5101,8408,
2024-08-30 15:23:00+05:30,5100.9,5100.9,5096.05,5097.2,4861,
2024-08-30 15:24:00+05:30,5097,5100,5097,5098.9,11233,
2024-08-30 15:25:00+05:30,5098.55,5098.85,5094.65,5096.85,7227,
2024-08-30 15:26:00+05:30,5096.85,5096.9,5096,5096.8,7001,
2024-08-30 15:27:00+05:30,5096.8,5100,5095.9,5098.25,9119,
2024-08-30 15:28:00+05:30,5096.15,5102.25,5095.9,5102.25,9360,
2024-08-30 15:29:00+05:30,5097.75,5107.85,5094.85,5105,1717,
2024-09-02 09:15:00+05:30,5124.8,5131.1,5106,5128,4704,
2024-09-02 09:16:00+05:30,5128,5132.95,5113.85,5118.55,3485,
2024-09-02 09:17:00+05:30,5119.1,5127.65,5115.25,5120,2452,
2024-09-02 09:18:00+05:30,5120,5123.75,5114.8,5120.5,1464,
2024-09-02 09:19:00+05:30,5125,5125,5114.4,5116.15,2640,
2024-09-02 09:20:00+05:30,5116.15,5116.45,5110,5112.55,1544,
2024-09-02 09:21:00+05:30,5112.55,5113.1,5106,5110.6,1078,
2024-09-02 09:22:00+05:30,5110.8,5110.95,5106,5107.1,920,
2024-09-02 09:23:00+05:30,5107.1,5110,5103.55,5107.6,1142,
2024-09-02 09:24:00+05:30,5106.95,5109.6,5105,5105.45,1782,
2024-09-02 09:25:00+05:30,5108,5108,5105.45,5108,728,
2024-09-02 09:26:00+05:30,5108,5108,5104,5108,756,
2024-09-02 09:27:00+05:30,5108,5110.45,5105.7,5110.2,434,
2024-09-02 09:28:00+05:30,5110.2,5112.4,5104.6,5109.85,1638,
2024-09-02 09:29:00+05:30,5109.85,5109.85,5100.8,5108.5,2155,
2024-09-02 09:30:00+05:30,5103.95,5105,5094.5,5095.9,1151,
2024-09-02 09:31:00+05:30,5095.9,5096.9,5091.7,5094.95,1242,
2024-09-02 09:32:00+05:30,5093.5,5094.2,5071.55,5083.35,7485,
2024-09-02 09:33:00+05:30,5081.65,5084.15,5078,5080.8,1099,
2024-09-02 09:34:00+05:30,5080.8,5082.55,5075.25,5078.05,734,
2024-09-02 09:35:00+05:30,5078.05,5084.35,5076.2,5083.45,636,
2024-09-02 09:36:00+05:30,5082.2,5090,5080.7,5089.45,1084,
2024-09-02 09:37:00+05:30,5087.1,5087.55,5078,5082.5,1182,
2024-09-02 09:38:00+05:30,5082.5,5084,5078.6,5083,844,
2024-09-02 09:39:00+05:30,5082.25,5082.25,5075,5075,807,
2024-09-02 09:40:00+05:30,5077.6,5078,5071,5073.05,853,
2024-09-02 09:41:00+05:30,5075,5079.1,5074.1,5076.75,830,
2024-09-02 09:42:00+05:30,5076,5079.5,5074.5,5079.5,458,
2024-09-02 09:43:00+05:30,5079.6,5079.6,5075,5075.05,428,
2024-09-02 09:44:00+05:30,5076.95,5079,5075.3,5076.95,254,
2024-09-02 09:45:00+05:30,5076.95,5078.3,5061.4,5067.25,2601,
2024-09-02 09:46:00+05:30,5065.85,5071.45,5064.45,5070,1216,
2024-09-02 09:47:00+05:30,5070,5076.95,5070,5076.95,877,
2024-09-02 09:48:00+05:30,5076.95,5081,5076.65,5078.6,881,
2024-09-02 09:49:00+05:30,5082.3,5084.95,5081,5083.85,885,
2024-09-02 09:50:00+05:30,5083.85,5100,5083.25,5096.2,1499,
2024-09-02 09:51:00+05:30,5096.7,5101,5095,5101,892,
2024-09-02 09:52:00+05:30,5099.5,5102.85,5097.2,5102.4,651,
2024-09-02 09:53:00+05:30,5103.05,5103.05,5100,5103,204,
2024-09-02 09:54:00+05:30,5103,5105,5101.6,5102,592,
2024-09-02 09:55:00+05:30,5101.55,5101.55,5096.35,5099,492,
2024-09-02 09:56:00+05:30,5099,5104.25,5099,5102.7,998,
2024-09-02 09:57:00+05:30,5102.7,5104.65,5100.1,5100.1,406,
2024-09-02 09:58:00+05:30,5100.15,5104,5100,5103.15,302,
2024-09-02 09:59:00+05:30,5103.15,5103.15,5095,5095.5,628,
2024-09-02 10:00:00+05:30,5095.5,5095.85,5092.3,5094,373,
2024-09-02 10:01:00+05:30,5093.95,5096,5090.75,5093.6,460,
2024-09-02 10:02:00+05:30,5092.15,5093.8,5090,5090,295,
2024-09-02 10:03:00+05:30,5090,5093.7,5088.3,5091.3,682,
2024-09-02 10:04:00+05:30,5090.8,5092.45,5088.45,5089.85,341,
2024-09-02 10:05:00+05:30,5089.85,5090.15,5084.15,5087.45,361,
2024-09-02 10:06:00+05:30,5085.05,5089.1,5084.85,5086.35,411,
2024-09-02 10:07:00+05:30,5088.55,5088.55,5085,5086.75,270,
2024-09-02 10:08:00+05:30,5084.75,5086.15,5083,5085.7,120,
2024-09-02 10:09:00+05:30,5085.7,5086.1,5082.2,5083.5,243,
2024-09-02 10:10:00+05:30,5083.5,5087.2,5081,5085.9,1478,
2024-09-02 10:11:00+05:30,5087.2,5090.2,5084.8,5087.5,192,
2024-09-02 10:12:00+05:30,5088.7,5093.05,5087.5,5093.05,486,
2024-09-02 10:13:00+05:30,5094.8,5096.7,5092.3,5093,580,
2024-09-02 10:14:00+05:30,5093,5093.95,5092,5093.95,121,
2024-09-02 10:15:00+05:30,5093.95,5099.55,5092.2,5097.7,237,
2024-09-02 10:16:00+05:30,5097.7,5102.8,5097.7,5100.9,1060,
2024-09-02 10:17:00+05:30,5101.4,5102.95,5099.05,5099.25,1033,
2024-09-02 10:18:00+05:30,5099.25,5102.6,5089.15,5091.85,1036,
2024-09-02 10:19:00+05:30,5092.9,5098.25,5092.75,5093.2,241,
2024-09-02 10:20:00+05:30,5093.2,5095.95,5092,5092,128,
2024-09-02 10:21:00+05:30,5092,5094.4,5083.05,5083.2,488,
2024-09-02 10:22:00+05:30,5085,5086.1,5076.35,5077.55,1078,
2024-09-02 10:23:00+05:30,5079.8,5080.6,5075.75,5075.75,235,
2024-09-02 10:24:00+05:30,5075.75,5077.45,5073.65,5074,248,
2024-09-02 10:25:00+05:30,5074,5078.45,5074,5078.2,547,
2024-09-02 10:26:00+05:30,5078.2,5079.6,5075.8,5075.8,181,
2024-09-02 10:27:00+05:30,5075.8,5087.9,5075.4,5085.15,811,
2024-09-02 10:28:00+05:30,5085.15,5088.65,5082.65,5087.5,659,
2024-09-02 10:29:00+05:30,5087.5,5090,5085.25,5087.35,145,
2024-09-02 10:30:00+05:30,5087.35,5090,5087.3,5089,97,
2024-09-02 10:31:00+05:30,5089,5092,5087.5,5091.2,97,
2024-09-02 10:32:00+05:30,5092,5096,5092,5094.45,190,
2024-09-02 10:33:00+05:30,5094.45,5097.55,5092,5093.75,824,
2024-09-02 10:34:00+05:30,5093.75,5096.3,5093.25,5093.75,146,
2024-09-02 10:35:00+05:30,5093.75,5098.15,5092.7,5096,268,
2024-09-02 10:36:00+05:30,5096,5098.3,5093.75,5098.3,408,
2024-09-02 10:37:00+05:30,5098.3,5098.45,5094.1,5094.1,245,
2024-09-02 10:38:00+05:30,5094.1,5097.6,5092.35,5093.05,335,
2024-09-02 10:39:00+05:30,5093.05,5096.9,5090.2,5092.8,933,
2024-09-02 10:40:00+05:30,5092.8,5096.1,5092.5,5094.5,71,
2024-09-02 10:41:00+05:30,5094.5,5100,5094.5,5099.55,286,
2024-09-02 10:42:00+05:30,5099.55,5101.9,5097.75,5101.9,280,
2024-09-02 10:43:00+05:30,5101.9,5102.05,5098.25,5102.05,311,
2024-09-02 10:44:00+05:30,5100,5104.6,5100,5104.6,362,
2024-09-02 10:45:00+05:30,5104.6,5111.65,5103.25,5108,1993,
2024-09-02 10:46:00+05:30,5108,5108,5100,5101.35,415,
2024-09-02 10:47:00+05:30,5101.35,5103,5100.05,5100.05,223,
2024-09-02 10:48:00+05:30,5100.05,5102,5097.1,5102,235,
2024-09-02 10:49:00+05:30,5102,5105,5102,5102.85,347,
2024-09-02 10:50:00+05:30,5098.75,5104.45,5098.75,5103.95,560,
2024-09-02 10:51:00+05:30,5103.95,5103.95,5100,5103.4,529,
2024-09-02 10:52:00+05:30,5103.4,5103.4,5099.9,5099.95,103,
2024-09-02 10:53:00+05:30,5099.95,5102,5099.95,5102,177,
2024-09-02 10:54:00+05:30,5102,5105.5,5100.9,5105.5,350,
2024-09-02 10:55:00+05:30,5107.45,5107.9,5103.35,5107.25,369,
2024-09-02 10:56:00+05:30,5107.25,5107.8,5101,5102.9,443,
2024-09-02 10:57:00+05:30,5102.9,5102.9,5100,5102.2,50,
2024-09-02 10:58:00+05:30,5102.2,5102.9,5099.7,5102.9,73,
2024-09-02 10:59:00+05:30,5102.9,5103.35,5098.9,5098.9,597,
2024-09-02 11:00:00+05:30,5098.7,5101.5,5098.45,5099.2,288,
2024-09-02 11:01:00+05:30,5099.2,5099.2,5094.9,5099.15,559,
2024-09-02 11:02:00+05:30,5099.15,5099.2,5095.55,5098.4,75,
2024-09-02 11:03:00+05:30,5098.4,5099.2,5096.8,5099.2,244,
2024-09-02 11:04:00+05:30,5099.2,5102.95,5098.55,5098.55,432,
2024-09-02 11:05:00+05:30,5101.75,5101.95,5097.25,5097.25,227,
2024-09-02 11:06:00+05:30,5097.25,5100.15,5096.7,5096.7,71,
2024-09-02 11:07:00+05:30,5096.7,5102.45,5096.15,5099.1,371,
2024-09-02 11:08:00+05:30,5100.05,5102.45,5100,5100,101,
2024-09-02 11:09:00+05:30,5100,5100.1,5096.9,5098.8,199,
2024-09-02 11:10:00+05:30,5100.1,5103,5100.1,5102.65,251,
2024-09-02 11:11:00+05:30,5102.9,5105,5102.85,5104.75,250,
2024-09-02 11:12:00+05:30,5105,5105.45,5104.45,5105.15,170,
2024-09-02 11:13:00+05:30,5105.15,5108,5105.15,5107.95,341,
2024-09-02 11:14:00+05:30,5107.95,5107.95,5105,5107.4,258,
2024-09-02 11:15:00+05:30,5106.3,5108,5106,5106,183,
2024-09-02 11:16:00+05:30,5108,5108,5102.55,5103.85,515,
2024-09-02 11:17:00+05:30,5103.85,5107.4,5102.3,5107.1,327,
2024-09-02 11:18:00+05:30,5107.1,5108,5103.9,5105.6,181,
2024-09-02 11:19:00+05:30,5105,5107.9,5103.75,5107.05,156,
2024-09-02 11:20:00+05:30,5107.05,5107.1,5100,5102.35,394,
2024-09-02 11:21:00+05:30,5102.35,5103.8,5097.05,5097.05,778,
2024-09-02 11:22:00+05:30,5097.05,5100.6,5095.65,5098.75,179,
2024-09-02 11:23:00+05:30,5098.75,5098.75,5095.6,5095.85,148,
2024-09-02 11:24:00+05:30,5095.85,5099.95,5095.7,5099.95,94,
2024-09-02 11:25:00+05:30,5099.95,5101.2,5096.1,5096.8,99,
2024-09-02 11:26:00+05:30,5098.9,5099.3,5096.15,5098.55,141,
2024-09-02 11:27:00+05:30,5096.45,5100.85,5089,5091.05,1229,
2024-09-02 11:28:00+05:30,5091.05,5097.45,5090.25,5090.25,175,
2024-09-02 11:29:00+05:30,5090.25,5093.9,5090.25,5093.65,159,
2024-09-02 11:30:00+05:30,5093.65,5095,5090.9,5094.5,75,
2024-09-02 11:31:00+05:30,5094.5,5095.1,5088.5,5088.5,246,
2024-09-02 11:32:00+05:30,5088.5,5090.3,5085,5090.3,386,
2024-09-02 11:33:00+05:30,5090.3,5091.15,5086.95,5086.95,75,
2024-09-02 11:34:00+05:30,5086.95,5090.75,5086.8,5090.05,73,
2024-09-02 11:35:00+05:30,5089.5,5094.75,5089.05,5089.05,1224,
2024-09-02 11:36:00+05:30,5092.3,5092.3,5088.7,5090.7,255,
2024-09-02 11:37:00+05:30,5090.7,5093.95,5087.5,5089.95,758,
2024-09-02 11:38:00+05:30,5089.95,5089.95,5085,5085.1,287,
2024-09-02 11:39:00+05:30,5085.1,5088.15,5084,5085,299,
2024-09-02 11:40:00+05:30,5084,5088.95,5084,5088.9,117,
2024-09-02 11:41:00+05:30,5088.9,5088.9,5085.1,5085.75,63,
2024-09-02 11:42:00+05:30,5085.75,5088.7,5085.5,5085.5,94,
2024-09-02 11:43:00+05:30,5085.5,5088.7,5085.25,5086.2,64,
2024-09-02 11:44:00+05:30,5086.2,5088.7,5085.6,5085.85,157,
2024-09-02 11:45:00+05:30,5085.85,5092.85,5085.85,5092.4,347,
2024-09-02 11:46:00+05:30,5092.4,5094,5090.1,5092.15,120,
2024-09-02 11:47:00+05:30,5093,5093.95,5088.2,5088.2,87,
2024-09-02 11:48:00+05:30,5090.2,5090.5,5086.1,5090.5,247,
2024-09-02 11:49:00+05:30,5090.5,5093.65,5090.1,5093.65,60,
2024-09-02 11:50:00+05:30,5093.65,5093.65,5090,5090,112,
2024-09-02 11:51:00+05:30,5090,5095.3,5090,5091.75,250,
2024-09-02 11:52:00+05:30,5091.75,5093.8,5090,5090,142,
2024-09-02 11:53:00+05:30,5090,5090.7,5086.7,5086.85,112,
2024-09-02 11:54:00+05:30,5089.7,5089.7,5085,5085,53,
2024-09-02 11:55:00+05:30,5086.7,5086.9,5080,5086.9,1283,
2024-09-02 11:56:00+05:30,5088.55,5089.55,5087,5087.05,132,
2024-09-02 11:57:00+05:30,5087,5087.65,5083.85,5083.9,88,
2024-09-02 11:58:00+05:30,5083.9,5085,5082.05,5085,63,
2024-09-02 11:59:00+05:30,5085,5087,5082.95,5086,106,
2024-09-02 12:00:00+05:30,5086,5089.05,5086,5089.05,69,
2024-09-02 12:01:00+05:30,5089.05,5089.05,5085,5087.05,160,
2024-09-02 12:02:00+05:30,5088.35,5090.85,5086,5088.25,76,
2024-09-02 12:03:00+05:30,5088.25,5090.85,5087.75,5087.75,108,
2024-09-02 12:04:00+05:30,5087.75,5089.8,5087.45,5088.25,95,
2024-09-02 12:05:00+05:30,5087.3,5089.3,5086.05,5086.5,289,
2024-09-02 12:06:00+05:30,5086.5,5089.95,5086,5089.95,134,
2024-09-02 12:07:00+05:30,5089.95,5092.3,5087.45,5092.3,332,
2024-09-02 12:08:00+05:30,5092.3,5092.3,5087.75,5088.25,113,
2024-09-02 12:09:00+05:30,5088.25,5091.15,5085,5085.85,217,
2024-09-02 12:10:00+05:30,5085,5087.3,5082.05,5085.4,305,
2024-09-02 12:11:00+05:30,5085.4,5087.3,5084,5084,294,
2024-09-02 12:12:00+05:30,5084,5086.7,5084,5085.25,77,
2024-09-02 12:13:00+05:30,5085.25,5087.95,5084,5087.95,92,
2024-09-02 12:14:00+05:30,5087.95,5089.95,5087.5,5087.8,73,
2024-09-02 12:15:00+05:30,5087.8,5090,5087.3,5087.65,101,
2024-09-02 12:16:00+05:30,5087.65,5092,5087.65,5088.8,456,
2024-09-02 12:17:00+05:30,5088.8,5091.45,5087,5087.95,186,
2024-09-02 12:18:00+05:30,5087.95,5089.75,5083.85,5083.85,118,
2024-09-02 12:19:00+05:30,5083.85,5086,5082.4,5085.1,65,
2024-09-02 12:20:00+05:30,5085.1,5085.9,5082.45,5083.05,116,
2024-09-02 12:21:00+05:30,5084.55,5085,5083.15,5085,95,
2024-09-02 12:22:00+05:30,5085,5087.05,5083.25,5083.55,277,
2024-09-02 12:23:00+05:30,5083.55,5088.6,5083.55,5084.9,47,
2024-09-02 12:24:00+05:30,5084.9,5089.05,5084.2,5085.7,203,
2024-09-02 12:25:00+05:30,5085.7,5086.65,5084.15,5086.45,56,
2024-09-02 12:26:00+05:30,5086,5087.9,5084.3,5086.65,316,
2024-09-02 12:27:00+05:30,5086.65,5088,5083.65,5083.65,242,
2024-09-02 12:28:00+05:30,5083.65,5090.15,5080.55,5088.35,4066,
2024-09-02 12:29:00+05:30,5089.7,5092,5084.3,5084.3,259,
2024-09-02 12:30:00+05:30,5084.3,5086.95,5082,5083.2,130,
2024-09-02 12:31:00+05:30,5083.2,5083.2,5075,5076.45,1132,
2024-09-02 12:32:00+05:30,5078.8,5080.1,5076,5079.5,132,
2024-09-02 12:33:00+05:30,5079.5,5081.25,5078.15,5078.4,193,
2024-09-02 12:34:00+05:30,5078.4,5081.5,5078.4,5079.3,134,
2024-09-02 12:35:00+05:30,5079.3,5081.5,5078.4,5080.85,82,
2024-09-02 12:36:00+05:30,5080.85,5081.5,5078,5078,125,
2024-09-02 12:37:00+05:30,5078,5081.35,5078,5079.65,229,
2024-09-02 12:38:00+05:30,5078,5079.65,5075.05,5078,176,
2024-09-02 12:39:00+05:30,5077.6,5077.95,5072.7,5072.7,313,
2024-09-02 12:40:00+05:30,5072.7,5074.75,5070,5070.3,642,
2024-09-02 12:41:00+05:30,5072.85,5073.7,5069.6,5073.35,1029,
2024-09-02 12:42:00+05:30,5071.85,5074.45,5070.9,5070.9,855,
2024-09-02 12:43:00+05:30,5070.9,5072.4,5070,5070.5,137,
2024-09-02 12:44:00+05:30,5070.5,5075.4,5070.5,5072.9,139,
2024-09-02 12:45:00+05:30,5071.6,5074.7,5069.7,5069.7,202,
2024-09-02 12:46:00+05:30,5069.7,5070.7,5068.2,5070.7,247,
2024-09-02 12:47:00+05:30,5070.7,5070.7,5064,5064,423,
2024-09-02 12:48:00+05:30,5064,5068,5064,5066.75,192,
2024-09-02 12:49:00+05:30,5066.75,5066.75,5063.05,5065.95,322,
2024-09-02 12:50:00+05:30,5067.15,5067.15,5060.6,5062.4,757,
2024-09-02 12:51:00+05:30,5061.2,5066.25,5061.2,5062.8,629,
2024-09-02 12:52:00+05:30,5062.8,5066,5062.8,5063.95,285,
2024-09-02 12:53:00+05:30,5063.95,5069.7,5063.05,5069,396,
2024-09-02 12:54:00+05:30,5069,5069.9,5065,5067.1,197,
2024-09-02 12:55:00+05:30,5067.1,5071.3,5067,5070.2,142,
2024-09-02 12:56:00+05:30,5070.2,5070.3,5065,5067.3,335,
2024-09-02 12:57:00+05:30,5067.3,5067.3,5065,5065.5,86,
2024-09-02 12:58:00+05:30,5065,5065.75,5063,5065.2,270,
2024-09-02 12:59:00+05:30,5065.2,5068.05,5065,5066,174,
2024-09-02 13:00:00+05:30,5068.65,5068.9,5066,5067.1,170,
2024-09-02 13:01:00+05:30,5067.1,5069,5064.6,5067.25,220,
2024-09-02 13:02:00+05:30,5067.25,5068.9,5065.65,5068.9,215,
2024-09-02 13:03:00+05:30,5065.1,5069.25,5065,5065.05,295,
2024-09-02 13:04:00+05:30,5065.05,5069.4,5065,5068,165,
2024-09-02 13:05:00+05:30,5068.1,5074.35,5067.3,5071.6,378,
2024-09-02 13:06:00+05:30,5071.6,5075.6,5071.6,5075.6,228,
2024-09-02 13:07:00+05:30,5075.6,5077.1,5070.4,5076.3,920,
2024-09-02 13:08:00+05:30,5076.85,5078.35,5074.65,5077.8,220,
2024-09-02 13:09:00+05:30,5077.8,5077.85,5071.95,5071.95,100,
2024-09-02 13:10:00+05:30,5071.95,5075.25,5071.95,5073.15,110,
2024-09-02 13:11:00+05:30,5073.15,5074.25,5067.65,5067.7,305,
2024-09-02 13:12:00+05:30,5067.7,5069,5065,5069,284,
2024-09-02 13:13:00+05:30,5069,5070,5067.75,5070,66,
2024-09-02 13:14:00+05:30,5070,5070.5,5061.3,5064.15,1937,
2024-09-02 13:15:00+05:30,5064.15,5065,5061.75,5063.5,107,
2024-09-02 13:16:00+05:30,5063.5,5064.8,5060.4,5060.4,49,
2024-09-02 13:17:00+05:30,5062.5,5063.05,5058.05,5059.8,700,
2024-09-02 13:18:00+05:30,5059.8,5064.65,5059.7,5061.1,118,
2024-09-02 13:19:00+05:30,5061.1,5064.05,5061.05,5063.85,95,
2024-09-02 13:20:00+05:30,5063.85,5065,5062,5064.7,71,
2024-09-02 13:21:00+05:30,5065,5065,5063.7,5064.15,112,
2024-09-02 13:22:00+05:30,5064.15,5064.8,5061.05,5061.95,86,
2024-09-02 13:23:00+05:30,5061.05,5061.05,5056.55,5056.55,321,
2024-09-02 13:24:00+05:30,5056.55,5058.95,5054.95,5057.85,2721,
2024-09-02 13:25:00+05:30,5057.85,5061,5057.85,5059.9,109,
2024-09-02 13:26:00+05:30,5060.15,5060.95,5058.05,5060.9,339,
2024-09-02 13:27:00+05:30,5060.9,5063,5058.1,5063,851,
2024-09-02 13:28:00+05:30,5063.05,5065,5063,5064.6,80,
2024-09-02 13:29:00+05:30,5064.6,5068.6,5064.6,5065,233,
2024-09-02 13:30:00+05:30,5065.7,5066,5063.45,5064.1,207,
2024-09-02 13:31:00+05:30,5064.1,5066.75,5064.1,5066.05,133,
2024-09-02 13:32:00+05:30,5066.05,5066.05,5058.15,5060,200,
2024-09-02 13:33:00+05:30,5061.7,5062.35,5058.35,5059.55,127,
2024-09-02 13:34:00+05:30,5059.55,5062.2,5058.05,5060.5,71,
2024-09-02 13:35:00+05:30,5060.5,5061.45,5052.05,5052.05,497,
2024-09-02 13:36:00+05:30,5052.55,5058.7,5051.25,5058.7,1101,
2024-09-02 13:37:00+05:30,5058.65,5058.65,5053.55,5055.15,118,
2024-09-02 13:38:00+05:30,5055.15,5058,5054.35,5058,204,
2024-09-02 13:39:00+05:30,5057.7,5057.75,5051.1,5051.1,240,
2024-09-02 13:40:00+05:30,5053.3,5054.7,5051.1,5054.7,495,
2024-09-02 13:41:00+05:30,5056.5,5060,5056.5,5058,309,
2024-09-02 13:42:00+05:30,5058,5060,5058,5059.3,63,
2024-09-02 13:43:00+05:30,5059.3,5061.4,5058.1,5059,113,
2024-09-02 13:44:00+05:30,5059.05,5059.05,5058,5058.35,157,
2024-09-02 13:45:00+05:30,5058.35,5060,5058,5060,61,
2024-09-02 13:46:00+05:30,5060,5060.8,5057.7,5058.05,171,
2024-09-02 13:47:00+05:30,5058.05,5059.2,5054.3,5057.5,90,
2024-09-02 13:48:00+05:30,5057.25,5057.5,5055,5055.5,198,
2024-09-02 13:49:00+05:30,5055.5,5059.8,5055.5,5059.8,51,
2024-09-02 13:50:00+05:30,5059.8,5062,5059.25,5062,69,
2024-09-02 13:51:00+05:30,5062,5065.45,5060.85,5064.8,190,
2024-09-02 13:52:00+05:30,5064.8,5065,5061.05,5061.05,139,
2024-09-02 13:53:00+05:30,5062.85,5062.85,5060,5060,192,
2024-09-02 13:54:00+05:30,5060,5060.45,5057.6,5058.95,100,
2024-09-02 13:55:00+05:30,5058.5,5059.3,5058,5059.3,138,
2024-09-02 13:56:00+05:30,5059.3,5059.3,5057.6,5057.6,137,
2024-09-02 13:57:00+05:30,5055.95,5060.55,5055.95,5057.95,301,
2024-09-02 13:58:00+05:30,5057.95,5059.7,5056.75,5059.2,170,
2024-09-02 13:59:00+05:30,5059.2,5059.2,5054,5055,251,
2024-09-02 14:00:00+05:30,5055,5057.1,5054,5055.3,128,
2024-09-02 14:01:00+05:30,5055.3,5056.4,5054.05,5054.9,82,
2024-09-02 14:02:00+05:30,5056.35,5057.9,5055,5057.3,76,
2024-09-02 14:03:00+05:30,5056.75,5059.9,5054.6,5059.6,170,
2024-09-02 14:04:00+05:30,5057.9,5060.65,5055.05,5058.35,149,
2024-09-02 14:05:00+05:30,5058.35,5061.65,5055.05,5055.05,293,
2024-09-02 14:06:00+05:30,5055.05,5056.05,5053.55,5053.55,221,
2024-09-02 14:07:00+05:30,5053.6,5058.05,5052.85,5058.05,269,
2024-09-02 14:08:00+05:30,5058.9,5059.5,5054.4,5058,267,
2024-09-02 14:09:00+05:30,5058.55,5059.05,5055.65,5057.25,127,
2024-09-02 14:10:00+05:30,5057.25,5059.65,5055.05,5057.95,91,
2024-09-02 14:11:00+05:30,5058.2,5059.65,5055,5056.95,150,
2024-09-02 14:12:00+05:30,5056.95,5059.25,5056,5056,114,
2024-09-02 14:13:00+05:30,5056,5059.1,5055.15,5056.25,124,
2024-09-02 14:14:00+05:30,5056.25,5058.85,5055.1,5055.75,214,
2024-09-02 14:15:00+05:30,5056.55,5058.2,5055.15,5058.2,137,
2024-09-02 14:16:00+05:30,5058.2,5060,5057.05,5057.05,169,
2024-09-02 14:17:00+05:30,5059.9,5062.55,5057.3,5061.3,283,
2024-09-02 14:18:00+05:30,5061.3,5063,5060,5060,110,
2024-09-02 14:19:00+05:30,5061.45,5064,5060,5064,295,
2024-09-02 14:20:00+05:30,5064.2,5065.05,5060,5064.55,189,
2024-09-02 14:21:00+05:30,5064.55,5065.45,5060,5060.05,620,
2024-09-02 14:22:00+05:30,5062.25,5064.75,5060.05,5060.9,144,
2024-09-02 14:23:00+05:30,5060.9,5063.2,5060,5060,115,
2024-09-02 14:24:00+05:30,5060.65,5061.75,5058.05,5059.65,523,
2024-09-02 14:25:00+05:30,5059.65,5062.45,5058.05,5059.75,80,
2024-09-02 14:26:00+05:30,5059.75,5059.75,5057,5057,319,
2024-09-02 14:27:00+05:30,5057,5057.9,5057,5057,193,
2024-09-02 14:28:00+05:30,5057.55,5057.55,5045.05,5049.55,2516,
2024-09-02 14:29:00+05:30,5049.95,5054.45,5049,5051.75,429,
2024-09-02 14:30:00+05:30,5051.75,5051.75,5049.15,5050.05,490,
2024-09-02 14:31:00+05:30,5050.05,5050.25,5043.3,5044,854,
2024-09-02 14:32:00+05:30,5044.05,5045.7,5043.55,5045.55,660,
2024-09-02 14:33:00+05:30,5045.55,5045.6,5042.2,5045,1111,
2024-09-02 14:34:00+05:30,5042.25,5044.4,5039.05,5040,786,
2024-09-02 14:35:00+05:30,5040,5044.25,5037.05,5041.6,808,
2024-09-02 14:36:00+05:30,5042,5043.3,5040,5043.25,774,
2024-09-02 14:37:00+05:30,5042.15,5042.85,5040,5040,579,
2024-09-02 14:38:00+05:30,5041.4,5041.4,5035.05,5037.65,1036,
2024-09-02 14:39:00+05:30,5037.65,5037.65,5035.15,5036.3,675,
2024-09-02 14:40:00+05:30,5036.3,5036.65,5034.1,5035,185,
2024-09-02 14:41:00+05:30,5035,5036.75,5030,5033.85,3217,
2024-09-02 14:42:00+05:30,5033.85,5035.3,5027.1,5030.5,2047,
2024-09-02 14:43:00+05:30,5035.45,5035.45,5030,5030,581,
2024-09-02 14:44:00+05:30,5030,5032.15,5025,5028.55,1112,
2024-09-02 14:45:00+05:30,5028.55,5029.9,5023.15,5023.55,1175,
2024-09-02 14:46:00+05:30,5023.55,5027.95,5023.55,5024.5,336,
2024-09-02 14:47:00+05:30,5025.2,5028.4,5024.5,5028.4,981,
2024-09-02 14:48:00+05:30,5028.4,5033.7,5028.35,5030.95,796,
2024-09-02 14:49:00+05:30,5030.95,5030.95,5029,5029,112,
2024-09-02 14:50:00+05:30,5029,5030.8,5026,5026,916,
2024-09-02 14:51:00+05:30,5026,5033.2,5026,5027.05,1231,
2024-09-02 14:52:00+05:30,5027.05,5028.35,5026.05,5026.05,204,
2024-09-02 14:53:00+05:30,5026.05,5027.3,5024.5,5026.85,661,
2024-09-02 14:54:00+05:30,5026.85,5027.25,5024.05,5024.2,222,
2024-09-02 14:55:00+05:30,5024.2,5027.3,5023.1,5024.05,745,
2024-09-02 14:56:00+05:30,5025.5,5026.6,5023.45,5023.65,649,
2024-09-02 14:57:00+05:30,5023.05,5027.3,5023.05,5025.3,473,
2024-09-02 14:58:00+05:30,5025.3,5025.3,5024,5024.05,706,
2024-09-02 14:59:00+05:30,5024,5026.6,5024,5024,483,
2024-09-02 15:00:00+05:30,5025.7,5032.6,5025.7,5030.15,1078,
2024-09-02 15:01:00+05:30,5032.25,5033.35,5029.6,5032.9,748,
2024-09-02 15:02:00+05:30,5032.9,5042.45,5032.9,5037.05,1542,
2024-09-02 15:03:00+05:30,5037.05,5038.65,5035.8,5037.9,627,
2024-09-02 15:04:00+05:30,5037.95,5037.95,5035,5036.5,375,
2024-09-02 15:05:00+05:30,5036.5,5038.1,5033.2,5038.1,1025,
2024-09-02 15:06:00+05:30,5038.2,5038.2,5032.95,5037.9,909,
2024-09-02 15:07:00+05:30,5037.75,5038.2,5034.05,5035.1,792,
2024-09-02 15:08:00+05:30,5035.1,5038.65,5034.2,5038.65,959,
2024-09-02 15:09:00+05:30,5038.65,5040,5037.25,5038,809,
2024-09-02 15:10:00+05:30,5039.95,5040.25,5036,5037.4,564,
2024-09-02 15:11:00+05:30,5037.4,5039,5035.55,5036.55,1146,
2024-09-02 15:12:00+05:30,5036.55,5036.55,5035.55,5036.25,395,
2024-09-02 15:13:00+05:30,5036.2,5036.25,5035,5035.5,359,
2024-09-02 15:14:00+05:30,5035.95,5039.95,5035.2,5037.05,1104,
2024-09-02 15:15:00+05:30,5037.05,5039.35,5036.85,5038.95,673,
2024-09-02 15:16:00+05:30,5038.95,5038.95,5036,5037.85,549,
2024-09-02 15:17:00+05:30,5037.85,5038,5033.4,5035.05,1274,
2024-09-02 15:18:00+05:30,5035.05,5036.45,5033.3,5035,832,
2024-09-02 15:19:00+05:30,5033,5041.1,5033,5041.1,1358,
2024-09-02 15:20:00+05:30,5041.3,5041.65,5037.3,5040.65,1320,
2024-09-02 15:21:00+05:30,5040.6,5040.6,5037.7,5040,338,
2024-09-02 15:22:00+05:30,5040.05,5041.95,5040.05,5041.65,389,
2024-09-02 15:23:00+05:30,5041.65,5041.65,5038.65,5038.65,939,
2024-09-02 15:24:00+05:30,5038.7,5039.05,5032.95,5037.05,1486,
2024-09-02 15:25:00+05:30,5038.55,5039.85,5036.85,5039.85,467,
2024-09-02 15:26:00+05:30,5041.75,5044.55,5036.55,5044.55,703,
2024-09-02 15:27:00+05:30,5044.95,5044.95,5043.25,5043.6,342,
2024-09-02 15:28:00+05:30,5043.6,5045.75,5043,5043,505,
2024-09-02 15:29:00+05:30,5045.45,5045.5,5042.9,5045,319,
2024-09-03 09:15:00+05:30,5036.85,5053.4,5036.55,5040.1,1932,
2024-09-03 09:16:00+05:30,5039.75,5055.35,5038.6,5054.25,2094,
2024-09-03 09:17:00+05:30,5050.45,5055.35,5043.85,5044.45,1566,
2024-09-03 09:18:00+05:30,5045.95,5049.2,5039.55,5045.55,2704,
2024-09-03 09:19:00+05:30,5048,5052.75,5046.45,5049.85,800,
2024-09-03 09:20:00+05:30,5049.85,5056.45,5048.35,5051.75,1581,
2024-09-03 09:21:00+05:30,5051.75,5051.75,5049.35,5049.5,743,
2024-09-03 09:22:00+05:30,5049.45,5049.5,5044.55,5045.6,356,
2024-09-03 09:23:00+05:30,5045.6,5045.6,5037.05,5041.15,1461,
2024-09-03 09:24:00+05:30,5041.15,5045.85,5038.85,5044.7,745,
2024-09-03 09:25:00+05:30,5044.7,5051.15,5044.7,5050,776,
2024-09-03 09:26:00+05:30,5049.8,5057.85,5049.8,5057.15,2179,
2024-09-03 09:27:00+05:30,5057.25,5059.35,5055,5058,550,
2024-09-03 09:28:00+05:30,5058,5066,5057.95,5066,1729,
2024-09-03 09:29:00+05:30,5066,5066,5058.8,5059.1,1633,
2024-09-03 09:30:00+05:30,5060,5069.9,5055.2,5061.8,2908,
2024-09-03 09:31:00+05:30,5061.8,5067.5,5060.3,5066.8,560,
2024-09-03 09:32:00+05:30,5067.8,5069.7,5064.95,5064.95,1732,
2024-09-03 09:33:00+05:30,5062.55,5068.75,5062,5068.3,1381,
2024-09-03 09:34:00+05:30,5068.3,5075,5066.1,5072,1408,
2024-09-03 09:35:00+05:30,5072.4,5076.55,5070.2,5074.8,2046,
2024-09-03 09:36:00+05:30,5074.8,5078.95,5072.6,5074.6,3483,
2024-09-03 09:37:00+05:30,5075,5075.95,5072.6,5075.7,1958,
2024-09-03 09:38:00+05:30,5075.7,5083.4,5075.7,5080.55,1940,
2024-09-03 09:39:00+05:30,5080.6,5080.6,5066.7,5069.8,2605,
2024-09-03 09:40:00+05:30,5069.8,5081.65,5069.8,5077.35,3701,
2024-09-03 09:41:00+05:30,5080,5081,5071.6,5074.5,1091,
2024-09-03 09:42:00+05:30,5074.5,5074.5,5070.05,5072,468,
2024-09-03 09:43:00+05:30,5072,5072,5068.05,5069.95,1246,
2024-09-03 09:44:00+05:30,5069.95,5069.95,5064,5065.75,1746,
2024-09-03 09:45:00+05:30,5064.6,5075,5064.6,5075,3094,
2024-09-03 09:46:00+05:30,5072.95,5078,5070.75,5076.4,1598,
2024-09-03 09:47:00+05:30,5075,5078,5072.05,5074.05,1592,
2024-09-03 09:48:00+05:30,5072.05,5078,5072.05,5077.95,1001,
2024-09-03 09:49:00+05:30,5077.3,5078,5075,5077,436,
2024-09-03 09:50:00+05:30,5077,5077,5073,5073.05,419,
2024-09-03 09:51:00+05:30,5074.75,5076,5071.1,5074.95,1500,
2024-09-03 09:52:00+05:30,5074.9,5074.9,5071.35,5073,742,
2024-09-03 09:53:00+05:30,5073,5073,5062.35,5062.35,691,
2024-09-03 09:54:00+05:30,5064.8,5064.8,5059.15,5059.6,868,
2024-09-03 09:55:00+05:30,5059.6,5060.25,5056.8,5056.8,1295,
2024-09-03 09:56:00+05:30,5056.1,5059.3,5051.9,5054.9,1369,
2024-09-03 09:57:00+05:30,5054.9,5058.95,5050.7,5058.85,1946,
2024-09-03 09:58:00+05:30,5058.85,5059,5055.75,5056.7,422,
2024-09-03 09:59:00+05:30,5056.7,5058.6,5051.8,5054,192,
2024-09-03 10:00:00+05:30,5054.35,5060.95,5053.3,5060.25,1284,
2024-09-03 10:01:00+05:30,5060,5060,5056.35,5057.8,310,
2024-09-03 10:02:00+05:30,5056.1,5057.8,5055.45,5057,249,
2024-09-03 10:03:00+05:30,5057,5057,5055,5055,281,
2024-09-03 10:04:00+05:30,5056.6,5056.85,5055.5,5056,362,
2024-09-03 10:05:00+05:30,5056,5056,5053.15,5055.5,415,
2024-09-03 10:06:00+05:30,5055.5,5055.5,5052,5052,115,
2024-09-03 10:07:00+05:30,5054.7,5060.95,5052.75,5058.3,1676,
2024-09-03 10:08:00+05:30,5058.55,5060.95,5054.2,5055.2,1059,
2024-09-03 10:09:00+05:30,5055.2,5055.2,5051,5053.3,366,
2024-09-03 10:10:00+05:30,5053.3,5055,5051.2,5053.25,436,
2024-09-03 10:11:00+05:30,5053.25,5053.25,5046.4,5048.9,866,
2024-09-03 10:12:00+05:30,5048.9,5053.4,5048.9,5051.5,429,
2024-09-03 10:13:00+05:30,5051.5,5055,5050,5053,475,
2024-09-03 10:14:00+05:30,5053,5053.5,5050.4,5053.5,256,
2024-09-03 10:15:00+05:30,5053.1,5055.5,5051.1,5055.45,466,
2024-09-03 10:16:00+05:30,5055.4,5055.4,5052.05,5054.95,251,
2024-09-03 10:17:00+05:30,5054.95,5061.9,5054.1,5060.25,600,
2024-09-03 10:18:00+05:30,5059.7,5059.7,5056.9,5057.1,257,
2024-09-03 10:19:00+05:30,5058.35,5058.35,5056.3,5056.3,240,
2024-09-03 10:20:00+05:30,5056.3,5058,5056.3,5058,170,
2024-09-03 10:21:00+05:30,5058,5058,5054.75,5055.95,1124,
2024-09-03 10:22:00+05:30,5055.25,5058,5055.25,5057.45,389,
2024-09-03 10:23:00+05:30,5056.3,5057.8,5053.2,5054.95,367,
2024-09-03 10:24:00+05:30,5054.95,5061.45,5053.2,5061.45,613,
2024-09-03 10:25:00+05:30,5061.45,5061.45,5060,5061,187,
2024-09-03 10:26:00+05:30,5061,5061,5058.75,5058.95,79,
2024-09-03 10:27:00+05:30,5061,5061,5059.45,5061,145,
2024-09-03 10:28:00+05:30,5061,5067.35,5059.3,5065.95,1133,
2024-09-03 10:29:00+05:30,5065.95,5065.95,5061.1,5063.9,159,
2024-09-03 10:30:00+05:30,5063.9,5063.9,5061.45,5063,58,
2024-09-03 10:31:00+05:30,5063,5063,5061.25,5063,669,
2024-09-03 10:32:00+05:30,5063,5063,5052.05,5054.05,3527,
2024-09-03 10:33:00+05:30,5052,5054.3,5046.1,5054.3,1404,
2024-09-03 10:34:00+05:30,5054.3,5054.3,5050.35,5052.45,69,
2024-09-03 10:35:00+05:30,5052.45,5053.6,5048.35,5053.6,449,
2024-09-03 10:36:00+05:30,5053.55,5053.55,5049.95,5052.65,280,
2024-09-03 10:37:00+05:30,5052.65,5052.65,5050.05,5051,133,
2024-09-03 10:38:00+05:30,5051,5051.6,5048.65,5049.55,463,
2024-09-03 10:39:00+05:30,5051.45,5052.4,5048.55,5052.25,563,
2024-09-03 10:40:00+05:30,5052.25,5052.25,5048.75,5050.65,220,
2024-09-03 10:41:00+05:30,5050.65,5050.65,5048.05,5048.55,649,
2024-09-03 10:42:00+05:30,5048.85,5051.85,5045.1,5051.85,587,
2024-09-03 10:43:00+05:30,5051.95,5052.15,5048.9,5052.05,339,
2024-09-03 10:44:00+05:30,5052.15,5052.15,5047.05,5049.2,326,
2024-09-03 10:45:00+05:30,5049.2,5049.2,5045.9,5045.95,182,
2024-09-03 10:46:00+05:30,5045.95,5047,5045.1,5046.75,222,
2024-09-03 10:47:00+05:30,5046.75,5046.75,5044,5046.55,1114,
2024-09-03 10:48:00+05:30,5046.55,5054.95,5044.9,5054.75,861,
2024-09-03 10:49:00+05:30,5052.2,5054.7,5048.2,5051.8,470,
2024-09-03 10:50:00+05:30,5051.8,5051.8,5050,5050,94,
2024-09-03 10:51:00+05:30,5051,5059.95,5050.55,5058.4,875,
2024-09-03 10:52:00+05:30,5058.4,5058.4,5055.6,5057.95,172,
2024-09-03 10:53:00+05:30,5057.95,5058,5056.2,5058,310,
2024-09-03 10:54:00+05:30,5057.85,5057.85,5052.85,5054,447,
2024-09-03 10:55:00+05:30,5051.3,5053.8,5051.3,5051.4,259,
2024-09-03 10:56:00+05:30,5053.65,5059.3,5051.4,5058.35,1544,
2024-09-03 10:57:00+05:30,5056.1,5060.4,5054.7,5057.9,100,
2024-09-03 10:58:00+05:30,5057.9,5060.55,5057.8,5059.9,135,
2024-09-03 10:59:00+05:30,5059.9,5059.9,5058.4,5059.8,112,
2024-09-03 11:00:00+05:30,5059.8,5059.8,5058.4,5059.8,198,
2024-09-03 11:01:00+05:30,5059.8,5059.8,5053.35,5055.5,1390,
2024-09-03 11:02:00+05:30,5055.5,5055.5,5053,5053,160,
2024-09-03 11:03:00+05:30,5053.9,5053.9,5051.55,5051.8,774,
2024-09-03 11:04:00+05:30,5052.85,5053.35,5051.6,5053.35,197,
2024-09-03 11:05:00+05:30,5053.35,5055,5051.7,5055,223,
2024-09-03 11:06:00+05:30,5055,5056.55,5053.75,5056.55,143,
2024-09-03 11:07:00+05:30,5056.55,5060.55,5055.2,5060,349,
2024-09-03 11:08:00+05:30,5060,5060,5056,5057.55,168,
2024-09-03 11:09:00+05:30,5056,5057.3,5055,5055,130,
2024-09-03 11:10:00+05:30,5055,5062.3,5055,5061,1363,
2024-09-03 11:11:00+05:30,5061,5061,5058.45,5058.5,89,
2024-09-03 11:12:00+05:30,5059.45,5061,5058.55,5058.55,457,
2024-09-03 11:13:00+05:30,5058.55,5062.9,5058.55,5061.05,1005,
2024-09-03 11:14:00+05:30,5061.05,5061.05,5060.2,5060.6,248,
2024-09-03 11:15:00+05:30,5060.6,5066.05,5059.5,5065.2,5040,
2024-09-03 11:16:00+05:30,5065.2,5065.7,5062.1,5064.45,563,
2024-09-03 11:17:00+05:30,5064.45,5066,5062.2,5063.6,339,
2024-09-03 11:18:00+05:30,5063.6,5063.6,5062.35,5063.4,116,
2024-09-03 11:19:00+05:30,5063.4,5065.9,5061,5065,1137,
2024-09-03 11:20:00+05:30,5065,5069.6,5065,5068.45,593,
2024-09-03 11:21:00+05:30,5068.55,5069,5066.8,5068.8,561,
2024-09-03 11:22:00+05:30,5068.8,5071.45,5066.8,5071.45,622,
2024-09-03 11:23:00+05:30,5071.45,5072,5068.75,5070.3,602,
2024-09-03 11:24:00+05:30,5070.3,5070.3,5068.75,5068.75,133,
2024-09-03 11:25:00+05:30,5068.75,5069.95,5068.2,5068.2,152,
2024-09-03 11:26:00+05:30,5068.2,5069.95,5065.95,5067.95,838,
2024-09-03 11:27:00+05:30,5067.95,5071,5065.95,5071,742,
2024-09-03 11:28:00+05:30,5071,5071,5068,5068.15,115,
2024-09-03 11:29:00+05:30,5068.15,5069.95,5068.15,5069.9,80,
2024-09-03 11:30:00+05:30,5069.9,5069.9,5069.1,5069.9,168,
2024-09-03 11:31:00+05:30,5069.9,5069.9,5069.1,5069.4,104,
2024-09-03 11:32:00+05:30,5069.4,5069.4,5068.05,5068.55,163,
2024-09-03 11:33:00+05:30,5068.55,5068.55,5067,5067,186,
2024-09-03 11:34:00+05:30,5067,5068.45,5067,5067.15,136,
2024-09-03 11:35:00+05:30,5067.15,5067.2,5067,5067.2,504,
2024-09-03 11:36:00+05:30,5067.2,5067.2,5064.25,5066.7,281,
2024-09-03 11:37:00+05:30,5066.7,5068.3,5064.1,5065.15,988,
2024-09-03 11:38:00+05:30,5065.15,5065.15,5061.55,5061.55,281,
2024-09-03 11:39:00+05:30,5063.8,5067.75,5061.55,5067.5,557,
2024-09-03 11:40:00+05:30,5067.5,5067.5,5064.15,5065.65,37,
2024-09-03 11:41:00+05:30,5065.65,5065.65,5064.1,5064.1,125,
2024-09-03 11:42:00+05:30,5065.65,5065.65,5064.05,5064.05,84,
2024-09-03 11:43:00+05:30,5064.05,5068.9,5063.8,5068.75,707,
2024-09-03 11:44:00+05:30,5068.85,5068.85,5065.3,5067.7,129,
2024-09-03 11:45:00+05:30,5067.7,5067.7,5064.8,5065.85,114,
2024-09-03 11:46:00+05:30,5065.85,5065.85,5063.4,5065,418,
2024-09-03 11:47:00+05:30,5065,5065.85,5063.7,5063.85,361,
2024-09-03 11:48:00+05:30,5065,5065,5063.85,5065,111,
2024-09-03 11:49:00+05:30,5065,5068.15,5063.25,5063.65,594,
2024-09-03 11:50:00+05:30,5063.65,5066.85,5062.95,5066.85,279,
2024-09-03 11:51:00+05:30,5066.85,5066.85,5063.95,5064.65,86,
2024-09-03 11:52:00+05:30,5064.65,5066.8,5063.05,5064.2,398,
2024-09-03 11:53:00+05:30,5064.2,5064.2,5063.15,5063.15,98,
2024-09-03 11:54:00+05:30,5063.15,5064.1,5063,5064.05,491,
2024-09-03 11:55:00+05:30,5064.05,5064.05,5063,5064.05,362,
2024-09-03 11:56:00+05:30,5064.05,5064.05,5063,5064,185,
2024-09-03 11:57:00+05:30,5064,5070,5064,5067.55,2423,
2024-09-03 11:58:00+05:30,5067.55,5067.95,5063,5064.75,425,
2024-09-03 11:59:00+05:30,5064.75,5065.65,5063.05,5063.25,265,
2024-09-03 12:00:00+05:30,5065.25,5065.25,5063.2,5063.2,164,
2024-09-03 12:01:00+05:30,5063.2,5064.65,5063.2,5064.5,85,
2024-09-03 12:02:00+05:30,5064.5,5064.5,5063.35,5064.4,433,
2024-09-03 12:03:00+05:30,5064.4,5064.45,5063.2,5064.4,631,
2024-09-03 12:04:00+05:30,5064.4,5064.4,5063,5064.3,204,
2024-09-03 12:05:00+05:30,5064.3,5064.9,5064.05,5064.35,296,
2024-09-03 12:06:00+05:30,5064.35,5064.35,5064.3,5064.3,109,
2024-09-03 12:07:00+05:30,5064.3,5065.05,5064.3,5065,366,
2024-09-03 12:08:00+05:30,5064.7,5064.7,5062.9,5063,5660,
2024-09-03 12:09:00+05:30,5064.6,5064.6,5063,5064.5,229,
2024-09-03 12:10:00+05:30,5064.5,5065.7,5063,5065.7,971,
2024-09-03 12:11:00+05:30,5064.75,5066.45,5064.5,5066.45,256,
2024-09-03 12:12:00+05:30,5066.15,5069.2,5065.5,5066.8,236,
2024-09-03 12:13:00+05:30,5066.8,5068.95,5066,5066.2,141,
2024-09-03 12:14:00+05:30,5066.2,5069.4,5066,5066,813,
2024-09-03 12:15:00+05:30,5066.05,5066.05,5064.5,5065.1,3330,
2024-09-03 12:16:00+05:30,5065.1,5068.4,5065,5067.65,288,
2024-09-03 12:17:00+05:30,5067.65,5067.65,5066,5066.05,122,
2024-09-03 12:18:00+05:30,5066.05,5066.05,5066,5066.05,255,
2024-09-03 12:19:00+05:30,5066.05,5069,5066,5068.6,521,
2024-09-03 12:20:00+05:30,5066.95,5066.95,5066,5066.05,163,
2024-09-03 12:21:00+05:30,5066.05,5066.05,5066,5066,195,
2024-09-03 12:22:00+05:30,5066,5066.05,5066,5066.05,224,
2024-09-03 12:23:00+05:30,5066,5066.05,5065.9,5066.05,763,
2024-09-03 12:24:00+05:30,5066.05,5066.05,5066,5066.05,173,
2024-09-03 12:25:00+05:30,5066.05,5066.05,5066,5066,114,
2024-09-03 12:26:00+05:30,5066.05,5068.35,5066,5066.05,1707,
2024-09-03 12:27:00+05:30,5066.05,5066.05,5062,5064.05,3042,
2024-09-03 12:28:00+05:30,5064.05,5064.05,5062.3,5064.05,470,
2024-09-03 12:29:00+05:30,5064.05,5064.05,5061.15,5063.95,580,
2024-09-03 12:30:00+05:30,5064.05,5064.2,5061.6,5064.2,687,
2024-09-03 12:31:00+05:30,5064.2,5064.2,5062.15,5062.15,64,
2024-09-03 12:32:00+05:30,5062.15,5064.1,5061.35,5062.85,1609,
2024-09-03 12:33:00+05:30,5064.05,5064.05,5061.75,5064.05,390,
2024-09-03 12:34:00+05:30,5064.05,5064.05,5061.9,5064.05,487,
2024-09-03 12:35:00+05:30,5064.05,5064.05,5062.05,5064.05,48,
2024-09-03 12:36:00+05:30,5064.05,5064.1,5061.9,5064.05,330,
2024-09-03 12:37:00+05:30,5064.05,5064.2,5061.1,5064.05,712,
2024-09-03 12:38:00+05:30,5064.05,5064.2,5062.4,5062.65,121,
2024-09-03 12:39:00+05:30,5064.2,5064.2,5063.55,5063.9,100,
2024-09-03 12:40:00+05:30,5063.9,5064.15,5062.45,5064.15,93,
2024-09-03 12:41:00+05:30,5064.15,5064.15,5061.4,5064.15,601,
2024-09-03 12:42:00+05:30,5064.1,5064.15,5062.6,5064.15,222,
2024-09-03 12:43:00+05:30,5064.15,5065,5062.8,5064.85,231,
2024-09-03 12:44:00+05:30,5064.85,5065,5062.8,5064.8,113,
2024-09-03 12:45:00+05:30,5064.8,5064.8,5062.9,5063.85,86,
2024-09-03 12:46:00+05:30,5063.85,5068,5063.85,5067.8,802,
2024-09-03 12:47:00+05:30,5067.8,5067.8,5066,5067.8,47,
2024-09-03 12:48:00+05:30,5067.8,5067.8,5066,5066.9,197,
2024-09-03 12:49:00+05:30,5066.9,5066.9,5063.75,5066.35,232,
2024-09-03 12:50:00+05:30,5066,5066.35,5066,5066.1,333,
2024-09-03 12:51:00+05:30,5066.2,5066.2,5066,5066.15,680,
2024-09-03 12:52:00+05:30,5066.15,5066.2,5066,5066.05,358,
2024-09-03 12:53:00+05:30,5066.05,5066.05,5066,5066.05,111,
2024-09-03 12:54:00+05:30,5066.05,5066.05,5066,5066.05,230,
2024-09-03 12:55:00+05:30,5066.05,5069.85,5063.85,5068.95,2958,
2024-09-03 12:56:00+05:30,5068.95,5069,5067.2,5068.3,206,
2024-09-03 12:57:00+05:30,5068.3,5071.8,5068.05,5069.4,1085,
2024-09-03 12:58:00+05:30,5067.95,5070.95,5067.05,5068.65,217,
2024-09-03 12:59:00+05:30,5068.65,5068.7,5066.3,5066.3,77,
2024-09-03 13:00:00+05:30,5067.75,5067.8,5066.75,5067.4,95,
2024-09-03 13:01:00+05:30,5066.5,5067.4,5066,5066,773,
2024-09-03 13:02:00+05:30,5066.1,5066.9,5066,5066.15,245,
2024-09-03 13:03:00+05:30,5066,5069.9,5066,5067.35,1130,
2024-09-03 13:04:00+05:30,5067.2,5068.55,5066,5066.5,164,
2024-09-03 13:05:00+05:30,5066,5066.1,5066,5066,152,
2024-09-03 13:06:00+05:30,5066,5066.05,5066,5066,124,
2024-09-03 13:07:00+05:30,5066,5066.05,5065.15,5066,592,
2024-09-03 13:08:00+05:30,5066.05,5066.05,5066,5066.05,515,
2024-09-03 13:09:00+05:30,5066,5067.65,5063.75,5066.15,3065,
2024-09-03 13:10:00+05:30,5066.15,5066.55,5066,5066.1,227,
2024-09-03 13:11:00+05:30,5066.1,5066.1,5066,5066.05,197,
2024-09-03 13:12:00+05:30,5066.05,5066.05,5066,5066.05,280,
2024-09-03 13:13:00+05:30,5066,5066.05,5066,5066.05,162,
2024-09-03 13:14:00+05:30,5066,5070,5066,5066.6,1670,
2024-09-03 13:15:00+05:30,5066.35,5069.5,5066.35,5069.45,212,
2024-09-03 13:16:00+05:30,5067.25,5070,5067.25,5070,181,
2024-09-03 13:17:00+05:30,5067.95,5070,5067.15,5068.4,223,
2024-09-03 13:18:00+05:30,5068.4,5068.4,5066.1,5066.1,194,
2024-09-03 13:19:00+05:30,5066.1,5066.6,5064.35,5066.35,1010,
2024-09-03 13:20:00+05:30,5066,5069.9,5066,5069.9,1016,
2024-09-03 13:21:00+05:30,5067.8,5070,5067.7,5070,121,
2024-09-03 13:22:00+05:30,5069.1,5070,5068.5,5068.5,47,
2024-09-03 13:23:00+05:30,5069.45,5070,5066.6,5066.95,238,
2024-09-03 13:24:00+05:30,5069,5069,5066.75,5068.75,257,
2024-09-03 13:25:00+05:30,5066.55,5068.8,5066.55,5067.05,108,
2024-09-03 13:26:00+05:30,5066.7,5069.95,5066,5066.2,1787,
2024-09-03 13:27:00+05:30,5066,5067.5,5066,5066.2,75,
2024-09-03 13:28:00+05:30,5066.6,5067.95,5066,5066,928,
2024-09-03 13:29:00+05:30,5066,5068.45,5063,5066.1,1406,
2024-09-03 13:30:00+05:30,5066.1,5067.5,5063.55,5066,488,
2024-09-03 13:31:00+05:30,5066.15,5066.15,5066,5066,257,
2024-09-03 13:32:00+05:30,5066,5066,5060.75,5064.05,4169,
2024-09-03 13:33:00+05:30,5064.05,5072.2,5063.1,5069.15,2602,
2024-09-03 13:34:00+05:30,5069.8,5071.05,5066.35,5066.35,492,
2024-09-03 13:35:00+05:30,5068,5070,5066.05,5070,1087,
2024-09-03 13:36:00+05:30,5070,5070,5066,5066.35,168,
2024-09-03 13:37:00+05:30,5066.35,5066.4,5066,5066.05,279,
2024-09-03 13:38:00+05:30,5066.2,5066.25,5066,5066.1,337,
2024-09-03 13:39:00+05:30,5066.1,5066.2,5066,5066.1,608,
2024-09-03 13:40:00+05:30,5066.1,5066.1,5066,5066.05,782,
2024-09-03 13:41:00+05:30,5066,5066.05,5066,5066,157,
2024-09-03 13:42:00+05:30,5066,5067.75,5062.8,5066,1329,
2024-09-03 13:43:00+05:30,5066,5067.6,5066,5066,53,
2024-09-03 13:44:00+05:30,5066,5066.45,5066,5066,138,
2024-09-03 13:45:00+05:30,5066,5066.3,5066,5066.05,1367,
2024-09-03 13:46:00+05:30,5066,5066.25,5065.7,5066,1549,
2024-09-03 13:47:00+05:30,5066,5066.15,5066,5066.05,200,
2024-09-03 13:48:00+05:30,5066,5066.05,5066,5066,655,
2024-09-03 13:49:00+05:30,5066,5066.1,5063.8,5065.85,436,
2024-09-03 13:50:00+05:30,5065.85,5065.85,5062.85,5064.15,323,
2024-09-03 13:51:00+05:30,5064.15,5068,5062.5,5066.75,740,
2024-09-03 13:52:00+05:30,5068,5068,5065.7,5066.7,218,
2024-09-03 13:53:00+05:30,5066,5066.6,5066,5066.05,124,
2024-09-03 13:54:00+05:30,5066.05,5066.05,5066,5066.05,895,
2024-09-03 13:55:00+05:30,5066.05,5066.05,5063.6,5063.6,758,
2024-09-03 13:56:00+05:30,5064.3,5067.95,5063.6,5066.25,1963,
2024-09-03 13:57:00+05:30,5066,5067.8,5065.75,5067,1223,
2024-09-03 13:58:00+05:30,5066.45,5070,5066.2,5067.15,392,
2024-09-03 13:59:00+05:30,5066.4,5067.85,5066.05,5067.6,132,
2024-09-03 14:00:00+05:30,5067.1,5071,5066.3,5070.6,600,
2024-09-03 14:01:00+05:30,5070.6,5078,5069.8,5077.95,2159,
2024-09-03 14:02:00+05:30,5078,5078,5074.15,5077.4,542,
2024-09-03 14:03:00+05:30,5077.4,5077.4,5073.85,5076.2,163,
2024-09-03 14:04:00+05:30,5076.2,5078,5073.9,5078,777,
2024-09-03 14:05:00+05:30,5078,5078,5076.2,5076.45,143,
2024-09-03 14:06:00+05:30,5076.45,5079.6,5075,5076.6,4100,
2024-09-03 14:07:00+05:30,5077.4,5079.45,5076.65,5077.95,574,
2024-09-03 14:08:00+05:30,5078,5079.6,5077.95,5078.45,204,
2024-09-03 14:09:00+05:30,5078.45,5079.9,5078,5079.75,830,
2024-09-03 14:10:00+05:30,5078,5079.75,5077,5077,194,
2024-09-03 14:11:00+05:30,5077,5079.75,5077,5079.75,438,
2024-09-03 14:12:00+05:30,5077.9,5079.75,5077.55,5078.9,126,
2024-09-03 14:13:00+05:30,5078,5078.9,5077,5077.05,103,
2024-09-03 14:14:00+05:30,5077.4,5080,5077.4,5078.5,1123,
2024-09-03 14:15:00+05:30,5080,5088,5078.2,5088,3501,
2024-09-03 14:16:00+05:30,5088,5090,5086.65,5090,1077,
2024-09-03 14:17:00+05:30,5090,5093.95,5089,5091.25,2267,
2024-09-03 14:18:00+05:30,5091.25,5091.25,5088.1,5090.8,491,
2024-09-03 14:19:00+05:30,5092,5098.45,5088.05,5089.15,3965,
2024-09-03 14:20:00+05:30,5089.15,5090.25,5086.2,5089.95,837,
2024-09-03 14:21:00+05:30,5089.95,5090,5087.3,5089.9,376,
2024-09-03 14:22:00+05:30,5088.6,5089.15,5084.95,5084.95,302,
2024-09-03 14:23:00+05:30,5084.95,5086.5,5083.7,5085.5,167,
2024-09-03 14:24:00+05:30,5085.5,5085.5,5081.65,5082.8,307,
2024-09-03 14:25:00+05:30,5082.8,5082.8,5077,5080,1571,
2024-09-03 14:26:00+05:30,5078.4,5083.65,5078.4,5079.2,869,
2024-09-03 14:27:00+05:30,5081.3,5091,5079.15,5091,2581,
2024-09-03 14:28:00+05:30,5091,5091,5086.25,5087.2,455,
2024-09-03 14:29:00+05:30,5087.2,5089.55,5084.35,5084.35,358,
2024-09-03 14:30:00+05:30,5084.35,5085,5083,5084.85,342,
2024-09-03 14:31:00+05:30,5084.85,5084.85,5083,5084.85,298,
2024-09-03 14:32:00+05:30,5083.2,5084.85,5083,5083,123,
2024-09-03 14:33:00+05:30,5083,5086,5083,5083,2486,
2024-09-03 14:34:00+05:30,5084.7,5086.45,5084.2,5084.8,746,
2024-09-03 14:35:00+05:30,5086,5086,5084.5,5084.85,42,
2024-09-03 14:36:00+05:30,5085.85,5085.85,5083.25,5084.8,230,
2024-09-03 14:37:00+05:30,5084.1,5084.8,5083,5084.1,232,
2024-09-03 14:38:00+05:30,5083,5085.85,5083,5085,388,
2024-09-03 14:39:00+05:30,5085,5085.2,5084,5084.95,52,
2024-09-03 14:40:00+05:30,5084,5088.5,5084,5084.5,219,
2024-09-03 14:41:00+05:30,5084.5,5085,5084.5,5084.5,139,
2024-09-03 14:42:00+05:30,5084.5,5084.5,5083,5084,327,
2024-09-03 14:43:00+05:30,5083.1,5084,5083,5084,263,
2024-09-03 14:44:00+05:30,5084,5084,5083,5083.1,1340,
2024-09-03 14:45:00+05:30,5083.1,5083.5,5078.65,5078.65,3286,
2024-09-03 14:46:00+05:30,5078.65,5081.8,5076.9,5079.2,1506,
2024-09-03 14:47:00+05:30,5079.7,5081.65,5078.05,5079.7,193,
2024-09-03 14:48:00+05:30,5079.7,5079.7,5076.25,5077.05,167,
2024-09-03 14:49:00+05:30,5077.65,5078.05,5076.2,5076.7,287,
2024-09-03 14:50:00+05:30,5076.7,5076.7,5076.2,5076.25,267,
2024-09-03 14:51:00+05:30,5076.25,5076.65,5074.3,5074.3,635,
2024-09-03 14:52:00+05:30,5074.65,5075.7,5074.3,5074.3,242,
2024-09-03 14:53:00+05:30,5074.3,5078.7,5073.05,5078.1,1047,
2024-09-03 14:54:00+05:30,5077.9,5078.55,5075.65,5077.6,197,
2024-09-03 14:55:00+05:30,5075.7,5077.55,5073.4,5074.85,155,
2024-09-03 14:56:00+05:30,5074.85,5074.85,5072.55,5072.75,255,
2024-09-03 14:57:00+05:30,5072.75,5074,5070.2,5070.4,428,
2024-09-03 14:58:00+05:30,5070.4,5071.3,5070,5070,330,
2024-09-03 14:59:00+05:30,5068,5071.8,5068,5069.1,1379,
2024-09-03 15:00:00+05:30,5070.3,5070.3,5065.05,5065.05,601,
2024-09-03 15:01:00+05:30,5067,5068.45,5065.55,5067.1,815,
2024-09-03 15:02:00+05:30,5067,5067.95,5062.65,5065.1,1498,
2024-09-03 15:03:00+05:30,5064.85,5068.3,5063.65,5066.6,609,
2024-09-03 15:04:00+05:30,5068.3,5069.4,5065.2,5065.2,647,
2024-09-03 15:05:00+05:30,5065.2,5067.5,5065.2,5065.55,691,
2024-09-03 15:06:00+05:30,5065.5,5066.15,5062.55,5064.15,1589,
2024-09-03 15:07:00+05:30,5064.35,5065.05,5064.05,5064.3,966,
2024-09-03 15:08:00+05:30,5065.05,5066.05,5062.95,5063.35,815,
2024-09-03 15:09:00+05:30,5063.4,5064.05,5063.35,5064.05,2610,
2024-09-03 15:10:00+05:30,5063.95,5064.05,5062.75,5063.4,1083,
2024-09-03 15:11:00+05:30,5063.5,5068.95,5063.5,5068,870,
2024-09-03 15:12:00+05:30,5068.1,5069.45,5066.45,5067.35,3115,
2024-09-03 15:13:00+05:30,5067.35,5067.35,5067,5067,690,
2024-09-03 15:14:00+05:30,5067,5068.5,5066.1,5066.4,1937,
2024-09-03 15:15:00+05:30,5066.4,5068,5066.4,5067.95,312,
2024-09-03 15:16:00+05:30,5067.95,5068.5,5067.95,5068.45,1428,
2024-09-03 15:17:00+05:30,5068.5,5069.65,5068.4,5069.35,803,
2024-09-03 15:18:00+05:30,5069.65,5069.65,5068.55,5069,1596,
2024-09-03 15:19:00+05:30,5069,5069,5067.45,5068,607,
2024-09-03 15:20:00+05:30,5068,5068,5063.15,5064.25,1041,
2024-09-03 15:21:00+05:30,5064.5,5064.85,5063.65,5064,1356,
2024-09-03 15:22:00+05:30,5064,5064.45,5063.8,5064.05,632,
2024-09-03 15:23:00+05:30,5064.1,5064.1,5064.05,5064.05,996,
2024-09-03 15:24:00+05:30,5064.05,5064.6,5064.05,5064.6,873,
2024-09-03 15:25:00+05:30,5064.6,5067,5064.6,5066.95,1796,
2024-09-03 15:26:00+05:30,5066.95,5069,5065.35,5069,605,
2024-09-03 15:27:00+05:30,5068.05,5069,5064.2,5065.1,1627,
2024-09-03 15:28:00+05:30,5067.45,5067.45,5063.7,5065.3,1180,
2024-09-03 15:29:00+05:30,5065.35,5066.35,5057.85,5066.35,473,
2024-09-04 09:15:00+05:30,5060.5,5060.5,5015.25,5024.1,3935,
2024-09-04 09:16:00+05:30,5024.3,5038.9,5015.5,5038.9,1548,
2024-09-04 09:17:00+05:30,5033,5046.9,5033,5040.75,1153,
2024-09-04 09:18:00+05:30,5039.6,5039.65,5031.2,5035.9,394,
2024-09-04 09:19:00+05:30,5035.9,5040,5030.7,5037.9,591,
2024-09-04 09:20:00+05:30,5033.7,5036.65,5031.85,5031.95,789,
2024-09-04 09:21:00+05:30,5032.1,5041.4,5031.05,5040.65,1867,
2024-09-04 09:22:00+05:30,5040.25,5043.25,5034.05,5040,1429,
2024-09-04 09:23:00+05:30,5042.4,5049,5040.1,5047.45,453,
2024-09-04 09:24:00+05:30,5047.3,5047.3,5042,5045,233,
2024-09-04 09:25:00+05:30,5044.15,5047.05,5042.25,5044.95,328,
2024-09-04 09:26:00+05:30,5044.95,5065.45,5044.55,5065.45,1255,
2024-09-04 09:27:00+05:30,5059.1,5060,5047.15,5058.1,771,
2024-09-04 09:28:00+05:30,5056.9,5059.4,5051,5052.05,725,
2024-09-04 09:29:00+05:30,5050,5059,5050,5056.3,346,
2024-09-04 09:30:00+05:30,5056.3,5063.1,5054.85,5060,1194,
2024-09-04 09:31:00+05:30,5060,5064.1,5057.5,5057.5,474,
2024-09-04 09:32:00+05:30,5057.5,5061.25,5055.05,5061.25,354,
2024-09-04 09:33:00+05:30,5061.25,5065,5059.2,5064.9,1633,
2024-09-04 09:34:00+05:30,5062.6,5064.5,5060.4,5060.4,236,
2024-09-04 09:35:00+05:30,5060.4,5061.35,5055.45,5056.6,270,
2024-09-04 09:36:00+05:30,5056.6,5059.1,5055,5055.6,457,
2024-09-04 09:37:00+05:30,5055.6,5060,5055.1,5056.4,28,
2024-09-04 09:38:00+05:30,5056.1,5058.5,5056.1,5056.5,339,
2024-09-04 09:39:00+05:30,5056.5,5059.75,5056.5,5056.65,95,
2024-09-04 09:40:00+05:30,5057.5,5060.2,5056.65,5057.6,546,
2024-09-04 09:41:00+05:30,5059.3,5064,5059.3,5063.75,224,
2024-09-04 09:42:00+05:30,5062,5064.45,5061.05,5064.45,292,
2024-09-04 09:43:00+05:30,5061,5069.8,5059.55,5069.8,296,
2024-09-04 09:44:00+05:30,5066.1,5070,5060.65,5064.1,907,
2024-09-04 09:45:00+05:30,5064.1,5065.35,5057,5059.2,232,
2024-09-04 09:46:00+05:30,5059.2,5059.75,5052.7,5052.95,384,
2024-09-04 09:47:00+05:30,5053,5055.9,5052.7,5053,200,
2024-09-04 09:48:00+05:30,5053,5053,5044.9,5044.9,529,
2024-09-04 09:49:00+05:30,5044.1,5047.05,5042.35,5045,218,
2024-09-04 09:50:00+05:30,5045,5045.9,5041.2,5043,241,
2024-09-04 09:51:00+05:30,5044.95,5048,5043.05,5045,319,
2024-09-04 09:52:00+05:30,5045,5048,5044.65,5047,186,
2024-09-04 09:53:00+05:30,5049,5049,5044,5045,972,
2024-09-04 09:54:00+05:30,5045,5047.05,5044,5046.1,121,
2024-09-04 09:55:00+05:30,5044,5046.8,5044,5046.8,122,
2024-09-04 09:56:00+05:30,5046.8,5047.65,5043,5043,130,
2024-09-04 09:57:00+05:30,5043.45,5043.65,5040.2,5043,296,
2024-09-04 09:58:00+05:30,5040.25,5046.2,5040.2,5045,357,
2024-09-04 09:59:00+05:30,5045,5045.85,5043.15,5045.8,95,
2024-09-04 10:00:00+05:30,5045.8,5045.8,5040.3,5044.65,184,
2024-09-04 10:01:00+05:30,5041.6,5043,5040.55,5043,66,
2024-09-04 10:02:00+05:30,5043,5044.4,5039.7,5041.4,434,
2024-09-04 10:03:00+05:30,5043.65,5048,5042.55,5045.2,138,
2024-09-04 10:04:00+05:30,5045.1,5045.1,5040.3,5043.75,272,
2024-09-04 10:05:00+05:30,5043.75,5046.5,5039.95,5046.5,241,
2024-09-04 10:06:00+05:30,5046.5,5047.35,5042.85,5047.35,245,
2024-09-04 10:07:00+05:30,5047.5,5047.6,5045.6,5047.6,119,
2024-09-04 10:08:00+05:30,5047.6,5050,5047.6,5048.5,2287,
2024-09-04 10:09:00+05:30,5050,5050,5048.5,5050,188,
2024-09-04 10:10:00+05:30,5049.05,5049.85,5045.6,5046.25,299,
2024-09-04 10:11:00+05:30,5047.8,5047.8,5044.45,5047.8,734,
2024-09-04 10:12:00+05:30,5047.8,5050,5045.55,5050,264,
2024-09-04 10:13:00+05:30,5048.25,5050,5047.55,5047.55,157,
2024-09-04 10:14:00+05:30,5049,5049,5045.55,5049,99,
2024-09-04 10:15:00+05:30,5049.5,5049.5,5046.5,5046.5,1178,
2024-09-04 10:16:00+05:30,5048.95,5048.95,5045,5046.6,82,
2024-09-04 10:17:00+05:30,5046.6,5048.55,5044.7,5048.45,294,
2024-09-04 10:18:00+05:30,5045.9,5048,5045.3,5047.2,81,
2024-09-04 10:19:00+05:30,5047.2,5047.2,5045.3,5047.2,128,
2024-09-04 10:20:00+05:30,5044.75,5047.2,5036.9,5039.75,1241,
2024-09-04 10:21:00+05:30,5039.75,5043.1,5037.2,5042.55,344,
2024-09-04 10:22:00+05:30,5042.55,5052,5040,5045.7,3319,
2024-09-04 10:23:00+05:30,5045.7,5050,5045.7,5048.3,54,
2024-09-04 10:24:00+05:30,5048.3,5049.9,5045.25,5047.4,221,
2024-09-04 10:25:00+05:30,5047.4,5050,5045.25,5049.75,225,
2024-09-04 10:26:00+05:30,5049.75,5050,5046.05,5047.2,243,
2024-09-04 10:27:00+05:30,5047.2,5047.2,5043.25,5044.25,284,
2024-09-04 10:28:00+05:30,5045.1,5046.25,5043.4,5045.75,85,
2024-09-04 10:29:00+05:30,5045.7,5046.25,5043.75,5045.3,100,
2024-09-04 10:30:00+05:30,5044,5045.7,5040.2,5042.4,232,
2024-09-04 10:31:00+05:30,5042.4,5045.7,5040.15,5045.7,68,
2024-09-04 10:32:00+05:30,5045.7,5050,5041.55,5050,1596,
2024-09-04 10:33:00+05:30,5051.95,5052,5048.6,5052,1562,
2024-09-04 10:34:00+05:30,5052,5054,5052,5053,1509,
2024-09-04 10:35:00+05:30,5053.8,5055,5053,5053.6,1537,
2024-09-04 10:36:00+05:30,5054,5056,5053.55,5055,1533,
2024-09-04 10:37:00+05:30,5054.25,5055,5050,5054,3717,
2024-09-04 10:38:00+05:30,5054,5054,5043.05,5049.3,8735,
2024-09-04 10:39:00+05:30,5049.85,5050,5048.5,5050,324,
2024-09-04 10:40:00+05:30,5050,5050,5040,5048.5,1281,
2024-09-04 10:41:00+05:30,5048.5,5052,5047.35,5051.95,2691,
2024-09-04 10:42:00+05:30,5051.95,5054.95,5050.45,5053.7,378,
2024-09-04 10:43:00+05:30,5053.7,5054.5,5047.05,5052.5,10878,
2024-09-04 10:44:00+05:30,5049.4,5052.95,5048.3,5052.5,9263,
2024-09-04 10:45:00+05:30,5052.5,5057.75,5052.5,5057.75,562,
2024-09-04 10:46:00+05:30,5057.75,5061,5057,5059.05,568,
2024-09-04 10:47:00+05:30,5059.05,5064.85,5058.55,5058.55,1637,
2024-09-04 10:48:00+05:30,5058.55,5058.7,5052.55,5058.7,1580,
2024-09-04 10:49:00+05:30,5056.7,5058.7,5056.65,5056.65,33,
2024-09-04 10:50:00+05:30,5056.65,5058.9,5052,5053.9,2501,
2024-09-04 10:51:00+05:30,5053.9,5054,5050,5054,449,
2024-09-04 10:52:00+05:30,5054,5054,5053,5054,90,
2024-09-04 10:53:00+05:30,5054,5060,5053.2,5056.55,2931,
2024-09-04 10:54:00+05:30,5056.55,5058,5056.55,5057.95,71,
2024-09-04 10:55:00+05:30,5057.95,5057.95,5054.55,5056.55,265,
2024-09-04 10:56:00+05:30,5056.55,5058,5055.5,5058,301,
2024-09-04 10:57:00+05:30,5058,5059,5055.1,5057.45,945,
2024-09-04 10:58:00+05:30,5058,5058,5055.65,5056.55,129,
2024-09-04 10:59:00+05:30,5056.55,5059,5056.55,5058,743,
2024-09-04 11:00:00+05:30,5058,5060,5056.6,5057.2,4121,
2024-09-04 11:01:00+05:30,5057.2,5058,5055.6,5056,142,
2024-09-04 11:02:00+05:30,5056,5057.7,5055,5057.35,519,
2024-09-04 11:03:00+05:30,5057.35,5058,5056,5058,289,
2024-09-04 11:04:00+05:30,5056.85,5060,5056.7,5056.95,3053,
2024-09-04 11:05:00+05:30,5058,5058,5056.25,5057.95,771,
2024-09-04 11:06:00+05:30,5057.95,5058,5056.55,5058,114,
2024-09-04 11:07:00+05:30,5058,5058,5056.3,5057.95,135,
2024-09-04 11:08:00+05:30,5057.95,5057.95,5056.4,5056.5,105,
2024-09-04 11:09:00+05:30,5056.5,5057.4,5055.15,5057.2,241,
2024-09-04 11:10:00+05:30,5057.2,5057.2,5056,5056,108,
2024-09-04 11:11:00+05:30,5056,5057.2,5056,5057.2,191,
2024-09-04 11:12:00+05:30,5057.2,5058,5056,5057,450,
2024-09-04 11:13:00+05:30,5057.6,5058,5056,5056,136,
2024-09-04 11:14:00+05:30,5057.95,5057.95,5056,5057.85,119,
2024-09-04 11:15:00+05:30,5056,5057.85,5056,5057.3,103,
2024-09-04 11:16:00+05:30,5057.3,5057.3,5054.65,5056,336,
2024-09-04 11:17:00+05:30,5056,5057.05,5056,5056,218,
2024-09-04 11:18:00+05:30,5056,5057.15,5056,5057.15,308,
2024-09-04 11:19:00+05:30,5057.15,5057.15,5055.4,5056.2,104,
2024-09-04 11:20:00+05:30,5056.2,5057.9,5055.65,5055.9,101,
2024-09-04 11:21:00+05:30,5055.9,5057.9,5055,5057.75,155,
2024-09-04 11:22:00+05:30,5057.75,5057.8,5055.35,5057,200,
2024-09-04 11:23:00+05:30,5057.4,5057.95,5055,5056.9,208,
2024-09-04 11:24:00+05:30,5056.9,5057.25,5055,5057.25,104,
2024-09-04 11:25:00+05:30,5055.45,5057.3,5055,5055,138,
2024-09-04 11:26:00+05:30,5055,5057,5055,5056.9,208,
2024-09-04 11:27:00+05:30,5056.95,5057,5055,5057,134,
2024-09-04 11:28:00+05:30,5057,5057,5054.4,5057,120,
2024-09-04 11:29:00+05:30,5057,5057,5054.15,5056.6,262,
2024-09-04 11:30:00+05:30,5056.6,5056.65,5054,5056.45,226,
2024-09-04 11:31:00+05:30,5056.45,5056.5,5053.15,5056,1177,
2024-09-04 11:32:00+05:30,5056,5057,5054.9,5056,357,
2024-09-04 11:33:00+05:30,5056,5057,5056,5057,170,
2024-09-04 11:34:00+05:30,5056,5057,5054.3,5057,197,
2024-09-04 11:35:00+05:30,5057,5057,5056,5057,472,
2024-09-04 11:36:00+05:30,5057,5057,5056,5057,148,
2024-09-04 11:37:00+05:30,5056.15,5057,5056.1,5056.1,204,
2024-09-04 11:38:00+05:30,5057,5058.5,5057,5058,2150,
2024-09-04 11:39:00+05:30,5058,5058,5056,5058,178,
2024-09-04 11:40:00+05:30,5058,5058,5056.8,5058,105,
2024-09-04 11:41:00+05:30,5058,5058,5056.05,5058,136,
2024-09-04 11:42:00+05:30,5058,5058,5056.25,5058,166,
2024-09-04 11:43:00+05:30,5056.25,5066.85,5056.25,5060,6566,
2024-09-04 11:44:00+05:30,5060,5062.3,5055,5056,1710,
2024-09-04 11:45:00+05:30,5056,5058.05,5056,5057.8,91,
2024-09-04 11:46:00+05:30,5057.8,5058,5056,5058,1064,
2024-09-04 11:47:00+05:30,5058.85,5059,5057.5,5059,157,
2024-09-04 11:48:00+05:30,5059,5060,5058.15,5060,1001,
2024-09-04 11:49:00+05:30,5060,5060,5058.5,5060,550,
2024-09-04 11:50:00+05:30,5060,5063,5058.55,5063,5921,
2024-09-04 11:51:00+05:30,5064.3,5075.5,5064.3,5075.5,4115,
2024-09-04 11:52:00+05:30,5075.5,5082.8,5075.5,5082.1,1887,
2024-09-04 11:53:00+05:30,5080.3,5081,5071.8,5074.2,2727,
2024-09-04 11:54:00+05:30,5074.2,5076.65,5071.8,5076.65,256,
2024-09-04 11:55:00+05:30,5076.65,5080,5074,5078.35,490,
2024-09-04 11:56:00+05:30,5078.35,5080,5075.3,5078.9,494,
2024-09-04 11:57:00+05:30,5078.9,5080,5076,5080,391,
2024-09-04 11:58:00+05:30,5080,5083,5078.9,5082,6899,
2024-09-04 11:59:00+05:30,5082,5083,5081.65,5083,1077,
2024-09-04 12:00:00+05:30,5083,5088.95,5080.2,5087.4,3946,
2024-09-04 12:01:00+05:30,5087.4,5094.45,5084.8,5093.7,1239,
2024-09-04 12:02:00+05:30,5093.7,5094.75,5090,5092.45,1133,
2024-09-04 12:03:00+05:30,5092.45,5092.45,5086.6,5087,535,
2024-09-04 12:04:00+05:30,5087,5089.55,5082.95,5086.35,1266,
2024-09-04 12:05:00+05:30,5086.35,5086.35,5081,5081.15,497,
2024-09-04 12:06:00+05:30,5081.15,5083.95,5081.15,5083.4,420,
2024-09-04 12:07:00+05:30,5083.4,5083.4,5078.5,5080.05,707,
2024-09-04 12:08:00+05:30,5080.05,5080.05,5078.5,5078.5,124,
2024-09-04 12:09:00+05:30,5078.5,5080.2,5075,5077.2,1004,
2024-09-04 12:10:00+05:30,5077.2,5077.9,5075.1,5077.85,260,
2024-09-04 12:11:00+05:30,5077.85,5077.85,5075.2,5075.75,112,
2024-09-04 12:12:00+05:30,5075.75,5079.4,5075.75,5079.4,264,
2024-09-04 12:13:00+05:30,5079.4,5079.7,5075.35,5075.65,203,
2024-09-04 12:14:00+05:30,5075.65,5079.15,5075.65,5079.15,118,
2024-09-04 12:15:00+05:30,5079.15,5079.2,5077.15,5079,48,
2024-09-04 12:16:00+05:30,5079,5079,5077.85,5078.8,100,
2024-09-04 12:17:00+05:30,5078.85,5080,5077.4,5077.4,252,
2024-09-04 12:18:00+05:30,5077.4,5080,5077.4,5080,58,
2024-09-04 12:19:00+05:30,5080,5080,5077.75,5080,108,
2024-09-04 12:20:00+05:30,5080,5080,5077.65,5078,243,
2024-09-04 12:21:00+05:30,5078,5080,5076.8,5079.3,101,
2024-09-04 12:22:00+05:30,5079.3,5079.3,5077.15,5079,85,
2024-09-04 12:23:00+05:30,5077.75,5079,5075.35,5079,192,
2024-09-04 12:24:00+05:30,5079,5080,5076.3,5078.25,194,
2024-09-04 12:25:00+05:30,5078.25,5079.45,5075.3,5079,339,
2024-09-04 12:26:00+05:30,5079.05,5080,5076.6,5080,1500,
2024-09-04 12:27:00+05:30,5080,5080,5079.25,5080,264,
2024-09-04 12:28:00+05:30,5080,5083.25,5079.5,5080.5,890,
2024-09-04 12:29:00+05:30,5080.5,5082.3,5078.6,5080.05,1204,
2024-09-04 12:30:00+05:30,5080.05,5082.55,5079.65,5081.15,404,
2024-09-04 12:31:00+05:30,5081.15,5081.15,5077.15,5080,230,
2024-09-04 12:32:00+05:30,5080,5081.35,5078.55,5080.95,183,
2024-09-04 12:33:00+05:30,5080.95,5080.95,5079.15,5080.5,58,
2024-09-04 12:34:00+05:30,5080.5,5081.4,5078.5,5081.4,348,
2024-09-04 12:35:00+05:30,5081.4,5082.65,5079.65,5081.9,465,
2024-09-04 12:36:00+05:30,5081.9,5081.9,5079.85,5081.4,23,
2024-09-04 12:37:00+05:30,5081.4,5081.4,5079.65,5080.1,57,
2024-09-04 12:38:00+05:30,5079.65,5079.95,5074.65,5074.75,518,
2024-09-04 12:39:00+05:30,5077.1,5077.85,5075.9,5077.85,235,
2024-09-04 12:40:00+05:30,5077.85,5077.85,5074,5074,42,
2024-09-04 12:41:00+05:30,5075,5077.8,5075,5077,555,
2024-09-04 12:42:00+05:30,5077,5077,5073.95,5076.3,426,
2024-09-04 12:43:00+05:30,5076.3,5076.95,5073,5074.5,902,
2024-09-04 12:44:00+05:30,5074.5,5076.6,5073.4,5076.6,149,
2024-09-04 12:45:00+05:30,5076.6,5079.65,5075.05,5078.85,273,
2024-09-04 12:46:00+05:30,5077,5078.9,5077,5078.45,78,
2024-09-04 12:47:00+05:30,5078.45,5078.7,5076.2,5078.55,136,
2024-09-04 12:48:00+05:30,5076.55,5078.55,5076.2,5078.55,75,
2024-09-04 12:49:00+05:30,5078.55,5079.45,5076.9,5079.45,214,
2024-09-04 12:50:00+05:30,5078.15,5079.9,5075.5,5076.8,125,
2024-09-04 12:51:00+05:30,5076.8,5079.15,5076.8,5079,65,
2024-09-04 12:52:00+05:30,5079,5079,5075.55,5078.05,236,
2024-09-04 12:53:00+05:30,5077.05,5077.95,5075.85,5076.2,108,
2024-09-04 12:54:00+05:30,5076.2,5078.6,5076.1,5078.6,199,
2024-09-04 12:55:00+05:30,5078.6,5078.6,5076.1,5078.6,93,
2024-09-04 12:56:00+05:30,5078.6,5078.6,5076.25,5077.95,138,
2024-09-04 12:57:00+05:30,5076.6,5077.3,5074,5076.65,268,
2024-09-04 12:58:00+05:30,5076.65,5076.85,5074.05,5076.85,164,
2024-09-04 12:59:00+05:30,5076.85,5078.6,5074.4,5078.4,111,
2024-09-04 13:00:00+05:30,5078.25,5078.5,5075.6,5075.6,94,
2024-09-04 13:01:00+05:30,5075.6,5078.35,5075.6,5078.2,227,
2024-09-04 13:02:00+05:30,5078.2,5078.25,5075.55,5075.9,114,
2024-09-04 13:03:00+05:30,5075.9,5078.6,5075.6,5078.6,199,
2024-09-04 13:04:00+05:30,5078.6,5082,5077.75,5080,6090,
2024-09-04 13:05:00+05:30,5080,5082,5079.55,5081.35,1180,
2024-09-04 13:06:00+05:30,5081.35,5081.35,5079.55,5080.6,217,
2024-09-04 13:07:00+05:30,5080.6,5086,5077,5084.95,3739,
2024-09-04 13:08:00+05:30,5084.95,5084.95,5080.95,5081.6,203,
2024-09-04 13:09:00+05:30,5081.6,5084.85,5081.2,5081.2,226,
2024-09-04 13:10:00+05:30,5081.2,5083.35,5081.2,5082.25,195,
2024-09-04 13:11:00+05:30,5082.25,5086.05,5081.8,5081.8,248,
2024-09-04 13:12:00+05:30,5082.25,5083.8,5082.25,5082.55,279,
2024-09-04 13:13:00+05:30,5082.55,5084.9,5082.5,5082.75,295,
2024-09-04 13:14:00+05:30,5082.75,5084.55,5082.5,5083,205,
2024-09-04 13:15:00+05:30,5083,5092,5082.5,5091.85,1483,
2024-09-04 13:16:00+05:30,5091.85,5091.85,5086.1,5086.1,1164,
2024-09-04 13:17:00+05:30,5086.1,5089.75,5086.1,5086.5,365,
2024-09-04 13:18:00+05:30,5086.5,5088.5,5086.15,5088.2,263,
2024-09-04 13:19:00+05:30,5088.2,5088.2,5086,5086.1,451,
2024-09-04 13:20:00+05:30,5086.1,5090.85,5086.1,5090.85,260,
2024-09-04 13:21:00+05:30,5090.85,5091,5086.35,5088.55,1208,
2024-09-04 13:22:00+05:30,5088.55,5089.95,5082,5082.3,699,
2024-09-04 13:23:00+05:30,5082.3,5086.7,5082,5086.7,306,
2024-09-04 13:24:00+05:30,5086.7,5088.65,5084.2,5085.9,351,
2024-09-04 13:25:00+05:30,5085.9,5089.45,5084.85,5088.5,1754,
2024-09-04 13:26:00+05:30,5088.5,5088.5,5085.8,5086.05,255,
2024-09-04 13:27:00+05:30,5086.05,5089.1,5085.9,5088.25,474,
2024-09-04 13:28:00+05:30,5088.25,5088.25,5085.4,5085.4,215,
2024-09-04 13:29:00+05:30,5085.4,5087.25,5083,5083.4,911,
2024-09-04 13:30:00+05:30,5083.4,5086.15,5083.25,5083.85,426,
2024-09-04 13:31:00+05:30,5083.85,5086.05,5083.5,5084,311,
2024-09-04 13:32:00+05:30,5085.9,5086,5084,5084,206,
2024-09-04 13:33:00+05:30,5084,5088.85,5084,5085.8,1154,
2024-09-04 13:34:00+05:30,5085.8,5088.8,5085.5,5085.55,236,
2024-09-04 13:35:00+05:30,5085.55,5089.3,5084.55,5084.55,335,
2024-09-04 13:36:00+05:30,5084.55,5086.7,5084,5084.3,220,
2024-09-04 13:37:00+05:30,5084.3,5087.3,5084,5084.1,339,
2024-09-04 13:38:00+05:30,5084.1,5085.2,5082,5082,388,
2024-09-04 13:39:00+05:30,5082.05,5084.6,5081,5081.3,345,
2024-09-04 13:40:00+05:30,5081.3,5081.8,5078.4,5078.4,440,
2024-09-04 13:41:00+05:30,5078.4,5084.6,5078.4,5080.35,1100,
2024-09-04 13:42:00+05:30,5080.35,5080.5,5079.05,5079.05,226,
2024-09-04 13:43:00+05:30,5080.35,5083.45,5078,5079.5,861,
2024-09-04 13:44:00+05:30,5079.5,5080.95,5073.5,5077.35,1417,
2024-09-04 13:45:00+05:30,5077.35,5079,5075.65,5076.55,291,
2024-09-04 13:46:00+05:30,5076.55,5079.25,5075.75,5075.95,208,
2024-09-04 13:47:00+05:30,5075.95,5080,5074.05,5076.4,725,
2024-09-04 13:48:00+05:30,5076.4,5079.9,5076.4,5078.35,179,
2024-09-04 13:49:00+05:30,5078.35,5080,5077.3,5079.95,123,
2024-09-04 13:50:00+05:30,5079.2,5080,5077.55,5080,233,
2024-09-04 13:51:00+05:30,5080,5080,5078.45,5080,136,
2024-09-04 13:52:00+05:30,5079.9,5080,5078.8,5079.85,1095,
2024-09-04 13:53:00+05:30,5079.85,5079.85,5076.4,5078.2,716,
2024-09-04 13:54:00+05:30,5078.2,5080,5076.05,5080,121,
2024-09-04 13:55:00+05:30,5080,5080,5075.7,5077.2,277,
2024-09-04 13:56:00+05:30,5077.2,5080,5077.2,5077.5,129,
2024-09-04 13:57:00+05:30,5077.5,5080,5077.5,5080,168,
2024-09-04 13:58:00+05:30,5080,5080,5078.35,5078.8,356,
2024-09-04 13:59:00+05:30,5078.8,5080,5078.3,5080,123,
2024-09-04 14:00:00+05:30,5080,5086.45,5079.35,5079.9,2360,
2024-09-04 14:01:00+05:30,5079.9,5081.6,5079,5079,126,
2024-09-04 14:02:00+05:30,5079,5080,5077.8,5079.15,79,
2024-09-04 14:03:00+05:30,5080,5080,5077,5078.85,168,
2024-09-04 14:04:00+05:30,5078.85,5080,5075.8,5077.75,315,
2024-09-04 14:05:00+05:30,5077.75,5080,5076.8,5078.9,204,
2024-09-04 14:06:00+05:30,5078.9,5078.9,5075.3,5075.3,191,
2024-09-04 14:07:00+05:30,5075.3,5078.95,5075,5076.9,373,
2024-09-04 14:08:00+05:30,5076.9,5076.9,5073.4,5075.95,133,
2024-09-04 14:09:00+05:30,5075.95,5075.95,5073.65,5073.95,100,
2024-09-04 14:10:00+05:30,5073.95,5075.8,5073.95,5075.1,418,
2024-09-04 14:11:00+05:30,5075.1,5075.1,5073,5075,243,
2024-09-04 14:12:00+05:30,5075,5075,5073.05,5074.5,54,
2024-09-04 14:13:00+05:30,5074.5,5074.5,5073,5073.15,175,
2024-09-04 14:14:00+05:30,5073.95,5074.5,5072.5,5074.45,370,
2024-09-04 14:15:00+05:30,5072.15,5074.5,5072.15,5073.9,252,
2024-09-04 14:16:00+05:30,5073.9,5074.5,5073.9,5074,95,
2024-09-04 14:17:00+05:30,5074.5,5075.95,5072.5,5073.95,251,
2024-09-04 14:18:00+05:30,5073.95,5076.45,5073.95,5074.2,167,
2024-09-04 14:19:00+05:30,5075.7,5075.7,5068.05,5068.4,838,
2024-09-04 14:20:00+05:30,5070.25,5070.25,5065.55,5066.2,888,
2024-09-04 14:21:00+05:30,5066.2,5068.7,5065,5068.55,423,
2024-09-04 14:22:00+05:30,5068.55,5068.55,5065.4,5066.4,159,
2024-09-04 14:23:00+05:30,5067.5,5068.5,5064.9,5065.65,318,
2024-09-04 14:24:00+05:30,5065.65,5068.85,5065.2,5065.2,448,
2024-09-04 14:25:00+05:30,5065.95,5066.5,5065,5066.45,112,
2024-09-04 14:26:00+05:30,5066.45,5068.65,5062.65,5062.65,1018,
2024-09-04 14:27:00+05:30,5062.65,5067,5062.65,5067,72,
2024-09-04 14:28:00+05:30,5067,5067,5064.25,5066.65,127,
2024-09-04 14:29:00+05:30,5066.65,5066.95,5065,5066.95,141,
2024-09-04 14:30:00+05:30,5066.95,5070,5065,5068,171,
2024-09-04 14:31:00+05:30,5068,5074.15,5068,5073.5,311,
2024-09-04 14:32:00+05:30,5073.5,5073.5,5068,5070.35,644,
2024-09-04 14:33:00+05:30,5070.35,5071.7,5069.05,5071.7,97,
2024-09-04 14:34:00+05:30,5071.7,5075.45,5071.7,5072.55,1179,
2024-09-04 14:35:00+05:30,5073.9,5075.15,5072.15,5075.15,458,
2024-09-04 14:36:00+05:30,5075.15,5077.45,5071.7,5072.05,1416,
2024-09-04 14:37:00+05:30,5072.05,5074.45,5072.05,5074.35,78,
2024-09-04 14:38:00+05:30,5074.35,5075.45,5070,5072.65,942,
2024-09-04 14:39:00+05:30,5072.65,5072.9,5070.8,5070.8,244,
2024-09-04 14:40:00+05:30,5070.8,5072.9,5065.55,5070.35,682,
2024-09-04 14:41:00+05:30,5070.5,5073,5068.2,5073,292,
2024-09-04 14:42:00+05:30,5073,5073,5071.05,5071.1,70,
2024-09-04 14:43:00+05:30,5071.1,5073,5071.1,5073,56,
2024-09-04 14:44:00+05:30,5073,5074,5072.05,5072.3,110,
2024-09-04 14:45:00+05:30,5072.3,5076.2,5072.3,5074,203,
2024-09-04 14:46:00+05:30,5074,5076.45,5074,5076.45,84,
2024-09-04 14:47:00+05:30,5076.45,5077.2,5076,5076,70,
2024-09-04 14:48:00+05:30,5077.2,5077.2,5073.4,5074.65,456,
2024-09-04 14:49:00+05:30,5076.7,5077.05,5074.95,5076.1,93,
2024-09-04 14:50:00+05:30,5076.1,5078.45,5076.1,5076.65,221,
2024-09-04 14:51:00+05:30,5076.65,5079.65,5076.5,5077.4,352,
2024-09-04 14:52:00+05:30,5077.4,5080,5077.4,5080,185,
2024-09-04 14:53:00+05:30,5080,5080,5078.15,5079.5,273,
2024-09-04 14:54:00+05:30,5077,5080,5077,5079.55,223,
2024-09-04 14:55:00+05:30,5079.55,5079.55,5075.2,5075.2,435,
2024-09-04 14:56:00+05:30,5075.2,5077.85,5075,5075.6,395,
2024-09-04 14:57:00+05:30,5073.45,5076.25,5073.45,5076.25,212,
2024-09-04 14:58:00+05:30,5076.25,5079,5075.65,5077.95,501,
2024-09-04 14:59:00+05:30,5077.95,5079.5,5075.8,5078.3,6465,
2024-09-04 15:00:00+05:30,5075.8,5080,5075.8,5080,1297,
2024-09-04 15:01:00+05:30,5080,5089.7,5079.85,5088,2566,
2024-09-04 15:02:00+05:30,5088,5089.95,5088,5089.65,825,
2024-09-04 15:03:00+05:30,5089.65,5089.95,5085.7,5085.7,1262,
2024-09-04 15:04:00+05:30,5085.35,5089,5085,5085.3,1251,
2024-09-04 15:05:00+05:30,5085.3,5086.45,5082.95,5086.45,416,
2024-09-04 15:06:00+05:30,5086.45,5089,5085.9,5088.35,1698,
2024-09-04 15:07:00+05:30,5088.35,5090.95,5088,5089.9,3714,
2024-09-04 15:08:00+05:30,5089.45,5094.7,5089.45,5094.7,4342,
2024-09-04 15:09:00+05:30,5094.7,5096.35,5092.65,5095.45,2598,
2024-09-04 15:10:00+05:30,5093.8,5099,5093.8,5098.45,2003,
2024-09-04 15:11:00+05:30,5098.45,5099.8,5098,5099.65,2095,
2024-09-04 15:12:00+05:30,5099.35,5101.2,5099.35,5100.55,3557,
2024-09-04 15:13:00+05:30,5100.4,5100.5,5098.3,5099.8,4503,
2024-09-04 15:14:00+05:30,5099.8,5101.5,5099.55,5101.2,1878,
2024-09-04 15:15:00+05:30,5101,5101.2,5098.15,5100.55,1493,
2024-09-04 15:16:00+05:30,5100.65,5107.45,5100.55,5104.75,4563,
2024-09-04 15:17:00+05:30,5104.8,5104.8,5097.1,5100.2,2798,
2024-09-04 15:18:00+05:30,5100.65,5102.1,5096.3,5100.1,1885,
2024-09-04 15:19:00+05:30,5099.7,5101.95,5096.75,5098.45,3665,
2024-09-04 15:20:00+05:30,5097.6,5099.95,5094.9,5097.55,1687,
2024-09-04 15:21:00+05:30,5097.55,5100,5096.15,5097.9,1227,
2024-09-04 15:22:00+05:30,5097.9,5100,5094.9,5096.3,2983,
2024-09-04 15:23:00+05:30,5096.3,5102.35,5093.75,5102.2,7128,
2024-09-04 15:24:00+05:30,5103,5103,5096.55,5098.95,2067,
2024-09-04 15:25:00+05:30,5098.95,5100,5097.55,5098.15,1095,
2024-09-04 15:26:00+05:30,5098.15,5100.85,5098.15,5099.65,1936,
2024-09-04 15:27:00+05:30,5098.35,5101.45,5096.65,5100.2,1270,
2024-09-04 15:28:00+05:30,5100.2,5103.3,5098.35,5103.3,1660,
2024-09-04 15:29:00+05:30,5103.3,5110,5098,5098.8,1009,
2024-09-05 09:15:00+05:30,5100,5120,5090.15,5093.6,1753,
2024-09-05 09:16:00+05:30,5097.25,5101.05,5093.6,5097.7,1252,
2024-09-05 09:17:00+05:30,5094,5094.65,5087.15,5090,1211,
2024-09-05 09:18:00+05:30,5090,5100,5088.95,5100,1898,
2024-09-05 09:19:00+05:30,5098.65,5103.45,5096.15,5102.5,1895,
2024-09-05 09:20:00+05:30,5102.5,5109.8,5102.5,5108.1,530,
2024-09-05 09:21:00+05:30,5109,5109,5103.25,5104.4,1024,
2024-09-05 09:22:00+05:30,5106.8,5110,5103.3,5109.8,883,
2024-09-05 09:23:00+05:30,5108.8,5114.95,5105.7,5113,1970,
2024-09-05 09:24:00+05:30,5111.6,5112,5109.45,5111.95,317,
2024-09-05 09:25:00+05:30,5111.95,5115.8,5110.2,5113.45,597,
2024-09-05 09:26:00+05:30,5113.45,5114.25,5105.2,5107.95,522,
2024-09-05 09:27:00+05:30,5107.95,5107.95,5101,5103,466,
2024-09-05 09:28:00+05:30,5103.1,5107.95,5103.1,5105.45,478,
2024-09-05 09:29:00+05:30,5105.45,5108.4,5105,5108.3,488,
2024-09-05 09:30:00+05:30,5108.3,5111.95,5105.25,5108.55,457,
2024-09-05 09:31:00+05:30,5108.55,5108.55,5101,5102.75,1169,
2024-09-05 09:32:00+05:30,5102.6,5104.95,5100.05,5100.05,195,
2024-09-05 09:33:00+05:30,5100,5108.3,5100,5107.15,325,
2024-09-05 09:34:00+05:30,5107.6,5115,5106.05,5115,520,
2024-09-05 09:35:00+05:30,5114.8,5124.3,5114.8,5120,2478,
2024-09-05 09:36:00+05:30,5120,5130,5120,5124.1,4777,
2024-09-05 09:37:00+05:30,5126,5126,5120,5120.55,622,
2024-09-05 09:38:00+05:30,5120.55,5123.45,5120.1,5120.1,588,
2024-09-05 09:39:00+05:30,5120.1,5123.35,5120.1,5122,251,
2024-09-05 09:40:00+05:30,5122,5122,5116.05,5117,674,
2024-09-05 09:41:00+05:30,5117,5120.55,5116.7,5117.6,439,
2024-09-05 09:42:00+05:30,5117.05,5121.35,5116.3,5116.7,633,
2024-09-05 09:43:00+05:30,5116.7,5117.05,5110.55,5112.7,789,
2024-09-05 09:44:00+05:30,5112.7,5119.25,5112.7,5118.7,1594,
2024-09-05 09:45:00+05:30,5118.7,5120.7,5113.45,5120.7,819,
2024-09-05 09:46:00+05:30,5120.8,5139,5120.8,5139,3637,
2024-09-05 09:47:00+05:30,5139,5148.2,5139,5140,3559,
2024-09-05 09:48:00+05:30,5140,5143,5136.3,5137.15,1116,
2024-09-05 09:49:00+05:30,5137.15,5140,5130.95,5132.95,1196,
2024-09-05 09:50:00+05:30,5132.95,5144.95,5132.95,5143.25,1701,
2024-09-05 09:51:00+05:30,5144,5144.95,5139.05,5144,1343,
2024-09-05 09:52:00+05:30,5144,5147.5,5141.3,5145.7,2855,
2024-09-05 09:53:00+05:30,5145.7,5148,5142.2,5147.7,1979,
2024-09-05 09:54:00+05:30,5147.5,5149.7,5145.5,5147,1783,
2024-09-05 09:55:00+05:30,5148,5151.6,5147.55,5151,3484,
2024-09-05 09:56:00+05:30,5151,5159,5151,5156.95,2889,
2024-09-05 09:57:00+05:30,5156,5156.35,5150.8,5152,1918,
2024-09-05 09:58:00+05:30,5152,5153,5144.05,5144.05,1766,
2024-09-05 09:59:00+05:30,5144.05,5147.1,5143,5144.6,947,
2024-09-05 10:00:00+05:30,5143,5144.1,5138.2,5142,2362,
2024-09-05 10:01:00+05:30,5140,5147.1,5140,5142.6,879,
2024-09-05 10:02:00+05:30,5142.6,5144.85,5142.3,5143.35,514,
2024-09-05 10:03:00+05:30,5142.05,5143.65,5139.05,5142.9,845,
2024-09-05 10:04:00+05:30,5142.9,5147,5142.25,5146.8,335,
2024-09-05 10:05:00+05:30,5146.8,5150,5146,5148.05,1368,
2024-09-05 10:06:00+05:30,5148.05,5148.95,5145.1,5145.55,551,
2024-09-05 10:07:00+05:30,5144.05,5145.55,5135.05,5143.2,1466,
2024-09-05 10:08:00+05:30,5142.1,5150,5142.1,5148,582,
2024-09-05 10:09:00+05:30,5148,5148,5142.6,5143.9,952,
2024-09-05 10:10:00+05:30,5143.9,5146.5,5140,5143.2,262,
2024-09-05 10:11:00+05:30,5142.7,5144,5139.7,5141.6,425,
2024-09-05 10:12:00+05:30,5141.6,5144.4,5140.75,5141.95,403,
2024-09-05 10:13:00+05:30,5141.95,5155,5141.95,5153.65,769,
2024-09-05 10:14:00+05:30,5153.65,5157,5153.65,5155,1341,
2024-09-05 10:15:00+05:30,5155,5160,5155,5159.25,1738,
2024-09-05 10:16:00+05:30,5159.4,5164.45,5155.1,5155.95,4548,
2024-09-05 10:17:00+05:30,5155.95,5162.5,5155.4,5156.9,2962,
2024-09-05 10:18:00+05:30,5156.9,5158.15,5145.05,5155,1623,
2024-09-05 10:19:00+05:30,5157,5157,5147,5150.65,1523,
2024-09-05 10:20:00+05:30,5150.65,5156,5147.65,5152.25,1975,
2024-09-05 10:21:00+05:30,5152.25,5152.25,5145.1,5148,865,
2024-09-05 10:22:00+05:30,5148,5148,5144.05,5147.25,494,
2024-09-05 10:23:00+05:30,5147.25,5149.45,5147.25,5148.95,398,
2024-09-05 10:24:00+05:30,5147.25,5149.1,5138.95,5143.95,1857,
2024-09-05 10:25:00+05:30,5143.95,5148.75,5142.05,5148.75,384,
2024-09-05 10:26:00+05:30,5148.75,5154,5146.7,5154,656,
2024-09-05 10:27:00+05:30,5154,5154,5149.65,5149.65,758,
2024-09-05 10:28:00+05:30,5149.65,5153.6,5146.55,5149.8,679,
2024-09-05 10:29:00+05:30,5149.8,5153,5141.5,5141.5,921,
2024-09-05 10:30:00+05:30,5140.8,5144.25,5136.7,5137.9,1663,
2024-09-05 10:31:00+05:30,5137.9,5140,5131.5,5133.85,1320,
2024-09-05 10:32:00+05:30,5133.6,5136.9,5131.05,5133.05,1030,
2024-09-05 10:33:00+05:30,5133.05,5137.5,5125,5127,2242,
2024-09-05 10:34:00+05:30,5127,5131.1,5125,5131.1,949,
2024-09-05 10:35:00+05:30,5131.1,5137.2,5128.9,5137.05,614,
2024-09-05 10:36:00+05:30,5137.05,5139.95,5133.8,5134.05,364,
2024-09-05 10:37:00+05:30,5134.05,5140.7,5127,5135.2,5446,
2024-09-05 10:38:00+05:30,5132.85,5136.75,5130,5136.6,367,
2024-09-05 10:39:00+05:30,5136.6,5138.95,5136.6,5136.6,172,
2024-09-05 10:40:00+05:30,5136.6,5140.85,5136,5140.85,626,
2024-09-05 10:41:00+05:30,5139.3,5142.25,5136,5138,548,
2024-09-05 10:42:00+05:30,5138,5138,5136.35,5138,235,
2024-09-05 10:43:00+05:30,5138,5138,5134.4,5136,242,
2024-09-05 10:44:00+05:30,5136,5137.5,5132.15,5136,457,
2024-09-05 10:45:00+05:30,5136,5139,5134.6,5137.65,511,
2024-09-05 10:46:00+05:30,5140,5140.25,5133.9,5134.1,540,
2024-09-05 10:47:00+05:30,5134.1,5136.5,5132.8,5134.65,111,
2024-09-05 10:48:00+05:30,5132.8,5134,5130.6,5130.6,266,
2024-09-05 10:49:00+05:30,5130.6,5131.55,5130,5131.55,334,
2024-09-05 10:50:00+05:30,5134.85,5136.85,5132.75,5134,310,
2024-09-05 10:51:00+05:30,5134,5138.1,5134,5137.45,89,
2024-09-05 10:52:00+05:30,5137.45,5141.95,5135,5138.2,1792,
2024-09-05 10:53:00+05:30,5138.2,5144.7,5138.2,5144.65,289,
2024-09-05 10:54:00+05:30,5144.65,5147.2,5142.3,5147,1271,
2024-09-05 10:55:00+05:30,5147,5147.5,5143,5144.45,496,
2024-09-05 10:56:00+05:30,5144.45,5145,5142.1,5142.45,140,
2024-09-05 10:57:00+05:30,5142.45,5145,5142.45,5142.85,114,
2024-09-05 10:58:00+05:30,5142.85,5145.95,5138,5143.9,1161,
2024-09-05 10:59:00+05:30,5146.4,5146.45,5142.15,5143.95,488,
2024-09-05 11:00:00+05:30,5143.95,5147.95,5142.2,5146.7,545,
2024-09-05 11:01:00+05:30,5146.7,5147.8,5144.2,5147.7,967,
2024-09-05 11:02:00+05:30,5147.7,5147.7,5139.4,5141.05,536,
2024-09-05 11:03:00+05:30,5141.05,5146.45,5141.05,5145,307,
2024-09-05 11:04:00+05:30,5145,5148.95,5145,5146.05,309,
2024-09-05 11:05:00+05:30,5146.05,5148.05,5146.05,5146.2,392,
2024-09-05 11:06:00+05:30,5146.2,5146.2,5145,5146.1,607,
2024-09-05 11:07:00+05:30,5146.1,5146.1,5140.35,5142.55,435,
2024-09-05 11:08:00+05:30,5140.5,5143.5,5140,5143.5,199,
2024-09-05 11:09:00+05:30,5143.5,5144.6,5140.85,5142.35,36,
2024-09-05 11:10:00+05:30,5142.35,5142.35,5140,5142.15,298,
2024-09-05 11:11:00+05:30,5142.15,5142.15,5138.1,5139.25,343,
2024-09-05 11:12:00+05:30,5139.25,5144.55,5139.25,5144.55,666,
2024-09-05 11:13:00+05:30,5144.55,5144.55,5140.05,5140.05,320,
2024-09-05 11:14:00+05:30,5140.05,5140.15,5140,5140,173,
2024-09-05 11:15:00+05:30,5140,5140.1,5137.5,5137.85,649,
2024-09-05 11:16:00+05:30,5137.9,5143.65,5136.5,5141.25,424,
2024-09-05 11:17:00+05:30,5139.15,5142,5139.15,5140,767,
2024-09-05 11:18:00+05:30,5140,5141.65,5140,5140.6,43,
2024-09-05 11:19:00+05:30,5140.6,5144,5140.6,5141.9,299,
2024-09-05 11:20:00+05:30,5141.9,5141.95,5138.05,5138.05,623,
2024-09-05 11:21:00+05:30,5138.05,5143,5138.05,5143,3305,
2024-09-05 11:22:00+05:30,5143,5144,5143,5143,125,
2024-09-05 11:23:00+05:30,5143,5145,5143,5145,647,
2024-09-05 11:24:00+05:30,5145,5147,5144.25,5146,302,
2024-09-05 11:25:00+05:30,5146,5146.8,5136.15,5138.7,1749,
2024-09-05 11:26:00+05:30,5138.25,5142.35,5136,5142.35,401,
2024-09-05 11:27:00+05:30,5142.35,5145,5140.7,5145,140,
2024-09-05 11:28:00+05:30,5145,5145,5136,5137.05,2188,
2024-09-05 11:29:00+05:30,5139.35,5140.3,5137.05,5140,325,
2024-09-05 11:30:00+05:30,5140,5141.35,5138.1,5138.1,567,
2024-09-05 11:31:00+05:30,5138.1,5143.8,5136.1,5143,356,
2024-09-05 11:32:00+05:30,5141.75,5144.05,5141.35,5141.9,459,
2024-09-05 11:33:00+05:30,5144,5144,5141.15,5141.85,409,
2024-09-05 11:34:00+05:30,5141.85,5142.6,5137.65,5138,589,
2024-09-05 11:35:00+05:30,5138,5142.05,5138,5140.05,290,
2024-09-05 11:36:00+05:30,5140.05,5142.6,5140.05,5140.7,175,
2024-09-05 11:37:00+05:30,5140.7,5144,5140.55,5141.05,621,
2024-09-05 11:38:00+05:30,5141.05,5141.15,5140.2,5140.75,256,
2024-09-05 11:39:00+05:30,5140.75,5144,5138.8,5142.2,997,
2024-09-05 11:40:00+05:30,5142.2,5143.5,5141.75,5143,432,
2024-09-05 11:41:00+05:30,5142.8,5144,5133.7,5135,2177,
2024-09-05 11:42:00+05:30,5135,5140.1,5133.85,5138.4,2327,
2024-09-05 11:43:00+05:30,5138.4,5140.1,5138.4,5140,386,
2024-09-05 11:44:00+05:30,5140,5142.75,5139.6,5140,581,
2024-09-05 11:45:00+05:30,5140,5142.1,5139.5,5142,448,
2024-09-05 11:46:00+05:30,5142,5146,5140,5140,697,
2024-09-05 11:47:00+05:30,5140,5142,5138.8,5140,255,
2024-09-05 11:48:00+05:30,5140,5141.15,5140,5140,168,
2024-09-05 11:49:00+05:30,5140,5143.4,5139,5143.4,386,
2024-09-05 11:50:00+05:30,5143.4,5143.4,5140.5,5140.5,352,
2024-09-05 11:51:00+05:30,5140.5,5143,5140,5142.6,152,
2024-09-05 11:52:00+05:30,5142.6,5145,5140.2,5141.6,728,
2024-09-05 11:53:00+05:30,5141.6,5143.95,5141.6,5141.65,203,
2024-09-05 11:54:00+05:30,5141.65,5143.05,5140.55,5140.55,207,
2024-09-05 11:55:00+05:30,5140.55,5144.05,5140.5,5141.9,146,
2024-09-05 11:56:00+05:30,5144,5144,5141.75,5144,274,
2024-09-05 11:57:00+05:30,5143.25,5143.95,5142.55,5143.85,39,
2024-09-05 11:58:00+05:30,5143.85,5146.9,5143.85,5146.45,116,
2024-09-05 11:59:00+05:30,5146.8,5151,5142,5144.9,2214,
2024-09-05 12:00:00+05:30,5145.8,5145.8,5141.9,5142,405,
2024-09-05 12:01:00+05:30,5142,5143.85,5141.75,5141.75,237,
2024-09-05 12:02:00+05:30,5141,5143,5140.55,5140.9,289,
2024-09-05 12:03:00+05:30,5140.9,5143.15,5140.9,5140.9,398,
2024-09-05 12:04:00+05:30,5140.9,5142.25,5138.75,5142.15,479,
2024-09-05 12:05:00+05:30,5142.15,5142.15,5138.6,5140.45,219,
2024-09-05 12:06:00+05:30,5140,5143,5132.6,5138.15,1063,
2024-09-05 12:07:00+05:30,5138.15,5141.3,5136.5,5139.8,1252,
2024-09-05 12:08:00+05:30,5139.8,5145,5139.8,5145,181,
2024-09-05 12:09:00+05:30,5145,5145,5141.5,5144.6,309,
2024-09-05 12:10:00+05:30,5144.6,5145,5141.95,5144.95,133,
2024-09-05 12:11:00+05:30,5144.95,5149.05,5144.8,5147.65,711,
2024-09-05 12:12:00+05:30,5147.65,5148.6,5144,5147.2,1425,
2024-09-05 12:13:00+05:30,5147.2,5152.1,5146,5152.1,746,
2024-09-05 12:14:00+05:30,5152.1,5152.1,5150,5150.25,242,
2024-09-05 12:15:00+05:30,5150.2,5153.2,5150,5152,1565,
2024-09-05 12:16:00+05:30,5152,5154.5,5147.9,5148.25,705,
2024-09-05 12:17:00+05:30,5150.95,5152,5148.3,5152,247,
2024-09-05 12:18:00+05:30,5152,5152,5148.8,5148.85,101,
2024-09-05 12:19:00+05:30,5148.85,5149.9,5147.7,5148.15,509,
2024-09-05 12:20:00+05:30,5148.15,5148.65,5145.05,5146.1,245,
2024-09-05 12:21:00+05:30,5146.1,5146.1,5143.1,5145,962,
2024-09-05 12:22:00+05:30,5145,5149.85,5142.15,5148.05,225,
2024-09-05 12:23:00+05:30,5148.05,5150.85,5147.6,5148.55,481,
2024-09-05 12:24:00+05:30,5148.55,5148.75,5145.05,5145.05,205,
2024-09-05 12:25:00+05:30,5145.05,5147,5143.45,5145.05,224,
2024-09-05 12:26:00+05:30,5144.25,5147,5144.25,5145,236,
2024-09-05 12:27:00+05:30,5146.7,5148.3,5145,5148.3,194,
2024-09-05 12:28:00+05:30,5148.3,5149.7,5146.85,5149.5,477,
2024-09-05 12:29:00+05:30,5149.5,5152,5146.1,5146.25,756,
2024-09-05 12:30:00+05:30,5146.25,5149.85,5146.25,5147.15,110,
2024-09-05 12:31:00+05:30,5147.15,5149.9,5143.05,5147.3,2243,
2024-09-05 12:32:00+05:30,5147.3,5150.5,5145.3,5148.4,442,
2024-09-05 12:33:00+05:30,5148.4,5151.95,5148.4,5151.95,322,
2024-09-05 12:34:00+05:30,5151.95,5157.45,5151,5155.1,1296,
2024-09-05 12:35:00+05:30,5155.25,5157.05,5152.05,5154.6,877,
2024-09-05 12:36:00+05:30,5154.6,5154.75,5148.15,5153.05,1810,
2024-09-05 12:37:00+05:30,5153.05,5153.05,5146.3,5149.6,588,
2024-09-05 12:38:00+05:30,5149.6,5152,5148.3,5149.8,383,
2024-09-05 12:39:00+05:30,5149.8,5152,5149,5150.3,732,
2024-09-05 12:40:00+05:30,5150.3,5152.9,5148.3,5149.4,646,
2024-09-05 12:41:00+05:30,5148.95,5157.15,5148.95,5155.8,1924,
2024-09-05 12:42:00+05:30,5155.4,5157.55,5152.7,5154.65,1253,
2024-09-05 12:43:00+05:30,5154.15,5154.4,5150,5150,409,
2024-09-05 12:44:00+05:30,5150,5153.1,5148.9,5149.75,572,
2024-09-05 12:45:00+05:30,5149.7,5152,5149.7,5150.2,264,
2024-09-05 12:46:00+05:30,5150.2,5152,5149.15,5152,349,
2024-09-05 12:47:00+05:30,5152,5152,5148.8,5149.05,458,
2024-09-05 12:48:00+05:30,5150.6,5151.75,5148,5151.5,410,
2024-09-05 12:49:00+05:30,5151.45,5151.7,5147.75,5151.7,802,
2024-09-05 12:50:00+05:30,5151.7,5151.7,5146.1,5147,227,
2024-09-05 12:51:00+05:30,5146.35,5152.95,5146.35,5147.85,1298,
2024-09-05 12:52:00+05:30,5147.85,5148.45,5146.4,5147.2,208,
2024-09-05 12:53:00+05:30,5147.2,5147.2,5144.05,5144.5,413,
2024-09-05 12:54:00+05:30,5144.05,5145,5142.5,5145,543,
2024-09-05 12:55:00+05:30,5145,5147.7,5144.75,5147,540,
2024-09-05 12:56:00+05:30,5145.35,5147,5145.35,5146.35,210,
2024-09-05 12:57:00+05:30,5147,5148.2,5145.4,5148.2,461,
2024-09-05 12:58:00+05:30,5146.65,5149.4,5146.65,5148,278,
2024-09-05 12:59:00+05:30,5147.35,5149.45,5146.85,5147.65,467,
2024-09-05 13:00:00+05:30,5146.9,5147.65,5143.65,5146.2,237,
2024-09-05 13:01:00+05:30,5146.2,5147.85,5144.35,5146.85,211,
2024-09-05 13:02:00+05:30,5146.85,5146.85,5145,5145.1,288,
2024-09-05 13:03:00+05:30,5145.05,5146.9,5143.9,5144,941,
2024-09-05 13:04:00+05:30,5142.55,5148,5142.05,5145,841,
2024-09-05 13:05:00+05:30,5145,5148,5145,5145.25,163,
2024-09-05 13:06:00+05:30,5145.25,5145.85,5141.4,5145.4,1257,
2024-09-05 13:07:00+05:30,5145.4,5148,5143.55,5146.35,233,
2024-09-05 13:08:00+05:30,5146.35,5149,5145.55,5147.1,301,
2024-09-05 13:09:00+05:30,5147.05,5148.3,5145,5146.45,423,
2024-09-05 13:10:00+05:30,5146.45,5147.65,5145,5146.25,213,
2024-09-05 13:11:00+05:30,5146.25,5146.25,5143.85,5146,782,
2024-09-05 13:12:00+05:30,5146,5146,5144.55,5145.25,164,
2024-09-05 13:13:00+05:30,5145.2,5147.9,5145.15,5147.9,190,
2024-09-05 13:14:00+05:30,5146.75,5149,5144,5147.5,768,
2024-09-05 13:15:00+05:30,5147.5,5150,5147.1,5150,334,
2024-09-05 13:16:00+05:30,5150,5157.1,5148.8,5155.3,2507,
2024-09-05 13:17:00+05:30,5155.3,5158.4,5150.25,5150.25,2689,
2024-09-05 13:18:00+05:30,5150.25,5153.7,5148.6,5150.9,339,
2024-09-05 13:19:00+05:30,5150.9,5154.95,5148.15,5152.4,913,
2024-09-05 13:20:00+05:30,5152.4,5153.05,5148,5151.6,807,
2024-09-05 13:21:00+05:30,5152.3,5153,5146.2,5149.65,532,
2024-09-05 13:22:00+05:30,5148,5151.05,5145.85,5151.05,501,
2024-09-05 13:23:00+05:30,5151.05,5151.05,5148,5151,291,
2024-09-05 13:24:00+05:30,5151,5153.05,5148.55,5153,835,
2024-09-05 13:25:00+05:30,5151.35,5153.05,5149.85,5153,134,
2024-09-05 13:26:00+05:30,5153,5153,5146.1,5151.5,344,
2024-09-05 13:27:00+05:30,5151.55,5152,5148.7,5151.85,422,
2024-09-05 13:28:00+05:30,5151.85,5152,5148.75,5150.05,154,
2024-09-05 13:29:00+05:30,5150.05,5151.95,5145,5145.45,609,
2024-09-05 13:30:00+05:30,5148.45,5149.3,5145.05,5148,223,
2024-09-05 13:31:00+05:30,5148.35,5148.35,5145.1,5145.3,541,
2024-09-05 13:32:00+05:30,5145.3,5147.45,5144.8,5146.85,299,
2024-09-05 13:33:00+05:30,5146.85,5147.35,5142.25,5143.45,728,
2024-09-05 13:34:00+05:30,5145.35,5146.8,5142.25,5146.8,545,
2024-09-05 13:35:00+05:30,5146.4,5148.25,5144.05,5146.6,414,
2024-09-05 13:36:00+05:30,5146.6,5148.95,5144.2,5145.95,2283,
2024-09-05 13:37:00+05:30,5145.95,5146.7,5143.2,5145.7,118,
2024-09-05 13:38:00+05:30,5145.7,5146,5143.3,5146,99,
2024-09-05 13:39:00+05:30,5146,5148.4,5144.55,5148,287,
2024-09-05 13:40:00+05:30,5148,5149.35,5146.8,5148.65,106,
2024-09-05 13:41:00+05:30,5149.35,5149.35,5145,5147.95,781,
2024-09-05 13:42:00+05:30,5147.15,5149,5146.35,5147.4,371,
2024-09-05 13:43:00+05:30,5149,5149,5141.7,5145.85,370,
2024-09-05 13:44:00+05:30,5143.75,5146.45,5140.05,5146.45,1789,
2024-09-05 13:45:00+05:30,5146.45,5147.7,5143.2,5145.1,663,
2024-09-05 13:46:00+05:30,5145.1,5145.1,5142,5145,508,
2024-09-05 13:47:00+05:30,5145,5145,5142.05,5143.85,307,
2024-09-05 13:48:00+05:30,5143.6,5144.55,5142.05,5142.05,941,
2024-09-05 13:49:00+05:30,5144,5146.5,5142.5,5145.8,281,
2024-09-05 13:50:00+05:30,5145.8,5145.8,5136.85,5138.65,2686,
2024-09-05 13:51:00+05:30,5138.65,5141,5138.65,5140,853,
2024-09-05 13:52:00+05:30,5141,5143.5,5140,5142.55,400,
2024-09-05 13:53:00+05:30,5140.1,5144,5140.1,5143,214,
2024-09-05 13:54:00+05:30,5143,5143,5136.7,5140,2109,
2024-09-05 13:55:00+05:30,5140,5141,5139.45,5139.45,168,
2024-09-05 13:56:00+05:30,5139.45,5141,5138.05,5139.9,571,
2024-09-05 13:57:00+05:30,5138.05,5138.95,5132.4,5138,1842,
2024-09-05 13:58:00+05:30,5138,5138,5135,5135.45,185,
2024-09-05 13:59:00+05:30,5135.45,5140,5132.65,5139.25,1291,
2024-09-05 14:00:00+05:30,5139.25,5140.3,5136.5,5139,1061,
2024-09-05 14:01:00+05:30,5139,5140.45,5137.8,5140.35,1235,
2024-09-05 14:02:00+05:30,5140.35,5140.65,5136,5137.95,1870,
2024-09-05 14:03:00+05:30,5139.5,5139.5,5134.1,5138.2,800,
2024-09-05 14:04:00+05:30,5138.2,5140.55,5134.8,5139.4,1189,
2024-09-05 14:05:00+05:30,5139.4,5141,5137.7,5139,317,
2024-09-05 14:06:00+05:30,5139,5142.25,5136.55,5140.35,881,
2024-09-05 14:07:00+05:30,5140.35,5140.35,5136.65,5139.7,465,
2024-09-05 14:08:00+05:30,5139.7,5139.7,5134,5135.7,364,
2024-09-05 14:09:00+05:30,5134.45,5137.15,5134,5136.35,1232,
2024-09-05 14:10:00+05:30,5136.1,5139.15,5135,5137.15,892,
2024-09-05 14:11:00+05:30,5137.15,5140.35,5136.4,5140.35,973,
2024-09-05 14:12:00+05:30,5140.35,5140.35,5132.4,5135.05,4673,
2024-09-05 14:13:00+05:30,5133.25,5136.7,5129.4,5134.35,11346,
2024-09-05 14:14:00+05:30,5134.95,5136.6,5131,5135.95,6989,
2024-09-05 14:15:00+05:30,5133.75,5137.35,5132.7,5135.15,2970,
2024-09-05 14:16:00+05:30,5135.15,5138.95,5133.4,5137.65,1656,
2024-09-05 14:17:00+05:30,5137.65,5139,5132.5,5139,1825,
2024-09-05 14:18:00+05:30,5137.2,5139,5134.7,5137,525,
2024-09-05 14:19:00+05:30,5137,5138.15,5134.55,5137.15,790,
2024-09-05 14:20:00+05:30,5136.2,5139,5134.45,5139,587,
2024-09-05 14:21:00+05:30,5139,5139,5136.45,5139,535,
2024-09-05 14:22:00+05:30,5137.1,5139.35,5131.35,5133.7,3899,
2024-09-05 14:23:00+05:30,5137.2,5138.15,5133,5136.45,1033,
2024-09-05 14:24:00+05:30,5136.45,5140.35,5131.65,5137.75,3276,
2024-09-05 14:25:00+05:30,5134.75,5136.85,5131.3,5134.55,2779,
2024-09-05 14:26:00+05:30,5134.55,5134.55,5121.25,5128.25,1581,
2024-09-05 14:27:00+05:30,5128.8,5133.45,5126.45,5132.9,913,
2024-09-05 14:28:00+05:30,5132.9,5133,5124.1,5130.15,847,
2024-09-05 14:29:00+05:30,5130.15,5130.65,5124.4,5124.4,1720,
2024-09-05 14:30:00+05:30,5124.4,5129.95,5122.6,5126.75,2154,
2024-09-05 14:31:00+05:30,5126.7,5129.75,5125.85,5129.75,1231,
2024-09-05 14:32:00+05:30,5128.8,5130,5127.05,5128.9,998,
2024-09-05 14:33:00+05:30,5128.9,5129.5,5125,5128.7,1163,
2024-09-05 14:34:00+05:30,5128.7,5129.75,5126.45,5129.5,1028,
2024-09-05 14:35:00+05:30,5129.5,5134.25,5127.05,5133.8,2698,
2024-09-05 14:36:00+05:30,5133.5,5134.45,5128.1,5132.4,2134,
2024-09-05 14:37:00+05:30,5132.4,5132.4,5127.05,5130.2,813,
2024-09-05 14:38:00+05:30,5129.2,5131.55,5125.55,5131.5,1072,
2024-09-05 14:39:00+05:30,5131.5,5131.5,5127.25,5130.7,2076,
2024-09-05 14:40:00+05:30,5130.7,5132,5127.05,5131.25,3361,
2024-09-05 14:41:00+05:30,5128.5,5131.45,5120.5,5123.85,3111,
2024-09-05 14:42:00+05:30,5123.85,5128.25,5119.55,5125,2769,
2024-09-05 14:43:00+05:30,5125,5128,5120.8,5123.4,2350,
2024-09-05 14:44:00+05:30,5123.4,5123.9,5116,5123.2,3551,
2024-09-05 14:45:00+05:30,5123.2,5123.2,5117.05,5123,2473,
2024-09-05 14:46:00+05:30,5123,5123.95,5119.1,5119.75,997,
2024-09-05 14:47:00+05:30,5119.75,5122.15,5118.4,5121.3,526,
2024-09-05 14:48:00+05:30,5121.3,5123,5117.8,5121.15,1447,
2024-09-05 14:49:00+05:30,5121.15,5122.15,5118.6,5119.3,1117,
2024-09-05 14:50:00+05:30,5121.3,5121.75,5117.5,5120.55,1897,
2024-09-05 14:51:00+05:30,5120.55,5123.5,5117.8,5121.2,2768,
2024-09-05 14:52:00+05:30,5119.4,5128.45,5119.35,5128.25,2789,
2024-09-05 14:53:00+05:30,5128.25,5129.15,5122.95,5127,4398,
2024-09-05 14:54:00+05:30,5127,5129.55,5124.05,5128.1,2721,
2024-09-05 14:55:00+05:30,5128.1,5129.65,5124,5125.8,2480,
2024-09-05 14:56:00+05:30,5128.95,5130.7,5126.4,5130.7,3483,
2024-09-05 14:57:00+05:30,5128.4,5132.45,5127.15,5128.55,3955,
2024-09-05 14:58:00+05:30,5129.05,5129.55,5126.1,5129.5,1418,
2024-09-05 14:59:00+05:30,5129.5,5129.75,5126.15,5128.45,726,
2024-09-05 15:00:00+05:30,5128.45,5131.25,5126.75,5129.9,2863,
2024-09-05 15:01:00+05:30,5129.9,5129.9,5124.45,5126.05,5950,
2024-09-05 15:02:00+05:30,5126.05,5127.15,5124,5125,4283,
2024-09-05 15:03:00+05:30,5125,5126.7,5124,5126.15,3748,
2024-09-05 15:04:00+05:30,5126.15,5127,5123.95,5126.35,5118,
2024-09-05 15:05:00+05:30,5126.35,5126.35,5124,5124.15,2002,
2024-09-05 15:06:00+05:30,5124.1,5124.1,5116,5118.45,4011,
2024-09-05 15:07:00+05:30,5118.45,5118.45,5116,5117.9,2017,
2024-09-05 15:08:00+05:30,5117.9,5118.45,5109,5110.45,4072,
2024-09-05 15:09:00+05:30,5109.9,5115.35,5104.55,5115.3,4076,
2024-09-05 15:10:00+05:30,5113.8,5120.85,5113.8,5118.7,4183,
2024-09-05 15:11:00+05:30,5118.7,5124.7,5118.7,5124.55,5373,
2024-09-05 15:12:00+05:30,5124.05,5127.3,5120.9,5124.5,4750,
2024-09-05 15:13:00+05:30,5124.5,5126.95,5120,5123.3,4643,
2024-09-05 15:14:00+05:30,5123.3,5125,5120,5124,10822,
2024-09-05 15:15:00+05:30,5124,5125.65,5118,5118.15,5767,
2024-09-05 15:16:00+05:30,5118.15,5121.85,5113.6,5121.7,5382,
2024-09-05 15:17:00+05:30,5121.65,5122.8,5119.55,5120.3,1998,
2024-09-05 15:18:00+05:30,5120,5121.65,5115.1,5117.1,3452,
2024-09-05 15:19:00+05:30,5117.1,5120.9,5112.6,5117.1,5265,
2024-09-05 15:20:00+05:30,5117.1,5123.15,5114,5120.85,4977,
2024-09-05 15:21:00+05:30,5120.85,5123.45,5118.55,5119.2,1788,
2024-09-05 15:22:00+05:30,5119.2,5121.55,5110,5111.5,5338,
2024-09-05 15:23:00+05:30,5111.5,5115.7,5111.5,5115.2,1234,
2024-09-05 15:24:00+05:30,5115.2,5121.85,5113.95,5114.8,3109,
2024-09-05 15:25:00+05:30,5116.55,5116.55,5113.5,5115.2,1218,
2024-09-05 15:26:00+05:30,5115.2,5120.15,5112.2,5115.05,7097,
2024-09-05 15:27:00+05:30,5115.1,5127.65,5115.1,5124.1,11579,
2024-09-05 15:28:00+05:30,5125.85,5125.85,5120.85,5122.4,8021,
2024-09-05 15:29:00+05:30,5120.85,5122.4,5102.9,5107.15,1681,
2024-09-06 09:15:00+05:30,5127,5135,5107.4,5111,1872,
2024-09-06 09:16:00+05:30,5111,5116.1,5111,5111.6,913,
2024-09-06 09:17:00+05:30,5103.8,5120.2,5103.8,5112.55,2067,
2024-09-06 09:18:00+05:30,5112.55,5118.05,5111.55,5116.15,702,
2024-09-06 09:19:00+05:30,5115.85,5116.15,5111.05,5113.65,722,
2024-09-06 09:20:00+05:30,5113.65,5115.9,5109.7,5109.7,761,
2024-09-06 09:21:00+05:30,5109.7,5113.75,5109.7,5113.7,1686,
2024-09-06 09:22:00+05:30,5113.9,5113.9,5108.75,5108.95,1028,
2024-09-06 09:23:00+05:30,5110.95,5110.95,5102.95,5106,1154,
2024-09-06 09:24:00+05:30,5106.1,5107.65,5103.6,5104.35,827,
2024-09-06 09:25:00+05:30,5104.35,5104.35,5103.15,5103.5,394,
2024-09-06 09:26:00+05:30,5104.35,5105.95,5101,5102.4,788,
2024-09-06 09:27:00+05:30,5102.4,5104.15,5100.6,5102.25,414,
2024-09-06 09:28:00+05:30,5102.25,5104.85,5091.05,5091.05,3190,
2024-09-06 09:29:00+05:30,5096.3,5101.5,5094,5099.75,900,
2024-09-06 09:30:00+05:30,5099.75,5105.4,5099.75,5103.15,306,
2024-09-06 09:31:00+05:30,5103.15,5111.9,5103.15,5110.25,411,
2024-09-06 09:32:00+05:30,5111,5111,5106.9,5111,627,
2024-09-06 09:33:00+05:30,5111,5111,5103.5,5106.25,1012,
2024-09-06 09:34:00+05:30,5106.35,5107.45,5104.95,5107.4,104,
2024-09-06 09:35:00+05:30,5107.4,5111,5107.4,5111,301,
2024-09-06 09:36:00+05:30,5111,5111.55,5102.25,5108.1,1015,
2024-09-06 09:37:00+05:30,5104.05,5113.95,5103.65,5113.95,3470,
2024-09-06 09:38:00+05:30,5114,5115,5109.6,5111,555,
2024-09-06 09:39:00+05:30,5109.6,5111,5106.6,5107.95,527,
2024-09-06 09:40:00+05:30,5104.1,5110.2,5104.1,5107.25,729,
2024-09-06 09:41:00+05:30,5107.25,5108.25,5105,5106.25,927,
2024-09-06 09:42:00+05:30,5105.15,5106.2,5105.15,5106,805,
2024-09-06 09:43:00+05:30,5106,5108.45,5106,5108.4,968,
2024-09-06 09:44:00+05:30,5108.4,5108.5,5105,5106.9,751,
2024-09-06 09:45:00+05:30,5108.5,5109.25,5102.75,5105.65,1400,
2024-09-06 09:46:00+05:30,5105.65,5105.65,5099.7,5103.95,2092,
2024-09-06 09:47:00+05:30,5103.95,5103.95,5091.35,5095.75,4853,
2024-09-06 09:48:00+05:30,5095.75,5095.75,5087.05,5088.9,963,
2024-09-06 09:49:00+05:30,5089.25,5089.25,5087.45,5088.9,1130,
2024-09-06 09:50:00+05:30,5089.25,5091,5081.7,5081.7,2987,
2024-09-06 09:51:00+05:30,5083.45,5091.6,5081.65,5089.65,659,
2024-09-06 09:52:00+05:30,5089.65,5092,5083.9,5086.65,769,
2024-09-06 09:53:00+05:30,5083.75,5090,5083.75,5088.7,452,
2024-09-06 09:54:00+05:30,5088.7,5090.2,5085,5085,895,
2024-09-06 09:55:00+05:30,5085,5096.6,5085,5096.15,1178,
2024-09-06 09:56:00+05:30,5096.15,5097.15,5087.5,5094.85,1513,
2024-09-06 09:57:00+05:30,5094.85,5096.4,5093.2,5096.4,482,
2024-09-06 09:58:00+05:30,5097.35,5097.95,5091.7,5094.8,1020,
2024-09-06 09:59:00+05:30,5094.8,5096.7,5092.05,5096.7,229,
2024-09-06 10:00:00+05:30,5093.55,5096.1,5091.05,5091.05,335,
2024-09-06 10:01:00+05:30,5092.95,5093.55,5088.5,5088.55,412,
2024-09-06 10:02:00+05:30,5088.55,5099.4,5088.5,5097.25,508,
2024-09-06 10:03:00+05:30,5097.25,5099.4,5094.7,5096.2,368,
2024-09-06 10:04:00+05:30,5094.75,5096.1,5092.5,5092.65,241,
2024-09-06 10:05:00+05:30,5092.65,5095,5082,5083.05,941,
2024-09-06 10:06:00+05:30,5085.9,5086.75,5078.5,5080.9,2739,
2024-09-06 10:07:00+05:30,5081.3,5084.05,5072.5,5073.05,2805,
2024-09-06 10:08:00+05:30,5076.2,5076.2,5071.5,5073.05,1215,
2024-09-06 10:09:00+05:30,5070,5072.8,5068.65,5072.7,1117,
2024-09-06 10:10:00+05:30,5071.05,5072,5062.35,5063.75,962,
2024-09-06 10:11:00+05:30,5064.85,5074.45,5064.85,5073.95,1317,
2024-09-06 10:12:00+05:30,5073.95,5086.85,5073.95,5085,769,
2024-09-06 10:13:00+05:30,5086.5,5088,5080.65,5084.95,717,
2024-09-06 10:14:00+05:30,5084.95,5087.5,5080.9,5087.5,699,
2024-09-06 10:15:00+05:30,5087.25,5093.3,5085.95,5092.7,7282,
2024-09-06 10:16:00+05:30,5092.75,5093.05,5090.25,5093,2540,
2024-09-06 10:17:00+05:30,5092.1,5092.15,5087.05,5090,4147,
2024-09-06 10:18:00+05:30,5090.15,5090.2,5086.8,5090.2,1848,
2024-09-06 10:19:00+05:30,5091.25,5099.4,5091.25,5099.4,3823,
2024-09-06 10:20:00+05:30,5099.4,5100,5092,5092.8,2277,
2024-09-06 10:21:00+05:30,5092.8,5095.9,5090.25,5093,1013,
2024-09-06 10:22:00+05:30,5093,5100.95,5093,5100.95,3219,
2024-09-06 10:23:00+05:30,5100.55,5104.1,5094.15,5104.1,1522,
2024-09-06 10:24:00+05:30,5104.1,5106.35,5101.35,5106.25,2095,
2024-09-06 10:25:00+05:30,5105,5105.8,5101.8,5105.8,2894,
2024-09-06 10:26:00+05:30,5105.05,5105.05,5102.1,5105.05,2411,
2024-09-06 10:27:00+05:30,5102.8,5105.05,5102.55,5103,824,
2024-09-06 10:28:00+05:30,5105,5105.1,5103,5105.1,1112,
2024-09-06 10:29:00+05:30,5104.05,5110.2,5103,5110.2,2281,
2024-09-06 10:30:00+05:30,5110.2,5114.5,5105.65,5105.65,1318,
2024-09-06 10:31:00+05:30,5106.85,5106.85,5103.55,5106.4,390,
2024-09-06 10:32:00+05:30,5106.4,5106.4,5103.3,5105.7,508,
2024-09-06 10:33:00+05:30,5105.7,5107,5102.6,5105.05,1092,
2024-09-06 10:34:00+05:30,5105.25,5107,5103.65,5105.9,294,
2024-09-06 10:35:00+05:30,5104.1,5105.85,5102.65,5105.2,1294,
2024-09-06 10:36:00+05:30,5105.2,5105.2,5103.6,5105.2,516,
2024-09-06 10:37:00+05:30,5105.2,5105.2,5101.55,5105.1,1224,
2024-09-06 10:38:00+05:30,5105.1,5105.15,5102.05,5105.1,2425,
2024-09-06 10:39:00+05:30,5105.05,5105.15,5099.1,5103.85,11944,
2024-09-06 10:40:00+05:30,5105.05,5105.15,5096,5098.4,7049,
2024-09-06 10:41:00+05:30,5098.4,5100.2,5096.5,5100.05,1321,
2024-09-06 10:42:00+05:30,5098.15,5099.6,5091.1,5096.55,1840,
2024-09-06 10:43:00+05:30,5096.55,5111,5095.25,5111,2003,
2024-09-06 10:44:00+05:30,5111,5114.5,5107.75,5107.75,2125,
2024-09-06 10:45:00+05:30,5108.9,5108.9,5104.4,5105.4,226,
2024-09-06 10:46:00+05:30,5105.4,5105.4,5101.65,5103,20,
2024-09-06 10:47:00+05:30,5103,5103,5097.5,5100,284,
2024-09-06 10:48:00+05:30,5099.85,5106.75,5099.85,5106.2,1317,
2024-09-06 10:49:00+05:30,5104.25,5107,5102.35,5103,244,
2024-09-06 10:50:00+05:30,5103,5103.95,5100.7,5103,153,
2024-09-06 10:51:00+05:30,5103,5109.55,5101.35,5109.55,321,
2024-09-06 10:52:00+05:30,5109.55,5112.65,5108.5,5108.5,59,
2024-09-06 10:53:00+05:30,5108.5,5111.45,5107.95,5108.7,133,
2024-09-06 10:54:00+05:30,5108.7,5111,5107.6,5108.15,344,
2024-09-06 10:55:00+05:30,5108.15,5112,5108.15,5112,556,
2024-09-06 10:56:00+05:30,5112,5114.5,5111,5113,611,
2024-09-06 10:57:00+05:30,5113,5115,5111.25,5114.65,601,
2024-09-06 10:58:00+05:30,5114.5,5121.9,5114.5,5116.75,4007,
2024-09-06 10:59:00+05:30,5116.25,5116.25,5110.65,5112.35,498,
2024-09-06 11:00:00+05:30,5111.85,5111.85,5108.4,5110.65,891,
2024-09-06 11:01:00+05:30,5110.65,5112.35,5108.65,5112.3,298,
2024-09-06 11:02:00+05:30,5113,5114.15,5110.3,5112.8,532,
2024-09-06 11:03:00+05:30,5111.6,5112.8,5110.25,5111.4,390,
2024-09-06 11:04:00+05:30,5110.25,5119.45,5110.2,5115.4,710,
2024-09-06 11:05:00+05:30,5115.4,5119.5,5113.9,5117.5,530,
2024-09-06 11:06:00+05:30,5117.5,5118.05,5115.35,5115.35,199,
2024-09-06 11:07:00+05:30,5115.35,5116.05,5114.05,5115.1,261,
2024-09-06 11:08:00+05:30,5114.5,5115.7,5112.1,5114.55,1014,
2024-09-06 11:09:00+05:30,5114.2,5114.2,5110.5,5111.7,667,
2024-09-06 11:10:00+05:30,5111.7,5111.7,5104.65,5110.8,1924,
2024-09-06 11:11:00+05:30,5111.25,5111.5,5106.15,5109.05,1428,
2024-09-06 11:12:00+05:30,5109.05,5109.75,5102.85,5102.85,976,
2024-09-06 11:13:00+05:30,5102.85,5108,5102.85,5107.5,670,
2024-09-06 11:14:00+05:30,5107.8,5111.75,5107.2,5110.3,1012,
2024-09-06 11:15:00+05:30,5110.3,5112.55,5107,5112.55,1837,
2024-09-06 11:16:00+05:30,5113.2,5119.05,5113.2,5116.05,1378,
2024-09-06 11:17:00+05:30,5116.05,5118.85,5113.35,5117.4,391,
2024-09-06 11:18:00+05:30,5116.3,5117.25,5115.05,5115.05,118,
2024-09-06 11:19:00+05:30,5117,5122.05,5115.05,5122.05,1373,
2024-09-06 11:20:00+05:30,5118.85,5122.25,5117,5120.1,206,
2024-09-06 11:21:00+05:30,5120.1,5122,5117.7,5122,270,
2024-09-06 11:22:00+05:30,5122,5122,5119.15,5121,66,
2024-09-06 11:23:00+05:30,5121,5122,5117.6,5122,572,
2024-09-06 11:24:00+05:30,5122,5125.75,5120.7,5124.55,1120,
2024-09-06 11:25:00+05:30,5124.55,5124.55,5121.85,5122.55,494,
2024-09-06 11:26:00+05:30,5122.55,5124.9,5120.85,5122.65,478,
2024-09-06 11:27:00+05:30,5122.65,5123,5121.2,5122.05,548,
2024-09-06 11:28:00+05:30,5121.25,5127.95,5121.25,5127.95,953,
2024-09-06 11:29:00+05:30,5127.15,5132,5122.95,5126.55,1002,
2024-09-06 11:30:00+05:30,5126.55,5129.25,5124.55,5128.65,1509,
2024-09-06 11:31:00+05:30,5128.65,5128.65,5124.5,5126.95,410,
2024-09-06 11:32:00+05:30,5126.95,5127.85,5124.9,5125,279,
2024-09-06 11:33:00+05:30,5125,5127.6,5123,5123.95,521,
2024-09-06 11:34:00+05:30,5123.85,5126.85,5123.85,5126,183,
2024-09-06 11:35:00+05:30,5126,5127,5124.7,5126.05,154,
2024-09-06 11:36:00+05:30,5125.3,5126.9,5125,5126.25,114,
2024-09-06 11:37:00+05:30,5126.1,5130,5124.75,5130,703,
2024-09-06 11:38:00+05:30,5129.15,5130.6,5128.55,5130.6,847,
2024-09-06 11:39:00+05:30,5130.6,5130.6,5128.7,5130.05,390,
2024-09-06 11:40:00+05:30,5130.05,5138.2,5130.05,5135.65,1591,
2024-09-06 11:41:00+05:30,5135.65,5135.65,5132.6,5135,711,
2024-09-06 11:42:00+05:30,5135,5138,5135,5135.65,496,
2024-09-06 11:43:00+05:30,5135.65,5140,5135.25,5140,1311,
2024-09-06 11:44:00+05:30,5139.05,5143.45,5138.2,5143.2,234,
2024-09-06 11:45:00+05:30,5143.5,5150.55,5142.55,5149.95,1731,
2024-09-06 11:46:00+05:30,5149.95,5157,5148.1,5156.35,2017,
2024-09-06 11:47:00+05:30,5155.45,5157.5,5152,5154.4,1854,
2024-09-06 11:48:00+05:30,5154.4,5155,5152,5154.5,784,
2024-09-06 11:49:00+05:30,5154.5,5158.2,5154,5158.2,651,
2024-09-06 11:50:00+05:30,5158.3,5165.9,5156.25,5165.6,4315,
2024-09-06 11:51:00+05:30,5165.6,5170,5162,5162.6,3684,
2024-09-06 11:52:00+05:30,5162.6,5164.4,5156.55,5162.95,1951,
2024-09-06 11:53:00+05:30,5162.95,5162.95,5150.5,5151.2,2746,
2024-09-06 11:54:00+05:30,5151.2,5152.65,5149,5150.85,1326,
2024-09-06 11:55:00+05:30,5150.85,5150.85,5148,5148,423,
2024-09-06 11:56:00+05:30,5147.55,5149.9,5141.55,5142.1,1709,
2024-09-06 11:57:00+05:30,5142,5150.85,5140.9,5148,1279,
2024-09-06 11:58:00+05:30,5145.55,5145.55,5136.6,5139,4489,
2024-09-06 11:59:00+05:30,5139,5141.45,5135.9,5140.95,8893,
2024-09-06 12:00:00+05:30,5140,5142.1,5139.65,5140.6,736,
2024-09-06 12:01:00+05:30,5140,5142.95,5138.3,5142.9,907,
2024-09-06 12:02:00+05:30,5142.85,5142.85,5137.1,5138.95,5398,
2024-09-06 12:03:00+05:30,5138.95,5138.95,5136.15,5137.95,250,
2024-09-06 12:04:00+05:30,5137.95,5137.95,5130,5130.6,3526,
2024-09-06 12:05:00+05:30,5128.45,5137.45,5125.2,5137.15,4276,
2024-09-06 12:06:00+05:30,5137.8,5142.7,5133.6,5138.75,3023,
2024-09-06 12:07:00+05:30,5138.75,5138.95,5130.75,5132.8,1464,
2024-09-06 12:08:00+05:30,5132.85,5134.8,5130.55,5134.8,497,
2024-09-06 12:09:00+05:30,5134.8,5135.7,5131.85,5134.4,234,
2024-09-06 12:10:00+05:30,5134.65,5134.65,5132,5133,206,
2024-09-06 12:11:00+05:30,5133,5133,5132,5132.95,62,
2024-09-06 12:12:00+05:30,5132.95,5133.85,5132,5133.45,25,
2024-09-06 12:13:00+05:30,5133.45,5135.3,5133.05,5135,445,
2024-09-06 12:14:00+05:30,5134.4,5134.95,5126.95,5127.4,905,
2024-09-06 12:15:00+05:30,5128.35,5131.1,5127.6,5131.1,530,
2024-09-06 12:16:00+05:30,5131.1,5133.8,5129.2,5130.25,105,
2024-09-06 12:17:00+05:30,5129,5133.25,5129,5131.55,305,
2024-09-06 12:18:00+05:30,5134.35,5134.35,5131.2,5131.55,41,
2024-09-06 12:19:00+05:30,5131.55,5135.7,5131.5,5132.45,824,
2024-09-06 12:20:00+05:30,5132.45,5135.05,5130.7,5134.5,105,
2024-09-06 12:21:00+05:30,5134.5,5134.55,5132.1,5133.4,126,
2024-09-06 12:22:00+05:30,5133.4,5135.5,5132.15,5134.3,98,
2024-09-06 12:23:00+05:30,5134.3,5135.7,5132.5,5135.45,198,
2024-09-06 12:24:00+05:30,5135.2,5135.2,5132,5133.2,55,
2024-09-06 12:25:00+05:30,5132.55,5135.95,5132,5135,162,
2024-09-06 12:26:00+05:30,5135.7,5135.8,5132.05,5132.05,60,
2024-09-06 12:27:00+05:30,5132.85,5132.85,5131.65,5132.1,712,
2024-09-06 12:28:00+05:30,5132.1,5132.1,5129.8,5130,377,
2024-09-06 12:29:00+05:30,5129.5,5130,5126.55,5128,184,
2024-09-06 12:30:00+05:30,5126.75,5127.3,5121.4,5123.95,668,
2024-09-06 12:31:00+05:30,5123.9,5124.7,5120,5122.5,790,
2024-09-06 12:32:00+05:30,5123,5123,5120,5122,894,
2024-09-06 12:33:00+05:30,5120.85,5126.75,5120.85,5125.7,589,
2024-09-06 12:34:00+05:30,5125.7,5125.7,5120.65,5122,390,
2024-09-06 12:35:00+05:30,5122,5126.45,5121.65,5123.65,436,
2024-09-06 12:36:00+05:30,5123.6,5123.8,5122.15,5122.55,107,
2024-09-06 12:37:00+05:30,5122.55,5125.45,5119.8,5125,1246,
2024-09-06 12:38:00+05:30,5124.6,5125,5122.55,5124.2,213,
2024-09-06 12:39:00+05:30,5124.2,5124.2,5121.6,5121.6,164,
2024-09-06 12:40:00+05:30,5121.6,5124.15,5121.4,5122,870,
2024-09-06 12:41:00+05:30,5121.8,5123,5121.8,5123,482,
2024-09-06 12:42:00+05:30,5123,5123,5121.35,5122.8,172,
2024-09-06 12:43:00+05:30,5122.8,5122.8,5121.1,5122,690,
2024-09-06 12:44:00+05:30,5122,5124.55,5120.5,5124.2,1567,
2024-09-06 12:45:00+05:30,5123.85,5123.85,5121.65,5121.65,248,
2024-09-06 12:46:00+05:30,5121.65,5121.7,5119.7,5120.6,233,
2024-09-06 12:47:00+05:30,5120.6,5121.7,5117.3,5121.45,835,
2024-09-06 12:48:00+05:30,5121.45,5121.45,5117.25,5118.7,203,
2024-09-06 12:49:00+05:30,5118.7,5118.8,5112,5114,824,
2024-09-06 12:50:00+05:30,5114,5116.75,5110.2,5115,847,
2024-09-06 12:51:00+05:30,5115,5116.15,5110.7,5112.85,1496,
2024-09-06 12:52:00+05:30,5112.55,5116.5,5111.65,5113.5,514,
2024-09-06 12:53:00+05:30,5113.6,5115.3,5110.4,5114.05,208,
2024-09-06 12:54:00+05:30,5114.05,5114.05,5110.75,5112.4,434,
2024-09-06 12:55:00+05:30,5112.4,5112.4,5110.5,5111.5,453,
2024-09-06 12:56:00+05:30,5111.5,5117.15,5110,5114,1464,
2024-09-06 12:57:00+05:30,5112.9,5114,5110,5111,579,
2024-09-06 12:58:00+05:30,5111,5114.55,5111,5113.7,435,
2024-09-06 12:59:00+05:30,5112.4,5114.3,5111.35,5112.85,483,
2024-09-06 13:00:00+05:30,5112.85,5113.15,5111.55,5112.15,497,
2024-09-06 13:01:00+05:30,5112.15,5114.85,5110.75,5114.85,1936,
2024-09-06 13:02:00+05:30,5114.85,5119.7,5114.15,5118.9,503,
2024-09-06 13:03:00+05:30,5118.75,5125.1,5118.75,5122.6,655,
2024-09-06 13:04:00+05:30,5122.6,5125,5120,5120.75,535,
2024-09-06 13:05:00+05:30,5120.75,5124.05,5119,5121,1453,
2024-09-06 13:06:00+05:30,5121,5121,5119.2,5121,328,
2024-09-06 13:07:00+05:30,5121,5121.95,5120.45,5121.8,332,
2024-09-06 13:08:00+05:30,5121.8,5126.8,5121.45,5126.8,1093,
2024-09-06 13:09:00+05:30,5126.8,5129.1,5124,5124.65,960,
2024-09-06 13:10:00+05:30,5124.65,5126.8,5123.35,5124,691,
2024-09-06 13:11:00+05:30,5124,5124,5123.7,5123.75,189,
2024-09-06 13:12:00+05:30,5123.7,5130,5122.85,5129.6,1880,
2024-09-06 13:13:00+05:30,5129.6,5132,5129.15,5131.85,255,
2024-09-06 13:14:00+05:30,5131.85,5131.85,5131.4,5131.5,875,
2024-09-06 13:15:00+05:30,5131.4,5131.4,5125.8,5125.8,223,
2024-09-06 13:16:00+05:30,5125.8,5125.8,5124.25,5124.8,212,
2024-09-06 13:17:00+05:30,5124.8,5128.05,5122.15,5127,811,
2024-09-06 13:18:00+05:30,5127,5127,5124,5125.15,102,
2024-09-06 13:19:00+05:30,5125.15,5125.15,5122.7,5124.5,231,
2024-09-06 13:20:00+05:30,5124.5,5124.5,5121.2,5122.95,351,
2024-09-06 13:21:00+05:30,5122.8,5122.9,5120.85,5122.45,273,
2024-09-06 13:22:00+05:30,5122.45,5122.45,5120.9,5120.9,1020,
2024-09-06 13:23:00+05:30,5120.8,5124,5119.85,5123.4,1919,
2024-09-06 13:24:00+05:30,5122.75,5122.75,5118.65,5120.3,374,
2024-09-06 13:25:00+05:30,5120.3,5124.4,5118.4,5120.8,1190,
2024-09-06 13:26:00+05:30,5120.8,5120.8,5118.75,5120.05,94,
2024-09-06 13:27:00+05:30,5120.05,5121.65,5118.85,5120.6,1481,
2024-09-06 13:28:00+05:30,5120.6,5124.4,5119.5,5124.2,1320,
2024-09-06 13:29:00+05:30,5124.2,5124.2,5123.15,5124,146,
2024-09-06 13:30:00+05:30,5124,5124,5122.5,5122.5,39,
2024-09-06 13:31:00+05:30,5122.5,5123.7,5120.35,5123.7,279,
2024-09-06 13:32:00+05:30,5123.7,5123.7,5120,5122.4,541,
2024-09-06 13:33:00+05:30,5122.4,5125,5121.85,5125,427,
2024-09-06 13:34:00+05:30,5124.65,5139.95,5124.65,5139.5,1551,
2024-09-06 13:35:00+05:30,5139.5,5140.75,5135.4,5139.15,859,
2024-09-06 13:36:00+05:30,5139.15,5139.15,5133,5137,497,
2024-09-06 13:37:00+05:30,5137,5137.05,5130.05,5134,401,
2024-09-06 13:38:00+05:30,5133.35,5134,5132.2,5134,382,
2024-09-06 13:39:00+05:30,5134,5139.85,5134,5139.4,160,
2024-09-06 13:40:00+05:30,5139.4,5139.4,5137.2,5138.65,255,
2024-09-06 13:41:00+05:30,5138.25,5139,5137.2,5137.2,123,
2024-09-06 13:42:00+05:30,5137.2,5138,5137.2,5138,58,
2024-09-06 13:43:00+05:30,5138,5138,5136.85,5137,258,
2024-09-06 13:44:00+05:30,5136.9,5138,5135.25,5136.95,126,
2024-09-06 13:45:00+05:30,5136.6,5138,5135.15,5138,319,
2024-09-06 13:46:00+05:30,5138,5139.2,5136.8,5139.2,96,
2024-09-06 13:47:00+05:30,5139.15,5140,5139,5140,161,
2024-09-06 13:48:00+05:30,5140,5140,5134,5139,782,
2024-09-06 13:49:00+05:30,5136.65,5139.6,5135.25,5139.05,791,
2024-09-06 13:50:00+05:30,5139.05,5139.6,5137.3,5138.95,197,
2024-09-06 13:51:00+05:30,5138.8,5144.7,5138.4,5144.6,614,
2024-09-06 13:52:00+05:30,5144.6,5144.65,5141,5144.65,422,
2024-09-06 13:53:00+05:30,5142.3,5145,5142.3,5144.15,180,
2024-09-06 13:54:00+05:30,5142,5143.95,5141.4,5143.2,273,
2024-09-06 13:55:00+05:30,5143.2,5144,5141,5141,79,
2024-09-06 13:56:00+05:30,5143.45,5147.15,5141,5146.05,1788,
2024-09-06 13:57:00+05:30,5145.05,5148,5144.5,5148,347,
2024-09-06 13:58:00+05:30,5148,5150,5146.45,5149.4,925,
2024-09-06 13:59:00+05:30,5149.4,5149.4,5145.75,5148.15,361,
2024-09-06 14:00:00+05:30,5147,5148.15,5144.05,5146.85,632,
2024-09-06 14:01:00+05:30,5146.85,5146.9,5144.8,5146.1,308,
2024-09-06 14:02:00+05:30,5146.1,5148,5144.9,5147.7,340,
2024-09-06 14:03:00+05:30,5147.7,5151,5147.15,5149.25,2823,
2024-09-06 14:04:00+05:30,5149.25,5151,5145.8,5150,763,
2024-09-06 14:05:00+05:30,5150,5150,5146.7,5146.7,100,
2024-09-06 14:06:00+05:30,5146.7,5149.15,5140,5142.1,1600,
2024-09-06 14:07:00+05:30,5142.1,5144.4,5138.9,5138.9,440,
2024-09-06 14:08:00+05:30,5139,5142.95,5139,5142,647,
2024-09-06 14:09:00+05:30,5142,5142,5136.35,5138.5,383,
2024-09-06 14:10:00+05:30,5138.5,5138.9,5136.1,5137.55,232,
2024-09-06 14:11:00+05:30,5137.55,5138.35,5135.35,5137.75,280,
2024-09-06 14:12:00+05:30,5138,5140,5138,5139.95,269,
2024-09-06 14:13:00+05:30,5139.95,5142,5138.65,5140.35,559,
2024-09-06 14:14:00+05:30,5140.35,5142,5138.15,5140.65,346,
2024-09-06 14:15:00+05:30,5140.4,5143.3,5140.4,5140.85,276,
2024-09-06 14:16:00+05:30,5140.85,5143,5139.3,5140.25,795,
2024-09-06 14:17:00+05:30,5139.35,5140,5137.8,5139.9,151,
2024-09-06 14:18:00+05:30,5139.9,5140,5138.15,5140,452,
2024-09-06 14:19:00+05:30,5140,5140,5135.35,5138.9,788,
2024-09-06 14:20:00+05:30,5138.9,5139.9,5138.1,5138.3,1396,
2024-09-06 14:21:00+05:30,5138.3,5139.95,5138.25,5139.05,428,
2024-09-06 14:22:00+05:30,5136.7,5139.95,5136.7,5139.9,448,
2024-09-06 14:23:00+05:30,5139.9,5139.9,5136.9,5139.85,740,
2024-09-06 14:24:00+05:30,5139.85,5139.85,5135.25,5136.8,803,
2024-09-06 14:25:00+05:30,5135.25,5136.75,5132.9,5135,1242,
2024-09-06 14:26:00+05:30,5135,5135,5131.05,5134.2,653,
2024-09-06 14:27:00+05:30,5134.2,5135.55,5130,5131,675,
2024-09-06 14:28:00+05:30,5131,5131.8,5128.1,5131.45,1264,
2024-09-06 14:29:00+05:30,5131.45,5135.65,5128.2,5132.45,1835,
2024-09-06 14:30:00+05:30,5132.45,5133.75,5130.1,5131.65,318,
2024-09-06 14:31:00+05:30,5132.15,5132.3,5129.2,5132,687,
2024-09-06 14:32:00+05:30,5132,5133,5131.6,5133,180,
2024-09-06 14:33:00+05:30,5133,5136.5,5130.15,5133.45,935,
2024-09-06 14:34:00+05:30,5133.45,5134.4,5131.05,5132.75,395,
2024-09-06 14:35:00+05:30,5131.65,5135.9,5131.65,5135.9,182,
2024-09-06 14:36:00+05:30,5135.9,5135.9,5131.65,5132.3,266,
2024-09-06 14:37:00+05:30,5132.65,5133.7,5131.45,5133.7,224,
2024-09-06 14:38:00+05:30,5133.7,5138.05,5133.5,5137.65,143,
2024-09-06 14:39:00+05:30,5135.8,5135.8,5129.3,5134.05,1191,
2024-09-06 14:40:00+05:30,5134.1,5135,5130,5133.45,382,
2024-09-06 14:41:00+05:30,5133.45,5135,5132,5132,150,
2024-09-06 14:42:00+05:30,5132,5134.9,5132,5132.15,377,
2024-09-06 14:43:00+05:30,5132.15,5132.75,5130,5131.15,438,
2024-09-06 14:44:00+05:30,5131.15,5132.7,5129.85,5132.6,531,
2024-09-06 14:45:00+05:30,5132.6,5132.65,5127.25,5130.75,204,
2024-09-06 14:46:00+05:30,5129.9,5132,5127.65,5132,599,
2024-09-06 14:47:00+05:30,5131.45,5135,5131.45,5135,559,
2024-09-06 14:48:00+05:30,5135,5136.7,5133.6,5135.95,352,
2024-09-06 14:49:00+05:30,5135.95,5136.45,5132.15,5134.6,434,
2024-09-06 14:50:00+05:30,5134.05,5137.65,5132.75,5135.1,1537,
2024-09-06 14:51:00+05:30,5135.1,5136.3,5132.75,5136.05,1146,
2024-09-06 14:52:00+05:30,5136.05,5136.05,5134,5134.95,515,
2024-09-06 14:53:00+05:30,5134.95,5135.95,5134,5135.25,631,
2024-09-06 14:54:00+05:30,5135.25,5137.95,5134.2,5135.3,1127,
2024-09-06 14:55:00+05:30,5135.95,5138.3,5134.55,5136.8,504,
2024-09-06 14:56:00+05:30,5135.85,5138,5135.85,5138,485,
2024-09-06 14:57:00+05:30,5138,5138,5135.25,5135.4,1385,
2024-09-06 14:58:00+05:30,5134.15,5136,5130.4,5133.15,2169,
2024-09-06 14:59:00+05:30,5134,5135.3,5130.35,5131.35,1339,
2024-09-06 15:00:00+05:30,5130.95,5139.9,5130.9,5137.55,5087,
2024-09-06 15:01:00+05:30,5134.05,5142.8,5134.05,5141.65,3350,
2024-09-06 15:02:00+05:30,5142.35,5144.95,5137.15,5137.45,2545,
2024-09-06 15:03:00+05:30,5137.45,5139.25,5133.75,5136.3,2506,
2024-09-06 15:04:00+05:30,5136.3,5137.45,5134.6,5137,2487,
2024-09-06 15:05:00+05:30,5136.6,5137.35,5132.15,5137.35,3583,
2024-09-06 15:06:00+05:30,5137.3,5140,5135.3,5139.9,2335,
2024-09-06 15:07:00+05:30,5139.9,5140,5137.2,5139.25,1816,
2024-09-06 15:08:00+05:30,5139.05,5139.9,5137.7,5139.85,2399,
2024-09-06 15:09:00+05:30,5139.85,5141,5135.65,5137.75,3773,
2024-09-06 15:10:00+05:30,5139.45,5140.15,5138.1,5139.75,2208,
2024-09-06 15:11:00+05:30,5139.7,5141.75,5138.1,5138.15,3252,
2024-09-06 15:12:00+05:30,5139.45,5139.45,5133.6,5134.4,3196,
2024-09-06 15:13:00+05:30,5134.4,5137.45,5133.15,5134.5,1904,
2024-09-06 15:14:00+05:30,5134.9,5136.5,5132.6,5135.7,2783,
2024-09-06 15:15:00+05:30,5135.7,5138.6,5132.45,5135.7,2824,
2024-09-06 15:16:00+05:30,5135.05,5135.5,5134.65,5134.65,3271,
2024-09-06 15:17:00+05:30,5134.65,5137.7,5132.15,5136.1,2641,
2024-09-06 15:18:00+05:30,5136.1,5138,5133.3,5135.5,3447,
2024-09-06 15:19:00+05:30,5136.2,5137,5128.55,5132.7,5935,
2024-09-06 15:20:00+05:30,5132.65,5138.5,5132.65,5137.2,4963,
2024-09-06 15:21:00+05:30,5137.15,5138.95,5134.25,5136.4,4706,
2024-09-06 15:22:00+05:30,5136.4,5139.4,5135.2,5139.35,2181,
2024-09-06 15:23:00+05:30,5139.3,5143.55,5137.2,5143.45,2408,
2024-09-06 15:24:00+05:30,5143.45,5143.6,5141.95,5143.3,5374,
2024-09-06 15:25:00+05:30,5142.85,5145,5141.55,5143.9,2376,
2024-09-06 15:26:00+05:30,5143.9,5145,5142.85,5143.3,1825,
2024-09-06 15:27:00+05:30,5143.65,5143.65,5140.1,5143.5,2453,
2024-09-06 15:28:00+05:30,5143.5,5155.05,5141,5155.05,1812,
2024-09-06 15:29:00+05:30,5144.85,5144.85,5121.15,5121.3,1501,
2024-09-09 09:15:00+05:30,5105,5140.85,5105,5140.85,2470,
2024-09-09 09:16:00+05:30,5144.95,5166.85,5141,5158.05,8673,
2024-09-09 09:17:00+05:30,5158.45,5158.85,5145,5158.85,3422,
2024-09-09 09:18:00+05:30,5156.15,5157.9,5143.7,5152,3476,
2024-09-09 09:19:00+05:30,5152.5,5154.95,5146.9,5153.4,2125,
2024-09-09 09:20:00+05:30,5150.75,5153.5,5141.55,5150.05,6398,
2024-09-09 09:21:00+05:30,5150,5157.85,5145.55,5152.8,4776,
2024-09-09 09:22:00+05:30,5154.95,5154.95,5139.85,5141.95,3544,
2024-09-09 09:23:00+05:30,5138.45,5143.3,5131.6,5131.6,2893,
2024-09-09 09:24:00+05:30,5131.6,5138.85,5122.1,5123.25,1508,
2024-09-09 09:25:00+05:30,5123.2,5123.2,5106.7,5116.8,3701,
2024-09-09 09:26:00+05:30,5116.95,5121.9,5107.45,5109.2,1584,
2024-09-09 09:27:00+05:30,5107.1,5111,5101.7,5106.85,1686,
2024-09-09 09:28:00+05:30,5106.85,5106.85,5094.85,5101.15,4424,
2024-09-09 09:29:00+05:30,5101.15,5101.4,5093.05,5097.45,1792,
2024-09-09 09:30:00+05:30,5096.2,5098.6,5090,5093.85,2536,
2024-09-09 09:31:00+05:30,5090.8,5101.9,5082.2,5101.9,7471,
2024-09-09 09:32:00+05:30,5098.75,5101.15,5086.6,5089.95,919,
2024-09-09 09:33:00+05:30,5089.95,5098,5088.15,5095.6,1809,
2024-09-09 09:34:00+05:30,5095.6,5098,5090,5097.75,1045,
2024-09-09 09:35:00+05:30,5095.95,5104,5095.95,5100.5,2872,
2024-09-09 09:36:00+05:30,5103.6,5107.95,5102.7,5106.6,1285,
2024-09-09 09:37:00+05:30,5103.05,5122.5,5103.05,5119.4,3075,
2024-09-09 09:38:00+05:30,5119.4,5124.15,5113.35,5124,5922,
2024-09-09 09:39:00+05:30,5119.25,5122,5117.25,5119,2981,
2024-09-09 09:40:00+05:30,5119,5125.45,5117.2,5124.2,5502,
2024-09-09 09:41:00+05:30,5124.2,5132.8,5120.75,5131.7,888,
2024-09-09 09:42:00+05:30,5131.7,5139.85,5130,5139.85,1096,
2024-09-09 09:43:00+05:30,5139.85,5144.35,5137.05,5141.65,361,
2024-09-09 09:44:00+05:30,5141.05,5147,5141.05,5147,979,
2024-09-09 09:45:00+05:30,5149,5154.45,5147.65,5153.95,1427,
2024-09-09 09:46:00+05:30,5152,5156.1,5150.95,5155,740,
2024-09-09 09:47:00+05:30,5155,5167.95,5155,5166.2,3520,
2024-09-09 09:48:00+05:30,5166.2,5169,5162,5166,7786,
2024-09-09 09:49:00+05:30,5166,5166.45,5156,5158.6,3271,
2024-09-09 09:50:00+05:30,5158.8,5164.45,5156,5159.6,1606,
2024-09-09 09:51:00+05:30,5156.2,5161.45,5153.6,5159.1,3494,
2024-09-09 09:52:00+05:30,5156.2,5163.95,5152.05,5154,12938,
2024-09-09 09:53:00+05:30,5154,5154,5144.25,5147.7,1557,
2024-09-09 09:54:00+05:30,5147.7,5150.9,5142.15,5145.1,355,
2024-09-09 09:55:00+05:30,5145.1,5146.75,5137.6,5137.6,643,
2024-09-09 09:56:00+05:30,5137.6,5143.65,5137.55,5140.75,260,
2024-09-09 09:57:00+05:30,5142,5148.9,5141,5146.55,353,
2024-09-09 09:58:00+05:30,5146.55,5148,5142.05,5144.15,153,
2024-09-09 09:59:00+05:30,5144.15,5146.85,5140,5145.05,361,
2024-09-09 10:00:00+05:30,5146.75,5148.95,5145.55,5147.45,208,
2024-09-09 10:01:00+05:30,5147.45,5147.45,5142.55,5145.7,161,
2024-09-09 10:02:00+05:30,5145.2,5147.85,5144.15,5144.15,300,
2024-09-09 10:03:00+05:30,5143.9,5159.95,5143.9,5156.1,1175,
2024-09-09 10:04:00+05:30,5156.1,5160.05,5156,5160.05,1502,
2024-09-09 10:05:00+05:30,5161.2,5166,5159,5163.5,1522,
2024-09-09 10:06:00+05:30,5163.5,5174,5163.2,5171.95,1659,
2024-09-09 10:07:00+05:30,5173.9,5180,5171.65,5178.8,2871,
2024-09-09 10:08:00+05:30,5179.8,5179.8,5171.9,5174.85,1251,
2024-09-09 10:09:00+05:30,5174.85,5174.85,5161.55,5171.05,1143,
2024-09-09 10:10:00+05:30,5171.05,5174.25,5165.55,5168.35,510,
2024-09-09 10:11:00+05:30,5168,5169.5,5163.95,5169.25,1409,
2024-09-09 10:12:00+05:30,5169.25,5172.7,5165.85,5172.55,631,
2024-09-09 10:13:00+05:30,5172.85,5174.6,5160.9,5162.65,688,
2024-09-09 10:14:00+05:30,5162.65,5170,5161.4,5169.9,1511,
2024-09-09 10:15:00+05:30,5167.65,5168,5162.9,5165.95,638,
2024-09-09 10:16:00+05:30,5165.95,5165.95,5160,5160.05,623,
2024-09-09 10:17:00+05:30,5160.05,5164,5160.05,5162.9,277,
2024-09-09 10:18:00+05:30,5162.9,5163.75,5158.15,5158.15,749,
2024-09-09 10:19:00+05:30,5163.3,5164,5158.55,5162.9,2248,
2024-09-09 10:20:00+05:30,5162.9,5172.3,5161.75,5172.3,1576,
2024-09-09 10:21:00+05:30,5172.3,5173,5165.35,5167.3,215,
2024-09-09 10:22:00+05:30,5167.3,5170.6,5165,5169.65,443,
2024-09-09 10:23:00+05:30,5169.65,5173,5169.3,5172,1096,
2024-09-09 10:24:00+05:30,5170.25,5180,5170.25,5178.45,2474,
2024-09-09 10:25:00+05:30,5180,5182.6,5176,5178.7,1609,
2024-09-09 10:26:00+05:30,5178.7,5178.8,5168.8,5170.6,322,
2024-09-09 10:27:00+05:30,5170.6,5173.7,5170.05,5170.7,96,
2024-09-09 10:28:00+05:30,5170,5177.45,5170,5177.45,450,
2024-09-09 10:29:00+05:30,5175.2,5186,5174.7,5185,2743,
2024-09-09 10:30:00+05:30,5185.3,5194.3,5183.2,5185.65,3576,
2024-09-09 10:31:00+05:30,5185.65,5185.65,5178.05,5183.65,479,
2024-09-09 10:32:00+05:30,5183.65,5186.9,5178,5183.6,1366,
2024-09-09 10:33:00+05:30,5183.6,5183.6,5170.2,5177.45,1182,
2024-09-09 10:34:00+05:30,5177.45,5177.45,5172.55,5174,162,
2024-09-09 10:35:00+05:30,5173.95,5175,5170.15,5172.4,913,
2024-09-09 10:36:00+05:30,5172.4,5178.55,5170,5178.25,722,
2024-09-09 10:37:00+05:30,5176.7,5178.85,5174.4,5177.85,302,
2024-09-09 10:38:00+05:30,5175.25,5181,5175.05,5181,184,
2024-09-09 10:39:00+05:30,5181,5182.55,5175.7,5176.85,594,
2024-09-09 10:40:00+05:30,5176.85,5180,5176.05,5180,246,
2024-09-09 10:41:00+05:30,5179.7,5182,5177,5182,74,
2024-09-09 10:42:00+05:30,5182,5182,5178.5,5179.7,274,
2024-09-09 10:43:00+05:30,5179.7,5185,5179.3,5182.15,537,
2024-09-09 10:44:00+05:30,5184.55,5184.55,5180.65,5183.75,286,
2024-09-09 10:45:00+05:30,5183.75,5183.75,5181,5182.95,187,
2024-09-09 10:46:00+05:30,5181.55,5183,5175,5179.65,804,
2024-09-09 10:47:00+05:30,5176.8,5180,5175.95,5176.85,296,
2024-09-09 10:48:00+05:30,5176.85,5179.8,5169,5170,989,
2024-09-09 10:49:00+05:30,5169,5173.3,5169,5173.3,687,
2024-09-09 10:50:00+05:30,5171.4,5173.95,5170.8,5172.4,221,
2024-09-09 10:51:00+05:30,5171.25,5176.5,5171.25,5176.5,284,
2024-09-09 10:52:00+05:30,5175,5177,5174,5176,151,
2024-09-09 10:53:00+05:30,5175,5179,5175,5175,467,
2024-09-09 10:54:00+05:30,5175,5175.4,5164.5,5166.75,792,
2024-09-09 10:55:00+05:30,5167.9,5172,5166.45,5170.25,613,
2024-09-09 10:56:00+05:30,5170.25,5173,5168.5,5171.25,378,
2024-09-09 10:57:00+05:30,5171.25,5174,5171.25,5172,72,
2024-09-09 10:58:00+05:30,5172,5173,5167.05,5168.95,330,
2024-09-09 10:59:00+05:30,5168.95,5170.3,5166.9,5168.75,216,
2024-09-09 11:00:00+05:30,5168.75,5171.45,5167,5171.45,356,
2024-09-09 11:01:00+05:30,5171.45,5173.5,5171,5173.5,153,
2024-09-09 11:02:00+05:30,5173.5,5173.5,5167.05,5168.6,194,
2024-09-09 11:03:00+05:30,5166.6,5167.45,5163.15,5166.15,855,
2024-09-09 11:04:00+05:30,5166.15,5166.55,5164.55,5165.7,92,
2024-09-09 11:05:00+05:30,5165.7,5175,5165.7,5172.5,1091,
2024-09-09 11:06:00+05:30,5172.5,5174.05,5168.85,5173.95,125,
2024-09-09 11:07:00+05:30,5173.95,5175,5169.05,5172.6,555,
2024-09-09 11:08:00+05:30,5172.6,5174.1,5171,5173.9,208,
2024-09-09 11:09:00+05:30,5173.9,5174.8,5168,5174.8,154,
2024-09-09 11:10:00+05:30,5173.25,5177.8,5170.5,5173.9,1450,
2024-09-09 11:11:00+05:30,5173.9,5175.95,5172.85,5172.85,185,
2024-09-09 11:12:00+05:30,5172.85,5176,5170.5,5172.65,461,
2024-09-09 11:13:00+05:30,5172.8,5177.95,5171.35,5175,1114,
2024-09-09 11:14:00+05:30,5175,5175,5170.85,5174.9,336,
2024-09-09 11:15:00+05:30,5174.9,5175,5170,5170,195,
2024-09-09 11:16:00+05:30,5170,5174.5,5170,5172.3,23,
2024-09-09 11:17:00+05:30,5172.3,5174.45,5171.5,5172,88,
2024-09-09 11:18:00+05:30,5172,5174.9,5171.5,5172.65,449,
2024-09-09 11:19:00+05:30,5172.65,5173.75,5169.25,5170.35,55,
2024-09-09 11:20:00+05:30,5170.35,5171.7,5169,5171.7,465,
2024-09-09 11:21:00+05:30,5171.7,5172.8,5169.75,5170.9,69,
2024-09-09 11:22:00+05:30,5170.9,5172.8,5169.8,5171.75,253,
2024-09-09 11:23:00+05:30,5171.75,5172.55,5169.6,5172.55,252,
2024-09-09 11:24:00+05:30,5172.55,5172.55,5168.3,5171.65,922,
2024-09-09 11:25:00+05:30,5173,5173.25,5169.6,5171.3,119,
2024-09-09 11:26:00+05:30,5171.3,5173,5170.25,5173,133,
2024-09-09 11:27:00+05:30,5173,5174,5171.9,5173.1,179,
2024-09-09 11:28:00+05:30,5173.1,5174.9,5171.6,5174.75,104,
2024-09-09 11:29:00+05:30,5174.75,5174.85,5170.7,5172.15,80,
2024-09-09 11:30:00+05:30,5172.15,5173.15,5167,5169.2,446,
2024-09-09 11:31:00+05:30,5169.2,5169.25,5166.55,5166.55,215,
2024-09-09 11:32:00+05:30,5166.55,5176.25,5166.55,5175.6,3020,
2024-09-09 11:33:00+05:30,5175.6,5176,5172.15,5173.2,308,
2024-09-09 11:34:00+05:30,5173.2,5174.7,5173.2,5174.45,22,
2024-09-09 11:35:00+05:30,5174.45,5176.1,5171.6,5174.3,299,
2024-09-09 11:36:00+05:30,5173.1,5175.6,5171.85,5173.95,65,
2024-09-09 11:37:00+05:30,5173.95,5174.55,5170.05,5174.55,115,
2024-09-09 11:38:00+05:30,5174.55,5174.9,5171.4,5172.2,139,
2024-09-09 11:39:00+05:30,5172.2,5173.8,5170.1,5172.45,63,
2024-09-09 11:40:00+05:30,5172.8,5175.1,5172.8,5174.7,62,
2024-09-09 11:41:00+05:30,5174.7,5175,5172.9,5174.15,132,
2024-09-09 11:42:00+05:30,5174.15,5175,5173.2,5174.15,144,
2024-09-09 11:43:00+05:30,5174.15,5175.45,5170.5,5174.1,512,
2024-09-09 11:44:00+05:30,5174.1,5174.5,5171.35,5172.1,69,
2024-09-09 11:45:00+05:30,5172.1,5174.85,5170.65,5172.3,37,
2024-09-09 11:46:00+05:30,5172.25,5177,5172.25,5172.9,373,
2024-09-09 11:47:00+05:30,5175,5176.15,5172.7,5176.15,123,
2024-09-09 11:48:00+05:30,5173.2,5176.5,5172.7,5176,476,
2024-09-09 11:49:00+05:30,5176,5177,5173.65,5173.75,492,
2024-09-09 11:50:00+05:30,5173.75,5174.25,5170.05,5170.55,833,
2024-09-09 11:51:00+05:30,5170.55,5171.5,5167.5,5168.15,429,
2024-09-09 11:52:00+05:30,5168.75,5170.75,5168.1,5168.65,128,
2024-09-09 11:53:00+05:30,5169.25,5171.25,5168.15,5169.85,150,
2024-09-09 11:54:00+05:30,5169.85,5172,5169.85,5172,26,
2024-09-09 11:55:00+05:30,5172,5172.05,5170.9,5171.25,33,
2024-09-09 11:56:00+05:30,5170.1,5171.25,5170.05,5170.05,19,
2024-09-09 11:57:00+05:30,5170.05,5171.25,5170,5170.05,132,
2024-09-09 11:58:00+05:30,5170.05,5170.05,5166.25,5166.25,317,
2024-09-09 11:59:00+05:30,5166.25,5167.5,5155.05,5160,2760,
2024-09-09 12:00:00+05:30,5162.6,5162.9,5157.35,5162,940,
2024-09-09 12:01:00+05:30,5162,5163.85,5160,5160,376,
2024-09-09 12:02:00+05:30,5160,5163,5160,5163,162,
2024-09-09 12:03:00+05:30,5163,5163,5160,5160.85,116,
2024-09-09 12:04:00+05:30,5160.85,5161.3,5156.75,5161.3,1352,
2024-09-09 12:05:00+05:30,5161.3,5162.7,5160.75,5162.4,157,
2024-09-09 12:06:00+05:30,5162.4,5162.4,5160.8,5161,66,
2024-09-09 12:07:00+05:30,5161,5161,5159.8,5161,474,
2024-09-09 12:08:00+05:30,5161,5161,5160,5160,113,
2024-09-09 12:09:00+05:30,5160,5160.5,5160,5160,259,
2024-09-09 12:10:00+05:30,5160,5166.15,5158,5165.5,1683,
2024-09-09 12:11:00+05:30,5165.5,5171.9,5164.3,5171.2,1377,
2024-09-09 12:12:00+05:30,5168.1,5169.45,5164.9,5169.05,80,
2024-09-09 12:13:00+05:30,5169.05,5170.95,5165,5165,61,
2024-09-09 12:14:00+05:30,5165,5168.35,5165,5166.45,67,
2024-09-09 12:15:00+05:30,5166.45,5166.45,5160.05,5160.05,171,
2024-09-09 12:16:00+05:30,5160.05,5163.35,5160,5160.9,126,
2024-09-09 12:17:00+05:30,5160.9,5162.45,5160,5160.9,106,
2024-09-09 12:18:00+05:30,5160.9,5163.95,5160,5162.2,159,
2024-09-09 12:19:00+05:30,5162.4,5165,5162.35,5164.25,1072,
2024-09-09 12:20:00+05:30,5164.25,5164.25,5162.5,5163.95,95,
2024-09-09 12:21:00+05:30,5163,5167,5163,5166.6,1292,
2024-09-09 12:22:00+05:30,5166.6,5167,5162.7,5164.1,417,
2024-09-09 12:23:00+05:30,5164.85,5166,5162.55,5163.8,340,
2024-09-09 12:24:00+05:30,5163.8,5164.5,5163,5163.6,113,
2024-09-09 12:25:00+05:30,5163.6,5163.85,5161.7,5162.65,173,
2024-09-09 12:26:00+05:30,5162.65,5165.95,5162,5165.7,58,
2024-09-09 12:27:00+05:30,5165.7,5165.7,5163.05,5164.4,642,
2024-09-09 12:28:00+05:30,5164.4,5165,5162.85,5162.85,83,
2024-09-09 12:29:00+05:30,5162.85,5162.85,5158,5161.35,281,
2024-09-09 12:30:00+05:30,5161.15,5163.65,5158.6,5163.65,342,
2024-09-09 12:31:00+05:30,5163.65,5165,5163.3,5163.9,98,
2024-09-09 12:32:00+05:30,5163.9,5166.3,5163.9,5166.3,213,
2024-09-09 12:33:00+05:30,5166.3,5167,5165,5166.25,103,
2024-09-09 12:34:00+05:30,5166.25,5166.95,5163.6,5165.8,95,
2024-09-09 12:35:00+05:30,5165.8,5167.05,5165.2,5165.2,89,
2024-09-09 12:36:00+05:30,5163.55,5165.2,5161.6,5162.3,77,
2024-09-09 12:37:00+05:30,5162.3,5164.95,5160.3,5164.7,223,
2024-09-09 12:38:00+05:30,5164.7,5165.9,5163,5164.45,107,
2024-09-09 12:39:00+05:30,5163.05,5164.9,5162.35,5163.75,332,
2024-09-09 12:40:00+05:30,5163.75,5165.25,5160.5,5162.15,165,
2024-09-09 12:41:00+05:30,5162.15,5164.2,5161.15,5162,127,
2024-09-09 12:42:00+05:30,5162,5164.25,5160.3,5161.3,278,
2024-09-09 12:43:00+05:30,5161.3,5161.35,5160,5161,184,
2024-09-09 12:44:00+05:30,5161,5162.9,5160.1,5161.2,216,
2024-09-09 12:45:00+05:30,5161.2,5166.2,5161.2,5165.25,300,
2024-09-09 12:46:00+05:30,5165.25,5167.45,5162.85,5166.3,416,
2024-09-09 12:47:00+05:30,5166.3,5166.55,5164.75,5166.05,218,
2024-09-09 12:48:00+05:30,5166.05,5167.3,5164.95,5164.95,413,
2024-09-09 12:49:00+05:30,5164.9,5168.45,5164.9,5167.15,461,
2024-09-09 12:50:00+05:30,5167.15,5168.95,5164.7,5165,658,
2024-09-09 12:51:00+05:30,5167.25,5172.45,5165,5166.55,3774,
2024-09-09 12:52:00+05:30,5166.55,5175,5165.1,5174.5,1636,
2024-09-09 12:53:00+05:30,5174.5,5174.5,5171.4,5172,89,
2024-09-09 12:54:00+05:30,5171.8,5173.05,5168.7,5173.05,382,
2024-09-09 12:55:00+05:30,5173.05,5173.25,5170,5170,351,
2024-09-09 12:56:00+05:30,5170,5171,5167.75,5167.85,56,
2024-09-09 12:57:00+05:30,5167.85,5168.45,5165.8,5167.45,99,
2024-09-09 12:58:00+05:30,5167.45,5170,5167.45,5170,742,
2024-09-09 12:59:00+05:30,5170,5170,5169.35,5169.85,202,
2024-09-09 13:00:00+05:30,5169.85,5170.4,5168.45,5169.1,526,
2024-09-09 13:01:00+05:30,5169.1,5170,5167.5,5167.55,92,
2024-09-09 13:02:00+05:30,5167.55,5168,5166.3,5167.5,204,
2024-09-09 13:03:00+05:30,5167.5,5168,5166.4,5166.4,135,
2024-09-09 13:04:00+05:30,5166.4,5167,5164.15,5164.2,132,
2024-09-09 13:05:00+05:30,5164.2,5168,5164,5165.85,133,
2024-09-09 13:06:00+05:30,5165.85,5168,5165.65,5165.65,137,
2024-09-09 13:07:00+05:30,5165,5167.85,5162.4,5165.4,203,
2024-09-09 13:08:00+05:30,5165.4,5168,5165.4,5167.1,154,
2024-09-09 13:09:00+05:30,5167.1,5169,5166.65,5166.7,489,
2024-09-09 13:10:00+05:30,5166.7,5169,5166.3,5166.8,214,
2024-09-09 13:11:00+05:30,5166.8,5168,5166.8,5167.5,115,
2024-09-09 13:12:00+05:30,5167.5,5168,5166.1,5166.65,102,
2024-09-09 13:13:00+05:30,5166.65,5168,5166.05,5166.45,83,
2024-09-09 13:14:00+05:30,5166.45,5173.8,5166.4,5172.2,2438,
2024-09-09 13:15:00+05:30,5173.65,5174.35,5171.4,5171.45,963,
2024-09-09 13:16:00+05:30,5171.45,5175,5170.9,5172.5,389,
2024-09-09 13:17:00+05:30,5172.5,5175.6,5167.75,5174.3,4247,
2024-09-09 13:18:00+05:30,5175,5179.95,5174.65,5177.1,497,
2024-09-09 13:19:00+05:30,5178.6,5179.85,5176.3,5177.8,258,
2024-09-09 13:20:00+05:30,5177.8,5179.1,5170,5170.5,1580,
2024-09-09 13:21:00+05:30,5170.5,5170.9,5165.65,5166.9,172,
2024-09-09 13:22:00+05:30,5166.9,5167.25,5165.1,5165.6,92,
2024-09-09 13:23:00+05:30,5165.6,5168.3,5165.1,5166.2,186,
2024-09-09 13:24:00+05:30,5166.2,5166.25,5165,5165,220,
2024-09-09 13:25:00+05:30,5165,5166.6,5161.3,5161.3,353,
2024-09-09 13:26:00+05:30,5161.3,5168.35,5161.15,5164.95,237,
2024-09-09 13:27:00+05:30,5164.9,5168,5163,5165,1341,
2024-09-09 13:28:00+05:30,5165,5165,5161.1,5161.1,147,
2024-09-09 13:29:00+05:30,5161.1,5164.05,5161.1,5161.7,258,
2024-09-09 13:30:00+05:30,5161.7,5164.55,5161.5,5163.55,88,
2024-09-09 13:31:00+05:30,5163.55,5166.2,5161.1,5165.45,758,
2024-09-09 13:32:00+05:30,5164.35,5164.55,5164,5164.1,54,
2024-09-09 13:33:00+05:30,5164,5166.3,5162.3,5164.25,429,
2024-09-09 13:34:00+05:30,5164.25,5164.25,5161,5161,127,
2024-09-09 13:35:00+05:30,5162.15,5162.9,5160.55,5160.75,179,
2024-09-09 13:36:00+05:30,5162.85,5162.85,5161.25,5161.25,102,
2024-09-09 13:37:00+05:30,5161.25,5162.35,5160.05,5160.1,175,
2024-09-09 13:38:00+05:30,5158.75,5162.05,5158.75,5160,282,
2024-09-09 13:39:00+05:30,5160,5161.3,5160,5160.1,230,
2024-09-09 13:40:00+05:30,5160.1,5161.7,5160,5160,159,
2024-09-09 13:41:00+05:30,5160,5163,5160,5160.2,536,
2024-09-09 13:42:00+05:30,5160.2,5163,5160.2,5161.7,199,
2024-09-09 13:43:00+05:30,5161.7,5162.2,5159.3,5160.8,639,
2024-09-09 13:44:00+05:30,5160.8,5162.6,5158.65,5160,284,
2024-09-09 13:45:00+05:30,5160,5160.55,5157.95,5160.05,444,
2024-09-09 13:46:00+05:30,5160.05,5162,5160,5160,265,
2024-09-09 13:47:00+05:30,5160,5162.3,5160,5162.3,97,
2024-09-09 13:48:00+05:30,5162.3,5162.3,5158,5160,1451,
2024-09-09 13:49:00+05:30,5160,5161.15,5159.95,5160.15,490,
2024-09-09 13:50:00+05:30,5160.15,5162.25,5158.1,5160.15,266,
2024-09-09 13:51:00+05:30,5160.15,5160.15,5157.4,5160.05,446,
2024-09-09 13:52:00+05:30,5160.05,5161.65,5157.15,5160,571,
2024-09-09 13:53:00+05:30,5160,5167.3,5160,5165.4,4055,
2024-09-09 13:54:00+05:30,5165.4,5165.4,5160.7,5162.6,106,
2024-09-09 13:55:00+05:30,5162.6,5170,5160.9,5164.25,1519,
2024-09-09 13:56:00+05:30,5164.25,5164.7,5160.55,5162.95,102,
2024-09-09 13:57:00+05:30,5163.15,5164.9,5160,5160,171,
2024-09-09 13:58:00+05:30,5160.7,5163.75,5160,5160.4,254,
2024-09-09 13:59:00+05:30,5161.1,5163.85,5160.05,5161.35,118,
2024-09-09 14:00:00+05:30,5161.35,5163.85,5161.25,5163.1,170,
2024-09-09 14:01:00+05:30,5163.1,5165.4,5162.15,5165.4,108,
2024-09-09 14:02:00+05:30,5165.1,5168,5163.95,5166.1,254,
2024-09-09 14:03:00+05:30,5166.1,5168,5164.7,5164.7,131,
2024-09-09 14:04:00+05:30,5164.7,5166.75,5163.05,5165.2,359,
2024-09-09 14:05:00+05:30,5165.2,5170.2,5165.2,5167.45,291,
2024-09-09 14:06:00+05:30,5167.45,5167.45,5165,5165.25,114,
2024-09-09 14:07:00+05:30,5165.25,5168.5,5163.9,5164.1,420,
2024-09-09 14:08:00+05:30,5164.1,5165,5160,5164.35,193,
2024-09-09 14:09:00+05:30,5164.35,5164.35,5160,5160,437,
2024-09-09 14:10:00+05:30,5160,5164.05,5160,5160.1,136,
2024-09-09 14:11:00+05:30,5160.1,5164.7,5160,5162.35,205,
2024-09-09 14:12:00+05:30,5162.35,5164.3,5160.55,5162.1,76,
2024-09-09 14:13:00+05:30,5162.1,5164.75,5161.05,5164.75,136,
2024-09-09 14:14:00+05:30,5164.75,5164.75,5161,5161,131,
2024-09-09 14:15:00+05:30,5161,5165,5161,5162.95,268,
2024-09-09 14:16:00+05:30,5162.95,5164,5161.05,5161.1,85,
2024-09-09 14:17:00+05:30,5161.1,5163.9,5161,5163.75,306,
2024-09-09 14:18:00+05:30,5163.75,5163.75,5160,5162.95,130,
2024-09-09 14:19:00+05:30,5161.15,5162.95,5160.25,5162.1,86,
2024-09-09 14:20:00+05:30,5162,5163.85,5160.2,5162.8,254,
2024-09-09 14:21:00+05:30,5162.8,5163,5157.1,5162.8,1277,
2024-09-09 14:22:00+05:30,5162.8,5162.8,5159.45,5161.2,272,
2024-09-09 14:23:00+05:30,5161.2,5161.2,5158.05,5160,283,
2024-09-09 14:24:00+05:30,5160,5162.35,5158.25,5160,239,
2024-09-09 14:25:00+05:30,5161.25,5162.25,5159.3,5160.05,390,
2024-09-09 14:26:00+05:30,5160.05,5162.2,5160,5160.3,212,
2024-09-09 14:27:00+05:30,5160.3,5160.3,5160,5160.05,258,
2024-09-09 14:28:00+05:30,5158.4,5160.1,5158.25,5160,149,
2024-09-09 14:29:00+05:30,5160,5160.05,5154.95,5160.05,3077,
2024-09-09 14:30:00+05:30,5160.05,5162.75,5155.15,5161.3,1637,
2024-09-09 14:31:00+05:30,5161.3,5163.05,5160.5,5163.05,190,
2024-09-09 14:32:00+05:30,5163.05,5168.95,5162.6,5168.95,561,
2024-09-09 14:33:00+05:30,5168.95,5172.95,5165.2,5165.2,661,
2024-09-09 14:34:00+05:30,5165.2,5165.9,5160.6,5160.65,222,
2024-09-09 14:35:00+05:30,5160.65,5164.6,5160.55,5162.2,164,
2024-09-09 14:36:00+05:30,5162.2,5165,5162.2,5163.7,253,
2024-09-09 14:37:00+05:30,5163.7,5165.6,5160.9,5165.6,425,
2024-09-09 14:38:00+05:30,5165.6,5169.2,5164.4,5165.25,165,
2024-09-09 14:39:00+05:30,5165.25,5166.95,5164.15,5165,1325,
2024-09-09 14:40:00+05:30,5165,5167,5161.1,5165.9,1374,
2024-09-09 14:41:00+05:30,5165.9,5170,5165.4,5169.35,1307,
2024-09-09 14:42:00+05:30,5169.35,5173,5169.35,5172.05,702,
2024-09-09 14:43:00+05:30,5172.05,5173,5166.7,5168.95,833,
2024-09-09 14:44:00+05:30,5170,5171.95,5168.95,5170,85,
2024-09-09 14:45:00+05:30,5170,5172.75,5170,5170.05,211,
2024-09-09 14:46:00+05:30,5170.05,5170.05,5166.75,5168.9,474,
2024-09-09 14:47:00+05:30,5168.9,5170.45,5168.9,5169.8,533,
2024-09-09 14:48:00+05:30,5169.8,5171.55,5169.3,5170,334,
2024-09-09 14:49:00+05:30,5171.3,5171.55,5166.35,5169.55,310,
2024-09-09 14:50:00+05:30,5169.55,5171.5,5169.55,5171.5,421,
2024-09-09 14:51:00+05:30,5171.5,5171.5,5170,5170,104,
2024-09-09 14:52:00+05:30,5170.05,5170.35,5166.95,5170,849,
2024-09-09 14:53:00+05:30,5170,5170.35,5168.55,5170.2,377,
2024-09-09 14:54:00+05:30,5170.2,5170.35,5169.5,5170.3,592,
2024-09-09 14:55:00+05:30,5170.3,5172.05,5169.8,5172.05,492,
2024-09-09 14:56:00+05:30,5171.45,5172.85,5169.7,5169.7,309,
2024-09-09 14:57:00+05:30,5169.7,5172.05,5169.55,5171,133,
2024-09-09 14:58:00+05:30,5169.75,5171,5169.5,5171,1277,
2024-09-09 14:59:00+05:30,5171,5171,5169.5,5170.75,248,
2024-09-09 15:00:00+05:30,5169.95,5172.15,5169.5,5172,3395,
2024-09-09 15:01:00+05:30,5171,5171.95,5169.55,5169.9,1391,
2024-09-09 15:02:00+05:30,5169.95,5171.2,5169.45,5170.85,1554,
2024-09-09 15:03:00+05:30,5170.85,5171.5,5168.7,5168.7,2200,
2024-09-09 15:04:00+05:30,5167.7,5170.65,5166,5170.65,4102,
2024-09-09 15:05:00+05:30,5170.65,5171.45,5167.65,5170,1983,
2024-09-09 15:06:00+05:30,5171,5172.95,5168.65,5169.5,1555,
2024-09-09 15:07:00+05:30,5170,5172.65,5169.5,5170,2109,
2024-09-09 15:08:00+05:30,5170,5173,5170,5171.7,2846,
2024-09-09 15:09:00+05:30,5171.7,5175,5170.95,5174.5,3714,
2024-09-09 15:10:00+05:30,5174.5,5175,5174.5,5174.6,1253,
2024-09-09 15:11:00+05:30,5174.6,5174.75,5174.6,5174.65,1632,
2024-09-09 15:12:00+05:30,5174.6,5174.65,5173,5173.25,2350,
2024-09-09 15:13:00+05:30,5173.2,5173.8,5171.95,5173.8,1597,
2024-09-09 15:14:00+05:30,5173.8,5176,5173.8,5175.65,2264,
2024-09-09 15:15:00+05:30,5175.65,5177,5174.55,5177,2645,
2024-09-09 15:16:00+05:30,5177,5177,5176.1,5176.95,1886,
2024-09-09 15:17:00+05:30,5176.55,5177,5176.45,5176.6,1880,
2024-09-09 15:18:00+05:30,5176.6,5179.9,5176.6,5179.9,2175,
2024-09-09 15:19:00+05:30,5179.9,5179.95,5175.05,5175.5,3684,
2024-09-09 15:20:00+05:30,5175.5,5178.7,5172.6,5175.2,4016,
2024-09-09 15:21:00+05:30,5176.85,5176.95,5167.05,5169.55,2419,
2024-09-09 15:22:00+05:30,5169.45,5173,5169.45,5170.95,1316,
2024-09-09 15:23:00+05:30,5170.75,5173.5,5170.75,5173.2,2165,
2024-09-09 15:24:00+05:30,5173.25,5176.25,5170.7,5170.8,2775,
2024-09-09 15:25:00+05:30,5170.75,5175.3,5170.65,5170.65,1855,
2024-09-09 15:26:00+05:30,5170.65,5177,5170.65,5176,2053,
2024-09-09 15:27:00+05:30,5176,5178,5171.55,5173.35,2520,
2024-09-09 15:28:00+05:30,5173.35,5177,5173,5176.95,1982,
2024-09-09 15:29:00+05:30,5177,5177,5169,5170,1603,
2024-09-10 09:15:00+05:30,5200.95,5240.95,5198,5230.05,10159,
2024-09-10 09:16:00+05:30,5229,5252.35,5226.8,5252.35,6360,
2024-09-10 09:17:00+05:30,5248.15,5268.75,5248.15,5250.1,17244,
2024-09-10 09:18:00+05:30,5248.4,5261.85,5248.4,5260,7536,
2024-09-10 09:19:00+05:30,5258.45,5266.95,5257.9,5261.95,5144,
2024-09-10 09:20:00+05:30,5258.7,5259.55,5250,5253.55,6094,
2024-09-10 09:21:00+05:30,5253.55,5262.5,5250,5256.8,6199,
2024-09-10 09:22:00+05:30,5256.8,5259.1,5250,5259.05,5080,
2024-09-10 09:23:00+05:30,5259.1,5260,5250.55,5256.55,5481,
2024-09-10 09:24:00+05:30,5261,5263,5250,5252,9344,
2024-09-10 09:25:00+05:30,5252.05,5262.5,5252.05,5257.45,4189,
2024-09-10 09:26:00+05:30,5260.85,5261.95,5253,5256.35,10015,
2024-09-10 09:27:00+05:30,5259.2,5282,5258.95,5282,19587,
2024-09-10 09:28:00+05:30,5276,5285.75,5270.3,5283.15,19141,
2024-09-10 09:29:00+05:30,5281.5,5290,5275,5284.3,17470,
2024-09-10 09:30:00+05:30,5284.3,5301,5280.9,5292.75,36086,
2024-09-10 09:31:00+05:30,5292.75,5296,5289.85,5294,9660,
2024-09-10 09:32:00+05:30,5292.15,5296.75,5286,5290.55,7427,
2024-09-10 09:33:00+05:30,5288,5294.05,5281.1,5287.4,6798,
2024-09-10 09:34:00+05:30,5287.4,5297,5287.4,5297,10472,
2024-09-10 09:35:00+05:30,5295,5297,5292,5293.65,4010,
2024-09-10 09:36:00+05:30,5295.55,5296.9,5287.5,5294.8,6095,
2024-09-10 09:37:00+05:30,5296.9,5299,5291.2,5291.2,8980,
2024-09-10 09:38:00+05:30,5291.05,5295.1,5290.3,5290.3,3026,
2024-09-10 09:39:00+05:30,5292.5,5298.15,5290.45,5298.15,3899,
2024-09-10 09:40:00+05:30,5296.55,5305.05,5293.95,5305.05,10088,
2024-09-10 09:41:00+05:30,5305.6,5309.45,5303,5307.8,10532,
2024-09-10 09:42:00+05:30,5307.3,5307.85,5296.9,5304.15,7124,
2024-09-10 09:43:00+05:30,5304.15,5305.95,5300.05,5300.6,4130,
2024-09-10 09:44:00+05:30,5300.6,5302.45,5290.55,5294,5649,
2024-09-10 09:45:00+05:30,5293.75,5299.05,5289.3,5296,7849,
2024-09-10 09:46:00+05:30,5296,5300,5290.55,5296,5405,
2024-09-10 09:47:00+05:30,5294.35,5305.15,5294.35,5303,5241,
2024-09-10 09:48:00+05:30,5303,5307.5,5301,5307.5,3583,
2024-09-10 09:49:00+05:30,5306.95,5307.5,5303.05,5304,3293,
2024-09-10 09:50:00+05:30,5306.75,5323.35,5302.75,5319.4,21436,
2024-09-10 09:51:00+05:30,5319.45,5322.35,5314.8,5318.45,8574,
2024-09-10 09:52:00+05:30,5318.1,5324.5,5317.3,5321.5,6391,
2024-09-10 09:53:00+05:30,5324,5324,5320,5322.25,4996,
2024-09-10 09:54:00+05:30,5320.4,5322.9,5310,5316.05,5529,
2024-09-10 09:55:00+05:30,5316.05,5326,5315.8,5325.55,7879,
2024-09-10 09:56:00+05:30,5324.5,5331.95,5323,5325.1,12911,
2024-09-10 09:57:00+05:30,5325.5,5328.2,5315.35,5318,5835,
2024-09-10 09:58:00+05:30,5318,5334.3,5318,5330.15,9007,
2024-09-10 09:59:00+05:30,5332.55,5334.55,5322.6,5334.55,6381,
2024-09-10 10:00:00+05:30,5332.95,5355,5330.7,5355,20602,
2024-09-10 10:01:00+05:30,5350.4,5355.8,5341.2,5342.65,14939,
2024-09-10 10:02:00+05:30,5344.6,5351.3,5340.05,5346.8,12206,
2024-09-10 10:03:00+05:30,5346.05,5358,5346,5354,19517,
2024-09-10 10:04:00+05:30,5352,5355.75,5350,5352.7,6460,
2024-09-10 10:05:00+05:30,5355,5365.15,5350.05,5361.2,15949,
2024-09-10 10:06:00+05:30,5360.1,5363.8,5355,5357.9,8336,
2024-09-10 10:07:00+05:30,5357.9,5367.8,5355,5355,14552,
2024-09-10 10:08:00+05:30,5356.55,5362.45,5347,5362.45,17852,
2024-09-10 10:09:00+05:30,5360,5363.95,5351.3,5354.95,17805,
2024-09-10 10:10:00+05:30,5356.05,5356.05,5344.25,5345.35,11529,
2024-09-10 10:11:00+05:30,5345.3,5347.15,5338,5338,10197,
2024-09-10 10:12:00+05:30,5340,5341.45,5336,5337.1,12333,
2024-09-10 10:13:00+05:30,5337.1,5339.7,5336,5339.2,7209,
2024-09-10 10:14:00+05:30,5339.2,5340.8,5336.75,5340,2939,
2024-09-10 10:15:00+05:30,5340,5340,5337,5338,2246,
2024-09-10 10:16:00+05:30,5338.9,5350.95,5330,5347.35,19807,
2024-09-10 10:17:00+05:30,5347.35,5349.9,5340,5340,10586,
2024-09-10 10:18:00+05:30,5340,5346.6,5338,5344.25,2997,
2024-09-10 10:19:00+05:30,5344.25,5362,5343.6,5358.35,8405,
2024-09-10 10:20:00+05:30,5362.25,5374,5360,5370,15817,
2024-09-10 10:21:00+05:30,5371.2,5372.45,5358.4,5361.85,7276,
2024-09-10 10:22:00+05:30,5361.85,5362,5352.1,5353.3,68500,
2024-09-10 10:23:00+05:30,5353.4,5355.55,5346.05,5351.2,5269,
2024-09-10 10:24:00+05:30,5351.2,5361.1,5351.15,5359.5,4649,
2024-09-10 10:25:00+05:30,5357.75,5376.95,5357.25,5364.25,17356,
2024-09-10 10:26:00+05:30,5363.75,5367,5361,5361.2,2168,
2024-09-10 10:27:00+05:30,5361.25,5365,5358.15,5361.45,3244,
2024-09-10 10:28:00+05:30,5360.7,5362.7,5351.2,5351.35,3186,
2024-09-10 10:29:00+05:30,5351.35,5357.75,5349.1,5354.75,9034,
2024-09-10 10:30:00+05:30,5355,5363.75,5355,5358,3354,
2024-09-10 10:31:00+05:30,5358,5361.15,5354.5,5355.3,2239,
2024-09-10 10:32:00+05:30,5356.05,5361.75,5355.35,5360.95,2897,
2024-09-10 10:33:00+05:30,5360.95,5361.2,5355,5358,1302,
2024-09-10 10:34:00+05:30,5358,5362.95,5355,5360.4,2795,
2024-09-10 10:35:00+05:30,5360.95,5362.15,5357.4,5362.15,3537,
2024-09-10 10:36:00+05:30,5358.75,5362,5353.2,5353.2,2708,
2024-09-10 10:37:00+05:30,5353.2,5358.2,5350,5350,3633,
2024-09-10 10:38:00+05:30,5352.2,5352.95,5346.05,5347.5,9079,
2024-09-10 10:39:00+05:30,5346.05,5353,5344.05,5350,13594,
2024-09-10 10:40:00+05:30,5351.45,5361.7,5350,5356.75,4421,
2024-09-10 10:41:00+05:30,5356.75,5359.8,5350,5350.5,3197,
2024-09-10 10:42:00+05:30,5350.5,5355,5348,5352.45,2284,
2024-09-10 10:43:00+05:30,5354.45,5355,5352,5352.3,1112,
2024-09-10 10:44:00+05:30,5352.3,5355,5351,5352.05,1037,
2024-09-10 10:45:00+05:30,5352.05,5353.45,5348.85,5350,2138,
2024-09-10 10:46:00+05:30,5350,5350,5343.75,5348.1,5027,
2024-09-10 10:47:00+05:30,5345.7,5354,5345.5,5352.95,3117,
2024-09-10 10:48:00+05:30,5352.95,5360,5350.4,5357.05,3872,
2024-09-10 10:49:00+05:30,5355,5360,5354,5359.45,3541,
2024-09-10 10:50:00+05:30,5359.45,5360,5356.2,5359,942,
2024-09-10 10:51:00+05:30,5359.45,5360,5356,5358.15,2927,
2024-09-10 10:52:00+05:30,5359.5,5362.55,5358.15,5360.4,5299,
2024-09-10 10:53:00+05:30,5360.4,5362,5357,5357.1,3677,
2024-09-10 10:54:00+05:30,5357.15,5360,5355,5357.95,1602,
2024-09-10 10:55:00+05:30,5355.65,5357.95,5353,5353,1893,
2024-09-10 10:56:00+05:30,5353,5357,5352,5353.85,3334,
2024-09-10 10:57:00+05:30,5355,5355,5348,5349,2876,
2024-09-10 10:58:00+05:30,5349,5351.6,5348,5348,5861,
2024-09-10 10:59:00+05:30,5348,5348.45,5343,5344.4,3572,
2024-09-10 11:00:00+05:30,5344.4,5350,5343,5349,3800,
2024-09-10 11:01:00+05:30,5349,5349.5,5343.1,5343.15,1688,
2024-09-10 11:02:00+05:30,5343.15,5345,5341.6,5344.2,3363,
2024-09-10 11:03:00+05:30,5343.7,5345,5341.75,5343.15,1247,
2024-09-10 11:04:00+05:30,5343.15,5352,5343.15,5350,1791,
2024-09-10 11:05:00+05:30,5350,5350,5344,5344,1523,
2024-09-10 11:06:00+05:30,5343.1,5347.5,5343.1,5347,1260,
2024-09-10 11:07:00+05:30,5347,5347.5,5344,5347.5,1835,
2024-09-10 11:08:00+05:30,5347.5,5350,5345.4,5349.75,1691,
2024-09-10 11:09:00+05:30,5349.75,5349.75,5345.25,5347.6,938,
2024-09-10 11:10:00+05:30,5347.6,5347.6,5343.1,5343.15,2227,
2024-09-10 11:11:00+05:30,5345.5,5347,5343,5346.8,1441,
2024-09-10 11:12:00+05:30,5346.8,5346.85,5343.9,5344.45,554,
2024-09-10 11:13:00+05:30,5344.45,5348,5344.45,5345.2,1837,
2024-09-10 11:14:00+05:30,5345.2,5348.75,5343.1,5344.8,1713,
2024-09-10 11:15:00+05:30,5344.8,5348.8,5344.8,5348.75,926,
2024-09-10 11:16:00+05:30,5348.75,5349,5347,5348.5,548,
2024-09-10 11:17:00+05:30,5348.5,5348.95,5340,5341.45,3793,
2024-09-10 11:18:00+05:30,5337.2,5344.75,5336.05,5344.75,3362,
2024-09-10 11:19:00+05:30,5344.75,5344.75,5339.6,5342.85,1310,
2024-09-10 11:20:00+05:30,5342.85,5343.5,5341.15,5342.25,560,
2024-09-10 11:21:00+05:30,5342.25,5342.8,5335.05,5337,1724,
2024-09-10 11:22:00+05:30,5336.9,5340,5332.25,5339,5453,
2024-09-10 11:23:00+05:30,5339,5340,5335,5337.25,636,
2024-09-10 11:24:00+05:30,5337.25,5338.95,5335.15,5336.95,1394,
2024-09-10 11:25:00+05:30,5335.8,5342.7,5335.8,5342.6,1900,
2024-09-10 11:26:00+05:30,5342.6,5342.65,5338,5341.15,422,
2024-09-10 11:27:00+05:30,5341.15,5342,5335,5336.45,4546,
2024-09-10 11:28:00+05:30,5336.45,5349,5336.45,5343.55,16346,
2024-09-10 11:29:00+05:30,5341.35,5348.85,5341,5348.85,1147,
2024-09-10 11:30:00+05:30,5348.85,5358,5347,5357.95,5921,
2024-09-10 11:31:00+05:30,5357.95,5358.95,5354,5356.35,1466,
2024-09-10 11:32:00+05:30,5356.35,5356.35,5350.6,5353.1,1299,
2024-09-10 11:33:00+05:30,5353.15,5354,5351.35,5353.3,812,
2024-09-10 11:34:00+05:30,5353.3,5354.2,5351.9,5352,1092,
2024-09-10 11:35:00+05:30,5353.45,5353.9,5350,5350.45,1622,
2024-09-10 11:36:00+05:30,5351,5352.5,5347.4,5348,841,
2024-09-10 11:37:00+05:30,5348,5351.95,5346.1,5351.95,2545,
2024-09-10 11:38:00+05:30,5351.45,5354,5348.45,5350.85,881,
2024-09-10 11:39:00+05:30,5348.55,5351.3,5347.7,5349.95,1361,
2024-09-10 11:40:00+05:30,5349.95,5352.8,5348,5352.4,1914,
2024-09-10 11:41:00+05:30,5350.4,5356.55,5350.25,5352.35,3022,
2024-09-10 11:42:00+05:30,5350.45,5352.35,5349.65,5351.05,409,
2024-09-10 11:43:00+05:30,5351.05,5354.65,5348.6,5353.2,898,
2024-09-10 11:44:00+05:30,5351.8,5353.8,5350.1,5352.55,826,
2024-09-10 11:45:00+05:30,5352.55,5353.55,5350,5352.25,1008,
2024-09-10 11:46:00+05:30,5350.4,5352.5,5350,5350.3,738,
2024-09-10 11:47:00+05:30,5350.3,5353.85,5350.1,5350.1,1370,
2024-09-10 11:48:00+05:30,5350.1,5351.95,5348.25,5350.7,1175,
2024-09-10 11:49:00+05:30,5348.95,5351.95,5347.9,5351,1646,
2024-09-10 11:50:00+05:30,5349.1,5354.6,5349.1,5354.6,701,
2024-09-10 11:51:00+05:30,5354.6,5355,5348.05,5352.9,1027,
2024-09-10 11:52:00+05:30,5351.25,5352.95,5346.05,5347.45,1298,
2024-09-10 11:53:00+05:30,5347.45,5349.55,5345.15,5346.2,1016,
2024-09-10 11:54:00+05:30,5346.2,5348.5,5345.15,5348,1281,
2024-09-10 11:55:00+05:30,5346.6,5347.95,5343.6,5344.85,978,
2024-09-10 11:56:00+05:30,5344.85,5348,5343.55,5345.9,1590,
2024-09-10 11:57:00+05:30,5347.8,5349.4,5345.4,5349.4,935,
2024-09-10 11:58:00+05:30,5349.45,5357.25,5349.45,5355,2752,
2024-09-10 11:59:00+05:30,5355.05,5355.05,5350.4,5353,765,
2024-09-10 12:00:00+05:30,5353,5355.05,5350,5355.05,824,
2024-09-10 12:01:00+05:30,5355.1,5360,5353.9,5359.2,2552,
2024-09-10 12:02:00+05:30,5357.55,5358.95,5348.35,5350.2,2550,
2024-09-10 12:03:00+05:30,5351.4,5357.4,5350.55,5353.35,576,
2024-09-10 12:04:00+05:30,5353.4,5353.4,5349.6,5351.95,2107,
2024-09-10 12:05:00+05:30,5351.95,5351.95,5349.15,5351,620,
2024-09-10 12:06:00+05:30,5349.6,5351,5348,5351,1137,
2024-09-10 12:07:00+05:30,5350.75,5352,5348.15,5350.9,1108,
2024-09-10 12:08:00+05:30,5350.85,5353.9,5349.05,5353.45,651,
2024-09-10 12:09:00+05:30,5353.45,5365.05,5351.05,5362,13914,
2024-09-10 12:10:00+05:30,5362,5367,5360.55,5367,1835,
2024-09-10 12:11:00+05:30,5365.15,5367,5363.05,5366.5,2528,
2024-09-10 12:12:00+05:30,5366.5,5366.5,5363.35,5364,944,
2024-09-10 12:13:00+05:30,5363.4,5368.45,5363,5365.3,5588,
2024-09-10 12:14:00+05:30,5367.9,5369.7,5365.7,5366.35,3371,
2024-09-10 12:15:00+05:30,5366.35,5374.05,5365.65,5371.35,6838,
2024-09-10 12:16:00+05:30,5371.45,5372.3,5366.25,5370,3506,
2024-09-10 12:17:00+05:30,5370,5371,5367.6,5370,817,
2024-09-10 12:18:00+05:30,5370,5370.3,5362,5367.55,1928,
2024-09-10 12:19:00+05:30,5365.1,5368.55,5364.4,5366.75,1707,
2024-09-10 12:20:00+05:30,5365.05,5368.05,5365,5368.05,644,
2024-09-10 12:21:00+05:30,5368.05,5368.05,5363.55,5366.95,1772,
2024-09-10 12:22:00+05:30,5364.6,5366.85,5360.15,5361.05,2875,
2024-09-10 12:23:00+05:30,5361.05,5370,5360.1,5367.1,2086,
2024-09-10 12:24:00+05:30,5365.05,5370,5365.05,5369,1022,
2024-09-10 12:25:00+05:30,5369,5370.3,5366,5368.35,1304,
2024-09-10 12:26:00+05:30,5366.7,5368.35,5366.5,5368.35,902,
2024-09-10 12:27:00+05:30,5367.2,5369.95,5367.05,5369.9,683,
2024-09-10 12:28:00+05:30,5369.2,5370,5367.8,5369.4,720,
2024-09-10 12:29:00+05:30,5369.45,5370,5367.3,5369.95,945,
2024-09-10 12:30:00+05:30,5368.3,5376.9,5368.25,5376.85,5880,
2024-09-10 12:31:00+05:30,5376.6,5385,5373.6,5379.2,11536,
2024-09-10 12:32:00+05:30,5379.1,5383.4,5377.85,5378,6490,
2024-09-10 12:33:00+05:30,5380.4,5386,5378.15,5382,5677,
2024-09-10 12:34:00+05:30,5382,5384.55,5377.85,5379.4,3961,
2024-09-10 12:35:00+05:30,5379.4,5383.25,5377.1,5382.5,2144,
2024-09-10 12:36:00+05:30,5382.5,5383,5379.95,5382.7,1254,
2024-09-10 12:37:00+05:30,5382.95,5382.95,5379,5381.05,1880,
2024-09-10 12:38:00+05:30,5379.2,5382.05,5379,5380.4,1870,
2024-09-10 12:39:00+05:30,5380.4,5382.1,5377.1,5380,1640,
2024-09-10 12:40:00+05:30,5378.5,5380,5373.45,5375.7,2972,
2024-09-10 12:41:00+05:30,5375.7,5379.95,5374.25,5376.35,4363,
2024-09-10 12:42:00+05:30,5376.4,5377,5374.05,5374.2,1346,
2024-09-10 12:43:00+05:30,5374.25,5382,5372.8,5381.5,4991,
2024-09-10 12:44:00+05:30,5380,5385,5380,5382.85,2356,
2024-09-10 12:45:00+05:30,5382.85,5384,5380.2,5382.95,1157,
2024-09-10 12:46:00+05:30,5382.95,5382.95,5378,5380.05,1509,
2024-09-10 12:47:00+05:30,5378.2,5381.95,5375.15,5380.4,2517,
2024-09-10 12:48:00+05:30,5382,5382,5377.65,5379.95,1052,
2024-09-10 12:49:00+05:30,5378.25,5381.95,5378,5380,1459,
2024-09-10 12:50:00+05:30,5380.45,5384,5380.45,5380.5,1176,
2024-09-10 12:51:00+05:30,5380.5,5384,5380.25,5384,2565,
2024-09-10 12:52:00+05:30,5383.65,5385,5380.55,5385,3716,
2024-09-10 12:53:00+05:30,5385,5386,5380.2,5382,1967,
2024-09-10 12:54:00+05:30,5382,5384.6,5380,5381.2,1094,
2024-09-10 12:55:00+05:30,5381.7,5386,5381.1,5384.05,1534,
2024-09-10 12:56:00+05:30,5384.1,5386,5382.45,5385.9,1197,
2024-09-10 12:57:00+05:30,5384.8,5386,5382.45,5383.75,1324,
2024-09-10 12:58:00+05:30,5383.8,5383.8,5377.8,5377.8,2498,
2024-09-10 12:59:00+05:30,5380.7,5381,5376.9,5380.05,5363,
2024-09-10 13:00:00+05:30,5380.05,5383.05,5380.05,5382,1595,
2024-09-10 13:01:00+05:30,5381.65,5382,5379,5381.9,810,
2024-09-10 13:02:00+05:30,5381,5382,5380.5,5380.5,724,
2024-09-10 13:03:00+05:30,5380.5,5382,5378.8,5381,1673,
2024-09-10 13:04:00+05:30,5379.05,5381.9,5379.05,5380,918,
2024-09-10 13:05:00+05:30,5380.05,5382.85,5380,5380.5,1889,
2024-09-10 13:06:00+05:30,5380.55,5381.9,5379.25,5381.85,1058,
2024-09-10 13:07:00+05:30,5381.9,5384.85,5380.3,5382.25,1705,
2024-09-10 13:08:00+05:30,5382.25,5382.25,5379,5380,1352,
2024-09-10 13:09:00+05:30,5378.95,5380.9,5378.35,5378.6,1962,
2024-09-10 13:10:00+05:30,5378.6,5381.35,5376.2,5378.7,2340,
2024-09-10 13:11:00+05:30,5378.7,5385,5378.7,5384.9,1939,
2024-09-10 13:12:00+05:30,5384.9,5385,5382.55,5383.4,1306,
2024-09-10 13:13:00+05:30,5383.4,5385,5381,5385,878,
2024-09-10 13:14:00+05:30,5384.95,5385,5382,5383.25,670,
2024-09-10 13:15:00+05:30,5382,5391,5382,5391,4899,
2024-09-10 13:16:00+05:30,5391,5392,5385,5387.5,3260,
2024-09-10 13:17:00+05:30,5386.85,5390.6,5386.6,5387.05,2466,
2024-09-10 13:18:00+05:30,5387.1,5387.75,5384.05,5384.4,2752,
2024-09-10 13:19:00+05:30,5385.1,5385.9,5382,5383,1322,
2024-09-10 13:20:00+05:30,5383,5384,5378.5,5378.55,3050,
2024-09-10 13:21:00+05:30,5378.55,5380.75,5378,5378.95,2068,
2024-09-10 13:22:00+05:30,5378.5,5379,5378.05,5378.6,1927,
2024-09-10 13:23:00+05:30,5378.15,5382,5378,5382,1073,
2024-09-10 13:24:00+05:30,5382,5382,5378,5379,1357,
2024-09-10 13:25:00+05:30,5379.05,5385,5379.05,5384.95,1640,
2024-09-10 13:26:00+05:30,5384.95,5385,5382,5384.35,897,
2024-09-10 13:27:00+05:30,5382,5384.5,5379.8,5380.15,1265,
2024-09-10 13:28:00+05:30,5380.15,5383.95,5379.9,5383.95,1770,
2024-09-10 13:29:00+05:30,5381.75,5383.8,5380.95,5382.6,762,
2024-09-10 13:30:00+05:30,5381.55,5384,5379.6,5383,1969,
2024-09-10 13:31:00+05:30,5381.25,5383.65,5377,5377.6,2887,
2024-09-10 13:32:00+05:30,5377.65,5381,5377.6,5379.95,1351,
2024-09-10 13:33:00+05:30,5379.95,5380.1,5378,5379,1454,
2024-09-10 13:34:00+05:30,5379.95,5379.95,5379,5379.1,1330,
2024-09-10 13:35:00+05:30,5379.05,5380,5375,5376,4125,
2024-09-10 13:36:00+05:30,5377.4,5383,5376,5382.45,4156,
2024-09-10 13:37:00+05:30,5380.35,5382.3,5377.9,5380.15,995,
2024-09-10 13:38:00+05:30,5380.15,5382,5377.95,5381.85,941,
2024-09-10 13:39:00+05:30,5381.85,5382,5379.7,5381.95,899,
2024-09-10 13:40:00+05:30,5382,5382.55,5380.25,5382.55,986,
2024-09-10 13:41:00+05:30,5382.3,5385,5382,5385,2178,
2024-09-10 13:42:00+05:30,5384.55,5385,5378.95,5383.35,1602,
2024-09-10 13:43:00+05:30,5383.35,5383.35,5379.5,5381.95,868,
2024-09-10 13:44:00+05:30,5380.7,5384.45,5380,5382,1318,
2024-09-10 13:45:00+05:30,5381.15,5384.95,5380.5,5380.5,918,
2024-09-10 13:46:00+05:30,5380.5,5383.4,5380,5381.8,1547,
2024-09-10 13:47:00+05:30,5380,5382.45,5378.7,5380.05,1290,
2024-09-10 13:48:00+05:30,5378.25,5380.55,5378.25,5379.25,1575,
2024-09-10 13:49:00+05:30,5379.25,5382.6,5377.65,5379.15,1844,
2024-09-10 13:50:00+05:30,5378.95,5381.05,5378.9,5378.9,1230,
2024-09-10 13:51:00+05:30,5378.9,5382.4,5378,5379.65,1935,
2024-09-10 13:52:00+05:30,5379.95,5382.7,5378.45,5382,1273,
2024-09-10 13:53:00+05:30,5382,5382.2,5379.5,5381.4,851,
2024-09-10 13:54:00+05:30,5380.05,5381.7,5379,5380.05,1167,
2024-09-10 13:55:00+05:30,5380,5382,5380,5381.75,1750,
2024-09-10 13:56:00+05:30,5381.75,5382.6,5380,5380.15,1263,
2024-09-10 13:57:00+05:30,5380.05,5383,5379.05,5382.3,1074,
2024-09-10 13:58:00+05:30,5382.3,5382.95,5378.95,5382.1,1397,
2024-09-10 13:59:00+05:30,5380,5383,5379.95,5380.8,938,
2024-09-10 14:00:00+05:30,5380.8,5382.15,5378.05,5378.05,1414,
2024-09-10 14:01:00+05:30,5376.1,5379.55,5372,5375,9494,
2024-09-10 14:02:00+05:30,5373.3,5375.75,5373,5374.85,1813,
2024-09-10 14:03:00+05:30,5374,5375,5373,5373.95,1689,
2024-09-10 14:04:00+05:30,5374,5374,5369.15,5370.4,6328,
2024-09-10 14:05:00+05:30,5370.4,5374,5369.4,5374,1925,
2024-09-10 14:06:00+05:30,5374,5374.7,5372.95,5373,1557,
2024-09-10 14:07:00+05:30,5373,5374.7,5371.45,5371.7,2153,
2024-09-10 14:08:00+05:30,5371.7,5376,5371.7,5374.3,1701,
2024-09-10 14:09:00+05:30,5374.3,5378.2,5373.9,5376.15,1850,
2024-09-10 14:10:00+05:30,5376.15,5379,5376.15,5379,920,
2024-09-10 14:11:00+05:30,5377,5380,5377,5380,769,
2024-09-10 14:12:00+05:30,5380,5380.1,5378,5379.95,1155,
2024-09-10 14:13:00+05:30,5380,5380.3,5377,5378.35,1524,
2024-09-10 14:14:00+05:30,5378.35,5380,5376,5376.6,1835,
2024-09-10 14:15:00+05:30,5376.6,5379.45,5375.4,5379,886,
2024-09-10 14:16:00+05:30,5379,5380.3,5375.75,5380,1830,
2024-09-10 14:17:00+05:30,5380,5380.2,5377.85,5380.2,865,
2024-09-10 14:18:00+05:30,5380,5382,5380,5381.95,1351,
2024-09-10 14:19:00+05:30,5381.95,5382,5378.55,5378.65,1551,
2024-09-10 14:20:00+05:30,5378.65,5384.25,5378.45,5383.5,3103,
2024-09-10 14:21:00+05:30,5384.25,5389,5382.9,5387.9,5141,
2024-09-10 14:22:00+05:30,5386.15,5388.85,5386,5386.9,1557,
2024-09-10 14:23:00+05:30,5387.35,5388.3,5386,5387.4,1348,
2024-09-10 14:24:00+05:30,5386.1,5389.1,5385.2,5388.8,2182,
2024-09-10 14:25:00+05:30,5388.8,5389,5385.5,5387,1800,
2024-09-10 14:26:00+05:30,5386.75,5388,5385.85,5387.95,1789,
2024-09-10 14:27:00+05:30,5388,5388.9,5388,5388.65,1246,
2024-09-10 14:28:00+05:30,5387,5388.1,5384,5385.05,1174,
2024-09-10 14:29:00+05:30,5385.05,5388.25,5384,5387.95,788,
2024-09-10 14:30:00+05:30,5387.95,5388.05,5385.45,5386,960,
2024-09-10 14:31:00+05:30,5386,5388.5,5382.05,5384.7,1908,
2024-09-10 14:32:00+05:30,5385.15,5387.85,5383.15,5384.1,1016,
2024-09-10 14:33:00+05:30,5384.1,5387.5,5384.05,5386.95,567,
2024-09-10 14:34:00+05:30,5386.95,5387.45,5383.15,5385,1061,
2024-09-10 14:35:00+05:30,5383.35,5385.7,5382.8,5383.1,1091,
2024-09-10 14:36:00+05:30,5385.2,5385.45,5382.2,5383.1,1507,
2024-09-10 14:37:00+05:30,5383,5385.8,5380.95,5385.45,1759,
2024-09-10 14:38:00+05:30,5385.45,5385.9,5382.55,5384.25,508,
2024-09-10 14:39:00+05:30,5384.25,5385,5380.05,5381.1,2126,
2024-09-10 14:40:00+05:30,5381.75,5383.65,5380.1,5380.6,451,
2024-09-10 14:41:00+05:30,5380.6,5384.05,5380.5,5383.55,935,
2024-09-10 14:42:00+05:30,5381.2,5385,5381.1,5381.7,1255,
2024-09-10 14:43:00+05:30,5381.75,5386,5381.75,5385,1869,
2024-09-10 14:44:00+05:30,5385,5387,5382.45,5385.1,1549,
2024-09-10 14:45:00+05:30,5387,5390,5385.1,5389.8,4139,
2024-09-10 14:46:00+05:30,5389.45,5397.35,5388.35,5393.65,8441,
2024-09-10 14:47:00+05:30,5393.65,5395,5391,5395,2140,
2024-09-10 14:48:00+05:30,5395,5395.75,5391.05,5394,3339,
2024-09-10 14:49:00+05:30,5392.05,5399,5392.05,5398.25,6459,
2024-09-10 14:50:00+05:30,5398,5410,5395.55,5407.45,13946,
2024-09-10 14:51:00+05:30,5409,5415,5405.05,5412.05,8396,
2024-09-10 14:52:00+05:30,5412.05,5414.9,5408,5408.15,3825,
2024-09-10 14:53:00+05:30,5409.65,5411.25,5403.05,5403.05,3597,
2024-09-10 14:54:00+05:30,5406.1,5409.85,5401.8,5408.3,5169,
2024-09-10 14:55:00+05:30,5408.3,5408.95,5405,5405.05,2923,
2024-09-10 14:56:00+05:30,5405.05,5407,5400.65,5405.8,3264,
2024-09-10 14:57:00+05:30,5402.15,5404.8,5400.9,5403,2512,
2024-09-10 14:58:00+05:30,5401,5406.35,5401,5403,3527,
2024-09-10 14:59:00+05:30,5403.3,5406,5403,5405.95,1833,
2024-09-10 15:00:00+05:30,5404.15,5405.9,5398.05,5398.05,7184,
2024-09-10 15:01:00+05:30,5399,5404.5,5396,5401.9,4153,
2024-09-10 15:02:00+05:30,5401.85,5405,5401,5401,2057,
2024-09-10 15:03:00+05:30,5401,5403.55,5401,5402.1,1803,
2024-09-10 15:04:00+05:30,5402,5407.9,5402,5407,3199,
2024-09-10 15:05:00+05:30,5406.5,5410,5406.15,5410,4674,
2024-09-10 15:06:00+05:30,5409,5411.6,5409,5411.4,4199,
2024-09-10 15:07:00+05:30,5411.4,5418,5411.4,5415.75,7456,
2024-09-10 15:08:00+05:30,5415,5424,5415,5420.65,10920,
2024-09-10 15:09:00+05:30,5420.65,5425,5416.5,5421.9,8923,
2024-09-10 15:10:00+05:30,5421.9,5425.1,5421.05,5422.65,10456,
2024-09-10 15:11:00+05:30,5422.95,5434.95,5422.5,5431.7,13237,
2024-09-10 15:12:00+05:30,5431.65,5431.95,5427.05,5429,7383,
2024-09-10 15:13:00+05:30,5428.6,5429.95,5425,5427.05,9149,
2024-09-10 15:14:00+05:30,5425,5428.9,5424,5428.9,8025,
2024-09-10 15:15:00+05:30,5427.75,5433.9,5427.75,5428.6,10411,
2024-09-10 15:16:00+05:30,5429.6,5435,5425.05,5425.05,9143,
2024-09-10 15:17:00+05:30,5425.05,5430,5424.1,5428.65,8683,
2024-09-10 15:18:00+05:30,5429.1,5438.95,5425.8,5435.75,17705,
2024-09-10 15:19:00+05:30,5435,5440,5433,5440,10149,
2024-09-10 15:20:00+05:30,5440,5445,5438.2,5442.95,15908,
2024-09-10 15:21:00+05:30,5442.95,5447.35,5440,5440.05,4219,
2024-09-10 15:22:00+05:30,5440.05,5441.95,5436.45,5439.05,4295,
2024-09-10 15:23:00+05:30,5439.05,5439.05,5427.5,5427.95,9321,
2024-09-10 15:24:00+05:30,5427.6,5432.5,5426.2,5432.5,9558,
2024-09-10 15:25:00+05:30,5430,5430.75,5425.6,5425.7,3690,
2024-09-10 15:26:00+05:30,5427,5431.25,5425.5,5427.1,3293,
2024-09-10 15:27:00+05:30,5427.1,5434,5423.25,5428.4,5179,
2024-09-10 15:28:00+05:30,5426.3,5430,5421.4,5426.85,4331,
2024-09-10 15:29:00+05:30,5427,5445,5425,5445,3524,
2024-09-11 09:15:00+05:30,5405,5414.8,5386.25,5413.9,11697,
2024-09-11 09:16:00+05:30,5411,5422.2,5408.35,5416.5,5144,
2024-09-11 09:17:00+05:30,5413.7,5416.2,5406.2,5412.15,3309,
2024-09-11 09:18:00+05:30,5412.15,5424.8,5410,5422.9,4132,
2024-09-11 09:19:00+05:30,5422.9,5433.3,5419.6,5428.8,5795,
2024-09-11 09:20:00+05:30,5426.85,5429.8,5417.65,5420.9,3216,
2024-09-11 09:21:00+05:30,5420.9,5420.9,5395.95,5401.9,4764,
2024-09-11 09:22:00+05:30,5401.9,5409.85,5400.6,5409,1915,
2024-09-11 09:23:00+05:30,5406,5419,5402,5415.35,3613,
2024-09-11 09:24:00+05:30,5415.35,5426.95,5405.6,5408.15,5116,
2024-09-11 09:25:00+05:30,5408,5411.55,5405,5411.55,1089,
2024-09-11 09:26:00+05:30,5411.55,5411.55,5399,5401.95,2573,
2024-09-11 09:27:00+05:30,5401.95,5408.85,5400,5403.5,1360,
2024-09-11 09:28:00+05:30,5403.5,5417.4,5401.55,5415.1,1824,
2024-09-11 09:29:00+05:30,5415.1,5422,5415.1,5417.05,1507,
2024-09-11 09:30:00+05:30,5417.05,5417.55,5407.2,5407.75,1547,
2024-09-11 09:31:00+05:30,5407.75,5417,5402.15,5413.1,4975,
2024-09-11 09:32:00+05:30,5413.1,5425.05,5411.25,5425.05,2168,
2024-09-11 09:33:00+05:30,5425.05,5433.8,5425,5427.5,3261,
2024-09-11 09:34:00+05:30,5427.5,5427.5,5416.25,5418.2,2734,
2024-09-11 09:35:00+05:30,5418.2,5420,5410,5418.3,2681,
2024-09-11 09:36:00+05:30,5418.3,5422.45,5415.65,5418.55,887,
2024-09-11 09:37:00+05:30,5418.55,5422.5,5415.55,5422,661,
2024-09-11 09:38:00+05:30,5422,5429.7,5421.6,5427.05,4050,
2024-09-11 09:39:00+05:30,5426.8,5426.8,5420.55,5422.8,734,
2024-09-11 09:40:00+05:30,5422,5425,5422,5424.75,354,
2024-09-11 09:41:00+05:30,5424.75,5428.7,5423,5426,1521,
2024-09-11 09:42:00+05:30,5425.55,5434.1,5423.45,5433,3070,
2024-09-11 09:43:00+05:30,5431.05,5440.1,5430.5,5439,3694,
2024-09-11 09:44:00+05:30,5440,5445,5438.1,5442.25,3264,
2024-09-11 09:45:00+05:30,5444,5444,5432.65,5432.65,2729,
2024-09-11 09:46:00+05:30,5432.65,5437,5430.05,5432,1395,
2024-09-11 09:47:00+05:30,5432,5432.45,5418.4,5422,3416,
2024-09-11 09:48:00+05:30,5423,5429.55,5420.6,5426.55,1584,
2024-09-11 09:49:00+05:30,5426.55,5428.7,5421.35,5425.7,1328,
2024-09-11 09:50:00+05:30,5422.8,5423.2,5418,5420.5,2651,
2024-09-11 09:51:00+05:30,5418.05,5419.85,5413.7,5414,1503,
2024-09-11 09:52:00+05:30,5414,5416.05,5411,5411,617,
2024-09-11 09:53:00+05:30,5412.85,5414.4,5406.7,5411.45,2856,
2024-09-11 09:54:00+05:30,5411.45,5414,5408.05,5409.05,1173,
2024-09-11 09:55:00+05:30,5409.05,5416.45,5409.05,5413.5,1580,
2024-09-11 09:56:00+05:30,5413.5,5415.7,5404.2,5408.2,2304,
2024-09-11 09:57:00+05:30,5408.2,5410,5405.4,5410,375,
2024-09-11 09:58:00+05:30,5413.35,5413.4,5404,5405.1,872,
2024-09-11 09:59:00+05:30,5404.85,5408.1,5400,5400,1411,
2024-09-11 10:00:00+05:30,5400,5406.05,5400,5402.55,2153,
2024-09-11 10:01:00+05:30,5405.8,5408.95,5403.2,5407.15,562,
2024-09-11 10:02:00+05:30,5409,5409.9,5401.8,5401.8,998,
2024-09-11 10:03:00+05:30,5405.85,5406.55,5401.05,5403.35,633,
2024-09-11 10:04:00+05:30,5401.3,5405.95,5398,5402.35,2908,
2024-09-11 10:05:00+05:30,5402.35,5404,5398.2,5402,1280,
2024-09-11 10:06:00+05:30,5402,5404,5397.7,5397.7,897,
2024-09-11 10:07:00+05:30,5397.7,5403.4,5396,5402,1273,
2024-09-11 10:08:00+05:30,5400.05,5400.1,5395,5397.05,536,
2024-09-11 10:09:00+05:30,5397.05,5401.95,5395.1,5397.35,1007,
2024-09-11 10:10:00+05:30,5397.85,5397.95,5395.15,5396,194,
2024-09-11 10:11:00+05:30,5396,5402,5395,5398,887,
2024-09-11 10:12:00+05:30,5399.85,5400.75,5397.3,5399.5,203,
2024-09-11 10:13:00+05:30,5399.5,5401,5396.75,5400.05,1407,
2024-09-11 10:14:00+05:30,5400.05,5402.9,5400,5402,460,
2024-09-11 10:15:00+05:30,5402,5404,5400,5400.75,1422,
2024-09-11 10:16:00+05:30,5400.75,5404,5400.05,5400.25,760,
2024-09-11 10:17:00+05:30,5403.05,5404,5401.55,5401.55,397,
2024-09-11 10:18:00+05:30,5401.55,5403.7,5396,5396,931,
2024-09-11 10:19:00+05:30,5396,5397.15,5392.85,5392.85,689,
2024-09-11 10:20:00+05:30,5392.85,5398.8,5382,5382,4493,
2024-09-11 10:21:00+05:30,5382.65,5387.85,5380.05,5387.05,3346,
2024-09-11 10:22:00+05:30,5387.05,5387.9,5383.7,5385,578,
2024-09-11 10:23:00+05:30,5385.95,5389.1,5381.85,5386.95,2504,
2024-09-11 10:24:00+05:30,5385,5386.15,5382.4,5385,1039,
2024-09-11 10:25:00+05:30,5383,5385,5381.75,5383.9,1294,
2024-09-11 10:26:00+05:30,5383.9,5385.75,5383,5385.75,647,
2024-09-11 10:27:00+05:30,5385.75,5388.2,5383.45,5387.6,495,
2024-09-11 10:28:00+05:30,5389.1,5394.6,5389.1,5391.45,1062,
2024-09-11 10:29:00+05:30,5391.45,5394.5,5390,5393.8,1543,
2024-09-11 10:30:00+05:30,5393.8,5398.25,5390,5391.85,2101,
2024-09-11 10:31:00+05:30,5391.85,5391.95,5385.05,5387,1404,
2024-09-11 10:32:00+05:30,5387,5393,5383.4,5393,2731,
2024-09-11 10:33:00+05:30,5393,5409,5391.3,5408.6,6659,
2024-09-11 10:34:00+05:30,5408.2,5411.55,5404.15,5405.05,1812,
2024-09-11 10:35:00+05:30,5405.05,5405.05,5400,5400,926,
2024-09-11 10:36:00+05:30,5400,5405.15,5400,5404.55,559,
2024-09-11 10:37:00+05:30,5404.55,5405.45,5400,5400,690,
2024-09-11 10:38:00+05:30,5400,5401.8,5400,5400.25,498,
2024-09-11 10:39:00+05:30,5400.25,5402.95,5400.2,5400.95,1002,
2024-09-11 10:40:00+05:30,5400.95,5401,5400,5401,1825,
2024-09-11 10:41:00+05:30,5401,5401,5400,5400.25,267,
2024-09-11 10:42:00+05:30,5400.25,5400.25,5397.55,5400.05,2934,
2024-09-11 10:43:00+05:30,5400.05,5401.65,5400,5401.45,858,
2024-09-11 10:44:00+05:30,5401.45,5402.85,5400,5400,356,
2024-09-11 10:45:00+05:30,5400,5404.7,5400,5401.65,914,
2024-09-11 10:46:00+05:30,5401.65,5404.2,5400,5404.2,383,
2024-09-11 10:47:00+05:30,5404.45,5404.45,5401.85,5403.9,111,
2024-09-11 10:48:00+05:30,5403.9,5404,5401.35,5403.55,535,
2024-09-11 10:49:00+05:30,5403.55,5403.55,5400.05,5401,309,
2024-09-11 10:50:00+05:30,5400.05,5400.45,5397.6,5397.6,7337,
2024-09-11 10:51:00+05:30,5397.6,5398.7,5394.6,5396.4,2618,
2024-09-11 10:52:00+05:30,5395,5403,5395,5401.7,3558,
2024-09-11 10:53:00+05:30,5401.7,5403.8,5400,5400.1,780,
2024-09-11 10:54:00+05:30,5400.1,5401.95,5398.4,5398.4,611,
2024-09-11 10:55:00+05:30,5398.4,5404,5398.4,5402.35,291,
2024-09-11 10:56:00+05:30,5402.8,5409.1,5401.6,5405.75,454,
2024-09-11 10:57:00+05:30,5407.1,5408.95,5403.75,5403.75,388,
2024-09-11 10:58:00+05:30,5403.75,5410.1,5403.75,5409.4,1025,
2024-09-11 10:59:00+05:30,5409.4,5413.95,5409.4,5410.25,929,
2024-09-11 11:00:00+05:30,5412.65,5412.85,5410.25,5412.65,394,
2024-09-11 11:01:00+05:30,5412.65,5414.6,5411,5412.45,301,
2024-09-11 11:02:00+05:30,5410.6,5415.95,5407.65,5415.1,1100,
2024-09-11 11:03:00+05:30,5413.2,5415.1,5413.1,5415.1,778,
2024-09-11 11:04:00+05:30,5415.1,5415.1,5411.4,5412,87,
2024-09-11 11:05:00+05:30,5412,5414,5411,5411,247,
2024-09-11 11:06:00+05:30,5411,5413.4,5411,5411,304,
2024-09-11 11:07:00+05:30,5412.65,5412.65,5409,5409,236,
2024-09-11 11:08:00+05:30,5410.3,5413,5409,5412.7,317,
2024-09-11 11:09:00+05:30,5412.7,5412.7,5409,5409,88,
2024-09-11 11:10:00+05:30,5409,5413.2,5409,5412.95,400,
2024-09-11 11:11:00+05:30,5412.95,5413,5410,5410,227,
2024-09-11 11:12:00+05:30,5411.4,5418.6,5411.4,5418.6,1895,
2024-09-11 11:13:00+05:30,5418.6,5421.8,5416.4,5419.45,1312,
2024-09-11 11:14:00+05:30,5419.45,5421.8,5419.1,5420.95,813,
2024-09-11 11:15:00+05:30,5420,5421,5415.6,5417.2,3255,
2024-09-11 11:16:00+05:30,5417.2,5420,5415,5420,8611,
2024-09-11 11:17:00+05:30,5420,5421,5420,5420.9,387,
2024-09-11 11:18:00+05:30,5420.9,5420.9,5416,5420.05,5659,
2024-09-11 11:19:00+05:30,5420.05,5420.05,5420,5420,615,
2024-09-11 11:20:00+05:30,5420,5420.05,5420,5420.05,253,
2024-09-11 11:21:00+05:30,5420.05,5420.05,5420,5420.05,649,
2024-09-11 11:22:00+05:30,5420.05,5424,5420,5424,2618,
2024-09-11 11:23:00+05:30,5424,5435.95,5424,5431.5,3831,
2024-09-11 11:24:00+05:30,5432.05,5432.05,5427.3,5431.15,910,
2024-09-11 11:25:00+05:30,5432.95,5439.2,5430.5,5437.4,4346,
2024-09-11 11:26:00+05:30,5437.4,5445,5433.85,5441.05,9797,
2024-09-11 11:27:00+05:30,5441.05,5443,5437.95,5443,1129,
2024-09-11 11:28:00+05:30,5443,5443,5435.8,5440,925,
2024-09-11 11:29:00+05:30,5436.15,5442,5435.8,5438.55,1977,
2024-09-11 11:30:00+05:30,5438.55,5441.05,5435.2,5440,2843,
2024-09-11 11:31:00+05:30,5439.8,5443,5436.35,5440.3,1654,
2024-09-11 11:32:00+05:30,5440,5441.5,5440,5440.4,1191,
2024-09-11 11:33:00+05:30,5440,5441,5435.8,5440,3579,
2024-09-11 11:34:00+05:30,5441,5441,5440,5440.5,679,
2024-09-11 11:35:00+05:30,5440.5,5441.75,5439,5441,2391,
2024-09-11 11:36:00+05:30,5441,5441,5437.1,5437.6,125,
2024-09-11 11:37:00+05:30,5437.6,5441.95,5437.6,5441.95,983,
2024-09-11 11:38:00+05:30,5442,5444.4,5440.05,5440.05,1422,
2024-09-11 11:39:00+05:30,5442.6,5443.95,5441.05,5443.6,782,
2024-09-11 11:40:00+05:30,5443.6,5444,5440.05,5441.15,307,
2024-09-11 11:41:00+05:30,5441.05,5443,5438.4,5440.45,317,
2024-09-11 11:42:00+05:30,5440.45,5444,5438.55,5440.55,792,
2024-09-11 11:43:00+05:30,5441.85,5444,5439.9,5440.75,860,
2024-09-11 11:44:00+05:30,5443.45,5447.45,5442.2,5447.4,1523,
2024-09-11 11:45:00+05:30,5447.4,5456.7,5447.4,5453,5135,
2024-09-11 11:46:00+05:30,5453,5453,5450.05,5450.05,1982,
2024-09-11 11:47:00+05:30,5450.05,5451,5450,5450,1768,
2024-09-11 11:48:00+05:30,5450,5452.65,5450,5450.05,2001,
2024-09-11 11:49:00+05:30,5450.05,5453,5450,5451.9,1345,
2024-09-11 11:50:00+05:30,5452,5455,5450,5451.7,1761,
2024-09-11 11:51:00+05:30,5450,5451.85,5450,5450.35,2109,
2024-09-11 11:52:00+05:30,5450.35,5450.35,5450,5450,2663,
2024-09-11 11:53:00+05:30,5450,5451.7,5441.35,5441.95,3384,
2024-09-11 11:54:00+05:30,5441.95,5446.9,5440,5445.15,3126,
2024-09-11 11:55:00+05:30,5445.15,5451.15,5445.15,5449.95,3398,
2024-09-11 11:56:00+05:30,5449.95,5451,5446.75,5450,4076,
2024-09-11 11:57:00+05:30,5446.85,5450.05,5440.4,5450.05,23879,
2024-09-11 11:58:00+05:30,5450.05,5450.05,5443.75,5446.9,20733,
2024-09-11 11:59:00+05:30,5446.9,5450.6,5446.9,5450,907,
2024-09-11 12:00:00+05:30,5450,5450,5448.6,5448.9,527,
2024-09-11 12:01:00+05:30,5448.9,5465.75,5448.9,5465.75,4757,
2024-09-11 12:02:00+05:30,5465,5465.95,5454.1,5457.45,2824,
2024-09-11 12:03:00+05:30,5457.45,5458.65,5452,5454.05,442,
2024-09-11 12:04:00+05:30,5454.05,5456.95,5453.45,5454.65,574,
2024-09-11 12:05:00+05:30,5454.65,5463.65,5452.25,5460,1416,
2024-09-11 12:06:00+05:30,5460,5462.95,5456.3,5461.85,1260,
2024-09-11 12:07:00+05:30,5460,5462.7,5460,5460,763,
2024-09-11 12:08:00+05:30,5460,5462.35,5456.4,5460,860,
2024-09-11 12:09:00+05:30,5460,5460,5457.5,5458.55,310,
2024-09-11 12:10:00+05:30,5457.9,5461,5457.9,5458.95,5263,
2024-09-11 12:11:00+05:30,5458.95,5461.55,5455,5455,1302,
2024-09-11 12:12:00+05:30,5455.8,5458.45,5452,5456.95,1303,
2024-09-11 12:13:00+05:30,5456.95,5462.35,5454.4,5460,1066,
2024-09-11 12:14:00+05:30,5460,5463.3,5457.45,5462,1453,
2024-09-11 12:15:00+05:30,5462,5469.9,5461.25,5468.1,3336,
2024-09-11 12:16:00+05:30,5468.1,5468.1,5464.8,5466.05,1064,
2024-09-11 12:17:00+05:30,5466.05,5468.2,5462.65,5464.1,682,
2024-09-11 12:18:00+05:30,5464.1,5466.75,5461.55,5465,576,
2024-09-11 12:19:00+05:30,5465,5466,5460.65,5461.2,372,
2024-09-11 12:20:00+05:30,5461.3,5462.2,5455.05,5455.75,688,
2024-09-11 12:21:00+05:30,5458.35,5460,5455.7,5455.95,236,
2024-09-11 12:22:00+05:30,5455.95,5458.65,5455,5455.05,193,
2024-09-11 12:23:00+05:30,5455,5455.05,5451,5451.9,644,
2024-09-11 12:24:00+05:30,5451.95,5453.55,5450,5452.45,1184,
2024-09-11 12:25:00+05:30,5452.45,5452.45,5450,5450,727,
2024-09-11 12:26:00+05:30,5449,5450,5445,5445.95,930,
2024-09-11 12:27:00+05:30,5447.85,5454,5447.8,5450,4416,
2024-09-11 12:28:00+05:30,5450,5451.5,5450,5451,776,
2024-09-11 12:29:00+05:30,5451,5452.65,5450,5450.05,615,
2024-09-11 12:30:00+05:30,5450,5452.5,5450,5452.5,241,
2024-09-11 12:31:00+05:30,5452.5,5455.05,5452.5,5455.05,329,
2024-09-11 12:32:00+05:30,5455,5455.4,5452,5452.55,418,
2024-09-11 12:33:00+05:30,5452.6,5452.6,5450.1,5450.9,61,
2024-09-11 12:34:00+05:30,5450.9,5453,5450.3,5450.8,324,
2024-09-11 12:35:00+05:30,5450.8,5453.6,5450.8,5451,65,
2024-09-11 12:36:00+05:30,5451,5453.45,5451,5453.45,396,
2024-09-11 12:37:00+05:30,5453.9,5458.45,5451.95,5456.55,370,
2024-09-11 12:38:00+05:30,5456.55,5456.8,5455,5455.05,308,
2024-09-11 12:39:00+05:30,5455.05,5455.9,5455,5455.75,179,
2024-09-11 12:40:00+05:30,5455.75,5455.8,5451,5451.95,505,
2024-09-11 12:41:00+05:30,5452.7,5452.7,5450,5450,51,
2024-09-11 12:42:00+05:30,5450,5450.05,5446.5,5449.9,1331,
2024-09-11 12:43:00+05:30,5449.55,5449.55,5442,5442.15,711,
2024-09-11 12:44:00+05:30,5442.15,5450.55,5442.15,5447.95,804,
2024-09-11 12:45:00+05:30,5447.95,5447.95,5444.9,5445.7,158,
2024-09-11 12:46:00+05:30,5445.7,5446,5444,5445.9,501,
2024-09-11 12:47:00+05:30,5445.9,5449.15,5445,5447.6,244,
2024-09-11 12:48:00+05:30,5447.6,5449,5445.35,5447.55,375,
2024-09-11 12:49:00+05:30,5447.3,5447.3,5445.4,5446.55,133,
2024-09-11 12:50:00+05:30,5446.55,5447.55,5445,5446.6,277,
2024-09-11 12:51:00+05:30,5445,5446.6,5442,5442.5,1820,
2024-09-11 12:52:00+05:30,5442.5,5445,5442,5442,205,
2024-09-11 12:53:00+05:30,5442,5442.1,5442,5442.1,110,
2024-09-11 12:54:00+05:30,5442.1,5442.1,5435,5436.05,2370,
2024-09-11 12:55:00+05:30,5437.65,5439.45,5435,5436.2,1289,
2024-09-11 12:56:00+05:30,5438.45,5438.45,5435,5437,520,
2024-09-11 12:57:00+05:30,5437,5437.8,5436,5436,454,
2024-09-11 12:58:00+05:30,5436,5436.05,5432.55,5434.95,817,
2024-09-11 12:59:00+05:30,5434.95,5434.95,5431.45,5431.95,538,
2024-09-11 13:00:00+05:30,5431.95,5434,5431.95,5432.9,409,
2024-09-11 13:01:00+05:30,5432.9,5438.3,5432.6,5438.3,496,
2024-09-11 13:02:00+05:30,5439.7,5442.2,5436.55,5437.65,996,
2024-09-11 13:03:00+05:30,5438.9,5443,5438.35,5442,157,
2024-09-11 13:04:00+05:30,5442.05,5442.05,5436,5436.9,262,
2024-09-11 13:05:00+05:30,5436.9,5440,5436,5436.4,460,
2024-09-11 13:06:00+05:30,5436.4,5436.6,5431,5431,789,
2024-09-11 13:07:00+05:30,5431,5435,5430.3,5432.45,317,
2024-09-11 13:08:00+05:30,5432.45,5435.1,5432.4,5434.75,196,
2024-09-11 13:09:00+05:30,5434.75,5434.75,5432.65,5434.6,68,
2024-09-11 13:10:00+05:30,5434.6,5436.2,5432.55,5435,317,
2024-09-11 13:11:00+05:30,5436.05,5439.3,5434.6,5438.05,542,
2024-09-11 13:12:00+05:30,5438.05,5439.85,5436.1,5436.1,133,
2024-09-11 13:13:00+05:30,5436.1,5438.05,5435.3,5437.65,62,
2024-09-11 13:14:00+05:30,5437.65,5437.65,5434.6,5436.15,209,
2024-09-11 13:15:00+05:30,5435.95,5436.05,5434.6,5436,185,
2024-09-11 13:16:00+05:30,5436,5436,5434,5434.3,163,
2024-09-11 13:17:00+05:30,5434.3,5435.7,5434,5434.05,38,
2024-09-11 13:18:00+05:30,5434.05,5435.1,5433.95,5433.95,124,
2024-09-11 13:19:00+05:30,5433.95,5435,5431.4,5432.6,502,
2024-09-11 13:20:00+05:30,5434.5,5434.5,5432.3,5432.95,55,
2024-09-11 13:21:00+05:30,5433.75,5435,5431.55,5435,145,
2024-09-11 13:22:00+05:30,5435,5435,5432.4,5432.6,103,
2024-09-11 13:23:00+05:30,5433,5435.6,5432.05,5435.6,579,
2024-09-11 13:24:00+05:30,5435.6,5435.6,5433.5,5435.3,119,
2024-09-11 13:25:00+05:30,5435.3,5435.3,5432,5432,269,
2024-09-11 13:26:00+05:30,5432,5435,5432,5432,393,
2024-09-11 13:27:00+05:30,5432,5434.95,5432,5434.2,88,
2024-09-11 13:28:00+05:30,5434.15,5434.2,5432.2,5433.95,70,
2024-09-11 13:29:00+05:30,5433.95,5434.05,5432.15,5432.55,76,
2024-09-11 13:30:00+05:30,5433.7,5434.1,5432,5434.1,144,
2024-09-11 13:31:00+05:30,5434.1,5434.95,5432.35,5434.9,188,
2024-09-11 13:32:00+05:30,5434.9,5434.95,5428.1,5428.1,1221,
2024-09-11 13:33:00+05:30,5428.1,5431.45,5427.05,5427.6,776,
2024-09-11 13:34:00+05:30,5429.75,5431.5,5429.25,5430.2,381,
2024-09-11 13:35:00+05:30,5431.5,5431.5,5428.55,5428.55,192,
2024-09-11 13:36:00+05:30,5429.4,5431.5,5429.4,5431.35,219,
2024-09-11 13:37:00+05:30,5431.35,5431.5,5430,5430,213,
2024-09-11 13:38:00+05:30,5430,5432.95,5430,5432.95,760,
2024-09-11 13:39:00+05:30,5432.9,5435,5432.9,5435,291,
2024-09-11 13:40:00+05:30,5435,5435,5434,5435,299,
2024-09-11 13:41:00+05:30,5434.85,5435,5434,5434.05,84,
2024-09-11 13:42:00+05:30,5434.8,5434.8,5429.1,5431.45,334,
2024-09-11 13:43:00+05:30,5431.35,5432.45,5429.35,5431.8,336,
2024-09-11 13:44:00+05:30,5429.2,5431.75,5429.1,5430,323,
2024-09-11 13:45:00+05:30,5430,5430,5425,5425,602,
2024-09-11 13:46:00+05:30,5425,5426.95,5422.75,5426,1659,
2024-09-11 13:47:00+05:30,5426,5429.55,5424.05,5427,313,
2024-09-11 13:48:00+05:30,5427,5429.5,5423.6,5425,516,
2024-09-11 13:49:00+05:30,5429.7,5435.5,5426.3,5435.5,2547,
2024-09-11 13:50:00+05:30,5435.5,5435.5,5432.8,5434.55,287,
2024-09-11 13:51:00+05:30,5434.55,5434.55,5432.05,5432.25,86,
2024-09-11 13:52:00+05:30,5433,5433,5432.1,5432.95,482,
2024-09-11 13:53:00+05:30,5432.95,5434,5430.1,5430.15,482,
2024-09-11 13:54:00+05:30,5431,5431,5427.6,5429.75,147,
2024-09-11 13:55:00+05:30,5429.75,5429.75,5420,5429.75,1221,
2024-09-11 13:56:00+05:30,5429.75,5434.8,5426.1,5430.1,1311,
2024-09-11 13:57:00+05:30,5430.1,5433,5430.1,5432.1,271,
2024-09-11 13:58:00+05:30,5432.1,5435.05,5430.05,5430.05,1121,
2024-09-11 13:59:00+05:30,5432.8,5435.2,5430.45,5434.8,499,
2024-09-11 14:00:00+05:30,5433.7,5433.7,5425,5426.65,308,
2024-09-11 14:01:00+05:30,5426.65,5430.1,5425,5429.2,495,
2024-09-11 14:02:00+05:30,5430,5430,5425,5425,377,
2024-09-11 14:03:00+05:30,5425,5428.1,5423.15,5426.25,637,
2024-09-11 14:04:00+05:30,5426.3,5426.3,5420,5424.05,1165,
2024-09-11 14:05:00+05:30,5424.05,5429.7,5421.45,5427.6,2879,
2024-09-11 14:06:00+05:30,5427.6,5428.8,5422.75,5422.75,561,
2024-09-11 14:07:00+05:30,5422,5424.85,5421.95,5424.85,368,
2024-09-11 14:08:00+05:30,5424.85,5427.55,5424.05,5425,199,
2024-09-11 14:09:00+05:30,5425,5426.9,5422.8,5426,387,
2024-09-11 14:10:00+05:30,5426.75,5428.5,5426,5427.5,432,
2024-09-11 14:11:00+05:30,5427.6,5427.6,5424.05,5426.2,516,
2024-09-11 14:12:00+05:30,5426.25,5430,5424.3,5424.4,434,
2024-09-11 14:13:00+05:30,5426,5426,5422,5423.5,269,
2024-09-11 14:14:00+05:30,5423.5,5424.25,5420,5421.05,816,
2024-09-11 14:15:00+05:30,5422.7,5423.9,5420.05,5423.5,512,
2024-09-11 14:16:00+05:30,5421.1,5423,5420,5421.7,328,
2024-09-11 14:17:00+05:30,5422.8,5429.9,5421.4,5428.5,1512,
2024-09-11 14:18:00+05:30,5427.95,5430,5427.25,5428.2,167,
2024-09-11 14:19:00+05:30,5428.2,5433.6,5427.05,5430.5,440,
2024-09-11 14:20:00+05:30,5431.8,5433.5,5430.1,5431.2,311,
2024-09-11 14:21:00+05:30,5432,5436.05,5431.15,5432.7,1633,
2024-09-11 14:22:00+05:30,5433.05,5433.5,5432,5433.05,315,
2024-09-11 14:23:00+05:30,5433,5433.25,5432,5432,1000,
2024-09-11 14:24:00+05:30,5432,5432,5424.85,5426.35,1343,
2024-09-11 14:25:00+05:30,5426.35,5431,5426.35,5430,139,
2024-09-11 14:26:00+05:30,5430,5438.35,5430,5438.35,1314,
2024-09-11 14:27:00+05:30,5436.1,5438.05,5429.6,5430.7,1476,
2024-09-11 14:28:00+05:30,5432.3,5432.4,5429.65,5432.15,341,
2024-09-11 14:29:00+05:30,5433.5,5435.45,5432.1,5433.5,187,
2024-09-11 14:30:00+05:30,5433.5,5433.5,5428.65,5431.1,275,
2024-09-11 14:31:00+05:30,5428.7,5435.55,5427.5,5432.15,537,
2024-09-11 14:32:00+05:30,5432.15,5435,5431,5434.95,549,
2024-09-11 14:33:00+05:30,5434.95,5434.95,5430.5,5433.25,349,
2024-09-11 14:34:00+05:30,5433.05,5434,5432.4,5432.5,236,
2024-09-11 14:35:00+05:30,5432.5,5434,5432,5432,136,
2024-09-11 14:36:00+05:30,5432,5432.05,5428,5432,215,
2024-09-11 14:37:00+05:30,5431.65,5433,5429.75,5433,157,
2024-09-11 14:38:00+05:30,5433,5433,5429,5429.05,50,
2024-09-11 14:39:00+05:30,5429.05,5432.85,5427.8,5429.65,793,
2024-09-11 14:40:00+05:30,5429.65,5431,5427.95,5430.95,563,
2024-09-11 14:41:00+05:30,5432,5433.55,5430,5433,823,
2024-09-11 14:42:00+05:30,5433,5439.1,5430.7,5435.1,1667,
2024-09-11 14:43:00+05:30,5437.5,5444.8,5435,5440,3466,
2024-09-11 14:44:00+05:30,5440,5440,5433.55,5435,1281,
2024-09-11 14:45:00+05:30,5435,5438.55,5433.35,5436.05,1332,
2024-09-11 14:46:00+05:30,5436.25,5438.5,5432.5,5435.05,966,
2024-09-11 14:47:00+05:30,5435.9,5436.4,5433.75,5434.05,665,
2024-09-11 14:48:00+05:30,5435.65,5437.7,5433.05,5435.45,2004,
2024-09-11 14:49:00+05:30,5435.45,5435.45,5432.1,5435.4,1004,
2024-09-11 14:50:00+05:30,5434.05,5434.3,5431.15,5431.2,700,
2024-09-11 14:51:00+05:30,5432,5432.85,5429.1,5432.4,739,
2024-09-11 14:52:00+05:30,5432.4,5432.6,5429.5,5432,815,
2024-09-11 14:53:00+05:30,5429.85,5432.7,5428,5430.1,1389,
2024-09-11 14:54:00+05:30,5432,5432,5428,5429.9,823,
2024-09-11 14:55:00+05:30,5429.9,5432,5428.2,5431.55,1149,
2024-09-11 14:56:00+05:30,5431.5,5435,5428.7,5435,1985,
2024-09-11 14:57:00+05:30,5433.95,5435.65,5429.4,5435,1138,
2024-09-11 14:58:00+05:30,5435,5435,5430,5430,1360,
2024-09-11 14:59:00+05:30,5430,5434.55,5428.85,5431.05,846,
2024-09-11 15:00:00+05:30,5431.1,5435,5426.45,5426.65,2343,
2024-09-11 15:01:00+05:30,5426.5,5434.25,5426.5,5432.7,2114,
2024-09-11 15:02:00+05:30,5433.8,5434.85,5427.8,5431.7,2232,
2024-09-11 15:03:00+05:30,5431,5433.8,5427.45,5429.55,1950,
2024-09-11 15:04:00+05:30,5429.55,5433.55,5428.6,5429.45,2361,
2024-09-11 15:05:00+05:30,5429.75,5434.5,5427.3,5431.3,2306,
2024-09-11 15:06:00+05:30,5433.05,5435,5430.8,5435,2224,
2024-09-11 15:07:00+05:30,5435,5440,5434.05,5435.15,3689,
2024-09-11 15:08:00+05:30,5435.55,5441.75,5435.55,5437.55,2090,
2024-09-11 15:09:00+05:30,5437.65,5445,5437.65,5441.25,5147,
2024-09-11 15:10:00+05:30,5441.85,5446.45,5440.25,5440.25,4666,
2024-09-11 15:11:00+05:30,5441.8,5441.9,5440.15,5440.65,5651,
2024-09-11 15:12:00+05:30,5440.55,5441.65,5439.05,5439.5,4150,
2024-09-11 15:13:00+05:30,5439.15,5439.5,5438.05,5438.3,2128,
2024-09-11 15:14:00+05:30,5438.1,5439.8,5435.5,5437,5635,
2024-09-11 15:15:00+05:30,5436.9,5440.5,5436.35,5439.8,2331,
2024-09-11 15:16:00+05:30,5439.75,5443.5,5438.4,5439,5183,
2024-09-11 15:17:00+05:30,5439,5443.2,5437.55,5440,5206,
2024-09-11 15:18:00+05:30,5440,5441.9,5438.45,5441.85,4361,
2024-09-11 15:19:00+05:30,5441.55,5444.95,5438.7,5440.65,3254,
2024-09-11 15:20:00+05:30,5439.8,5445,5439.8,5444.8,7809,
2024-09-11 15:21:00+05:30,5444.8,5444.8,5437.45,5438.4,4300,
2024-09-11 15:22:00+05:30,5439.35,5440.65,5436.85,5437.8,4924,
2024-09-11 15:23:00+05:30,5437.8,5438.05,5435.6,5436.35,1633,
2024-09-11 15:24:00+05:30,5436.35,5441.35,5434.1,5438.6,4527,
2024-09-11 15:25:00+05:30,5438.8,5446.95,5434,5439.85,5010,
2024-09-11 15:26:00+05:30,5439.85,5452,5439.1,5447.65,4944,
2024-09-11 15:27:00+05:30,5447.65,5451.85,5446,5447.95,2391,
2024-09-11 15:28:00+05:30,5447.6,5448.95,5444.8,5444.8,2997,
2024-09-11 15:29:00+05:30,5444.8,5445,5430,5445,1671,
2024-09-12 09:15:00+05:30,5450,5460,5435,5447.9,5601,
2024-09-12 09:16:00+05:30,5450.95,5457.1,5445,5445,3112,
2024-09-12 09:17:00+05:30,5446.95,5446.95,5435,5437.5,3731,
2024-09-12 09:18:00+05:30,5437.5,5439.25,5430.35,5435.4,1972,
2024-09-12 09:19:00+05:30,5435.4,5442.8,5435.4,5440.2,1722,
2024-09-12 09:20:00+05:30,5440.2,5443,5433.35,5443,2488,
2024-09-12 09:21:00+05:30,5442.4,5458.6,5442.4,5456.5,4351,
2024-09-12 09:22:00+05:30,5456.7,5462.6,5455.45,5460.1,4592,
2024-09-12 09:23:00+05:30,5460.1,5462.1,5450.5,5452,3473,
2024-09-12 09:24:00+05:30,5452,5455,5446.5,5453,3043,
2024-09-12 09:25:00+05:30,5453,5485,5453,5485,7500,
2024-09-12 09:26:00+05:30,5480.95,5485.45,5478.1,5482.3,4472,
2024-09-12 09:27:00+05:30,5484,5495,5480.1,5492.1,8320,
2024-09-12 09:28:00+05:30,5492.95,5507.9,5492.85,5507.9,11603,
2024-09-12 09:29:00+05:30,5506.65,5508,5498.15,5502.4,7488,
2024-09-12 09:30:00+05:30,5502.4,5511,5502.05,5508.55,7197,
2024-09-12 09:31:00+05:30,5509.15,5509.25,5498.4,5502.2,4350,
2024-09-12 09:32:00+05:30,5502.2,5509.25,5499.05,5504.95,8109,
2024-09-12 09:33:00+05:30,5503.05,5507,5497.7,5504.2,4902,
2024-09-12 09:34:00+05:30,5504.2,5504.9,5501,5503.65,1861,
2024-09-12 09:35:00+05:30,5503.4,5513,5488.25,5488.25,12180,
2024-09-12 09:36:00+05:30,5487,5491.55,5475.1,5483.65,6607,
2024-09-12 09:37:00+05:30,5483.65,5486.95,5472.3,5479.6,5264,
2024-09-12 09:38:00+05:30,5478.05,5485,5465.15,5467.85,4771,
2024-09-12 09:39:00+05:30,5471.95,5473.85,5458.05,5458.9,3533,
2024-09-12 09:40:00+05:30,5458.4,5472.55,5457.35,5470.4,1830,
2024-09-12 09:41:00+05:30,5469.3,5470,5460.6,5462.3,1660,
2024-09-12 09:42:00+05:30,5462.3,5468.2,5462.1,5464.45,501,
2024-09-12 09:43:00+05:30,5462.15,5465.15,5455.2,5456.75,2450,
2024-09-12 09:44:00+05:30,5456.75,5461.2,5456.25,5459,1300,
2024-09-12 09:45:00+05:30,5460,5462,5451.85,5455.2,2013,
2024-09-12 09:46:00+05:30,5453.6,5458.4,5452.75,5455,1756,
2024-09-12 09:47:00+05:30,5455,5455,5445.8,5445.8,1896,
2024-09-12 09:48:00+05:30,5447.9,5451.35,5445.8,5447,1373,
2024-09-12 09:49:00+05:30,5448,5450.1,5440,5441.9,2476,
2024-09-12 09:50:00+05:30,5441.9,5444.7,5438.65,5441.7,1810,
2024-09-12 09:51:00+05:30,5441.7,5443.15,5436.15,5441.75,1517,
2024-09-12 09:52:00+05:30,5441.75,5443.45,5431,5435.7,2943,
2024-09-12 09:53:00+05:30,5434.8,5439,5430.1,5435.4,2854,
2024-09-12 09:54:00+05:30,5435.4,5442.55,5434.3,5435.15,1529,
2024-09-12 09:55:00+05:30,5435.15,5440.75,5435.15,5438.25,1795,
2024-09-12 09:56:00+05:30,5438.25,5446.15,5437.8,5445.3,3220,
2024-09-12 09:57:00+05:30,5445.3,5447.9,5440.75,5443.85,982,
2024-09-12 09:58:00+05:30,5443.85,5447.75,5440,5441.2,1445,
2024-09-12 09:59:00+05:30,5438.3,5443.45,5430,5431.4,2818,
2024-09-12 10:00:00+05:30,5431.4,5436.2,5427.05,5436.2,1726,
2024-09-12 10:01:00+05:30,5434.95,5438.65,5432.4,5437.7,343,
2024-09-12 10:02:00+05:30,5437.7,5439.3,5436.5,5438.2,695,
2024-09-12 10:03:00+05:30,5436.5,5436.5,5431.25,5432,519,
2024-09-12 10:04:00+05:30,5432,5437.65,5431.95,5434,328,
2024-09-12 10:05:00+05:30,5434,5441.05,5434,5440.6,497,
2024-09-12 10:06:00+05:30,5440.6,5442.3,5438.35,5441,883,
2024-09-12 10:07:00+05:30,5441,5441,5432.05,5435,850,
2024-09-12 10:08:00+05:30,5433.55,5435,5431,5431,150,
2024-09-12 10:09:00+05:30,5432.05,5434.9,5432.05,5434.3,476,
2024-09-12 10:10:00+05:30,5434.3,5438.85,5433.05,5438.8,523,
2024-09-12 10:11:00+05:30,5435.25,5438.95,5435.25,5437.4,262,
2024-09-12 10:12:00+05:30,5437.4,5440,5437.4,5437.4,1758,
2024-09-12 10:13:00+05:30,5437.4,5442,5437.4,5442,558,
2024-09-12 10:14:00+05:30,5442,5442,5438,5438,1240,
2024-09-12 10:15:00+05:30,5439.3,5447.95,5439.3,5443.2,967,
2024-09-12 10:16:00+05:30,5443.2,5447.95,5440.1,5443.85,3589,
2024-09-12 10:17:00+05:30,5443.85,5443.85,5436.8,5437.15,612,
2024-09-12 10:18:00+05:30,5437.7,5439.3,5436.1,5436.5,151,
2024-09-12 10:19:00+05:30,5436.5,5440,5431.9,5433.65,1236,
2024-09-12 10:20:00+05:30,5436.35,5440.9,5434.4,5438.95,1059,
2024-09-12 10:21:00+05:30,5438.95,5442,5436.2,5442,1705,
2024-09-12 10:22:00+05:30,5442,5442,5435.05,5435.05,675,
2024-09-12 10:23:00+05:30,5435.05,5438.2,5434.1,5435.9,350,
2024-09-12 10:24:00+05:30,5435.9,5439.25,5435.9,5437.2,126,
2024-09-12 10:25:00+05:30,5437.2,5442.5,5437.1,5441.3,237,
2024-09-12 10:26:00+05:30,5441.3,5442.95,5437.1,5440.1,329,
2024-09-12 10:27:00+05:30,5440.4,5448.8,5440.05,5446.85,870,
2024-09-12 10:28:00+05:30,5446.85,5449,5440,5441.95,1830,
2024-09-12 10:29:00+05:30,5441.95,5444.45,5438.5,5444.25,1208,
2024-09-12 10:30:00+05:30,5444.65,5445.25,5437,5437,1492,
2024-09-12 10:31:00+05:30,5437,5438.3,5434.2,5436.7,953,
2024-09-12 10:32:00+05:30,5436.7,5440.45,5436.7,5437.55,221,
2024-09-12 10:33:00+05:30,5437.25,5439.1,5436.2,5439.1,615,
2024-09-12 10:34:00+05:30,5437.9,5440.15,5435.75,5439.75,922,
2024-09-12 10:35:00+05:30,5439.1,5443.65,5437.85,5441.75,206,
2024-09-12 10:36:00+05:30,5442.8,5445,5440,5441.4,453,
2024-09-12 10:37:00+05:30,5441.4,5447.35,5440.1,5445.55,777,
2024-09-12 10:38:00+05:30,5445.55,5448,5443.3,5445.6,688,
2024-09-12 10:39:00+05:30,5445.6,5448.25,5445.35,5447.25,411,
2024-09-12 10:40:00+05:30,5447.25,5447.25,5440.6,5441.8,638,
2024-09-12 10:41:00+05:30,5441.75,5443.95,5438.15,5442.75,3253,
2024-09-12 10:42:00+05:30,5442.75,5442.75,5437.85,5439.8,958,
2024-09-12 10:43:00+05:30,5439.8,5441,5437.8,5439,655,
2024-09-12 10:44:00+05:30,5439,5440.95,5439,5440.7,234,
2024-09-12 10:45:00+05:30,5440.6,5441.65,5439,5439,261,
2024-09-12 10:46:00+05:30,5439,5445.4,5439,5440.3,600,
2024-09-12 10:47:00+05:30,5441.05,5443.8,5438,5438.55,774,
2024-09-12 10:48:00+05:30,5438.55,5440.95,5438,5438,419,
2024-09-12 10:49:00+05:30,5438,5441.65,5434,5434,302,
2024-09-12 10:50:00+05:30,5433.05,5441,5433.05,5437.75,798,
2024-09-12 10:51:00+05:30,5437.75,5443.75,5437.65,5441.3,576,
2024-09-12 10:52:00+05:30,5440.3,5441.2,5435.65,5435.85,609,
2024-09-12 10:53:00+05:30,5435.85,5438.3,5435.8,5435.85,258,
2024-09-12 10:54:00+05:30,5435.8,5439.05,5435.75,5435.75,452,
2024-09-12 10:55:00+05:30,5435.75,5439.3,5435.65,5438,217,
2024-09-12 10:56:00+05:30,5437.45,5440.9,5437.3,5438,376,
2024-09-12 10:57:00+05:30,5438,5439,5437.45,5437.45,173,
2024-09-12 10:58:00+05:30,5437.45,5439.95,5435.65,5438.85,1139,
2024-09-12 10:59:00+05:30,5437.1,5438.1,5431.1,5432.9,1975,
2024-09-12 11:00:00+05:30,5434.45,5435.5,5432.45,5432.5,236,
2024-09-12 11:01:00+05:30,5432.5,5433.7,5425.05,5425.05,1709,
2024-09-12 11:02:00+05:30,5427.1,5430.35,5421.65,5422.9,4492,
2024-09-12 11:03:00+05:30,5422.9,5425.1,5418.4,5422.8,3495,
2024-09-12 11:04:00+05:30,5422.8,5425.1,5421,5421.05,759,
2024-09-12 11:05:00+05:30,5421,5424.2,5416.05,5420,1339,
2024-09-12 11:06:00+05:30,5420,5426.2,5419.8,5423.4,577,
2024-09-12 11:07:00+05:30,5423.4,5429.05,5423.4,5426.4,512,
2024-09-12 11:08:00+05:30,5426.75,5431.05,5426.4,5430.6,646,
2024-09-12 11:09:00+05:30,5430.6,5431,5427.7,5427.7,182,
2024-09-12 11:10:00+05:30,5427.7,5430.05,5425,5429.5,549,
2024-09-12 11:11:00+05:30,5429.9,5431.75,5425.75,5431.75,550,
2024-09-12 11:12:00+05:30,5431.75,5431.75,5428.15,5428.55,309,
2024-09-12 11:13:00+05:30,5428.55,5430.85,5428.55,5428.6,152,
2024-09-12 11:14:00+05:30,5428.6,5430.35,5428.15,5428.15,314,
2024-09-12 11:15:00+05:30,5428.15,5431.35,5428.05,5431.1,416,
2024-09-12 11:16:00+05:30,5431.1,5431.1,5428,5428,316,
2024-09-12 11:17:00+05:30,5428,5428,5422.25,5425.5,1071,
2024-09-12 11:18:00+05:30,5425.2,5427.25,5422.15,5422.65,630,
2024-09-12 11:19:00+05:30,5422.65,5426.3,5422.2,5422.65,469,
2024-09-12 11:20:00+05:30,5422.65,5425.35,5422.65,5422.9,365,
2024-09-12 11:21:00+05:30,5422.9,5424,5422.05,5422.05,384,
2024-09-12 11:22:00+05:30,5422.05,5422.3,5418.9,5420.05,966,
2024-09-12 11:23:00+05:30,5420.1,5421.75,5415.6,5415.6,1407,
2024-09-12 11:24:00+05:30,5415.6,5418.65,5403.1,5405.15,3346,
2024-09-12 11:25:00+05:30,5405.15,5409.45,5400,5400,5446,
2024-09-12 11:26:00+05:30,5400,5408.85,5396.2,5408.65,4246,
2024-09-12 11:27:00+05:30,5405.6,5408.5,5405,5408.4,484,
2024-09-12 11:28:00+05:30,5409,5409.8,5405.75,5405.85,466,
2024-09-12 11:29:00+05:30,5405.85,5410,5405.85,5406.45,755,
2024-09-12 11:30:00+05:30,5406.45,5410,5406.05,5409.55,577,
2024-09-12 11:31:00+05:30,5408.5,5412.5,5406,5409.6,749,
2024-09-12 11:32:00+05:30,5409.6,5414,5409.5,5411.35,373,
2024-09-12 11:33:00+05:30,5412,5414.2,5411.15,5412,357,
2024-09-12 11:34:00+05:30,5412,5414.95,5412,5412.9,242,
2024-09-12 11:35:00+05:30,5412,5418.5,5411.2,5418.1,413,
2024-09-12 11:36:00+05:30,5418.65,5421.9,5415,5418,686,
2024-09-12 11:37:00+05:30,5418,5421.7,5416.85,5421.7,783,
2024-09-12 11:38:00+05:30,5421.7,5421.7,5415.1,5415.8,1205,
2024-09-12 11:39:00+05:30,5415.8,5420.95,5415.8,5420.95,272,
2024-09-12 11:40:00+05:30,5418.45,5420.95,5416.85,5417,300,
2024-09-12 11:41:00+05:30,5417,5418.25,5416.85,5417.95,99,
2024-09-12 11:42:00+05:30,5417.95,5422.7,5417.75,5422.55,201,
2024-09-12 11:43:00+05:30,5420.55,5423.4,5420.35,5420.35,337,
2024-09-12 11:44:00+05:30,5420.35,5422.7,5419.15,5422.7,422,
2024-09-12 11:45:00+05:30,5420.05,5423.65,5419.15,5421.6,899,
2024-09-12 11:46:00+05:30,5421.6,5424.95,5421.6,5422.5,254,
2024-09-12 11:47:00+05:30,5422.5,5424.55,5416,5416.6,559,
2024-09-12 11:48:00+05:30,5418.95,5419.45,5416.45,5416.45,404,
2024-09-12 11:49:00+05:30,5416.45,5416.45,5416.1,5416.15,457,
2024-09-12 11:50:00+05:30,5416.15,5420.2,5416.15,5417.6,806,
2024-09-12 11:51:00+05:30,5417.6,5417.6,5409.05,5409.05,1033,
2024-09-12 11:52:00+05:30,5409.05,5411.35,5408,5409.45,551,
2024-09-12 11:53:00+05:30,5409.45,5410.9,5409.45,5409.8,271,
2024-09-12 11:54:00+05:30,5409.75,5413.8,5409.75,5411,139,
2024-09-12 11:55:00+05:30,5411,5414.35,5411,5412.95,180,
2024-09-12 11:56:00+05:30,5412.95,5414.9,5405,5405.4,1186,
2024-09-12 11:57:00+05:30,5405.2,5411,5405.05,5405.85,1204,
2024-09-12 11:58:00+05:30,5405.85,5406.85,5404.1,5405.9,342,
2024-09-12 11:59:00+05:30,5406.65,5412.65,5406.65,5410.25,620,
2024-09-12 12:00:00+05:30,5410.25,5411.9,5410,5410,841,
2024-09-12 12:01:00+05:30,5410,5410,5401.6,5403.25,989,
2024-09-12 12:02:00+05:30,5403.25,5405,5403.25,5405,552,
2024-09-12 12:03:00+05:30,5405,5406.4,5405,5405.45,246,
2024-09-12 12:04:00+05:30,5405.5,5409.1,5405,5407,1142,
2024-09-12 12:05:00+05:30,5406.5,5413.95,5406.25,5412.3,445,
2024-09-12 12:06:00+05:30,5412.3,5413.45,5405,5405,2053,
2024-09-12 12:07:00+05:30,5407,5409.1,5405.05,5407.7,555,
2024-09-12 12:08:00+05:30,5410.45,5413.1,5406.75,5410.35,505,
2024-09-12 12:09:00+05:30,5411.35,5417.4,5410.35,5415.9,981,
2024-09-12 12:10:00+05:30,5415.9,5417,5408.75,5408.75,404,
2024-09-12 12:11:00+05:30,5408.75,5412.65,5407.55,5411.15,284,
2024-09-12 12:12:00+05:30,5411.15,5412.7,5410.5,5410.8,187,
2024-09-12 12:13:00+05:30,5410.8,5414.95,5410.8,5412.35,130,
2024-09-12 12:14:00+05:30,5412.35,5416.5,5412.35,5416.4,200,
2024-09-12 12:15:00+05:30,5416.4,5421.5,5416.4,5419.15,759,
2024-09-12 12:16:00+05:30,5417.7,5417.7,5409,5412.2,2487,
2024-09-12 12:17:00+05:30,5412.2,5414.85,5412.2,5413.85,242,
2024-09-12 12:18:00+05:30,5414.4,5415.75,5411,5413.7,485,
2024-09-12 12:19:00+05:30,5413.05,5414.25,5412.45,5412.45,387,
2024-09-12 12:20:00+05:30,5412.45,5412.85,5410,5411.85,578,
2024-09-12 12:21:00+05:30,5411.9,5412.7,5409,5409,522,
2024-09-12 12:22:00+05:30,5409,5410.55,5403,5403,886,
2024-09-12 12:23:00+05:30,5403,5410.45,5403,5409.6,414,
2024-09-12 12:24:00+05:30,5408.3,5411,5405.4,5405.4,357,
2024-09-12 12:25:00+05:30,5405.4,5408.95,5403.8,5405.75,293,
2024-09-12 12:26:00+05:30,5405.75,5409.35,5403.35,5409.35,202,
2024-09-12 12:27:00+05:30,5409.35,5410.1,5406.05,5410.1,597,
2024-09-12 12:28:00+05:30,5410.1,5411.05,5408,5410.3,136,
2024-09-12 12:29:00+05:30,5410.3,5412.1,5408.3,5409.75,296,
2024-09-12 12:30:00+05:30,5409.75,5411.95,5408.3,5408.35,533,
2024-09-12 12:31:00+05:30,5408.35,5412.6,5408.35,5410.35,701,
2024-09-12 12:32:00+05:30,5409.4,5414.2,5409.4,5410.7,1089,
2024-09-12 12:33:00+05:30,5410.7,5412.1,5410.15,5410.15,619,
2024-09-12 12:34:00+05:30,5410.15,5411,5405,5406.15,1224,
2024-09-12 12:35:00+05:30,5406.15,5410.15,5405.85,5410.15,102,
2024-09-12 12:36:00+05:30,5410.8,5412.25,5408,5412.25,135,
2024-09-12 12:37:00+05:30,5412.25,5414.6,5411.55,5411.8,84,
2024-09-12 12:38:00+05:30,5411.6,5415,5411.6,5413.75,164,
2024-09-12 12:39:00+05:30,5413.75,5414.95,5413.45,5413.65,805,
2024-09-12 12:40:00+05:30,5413,5417.4,5412.5,5417.4,371,
2024-09-12 12:41:00+05:30,5415.8,5418,5412.3,5412.3,914,
2024-09-12 12:42:00+05:30,5412.3,5412.35,5406.5,5407.9,520,
2024-09-12 12:43:00+05:30,5407.9,5411.15,5407.7,5409.5,140,
2024-09-12 12:44:00+05:30,5409.5,5410.95,5408.1,5409.15,508,
2024-09-12 12:45:00+05:30,5409.1,5410,5406,5406,1297,
2024-09-12 12:46:00+05:30,5406.05,5407.15,5401,5401,2381,
2024-09-12 12:47:00+05:30,5400.9,5402.35,5398.1,5401.6,1607,
2024-09-12 12:48:00+05:30,5399.05,5402.65,5397.75,5401,856,
2024-09-12 12:49:00+05:30,5401.2,5405.05,5400,5403.05,979,
2024-09-12 12:50:00+05:30,5403.05,5405.55,5398.65,5403.1,564,
2024-09-12 12:51:00+05:30,5403.1,5406.9,5403.1,5405.45,340,
2024-09-12 12:52:00+05:30,5405.45,5407.3,5404.9,5404.9,546,
2024-09-12 12:53:00+05:30,5404.9,5407,5404.9,5405,584,
2024-09-12 12:54:00+05:30,5404.9,5405.95,5400,5404.35,547,
2024-09-12 12:55:00+05:30,5404.35,5405.1,5399.7,5399.7,732,
2024-09-12 12:56:00+05:30,5399.7,5402.45,5399.7,5399.95,375,
2024-09-12 12:57:00+05:30,5399.95,5402.4,5398.5,5402.4,1363,
2024-09-12 12:58:00+05:30,5402.45,5403.95,5401.5,5401.5,307,
2024-09-12 12:59:00+05:30,5402.75,5412.4,5401.6,5407.9,612,
2024-09-12 13:00:00+05:30,5407.65,5410,5407.65,5408.05,164,
2024-09-12 13:01:00+05:30,5408.05,5409.7,5407.95,5407.95,1237,
2024-09-12 13:02:00+05:30,5407.65,5408,5406.6,5407,186,
2024-09-12 13:03:00+05:30,5407,5410,5405,5408.8,463,
2024-09-12 13:04:00+05:30,5408.8,5413.45,5408.8,5412.2,766,
2024-09-12 13:05:00+05:30,5412.2,5416.35,5410.35,5413,1546,
2024-09-12 13:06:00+05:30,5413,5413,5407.6,5408.1,837,
2024-09-12 13:07:00+05:30,5408.1,5408.1,5404.05,5404.55,738,
2024-09-12 13:08:00+05:30,5404.55,5406.95,5400.4,5402.7,677,
2024-09-12 13:09:00+05:30,5402.7,5405.9,5401.7,5404.8,409,
2024-09-12 13:10:00+05:30,5404.8,5409,5402.35,5407.95,315,
2024-09-12 13:11:00+05:30,5407.95,5410.45,5405.85,5406.35,563,
2024-09-12 13:12:00+05:30,5406.35,5408.65,5405.5,5407.5,712,
2024-09-12 13:13:00+05:30,5407.5,5409.6,5407.5,5407.85,418,
2024-09-12 13:14:00+05:30,5407.85,5410.55,5407.85,5408,283,
2024-09-12 13:15:00+05:30,5408,5408.75,5404,5405.3,905,
2024-09-12 13:16:00+05:30,5405.3,5405.75,5404,5405.75,256,
2024-09-12 13:17:00+05:30,5405.75,5408.75,5404.75,5408.75,73,
2024-09-12 13:18:00+05:30,5408.75,5408.75,5408,5408,35,
2024-09-12 13:19:00+05:30,5408,5408.9,5401,5405,1504,
2024-09-12 13:20:00+05:30,5405,5408.1,5405,5407.95,176,
2024-09-12 13:21:00+05:30,5407.95,5407.95,5404.2,5407.25,496,
2024-09-12 13:22:00+05:30,5407.95,5409,5407.4,5408.8,98,
2024-09-12 13:23:00+05:30,5408.8,5409,5407.35,5408.5,978,
2024-09-12 13:24:00+05:30,5408.5,5409.9,5407.9,5408,227,
2024-09-12 13:25:00+05:30,5408.35,5409.8,5408,5408,212,
2024-09-12 13:26:00+05:30,5408,5409.85,5408,5408.85,52,
2024-09-12 13:27:00+05:30,5408.85,5408.85,5408,5408,168,
2024-09-12 13:28:00+05:30,5409.95,5409.95,5407.35,5407.35,1081,
2024-09-12 13:29:00+05:30,5407.35,5408.8,5407.35,5407.4,72,
2024-09-12 13:30:00+05:30,5407.4,5408.9,5407,5408,284,
2024-09-12 13:31:00+05:30,5408,5409.45,5408,5408.05,256,
2024-09-12 13:32:00+05:30,5408.05,5409,5407.4,5407.4,652,
2024-09-12 13:33:00+05:30,5407.4,5410.3,5404.05,5404.8,1094,
2024-09-12 13:34:00+05:30,5404.05,5405.4,5402.8,5405.4,335,
2024-09-12 13:35:00+05:30,5405.4,5410.05,5405.4,5408.05,310,
2024-09-12 13:36:00+05:30,5408.05,5410.05,5408.05,5408.5,292,
2024-09-12 13:37:00+05:30,5408.5,5410.3,5408.5,5408.6,238,
2024-09-12 13:38:00+05:30,5408.6,5409.85,5406.55,5406.55,443,
2024-09-12 13:39:00+05:30,5406.55,5411.25,5404.8,5411.25,480,
2024-09-12 13:40:00+05:30,5408.8,5410.7,5404,5406.2,840,
2024-09-12 13:41:00+05:30,5406.2,5406.85,5401,5406.8,937,
2024-09-12 13:42:00+05:30,5406.75,5407.8,5403.85,5407.25,210,
2024-09-12 13:43:00+05:30,5407.25,5409,5404.6,5409,301,
2024-09-12 13:44:00+05:30,5409,5409,5408,5408.55,211,
2024-09-12 13:45:00+05:30,5408.55,5408.65,5404.65,5404.65,1142,
2024-09-12 13:46:00+05:30,5404.6,5406.05,5400.05,5403.4,693,
2024-09-12 13:47:00+05:30,5405.65,5407.75,5400.05,5402.2,1140,
2024-09-12 13:48:00+05:30,5402.05,5405.8,5397.45,5404.5,2763,
2024-09-12 13:49:00+05:30,5403.65,5406.45,5400,5401.8,489,
2024-09-12 13:50:00+05:30,5401.8,5401.85,5396.55,5397,854,
2024-09-12 13:51:00+05:30,5397,5403.55,5396.2,5403.2,564,
2024-09-12 13:52:00+05:30,5402.1,5402.1,5397.85,5398.95,811,
2024-09-12 13:53:00+05:30,5398.95,5401.1,5397,5399.2,645,
2024-09-12 13:54:00+05:30,5399.2,5402.95,5399.2,5402.95,1210,
2024-09-12 13:55:00+05:30,5402.95,5407.85,5402.95,5407.85,277,
2024-09-12 13:56:00+05:30,5407.85,5408.3,5405.25,5407.4,352,
2024-09-12 13:57:00+05:30,5407.4,5410,5406.35,5408.15,555,
2024-09-12 13:58:00+05:30,5408.25,5410,5408.15,5409.5,2153,
2024-09-12 13:59:00+05:30,5409.5,5419.95,5409,5417.1,1290,
2024-09-12 14:00:00+05:30,5416.75,5428,5414.65,5428,2296,
2024-09-12 14:01:00+05:30,5428,5445,5428,5445,6715,
2024-09-12 14:02:00+05:30,5447,5452.9,5442.55,5443.25,6372,
2024-09-12 14:03:00+05:30,5443.85,5452,5443.85,5448,4030,
2024-09-12 14:04:00+05:30,5448,5455,5447.6,5455,2945,
2024-09-12 14:05:00+05:30,5452.4,5464.15,5452.4,5461.1,5649,
2024-09-12 14:06:00+05:30,5461.15,5465.1,5451.5,5453.2,5041,
2024-09-12 14:07:00+05:30,5452.95,5455.7,5450.15,5453.3,3566,
2024-09-12 14:08:00+05:30,5454.95,5457.2,5450,5451.3,3356,
2024-09-12 14:09:00+05:30,5451.25,5456.6,5448.55,5456.6,2765,
2024-09-12 14:10:00+05:30,5456.6,5462.1,5454.55,5456.95,1729,
2024-09-12 14:11:00+05:30,5455,5458.75,5451.15,5458.35,1785,
2024-09-12 14:12:00+05:30,5455.4,5459.85,5453.75,5457.55,1985,
2024-09-12 14:13:00+05:30,5457.55,5458,5451.65,5452.1,3131,
2024-09-12 14:14:00+05:30,5452.1,5459.75,5451.15,5455.35,3118,
2024-09-12 14:15:00+05:30,5457.95,5458.6,5452.35,5455,5262,
2024-09-12 14:16:00+05:30,5455,5457.9,5455,5455.35,1257,
2024-09-12 14:17:00+05:30,5455.35,5457,5452.45,5455,5257,
2024-09-12 14:18:00+05:30,5455,5456.95,5455,5456.95,16384,
2024-09-12 14:19:00+05:30,5456.95,5457,5452,5455,10470,
2024-09-12 14:20:00+05:30,5455,5457,5455,5457,1311,
2024-09-12 14:21:00+05:30,5457,5462.1,5455.25,5460.85,2692,
2024-09-12 14:22:00+05:30,5460.85,5471.85,5460.85,5470.05,11121,
2024-09-12 14:23:00+05:30,5470.15,5472.15,5461.4,5464,5715,
2024-09-12 14:24:00+05:30,5466.25,5467.7,5460,5463.9,1383,
2024-09-12 14:25:00+05:30,5465,5465,5460.05,5463.35,1964,
2024-09-12 14:26:00+05:30,5462.5,5465,5461.55,5464.05,812,
2024-09-12 14:27:00+05:30,5463.35,5465,5459.45,5459.45,3069,
2024-09-12 14:28:00+05:30,5459.55,5459.55,5456,5456,827,
2024-09-12 14:29:00+05:30,5456,5458.3,5456,5456.1,6942,
2024-09-12 14:30:00+05:30,5457,5464.3,5456,5462.25,2545,
2024-09-12 14:31:00+05:30,5464.45,5466.45,5463.6,5465.1,1192,
2024-09-12 14:32:00+05:30,5465.1,5468,5465.1,5466.05,1543,
2024-09-12 14:33:00+05:30,5466.05,5470.8,5465.6,5468.45,3686,
2024-09-12 14:34:00+05:30,5468.45,5473.8,5467.6,5472.75,2168,
2024-09-12 14:35:00+05:30,5472.75,5472.75,5470,5470,1819,
2024-09-12 14:36:00+05:30,5470,5472.75,5470,5471.75,866,
2024-09-12 14:37:00+05:30,5471.75,5476.1,5471.2,5475.85,1568,
2024-09-12 14:38:00+05:30,5475.85,5475.95,5470,5470,1800,
2024-09-12 14:39:00+05:30,5470,5472.7,5466.35,5466.35,5809,
2024-09-12 14:40:00+05:30,5466.35,5470,5466.35,5466.75,1714,
2024-09-12 14:41:00+05:30,5466.75,5468.1,5465,5465,1199,
2024-09-12 14:42:00+05:30,5465,5470,5465,5469.95,1197,
2024-09-12 14:43:00+05:30,5468.1,5470,5467.95,5469.95,813,
2024-09-12 14:44:00+05:30,5470,5470,5468.45,5468.45,912,
2024-09-12 14:45:00+05:30,5468.45,5469.45,5464.45,5468.65,11261,
2024-09-12 14:46:00+05:30,5468.65,5472.5,5466,5472,2399,
2024-09-12 14:47:00+05:30,5472,5475.6,5470.15,5475.6,3322,
2024-09-12 14:48:00+05:30,5475.55,5480.75,5474.05,5480.55,6000,
2024-09-12 14:49:00+05:30,5480.55,5482.35,5480,5481.9,4597,
2024-09-12 14:50:00+05:30,5481.9,5485.15,5477.85,5477.85,15902,
2024-09-12 14:51:00+05:30,5478.6,5479.2,5474.9,5476.85,1783,
2024-09-12 14:52:00+05:30,5476.85,5477.55,5474.95,5475.8,369,
2024-09-12 14:53:00+05:30,5476.7,5482.5,5475.75,5481.85,1626,
2024-09-12 14:54:00+05:30,5481.2,5482.4,5475.55,5476.7,2871,
2024-09-12 14:55:00+05:30,5476.7,5477.5,5471.55,5475.65,1134,
2024-09-12 14:56:00+05:30,5476.55,5483.9,5475.45,5480.4,2095,
2024-09-12 14:57:00+05:30,5480.4,5482.8,5478.7,5478.7,1914,
2024-09-12 14:58:00+05:30,5478.7,5480.55,5478.3,5480,1044,
2024-09-12 14:59:00+05:30,5479.8,5481.45,5477.25,5480.55,8370,
2024-09-12 15:00:00+05:30,5480.65,5490.15,5480.55,5487.55,9956,
2024-09-12 15:01:00+05:30,5487.4,5494.55,5483.25,5493.45,7635,
2024-09-12 15:02:00+05:30,5493.55,5498.15,5491,5494.85,21020,
2024-09-12 15:03:00+05:30,5494.85,5497,5487.1,5488.75,5949,
2024-09-12 15:04:00+05:30,5489.3,5490.9,5483.6,5483.6,5826,
2024-09-12 15:05:00+05:30,5484.95,5489.7,5483,5486.25,6657,
2024-09-12 15:06:00+05:30,5486.2,5486.25,5480.3,5481.7,5069,
2024-09-12 15:07:00+05:30,5481.7,5487.35,5481.7,5485.35,5119,
2024-09-12 15:08:00+05:30,5485.05,5488,5481.8,5486.3,4938,
2024-09-12 15:09:00+05:30,5486.3,5489.65,5481.85,5489.65,4912,
2024-09-12 15:10:00+05:30,5489.65,5489.65,5482.05,5483.1,5346,
2024-09-12 15:11:00+05:30,5483.1,5484.95,5480,5482.3,7543,
2024-09-12 15:12:00+05:30,5482.6,5484.2,5480.35,5483.4,6958,
2024-09-12 15:13:00+05:30,5483.45,5484.95,5481.1,5482.15,3976,
2024-09-12 15:14:00+05:30,5482.45,5484.8,5481.15,5483.45,4584,
2024-09-12 15:15:00+05:30,5483.4,5483.5,5481.25,5481.35,5096,
2024-09-12 15:16:00+05:30,5481.4,5481.4,5477.25,5477.5,7594,
2024-09-12 15:17:00+05:30,5477.55,5478.7,5474.6,5474.6,11410,
2024-09-12 15:18:00+05:30,5474.6,5475,5472.05,5472.15,6744,
2024-09-12 15:19:00+05:30,5472.25,5475.1,5472.15,5474.65,4723,
2024-09-12 15:20:00+05:30,5474.7,5479.45,5474.7,5476.05,7345,
2024-09-12 15:21:00+05:30,5475.95,5477.8,5474.35,5477.75,4943,
2024-09-12 15:22:00+05:30,5476.55,5476.55,5473.4,5475,4500,
2024-09-12 15:23:00+05:30,5475.05,5477,5475,5475.95,3421,
2024-09-12 15:24:00+05:30,5475.95,5480,5475.95,5477.1,6328,
2024-09-12 15:25:00+05:30,5477.2,5482.35,5477.15,5479.85,6039,
2024-09-12 15:26:00+05:30,5479.5,5485.25,5477.75,5479.15,3225,
2024-09-12 15:27:00+05:30,5479.15,5490.85,5479.15,5487.25,3698,
2024-09-12 15:28:00+05:30,5487.3,5495.5,5471.7,5471.7,4169,
2024-09-12 15:29:00+05:30,5471.7,5481.65,5471.25,5473,6281,
2024-09-13 09:15:00+05:30,5465.05,5465.05,5421.7,5429.6,4165,
2024-09-13 09:16:00+05:30,5427,5433.6,5421.75,5422.1,4510,
2024-09-13 09:17:00+05:30,5422,5428.2,5417.7,5428.2,2781,
2024-09-13 09:18:00+05:30,5426.75,5434.65,5423,5426.65,1767,
2024-09-13 09:19:00+05:30,5425.05,5431.45,5415,5415,2747,
2024-09-13 09:20:00+05:30,5415,5420.2,5411.25,5411.25,2803,
2024-09-13 09:21:00+05:30,5411.1,5422,5410.8,5422,1726,
2024-09-13 09:22:00+05:30,5422,5422,5414.2,5419.7,1371,
2024-09-13 09:23:00+05:30,5418.85,5421.85,5417.7,5417.7,848,
2024-09-13 09:24:00+05:30,5417.8,5417.9,5410.5,5415.35,2209,
2024-09-13 09:25:00+05:30,5412.25,5416.7,5411.1,5416.7,794,
2024-09-13 09:26:00+05:30,5414.85,5417.3,5406.6,5412.3,2410,
2024-09-13 09:27:00+05:30,5409.9,5413.05,5409.9,5412.1,1087,
2024-09-13 09:28:00+05:30,5412.05,5413.1,5409.1,5410.55,1143,
2024-09-13 09:29:00+05:30,5410.55,5412.55,5410.55,5412,342,
2024-09-13 09:30:00+05:30,5412,5417,5410.55,5411.3,1789,
2024-09-13 09:31:00+05:30,5411.4,5416.45,5410.55,5413.55,1338,
2024-09-13 09:32:00+05:30,5413.55,5416,5411.7,5413.9,970,
2024-09-13 09:33:00+05:30,5413.6,5419.95,5413.6,5419.95,703,
2024-09-13 09:34:00+05:30,5419.7,5422.3,5412.5,5415,2164,
2024-09-13 09:35:00+05:30,5415,5418.85,5409,5409,1947,
2024-09-13 09:36:00+05:30,5408,5414,5403.05,5414,3302,
2024-09-13 09:37:00+05:30,5414,5415.85,5411.5,5414,474,
2024-09-13 09:38:00+05:30,5414,5415,5410,5410.05,1186,
2024-09-13 09:39:00+05:30,5410.05,5411.95,5409.95,5411.8,788,
2024-09-13 09:40:00+05:30,5410.75,5425,5410.75,5425,1282,
2024-09-13 09:41:00+05:30,5424.95,5425,5422.4,5424.9,821,
2024-09-13 09:42:00+05:30,5423,5429.55,5422.4,5428.95,1686,
2024-09-13 09:43:00+05:30,5427,5430.2,5425.9,5428,1393,
2024-09-13 09:44:00+05:30,5428,5431.05,5428,5429.5,833,
2024-09-13 09:45:00+05:30,5429.8,5440,5429.75,5440,1401,
2024-09-13 09:46:00+05:30,5439.75,5442,5430.5,5432.05,1638,
2024-09-13 09:47:00+05:30,5432.05,5438.45,5428.65,5436.35,604,
2024-09-13 09:48:00+05:30,5436.35,5438.15,5429.65,5430.5,1089,
2024-09-13 09:49:00+05:30,5430.5,5437.7,5430.5,5437,218,
2024-09-13 09:50:00+05:30,5437,5437,5433.1,5434.5,1993,
2024-09-13 09:51:00+05:30,5434.5,5434.55,5430,5430.25,952,
2024-09-13 09:52:00+05:30,5430.25,5432,5429,5429,322,
2024-09-13 09:53:00+05:30,5429,5431.2,5428,5428,537,
2024-09-13 09:54:00+05:30,5428,5428,5425,5425,1036,
2024-09-13 09:55:00+05:30,5425,5426,5422.25,5423.45,375,
2024-09-13 09:56:00+05:30,5429.65,5429.65,5420.1,5421.25,838,
2024-09-13 09:57:00+05:30,5421.25,5423.2,5421.25,5423.2,238,
2024-09-13 09:58:00+05:30,5424.1,5424.1,5421,5421.7,607,
2024-09-13 09:59:00+05:30,5421.7,5425.35,5421.7,5425.35,235,
2024-09-13 10:00:00+05:30,5425.15,5427.3,5423.05,5427.05,260,
2024-09-13 10:01:00+05:30,5427.05,5430,5425.55,5425.7,1365,
2024-09-13 10:02:00+05:30,5425.7,5427.85,5425.7,5426.5,277,
2024-09-13 10:03:00+05:30,5426.5,5428.4,5422.05,5428.4,446,
2024-09-13 10:04:00+05:30,5427.1,5434.3,5425.6,5432.25,643,
2024-09-13 10:05:00+05:30,5432.25,5445.1,5432.25,5437.05,4411,
2024-09-13 10:06:00+05:30,5437.05,5437.05,5433.3,5433.35,308,
2024-09-13 10:07:00+05:30,5433.35,5435.95,5433.15,5435,180,
2024-09-13 10:08:00+05:30,5435,5437,5430,5431.55,1280,
2024-09-13 10:09:00+05:30,5430.05,5431.55,5429.4,5429.75,866,
2024-09-13 10:10:00+05:30,5429.75,5434.95,5429.75,5434.95,140,
2024-09-13 10:11:00+05:30,5432.95,5436,5431,5432,692,
2024-09-13 10:12:00+05:30,5432,5435,5432,5432,218,
2024-09-13 10:13:00+05:30,5432,5435,5432,5433.15,429,
2024-09-13 10:14:00+05:30,5433.15,5440,5432.75,5436.3,779,
2024-09-13 10:15:00+05:30,5436.3,5438.8,5433.15,5436,315,
2024-09-13 10:16:00+05:30,5436,5438.25,5434,5434,647,
2024-09-13 10:17:00+05:30,5434.95,5437.95,5434.8,5435.2,236,
2024-09-13 10:18:00+05:30,5435.2,5435.95,5427.1,5428.15,1208,
2024-09-13 10:19:00+05:30,5430.8,5434.1,5430,5433.75,1050,
2024-09-13 10:20:00+05:30,5433.75,5434.95,5433.45,5434.25,302,
2024-09-13 10:21:00+05:30,5434.25,5438,5434.25,5438,324,
2024-09-13 10:22:00+05:30,5438,5440,5431.2,5431.4,1610,
2024-09-13 10:23:00+05:30,5431.4,5433,5429,5431.15,368,
2024-09-13 10:24:00+05:30,5428.75,5430.95,5425,5425,210,
2024-09-13 10:25:00+05:30,5425,5425.5,5421.05,5421.05,831,
2024-09-13 10:26:00+05:30,5421.05,5430.95,5421.05,5430.95,602,
2024-09-13 10:27:00+05:30,5430.95,5430.95,5424,5424,256,
2024-09-13 10:28:00+05:30,5424,5426.55,5424,5426.55,172,
2024-09-13 10:29:00+05:30,5426.55,5429.1,5425.65,5427.25,240,
2024-09-13 10:30:00+05:30,5427.25,5435.1,5427.25,5432.05,366,
2024-09-13 10:31:00+05:30,5432.05,5434.95,5432.05,5434.9,123,
2024-09-13 10:32:00+05:30,5433.1,5434,5429.1,5431.25,1958,
2024-09-13 10:33:00+05:30,5431.25,5433.9,5430.4,5431.55,273,
2024-09-13 10:34:00+05:30,5431.55,5432.95,5430.55,5431.05,114,
2024-09-13 10:35:00+05:30,5431.05,5432.9,5429.7,5429.7,58,
2024-09-13 10:36:00+05:30,5429.7,5429.7,5427.05,5427.05,628,
2024-09-13 10:37:00+05:30,5427.05,5429.45,5427,5427,85,
2024-09-13 10:38:00+05:30,5427,5432.7,5427,5432.7,283,
2024-09-13 10:39:00+05:30,5430.55,5430.55,5429.75,5429.85,98,
2024-09-13 10:40:00+05:30,5429.85,5429.95,5423.5,5423.5,445,
2024-09-13 10:41:00+05:30,5423.85,5427.9,5423.85,5427.9,178,
2024-09-13 10:42:00+05:30,5427.9,5427.9,5425,5426.6,132,
2024-09-13 10:43:00+05:30,5425,5426.6,5421.5,5424.4,312,
2024-09-13 10:44:00+05:30,5424.4,5424.4,5421.25,5421.35,156,
2024-09-13 10:45:00+05:30,5421.35,5423.6,5416.7,5416.7,1409,
2024-09-13 10:46:00+05:30,5416.7,5420.1,5415.55,5417.75,655,
2024-09-13 10:47:00+05:30,5417.75,5420,5412,5420,2054,
2024-09-13 10:48:00+05:30,5420,5425,5420,5422.95,565,
2024-09-13 10:49:00+05:30,5422.95,5427.4,5422.5,5423.1,571,
2024-09-13 10:50:00+05:30,5422.5,5424.6,5422.5,5423.15,341,
2024-09-13 10:51:00+05:30,5424.85,5426.2,5423.5,5424.85,215,
2024-09-13 10:52:00+05:30,5424.85,5425.85,5424.05,5424.05,94,
2024-09-13 10:53:00+05:30,5424.05,5427.85,5422.5,5423.25,391,
2024-09-13 10:54:00+05:30,5423.3,5425.3,5423.25,5423.25,135,
2024-09-13 10:55:00+05:30,5423.25,5426,5423.25,5426,397,
2024-09-13 10:56:00+05:30,5426,5426,5424,5425,419,
2024-09-13 10:57:00+05:30,5426,5427.6,5426,5427.6,216,
2024-09-13 10:58:00+05:30,5427.6,5428.55,5424,5426.35,481,
2024-09-13 10:59:00+05:30,5426.35,5428.95,5426.35,5428.1,48,
2024-09-13 11:00:00+05:30,5428.1,5428.75,5426.45,5428.3,72,
2024-09-13 11:01:00+05:30,5428.3,5428.35,5426.5,5426.75,141,
2024-09-13 11:02:00+05:30,5426.7,5428.35,5422.5,5424.75,1878,
2024-09-13 11:03:00+05:30,5424.75,5427.65,5423.5,5427.2,397,
2024-09-13 11:04:00+05:30,5427.2,5427.2,5425.85,5426.95,62,
2024-09-13 11:05:00+05:30,5425.85,5430,5425,5425,958,
2024-09-13 11:06:00+05:30,5425,5427.85,5425,5427.8,187,
2024-09-13 11:07:00+05:30,5427.8,5427.8,5426.1,5427.65,541,
2024-09-13 11:08:00+05:30,5427.65,5431.9,5427.65,5431.9,268,
2024-09-13 11:09:00+05:30,5431.9,5431.9,5429.75,5429.75,331,
2024-09-13 11:10:00+05:30,5429.75,5433.4,5429.75,5430,214,
2024-09-13 11:11:00+05:30,5430,5431.9,5428.55,5430,170,
2024-09-13 11:12:00+05:30,5428.6,5431,5428.55,5431,332,
2024-09-13 11:13:00+05:30,5431,5431.35,5429.1,5431,324,
2024-09-13 11:14:00+05:30,5431,5431.95,5429.45,5429.45,143,
2024-09-13 11:15:00+05:30,5431.85,5431.85,5429.45,5429.45,44,
2024-09-13 11:16:00+05:30,5429.45,5431.8,5429.35,5429.35,136,
2024-09-13 11:17:00+05:30,5429.45,5429.45,5428.5,5428.5,62,
2024-09-13 11:18:00+05:30,5429.45,5432.45,5427.7,5430.4,272,
2024-09-13 11:19:00+05:30,5430.4,5432.5,5430.4,5432.5,68,
2024-09-13 11:20:00+05:30,5431,5432.5,5428.2,5430.5,93,
2024-09-13 11:21:00+05:30,5432.15,5432.5,5431.75,5432.5,242,
2024-09-13 11:22:00+05:30,5432.5,5432.5,5431.75,5431.75,440,
2024-09-13 11:23:00+05:30,5432.5,5432.5,5431.75,5432,315,
2024-09-13 11:24:00+05:30,5432,5432.5,5430,5430,518,
2024-09-13 11:25:00+05:30,5430,5431.55,5430,5430,88,
2024-09-13 11:26:00+05:30,5430,5430.95,5427.7,5429.95,246,
2024-09-13 11:27:00+05:30,5429.95,5432.5,5429.95,5432.5,84,
2024-09-13 11:28:00+05:30,5432.5,5432.5,5430.4,5430.65,115,
2024-09-13 11:29:00+05:30,5430.65,5431.05,5429.3,5430.9,82,
2024-09-13 11:30:00+05:30,5430.9,5435,5430.9,5435,784,
2024-09-13 11:31:00+05:30,5435,5435,5431,5431,161,
2024-09-13 11:32:00+05:30,5431,5435,5430.8,5435,309,
2024-09-13 11:33:00+05:30,5435,5442,5434.3,5440,573,
2024-09-13 11:34:00+05:30,5440,5452,5440,5450.8,1672,
2024-09-13 11:35:00+05:30,5450.8,5454.5,5449.05,5451.7,1791,
2024-09-13 11:36:00+05:30,5451.7,5454.05,5446.65,5446.7,813,
2024-09-13 11:37:00+05:30,5446.7,5452.95,5446.7,5452.55,925,
2024-09-13 11:38:00+05:30,5452.95,5454.9,5450,5450,681,
2024-09-13 11:39:00+05:30,5450,5450.2,5446.5,5450,463,
2024-09-13 11:40:00+05:30,5450,5451.45,5449.8,5451.35,596,
2024-09-13 11:41:00+05:30,5451.45,5452.05,5449.2,5451.9,547,
2024-09-13 11:42:00+05:30,5451.95,5454.9,5451.85,5454.9,963,
2024-09-13 11:43:00+05:30,5454.9,5454.9,5450.95,5451.15,1638,
2024-09-13 11:44:00+05:30,5451.15,5453.95,5449.3,5453.95,739,
2024-09-13 11:45:00+05:30,5453.95,5453.95,5448.7,5451,596,
2024-09-13 11:46:00+05:30,5451,5454.65,5450.25,5454.65,762,
2024-09-13 11:47:00+05:30,5452.85,5459.9,5452.85,5457.5,1190,
2024-09-13 11:48:00+05:30,5458.1,5459.3,5456.3,5459.3,425,
2024-09-13 11:49:00+05:30,5459.3,5460,5455.1,5458.35,753,
2024-09-13 11:50:00+05:30,5457.7,5458.4,5455.75,5458.4,332,
2024-09-13 11:51:00+05:30,5458.4,5458.4,5456.7,5457.35,439,
2024-09-13 11:52:00+05:30,5457.35,5458.9,5456.2,5458.4,381,
2024-09-13 11:53:00+05:30,5458.4,5458.4,5453.85,5458,796,
2024-09-13 11:54:00+05:30,5458,5458.5,5455.8,5458.5,291,
2024-09-13 11:55:00+05:30,5458.6,5463.8,5458.5,5459.75,1920,
2024-09-13 11:56:00+05:30,5460.5,5462,5459.05,5462,363,
2024-09-13 11:57:00+05:30,5462.05,5462.45,5458.05,5461.35,406,
2024-09-13 11:58:00+05:30,5461.35,5461.35,5458,5461.1,307,
2024-09-13 11:59:00+05:30,5456.65,5460,5456.05,5460,616,
2024-09-13 12:00:00+05:30,5460.95,5462,5458.05,5462,585,
2024-09-13 12:01:00+05:30,5462,5463,5462,5462.85,273,
2024-09-13 12:02:00+05:30,5463,5463,5460,5462.1,672,
2024-09-13 12:03:00+05:30,5462.2,5462.65,5460,5462.65,179,
2024-09-13 12:04:00+05:30,5462.65,5468.8,5462.1,5465.5,1100,
2024-09-13 12:05:00+05:30,5465.55,5465.55,5461.45,5461.45,885,
2024-09-13 12:06:00+05:30,5461.45,5462.95,5461.45,5462.95,394,
2024-09-13 12:07:00+05:30,5462.95,5462.95,5457.55,5460.25,647,
2024-09-13 12:08:00+05:30,5460.15,5461.35,5459.15,5460.25,280,
2024-09-13 12:09:00+05:30,5460.25,5460.25,5455.45,5455.9,792,
2024-09-13 12:10:00+05:30,5455.9,5458.3,5454.95,5457.95,435,
2024-09-13 12:11:00+05:30,5460,5460,5454.1,5454.25,607,
2024-09-13 12:12:00+05:30,5454.25,5456.9,5454.25,5456.4,269,
2024-09-13 12:13:00+05:30,5456.3,5456.3,5449.15,5451.3,902,
2024-09-13 12:14:00+05:30,5448.6,5453.25,5448.6,5453.25,999,
2024-09-13 12:15:00+05:30,5453.95,5456.85,5453.4,5454.15,462,
2024-09-13 12:16:00+05:30,5454.4,5456,5452,5454,541,
2024-09-13 12:17:00+05:30,5453.3,5459,5453.3,5455.75,380,
2024-09-13 12:18:00+05:30,5455.75,5458,5454.05,5454.45,496,
2024-09-13 12:19:00+05:30,5454.45,5458,5454.45,5458,265,
2024-09-13 12:20:00+05:30,5458,5458.75,5456.05,5458.75,332,
2024-09-13 12:21:00+05:30,5458.9,5458.95,5456.35,5458.9,488,
2024-09-13 12:22:00+05:30,5458.55,5460,5458.55,5460,340,
2024-09-13 12:23:00+05:30,5459.45,5463.15,5459.15,5462,631,
2024-09-13 12:24:00+05:30,5462.05,5462.05,5459.15,5460.25,387,
2024-09-13 12:25:00+05:30,5459.45,5461.15,5457,5460.2,829,
2024-09-13 12:26:00+05:30,5460.2,5460.5,5455,5460.5,444,
2024-09-13 12:27:00+05:30,5460.5,5460.5,5458.6,5460.45,356,
2024-09-13 12:28:00+05:30,5460.5,5462.95,5457.75,5462.95,334,
2024-09-13 12:29:00+05:30,5461.45,5464.7,5460.95,5462,520,
2024-09-13 12:30:00+05:30,5462,5468.2,5461.75,5467.55,5960,
2024-09-13 12:31:00+05:30,5465.9,5467.1,5465,5466.95,2083,
2024-09-13 12:32:00+05:30,5466.95,5469,5465,5467.4,1276,
2024-09-13 12:33:00+05:30,5467.45,5468.8,5465.25,5465.4,369,
2024-09-13 12:34:00+05:30,5465.4,5467,5465,5465.9,1143,
2024-09-13 12:35:00+05:30,5465.9,5466,5465,5465,2502,
2024-09-13 12:36:00+05:30,5465,5466,5464.05,5465,727,
2024-09-13 12:37:00+05:30,5465.5,5466,5465,5465,556,
2024-09-13 12:38:00+05:30,5464.1,5464.1,5458.35,5459.75,605,
2024-09-13 12:39:00+05:30,5459.5,5461,5457.65,5461,304,
2024-09-13 12:40:00+05:30,5461,5461.05,5456.85,5457,575,
2024-09-13 12:41:00+05:30,5458.1,5459,5452.75,5452.75,1042,
2024-09-13 12:42:00+05:30,5452.75,5455,5451.45,5454.35,344,
2024-09-13 12:43:00+05:30,5454.8,5454.9,5451.6,5454.35,518,
2024-09-13 12:44:00+05:30,5454.8,5457.45,5454.8,5455.9,350,
2024-09-13 12:45:00+05:30,5455.9,5455.9,5452.3,5454.75,686,
2024-09-13 12:46:00+05:30,5454.75,5454.8,5453.35,5454.1,331,
2024-09-13 12:47:00+05:30,5454.1,5454.1,5453.35,5454.05,260,
2024-09-13 12:48:00+05:30,5454,5457.45,5453.9,5456.3,582,
2024-09-13 12:49:00+05:30,5457.1,5457.9,5454,5455.1,506,
2024-09-13 12:50:00+05:30,5455.1,5457.95,5453.85,5455.05,250,
2024-09-13 12:51:00+05:30,5455.05,5455.6,5454.5,5455.05,328,
2024-09-13 12:52:00+05:30,5455.05,5457.25,5454.85,5455,326,
2024-09-13 12:53:00+05:30,5455.5,5456.95,5455,5456.85,398,
2024-09-13 12:54:00+05:30,5456.85,5456.9,5453.35,5455.95,461,
2024-09-13 12:55:00+05:30,5454.45,5456.3,5453.35,5456.1,259,
2024-09-13 12:56:00+05:30,5456.1,5456.1,5452.3,5452.3,735,
2024-09-13 12:57:00+05:30,5452.3,5456.2,5452.3,5456,370,
2024-09-13 12:58:00+05:30,5455.4,5456.5,5453.2,5455.5,310,
2024-09-13 12:59:00+05:30,5455.5,5458.05,5454.2,5458.05,463,
2024-09-13 13:00:00+05:30,5457.5,5459.95,5456,5457.95,637,
2024-09-13 13:01:00+05:30,5457.95,5458.55,5454.8,5457.25,370,
2024-09-13 13:02:00+05:30,5458.45,5459.45,5455,5456.8,458,
2024-09-13 13:03:00+05:30,5456.8,5460,5456.8,5460,336,
2024-09-13 13:04:00+05:30,5459.45,5463.65,5458.4,5463.15,399,
2024-09-13 13:05:00+05:30,5463.15,5463.25,5458.8,5459.9,481,
2024-09-13 13:06:00+05:30,5459.9,5464.75,5459.55,5460.9,363,
2024-09-13 13:07:00+05:30,5460.9,5462.95,5460.45,5462.65,309,
2024-09-13 13:08:00+05:30,5462.65,5464.75,5460.45,5462.9,625,
2024-09-13 13:09:00+05:30,5462.95,5462.95,5460,5461.35,644,
2024-09-13 13:10:00+05:30,5461.35,5462.35,5458.8,5462.25,408,
2024-09-13 13:11:00+05:30,5460.65,5462.3,5460.1,5462.25,376,
2024-09-13 13:12:00+05:30,5462.25,5462.5,5459.95,5462.3,460,
2024-09-13 13:13:00+05:30,5462.35,5464.75,5462.3,5463.85,487,
2024-09-13 13:14:00+05:30,5463.9,5465,5462.6,5462.6,584,
2024-09-13 13:15:00+05:30,5462.6,5466,5462.3,5462.8,729,
2024-09-13 13:16:00+05:30,5462.8,5478,5462.8,5476.4,3969,
2024-09-13 13:17:00+05:30,5476.4,5483.55,5476.4,5482,1609,
2024-09-13 13:18:00+05:30,5482.35,5482.35,5476.25,5481.2,1067,
2024-09-13 13:19:00+05:30,5482,5482.45,5478.45,5478.6,886,
2024-09-13 13:20:00+05:30,5478.6,5482.45,5478.05,5482.45,969,
2024-09-13 13:21:00+05:30,5482.3,5484,5478.55,5483.85,1546,
2024-09-13 13:22:00+05:30,5483.85,5486.95,5483.85,5485.55,1264,
2024-09-13 13:23:00+05:30,5485,5485.45,5483.15,5485,742,
2024-09-13 13:24:00+05:30,5484.8,5486.8,5483.15,5486.8,666,
2024-09-13 13:25:00+05:30,5486.8,5493,5485.05,5490.8,1728,
2024-09-13 13:26:00+05:30,5492.4,5492.8,5490.25,5490.25,1055,
2024-09-13 13:27:00+05:30,5490.25,5492.1,5488.35,5490.15,917,
2024-09-13 13:28:00+05:30,5490.15,5492,5488.7,5490.8,831,
2024-09-13 13:29:00+05:30,5488.75,5491.7,5488.5,5491.7,842,
2024-09-13 13:30:00+05:30,5491.15,5491.15,5490,5490.9,426,
2024-09-13 13:31:00+05:30,5490.9,5491.45,5488.75,5491,1003,
2024-09-13 13:32:00+05:30,5491,5493.2,5490.9,5492.3,803,
2024-09-13 13:33:00+05:30,5492.3,5497.75,5491.75,5497.75,1906,
2024-09-13 13:34:00+05:30,5497.45,5504.95,5497.45,5501.15,2798,
2024-09-13 13:35:00+05:30,5501.15,5508,5500.15,5505.05,3578,
2024-09-13 13:36:00+05:30,5505.05,5507,5499.8,5500.5,3681,
2024-09-13 13:37:00+05:30,5500.5,5504.95,5500.5,5504.95,691,
2024-09-13 13:38:00+05:30,5501.9,5504.95,5501.9,5502,552,
2024-09-13 13:39:00+05:30,5502,5508.95,5502,5505.7,917,
2024-09-13 13:40:00+05:30,5505,5511,5505,5506.6,1695,
2024-09-13 13:41:00+05:30,5506.6,5514.8,5506.6,5511.1,1375,
2024-09-13 13:42:00+05:30,5514.4,5520,5511.4,5516.1,2752,
2024-09-13 13:43:00+05:30,5516.1,5519.9,5516.1,5519.5,1706,
2024-09-13 13:44:00+05:30,5518.75,5518.75,5513.25,5516.85,1744,
2024-09-13 13:45:00+05:30,5516.85,5519,5515,5519,2019,
2024-09-13 13:46:00+05:30,5517.55,5518.9,5515.05,5516.5,837,
2024-09-13 13:47:00+05:30,5516.5,5519,5516.5,5519,1055,
2024-09-13 13:48:00+05:30,5519,5520,5518.65,5518.85,1023,
2024-09-13 13:49:00+05:30,5518.85,5520,5516.25,5520,1318,
2024-09-13 13:50:00+05:30,5520,5520,5515.2,5516,931,
2024-09-13 13:51:00+05:30,5515.8,5515.95,5511.25,5512.75,2341,
2024-09-13 13:52:00+05:30,5514.15,5516.55,5496.9,5497.75,4904,
2024-09-13 13:53:00+05:30,5501.25,5508.5,5499.9,5505.1,2576,
2024-09-13 13:54:00+05:30,5505.1,5506.75,5502.6,5503.9,1350,
2024-09-13 13:55:00+05:30,5503.9,5505.2,5501.8,5504,628,
2024-09-13 13:56:00+05:30,5504,5506,5502,5504.4,1333,
2024-09-13 13:57:00+05:30,5504.4,5505.45,5503,5503,896,
2024-09-13 13:58:00+05:30,5503,5505,5500.6,5502.4,955,
2024-09-13 13:59:00+05:30,5502.4,5502.7,5500.6,5500.6,1267,
2024-09-13 14:00:00+05:30,5500.6,5501.65,5497,5499,1193,
2024-09-13 14:01:00+05:30,5499,5502,5496.35,5501.8,905,
2024-09-13 14:02:00+05:30,5501.8,5502.75,5501,5501.5,880,
2024-09-13 14:03:00+05:30,5501.5,5503.45,5500,5503,1070,
2024-09-13 14:04:00+05:30,5503,5504,5500.4,5501.9,644,
2024-09-13 14:05:00+05:30,5501.9,5504.85,5500,5502,699,
2024-09-13 14:06:00+05:30,5502,5502.25,5498.75,5499.8,565,
2024-09-13 14:07:00+05:30,5500,5501.8,5497.5,5501.45,634,
2024-09-13 14:08:00+05:30,5500,5503.95,5499.05,5502.8,866,
2024-09-13 14:09:00+05:30,5502.8,5504,5500.15,5504,609,
2024-09-13 14:10:00+05:30,5504,5504,5500.25,5502.9,741,
2024-09-13 14:11:00+05:30,5502.3,5503.55,5500.1,5500.1,595,
2024-09-13 14:12:00+05:30,5500.1,5502.5,5500.1,5501.6,440,
2024-09-13 14:13:00+05:30,5501.6,5502.25,5497.15,5497.2,982,
2024-09-13 14:14:00+05:30,5497.2,5500,5496.6,5498.75,448,
2024-09-13 14:15:00+05:30,5498.45,5500,5495.9,5497.9,1205,
2024-09-13 14:16:00+05:30,5496.6,5501.6,5496.6,5500.2,770,
2024-09-13 14:17:00+05:30,5500.95,5502.45,5499.95,5500,628,
2024-09-13 14:18:00+05:30,5500,5502.5,5498.65,5502.15,936,
2024-09-13 14:19:00+05:30,5502.15,5504.95,5500.55,5504.8,1090,
2024-09-13 14:20:00+05:30,5504.8,5508.45,5504.65,5505.95,1021,
2024-09-13 14:21:00+05:30,5505,5508.9,5505,5507.95,1197,
2024-09-13 14:22:00+05:30,5507.95,5510.8,5506,5508.1,1347,
2024-09-13 14:23:00+05:30,5508.35,5512.25,5505.5,5512.25,1705,
2024-09-13 14:24:00+05:30,5512.25,5515,5509,5515,954,
2024-09-13 14:25:00+05:30,5515,5515,5514,5514.95,1556,
2024-09-13 14:26:00+05:30,5514.95,5515,5510.25,5512.35,1220,
2024-09-13 14:27:00+05:30,5511.65,5513.2,5507.9,5507.95,962,
2024-09-13 14:28:00+05:30,5507.95,5509.6,5507.25,5507.25,791,
2024-09-13 14:29:00+05:30,5509.5,5511.35,5506.9,5506.9,1340,
2024-09-13 14:30:00+05:30,5507.5,5507.95,5501.6,5504.55,1183,
2024-09-13 14:31:00+05:30,5504.55,5509.6,5504.55,5509.3,1613,
2024-09-13 14:32:00+05:30,5509.3,5510,5509.3,5509.85,1510,
2024-09-13 14:33:00+05:30,5509.3,5509.85,5507.4,5508.95,666,
2024-09-13 14:34:00+05:30,5508.9,5508.95,5507.8,5508.95,818,
2024-09-13 14:35:00+05:30,5508.95,5508.95,5507.9,5508.5,1105,
2024-09-13 14:36:00+05:30,5507.65,5508.7,5505.6,5508.65,905,
2024-09-13 14:37:00+05:30,5508.7,5508.7,5508.65,5508.65,770,
2024-09-13 14:38:00+05:30,5508.7,5513.7,5508.65,5511.9,2061,
2024-09-13 14:39:00+05:30,5511.9,5513.6,5509.1,5511.75,2048,
2024-09-13 14:40:00+05:30,5511,5512.45,5509.45,5511.45,555,
2024-09-13 14:41:00+05:30,5510.8,5512.45,5510.1,5510.9,1382,
2024-09-13 14:42:00+05:30,5510.6,5511,5506.9,5506.9,1521,
2024-09-13 14:43:00+05:30,5508,5510,5507.3,5509.95,1326,
2024-09-13 14:44:00+05:30,5511,5513.5,5507.55,5507.55,1384,
2024-09-13 14:45:00+05:30,5507.6,5512.65,5506.3,5511.8,1601,
2024-09-13 14:46:00+05:30,5511.85,5513,5510.8,5510.85,1501,
2024-09-13 14:47:00+05:30,5510.85,5512.3,5510.75,5511.85,1037,
2024-09-13 14:48:00+05:30,5512.25,5512.3,5512,5512.25,1404,
2024-09-13 14:49:00+05:30,5512.3,5512.4,5510.1,5512,1377,
2024-09-13 14:50:00+05:30,5512.25,5513.25,5510.8,5513.25,1155,
2024-09-13 14:51:00+05:30,5513.25,5514.8,5513.25,5514.8,1481,
2024-09-13 14:52:00+05:30,5514.8,5520,5514.75,5519.95,2240,
2024-09-13 14:53:00+05:30,5519.85,5525,5519.85,5524.3,2773,
2024-09-13 14:54:00+05:30,5524.3,5524.3,5521.4,5522.7,902,
2024-09-13 14:55:00+05:30,5522.7,5530.05,5521.15,5529.05,5909,
2024-09-13 14:56:00+05:30,5530,5531.75,5525.25,5526.6,2256,
2024-09-13 14:57:00+05:30,5526.6,5527.5,5524.75,5524.8,1805,
2024-09-13 14:58:00+05:30,5524.8,5527.3,5524.5,5525.95,3427,
2024-09-13 14:59:00+05:30,5526,5526.45,5523,5523,1920,
2024-09-13 15:00:00+05:30,5523.65,5523.65,5513.1,5513.1,2315,
2024-09-13 15:01:00+05:30,5513.15,5513.15,5500.5,5500.5,2715,
2024-09-13 15:02:00+05:30,5500.5,5505.4,5499.45,5505.3,3383,
2024-09-13 15:03:00+05:30,5504.95,5504.95,5491.1,5491.1,2300,
2024-09-13 15:04:00+05:30,5490.65,5491.95,5486.7,5487,3189,
2024-09-13 15:05:00+05:30,5487,5496.1,5487,5494.55,3037,
2024-09-13 15:06:00+05:30,5494.55,5495.4,5489.45,5490.5,2384,
2024-09-13 15:07:00+05:30,5490.45,5495,5486.75,5495,2444,
2024-09-13 15:08:00+05:30,5495,5499,5495,5496.4,2688,
2024-09-13 15:09:00+05:30,5498.2,5500,5497,5497.55,2266,
2024-09-13 15:10:00+05:30,5496.85,5499.7,5496.85,5497.55,1575,
2024-09-13 15:11:00+05:30,5497.6,5502.15,5495.65,5501.4,2425,
2024-09-13 15:12:00+05:30,5501.05,5501.95,5498.2,5498.2,2316,
2024-09-13 15:13:00+05:30,5498.25,5498.25,5491.55,5492.05,1905,
2024-09-13 15:14:00+05:30,5492.05,5492.05,5488.55,5490.35,2329,
2024-09-13 15:15:00+05:30,5490.35,5494.45,5490.35,5493.05,2328,
2024-09-13 15:16:00+05:30,5493.05,5496.1,5490.25,5493.85,4297,
2024-09-13 15:17:00+05:30,5493.9,5496.15,5491.55,5493,1369,
2024-09-13 15:18:00+05:30,5493,5493,5488.35,5492.5,2121,
2024-09-13 15:19:00+05:30,5492.5,5493.95,5488.95,5492.05,1898,
2024-09-13 15:20:00+05:30,5492.05,5502.5,5491.9,5500.6,3567,
2024-09-13 15:21:00+05:30,5500.6,5500.6,5498.3,5499.4,1447,
2024-09-13 15:22:00+05:30,5499.4,5505,5499.4,5501.1,2108,
2024-09-13 15:23:00+05:30,5501.1,5501.15,5500.5,5500.6,1914,
2024-09-13 15:24:00+05:30,5500.6,5509.25,5500.55,5506.5,3358,
2024-09-13 15:25:00+05:30,5506.5,5515,5505,5512.45,6184,
2024-09-13 15:26:00+05:30,5510.25,5512.35,5506.4,5506.4,3541,
2024-09-13 15:27:00+05:30,5505.15,5505.45,5490.5,5490.55,2355,
2024-09-13 15:28:00+05:30,5490.5,5504.85,5488,5497.6,2564,
2024-09-13 15:29:00+05:30,5497.6,5497.6,5490.05,5492.4,1900,
2024-09-16 09:15:00+05:30,5495,5495,5476.05,5492.6,3635,
2024-09-16 09:16:00+05:30,5491.7,5492.75,5482.55,5486.85,1354,
2024-09-16 09:17:00+05:30,5484.4,5500,5484.4,5499.95,2328,
2024-09-16 09:18:00+05:30,5499.95,5499.95,5491.8,5498.5,1355,
2024-09-16 09:19:00+05:30,5498.6,5498.6,5479.8,5481,3128,
2024-09-16 09:20:00+05:30,5481,5485.05,5477.3,5477.3,678,
2024-09-16 09:21:00+05:30,5477.2,5478.6,5473.2,5475.1,1285,
2024-09-16 09:22:00+05:30,5475.1,5481,5473,5473,927,
2024-09-16 09:23:00+05:30,5474.9,5478,5472.2,5478,1443,
2024-09-16 09:24:00+05:30,5478,5478,5472.8,5476.65,896,
2024-09-16 09:25:00+05:30,5476.65,5483.9,5475.35,5479.6,1911,
2024-09-16 09:26:00+05:30,5478.7,5480.75,5476.35,5477.35,705,
2024-09-16 09:27:00+05:30,5477.5,5487.6,5476.35,5483.95,741,
2024-09-16 09:28:00+05:30,5483.95,5487.25,5480.9,5480.9,1215,
2024-09-16 09:29:00+05:30,5480.9,5488.85,5480.9,5488.85,960,
2024-09-16 09:30:00+05:30,5489,5490,5483.05,5485.9,558,
2024-09-16 09:31:00+05:30,5486.6,5489,5485.6,5487.4,446,
2024-09-16 09:32:00+05:30,5487.4,5496,5487.4,5496,680,
2024-09-16 09:33:00+05:30,5496.15,5497.05,5491.1,5491.1,406,
2024-09-16 09:34:00+05:30,5491.1,5499.95,5491.1,5499.85,689,
2024-09-16 09:35:00+05:30,5499.85,5500,5490.65,5493.8,887,
2024-09-16 09:36:00+05:30,5493.8,5502.25,5493.5,5494.7,2158,
2024-09-16 09:37:00+05:30,5494,5500.95,5494,5498,857,
2024-09-16 09:38:00+05:30,5498,5500.95,5496.8,5499.25,749,
2024-09-16 09:39:00+05:30,5501.45,5505.9,5499.45,5499.45,1784,
2024-09-16 09:40:00+05:30,5499.45,5500,5494.4,5499.25,1425,
2024-09-16 09:41:00+05:30,5498.95,5500,5497.65,5497.65,414,
2024-09-16 09:42:00+05:30,5497.65,5499.8,5495.5,5495.5,569,
2024-09-16 09:43:00+05:30,5495,5499.9,5493.45,5497,371,
2024-09-16 09:44:00+05:30,5497.6,5500,5497,5500,6668,
2024-09-16 09:45:00+05:30,5500,5508,5499.5,5502.2,5541,
2024-09-16 09:46:00+05:30,5501.1,5502.2,5494,5497.4,773,
2024-09-16 09:47:00+05:30,5494.7,5497.9,5491.95,5497.25,760,
2024-09-16 09:48:00+05:30,5496.7,5498.15,5493.4,5495,843,
2024-09-16 09:49:00+05:30,5495,5495,5488.6,5489.1,366,
2024-09-16 09:50:00+05:30,5488.9,5492.3,5482.95,5483.05,754,
2024-09-16 09:51:00+05:30,5485.9,5486.45,5483.3,5485,576,
2024-09-16 09:52:00+05:30,5485,5486.95,5482.15,5486.15,402,
2024-09-16 09:53:00+05:30,5486.15,5486.95,5477.55,5482.6,1999,
2024-09-16 09:54:00+05:30,5482.9,5486.55,5480.15,5482.2,929,
2024-09-16 09:55:00+05:30,5482.2,5488,5475,5487.85,963,
2024-09-16 09:56:00+05:30,5487.85,5487.85,5476.1,5478.95,652,
2024-09-16 09:57:00+05:30,5478.95,5482.25,5476.05,5476.2,562,
2024-09-16 09:58:00+05:30,5476.2,5479.85,5474.1,5479.85,909,
2024-09-16 09:59:00+05:30,5479.85,5483.2,5479.85,5482.7,279,
2024-09-16 10:00:00+05:30,5482.7,5484.8,5479.55,5482.4,427,
2024-09-16 10:01:00+05:30,5482.4,5484.75,5481.1,5481.15,295,
2024-09-16 10:02:00+05:30,5483.95,5484.15,5480.1,5483.95,340,
2024-09-16 10:03:00+05:30,5483.8,5488,5480.6,5486.95,711,
2024-09-16 10:04:00+05:30,5483.45,5487.35,5483,5487,291,
2024-09-16 10:05:00+05:30,5487.4,5488,5487.2,5488,360,
2024-09-16 10:06:00+05:30,5488,5492.2,5487,5489.55,1747,
2024-09-16 10:07:00+05:30,5491.1,5496.8,5489.65,5496.8,649,
2024-09-16 10:08:00+05:30,5496.8,5497.3,5493.8,5495.75,545,
2024-09-16 10:09:00+05:30,5495.75,5497.3,5493.8,5496.1,337,
2024-09-16 10:10:00+05:30,5496,5496,5491,5494.9,348,
2024-09-16 10:11:00+05:30,5494.9,5495,5491.1,5492.05,326,
2024-09-16 10:12:00+05:30,5493.1,5493.7,5487.85,5488.55,311,
2024-09-16 10:13:00+05:30,5488.55,5492,5488.4,5491.55,381,
2024-09-16 10:14:00+05:30,5491.55,5492,5487.95,5489.05,275,
2024-09-16 10:15:00+05:30,5489.05,5489.1,5485.45,5488,316,
2024-09-16 10:16:00+05:30,5487.1,5491.5,5487.1,5490.45,276,
2024-09-16 10:17:00+05:30,5489.65,5491.2,5486.3,5491.2,521,
2024-09-16 10:18:00+05:30,5491.2,5491.95,5486,5490.4,422,
2024-09-16 10:19:00+05:30,5490.4,5493.85,5489.75,5493.8,308,
2024-09-16 10:20:00+05:30,5493.8,5494,5488.25,5492.9,376,
2024-09-16 10:21:00+05:30,5492.9,5493.55,5489.1,5492.6,318,
2024-09-16 10:22:00+05:30,5492.6,5494.2,5490.15,5494.1,262,
2024-09-16 10:23:00+05:30,5494.1,5494.75,5490.6,5492.25,352,
2024-09-16 10:24:00+05:30,5494.5,5495,5492,5495,323,
2024-09-16 10:25:00+05:30,5494,5495,5493,5494.95,257,
2024-09-16 10:26:00+05:30,5494.95,5495.5,5493.05,5495.5,1562,
2024-09-16 10:27:00+05:30,5494.7,5500,5494.7,5500,975,
2024-09-16 10:28:00+05:30,5499.95,5503.95,5499.3,5502.95,1321,
2024-09-16 10:29:00+05:30,5502.95,5502.95,5495.5,5498.55,809,
2024-09-16 10:30:00+05:30,5498.55,5500,5498,5499,324,
2024-09-16 10:31:00+05:30,5499,5500,5496.7,5499.4,304,
2024-09-16 10:32:00+05:30,5499.4,5499.65,5493,5499.45,1406,
2024-09-16 10:33:00+05:30,5499.45,5499.65,5496.65,5499.65,302,
2024-09-16 10:34:00+05:30,5499.65,5500,5497.55,5500,298,
2024-09-16 10:35:00+05:30,5500,5502.85,5499.7,5500.45,290,
2024-09-16 10:36:00+05:30,5500.6,5502.25,5498,5501.25,315,
2024-09-16 10:37:00+05:30,5501.25,5502.6,5498.15,5498.2,343,
2024-09-16 10:38:00+05:30,5498,5498,5485.05,5493.75,2424,
2024-09-16 10:39:00+05:30,5494.15,5496,5492.05,5493.75,345,
2024-09-16 10:40:00+05:30,5493.75,5493.75,5487.9,5493.4,626,
2024-09-16 10:41:00+05:30,5491.4,5494.15,5488.5,5490.5,606,
2024-09-16 10:42:00+05:30,5488.5,5489.25,5484.05,5489.25,594,
2024-09-16 10:43:00+05:30,5487.4,5489.1,5484.15,5484.55,1178,
2024-09-16 10:44:00+05:30,5484.7,5492.3,5484.7,5491,654,
2024-09-16 10:45:00+05:30,5491,5492.5,5488.25,5490.75,298,
2024-09-16 10:46:00+05:30,5491.4,5494.25,5490.75,5491.6,379,
2024-09-16 10:47:00+05:30,5491.75,5494.5,5486.2,5493,676,
2024-09-16 10:48:00+05:30,5490.1,5494.05,5487.7,5491.55,209,
2024-09-16 10:49:00+05:30,5491.7,5494.05,5487.65,5491.8,362,
2024-09-16 10:50:00+05:30,5491.8,5493.55,5486.4,5491.4,461,
2024-09-16 10:51:00+05:30,5491.9,5494.1,5489,5492.35,577,
2024-09-16 10:52:00+05:30,5492.35,5492.9,5489.5,5490.45,254,
2024-09-16 10:53:00+05:30,5490.45,5494.1,5490.1,5493.7,260,
2024-09-16 10:54:00+05:30,5493.2,5494.5,5491.95,5493.8,277,
2024-09-16 10:55:00+05:30,5493.8,5495.15,5492.55,5494.5,257,
2024-09-16 10:56:00+05:30,5495.05,5498.7,5493.6,5495.55,326,
2024-09-16 10:57:00+05:30,5495.5,5499.2,5495.5,5497.45,351,
2024-09-16 10:58:00+05:30,5497.45,5498.35,5495,5495,315,
2024-09-16 10:59:00+05:30,5495,5495,5490.8,5493.5,274,
2024-09-16 11:00:00+05:30,5494.95,5495,5492.05,5493.9,271,
2024-09-16 11:01:00+05:30,5494.45,5495.6,5490,5495.55,490,
2024-09-16 11:02:00+05:30,5496.15,5498.75,5494.05,5496.55,293,
2024-09-16 11:03:00+05:30,5496.7,5496.7,5493.35,5495.15,252,
2024-09-16 11:04:00+05:30,5495.15,5498.4,5492.1,5493.85,840,
2024-09-16 11:05:00+05:30,5492.35,5499.9,5492.35,5497.15,607,
2024-09-16 11:06:00+05:30,5497.75,5500,5496,5499.95,409,
2024-09-16 11:07:00+05:30,5499.95,5499.95,5494.25,5497.8,646,
2024-09-16 11:08:00+05:30,5497.8,5499.4,5496,5496,1193,
2024-09-16 11:09:00+05:30,5496,5498.2,5494.15,5494.3,263,
2024-09-16 11:10:00+05:30,5494.3,5498.1,5493,5497.45,327,
2024-09-16 11:11:00+05:30,5497.45,5499.2,5493.2,5495.2,646,
2024-09-16 11:12:00+05:30,5495.2,5498.1,5492.55,5493.05,334,
2024-09-16 11:13:00+05:30,5493.05,5497.4,5492.05,5492.05,602,
2024-09-16 11:14:00+05:30,5492.05,5497.65,5492.05,5497.55,294,
2024-09-16 11:15:00+05:30,5497.55,5498.35,5493.95,5495.8,240,
2024-09-16 11:16:00+05:30,5495.8,5499.3,5495.15,5496.5,286,
2024-09-16 11:17:00+05:30,5496.5,5498.85,5495.95,5498.25,473,
2024-09-16 11:18:00+05:30,5498.9,5499.85,5497.1,5498.3,242,
2024-09-16 11:19:00+05:30,5498.3,5500,5498.2,5500,297,
2024-09-16 11:20:00+05:30,5500,5500,5497.8,5500,336,
2024-09-16 11:21:00+05:30,5500,5507.95,5496.75,5507.95,2584,
2024-09-16 11:22:00+05:30,5507.95,5509,5506.85,5508,526,
2024-09-16 11:23:00+05:30,5508,5508,5501.4,5503.8,401,
2024-09-16 11:24:00+05:30,5503.95,5507.25,5503.95,5506.15,438,
2024-09-16 11:25:00+05:30,5506.15,5506.15,5500,5501.95,508,
2024-09-16 11:26:00+05:30,5501.95,5505.4,5500.75,5502.6,416,
2024-09-16 11:27:00+05:30,5502.6,5505.7,5501.95,5503.2,306,
2024-09-16 11:28:00+05:30,5503.2,5507.7,5503.2,5507.05,460,
2024-09-16 11:29:00+05:30,5507.05,5510,5505,5510,483,
2024-09-16 11:30:00+05:30,5510,5513.45,5509.4,5510.2,1406,
2024-09-16 11:31:00+05:30,5510.2,5513,5510.2,5512.95,376,
2024-09-16 11:32:00+05:30,5512.95,5514.95,5511.1,5512.15,479,
2024-09-16 11:33:00+05:30,5512.15,5513.8,5506,5513.8,1057,
2024-09-16 11:34:00+05:30,5513.8,5515.05,5510.55,5511.5,1401,
2024-09-16 11:35:00+05:30,5511.5,5514.1,5506.5,5507.65,548,
2024-09-16 11:36:00+05:30,5507.65,5510,5505.35,5505.35,722,
2024-09-16 11:37:00+05:30,5505.35,5510,5505.35,5510,288,
2024-09-16 11:38:00+05:30,5510,5514,5509.5,5513.2,321,
2024-09-16 11:39:00+05:30,5512.6,5514,5510,5510.55,552,
2024-09-16 11:40:00+05:30,5510.55,5513.5,5509.85,5512.45,360,
2024-09-16 11:41:00+05:30,5509.85,5513.3,5509.6,5513.25,342,
2024-09-16 11:42:00+05:30,5513.25,5513.5,5505.95,5506.75,632,
2024-09-16 11:43:00+05:30,5506.75,5508.6,5505,5505.05,343,
2024-09-16 11:44:00+05:30,5506.5,5508.15,5503.95,5506.75,431,
2024-09-16 11:45:00+05:30,5506.9,5510.55,5505.6,5507.45,343,
2024-09-16 11:46:00+05:30,5507.45,5508,5503.05,5503.2,365,
2024-09-16 11:47:00+05:30,5501.5,5506.75,5501.05,5504.55,697,
2024-09-16 11:48:00+05:30,5504.5,5508.55,5503.5,5507.9,318,
2024-09-16 11:49:00+05:30,5507.9,5512,5506.6,5510.7,1601,
2024-09-16 11:50:00+05:30,5510.7,5516,5508.5,5516,855,
2024-09-16 11:51:00+05:30,5516,5518.15,5515.4,5516.7,752,
2024-09-16 11:52:00+05:30,5516.7,5520,5516.7,5518.6,878,
2024-09-16 11:53:00+05:30,5518.6,5519.75,5517.5,5517.65,517,
2024-09-16 11:54:00+05:30,5517.65,5518.45,5515,5515,1038,
2024-09-16 11:55:00+05:30,5515,5517,5512.9,5516.6,1047,
2024-09-16 11:56:00+05:30,5516.6,5516.6,5504.25,5508.35,1159,
2024-09-16 11:57:00+05:30,5508.65,5517.1,5508.65,5512.9,1592,
2024-09-16 11:58:00+05:30,5512.9,5516,5512,5512.45,846,
2024-09-16 11:59:00+05:30,5512.45,5513.85,5511.2,5512.9,309,
2024-09-16 12:00:00+05:30,5512.9,5517,5511.15,5515,370,
2024-09-16 12:01:00+05:30,5515,5516.3,5512.5,5513.35,674,
2024-09-16 12:02:00+05:30,5513.35,5516.1,5511.8,5512.55,393,
2024-09-16 12:03:00+05:30,5513.15,5517.75,5512.5,5517.5,304,
2024-09-16 12:04:00+05:30,5517.5,5517.5,5512.5,5517.45,798,
2024-09-16 12:05:00+05:30,5517.45,5517.45,5512.4,5515.6,469,
2024-09-16 12:06:00+05:30,5515.6,5516.1,5512,5512.25,303,
2024-09-16 12:07:00+05:30,5512.25,5515.15,5510.5,5512.35,365,
2024-09-16 12:08:00+05:30,5512.7,5515,5510,5514.95,356,
2024-09-16 12:09:00+05:30,5514.95,5514.95,5507.3,5510.1,520,
2024-09-16 12:10:00+05:30,5510.25,5510.25,5504.3,5504.3,303,
2024-09-16 12:11:00+05:30,5503.6,5508.95,5503.6,5508.15,280,
2024-09-16 12:12:00+05:30,5508.15,5512.65,5507.3,5509.05,301,
2024-09-16 12:13:00+05:30,5509.05,5512.55,5508.9,5509.8,310,
2024-09-16 12:14:00+05:30,5509.8,5511.35,5505.5,5508.6,490,
2024-09-16 12:15:00+05:30,5508.6,5512.25,5508.15,5512.25,561,
2024-09-16 12:16:00+05:30,5512.25,5512.7,5508.6,5512,275,
2024-09-16 12:17:00+05:30,5512,5513.05,5509.7,5509.7,335,
2024-09-16 12:18:00+05:30,5510,5513.55,5509.75,5511.2,341,
2024-09-16 12:19:00+05:30,5511.2,5512.15,5505.05,5507.85,575,
2024-09-16 12:20:00+05:30,5507.85,5508.05,5505.05,5505.05,391,
2024-09-16 12:21:00+05:30,5505.05,5506.65,5498.35,5499.55,996,
2024-09-16 12:22:00+05:30,5499.55,5500,5496.1,5496.75,633,
2024-09-16 12:23:00+05:30,5496.8,5505.35,5496.05,5502.4,1816,
2024-09-16 12:24:00+05:30,5504.45,5504.45,5498.55,5498.55,1550,
2024-09-16 12:25:00+05:30,5498.55,5501,5498.35,5499.05,2484,
2024-09-16 12:26:00+05:30,5499.05,5500,5497.05,5497.2,466,
2024-09-16 12:27:00+05:30,5497.2,5500,5497.2,5500,290,
2024-09-16 12:28:00+05:30,5500,5502,5496.25,5498.45,1125,
2024-09-16 12:29:00+05:30,5498.45,5501.05,5496.7,5499.95,1963,
2024-09-16 12:30:00+05:30,5499.95,5499.95,5494.3,5494.3,553,
2024-09-16 12:31:00+05:30,5494.3,5495.9,5494.1,5494.35,359,
2024-09-16 12:32:00+05:30,5495.65,5495.7,5491,5493.9,367,
2024-09-16 12:33:00+05:30,5494.05,5495.2,5491.45,5491.9,530,
2024-09-16 12:34:00+05:30,5491.9,5495,5491.9,5493.5,719,
2024-09-16 12:35:00+05:30,5493.5,5497.4,5493.2,5495.05,271,
2024-09-16 12:36:00+05:30,5495.05,5500.3,5495.05,5499.95,527,
2024-09-16 12:37:00+05:30,5499.95,5500,5496.75,5499.6,323,
2024-09-16 12:38:00+05:30,5499.6,5499.7,5496.5,5496.6,311,
2024-09-16 12:39:00+05:30,5496.6,5501.45,5496.4,5499,946,
2024-09-16 12:40:00+05:30,5499,5501.95,5497.75,5499.95,494,
2024-09-16 12:41:00+05:30,5499.95,5501.2,5496.8,5496.8,252,
2024-09-16 12:42:00+05:30,5496.8,5498.2,5493.05,5493.05,831,
2024-09-16 12:43:00+05:30,5493.05,5499.95,5493.05,5499.4,264,
2024-09-16 12:44:00+05:30,5499.4,5499.95,5493.65,5496.75,347,
2024-09-16 12:45:00+05:30,5496.75,5499.5,5495.5,5498.5,343,
2024-09-16 12:46:00+05:30,5498.5,5499.65,5495.05,5496.05,323,
2024-09-16 12:47:00+05:30,5496.05,5498.4,5494,5497.3,246,
2024-09-16 12:48:00+05:30,5497.3,5497.85,5494.45,5494.65,321,
2024-09-16 12:49:00+05:30,5494.55,5497.7,5493.55,5495,304,
2024-09-16 12:50:00+05:30,5495,5498.4,5493.05,5497.6,282,
2024-09-16 12:51:00+05:30,5497.6,5498,5493,5497,279,
2024-09-16 12:52:00+05:30,5497,5497,5493.55,5494.65,277,
2024-09-16 12:53:00+05:30,5494.65,5498.35,5494.1,5497.9,254,
2024-09-16 12:54:00+05:30,5497.9,5498.55,5494.75,5494.75,291,
2024-09-16 12:55:00+05:30,5494.75,5498.85,5494.6,5496.85,300,
2024-09-16 12:56:00+05:30,5496.85,5496.85,5493.75,5494.3,397,
2024-09-16 12:57:00+05:30,5494.3,5499.8,5494.3,5497.65,633,
2024-09-16 12:58:00+05:30,5497.65,5498.1,5493.5,5495.45,261,
2024-09-16 12:59:00+05:30,5495.45,5498.3,5493.8,5494.75,243,
2024-09-16 13:00:00+05:30,5494.75,5500,5494.75,5499.3,384,
2024-09-16 13:01:00+05:30,5500,5500.05,5497,5497,344,
2024-09-16 13:02:00+05:30,5497,5497,5494.6,5494.95,424,
2024-09-16 13:03:00+05:30,5496.65,5499.35,5495.8,5496.65,226,
2024-09-16 13:04:00+05:30,5496.65,5498.85,5495.9,5498.75,281,
2024-09-16 13:05:00+05:30,5498.75,5499.95,5496.7,5499.9,262,
2024-09-16 13:06:00+05:30,5497.6,5500,5497.55,5499.95,317,
2024-09-16 13:07:00+05:30,5499.95,5500,5496.25,5499.95,302,
2024-09-16 13:08:00+05:30,5500.35,5500.5,5497.75,5500,388,
2024-09-16 13:09:00+05:30,5500,5501.05,5496.75,5501.05,253,
2024-09-16 13:10:00+05:30,5501.05,5502,5498.15,5501.95,589,
2024-09-16 13:11:00+05:30,5502.9,5504.1,5499.35,5502,571,
2024-09-16 13:12:00+05:30,5502,5503,5497,5499.5,582,
2024-09-16 13:13:00+05:30,5499.5,5501.7,5496.8,5498.8,358,
2024-09-16 13:14:00+05:30,5498.8,5502.3,5497.55,5500.9,338,
2024-09-16 13:15:00+05:30,5500.9,5503.25,5498.3,5503.25,252,
2024-09-16 13:16:00+05:30,5503.25,5504.1,5501,5503,361,
2024-09-16 13:17:00+05:30,5503,5504,5500.7,5503.95,338,
2024-09-16 13:18:00+05:30,5503.95,5503.95,5498.65,5503.15,1147,
2024-09-16 13:19:00+05:30,5504,5504,5500.3,5503,344,
2024-09-16 13:20:00+05:30,5503,5504.7,5500.7,5503.2,301,
2024-09-16 13:21:00+05:30,5503.95,5504,5501.15,5501.15,282,
2024-09-16 13:22:00+05:30,5501.15,5504,5500.5,5502.6,305,
2024-09-16 13:23:00+05:30,5502.6,5504.1,5499,5502.25,316,
2024-09-16 13:24:00+05:30,5503.1,5504,5500.6,5503.05,768,
2024-09-16 13:25:00+05:30,5503.9,5504.15,5500.25,5500.6,420,
2024-09-16 13:26:00+05:30,5500.6,5504.25,5500.6,5504.25,273,
2024-09-16 13:27:00+05:30,5505,5505,5501.35,5504.5,296,
2024-09-16 13:28:00+05:30,5504.5,5504.5,5494.5,5495.25,1769,
2024-09-16 13:29:00+05:30,5495.25,5499.75,5495.25,5499.75,247,
2024-09-16 13:30:00+05:30,5499.75,5500.4,5496.15,5499.95,308,
2024-09-16 13:31:00+05:30,5498.7,5500,5496.35,5499.45,324,
2024-09-16 13:32:00+05:30,5499.45,5499.65,5496.3,5498.3,240,
2024-09-16 13:33:00+05:30,5498.35,5498.35,5496,5498.35,289,
2024-09-16 13:34:00+05:30,5498.35,5499.1,5496.15,5497.05,262,
2024-09-16 13:35:00+05:30,5497.1,5500,5496.55,5500,270,
2024-09-16 13:36:00+05:30,5501,5502.5,5498.9,5501.2,375,
2024-09-16 13:37:00+05:30,5499.9,5502.95,5499.9,5502.4,280,
2024-09-16 13:38:00+05:30,5502.4,5503,5499.3,5501.5,253,
2024-09-16 13:39:00+05:30,5501.65,5502.85,5500.15,5502.85,244,
2024-09-16 13:40:00+05:30,5502.8,5502.8,5501,5501.75,292,
2024-09-16 13:41:00+05:30,5500.15,5501.2,5493.5,5497.5,771,
2024-09-16 13:42:00+05:30,5497.6,5499.95,5494.55,5496.6,335,
2024-09-16 13:43:00+05:30,5496.6,5498.95,5494.6,5497.2,268,
2024-09-16 13:44:00+05:30,5497.2,5498.25,5494.8,5494.95,292,
2024-09-16 13:45:00+05:30,5494.95,5496.6,5493.5,5496.6,340,
2024-09-16 13:46:00+05:30,5496.6,5496.8,5485.55,5489.6,777,
2024-09-16 13:47:00+05:30,5490,5490,5485.05,5487.8,586,
2024-09-16 13:48:00+05:30,5487.8,5490.75,5485.4,5487.8,484,
2024-09-16 13:49:00+05:30,5487.8,5494.95,5487.8,5491.7,464,
2024-09-16 13:50:00+05:30,5491.7,5493.9,5490.3,5492.2,301,
2024-09-16 13:51:00+05:30,5492.3,5494.3,5491,5493.3,295,
2024-09-16 13:52:00+05:30,5493.2,5494.2,5491,5492.1,299,
2024-09-16 13:53:00+05:30,5492.05,5494.3,5491,5494.25,421,
2024-09-16 13:54:00+05:30,5494.3,5499,5494.05,5499,380,
2024-09-16 13:55:00+05:30,5498.95,5500,5494.85,5498.4,271,
2024-09-16 13:56:00+05:30,5498.4,5500,5493.9,5496.6,369,
2024-09-16 13:57:00+05:30,5496.6,5496.6,5490.4,5493.55,341,
2024-09-16 13:58:00+05:30,5493.55,5495.3,5490.8,5492.85,282,
2024-09-16 13:59:00+05:30,5492.85,5495,5491.5,5494.85,294,
2024-09-16 14:00:00+05:30,5491.25,5494.2,5491.05,5491.05,290,
2024-09-16 14:01:00+05:30,5491.05,5494,5491,5491,330,
2024-09-16 14:02:00+05:30,5490.95,5493.2,5490,5492.4,389,
2024-09-16 14:03:00+05:30,5492.45,5493.25,5490.7,5493,339,
2024-09-16 14:04:00+05:30,5492.85,5496.65,5491,5491.8,348,
2024-09-16 14:05:00+05:30,5491.8,5495.7,5491.8,5495,278,
2024-09-16 14:06:00+05:30,5495,5497.85,5493.1,5496.95,285,
2024-09-16 14:07:00+05:30,5496.95,5498.55,5495.25,5498.35,306,
2024-09-16 14:08:00+05:30,5498.35,5498.8,5495.25,5496.55,278,
2024-09-16 14:09:00+05:30,5497.8,5498.55,5493.6,5495.05,279,
2024-09-16 14:10:00+05:30,5495.05,5495.35,5492.75,5495.35,363,
2024-09-16 14:11:00+05:30,5495.35,5495.4,5493.85,5495.2,227,
2024-09-16 14:12:00+05:30,5495.2,5496.75,5492.85,5495.65,260,
2024-09-16 14:13:00+05:30,5495.65,5497.4,5492.9,5495.95,366,
2024-09-16 14:14:00+05:30,5495.95,5498.45,5494.35,5495.2,427,
2024-09-16 14:15:00+05:30,5497.35,5498.05,5494.5,5496.65,245,
2024-09-16 14:16:00+05:30,5496.65,5498.1,5494.55,5496.5,288,
2024-09-16 14:17:00+05:30,5496.5,5496.55,5492.5,5493.5,360,
2024-09-16 14:18:00+05:30,5493.5,5494.6,5491.8,5494.5,339,
2024-09-16 14:19:00+05:30,5494.4,5495.7,5494.3,5495.5,257,
2024-09-16 14:20:00+05:30,5495.5,5495.5,5490,5490.25,548,
2024-09-16 14:21:00+05:30,5490.25,5491.7,5488.1,5488.1,386,
2024-09-16 14:22:00+05:30,5488.1,5488.5,5485,5488.15,1368,
2024-09-16 14:23:00+05:30,5488.15,5490.45,5487.1,5490.1,274,
2024-09-16 14:24:00+05:30,5490.15,5491.95,5487.55,5489.9,456,
2024-09-16 14:25:00+05:30,5489.9,5490,5487.2,5489.05,249,
2024-09-16 14:26:00+05:30,5489.05,5490,5483,5486.3,702,
2024-09-16 14:27:00+05:30,5486.3,5490,5484.15,5490,239,
2024-09-16 14:28:00+05:30,5490,5490,5489.15,5489.9,345,
2024-09-16 14:29:00+05:30,5489.9,5490,5486.95,5488.45,350,
2024-09-16 14:30:00+05:30,5485.65,5488.95,5485,5487.45,240,
2024-09-16 14:31:00+05:30,5487.45,5489,5485,5486.3,259,
2024-09-16 14:32:00+05:30,5486.3,5486.6,5480,5483.25,981,
2024-09-16 14:33:00+05:30,5484.25,5484.85,5481.25,5482.25,352,
2024-09-16 14:34:00+05:30,5482.25,5490,5481.85,5488.65,2326,
2024-09-16 14:35:00+05:30,5488.65,5488.65,5483.05,5484.25,638,
2024-09-16 14:36:00+05:30,5485.55,5486.7,5483.65,5486.7,304,
2024-09-16 14:37:00+05:30,5485.45,5489,5483.25,5485.3,328,
2024-09-16 14:38:00+05:30,5485.3,5488.55,5482.35,5488.5,523,
2024-09-16 14:39:00+05:30,5486.5,5489.7,5485.45,5488.85,352,
2024-09-16 14:40:00+05:30,5488.85,5490.05,5485.7,5488,263,
2024-09-16 14:41:00+05:30,5488,5490.7,5485.75,5485.75,384,
2024-09-16 14:42:00+05:30,5485.75,5490.3,5485.75,5487.2,369,
2024-09-16 14:43:00+05:30,5487.2,5489.7,5486.2,5488.95,966,
2024-09-16 14:44:00+05:30,5487.9,5488.25,5485.7,5487.3,377,
2024-09-16 14:45:00+05:30,5487.3,5489.45,5484.1,5485.8,716,
2024-09-16 14:46:00+05:30,5487.6,5490.95,5486.3,5490.95,830,
2024-09-16 14:47:00+05:30,5490.95,5497.35,5488.9,5494.1,1413,
2024-09-16 14:48:00+05:30,5496.45,5497.95,5490.55,5493.6,647,
2024-09-16 14:49:00+05:30,5493.6,5495,5491.05,5494.9,279,
2024-09-16 14:50:00+05:30,5494.9,5494.9,5491.5,5492.75,320,
2024-09-16 14:51:00+05:30,5492.75,5496.9,5492.75,5494,583,
2024-09-16 14:52:00+05:30,5494,5499.95,5492.75,5493.95,2096,
2024-09-16 14:53:00+05:30,5493.95,5499.1,5493.95,5496.1,421,
2024-09-16 14:54:00+05:30,5496.1,5498.1,5493.1,5494.35,378,
2024-09-16 14:55:00+05:30,5494.35,5497.45,5493.95,5495.95,268,
2024-09-16 14:56:00+05:30,5495.95,5496.55,5492.85,5493.2,340,
2024-09-16 14:57:00+05:30,5493.85,5495.05,5493.05,5493.05,271,
2024-09-16 14:58:00+05:30,5493.05,5495.95,5491.75,5495.95,233,
2024-09-16 14:59:00+05:30,5495.95,5495.95,5492.35,5492.35,267,
2024-09-16 15:00:00+05:30,5492,5492,5485.6,5487.9,732,
2024-09-16 15:01:00+05:30,5490.15,5490.15,5486.3,5487.15,240,
2024-09-16 15:02:00+05:30,5487.65,5490,5487.05,5489.85,371,
2024-09-16 15:03:00+05:30,5489.85,5489.95,5487.45,5488.45,575,
2024-09-16 15:04:00+05:30,5488.45,5489.75,5484.1,5484.1,1076,
2024-09-16 15:05:00+05:30,5484.1,5484.1,5483.2,5483.5,433,
2024-09-16 15:06:00+05:30,5483.5,5483.55,5479.2,5479.2,745,
2024-09-16 15:07:00+05:30,5479.2,5482.4,5477.3,5480.5,590,
2024-09-16 15:08:00+05:30,5480.5,5481.65,5480.5,5481,245,
2024-09-16 15:09:00+05:30,5480.5,5485,5478.35,5482.7,2130,
2024-09-16 15:10:00+05:30,5484.8,5484.85,5480,5481.75,1047,
2024-09-16 15:11:00+05:30,5480.25,5483.95,5479.05,5481.25,1225,
2024-09-16 15:12:00+05:30,5481.25,5482.15,5479,5481.4,659,
2024-09-16 15:13:00+05:30,5481.4,5482,5479.55,5480.15,313,
2024-09-16 15:14:00+05:30,5479.05,5480.95,5476.75,5479.25,1079,
2024-09-16 15:15:00+05:30,5476.85,5479.45,5473.65,5477.9,2406,
2024-09-16 15:16:00+05:30,5476.1,5483.2,5473.65,5474.25,2537,
2024-09-16 15:17:00+05:30,5474.25,5477,5473.3,5476.05,663,
2024-09-16 15:18:00+05:30,5474.55,5478,5474.2,5477.3,1004,
2024-09-16 15:19:00+05:30,5477.3,5479.95,5473.85,5476.9,934,
2024-09-16 15:20:00+05:30,5477.15,5479.95,5473.5,5473.55,1524,
2024-09-16 15:21:00+05:30,5473.55,5476.7,5473.5,5474.5,825,
2024-09-16 15:22:00+05:30,5474.75,5476.55,5474.05,5475.35,1431,
2024-09-16 15:23:00+05:30,5475.1,5478.75,5474.25,5475.3,899,
2024-09-16 15:24:00+05:30,5475.3,5478.75,5472.05,5472.35,1212,
2024-09-16 15:25:00+05:30,5472.5,5476.7,5472.05,5476.7,561,
2024-09-16 15:26:00+05:30,5476.55,5476.55,5472,5473.6,320,
2024-09-16 15:27:00+05:30,5473.6,5483.3,5473.6,5482.3,581,
2024-09-16 15:28:00+05:30,5482.3,5485,5478,5480.35,587,
2024-09-16 15:29:00+05:30,5478.9,5485,5471.7,5471.7,377,
2024-09-17 09:15:00+05:30,5479.05,5529,5478.95,5501.55,4259,
2024-09-17 09:16:00+05:30,5496.1,5512,5488.5,5506.25,2459,
2024-09-17 09:17:00+05:30,5506.25,5515,5506.25,5515,1768,
2024-09-17 09:18:00+05:30,5512.6,5523.7,5512.5,5523.7,2372,
2024-09-17 09:19:00+05:30,5519,5525,5514.3,5522,2070,
2024-09-17 09:20:00+05:30,5522,5528,5518.5,5524.5,2111,
2024-09-17 09:21:00+05:30,5527.5,5540,5525.2,5539,3682,
2024-09-17 09:22:00+05:30,5540,5542.75,5533.5,5538,3702,
2024-09-17 09:23:00+05:30,5534.55,5540,5525.8,5530.2,6777,
2024-09-17 09:24:00+05:30,5530.6,5530.6,5521,5523,3144,
2024-09-17 09:25:00+05:30,5523,5537.45,5523,5535.3,3073,
2024-09-17 09:26:00+05:30,5535.3,5536,5530.05,5535.85,2169,
2024-09-17 09:27:00+05:30,5533.8,5537.95,5530.65,5533.95,1389,
2024-09-17 09:28:00+05:30,5533.95,5535.85,5526.9,5534.85,2824,
2024-09-17 09:29:00+05:30,5534.85,5539,5531.6,5539,2355,
2024-09-17 09:30:00+05:30,5539,5545,5537.55,5537.9,4431,
2024-09-17 09:31:00+05:30,5539.95,5540.05,5534,5536.95,2230,
2024-09-17 09:32:00+05:30,5536.95,5542.3,5534.7,5537.85,2297,
2024-09-17 09:33:00+05:30,5536.95,5542.65,5535.05,5536.05,1683,
2024-09-17 09:34:00+05:30,5536.35,5539.4,5527.85,5530,2239,
2024-09-17 09:35:00+05:30,5530,5530,5519,5527.65,2569,
2024-09-17 09:36:00+05:30,5527.65,5536.05,5527.65,5535.75,1980,
2024-09-17 09:37:00+05:30,5535.75,5537.8,5534.05,5536.55,1189,
2024-09-17 09:38:00+05:30,5535,5538.25,5531.15,5535.85,1841,
2024-09-17 09:39:00+05:30,5532.8,5536.55,5532.55,5532.55,713,
2024-09-17 09:40:00+05:30,5532.55,5535,5529.1,5534.9,1208,
2024-09-17 09:41:00+05:30,5535,5540,5532.7,5539.6,3492,
2024-09-17 09:42:00+05:30,5539.6,5540.95,5536,5540,1606,
2024-09-17 09:43:00+05:30,5538,5540.6,5537.45,5539,1391,
2024-09-17 09:44:00+05:30,5539,5539,5532.5,5533.2,1159,
2024-09-17 09:45:00+05:30,5535.85,5538.8,5534.5,5534.85,988,
2024-09-17 09:46:00+05:30,5534.3,5537.65,5532.5,5535.7,1113,
2024-09-17 09:47:00+05:30,5535.85,5537.7,5531.1,5537.7,907,
2024-09-17 09:48:00+05:30,5534.7,5537.3,5534.05,5536.8,595,
2024-09-17 09:49:00+05:30,5536.8,5537,5534.25,5534.25,639,
2024-09-17 09:50:00+05:30,5535.5,5537.8,5531.6,5535.85,1984,
2024-09-17 09:51:00+05:30,5535,5535.85,5531.6,5535,724,
2024-09-17 09:52:00+05:30,5535,5538,5532.05,5536.95,1790,
2024-09-17 09:53:00+05:30,5536.95,5537,5532.85,5536,511,
2024-09-17 09:54:00+05:30,5536,5537,5533,5533.05,1009,
2024-09-17 09:55:00+05:30,5535.85,5537,5533,5534.6,799,
2024-09-17 09:56:00+05:30,5532,5536,5532,5535,928,
2024-09-17 09:57:00+05:30,5535.85,5538.8,5535,5538.8,645,
2024-09-17 09:58:00+05:30,5538.75,5553.65,5538.75,5551.95,11002,
2024-09-17 09:59:00+05:30,5551.95,5551.95,5544,5547.25,5103,
2024-09-17 10:00:00+05:30,5546.95,5551.5,5546,5551.5,3111,
2024-09-17 10:01:00+05:30,5551.5,5560,5550.45,5559.95,7961,
2024-09-17 10:02:00+05:30,5559.95,5559.95,5556,5557.55,2525,
2024-09-17 10:03:00+05:30,5557.55,5559,5538.25,5538.25,6413,
2024-09-17 10:04:00+05:30,5538.25,5541.65,5523.9,5523.9,5533,
2024-09-17 10:05:00+05:30,5528.9,5532.6,5522,5531.85,5824,
2024-09-17 10:06:00+05:30,5533.85,5541.9,5531.05,5539.15,2741,
2024-09-17 10:07:00+05:30,5539.15,5542,5536.75,5541.3,1473,
2024-09-17 10:08:00+05:30,5542,5542,5535,5536.25,2662,
2024-09-17 10:09:00+05:30,5536.25,5538.9,5530,5530,1338,
2024-09-17 10:10:00+05:30,5530.25,5539.4,5530.25,5537,600,
2024-09-17 10:11:00+05:30,5537,5537,5533,5533,372,
2024-09-17 10:12:00+05:30,5533,5536.95,5533,5535.55,1075,
2024-09-17 10:13:00+05:30,5533.7,5537.65,5527.05,5530,1936,
2024-09-17 10:14:00+05:30,5532.15,5532.15,5524.05,5524.05,1117,
2024-09-17 10:15:00+05:30,5524,5529.45,5523.25,5527.3,1174,
2024-09-17 10:16:00+05:30,5527.3,5529.95,5520.1,5529.95,1400,
2024-09-17 10:17:00+05:30,5529.95,5534.95,5527,5532.25,727,
2024-09-17 10:18:00+05:30,5530,5535.25,5530,5533.9,763,
2024-09-17 10:19:00+05:30,5533.9,5534.25,5530,5531.8,632,
2024-09-17 10:20:00+05:30,5531.8,5535.3,5530,5534.8,1033,
2024-09-17 10:21:00+05:30,5531.85,5535,5528,5534.95,787,
2024-09-17 10:22:00+05:30,5534.95,5537.7,5530.85,5533.7,760,
2024-09-17 10:23:00+05:30,5531.35,5538,5530.7,5535.9,607,
2024-09-17 10:24:00+05:30,5535.9,5539,5535.85,5537.8,481,
2024-09-17 10:25:00+05:30,5535.85,5539,5534.85,5537.4,351,
2024-09-17 10:26:00+05:30,5535,5537.4,5534.8,5535,509,
2024-09-17 10:27:00+05:30,5535,5536.95,5532.95,5536.6,571,
2024-09-17 10:28:00+05:30,5536.6,5536.6,5528.1,5534.65,768,
2024-09-17 10:29:00+05:30,5535,5535,5531.55,5535,501,
2024-09-17 10:30:00+05:30,5535,5536.35,5533.35,5535.8,694,
2024-09-17 10:31:00+05:30,5533.75,5535.85,5531,5535,720,
2024-09-17 10:32:00+05:30,5535,5537.65,5534.75,5536.7,727,
2024-09-17 10:33:00+05:30,5536.7,5539,5535.05,5536.35,852,
2024-09-17 10:34:00+05:30,5539.4,5540,5536.4,5539.95,695,
2024-09-17 10:35:00+05:30,5539.15,5542,5539.15,5539.9,748,
2024-09-17 10:36:00+05:30,5538.95,5539.9,5537.1,5537.55,482,
2024-09-17 10:37:00+05:30,5539.4,5539.8,5535,5537.2,730,
2024-09-17 10:38:00+05:30,5535,5536,5526.9,5527.5,1072,
2024-09-17 10:39:00+05:30,5529.95,5530.8,5525,5525,724,
2024-09-17 10:40:00+05:30,5525,5535,5525,5535,583,
2024-09-17 10:41:00+05:30,5535,5535,5530.55,5533.2,406,
2024-09-17 10:42:00+05:30,5533.2,5537.65,5530.1,5537.55,803,
2024-09-17 10:43:00+05:30,5537.55,5537.65,5535.1,5537.65,371,
2024-09-17 10:44:00+05:30,5535.85,5539.05,5534.6,5537.2,617,
2024-09-17 10:45:00+05:30,5535,5539.65,5534.3,5538.3,958,
2024-09-17 10:46:00+05:30,5538.3,5538.5,5533.1,5537.2,356,
2024-09-17 10:47:00+05:30,5535.15,5538.75,5535.05,5537.2,580,
2024-09-17 10:48:00+05:30,5537.2,5537.3,5533.55,5537,241,
2024-09-17 10:49:00+05:30,5537,5537,5533.5,5535.85,353,
2024-09-17 10:50:00+05:30,5535.85,5537,5534.85,5537,426,
2024-09-17 10:51:00+05:30,5537,5538.9,5537,5538,774,
2024-09-17 10:52:00+05:30,5538.9,5540,5537.95,5539.75,1030,
2024-09-17 10:53:00+05:30,5539.75,5548.2,5538.95,5547.7,3569,
2024-09-17 10:54:00+05:30,5547.7,5550,5543.9,5546.9,2008,
2024-09-17 10:55:00+05:30,5544.25,5549.95,5540,5540,1502,
2024-09-17 10:56:00+05:30,5542,5545.4,5540,5545.35,543,
2024-09-17 10:57:00+05:30,5545.35,5549,5544.2,5549,576,
2024-09-17 10:58:00+05:30,5549,5549.9,5543.4,5545.7,1410,
2024-09-17 10:59:00+05:30,5545,5545.75,5541.95,5545.6,751,
2024-09-17 11:00:00+05:30,5545.6,5549.9,5545.55,5548.95,1938,
2024-09-17 11:01:00+05:30,5548.95,5549.9,5546.45,5548.9,459,
2024-09-17 11:02:00+05:30,5548.9,5552,5541.25,5551.75,8637,
2024-09-17 11:03:00+05:30,5551.75,5554.4,5551.75,5553,1441,
2024-09-17 11:04:00+05:30,5553,5553.85,5551,5552.3,537,
2024-09-17 11:05:00+05:30,5554,5554.85,5550,5554,1169,
2024-09-17 11:06:00+05:30,5553.7,5554.65,5551.7,5552.7,469,
2024-09-17 11:07:00+05:30,5554.5,5554.65,5551.95,5552.15,960,
2024-09-17 11:08:00+05:30,5552.15,5554.7,5543.05,5543.05,11864,
2024-09-17 11:09:00+05:30,5543.05,5547.65,5542,5542,1198,
2024-09-17 11:10:00+05:30,5541.05,5542.05,5533.7,5535.4,4477,
2024-09-17 11:11:00+05:30,5535.4,5538.35,5526.8,5532.2,3018,
2024-09-17 11:12:00+05:30,5532.2,5537.85,5530.05,5533.15,1917,
2024-09-17 11:13:00+05:30,5533.15,5533.15,5525.6,5527,1084,
2024-09-17 11:14:00+05:30,5527,5530.65,5521.55,5527.5,2722,
2024-09-17 11:15:00+05:30,5527.55,5536.85,5526.05,5533.8,5288,
2024-09-17 11:16:00+05:30,5533.8,5537.4,5533.05,5535.85,638,
2024-09-17 11:17:00+05:30,5535.85,5537.05,5530.25,5535.25,1566,
2024-09-17 11:18:00+05:30,5535.25,5537.45,5531.25,5534.25,762,
2024-09-17 11:19:00+05:30,5534.25,5537.25,5534.25,5535.1,659,
2024-09-17 11:20:00+05:30,5535.4,5541.95,5535.4,5540.1,1288,
2024-09-17 11:21:00+05:30,5540.1,5543.55,5537.5,5540.35,1323,
2024-09-17 11:22:00+05:30,5540.35,5540.8,5535,5535.05,1234,
2024-09-17 11:23:00+05:30,5535.85,5539.25,5535,5535.85,988,
2024-09-17 11:24:00+05:30,5535.05,5540.75,5535,5539.05,1576,
2024-09-17 11:25:00+05:30,5537.05,5539.25,5532.05,5533.05,1340,
2024-09-17 11:26:00+05:30,5533,5537.15,5530.1,5537.1,995,
2024-09-17 11:27:00+05:30,5537.1,5540,5532.5,5536.45,1117,
2024-09-17 11:28:00+05:30,5536.45,5541.9,5534.15,5535.95,756,
2024-09-17 11:29:00+05:30,5538.15,5538.6,5535,5535.05,517,
2024-09-17 11:30:00+05:30,5535,5537.3,5532.7,5535,438,
2024-09-17 11:31:00+05:30,5535,5538.65,5533.55,5533.65,529,
2024-09-17 11:32:00+05:30,5536.4,5536.4,5532.15,5533.3,263,
2024-09-17 11:33:00+05:30,5533.4,5536.1,5530.85,5533.55,810,
2024-09-17 11:34:00+05:30,5534,5535,5529.95,5532.1,564,
2024-09-17 11:35:00+05:30,5532.1,5535,5531.7,5532,431,
2024-09-17 11:36:00+05:30,5534.95,5534.95,5528.05,5529.15,784,
2024-09-17 11:37:00+05:30,5529.15,5533.55,5528.9,5531.95,1283,
2024-09-17 11:38:00+05:30,5531.95,5533.4,5528.6,5532.25,512,
2024-09-17 11:39:00+05:30,5532.25,5535.85,5529.05,5535.8,1324,
2024-09-17 11:40:00+05:30,5535.15,5535.8,5532.5,5535.75,515,
2024-09-17 11:41:00+05:30,5535.75,5535.85,5530.6,5532.85,823,
2024-09-17 11:42:00+05:30,5532.85,5535.85,5526.15,5528.4,897,
2024-09-17 11:43:00+05:30,5528.4,5530.9,5522.05,5525,1566,
2024-09-17 11:44:00+05:30,5522.55,5527.85,5522.35,5522.7,489,
2024-09-17 11:45:00+05:30,5522.7,5522.8,5510.7,5510.9,6062,
2024-09-17 11:46:00+05:30,5511.25,5515.5,5510,5512.9,851,
2024-09-17 11:47:00+05:30,5512.9,5516.4,5512.05,5513.5,569,
2024-09-17 11:48:00+05:30,5512.1,5520.35,5512.1,5517.15,1219,
2024-09-17 11:49:00+05:30,5517.15,5519.85,5515.05,5517.2,701,
2024-09-17 11:50:00+05:30,5517.2,5521,5516,5516.05,402,
2024-09-17 11:51:00+05:30,5516,5529.55,5516,5523.95,1719,
2024-09-17 11:52:00+05:30,5525,5529.55,5525,5529.05,1316,
2024-09-17 11:53:00+05:30,5529.1,5531.2,5524.05,5531,862,
2024-09-17 11:54:00+05:30,5532,5532.35,5527.25,5528.85,1026,
2024-09-17 11:55:00+05:30,5528.85,5532.35,5528.85,5532.3,414,
2024-09-17 11:56:00+05:30,5532.3,5535.8,5531.25,5535.45,1115,
2024-09-17 11:57:00+05:30,5535.45,5536.1,5533.1,5534.85,523,
2024-09-17 11:58:00+05:30,5534.85,5535,5530.05,5533.15,1163,
2024-09-17 11:59:00+05:30,5533.1,5534.95,5530.55,5533.25,1267,
2024-09-17 12:00:00+05:30,5532.3,5535,5531.05,5532.6,2100,
2024-09-17 12:01:00+05:30,5532.6,5535,5531,5532,744,
2024-09-17 12:02:00+05:30,5532.05,5535,5531.95,5534.25,647,
2024-09-17 12:03:00+05:30,5534.25,5534.45,5530.1,5531.15,535,
2024-09-17 12:04:00+05:30,5531.15,5534.5,5531.15,5532.45,1513,
2024-09-17 12:05:00+05:30,5533.45,5534.9,5530.45,5533,949,
2024-09-17 12:06:00+05:30,5533,5534.55,5530.05,5530.1,1365,
2024-09-17 12:07:00+05:30,5531.8,5533,5525.25,5529.45,933,
2024-09-17 12:08:00+05:30,5529.45,5531.95,5526.3,5530.8,701,
2024-09-17 12:09:00+05:30,5530.8,5532,5527.75,5531.85,918,
2024-09-17 12:10:00+05:30,5531.85,5534.4,5529.8,5532.35,1015,
2024-09-17 12:11:00+05:30,5533.9,5534.15,5528.65,5531.9,798,
2024-09-17 12:12:00+05:30,5531,5532.9,5528.4,5530.75,753,
2024-09-17 12:13:00+05:30,5530.75,5533.9,5528.2,5533.9,3183,
2024-09-17 12:14:00+05:30,5533.95,5534.95,5531.2,5533.6,715,
2024-09-17 12:15:00+05:30,5533.6,5535,5530.4,5532.65,1319,
2024-09-17 12:16:00+05:30,5532.65,5532.65,5525.15,5527.7,2409,
2024-09-17 12:17:00+05:30,5527.45,5527.45,5525.1,5525.85,887,
2024-09-17 12:18:00+05:30,5525.9,5525.9,5520,5524,1098,
2024-09-17 12:19:00+05:30,5521.65,5525,5519.65,5523,939,
2024-09-17 12:20:00+05:30,5523,5528.5,5522.55,5527.5,1240,
2024-09-17 12:21:00+05:30,5524.8,5528.05,5522.75,5525.4,681,
2024-09-17 12:22:00+05:30,5525.4,5526.95,5522.85,5525.65,544,
2024-09-17 12:23:00+05:30,5525.65,5526.15,5520.7,5523.7,1265,
2024-09-17 12:24:00+05:30,5523.7,5527.85,5521.6,5524.95,712,
2024-09-17 12:25:00+05:30,5524.95,5531.25,5524.7,5529.4,1093,
2024-09-17 12:26:00+05:30,5529.85,5533.05,5526.55,5533.05,971,
2024-09-17 12:27:00+05:30,5532.45,5532.7,5526.25,5528.7,890,
2024-09-17 12:28:00+05:30,5528.4,5528.65,5523.55,5526.4,845,
2024-09-17 12:29:00+05:30,5523.6,5529.7,5523.6,5526.45,830,
2024-09-17 12:30:00+05:30,5526.45,5527.6,5520,5526.2,1610,
2024-09-17 12:31:00+05:30,5526.2,5526.55,5522.55,5524.5,849,
2024-09-17 12:32:00+05:30,5524.45,5525,5520.5,5523.25,792,
2024-09-17 12:33:00+05:30,5522.95,5524.6,5520,5522.6,972,
2024-09-17 12:34:00+05:30,5522.6,5524.2,5520,5524.2,597,
2024-09-17 12:35:00+05:30,5524.2,5526.2,5522.5,5525.7,900,
2024-09-17 12:36:00+05:30,5525.7,5529,5524,5525.05,1504,
2024-09-17 12:37:00+05:30,5525.05,5529.85,5525.05,5527.15,682,
2024-09-17 12:38:00+05:30,5528.45,5528.45,5521.85,5524.8,990,
2024-09-17 12:39:00+05:30,5524.8,5529.55,5522.5,5529.55,386,
2024-09-17 12:40:00+05:30,5529.55,5533.25,5527.4,5532.2,965,
2024-09-17 12:41:00+05:30,5532.25,5533.35,5528,5531.15,653,
2024-09-17 12:42:00+05:30,5531.15,5533,5526.25,5532.55,1301,
2024-09-17 12:43:00+05:30,5532.55,5532.55,5527.6,5528.3,899,
2024-09-17 12:44:00+05:30,5528.3,5534.95,5528.3,5534.85,1209,
2024-09-17 12:45:00+05:30,5534.85,5535,5530.15,5530.9,1309,
2024-09-17 12:46:00+05:30,5530.9,5534.35,5530.45,5532.65,645,
2024-09-17 12:47:00+05:30,5529.3,5532.55,5522.45,5525.85,1564,
2024-09-17 12:48:00+05:30,5525.85,5530.3,5523.45,5525.4,1278,
2024-09-17 12:49:00+05:30,5525.4,5528.45,5522.9,5523.1,876,
2024-09-17 12:50:00+05:30,5525,5528.2,5523.15,5527.5,1063,
2024-09-17 12:51:00+05:30,5525.2,5530.75,5524.45,5525.3,1499,
2024-09-17 12:52:00+05:30,5525.35,5533.25,5524.8,5533.25,1283,
2024-09-17 12:53:00+05:30,5533.25,5534,5525.3,5527.55,1179,
2024-09-17 12:54:00+05:30,5528.85,5530,5525.4,5526.65,854,
2024-09-17 12:55:00+05:30,5526.65,5526.8,5518,5518.75,1556,
2024-09-17 12:56:00+05:30,5520,5520,5515.05,5515.1,1411,
2024-09-17 12:57:00+05:30,5515.1,5518.1,5515,5517.9,1021,
2024-09-17 12:58:00+05:30,5517.9,5517.95,5511,5513.95,1226,
2024-09-17 12:59:00+05:30,5513.95,5518.55,5512,5512.05,919,
2024-09-17 13:00:00+05:30,5512.05,5515.4,5512.05,5514.9,435,
2024-09-17 13:01:00+05:30,5514.9,5514.9,5506.85,5510.05,1512,
2024-09-17 13:02:00+05:30,5510.1,5512.2,5507.7,5512.15,687,
2024-09-17 13:03:00+05:30,5512.2,5516.15,5512.2,5516.15,341,
2024-09-17 13:04:00+05:30,5516.1,5516.15,5513.1,5513.15,1031,
2024-09-17 13:05:00+05:30,5513.15,5515.85,5513.1,5513.1,573,
2024-09-17 13:06:00+05:30,5513.1,5515.2,5510,5512.5,645,
2024-09-17 13:07:00+05:30,5512.55,5513.6,5507.15,5513.15,1046,
2024-09-17 13:08:00+05:30,5513.2,5514.15,5505.95,5508.4,1308,
2024-09-17 13:09:00+05:30,5509.2,5511.85,5505.75,5510.35,1317,
2024-09-17 13:10:00+05:30,5510.35,5515.85,5508.9,5512.9,737,
2024-09-17 13:11:00+05:30,5512.9,5513.4,5507,5507.05,819,
2024-09-17 13:12:00+05:30,5507.05,5511.75,5507.05,5510.85,655,
2024-09-17 13:13:00+05:30,5510.8,5512.25,5503.55,5507.65,2538,
2024-09-17 13:14:00+05:30,5505.35,5508.6,5503.5,5505.35,536,
2024-09-17 13:15:00+05:30,5505.35,5508.2,5503.65,5506,869,
2024-09-17 13:16:00+05:30,5504.45,5507.75,5503.5,5503.55,593,
2024-09-17 13:17:00+05:30,5503.55,5505.6,5500.5,5503.85,1455,
2024-09-17 13:18:00+05:30,5503.85,5504.35,5498.8,5503.4,1304,
2024-09-17 13:19:00+05:30,5503.4,5504.7,5500.5,5504.7,539,
2024-09-17 13:20:00+05:30,5504.7,5506.65,5502,5502,872,
2024-09-17 13:21:00+05:30,5502.05,5509.9,5502.05,5508.75,339,
2024-09-17 13:22:00+05:30,5509.95,5511.7,5506.65,5507.1,1344,
2024-09-17 13:23:00+05:30,5507,5512.55,5507,5509.5,1055,
2024-09-17 13:24:00+05:30,5509.5,5510,5506.1,5506.55,617,
2024-09-17 13:25:00+05:30,5506.6,5510,5506.6,5510,286,
2024-09-17 13:26:00+05:30,5510,5511.7,5507.05,5511.65,712,
2024-09-17 13:27:00+05:30,5511.65,5511.75,5505.35,5507.15,679,
2024-09-17 13:28:00+05:30,5507.15,5509,5504.45,5508.8,609,
2024-09-17 13:29:00+05:30,5508.8,5510.95,5506.55,5507.9,1065,
2024-09-17 13:30:00+05:30,5507.9,5510.95,5504.8,5507.45,765,
2024-09-17 13:31:00+05:30,5507.5,5510,5501.6,5505.05,2346,
2024-09-17 13:32:00+05:30,5503.85,5505.7,5500,5500,2265,
2024-09-17 13:33:00+05:30,5500.05,5500.95,5495.05,5495.45,2637,
2024-09-17 13:34:00+05:30,5497.95,5497.95,5493.1,5493.9,2190,
2024-09-17 13:35:00+05:30,5496.25,5497.15,5493.1,5497.15,1099,
2024-09-17 13:36:00+05:30,5497.15,5498.95,5491.55,5494.25,1187,
2024-09-17 13:37:00+05:30,5494.25,5497.6,5493.1,5496.65,570,
2024-09-17 13:38:00+05:30,5493.9,5495.7,5491.85,5495.55,1306,
2024-09-17 13:39:00+05:30,5495.55,5498.9,5494.35,5498.4,1249,
2024-09-17 13:40:00+05:30,5498.4,5502.95,5497.65,5501.65,824,
2024-09-17 13:41:00+05:30,5501.65,5503.7,5496.8,5500.85,1235,
2024-09-17 13:42:00+05:30,5500.85,5504.45,5498.6,5503.7,909,
2024-09-17 13:43:00+05:30,5503.7,5503.8,5499.7,5501.9,788,
2024-09-17 13:44:00+05:30,5501.9,5503.5,5500,5502.55,1521,
2024-09-17 13:45:00+05:30,5502.55,5506.45,5501,5504.9,1061,
2024-09-17 13:46:00+05:30,5502.65,5507.05,5501.5,5503.75,1226,
2024-09-17 13:47:00+05:30,5503.5,5507.35,5503,5505.15,689,
2024-09-17 13:48:00+05:30,5505.15,5508.5,5503.35,5505.9,1278,
2024-09-17 13:49:00+05:30,5505.9,5506.3,5501.05,5505.8,934,
2024-09-17 13:50:00+05:30,5505.8,5505.85,5501.65,5504.9,721,
2024-09-17 13:51:00+05:30,5504.85,5507,5501.3,5507,885,
2024-09-17 13:52:00+05:30,5507,5507,5500.75,5502.45,860,
2024-09-17 13:53:00+05:30,5502.45,5504.35,5500,5500.1,994,
2024-09-17 13:54:00+05:30,5500.1,5504.8,5500.1,5502.55,666,
2024-09-17 13:55:00+05:30,5504.8,5506.05,5501.85,5505.7,674,
2024-09-17 13:56:00+05:30,5505.7,5507,5500,5500,1036,
2024-09-17 13:57:00+05:30,5500,5500.05,5493.4,5495.7,1348,
2024-09-17 13:58:00+05:30,5495.7,5499.25,5495,5497.55,498,
2024-09-17 13:59:00+05:30,5497.55,5497.6,5491.85,5494.4,961,
2024-09-17 14:00:00+05:30,5494.15,5496.9,5493.85,5494.55,893,
2024-09-17 14:01:00+05:30,5494.55,5499.3,5494.55,5499.3,806,
2024-09-17 14:02:00+05:30,5497.55,5499.75,5496.9,5497.5,706,
2024-09-17 14:03:00+05:30,5497.6,5500,5497,5497.15,1138,
2024-09-17 14:04:00+05:30,5497,5499.05,5494.55,5499.05,795,
2024-09-17 14:05:00+05:30,5499.05,5499.9,5496.1,5497.75,699,
2024-09-17 14:06:00+05:30,5497.05,5499.4,5495.75,5497.1,967,
2024-09-17 14:07:00+05:30,5497.1,5498.9,5496,5497.95,518,
2024-09-17 14:08:00+05:30,5497.95,5500,5494.7,5494.7,2100,
2024-09-17 14:09:00+05:30,5495.2,5499.3,5495.2,5496.8,614,
2024-09-17 14:10:00+05:30,5496.75,5499.3,5495.05,5497.95,634,
2024-09-17 14:11:00+05:30,5497.95,5499.05,5491.75,5494.65,1012,
2024-09-17 14:12:00+05:30,5494.7,5496.05,5492.1,5496.05,491,
2024-09-17 14:13:00+05:30,5496.05,5497.15,5492.85,5493.8,983,
2024-09-17 14:14:00+05:30,5493.75,5496.15,5493.1,5495.1,506,
2024-09-17 14:15:00+05:30,5495.1,5497.6,5492.55,5494.25,1100,
2024-09-17 14:16:00+05:30,5496.1,5496.1,5490.05,5490.1,3179,
2024-09-17 14:17:00+05:30,5490.1,5492.95,5486.95,5486.95,1478,
2024-09-17 14:18:00+05:30,5485.85,5491.15,5485,5488.75,1486,
2024-09-17 14:19:00+05:30,5488.75,5490.65,5483.45,5483.45,1538,
2024-09-17 14:20:00+05:30,5483.45,5484,5477,5480.1,2283,
2024-09-17 14:21:00+05:30,5480.1,5480.2,5475,5480.15,1093,
2024-09-17 14:22:00+05:30,5480.15,5482,5473.05,5473.85,1440,
2024-09-17 14:23:00+05:30,5476.4,5476.65,5472.05,5472.05,1750,
2024-09-17 14:24:00+05:30,5472.05,5473.65,5466.15,5469.7,2548,
2024-09-17 14:25:00+05:30,5469.55,5471.65,5465.05,5471.55,1855,
2024-09-17 14:26:00+05:30,5471.55,5481.25,5471.55,5476.7,1684,
2024-09-17 14:27:00+05:30,5476.7,5480,5475.6,5477.9,494,
2024-09-17 14:28:00+05:30,5477.9,5485.9,5477.9,5483.7,1083,
2024-09-17 14:29:00+05:30,5483.7,5483.7,5481,5483,598,
2024-09-17 14:30:00+05:30,5483,5488.35,5482.2,5485.95,1666,
2024-09-17 14:31:00+05:30,5483.95,5486.2,5476.35,5477.7,1647,
2024-09-17 14:32:00+05:30,5477.7,5480,5472.9,5473.15,1859,
2024-09-17 14:33:00+05:30,5473.15,5477.95,5467.5,5468.35,2334,
2024-09-17 14:34:00+05:30,5468.35,5469.9,5461.1,5462.2,1226,
2024-09-17 14:35:00+05:30,5462.05,5468.05,5455.5,5457.2,2445,
2024-09-17 14:36:00+05:30,5458.95,5460.95,5455.55,5458.65,2381,
2024-09-17 14:37:00+05:30,5458.65,5466.45,5458.65,5464.55,991,
2024-09-17 14:38:00+05:30,5462.65,5468.75,5462.65,5464.6,1001,
2024-09-17 14:39:00+05:30,5464.7,5466.6,5462.7,5463.8,683,
2024-09-17 14:40:00+05:30,5463.8,5465.5,5460.15,5460.15,1503,
2024-09-17 14:41:00+05:30,5460.15,5462.5,5455.95,5455.95,914,
2024-09-17 14:42:00+05:30,5458.05,5460.65,5455.35,5459.45,1022,
2024-09-17 14:43:00+05:30,5459.45,5461.8,5457.35,5459.55,645,
2024-09-17 14:44:00+05:30,5459.55,5462,5457.8,5458.45,618,
2024-09-17 14:45:00+05:30,5460,5463.3,5458.25,5462.2,836,
2024-09-17 14:46:00+05:30,5462.2,5467.35,5460.05,5465.55,2264,
2024-09-17 14:47:00+05:30,5463.5,5466.05,5457.6,5462.15,813,
2024-09-17 14:48:00+05:30,5462.15,5465.25,5455.05,5455.75,2402,
2024-09-17 14:49:00+05:30,5455,5461.2,5455,5459.65,991,
2024-09-17 14:50:00+05:30,5459.65,5465,5458.7,5463.7,1232,
2024-09-17 14:51:00+05:30,5463.7,5464.6,5461.5,5462.15,1017,
2024-09-17 14:52:00+05:30,5462.15,5462.15,5459.5,5461.6,624,
2024-09-17 14:53:00+05:30,5461.6,5461.65,5459.45,5459.65,650,
2024-09-17 14:54:00+05:30,5459.65,5460.7,5452.15,5452.15,2375,
2024-09-17 14:55:00+05:30,5452.15,5452.15,5442.1,5450.15,2231,
2024-09-17 14:56:00+05:30,5450.05,5451.5,5447.55,5450,1309,
2024-09-17 14:57:00+05:30,5449.95,5451.65,5449.95,5450.1,913,
2024-09-17 14:58:00+05:30,5450.15,5451.3,5450.1,5450.65,500,
2024-09-17 14:59:00+05:30,5452.45,5452.6,5450,5450.2,1041,
2024-09-17 15:00:00+05:30,5450.25,5451.95,5447.1,5451.3,1230,
2024-09-17 15:01:00+05:30,5451.35,5456.1,5451.35,5454.05,1958,
2024-09-17 15:02:00+05:30,5454.1,5458.85,5451.85,5458.8,649,
2024-09-17 15:03:00+05:30,5458.9,5462,5458.9,5461.5,1124,
2024-09-17 15:04:00+05:30,5461.5,5464.85,5461,5461.6,1284,
2024-09-17 15:05:00+05:30,5461.65,5461.65,5455.2,5455.35,1074,
2024-09-17 15:06:00+05:30,5455.55,5459.9,5455.4,5458.25,892,
2024-09-17 15:07:00+05:30,5458.3,5459.95,5458.25,5459.95,545,
2024-09-17 15:08:00+05:30,5459.95,5460,5459.85,5459.85,953,
2024-09-17 15:09:00+05:30,5459.85,5464.3,5458,5459.9,6516,
2024-09-17 15:10:00+05:30,5461.3,5462.35,5458.3,5459,1613,
2024-09-17 15:11:00+05:30,5459,5463.75,5458.2,5461.2,885,
2024-09-17 15:12:00+05:30,5461.2,5462.75,5460.15,5461.15,1032,
2024-09-17 15:13:00+05:30,5461.15,5467.1,5461.15,5461.2,1807,
2024-09-17 15:14:00+05:30,5461.3,5473.2,5461.3,5467,1969,
2024-09-17 15:15:00+05:30,5467,5467,5458.05,5459.25,981,
2024-09-17 15:16:00+05:30,5459.25,5459.25,5450.25,5454.85,1328,
2024-09-17 15:17:00+05:30,5454.9,5454.9,5443.15,5443.15,2378,
2024-09-17 15:18:00+05:30,5442.55,5443.3,5438.5,5438.5,1904,
2024-09-17 15:19:00+05:30,5438.55,5441.55,5438.05,5439.4,2284,
2024-09-17 15:20:00+05:30,5439.45,5444.55,5437.15,5438.9,5216,
2024-09-17 15:21:00+05:30,5438.9,5443.7,5436,5443.65,1822,
2024-09-17 15:22:00+05:30,5443.7,5446.45,5442.1,5445.6,1884,
2024-09-17 15:23:00+05:30,5445.55,5447.1,5445.45,5446.25,813,
2024-09-17 15:24:00+05:30,5446.25,5446.25,5440,5443.25,2040,
2024-09-17 15:25:00+05:30,5443.25,5446.4,5442.3,5446.15,826,
2024-09-17 15:26:00+05:30,5446.15,5446.2,5440.55,5442.35,696,
2024-09-17 15:27:00+05:30,5442.35,5446,5442.35,5445.4,572,
2024-09-17 15:28:00+05:30,5445.35,5450,5445.35,5446.65,1532,
2024-09-17 15:29:00+05:30,5446.6,5451.75,5442.3,5442.95,1066,
2024-09-18 09:15:00+05:30,5451.95,5458.35,5432.4,5451.25,5578,
2024-09-18 09:16:00+05:30,5455.65,5455.65,5441.55,5444.95,1409,
2024-09-18 09:17:00+05:30,5444.4,5447.6,5437,5440.25,1471,
2024-09-18 09:18:00+05:30,5437.85,5440.2,5432.85,5435.05,1332,
2024-09-18 09:19:00+05:30,5435,5438.7,5421,5426.55,3900,
2024-09-18 09:20:00+05:30,5428.1,5428.1,5422.6,5428.1,667,
2024-09-18 09:21:00+05:30,5430,5435.95,5427.05,5433.05,1202,
2024-09-18 09:22:00+05:30,5433.05,5442.55,5432.4,5442.55,909,
2024-09-18 09:23:00+05:30,5442.25,5447.6,5439.25,5441.7,652,
2024-09-18 09:24:00+05:30,5441.75,5450,5441.75,5449.55,682,
2024-09-18 09:25:00+05:30,5446.5,5453.5,5446.5,5450.9,794,
2024-09-18 09:26:00+05:30,5453.35,5459.95,5450.7,5455,1056,
2024-09-18 09:27:00+05:30,5455,5458.35,5452.05,5454.9,486,
2024-09-18 09:28:00+05:30,5454.9,5457.5,5452.2,5454.85,1388,
2024-09-18 09:29:00+05:30,5454.85,5456.35,5450.05,5452.7,811,
2024-09-18 09:30:00+05:30,5452.1,5455.9,5442.85,5442.85,1448,
2024-09-18 09:31:00+05:30,5441.3,5441.3,5429.75,5436.7,2715,
2024-09-18 09:32:00+05:30,5437.1,5438.95,5431,5433.8,686,
2024-09-18 09:33:00+05:30,5433.25,5435.15,5430,5432.6,728,
2024-09-18 09:34:00+05:30,5432.6,5438.95,5432.6,5436.1,377,
2024-09-18 09:35:00+05:30,5436.05,5443.95,5436.05,5440.8,402,
2024-09-18 09:36:00+05:30,5443.35,5446.65,5441.8,5444.15,282,
2024-09-18 09:37:00+05:30,5444.15,5447.4,5444.05,5445.05,265,
2024-09-18 09:38:00+05:30,5445,5448.55,5443.95,5446.5,313,
2024-09-18 09:39:00+05:30,5446.5,5449.8,5446.5,5449.8,171,
2024-09-18 09:40:00+05:30,5449.8,5460.45,5449.8,5457.45,3062,
2024-09-18 09:41:00+05:30,5457.45,5460.5,5455.2,5457.45,720,
2024-09-18 09:42:00+05:30,5457.5,5460.2,5455,5455,824,
2024-09-18 09:43:00+05:30,5455,5462.85,5455,5460.2,765,
2024-09-18 09:44:00+05:30,5463,5469,5462.55,5468.45,512,
2024-09-18 09:45:00+05:30,5466.15,5468.5,5457.85,5459.9,978,
2024-09-18 09:46:00+05:30,5459.9,5462,5456,5461.2,493,
2024-09-18 09:47:00+05:30,5461.2,5461.75,5457.15,5460.45,246,
2024-09-18 09:48:00+05:30,5460.5,5464.75,5459.05,5462.55,464,
2024-09-18 09:49:00+05:30,5462.55,5465,5460,5461.45,288,
2024-09-18 09:50:00+05:30,5463.5,5465,5461,5463.45,413,
2024-09-18 09:51:00+05:30,5465.6,5465.95,5458.5,5460.25,1082,
2024-09-18 09:52:00+05:30,5460.25,5460.25,5450.1,5457.7,1102,
2024-09-18 09:53:00+05:30,5457,5457.8,5453.15,5453.3,239,
2024-09-18 09:54:00+05:30,5453.3,5459.85,5453.3,5457.5,387,
2024-09-18 09:55:00+05:30,5457.5,5459.95,5453.3,5457.25,484,
2024-09-18 09:56:00+05:30,5457.4,5462,5457.4,5459.9,202,
2024-09-18 09:57:00+05:30,5461.95,5462,5455.05,5457.3,527,
2024-09-18 09:58:00+05:30,5458,5458.4,5452.05,5452.75,626,
2024-09-18 09:59:00+05:30,5454.85,5455,5448.75,5448.9,481,
2024-09-18 10:00:00+05:30,5448.9,5452.45,5443.95,5445,473,
2024-09-18 10:01:00+05:30,5444.7,5447.95,5444,5445.6,241,
2024-09-18 10:02:00+05:30,5447.6,5455,5445.2,5450.1,374,
2024-09-18 10:03:00+05:30,5452.6,5452.6,5448.9,5449.55,233,
2024-09-18 10:04:00+05:30,5449.3,5452.1,5445.5,5445.5,376,
2024-09-18 10:05:00+05:30,5445.05,5450.3,5438.85,5438.85,1997,
2024-09-18 10:06:00+05:30,5438.85,5453,5438.85,5449.3,1232,
2024-09-18 10:07:00+05:30,5449.3,5455.45,5446.25,5449.5,1259,
2024-09-18 10:08:00+05:30,5450.6,5450.6,5443.5,5445.5,374,
2024-09-18 10:09:00+05:30,5447.5,5450.9,5445.5,5450.9,412,
2024-09-18 10:10:00+05:30,5450.9,5450.95,5445.4,5447.1,260,
2024-09-18 10:11:00+05:30,5447.95,5453.35,5447.5,5450.5,201,
2024-09-18 10:12:00+05:30,5450.5,5453.2,5447.25,5448.35,579,
2024-09-18 10:13:00+05:30,5448.35,5450.65,5436.7,5439.4,1056,
2024-09-18 10:14:00+05:30,5441.55,5441.8,5435,5438.95,554,
2024-09-18 10:15:00+05:30,5438.95,5444.65,5437.8,5441.45,655,
2024-09-18 10:16:00+05:30,5441.45,5444.55,5441.45,5441.45,161,
2024-09-18 10:17:00+05:30,5443,5443.2,5439.15,5439.2,379,
2024-09-18 10:18:00+05:30,5439.25,5440.4,5436,5440,250,
2024-09-18 10:19:00+05:30,5440,5441.2,5436.2,5437.65,697,
2024-09-18 10:20:00+05:30,5439.1,5442,5439.1,5439.5,407,
2024-09-18 10:21:00+05:30,5439.5,5442,5436.05,5436.05,608,
2024-09-18 10:22:00+05:30,5436.05,5440.45,5436.05,5437.1,205,
2024-09-18 10:23:00+05:30,5439.2,5440.75,5436.15,5436.15,328,
2024-09-18 10:24:00+05:30,5436.15,5440.4,5436,5436,403,
2024-09-18 10:25:00+05:30,5436,5438,5430.05,5433.2,1144,
2024-09-18 10:26:00+05:30,5435.7,5436,5432.85,5435.75,363,
2024-09-18 10:27:00+05:30,5435.75,5436,5432.25,5436,233,
2024-09-18 10:28:00+05:30,5436,5439.95,5434.1,5438,256,
2024-09-18 10:29:00+05:30,5438.05,5442.35,5438,5441.9,310,
2024-09-18 10:30:00+05:30,5441.95,5445.95,5440.8,5442.95,509,
2024-09-18 10:31:00+05:30,5442.95,5444.55,5439.6,5439.6,318,
2024-09-18 10:32:00+05:30,5436.95,5442.8,5434.05,5440.1,258,
2024-09-18 10:33:00+05:30,5440.1,5444.5,5440.1,5443.45,179,
2024-09-18 10:34:00+05:30,5444.5,5444.5,5440.05,5440.55,203,
2024-09-18 10:35:00+05:30,5440.55,5445,5440.4,5443.05,284,
2024-09-18 10:36:00+05:30,5445,5445,5442.3,5443.15,274,
2024-09-18 10:37:00+05:30,5443.15,5445,5438.95,5441.95,331,
2024-09-18 10:38:00+05:30,5441.95,5442.55,5435.45,5435.5,478,
2024-09-18 10:39:00+05:30,5435.5,5442.4,5435.5,5441.1,215,
2024-09-18 10:40:00+05:30,5441.1,5444.25,5440.6,5441.05,238,
2024-09-18 10:41:00+05:30,5442.45,5445,5438.35,5442.45,509,
2024-09-18 10:42:00+05:30,5442.45,5447.95,5442.45,5446.15,586,
2024-09-18 10:43:00+05:30,5447.45,5447.65,5443.5,5444.15,202,
2024-09-18 10:44:00+05:30,5446.3,5449.9,5444,5447.2,444,
2024-09-18 10:45:00+05:30,5447.4,5449.9,5432.9,5437.9,1963,
2024-09-18 10:46:00+05:30,5437.9,5442.7,5435.75,5436.5,340,
2024-09-18 10:47:00+05:30,5438.5,5439.8,5434.65,5434.7,266,
2024-09-18 10:48:00+05:30,5434.7,5437.6,5433,5433,235,
2024-09-18 10:49:00+05:30,5433,5438.95,5433,5435.85,510,
2024-09-18 10:50:00+05:30,5438.5,5439.95,5435.45,5435.75,550,
2024-09-18 10:51:00+05:30,5435.75,5442.85,5435.3,5440.25,413,
2024-09-18 10:52:00+05:30,5441.25,5442,5438.05,5442,271,
2024-09-18 10:53:00+05:30,5442,5446.6,5439.8,5443.4,335,
2024-09-18 10:54:00+05:30,5444.15,5447.8,5442.6,5442.6,312,
2024-09-18 10:55:00+05:30,5442.6,5445,5441.8,5442.6,176,
2024-09-18 10:56:00+05:30,5444.95,5445,5439.7,5440.8,419,
2024-09-18 10:57:00+05:30,5440.8,5445,5439.05,5442.35,614,
2024-09-18 10:58:00+05:30,5442.35,5444.95,5440.85,5441.5,285,
2024-09-18 10:59:00+05:30,5441.55,5443.95,5439.5,5442.35,483,
2024-09-18 11:00:00+05:30,5442.35,5443.95,5440.25,5440.3,232,
2024-09-18 11:01:00+05:30,5440.3,5443,5434.15,5435.05,661,
2024-09-18 11:02:00+05:30,5437.4,5439.35,5435,5436.15,211,
2024-09-18 11:03:00+05:30,5436.15,5439.5,5435.05,5435.85,221,
2024-09-18 11:04:00+05:30,5438.7,5439.75,5433,5433.05,494,
2024-09-18 11:05:00+05:30,5434.85,5436,5433,5436,438,
2024-09-18 11:06:00+05:30,5436,5439.8,5435.65,5438.4,234,
2024-09-18 11:07:00+05:30,5439.35,5441.65,5437,5437.85,216,
2024-09-18 11:08:00+05:30,5439.95,5440.95,5437,5438.05,226,
2024-09-18 11:09:00+05:30,5438.05,5440.95,5437,5438.05,202,
2024-09-18 11:10:00+05:30,5438.9,5440.4,5437,5437.05,164,
2024-09-18 11:11:00+05:30,5437.9,5440.55,5436.5,5437.35,218,
2024-09-18 11:12:00+05:30,5437.35,5445,5437.35,5445,448,
2024-09-18 11:13:00+05:30,5444.95,5445,5439.3,5441.1,324,
2024-09-18 11:14:00+05:30,5441.05,5444.55,5439.85,5442.2,231,
2024-09-18 11:15:00+05:30,5442.2,5444.8,5442.05,5442.1,219,
2024-09-18 11:16:00+05:30,5441.1,5442.4,5437.45,5438,228,
2024-09-18 11:17:00+05:30,5440.25,5443.1,5437.55,5437.85,209,
2024-09-18 11:18:00+05:30,5437.85,5442.6,5437.85,5440.7,183,
2024-09-18 11:19:00+05:30,5440.7,5441.7,5438,5438.05,231,
2024-09-18 11:20:00+05:30,5438.05,5443.8,5438,5439.85,248,
2024-09-18 11:21:00+05:30,5439.85,5441.45,5438,5438.15,233,
2024-09-18 11:22:00+05:30,5438.15,5439.8,5436.05,5438.55,302,
2024-09-18 11:23:00+05:30,5436.15,5440.15,5433.65,5437.65,879,
2024-09-18 11:24:00+05:30,5437.65,5442.15,5437.2,5439.25,240,
2024-09-18 11:25:00+05:30,5439.45,5444.8,5438.1,5441.95,397,
2024-09-18 11:26:00+05:30,5442.9,5444.4,5441.15,5441.35,287,
2024-09-18 11:27:00+05:30,5441.35,5444.25,5439.95,5442.65,190,
2024-09-18 11:28:00+05:30,5442.65,5444.15,5438.65,5442.75,453,
2024-09-18 11:29:00+05:30,5442.75,5444.8,5440.45,5443.55,279,
2024-09-18 11:30:00+05:30,5444.75,5445,5441.95,5442.15,382,
2024-09-18 11:31:00+05:30,5442.15,5444.7,5436.15,5439.9,436,
2024-09-18 11:32:00+05:30,5439.9,5442.7,5436.15,5436.15,297,
2024-09-18 11:33:00+05:30,5436.4,5439.1,5433.5,5436.15,111,
2024-09-18 11:34:00+05:30,5436.15,5436.15,5420,5424.55,5043,
2024-09-18 11:35:00+05:30,5424.55,5426.35,5422,5423.4,519,
2024-09-18 11:36:00+05:30,5423.4,5428.3,5423,5428.3,477,
2024-09-18 11:37:00+05:30,5428.4,5429.9,5425,5427.15,332,
2024-09-18 11:38:00+05:30,5429.4,5435.9,5426.35,5434.2,830,
2024-09-18 11:39:00+05:30,5434.25,5435.9,5432,5433,225,
2024-09-18 11:40:00+05:30,5433,5440.9,5433,5438.1,592,
2024-09-18 11:41:00+05:30,5440.5,5441.9,5436,5440.85,242,
2024-09-18 11:42:00+05:30,5440.85,5442.65,5437.1,5441.85,237,
2024-09-18 11:43:00+05:30,5441.85,5441.9,5438.3,5438.3,203,
2024-09-18 11:44:00+05:30,5438,5439.25,5435,5435.1,444,
2024-09-18 11:45:00+05:30,5435.1,5441.2,5435.1,5440.45,387,
2024-09-18 11:46:00+05:30,5440.45,5441.85,5437.55,5437.8,265,
2024-09-18 11:47:00+05:30,5440.45,5445,5436.75,5445,801,
2024-09-18 11:48:00+05:30,5445,5445,5435.8,5436,1471,
2024-09-18 11:49:00+05:30,5436,5437.8,5434.8,5435.05,263,
2024-09-18 11:50:00+05:30,5435.6,5437.9,5433,5433.05,370,
2024-09-18 11:51:00+05:30,5433.05,5437,5433.05,5433.55,405,
2024-09-18 11:52:00+05:30,5433.55,5437,5433.1,5437,174,
2024-09-18 11:53:00+05:30,5437,5437,5435,5435,175,
2024-09-18 11:54:00+05:30,5435,5437,5435,5436.9,161,
2024-09-18 11:55:00+05:30,5432,5432.65,5425.05,5428.2,304,
2024-09-18 11:56:00+05:30,5428.2,5429.95,5423.6,5429.95,417,
2024-09-18 11:57:00+05:30,5429.95,5432.2,5427.8,5432.2,795,
2024-09-18 11:58:00+05:30,5432.2,5433.9,5425.55,5426.05,174,
2024-09-18 11:59:00+05:30,5428.5,5428.5,5423.6,5423.8,267,
2024-09-18 12:00:00+05:30,5423.8,5426.6,5423,5425.85,351,
2024-09-18 12:01:00+05:30,5426.3,5427.4,5423.35,5424.5,246,
2024-09-18 12:02:00+05:30,5425.25,5426.65,5421,5422.2,591,
2024-09-18 12:03:00+05:30,5422.2,5424.6,5421,5421.2,174,
2024-09-18 12:04:00+05:30,5421.2,5426.9,5421,5423.85,463,
2024-09-18 12:05:00+05:30,5426.3,5426.9,5420,5424,734,
2024-09-18 12:06:00+05:30,5424,5427.6,5423.2,5427.55,153,
2024-09-18 12:07:00+05:30,5427.5,5427.5,5421.5,5421.5,194,
2024-09-18 12:08:00+05:30,5424.2,5424.9,5421.5,5421.95,207,
2024-09-18 12:09:00+05:30,5421.95,5424.5,5410.6,5415.9,1650,
2024-09-18 12:10:00+05:30,5415.9,5418,5412.85,5416.1,466,
2024-09-18 12:11:00+05:30,5416.1,5425.45,5416.1,5425.45,794,
2024-09-18 12:12:00+05:30,5425.2,5426.9,5419.85,5421.55,640,
2024-09-18 12:13:00+05:30,5421.55,5425.15,5419,5420.9,181,
2024-09-18 12:14:00+05:30,5423.85,5423.95,5418.3,5419.25,91,
2024-09-18 12:15:00+05:30,5419.25,5423.95,5418.3,5420.5,738,
2024-09-18 12:16:00+05:30,5420.5,5423.05,5418.45,5420,171,
2024-09-18 12:17:00+05:30,5422.25,5422.4,5418.5,5418.5,240,
2024-09-18 12:18:00+05:30,5418.5,5423.05,5418.5,5421.7,401,
2024-09-18 12:19:00+05:30,5421.7,5422,5418.3,5420.95,561,
2024-09-18 12:20:00+05:30,5422,5422,5418.3,5419.55,115,
2024-09-18 12:21:00+05:30,5419.55,5421.85,5418.3,5418.3,66,
2024-09-18 12:22:00+05:30,5418.3,5423.4,5418.3,5420.1,166,
2024-09-18 12:23:00+05:30,5422.9,5422.9,5419.3,5420.1,75,
2024-09-18 12:24:00+05:30,5420.1,5420.65,5418.3,5418.3,73,
2024-09-18 12:25:00+05:30,5418.3,5420.55,5418.3,5418.55,129,
2024-09-18 12:26:00+05:30,5420.6,5422,5418.7,5418.7,155,
2024-09-18 12:27:00+05:30,5418.7,5421.6,5418.35,5418.85,77,
2024-09-18 12:28:00+05:30,5418.85,5420.85,5418.3,5420.45,219,
2024-09-18 12:29:00+05:30,5420.45,5420.45,5416.1,5416.1,74,
2024-09-18 12:30:00+05:30,5416.1,5424.15,5415.1,5424.15,453,
2024-09-18 12:31:00+05:30,5425,5432.8,5425,5432,1537,
2024-09-18 12:32:00+05:30,5432,5432.05,5424,5426.75,854,
2024-09-18 12:33:00+05:30,5426.75,5430.65,5424.3,5430.65,186,
2024-09-18 12:34:00+05:30,5430.65,5436.5,5426.9,5433,673,
2024-09-18 12:35:00+05:30,5433,5433.05,5427.7,5431.15,528,
2024-09-18 12:36:00+05:30,5431.15,5431.15,5426,5430.1,290,
2024-09-18 12:37:00+05:30,5430.1,5431,5427.25,5429.9,218,
2024-09-18 12:38:00+05:30,5429.9,5430.35,5424.85,5424.85,204,
2024-09-18 12:39:00+05:30,5424.95,5427,5421.1,5423,627,
2024-09-18 12:40:00+05:30,5423,5424.75,5420,5424.75,758,
2024-09-18 12:41:00+05:30,5424.75,5426.95,5420.05,5426.95,263,
2024-09-18 12:42:00+05:30,5426.95,5426.95,5420.2,5423.6,361,
2024-09-18 12:43:00+05:30,5423.6,5423.65,5416.25,5422.5,788,
2024-09-18 12:44:00+05:30,5422.5,5422.5,5416.65,5416.65,82,
2024-09-18 12:45:00+05:30,5416.65,5420.45,5414.45,5414.45,74,
2024-09-18 12:46:00+05:30,5414.45,5423.5,5414.1,5421.8,570,
2024-09-18 12:47:00+05:30,5421.85,5421.9,5417,5417,124,
2024-09-18 12:48:00+05:30,5417,5419.5,5414.65,5417.8,221,
2024-09-18 12:49:00+05:30,5417.8,5417.8,5415.35,5416.5,79,
2024-09-18 12:50:00+05:30,5415.5,5416.45,5412.6,5414,326,
2024-09-18 12:51:00+05:30,5414,5416.9,5412,5415.9,247,
2024-09-18 12:52:00+05:30,5415.8,5415.95,5411.15,5415,155,
2024-09-18 12:53:00+05:30,5415,5424.5,5415,5424,2262,
2024-09-18 12:54:00+05:30,5424,5424,5419.95,5420.9,316,
2024-09-18 12:55:00+05:30,5420.9,5425.1,5418.35,5425.1,498,
2024-09-18 12:56:00+05:30,5425.1,5427.45,5421.7,5427.45,212,
2024-09-18 12:57:00+05:30,5423.4,5427.95,5423.4,5426.65,489,
2024-09-18 12:58:00+05:30,5426.65,5427.5,5422.15,5424.95,347,
2024-09-18 12:59:00+05:30,5424.95,5425.9,5422.7,5424.95,214,
2024-09-18 13:00:00+05:30,5424.95,5426.05,5420.9,5420.9,239,
2024-09-18 13:01:00+05:30,5420.9,5424.55,5419.15,5420.1,227,
2024-09-18 13:02:00+05:30,5422.95,5423.05,5418.7,5421.15,97,
2024-09-18 13:03:00+05:30,5421.15,5421.15,5415,5416.25,405,
2024-09-18 13:04:00+05:30,5418.4,5420.1,5413.5,5416.85,746,
2024-09-18 13:05:00+05:30,5412.85,5417.2,5410.4,5411.95,941,
2024-09-18 13:06:00+05:30,5411.95,5415.35,5405,5415.35,1246,
2024-09-18 13:07:00+05:30,5415.35,5415.35,5407.35,5413.55,432,
2024-09-18 13:08:00+05:30,5412.45,5414.9,5408.05,5411.35,675,
2024-09-18 13:09:00+05:30,5411.35,5411.5,5405.4,5410.45,465,
2024-09-18 13:10:00+05:30,5410.45,5410.95,5406,5409.35,566,
2024-09-18 13:11:00+05:30,5409.35,5409.9,5405,5406,155,
2024-09-18 13:12:00+05:30,5406,5410.6,5404.5,5409.4,760,
2024-09-18 13:13:00+05:30,5409.35,5411.75,5405,5405.75,561,
2024-09-18 13:14:00+05:30,5408.85,5409.7,5404.3,5405.95,207,
2024-09-18 13:15:00+05:30,5405.95,5410.65,5400,5410.65,1623,
2024-09-18 13:16:00+05:30,5410.65,5411.7,5404,5409.95,1674,
2024-09-18 13:17:00+05:30,5409.95,5410.95,5407.35,5409.8,257,
2024-09-18 13:18:00+05:30,5409.8,5411.5,5407.05,5407.05,258,
2024-09-18 13:19:00+05:30,5409.4,5409.8,5403.65,5406.4,239,
2024-09-18 13:20:00+05:30,5406.4,5411.6,5403.85,5410.8,318,
2024-09-18 13:21:00+05:30,5410.8,5412,5405.85,5405.85,240,
2024-09-18 13:22:00+05:30,5405.85,5412,5405.85,5412,156,
2024-09-18 13:23:00+05:30,5412,5412,5408.25,5411,424,
2024-09-18 13:24:00+05:30,5410.95,5411.3,5407.5,5411.2,274,
2024-09-18 13:25:00+05:30,5411,5411,5408,5408.3,89,
2024-09-18 13:26:00+05:30,5408.55,5411,5407.65,5410.75,134,
2024-09-18 13:27:00+05:30,5410.6,5410.65,5400,5400.55,715,
2024-09-18 13:28:00+05:30,5404.1,5405.35,5400,5404,1522,
2024-09-18 13:29:00+05:30,5403.9,5405.8,5400.2,5404.25,672,
2024-09-18 13:30:00+05:30,5404.25,5405.9,5402.9,5403.15,160,
2024-09-18 13:31:00+05:30,5403.15,5408.55,5402.95,5408.55,366,
2024-09-18 13:32:00+05:30,5408.55,5408.55,5401.4,5402.5,134,
2024-09-18 13:33:00+05:30,5402.5,5402.5,5400,5400,300,
2024-09-18 13:34:00+05:30,5400,5407.9,5399.35,5407.35,280,
2024-09-18 13:35:00+05:30,5407.3,5407.3,5399.35,5400,836,
2024-09-18 13:36:00+05:30,5402,5402,5392.5,5396.85,1123,
2024-09-18 13:37:00+05:30,5396.85,5400,5394.6,5400,455,
2024-09-18 13:38:00+05:30,5400,5400.35,5397.25,5399.75,227,
2024-09-18 13:39:00+05:30,5398.1,5400,5396.3,5397.15,479,
2024-09-18 13:40:00+05:30,5397.15,5398.6,5392.05,5392.05,319,
2024-09-18 13:41:00+05:30,5392.05,5402.9,5392.05,5402.9,587,
2024-09-18 13:42:00+05:30,5402.9,5405.8,5401.55,5404.8,255,
2024-09-18 13:43:00+05:30,5404.8,5404.8,5399.3,5401.3,95,
2024-09-18 13:44:00+05:30,5401.3,5415.75,5400,5412.15,3692,
2024-09-18 13:45:00+05:30,5412.15,5415.3,5405.6,5415.3,2282,
2024-09-18 13:46:00+05:30,5415.3,5420,5415.3,5420,441,
2024-09-18 13:47:00+05:30,5421.25,5425,5420.8,5423.25,554,
2024-09-18 13:48:00+05:30,5423.25,5425.7,5421.35,5424.6,294,
2024-09-18 13:49:00+05:30,5424.6,5434.6,5424.45,5428.4,775,
2024-09-18 13:50:00+05:30,5428.4,5438.9,5428.4,5436,1013,
2024-09-18 13:51:00+05:30,5436,5442.1,5434.2,5438.35,751,
2024-09-18 13:52:00+05:30,5438.35,5443,5437.8,5438.25,607,
2024-09-18 13:53:00+05:30,5438.25,5438.8,5433.75,5436,203,
2024-09-18 13:54:00+05:30,5435.95,5438.95,5432.2,5433,456,
2024-09-18 13:55:00+05:30,5433,5434.95,5430.05,5433.9,450,
2024-09-18 13:56:00+05:30,5433.9,5433.9,5428.05,5431.8,389,
2024-09-18 13:57:00+05:30,5431.8,5433.75,5428.55,5431.8,615,
2024-09-18 13:58:00+05:30,5431.8,5432.45,5427.8,5432.45,580,
2024-09-18 13:59:00+05:30,5432.45,5437,5432.45,5437,299,
2024-09-18 14:00:00+05:30,5437,5437.1,5430.95,5435,266,
2024-09-18 14:01:00+05:30,5435,5435,5429.2,5429.8,605,
2024-09-18 14:02:00+05:30,5429.8,5434.4,5429.55,5434.35,591,
2024-09-18 14:03:00+05:30,5434.35,5435.15,5429.2,5429.25,270,
2024-09-18 14:04:00+05:30,5429.2,5431.4,5429.2,5430.75,226,
2024-09-18 14:05:00+05:30,5430.75,5431,5427.75,5430,225,
2024-09-18 14:06:00+05:30,5430,5435,5428.35,5433.2,330,
2024-09-18 14:07:00+05:30,5433.2,5435,5430.9,5431.45,407,
2024-09-18 14:08:00+05:30,5431.45,5434.4,5431.3,5431.35,203,
2024-09-18 14:09:00+05:30,5432.9,5432.9,5427.2,5430.2,103,
2024-09-18 14:10:00+05:30,5430.2,5432.55,5426,5427.9,141,
2024-09-18 14:11:00+05:30,5427.9,5430.25,5422.65,5429.65,442,
2024-09-18 14:12:00+05:30,5429.65,5429.95,5426.7,5428.25,187,
2024-09-18 14:13:00+05:30,5428.25,5429.95,5426.5,5428.95,63,
2024-09-18 14:14:00+05:30,5428.95,5429.35,5423.35,5426.55,81,
2024-09-18 14:15:00+05:30,5426.5,5427.4,5421.25,5424.55,131,
2024-09-18 14:16:00+05:30,5425.7,5425.85,5422.45,5423,45,
2024-09-18 14:17:00+05:30,5423,5427.3,5423,5427.25,173,
2024-09-18 14:18:00+05:30,5427.2,5429.75,5424.95,5429.75,126,
2024-09-18 14:19:00+05:30,5429.75,5432.4,5427.6,5429.65,193,
2024-09-18 14:20:00+05:30,5429.65,5433.95,5429.4,5429.9,55,
2024-09-18 14:21:00+05:30,5429.9,5435,5427.8,5435,216,
2024-09-18 14:22:00+05:30,5434.9,5439.95,5434.55,5437.2,284,
2024-09-18 14:23:00+05:30,5437.2,5440,5437.2,5440,538,
2024-09-18 14:24:00+05:30,5440,5441.3,5435.35,5435.35,181,
2024-09-18 14:25:00+05:30,5435.35,5437.85,5433.05,5433.05,90,
2024-09-18 14:26:00+05:30,5433.05,5435.9,5430.5,5433.05,120,
2024-09-18 14:27:00+05:30,5433.05,5435.1,5430.5,5432.85,93,
2024-09-18 14:28:00+05:30,5432.8,5433.7,5428.05,5429.6,347,
2024-09-18 14:29:00+05:30,5429.6,5432.15,5428.6,5429.5,196,
2024-09-18 14:30:00+05:30,5429.5,5435.05,5429.5,5434.65,765,
2024-09-18 14:31:00+05:30,5434.55,5434.55,5431.4,5433.15,303,
2024-09-18 14:32:00+05:30,5433.15,5437.3,5431,5433.1,815,
2024-09-18 14:33:00+05:30,5433.1,5437.5,5431.5,5434.1,133,
2024-09-18 14:34:00+05:30,5434.1,5434.1,5431.75,5432.85,63,
2024-09-18 14:35:00+05:30,5432.8,5434.45,5430.4,5433.8,226,
2024-09-18 14:36:00+05:30,5434.25,5435,5430.6,5432.65,89,
2024-09-18 14:37:00+05:30,5432.6,5432.6,5425.4,5427,314,
2024-09-18 14:38:00+05:30,5429,5431.35,5426.15,5426.15,126,
2024-09-18 14:39:00+05:30,5426.2,5431,5425.05,5427.8,116,
2024-09-18 14:40:00+05:30,5427.8,5431,5427.8,5429.2,60,
2024-09-18 14:41:00+05:30,5429.2,5431,5426.25,5430.75,128,
2024-09-18 14:42:00+05:30,5430.7,5431.95,5424.2,5429.1,527,
2024-09-18 14:43:00+05:30,5429.1,5430.6,5424.75,5424.75,361,
2024-09-18 14:44:00+05:30,5424.75,5428.5,5424.5,5427.05,104,
2024-09-18 14:45:00+05:30,5427.6,5433.6,5427.05,5429.45,377,
2024-09-18 14:46:00+05:30,5430.7,5437.9,5430.7,5437.9,2038,
2024-09-18 14:47:00+05:30,5437.9,5441.3,5436.4,5437.35,241,
2024-09-18 14:48:00+05:30,5439.9,5439.9,5433.65,5433.65,222,
2024-09-18 14:49:00+05:30,5435.85,5435.85,5431.1,5431.2,142,
2024-09-18 14:50:00+05:30,5431.2,5435.45,5431.2,5432.5,129,
2024-09-18 14:51:00+05:30,5434.05,5438.95,5432.85,5435.6,411,
2024-09-18 14:52:00+05:30,5435.6,5438.15,5435.5,5436.8,81,
2024-09-18 14:53:00+05:30,5436.8,5440.15,5436.7,5440.15,297,
2024-09-18 14:54:00+05:30,5440.15,5443.85,5438.55,5440,264,
2024-09-18 14:55:00+05:30,5440,5447.05,5440,5446.85,653,
2024-09-18 14:56:00+05:30,5446.85,5447.05,5436.35,5436.35,198,
2024-09-18 14:57:00+05:30,5436.35,5442.05,5436.35,5439,115,
2024-09-18 14:58:00+05:30,5439,5444.05,5439,5440,387,
2024-09-18 14:59:00+05:30,5440,5442.8,5437.15,5442.7,907,
2024-09-18 15:00:00+05:30,5442.7,5463.9,5442.7,5460.8,2831,
2024-09-18 15:01:00+05:30,5460.8,5464.5,5458.15,5461.15,1571,
2024-09-18 15:02:00+05:30,5461.15,5466.55,5454.8,5463.25,2386,
2024-09-18 15:03:00+05:30,5463.25,5476.4,5463.25,5466.7,2778,
2024-09-18 15:04:00+05:30,5466.7,5474.9,5466.7,5474.7,952,
2024-09-18 15:05:00+05:30,5474.7,5480,5469,5478.05,1399,
2024-09-18 15:06:00+05:30,5476.65,5482.7,5471.85,5477.3,2444,
2024-09-18 15:07:00+05:30,5477.3,5478,5473,5476.2,1368,
2024-09-18 15:08:00+05:30,5476.2,5476.2,5466.05,5471.75,904,
2024-09-18 15:09:00+05:30,5471.75,5472.8,5467.55,5472.8,726,
2024-09-18 15:10:00+05:30,5472.9,5477.9,5471.05,5475.9,2879,
2024-09-18 15:11:00+05:30,5475.9,5476,5470.1,5473.2,2420,
2024-09-18 15:12:00+05:30,5473.2,5474.45,5469.05,5469.05,500,
2024-09-18 15:13:00+05:30,5469.05,5471.15,5466.05,5470.2,693,
2024-09-18 15:14:00+05:30,5470,5470.2,5466.05,5466.7,1937,
2024-09-18 15:15:00+05:30,5468,5474.9,5468,5472.3,920,
2024-09-18 15:16:00+05:30,5472.3,5475.9,5471.35,5473.55,1547,
2024-09-18 15:17:00+05:30,5473.5,5475,5469.15,5473.55,2117,
2024-09-18 15:18:00+05:30,5473.95,5473.95,5470.4,5472.95,708,
2024-09-18 15:19:00+05:30,5472.95,5474.85,5471.1,5472.35,718,
2024-09-18 15:20:00+05:30,5472.35,5478.2,5471.05,5476.4,797,
2024-09-18 15:21:00+05:30,5475.7,5479,5474.65,5474.7,703,
2024-09-18 15:22:00+05:30,5477.1,5477.1,5471.15,5474,795,
2024-09-18 15:23:00+05:30,5474,5474,5463.25,5468.2,818,
2024-09-18 15:24:00+05:30,5466.85,5468.4,5460.5,5466.7,864,
2024-09-18 15:25:00+05:30,5465.3,5466.65,5461.2,5462.6,396,
2024-09-18 15:26:00+05:30,5464.1,5464.1,5461.05,5462.05,401,
2024-09-18 15:27:00+05:30,5463.95,5463.95,5453.55,5454.15,729,
2024-09-18 15:28:00+05:30,5457,5458.85,5451.15,5453.8,428,
2024-09-18 15:29:00+05:30,5453.8,5457.9,5445,5445,176,
2024-09-19 09:15:00+05:30,5469.15,5483.65,5462.35,5477.55,4619,
2024-09-19 09:16:00+05:30,5484,5505,5484,5505,6419,
2024-09-19 09:17:00+05:30,5504,5512.9,5499,5510,3438,
2024-09-19 09:18:00+05:30,5510,5510.15,5501.3,5506.3,1358,
2024-09-19 09:19:00+05:30,5507.3,5510,5502.05,5507.55,1426,
2024-09-19 09:20:00+05:30,5508.6,5513,5502,5504.85,2616,
2024-09-19 09:21:00+05:30,5503.65,5503.65,5492,5492.25,1272,
2024-09-19 09:22:00+05:30,5492.4,5508.7,5490.2,5504.8,2297,
2024-09-19 09:23:00+05:30,5505,5506.8,5485,5490.5,3295,
2024-09-19 09:24:00+05:30,5490.5,5492.15,5478.65,5484.5,1643,
2024-09-19 09:25:00+05:30,5485.2,5493.7,5484.95,5492.4,387,
2024-09-19 09:26:00+05:30,5490,5491.15,5480.65,5480.9,1089,
2024-09-19 09:27:00+05:30,5480.9,5484.1,5475.25,5482.6,829,
2024-09-19 09:28:00+05:30,5482.6,5487.75,5477.9,5487.75,1286,
2024-09-19 09:29:00+05:30,5484.65,5485,5475.05,5479.2,1151,
2024-09-19 09:30:00+05:30,5479.2,5488.8,5478.6,5488.8,450,
2024-09-19 09:31:00+05:30,5489.25,5494.95,5487.4,5491.6,1220,
2024-09-19 09:32:00+05:30,5491.6,5494.45,5485.95,5494.45,1273,
2024-09-19 09:33:00+05:30,5494.45,5495.2,5488.55,5495.2,1026,
2024-09-19 09:34:00+05:30,5495.2,5499.35,5491.7,5497.3,806,
2024-09-19 09:35:00+05:30,5494.8,5499.5,5486,5489.8,1109,
2024-09-19 09:36:00+05:30,5489.8,5491.4,5485.95,5489.3,730,
2024-09-19 09:37:00+05:30,5487.05,5489.65,5482,5489.65,625,
2024-09-19 09:38:00+05:30,5489.65,5497.25,5488.95,5491.65,675,
2024-09-19 09:39:00+05:30,5495.2,5495.2,5488.5,5489.7,674,
2024-09-19 09:40:00+05:30,5489.4,5489.4,5481,5489.4,564,
2024-09-19 09:41:00+05:30,5490.45,5496.55,5487.5,5494.05,902,
2024-09-19 09:42:00+05:30,5491.25,5498,5490,5493.15,1376,
2024-09-19 09:43:00+05:30,5495.35,5501.2,5494.4,5498.7,1239,
2024-09-19 09:44:00+05:30,5498.7,5501.95,5496.3,5499.1,2184,
2024-09-19 09:45:00+05:30,5499.1,5502,5496.3,5496.9,1543,
2024-09-19 09:46:00+05:30,5496.7,5496.7,5484.45,5488.3,411,
2024-09-19 09:47:00+05:30,5486.9,5488.2,5477.3,5477.9,620,
2024-09-19 09:48:00+05:30,5477.9,5477.9,5470,5470,1558,
2024-09-19 09:49:00+05:30,5470,5475,5466.95,5466.95,947,
2024-09-19 09:50:00+05:30,5466.95,5470,5452.5,5456.9,3210,
2024-09-19 09:51:00+05:30,5456.9,5466.9,5454,5457,3800,
2024-09-19 09:52:00+05:30,5458.15,5459.45,5451.7,5451.7,1521,
2024-09-19 09:53:00+05:30,5453.85,5456.85,5450.2,5451,743,
2024-09-19 09:54:00+05:30,5451,5454.45,5442.55,5443.4,2212,
2024-09-19 09:55:00+05:30,5443.4,5458.4,5443.4,5455.55,824,
2024-09-19 09:56:00+05:30,5455.55,5457.95,5452.95,5456.5,338,
2024-09-19 09:57:00+05:30,5456.5,5463.65,5456.5,5462.45,250,
2024-09-19 09:58:00+05:30,5462.45,5466.4,5460.45,5464.15,1160,
2024-09-19 09:59:00+05:30,5468,5468,5460.85,5461.45,665,
2024-09-19 10:00:00+05:30,5463.65,5476.7,5463.2,5476.7,721,
2024-09-19 10:01:00+05:30,5473.7,5473.7,5470,5470.35,405,
2024-09-19 10:02:00+05:30,5471.5,5478.95,5470.55,5477.4,383,
2024-09-19 10:03:00+05:30,5476.25,5477.4,5471.75,5473.4,420,
2024-09-19 10:04:00+05:30,5473.4,5480,5470,5480,846,
2024-09-19 10:05:00+05:30,5480,5482.95,5473.65,5477,1695,
2024-09-19 10:06:00+05:30,5476.5,5477.8,5470,5471.95,670,
2024-09-19 10:07:00+05:30,5471.95,5471.95,5459.05,5461.15,567,
2024-09-19 10:08:00+05:30,5461.15,5466.4,5455.6,5456.4,912,
2024-09-19 10:09:00+05:30,5456.4,5465,5456.4,5459.2,757,
2024-09-19 10:10:00+05:30,5461.75,5461.8,5450.9,5454.25,835,
2024-09-19 10:11:00+05:30,5453.55,5457,5451.2,5451.55,1202,
2024-09-19 10:12:00+05:30,5453.75,5457,5451.4,5457,911,
2024-09-19 10:13:00+05:30,5457,5457,5447.35,5452.65,1048,
2024-09-19 10:14:00+05:30,5452.7,5456.7,5450,5454.1,488,
2024-09-19 10:15:00+05:30,5448.25,5457,5447.7,5453.05,1760,
2024-09-19 10:16:00+05:30,5455.6,5457,5453.25,5455.45,327,
2024-09-19 10:17:00+05:30,5455,5455.9,5453.25,5453.25,311,
2024-09-19 10:18:00+05:30,5454.05,5455.15,5451.1,5453.35,202,
2024-09-19 10:19:00+05:30,5453.35,5456.9,5452.15,5452.15,262,
2024-09-19 10:20:00+05:30,5454.8,5457,5440,5440,1787,
2024-09-19 10:21:00+05:30,5441.05,5452.1,5438,5450.4,1218,
2024-09-19 10:22:00+05:30,5450.4,5450.4,5445.8,5449.95,497,
2024-09-19 10:23:00+05:30,5449.95,5455.5,5448.75,5453.95,379,
2024-09-19 10:24:00+05:30,5454.3,5455.85,5452.2,5454.3,121,
2024-09-19 10:25:00+05:30,5454.3,5454.3,5447.9,5449.55,572,
2024-09-19 10:26:00+05:30,5447.55,5450.9,5445.9,5449.25,676,
2024-09-19 10:27:00+05:30,5450,5452.25,5448.05,5450,231,
2024-09-19 10:28:00+05:30,5451.9,5453.85,5448,5450,382,
2024-09-19 10:29:00+05:30,5449.85,5450.9,5445.5,5446.3,326,
2024-09-19 10:30:00+05:30,5446.3,5450,5446.2,5449.1,353,
2024-09-19 10:31:00+05:30,5449.55,5454.45,5447.1,5453.55,416,
2024-09-19 10:32:00+05:30,5453.05,5459,5452.45,5455.9,472,
2024-09-19 10:33:00+05:30,5458.65,5462.15,5455.95,5462.1,329,
2024-09-19 10:34:00+05:30,5462.1,5462.75,5459.85,5461.1,101,
2024-09-19 10:35:00+05:30,5461.15,5462.5,5460.05,5461.8,225,
2024-09-19 10:36:00+05:30,5460.1,5462.05,5458,5459.55,218,
2024-09-19 10:37:00+05:30,5459.55,5461.85,5455.35,5459,360,
2024-09-19 10:38:00+05:30,5457.75,5459.05,5452.4,5456.3,622,
2024-09-19 10:39:00+05:30,5456.3,5459,5451.55,5456.7,1723,
2024-09-19 10:40:00+05:30,5456.95,5461.45,5455.05,5458.65,465,
2024-09-19 10:41:00+05:30,5457.3,5461.9,5457.25,5460.05,311,
2024-09-19 10:42:00+05:30,5462,5472.3,5460.05,5470.15,629,
2024-09-19 10:43:00+05:30,5469.8,5471.65,5467.55,5467.55,124,
2024-09-19 10:44:00+05:30,5467.65,5471.25,5463.9,5471.05,203,
2024-09-19 10:45:00+05:30,5471.85,5472.5,5465.8,5468.3,367,
2024-09-19 10:46:00+05:30,5466.55,5468.6,5464.65,5464.65,415,
2024-09-19 10:47:00+05:30,5464.65,5466.65,5454.6,5457.2,439,
2024-09-19 10:48:00+05:30,5454.95,5461.75,5452.45,5458.3,750,
2024-09-19 10:49:00+05:30,5458.3,5474.55,5457.2,5466.25,3596,
2024-09-19 10:50:00+05:30,5466.25,5475.7,5466.25,5475.7,809,
2024-09-19 10:51:00+05:30,5475.2,5478.95,5473.05,5476.75,883,
2024-09-19 10:52:00+05:30,5478.55,5485.7,5475.75,5484.5,1105,
2024-09-19 10:53:00+05:30,5483.65,5485.9,5478.85,5480,1938,
2024-09-19 10:54:00+05:30,5481.45,5488.15,5478.4,5485.2,1241,
2024-09-19 10:55:00+05:30,5485.2,5489,5483.1,5487.6,1262,
2024-09-19 10:56:00+05:30,5486.35,5487.6,5484.2,5484.2,433,
2024-09-19 10:57:00+05:30,5484.2,5488,5483.9,5484.8,479,
2024-09-19 10:58:00+05:30,5484.8,5485.15,5480.05,5481,600,
2024-09-19 10:59:00+05:30,5481,5484.6,5481,5481.55,285,
2024-09-19 11:00:00+05:30,5481.55,5482,5475,5479.25,2281,
2024-09-19 11:01:00+05:30,5479.25,5485,5478,5484.25,495,
2024-09-19 11:02:00+05:30,5484.25,5490,5482.2,5489.9,830,
2024-09-19 11:03:00+05:30,5489.9,5495,5486.5,5495,1424,
2024-09-19 11:04:00+05:30,5495,5498.95,5488.95,5495.4,1810,
2024-09-19 11:05:00+05:30,5495.35,5496.9,5492.25,5492.25,1393,
2024-09-19 11:06:00+05:30,5493.9,5499,5492.2,5498.85,1461,
2024-09-19 11:07:00+05:30,5498.85,5505,5491.95,5492.95,4457,
2024-09-19 11:08:00+05:30,5492.95,5499.9,5490.5,5492.55,894,
2024-09-19 11:09:00+05:30,5492.55,5496.5,5492.55,5495.65,273,
2024-09-19 11:10:00+05:30,5495.65,5496.05,5490.1,5491.8,667,
2024-09-19 11:11:00+05:30,5492.95,5495,5491.6,5492.65,265,
2024-09-19 11:12:00+05:30,5492.65,5495.05,5490.1,5490.1,512,
2024-09-19 11:13:00+05:30,5490.1,5491.45,5481.85,5486,1900,
2024-09-19 11:14:00+05:30,5486,5486,5482.4,5484.75,593,
2024-09-19 11:15:00+05:30,5484.75,5489.35,5483,5486.65,206,
2024-09-19 11:16:00+05:30,5486.65,5489.85,5483.75,5485.8,391,
2024-09-19 11:17:00+05:30,5485.8,5487.8,5480.2,5480.4,568,
2024-09-19 11:18:00+05:30,5482.7,5486.55,5478.75,5486.2,219,
2024-09-19 11:19:00+05:30,5486.2,5491,5483.7,5486.9,876,
2024-09-19 11:20:00+05:30,5486.9,5487.5,5477.6,5477.75,878,
2024-09-19 11:21:00+05:30,5483.3,5483.3,5477.65,5480.15,811,
2024-09-19 11:22:00+05:30,5480.15,5481.25,5473.05,5474.5,1918,
2024-09-19 11:23:00+05:30,5474,5474.35,5467.65,5467.7,2577,
2024-09-19 11:24:00+05:30,5467.7,5475.65,5466.15,5473.05,1102,
2024-09-19 11:25:00+05:30,5473.05,5477.45,5473,5474.4,524,
2024-09-19 11:26:00+05:30,5474.15,5480.15,5472.55,5477.35,1103,
2024-09-19 11:27:00+05:30,5479.55,5484.45,5475.9,5481.8,704,
2024-09-19 11:28:00+05:30,5481.8,5483.75,5477.75,5477.8,808,
2024-09-19 11:29:00+05:30,5477.8,5477.8,5468.05,5470.95,785,
2024-09-19 11:30:00+05:30,5470.15,5475.5,5468.9,5469.3,1160,
2024-09-19 11:31:00+05:30,5469.3,5474.1,5461.45,5471.55,1573,
2024-09-19 11:32:00+05:30,5471.55,5482.85,5470.35,5471.45,425,
2024-09-19 11:33:00+05:30,5475.1,5476.25,5470.75,5473.15,518,
2024-09-19 11:34:00+05:30,5473.15,5478.85,5472.55,5476.15,321,
2024-09-19 11:35:00+05:30,5476.15,5479.85,5472.25,5477,307,
2024-09-19 11:36:00+05:30,5477,5480.35,5475.95,5479.25,321,
2024-09-19 11:37:00+05:30,5479.8,5481.75,5476.05,5476.2,431,
2024-09-19 11:38:00+05:30,5476.2,5483.25,5472.3,5473,908,
2024-09-19 11:39:00+05:30,5475.35,5476.75,5469.8,5471.9,496,
2024-09-19 11:40:00+05:30,5471.9,5474.35,5467,5467.6,525,
2024-09-19 11:41:00+05:30,5463.9,5471,5463.9,5467.8,543,
2024-09-19 11:42:00+05:30,5467.75,5478.7,5467.75,5477.3,367,
2024-09-19 11:43:00+05:30,5477.3,5484,5476.5,5481.9,854,
2024-09-19 11:44:00+05:30,5481.9,5490.15,5481.4,5485.8,1022,
2024-09-19 11:45:00+05:30,5482.55,5490,5479.95,5486.15,713,
2024-09-19 11:46:00+05:30,5485.1,5488.75,5477,5479.7,469,
2024-09-19 11:47:00+05:30,5479.7,5484.95,5479.7,5484.95,344,
2024-09-19 11:48:00+05:30,5484.1,5486.6,5479.5,5479.5,413,
2024-09-19 11:49:00+05:30,5479.5,5483.9,5478.55,5482.85,586,
2024-09-19 11:50:00+05:30,5482.85,5485.75,5478.3,5485.1,535,
2024-09-19 11:51:00+05:30,5485.1,5491.95,5482.6,5489.2,1542,
2024-09-19 11:52:00+05:30,5489.2,5494.95,5487.5,5494.95,2110,
2024-09-19 11:53:00+05:30,5495,5495,5481.8,5483.45,1117,
2024-09-19 11:54:00+05:30,5483.45,5487.85,5475.1,5483.4,2362,
2024-09-19 11:55:00+05:30,5483.4,5483.7,5473.25,5478.7,1913,
2024-09-19 11:56:00+05:30,5479,5484.45,5478.45,5478.9,1698,
2024-09-19 11:57:00+05:30,5478.9,5480.7,5476.05,5476.05,446,
2024-09-19 11:58:00+05:30,5476.05,5479.25,5476.05,5476.8,346,
2024-09-19 11:59:00+05:30,5476.8,5476.8,5468.05,5472.95,1209,
2024-09-19 12:00:00+05:30,5471.8,5479,5469.05,5476,1267,
2024-09-19 12:01:00+05:30,5475.65,5481.55,5473.6,5479.65,642,
2024-09-19 12:02:00+05:30,5479.65,5483.95,5477.5,5483.95,726,
2024-09-19 12:03:00+05:30,5483.95,5483.95,5479,5481.25,1574,
2024-09-19 12:04:00+05:30,5481.25,5481.95,5467.85,5472.4,2554,
2024-09-19 12:05:00+05:30,5474.15,5474.35,5470.65,5474.35,949,
2024-09-19 12:06:00+05:30,5472.4,5476.2,5471.55,5473.45,543,
2024-09-19 12:07:00+05:30,5473.45,5479.1,5472.45,5478.55,1001,
2024-09-19 12:08:00+05:30,5480.75,5482,5478.5,5481.05,940,
2024-09-19 12:09:00+05:30,5481.05,5485,5481,5482.55,1297,
2024-09-19 12:10:00+05:30,5482.55,5490,5482.55,5484,1195,
2024-09-19 12:11:00+05:30,5486.9,5487,5480.05,5486,644,
2024-09-19 12:12:00+05:30,5486,5494,5486,5491.55,664,
2024-09-19 12:13:00+05:30,5491.55,5494.9,5490.1,5490.25,240,
2024-09-19 12:14:00+05:30,5490.25,5491.15,5484.9,5489.85,279,
2024-09-19 12:15:00+05:30,5489.85,5492,5488.8,5491,318,
2024-09-19 12:16:00+05:30,5492.45,5492.45,5486.95,5491.8,394,
2024-09-19 12:17:00+05:30,5491.05,5494.4,5489.15,5491.85,565,
2024-09-19 12:18:00+05:30,5493.95,5498,5492.05,5495.95,552,
2024-09-19 12:19:00+05:30,5495.95,5496.9,5490.1,5490.1,420,
2024-09-19 12:20:00+05:30,5491.6,5496.45,5489.65,5496,369,
2024-09-19 12:21:00+05:30,5496,5496.35,5491.4,5491.45,259,
2024-09-19 12:22:00+05:30,5491.45,5498,5491,5497.95,463,
2024-09-19 12:23:00+05:30,5497.95,5499.9,5495.05,5498.95,837,
2024-09-19 12:24:00+05:30,5499.9,5504,5499.4,5503.85,566,
2024-09-19 12:25:00+05:30,5503.5,5505,5503.1,5503.95,811,
2024-09-19 12:26:00+05:30,5502.15,5503.85,5496.95,5500,647,
2024-09-19 12:27:00+05:30,5499.85,5500,5498.35,5500,230,
2024-09-19 12:28:00+05:30,5500,5502.4,5499,5501.85,409,
2024-09-19 12:29:00+05:30,5501.4,5504.7,5498.65,5504.7,342,
2024-09-19 12:30:00+05:30,5504.95,5508.9,5501.85,5508.05,1317,
2024-09-19 12:31:00+05:30,5508.75,5508.75,5503.3,5506.4,1939,
2024-09-19 12:32:00+05:30,5505.8,5507.9,5501.35,5502.3,845,
2024-09-19 12:33:00+05:30,5502.3,5506.45,5499.5,5503,3544,
2024-09-19 12:34:00+05:30,5503,5506.45,5502.6,5503.45,951,
2024-09-19 12:35:00+05:30,5503.45,5505.45,5502.1,5505.05,422,
2024-09-19 12:36:00+05:30,5505.05,5505.05,5499.6,5502,1001,
2024-09-19 12:37:00+05:30,5501.1,5501.95,5489.7,5489.7,1212,
2024-09-19 12:38:00+05:30,5489.85,5490,5481.9,5481.9,1454,
2024-09-19 12:39:00+05:30,5482.8,5484.6,5478.3,5478.3,1342,
2024-09-19 12:40:00+05:30,5478.3,5479.6,5474.55,5477.7,2785,
2024-09-19 12:41:00+05:30,5477.7,5489.85,5477,5489.85,2479,
2024-09-19 12:42:00+05:30,5489.85,5489.85,5484.2,5485.85,1241,
2024-09-19 12:43:00+05:30,5485.85,5485.85,5481.4,5482.5,431,
2024-09-19 12:44:00+05:30,5482.8,5482.9,5481.5,5482,323,
2024-09-19 12:45:00+05:30,5482,5482.8,5478.2,5478.95,669,
2024-09-19 12:46:00+05:30,5478.95,5481.25,5476.45,5479.6,1760,
2024-09-19 12:47:00+05:30,5479.6,5479.6,5475,5475,1399,
2024-09-19 12:48:00+05:30,5475,5477.65,5473.8,5473.85,548,
2024-09-19 12:49:00+05:30,5473.85,5476.95,5469.05,5470.55,784,
2024-09-19 12:50:00+05:30,5469.15,5472,5466.8,5467.05,965,
2024-09-19 12:51:00+05:30,5467.05,5469.95,5466.95,5467,1190,
2024-09-19 12:52:00+05:30,5469.35,5471.55,5468.4,5469,373,
2024-09-19 12:53:00+05:30,5469,5469,5460.3,5460.3,948,
2024-09-19 12:54:00+05:30,5461.9,5464,5460.05,5464,1047,
2024-09-19 12:55:00+05:30,5464,5468.4,5463.05,5467.8,294,
2024-09-19 12:56:00+05:30,5468.45,5469.55,5465.95,5466.3,577,
2024-09-19 12:57:00+05:30,5464.85,5469.3,5462.45,5467.8,391,
2024-09-19 12:58:00+05:30,5467.8,5470,5467.25,5468.55,552,
2024-09-19 12:59:00+05:30,5468.55,5468.95,5462.2,5462.2,670,
2024-09-19 13:00:00+05:30,5462.2,5464.3,5457,5461.7,1273,
2024-09-19 13:01:00+05:30,5461.7,5464.15,5460.4,5461.3,673,
2024-09-19 13:02:00+05:30,5461.3,5467,5461.3,5467,452,
2024-09-19 13:03:00+05:30,5467,5467.9,5465.7,5465.75,252,
2024-09-19 13:04:00+05:30,5465.75,5466,5464.4,5466,258,
2024-09-19 13:05:00+05:30,5466,5466,5463.3,5464.65,769,
2024-09-19 13:06:00+05:30,5464.45,5464.65,5462.35,5462.75,304,
2024-09-19 13:07:00+05:30,5463.5,5467.9,5463.5,5466.55,847,
2024-09-19 13:08:00+05:30,5466.6,5466.6,5461.85,5461.85,361,
2024-09-19 13:09:00+05:30,5461.85,5463.9,5459.1,5460.95,1564,
2024-09-19 13:10:00+05:30,5460.95,5460.95,5455.55,5455.55,995,
2024-09-19 13:11:00+05:30,5455.55,5457,5451.9,5451.9,1275,
2024-09-19 13:12:00+05:30,5451.9,5456.15,5451.9,5454.5,304,
2024-09-19 13:13:00+05:30,5454.5,5458.3,5453.95,5456.7,575,
2024-09-19 13:14:00+05:30,5456.7,5460.15,5456.7,5459.05,322,
2024-09-19 13:15:00+05:30,5460,5461.9,5454.6,5454.75,1144,
2024-09-19 13:16:00+05:30,5456.9,5465.25,5456.9,5463.25,581,
2024-09-19 13:17:00+05:30,5462.05,5465.8,5459.25,5459.25,399,
2024-09-19 13:18:00+05:30,5459.25,5459.25,5451.05,5452.6,621,
2024-09-19 13:19:00+05:30,5452.6,5454.8,5452.55,5453.7,343,
2024-09-19 13:20:00+05:30,5453.7,5459.2,5453.05,5457.8,241,
2024-09-19 13:21:00+05:30,5457.75,5459.3,5455.55,5459,402,
2024-09-19 13:22:00+05:30,5459,5459.95,5457.5,5459,231,
2024-09-19 13:23:00+05:30,5459,5462.5,5455.95,5462,634,
2024-09-19 13:24:00+05:30,5462,5464.85,5460.2,5464.65,212,
2024-09-19 13:25:00+05:30,5464.65,5464.7,5461.3,5461.3,378,
2024-09-19 13:26:00+05:30,5461.3,5462.8,5458.25,5462.8,559,
2024-09-19 13:27:00+05:30,5462.8,5462.8,5456.5,5456.55,523,
2024-09-19 13:28:00+05:30,5456.55,5460,5456.5,5460,429,
2024-09-19 13:29:00+05:30,5458.2,5459.85,5457.75,5459,267,
2024-09-19 13:30:00+05:30,5458.95,5465.8,5458,5465.75,1100,
2024-09-19 13:31:00+05:30,5465.7,5466.9,5462.5,5466.9,1722,
2024-09-19 13:32:00+05:30,5468.9,5468.9,5463.95,5463.95,851,
2024-09-19 13:33:00+05:30,5463.95,5463.95,5460.3,5463.95,394,
2024-09-19 13:34:00+05:30,5463.95,5464.45,5458.9,5462.1,459,
2024-09-19 13:35:00+05:30,5462.1,5463.6,5459,5463.6,480,
2024-09-19 13:36:00+05:30,5463.6,5464.95,5460.95,5463.5,602,
2024-09-19 13:37:00+05:30,5463.5,5464.95,5462,5464.95,434,
2024-09-19 13:38:00+05:30,5464.95,5464.95,5457.1,5457.1,477,
2024-09-19 13:39:00+05:30,5457.1,5457.9,5452.5,5454.5,1363,
2024-09-19 13:40:00+05:30,5454.5,5459.25,5453.15,5458.1,530,
2024-09-19 13:41:00+05:30,5458.1,5459.75,5453.95,5453.95,706,
2024-09-19 13:42:00+05:30,5453.95,5456.5,5453.5,5454.8,176,
2024-09-19 13:43:00+05:30,5454.8,5455.05,5451.65,5454,620,
2024-09-19 13:44:00+05:30,5454,5455,5452.7,5455,306,
2024-09-19 13:45:00+05:30,5455,5455,5452.3,5452.3,613,
2024-09-19 13:46:00+05:30,5452.3,5452.85,5446.15,5447.25,1166,
2024-09-19 13:47:00+05:30,5447.5,5449,5444.45,5448.05,628,
2024-09-19 13:48:00+05:30,5448.05,5449,5445,5446.7,276,
2024-09-19 13:49:00+05:30,5445.05,5447.65,5435.85,5439.05,1940,
2024-09-19 13:50:00+05:30,5439.05,5440,5435.15,5440,607,
2024-09-19 13:51:00+05:30,5441.45,5446.8,5438.8,5446.4,121,
2024-09-19 13:52:00+05:30,5446.4,5452,5446.25,5451.5,268,
2024-09-19 13:53:00+05:30,5451.5,5454.7,5445.9,5446.95,593,
2024-09-19 13:54:00+05:30,5446.95,5450,5446.6,5447.3,105,
2024-09-19 13:55:00+05:30,5447.3,5449.65,5447.1,5449,263,
2024-09-19 13:56:00+05:30,5450,5450,5446.75,5447.45,335,
2024-09-19 13:57:00+05:30,5447.3,5450.7,5445,5445,641,
2024-09-19 13:58:00+05:30,5445,5449.1,5440,5440,844,
2024-09-19 13:59:00+05:30,5440,5444,5437.2,5440.4,748,
2024-09-19 14:00:00+05:30,5440.45,5445.75,5440.45,5444.7,504,
2024-09-19 14:01:00+05:30,5444.7,5448.35,5444.65,5445.7,130,
2024-09-19 14:02:00+05:30,5445.7,5446.9,5445.7,5446.85,73,
2024-09-19 14:03:00+05:30,5445.95,5446.85,5440.4,5442.05,368,
2024-09-19 14:04:00+05:30,5442.05,5444.45,5440.55,5443,121,
2024-09-19 14:05:00+05:30,5443,5448.15,5439.45,5448.15,920,
2024-09-19 14:06:00+05:30,5448.15,5450,5443.35,5443.9,264,
2024-09-19 14:07:00+05:30,5443.9,5449.9,5443.9,5447,179,
2024-09-19 14:08:00+05:30,5447,5448.9,5444.25,5445.15,177,
2024-09-19 14:09:00+05:30,5445.15,5448.55,5443.4,5445.4,162,
2024-09-19 14:10:00+05:30,5445.4,5446.3,5443.7,5443.75,157,
2024-09-19 14:11:00+05:30,5445.8,5450.5,5445.75,5450.5,170,
2024-09-19 14:12:00+05:30,5450.45,5450.5,5447.8,5448.75,224,
2024-09-19 14:13:00+05:30,5448.65,5448.65,5445,5446.5,754,
2024-09-19 14:14:00+05:30,5447.6,5449.15,5444.55,5445.05,216,
2024-09-19 14:15:00+05:30,5445.05,5447.5,5444.55,5446.85,122,
2024-09-19 14:16:00+05:30,5446.85,5453.15,5446.8,5448,657,
2024-09-19 14:17:00+05:30,5448,5448,5444.55,5445.85,523,
2024-09-19 14:18:00+05:30,5447.8,5447.9,5445.8,5447.9,185,
2024-09-19 14:19:00+05:30,5446.15,5450,5445.55,5449.9,312,
2024-09-19 14:20:00+05:30,5449.75,5449.75,5447.75,5448.6,110,
2024-09-19 14:21:00+05:30,5449.9,5452.65,5449.55,5450.2,1047,
2024-09-19 14:22:00+05:30,5451.65,5451.95,5450.2,5450.4,259,
2024-09-19 14:23:00+05:30,5451.9,5452,5450.05,5452,434,
2024-09-19 14:24:00+05:30,5454.85,5458.1,5452.7,5453,1133,
2024-09-19 14:25:00+05:30,5453.8,5458.15,5452.9,5455,963,
2024-09-19 14:26:00+05:30,5455.3,5459.35,5452.05,5457.75,1216,
2024-09-19 14:27:00+05:30,5457.75,5461,5456,5459.05,1606,
2024-09-19 14:28:00+05:30,5459.05,5459.5,5457.2,5459.05,241,
2024-09-19 14:29:00+05:30,5459.05,5459.05,5457.05,5457.05,168,
2024-09-19 14:30:00+05:30,5458.45,5460,5455.6,5455.6,491,
2024-09-19 14:31:00+05:30,5456.55,5457.15,5451.55,5451.55,1318,
2024-09-19 14:32:00+05:30,5451.55,5456.5,5450.8,5451.7,2931,
2024-09-19 14:33:00+05:30,5451.7,5453.9,5451.05,5451.05,859,
2024-09-19 14:34:00+05:30,5451.05,5453,5447.8,5447.8,276,
2024-09-19 14:35:00+05:30,5447.55,5449.95,5444.95,5445.55,515,
2024-09-19 14:36:00+05:30,5445.55,5451.25,5445.25,5450.75,263,
2024-09-19 14:37:00+05:30,5448.4,5450.9,5447.95,5448.8,147,
2024-09-19 14:38:00+05:30,5448.8,5449.7,5443.6,5445.2,301,
2024-09-19 14:39:00+05:30,5446.15,5447,5443.55,5443.55,404,
2024-09-19 14:40:00+05:30,5443.55,5450,5443.25,5447.8,555,
2024-09-19 14:41:00+05:30,5450.35,5450.4,5446.2,5446.5,218,
2024-09-19 14:42:00+05:30,5446.25,5447.7,5445.05,5445.05,159,
2024-09-19 14:43:00+05:30,5445.05,5446.5,5443.7,5443.7,226,
2024-09-19 14:44:00+05:30,5443.7,5447.75,5443.7,5446.8,148,
2024-09-19 14:45:00+05:30,5445.9,5447.75,5442.9,5444,260,
2024-09-19 14:46:00+05:30,5444,5449.45,5444,5444.2,493,
2024-09-19 14:47:00+05:30,5444.2,5447.45,5440.85,5441.45,604,
2024-09-19 14:48:00+05:30,5441.95,5444.1,5441.85,5444,119,
2024-09-19 14:49:00+05:30,5444,5444.05,5441.9,5442,175,
2024-09-19 14:50:00+05:30,5442,5444.05,5439,5439,614,
2024-09-19 14:51:00+05:30,5439,5439.95,5437,5437.6,295,
2024-09-19 14:52:00+05:30,5437.6,5438.6,5436,5436.9,217,
2024-09-19 14:53:00+05:30,5436.1,5440.7,5436,5438.4,652,
2024-09-19 14:54:00+05:30,5438.4,5440.55,5438.2,5438.2,348,
2024-09-19 14:55:00+05:30,5438.25,5442.75,5438.2,5439.85,482,
2024-09-19 14:56:00+05:30,5440.7,5446.5,5440.7,5443,307,
2024-09-19 14:57:00+05:30,5443,5447.35,5441.3,5443.05,553,
2024-09-19 14:58:00+05:30,5441.3,5445.55,5438,5438,1190,
2024-09-19 14:59:00+05:30,5438,5441.35,5437.05,5437.05,596,
2024-09-19 15:00:00+05:30,5437.3,5439.25,5419.6,5421.95,4300,
2024-09-19 15:01:00+05:30,5421.95,5425.05,5421.95,5424.2,1299,
2024-09-19 15:02:00+05:30,5424.2,5429.3,5420.95,5426.65,2679,
2024-09-19 15:03:00+05:30,5426.65,5430,5422.6,5427.75,2427,
2024-09-19 15:04:00+05:30,5427.7,5429.7,5419.95,5421.05,1517,
2024-09-19 15:05:00+05:30,5420,5425.9,5420,5423.35,1020,
2024-09-19 15:06:00+05:30,5424.25,5428.15,5423.2,5426.6,974,
2024-09-19 15:07:00+05:30,5426.6,5428.55,5425.55,5425.65,668,
2024-09-19 15:08:00+05:30,5425.8,5425.85,5419,5423,3843,
2024-09-19 15:09:00+05:30,5423,5430.7,5423,5428.35,1294,
2024-09-19 15:10:00+05:30,5428.2,5431.75,5427.6,5430.9,1465,
2024-09-19 15:11:00+05:30,5430.85,5431.9,5427.75,5429.15,1792,
2024-09-19 15:12:00+05:30,5430.35,5432.7,5427.55,5430,899,
2024-09-19 15:13:00+05:30,5430,5433.55,5427.25,5429.65,1543,
2024-09-19 15:14:00+05:30,5429.8,5438.2,5428.5,5435.25,1980,
2024-09-19 15:15:00+05:30,5435.25,5439.7,5435.25,5437.7,603,
2024-09-19 15:16:00+05:30,5437.7,5438.3,5430.8,5431.75,1328,
2024-09-19 15:17:00+05:30,5431.75,5433.7,5425.9,5429,1675,
2024-09-19 15:18:00+05:30,5429,5434.5,5426.05,5431,1653,
2024-09-19 15:19:00+05:30,5428.7,5435.3,5425.85,5432.55,2229,
2024-09-19 15:20:00+05:30,5433.9,5435.6,5430.55,5433.95,2132,
2024-09-19 15:21:00+05:30,5435.2,5435.2,5433.85,5434,1673,
2024-09-19 15:22:00+05:30,5434.15,5434.2,5433,5433.5,1584,
2024-09-19 15:23:00+05:30,5433.35,5435.2,5433.35,5433.6,970,
2024-09-19 15:24:00+05:30,5433.6,5434.95,5426.15,5434.95,3197,
2024-09-19 15:25:00+05:30,5434.9,5437.1,5433.4,5433.7,586,
2024-09-19 15:26:00+05:30,5433.7,5433.7,5428.45,5428.45,657,
2024-09-19 15:27:00+05:30,5429.95,5442.3,5427.2,5439.25,1389,
2024-09-19 15:28:00+05:30,5439.25,5455,5437.6,5455,315,
2024-09-19 15:29:00+05:30,5455,5459.7,5431.9,5457.85,1200,
2024-09-20 09:15:00+05:30,5456.3,5477.85,5448.2,5468.9,3426,
2024-09-20 09:16:00+05:30,5470.1,5475.95,5460.1,5465.3,2829,
2024-09-20 09:17:00+05:30,5469.45,5478,5466.1,5476.4,1805,
2024-09-20 09:18:00+05:30,5476.45,5489.95,5475.2,5485.7,2834,
2024-09-20 09:19:00+05:30,5485.7,5491.25,5482.8,5490.8,2008,
2024-09-20 09:20:00+05:30,5490.8,5494.3,5482.55,5486.95,3301,
2024-09-20 09:21:00+05:30,5491.35,5495,5483.45,5495,2937,
2024-09-20 09:22:00+05:30,5495,5499.4,5484,5487.45,3526,
2024-09-20 09:23:00+05:30,5487.45,5490.1,5484.65,5486.2,1135,
2024-09-20 09:24:00+05:30,5486.2,5487.9,5479.45,5485.85,1786,
2024-09-20 09:25:00+05:30,5485.85,5494.45,5483.9,5492,1034,
2024-09-20 09:26:00+05:30,5490.15,5492.05,5472.05,5474.4,4330,
2024-09-20 09:27:00+05:30,5474.1,5475.65,5466.15,5473.1,2875,
2024-09-20 09:28:00+05:30,5470.75,5476.8,5470,5475.3,1529,
2024-09-20 09:29:00+05:30,5475.15,5475.7,5462,5464.75,2229,
2024-09-20 09:30:00+05:30,5464.85,5466.8,5457.4,5457.4,2479,
2024-09-20 09:31:00+05:30,5457.4,5472.7,5457,5472.7,3439,
2024-09-20 09:32:00+05:30,5472.7,5472.7,5457,5462,6040,
2024-09-20 09:33:00+05:30,5462,5463.45,5455,5456.2,1732,
2024-09-20 09:34:00+05:30,5456.2,5458,5440.5,5441.8,1782,
2024-09-20 09:35:00+05:30,5441.8,5452.3,5440.25,5451.55,1579,
2024-09-20 09:36:00+05:30,5451.1,5454.3,5441.65,5444.05,1373,
2024-09-20 09:37:00+05:30,5444.1,5449.3,5443.95,5446.85,1683,
2024-09-20 09:38:00+05:30,5446,5454,5445.9,5451.95,646,
2024-09-20 09:39:00+05:30,5451.95,5457.95,5451.5,5451.6,1640,
2024-09-20 09:40:00+05:30,5452.05,5459.9,5452.05,5456.5,1215,
2024-09-20 09:41:00+05:30,5456.5,5459.35,5452.4,5457.35,587,
2024-09-20 09:42:00+05:30,5457.2,5457.35,5449.2,5457.05,871,
2024-09-20 09:43:00+05:30,5454.9,5461.05,5453.3,5460.1,711,
2024-09-20 09:44:00+05:30,5457.9,5459.95,5450,5456.05,966,
2024-09-20 09:45:00+05:30,5454,5456.35,5446.6,5446.6,1893,
2024-09-20 09:46:00+05:30,5446.6,5450.25,5446,5449.15,672,
2024-09-20 09:47:00+05:30,5449.35,5450,5440.35,5448.3,1123,
2024-09-20 09:48:00+05:30,5447.8,5448.3,5444.55,5446.9,669,
2024-09-20 09:49:00+05:30,5451.5,5455,5448.35,5451,799,
2024-09-20 09:50:00+05:30,5451,5455.35,5450.45,5453.9,569,
2024-09-20 09:51:00+05:30,5452.9,5462,5452.9,5462,1680,
2024-09-20 09:52:00+05:30,5461.5,5467.45,5459.7,5467.45,2040,
2024-09-20 09:53:00+05:30,5467.45,5469,5465.4,5468.85,476,
2024-09-20 09:54:00+05:30,5465.55,5468.85,5455.55,5459.5,2442,
2024-09-20 09:55:00+05:30,5457.75,5465,5457.75,5465,1930,
2024-09-20 09:56:00+05:30,5465,5465,5458.9,5463.05,659,
2024-09-20 09:57:00+05:30,5463.05,5463.05,5455.1,5459.1,1272,
2024-09-20 09:58:00+05:30,5457,5459.05,5453.65,5456.2,529,
2024-09-20 09:59:00+05:30,5456.2,5457.95,5451.55,5451.55,608,
2024-09-20 10:00:00+05:30,5451.4,5453,5446.55,5449.6,916,
2024-09-20 10:01:00+05:30,5447.05,5449.2,5441,5445,1939,
2024-09-20 10:02:00+05:30,5443.6,5448.3,5441,5445,1052,
2024-09-20 10:03:00+05:30,5445,5448.9,5442.75,5446.05,740,
2024-09-20 10:04:00+05:30,5446.05,5452,5446,5451.8,774,
2024-09-20 10:05:00+05:30,5449.7,5451.8,5443.05,5443.05,757,
2024-09-20 10:06:00+05:30,5443.05,5446.15,5443.05,5446.15,293,
2024-09-20 10:07:00+05:30,5446.05,5446.95,5442,5442.5,678,
2024-09-20 10:08:00+05:30,5442.5,5448.9,5442.5,5446.9,299,
2024-09-20 10:09:00+05:30,5446.9,5449.15,5445.05,5449.15,220,
2024-09-20 10:10:00+05:30,5449.8,5449.9,5447.4,5449,296,
2024-09-20 10:11:00+05:30,5449,5451.5,5449,5451.2,179,
2024-09-20 10:12:00+05:30,5451.2,5453.5,5444.55,5446.05,1272,
2024-09-20 10:13:00+05:30,5446.85,5449.45,5445.8,5447.2,476,
2024-09-20 10:14:00+05:30,5447.2,5448.45,5444.6,5447.8,364,
2024-09-20 10:15:00+05:30,5447.8,5447.95,5436.35,5445.15,1689,
2024-09-20 10:16:00+05:30,5445.15,5445.15,5435,5435.3,750,
2024-09-20 10:17:00+05:30,5435,5446.55,5434.35,5446.55,711,
2024-09-20 10:18:00+05:30,5445.15,5446.35,5441,5441,449,
2024-09-20 10:19:00+05:30,5441,5444.2,5437.95,5438.55,331,
2024-09-20 10:20:00+05:30,5438.55,5443.15,5436.7,5438,397,
2024-09-20 10:21:00+05:30,5436.35,5448,5436.35,5446,818,
2024-09-20 10:22:00+05:30,5445.9,5447,5442.15,5446.25,763,
2024-09-20 10:23:00+05:30,5446.25,5447,5443.2,5447,311,
2024-09-20 10:24:00+05:30,5447,5447.5,5445.15,5445.15,245,
2024-09-20 10:25:00+05:30,5445.15,5447.95,5445.15,5447.95,224,
2024-09-20 10:26:00+05:30,5446.35,5453.9,5446.35,5453.8,758,
2024-09-20 10:27:00+05:30,5453.8,5453.8,5450.9,5450.9,253,
2024-09-20 10:28:00+05:30,5450.9,5451.85,5448.7,5449.75,181,
2024-09-20 10:29:00+05:30,5449.3,5449.75,5447.3,5449.75,280,
2024-09-20 10:30:00+05:30,5449.75,5450.5,5448.9,5448.9,481,
2024-09-20 10:31:00+05:30,5448.9,5455,5448.9,5454.05,1328,
2024-09-20 10:32:00+05:30,5453.9,5453.95,5449,5451.95,655,
2024-09-20 10:33:00+05:30,5451.95,5454.8,5451.7,5452.5,158,
2024-09-20 10:34:00+05:30,5452.5,5453.6,5452.5,5452.5,159,
2024-09-20 10:35:00+05:30,5453.35,5465.65,5452.5,5459.05,3022,
2024-09-20 10:36:00+05:30,5459.05,5461.95,5456.25,5458,890,
2024-09-20 10:37:00+05:30,5458,5459.35,5447,5450.9,969,
2024-09-20 10:38:00+05:30,5450.9,5450.9,5445.8,5447.8,361,
2024-09-20 10:39:00+05:30,5447.8,5451.1,5445.75,5447.8,865,
2024-09-20 10:40:00+05:30,5447.8,5451,5446,5446,352,
2024-09-20 10:41:00+05:30,5446,5450.1,5442,5444.95,1083,
2024-09-20 10:42:00+05:30,5444.95,5446.3,5444.9,5446.3,120,
2024-09-20 10:43:00+05:30,5446.3,5455.95,5446.3,5455,847,
2024-09-20 10:44:00+05:30,5453.85,5455,5447.45,5452.15,1192,
2024-09-20 10:45:00+05:30,5452.15,5452.15,5447.8,5447.8,407,
2024-09-20 10:46:00+05:30,5447.5,5455,5445.3,5451.55,1364,
2024-09-20 10:47:00+05:30,5451.2,5451.2,5442.35,5445.2,563,
2024-09-20 10:48:00+05:30,5445.2,5448.9,5445,5447.45,401,
2024-09-20 10:49:00+05:30,5447.45,5450,5445.9,5449.85,390,
2024-09-20 10:50:00+05:30,5449.85,5451.65,5446.55,5449.35,373,
2024-09-20 10:51:00+05:30,5449.3,5451.05,5447.85,5449.2,412,
2024-09-20 10:52:00+05:30,5449.2,5449.95,5446,5449.4,419,
2024-09-20 10:53:00+05:30,5448.85,5453.95,5448.15,5451,695,
2024-09-20 10:54:00+05:30,5453.15,5453.2,5446.6,5448.75,342,
2024-09-20 10:55:00+05:30,5448.75,5448.95,5446,5446.05,719,
2024-09-20 10:56:00+05:30,5448,5448,5440,5442.45,1250,
2024-09-20 10:57:00+05:30,5442.45,5449.2,5440,5444.9,959,
2024-09-20 10:58:00+05:30,5444.9,5448.25,5442.65,5444.55,571,
2024-09-20 10:59:00+05:30,5444.55,5449.55,5444,5445,490,
2024-09-20 11:00:00+05:30,5445,5450.25,5445,5450.25,587,
2024-09-20 11:01:00+05:30,5450.25,5450.25,5446.3,5448.95,251,
2024-09-20 11:02:00+05:30,5448.95,5450.95,5444.3,5445.6,764,
2024-09-20 11:03:00+05:30,5445.6,5452,5444.3,5448.35,1135,
2024-09-20 11:04:00+05:30,5448.35,5460.75,5448.35,5458.85,2110,
2024-09-20 11:05:00+05:30,5458.85,5459.35,5453.8,5457.8,541,
2024-09-20 11:06:00+05:30,5457.8,5460.4,5455.5,5460.4,189,
2024-09-20 11:07:00+05:30,5460.4,5462.85,5458.7,5462.85,405,
2024-09-20 11:08:00+05:30,5462.85,5477.85,5460.9,5477.85,2815,
2024-09-20 11:09:00+05:30,5476.2,5480.5,5470.1,5471.05,7535,
2024-09-20 11:10:00+05:30,5471.05,5477.8,5470.25,5470.3,1898,
2024-09-20 11:11:00+05:30,5470.95,5473.9,5467.5,5472.55,1625,
2024-09-20 11:12:00+05:30,5472.55,5483.15,5469.85,5479.6,3062,
2024-09-20 11:13:00+05:30,5479.6,5482.2,5476.65,5479.95,1271,
2024-09-20 11:14:00+05:30,5479.95,5479.95,5475.6,5475.6,302,
2024-09-20 11:15:00+05:30,5477.9,5479,5475,5476.95,403,
2024-09-20 11:16:00+05:30,5476.95,5479.2,5475,5477.9,1292,
2024-09-20 11:17:00+05:30,5478.45,5480.25,5476.15,5478.25,2880,
2024-09-20 11:18:00+05:30,5478.25,5480,5477.4,5479.65,575,
2024-09-20 11:19:00+05:30,5479.65,5479.65,5477.5,5477.9,209,
2024-09-20 11:20:00+05:30,5478.25,5484.7,5476.95,5476.95,1985,
2024-09-20 11:21:00+05:30,5475.55,5477.4,5468.4,5472.9,1273,
2024-09-20 11:22:00+05:30,5472.9,5473.65,5468,5470.25,334,
2024-09-20 11:23:00+05:30,5467.9,5473.25,5467.9,5470.25,1135,
2024-09-20 11:24:00+05:30,5470.25,5470.55,5463.1,5466.25,991,
2024-09-20 11:25:00+05:30,5466.25,5470,5463.9,5470,1010,
2024-09-20 11:26:00+05:30,5470,5475,5469.25,5473.6,739,
2024-09-20 11:27:00+05:30,5473.6,5475.3,5473.2,5475.3,365,
2024-09-20 11:28:00+05:30,5475.3,5477,5475,5475.95,291,
2024-09-20 11:29:00+05:30,5475.95,5475.95,5471.05,5475,584,
2024-09-20 11:30:00+05:30,5475,5477.9,5473.4,5477.9,876,
2024-09-20 11:31:00+05:30,5477.9,5483,5477.9,5482.05,657,
2024-09-20 11:32:00+05:30,5481.8,5482.4,5478.65,5481.95,406,
2024-09-20 11:33:00+05:30,5481.95,5482.4,5480.6,5480.6,313,
2024-09-20 11:34:00+05:30,5480.6,5481.3,5477,5478.05,272,
2024-09-20 11:35:00+05:30,5477.95,5479.85,5473.3,5477.9,1146,
2024-09-20 11:36:00+05:30,5477.9,5479.8,5474.65,5479.5,1437,
2024-09-20 11:37:00+05:30,5479.5,5480.25,5476.2,5478.75,251,
2024-09-20 11:38:00+05:30,5478.75,5482,5477.3,5480.9,209,
2024-09-20 11:39:00+05:30,5480.9,5481.9,5479.2,5480.7,268,
2024-09-20 11:40:00+05:30,5480.7,5482.85,5478.95,5479,378,
2024-09-20 11:41:00+05:30,5479,5480.2,5476.75,5478.45,188,
2024-09-20 11:42:00+05:30,5479.45,5479.45,5475,5475.35,687,
2024-09-20 11:43:00+05:30,5475.35,5475.35,5472.15,5474.35,294,
2024-09-20 11:44:00+05:30,5473.1,5478,5473.1,5477.6,359,
2024-09-20 11:45:00+05:30,5477.65,5478.3,5475.1,5478.3,356,
2024-09-20 11:46:00+05:30,5478.3,5481,5478.1,5480.9,569,
2024-09-20 11:47:00+05:30,5480.9,5484.95,5479.05,5483.1,1895,
2024-09-20 11:48:00+05:30,5483.7,5488.8,5483.1,5487.5,1166,
2024-09-20 11:49:00+05:30,5487.5,5489,5486.45,5488.3,926,
2024-09-20 11:50:00+05:30,5488.3,5495,5485,5494.9,1802,
2024-09-20 11:51:00+05:30,5494.9,5494.9,5488.25,5492.3,574,
2024-09-20 11:52:00+05:30,5492.3,5493.65,5486,5489.6,308,
2024-09-20 11:53:00+05:30,5489.6,5493,5488.65,5491.55,326,
2024-09-20 11:54:00+05:30,5491.55,5491.8,5488.1,5490,1700,
2024-09-20 11:55:00+05:30,5489.3,5490.15,5489.3,5490,235,
2024-09-20 11:56:00+05:30,5490,5493.7,5489.9,5490,926,
2024-09-20 11:57:00+05:30,5492,5494.45,5488,5488.1,2852,
2024-09-20 11:58:00+05:30,5488.8,5490,5486.85,5488.85,398,
2024-09-20 11:59:00+05:30,5488.85,5488.9,5481.4,5482.5,1359,
2024-09-20 12:00:00+05:30,5482.5,5483.25,5480.05,5481,556,
2024-09-20 12:01:00+05:30,5481,5483.2,5481,5482.8,332,
2024-09-20 12:02:00+05:30,5482.8,5489.35,5482.7,5489.35,862,
2024-09-20 12:03:00+05:30,5489.35,5494.8,5489.35,5491.75,694,
2024-09-20 12:04:00+05:30,5491.75,5493.85,5489.05,5493.85,214,
2024-09-20 12:05:00+05:30,5493.85,5493.85,5489.8,5491,250,
2024-09-20 12:06:00+05:30,5490.4,5491.8,5486.7,5486.7,275,
2024-09-20 12:07:00+05:30,5486.7,5487.7,5478.1,5479.15,1323,
2024-09-20 12:08:00+05:30,5479.1,5481.9,5478.65,5480.65,216,
2024-09-20 12:09:00+05:30,5480.65,5480.85,5475.35,5478.95,479,
2024-09-20 12:10:00+05:30,5478.95,5488.45,5476.8,5486.7,1915,
2024-09-20 12:11:00+05:30,5486.7,5487.95,5483.05,5483.6,270,
2024-09-20 12:12:00+05:30,5481.7,5482.9,5479.8,5480.3,291,
2024-09-20 12:13:00+05:30,5480.3,5484.75,5480.3,5483.9,653,
2024-09-20 12:14:00+05:30,5484,5489.1,5483.9,5487.85,304,
2024-09-20 12:15:00+05:30,5486.8,5488.95,5486.8,5488.85,305,
2024-09-20 12:16:00+05:30,5488.85,5488.85,5485,5486.05,543,
2024-09-20 12:17:00+05:30,5484.75,5486.1,5482.75,5484.6,301,
2024-09-20 12:18:00+05:30,5484.6,5487.75,5479.65,5487.35,959,
2024-09-20 12:19:00+05:30,5487.5,5487.5,5482.55,5486.4,556,
2024-09-20 12:20:00+05:30,5486.4,5486.4,5483.95,5484.95,355,
2024-09-20 12:21:00+05:30,5484.95,5486.65,5482.7,5485.95,630,
2024-09-20 12:22:00+05:30,5485.95,5488.25,5484.2,5487.65,921,
2024-09-20 12:23:00+05:30,5487.65,5488.1,5483.35,5485.65,319,
2024-09-20 12:24:00+05:30,5485.5,5487.85,5483.25,5486.25,395,
2024-09-20 12:25:00+05:30,5486.15,5486.25,5481.95,5485.9,349,
2024-09-20 12:26:00+05:30,5485.9,5486.9,5484.75,5486.75,705,
2024-09-20 12:27:00+05:30,5486.75,5486.75,5483.65,5486.05,409,
2024-09-20 12:28:00+05:30,5485.6,5486.2,5482.8,5484.35,1303,
2024-09-20 12:29:00+05:30,5484.35,5488.45,5484.35,5488.05,1664,
2024-09-20 12:30:00+05:30,5488.05,5488.4,5484.65,5485.15,1675,
2024-09-20 12:31:00+05:30,5485.15,5488.45,5484.7,5487,1474,
2024-09-20 12:32:00+05:30,5487,5487,5483.8,5487,361,
2024-09-20 12:33:00+05:30,5487,5488.45,5484.7,5485.8,2599,
2024-09-20 12:34:00+05:30,5484.85,5485.45,5477.4,5478.1,394,
2024-09-20 12:35:00+05:30,5479.75,5482,5479.75,5481.95,455,
2024-09-20 12:36:00+05:30,5481.95,5488.9,5481.95,5483.45,1857,
2024-09-20 12:37:00+05:30,5484.05,5487.35,5483.1,5485,1186,
2024-09-20 12:38:00+05:30,5485,5488.95,5484.95,5487.25,1150,
2024-09-20 12:39:00+05:30,5490,5495,5487.9,5495,713,
2024-09-20 12:40:00+05:30,5495,5497.9,5491.45,5493,1774,
2024-09-20 12:41:00+05:30,5494,5494,5490.85,5493.5,588,
2024-09-20 12:42:00+05:30,5493.5,5495.8,5492.55,5493,1770,
2024-09-20 12:43:00+05:30,5492.35,5494,5491.5,5494,793,
2024-09-20 12:44:00+05:30,5494,5496.6,5494,5495,733,
2024-09-20 12:45:00+05:30,5494.75,5495,5486.45,5486.45,654,
2024-09-20 12:46:00+05:30,5489.45,5494.4,5488.15,5493.6,730,
2024-09-20 12:47:00+05:30,5493.6,5494,5486.1,5488.95,573,
2024-09-20 12:48:00+05:30,5489.55,5494.45,5488.95,5494.45,1264,
2024-09-20 12:49:00+05:30,5494.5,5505,5490,5501.95,3918,
2024-09-20 12:50:00+05:30,5501.95,5501.95,5492.2,5492.4,1114,
2024-09-20 12:51:00+05:30,5492.4,5502.15,5492.4,5499.6,797,
2024-09-20 12:52:00+05:30,5501.75,5501.75,5496.3,5498,809,
2024-09-20 12:53:00+05:30,5498.9,5500,5493.65,5495,1706,
2024-09-20 12:54:00+05:30,5495,5495,5492.05,5494.9,386,
2024-09-20 12:55:00+05:30,5494.9,5495,5493.7,5494.65,342,
2024-09-20 12:56:00+05:30,5494.65,5495,5493,5494.05,309,
2024-09-20 12:57:00+05:30,5493,5494.05,5489.75,5492.1,404,
2024-09-20 12:58:00+05:30,5492.1,5493,5491.35,5492.9,358,
2024-09-20 12:59:00+05:30,5492.2,5493,5489.15,5492.95,481,
2024-09-20 13:00:00+05:30,5495,5499.8,5489.55,5493.15,994,
2024-09-20 13:01:00+05:30,5493.45,5495,5492.65,5495,608,
2024-09-20 13:02:00+05:30,5494.5,5495,5490.9,5493.1,327,
2024-09-20 13:03:00+05:30,5493.1,5495,5492.45,5494.35,448,
2024-09-20 13:04:00+05:30,5494.3,5495,5490.25,5493.85,564,
2024-09-20 13:05:00+05:30,5492.4,5494.1,5490.8,5490.8,456,
2024-09-20 13:06:00+05:30,5490.8,5492.5,5490.8,5490.8,253,
2024-09-20 13:07:00+05:30,5490.8,5493.95,5490.8,5493.15,350,
2024-09-20 13:08:00+05:30,5493.15,5494.05,5490,5492.75,560,
2024-09-20 13:09:00+05:30,5494.4,5495,5490.7,5493,780,
2024-09-20 13:10:00+05:30,5493,5494.45,5489.75,5492.1,544,
2024-09-20 13:11:00+05:30,5492.1,5493,5491.05,5493,358,
2024-09-20 13:12:00+05:30,5493,5495.3,5491.65,5494.35,388,
2024-09-20 13:13:00+05:30,5494.35,5497.75,5492.3,5497.75,1375,
2024-09-20 13:14:00+05:30,5494.95,5495,5488.3,5492.25,658,
2024-09-20 13:15:00+05:30,5492.25,5495,5491.65,5494.35,1609,
2024-09-20 13:16:00+05:30,5495,5495,5492.5,5494,1001,
2024-09-20 13:17:00+05:30,5494,5494,5493.5,5494,409,
2024-09-20 13:18:00+05:30,5494,5500,5493.95,5499.9,745,
2024-09-20 13:19:00+05:30,5499.2,5499.85,5491.85,5497.25,1976,
2024-09-20 13:20:00+05:30,5496,5498.3,5491.85,5497.2,555,
2024-09-20 13:21:00+05:30,5495.75,5495.75,5484.3,5487.55,1532,
2024-09-20 13:22:00+05:30,5487.55,5490,5486.25,5490,345,
2024-09-20 13:23:00+05:30,5490,5490,5485.6,5485.85,553,
2024-09-20 13:24:00+05:30,5488,5490,5486.45,5490,370,
2024-09-20 13:25:00+05:30,5490,5494,5489.05,5492.4,847,
2024-09-20 13:26:00+05:30,5491.75,5494,5490.6,5492.6,877,
2024-09-20 13:27:00+05:30,5492.6,5493.15,5487.55,5489.55,1141,
2024-09-20 13:28:00+05:30,5489.55,5489.95,5483.35,5486.35,1669,
2024-09-20 13:29:00+05:30,5486.25,5491.3,5483.75,5491.3,528,
2024-09-20 13:30:00+05:30,5491.3,5492.8,5476.8,5483.75,2397,
2024-09-20 13:31:00+05:30,5481.45,5489.3,5477.5,5483.95,789,
2024-09-20 13:32:00+05:30,5483.75,5496.7,5481.05,5496.7,2611,
2024-09-20 13:33:00+05:30,5494,5495.15,5488.7,5492.15,2954,
2024-09-20 13:34:00+05:30,5492.15,5493,5485.75,5489.95,1039,
2024-09-20 13:35:00+05:30,5488.35,5489.15,5481.95,5487.95,675,
2024-09-20 13:36:00+05:30,5487.95,5495,5485.8,5494.2,1752,
2024-09-20 13:37:00+05:30,5493.8,5496.8,5487.25,5495.85,2831,
2024-09-20 13:38:00+05:30,5495.85,5495.85,5491.15,5495,1863,
2024-09-20 13:39:00+05:30,5495,5502.55,5482.15,5483.65,3416,
2024-09-20 13:40:00+05:30,5483.55,5494.2,5483,5493.85,1573,
2024-09-20 13:41:00+05:30,5493.85,5496.75,5487.15,5494.2,1871,
2024-09-20 13:42:00+05:30,5494.2,5494.2,5479.25,5479.25,1663,
2024-09-20 13:43:00+05:30,5480.35,5486.4,5477,5478.85,2950,
2024-09-20 13:44:00+05:30,5480.05,5490,5479.4,5484.55,2255,
2024-09-20 13:45:00+05:30,5484.55,5488.85,5481.05,5487.85,964,
2024-09-20 13:46:00+05:30,5487.85,5488.05,5483.1,5486.1,1692,
2024-09-20 13:47:00+05:30,5484.1,5485.2,5479.55,5480.45,1032,
2024-09-20 13:48:00+05:30,5480.45,5480.45,5478,5479.85,486,
2024-09-20 13:49:00+05:30,5478.8,5486.4,5477.65,5477.65,1474,
2024-09-20 13:50:00+05:30,5477.65,5478.9,5466.05,5472.45,2084,
2024-09-20 13:51:00+05:30,5472.45,5484.05,5472.05,5484.05,1523,
2024-09-20 13:52:00+05:30,5484.05,5486.9,5480,5483,1460,
2024-09-20 13:53:00+05:30,5483,5484.5,5479.8,5481.45,874,
2024-09-20 13:54:00+05:30,5481.45,5487.9,5481.05,5487.9,448,
2024-09-20 13:55:00+05:30,5487.9,5492.9,5480.4,5490.95,1432,
2024-09-20 13:56:00+05:30,5493,5501.65,5490.55,5496.25,1941,
2024-09-20 13:57:00+05:30,5496.25,5502.8,5493,5494.85,1800,
2024-09-20 13:58:00+05:30,5494.85,5495.1,5488,5493.8,800,
2024-09-20 13:59:00+05:30,5493.8,5497.2,5490.7,5495.15,830,
2024-09-20 14:00:00+05:30,5492.65,5493.1,5486.95,5489.95,570,
2024-09-20 14:01:00+05:30,5489.95,5498.3,5487.4,5498.3,748,
2024-09-20 14:02:00+05:30,5497.15,5501.5,5494.95,5501.2,1112,
2024-09-20 14:03:00+05:30,5501.2,5501.2,5490.2,5495.3,1036,
2024-09-20 14:04:00+05:30,5495.3,5500.05,5494,5498.25,724,
2024-09-20 14:05:00+05:30,5498.25,5498.95,5496.7,5498.8,330,
2024-09-20 14:06:00+05:30,5497.65,5499.95,5492.1,5495.9,729,
2024-09-20 14:07:00+05:30,5495.9,5499.9,5493.95,5496.75,1277,
2024-09-20 14:08:00+05:30,5496.75,5499.3,5495,5498.6,345,
2024-09-20 14:09:00+05:30,5498.65,5499.3,5495.75,5499.25,2246,
2024-09-20 14:10:00+05:30,5499.25,5499.7,5496.75,5498.05,504,
2024-09-20 14:11:00+05:30,5497.05,5500,5494.75,5500,1196,
2024-09-20 14:12:00+05:30,5500,5501,5492.75,5499.9,1363,
2024-09-20 14:13:00+05:30,5499.95,5501,5497.7,5500.7,1971,
2024-09-20 14:14:00+05:30,5500.75,5500.85,5494.6,5498.05,1901,
2024-09-20 14:15:00+05:30,5498.05,5499.9,5494.15,5495.1,1199,
2024-09-20 14:16:00+05:30,5495.1,5498.35,5490.8,5496.3,1205,
2024-09-20 14:17:00+05:30,5496.1,5498.95,5494.45,5496.2,855,
2024-09-20 14:18:00+05:30,5496,5497.25,5492.55,5494.2,923,
2024-09-20 14:19:00+05:30,5494.2,5497.4,5493.15,5494.85,600,
2024-09-20 14:20:00+05:30,5494.05,5499.75,5494.05,5497.5,802,
2024-09-20 14:21:00+05:30,5497.5,5499.95,5496.4,5499.95,303,
2024-09-20 14:22:00+05:30,5497.95,5500.3,5496.2,5500.2,1073,
2024-09-20 14:23:00+05:30,5497.95,5500.2,5497.55,5497.8,600,
2024-09-20 14:24:00+05:30,5497.7,5497.8,5483.8,5488.4,883,
2024-09-20 14:25:00+05:30,5488.35,5492.55,5486.05,5490,895,
2024-09-20 14:26:00+05:30,5490,5492.25,5486.05,5492.25,1038,
2024-09-20 14:27:00+05:30,5492.2,5494.7,5490.05,5490.3,891,
2024-09-20 14:28:00+05:30,5491.55,5495.05,5485.75,5488.95,970,
2024-09-20 14:29:00+05:30,5488.95,5493.3,5485.95,5485.95,986,
2024-09-20 14:30:00+05:30,5488.4,5491.4,5484.9,5486.6,943,
2024-09-20 14:31:00+05:30,5489.2,5490.25,5479,5482.2,1478,
2024-09-20 14:32:00+05:30,5482.2,5483.7,5475,5482.25,1224,
2024-09-20 14:33:00+05:30,5482.25,5483.75,5477.3,5481.15,1029,
2024-09-20 14:34:00+05:30,5480.4,5484.3,5478.25,5484.3,1026,
2024-09-20 14:35:00+05:30,5484.05,5489.15,5479.2,5485.5,1041,
2024-09-20 14:36:00+05:30,5485.5,5489.05,5485.5,5486.55,1216,
2024-09-20 14:37:00+05:30,5486.55,5490,5484.25,5484.25,964,
2024-09-20 14:38:00+05:30,5484.25,5490,5482.3,5489.95,1258,
2024-09-20 14:39:00+05:30,5489.95,5489.95,5482.1,5483.55,840,
2024-09-20 14:40:00+05:30,5481.6,5485.35,5479.55,5484.2,2791,
2024-09-20 14:41:00+05:30,5483.5,5484.25,5473,5473,1350,
2024-09-20 14:42:00+05:30,5473,5478.15,5472,5472,982,
2024-09-20 14:43:00+05:30,5472,5474.5,5470,5471.95,1490,
2024-09-20 14:44:00+05:30,5473.3,5473.3,5465.15,5467.7,3469,
2024-09-20 14:45:00+05:30,5465.25,5472.5,5465.25,5467.55,1436,
2024-09-20 14:46:00+05:30,5467.55,5470.25,5465.4,5465.65,979,
2024-09-20 14:47:00+05:30,5465.65,5473.45,5465.15,5465.15,1661,
2024-09-20 14:48:00+05:30,5465.15,5473.95,5465.15,5469,1407,
2024-09-20 14:49:00+05:30,5469,5473.85,5467.75,5472.05,1552,
2024-09-20 14:50:00+05:30,5472.05,5472.85,5463.25,5465.35,2573,
2024-09-20 14:51:00+05:30,5465.9,5467.5,5455.25,5458.85,4081,
2024-09-20 14:52:00+05:30,5458.85,5464.45,5449.55,5455,3916,
2024-09-20 14:53:00+05:30,5457.65,5460.85,5450,5450,3118,
2024-09-20 14:54:00+05:30,5456,5459.9,5451.8,5456.2,3214,
2024-09-20 14:55:00+05:30,5456.2,5457.9,5448.3,5448.3,1774,
2024-09-20 14:56:00+05:30,5448.7,5453.4,5447.85,5451.7,3046,
2024-09-20 14:57:00+05:30,5448.35,5453.55,5444.35,5444.8,6198,
2024-09-20 14:58:00+05:30,5444.95,5450,5440,5440,4529,
2024-09-20 14:59:00+05:30,5440,5447.45,5437.05,5438.85,2380,
2024-09-20 15:00:00+05:30,5438.85,5448.85,5431.7,5432.5,9974,
2024-09-20 15:01:00+05:30,5431.75,5443.65,5431.75,5439.6,9459,
2024-09-20 15:02:00+05:30,5442.35,5446.65,5439.05,5442.35,10692,
2024-09-20 15:03:00+05:30,5446.55,5447.95,5439.55,5441.2,8515,
2024-09-20 15:04:00+05:30,5440.7,5451.65,5440.55,5443.9,10901,
2024-09-20 15:05:00+05:30,5442.95,5462.8,5442.55,5459.1,9978,
2024-09-20 15:06:00+05:30,5459.1,5461.2,5452.85,5455.85,8317,
2024-09-20 15:07:00+05:30,5451.2,5456.35,5438.55,5443.65,9891,
2024-09-20 15:08:00+05:30,5441.6,5445.9,5438.05,5439.65,9414,
2024-09-20 15:09:00+05:30,5439.65,5441.8,5434.8,5434.8,9003,
2024-09-20 15:10:00+05:30,5433.95,5438.65,5428.45,5435.95,9446,
2024-09-20 15:11:00+05:30,5435.95,5438.25,5427.35,5435.15,10540,
2024-09-20 15:12:00+05:30,5433.55,5440.15,5432.55,5437.65,6938,
2024-09-20 15:13:00+05:30,5438.4,5451.7,5437.65,5446,8431,
2024-09-20 15:14:00+05:30,5446,5451.55,5442.7,5446.4,8366,
2024-09-20 15:15:00+05:30,5447.15,5455.75,5445.15,5455.75,7776,
2024-09-20 15:16:00+05:30,5457.15,5457.2,5450.45,5456.05,5721,
2024-09-20 15:17:00+05:30,5456,5459.65,5454.1,5458.25,5582,
2024-09-20 15:18:00+05:30,5458.15,5466.45,5454,5462.95,8155,
2024-09-20 15:19:00+05:30,5464.9,5469.25,5461.2,5461.3,6198,
2024-09-20 15:20:00+05:30,5461.3,5466.95,5456.9,5456.9,8366,
2024-09-20 15:21:00+05:30,5459.95,5464.1,5456.75,5460.5,7083,
2024-09-20 15:22:00+05:30,5460.5,5464.85,5455.55,5460.15,7289,
2024-09-20 15:23:00+05:30,5460.15,5466.25,5460.15,5465.9,6511,
2024-09-20 15:24:00+05:30,5465,5473.7,5465,5470.5,9057,
2024-09-20 15:25:00+05:30,5471.35,5474.55,5468.1,5470.55,4826,
2024-09-20 15:26:00+05:30,5469.3,5476.8,5468.15,5475,4780,
2024-09-20 15:27:00+05:30,5476.65,5478.9,5470,5475.15,4425,
2024-09-20 15:28:00+05:30,5475,5475.15,5470,5473.25,2383,
2024-09-20 15:29:00+05:30,5469.2,5488,5463.2,5488,1179,
2024-09-23 09:15:00+05:30,5490,5511.55,5487.95,5508.2,3676,
2024-09-23 09:16:00+05:30,5512,5527.4,5512,5518.6,2455,
2024-09-23 09:17:00+05:30,5517.05,5517.05,5504.4,5512.45,1458,
2024-09-23 09:18:00+05:30,5514.15,5515,5505.2,5507.25,2236,
2024-09-23 09:19:00+05:30,5510.4,5511.15,5506.1,5509.5,1335,
2024-09-23 09:20:00+05:30,5509.35,5524.4,5505.05,5524.4,3449,
2024-09-23 09:21:00+05:30,5522.95,5528.7,5520.8,5521.4,2584,
2024-09-23 09:22:00+05:30,5521.4,5532.6,5519.35,5529.1,2012,
2024-09-23 09:23:00+05:30,5529.1,5537.9,5529.1,5533.95,2117,
2024-09-23 09:24:00+05:30,5538,5545.3,5535.8,5538,4930,
2024-09-23 09:25:00+05:30,5539.6,5553.6,5532.65,5551.4,5019,
2024-09-23 09:26:00+05:30,5552.65,5555.3,5547.05,5552.1,6083,
2024-09-23 09:27:00+05:30,5552.1,5552.1,5540,5540.2,2038,
2024-09-23 09:28:00+05:30,5540.15,5547.2,5538,5540.5,1790,
2024-09-23 09:29:00+05:30,5542.1,5545,5538.65,5538.65,1583,
2024-09-23 09:30:00+05:30,5538.65,5543.7,5536,5536.4,2300,
2024-09-23 09:31:00+05:30,5536.4,5538,5530.55,5530.6,1274,
2024-09-23 09:32:00+05:30,5532.3,5544.85,5532.3,5537.9,12664,
2024-09-23 09:33:00+05:30,5537.9,5538.45,5535.3,5537.35,729,
2024-09-23 09:34:00+05:30,5537.55,5539.9,5530.1,5539.15,1869,
2024-09-23 09:35:00+05:30,5539.35,5545.05,5536.1,5540.1,2662,
2024-09-23 09:36:00+05:30,5540.1,5546.4,5540,5545,1062,
2024-09-23 09:37:00+05:30,5543.05,5554.95,5543.05,5552.65,4516,
2024-09-23 09:38:00+05:30,5550.1,5565,5550.1,5562.65,7277,
2024-09-23 09:39:00+05:30,5561,5566.85,5561,5566,4804,
2024-09-23 09:40:00+05:30,5566,5579,5561.55,5563,7131,
2024-09-23 09:41:00+05:30,5563,5565.05,5558.25,5560.5,4259,
2024-09-23 09:42:00+05:30,5560.95,5562.45,5559.65,5560.7,1945,
2024-09-23 09:43:00+05:30,5560.7,5569,5551.6,5567,13160,
2024-09-23 09:44:00+05:30,5567.5,5580.1,5567,5575.5,5112,
2024-09-23 09:45:00+05:30,5577.25,5580,5571.55,5580,7050,
2024-09-23 09:46:00+05:30,5580.05,5582.95,5570.6,5570.95,8707,
2024-09-23 09:47:00+05:30,5570.4,5570.4,5561.05,5561.45,2659,
2024-09-23 09:48:00+05:30,5559.95,5570.95,5551.3,5568.35,4496,
2024-09-23 09:49:00+05:30,5568.35,5570,5559,5560.05,5666,
2024-09-23 09:50:00+05:30,5560.05,5566.45,5552.6,5552.6,3780,
2024-09-23 09:51:00+05:30,5552.6,5556.65,5547.05,5554.8,3948,
2024-09-23 09:52:00+05:30,5555.75,5555.75,5546.65,5546.8,2795,
2024-09-23 09:53:00+05:30,5546.8,5548.95,5544.3,5544.55,2171,
2024-09-23 09:54:00+05:30,5544.55,5547.4,5541.7,5542.15,1621,
2024-09-23 09:55:00+05:30,5542.15,5542.15,5535,5540.8,2742,
2024-09-23 09:56:00+05:30,5540.8,5540.95,5525.05,5531.5,4347,
2024-09-23 09:57:00+05:30,5531.9,5531.9,5519.95,5524,3509,
2024-09-23 09:58:00+05:30,5524,5524,5512,5512,3204,
2024-09-23 09:59:00+05:30,5513.3,5513.5,5507.05,5511.05,3582,
2024-09-23 10:00:00+05:30,5514.45,5520.4,5512.9,5515.8,3673,
2024-09-23 10:01:00+05:30,5515.8,5517.95,5510.2,5515,1740,
2024-09-23 10:02:00+05:30,5515,5515,5500,5507.6,3049,
2024-09-23 10:03:00+05:30,5507.65,5507.65,5502.1,5502.4,1985,
2024-09-23 10:04:00+05:30,5502.4,5506.7,5498.2,5500.3,3685,
2024-09-23 10:05:00+05:30,5500.3,5500.4,5488.35,5493,4473,
2024-09-23 10:06:00+05:30,5493,5496.2,5488.5,5496.2,1733,
2024-09-23 10:07:00+05:30,5496.2,5497,5488,5488.8,2371,
2024-09-23 10:08:00+05:30,5488.8,5493.7,5488,5491.15,1328,
2024-09-23 10:09:00+05:30,5491.15,5493.4,5489,5489,1042,
2024-09-23 10:10:00+05:30,5489,5489.85,5482.5,5484.85,2170,
2024-09-23 10:11:00+05:30,5484.85,5487.65,5482.3,5482.3,1010,
2024-09-23 10:12:00+05:30,5482.3,5483.6,5473.1,5474,4682,
2024-09-23 10:13:00+05:30,5474,5477,5472,5474.5,2039,
2024-09-23 10:14:00+05:30,5474.35,5480.8,5472,5472,927,
2024-09-23 10:15:00+05:30,5472,5472.55,5465.2,5468.05,1778,
2024-09-23 10:16:00+05:30,5471,5482.6,5467.85,5479.15,2696,
2024-09-23 10:17:00+05:30,5481.85,5481.85,5476.65,5476.75,953,
2024-09-23 10:18:00+05:30,5475.9,5476.55,5471.1,5473.8,858,
2024-09-23 10:19:00+05:30,5473.8,5482.4,5471.2,5482,1546,
2024-09-23 10:20:00+05:30,5482.95,5489.45,5475.5,5478,2296,
2024-09-23 10:21:00+05:30,5478,5479.4,5471.55,5471.55,1346,
2024-09-23 10:22:00+05:30,5471.55,5482.35,5471.1,5481.05,1030,
2024-09-23 10:23:00+05:30,5483.25,5488.9,5482.55,5488.9,699,
2024-09-23 10:24:00+05:30,5488.9,5493,5487.95,5491,3193,
2024-09-23 10:25:00+05:30,5490,5491,5483,5483.05,1509,
2024-09-23 10:26:00+05:30,5484.05,5484.05,5477.1,5479.7,922,
2024-09-23 10:27:00+05:30,5479.7,5482.45,5477.1,5481.3,489,
2024-09-23 10:28:00+05:30,5481,5485.95,5481,5483.4,1037,
2024-09-23 10:29:00+05:30,5483.4,5487.45,5481.25,5481.25,462,
2024-09-23 10:30:00+05:30,5481.25,5488,5481.2,5487.2,1192,
2024-09-23 10:31:00+05:30,5487.9,5488.45,5483.15,5486.1,369,
2024-09-23 10:32:00+05:30,5486.1,5486.4,5483.8,5485.15,147,
2024-09-23 10:33:00+05:30,5485.15,5486,5484.9,5486,488,
2024-09-23 10:34:00+05:30,5489.5,5489.85,5485.9,5487.9,654,
2024-09-23 10:35:00+05:30,5487.9,5487.9,5482,5482,318,
2024-09-23 10:36:00+05:30,5482,5482,5479.1,5479.25,277,
2024-09-23 10:37:00+05:30,5479.25,5479.25,5475.3,5477.9,632,
2024-09-23 10:38:00+05:30,5477.9,5480.7,5477.4,5478.5,266,
2024-09-23 10:39:00+05:30,5478.5,5481.8,5478.5,5479.85,347,
2024-09-23 10:40:00+05:30,5479.85,5480,5476,5477.2,1173,
2024-09-23 10:41:00+05:30,5477.2,5477.25,5473.65,5476.05,811,
2024-09-23 10:42:00+05:30,5476.55,5481.35,5472.75,5481.35,1155,
2024-09-23 10:43:00+05:30,5481.5,5485,5480,5480.4,1255,
2024-09-23 10:44:00+05:30,5480.4,5484.9,5480,5480.65,1005,
2024-09-23 10:45:00+05:30,5482.95,5483,5475.7,5475.7,855,
2024-09-23 10:46:00+05:30,5475.7,5477.4,5473.05,5474.95,321,
2024-09-23 10:47:00+05:30,5474.95,5474.95,5472.8,5472.8,290,
2024-09-23 10:48:00+05:30,5472.8,5478.55,5472.8,5478.55,452,
2024-09-23 10:49:00+05:30,5478.4,5480.3,5475.05,5477.75,630,
2024-09-23 10:50:00+05:30,5479.8,5481,5476.15,5478.55,1019,
2024-09-23 10:51:00+05:30,5480.65,5481.5,5477.1,5479.9,445,
2024-09-23 10:52:00+05:30,5479.75,5479.75,5474,5475.4,517,
2024-09-23 10:53:00+05:30,5479.3,5479.3,5474.5,5475.05,449,
2024-09-23 10:54:00+05:30,5475.05,5477.95,5474,5474,721,
2024-09-23 10:55:00+05:30,5474.9,5474.95,5472.6,5472.65,804,
2024-09-23 10:56:00+05:30,5473.65,5478.05,5473.65,5475.2,949,
2024-09-23 10:57:00+05:30,5476.65,5476.7,5466,5466,2482,
2024-09-23 10:58:00+05:30,5465.85,5467.75,5463.15,5465.6,1417,
2024-09-23 10:59:00+05:30,5465.6,5466.65,5458.55,5460.85,2274,
2024-09-23 11:00:00+05:30,5460.85,5462.2,5455.05,5460.95,1003,
2024-09-23 11:01:00+05:30,5461,5468,5461,5466,545,
2024-09-23 11:02:00+05:30,5466,5468,5461.9,5466.15,904,
2024-09-23 11:03:00+05:30,5466.15,5468,5465.6,5466.5,198,
2024-09-23 11:04:00+05:30,5466.5,5469,5466.5,5466.65,297,
2024-09-23 11:05:00+05:30,5467.75,5470.35,5466.8,5466.8,353,
2024-09-23 11:06:00+05:30,5466.8,5467.7,5462.25,5462.25,366,
2024-09-23 11:07:00+05:30,5464,5464,5461.95,5462.35,97,
2024-09-23 11:08:00+05:30,5462.35,5464,5460.25,5460.25,1011,
2024-09-23 11:09:00+05:30,5461,5461,5458.35,5459,559,
2024-09-23 11:10:00+05:30,5460,5466,5460,5464.6,737,
2024-09-23 11:11:00+05:30,5464.1,5465.5,5462.5,5464.1,200,
2024-09-23 11:12:00+05:30,5464.1,5464.65,5462.5,5464.65,184,
2024-09-23 11:13:00+05:30,5464.65,5465.5,5458.15,5460.4,543,
2024-09-23 11:14:00+05:30,5460.6,5463.3,5456.15,5462.95,1716,
2024-09-23 11:15:00+05:30,5462.95,5466.45,5460.75,5465.5,529,
2024-09-23 11:16:00+05:30,5465.5,5465.5,5455.95,5463,1309,
2024-09-23 11:17:00+05:30,5463.25,5463.25,5446,5451.55,5104,
2024-09-23 11:18:00+05:30,5451.75,5451.9,5448.95,5450.65,872,
2024-09-23 11:19:00+05:30,5451,5453.95,5448.15,5451.75,2471,
2024-09-23 11:20:00+05:30,5453.35,5455,5452.2,5452.4,493,
2024-09-23 11:21:00+05:30,5452.4,5453.4,5445,5445.95,1291,
2024-09-23 11:22:00+05:30,5445.95,5448.6,5443.55,5448,1257,
2024-09-23 11:23:00+05:30,5448,5448,5441.75,5442.6,907,
2024-09-23 11:24:00+05:30,5446.25,5446.25,5442.45,5442.7,381,
2024-09-23 11:25:00+05:30,5441.7,5442.7,5431.85,5431.9,1622,
2024-09-23 11:26:00+05:30,5431.7,5438,5430,5435,2029,
2024-09-23 11:27:00+05:30,5435.05,5441.3,5435.05,5438.75,2203,
2024-09-23 11:28:00+05:30,5436.75,5439.25,5429.4,5429.5,1447,
2024-09-23 11:29:00+05:30,5429,5430,5419.95,5428.45,3866,
2024-09-23 11:30:00+05:30,5428.45,5432.1,5422,5422,1565,
2024-09-23 11:31:00+05:30,5423.95,5424.85,5414,5422.45,3797,
2024-09-23 11:32:00+05:30,5422.45,5423.25,5407.55,5415.3,3285,
2024-09-23 11:33:00+05:30,5412.8,5412.8,5400,5403.9,3021,
2024-09-23 11:34:00+05:30,5403.9,5409.6,5401.65,5407,1818,
2024-09-23 11:35:00+05:30,5407,5407,5400.6,5401.85,1396,
2024-09-23 11:36:00+05:30,5402.1,5414.95,5402.1,5413.9,1229,
2024-09-23 11:37:00+05:30,5411.65,5423.4,5411.65,5420.45,2593,
2024-09-23 11:38:00+05:30,5418,5420.35,5410.6,5410.6,1048,
2024-09-23 11:39:00+05:30,5410.55,5412.95,5407.5,5409.05,854,
2024-09-23 11:40:00+05:30,5409.05,5410.8,5402.5,5402.5,726,
2024-09-23 11:41:00+05:30,5402.5,5410.8,5401,5406,1833,
2024-09-23 11:42:00+05:30,5406,5407.35,5401,5401.4,540,
2024-09-23 11:43:00+05:30,5401.35,5412.7,5400.65,5412,2043,
2024-09-23 11:44:00+05:30,5411.95,5415.7,5410.05,5415.65,440,
2024-09-23 11:45:00+05:30,5413.9,5416.8,5411,5412.85,605,
2024-09-23 11:46:00+05:30,5412.85,5413.45,5397.8,5409,3870,
2024-09-23 11:47:00+05:30,5406.25,5408.35,5400.2,5402.85,1656,
2024-09-23 11:48:00+05:30,5400.75,5402.35,5393.05,5393.8,2266,
2024-09-23 11:49:00+05:30,5393.8,5399.25,5392.55,5399.15,2263,
2024-09-23 11:50:00+05:30,5397.2,5400,5397.1,5400,832,
2024-09-23 11:51:00+05:30,5398.05,5400,5394.9,5397,1072,
2024-09-23 11:52:00+05:30,5395.05,5397.8,5390.8,5391.3,2666,
2024-09-23 11:53:00+05:30,5391.3,5396.7,5391.3,5394.65,362,
2024-09-23 11:54:00+05:30,5394.65,5396.65,5392.55,5392.55,860,
2024-09-23 11:55:00+05:30,5392.55,5395,5392.25,5393,410,
2024-09-23 11:56:00+05:30,5393,5394.85,5392,5392,536,
2024-09-23 11:57:00+05:30,5391.6,5396.15,5391.6,5393,413,
2024-09-23 11:58:00+05:30,5393,5400.55,5393,5400.55,1239,
2024-09-23 11:59:00+05:30,5397.6,5407.75,5397.6,5407.75,2347,
2024-09-23 12:00:00+05:30,5405.55,5414.65,5405.55,5407.9,2617,
2024-09-23 12:01:00+05:30,5407.9,5409.1,5405,5406.65,808,
2024-09-23 12:02:00+05:30,5406.65,5413.45,5406.65,5412,678,
2024-09-23 12:03:00+05:30,5409.65,5412,5409.65,5410.6,247,
2024-09-23 12:04:00+05:30,5411.8,5418.4,5411.8,5418,1314,
2024-09-23 12:05:00+05:30,5416.1,5424.95,5416.1,5424.95,2692,
2024-09-23 12:06:00+05:30,5424,5426.9,5418.5,5422.8,1841,
2024-09-23 12:07:00+05:30,5422.75,5427,5422.15,5425,1354,
2024-09-23 12:08:00+05:30,5425.6,5426.95,5424.35,5424.7,769,
2024-09-23 12:09:00+05:30,5424.6,5424.7,5415,5415,1531,
2024-09-23 12:10:00+05:30,5415,5424,5413,5413,1230,
2024-09-23 12:11:00+05:30,5413.05,5415,5410.45,5411.2,752,
2024-09-23 12:12:00+05:30,5411.2,5412.75,5407.7,5408.1,919,
2024-09-23 12:13:00+05:30,5408.1,5409.05,5403.1,5403.35,675,
2024-09-23 12:14:00+05:30,5403.35,5405.95,5400.6,5405,925,
2024-09-23 12:15:00+05:30,5403.1,5410.45,5403.05,5407.6,358,
2024-09-23 12:16:00+05:30,5407.65,5410.3,5404.15,5404.6,551,
2024-09-23 12:17:00+05:30,5406.2,5409.9,5405.2,5408.2,136,
2024-09-23 12:18:00+05:30,5407.9,5415.1,5407.9,5412.7,270,
2024-09-23 12:19:00+05:30,5415.55,5417.1,5412.9,5415.1,224,
2024-09-23 12:20:00+05:30,5415.1,5417.6,5414.35,5415,493,
2024-09-23 12:21:00+05:30,5415,5417,5413.1,5413.45,99,
2024-09-23 12:22:00+05:30,5413.1,5414,5408.6,5410.95,552,
2024-09-23 12:23:00+05:30,5409.3,5413.45,5409,5410.75,503,
2024-09-23 12:24:00+05:30,5409,5409.45,5405.25,5406.6,346,
2024-09-23 12:25:00+05:30,5406.6,5410.45,5404,5404.05,592,
2024-09-23 12:26:00+05:30,5404.05,5404.5,5400,5400.2,994,
2024-09-23 12:27:00+05:30,5400.2,5403.65,5400.2,5401,235,
2024-09-23 12:28:00+05:30,5401,5402.95,5395.35,5396.05,1536,
2024-09-23 12:29:00+05:30,5396.15,5403.35,5396,5402,825,
2024-09-23 12:30:00+05:30,5402,5404.65,5398.15,5398.15,867,
2024-09-23 12:31:00+05:30,5398.15,5401.45,5398,5399.4,296,
2024-09-23 12:32:00+05:30,5398.2,5399.4,5398.15,5399.3,416,
2024-09-23 12:33:00+05:30,5398.25,5399.3,5392.3,5393.15,1207,
2024-09-23 12:34:00+05:30,5393.15,5395.25,5392.5,5392.5,685,
2024-09-23 12:35:00+05:30,5392.5,5396.9,5392,5392.1,770,
2024-09-23 12:36:00+05:30,5394.7,5397.3,5392.15,5395.05,312,
2024-09-23 12:37:00+05:30,5395.05,5399.95,5395,5398.85,330,
2024-09-23 12:38:00+05:30,5396.25,5399.2,5395.2,5396.55,828,
2024-09-23 12:39:00+05:30,5396.55,5397,5395,5395.05,450,
2024-09-23 12:40:00+05:30,5395,5396.5,5392,5392.05,720,
2024-09-23 12:41:00+05:30,5392.05,5396.65,5392.05,5396.3,478,
2024-09-23 12:42:00+05:30,5394.1,5396.45,5391.15,5391.75,658,
2024-09-23 12:43:00+05:30,5392.55,5395.8,5391.35,5392.3,255,
2024-09-23 12:44:00+05:30,5392.45,5395.8,5392.4,5392.85,682,
2024-09-23 12:45:00+05:30,5392.9,5394,5391.55,5393.8,904,
2024-09-23 12:46:00+05:30,5391.8,5393.8,5391.75,5392.5,237,
2024-09-23 12:47:00+05:30,5392.5,5392.55,5385.35,5386.05,2587,
2024-09-23 12:48:00+05:30,5386.05,5391.7,5382.65,5386,1719,
2024-09-23 12:49:00+05:30,5386,5388,5385.1,5388,682,
2024-09-23 12:50:00+05:30,5386.2,5393,5386.2,5393,806,
2024-09-23 12:51:00+05:30,5392.9,5395,5391,5394.95,917,
2024-09-23 12:52:00+05:30,5394,5394.95,5394,5394.8,325,
2024-09-23 12:53:00+05:30,5394.05,5402.55,5394.05,5398.65,2155,
2024-09-23 12:54:00+05:30,5397.55,5397.6,5394.95,5396.7,408,
2024-09-23 12:55:00+05:30,5396.7,5399.9,5392.95,5394.2,1244,
2024-09-23 12:56:00+05:30,5394.2,5398.7,5394.05,5396.95,945,
2024-09-23 12:57:00+05:30,5398.4,5399.85,5396.65,5396.65,584,
2024-09-23 12:58:00+05:30,5396.65,5397.95,5395.1,5397.95,389,
2024-09-23 12:59:00+05:30,5397,5401,5396.65,5397.4,652,
2024-09-23 13:00:00+05:30,5397.35,5397.4,5395.1,5396,406,
2024-09-23 13:01:00+05:30,5395.2,5398.1,5395.2,5397.1,269,
2024-09-23 13:02:00+05:30,5397.15,5401.45,5396.4,5397.05,846,
2024-09-23 13:03:00+05:30,5396.5,5399.85,5394.1,5394.15,751,
2024-09-23 13:04:00+05:30,5394.15,5398.35,5393.9,5398.35,733,
2024-09-23 13:05:00+05:30,5398.35,5398.95,5389.55,5389.55,726,
2024-09-23 13:06:00+05:30,5389.25,5392,5386.55,5392,642,
2024-09-23 13:07:00+05:30,5392,5392,5386.05,5387,529,
2024-09-23 13:08:00+05:30,5387.05,5400.25,5387.05,5396.35,733,
2024-09-23 13:09:00+05:30,5396.35,5399,5394.7,5397.55,329,
2024-09-23 13:10:00+05:30,5397.55,5401,5395.5,5398,699,
2024-09-23 13:11:00+05:30,5398,5398,5394.05,5395,316,
2024-09-23 13:12:00+05:30,5395,5396.05,5392.25,5394.05,312,
2024-09-23 13:13:00+05:30,5394.05,5398,5394.05,5397.3,202,
2024-09-23 13:14:00+05:30,5395.35,5397.7,5395,5396.75,230,
2024-09-23 13:15:00+05:30,5395.05,5396.5,5391,5391.15,472,
2024-09-23 13:16:00+05:30,5391.15,5397.9,5391.15,5396,343,
2024-09-23 13:17:00+05:30,5396,5401,5396,5400.05,800,
2024-09-23 13:18:00+05:30,5400.05,5401,5400,5401,470,
2024-09-23 13:19:00+05:30,5400,5400.75,5396.6,5400,1070,
2024-09-23 13:20:00+05:30,5397.95,5399.85,5396.6,5396.6,646,
2024-09-23 13:21:00+05:30,5396.75,5398.6,5391,5391.05,1221,
2024-09-23 13:22:00+05:30,5391.65,5394.4,5391.5,5394.2,237,
2024-09-23 13:23:00+05:30,5392.45,5395.05,5392.05,5392.05,279,
2024-09-23 13:24:00+05:30,5391.9,5399.7,5391.9,5394.95,1094,
2024-09-23 13:25:00+05:30,5394.95,5398.6,5394.95,5397.1,313,
2024-09-23 13:26:00+05:30,5396.9,5398.4,5396,5396.15,170,
2024-09-23 13:27:00+05:30,5396.15,5399.2,5394.5,5395.45,429,
2024-09-23 13:28:00+05:30,5394.25,5397.7,5394.25,5397.7,138,
2024-09-23 13:29:00+05:30,5396.35,5399.9,5396.35,5399,270,
2024-09-23 13:30:00+05:30,5397.25,5401,5397.05,5400.85,888,
2024-09-23 13:31:00+05:30,5399.55,5401.95,5399.3,5399.6,480,
2024-09-23 13:32:00+05:30,5399.8,5406.1,5399.8,5406.05,1502,
2024-09-23 13:33:00+05:30,5405,5406.15,5404.65,5406,1687,
2024-09-23 13:34:00+05:30,5405.8,5408.7,5405.6,5406,889,
2024-09-23 13:35:00+05:30,5406,5406.75,5403,5405,686,
2024-09-23 13:36:00+05:30,5403.15,5405,5403.05,5405,770,
2024-09-23 13:37:00+05:30,5405,5405,5401.9,5402.45,337,
2024-09-23 13:38:00+05:30,5402.65,5409,5402.65,5408,1478,
2024-09-23 13:39:00+05:30,5408,5408.4,5406,5407,411,
2024-09-23 13:40:00+05:30,5406.75,5406.75,5403.05,5403.6,365,
2024-09-23 13:41:00+05:30,5405.8,5406.8,5403.7,5404.6,158,
2024-09-23 13:42:00+05:30,5404.6,5406.75,5404.05,5404.2,180,
2024-09-23 13:43:00+05:30,5404.2,5407.45,5404.2,5407.45,271,
2024-09-23 13:44:00+05:30,5405.2,5409,5405.1,5408.7,753,
2024-09-23 13:45:00+05:30,5409,5412,5406.7,5412,583,
2024-09-23 13:46:00+05:30,5410.4,5412,5405,5407.8,1284,
2024-09-23 13:47:00+05:30,5407.8,5414.75,5407.8,5407.9,2498,
2024-09-23 13:48:00+05:30,5408.7,5412.35,5406.5,5412.1,632,
2024-09-23 13:49:00+05:30,5412.1,5412.5,5409.05,5412.5,907,
2024-09-23 13:50:00+05:30,5411.9,5414.65,5409.05,5410.65,770,
2024-09-23 13:51:00+05:30,5410.55,5413.65,5409.8,5410.15,944,
2024-09-23 13:52:00+05:30,5410.15,5414.6,5410.1,5413.8,737,
2024-09-23 13:53:00+05:30,5413.8,5415,5411.65,5412.4,809,
2024-09-23 13:54:00+05:30,5412.35,5414.7,5412.25,5414.6,487,
2024-09-23 13:55:00+05:30,5414.6,5414.6,5408,5408,602,
2024-09-23 13:56:00+05:30,5408,5409.7,5405.6,5405.6,822,
2024-09-23 13:57:00+05:30,5405.6,5409.5,5404.5,5407.75,502,
2024-09-23 13:58:00+05:30,5407.75,5411.25,5407.75,5411.25,562,
2024-09-23 13:59:00+05:30,5411.25,5414,5409.6,5411.3,484,
2024-09-23 14:00:00+05:30,5411.15,5412.4,5411.05,5411.15,237,
2024-09-23 14:01:00+05:30,5411.15,5413.5,5410.9,5411.1,321,
2024-09-23 14:02:00+05:30,5411.05,5411.05,5405.25,5408.55,736,
2024-09-23 14:03:00+05:30,5406.55,5410,5406.55,5408.95,436,
2024-09-23 14:04:00+05:30,5406.7,5409.65,5402,5402.9,1140,
2024-09-23 14:05:00+05:30,5401.2,5403.05,5392.6,5397,1247,
2024-09-23 14:06:00+05:30,5395.85,5404,5395.85,5404,446,
2024-09-23 14:07:00+05:30,5402.35,5408.8,5402.2,5408.65,397,
2024-09-23 14:08:00+05:30,5406.45,5407.45,5403.8,5406,201,
2024-09-23 14:09:00+05:30,5406,5406.5,5404,5406.5,328,
2024-09-23 14:10:00+05:30,5406,5406.85,5397.9,5400.05,973,
2024-09-23 14:11:00+05:30,5400.05,5400.4,5393.1,5393.1,962,
2024-09-23 14:12:00+05:30,5393.1,5402.2,5391.05,5402.2,3849,
2024-09-23 14:13:00+05:30,5401.95,5402.2,5394.95,5397.35,888,
2024-09-23 14:14:00+05:30,5397.55,5401.5,5397.35,5399.95,562,
2024-09-23 14:15:00+05:30,5398.45,5401.45,5396.4,5400.4,563,
2024-09-23 14:16:00+05:30,5400.4,5401.4,5398,5399.85,287,
2024-09-23 14:17:00+05:30,5398.8,5400.45,5398,5398.2,458,
2024-09-23 14:18:00+05:30,5398.2,5401.45,5398.2,5398.9,197,
2024-09-23 14:19:00+05:30,5398.75,5400.65,5397.45,5397.55,477,
2024-09-23 14:20:00+05:30,5399.3,5399.45,5395,5395,484,
2024-09-23 14:21:00+05:30,5395,5395.85,5390.1,5392.1,2422,
2024-09-23 14:22:00+05:30,5390.1,5393.3,5390.1,5393.3,1095,
2024-09-23 14:23:00+05:30,5391.4,5400,5391.4,5400,1606,
2024-09-23 14:24:00+05:30,5400,5400,5395.7,5397.55,849,
2024-09-23 14:25:00+05:30,5399.7,5399.7,5393.9,5395.65,1029,
2024-09-23 14:26:00+05:30,5395.65,5399,5395,5398,361,
2024-09-23 14:27:00+05:30,5396.05,5397.95,5391.75,5395.1,490,
2024-09-23 14:28:00+05:30,5395.15,5397.05,5390.05,5393.2,1213,
2024-09-23 14:29:00+05:30,5393.2,5396.95,5393,5396.95,231,
2024-09-23 14:30:00+05:30,5394.95,5400,5394.95,5399.75,569,
2024-09-23 14:31:00+05:30,5398,5399.8,5396.4,5398,564,
2024-09-23 14:32:00+05:30,5396.4,5398.65,5396,5397.15,188,
2024-09-23 14:33:00+05:30,5396,5404,5395,5401,2122,
2024-09-23 14:34:00+05:30,5401,5402.8,5400.05,5402.8,355,
2024-09-23 14:35:00+05:30,5401,5403.8,5400.05,5400.35,386,
2024-09-23 14:36:00+05:30,5400.35,5402,5400.1,5401,866,
2024-09-23 14:37:00+05:30,5401,5407,5399.85,5401.55,1404,
2024-09-23 14:38:00+05:30,5401.55,5404.45,5400,5400,868,
2024-09-23 14:39:00+05:30,5400,5403.25,5400,5402.95,608,
2024-09-23 14:40:00+05:30,5402.6,5403.4,5400.15,5401.55,357,
2024-09-23 14:41:00+05:30,5401.5,5403.4,5395.05,5397.35,803,
2024-09-23 14:42:00+05:30,5395.95,5398.7,5395.1,5396.75,313,
2024-09-23 14:43:00+05:30,5397.95,5399.65,5396.3,5398,524,
2024-09-23 14:44:00+05:30,5398,5406.55,5397.2,5402.9,3635,
2024-09-23 14:45:00+05:30,5403.9,5403.9,5396,5397.8,1356,
2024-09-23 14:46:00+05:30,5397.8,5397.8,5395,5397,401,
2024-09-23 14:47:00+05:30,5397,5401.05,5396.5,5397.4,1797,
2024-09-23 14:48:00+05:30,5396.5,5399.4,5396.5,5397.25,511,
2024-09-23 14:49:00+05:30,5398.05,5399.3,5393.3,5393.35,1286,
2024-09-23 14:50:00+05:30,5393.3,5396,5393.3,5395.85,543,
2024-09-23 14:51:00+05:30,5393.65,5396,5391.65,5391.65,1520,
2024-09-23 14:52:00+05:30,5391.65,5391.65,5387.45,5388,1563,
2024-09-23 14:53:00+05:30,5388,5388,5383.9,5386.2,2602,
2024-09-23 14:54:00+05:30,5385.75,5388,5382.75,5385.1,2652,
2024-09-23 14:55:00+05:30,5385.1,5385.6,5380.05,5385,2097,
2024-09-23 14:56:00+05:30,5385,5389.8,5377.2,5379,4820,
2024-09-23 14:57:00+05:30,5377.9,5383,5377.9,5379.85,1701,
2024-09-23 14:58:00+05:30,5379.85,5382.95,5378,5382.45,782,
2024-09-23 14:59:00+05:30,5381,5384.95,5381,5382.6,965,
2024-09-23 15:00:00+05:30,5382.65,5389.9,5378,5378.3,3082,
2024-09-23 15:01:00+05:30,5378.3,5380.1,5378.05,5378.75,669,
2024-09-23 15:02:00+05:30,5378.75,5380.1,5378,5380.1,788,
2024-09-23 15:03:00+05:30,5380,5382.35,5376.55,5379.1,1951,
2024-09-23 15:04:00+05:30,5379.1,5381.6,5378.05,5380.05,1718,
2024-09-23 15:05:00+05:30,5379.3,5381.6,5379.3,5379.85,864,
2024-09-23 15:06:00+05:30,5379.9,5380,5376.55,5378.4,2552,
2024-09-23 15:07:00+05:30,5378.4,5379,5375.8,5377.75,777,
2024-09-23 15:08:00+05:30,5376,5378,5372.35,5374.2,2317,
2024-09-23 15:09:00+05:30,5373.65,5378.85,5373.6,5375.25,2112,
2024-09-23 15:10:00+05:30,5375.1,5376.5,5368.75,5368.75,5508,
2024-09-23 15:11:00+05:30,5370,5370,5367.85,5369.95,2796,
2024-09-23 15:12:00+05:30,5369.95,5370,5365.5,5366.95,3027,
2024-09-23 15:13:00+05:30,5365.55,5370,5364.5,5368.85,2883,
2024-09-23 15:14:00+05:30,5368.85,5371.45,5368.75,5370.45,3128,
2024-09-23 15:15:00+05:30,5371.45,5373,5369.8,5370.4,4545,
2024-09-23 15:16:00+05:30,5370.2,5373.1,5367.15,5373.1,3654,
2024-09-23 15:17:00+05:30,5373.15,5373.5,5369,5369.15,4535,
2024-09-23 15:18:00+05:30,5369.15,5370.5,5367.45,5368.7,2392,
2024-09-23 15:19:00+05:30,5368.7,5369.4,5366.3,5369,3538,
2024-09-23 15:20:00+05:30,5368.95,5370,5365.6,5368.05,6826,
2024-09-23 15:21:00+05:30,5368.05,5371.95,5367.15,5370,4872,
2024-09-23 15:22:00+05:30,5370,5375,5369.95,5371,18480,
2024-09-23 15:23:00+05:30,5371,5371.4,5368.1,5369.9,3521,
2024-09-23 15:24:00+05:30,5369.9,5374.95,5369.9,5374.95,1456,
2024-09-23 15:25:00+05:30,5373.15,5380.25,5373.15,5380.05,1496,
2024-09-23 15:26:00+05:30,5380.25,5382,5380.1,5382,1206,
2024-09-23 15:27:00+05:30,5381.75,5388.95,5381.75,5388,1580,
2024-09-23 15:28:00+05:30,5388,5388,5376.15,5383,4728,
2024-09-23 15:29:00+05:30,5383,5387,5380,5385.95,1533,
2024-09-24 09:15:00+05:30,5375,5390.95,5375,5389.8,4829,
2024-09-24 09:16:00+05:30,5383.35,5384.9,5374.75,5379.4,3108,
2024-09-24 09:17:00+05:30,5377.4,5399.35,5377.35,5394.05,2591,
2024-09-24 09:18:00+05:30,5393.65,5399.35,5388.55,5388.8,2393,
2024-09-24 09:19:00+05:30,5388.55,5397,5388.55,5397,969,
2024-09-24 09:20:00+05:30,5397,5405.55,5394.95,5403.3,1952,
2024-09-24 09:21:00+05:30,5405,5414.9,5404.95,5412,1519,
2024-09-24 09:22:00+05:30,5411.75,5419.7,5411.75,5416.4,5512,
2024-09-24 09:23:00+05:30,5416.65,5417,5406.35,5411.1,4418,
2024-09-24 09:24:00+05:30,5412.15,5412.8,5403.55,5406.95,1448,
2024-09-24 09:25:00+05:30,5406.95,5407.5,5402.05,5402.1,1010,
2024-09-24 09:26:00+05:30,5402.1,5408.5,5402.1,5406.3,1475,
2024-09-24 09:27:00+05:30,5406.3,5406.3,5385,5385,2690,
2024-09-24 09:28:00+05:30,5384.8,5386.7,5376.4,5376.8,3120,
2024-09-24 09:29:00+05:30,5377.65,5380,5367.55,5367.55,2441,
2024-09-24 09:30:00+05:30,5369.5,5378.8,5350,5357.65,5917,
2024-09-24 09:31:00+05:30,5356.9,5356.9,5341.7,5352.2,7077,
2024-09-24 09:32:00+05:30,5352.2,5360,5348.45,5355,1539,
2024-09-24 09:33:00+05:30,5355,5357.7,5349.55,5353.5,1993,
2024-09-24 09:34:00+05:30,5353.55,5353.55,5344,5349.55,3159,
2024-09-24 09:35:00+05:30,5346.6,5360.9,5346.1,5359,1661,
2024-09-24 09:36:00+05:30,5359,5359,5348.35,5351.65,1084,
2024-09-24 09:37:00+05:30,5351.65,5355.85,5343.05,5343.05,1005,
2024-09-24 09:38:00+05:30,5342.2,5346.55,5337.1,5339.5,3549,
2024-09-24 09:39:00+05:30,5341.4,5341.6,5335.1,5336.1,1923,
2024-09-24 09:40:00+05:30,5336.1,5342.5,5335.5,5337.15,1782,
2024-09-24 09:41:00+05:30,5335.5,5341.95,5334.5,5335.65,2096,
2024-09-24 09:42:00+05:30,5335.65,5337.8,5333.3,5333.3,1537,
2024-09-24 09:43:00+05:30,5333.95,5341.15,5332,5337.2,2318,
2024-09-24 09:44:00+05:30,5340,5340,5334.95,5337.35,3170,
2024-09-24 09:45:00+05:30,5337.35,5344.5,5333.25,5333.25,3954,
2024-09-24 09:46:00+05:30,5333.25,5335.55,5332.55,5334,2136,
2024-09-24 09:47:00+05:30,5334,5340.4,5333,5337.65,1493,
2024-09-24 09:48:00+05:30,5337.65,5339,5334.2,5335.5,1277,
2024-09-24 09:49:00+05:30,5335.5,5336.75,5332,5332,793,
2024-09-24 09:50:00+05:30,5333.6,5334.8,5322.55,5330,6775,
2024-09-24 09:51:00+05:30,5330.35,5342.25,5327.55,5339.05,3945,
2024-09-24 09:52:00+05:30,5339.05,5339.15,5325.55,5325.55,2638,
2024-09-24 09:53:00+05:30,5325.55,5329.85,5325.55,5327.25,2567,
2024-09-24 09:54:00+05:30,5327.25,5330,5325,5330,3453,
2024-09-24 09:55:00+05:30,5330.05,5335.3,5325,5325.5,1737,
2024-09-24 09:56:00+05:30,5325.5,5327.15,5323.4,5325.3,1377,
2024-09-24 09:57:00+05:30,5325.35,5331.3,5324.55,5328.5,2339,
2024-09-24 09:58:00+05:30,5328.45,5338,5328.45,5336.55,1337,
2024-09-24 09:59:00+05:30,5336.55,5337,5330.8,5332.05,1760,
2024-09-24 10:00:00+05:30,5334.1,5335,5326.7,5328.05,1454,
2024-09-24 10:01:00+05:30,5328.05,5334.35,5325.1,5328.9,2108,
2024-09-24 10:02:00+05:30,5326.85,5330.75,5321.7,5322.55,4474,
2024-09-24 10:03:00+05:30,5321.7,5325.45,5317.65,5325.15,4257,
2024-09-24 10:04:00+05:30,5325.15,5327.45,5320.75,5325.1,3677,
2024-09-24 10:05:00+05:30,5327.2,5330,5324.95,5328.45,906,
2024-09-24 10:06:00+05:30,5328.45,5334.85,5324.5,5329.95,1979,
2024-09-24 10:07:00+05:30,5333,5336.05,5331.7,5333.65,4918,
2024-09-24 10:08:00+05:30,5333.65,5340.75,5332.05,5337.05,1388,
2024-09-24 10:09:00+05:30,5337.05,5340,5335,5335.15,1176,
2024-09-24 10:10:00+05:30,5335.15,5338.65,5335.15,5335.8,738,
2024-09-24 10:11:00+05:30,5335.8,5337.75,5330.05,5332,913,
2024-09-24 10:12:00+05:30,5332,5334.05,5330,5330,2646,
2024-09-24 10:13:00+05:30,5331,5331,5325,5326.55,1504,
2024-09-24 10:14:00+05:30,5326.4,5330,5326.1,5327.9,635,
2024-09-24 10:15:00+05:30,5327.9,5335,5327.9,5332.8,839,
2024-09-24 10:16:00+05:30,5332.8,5332.95,5327.05,5328.55,880,
2024-09-24 10:17:00+05:30,5328.55,5331.35,5327.85,5330.7,627,
2024-09-24 10:18:00+05:30,5328.85,5332.3,5328.15,5330.05,1223,
2024-09-24 10:19:00+05:30,5332.3,5335.45,5327,5327,2105,
2024-09-24 10:20:00+05:30,5327,5327.9,5326,5326.5,635,
2024-09-24 10:21:00+05:30,5327.85,5331.9,5326.15,5329.4,1312,
2024-09-24 10:22:00+05:30,5329.4,5336.1,5329.4,5333.75,874,
2024-09-24 10:23:00+05:30,5333.75,5340,5333.75,5339.95,4526,
2024-09-24 10:24:00+05:30,5339.95,5340,5335.15,5337.55,1374,
2024-09-24 10:25:00+05:30,5337.55,5347.4,5337.55,5344.45,4041,
2024-09-24 10:26:00+05:30,5344.45,5350,5344.45,5346,3488,
2024-09-24 10:27:00+05:30,5347.25,5348.5,5344.45,5347.55,1417,
2024-09-24 10:28:00+05:30,5347.55,5354.6,5345.9,5351.55,2498,
2024-09-24 10:29:00+05:30,5351.55,5352.1,5346,5347.3,1425,
2024-09-24 10:30:00+05:30,5347.3,5350.35,5346,5347.3,598,
2024-09-24 10:31:00+05:30,5347.3,5348.7,5340.05,5340.95,982,
2024-09-24 10:32:00+05:30,5343.1,5345,5334.65,5345,1126,
2024-09-24 10:33:00+05:30,5345.75,5347.95,5337.5,5337.5,1289,
2024-09-24 10:34:00+05:30,5338.45,5344.95,5335.5,5336.75,1408,
2024-09-24 10:35:00+05:30,5337.45,5341.6,5331.95,5335.85,654,
2024-09-24 10:36:00+05:30,5335.85,5338.35,5332.3,5332.3,231,
2024-09-24 10:37:00+05:30,5332.3,5337.95,5328.95,5336.25,1367,
2024-09-24 10:38:00+05:30,5336.25,5340.25,5331.9,5334.25,1361,
2024-09-24 10:39:00+05:30,5334.25,5339.9,5334.25,5335.6,623,
2024-09-24 10:40:00+05:30,5335.6,5338.85,5335.6,5337,305,
2024-09-24 10:41:00+05:30,5337,5337,5331.2,5332.1,867,
2024-09-24 10:42:00+05:30,5332.1,5336.45,5332.1,5333.65,414,
2024-09-24 10:43:00+05:30,5333.65,5338.85,5330.7,5333.65,2195,
2024-09-24 10:44:00+05:30,5333.65,5339.85,5331.6,5338.05,467,
2024-09-24 10:45:00+05:30,5337.05,5338,5334.2,5335.4,2049,
2024-09-24 10:46:00+05:30,5335.4,5348.9,5335.4,5346.35,1222,
2024-09-24 10:47:00+05:30,5346.35,5348,5339.9,5343.55,763,
2024-09-24 10:48:00+05:30,5343.55,5343.55,5337.7,5338.6,991,
2024-09-24 10:49:00+05:30,5338.6,5342.2,5338.45,5340.95,285,
2024-09-24 10:50:00+05:30,5340.95,5342.95,5340.8,5341.45,247,
2024-09-24 10:51:00+05:30,5341.1,5342.95,5340.55,5341,700,
2024-09-24 10:52:00+05:30,5341,5344,5338.7,5342.1,499,
2024-09-24 10:53:00+05:30,5341,5344,5338.6,5339.2,347,
2024-09-24 10:54:00+05:30,5339.2,5341.7,5338.05,5338.2,173,
2024-09-24 10:55:00+05:30,5338.2,5340,5338,5338.5,210,
2024-09-24 10:56:00+05:30,5338.5,5342.85,5335.8,5340.5,353,
2024-09-24 10:57:00+05:30,5340.5,5343.75,5340.5,5341.3,71,
2024-09-24 10:58:00+05:30,5343.15,5344.1,5341.25,5342.6,162,
2024-09-24 10:59:00+05:30,5343.3,5346.7,5342.9,5344.15,360,
2024-09-24 11:00:00+05:30,5344.15,5348.2,5339.2,5339.2,3102,
2024-09-24 11:01:00+05:30,5339.2,5344.1,5339.05,5342.6,199,
2024-09-24 11:02:00+05:30,5341.8,5342.8,5341.7,5342,386,
2024-09-24 11:03:00+05:30,5342,5344.1,5342,5342.2,174,
2024-09-24 11:04:00+05:30,5342.2,5347.85,5342.2,5346.15,1180,
2024-09-24 11:05:00+05:30,5346.15,5352.1,5346.15,5350,1601,
2024-09-24 11:06:00+05:30,5350,5352,5349.05,5350,456,
2024-09-24 11:07:00+05:30,5350,5357,5350,5356.05,1279,
2024-09-24 11:08:00+05:30,5357,5360,5355,5355.05,3013,
2024-09-24 11:09:00+05:30,5355.05,5357.55,5355,5355.4,460,
2024-09-24 11:10:00+05:30,5356.1,5359.5,5353.2,5357.1,1880,
2024-09-24 11:11:00+05:30,5359,5359,5357.1,5358.3,519,
2024-09-24 11:12:00+05:30,5358.3,5364.3,5358.3,5361,1741,
2024-09-24 11:13:00+05:30,5361,5363.9,5360.5,5362.2,1095,
2024-09-24 11:14:00+05:30,5362.2,5363,5356,5356,3445,
2024-09-24 11:15:00+05:30,5356,5356,5350.9,5353.5,1449,
2024-09-24 11:16:00+05:30,5353.35,5355,5350,5354.95,794,
2024-09-24 11:17:00+05:30,5352.9,5355.2,5352.85,5354.8,539,
2024-09-24 11:18:00+05:30,5355,5355,5350,5351.35,1865,
2024-09-24 11:19:00+05:30,5351.35,5352.4,5340.55,5342.35,2933,
2024-09-24 11:20:00+05:30,5343.15,5350,5343.15,5348,593,
2024-09-24 11:21:00+05:30,5348,5348,5338.05,5340.15,1394,
2024-09-24 11:22:00+05:30,5340.15,5343.2,5335,5335.35,1440,
2024-09-24 11:23:00+05:30,5335.35,5338.45,5335.35,5336.6,409,
2024-09-24 11:24:00+05:30,5338,5339.65,5335.7,5335.7,448,
2024-09-24 11:25:00+05:30,5335.7,5340,5335.7,5338.8,218,
2024-09-24 11:26:00+05:30,5338.8,5347.7,5338.8,5345.6,459,
2024-09-24 11:27:00+05:30,5345.6,5349.55,5343.4,5346.7,480,
2024-09-24 11:28:00+05:30,5346.7,5348,5340.55,5341.8,1004,
2024-09-24 11:29:00+05:30,5341.8,5344.9,5340.55,5340.55,364,
2024-09-24 11:30:00+05:30,5342.4,5344,5340.55,5342.3,229,
2024-09-24 11:31:00+05:30,5342.3,5344,5342.25,5342.3,474,
2024-09-24 11:32:00+05:30,5342.3,5344,5342.3,5342.6,484,
2024-09-24 11:33:00+05:30,5344,5344,5342.4,5342.4,549,
2024-09-24 11:34:00+05:30,5342.4,5342.95,5340,5340.25,580,
2024-09-24 11:35:00+05:30,5340.25,5342.9,5339.8,5340.2,252,
2024-09-24 11:36:00+05:30,5340.2,5344,5340.2,5341.3,1635,
2024-09-24 11:37:00+05:30,5341.3,5344,5341.15,5342.25,259,
2024-09-24 11:38:00+05:30,5342.25,5342.25,5340.15,5341,408,
2024-09-24 11:39:00+05:30,5340.4,5341,5340,5340.55,331,
2024-09-24 11:40:00+05:30,5340.55,5341,5338.75,5338.75,602,
2024-09-24 11:41:00+05:30,5338.75,5340,5338,5339.95,550,
2024-09-24 11:42:00+05:30,5338,5338.8,5336,5336.2,942,
2024-09-24 11:43:00+05:30,5336.2,5340,5336.2,5337.95,384,
2024-09-24 11:44:00+05:30,5338,5340,5338,5338.95,707,
2024-09-24 11:45:00+05:30,5338.95,5340,5337.85,5337.85,975,
2024-09-24 11:46:00+05:30,5337.5,5346.3,5337.35,5346.1,1634,
2024-09-24 11:47:00+05:30,5345.4,5351.85,5343.85,5350.35,1778,
2024-09-24 11:48:00+05:30,5349.05,5357,5348.3,5353,1255,
2024-09-24 11:49:00+05:30,5352.15,5358,5352.15,5357,1312,
2024-09-24 11:50:00+05:30,5357,5357,5356.9,5357,1195,
2024-09-24 11:51:00+05:30,5357,5359.95,5356.15,5356.65,1062,
2024-09-24 11:52:00+05:30,5356.65,5358.1,5356.6,5358,478,
2024-09-24 11:53:00+05:30,5357.4,5359,5356.85,5358.35,821,
2024-09-24 11:54:00+05:30,5358.35,5359,5357.2,5358.95,536,
2024-09-24 11:55:00+05:30,5358.95,5359.05,5357.75,5358.05,922,
2024-09-24 11:56:00+05:30,5358.1,5358.1,5350.35,5351.9,1508,
2024-09-24 11:57:00+05:30,5354.2,5354.6,5347.05,5352.25,1390,
2024-09-24 11:58:00+05:30,5352.25,5360,5351.65,5358.25,890,
2024-09-24 11:59:00+05:30,5358.25,5364,5358.25,5362.2,2288,
2024-09-24 12:00:00+05:30,5362.2,5365,5361.1,5361.95,1334,
2024-09-24 12:01:00+05:30,5363.05,5368,5363.05,5366.65,1259,
2024-09-24 12:02:00+05:30,5366.65,5368.5,5364.1,5368.4,799,
2024-09-24 12:03:00+05:30,5368.4,5372.35,5367,5369.9,2155,
2024-09-24 12:04:00+05:30,5369.9,5369.95,5368.2,5369.8,626,
2024-09-24 12:05:00+05:30,5369.85,5377.5,5368.85,5370.85,3632,
2024-09-24 12:06:00+05:30,5370.25,5377.6,5370.25,5373.3,7002,
2024-09-24 12:07:00+05:30,5373.3,5374.2,5370.05,5372.25,710,
2024-09-24 12:08:00+05:30,5372.25,5376.5,5370.75,5376.2,2049,
2024-09-24 12:09:00+05:30,5374.4,5383.25,5374.4,5378.35,1410,
2024-09-24 12:10:00+05:30,5378.35,5383,5378.15,5382.85,997,
2024-09-24 12:11:00+05:30,5382.85,5386,5376.9,5380.2,2310,
2024-09-24 12:12:00+05:30,5380.2,5381,5376.95,5377.65,727,
2024-09-24 12:13:00+05:30,5377.65,5380.1,5371.5,5371.9,2161,
2024-09-24 12:14:00+05:30,5369.5,5375,5369.5,5373.65,1923,
2024-09-24 12:15:00+05:30,5373.65,5375.75,5372.85,5373.55,2507,
2024-09-24 12:16:00+05:30,5373.55,5379,5373.45,5378.5,439,
2024-09-24 12:17:00+05:30,5378.5,5379.35,5378,5379.25,595,
2024-09-24 12:18:00+05:30,5379.2,5381,5379.2,5381,1018,
2024-09-24 12:19:00+05:30,5379.6,5382.65,5379.6,5381,937,
2024-09-24 12:20:00+05:30,5381,5386.2,5381,5384.65,1238,
2024-09-24 12:21:00+05:30,5384.7,5386.55,5384.1,5385.85,663,
2024-09-24 12:22:00+05:30,5385.85,5386.55,5384.3,5385.8,537,
2024-09-24 12:23:00+05:30,5385.8,5385.95,5379.55,5380.2,1895,
2024-09-24 12:24:00+05:30,5379.2,5383.8,5378.05,5382.1,410,
2024-09-24 12:25:00+05:30,5382.1,5384,5380.55,5381.3,506,
2024-09-24 12:26:00+05:30,5381.3,5385.9,5380.2,5380.2,583,
2024-09-24 12:27:00+05:30,5380.2,5382,5372.05,5372.05,849,
2024-09-24 12:28:00+05:30,5372.05,5376.25,5370.7,5376.1,787,
2024-09-24 12:29:00+05:30,5376.1,5380,5376.1,5378.65,541,
2024-09-24 12:30:00+05:30,5378.6,5380,5374.65,5375.75,787,
2024-09-24 12:31:00+05:30,5375.75,5377.7,5374.65,5375.25,607,
2024-09-24 12:32:00+05:30,5375.25,5375.45,5374.05,5375.45,413,
2024-09-24 12:33:00+05:30,5375.45,5378,5371.85,5375.65,1372,
2024-09-24 12:34:00+05:30,5376.5,5377.65,5375.55,5375.8,483,
2024-09-24 12:35:00+05:30,5375.8,5377.3,5375.8,5377,1025,
2024-09-24 12:36:00+05:30,5377,5382,5377,5380.6,1218,
2024-09-24 12:37:00+05:30,5380,5385,5380,5383.85,1124,
2024-09-24 12:38:00+05:30,5382.75,5384.95,5382.75,5383.3,555,
2024-09-24 12:39:00+05:30,5383.3,5385.3,5382.3,5382.65,1395,
2024-09-24 12:40:00+05:30,5382.65,5390,5382.65,5382.75,3681,
2024-09-24 12:41:00+05:30,5384,5386.9,5382.3,5384.05,554,
2024-09-24 12:42:00+05:30,5384.45,5386.7,5382.4,5383.05,639,
2024-09-24 12:43:00+05:30,5383.05,5388.8,5380.7,5387.1,20863,
2024-09-24 12:44:00+05:30,5387.1,5389.95,5385.7,5387.55,757,
2024-09-24 12:45:00+05:30,5387.55,5393.45,5387.55,5392.5,1209,
2024-09-24 12:46:00+05:30,5392.95,5400,5392.95,5396.65,2122,
2024-09-24 12:47:00+05:30,5396.65,5400,5395.85,5400,1448,
2024-09-24 12:48:00+05:30,5400,5403,5400,5403,1737,
2024-09-24 12:49:00+05:30,5403,5406.35,5401.05,5403.55,2973,
2024-09-24 12:50:00+05:30,5403.55,5406,5400,5400.25,1225,
2024-09-24 12:51:00+05:30,5400.25,5401.5,5394,5397.05,2424,
2024-09-24 12:52:00+05:30,5397.05,5398.05,5395.45,5397.95,486,
2024-09-24 12:53:00+05:30,5398,5398,5397.9,5397.95,411,
2024-09-24 12:54:00+05:30,5398,5400.8,5397.95,5400,644,
2024-09-24 12:55:00+05:30,5400,5405.95,5400,5404.15,1964,
2024-09-24 12:56:00+05:30,5404.15,5404.95,5401,5401,838,
2024-09-24 12:57:00+05:30,5401,5404.05,5400.95,5402.95,547,
2024-09-24 12:58:00+05:30,5403,5403,5402.85,5402.9,651,
2024-09-24 12:59:00+05:30,5402.9,5404.15,5401.3,5403.9,878,
2024-09-24 13:00:00+05:30,5403.9,5403.9,5398.6,5399.1,890,
2024-09-24 13:01:00+05:30,5401,5401.65,5396.7,5398.95,660,
2024-09-24 13:02:00+05:30,5398.95,5399.75,5398.4,5398.7,601,
2024-09-24 13:03:00+05:30,5398.75,5400,5398,5398,605,
2024-09-24 13:04:00+05:30,5398,5398.5,5394.3,5398.5,1319,
2024-09-24 13:05:00+05:30,5398.5,5399.6,5395.3,5398.45,1002,
2024-09-24 13:06:00+05:30,5398.45,5399,5395.3,5398.35,703,
2024-09-24 13:07:00+05:30,5398.35,5398.35,5395.45,5397.35,512,
2024-09-24 13:08:00+05:30,5397.35,5397.5,5393.1,5393.8,684,
2024-09-24 13:09:00+05:30,5393.85,5395.95,5392.4,5393.95,797,
2024-09-24 13:10:00+05:30,5393.9,5398,5393.9,5397.9,1472,
2024-09-24 13:11:00+05:30,5397.9,5399.8,5395.85,5399.5,636,
2024-09-24 13:12:00+05:30,5399.4,5399.5,5395.55,5396.5,781,
2024-09-24 13:13:00+05:30,5396.5,5397.9,5389.05,5393.9,2188,
2024-09-24 13:14:00+05:30,5393.9,5395.2,5391.15,5394.95,518,
2024-09-24 13:15:00+05:30,5394.95,5394.95,5388.45,5391.65,1957,
2024-09-24 13:16:00+05:30,5391.65,5392,5387.2,5391.85,812,
2024-09-24 13:17:00+05:30,5391.85,5395.25,5390.8,5395.25,424,
2024-09-24 13:18:00+05:30,5395.25,5396,5391.05,5395.45,530,
2024-09-24 13:19:00+05:30,5395.95,5398.15,5394.75,5397.5,519,
2024-09-24 13:20:00+05:30,5397.5,5399.5,5394.55,5399.3,882,
2024-09-24 13:21:00+05:30,5399.3,5400.6,5397.25,5400.6,490,
2024-09-24 13:22:00+05:30,5400.6,5400.6,5397.15,5397.2,655,
2024-09-24 13:23:00+05:30,5397.2,5398.45,5390.3,5393.7,585,
2024-09-24 13:24:00+05:30,5393.7,5393.7,5391.5,5393,374,
2024-09-24 13:25:00+05:30,5393,5393,5389.65,5391,585,
2024-09-24 13:26:00+05:30,5391,5391,5389.2,5390,669,
2024-09-24 13:27:00+05:30,5390,5390.35,5382.55,5383,800,
2024-09-24 13:28:00+05:30,5383,5383.05,5375,5375,2725,
2024-09-24 13:29:00+05:30,5375,5376.85,5370.1,5372.85,1160,
2024-09-24 13:30:00+05:30,5372.85,5374.95,5365.05,5366.55,1629,
2024-09-24 13:31:00+05:30,5367.75,5377.65,5365,5377.45,1483,
2024-09-24 13:32:00+05:30,5377.45,5383.45,5375.4,5383.15,792,
2024-09-24 13:33:00+05:30,5383.15,5387.8,5382.25,5383,670,
2024-09-24 13:34:00+05:30,5383,5386.85,5382.8,5386.85,759,
2024-09-24 13:35:00+05:30,5386.85,5388.7,5382.95,5386.3,1361,
2024-09-24 13:36:00+05:30,5388.7,5391.95,5384.35,5389.25,1347,
2024-09-24 13:37:00+05:30,5389.25,5391.85,5388.95,5389.9,895,
2024-09-24 13:38:00+05:30,5389.9,5394.9,5389.1,5393.55,1102,
2024-09-24 13:39:00+05:30,5393.55,5394.9,5391.45,5391.45,1046,
2024-09-24 13:40:00+05:30,5391.45,5391.95,5385.7,5386.55,1082,
2024-09-24 13:41:00+05:30,5386.55,5386.75,5380.35,5385.15,1458,
2024-09-24 13:42:00+05:30,5385.15,5386.1,5385.05,5385.2,544,
2024-09-24 13:43:00+05:30,5385.1,5385.7,5375.4,5375.45,1766,
2024-09-24 13:44:00+05:30,5374.75,5382.75,5373,5380,1292,
2024-09-24 13:45:00+05:30,5380,5382.5,5375.6,5379.85,648,
2024-09-24 13:46:00+05:30,5379.85,5380,5373.5,5375.2,1205,
2024-09-24 13:47:00+05:30,5376.45,5381.35,5373.5,5380.25,838,
2024-09-24 13:48:00+05:30,5380.25,5380.5,5376.3,5380.4,683,
2024-09-24 13:49:00+05:30,5380.4,5381.9,5376.35,5377.7,902,
2024-09-24 13:50:00+05:30,5377.7,5377.7,5375.95,5376.95,796,
2024-09-24 13:51:00+05:30,5376.95,5381.35,5376.65,5379.95,1076,
2024-09-24 13:52:00+05:30,5379.15,5379.15,5379,5379,847,
2024-09-24 13:53:00+05:30,5379,5380.7,5378.9,5380.5,393,
2024-09-24 13:54:00+05:30,5380.5,5381.8,5379.1,5381.8,715,
2024-09-24 13:55:00+05:30,5381.8,5382.2,5376.2,5378.95,1106,
2024-09-24 13:56:00+05:30,5378.95,5379.1,5370.55,5370.55,1027,
2024-09-24 13:57:00+05:30,5372.1,5372.1,5365.55,5367.45,1480,
2024-09-24 13:58:00+05:30,5367.45,5371.4,5366.7,5371.4,652,
2024-09-24 13:59:00+05:30,5370.5,5372.55,5368,5369.05,1104,
2024-09-24 14:00:00+05:30,5369.05,5374,5368.85,5374,596,
2024-09-24 14:01:00+05:30,5374,5374.7,5370.2,5371,693,
2024-09-24 14:02:00+05:30,5371,5371,5359.25,5361.65,2154,
2024-09-24 14:03:00+05:30,5361.65,5365.05,5361.65,5363.25,486,
2024-09-24 14:04:00+05:30,5363.25,5363.6,5360.1,5363.6,458,
2024-09-24 14:05:00+05:30,5363.6,5365,5351.05,5356.85,2174,
2024-09-24 14:06:00+05:30,5357.05,5362.2,5357.05,5361.95,679,
2024-09-24 14:07:00+05:30,5360.3,5361.35,5355.2,5358.7,532,
2024-09-24 14:08:00+05:30,5358.7,5359.45,5353.05,5357.6,703,
2024-09-24 14:09:00+05:30,5359.4,5361.9,5357.6,5360.45,473,
2024-09-24 14:10:00+05:30,5360.45,5360.45,5355.3,5360,524,
2024-09-24 14:11:00+05:30,5360,5360,5358.65,5359.6,581,
2024-09-24 14:12:00+05:30,5359.6,5359.6,5358,5358,518,
2024-09-24 14:13:00+05:30,5356.9,5357.4,5355,5357.4,395,
2024-09-24 14:14:00+05:30,5357.35,5360.25,5355.3,5359.9,389,
2024-09-24 14:15:00+05:30,5360.45,5364.95,5356.35,5364.9,747,
2024-09-24 14:16:00+05:30,5363.65,5364.9,5361.35,5363,640,
2024-09-24 14:17:00+05:30,5363,5363,5358,5360.5,915,
2024-09-24 14:18:00+05:30,5360.8,5362.65,5359.4,5362.1,409,
2024-09-24 14:19:00+05:30,5361.65,5365.7,5361.2,5364.9,1861,
2024-09-24 14:20:00+05:30,5366.95,5366.95,5356.1,5362.65,1841,
2024-09-24 14:21:00+05:30,5362.65,5362.75,5358.65,5362.15,407,
2024-09-24 14:22:00+05:30,5362.15,5365,5360.5,5364.85,649,
2024-09-24 14:23:00+05:30,5364.85,5364.9,5363,5364.65,487,
2024-09-24 14:24:00+05:30,5364.65,5364.65,5360.7,5360.7,912,
2024-09-24 14:25:00+05:30,5360.7,5361.35,5359.45,5361.2,538,
2024-09-24 14:26:00+05:30,5361.2,5366.9,5361.2,5365.8,834,
2024-09-24 14:27:00+05:30,5366.95,5367.55,5361.6,5363.95,1136,
2024-09-24 14:28:00+05:30,5363.95,5365.95,5360.35,5362.65,818,
2024-09-24 14:29:00+05:30,5362.65,5364.35,5359.85,5362.15,503,
2024-09-24 14:30:00+05:30,5362.15,5365.3,5361.05,5363.95,1611,
2024-09-24 14:31:00+05:30,5363.85,5365.65,5362.15,5365.65,951,
2024-09-24 14:32:00+05:30,5366.45,5367.75,5362.7,5367.5,1025,
2024-09-24 14:33:00+05:30,5367.5,5374,5365.85,5370.55,1694,
2024-09-24 14:34:00+05:30,5370.55,5370.95,5365.4,5367.45,911,
2024-09-24 14:35:00+05:30,5367.45,5372,5362.55,5369.85,1781,
2024-09-24 14:36:00+05:30,5369.85,5369.85,5365.2,5367,851,
2024-09-24 14:37:00+05:30,5367.2,5369.45,5366.15,5369.25,528,
2024-09-24 14:38:00+05:30,5369.65,5369.85,5363.55,5363.55,543,
2024-09-24 14:39:00+05:30,5363.9,5364.75,5360.1,5363,677,
2024-09-24 14:40:00+05:30,5363,5370.75,5362.2,5370.75,1427,
2024-09-24 14:41:00+05:30,5369.85,5369.85,5365.75,5367.85,884,
2024-09-24 14:42:00+05:30,5367.85,5368,5362.65,5365.1,1188,
2024-09-24 14:43:00+05:30,5365.05,5368,5363.55,5368,495,
2024-09-24 14:44:00+05:30,5368,5370.05,5363.45,5367.85,1163,
2024-09-24 14:45:00+05:30,5368,5369.1,5365.55,5365.55,873,
2024-09-24 14:46:00+05:30,5365.55,5372,5365.25,5372,1248,
2024-09-24 14:47:00+05:30,5372,5372,5364.05,5366.45,704,
2024-09-24 14:48:00+05:30,5366.45,5367,5365.55,5366.55,409,
2024-09-24 14:49:00+05:30,5366.45,5366.55,5363.4,5366.55,605,
2024-09-24 14:50:00+05:30,5366.55,5368.9,5364.15,5365.6,391,
2024-09-24 14:51:00+05:30,5365.65,5371.45,5365,5366.2,1938,
2024-09-24 14:52:00+05:30,5368.6,5372.7,5365.6,5372.7,1108,
2024-09-24 14:53:00+05:30,5372.7,5372.7,5368.25,5370.8,643,
2024-09-24 14:54:00+05:30,5370.9,5373.8,5369.55,5371.9,566,
2024-09-24 14:55:00+05:30,5369.55,5374,5369.55,5372.7,974,
2024-09-24 14:56:00+05:30,5372.75,5379.9,5372.4,5376.4,2179,
2024-09-24 14:57:00+05:30,5376.35,5379.15,5373.45,5377.9,1271,
2024-09-24 14:58:00+05:30,5377.9,5377.9,5373.05,5375.75,2328,
2024-09-24 14:59:00+05:30,5375.75,5377.15,5374.8,5375.45,1168,
2024-09-24 15:00:00+05:30,5375.45,5378.85,5372.45,5376.6,1704,
2024-09-24 15:01:00+05:30,5376.6,5377.9,5375.65,5377.3,744,
2024-09-24 15:02:00+05:30,5377.3,5382.7,5376.05,5379.95,3134,
2024-09-24 15:03:00+05:30,5377.4,5382.45,5377.4,5381.2,889,
2024-09-24 15:04:00+05:30,5381.2,5381.2,5378,5378.75,800,
2024-09-24 15:05:00+05:30,5379.1,5381,5375.15,5376.25,848,
2024-09-24 15:06:00+05:30,5376.6,5378,5374.2,5375.4,898,
2024-09-24 15:07:00+05:30,5375.4,5376,5372.8,5375.85,1273,
2024-09-24 15:08:00+05:30,5375.1,5377,5374.2,5375.9,1103,
2024-09-24 15:09:00+05:30,5375.9,5377.45,5374.9,5377.4,1156,
2024-09-24 15:10:00+05:30,5376.85,5376.85,5373.05,5375,1081,
2024-09-24 15:11:00+05:30,5374.95,5374.95,5372.65,5373.45,1051,
2024-09-24 15:12:00+05:30,5374.1,5375.9,5373.4,5374,1442,
2024-09-24 15:13:00+05:30,5373.45,5375,5373.45,5375,903,
2024-09-24 15:14:00+05:30,5375,5375,5370,5372.95,1779,
2024-09-24 15:15:00+05:30,5372.95,5373.4,5370.15,5372.85,694,
2024-09-24 15:16:00+05:30,5373.15,5374,5369.2,5370.3,2379,
2024-09-24 15:17:00+05:30,5370.3,5372,5367.25,5372,1401,
2024-09-24 15:18:00+05:30,5371.9,5373.35,5369.35,5372.25,1335,
2024-09-24 15:19:00+05:30,5373.35,5375.9,5371.25,5375.9,1092,
2024-09-24 15:20:00+05:30,5375.9,5376.3,5373.65,5374.25,2731,
2024-09-24 15:21:00+05:30,5374.25,5376.65,5371.1,5371.45,2194,
2024-09-24 15:22:00+05:30,5371.45,5373.35,5369.25,5369.25,927,
2024-09-24 15:23:00+05:30,5368.75,5374.15,5367.2,5370.6,1024,
2024-09-24 15:24:00+05:30,5370,5371.7,5367,5367.95,1200,
2024-09-24 15:25:00+05:30,5367.95,5375.1,5367.55,5368,918,
2024-09-24 15:26:00+05:30,5368,5372.95,5368,5370,688,
2024-09-24 15:27:00+05:30,5370,5375.7,5368,5369.55,510,
2024-09-24 15:28:00+05:30,5369.55,5382.85,5365,5372.2,6042,
2024-09-24 15:29:00+05:30,5372.2,5379.2,5365,5365,615,
2024-09-25 09:15:00+05:30,5375.8,5390.05,5354.5,5381.45,4679,
2024-09-25 09:16:00+05:30,5381.45,5383.1,5373.1,5378.5,3093,
2024-09-25 09:17:00+05:30,5378.5,5383.15,5374.45,5376.05,1204,
2024-09-25 09:18:00+05:30,5378.65,5378.65,5366.25,5377,2440,
2024-09-25 09:19:00+05:30,5376.85,5379.1,5370.45,5375.95,2202,
2024-09-25 09:20:00+05:30,5373.1,5378,5370,5374,1718,
2024-09-25 09:21:00+05:30,5374,5383.2,5372.45,5377.95,1678,
2024-09-25 09:22:00+05:30,5379.3,5383.3,5378.55,5381.9,1314,
2024-09-25 09:23:00+05:30,5380.9,5385.85,5380.9,5383.3,1831,
2024-09-25 09:24:00+05:30,5384.7,5387,5383.3,5384.55,804,
2024-09-25 09:25:00+05:30,5387.95,5388.2,5382.8,5383.25,1338,
2024-09-25 09:26:00+05:30,5384.1,5389.15,5381.05,5389.1,866,
2024-09-25 09:27:00+05:30,5389.1,5395.45,5385.95,5392.4,953,
2024-09-25 09:28:00+05:30,5393.6,5395.8,5390,5392.35,2028,
2024-09-25 09:29:00+05:30,5390.35,5391,5382.45,5382.95,1916,
2024-09-25 09:30:00+05:30,5382.95,5385.2,5378,5378.05,1832,
2024-09-25 09:31:00+05:30,5378.05,5380.6,5373.95,5380.1,1541,
2024-09-25 09:32:00+05:30,5380.1,5381.5,5377.4,5379.75,734,
2024-09-25 09:33:00+05:30,5379.8,5383,5375.8,5379.1,875,
2024-09-25 09:34:00+05:30,5381,5383.25,5376.1,5381.5,1320,
2024-09-25 09:35:00+05:30,5381.5,5384.25,5378.65,5382.1,950,
2024-09-25 09:36:00+05:30,5383.05,5387.95,5382.55,5384.55,925,
2024-09-25 09:37:00+05:30,5384.55,5391.5,5381.95,5385.95,2174,
2024-09-25 09:38:00+05:30,5387.65,5390.3,5383.6,5385.05,1152,
2024-09-25 09:39:00+05:30,5385.05,5387.65,5380.9,5380.9,1739,
2024-09-25 09:40:00+05:30,5380.9,5381.95,5378.3,5378.3,793,
2024-09-25 09:41:00+05:30,5378.3,5378.55,5368.95,5371.5,1471,
2024-09-25 09:42:00+05:30,5371.5,5377.55,5368.05,5377.4,1390,
2024-09-25 09:43:00+05:30,5377.4,5379.9,5375.65,5378.65,651,
2024-09-25 09:44:00+05:30,5378.55,5385.05,5378.25,5385.05,1293,
2024-09-25 09:45:00+05:30,5385.05,5391.4,5380.05,5390.95,1363,
2024-09-25 09:46:00+05:30,5389,5407.8,5389,5407.8,4410,
2024-09-25 09:47:00+05:30,5403.05,5408,5402.7,5402.95,3511,
2024-09-25 09:48:00+05:30,5404.3,5407.85,5402,5402,1934,
2024-09-25 09:49:00+05:30,5402,5403.7,5398.2,5399,1092,
2024-09-25 09:50:00+05:30,5399,5404,5398.8,5400.4,1360,
2024-09-25 09:51:00+05:30,5400.4,5403.8,5399,5399.55,1123,
2024-09-25 09:52:00+05:30,5399.55,5402,5395.75,5398.75,1056,
2024-09-25 09:53:00+05:30,5398.75,5398.75,5395.05,5395.05,1328,
2024-09-25 09:54:00+05:30,5395.05,5395.15,5394.6,5395,521,
2024-09-25 09:55:00+05:30,5395.05,5395.05,5389.65,5390.8,1315,
2024-09-25 09:56:00+05:30,5391,5397.05,5390.85,5394.4,2255,
2024-09-25 09:57:00+05:30,5393.8,5394.5,5391.95,5393.75,477,
2024-09-25 09:58:00+05:30,5394.5,5399.6,5393.2,5399.6,1867,
2024-09-25 09:59:00+05:30,5397.8,5403,5396.55,5402.5,813,
2024-09-25 10:00:00+05:30,5402.5,5404,5402.05,5404,1309,
2024-09-25 10:01:00+05:30,5404,5410,5403.45,5409,3907,
2024-09-25 10:02:00+05:30,5410,5410,5406.85,5409.75,1852,
2024-09-25 10:03:00+05:30,5409.75,5420,5408.8,5418.9,6007,
2024-09-25 10:04:00+05:30,5418.55,5420,5414.05,5420,7327,
2024-09-25 10:05:00+05:30,5420,5429.65,5420,5427,4988,
2024-09-25 10:06:00+05:30,5427.3,5429.75,5425,5425,4287,
2024-09-25 10:07:00+05:30,5425.75,5426.75,5422,5426,16753,
2024-09-25 10:08:00+05:30,5426,5428.95,5425,5428.1,3326,
2024-09-25 10:09:00+05:30,5428.5,5430,5425,5430,2524,
2024-09-25 10:10:00+05:30,5428.85,5440,5428.85,5431.95,5665,
2024-09-25 10:11:00+05:30,5432.95,5434.55,5429.6,5431.75,2206,
2024-09-25 10:12:00+05:30,5431.75,5448.5,5431.75,5443.3,6340,
2024-09-25 10:13:00+05:30,5444.35,5448,5441.05,5442.65,3447,
2024-09-25 10:14:00+05:30,5442.65,5445.25,5440,5442.1,2755,
2024-09-25 10:15:00+05:30,5442.1,5445,5427.05,5427.05,6203,
2024-09-25 10:16:00+05:30,5428.1,5429.25,5425,5425,2750,
2024-09-25 10:17:00+05:30,5425.95,5435.35,5425.05,5434.1,2476,
2024-09-25 10:18:00+05:30,5434.05,5437.8,5432.8,5436.6,1830,
2024-09-25 10:19:00+05:30,5436.6,5444.45,5436.6,5444.45,3409,
2024-09-25 10:20:00+05:30,5444.45,5445,5441.6,5442,2419,
2024-09-25 10:21:00+05:30,5442,5444.95,5436.9,5438.9,1943,
2024-09-25 10:22:00+05:30,5438.9,5438.9,5432,5435.55,1752,
2024-09-25 10:23:00+05:30,5435.55,5435.55,5425,5432,2081,
2024-09-25 10:24:00+05:30,5432,5435,5429.6,5431.85,1207,
2024-09-25 10:25:00+05:30,5431.85,5445,5431.65,5444.95,2392,
2024-09-25 10:26:00+05:30,5442.5,5445,5439.05,5443.7,1922,
2024-09-25 10:27:00+05:30,5443.7,5443.7,5434.15,5434.15,2076,
2024-09-25 10:28:00+05:30,5434.55,5436.95,5434.15,5435,1289,
2024-09-25 10:29:00+05:30,5436.85,5438.2,5434.95,5437.55,1147,
2024-09-25 10:30:00+05:30,5437.2,5439.6,5435.05,5438.2,2365,
2024-09-25 10:31:00+05:30,5438.25,5444,5438.25,5444,2046,
2024-09-25 10:32:00+05:30,5444.15,5445,5442.3,5443.9,1665,
2024-09-25 10:33:00+05:30,5443.9,5446,5438.05,5442.65,3225,
2024-09-25 10:34:00+05:30,5442.75,5444.05,5440,5440.6,1559,
2024-09-25 10:35:00+05:30,5441.7,5442.2,5435,5436.05,1529,
2024-09-25 10:36:00+05:30,5436.45,5439,5435.95,5437.1,1069,
2024-09-25 10:37:00+05:30,5437.1,5438,5435,5435.2,1383,
2024-09-25 10:38:00+05:30,5437.6,5440,5435.8,5437.5,1910,
2024-09-25 10:39:00+05:30,5437.1,5441.95,5437.1,5440.05,1256,
2024-09-25 10:40:00+05:30,5440.05,5440.6,5438.2,5439.4,959,
2024-09-25 10:41:00+05:30,5438.8,5439.4,5432.2,5433.45,3435,
2024-09-25 10:42:00+05:30,5433.45,5436.9,5433.25,5434.35,1594,
2024-09-25 10:43:00+05:30,5434.35,5436.35,5433.8,5436.3,558,
2024-09-25 10:44:00+05:30,5436.4,5441.9,5436.4,5441.9,999,
2024-09-25 10:45:00+05:30,5441.9,5443.15,5438.15,5440.55,1772,
2024-09-25 10:46:00+05:30,5439.5,5440.7,5438.05,5438.3,884,
2024-09-25 10:47:00+05:30,5438.3,5438.3,5433.6,5435.9,403,
2024-09-25 10:48:00+05:30,5434.7,5435.85,5426,5426,2471,
2024-09-25 10:49:00+05:30,5426,5430.35,5426,5428.1,561,
2024-09-25 10:50:00+05:30,5428.1,5434.95,5427.05,5432.45,1134,
2024-09-25 10:51:00+05:30,5435.05,5440,5433,5438.6,1305,
2024-09-25 10:52:00+05:30,5438.6,5439.1,5436,5439,513,
2024-09-25 10:53:00+05:30,5439,5439,5433.1,5437,503,
2024-09-25 10:54:00+05:30,5435.85,5437,5431.6,5434.45,691,
2024-09-25 10:55:00+05:30,5434.45,5437,5433.8,5437,950,
2024-09-25 10:56:00+05:30,5437,5437,5434.45,5436.2,595,
2024-09-25 10:57:00+05:30,5436.35,5441,5436.2,5439.95,2409,
2024-09-25 10:58:00+05:30,5439.65,5439.9,5435.05,5436.7,620,
2024-09-25 10:59:00+05:30,5436.2,5440.05,5435.9,5438.35,797,
2024-09-25 11:00:00+05:30,5438.35,5440.25,5438.1,5439.75,1513,
2024-09-25 11:01:00+05:30,5439.75,5442.95,5439.75,5442.7,1203,
2024-09-25 11:02:00+05:30,5442.5,5445,5442.05,5443.9,2734,
2024-09-25 11:03:00+05:30,5443.9,5445,5442.25,5443.95,2025,
2024-09-25 11:04:00+05:30,5443.95,5446.15,5442.05,5445.95,1628,
2024-09-25 11:05:00+05:30,5445.95,5446.75,5441.35,5444.4,2128,
2024-09-25 11:06:00+05:30,5444.4,5444.4,5442,5443.95,646,
2024-09-25 11:07:00+05:30,5443.95,5444.05,5442,5442.3,583,
2024-09-25 11:08:00+05:30,5442.3,5443.65,5435.4,5437.5,1642,
2024-09-25 11:09:00+05:30,5437.5,5441.4,5435.05,5441.1,1936,
2024-09-25 11:10:00+05:30,5440.7,5444.6,5439.75,5440.6,1499,
2024-09-25 11:11:00+05:30,5440.6,5443,5440,5443,502,
2024-09-25 11:12:00+05:30,5443,5444,5437.7,5437.7,651,
2024-09-25 11:13:00+05:30,5437.7,5443,5436.7,5442.55,1297,
2024-09-25 11:14:00+05:30,5442.55,5443.95,5438.8,5441.85,638,
2024-09-25 11:15:00+05:30,5441.85,5442.6,5440.1,5441.3,600,
2024-09-25 11:16:00+05:30,5441.3,5444,5441.3,5443.95,1027,
2024-09-25 11:17:00+05:30,5444,5444.85,5441.45,5443.55,1194,
2024-09-25 11:18:00+05:30,5441.45,5444,5441.45,5443.9,129,
2024-09-25 11:19:00+05:30,5443.9,5444,5438.75,5441.85,1365,
2024-09-25 11:20:00+05:30,5440.9,5443.95,5439.65,5442.85,447,
2024-09-25 11:21:00+05:30,5442.85,5445,5442.7,5444.25,476,
2024-09-25 11:22:00+05:30,5444.65,5445,5442.8,5444.9,1070,
2024-09-25 11:23:00+05:30,5444.9,5444.9,5443.9,5444.7,841,
2024-09-25 11:24:00+05:30,5444.6,5444.7,5441.5,5444.7,629,
2024-09-25 11:25:00+05:30,5444.15,5444.2,5438,5440.65,851,
2024-09-25 11:26:00+05:30,5440,5441.7,5436,5438.75,1395,
2024-09-25 11:27:00+05:30,5438.75,5443.7,5438.75,5440.5,760,
2024-09-25 11:28:00+05:30,5440.5,5442.55,5438.9,5441.7,457,
2024-09-25 11:29:00+05:30,5441.7,5441.7,5436.35,5439.4,934,
2024-09-25 11:30:00+05:30,5440.4,5441.35,5436.6,5437.3,1108,
2024-09-25 11:31:00+05:30,5437.3,5438.1,5430,5433.15,3425,
2024-09-25 11:32:00+05:30,5432.1,5437,5431,5436,2897,
2024-09-25 11:33:00+05:30,5436,5436.7,5433.8,5436.7,637,
2024-09-25 11:34:00+05:30,5436.7,5437.7,5435.4,5435.4,614,
2024-09-25 11:35:00+05:30,5435.4,5437.95,5435,5437.95,616,
2024-09-25 11:36:00+05:30,5437.95,5438.8,5436.35,5438.6,854,
2024-09-25 11:37:00+05:30,5439.15,5440,5436.8,5437.25,1143,
2024-09-25 11:38:00+05:30,5437.3,5439.8,5437.1,5439.8,1009,
2024-09-25 11:39:00+05:30,5439.8,5439.8,5425.85,5428.45,4057,
2024-09-25 11:40:00+05:30,5429.2,5429.2,5406.2,5406.2,40890,
2024-09-25 11:41:00+05:30,5404.6,5412.1,5403.65,5411.6,4357,
2024-09-25 11:42:00+05:30,5411.6,5412.4,5404.55,5412.2,34829,
2024-09-25 11:43:00+05:30,5412.2,5412.2,5400,5409.55,19749,
2024-09-25 11:44:00+05:30,5410,5414.15,5405.85,5411,5431,
2024-09-25 11:45:00+05:30,5411.25,5411.3,5395.35,5404.8,12760,
2024-09-25 11:46:00+05:30,5404.65,5404.65,5394,5396.45,2980,
2024-09-25 11:47:00+05:30,5396.45,5401,5390,5396.8,6536,
2024-09-25 11:48:00+05:30,5396.1,5402.15,5395,5395.05,2951,
2024-09-25 11:49:00+05:30,5396.2,5410,5391.5,5409.5,3080,
2024-09-25 11:50:00+05:30,5409.9,5423.85,5409.1,5413.5,4243,
2024-09-25 11:51:00+05:30,5413.5,5425,5413.5,5425,2468,
2024-09-25 11:52:00+05:30,5425,5426,5420.75,5422.55,1654,
2024-09-25 11:53:00+05:30,5424,5432,5422.95,5431.15,1408,
2024-09-25 11:54:00+05:30,5431.15,5434.85,5425,5425.7,1457,
2024-09-25 11:55:00+05:30,5425.7,5427.6,5417.75,5421.2,1744,
2024-09-25 11:56:00+05:30,5412.1,5417.05,5409.15,5409.15,3446,
2024-09-25 11:57:00+05:30,5410.55,5422.85,5406.8,5410,5018,
2024-09-25 11:58:00+05:30,5410,5411,5405.9,5409,1200,
2024-09-25 11:59:00+05:30,5409,5410,5406.15,5408.35,2214,
2024-09-25 12:00:00+05:30,5408.35,5410,5405.75,5410,2089,
2024-09-25 12:01:00+05:30,5410,5411,5409.6,5411,687,
2024-09-25 12:02:00+05:30,5410.8,5412,5407.55,5408.55,3185,
2024-09-25 12:03:00+05:30,5408.15,5409.1,5404,5409,541,
2024-09-25 12:04:00+05:30,5409,5410,5406.95,5410,1322,
2024-09-25 12:05:00+05:30,5410,5411,5409.1,5410,1953,
2024-09-25 12:06:00+05:30,5409.85,5411,5407.85,5409.95,2546,
2024-09-25 12:07:00+05:30,5410,5410,5406,5406.9,737,
2024-09-25 12:08:00+05:30,5406.9,5407.9,5402.05,5403.2,1709,
2024-09-25 12:09:00+05:30,5403.2,5404.4,5400.65,5403.1,654,
2024-09-25 12:10:00+05:30,5403.1,5407.9,5401.5,5407.9,1181,
2024-09-25 12:11:00+05:30,5407.6,5410,5407.55,5407.55,969,
2024-09-25 12:12:00+05:30,5407.55,5409.3,5406.9,5408.25,664,
2024-09-25 12:13:00+05:30,5408.25,5415.4,5403.1,5415.4,5421,
2024-09-25 12:14:00+05:30,5415.4,5415.4,5410.55,5412.55,1677,
2024-09-25 12:15:00+05:30,5412.6,5415.5,5412.05,5413.35,740,
2024-09-25 12:16:00+05:30,5413,5416.9,5408.25,5411.75,2149,
2024-09-25 12:17:00+05:30,5409.55,5413.25,5408.05,5408.05,956,
2024-09-25 12:18:00+05:30,5408.05,5417.6,5408.05,5412.35,687,
2024-09-25 12:19:00+05:30,5411.65,5412.55,5411.65,5412.35,262,
2024-09-25 12:20:00+05:30,5412.35,5412.35,5410.9,5412.25,387,
2024-09-25 12:21:00+05:30,5412.3,5413,5410.9,5412.3,561,
2024-09-25 12:22:00+05:30,5412.3,5412.65,5411.05,5412.4,863,
2024-09-25 12:23:00+05:30,5412.4,5416.05,5411.05,5412.1,1157,
2024-09-25 12:24:00+05:30,5412.1,5412.45,5409.95,5409.95,3650,
2024-09-25 12:25:00+05:30,5410,5410,5407.45,5407.45,2200,
2024-09-25 12:26:00+05:30,5407.45,5410,5407.4,5408,278,
2024-09-25 12:27:00+05:30,5409.75,5410,5406.8,5406.8,1785,
2024-09-25 12:28:00+05:30,5406.8,5410,5406.8,5407.55,832,
2024-09-25 12:29:00+05:30,5408.3,5413.75,5408,5412.3,1508,
2024-09-25 12:30:00+05:30,5412.25,5412.5,5407.55,5410,3855,
2024-09-25 12:31:00+05:30,5410,5411.25,5407.75,5408.8,3613,
2024-09-25 12:32:00+05:30,5408.8,5411.85,5408.8,5410,1291,
2024-09-25 12:33:00+05:30,5410,5416.4,5410,5412.25,4408,
2024-09-25 12:34:00+05:30,5412.3,5412.65,5410.55,5412,396,
2024-09-25 12:35:00+05:30,5412.05,5412.85,5412.05,5412.45,538,
2024-09-25 12:36:00+05:30,5412.45,5413.95,5412.2,5412.3,342,
2024-09-25 12:37:00+05:30,5412.35,5413.05,5412.3,5412.35,445,
2024-09-25 12:38:00+05:30,5412.35,5417.35,5412.25,5417.35,623,
2024-09-25 12:39:00+05:30,5417.35,5420,5417.35,5420,852,
2024-09-25 12:40:00+05:30,5420,5424.5,5419.45,5424.5,2419,
2024-09-25 12:41:00+05:30,5424.55,5433.95,5424.55,5433.5,1540,
2024-09-25 12:42:00+05:30,5435,5435,5424.65,5427,3166,
2024-09-25 12:43:00+05:30,5427,5428,5425,5427.1,422,
2024-09-25 12:44:00+05:30,5427.1,5429.9,5425,5427.35,1594,
2024-09-25 12:45:00+05:30,5428,5428,5425,5425.1,563,
2024-09-25 12:46:00+05:30,5425.1,5428,5425,5426.6,411,
2024-09-25 12:47:00+05:30,5426.6,5427.95,5426.6,5427,348,
2024-09-25 12:48:00+05:30,5427,5430,5426.95,5429,455,
2024-09-25 12:49:00+05:30,5428.9,5429.9,5425.75,5425.75,563,
2024-09-25 12:50:00+05:30,5427.9,5427.9,5424.95,5424.95,558,
2024-09-25 12:51:00+05:30,5425,5425,5422.1,5424.65,620,
2024-09-25 12:52:00+05:30,5424.65,5425.7,5423.1,5425.7,745,
2024-09-25 12:53:00+05:30,5425.7,5425.7,5424.95,5425,469,
2024-09-25 12:54:00+05:30,5425,5425,5424.95,5424.95,514,
2024-09-25 12:55:00+05:30,5425,5425.4,5424.95,5425.4,410,
2024-09-25 12:56:00+05:30,5425.4,5425.8,5423.15,5423.15,861,
2024-09-25 12:57:00+05:30,5423.15,5425.45,5423.05,5424.85,510,
2024-09-25 12:58:00+05:30,5424.9,5425,5422.6,5422.6,498,
2024-09-25 12:59:00+05:30,5424.85,5425,5421.4,5424.75,764,
2024-09-25 13:00:00+05:30,5424.75,5425,5422.8,5425,501,
2024-09-25 13:01:00+05:30,5425,5425.3,5421.5,5421.5,820,
2024-09-25 13:02:00+05:30,5421.5,5421.75,5417.15,5419.9,1004,
2024-09-25 13:03:00+05:30,5419.9,5420.85,5417.35,5420.75,1003,
2024-09-25 13:04:00+05:30,5420.75,5420.8,5415,5419.95,1468,
2024-09-25 13:05:00+05:30,5419.95,5420.75,5419.25,5420,504,
2024-09-25 13:06:00+05:30,5420,5420.7,5417,5417,732,
2024-09-25 13:07:00+05:30,5417,5418.9,5412.05,5414.05,1117,
2024-09-25 13:08:00+05:30,5415.35,5417,5414.25,5416.45,556,
2024-09-25 13:09:00+05:30,5416.8,5416.8,5414.85,5414.95,617,
2024-09-25 13:10:00+05:30,5414.95,5418.4,5413.5,5418.4,1707,
2024-09-25 13:11:00+05:30,5418.4,5420.65,5413.25,5414.95,1587,
2024-09-25 13:12:00+05:30,5415,5415.85,5412.2,5415,841,
2024-09-25 13:13:00+05:30,5415,5416.5,5413.95,5415.45,2443,
2024-09-25 13:14:00+05:30,5415.45,5417,5415.45,5416.95,301,
2024-09-25 13:15:00+05:30,5417,5417.35,5414.15,5414.15,664,
2024-09-25 13:16:00+05:30,5414.15,5416.65,5414.15,5414.15,525,
2024-09-25 13:17:00+05:30,5412,5413.8,5411.7,5411.85,631,
2024-09-25 13:18:00+05:30,5411.95,5412.95,5411.95,5412.95,378,
2024-09-25 13:19:00+05:30,5412.95,5413.75,5412.85,5413.75,491,
2024-09-25 13:20:00+05:30,5413.7,5413.7,5412.05,5413,503,
2024-09-25 13:21:00+05:30,5413,5413,5408,5408,1108,
2024-09-25 13:22:00+05:30,5408,5410,5408,5410,305,
2024-09-25 13:23:00+05:30,5409.7,5410,5405.05,5406.5,517,
2024-09-25 13:24:00+05:30,5407.5,5410,5405.8,5410,938,
2024-09-25 13:25:00+05:30,5410,5410,5407.35,5409.55,674,
2024-09-25 13:26:00+05:30,5409.55,5412.35,5409.5,5412.3,1504,
2024-09-25 13:27:00+05:30,5412.45,5413.2,5410.9,5412.1,1057,
2024-09-25 13:28:00+05:30,5412.15,5412.15,5410,5412,854,
2024-09-25 13:29:00+05:30,5412,5418.3,5410.3,5417.55,2311,
2024-09-25 13:30:00+05:30,5417.55,5417.55,5411.15,5413.35,690,
2024-09-25 13:31:00+05:30,5414.95,5414.95,5413,5413.4,495,
2024-09-25 13:32:00+05:30,5413.4,5413.65,5411.15,5413.3,494,
2024-09-25 13:33:00+05:30,5413.95,5416.2,5411.15,5413.3,811,
2024-09-25 13:34:00+05:30,5413.3,5413.3,5411.2,5412,476,
2024-09-25 13:35:00+05:30,5412,5412.35,5408,5412.25,550,
2024-09-25 13:36:00+05:30,5412.2,5412.45,5411.7,5412.25,437,
2024-09-25 13:37:00+05:30,5412.35,5412.35,5411.9,5412.1,426,
2024-09-25 13:38:00+05:30,5412.25,5412.9,5410,5412.9,898,
2024-09-25 13:39:00+05:30,5412.9,5412.9,5410,5411.95,914,
2024-09-25 13:40:00+05:30,5411.9,5413.35,5410.5,5412.9,417,
2024-09-25 13:41:00+05:30,5412.9,5413.35,5410,5410,956,
2024-09-25 13:42:00+05:30,5410,5411.4,5408,5409.2,1442,
2024-09-25 13:43:00+05:30,5407,5409.6,5405,5406.5,637,
2024-09-25 13:44:00+05:30,5405.5,5410,5405,5410,510,
2024-09-25 13:45:00+05:30,5410,5410.85,5409,5410,408,
2024-09-25 13:46:00+05:30,5410,5410.85,5406.05,5409.8,675,
2024-09-25 13:47:00+05:30,5409.5,5412.45,5407.95,5409.05,786,
2024-09-25 13:48:00+05:30,5409.95,5410,5405.6,5410,685,
2024-09-25 13:49:00+05:30,5410,5411.65,5408,5410,1025,
2024-09-25 13:50:00+05:30,5410,5411.7,5409.2,5409.9,474,
2024-09-25 13:51:00+05:30,5409.9,5412.5,5409.65,5412.5,841,
2024-09-25 13:52:00+05:30,5411.85,5411.9,5406,5411.2,835,
2024-09-25 13:53:00+05:30,5410.05,5411.05,5404.55,5407.05,1947,
2024-09-25 13:54:00+05:30,5407.05,5407.05,5402.2,5403.05,1230,
2024-09-25 13:55:00+05:30,5403.05,5407.1,5403.05,5406.5,831,
2024-09-25 13:56:00+05:30,5406,5406.45,5402,5402,1368,
2024-09-25 13:57:00+05:30,5402,5403.35,5402,5402.05,1199,
2024-09-25 13:58:00+05:30,5402.05,5402.9,5400.5,5400.5,1028,
2024-09-25 13:59:00+05:30,5400.5,5403.15,5400.5,5402.35,660,
2024-09-25 14:00:00+05:30,5402.35,5404.8,5400.8,5402.25,805,
2024-09-25 14:01:00+05:30,5402.25,5403,5401.7,5402.3,591,
2024-09-25 14:02:00+05:30,5402.3,5403,5402.1,5402.45,747,
2024-09-25 14:03:00+05:30,5402.25,5411.3,5402.2,5409.65,2144,
2024-09-25 14:04:00+05:30,5409.65,5416.35,5407.6,5412.5,1044,
2024-09-25 14:05:00+05:30,5413.95,5414.85,5404.75,5407.35,3961,
2024-09-25 14:06:00+05:30,5409.05,5411.05,5405,5410,1746,
2024-09-25 14:07:00+05:30,5410,5410,5407.55,5408,625,
2024-09-25 14:08:00+05:30,5408,5408,5402.8,5405,1377,
2024-09-25 14:09:00+05:30,5404.9,5406,5403.15,5404.1,1244,
2024-09-25 14:10:00+05:30,5404.1,5405,5403.45,5404,901,
2024-09-25 14:11:00+05:30,5404,5405,5403.4,5405,1544,
2024-09-25 14:12:00+05:30,5405,5405.5,5403.5,5404,2396,
2024-09-25 14:13:00+05:30,5405.5,5412.5,5404.75,5412.5,528,
2024-09-25 14:14:00+05:30,5412.65,5415.7,5409.9,5414.95,736,
2024-09-25 14:15:00+05:30,5414.95,5416.2,5404.1,5404.55,3201,
2024-09-25 14:16:00+05:30,5404.55,5405,5403,5404.35,651,
2024-09-25 14:17:00+05:30,5404.35,5405,5403.05,5405,802,
2024-09-25 14:18:00+05:30,5405,5406,5404.55,5405,941,
2024-09-25 14:19:00+05:30,5405,5405.5,5402,5405,827,
2024-09-25 14:20:00+05:30,5405,5407,5403.1,5406,970,
2024-09-25 14:21:00+05:30,5406,5406,5403.6,5404.35,2295,
2024-09-25 14:22:00+05:30,5404.35,5405,5404.35,5404.85,486,
2024-09-25 14:23:00+05:30,5404.85,5407,5404.85,5407,411,
2024-09-25 14:24:00+05:30,5407,5407,5405,5405.95,571,
2024-09-25 14:25:00+05:30,5406,5406.7,5403.55,5405.55,644,
2024-09-25 14:26:00+05:30,5406.6,5406.65,5404.65,5406,555,
2024-09-25 14:27:00+05:30,5406,5406.5,5403.05,5405,516,
2024-09-25 14:28:00+05:30,5405,5405,5403.05,5405,385,
2024-09-25 14:29:00+05:30,5405,5406,5404,5405.6,460,
2024-09-25 14:30:00+05:30,5405.6,5406,5404.6,5404.6,575,
2024-09-25 14:31:00+05:30,5404.6,5405.8,5404.3,5405,903,
2024-09-25 14:32:00+05:30,5405,5405,5404,5404.55,1281,
2024-09-25 14:33:00+05:30,5404.55,5405,5401.95,5403.9,1689,
2024-09-25 14:34:00+05:30,5403.9,5404.9,5402.6,5403.6,620,
2024-09-25 14:35:00+05:30,5403.6,5403.85,5400,5402.85,1493,
2024-09-25 14:36:00+05:30,5402.85,5405,5402.55,5404.55,835,
2024-09-25 14:37:00+05:30,5404.8,5405,5402.05,5404.3,1243,
2024-09-25 14:38:00+05:30,5404.55,5405,5402.1,5404.95,935,
2024-09-25 14:39:00+05:30,5404.95,5405,5403.05,5403.05,1395,
2024-09-25 14:40:00+05:30,5403.05,5404.95,5400.5,5403,604,
2024-09-25 14:41:00+05:30,5403,5403.9,5403,5403.5,531,
2024-09-25 14:42:00+05:30,5403.5,5405,5403.2,5405,1226,
2024-09-25 14:43:00+05:30,5405,5405,5403.05,5405,2471,
2024-09-25 14:44:00+05:30,5405,5405.3,5403.2,5405.3,3537,
2024-09-25 14:45:00+05:30,5408.5,5410,5407.1,5409.3,1144,
2024-09-25 14:46:00+05:30,5408.7,5409.3,5403.55,5405,1515,
2024-09-25 14:47:00+05:30,5405,5405.2,5401.65,5405,2792,
2024-09-25 14:48:00+05:30,5404.95,5405,5401.2,5404.25,524,
2024-09-25 14:49:00+05:30,5403.25,5404.4,5401,5404.4,569,
2024-09-25 14:50:00+05:30,5403.9,5404.7,5400.15,5402.3,709,
2024-09-25 14:51:00+05:30,5401.3,5401.9,5395,5395.15,2542,
2024-09-25 14:52:00+05:30,5395.15,5398.95,5393,5396.55,1450,
2024-09-25 14:53:00+05:30,5396.55,5397.45,5393.95,5395.5,1050,
2024-09-25 14:54:00+05:30,5395.8,5395.85,5393.25,5395,526,
2024-09-25 14:55:00+05:30,5395,5398,5395,5398,562,
2024-09-25 14:56:00+05:30,5398,5400,5397.8,5400,948,
2024-09-25 14:57:00+05:30,5400,5400,5396.5,5398.5,689,
2024-09-25 14:58:00+05:30,5398.5,5400,5397,5398.9,853,
2024-09-25 14:59:00+05:30,5398.9,5400,5395.1,5398,1160,
2024-09-25 15:00:00+05:30,5398.05,5404,5397.1,5401.6,7241,
2024-09-25 15:01:00+05:30,5401.6,5404,5400,5404,1321,
2024-09-25 15:02:00+05:30,5404,5404,5398.65,5403.8,1352,
2024-09-25 15:03:00+05:30,5403.8,5404,5398.85,5401.25,1277,
2024-09-25 15:04:00+05:30,5401.65,5403.7,5401.25,5403.7,725,
2024-09-25 15:05:00+05:30,5403.7,5403.9,5401,5402.8,1008,
2024-09-25 15:06:00+05:30,5402.8,5403.5,5401.95,5403.5,1238,
2024-09-25 15:07:00+05:30,5403.5,5405,5402.4,5402.4,2322,
2024-09-25 15:08:00+05:30,5403.4,5405,5402.25,5404.2,1297,
2024-09-25 15:09:00+05:30,5404.6,5405,5401.65,5403.95,1699,
2024-09-25 15:10:00+05:30,5403.95,5404.65,5398.85,5398.9,744,
2024-09-25 15:11:00+05:30,5398.9,5401.4,5396.8,5399,1064,
2024-09-25 15:12:00+05:30,5399,5401.05,5396.95,5400,1461,
2024-09-25 15:13:00+05:30,5400,5402.65,5397.2,5399.7,1748,
2024-09-25 15:14:00+05:30,5399.8,5400,5392.95,5397.8,1671,
2024-09-25 15:15:00+05:30,5397.8,5399.85,5394.25,5398,1669,
2024-09-25 15:16:00+05:30,5398,5398.75,5391.95,5395.95,1722,
2024-09-25 15:17:00+05:30,5395.95,5398.45,5392.9,5396.05,1813,
2024-09-25 15:18:00+05:30,5393.6,5398.45,5393.6,5398.2,1845,
2024-09-25 15:19:00+05:30,5398.05,5400,5395.95,5400,1833,
2024-09-25 15:20:00+05:30,5400,5400,5390,5391.4,6528,
2024-09-25 15:21:00+05:30,5391.45,5391.5,5383.85,5386,2219,
2024-09-25 15:22:00+05:30,5385.9,5386.15,5383.85,5385.1,1486,
2024-09-25 15:23:00+05:30,5385.1,5385.15,5378.25,5378.6,1858,
2024-09-25 15:24:00+05:30,5378.75,5379.9,5377.2,5378.25,3060,
2024-09-25 15:25:00+05:30,5380.25,5380.25,5377.4,5377.45,2916,
2024-09-25 15:26:00+05:30,5377.45,5382.25,5376.85,5382.25,3409,
2024-09-25 15:27:00+05:30,5382.25,5389.2,5379.35,5388.8,2492,
2024-09-25 15:28:00+05:30,5388.95,5394.55,5380.05,5384.95,3496,
2024-09-25 15:29:00+05:30,5384.95,5390.45,5380.05,5381,532,
2024-09-26 09:15:00+05:30,5410,5418.6,5351.7,5390.75,6423,
2024-09-26 09:16:00+05:30,5391,5398.4,5386.65,5393.65,2609,
2024-09-26 09:17:00+05:30,5397.65,5407.15,5397.65,5407.15,2654,
2024-09-26 09:18:00+05:30,5407.4,5408.95,5400.1,5404.65,3835,
2024-09-26 09:19:00+05:30,5401.5,5410,5400.05,5401.8,2795,
2024-09-26 09:20:00+05:30,5403.35,5410.4,5401.8,5405.35,2496,
2024-09-26 09:21:00+05:30,5405.4,5405.45,5390,5391.9,2300,
2024-09-26 09:22:00+05:30,5391.9,5392.75,5385.1,5387.6,3509,
2024-09-26 09:23:00+05:30,5387.3,5388.9,5385.2,5388.7,1949,
2024-09-26 09:24:00+05:30,5388.7,5395,5387.9,5390.6,2078,
2024-09-26 09:25:00+05:30,5390.6,5393.45,5380,5387.75,2886,
2024-09-26 09:26:00+05:30,5389.4,5389.4,5384,5385.3,949,
2024-09-26 09:27:00+05:30,5385.3,5391,5385.15,5391,1277,
2024-09-26 09:28:00+05:30,5391,5394.9,5380.5,5383.45,2910,
2024-09-26 09:29:00+05:30,5382.35,5389.8,5382.35,5383.55,1260,
2024-09-26 09:30:00+05:30,5383.55,5389.85,5381.2,5389.85,861,
2024-09-26 09:31:00+05:30,5389.85,5390,5385.15,5386.8,919,
2024-09-26 09:32:00+05:30,5386.8,5390,5386.35,5389.95,3587,
2024-09-26 09:33:00+05:30,5389.95,5390,5386.3,5390,3004,
2024-09-26 09:34:00+05:30,5390,5390,5385.55,5390,1851,
2024-09-26 09:35:00+05:30,5390,5390,5389.2,5390,1183,
2024-09-26 09:36:00+05:30,5390,5390,5370.3,5373,2034,
2024-09-26 09:37:00+05:30,5373,5380,5371.85,5380,1249,
2024-09-26 09:38:00+05:30,5380,5386,5379,5383.2,3991,
2024-09-26 09:39:00+05:30,5383.2,5384.15,5379.7,5380.55,782,
2024-09-26 09:40:00+05:30,5380.55,5387.6,5379,5385,984,
2024-09-26 09:41:00+05:30,5385,5385,5380,5384.95,1529,
2024-09-26 09:42:00+05:30,5385,5388.2,5384.8,5386.2,5356,
2024-09-26 09:43:00+05:30,5385.75,5388.4,5376.25,5376.25,784,
2024-09-26 09:44:00+05:30,5376.25,5380,5376.25,5380,828,
2024-09-26 09:45:00+05:30,5380,5380,5375.35,5380,1173,
2024-09-26 09:46:00+05:30,5380,5380,5376,5376.3,693,
2024-09-26 09:47:00+05:30,5379.1,5380,5377.35,5380,716,
2024-09-26 09:48:00+05:30,5379.95,5380,5379.1,5379.75,521,
2024-09-26 09:49:00+05:30,5379.75,5380,5377,5378.3,3920,
2024-09-26 09:50:00+05:30,5378.3,5378.3,5373.1,5374.55,1952,
2024-09-26 09:51:00+05:30,5374.55,5380,5374.55,5377.4,7129,
2024-09-26 09:52:00+05:30,5377.4,5378.7,5372.2,5375.95,1297,
2024-09-26 09:53:00+05:30,5375.95,5378.5,5374.85,5377.8,459,
2024-09-26 09:54:00+05:30,5378.25,5379.7,5375,5375.75,498,
2024-09-26 09:55:00+05:30,5375.75,5379.7,5375,5378.7,776,
2024-09-26 09:56:00+05:30,5378.7,5380.5,5377.35,5379.65,1001,
2024-09-26 09:57:00+05:30,5379.65,5381.65,5377.35,5381.65,564,
2024-09-26 09:58:00+05:30,5379.7,5385,5379.7,5383.45,1568,
2024-09-26 09:59:00+05:30,5383.45,5384.85,5380.05,5380.05,916,
2024-09-26 10:00:00+05:30,5380.05,5380.05,5373.85,5374.4,2129,
2024-09-26 10:01:00+05:30,5374.4,5377.4,5369.7,5374.35,1853,
2024-09-26 10:02:00+05:30,5374.35,5376.15,5369.95,5369.95,2716,
2024-09-26 10:03:00+05:30,5369.95,5372.15,5368,5371.1,817,
2024-09-26 10:04:00+05:30,5371.1,5372.05,5366.6,5366.6,854,
2024-09-26 10:05:00+05:30,5366.6,5370.7,5366.45,5370.65,1034,
2024-09-26 10:06:00+05:30,5370.65,5375,5369,5370,861,
2024-09-26 10:07:00+05:30,5373.25,5373.25,5366.45,5368.7,1158,
2024-09-26 10:08:00+05:30,5368.65,5368.7,5363.35,5364.5,798,
2024-09-26 10:09:00+05:30,5364.5,5370,5364.5,5369.05,603,
2024-09-26 10:10:00+05:30,5369.05,5370,5361.45,5361.75,728,
2024-09-26 10:11:00+05:30,5361.75,5366.7,5361.7,5364.25,456,
2024-09-26 10:12:00+05:30,5364.3,5364.3,5360,5362,1224,
2024-09-26 10:13:00+05:30,5360.45,5363.45,5360.45,5361.75,498,
2024-09-26 10:14:00+05:30,5361.4,5362.95,5358.6,5361.15,770,
2024-09-26 10:15:00+05:30,5361.15,5364.7,5360.45,5360.85,666,
2024-09-26 10:16:00+05:30,5360.85,5364.55,5360.8,5363,603,
2024-09-26 10:17:00+05:30,5362.7,5366.05,5362.7,5366.05,641,
2024-09-26 10:18:00+05:30,5364.35,5365,5363.6,5364.2,653,
2024-09-26 10:19:00+05:30,5364.15,5364.4,5361.05,5363.65,517,
2024-09-26 10:20:00+05:30,5363.65,5363.65,5356.75,5358,1362,
2024-09-26 10:21:00+05:30,5358,5360.3,5358,5360.3,597,
2024-09-26 10:22:00+05:30,5360.3,5360.3,5346.4,5348,2880,
2024-09-26 10:23:00+05:30,5347.2,5350.85,5346.9,5349.95,594,
2024-09-26 10:24:00+05:30,5349.9,5352.35,5345.6,5348.8,1582,
2024-09-26 10:25:00+05:30,5347.1,5356.7,5347.1,5351.6,5129,
2024-09-26 10:26:00+05:30,5351.55,5351.85,5348.8,5350.05,683,
2024-09-26 10:27:00+05:30,5351.4,5352.8,5349.15,5352.8,531,
2024-09-26 10:28:00+05:30,5352.8,5353.7,5346.1,5349.65,734,
2024-09-26 10:29:00+05:30,5349.65,5350,5347.35,5349.15,501,
2024-09-26 10:30:00+05:30,5348.65,5350,5344,5347.65,1149,
2024-09-26 10:31:00+05:30,5347.65,5351.45,5347.55,5348,749,
2024-09-26 10:32:00+05:30,5347.5,5348.65,5344,5345,893,
2024-09-26 10:33:00+05:30,5342.1,5347.65,5342.1,5346.55,733,
2024-09-26 10:34:00+05:30,5347.4,5347.65,5336,5336,1678,
2024-09-26 10:35:00+05:30,5339.35,5341.7,5336.95,5337.15,1029,
2024-09-26 10:36:00+05:30,5337.75,5340,5335.05,5339,983,
2024-09-26 10:37:00+05:30,5337.5,5339,5335.65,5337.35,1269,
2024-09-26 10:38:00+05:30,5337.35,5337.35,5330.6,5331.65,1554,
2024-09-26 10:39:00+05:30,5331.65,5338.85,5331.65,5337.95,1523,
2024-09-26 10:40:00+05:30,5337.95,5338.9,5335.2,5337.5,853,
2024-09-26 10:41:00+05:30,5337.5,5338,5336.45,5337.9,728,
2024-09-26 10:42:00+05:30,5337.9,5343,5337.9,5342,1287,
2024-09-26 10:43:00+05:30,5342,5344.15,5338.95,5342.4,1239,
2024-09-26 10:44:00+05:30,5342.4,5345.6,5341,5342.5,920,
2024-09-26 10:45:00+05:30,5342.5,5342.5,5337.55,5338.35,837,
2024-09-26 10:46:00+05:30,5338.35,5340.5,5337.15,5340.5,1029,
2024-09-26 10:47:00+05:30,5338.7,5340.35,5334.3,5339,1895,
2024-09-26 10:48:00+05:30,5340,5345.95,5339,5345.45,2156,
2024-09-26 10:49:00+05:30,5343.15,5351.1,5343.15,5351.1,3051,
2024-09-26 10:50:00+05:30,5351.1,5351.1,5346.55,5346.55,765,
2024-09-26 10:51:00+05:30,5346.55,5349.1,5346.55,5347.25,798,
2024-09-26 10:52:00+05:30,5347.25,5347.25,5343.5,5344.6,420,
2024-09-26 10:53:00+05:30,5343.75,5345.5,5341.7,5343.55,425,
2024-09-26 10:54:00+05:30,5343.55,5344,5341.7,5343.95,573,
2024-09-26 10:55:00+05:30,5343.95,5348.4,5343.9,5347.5,448,
2024-09-26 10:56:00+05:30,5347.5,5347.5,5340.7,5340.8,787,
2024-09-26 10:57:00+05:30,5340.8,5341.95,5338.2,5340.8,1080,
2024-09-26 10:58:00+05:30,5340.8,5342.95,5338.2,5341,894,
2024-09-26 10:59:00+05:30,5341,5342.5,5340.95,5341.2,800,
2024-09-26 11:00:00+05:30,5341.2,5344.3,5341,5341.8,639,
2024-09-26 11:01:00+05:30,5341.8,5341.8,5338.85,5339.6,588,
2024-09-26 11:02:00+05:30,5339.6,5343,5339.6,5343,343,
2024-09-26 11:03:00+05:30,5343,5347.4,5341.3,5342.95,891,
2024-09-26 11:04:00+05:30,5345.2,5345.2,5343.45,5345.15,791,
2024-09-26 11:05:00+05:30,5345.15,5345.2,5345.1,5345.2,464,
2024-09-26 11:06:00+05:30,5345.2,5345.2,5345.15,5345.2,1066,
2024-09-26 11:07:00+05:30,5345.2,5346.2,5342.4,5346.2,1052,
2024-09-26 11:08:00+05:30,5346.2,5349.55,5345.2,5346.2,565,
2024-09-26 11:09:00+05:30,5347.3,5347.3,5343.25,5343.3,530,
2024-09-26 11:10:00+05:30,5342.15,5346,5341.85,5345.95,616,
2024-09-26 11:11:00+05:30,5345.95,5346.4,5341.8,5346.05,540,
2024-09-26 11:12:00+05:30,5346.05,5348.25,5346.05,5348.25,322,
2024-09-26 11:13:00+05:30,5348.25,5348.25,5346.2,5347.7,595,
2024-09-26 11:14:00+05:30,5347.7,5349.55,5342.7,5345.05,1795,
2024-09-26 11:15:00+05:30,5345.05,5348,5341.3,5345.8,1209,
2024-09-26 11:16:00+05:30,5345.8,5347.45,5341,5341,1103,
2024-09-26 11:17:00+05:30,5341,5346.75,5340,5342.4,1185,
2024-09-26 11:18:00+05:30,5340.3,5343.25,5340,5340,955,
2024-09-26 11:19:00+05:30,5340,5342.8,5338.2,5341,683,
2024-09-26 11:20:00+05:30,5341,5341.6,5336,5338.15,859,
2024-09-26 11:21:00+05:30,5338.15,5342.1,5338.05,5341.2,484,
2024-09-26 11:22:00+05:30,5341.2,5342.95,5336.8,5338.3,1224,
2024-09-26 11:23:00+05:30,5338.3,5339.55,5336.9,5338.6,336,
2024-09-26 11:24:00+05:30,5338.6,5339.2,5337.6,5338.25,561,
2024-09-26 11:25:00+05:30,5338.25,5338.3,5338,5338.2,311,
2024-09-26 11:26:00+05:30,5338.2,5338.25,5335.55,5336.45,725,
2024-09-26 11:27:00+05:30,5336.45,5336.55,5335.5,5335.5,431,
2024-09-26 11:28:00+05:30,5335.5,5336.25,5329.1,5331.7,1167,
2024-09-26 11:29:00+05:30,5331.7,5333.85,5327.75,5332.85,1266,
2024-09-26 11:30:00+05:30,5332.85,5333,5327.65,5330.95,824,
2024-09-26 11:31:00+05:30,5330.9,5330.9,5328,5329.65,807,
2024-09-26 11:32:00+05:30,5329.65,5331.55,5327.95,5329.7,966,
2024-09-26 11:33:00+05:30,5329.55,5329.65,5326.2,5326.2,719,
2024-09-26 11:34:00+05:30,5326.2,5327.95,5323.9,5326.8,1163,
2024-09-26 11:35:00+05:30,5326.5,5327,5323.3,5326.35,1173,
2024-09-26 11:36:00+05:30,5324.1,5326.1,5321,5322.35,1104,
2024-09-26 11:37:00+05:30,5322.35,5325,5321.35,5323.9,1265,
2024-09-26 11:38:00+05:30,5323.9,5332.7,5323.1,5330.3,1512,
2024-09-26 11:39:00+05:30,5330.1,5330.1,5326.55,5327.35,823,
2024-09-26 11:40:00+05:30,5327.35,5328.95,5326.35,5328,386,
2024-09-26 11:41:00+05:30,5328,5328.7,5325.15,5326,578,
2024-09-26 11:42:00+05:30,5326,5326,5323.25,5323.25,526,
2024-09-26 11:43:00+05:30,5323.25,5327.4,5323.2,5326.75,306,
2024-09-26 11:44:00+05:30,5326.4,5328.35,5325.25,5327.75,773,
2024-09-26 11:45:00+05:30,5327.75,5330,5327.7,5329.4,697,
2024-09-26 11:46:00+05:30,5329.45,5329.9,5325.85,5329.9,611,
2024-09-26 11:47:00+05:30,5329.85,5330.45,5329.85,5330.4,420,
2024-09-26 11:48:00+05:30,5330.4,5331.95,5326.95,5327.6,873,
2024-09-26 11:49:00+05:30,5327.6,5330.4,5325.6,5330,462,
2024-09-26 11:50:00+05:30,5330,5332.9,5329.35,5330.8,1392,
2024-09-26 11:51:00+05:30,5330.8,5332.9,5329,5331.35,939,
2024-09-26 11:52:00+05:30,5331.35,5332.9,5327.75,5332.85,1338,
2024-09-26 11:53:00+05:30,5332.9,5332.9,5328.9,5332.5,771,
2024-09-26 11:54:00+05:30,5332.5,5334.5,5324.25,5330.05,3026,
2024-09-26 11:55:00+05:30,5330.05,5330.05,5325.75,5327.9,900,
2024-09-26 11:56:00+05:30,5327.9,5330.85,5323.65,5326,2376,
2024-09-26 11:57:00+05:30,5326,5331.05,5321.05,5329.55,1477,
2024-09-26 11:58:00+05:30,5329.55,5330.85,5324.4,5329.6,2018,
2024-09-26 11:59:00+05:30,5329.6,5330.3,5326.05,5328.65,1423,
2024-09-26 12:00:00+05:30,5328.65,5330.05,5328.6,5329.6,809,
2024-09-26 12:01:00+05:30,5329.6,5331.3,5329.5,5329.6,949,
2024-09-26 12:02:00+05:30,5329.6,5329.65,5326.6,5327.85,609,
2024-09-26 12:03:00+05:30,5327.85,5327.85,5326.6,5327.45,277,
2024-09-26 12:04:00+05:30,5327.45,5328.95,5325.45,5325.95,596,
2024-09-26 12:05:00+05:30,5325.7,5325.95,5322.55,5322.7,343,
2024-09-26 12:06:00+05:30,5322.7,5324.25,5315.5,5315.5,1863,
2024-09-26 12:07:00+05:30,5315.05,5318.8,5314.95,5315.4,1295,
2024-09-26 12:08:00+05:30,5315.25,5316.55,5312.4,5316.55,1313,
2024-09-26 12:09:00+05:30,5316.55,5318,5315,5317.9,328,
2024-09-26 12:10:00+05:30,5317.9,5317.9,5309.55,5310.35,1582,
2024-09-26 12:11:00+05:30,5310.35,5312.45,5310.05,5310.05,722,
2024-09-26 12:12:00+05:30,5310.05,5312.4,5310,5311.2,507,
2024-09-26 12:13:00+05:30,5311.2,5311.35,5309.1,5309.1,568,
2024-09-26 12:14:00+05:30,5310.9,5310.9,5306,5306,1471,
2024-09-26 12:15:00+05:30,5306,5308.9,5303.55,5308.9,1482,
2024-09-26 12:16:00+05:30,5308.6,5309.5,5304,5305.25,1359,
2024-09-26 12:17:00+05:30,5306,5306.4,5304.1,5305,447,
2024-09-26 12:18:00+05:30,5305,5310.5,5304.2,5307.85,1203,
2024-09-26 12:19:00+05:30,5307.85,5312.65,5307.45,5309.7,695,
2024-09-26 12:20:00+05:30,5308.6,5311.6,5306.2,5311.6,747,
2024-09-26 12:21:00+05:30,5311.4,5313.4,5304.1,5305.3,1627,
2024-09-26 12:22:00+05:30,5305.3,5306.45,5301.7,5304.35,779,
2024-09-26 12:23:00+05:30,5304.35,5309,5302.8,5308,882,
2024-09-26 12:24:00+05:30,5308,5312.4,5308,5310.95,475,
2024-09-26 12:25:00+05:30,5310.95,5313.7,5310,5313.05,382,
2024-09-26 12:26:00+05:30,5314.2,5317,5310.75,5313.1,913,
2024-09-26 12:27:00+05:30,5313.1,5318,5313.1,5318,570,
2024-09-26 12:28:00+05:30,5318,5319.95,5317.85,5319,648,
2024-09-26 12:29:00+05:30,5319,5320,5319,5319.9,872,
2024-09-26 12:30:00+05:30,5319.9,5320,5319.8,5319.85,833,
2024-09-26 12:31:00+05:30,5319.85,5321.6,5319.5,5321.55,460,
2024-09-26 12:32:00+05:30,5321.55,5325,5319,5322.8,1616,
2024-09-26 12:33:00+05:30,5321.55,5323.75,5321,5321,560,
2024-09-26 12:34:00+05:30,5321,5323.1,5321,5322.95,425,
2024-09-26 12:35:00+05:30,5322.9,5328,5322.9,5327.35,959,
2024-09-26 12:36:00+05:30,5327.35,5327.8,5323.85,5324.1,1921,
2024-09-26 12:37:00+05:30,5324.1,5329,5324.1,5328.6,879,
2024-09-26 12:38:00+05:30,5328,5330,5322.5,5323,4260,
2024-09-26 12:39:00+05:30,5323,5324.85,5318,5322.95,1799,
2024-09-26 12:40:00+05:30,5322.95,5324.75,5320.1,5320.5,738,
2024-09-26 12:41:00+05:30,5320.5,5321.5,5318.95,5321.4,707,
2024-09-26 12:42:00+05:30,5321.4,5321.4,5318.55,5318.55,889,
2024-09-26 12:43:00+05:30,5318.55,5319.6,5316.2,5318.7,502,
2024-09-26 12:44:00+05:30,5318.7,5319.9,5318.55,5319.25,670,
2024-09-26 12:45:00+05:30,5319.25,5320,5318.55,5319.1,599,
2024-09-26 12:46:00+05:30,5319.05,5320,5319.05,5319.95,692,
2024-09-26 12:47:00+05:30,5319.95,5320,5319.9,5319.95,532,
2024-09-26 12:48:00+05:30,5319.95,5320,5319.9,5319.95,899,
2024-09-26 12:49:00+05:30,5319.95,5322.35,5319.95,5322,2648,
2024-09-26 12:50:00+05:30,5323.8,5323.8,5317.55,5318.8,1062,
2024-09-26 12:51:00+05:30,5318.8,5320.75,5318.35,5319.95,578,
2024-09-26 12:52:00+05:30,5319.95,5324.85,5319.3,5324,754,
2024-09-26 12:53:00+05:30,5324,5325.95,5322,5322,708,
2024-09-26 12:54:00+05:30,5322,5326.55,5322,5326.55,504,
2024-09-26 12:55:00+05:30,5326.55,5328.8,5325.95,5327.3,713,
2024-09-26 12:56:00+05:30,5327.3,5329.75,5325.35,5328.15,1103,
2024-09-26 12:57:00+05:30,5328.15,5330,5327,5328.95,403,
2024-09-26 12:58:00+05:30,5329.8,5329.8,5321.6,5321.9,750,
2024-09-26 12:59:00+05:30,5321.85,5323.9,5321.05,5323.75,382,
2024-09-26 13:00:00+05:30,5323.8,5323.8,5323.7,5323.8,236,
2024-09-26 13:01:00+05:30,5323.8,5323.8,5321.85,5323.7,427,
2024-09-26 13:02:00+05:30,5323.75,5323.75,5321.5,5322.4,483,
2024-09-26 13:03:00+05:30,5322.35,5322.8,5322.2,5322.65,253,
2024-09-26 13:04:00+05:30,5322.65,5322.7,5322.3,5322.4,433,
2024-09-26 13:05:00+05:30,5322.4,5323.7,5316.8,5320.05,3200,
2024-09-26 13:06:00+05:30,5320,5320.05,5316.95,5317.2,1239,
2024-09-26 13:07:00+05:30,5317.2,5317.2,5311.95,5311.95,1319,
2024-09-26 13:08:00+05:30,5311.55,5314.95,5309.6,5311.85,1721,
2024-09-26 13:09:00+05:30,5311.7,5312.55,5307.45,5309,1113,
2024-09-26 13:10:00+05:30,5309,5309.95,5302.1,5307.1,1496,
2024-09-26 13:11:00+05:30,5307.15,5309.75,5305,5308,2938,
2024-09-26 13:12:00+05:30,5308,5308,5305.5,5306.8,734,
2024-09-26 13:13:00+05:30,5306.85,5311.45,5306.85,5310.8,676,
2024-09-26 13:14:00+05:30,5310.1,5314.15,5310.1,5313,566,
2024-09-26 13:15:00+05:30,5313,5314.65,5312.45,5312.6,575,
2024-09-26 13:16:00+05:30,5312.55,5312.6,5312.4,5312.4,335,
2024-09-26 13:17:00+05:30,5312.5,5314.3,5310.55,5311,492,
2024-09-26 13:18:00+05:30,5311,5313.75,5311,5313.25,329,
2024-09-26 13:19:00+05:30,5313.25,5314.55,5312.1,5313.15,479,
2024-09-26 13:20:00+05:30,5312.1,5313.2,5312.1,5313,319,
2024-09-26 13:21:00+05:30,5313,5313,5312.6,5312.85,417,
2024-09-26 13:22:00+05:30,5312.9,5313,5306.15,5306.15,709,
2024-09-26 13:23:00+05:30,5306.75,5310,5306.2,5309.4,411,
2024-09-26 13:24:00+05:30,5308.45,5309.45,5306.4,5308.65,663,
2024-09-26 13:25:00+05:30,5308.7,5310.85,5307.45,5310.65,284,
2024-09-26 13:26:00+05:30,5310.85,5310.85,5303.1,5307.8,1383,
2024-09-26 13:27:00+05:30,5307.8,5308.9,5305.55,5307.45,697,
2024-09-26 13:28:00+05:30,5307.45,5310.5,5306.15,5306.7,537,
2024-09-26 13:29:00+05:30,5307.4,5307.85,5306.7,5306.95,503,
2024-09-26 13:30:00+05:30,5306.95,5308.4,5306.4,5306.4,315,
2024-09-26 13:31:00+05:30,5306.4,5308.45,5303,5303.95,809,
2024-09-26 13:32:00+05:30,5297.9,5302.4,5295.2,5301.25,3129,
2024-09-26 13:33:00+05:30,5301.25,5305,5299.05,5304.95,929,
2024-09-26 13:34:00+05:30,5304.95,5306.95,5301.5,5303.85,910,
2024-09-26 13:35:00+05:30,5303.85,5307.45,5303.1,5305.65,1131,
2024-09-26 13:36:00+05:30,5305.65,5306.5,5305,5305.2,666,
2024-09-26 13:37:00+05:30,5305.85,5309.45,5305.2,5308.2,745,
2024-09-26 13:38:00+05:30,5308.2,5308.45,5301,5302.15,1245,
2024-09-26 13:39:00+05:30,5302.15,5303.95,5301,5301.4,821,
2024-09-26 13:40:00+05:30,5301.4,5303.5,5298,5302.75,2672,
2024-09-26 13:41:00+05:30,5302.75,5304.3,5298.35,5300.4,1467,
2024-09-26 13:42:00+05:30,5300.4,5302.3,5292.25,5297.45,2843,
2024-09-26 13:43:00+05:30,5297.9,5300.85,5295.7,5299.45,877,
2024-09-26 13:44:00+05:30,5299.75,5302.35,5295,5297.8,1249,
2024-09-26 13:45:00+05:30,5298.55,5300.8,5297.8,5298.45,1689,
2024-09-26 13:46:00+05:30,5298.8,5302.1,5298.3,5300.4,855,
2024-09-26 13:47:00+05:30,5300.4,5302.2,5298,5300.5,853,
2024-09-26 13:48:00+05:30,5300.5,5306.2,5300.5,5304.75,2144,
2024-09-26 13:49:00+05:30,5304.7,5309.8,5304.7,5308.45,1347,
2024-09-26 13:50:00+05:30,5308.45,5309.95,5299.85,5305.95,1399,
2024-09-26 13:51:00+05:30,5305.95,5307,5303.95,5305.6,475,
2024-09-26 13:52:00+05:30,5305.6,5306.95,5301.75,5303.65,1852,
2024-09-26 13:53:00+05:30,5303.1,5306.25,5301.75,5305.45,1054,
2024-09-26 13:54:00+05:30,5305.45,5308.4,5305.05,5305.95,812,
2024-09-26 13:55:00+05:30,5305.95,5309.6,5305.6,5308.4,1175,
2024-09-26 13:56:00+05:30,5308.4,5309.45,5304.4,5305.2,597,
2024-09-26 13:57:00+05:30,5306.4,5309,5305.2,5308.9,1323,
2024-09-26 13:58:00+05:30,5308.9,5309.9,5306.55,5306.55,578,
2024-09-26 13:59:00+05:30,5306.3,5309.45,5306.3,5309.45,523,
2024-09-26 14:00:00+05:30,5308.15,5311.45,5308.15,5311.45,695,
2024-09-26 14:01:00+05:30,5311.45,5312.7,5308.2,5311.15,2591,
2024-09-26 14:02:00+05:30,5310.25,5311.95,5307.1,5311.65,717,
2024-09-26 14:03:00+05:30,5309.9,5315.95,5309.9,5314.35,1476,
2024-09-26 14:04:00+05:30,5316.3,5320,5314.35,5319.4,991,
2024-09-26 14:05:00+05:30,5319.4,5321.95,5315.5,5318.75,1097,
2024-09-26 14:06:00+05:30,5318.75,5321.95,5316.35,5321.95,1034,
2024-09-26 14:07:00+05:30,5321.95,5321.95,5313.7,5315,608,
2024-09-26 14:08:00+05:30,5315,5318.8,5311.5,5316.45,1128,
2024-09-26 14:09:00+05:30,5316.4,5317.65,5304.05,5313.25,2346,
2024-09-26 14:10:00+05:30,5315.6,5320.4,5313.3,5317.6,1105,
2024-09-26 14:11:00+05:30,5317.6,5320.95,5317.6,5319.15,792,
2024-09-26 14:12:00+05:30,5319.15,5321,5316.9,5320.5,1229,
2024-09-26 14:13:00+05:30,5320.5,5327.15,5319.35,5324.9,3361,
2024-09-26 14:14:00+05:30,5325.15,5328,5323,5325.75,1215,
2024-09-26 14:15:00+05:30,5326.4,5332.8,5325.6,5326.25,2167,
2024-09-26 14:16:00+05:30,5326.25,5329.45,5324.05,5329,968,
2024-09-26 14:17:00+05:30,5329,5329,5325,5327.95,914,
2024-09-26 14:18:00+05:30,5327.95,5330,5326,5327.7,671,
2024-09-26 14:19:00+05:30,5327.7,5330,5326.85,5327.7,787,
2024-09-26 14:20:00+05:30,5327.7,5333.95,5325.95,5331.8,4316,
2024-09-26 14:21:00+05:30,5328.15,5332.75,5322.05,5322.85,5482,
2024-09-26 14:22:00+05:30,5322.9,5329.1,5322.9,5327.75,831,
2024-09-26 14:23:00+05:30,5327.75,5329.5,5326,5328.4,1278,
2024-09-26 14:24:00+05:30,5328.4,5329,5325.2,5327.05,876,
2024-09-26 14:25:00+05:30,5327.05,5329.4,5327.05,5328.85,678,
2024-09-26 14:26:00+05:30,5328.85,5331.75,5328.55,5328.6,828,
2024-09-26 14:27:00+05:30,5328.75,5330.55,5324.85,5329,1494,
2024-09-26 14:28:00+05:30,5329,5331.7,5328.95,5331.65,608,
2024-09-26 14:29:00+05:30,5330.15,5338.95,5329,5335.45,4887,
2024-09-26 14:30:00+05:30,5335.45,5339,5333,5333.65,3148,
2024-09-26 14:31:00+05:30,5333.65,5336.5,5327.5,5330,2182,
2024-09-26 14:32:00+05:30,5330,5331.8,5330,5331.8,716,
2024-09-26 14:33:00+05:30,5331.8,5337.95,5330,5333.8,1919,
2024-09-26 14:34:00+05:30,5333.8,5340.95,5333.8,5338.75,2416,
2024-09-26 14:35:00+05:30,5338.75,5342.1,5337.3,5338.4,3269,
2024-09-26 14:36:00+05:30,5338.4,5344.15,5338.35,5343.6,3273,
2024-09-26 14:37:00+05:30,5342.75,5346.5,5341.85,5344.15,2163,
2024-09-26 14:38:00+05:30,5344.15,5346.4,5340.7,5344.4,1913,
2024-09-26 14:39:00+05:30,5343.4,5344,5340,5343.35,2240,
2024-09-26 14:40:00+05:30,5343.35,5345.45,5339.8,5345,2004,
2024-09-26 14:41:00+05:30,5345,5345.65,5340.35,5342.85,2707,
2024-09-26 14:42:00+05:30,5342.85,5346.25,5339.7,5342.9,3301,
2024-09-26 14:43:00+05:30,5345.25,5349.8,5342.9,5349.35,1493,
2024-09-26 14:44:00+05:30,5349.9,5357.95,5347.7,5354.45,3383,
2024-09-26 14:45:00+05:30,5354.45,5357.7,5351.35,5356.25,5599,
2024-09-26 14:46:00+05:30,5355.85,5363,5355.05,5363,3540,
2024-09-26 14:47:00+05:30,5363,5366,5360.15,5363.8,2179,
2024-09-26 14:48:00+05:30,5363.8,5364.95,5359.6,5362.1,1387,
2024-09-26 14:49:00+05:30,5359.85,5362.75,5357.3,5361.3,2075,
2024-09-26 14:50:00+05:30,5361.3,5362.1,5355.05,5356.85,3481,
2024-09-26 14:51:00+05:30,5356.85,5365.95,5356.85,5364.4,2864,
2024-09-26 14:52:00+05:30,5364.6,5368.85,5362.55,5362.55,2281,
2024-09-26 14:53:00+05:30,5362.55,5367.65,5359.8,5364.25,2894,
2024-09-26 14:54:00+05:30,5363.05,5370,5363.05,5369.95,1872,
2024-09-26 14:55:00+05:30,5369.95,5374.5,5365.25,5371.1,2261,
2024-09-26 14:56:00+05:30,5371.1,5374.95,5371.1,5373.2,5816,
2024-09-26 14:57:00+05:30,5373.2,5378.95,5372.4,5377.5,2394,
2024-09-26 14:58:00+05:30,5377.5,5384.95,5376.5,5384.15,2267,
2024-09-26 14:59:00+05:30,5385,5385,5377.95,5382.1,2296,
2024-09-26 15:00:00+05:30,5382.45,5385,5371.3,5374.4,3200,
2024-09-26 15:01:00+05:30,5374.65,5377.95,5371.15,5376.65,2699,
2024-09-26 15:02:00+05:30,5379.15,5386,5376.5,5384.55,3508,
2024-09-26 15:03:00+05:30,5384.55,5387.8,5384.55,5387.75,1862,
2024-09-26 15:04:00+05:30,5387.75,5388.8,5382.2,5383.9,2614,
2024-09-26 15:05:00+05:30,5381.4,5386.4,5377.65,5383.5,3314,
2024-09-26 15:06:00+05:30,5383.2,5384.6,5379,5383.45,5582,
2024-09-26 15:07:00+05:30,5383.2,5384.95,5377.1,5384.5,3797,
2024-09-26 15:08:00+05:30,5384.8,5384.8,5376.3,5378.95,3750,
2024-09-26 15:09:00+05:30,5377.4,5380.45,5376,5376,3656,
2024-09-26 15:10:00+05:30,5376,5377.45,5366.65,5370.9,4297,
2024-09-26 15:11:00+05:30,5371,5371.45,5365,5367.65,3748,
2024-09-26 15:12:00+05:30,5370.9,5375.65,5366.55,5368.35,4897,
2024-09-26 15:13:00+05:30,5368.8,5376.4,5368.15,5371.5,2781,
2024-09-26 15:14:00+05:30,5372.75,5381.7,5371.35,5381.7,2499,
2024-09-26 15:15:00+05:30,5378.75,5384.2,5372.1,5380.1,5091,
2024-09-26 15:16:00+05:30,5384,5385,5379.5,5384.15,3084,
2024-09-26 15:17:00+05:30,5382.8,5385,5380.05,5380.65,4385,
2024-09-26 15:18:00+05:30,5380.65,5384.75,5379.5,5382.85,3108,
2024-09-26 15:19:00+05:30,5382.85,5385.6,5381.15,5382.35,3234,
2024-09-26 15:20:00+05:30,5382.35,5384.95,5378.05,5380.4,4479,
2024-09-26 15:21:00+05:30,5380.4,5382.85,5378.75,5379.1,2637,
2024-09-26 15:22:00+05:30,5379.1,5385,5379.1,5380.55,2541,
2024-09-26 15:23:00+05:30,5380.55,5381.85,5377.55,5379.45,1758,
2024-09-26 15:24:00+05:30,5379.45,5385.1,5376.75,5384.15,3203,
2024-09-26 15:25:00+05:30,5384.15,5385,5377.3,5383.8,2639,
2024-09-26 15:26:00+05:30,5383.8,5384.8,5374.85,5377.4,1287,
2024-09-26 15:27:00+05:30,5380.8,5386.95,5378.6,5384.05,2436,
2024-09-26 15:28:00+05:30,5384.9,5385,5375.8,5377.25,1351,
2024-09-26 15:29:00+05:30,5377.25,5385,5365,5365,1309,
2024-09-27 09:15:00+05:30,5371.7,5378.95,5332.2,5348.4,6576,
2024-09-27 09:16:00+05:30,5350.55,5350.55,5341,5341.9,2822,
2024-09-27 09:17:00+05:30,5344.15,5355.75,5342,5350,3060,
2024-09-27 09:18:00+05:30,5350,5368.9,5350,5361.35,3127,
2024-09-27 09:19:00+05:30,5362.15,5373,5360.1,5369.7,2075,
2024-09-27 09:20:00+05:30,5369.7,5371.2,5355.05,5355.4,3338,
2024-09-27 09:21:00+05:30,5355,5360.2,5355,5359.25,1590,
2024-09-27 09:22:00+05:30,5358.65,5360.2,5355,5355,1623,
2024-09-27 09:23:00+05:30,5355,5355.4,5347.55,5347.55,2032,
2024-09-27 09:24:00+05:30,5347.55,5351.5,5340.9,5340.9,3851,
2024-09-27 09:25:00+05:30,5340.9,5345.55,5338.95,5338.95,2764,
2024-09-27 09:26:00+05:30,5337.5,5346.35,5337,5342.1,3714,
2024-09-27 09:27:00+05:30,5342.1,5342.75,5338,5340.35,1732,
2024-09-27 09:28:00+05:30,5340.35,5340.7,5331.3,5334.05,2647,
2024-09-27 09:29:00+05:30,5334.05,5336.35,5328.8,5334.9,1993,
2024-09-27 09:30:00+05:30,5334.9,5338.6,5327.3,5328.15,3911,
2024-09-27 09:31:00+05:30,5326.25,5332.15,5321.6,5321.6,4257,
2024-09-27 09:32:00+05:30,5322.05,5327.35,5320,5323.35,6539,
2024-09-27 09:33:00+05:30,5323.35,5330.55,5315.65,5323.7,3727,
2024-09-27 09:34:00+05:30,5325.95,5332.55,5324.8,5329,2487,
2024-09-27 09:35:00+05:30,5329,5339.15,5329,5332.05,2578,
2024-09-27 09:36:00+05:30,5332.05,5344.3,5330.25,5338.25,5630,
2024-09-27 09:37:00+05:30,5338.25,5345.2,5337.5,5341.1,3430,
2024-09-27 09:38:00+05:30,5340.95,5344.9,5340.95,5342.55,3367,
2024-09-27 09:39:00+05:30,5340.85,5349.25,5340,5341.05,6520,
2024-09-27 09:40:00+05:30,5341.2,5347.9,5341.2,5345.65,2048,
2024-09-27 09:41:00+05:30,5345.65,5353.65,5345.65,5353.65,3127,
2024-09-27 09:42:00+05:30,5351.85,5357.7,5350.45,5352.95,4217,
2024-09-27 09:43:00+05:30,5352.95,5355.35,5343.3,5347.2,4397,
2024-09-27 09:44:00+05:30,5347.2,5349.8,5345.25,5345.35,1834,
2024-09-27 09:45:00+05:30,5345.35,5349.95,5345.35,5348.15,4176,
2024-09-27 09:46:00+05:30,5348.15,5355.25,5348.15,5353.15,5606,
2024-09-27 09:47:00+05:30,5352.9,5359.45,5352.9,5359.45,3047,
2024-09-27 09:48:00+05:30,5359.45,5368.7,5358.3,5366.1,8621,
2024-09-27 09:49:00+05:30,5366.2,5368,5358.2,5361.4,4970,
2024-09-27 09:50:00+05:30,5361.4,5361.95,5353.85,5355.1,2286,
2024-09-27 09:51:00+05:30,5355.1,5355.1,5350.05,5353.15,3211,
2024-09-27 09:52:00+05:30,5353.15,5357.95,5348.7,5348.7,1949,
2024-09-27 09:53:00+05:30,5348.7,5353.2,5348.7,5353.15,1029,
2024-09-27 09:54:00+05:30,5353.15,5355.5,5350.75,5352.3,2310,
2024-09-27 09:55:00+05:30,5352.45,5356.85,5352.05,5352.5,2232,
2024-09-27 09:56:00+05:30,5352.5,5360,5352.5,5354.5,3153,
2024-09-27 09:57:00+05:30,5354.5,5360,5353.5,5358.15,1824,
2024-09-27 09:58:00+05:30,5358.15,5361.1,5352,5354.4,2962,
2024-09-27 09:59:00+05:30,5354.4,5356.9,5354.4,5355.7,923,
2024-09-27 10:00:00+05:30,5355.7,5358.15,5355.7,5357.25,1041,
2024-09-27 10:01:00+05:30,5357.25,5357.9,5352,5352,1383,
2024-09-27 10:02:00+05:30,5352,5353.8,5350.2,5352.55,1233,
2024-09-27 10:03:00+05:30,5352.55,5352.6,5347.15,5349.05,2754,
2024-09-27 10:04:00+05:30,5349.05,5349.95,5346.6,5348.15,1121,
2024-09-27 10:05:00+05:30,5348.1,5352.2,5347,5347.9,1644,
2024-09-27 10:06:00+05:30,5347.9,5347.9,5339.05,5339.05,2187,
2024-09-27 10:07:00+05:30,5339.05,5346.15,5339.05,5343.6,4114,
2024-09-27 10:08:00+05:30,5343.6,5343.7,5339.05,5340,2124,
2024-09-27 10:09:00+05:30,5340,5342.1,5339.55,5340.25,1494,
2024-09-27 10:10:00+05:30,5340.25,5344.35,5340.1,5343.9,1975,
2024-09-27 10:11:00+05:30,5343.9,5344.9,5342.2,5344.9,1051,
2024-09-27 10:12:00+05:30,5342.65,5346.15,5340.9,5345.85,2526,
2024-09-27 10:13:00+05:30,5345.85,5347.35,5341,5343.85,2449,
2024-09-27 10:14:00+05:30,5343.85,5344.8,5341.05,5342.25,1106,
2024-09-27 10:15:00+05:30,5342.45,5346,5342.45,5345,1812,
2024-09-27 10:16:00+05:30,5345,5346.15,5342,5345.1,954,
2024-09-27 10:17:00+05:30,5345.1,5346.4,5343.9,5343.9,1171,
2024-09-27 10:18:00+05:30,5343.75,5347.5,5342.35,5342.4,1318,
2024-09-27 10:19:00+05:30,5342.4,5342.55,5336.45,5338,1573,
2024-09-27 10:20:00+05:30,5338,5342.3,5337.5,5342.25,1778,
2024-09-27 10:21:00+05:30,5340.2,5343.65,5340,5341.05,1204,
2024-09-27 10:22:00+05:30,5341.05,5343.1,5339.55,5339.55,983,
2024-09-27 10:23:00+05:30,5339.55,5346.1,5339.55,5340.45,6300,
2024-09-27 10:24:00+05:30,5339.8,5342.8,5339.5,5342.8,1615,
2024-09-27 10:25:00+05:30,5342.8,5344.25,5340.2,5342.5,1824,
2024-09-27 10:26:00+05:30,5342.5,5345,5341.85,5341.85,1739,
2024-09-27 10:27:00+05:30,5341.85,5347.05,5341.85,5347.05,1357,
2024-09-27 10:28:00+05:30,5347.05,5348.2,5343.1,5343.15,1622,
2024-09-27 10:29:00+05:30,5343.15,5345.05,5343,5343.8,1571,
2024-09-27 10:30:00+05:30,5343.8,5346.6,5341.55,5343.85,2201,
2024-09-27 10:31:00+05:30,5343.85,5346.95,5340.15,5340.15,4319,
2024-09-27 10:32:00+05:30,5340.75,5347.45,5340.35,5342.7,2612,
2024-09-27 10:33:00+05:30,5343.15,5344.45,5340,5341.6,2371,
2024-09-27 10:34:00+05:30,5341.6,5348.15,5340.25,5343.05,1885,
2024-09-27 10:35:00+05:30,5343.05,5344.7,5340.7,5341.6,2385,
2024-09-27 10:36:00+05:30,5341.6,5345.95,5340,5341.9,3737,
2024-09-27 10:37:00+05:30,5341.9,5342.85,5340.1,5341.95,1260,
2024-09-27 10:38:00+05:30,5341.95,5341.95,5338,5339.45,2163,
2024-09-27 10:39:00+05:30,5338.65,5344.9,5335.15,5335.2,3031,
2024-09-27 10:40:00+05:30,5335.35,5335.35,5329.65,5331.5,2601,
2024-09-27 10:41:00+05:30,5331.5,5335,5331.15,5335,3036,
2024-09-27 10:42:00+05:30,5334.45,5336.55,5331.35,5334.65,2422,
2024-09-27 10:43:00+05:30,5334.65,5334.65,5330.6,5331.15,1931,
2024-09-27 10:44:00+05:30,5331.2,5335.1,5331.2,5334.45,803,
2024-09-27 10:45:00+05:30,5334.45,5336.5,5331.7,5331.8,4442,
2024-09-27 10:46:00+05:30,5332,5335.6,5332,5335.1,1442,
2024-09-27 10:47:00+05:30,5333.35,5335.55,5330.95,5331,1417,
2024-09-27 10:48:00+05:30,5331,5336.8,5331,5331.05,1939,
2024-09-27 10:49:00+05:30,5331,5336.35,5331,5333.8,1953,
2024-09-27 10:50:00+05:30,5333.8,5337.25,5332.45,5334.95,4010,
2024-09-27 10:51:00+05:30,5334.95,5335.5,5334,5334,1203,
2024-09-27 10:52:00+05:30,5334,5336.15,5331.7,5333.65,2404,
2024-09-27 10:53:00+05:30,5333.75,5335.95,5332.2,5334.8,1243,
2024-09-27 10:54:00+05:30,5334.8,5337.55,5334.25,5335.4,2206,
2024-09-27 10:55:00+05:30,5335.3,5335.75,5333.35,5333.95,974,
2024-09-27 10:56:00+05:30,5333.95,5336.65,5332.55,5333.65,1439,
2024-09-27 10:57:00+05:30,5333.65,5335.35,5332.55,5333.9,703,
2024-09-27 10:58:00+05:30,5333.9,5336.05,5329.35,5334.5,2517,
2024-09-27 10:59:00+05:30,5334.5,5336.95,5334,5335.55,1451,
2024-09-27 11:00:00+05:30,5335.7,5335.7,5334,5334.35,884,
2024-09-27 11:01:00+05:30,5334.35,5336.95,5333.85,5335.4,1804,
2024-09-27 11:02:00+05:30,5335.4,5341.55,5335.3,5338.8,2055,
2024-09-27 11:03:00+05:30,5338.8,5341.6,5337.05,5340.4,2624,
2024-09-27 11:04:00+05:30,5342.5,5342.75,5339.55,5341.2,2085,
2024-09-27 11:05:00+05:30,5341.2,5343,5341.2,5342.15,1713,
2024-09-27 11:06:00+05:30,5343,5344,5341.5,5341.9,1269,
2024-09-27 11:07:00+05:30,5341.9,5343.6,5341.65,5342.95,804,
2024-09-27 11:08:00+05:30,5342.95,5345,5341.8,5343.55,1992,
2024-09-27 11:09:00+05:30,5343.55,5344.55,5341.05,5341.05,744,
2024-09-27 11:10:00+05:30,5341.05,5344,5341.05,5341.6,1518,
2024-09-27 11:11:00+05:30,5341.6,5344,5338.05,5342.85,2034,
2024-09-27 11:12:00+05:30,5342.7,5347.45,5341.5,5341.8,2511,
2024-09-27 11:13:00+05:30,5341.8,5342.4,5341.5,5341.5,582,
2024-09-27 11:14:00+05:30,5341.5,5343.85,5341.5,5343.75,977,
2024-09-27 11:15:00+05:30,5343.75,5347,5342.3,5342.45,2470,
2024-09-27 11:16:00+05:30,5342.45,5343,5341.15,5342.9,589,
2024-09-27 11:17:00+05:30,5342.9,5346.5,5341.25,5341.25,1368,
2024-09-27 11:18:00+05:30,5341.25,5344.65,5339.65,5339.65,894,
2024-09-27 11:19:00+05:30,5339.65,5339.8,5338.05,5338.65,713,
2024-09-27 11:20:00+05:30,5338.65,5341.9,5338.05,5338.55,1247,
2024-09-27 11:21:00+05:30,5338.1,5338.1,5336.25,5337.2,1006,
2024-09-27 11:22:00+05:30,5337.2,5339.05,5337.15,5337.15,716,
2024-09-27 11:23:00+05:30,5337.15,5343.95,5337.15,5339.95,3670,
2024-09-27 11:24:00+05:30,5339.95,5342.75,5337.15,5339.15,1649,
2024-09-27 11:25:00+05:30,5339.15,5339.5,5338,5339.05,689,
2024-09-27 11:26:00+05:30,5339.05,5339.05,5338,5338.6,990,
2024-09-27 11:27:00+05:30,5338.6,5345.85,5338.6,5343.7,4375,
2024-09-27 11:28:00+05:30,5343.7,5353,5343.65,5350.45,2287,
2024-09-27 11:29:00+05:30,5351.1,5356.65,5345.6,5350,9012,
2024-09-27 11:30:00+05:30,5350,5352,5347.1,5352,3501,
2024-09-27 11:31:00+05:30,5352,5364.2,5352,5363,7742,
2024-09-27 11:32:00+05:30,5362,5372.5,5361.95,5368.25,3769,
2024-09-27 11:33:00+05:30,5368.25,5369.8,5362.7,5362.7,1103,
2024-09-27 11:34:00+05:30,5362.7,5373,5362.7,5370.1,1808,
2024-09-27 11:35:00+05:30,5370.1,5372,5368.1,5369.6,1405,
2024-09-27 11:36:00+05:30,5369.6,5383.45,5368.7,5382.9,5314,
2024-09-27 11:37:00+05:30,5382.75,5387.5,5378.5,5381.3,4567,
2024-09-27 11:38:00+05:30,5381.3,5383.05,5378.85,5379.15,684,
2024-09-27 11:39:00+05:30,5379.15,5387.6,5378.7,5382,3334,
2024-09-27 11:40:00+05:30,5382,5403.35,5379.55,5395.95,7113,
2024-09-27 11:41:00+05:30,5395.95,5396.85,5391.15,5391.15,1605,
2024-09-27 11:42:00+05:30,5391.15,5391.15,5384.6,5385.7,1736,
2024-09-27 11:43:00+05:30,5385.7,5388.5,5378.35,5378.35,1871,
2024-09-27 11:44:00+05:30,5378.35,5382.25,5376.25,5376.25,777,
2024-09-27 11:45:00+05:30,5376,5376.25,5370,5370,1554,
2024-09-27 11:46:00+05:30,5370,5370.45,5355,5359.65,36468,
2024-09-27 11:47:00+05:30,5357.65,5363.4,5357.25,5359.8,2886,
2024-09-27 11:48:00+05:30,5359.8,5359.85,5357,5357,862,
2024-09-27 11:49:00+05:30,5357,5357,5351.6,5353.1,1146,
2024-09-27 11:50:00+05:30,5353.1,5364.8,5351.6,5364.8,2147,
2024-09-27 11:51:00+05:30,5365,5365.9,5357.05,5359.65,3268,
2024-09-27 11:52:00+05:30,5359.65,5366.05,5357.3,5362.25,6056,
2024-09-27 11:53:00+05:30,5362.25,5365,5362,5364.35,929,
2024-09-27 11:54:00+05:30,5364.35,5364.95,5359.95,5361.65,785,
2024-09-27 11:55:00+05:30,5361.65,5364.4,5361.3,5362.65,818,
2024-09-27 11:56:00+05:30,5362.65,5369.15,5362.5,5366.9,2735,
2024-09-27 11:57:00+05:30,5366.9,5368.95,5359,5360,1774,
2024-09-27 11:58:00+05:30,5360,5364,5360,5362.35,893,
2024-09-27 11:59:00+05:30,5362.35,5363.95,5360.6,5360.6,495,
2024-09-27 12:00:00+05:30,5360.6,5362,5359.8,5361.45,883,
2024-09-27 12:01:00+05:30,5361.5,5361.5,5358.7,5358.95,1851,
2024-09-27 12:02:00+05:30,5360,5364.1,5358.5,5360.9,1437,
2024-09-27 12:03:00+05:30,5360.9,5367.1,5360.9,5363.9,1549,
2024-09-27 12:04:00+05:30,5363.9,5368.85,5362.45,5363.7,2352,
2024-09-27 12:05:00+05:30,5363.7,5366.45,5360.55,5360.55,980,
2024-09-27 12:06:00+05:30,5360.55,5360.55,5353,5359.3,1104,
2024-09-27 12:07:00+05:30,5360,5364.35,5357.5,5357.5,1245,
2024-09-27 12:08:00+05:30,5357.5,5358.3,5354,5354.15,710,
2024-09-27 12:09:00+05:30,5354.15,5363.4,5354.15,5358.3,3180,
2024-09-27 12:10:00+05:30,5358.3,5360.45,5358,5358.35,959,
2024-09-27 12:11:00+05:30,5358.1,5359.85,5357.9,5358.15,1167,
2024-09-27 12:12:00+05:30,5359.3,5365,5358.05,5364.75,2134,
2024-09-27 12:13:00+05:30,5364.75,5364.8,5359.35,5360.55,1630,
2024-09-27 12:14:00+05:30,5360.55,5364.05,5358.85,5359.8,849,
2024-09-27 12:15:00+05:30,5359.8,5362.9,5359.15,5360.9,1359,
2024-09-27 12:16:00+05:30,5360.9,5364.9,5360.4,5362.55,1176,
2024-09-27 12:17:00+05:30,5364.5,5365,5361.25,5362.15,919,
2024-09-27 12:18:00+05:30,5362.15,5368,5361.6,5366.1,5583,
2024-09-27 12:19:00+05:30,5364.05,5367.8,5363.9,5365.3,984,
2024-09-27 12:20:00+05:30,5365.3,5369.95,5364.05,5367,1390,
2024-09-27 12:21:00+05:30,5367,5367.1,5365,5365.45,642,
2024-09-27 12:22:00+05:30,5365.45,5367.95,5365,5365.55,1111,
2024-09-27 12:23:00+05:30,5365.55,5365.6,5362.35,5362.5,755,
2024-09-27 12:24:00+05:30,5362.5,5365.5,5360.75,5362.25,865,
2024-09-27 12:25:00+05:30,5361.1,5362.55,5357.55,5360.55,1199,
2024-09-27 12:26:00+05:30,5360.55,5363.7,5359.25,5363.7,684,
2024-09-27 12:27:00+05:30,5363.4,5363.95,5360.5,5360.5,1165,
2024-09-27 12:28:00+05:30,5360.15,5362.05,5355.25,5355.25,979,
2024-09-27 12:29:00+05:30,5355.25,5360.55,5355,5359.7,1345,
2024-09-27 12:30:00+05:30,5360.15,5362,5356.7,5360.3,2344,
2024-09-27 12:31:00+05:30,5360,5364.5,5360,5364,1582,
2024-09-27 12:32:00+05:30,5364,5364.75,5360.15,5362.1,1422,
2024-09-27 12:33:00+05:30,5362.1,5365,5362.05,5365,1228,
2024-09-27 12:34:00+05:30,5364.85,5365,5361.6,5364.75,1154,
2024-09-27 12:35:00+05:30,5364.75,5367.7,5364.15,5366.3,2505,
2024-09-27 12:36:00+05:30,5367.25,5377.5,5366.4,5372.05,6814,
2024-09-27 12:37:00+05:30,5372.1,5377.15,5372.05,5377.15,2536,
2024-09-27 12:38:00+05:30,5377.15,5378.85,5373.7,5374.4,1556,
2024-09-27 12:39:00+05:30,5373.7,5375.95,5372.25,5373.05,987,
2024-09-27 12:40:00+05:30,5372.9,5374.95,5371.55,5373.35,1358,
2024-09-27 12:41:00+05:30,5373.35,5379.9,5371.95,5379.9,1290,
2024-09-27 12:42:00+05:30,5379.2,5380,5373.25,5376.1,1900,
2024-09-27 12:43:00+05:30,5376.25,5383.75,5374.25,5377.4,3362,
2024-09-27 12:44:00+05:30,5377.4,5381.95,5375.85,5377.4,1756,
2024-09-27 12:45:00+05:30,5377.4,5382.7,5373.3,5379.9,3089,
2024-09-27 12:46:00+05:30,5377.6,5385,5377.6,5379.3,2999,
2024-09-27 12:47:00+05:30,5379.3,5381.05,5378.15,5379.85,1088,
2024-09-27 12:48:00+05:30,5379.85,5383.45,5373.3,5383.45,1951,
2024-09-27 12:49:00+05:30,5381.25,5385,5378.5,5381.4,3199,
2024-09-27 12:50:00+05:30,5381.4,5384,5373.35,5374.1,1192,
2024-09-27 12:51:00+05:30,5374.1,5378.7,5374.1,5375,1781,
2024-09-27 12:52:00+05:30,5375,5375.75,5367.1,5367.1,1355,
2024-09-27 12:53:00+05:30,5367.1,5370.1,5365.1,5368.15,1473,
2024-09-27 12:54:00+05:30,5368.05,5372.2,5366,5371.1,2079,
2024-09-27 12:55:00+05:30,5371.1,5376.65,5370.4,5373.1,2039,
2024-09-27 12:56:00+05:30,5373.1,5384.75,5371.55,5380.2,5116,
2024-09-27 12:57:00+05:30,5380.2,5383.6,5379.7,5381.1,1146,
2024-09-27 12:58:00+05:30,5381.1,5384.1,5380.5,5381.4,1253,
2024-09-27 12:59:00+05:30,5381.2,5385.75,5381.2,5382.8,1618,
2024-09-27 13:00:00+05:30,5382.8,5383.95,5377.85,5378.1,1666,
2024-09-27 13:01:00+05:30,5378.1,5383,5378.1,5380.05,1570,
2024-09-27 13:02:00+05:30,5380.3,5380.3,5373.3,5373.35,1230,
2024-09-27 13:03:00+05:30,5373.35,5381.95,5373.35,5379.25,1856,
2024-09-27 13:04:00+05:30,5379.25,5381.35,5374.05,5374.05,1052,
2024-09-27 13:05:00+05:30,5374.05,5375.65,5373,5373.65,1255,
2024-09-27 13:06:00+05:30,5375.4,5378.35,5374.6,5374.6,1612,
2024-09-27 13:07:00+05:30,5374.6,5375.5,5373.2,5373.2,1195,
2024-09-27 13:08:00+05:30,5373.2,5377.2,5373.2,5376.5,2751,
2024-09-27 13:09:00+05:30,5376.5,5377,5369.8,5375.05,1318,
2024-09-27 13:10:00+05:30,5375.05,5379.05,5372.05,5379.05,2746,
2024-09-27 13:11:00+05:30,5377.45,5377.45,5368.9,5372.2,1808,
2024-09-27 13:12:00+05:30,5372.2,5376.6,5370.65,5374.15,1969,
2024-09-27 13:13:00+05:30,5374.15,5377.05,5374.15,5374.15,1309,
2024-09-27 13:14:00+05:30,5374.15,5377.65,5371.15,5375.9,1890,
2024-09-27 13:15:00+05:30,5375.9,5376.15,5372.25,5373.1,1236,
2024-09-27 13:16:00+05:30,5373.1,5373.4,5367.85,5367.85,1377,
2024-09-27 13:17:00+05:30,5367.85,5373.65,5367.7,5371.1,1651,
2024-09-27 13:18:00+05:30,5371.1,5375.65,5369.65,5373.6,2936,
2024-09-27 13:19:00+05:30,5373.6,5373.75,5371.2,5372.65,1381,
2024-09-27 13:20:00+05:30,5372.65,5373.05,5370.3,5370.4,914,
2024-09-27 13:21:00+05:30,5369,5369.3,5361.35,5361.35,1747,
2024-09-27 13:22:00+05:30,5361.15,5364.65,5359.65,5363.95,1711,
2024-09-27 13:23:00+05:30,5363.95,5367.35,5361.25,5367,1442,
2024-09-27 13:24:00+05:30,5366.95,5366.95,5360.6,5363.2,1517,
2024-09-27 13:25:00+05:30,5363.5,5366.05,5363.5,5364.3,1300,
2024-09-27 13:26:00+05:30,5364.3,5366.55,5362.15,5365.5,1428,
2024-09-27 13:27:00+05:30,5365.5,5368.65,5363.5,5363.5,2328,
2024-09-27 13:28:00+05:30,5363.5,5367.1,5362.25,5363.45,3820,
2024-09-27 13:29:00+05:30,5363.45,5371.55,5363.45,5371.55,647,
2024-09-27 13:30:00+05:30,5371.55,5377.05,5369.15,5376.45,4610,
2024-09-27 13:31:00+05:30,5376.45,5381,5375.4,5381,1054,
2024-09-27 13:32:00+05:30,5379.4,5379.5,5376.2,5377.4,1238,
2024-09-27 13:33:00+05:30,5377.4,5380,5377.15,5378.05,1446,
2024-09-27 13:34:00+05:30,5378.05,5379.9,5377.6,5379,543,
2024-09-27 13:35:00+05:30,5380.8,5395,5380.8,5393.85,3052,
2024-09-27 13:36:00+05:30,5396.4,5399.95,5393.9,5398.9,1337,
2024-09-27 13:37:00+05:30,5398.9,5405.95,5398.9,5404.6,3436,
2024-09-27 13:38:00+05:30,5404.6,5405,5401.2,5402.3,749,
2024-09-27 13:39:00+05:30,5402.3,5408.5,5401.2,5403.25,1657,
2024-09-27 13:40:00+05:30,5403.5,5403.6,5397.65,5402,1088,
2024-09-27 13:41:00+05:30,5402,5410,5400.9,5407.35,1382,
2024-09-27 13:42:00+05:30,5407.35,5407.35,5404.05,5405.75,498,
2024-09-27 13:43:00+05:30,5405.75,5405.75,5402,5402.9,698,
2024-09-27 13:44:00+05:30,5402.9,5405,5400,5404.75,1515,
2024-09-27 13:45:00+05:30,5404.75,5404.95,5401.75,5404.95,751,
2024-09-27 13:46:00+05:30,5404.9,5406.45,5401.05,5402.35,1034,
2024-09-27 13:47:00+05:30,5402.35,5403.45,5400.2,5403,889,
2024-09-27 13:48:00+05:30,5403,5404,5401,5402.75,720,
2024-09-27 13:49:00+05:30,5402.75,5402.75,5396.9,5400.7,2846,
2024-09-27 13:50:00+05:30,5400.7,5400.7,5395.9,5400.5,1106,
2024-09-27 13:51:00+05:30,5401.1,5412.75,5400.8,5410.1,2859,
2024-09-27 13:52:00+05:30,5410.1,5413.65,5407.55,5413.65,686,
2024-09-27 13:53:00+05:30,5413.35,5414,5410.4,5414,1124,
2024-09-27 13:54:00+05:30,5412.05,5416.45,5412.05,5416.45,1128,
2024-09-27 13:55:00+05:30,5416.4,5422.45,5415.15,5418.2,2264,
2024-09-27 13:56:00+05:30,5418.2,5419.35,5413.95,5415.7,1361,
2024-09-27 13:57:00+05:30,5415.7,5415.75,5413.25,5414.95,1127,
2024-09-27 13:58:00+05:30,5414.85,5415,5411.9,5414.95,1016,
2024-09-27 13:59:00+05:30,5415,5417.8,5414.3,5416.6,922,
2024-09-27 14:00:00+05:30,5416.55,5416.55,5403.15,5405,2676,
2024-09-27 14:01:00+05:30,5403.05,5405,5398.05,5398.05,3232,
2024-09-27 14:02:00+05:30,5397.6,5400,5386.6,5389.15,2286,
2024-09-27 14:03:00+05:30,5389.15,5389.15,5382.45,5383.1,2549,
2024-09-27 14:04:00+05:30,5383.1,5383.1,5378.75,5380.4,2331,
2024-09-27 14:05:00+05:30,5380.65,5383.1,5377.5,5379.55,2083,
2024-09-27 14:06:00+05:30,5379.55,5380.3,5374.35,5374.35,3606,
2024-09-27 14:07:00+05:30,5374.35,5374.35,5367.45,5369.6,4089,
2024-09-27 14:08:00+05:30,5369.55,5373,5367.65,5368.45,2671,
2024-09-27 14:09:00+05:30,5368.45,5368.65,5362.55,5364,3853,
2024-09-27 14:10:00+05:30,5364,5365.6,5362.75,5365.45,5037,
2024-09-27 14:11:00+05:30,5365.45,5365.45,5362.1,5363.35,1842,
2024-09-27 14:12:00+05:30,5363.35,5363.35,5354.5,5359,2289,
2024-09-27 14:13:00+05:30,5359,5363.45,5357.05,5361.9,1654,
2024-09-27 14:14:00+05:30,5361.9,5361.9,5358.3,5359.75,1316,
2024-09-27 14:15:00+05:30,5359.75,5362.2,5356.55,5356.55,4920,
2024-09-27 14:16:00+05:30,5356.4,5358.2,5353.25,5357.65,2391,
2024-09-27 14:17:00+05:30,5357.65,5357.65,5350.75,5351.85,2793,
2024-09-27 14:18:00+05:30,5351.35,5354.1,5349.8,5353.55,2233,
2024-09-27 14:19:00+05:30,5353.55,5362.7,5352,5358.25,3095,
2024-09-27 14:20:00+05:30,5358.25,5365.6,5357.3,5364.9,1606,
2024-09-27 14:21:00+05:30,5364.95,5367.15,5362.75,5366.8,1760,
2024-09-27 14:22:00+05:30,5366.8,5373.7,5366,5369.65,3264,
2024-09-27 14:23:00+05:30,5369.4,5374.15,5368.25,5372.6,1770,
2024-09-27 14:24:00+05:30,5372.25,5376,5371,5374.4,1836,
2024-09-27 14:25:00+05:30,5374.35,5374.65,5369.9,5374.4,2527,
2024-09-27 14:26:00+05:30,5374.4,5378.4,5372,5378.4,1537,
2024-09-27 14:27:00+05:30,5378.4,5379.55,5375.05,5377.45,1798,
2024-09-27 14:28:00+05:30,5377.4,5381.95,5376.05,5381.8,1709,
2024-09-27 14:29:00+05:30,5379.85,5381.65,5374,5374,1708,
2024-09-27 14:30:00+05:30,5374,5384.75,5373.65,5384.75,3550,
2024-09-27 14:31:00+05:30,5384.7,5423.2,5384.7,5421.9,13417,
2024-09-27 14:32:00+05:30,5419.7,5437.55,5419.7,5433.95,18741,
2024-09-27 14:33:00+05:30,5433.7,5442,5425.55,5442,12294,
2024-09-27 14:34:00+05:30,5442,5469.4,5442,5469.4,17528,
2024-09-27 14:35:00+05:30,5469.3,5479.4,5467.55,5474.1,13943,
2024-09-27 14:36:00+05:30,5474.1,5478.95,5455,5456.6,14612,
2024-09-27 14:37:00+05:30,5456.6,5458.45,5449.65,5456.25,10223,
2024-09-27 14:38:00+05:30,5456.6,5461,5450,5451.95,12361,
2024-09-27 14:39:00+05:30,5451.95,5463.5,5451.5,5463.5,9293,
2024-09-27 14:40:00+05:30,5463.5,5478.15,5462.65,5476.4,9823,
2024-09-27 14:41:00+05:30,5476.4,5476.4,5451.6,5453.75,4454,
2024-09-27 14:42:00+05:30,5453.75,5458.2,5435,5437.05,7889,
2024-09-27 14:43:00+05:30,5437.05,5442.5,5431.85,5431.85,3126,
2024-09-27 14:44:00+05:30,5431.85,5434.75,5417.15,5417.15,2791,
2024-09-27 14:45:00+05:30,5419,5426.85,5417.9,5422.75,2520,
2024-09-27 14:46:00+05:30,5422.7,5448,5421.3,5448,5222,
2024-09-27 14:47:00+05:30,5446.5,5470,5446.5,5470,7209,
2024-09-27 14:48:00+05:30,5470,5480,5469.6,5479.9,10896,
2024-09-27 14:49:00+05:30,5476.9,5486.6,5476.9,5484,11906,
2024-09-27 14:50:00+05:30,5484.45,5495,5483.45,5488.45,10893,
2024-09-27 14:51:00+05:30,5488.45,5494.75,5487.05,5491.65,8127,
2024-09-27 14:52:00+05:30,5491.65,5492.35,5483.7,5488.95,10452,
2024-09-27 14:53:00+05:30,5488.95,5497.15,5482.35,5496.75,8552,
2024-09-27 14:54:00+05:30,5496.75,5498.9,5481,5483.05,7910,
2024-09-27 14:55:00+05:30,5483.05,5487.9,5473.75,5479.15,5145,
2024-09-27 14:56:00+05:30,5478,5478,5470,5475,7537,
2024-09-27 14:57:00+05:30,5475,5485,5468,5483.45,9000,
2024-09-27 14:58:00+05:30,5483.55,5483.65,5475,5477.5,6646,
2024-09-27 14:59:00+05:30,5477.5,5480.15,5471.4,5473.75,8453,
2024-09-27 15:00:00+05:30,5471.05,5473.85,5433.6,5436,217724,
2024-09-27 15:01:00+05:30,5431.3,5437.6,5420,5423.3,224812,
2024-09-27 15:02:00+05:30,5421,5437.85,5416.15,5427.95,217023,
2024-09-27 15:03:00+05:30,5429,5439.85,5427.25,5437.8,196100,
2024-09-27 15:04:00+05:30,5437.75,5454.2,5437.6,5451.6,201083,
2024-09-27 15:05:00+05:30,5454.15,5466.7,5447.55,5465.35,219301,
2024-09-27 15:06:00+05:30,5465.35,5467.4,5451.2,5465.8,211696,
2024-09-27 15:07:00+05:30,5465.4,5465.4,5449.4,5457.7,210520,
2024-09-27 15:08:00+05:30,5457.7,5468.35,5450.5,5466.75,218374,
2024-09-27 15:09:00+05:30,5466,5468.45,5459.95,5462.95,202753,
2024-09-27 15:10:00+05:30,5462.95,5474.05,5455.95,5471.55,209858,
2024-09-27 15:11:00+05:30,5472.55,5484,5469.9,5469.9,216861,
2024-09-27 15:12:00+05:30,5469.65,5469.65,5442.05,5442.55,230236,
2024-09-27 15:13:00+05:30,5442.55,5451.1,5434.8,5447.35,241787,
2024-09-27 15:14:00+05:30,5446.95,5475,5442.6,5472.1,240958,
2024-09-27 15:15:00+05:30,5474.05,5483.4,5464.4,5465.4,226284,
2024-09-27 15:16:00+05:30,5468.35,5474.25,5460.85,5466.7,228488,
2024-09-27 15:17:00+05:30,5467.3,5478.5,5467,5478.2,216730,
2024-09-27 15:18:00+05:30,5475.85,5479.8,5473.1,5478.55,216964,
2024-09-27 15:19:00+05:30,5478.7,5479.25,5465,5465,199336,
2024-09-27 15:20:00+05:30,5463.5,5468.95,5460,5460.7,218263,
2024-09-27 15:21:00+05:30,5460.15,5460.7,5442.65,5443.95,193206,
2024-09-27 15:22:00+05:30,5443.8,5464.8,5443.65,5463.05,215940,
2024-09-27 15:23:00+05:30,5462.25,5468.65,5461.15,5462.9,196462,
2024-09-27 15:24:00+05:30,5462.55,5462.55,5450.45,5456.25,199480,
2024-09-27 15:25:00+05:30,5454.25,5466.75,5452.85,5456.25,151923,
2024-09-27 15:26:00+05:30,5455.8,5470,5449.9,5469.1,166359,
2024-09-27 15:27:00+05:30,5465.75,5487,5463.8,5484,117919,
2024-09-27 15:28:00+05:30,5484,5499,5479.9,5499,37189,
2024-09-27 15:29:00+05:30,5499,5523.3,5499,5506.4,41940,
2024-09-30 09:15:00+05:30,5472.95,5480,5457.9,5469.45,7716,
2024-09-30 09:16:00+05:30,5469.2,5476.9,5469,5474,3130,
2024-09-30 09:17:00+05:30,5475,5491,5475,5491,3133,
2024-09-30 09:18:00+05:30,5492,5512.15,5490.8,5506.05,3828,
2024-09-30 09:19:00+05:30,5506.05,5507,5492.75,5495,4393,
2024-09-30 09:20:00+05:30,5494.75,5499.9,5472.05,5472.05,27221,
2024-09-30 09:21:00+05:30,5472.95,5499.9,5472.95,5499.9,3662,
2024-09-30 09:22:00+05:30,5498.45,5506,5493.05,5495,2707,
2024-09-30 09:23:00+05:30,5495,5495,5487.5,5491.55,2714,
2024-09-30 09:24:00+05:30,5493.9,5495,5487.05,5490,3830,
2024-09-30 09:25:00+05:30,5490,5492.45,5485.1,5489.6,2250,
2024-09-30 09:26:00+05:30,5489.2,5492.05,5485.9,5491.65,754,
2024-09-30 09:27:00+05:30,5491.65,5491.65,5485,5485,8443,
2024-09-30 09:28:00+05:30,5484,5487.9,5484,5485,919,
2024-09-30 09:29:00+05:30,5484.6,5484.6,5471.5,5476.65,1954,
2024-09-30 09:30:00+05:30,5476.65,5476.65,5467.55,5468.6,2507,
2024-09-30 09:31:00+05:30,5468.6,5473.15,5464.35,5472.25,1235,
2024-09-30 09:32:00+05:30,5471.25,5472.35,5463,5464,2162,
2024-09-30 09:33:00+05:30,5464.05,5464.05,5455,5459.55,1487,
2024-09-30 09:34:00+05:30,5459.55,5470,5459.55,5470,1809,
2024-09-30 09:35:00+05:30,5470,5473.5,5466,5468.85,1821,
2024-09-30 09:36:00+05:30,5468.85,5469.75,5461,5467.95,996,
2024-09-30 09:37:00+05:30,5467.95,5473.75,5466.6,5472.9,1021,
2024-09-30 09:38:00+05:30,5472.2,5477,5470,5470,1158,
2024-09-30 09:39:00+05:30,5472.15,5477,5471.1,5477,738,
2024-09-30 09:40:00+05:30,5477,5478.3,5470.5,5471,805,
2024-09-30 09:41:00+05:30,5470.55,5474.05,5470.5,5472.4,380,
2024-09-30 09:42:00+05:30,5471.35,5471.45,5467.95,5471.45,371,
2024-09-30 09:43:00+05:30,5471.45,5477.8,5470.9,5475.65,1243,
2024-09-30 09:44:00+05:30,5475.6,5475.75,5468.55,5471.1,694,
2024-09-30 09:45:00+05:30,5471.1,5473.05,5457.3,5460,1463,
2024-09-30 09:46:00+05:30,5461.05,5465.25,5460.05,5463.15,782,
2024-09-30 09:47:00+05:30,5463.15,5465,5459.15,5463.6,559,
2024-09-30 09:48:00+05:30,5463.9,5469.65,5463.9,5468,520,
2024-09-30 09:49:00+05:30,5470,5472.5,5465.8,5472.5,1078,
2024-09-30 09:50:00+05:30,5472.5,5472.5,5465,5465,1515,
2024-09-30 09:51:00+05:30,5466.05,5466.05,5449.05,5450,1719,
2024-09-30 09:52:00+05:30,5450,5457.35,5449.25,5455.9,1668,
2024-09-30 09:53:00+05:30,5456.85,5457.95,5447.5,5449.5,1710,
2024-09-30 09:54:00+05:30,5447.9,5453.2,5445.45,5450,1583,
2024-09-30 09:55:00+05:30,5450.45,5460,5450.35,5460,2587,
2024-09-30 09:56:00+05:30,5460,5464.15,5453.6,5458.95,2444,
2024-09-30 09:57:00+05:30,5459,5464.95,5458.95,5461.25,1917,
2024-09-30 09:58:00+05:30,5462.3,5463.2,5455,5456.1,5090,
2024-09-30 09:59:00+05:30,5456.3,5462.5,5455.25,5460.25,4430,
2024-09-30 10:00:00+05:30,5459.8,5461.3,5450,5450,1548,
2024-09-30 10:01:00+05:30,5450,5456.1,5448.6,5454.15,4035,
2024-09-30 10:02:00+05:30,5456.1,5456.1,5448.75,5453.95,3340,
2024-09-30 10:03:00+05:30,5453.5,5455,5450,5451.35,1087,
2024-09-30 10:04:00+05:30,5451.35,5456.9,5446.55,5456.9,5621,
2024-09-30 10:05:00+05:30,5456.5,5459.95,5452.15,5454.8,1830,
2024-09-30 10:06:00+05:30,5454.6,5456.5,5452.75,5454.55,740,
2024-09-30 10:07:00+05:30,5454.55,5460,5454.15,5458.2,2728,
2024-09-30 10:08:00+05:30,5458.25,5458.25,5447.3,5447.3,2001,
2024-09-30 10:09:00+05:30,5447.3,5452.4,5446,5452.35,706,
2024-09-30 10:10:00+05:30,5452.35,5455.6,5449.55,5452.15,4513,
2024-09-30 10:11:00+05:30,5454.35,5454.65,5442,5442,2454,
2024-09-30 10:12:00+05:30,5443.1,5445,5439,5439.9,15574,
2024-09-30 10:13:00+05:30,5440,5442.05,5429.5,5433.4,10753,
2024-09-30 10:14:00+05:30,5435.6,5445,5433.4,5445,2251,
2024-09-30 10:15:00+05:30,5444.3,5450,5440.05,5450,1429,
2024-09-30 10:16:00+05:30,5450,5450,5436.1,5436.1,7019,
2024-09-30 10:17:00+05:30,5436.1,5439.6,5431.2,5436.4,4887,
2024-09-30 10:18:00+05:30,5436.35,5444.7,5434.6,5437.15,1436,
2024-09-30 10:19:00+05:30,5437.2,5443.6,5433,5440.85,867,
2024-09-30 10:20:00+05:30,5442.9,5448.95,5440.8,5448.95,910,
2024-09-30 10:21:00+05:30,5449,5450,5440.2,5446.9,617,
2024-09-30 10:22:00+05:30,5448.65,5449.85,5445.5,5449.4,856,
2024-09-30 10:23:00+05:30,5448.6,5450,5447.05,5449.65,768,
2024-09-30 10:24:00+05:30,5449.4,5450,5446,5448.9,740,
2024-09-30 10:25:00+05:30,5448.9,5449.35,5441.9,5445.5,578,
2024-09-30 10:26:00+05:30,5445.95,5449.5,5443,5446.4,699,
2024-09-30 10:27:00+05:30,5446.45,5450,5446.4,5447.2,460,
2024-09-30 10:28:00+05:30,5448.15,5452.45,5445.85,5450.45,1273,
2024-09-30 10:29:00+05:30,5450.5,5452.4,5445,5445,813,
2024-09-30 10:30:00+05:30,5445,5446.75,5441,5444.95,714,
2024-09-30 10:31:00+05:30,5444.95,5447.05,5444.2,5446.2,522,
2024-09-30 10:32:00+05:30,5446.25,5448.45,5442.65,5442.65,1119,
2024-09-30 10:33:00+05:30,5444.55,5446.45,5441.45,5446.45,404,
2024-09-30 10:34:00+05:30,5446.45,5450,5443.45,5445.15,614,
2024-09-30 10:35:00+05:30,5446.2,5448.35,5442.1,5445.2,1000,
2024-09-30 10:36:00+05:30,5445.95,5446.2,5442.1,5442.1,642,
2024-09-30 10:37:00+05:30,5442.15,5450.45,5442.1,5450.45,288,
2024-09-30 10:38:00+05:30,5450.45,5450.5,5445.9,5448,759,
2024-09-30 10:39:00+05:30,5449.15,5449.15,5443.65,5446,594,
2024-09-30 10:40:00+05:30,5446.4,5446.8,5442.5,5446.8,424,
2024-09-30 10:41:00+05:30,5446.6,5448.45,5442.6,5444.9,991,
2024-09-30 10:42:00+05:30,5444.9,5445,5442.55,5444,405,
2024-09-30 10:43:00+05:30,5443.75,5445,5443.6,5444.6,934,
2024-09-30 10:44:00+05:30,5444.6,5444.6,5437.95,5437.95,923,
2024-09-30 10:45:00+05:30,5436.15,5439.8,5436.1,5439.8,517,
2024-09-30 10:46:00+05:30,5439.55,5439.55,5435,5435,770,
2024-09-30 10:47:00+05:30,5436,5439,5434.6,5437.05,566,
2024-09-30 10:48:00+05:30,5436.35,5436.35,5428.1,5428.6,2834,
2024-09-30 10:49:00+05:30,5428.1,5428.1,5420,5420,2064,
2024-09-30 10:50:00+05:30,5420.4,5424.65,5420.25,5424.35,1013,
2024-09-30 10:51:00+05:30,5424.4,5424.85,5421,5421.05,680,
2024-09-30 10:52:00+05:30,5421.05,5425,5421,5424.3,1136,
2024-09-30 10:53:00+05:30,5423.75,5424.45,5420.35,5420.4,496,
2024-09-30 10:54:00+05:30,5420.4,5423.25,5415.15,5415.65,1904,
2024-09-30 10:55:00+05:30,5416.35,5419.6,5408.8,5412.35,4576,
2024-09-30 10:56:00+05:30,5413.15,5417.35,5409.05,5409.05,2369,
2024-09-30 10:57:00+05:30,5409.1,5413.65,5409.1,5410.85,1106,
2024-09-30 10:58:00+05:30,5411.2,5416.5,5410.6,5410.6,876,
2024-09-30 10:59:00+05:30,5410.6,5413.3,5406.35,5406.35,933,
2024-09-30 11:00:00+05:30,5408.4,5408.8,5403.7,5405.85,2241,
2024-09-30 11:01:00+05:30,5406,5409.55,5406,5406.2,678,
2024-09-30 11:02:00+05:30,5407.45,5409.7,5405.7,5409.1,1878,
2024-09-30 11:03:00+05:30,5408.55,5408.55,5396.8,5397.6,2174,
2024-09-30 11:04:00+05:30,5397.8,5400,5395.55,5398.5,788,
2024-09-30 11:05:00+05:30,5398.45,5398.9,5389.35,5391.45,881,
2024-09-30 11:06:00+05:30,5391.45,5392.05,5386.55,5392,3314,
2024-09-30 11:07:00+05:30,5390.05,5392,5387.9,5391.35,811,
2024-09-30 11:08:00+05:30,5391.35,5392,5388.9,5390.25,569,
2024-09-30 11:09:00+05:30,5390.85,5392,5383.65,5383.7,1304,
2024-09-30 11:10:00+05:30,5383.7,5387.95,5381.05,5383,1266,
2024-09-30 11:11:00+05:30,5383,5386.45,5381,5383.15,575,
2024-09-30 11:12:00+05:30,5383.15,5386.45,5378.55,5383,2475,
2024-09-30 11:13:00+05:30,5383,5391.5,5383,5387.7,2505,
2024-09-30 11:14:00+05:30,5387.55,5390,5384.1,5388.35,764,
2024-09-30 11:15:00+05:30,5386.75,5396.6,5384.1,5395.5,2538,
2024-09-30 11:16:00+05:30,5395.5,5397,5392.85,5392.85,1054,
2024-09-30 11:17:00+05:30,5392.85,5397,5392.85,5397,506,
2024-09-30 11:18:00+05:30,5395.8,5397,5391.55,5396,2241,
2024-09-30 11:19:00+05:30,5396,5400,5396,5400,676,
2024-09-30 11:20:00+05:30,5400,5400,5394.15,5398.1,865,
2024-09-30 11:21:00+05:30,5399.55,5399.95,5396.05,5397.4,883,
2024-09-30 11:22:00+05:30,5397.4,5400,5396.55,5400,638,
2024-09-30 11:23:00+05:30,5400,5400,5398.1,5400,566,
2024-09-30 11:24:00+05:30,5400,5400,5395.8,5398.45,559,
2024-09-30 11:25:00+05:30,5398.45,5400,5395.6,5396.55,636,
2024-09-30 11:26:00+05:30,5396.55,5398.8,5392.5,5395.05,576,
2024-09-30 11:27:00+05:30,5395.05,5396.8,5390.2,5395.25,622,
2024-09-30 11:28:00+05:30,5395.25,5399.65,5395.25,5399.65,553,
2024-09-30 11:29:00+05:30,5397.65,5399.55,5395.25,5397.4,545,
2024-09-30 11:30:00+05:30,5397.4,5400.5,5396,5399.75,579,
2024-09-30 11:31:00+05:30,5399.75,5402.7,5399.25,5400.15,1295,
2024-09-30 11:32:00+05:30,5400.15,5404.3,5399.9,5401.05,1559,
2024-09-30 11:33:00+05:30,5401.05,5404.95,5401,5404.95,1336,
2024-09-30 11:34:00+05:30,5404.95,5409.55,5402.8,5407.85,2398,
2024-09-30 11:35:00+05:30,5404.65,5409.8,5404.3,5406.4,1564,
2024-09-30 11:36:00+05:30,5406.4,5408.9,5405.7,5408.25,1033,
2024-09-30 11:37:00+05:30,5408.9,5409,5403.8,5408.25,1304,
2024-09-30 11:38:00+05:30,5408.25,5409.85,5407.2,5408.1,952,
2024-09-30 11:39:00+05:30,5408.1,5410.25,5407.6,5407.65,831,
2024-09-30 11:40:00+05:30,5407.65,5409.15,5406.4,5406.8,691,
2024-09-30 11:41:00+05:30,5406.8,5406.8,5404.35,5404.35,921,
2024-09-30 11:42:00+05:30,5404.35,5404.4,5397.85,5400.05,1068,
2024-09-30 11:43:00+05:30,5400,5400.35,5396.15,5400,10368,
2024-09-30 11:44:00+05:30,5400,5402.5,5398,5399,1292,
2024-09-30 11:45:00+05:30,5399,5400,5397.2,5397.85,4508,
2024-09-30 11:46:00+05:30,5397.85,5400,5396.45,5397.05,1650,
2024-09-30 11:47:00+05:30,5397.05,5401.75,5397.05,5401.75,897,
2024-09-30 11:48:00+05:30,5401.75,5402.5,5396.45,5399.05,1209,
2024-09-30 11:49:00+05:30,5399.05,5401.1,5396,5398,2805,
2024-09-30 11:50:00+05:30,5398.1,5400,5396.4,5400,1039,
2024-09-30 11:51:00+05:30,5400,5400.95,5398.8,5400.1,693,
2024-09-30 11:52:00+05:30,5400.95,5401.15,5400,5401.15,404,
2024-09-30 11:53:00+05:30,5400.15,5401.2,5396.95,5400.05,1455,
2024-09-30 11:54:00+05:30,5400.05,5401.1,5400.05,5400.7,579,
2024-09-30 11:55:00+05:30,5400.7,5405,5400.7,5403.2,1376,
2024-09-30 11:56:00+05:30,5403.2,5405,5399.45,5399.45,611,
2024-09-30 11:57:00+05:30,5399.45,5401.2,5396.95,5398.2,2943,
2024-09-30 11:58:00+05:30,5398.2,5401.25,5398,5399.9,882,
2024-09-30 11:59:00+05:30,5400,5401.45,5399,5400.5,689,
2024-09-30 12:00:00+05:30,5400.5,5401.25,5399.65,5399.85,1080,
2024-09-30 12:01:00+05:30,5399.85,5402.5,5399.85,5402.35,1344,
2024-09-30 12:02:00+05:30,5403,5407.25,5400.7,5401.05,1237,
2024-09-30 12:03:00+05:30,5400.8,5401.8,5398.5,5399.1,1112,
2024-09-30 12:04:00+05:30,5400,5400.05,5397.6,5399.15,1917,
2024-09-30 12:05:00+05:30,5399.15,5400.25,5398.65,5399.9,1193,
2024-09-30 12:06:00+05:30,5399.9,5400.3,5397.45,5399.4,800,
2024-09-30 12:07:00+05:30,5401.3,5401.3,5399.2,5400,1129,
2024-09-30 12:08:00+05:30,5401.45,5401.45,5399.6,5400.15,749,
2024-09-30 12:09:00+05:30,5400.05,5400.55,5397.45,5399.65,887,
2024-09-30 12:10:00+05:30,5399.65,5400.95,5399.65,5400.6,717,
2024-09-30 12:11:00+05:30,5400.6,5400.95,5396,5399.85,2047,
2024-09-30 12:12:00+05:30,5399.85,5400.95,5398.3,5399.1,1545,
2024-09-30 12:13:00+05:30,5399.1,5400.95,5398.45,5400,641,
2024-09-30 12:14:00+05:30,5400,5400.8,5399.45,5399.8,629,
2024-09-30 12:15:00+05:30,5399.8,5400.7,5396.95,5400.1,694,
2024-09-30 12:16:00+05:30,5400.1,5400.7,5399.3,5399.3,1434,
2024-09-30 12:17:00+05:30,5399.3,5400.3,5397.35,5399.9,1305,
2024-09-30 12:18:00+05:30,5399.9,5400.75,5399.5,5399.9,604,
2024-09-30 12:19:00+05:30,5399.9,5400.4,5399.5,5400,804,
2024-09-30 12:20:00+05:30,5400.4,5400.4,5399.65,5400.4,782,
2024-09-30 12:21:00+05:30,5400.4,5400.4,5397.35,5400,1232,
2024-09-30 12:22:00+05:30,5400,5400.4,5397.95,5397.95,1043,
2024-09-30 12:23:00+05:30,5397.9,5400.2,5397.9,5399.4,970,
2024-09-30 12:24:00+05:30,5399.65,5400,5397.95,5398.9,1150,
2024-09-30 12:25:00+05:30,5398.9,5400,5397.3,5399.05,1036,
2024-09-30 12:26:00+05:30,5399.05,5400,5398.55,5399.25,700,
2024-09-30 12:27:00+05:30,5400,5401,5399.25,5400.4,899,
2024-09-30 12:28:00+05:30,5400.4,5401.45,5398.8,5398.8,7301,
2024-09-30 12:29:00+05:30,5398.35,5400.95,5396.3,5400.05,2272,
2024-09-30 12:30:00+05:30,5400.05,5400.4,5393.55,5399.05,3251,
2024-09-30 12:31:00+05:30,5399.05,5400,5395.8,5398.5,1487,
2024-09-30 12:32:00+05:30,5398.5,5399.7,5393.05,5395.8,1157,
2024-09-30 12:33:00+05:30,5395.8,5397.25,5392.75,5395,811,
2024-09-30 12:34:00+05:30,5395,5404.35,5395,5403.85,2038,
2024-09-30 12:35:00+05:30,5403.85,5403.85,5399.5,5401.35,2764,
2024-09-30 12:36:00+05:30,5401.35,5403.75,5396.4,5397.25,13210,
2024-09-30 12:37:00+05:30,5397.25,5401.65,5397.05,5397.05,2224,
2024-09-30 12:38:00+05:30,5397.05,5401.5,5396.65,5400.35,2570,
2024-09-30 12:39:00+05:30,5400.4,5406.9,5399.95,5406.9,2078,
2024-09-30 12:40:00+05:30,5406.9,5407.25,5403.5,5406.1,2097,
2024-09-30 12:41:00+05:30,5406.1,5412.3,5406.1,5408,2421,
2024-09-30 12:42:00+05:30,5408.05,5417.85,5408.05,5416.1,3511,
2024-09-30 12:43:00+05:30,5416.1,5429.65,5416.1,5426.05,4780,
2024-09-30 12:44:00+05:30,5426.05,5431.3,5425,5430.65,3903,
2024-09-30 12:45:00+05:30,5430.65,5435,5428.5,5433,4593,
2024-09-30 12:46:00+05:30,5433,5439.9,5433,5439.9,3967,
2024-09-30 12:47:00+05:30,5437.5,5445,5431.8,5441.05,7463,
2024-09-30 12:48:00+05:30,5441.05,5443.85,5439.05,5440.45,4462,
2024-09-30 12:49:00+05:30,5440.45,5444.6,5439.3,5441.65,4379,
2024-09-30 12:50:00+05:30,5441.65,5441.65,5421.2,5421.2,2915,
2024-09-30 12:51:00+05:30,5423.1,5423.1,5410.1,5413.5,1902,
2024-09-30 12:52:00+05:30,5413.5,5413.5,5406.3,5407.35,1432,
2024-09-30 12:53:00+05:30,5407.35,5410,5406.15,5408.8,1004,
2024-09-30 12:54:00+05:30,5408.8,5423.05,5406.2,5422.75,3154,
2024-09-30 12:55:00+05:30,5422.75,5426.75,5414.55,5426.6,3898,
2024-09-30 12:56:00+05:30,5427.4,5432.8,5425,5432.8,4086,
2024-09-30 12:57:00+05:30,5432.95,5435.2,5428.85,5433.4,4520,
2024-09-30 12:58:00+05:30,5433.4,5437.1,5432.2,5437.05,3568,
2024-09-30 12:59:00+05:30,5437.1,5441,5436,5441,5446,
2024-09-30 13:00:00+05:30,5440,5448.4,5440,5448,4532,
2024-09-30 13:01:00+05:30,5448,5451.9,5445.1,5448.5,4828,
2024-09-30 13:02:00+05:30,5447.3,5449.85,5445,5447.2,3884,
2024-09-30 13:03:00+05:30,5447.2,5449.9,5445,5449.9,4604,
2024-09-30 13:04:00+05:30,5449.9,5449.9,5446.15,5449.2,4050,
2024-09-30 13:05:00+05:30,5449.35,5450,5447.25,5448.7,3645,
2024-09-30 13:06:00+05:30,5448.7,5449.4,5443.35,5443.35,4098,
2024-09-30 13:07:00+05:30,5443.35,5444.35,5421.1,5423.25,2930,
2024-09-30 13:08:00+05:30,5423.25,5426.15,5413.55,5416.3,1748,
2024-09-30 13:09:00+05:30,5415.8,5418.2,5410.55,5416.4,1679,
2024-09-30 13:10:00+05:30,5416.4,5417.7,5411.25,5413,808,
2024-09-30 13:11:00+05:30,5412.1,5433.45,5412.05,5426.95,3424,
2024-09-30 13:12:00+05:30,5426.95,5435,5425.1,5433.05,4033,
2024-09-30 13:13:00+05:30,5433,5437.75,5432.15,5437.25,3721,
2024-09-30 13:14:00+05:30,5437.25,5441.3,5434.9,5440.6,4047,
2024-09-30 13:15:00+05:30,5440.6,5444.95,5435.15,5440,5035,
2024-09-30 13:16:00+05:30,5440,5441.35,5434.25,5436.5,4487,
2024-09-30 13:17:00+05:30,5436.5,5444.55,5436.25,5444.55,4513,
2024-09-30 13:18:00+05:30,5445,5445,5438.15,5443,4165,
2024-09-30 13:19:00+05:30,5443.05,5447.05,5441.6,5446,3579,
2024-09-30 13:20:00+05:30,5446.45,5448.5,5445.2,5448.2,4384,
2024-09-30 13:21:00+05:30,5448.2,5449.45,5440.2,5443.1,4816,
2024-09-30 13:22:00+05:30,5443.1,5450,5443.05,5450,4191,
2024-09-30 13:23:00+05:30,5450,5450.75,5447.1,5450.1,5143,
2024-09-30 13:24:00+05:30,5450.1,5453.2,5445.5,5446.7,4601,
2024-09-30 13:25:00+05:30,5449.25,5449.5,5427.8,5427.8,1413,
2024-09-30 13:26:00+05:30,5429.35,5430.9,5421,5424.25,1565,
2024-09-30 13:27:00+05:30,5424.25,5426.45,5417.45,5418.4,1059,
2024-09-30 13:28:00+05:30,5418.4,5421.1,5412.8,5415.1,1228,
2024-09-30 13:29:00+05:30,5415.1,5417.6,5411.1,5412.15,973,
2024-09-30 13:30:00+05:30,5411.1,5412.55,5406.8,5408.9,1476,
2024-09-30 13:31:00+05:30,5410.05,5410.55,5407.05,5409.35,1316,
2024-09-30 13:32:00+05:30,5409.3,5411,5407.05,5410.05,788,
2024-09-30 13:33:00+05:30,5410,5415.2,5410,5413.95,1012,
2024-09-30 13:34:00+05:30,5413.9,5417.4,5411.05,5413.6,663,
2024-09-30 13:35:00+05:30,5415.8,5419,5411,5412.55,690,
2024-09-30 13:36:00+05:30,5412.55,5423.45,5412.55,5422.3,1778,
2024-09-30 13:37:00+05:30,5422.3,5427.05,5419.9,5423.85,1284,
2024-09-30 13:38:00+05:30,5423.8,5428.25,5423.2,5427,1449,
2024-09-30 13:39:00+05:30,5427,5427,5419.1,5420.05,1151,
2024-09-30 13:40:00+05:30,5420,5431.3,5420,5420.85,2198,
2024-09-30 13:41:00+05:30,5420.85,5431.55,5420.85,5425.65,2182,
2024-09-30 13:42:00+05:30,5425.65,5429.05,5423,5428.15,1697,
2024-09-30 13:43:00+05:30,5428.15,5429.55,5424,5428.9,1156,
2024-09-30 13:44:00+05:30,5427.9,5429,5423.05,5425.9,1698,
2024-09-30 13:45:00+05:30,5425.9,5428.6,5423.4,5427.65,1280,
2024-09-30 13:46:00+05:30,5427.65,5429,5424.25,5424.65,1124,
2024-09-30 13:47:00+05:30,5426.55,5429,5424.05,5426.95,1144,
2024-09-30 13:48:00+05:30,5426.95,5431.2,5426.05,5431.2,1406,
2024-09-30 13:49:00+05:30,5429.4,5435.6,5429.4,5433.25,1196,
2024-09-30 13:50:00+05:30,5433.3,5434.7,5429.65,5430.05,1226,
2024-09-30 13:51:00+05:30,5429.4,5431,5427.5,5427.5,1214,
2024-09-30 13:52:00+05:30,5427.5,5432.45,5427.5,5430.45,1076,
2024-09-30 13:53:00+05:30,5430.45,5430.6,5426.4,5428.85,1008,
2024-09-30 13:54:00+05:30,5428.85,5431.1,5428,5428.05,1234,
2024-09-30 13:55:00+05:30,5428.05,5429.9,5426,5428.85,1017,
2024-09-30 13:56:00+05:30,5428.85,5431.1,5426,5431.1,3960,
2024-09-30 13:57:00+05:30,5431.1,5431.6,5429,5429,1135,
2024-09-30 13:58:00+05:30,5429,5436.85,5429,5433.95,2070,
2024-09-30 13:59:00+05:30,5434.25,5439,5434.25,5437.75,1932,
2024-09-30 14:00:00+05:30,5437.75,5449.95,5437.75,5449,2680,
2024-09-30 14:01:00+05:30,5449,5449,5442.8,5447.55,1879,
2024-09-30 14:02:00+05:30,5447.55,5452.4,5446.75,5450.15,2387,
2024-09-30 14:03:00+05:30,5450.15,5452.45,5447,5450,1253,
2024-09-30 14:04:00+05:30,5450,5451.85,5447,5450,1015,
2024-09-30 14:05:00+05:30,5448.85,5450.9,5447,5450.5,1854,
2024-09-30 14:06:00+05:30,5448.35,5455,5448.25,5453.5,2203,
2024-09-30 14:07:00+05:30,5453.5,5453.5,5445.45,5449.65,1234,
2024-09-30 14:08:00+05:30,5449.25,5452.35,5447.9,5450,1424,
2024-09-30 14:09:00+05:30,5450,5451.2,5446.6,5450,2343,
2024-09-30 14:10:00+05:30,5450,5450.5,5445.1,5449.55,1711,
2024-09-30 14:11:00+05:30,5449.55,5449.55,5446.15,5447.35,1125,
2024-09-30 14:12:00+05:30,5447.35,5451.9,5446.15,5450.75,2291,
2024-09-30 14:13:00+05:30,5450.75,5452,5446.05,5449.2,1015,
2024-09-30 14:14:00+05:30,5449.75,5451.5,5448.45,5448.45,1319,
2024-09-30 14:15:00+05:30,5448.45,5449.9,5440.55,5440.6,1787,
2024-09-30 14:16:00+05:30,5440.55,5447.15,5440.55,5444.65,1630,
2024-09-30 14:17:00+05:30,5444.65,5452.95,5444.65,5450.15,4127,
2024-09-30 14:18:00+05:30,5450.1,5454,5447.1,5447.15,973,
2024-09-30 14:19:00+05:30,5447.6,5453.05,5447.6,5450.5,979,
2024-09-30 14:20:00+05:30,5450.5,5452.4,5444.95,5449.4,1489,
2024-09-30 14:21:00+05:30,5449.45,5449.65,5445.1,5449.3,1178,
2024-09-30 14:22:00+05:30,5446.8,5448.8,5446.6,5448.05,1160,
2024-09-30 14:23:00+05:30,5448,5450,5444.95,5449.05,1902,
2024-09-30 14:24:00+05:30,5449.05,5449.6,5444.1,5448,1658,
2024-09-30 14:25:00+05:30,5448,5450,5448,5448.3,1355,
2024-09-30 14:26:00+05:30,5450,5451.2,5447,5451,1495,
2024-09-30 14:27:00+05:30,5451.2,5451.2,5445.4,5449.95,1084,
2024-09-30 14:28:00+05:30,5449.95,5452.5,5447.85,5450.65,1824,
2024-09-30 14:29:00+05:30,5448.25,5450.85,5446,5447.05,1306,
2024-09-30 14:30:00+05:30,5447,5451.8,5447,5451.5,1050,
2024-09-30 14:31:00+05:30,5451.5,5452.05,5448.35,5450.35,1237,
2024-09-30 14:32:00+05:30,5450.35,5451.85,5445.95,5451.4,1043,
2024-09-30 14:33:00+05:30,5451.4,5453.2,5447.5,5450,1310,
2024-09-30 14:34:00+05:30,5447.35,5449.8,5444.35,5446.7,1419,
2024-09-30 14:35:00+05:30,5446.7,5449.2,5444.1,5444.1,1728,
2024-09-30 14:36:00+05:30,5444.45,5445.3,5439.5,5444.4,1258,
2024-09-30 14:37:00+05:30,5444.4,5447,5440.75,5443.3,1379,
2024-09-30 14:38:00+05:30,5443.3,5447.75,5441.65,5444.95,2988,
2024-09-30 14:39:00+05:30,5444.05,5448.65,5444.05,5448.65,1626,
2024-09-30 14:40:00+05:30,5448.95,5450.5,5446.5,5449.4,1798,
2024-09-30 14:41:00+05:30,5448.55,5450.6,5446,5450,1263,
2024-09-30 14:42:00+05:30,5450,5450,5440.35,5444.45,4294,
2024-09-30 14:43:00+05:30,5444.75,5449.75,5441.6,5445.95,3114,
2024-09-30 14:44:00+05:30,5445.95,5452,5445.95,5446.8,1635,
2024-09-30 14:45:00+05:30,5446.8,5451.1,5446.8,5450,1140,
2024-09-30 14:46:00+05:30,5450,5457.5,5449.25,5457.5,2988,
2024-09-30 14:47:00+05:30,5457.9,5463.95,5454.5,5457.5,2683,
2024-09-30 14:48:00+05:30,5460.05,5463,5459.5,5461,1458,
2024-09-30 14:49:00+05:30,5458.95,5460.15,5454.85,5458.7,1106,
2024-09-30 14:50:00+05:30,5458,5461.5,5457.25,5461.5,1251,
2024-09-30 14:51:00+05:30,5461.1,5461.7,5456.9,5457.4,1214,
2024-09-30 14:52:00+05:30,5458.9,5462.2,5457.05,5461.5,1369,
2024-09-30 14:53:00+05:30,5460.4,5460.4,5457.55,5458.9,2164,
2024-09-30 14:54:00+05:30,5459.6,5468.7,5459.3,5465.45,2412,
2024-09-30 14:55:00+05:30,5468.45,5469,5465.35,5466.75,1443,
2024-09-30 14:56:00+05:30,5468.4,5468.4,5462.15,5464.45,3352,
2024-09-30 14:57:00+05:30,5463.2,5465.7,5460.4,5464.1,1833,
2024-09-30 14:58:00+05:30,5464.1,5465.9,5460.4,5462.15,1640,
2024-09-30 14:59:00+05:30,5461.15,5466.05,5455.8,5455.8,4416,
2024-09-30 15:00:00+05:30,5456.75,5460,5449.4,5450.25,5982,
2024-09-30 15:01:00+05:30,5450.3,5451.9,5441.05,5443.95,3440,
2024-09-30 15:02:00+05:30,5443.8,5447.4,5441.3,5447.1,3017,
2024-09-30 15:03:00+05:30,5447.15,5447.15,5440.95,5442.25,3327,
2024-09-30 15:04:00+05:30,5442.25,5449.75,5442.25,5447.75,3075,
2024-09-30 15:05:00+05:30,5447.7,5447.95,5444.4,5444.75,2894,
2024-09-30 15:06:00+05:30,5444.75,5447.3,5444.15,5445.25,2685,
2024-09-30 15:07:00+05:30,5445.2,5446.9,5445,5445.85,1966,
2024-09-30 15:08:00+05:30,5446.85,5446.85,5441.35,5443.15,3053,
2024-09-30 15:09:00+05:30,5443.15,5443.55,5441.4,5443.4,2852,
2024-09-30 15:10:00+05:30,5444.65,5446.9,5442.05,5445.15,2953,
2024-09-30 15:11:00+05:30,5445.15,5445.95,5441.3,5441.3,2621,
2024-09-30 15:12:00+05:30,5443.4,5444.95,5442.35,5444.4,2965,
2024-09-30 15:13:00+05:30,5444.4,5447.95,5443.45,5443.95,3396,
2024-09-30 15:14:00+05:30,5444.55,5446.7,5441.4,5444,3536,
2024-09-30 15:15:00+05:30,5444,5444.95,5440.95,5442.05,2890,
2024-09-30 15:16:00+05:30,5442.05,5442.85,5438.45,5441.75,3139,
2024-09-30 15:17:00+05:30,5441.75,5442,5441.05,5441.5,3079,
2024-09-30 15:18:00+05:30,5441.5,5441.9,5437,5437.3,3539,
2024-09-30 15:19:00+05:30,5437.3,5440.45,5433.75,5440.45,4600,
2024-09-30 15:20:00+05:30,5439.95,5439.95,5432.75,5432.75,4416,
2024-09-30 15:21:00+05:30,5432.05,5441.5,5432.05,5441.05,4664,
2024-09-30 15:22:00+05:30,5440.25,5442.9,5435.85,5441.55,4272,
2024-09-30 15:23:00+05:30,5440.75,5441.95,5439.3,5440.85,3596,
2024-09-30 15:24:00+05:30,5440.15,5440.85,5435.25,5438.1,4091,
2024-09-30 15:25:00+05:30,5438.1,5444.9,5438,5443.15,3342,
2024-09-30 15:26:00+05:30,5443.15,5448.4,5443.15,5445.55,2909,
2024-09-30 15:27:00+05:30,5445.1,5445.55,5440.9,5444.45,3154,
2024-09-30 15:28:00+05:30,5445.35,5445.35,5434.2,5445,1272,
2024-09-30 15:29:00+05:30,5445,5460.4,5437.6,5460.4,1787,
2024-10-01 09:15:00+05:30,5440.55,5464.05,5435,5445.65,5125,
2024-10-01 09:16:00+05:30,5453.45,5453.45,5439.8,5451.45,4177,
2024-10-01 09:17:00+05:30,5447.55,5451.45,5432.95,5432.95,1533,
2024-10-01 09:18:00+05:30,5431.7,5439.25,5428.1,5429.7,8206,
2024-10-01 09:19:00+05:30,5429.55,5433.75,5421.25,5421.25,7281,
2024-10-01 09:20:00+05:30,5424.95,5424.95,5405.55,5405.55,15442,
2024-10-01 09:21:00+05:30,5406.3,5413.75,5404.7,5409.25,5624,
2024-10-01 09:22:00+05:30,5409.25,5434.55,5406.1,5432.05,7022,
2024-10-01 09:23:00+05:30,5432.05,5441.65,5431.55,5441.65,5536,
2024-10-01 09:24:00+05:30,5441.65,5444.9,5423.4,5428.65,4865,
2024-10-01 09:25:00+05:30,5426.85,5441.3,5425,5425,1597,
2024-10-01 09:26:00+05:30,5425,5428.15,5420.4,5425.3,7174,
2024-10-01 09:27:00+05:30,5425.3,5434.35,5424.05,5429.35,4053,
2024-10-01 09:28:00+05:30,5429.35,5432.35,5424.55,5430.55,3944,
2024-10-01 09:29:00+05:30,5430.5,5437.5,5427.75,5433.75,1870,
2024-10-01 09:30:00+05:30,5436.55,5441.8,5434.2,5439.05,1579,
2024-10-01 09:31:00+05:30,5439.05,5442.5,5434.3,5439.2,1981,
2024-10-01 09:32:00+05:30,5442,5445.7,5429.1,5429.6,4200,
2024-10-01 09:33:00+05:30,5429.6,5436.05,5427,5427,3276,
2024-10-01 09:34:00+05:30,5427,5431.45,5423.1,5423.1,3246,
2024-10-01 09:35:00+05:30,5424,5427.85,5415.2,5422.35,3676,
2024-10-01 09:36:00+05:30,5424.75,5424.9,5410.1,5413,5385,
2024-10-01 09:37:00+05:30,5413,5414.3,5408.1,5413.1,3719,
2024-10-01 09:38:00+05:30,5416.7,5420.7,5412.6,5418,2151,
2024-10-01 09:39:00+05:30,5418,5422.3,5417.9,5419,1326,
2024-10-01 09:40:00+05:30,5419,5426,5418.85,5422.9,2018,
2024-10-01 09:41:00+05:30,5422.9,5424.65,5410.4,5411.6,4056,
2024-10-01 09:42:00+05:30,5411.5,5415.95,5409.7,5411.1,2453,
2024-10-01 09:43:00+05:30,5411.1,5412.55,5409.2,5412.25,1600,
2024-10-01 09:44:00+05:30,5410.55,5412.35,5410.25,5410.75,1821,
2024-10-01 09:45:00+05:30,5412.25,5413.15,5406.05,5409.85,2879,
2024-10-01 09:46:00+05:30,5406.75,5411.5,5401.7,5402.35,2267,
2024-10-01 09:47:00+05:30,5402.35,5404.15,5399.7,5401.1,2641,
2024-10-01 09:48:00+05:30,5400.6,5404.25,5397.1,5401.3,3499,
2024-10-01 09:49:00+05:30,5401.3,5405.8,5398,5403.5,2708,
2024-10-01 09:50:00+05:30,5403.5,5409.2,5403.1,5409.2,990,
2024-10-01 09:51:00+05:30,5409.2,5420.6,5407.25,5418.25,2943,
2024-10-01 09:52:00+05:30,5418.25,5420.2,5415.7,5416.8,1465,
2024-10-01 09:53:00+05:30,5416.8,5419,5416.8,5417.5,659,
2024-10-01 09:54:00+05:30,5417.5,5419.8,5416.65,5419.35,1988,
2024-10-01 09:55:00+05:30,5419.35,5420.8,5417.7,5418.8,389,
2024-10-01 09:56:00+05:30,5418.8,5419.3,5409.4,5410.85,2796,
2024-10-01 09:57:00+05:30,5411.55,5412.65,5407.35,5408,1945,
2024-10-01 09:58:00+05:30,5408,5415.6,5407.7,5408,2488,
2024-10-01 09:59:00+05:30,5406.8,5411.45,5404.35,5407.15,1797,
2024-10-01 10:00:00+05:30,5407.15,5413.15,5405.45,5410.1,1868,
2024-10-01 10:01:00+05:30,5410.95,5413.5,5408.5,5409.95,1354,
2024-10-01 10:02:00+05:30,5409.95,5414.95,5409.95,5414.95,606,
2024-10-01 10:03:00+05:30,5411.9,5413.1,5409.6,5411.05,1885,
2024-10-01 10:04:00+05:30,5411.05,5412.85,5410.45,5412.85,1578,
2024-10-01 10:05:00+05:30,5415,5417.8,5412.9,5417.8,976,
2024-10-01 10:06:00+05:30,5418.15,5425.35,5418.15,5422.25,2125,
2024-10-01 10:07:00+05:30,5422.3,5424.45,5420.05,5420.05,1547,
2024-10-01 10:08:00+05:30,5420.05,5423.1,5419.8,5420.35,593,
2024-10-01 10:09:00+05:30,5422.5,5422.5,5413.45,5416.45,922,
2024-10-01 10:10:00+05:30,5416.45,5418.7,5414.8,5415.05,1158,
2024-10-01 10:11:00+05:30,5415.05,5417.2,5407.9,5407.9,2284,
2024-10-01 10:12:00+05:30,5407.9,5409.9,5406.05,5406.3,2508,
2024-10-01 10:13:00+05:30,5406.3,5406.35,5404.65,5406.35,2055,
2024-10-01 10:14:00+05:30,5406.15,5410.15,5405,5407.75,784,
2024-10-01 10:15:00+05:30,5407.8,5413.05,5407.8,5410.85,752,
2024-10-01 10:16:00+05:30,5410.85,5419.55,5410.85,5419.5,544,
2024-10-01 10:17:00+05:30,5419.5,5419.5,5417.2,5419,854,
2024-10-01 10:18:00+05:30,5419,5419,5417.25,5417.8,284,
2024-10-01 10:19:00+05:30,5417.8,5418.35,5412.95,5415.5,1104,
2024-10-01 10:20:00+05:30,5415.5,5415.95,5415.1,5415.1,1071,
2024-10-01 10:21:00+05:30,5415.1,5415.95,5406.05,5406.2,2387,
2024-10-01 10:22:00+05:30,5406.2,5408.55,5405.5,5406.15,1706,
2024-10-01 10:23:00+05:30,5406.15,5407.7,5404.85,5406.5,1723,
2024-10-01 10:24:00+05:30,5406.5,5407.1,5401.7,5401.8,1723,
2024-10-01 10:25:00+05:30,5401.9,5405.8,5401.15,5402.05,2084,
2024-10-01 10:26:00+05:30,5401.1,5402.6,5395,5395,1899,
2024-10-01 10:27:00+05:30,5394.85,5396.6,5391.75,5395.7,1270,
2024-10-01 10:28:00+05:30,5395.7,5398.6,5395,5395.25,760,
2024-10-01 10:29:00+05:30,5395.25,5399.55,5395.25,5399.55,655,
2024-10-01 10:30:00+05:30,5399.55,5399.55,5394.1,5394.1,786,
2024-10-01 10:31:00+05:30,5394.95,5396.8,5393.25,5393.25,1223,
2024-10-01 10:32:00+05:30,5393.25,5394.55,5390.15,5392.8,998,
2024-10-01 10:33:00+05:30,5392.85,5392.85,5382,5382.45,2163,
2024-10-01 10:34:00+05:30,5382.45,5389.1,5382.1,5383.95,2452,
2024-10-01 10:35:00+05:30,5383.95,5383.95,5375.6,5377.35,2371,
2024-10-01 10:36:00+05:30,5375.9,5381.35,5375.9,5379,1751,
2024-10-01 10:37:00+05:30,5378.95,5381.9,5375.6,5381.7,1513,
2024-10-01 10:38:00+05:30,5383.7,5386.15,5379.05,5381.1,837,
2024-10-01 10:39:00+05:30,5379.05,5388.5,5379.05,5385.3,230,
2024-10-01 10:40:00+05:30,5385.3,5387.4,5384.5,5387,577,
2024-10-01 10:41:00+05:30,5387,5389.05,5385.55,5388.75,311,
2024-10-01 10:42:00+05:30,5386.3,5386.3,5383,5385.15,560,
2024-10-01 10:43:00+05:30,5385.15,5385.15,5381.55,5385,978,
2024-10-01 10:44:00+05:30,5385,5385,5382.3,5382.75,379,
2024-10-01 10:45:00+05:30,5382.75,5384.85,5377.75,5382.85,2789,
2024-10-01 10:46:00+05:30,5382.85,5384.7,5379.8,5381.6,690,
2024-10-01 10:47:00+05:30,5380,5383.6,5379,5383.6,705,
2024-10-01 10:48:00+05:30,5383.6,5385,5380.65,5384.95,1051,
2024-10-01 10:49:00+05:30,5384.95,5384.95,5379.45,5380.7,421,
2024-10-01 10:50:00+05:30,5380.7,5385.8,5380.6,5385.8,813,
2024-10-01 10:51:00+05:30,5385.8,5389.1,5383.65,5387.4,652,
2024-10-01 10:52:00+05:30,5387.4,5387.4,5385,5386.05,694,
2024-10-01 10:53:00+05:30,5386.05,5386.6,5380.55,5381.35,447,
2024-10-01 10:54:00+05:30,5381.35,5384.35,5380.6,5382.55,768,
2024-10-01 10:55:00+05:30,5382.55,5382.55,5377.05,5380.05,713,
2024-10-01 10:56:00+05:30,5380.05,5380.05,5377.2,5377.4,144,
2024-10-01 10:57:00+05:30,5377.4,5378.05,5374.95,5374.95,1038,
2024-10-01 10:58:00+05:30,5374.95,5377.65,5374.95,5377.6,2039,
2024-10-01 10:59:00+05:30,5377.65,5388.8,5375.65,5386.5,1824,
2024-10-01 11:00:00+05:30,5386.5,5390.1,5383.75,5383.75,1694,
2024-10-01 11:01:00+05:30,5383.75,5385.5,5380.55,5382.35,470,
2024-10-01 11:02:00+05:30,5382.35,5388.25,5382.3,5387.8,389,
2024-10-01 11:03:00+05:30,5387.8,5387.8,5384.75,5384.9,431,
2024-10-01 11:04:00+05:30,5384.9,5384.9,5377.8,5378.2,1761,
2024-10-01 11:05:00+05:30,5378.2,5382.55,5378.2,5382.5,2105,
2024-10-01 11:06:00+05:30,5382.5,5384.05,5380.85,5384.05,773,
2024-10-01 11:07:00+05:30,5384.05,5385.05,5381.6,5385.05,173,
2024-10-01 11:08:00+05:30,5385.05,5392.15,5385.05,5391.05,1427,
2024-10-01 11:09:00+05:30,5391.05,5391.05,5382.45,5382.45,1194,
2024-10-01 11:10:00+05:30,5382.45,5384.8,5379.95,5384.1,777,
2024-10-01 11:11:00+05:30,5384.1,5385,5381.05,5384.85,1546,
2024-10-01 11:12:00+05:30,5382.6,5385.35,5381.2,5385,1243,
2024-10-01 11:13:00+05:30,5385,5385,5374.95,5377.55,2706,
2024-10-01 11:14:00+05:30,5377.55,5380.8,5376.2,5380.8,1662,
2024-10-01 11:15:00+05:30,5380.8,5382.1,5378.9,5379.9,1067,
2024-10-01 11:16:00+05:30,5379.9,5380,5376.3,5378.95,2562,
2024-10-01 11:17:00+05:30,5378.95,5380,5376.3,5378.3,621,
2024-10-01 11:18:00+05:30,5378.3,5380,5378.3,5379.2,291,
2024-10-01 11:19:00+05:30,5379.2,5380,5376.25,5378.2,1091,
2024-10-01 11:20:00+05:30,5378.2,5379,5376.15,5377.85,165,
2024-10-01 11:21:00+05:30,5376.1,5378,5371.7,5373.45,3169,
2024-10-01 11:22:00+05:30,5373.45,5377.1,5371.95,5372.1,1517,
2024-10-01 11:23:00+05:30,5372.1,5373.8,5370.25,5373.55,613,
2024-10-01 11:24:00+05:30,5373.55,5373.65,5371.6,5373.65,1020,
2024-10-01 11:25:00+05:30,5373.65,5375.45,5371.35,5371.35,702,
2024-10-01 11:26:00+05:30,5371.35,5374.85,5371.3,5372,594,
2024-10-01 11:27:00+05:30,5372,5377.6,5372,5377.6,666,
2024-10-01 11:28:00+05:30,5377.6,5377.6,5374.4,5374.4,128,
2024-10-01 11:29:00+05:30,5374.4,5377.25,5372.1,5374.3,514,
2024-10-01 11:30:00+05:30,5374.9,5374.9,5373.3,5374.7,230,
2024-10-01 11:31:00+05:30,5374.5,5374.5,5370.05,5370.4,9593,
2024-10-01 11:32:00+05:30,5372.5,5375,5372.5,5374.1,846,
2024-10-01 11:33:00+05:30,5374.1,5374.25,5371.6,5374.2,481,
2024-10-01 11:34:00+05:30,5374.2,5374.2,5372,5373.85,1844,
2024-10-01 11:35:00+05:30,5373.85,5378,5373.85,5377.1,1885,
2024-10-01 11:36:00+05:30,5377.1,5377.1,5370.55,5374.05,5387,
2024-10-01 11:37:00+05:30,5374.05,5376.9,5373.6,5374.3,504,
2024-10-01 11:38:00+05:30,5374.3,5377.4,5374.3,5374.65,389,
2024-10-01 11:39:00+05:30,5376.45,5378,5373.2,5374.65,1175,
2024-10-01 11:40:00+05:30,5374.65,5374.65,5372.75,5373.8,328,
2024-10-01 11:41:00+05:30,5372.75,5374.55,5372.75,5373,597,
2024-10-01 11:42:00+05:30,5373,5373.85,5372,5373.65,605,
2024-10-01 11:43:00+05:30,5373.65,5373.65,5371.75,5373.1,1176,
2024-10-01 11:44:00+05:30,5373.1,5375.95,5371.8,5374.8,921,
2024-10-01 11:45:00+05:30,5374.8,5374.95,5374.8,5374.8,825,
2024-10-01 11:46:00+05:30,5374.8,5377.9,5374.2,5375.2,1618,
2024-10-01 11:47:00+05:30,5375.15,5376.7,5372.9,5375.2,700,
2024-10-01 11:48:00+05:30,5375.2,5375.2,5368.35,5370,1682,
2024-10-01 11:49:00+05:30,5370,5374.75,5368.05,5372.7,1457,
2024-10-01 11:50:00+05:30,5374.45,5375.3,5370.25,5372,259,
2024-10-01 11:51:00+05:30,5370.7,5372.55,5370.7,5372.55,757,
2024-10-01 11:52:00+05:30,5372.55,5372.95,5371.05,5372.5,1005,
2024-10-01 11:53:00+05:30,5372.5,5374.35,5372.2,5374.35,416,
2024-10-01 11:54:00+05:30,5374.35,5374.35,5372.2,5373.85,946,
2024-10-01 11:55:00+05:30,5373.85,5374.15,5372,5374.15,1461,
2024-10-01 11:56:00+05:30,5374.15,5378,5374.15,5376.25,1611,
2024-10-01 11:57:00+05:30,5376.25,5376.25,5372.7,5372.7,1173,
2024-10-01 11:58:00+05:30,5372.7,5374.65,5372.15,5374.3,226,
2024-10-01 11:59:00+05:30,5374.3,5378,5372.2,5375.6,2464,
2024-10-01 12:00:00+05:30,5375.6,5376.4,5372,5375.65,5840,
2024-10-01 12:01:00+05:30,5375.65,5376.3,5373.1,5375.95,703,
2024-10-01 12:02:00+05:30,5375.85,5378.65,5375,5375.05,4538,
2024-10-01 12:03:00+05:30,5375.05,5376.8,5371.05,5371.05,2695,
2024-10-01 12:04:00+05:30,5371.05,5374.1,5371.05,5371.1,282,
2024-10-01 12:05:00+05:30,5370.1,5370.3,5366.2,5368.8,1851,
2024-10-01 12:06:00+05:30,5368.8,5368.8,5364.1,5364.5,1583,
2024-10-01 12:07:00+05:30,5364.55,5370.7,5362.75,5367.15,3030,
2024-10-01 12:08:00+05:30,5367.15,5371,5367.15,5368.7,378,
2024-10-01 12:09:00+05:30,5368.7,5375.1,5368.7,5375.05,262,
2024-10-01 12:10:00+05:30,5375.05,5375.8,5373.15,5375.8,1648,
2024-10-01 12:11:00+05:30,5375.8,5375.85,5373.55,5375.5,2613,
2024-10-01 12:12:00+05:30,5375,5375,5371,5371,5539,
2024-10-01 12:13:00+05:30,5371,5372.2,5369.2,5371.6,191,
2024-10-01 12:14:00+05:30,5371.6,5371.65,5369.85,5369.85,470,
2024-10-01 12:15:00+05:30,5369.85,5371.25,5366.4,5367.55,1328,
2024-10-01 12:16:00+05:30,5367.55,5368.6,5366.4,5368.4,606,
2024-10-01 12:17:00+05:30,5368.4,5370.8,5367.35,5370.8,858,
2024-10-01 12:18:00+05:30,5370.8,5373.7,5370.8,5373,733,
2024-10-01 12:19:00+05:30,5373,5373.05,5371.95,5373,322,
2024-10-01 12:20:00+05:30,5373.05,5373.05,5371.4,5373.05,838,
2024-10-01 12:21:00+05:30,5373.05,5373.05,5371.3,5373.05,532,
2024-10-01 12:22:00+05:30,5373.05,5375,5370.5,5372.75,2201,
2024-10-01 12:23:00+05:30,5372.75,5372.75,5372.5,5372.5,623,
2024-10-01 12:24:00+05:30,5372.5,5372.5,5371.15,5372.5,342,
2024-10-01 12:25:00+05:30,5372.5,5372.5,5372,5372.5,324,
2024-10-01 12:26:00+05:30,5372.5,5372.7,5372,5372.7,484,
2024-10-01 12:27:00+05:30,5372.7,5372.7,5371.25,5372,383,
2024-10-01 12:28:00+05:30,5372,5372.7,5372,5372.7,352,
2024-10-01 12:29:00+05:30,5372.7,5376.8,5372.7,5375.05,3407,
2024-10-01 12:30:00+05:30,5376.8,5377.2,5372.05,5375.05,5783,
2024-10-01 12:31:00+05:30,5375.05,5378.95,5374.8,5378.95,1122,
2024-10-01 12:32:00+05:30,5378.95,5385,5371.95,5384,9746,
2024-10-01 12:33:00+05:30,5384,5386.05,5380.3,5384.1,1903,
2024-10-01 12:34:00+05:30,5384.1,5389.45,5383,5388.5,2852,
2024-10-01 12:35:00+05:30,5388.5,5394,5387.55,5387.55,1388,
2024-10-01 12:36:00+05:30,5387.55,5387.55,5379.8,5383.7,905,
2024-10-01 12:37:00+05:30,5383.7,5383.75,5380.6,5383,312,
2024-10-01 12:38:00+05:30,5383,5387.45,5382,5386.15,6190,
2024-10-01 12:39:00+05:30,5386.15,5387.3,5381.5,5385.9,3209,
2024-10-01 12:40:00+05:30,5385.9,5388.05,5381,5382.85,816,
2024-10-01 12:41:00+05:30,5382.85,5384.35,5378.2,5384.35,468,
2024-10-01 12:42:00+05:30,5384.35,5384.35,5381,5381.65,268,
2024-10-01 12:43:00+05:30,5380,5381.75,5380,5381.6,381,
2024-10-01 12:44:00+05:30,5380.15,5381.6,5373.8,5374.75,1164,
2024-10-01 12:45:00+05:30,5374.5,5374.5,5370.7,5373.75,2403,
2024-10-01 12:46:00+05:30,5373.75,5373.75,5370.05,5370.1,767,
2024-10-01 12:47:00+05:30,5370.1,5372.4,5370,5371.85,781,
2024-10-01 12:48:00+05:30,5371.85,5373.15,5369.85,5372.6,578,
2024-10-01 12:49:00+05:30,5372.3,5372.55,5369.95,5370.5,480,
2024-10-01 12:50:00+05:30,5370.5,5372.25,5369.35,5371.9,854,
2024-10-01 12:51:00+05:30,5371.9,5371.9,5369.05,5371.1,535,
2024-10-01 12:52:00+05:30,5370.05,5371.1,5366.55,5368.5,1023,
2024-10-01 12:53:00+05:30,5368.6,5369.1,5367.75,5369,335,
2024-10-01 12:54:00+05:30,5369,5374.05,5367.85,5373.2,1084,
2024-10-01 12:55:00+05:30,5370,5370.4,5366.4,5369.65,1653,
2024-10-01 12:56:00+05:30,5369.65,5374.35,5368.2,5374.35,1923,
2024-10-01 12:57:00+05:30,5373.05,5377.45,5371,5372.1,6338,
2024-10-01 12:58:00+05:30,5372.1,5374.1,5371,5372.1,820,
2024-10-01 12:59:00+05:30,5372.1,5372.1,5367.05,5370.1,1201,
2024-10-01 13:00:00+05:30,5370.1,5370.1,5369,5369,429,
2024-10-01 13:01:00+05:30,5367.8,5370,5366.1,5369.5,1905,
2024-10-01 13:02:00+05:30,5369.5,5370.15,5369,5369.5,3698,
2024-10-01 13:03:00+05:30,5369.5,5370.15,5368.4,5370.15,535,
2024-10-01 13:04:00+05:30,5370.15,5373.5,5368.65,5370,3071,
2024-10-01 13:05:00+05:30,5370,5372.6,5368.2,5368.2,2981,
2024-10-01 13:06:00+05:30,5368.2,5371.85,5368.2,5371.45,217,
2024-10-01 13:07:00+05:30,5371.45,5371.45,5369.75,5371.45,796,
2024-10-01 13:08:00+05:30,5371.45,5371.45,5371.45,5371.45,452,
2024-10-01 13:09:00+05:30,5371.45,5371.45,5370.05,5371.25,1121,
2024-10-01 13:10:00+05:30,5370.1,5371.15,5370,5370.85,875,
2024-10-01 13:11:00+05:30,5370,5378.9,5369.7,5378.9,2958,
2024-10-01 13:12:00+05:30,5378.9,5391.85,5378.9,5386.75,2133,
2024-10-01 13:13:00+05:30,5386.75,5396.2,5386.4,5396.2,1202,
2024-10-01 13:14:00+05:30,5396.2,5399,5390.15,5394.5,1445,
2024-10-01 13:15:00+05:30,5394.5,5399,5392.15,5399,2431,
2024-10-01 13:16:00+05:30,5399,5400,5398.3,5400,1150,
2024-10-01 13:17:00+05:30,5400,5400,5397.5,5400,1589,
2024-10-01 13:18:00+05:30,5398.9,5402.3,5396.15,5399.95,2084,
2024-10-01 13:19:00+05:30,5399.95,5400,5398.85,5400,1824,
2024-10-01 13:20:00+05:30,5400,5400.1,5399,5400,2700,
2024-10-01 13:21:00+05:30,5400,5400,5397.05,5400,931,
2024-10-01 13:22:00+05:30,5400,5400,5397.05,5400,1715,
2024-10-01 13:23:00+05:30,5400,5407,5398.05,5407,2176,
2024-10-01 13:24:00+05:30,5407,5410,5404.9,5410,1703,
2024-10-01 13:25:00+05:30,5410,5415.5,5407.7,5414.95,1605,
2024-10-01 13:26:00+05:30,5414.95,5416.7,5408.9,5410,914,
2024-10-01 13:27:00+05:30,5410,5410.05,5406.2,5407.95,1085,
2024-10-01 13:28:00+05:30,5407.95,5410,5405.95,5409.75,712,
2024-10-01 13:29:00+05:30,5409.75,5411.95,5406.9,5411.9,851,
2024-10-01 13:30:00+05:30,5411.9,5414.1,5408.4,5412,876,
2024-10-01 13:31:00+05:30,5412.05,5414.6,5410,5411.5,1131,
2024-10-01 13:32:00+05:30,5411.5,5414.6,5411.15,5413.65,861,
2024-10-01 13:33:00+05:30,5413.75,5413.75,5411.95,5413.75,1060,
2024-10-01 13:34:00+05:30,5413.75,5413.75,5412.6,5413.75,745,
2024-10-01 13:35:00+05:30,5413.75,5413.75,5408.75,5411.3,1085,
2024-10-01 13:36:00+05:30,5407.7,5411.45,5407.65,5411,1263,
2024-10-01 13:37:00+05:30,5410.15,5410.85,5406.1,5407.15,1311,
2024-10-01 13:38:00+05:30,5406.8,5406.8,5398.05,5404.1,4254,
2024-10-01 13:39:00+05:30,5405.1,5411,5405,5411,1041,
2024-10-01 13:40:00+05:30,5411,5412.3,5410,5410,1119,
2024-10-01 13:41:00+05:30,5410,5411.05,5409.1,5410,703,
2024-10-01 13:42:00+05:30,5410,5410,5400.7,5401.55,2356,
2024-10-01 13:43:00+05:30,5400.75,5406.5,5400,5402.3,5834,
2024-10-01 13:44:00+05:30,5402.3,5404.55,5399.1,5404.55,3080,
2024-10-01 13:45:00+05:30,5404.55,5410.65,5404.55,5409.7,1140,
2024-10-01 13:46:00+05:30,5409.7,5413.65,5409.7,5412.45,2566,
2024-10-01 13:47:00+05:30,5412.45,5414.75,5410.95,5412,1835,
2024-10-01 13:48:00+05:30,5412,5414.05,5409.45,5411.9,1959,
2024-10-01 13:49:00+05:30,5410,5411.5,5407.45,5410,1516,
2024-10-01 13:50:00+05:30,5410,5412,5401.25,5401.8,3723,
2024-10-01 13:51:00+05:30,5402.4,5407.45,5400,5404.9,5540,
2024-10-01 13:52:00+05:30,5404.9,5407.4,5400,5406.45,2127,
2024-10-01 13:53:00+05:30,5406.45,5411,5406.45,5410.45,1121,
2024-10-01 13:54:00+05:30,5410.45,5415,5410.4,5415,1377,
2024-10-01 13:55:00+05:30,5415,5415.15,5411.85,5415,1037,
2024-10-01 13:56:00+05:30,5415,5418.85,5412.6,5418.85,2157,
2024-10-01 13:57:00+05:30,5418.85,5419,5417,5419,1217,
2024-10-01 13:58:00+05:30,5419,5419.6,5417.7,5419.6,793,
2024-10-01 13:59:00+05:30,5419.6,5420,5419.1,5420,1377,
2024-10-01 14:00:00+05:30,5419.4,5424.5,5419.4,5424.05,1350,
2024-10-01 14:01:00+05:30,5424.05,5424.05,5418,5418.15,695,
2024-10-01 14:02:00+05:30,5418.15,5419.9,5417.2,5419.7,727,
2024-10-01 14:03:00+05:30,5419.7,5419.95,5417.05,5419,1251,
2024-10-01 14:04:00+05:30,5419,5419.15,5416.25,5419.15,699,
2024-10-01 14:05:00+05:30,5419.15,5420,5417.5,5419.9,832,
2024-10-01 14:06:00+05:30,5420,5420.1,5418.45,5418.45,1122,
2024-10-01 14:07:00+05:30,5418.45,5419.45,5418.3,5419,1257,
2024-10-01 14:08:00+05:30,5419,5420,5417.3,5417.3,2244,
2024-10-01 14:09:00+05:30,5417.3,5418.4,5416.85,5417,869,
2024-10-01 14:10:00+05:30,5417,5418.4,5415.2,5417.05,1192,
2024-10-01 14:11:00+05:30,5417.05,5418.05,5417.05,5417.2,1086,
2024-10-01 14:12:00+05:30,5418.05,5418.05,5417.2,5417.65,483,
2024-10-01 14:13:00+05:30,5418.05,5418.05,5417.45,5418,422,
2024-10-01 14:14:00+05:30,5418,5418.05,5413,5414.25,909,
2024-10-01 14:15:00+05:30,5414.3,5416.95,5414.3,5415,908,
2024-10-01 14:16:00+05:30,5415,5417.5,5412.8,5414.4,945,
2024-10-01 14:17:00+05:30,5414.4,5417.45,5414.4,5414.8,239,
2024-10-01 14:18:00+05:30,5414.85,5417.75,5412.5,5413.7,514,
2024-10-01 14:19:00+05:30,5413.7,5416.95,5413.7,5414.55,506,
2024-10-01 14:20:00+05:30,5414.55,5416.3,5413.5,5414.55,643,
2024-10-01 14:21:00+05:30,5414,5415.5,5410,5410.05,430,
2024-10-01 14:22:00+05:30,5409.65,5416.45,5409.65,5410.4,3375,
2024-10-01 14:23:00+05:30,5410.15,5412.05,5409.95,5412.05,689,
2024-10-01 14:24:00+05:30,5412.05,5412.05,5406.35,5406.35,1144,
2024-10-01 14:25:00+05:30,5406.1,5406.1,5399.9,5401.05,3986,
2024-10-01 14:26:00+05:30,5401.05,5404.3,5401.05,5401.85,2892,
2024-10-01 14:27:00+05:30,5401.85,5402.95,5399.7,5399.9,959,
2024-10-01 14:28:00+05:30,5399.9,5405.25,5399.9,5401.9,2939,
2024-10-01 14:29:00+05:30,5401.9,5402.5,5398.45,5402.5,629,
2024-10-01 14:30:00+05:30,5402.5,5402.5,5399.55,5402,570,
2024-10-01 14:31:00+05:30,5402,5403.65,5400.7,5400.7,888,
2024-10-01 14:32:00+05:30,5400.95,5403.85,5400.45,5403.75,1950,
2024-10-01 14:33:00+05:30,5403.75,5404.85,5401.7,5402.1,580,
2024-10-01 14:34:00+05:30,5402.1,5404.2,5401,5401.05,1390,
2024-10-01 14:35:00+05:30,5401.05,5402.35,5401.05,5401.2,3070,
2024-10-01 14:36:00+05:30,5401.2,5401.6,5398.35,5399.8,1544,
2024-10-01 14:37:00+05:30,5399.8,5403.45,5399.15,5403.45,194,
2024-10-01 14:38:00+05:30,5403.45,5404.25,5400,5401,2690,
2024-10-01 14:39:00+05:30,5401,5404.2,5400.55,5400.6,938,
2024-10-01 14:40:00+05:30,5404.15,5404.55,5401.05,5404.1,1187,
2024-10-01 14:41:00+05:30,5404.1,5404.1,5397.75,5397.95,875,
2024-10-01 14:42:00+05:30,5397.95,5399.95,5397.45,5399.95,504,
2024-10-01 14:43:00+05:30,5397.9,5402.9,5397.9,5398.2,796,
2024-10-01 14:44:00+05:30,5398.2,5401.45,5398.2,5400.3,750,
2024-10-01 14:45:00+05:30,5400.3,5405.45,5400.3,5404.4,1761,
2024-10-01 14:46:00+05:30,5404.4,5404.5,5400.6,5402.35,732,
2024-10-01 14:47:00+05:30,5402.35,5405.65,5401.9,5402,1908,
2024-10-01 14:48:00+05:30,5402,5405.5,5401.55,5402.3,1515,
2024-10-01 14:49:00+05:30,5402.3,5405.4,5401.75,5402,3174,
2024-10-01 14:50:00+05:30,5402,5417,5401.45,5415.9,3353,
2024-10-01 14:51:00+05:30,5415.9,5420,5415.75,5415.75,1307,
2024-10-01 14:52:00+05:30,5415.75,5420,5415.75,5419.95,1201,
2024-10-01 14:53:00+05:30,5419.95,5420,5418.35,5418.6,791,
2024-10-01 14:54:00+05:30,5419,5419.7,5417.55,5419.4,1097,
2024-10-01 14:55:00+05:30,5418.35,5420,5416.65,5419.45,1584,
2024-10-01 14:56:00+05:30,5419.45,5421,5415.8,5419.4,1022,
2024-10-01 14:57:00+05:30,5416.85,5419.8,5416.1,5416.7,438,
2024-10-01 14:58:00+05:30,5416.7,5419.35,5415.45,5416.7,461,
2024-10-01 14:59:00+05:30,5416.75,5419.15,5416.75,5417.25,502,
2024-10-01 15:00:00+05:30,5416.8,5423.05,5416.8,5422.55,3102,
2024-10-01 15:01:00+05:30,5420.6,5426.95,5420.6,5425.65,2922,
2024-10-01 15:02:00+05:30,5427.35,5429.5,5425.2,5426.65,1315,
2024-10-01 15:03:00+05:30,5429.95,5429.95,5424.15,5429,957,
2024-10-01 15:04:00+05:30,5429,5431.75,5424.35,5426.4,5588,
2024-10-01 15:05:00+05:30,5425,5426.4,5422.95,5425.4,1575,
2024-10-01 15:06:00+05:30,5425.4,5430,5423.15,5428.15,3038,
2024-10-01 15:07:00+05:30,5428.15,5429.8,5426,5428.4,1560,
2024-10-01 15:08:00+05:30,5428.4,5428.4,5425,5427.3,1526,
2024-10-01 15:09:00+05:30,5425.8,5427.3,5423.75,5425.05,2144,
2024-10-01 15:10:00+05:30,5424.65,5429.9,5423.65,5429.35,7117,
2024-10-01 15:11:00+05:30,5429,5429.5,5420.7,5421.5,1498,
2024-10-01 15:12:00+05:30,5421.75,5425.1,5421.5,5424,1809,
2024-10-01 15:13:00+05:30,5424,5424,5420.15,5423.3,2164,
2024-10-01 15:14:00+05:30,5423.3,5425.25,5420.4,5423.5,5484,
2024-10-01 15:15:00+05:30,5423.25,5423.5,5420.6,5421.2,3027,
2024-10-01 15:16:00+05:30,5419.4,5421.3,5418.65,5420.1,4200,
2024-10-01 15:17:00+05:30,5420.1,5420.1,5416.8,5417.6,3546,
2024-10-01 15:18:00+05:30,5417.6,5421.9,5416.75,5420.7,1956,
2024-10-01 15:19:00+05:30,5420.2,5420.8,5420.1,5420.8,3661,
2024-10-01 15:20:00+05:30,5419.75,5422.65,5416.8,5420.4,7127,
2024-10-01 15:21:00+05:30,5420.4,5423.6,5417.4,5419.35,5073,
2024-10-01 15:22:00+05:30,5420.55,5424.7,5419.1,5424.4,4117,
2024-10-01 15:23:00+05:30,5424.4,5428.6,5422.8,5425,3326,
2024-10-01 15:24:00+05:30,5424.8,5427.2,5420.05,5427.2,4262,
2024-10-01 15:25:00+05:30,5426.9,5426.9,5423.8,5425.45,3343,
2024-10-01 15:26:00+05:30,5425.45,5428.1,5424.3,5427.25,3758,
2024-10-01 15:27:00+05:30,5427,5433.2,5426.1,5431.15,5382,
2024-10-01 15:28:00+05:30,5430.25,5433.1,5429.05,5430.1,2145,
2024-10-01 15:29:00+05:30,5430.1,5434.9,5428.05,5434.6,1404,
2024-10-03 09:15:00+05:30,5400,5401.45,5382.4,5386.6,2950,
2024-10-03 09:16:00+05:30,5386.65,5395.3,5241.7,5387.25,15975,
2024-10-03 09:17:00+05:30,5392.15,5416.25,5386.7,5409.5,4322,
2024-10-03 09:18:00+05:30,5409.5,5410.15,5392.9,5404.45,2413,
2024-10-03 09:19:00+05:30,5400.85,5409.55,5399.4,5404,1525,
2024-10-03 09:20:00+05:30,5404,5410,5398.15,5407.25,1669,
2024-10-03 09:21:00+05:30,5412.8,5420,5411.35,5413.3,1798,
2024-10-03 09:22:00+05:30,5413.3,5427.7,5410.1,5427.7,1488,
2024-10-03 09:23:00+05:30,5428,5440,5422.15,5430,3158,
2024-10-03 09:24:00+05:30,5430,5438.75,5426.95,5438.4,1182,
2024-10-03 09:25:00+05:30,5438.4,5449.45,5434.45,5445.15,2030,
2024-10-03 09:26:00+05:30,5444.75,5453,5440,5448.55,1843,
2024-10-03 09:27:00+05:30,5451.55,5454.95,5446.9,5446.9,2013,
2024-10-03 09:28:00+05:30,5446.9,5451.65,5445.2,5451,1497,
2024-10-03 09:29:00+05:30,5452,5455,5446,5448.05,1196,
2024-10-03 09:30:00+05:30,5448.05,5453.85,5447.45,5447.95,795,
2024-10-03 09:31:00+05:30,5450,5458,5448.2,5457.3,1670,
2024-10-03 09:32:00+05:30,5457.3,5460,5453.4,5457.05,2790,
2024-10-03 09:33:00+05:30,5457.05,5462.8,5455,5459,1227,
2024-10-03 09:34:00+05:30,5459,5461.05,5452.25,5460.3,1505,
2024-10-03 09:35:00+05:30,5458.5,5467.1,5458.5,5465.05,1003,
2024-10-03 09:36:00+05:30,5467.95,5475,5465.3,5470.55,2091,
2024-10-03 09:37:00+05:30,5470.55,5474.35,5468.65,5472.3,1377,
2024-10-03 09:38:00+05:30,5474.1,5480,5473.05,5479.4,2821,
2024-10-03 09:39:00+05:30,5475,5477.65,5458.65,5458.65,3780,
2024-10-03 09:40:00+05:30,5458.65,5464.3,5452.15,5457.05,2488,
2024-10-03 09:41:00+05:30,5457.05,5458.55,5454.05,5455.05,866,
2024-10-03 09:42:00+05:30,5455.05,5458.55,5455,5455.05,1100,
2024-10-03 09:43:00+05:30,5455.05,5464.45,5455.05,5464.35,2495,
2024-10-03 09:44:00+05:30,5464.35,5473.45,5462,5466.25,2298,
2024-10-03 09:45:00+05:30,5466.25,5470.45,5463.45,5469.85,845,
2024-10-03 09:46:00+05:30,5469.85,5469.85,5457,5460.55,874,
2024-10-03 09:47:00+05:30,5460.55,5470,5460.05,5470,1237,
2024-10-03 09:48:00+05:30,5467.75,5470.35,5460.9,5465,2899,
2024-10-03 09:49:00+05:30,5465,5465,5459.7,5462.75,718,
2024-10-03 09:50:00+05:30,5464,5465,5462.75,5464.6,751,
2024-10-03 09:51:00+05:30,5463.1,5467.75,5462.95,5467.75,1742,
2024-10-03 09:52:00+05:30,5467.25,5475.2,5461.9,5474.35,2833,
2024-10-03 09:53:00+05:30,5474.35,5474.35,5468.45,5469.75,924,
2024-10-03 09:54:00+05:30,5469.75,5469.95,5465.4,5468.3,330,
2024-10-03 09:55:00+05:30,5468.3,5477,5468.3,5477,1558,
2024-10-03 09:56:00+05:30,5478.05,5479.95,5472.05,5473.55,1267,
2024-10-03 09:57:00+05:30,5475,5478,5470.8,5474.05,1663,
2024-10-03 09:58:00+05:30,5474.05,5478,5472.2,5476.95,1248,
2024-10-03 09:59:00+05:30,5476.55,5478.95,5475.25,5476.1,1925,
2024-10-03 10:00:00+05:30,5476.1,5478.55,5475.95,5478.2,819,
2024-10-03 10:01:00+05:30,5478.15,5485,5477.45,5483.45,8165,
2024-10-03 10:02:00+05:30,5483.2,5483.95,5473.25,5473.25,1822,
2024-10-03 10:03:00+05:30,5472.35,5475.6,5466.95,5475.1,2220,
2024-10-03 10:04:00+05:30,5475.95,5485.95,5475.15,5485.95,1916,
2024-10-03 10:05:00+05:30,5485.95,5487.7,5475.05,5479.15,2031,
2024-10-03 10:06:00+05:30,5479.15,5481.6,5476.7,5479.2,2328,
2024-10-03 10:07:00+05:30,5479.2,5485.8,5477.5,5485.35,1663,
2024-10-03 10:08:00+05:30,5485.35,5489.4,5483.2,5486,2857,
2024-10-03 10:09:00+05:30,5486,5489,5484.75,5485.05,2052,
2024-10-03 10:10:00+05:30,5486,5486,5479.15,5483.15,835,
2024-10-03 10:11:00+05:30,5483.15,5486,5480.95,5485,3359,
2024-10-03 10:12:00+05:30,5485,5485.8,5480,5481.55,932,
2024-10-03 10:13:00+05:30,5481.55,5482.95,5479.5,5480,831,
2024-10-03 10:14:00+05:30,5481.45,5483,5478.6,5482,490,
2024-10-03 10:15:00+05:30,5482.3,5489,5482.3,5488,2541,
2024-10-03 10:16:00+05:30,5488,5493.7,5486.05,5491,4470,
2024-10-03 10:17:00+05:30,5491.2,5492.4,5486,5488,911,
2024-10-03 10:18:00+05:30,5488.65,5489.95,5472.7,5477.7,3074,
2024-10-03 10:19:00+05:30,5477.7,5480.6,5476,5476,986,
2024-10-03 10:20:00+05:30,5476,5478.85,5476,5477,1243,
2024-10-03 10:21:00+05:30,5477,5477.2,5470,5472.9,920,
2024-10-03 10:22:00+05:30,5472.7,5479.2,5472.05,5479.2,864,
2024-10-03 10:23:00+05:30,5479.2,5482.8,5475.2,5478.6,722,
2024-10-03 10:24:00+05:30,5478.6,5480.3,5475.35,5480.3,574,
2024-10-03 10:25:00+05:30,5481.25,5481.5,5478.4,5478.6,321,
2024-10-03 10:26:00+05:30,5480.95,5481.55,5478.7,5481.2,316,
2024-10-03 10:27:00+05:30,5479.55,5481.75,5478.85,5481.7,444,
2024-10-03 10:28:00+05:30,5481.7,5481.7,5480.2,5481.65,236,
2024-10-03 10:29:00+05:30,5481.65,5481.8,5477.5,5481.8,571,
2024-10-03 10:30:00+05:30,5481.8,5484,5480.4,5483.55,490,
2024-10-03 10:31:00+05:30,5483.55,5483.55,5478.2,5480.5,685,
2024-10-03 10:32:00+05:30,5480.5,5480.5,5476.5,5480.1,321,
2024-10-03 10:33:00+05:30,5480.1,5480.55,5477.15,5480.25,902,
2024-10-03 10:34:00+05:30,5480.95,5482.55,5479.55,5480.55,613,
2024-10-03 10:35:00+05:30,5480.55,5482,5478.8,5480.25,632,
2024-10-03 10:36:00+05:30,5478.8,5480.25,5472.55,5474.5,425,
2024-10-03 10:37:00+05:30,5474.5,5474.5,5469,5469,1697,
2024-10-03 10:38:00+05:30,5469,5469,5462,5462.35,1082,
2024-10-03 10:39:00+05:30,5462.35,5464.1,5460,5460,704,
2024-10-03 10:40:00+05:30,5460,5462.95,5459,5459.15,751,
2024-10-03 10:41:00+05:30,5456.4,5457.85,5453.85,5456,915,
2024-10-03 10:42:00+05:30,5456,5457.85,5453.55,5456,1573,
2024-10-03 10:43:00+05:30,5454.7,5458.3,5454.7,5458.3,857,
2024-10-03 10:44:00+05:30,5458.1,5459.9,5453.05,5454.5,2120,
2024-10-03 10:45:00+05:30,5454.3,5459.95,5453.7,5459.1,1692,
2024-10-03 10:46:00+05:30,5459.1,5465.95,5457.9,5461.45,956,
2024-10-03 10:47:00+05:30,5461.45,5464.25,5460,5462.4,1200,
2024-10-03 10:48:00+05:30,5461,5461.9,5454.05,5454.05,986,
2024-10-03 10:49:00+05:30,5457.1,5457.1,5452.15,5454,1153,
2024-10-03 10:50:00+05:30,5454,5454.4,5452.15,5452.25,458,
2024-10-03 10:51:00+05:30,5453.45,5454.35,5451.85,5453.3,351,
2024-10-03 10:52:00+05:30,5453.3,5455.05,5453.2,5453.35,402,
2024-10-03 10:53:00+05:30,5453.35,5453.35,5450,5450.25,896,
2024-10-03 10:54:00+05:30,5450.25,5452.95,5450.2,5451,538,
2024-10-03 10:55:00+05:30,5451,5452.85,5450.15,5451.05,212,
2024-10-03 10:56:00+05:30,5451.05,5454,5450.9,5453.6,407,
2024-10-03 10:57:00+05:30,5450.95,5453.45,5450.95,5451.25,400,
2024-10-03 10:58:00+05:30,5451.25,5454,5451.25,5452.45,416,
2024-10-03 10:59:00+05:30,5454,5454,5451.3,5451.6,1029,
2024-10-03 11:00:00+05:30,5451.6,5454,5451.6,5453,234,
2024-10-03 11:01:00+05:30,5453.5,5454,5453,5453,291,
2024-10-03 11:02:00+05:30,5453,5454.05,5452.1,5453,193,
2024-10-03 11:03:00+05:30,5453.55,5454.05,5451.5,5451.55,688,
2024-10-03 11:04:00+05:30,5451.55,5454.05,5451.55,5453.4,222,
2024-10-03 11:05:00+05:30,5453.4,5459.6,5453.4,5459.6,1257,
2024-10-03 11:06:00+05:30,5459.6,5464.45,5457.9,5463.4,604,
2024-10-03 11:07:00+05:30,5464,5468.85,5462.8,5465.85,1567,
2024-10-03 11:08:00+05:30,5465.85,5468,5461.75,5462.1,1682,
2024-10-03 11:09:00+05:30,5462.1,5463.5,5455.9,5456.1,407,
2024-10-03 11:10:00+05:30,5456.1,5456.1,5449.2,5449.2,1550,
2024-10-03 11:11:00+05:30,5449.2,5450.85,5447.9,5449.3,856,
2024-10-03 11:12:00+05:30,5445.6,5447.95,5441.85,5442.45,4093,
2024-10-03 11:13:00+05:30,5442.45,5444.85,5440.15,5441.35,2281,
2024-10-03 11:14:00+05:30,5441.35,5442.55,5440.15,5440.5,461,
2024-10-03 11:15:00+05:30,5440.5,5442.4,5437.75,5438,1244,
2024-10-03 11:16:00+05:30,5438.5,5438.5,5435,5437.1,887,
2024-10-03 11:17:00+05:30,5437.1,5437.15,5429.3,5430.15,3203,
2024-10-03 11:18:00+05:30,5430.15,5434,5428.8,5434,1374,
2024-10-03 11:19:00+05:30,5434,5436.25,5433.55,5434.2,1044,
2024-10-03 11:20:00+05:30,5434.35,5436.3,5431.85,5432.3,765,
2024-10-03 11:21:00+05:30,5432.3,5433.4,5430.9,5431.15,1767,
2024-10-03 11:22:00+05:30,5431,5431,5422.65,5423.5,3273,
2024-10-03 11:23:00+05:30,5423.5,5427.45,5420.55,5423.05,1930,
2024-10-03 11:24:00+05:30,5423.05,5427.7,5422.8,5424.65,1986,
2024-10-03 11:25:00+05:30,5424.65,5427.7,5424.65,5425.1,1370,
2024-10-03 11:26:00+05:30,5427,5427.2,5420.1,5420.45,2360,
2024-10-03 11:27:00+05:30,5421.35,5425.15,5415.05,5415.05,4106,
2024-10-03 11:28:00+05:30,5415.05,5418.85,5413.45,5415.85,967,
2024-10-03 11:29:00+05:30,5415.85,5417.65,5415.45,5415.7,886,
2024-10-03 11:30:00+05:30,5417,5423.6,5415.05,5421.9,1746,
2024-10-03 11:31:00+05:30,5423.1,5425.5,5419.4,5424.1,1534,
2024-10-03 11:32:00+05:30,5424.1,5427.7,5421.6,5425.55,581,
2024-10-03 11:33:00+05:30,5425.55,5425.55,5422.25,5425.25,503,
2024-10-03 11:34:00+05:30,5425.25,5428.05,5424,5424,965,
2024-10-03 11:35:00+05:30,5424,5426.5,5422.25,5426.5,188,
2024-10-03 11:36:00+05:30,5426.5,5428,5424.6,5425.6,597,
2024-10-03 11:37:00+05:30,5425.6,5428.05,5421.95,5422.65,900,
2024-10-03 11:38:00+05:30,5422.65,5428.8,5422.65,5425.45,1185,
2024-10-03 11:39:00+05:30,5425.45,5430.15,5422.45,5422.5,693,
2024-10-03 11:40:00+05:30,5422.5,5424.65,5422.45,5424.45,645,
2024-10-03 11:41:00+05:30,5424.45,5425.25,5424.45,5424.6,672,
2024-10-03 11:42:00+05:30,5424.6,5425.25,5421.45,5421.6,668,
2024-10-03 11:43:00+05:30,5421.6,5425.45,5415.05,5425.45,4306,
2024-10-03 11:44:00+05:30,5423.15,5433.75,5422.15,5433.65,2412,
2024-10-03 11:45:00+05:30,5433.65,5440,5433.65,5439.9,2281,
2024-10-03 11:46:00+05:30,5439.9,5445,5439.6,5445,1826,
2024-10-03 11:47:00+05:30,5445,5448.7,5445,5448.2,1032,
2024-10-03 11:48:00+05:30,5448.2,5468,5444.8,5465.95,24277,
2024-10-03 11:49:00+05:30,5465.6,5477.3,5460.4,5475.75,3390,
2024-10-03 11:50:00+05:30,5475.7,5475.7,5465.35,5473.95,2311,
2024-10-03 11:51:00+05:30,5473.95,5473.95,5467.05,5471.75,2214,
2024-10-03 11:52:00+05:30,5471.75,5474.1,5465.85,5468.25,1547,
2024-10-03 11:53:00+05:30,5468.5,5470,5465,5467.2,1103,
2024-10-03 11:54:00+05:30,5467.2,5471.05,5464.3,5470,2312,
2024-10-03 11:55:00+05:30,5470.25,5471.9,5465.35,5470.15,1450,
2024-10-03 11:56:00+05:30,5470.15,5470.15,5454.05,5454.9,2046,
2024-10-03 11:57:00+05:30,5455.6,5461.9,5455.35,5460.85,1266,
2024-10-03 11:58:00+05:30,5460.85,5462,5458,5461.05,750,
2024-10-03 11:59:00+05:30,5461.9,5461.9,5458,5460.8,1095,
2024-10-03 12:00:00+05:30,5460.8,5460.8,5456,5456.65,1105,
2024-10-03 12:01:00+05:30,5456.65,5459.95,5456.1,5459,1065,
2024-10-03 12:02:00+05:30,5459,5460.25,5451,5453.85,1295,
2024-10-03 12:03:00+05:30,5453.85,5455.3,5448.05,5451,960,
2024-10-03 12:04:00+05:30,5451,5454.15,5450.05,5454.15,853,
2024-10-03 12:05:00+05:30,5451.9,5454.9,5450.1,5451.8,1040,
2024-10-03 12:06:00+05:30,5451.8,5452.6,5450.05,5452.2,1161,
2024-10-03 12:07:00+05:30,5452.2,5452.6,5449,5451.7,873,
2024-10-03 12:08:00+05:30,5451.7,5453.15,5449.05,5451.6,961,
2024-10-03 12:09:00+05:30,5451.6,5460.9,5451.6,5460.9,1362,
2024-10-03 12:10:00+05:30,5461.2,5462.65,5459.15,5461.7,989,
2024-10-03 12:11:00+05:30,5459.1,5463.95,5459.1,5463.8,729,
2024-10-03 12:12:00+05:30,5462.55,5462.9,5459.3,5462.9,859,
2024-10-03 12:13:00+05:30,5462.9,5463.4,5460,5461.15,1041,
2024-10-03 12:14:00+05:30,5459.2,5460.15,5452.45,5456.25,1832,
2024-10-03 12:15:00+05:30,5456.25,5458.8,5454.3,5458.8,1098,
2024-10-03 12:16:00+05:30,5458.65,5459.35,5450,5455.15,1319,
2024-10-03 12:17:00+05:30,5454.85,5455.9,5450.75,5453.6,1212,
2024-10-03 12:18:00+05:30,5453.6,5455.55,5449.95,5453.3,1049,
2024-10-03 12:19:00+05:30,5453.3,5454.2,5451,5453.15,835,
2024-10-03 12:20:00+05:30,5453.05,5454.2,5449.95,5454.2,759,
2024-10-03 12:21:00+05:30,5453.75,5455.55,5451.1,5455.55,837,
2024-10-03 12:22:00+05:30,5455.4,5458.05,5453.4,5455.55,1061,
2024-10-03 12:23:00+05:30,5455.55,5457.65,5454.9,5455,809,
2024-10-03 12:24:00+05:30,5454.25,5456.85,5451,5455.6,1027,
2024-10-03 12:25:00+05:30,5455.6,5457.85,5454.8,5455,847,
2024-10-03 12:26:00+05:30,5455,5459.05,5454.65,5459.05,1208,
2024-10-03 12:27:00+05:30,5459.05,5467.75,5458.95,5467.05,1672,
2024-10-03 12:28:00+05:30,5467.05,5467.75,5465,5467.1,813,
2024-10-03 12:29:00+05:30,5467.1,5468.35,5462.8,5462.8,957,
2024-10-03 12:30:00+05:30,5461.65,5466.45,5461.65,5465.3,952,
2024-10-03 12:31:00+05:30,5465.3,5467,5464,5464.2,1099,
2024-10-03 12:32:00+05:30,5464.45,5467,5464.45,5466.45,763,
2024-10-03 12:33:00+05:30,5465,5466.95,5462.25,5464.95,1435,
2024-10-03 12:34:00+05:30,5466.75,5469,5465.9,5468.6,1163,
2024-10-03 12:35:00+05:30,5468.9,5470.15,5467.55,5470.15,1356,
2024-10-03 12:36:00+05:30,5470.4,5470.95,5467.8,5470.9,1075,
2024-10-03 12:37:00+05:30,5471,5471.4,5468.6,5469.7,903,
2024-10-03 12:38:00+05:30,5469.75,5470.9,5465,5465.85,2070,
2024-10-03 12:39:00+05:30,5466.55,5468.65,5463.35,5466,1148,
2024-10-03 12:40:00+05:30,5463.1,5466.25,5463.1,5463.1,1345,
2024-10-03 12:41:00+05:30,5463.1,5465.85,5461.75,5465.6,801,
2024-10-03 12:42:00+05:30,5465.85,5467.65,5462.65,5466.2,1322,
2024-10-03 12:43:00+05:30,5466.2,5466.9,5462.8,5465.1,903,
2024-10-03 12:44:00+05:30,5465.35,5468.05,5464.25,5466.85,821,
2024-10-03 12:45:00+05:30,5466,5470,5465,5470,1204,
2024-10-03 12:46:00+05:30,5470,5471,5464.95,5465,1329,
2024-10-03 12:47:00+05:30,5466.55,5469.05,5464.25,5468.05,876,
2024-10-03 12:48:00+05:30,5468.15,5469.9,5466.95,5469.7,842,
2024-10-03 12:49:00+05:30,5469.7,5470,5466.35,5469.95,846,
2024-10-03 12:50:00+05:30,5469.95,5471.7,5468.15,5469.95,1600,
2024-10-03 12:51:00+05:30,5471.5,5477.4,5469.5,5475.6,1935,
2024-10-03 12:52:00+05:30,5476.9,5485.05,5476.9,5482.35,6001,
2024-10-03 12:53:00+05:30,5482.35,5482.35,5476.9,5480.55,1690,
2024-10-03 12:54:00+05:30,5480.55,5482.95,5478.8,5479.7,1193,
2024-10-03 12:55:00+05:30,5479.75,5482.75,5478.5,5480.15,1390,
2024-10-03 12:56:00+05:30,5481.15,5482.95,5478.2,5479.15,1354,
2024-10-03 12:57:00+05:30,5479.6,5481,5478.05,5479.4,1387,
2024-10-03 12:58:00+05:30,5479.4,5481,5478,5481,1233,
2024-10-03 12:59:00+05:30,5481,5482,5480.5,5481.85,917,
2024-10-03 13:00:00+05:30,5481.75,5481.8,5477.25,5480.95,1350,
2024-10-03 13:01:00+05:30,5480.95,5481,5477.2,5481,881,
2024-10-03 13:02:00+05:30,5480.25,5481,5477.7,5478.45,1215,
2024-10-03 13:03:00+05:30,5478.1,5481.5,5476.95,5478.4,1531,
2024-10-03 13:04:00+05:30,5478.4,5478.85,5466.05,5470.8,2365,
2024-10-03 13:05:00+05:30,5470.8,5475.95,5470.8,5471.2,1189,
2024-10-03 13:06:00+05:30,5471.2,5475.6,5469.8,5472.65,1376,
2024-10-03 13:07:00+05:30,5472.65,5475.3,5470.9,5474.4,1265,
2024-10-03 13:08:00+05:30,5474.4,5476,5468.5,5470.2,1641,
2024-10-03 13:09:00+05:30,5470.45,5473.45,5469.25,5470.05,1299,
2024-10-03 13:10:00+05:30,5470.05,5472.7,5467.4,5470.3,1116,
2024-10-03 13:11:00+05:30,5470.3,5474.65,5470.3,5474,1069,
2024-10-03 13:12:00+05:30,5474,5475,5472.2,5474.45,919,
2024-10-03 13:13:00+05:30,5474.9,5476.5,5470,5470.05,1036,
2024-10-03 13:14:00+05:30,5470.05,5470.05,5460.35,5467.45,7540,
2024-10-03 13:15:00+05:30,5467.45,5467.45,5452.55,5452.55,3085,
2024-10-03 13:16:00+05:30,5452.55,5456.6,5450.3,5451.7,947,
2024-10-03 13:17:00+05:30,5450,5451.55,5446.85,5448.5,1133,
2024-10-03 13:18:00+05:30,5448.5,5450,5448.5,5448.9,386,
2024-10-03 13:19:00+05:30,5448.9,5450.8,5448.5,5449.45,282,
2024-10-03 13:20:00+05:30,5449.45,5449.45,5445.1,5448.9,340,
2024-10-03 13:21:00+05:30,5448.85,5448.85,5442.05,5442.55,941,
2024-10-03 13:22:00+05:30,5442.55,5443.65,5440,5441.05,1337,
2024-10-03 13:23:00+05:30,5441.05,5442,5441.05,5441.35,412,
2024-10-03 13:24:00+05:30,5440.75,5443.25,5436.35,5443.25,1188,
2024-10-03 13:25:00+05:30,5443.25,5443.25,5438.2,5441.5,621,
2024-10-03 13:26:00+05:30,5441.5,5441.9,5437,5437,387,
2024-10-03 13:27:00+05:30,5438.7,5439.15,5433.4,5435.2,454,
2024-10-03 13:28:00+05:30,5435.2,5438.35,5433.4,5434.45,450,
2024-10-03 13:29:00+05:30,5437.15,5439.75,5434.55,5434.8,725,
2024-10-03 13:30:00+05:30,5434.9,5437.95,5434.5,5436.6,616,
2024-10-03 13:31:00+05:30,5436.6,5436.6,5431,5432.9,722,
2024-10-03 13:32:00+05:30,5432.9,5432.9,5430.05,5430.4,1278,
2024-10-03 13:33:00+05:30,5430.4,5432.9,5428,5430.75,1662,
2024-10-03 13:34:00+05:30,5431,5434,5428.1,5428.1,1077,
2024-10-03 13:35:00+05:30,5429.2,5432.55,5427.35,5428.3,770,
2024-10-03 13:36:00+05:30,5428.3,5430.3,5425.25,5425.25,379,
2024-10-03 13:37:00+05:30,5425.25,5431.95,5425,5431.95,919,
2024-10-03 13:38:00+05:30,5430,5430.45,5427.8,5430,629,
2024-10-03 13:39:00+05:30,5429.1,5432,5428,5430,898,
2024-10-03 13:40:00+05:30,5430,5434.8,5429.7,5431.75,1202,
2024-10-03 13:41:00+05:30,5432.45,5434.85,5431.5,5432.2,490,
2024-10-03 13:42:00+05:30,5432.2,5432.8,5430,5431,516,
2024-10-03 13:43:00+05:30,5431,5431,5428,5428.3,328,
2024-10-03 13:44:00+05:30,5428.3,5431,5428.3,5428.7,663,
2024-10-03 13:45:00+05:30,5428.35,5431.4,5423.05,5423.45,1447,
2024-10-03 13:46:00+05:30,5424,5426.5,5420.25,5422.55,923,
2024-10-03 13:47:00+05:30,5422.55,5423.45,5417.75,5420.2,1098,
2024-10-03 13:48:00+05:30,5420.2,5424.75,5418.65,5422.9,438,
2024-10-03 13:49:00+05:30,5422.9,5423.35,5419.9,5419.9,422,
2024-10-03 13:50:00+05:30,5419.95,5421.55,5419.95,5420.55,343,
2024-10-03 13:51:00+05:30,5420.55,5426.05,5420.55,5422.85,1616,
2024-10-03 13:52:00+05:30,5422.85,5423.75,5420.6,5420.6,474,
2024-10-03 13:53:00+05:30,5420.6,5420.6,5417.75,5417.75,209,
2024-10-03 13:54:00+05:30,5417.9,5420.85,5417.9,5418.85,705,
2024-10-03 13:55:00+05:30,5418.85,5420.85,5415.9,5416.15,355,
2024-10-03 13:56:00+05:30,5416.15,5416.15,5406.85,5409.25,3593,
2024-10-03 13:57:00+05:30,5409.25,5426.6,5409.25,5422,2584,
2024-10-03 13:58:00+05:30,5422,5431.15,5421.9,5426.4,2164,
2024-10-03 13:59:00+05:30,5430.2,5430.65,5422,5422.4,2628,
2024-10-03 14:00:00+05:30,5425.2,5425.9,5418.05,5421.65,678,
2024-10-03 14:01:00+05:30,5421.65,5423.75,5420,5420.8,644,
2024-10-03 14:02:00+05:30,5420.8,5421.05,5417.4,5418.5,683,
2024-10-03 14:03:00+05:30,5418.5,5422.05,5410,5411.5,5682,
2024-10-03 14:04:00+05:30,5411.5,5416.3,5409.85,5413.3,1023,
2024-10-03 14:05:00+05:30,5413.3,5420.65,5412,5415.05,1067,
2024-10-03 14:06:00+05:30,5416.15,5419.8,5413.95,5415,1617,
2024-10-03 14:07:00+05:30,5415,5415.6,5408.05,5410.3,560,
2024-10-03 14:08:00+05:30,5410.35,5410.8,5404.8,5407.55,2952,
2024-10-03 14:09:00+05:30,5407,5410,5406.8,5409.3,295,
2024-10-03 14:10:00+05:30,5409.3,5410.9,5405.5,5407.3,885,
2024-10-03 14:11:00+05:30,5409.9,5410,5407.55,5409.3,353,
2024-10-03 14:12:00+05:30,5409.3,5409.55,5407.55,5407.75,811,
2024-10-03 14:13:00+05:30,5408.55,5416.35,5407.75,5410.45,1929,
2024-10-03 14:14:00+05:30,5410.9,5417.2,5408.05,5412.05,2251,
2024-10-03 14:15:00+05:30,5413.6,5413.6,5410.1,5411.85,509,
2024-10-03 14:16:00+05:30,5411.85,5416.55,5410.75,5412.15,1987,
2024-10-03 14:17:00+05:30,5412.15,5415.05,5410.5,5413.5,800,
2024-10-03 14:18:00+05:30,5413.5,5417.95,5410.35,5413,1043,
2024-10-03 14:19:00+05:30,5414.15,5414.15,5410.3,5410.5,499,
2024-10-03 14:20:00+05:30,5410.55,5411.9,5410.05,5410.05,336,
2024-10-03 14:21:00+05:30,5410.05,5410.05,5409,5409.75,617,
2024-10-03 14:22:00+05:30,5409.75,5410,5408.05,5409.8,364,
2024-10-03 14:23:00+05:30,5409.3,5411.05,5409.3,5410.75,730,
2024-10-03 14:24:00+05:30,5410.75,5415.65,5408.3,5410.25,1153,
2024-10-03 14:25:00+05:30,5409.9,5412.6,5409.9,5410.25,694,
2024-10-03 14:26:00+05:30,5410.25,5412.75,5409.95,5410,691,
2024-10-03 14:27:00+05:30,5410.05,5412.2,5409.35,5410.4,468,
2024-10-03 14:28:00+05:30,5410.55,5416.35,5410.05,5413.25,1035,
2024-10-03 14:29:00+05:30,5413.25,5418.2,5413.25,5415.65,935,
2024-10-03 14:30:00+05:30,5417.7,5417.75,5415.3,5417.5,823,
2024-10-03 14:31:00+05:30,5416.5,5421,5416.5,5420.85,1364,
2024-10-03 14:32:00+05:30,5424.45,5426.15,5420.75,5424.05,961,
2024-10-03 14:33:00+05:30,5424,5426.95,5424,5424.85,483,
2024-10-03 14:34:00+05:30,5424.85,5426.6,5424.75,5425.7,247,
2024-10-03 14:35:00+05:30,5425.7,5427.95,5425.05,5426.7,884,
2024-10-03 14:36:00+05:30,5426.7,5429.95,5426,5429.2,1346,
2024-10-03 14:37:00+05:30,5429.2,5429.2,5427.6,5427.65,188,
2024-10-03 14:38:00+05:30,5427.65,5431.45,5425.7,5427.85,763,
2024-10-03 14:39:00+05:30,5427.85,5430.65,5426.95,5427.45,489,
2024-10-03 14:40:00+05:30,5427.45,5431.45,5427.45,5429.15,1017,
2024-10-03 14:41:00+05:30,5429.15,5429.15,5425.7,5425.7,296,
2024-10-03 14:42:00+05:30,5427.95,5429.4,5425.95,5427,754,
2024-10-03 14:43:00+05:30,5427,5428.25,5425.7,5425.7,334,
2024-10-03 14:44:00+05:30,5425.7,5426.6,5424.6,5424.75,800,
2024-10-03 14:45:00+05:30,5425.2,5425.7,5422.65,5422.65,1031,
2024-10-03 14:46:00+05:30,5422.65,5423.2,5421.05,5421.75,728,
2024-10-03 14:47:00+05:30,5421.7,5425.1,5421.7,5423.05,1137,
2024-10-03 14:48:00+05:30,5423.05,5424.45,5422.6,5422.65,963,
2024-10-03 14:49:00+05:30,5422.65,5425.65,5422.5,5425,1611,
2024-10-03 14:50:00+05:30,5427.05,5427.35,5424.05,5424.25,572,
2024-10-03 14:51:00+05:30,5424.25,5437.6,5423.85,5432,4217,
2024-10-03 14:52:00+05:30,5434.6,5434.6,5425.8,5428.4,1644,
2024-10-03 14:53:00+05:30,5428.4,5436.8,5428.4,5431.85,2431,
2024-10-03 14:54:00+05:30,5431.85,5437.65,5429.8,5434.75,2142,
2024-10-03 14:55:00+05:30,5435.15,5438.85,5432.85,5435.5,1690,
2024-10-03 14:56:00+05:30,5435.5,5435.5,5432.7,5434.45,628,
2024-10-03 14:57:00+05:30,5435,5435,5427,5429.35,1283,
2024-10-03 14:58:00+05:30,5429.35,5432.75,5428,5430,1039,
2024-10-03 14:59:00+05:30,5430,5431.9,5427.2,5427.2,810,
2024-10-03 15:00:00+05:30,5427.6,5433.45,5423,5425.65,3897,
2024-10-03 15:01:00+05:30,5425.6,5427.45,5421.2,5424.85,1498,
2024-10-03 15:02:00+05:30,5425.4,5428.1,5423.15,5425.45,2125,
2024-10-03 15:03:00+05:30,5425.15,5431.75,5425.15,5430.5,3364,
2024-10-03 15:04:00+05:30,5430.5,5434,5425.55,5429.2,3742,
2024-10-03 15:05:00+05:30,5429.2,5429.95,5426,5427.45,2089,
2024-10-03 15:06:00+05:30,5427.45,5427.85,5426.15,5426.65,2109,
2024-10-03 15:07:00+05:30,5426.7,5430.6,5424.9,5429.2,3124,
2024-10-03 15:08:00+05:30,5429.6,5432.5,5426.65,5428.5,2223,
2024-10-03 15:09:00+05:30,5428.5,5435,5426.85,5432.25,7691,
2024-10-03 15:10:00+05:30,5432.25,5438.45,5430.75,5436.2,11880,
2024-10-03 15:11:00+05:30,5437.1,5437.1,5433.8,5435.4,2029,
2024-10-03 15:12:00+05:30,5435.4,5435.4,5432.1,5434.5,2488,
2024-10-03 15:13:00+05:30,5434.7,5437.65,5432.6,5434.95,3888,
2024-10-03 15:14:00+05:30,5434.95,5436.15,5432.2,5433,1442,
2024-10-03 15:15:00+05:30,5433.35,5436.65,5432.5,5433.85,2797,
2024-10-03 15:16:00+05:30,5433.85,5435.55,5430.8,5432.95,3190,
2024-10-03 15:17:00+05:30,5432.9,5435.7,5431.65,5431.85,3701,
2024-10-03 15:18:00+05:30,5432.05,5432.25,5426.85,5427.65,3776,
2024-10-03 15:19:00+05:30,5428,5431.4,5427.1,5430.75,4027,
2024-10-03 15:20:00+05:30,5427.45,5432.5,5427.45,5428.1,3467,
2024-10-03 15:21:00+05:30,5428.1,5430,5426.4,5428.6,4223,
2024-10-03 15:22:00+05:30,5426.45,5429.9,5425.45,5429,3513,
2024-10-03 15:23:00+05:30,5429,5429,5424.4,5426.35,4398,
2024-10-03 15:24:00+05:30,5425.55,5429,5422.55,5427.25,7135,
2024-10-03 15:25:00+05:30,5427.25,5429,5424.9,5428.75,5929,
2024-10-03 15:26:00+05:30,5428.75,5434.25,5427.3,5429.35,4323,
2024-10-03 15:27:00+05:30,5429.25,5434,5428.2,5433.4,3831,
2024-10-03 15:28:00+05:30,5433.4,5434,5424.9,5428.7,4497,
2024-10-03 15:29:00+05:30,5428.7,5435.85,5424.05,5434.85,296,
2024-10-04 09:15:00+05:30,5408,5443.5,5408,5432.4,3232,
2024-10-04 09:16:00+05:30,5431.45,5436.7,5424.25,5434.2,1985,
2024-10-04 09:17:00+05:30,5430.25,5435,5426.5,5428.8,2024,
2024-10-04 09:18:00+05:30,5429,5430.7,5421.55,5425.15,1216,
2024-10-04 09:19:00+05:30,5424.05,5439.25,5424.05,5431.8,2127,
2024-10-04 09:20:00+05:30,5431.8,5431.8,5413.5,5420.3,3587,
2024-10-04 09:21:00+05:30,5417.1,5426.3,5414.1,5414.15,750,
2024-10-04 09:22:00+05:30,5414.15,5417.25,5405.75,5409.55,3108,
2024-10-04 09:23:00+05:30,5409.55,5412.45,5403.45,5404.6,1895,
2024-10-04 09:24:00+05:30,5404.6,5423,5402,5422.55,3596,
2024-10-04 09:25:00+05:30,5423.05,5423.35,5410,5413.1,935,
2024-10-04 09:26:00+05:30,5415.8,5415.8,5407.15,5408.5,393,
2024-10-04 09:27:00+05:30,5408.5,5408.5,5396.85,5400,1279,
2024-10-04 09:28:00+05:30,5397.5,5402.7,5390.15,5400.85,3661,
2024-10-04 09:29:00+05:30,5401,5412.15,5398.15,5411.95,579,
2024-10-04 09:30:00+05:30,5411.95,5411.95,5402.8,5405,237,
2024-10-04 09:31:00+05:30,5405,5405.1,5392,5392.7,2451,
2024-10-04 09:32:00+05:30,5392.7,5400.7,5385.25,5398.3,3845,
2024-10-04 09:33:00+05:30,5398.3,5412,5395.2,5411.75,2120,
2024-10-04 09:34:00+05:30,5411.75,5435,5409.6,5435,1783,
2024-10-04 09:35:00+05:30,5435,5437.05,5426.15,5428,1614,
2024-10-04 09:36:00+05:30,5428,5428.45,5420,5420,249,
2024-10-04 09:37:00+05:30,5420,5420,5414.05,5417.45,335,
2024-10-04 09:38:00+05:30,5417.45,5427.6,5415.25,5421.4,2075,
2024-10-04 09:39:00+05:30,5421.3,5426.6,5419.25,5422.85,1296,
2024-10-04 09:40:00+05:30,5422.85,5426.75,5421.4,5423.8,944,
2024-10-04 09:41:00+05:30,5425.55,5432.45,5423.2,5432.45,1397,
2024-10-04 09:42:00+05:30,5433,5433.7,5426.85,5430.8,728,
2024-10-04 09:43:00+05:30,5430.8,5430.8,5425.4,5426.15,719,
2024-10-04 09:44:00+05:30,5426.15,5435,5425.5,5432.9,1319,
2024-10-04 09:45:00+05:30,5432.9,5439,5430.9,5438.6,1350,
2024-10-04 09:46:00+05:30,5438.9,5441.35,5434.45,5435.9,704,
2024-10-04 09:47:00+05:30,5435.9,5439.4,5431.8,5438.8,1449,
2024-10-04 09:48:00+05:30,5438.8,5445.95,5438.8,5441.4,936,
2024-10-04 09:49:00+05:30,5441.4,5450,5440.45,5450,1469,
2024-10-04 09:50:00+05:30,5450,5459,5446.7,5459,1094,
2024-10-04 09:51:00+05:30,5459.1,5464.15,5456,5462.95,1680,
2024-10-04 09:52:00+05:30,5462.95,5463.9,5454.55,5454.55,482,
2024-10-04 09:53:00+05:30,5457.75,5472.35,5454.9,5468.5,2420,
2024-10-04 09:54:00+05:30,5468.5,5469.15,5465,5468.15,947,
2024-10-04 09:55:00+05:30,5468.15,5479,5468.15,5475.15,2337,
2024-10-04 09:56:00+05:30,5476.25,5478.05,5471.25,5472.75,1727,
2024-10-04 09:57:00+05:30,5470.15,5475,5470,5475,501,
2024-10-04 09:58:00+05:30,5475,5478.25,5467.55,5476.9,3022,
2024-10-04 09:59:00+05:30,5476.9,5476.9,5467.05,5468,1475,
2024-10-04 10:00:00+05:30,5469.9,5473.4,5469.6,5472.35,932,
2024-10-04 10:01:00+05:30,5472.35,5473.5,5461.2,5461.4,853,
2024-10-04 10:02:00+05:30,5461.4,5464.6,5457.05,5457.1,1168,
2024-10-04 10:03:00+05:30,5459.15,5468.05,5458.55,5467.05,2040,
2024-10-04 10:04:00+05:30,5468,5470,5463.95,5467.95,1277,
2024-10-04 10:05:00+05:30,5467.95,5468,5462.45,5465.4,1216,
2024-10-04 10:06:00+05:30,5465.4,5471.6,5462.85,5471.6,1483,
2024-10-04 10:07:00+05:30,5471.75,5473,5469.6,5472.35,366,
2024-10-04 10:08:00+05:30,5472.35,5477.95,5471,5474.95,2046,
2024-10-04 10:09:00+05:30,5476.15,5476.15,5466.85,5468.9,1055,
2024-10-04 10:10:00+05:30,5468.3,5468.55,5460,5464.35,1389,
2024-10-04 10:11:00+05:30,5464.35,5470,5462.85,5467.6,873,
2024-10-04 10:12:00+05:30,5467.6,5467.7,5460.15,5463.5,431,
2024-10-04 10:13:00+05:30,5463.05,5464.45,5459.6,5459.6,1514,
2024-10-04 10:14:00+05:30,5455.7,5468.45,5454.05,5467.6,2259,
2024-10-04 10:15:00+05:30,5467.6,5467.6,5462.2,5463.8,596,
2024-10-04 10:16:00+05:30,5463.8,5466.15,5459.05,5460.05,918,
2024-10-04 10:17:00+05:30,5460.05,5461,5455.7,5458.5,1152,
2024-10-04 10:18:00+05:30,5459,5459.1,5453.25,5454,562,
2024-10-04 10:19:00+05:30,5454,5458.4,5454,5458.4,579,
2024-10-04 10:20:00+05:30,5458.4,5463.8,5455.6,5455.6,792,
2024-10-04 10:21:00+05:30,5455.6,5461.4,5455.6,5460.05,488,
2024-10-04 10:22:00+05:30,5460.05,5460.05,5454,5454,552,
2024-10-04 10:23:00+05:30,5453,5454.05,5451.1,5451.1,1179,
2024-10-04 10:24:00+05:30,5453,5453.4,5451.15,5452.15,341,
2024-10-04 10:25:00+05:30,5452.15,5458.65,5452.15,5458.1,1718,
2024-10-04 10:26:00+05:30,5458.1,5458.95,5454.2,5454.2,1978,
2024-10-04 10:27:00+05:30,5456.55,5456.55,5451.05,5451.05,698,
2024-10-04 10:28:00+05:30,5453.1,5455,5451.05,5453.15,468,
2024-10-04 10:29:00+05:30,5453.15,5454.85,5450,5454.05,707,
2024-10-04 10:30:00+05:30,5454.9,5456,5454.1,5455.95,567,
2024-10-04 10:31:00+05:30,5455.95,5463.8,5453.15,5461.65,1641,
2024-10-04 10:32:00+05:30,5461.65,5464.1,5461,5461.35,1106,
2024-10-04 10:33:00+05:30,5461.35,5462.1,5460.05,5460.4,758,
2024-10-04 10:34:00+05:30,5460.4,5460.65,5457.65,5458,1245,
2024-10-04 10:35:00+05:30,5458,5464.8,5453.05,5453.75,2117,
2024-10-04 10:36:00+05:30,5453.75,5454.3,5451.5,5452.65,416,
2024-10-04 10:37:00+05:30,5452.65,5453.8,5451.55,5452,924,
2024-10-04 10:38:00+05:30,5452,5452,5444.05,5446.15,2140,
2024-10-04 10:39:00+05:30,5445.85,5448.35,5443.55,5443.55,459,
2024-10-04 10:40:00+05:30,5443.2,5446.2,5436,5436,2269,
2024-10-04 10:41:00+05:30,5436,5437.95,5434.15,5436,1220,
2024-10-04 10:42:00+05:30,5436,5441.1,5435.3,5436,766,
2024-10-04 10:43:00+05:30,5436,5441.95,5435.85,5438.75,841,
2024-10-04 10:44:00+05:30,5438.75,5449.45,5437.85,5446.8,2206,
2024-10-04 10:45:00+05:30,5446.8,5449.35,5442.7,5443.15,692,
2024-10-04 10:46:00+05:30,5443.15,5447,5440.95,5443.85,1188,
2024-10-04 10:47:00+05:30,5443.85,5445.3,5440,5445.1,1458,
2024-10-04 10:48:00+05:30,5445.1,5448,5440.4,5443.85,1792,
2024-10-04 10:49:00+05:30,5443.85,5444.2,5437.1,5437.1,578,
2024-10-04 10:50:00+05:30,5437.1,5441.3,5436.65,5438.85,767,
2024-10-04 10:51:00+05:30,5438.85,5444,5437.95,5442.8,1527,
2024-10-04 10:52:00+05:30,5442.8,5445.2,5438.05,5439.7,1000,
2024-10-04 10:53:00+05:30,5439.7,5441.4,5436,5436,1464,
2024-10-04 10:54:00+05:30,5436,5438.65,5436,5438.4,344,
2024-10-04 10:55:00+05:30,5439.95,5444.3,5438.3,5443.8,1198,
2024-10-04 10:56:00+05:30,5443.8,5447.85,5442.65,5446.45,900,
2024-10-04 10:57:00+05:30,5446.95,5447.8,5443.1,5443.2,620,
2024-10-04 10:58:00+05:30,5443.2,5445.65,5440.3,5444.1,679,
2024-10-04 10:59:00+05:30,5444.05,5444.05,5440.55,5442.3,1223,
2024-10-04 11:00:00+05:30,5442.3,5448,5441.9,5445.05,686,
2024-10-04 11:01:00+05:30,5445.05,5448,5445.05,5445.4,1191,
2024-10-04 11:02:00+05:30,5445.4,5445.5,5445.35,5445.45,358,
2024-10-04 11:03:00+05:30,5445.45,5446.5,5438.35,5442.3,918,
2024-10-04 11:04:00+05:30,5442.3,5442.3,5438.85,5439.9,454,
2024-10-04 11:05:00+05:30,5440.05,5440.05,5438.4,5438.4,319,
2024-10-04 11:06:00+05:30,5438.4,5438.4,5435.1,5435.1,837,
2024-10-04 11:07:00+05:30,5435.1,5441.85,5432.8,5436.9,1171,
2024-10-04 11:08:00+05:30,5436.9,5443.45,5436.9,5442.8,217,
2024-10-04 11:09:00+05:30,5442.8,5446.4,5442.1,5444.3,451,
2024-10-04 11:10:00+05:30,5444.3,5444.3,5441,5442.6,140,
2024-10-04 11:11:00+05:30,5442.6,5446.8,5442.6,5446.55,1107,
2024-10-04 11:12:00+05:30,5446.55,5446.55,5442.7,5445.25,513,
2024-10-04 11:13:00+05:30,5445.25,5445.25,5442.65,5443.85,653,
2024-10-04 11:14:00+05:30,5444.15,5446.55,5442.45,5444.75,660,
2024-10-04 11:15:00+05:30,5444.75,5447.6,5437.6,5440.6,1551,
2024-10-04 11:16:00+05:30,5441.35,5444.2,5440.6,5443.3,195,
2024-10-04 11:17:00+05:30,5443.3,5447.4,5442,5446.3,390,
2024-10-04 11:18:00+05:30,5446.3,5447,5445.25,5446.6,964,
2024-10-04 11:19:00+05:30,5446.6,5447,5445.45,5445.6,455,
2024-10-04 11:20:00+05:30,5445.6,5447.5,5444,5447.25,362,
2024-10-04 11:21:00+05:30,5447.25,5447.25,5442,5442,419,
2024-10-04 11:22:00+05:30,5442,5448,5441.45,5446.6,1008,
2024-10-04 11:23:00+05:30,5446.6,5448,5441.35,5446.9,1385,
2024-10-04 11:24:00+05:30,5446.9,5447.05,5442.35,5442.35,335,
2024-10-04 11:25:00+05:30,5443.6,5445.4,5442.55,5442.85,279,
2024-10-04 11:26:00+05:30,5442.85,5443.4,5442.8,5443.4,402,
2024-10-04 11:27:00+05:30,5443.4,5443.4,5437.3,5438.75,1690,
2024-10-04 11:28:00+05:30,5437.75,5438.65,5423.25,5423.25,913,
2024-10-04 11:29:00+05:30,5423.25,5424.6,5420.75,5424,386,
2024-10-04 11:30:00+05:30,5424,5427.45,5424,5424.9,640,
2024-10-04 11:31:00+05:30,5424.9,5426,5423.95,5423.95,217,
2024-10-04 11:32:00+05:30,5424,5433.15,5424,5430.7,1314,
2024-10-04 11:33:00+05:30,5432.15,5432.15,5427.8,5427.8,721,
2024-10-04 11:34:00+05:30,5427.8,5427.8,5426.55,5427.1,387,
2024-10-04 11:35:00+05:30,5427.5,5439.1,5422.6,5435.7,3076,
2024-10-04 11:36:00+05:30,5433.9,5440,5433.5,5434.55,740,
2024-10-04 11:37:00+05:30,5434.95,5435.95,5432,5434.25,243,
2024-10-04 11:38:00+05:30,5434.25,5435,5430.25,5430.25,316,
2024-10-04 11:39:00+05:30,5430.25,5433.9,5430.1,5432.45,500,
2024-10-04 11:40:00+05:30,5432.15,5441.7,5432.15,5434.8,862,
2024-10-04 11:41:00+05:30,5434.8,5436.95,5431.1,5432.15,982,
2024-10-04 11:42:00+05:30,5432.15,5436.95,5432.15,5433.45,249,
2024-10-04 11:43:00+05:30,5433.45,5434.05,5431.65,5432,817,
2024-10-04 11:44:00+05:30,5433.6,5436,5433.1,5433.55,399,
2024-10-04 11:45:00+05:30,5434,5435.6,5432.35,5432.35,460,
2024-10-04 11:46:00+05:30,5435.1,5435.1,5433.3,5433.8,1570,
2024-10-04 11:47:00+05:30,5432.5,5433.85,5430.25,5430.25,308,
2024-10-04 11:48:00+05:30,5431.15,5431.15,5429.8,5430.35,1020,
2024-10-04 11:49:00+05:30,5430.35,5430.35,5428.55,5430.3,594,
2024-10-04 11:50:00+05:30,5430.3,5433.75,5429.55,5429.55,1346,
2024-10-04 11:51:00+05:30,5432.2,5433.45,5429.65,5432.4,193,
2024-10-04 11:52:00+05:30,5432.4,5432.75,5431.1,5432.75,528,
2024-10-04 11:53:00+05:30,5432.75,5434.95,5432.25,5433.15,151,
2024-10-04 11:54:00+05:30,5433.9,5434.6,5432.6,5433.9,695,
2024-10-04 11:55:00+05:30,5434.15,5441.1,5433,5439.95,1735,
2024-10-04 11:56:00+05:30,5439.6,5440.05,5438.3,5440.05,315,
2024-10-04 11:57:00+05:30,5438.25,5440,5431.95,5431.95,840,
2024-10-04 11:58:00+05:30,5433.1,5441,5431.6,5440.95,1336,
2024-10-04 11:59:00+05:30,5440.95,5440.95,5436.45,5438,181,
2024-10-04 12:00:00+05:30,5438,5439.65,5435.85,5437.4,488,
2024-10-04 12:01:00+05:30,5436.05,5437.25,5432.1,5433.8,1696,
2024-10-04 12:02:00+05:30,5433.8,5433.85,5431.25,5431.25,240,
2024-10-04 12:03:00+05:30,5432.3,5437.3,5431.45,5434.85,672,
2024-10-04 12:04:00+05:30,5435.35,5438.5,5435.1,5438.5,882,
2024-10-04 12:05:00+05:30,5438.5,5440.2,5437.7,5438,171,
2024-10-04 12:06:00+05:30,5438,5442,5438,5438,647,
2024-10-04 12:07:00+05:30,5438,5438.95,5437.8,5438.1,428,
2024-10-04 12:08:00+05:30,5438.1,5447.8,5438,5447.8,1327,
2024-10-04 12:09:00+05:30,5447.8,5460,5447.8,5460,1980,
2024-10-04 12:10:00+05:30,5461.95,5469.35,5460.05,5466.1,3804,
2024-10-04 12:11:00+05:30,5466.1,5470.15,5466.1,5469.75,802,
2024-10-04 12:12:00+05:30,5470.4,5471.75,5468,5470,738,
2024-10-04 12:13:00+05:30,5470.4,5470.4,5466.2,5469.6,762,
2024-10-04 12:14:00+05:30,5469.6,5469.6,5465,5467.05,1577,
2024-10-04 12:15:00+05:30,5467.15,5474.8,5467.1,5471.9,1236,
2024-10-04 12:16:00+05:30,5472.5,5478.8,5471.05,5478.2,1073,
2024-10-04 12:17:00+05:30,5478.1,5478.6,5475.1,5477.65,633,
2024-10-04 12:18:00+05:30,5477.65,5477.75,5477,5477.75,583,
2024-10-04 12:19:00+05:30,5477.75,5485.3,5475.05,5485.3,2235,
2024-10-04 12:20:00+05:30,5484.4,5488,5482.55,5485.65,3507,
2024-10-04 12:21:00+05:30,5485.65,5490,5485.05,5489.45,2122,
2024-10-04 12:22:00+05:30,5489.45,5491.4,5487,5491.4,1292,
2024-10-04 12:23:00+05:30,5491.4,5503.7,5488.7,5503.1,4252,
2024-10-04 12:24:00+05:30,5503.8,5503.8,5497.65,5499.2,1163,
2024-10-04 12:25:00+05:30,5498.95,5506.6,5496,5506,1625,
2024-10-04 12:26:00+05:30,5506.6,5510,5506.45,5509.6,1094,
2024-10-04 12:27:00+05:30,5510,5510,5504.25,5507.4,1201,
2024-10-04 12:28:00+05:30,5507.4,5507.4,5503.05,5506.9,1408,
2024-10-04 12:29:00+05:30,5506.9,5509,5502.5,5509,1829,
2024-10-04 12:30:00+05:30,5509,5514.8,5508.9,5514.5,2500,
2024-10-04 12:31:00+05:30,5512.35,5515,5504.35,5507.25,1883,
2024-10-04 12:32:00+05:30,5510.5,5519,5508,5517,3605,
2024-10-04 12:33:00+05:30,5517,5522.2,5516.25,5516.25,2439,
2024-10-04 12:34:00+05:30,5516.25,5520,5506.15,5508.05,1517,
2024-10-04 12:35:00+05:30,5508.05,5515.4,5507.1,5509.75,1033,
2024-10-04 12:36:00+05:30,5509.75,5510,5506.1,5510,1930,
2024-10-04 12:37:00+05:30,5510,5510.05,5503.95,5510,2039,
2024-10-04 12:38:00+05:30,5510.35,5514.95,5504.3,5509.6,1728,
2024-10-04 12:39:00+05:30,5507.35,5509.95,5501.5,5504.4,1479,
2024-10-04 12:40:00+05:30,5504.4,5507.95,5495.3,5499.65,2996,
2024-10-04 12:41:00+05:30,5499.65,5499.65,5491.6,5495,1391,
2024-10-04 12:42:00+05:30,5495,5495.9,5487.45,5490.75,980,
2024-10-04 12:43:00+05:30,5490.7,5492.7,5489,5489.45,793,
2024-10-04 12:44:00+05:30,5489.45,5489.8,5480.35,5480.35,1605,
2024-10-04 12:45:00+05:30,5481.2,5494.45,5481.2,5490,983,
2024-10-04 12:46:00+05:30,5490,5491,5482.15,5488.4,1386,
2024-10-04 12:47:00+05:30,5488,5488,5474.25,5474.65,1272,
2024-10-04 12:48:00+05:30,5474.65,5481.2,5471.15,5480.4,2303,
2024-10-04 12:49:00+05:30,5480.4,5484.15,5476.1,5476.6,1321,
2024-10-04 12:50:00+05:30,5476.6,5480.5,5474.95,5474.95,715,
2024-10-04 12:51:00+05:30,5474.95,5474.95,5470.4,5470.4,1135,
2024-10-04 12:52:00+05:30,5470.4,5479.3,5470,5474.6,945,
2024-10-04 12:53:00+05:30,5474.55,5474.85,5459.3,5469.45,1631,
2024-10-04 12:54:00+05:30,5469.45,5469.45,5464.9,5468.6,613,
2024-10-04 12:55:00+05:30,5468.6,5468.6,5460,5464.3,1958,
2024-10-04 12:56:00+05:30,5464.3,5464.3,5457.6,5460.35,616,
2024-10-04 12:57:00+05:30,5460.35,5465.25,5458.65,5462.75,1560,
2024-10-04 12:58:00+05:30,5463.15,5468.15,5463.15,5465.05,909,
2024-10-04 12:59:00+05:30,5465.05,5465.05,5459.2,5462.25,618,
2024-10-04 13:00:00+05:30,5462.25,5462.25,5448.35,5453,1115,
2024-10-04 13:01:00+05:30,5454.45,5457.45,5451.7,5457.45,991,
2024-10-04 13:02:00+05:30,5457.45,5457.7,5452,5456.7,1150,
2024-10-04 13:03:00+05:30,5456.7,5467.95,5456.7,5466.25,1869,
2024-10-04 13:04:00+05:30,5466.25,5476.45,5465.25,5474.4,2087,
2024-10-04 13:05:00+05:30,5474.4,5476.35,5465.85,5472.9,1385,
2024-10-04 13:06:00+05:30,5473.8,5477.8,5472.5,5475.75,1285,
2024-10-04 13:07:00+05:30,5475.75,5477.8,5468.2,5472.55,1082,
2024-10-04 13:08:00+05:30,5472.55,5482.5,5470.3,5479.95,964,
2024-10-04 13:09:00+05:30,5479.95,5484.4,5475.05,5484,975,
2024-10-04 13:10:00+05:30,5484,5484,5478.5,5479.6,1296,
2024-10-04 13:11:00+05:30,5479.6,5482.65,5479.6,5481.4,782,
2024-10-04 13:12:00+05:30,5481.4,5481.4,5475.3,5477,876,
2024-10-04 13:13:00+05:30,5477,5480.1,5475.9,5480.1,869,
2024-10-04 13:14:00+05:30,5480.1,5480.1,5473.45,5478.15,924,
2024-10-04 13:15:00+05:30,5478.15,5478.15,5474.7,5477.1,795,
2024-10-04 13:16:00+05:30,5477.45,5477.45,5470,5473.3,1375,
2024-10-04 13:17:00+05:30,5473.4,5479.25,5473.3,5475.7,2307,
2024-10-04 13:18:00+05:30,5475.7,5480,5475.55,5479.6,705,
2024-10-04 13:19:00+05:30,5479.6,5482.2,5477.4,5477.85,652,
2024-10-04 13:20:00+05:30,5477.85,5480,5473.35,5475.7,539,
2024-10-04 13:21:00+05:30,5475.7,5475.7,5470,5472.2,956,
2024-10-04 13:22:00+05:30,5472.2,5477.4,5470.3,5476.4,1402,
2024-10-04 13:23:00+05:30,5477.75,5480,5476.25,5478.05,589,
2024-10-04 13:24:00+05:30,5478.05,5478.05,5470,5470,709,
2024-10-04 13:25:00+05:30,5472.95,5472.95,5466.35,5469,1267,
2024-10-04 13:26:00+05:30,5469,5470.2,5467.55,5470.2,854,
2024-10-04 13:27:00+05:30,5470.2,5480,5470.2,5480,2377,
2024-10-04 13:28:00+05:30,5480,5480.2,5479.7,5479.75,1015,
2024-10-04 13:29:00+05:30,5479.75,5485.15,5476.25,5484.25,1151,
2024-10-04 13:30:00+05:30,5484.25,5485,5481.4,5482.75,643,
2024-10-04 13:31:00+05:30,5482.75,5483.75,5479.15,5479.65,702,
2024-10-04 13:32:00+05:30,5479.65,5482.35,5476.45,5476.85,686,
2024-10-04 13:33:00+05:30,5476.85,5476.85,5467.55,5472.9,1604,
2024-10-04 13:34:00+05:30,5472.9,5479.45,5469.6,5477.85,2305,
2024-10-04 13:35:00+05:30,5477.85,5477.95,5472.15,5474.4,1443,
2024-10-04 13:36:00+05:30,5474.4,5474.4,5466,5466,951,
2024-10-04 13:37:00+05:30,5466,5467.15,5457.05,5466,2389,
2024-10-04 13:38:00+05:30,5466,5469.95,5465.35,5468.2,924,
2024-10-04 13:39:00+05:30,5468.2,5470,5465.1,5467.2,1048,
2024-10-04 13:40:00+05:30,5467.2,5468.55,5462.1,5462.5,863,
2024-10-04 13:41:00+05:30,5462.9,5464.7,5457.1,5461,2166,
2024-10-04 13:42:00+05:30,5459.8,5473.95,5459.8,5473.95,2025,
2024-10-04 13:43:00+05:30,5474,5474,5470.8,5472.3,835,
2024-10-04 13:44:00+05:30,5472.5,5481,5469.75,5481,2383,
2024-10-04 13:45:00+05:30,5481,5481,5472,5472,1553,
2024-10-04 13:46:00+05:30,5472,5472.6,5468.1,5472.6,1131,
2024-10-04 13:47:00+05:30,5472.6,5472.85,5466.8,5471.5,1053,
2024-10-04 13:48:00+05:30,5471.5,5474.1,5466.9,5468.8,1270,
2024-10-04 13:49:00+05:30,5468.8,5476,5465.05,5476,1824,
2024-10-04 13:50:00+05:30,5476,5478.65,5471.3,5476.65,1497,
2024-10-04 13:51:00+05:30,5476.65,5476.8,5471.05,5474.35,1493,
2024-10-04 13:52:00+05:30,5474.75,5484.75,5473.7,5483.4,1894,
2024-10-04 13:53:00+05:30,5483.4,5486.4,5482.35,5485.3,975,
2024-10-04 13:54:00+05:30,5485.3,5486.5,5483.5,5486.15,570,
2024-10-04 13:55:00+05:30,5486.15,5486.15,5480,5481.35,1137,
2024-10-04 13:56:00+05:30,5481.35,5481.35,5468.95,5468.95,1436,
2024-10-04 13:57:00+05:30,5465.2,5473.45,5465.2,5473.45,1301,
2024-10-04 13:58:00+05:30,5473.45,5474.55,5467.6,5473.15,1160,
2024-10-04 13:59:00+05:30,5473.55,5474.25,5469,5473.5,1509,
2024-10-04 14:00:00+05:30,5473.5,5473.55,5468.1,5473.15,848,
2024-10-04 14:01:00+05:30,5473.5,5473.5,5471.1,5473.2,899,
2024-10-04 14:02:00+05:30,5474.55,5482.7,5473,5478.35,2835,
2024-10-04 14:03:00+05:30,5478.35,5478.35,5472.5,5475.7,1187,
2024-10-04 14:04:00+05:30,5475.7,5475.95,5467.05,5474.4,1284,
2024-10-04 14:05:00+05:30,5474.4,5475.9,5470.2,5474.2,1489,
2024-10-04 14:06:00+05:30,5474.2,5478.7,5470,5478.7,2368,
2024-10-04 14:07:00+05:30,5478.7,5484.95,5474.45,5482.35,2013,
2024-10-04 14:08:00+05:30,5482.35,5482.35,5474.05,5478.25,975,
2024-10-04 14:09:00+05:30,5478.25,5480.3,5475.15,5477.05,1072,
2024-10-04 14:10:00+05:30,5477.45,5481.95,5474.45,5481.75,1068,
2024-10-04 14:11:00+05:30,5481.75,5481.8,5478.75,5480.05,1559,
2024-10-04 14:12:00+05:30,5480.05,5480.05,5475.95,5478.75,1138,
2024-10-04 14:13:00+05:30,5478.75,5482.75,5477.35,5482.2,1421,
2024-10-04 14:14:00+05:30,5482.2,5484.95,5479.95,5483.75,1324,
2024-10-04 14:15:00+05:30,5485,5485.25,5477.9,5481.8,1202,
2024-10-04 14:16:00+05:30,5481.8,5481.8,5475.35,5476.3,731,
2024-10-04 14:17:00+05:30,5476.3,5477.5,5464.6,5466,2486,
2024-10-04 14:18:00+05:30,5460.9,5470,5460.9,5463.4,7442,
2024-10-04 14:19:00+05:30,5463.9,5464.7,5461.65,5464.55,1284,
2024-10-04 14:20:00+05:30,5464.55,5466.3,5457,5460.95,2040,
2024-10-04 14:21:00+05:30,5458.8,5465.35,5457.6,5461.4,2787,
2024-10-04 14:22:00+05:30,5461.4,5461.4,5452,5458.6,1671,
2024-10-04 14:23:00+05:30,5458.9,5459.65,5453.65,5456.15,2220,
2024-10-04 14:24:00+05:30,5456.15,5459.75,5454.15,5457.05,849,
2024-10-04 14:25:00+05:30,5456.95,5456.95,5446.7,5447.55,2072,
2024-10-04 14:26:00+05:30,5447.55,5447.55,5442,5445.55,1036,
2024-10-04 14:27:00+05:30,5445.55,5446.95,5443.65,5443.75,594,
2024-10-04 14:28:00+05:30,5445.4,5452.75,5442.4,5452.7,2783,
2024-10-04 14:29:00+05:30,5452.65,5459.4,5451.05,5452.35,1216,
2024-10-04 14:30:00+05:30,5452.35,5470,5451.05,5470,1117,
2024-10-04 14:31:00+05:30,5470,5470,5464.85,5468.5,709,
2024-10-04 14:32:00+05:30,5468.5,5476.45,5460,5460.9,2872,
2024-10-04 14:33:00+05:30,5460.9,5467.9,5460.9,5464.15,986,
2024-10-04 14:34:00+05:30,5464.15,5464.15,5460.5,5463.05,365,
2024-10-04 14:35:00+05:30,5462.95,5463.8,5456.55,5457.5,770,
2024-10-04 14:36:00+05:30,5459.85,5464.7,5456.45,5462.45,4311,
2024-10-04 14:37:00+05:30,5462.5,5468.8,5461.05,5465.6,2046,
2024-10-04 14:38:00+05:30,5465.6,5465.6,5457.25,5459.9,549,
2024-10-04 14:39:00+05:30,5459.9,5459.9,5450.55,5452.95,631,
2024-10-04 14:40:00+05:30,5450.2,5460.3,5450.2,5460.3,1653,
2024-10-04 14:41:00+05:30,5460.3,5460.4,5454,5456.1,811,
2024-10-04 14:42:00+05:30,5456.05,5462.95,5453.95,5461.9,2776,
2024-10-04 14:43:00+05:30,5461.9,5461.9,5457.1,5458.4,417,
2024-10-04 14:44:00+05:30,5458.4,5459.7,5450.1,5453.65,789,
2024-10-04 14:45:00+05:30,5454.05,5459.9,5452.15,5457.05,1282,
2024-10-04 14:46:00+05:30,5457.05,5457.1,5451.5,5451.7,948,
2024-10-04 14:47:00+05:30,5451.7,5451.85,5450,5451.5,405,
2024-10-04 14:48:00+05:30,5450.1,5451.8,5445.75,5448.6,513,
2024-10-04 14:49:00+05:30,5448.5,5448.55,5444.7,5446.75,981,
2024-10-04 14:50:00+05:30,5446.75,5450.45,5442.05,5450.15,3043,
2024-10-04 14:51:00+05:30,5450.05,5450.8,5441.7,5449.7,1359,
2024-10-04 14:52:00+05:30,5449.7,5449.85,5444.8,5449.25,1290,
2024-10-04 14:53:00+05:30,5449.25,5449.25,5448.05,5448.2,620,
2024-10-04 14:54:00+05:30,5448.2,5453.35,5448.1,5450.9,2213,
2024-10-04 14:55:00+05:30,5450.9,5455,5448,5450.5,641,
2024-10-04 14:56:00+05:30,5452.7,5452.7,5445.3,5445.45,570,
2024-10-04 14:57:00+05:30,5445.45,5450.5,5445.4,5448.3,2657,
2024-10-04 14:58:00+05:30,5448.3,5449.5,5448,5449.5,350,
2024-10-04 14:59:00+05:30,5449.5,5450,5445,5448.35,927,
2024-10-04 15:00:00+05:30,5449.6,5456.6,5446.35,5452.8,4285,
2024-10-04 15:01:00+05:30,5452.8,5455.7,5446.8,5454.45,2437,
2024-10-04 15:02:00+05:30,5454.4,5459.05,5453.2,5455.65,3891,
2024-10-04 15:03:00+05:30,5455.3,5455.65,5442.3,5444.15,2319,
2024-10-04 15:04:00+05:30,5444.15,5444.15,5440.65,5442.25,1534,
2024-10-04 15:05:00+05:30,5442.25,5442.5,5434.55,5436.75,2349,
2024-10-04 15:06:00+05:30,5436.7,5436.8,5432.25,5435.15,4332,
2024-10-04 15:07:00+05:30,5435.1,5437.4,5430.9,5437.4,3967,
2024-10-04 15:08:00+05:30,5435.1,5438.35,5425.2,5426.5,4438,
2024-10-04 15:09:00+05:30,5426.8,5439.45,5425.95,5439.3,2372,
2024-10-04 15:10:00+05:30,5439.3,5439.3,5430.85,5430.85,1887,
2024-10-04 15:11:00+05:30,5430.85,5430.85,5424.15,5428.8,2796,
2024-10-04 15:12:00+05:30,5425.2,5429.75,5424.35,5424.35,2737,
2024-10-04 15:13:00+05:30,5424.35,5424.35,5419.05,5420.95,2155,
2024-10-04 15:14:00+05:30,5420.95,5421.55,5413.1,5415.25,4070,
2024-10-04 15:15:00+05:30,5415.25,5421.1,5414.75,5418.65,2817,
2024-10-04 15:16:00+05:30,5418.65,5422.2,5415.8,5420.7,2059,
2024-10-04 15:17:00+05:30,5420.75,5421.1,5412.8,5415.9,2318,
2024-10-04 15:18:00+05:30,5415.9,5415.9,5410,5412.9,2648,
2024-10-04 15:19:00+05:30,5412.9,5420.75,5412.85,5419.75,4797,
2024-10-04 15:20:00+05:30,5417.6,5417.6,5414.5,5414.5,1701,
2024-10-04 15:21:00+05:30,5414.5,5422.95,5414.45,5420.7,5684,
2024-10-04 15:22:00+05:30,5420.7,5420.7,5410.5,5413.3,2054,
2024-10-04 15:23:00+05:30,5414.55,5414.55,5410,5410.05,1954,
2024-10-04 15:24:00+05:30,5410.05,5415.35,5407.4,5414.4,4686,
2024-10-04 15:25:00+05:30,5412.75,5415.6,5411.05,5414.55,1516,
2024-10-04 15:26:00+05:30,5414.55,5414.55,5408.75,5411.3,4074,
2024-10-04 15:27:00+05:30,5411.2,5413,5407.95,5413,3913,
2024-10-04 15:28:00+05:30,5413,5417.7,5409,5416.95,2001,
2024-10-04 15:29:00+05:30,5417.05,5420,5412.6,5420,918,
2024-10-07 09:15:00+05:30,5448,5469.95,5431.7,5467.4,5866,
2024-10-07 09:16:00+05:30,5467.45,5469.95,5450.35,5451.35,3789,
2024-10-07 09:17:00+05:30,5449.35,5461.8,5448.2,5459.25,1805,
2024-10-07 09:18:00+05:30,5459.25,5472,5459.25,5471.05,1036,
2024-10-07 09:19:00+05:30,5471.9,5484.9,5471.45,5484.9,2670,
2024-10-07 09:20:00+05:30,5484.9,5490,5483.45,5485.9,4352,
2024-10-07 09:21:00+05:30,5485.85,5485.85,5476.8,5476.85,2026,
2024-10-07 09:22:00+05:30,5479.9,5479.9,5470,5471.55,3540,
2024-10-07 09:23:00+05:30,5471.95,5479,5471.95,5475.6,1245,
2024-10-07 09:24:00+05:30,5476.95,5480,5475.05,5478,1071,
2024-10-07 09:25:00+05:30,5478,5479.15,5472.05,5472.05,1724,
2024-10-07 09:26:00+05:30,5477.1,5489.1,5477.1,5485.3,3236,
2024-10-07 09:27:00+05:30,5482.9,5494.85,5482.9,5491.4,3915,
2024-10-07 09:28:00+05:30,5491.45,5491.45,5480.85,5483.1,1366,
2024-10-07 09:29:00+05:30,5481.6,5484.85,5481,5481,753,
2024-10-07 09:30:00+05:30,5481,5494,5478.4,5491.8,2280,
2024-10-07 09:31:00+05:30,5491.8,5502.7,5487.4,5487.45,10395,
2024-10-07 09:32:00+05:30,5490.2,5494.7,5487,5490.3,1872,
2024-10-07 09:33:00+05:30,5488.1,5500,5488.1,5499.5,2388,
2024-10-07 09:34:00+05:30,5500,5501,5497.35,5498,2378,
2024-10-07 09:35:00+05:30,5498,5498.9,5489.8,5497.3,917,
2024-10-07 09:36:00+05:30,5498,5508.2,5497,5506.85,2771,
2024-10-07 09:37:00+05:30,5506.85,5511.85,5501.7,5509.95,2241,
2024-10-07 09:38:00+05:30,5509.95,5510,5505,5509.15,952,
2024-10-07 09:39:00+05:30,5509.15,5509.6,5501.4,5505.25,2076,
2024-10-07 09:40:00+05:30,5505.25,5507.4,5501.25,5505.25,1590,
2024-10-07 09:41:00+05:30,5505.25,5507,5502,5505,915,
2024-10-07 09:42:00+05:30,5505,5515,5502.35,5515,2966,
2024-10-07 09:43:00+05:30,5515.15,5516.4,5508.8,5512,2386,
2024-10-07 09:44:00+05:30,5511.9,5514.85,5501.5,5503.85,2520,
2024-10-07 09:45:00+05:30,5503.85,5519.25,5503.8,5519.25,2603,
2024-10-07 09:46:00+05:30,5519.7,5519.9,5513.3,5517.9,2261,
2024-10-07 09:47:00+05:30,5517.9,5519.65,5513.05,5519.65,1964,
2024-10-07 09:48:00+05:30,5517.15,5521,5503.15,5504.35,3655,
2024-10-07 09:49:00+05:30,5504.35,5507.95,5489.05,5491.55,3418,
2024-10-07 09:50:00+05:30,5491.55,5498.8,5489,5498.3,2079,
2024-10-07 09:51:00+05:30,5496.4,5499.4,5487.55,5487.95,2472,
2024-10-07 09:52:00+05:30,5487.95,5493.05,5487.2,5490,1314,
2024-10-07 09:53:00+05:30,5482.15,5492.9,5481.1,5488.8,1623,
2024-10-07 09:54:00+05:30,5488.8,5490,5481.55,5481.75,1033,
2024-10-07 09:55:00+05:30,5482.3,5488,5481.8,5485,558,
2024-10-07 09:56:00+05:30,5485,5485.45,5476.6,5476.6,2035,
2024-10-07 09:57:00+05:30,5476.15,5484,5476.15,5479.9,936,
2024-10-07 09:58:00+05:30,5479.9,5490,5479.9,5487.5,2649,
2024-10-07 09:59:00+05:30,5487.5,5490,5484.8,5486.3,544,
2024-10-07 10:00:00+05:30,5485,5486.9,5471,5471.05,1618,
2024-10-07 10:01:00+05:30,5471.05,5475.85,5466.15,5466.15,2295,
2024-10-07 10:02:00+05:30,5466.15,5471.95,5465.6,5470,1538,
2024-10-07 10:03:00+05:30,5470,5472.05,5467.25,5468.35,1543,
2024-10-07 10:04:00+05:30,5470.55,5475.4,5470.2,5475.4,470,
2024-10-07 10:05:00+05:30,5475.4,5479.3,5469.35,5469.35,804,
2024-10-07 10:06:00+05:30,5469,5471,5465.4,5468.25,789,
2024-10-07 10:07:00+05:30,5468.25,5474.35,5467.65,5470.15,1582,
2024-10-07 10:08:00+05:30,5471.85,5480,5470.2,5479.05,600,
2024-10-07 10:09:00+05:30,5479.05,5485,5476.7,5479.45,867,
2024-10-07 10:10:00+05:30,5479.45,5479.7,5472.3,5475,674,
2024-10-07 10:11:00+05:30,5475,5481.9,5474.95,5481.9,506,
2024-10-07 10:12:00+05:30,5481.9,5487,5480.95,5487,1771,
2024-10-07 10:13:00+05:30,5487,5488.55,5481.6,5485.1,1067,
2024-10-07 10:14:00+05:30,5483.8,5486.3,5479.85,5483.25,696,
2024-10-07 10:15:00+05:30,5483.25,5483.25,5475.85,5475.95,576,
2024-10-07 10:16:00+05:30,5475.95,5476.35,5465,5467.65,1178,
2024-10-07 10:17:00+05:30,5467.55,5474.3,5460,5470.3,2619,
2024-10-07 10:18:00+05:30,5470.3,5473.75,5462.45,5473.75,1661,
2024-10-07 10:19:00+05:30,5473.75,5473.75,5465.05,5465.05,609,
2024-10-07 10:20:00+05:30,5465.05,5467.55,5461.7,5462.15,1050,
2024-10-07 10:21:00+05:30,5462.5,5467.05,5458.35,5464,1227,
2024-10-07 10:22:00+05:30,5463.8,5463.8,5458,5461.45,1301,
2024-10-07 10:23:00+05:30,5461.45,5467.45,5461.45,5467.05,394,
2024-10-07 10:24:00+05:30,5466.1,5472.25,5463,5470.8,1820,
2024-10-07 10:25:00+05:30,5470.8,5471.95,5461,5464.7,739,
2024-10-07 10:26:00+05:30,5464.7,5464.7,5449,5450.75,2737,
2024-10-07 10:27:00+05:30,5450.85,5453.9,5450.85,5451.7,497,
2024-10-07 10:28:00+05:30,5451.7,5452.45,5445.5,5449.35,2591,
2024-10-07 10:29:00+05:30,5449.2,5449.2,5443.85,5446.55,1279,
2024-10-07 10:30:00+05:30,5446.55,5450.25,5445.55,5448.5,805,
2024-10-07 10:31:00+05:30,5449.2,5454.2,5442.55,5444.75,1379,
2024-10-07 10:32:00+05:30,5445.55,5447,5439.6,5439.6,1311,
2024-10-07 10:33:00+05:30,5439.9,5445.3,5437.6,5443.9,594,
2024-10-07 10:34:00+05:30,5443.9,5448.45,5443.85,5446.1,988,
2024-10-07 10:35:00+05:30,5446.1,5446.35,5440.6,5440.6,948,
2024-10-07 10:36:00+05:30,5440.15,5442.4,5433.9,5437,902,
2024-10-07 10:37:00+05:30,5437,5439.4,5433.9,5434.1,765,
2024-10-07 10:38:00+05:30,5434.1,5434.1,5421.75,5424.15,1673,
2024-10-07 10:39:00+05:30,5424.15,5425,5412,5415.8,2353,
2024-10-07 10:40:00+05:30,5415.8,5419.8,5407.95,5410.2,1349,
2024-10-07 10:41:00+05:30,5409.85,5415.55,5407.55,5411.8,1272,
2024-10-07 10:42:00+05:30,5411.8,5425.35,5411.3,5423.1,1142,
2024-10-07 10:43:00+05:30,5421,5424.95,5417.35,5424.95,742,
2024-10-07 10:44:00+05:30,5424.95,5424.95,5419.6,5419.6,801,
2024-10-07 10:45:00+05:30,5420.85,5422.4,5412.3,5413.9,578,
2024-10-07 10:46:00+05:30,5411.6,5415,5410.7,5411.95,493,
2024-10-07 10:47:00+05:30,5411.95,5415,5409.9,5410,1019,
2024-10-07 10:48:00+05:30,5407.7,5410,5406.05,5408,821,
2024-10-07 10:49:00+05:30,5406.05,5408,5401.1,5403.6,832,
2024-10-07 10:50:00+05:30,5403.6,5415.45,5403.6,5406.15,2435,
2024-10-07 10:51:00+05:30,5406.15,5410.7,5395.35,5399.95,943,
2024-10-07 10:52:00+05:30,5399.95,5404.15,5390.15,5395.85,1159,
2024-10-07 10:53:00+05:30,5395.85,5405,5390.55,5394.2,1473,
2024-10-07 10:54:00+05:30,5393.6,5410,5393.6,5408.65,1122,
2024-10-07 10:55:00+05:30,5408.65,5409.95,5402.7,5408.45,495,
2024-10-07 10:56:00+05:30,5408.45,5409,5400.65,5402.4,773,
2024-10-07 10:57:00+05:30,5402.4,5406,5399,5406,1399,
2024-10-07 10:58:00+05:30,5407.55,5418.8,5405.6,5415.9,723,
2024-10-07 10:59:00+05:30,5415.9,5419.9,5411.15,5412.25,757,
2024-10-07 11:00:00+05:30,5412.25,5413.7,5408.3,5409.2,366,
2024-10-07 11:01:00+05:30,5409.2,5409.2,5402.35,5402.35,540,
2024-10-07 11:02:00+05:30,5402.35,5404.95,5396.95,5396.95,499,
2024-10-07 11:03:00+05:30,5396.55,5397.75,5383.55,5384.45,1779,
2024-10-07 11:04:00+05:30,5384.4,5388.4,5384.4,5385.65,385,
2024-10-07 11:05:00+05:30,5385.65,5387.1,5379.45,5384.45,1416,
2024-10-07 11:06:00+05:30,5381.75,5399.85,5381.75,5398.95,1558,
2024-10-07 11:07:00+05:30,5398.95,5415.25,5398.05,5413.2,1106,
2024-10-07 11:08:00+05:30,5416.75,5423.45,5406.95,5423.45,1051,
2024-10-07 11:09:00+05:30,5423.45,5427.2,5416.9,5419.45,1116,
2024-10-07 11:10:00+05:30,5416.35,5416.35,5401.6,5404.75,537,
2024-10-07 11:11:00+05:30,5404.75,5418.45,5404.65,5415.65,659,
2024-10-07 11:12:00+05:30,5417.75,5421.65,5412.2,5413.25,590,
2024-10-07 11:13:00+05:30,5411,5420.95,5410.55,5420.9,511,
2024-10-07 11:14:00+05:30,5420.9,5426,5419.8,5421.95,680,
2024-10-07 11:15:00+05:30,5421.95,5436,5421.85,5431.65,1279,
2024-10-07 11:16:00+05:30,5431.65,5439.95,5431.65,5438.8,841,
2024-10-07 11:17:00+05:30,5438.8,5441.75,5435,5439,662,
2024-10-07 11:18:00+05:30,5439,5439,5431.8,5434.3,776,
2024-10-07 11:19:00+05:30,5436.6,5442.95,5431.6,5433.05,860,
2024-10-07 11:20:00+05:30,5433.05,5433.7,5428.85,5431.95,357,
2024-10-07 11:21:00+05:30,5431.95,5436.7,5428.05,5431.7,683,
2024-10-07 11:22:00+05:30,5431.7,5436.8,5428.05,5436.8,531,
2024-10-07 11:23:00+05:30,5435,5440,5435,5439.45,494,
2024-10-07 11:24:00+05:30,5442,5447.45,5440.45,5445.1,863,
2024-10-07 11:25:00+05:30,5447.3,5453.4,5447,5452.45,1165,
2024-10-07 11:26:00+05:30,5450.1,5456.7,5445.15,5445.15,1390,
2024-10-07 11:27:00+05:30,5444.1,5451.45,5444.1,5445,860,
2024-10-07 11:28:00+05:30,5445,5446.05,5437.2,5443.7,367,
2024-10-07 11:29:00+05:30,5444.05,5444.05,5431.8,5440.35,627,
2024-10-07 11:30:00+05:30,5440.35,5442.95,5431.2,5432.9,588,
2024-10-07 11:31:00+05:30,5432.9,5438.15,5430,5430,724,
2024-10-07 11:32:00+05:30,5430,5433.8,5428,5432.85,283,
2024-10-07 11:33:00+05:30,5432.95,5435.65,5428.05,5428.05,348,
2024-10-07 11:34:00+05:30,5428.05,5432.2,5428,5429.65,220,
2024-10-07 11:35:00+05:30,5429.65,5436.6,5429.65,5432,617,
2024-10-07 11:36:00+05:30,5432,5434.3,5425.6,5427.3,312,
2024-10-07 11:37:00+05:30,5427.3,5429.55,5425.1,5425.75,452,
2024-10-07 11:38:00+05:30,5425.75,5435,5425.75,5432.7,950,
2024-10-07 11:39:00+05:30,5432.7,5435,5430.15,5434.9,258,
2024-10-07 11:40:00+05:30,5433.05,5437.45,5433.05,5436.85,303,
2024-10-07 11:41:00+05:30,5438.95,5439,5435.35,5439,222,
2024-10-07 11:42:00+05:30,5439,5444.25,5438.25,5439.1,535,
2024-10-07 11:43:00+05:30,5439.1,5442.55,5437.1,5439.45,259,
2024-10-07 11:44:00+05:30,5439.45,5439.5,5433.35,5435.95,270,
2024-10-07 11:45:00+05:30,5436,5438.6,5434.05,5435.7,356,
2024-10-07 11:46:00+05:30,5437.8,5443,5436.4,5443,382,
2024-10-07 11:47:00+05:30,5443,5450.85,5441.9,5450.85,468,
2024-10-07 11:48:00+05:30,5450.6,5450.6,5440.55,5445.6,705,
2024-10-07 11:49:00+05:30,5445.6,5447.5,5443.5,5443.6,282,
2024-10-07 11:50:00+05:30,5442,5444.95,5440.1,5443.45,237,
2024-10-07 11:51:00+05:30,5443.45,5443.45,5436.9,5436.9,255,
2024-10-07 11:52:00+05:30,5439.1,5439.1,5433,5433,268,
2024-10-07 11:53:00+05:30,5431.8,5436.95,5429.8,5435.3,717,
2024-10-07 11:54:00+05:30,5435.3,5435.3,5430.2,5430.2,295,
2024-10-07 11:55:00+05:30,5430.2,5431.35,5425.55,5429.55,463,
2024-10-07 11:56:00+05:30,5429.55,5431,5426.05,5426.05,312,
2024-10-07 11:57:00+05:30,5427.25,5429.05,5426.5,5429.05,1277,
2024-10-07 11:58:00+05:30,5429.05,5429.05,5427.4,5428,116,
2024-10-07 11:59:00+05:30,5428,5428.95,5424.25,5428.95,445,
2024-10-07 12:00:00+05:30,5429,5439,5429,5437.1,1506,
2024-10-07 12:01:00+05:30,5437.1,5437.1,5432.7,5435.5,181,
2024-10-07 12:02:00+05:30,5435.5,5438.35,5435.4,5436.1,275,
2024-10-07 12:03:00+05:30,5436.1,5440.45,5436.1,5439.75,387,
2024-10-07 12:04:00+05:30,5439.75,5441.65,5435,5435,824,
2024-10-07 12:05:00+05:30,5434.6,5440.45,5434.05,5440.45,176,
2024-10-07 12:06:00+05:30,5440.45,5441.25,5437.85,5440.4,592,
2024-10-07 12:07:00+05:30,5440.4,5444.4,5438.95,5444.4,169,
2024-10-07 12:08:00+05:30,5444.4,5444.4,5440,5441.15,271,
2024-10-07 12:09:00+05:30,5441.15,5441.15,5436.75,5438.95,302,
2024-10-07 12:10:00+05:30,5438.95,5440.45,5436.1,5438.2,280,
2024-10-07 12:11:00+05:30,5438.2,5440,5437,5437,241,
2024-10-07 12:12:00+05:30,5437,5439.25,5436.15,5437.55,228,
2024-10-07 12:13:00+05:30,5437.55,5439.25,5432,5439.25,668,
2024-10-07 12:14:00+05:30,5439.25,5441.95,5435.3,5440.2,397,
2024-10-07 12:15:00+05:30,5440.2,5443.45,5435.6,5441.95,517,
2024-10-07 12:16:00+05:30,5441.95,5445,5441,5442,603,
2024-10-07 12:17:00+05:30,5442,5442,5432,5436.9,797,
2024-10-07 12:18:00+05:30,5436.9,5436.9,5431.75,5432.55,1048,
2024-10-07 12:19:00+05:30,5432.55,5432.55,5426.5,5429,496,
2024-10-07 12:20:00+05:30,5429,5433.25,5424,5433.25,742,
2024-10-07 12:21:00+05:30,5433.25,5439.2,5433.2,5436.5,1277,
2024-10-07 12:22:00+05:30,5435,5442,5435,5442,520,
2024-10-07 12:23:00+05:30,5442,5451.45,5438.1,5447.1,1471,
2024-10-07 12:24:00+05:30,5447.1,5447.1,5444.6,5446.15,370,
2024-10-07 12:25:00+05:30,5446.15,5446.2,5440.45,5440.45,641,
2024-10-07 12:26:00+05:30,5440.45,5443.25,5440.45,5442.15,469,
2024-10-07 12:27:00+05:30,5442.15,5442.7,5440.8,5442.7,508,
2024-10-07 12:28:00+05:30,5442.7,5442.7,5438.8,5440.8,312,
2024-10-07 12:29:00+05:30,5440.8,5441.3,5435,5437.3,513,
2024-10-07 12:30:00+05:30,5437.3,5437.3,5430.9,5430.9,581,
2024-10-07 12:31:00+05:30,5430.9,5433.35,5430.9,5433,541,
2024-10-07 12:32:00+05:30,5433,5437.45,5430.6,5433.85,1910,
2024-10-07 12:33:00+05:30,5436.05,5440.45,5435,5438,531,
2024-10-07 12:34:00+05:30,5438,5438,5430.6,5432.55,397,
2024-10-07 12:35:00+05:30,5432.55,5432.55,5427.65,5427.65,463,
2024-10-07 12:36:00+05:30,5427.65,5429.2,5425.6,5428.75,925,
2024-10-07 12:37:00+05:30,5428.75,5435,5428.75,5432.45,347,
2024-10-07 12:38:00+05:30,5432.45,5442.8,5432.45,5439.2,1036,
2024-10-07 12:39:00+05:30,5439.2,5439.55,5434.6,5437.5,143,
2024-10-07 12:40:00+05:30,5437.5,5440,5437.5,5439.35,448,
2024-10-07 12:41:00+05:30,5439.6,5439.6,5435,5438.1,484,
2024-10-07 12:42:00+05:30,5438.1,5438.5,5435.9,5435.9,368,
2024-10-07 12:43:00+05:30,5435.9,5439.2,5434.9,5437.3,1275,
2024-10-07 12:44:00+05:30,5437.3,5441.85,5437.3,5437.65,1046,
2024-10-07 12:45:00+05:30,5437.65,5441.75,5437.65,5438.95,738,
2024-10-07 12:46:00+05:30,5437.55,5440.95,5436.8,5438.55,826,
2024-10-07 12:47:00+05:30,5438.55,5442.15,5438.55,5442.15,140,
2024-10-07 12:48:00+05:30,5442.15,5442.15,5435.2,5435.2,974,
2024-10-07 12:49:00+05:30,5435.2,5435.2,5426.95,5430.9,1121,
2024-10-07 12:50:00+05:30,5430.9,5432.85,5427.15,5431.15,1311,
2024-10-07 12:51:00+05:30,5431.15,5432.95,5431.15,5432.95,291,
2024-10-07 12:52:00+05:30,5432.95,5435.4,5431.9,5434.9,771,
2024-10-07 12:53:00+05:30,5434.9,5435.85,5432.6,5435,504,
2024-10-07 12:54:00+05:30,5435.65,5438.95,5434.05,5438.15,806,
2024-10-07 12:55:00+05:30,5438,5438.7,5435.75,5438.3,431,
2024-10-07 12:56:00+05:30,5438.3,5438.95,5436,5436,317,
2024-10-07 12:57:00+05:30,5436,5438.85,5436,5438,884,
2024-10-07 12:58:00+05:30,5437.6,5440,5435.9,5440,1064,
2024-10-07 12:59:00+05:30,5440.15,5444.45,5439.05,5439.9,493,
2024-10-07 13:00:00+05:30,5439.9,5441.6,5439.3,5441.05,206,
2024-10-07 13:01:00+05:30,5441.05,5441.05,5434.25,5435.9,564,
2024-10-07 13:02:00+05:30,5435.9,5437.9,5431.55,5431.85,764,
2024-10-07 13:03:00+05:30,5431.85,5434.1,5431.85,5432,295,
2024-10-07 13:04:00+05:30,5432,5435.25,5431.75,5435,677,
2024-10-07 13:05:00+05:30,5435.75,5437.4,5433.1,5434.75,152,
2024-10-07 13:06:00+05:30,5434.75,5436.4,5434.35,5435.95,182,
2024-10-07 13:07:00+05:30,5435.95,5435.95,5430,5430.35,716,
2024-10-07 13:08:00+05:30,5430.35,5430.35,5425.5,5425.95,824,
2024-10-07 13:09:00+05:30,5425.95,5426.8,5422.2,5422.2,333,
2024-10-07 13:10:00+05:30,5423.55,5425.45,5421,5423.5,662,
2024-10-07 13:11:00+05:30,5423.5,5428,5423.5,5427.65,524,
2024-10-07 13:12:00+05:30,5427.65,5434.05,5427.4,5431.7,744,
2024-10-07 13:13:00+05:30,5431.7,5431.7,5423.7,5426.1,554,
2024-10-07 13:14:00+05:30,5425.65,5426.05,5420.5,5422.2,244,
2024-10-07 13:15:00+05:30,5420.5,5422.2,5419,5421.35,544,
2024-10-07 13:16:00+05:30,5421.35,5425.9,5420.75,5425.9,730,
2024-10-07 13:17:00+05:30,5425.9,5426.65,5422.25,5424.7,1383,
2024-10-07 13:18:00+05:30,5424.7,5424.7,5420.15,5420.5,288,
2024-10-07 13:19:00+05:30,5420.5,5422.65,5420,5420,298,
2024-10-07 13:20:00+05:30,5420,5421.35,5416.75,5418.75,526,
2024-10-07 13:21:00+05:30,5420,5421.5,5419.25,5421.5,1069,
2024-10-07 13:22:00+05:30,5421.5,5425,5421.1,5422.7,494,
2024-10-07 13:23:00+05:30,5422.7,5425,5414.3,5414.3,342,
2024-10-07 13:24:00+05:30,5414.3,5417.5,5411.5,5414.2,266,
2024-10-07 13:25:00+05:30,5414.2,5418.8,5414.15,5416.4,682,
2024-10-07 13:26:00+05:30,5416.4,5422.45,5416.4,5420.05,714,
2024-10-07 13:27:00+05:30,5420.05,5424.7,5420.05,5422,347,
2024-10-07 13:28:00+05:30,5422,5434.8,5422,5434.6,863,
2024-10-07 13:29:00+05:30,5434.85,5434.85,5427,5427,704,
2024-10-07 13:30:00+05:30,5427,5432.25,5427,5431.65,910,
2024-10-07 13:31:00+05:30,5431.65,5432.25,5429.5,5429.7,124,
2024-10-07 13:32:00+05:30,5429.7,5432.9,5429.7,5432.85,98,
2024-10-07 13:33:00+05:30,5432.85,5432.85,5427,5432.4,1003,
2024-10-07 13:34:00+05:30,5429.25,5435,5429.25,5433.95,454,
2024-10-07 13:35:00+05:30,5433.95,5434.15,5431.85,5434.15,356,
2024-10-07 13:36:00+05:30,5431.85,5434.15,5431.6,5432.55,417,
2024-10-07 13:37:00+05:30,5432.5,5432.5,5403.7,5403.75,1986,
2024-10-07 13:38:00+05:30,5403.75,5410.05,5403.1,5404.6,3054,
2024-10-07 13:39:00+05:30,5404.6,5404.6,5401.65,5402.65,563,
2024-10-07 13:40:00+05:30,5402.65,5404.65,5396.4,5400,950,
2024-10-07 13:41:00+05:30,5400,5400,5395.95,5396,350,
2024-10-07 13:42:00+05:30,5396,5403.3,5392.05,5396.3,1198,
2024-10-07 13:43:00+05:30,5396.3,5410.05,5396.3,5408,525,
2024-10-07 13:44:00+05:30,5409.05,5409.9,5401.75,5406.55,816,
2024-10-07 13:45:00+05:30,5406.55,5406.55,5403.15,5405.25,510,
2024-10-07 13:46:00+05:30,5405.25,5406.05,5401.8,5404.45,690,
2024-10-07 13:47:00+05:30,5404.45,5404.45,5394.85,5394.85,406,
2024-10-07 13:48:00+05:30,5394.85,5398.2,5393.4,5396.45,1791,
2024-10-07 13:49:00+05:30,5396.45,5396.45,5387.85,5391.95,636,
2024-10-07 13:50:00+05:30,5391.95,5398.6,5391.95,5398.3,83,
2024-10-07 13:51:00+05:30,5398.3,5402.75,5398.2,5401.15,1932,
2024-10-07 13:52:00+05:30,5401.15,5407.6,5400,5406.15,903,
2024-10-07 13:53:00+05:30,5404.8,5405.25,5398.2,5404.15,679,
2024-10-07 13:54:00+05:30,5404.15,5405.65,5402.35,5404.35,181,
2024-10-07 13:55:00+05:30,5404.35,5406,5403.3,5406,516,
2024-10-07 13:56:00+05:30,5406,5406.1,5403.05,5403.05,559,
2024-10-07 13:57:00+05:30,5403.05,5415,5403.05,5410.3,880,
2024-10-07 13:58:00+05:30,5410.3,5410.95,5407.4,5408.6,206,
2024-10-07 13:59:00+05:30,5408.6,5409.4,5408.6,5409.35,219,
2024-10-07 14:00:00+05:30,5409.35,5414.95,5408.8,5414.95,763,
2024-10-07 14:01:00+05:30,5412.45,5416.05,5410,5410,1225,
2024-10-07 14:02:00+05:30,5410,5410,5404,5404.3,503,
2024-10-07 14:03:00+05:30,5404.3,5405.55,5402.9,5404.95,108,
2024-10-07 14:04:00+05:30,5404.95,5404.95,5402.45,5402.45,730,
2024-10-07 14:05:00+05:30,5405.2,5411.95,5405.2,5411.9,266,
2024-10-07 14:06:00+05:30,5411.9,5411.9,5408.1,5408.1,470,
2024-10-07 14:07:00+05:30,5408.1,5408.1,5403.05,5404.8,329,
2024-10-07 14:08:00+05:30,5404.8,5409.6,5404.65,5407.3,443,
2024-10-07 14:09:00+05:30,5407.3,5411,5407.2,5410.45,255,
2024-10-07 14:10:00+05:30,5410.45,5411,5404.05,5406.55,486,
2024-10-07 14:11:00+05:30,5408,5408,5404.55,5404.55,472,
2024-10-07 14:12:00+05:30,5404.55,5406.15,5401.35,5402.05,296,
2024-10-07 14:13:00+05:30,5402.05,5409.3,5401.9,5406.2,685,
2024-10-07 14:14:00+05:30,5408.95,5408.95,5402,5403.9,513,
2024-10-07 14:15:00+05:30,5403.9,5403.9,5400.05,5402,435,
2024-10-07 14:16:00+05:30,5402,5402.95,5399.95,5400.25,227,
2024-10-07 14:17:00+05:30,5400.25,5402.9,5400,5400.45,574,
2024-10-07 14:18:00+05:30,5400.45,5401.1,5395.45,5396.6,499,
2024-10-07 14:19:00+05:30,5396.6,5399.2,5391.45,5393.3,907,
2024-10-07 14:20:00+05:30,5393.3,5398.7,5389.65,5389.65,1141,
2024-10-07 14:21:00+05:30,5389.65,5390.2,5379.05,5383.8,1785,
2024-10-07 14:22:00+05:30,5383.8,5385.65,5381.95,5382.05,402,
2024-10-07 14:23:00+05:30,5382.05,5384.75,5382,5382.1,233,
2024-10-07 14:24:00+05:30,5382.1,5392.45,5382.1,5390.15,721,
2024-10-07 14:25:00+05:30,5390.15,5395.5,5390,5393.8,909,
2024-10-07 14:26:00+05:30,5392,5392.65,5380,5380.05,2113,
2024-10-07 14:27:00+05:30,5380.05,5382.8,5379.6,5379.7,336,
2024-10-07 14:28:00+05:30,5379.7,5384.6,5379.65,5382.55,515,
2024-10-07 14:29:00+05:30,5382.6,5385.5,5376.7,5378.55,1027,
2024-10-07 14:30:00+05:30,5381.9,5385.05,5379.8,5383.8,339,
2024-10-07 14:31:00+05:30,5383.8,5385.85,5383.4,5383.4,361,
2024-10-07 14:32:00+05:30,5383.4,5388.15,5382.3,5383.05,971,
2024-10-07 14:33:00+05:30,5383.05,5388.6,5383.05,5384.4,241,
2024-10-07 14:34:00+05:30,5384.4,5387,5382.1,5382.1,162,
2024-10-07 14:35:00+05:30,5382.35,5388.65,5382.1,5386,348,
2024-10-07 14:36:00+05:30,5386,5388.5,5383.4,5384.35,829,
2024-10-07 14:37:00+05:30,5384.35,5386.35,5383.2,5383.5,273,
2024-10-07 14:38:00+05:30,5383.9,5387,5383.5,5383.5,484,
2024-10-07 14:39:00+05:30,5386,5386.75,5378.25,5378.25,1172,
2024-10-07 14:40:00+05:30,5378.25,5381.9,5378.2,5378.25,100,
2024-10-07 14:41:00+05:30,5378.1,5382.4,5378.1,5379.35,190,
2024-10-07 14:42:00+05:30,5379.35,5386.3,5378.85,5384.1,283,
2024-10-07 14:43:00+05:30,5384.1,5389.45,5383.6,5387.6,668,
2024-10-07 14:44:00+05:30,5387.6,5396.95,5387.6,5395.5,511,
2024-10-07 14:45:00+05:30,5395.5,5398.6,5387.55,5392.7,671,
2024-10-07 14:46:00+05:30,5392.7,5400.35,5392.7,5397.8,554,
2024-10-07 14:47:00+05:30,5397.75,5400.95,5397.7,5398.75,526,
2024-10-07 14:48:00+05:30,5398.75,5399.85,5393.55,5398.3,420,
2024-10-07 14:49:00+05:30,5398.3,5401.65,5398.3,5398.95,197,
2024-10-07 14:50:00+05:30,5399,5407.5,5399,5405.1,609,
2024-10-07 14:51:00+05:30,5405.15,5410,5404.75,5408.15,758,
2024-10-07 14:52:00+05:30,5408.15,5410,5402.85,5404.45,1220,
2024-10-07 14:53:00+05:30,5404.4,5409.05,5404.4,5407.1,675,
2024-10-07 14:54:00+05:30,5407.1,5409.8,5407.1,5407.8,319,
2024-10-07 14:55:00+05:30,5407.8,5410,5407.8,5410,579,
2024-10-07 14:56:00+05:30,5408.8,5410,5404.75,5406.5,1754,
2024-10-07 14:57:00+05:30,5408.5,5416.55,5404.3,5411.7,1282,
2024-10-07 14:58:00+05:30,5411.7,5413.85,5410.1,5411.3,364,
2024-10-07 14:59:00+05:30,5411.3,5413,5409.05,5411.75,358,
2024-10-07 15:00:00+05:30,5412,5422.3,5411.95,5412.65,5119,
2024-10-07 15:01:00+05:30,5412.65,5420.75,5412.65,5416.85,1784,
2024-10-07 15:02:00+05:30,5416.8,5419.55,5416.6,5418.95,899,
2024-10-07 15:03:00+05:30,5418.95,5419.55,5414.1,5415.8,2083,
2024-10-07 15:04:00+05:30,5415.8,5416.25,5405.4,5406.5,1331,
2024-10-07 15:05:00+05:30,5406.55,5408.95,5400.05,5400.05,1658,
2024-10-07 15:06:00+05:30,5400.05,5402.6,5396.75,5399.95,2089,
2024-10-07 15:07:00+05:30,5399.95,5402.2,5397.6,5398.25,1563,
2024-10-07 15:08:00+05:30,5398.25,5401.3,5398.25,5399.05,1100,
2024-10-07 15:09:00+05:30,5401.45,5404.2,5395,5401.45,2865,
2024-10-07 15:10:00+05:30,5401.45,5402.9,5396.95,5397.8,1863,
2024-10-07 15:11:00+05:30,5400.1,5401.45,5396.8,5399.65,1216,
2024-10-07 15:12:00+05:30,5399.65,5401.3,5392.85,5398.25,1923,
2024-10-07 15:13:00+05:30,5398.25,5398.8,5394.55,5398.2,1975,
2024-10-07 15:14:00+05:30,5398.2,5398.5,5395.75,5396.05,1758,
2024-10-07 15:15:00+05:30,5396.05,5397.7,5395.25,5396.25,1600,
2024-10-07 15:16:00+05:30,5396.95,5399.55,5394.35,5397.65,2077,
2024-10-07 15:17:00+05:30,5397.65,5401.35,5397.65,5400.15,1849,
2024-10-07 15:18:00+05:30,5400.15,5403,5400.15,5400.9,1906,
2024-10-07 15:19:00+05:30,5400.9,5402.95,5397.65,5401.9,1587,
2024-10-07 15:20:00+05:30,5399.6,5402.6,5399.6,5401,2223,
2024-10-07 15:21:00+05:30,5401,5402.35,5401,5402.3,1354,
2024-10-07 15:22:00+05:30,5402.25,5403.7,5400.65,5402.8,2311,
2024-10-07 15:23:00+05:30,5402.05,5405.9,5402.05,5405.05,2451,
2024-10-07 15:24:00+05:30,5403.6,5405.8,5400.75,5402.65,1563,
2024-10-07 15:25:00+05:30,5405.15,5406.1,5402.6,5406,2205,
2024-10-07 15:26:00+05:30,5405.4,5406.1,5402.3,5405.4,1977,
2024-10-07 15:27:00+05:30,5405.4,5414.9,5402.85,5409.5,1289,
2024-10-07 15:28:00+05:30,5409.5,5413.3,5403,5413.3,1562,
2024-10-07 15:29:00+05:30,5413.3,5415,5403,5403,453,
2024-10-08 09:15:00+05:30,5401.7,5430.05,5398.65,5426.7,2757,
2024-10-08 09:16:00+05:30,5426.7,5434.75,5411,5416.95,2532,
2024-10-08 09:17:00+05:30,5414,5419.65,5411.65,5414.45,528,
2024-10-08 09:18:00+05:30,5412.6,5412.6,5403,5406,1177,
2024-10-08 09:19:00+05:30,5402.45,5422.5,5402.2,5421.95,971,
2024-10-08 09:20:00+05:30,5417.5,5422.35,5406.8,5415.6,1439,
2024-10-08 09:21:00+05:30,5413.6,5418.4,5410.05,5416.95,2304,
2024-10-08 09:22:00+05:30,5416.95,5417.95,5413.3,5413.85,1033,
2024-10-08 09:23:00+05:30,5413.85,5423.6,5413.85,5416,1900,
2024-10-08 09:24:00+05:30,5417.6,5420,5414,5419,471,
2024-10-08 09:25:00+05:30,5419,5427.6,5416.4,5427.6,748,
2024-10-08 09:26:00+05:30,5427.55,5427.95,5422,5422,854,
2024-10-08 09:27:00+05:30,5416.95,5432,5416.95,5432,1620,
2024-10-08 09:28:00+05:30,5432,5435,5430.55,5434.15,666,
2024-10-08 09:29:00+05:30,5434.15,5435,5431.65,5434.95,481,
2024-10-08 09:30:00+05:30,5434.95,5437.2,5430,5431.9,594,
2024-10-08 09:31:00+05:30,5429.85,5429.95,5424.2,5425.45,736,
2024-10-08 09:32:00+05:30,5428.2,5428.2,5422.7,5425.8,157,
2024-10-08 09:33:00+05:30,5423.1,5427.55,5419.55,5427,1092,
2024-10-08 09:34:00+05:30,5427,5439,5424.3,5438.95,1519,
2024-10-08 09:35:00+05:30,5438.95,5438.95,5428.95,5428.95,526,
2024-10-08 09:36:00+05:30,5428.95,5433.1,5427.1,5431.05,420,
2024-10-08 09:37:00+05:30,5431.05,5434.5,5426,5429.25,446,
2024-10-08 09:38:00+05:30,5429.25,5429.9,5426.4,5426.95,118,
2024-10-08 09:39:00+05:30,5426.7,5433.6,5426.7,5430.2,376,
2024-10-08 09:40:00+05:30,5430.2,5430.2,5423.85,5424.65,190,
2024-10-08 09:41:00+05:30,5424.65,5424.65,5414,5414,679,
2024-10-08 09:42:00+05:30,5414,5416.1,5404,5409.75,2342,
2024-10-08 09:43:00+05:30,5410,5410,5401.7,5406.8,2396,
2024-10-08 09:44:00+05:30,5406.8,5417.1,5405.95,5411.85,611,
2024-10-08 09:45:00+05:30,5411.4,5421.4,5411.4,5421.4,256,
2024-10-08 09:46:00+05:30,5421.4,5425.15,5419.55,5425.15,707,
2024-10-08 09:47:00+05:30,5425.15,5435,5424.55,5431.8,827,
2024-10-08 09:48:00+05:30,5435.95,5435.95,5431.05,5431.05,326,
2024-10-08 09:49:00+05:30,5434.9,5438.45,5430.15,5434.85,455,
2024-10-08 09:50:00+05:30,5434,5445,5434,5445,309,
2024-10-08 09:51:00+05:30,5445,5446.95,5438,5443.9,2323,
2024-10-08 09:52:00+05:30,5443.9,5449.45,5442.65,5449.45,576,
2024-10-08 09:53:00+05:30,5446.8,5452.45,5446.8,5450,498,
2024-10-08 09:54:00+05:30,5450,5454.75,5448.15,5454.75,523,
2024-10-08 09:55:00+05:30,5454,5454.45,5442,5444.85,325,
2024-10-08 09:56:00+05:30,5444.85,5446.1,5441.05,5445.05,213,
2024-10-08 09:57:00+05:30,5445.05,5445.7,5440.05,5440.05,156,
2024-10-08 09:58:00+05:30,5440.05,5450.05,5438.15,5448.5,874,
2024-10-08 09:59:00+05:30,5448.5,5450,5445,5448.65,100,
2024-10-08 10:00:00+05:30,5446.15,5448.85,5445.35,5445.35,585,
2024-10-08 10:01:00+05:30,5445.35,5446.3,5438.75,5443.3,286,
2024-10-08 10:02:00+05:30,5443.3,5446.75,5440.05,5440.05,52,
2024-10-08 10:03:00+05:30,5440.05,5440.3,5430.55,5436.7,622,
2024-10-08 10:04:00+05:30,5436.7,5436.7,5432,5435.85,268,
2024-10-08 10:05:00+05:30,5435.85,5438.7,5430,5438.7,734,
2024-10-08 10:06:00+05:30,5438.7,5438.7,5430.5,5435.7,26,
2024-10-08 10:07:00+05:30,5435.7,5436.4,5431.55,5432.25,547,
2024-10-08 10:08:00+05:30,5432.25,5438.2,5429.85,5438.1,499,
2024-10-08 10:09:00+05:30,5438.1,5444.95,5437.8,5444.5,336,
2024-10-08 10:10:00+05:30,5444.5,5444.5,5435.1,5435.1,122,
2024-10-08 10:11:00+05:30,5435.1,5436.95,5431.25,5431.25,111,
2024-10-08 10:12:00+05:30,5431.25,5441.4,5431.25,5440.05,385,
2024-10-08 10:13:00+05:30,5437.55,5445,5437.55,5445,218,
2024-10-08 10:14:00+05:30,5443,5448.95,5442.6,5445.9,540,
2024-10-08 10:15:00+05:30,5445.9,5450,5444.1,5450,249,
2024-10-08 10:16:00+05:30,5446.6,5455.05,5446.6,5453.3,735,
2024-10-08 10:17:00+05:30,5453.3,5464.05,5449.8,5463.35,1830,
2024-10-08 10:18:00+05:30,5462.25,5467,5459.55,5464.4,1162,
2024-10-08 10:19:00+05:30,5464.65,5469.7,5464.65,5469.7,1269,
2024-10-08 10:20:00+05:30,5464.95,5485,5464.95,5481,1446,
2024-10-08 10:21:00+05:30,5483.15,5488.45,5481,5482.15,1065,
2024-10-08 10:22:00+05:30,5483.7,5486.05,5479.55,5479.55,750,
2024-10-08 10:23:00+05:30,5481.5,5481.75,5472.5,5472.8,949,
2024-10-08 10:24:00+05:30,5475,5479.9,5472.35,5478.7,676,
2024-10-08 10:25:00+05:30,5478.7,5485,5474.15,5485,1176,
2024-10-08 10:26:00+05:30,5485,5487.95,5482.15,5485.15,689,
2024-10-08 10:27:00+05:30,5485.15,5487.95,5482.45,5486.4,739,
2024-10-08 10:28:00+05:30,5486.4,5486.4,5479.65,5482.6,535,
2024-10-08 10:29:00+05:30,5482.6,5491.6,5481,5491.6,838,
2024-10-08 10:30:00+05:30,5492,5492.85,5488.15,5488.15,261,
2024-10-08 10:31:00+05:30,5485.55,5490.95,5484,5487.5,786,
2024-10-08 10:32:00+05:30,5487.5,5495,5487.5,5495,775,
2024-10-08 10:33:00+05:30,5495,5500,5494.55,5497.3,1060,
2024-10-08 10:34:00+05:30,5500,5500,5492.5,5493.7,831,
2024-10-08 10:35:00+05:30,5492.75,5495,5488.55,5492.95,407,
2024-10-08 10:36:00+05:30,5492.95,5494.5,5491.8,5491.8,120,
2024-10-08 10:37:00+05:30,5491.8,5493.15,5490.55,5491.55,289,
2024-10-08 10:38:00+05:30,5492.7,5500,5492.15,5492.15,1372,
2024-10-08 10:39:00+05:30,5492.15,5494.9,5487.7,5487.7,327,
2024-10-08 10:40:00+05:30,5490,5491.55,5488.05,5488.6,228,
2024-10-08 10:41:00+05:30,5488.6,5491.45,5488,5490.9,177,
2024-10-08 10:42:00+05:30,5490.9,5491.45,5489,5490.6,60,
2024-10-08 10:43:00+05:30,5490.6,5499.9,5490.6,5499.75,1926,
2024-10-08 10:44:00+05:30,5499,5499.85,5496.6,5496.75,298,
2024-10-08 10:45:00+05:30,5497,5499.75,5490,5490,203,
2024-10-08 10:46:00+05:30,5490,5498.4,5490,5496.05,233,
2024-10-08 10:47:00+05:30,5496.05,5498,5490.25,5493,131,
2024-10-08 10:48:00+05:30,5493,5493,5490,5492.2,325,
2024-10-08 10:49:00+05:30,5493,5493,5490.4,5492,157,
2024-10-08 10:50:00+05:30,5492,5492,5490,5490,204,
2024-10-08 10:51:00+05:30,5490,5491.1,5487.35,5489.6,199,
2024-10-08 10:52:00+05:30,5489.5,5494,5486.5,5490.7,761,
2024-10-08 10:53:00+05:30,5493,5493.85,5491.55,5491.55,119,
2024-10-08 10:54:00+05:30,5491.55,5500,5486.05,5500,2532,
2024-10-08 10:55:00+05:30,5500,5500,5496.1,5496.6,2197,
2024-10-08 10:56:00+05:30,5498.6,5500,5494.55,5498.4,477,
2024-10-08 10:57:00+05:30,5498.4,5500,5496.55,5497.2,152,
2024-10-08 10:58:00+05:30,5498.1,5498.35,5492.55,5492.55,317,
2024-10-08 10:59:00+05:30,5492.55,5494.6,5490,5493.05,267,
2024-10-08 11:00:00+05:30,5491.4,5495,5489.7,5489.7,473,
2024-10-08 11:01:00+05:30,5492.95,5500,5490,5498.95,928,
2024-10-08 11:02:00+05:30,5498.95,5507.5,5497.75,5507.5,1962,
2024-10-08 11:03:00+05:30,5507.5,5515,5505.65,5513,1547,
2024-10-08 11:04:00+05:30,5513,5514.35,5509.75,5512.95,592,
2024-10-08 11:05:00+05:30,5511.45,5514,5507.55,5510,1995,
2024-10-08 11:06:00+05:30,5510,5510,5505.8,5509.3,479,
2024-10-08 11:07:00+05:30,5507.1,5510,5507,5508.4,241,
2024-10-08 11:08:00+05:30,5508.4,5508.4,5500.25,5504.3,591,
2024-10-08 11:09:00+05:30,5504.3,5505.15,5500.55,5502.35,462,
2024-10-08 11:10:00+05:30,5502.35,5503.6,5496.2,5496.2,455,
2024-10-08 11:11:00+05:30,5496.2,5496.2,5491.45,5493.15,493,
2024-10-08 11:12:00+05:30,5493.15,5498.95,5491.55,5498.45,470,
2024-10-08 11:13:00+05:30,5498.45,5502.1,5495.05,5497.05,552,
2024-10-08 11:14:00+05:30,5497.05,5498.25,5494,5494.5,115,
2024-10-08 11:15:00+05:30,5494.5,5498.95,5492.15,5495,1020,
2024-10-08 11:16:00+05:30,5495,5498,5493.05,5494.85,200,
2024-10-08 11:17:00+05:30,5496.15,5499.7,5494,5495.25,159,
2024-10-08 11:18:00+05:30,5495.25,5498.95,5491.55,5496.1,1074,
2024-10-08 11:19:00+05:30,5496.1,5500,5496.1,5500,154,
2024-10-08 11:20:00+05:30,5500,5520,5498.15,5514.05,4298,
2024-10-08 11:21:00+05:30,5516.85,5518.45,5505.1,5505.1,1000,
2024-10-08 11:22:00+05:30,5505.1,5515,5505.1,5515,484,
2024-10-08 11:23:00+05:30,5515,5515.8,5511.15,5515.8,415,
2024-10-08 11:24:00+05:30,5515.8,5515.8,5511.25,5513,217,
2024-10-08 11:25:00+05:30,5512.15,5514.45,5510.1,5513.95,500,
2024-10-08 11:26:00+05:30,5514.45,5518.4,5511.05,5518.4,328,
2024-10-08 11:27:00+05:30,5515.65,5518.9,5514.35,5515.85,1306,
2024-10-08 11:28:00+05:30,5515,5516.95,5510.55,5510.55,206,
2024-10-08 11:29:00+05:30,5510,5514.45,5510,5512.85,252,
2024-10-08 11:30:00+05:30,5512.85,5516.45,5506.55,5508.3,1819,
2024-10-08 11:31:00+05:30,5506.55,5506.55,5500,5500.05,346,
2024-10-08 11:32:00+05:30,5500.05,5508,5499.8,5506.95,490,
2024-10-08 11:33:00+05:30,5506.95,5515.75,5506.9,5515.75,2566,
2024-10-08 11:34:00+05:30,5515,5516.9,5507.35,5510,562,
2024-10-08 11:35:00+05:30,5509.45,5514.55,5507.25,5512.1,1698,
2024-10-08 11:36:00+05:30,5512.1,5514.85,5506.6,5511.95,316,
2024-10-08 11:37:00+05:30,5510.6,5510.6,5501.5,5508.45,613,
2024-10-08 11:38:00+05:30,5508.45,5512.7,5505.65,5512,525,
2024-10-08 11:39:00+05:30,5512,5512.15,5505.05,5505.05,273,
2024-10-08 11:40:00+05:30,5505.05,5508,5503.05,5506.75,353,
2024-10-08 11:41:00+05:30,5507.9,5508,5504.5,5507.8,389,
2024-10-08 11:42:00+05:30,5507.8,5508,5505.8,5508,204,
2024-10-08 11:43:00+05:30,5508,5514.85,5507.05,5514.85,705,
2024-10-08 11:44:00+05:30,5514.85,5514.85,5511.2,5512.5,243,
2024-10-08 11:45:00+05:30,5512.45,5520,5510.35,5510.35,3918,
2024-10-08 11:46:00+05:30,5510.65,5515.35,5510.2,5512.2,328,
2024-10-08 11:47:00+05:30,5512.2,5516.45,5510,5510.45,563,
2024-10-08 11:48:00+05:30,5510.45,5512.4,5508,5511.45,418,
2024-10-08 11:49:00+05:30,5511.45,5517.75,5509.15,5517.2,723,
2024-10-08 11:50:00+05:30,5517.2,5520,5514.85,5515.1,2404,
2024-10-08 11:51:00+05:30,5515.05,5519.15,5513.65,5518.2,1376,
2024-10-08 11:52:00+05:30,5518.2,5518.2,5506.05,5512.6,1311,
2024-10-08 11:53:00+05:30,5512.6,5516.95,5512.55,5514.75,302,
2024-10-08 11:54:00+05:30,5514.75,5518.95,5512.55,5512.55,1704,
2024-10-08 11:55:00+05:30,5512.55,5515.3,5506.55,5506.55,550,
2024-10-08 11:56:00+05:30,5506.55,5507.9,5505.45,5507.9,346,
2024-10-08 11:57:00+05:30,5508.3,5509.95,5500,5507.05,2160,
2024-10-08 11:58:00+05:30,5506.9,5510,5506.4,5507.05,372,
2024-10-08 11:59:00+05:30,5507.05,5510,5507.05,5509.25,259,
2024-10-08 12:00:00+05:30,5509.25,5510,5502.8,5508.6,634,
2024-10-08 12:01:00+05:30,5508.6,5509.8,5502.45,5504.5,252,
2024-10-08 12:02:00+05:30,5504.5,5509.3,5501.3,5507.3,472,
2024-10-08 12:03:00+05:30,5507.3,5507.55,5506.85,5507.55,228,
2024-10-08 12:04:00+05:30,5505.1,5507.55,5503.55,5503.55,285,
2024-10-08 12:05:00+05:30,5503.55,5504.85,5495.55,5496.3,1292,
2024-10-08 12:06:00+05:30,5496.3,5507.5,5496.3,5504.65,2468,
2024-10-08 12:07:00+05:30,5504.65,5505.25,5498.9,5499.1,303,
2024-10-08 12:08:00+05:30,5499.1,5501,5499.1,5500.8,195,
2024-10-08 12:09:00+05:30,5500.8,5503.65,5497.55,5502.55,614,
2024-10-08 12:10:00+05:30,5502.55,5507.55,5502.05,5505.15,481,
2024-10-08 12:11:00+05:30,5505.15,5508.55,5505.15,5507.55,366,
2024-10-08 12:12:00+05:30,5507.55,5509,5506.2,5508.35,221,
2024-10-08 12:13:00+05:30,5508.35,5511,5507.8,5510.95,565,
2024-10-08 12:14:00+05:30,5510.95,5511.35,5506,5509,288,
2024-10-08 12:15:00+05:30,5506.55,5509.9,5506.55,5509.9,217,
2024-10-08 12:16:00+05:30,5509.9,5514.35,5508.85,5510,2085,
2024-10-08 12:17:00+05:30,5510,5512,5505.45,5511.95,576,
2024-10-08 12:18:00+05:30,5511.95,5511.95,5506.55,5508.8,184,
2024-10-08 12:19:00+05:30,5508.8,5512.45,5507.25,5507.25,683,
2024-10-08 12:20:00+05:30,5505.4,5510,5505.4,5510,421,
2024-10-08 12:21:00+05:30,5510,5510,5505.05,5505.2,269,
2024-10-08 12:22:00+05:30,5505.2,5509.45,5505.2,5506.15,227,
2024-10-08 12:23:00+05:30,5506.15,5508.85,5497.55,5506.95,1850,
2024-10-08 12:24:00+05:30,5506.95,5509.9,5505.05,5509.75,995,
2024-10-08 12:25:00+05:30,5509.75,5509.85,5506.4,5509.05,134,
2024-10-08 12:26:00+05:30,5509.25,5510,5507.6,5507.65,239,
2024-10-08 12:27:00+05:30,5507.65,5510,5507.6,5508.35,189,
2024-10-08 12:28:00+05:30,5508.35,5508.35,5507.2,5507.75,186,
2024-10-08 12:29:00+05:30,5507.75,5511.6,5507.75,5510,542,
2024-10-08 12:30:00+05:30,5509.9,5511.1,5504.5,5506.4,434,
2024-10-08 12:31:00+05:30,5506.4,5510,5505.4,5507.3,338,
2024-10-08 12:32:00+05:30,5507.3,5508.75,5502.1,5505.1,737,
2024-10-08 12:33:00+05:30,5506.15,5509.9,5504.75,5509.7,295,
2024-10-08 12:34:00+05:30,5509.7,5509.7,5504.35,5506.75,605,
2024-10-08 12:35:00+05:30,5505.55,5509.95,5505.3,5506.65,791,
2024-10-08 12:36:00+05:30,5506.65,5510,5506.25,5510,261,
2024-10-08 12:37:00+05:30,5510,5510,5502.15,5502.6,479,
2024-10-08 12:38:00+05:30,5502.15,5503.9,5499.15,5502.8,351,
2024-10-08 12:39:00+05:30,5503.8,5507.65,5502.45,5505.1,219,
2024-10-08 12:40:00+05:30,5505.05,5509.8,5505.05,5506.3,223,
2024-10-08 12:41:00+05:30,5506.3,5509.15,5506.05,5506.85,379,
2024-10-08 12:42:00+05:30,5506.85,5508,5505.2,5506.55,204,
2024-10-08 12:43:00+05:30,5506.55,5512,5506,5507.4,495,
2024-10-08 12:44:00+05:30,5507.95,5512,5506.35,5510,438,
2024-10-08 12:45:00+05:30,5509,5510,5508.55,5508.6,247,
2024-10-08 12:46:00+05:30,5508.6,5510.95,5508.6,5510,240,
2024-10-08 12:47:00+05:30,5509.75,5509.95,5505,5505,262,
2024-10-08 12:48:00+05:30,5504.5,5509.75,5504.5,5509.75,190,
2024-10-08 12:49:00+05:30,5508.4,5509.75,5507.2,5509.75,306,
2024-10-08 12:50:00+05:30,5507.3,5510,5507.3,5510,628,
2024-10-08 12:51:00+05:30,5509.2,5511,5507.5,5510,302,
2024-10-08 12:52:00+05:30,5510,5510,5506.2,5510,273,
2024-10-08 12:53:00+05:30,5507.8,5511,5507.8,5511,427,
2024-10-08 12:54:00+05:30,5507.95,5510.85,5507.65,5510,1200,
2024-10-08 12:55:00+05:30,5508.2,5511,5508.2,5510,382,
2024-10-08 12:56:00+05:30,5510.5,5510.5,5507.95,5507.95,296,
2024-10-08 12:57:00+05:30,5507.85,5508.15,5503.95,5503.95,212,
2024-10-08 12:58:00+05:30,5503.95,5510,5502.05,5509.45,2383,
2024-10-08 12:59:00+05:30,5506.7,5510,5506.7,5510,212,
2024-10-08 13:00:00+05:30,5510,5511.95,5508.9,5510,1185,
2024-10-08 13:01:00+05:30,5510,5511.2,5509,5509,322,
2024-10-08 13:02:00+05:30,5509,5510,5508.25,5509.4,169,
2024-10-08 13:03:00+05:30,5509.4,5510,5507,5507.7,666,
2024-10-08 13:04:00+05:30,5510,5510.95,5508.5,5510,158,
2024-10-08 13:05:00+05:30,5510,5511.4,5508.05,5509.55,928,
2024-10-08 13:06:00+05:30,5510.85,5513.8,5508.8,5510.45,3839,
2024-10-08 13:07:00+05:30,5510.15,5512.8,5507.05,5507.05,2116,
2024-10-08 13:08:00+05:30,5509.7,5511.95,5507.25,5510,1009,
2024-10-08 13:09:00+05:30,5510,5510,5508.6,5509.75,321,
2024-10-08 13:10:00+05:30,5509.75,5510.75,5507.2,5510,364,
2024-10-08 13:11:00+05:30,5510,5511.6,5506.1,5509.8,463,
2024-10-08 13:12:00+05:30,5509.8,5511.85,5507.35,5508.7,248,
2024-10-08 13:13:00+05:30,5510.75,5511.95,5508.75,5510.5,237,
2024-10-08 13:14:00+05:30,5510.5,5512.9,5508.65,5508.65,367,
2024-10-08 13:15:00+05:30,5509.8,5511.85,5508.35,5508.35,363,
2024-10-08 13:16:00+05:30,5508.35,5511.85,5508.35,5509.05,189,
2024-10-08 13:17:00+05:30,5509.05,5511.65,5509.05,5510.55,200,
2024-10-08 13:18:00+05:30,5511.8,5511.8,5509.4,5510.85,195,
2024-10-08 13:19:00+05:30,5510.85,5510.85,5502.05,5507.5,843,
2024-10-08 13:20:00+05:30,5507.5,5510.4,5506.65,5510.05,288,
2024-10-08 13:21:00+05:30,5510.05,5511,5507.6,5510.9,182,
2024-10-08 13:22:00+05:30,5510.9,5512.75,5509,5510,409,
2024-10-08 13:23:00+05:30,5512.45,5513,5509.6,5510.45,1017,
2024-10-08 13:24:00+05:30,5510.45,5512.6,5509,5509.05,918,
2024-10-08 13:25:00+05:30,5509.05,5512.95,5509,5512.8,1069,
2024-10-08 13:26:00+05:30,5510,5524.95,5510,5524.95,12446,
2024-10-08 13:27:00+05:30,5523.6,5550,5523.6,5550,7332,
2024-10-08 13:28:00+05:30,5549.5,5566.5,5548.35,5552.6,6274,
2024-10-08 13:29:00+05:30,5552.45,5562.3,5552.45,5558.95,1907,
2024-10-08 13:30:00+05:30,5558.35,5563.15,5549.75,5549.75,1997,
2024-10-08 13:31:00+05:30,5549.75,5549.8,5536.3,5537.35,9861,
2024-10-08 13:32:00+05:30,5537.35,5540,5537.35,5537.9,783,
2024-10-08 13:33:00+05:30,5537.9,5540,5536.55,5536.6,446,
2024-10-08 13:34:00+05:30,5536.6,5540,5535.5,5535.85,272,
2024-10-08 13:35:00+05:30,5535.85,5545.7,5532.65,5545.7,2995,
2024-10-08 13:36:00+05:30,5547.3,5558.3,5541.15,5557.4,3743,
2024-10-08 13:37:00+05:30,5557.4,5560,5553.8,5560,1983,
2024-10-08 13:38:00+05:30,5560,5560,5554.9,5556,1687,
2024-10-08 13:39:00+05:30,5558.7,5559.85,5555.35,5559.85,1464,
2024-10-08 13:40:00+05:30,5559.85,5560,5558.1,5560,1726,
2024-10-08 13:41:00+05:30,5559.95,5560,5555.8,5557.3,2333,
2024-10-08 13:42:00+05:30,5555.8,5560,5554,5554.55,955,
2024-10-08 13:43:00+05:30,5554.55,5557.9,5553.05,5553.15,1036,
2024-10-08 13:44:00+05:30,5553.15,5555.8,5553,5554.35,857,
2024-10-08 13:45:00+05:30,5554.35,5560,5553,5554.95,1100,
2024-10-08 13:46:00+05:30,5554.95,5558.5,5554.95,5558.2,1030,
2024-10-08 13:47:00+05:30,5556.5,5560,5556.2,5556.2,633,
2024-10-08 13:48:00+05:30,5556.2,5557.6,5547.85,5548.2,1337,
2024-10-08 13:49:00+05:30,5548.5,5551.6,5546,5550.35,460,
2024-10-08 13:50:00+05:30,5550.35,5553.9,5547.65,5551.15,854,
2024-10-08 13:51:00+05:30,5551.15,5552.2,5551.15,5551.65,322,
2024-10-08 13:52:00+05:30,5551.65,5553.75,5548,5551.45,1273,
2024-10-08 13:53:00+05:30,5551.45,5552.75,5549.95,5550.75,529,
2024-10-08 13:54:00+05:30,5551.5,5556.1,5550.9,5554.55,405,
2024-10-08 13:55:00+05:30,5554.55,5557.6,5554.55,5557.55,353,
2024-10-08 13:56:00+05:30,5557,5557.45,5551,5554.35,823,
2024-10-08 13:57:00+05:30,5554,5558,5553.55,5558,553,
2024-10-08 13:58:00+05:30,5558,5563.95,5551.45,5552.4,5265,
2024-10-08 13:59:00+05:30,5552.4,5560,5552.4,5560,565,
2024-10-08 14:00:00+05:30,5560,5560,5559.15,5559.35,1201,
2024-10-08 14:01:00+05:30,5559.35,5562.1,5558.35,5559,1335,
2024-10-08 14:02:00+05:30,5558.95,5559.65,5555.65,5556.35,528,
2024-10-08 14:03:00+05:30,5556.35,5558.05,5555.15,5556.1,474,
2024-10-08 14:04:00+05:30,5555,5556,5551.25,5551.6,745,
2024-10-08 14:05:00+05:30,5551.6,5555.95,5551.6,5553.95,812,
2024-10-08 14:06:00+05:30,5553.95,5554.75,5551.3,5551.65,737,
2024-10-08 14:07:00+05:30,5551.65,5556,5551.05,5551.05,910,
2024-10-08 14:08:00+05:30,5551.05,5555,5551.05,5552.9,955,
2024-10-08 14:09:00+05:30,5552.9,5555,5551.2,5552.9,640,
2024-10-08 14:10:00+05:30,5552.9,5555.85,5552.9,5552.9,661,
2024-10-08 14:11:00+05:30,5553,5554.7,5552.95,5553.9,522,
2024-10-08 14:12:00+05:30,5553.9,5558,5552.9,5556.8,417,
2024-10-08 14:13:00+05:30,5556.8,5557.95,5552,5552.1,686,
2024-10-08 14:14:00+05:30,5552.1,5554,5551.2,5552.3,756,
2024-10-08 14:15:00+05:30,5552.3,5554,5549.9,5549.9,939,
2024-10-08 14:16:00+05:30,5548.55,5549.35,5547.9,5549.05,1765,
2024-10-08 14:17:00+05:30,5549.05,5549.95,5542.6,5546.15,1503,
2024-10-08 14:18:00+05:30,5546.4,5548.1,5540.75,5544.25,1000,
2024-10-08 14:19:00+05:30,5544.25,5546.95,5537,5538.55,1242,
2024-10-08 14:20:00+05:30,5538.55,5542,5533.55,5537.05,1446,
2024-10-08 14:21:00+05:30,5537.05,5538.5,5537.05,5538.5,649,
2024-10-08 14:22:00+05:30,5538.5,5542.85,5538.5,5540.3,1862,
2024-10-08 14:23:00+05:30,5540.3,5543.05,5539.25,5541.1,573,
2024-10-08 14:24:00+05:30,5541.1,5544.95,5540.05,5544.5,682,
2024-10-08 14:25:00+05:30,5542.75,5545,5542.5,5543.9,614,
2024-10-08 14:26:00+05:30,5543.95,5545,5542,5544,663,
2024-10-08 14:27:00+05:30,5544,5545,5543.2,5544.95,456,
2024-10-08 14:28:00+05:30,5544.7,5546.6,5544,5546.55,617,
2024-10-08 14:29:00+05:30,5547.85,5550,5545.9,5546.9,1761,
2024-10-08 14:30:00+05:30,5546.9,5548,5545.5,5545.5,1021,
2024-10-08 14:31:00+05:30,5546.95,5547.5,5544.05,5544.25,1124,
2024-10-08 14:32:00+05:30,5544.75,5546.95,5540.45,5540.95,1578,
2024-10-08 14:33:00+05:30,5540.95,5542.25,5533.8,5538.65,1914,
2024-10-08 14:34:00+05:30,5538.65,5541,5535.05,5538,683,
2024-10-08 14:35:00+05:30,5538,5541.5,5532,5532,1351,
2024-10-08 14:36:00+05:30,5532,5535.95,5529.2,5532.5,1257,
2024-10-08 14:37:00+05:30,5532.5,5534.85,5525,5525.75,1562,
2024-10-08 14:38:00+05:30,5524,5530.7,5524,5527.3,1228,
2024-10-08 14:39:00+05:30,5527.3,5537.55,5527.3,5537.55,1363,
2024-10-08 14:40:00+05:30,5537.55,5540.05,5533.15,5534.5,1276,
2024-10-08 14:41:00+05:30,5534.5,5535,5532,5532.55,1235,
2024-10-08 14:42:00+05:30,5532.55,5532.65,5530,5531.2,659,
2024-10-08 14:43:00+05:30,5531.25,5531.4,5527.55,5529.85,1145,
2024-10-08 14:44:00+05:30,5529.85,5530,5526.8,5526.85,1107,
2024-10-08 14:45:00+05:30,5526.95,5527.9,5524.05,5525.95,2443,
2024-10-08 14:46:00+05:30,5527.25,5532.85,5527,5531.75,2954,
2024-10-08 14:47:00+05:30,5531.75,5533.4,5529.3,5531.65,803,
2024-10-08 14:48:00+05:30,5531.65,5533.65,5530.1,5533,911,
2024-10-08 14:49:00+05:30,5533,5534.45,5529.55,5531.75,1112,
2024-10-08 14:50:00+05:30,5530.2,5530.2,5525.9,5528.75,1472,
2024-10-08 14:51:00+05:30,5528.45,5533.3,5528,5531.5,950,
2024-10-08 14:52:00+05:30,5531.5,5531.5,5522.3,5529.05,1583,
2024-10-08 14:53:00+05:30,5527.55,5529.75,5523.2,5528.1,1172,
2024-10-08 14:54:00+05:30,5526.15,5527.3,5517.45,5522.5,3554,
2024-10-08 14:55:00+05:30,5522.5,5530.4,5521.7,5528,1784,
2024-10-08 14:56:00+05:30,5528,5530.35,5527.95,5530.35,779,
2024-10-08 14:57:00+05:30,5530.35,5530.35,5526.2,5527.75,1212,
2024-10-08 14:58:00+05:30,5527.75,5533.85,5526.85,5529.05,3627,
2024-10-08 14:59:00+05:30,5529.05,5535,5526.65,5533.6,1842,
2024-10-08 15:00:00+05:30,5533.6,5538.6,5533.6,5536.55,1639,
2024-10-08 15:01:00+05:30,5536.55,5539.9,5536.4,5539.65,1739,
2024-10-08 15:02:00+05:30,5538.6,5548,5536.8,5545.95,2659,
2024-10-08 15:03:00+05:30,5546.35,5548,5542.9,5544,2049,
2024-10-08 15:04:00+05:30,5544,5547.55,5544,5547.15,1198,
2024-10-08 15:05:00+05:30,5547.15,5547.5,5546.2,5547.3,1398,
2024-10-08 15:06:00+05:30,5546.5,5547.5,5545.15,5546.9,2228,
2024-10-08 15:07:00+05:30,5546.9,5546.95,5541.25,5546.9,2486,
2024-10-08 15:08:00+05:30,5546.9,5547.9,5546.7,5547.85,2540,
2024-10-08 15:09:00+05:30,5547.85,5548,5546,5547,2858,
2024-10-08 15:10:00+05:30,5547.45,5547.5,5543.5,5547.45,2108,
2024-10-08 15:11:00+05:30,5546.75,5547.9,5544.3,5547.3,3399,
2024-10-08 15:12:00+05:30,5547.3,5547.9,5545.95,5546.9,2412,
2024-10-08 15:13:00+05:30,5546.9,5547.9,5546.9,5547.65,2321,
2024-10-08 15:14:00+05:30,5547.65,5547.8,5545.3,5546.85,2520,
2024-10-08 15:15:00+05:30,5546.9,5546.95,5544,5546.85,3006,
2024-10-08 15:16:00+05:30,5547.2,5547.4,5542.4,5543.4,2740,
2024-10-08 15:17:00+05:30,5544,5547.4,5542.4,5544.7,1416,
2024-10-08 15:18:00+05:30,5544.7,5545,5542.5,5545,1945,
2024-10-08 15:19:00+05:30,5544.4,5548,5544.4,5546.05,2930,
2024-10-08 15:20:00+05:30,5546.05,5548,5543.2,5544.7,3585,
2024-10-08 15:21:00+05:30,5544.7,5547.7,5544.25,5546.35,2130,
2024-10-08 15:22:00+05:30,5546.6,5548,5545.3,5547.95,2728,
2024-10-08 15:23:00+05:30,5547.95,5548,5545.7,5547.8,3027,
2024-10-08 15:24:00+05:30,5547.85,5550,5547.75,5550,2797,
2024-10-08 15:25:00+05:30,5550.8,5559.65,5550.8,5556.85,2598,
2024-10-08 15:26:00+05:30,5556.85,5557.2,5552,5555.25,3536,
2024-10-08 15:27:00+05:30,5555.25,5557,5547.5,5547.8,3555,
2024-10-08 15:28:00+05:30,5547.8,5549,5547,5548.95,1586,
2024-10-08 15:29:00+05:30,5548.95,5555.55,5547,5555.55,801,
2024-10-09 09:15:00+05:30,5655.9,5759.9,5642.05,5730.85,57396,
2024-10-09 09:16:00+05:30,5728.05,5777,5725,5770.45,31190,
2024-10-09 09:17:00+05:30,5774.3,5790,5747.6,5758.85,49921,
2024-10-09 09:18:00+05:30,5752.9,5804.4,5752.9,5792.6,53290,
2024-10-09 09:19:00+05:30,5792.45,5792.45,5754.6,5755.6,21914,
2024-10-09 09:20:00+05:30,5757.05,5799.4,5745.05,5790.7,42801,
2024-10-09 09:21:00+05:30,5795.8,5796.1,5780,5781.95,29286,
2024-10-09 09:22:00+05:30,5781.15,5794.8,5773,5786.45,18732,
2024-10-09 09:23:00+05:30,5790.15,5794,5777.85,5792,10526,
2024-10-09 09:24:00+05:30,5789.3,5793,5782,5785.5,21160,
2024-10-09 09:25:00+05:30,5785.1,5787.85,5771.15,5785.85,17399,
2024-10-09 09:26:00+05:30,5786.3,5798.9,5781,5795.95,13224,
2024-10-09 09:27:00+05:30,5797.9,5825.1,5796.85,5817.4,75959,
2024-10-09 09:28:00+05:30,5817,5817.95,5782.15,5782.15,20307,
2024-10-09 09:29:00+05:30,5782.25,5785,5770.05,5777.5,18635,
2024-10-09 09:30:00+05:30,5777.75,5797.5,5771,5792.75,15714,
2024-10-09 09:31:00+05:30,5790,5804.35,5790,5797.85,10045,
2024-10-09 09:32:00+05:30,5798,5803.1,5792.3,5799,7872,
2024-10-09 09:33:00+05:30,5799,5820,5798.95,5817.8,13514,
2024-10-09 09:34:00+05:30,5818.55,5830.6,5815.45,5817.45,18670,
2024-10-09 09:35:00+05:30,5817.45,5832.35,5816,5827.35,19504,
2024-10-09 09:36:00+05:30,5829,5849.65,5829,5842.75,17476,
2024-10-09 09:37:00+05:30,5841.95,5853.5,5838.85,5847.85,19153,
2024-10-09 09:38:00+05:30,5848.05,5853,5835.05,5850.5,24748,
2024-10-09 09:39:00+05:30,5853,5877,5850,5877,45337,
2024-10-09 09:40:00+05:30,5877,5878,5860,5871.95,23078,
2024-10-09 09:41:00+05:30,5871.95,5873,5844.7,5846.1,23544,
2024-10-09 09:42:00+05:30,5848.15,5849.85,5834.05,5843.2,14621,
2024-10-09 09:43:00+05:30,5841.05,5843.35,5823,5824,17832,
2024-10-09 09:44:00+05:30,5823,5834.95,5817.1,5826.9,10813,
2024-10-09 09:45:00+05:30,5822.65,5825.15,5807.7,5814,12095,
2024-10-09 09:46:00+05:30,5814,5832.65,5810.35,5832.65,8425,
2024-10-09 09:47:00+05:30,5833,5849.45,5830.3,5844.95,11515,
2024-10-09 09:48:00+05:30,5844.95,5846.85,5836,5836,8896,
2024-10-09 09:49:00+05:30,5839.85,5845,5833.2,5838.75,4987,
2024-10-09 09:50:00+05:30,5832.6,5836.6,5821.25,5822,6359,
2024-10-09 09:51:00+05:30,5822,5827.6,5818.05,5823.25,3880,
2024-10-09 09:52:00+05:30,5821,5825,5800.85,5800.85,12721,
2024-10-09 09:53:00+05:30,5800.85,5805.35,5793.35,5796,11441,
2024-10-09 09:54:00+05:30,5794.35,5800,5786.3,5792.35,12123,
2024-10-09 09:55:00+05:30,5792,5792.85,5782.65,5782.65,4717,
2024-10-09 09:56:00+05:30,5781,5785.4,5775,5776.35,7595,
2024-10-09 09:57:00+05:30,5777.35,5780.05,5770,5774,11907,
2024-10-09 09:58:00+05:30,5772.2,5778,5771,5775.55,4055,
2024-10-09 09:59:00+05:30,5775.55,5799.95,5771.45,5798,10989,
2024-10-09 10:00:00+05:30,5800,5810.45,5793.05,5809.35,10497,
2024-10-09 10:01:00+05:30,5808,5811,5800,5811,6299,
2024-10-09 10:02:00+05:30,5805.05,5810,5804.05,5808.95,4071,
2024-10-09 10:03:00+05:30,5808,5828.55,5806.5,5828.55,10248,
2024-10-09 10:04:00+05:30,5825.4,5835.8,5816,5822,13059,
2024-10-09 10:05:00+05:30,5822,5843.9,5822,5834.6,17414,
2024-10-09 10:06:00+05:30,5838.75,5843.95,5830,5835,9743,
2024-10-09 10:07:00+05:30,5835,5843.05,5835,5837.2,10942,
2024-10-09 10:08:00+05:30,5837.2,5837.2,5820,5827.25,6448,
2024-10-09 10:09:00+05:30,5829.65,5834.15,5810.05,5817.65,6164,
2024-10-09 10:10:00+05:30,5818.35,5833.95,5813.15,5830.55,5092,
2024-10-09 10:11:00+05:30,5833,5837.8,5827.15,5833.95,4579,
2024-10-09 10:12:00+05:30,5836,5858,5831.7,5857,11765,
2024-10-09 10:13:00+05:30,5858.25,5858.9,5844.7,5844.7,6438,
2024-10-09 10:14:00+05:30,5846,5848.2,5835.7,5839,3893,
2024-10-09 10:15:00+05:30,5839,5848.25,5837.05,5845,6441,
2024-10-09 10:16:00+05:30,5845,5850,5841.1,5849.65,7905,
2024-10-09 10:17:00+05:30,5850,5855,5843.05,5847.45,12012,
2024-10-09 10:18:00+05:30,5847.45,5850,5838.1,5838.1,2336,
2024-10-09 10:19:00+05:30,5838.1,5842.05,5821.7,5825,9062,
2024-10-09 10:20:00+05:30,5825,5825,5819,5820,7609,
2024-10-09 10:21:00+05:30,5819.35,5847.25,5819.35,5842.6,7013,
2024-10-09 10:22:00+05:30,5842.6,5852,5835.3,5849,4281,
2024-10-09 10:23:00+05:30,5848,5852.7,5844.95,5845,3447,
2024-10-09 10:24:00+05:30,5845,5863.5,5845,5855,8577,
2024-10-09 10:25:00+05:30,5854.95,5868.05,5852.45,5868.05,5532,
2024-10-09 10:26:00+05:30,5865.5,5868.05,5860.5,5867.85,11777,
2024-10-09 10:27:00+05:30,5870.4,5891.85,5865.1,5887,18949,
2024-10-09 10:28:00+05:30,5887.45,5905.6,5881.05,5905.6,21366,
2024-10-09 10:29:00+05:30,5904.85,5907.35,5894,5895.3,17120,
2024-10-09 10:30:00+05:30,5895,5895,5871.55,5875,12130,
2024-10-09 10:31:00+05:30,5875,5878.65,5861,5861,8298,
2024-10-09 10:32:00+05:30,5863,5864.4,5851.2,5854.95,7182,
2024-10-09 10:33:00+05:30,5854,5873.3,5851,5866.75,11190,
2024-10-09 10:34:00+05:30,5868.35,5871.1,5858,5860.5,5093,
2024-10-09 10:35:00+05:30,5860.5,5864.2,5850,5855,13015,
2024-10-09 10:36:00+05:30,5855,5856.6,5842,5845,6094,
2024-10-09 10:37:00+05:30,5845,5850,5842,5846,2472,
2024-10-09 10:38:00+05:30,5843.65,5853.1,5842,5848.25,2884,
2024-10-09 10:39:00+05:30,5848.25,5850,5844.05,5844.05,1004,
2024-10-09 10:40:00+05:30,5844.05,5850,5842,5846.55,2233,
2024-10-09 10:41:00+05:30,5846.55,5854.85,5845.5,5854.4,1549,
2024-10-09 10:42:00+05:30,5854.35,5854.5,5845,5850,3044,
2024-10-09 10:43:00+05:30,5850,5851.95,5846.1,5850,1635,
2024-10-09 10:44:00+05:30,5850,5855,5847.1,5852,1942,
2024-10-09 10:45:00+05:30,5852,5855,5842,5842,3089,
2024-10-09 10:46:00+05:30,5842.25,5845.25,5842,5844,938,
2024-10-09 10:47:00+05:30,5844,5844,5835.3,5837.8,6562,
2024-10-09 10:48:00+05:30,5837.8,5849.95,5835.5,5847.2,3328,
2024-10-09 10:49:00+05:30,5847.2,5850,5844.65,5845,1949,
2024-10-09 10:50:00+05:30,5845.15,5850,5845.1,5847.5,1368,
2024-10-09 10:51:00+05:30,5848.1,5849.2,5841.2,5844.75,1514,
2024-10-09 10:52:00+05:30,5844.8,5844.85,5840,5844.8,2102,
2024-10-09 10:53:00+05:30,5844.8,5847,5842.1,5844.85,813,
2024-10-09 10:54:00+05:30,5844.85,5849.5,5844,5849.5,901,
2024-10-09 10:55:00+05:30,5849.5,5852.3,5844,5846.1,3083,
2024-10-09 10:56:00+05:30,5846.1,5847.6,5840.2,5842,1094,
2024-10-09 10:57:00+05:30,5842,5849.9,5840.2,5849.9,921,
2024-10-09 10:58:00+05:30,5849.9,5853,5843.85,5847.8,1094,
2024-10-09 10:59:00+05:30,5847.1,5850,5842.65,5849.9,1449,
2024-10-09 11:00:00+05:30,5849.45,5850,5844.2,5847,3251,
2024-10-09 11:01:00+05:30,5847,5850.9,5842.8,5848.55,4015,
2024-10-09 11:02:00+05:30,5848.55,5849.5,5841.8,5848.5,1290,
2024-10-09 11:03:00+05:30,5848.7,5854,5847.45,5853.95,1929,
2024-10-09 11:04:00+05:30,5856.95,5860,5855.4,5858.45,3662,
2024-10-09 11:05:00+05:30,5858.45,5869,5855.25,5867.5,8891,
2024-10-09 11:06:00+05:30,5865,5867.5,5862,5864.95,1347,
2024-10-09 11:07:00+05:30,5864.95,5880,5864.95,5879,5825,
2024-10-09 11:08:00+05:30,5877,5884,5874.85,5875.2,4966,
2024-10-09 11:09:00+05:30,5876.1,5884.4,5876.1,5882.6,5646,
2024-10-09 11:10:00+05:30,5881.45,5883.7,5871,5873.5,2978,
2024-10-09 11:11:00+05:30,5873.5,5874.5,5864.8,5872,8998,
2024-10-09 11:12:00+05:30,5872,5872,5864.55,5869.2,1938,
2024-10-09 11:13:00+05:30,5869.2,5875,5868.6,5870.15,1624,
2024-10-09 11:14:00+05:30,5872.8,5874.95,5866.7,5874,973,
2024-10-09 11:15:00+05:30,5873.85,5875,5871.1,5872,1005,
2024-10-09 11:16:00+05:30,5872,5877.05,5871.35,5877.05,2222,
2024-10-09 11:17:00+05:30,5877,5877.3,5875,5875.6,681,
2024-10-09 11:18:00+05:30,5875,5876.85,5871.2,5874.95,1716,
2024-10-09 11:19:00+05:30,5874.95,5884.85,5872.45,5882.05,3193,
2024-10-09 11:20:00+05:30,5882.05,5884.45,5882,5883.35,1527,
2024-10-09 11:21:00+05:30,5881.55,5888,5879,5886.9,2994,
2024-10-09 11:22:00+05:30,5886.9,5887,5881.55,5884.45,1480,
2024-10-09 11:23:00+05:30,5887.7,5887.7,5883,5886.2,2175,
2024-10-09 11:24:00+05:30,5886.2,5886.2,5883,5884.45,1404,
2024-10-09 11:25:00+05:30,5884.45,5891,5883,5883.75,5539,
2024-10-09 11:26:00+05:30,5883.75,5887.45,5883,5885.7,1528,
2024-10-09 11:27:00+05:30,5886.9,5888.8,5883,5887.7,2430,
2024-10-09 11:28:00+05:30,5888,5889.9,5884.2,5887.4,2124,
2024-10-09 11:29:00+05:30,5887.95,5893.4,5885.4,5893.4,4032,
2024-10-09 11:30:00+05:30,5893.4,5898.6,5891.35,5898.5,5252,
2024-10-09 11:31:00+05:30,5898.5,5903.85,5898.5,5902.95,8207,
2024-10-09 11:32:00+05:30,5901.05,5906.45,5900.25,5902.9,5022,
2024-10-09 11:33:00+05:30,5902.9,5904,5900,5903,2158,
2024-10-09 11:34:00+05:30,5903,5904,5902.35,5903.1,2217,
2024-10-09 11:35:00+05:30,5904,5904,5892.1,5897.55,15588,
2024-10-09 11:36:00+05:30,5895.05,5897.45,5886,5887.8,4706,
2024-10-09 11:37:00+05:30,5890.8,5891.85,5887,5889,2310,
2024-10-09 11:38:00+05:30,5889,5890,5882,5884,3518,
2024-10-09 11:39:00+05:30,5884,5884,5867.95,5870,13401,
2024-10-09 11:40:00+05:30,5870,5880,5870,5874.7,2342,
2024-10-09 11:41:00+05:30,5873.95,5873.95,5862,5864,6923,
2024-10-09 11:42:00+05:30,5861.35,5865.9,5855.4,5861.5,5991,
2024-10-09 11:43:00+05:30,5861.45,5862,5856.75,5858.65,4975,
2024-10-09 11:44:00+05:30,5858.65,5862.2,5857,5859.9,2434,
2024-10-09 11:45:00+05:30,5860,5875,5859.95,5875,8362,
2024-10-09 11:46:00+05:30,5876.95,5876.95,5865.2,5870,5559,
2024-10-09 11:47:00+05:30,5870,5874,5868.6,5872.65,899,
2024-10-09 11:48:00+05:30,5874.6,5876.4,5872.05,5874.4,2136,
2024-10-09 11:49:00+05:30,5874.4,5876.55,5873.1,5875.15,1445,
2024-10-09 11:50:00+05:30,5875.25,5876.6,5873.7,5875,1390,
2024-10-09 11:51:00+05:30,5875.5,5878,5874,5875,3673,
2024-10-09 11:52:00+05:30,5875,5877.1,5874.95,5875.65,1137,
2024-10-09 11:53:00+05:30,5875.65,5877,5870,5876,2964,
2024-10-09 11:54:00+05:30,5875.85,5878.95,5873.05,5875,2233,
2024-10-09 11:55:00+05:30,5875,5882.95,5874.8,5878.65,2076,
2024-10-09 11:56:00+05:30,5878.4,5884.95,5876.8,5880.4,2759,
2024-10-09 11:57:00+05:30,5880.4,5888.45,5880.4,5884.1,4960,
2024-10-09 11:58:00+05:30,5883.8,5888,5880,5880,7192,
2024-10-09 11:59:00+05:30,5880.05,5883.5,5875.15,5881.1,2842,
2024-10-09 12:00:00+05:30,5880.7,5884.65,5880,5883.05,1577,
2024-10-09 12:01:00+05:30,5882.45,5884.35,5880.05,5882.1,2211,
2024-10-09 12:02:00+05:30,5885,5885,5881.65,5884.8,2150,
2024-10-09 12:03:00+05:30,5884.75,5885.25,5882.2,5884.55,11736,
2024-10-09 12:04:00+05:30,5884.6,5890,5877.05,5883.35,8942,
2024-10-09 12:05:00+05:30,5884.65,5898.75,5883.1,5896,5256,
2024-10-09 12:06:00+05:30,5895.2,5896.8,5885,5887.75,3425,
2024-10-09 12:07:00+05:30,5887.6,5887.6,5875,5879.2,5964,
2024-10-09 12:08:00+05:30,5879.2,5882.95,5878,5880,1795,
2024-10-09 12:09:00+05:30,5881,5882.05,5878.05,5881,1579,
2024-10-09 12:10:00+05:30,5881,5882.75,5876.5,5877.55,1653,
2024-10-09 12:11:00+05:30,5880.95,5885.15,5877.1,5883.9,1580,
2024-10-09 12:12:00+05:30,5883.9,5884.3,5881.5,5881.7,1306,
2024-10-09 12:13:00+05:30,5883.5,5883.55,5880.45,5883.45,868,
2024-10-09 12:14:00+05:30,5883.55,5889.25,5882.65,5889.25,3151,
2024-10-09 12:15:00+05:30,5889.25,5890,5884.1,5887.75,3101,
2024-10-09 12:16:00+05:30,5887.8,5890,5881.25,5890,3262,
2024-10-09 12:17:00+05:30,5890,5903,5887.85,5901,10569,
2024-10-09 12:18:00+05:30,5900.55,5903,5898.15,5898.45,2592,
2024-10-09 12:19:00+05:30,5898.45,5902.65,5897,5902.3,2708,
2024-10-09 12:20:00+05:30,5903.6,5920.75,5900.85,5914.6,21208,
2024-10-09 12:21:00+05:30,5916.05,5916.25,5910.35,5913.8,5302,
2024-10-09 12:22:00+05:30,5913.8,5913.8,5900,5902.55,6235,
2024-10-09 12:23:00+05:30,5902.55,5917.95,5899,5916,5761,
2024-10-09 12:24:00+05:30,5916,5917,5910.65,5911.4,2702,
2024-10-09 12:25:00+05:30,5911.15,5917.4,5911.1,5916.9,3258,
2024-10-09 12:26:00+05:30,5917,5920,5914.25,5920,6509,
2024-10-09 12:27:00+05:30,5921.95,5925,5917.5,5920.5,5927,
2024-10-09 12:28:00+05:30,5920.5,5921,5912.4,5914.45,3631,
2024-10-09 12:29:00+05:30,5914.45,5916.25,5911.35,5914.15,2930,
2024-10-09 12:30:00+05:30,5914,5920,5912.2,5920,2673,
2024-10-09 12:31:00+05:30,5920,5920,5915.1,5917,1554,
2024-10-09 12:32:00+05:30,5915.35,5918.8,5914,5916,2934,
2024-10-09 12:33:00+05:30,5916,5923.95,5916,5918,4068,
2024-10-09 12:34:00+05:30,5918,5922.3,5918,5920.6,3306,
2024-10-09 12:35:00+05:30,5920.6,5922,5917,5920,3102,
2024-10-09 12:36:00+05:30,5920,5921.1,5918,5920,4380,
2024-10-09 12:37:00+05:30,5920,5922,5919.45,5920.2,2467,
2024-10-09 12:38:00+05:30,5921.1,5921.1,5915,5917.1,2601,
2024-10-09 12:39:00+05:30,5919.65,5919.65,5915,5915.55,2211,
2024-10-09 12:40:00+05:30,5915.55,5923.6,5915.15,5921.7,2655,
2024-10-09 12:41:00+05:30,5923,5923.85,5912,5916,4543,
2024-10-09 12:42:00+05:30,5915.5,5920.95,5914,5920.95,2530,
2024-10-09 12:43:00+05:30,5920.95,5923.5,5918.55,5922.55,2337,
2024-10-09 12:44:00+05:30,5923.05,5925,5920,5925,4846,
2024-10-09 12:45:00+05:30,5925,5935,5925,5931.45,10827,
2024-10-09 12:46:00+05:30,5931.45,5934.9,5926.75,5932.75,4649,
2024-10-09 12:47:00+05:30,5931.75,5933,5928,5929.6,4550,
2024-10-09 12:48:00+05:30,5929.6,5931.65,5928.1,5931.65,2456,
2024-10-09 12:49:00+05:30,5931.65,5931.8,5928.2,5931.8,3340,
2024-10-09 12:50:00+05:30,5931.8,5932.75,5930,5931.5,2471,
2024-10-09 12:51:00+05:30,5930,5931.5,5929.4,5930.35,1692,
2024-10-09 12:52:00+05:30,5931,5934.7,5926.85,5934.7,8938,
2024-10-09 12:53:00+05:30,5932.4,5938,5931,5937.45,6592,
2024-10-09 12:54:00+05:30,5936.95,5947.25,5936.95,5943.05,13922,
2024-10-09 12:55:00+05:30,5943.95,5948.45,5941,5946.05,8610,
2024-10-09 12:56:00+05:30,5946.3,5946.3,5940.25,5940.3,6448,
2024-10-09 12:57:00+05:30,5940.3,5947,5940,5945.1,4958,
2024-10-09 12:58:00+05:30,5945.1,5947.8,5945.1,5946.55,2814,
2024-10-09 12:59:00+05:30,5946.55,5947.8,5942.1,5947.05,4357,
2024-10-09 13:00:00+05:30,5947.8,5956.4,5947.8,5952.9,14768,
2024-10-09 13:01:00+05:30,5954.45,5956.5,5946.6,5952.45,12933,
2024-10-09 13:02:00+05:30,5952.45,5952.5,5943,5943.2,6587,
2024-10-09 13:03:00+05:30,5943.45,5947.75,5939.45,5945.9,8388,
2024-10-09 13:04:00+05:30,5945.9,5949.25,5940.45,5942.05,3671,
2024-10-09 13:05:00+05:30,5942.05,5943.85,5935.35,5938.25,5426,
2024-10-09 13:06:00+05:30,5938.25,5940,5936.15,5940,3461,
2024-10-09 13:07:00+05:30,5938.45,5940,5934.85,5939.95,7210,
2024-10-09 13:08:00+05:30,5939.95,5947.95,5939.6,5947.95,8780,
2024-10-09 13:09:00+05:30,5947,5947,5940.05,5942.15,4653,
2024-10-09 13:10:00+05:30,5943,5948,5941.3,5945,4698,
2024-10-09 13:11:00+05:30,5945,5951.45,5944.95,5949.05,4305,
2024-10-09 13:12:00+05:30,5949.05,5950.7,5942.05,5942.9,4226,
2024-10-09 13:13:00+05:30,5942.9,5948,5942.9,5946,2154,
2024-10-09 13:14:00+05:30,5946,5949.95,5945,5947.85,2981,
2024-10-09 13:15:00+05:30,5947.85,5949,5944.2,5945.45,1842,
2024-10-09 13:16:00+05:30,5945.45,5949.9,5945,5949.85,5437,
2024-10-09 13:17:00+05:30,5949.85,5952.6,5949.05,5950,6151,
2024-10-09 13:18:00+05:30,5951.85,5952.6,5946.15,5948.6,3575,
2024-10-09 13:19:00+05:30,5949.05,5949.05,5944,5945.35,2453,
2024-10-09 13:20:00+05:30,5944.5,5946.05,5931,5931,6324,
2024-10-09 13:21:00+05:30,5933,5937,5931.65,5936.45,5997,
2024-10-09 13:22:00+05:30,5936.45,5942.95,5934.95,5942.6,2444,
2024-10-09 13:23:00+05:30,5940.25,5945,5940.25,5945,1680,
2024-10-09 13:24:00+05:30,5945,5945,5940.2,5942.95,1875,
2024-10-09 13:25:00+05:30,5942.95,5942.95,5935,5940.95,4130,
2024-10-09 13:26:00+05:30,5940.95,5942.05,5937,5939.3,1249,
2024-10-09 13:27:00+05:30,5940,5941.9,5938.05,5941.9,1803,
2024-10-09 13:28:00+05:30,5941.9,5941.95,5937.5,5940.4,1778,
2024-10-09 13:29:00+05:30,5940.9,5941.8,5937.7,5941.4,1492,
2024-10-09 13:30:00+05:30,5941.8,5947,5941.05,5947,2101,
2024-10-09 13:31:00+05:30,5947,5955.3,5945.5,5948.8,6907,
2024-10-09 13:32:00+05:30,5950,5952,5948,5948.05,2632,
2024-10-09 13:33:00+05:30,5948.2,5963.2,5948,5958.25,11930,
2024-10-09 13:34:00+05:30,5958.25,5959.05,5952,5956.5,4478,
2024-10-09 13:35:00+05:30,5957.25,5958.65,5950,5950.9,4086,
2024-10-09 13:36:00+05:30,5950.9,5954,5950.15,5951.05,1523,
2024-10-09 13:37:00+05:30,5952,5954.9,5950.5,5950.5,2596,
2024-10-09 13:38:00+05:30,5950.15,5954.95,5950.15,5950.9,2631,
2024-10-09 13:39:00+05:30,5953,5954.95,5950.9,5953.95,1533,
2024-10-09 13:40:00+05:30,5953.95,5958,5951.95,5956.15,6881,
2024-10-09 13:41:00+05:30,5956.15,5971.9,5956,5966.25,16849,
2024-10-09 13:42:00+05:30,5967.35,5972.2,5966.15,5970,11624,
2024-10-09 13:43:00+05:30,5969.95,5976.6,5968.5,5971,11982,
2024-10-09 13:44:00+05:30,5971,5971,5968.2,5968.95,6041,
2024-10-09 13:45:00+05:30,5970,5975,5968.9,5970,7649,
2024-10-09 13:46:00+05:30,5969.6,5972.85,5968.25,5969.6,4117,
2024-10-09 13:47:00+05:30,5969.7,5970.25,5962,5965.35,5149,
2024-10-09 13:48:00+05:30,5966,5969.25,5963.35,5966,4722,
2024-10-09 13:49:00+05:30,5968.9,5973.15,5966.15,5970.3,12257,
2024-10-09 13:50:00+05:30,5972.65,5979,5970,5973,8349,
2024-10-09 13:51:00+05:30,5974.25,5980,5973,5979,8160,
2024-10-09 13:52:00+05:30,5977.7,5988,5975,5977,15682,
2024-10-09 13:53:00+05:30,5975,5977.85,5975,5976,4865,
2024-10-09 13:54:00+05:30,5976,5980.1,5975,5976.5,3995,
2024-10-09 13:55:00+05:30,5976.5,5979.5,5976,5976,3157,
2024-10-09 13:56:00+05:30,5975.85,5977,5974.7,5975.25,11450,
2024-10-09 13:57:00+05:30,5975.25,5986,5975.25,5984,5733,
2024-10-09 13:58:00+05:30,5984,5985,5978.25,5980,5779,
2024-10-09 13:59:00+05:30,5983,5985,5980.7,5984.5,3266,
2024-10-09 14:00:00+05:30,5983.8,5988.95,5981.5,5985,11508,
2024-10-09 14:01:00+05:30,5983,5984.7,5975,5978,11695,
2024-10-09 14:02:00+05:30,5980,5984,5976.55,5984,2544,
2024-10-09 14:03:00+05:30,5980.55,5985,5980.55,5985,2978,
2024-10-09 14:04:00+05:30,5983.15,5997.9,5983.15,5994,18631,
2024-10-09 14:05:00+05:30,5994,6005,5990.7,6002.5,31028,
2024-10-09 14:06:00+05:30,6000,6004,6000,6001.95,9886,
2024-10-09 14:07:00+05:30,6000.05,6011.15,6000,6008,10935,
2024-10-09 14:08:00+05:30,6007.55,6008,5995.8,6001.75,16852,
2024-10-09 14:09:00+05:30,6000.15,6007.5,6000.15,6002.85,16492,
2024-10-09 14:10:00+05:30,6002,6005,5998.15,6001,12510,
2024-10-09 14:11:00+05:30,6001,6007.5,6000.05,6004.85,5733,
2024-10-09 14:12:00+05:30,6004.85,6009.3,6002.05,6008,10987,
2024-10-09 14:13:00+05:30,6008,6018.5,6008,6017.8,29164,
2024-10-09 14:14:00+05:30,6015,6020,6002,6005.75,15431,
2024-10-09 14:15:00+05:30,6005.75,6014.55,6000.5,6012.1,13206,
2024-10-09 14:16:00+05:30,6012.15,6016.2,6009.05,6012.5,7023,
2024-10-09 14:17:00+05:30,6014.3,6014.3,6002,6002,7595,
2024-10-09 14:18:00+05:30,6004.65,6005,6000,6002.5,10721,
2024-10-09 14:19:00+05:30,6002.5,6003.6,6000,6000.15,8782,
2024-10-09 14:20:00+05:30,6002.65,6003.55,6000,6000.9,12512,
2024-10-09 14:21:00+05:30,6000.2,6009.35,6000,6003,5315,
2024-10-09 14:22:00+05:30,6003.25,6005,6000.6,6005,5989,
2024-10-09 14:23:00+05:30,6001.05,6003.75,5977.4,5980.9,28067,
2024-10-09 14:24:00+05:30,5980.85,5991.5,5980.85,5985.5,13761,
2024-10-09 14:25:00+05:30,5987,5988.9,5980,5981.65,9638,
2024-10-09 14:26:00+05:30,5983,5994.25,5980.95,5992.75,9759,
2024-10-09 14:27:00+05:30,5990.25,5999.95,5990.25,5998,10714,
2024-10-09 14:28:00+05:30,5999.9,6000.95,5988.1,5999,5836,
2024-10-09 14:29:00+05:30,5999,6010,5999,6000,9625,
2024-10-09 14:30:00+05:30,6003,6009.6,6000,6006.7,5982,
2024-10-09 14:31:00+05:30,6007.2,6010,6003,6006.5,5438,
2024-10-09 14:32:00+05:30,6008.6,6008.6,6000.7,6003.8,3696,
2024-10-09 14:33:00+05:30,6006,6006,5998.75,6004.55,7552,
2024-10-09 14:34:00+05:30,6004.55,6006,5998.55,6000,5004,
2024-10-09 14:35:00+05:30,6000.05,6004,6000,6003.95,2927,
2024-10-09 14:36:00+05:30,6003.95,6009,6000,6005.7,2875,
2024-10-09 14:37:00+05:30,6005.5,6008,6005,6006.25,2256,
2024-10-09 14:38:00+05:30,6006.35,6009.95,6002.1,6002.8,6190,
2024-10-09 14:39:00+05:30,6002.25,6005,6001.05,6001.6,3545,
2024-10-09 14:40:00+05:30,6001.35,6007,6000,6004.2,2839,
2024-10-09 14:41:00+05:30,6004.2,6007,6003.05,6004.4,1951,
2024-10-09 14:42:00+05:30,6003.3,6005,6001.1,6003.05,3682,
2024-10-09 14:43:00+05:30,6003.3,6018.15,6002.55,6015.05,13628,
2024-10-09 14:44:00+05:30,6013.3,6015.65,6010,6011,7225,
2024-10-09 14:45:00+05:30,6011,6014.45,6005,6007.75,7829,
2024-10-09 14:46:00+05:30,6007.75,6009,6004.4,6006.55,2255,
2024-10-09 14:47:00+05:30,6006.55,6027.15,6006.55,6017.35,23933,
2024-10-09 14:48:00+05:30,6017.65,6024.95,6015,6022.9,9657,
2024-10-09 14:49:00+05:30,6022,6029.95,6020.6,6020.9,9981,
2024-10-09 14:50:00+05:30,6021.3,6023,6007.55,6007.8,14992,
2024-10-09 14:51:00+05:30,6007.8,6011.8,6007,6009,7233,
2024-10-09 14:52:00+05:30,6009,6015,6009,6012.1,4552,
2024-10-09 14:53:00+05:30,6013.95,6015,6010.1,6010.1,5784,
2024-10-09 14:54:00+05:30,6010.1,6010.2,6002,6003,10769,
2024-10-09 14:55:00+05:30,6002,6007,6000,6006,10551,
2024-10-09 14:56:00+05:30,6006,6006,6000,6000,6546,
2024-10-09 14:57:00+05:30,6000,6004,6000,6001.55,5182,
2024-10-09 14:58:00+05:30,6001.55,6006.8,6001,6002.35,5158,
2024-10-09 14:59:00+05:30,6002,6007.8,6002,6005.65,3351,
2024-10-09 15:00:00+05:30,6005.2,6007,5995.8,6000,14472,
2024-10-09 15:01:00+05:30,5999.3,6005,5992,6002.6,13235,
2024-10-09 15:02:00+05:30,6000.45,6003.05,5997.1,6000,7033,
2024-10-09 15:03:00+05:30,6000,6004.1,5998,5998,14079,
2024-10-09 15:04:00+05:30,5999,5999.85,5985.45,5993.95,15443,
2024-10-09 15:05:00+05:30,5992.1,6009.9,5990.7,5996.95,29859,
2024-10-09 15:06:00+05:30,5996.95,5996.95,5991.4,5995.3,8733,
2024-10-09 15:07:00+05:30,5992.95,6000,5992.9,5999.1,6303,
2024-10-09 15:08:00+05:30,5999,6000,5995,6000,7874,
2024-10-09 15:09:00+05:30,6000,6004.8,5994.1,5996.9,11137,
2024-10-09 15:10:00+05:30,5996.95,5998.95,5992,5997.3,12200,
2024-10-09 15:11:00+05:30,5997.05,6000.85,5985,5986.5,33900,
2024-10-09 15:12:00+05:30,5986.85,5988.6,5985,5985.9,6970,
2024-10-09 15:13:00+05:30,5985.95,5986.9,5982.3,5983.75,9926,
2024-10-09 15:14:00+05:30,5980.7,5985.5,5974.1,5984.1,17803,
2024-10-09 15:15:00+05:30,5982.5,5987.8,5979,5979.8,13977,
2024-10-09 15:16:00+05:30,5979,5983.2,5977.05,5980,8596,
2024-10-09 15:17:00+05:30,5981.95,5985,5978.15,5981.4,13172,
2024-10-09 15:18:00+05:30,5981.95,5983.45,5975.2,5975.4,15954,
2024-10-09 15:19:00+05:30,5975.4,5979.35,5972,5977,9478,
2024-10-09 15:20:00+05:30,5977,5979.35,5973,5976.45,14671,
2024-10-09 15:21:00+05:30,5976.45,5979.35,5974.9,5976.2,4242,
2024-10-09 15:22:00+05:30,5976.4,5979.95,5975.8,5979.7,4455,
2024-10-09 15:23:00+05:30,5979.7,5980.85,5979.1,5980.55,9078,
2024-10-09 15:24:00+05:30,5980.55,5984.25,5979.15,5981.75,5815,
2024-10-09 15:25:00+05:30,5982.05,5992.25,5982.05,5991.7,3126,
2024-10-09 15:26:00+05:30,5993.35,5995,5991.6,5993,3616,
2024-10-09 15:27:00+05:30,5993,5993,5985.8,5989,4561,
2024-10-09 15:28:00+05:30,5989,5994.05,5981.95,5988.35,6318,
2024-10-09 15:29:00+05:30,5989.95,5990.15,5977.9,5987.9,3926,
2024-10-10 09:15:00+05:30,5960,5978.75,5930.55,5956.85,18777,
2024-10-10 09:16:00+05:30,5958.05,5967,5951.55,5963,12167,
2024-10-10 09:17:00+05:30,5963,5968.3,5952,5953.8,8895,
2024-10-10 09:18:00+05:30,5953.85,5966.7,5940.85,5966,10574,
2024-10-10 09:19:00+05:30,5966,5966.7,5957.2,5960,3710,
2024-10-10 09:20:00+05:30,5957.9,5958.75,5946,5947,3347,
2024-10-10 09:21:00+05:30,5945,5949.05,5941.05,5942,7366,
2024-10-10 09:22:00+05:30,5943.3,5950,5938,5941,4098,
2024-10-10 09:23:00+05:30,5943,5949,5937.75,5948.1,4060,
2024-10-10 09:24:00+05:30,5945.35,5949,5937.25,5939,3007,
2024-10-10 09:25:00+05:30,5937.7,5939,5932.2,5934.1,3973,
2024-10-10 09:26:00+05:30,5934.1,5944.85,5930.1,5942.45,6400,
2024-10-10 09:27:00+05:30,5942.75,5960,5937.35,5937.35,8327,
2024-10-10 09:28:00+05:30,5937.35,5943.9,5937.1,5941.15,1270,
2024-10-10 09:29:00+05:30,5941.15,5942.25,5934,5935,14339,
2024-10-10 09:30:00+05:30,5935,5943,5935,5940.6,3989,
2024-10-10 09:31:00+05:30,5940.6,5940.65,5932.15,5934.7,2568,
2024-10-10 09:32:00+05:30,5934.7,5937.45,5933.35,5934.8,895,
2024-10-10 09:33:00+05:30,5934.8,5940.35,5927.8,5930.3,6234,
2024-10-10 09:34:00+05:30,5930.3,5936.6,5928.1,5934,2689,
2024-10-10 09:35:00+05:30,5934,5946,5932.8,5945,4698,
2024-10-10 09:36:00+05:30,5945,5957.9,5945,5946.55,4477,
2024-10-10 09:37:00+05:30,5946.5,5948.4,5939,5943,2780,
2024-10-10 09:38:00+05:30,5943,5948.1,5936.95,5936.95,1417,
2024-10-10 09:39:00+05:30,5936.95,5946.9,5936.95,5943.05,2413,
2024-10-10 09:40:00+05:30,5943.1,5945,5938.7,5940.4,1033,
2024-10-10 09:41:00+05:30,5940.4,5948.95,5939.35,5948.95,863,
2024-10-10 09:42:00+05:30,5948.95,5955,5945.95,5951.25,2257,
2024-10-10 09:43:00+05:30,5953.35,5953.35,5947.15,5948.35,1818,
2024-10-10 09:44:00+05:30,5947.1,5954,5946.55,5951.45,863,
2024-10-10 09:45:00+05:30,5953.85,5960,5953.85,5958,3990,
2024-10-10 09:46:00+05:30,5956.85,5960,5955.3,5956.5,1973,
2024-10-10 09:47:00+05:30,5956.3,5958.75,5952.25,5955.15,1237,
2024-10-10 09:48:00+05:30,5955.15,5971.75,5955.15,5971.7,4666,
2024-10-10 09:49:00+05:30,5971.3,5975.05,5962.2,5966.85,3879,
2024-10-10 09:50:00+05:30,5966.85,5974.05,5964.15,5970.4,2205,
2024-10-10 09:51:00+05:30,5970.4,5975.55,5970.25,5970.25,2479,
2024-10-10 09:52:00+05:30,5970,5978.85,5970,5978.85,2151,
2024-10-10 09:53:00+05:30,5976.05,5997.95,5976.05,5995.05,8809,
2024-10-10 09:54:00+05:30,5995.05,6007.4,5995,6000,6510,
2024-10-10 09:55:00+05:30,5999.15,6008.9,5999.15,6006.35,5155,
2024-10-10 09:56:00+05:30,6006.35,6007,5998.75,6001.1,3452,
2024-10-10 09:57:00+05:30,6002.1,6022,5998.05,6021.7,5991,
2024-10-10 09:58:00+05:30,6019.55,6021.55,6006.35,6007.75,2432,
2024-10-10 09:59:00+05:30,6007.75,6009.85,6000.55,6004,1906,
2024-10-10 10:00:00+05:30,6004,6004,5993.45,6000.1,3537,
2024-10-10 10:01:00+05:30,6000.1,6007.4,6000.1,6005,634,
2024-10-10 10:02:00+05:30,6005,6005,5995.25,5998.6,1303,
2024-10-10 10:03:00+05:30,5996.9,5999.65,5989.35,5989.35,2838,
2024-10-10 10:04:00+05:30,5991.85,5994.8,5988.4,5994.2,1781,
2024-10-10 10:05:00+05:30,5994.2,5997.95,5990,5993.45,1866,
2024-10-10 10:06:00+05:30,5992.85,5994.95,5988.3,5989.05,577,
2024-10-10 10:07:00+05:30,5989.05,5993.05,5986.25,5991.8,1080,
2024-10-10 10:08:00+05:30,5991.8,6009.85,5991.8,6007.9,3037,
2024-10-10 10:09:00+05:30,6007.9,6013.4,6001.75,6002,2093,
2024-10-10 10:10:00+05:30,6004.8,6005.8,6002.15,6002.9,1240,
2024-10-10 10:11:00+05:30,6004.85,6004.85,5993.6,5998.65,1378,
2024-10-10 10:12:00+05:30,5998.65,6000,5995.7,5999.25,847,
2024-10-10 10:13:00+05:30,5999.25,6004.55,5991.35,5993.1,1795,
2024-10-10 10:14:00+05:30,5996.45,5996.45,5987,5989.95,2850,
2024-10-10 10:15:00+05:30,5989.95,5992.95,5987.25,5992.2,2644,
2024-10-10 10:16:00+05:30,5992.75,5994.95,5990.05,5993.6,1142,
2024-10-10 10:17:00+05:30,5993.6,6000.15,5992,5996.45,979,
2024-10-10 10:18:00+05:30,5996.55,5999.95,5993,5993.3,497,
2024-10-10 10:19:00+05:30,5993.3,5994.8,5989.1,5990.4,1549,
2024-10-10 10:20:00+05:30,5990.1,5993.75,5989.1,5989.1,423,
2024-10-10 10:21:00+05:30,5987,5987.15,5981.7,5984.5,2603,
2024-10-10 10:22:00+05:30,5984.5,5989.2,5982.4,5984.1,2441,
2024-10-10 10:23:00+05:30,5984.1,5990,5982,5987.2,2618,
2024-10-10 10:24:00+05:30,5987.35,5988.8,5987,5987.05,901,
2024-10-10 10:25:00+05:30,5987.05,5987.05,5982,5982,2390,
2024-10-10 10:26:00+05:30,5985,5985.1,5982,5983.35,654,
2024-10-10 10:27:00+05:30,5983.35,5985.7,5975.25,5976.4,5185,
2024-10-10 10:28:00+05:30,5976.1,5979.75,5971.75,5978.4,2044,
2024-10-10 10:29:00+05:30,5978.45,5979.25,5975,5977.35,444,
2024-10-10 10:30:00+05:30,5977.35,5977.95,5974,5976,1357,
2024-10-10 10:31:00+05:30,5976,5981.9,5976,5981.9,1002,
2024-10-10 10:32:00+05:30,5980.9,5989,5980.9,5985.65,1000,
2024-10-10 10:33:00+05:30,5987,5990.6,5985.65,5990.6,1668,
2024-10-10 10:34:00+05:30,5990.5,5993.05,5987,5989.25,507,
2024-10-10 10:35:00+05:30,5989.25,5992,5986.95,5988.05,1235,
2024-10-10 10:36:00+05:30,5988.05,6004.65,5985.1,6004.1,1776,
2024-10-10 10:37:00+05:30,6004.1,6007.3,5991.7,5991.7,3619,
2024-10-10 10:38:00+05:30,5991.7,6007.95,5991.7,6007.95,1009,
2024-10-10 10:39:00+05:30,6007.95,6008.9,6004.1,6007.8,1074,
2024-10-10 10:40:00+05:30,6007.8,6007.8,6001.45,6002.85,565,
2024-10-10 10:41:00+05:30,6001.4,6003,5997.35,6002.3,920,
2024-10-10 10:42:00+05:30,6002.3,6006.4,5999.8,6001.8,972,
2024-10-10 10:43:00+05:30,6001.8,6004.35,5994.45,5995.9,634,
2024-10-10 10:44:00+05:30,5995.9,5999.15,5993.65,5994.15,592,
2024-10-10 10:45:00+05:30,5994.15,6004.6,5994.1,6002.8,943,
2024-10-10 10:46:00+05:30,6002.9,6002.9,5995.25,5997.7,695,
2024-10-10 10:47:00+05:30,5997.7,6003,5992.1,5999.9,1073,
2024-10-10 10:48:00+05:30,6001,6001,5996.9,5998.45,381,
2024-10-10 10:49:00+05:30,5998.45,6008.55,5996.8,6007.35,3031,
2024-10-10 10:50:00+05:30,6005,6007,6001,6002.5,1436,
2024-10-10 10:51:00+05:30,6002.5,6005.15,6002.5,6004.95,585,
2024-10-10 10:52:00+05:30,6005,6005,6000,6000.05,591,
2024-10-10 10:53:00+05:30,5998.95,5999.95,5994.9,5995.8,400,
2024-10-10 10:54:00+05:30,5997.45,5998.9,5995.8,5998.5,225,
2024-10-10 10:55:00+05:30,5998.05,6000.8,5997.35,6000.75,351,
2024-10-10 10:56:00+05:30,5999.8,6004.8,5998,6001.15,2652,
2024-10-10 10:57:00+05:30,5998.4,6003,5998.35,5999.45,383,
2024-10-10 10:58:00+05:30,5999.45,6000.25,5988.2,5991.55,1690,
2024-10-10 10:59:00+05:30,5991.55,5995.55,5990.7,5994.25,451,
2024-10-10 11:00:00+05:30,5994.25,5995.35,5990.3,5990.9,222,
2024-10-10 11:01:00+05:30,5991.45,5994,5991,5991.15,386,
2024-10-10 11:02:00+05:30,5991.15,5994.9,5987.7,5992.85,1610,
2024-10-10 11:03:00+05:30,5994.6,5998.05,5992.85,5996.9,181,
2024-10-10 11:04:00+05:30,5996.9,5999,5993.9,5998.95,337,
2024-10-10 11:05:00+05:30,5999,6001.5,5998.9,6000.15,460,
2024-10-10 11:06:00+05:30,6000.15,6000.15,5993.9,5994.5,314,
2024-10-10 11:07:00+05:30,5994.5,5995.8,5991.05,5991.85,205,
2024-10-10 11:08:00+05:30,5991.05,5994.3,5990.3,5991.5,326,
2024-10-10 11:09:00+05:30,5991.05,5994.85,5991,5991.85,164,
2024-10-10 11:10:00+05:30,5991.8,5994.8,5988,5988.05,1226,
2024-10-10 11:11:00+05:30,5989,5991.25,5985.6,5987.2,754,
2024-10-10 11:12:00+05:30,5987.2,5994.7,5987.2,5992.8,2698,
2024-10-10 11:13:00+05:30,5992.8,5993.15,5992.3,5993.15,250,
2024-10-10 11:14:00+05:30,5993.6,5994,5988.5,5988.8,332,
2024-10-10 11:15:00+05:30,5988.5,5992.65,5988,5989.9,1823,
2024-10-10 11:16:00+05:30,5989.9,5992.2,5989,5989.65,200,
2024-10-10 11:17:00+05:30,5989.65,5991.95,5988,5990,348,
2024-10-10 11:18:00+05:30,5988.1,5990,5985,5985.45,535,
2024-10-10 11:19:00+05:30,5985.45,5990.8,5985.45,5989.9,305,
2024-10-10 11:20:00+05:30,5989.9,5990.95,5987.5,5990,238,
2024-10-10 11:21:00+05:30,5990,5993.9,5990,5990.05,269,
2024-10-10 11:22:00+05:30,5991.75,5991.75,5990.1,5990.1,121,
2024-10-10 11:23:00+05:30,5990.1,5991.05,5988,5988,253,
2024-10-10 11:24:00+05:30,5988,5988,5985,5985.8,312,
2024-10-10 11:25:00+05:30,5985.8,5988,5984,5984.1,319,
2024-10-10 11:26:00+05:30,5984.1,5990.1,5982.1,5983.25,730,
2024-10-10 11:27:00+05:30,5983.25,5983.8,5982,5982.55,1080,
2024-10-10 11:28:00+05:30,5982.55,5983.8,5980,5980,517,
2024-10-10 11:29:00+05:30,5980,5981.75,5980,5981,285,
2024-10-10 11:30:00+05:30,5981,5986,5980.25,5984.1,998,
2024-10-10 11:31:00+05:30,5984.1,5986.25,5980.1,5980.1,602,
2024-10-10 11:32:00+05:30,5980.65,5980.65,5975.5,5978,829,
2024-10-10 11:33:00+05:30,5980,5980,5978,5979.65,361,
2024-10-10 11:34:00+05:30,5979.6,5980,5975,5977,495,
2024-10-10 11:35:00+05:30,5977,5979,5973.85,5974.4,908,
2024-10-10 11:36:00+05:30,5976,5976,5972.3,5973.9,782,
2024-10-10 11:37:00+05:30,5973.9,5979,5973.9,5978.65,760,
2024-10-10 11:38:00+05:30,5978.65,5978.65,5977,5978.3,424,
2024-10-10 11:39:00+05:30,5977.9,5977.9,5972,5972.95,1173,
2024-10-10 11:40:00+05:30,5972.95,5978,5972.95,5975.05,658,
2024-10-10 11:41:00+05:30,5977.95,5978,5974.15,5977.5,389,
2024-10-10 11:42:00+05:30,5977.45,5979,5976.4,5979,1873,
2024-10-10 11:43:00+05:30,5979,5979,5975.65,5976.55,651,
2024-10-10 11:44:00+05:30,5977,5985,5976.45,5985,3743,
2024-10-10 11:45:00+05:30,5985,5985,5975,5975.95,642,
2024-10-10 11:46:00+05:30,5975.95,5976.75,5972,5974.8,1266,
2024-10-10 11:47:00+05:30,5974.8,5974.9,5971.05,5972.4,763,
2024-10-10 11:48:00+05:30,5972.4,5975,5972.4,5973.85,193,
2024-10-10 11:49:00+05:30,5973.85,5975,5966.65,5970,1238,
2024-10-10 11:50:00+05:30,5970,5975.4,5967.8,5975.4,514,
2024-10-10 11:51:00+05:30,5975.4,5976.05,5973.85,5974.45,211,
2024-10-10 11:52:00+05:30,5974.45,5976,5972.95,5976,184,
2024-10-10 11:53:00+05:30,5976,5976,5971.1,5971.1,262,
2024-10-10 11:54:00+05:30,5971.1,5972,5971,5971.5,179,
2024-10-10 11:55:00+05:30,5971.7,5976.7,5971.6,5974,772,
2024-10-10 11:56:00+05:30,5976.2,5979,5974,5978.6,803,
2024-10-10 11:57:00+05:30,5978.6,5979,5976.55,5977.65,635,
2024-10-10 11:58:00+05:30,5977.05,5979,5977.05,5977.95,679,
2024-10-10 11:59:00+05:30,5977.9,5977.9,5976.65,5977.7,183,
2024-10-10 12:00:00+05:30,5977.7,5977.7,5977.25,5977.25,142,
2024-10-10 12:01:00+05:30,5977.25,5977.25,5973,5973.2,229,
2024-10-10 12:02:00+05:30,5973.2,5979,5972.7,5979,148,
2024-10-10 12:03:00+05:30,5976.7,5986,5976.7,5983.6,1426,
2024-10-10 12:04:00+05:30,5983.6,5987.2,5980.05,5982.85,946,
2024-10-10 12:05:00+05:30,5982.85,5986.6,5976.3,5976.65,496,
2024-10-10 12:06:00+05:30,5976.65,5978.7,5975.25,5976.6,293,
2024-10-10 12:07:00+05:30,5974.55,5975.9,5970.95,5971.55,677,
2024-10-10 12:08:00+05:30,5973.05,5974,5971.05,5973,490,
2024-10-10 12:09:00+05:30,5973,5974,5972.35,5973.15,222,
2024-10-10 12:10:00+05:30,5973.15,5974.95,5971.05,5971.1,353,
2024-10-10 12:11:00+05:30,5971.1,5971.6,5970,5970,203,
2024-10-10 12:12:00+05:30,5970,5970.6,5968.15,5969.65,426,
2024-10-10 12:13:00+05:30,5970.6,5971.45,5970.6,5971.45,145,
2024-10-10 12:14:00+05:30,5971.45,5973.7,5966.55,5970.75,877,
2024-10-10 12:15:00+05:30,5970.75,5971.65,5968,5971.65,328,
2024-10-10 12:16:00+05:30,5971.65,5976.15,5971.35,5976.15,288,
2024-10-10 12:17:00+05:30,5976.15,5976.9,5973.45,5973.45,389,
2024-10-10 12:18:00+05:30,5973.45,5975.95,5971.65,5975.95,416,
2024-10-10 12:19:00+05:30,5975.95,5977.8,5973.15,5976,340,
2024-10-10 12:20:00+05:30,5976,5976,5966.5,5968.2,472,
2024-10-10 12:21:00+05:30,5968.2,5971.95,5968.2,5971.7,431,
2024-10-10 12:22:00+05:30,5971.7,5972.35,5970.65,5970.8,322,
2024-10-10 12:23:00+05:30,5970.85,5970.85,5966.5,5968.25,310,
2024-10-10 12:24:00+05:30,5968.25,5968.25,5964.05,5964.4,380,
2024-10-10 12:25:00+05:30,5963.45,5965,5962,5964.2,792,
2024-10-10 12:26:00+05:30,5964.2,5968,5964,5965.3,409,
2024-10-10 12:27:00+05:30,5965.7,5965.95,5964.75,5965.2,238,
2024-10-10 12:28:00+05:30,5965.2,5965.2,5962,5962.75,198,
2024-10-10 12:29:00+05:30,5962.75,5965,5961,5964.25,1459,
2024-10-10 12:30:00+05:30,5964.5,5965.7,5952.05,5957,2536,
2024-10-10 12:31:00+05:30,5955.9,5957,5945.35,5950,2732,
2024-10-10 12:32:00+05:30,5948.25,5955.9,5947.25,5955.9,1652,
2024-10-10 12:33:00+05:30,5955.9,5955.9,5950,5950,1265,
2024-10-10 12:34:00+05:30,5950,5954.35,5948.85,5948.85,1386,
2024-10-10 12:35:00+05:30,5948.85,5950,5946.5,5949.45,462,
2024-10-10 12:36:00+05:30,5949.45,5955,5949.4,5951.6,3794,
2024-10-10 12:37:00+05:30,5951.6,5954.85,5951.55,5951.55,2747,
2024-10-10 12:38:00+05:30,5951.55,5954.7,5951.55,5953.05,5260,
2024-10-10 12:39:00+05:30,5953.05,5954.95,5953,5954.75,1096,
2024-10-10 12:40:00+05:30,5954.75,5955.85,5954,5954.8,1138,
2024-10-10 12:41:00+05:30,5955,5955,5952.2,5953,531,
2024-10-10 12:42:00+05:30,5953,5953.3,5948,5948.9,5072,
2024-10-10 12:43:00+05:30,5948.9,5950.15,5948.4,5949.8,1752,
2024-10-10 12:44:00+05:30,5949.8,5950,5945,5948.3,920,
2024-10-10 12:45:00+05:30,5948.3,5949.5,5947.05,5947.7,316,
2024-10-10 12:46:00+05:30,5947.7,5948.5,5947.65,5947.95,123,
2024-10-10 12:47:00+05:30,5947.95,5950,5947.1,5948.2,456,
2024-10-10 12:48:00+05:30,5948.2,5950,5945,5946.85,739,
2024-10-10 12:49:00+05:30,5946.85,5947.5,5943,5947,1732,
2024-10-10 12:50:00+05:30,5947,5950,5947,5948.15,658,
2024-10-10 12:51:00+05:30,5948.15,5948.7,5947.25,5947.25,128,
2024-10-10 12:52:00+05:30,5947,5947.9,5945.15,5946.7,714,
2024-10-10 12:53:00+05:30,5946.7,5950,5945,5945.05,614,
2024-10-10 12:54:00+05:30,5945,5949.8,5945,5948.15,737,
2024-10-10 12:55:00+05:30,5948.15,5949.9,5948.15,5948.8,411,
2024-10-10 12:56:00+05:30,5949.3,5950,5948.5,5948.55,164,
2024-10-10 12:57:00+05:30,5948.55,5950,5948,5948,289,
2024-10-10 12:58:00+05:30,5948,5948,5942.1,5942.55,367,
2024-10-10 12:59:00+05:30,5944.1,5944.1,5941.75,5942.4,357,
2024-10-10 13:00:00+05:30,5942.55,5943.5,5942.3,5943.3,108,
2024-10-10 13:01:00+05:30,5943.3,5943.85,5941.7,5941.7,309,
2024-10-10 13:02:00+05:30,5941.7,5948,5941.7,5948,969,
2024-10-10 13:03:00+05:30,5948,5950,5946.05,5947.65,739,
2024-10-10 13:04:00+05:30,5947.65,5947.65,5943.6,5944,240,
2024-10-10 13:05:00+05:30,5944,5945.6,5943.4,5944.55,166,
2024-10-10 13:06:00+05:30,5944.55,5945,5943.6,5943.6,364,
2024-10-10 13:07:00+05:30,5943.6,5947.5,5942.65,5947.5,788,
2024-10-10 13:08:00+05:30,5947.2,5951,5947.2,5951,495,
2024-10-10 13:09:00+05:30,5951,5951,5949.2,5950.7,385,
2024-10-10 13:10:00+05:30,5950.7,5954.65,5949,5953.2,643,
2024-10-10 13:11:00+05:30,5953.2,5954,5948.55,5952.3,839,
2024-10-10 13:12:00+05:30,5953.65,5953.65,5951,5951.55,238,
2024-10-10 13:13:00+05:30,5951.55,5951.9,5947.65,5948.55,627,
2024-10-10 13:14:00+05:30,5948.55,5949.75,5944.9,5946.6,464,
2024-10-10 13:15:00+05:30,5948.3,5950,5947.4,5949.9,542,
2024-10-10 13:16:00+05:30,5949.9,5950,5949,5949.5,415,
2024-10-10 13:17:00+05:30,5949.05,5950,5948.85,5949.35,345,
2024-10-10 13:18:00+05:30,5949.35,5949.95,5948.25,5948.95,276,
2024-10-10 13:19:00+05:30,5948.95,5950.5,5948.1,5950.35,154,
2024-10-10 13:20:00+05:30,5948.15,5950.25,5943.85,5943.85,565,
2024-10-10 13:21:00+05:30,5943.85,5946.7,5943.8,5946.7,249,
2024-10-10 13:22:00+05:30,5946.7,5950.7,5945.3,5947.4,333,
2024-10-10 13:23:00+05:30,5947.4,5947.95,5945,5945,304,
2024-10-10 13:24:00+05:30,5947,5951.9,5945.1,5946.65,1458,
2024-10-10 13:25:00+05:30,5946.65,5948.2,5945.4,5948.2,618,
2024-10-10 13:26:00+05:30,5948.2,5948.2,5946,5947.4,410,
2024-10-10 13:27:00+05:30,5947.4,5947.4,5946.05,5947.2,555,
2024-10-10 13:28:00+05:30,5947.2,5949.4,5943,5945.75,1095,
2024-10-10 13:29:00+05:30,5947.5,5947.5,5940,5942.85,1219,
2024-10-10 13:30:00+05:30,5942.55,5942.8,5933,5934.15,2656,
2024-10-10 13:31:00+05:30,5934.3,5935.65,5927.6,5930,1896,
2024-10-10 13:32:00+05:30,5927,5930.15,5920.3,5927,2679,
2024-10-10 13:33:00+05:30,5927,5937.7,5927,5934,794,
2024-10-10 13:34:00+05:30,5933.2,5935,5931.65,5935,884,
2024-10-10 13:35:00+05:30,5935,5937,5934.45,5937,1353,
2024-10-10 13:36:00+05:30,5936.45,5937,5933.15,5935,345,
2024-10-10 13:37:00+05:30,5935,5935,5931.95,5932.6,436,
2024-10-10 13:38:00+05:30,5934.7,5942.45,5933.55,5942,1066,
2024-10-10 13:39:00+05:30,5942,5942,5938.05,5940.15,541,
2024-10-10 13:40:00+05:30,5940.15,5947.6,5940.15,5947.6,600,
2024-10-10 13:41:00+05:30,5947.6,5947.6,5940,5942.9,1039,
2024-10-10 13:42:00+05:30,5942.9,5944.1,5940,5940.2,195,
2024-10-10 13:43:00+05:30,5940.2,5943.75,5940,5942.65,590,
2024-10-10 13:44:00+05:30,5942.65,5945,5940.85,5943.05,346,
2024-10-10 13:45:00+05:30,5943.05,5943.95,5940,5941.3,335,
2024-10-10 13:46:00+05:30,5941.5,5942.55,5940,5940.2,114,
2024-10-10 13:47:00+05:30,5940.2,5944.95,5940,5942.9,455,
2024-10-10 13:48:00+05:30,5942.9,5946.8,5942.8,5945,407,
2024-10-10 13:49:00+05:30,5946,5950,5946,5949.45,551,
2024-10-10 13:50:00+05:30,5947.05,5952.45,5947.05,5949,674,
2024-10-10 13:51:00+05:30,5949.55,5949.6,5945,5945,251,
2024-10-10 13:52:00+05:30,5945.75,5947.3,5945,5945.85,481,
2024-10-10 13:53:00+05:30,5946.25,5951.1,5944.85,5951.1,1871,
2024-10-10 13:54:00+05:30,5952,5952,5948.25,5951.1,439,
2024-10-10 13:55:00+05:30,5951.1,5952.85,5948.3,5949.85,628,
2024-10-10 13:56:00+05:30,5949.85,5957.45,5949.85,5956.8,6127,
2024-10-10 13:57:00+05:30,5957.45,5964,5957.1,5960,1634,
2024-10-10 13:58:00+05:30,5960,5960,5950.95,5951.6,383,
2024-10-10 13:59:00+05:30,5951,5954.25,5951,5953.2,653,
2024-10-10 14:00:00+05:30,5953.2,5956.75,5952,5954.95,2037,
2024-10-10 14:01:00+05:30,5954.95,5957.8,5952.65,5954.6,3099,
2024-10-10 14:02:00+05:30,5954.6,5956.95,5952.65,5955.85,5844,
2024-10-10 14:03:00+05:30,5955.85,5959,5955.75,5956.05,1232,
2024-10-10 14:04:00+05:30,5956.05,5959.95,5956.05,5959.9,351,
2024-10-10 14:05:00+05:30,5959.5,5964.95,5959.5,5961.4,10758,
2024-10-10 14:06:00+05:30,5963.35,5964.95,5960,5960,10877,
2024-10-10 14:07:00+05:30,5961.9,5962.45,5958.9,5962.2,14169,
2024-10-10 14:08:00+05:30,5962.2,5962.45,5953.1,5959.7,16640,
2024-10-10 14:09:00+05:30,5959.7,5966.7,5959.7,5966.2,9065,
2024-10-10 14:10:00+05:30,5966.2,5967.45,5964.2,5964.2,670,
2024-10-10 14:11:00+05:30,5964.2,5964.9,5960,5960.3,23801,
2024-10-10 14:12:00+05:30,5960.3,5965.6,5960,5963.05,17892,
2024-10-10 14:13:00+05:30,5963.05,5964.9,5956.15,5957.95,6786,
2024-10-10 14:14:00+05:30,5957.4,5958.4,5950,5951.15,486,
2024-10-10 14:15:00+05:30,5951.15,5952.25,5946.05,5946.85,376,
2024-10-10 14:16:00+05:30,5946.85,5951.75,5946.7,5949.7,484,
2024-10-10 14:17:00+05:30,5949.7,5952.1,5949.7,5950.8,229,
2024-10-10 14:18:00+05:30,5950.8,5951.6,5950,5950.05,176,
2024-10-10 14:19:00+05:30,5951,5951.9,5950,5950.35,211,
2024-10-10 14:20:00+05:30,5950.6,5955.95,5950.3,5955.25,729,
2024-10-10 14:21:00+05:30,5955.25,5955.25,5950.15,5950.55,276,
2024-10-10 14:22:00+05:30,5950.55,5951,5945.95,5947.3,595,
2024-10-10 14:23:00+05:30,5946.3,5946.3,5940.1,5943.6,897,
2024-10-10 14:24:00+05:30,5942.25,5944.25,5940.9,5941.3,453,
2024-10-10 14:25:00+05:30,5941.3,5944.25,5939.55,5940.6,1019,
2024-10-10 14:26:00+05:30,5940.55,5944.3,5940,5941.85,651,
2024-10-10 14:27:00+05:30,5941.85,5944.35,5941.15,5941.15,226,
2024-10-10 14:28:00+05:30,5941.15,5946.9,5940.75,5942.2,760,
2024-10-10 14:29:00+05:30,5942.6,5945.2,5942.6,5943.05,401,
2024-10-10 14:30:00+05:30,5943.05,5944.85,5940.05,5942.8,778,
2024-10-10 14:31:00+05:30,5941.3,5941.3,5935,5935,962,
2024-10-10 14:32:00+05:30,5935.85,5937.8,5930.4,5931.95,803,
2024-10-10 14:33:00+05:30,5931.95,5932.55,5931,5931.05,1646,
2024-10-10 14:34:00+05:30,5931.05,5932.55,5928.3,5930.7,585,
2024-10-10 14:35:00+05:30,5931,5937.7,5930.95,5934.4,1515,
2024-10-10 14:36:00+05:30,5935.6,5941.4,5935.45,5938.55,1417,
2024-10-10 14:37:00+05:30,5938.55,5940,5937.5,5939.85,255,
2024-10-10 14:38:00+05:30,5939.85,5939.85,5930,5934.8,581,
2024-10-10 14:39:00+05:30,5934.8,5939.45,5933.2,5938.55,2156,
2024-10-10 14:40:00+05:30,5938.55,5939.25,5935,5937.7,659,
2024-10-10 14:41:00+05:30,5936.1,5938.9,5935.05,5935.5,395,
2024-10-10 14:42:00+05:30,5935.6,5938.1,5932.75,5934.05,452,
2024-10-10 14:43:00+05:30,5934.05,5934.95,5932.75,5933.05,1131,
2024-10-10 14:44:00+05:30,5935.55,5935.55,5930.3,5934.25,684,
2024-10-10 14:45:00+05:30,5934.25,5947.5,5930.5,5943.75,2611,
2024-10-10 14:46:00+05:30,5943.9,5944.2,5938.3,5943.6,272,
2024-10-10 14:47:00+05:30,5943.6,5944.3,5941.75,5941.75,192,
2024-10-10 14:48:00+05:30,5941.75,5943.4,5940.5,5942.95,185,
2024-10-10 14:49:00+05:30,5942.6,5942.95,5938.75,5941.55,1044,
2024-10-10 14:50:00+05:30,5941.1,5947.95,5939.85,5945.45,767,
2024-10-10 14:51:00+05:30,5945.45,5950.3,5944.35,5945.45,1664,
2024-10-10 14:52:00+05:30,5945.45,5947.4,5943.05,5947,834,
2024-10-10 14:53:00+05:30,5947,5947,5943,5943.25,440,
2024-10-10 14:54:00+05:30,5943.25,5949.75,5941.65,5948.95,1091,
2024-10-10 14:55:00+05:30,5947.05,5949.85,5945.45,5947.15,835,
2024-10-10 14:56:00+05:30,5947.1,5948.85,5945,5945,379,
2024-10-10 14:57:00+05:30,5944.35,5947.55,5943.05,5943.6,707,
2024-10-10 14:58:00+05:30,5942,5946,5940.75,5943.95,864,
2024-10-10 14:59:00+05:30,5943.9,5948.15,5942.85,5947.5,796,
2024-10-10 15:00:00+05:30,5947.5,5947.7,5941.95,5945.7,991,
2024-10-10 15:01:00+05:30,5945.7,5945.85,5942.4,5942.75,1122,
2024-10-10 15:02:00+05:30,5942.8,5942.8,5941,5942.15,625,
2024-10-10 15:03:00+05:30,5942.5,5942.5,5941,5942.1,494,
2024-10-10 15:04:00+05:30,5942.15,5945.65,5935.45,5938,1403,
2024-10-10 15:05:00+05:30,5938.05,5940.95,5938.05,5940.7,422,
2024-10-10 15:06:00+05:30,5940.75,5941,5936.05,5938.5,1626,
2024-10-10 15:07:00+05:30,5938.5,5939.85,5937.65,5939.7,1074,
2024-10-10 15:08:00+05:30,5939.7,5939.7,5938,5938.15,1211,
2024-10-10 15:09:00+05:30,5938.15,5940.8,5937,5940.8,906,
2024-10-10 15:10:00+05:30,5940.9,5943.45,5939.45,5942.9,814,
2024-10-10 15:11:00+05:30,5942.9,5943.7,5939.25,5943.55,1305,
2024-10-10 15:12:00+05:30,5943.55,5944.45,5938,5939.2,1680,
2024-10-10 15:13:00+05:30,5938,5943.55,5936.6,5942.75,2226,
2024-10-10 15:14:00+05:30,5942.75,5943.95,5942,5943.5,1105,
2024-10-10 15:15:00+05:30,5943.75,5943.95,5939.6,5942.9,2364,
2024-10-10 15:16:00+05:30,5939.9,5942.7,5938.35,5941.05,1528,
2024-10-10 15:17:00+05:30,5941.15,5941.95,5940,5941.6,1979,
2024-10-10 15:18:00+05:30,5941.85,5941.85,5938.2,5941,1510,
2024-10-10 15:19:00+05:30,5939.9,5945,5938.1,5944.9,2125,
2024-10-10 15:20:00+05:30,5944.95,5946.55,5940.7,5940.7,2340,
2024-10-10 15:21:00+05:30,5940.4,5945,5940.05,5944.3,2620,
2024-10-10 15:22:00+05:30,5944.3,5944.95,5943.45,5943.75,1327,
2024-10-10 15:23:00+05:30,5943.75,5945.15,5938.4,5941.45,1847,
2024-10-10 15:24:00+05:30,5940.25,5945.05,5938.6,5944,2411,
2024-10-10 15:25:00+05:30,5943.95,5945.8,5943.95,5944.35,1545,
2024-10-10 15:26:00+05:30,5944.35,5944.45,5940.35,5943.45,1076,
2024-10-10 15:27:00+05:30,5943.15,5947.9,5943.15,5946.45,2342,
2024-10-10 15:28:00+05:30,5946.45,5946.55,5937.8,5944,2139,
2024-10-10 15:29:00+05:30,5940,5950,5940,5950,830,
2024-10-11 09:15:00+05:30,5975,5995,5958.9,5963.65,7461,
2024-10-11 09:16:00+05:30,5968.05,5999,5961.1,5999,2130,
2024-10-11 09:17:00+05:30,5999,6007.75,5991.15,6001.45,6212,
2024-10-11 09:18:00+05:30,6001.45,6008.2,5994.8,6006.6,2582,
2024-10-11 09:19:00+05:30,6006.6,6007.95,5990.45,5990.45,2883,
2024-10-11 09:20:00+05:30,5993.4,6003.25,5976.55,5999.3,5429,
2024-10-11 09:21:00+05:30,6003.2,6016.05,5995.25,6016.05,5612,
2024-10-11 09:22:00+05:30,6016.3,6025,6012.5,6025,5539,
2024-10-11 09:23:00+05:30,6025,6045,6021.6,6042.45,10263,
2024-10-11 09:24:00+05:30,6045.1,6047.2,6040,6044.9,5942,
2024-10-11 09:25:00+05:30,6045,6063,6044.05,6055.65,8208,
2024-10-11 09:26:00+05:30,6055,6070,6052.7,6066.4,11180,
2024-10-11 09:27:00+05:30,6066,6079,6060.5,6074.1,13840,
2024-10-11 09:28:00+05:30,6075,6085,6075,6082.5,10161,
2024-10-11 09:29:00+05:30,6078.7,6081.2,6070,6073.3,6390,
2024-10-11 09:30:00+05:30,6073.3,6088,6068,6085.1,9463,
2024-10-11 09:31:00+05:30,6085.1,6095,6082.15,6091,13510,
2024-10-11 09:32:00+05:30,6093,6094.8,6080,6080.4,13977,
2024-10-11 09:33:00+05:30,6080.4,6082.4,6068,6075.95,6719,
2024-10-11 09:34:00+05:30,6075.95,6080,6074.05,6075,3075,
2024-10-11 09:35:00+05:30,6075,6093,6072.3,6086.45,6431,
2024-10-11 09:36:00+05:30,6086.45,6090.15,6070.05,6072,3762,
2024-10-11 09:37:00+05:30,6072,6076.4,6061,6065.75,8232,
2024-10-11 09:38:00+05:30,6067,6078.2,6067,6077.5,2995,
2024-10-11 09:39:00+05:30,6076.95,6082.95,6070,6070,3544,
2024-10-11 09:40:00+05:30,6070,6075.95,6065.45,6070.4,6602,
2024-10-11 09:41:00+05:30,6070.4,6074.4,6065.2,6070,3348,
2024-10-11 09:42:00+05:30,6070,6074.95,6068,6074.95,1941,
2024-10-11 09:43:00+05:30,6074.95,6084.8,6074,6074,2654,
2024-10-11 09:44:00+05:30,6075.7,6075.7,6069.6,6073.3,1425,
2024-10-11 09:45:00+05:30,6073.3,6080.15,6070,6080.15,1480,
2024-10-11 09:46:00+05:30,6079.85,6090.15,6079.1,6083.95,8303,
2024-10-11 09:47:00+05:30,6084.1,6086,6072.35,6075.5,3253,
2024-10-11 09:48:00+05:30,6075.05,6077.7,6070.65,6072.7,2012,
2024-10-11 09:49:00+05:30,6072.7,6074,6067.3,6069.7,2972,
2024-10-11 09:50:00+05:30,6067.4,6071,6060.55,6063.4,5617,
2024-10-11 09:51:00+05:30,6066.65,6073.6,6056.85,6068.35,7407,
2024-10-11 09:52:00+05:30,6063,6066.95,6055,6057.75,3871,
2024-10-11 09:53:00+05:30,6057.65,6061.1,6048.5,6053.95,5886,
2024-10-11 09:54:00+05:30,6055.45,6057.7,6049.3,6054.15,4343,
2024-10-11 09:55:00+05:30,6054.95,6062,6051.25,6059.25,2038,
2024-10-11 09:56:00+05:30,6059.25,6061.7,6052,6054.5,1910,
2024-10-11 09:57:00+05:30,6053.55,6053.55,6041,6042.6,5242,
2024-10-11 09:58:00+05:30,6042.6,6048.8,6036.3,6040.45,4419,
2024-10-11 09:59:00+05:30,6040.45,6052.9,6040.1,6048.15,3049,
2024-10-11 10:00:00+05:30,6048.15,6052.25,6041.05,6045,2531,
2024-10-11 10:01:00+05:30,6045,6048.1,6040.1,6048.1,1823,
2024-10-11 10:02:00+05:30,6045.05,6045.05,6041.85,6044.2,422,
2024-10-11 10:03:00+05:30,6044.2,6045,6037.3,6045,1317,
2024-10-11 10:04:00+05:30,6046.7,6050,6045.8,6050,1619,
2024-10-11 10:05:00+05:30,6050,6051.3,6046.05,6048.75,1282,
2024-10-11 10:06:00+05:30,6048.5,6051.15,6045.7,6048.05,1020,
2024-10-11 10:07:00+05:30,6048,6060,6045.75,6055.1,2048,
2024-10-11 10:08:00+05:30,6055.1,6061.15,6054,6057.85,2640,
2024-10-11 10:09:00+05:30,6057.6,6060,6053.3,6057,2175,
2024-10-11 10:10:00+05:30,6057,6059.85,6054.35,6055.4,1736,
2024-10-11 10:11:00+05:30,6055.1,6059.4,6054.4,6054.55,981,
2024-10-11 10:12:00+05:30,6054.55,6059.45,6053,6058.95,1557,
2024-10-11 10:13:00+05:30,6058.95,6059.95,6056,6058.95,460,
2024-10-11 10:14:00+05:30,6058.95,6060,6053,6059,1235,
2024-10-11 10:15:00+05:30,6059,6079.05,6059,6078,9505,
2024-10-11 10:16:00+05:30,6078,6078,6068.95,6070.7,4275,
2024-10-11 10:17:00+05:30,6070.7,6078,6068.25,6076.3,2713,
2024-10-11 10:18:00+05:30,6076.4,6076.85,6067.55,6070.8,1743,
2024-10-11 10:19:00+05:30,6070.8,6070.8,6065.05,6065.75,1048,
2024-10-11 10:20:00+05:30,6065.75,6072,6063.55,6069.9,1598,
2024-10-11 10:21:00+05:30,6069.9,6076,6069.9,6075,956,
2024-10-11 10:22:00+05:30,6075,6085,6073.1,6083,5742,
2024-10-11 10:23:00+05:30,6080.3,6082.95,6078,6079.05,1189,
2024-10-11 10:24:00+05:30,6079.05,6094,6078.5,6090.9,6665,
2024-10-11 10:25:00+05:30,6090.9,6109.95,6090.8,6097.9,15403,
2024-10-11 10:26:00+05:30,6095.15,6103,6092.05,6101,4909,
2024-10-11 10:27:00+05:30,6100,6101.55,6096.3,6098.2,2586,
2024-10-11 10:28:00+05:30,6098.2,6099.85,6092,6092,2434,
2024-10-11 10:29:00+05:30,6092,6093.05,6086.6,6087,3380,
2024-10-11 10:30:00+05:30,6087,6090,6080.05,6084.35,4785,
2024-10-11 10:31:00+05:30,6084.35,6084.35,6069.35,6071.95,7672,
2024-10-11 10:32:00+05:30,6072.1,6078.9,6071.7,6078.9,1964,
2024-10-11 10:33:00+05:30,6078.9,6080.7,6075,6080,1249,
2024-10-11 10:34:00+05:30,6080,6080,6076,6077.6,684,
2024-10-11 10:35:00+05:30,6077,6083.95,6076.6,6079.3,1507,
2024-10-11 10:36:00+05:30,6076.05,6085,6076.05,6082.15,1243,
2024-10-11 10:37:00+05:30,6082.15,6087,6082,6082.45,2569,
2024-10-11 10:38:00+05:30,6082.45,6089,6082.45,6088.2,1171,
2024-10-11 10:39:00+05:30,6089.35,6090,6084.05,6085,3425,
2024-10-11 10:40:00+05:30,6085,6086.9,6082.5,6083.15,1115,
2024-10-11 10:41:00+05:30,6083.25,6086,6082.5,6085,579,
2024-10-11 10:42:00+05:30,6082.55,6085,6082.5,6085,363,
2024-10-11 10:43:00+05:30,6085,6086,6082.5,6083,1821,
2024-10-11 10:44:00+05:30,6085.55,6085.7,6080.65,6084,1508,
2024-10-11 10:45:00+05:30,6084,6084.8,6076,6076.95,2668,
2024-10-11 10:46:00+05:30,6077.4,6080.55,6073.05,6080.55,2109,
2024-10-11 10:47:00+05:30,6077.85,6082,6075.45,6081.8,434,
2024-10-11 10:48:00+05:30,6081.8,6086,6080,6085,533,
2024-10-11 10:49:00+05:30,6085,6085,6079.7,6082.4,3556,
2024-10-11 10:50:00+05:30,6082.4,6082.5,6080.15,6082.05,374,
2024-10-11 10:51:00+05:30,6082.05,6082.05,6080.1,6081,523,
2024-10-11 10:52:00+05:30,6080.1,6085.5,6080.1,6083,856,
2024-10-11 10:53:00+05:30,6083,6083.95,6080,6080,1653,
2024-10-11 10:54:00+05:30,6080,6084,6080,6083.5,524,
2024-10-11 10:55:00+05:30,6081.45,6084,6080.15,6080.55,549,
2024-10-11 10:56:00+05:30,6080.55,6083.5,6079.05,6082.9,1236,
2024-10-11 10:57:00+05:30,6079.95,6086,6079.95,6080,3588,
2024-10-11 10:58:00+05:30,6080,6082,6075.1,6075.6,743,
2024-10-11 10:59:00+05:30,6075.55,6075.55,6065.15,6069.2,4919,
2024-10-11 11:00:00+05:30,6069.25,6069.25,6063.25,6068.65,3780,
2024-10-11 11:01:00+05:30,6068.65,6072.55,6065.15,6068.45,846,
2024-10-11 11:02:00+05:30,6068.2,6072,6068,6071,595,
2024-10-11 11:03:00+05:30,6071,6071.45,6068.05,6068.2,392,
2024-10-11 11:04:00+05:30,6071.05,6071.55,6068.2,6070,808,
2024-10-11 11:05:00+05:30,6068.55,6070,6059.05,6061,4619,
2024-10-11 11:06:00+05:30,6061,6065.95,6060.2,6065,1407,
2024-10-11 11:07:00+05:30,6063.55,6065.95,6063,6065,298,
2024-10-11 11:08:00+05:30,6065,6069,6062.35,6064.2,744,
2024-10-11 11:09:00+05:30,6065,6067.95,6060,6063.45,620,
2024-10-11 11:10:00+05:30,6063.5,6067.75,6063.5,6066.35,477,
2024-10-11 11:11:00+05:30,6066.35,6069.7,6066.05,6066.25,417,
2024-10-11 11:12:00+05:30,6066.25,6069.95,6066,6066,530,
2024-10-11 11:13:00+05:30,6066,6074.75,6066,6072.5,1380,
2024-10-11 11:14:00+05:30,6072,6075.4,6072,6072.1,582,
2024-10-11 11:15:00+05:30,6073.1,6081.35,6073.1,6077,1706,
2024-10-11 11:16:00+05:30,6077,6080.9,6074.3,6077.1,1695,
2024-10-11 11:17:00+05:30,6077,6084.5,6077,6082.9,2734,
2024-10-11 11:18:00+05:30,6082.9,6085,6080.2,6084.75,1117,
2024-10-11 11:19:00+05:30,6083.85,6084,6079.75,6080.75,1078,
2024-10-11 11:20:00+05:30,6080.75,6082.25,6076.05,6078.65,1791,
2024-10-11 11:21:00+05:30,6078.7,6081.55,6075.75,6079.25,381,
2024-10-11 11:22:00+05:30,6078.15,6079.55,6075,6075,898,
2024-10-11 11:23:00+05:30,6075,6075,6069.5,6069.5,726,
2024-10-11 11:24:00+05:30,6069.5,6069.9,6065,6066,950,
2024-10-11 11:25:00+05:30,6066,6069.6,6063,6069.35,1298,
2024-10-11 11:26:00+05:30,6069.35,6077.45,6068,6077.45,1280,
2024-10-11 11:27:00+05:30,6077.65,6077.65,6072.6,6077.4,1866,
2024-10-11 11:28:00+05:30,6077.4,6084.65,6076.35,6084,1763,
2024-10-11 11:29:00+05:30,6083,6086,6079,6085.5,4206,
2024-10-11 11:30:00+05:30,6085.5,6086,6080.25,6082.5,1833,
2024-10-11 11:31:00+05:30,6082.5,6083.95,6080.25,6083.95,1121,
2024-10-11 11:32:00+05:30,6083.95,6083.95,6080.25,6081,372,
2024-10-11 11:33:00+05:30,6082,6083.05,6079,6079.95,1525,
2024-10-11 11:34:00+05:30,6079,6081.75,6077.75,6080,795,
2024-10-11 11:35:00+05:30,6080,6084.4,6077.45,6084.4,1367,
2024-10-11 11:36:00+05:30,6084.4,6086,6082.15,6086,724,
2024-10-11 11:37:00+05:30,6086,6086,6083.05,6086,943,
2024-10-11 11:38:00+05:30,6085,6090,6083.4,6090,13233,
2024-10-11 11:39:00+05:30,6090,6094.9,6088.25,6094.1,2834,
2024-10-11 11:40:00+05:30,6090.75,6094.05,6088,6091.55,1977,
2024-10-11 11:41:00+05:30,6089.95,6091.35,6084.75,6086.5,2215,
2024-10-11 11:42:00+05:30,6086.15,6089.9,6085.55,6088.85,598,
2024-10-11 11:43:00+05:30,6088.85,6089,6082.85,6084.4,3691,
2024-10-11 11:44:00+05:30,6084.4,6086,6081.9,6084.05,903,
2024-10-11 11:45:00+05:30,6084.05,6085.9,6081.45,6085.75,687,
2024-10-11 11:46:00+05:30,6085.75,6086,6082.95,6085.5,2314,
2024-10-11 11:47:00+05:30,6085.5,6086,6082.85,6083.05,418,
2024-10-11 11:48:00+05:30,6083.05,6086,6083.05,6085.6,402,
2024-10-11 11:49:00+05:30,6085.6,6086,6082.4,6085.8,724,
2024-10-11 11:50:00+05:30,6085.9,6092,6085.9,6092,6808,
2024-10-11 11:51:00+05:30,6092,6099.4,6081.05,6081.8,8935,
2024-10-11 11:52:00+05:30,6081.8,6085.6,6080,6082.6,2487,
2024-10-11 11:53:00+05:30,6082.6,6085.6,6080.6,6083.05,1903,
2024-10-11 11:54:00+05:30,6083.75,6084.55,6076.05,6082.4,2988,
2024-10-11 11:55:00+05:30,6082.4,6083.6,6079.4,6079.6,551,
2024-10-11 11:56:00+05:30,6079.75,6082.9,6078.5,6081.95,543,
2024-10-11 11:57:00+05:30,6081.95,6082.75,6076.05,6078.45,1331,
2024-10-11 11:58:00+05:30,6077.45,6080.5,6075.45,6078,1071,
2024-10-11 11:59:00+05:30,6078,6081.4,6075,6081.05,696,
2024-10-11 12:00:00+05:30,6081.05,6082,6078.25,6080.35,367,
2024-10-11 12:01:00+05:30,6080.35,6082.05,6080,6082,369,
2024-10-11 12:02:00+05:30,6081,6082,6080,6081.05,356,
2024-10-11 12:03:00+05:30,6081.05,6083.25,6080,6082.55,504,
2024-10-11 12:04:00+05:30,6080.9,6085,6080.9,6085,569,
2024-10-11 12:05:00+05:30,6085,6085,6081,6081,422,
2024-10-11 12:06:00+05:30,6080,6085,6080,6082,1031,
2024-10-11 12:07:00+05:30,6082,6084.7,6080.2,6084.7,232,
2024-10-11 12:08:00+05:30,6084.7,6084.7,6080.75,6084,430,
2024-10-11 12:09:00+05:30,6084,6086,6081,6086,783,
2024-10-11 12:10:00+05:30,6085.95,6086,6082.65,6085.55,605,
2024-10-11 12:11:00+05:30,6085.55,6085.65,6083.1,6085.5,447,
2024-10-11 12:12:00+05:30,6083.7,6085.45,6081,6083.45,455,
2024-10-11 12:13:00+05:30,6082.25,6085.5,6081.3,6082.3,783,
2024-10-11 12:14:00+05:30,6082.3,6086,6082.3,6086,827,
2024-10-11 12:15:00+05:30,6086,6086,6083.5,6086,329,
2024-10-11 12:16:00+05:30,6086,6086,6081.65,6084.5,393,
2024-10-11 12:17:00+05:30,6084.5,6086,6082.3,6082.55,476,
2024-10-11 12:18:00+05:30,6084,6085.85,6083.05,6085,318,
2024-10-11 12:19:00+05:30,6085,6085.9,6081.4,6084.35,719,
2024-10-11 12:20:00+05:30,6083.1,6085,6081.35,6083.75,335,
2024-10-11 12:21:00+05:30,6083.75,6085,6081.4,6083.7,533,
2024-10-11 12:22:00+05:30,6083.7,6085,6082.05,6085,343,
2024-10-11 12:23:00+05:30,6085,6085,6082.25,6082.25,248,
2024-10-11 12:24:00+05:30,6082.3,6084.75,6081,6084,494,
2024-10-11 12:25:00+05:30,6082.65,6085,6080.6,6084.9,500,
2024-10-11 12:26:00+05:30,6085,6086,6082.7,6086,2512,
2024-10-11 12:27:00+05:30,6084.55,6086,6082.25,6082.5,677,
2024-10-11 12:28:00+05:30,6082.5,6084,6082.5,6083.8,290,
2024-10-11 12:29:00+05:30,6083.8,6086,6082.5,6086,775,
2024-10-11 12:30:00+05:30,6085,6086,6081.7,6083,400,
2024-10-11 12:31:00+05:30,6083,6084.85,6080.3,6080.9,1189,
2024-10-11 12:32:00+05:30,6082.75,6084,6080,6084,754,
2024-10-11 12:33:00+05:30,6082.8,6084.6,6080.05,6080.05,813,
2024-10-11 12:34:00+05:30,6082.85,6084,6080.05,6080.5,758,
2024-10-11 12:35:00+05:30,6082.05,6084,6079.95,6079.95,1537,
2024-10-11 12:36:00+05:30,6079.6,6084,6077.25,6083.25,536,
2024-10-11 12:37:00+05:30,6082.1,6082.1,6077,6080.15,656,
2024-10-11 12:38:00+05:30,6080.15,6082.4,6079,6080.75,405,
2024-10-11 12:39:00+05:30,6080.75,6080.9,6076,6076.6,800,
2024-10-11 12:40:00+05:30,6075,6080,6075,6076.8,663,
2024-10-11 12:41:00+05:30,6076.8,6079,6075.5,6076.2,1892,
2024-10-11 12:42:00+05:30,6076.2,6076.2,6072,6073.15,1019,
2024-10-11 12:43:00+05:30,6073.2,6074.05,6070,6072.55,1468,
2024-10-11 12:44:00+05:30,6072.55,6076,6072.55,6074.6,529,
2024-10-11 12:45:00+05:30,6074.6,6077.1,6073,6075.9,742,
2024-10-11 12:46:00+05:30,6074.4,6075.9,6073,6074.65,383,
2024-10-11 12:47:00+05:30,6073,6073.5,6073,6073.15,512,
2024-10-11 12:48:00+05:30,6073.1,6075,6071,6074.4,786,
2024-10-11 12:49:00+05:30,6074.4,6074.75,6071,6071.4,460,
2024-10-11 12:50:00+05:30,6071.4,6073.15,6070.15,6072.15,317,
2024-10-11 12:51:00+05:30,6071.8,6073,6069.2,6071.4,2921,
2024-10-11 12:52:00+05:30,6071.4,6071.4,6067.4,6069.85,752,
2024-10-11 12:53:00+05:30,6069.85,6071,6067.85,6070.65,939,
2024-10-11 12:54:00+05:30,6070.55,6071,6068.4,6071,594,
2024-10-11 12:55:00+05:30,6070.75,6076.25,6069.95,6073.65,2950,
2024-10-11 12:56:00+05:30,6073.65,6076,6072.35,6075,653,
2024-10-11 12:57:00+05:30,6072.75,6076,6070,6070.5,1714,
2024-10-11 12:58:00+05:30,6071.3,6071.65,6069.6,6069.95,933,
2024-10-11 12:59:00+05:30,6069.95,6070,6067.4,6068.6,3304,
2024-10-11 13:00:00+05:30,6066.2,6070,6066.05,6069.45,639,
2024-10-11 13:01:00+05:30,6068.8,6070,6068,6068.45,396,
2024-10-11 13:02:00+05:30,6068.3,6068.95,6062.35,6063.8,3222,
2024-10-11 13:03:00+05:30,6063.8,6066.35,6060.6,6061.5,1140,
2024-10-11 13:04:00+05:30,6061.5,6064.1,6060,6060,1931,
2024-10-11 13:05:00+05:30,6060,6064.1,6060,6062,1106,
2024-10-11 13:06:00+05:30,6062,6063.85,6061.05,6063,516,
2024-10-11 13:07:00+05:30,6063.05,6066.3,6061,6063.9,779,
2024-10-11 13:08:00+05:30,6064.55,6066.2,6060,6062.7,949,
2024-10-11 13:09:00+05:30,6062.7,6064.9,6060.9,6061.95,510,
2024-10-11 13:10:00+05:30,6061.95,6065,6060.85,6065,963,
2024-10-11 13:11:00+05:30,6064.75,6066,6063.3,6066,320,
2024-10-11 13:12:00+05:30,6066,6070,6064.85,6068,897,
2024-10-11 13:13:00+05:30,6068,6069.9,6066.35,6067,797,
2024-10-11 13:14:00+05:30,6066,6069.25,6066,6067.65,1053,
2024-10-11 13:15:00+05:30,6066.95,6069.35,6066.2,6067.35,286,
2024-10-11 13:16:00+05:30,6066.2,6070,6066,6069.95,1265,
2024-10-11 13:17:00+05:30,6069.95,6070,6066,6068.35,1133,
2024-10-11 13:18:00+05:30,6068.35,6068.35,6062.2,6065.5,1072,
2024-10-11 13:19:00+05:30,6065.5,6066,6061,6062,931,
2024-10-11 13:20:00+05:30,6062,6062.1,6052.95,6054.5,6490,
2024-10-11 13:21:00+05:30,6054.5,6058,6053.95,6058,1732,
2024-10-11 13:22:00+05:30,6056.8,6058,6055,6055.9,1416,
2024-10-11 13:23:00+05:30,6055.9,6058,6055.4,6055.65,371,
2024-10-11 13:24:00+05:30,6055.65,6057.8,6053.65,6055.55,1544,
2024-10-11 13:25:00+05:30,6054.85,6059,6052,6055.1,2141,
2024-10-11 13:26:00+05:30,6057,6057.1,6053.9,6054.45,587,
2024-10-11 13:27:00+05:30,6054.05,6057.5,6053.95,6057,745,
2024-10-11 13:28:00+05:30,6057,6057.45,6053,6055.75,2232,
2024-10-11 13:29:00+05:30,6055.75,6060,6055.75,6060,725,
2024-10-11 13:30:00+05:30,6060,6060,6053.8,6056.45,920,
2024-10-11 13:31:00+05:30,6056.45,6056.55,6054.85,6055.55,496,
2024-10-11 13:32:00+05:30,6054.3,6056.55,6052.2,6053.1,774,
2024-10-11 13:33:00+05:30,6053.1,6056,6053,6055.05,1013,
2024-10-11 13:34:00+05:30,6056,6056.75,6052.95,6056,985,
2024-10-11 13:35:00+05:30,6056,6056,6052.65,6052.7,453,
2024-10-11 13:36:00+05:30,6052.7,6055,6051.7,6054.95,577,
2024-10-11 13:37:00+05:30,6054.95,6055.55,6052,6054.3,789,
2024-10-11 13:38:00+05:30,6052.5,6055.5,6052.5,6055.4,339,
2024-10-11 13:39:00+05:30,6054.1,6055.45,6052,6055.4,1081,
2024-10-11 13:40:00+05:30,6055.4,6055.9,6053.1,6054.45,1291,
2024-10-11 13:41:00+05:30,6055.5,6055.5,6053.5,6055,465,
2024-10-11 13:42:00+05:30,6055,6055.95,6053.5,6055.55,644,
2024-10-11 13:43:00+05:30,6055.55,6057.55,6053.5,6055.55,836,
2024-10-11 13:44:00+05:30,6055.55,6056.6,6053.5,6055.85,886,
2024-10-11 13:45:00+05:30,6055.4,6056.55,6053.5,6054.2,824,
2024-10-11 13:46:00+05:30,6054.2,6056.95,6054.2,6056.55,332,
2024-10-11 13:47:00+05:30,6056.55,6056.7,6054.35,6056.55,569,
2024-10-11 13:48:00+05:30,6056.55,6059.5,6054.35,6058.15,2025,
2024-10-11 13:49:00+05:30,6058.15,6069.5,6058.15,6068.15,2370,
2024-10-11 13:50:00+05:30,6068.15,6068.9,6062.5,6065.05,853,
2024-10-11 13:51:00+05:30,6065.05,6067.5,6062.8,6063.5,909,
2024-10-11 13:52:00+05:30,6063.5,6066,6061.05,6066,795,
2024-10-11 13:53:00+05:30,6066,6067.65,6063.65,6066.8,566,
2024-10-11 13:54:00+05:30,6064.35,6067.9,6064.35,6067.55,1019,
2024-10-11 13:55:00+05:30,6067.55,6068.65,6062,6064.35,5747,
2024-10-11 13:56:00+05:30,6064.35,6064.35,6057.7,6057.8,1055,
2024-10-11 13:57:00+05:30,6057.9,6063.7,6056.45,6063.35,603,
2024-10-11 13:58:00+05:30,6063.7,6064.05,6060.85,6063.75,4123,
2024-10-11 13:59:00+05:30,6063.9,6065.5,6060.05,6064.95,1543,
2024-10-11 14:00:00+05:30,6064.95,6067.5,6062.6,6067.45,526,
2024-10-11 14:01:00+05:30,6065,6068.7,6062.95,6065.7,496,
2024-10-11 14:02:00+05:30,6065.75,6066.8,6062.1,6065.05,358,
2024-10-11 14:03:00+05:30,6065.2,6066.5,6062.25,6065.4,1944,
2024-10-11 14:04:00+05:30,6065.4,6065.9,6062.55,6065.35,344,
2024-10-11 14:05:00+05:30,6063.15,6064.95,6061.8,6064.55,720,
2024-10-11 14:06:00+05:30,6062.05,6064.6,6060.05,6062.35,713,
2024-10-11 14:07:00+05:30,6062.35,6064.95,6059.45,6064.95,938,
2024-10-11 14:08:00+05:30,6064.95,6069.95,6062.5,6069.95,1487,
2024-10-11 14:09:00+05:30,6067.45,6070,6067.3,6070,454,
2024-10-11 14:10:00+05:30,6070,6074.8,6068.05,6074.8,2561,
2024-10-11 14:11:00+05:30,6074.8,6074.8,6070,6073,1461,
2024-10-11 14:12:00+05:30,6073,6073,6068,6073,10663,
2024-10-11 14:13:00+05:30,6073,6075,6070.95,6071.2,3615,
2024-10-11 14:14:00+05:30,6071.2,6076.05,6071.2,6075.55,1637,
2024-10-11 14:15:00+05:30,6075.55,6084,6073.5,6081,3256,
2024-10-11 14:16:00+05:30,6083.15,6084.55,6080,6083.15,2763,
2024-10-11 14:17:00+05:30,6083.15,6083.95,6080,6080.05,1604,
2024-10-11 14:18:00+05:30,6080.1,6083.45,6077.55,6083.45,4522,
2024-10-11 14:19:00+05:30,6083.45,6085,6080.3,6082,2282,
2024-10-11 14:20:00+05:30,6082,6083.4,6076,6082,5168,
2024-10-11 14:21:00+05:30,6082,6084,6079.7,6082.55,15269,
2024-10-11 14:22:00+05:30,6082.5,6093,6082.5,6091.05,3467,
2024-10-11 14:23:00+05:30,6090.05,6093.9,6090.05,6092.95,1996,
2024-10-11 14:24:00+05:30,6092,6093,6082,6085.2,3649,
2024-10-11 14:25:00+05:30,6086.6,6089,6082.75,6087.95,4028,
2024-10-11 14:26:00+05:30,6086.25,6088.85,6080,6084.8,4781,
2024-10-11 14:27:00+05:30,6084.8,6084.8,6080,6080.45,3031,
2024-10-11 14:28:00+05:30,6080.45,6086.75,6080,6086.75,2579,
2024-10-11 14:29:00+05:30,6086.75,6090,6084.35,6090,9640,
2024-10-11 14:30:00+05:30,6090,6100,6090,6097.2,6433,
2024-10-11 14:31:00+05:30,6097.2,6100,6085,6085,4910,
2024-10-11 14:32:00+05:30,6085,6090,6083.85,6090,5384,
2024-10-11 14:33:00+05:30,6087.45,6107,6086.6,6100.4,11159,
2024-10-11 14:34:00+05:30,6099.85,6103.5,6091,6092,2136,
2024-10-11 14:35:00+05:30,6091.05,6098.35,6089,6098.35,2666,
2024-10-11 14:36:00+05:30,6098.35,6098.4,6089.1,6089.55,3078,
2024-10-11 14:37:00+05:30,6089.55,6093,6086.4,6088,2496,
2024-10-11 14:38:00+05:30,6088,6094,6087.5,6093,3973,
2024-10-11 14:39:00+05:30,6092,6093,6090.25,6092.9,450,
2024-10-11 14:40:00+05:30,6092.95,6092.95,6089,6092.85,2256,
2024-10-11 14:41:00+05:30,6092.9,6092.9,6081.4,6086.8,5389,
2024-10-11 14:42:00+05:30,6085,6087.8,6085,6087,880,
2024-10-11 14:43:00+05:30,6087,6090,6085.65,6088.55,818,
2024-10-11 14:44:00+05:30,6088.55,6088.95,6085,6087,768,
2024-10-11 14:45:00+05:30,6087,6088.5,6085.15,6087,506,
2024-10-11 14:46:00+05:30,6087,6088.55,6083.45,6087.35,933,
2024-10-11 14:47:00+05:30,6087,6088,6085,6087.65,799,
2024-10-11 14:48:00+05:30,6087.95,6088,6085.05,6086,779,
2024-10-11 14:49:00+05:30,6086,6092.9,6085.3,6092.9,2129,
2024-10-11 14:50:00+05:30,6092.9,6092.9,6088.25,6090,665,
2024-10-11 14:51:00+05:30,6089.75,6089.75,6085.1,6087.5,7568,
2024-10-11 14:52:00+05:30,6087.5,6087.9,6084.85,6087.65,487,
2024-10-11 14:53:00+05:30,6087.65,6090,6085.1,6087.3,765,
2024-10-11 14:54:00+05:30,6085.5,6090,6084.4,6089.05,2268,
2024-10-11 14:55:00+05:30,6089.05,6092.65,6089.05,6092.65,1381,
2024-10-11 14:56:00+05:30,6092.65,6096.5,6090.7,6094,1145,
2024-10-11 14:57:00+05:30,6094,6096.85,6090.5,6091,6094,
2024-10-11 14:58:00+05:30,6092.95,6095,6086.4,6093.1,6051,
2024-10-11 14:59:00+05:30,6091.05,6095,6091,6095,783,
2024-10-11 15:00:00+05:30,6094.4,6094.95,6091,6093,810,
2024-10-11 15:01:00+05:30,6093,6095,6092,6093.7,869,
2024-10-11 15:02:00+05:30,6091.45,6095.5,6091,6095,1620,
2024-10-11 15:03:00+05:30,6095,6096.3,6092.7,6095,2534,
2024-10-11 15:04:00+05:30,6095,6105.95,6094.25,6102.6,3523,
2024-10-11 15:05:00+05:30,6101.15,6111.6,6100.8,6111.6,7173,
2024-10-11 15:06:00+05:30,6112,6139.95,6111.5,6137,26744,
2024-10-11 15:07:00+05:30,6137,6148.75,6134.5,6140,19103,
2024-10-11 15:08:00+05:30,6142.9,6148,6138.35,6142.65,9972,
2024-10-11 15:09:00+05:30,6145,6146.5,6140.45,6140.6,5480,
2024-10-11 15:10:00+05:30,6142.65,6149.95,6139,6149.95,8438,
2024-10-11 15:11:00+05:30,6149.75,6149.95,6140,6140,7024,
2024-10-11 15:12:00+05:30,6140,6141.8,6136.1,6140.6,4720,
2024-10-11 15:13:00+05:30,6141.35,6147,6139.05,6144.95,2768,
2024-10-11 15:14:00+05:30,6144.95,6144.95,6140.05,6140.2,2222,
2024-10-11 15:15:00+05:30,6140.2,6159.85,6138,6157.6,22439,
2024-10-11 15:16:00+05:30,6155,6158.6,6148.05,6150,7897,
2024-10-11 15:17:00+05:30,6150,6154.7,6148.25,6152.35,9584,
2024-10-11 15:18:00+05:30,6150.75,6151.9,6148.2,6151,15818,
2024-10-11 15:19:00+05:30,6151,6151.5,6149.55,6150,17959,
2024-10-11 15:20:00+05:30,6150,6154.85,6147.65,6151.25,19370,
2024-10-11 15:21:00+05:30,6151.25,6153.9,6149.95,6150.1,17391,
2024-10-11 15:22:00+05:30,6150.1,6155.9,6148.5,6151.15,9557,
2024-10-11 15:23:00+05:30,6151.35,6154.05,6141.4,6144.35,19333,
2024-10-11 15:24:00+05:30,6142.15,6144.35,6135.45,6139.65,7684,
2024-10-11 15:25:00+05:30,6139.65,6139.65,6132,6132,1507,
2024-10-11 15:26:00+05:30,6132.4,6136.15,6131.95,6135,2251,
2024-10-11 15:27:00+05:30,6135,6135,6126.15,6131.6,2404,
2024-10-11 15:28:00+05:30,6131.6,6146.7,6116.15,6146.7,17976,
2024-10-11 15:29:00+05:30,6146.7,6151,6126.55,6150,6078,
2024-10-14 09:15:00+05:30,6140,6150,6122.3,6135.75,6563,
2024-10-14 09:16:00+05:30,6135.75,6146,6133.9,6143.5,3051,
2024-10-14 09:17:00+05:30,6145,6160,6142,6160,2767,
2024-10-14 09:18:00+05:30,6158.2,6177.65,6158.2,6173.55,4946,
2024-10-14 09:19:00+05:30,6173.7,6183.6,6171,6183.3,6395,
2024-10-14 09:20:00+05:30,6183.9,6184,6152,6159.85,4977,
2024-10-14 09:21:00+05:30,6158.3,6177.55,6157.7,6168.1,3000,
2024-10-14 09:22:00+05:30,6165.3,6173.15,6165.3,6168.55,1990,
2024-10-14 09:23:00+05:30,6168.55,6172.8,6151.6,6156.15,1995,
2024-10-14 09:24:00+05:30,6152.8,6155.8,6149,6153,2058,
2024-10-14 09:25:00+05:30,6153,6153.2,6143.8,6149.95,2678,
2024-10-14 09:26:00+05:30,6151.3,6153.45,6146.45,6153.45,899,
2024-10-14 09:27:00+05:30,6153.45,6158.5,6152.5,6158.5,707,
2024-10-14 09:28:00+05:30,6158.5,6160,6141.45,6142.85,1248,
2024-10-14 09:29:00+05:30,6142.85,6147.2,6141,6144.9,881,
2024-10-14 09:30:00+05:30,6141.2,6149.9,6141.2,6149.8,1320,
2024-10-14 09:31:00+05:30,6149.35,6162.25,6146.5,6162.25,1035,
2024-10-14 09:32:00+05:30,6162.25,6172.95,6159.1,6172,2417,
2024-10-14 09:33:00+05:30,6172,6173.3,6157.15,6162,2710,
2024-10-14 09:34:00+05:30,6160,6170,6160,6169.1,948,
2024-10-14 09:35:00+05:30,6168.8,6171.9,6165.4,6170,683,
2024-10-14 09:36:00+05:30,6170.1,6177,6166.75,6172.75,3133,
2024-10-14 09:37:00+05:30,6172.75,6172.75,6151,6151,1631,
2024-10-14 09:38:00+05:30,6151,6154.75,6149.8,6150.8,752,
2024-10-14 09:39:00+05:30,6150.8,6156.8,6148.4,6151.05,1043,
2024-10-14 09:40:00+05:30,6150.55,6150.6,6142.1,6145.55,1347,
2024-10-14 09:41:00+05:30,6144.1,6150.7,6143.7,6150.7,1003,
2024-10-14 09:42:00+05:30,6151,6154,6146.5,6151.8,779,
2024-10-14 09:43:00+05:30,6154,6158,6151.8,6158,488,
2024-10-14 09:44:00+05:30,6158,6160,6148,6156.35,1187,
2024-10-14 09:45:00+05:30,6158.6,6168,6155.65,6165,1010,
2024-10-14 09:46:00+05:30,6165,6177,6165,6172.75,3012,
2024-10-14 09:47:00+05:30,6172.75,6172.95,6166.35,6167.35,4313,
2024-10-14 09:48:00+05:30,6167,6167,6163.2,6165,1007,
2024-10-14 09:49:00+05:30,6164.75,6167.75,6162.1,6166.8,976,
2024-10-14 09:50:00+05:30,6164.4,6167.05,6160,6163.65,1227,
2024-10-14 09:51:00+05:30,6163.65,6169,6162.4,6166.8,448,
2024-10-14 09:52:00+05:30,6166.8,6174.5,6166.75,6169.6,2347,
2024-10-14 09:53:00+05:30,6168.8,6170.45,6162.9,6168.65,509,
2024-10-14 09:54:00+05:30,6170.05,6170.05,6152.1,6155,2361,
2024-10-14 09:55:00+05:30,6156.05,6156.05,6145.45,6149.6,704,
2024-10-14 09:56:00+05:30,6149.6,6154.45,6147,6147.6,1742,
2024-10-14 09:57:00+05:30,6147.6,6150,6147.15,6150,1025,
2024-10-14 09:58:00+05:30,6150,6150,6142,6146.55,1987,
2024-10-14 09:59:00+05:30,6146.55,6147.4,6143.1,6146,299,
2024-10-14 10:00:00+05:30,6146,6149.05,6144.95,6147.45,865,
2024-10-14 10:01:00+05:30,6149.05,6149.05,6136.65,6136.65,2006,
2024-10-14 10:02:00+05:30,6140.3,6147.05,6136.8,6145,1618,
2024-10-14 10:03:00+05:30,6145,6146,6138.05,6139.55,291,
2024-10-14 10:04:00+05:30,6139.55,6143.95,6137.45,6142.75,589,
2024-10-14 10:05:00+05:30,6142.75,6143.7,6132.7,6137.1,1348,
2024-10-14 10:06:00+05:30,6135.05,6136.95,6130.55,6134.95,826,
2024-10-14 10:07:00+05:30,6134.6,6134.9,6129,6130,841,
2024-10-14 10:08:00+05:30,6130,6134.3,6127.35,6134.3,1204,
2024-10-14 10:09:00+05:30,6134.3,6134.3,6129.4,6133.45,560,
2024-10-14 10:10:00+05:30,6133.45,6134.3,6130,6132.1,434,
2024-10-14 10:11:00+05:30,6132.05,6132.05,6128,6130.75,1172,
2024-10-14 10:12:00+05:30,6130.75,6130.75,6122.5,6128.05,1380,
2024-10-14 10:13:00+05:30,6129.15,6138.8,6124,6138.1,1528,
2024-10-14 10:14:00+05:30,6138.1,6142.75,6134.75,6142.75,1343,
2024-10-14 10:15:00+05:30,6142.75,6152.25,6141.3,6149.3,2136,
2024-10-14 10:16:00+05:30,6150.15,6150.3,6140.3,6142.75,1084,
2024-10-14 10:17:00+05:30,6142.75,6142.75,6132.9,6140,916,
2024-10-14 10:18:00+05:30,6140,6140,6135.05,6137.45,473,
2024-10-14 10:19:00+05:30,6137.45,6138,6132.4,6133,384,
2024-10-14 10:20:00+05:30,6133,6136.9,6127.4,6130.3,1622,
2024-10-14 10:21:00+05:30,6130.3,6132.2,6127.45,6129.3,329,
2024-10-14 10:22:00+05:30,6129.3,6129.3,6118.2,6118.2,1390,
2024-10-14 10:23:00+05:30,6120,6129.25,6118.05,6129,702,
2024-10-14 10:24:00+05:30,6129,6135.3,6126.3,6132.5,448,
2024-10-14 10:25:00+05:30,6132.5,6138.15,6130.95,6135.45,1069,
2024-10-14 10:26:00+05:30,6135.45,6136.15,6132,6134.1,735,
2024-10-14 10:27:00+05:30,6134.1,6134.3,6131.5,6131.75,243,
2024-10-14 10:28:00+05:30,6131.75,6132.95,6130,6132.5,340,
2024-10-14 10:29:00+05:30,6132.5,6132.5,6125.5,6128.4,288,
2024-10-14 10:30:00+05:30,6125,6129.55,6125,6127.45,631,
2024-10-14 10:31:00+05:30,6127.45,6129.55,6126.15,6128,179,
2024-10-14 10:32:00+05:30,6128,6129.55,6126.4,6127.3,91,
2024-10-14 10:33:00+05:30,6127.3,6130,6126.45,6129.8,252,
2024-10-14 10:34:00+05:30,6129.8,6130,6126.75,6129.9,257,
2024-10-14 10:35:00+05:30,6130,6134,6129.9,6134,443,
2024-10-14 10:36:00+05:30,6134,6134,6130.7,6133.7,79,
2024-10-14 10:37:00+05:30,6133.7,6133.7,6127.35,6128,493,
2024-10-14 10:38:00+05:30,6128,6133.7,6127.05,6131.2,80,
2024-10-14 10:39:00+05:30,6132.95,6133,6130.35,6130.35,136,
2024-10-14 10:40:00+05:30,6130.35,6133,6128.05,6132.4,302,
2024-10-14 10:41:00+05:30,6132.4,6140.85,6127.15,6136.75,1546,
2024-10-14 10:42:00+05:30,6136.75,6152.8,6136.75,6145.3,2936,
2024-10-14 10:43:00+05:30,6145.3,6151.45,6141.9,6141.9,1028,
2024-10-14 10:44:00+05:30,6141.45,6156.85,6141.45,6156.85,1527,
2024-10-14 10:45:00+05:30,6156.85,6157.2,6149.25,6152,1045,
2024-10-14 10:46:00+05:30,6152,6155,6150.55,6152.5,278,
2024-10-14 10:47:00+05:30,6150.6,6152.5,6145.95,6148.6,216,
2024-10-14 10:48:00+05:30,6148.6,6152.5,6145.35,6148.85,476,
2024-10-14 10:49:00+05:30,6148.85,6152.5,6147.4,6151.25,255,
2024-10-14 10:50:00+05:30,6151.25,6151.95,6146.75,6149.5,201,
2024-10-14 10:51:00+05:30,6149.5,6149.5,6142.2,6144.95,625,
2024-10-14 10:52:00+05:30,6144.95,6145,6142.2,6144.2,1163,
2024-10-14 10:53:00+05:30,6143.7,6144.25,6141.1,6144.25,456,
2024-10-14 10:54:00+05:30,6144.25,6146,6136.3,6137.5,4175,
2024-10-14 10:55:00+05:30,6137.5,6141.35,6134.65,6134.65,594,
2024-10-14 10:56:00+05:30,6134.65,6141,6134.65,6140.85,295,
2024-10-14 10:57:00+05:30,6140.85,6140.85,6134.05,6134.7,756,
2024-10-14 10:58:00+05:30,6135.35,6138.85,6134.5,6134.5,268,
2024-10-14 10:59:00+05:30,6135.65,6137.65,6133.95,6137.65,336,
2024-10-14 11:00:00+05:30,6137.65,6140,6134.7,6139.9,460,
2024-10-14 11:01:00+05:30,6137.2,6140,6131.65,6133.05,396,
2024-10-14 11:02:00+05:30,6133.05,6135.85,6131.65,6135.85,408,
2024-10-14 11:03:00+05:30,6135.9,6135.95,6131.5,6133.9,468,
2024-10-14 11:04:00+05:30,6133.9,6135.4,6131.6,6134.2,184,
2024-10-14 11:05:00+05:30,6134.2,6136.05,6133.65,6136.05,137,
2024-10-14 11:06:00+05:30,6136.05,6138,6134.5,6137.2,61,
2024-10-14 11:07:00+05:30,6137.2,6138,6134.9,6136.95,75,
2024-10-14 11:08:00+05:30,6136.95,6137,6134.7,6136.45,296,
2024-10-14 11:09:00+05:30,6136.45,6136.45,6135,6136,312,
2024-10-14 11:10:00+05:30,6136,6136,6133,6135.45,145,
2024-10-14 11:11:00+05:30,6135.45,6136.75,6131.8,6131.8,565,
2024-10-14 11:12:00+05:30,6136.35,6139.55,6134.6,6135.65,157,
2024-10-14 11:13:00+05:30,6135.65,6140,6135,6137.65,289,
2024-10-14 11:14:00+05:30,6137.65,6137.65,6135.2,6136.75,91,
2024-10-14 11:15:00+05:30,6136.75,6140,6136.5,6140,161,
2024-10-14 11:16:00+05:30,6140,6145,6137.3,6139.65,1127,
2024-10-14 11:17:00+05:30,6139.65,6142.45,6137.55,6141.55,314,
2024-10-14 11:18:00+05:30,6142.15,6149,6140.95,6149,4262,
2024-10-14 11:19:00+05:30,6149,6149,6147.8,6148.95,304,
2024-10-14 11:20:00+05:30,6148.95,6149,6145.5,6145.5,892,
2024-10-14 11:21:00+05:30,6147.65,6147.65,6142.75,6142.75,327,
2024-10-14 11:22:00+05:30,6142.75,6143.8,6140.4,6142.55,217,
2024-10-14 11:23:00+05:30,6142.55,6143.25,6140,6142.75,223,
2024-10-14 11:24:00+05:30,6142.75,6143,6141.25,6142.7,92,
2024-10-14 11:25:00+05:30,6142.7,6144.5,6141.2,6144.5,91,
2024-10-14 11:26:00+05:30,6144.5,6146,6141.5,6146,1125,
2024-10-14 11:27:00+05:30,6146,6146,6145.55,6146,429,
2024-10-14 11:28:00+05:30,6146,6160,6146,6157.15,4491,
2024-10-14 11:29:00+05:30,6158.9,6173,6157.1,6171.15,3011,
2024-10-14 11:30:00+05:30,6171.15,6173,6161.25,6162.5,2089,
2024-10-14 11:31:00+05:30,6163.45,6164.15,6157.75,6158,534,
2024-10-14 11:32:00+05:30,6157.85,6160,6151.55,6151.55,2090,
2024-10-14 11:33:00+05:30,6152.55,6154.65,6149.95,6151.55,533,
2024-10-14 11:34:00+05:30,6151.55,6151.55,6146.45,6151.4,1643,
2024-10-14 11:35:00+05:30,6151.4,6151.4,6149.1,6150.05,347,
2024-10-14 11:36:00+05:30,6151,6151,6146.15,6147.8,307,
2024-10-14 11:37:00+05:30,6147.8,6148,6145,6145.8,398,
2024-10-14 11:38:00+05:30,6146,6147.3,6145.15,6145.7,138,
2024-10-14 11:39:00+05:30,6145.7,6145.7,6142.05,6142.9,351,
2024-10-14 11:40:00+05:30,6142.9,6143.75,6140.85,6142.45,483,
2024-10-14 11:41:00+05:30,6143.4,6143.4,6141.4,6143.15,169,
2024-10-14 11:42:00+05:30,6143.15,6144.3,6142.15,6144.25,228,
2024-10-14 11:43:00+05:30,6144.3,6144.3,6142.7,6144.3,203,
2024-10-14 11:44:00+05:30,6142.65,6145,6142.65,6142.95,231,
2024-10-14 11:45:00+05:30,6145,6145,6142.95,6145,144,
2024-10-14 11:46:00+05:30,6145,6145,6144,6144.95,130,
2024-10-14 11:47:00+05:30,6144.95,6146,6142.75,6143.55,869,
2024-10-14 11:48:00+05:30,6144.25,6145,6140.15,6140.75,511,
2024-10-14 11:49:00+05:30,6140.75,6144,6140,6144,653,
2024-10-14 11:50:00+05:30,6144,6146.5,6142.8,6145.2,1066,
2024-10-14 11:51:00+05:30,6145.2,6145.5,6140.75,6142.6,569,
2024-10-14 11:52:00+05:30,6140.75,6142.6,6140.75,6141.7,109,
2024-10-14 11:53:00+05:30,6141.7,6144.7,6140,6143.5,305,
2024-10-14 11:54:00+05:30,6142,6145,6141.3,6144.55,234,
2024-10-14 11:55:00+05:30,6141.75,6144.85,6141.25,6142.75,136,
2024-10-14 11:56:00+05:30,6142.75,6144.15,6140,6143.4,794,
2024-10-14 11:57:00+05:30,6143.4,6143.4,6136.8,6138.75,2541,
2024-10-14 11:58:00+05:30,6138.75,6140,6137.7,6139.7,403,
2024-10-14 11:59:00+05:30,6139.65,6143,6139.35,6142.95,523,
2024-10-14 12:00:00+05:30,6142.95,6145,6141.45,6144.9,534,
2024-10-14 12:01:00+05:30,6144.9,6144.9,6142,6144.45,429,
2024-10-14 12:02:00+05:30,6144.35,6144.9,6142,6143.7,394,
2024-10-14 12:03:00+05:30,6143.65,6145,6142.8,6144.75,206,
2024-10-14 12:04:00+05:30,6143.9,6145,6142,6143.9,307,
2024-10-14 12:05:00+05:30,6143.85,6146,6142.2,6146,1464,
2024-10-14 12:06:00+05:30,6146,6147.5,6145.05,6146,1844,
2024-10-14 12:07:00+05:30,6146,6146,6145.1,6146,492,
2024-10-14 12:08:00+05:30,6146,6146,6145,6146,126,
2024-10-14 12:09:00+05:30,6145.35,6146,6145,6145.75,178,
2024-10-14 12:10:00+05:30,6145.35,6146,6143,6145.75,317,
2024-10-14 12:11:00+05:30,6145.75,6145.75,6144,6145.05,173,
2024-10-14 12:12:00+05:30,6145.05,6145.05,6144,6144.95,133,
2024-10-14 12:13:00+05:30,6143.25,6143.25,6141.3,6142,1097,
2024-10-14 12:14:00+05:30,6141.95,6144.9,6140.65,6142.15,357,
2024-10-14 12:15:00+05:30,6142.1,6144.95,6141.9,6142.7,170,
2024-10-14 12:16:00+05:30,6142.7,6144.5,6140,6143.6,487,
2024-10-14 12:17:00+05:30,6142.75,6142.75,6140,6142.7,138,
2024-10-14 12:18:00+05:30,6141.9,6142.75,6141.15,6141.15,158,
2024-10-14 12:19:00+05:30,6141.15,6143.35,6141.15,6143.35,169,
2024-10-14 12:20:00+05:30,6143.35,6143.35,6141,6141.5,122,
2024-10-14 12:21:00+05:30,6141.5,6142,6141,6141.9,162,
2024-10-14 12:22:00+05:30,6141.85,6141.9,6140,6141.3,171,
2024-10-14 12:23:00+05:30,6141.3,6145,6141.15,6142.1,851,
2024-10-14 12:24:00+05:30,6142.1,6143.55,6140.95,6141.65,220,
2024-10-14 12:25:00+05:30,6142.1,6148.5,6142.1,6148.5,489,
2024-10-14 12:26:00+05:30,6148.45,6148.5,6146.25,6147.6,1180,
2024-10-14 12:27:00+05:30,6147.6,6147.6,6145.75,6146.05,461,
2024-10-14 12:28:00+05:30,6146,6147.55,6145.45,6146.1,527,
2024-10-14 12:29:00+05:30,6146.1,6159,6146.1,6158,5986,
2024-10-14 12:30:00+05:30,6158,6161.7,6157.55,6161.7,974,
2024-10-14 12:31:00+05:30,6161.7,6175,6161.7,6174.15,3543,
2024-10-14 12:32:00+05:30,6174.2,6175,6171.5,6172.3,967,
2024-10-14 12:33:00+05:30,6173,6173,6168.75,6171.5,1713,
2024-10-14 12:34:00+05:30,6171.5,6185,6170.05,6182.4,3228,
2024-10-14 12:35:00+05:30,6182.95,6190.5,6182,6189.85,2743,
2024-10-14 12:36:00+05:30,6189.75,6197.45,6189,6191.6,5785,
2024-10-14 12:37:00+05:30,6193.8,6193.8,6184.95,6185,1491,
2024-10-14 12:38:00+05:30,6183.8,6187,6181.4,6186.35,1645,
2024-10-14 12:39:00+05:30,6185,6185,6177.55,6181,2139,
2024-10-14 12:40:00+05:30,6181,6181,6174.05,6176.95,948,
2024-10-14 12:41:00+05:30,6176.95,6177,6171.1,6174.25,655,
2024-10-14 12:42:00+05:30,6174.25,6179.8,6172.6,6175.25,852,
2024-10-14 12:43:00+05:30,6175.25,6177.5,6174.9,6174.95,588,
2024-10-14 12:44:00+05:30,6175,6175,6173.05,6174.45,688,
2024-10-14 12:45:00+05:30,6174.45,6174.8,6172.3,6172.3,348,
2024-10-14 12:46:00+05:30,6172.3,6172.9,6169.6,6171.7,720,
2024-10-14 12:47:00+05:30,6171.7,6177.95,6170,6177.95,2040,
2024-10-14 12:48:00+05:30,6177.25,6183,6174.4,6177.95,3323,
2024-10-14 12:49:00+05:30,6177.95,6181,6176,6180.9,2911,
2024-10-14 12:50:00+05:30,6180.9,6180.95,6179.4,6180,2916,
2024-10-14 12:51:00+05:30,6180,6180.6,6179.4,6180.5,1732,
2024-10-14 12:52:00+05:30,6180.45,6180.5,6179.5,6180,1481,
2024-10-14 12:53:00+05:30,6180.4,6187.6,6180,6182.85,4464,
2024-10-14 12:54:00+05:30,6182.85,6185.4,6181.65,6185.4,2314,
2024-10-14 12:55:00+05:30,6185.4,6186,6170.65,6184,17709,
2024-10-14 12:56:00+05:30,6183,6186,6183,6186,1731,
2024-10-14 12:57:00+05:30,6186.9,6186.9,6184.35,6186.2,2607,
2024-10-14 12:58:00+05:30,6186.2,6187,6180,6184.85,4946,
2024-10-14 12:59:00+05:30,6184.85,6187.6,6181,6186.1,8905,
2024-10-14 13:00:00+05:30,6186.1,6187.6,6184,6187.6,2460,
2024-10-14 13:01:00+05:30,6187.6,6203.5,6186,6202.35,7090,
2024-10-14 13:02:00+05:30,6203,6205,6197.8,6198,7390,
2024-10-14 13:03:00+05:30,6198,6203,6192.85,6201.25,6005,
2024-10-14 13:04:00+05:30,6201.25,6203,6200,6203,2440,
2024-10-14 13:05:00+05:30,6203,6215,6203,6208.3,7255,
2024-10-14 13:06:00+05:30,6208.2,6208.2,6195,6202.95,9580,
2024-10-14 13:07:00+05:30,6202.95,6207.7,6199.2,6206.8,3352,
2024-10-14 13:08:00+05:30,6206.8,6213.6,6205.55,6213.6,1635,
2024-10-14 13:09:00+05:30,6213.6,6220,6211.2,6215,5062,
2024-10-14 13:10:00+05:30,6216,6218,6214.6,6215,4564,
2024-10-14 13:11:00+05:30,6215,6215,6213,6214,2330,
2024-10-14 13:12:00+05:30,6214,6214,6210,6213,1786,
2024-10-14 13:13:00+05:30,6213,6213,6203.2,6205,2818,
2024-10-14 13:14:00+05:30,6205,6207.45,6201.25,6202,2426,
2024-10-14 13:15:00+05:30,6202,6203.15,6195.85,6199.15,2818,
2024-10-14 13:16:00+05:30,6199.1,6200,6196,6200,1102,
2024-10-14 13:17:00+05:30,6200,6210.15,6199.5,6208.65,3423,
2024-10-14 13:18:00+05:30,6208.45,6208.45,6205,6206.6,1638,
2024-10-14 13:19:00+05:30,6206.6,6209.8,6205.1,6205.35,601,
2024-10-14 13:20:00+05:30,6205.35,6208.95,6205.3,6206.7,209,
2024-10-14 13:21:00+05:30,6206.7,6206.85,6198.5,6198.5,2032,
2024-10-14 13:22:00+05:30,6198.55,6201,6196.85,6200,1976,
2024-10-14 13:23:00+05:30,6200,6201,6195.05,6201,8064,
2024-10-14 13:24:00+05:30,6201,6201,6198.65,6198.7,5766,
2024-10-14 13:25:00+05:30,6198.7,6202.1,6198.6,6201.95,340,
2024-10-14 13:26:00+05:30,6200.7,6205,6200.7,6204.45,666,
2024-10-14 13:27:00+05:30,6204.45,6204.45,6202,6203.1,182,
2024-10-14 13:28:00+05:30,6203,6203,6199,6201.85,1053,
2024-10-14 13:29:00+05:30,6201.9,6202,6199.4,6201.75,607,
2024-10-14 13:30:00+05:30,6201.75,6201.85,6200,6200.95,539,
2024-10-14 13:31:00+05:30,6201.25,6201.5,6200,6200.35,518,
2024-10-14 13:32:00+05:30,6200.75,6201.5,6197.7,6200.05,527,
2024-10-14 13:33:00+05:30,6200.05,6201,6199.05,6200.9,1758,
2024-10-14 13:34:00+05:30,6200.9,6200.9,6199.2,6200.05,497,
2024-10-14 13:35:00+05:30,6200.05,6200.9,6199.15,6199.2,830,
2024-10-14 13:36:00+05:30,6200.5,6200.9,6199.1,6199.65,1428,
2024-10-14 13:37:00+05:30,6199.65,6200.9,6199.65,6200.75,487,
2024-10-14 13:38:00+05:30,6200.75,6200.75,6199.9,6199.95,1647,
2024-10-14 13:39:00+05:30,6199.95,6200.75,6199.95,6200,4110,
2024-10-14 13:40:00+05:30,6200,6215,6200,6215,5506,
2024-10-14 13:41:00+05:30,6215,6215,6205.8,6205.8,1795,
2024-10-14 13:42:00+05:30,6205.8,6210,6203.2,6203.95,535,
2024-10-14 13:43:00+05:30,6203.95,6206.25,6200.1,6203.7,2200,
2024-10-14 13:44:00+05:30,6203.7,6208.95,6201.05,6205.35,1170,
2024-10-14 13:45:00+05:30,6202.05,6204.7,6201.2,6204,1263,
2024-10-14 13:46:00+05:30,6200.95,6203,6200,6202.85,431,
2024-10-14 13:47:00+05:30,6200.05,6202.45,6199.75,6199.75,1537,
2024-10-14 13:48:00+05:30,6199.75,6202,6198.3,6199.8,592,
2024-10-14 13:49:00+05:30,6199.8,6201.8,6199.8,6201.55,339,
2024-10-14 13:50:00+05:30,6200.05,6201.55,6200.05,6200.55,403,
2024-10-14 13:51:00+05:30,6200.5,6201.25,6200.5,6200.9,302,
2024-10-14 13:52:00+05:30,6200.45,6201,6200,6200,456,
2024-10-14 13:53:00+05:30,6200,6200.4,6199.95,6200,3116,
2024-10-14 13:54:00+05:30,6200,6200.5,6193.15,6200.5,10524,
2024-10-14 13:55:00+05:30,6200.5,6206.85,6200,6203.75,687,
2024-10-14 13:56:00+05:30,6203.75,6209.9,6203.55,6207.9,638,
2024-10-14 13:57:00+05:30,6208,6209.95,6201.9,6201.9,1321,
2024-10-14 13:58:00+05:30,6201.9,6204.65,6200,6204.2,378,
2024-10-14 13:59:00+05:30,6204.2,6205.95,6203.95,6204.15,217,
2024-10-14 14:00:00+05:30,6204.1,6206.15,6203.15,6204.65,326,
2024-10-14 14:01:00+05:30,6204.65,6206,6201.85,6204,256,
2024-10-14 14:02:00+05:30,6204,6204.3,6200.55,6201,381,
2024-10-14 14:03:00+05:30,6201,6204.9,6199.65,6204.9,544,
2024-10-14 14:04:00+05:30,6204.9,6205.35,6202.05,6205.2,198,
2024-10-14 14:05:00+05:30,6205.2,6206,6202.25,6205.25,310,
2024-10-14 14:06:00+05:30,6205.95,6205.95,6200,6200,1227,
2024-10-14 14:07:00+05:30,6200,6202.55,6199.95,6200,833,
2024-10-14 14:08:00+05:30,6200,6202.55,6200,6201.2,193,
2024-10-14 14:09:00+05:30,6201.2,6202.4,6199.15,6201.1,3090,
2024-10-14 14:10:00+05:30,6201.1,6202.85,6199.4,6202,4642,
2024-10-14 14:11:00+05:30,6201.2,6202.8,6199.05,6200.5,2810,
2024-10-14 14:12:00+05:30,6200.5,6202.85,6199.4,6202.45,422,
2024-10-14 14:13:00+05:30,6202.85,6204.35,6200.4,6203.5,479,
2024-10-14 14:14:00+05:30,6202.65,6205,6200.25,6203,446,
2024-10-14 14:15:00+05:30,6204.15,6205,6202.65,6203.4,501,
2024-10-14 14:16:00+05:30,6202.65,6203,6199.5,6200,957,
2024-10-14 14:17:00+05:30,6200,6200.95,6199.05,6199.2,4752,
2024-10-14 14:18:00+05:30,6199.2,6203.25,6199.2,6203.25,4605,
2024-10-14 14:19:00+05:30,6203.25,6203.4,6200,6203.4,303,
2024-10-14 14:20:00+05:30,6203.4,6215,6202.5,6215,993,
2024-10-14 14:21:00+05:30,6215,6216,6211.95,6212.75,1386,
2024-10-14 14:22:00+05:30,6212.75,6218.55,6210,6218.55,1255,
2024-10-14 14:23:00+05:30,6218.55,6218.55,6215,6217.5,375,
2024-10-14 14:24:00+05:30,6217.5,6225,6217.5,6223,4581,
2024-10-14 14:25:00+05:30,6223,6224.95,6213.5,6216.05,3632,
2024-10-14 14:26:00+05:30,6214,6219.35,6214,6219.35,899,
2024-10-14 14:27:00+05:30,6219.35,6219.35,6212.5,6212.5,1239,
2024-10-14 14:28:00+05:30,6212.5,6215.65,6209,6215.5,2159,
2024-10-14 14:29:00+05:30,6215.5,6216.5,6210,6210,1402,
2024-10-14 14:30:00+05:30,6210,6214.6,6210,6214.55,740,
2024-10-14 14:31:00+05:30,6214.55,6217.9,6211.4,6213.25,1918,
2024-10-14 14:32:00+05:30,6213.25,6215,6212.05,6213.65,738,
2024-10-14 14:33:00+05:30,6213.65,6214.5,6210,6210.7,1390,
2024-10-14 14:34:00+05:30,6210.05,6216.55,6210.05,6216.55,678,
2024-10-14 14:35:00+05:30,6215.9,6215.9,6209.75,6212.55,2432,
2024-10-14 14:36:00+05:30,6214.6,6215.3,6205.2,6205.2,2269,
2024-10-14 14:37:00+05:30,6208.5,6211,6203.6,6209,1098,
2024-10-14 14:38:00+05:30,6207.65,6215.35,6207,6214.9,929,
2024-10-14 14:39:00+05:30,6213.5,6214.9,6210.5,6213,777,
2024-10-14 14:40:00+05:30,6213,6221.15,6213,6218,1665,
2024-10-14 14:41:00+05:30,6218,6229,6218,6229,7702,
2024-10-14 14:42:00+05:30,6228,6233,6226.5,6232.5,8990,
2024-10-14 14:43:00+05:30,6232.5,6235,6230.05,6233.15,3733,
2024-10-14 14:44:00+05:30,6230.1,6230.1,6218.4,6218.4,1541,
2024-10-14 14:45:00+05:30,6218.4,6228.85,6218.4,6227.35,1112,
2024-10-14 14:46:00+05:30,6227.35,6227.65,6210.2,6211.5,3168,
2024-10-14 14:47:00+05:30,6211.5,6214.8,6211.5,6211.7,705,
2024-10-14 14:48:00+05:30,6211.7,6214,6207.25,6210.85,798,
2024-10-14 14:49:00+05:30,6210.85,6210.85,6206,6207,510,
2024-10-14 14:50:00+05:30,6207,6208.05,6206.15,6206.2,260,
2024-10-14 14:51:00+05:30,6207,6210.1,6206.15,6207.1,841,
2024-10-14 14:52:00+05:30,6207.55,6208.75,6205,6206.45,1011,
2024-10-14 14:53:00+05:30,6205,6206.45,6202.85,6206,546,
2024-10-14 14:54:00+05:30,6206,6206,6202.55,6203.1,781,
2024-10-14 14:55:00+05:30,6203.1,6206.15,6203,6203.05,1254,
2024-10-14 14:56:00+05:30,6202.5,6206.3,6200,6204.05,2034,
2024-10-14 14:57:00+05:30,6206,6206.95,6204.05,6206.95,425,
2024-10-14 14:58:00+05:30,6206.95,6210.5,6205,6208.85,885,
2024-10-14 14:59:00+05:30,6206.85,6211,6206.5,6207.85,599,
2024-10-14 15:00:00+05:30,6207.1,6207.7,6201.75,6201.75,918,
2024-10-14 15:01:00+05:30,6201.75,6203,6199.7,6200.65,4214,
2024-10-14 15:02:00+05:30,6200,6203,6200,6202,2674,
2024-10-14 15:03:00+05:30,6202,6202,6200.3,6200.3,1000,
2024-10-14 15:04:00+05:30,6201,6202,6200,6200.35,2628,
2024-10-14 15:05:00+05:30,6202,6202,6200,6200.05,1598,
2024-10-14 15:06:00+05:30,6201.45,6203.9,6200.3,6203.05,556,
2024-10-14 15:07:00+05:30,6203.1,6203.95,6203,6203.05,720,
2024-10-14 15:08:00+05:30,6203.4,6207.6,6203.4,6203.95,1260,
2024-10-14 15:09:00+05:30,6204.95,6207.95,6204,6207.05,854,
2024-10-14 15:10:00+05:30,6206.35,6207.7,6200,6202.75,1414,
2024-10-14 15:11:00+05:30,6200.1,6202.8,6200,6200.55,1219,
2024-10-14 15:12:00+05:30,6200.55,6202.8,6200.55,6201.3,983,
2024-10-14 15:13:00+05:30,6202.8,6203.25,6200,6201,2923,
2024-10-14 15:14:00+05:30,6200.95,6202.6,6200,6201,1690,
2024-10-14 15:15:00+05:30,6200.6,6201,6200,6201,1909,
2024-10-14 15:16:00+05:30,6200.6,6202.4,6200.1,6201.15,2547,
2024-10-14 15:17:00+05:30,6201.15,6207.1,6201,6205.7,2039,
2024-10-14 15:18:00+05:30,6205.4,6214.45,6205,6214.3,4803,
2024-10-14 15:19:00+05:30,6215,6224.8,6211,6224.8,15289,
2024-10-14 15:20:00+05:30,6225.1,6235,6218,6218,12269,
2024-10-14 15:21:00+05:30,6220.8,6230,6217.4,6225.8,15595,
2024-10-14 15:22:00+05:30,6225.8,6231,6225.8,6228.15,15749,
2024-10-14 15:23:00+05:30,6228.15,6229.35,6215.9,6220.2,13049,
2024-10-14 15:24:00+05:30,6217.4,6218.9,6209.9,6211.95,3495,
2024-10-14 15:25:00+05:30,6211.95,6211.95,6209,6210,1094,
2024-10-14 15:26:00+05:30,6210,6211,6205,6205.3,1587,
2024-10-14 15:27:00+05:30,6205.05,6205.2,6198,6198,2243,
2024-10-14 15:28:00+05:30,6197.75,6200,6185.25,6200,5649,
2024-10-14 15:29:00+05:30,6200,6210,6198.5,6207,509,
2024-10-15 09:15:00+05:30,6150,6215,6143.1,6186.1,8920,
2024-10-15 09:16:00+05:30,6192.1,6194.5,6174.85,6185.05,5083,
2024-10-15 09:17:00+05:30,6180.7,6206.75,6180.6,6198.05,4111,
2024-10-15 09:18:00+05:30,6198.05,6203.6,6190.05,6201.35,2649,
2024-10-15 09:19:00+05:30,6201.35,6206.45,6196.85,6200,2858,
2024-10-15 09:20:00+05:30,6202.4,6214.7,6198.45,6207.7,3249,
2024-10-15 09:21:00+05:30,6207.7,6223.95,6204.85,6219.3,3152,
2024-10-15 09:22:00+05:30,6217.5,6227.85,6215,6215,4611,
2024-10-15 09:23:00+05:30,6216.4,6218.2,6208.35,6211.45,2047,
2024-10-15 09:24:00+05:30,6211.45,6219.9,6205,6219.55,2789,
2024-10-15 09:25:00+05:30,6219.55,6238,6213.8,6236.75,4063,
2024-10-15 09:26:00+05:30,6240,6243,6231.8,6238.65,4395,
2024-10-15 09:27:00+05:30,6238.65,6238.65,6228,6228,968,
2024-10-15 09:28:00+05:30,6227.75,6265.25,6224.75,6258.8,12681,
2024-10-15 09:29:00+05:30,6261.9,6275.85,6253.45,6265.1,18385,
2024-10-15 09:30:00+05:30,6265.05,6272,6258.9,6260.75,10861,
2024-10-15 09:31:00+05:30,6262.95,6264.45,6248.05,6255.15,6772,
2024-10-15 09:32:00+05:30,6255.2,6255.65,6240,6240.55,2982,
2024-10-15 09:33:00+05:30,6240.55,6243.9,6235.05,6240.1,3548,
2024-10-15 09:34:00+05:30,6243,6243,6230.3,6230.3,4070,
2024-10-15 09:35:00+05:30,6230.3,6234.75,6227.25,6231,2785,
2024-10-15 09:36:00+05:30,6231,6241.1,6228.1,6230,3604,
2024-10-15 09:37:00+05:30,6230,6231,6221,6221,2439,
2024-10-15 09:38:00+05:30,6221,6228.5,6220,6222.05,1717,
2024-10-15 09:39:00+05:30,6222.05,6229.5,6222.05,6228.3,905,
2024-10-15 09:40:00+05:30,6225.7,6228.3,6216,6221.7,2417,
2024-10-15 09:41:00+05:30,6221.7,6228.3,6221.7,6228.25,1252,
2024-10-15 09:42:00+05:30,6228.25,6232.9,6221.3,6232.15,1220,
2024-10-15 09:43:00+05:30,6230.35,6237.65,6229.15,6234.05,1058,
2024-10-15 09:44:00+05:30,6234.05,6236,6226,6228,546,
2024-10-15 09:45:00+05:30,6228,6235.75,6224.05,6232.45,2335,
2024-10-15 09:46:00+05:30,6232.45,6239,6227.1,6238.35,5359,
2024-10-15 09:47:00+05:30,6238.35,6238.35,6228.5,6233.75,2293,
2024-10-15 09:48:00+05:30,6230.45,6234.05,6223.05,6225.3,1692,
2024-10-15 09:49:00+05:30,6225.45,6228.3,6221,6221,1406,
2024-10-15 09:50:00+05:30,6221,6222.6,6215,6219.55,4375,
2024-10-15 09:51:00+05:30,6219.55,6220.15,6213,6217.3,838,
2024-10-15 09:52:00+05:30,6219.7,6219.7,6198.3,6201.25,4382,
2024-10-15 09:53:00+05:30,6198,6201.95,6194.15,6194.15,12503,
2024-10-15 09:54:00+05:30,6194.2,6194.9,6185,6194,7531,
2024-10-15 09:55:00+05:30,6194,6199.9,6187.55,6198.9,3955,
2024-10-15 09:56:00+05:30,6195.6,6198.9,6192.15,6194.65,628,
2024-10-15 09:57:00+05:30,6194.65,6203,6193.35,6200.1,5724,
2024-10-15 09:58:00+05:30,6200.1,6202.75,6191,6194.05,7328,
2024-10-15 09:59:00+05:30,6194.05,6199,6194.05,6195.25,615,
2024-10-15 10:00:00+05:30,6195.25,6197.9,6191.5,6191.5,2530,
2024-10-15 10:01:00+05:30,6191.5,6195,6191,6192.5,684,
2024-10-15 10:02:00+05:30,6192.5,6192.5,6187,6189.8,591,
2024-10-15 10:03:00+05:30,6189.85,6197.3,6188,6197.2,5983,
2024-10-15 10:04:00+05:30,6193.2,6200.15,6193.2,6195.95,6460,
2024-10-15 10:05:00+05:30,6194.45,6200,6192,6192.95,1616,
2024-10-15 10:06:00+05:30,6192.95,6203.05,6191.15,6200,1926,
2024-10-15 10:07:00+05:30,6200,6206.9,6200,6205.75,1188,
2024-10-15 10:08:00+05:30,6205.75,6205.8,6200.05,6203,403,
2024-10-15 10:09:00+05:30,6203,6204.1,6195.3,6195.7,641,
2024-10-15 10:10:00+05:30,6195.7,6197.2,6190.2,6191.35,877,
2024-10-15 10:11:00+05:30,6190.05,6198.75,6190,6198.25,437,
2024-10-15 10:12:00+05:30,6198.3,6200,6196.05,6196.05,316,
2024-10-15 10:13:00+05:30,6197.35,6197.35,6194,6194,239,
2024-10-15 10:14:00+05:30,6194,6195,6191,6191.05,108,
2024-10-15 10:15:00+05:30,6193.55,6199,6190,6192.05,1986,
2024-10-15 10:16:00+05:30,6192.05,6204.4,6192,6200.95,2018,
2024-10-15 10:17:00+05:30,6200.95,6200.95,6196.65,6200.2,310,
2024-10-15 10:18:00+05:30,6200.2,6200.2,6196.05,6198.85,278,
2024-10-15 10:19:00+05:30,6198.85,6198.85,6194.15,6196.9,123,
2024-10-15 10:20:00+05:30,6196.9,6199.95,6194.15,6196,358,
2024-10-15 10:21:00+05:30,6197.7,6200,6195,6200,1161,
2024-10-15 10:22:00+05:30,6197.95,6200.1,6195.55,6198.1,397,
2024-10-15 10:23:00+05:30,6198.1,6198.1,6194.95,6196.2,1120,
2024-10-15 10:24:00+05:30,6199.45,6199.45,6194.55,6198.85,810,
2024-10-15 10:25:00+05:30,6198.85,6198.9,6195,6197.5,183,
2024-10-15 10:26:00+05:30,6199,6199,6194.95,6194.95,217,
2024-10-15 10:27:00+05:30,6194.95,6195.05,6190,6194.15,1156,
2024-10-15 10:28:00+05:30,6194.15,6194.15,6190.05,6192.55,408,
2024-10-15 10:29:00+05:30,6191.35,6192.55,6187.25,6190,476,
2024-10-15 10:30:00+05:30,6190,6190,6185.1,6187,783,
2024-10-15 10:31:00+05:30,6187,6189.2,6185.1,6188.35,925,
2024-10-15 10:32:00+05:30,6188.3,6189.45,6181.7,6181.7,1374,
2024-10-15 10:33:00+05:30,6181.7,6193.8,6180,6191.7,2488,
2024-10-15 10:34:00+05:30,6191.7,6193.95,6184.5,6187.35,307,
2024-10-15 10:35:00+05:30,6187.35,6189.2,6185.15,6189,392,
2024-10-15 10:36:00+05:30,6190,6192.8,6188.05,6190.5,767,
2024-10-15 10:37:00+05:30,6191,6193.9,6188,6191.1,1362,
2024-10-15 10:38:00+05:30,6191.1,6200.1,6190.4,6198.95,1998,
2024-10-15 10:39:00+05:30,6198.95,6212.15,6194.3,6210.7,5084,
2024-10-15 10:40:00+05:30,6210.7,6222.1,6210.7,6221.8,3905,
2024-10-15 10:41:00+05:30,6222.45,6230.55,6218.65,6227.7,3219,
2024-10-15 10:42:00+05:30,6227.7,6233.95,6224.95,6229.35,2337,
2024-10-15 10:43:00+05:30,6229.5,6230.2,6224.7,6224.85,441,
2024-10-15 10:44:00+05:30,6227.1,6238.8,6224.35,6238,1759,
2024-10-15 10:45:00+05:30,6238,6246.95,6235.15,6240,2313,
2024-10-15 10:46:00+05:30,6240,6241.6,6231.45,6232.45,1916,
2024-10-15 10:47:00+05:30,6232.45,6234.95,6228.45,6231.9,930,
2024-10-15 10:48:00+05:30,6231.9,6238.8,6230,6234,804,
2024-10-15 10:49:00+05:30,6234,6238.45,6230.55,6231.3,576,
2024-10-15 10:50:00+05:30,6232.35,6233.4,6225.75,6225.75,673,
2024-10-15 10:51:00+05:30,6225.75,6237.95,6225.75,6233.65,996,
2024-10-15 10:52:00+05:30,6233.7,6248.95,6232.3,6247.7,3483,
2024-10-15 10:53:00+05:30,6245.85,6248.9,6244.65,6248,1182,
2024-10-15 10:54:00+05:30,6248,6252,6247.05,6249,1538,
2024-10-15 10:55:00+05:30,6249,6250,6245.05,6247.45,1250,
2024-10-15 10:56:00+05:30,6248.2,6249,6240.4,6246.6,596,
2024-10-15 10:57:00+05:30,6247.5,6248.15,6240,6240,253,
2024-10-15 10:58:00+05:30,6240,6243,6239.5,6239.8,492,
2024-10-15 10:59:00+05:30,6241.05,6253.85,6238.9,6251.05,2237,
2024-10-15 11:00:00+05:30,6251.05,6251.05,6246.15,6248,468,
2024-10-15 11:01:00+05:30,6248,6258.4,6245.05,6254.25,2698,
2024-10-15 11:02:00+05:30,6254.25,6254.25,6245.2,6247.55,456,
2024-10-15 11:03:00+05:30,6247.6,6247.6,6242.05,6243,213,
2024-10-15 11:04:00+05:30,6243,6245,6241.55,6245,292,
2024-10-15 11:05:00+05:30,6245,6246.8,6245,6246.8,241,
2024-10-15 11:06:00+05:30,6246.8,6250,6243.5,6243.6,916,
2024-10-15 11:07:00+05:30,6243.6,6251.3,6241,6247.9,435,
2024-10-15 11:08:00+05:30,6247.9,6256.95,6247.9,6252.55,1447,
2024-10-15 11:09:00+05:30,6252.55,6258.65,6251.2,6258.45,945,
2024-10-15 11:10:00+05:30,6258.45,6260,6254,6259.95,924,
2024-10-15 11:11:00+05:30,6259.95,6259.95,6256,6256,738,
2024-10-15 11:12:00+05:30,6256,6258.05,6252.5,6255.2,381,
2024-10-15 11:13:00+05:30,6255.2,6264,6255,6259.05,2133,
2024-10-15 11:14:00+05:30,6259.05,6259.05,6252.2,6258.9,464,
2024-10-15 11:15:00+05:30,6258.9,6258.9,6251.1,6252,296,
2024-10-15 11:16:00+05:30,6252,6258.8,6251.7,6256.85,558,
2024-10-15 11:17:00+05:30,6256.85,6258.15,6251.15,6258.15,645,
2024-10-15 11:18:00+05:30,6256.7,6258.1,6251.7,6252,324,
2024-10-15 11:19:00+05:30,6252,6253.5,6245,6247.25,472,
2024-10-15 11:20:00+05:30,6247.25,6253.7,6246.15,6247.1,294,
2024-10-15 11:21:00+05:30,6245.2,6249.65,6245,6247.1,425,
2024-10-15 11:22:00+05:30,6247.1,6247.55,6244.05,6247.55,846,
2024-10-15 11:23:00+05:30,6248,6248,6241.15,6242.1,130,
2024-10-15 11:24:00+05:30,6241.5,6243.55,6240.1,6242.1,315,
2024-10-15 11:25:00+05:30,6242.1,6243.25,6240.1,6240.1,350,
2024-10-15 11:26:00+05:30,6242.4,6244.4,6241.05,6243.95,495,
2024-10-15 11:27:00+05:30,6244.35,6244.9,6238,6239.55,516,
2024-10-15 11:28:00+05:30,6239.55,6243.65,6235.5,6243.1,4245,
2024-10-15 11:29:00+05:30,6243.1,6243.1,6239.4,6241,325,
2024-10-15 11:30:00+05:30,6241,6244.7,6239.4,6241.35,910,
2024-10-15 11:31:00+05:30,6244.35,6244.95,6241,6243.35,355,
2024-10-15 11:32:00+05:30,6243.35,6243.35,6238.9,6242.45,505,
2024-10-15 11:33:00+05:30,6242.45,6243.05,6240.05,6241.75,481,
2024-10-15 11:34:00+05:30,6241.75,6243.6,6240.15,6240.65,673,
2024-10-15 11:35:00+05:30,6240.65,6242.3,6240.65,6241.5,273,
2024-10-15 11:36:00+05:30,6243,6244.9,6234.5,6236.35,2497,
2024-10-15 11:37:00+05:30,6236.55,6240.05,6236.5,6239.8,769,
2024-10-15 11:38:00+05:30,6239.8,6239.8,6232.6,6233.3,1029,
2024-10-15 11:39:00+05:30,6233.9,6235.95,6230.65,6232.15,2400,
2024-10-15 11:40:00+05:30,6230.7,6236,6230.7,6231.4,3559,
2024-10-15 11:41:00+05:30,6231.4,6233,6229,6229,1906,
2024-10-15 11:42:00+05:30,6229,6232.4,6227.75,6231.05,1565,
2024-10-15 11:43:00+05:30,6231.05,6231.05,6226.85,6228.7,471,
2024-10-15 11:44:00+05:30,6228.8,6230.5,6227.05,6230.45,804,
2024-10-15 11:45:00+05:30,6230.05,6239.85,6230,6236.95,3584,
2024-10-15 11:46:00+05:30,6236.95,6238.5,6234.3,6236.6,465,
2024-10-15 11:47:00+05:30,6236.6,6236.6,6230.85,6232.45,784,
2024-10-15 11:48:00+05:30,6232.45,6232.45,6230,6231.9,305,
2024-10-15 11:49:00+05:30,6231.9,6232.5,6230.95,6231.35,641,
2024-10-15 11:50:00+05:30,6231.35,6232.2,6229.75,6231,571,
2024-10-15 11:51:00+05:30,6231.7,6236.95,6231.7,6236.05,1202,
2024-10-15 11:52:00+05:30,6235.65,6239,6235.65,6238.85,414,
2024-10-15 11:53:00+05:30,6238.85,6238.85,6234.5,6237.9,4151,
2024-10-15 11:54:00+05:30,6237.9,6237.9,6233.2,6236,818,
2024-10-15 11:55:00+05:30,6235.95,6236,6230.35,6231.3,623,
2024-10-15 11:56:00+05:30,6231.3,6235.9,6230,6233.35,862,
2024-10-15 11:57:00+05:30,6233.35,6233.8,6231.55,6233.75,305,
2024-10-15 11:58:00+05:30,6233.75,6236.05,6233.05,6233.3,283,
2024-10-15 11:59:00+05:30,6233.3,6235.8,6233.05,6235.6,457,
2024-10-15 12:00:00+05:30,6235.6,6235.6,6230.5,6232.85,2085,
2024-10-15 12:01:00+05:30,6231.65,6234.35,6230.5,6230.5,368,
2024-10-15 12:02:00+05:30,6230.5,6232.95,6227.05,6228,1160,
2024-10-15 12:03:00+05:30,6228,6230,6227,6230,600,
2024-10-15 12:04:00+05:30,6230,6230,6227.95,6230,637,
2024-10-15 12:05:00+05:30,6230.9,6233.15,6228.85,6229.45,1938,
2024-10-15 12:06:00+05:30,6229.45,6229.55,6226.5,6228.2,609,
2024-10-15 12:07:00+05:30,6228.2,6230,6227,6228.8,640,
2024-10-15 12:08:00+05:30,6228.05,6228.55,6222.5,6224.65,1247,
2024-10-15 12:09:00+05:30,6224.6,6226,6223.45,6224.95,668,
2024-10-15 12:10:00+05:30,6224.95,6228.8,6224.25,6227.85,682,
2024-10-15 12:11:00+05:30,6227.85,6230,6225.45,6229.05,780,
2024-10-15 12:12:00+05:30,6229,6229.05,6225.1,6227.95,362,
2024-10-15 12:13:00+05:30,6227.95,6227.95,6225.9,6226.5,377,
2024-10-15 12:14:00+05:30,6226.5,6228.45,6225.45,6226.05,549,
2024-10-15 12:15:00+05:30,6225.55,6226.65,6224,6226.4,1148,
2024-10-15 12:16:00+05:30,6226.4,6226.4,6224,6224.45,275,
2024-10-15 12:17:00+05:30,6224.45,6227.5,6224,6227.5,672,
2024-10-15 12:18:00+05:30,6227.5,6228.55,6223.7,6228.55,953,
2024-10-15 12:19:00+05:30,6228.55,6228.55,6225.05,6227,472,
2024-10-15 12:20:00+05:30,6227,6229,6226.35,6228.5,488,
2024-10-15 12:21:00+05:30,6228.5,6238.85,6228.45,6238.85,2869,
2024-10-15 12:22:00+05:30,6238.85,6239.4,6231.9,6239,11604,
2024-10-15 12:23:00+05:30,6239,6247,6239,6241.4,1428,
2024-10-15 12:24:00+05:30,6241.4,6244.5,6230.55,6232.6,1949,
2024-10-15 12:25:00+05:30,6232.6,6238.65,6232.6,6233.7,1110,
2024-10-15 12:26:00+05:30,6233.7,6237.85,6231.25,6236.35,761,
2024-10-15 12:27:00+05:30,6236.35,6238.15,6234.2,6238.1,688,
2024-10-15 12:28:00+05:30,6237.6,6241.25,6235.55,6238.3,1299,
2024-10-15 12:29:00+05:30,6238.3,6239,6231.2,6234.15,1090,
2024-10-15 12:30:00+05:30,6234.15,6234.65,6227,6229.6,932,
2024-10-15 12:31:00+05:30,6229.6,6232.3,6225.35,6225.55,104859,
2024-10-15 12:32:00+05:30,6225.55,6227.6,6214.1,6215,1634,
2024-10-15 12:33:00+05:30,6215,6218.75,6213.75,6216.1,367,
2024-10-15 12:34:00+05:30,6216.1,6217.7,6215.25,6217.35,198,
2024-10-15 12:35:00+05:30,6217.35,6220,6215.4,6220,288,
2024-10-15 12:36:00+05:30,6220,6223.75,6217.05,6219.8,1282,
2024-10-15 12:37:00+05:30,6219.8,6219.8,6213.75,6216,1447,
2024-10-15 12:38:00+05:30,6216,6216.8,6210.05,6215.65,1990,
2024-10-15 12:39:00+05:30,6216,6216.3,6212.25,6212.45,415,
2024-10-15 12:40:00+05:30,6212.45,6213.1,6211.4,6211.4,441,
2024-10-15 12:41:00+05:30,6211.15,6212.75,6210.65,6210.9,888,
2024-10-15 12:42:00+05:30,6210.9,6214.9,6210.9,6213.95,480,
2024-10-15 12:43:00+05:30,6213.95,6213.95,6210,6210.25,840,
2024-10-15 12:44:00+05:30,6210.45,6211,6210,6211,290,
2024-10-15 12:45:00+05:30,6211,6211.4,6203.4,6208.3,5334,
2024-10-15 12:46:00+05:30,6208.3,6213.85,6207.55,6209.9,1101,
2024-10-15 12:47:00+05:30,6209.9,6210.05,6206.15,6207.95,748,
2024-10-15 12:48:00+05:30,6207.95,6210.9,6207,6209.65,1304,
2024-10-15 12:49:00+05:30,6208.9,6208.9,6205,6208.05,2510,
2024-10-15 12:50:00+05:30,6206.3,6207.25,6201.45,6204.8,2265,
2024-10-15 12:51:00+05:30,6204.8,6204.8,6200.3,6202.25,1249,
2024-10-15 12:52:00+05:30,6202.25,6206.2,6201.7,6202.4,1415,
2024-10-15 12:53:00+05:30,6202.4,6202.85,6201.7,6201.7,865,
2024-10-15 12:54:00+05:30,6201.7,6202.5,6200,6201.55,1005,
2024-10-15 12:55:00+05:30,6200,6200,6193.05,6193.4,2181,
2024-10-15 12:56:00+05:30,6195.1,6199.5,6193.05,6197.2,785,
2024-10-15 12:57:00+05:30,6197.2,6197.2,6181,6181,5494,
2024-10-15 12:58:00+05:30,6181,6181.45,6176.75,6178.95,1832,
2024-10-15 12:59:00+05:30,6176.15,6186.65,6176.15,6186.6,1890,
2024-10-15 13:00:00+05:30,6185.8,6188.4,6183.2,6185,2177,
2024-10-15 13:01:00+05:30,6185.05,6187,6185,6186.35,792,
2024-10-15 13:02:00+05:30,6186.35,6186.4,6176.8,6177.7,9724,
2024-10-15 13:03:00+05:30,6177.05,6177.7,6170.15,6175,3099,
2024-10-15 13:04:00+05:30,6175,6181.95,6175,6180.25,2171,
2024-10-15 13:05:00+05:30,6180.25,6182,6175,6175.05,4432,
2024-10-15 13:06:00+05:30,6175.05,6182,6175,6180.3,4732,
2024-10-15 13:07:00+05:30,6180.3,6180.3,6180,6180,1314,
2024-10-15 13:08:00+05:30,6180,6181.15,6175,6175,935,
2024-10-15 13:09:00+05:30,6176.6,6178.25,6155,6155,38649,
2024-10-15 13:10:00+05:30,6155.6,6173.35,6153.05,6172.3,16228,
2024-10-15 13:11:00+05:30,6172.3,6172.3,6151.3,6152.65,19099,
2024-10-15 13:12:00+05:30,6150,6173.5,6150,6170.65,3636,
2024-10-15 13:13:00+05:30,6170.7,6179,6162.8,6162.85,2955,
2024-10-15 13:14:00+05:30,6165.75,6165.75,6151.8,6153.8,2348,
2024-10-15 13:15:00+05:30,6152.4,6153.75,6145,6150,3063,
2024-10-15 13:16:00+05:30,6150,6150,6144,6147.8,2971,
2024-10-15 13:17:00+05:30,6147.8,6148.45,6143.1,6148,1944,
2024-10-15 13:18:00+05:30,6145,6150,6135.05,6148.85,6444,
2024-10-15 13:19:00+05:30,6148.85,6152.25,6137.55,6140,2939,
2024-10-15 13:20:00+05:30,6140,6147.95,6135.55,6144.3,4992,
2024-10-15 13:21:00+05:30,6144.3,6151.5,6144.05,6147,3458,
2024-10-15 13:22:00+05:30,6147.9,6163.85,6146.75,6158.55,5795,
2024-10-15 13:23:00+05:30,6157.95,6157.95,6147.6,6150,2173,
2024-10-15 13:24:00+05:30,6150,6150,6145.7,6146.25,510,
2024-10-15 13:25:00+05:30,6147.95,6153.45,6141.95,6149.45,2240,
2024-10-15 13:26:00+05:30,6149.45,6150,6145,6150,1516,
2024-10-15 13:27:00+05:30,6150,6150,6129.15,6130.35,3699,
2024-10-15 13:28:00+05:30,6130.35,6143.4,6130.35,6140.95,3354,
2024-10-15 13:29:00+05:30,6139.85,6146.2,6139.8,6145.45,2763,
2024-10-15 13:30:00+05:30,6145.5,6148.8,6143.25,6148.55,844,
2024-10-15 13:31:00+05:30,6148.55,6159.95,6145.55,6151.45,5993,
2024-10-15 13:32:00+05:30,6151.45,6159.75,6150,6150.25,2727,
2024-10-15 13:33:00+05:30,6150.25,6155.3,6149.3,6149.85,3426,
2024-10-15 13:34:00+05:30,6149.85,6150,6140.3,6140.3,2680,
2024-10-15 13:35:00+05:30,6140.3,6142.85,6134.35,6139.8,1508,
2024-10-15 13:36:00+05:30,6139.8,6140,6138.4,6139,1336,
2024-10-15 13:37:00+05:30,6139,6139,6132,6134.45,2483,
2024-10-15 13:38:00+05:30,6134.45,6142.15,6132.45,6140.8,7549,
2024-10-15 13:39:00+05:30,6140.8,6143.35,6137.05,6137.7,944,
2024-10-15 13:40:00+05:30,6137.7,6139,6130,6137.5,7279,
2024-10-15 13:41:00+05:30,6137.5,6137.75,6121.1,6121.1,7186,
2024-10-15 13:42:00+05:30,6122.25,6131,6118.8,6118.8,3650,
2024-10-15 13:43:00+05:30,6119.95,6121.85,6100.25,6108.6,7888,
2024-10-15 13:44:00+05:30,6108.55,6108.55,6097.4,6102.8,5095,
2024-10-15 13:45:00+05:30,6102.85,6105.35,6093.95,6101.6,19552,
2024-10-15 13:46:00+05:30,6101.65,6110.5,6097,6110,21274,
2024-10-15 13:47:00+05:30,6110,6117.5,6107,6111.15,2246,
2024-10-15 13:48:00+05:30,6111.1,6112.5,6086.3,6094.75,16795,
2024-10-15 13:49:00+05:30,6094.75,6100.7,6088,6099,8909,
2024-10-15 13:50:00+05:30,6097,6101.7,6082.2,6091.4,11959,
2024-10-15 13:51:00+05:30,6096.7,6098.45,6084.6,6090,23443,
2024-10-15 13:52:00+05:30,6090,6091.95,6082.3,6087.6,9061,
2024-10-15 13:53:00+05:30,6087.55,6091.95,6087.55,6090.25,6367,
2024-10-15 13:54:00+05:30,6089.2,6095,6088.6,6095,6483,
2024-10-15 13:55:00+05:30,6095,6095,6085,6085,9793,
2024-10-15 13:56:00+05:30,6085,6086.05,6078.55,6085,14799,
2024-10-15 13:57:00+05:30,6085,6085.7,6075.5,6080,17647,
2024-10-15 13:58:00+05:30,6080,6084,6075.95,6077.15,3068,
2024-10-15 13:59:00+05:30,6077,6082.95,6077,6080.05,2392,
2024-10-15 14:00:00+05:30,6080.05,6081.6,6080,6080,1143,
2024-10-15 14:01:00+05:30,6080,6084.15,6080,6082.35,1698,
2024-10-15 14:02:00+05:30,6084.65,6090.95,6081.05,6086.25,3910,
2024-10-15 14:03:00+05:30,6086.25,6087.7,6074.05,6074.05,7316,
2024-10-15 14:04:00+05:30,6074.15,6077.7,6070,6074.05,4028,
2024-10-15 14:05:00+05:30,6074.05,6080,6073.1,6077,5422,
2024-10-15 14:06:00+05:30,6077,6079.3,6075,6076.95,1800,
2024-10-15 14:07:00+05:30,6077.2,6086.7,6076.3,6084.3,3866,
2024-10-15 14:08:00+05:30,6084.3,6084.3,6080.15,6081.85,1395,
2024-10-15 14:09:00+05:30,6081.85,6084.2,6080,6080.3,5413,
2024-10-15 14:10:00+05:30,6080.1,6084.5,6079.9,6083.7,2281,
2024-10-15 14:11:00+05:30,6083.7,6083.7,6080,6080,1910,
2024-10-15 14:12:00+05:30,6080.3,6083.9,6080,6083.9,9344,
2024-10-15 14:13:00+05:30,6083.9,6086.05,6080,6083.95,11488,
2024-10-15 14:14:00+05:30,6083.65,6087.8,6081.35,6086.15,5197,
2024-10-15 14:15:00+05:30,6087.25,6087.25,6076.05,6077.6,31564,
2024-10-15 14:16:00+05:30,6075,6076.15,6058.95,6070,24342,
2024-10-15 14:17:00+05:30,6070,6071,6070,6070.05,4809,
2024-10-15 14:18:00+05:30,6070.05,6070.05,6064.05,6067.9,4837,
2024-10-15 14:19:00+05:30,6065,6067.65,6062.75,6063.25,2560,
2024-10-15 14:20:00+05:30,6062.85,6063.25,6054.6,6059.15,11767,
2024-10-15 14:21:00+05:30,6059.15,6060,6050.05,6058.1,7167,
2024-10-15 14:22:00+05:30,6056.95,6060,6046.6,6046.65,8844,
2024-10-15 14:23:00+05:30,6046.65,6050,6042,6045,5449,
2024-10-15 14:24:00+05:30,6044.55,6047.85,6028.05,6041.45,18969,
2024-10-15 14:25:00+05:30,6039.3,6045.15,6037.05,6045,11999,
2024-10-15 14:26:00+05:30,6045,6046.15,6039.25,6042.9,6130,
2024-10-15 14:27:00+05:30,6042.9,6044.75,6039.85,6044.7,2366,
2024-10-15 14:28:00+05:30,6041.05,6045,6026.05,6041.75,7809,
2024-10-15 14:29:00+05:30,6041.75,6045,6033.5,6033.5,5041,
2024-10-15 14:30:00+05:30,6032.3,6039.95,6026.05,6035,4870,
2024-10-15 14:31:00+05:30,6032.85,6039.35,6027.2,6028.75,3806,
2024-10-15 14:32:00+05:30,6026.1,6038.3,6026.1,6031,3350,
2024-10-15 14:33:00+05:30,6027.35,6030.45,6021.7,6028,3836,
2024-10-15 14:34:00+05:30,6027.35,6033.65,6020.35,6033.4,4137,
2024-10-15 14:35:00+05:30,6033.4,6033.8,6026.75,6029.95,3442,
2024-10-15 14:36:00+05:30,6030,6037.4,6030,6036.45,3595,
2024-10-15 14:37:00+05:30,6036.35,6059.1,6036.35,6056.25,8947,
2024-10-15 14:38:00+05:30,6056.25,6059.15,6051.85,6059.05,4206,
2024-10-15 14:39:00+05:30,6059.05,6076.7,6056.75,6072.85,5220,
2024-10-15 14:40:00+05:30,6074.65,6109,6074.65,6105.2,21855,
2024-10-15 14:41:00+05:30,6108,6108,6096,6096.85,3695,
2024-10-15 14:42:00+05:30,6096.85,6106,6096.2,6103.85,2125,
2024-10-15 14:43:00+05:30,6103.2,6139.95,6100,6122.8,10062,
2024-10-15 14:44:00+05:30,6122.8,6123,6109.45,6111.15,3315,
2024-10-15 14:45:00+05:30,6110.25,6123.25,6108.65,6117.05,3224,
2024-10-15 14:46:00+05:30,6116.5,6124.65,6116.5,6124.65,1946,
2024-10-15 14:47:00+05:30,6124.65,6130,6114.7,6123.05,4962,
2024-10-15 14:48:00+05:30,6122.1,6131,6122.05,6128,2888,
2024-10-15 14:49:00+05:30,6128,6130.6,6124.5,6124.5,1770,
2024-10-15 14:50:00+05:30,6124.5,6124.5,6113,6114.15,3289,
2024-10-15 14:51:00+05:30,6114.15,6123.25,6114,6122.05,1504,
2024-10-15 14:52:00+05:30,6122.05,6123,6114,6115.25,1326,
2024-10-15 14:53:00+05:30,6115.25,6121,6114.05,6117.6,2073,
2024-10-15 14:54:00+05:30,6118.15,6119.45,6095.35,6095.35,15895,
2024-10-15 14:55:00+05:30,6095.2,6100.95,6089.7,6094.5,3561,
2024-10-15 14:56:00+05:30,6094.5,6102.55,6092.3,6101.5,1397,
2024-10-15 14:57:00+05:30,6101.5,6103.4,6099.8,6100,1796,
2024-10-15 14:58:00+05:30,6100,6103.4,6094.05,6098.3,2493,
2024-10-15 14:59:00+05:30,6098.3,6100,6096.55,6098.1,2898,
2024-10-15 15:00:00+05:30,6097.8,6097.8,6084.55,6089.1,8480,
2024-10-15 15:01:00+05:30,6089.1,6097,6088.4,6093.35,5235,
2024-10-15 15:02:00+05:30,6093.35,6097.55,6091.4,6095.1,3455,
2024-10-15 15:03:00+05:30,6095.1,6104.1,6092.7,6102.9,4293,
2024-10-15 15:04:00+05:30,6104,6112.3,6103.8,6111.5,3626,
2024-10-15 15:05:00+05:30,6111.5,6113.2,6106.05,6106.45,2700,
2024-10-15 15:06:00+05:30,6106.65,6106.65,6103.35,6103.35,2407,
2024-10-15 15:07:00+05:30,6103.65,6105,6102.4,6104.35,2710,
2024-10-15 15:08:00+05:30,6104.2,6108.35,6104.05,6104.05,2420,
2024-10-15 15:09:00+05:30,6104.05,6113.9,6103,6112,7186,
2024-10-15 15:10:00+05:30,6110.1,6111.6,6106.05,6110.1,1892,
2024-10-15 15:11:00+05:30,6110.1,6110.1,6105.25,6106.35,2294,
2024-10-15 15:12:00+05:30,6105.25,6109.4,6100.1,6108.8,4916,
2024-10-15 15:13:00+05:30,6108.8,6108.8,6103,6103,1630,
2024-10-15 15:14:00+05:30,6103,6108.85,6102.1,6104.65,2939,
2024-10-15 15:15:00+05:30,6104.65,6111,6104.65,6109,3924,
2024-10-15 15:16:00+05:30,6109.65,6119.9,6108.9,6113.45,5136,
2024-10-15 15:17:00+05:30,6113.45,6115.5,6110.65,6111.1,2452,
2024-10-15 15:18:00+05:30,6111.1,6113.1,6110,6111.55,4006,
2024-10-15 15:19:00+05:30,6112.75,6114,6112.5,6113.45,3410,
2024-10-15 15:20:00+05:30,6113.45,6118.95,6113.1,6116.95,4415,
2024-10-15 15:21:00+05:30,6116.95,6117,6115,6116,3517,
2024-10-15 15:22:00+05:30,6116.1,6117,6115.8,6116,2473,
2024-10-15 15:23:00+05:30,6116.25,6116.7,6114.5,6115,1817,
2024-10-15 15:24:00+05:30,6115.05,6118,6114.95,6115.5,3143,
2024-10-15 15:25:00+05:30,6115.55,6118,6114.45,6114.8,1761,
2024-10-15 15:26:00+05:30,6114.8,6115.1,6106.95,6108.7,2510,
2024-10-15 15:27:00+05:30,6108.7,6113.65,6108.7,6112.95,2855,
2024-10-15 15:28:00+05:30,6112.95,6115,6109.5,6114.85,1650,
2024-10-15 15:29:00+05:30,6114.85,6118,6103.85,6103.85,2157,
2024-10-16 09:15:00+05:30,6101.7,6139.4,6100,6124.7,4252,
2024-10-16 09:16:00+05:30,6124.7,6124.7,6096,6114.25,1539,
2024-10-16 09:17:00+05:30,6113.95,6118.9,6103.15,6103.15,1006,
2024-10-16 09:18:00+05:30,6103.15,6116.25,6101.25,6111.1,839,
2024-10-16 09:19:00+05:30,6106.95,6111.9,6100,6106.3,1406,
2024-10-16 09:20:00+05:30,6106.3,6108.95,6092.35,6092.35,1199,
2024-10-16 09:21:00+05:30,6094.55,6098.75,6084.85,6095,3071,
2024-10-16 09:22:00+05:30,6095,6104.2,6091.1,6091.15,2012,
2024-10-16 09:23:00+05:30,6094.25,6099.35,6091.25,6097.35,172,
2024-10-16 09:24:00+05:30,6095,6108.15,6091.1,6104.4,3432,
2024-10-16 09:25:00+05:30,6106.25,6113,6102.95,6108.95,633,
2024-10-16 09:26:00+05:30,6109.35,6126.15,6109.35,6121.6,1332,
2024-10-16 09:27:00+05:30,6121.6,6127.65,6115.75,6115.75,937,
2024-10-16 09:28:00+05:30,6115.75,6117.8,6102,6105.4,1003,
2024-10-16 09:29:00+05:30,6104.25,6104.85,6095.55,6102.15,2093,
2024-10-16 09:30:00+05:30,6102.15,6106.3,6100,6102.05,591,
2024-10-16 09:31:00+05:30,6102.05,6102.05,6082.1,6092.85,3609,
2024-10-16 09:32:00+05:30,6092.85,6092.85,6081.25,6083.25,2788,
2024-10-16 09:33:00+05:30,6083.25,6084.4,6075,6075,2052,
2024-10-16 09:34:00+05:30,6075,6079,6075,6076.55,962,
2024-10-16 09:35:00+05:30,6076.45,6078.95,6066.95,6077.55,5482,
2024-10-16 09:36:00+05:30,6073.65,6079,6072.15,6074.25,372,
2024-10-16 09:37:00+05:30,6074.25,6074.25,6062.4,6068.1,1362,
2024-10-16 09:38:00+05:30,6064.05,6069,6057.5,6059.95,6551,
2024-10-16 09:39:00+05:30,6060,6065.75,6057,6060,4299,
2024-10-16 09:40:00+05:30,6060,6067.25,6058,6065.8,2183,
2024-10-16 09:41:00+05:30,6065.8,6075,6065.8,6073.15,1233,
2024-10-16 09:42:00+05:30,6072,6074.75,6072,6073.85,221,
2024-10-16 09:43:00+05:30,6074,6076.1,6070,6072.8,2333,
2024-10-16 09:44:00+05:30,6073.65,6076,6062.05,6070.3,2614,
2024-10-16 09:45:00+05:30,6070.3,6074.8,6070,6072.9,573,
2024-10-16 09:46:00+05:30,6072.9,6076.65,6071.15,6073.75,285,
2024-10-16 09:47:00+05:30,6073.6,6074,6071.55,6073,95,
2024-10-16 09:48:00+05:30,6073,6075.1,6070,6074.35,1163,
2024-10-16 09:49:00+05:30,6074.35,6076,6070,6071.2,1170,
2024-10-16 09:50:00+05:30,6071.2,6071.9,6070,6070.05,1866,
2024-10-16 09:51:00+05:30,6070.05,6072.95,6070,6070.05,363,
2024-10-16 09:52:00+05:30,6070.05,6073.7,6070,6071.95,105,
2024-10-16 09:53:00+05:30,6071.95,6076.2,6070.35,6071.25,206,
2024-10-16 09:54:00+05:30,6071.25,6076.8,6070,6072.2,1786,
2024-10-16 09:55:00+05:30,6072.2,6073.3,6068,6069.05,4275,
2024-10-16 09:56:00+05:30,6069.1,6070,6065,6067.95,3005,
2024-10-16 09:57:00+05:30,6067.95,6067.95,6061,6062.05,1157,
2024-10-16 09:58:00+05:30,6062.05,6065,6060.6,6065,1059,
2024-10-16 09:59:00+05:30,6065,6065,6058,6061.55,1935,
2024-10-16 10:00:00+05:30,6061.55,6065,6061.55,6063.45,117,
2024-10-16 10:01:00+05:30,6063.45,6067.3,6061.15,6061.15,219,
2024-10-16 10:02:00+05:30,6065.7,6069.95,6058.4,6062,7776,
2024-10-16 10:03:00+05:30,6062,6067.95,6060,6063.8,344,
2024-10-16 10:04:00+05:30,6063.55,6069.25,6062.4,6069.25,256,
2024-10-16 10:05:00+05:30,6067.75,6077.45,6067.75,6072.1,2026,
2024-10-16 10:06:00+05:30,6072,6075.1,6071.3,6075,4263,
2024-10-16 10:07:00+05:30,6075,6083.5,6073.2,6073.2,4536,
2024-10-16 10:08:00+05:30,6073.2,6083.1,6073.2,6076.9,388,
2024-10-16 10:09:00+05:30,6076.9,6083.95,6076.9,6080.95,350,
2024-10-16 10:10:00+05:30,6080.95,6084,6074.6,6078.45,323,
2024-10-16 10:11:00+05:30,6078.5,6082,6075,6080.05,1314,
2024-10-16 10:12:00+05:30,6080.1,6083,6080,6081.65,899,
2024-10-16 10:13:00+05:30,6081.6,6084.95,6080,6082.3,1311,
2024-10-16 10:14:00+05:30,6082.25,6092.25,6078.95,6078.95,7271,
2024-10-16 10:15:00+05:30,6078.95,6084.95,6078.75,6083.8,558,
2024-10-16 10:16:00+05:30,6083.8,6088.85,6080.4,6087.95,540,
2024-10-16 10:17:00+05:30,6087.95,6087.95,6085.75,6087.95,290,
2024-10-16 10:18:00+05:30,6086.9,6087.95,6085.75,6086.8,466,
2024-10-16 10:19:00+05:30,6086.8,6087.85,6082.15,6085.85,287,
2024-10-16 10:20:00+05:30,6084.75,6084.75,6080.05,6080.05,122,
2024-10-16 10:21:00+05:30,6082,6082,6074,6074,1268,
2024-10-16 10:22:00+05:30,6074.95,6084.65,6074.2,6082.8,7591,
2024-10-16 10:23:00+05:30,6082.8,6086,6081.25,6081.5,247,
2024-10-16 10:24:00+05:30,6081.5,6084.9,6081.45,6084.8,103,
2024-10-16 10:25:00+05:30,6084.8,6084.8,6077.45,6081.95,623,
2024-10-16 10:26:00+05:30,6081.95,6082,6079,6080.6,53,
2024-10-16 10:27:00+05:30,6079.95,6082.25,6076.5,6078.6,199,
2024-10-16 10:28:00+05:30,6078.6,6080,6072,6078.75,327,
2024-10-16 10:29:00+05:30,6078.75,6079.25,6075.2,6078.95,115,
2024-10-16 10:30:00+05:30,6078.8,6080.2,6075.15,6077.35,868,
2024-10-16 10:31:00+05:30,6077.35,6078.25,6075.35,6076.75,243,
2024-10-16 10:32:00+05:30,6076.15,6078.75,6075,6078.05,611,
2024-10-16 10:33:00+05:30,6078.55,6083.9,6076.15,6081.7,115,
2024-10-16 10:34:00+05:30,6081.7,6082,6077.5,6077.5,290,
2024-10-16 10:35:00+05:30,6080.85,6080.85,6077.35,6080,71,
2024-10-16 10:36:00+05:30,6080,6080.4,6077.35,6079.5,94,
2024-10-16 10:37:00+05:30,6079.5,6079.5,6075,6076.2,425,
2024-10-16 10:38:00+05:30,6075.35,6078.05,6075,6076.85,114,
2024-10-16 10:39:00+05:30,6078,6078,6073,6073.95,1076,
2024-10-16 10:40:00+05:30,6073.95,6075,6068.95,6074.95,1831,
2024-10-16 10:41:00+05:30,6076.6,6076.6,6071.45,6075.3,291,
2024-10-16 10:42:00+05:30,6075.3,6075.3,6070,6070.35,185,
2024-10-16 10:43:00+05:30,6070.35,6073.15,6070,6070.3,126,
2024-10-16 10:44:00+05:30,6070.3,6071.5,6070.3,6070.5,87,
2024-10-16 10:45:00+05:30,6070.55,6082.25,6070.3,6080.95,1739,
2024-10-16 10:46:00+05:30,6081.95,6082,6077,6078.65,73,
2024-10-16 10:47:00+05:30,6078.65,6081.45,6077.55,6077.55,70,
2024-10-16 10:48:00+05:30,6079,6081,6077.1,6077.4,112,
2024-10-16 10:49:00+05:30,6077.4,6079.85,6076.5,6078.55,51,
2024-10-16 10:50:00+05:30,6078.55,6088.95,6076.55,6085.2,3256,
2024-10-16 10:51:00+05:30,6085.2,6085.2,6080,6084.7,1136,
2024-10-16 10:52:00+05:30,6084.7,6084.7,6080,6080.8,80,
2024-10-16 10:53:00+05:30,6080.8,6080.85,6077.85,6077.85,141,
2024-10-16 10:54:00+05:30,6077.95,6079.65,6075,6076.25,240,
2024-10-16 10:55:00+05:30,6076.25,6079.3,6075,6075.05,120,
2024-10-16 10:56:00+05:30,6075,6083.75,6075,6083.75,388,
2024-10-16 10:57:00+05:30,6082.75,6084,6079.85,6080.8,251,
2024-10-16 10:58:00+05:30,6080.8,6081.85,6075,6075,93,
2024-10-16 10:59:00+05:30,6077.45,6077.45,6075,6075.95,157,
2024-10-16 11:00:00+05:30,6075.95,6080.25,6075,6078.8,115,
2024-10-16 11:01:00+05:30,6078.4,6081.85,6077.6,6078,159,
2024-10-16 11:02:00+05:30,6078,6080.8,6078,6080.75,147,
2024-10-16 11:03:00+05:30,6080.25,6080.8,6078,6079.35,65,
2024-10-16 11:04:00+05:30,6079.35,6079.35,6075.3,6076.5,513,
2024-10-16 11:05:00+05:30,6076.5,6079.4,6071,6077,1729,
2024-10-16 11:06:00+05:30,6078.55,6083,6073.55,6082.75,580,
2024-10-16 11:07:00+05:30,6082.75,6082.75,6078.5,6081,129,
2024-10-16 11:08:00+05:30,6081,6086.1,6080.95,6085,2231,
2024-10-16 11:09:00+05:30,6085.5,6087.6,6081,6086,4105,
2024-10-16 11:10:00+05:30,6087.45,6088,6084.55,6088,746,
2024-10-16 11:11:00+05:30,6088,6089.75,6084.65,6087,3209,
2024-10-16 11:12:00+05:30,6086.9,6091.35,6083.2,6091.35,2433,
2024-10-16 11:13:00+05:30,6091.35,6095.4,6088.2,6091,10962,
2024-10-16 11:14:00+05:30,6091,6091.4,6087,6088.8,1494,
2024-10-16 11:15:00+05:30,6088.8,6089.7,6087,6087.85,997,
2024-10-16 11:16:00+05:30,6087,6087.25,6083,6085.6,1240,
2024-10-16 11:17:00+05:30,6085.6,6086.9,6083,6085.45,316,
2024-10-16 11:18:00+05:30,6085.45,6086.6,6085.35,6086.35,241,
2024-10-16 11:19:00+05:30,6086.35,6091.7,6085.15,6091.7,444,
2024-10-16 11:20:00+05:30,6091.7,6093.1,6088.6,6089.75,1601,
2024-10-16 11:21:00+05:30,6089.55,6094.95,6089.55,6094.4,3933,
2024-10-16 11:22:00+05:30,6094.4,6095,6090,6092.65,2553,
2024-10-16 11:23:00+05:30,6092.65,6092.65,6089.35,6091.95,428,
2024-10-16 11:24:00+05:30,6091.95,6097.95,6090.75,6092.8,1420,
2024-10-16 11:25:00+05:30,6093.5,6093.5,6089,6092,534,
2024-10-16 11:26:00+05:30,6091.95,6092.45,6089,6089.35,190,
2024-10-16 11:27:00+05:30,6091.7,6093.5,6088.7,6090.25,914,
2024-10-16 11:28:00+05:30,6093.45,6095,6089.95,6094.55,515,
2024-10-16 11:29:00+05:30,6094.55,6095,6085.8,6089.2,932,
2024-10-16 11:30:00+05:30,6089,6089.1,6080,6083.85,1056,
2024-10-16 11:31:00+05:30,6083.85,6089.35,6080.45,6089.35,1020,
2024-10-16 11:32:00+05:30,6089.35,6089.7,6085.25,6088.85,595,
2024-10-16 11:33:00+05:30,6088.85,6093.2,6086.1,6087.95,542,
2024-10-16 11:34:00+05:30,6087.95,6090.75,6084.8,6085.4,589,
2024-10-16 11:35:00+05:30,6085.4,6087.4,6081.85,6085.95,360,
2024-10-16 11:36:00+05:30,6086,6089.3,6083.35,6089.25,381,
2024-10-16 11:37:00+05:30,6089.25,6090.45,6084.75,6090.45,446,
2024-10-16 11:38:00+05:30,6089.5,6091.15,6086.3,6089.1,359,
2024-10-16 11:39:00+05:30,6089.1,6090.6,6086.25,6088.7,547,
2024-10-16 11:40:00+05:30,6087.8,6090.95,6084.8,6087.9,411,
2024-10-16 11:41:00+05:30,6087.9,6087.9,6083.6,6087.25,440,
2024-10-16 11:42:00+05:30,6083.5,6087.85,6083.5,6087.7,533,
2024-10-16 11:43:00+05:30,6087.7,6090.4,6085.15,6088.9,921,
2024-10-16 11:44:00+05:30,6088.9,6089.35,6085.35,6089.25,331,
2024-10-16 11:45:00+05:30,6089.25,6089.25,6082.1,6085.75,315,
2024-10-16 11:46:00+05:30,6083.2,6087.7,6080,6083.9,15397,
2024-10-16 11:47:00+05:30,6081.8,6084.6,6079.5,6084.6,1716,
2024-10-16 11:48:00+05:30,6084.6,6084.7,6080,6081.65,601,
2024-10-16 11:49:00+05:30,6081.65,6086.8,6079.35,6084.7,2497,
2024-10-16 11:50:00+05:30,6084.7,6089.9,6080.95,6089.85,715,
2024-10-16 11:51:00+05:30,6089.85,6094.35,6087.65,6089.95,1636,
2024-10-16 11:52:00+05:30,6089.95,6090,6081.05,6081.05,2168,
2024-10-16 11:53:00+05:30,6081.05,6088,6080,6083.55,8532,
2024-10-16 11:54:00+05:30,6083.75,6085.1,6080,6083.9,3328,
2024-10-16 11:55:00+05:30,6083.9,6084.05,6080.25,6083.85,358,
2024-10-16 11:56:00+05:30,6083.85,6084,6080,6084,525,
2024-10-16 11:57:00+05:30,6084,6084.05,6080,6082.5,358,
2024-10-16 11:58:00+05:30,6082.5,6084.35,6080.85,6081.9,1409,
2024-10-16 11:59:00+05:30,6081.9,6084.45,6080,6081,1802,
2024-10-16 12:00:00+05:30,6081,6081.1,6080,6081.1,3321,
2024-10-16 12:01:00+05:30,6081.1,6081.15,6080,6080.95,495,
2024-10-16 12:02:00+05:30,6080.95,6081,6079.25,6080.45,3016,
2024-10-16 12:03:00+05:30,6080.5,6081,6079,6081,6659,
2024-10-16 12:04:00+05:30,6081,6081.2,6080,6081,686,
2024-10-16 12:05:00+05:30,6081,6081,6080,6081,505,
2024-10-16 12:06:00+05:30,6081,6081,6077.65,6080.5,3832,
2024-10-16 12:07:00+05:30,6080.5,6084.65,6078.7,6082.3,1390,
2024-10-16 12:08:00+05:30,6082.3,6082.3,6079,6080.4,466,
2024-10-16 12:09:00+05:30,6080.4,6082.95,6079,6082.95,1290,
2024-10-16 12:10:00+05:30,6082.95,6082.95,6080,6082,1330,
2024-10-16 12:11:00+05:30,6081.4,6082,6080,6080.95,563,
2024-10-16 12:12:00+05:30,6080.95,6081.9,6080,6080.85,415,
2024-10-16 12:13:00+05:30,6080.85,6081.65,6080,6080.75,717,
2024-10-16 12:14:00+05:30,6080.75,6080.85,6079,6080.15,650,
2024-10-16 12:15:00+05:30,6080.15,6080.85,6079.45,6080.85,501,
2024-10-16 12:16:00+05:30,6080.85,6080.85,6079.55,6080.75,435,
2024-10-16 12:17:00+05:30,6080.75,6080.85,6080,6080.25,413,
2024-10-16 12:18:00+05:30,6080.05,6080.85,6077.85,6080.15,2572,
2024-10-16 12:19:00+05:30,6080.15,6080.2,6079,6080.2,1191,
2024-10-16 12:20:00+05:30,6080.2,6087.35,6080,6082,5726,
2024-10-16 12:21:00+05:30,6082.5,6082.5,6080,6081.05,497,
2024-10-16 12:22:00+05:30,6081.05,6081.05,6079.35,6080.45,1430,
2024-10-16 12:23:00+05:30,6080.45,6080.45,6074.3,6078.2,1440,
2024-10-16 12:24:00+05:30,6078.2,6080,6078.2,6080,383,
2024-10-16 12:25:00+05:30,6080,6080,6078,6079.95,263,
2024-10-16 12:26:00+05:30,6079.95,6079.95,6079.45,6079.95,236,
2024-10-16 12:27:00+05:30,6079.95,6080,6079.85,6080,329,
2024-10-16 12:28:00+05:30,6080,6080,6079.9,6080,2702,
2024-10-16 12:29:00+05:30,6080,6080,6078.4,6079.55,318,
2024-10-16 12:30:00+05:30,6079.55,6079.55,6079.45,6079.5,292,
2024-10-16 12:31:00+05:30,6079.5,6079.5,6077.8,6079.5,379,
2024-10-16 12:32:00+05:30,6079.15,6079.5,6079.15,6079.5,318,
2024-10-16 12:33:00+05:30,6078.7,6079.5,6077.4,6078.8,305,
2024-10-16 12:34:00+05:30,6078.8,6078.85,6077.05,6078,256,
2024-10-16 12:35:00+05:30,6078,6078,6075.9,6078,362,
2024-10-16 12:36:00+05:30,6078,6078,6076.45,6078,239,
2024-10-16 12:37:00+05:30,6078,6079.85,6077.5,6079.85,1389,
2024-10-16 12:38:00+05:30,6083.95,6086.4,6079.55,6079.8,5304,
2024-10-16 12:39:00+05:30,6079.8,6080,6078.05,6080,445,
2024-10-16 12:40:00+05:30,6080,6080,6078.95,6078.95,522,
2024-10-16 12:41:00+05:30,6078.95,6080,6078.45,6080,226,
2024-10-16 12:42:00+05:30,6080,6085.35,6079.25,6080,2533,
2024-10-16 12:43:00+05:30,6080,6080,6078.9,6079.95,560,
2024-10-16 12:44:00+05:30,6079.9,6080,6078.9,6080,802,
2024-10-16 12:45:00+05:30,6080,6084.75,6079,6083.25,730,
2024-10-16 12:46:00+05:30,6083.25,6085.7,6080.25,6085.4,438,
2024-10-16 12:47:00+05:30,6085.75,6087,6083.1,6085.15,493,
2024-10-16 12:48:00+05:30,6085.15,6087,6082.35,6085.55,440,
2024-10-16 12:49:00+05:30,6085.3,6086.1,6082.5,6083.8,549,
2024-10-16 12:50:00+05:30,6083.8,6086,6082.6,6083.2,636,
2024-10-16 12:51:00+05:30,6083.2,6086.9,6083.1,6086.9,547,
2024-10-16 12:52:00+05:30,6084.1,6087,6083.05,6085.25,521,
2024-10-16 12:53:00+05:30,6085.25,6086.15,6080.2,6082.85,405,
2024-10-16 12:54:00+05:30,6082.85,6086.8,6081.05,6085.65,375,
2024-10-16 12:55:00+05:30,6085.65,6087.2,6081.3,6085.4,384,
2024-10-16 12:56:00+05:30,6085.4,6087.65,6082.95,6085.65,437,
2024-10-16 12:57:00+05:30,6085.65,6090.75,6084.65,6090.6,655,
2024-10-16 12:58:00+05:30,6090.6,6090.6,6085.8,6088.5,582,
2024-10-16 12:59:00+05:30,6088.5,6097.5,6085.55,6090.95,4092,
2024-10-16 13:00:00+05:30,6090.95,6096.4,6086.05,6090.85,1273,
2024-10-16 13:01:00+05:30,6091.65,6093.65,6083.6,6087.3,638,
2024-10-16 13:02:00+05:30,6083.7,6088.7,6083.7,6086.15,735,
2024-10-16 13:03:00+05:30,6088.35,6089.15,6084.35,6088.45,860,
2024-10-16 13:04:00+05:30,6088.75,6090.85,6085.6,6087.3,523,
2024-10-16 13:05:00+05:30,6090.95,6091.8,6086.8,6091,914,
2024-10-16 13:06:00+05:30,6091,6091.65,6085.35,6091,1326,
2024-10-16 13:07:00+05:30,6090.9,6090.9,6086.25,6090,569,
2024-10-16 13:08:00+05:30,6090,6091.45,6086.55,6088,645,
2024-10-16 13:09:00+05:30,6088,6091,6086.55,6090.25,561,
2024-10-16 13:10:00+05:30,6090.45,6091.3,6087.05,6091.25,620,
2024-10-16 13:11:00+05:30,6091.25,6091.9,6087.9,6091.15,519,
2024-10-16 13:12:00+05:30,6091.1,6091.7,6088.05,6091.25,602,
2024-10-16 13:13:00+05:30,6091.7,6091.85,6088.05,6091.1,459,
2024-10-16 13:14:00+05:30,6091.1,6091.85,6088,6090.35,588,
2024-10-16 13:15:00+05:30,6090.35,6091.45,6085.75,6088.4,783,
2024-10-16 13:16:00+05:30,6088.4,6088.65,6083.55,6086.35,531,
2024-10-16 13:17:00+05:30,6087,6087.1,6081,6085.95,716,
2024-10-16 13:18:00+05:30,6085.95,6089,6082.7,6087.85,573,
2024-10-16 13:19:00+05:30,6087.85,6088,6084.2,6087.7,617,
2024-10-16 13:20:00+05:30,6087.6,6090,6084.65,6089.95,593,
2024-10-16 13:21:00+05:30,6087.5,6091.85,6087.1,6088.1,859,
2024-10-16 13:22:00+05:30,6088.1,6090.65,6085.15,6088.95,722,
2024-10-16 13:23:00+05:30,6088.95,6090.5,6085.75,6088.55,726,
2024-10-16 13:24:00+05:30,6088.95,6088.95,6081.4,6084.8,907,
2024-10-16 13:25:00+05:30,6084.8,6086,6082,6085.2,476,
2024-10-16 13:26:00+05:30,6085.2,6087.2,6081.55,6086.05,885,
2024-10-16 13:27:00+05:30,6086.7,6087.55,6083.15,6084.3,573,
2024-10-16 13:28:00+05:30,6084.3,6088.8,6083.4,6087.5,543,
2024-10-16 13:29:00+05:30,6087.5,6088.95,6084.4,6087.75,576,
2024-10-16 13:30:00+05:30,6087.7,6088.65,6083.6,6087.1,480,
2024-10-16 13:31:00+05:30,6087.1,6090.85,6085,6090.85,906,
2024-10-16 13:32:00+05:30,6091.1,6092.5,6088.5,6089.05,686,
2024-10-16 13:33:00+05:30,6092.2,6092.5,6089.3,6091.05,584,
2024-10-16 13:34:00+05:30,6091.05,6092.25,6087.05,6091.2,1121,
2024-10-16 13:35:00+05:30,6090.9,6091.45,6087.1,6090,581,
2024-10-16 13:36:00+05:30,6090,6091.1,6085.1,6088.95,599,
2024-10-16 13:37:00+05:30,6088.95,6089.55,6085,6088.85,511,
2024-10-16 13:38:00+05:30,6088.8,6089.55,6085.4,6089.4,619,
2024-10-16 13:39:00+05:30,6089.35,6091.45,6086.4,6090.3,489,
2024-10-16 13:40:00+05:30,6090.3,6090.85,6087.05,6087.65,650,
2024-10-16 13:41:00+05:30,6090.8,6090.95,6086.2,6089.85,664,
2024-10-16 13:42:00+05:30,6089.9,6090.75,6086.5,6090.45,519,
2024-10-16 13:43:00+05:30,6089.9,6090.6,6086.5,6089.55,612,
2024-10-16 13:44:00+05:30,6089.6,6090.2,6086.85,6087,633,
2024-10-16 13:45:00+05:30,6090.3,6090.3,6087,6089.65,523,
2024-10-16 13:46:00+05:30,6089.9,6089.95,6085,6089.7,1225,
2024-10-16 13:47:00+05:30,6089.7,6091.25,6086.1,6091.25,964,
2024-10-16 13:48:00+05:30,6091.25,6091.25,6086.8,6087.25,651,
2024-10-16 13:49:00+05:30,6089.9,6090,6086.15,6090,510,
2024-10-16 13:50:00+05:30,6090,6090.5,6086.4,6090.4,592,
2024-10-16 13:51:00+05:30,6090.1,6091.6,6086.9,6091.15,638,
2024-10-16 13:52:00+05:30,6091.15,6092.5,6087.4,6091.2,2479,
2024-10-16 13:53:00+05:30,6091.2,6092.5,6090,6090.9,1129,
2024-10-16 13:54:00+05:30,6090.9,6092.95,6090,6092.45,663,
2024-10-16 13:55:00+05:30,6092.45,6092.5,6089.5,6091.9,627,
2024-10-16 13:56:00+05:30,6086.6,6090,6085.8,6089.7,1339,
2024-10-16 13:57:00+05:30,6086.5,6089.65,6083.25,6087.5,1026,
2024-10-16 13:58:00+05:30,6087.4,6090,6083.3,6090,2006,
2024-10-16 13:59:00+05:30,6090,6091,6080,6085.95,5899,
2024-10-16 14:00:00+05:30,6085.95,6087.95,6082.1,6087.6,666,
2024-10-16 14:01:00+05:30,6087.6,6092.95,6084.2,6091.25,1119,
2024-10-16 14:02:00+05:30,6089.4,6090.9,6085.4,6088,749,
2024-10-16 14:03:00+05:30,6088,6088.7,6084.05,6087.7,591,
2024-10-16 14:04:00+05:30,6087.55,6090,6084,6090,644,
2024-10-16 14:05:00+05:30,6090,6091.7,6085.75,6091.7,1582,
2024-10-16 14:06:00+05:30,6091.7,6092.35,6090,6091.95,601,
2024-10-16 14:07:00+05:30,6091.95,6092.8,6090,6092.5,649,
2024-10-16 14:08:00+05:30,6092.45,6097.95,6090,6090,7403,
2024-10-16 14:09:00+05:30,6090,6092,6088.25,6090.55,1149,
2024-10-16 14:10:00+05:30,6091.05,6097.95,6087.35,6091.85,1422,
2024-10-16 14:11:00+05:30,6091.85,6094,6088,6090.25,783,
2024-10-16 14:12:00+05:30,6090.25,6093.15,6085.8,6085.8,1477,
2024-10-16 14:13:00+05:30,6087,6091.05,6085,6089.35,698,
2024-10-16 14:14:00+05:30,6089.4,6090.6,6085.15,6085.15,738,
2024-10-16 14:15:00+05:30,6088.95,6089.95,6084.25,6087.55,571,
2024-10-16 14:16:00+05:30,6087.55,6091,6084.7,6090.3,787,
2024-10-16 14:17:00+05:30,6090.3,6091,6086.85,6090.5,608,
2024-10-16 14:18:00+05:30,6090.5,6090.8,6084.8,6084.8,483,
2024-10-16 14:19:00+05:30,6084.8,6089.8,6084.8,6089.8,616,
2024-10-16 14:20:00+05:30,6089.75,6089.8,6085.65,6089.55,547,
2024-10-16 14:21:00+05:30,6089.45,6090.85,6085.95,6089.95,3087,
2024-10-16 14:22:00+05:30,6089.95,6090.75,6087.05,6089.85,559,
2024-10-16 14:23:00+05:30,6089.85,6090.35,6087.15,6090,557,
2024-10-16 14:24:00+05:30,6090,6090.1,6087.6,6088.6,631,
2024-10-16 14:25:00+05:30,6088.6,6090.05,6087.5,6090.05,520,
2024-10-16 14:26:00+05:30,6090.1,6090.1,6086.7,6087.55,714,
2024-10-16 14:27:00+05:30,6090.15,6091.7,6087.95,6090.35,603,
2024-10-16 14:28:00+05:30,6091.35,6091.6,6088.25,6090.8,666,
2024-10-16 14:29:00+05:30,6090.75,6091.45,6088.35,6091.45,551,
2024-10-16 14:30:00+05:30,6091.45,6092,6088.95,6091.05,728,
2024-10-16 14:31:00+05:30,6091.05,6097.55,6088.6,6097.45,1181,
2024-10-16 14:32:00+05:30,6097.6,6098.15,6095.05,6095.85,722,
2024-10-16 14:33:00+05:30,6095.85,6108.95,6095.85,6107.2,2204,
2024-10-16 14:34:00+05:30,6107.05,6115,6105.7,6115,809,
2024-10-16 14:35:00+05:30,6116,6117.95,6105.7,6108.25,1205,
2024-10-16 14:36:00+05:30,6107.95,6111.4,6105.6,6108.3,954,
2024-10-16 14:37:00+05:30,6105.05,6109.25,6104.5,6104.55,847,
2024-10-16 14:38:00+05:30,6107.95,6111.95,6105.65,6109.55,516,
2024-10-16 14:39:00+05:30,6109.55,6114.95,6108.35,6110.45,608,
2024-10-16 14:40:00+05:30,6110.45,6114.9,6107.6,6112.35,632,
2024-10-16 14:41:00+05:30,6112.35,6114.75,6111.15,6114,577,
2024-10-16 14:42:00+05:30,6114,6115,6111.1,6114.95,1107,
2024-10-16 14:43:00+05:30,6114.95,6115,6111.75,6111.75,936,
2024-10-16 14:44:00+05:30,6111.15,6113.55,6105.1,6105.1,1690,
2024-10-16 14:45:00+05:30,6108.4,6110.3,6096,6103.4,8484,
2024-10-16 14:46:00+05:30,6103.4,6103.5,6099.2,6102.7,1191,
2024-10-16 14:47:00+05:30,6099.5,6105.8,6098.05,6101.75,1290,
2024-10-16 14:48:00+05:30,6101.75,6101.75,6098.2,6100,737,
2024-10-16 14:49:00+05:30,6100,6103.95,6098,6098.85,862,
2024-10-16 14:50:00+05:30,6098.85,6098.85,6092.45,6093.7,632,
2024-10-16 14:51:00+05:30,6097.1,6102.25,6097.05,6101.45,1844,
2024-10-16 14:52:00+05:30,6101.5,6103.05,6097.2,6097.2,570,
2024-10-16 14:53:00+05:30,6097.2,6102.85,6097.2,6101.95,574,
2024-10-16 14:54:00+05:30,6101.85,6101.85,6097,6099.35,489,
2024-10-16 14:55:00+05:30,6099.35,6105,6096.6,6101.45,1222,
2024-10-16 14:56:00+05:30,6101.45,6103.15,6095.85,6097.65,532,
2024-10-16 14:57:00+05:30,6099.95,6102,6097.75,6101.95,714,
2024-10-16 14:58:00+05:30,6098.95,6103.35,6098.95,6102.35,1176,
2024-10-16 14:59:00+05:30,6102.35,6103.7,6098.8,6102.85,613,
2024-10-16 15:00:00+05:30,6102.65,6103.45,6097.55,6101.75,1443,
2024-10-16 15:01:00+05:30,6101.75,6105.9,6098.05,6104.05,1783,
2024-10-16 15:02:00+05:30,6103.8,6109.95,6100,6105.85,1980,
2024-10-16 15:03:00+05:30,6105.85,6115,6105.85,6113.2,2494,
2024-10-16 15:04:00+05:30,6113.3,6118.8,6111.15,6116.9,1944,
2024-10-16 15:05:00+05:30,6116.9,6117.45,6107.45,6110.15,1213,
2024-10-16 15:06:00+05:30,6112.45,6115,6109.35,6109.95,985,
2024-10-16 15:07:00+05:30,6109.95,6115,6107.1,6108.85,1419,
2024-10-16 15:08:00+05:30,6111.7,6111.8,6109.2,6111.6,836,
2024-10-16 15:09:00+05:30,6111.6,6119.95,6110.4,6118.95,1958,
2024-10-16 15:10:00+05:30,6118.2,6121.35,6116.45,6117,1528,
2024-10-16 15:11:00+05:30,6116.35,6119.95,6116.35,6119.7,1752,
2024-10-16 15:12:00+05:30,6119.75,6120,6116.8,6120,2224,
2024-10-16 15:13:00+05:30,6120,6128.2,6120,6128.2,1379,
2024-10-16 15:14:00+05:30,6128.2,6139,6128.2,6136.65,2394,
2024-10-16 15:15:00+05:30,6136.65,6138.85,6125.05,6125.05,1568,
2024-10-16 15:16:00+05:30,6125.9,6131.95,6123.05,6127.7,2800,
2024-10-16 15:17:00+05:30,6127.7,6132.4,6126.9,6131.15,1488,
2024-10-16 15:18:00+05:30,6131.2,6134.55,6127.15,6129.8,1524,
2024-10-16 15:19:00+05:30,6129.8,6129.8,6127,6128.3,1602,
2024-10-16 15:20:00+05:30,6128.3,6129.85,6123.45,6124.35,2351,
2024-10-16 15:21:00+05:30,6124.35,6135,6121.8,6132.45,3185,
2024-10-16 15:22:00+05:30,6132.45,6139.6,6132.45,6136.6,2283,
2024-10-16 15:23:00+05:30,6136.6,6139.6,6135.4,6135.55,1389,
2024-10-16 15:24:00+05:30,6135.55,6142.75,6131.45,6141.25,2389,
2024-10-16 15:25:00+05:30,6142.7,6142.7,6132.05,6135.6,1615,
2024-10-16 15:26:00+05:30,6135.05,6136.5,6133.35,6134.7,2015,
2024-10-16 15:27:00+05:30,6133.55,6135.2,6130.35,6133.55,1258,
2024-10-16 15:28:00+05:30,6133.55,6135.8,6131.6,6133,710,
2024-10-16 15:29:00+05:30,6133,6135.75,6122.8,6122.8,2761,
2024-10-17 09:15:00+05:30,6123.65,6149,6123.65,6148,1643,
2024-10-17 09:16:00+05:30,6148.05,6148.05,6141.2,6146.6,1237,
2024-10-17 09:17:00+05:30,6140,6142,6132.65,6134.55,898,
2024-10-17 09:18:00+05:30,6138,6168.2,6137,6163.5,4163,
2024-10-17 09:19:00+05:30,6165.15,6170.95,6156.25,6156.25,2963,
2024-10-17 09:20:00+05:30,6156.25,6158.55,6141.05,6144.15,2293,
2024-10-17 09:21:00+05:30,6144.15,6144.4,6136,6137.55,2199,
2024-10-17 09:22:00+05:30,6137.55,6143.3,6130,6135.35,1613,
2024-10-17 09:23:00+05:30,6135.35,6140,6128.05,6129.5,2673,
2024-10-17 09:24:00+05:30,6132.6,6134.85,6125,6125,1224,
2024-10-17 09:25:00+05:30,6125,6128,6118.35,6125,1051,
2024-10-17 09:26:00+05:30,6125,6129.9,6123.35,6127,677,
2024-10-17 09:27:00+05:30,6127,6136.1,6127,6131.65,898,
2024-10-17 09:28:00+05:30,6128.75,6134.65,6127.9,6132.15,318,
2024-10-17 09:29:00+05:30,6132.15,6132.15,6114.7,6114.7,703,
2024-10-17 09:30:00+05:30,6114.35,6121,6113.2,6117.1,525,
2024-10-17 09:31:00+05:30,6117.1,6122,6115,6115,281,
2024-10-17 09:32:00+05:30,6115,6122.95,6115,6119,423,
2024-10-17 09:33:00+05:30,6121.4,6125,6119.6,6122.9,194,
2024-10-17 09:34:00+05:30,6119.6,6121,6113.05,6113.05,340,
2024-10-17 09:35:00+05:30,6117.55,6117.55,6103.7,6108.4,1074,
2024-10-17 09:36:00+05:30,6108.4,6108.9,6104.5,6108.6,551,
2024-10-17 09:37:00+05:30,6109.85,6117.25,6109.85,6115.7,175,
2024-10-17 09:38:00+05:30,6115.7,6115.7,6104.95,6108.35,223,
2024-10-17 09:39:00+05:30,6108.35,6108.35,6101.15,6104.95,517,
2024-10-17 09:40:00+05:30,6104.95,6105.1,6098.8,6102,583,
2024-10-17 09:41:00+05:30,6097.8,6104.95,6093.25,6101.25,632,
2024-10-17 09:42:00+05:30,6101.25,6105.55,6099.65,6100,426,
2024-10-17 09:43:00+05:30,6100,6102,6093.6,6098,116,
2024-10-17 09:44:00+05:30,6098,6099.4,6094.65,6098,273,
2024-10-17 09:45:00+05:30,6098,6099.65,6090,6096.55,881,
2024-10-17 09:46:00+05:30,6095.05,6102,6094.35,6097.9,151,
2024-10-17 09:47:00+05:30,6101.4,6104.5,6096.85,6103.6,888,
2024-10-17 09:48:00+05:30,6103.6,6105,6094.45,6095,221,
2024-10-17 09:49:00+05:30,6095,6096,6092.25,6094.95,137,
2024-10-17 09:50:00+05:30,6094.95,6094.95,6086,6090.15,1195,
2024-10-17 09:51:00+05:30,6090.15,6090.15,6086.1,6086.25,139,
2024-10-17 09:52:00+05:30,6086.3,6096.35,6086,6091,587,
2024-10-17 09:53:00+05:30,6091,6091.95,6086,6088.9,74,
2024-10-17 09:54:00+05:30,6088.9,6091.8,6086,6086,46,
2024-10-17 09:55:00+05:30,6086,6090,6080.5,6090,959,
2024-10-17 09:56:00+05:30,6091.25,6097.05,6091.05,6095.6,465,
2024-10-17 09:57:00+05:30,6095.6,6096.85,6091.5,6094.05,207,
2024-10-17 09:58:00+05:30,6094.05,6097.1,6092.8,6093,136,
2024-10-17 09:59:00+05:30,6093,6093,6088.7,6088.7,204,
2024-10-17 10:00:00+05:30,6088.7,6097.6,6083.2,6086.45,985,
2024-10-17 10:01:00+05:30,6086.45,6091.8,6085.8,6091.75,113,
2024-10-17 10:02:00+05:30,6090,6091.8,6084.1,6085.5,302,
2024-10-17 10:03:00+05:30,6085.5,6085.5,6081.05,6085.25,469,
2024-10-17 10:04:00+05:30,6085.25,6089,6081.95,6085.35,172,
2024-10-17 10:05:00+05:30,6085.35,6085.6,6082,6084.05,110,
2024-10-17 10:06:00+05:30,6084.05,6087.2,6084,6087.05,246,
2024-10-17 10:07:00+05:30,6087.1,6087.1,6072,6072,1315,
2024-10-17 10:08:00+05:30,6072,6079,6072,6078.65,425,
2024-10-17 10:09:00+05:30,6078.65,6085.4,6076.2,6080.45,458,
2024-10-17 10:10:00+05:30,6080.45,6089.35,6080.45,6086.15,166,
2024-10-17 10:11:00+05:30,6086.15,6086.85,6084,6084,43,
2024-10-17 10:12:00+05:30,6084,6091.35,6084,6091,230,
2024-10-17 10:13:00+05:30,6091,6094.45,6090.7,6094,97,
2024-10-17 10:14:00+05:30,6094,6095.85,6087,6095.85,432,
2024-10-17 10:15:00+05:30,6095.85,6097.1,6093.15,6096.6,156,
2024-10-17 10:16:00+05:30,6096.6,6097.9,6094.6,6094.6,274,
2024-10-17 10:17:00+05:30,6094.6,6097.25,6091.7,6097.25,386,
2024-10-17 10:18:00+05:30,6090.45,6093.05,6087.1,6087.1,76,
2024-10-17 10:19:00+05:30,6087.1,6090,6081.5,6081.5,392,
2024-10-17 10:20:00+05:30,6081.05,6083.55,6081,6083.5,58,
2024-10-17 10:21:00+05:30,6083.5,6083.5,6081,6081,147,
2024-10-17 10:22:00+05:30,6081,6087,6081,6081,643,
2024-10-17 10:23:00+05:30,6081,6084.1,6081,6081,45,
2024-10-17 10:24:00+05:30,6081.05,6084.15,6081,6081.3,43,
2024-10-17 10:25:00+05:30,6081.3,6084.05,6081.05,6084,120,
2024-10-17 10:26:00+05:30,6084,6085.95,6084,6085.95,67,
2024-10-17 10:27:00+05:30,6085.95,6088.9,6085,6085,104,
2024-10-17 10:28:00+05:30,6085,6087.95,6084.15,6085.1,42,
2024-10-17 10:29:00+05:30,6085.1,6088.15,6084.3,6084.7,85,
2024-10-17 10:30:00+05:30,6084.7,6089.95,6083.2,6084.55,259,
2024-10-17 10:31:00+05:30,6084.55,6087.95,6071.45,6073.45,3979,
2024-10-17 10:32:00+05:30,6073.45,6074.15,6068.45,6073.75,304,
2024-10-17 10:33:00+05:30,6073.75,6074.7,6071.2,6071.2,47,
2024-10-17 10:34:00+05:30,6071.2,6074.4,6071.2,6071.8,122,
2024-10-17 10:35:00+05:30,6072.25,6075.65,6072.25,6073.45,93,
2024-10-17 10:36:00+05:30,6073.45,6079,6072.95,6079,467,
2024-10-17 10:37:00+05:30,6079,6084.3,6079,6084.2,275,
2024-10-17 10:38:00+05:30,6084.2,6086.05,6081.55,6086.05,86,
2024-10-17 10:39:00+05:30,6086.05,6089.9,6084.35,6089.9,115,
2024-10-17 10:40:00+05:30,6089.9,6092.65,6086.55,6092.65,477,
2024-10-17 10:41:00+05:30,6092.65,6095.15,6089.3,6091.75,406,
2024-10-17 10:42:00+05:30,6091.75,6091.95,6084.3,6084.3,201,
2024-10-17 10:43:00+05:30,6084.3,6084.3,6081,6081,91,
2024-10-17 10:44:00+05:30,6081,6083.5,6080.65,6080.65,29,
2024-10-17 10:45:00+05:30,6080.1,6080.1,6075.55,6078.7,98,
2024-10-17 10:46:00+05:30,6078.7,6078.75,6071.95,6075.45,325,
2024-10-17 10:47:00+05:30,6074.95,6077.5,6072,6077.5,57,
2024-10-17 10:48:00+05:30,6077.5,6077.5,6073,6074.1,167,
2024-10-17 10:49:00+05:30,6074.1,6076.6,6073.3,6073.3,20,
2024-10-17 10:50:00+05:30,6076.7,6077.55,6074.15,6077.55,20,
2024-10-17 10:51:00+05:30,6078.05,6080.9,6075.05,6077.65,58,
2024-10-17 10:52:00+05:30,6077.65,6078.55,6077.65,6078.25,35,
2024-10-17 10:53:00+05:30,6078.25,6081,6075,6081,26,
2024-10-17 10:54:00+05:30,6081,6082.8,6079.15,6079.15,71,
2024-10-17 10:55:00+05:30,6079.15,6082.5,6067.05,6067.05,1427,
2024-10-17 10:56:00+05:30,6066.7,6070.5,6064,6068,1049,
2024-10-17 10:57:00+05:30,6068.15,6071.4,6066.2,6067.2,188,
2024-10-17 10:58:00+05:30,6067.2,6071,6066.15,6069,306,
2024-10-17 10:59:00+05:30,6069,6072,6068.55,6072,376,
2024-10-17 11:00:00+05:30,6072,6072,6065,6065.4,746,
2024-10-17 11:01:00+05:30,6068,6068.65,6063,6066.4,646,
2024-10-17 11:02:00+05:30,6064.55,6067.4,6062.1,6065.6,817,
2024-10-17 11:03:00+05:30,6065.6,6065.85,6060.1,6063.25,817,
2024-10-17 11:04:00+05:30,6063.25,6065,6060.05,6064.4,340,
2024-10-17 11:05:00+05:30,6065,6065,6061.4,6064.1,334,
2024-10-17 11:06:00+05:30,6064.1,6064.4,6061.2,6062.25,263,
2024-10-17 11:07:00+05:30,6062.25,6062.25,6060.05,6060.75,419,
2024-10-17 11:08:00+05:30,6060.75,6064.35,6060,6060,419,
2024-10-17 11:09:00+05:30,6061.65,6063.5,6059.4,6059.4,648,
2024-10-17 11:10:00+05:30,6059.4,6061.55,6055,6056.75,685,
2024-10-17 11:11:00+05:30,6056.75,6061.45,6055,6056.6,677,
2024-10-17 11:12:00+05:30,6056.6,6059.65,6055.35,6058.9,285,
2024-10-17 11:13:00+05:30,6058.9,6061.1,6056.45,6056.5,605,
2024-10-17 11:14:00+05:30,6056.5,6063.25,6056.5,6060,571,
2024-10-17 11:15:00+05:30,6058,6059.05,6053.3,6055.15,398,
2024-10-17 11:16:00+05:30,6055.15,6055.15,6051.1,6051.25,525,
2024-10-17 11:17:00+05:30,6051.25,6056.8,6050.1,6052.5,768,
2024-10-17 11:18:00+05:30,6053,6054.75,6050,6050,833,
2024-10-17 11:19:00+05:30,6050,6057,6048.45,6053.45,1127,
2024-10-17 11:20:00+05:30,6053.5,6056.4,6051.8,6052.6,683,
2024-10-17 11:21:00+05:30,6052.6,6057,6052,6054.85,577,
2024-10-17 11:22:00+05:30,6054.85,6058.5,6054.85,6055.05,321,
2024-10-17 11:23:00+05:30,6058.45,6059.8,6054,6054,970,
2024-10-17 11:24:00+05:30,6054,6055.25,6052.15,6054.5,542,
2024-10-17 11:25:00+05:30,6054.5,6056.1,6050.15,6052.2,362,
2024-10-17 11:26:00+05:30,6055.35,6055.35,6048.2,6050.85,598,
2024-10-17 11:27:00+05:30,6050.5,6053.95,6045.6,6050.95,513,
2024-10-17 11:28:00+05:30,6050.95,6051,6048.7,6050.5,254,
2024-10-17 11:29:00+05:30,6050.5,6059.05,6050.5,6059.05,1040,
2024-10-17 11:30:00+05:30,6059.05,6068.95,6059.05,6068,559,
2024-10-17 11:31:00+05:30,6068,6075,6066.6,6068.7,736,
2024-10-17 11:32:00+05:30,6068.7,6070.4,6066.65,6070,64,
2024-10-17 11:33:00+05:30,6070,6070,6065.5,6068.8,93,
2024-10-17 11:34:00+05:30,6068.8,6074.6,6068.8,6073.45,556,
2024-10-17 11:35:00+05:30,6073.45,6077.3,6072.2,6073.9,410,
2024-10-17 11:36:00+05:30,6076.85,6077.35,6074.9,6076.85,147,
2024-10-17 11:37:00+05:30,6076.85,6078.1,6076.25,6078,385,
2024-10-17 11:38:00+05:30,6078,6087.85,6078,6087.85,573,
2024-10-17 11:39:00+05:30,6087.85,6088.05,6081.4,6084.5,406,
2024-10-17 11:40:00+05:30,6084.5,6086.25,6082.25,6085,171,
2024-10-17 11:41:00+05:30,6085,6087.1,6082,6084.8,106,
2024-10-17 11:42:00+05:30,6084.8,6087.65,6081.85,6085.25,813,
2024-10-17 11:43:00+05:30,6085.25,6085.25,6076.55,6076.85,441,
2024-10-17 11:44:00+05:30,6080.25,6087.95,6079.95,6087.1,486,
2024-10-17 11:45:00+05:30,6083.75,6086.15,6079,6082.65,225,
2024-10-17 11:46:00+05:30,6082.55,6082.55,6079.1,6082.35,82,
2024-10-17 11:47:00+05:30,6082.35,6082.5,6080,6082,57,
2024-10-17 11:48:00+05:30,6082,6082,6077,6077,198,
2024-10-17 11:49:00+05:30,6077,6082.8,6076.9,6082.8,314,
2024-10-17 11:50:00+05:30,6082.8,6085.95,6080.85,6085.65,179,
2024-10-17 11:51:00+05:30,6085.65,6086,6080.05,6080.85,232,
2024-10-17 11:52:00+05:30,6080.85,6085,6080.85,6085,78,
2024-10-17 11:53:00+05:30,6085,6089,6084.9,6089,92,
2024-10-17 11:54:00+05:30,6087.9,6089,6086.1,6088.75,45,
2024-10-17 11:55:00+05:30,6088.75,6088.8,6070,6070,7613,
2024-10-17 11:56:00+05:30,6070,6070,6067.6,6069.95,229,
2024-10-17 11:57:00+05:30,6069.95,6070,6065.55,6068.4,134,
2024-10-17 11:58:00+05:30,6068.4,6068.4,6062.2,6062.25,111,
2024-10-17 11:59:00+05:30,6062,6063.6,6058.7,6063.6,275,
2024-10-17 12:00:00+05:30,6063.6,6063.85,6060.7,6062.95,76,
2024-10-17 12:01:00+05:30,6062.95,6064,6060,6063,162,
2024-10-17 12:02:00+05:30,6063,6067.8,6063,6066.45,95,
2024-10-17 12:03:00+05:30,6066.45,6067.15,6064.1,6067.05,30,
2024-10-17 12:04:00+05:30,6067,6068.55,6063.85,6068.55,614,
2024-10-17 12:05:00+05:30,6068.55,6069.35,6064.85,6069.05,18,
2024-10-17 12:06:00+05:30,6069.05,6070,6066,6069.45,173,
2024-10-17 12:07:00+05:30,6069.45,6070,6066.65,6069.7,70,
2024-10-17 12:08:00+05:30,6069.7,6069.7,6066.75,6066.9,41,
2024-10-17 12:09:00+05:30,6066.8,6066.95,6064.05,6064.1,63,
2024-10-17 12:10:00+05:30,6064.1,6069.9,6062.9,6069.85,1157,
2024-10-17 12:11:00+05:30,6069.85,6069.85,6062.1,6063.7,1087,
2024-10-17 12:12:00+05:30,6063.7,6065,6061,6062.95,1838,
2024-10-17 12:13:00+05:30,6062.95,6068.15,6060.1,6064.95,242,
2024-10-17 12:14:00+05:30,6064.95,6068.7,6064.6,6068.5,18,
2024-10-17 12:15:00+05:30,6068.5,6075,6065.55,6075,4059,
2024-10-17 12:16:00+05:30,6075,6080,6073,6080,223,
2024-10-17 12:17:00+05:30,6077.2,6080,6075.6,6079.55,181,
2024-10-17 12:18:00+05:30,6079.55,6082,6078.55,6082,214,
2024-10-17 12:19:00+05:30,6082,6082,6078.6,6081.95,122,
2024-10-17 12:20:00+05:30,6081.95,6081.95,6078.95,6080,166,
2024-10-17 12:21:00+05:30,6080,6080,6073.55,6076.15,216,
2024-10-17 12:22:00+05:30,6076.15,6076.2,6073.6,6076,23,
2024-10-17 12:23:00+05:30,6073.15,6078.9,6073.15,6078.9,181,
2024-10-17 12:24:00+05:30,6077.95,6080,6077.95,6080,290,
2024-10-17 12:25:00+05:30,6080,6088.95,6080,6088.8,829,
2024-10-17 12:26:00+05:30,6088.8,6088.8,6085.3,6087.95,85,
2024-10-17 12:27:00+05:30,6087.95,6099.9,6087.95,6099.5,857,
2024-10-17 12:28:00+05:30,6099.5,6101.55,6097.8,6101.5,399,
2024-10-17 12:29:00+05:30,6098.95,6102.1,6098.95,6099.85,126,
2024-10-17 12:30:00+05:30,6099.85,6101.1,6097.5,6100.85,319,
2024-10-17 12:31:00+05:30,6100.85,6100.85,6096.1,6096.1,156,
2024-10-17 12:32:00+05:30,6096.1,6098.8,6095.4,6098.8,233,
2024-10-17 12:33:00+05:30,6098.8,6100,6098.35,6098.35,21,
2024-10-17 12:34:00+05:30,6100,6100,6097.05,6099,292,
2024-10-17 12:35:00+05:30,6099,6099,6095.5,6098.9,215,
2024-10-17 12:36:00+05:30,6098.9,6099.5,6086.05,6087.95,2773,
2024-10-17 12:37:00+05:30,6087.95,6089.85,6086.05,6089.15,194,
2024-10-17 12:38:00+05:30,6089.15,6095.9,6088,6088,671,
2024-10-17 12:39:00+05:30,6088,6088,6086.1,6088,20,
2024-10-17 12:40:00+05:30,6088,6091.6,6088,6088.8,734,
2024-10-17 12:41:00+05:30,6086.7,6089.1,6085,6086.85,272,
2024-10-17 12:42:00+05:30,6086.85,6089.6,6085,6087.9,379,
2024-10-17 12:43:00+05:30,6087.9,6087.9,6082.85,6082.85,967,
2024-10-17 12:44:00+05:30,6082.85,6084.35,6070.7,6072.2,1742,
2024-10-17 12:45:00+05:30,6069.1,6080.3,6068,6077.15,673,
2024-10-17 12:46:00+05:30,6077.15,6079.05,6072.85,6074.95,148,
2024-10-17 12:47:00+05:30,6074.95,6074.95,6067.55,6068.2,299,
2024-10-17 12:48:00+05:30,6068,6070.95,6066.45,6070.95,215,
2024-10-17 12:49:00+05:30,6070.95,6073.75,6068.1,6068.7,98,
2024-10-17 12:50:00+05:30,6068.7,6071.95,6068.25,6071.2,62,
2024-10-17 12:51:00+05:30,6071.2,6073.15,6069.5,6070.85,58,
2024-10-17 12:52:00+05:30,6070.85,6073.8,6069.7,6072.5,303,
2024-10-17 12:53:00+05:30,6072.5,6076.45,6068.05,6073.45,435,
2024-10-17 12:54:00+05:30,6073.45,6078.35,6071.7,6071.7,287,
2024-10-17 12:55:00+05:30,6074.95,6075.7,6071.55,6074.1,48,
2024-10-17 12:56:00+05:30,6074.1,6081.65,6072.05,6080.6,629,
2024-10-17 12:57:00+05:30,6080.6,6082.55,6077.3,6082.1,81,
2024-10-17 12:58:00+05:30,6082.1,6084.2,6079.85,6084.2,132,
2024-10-17 12:59:00+05:30,6081.9,6084.85,6080.65,6080.65,130,
2024-10-17 13:00:00+05:30,6080.65,6085.05,6080.65,6084.25,93,
2024-10-17 13:01:00+05:30,6084.25,6084.25,6078.15,6079.95,87,
2024-10-17 13:02:00+05:30,6081.9,6082.05,6079.25,6082.05,61,
2024-10-17 13:03:00+05:30,6082.05,6082.05,6078.7,6079,76,
2024-10-17 13:04:00+05:30,6079,6084.2,6078.25,6084.1,1569,
2024-10-17 13:05:00+05:30,6082.9,6084.1,6077.3,6077.35,269,
2024-10-17 13:06:00+05:30,6077.35,6081.95,6075.8,6076.5,8063,
2024-10-17 13:07:00+05:30,6076.5,6081.95,6072.05,6077.4,20303,
2024-10-17 13:08:00+05:30,6076.3,6081.95,6074.15,6080,8509,
2024-10-17 13:09:00+05:30,6076.1,6083.95,6073.55,6077.15,12466,
2024-10-17 13:10:00+05:30,6077.15,6082.95,6076.7,6080,5656,
2024-10-17 13:11:00+05:30,6080,6083.4,6076.9,6079.4,3140,
2024-10-17 13:12:00+05:30,6079.35,6082.7,6066.45,6075.2,6734,
2024-10-17 13:13:00+05:30,6075.2,6075.2,6072.15,6074.7,11,
2024-10-17 13:14:00+05:30,6074.7,6074.7,6062.4,6066.9,785,
2024-10-17 13:15:00+05:30,6066.9,6066.9,6063.3,6065.75,205,
2024-10-17 13:16:00+05:30,6065.75,6065.95,6063.3,6065,238,
2024-10-17 13:17:00+05:30,6065,6066.45,6061.55,6066.45,598,
2024-10-17 13:18:00+05:30,6066.45,6070.3,6066.1,6069.9,198,
2024-10-17 13:19:00+05:30,6069.9,6069.9,6066.35,6066.65,199,
2024-10-17 13:20:00+05:30,6066.65,6070.35,6066.65,6068.15,70,
2024-10-17 13:21:00+05:30,6068.15,6068.15,6063.55,6066.8,217,
2024-10-17 13:22:00+05:30,6066.8,6074.1,6063.85,6074.1,143,
2024-10-17 13:23:00+05:30,6074.2,6074.3,6072.25,6074.25,18,
2024-10-17 13:24:00+05:30,6074.25,6074.25,6068.65,6072.45,95,
2024-10-17 13:25:00+05:30,6070,6073,6068.45,6072.15,108,
2024-10-17 13:26:00+05:30,6071.95,6071.95,6068.45,6070.35,40,
2024-10-17 13:27:00+05:30,6070.35,6070.35,6066.05,6068.15,45,
2024-10-17 13:28:00+05:30,6068.15,6070,6066.4,6069.65,95,
2024-10-17 13:29:00+05:30,6069.4,6069.4,6063.35,6066.3,194,
2024-10-17 13:30:00+05:30,6063.55,6064.55,6061.1,6064.25,285,
2024-10-17 13:31:00+05:30,6064.25,6064.25,6061.85,6061.85,207,
2024-10-17 13:32:00+05:30,6065,6066.05,6062.35,6065.95,435,
2024-10-17 13:33:00+05:30,6065.95,6068.95,6064.75,6068.55,74,
2024-10-17 13:34:00+05:30,6068.6,6068.6,6061.05,6064.05,580,
2024-10-17 13:35:00+05:30,6064.05,6065.5,6061.55,6062.35,89,
2024-10-17 13:36:00+05:30,6062.35,6069.85,6061.35,6069.85,350,
2024-10-17 13:37:00+05:30,6069.85,6071.65,6066.85,6071.65,147,
2024-10-17 13:38:00+05:30,6071.65,6074.25,6068.4,6074,135,
2024-10-17 13:39:00+05:30,6074,6074,6066.55,6067.15,294,
2024-10-17 13:40:00+05:30,6067.15,6070.1,6066,6068.4,29,
2024-10-17 13:41:00+05:30,6068.4,6069.75,6062.45,6066.1,83,
2024-10-17 13:42:00+05:30,6066.1,6068.5,6062.85,6065.05,72,
2024-10-17 13:43:00+05:30,6067.8,6071.15,6064.05,6064.55,405,
2024-10-17 13:44:00+05:30,6064.55,6067.35,6064.55,6067.35,13,
2024-10-17 13:45:00+05:30,6067.35,6069.5,6064.9,6069.5,49,
2024-10-17 13:46:00+05:30,6069.5,6071.2,6065,6065,53,
2024-10-17 13:47:00+05:30,6067.5,6067.6,6065,6065.15,33,
2024-10-17 13:48:00+05:30,6065.15,6068.2,6063.95,6067.4,413,
2024-10-17 13:49:00+05:30,6064.55,6069.3,6062.95,6062.95,189,
2024-10-17 13:50:00+05:30,6062.95,6068.05,6060.1,6065.55,470,
2024-10-17 13:51:00+05:30,6065.55,6067.7,6062.05,6064.5,118,
2024-10-17 13:52:00+05:30,6064.5,6068.05,6064.5,6067.75,195,
2024-10-17 13:53:00+05:30,6064.95,6069.45,6060.25,6060.3,329,
2024-10-17 13:54:00+05:30,6060.3,6063.05,6060,6062.95,263,
2024-10-17 13:55:00+05:30,6060.15,6062.95,6060,6062.6,126,
2024-10-17 13:56:00+05:30,6062.6,6062.6,6055.15,6056.6,646,
2024-10-17 13:57:00+05:30,6059.9,6061.25,6057.25,6060.4,400,
2024-10-17 13:58:00+05:30,6056.95,6061.6,6056.45,6057.1,245,
2024-10-17 13:59:00+05:30,6059.9,6059.95,6056.55,6056.55,83,
2024-10-17 14:00:00+05:30,6058.7,6069.45,6056.55,6067.1,510,
2024-10-17 14:01:00+05:30,6069.8,6071.2,6062.15,6064.8,198,
2024-10-17 14:02:00+05:30,6064.8,6066.05,6061.35,6065.3,338,
2024-10-17 14:03:00+05:30,6062.65,6066.05,6061.05,6063,246,
2024-10-17 14:04:00+05:30,6063,6063.25,6056.45,6056.5,228,
2024-10-17 14:05:00+05:30,6058.4,6060.45,6055.8,6059.2,106,
2024-10-17 14:06:00+05:30,6059.25,6059.4,6055.85,6058.75,549,
2024-10-17 14:07:00+05:30,6058.75,6058.75,6055.05,6055.05,190,
2024-10-17 14:08:00+05:30,6058.1,6059,6055.45,6056.15,310,
2024-10-17 14:09:00+05:30,6057.5,6059,6056.15,6059,117,
2024-10-17 14:10:00+05:30,6059,6068.95,6057.8,6068.7,746,
2024-10-17 14:11:00+05:30,6068.9,6068.9,6063.3,6065,157,
2024-10-17 14:12:00+05:30,6065,6069.1,6058.2,6058.2,556,
2024-10-17 14:13:00+05:30,6060.9,6060.9,6056,6058.45,220,
2024-10-17 14:14:00+05:30,6058.45,6059.8,6055.75,6056.75,160,
2024-10-17 14:15:00+05:30,6059.3,6060.45,6055,6058.85,378,
2024-10-17 14:16:00+05:30,6058.85,6064.65,6055.95,6062,261,
2024-10-17 14:17:00+05:30,6064.75,6067.45,6062.1,6064.1,165,
2024-10-17 14:18:00+05:30,6064.1,6067,6064.1,6064.15,118,
2024-10-17 14:19:00+05:30,6064.8,6066.8,6064.15,6066.8,116,
2024-10-17 14:20:00+05:30,6066.8,6067.95,6064.55,6064.8,259,
2024-10-17 14:21:00+05:30,6068.15,6068.15,6063.45,6064.55,135,
2024-10-17 14:22:00+05:30,6064.55,6067.6,6064.55,6064.95,168,
2024-10-17 14:23:00+05:30,6067,6067,6064.4,6064.9,183,
2024-10-17 14:24:00+05:30,6066.95,6067.8,6064.3,6065,154,
2024-10-17 14:25:00+05:30,6067.6,6070.7,6064.8,6069.9,412,
2024-10-17 14:26:00+05:30,6069.85,6075,6067.1,6073.1,132,
2024-10-17 14:27:00+05:30,6075,6077.35,6072.75,6073.35,306,
2024-10-17 14:28:00+05:30,6073.35,6076.25,6069.05,6069.3,483,
2024-10-17 14:29:00+05:30,6069.3,6072.95,6064,6067.9,2129,
2024-10-17 14:30:00+05:30,6067.9,6083.65,6063.9,6082.6,1893,
2024-10-17 14:31:00+05:30,6082.6,6082.6,6078.25,6080,659,
2024-10-17 14:32:00+05:30,6080,6080.5,6078.65,6080.35,359,
2024-10-17 14:33:00+05:30,6080.35,6081.7,6078.55,6080.95,404,
2024-10-17 14:34:00+05:30,6080.95,6080.95,6078.15,6080,113,
2024-10-17 14:35:00+05:30,6080,6082.5,6078.75,6082.5,528,
2024-10-17 14:36:00+05:30,6082.5,6082.5,6080.7,6080.85,87,
2024-10-17 14:37:00+05:30,6080.85,6081,6077.35,6081,581,
2024-10-17 14:38:00+05:30,6081,6081,6076.35,6080,660,
2024-10-17 14:39:00+05:30,6080.05,6081,6077.25,6080,542,
2024-10-17 14:40:00+05:30,6080,6081.15,6077.8,6080.9,192,
2024-10-17 14:41:00+05:30,6080.85,6080.85,6078.05,6079.75,647,
2024-10-17 14:42:00+05:30,6079.75,6080.15,6076.75,6080,767,
2024-10-17 14:43:00+05:30,6080,6080.55,6074.8,6074.8,1897,
2024-10-17 14:44:00+05:30,6074.8,6079.7,6074.25,6078.35,1356,
2024-10-17 14:45:00+05:30,6078.5,6078.9,6075.8,6078.8,1144,
2024-10-17 14:46:00+05:30,6078.8,6081.75,6076.85,6080.9,809,
2024-10-17 14:47:00+05:30,6081.75,6081.95,6078.4,6080,462,
2024-10-17 14:48:00+05:30,6080,6081.5,6076.75,6081.5,476,
2024-10-17 14:49:00+05:30,6080.15,6082.45,6077.35,6082.45,925,
2024-10-17 14:50:00+05:30,6082.45,6082.5,6079.55,6079.55,70,
2024-10-17 14:51:00+05:30,6082.45,6082.5,6077.85,6077.85,513,
2024-10-17 14:52:00+05:30,6077.85,6082.5,6077.85,6080.3,357,
2024-10-17 14:53:00+05:30,6079.55,6082.5,6079.25,6080.5,1188,
2024-10-17 14:54:00+05:30,6080.5,6081.2,6076.95,6081.2,1406,
2024-10-17 14:55:00+05:30,6081.2,6081.2,6076.85,6080.05,300,
2024-10-17 14:56:00+05:30,6080.05,6080.05,6076.55,6080.05,1102,
2024-10-17 14:57:00+05:30,6080.05,6080.85,6077.65,6080.7,414,
2024-10-17 14:58:00+05:30,6080.7,6080.7,6076.4,6080.7,521,
2024-10-17 14:59:00+05:30,6080.7,6080.7,6079.15,6080.5,509,
2024-10-17 15:00:00+05:30,6080.4,6081,6077.5,6081,1221,
2024-10-17 15:01:00+05:30,6080.45,6088.4,6077.7,6086.65,1482,
2024-10-17 15:02:00+05:30,6086.5,6089.9,6079.9,6082.9,2007,
2024-10-17 15:03:00+05:30,6083.05,6089,6075.05,6079.1,2024,
2024-10-17 15:04:00+05:30,6079.1,6083.2,6075.6,6082.5,2082,
2024-10-17 15:05:00+05:30,6082.8,6082.95,6078.35,6080.9,1722,
2024-10-17 15:06:00+05:30,6080.9,6080.9,6072.6,6076.15,2723,
2024-10-17 15:07:00+05:30,6076.2,6080.55,6075.2,6079.85,1670,
2024-10-17 15:08:00+05:30,6079.85,6080.45,6075.45,6075.45,1896,
2024-10-17 15:09:00+05:30,6075.5,6079.8,6072.95,6072.95,1564,
2024-10-17 15:10:00+05:30,6072.55,6081,6072.55,6081,1531,
2024-10-17 15:11:00+05:30,6078.8,6079,6074.05,6078.6,2471,
2024-10-17 15:12:00+05:30,6078.6,6080.5,6074.15,6080.5,2166,
2024-10-17 15:13:00+05:30,6080.5,6080.5,6075.1,6078.45,2476,
2024-10-17 15:14:00+05:30,6078.45,6083.2,6077.75,6081.45,2522,
2024-10-17 15:15:00+05:30,6081.5,6088.2,6080.8,6085.7,1620,
2024-10-17 15:16:00+05:30,6088.2,6088.2,6069.15,6083.1,4369,
2024-10-17 15:17:00+05:30,6083.1,6083.1,6074.65,6078.05,1998,
2024-10-17 15:18:00+05:30,6078.05,6085.35,6073.7,6081.75,2433,
2024-10-17 15:19:00+05:30,6083.6,6086.45,6080.3,6084.4,2014,
2024-10-17 15:20:00+05:30,6080.2,6080.2,6069.9,6078,3523,
2024-10-17 15:21:00+05:30,6078,6078,6073.65,6074,2340,
2024-10-17 15:22:00+05:30,6074,6076.4,6065,6073.8,3421,
2024-10-17 15:23:00+05:30,6073.45,6075.35,6070.8,6075.35,1741,
2024-10-17 15:24:00+05:30,6074.8,6075.4,6069.6,6075,3105,
2024-10-17 15:25:00+05:30,6074,6082.55,6071.35,6071.35,6244,
2024-10-17 15:26:00+05:30,6071.35,6074.5,6063.45,6068.95,637,
2024-10-17 15:27:00+05:30,6067.45,6072.1,6062.75,6066.05,892,
2024-10-17 15:28:00+05:30,6066.05,6077.2,6061.55,6073.8,910,
2024-10-17 15:29:00+05:30,6068.45,6080,6064,6080,642,
2024-10-18 09:15:00+05:30,6077.45,6077.45,6049.6,6052.65,2336,
2024-10-18 09:16:00+05:30,6052.65,6072.45,6052.6,6058.25,5746,
2024-10-18 09:17:00+05:30,6060.45,6063,6049.45,6052.45,2359,
2024-10-18 09:18:00+05:30,6050.3,6061.4,6039.35,6061.4,3591,
2024-10-18 09:19:00+05:30,6058.55,6071.05,6056.1,6058.8,2687,
2024-10-18 09:20:00+05:30,6056.85,6059.75,6037.4,6037.4,960,
2024-10-18 09:21:00+05:30,6037.4,6044,6032.45,6032.45,1185,
2024-10-18 09:22:00+05:30,6032.45,6036.7,6021.7,6022.5,3182,
2024-10-18 09:23:00+05:30,6020.7,6037.15,6020.2,6032.05,1946,
2024-10-18 09:24:00+05:30,6032.05,6040.95,6032,6037.3,732,
2024-10-18 09:25:00+05:30,6037.35,6050,6035,6046.55,1576,
2024-10-18 09:26:00+05:30,6046.55,6054.95,6042.2,6047.15,1043,
2024-10-18 09:27:00+05:30,6046.7,6051.5,6046.7,6051.45,331,
2024-10-18 09:28:00+05:30,6051.45,6054.95,6045.4,6045.4,528,
2024-10-18 09:29:00+05:30,6048.55,6048.55,6038.95,6039.25,271,
2024-10-18 09:30:00+05:30,6039.55,6060,6039.25,6060,763,
2024-10-18 09:31:00+05:30,6060,6073,6057.6,6058.3,5085,
2024-10-18 09:32:00+05:30,6058.3,6060,6052.8,6057.25,464,
2024-10-18 09:33:00+05:30,6057.25,6059.75,6051.1,6055.05,121,
2024-10-18 09:34:00+05:30,6055.35,6061.75,6052.8,6052.8,1354,
2024-10-18 09:35:00+05:30,6052.6,6054.9,6051.1,6053.7,469,
2024-10-18 09:36:00+05:30,6052.95,6052.95,6042,6042,300,
2024-10-18 09:37:00+05:30,6036.85,6041.5,6036.45,6041.5,884,
2024-10-18 09:38:00+05:30,6041.5,6045.2,6037.05,6043.2,784,
2024-10-18 09:39:00+05:30,6045.2,6052.85,6045.1,6050.7,515,
2024-10-18 09:40:00+05:30,6050.65,6050.7,6041.1,6041.1,114,
2024-10-18 09:41:00+05:30,6041.35,6047.9,6041,6047.9,424,
2024-10-18 09:42:00+05:30,6047.9,6047.9,6045.55,6046.25,172,
2024-10-18 09:43:00+05:30,6046.25,6053.8,6046.25,6051,202,
2024-10-18 09:44:00+05:30,6050,6054.9,6040.3,6054.9,1562,
2024-10-18 09:45:00+05:30,6053.15,6055,6043.1,6043.1,918,
2024-10-18 09:46:00+05:30,6043.1,6046.8,6043.05,6044,113,
2024-10-18 09:47:00+05:30,6046.5,6051.3,6044,6051.3,192,
2024-10-18 09:48:00+05:30,6051.3,6063.5,6051.3,6055.95,1861,
2024-10-18 09:49:00+05:30,6055.95,6056.1,6048.45,6050.6,316,
2024-10-18 09:50:00+05:30,6050.6,6052,6045,6048.5,481,
2024-10-18 09:51:00+05:30,6044.55,6060,6044.55,6053.05,1983,
2024-10-18 09:52:00+05:30,6053.05,6058.4,6053.05,6057.45,37,
2024-10-18 09:53:00+05:30,6057.45,6060,6046.65,6053.1,1156,
2024-10-18 09:54:00+05:30,6053.6,6057.4,6048.85,6048.9,246,
2024-10-18 09:55:00+05:30,6048.9,6055,6045.55,6053.6,107,
2024-10-18 09:56:00+05:30,6052.35,6053.3,6049.1,6049.95,65,
2024-10-18 09:57:00+05:30,6048.75,6048.75,6043,6043,79,
2024-10-18 09:58:00+05:30,6043,6047.7,6043,6046.5,313,
2024-10-18 09:59:00+05:30,6046.5,6048.45,6044.35,6048.4,267,
2024-10-18 10:00:00+05:30,6048.2,6048.2,6035,6035,411,
2024-10-18 10:01:00+05:30,6035,6036.1,6032.05,6032.05,597,
2024-10-18 10:02:00+05:30,6033.35,6038,6032.05,6038,112,
2024-10-18 10:03:00+05:30,6038,6038,6034.05,6036.5,111,
2024-10-18 10:04:00+05:30,6036.5,6037,6033.45,6034.7,65,
2024-10-18 10:05:00+05:30,6036.5,6042.5,6034.7,6041.15,783,
2024-10-18 10:06:00+05:30,6041.15,6041.15,6035.3,6039.1,351,
2024-10-18 10:07:00+05:30,6039.1,6045,6037.1,6045,114,
2024-10-18 10:08:00+05:30,6045,6048.1,6037.75,6045.55,2557,
2024-10-18 10:09:00+05:30,6045.55,6050,6040.6,6050,56,
2024-10-18 10:10:00+05:30,6050,6060,6050,6055.05,1218,
2024-10-18 10:11:00+05:30,6055.05,6055.05,6050.1,6052.5,270,
2024-10-18 10:12:00+05:30,6052.5,6058.3,6049.15,6058.3,428,
2024-10-18 10:13:00+05:30,6058.3,6058.3,6054.6,6055,296,
2024-10-18 10:14:00+05:30,6055,6062.35,6054.65,6059,465,
2024-10-18 10:15:00+05:30,6059,6062.25,6055.25,6059.75,483,
2024-10-18 10:16:00+05:30,6059.75,6060,6050.05,6053.8,538,
2024-10-18 10:17:00+05:30,6053.95,6064.35,6053.95,6064.3,1318,
2024-10-18 10:18:00+05:30,6063.95,6065,6056.05,6056.9,1056,
2024-10-18 10:19:00+05:30,6056.9,6064.9,6056.9,6062.4,1552,
2024-10-18 10:20:00+05:30,6063.95,6063.95,6059.95,6062.2,147,
2024-10-18 10:21:00+05:30,6062.2,6062.2,6055.1,6055.15,987,
2024-10-18 10:22:00+05:30,6055.15,6059.55,6055.15,6057.7,317,
2024-10-18 10:23:00+05:30,6057.7,6064.9,6053.3,6053.3,1573,
2024-10-18 10:24:00+05:30,6050,6052.2,6043,6046.7,1159,
2024-10-18 10:25:00+05:30,6046.7,6052.65,6046.7,6052.65,124,
2024-10-18 10:26:00+05:30,6052.65,6052.65,6044,6045.05,166,
2024-10-18 10:27:00+05:30,6045.05,6053.35,6045,6051,190,
2024-10-18 10:28:00+05:30,6048.15,6053.3,6048.15,6050.2,80,
2024-10-18 10:29:00+05:30,6050.3,6057.25,6050.3,6057.25,245,
2024-10-18 10:30:00+05:30,6057.05,6060,6055,6058.3,486,
2024-10-18 10:31:00+05:30,6058.3,6060,6053.7,6054.1,221,
2024-10-18 10:32:00+05:30,6056,6060,6056,6060,145,
2024-10-18 10:33:00+05:30,6058.65,6080,6058.65,6078.1,2129,
2024-10-18 10:34:00+05:30,6078.1,6082.3,6072.05,6073.35,4240,
2024-10-18 10:35:00+05:30,6077.3,6090.1,6069.9,6074.85,2909,
2024-10-18 10:36:00+05:30,6074.85,6079.8,6070,6075.55,1164,
2024-10-18 10:37:00+05:30,6076.1,6082.75,6076.1,6076.2,1707,
2024-10-18 10:38:00+05:30,6076.2,6078,6068,6068,461,
2024-10-18 10:39:00+05:30,6068,6071.65,6066.9,6071.65,628,
2024-10-18 10:40:00+05:30,6071.65,6075.35,6071.65,6075.35,237,
2024-10-18 10:41:00+05:30,6075.35,6078.05,6073.55,6076.45,687,
2024-10-18 10:42:00+05:30,6076.45,6085,6074.6,6081.45,1137,
2024-10-18 10:43:00+05:30,6081.45,6087.7,6080,6082.5,1326,
2024-10-18 10:44:00+05:30,6082.5,6085,6082.5,6085,756,
2024-10-18 10:45:00+05:30,6085,6091.9,6085,6090.35,483,
2024-10-18 10:46:00+05:30,6090.35,6090.35,6086.25,6089.5,490,
2024-10-18 10:47:00+05:30,6086.45,6089.5,6084.6,6084.6,257,
2024-10-18 10:48:00+05:30,6084.6,6087.25,6078.4,6083.3,1050,
2024-10-18 10:49:00+05:30,6083.3,6086.55,6083.2,6083.55,101,
2024-10-18 10:50:00+05:30,6083.55,6086.8,6079.2,6082.55,457,
2024-10-18 10:51:00+05:30,6082.55,6082.55,6073.4,6075.35,253,
2024-10-18 10:52:00+05:30,6075.35,6077,6072.3,6076.55,776,
2024-10-18 10:53:00+05:30,6076.55,6076.55,6072.8,6072.95,188,
2024-10-18 10:54:00+05:30,6072.95,6077,6072.95,6073,359,
2024-10-18 10:55:00+05:30,6073,6075,6068.5,6069.2,578,
2024-10-18 10:56:00+05:30,6069.2,6075,6069.2,6072.5,672,
2024-10-18 10:57:00+05:30,6076,6082,6073.05,6081.35,759,
2024-10-18 10:58:00+05:30,6081.35,6082,6073.6,6077.5,665,
2024-10-18 10:59:00+05:30,6077.5,6078.25,6074,6074,63,
2024-10-18 11:00:00+05:30,6074,6077.15,6070,6070,863,
2024-10-18 11:01:00+05:30,6072.6,6072.6,6065,6065.55,748,
2024-10-18 11:02:00+05:30,6065.55,6069,6065.55,6069,216,
2024-10-18 11:03:00+05:30,6069,6069,6066,6066.95,321,
2024-10-18 11:04:00+05:30,6066.95,6069,6066,6066.9,565,
2024-10-18 11:05:00+05:30,6066.9,6066.9,6062,6062,1057,
2024-10-18 11:06:00+05:30,6062.4,6069,6062.4,6069,403,
2024-10-18 11:07:00+05:30,6069,6069,6065.2,6069,521,
2024-10-18 11:08:00+05:30,6069,6069,6067.8,6068.95,884,
2024-10-18 11:09:00+05:30,6068.3,6073,6064.85,6064.85,2193,
2024-10-18 11:10:00+05:30,6064.85,6068.9,6064.85,6066.5,485,
2024-10-18 11:11:00+05:30,6066.5,6070,6066.5,6070,940,
2024-10-18 11:12:00+05:30,6070,6080.1,6067.75,6076.6,3674,
2024-10-18 11:13:00+05:30,6075.9,6075.9,6067.95,6069.4,469,
2024-10-18 11:14:00+05:30,6069.4,6069.4,6062.1,6062.1,1018,
2024-10-18 11:15:00+05:30,6066,6066,6063,6063.9,916,
2024-10-18 11:16:00+05:30,6063.9,6063.9,6054.3,6060,1450,
2024-10-18 11:17:00+05:30,6060,6060,6057.65,6060,432,
2024-10-18 11:18:00+05:30,6057.1,6058.25,6055.25,6055.25,2526,
2024-10-18 11:19:00+05:30,6054.1,6057.3,6049.3,6054.05,2902,
2024-10-18 11:20:00+05:30,6054.05,6055.05,6048.15,6048.45,650,
2024-10-18 11:21:00+05:30,6048.55,6050.05,6043.35,6043.35,1200,
2024-10-18 11:22:00+05:30,6043.35,6047.2,6043.35,6043.85,348,
2024-10-18 11:23:00+05:30,6043.85,6051.55,6043.85,6046.95,1277,
2024-10-18 11:24:00+05:30,6046.9,6057.3,6046.9,6057.3,399,
2024-10-18 11:25:00+05:30,6057.3,6059.7,6050.9,6054.45,370,
2024-10-18 11:26:00+05:30,6054.45,6058.15,6054,6057.05,431,
2024-10-18 11:27:00+05:30,6054.55,6054.55,6053.9,6054.45,117,
2024-10-18 11:28:00+05:30,6054.45,6054.45,6050.8,6050.8,1173,
2024-10-18 11:29:00+05:30,6051.45,6052.65,6050.5,6052.65,266,
2024-10-18 11:30:00+05:30,6052.65,6052.65,6050.5,6050.65,48,
2024-10-18 11:31:00+05:30,6050.65,6053,6050.65,6051.7,48,
2024-10-18 11:32:00+05:30,6051.7,6054.75,6051.7,6052.4,69,
2024-10-18 11:33:00+05:30,6052.55,6055.15,6052.5,6052.75,821,
2024-10-18 11:34:00+05:30,6052.75,6056.1,6052.4,6053.3,444,
2024-10-18 11:35:00+05:30,6053.3,6053.7,6052.95,6053,43,
2024-10-18 11:36:00+05:30,6053,6053.7,6052,6052.1,45,
2024-10-18 11:37:00+05:30,6052.1,6055.7,6051.75,6055.7,34,
2024-10-18 11:38:00+05:30,6053.5,6067.75,6052.9,6061.8,3580,
2024-10-18 11:39:00+05:30,6061.8,6068,6059.45,6064.55,1648,
2024-10-18 11:40:00+05:30,6064.55,6070,6064.55,6070,925,
2024-10-18 11:41:00+05:30,6070,6074.2,6059.95,6067.45,2430,
2024-10-18 11:42:00+05:30,6068.95,6073,6062.35,6062.35,495,
2024-10-18 11:43:00+05:30,6062.3,6065.65,6058,6061.55,737,
2024-10-18 11:44:00+05:30,6061.55,6064.95,6059.95,6064.95,243,
2024-10-18 11:45:00+05:30,6064.95,6066.5,6064.9,6065.05,540,
2024-10-18 11:46:00+05:30,6065.05,6065.2,6060,6060,254,
2024-10-18 11:47:00+05:30,6060,6060,6056.7,6056.7,84,
2024-10-18 11:48:00+05:30,6056.7,6057.4,6055,6055,158,
2024-10-18 11:49:00+05:30,6054.55,6054.55,6052.05,6052.55,500,
2024-10-18 11:50:00+05:30,6052.65,6055.2,6052.55,6054.5,193,
2024-10-18 11:51:00+05:30,6054.05,6056.85,6053.85,6055,258,
2024-10-18 11:52:00+05:30,6055,6056.05,6051.7,6051.7,488,
2024-10-18 11:53:00+05:30,6051.7,6055.85,6051.7,6053.05,52,
2024-10-18 11:54:00+05:30,6053.05,6055.8,6052.95,6052.95,450,
2024-10-18 11:55:00+05:30,6051.7,6053.2,6048.55,6050.4,964,
2024-10-18 11:56:00+05:30,6052.1,6054.05,6052.1,6053,889,
2024-10-18 11:57:00+05:30,6053,6055.9,6053,6053.1,128,
2024-10-18 11:58:00+05:30,6053.1,6055,6052.75,6053.1,358,
2024-10-18 11:59:00+05:30,6053.1,6056.1,6052.75,6055.25,173,
2024-10-18 12:00:00+05:30,6057.15,6057.15,6042.5,6046.75,1214,
2024-10-18 12:01:00+05:30,6046.75,6051.2,6045.35,6049.7,462,
2024-10-18 12:02:00+05:30,6049.7,6050.45,6045.8,6047,301,
2024-10-18 12:03:00+05:30,6047,6048.5,6045.8,6047.7,127,
2024-10-18 12:04:00+05:30,6047.45,6047.75,6047.45,6047.55,193,
2024-10-18 12:05:00+05:30,6047.4,6060,6045,6060,1057,
2024-10-18 12:06:00+05:30,6060,6067.45,6060,6065.9,1590,
2024-10-18 12:07:00+05:30,6065.9,6070,6062,6067.1,1453,
2024-10-18 12:08:00+05:30,6067.1,6070.9,6063.95,6063.95,261,
2024-10-18 12:09:00+05:30,6063.95,6070,6062.75,6069.15,153,
2024-10-18 12:10:00+05:30,6069.15,6070,6065,6065,274,
2024-10-18 12:11:00+05:30,6065,6066.95,6064.8,6066.85,61,
2024-10-18 12:12:00+05:30,6065,6067,6065,6067,528,
2024-10-18 12:13:00+05:30,6067,6074.05,6066.25,6069.5,485,
2024-10-18 12:14:00+05:30,6069.5,6070.05,6057.2,6057.2,488,
2024-10-18 12:15:00+05:30,6057.2,6066.6,6057.2,6066.6,840,
2024-10-18 12:16:00+05:30,6066.6,6069.25,6066.6,6069.2,59,
2024-10-18 12:17:00+05:30,6069.2,6072.25,6066.85,6072.25,115,
2024-10-18 12:18:00+05:30,6072.25,6077.7,6072.25,6077.7,312,
2024-10-18 12:19:00+05:30,6077.7,6077.7,6070.9,6071.15,288,
2024-10-18 12:20:00+05:30,6074.15,6074.7,6071.55,6072.2,202,
2024-10-18 12:21:00+05:30,6072.2,6080,6072.2,6078,1012,
2024-10-18 12:22:00+05:30,6078,6085.95,6078,6081.75,554,
2024-10-18 12:23:00+05:30,6081.75,6084.25,6081.5,6083.1,220,
2024-10-18 12:24:00+05:30,6083.1,6083.1,6077.75,6078,207,
2024-10-18 12:25:00+05:30,6078,6080.7,6077.85,6080.7,302,
2024-10-18 12:26:00+05:30,6080.7,6082.95,6079.4,6079.45,209,
2024-10-18 12:27:00+05:30,6079.7,6084.1,6077.85,6084.1,633,
2024-10-18 12:28:00+05:30,6084.1,6084.1,6080.15,6083.3,117,
2024-10-18 12:29:00+05:30,6083.3,6083.8,6079.5,6079.5,441,
2024-10-18 12:30:00+05:30,6079.4,6081.05,6078.05,6078.75,284,
2024-10-18 12:31:00+05:30,6079.4,6083.8,6071.2,6073.8,721,
2024-10-18 12:32:00+05:30,6073.8,6077,6073.25,6074.15,179,
2024-10-18 12:33:00+05:30,6074.7,6074.7,6073.5,6073.5,89,
2024-10-18 12:34:00+05:30,6073.5,6074.55,6072.3,6073.5,237,
2024-10-18 12:35:00+05:30,6071.75,6071.75,6065,6066.05,903,
2024-10-18 12:36:00+05:30,6066.05,6069.15,6065,6065,596,
2024-10-18 12:37:00+05:30,6065,6071.5,6065,6070.25,46,
2024-10-18 12:38:00+05:30,6070.25,6070.25,6065.75,6068.9,329,
2024-10-18 12:39:00+05:30,6068.9,6073.4,6068.9,6071.6,856,
2024-10-18 12:40:00+05:30,6071.6,6073,6065.65,6065.65,420,
2024-10-18 12:41:00+05:30,6065.65,6065.65,6059.9,6064.9,340,
2024-10-18 12:42:00+05:30,6063.5,6067.5,6060.35,6067.5,570,
2024-10-18 12:43:00+05:30,6067.5,6067.7,6064.65,6067.05,50,
2024-10-18 12:44:00+05:30,6067.05,6067.05,6064.85,6067.05,112,
2024-10-18 12:45:00+05:30,6067.05,6067.05,6066,6066,21,
2024-10-18 12:46:00+05:30,6066,6066,6060,6060,414,
2024-10-18 12:47:00+05:30,6058.45,6059.9,6057.6,6057.95,121,
2024-10-18 12:48:00+05:30,6057.95,6061.35,6057,6058.85,335,
2024-10-18 12:49:00+05:30,6058.85,6058.85,6053.25,6055.55,1041,
2024-10-18 12:50:00+05:30,6055.55,6055.55,6050,6052.55,1470,
2024-10-18 12:51:00+05:30,6052.55,6053.6,6051.1,6051.15,1093,
2024-10-18 12:52:00+05:30,6051.15,6052.2,6048.35,6052,1664,
2024-10-18 12:53:00+05:30,6052,6054.95,6050,6050.05,1139,
2024-10-18 12:54:00+05:30,6050.05,6050.05,6049.05,6049.6,258,
2024-10-18 12:55:00+05:30,6049.6,6049.75,6048,6048,41,
2024-10-18 12:56:00+05:30,6048,6055.9,6048,6050.7,884,
2024-10-18 12:57:00+05:30,6050.7,6051.35,6046.7,6047.35,507,
2024-10-18 12:58:00+05:30,6047.35,6049.05,6041.7,6042.3,1690,
2024-10-18 12:59:00+05:30,6042.3,6042.3,6040.25,6041.25,439,
2024-10-18 13:00:00+05:30,6042.5,6045.65,6041.25,6042.3,416,
2024-10-18 13:01:00+05:30,6042.3,6046.2,6042.3,6045.25,472,
2024-10-18 13:02:00+05:30,6045.25,6046.65,6041.85,6046.65,115,
2024-10-18 13:03:00+05:30,6046.65,6046.65,6036.7,6040,2449,
2024-10-18 13:04:00+05:30,6040,6045.6,6037.65,6037.65,693,
2024-10-18 13:05:00+05:30,6037.65,6040,6037.2,6040,72,
2024-10-18 13:06:00+05:30,6040,6040,6038.4,6039.1,69,
2024-10-18 13:07:00+05:30,6039.1,6040,6039,6039.05,60,
2024-10-18 13:08:00+05:30,6039.05,6039.05,6037,6037,199,
2024-10-18 13:09:00+05:30,6037,6037,6035,6036.65,410,
2024-10-18 13:10:00+05:30,6036,6042.6,6036,6042.6,1068,
2024-10-18 13:11:00+05:30,6040.95,6041.05,6037.95,6039.2,358,
2024-10-18 13:12:00+05:30,6038.75,6038.75,6035,6035,567,
2024-10-18 13:13:00+05:30,6035,6035,6032,6032,189,
2024-10-18 13:14:00+05:30,6032,6032,6031.1,6031.1,221,
2024-10-18 13:15:00+05:30,6031.1,6037.25,6030.55,6035.7,576,
2024-10-18 13:16:00+05:30,6034.5,6040.4,6034.5,6037.45,368,
2024-10-18 13:17:00+05:30,6037.45,6042.6,6036.95,6038,1496,
2024-10-18 13:18:00+05:30,6038,6039.25,6035.2,6036.35,500,
2024-10-18 13:19:00+05:30,6036.35,6047.05,6036.35,6038.25,982,
2024-10-18 13:20:00+05:30,6042.45,6042.45,6037.85,6040,167,
2024-10-18 13:21:00+05:30,6038.1,6040,6037.15,6039.95,48,
2024-10-18 13:22:00+05:30,6039.95,6046.9,6038,6039.05,833,
2024-10-18 13:23:00+05:30,6041.15,6041.15,6038.9,6039.8,405,
2024-10-18 13:24:00+05:30,6040,6045.65,6037.8,6045.65,1210,
2024-10-18 13:25:00+05:30,6045.65,6045.65,6039.25,6043.2,381,
2024-10-18 13:26:00+05:30,6043.2,6044.05,6040.35,6044.05,426,
2024-10-18 13:27:00+05:30,6044.05,6053,6039.1,6048.15,727,
2024-10-18 13:28:00+05:30,6048.15,6048.7,6045.8,6045.9,512,
2024-10-18 13:29:00+05:30,6045.9,6047.7,6044.1,6047.7,459,
2024-10-18 13:30:00+05:30,6047.7,6049.2,6041.1,6041.1,2031,
2024-10-18 13:31:00+05:30,6040,6044.9,6039.95,6044.9,1255,
2024-10-18 13:32:00+05:30,6044.9,6044.9,6040,6040,595,
2024-10-18 13:33:00+05:30,6040,6047.6,6040,6044.55,625,
2024-10-18 13:34:00+05:30,6044.55,6051.45,6044.05,6048.35,1060,
2024-10-18 13:35:00+05:30,6048.35,6048.35,6045.15,6046.15,501,
2024-10-18 13:36:00+05:30,6046.15,6050,6045.75,6047,451,
2024-10-18 13:37:00+05:30,6050,6054.95,6046.75,6050.8,1370,
2024-10-18 13:38:00+05:30,6050.8,6052.7,6039.3,6039.3,3353,
2024-10-18 13:39:00+05:30,6039.3,6044,6039.3,6041.55,970,
2024-10-18 13:40:00+05:30,6041.45,6048.9,6041,6048.5,2757,
2024-10-18 13:41:00+05:30,6048.5,6048.6,6041,6044.5,1977,
2024-10-18 13:42:00+05:30,6044.5,6044.5,6037.85,6039.4,532,
2024-10-18 13:43:00+05:30,6039.4,6043.4,6038.6,6040,314,
2024-10-18 13:44:00+05:30,6040,6040,6038.85,6039.45,342,
2024-10-18 13:45:00+05:30,6039.45,6044,6039.4,6040.7,1026,
2024-10-18 13:46:00+05:30,6040.7,6044.55,6040.55,6042.15,609,
2024-10-18 13:47:00+05:30,6042.15,6042.15,6039.2,6039.2,250,
2024-10-18 13:48:00+05:30,6039.2,6039.8,6036.95,6038.95,446,
2024-10-18 13:49:00+05:30,6038.9,6042.1,6037.8,6040,871,
2024-10-18 13:50:00+05:30,6040,6040.05,6038,6039.95,1341,
2024-10-18 13:51:00+05:30,6039.95,6042.55,6036.6,6037.55,564,
2024-10-18 13:52:00+05:30,6038.6,6040,6038.6,6040,542,
2024-10-18 13:53:00+05:30,6040,6040,6038,6039.85,223,
2024-10-18 13:54:00+05:30,6039.85,6041.7,6038,6041.7,447,
2024-10-18 13:55:00+05:30,6040,6040,6038.2,6038.2,277,
2024-10-18 13:56:00+05:30,6039.15,6040.7,6038,6040,716,
2024-10-18 13:57:00+05:30,6039.3,6049.5,6039.05,6041.8,2975,
2024-10-18 13:58:00+05:30,6043.2,6043.2,6039.95,6040.7,1628,
2024-10-18 13:59:00+05:30,6043,6043,6039.15,6039.15,641,
2024-10-18 14:00:00+05:30,6039.15,6040.35,6039.15,6040.25,354,
2024-10-18 14:01:00+05:30,6040.25,6043,6040.25,6040.95,668,
2024-10-18 14:02:00+05:30,6040.95,6041.1,6037.6,6038.15,1523,
2024-10-18 14:03:00+05:30,6038.15,6040,6037.9,6040,622,
2024-10-18 14:04:00+05:30,6040,6046.9,6039,6041.6,3280,
2024-10-18 14:05:00+05:30,6041.6,6043.25,6040.15,6040.25,418,
2024-10-18 14:06:00+05:30,6040.25,6042.25,6038.7,6040,306,
2024-10-18 14:07:00+05:30,6038.65,6040,6037.55,6040,277,
2024-10-18 14:08:00+05:30,6040,6040.9,6037.8,6038.3,371,
2024-10-18 14:09:00+05:30,6038.25,6049.45,6038.25,6040.65,2722,
2024-10-18 14:10:00+05:30,6040.65,6040.65,6036.8,6038.2,1279,
2024-10-18 14:11:00+05:30,6038.2,6040,6037.15,6038.95,620,
2024-10-18 14:12:00+05:30,6038.95,6042,6038.95,6039.6,278,
2024-10-18 14:13:00+05:30,6039.6,6040,6039.3,6039.3,132,
2024-10-18 14:14:00+05:30,6039.45,6039.55,6037.35,6038.25,235,
2024-10-18 14:15:00+05:30,6038.25,6040,6036.85,6039.75,164,
2024-10-18 14:16:00+05:30,6037.5,6039.45,6036.95,6036.95,215,
2024-10-18 14:17:00+05:30,6036.85,6039.95,6032.05,6035.95,659,
2024-10-18 14:18:00+05:30,6035.9,6040,6035.9,6040,507,
2024-10-18 14:19:00+05:30,6040,6040,6036.05,6040,649,
2024-10-18 14:20:00+05:30,6040,6040,6037.2,6037.2,89,
2024-10-18 14:21:00+05:30,6037.85,6040,6037.2,6037.65,299,
2024-10-18 14:22:00+05:30,6037.65,6039,6037.65,6037.7,51,
2024-10-18 14:23:00+05:30,6039,6040,6038.05,6039.6,823,
2024-10-18 14:24:00+05:30,6039,6040,6038.9,6040,408,
2024-10-18 14:25:00+05:30,6040,6040,6036.65,6039,132,
2024-10-18 14:26:00+05:30,6036.7,6039.9,6036.65,6039.9,297,
2024-10-18 14:27:00+05:30,6037.1,6040,6037.1,6040,128,
2024-10-18 14:28:00+05:30,6040,6040,6038.55,6040,649,
2024-10-18 14:29:00+05:30,6040,6042,6038.9,6039.3,3289,
2024-10-18 14:30:00+05:30,6039.3,6040.05,6038.35,6039.65,1133,
2024-10-18 14:31:00+05:30,6039.65,6039.65,6037,6038.9,936,
2024-10-18 14:32:00+05:30,6038.9,6042,6038.9,6038.9,363,
2024-10-18 14:33:00+05:30,6038.9,6040,6038.2,6038.25,187,
2024-10-18 14:34:00+05:30,6039.95,6039.95,6033.95,6033.95,1118,
2024-10-18 14:35:00+05:30,6035,6035,6033.95,6035,342,
2024-10-18 14:36:00+05:30,6034.8,6035,6032.2,6032.2,844,
2024-10-18 14:37:00+05:30,6032.5,6034.05,6031.95,6031.95,168,
2024-10-18 14:38:00+05:30,6031.95,6032.35,6030.1,6030.1,143,
2024-10-18 14:39:00+05:30,6030,6032.9,6030,6032.75,296,
2024-10-18 14:40:00+05:30,6030.65,6033.35,6030.65,6030.75,170,
2024-10-18 14:41:00+05:30,6030.75,6034,6027.55,6030,1283,
2024-10-18 14:42:00+05:30,6030,6030,6029.25,6029.25,194,
2024-10-18 14:43:00+05:30,6029.25,6032,6029.25,6030.3,257,
2024-10-18 14:44:00+05:30,6030.3,6032.75,6030.3,6032.75,524,
2024-10-18 14:45:00+05:30,6031.35,6033.95,6030.3,6031.75,250,
2024-10-18 14:46:00+05:30,6032.55,6034,6030.85,6030.85,211,
2024-10-18 14:47:00+05:30,6034.95,6038.25,6032.6,6038.25,372,
2024-10-18 14:48:00+05:30,6036.4,6038.2,6031,6033.7,1180,
2024-10-18 14:49:00+05:30,6033.7,6033.7,6030,6030.15,332,
2024-10-18 14:50:00+05:30,6030.15,6033.95,6025.5,6028,2276,
2024-10-18 14:51:00+05:30,6028.85,6030.1,6028.85,6030,594,
2024-10-18 14:52:00+05:30,6030,6030,6028.85,6029.85,970,
2024-10-18 14:53:00+05:30,6029.85,6030,6027.35,6030,1107,
2024-10-18 14:54:00+05:30,6030,6030,6027.9,6028.15,152,
2024-10-18 14:55:00+05:30,6029.95,6030,6028.45,6029.15,148,
2024-10-18 14:56:00+05:30,6029.15,6035.65,6029.15,6032,3875,
2024-10-18 14:57:00+05:30,6031.9,6031.9,6029.1,6030,601,
2024-10-18 14:58:00+05:30,6030,6030,6028.1,6030,248,
2024-10-18 14:59:00+05:30,6030,6030,6028.35,6030,82,
2024-10-18 15:00:00+05:30,6030,6030,6026.6,6029.65,3096,
2024-10-18 15:01:00+05:30,6029.6,6030,6026.5,6028.2,528,
2024-10-18 15:02:00+05:30,6027.9,6030,6027.5,6030,4696,
2024-10-18 15:03:00+05:30,6027.2,6032.7,6027.05,6030,4218,
2024-10-18 15:04:00+05:30,6029.9,6031.6,6027.3,6030,1479,
2024-10-18 15:05:00+05:30,6028.95,6031.05,6022,6026.5,4047,
2024-10-18 15:06:00+05:30,6025.3,6026.45,6020.3,6025.15,983,
2024-10-18 15:07:00+05:30,6025.15,6025.15,6018,6021.5,4103,
2024-10-18 15:08:00+05:30,6018.55,6021.15,6016.9,6021,830,
2024-10-18 15:09:00+05:30,6021,6021,6018.25,6020,1140,
2024-10-18 15:10:00+05:30,6020,6020.35,6014.75,6014.75,2469,
2024-10-18 15:11:00+05:30,6017.6,6018,6011.6,6015.7,1026,
2024-10-18 15:12:00+05:30,6015.7,6019.85,6015.15,6019.25,1285,
2024-10-18 15:13:00+05:30,6019.25,6019.95,6004.65,6018.15,4576,
2024-10-18 15:14:00+05:30,6018.15,6018.15,6009.75,6016.95,1663,
2024-10-18 15:15:00+05:30,6014.85,6018.75,6012.5,6018.2,1586,
2024-10-18 15:16:00+05:30,6018.2,6020.8,6007.95,6016.65,10649,
2024-10-18 15:17:00+05:30,6016.65,6020.05,6015.9,6018.95,1476,
2024-10-18 15:18:00+05:30,6019.1,6023,6018.85,6022.95,2475,
2024-10-18 15:19:00+05:30,6022.95,6027.9,6020.85,6023.7,3545,
2024-10-18 15:20:00+05:30,6023.6,6027,6015.9,6027,6146,
2024-10-18 15:21:00+05:30,6027,6029.8,6024.1,6029.35,1139,
2024-10-18 15:22:00+05:30,6029.35,6032.45,6026.2,6029.9,1368,
2024-10-18 15:23:00+05:30,6029.9,6034.3,6029.35,6032.45,1617,
2024-10-18 15:24:00+05:30,6032.45,6032.6,6025.7,6028.35,1952,
2024-10-18 15:25:00+05:30,6028.35,6031.45,6022.2,6029.6,2429,
2024-10-18 15:26:00+05:30,6029.45,6031.9,6027.3,6028,1050,
2024-10-18 15:27:00+05:30,6028.9,6029.3,6023.95,6027.45,1778,
2024-10-18 15:28:00+05:30,6029,6033.5,6027.4,6033.05,369,
2024-10-18 15:29:00+05:30,6033.3,6033.5,6024,6033.5,729,
2024-10-21 09:15:00+05:30,6029.95,6108.4,6024.1,6099.85,4014,
2024-10-21 09:16:00+05:30,6099.85,6099.85,6069.95,6070,1462,
2024-10-21 09:17:00+05:30,6067.3,6071.9,6047.05,6060,1775,
2024-10-21 09:18:00+05:30,6060,6073,6060,6070.15,2192,
2024-10-21 09:19:00+05:30,6070.15,6070.15,6062.05,6062.05,337,
2024-10-21 09:20:00+05:30,6060.5,6069,6058.4,6069,1602,
2024-10-21 09:21:00+05:30,6069,6069,6060.8,6063.9,206,
2024-10-21 09:22:00+05:30,6063.9,6068.05,6060.95,6063.6,484,
2024-10-21 09:23:00+05:30,6063.6,6065.65,6056,6059.95,1082,
2024-10-21 09:24:00+05:30,6059.95,6080,6059.4,6078.95,2429,
2024-10-21 09:25:00+05:30,6078.95,6083,6071.5,6077.6,828,
2024-10-21 09:26:00+05:30,6075,6076.25,6066.7,6067,555,
2024-10-21 09:27:00+05:30,6067,6079.6,6061.3,6074.95,1783,
2024-10-21 09:28:00+05:30,6074.95,6074.95,6066.7,6069.55,261,
2024-10-21 09:29:00+05:30,6069.55,6077.5,6065,6074.45,1269,
2024-10-21 09:30:00+05:30,6076.4,6076.95,6071.5,6074.5,1110,
2024-10-21 09:31:00+05:30,6074.5,6075,6065,6065,402,
2024-10-21 09:32:00+05:30,6063,6063,6048,6048,2252,
2024-10-21 09:33:00+05:30,6048,6051.75,6040.65,6042,3344,
2024-10-21 09:34:00+05:30,6042,6042,6035.05,6035.05,2747,
2024-10-21 09:35:00+05:30,6035.05,6040,6030,6039.65,2635,
2024-10-21 09:36:00+05:30,6039.65,6039.65,6030,6031.25,793,
2024-10-21 09:37:00+05:30,6031.25,6034.95,6024.1,6025,3414,
2024-10-21 09:38:00+05:30,6025,6025,6016,6016.4,3907,
2024-10-21 09:39:00+05:30,6014.15,6016.4,6011.1,6013.1,1140,
2024-10-21 09:40:00+05:30,6017.95,6017.95,6012,6012,1086,
2024-10-21 09:41:00+05:30,6012,6019,6010.1,6015.3,1339,
2024-10-21 09:42:00+05:30,6016,6017.85,6008,6013.55,887,
2024-10-21 09:43:00+05:30,6013.55,6013.55,6001,6002,1275,
2024-10-21 09:44:00+05:30,6006.6,6009.3,6003.5,6009.3,1222,
2024-10-21 09:45:00+05:30,6007,6007,5996.25,5998,2766,
2024-10-21 09:46:00+05:30,5998,6008.9,5993.55,6008,1722,
2024-10-21 09:47:00+05:30,6008,6008,5999.1,5999.1,517,
2024-10-21 09:48:00+05:30,5999.1,6001,5996.4,5996.4,1082,
2024-10-21 09:49:00+05:30,5996.4,5998.3,5984.7,5987.35,2050,
2024-10-21 09:50:00+05:30,5985.2,5987.35,5977.3,5978.4,6370,
2024-10-21 09:51:00+05:30,5978.4,5979.75,5972.95,5975.65,1543,
2024-10-21 09:52:00+05:30,5975.65,5978.1,5970.3,5970.45,1869,
2024-10-21 09:53:00+05:30,5970.45,5980,5970.3,5976.25,1746,
2024-10-21 09:54:00+05:30,5976.25,5983.5,5975.1,5983.5,13454,
2024-10-21 09:55:00+05:30,5978.75,5980,5971.3,5971.3,4555,
2024-10-21 09:56:00+05:30,5971.3,5984.95,5970,5979.1,8108,
2024-10-21 09:57:00+05:30,5979.1,5980,5970.1,5980,3861,
2024-10-21 09:58:00+05:30,5980,5990,5977.75,5990,4795,
2024-10-21 09:59:00+05:30,5990,6004.3,5987.55,6004.3,1908,
2024-10-21 10:00:00+05:30,6004.3,6004.3,5990.35,5990.45,1019,
2024-10-21 10:01:00+05:30,5990.45,6000.95,5990.45,5999.75,839,
2024-10-21 10:02:00+05:30,5999.75,6013.15,5997.9,6012,1074,
2024-10-21 10:03:00+05:30,6012,6014.85,6005.05,6005.05,1206,
2024-10-21 10:04:00+05:30,6005.05,6005.05,6000.6,6003.6,1430,
2024-10-21 10:05:00+05:30,6003.5,6005.05,5987.3,5988.15,2036,
2024-10-21 10:06:00+05:30,5990.1,5998.3,5988.25,5993.05,1201,
2024-10-21 10:07:00+05:30,5993.05,6006.65,5985.8,5995.65,3335,
2024-10-21 10:08:00+05:30,5993.75,6003,5993.75,6001.05,524,
2024-10-21 10:09:00+05:30,6001.05,6004.35,5993.1,5993.1,1999,
2024-10-21 10:10:00+05:30,5993.1,5999.8,5991.05,5993.9,1658,
2024-10-21 10:11:00+05:30,5994.15,5997.1,5992.6,5992.95,470,
2024-10-21 10:12:00+05:30,5992.95,5996.3,5981.05,5981.5,2188,
2024-10-21 10:13:00+05:30,5981.95,5983.35,5979.8,5981.5,1596,
2024-10-21 10:14:00+05:30,5985.9,6000,5985.9,6000,1656,
2024-10-21 10:15:00+05:30,5996.65,5997,5990.05,5991.3,1444,
2024-10-21 10:16:00+05:30,5992.25,5992.7,5985.6,5989.9,1826,
2024-10-21 10:17:00+05:30,5990.65,5995,5980.65,5984.6,2417,
2024-10-21 10:18:00+05:30,5984.6,5989.6,5981.6,5981.6,932,
2024-10-21 10:19:00+05:30,5981.6,5989.25,5978.05,5982.15,2241,
2024-10-21 10:20:00+05:30,5983.1,5990.95,5980.7,5985.6,1742,
2024-10-21 10:21:00+05:30,5985.6,5991.45,5984.65,5987.5,1378,
2024-10-21 10:22:00+05:30,5987.5,5993.3,5987.5,5991,628,
2024-10-21 10:23:00+05:30,5991,5992.15,5987.05,5991.05,1893,
2024-10-21 10:24:00+05:30,5991,5994.2,5986.8,5987.4,600,
2024-10-21 10:25:00+05:30,5987.4,5991.65,5987.4,5990.85,991,
2024-10-21 10:26:00+05:30,5994.45,5995,5992.4,5992.75,347,
2024-10-21 10:27:00+05:30,5992.75,5999.8,5990.05,5995.75,3260,
2024-10-21 10:28:00+05:30,5995.75,5996,5991.1,5995,545,
2024-10-21 10:29:00+05:30,5994.6,5998.55,5990.75,5992.6,1915,
2024-10-21 10:30:00+05:30,5992.6,5993.85,5989.05,5989.05,713,
2024-10-21 10:31:00+05:30,5989.05,5990.8,5989.05,5990,392,
2024-10-21 10:32:00+05:30,5990,5995.15,5990,5992,461,
2024-10-21 10:33:00+05:30,5992,5995.95,5989.65,5990,558,
2024-10-21 10:34:00+05:30,5990,5991.05,5987.8,5990,1538,
2024-10-21 10:35:00+05:30,5990.25,5997.95,5990.25,5995.75,348,
2024-10-21 10:36:00+05:30,5995.75,5997.9,5994.25,5994.25,242,
2024-10-21 10:37:00+05:30,5994.25,5995.95,5990,5990,690,
2024-10-21 10:38:00+05:30,5990,5997.95,5988.8,5996.45,2087,
2024-10-21 10:39:00+05:30,5996.45,5999.25,5994.05,5994.15,1084,
2024-10-21 10:40:00+05:30,5994.15,5997.75,5994,5996,378,
2024-10-21 10:41:00+05:30,5993.65,5999.75,5992.3,5994.05,1923,
2024-10-21 10:42:00+05:30,5994.15,5997.1,5993,5996.55,145,
2024-10-21 10:43:00+05:30,5996.55,6000,5992.95,5993.25,1958,
2024-10-21 10:44:00+05:30,5993.25,5998.05,5992.95,5997.25,297,
2024-10-21 10:45:00+05:30,5997.25,5999.05,5995,5995.55,408,
2024-10-21 10:46:00+05:30,5995.55,5999.9,5993.25,5993.5,1063,
2024-10-21 10:47:00+05:30,5993.5,5996.25,5993.5,5994.6,206,
2024-10-21 10:48:00+05:30,5994.6,5996.25,5994.05,5994.25,595,
2024-10-21 10:49:00+05:30,5994.25,5996.2,5993,5993,120,
2024-10-21 10:50:00+05:30,5993,5993,5989.4,5991.4,1261,
2024-10-21 10:51:00+05:30,5991.35,5994.65,5989.9,5990,535,
2024-10-21 10:52:00+05:30,5990,5991.7,5989.85,5990,45,
2024-10-21 10:53:00+05:30,5990,5996.3,5990,5992.7,496,
2024-10-21 10:54:00+05:30,5992.7,5994.35,5991.65,5992.2,524,
2024-10-21 10:55:00+05:30,5992.2,6000,5992.2,5994.35,874,
2024-10-21 10:56:00+05:30,5994.35,6000,5994.35,5998.4,1610,
2024-10-21 10:57:00+05:30,5998.4,5998.65,5994.95,5995.85,491,
2024-10-21 10:58:00+05:30,5995.85,6000,5994.3,5994.3,854,
2024-10-21 10:59:00+05:30,5994.3,5997.9,5994.3,5995.9,17,
2024-10-21 11:00:00+05:30,5995.9,5995.9,5990.05,5990.3,1286,
2024-10-21 11:01:00+05:30,5990.3,5992.2,5990,5990.2,2488,
2024-10-21 11:02:00+05:30,5990.2,6002.6,5990,5998.9,13597,
2024-10-21 11:03:00+05:30,5995.5,6011.9,5995.5,6009.85,2573,
2024-10-21 11:04:00+05:30,6009.85,6012.05,6000,6000,2249,
2024-10-21 11:05:00+05:30,6000,6009.25,5995.65,5997.25,2777,
2024-10-21 11:06:00+05:30,5997.25,6005,5991.3,5992,2702,
2024-10-21 11:07:00+05:30,5992,5993.85,5990,5991.05,649,
2024-10-21 11:08:00+05:30,5991.05,5993.85,5991.05,5992.85,173,
2024-10-21 11:09:00+05:30,5992.85,5999,5992.85,5992.85,434,
2024-10-21 11:10:00+05:30,5992.85,5992.9,5990,5992.9,915,
2024-10-21 11:11:00+05:30,5992.9,5995,5990,5990,1039,
2024-10-21 11:12:00+05:30,5990,5992,5990,5991,383,
2024-10-21 11:13:00+05:30,5991,5991,5985.1,5988.4,3818,
2024-10-21 11:14:00+05:30,5988.4,5990,5985.8,5986.7,594,
2024-10-21 11:15:00+05:30,5986.7,5988.25,5986.7,5987.1,77,
2024-10-21 11:16:00+05:30,5987.1,5990,5985.2,5988.05,1244,
2024-10-21 11:17:00+05:30,5989.55,5989.55,5985,5985,333,
2024-10-21 11:18:00+05:30,5985,5986.65,5970.05,5972.5,7162,
2024-10-21 11:19:00+05:30,5972.5,5974.85,5970.75,5971.1,914,
2024-10-21 11:20:00+05:30,5971.1,5973.35,5971.1,5973.35,909,
2024-10-21 11:21:00+05:30,5975,5979.3,5972.15,5979.1,8098,
2024-10-21 11:22:00+05:30,5979.1,5986.55,5976.3,5983.3,362,
2024-10-21 11:23:00+05:30,5983.3,5986.55,5980,5984.65,723,
2024-10-21 11:24:00+05:30,5984.65,5990.1,5979.1,5980,848,
2024-10-21 11:25:00+05:30,5980,5981.55,5976.75,5976.75,318,
2024-10-21 11:26:00+05:30,5976.75,5982.95,5976.6,5979.9,1792,
2024-10-21 11:27:00+05:30,5979.9,5979.95,5976.6,5977,806,
2024-10-21 11:28:00+05:30,5977,5983.85,5977,5983.85,278,
2024-10-21 11:29:00+05:30,5983.85,5989.45,5983.85,5986.8,352,
2024-10-21 11:30:00+05:30,5986.8,5990.3,5980,5980,607,
2024-10-21 11:31:00+05:30,5980,5987.55,5980,5980.15,759,
2024-10-21 11:32:00+05:30,5980.15,5986.4,5980.15,5981.1,1452,
2024-10-21 11:33:00+05:30,5981.1,5984.85,5980.25,5982.4,2914,
2024-10-21 11:34:00+05:30,5980.65,5986.7,5974.05,5974.05,3589,
2024-10-21 11:35:00+05:30,5977.7,5979.2,5972.8,5975.05,5440,
2024-10-21 11:36:00+05:30,5975.05,5980.55,5975.05,5980.05,559,
2024-10-21 11:37:00+05:30,5979.8,5984.5,5978.85,5983.3,885,
2024-10-21 11:38:00+05:30,5983.3,5985.55,5977,5982.15,2205,
2024-10-21 11:39:00+05:30,5982.15,5985.4,5979.95,5981.3,671,
2024-10-21 11:40:00+05:30,5981.3,5987.95,5980.4,5984.9,641,
2024-10-21 11:41:00+05:30,5984.9,5988.4,5982.45,5984.7,1389,
2024-10-21 11:42:00+05:30,5984.7,5985.9,5983.25,5985.85,545,
2024-10-21 11:43:00+05:30,5985.85,5985.85,5981.85,5982.05,523,
2024-10-21 11:44:00+05:30,5983.3,5983.75,5980,5980.1,1142,
2024-10-21 11:45:00+05:30,5982.6,5983.15,5980,5980.95,1112,
2024-10-21 11:46:00+05:30,5980.95,5983.6,5976.6,5979.1,966,
2024-10-21 11:47:00+05:30,5977.3,5979.1,5976.15,5977.9,593,
2024-10-21 11:48:00+05:30,5976.4,5979,5975.6,5976.5,548,
2024-10-21 11:49:00+05:30,5976.5,5977.25,5974.05,5977.05,570,
2024-10-21 11:50:00+05:30,5977.05,5978.55,5973.55,5974.05,980,
2024-10-21 11:51:00+05:30,5974.05,5976.45,5970,5970.35,916,
2024-10-21 11:52:00+05:30,5970,5975.15,5968,5975,2353,
2024-10-21 11:53:00+05:30,5975,5977.35,5974.1,5977.3,409,
2024-10-21 11:54:00+05:30,5977.3,5982,5977.3,5981.95,939,
2024-10-21 11:55:00+05:30,5981.95,5988,5979.35,5984.25,3054,
2024-10-21 11:56:00+05:30,5984.25,5987.95,5980.45,5982.8,5367,
2024-10-21 11:57:00+05:30,5982.8,5985,5980,5982,1277,
2024-10-21 11:58:00+05:30,5981.75,5988.8,5976.95,5980.6,6379,
2024-10-21 11:59:00+05:30,5980.6,5983.85,5975.85,5978.3,246,
2024-10-21 12:00:00+05:30,5978.3,5978.3,5973.4,5975.15,325,
2024-10-21 12:01:00+05:30,5976.15,5977.35,5972.45,5974.9,742,
2024-10-21 12:02:00+05:30,5974.9,5976.45,5970.5,5972.2,846,
2024-10-21 12:03:00+05:30,5972.2,5974.3,5968,5968,182,
2024-10-21 12:04:00+05:30,5968,5974.85,5968,5970.25,546,
2024-10-21 12:05:00+05:30,5970.25,5977.75,5970,5974.9,639,
2024-10-21 12:06:00+05:30,5974.9,5976.5,5972.1,5975.4,130,
2024-10-21 12:07:00+05:30,5975.25,5975.25,5971.15,5973,90,
2024-10-21 12:08:00+05:30,5973,5973,5967.55,5970.65,813,
2024-10-21 12:09:00+05:30,5970.65,5978.4,5968.75,5975.15,1287,
2024-10-21 12:10:00+05:30,5975.25,5981.35,5974.05,5976.85,1725,
2024-10-21 12:11:00+05:30,5976.85,5982,5976,5976.85,988,
2024-10-21 12:12:00+05:30,5976.85,5980,5972.85,5974.25,1492,
2024-10-21 12:13:00+05:30,5975.15,5979.05,5973.05,5975.95,600,
2024-10-21 12:14:00+05:30,5975.95,5978.6,5970.7,5974,514,
2024-10-21 12:15:00+05:30,5974,5974,5967.95,5970,852,
2024-10-21 12:16:00+05:30,5970,5970.85,5969.45,5969.65,280,
2024-10-21 12:17:00+05:30,5969.65,5970,5967.5,5967.5,423,
2024-10-21 12:18:00+05:30,5968.05,5972.95,5966.85,5972.45,487,
2024-10-21 12:19:00+05:30,5972.45,5975,5969,5970.85,1215,
2024-10-21 12:20:00+05:30,5970.85,5973.75,5969.45,5971.7,441,
2024-10-21 12:21:00+05:30,5971.7,5973.05,5968.2,5968.8,474,
2024-10-21 12:22:00+05:30,5968.8,5973.05,5968.55,5970,472,
2024-10-21 12:23:00+05:30,5970,5972.7,5969.1,5971.45,224,
2024-10-21 12:24:00+05:30,5972.25,5976,5967.6,5970,1710,
2024-10-21 12:25:00+05:30,5970,5970,5967.95,5968.45,245,
2024-10-21 12:26:00+05:30,5968.45,5973.05,5968.45,5970,725,
2024-10-21 12:27:00+05:30,5970,5971.6,5969.65,5970,251,
2024-10-21 12:28:00+05:30,5968.5,5970,5968.5,5969.95,206,
2024-10-21 12:29:00+05:30,5969.95,5970,5969.15,5970,422,
2024-10-21 12:30:00+05:30,5970,5971.9,5965.95,5965.95,932,
2024-10-21 12:31:00+05:30,5965.7,5967.4,5964.4,5964.4,1026,
2024-10-21 12:32:00+05:30,5965.35,5971,5964.5,5970,304,
2024-10-21 12:33:00+05:30,5970.6,5970.6,5966.65,5968.5,755,
2024-10-21 12:34:00+05:30,5969,5969,5967.25,5968.4,278,
2024-10-21 12:35:00+05:30,5968.4,5968.4,5966.2,5968.15,277,
2024-10-21 12:36:00+05:30,5968.15,5968.2,5965,5965,541,
2024-10-21 12:37:00+05:30,5965,5966.4,5961.7,5961.7,370,
2024-10-21 12:38:00+05:30,5961.7,5970,5961.7,5967.65,892,
2024-10-21 12:39:00+05:30,5967.65,5967.65,5960.15,5960.15,1036,
2024-10-21 12:40:00+05:30,5961.2,5961.2,5956.65,5957.2,1433,
2024-10-21 12:41:00+05:30,5956.45,5956.45,5951.1,5955,1075,
2024-10-21 12:42:00+05:30,5955,5955,5953,5954.05,550,
2024-10-21 12:43:00+05:30,5954.05,5963.85,5954.05,5960.75,1061,
2024-10-21 12:44:00+05:30,5960.75,5962.2,5958.25,5960.7,890,
2024-10-21 12:45:00+05:30,5960.7,5960.7,5953.95,5954.95,443,
2024-10-21 12:46:00+05:30,5955,5956.15,5951.9,5953.6,742,
2024-10-21 12:47:00+05:30,5953.6,5953.6,5950,5950.25,546,
2024-10-21 12:48:00+05:30,5950.25,5952.35,5950,5950.55,494,
2024-10-21 12:49:00+05:30,5950.55,5951.85,5950.15,5950.95,467,
2024-10-21 12:50:00+05:30,5951.1,5955.3,5950.05,5954.4,2293,
2024-10-21 12:51:00+05:30,5954.4,5957.2,5952.75,5953.95,362,
2024-10-21 12:52:00+05:30,5953.95,5958,5953.95,5955.65,122,
2024-10-21 12:53:00+05:30,5955.65,5956.4,5949.8,5952.35,936,
2024-10-21 12:54:00+05:30,5952.35,5957.8,5952.35,5955,591,
2024-10-21 12:55:00+05:30,5956.5,5956.5,5950.65,5953.75,664,
2024-10-21 12:56:00+05:30,5953.75,5953.8,5944.7,5944.7,1139,
2024-10-21 12:57:00+05:30,5944.55,5948.5,5940.65,5945.2,1686,
2024-10-21 12:58:00+05:30,5945.2,5945.2,5942.1,5943,180,
2024-10-21 12:59:00+05:30,5943,5945.95,5940.55,5945.05,938,
2024-10-21 13:00:00+05:30,5945.05,5945.95,5940.6,5940.7,489,
2024-10-21 13:01:00+05:30,5941.8,5948.15,5940.6,5946.95,749,
2024-10-21 13:02:00+05:30,5943.65,5946.95,5943.6,5943.6,999,
2024-10-21 13:03:00+05:30,5946,5946.25,5939.1,5939.1,1815,
2024-10-21 13:04:00+05:30,5940,5941.75,5936.05,5936.9,3297,
2024-10-21 13:05:00+05:30,5936.9,5936.9,5931.1,5931.1,3604,
2024-10-21 13:06:00+05:30,5932.75,5941.25,5932.2,5937.75,2848,
2024-10-21 13:07:00+05:30,5935.25,5937.45,5931.05,5933.3,2545,
2024-10-21 13:08:00+05:30,5934.05,5934.1,5932,5933.9,1123,
2024-10-21 13:09:00+05:30,5933.9,5936.4,5931.35,5933.85,2924,
2024-10-21 13:10:00+05:30,5933.85,5940.1,5933.7,5935,1025,
2024-10-21 13:11:00+05:30,5935,5936.6,5932.9,5936.25,991,
2024-10-21 13:12:00+05:30,5936.25,5936.25,5931.35,5931.35,1913,
2024-10-21 13:13:00+05:30,5932.25,5932.25,5929.65,5929.65,1760,
2024-10-21 13:14:00+05:30,5931.15,5931.15,5926.7,5927.25,3843,
2024-10-21 13:15:00+05:30,5927.25,5931,5926.75,5926.8,1651,
2024-10-21 13:16:00+05:30,5926.8,5929.95,5920.9,5928.4,3131,
2024-10-21 13:17:00+05:30,5928.4,5942.25,5927.5,5936.4,2296,
2024-10-21 13:18:00+05:30,5936.4,5941.15,5929.35,5929.35,3544,
2024-10-21 13:19:00+05:30,5929.35,5939.9,5929.35,5936.5,3074,
2024-10-21 13:20:00+05:30,5936.5,5941.15,5934.75,5937.75,1984,
2024-10-21 13:21:00+05:30,5937.75,5937.8,5931.5,5936.4,2074,
2024-10-21 13:22:00+05:30,5936.4,5937.1,5933.1,5933.9,311,
2024-10-21 13:23:00+05:30,5933,5939.15,5932.35,5933.35,2052,
2024-10-21 13:24:00+05:30,5931.95,5939.8,5931.95,5934.65,1254,
2024-10-21 13:25:00+05:30,5937.65,5937.65,5934.05,5936.1,154,
2024-10-21 13:26:00+05:30,5934.15,5936,5928.95,5931,2166,
2024-10-21 13:27:00+05:30,5931,5932.3,5926.45,5928.45,3075,
2024-10-21 13:28:00+05:30,5926.4,5928.95,5924.25,5928.75,1700,
2024-10-21 13:29:00+05:30,5927,5936.25,5925,5929.95,2829,
2024-10-21 13:30:00+05:30,5929.95,5938.8,5929.4,5938.8,123,
2024-10-21 13:31:00+05:30,5938.8,5939.75,5934.25,5937.35,206,
2024-10-21 13:32:00+05:30,5937.35,5937.4,5931.1,5932.3,1289,
2024-10-21 13:33:00+05:30,5932.3,5933.85,5917.2,5924,7689,
2024-10-21 13:34:00+05:30,5926.9,5927,5923.05,5924.45,514,
2024-10-21 13:35:00+05:30,5924.35,5924.45,5924,5924.3,160,
2024-10-21 13:36:00+05:30,5924.3,5926.45,5916.05,5922.35,1880,
2024-10-21 13:37:00+05:30,5922.4,5922.45,5919.55,5921.25,546,
2024-10-21 13:38:00+05:30,5921.25,5925.5,5920.95,5924.15,1827,
2024-10-21 13:39:00+05:30,5924.15,5925.3,5917,5917.4,287,
2024-10-21 13:40:00+05:30,5917.4,5920,5916.05,5919.95,511,
2024-10-21 13:41:00+05:30,5919.95,5922.1,5916.05,5917.8,852,
2024-10-21 13:42:00+05:30,5917.8,5919.95,5915.55,5916.9,687,
2024-10-21 13:43:00+05:30,5916.9,5920.25,5914.65,5916.3,894,
2024-10-21 13:44:00+05:30,5916.3,5923.15,5909.35,5915.85,4998,
2024-10-21 13:45:00+05:30,5915.9,5927.7,5910.9,5926.1,8389,
2024-10-21 13:46:00+05:30,5926.1,5927.45,5919,5919.5,657,
2024-10-21 13:47:00+05:30,5919.5,5923.45,5919.05,5921.95,133,
2024-10-21 13:48:00+05:30,5921.95,5935,5920.85,5935,697,
2024-10-21 13:49:00+05:30,5934.95,5942.5,5934.25,5939.4,613,
2024-10-21 13:50:00+05:30,5939.4,5939.6,5934.35,5937,729,
2024-10-21 13:51:00+05:30,5937,5940,5934.75,5938.95,476,
2024-10-21 13:52:00+05:30,5938.95,5947.5,5936.05,5946.55,533,
2024-10-21 13:53:00+05:30,5946.55,5949.7,5943.95,5946.3,1112,
2024-10-21 13:54:00+05:30,5949.8,5950,5946.35,5949.65,274,
2024-10-21 13:55:00+05:30,5949.65,5956,5947,5954.1,4401,
2024-10-21 13:56:00+05:30,5954.1,5965.15,5954.1,5957.45,1544,
2024-10-21 13:57:00+05:30,5957.45,5961.4,5955,5957.7,1069,
2024-10-21 13:58:00+05:30,5957.7,5966.35,5955.35,5961.1,1431,
2024-10-21 13:59:00+05:30,5961.1,5967.45,5959,5964.65,688,
2024-10-21 14:00:00+05:30,5965.15,5967.35,5962.85,5963.05,880,
2024-10-21 14:01:00+05:30,5963.05,5966,5956.2,5964.15,441,
2024-10-21 14:02:00+05:30,5964.15,5964.15,5955.7,5955.7,443,
2024-10-21 14:03:00+05:30,5955.7,5963.4,5955.7,5960.85,169,
2024-10-21 14:04:00+05:30,5960.85,5961.5,5956.85,5959.4,281,
2024-10-21 14:05:00+05:30,5959.4,5961.5,5954.85,5959.6,3089,
2024-10-21 14:06:00+05:30,5960.45,5962,5950.35,5953.85,35698,
2024-10-21 14:07:00+05:30,5953.85,5955,5941.85,5943.9,854,
2024-10-21 14:08:00+05:30,5943.9,5943.95,5937.05,5937.2,622,
2024-10-21 14:09:00+05:30,5937.2,5940.6,5932.05,5939.95,272,
2024-10-21 14:10:00+05:30,5939.95,5940,5932.1,5932.1,257,
2024-10-21 14:11:00+05:30,5933.3,5934.8,5927.85,5931.95,775,
2024-10-21 14:12:00+05:30,5931.95,5936.7,5925.95,5929.9,3286,
2024-10-21 14:13:00+05:30,5929.9,5938.65,5927.35,5934.8,9339,
2024-10-21 14:14:00+05:30,5932.15,5932.15,5926,5928.7,219,
2024-10-21 14:15:00+05:30,5928.7,5930.35,5927,5929.9,107,
2024-10-21 14:16:00+05:30,5929.9,5936.1,5929.05,5933.45,202,
2024-10-21 14:17:00+05:30,5933.45,5936.6,5926.05,5928.95,1062,
2024-10-21 14:18:00+05:30,5928.95,5929,5925,5926.5,3620,
2024-10-21 14:19:00+05:30,5926.5,5930.7,5926.05,5928,2131,
2024-10-21 14:20:00+05:30,5928,5928,5922.25,5925,2056,
2024-10-21 14:21:00+05:30,5925,5925,5924.4,5924.9,592,
2024-10-21 14:22:00+05:30,5924.9,5925,5922.15,5924.85,253,
2024-10-21 14:23:00+05:30,5924.9,5927,5924.45,5925,2080,
2024-10-21 14:24:00+05:30,5925,5936.7,5924.95,5930.4,2077,
2024-10-21 14:25:00+05:30,5930.4,5935.95,5930.15,5934.9,157,
2024-10-21 14:26:00+05:30,5934.9,5939.5,5930.05,5930.95,710,
2024-10-21 14:27:00+05:30,5930.95,5932,5930,5930.7,697,
2024-10-21 14:28:00+05:30,5929,5929,5925.35,5928.45,137,
2024-10-21 14:29:00+05:30,5928.45,5929.85,5925.05,5926.35,392,
2024-10-21 14:30:00+05:30,5926.35,5931,5926.35,5929.05,786,
2024-10-21 14:31:00+05:30,5928.1,5931,5925.35,5928.55,1172,
2024-10-21 14:32:00+05:30,5928.55,5930,5925.55,5930,321,
2024-10-21 14:33:00+05:30,5930,5935.85,5930,5934.9,2303,
2024-10-21 14:34:00+05:30,5934.9,5939.5,5933.9,5939.1,268,
2024-10-21 14:35:00+05:30,5939.1,5939.1,5934.95,5938.6,144,
2024-10-21 14:36:00+05:30,5938.6,5942,5935.25,5940.65,196,
2024-10-21 14:37:00+05:30,5942.95,5945,5935.8,5938.65,545,
2024-10-21 14:38:00+05:30,5938.65,5938.65,5920,5923.4,1270,
2024-10-21 14:39:00+05:30,5923.4,5923.4,5916.7,5921.9,1544,
2024-10-21 14:40:00+05:30,5921.9,5934.1,5921.9,5934.1,495,
2024-10-21 14:41:00+05:30,5935,5935.55,5926.65,5928.5,221,
2024-10-21 14:42:00+05:30,5928.5,5933.9,5928.5,5932.25,257,
2024-10-21 14:43:00+05:30,5933.3,5933.35,5929.9,5929.9,164,
2024-10-21 14:44:00+05:30,5932.95,5932.95,5928.4,5930,155,
2024-10-21 14:45:00+05:30,5930,5932.45,5924.5,5928.7,363,
2024-10-21 14:46:00+05:30,5928.7,5929.5,5921.45,5927.95,205,
2024-10-21 14:47:00+05:30,5924.9,5927.95,5918,5921,269,
2024-10-21 14:48:00+05:30,5921,5921,5916.6,5920.35,256,
2024-10-21 14:49:00+05:30,5920.85,5920.85,5914.3,5917.45,897,
2024-10-21 14:50:00+05:30,5917.45,5925.45,5912.05,5919.95,2871,
2024-10-21 14:51:00+05:30,5919.95,5925.45,5919.95,5922.75,533,
2024-10-21 14:52:00+05:30,5922.75,5925.9,5920.7,5924.3,424,
2024-10-21 14:53:00+05:30,5924.3,5924.6,5918,5923.75,156,
2024-10-21 14:54:00+05:30,5923.75,5924.3,5920.75,5922.85,134,
2024-10-21 14:55:00+05:30,5922.85,5927.5,5920.95,5924.9,508,
2024-10-21 14:56:00+05:30,5924.9,5927.1,5920.3,5923.15,154,
2024-10-21 14:57:00+05:30,5923.15,5924.9,5919.05,5921.6,108,
2024-10-21 14:58:00+05:30,5923.9,5923.9,5912.4,5915.55,410,
2024-10-21 14:59:00+05:30,5917.9,5920.6,5914.65,5917.3,623,
2024-10-21 15:00:00+05:30,5917.3,5933.4,5917.3,5933.4,2084,
2024-10-21 15:01:00+05:30,5932.35,5938.1,5920.55,5925.95,2798,
2024-10-21 15:02:00+05:30,5925.95,5927.65,5917.45,5926,833,
2024-10-21 15:03:00+05:30,5926,5926,5917.95,5923.5,1411,
2024-10-21 15:04:00+05:30,5923.5,5924.95,5919.55,5922.75,1035,
2024-10-21 15:05:00+05:30,5922.75,5923.75,5918.05,5921,800,
2024-10-21 15:06:00+05:30,5921.7,5923.85,5918.05,5920.45,1500,
2024-10-21 15:07:00+05:30,5920.45,5922.55,5919,5920.85,758,
2024-10-21 15:08:00+05:30,5921.95,5922,5918.5,5922,710,
2024-10-21 15:09:00+05:30,5922,5926.35,5920.45,5923.9,1140,
2024-10-21 15:10:00+05:30,5926.8,5929.85,5925.4,5927.75,1152,
2024-10-21 15:11:00+05:30,5927.75,5929.85,5925.25,5926.9,1263,
2024-10-21 15:12:00+05:30,5926.9,5930,5925,5928.4,941,
2024-10-21 15:13:00+05:30,5928.4,5930,5920.3,5929.95,2595,
2024-10-21 15:14:00+05:30,5929.95,5929.95,5921.15,5925,3005,
2024-10-21 15:15:00+05:30,5924.95,5927.9,5919.15,5926.95,1719,
2024-10-21 15:16:00+05:30,5927.05,5927.05,5919.1,5921.9,1675,
2024-10-21 15:17:00+05:30,5921.9,5925.65,5921.2,5925.65,1103,
2024-10-21 15:18:00+05:30,5922.15,5926.15,5921.7,5925.7,878,
2024-10-21 15:19:00+05:30,5925.7,5929.2,5922.05,5926.45,1348,
2024-10-21 15:20:00+05:30,5924.7,5929.95,5921.15,5929.95,3150,
2024-10-21 15:21:00+05:30,5927.65,5929.4,5923.75,5929,2482,
2024-10-21 15:22:00+05:30,5929,5930,5923,5928.45,1970,
2024-10-21 15:23:00+05:30,5925.75,5929.35,5925.1,5928.55,1557,
2024-10-21 15:24:00+05:30,5928.55,5928.9,5919.75,5926.6,1786,
2024-10-21 15:25:00+05:30,5925.55,5930.25,5925.55,5929,1334,
2024-10-21 15:26:00+05:30,5929.75,5929.8,5923.6,5925.4,1456,
2024-10-21 15:27:00+05:30,5925.1,5926.2,5920.05,5920.35,1953,
2024-10-21 15:28:00+05:30,5920.35,5925.3,5919.05,5924.1,1071,
2024-10-21 15:29:00+05:30,5924.1,5925.8,5914.9,5915,592,
2024-10-22 09:15:00+05:30,5920,5942.3,5909,5942.3,1687,
2024-10-22 09:16:00+05:30,5943.5,5952.9,5916.75,5918,1757,
2024-10-22 09:17:00+05:30,5918,5930.95,5906.45,5929,835,
2024-10-22 09:18:00+05:30,5929,5929,5913.65,5921.55,465,
2024-10-22 09:19:00+05:30,5921.55,5925,5918.65,5920,258,
2024-10-22 09:20:00+05:30,5920,5928,5918.2,5928,487,
2024-10-22 09:21:00+05:30,5927.15,5930,5921.7,5921.75,144,
2024-10-22 09:22:00+05:30,5921.3,5924.6,5914.7,5914.7,188,
2024-10-22 09:23:00+05:30,5912,5919.15,5910,5919.1,319,
2024-10-22 09:24:00+05:30,5919.1,5921.85,5917.3,5917.3,207,
2024-10-22 09:25:00+05:30,5917.3,5921.1,5910,5910,471,
2024-10-22 09:26:00+05:30,5910,5912.35,5902.1,5902.1,783,
2024-10-22 09:27:00+05:30,5902.1,5927.05,5902.1,5927.05,2616,
2024-10-22 09:28:00+05:30,5925.15,5929.2,5922,5922.8,1185,
2024-10-22 09:29:00+05:30,5924.55,5934.95,5922.8,5932.4,1493,
2024-10-22 09:30:00+05:30,5934.55,5942.5,5933.7,5942.45,552,
2024-10-22 09:31:00+05:30,5942.45,5948.2,5937.45,5947.15,952,
2024-10-22 09:32:00+05:30,5947.85,5950.2,5935.5,5935.5,1151,
2024-10-22 09:33:00+05:30,5937.4,5947.45,5935,5945.5,1224,
2024-10-22 09:34:00+05:30,5945.5,5949.9,5940.55,5940.55,794,
2024-10-22 09:35:00+05:30,5943.9,5948.7,5940.45,5948.35,165,
2024-10-22 09:36:00+05:30,5945.4,5955.95,5940.05,5944.6,1047,
2024-10-22 09:37:00+05:30,5944.6,5944.6,5942.05,5944.1,78,
2024-10-22 09:38:00+05:30,5944.1,5944.25,5937.05,5937.15,148,
2024-10-22 09:39:00+05:30,5937.15,5942.15,5937.15,5939.25,582,
2024-10-22 09:40:00+05:30,5939.25,5939.25,5932.05,5934.75,856,
2024-10-22 09:41:00+05:30,5934.75,5935.25,5931.3,5935.25,331,
2024-10-22 09:42:00+05:30,5935.25,5941.55,5933.75,5941.55,151,
2024-10-22 09:43:00+05:30,5941.55,5949.95,5940.35,5949.95,295,
2024-10-22 09:44:00+05:30,5949.95,5963.9,5946.5,5963.9,1023,
2024-10-22 09:45:00+05:30,5963.85,5963.95,5960.25,5961.65,702,
2024-10-22 09:46:00+05:30,5960.25,5963,5958.5,5958.5,208,
2024-10-22 09:47:00+05:30,5963,5964,5955.95,5958.45,687,
2024-10-22 09:48:00+05:30,5958.45,5958.45,5947.65,5948.05,220,
2024-10-22 09:49:00+05:30,5948.05,5950.6,5943.8,5946.9,439,
2024-10-22 09:50:00+05:30,5950.15,5950.15,5947,5947.65,39,
2024-10-22 09:51:00+05:30,5948.3,5949,5945.85,5948.35,188,
2024-10-22 09:52:00+05:30,5948.35,5951,5942.7,5942.7,409,
2024-10-22 09:53:00+05:30,5942.7,5946.55,5942.7,5946.35,173,
2024-10-22 09:54:00+05:30,5946.35,5953.35,5946.35,5951.8,157,
2024-10-22 09:55:00+05:30,5951.8,5960.1,5951.8,5958.7,371,
2024-10-22 09:56:00+05:30,5958.7,5959.1,5951.05,5952.6,306,
2024-10-22 09:57:00+05:30,5952.6,5955.6,5943.8,5944.05,715,
2024-10-22 09:58:00+05:30,5944.05,5948.35,5943.05,5947.5,378,
2024-10-22 09:59:00+05:30,5947.4,5950.4,5947.05,5950.4,21,
2024-10-22 10:00:00+05:30,5950.4,5954.65,5948.55,5951.15,106,
2024-10-22 10:01:00+05:30,5951.15,5953.75,5947.85,5947.85,76,
2024-10-22 10:02:00+05:30,5946.3,5952.8,5944.15,5952,499,
2024-10-22 10:03:00+05:30,5951.9,5951.95,5949.75,5949.75,13,
2024-10-22 10:04:00+05:30,5949.75,5950.75,5944.8,5947.8,134,
2024-10-22 10:05:00+05:30,5947.6,5947.6,5930.5,5933.2,933,
2024-10-22 10:06:00+05:30,5933.2,5940,5933.15,5933.15,1889,
2024-10-22 10:07:00+05:30,5933.15,5951.25,5933.15,5947.35,1357,
2024-10-22 10:08:00+05:30,5947.35,5956.6,5944.4,5956.6,1198,
2024-10-22 10:09:00+05:30,5954.95,5957.1,5954,5954,136,
2024-10-22 10:10:00+05:30,5954,5955.4,5952.6,5953.35,576,
2024-10-22 10:11:00+05:30,5953.65,5953.65,5947,5947.6,99,
2024-10-22 10:12:00+05:30,5947.6,5950,5941.4,5950,139,
2024-10-22 10:13:00+05:30,5950,5950,5938.85,5943.6,1152,
2024-10-22 10:14:00+05:30,5943.6,5945.2,5939.85,5945,734,
2024-10-22 10:15:00+05:30,5945,5957.55,5942.35,5950.45,783,
2024-10-22 10:16:00+05:30,5950.45,5950.7,5943.35,5948.65,410,
2024-10-22 10:17:00+05:30,5948.65,5948.65,5940,5940,221,
2024-10-22 10:18:00+05:30,5940.6,5940.6,5935.1,5935.1,277,
2024-10-22 10:19:00+05:30,5935.1,5936,5920.3,5929.7,1517,
2024-10-22 10:20:00+05:30,5932.35,5939.9,5928.3,5931.5,345,
2024-10-22 10:21:00+05:30,5931.5,5936.4,5931.5,5936.4,34,
2024-10-22 10:22:00+05:30,5936.4,5939.1,5930.25,5939.1,625,
2024-10-22 10:23:00+05:30,5939.1,5939.1,5927.25,5928.85,271,
2024-10-22 10:24:00+05:30,5928.85,5929.75,5923.2,5925.85,916,
2024-10-22 10:25:00+05:30,5925.5,5931.3,5924,5926.95,1246,
2024-10-22 10:26:00+05:30,5926.95,5928.75,5917.7,5917.7,544,
2024-10-22 10:27:00+05:30,5918.05,5926.85,5913.1,5913.1,874,
2024-10-22 10:28:00+05:30,5913.1,5913.8,5908.75,5909.65,724,
2024-10-22 10:29:00+05:30,5909.65,5917.65,5909.6,5911.7,367,
2024-10-22 10:30:00+05:30,5916.5,5919.95,5910.85,5914.85,741,
2024-10-22 10:31:00+05:30,5914.85,5914.85,5906,5906,439,
2024-10-22 10:32:00+05:30,5907.85,5909.75,5897.35,5900.3,2749,
2024-10-22 10:33:00+05:30,5900.85,5908.1,5892.7,5899.05,4799,
2024-10-22 10:34:00+05:30,5897.3,5910,5895.6,5900,11241,
2024-10-22 10:35:00+05:30,5900,5900.55,5897,5898,921,
2024-10-22 10:36:00+05:30,5899.5,5902.65,5897,5899.75,1367,
2024-10-22 10:37:00+05:30,5899.75,5902.3,5897.3,5900,650,
2024-10-22 10:38:00+05:30,5900,5902.5,5893.45,5900,2159,
2024-10-22 10:39:00+05:30,5900.1,5902.85,5898,5898.8,2833,
2024-10-22 10:40:00+05:30,5898.8,5900,5894.6,5895.1,463,
2024-10-22 10:41:00+05:30,5895.1,5895.45,5891.15,5893.2,986,
2024-10-22 10:42:00+05:30,5893.25,5901.25,5893.25,5895.95,2286,
2024-10-22 10:43:00+05:30,5895.95,5899.1,5887.35,5887.7,1457,
2024-10-22 10:44:00+05:30,5887.7,5890.3,5882.15,5888.3,832,
2024-10-22 10:45:00+05:30,5888.3,5891.4,5885.35,5885.95,626,
2024-10-22 10:46:00+05:30,5885.6,5893.65,5885.6,5890,623,
2024-10-22 10:47:00+05:30,5890,5904.85,5890,5892.15,1999,
2024-10-22 10:48:00+05:30,5896.45,5899.4,5893,5893,601,
2024-10-22 10:49:00+05:30,5893,5900,5890,5900,1403,
2024-10-22 10:50:00+05:30,5898.85,5900,5885,5885,6965,
2024-10-22 10:51:00+05:30,5886.9,5886.9,5880.95,5883.2,6688,
2024-10-22 10:52:00+05:30,5883.2,5888,5883.2,5885,9648,
2024-10-22 10:53:00+05:30,5885,5885.6,5882.3,5882.55,1401,
2024-10-22 10:54:00+05:30,5882.55,5885.6,5882.45,5882.45,1692,
2024-10-22 10:55:00+05:30,5882.45,5885,5881,5882.25,530,
2024-10-22 10:56:00+05:30,5882.25,5885.05,5882.25,5884,5185,
2024-10-22 10:57:00+05:30,5885,5885.05,5882.05,5883.95,11583,
2024-10-22 10:58:00+05:30,5883.95,5886.25,5874.45,5875.05,1751,
2024-10-22 10:59:00+05:30,5875.05,5875.05,5865.45,5867.9,2118,
2024-10-22 11:00:00+05:30,5869.75,5873.4,5865.9,5871.4,891,
2024-10-22 11:01:00+05:30,5871.35,5877.7,5869.25,5871.95,897,
2024-10-22 11:02:00+05:30,5871.9,5880.1,5871.9,5877.35,740,
2024-10-22 11:03:00+05:30,5877.35,5882.45,5866.8,5867.25,2863,
2024-10-22 11:04:00+05:30,5867.25,5872.45,5867.25,5870,8201,
2024-10-22 11:05:00+05:30,5870,5870,5867.1,5870,3605,
2024-10-22 11:06:00+05:30,5870,5870,5865.5,5866.65,1449,
2024-10-22 11:07:00+05:30,5865,5868,5860.3,5868,779,
2024-10-22 11:08:00+05:30,5866.9,5870.85,5866.25,5870,1316,
2024-10-22 11:09:00+05:30,5870,5884.9,5869.95,5876.6,11201,
2024-10-22 11:10:00+05:30,5880,5898.05,5880,5880,3020,
2024-10-22 11:11:00+05:30,5880,5881.1,5866.7,5867.1,8058,
2024-10-22 11:12:00+05:30,5867.1,5870,5867.1,5868.05,878,
2024-10-22 11:13:00+05:30,5868.05,5873.85,5868.05,5870,1064,
2024-10-22 11:14:00+05:30,5869.25,5875,5868.6,5870,6140,
2024-10-22 11:15:00+05:30,5869.95,5875.15,5867.5,5867.5,9571,
2024-10-22 11:16:00+05:30,5867.5,5868.45,5861,5863.55,609,
2024-10-22 11:17:00+05:30,5864.1,5872.5,5861.5,5866.15,2146,
2024-10-22 11:18:00+05:30,5866.15,5870,5865,5870,416,
2024-10-22 11:19:00+05:30,5870,5870,5869.3,5869.3,736,
2024-10-22 11:20:00+05:30,5869.3,5870,5863.55,5868.15,515,
2024-10-22 11:21:00+05:30,5868.2,5868.25,5861,5861,445,
2024-10-22 11:22:00+05:30,5861.05,5869.4,5861.05,5868.9,278,
2024-10-22 11:23:00+05:30,5868.9,5870,5866.8,5866.8,244,
2024-10-22 11:24:00+05:30,5866.8,5870,5866.8,5868.35,236,
2024-10-22 11:25:00+05:30,5868.35,5870.5,5868.3,5868.3,2337,
2024-10-22 11:26:00+05:30,5868.3,5870,5868.3,5870,487,
2024-10-22 11:27:00+05:30,5870,5870.05,5866.05,5869.85,417,
2024-10-22 11:28:00+05:30,5866.85,5870,5864.95,5865,880,
2024-10-22 11:29:00+05:30,5865,5865,5860.6,5865,301,
2024-10-22 11:30:00+05:30,5865,5865.45,5863.2,5865,771,
2024-10-22 11:31:00+05:30,5865,5865,5853.7,5853.95,2450,
2024-10-22 11:32:00+05:30,5853.95,5860,5853.95,5860,653,
2024-10-22 11:33:00+05:30,5860,5860.6,5859.3,5859.3,1778,
2024-10-22 11:34:00+05:30,5859.3,5860,5857.6,5859.85,669,
2024-10-22 11:35:00+05:30,5859.85,5860,5857.6,5860,326,
2024-10-22 11:36:00+05:30,5860,5860,5855.35,5858.55,492,
2024-10-22 11:37:00+05:30,5858.55,5859.45,5855.95,5859.05,476,
2024-10-22 11:38:00+05:30,5856.1,5859.85,5856.1,5859,268,
2024-10-22 11:39:00+05:30,5859.95,5859.95,5852.15,5852.15,1370,
2024-10-22 11:40:00+05:30,5855.1,5858.25,5853.9,5858.25,590,
2024-10-22 11:41:00+05:30,5858.25,5859,5855.35,5859,337,
2024-10-22 11:42:00+05:30,5859,5859.95,5856,5857,375,
2024-10-22 11:43:00+05:30,5859.95,5860,5851.55,5855.85,1279,
2024-10-22 11:44:00+05:30,5853.2,5855.95,5845.7,5850.35,1906,
2024-10-22 11:45:00+05:30,5850.45,5860,5850.45,5859,404,
2024-10-22 11:46:00+05:30,5859,5860,5857,5858.25,424,
2024-10-22 11:47:00+05:30,5858.25,5860,5855,5856.6,276,
2024-10-22 11:48:00+05:30,5858.95,5862.2,5856.55,5857.8,902,
2024-10-22 11:49:00+05:30,5856.15,5859.3,5854.65,5855.1,745,
2024-10-22 11:50:00+05:30,5855.1,5863.15,5855.1,5857.9,986,
2024-10-22 11:51:00+05:30,5857.9,5860,5857.85,5857.85,590,
2024-10-22 11:52:00+05:30,5858.9,5860,5852.85,5860,925,
2024-10-22 11:53:00+05:30,5859.8,5860,5856.95,5859.4,531,
2024-10-22 11:54:00+05:30,5859.4,5860,5857.45,5860,472,
2024-10-22 11:55:00+05:30,5858.95,5863.2,5856.1,5857.85,11773,
2024-10-22 11:56:00+05:30,5856.2,5863.45,5855.75,5859.95,1357,
2024-10-22 11:57:00+05:30,5859.95,5866.25,5858.8,5859.4,6817,
2024-10-22 11:58:00+05:30,5860,5883.45,5860,5882,3758,
2024-10-22 11:59:00+05:30,5882,5885,5868.65,5870.35,4151,
2024-10-22 12:00:00+05:30,5870.3,5872.6,5866.8,5870,5089,
2024-10-22 12:01:00+05:30,5870,5874.45,5867.45,5869.25,9392,
2024-10-22 12:02:00+05:30,5869.25,5871,5867.75,5871,1326,
2024-10-22 12:03:00+05:30,5871,5871,5869.7,5870,402,
2024-10-22 12:04:00+05:30,5870,5870.75,5867.75,5870,2480,
2024-10-22 12:05:00+05:30,5870,5874.05,5869.8,5870.55,5008,
2024-10-22 12:06:00+05:30,5870,5872.95,5870,5870,7696,
2024-10-22 12:07:00+05:30,5870,5872.35,5868.45,5868.75,1977,
2024-10-22 12:08:00+05:30,5868.75,5869.65,5865.75,5868.95,358,
2024-10-22 12:09:00+05:30,5868.95,5870,5868.95,5870,379,
2024-10-22 12:10:00+05:30,5870,5870,5865.75,5865.75,688,
2024-10-22 12:11:00+05:30,5867.65,5871.15,5864,5870,426,
2024-10-22 12:12:00+05:30,5870,5872.15,5868.8,5870,456,
2024-10-22 12:13:00+05:30,5870,5872.05,5868.25,5870,812,
2024-10-22 12:14:00+05:30,5871.95,5872.25,5869.95,5871.7,1177,
2024-10-22 12:15:00+05:30,5870,5872.3,5869.95,5870,2887,
2024-10-22 12:16:00+05:30,5869.95,5872.45,5869.15,5870,1490,
2024-10-22 12:17:00+05:30,5870,5871.65,5867.95,5870,669,
2024-10-22 12:18:00+05:30,5870,5872.95,5869.95,5870,1788,
2024-10-22 12:19:00+05:30,5870.4,5882.9,5870,5882.4,6576,
2024-10-22 12:20:00+05:30,5882.4,5891.1,5881.65,5891.1,825,
2024-10-22 12:21:00+05:30,5891.1,5891.1,5884.55,5888.4,409,
2024-10-22 12:22:00+05:30,5888.4,5899.2,5888.4,5899.2,596,
2024-10-22 12:23:00+05:30,5899.2,5899.95,5873.35,5873.4,9787,
2024-10-22 12:24:00+05:30,5873.4,5875,5873.4,5875,8954,
2024-10-22 12:25:00+05:30,5875,5875,5871.45,5874.1,817,
2024-10-22 12:26:00+05:30,5874.1,5875,5872.55,5875,826,
2024-10-22 12:27:00+05:30,5875,5875,5874.25,5874.25,3382,
2024-10-22 12:28:00+05:30,5874.25,5874.25,5866.35,5869.1,417,
2024-10-22 12:29:00+05:30,5869.1,5870,5855.55,5860,8851,
2024-10-22 12:30:00+05:30,5860,5860,5856.15,5859.75,1276,
2024-10-22 12:31:00+05:30,5859.75,5860,5856.05,5859.4,478,
2024-10-22 12:32:00+05:30,5859.4,5860,5856.2,5860,1449,
2024-10-22 12:33:00+05:30,5860,5860,5859.95,5860,1906,
2024-10-22 12:34:00+05:30,5859.95,5860,5856.6,5859.65,2639,
2024-10-22 12:35:00+05:30,5859.55,5859.9,5852.55,5855.45,676,
2024-10-22 12:36:00+05:30,5855.4,5857.9,5853.2,5853.2,666,
2024-10-22 12:37:00+05:30,5854.9,5859.15,5854.05,5858.7,409,
2024-10-22 12:38:00+05:30,5858.85,5860,5857.1,5858.4,881,
2024-10-22 12:39:00+05:30,5858.55,5860,5855.35,5860,484,
2024-10-22 12:40:00+05:30,5860,5860,5858.25,5860,418,
2024-10-22 12:41:00+05:30,5860,5860,5860,5860,856,
2024-10-22 12:42:00+05:30,5858.85,5860,5858.85,5859.15,1039,
2024-10-22 12:43:00+05:30,5859.65,5860,5856.95,5859.9,420,
2024-10-22 12:44:00+05:30,5859.9,5860,5859.9,5860,372,
2024-10-22 12:45:00+05:30,5860,5860,5854.6,5854.6,551,
2024-10-22 12:46:00+05:30,5857.35,5858.9,5854.6,5857.15,432,
2024-10-22 12:47:00+05:30,5858.95,5859.05,5850.1,5851.4,626,
2024-10-22 12:48:00+05:30,5851.4,5854.9,5850.1,5852.85,448,
2024-10-22 12:49:00+05:30,5852.5,5855.6,5851.7,5853.1,429,
2024-10-22 12:50:00+05:30,5852.6,5854.8,5850.35,5853.1,589,
2024-10-22 12:51:00+05:30,5850.1,5855.2,5850.1,5853.45,439,
2024-10-22 12:52:00+05:30,5853.45,5855.25,5848.05,5852.4,670,
2024-10-22 12:53:00+05:30,5852.4,5859.7,5852,5859.25,384,
2024-10-22 12:54:00+05:30,5859.25,5859.75,5851.45,5855.7,510,
2024-10-22 12:55:00+05:30,5855.85,5856.95,5846.2,5854.75,923,
2024-10-22 12:56:00+05:30,5854.75,5860,5854.55,5860,617,
2024-10-22 12:57:00+05:30,5860,5860,5857.95,5860,748,
2024-10-22 12:58:00+05:30,5860,5860,5855.4,5857.75,523,
2024-10-22 12:59:00+05:30,5857.75,5857.75,5852.9,5855.2,419,
2024-10-22 13:00:00+05:30,5856.15,5856.4,5851.8,5855.85,749,
2024-10-22 13:01:00+05:30,5855.85,5857.55,5853.3,5855.55,632,
2024-10-22 13:02:00+05:30,5855.55,5856.9,5851.95,5856.35,394,
2024-10-22 13:03:00+05:30,5856.35,5856.55,5849.5,5851,950,
2024-10-22 13:04:00+05:30,5851,5855,5851,5851.55,511,
2024-10-22 13:05:00+05:30,5854.45,5858.65,5854.05,5858.65,466,
2024-10-22 13:06:00+05:30,5858.65,5858.85,5852.9,5854.25,427,
2024-10-22 13:07:00+05:30,5854.25,5859.9,5854.25,5859.85,513,
2024-10-22 13:08:00+05:30,5859.2,5859.9,5852.95,5859.05,791,
2024-10-22 13:09:00+05:30,5859.05,5860.5,5856.7,5858,538,
2024-10-22 13:10:00+05:30,5856.85,5859.15,5855.1,5857.35,456,
2024-10-22 13:11:00+05:30,5857.3,5860,5855.1,5858.2,497,
2024-10-22 13:12:00+05:30,5858.2,5860,5856.3,5860,459,
2024-10-22 13:13:00+05:30,5859.95,5860,5856.9,5860,382,
2024-10-22 13:14:00+05:30,5860,5860,5858.6,5860,2811,
2024-10-22 13:15:00+05:30,5860,5860,5854.25,5857.7,761,
2024-10-22 13:16:00+05:30,5857.7,5859.2,5854.75,5858.95,385,
2024-10-22 13:17:00+05:30,5858.95,5859.95,5858,5858.75,447,
2024-10-22 13:18:00+05:30,5858.75,5860,5856.15,5856.15,766,
2024-10-22 13:19:00+05:30,5857.45,5859.4,5853,5855.65,442,
2024-10-22 13:20:00+05:30,5857.4,5858.8,5856,5858.7,382,
2024-10-22 13:21:00+05:30,5858.7,5859.8,5850.3,5855.05,1392,
2024-10-22 13:22:00+05:30,5855.05,5857.5,5853.7,5856.6,508,
2024-10-22 13:23:00+05:30,5856.7,5858.95,5850.35,5855.5,536,
2024-10-22 13:24:00+05:30,5855.5,5856,5853.2,5855.75,477,
2024-10-22 13:25:00+05:30,5855.75,5856,5853.1,5856,360,
2024-10-22 13:26:00+05:30,5856,5856,5855.95,5855.95,392,
2024-10-22 13:27:00+05:30,5856,5857.95,5850.3,5853,1062,
2024-10-22 13:28:00+05:30,5853,5853.05,5845.35,5852.65,843,
2024-10-22 13:29:00+05:30,5852.65,5852.95,5845.75,5850,845,
2024-10-22 13:30:00+05:30,5850,5859.95,5850,5858.1,1101,
2024-10-22 13:31:00+05:30,5859.05,5859.05,5847.7,5849.95,1524,
2024-10-22 13:32:00+05:30,5849.95,5850,5847.3,5850,2414,
2024-10-22 13:33:00+05:30,5850,5850,5848.05,5850,457,
2024-10-22 13:34:00+05:30,5850,5850,5845.9,5849.8,498,
2024-10-22 13:35:00+05:30,5849.8,5849.8,5835.8,5835.8,1223,
2024-10-22 13:36:00+05:30,5835.65,5840.85,5834.85,5837.8,956,
2024-10-22 13:37:00+05:30,5837.8,5840.1,5835.1,5837.95,474,
2024-10-22 13:38:00+05:30,5837.95,5840.85,5836.2,5840,385,
2024-10-22 13:39:00+05:30,5840.55,5844.95,5837.75,5842.45,568,
2024-10-22 13:40:00+05:30,5841,5845,5837,5843.2,804,
2024-10-22 13:41:00+05:30,5843.2,5845.1,5842.8,5845,525,
2024-10-22 13:42:00+05:30,5845,5849.95,5842.75,5848.45,562,
2024-10-22 13:43:00+05:30,5848.15,5849.95,5845.15,5849.1,513,
2024-10-22 13:44:00+05:30,5849.1,5849.95,5845.5,5847.75,501,
2024-10-22 13:45:00+05:30,5847.8,5848.8,5843.45,5846.5,581,
2024-10-22 13:46:00+05:30,5846.4,5846.95,5844.3,5845.1,684,
2024-10-22 13:47:00+05:30,5845.1,5852,5845.1,5850.95,698,
2024-10-22 13:48:00+05:30,5850.1,5851.95,5849,5850.95,619,
2024-10-22 13:49:00+05:30,5849.95,5852.2,5849,5851.05,1092,
2024-10-22 13:50:00+05:30,5851.05,5854,5847.8,5849.1,739,
2024-10-22 13:51:00+05:30,5849.1,5850.35,5845.6,5850.2,588,
2024-10-22 13:52:00+05:30,5850.2,5850.8,5848.25,5848.9,504,
2024-10-22 13:53:00+05:30,5848.9,5852,5847.1,5849.3,591,
2024-10-22 13:54:00+05:30,5850,5851.25,5848.6,5849.35,436,
2024-10-22 13:55:00+05:30,5849.35,5852.2,5847.1,5849,714,
2024-10-22 13:56:00+05:30,5849,5851.95,5848.25,5849.3,831,
2024-10-22 13:57:00+05:30,5849.3,5852.35,5848.85,5849.45,614,
2024-10-22 13:58:00+05:30,5849.45,5851,5848.6,5849.45,538,
2024-10-22 13:59:00+05:30,5849.45,5850,5845.85,5847.8,542,
2024-10-22 14:00:00+05:30,5847.8,5850,5847.75,5850,416,
2024-10-22 14:01:00+05:30,5849.3,5850,5848.35,5849,905,
2024-10-22 14:02:00+05:30,5850,5850,5846.6,5849.15,465,
2024-10-22 14:03:00+05:30,5849.15,5850,5846.75,5849,534,
2024-10-22 14:04:00+05:30,5849,5850,5846.75,5849.2,558,
2024-10-22 14:05:00+05:30,5850,5850,5846.4,5849.15,681,
2024-10-22 14:06:00+05:30,5850,5850,5847.15,5850,659,
2024-10-22 14:07:00+05:30,5849.4,5850,5849,5849,482,
2024-10-22 14:08:00+05:30,5849,5850,5848.15,5850,1057,
2024-10-22 14:09:00+05:30,5850,5850,5846.9,5849.95,759,
2024-10-22 14:10:00+05:30,5849.95,5850,5847.7,5849.3,716,
2024-10-22 14:11:00+05:30,5849.3,5851,5848.95,5849,1025,
2024-10-22 14:12:00+05:30,5849,5850,5847.05,5849.3,559,
2024-10-22 14:13:00+05:30,5849.3,5850,5847.45,5849.7,863,
2024-10-22 14:14:00+05:30,5849.75,5850,5846.85,5850,1188,
2024-10-22 14:15:00+05:30,5849.25,5851.4,5847.8,5848,2352,
2024-10-22 14:16:00+05:30,5849,5850.3,5847.4,5849.3,600,
2024-10-22 14:17:00+05:30,5849.25,5851.6,5848.85,5849.85,1006,
2024-10-22 14:18:00+05:30,5848.85,5850.5,5848,5848.95,460,
2024-10-22 14:19:00+05:30,5849.95,5851,5848.25,5849.05,609,
2024-10-22 14:20:00+05:30,5849.25,5850.4,5847.05,5849,605,
2024-10-22 14:21:00+05:30,5849,5850.85,5848.1,5848.6,573,
2024-10-22 14:22:00+05:30,5850.85,5851.35,5848,5849,1098,
2024-10-22 14:23:00+05:30,5850.3,5850.3,5846.75,5849.45,573,
2024-10-22 14:24:00+05:30,5849.45,5851.25,5849,5851,530,
2024-10-22 14:25:00+05:30,5851,5851.9,5848.15,5849.35,546,
2024-10-22 14:26:00+05:30,5849.35,5851.6,5848.35,5848.95,745,
2024-10-22 14:27:00+05:30,5848.95,5850.65,5845.35,5848.35,597,
2024-10-22 14:28:00+05:30,5848.05,5850,5844.05,5850,1055,
2024-10-22 14:29:00+05:30,5849.75,5850.8,5846.45,5849.65,799,
2024-10-22 14:30:00+05:30,5849.7,5850.65,5847.75,5849.3,594,
2024-10-22 14:31:00+05:30,5849.7,5849.7,5848.6,5848.6,735,
2024-10-22 14:32:00+05:30,5848.65,5849.4,5848.6,5849.1,489,
2024-10-22 14:33:00+05:30,5849.1,5849.45,5846.35,5848.1,629,
2024-10-22 14:34:00+05:30,5847.9,5848,5843.15,5847.15,686,
2024-10-22 14:35:00+05:30,5847.15,5849,5844.9,5848.65,669,
2024-10-22 14:36:00+05:30,5848.35,5848.35,5844.8,5846.5,653,
2024-10-22 14:37:00+05:30,5847,5847.4,5840.8,5841,706,
2024-10-22 14:38:00+05:30,5841,5841.1,5836.85,5840.2,706,
2024-10-22 14:39:00+05:30,5840.2,5840.95,5837.2,5839.7,565,
2024-10-22 14:40:00+05:30,5839.7,5840,5825.05,5830.15,3244,
2024-10-22 14:41:00+05:30,5831.1,5834.25,5829.45,5832.85,558,
2024-10-22 14:42:00+05:30,5833.45,5835,5833.2,5835,599,
2024-10-22 14:43:00+05:30,5835,5835,5832.7,5834.4,531,
2024-10-22 14:44:00+05:30,5834.4,5835,5832,5835,503,
2024-10-22 14:45:00+05:30,5835,5835,5832.7,5834.35,695,
2024-10-22 14:46:00+05:30,5834.35,5835,5832.35,5834.9,592,
2024-10-22 14:47:00+05:30,5834.9,5835,5831.6,5835,777,
2024-10-22 14:48:00+05:30,5835,5835,5834,5835,1478,
2024-10-22 14:49:00+05:30,5835,5835,5832.1,5832.1,1079,
2024-10-22 14:50:00+05:30,5831,5833.3,5830.05,5832.2,932,
2024-10-22 14:51:00+05:30,5832.2,5832.3,5826.3,5828.05,1225,
2024-10-22 14:52:00+05:30,5829.65,5829.85,5821.6,5824.8,1590,
2024-10-22 14:53:00+05:30,5823.55,5825,5821.1,5823.85,1197,
2024-10-22 14:54:00+05:30,5823.85,5825,5821.3,5821.3,1801,
2024-10-22 14:55:00+05:30,5821.3,5825,5821.3,5822.35,989,
2024-10-22 14:56:00+05:30,5822.35,5830,5821.8,5829.95,1013,
2024-10-22 14:57:00+05:30,5829.95,5830,5828.35,5828.4,902,
2024-10-22 14:58:00+05:30,5828.4,5830,5824.05,5829.1,1919,
2024-10-22 14:59:00+05:30,5829.1,5830,5814.95,5819.4,18565,
2024-10-22 15:00:00+05:30,5818.1,5825,5815.35,5817.7,13225,
2024-10-22 15:01:00+05:30,5819.8,5820,5813.3,5816.6,1641,
2024-10-22 15:02:00+05:30,5818.75,5819.3,5813.8,5818.95,1598,
2024-10-22 15:03:00+05:30,5818.95,5819,5813.55,5818.55,1557,
2024-10-22 15:04:00+05:30,5818.75,5820,5806,5809.55,10629,
2024-10-22 15:05:00+05:30,5809.55,5810,5806,5809.95,6953,
2024-10-22 15:06:00+05:30,5810,5816.15,5805,5809.95,7224,
2024-10-22 15:07:00+05:30,5809.95,5815.95,5806.95,5809.8,9426,
2024-10-22 15:08:00+05:30,5809.8,5817.35,5809.8,5816.95,1994,
2024-10-22 15:09:00+05:30,5813.55,5819.85,5812.85,5819.85,1585,
2024-10-22 15:10:00+05:30,5818.55,5821.6,5814,5815.3,2396,
2024-10-22 15:11:00+05:30,5815.3,5815.85,5811.45,5811.45,1640,
2024-10-22 15:12:00+05:30,5812.95,5817.9,5812.75,5813.95,2024,
2024-10-22 15:13:00+05:30,5813.35,5815.95,5812.8,5815.9,1677,
2024-10-22 15:14:00+05:30,5815.9,5819.5,5814.7,5817.1,2686,
2024-10-22 15:15:00+05:30,5817.8,5821.95,5817.1,5821.75,1965,
2024-10-22 15:16:00+05:30,5821.7,5826.2,5821.7,5825.5,2387,
2024-10-22 15:17:00+05:30,5823.8,5826,5821.85,5824.85,1865,
2024-10-22 15:18:00+05:30,5824.1,5825,5821.1,5824.4,1994,
2024-10-22 15:19:00+05:30,5823.9,5824.8,5823.15,5824.65,1936,
2024-10-22 15:20:00+05:30,5824.8,5825,5823.7,5824.15,3066,
2024-10-22 15:21:00+05:30,5824.1,5824.1,5821.65,5822.15,1397,
2024-10-22 15:22:00+05:30,5822,5827.7,5817.45,5825.3,3440,
2024-10-22 15:23:00+05:30,5825.3,5831.2,5822.65,5831.2,1562,
2024-10-22 15:24:00+05:30,5831.2,5833.35,5826.3,5830.6,2088,
2024-10-22 15:25:00+05:30,5830.6,5832.5,5825.7,5826.1,1949,
2024-10-22 15:26:00+05:30,5826.15,5833.9,5826.15,5830.1,1638,
2024-10-22 15:27:00+05:30,5828.6,5833.65,5822.05,5826.85,3600,
2024-10-22 15:28:00+05:30,5828.75,5832.95,5819.55,5824.65,2500,
2024-10-22 15:29:00+05:30,5824.65,5836.3,5824.65,5831.3,622,
2024-10-23 09:15:00+05:30,5804.4,5851,5804.1,5836.55,2240,
2024-10-23 09:16:00+05:30,5838,5839.65,5821.65,5829.85,1172,
2024-10-23 09:17:00+05:30,5819.3,5824.1,5807.85,5820,1059,
2024-10-23 09:18:00+05:30,5820,5826.15,5814.45,5818.1,654,
2024-10-23 09:19:00+05:30,5818.1,5819.9,5806.55,5806.55,425,
2024-10-23 09:20:00+05:30,5810.7,5815.35,5793.65,5811.05,2132,
2024-10-23 09:21:00+05:30,5812.25,5829.9,5812.25,5829.9,721,
2024-10-23 09:22:00+05:30,5828.75,5834.15,5827.75,5827.9,646,
2024-10-23 09:23:00+05:30,5827.9,5839,5825,5839,1293,
2024-10-23 09:24:00+05:30,5840,5840,5820,5821.45,421,
2024-10-23 09:25:00+05:30,5821.45,5826.05,5809.4,5810.75,478,
2024-10-23 09:26:00+05:30,5810.75,5818.7,5805.5,5809.65,848,
2024-10-23 09:27:00+05:30,5806.25,5833.25,5804.7,5833.25,644,
2024-10-23 09:28:00+05:30,5833.35,5850,5825.1,5846.15,823,
2024-10-23 09:29:00+05:30,5838.05,5842.85,5830.05,5835.4,821,
2024-10-23 09:30:00+05:30,5835.4,5835.4,5825,5826.05,321,
2024-10-23 09:31:00+05:30,5826.05,5828.25,5817.5,5819.1,567,
2024-10-23 09:32:00+05:30,5819.1,5819.1,5809.8,5811.85,331,
2024-10-23 09:33:00+05:30,5817.9,5822,5810,5810,131,
2024-10-23 09:34:00+05:30,5810,5813.3,5810,5810,112,
2024-10-23 09:35:00+05:30,5808.85,5811.05,5805.6,5807.4,875,
2024-10-23 09:36:00+05:30,5807.4,5821.1,5807.4,5817.15,52,
2024-10-23 09:37:00+05:30,5817.15,5822,5817,5817.45,39,
2024-10-23 09:38:00+05:30,5817,5819,5815,5815,209,
2024-10-23 09:39:00+05:30,5819,5820.9,5811.3,5815.1,203,
2024-10-23 09:40:00+05:30,5815.1,5815.1,5807.5,5807.5,334,
2024-10-23 09:41:00+05:30,5806,5810.6,5805,5805,1219,
2024-10-23 09:42:00+05:30,5802.85,5802.85,5792.65,5792.65,2846,
2024-10-23 09:43:00+05:30,5792.2,5798,5785,5795.9,2617,
2024-10-23 09:44:00+05:30,5795.8,5804.95,5792.9,5793.3,1342,
2024-10-23 09:45:00+05:30,5793.3,5805,5788.55,5790.6,1428,
2024-10-23 09:46:00+05:30,5790.6,5801.85,5789.8,5790.25,1123,
2024-10-23 09:47:00+05:30,5790.25,5804,5790.25,5799.35,1004,
2024-10-23 09:48:00+05:30,5799.35,5825,5797.75,5810.35,2797,
2024-10-23 09:49:00+05:30,5810.35,5830.9,5804.8,5819.65,1598,
2024-10-23 09:50:00+05:30,5818.8,5818.95,5811.5,5812.25,2064,
2024-10-23 09:51:00+05:30,5812.25,5829.6,5811.15,5824.5,1363,
2024-10-23 09:52:00+05:30,5824.5,5842.3,5820.35,5840.8,891,
2024-10-23 09:53:00+05:30,5840.7,5845.95,5832.4,5834.7,1170,
2024-10-23 09:54:00+05:30,5833.9,5839.15,5827.8,5833.45,712,
2024-10-23 09:55:00+05:30,5833.45,5838.4,5833.45,5838.4,173,
2024-10-23 09:56:00+05:30,5838.4,5844.75,5830,5844.75,355,
2024-10-23 09:57:00+05:30,5844.75,5844.75,5837.2,5839.2,118,
2024-10-23 09:58:00+05:30,5839.2,5840.05,5831.1,5834.35,235,
2024-10-23 09:59:00+05:30,5834.35,5834.35,5827.65,5834,507,
2024-10-23 10:00:00+05:30,5834,5834,5821.05,5826.5,211,
2024-10-23 10:01:00+05:30,5826.5,5840,5826.5,5833.75,350,
2024-10-23 10:02:00+05:30,5833.75,5840,5826.2,5840,662,
2024-10-23 10:03:00+05:30,5840,5840,5833.05,5839.65,78,
2024-10-23 10:04:00+05:30,5839.65,5840,5837,5837.45,100,
2024-10-23 10:05:00+05:30,5840,5840,5837,5840,195,
2024-10-23 10:06:00+05:30,5840,5845,5837.05,5837.05,259,
2024-10-23 10:07:00+05:30,5837.05,5838.5,5829.8,5833.35,355,
2024-10-23 10:08:00+05:30,5833.35,5834.75,5826.7,5826.7,460,
2024-10-23 10:09:00+05:30,5826.7,5829.2,5821.15,5828.1,1744,
2024-10-23 10:10:00+05:30,5828.1,5830.7,5826,5826,123,
2024-10-23 10:11:00+05:30,5826,5827.75,5822.5,5826.1,147,
2024-10-23 10:12:00+05:30,5826.1,5830.45,5825.55,5825.65,386,
2024-10-23 10:13:00+05:30,5825.65,5836.95,5825.65,5831.15,683,
2024-10-23 10:14:00+05:30,5831.15,5840.5,5831.15,5840.25,98,
2024-10-23 10:15:00+05:30,5840.25,5840.9,5833.25,5837.6,1584,
2024-10-23 10:16:00+05:30,5837.6,5840.5,5835.65,5836.65,366,
2024-10-23 10:17:00+05:30,5836.65,5845,5836.65,5842.65,173,
2024-10-23 10:18:00+05:30,5841.05,5847.55,5838.35,5844,818,
2024-10-23 10:19:00+05:30,5844,5855.95,5843.4,5849,1556,
2024-10-23 10:20:00+05:30,5849,5858.4,5842.8,5846.55,1042,
2024-10-23 10:21:00+05:30,5846.55,5851.95,5843.55,5844.85,782,
2024-10-23 10:22:00+05:30,5844.85,5844.95,5832.9,5832.9,1228,
2024-10-23 10:23:00+05:30,5832.9,5840,5832.9,5840,221,
2024-10-23 10:24:00+05:30,5840,5840,5830.2,5833.9,1242,
2024-10-23 10:25:00+05:30,5831.35,5836.1,5825.35,5827.55,326,
2024-10-23 10:26:00+05:30,5827.55,5827.55,5818.65,5823,108,
2024-10-23 10:27:00+05:30,5826.3,5835.55,5825.2,5830.4,407,
2024-10-23 10:28:00+05:30,5830.4,5834.65,5830.4,5834.65,60,
2024-10-23 10:29:00+05:30,5834.65,5841.35,5834.65,5837.65,87,
2024-10-23 10:30:00+05:30,5837.65,5841.85,5836.7,5837.85,663,
2024-10-23 10:31:00+05:30,5837.85,5842,5833.65,5836.4,325,
2024-10-23 10:32:00+05:30,5836.4,5837.05,5828.05,5831.95,867,
2024-10-23 10:33:00+05:30,5831.95,5834.9,5825.4,5828.65,436,
2024-10-23 10:34:00+05:30,5828.65,5828.65,5825,5825.05,153,
2024-10-23 10:35:00+05:30,5827.95,5827.95,5822.05,5824.4,570,
2024-10-23 10:36:00+05:30,5823,5823,5819.65,5819.65,94,
2024-10-23 10:37:00+05:30,5819.65,5828.05,5819.65,5828.05,217,
2024-10-23 10:38:00+05:30,5828.05,5828.05,5822.6,5822.65,46,
2024-10-23 10:39:00+05:30,5822.65,5828.2,5822.65,5828.2,4,
2024-10-23 10:40:00+05:30,5828.2,5828.2,5819,5819,447,
2024-10-23 10:41:00+05:30,5822.8,5822.8,5817.45,5817.9,153,
2024-10-23 10:42:00+05:30,5817.25,5824.2,5816.55,5824,258,
2024-10-23 10:43:00+05:30,5824,5825.2,5818,5821.7,659,
2024-10-23 10:44:00+05:30,5821.7,5821.7,5812.75,5814.2,506,
2024-10-23 10:45:00+05:30,5814.2,5824.45,5810,5819,504,
2024-10-23 10:46:00+05:30,5819,5823.25,5818,5819.35,120,
2024-10-23 10:47:00+05:30,5819.35,5822.8,5819.35,5822.4,40,
2024-10-23 10:48:00+05:30,5822.4,5829,5822.4,5829,509,
2024-10-23 10:49:00+05:30,5829,5829,5824.05,5826.55,1202,
2024-10-23 10:50:00+05:30,5826.55,5831.5,5826.55,5831,2877,
2024-10-23 10:51:00+05:30,5831,5833.5,5826.9,5826.9,1375,
2024-10-23 10:52:00+05:30,5826.9,5828.05,5820.65,5822.7,725,
2024-10-23 10:53:00+05:30,5822.7,5823.45,5817.95,5817.95,108,
2024-10-23 10:54:00+05:30,5817.95,5821.1,5816.55,5816.55,89,
2024-10-23 10:55:00+05:30,5818.35,5818.35,5816.2,5818.35,28,
2024-10-23 10:56:00+05:30,5818.35,5822.95,5814.5,5814.5,206,
2024-10-23 10:57:00+05:30,5814.5,5816.6,5812.3,5812.3,129,
2024-10-23 10:58:00+05:30,5812.3,5813,5812.3,5813,3,
2024-10-23 10:59:00+05:30,5813,5814.3,5812,5813.35,52,
2024-10-23 11:00:00+05:30,5813.35,5822.95,5813.35,5820.05,326,
2024-10-23 11:01:00+05:30,5820.05,5821.2,5815.35,5817.35,325,
2024-10-23 11:02:00+05:30,5817.35,5821.25,5817.35,5821.25,9,
2024-10-23 11:03:00+05:30,5821.25,5821.45,5821.25,5821.4,58,
2024-10-23 11:04:00+05:30,5821.4,5824.3,5818.5,5824.3,24,
2024-10-23 11:05:00+05:30,5825,5828.15,5822.7,5828.15,324,
2024-10-23 11:06:00+05:30,5828.15,5828.15,5816.05,5820.65,1059,
2024-10-23 11:07:00+05:30,5820.65,5826,5820.65,5824.85,141,
2024-10-23 11:08:00+05:30,5824.85,5824.85,5821.25,5822.75,39,
2024-10-23 11:09:00+05:30,5822.75,5822.75,5817.55,5819.3,141,
2024-10-23 11:10:00+05:30,5819.3,5824.85,5819.3,5824.3,658,
2024-10-23 11:11:00+05:30,5824.3,5824.3,5820,5822.7,36,
2024-10-23 11:12:00+05:30,5822.7,5825,5820.05,5825,68,
2024-10-23 11:13:00+05:30,5825,5829,5825,5826.2,424,
2024-10-23 11:14:00+05:30,5829,5829.1,5825.2,5827.9,609,
2024-10-23 11:15:00+05:30,5827.9,5827.9,5823.3,5823.5,103,
2024-10-23 11:16:00+05:30,5823.5,5827.85,5823.5,5826,106,
2024-10-23 11:17:00+05:30,5826,5827.35,5823.75,5827.35,67,
2024-10-23 11:18:00+05:30,5827.35,5829,5824.75,5828.7,984,
2024-10-23 11:19:00+05:30,5828.7,5829,5826.05,5826.1,73,
2024-10-23 11:20:00+05:30,5826.1,5828.2,5824.4,5827.35,250,
2024-10-23 11:21:00+05:30,5827.35,5833.5,5827.35,5831.1,2580,
2024-10-23 11:22:00+05:30,5831.1,5836,5823.1,5824.75,4596,
2024-10-23 11:23:00+05:30,5824.75,5828.65,5824.75,5827.4,5,
2024-10-23 11:24:00+05:30,5827.4,5828.7,5826,5826,15,
2024-10-23 11:25:00+05:30,5826,5826,5816.55,5816.7,314,
2024-10-23 11:26:00+05:30,5816.7,5820.2,5816.7,5818,33,
2024-10-23 11:27:00+05:30,5818,5822.75,5818,5822.75,41,
2024-10-23 11:28:00+05:30,5822.75,5823.95,5819.15,5819.15,348,
2024-10-23 11:29:00+05:30,5819.15,5825.95,5819.15,5822.75,71,
2024-10-23 11:30:00+05:30,5822.75,5829,5822.75,5826.5,130,
2024-10-23 11:31:00+05:30,5826.5,5828,5822.95,5822.95,631,
2024-10-23 11:32:00+05:30,5822.95,5827.15,5822.95,5826.45,237,
2024-10-23 11:33:00+05:30,5826.45,5829,5825.6,5827.05,51,
2024-10-23 11:34:00+05:30,5827.05,5827.05,5822.35,5822.35,37,
2024-10-23 11:35:00+05:30,5822.35,5824.45,5820.15,5820.15,12,
2024-10-23 11:36:00+05:30,5824.05,5824.05,5815.5,5815.6,367,
2024-10-23 11:37:00+05:30,5816.3,5817.55,5814,5814,489,
2024-10-23 11:38:00+05:30,5814,5816.5,5812.35,5812.35,24,
2024-10-23 11:39:00+05:30,5812.35,5814.35,5812.35,5813.4,40,
2024-10-23 11:40:00+05:30,5813.4,5814.3,5812.65,5812.9,28,
2024-10-23 11:41:00+05:30,5812.9,5816.2,5812.9,5814.9,4,
2024-10-23 11:42:00+05:30,5814.9,5821.45,5814.9,5821.4,50,
2024-10-23 11:43:00+05:30,5821.4,5821.4,5816.7,5817.1,474,
2024-10-23 11:44:00+05:30,5817.1,5822.95,5816.35,5819.2,931,
2024-10-23 11:45:00+05:30,5819.2,5819.4,5816.4,5816.4,50,
2024-10-23 11:46:00+05:30,5816.4,5818.1,5815,5816.9,512,
2024-10-23 11:47:00+05:30,5816.9,5816.9,5812.15,5814.15,388,
2024-10-23 11:48:00+05:30,5814.15,5817.75,5813.2,5813.2,108,
2024-10-23 11:49:00+05:30,5813.2,5816.7,5812.15,5812.15,33,
2024-10-23 11:50:00+05:30,5812.15,5812.15,5810,5810,138,
2024-10-23 11:51:00+05:30,5810,5815.95,5810,5811,496,
2024-10-23 11:52:00+05:30,5811,5814.95,5811,5811.75,219,
2024-10-23 11:53:00+05:30,5811.75,5813.4,5811,5811,185,
2024-10-23 11:54:00+05:30,5811,5814.25,5811,5811.05,8,
2024-10-23 11:55:00+05:30,5811.05,5817.65,5811.05,5814.25,10,
2024-10-23 11:56:00+05:30,5814.25,5814.3,5811,5811.2,162,
2024-10-23 11:57:00+05:30,5811.2,5812.4,5802.8,5802.8,351,
2024-10-23 11:58:00+05:30,5802.8,5815.55,5802.2,5815.15,3422,
2024-10-23 11:59:00+05:30,5811.8,5822.95,5805.4,5808,4855,
2024-10-23 12:00:00+05:30,5808,5810,5802.25,5805.65,245,
2024-10-23 12:01:00+05:30,5805.65,5810,5805.65,5808.6,85,
2024-10-23 12:02:00+05:30,5808.6,5810,5807.65,5807.7,229,
2024-10-23 12:03:00+05:30,5807.65,5808.9,5805.65,5807.35,21,
2024-10-23 12:04:00+05:30,5807.35,5807.35,5801,5801,764,
2024-10-23 12:05:00+05:30,5801,5803.6,5795.05,5797.55,1639,
2024-10-23 12:06:00+05:30,5798,5798,5791,5791,1785,
2024-10-23 12:07:00+05:30,5791,5794,5786.95,5786.95,4930,
2024-10-23 12:08:00+05:30,5787.1,5790,5782,5786.55,3850,
2024-10-23 12:09:00+05:30,5786.55,5787.65,5784.8,5785,1921,
2024-10-23 12:10:00+05:30,5785,5787,5781,5781,1936,
2024-10-23 12:11:00+05:30,5784.45,5785,5780,5780,918,
2024-10-23 12:12:00+05:30,5780,5785,5780,5782.05,460,
2024-10-23 12:13:00+05:30,5782.05,5787.9,5780.2,5785.45,1332,
2024-10-23 12:14:00+05:30,5785.2,5795,5784.75,5794.2,786,
2024-10-23 12:15:00+05:30,5791.4,5793,5784,5787,849,
2024-10-23 12:16:00+05:30,5787,5787,5782.05,5782.05,66,
2024-10-23 12:17:00+05:30,5782.05,5786.1,5780,5782.15,177,
2024-10-23 12:18:00+05:30,5782.15,5786.95,5782.15,5786.95,350,
2024-10-23 12:19:00+05:30,5786.95,5794.85,5786.95,5792.25,69,
2024-10-23 12:20:00+05:30,5792.25,5794,5792.2,5794,59,
2024-10-23 12:21:00+05:30,5793.05,5797,5792.3,5792.3,562,
2024-10-23 12:22:00+05:30,5792.3,5795.25,5790.8,5790.8,210,
2024-10-23 12:23:00+05:30,5790.8,5795.9,5789.45,5793.6,267,
2024-10-23 12:24:00+05:30,5793.6,5800,5786.8,5786.8,10431,
2024-10-23 12:25:00+05:30,5786.8,5797.45,5786.8,5790.4,5379,
2024-10-23 12:26:00+05:30,5790,5790,5783.9,5785.9,209,
2024-10-23 12:27:00+05:30,5785.9,5786.95,5784.4,5784.4,114,
2024-10-23 12:28:00+05:30,5784.4,5793.65,5782,5783.05,2922,
2024-10-23 12:29:00+05:30,5783.05,5785,5781.25,5781.9,271,
2024-10-23 12:30:00+05:30,5781.9,5789,5781.9,5788,4428,
2024-10-23 12:31:00+05:30,5788,5802.8,5788,5801.7,6006,
2024-10-23 12:32:00+05:30,5800.25,5804.45,5795.9,5795.9,296,
2024-10-23 12:33:00+05:30,5795.9,5802.95,5792.1,5798.95,201,
2024-10-23 12:34:00+05:30,5798.95,5798.95,5792.7,5792.7,305,
2024-10-23 12:35:00+05:30,5792.7,5792.75,5783.3,5783.3,1987,
2024-10-23 12:36:00+05:30,5783.3,5787.05,5783.1,5783.25,675,
2024-10-23 12:37:00+05:30,5783.25,5787,5783.25,5785.2,311,
2024-10-23 12:38:00+05:30,5785.2,5787.05,5784.2,5784.2,2300,
2024-10-23 12:39:00+05:30,5784.2,5793.2,5784.2,5791.8,7134,
2024-10-23 12:40:00+05:30,5791.8,5793.9,5787.55,5790.1,95,
2024-10-23 12:41:00+05:30,5790.1,5793.9,5790.1,5793.9,123,
2024-10-23 12:42:00+05:30,5793.9,5796.9,5792,5792,535,
2024-10-23 12:43:00+05:30,5793.7,5794.5,5791.35,5792.2,294,
2024-10-23 12:44:00+05:30,5792.2,5793.95,5791.35,5792.4,159,
2024-10-23 12:45:00+05:30,5792.4,5797.25,5792,5793.3,303,
2024-10-23 12:46:00+05:30,5793.3,5793.3,5785.2,5785.2,1129,
2024-10-23 12:47:00+05:30,5785,5787,5783,5787,392,
2024-10-23 12:48:00+05:30,5787,5790,5785,5786.3,1975,
2024-10-23 12:49:00+05:30,5787,5787,5778.55,5778.55,390,
2024-10-23 12:50:00+05:30,5780,5782.95,5778.55,5782.2,451,
2024-10-23 12:51:00+05:30,5782.2,5784.8,5782.2,5784.8,386,
2024-10-23 12:52:00+05:30,5785,5785,5778.8,5780,400,
2024-10-23 12:53:00+05:30,5782.1,5783.3,5780,5780.25,331,
2024-10-23 12:54:00+05:30,5780.25,5783.05,5780.25,5780.85,305,
2024-10-23 12:55:00+05:30,5780.85,5785.45,5780.85,5782.05,604,
2024-10-23 12:56:00+05:30,5782.05,5785.95,5782,5783.4,225,
2024-10-23 12:57:00+05:30,5785,5785,5778.05,5781.4,950,
2024-10-23 12:58:00+05:30,5781.4,5784.95,5780.4,5783.1,481,
2024-10-23 12:59:00+05:30,5781.35,5785.95,5781.35,5781.6,520,
2024-10-23 13:00:00+05:30,5781.6,5785.65,5781,5781.75,300,
2024-10-23 13:01:00+05:30,5781.75,5784.15,5780,5782.5,1092,
2024-10-23 13:02:00+05:30,5782.5,5783.4,5780,5780,877,
2024-10-23 13:03:00+05:30,5780,5781.9,5779.05,5780.35,165,
2024-10-23 13:04:00+05:30,5780.35,5783.4,5780.35,5782.6,129,
2024-10-23 13:05:00+05:30,5782.55,5786,5782.55,5786,227,
2024-10-23 13:06:00+05:30,5786,5786.8,5784.5,5784.9,162,
2024-10-23 13:07:00+05:30,5784.9,5787,5783.6,5784.55,233,
2024-10-23 13:08:00+05:30,5784.55,5786.9,5784.55,5784.55,333,
2024-10-23 13:09:00+05:30,5785.65,5787.2,5782.2,5782.85,703,
2024-10-23 13:10:00+05:30,5782.85,5782.85,5779.95,5779.95,325,
2024-10-23 13:11:00+05:30,5779.95,5781.85,5777,5779.45,304,
2024-10-23 13:12:00+05:30,5779.45,5780.7,5778.05,5780,125,
2024-10-23 13:13:00+05:30,5780,5780.7,5777.05,5778,328,
2024-10-23 13:14:00+05:30,5778,5780.5,5778,5780.5,358,
2024-10-23 13:15:00+05:30,5780.5,5781.2,5777.4,5778.95,914,
2024-10-23 13:16:00+05:30,5778.9,5778.9,5767,5769.4,1868,
2024-10-23 13:17:00+05:30,5769.4,5772.8,5767.6,5769.8,386,
2024-10-23 13:18:00+05:30,5769.8,5771,5769.15,5771,79,
2024-10-23 13:19:00+05:30,5771,5772.2,5763.55,5765.75,1127,
2024-10-23 13:20:00+05:30,5765.75,5768.2,5763.05,5765.15,517,
2024-10-23 13:21:00+05:30,5763.05,5764.95,5760.5,5761,219,
2024-10-23 13:22:00+05:30,5761,5763.6,5760,5763.5,1580,
2024-10-23 13:23:00+05:30,5764.7,5772.5,5761.6,5772.5,498,
2024-10-23 13:24:00+05:30,5772.5,5772.55,5770,5770.2,95,
2024-10-23 13:25:00+05:30,5770.2,5773,5766.55,5773,698,
2024-10-23 13:26:00+05:30,5773.2,5775,5771.9,5771.95,303,
2024-10-23 13:27:00+05:30,5766.45,5773.75,5766.45,5773.4,483,
2024-10-23 13:28:00+05:30,5773.4,5775,5771.4,5775,382,
2024-10-23 13:29:00+05:30,5775,5779.1,5775,5779.1,641,
2024-10-23 13:30:00+05:30,5783.55,5783.55,5779.95,5779.95,165,
2024-10-23 13:31:00+05:30,5779.95,5781,5772.8,5777.9,788,
2024-10-23 13:32:00+05:30,5777.9,5777.9,5775,5775,156,
2024-10-23 13:33:00+05:30,5775,5775,5772.5,5775,172,
2024-10-23 13:34:00+05:30,5775,5785.05,5773.7,5782.25,4462,
2024-10-23 13:35:00+05:30,5782.25,5787.65,5777.75,5787.3,1814,
2024-10-23 13:36:00+05:30,5787.65,5787.65,5782.05,5784.3,634,
2024-10-23 13:37:00+05:30,5784.3,5784.95,5780.9,5780.9,172,
2024-10-23 13:38:00+05:30,5780.9,5783.45,5776.6,5778.2,994,
2024-10-23 13:39:00+05:30,5778.2,5779.9,5775.9,5779,909,
2024-10-23 13:40:00+05:30,5779,5779.15,5773.9,5778.95,1095,
2024-10-23 13:41:00+05:30,5779,5779,5776.15,5778.7,299,
2024-10-23 13:42:00+05:30,5778.7,5779,5775.4,5779,1024,
2024-10-23 13:43:00+05:30,5779,5779.65,5777.25,5777.4,2063,
2024-10-23 13:44:00+05:30,5777.4,5780.25,5775.2,5780.25,1314,
2024-10-23 13:45:00+05:30,5780.25,5780.25,5777,5778.4,356,
2024-10-23 13:46:00+05:30,5778.4,5778.4,5770.05,5771.4,1276,
2024-10-23 13:47:00+05:30,5771.5,5771.5,5768.85,5771,432,
2024-10-23 13:48:00+05:30,5771,5775.15,5771,5771.7,160,
2024-10-23 13:49:00+05:30,5771.7,5774.55,5769,5769,147,
2024-10-23 13:50:00+05:30,5769,5774.8,5766.2,5772.5,441,
2024-10-23 13:51:00+05:30,5772.5,5779.05,5771,5779.05,916,
2024-10-23 13:52:00+05:30,5779.05,5779.05,5774.05,5774.05,184,
2024-10-23 13:53:00+05:30,5774.05,5776,5774.05,5776,208,
2024-10-23 13:54:00+05:30,5776,5776.05,5772.75,5772.75,126,
2024-10-23 13:55:00+05:30,5772.8,5776.7,5770.25,5773.9,1188,
2024-10-23 13:56:00+05:30,5773.9,5776.2,5773.05,5774.1,168,
2024-10-23 13:57:00+05:30,5774.1,5774.7,5773.9,5774.35,109,
2024-10-23 13:58:00+05:30,5774.35,5778.75,5774,5778.7,642,
2024-10-23 13:59:00+05:30,5778.7,5778.7,5775.65,5775.7,194,
2024-10-23 14:00:00+05:30,5775.7,5775.9,5773.8,5775.85,575,
2024-10-23 14:01:00+05:30,5775.95,5779,5773.7,5773.9,1062,
2024-10-23 14:02:00+05:30,5773.9,5777.9,5773.9,5776.55,211,
2024-10-23 14:03:00+05:30,5776.55,5778.2,5774.45,5777.8,434,
2024-10-23 14:04:00+05:30,5777.8,5777.8,5774.95,5777.55,122,
2024-10-23 14:05:00+05:30,5777.55,5779,5775.25,5779,100,
2024-10-23 14:06:00+05:30,5779,5779,5775.8,5778.4,108,
2024-10-23 14:07:00+05:30,5778.4,5779,5771.15,5771.15,316,
2024-10-23 14:08:00+05:30,5771.15,5775,5771.15,5774.15,1226,
2024-10-23 14:09:00+05:30,5774.15,5774.15,5771.5,5773.2,349,
2024-10-23 14:10:00+05:30,5773.2,5773.2,5760,5760,1592,
2024-10-23 14:11:00+05:30,5760.5,5769.4,5755.85,5768.55,1060,
2024-10-23 14:12:00+05:30,5768.55,5769.4,5764.25,5768.75,137,
2024-10-23 14:13:00+05:30,5768.75,5770.95,5764,5764,479,
2024-10-23 14:14:00+05:30,5762.65,5762.7,5756.1,5758.45,674,
2024-10-23 14:15:00+05:30,5758.45,5768.6,5757,5768.6,480,
2024-10-23 14:16:00+05:30,5768.6,5768.6,5758.05,5759,132,
2024-10-23 14:17:00+05:30,5759,5762.3,5757.1,5762.3,642,
2024-10-23 14:18:00+05:30,5759.05,5759.2,5756.8,5759.2,1180,
2024-10-23 14:19:00+05:30,5759.2,5760,5759.2,5759.95,93,
2024-10-23 14:20:00+05:30,5757.05,5762.3,5757.05,5762.3,405,
2024-10-23 14:21:00+05:30,5762.3,5762.3,5751,5751,353,
2024-10-23 14:22:00+05:30,5751.3,5759.05,5751.05,5752.9,694,
2024-10-23 14:23:00+05:30,5752.7,5752.7,5745.05,5745.65,515,
2024-10-23 14:24:00+05:30,5745.65,5757.7,5744.25,5757.7,1223,
2024-10-23 14:25:00+05:30,5754.65,5762.2,5751.15,5762.05,825,
2024-10-23 14:26:00+05:30,5762.05,5762.05,5752.6,5755.15,468,
2024-10-23 14:27:00+05:30,5755.15,5761.95,5755.15,5758.85,506,
2024-10-23 14:28:00+05:30,5758.85,5764.65,5753.65,5757.55,1489,
2024-10-23 14:29:00+05:30,5757.3,5759.75,5751.6,5753.45,2142,
2024-10-23 14:30:00+05:30,5753.45,5762.7,5753.45,5756.15,602,
2024-10-23 14:31:00+05:30,5756.15,5759.95,5756.15,5758.15,510,
2024-10-23 14:32:00+05:30,5758.15,5758.15,5751.5,5755.45,1261,
2024-10-23 14:33:00+05:30,5755.45,5755.45,5749.4,5753.05,728,
2024-10-23 14:34:00+05:30,5753.05,5756.05,5751.35,5753.7,363,
2024-10-23 14:35:00+05:30,5753.7,5761.95,5751.35,5761.9,1819,
2024-10-23 14:36:00+05:30,5761.9,5761.9,5745.95,5750.5,1024,
2024-10-23 14:37:00+05:30,5750.5,5751.95,5746.2,5749.85,568,
2024-10-23 14:38:00+05:30,5749.85,5749.85,5740,5740.05,2138,
2024-10-23 14:39:00+05:30,5740,5746.05,5735.3,5744.65,944,
2024-10-23 14:40:00+05:30,5744.65,5746.15,5740,5746.15,411,
2024-10-23 14:41:00+05:30,5746.15,5746.15,5734.3,5739.75,1818,
2024-10-23 14:42:00+05:30,5739.75,5741.2,5733.05,5741,1446,
2024-10-23 14:43:00+05:30,5741,5748.85,5741,5744.7,358,
2024-10-23 14:44:00+05:30,5744.7,5744.7,5732.3,5732.45,2422,
2024-10-23 14:45:00+05:30,5732.45,5740.35,5730,5739.2,2142,
2024-10-23 14:46:00+05:30,5739.2,5743.9,5738.4,5738.6,319,
2024-10-23 14:47:00+05:30,5738.6,5738.6,5732.25,5735.35,565,
2024-10-23 14:48:00+05:30,5735,5739.5,5730.15,5736.75,1295,
2024-10-23 14:49:00+05:30,5736.75,5739.3,5731,5732.4,870,
2024-10-23 14:50:00+05:30,5732.35,5739.95,5731,5736.85,874,
2024-10-23 14:51:00+05:30,5736.85,5737.8,5733.8,5736.35,487,
2024-10-23 14:52:00+05:30,5735.7,5736.9,5733.05,5736.3,304,
2024-10-23 14:53:00+05:30,5736.3,5740,5731.55,5731.55,239,
2024-10-23 14:54:00+05:30,5731.55,5736.2,5731.55,5734.9,264,
2024-10-23 14:55:00+05:30,5734.9,5736.7,5723.2,5726.4,1973,
2024-10-23 14:56:00+05:30,5726.4,5733.4,5726.4,5727,1033,
2024-10-23 14:57:00+05:30,5727,5729.85,5725,5726.45,781,
2024-10-23 14:58:00+05:30,5728.85,5728.85,5722,5722.15,359,
2024-10-23 14:59:00+05:30,5722.2,5731.15,5720.2,5727.35,2473,
2024-10-23 15:00:00+05:30,5730.35,5739,5729.85,5731.6,1894,
2024-10-23 15:01:00+05:30,5731.6,5731.95,5725.75,5731.95,1149,
2024-10-23 15:02:00+05:30,5732,5732.6,5728,5730.9,1749,
2024-10-23 15:03:00+05:30,5730.85,5737.55,5730.85,5736.25,1999,
2024-10-23 15:04:00+05:30,5736.25,5736.4,5733.1,5736.4,915,
2024-10-23 15:05:00+05:30,5736.35,5736.35,5730.05,5733.15,1620,
2024-10-23 15:06:00+05:30,5733.15,5733.15,5730.05,5732.95,1480,
2024-10-23 15:07:00+05:30,5732.95,5732.95,5727.55,5727.55,1314,
2024-10-23 15:08:00+05:30,5727.55,5728.85,5724.7,5727.1,2533,
2024-10-23 15:09:00+05:30,5727.1,5729.8,5725.8,5728.55,1697,
2024-10-23 15:10:00+05:30,5728.5,5736.4,5727.75,5732.85,2415,
2024-10-23 15:11:00+05:30,5732.85,5733.95,5730,5730,1721,
2024-10-23 15:12:00+05:30,5728.55,5730.15,5727.3,5727.35,907,
2024-10-23 15:13:00+05:30,5727.35,5727.35,5724,5724.55,1628,
2024-10-23 15:14:00+05:30,5724.55,5725.6,5724.45,5725.2,2163,
2024-10-23 15:15:00+05:30,5725.3,5730.3,5721.9,5729.3,4900,
2024-10-23 15:16:00+05:30,5729.3,5729.3,5724.8,5726.1,2802,
2024-10-23 15:17:00+05:30,5726.1,5733.4,5726,5730.9,3280,
2024-10-23 15:18:00+05:30,5731.15,5731.15,5726,5727.95,2854,
2024-10-23 15:19:00+05:30,5727.95,5731,5724.5,5726.95,4297,
2024-10-23 15:20:00+05:30,5726.95,5726.95,5717.55,5717.55,2089,
2024-10-23 15:21:00+05:30,5717.55,5728.05,5717.3,5723.45,3191,
2024-10-23 15:22:00+05:30,5723.45,5723.45,5721.8,5721.8,1087,
2024-10-23 15:23:00+05:30,5721.4,5724.5,5720.1,5721.85,2343,
2024-10-23 15:24:00+05:30,5721.85,5727,5717.25,5724.05,2168,
2024-10-23 15:25:00+05:30,5724.05,5732.8,5722.3,5729.95,2225,
2024-10-23 15:26:00+05:30,5729.95,5730.35,5725,5727.6,1608,
2024-10-23 15:27:00+05:30,5727.6,5734.8,5724.15,5724.15,2878,
2024-10-23 15:28:00+05:30,5723.5,5735.1,5723.45,5728.8,2078,
2024-10-23 15:29:00+05:30,5728.8,5734.4,5720,5720.25,1055,
2024-10-24 09:15:00+05:30,5761,5771.3,5721.7,5724.6,1882,
2024-10-24 09:16:00+05:30,5720.3,5731.55,5710,5723.6,2794,
2024-10-24 09:17:00+05:30,5717.95,5729,5704.3,5704.3,2162,
2024-10-24 09:18:00+05:30,5704.3,5705.45,5693.9,5699.15,1859,
2024-10-24 09:19:00+05:30,5699.85,5709,5698.9,5702.2,2181,
2024-10-24 09:20:00+05:30,5702.2,5717.9,5698.85,5708.95,2270,
2024-10-24 09:21:00+05:30,5708.95,5730,5707.8,5730,917,
2024-10-24 09:22:00+05:30,5730,5755,5730,5748.9,2556,
2024-10-24 09:23:00+05:30,5748.9,5751.85,5744.55,5748.5,973,
2024-10-24 09:24:00+05:30,5748.5,5757,5746.85,5757,625,
2024-10-24 09:25:00+05:30,5757,5757.95,5741,5744,1014,
2024-10-24 09:26:00+05:30,5742,5751.95,5736.65,5741.15,1547,
2024-10-24 09:27:00+05:30,5740,5746.25,5732.5,5745.9,863,
2024-10-24 09:28:00+05:30,5745.9,5745.9,5736.4,5736.4,377,
2024-10-24 09:29:00+05:30,5738,5740.2,5729.5,5739.05,828,
2024-10-24 09:30:00+05:30,5736.5,5741,5732.65,5737.5,500,
2024-10-24 09:31:00+05:30,5737.5,5750,5735.15,5750,1053,
2024-10-24 09:32:00+05:30,5745.6,5746.8,5735.95,5736.35,377,
2024-10-24 09:33:00+05:30,5738,5738,5732.15,5732.15,315,
2024-10-24 09:34:00+05:30,5732.85,5734.4,5719.75,5724,1215,
2024-10-24 09:35:00+05:30,5724.05,5734.8,5722.95,5725,1691,
2024-10-24 09:36:00+05:30,5725,5725,5712.05,5718.45,1526,
2024-10-24 09:37:00+05:30,5718.45,5724.85,5714.7,5724.85,721,
2024-10-24 09:38:00+05:30,5721.2,5724.65,5711.9,5715.7,537,
2024-10-24 09:39:00+05:30,5715.7,5715.7,5710.5,5715.45,616,
2024-10-24 09:40:00+05:30,5715.45,5721.95,5714.5,5718.2,659,
2024-10-24 09:41:00+05:30,5718.2,5720.75,5713.7,5716.9,4595,
2024-10-24 09:42:00+05:30,5716.9,5716.9,5712.75,5715.6,1121,
2024-10-24 09:43:00+05:30,5715.6,5715.6,5703.5,5706.7,4055,
2024-10-24 09:44:00+05:30,5708.05,5708.1,5704,5705,2020,
2024-10-24 09:45:00+05:30,5704.85,5725.15,5704,5717.75,6318,
2024-10-24 09:46:00+05:30,5715.55,5724.9,5706.3,5720.9,2026,
2024-10-24 09:47:00+05:30,5720.9,5732.85,5713.15,5732.5,2475,
2024-10-24 09:48:00+05:30,5732.5,5744.85,5728.65,5744.85,1044,
2024-10-24 09:49:00+05:30,5744.85,5744.85,5729.45,5732.5,508,
2024-10-24 09:50:00+05:30,5732.5,5735.95,5729.9,5733.85,662,
2024-10-24 09:51:00+05:30,5728,5729.25,5717.2,5717.2,504,
2024-10-24 09:52:00+05:30,5720.35,5726.95,5719.85,5722.2,740,
2024-10-24 09:53:00+05:30,5722.2,5733.85,5721.6,5726.1,737,
2024-10-24 09:54:00+05:30,5726.1,5728.5,5722.1,5723.7,3880,
2024-10-24 09:55:00+05:30,5723.7,5727.9,5717.75,5726.1,1105,
2024-10-24 09:56:00+05:30,5726.1,5730,5726.05,5730,3524,
2024-10-24 09:57:00+05:30,5730,5730,5728.15,5728.8,3530,
2024-10-24 09:58:00+05:30,5728.8,5729.9,5725.25,5725.25,219,
2024-10-24 09:59:00+05:30,5725.25,5729.4,5722.55,5723.95,1011,
2024-10-24 10:00:00+05:30,5724,5729.15,5720.05,5729,699,
2024-10-24 10:01:00+05:30,5729,5729.9,5724.95,5729.8,585,
2024-10-24 10:02:00+05:30,5729.8,5729.85,5720.85,5722.5,808,
2024-10-24 10:03:00+05:30,5722.5,5722.5,5715,5715.5,874,
2024-10-24 10:04:00+05:30,5715.5,5724.45,5715.5,5719.95,1194,
2024-10-24 10:05:00+05:30,5719.95,5723.1,5716.35,5723.1,550,
2024-10-24 10:06:00+05:30,5723.1,5723.1,5718.2,5719.9,2156,
2024-10-24 10:07:00+05:30,5719.9,5719.9,5716.7,5716.7,221,
2024-10-24 10:08:00+05:30,5716.7,5721.05,5714.65,5721.05,809,
2024-10-24 10:09:00+05:30,5721.05,5729.15,5717.55,5729.15,1386,
2024-10-24 10:10:00+05:30,5727.65,5729.25,5723.45,5725.95,875,
2024-10-24 10:11:00+05:30,5725.95,5725.95,5718.3,5718.3,455,
2024-10-24 10:12:00+05:30,5718.3,5724.6,5718.3,5724.6,625,
2024-10-24 10:13:00+05:30,5724.6,5725.15,5721.45,5724.95,410,
2024-10-24 10:14:00+05:30,5724.95,5724.95,5719.55,5719.55,544,
2024-10-24 10:15:00+05:30,5719.55,5730,5719.55,5728.55,884,
2024-10-24 10:16:00+05:30,5728.55,5728.55,5726.25,5727,331,
2024-10-24 10:17:00+05:30,5727,5730,5724.55,5724.55,2107,
2024-10-24 10:18:00+05:30,5724.55,5724.55,5719.75,5720.05,181,
2024-10-24 10:19:00+05:30,5720.05,5724.9,5720,5722.95,704,
2024-10-24 10:20:00+05:30,5722.95,5723.3,5717.45,5717.45,245,
2024-10-24 10:21:00+05:30,5717.45,5717.75,5710.05,5711,1018,
2024-10-24 10:22:00+05:30,5711,5715.35,5709.8,5715.35,682,
2024-10-24 10:23:00+05:30,5715.35,5720.8,5714.95,5720.8,309,
2024-10-24 10:24:00+05:30,5720.8,5725.45,5719.95,5725.45,462,
2024-10-24 10:25:00+05:30,5725.45,5727.6,5722.1,5725.55,467,
2024-10-24 10:26:00+05:30,5725.55,5729,5721.4,5723.55,980,
2024-10-24 10:27:00+05:30,5723.55,5724.35,5721.45,5723.8,430,
2024-10-24 10:28:00+05:30,5723.8,5724.8,5718.7,5724.8,409,
2024-10-24 10:29:00+05:30,5724.8,5725,5719.6,5719.6,2747,
2024-10-24 10:30:00+05:30,5719.6,5722.95,5719.6,5720.65,704,
2024-10-24 10:31:00+05:30,5720.65,5720.65,5715.6,5717.15,503,
2024-10-24 10:32:00+05:30,5715,5716.2,5710,5711.3,1028,
2024-10-24 10:33:00+05:30,5711.3,5716.35,5711.3,5713,383,
2024-10-24 10:34:00+05:30,5713,5722.45,5713,5721.05,10661,
2024-10-24 10:35:00+05:30,5721.05,5723.7,5720.65,5720.75,363,
2024-10-24 10:36:00+05:30,5720.75,5722.2,5710.75,5710.75,361,
2024-10-24 10:37:00+05:30,5710.75,5717.1,5710.75,5715.2,524,
2024-10-24 10:38:00+05:30,5715.2,5720.8,5713.4,5720.5,1248,
2024-10-24 10:39:00+05:30,5720.5,5726.1,5720.5,5721.2,314,
2024-10-24 10:40:00+05:30,5721.2,5723.55,5721.2,5722.55,489,
2024-10-24 10:41:00+05:30,5722.55,5735,5722.3,5733.55,1526,
2024-10-24 10:42:00+05:30,5732.55,5735,5732.25,5733.95,300,
2024-10-24 10:43:00+05:30,5733.95,5739.6,5733.4,5738.1,3564,
2024-10-24 10:44:00+05:30,5737.5,5739.2,5731,5734,465,
2024-10-24 10:45:00+05:30,5734,5734,5729.8,5731.5,881,
2024-10-24 10:46:00+05:30,5731.5,5733.25,5726.65,5726.8,143,
2024-10-24 10:47:00+05:30,5726.8,5727.9,5717.4,5717.6,3499,
2024-10-24 10:48:00+05:30,5717.6,5723.8,5716.55,5723,414,
2024-10-24 10:49:00+05:30,5723,5729.6,5722.9,5727,1244,
2024-10-24 10:50:00+05:30,5725.75,5725.75,5722.15,5722.85,888,
2024-10-24 10:51:00+05:30,5722.85,5725,5722.85,5723.65,241,
2024-10-24 10:52:00+05:30,5723.65,5724.5,5717.7,5723.2,1010,
2024-10-24 10:53:00+05:30,5723.2,5727.75,5721.05,5725,1268,
2024-10-24 10:54:00+05:30,5725,5725,5724,5724,105,
2024-10-24 10:55:00+05:30,5724,5724,5720,5720.45,539,
2024-10-24 10:56:00+05:30,5720.45,5720.45,5717.5,5717.95,202,
2024-10-24 10:57:00+05:30,5717.95,5724.1,5716.15,5724.1,1722,
2024-10-24 10:58:00+05:30,5724.1,5724.1,5723.7,5723.85,121,
2024-10-24 10:59:00+05:30,5723.85,5723.85,5720.5,5720.5,279,
2024-10-24 11:00:00+05:30,5718.8,5720.55,5717.05,5717.05,241,
2024-10-24 11:01:00+05:30,5717.05,5722.85,5717.05,5718.35,426,
2024-10-24 11:02:00+05:30,5718.35,5718.35,5717.4,5718.15,497,
2024-10-24 11:03:00+05:30,5718.15,5718.15,5715.55,5715.6,306,
2024-10-24 11:04:00+05:30,5715.6,5715.6,5715,5715.05,276,
2024-10-24 11:05:00+05:30,5715.05,5719.15,5715.05,5717.4,522,
2024-10-24 11:06:00+05:30,5717.4,5717.4,5711.4,5711.4,434,
2024-10-24 11:07:00+05:30,5711.4,5712.55,5705.85,5708.9,577,
2024-10-24 11:08:00+05:30,5708.9,5717.1,5708.8,5711.95,6676,
2024-10-24 11:09:00+05:30,5711.95,5718.3,5711.95,5717.95,556,
2024-10-24 11:10:00+05:30,5717.95,5717.95,5716.3,5717.05,270,
2024-10-24 11:11:00+05:30,5717.05,5720,5714.1,5719.7,569,
2024-10-24 11:12:00+05:30,5719.7,5719.7,5712.75,5712.8,8258,
2024-10-24 11:13:00+05:30,5712.75,5712.75,5710.3,5712.35,409,
2024-10-24 11:14:00+05:30,5712.35,5715,5709.7,5715,1363,
2024-10-24 11:15:00+05:30,5715,5715.75,5713.3,5714.9,2864,
2024-10-24 11:16:00+05:30,5714.9,5715,5713.25,5713.3,980,
2024-10-24 11:17:00+05:30,5713.65,5713.65,5712.75,5713.05,216,
2024-10-24 11:18:00+05:30,5713.05,5713.1,5709.45,5710.05,428,
2024-10-24 11:19:00+05:30,5710.05,5714.35,5710.05,5714.35,653,
2024-10-24 11:20:00+05:30,5714.35,5714.35,5711.6,5711.7,274,
2024-10-24 11:21:00+05:30,5711.7,5715.45,5710,5713.4,5847,
2024-10-24 11:22:00+05:30,5713.4,5713.7,5708.4,5708.8,908,
2024-10-24 11:23:00+05:30,5708.8,5713.25,5707.15,5713.25,496,
2024-10-24 11:24:00+05:30,5713.25,5713.25,5710.35,5710.45,294,
2024-10-24 11:25:00+05:30,5710.45,5714.5,5708.8,5712.9,436,
2024-10-24 11:26:00+05:30,5712.9,5713.2,5705,5705.5,239,
2024-10-24 11:27:00+05:30,5705,5708.45,5704.95,5706.65,686,
2024-10-24 11:28:00+05:30,5706.65,5709.45,5703.45,5706.8,386,
2024-10-24 11:29:00+05:30,5705.9,5709.9,5705.9,5709.9,468,
2024-10-24 11:30:00+05:30,5708.05,5714.4,5708.05,5714.4,987,
2024-10-24 11:31:00+05:30,5712.45,5714.9,5705.1,5709.95,2104,
2024-10-24 11:32:00+05:30,5709.95,5710,5708.9,5709.3,297,
2024-10-24 11:33:00+05:30,5709.3,5711,5709.3,5710.1,2590,
2024-10-24 11:34:00+05:30,5711,5711,5706.1,5706.1,1125,
2024-10-24 11:35:00+05:30,5707.6,5707.6,5701.55,5701.55,422,
2024-10-24 11:36:00+05:30,5703.85,5704.9,5692.8,5704.9,12940,
2024-10-24 11:37:00+05:30,5703.35,5709.75,5701.55,5708,1926,
2024-10-24 11:38:00+05:30,5708,5710.5,5704.2,5707.2,2144,
2024-10-24 11:39:00+05:30,5709,5711.75,5705.05,5710.1,5284,
2024-10-24 11:40:00+05:30,5710.1,5711,5705.85,5705.85,924,
2024-10-24 11:41:00+05:30,5705.85,5719.6,5705.85,5719.6,3162,
2024-10-24 11:42:00+05:30,5719.6,5726.45,5715.75,5726.45,2478,
2024-10-24 11:43:00+05:30,5726.45,5726.45,5712.35,5717.8,3943,
2024-10-24 11:44:00+05:30,5717.8,5721.95,5712.3,5714.9,4619,
2024-10-24 11:45:00+05:30,5714.9,5718.5,5712.05,5717.45,3508,
2024-10-24 11:46:00+05:30,5717.45,5721.75,5715.8,5721.75,2488,
2024-10-24 11:47:00+05:30,5721.75,5721.75,5712,5712,1667,
2024-10-24 11:48:00+05:30,5712,5713.55,5708.15,5711.3,1305,
2024-10-24 11:49:00+05:30,5711.3,5716.3,5710.4,5711.8,303,
2024-10-24 11:50:00+05:30,5711.8,5718.7,5711.8,5717,1484,
2024-10-24 11:51:00+05:30,5717,5717.25,5711.35,5712.25,295,
2024-10-24 11:52:00+05:30,5712.25,5716.35,5711.35,5711.5,710,
2024-10-24 11:53:00+05:30,5711.5,5714.6,5710.1,5710.65,1501,
2024-10-24 11:54:00+05:30,5710.65,5715.95,5710.65,5714.25,1258,
2024-10-24 11:55:00+05:30,5714.25,5716.9,5712.85,5715.35,1535,
2024-10-24 11:56:00+05:30,5715.35,5718.25,5715.3,5716.45,500,
2024-10-24 11:57:00+05:30,5716.45,5719,5714,5714,2096,
2024-10-24 11:58:00+05:30,5714,5715.5,5713.8,5715.5,570,
2024-10-24 11:59:00+05:30,5715,5715.75,5711.85,5711.85,1941,
2024-10-24 12:00:00+05:30,5711.85,5711.95,5709.2,5709.9,839,
2024-10-24 12:01:00+05:30,5709.9,5711.4,5703.05,5703.1,415,
2024-10-24 12:02:00+05:30,5703.1,5703.15,5701,5701.05,508,
2024-10-24 12:03:00+05:30,5701,5701,5697.5,5699.55,716,
2024-10-24 12:04:00+05:30,5699.55,5702.85,5697.9,5702.85,459,
2024-10-24 12:05:00+05:30,5702.85,5702.85,5696.75,5696.75,667,
2024-10-24 12:06:00+05:30,5696.75,5697.75,5696.7,5697.65,495,
2024-10-24 12:07:00+05:30,5697.65,5699.6,5696.85,5699.6,125,
2024-10-24 12:08:00+05:30,5699.6,5700,5697,5698,830,
2024-10-24 12:09:00+05:30,5698,5700,5698,5698.95,362,
2024-10-24 12:10:00+05:30,5698.95,5709.7,5698.95,5707.1,1224,
2024-10-24 12:11:00+05:30,5707.1,5707.4,5705.7,5705.75,113,
2024-10-24 12:12:00+05:30,5705.75,5706.3,5698.7,5698.95,1553,
2024-10-24 12:13:00+05:30,5698.9,5700,5697.5,5698.55,376,
2024-10-24 12:14:00+05:30,5698.55,5702.75,5698.55,5702.15,605,
2024-10-24 12:15:00+05:30,5702.15,5702.15,5698.4,5698.4,640,
2024-10-24 12:16:00+05:30,5698.4,5699.3,5698.4,5698.95,219,
2024-10-24 12:17:00+05:30,5698.95,5698.95,5697,5697.2,262,
2024-10-24 12:18:00+05:30,5697.2,5698.1,5697.2,5697.4,560,
2024-10-24 12:19:00+05:30,5697.4,5698,5697,5697.35,356,
2024-10-24 12:20:00+05:30,5697.35,5700,5697,5700,727,
2024-10-24 12:21:00+05:30,5700,5703.45,5698.6,5701.75,450,
2024-10-24 12:22:00+05:30,5701.75,5704.2,5699.9,5703.95,762,
2024-10-24 12:23:00+05:30,5703.95,5703.95,5702.6,5703.2,304,
2024-10-24 12:24:00+05:30,5703.05,5703.1,5701.25,5701.75,556,
2024-10-24 12:25:00+05:30,5701.75,5704.3,5701.7,5702.35,274,
2024-10-24 12:26:00+05:30,5702.35,5705,5702.15,5703.25,1559,
2024-10-24 12:27:00+05:30,5703.25,5705,5703.15,5703.4,254,
2024-10-24 12:28:00+05:30,5703.15,5703.4,5703.15,5703.15,385,
2024-10-24 12:29:00+05:30,5703.2,5703.2,5702,5702.6,217,
2024-10-24 12:30:00+05:30,5702.6,5702.6,5701,5701,211,
2024-10-24 12:31:00+05:30,5701,5703.2,5699.15,5700,841,
2024-10-24 12:32:00+05:30,5700,5704.25,5697.3,5704.25,834,
2024-10-24 12:33:00+05:30,5702.75,5705,5700.9,5700.9,591,
2024-10-24 12:34:00+05:30,5700.9,5703.8,5700.45,5703.4,656,
2024-10-24 12:35:00+05:30,5702.3,5703.25,5701.05,5701.75,173,
2024-10-24 12:36:00+05:30,5701.75,5715,5701.75,5713.45,7101,
2024-10-24 12:37:00+05:30,5713.45,5714.3,5710.05,5712.7,333,
2024-10-24 12:38:00+05:30,5712.7,5712.95,5711.1,5711.1,294,
2024-10-24 12:39:00+05:30,5711.1,5712.5,5708.1,5708.15,815,
2024-10-24 12:40:00+05:30,5708.2,5709.6,5708.2,5708.95,443,
2024-10-24 12:41:00+05:30,5708.95,5711.95,5702.3,5702.95,1240,
2024-10-24 12:42:00+05:30,5702.95,5710.05,5702.95,5707.1,470,
2024-10-24 12:43:00+05:30,5707.1,5708,5703.8,5704.3,612,
2024-10-24 12:44:00+05:30,5704.3,5711.95,5703.3,5703.3,1260,
2024-10-24 12:45:00+05:30,5703.3,5705,5703.3,5703.6,105,
2024-10-24 12:46:00+05:30,5703.55,5705.5,5702.15,5705,818,
2024-10-24 12:47:00+05:30,5705,5705,5701.1,5702.3,660,
2024-10-24 12:48:00+05:30,5702.3,5702.3,5701.4,5701.85,318,
2024-10-24 12:49:00+05:30,5701.85,5705,5701.8,5705,976,
2024-10-24 12:50:00+05:30,5705,5707.4,5703.4,5703.5,1291,
2024-10-24 12:51:00+05:30,5703.5,5705,5703.4,5704.8,352,
2024-10-24 12:52:00+05:30,5704.8,5704.8,5701.45,5701.45,391,
2024-10-24 12:53:00+05:30,5701.45,5703,5701.45,5702.75,413,
2024-10-24 12:54:00+05:30,5702.75,5706.05,5701.25,5701.55,499,
2024-10-24 12:55:00+05:30,5701.55,5702.75,5701.25,5702.75,536,
2024-10-24 12:56:00+05:30,5702.75,5702.75,5700,5700.05,309,
2024-10-24 12:57:00+05:30,5700.05,5700.1,5698.9,5700,563,
2024-10-24 12:58:00+05:30,5700,5700,5697,5697,510,
2024-10-24 12:59:00+05:30,5697,5698.2,5697,5698.1,290,
2024-10-24 13:00:00+05:30,5698.1,5698.1,5697.1,5697.3,157,
2024-10-24 13:01:00+05:30,5697.3,5697.7,5697.25,5697.25,291,
2024-10-24 13:02:00+05:30,5697.25,5697.25,5692.25,5693,1936,
2024-10-24 13:03:00+05:30,5693,5700,5693,5698.3,1597,
2024-10-24 13:04:00+05:30,5698.3,5703.2,5696.05,5696.05,347,
2024-10-24 13:05:00+05:30,5696.05,5700,5696.05,5700,684,
2024-10-24 13:06:00+05:30,5699.1,5700,5699.1,5699.25,306,
2024-10-24 13:07:00+05:30,5699.25,5699.25,5697.75,5697.75,625,
2024-10-24 13:08:00+05:30,5697.75,5700.85,5695.4,5700.85,586,
2024-10-24 13:09:00+05:30,5700.85,5700.85,5695.85,5696.6,686,
2024-10-24 13:10:00+05:30,5696.6,5701.05,5696.6,5697.7,165,
2024-10-24 13:11:00+05:30,5697.7,5702.25,5697.7,5702,901,
2024-10-24 13:12:00+05:30,5702.05,5703.15,5699.9,5700.05,355,
2024-10-24 13:13:00+05:30,5700.05,5701,5696.85,5698,133,
2024-10-24 13:14:00+05:30,5698,5698,5695.8,5697,566,
2024-10-24 13:15:00+05:30,5697,5697.1,5695,5695.8,203,
2024-10-24 13:16:00+05:30,5695.8,5696.6,5695.7,5696.3,517,
2024-10-24 13:17:00+05:30,5696.2,5699.75,5695.05,5699.05,652,
2024-10-24 13:18:00+05:30,5698.1,5699.05,5696.35,5696.35,441,
2024-10-24 13:19:00+05:30,5696.35,5697.45,5694.8,5694.8,1228,
2024-10-24 13:20:00+05:30,5694.8,5698.7,5694.65,5694.65,479,
2024-10-24 13:21:00+05:30,5695,5697.95,5694.6,5694.6,578,
2024-10-24 13:22:00+05:30,5694.6,5698.8,5694.6,5695,2419,
2024-10-24 13:23:00+05:30,5695,5700,5694.55,5697.1,3054,
2024-10-24 13:24:00+05:30,5697.1,5699.9,5697.1,5697.75,409,
2024-10-24 13:25:00+05:30,5697.75,5700,5697.65,5700,678,
2024-10-24 13:26:00+05:30,5700,5700.5,5698.25,5700,3247,
2024-10-24 13:27:00+05:30,5700,5700,5698.25,5699.75,1323,
2024-10-24 13:28:00+05:30,5697.9,5699.6,5696.6,5697.7,1139,
2024-10-24 13:29:00+05:30,5697.7,5700,5697.45,5697.75,631,
2024-10-24 13:30:00+05:30,5700,5700,5697.75,5698.45,961,
2024-10-24 13:31:00+05:30,5700,5700,5698.45,5699.4,475,
2024-10-24 13:32:00+05:30,5700,5700,5698.45,5698.9,762,
2024-10-24 13:33:00+05:30,5700,5700,5697.75,5697.75,576,
2024-10-24 13:34:00+05:30,5699.75,5700,5697.75,5697.8,412,
2024-10-24 13:35:00+05:30,5699.6,5700,5697.85,5698.65,365,
2024-10-24 13:36:00+05:30,5700,5700,5698.65,5698.65,443,
2024-10-24 13:37:00+05:30,5700,5700.15,5698.65,5700.15,9706,
2024-10-24 13:38:00+05:30,5700.2,5700.2,5699.55,5699.7,2997,
2024-10-24 13:39:00+05:30,5700,5700,5699.7,5699.9,920,
2024-10-24 13:40:00+05:30,5700,5700.55,5699.9,5700.55,7673,
2024-10-24 13:41:00+05:30,5700.55,5702.5,5700.1,5701.55,1286,
2024-10-24 13:42:00+05:30,5701.55,5703.15,5701.5,5701.8,538,
2024-10-24 13:43:00+05:30,5701.7,5709.1,5701.65,5709.1,1995,
2024-10-24 13:44:00+05:30,5709.1,5722.45,5709.1,5722.45,1864,
2024-10-24 13:45:00+05:30,5722,5726.9,5720,5720.9,1489,
2024-10-24 13:46:00+05:30,5720.9,5725,5720,5720,529,
2024-10-24 13:47:00+05:30,5720,5721,5720,5720,341,
2024-10-24 13:48:00+05:30,5720,5722.1,5720,5722.1,501,
2024-10-24 13:49:00+05:30,5722.1,5726,5722.1,5723.9,523,
2024-10-24 13:50:00+05:30,5723.9,5738,5722.7,5735.6,3064,
2024-10-24 13:51:00+05:30,5737.3,5745,5737.3,5743.5,1479,
2024-10-24 13:52:00+05:30,5743.5,5743.55,5740,5740,300,
2024-10-24 13:53:00+05:30,5740,5746.95,5740,5740.05,1037,
2024-10-24 13:54:00+05:30,5740.05,5746.9,5740.05,5745.2,1461,
2024-10-24 13:55:00+05:30,5745.05,5746.95,5743.55,5743.75,384,
2024-10-24 13:56:00+05:30,5743.75,5744.7,5740,5741.05,598,
2024-10-24 13:57:00+05:30,5741.35,5745.15,5740,5741.9,415,
2024-10-24 13:58:00+05:30,5741.9,5741.9,5737.3,5738.75,977,
2024-10-24 13:59:00+05:30,5740,5740,5737.55,5739.35,1120,
2024-10-24 14:00:00+05:30,5740,5742,5738.7,5740,4037,
2024-10-24 14:01:00+05:30,5740,5741,5738.4,5738.7,925,
2024-10-24 14:02:00+05:30,5738.7,5755.2,5738.7,5755.2,3010,
2024-10-24 14:03:00+05:30,5755.2,5765,5753.5,5755.7,6229,
2024-10-24 14:04:00+05:30,5755.7,5757.8,5748.35,5750.15,1859,
2024-10-24 14:05:00+05:30,5750.3,5753.2,5745.35,5749.95,653,
2024-10-24 14:06:00+05:30,5749.95,5761.1,5749.95,5761.1,720,
2024-10-24 14:07:00+05:30,5761.1,5764.45,5756.45,5762.85,2850,
2024-10-24 14:08:00+05:30,5764.45,5770,5764,5770,1359,
2024-10-24 14:09:00+05:30,5770,5770,5759.45,5760.95,2178,
2024-10-24 14:10:00+05:30,5760.95,5763.5,5760.95,5762.55,701,
2024-10-24 14:11:00+05:30,5762.55,5764.1,5754.25,5755.35,680,
2024-10-24 14:12:00+05:30,5756.95,5759.2,5753.75,5757.7,980,
2024-10-24 14:13:00+05:30,5757.7,5763,5754,5762.45,2848,
2024-10-24 14:14:00+05:30,5763,5767,5755,5755,2816,
2024-10-24 14:15:00+05:30,5756.95,5759,5750,5750,491,
2024-10-24 14:16:00+05:30,5750,5750.9,5745.35,5750.9,4203,
2024-10-24 14:17:00+05:30,5750.9,5751.95,5746.1,5749.1,1802,
2024-10-24 14:18:00+05:30,5750,5752,5746.6,5748.45,669,
2024-10-24 14:19:00+05:30,5748.45,5750,5740.75,5746.3,744,
2024-10-24 14:20:00+05:30,5748.3,5748.7,5746.3,5747.7,634,
2024-10-24 14:21:00+05:30,5747.65,5750,5743.35,5743.5,620,
2024-10-24 14:22:00+05:30,5746.9,5746.95,5743.6,5744,1204,
2024-10-24 14:23:00+05:30,5745.45,5748.1,5739.9,5739.9,2519,
2024-10-24 14:24:00+05:30,5743.3,5745.4,5737.5,5737.9,2189,
2024-10-24 14:25:00+05:30,5737.9,5748.65,5737.9,5745.7,7751,
2024-10-24 14:26:00+05:30,5745.7,5749.65,5743,5743.5,1092,
2024-10-24 14:27:00+05:30,5742.95,5745,5738.6,5739.75,528,
2024-10-24 14:28:00+05:30,5739.75,5740,5733.3,5737.95,1033,
2024-10-24 14:29:00+05:30,5737.95,5740,5737.95,5738.8,743,
2024-10-24 14:30:00+05:30,5738.8,5750,5738.8,5741.85,4354,
2024-10-24 14:31:00+05:30,5741.85,5744,5733.25,5739.25,4313,
2024-10-24 14:32:00+05:30,5740.95,5744,5732.95,5740,3235,
2024-10-24 14:33:00+05:30,5740,5740,5736.15,5738.75,615,
2024-10-24 14:34:00+05:30,5738.75,5740,5737.15,5739.55,781,
2024-10-24 14:35:00+05:30,5739.55,5748.7,5739.55,5748.7,3178,
2024-10-24 14:36:00+05:30,5748.7,5751,5746,5746,917,
2024-10-24 14:37:00+05:30,5746,5750,5746,5750,411,
2024-10-24 14:38:00+05:30,5750,5750,5738.15,5738.35,1457,
2024-10-24 14:39:00+05:30,5738.35,5740,5735.9,5737.4,578,
2024-10-24 14:40:00+05:30,5737.4,5741.5,5737.4,5741.5,2551,
2024-10-24 14:41:00+05:30,5741.5,5741.5,5735.5,5735.5,1341,
2024-10-24 14:42:00+05:30,5735.5,5740,5735.5,5738,1314,
2024-10-24 14:43:00+05:30,5737.6,5740,5735,5738.65,617,
2024-10-24 14:44:00+05:30,5738.65,5740,5736.05,5737.45,760,
2024-10-24 14:45:00+05:30,5737.25,5740,5735,5740,2356,
2024-10-24 14:46:00+05:30,5740,5742.3,5739.5,5741,5790,
2024-10-24 14:47:00+05:30,5741,5741.55,5738.75,5738.9,1370,
2024-10-24 14:48:00+05:30,5740,5750.2,5739,5749.35,2751,
2024-10-24 14:49:00+05:30,5749.4,5751.55,5745.6,5747.25,1559,
2024-10-24 14:50:00+05:30,5747.25,5748.7,5741.35,5747.95,3629,
2024-10-24 14:51:00+05:30,5747.95,5750.3,5740,5744.05,3474,
2024-10-24 14:52:00+05:30,5744.05,5745.25,5740.2,5740.45,546,
2024-10-24 14:53:00+05:30,5742.25,5745.4,5742.15,5744,1041,
2024-10-24 14:54:00+05:30,5744,5746.35,5743.55,5744.4,2324,
2024-10-24 14:55:00+05:30,5746,5747.65,5742.2,5745.4,1566,
2024-10-24 14:56:00+05:30,5742.55,5745.25,5737.8,5737.8,1059,
2024-10-24 14:57:00+05:30,5737.8,5743.75,5736.8,5743.75,1977,
2024-10-24 14:58:00+05:30,5741.75,5744,5735.45,5735.95,1482,
2024-10-24 14:59:00+05:30,5735.95,5740,5735.95,5739.1,981,
2024-10-24 15:00:00+05:30,5739.8,5744.05,5738.4,5740,4320,
2024-10-24 15:01:00+05:30,5740,5743.8,5739.9,5739.95,2487,
2024-10-24 15:02:00+05:30,5739.95,5741.1,5739.5,5739.6,3551,
2024-10-24 15:03:00+05:30,5739.6,5740.8,5738.6,5740,1494,
2024-10-24 15:04:00+05:30,5740,5742,5739.9,5742,1642,
2024-10-24 15:05:00+05:30,5740.45,5745.8,5740.45,5744.9,1409,
2024-10-24 15:06:00+05:30,5744.7,5744.85,5734.25,5738.35,2820,
2024-10-24 15:07:00+05:30,5738.35,5740,5735.6,5738.5,1968,
2024-10-24 15:08:00+05:30,5738.45,5740,5734,5740,1876,
2024-10-24 15:09:00+05:30,5740,5740,5733.9,5734.55,2974,
2024-10-24 15:10:00+05:30,5737.5,5740,5736.3,5736.3,2328,
2024-10-24 15:11:00+05:30,5736.3,5738.7,5732.95,5737.2,1504,
2024-10-24 15:12:00+05:30,5737.2,5740,5732.95,5740,2433,
2024-10-24 15:13:00+05:30,5740,5742.95,5740,5740.45,3731,
2024-10-24 15:14:00+05:30,5739.95,5742.45,5739.7,5739.7,1996,
2024-10-24 15:15:00+05:30,5739.7,5740,5739.7,5739.95,2977,
2024-10-24 15:16:00+05:30,5739.95,5740,5737.1,5740,1493,
2024-10-24 15:17:00+05:30,5740,5740,5735.8,5736.65,1457,
2024-10-24 15:18:00+05:30,5738.75,5740,5734.95,5737.4,2163,
2024-10-24 15:19:00+05:30,5737.4,5740.45,5732,5736.75,4803,
2024-10-24 15:20:00+05:30,5736.75,5737.55,5734.9,5735,1793,
2024-10-24 15:21:00+05:30,5735,5738,5734.95,5737.35,1106,
2024-10-24 15:22:00+05:30,5737.35,5737.45,5737.2,5737.25,1286,
2024-10-24 15:23:00+05:30,5737.3,5741,5729.05,5741,6907,
2024-10-24 15:24:00+05:30,5741.45,5743.85,5729.1,5743.85,7550,
2024-10-24 15:25:00+05:30,5743.9,5744.4,5738.55,5738.55,2538,
2024-10-24 15:26:00+05:30,5740.9,5740.9,5728.2,5729.95,11932,
2024-10-24 15:27:00+05:30,5729.95,5745.3,5729.95,5744.4,10806,
2024-10-24 15:28:00+05:30,5742.9,5751.35,5741.65,5746.9,2580,
2024-10-24 15:29:00+05:30,5746.9,5754.45,5737.9,5751,1363,
2024-10-25 09:15:00+05:30,5742,5804.95,5742,5794.3,5083,
2024-10-25 09:16:00+05:30,5794.75,5817.8,5789,5813,4434,
2024-10-25 09:17:00+05:30,5813,5820,5804.55,5804.55,4330,
2024-10-25 09:18:00+05:30,5804.55,5825.4,5800.4,5819.65,2614,
2024-10-25 09:19:00+05:30,5819.65,5824.35,5819.45,5820,1562,
2024-10-25 09:20:00+05:30,5820.95,5834.95,5810.2,5810.2,4221,
2024-10-25 09:21:00+05:30,5810.2,5833.9,5810.2,5828.2,4456,
2024-10-25 09:22:00+05:30,5825.05,5828.55,5823,5825,7783,
2024-10-25 09:23:00+05:30,5825,5831.6,5820,5822.25,5556,
2024-10-25 09:24:00+05:30,5823.15,5829.9,5820,5825.95,8579,
2024-10-25 09:25:00+05:30,5825.95,5829.45,5812.15,5814,5361,
2024-10-25 09:26:00+05:30,5814,5820.3,5800,5815.1,7578,
2024-10-25 09:27:00+05:30,5815.2,5825.95,5814.75,5822.55,3473,
2024-10-25 09:28:00+05:30,5822.55,5828.55,5817.4,5827.45,2728,
2024-10-25 09:29:00+05:30,5827.45,5832.75,5824.6,5832.75,2620,
2024-10-25 09:30:00+05:30,5832.75,5832.75,5806,5806,2488,
2024-10-25 09:31:00+05:30,5806.4,5814.6,5801.3,5808.8,4752,
2024-10-25 09:32:00+05:30,5808.8,5818.2,5802.35,5802.35,2706,
2024-10-25 09:33:00+05:30,5805.3,5805.45,5788.15,5802.35,2792,
2024-10-25 09:34:00+05:30,5799.95,5812.5,5794.85,5812.5,5866,
2024-10-25 09:35:00+05:30,5813.8,5814.2,5801.75,5802.1,1615,
2024-10-25 09:36:00+05:30,5802.1,5808.15,5798.05,5803.6,2158,
2024-10-25 09:37:00+05:30,5802.6,5802.65,5789.25,5795,2774,
2024-10-25 09:38:00+05:30,5795,5800.95,5795,5800.55,2181,
2024-10-25 09:39:00+05:30,5800.55,5805,5791.7,5792.85,1822,
2024-10-25 09:40:00+05:30,5794.55,5801.1,5793.85,5800.05,2918,
2024-10-25 09:41:00+05:30,5798.3,5811.8,5795.05,5810.7,3255,
2024-10-25 09:42:00+05:30,5810.7,5817,5805.9,5813.95,2316,
2024-10-25 09:43:00+05:30,5814.7,5814.7,5800,5801.85,1233,
2024-10-25 09:44:00+05:30,5801.85,5808.6,5801.35,5804.5,1154,
2024-10-25 09:45:00+05:30,5804.5,5810,5800.95,5810,1870,
2024-10-25 09:46:00+05:30,5810,5812.05,5800.6,5803.85,904,
2024-10-25 09:47:00+05:30,5803.6,5809.25,5802.45,5807.1,541,
2024-10-25 09:48:00+05:30,5807.1,5807.7,5801.5,5804.95,1617,
2024-10-25 09:49:00+05:30,5805.05,5810,5804,5809,1785,
2024-10-25 09:50:00+05:30,5809.55,5812.75,5808.05,5809.2,1904,
2024-10-25 09:51:00+05:30,5809.15,5813.6,5806.15,5809.7,1439,
2024-10-25 09:52:00+05:30,5809.8,5809.8,5799.55,5799.55,1085,
2024-10-25 09:53:00+05:30,5800,5800,5789.3,5792.2,2040,
2024-10-25 09:54:00+05:30,5792.15,5792.55,5787.25,5791.1,1308,
2024-10-25 09:55:00+05:30,5791.1,5799.4,5786.8,5798.95,2064,
2024-10-25 09:56:00+05:30,5799.2,5800,5796.3,5798.15,2197,
2024-10-25 09:57:00+05:30,5798.15,5801.75,5798,5800.05,1173,
2024-10-25 09:58:00+05:30,5800.1,5800.1,5791.55,5791.9,1304,
2024-10-25 09:59:00+05:30,5791.4,5793.25,5786.35,5788,1114,
2024-10-25 10:00:00+05:30,5788.9,5791.2,5785.95,5790.7,951,
2024-10-25 10:01:00+05:30,5788.45,5793.65,5782.4,5788.8,2295,
2024-10-25 10:02:00+05:30,5788.85,5788.9,5784,5784,1816,
2024-10-25 10:03:00+05:30,5784,5786.25,5780.4,5781.15,2062,
2024-10-25 10:04:00+05:30,5781.15,5789.5,5779.55,5786.6,1847,
2024-10-25 10:05:00+05:30,5786.6,5800.2,5786.6,5799.35,2741,
2024-10-25 10:06:00+05:30,5797.9,5798.15,5793.8,5797.5,1561,
2024-10-25 10:07:00+05:30,5797.5,5800,5797.1,5797.6,2227,
2024-10-25 10:08:00+05:30,5798,5799.8,5795.65,5798.85,2085,
2024-10-25 10:09:00+05:30,5798.85,5798.85,5788.4,5793.35,1076,
2024-10-25 10:10:00+05:30,5793.35,5797.2,5792.15,5794.95,556,
2024-10-25 10:11:00+05:30,5794.95,5798,5794.5,5798,710,
2024-10-25 10:12:00+05:30,5799.55,5799.75,5797.4,5798.1,914,
2024-10-25 10:13:00+05:30,5797.75,5798.1,5787.05,5791.85,2210,
2024-10-25 10:14:00+05:30,5792.3,5793.7,5789.55,5791.2,702,
2024-10-25 10:15:00+05:30,5791.2,5791.2,5787.8,5788.15,524,
2024-10-25 10:16:00+05:30,5788.15,5788.85,5779.15,5785.8,4054,
2024-10-25 10:17:00+05:30,5785.65,5786.35,5782.25,5783.6,1455,
2024-10-25 10:18:00+05:30,5783.6,5783.6,5765.2,5782.25,4876,
2024-10-25 10:19:00+05:30,5782.25,5782.25,5776.6,5779,1520,
2024-10-25 10:20:00+05:30,5779.3,5794.95,5778.55,5788.2,2173,
2024-10-25 10:21:00+05:30,5787.75,5800,5787.2,5800,5766,
2024-10-25 10:22:00+05:30,5800,5813.9,5798.15,5809.75,7723,
2024-10-25 10:23:00+05:30,5809.75,5818.95,5809.6,5810.85,3995,
2024-10-25 10:24:00+05:30,5812.2,5815,5806.4,5810.85,1626,
2024-10-25 10:25:00+05:30,5810.85,5810.85,5799.15,5803.15,1286,
2024-10-25 10:26:00+05:30,5803.15,5803.75,5793.35,5795.95,1186,
2024-10-25 10:27:00+05:30,5795.95,5800.35,5794.65,5796.5,1230,
2024-10-25 10:28:00+05:30,5796.5,5796.5,5786.05,5788.55,1703,
2024-10-25 10:29:00+05:30,5788.9,5793.6,5787.15,5789.95,1695,
2024-10-25 10:30:00+05:30,5789.95,5792.2,5784.25,5787.75,2488,
2024-10-25 10:31:00+05:30,5787.75,5790,5780,5786.7,1654,
2024-10-25 10:32:00+05:30,5786.7,5799,5785.75,5799,917,
2024-10-25 10:33:00+05:30,5799,5799,5796.2,5797.5,1038,
2024-10-25 10:34:00+05:30,5797.5,5798.05,5792,5793.05,423,
2024-10-25 10:35:00+05:30,5792,5792,5773.75,5776.95,3011,
2024-10-25 10:36:00+05:30,5776.95,5779.8,5775.25,5777.5,945,
2024-10-25 10:37:00+05:30,5777.5,5779,5775.8,5778.35,1006,
2024-10-25 10:38:00+05:30,5779,5780,5775.25,5777.8,1053,
2024-10-25 10:39:00+05:30,5777.8,5780,5777.1,5778.55,832,
2024-10-25 10:40:00+05:30,5778.55,5778.75,5771.65,5775.05,580,
2024-10-25 10:41:00+05:30,5774.4,5775.6,5767.8,5771,2211,
2024-10-25 10:42:00+05:30,5771,5772.55,5767.8,5769,1186,
2024-10-25 10:43:00+05:30,5769,5772.9,5759.1,5770.9,2642,
2024-10-25 10:44:00+05:30,5769.3,5769.3,5759.85,5761.7,1583,
2024-10-25 10:45:00+05:30,5764.4,5768.85,5764.05,5767.25,1099,
2024-10-25 10:46:00+05:30,5767.25,5770.95,5758.05,5765.15,4967,
2024-10-25 10:47:00+05:30,5766.1,5766.1,5758.2,5764.95,3324,
2024-10-25 10:48:00+05:30,5764.95,5765.95,5760,5761.9,1056,
2024-10-25 10:49:00+05:30,5761.9,5764.65,5757.65,5762.85,1376,
2024-10-25 10:50:00+05:30,5761.25,5762.35,5755.15,5757.9,1598,
2024-10-25 10:51:00+05:30,5758.95,5758.95,5754.5,5755.95,1042,
2024-10-25 10:52:00+05:30,5755.95,5759.6,5750.9,5754.4,2063,
2024-10-25 10:53:00+05:30,5754.45,5756.85,5750.6,5752.55,1396,
2024-10-25 10:54:00+05:30,5752.55,5754,5747,5754,2769,
2024-10-25 10:55:00+05:30,5754,5756.35,5749.05,5749.1,1395,
2024-10-25 10:56:00+05:30,5749.2,5751.95,5744.25,5751.85,2220,
2024-10-25 10:57:00+05:30,5750,5754.7,5747.05,5750,2314,
2024-10-25 10:58:00+05:30,5750,5761,5750,5758.6,1363,
2024-10-25 10:59:00+05:30,5757.35,5774.9,5757.35,5774.1,1967,
2024-10-25 11:00:00+05:30,5772.25,5772.25,5757.55,5760.3,1248,
2024-10-25 11:01:00+05:30,5760.3,5763.75,5757,5761.25,462,
2024-10-25 11:02:00+05:30,5761.25,5763.65,5760.65,5761.25,861,
2024-10-25 11:03:00+05:30,5761.25,5774.05,5761.2,5772.5,1181,
2024-10-25 11:04:00+05:30,5772.5,5772.95,5767.65,5771,745,
2024-10-25 11:05:00+05:30,5771,5774.1,5769.8,5774.1,942,
2024-10-25 11:06:00+05:30,5773.6,5775,5771.6,5771.6,529,
2024-10-25 11:07:00+05:30,5771.6,5771.6,5765.25,5766.8,1099,
2024-10-25 11:08:00+05:30,5767,5769.95,5764.45,5765.95,653,
2024-10-25 11:09:00+05:30,5765.95,5766.9,5762.7,5765,1382,
2024-10-25 11:10:00+05:30,5765,5767.5,5762.5,5765.1,947,
2024-10-25 11:11:00+05:30,5765.1,5766.55,5764.7,5765.95,1597,
2024-10-25 11:12:00+05:30,5765.3,5773.2,5764.05,5764.05,3004,
2024-10-25 11:13:00+05:30,5767.15,5770.95,5764.6,5766,2788,
2024-10-25 11:14:00+05:30,5768.7,5774.65,5767.05,5774.65,385,
2024-10-25 11:15:00+05:30,5774.65,5775,5768.3,5770.3,3594,
2024-10-25 11:16:00+05:30,5770.3,5774.95,5765.1,5771.9,1572,
2024-10-25 11:17:00+05:30,5771.9,5773.45,5771.1,5772.15,335,
2024-10-25 11:18:00+05:30,5772.1,5775,5771.65,5772.95,1027,
2024-10-25 11:19:00+05:30,5772.95,5775,5772.15,5774.7,3772,
2024-10-25 11:20:00+05:30,5773.45,5774.2,5773.3,5773.7,395,
2024-10-25 11:21:00+05:30,5773.7,5775,5773.65,5773.75,1886,
2024-10-25 11:22:00+05:30,5773.75,5784.45,5773.65,5779.7,12115,
2024-10-25 11:23:00+05:30,5779.7,5788.95,5776.75,5785.1,2745,
2024-10-25 11:24:00+05:30,5784.85,5786.75,5780.4,5786.75,2950,
2024-10-25 11:25:00+05:30,5786.75,5788.45,5783.95,5787.5,1961,
2024-10-25 11:26:00+05:30,5787.95,5787.95,5785.8,5786.05,693,
2024-10-25 11:27:00+05:30,5786,5786,5781.55,5785.1,588,
2024-10-25 11:28:00+05:30,5785.1,5789.3,5785.1,5787.35,1147,
2024-10-25 11:29:00+05:30,5787.35,5788,5785,5787.05,572,
2024-10-25 11:30:00+05:30,5787,5787.05,5782.15,5782.25,1265,
2024-10-25 11:31:00+05:30,5783.75,5786.35,5782.9,5783.8,1694,
2024-10-25 11:32:00+05:30,5783.8,5784,5780.4,5782.35,1067,
2024-10-25 11:33:00+05:30,5782.35,5784,5779.1,5780.85,1696,
2024-10-25 11:34:00+05:30,5780.85,5780.9,5780,5780.05,699,
2024-10-25 11:35:00+05:30,5780.05,5780.05,5779.1,5779.1,1134,
2024-10-25 11:36:00+05:30,5779.95,5780,5775,5779,2412,
2024-10-25 11:37:00+05:30,5778.6,5779,5776.4,5777.75,716,
2024-10-25 11:38:00+05:30,5777.75,5778.95,5777.35,5778,825,
2024-10-25 11:39:00+05:30,5777.55,5780,5777.55,5780,262,
2024-10-25 11:40:00+05:30,5780,5780,5778.5,5778.5,664,
2024-10-25 11:41:00+05:30,5778.15,5779,5775.3,5775.95,733,
2024-10-25 11:42:00+05:30,5775.3,5780,5773,5779.5,1242,
2024-10-25 11:43:00+05:30,5779.5,5779.9,5773.8,5776.7,1605,
2024-10-25 11:44:00+05:30,5775.1,5775.1,5774.45,5774.45,696,
2024-10-25 11:45:00+05:30,5774.55,5776.5,5774.45,5775.85,1719,
2024-10-25 11:46:00+05:30,5775.8,5777.4,5774.2,5777.4,1315,
2024-10-25 11:47:00+05:30,5774.9,5778.1,5774.9,5776.55,874,
2024-10-25 11:48:00+05:30,5776.2,5779.6,5775,5778.15,1490,
2024-10-25 11:49:00+05:30,5778.15,5778.55,5775.55,5775.55,446,
2024-10-25 11:50:00+05:30,5775.55,5775.55,5772,5772.95,1189,
2024-10-25 11:51:00+05:30,5774.75,5774.95,5772.95,5773.95,688,
2024-10-25 11:52:00+05:30,5773.95,5775,5773.95,5774.15,767,
2024-10-25 11:53:00+05:30,5774.15,5775,5774.1,5774.85,946,
2024-10-25 11:54:00+05:30,5774.5,5774.9,5770.25,5772.9,1646,
2024-10-25 11:55:00+05:30,5772.9,5773.6,5772.9,5773,311,
2024-10-25 11:56:00+05:30,5773,5774.7,5770.95,5771,974,
2024-10-25 11:57:00+05:30,5771.05,5775,5771.05,5775,600,
2024-10-25 11:58:00+05:30,5775,5776,5774.1,5774.8,2463,
2024-10-25 11:59:00+05:30,5774.8,5775,5774.1,5774.5,868,
2024-10-25 12:00:00+05:30,5774.2,5782.55,5773,5773.25,4400,
2024-10-25 12:01:00+05:30,5770.55,5775,5770.45,5771.35,1306,
2024-10-25 12:02:00+05:30,5771.35,5774,5771.35,5773,927,
2024-10-25 12:03:00+05:30,5773,5773.15,5771.8,5773.15,363,
2024-10-25 12:04:00+05:30,5771.9,5773.7,5768.4,5770.4,2036,
2024-10-25 12:05:00+05:30,5770.4,5774.75,5770.35,5774.3,632,
2024-10-25 12:06:00+05:30,5774.3,5775,5773.95,5774.35,448,
2024-10-25 12:07:00+05:30,5774.25,5775,5774,5774.45,485,
2024-10-25 12:08:00+05:30,5774.45,5774.85,5773.6,5774.85,511,
2024-10-25 12:09:00+05:30,5773.75,5773.75,5772.1,5773.2,995,
2024-10-25 12:10:00+05:30,5773.2,5773.2,5770.2,5771.3,1728,
2024-10-25 12:11:00+05:30,5771.3,5775,5769.1,5772.95,988,
2024-10-25 12:12:00+05:30,5772.95,5774.9,5770.45,5771.7,1026,
2024-10-25 12:13:00+05:30,5771.7,5773.65,5771.65,5773.65,535,
2024-10-25 12:14:00+05:30,5773.65,5773.65,5771.85,5773.05,320,
2024-10-25 12:15:00+05:30,5773.05,5774,5768.2,5771.1,1766,
2024-10-25 12:16:00+05:30,5771.1,5772.45,5765.3,5771.45,2519,
2024-10-25 12:17:00+05:30,5771.45,5774,5769.55,5772.65,593,
2024-10-25 12:18:00+05:30,5772.65,5773.2,5768.35,5768.9,823,
2024-10-25 12:19:00+05:30,5768.9,5771.6,5768.9,5770.05,256,
2024-10-25 12:20:00+05:30,5770,5770.3,5767.75,5770.3,805,
2024-10-25 12:21:00+05:30,5770.3,5772,5769.65,5771.85,286,
2024-10-25 12:22:00+05:30,5771.85,5772,5771,5771.4,693,
2024-10-25 12:23:00+05:30,5771.05,5774.1,5771.05,5772.95,544,
2024-10-25 12:24:00+05:30,5772.95,5772.95,5764.2,5769.9,2577,
2024-10-25 12:25:00+05:30,5769.8,5769.95,5768.15,5769.95,989,
2024-10-25 12:26:00+05:30,5769.95,5770.75,5764.6,5769.4,1535,
2024-10-25 12:27:00+05:30,5769.35,5769.4,5764.55,5765.3,2041,
2024-10-25 12:28:00+05:30,5765.3,5768.55,5765.3,5767.85,442,
2024-10-25 12:29:00+05:30,5767.85,5775,5767.05,5773.45,584,
2024-10-25 12:30:00+05:30,5774.85,5775.8,5767.8,5767.8,3442,
2024-10-25 12:31:00+05:30,5767.8,5771.6,5767.4,5767.45,529,
2024-10-25 12:32:00+05:30,5767.45,5773.9,5767.3,5773.65,801,
2024-10-25 12:33:00+05:30,5771.95,5774.4,5768.55,5773.8,629,
2024-10-25 12:34:00+05:30,5773.8,5773.8,5770.55,5773.4,399,
2024-10-25 12:35:00+05:30,5773.4,5774.4,5770.45,5772.5,837,
2024-10-25 12:36:00+05:30,5770.3,5775,5770.3,5774.25,784,
2024-10-25 12:37:00+05:30,5774.2,5774.25,5771.65,5774.25,272,
2024-10-25 12:38:00+05:30,5774.55,5775,5773.75,5774.8,915,
2024-10-25 12:39:00+05:30,5774.8,5775,5773.75,5774.95,689,
2024-10-25 12:40:00+05:30,5774.8,5775,5772.8,5775,1102,
2024-10-25 12:41:00+05:30,5773.05,5775,5773.05,5773.45,641,
2024-10-25 12:42:00+05:30,5775,5776,5773.5,5776,1932,
2024-10-25 12:43:00+05:30,5776,5776,5773.5,5773.85,1510,
2024-10-25 12:44:00+05:30,5773.85,5775.45,5773.85,5775,600,
2024-10-25 12:45:00+05:30,5775,5775,5774.1,5775,1017,
2024-10-25 12:46:00+05:30,5775,5776.5,5774.8,5775,3471,
2024-10-25 12:47:00+05:30,5774.8,5775.5,5774.8,5774.9,1333,
2024-10-25 12:48:00+05:30,5775,5787.9,5774.9,5785.5,2230,
2024-10-25 12:49:00+05:30,5785.45,5787.85,5782.05,5787.85,825,
2024-10-25 12:50:00+05:30,5787.85,5787.85,5780.5,5781.95,356,
2024-10-25 12:51:00+05:30,5781.95,5787.7,5781.95,5787.7,871,
2024-10-25 12:52:00+05:30,5787.7,5789.1,5785.25,5787.7,697,
2024-10-25 12:53:00+05:30,5787.7,5787.7,5785.6,5785.6,311,
2024-10-25 12:54:00+05:30,5786.05,5788,5782.85,5788,1058,
2024-10-25 12:55:00+05:30,5786.8,5787.95,5778.4,5782.2,10616,
2024-10-25 12:56:00+05:30,5782.2,5787,5782.2,5787,1018,
2024-10-25 12:57:00+05:30,5787,5790.25,5786.6,5790.25,617,
2024-10-25 12:58:00+05:30,5790.25,5790.25,5789.9,5790.05,290,
2024-10-25 12:59:00+05:30,5790,5795.8,5790,5795.8,827,
2024-10-25 13:00:00+05:30,5795.8,5797.6,5791.55,5793.3,1103,
2024-10-25 13:01:00+05:30,5791.65,5795.95,5791.65,5794.95,192,
2024-10-25 13:02:00+05:30,5794.95,5797,5792.6,5793.35,908,
2024-10-25 13:03:00+05:30,5793.35,5797,5793.35,5796.95,526,
2024-10-25 13:04:00+05:30,5796.95,5798.3,5791.2,5792.3,3358,
2024-10-25 13:05:00+05:30,5791.2,5794,5791.2,5793.15,1019,
2024-10-25 13:06:00+05:30,5793.15,5794,5793.15,5794,1349,
2024-10-25 13:07:00+05:30,5793.9,5794,5793.85,5794,1055,
2024-10-25 13:08:00+05:30,5794,5794,5791.4,5792.7,2727,
2024-10-25 13:09:00+05:30,5791.4,5793,5786.45,5789.95,2472,
2024-10-25 13:10:00+05:30,5789.95,5793,5787.75,5789.95,1221,
2024-10-25 13:11:00+05:30,5788,5789.95,5779.55,5779.6,5110,
2024-10-25 13:12:00+05:30,5779.65,5788.45,5779.65,5780,3997,
2024-10-25 13:13:00+05:30,5782.75,5785.95,5779.95,5783.75,1484,
2024-10-25 13:14:00+05:30,5783.75,5785.95,5781.6,5781.6,1042,
2024-10-25 13:15:00+05:30,5781.6,5783.65,5779.9,5780.6,2375,
2024-10-25 13:16:00+05:30,5780.6,5786.2,5779.75,5780,2577,
2024-10-25 13:17:00+05:30,5780.2,5784.45,5777.25,5780,2485,
2024-10-25 13:18:00+05:30,5780,5780.05,5779.05,5779.2,1342,
2024-10-25 13:19:00+05:30,5779.2,5780,5778.75,5778.75,1075,
2024-10-25 13:20:00+05:30,5778.75,5780,5777.65,5777.85,1598,
2024-10-25 13:21:00+05:30,5777.85,5780,5772.2,5778,2082,
2024-10-25 13:22:00+05:30,5777.1,5787.2,5777.1,5780.35,68376,
2024-10-25 13:23:00+05:30,5780,5784,5775.35,5784,4636,
2024-10-25 13:24:00+05:30,5780,5780,5770.95,5779.5,47713,
2024-10-25 13:25:00+05:30,5778.35,5780,5774.55,5779.95,1421,
2024-10-25 13:26:00+05:30,5779.7,5780,5777.75,5778.4,3029,
2024-10-25 13:27:00+05:30,5778.4,5780,5778.35,5780,1342,
2024-10-25 13:28:00+05:30,5779.75,5780,5779.2,5779.95,1277,
2024-10-25 13:29:00+05:30,5779.95,5780,5776.9,5779.05,1721,
2024-10-25 13:30:00+05:30,5779.4,5780,5776.8,5780,1155,
2024-10-25 13:31:00+05:30,5779.95,5780.05,5779.5,5779.95,2616,
2024-10-25 13:32:00+05:30,5779.95,5780,5779.75,5780,1708,
2024-10-25 13:33:00+05:30,5779.95,5780.95,5779.95,5780,1765,
2024-10-25 13:34:00+05:30,5781,5782.5,5779.9,5780,9544,
2024-10-25 13:35:00+05:30,5780,5782.65,5779.95,5782.65,9795,
2024-10-25 13:36:00+05:30,5780,5782.5,5779.9,5780,3084,
2024-10-25 13:37:00+05:30,5780,5781.9,5779.95,5780,2076,
2024-10-25 13:38:00+05:30,5780,5790,5779.95,5780.5,3895,
2024-10-25 13:39:00+05:30,5780.4,5784.25,5779.55,5779.6,4203,
2024-10-25 13:40:00+05:30,5779.6,5780,5777.8,5779.1,2431,
2024-10-25 13:41:00+05:30,5779.5,5780,5777.65,5777.65,2977,
2024-10-25 13:42:00+05:30,5777.65,5780,5777.65,5779.95,1445,
2024-10-25 13:43:00+05:30,5779.95,5780,5779.95,5779.95,2173,
2024-10-25 13:44:00+05:30,5780,5780,5779.55,5779.8,3608,
2024-10-25 13:45:00+05:30,5779.5,5780,5776.05,5780,1590,
2024-10-25 13:46:00+05:30,5779.95,5780,5779.7,5779.95,1829,
2024-10-25 13:47:00+05:30,5779.95,5780,5775.95,5780,2151,
2024-10-25 13:48:00+05:30,5779.95,5779.95,5776.65,5779.9,1812,
2024-10-25 13:49:00+05:30,5779.95,5780,5778.95,5779.95,1778,
2024-10-25 13:50:00+05:30,5779.85,5780,5779.7,5780,1599,
2024-10-25 13:51:00+05:30,5779.95,5780,5777.05,5779.95,3131,
2024-10-25 13:52:00+05:30,5780,5780,5777.2,5780,2561,
2024-10-25 13:53:00+05:30,5779.85,5780,5779.85,5779.95,2003,
2024-10-25 13:54:00+05:30,5779.95,5780,5779.55,5779.55,2097,
2024-10-25 13:55:00+05:30,5779.6,5780,5779.5,5780,2272,
2024-10-25 13:56:00+05:30,5780,5780,5779.85,5779.95,2242,
2024-10-25 13:57:00+05:30,5779.95,5780,5775.9,5778.45,2542,
2024-10-25 13:58:00+05:30,5778.45,5779,5774.15,5778.95,2857,
2024-10-25 13:59:00+05:30,5779,5780,5778.9,5779.9,2103,
2024-10-25 14:00:00+05:30,5779.35,5780,5779.35,5779.95,2078,
2024-10-25 14:01:00+05:30,5780,5780,5778.8,5780,3754,
2024-10-25 14:02:00+05:30,5778.9,5780,5775.5,5779.25,2016,
2024-10-25 14:03:00+05:30,5777.95,5777.95,5773.55,5777,2076,
2024-10-25 14:04:00+05:30,5777,5777.5,5773.8,5776.2,2093,
2024-10-25 14:05:00+05:30,5776.2,5776.8,5771.75,5773.05,3329,
2024-10-25 14:06:00+05:30,5773.05,5775.45,5769.15,5774.25,3846,
2024-10-25 14:07:00+05:30,5774.25,5774.35,5771.4,5773.8,2060,
2024-10-25 14:08:00+05:30,5773.7,5777.2,5770.35,5774.75,2357,
2024-10-25 14:09:00+05:30,5774.75,5777.45,5774.75,5777.3,1507,
2024-10-25 14:10:00+05:30,5777.3,5777.3,5769.85,5773,2263,
2024-10-25 14:11:00+05:30,5773,5775.5,5769.75,5774.7,1814,
2024-10-25 14:12:00+05:30,5774.7,5776.95,5770.8,5773.8,1921,
2024-10-25 14:13:00+05:30,5773.8,5775,5772.2,5774.55,2093,
2024-10-25 14:14:00+05:30,5774.85,5774.85,5770.05,5774.6,2193,
2024-10-25 14:15:00+05:30,5774.6,5774.65,5769.7,5774,3002,
2024-10-25 14:16:00+05:30,5774,5775,5772.25,5774.75,1533,
2024-10-25 14:17:00+05:30,5774.7,5775,5772.45,5774.95,2364,
2024-10-25 14:18:00+05:30,5774.95,5775,5770.55,5775,4596,
2024-10-25 14:19:00+05:30,5774.2,5775.6,5770,5775.6,9003,
2024-10-25 14:20:00+05:30,5774.6,5777.35,5772.25,5776.75,2364,
2024-10-25 14:21:00+05:30,5776.75,5777.85,5770,5777.35,2799,
2024-10-25 14:22:00+05:30,5776.95,5778.45,5770.55,5774.95,3129,
2024-10-25 14:23:00+05:30,5774.95,5775,5772.4,5774.25,2656,
2024-10-25 14:24:00+05:30,5774.25,5774.25,5766.9,5772.95,4007,
2024-10-25 14:25:00+05:30,5772.95,5773.65,5766.75,5768.85,2640,
2024-10-25 14:26:00+05:30,5768.85,5772.65,5767.75,5772.2,2263,
2024-10-25 14:27:00+05:30,5772.2,5772.2,5770.3,5771.6,1580,
2024-10-25 14:28:00+05:30,5771.6,5771.65,5768,5771.35,2421,
2024-10-25 14:29:00+05:30,5770.5,5771.4,5769,5771.4,1641,
2024-10-25 14:30:00+05:30,5771.4,5771.4,5766.45,5770,2008,
2024-10-25 14:31:00+05:30,5769.9,5770.5,5769,5770.2,2400,
2024-10-25 14:32:00+05:30,5770.2,5770.2,5767.2,5769.1,2301,
2024-10-25 14:33:00+05:30,5769.05,5769.3,5768.85,5769,2148,
2024-10-25 14:34:00+05:30,5768.95,5773.7,5768.95,5772.05,2830,
2024-10-25 14:35:00+05:30,5772.05,5775,5770.4,5774.95,1628,
2024-10-25 14:36:00+05:30,5775,5775,5774.75,5775,2091,
2024-10-25 14:37:00+05:30,5775,5775,5774.75,5774.9,1801,
2024-10-25 14:38:00+05:30,5775,5777.4,5774.95,5777.35,3983,
2024-10-25 14:39:00+05:30,5777.35,5778,5774.45,5777.35,1990,
2024-10-25 14:40:00+05:30,5776.5,5777.4,5773.55,5777.2,1444,
2024-10-25 14:41:00+05:30,5777.2,5777.35,5772.6,5777.25,1780,
2024-10-25 14:42:00+05:30,5777.25,5779.6,5774.45,5777.3,1925,
2024-10-25 14:43:00+05:30,5777.35,5780,5773.1,5776.4,4595,
2024-10-25 14:44:00+05:30,5776.4,5780,5774.75,5780,5226,
2024-10-25 14:45:00+05:30,5780,5780.25,5779.55,5779.95,2085,
2024-10-25 14:46:00+05:30,5779.95,5780.7,5775,5777.5,7299,
2024-10-25 14:47:00+05:30,5777.55,5781.45,5777.55,5781.4,1496,
2024-10-25 14:48:00+05:30,5781.45,5781.45,5777.15,5779.9,1551,
2024-10-25 14:49:00+05:30,5779.55,5780,5777.45,5779.65,1876,
2024-10-25 14:50:00+05:30,5779.65,5788.15,5779.65,5785.75,5085,
2024-10-25 14:51:00+05:30,5785.75,5785.8,5775.85,5779.5,6265,
2024-10-25 14:52:00+05:30,5779.5,5782.85,5778.6,5779,2638,
2024-10-25 14:53:00+05:30,5779,5781.35,5777.8,5780,3444,
2024-10-25 14:54:00+05:30,5779.95,5780,5779.85,5779.9,2103,
2024-10-25 14:55:00+05:30,5779.95,5780,5777.6,5779.95,2146,
2024-10-25 14:56:00+05:30,5780,5780.4,5776,5778,6679,
2024-10-25 14:57:00+05:30,5778,5780,5777.35,5779.95,1954,
2024-10-25 14:58:00+05:30,5779.55,5779.95,5778.4,5779.95,2833,
2024-10-25 14:59:00+05:30,5779.85,5780,5779.6,5780,5447,
2024-10-25 15:00:00+05:30,5782,5784.6,5780.35,5781.2,7929,
2024-10-25 15:01:00+05:30,5780.6,5782,5777.95,5780,6069,
2024-10-25 15:02:00+05:30,5780,5780.35,5775,5775.3,15106,
2024-10-25 15:03:00+05:30,5775.1,5780,5775.1,5777.3,4033,
2024-10-25 15:04:00+05:30,5779.5,5779.6,5772.9,5774.5,6590,
2024-10-25 15:05:00+05:30,5774.45,5775.5,5774.45,5775.35,2924,
2024-10-25 15:06:00+05:30,5775.3,5779.85,5774.9,5778,5803,
2024-10-25 15:07:00+05:30,5778.6,5780,5777.4,5779.9,1106,
2024-10-25 15:08:00+05:30,5779.9,5779.9,5775,5776.9,4359,
2024-10-25 15:09:00+05:30,5777.35,5780,5776.85,5778.15,3207,
2024-10-25 15:10:00+05:30,5778.15,5779,5777.9,5777.9,2900,
2024-10-25 15:11:00+05:30,5777.9,5777.9,5776,5776.65,4085,
2024-10-25 15:12:00+05:30,5776.6,5780,5775.95,5779.95,4026,
2024-10-25 15:13:00+05:30,5779.95,5780,5779.55,5779.95,2537,
2024-10-25 15:14:00+05:30,5779.95,5780,5777.5,5778.15,4202,
2024-10-25 15:15:00+05:30,5779.45,5780.4,5776.3,5779.3,10493,
2024-10-25 15:16:00+05:30,5779.35,5780.25,5775.7,5779.7,7799,
2024-10-25 15:17:00+05:30,5779.75,5789.75,5779.6,5789,3448,
2024-10-25 15:18:00+05:30,5789.05,5795.35,5784.25,5793.6,3162,
2024-10-25 15:19:00+05:30,5793.6,5795.15,5787.5,5787.5,2747,
2024-10-25 15:20:00+05:30,5788.4,5791.25,5778.5,5780.95,20562,
2024-10-25 15:21:00+05:30,5783.4,5786.8,5781.45,5782.85,1769,
2024-10-25 15:22:00+05:30,5782.85,5785.75,5781.95,5785,2759,
2024-10-25 15:23:00+05:30,5785,5789.65,5784.15,5784.8,6205,
2024-10-25 15:24:00+05:30,5784.8,5794.7,5784,5793.4,4436,
2024-10-25 15:25:00+05:30,5793.45,5793.6,5782.45,5785.8,10229,
2024-10-25 15:26:00+05:30,5787.9,5787.9,5778.3,5781.85,9180,
2024-10-25 15:27:00+05:30,5782.25,5783.65,5774.3,5774.3,5935,
2024-10-25 15:28:00+05:30,5774.3,5776.95,5770.05,5775,2529,
2024-10-25 15:29:00+05:30,5775,5775,5770.15,5770.15,2946,
2024-10-28 09:15:00+05:30,5764.9,5811.95,5751.75,5801.95,3609,
2024-10-28 09:16:00+05:30,5801.85,5817.95,5793.55,5817.95,897,
2024-10-28 09:17:00+05:30,5817.95,5819.9,5803.55,5803.55,411,
2024-10-28 09:18:00+05:30,5803.65,5803.65,5782.7,5799.45,1234,
2024-10-28 09:19:00+05:30,5799.45,5803.85,5782.2,5783.45,766,
2024-10-28 09:20:00+05:30,5783.45,5786.35,5760.4,5774.8,1522,
2024-10-28 09:21:00+05:30,5775,5782.2,5773.5,5780.95,1547,
2024-10-28 09:22:00+05:30,5780.95,5785,5770,5780,1077,
2024-10-28 09:23:00+05:30,5782.9,5782.9,5770,5771.8,2237,
2024-10-28 09:24:00+05:30,5771.8,5778.05,5770,5773.95,1573,
2024-10-28 09:25:00+05:30,5773.95,5784.4,5771.5,5772.55,1238,
2024-10-28 09:26:00+05:30,5771.3,5771.3,5759.85,5767.75,843,
2024-10-28 09:27:00+05:30,5767.75,5767.75,5755.55,5756.8,324,
2024-10-28 09:28:00+05:30,5756,5758.35,5748.35,5755.8,699,
2024-10-28 09:29:00+05:30,5755.8,5756.8,5749.8,5752.8,512,
2024-10-28 09:30:00+05:30,5752.8,5759.45,5731.7,5735.35,2436,
2024-10-28 09:31:00+05:30,5734.1,5743.45,5731.7,5739.2,1053,
2024-10-28 09:32:00+05:30,5735.3,5754.8,5735.3,5737,1440,
2024-10-28 09:33:00+05:30,5737,5738,5726.1,5726.2,944,
2024-10-28 09:34:00+05:30,5726.2,5728.2,5715.3,5719,1838,
2024-10-28 09:35:00+05:30,5719,5724.6,5712,5722.6,1655,
2024-10-28 09:36:00+05:30,5722.6,5726.9,5717.1,5720.3,829,
2024-10-28 09:37:00+05:30,5720.3,5720.3,5707.8,5717.65,1336,
2024-10-28 09:38:00+05:30,5717.65,5719.6,5712.45,5712.45,774,
2024-10-28 09:39:00+05:30,5712,5719.75,5711.65,5715.35,1149,
2024-10-28 09:40:00+05:30,5715.35,5724.7,5715.05,5718.45,642,
2024-10-28 09:41:00+05:30,5718.45,5729.3,5716,5721.3,1873,
2024-10-28 09:42:00+05:30,5721.85,5733.6,5721.85,5733.6,499,
2024-10-28 09:43:00+05:30,5733.6,5733.6,5722.45,5722.6,418,
2024-10-28 09:44:00+05:30,5722.6,5726.65,5712.8,5712.8,649,
2024-10-28 09:45:00+05:30,5712.75,5717.9,5710.7,5713.25,871,
2024-10-28 09:46:00+05:30,5713.25,5724.35,5713.25,5721.35,704,
2024-10-28 09:47:00+05:30,5721.35,5732.2,5718.9,5730.3,2220,
2024-10-28 09:48:00+05:30,5730,5733,5721.7,5721.7,302,
2024-10-28 09:49:00+05:30,5721.7,5726.4,5717.4,5717.95,396,
2024-10-28 09:50:00+05:30,5717.95,5721.4,5713.05,5713.15,661,
2024-10-28 09:51:00+05:30,5718.6,5723.3,5715.8,5720.05,772,
2024-10-28 09:52:00+05:30,5720.05,5733,5720.05,5731.2,578,
2024-10-28 09:53:00+05:30,5728.8,5741.7,5723.45,5739.7,1505,
2024-10-28 09:54:00+05:30,5736.75,5747.7,5736,5739.8,1143,
2024-10-28 09:55:00+05:30,5739.8,5742.15,5736.1,5738.85,229,
2024-10-28 09:56:00+05:30,5738.85,5742.7,5737,5739.5,545,
2024-10-28 09:57:00+05:30,5741.45,5755.85,5741.05,5752.7,532,
2024-10-28 09:58:00+05:30,5752.7,5756.85,5750.3,5752.1,905,
2024-10-28 09:59:00+05:30,5752,5753.3,5742.35,5745.4,840,
2024-10-28 10:00:00+05:30,5745.85,5760,5745.85,5745.85,2802,
2024-10-28 10:01:00+05:30,5745.85,5747.65,5737.25,5741.95,448,
2024-10-28 10:02:00+05:30,5741.95,5741.95,5720.65,5727.8,2777,
2024-10-28 10:03:00+05:30,5727.8,5729.7,5722.8,5729.7,725,
2024-10-28 10:04:00+05:30,5729.7,5733.05,5725.75,5730.5,1176,
2024-10-28 10:05:00+05:30,5727.3,5733,5726.55,5730,746,
2024-10-28 10:06:00+05:30,5735,5743.4,5730.05,5741.85,1445,
2024-10-28 10:07:00+05:30,5741.85,5744.35,5735,5735.45,674,
2024-10-28 10:08:00+05:30,5733,5733.7,5729.3,5730.3,497,
2024-10-28 10:09:00+05:30,5730.3,5740.55,5729,5740.55,556,
2024-10-28 10:10:00+05:30,5740.55,5740.55,5732.85,5734.35,609,
2024-10-28 10:11:00+05:30,5734.35,5734.35,5728.65,5732.45,457,
2024-10-28 10:12:00+05:30,5732.45,5740.1,5730.15,5738.15,210,
2024-10-28 10:13:00+05:30,5738.15,5747,5738.15,5747,104,
2024-10-28 10:14:00+05:30,5747,5754.35,5747,5750.55,397,
2024-10-28 10:15:00+05:30,5750.55,5763.4,5750.55,5762.85,987,
2024-10-28 10:16:00+05:30,5762.85,5770,5759.6,5770,1015,
2024-10-28 10:17:00+05:30,5770,5773.45,5765.2,5768.2,955,
2024-10-28 10:18:00+05:30,5768.2,5775,5765.75,5775,652,
2024-10-28 10:19:00+05:30,5775,5775,5766.5,5771.45,282,
2024-10-28 10:20:00+05:30,5771.45,5773.6,5766.3,5767.5,384,
2024-10-28 10:21:00+05:30,5767.5,5773.1,5767.05,5771.15,532,
2024-10-28 10:22:00+05:30,5771.15,5774.15,5767.9,5771.4,498,
2024-10-28 10:23:00+05:30,5771.4,5773.1,5768.05,5768.75,505,
2024-10-28 10:24:00+05:30,5768.75,5770.9,5767,5767.2,213,
2024-10-28 10:25:00+05:30,5767.2,5775.9,5764.55,5764.95,1720,
2024-10-28 10:26:00+05:30,5764.95,5771.9,5764.95,5768.1,261,
2024-10-28 10:27:00+05:30,5768.1,5769.1,5764.95,5768.5,316,
2024-10-28 10:28:00+05:30,5768.5,5769.75,5764.95,5765.45,332,
2024-10-28 10:29:00+05:30,5768.65,5768.65,5758.75,5760.3,738,
2024-10-28 10:30:00+05:30,5762.3,5765,5760.3,5763.05,153,
2024-10-28 10:31:00+05:30,5763.2,5771,5763.2,5768.5,283,
2024-10-28 10:32:00+05:30,5768.5,5768.65,5763.2,5764.7,202,
2024-10-28 10:33:00+05:30,5766.5,5767.8,5762.3,5763.65,1044,
2024-10-28 10:34:00+05:30,5763.65,5772.4,5763.65,5770.85,137,
2024-10-28 10:35:00+05:30,5770.85,5779.95,5770.85,5778.2,375,
2024-10-28 10:36:00+05:30,5778.2,5780.25,5772.55,5778,798,
2024-10-28 10:37:00+05:30,5778,5783,5776.6,5782.7,926,
2024-10-28 10:38:00+05:30,5782.7,5787.65,5781.55,5782.8,1163,
2024-10-28 10:39:00+05:30,5786.45,5791,5782.95,5791,376,
2024-10-28 10:40:00+05:30,5791,5793,5787.05,5789.4,636,
2024-10-28 10:41:00+05:30,5790.95,5793.05,5782.25,5782.5,1641,
2024-10-28 10:42:00+05:30,5782.5,5783.4,5779.3,5783.4,688,
2024-10-28 10:43:00+05:30,5783.4,5784.05,5780.05,5784.05,609,
2024-10-28 10:44:00+05:30,5784.05,5788.8,5783.05,5788,333,
2024-10-28 10:45:00+05:30,5786.45,5786.45,5776.4,5779.75,1198,
2024-10-28 10:46:00+05:30,5779.75,5779.75,5775.75,5775.75,106,
2024-10-28 10:47:00+05:30,5775.75,5779.5,5775.75,5777.35,298,
2024-10-28 10:48:00+05:30,5779.7,5780,5777.5,5777.5,180,
2024-10-28 10:49:00+05:30,5777.5,5781.6,5766.25,5768.25,2063,
2024-10-28 10:50:00+05:30,5770,5772.95,5762.05,5765.7,2608,
2024-10-28 10:51:00+05:30,5765.7,5768.9,5764,5765,933,
2024-10-28 10:52:00+05:30,5765,5766.85,5759.8,5760,916,
2024-10-28 10:53:00+05:30,5762.1,5762.1,5753.85,5761.75,1077,
2024-10-28 10:54:00+05:30,5761.75,5764.15,5759.15,5759.9,463,
2024-10-28 10:55:00+05:30,5759.9,5763.95,5759.9,5760,478,
2024-10-28 10:56:00+05:30,5760,5761.7,5753.3,5757.1,464,
2024-10-28 10:57:00+05:30,5757.1,5763.35,5757.1,5760.75,709,
2024-10-28 10:58:00+05:30,5760.75,5764,5759.25,5764,723,
2024-10-28 10:59:00+05:30,5760.1,5774.65,5759.25,5774.65,4014,
2024-10-28 11:00:00+05:30,5774.65,5780,5771.95,5774.15,673,
2024-10-28 11:01:00+05:30,5774.15,5775.75,5764.75,5764.75,470,
2024-10-28 11:02:00+05:30,5764.75,5767.6,5750.7,5764.75,10787,
2024-10-28 11:03:00+05:30,5764.75,5764.75,5756.9,5757.05,527,
2024-10-28 11:04:00+05:30,5757.05,5761.8,5755.8,5756.8,259,
2024-10-28 11:05:00+05:30,5756.8,5765.9,5756.8,5762.6,449,
2024-10-28 11:06:00+05:30,5762.6,5766.6,5762,5765,1930,
2024-10-28 11:07:00+05:30,5765,5765,5755.1,5755.8,2008,
2024-10-28 11:08:00+05:30,5755.8,5759,5755,5758,1760,
2024-10-28 11:09:00+05:30,5758,5761,5756.1,5759.3,2874,
2024-10-28 11:10:00+05:30,5759.3,5759.3,5752.25,5755,2284,
2024-10-28 11:11:00+05:30,5758.95,5764.95,5757,5764.8,596,
2024-10-28 11:12:00+05:30,5764.8,5764.8,5759.65,5760.2,168,
2024-10-28 11:13:00+05:30,5760.2,5763,5754.25,5760.6,384,
2024-10-28 11:14:00+05:30,5762.95,5763,5758.65,5759.55,387,
2024-10-28 11:15:00+05:30,5762.85,5765,5762.4,5764.6,1603,
2024-10-28 11:16:00+05:30,5764.6,5769,5761.3,5767.9,747,
2024-10-28 11:17:00+05:30,5767.9,5772.85,5766.3,5766.75,625,
2024-10-28 11:18:00+05:30,5766.65,5766.65,5762.4,5762.4,1097,
2024-10-28 11:19:00+05:30,5762.4,5764.7,5760.8,5761.05,584,
2024-10-28 11:20:00+05:30,5761.05,5765.95,5761.05,5765.95,1074,
2024-10-28 11:21:00+05:30,5765.95,5766,5762.65,5766,383,
2024-10-28 11:22:00+05:30,5766,5768,5763.4,5768,1650,
2024-10-28 11:23:00+05:30,5768,5771,5764.45,5765.9,2376,
2024-10-28 11:24:00+05:30,5765.9,5767.3,5763.65,5766,274,
2024-10-28 11:25:00+05:30,5766,5766,5760.05,5765.75,458,
2024-10-28 11:26:00+05:30,5765.75,5766.35,5763.5,5765.3,501,
2024-10-28 11:27:00+05:30,5765.3,5768.7,5764.7,5768.7,381,
2024-10-28 11:28:00+05:30,5768.7,5769,5765.85,5766,178,
2024-10-28 11:29:00+05:30,5766,5769,5766,5766.35,293,
2024-10-28 11:30:00+05:30,5766.35,5766.35,5762.05,5765.1,181,
2024-10-28 11:31:00+05:30,5765.1,5767.1,5762.1,5764.8,834,
2024-10-28 11:32:00+05:30,5764.8,5767.95,5762.75,5767.95,681,
2024-10-28 11:33:00+05:30,5766.85,5769.9,5763.05,5764.05,578,
2024-10-28 11:34:00+05:30,5764.05,5766,5760.6,5760.6,463,
2024-10-28 11:35:00+05:30,5760.6,5765,5760.6,5763,276,
2024-10-28 11:36:00+05:30,5763,5764.1,5757,5760.75,665,
2024-10-28 11:37:00+05:30,5760.75,5760.75,5757,5757,195,
2024-10-28 11:38:00+05:30,5757,5757,5754,5754,388,
2024-10-28 11:39:00+05:30,5754,5757,5754,5757,972,
2024-10-28 11:40:00+05:30,5757,5759.55,5756.05,5759.55,429,
2024-10-28 11:41:00+05:30,5759.55,5759.55,5750,5751.25,1504,
2024-10-28 11:42:00+05:30,5751.25,5755.15,5750.15,5750.15,822,
2024-10-28 11:43:00+05:30,5750.15,5754.95,5750,5752.35,1024,
2024-10-28 11:44:00+05:30,5752.35,5752.35,5749.7,5749.7,370,
2024-10-28 11:45:00+05:30,5748.85,5748.85,5740.05,5742.1,686,
2024-10-28 11:46:00+05:30,5742.1,5744.75,5740.75,5744,340,
2024-10-28 11:47:00+05:30,5744,5747.65,5742.45,5747.55,410,
2024-10-28 11:48:00+05:30,5745.35,5747.3,5740,5742.55,721,
2024-10-28 11:49:00+05:30,5742.55,5746.9,5742.55,5744,783,
2024-10-28 11:50:00+05:30,5745.85,5746.45,5742.25,5742.3,243,
2024-10-28 11:51:00+05:30,5742.3,5744.05,5735.4,5735.4,592,
2024-10-28 11:52:00+05:30,5735.4,5738.35,5732.3,5734.1,892,
2024-10-28 11:53:00+05:30,5734.1,5735.8,5730.35,5732,488,
2024-10-28 11:54:00+05:30,5732,5738.95,5731.9,5736.6,731,
2024-10-28 11:55:00+05:30,5738.65,5742.55,5736,5737.7,1233,
2024-10-28 11:56:00+05:30,5738.2,5738.2,5729.65,5730.25,1213,
2024-10-28 11:57:00+05:30,5730.3,5734.7,5729.3,5731.35,710,
2024-10-28 11:58:00+05:30,5731.3,5732.3,5728.25,5728.8,701,
2024-10-28 11:59:00+05:30,5728.8,5732.95,5728.75,5730.4,426,
2024-10-28 12:00:00+05:30,5730.4,5732.65,5729.25,5730,327,
2024-10-28 12:01:00+05:30,5730,5734.65,5730,5731.6,293,
2024-10-28 12:02:00+05:30,5731.6,5733.8,5730.4,5730.8,341,
2024-10-28 12:03:00+05:30,5730.8,5740.95,5730.8,5738,521,
2024-10-28 12:04:00+05:30,5738,5741.8,5736.95,5740,813,
2024-10-28 12:05:00+05:30,5740,5747.9,5740,5741,651,
2024-10-28 12:06:00+05:30,5741,5742.7,5734,5735.2,402,
2024-10-28 12:07:00+05:30,5735.5,5739.4,5732.75,5732.8,315,
2024-10-28 12:08:00+05:30,5732.8,5738.95,5732.8,5735.85,400,
2024-10-28 12:09:00+05:30,5740,5747.5,5740,5745.05,486,
2024-10-28 12:10:00+05:30,5747.4,5750.85,5745.55,5750,405,
2024-10-28 12:11:00+05:30,5750,5752,5748.4,5750.1,337,
2024-10-28 12:12:00+05:30,5750.1,5756.95,5750,5756.95,439,
2024-10-28 12:13:00+05:30,5756.95,5757.4,5752,5756.3,3062,
2024-10-28 12:14:00+05:30,5756.3,5766.35,5756.3,5759.05,723,
2024-10-28 12:15:00+05:30,5759.05,5763.75,5758.05,5760.2,383,
2024-10-28 12:16:00+05:30,5762.85,5774.95,5760.15,5765,2924,
2024-10-28 12:17:00+05:30,5765,5765,5751.9,5752,3152,
2024-10-28 12:18:00+05:30,5752,5754.6,5747.55,5748.25,1228,
2024-10-28 12:19:00+05:30,5748.25,5755,5748.25,5755,290,
2024-10-28 12:20:00+05:30,5755,5755,5752,5754.9,240,
2024-10-28 12:21:00+05:30,5754.9,5760,5754.55,5757,2161,
2024-10-28 12:22:00+05:30,5757,5760,5755,5759.75,1303,
2024-10-28 12:23:00+05:30,5759.75,5762.85,5757.05,5759.4,509,
2024-10-28 12:24:00+05:30,5759.4,5761.35,5758,5758.05,1247,
2024-10-28 12:25:00+05:30,5758.05,5768.2,5758,5763.9,5191,
2024-10-28 12:26:00+05:30,5763.9,5768,5759.85,5768,2954,
2024-10-28 12:27:00+05:30,5768,5774.7,5764.95,5771,2784,
2024-10-28 12:28:00+05:30,5770.75,5771,5768.05,5771,558,
2024-10-28 12:29:00+05:30,5771,5780,5771,5775,724,
2024-10-28 12:30:00+05:30,5775,5776.45,5775,5775,367,
2024-10-28 12:31:00+05:30,5775,5776.15,5770.1,5775,1171,
2024-10-28 12:32:00+05:30,5775,5785,5775,5775.2,1246,
2024-10-28 12:33:00+05:30,5775.2,5780.2,5773.75,5775.6,463,
2024-10-28 12:34:00+05:30,5775.6,5778.2,5770.1,5770.4,1643,
2024-10-28 12:35:00+05:30,5771,5774,5766.15,5770,7641,
2024-10-28 12:36:00+05:30,5769.95,5779.25,5769.95,5776.25,2135,
2024-10-28 12:37:00+05:30,5776.25,5779.4,5774.5,5777.8,313,
2024-10-28 12:38:00+05:30,5777.8,5777.8,5769.85,5774.4,1322,
2024-10-28 12:39:00+05:30,5771.6,5783.65,5771.6,5777.45,3790,
2024-10-28 12:40:00+05:30,5779.2,5783.5,5774.85,5775.1,2971,
2024-10-28 12:41:00+05:30,5775.1,5776.2,5769.4,5770,2394,
2024-10-28 12:42:00+05:30,5769.4,5770.15,5767.35,5768.6,726,
2024-10-28 12:43:00+05:30,5768.6,5771.35,5768.1,5771.35,185,
2024-10-28 12:44:00+05:30,5771.35,5773.7,5768.95,5770.55,173,
2024-10-28 12:45:00+05:30,5769.5,5772.25,5765,5767.75,396,
2024-10-28 12:46:00+05:30,5767.9,5774.1,5767.9,5771.85,348,
2024-10-28 12:47:00+05:30,5769.35,5773.95,5769.3,5773.95,421,
2024-10-28 12:48:00+05:30,5773.95,5773.95,5770,5771.4,116,
2024-10-28 12:49:00+05:30,5771.4,5771.95,5767.1,5771.2,751,
2024-10-28 12:50:00+05:30,5771.2,5771.35,5765.35,5767.3,537,
2024-10-28 12:51:00+05:30,5767.3,5770.9,5767.3,5769,204,
2024-10-28 12:52:00+05:30,5769,5774.9,5769,5773.05,745,
2024-10-28 12:53:00+05:30,5773.5,5774.65,5770.05,5770.4,175,
2024-10-28 12:54:00+05:30,5770.4,5774.2,5769.5,5771.4,706,
2024-10-28 12:55:00+05:30,5771.4,5773.35,5770,5772.75,241,
2024-10-28 12:56:00+05:30,5772.75,5775,5770.25,5772.15,651,
2024-10-28 12:57:00+05:30,5774.65,5774.75,5771.45,5774.25,343,
2024-10-28 12:58:00+05:30,5774.3,5775,5771.15,5772.85,565,
2024-10-28 12:59:00+05:30,5775,5775,5772.4,5774,1696,
2024-10-28 13:00:00+05:30,5775,5775.2,5774,5775,135,
2024-10-28 13:01:00+05:30,5775,5777.45,5773.55,5774.25,618,
2024-10-28 13:02:00+05:30,5774.25,5776.85,5769.45,5769.5,414,
2024-10-28 13:03:00+05:30,5769.5,5772.7,5769.15,5772.7,861,
2024-10-28 13:04:00+05:30,5772.7,5773.4,5768.45,5768.45,313,
2024-10-28 13:05:00+05:30,5768.45,5771.6,5767.75,5771.15,339,
2024-10-28 13:06:00+05:30,5771.15,5772.8,5768.35,5769.1,523,
2024-10-28 13:07:00+05:30,5769.1,5771.85,5768.5,5771.4,295,
2024-10-28 13:08:00+05:30,5771.4,5771.95,5767.55,5767.65,579,
2024-10-28 13:09:00+05:30,5767.7,5773.45,5767.55,5767.6,650,
2024-10-28 13:10:00+05:30,5767.6,5773.95,5767.45,5773.25,606,
2024-10-28 13:11:00+05:30,5773.25,5773.6,5768.1,5772.3,851,
2024-10-28 13:12:00+05:30,5773.7,5774,5768.1,5770,445,
2024-10-28 13:13:00+05:30,5770,5770,5766.7,5766.8,783,
2024-10-28 13:14:00+05:30,5766.8,5767.9,5762.5,5765,1972,
2024-10-28 13:15:00+05:30,5767.75,5769.25,5762.9,5769.25,1090,
2024-10-28 13:16:00+05:30,5769.25,5773.2,5767.45,5772,211,
2024-10-28 13:17:00+05:30,5773.9,5775.1,5770.35,5774.25,254,
2024-10-28 13:18:00+05:30,5774.25,5774.5,5770.2,5771.7,324,
2024-10-28 13:19:00+05:30,5771.7,5775.75,5770.85,5773,496,
2024-10-28 13:20:00+05:30,5773,5777.9,5771.85,5777,515,
2024-10-28 13:21:00+05:30,5775.4,5777,5775.3,5775.3,408,
2024-10-28 13:22:00+05:30,5777,5777.5,5775,5777.15,589,
2024-10-28 13:23:00+05:30,5774.2,5777.25,5773.45,5776.95,323,
2024-10-28 13:24:00+05:30,5776.95,5777.65,5775.5,5777.3,954,
2024-10-28 13:25:00+05:30,5777.3,5781.4,5775.7,5777.35,1152,
2024-10-28 13:26:00+05:30,5777.35,5779,5773.1,5775.05,596,
2024-10-28 13:27:00+05:30,5775.05,5777.35,5771.1,5773.4,373,
2024-10-28 13:28:00+05:30,5773.4,5774.8,5769.6,5772.65,647,
2024-10-28 13:29:00+05:30,5772.65,5775,5770.7,5774.1,269,
2024-10-28 13:30:00+05:30,5774.9,5777.4,5771.8,5774.45,804,
2024-10-28 13:31:00+05:30,5775,5777.3,5772.5,5772.8,177,
2024-10-28 13:32:00+05:30,5772.8,5776.25,5772.2,5775.2,332,
2024-10-28 13:33:00+05:30,5775.2,5775.25,5772.8,5775.25,252,
2024-10-28 13:34:00+05:30,5775.25,5782.7,5774.5,5782.7,1959,
2024-10-28 13:35:00+05:30,5782.7,5792.7,5782.25,5790.7,693,
2024-10-28 13:36:00+05:30,5790.7,5793.8,5786.1,5790,449,
2024-10-28 13:37:00+05:30,5790,5792.45,5787.6,5788.4,198,
2024-10-28 13:38:00+05:30,5788.4,5792.05,5788.4,5789.8,232,
2024-10-28 13:39:00+05:30,5789.8,5792.05,5788.95,5789.35,559,
2024-10-28 13:40:00+05:30,5789.35,5796.1,5789.05,5796.1,289,
2024-10-28 13:41:00+05:30,5796.6,5799.45,5795.75,5795.9,525,
2024-10-28 13:42:00+05:30,5798.45,5800,5795.7,5797.15,907,
2024-10-28 13:43:00+05:30,5797.15,5806.3,5797.15,5806.3,745,
2024-10-28 13:44:00+05:30,5806.3,5806.3,5799.7,5804,681,
2024-10-28 13:45:00+05:30,5803,5808,5802,5802.3,581,
2024-10-28 13:46:00+05:30,5802.3,5807.2,5800,5806.4,925,
2024-10-28 13:47:00+05:30,5806.7,5811,5805.75,5810,575,
2024-10-28 13:48:00+05:30,5810,5810,5806.9,5807.5,172,
2024-10-28 13:49:00+05:30,5807.5,5810.85,5806.35,5809.55,305,
2024-10-28 13:50:00+05:30,5809.55,5814,5807.9,5813.3,527,
2024-10-28 13:51:00+05:30,5813.3,5813.3,5806.5,5809.35,722,
2024-10-28 13:52:00+05:30,5809.35,5809.35,5798.1,5801.65,923,
2024-10-28 13:53:00+05:30,5801.65,5804.95,5796.45,5802.95,818,
2024-10-28 13:54:00+05:30,5802.95,5802.95,5796.25,5797,278,
2024-10-28 13:55:00+05:30,5797,5799.45,5794.05,5797.6,301,
2024-10-28 13:56:00+05:30,5797.6,5797.6,5793.9,5794.05,220,
2024-10-28 13:57:00+05:30,5794.05,5804.75,5794,5801.4,1194,
2024-10-28 13:58:00+05:30,5803.85,5807.9,5801.8,5802.85,710,
2024-10-28 13:59:00+05:30,5805.75,5806.05,5800,5800,332,
2024-10-28 14:00:00+05:30,5800,5807.15,5799.8,5804.25,991,
2024-10-28 14:01:00+05:30,5807.3,5810,5805.1,5805.55,675,
2024-10-28 14:02:00+05:30,5805.55,5810,5800,5808.6,1314,
2024-10-28 14:03:00+05:30,5809.85,5810.8,5804.4,5805.9,540,
2024-10-28 14:04:00+05:30,5805.9,5807.95,5803.25,5805.85,314,
2024-10-28 14:05:00+05:30,5805.85,5809.95,5802.7,5802.75,625,
2024-10-28 14:06:00+05:30,5801.3,5807.8,5801,5803.6,4919,
2024-10-28 14:07:00+05:30,5806,5806,5795,5797.25,2507,
2024-10-28 14:08:00+05:30,5797.25,5805,5793.5,5803.45,1399,
2024-10-28 14:09:00+05:30,5803.45,5806.7,5800.65,5804.25,600,
2024-10-28 14:10:00+05:30,5804.25,5805.35,5801.3,5802.5,446,
2024-10-28 14:11:00+05:30,5802.5,5802.5,5792.25,5796.1,11898,
2024-10-28 14:12:00+05:30,5796.1,5803.5,5796.1,5802.6,482,
2024-10-28 14:13:00+05:30,5802.6,5806.15,5801,5802.7,307,
2024-10-28 14:14:00+05:30,5805.75,5805.75,5793.6,5797.95,6161,
2024-10-28 14:15:00+05:30,5799.8,5802,5797.25,5797.25,3375,
2024-10-28 14:16:00+05:30,5797.25,5804.9,5796.65,5803.25,3205,
2024-10-28 14:17:00+05:30,5803.25,5807.1,5801.45,5803.25,589,
2024-10-28 14:18:00+05:30,5802.75,5806.4,5802.15,5802.4,136,
2024-10-28 14:19:00+05:30,5802.4,5806.15,5802.4,5803.2,263,
2024-10-28 14:20:00+05:30,5803.2,5808.45,5800.5,5806.6,481,
2024-10-28 14:21:00+05:30,5806.6,5806.85,5803,5805,454,
2024-10-28 14:22:00+05:30,5805,5808.2,5803.4,5804.95,589,
2024-10-28 14:23:00+05:30,5804.95,5805.45,5800.3,5804.05,384,
2024-10-28 14:24:00+05:30,5804.05,5809,5804.05,5809,634,
2024-10-28 14:25:00+05:30,5809,5810,5805.4,5805.45,263,
2024-10-28 14:26:00+05:30,5805.45,5809,5804.1,5804.1,336,
2024-10-28 14:27:00+05:30,5803.55,5808.2,5803.3,5804.6,316,
2024-10-28 14:28:00+05:30,5804.6,5809.5,5804.6,5806.1,637,
2024-10-28 14:29:00+05:30,5806.1,5809.2,5805.05,5805.6,141,
2024-10-28 14:30:00+05:30,5805.6,5812.25,5805,5811.2,613,
2024-10-28 14:31:00+05:30,5812.4,5814.8,5810.15,5813.65,666,
2024-10-28 14:32:00+05:30,5813.65,5814.5,5810.15,5813.6,1773,
2024-10-28 14:33:00+05:30,5814.55,5820.45,5814.55,5815.55,1583,
2024-10-28 14:34:00+05:30,5815.55,5816,5809.75,5810.65,421,
2024-10-28 14:35:00+05:30,5810.65,5816.95,5810.25,5812.55,741,
2024-10-28 14:36:00+05:30,5812.55,5818.7,5812.55,5814.1,505,
2024-10-28 14:37:00+05:30,5816.95,5824.85,5815.5,5824.8,1193,
2024-10-28 14:38:00+05:30,5825,5827.25,5820,5820.4,1102,
2024-10-28 14:39:00+05:30,5823.45,5826.8,5822.2,5824.95,398,
2024-10-28 14:40:00+05:30,5824.95,5826.8,5822.7,5823.4,175,
2024-10-28 14:41:00+05:30,5823.4,5831.95,5823.4,5827.65,658,
2024-10-28 14:42:00+05:30,5827.65,5831.2,5823.6,5823.65,1015,
2024-10-28 14:43:00+05:30,5823.65,5828.4,5820.85,5828.4,1026,
2024-10-28 14:44:00+05:30,5828.4,5830.8,5826.3,5827.7,493,
2024-10-28 14:45:00+05:30,5827.7,5833.05,5827,5830.7,728,
2024-10-28 14:46:00+05:30,5833.7,5846.95,5828.05,5842.2,2023,
2024-10-28 14:47:00+05:30,5843.9,5850,5840.95,5847.2,1917,
2024-10-28 14:48:00+05:30,5849.7,5849.95,5841.1,5842.8,1626,
2024-10-28 14:49:00+05:30,5842.8,5844.85,5836.85,5838,955,
2024-10-28 14:50:00+05:30,5838,5839.45,5835.6,5838,550,
2024-10-28 14:51:00+05:30,5838,5841,5834.1,5834.1,788,
2024-10-28 14:52:00+05:30,5834.1,5840,5833.5,5838,803,
2024-10-28 14:53:00+05:30,5838,5840,5834,5837,564,
2024-10-28 14:54:00+05:30,5834.05,5837.3,5831.3,5832.7,579,
2024-10-28 14:55:00+05:30,5834.2,5836.45,5831.05,5834.2,637,
2024-10-28 14:56:00+05:30,5834.2,5839.95,5833,5838,1159,
2024-10-28 14:57:00+05:30,5839.85,5840,5835.3,5837.95,350,
2024-10-28 14:58:00+05:30,5837.95,5838.2,5835,5836.15,510,
2024-10-28 14:59:00+05:30,5836.15,5839.9,5835.8,5837.5,213,
2024-10-28 15:00:00+05:30,5834.9,5836.65,5810.1,5813,4716,
2024-10-28 15:01:00+05:30,5813,5821.35,5806.05,5807.2,2417,
2024-10-28 15:02:00+05:30,5806.8,5816.2,5805.75,5807.9,2676,
2024-10-28 15:03:00+05:30,5810,5810.3,5806.05,5807.2,1518,
2024-10-28 15:04:00+05:30,5807.2,5812.8,5807.2,5808.65,1689,
2024-10-28 15:05:00+05:30,5808.65,5815,5805.4,5808.45,1823,
2024-10-28 15:06:00+05:30,5808.45,5814.6,5805.05,5809.8,1312,
2024-10-28 15:07:00+05:30,5812.4,5814.9,5807.4,5809.2,1160,
2024-10-28 15:08:00+05:30,5809.2,5811.1,5807.5,5810.2,1044,
2024-10-28 15:09:00+05:30,5810.3,5810.3,5803.05,5803.05,1396,
2024-10-28 15:10:00+05:30,5803.05,5805.3,5800.4,5801.85,2029,
2024-10-28 15:11:00+05:30,5801.9,5803.9,5800,5800,2088,
2024-10-28 15:12:00+05:30,5800,5803.35,5800,5802.25,1457,
2024-10-28 15:13:00+05:30,5802.25,5803.9,5800,5803.75,1244,
2024-10-28 15:14:00+05:30,5803.9,5805.55,5802.8,5805.4,1072,
2024-10-28 15:15:00+05:30,5805.4,5809.5,5804.15,5808.05,2888,
2024-10-28 15:16:00+05:30,5808.55,5808.55,5804,5804.5,668,
2024-10-28 15:17:00+05:30,5804.85,5805.65,5800,5805.65,2313,
2024-10-28 15:18:00+05:30,5805.65,5809,5804.25,5808.1,1227,
2024-10-28 15:19:00+05:30,5808.15,5810.95,5804.8,5807.4,2729,
2024-10-28 15:20:00+05:30,5807.4,5815.35,5807.4,5814.75,2904,
2024-10-28 15:21:00+05:30,5814.75,5819.95,5814.45,5819.95,3046,
2024-10-28 15:22:00+05:30,5822.3,5823,5814.8,5817.95,5003,
2024-10-28 15:23:00+05:30,5820,5831.4,5820,5829.7,1940,
2024-10-28 15:24:00+05:30,5829.7,5831.3,5824.6,5827.8,2938,
2024-10-28 15:25:00+05:30,5827.8,5831.85,5826.2,5829.65,1128,
2024-10-28 15:26:00+05:30,5829.65,5829.65,5820.85,5823.4,1995,
2024-10-28 15:27:00+05:30,5821,5831,5821,5828,1307,
2024-10-28 15:28:00+05:30,5826.6,5840.3,5826.45,5840.3,2874,
2024-10-28 15:29:00+05:30,5840.3,5840.3,5827.15,5838,508,
2024-10-29 09:15:00+05:30,5800,5843.55,5794,5815.15,2723,
2024-10-29 09:16:00+05:30,5821,5821,5804.95,5809.55,722,
2024-10-29 09:17:00+05:30,5812.75,5812.75,5802.3,5804.85,444,
2024-10-29 09:18:00+05:30,5800,5810,5800,5810,1248,
2024-10-29 09:19:00+05:30,5816,5824.9,5808.2,5810.15,1991,
2024-10-29 09:20:00+05:30,5810.15,5816.4,5806.9,5816,726,
2024-10-29 09:21:00+05:30,5816,5833.85,5815.15,5829.45,1224,
2024-10-29 09:22:00+05:30,5829.45,5835,5825.5,5835,1740,
2024-10-29 09:23:00+05:30,5830.75,5834.55,5830.05,5830.05,524,
2024-10-29 09:24:00+05:30,5833.85,5845.1,5830.25,5839.7,1255,
2024-10-29 09:25:00+05:30,5839.7,5842.45,5830.8,5836,920,
2024-10-29 09:26:00+05:30,5835,5844.1,5831.85,5834.4,780,
2024-10-29 09:27:00+05:30,5834.4,5834.4,5822.85,5825,1024,
2024-10-29 09:28:00+05:30,5825,5825.1,5815.2,5815.4,457,
2024-10-29 09:29:00+05:30,5815.4,5826,5815.4,5826,517,
2024-10-29 09:30:00+05:30,5826,5829.35,5824.15,5826.9,272,
2024-10-29 09:31:00+05:30,5826.9,5826.9,5823.3,5823.3,21,
2024-10-29 09:32:00+05:30,5823.3,5825.55,5822.05,5825.55,523,
2024-10-29 09:33:00+05:30,5825.55,5827.3,5822.9,5826.1,63,
2024-10-29 09:34:00+05:30,5826.1,5826.1,5817.55,5817.6,451,
2024-10-29 09:35:00+05:30,5818.65,5823,5811.7,5811.7,1381,
2024-10-29 09:36:00+05:30,5811.65,5811.65,5801.2,5803,3318,
2024-10-29 09:37:00+05:30,5803,5809,5803,5809,336,
2024-10-29 09:38:00+05:30,5808,5808,5800.45,5803,489,
2024-10-29 09:39:00+05:30,5803.2,5805.9,5799.2,5802.3,884,
2024-10-29 09:40:00+05:30,5805.5,5816.95,5804.05,5806.65,2527,
2024-10-29 09:41:00+05:30,5807.6,5811.2,5806.9,5807.75,370,
2024-10-29 09:42:00+05:30,5808.9,5810,5800.15,5805.45,385,
2024-10-29 09:43:00+05:30,5805.45,5805.7,5804.4,5805.7,181,
2024-10-29 09:44:00+05:30,5805.7,5805.8,5804.25,5805.7,263,
2024-10-29 09:45:00+05:30,5805.7,5806.9,5801.1,5801.1,121,
2024-10-29 09:46:00+05:30,5801.1,5805.7,5797.55,5804.4,1273,
2024-10-29 09:47:00+05:30,5804.4,5805.5,5799.95,5799.95,219,
2024-10-29 09:48:00+05:30,5799.95,5801.9,5791.05,5791.05,477,
2024-10-29 09:49:00+05:30,5791.05,5800,5791.05,5798.35,583,
2024-10-29 09:50:00+05:30,5798.35,5803.7,5797.25,5802.7,570,
2024-10-29 09:51:00+05:30,5802.7,5805.9,5799.05,5805.9,264,
2024-10-29 09:52:00+05:30,5805.9,5805.9,5803.2,5803.8,78,
2024-10-29 09:53:00+05:30,5803.8,5804.25,5796.2,5800.2,515,
2024-10-29 09:54:00+05:30,5800.95,5801.75,5793.5,5796,751,
2024-10-29 09:55:00+05:30,5793.75,5793.75,5780.75,5785.15,920,
2024-10-29 09:56:00+05:30,5785.15,5789.55,5781.25,5789.55,1094,
2024-10-29 09:57:00+05:30,5787.25,5798.9,5787.25,5793.45,641,
2024-10-29 09:58:00+05:30,5793.45,5793.45,5789,5790.2,143,
2024-10-29 09:59:00+05:30,5790.2,5790.2,5778.85,5778.85,402,
2024-10-29 10:00:00+05:30,5778.85,5782.8,5777.3,5780.9,867,
2024-10-29 10:01:00+05:30,5781.1,5781.1,5777.2,5777.5,208,
2024-10-29 10:02:00+05:30,5777.5,5784.45,5775,5776.4,1012,
2024-10-29 10:03:00+05:30,5776.35,5776.4,5771.7,5774.5,636,
2024-10-29 10:04:00+05:30,5774.5,5777.4,5760.85,5765,1835,
2024-10-29 10:05:00+05:30,5765,5765,5755.6,5756.45,1437,
2024-10-29 10:06:00+05:30,5756.45,5764.65,5754.35,5762.3,993,
2024-10-29 10:07:00+05:30,5762.3,5764.95,5755,5761.4,1174,
2024-10-29 10:08:00+05:30,5761.4,5762.4,5756.15,5762.4,528,
2024-10-29 10:09:00+05:30,5762.4,5770.75,5762.35,5767,1884,
2024-10-29 10:10:00+05:30,5767,5774.1,5761.95,5761.95,255,
2024-10-29 10:11:00+05:30,5761.95,5768.35,5761.95,5763.15,520,
2024-10-29 10:12:00+05:30,5763.15,5764.7,5762.65,5762.65,284,
2024-10-29 10:13:00+05:30,5762.65,5766.55,5761.85,5766.55,491,
2024-10-29 10:14:00+05:30,5767.05,5774.35,5766.85,5773.6,604,
2024-10-29 10:15:00+05:30,5774.4,5774.4,5765,5765,365,
2024-10-29 10:16:00+05:30,5765,5765,5755.55,5755.55,531,
2024-10-29 10:17:00+05:30,5755.55,5760.3,5755.35,5759.25,1088,
2024-10-29 10:18:00+05:30,5759.25,5759.25,5749.8,5751.4,1321,
2024-10-29 10:19:00+05:30,5749.95,5756.05,5747.6,5756.05,583,
2024-10-29 10:20:00+05:30,5756.05,5756.05,5749.95,5751.6,312,
2024-10-29 10:21:00+05:30,5751.6,5760.4,5751.6,5758.2,636,
2024-10-29 10:22:00+05:30,5758.2,5764.95,5752.95,5761.3,1045,
2024-10-29 10:23:00+05:30,5761.3,5769.9,5761.3,5768.6,403,
2024-10-29 10:24:00+05:30,5765.4,5767.1,5764.75,5765.05,277,
2024-10-29 10:25:00+05:30,5765.05,5770,5765.05,5766.6,555,
2024-10-29 10:26:00+05:30,5766,5767,5760.35,5762.4,211,
2024-10-29 10:27:00+05:30,5762.4,5768.4,5762.3,5768.4,467,
2024-10-29 10:28:00+05:30,5771.15,5776.6,5769.5,5776.6,751,
2024-10-29 10:29:00+05:30,5776.6,5784.95,5776.6,5780.6,1555,
2024-10-29 10:30:00+05:30,5780.6,5780.6,5775,5775.1,356,
2024-10-29 10:31:00+05:30,5775.1,5777,5770.05,5772.85,436,
2024-10-29 10:32:00+05:30,5772.85,5773.05,5766.6,5766.6,200,
2024-10-29 10:33:00+05:30,5766.6,5766.6,5758.7,5758.7,721,
2024-10-29 10:34:00+05:30,5758.7,5764.15,5758.7,5764.15,509,
2024-10-29 10:35:00+05:30,5764.15,5765.7,5760.1,5763.4,145,
2024-10-29 10:36:00+05:30,5763.4,5771.95,5760.6,5769.1,344,
2024-10-29 10:37:00+05:30,5769.1,5771.9,5766.3,5767.5,453,
2024-10-29 10:38:00+05:30,5767.5,5767.5,5761.95,5764.55,640,
2024-10-29 10:39:00+05:30,5764.55,5767.1,5764.3,5767.1,99,
2024-10-29 10:40:00+05:30,5767.1,5767.25,5764.3,5764.45,133,
2024-10-29 10:41:00+05:30,5764.85,5776.85,5764.85,5774.85,481,
2024-10-29 10:42:00+05:30,5774.85,5774.85,5769.95,5772.9,586,
2024-10-29 10:43:00+05:30,5772.9,5773.1,5767.2,5767.3,196,
2024-10-29 10:44:00+05:30,5767.3,5769,5766.45,5769,245,
2024-10-29 10:45:00+05:30,5769,5769,5763.05,5763.05,123,
2024-10-29 10:46:00+05:30,5764.15,5766.85,5763,5765.95,234,
2024-10-29 10:47:00+05:30,5765.95,5765.95,5757.2,5757.6,765,
2024-10-29 10:48:00+05:30,5757.6,5759.6,5756.1,5756.1,127,
2024-10-29 10:49:00+05:30,5756.55,5756.95,5753,5756.25,1431,
2024-10-29 10:50:00+05:30,5756.25,5764.15,5756.25,5764.15,286,
2024-10-29 10:51:00+05:30,5764.15,5765.05,5761.05,5765.05,55,
2024-10-29 10:52:00+05:30,5765.05,5765.35,5761.25,5764.15,56,
2024-10-29 10:53:00+05:30,5761.25,5771.55,5761.25,5771.55,316,
2024-10-29 10:54:00+05:30,5771.55,5771.7,5768.8,5768.8,72,
2024-10-29 10:55:00+05:30,5768.8,5774.2,5767.3,5774,185,
2024-10-29 10:56:00+05:30,5774,5775.3,5772.6,5775.3,134,
2024-10-29 10:57:00+05:30,5775.3,5775.3,5770.75,5770.75,183,
2024-10-29 10:58:00+05:30,5770.75,5770.75,5768.35,5768.35,11,
2024-10-29 10:59:00+05:30,5768.35,5770.85,5768.35,5770.85,120,
2024-10-29 11:00:00+05:30,5770.85,5771.7,5769.25,5771.3,126,
2024-10-29 11:01:00+05:30,5770.4,5770.4,5766,5767.2,200,
2024-10-29 11:02:00+05:30,5766,5766,5764.1,5765.5,94,
2024-10-29 11:03:00+05:30,5765.55,5765.55,5760.45,5763,191,
2024-10-29 11:04:00+05:30,5763,5766.6,5758,5766.6,750,
2024-10-29 11:05:00+05:30,5763.5,5763.5,5757.5,5757.85,230,
2024-10-29 11:06:00+05:30,5757.85,5763.7,5757.5,5763.7,152,
2024-10-29 11:07:00+05:30,5763.7,5768.9,5763.4,5768.9,43,
2024-10-29 11:08:00+05:30,5768.9,5768.9,5764.5,5767.3,105,
2024-10-29 11:09:00+05:30,5767.3,5767.3,5762.45,5766.1,239,
2024-10-29 11:10:00+05:30,5766.1,5766.1,5759.65,5762.55,108,
2024-10-29 11:11:00+05:30,5762.55,5763,5755,5755.25,550,
2024-10-29 11:12:00+05:30,5755.25,5755.4,5751.65,5753,554,
2024-10-29 11:13:00+05:30,5753,5758.8,5746,5758.8,1529,
2024-10-29 11:14:00+05:30,5758.8,5760,5757.95,5760,45,
2024-10-29 11:15:00+05:30,5760,5760,5753.85,5756.4,110,
2024-10-29 11:16:00+05:30,5756.4,5757.45,5754.95,5757.15,87,
2024-10-29 11:17:00+05:30,5757.15,5757.35,5755.05,5755.9,81,
2024-10-29 11:18:00+05:30,5755.9,5760,5755.05,5760,411,
2024-10-29 11:19:00+05:30,5760,5760,5756.9,5760,225,
2024-10-29 11:20:00+05:30,5760,5760.2,5758.6,5758.65,54,
2024-10-29 11:21:00+05:30,5758.65,5758.8,5756.2,5756.25,55,
2024-10-29 11:22:00+05:30,5756.25,5759.05,5756.25,5758.8,155,
2024-10-29 11:23:00+05:30,5758.8,5763.95,5758.8,5763.95,179,
2024-10-29 11:24:00+05:30,5763.95,5764.3,5759.3,5760.95,227,
2024-10-29 11:25:00+05:30,5761,5761.35,5759.3,5759.55,129,
2024-10-29 11:26:00+05:30,5759.55,5759.6,5757.8,5759.6,140,
2024-10-29 11:27:00+05:30,5759.6,5759.95,5753.3,5756.4,303,
2024-10-29 11:28:00+05:30,5756.4,5756.4,5751.35,5754.5,118,
2024-10-29 11:29:00+05:30,5753.55,5753.55,5752.55,5753.45,28,
2024-10-29 11:30:00+05:30,5753.45,5753.45,5752,5752.4,218,
2024-10-29 11:31:00+05:30,5752.4,5752.4,5748,5751,309,
2024-10-29 11:32:00+05:30,5751,5752,5751,5752,781,
2024-10-29 11:33:00+05:30,5752,5752,5751.45,5751.95,37,
2024-10-29 11:34:00+05:30,5751.95,5752,5748.3,5750.45,119,
2024-10-29 11:35:00+05:30,5750.45,5752.5,5748.6,5752.45,273,
2024-10-29 11:36:00+05:30,5752.45,5752.55,5751.25,5751.25,67,
2024-10-29 11:37:00+05:30,5751.25,5759,5751.25,5759,343,
2024-10-29 11:38:00+05:30,5759.4,5761.6,5755.2,5761.6,192,
2024-10-29 11:39:00+05:30,5761.6,5761.6,5759.4,5761.3,32,
2024-10-29 11:40:00+05:30,5761.3,5768,5759.7,5768,391,
2024-10-29 11:41:00+05:30,5768,5770,5766.3,5768,238,
2024-10-29 11:42:00+05:30,5768,5768,5762.15,5765,126,
2024-10-29 11:43:00+05:30,5765,5775.1,5765,5771.9,1370,
2024-10-29 11:44:00+05:30,5771.9,5771.9,5767.85,5769,146,
2024-10-29 11:45:00+05:30,5769,5769,5765.4,5766.15,130,
2024-10-29 11:46:00+05:30,5766.15,5767.9,5765,5767.9,231,
2024-10-29 11:47:00+05:30,5767.9,5767.9,5765.65,5766.55,36,
2024-10-29 11:48:00+05:30,5766.55,5766.6,5765.1,5765.1,129,
2024-10-29 11:49:00+05:30,5765.1,5765.2,5763.3,5763.3,93,
2024-10-29 11:50:00+05:30,5763.3,5763.3,5760.8,5761.05,115,
2024-10-29 11:51:00+05:30,5761.05,5761.05,5760,5760,344,
2024-10-29 11:52:00+05:30,5758.55,5759.55,5756.05,5756.3,247,
2024-10-29 11:53:00+05:30,5756.3,5756.3,5752.75,5753.05,363,
2024-10-29 11:54:00+05:30,5753.05,5765.1,5753.05,5764.1,1011,
2024-10-29 11:55:00+05:30,5764.1,5773,5764.1,5773,440,
2024-10-29 11:56:00+05:30,5773,5773,5769.35,5771.6,36,
2024-10-29 11:57:00+05:30,5771.6,5771.6,5768.05,5769.25,161,
2024-10-29 11:58:00+05:30,5769.25,5770.05,5765,5765,350,
2024-10-29 11:59:00+05:30,5765,5771.6,5765,5769.05,262,
2024-10-29 12:00:00+05:30,5769.05,5769.1,5766.65,5766.65,332,
2024-10-29 12:01:00+05:30,5766.65,5770.05,5766.65,5768.3,47,
2024-10-29 12:02:00+05:30,5768.3,5768.3,5768.05,5768.3,229,
2024-10-29 12:03:00+05:30,5768.3,5774.9,5768.3,5773.1,266,
2024-10-29 12:04:00+05:30,5773.1,5773.1,5770.45,5772.5,13,
2024-10-29 12:05:00+05:30,5773.05,5778.95,5773.05,5776.9,491,
2024-10-29 12:06:00+05:30,5776.9,5777,5773.35,5773.4,679,
2024-10-29 12:07:00+05:30,5775,5775,5771.65,5774.9,228,
2024-10-29 12:08:00+05:30,5774.9,5775.2,5773.45,5775.2,817,
2024-10-29 12:09:00+05:30,5775.2,5780,5775.2,5777.2,273,
2024-10-29 12:10:00+05:30,5777.2,5781.95,5777.2,5781.95,427,
2024-10-29 12:11:00+05:30,5781.95,5784.95,5779.1,5781.55,491,
2024-10-29 12:12:00+05:30,5781.55,5784.05,5780,5781.5,79,
2024-10-29 12:13:00+05:30,5781.5,5783,5778.9,5783,329,
2024-10-29 12:14:00+05:30,5783,5790,5783,5790,642,
2024-10-29 12:15:00+05:30,5790,5790,5787,5788.05,128,
2024-10-29 12:16:00+05:30,5788.05,5788.05,5785.65,5787.95,187,
2024-10-29 12:17:00+05:30,5787.95,5787.95,5784.25,5786,290,
2024-10-29 12:18:00+05:30,5786,5786,5784.2,5784.2,411,
2024-10-29 12:19:00+05:30,5784.2,5784.2,5782.1,5782.25,108,
2024-10-29 12:20:00+05:30,5782.25,5783.25,5782.1,5783.25,80,
2024-10-29 12:21:00+05:30,5783.25,5783.65,5782.7,5783.25,151,
2024-10-29 12:22:00+05:30,5783.05,5785.9,5782.85,5785.9,482,
2024-10-29 12:23:00+05:30,5785.9,5786,5783.7,5785.35,22,
2024-10-29 12:24:00+05:30,5785.35,5785.65,5783.8,5785.1,55,
2024-10-29 12:25:00+05:30,5785,5785.3,5777,5778.85,769,
2024-10-29 12:26:00+05:30,5778.85,5780.25,5778.85,5780.25,50,
2024-10-29 12:27:00+05:30,5780.25,5787.2,5780.25,5783.7,295,
2024-10-29 12:28:00+05:30,5783.7,5787.2,5782.8,5786.4,241,
2024-10-29 12:29:00+05:30,5786.4,5786.4,5774.15,5776.45,550,
2024-10-29 12:30:00+05:30,5776.45,5778.55,5775.3,5778.5,319,
2024-10-29 12:31:00+05:30,5778.5,5778.5,5771,5771.35,209,
2024-10-29 12:32:00+05:30,5771.35,5774.95,5771.35,5771.45,136,
2024-10-29 12:33:00+05:30,5771.45,5771.45,5770,5770,148,
2024-10-29 12:34:00+05:30,5769.8,5775,5769.8,5773.55,450,
2024-10-29 12:35:00+05:30,5773.95,5776.7,5773.95,5776.7,98,
2024-10-29 12:36:00+05:30,5776.7,5779.5,5775,5776.45,597,
2024-10-29 12:37:00+05:30,5776.45,5776.45,5774.5,5774.95,437,
2024-10-29 12:38:00+05:30,5774.95,5778.25,5774.5,5778.25,92,
2024-10-29 12:39:00+05:30,5778.25,5786,5777.85,5779.9,3276,
2024-10-29 12:40:00+05:30,5779.9,5781.55,5777.55,5781.4,166,
2024-10-29 12:41:00+05:30,5781.4,5782.75,5778.75,5782.75,315,
2024-10-29 12:42:00+05:30,5782.75,5784.15,5781,5784.15,63,
2024-10-29 12:43:00+05:30,5784.15,5791.2,5784.15,5791.2,301,
2024-10-29 12:44:00+05:30,5791.2,5797,5791.2,5792.55,770,
2024-10-29 12:45:00+05:30,5790.65,5791.85,5790.65,5791.85,230,
2024-10-29 12:46:00+05:30,5791.85,5793.9,5790.35,5792.9,178,
2024-10-29 12:47:00+05:30,5792.9,5798.4,5792.9,5796.95,354,
2024-10-29 12:48:00+05:30,5796.95,5803.5,5796.95,5799.05,573,
2024-10-29 12:49:00+05:30,5799.05,5799.1,5794.05,5796.4,473,
2024-10-29 12:50:00+05:30,5796.4,5799.8,5796.4,5799.8,134,
2024-10-29 12:51:00+05:30,5799.8,5799.8,5797.55,5799.5,399,
2024-10-29 12:52:00+05:30,5799.5,5800,5798,5800,341,
2024-10-29 12:53:00+05:30,5800,5803.3,5797.3,5797.3,185,
2024-10-29 12:54:00+05:30,5797.3,5799,5797.3,5797.35,81,
2024-10-29 12:55:00+05:30,5797.35,5797.4,5787.05,5793.25,1829,
2024-10-29 12:56:00+05:30,5793.25,5793.75,5789.5,5793,215,
2024-10-29 12:57:00+05:30,5793,5793.05,5788.95,5788.95,115,
2024-10-29 12:58:00+05:30,5788.95,5792.85,5788.95,5792.85,198,
2024-10-29 12:59:00+05:30,5791.55,5793.05,5790,5793,58,
2024-10-29 13:00:00+05:30,5793,5799.6,5790.85,5797.95,420,
2024-10-29 13:01:00+05:30,5797.9,5797.95,5791.85,5792,571,
2024-10-29 13:02:00+05:30,5792,5797.45,5792,5796.9,120,
2024-10-29 13:03:00+05:30,5796.9,5796.9,5792.5,5793,37,
2024-10-29 13:04:00+05:30,5793,5794.95,5792.5,5792.55,62,
2024-10-29 13:05:00+05:30,5792.55,5794.55,5790.8,5790.8,572,
2024-10-29 13:06:00+05:30,5790.8,5801.05,5790.8,5800.95,613,
2024-10-29 13:07:00+05:30,5800.95,5800.95,5794.85,5795.5,166,
2024-10-29 13:08:00+05:30,5795.5,5799.15,5795.5,5797.15,70,
2024-10-29 13:09:00+05:30,5797.15,5799.15,5797.15,5799.15,107,
2024-10-29 13:10:00+05:30,5799.15,5799.9,5796.25,5798.65,31,
2024-10-29 13:11:00+05:30,5798.65,5799.35,5797.5,5799,144,
2024-10-29 13:12:00+05:30,5799,5799.4,5797.4,5797.4,72,
2024-10-29 13:13:00+05:30,5798.1,5798.1,5793.85,5795.4,247,
2024-10-29 13:14:00+05:30,5795.4,5800.9,5794.65,5797.55,343,
2024-10-29 13:15:00+05:30,5797.55,5802.6,5797.55,5802.55,431,
2024-10-29 13:16:00+05:30,5802.55,5802.55,5799.8,5802.55,138,
2024-10-29 13:17:00+05:30,5802.55,5806,5801.65,5804.85,178,
2024-10-29 13:18:00+05:30,5804.85,5805.2,5802.6,5802.85,146,
2024-10-29 13:19:00+05:30,5803.95,5806.45,5800.1,5800.1,565,
2024-10-29 13:20:00+05:30,5800.1,5802.75,5800,5801.1,263,
2024-10-29 13:21:00+05:30,5801.1,5801.2,5795.4,5797.1,350,
2024-10-29 13:22:00+05:30,5797.1,5799,5796.5,5798.4,385,
2024-10-29 13:23:00+05:30,5798.4,5798.4,5793.45,5794.25,291,
2024-10-29 13:24:00+05:30,5794.25,5798.8,5794.25,5797.3,420,
2024-10-29 13:25:00+05:30,5797.3,5802.1,5797,5799.75,312,
2024-10-29 13:26:00+05:30,5799.8,5799.8,5799.4,5799.7,116,
2024-10-29 13:27:00+05:30,5799.7,5800.95,5796.75,5800.3,360,
2024-10-29 13:28:00+05:30,5800.3,5800.3,5794.05,5797.15,485,
2024-10-29 13:29:00+05:30,5797.15,5798.8,5797,5797,265,
2024-10-29 13:30:00+05:30,5797,5800,5797,5798.15,391,
2024-10-29 13:31:00+05:30,5798.15,5800,5797,5797.05,376,
2024-10-29 13:32:00+05:30,5797.05,5799.35,5797.05,5799.35,326,
2024-10-29 13:33:00+05:30,5799.35,5800,5797.25,5798.95,269,
2024-10-29 13:34:00+05:30,5798.95,5800.4,5797.7,5800.4,267,
2024-10-29 13:35:00+05:30,5800.4,5800.4,5797.5,5799.55,343,
2024-10-29 13:36:00+05:30,5799.8,5799.8,5797,5799.55,476,
2024-10-29 13:37:00+05:30,5799.55,5799.95,5797.25,5798.55,195,
2024-10-29 13:38:00+05:30,5798.55,5798.95,5796.6,5798.95,303,
2024-10-29 13:39:00+05:30,5797.95,5799.2,5795.15,5796.4,393,
2024-10-29 13:40:00+05:30,5795.4,5796.4,5795,5795.5,429,
2024-10-29 13:41:00+05:30,5795.5,5795.9,5793.45,5794.9,270,
2024-10-29 13:42:00+05:30,5794.4,5795.2,5793.1,5795.2,546,
2024-10-29 13:43:00+05:30,5795.2,5795.2,5793.05,5794.65,593,
2024-10-29 13:44:00+05:30,5794.65,5795.95,5794.05,5795.95,393,
2024-10-29 13:45:00+05:30,5797.7,5798.2,5790,5791.55,828,
2024-10-29 13:46:00+05:30,5791.5,5791.5,5787.5,5789.15,549,
2024-10-29 13:47:00+05:30,5789.15,5795.7,5789.15,5795.45,312,
2024-10-29 13:48:00+05:30,5795.45,5795.45,5786.65,5787,689,
2024-10-29 13:49:00+05:30,5787,5788.15,5782.9,5784.45,561,
2024-10-29 13:50:00+05:30,5784.45,5784.45,5783.1,5784.15,498,
2024-10-29 13:51:00+05:30,5784.15,5787.1,5783.2,5785.75,284,
2024-10-29 13:52:00+05:30,5785.85,5787.15,5783.5,5784.95,451,
2024-10-29 13:53:00+05:30,5784.95,5790.7,5784.3,5790.7,230,
2024-10-29 13:54:00+05:30,5790.7,5794.65,5790.65,5790.95,259,
2024-10-29 13:55:00+05:30,5790.95,5794.65,5790.55,5794.65,369,
2024-10-29 13:56:00+05:30,5794.65,5796.5,5787,5789.05,605,
2024-10-29 13:57:00+05:30,5789.05,5789.05,5786.3,5787.6,391,
2024-10-29 13:58:00+05:30,5787.6,5788.8,5779.65,5779.65,1989,
2024-10-29 13:59:00+05:30,5779.65,5786.85,5779.65,5784.05,506,
2024-10-29 14:00:00+05:30,5784.05,5792.8,5782.45,5785.3,771,
2024-10-29 14:01:00+05:30,5785.3,5789.95,5785.3,5788.05,326,
2024-10-29 14:02:00+05:30,5788.05,5793.8,5788.05,5793.8,396,
2024-10-29 14:03:00+05:30,5793.8,5794.5,5792.55,5794.5,352,
2024-10-29 14:04:00+05:30,5794.5,5794.5,5792.7,5792.95,276,
2024-10-29 14:05:00+05:30,5792.95,5799.3,5792.9,5799,304,
2024-10-29 14:06:00+05:30,5799,5806,5798.8,5806,586,
2024-10-29 14:07:00+05:30,5806,5810,5804.75,5807.9,868,
2024-10-29 14:08:00+05:30,5807.9,5807.9,5804.8,5805.95,553,
2024-10-29 14:09:00+05:30,5806.5,5809.95,5806.5,5807.95,303,
2024-10-29 14:10:00+05:30,5807.9,5807.95,5805,5806.9,295,
2024-10-29 14:11:00+05:30,5806.9,5806.9,5805,5806.15,268,
2024-10-29 14:12:00+05:30,5806.15,5806.25,5804.25,5805.65,390,
2024-10-29 14:13:00+05:30,5805,5805.2,5797,5799,731,
2024-10-29 14:14:00+05:30,5799,5805,5798.95,5805,4038,
2024-10-29 14:15:00+05:30,5802.9,5805.3,5800,5805.3,2763,
2024-10-29 14:16:00+05:30,5807.45,5808.15,5802.95,5806.95,798,
2024-10-29 14:17:00+05:30,5806.95,5808.5,5801.85,5805.05,1707,
2024-10-29 14:18:00+05:30,5805,5807.95,5800.05,5806.2,3296,
2024-10-29 14:19:00+05:30,5806.2,5807.75,5797.05,5800,3774,
2024-10-29 14:20:00+05:30,5800,5805,5799.3,5804.15,1444,
2024-10-29 14:21:00+05:30,5804.15,5804.25,5799.6,5800.8,2478,
2024-10-29 14:22:00+05:30,5800.95,5807.75,5800.9,5807,2042,
2024-10-29 14:23:00+05:30,5807,5807,5804.1,5804.1,913,
2024-10-29 14:24:00+05:30,5804.1,5807,5803.15,5806.75,558,
2024-10-29 14:25:00+05:30,5806.75,5806.75,5803.55,5803.7,388,
2024-10-29 14:26:00+05:30,5803.7,5803.7,5798.05,5798.7,2216,
2024-10-29 14:27:00+05:30,5798.7,5802,5798.7,5800,1192,
2024-10-29 14:28:00+05:30,5800,5800,5796.25,5800,1144,
2024-10-29 14:29:00+05:30,5800,5801,5797.1,5799.1,631,
2024-10-29 14:30:00+05:30,5799.1,5799.5,5799.1,5799.2,169,
2024-10-29 14:31:00+05:30,5799.15,5799.9,5793.3,5799.9,1876,
2024-10-29 14:32:00+05:30,5803.95,5805,5799.6,5801.95,1319,
2024-10-29 14:33:00+05:30,5801.95,5801.95,5794.25,5795,550,
2024-10-29 14:34:00+05:30,5795,5799.4,5795,5796.5,664,
2024-10-29 14:35:00+05:30,5796.5,5802.15,5795,5798.1,1126,
2024-10-29 14:36:00+05:30,5798.1,5800,5797.5,5798.35,1334,
2024-10-29 14:37:00+05:30,5798.35,5798.35,5792.8,5794,710,
2024-10-29 14:38:00+05:30,5794,5794,5792.65,5793.9,379,
2024-10-29 14:39:00+05:30,5793.8,5799.1,5793.8,5797.95,759,
2024-10-29 14:40:00+05:30,5797.95,5800,5796.9,5797.2,1090,
2024-10-29 14:41:00+05:30,5797.2,5797.2,5795.9,5796.05,620,
2024-10-29 14:42:00+05:30,5796.05,5802.3,5796,5799.8,3088,
2024-10-29 14:43:00+05:30,5800.1,5800.1,5798.6,5800,840,
2024-10-29 14:44:00+05:30,5800,5800.35,5799.85,5799.85,1472,
2024-10-29 14:45:00+05:30,5799.85,5800.4,5797.4,5799.6,1868,
2024-10-29 14:46:00+05:30,5799.6,5800.35,5798.35,5799.5,584,
2024-10-29 14:47:00+05:30,5799.5,5805.1,5799.15,5805.1,2177,
2024-10-29 14:48:00+05:30,5805.1,5810,5799,5799.8,3560,
2024-10-29 14:49:00+05:30,5799.8,5803.45,5795.9,5800.2,1452,
2024-10-29 14:50:00+05:30,5800.2,5800.2,5794.65,5795.1,709,
2024-10-29 14:51:00+05:30,5795.1,5798.4,5793.35,5798.4,799,
2024-10-29 14:52:00+05:30,5798.4,5801.75,5796.4,5799.45,577,
2024-10-29 14:53:00+05:30,5799.45,5804.9,5798.6,5804.9,813,
2024-10-29 14:54:00+05:30,5804.9,5807,5802,5806.9,493,
2024-10-29 14:55:00+05:30,5804.85,5806.45,5799.65,5802.35,731,
2024-10-29 14:56:00+05:30,5802.35,5803.65,5800.65,5802.4,821,
2024-10-29 14:57:00+05:30,5801.45,5804.4,5800,5802.45,4491,
2024-10-29 14:58:00+05:30,5802.45,5802.85,5799.95,5800.85,860,
2024-10-29 14:59:00+05:30,5800.8,5804.15,5799.2,5799.9,4098,
2024-10-29 15:00:00+05:30,5800,5815,5799.9,5811.6,5514,
2024-10-29 15:01:00+05:30,5810.8,5810.8,5804.45,5804.45,700,
2024-10-29 15:02:00+05:30,5804.45,5805.5,5798.8,5801.75,1233,
2024-10-29 15:03:00+05:30,5800.65,5803.85,5799.5,5799.5,1045,
2024-10-29 15:04:00+05:30,5799.5,5800,5797.75,5800,1356,
2024-10-29 15:05:00+05:30,5800,5805.95,5799.25,5802.45,5684,
2024-10-29 15:06:00+05:30,5804.85,5805,5802.6,5804.95,720,
2024-10-29 15:07:00+05:30,5805,5811.75,5803.35,5803.35,5489,
2024-10-29 15:08:00+05:30,5805,5809.8,5804.15,5804.15,2607,
2024-10-29 15:09:00+05:30,5804.15,5805,5802.3,5803.5,944,
2024-10-29 15:10:00+05:30,5804.6,5804.6,5801.85,5802,1061,
2024-10-29 15:11:00+05:30,5802,5803.7,5797.4,5802.05,2997,
2024-10-29 15:12:00+05:30,5803.6,5803.6,5798.55,5800.2,4668,
2024-10-29 15:13:00+05:30,5800.25,5801,5797.7,5800,1354,
2024-10-29 15:14:00+05:30,5800,5802.05,5799.9,5801,1393,
2024-10-29 15:15:00+05:30,5800.95,5804,5796.6,5796.6,3107,
2024-10-29 15:16:00+05:30,5796.6,5800.8,5791.45,5798.55,1505,
2024-10-29 15:17:00+05:30,5798.55,5799.45,5796.65,5798.8,887,
2024-10-29 15:18:00+05:30,5798.8,5800,5796.65,5798.8,2205,
2024-10-29 15:19:00+05:30,5798.8,5805,5798.55,5803.1,3241,
2024-10-29 15:20:00+05:30,5803.1,5803.1,5799.7,5801.5,941,
2024-10-29 15:21:00+05:30,5801.5,5802,5800.75,5801.95,708,
2024-10-29 15:22:00+05:30,5802,5805,5801.9,5805,1345,
2024-10-29 15:23:00+05:30,5803.65,5805,5801.6,5803.7,1608,
2024-10-29 15:24:00+05:30,5802.55,5803.65,5799.45,5803.6,1639,
2024-10-29 15:25:00+05:30,5803.6,5805,5801.8,5804.6,1129,
2024-10-29 15:26:00+05:30,5804.6,5805,5796.15,5805,5196,
2024-10-29 15:27:00+05:30,5805,5818,5800.7,5817.95,5762,
2024-10-29 15:28:00+05:30,5817.95,5817.95,5800,5805.05,1910,
2024-10-29 15:29:00+05:30,5805.05,5820,5802.5,5820,816,
2024-10-30 09:15:00+05:30,5843.75,5843.8,5802.55,5821.35,6221,
2024-10-30 09:16:00+05:30,5821.35,5825.7,5797,5821.05,2812,
2024-10-30 09:17:00+05:30,5821.05,5826.1,5810.85,5819.95,1844,
2024-10-30 09:18:00+05:30,5819.95,5843,5819.6,5840.55,2091,
2024-10-30 09:19:00+05:30,5846,5849.45,5831,5833.45,2795,
2024-10-30 09:20:00+05:30,5833.45,5840.15,5831,5833.15,1996,
2024-10-30 09:21:00+05:30,5834.15,5843.45,5831.1,5831.1,2895,
2024-10-30 09:22:00+05:30,5831.1,5837.8,5830.9,5834.35,1257,
2024-10-30 09:23:00+05:30,5834.35,5847.6,5834.35,5847.6,1377,
2024-10-30 09:24:00+05:30,5847.6,5847.6,5820,5823.35,3993,
2024-10-30 09:25:00+05:30,5823.35,5823.35,5814.8,5815.2,1316,
2024-10-30 09:26:00+05:30,5815.2,5817.8,5810.25,5813,1057,
2024-10-30 09:27:00+05:30,5813,5830,5813,5830,1117,
2024-10-30 09:28:00+05:30,5830,5830,5824,5828.85,791,
2024-10-30 09:29:00+05:30,5825.3,5830,5825.3,5830,992,
2024-10-30 09:30:00+05:30,5830,5831.4,5827.4,5830,2073,
2024-10-30 09:31:00+05:30,5830,5830,5804.3,5826.6,5832,
2024-10-30 09:32:00+05:30,5826.4,5828.45,5818.85,5822.15,376,
2024-10-30 09:33:00+05:30,5822.15,5824.4,5819.35,5823.35,302,
2024-10-30 09:34:00+05:30,5823.35,5825.65,5816.75,5825.65,1091,
2024-10-30 09:35:00+05:30,5825.65,5829.05,5825.65,5829.05,62,
2024-10-30 09:36:00+05:30,5829.05,5829.95,5822.1,5825.8,1141,
2024-10-30 09:37:00+05:30,5829.2,5830.3,5827.9,5830.25,1332,
2024-10-30 09:38:00+05:30,5830,5832.3,5829.3,5830.1,1143,
2024-10-30 09:39:00+05:30,5834.35,5840.75,5833.05,5836.85,1397,
2024-10-30 09:40:00+05:30,5836.85,5839.75,5835.1,5836.45,289,
2024-10-30 09:41:00+05:30,5836.45,5839.8,5835.2,5835.2,755,
2024-10-30 09:42:00+05:30,5836.9,5836.9,5826.6,5826.6,1038,
2024-10-30 09:43:00+05:30,5826.6,5832.5,5826.6,5831.2,478,
2024-10-30 09:44:00+05:30,5831.2,5840,5831.2,5832.65,1600,
2024-10-30 09:45:00+05:30,5835.45,5836.05,5831.55,5833,505,
2024-10-30 09:46:00+05:30,5833,5853.1,5833,5849.2,3396,
2024-10-30 09:47:00+05:30,5849.2,5862.45,5847.9,5858.65,4326,
2024-10-30 09:48:00+05:30,5858.65,5860,5854.25,5860,2157,
2024-10-30 09:49:00+05:30,5860,5860,5842.7,5850,4175,
2024-10-30 09:50:00+05:30,5850,5864.3,5845,5864.3,2880,
2024-10-30 09:51:00+05:30,5864.95,5867.9,5859.75,5862,2353,
2024-10-30 09:52:00+05:30,5862,5865.15,5852.65,5861.3,3158,
2024-10-30 09:53:00+05:30,5859.95,5863.85,5857.15,5857.15,1732,
2024-10-30 09:54:00+05:30,5857.15,5861.7,5854.15,5854.75,1404,
2024-10-30 09:55:00+05:30,5854.75,5861.85,5852.05,5855.15,1037,
2024-10-30 09:56:00+05:30,5855.15,5855.15,5846.55,5846.8,1584,
2024-10-30 09:57:00+05:30,5846.8,5848,5843.5,5843.55,1055,
2024-10-30 09:58:00+05:30,5843.55,5847.95,5843.55,5845.75,1513,
2024-10-30 09:59:00+05:30,5845.75,5848,5840.45,5843.55,2907,
2024-10-30 10:00:00+05:30,5843.55,5843.95,5835.15,5836.05,2119,
2024-10-30 10:01:00+05:30,5836.05,5837.4,5827.3,5828,3071,
2024-10-30 10:02:00+05:30,5830,5830,5822.35,5824.7,1468,
2024-10-30 10:03:00+05:30,5824.7,5830,5824.7,5826.4,658,
2024-10-30 10:04:00+05:30,5826.4,5830,5826.4,5829.9,1668,
2024-10-30 10:05:00+05:30,5829.9,5839.7,5829,5836.2,1363,
2024-10-30 10:06:00+05:30,5836.2,5836.2,5830,5832.15,743,
2024-10-30 10:07:00+05:30,5832.15,5833.9,5827.05,5829.9,1159,
2024-10-30 10:08:00+05:30,5829.9,5831.9,5828.5,5829.55,618,
2024-10-30 10:09:00+05:30,5829.55,5833.2,5829.35,5830.95,1107,
2024-10-30 10:10:00+05:30,5830.95,5839,5830,5836.75,478,
2024-10-30 10:11:00+05:30,5836.75,5837.05,5831.45,5831.7,546,
2024-10-30 10:12:00+05:30,5831.7,5838.6,5831.7,5833,1279,
2024-10-30 10:13:00+05:30,5833,5836.95,5831.4,5831.8,710,
2024-10-30 10:14:00+05:30,5831.8,5836.45,5831,5832.95,1205,
2024-10-30 10:15:00+05:30,5832.95,5841.95,5832.2,5835,921,
2024-10-30 10:16:00+05:30,5835,5854.4,5835,5844.65,1338,
2024-10-30 10:17:00+05:30,5844.65,5849.8,5844.65,5846.05,980,
2024-10-30 10:18:00+05:30,5846.05,5852.3,5846.05,5847.7,590,
2024-10-30 10:19:00+05:30,5847.7,5850.3,5847.2,5850.3,772,
2024-10-30 10:20:00+05:30,5850.3,5850.3,5847,5848.95,561,
2024-10-30 10:21:00+05:30,5848.95,5861.55,5846.5,5861.55,1063,
2024-10-30 10:22:00+05:30,5863.9,5885.75,5863.65,5870.8,4742,
2024-10-30 10:23:00+05:30,5875.3,5877.05,5866.45,5870.1,1281,
2024-10-30 10:24:00+05:30,5869.7,5870.95,5863.1,5868,1451,
2024-10-30 10:25:00+05:30,5868,5873.75,5868,5871.55,763,
2024-10-30 10:26:00+05:30,5871.65,5872.05,5866.5,5867.65,739,
2024-10-30 10:27:00+05:30,5867.65,5873.5,5867.65,5870.45,2427,
2024-10-30 10:28:00+05:30,5870.45,5876.85,5869.95,5874.05,485,
2024-10-30 10:29:00+05:30,5875,5875,5871.65,5871.65,346,
2024-10-30 10:30:00+05:30,5871.65,5877,5871.55,5873.05,1864,
2024-10-30 10:31:00+05:30,5873.05,5874.95,5872.65,5874.3,243,
2024-10-30 10:32:00+05:30,5872.8,5873.55,5871.6,5872.85,452,
2024-10-30 10:33:00+05:30,5871.8,5874.2,5868.8,5872.95,543,
2024-10-30 10:34:00+05:30,5872.95,5878.1,5870.75,5876.8,427,
2024-10-30 10:35:00+05:30,5874.65,5877,5870.05,5871.05,724,
2024-10-30 10:36:00+05:30,5871.05,5873.9,5866.95,5866.95,750,
2024-10-30 10:37:00+05:30,5866.95,5869.85,5866.9,5869.4,852,
2024-10-30 10:38:00+05:30,5869.4,5869.4,5865,5865.05,820,
2024-10-30 10:39:00+05:30,5863.4,5868.15,5863.4,5865,974,
2024-10-30 10:40:00+05:30,5865,5870,5863.7,5865.4,1527,
2024-10-30 10:41:00+05:30,5866.3,5869.8,5866.15,5866.4,666,
2024-10-30 10:42:00+05:30,5866.4,5869.45,5865,5865.9,827,
2024-10-30 10:43:00+05:30,5865.9,5867.55,5865.15,5865.55,447,
2024-10-30 10:44:00+05:30,5865.55,5868,5864.75,5867.5,491,
2024-10-30 10:45:00+05:30,5865.3,5869.55,5863.2,5865.3,1488,
2024-10-30 10:46:00+05:30,5865.75,5870,5865.75,5867.5,420,
2024-10-30 10:47:00+05:30,5867.5,5879,5865.95,5878.95,1575,
2024-10-30 10:48:00+05:30,5875.9,5879.7,5875,5878.3,420,
2024-10-30 10:49:00+05:30,5877.55,5881.85,5877.55,5880.15,1372,
2024-10-30 10:50:00+05:30,5880.15,5883.15,5880.1,5881.5,720,
2024-10-30 10:51:00+05:30,5881.5,5890,5881.5,5886.45,1235,
2024-10-30 10:52:00+05:30,5886.75,5892.35,5886.75,5890.05,3335,
2024-10-30 10:53:00+05:30,5889.45,5891.6,5886.45,5886.7,879,
2024-10-30 10:54:00+05:30,5886.7,5896.5,5885.1,5892.5,1385,
2024-10-30 10:55:00+05:30,5892.5,5893.95,5880.25,5881.4,1964,
2024-10-30 10:56:00+05:30,5881.4,5883.2,5873.15,5873.65,1149,
2024-10-30 10:57:00+05:30,5873.65,5875,5873.2,5873.2,380,
2024-10-30 10:58:00+05:30,5873.2,5876.6,5871.05,5872.35,535,
2024-10-30 10:59:00+05:30,5872.35,5872.5,5866.8,5871,1243,
2024-10-30 11:00:00+05:30,5867.8,5870.6,5866.75,5867.1,416,
2024-10-30 11:01:00+05:30,5868,5869.95,5866,5868.45,320,
2024-10-30 11:02:00+05:30,5866.05,5868.5,5866.05,5866.8,291,
2024-10-30 11:03:00+05:30,5866.25,5867.45,5858,5858,1658,
2024-10-30 11:04:00+05:30,5858,5863.15,5855.6,5860,1853,
2024-10-30 11:05:00+05:30,5860,5872.3,5858.05,5858.05,642,
2024-10-30 11:06:00+05:30,5858.05,5866.15,5856.15,5862,694,
2024-10-30 11:07:00+05:30,5862,5875.8,5862,5867.15,3372,
2024-10-30 11:08:00+05:30,5866.1,5875.4,5865.1,5875.4,621,
2024-10-30 11:09:00+05:30,5871.6,5875.1,5870.7,5874.2,331,
2024-10-30 11:10:00+05:30,5872.75,5888,5871.6,5874.35,1032,
2024-10-30 11:11:00+05:30,5874.35,5881.45,5872.05,5877.85,747,
2024-10-30 11:12:00+05:30,5877.85,5880,5874,5876.45,438,
2024-10-30 11:13:00+05:30,5876.45,5878.8,5874,5876.5,476,
2024-10-30 11:14:00+05:30,5876.5,5877.1,5873,5873.1,424,
2024-10-30 11:15:00+05:30,5873.1,5876.95,5873.1,5876.35,315,
2024-10-30 11:16:00+05:30,5874.5,5874.95,5866.05,5866.05,732,
2024-10-30 11:17:00+05:30,5866,5870,5866,5868.6,699,
2024-10-30 11:18:00+05:30,5867.55,5869.65,5865.15,5869.65,795,
2024-10-30 11:19:00+05:30,5868.5,5869.85,5862.9,5862.95,379,
2024-10-30 11:20:00+05:30,5865.75,5865.75,5862.8,5865.15,831,
2024-10-30 11:21:00+05:30,5865.15,5867.5,5865,5865.2,844,
2024-10-30 11:22:00+05:30,5867.9,5867.9,5861.15,5863.85,1610,
2024-10-30 11:23:00+05:30,5863.8,5863.85,5860.25,5862.1,986,
2024-10-30 11:24:00+05:30,5862.1,5864.9,5861.3,5863.55,323,
2024-10-30 11:25:00+05:30,5863,5866.65,5862.55,5866.5,428,
2024-10-30 11:26:00+05:30,5865.7,5865.7,5862,5862.05,505,
2024-10-30 11:27:00+05:30,5862,5862,5855.5,5855.55,1270,
2024-10-30 11:28:00+05:30,5859,5859,5851.95,5852.2,594,
2024-10-30 11:29:00+05:30,5852.2,5855,5851.3,5852.05,728,
2024-10-30 11:30:00+05:30,5852.05,5854.2,5851.85,5851.85,239,
2024-10-30 11:31:00+05:30,5851.85,5857.45,5851.85,5854.5,648,
2024-10-30 11:32:00+05:30,5853.45,5857.2,5851.2,5851.75,496,
2024-10-30 11:33:00+05:30,5851.7,5853.6,5851.15,5851.5,410,
2024-10-30 11:34:00+05:30,5852.45,5858,5851.5,5855.25,305,
2024-10-30 11:35:00+05:30,5855.25,5857.8,5851,5857.8,1058,
2024-10-30 11:36:00+05:30,5857.8,5857.8,5851.75,5853,384,
2024-10-30 11:37:00+05:30,5853.2,5855.2,5852.15,5855.2,351,
2024-10-30 11:38:00+05:30,5852.9,5856.15,5852.9,5853.3,542,
2024-10-30 11:39:00+05:30,5853.3,5855.15,5852.1,5852.1,284,
2024-10-30 11:40:00+05:30,5852.1,5854.8,5851.45,5853.25,357,
2024-10-30 11:41:00+05:30,5852.6,5852.6,5847,5847.55,914,
2024-10-30 11:42:00+05:30,5848.5,5851,5847.55,5850.2,251,
2024-10-30 11:43:00+05:30,5850.2,5853.6,5850,5850.05,514,
2024-10-30 11:44:00+05:30,5850.05,5856.5,5850.05,5851.6,362,
2024-10-30 11:45:00+05:30,5852.45,5855.3,5852.2,5854.95,310,
2024-10-30 11:46:00+05:30,5854.95,5855.05,5853.25,5854.65,271,
2024-10-30 11:47:00+05:30,5853.8,5855.3,5850.1,5854.7,537,
2024-10-30 11:48:00+05:30,5850.55,5852.45,5850.55,5850.7,343,
2024-10-30 11:49:00+05:30,5850.7,5854.95,5850.35,5854.95,347,
2024-10-30 11:50:00+05:30,5853.45,5857.25,5853.05,5854.15,390,
2024-10-30 11:51:00+05:30,5854.15,5857.15,5850.65,5851.2,462,
2024-10-30 11:52:00+05:30,5851.2,5853.85,5851.2,5853.1,329,
2024-10-30 11:53:00+05:30,5853.1,5853.1,5850.5,5850.7,419,
2024-10-30 11:54:00+05:30,5850.7,5854.35,5850.45,5851.9,287,
2024-10-30 11:55:00+05:30,5852.9,5855.05,5850.55,5852.75,286,
2024-10-30 11:56:00+05:30,5850,5855.4,5850,5852.65,685,
2024-10-30 11:57:00+05:30,5852.45,5859,5852.35,5855.85,307,
2024-10-30 11:58:00+05:30,5855.85,5859,5855.85,5856.7,353,
2024-10-30 11:59:00+05:30,5857.5,5864.45,5856.7,5864.45,314,
2024-10-30 12:00:00+05:30,5863.5,5871.2,5863.5,5870.85,616,
2024-10-30 12:01:00+05:30,5869.5,5875.25,5869.5,5874.7,549,
2024-10-30 12:02:00+05:30,5874.7,5874.7,5866.3,5868,499,
2024-10-30 12:03:00+05:30,5869.7,5870,5867.85,5870,256,
2024-10-30 12:04:00+05:30,5869.25,5872.3,5869.25,5871,160,
2024-10-30 12:05:00+05:30,5871,5873.8,5869.7,5871,546,
2024-10-30 12:06:00+05:30,5870.45,5880,5870.45,5880,933,
2024-10-30 12:07:00+05:30,5880,5885,5878.55,5884.9,1030,
2024-10-30 12:08:00+05:30,5888,5888,5883.8,5883.8,509,
2024-10-30 12:09:00+05:30,5883.3,5883.3,5878.95,5879.9,304,
2024-10-30 12:10:00+05:30,5881.3,5886,5880.7,5886,641,
2024-10-30 12:11:00+05:30,5884.9,5888,5884.9,5887.5,519,
2024-10-30 12:12:00+05:30,5887.5,5887.6,5880.1,5884.6,656,
2024-10-30 12:13:00+05:30,5881.45,5887.45,5881.45,5887.45,591,
2024-10-30 12:14:00+05:30,5887.45,5888.1,5883.15,5888.05,313,
2024-10-30 12:15:00+05:30,5887.35,5891.95,5886.15,5891.45,540,
2024-10-30 12:16:00+05:30,5891.45,5892.95,5890.15,5891.7,460,
2024-10-30 12:17:00+05:30,5893.5,5896.95,5892.55,5894.75,953,
2024-10-30 12:18:00+05:30,5895.5,5896.45,5894.55,5895.6,412,
2024-10-30 12:19:00+05:30,5896,5900,5892.05,5894.75,1518,
2024-10-30 12:20:00+05:30,5894.35,5896.6,5894.35,5896,203,
2024-10-30 12:21:00+05:30,5894.35,5899,5894.35,5896.9,429,
2024-10-30 12:22:00+05:30,5896.9,5899,5896.45,5897.6,418,
2024-10-30 12:23:00+05:30,5900,5907.1,5898.45,5898.45,1915,
2024-10-30 12:24:00+05:30,5898.4,5903.25,5896.7,5901.7,1137,
2024-10-30 12:25:00+05:30,5901.7,5905.95,5900.2,5900.2,647,
2024-10-30 12:26:00+05:30,5900.2,5904.3,5900,5900,343,
2024-10-30 12:27:00+05:30,5902.55,5903.15,5899,5899.25,928,
2024-10-30 12:28:00+05:30,5899.25,5900.8,5895.35,5897.45,519,
2024-10-30 12:29:00+05:30,5898.1,5900.6,5897.1,5899.4,280,
2024-10-30 12:30:00+05:30,5898.65,5901.8,5898.3,5900.8,325,
2024-10-30 12:31:00+05:30,5900.5,5901.25,5896.05,5901,464,
2024-10-30 12:32:00+05:30,5899.8,5902.85,5899.2,5900.75,326,
2024-10-30 12:33:00+05:30,5900.35,5901.7,5898.9,5899.95,668,
2024-10-30 12:34:00+05:30,5900,5901.5,5899.4,5900.3,251,
2024-10-30 12:35:00+05:30,5900.2,5902.5,5900,5900.2,712,
2024-10-30 12:36:00+05:30,5901.05,5911,5900.15,5910,1975,
2024-10-30 12:37:00+05:30,5910,5912,5909.1,5911.9,1833,
2024-10-30 12:38:00+05:30,5911.9,5913.7,5910,5913.45,1371,
2024-10-30 12:39:00+05:30,5913.45,5919.8,5910.35,5917,3088,
2024-10-30 12:40:00+05:30,5916.95,5922,5916.95,5921,3425,
2024-10-30 12:41:00+05:30,5921,5921,5918.05,5920.45,899,
2024-10-30 12:42:00+05:30,5920.45,5920.45,5916.5,5916.5,1185,
2024-10-30 12:43:00+05:30,5916.5,5920.25,5916.5,5920.25,1277,
2024-10-30 12:44:00+05:30,5920.25,5922,5919.6,5921.8,1011,
2024-10-30 12:45:00+05:30,5921.8,5922.35,5920.25,5922.35,280,
2024-10-30 12:46:00+05:30,5922.1,5926.45,5922.05,5924,1644,
2024-10-30 12:47:00+05:30,5924,5929.95,5922.65,5925,3618,
2024-10-30 12:48:00+05:30,5925.2,5926.8,5923.2,5923.2,937,
2024-10-30 12:49:00+05:30,5923.2,5926.7,5923.2,5924.15,440,
2024-10-30 12:50:00+05:30,5924.65,5925.5,5923.25,5924.15,987,
2024-10-30 12:51:00+05:30,5924.55,5924.55,5917.15,5919.35,2950,
2024-10-30 12:52:00+05:30,5919.35,5924.5,5918.25,5922.25,789,
2024-10-30 12:53:00+05:30,5922.25,5930,5922.25,5927.85,471,
2024-10-30 12:54:00+05:30,5929.2,5933.95,5925,5931.65,1223,
2024-10-30 12:55:00+05:30,5931.65,5931.65,5929.25,5931.5,286,
2024-10-30 12:56:00+05:30,5931.5,5931.5,5923.3,5924.35,447,
2024-10-30 12:57:00+05:30,5925.1,5927,5922.95,5923,819,
2024-10-30 12:58:00+05:30,5923,5924,5918.15,5922,5285,
2024-10-30 12:59:00+05:30,5922,5922,5916.7,5917,1870,
2024-10-30 13:00:00+05:30,5917.95,5921.5,5914.8,5920,3724,
2024-10-30 13:01:00+05:30,5919.5,5920,5913.95,5913.95,1979,
2024-10-30 13:02:00+05:30,5914.4,5915,5912.6,5914.95,815,
2024-10-30 13:03:00+05:30,5914.95,5915,5914.45,5914.55,1011,
2024-10-30 13:04:00+05:30,5914.9,5915,5914.45,5914.45,1108,
2024-10-30 13:05:00+05:30,5914.95,5922.65,5914.65,5922.65,2833,
2024-10-30 13:06:00+05:30,5922.65,5922.65,5919.2,5919.65,1123,
2024-10-30 13:07:00+05:30,5919.65,5920.65,5919.65,5920.05,586,
2024-10-30 13:08:00+05:30,5920,5922,5920,5921.1,668,
2024-10-30 13:09:00+05:30,5921.1,5925,5920.6,5923,948,
2024-10-30 13:10:00+05:30,5922.1,5922.85,5920,5921.25,753,
2024-10-30 13:11:00+05:30,5921.25,5921.25,5920.05,5920.05,607,
2024-10-30 13:12:00+05:30,5920.05,5920.25,5920,5920.05,973,
2024-10-30 13:13:00+05:30,5920.8,5926.25,5915,5921.1,2678,
2024-10-30 13:14:00+05:30,5921.1,5926,5915.95,5923,2301,
2024-10-30 13:15:00+05:30,5923,5924.55,5920,5922.8,761,
2024-10-30 13:16:00+05:30,5922.85,5927.95,5920,5922.5,2770,
2024-10-30 13:17:00+05:30,5922.5,5922.6,5920,5920.3,710,
2024-10-30 13:18:00+05:30,5920.3,5923.8,5920.2,5923.15,777,
2024-10-30 13:19:00+05:30,5921.45,5923.15,5921.1,5922.75,154,
2024-10-30 13:20:00+05:30,5921.1,5921.85,5920,5920,461,
2024-10-30 13:21:00+05:30,5920,5925.8,5920,5920,1770,
2024-10-30 13:22:00+05:30,5920,5923.05,5915.35,5920,3361,
2024-10-30 13:23:00+05:30,5919.1,5922.2,5919.1,5920.05,225,
2024-10-30 13:24:00+05:30,5920.05,5920.6,5920,5920.05,610,
2024-10-30 13:25:00+05:30,5920.25,5920.25,5920,5920,787,
2024-10-30 13:26:00+05:30,5920,5921.65,5920,5920.85,1796,
2024-10-30 13:27:00+05:30,5920.2,5920.75,5920,5920,511,
2024-10-30 13:28:00+05:30,5920,5920.05,5917.45,5919.05,2121,
2024-10-30 13:29:00+05:30,5919,5919,5915.1,5918.7,1195,
2024-10-30 13:30:00+05:30,5918.55,5919.05,5915,5918.3,2707,
2024-10-30 13:31:00+05:30,5918.65,5924.25,5918.25,5923.35,1097,
2024-10-30 13:32:00+05:30,5923.35,5923.35,5920.65,5920.95,447,
2024-10-30 13:33:00+05:30,5920.95,5928,5920,5924.15,2934,
2024-10-30 13:34:00+05:30,5925,5925.35,5922.9,5923.85,381,
2024-10-30 13:35:00+05:30,5923.85,5923.9,5920,5921.15,1095,
2024-10-30 13:36:00+05:30,5921.45,5921.75,5920,5920.15,1025,
2024-10-30 13:37:00+05:30,5920.15,5920.7,5920,5920.35,764,
2024-10-30 13:38:00+05:30,5920.2,5922.95,5917.2,5918.5,3243,
2024-10-30 13:39:00+05:30,5917.85,5918.9,5907.15,5907.15,4529,
2024-10-30 13:40:00+05:30,5910.65,5910.65,5892.55,5894.6,4069,
2024-10-30 13:41:00+05:30,5894.6,5894.6,5886.05,5888.1,1809,
2024-10-30 13:42:00+05:30,5888.1,5889.45,5886.75,5886.9,734,
2024-10-30 13:43:00+05:30,5886.9,5887.75,5880,5880,2014,
2024-10-30 13:44:00+05:30,5880,5882.9,5875.95,5876.1,1445,
2024-10-30 13:45:00+05:30,5876.1,5877.15,5872,5873.35,1269,
2024-10-30 13:46:00+05:30,5872.15,5874.95,5867.9,5868.05,1416,
2024-10-30 13:47:00+05:30,5867.8,5870.45,5866.3,5870.3,769,
2024-10-30 13:48:00+05:30,5869.6,5886.55,5869.6,5881.7,988,
2024-10-30 13:49:00+05:30,5881.7,5883.95,5878.3,5880,485,
2024-10-30 13:50:00+05:30,5880,5896.25,5880,5885.4,1323,
2024-10-30 13:51:00+05:30,5887.25,5889.75,5880.75,5883.95,1672,
2024-10-30 13:52:00+05:30,5887.1,5892.2,5886.05,5890,427,
2024-10-30 13:53:00+05:30,5890,5890,5886.25,5886.25,245,
2024-10-30 13:54:00+05:30,5886.25,5886.75,5880.7,5882.65,300,
2024-10-30 13:55:00+05:30,5882.65,5885.85,5881.4,5885.85,241,
2024-10-30 13:56:00+05:30,5885.85,5892.9,5882.25,5892.9,413,
2024-10-30 13:57:00+05:30,5893.2,5893.2,5883.55,5887,572,
2024-10-30 13:58:00+05:30,5884,5887.15,5883.25,5884.1,472,
2024-10-30 13:59:00+05:30,5884.1,5888.3,5883.95,5884.8,232,
2024-10-30 14:00:00+05:30,5884.15,5886.25,5882.4,5885.8,872,
2024-10-30 14:01:00+05:30,5885.8,5885.8,5883.15,5884.85,313,
2024-10-30 14:02:00+05:30,5884.85,5886.6,5883.15,5885.7,269,
2024-10-30 14:03:00+05:30,5884.9,5887.75,5884.2,5887.7,222,
2024-10-30 14:04:00+05:30,5887.7,5887.7,5884,5884,503,
2024-10-30 14:05:00+05:30,5884,5885.8,5883.95,5884.65,528,
2024-10-30 14:06:00+05:30,5884.65,5887.05,5882.5,5882.5,221,
2024-10-30 14:07:00+05:30,5882.5,5883.4,5877.05,5878.45,875,
2024-10-30 14:08:00+05:30,5878.45,5882.05,5877.55,5879.7,482,
2024-10-30 14:09:00+05:30,5879.7,5884,5879.7,5880.6,632,
2024-10-30 14:10:00+05:30,5880.6,5883.2,5880.6,5880.7,473,
2024-10-30 14:11:00+05:30,5880.7,5881.5,5877.6,5879.6,605,
2024-10-30 14:12:00+05:30,5879.6,5882.75,5879.6,5880.2,471,
2024-10-30 14:13:00+05:30,5880.2,5882.2,5875.95,5877.85,1109,
2024-10-30 14:14:00+05:30,5877.85,5879,5876.7,5877,509,
2024-10-30 14:15:00+05:30,5877,5877.65,5871.3,5871.95,1423,
2024-10-30 14:16:00+05:30,5871.55,5872.8,5871.5,5872.35,156,
2024-10-30 14:17:00+05:30,5872.45,5876.4,5872.45,5875.6,471,
2024-10-30 14:18:00+05:30,5875.6,5876.8,5873.4,5875.85,457,
2024-10-30 14:19:00+05:30,5875.85,5877.05,5874,5876.85,263,
2024-10-30 14:20:00+05:30,5875,5877.15,5875,5877,268,
2024-10-30 14:21:00+05:30,5877,5880,5875.35,5880,289,
2024-10-30 14:22:00+05:30,5877.75,5878.3,5871,5871.8,2033,
2024-10-30 14:23:00+05:30,5869.6,5872,5868.75,5870.9,585,
2024-10-30 14:24:00+05:30,5870.9,5873.85,5870.05,5870.65,393,
2024-10-30 14:25:00+05:30,5870.65,5872.8,5868.25,5869,386,
2024-10-30 14:26:00+05:30,5869,5872.65,5868.5,5868.95,218,
2024-10-30 14:27:00+05:30,5868.95,5869.15,5866.65,5866.65,895,
2024-10-30 14:28:00+05:30,5867.1,5868,5864.3,5864.35,1964,
2024-10-30 14:29:00+05:30,5865,5879.85,5864.55,5879.85,6409,
2024-10-30 14:30:00+05:30,5880.5,5895.2,5879,5879,2324,
2024-10-30 14:31:00+05:30,5877.9,5880,5874.25,5877.6,306,
2024-10-30 14:32:00+05:30,5877.6,5885,5877.05,5883.9,425,
2024-10-30 14:33:00+05:30,5883.9,5885.9,5882.85,5884.4,86,
2024-10-30 14:34:00+05:30,5884.35,5886.9,5883.75,5885.65,85,
2024-10-30 14:35:00+05:30,5885.65,5887.6,5885.65,5886.5,155,
2024-10-30 14:36:00+05:30,5886.5,5886.95,5880,5886.8,463,
2024-10-30 14:37:00+05:30,5887.35,5888.75,5882.95,5882.95,344,
2024-10-30 14:38:00+05:30,5882.95,5909.9,5882.95,5897.75,14733,
2024-10-30 14:39:00+05:30,5897.75,5899.25,5897.6,5899.05,189,
2024-10-30 14:40:00+05:30,5898.1,5899,5897.6,5897.9,300,
2024-10-30 14:41:00+05:30,5897.9,5898.8,5894,5897.6,1050,
2024-10-30 14:42:00+05:30,5898.9,5902.15,5893.05,5897,4475,
2024-10-30 14:43:00+05:30,5897,5897.95,5896.25,5896.7,845,
2024-10-30 14:44:00+05:30,5896.75,5896.75,5895.45,5895.55,500,
2024-10-30 14:45:00+05:30,5895.95,5895.95,5894.85,5894.85,342,
2024-10-30 14:46:00+05:30,5895.75,5895.75,5892.7,5892.7,1055,
2024-10-30 14:47:00+05:30,5891.15,5893.45,5889.05,5889.05,1061,
2024-10-30 14:48:00+05:30,5889,5891.75,5881,5883.4,4245,
2024-10-30 14:49:00+05:30,5883.4,5886,5881.85,5882.25,647,
2024-10-30 14:50:00+05:30,5882.25,5882.25,5879.05,5879.05,1241,
2024-10-30 14:51:00+05:30,5879.05,5882.45,5879.05,5881.45,830,
2024-10-30 14:52:00+05:30,5881.4,5881.65,5879,5879.5,772,
2024-10-30 14:53:00+05:30,5879.5,5882.65,5876.45,5881.4,1572,
2024-10-30 14:54:00+05:30,5881.4,5884,5881.15,5883.05,689,
2024-10-30 14:55:00+05:30,5883.05,5883.85,5880.2,5880.75,635,
2024-10-30 14:56:00+05:30,5880.75,5883.65,5880.75,5881,571,
2024-10-30 14:57:00+05:30,5881.1,5891.4,5881.1,5889.65,723,
2024-10-30 14:58:00+05:30,5889.65,5892.85,5884.75,5888.15,1232,
2024-10-30 14:59:00+05:30,5888.15,5888.85,5886.65,5887.35,535,
2024-10-30 15:00:00+05:30,5887.35,5903.65,5887.35,5894.8,11158,
2024-10-30 15:01:00+05:30,5894.8,5895.25,5890.35,5892.4,3583,
2024-10-30 15:02:00+05:30,5892.4,5895,5891.2,5891.6,1757,
2024-10-30 15:03:00+05:30,5892.95,5894.75,5892.25,5892.35,1878,
2024-10-30 15:04:00+05:30,5892.35,5896.9,5890.95,5894.45,2401,
2024-10-30 15:05:00+05:30,5894.45,5896.65,5886,5886,2873,
2024-10-30 15:06:00+05:30,5887.4,5890.7,5886.35,5889.8,2200,
2024-10-30 15:07:00+05:30,5889.4,5889.8,5886,5887.3,2608,
2024-10-30 15:08:00+05:30,5887.3,5887.5,5880.1,5881.1,3379,
2024-10-30 15:09:00+05:30,5881.1,5886.2,5880.05,5883.95,3280,
2024-10-30 15:10:00+05:30,5883.8,5886.75,5883.05,5885.1,2840,
2024-10-30 15:11:00+05:30,5885.1,5887.55,5881.95,5883,4425,
2024-10-30 15:12:00+05:30,5883,5885.15,5881.55,5882.35,2509,
2024-10-30 15:13:00+05:30,5882.35,5885.8,5882.15,5883.5,9223,
2024-10-30 15:14:00+05:30,5883.5,5884.8,5879.05,5880,3058,
2024-10-30 15:15:00+05:30,5880.3,5883.85,5880.2,5881.4,2112,
2024-10-30 15:16:00+05:30,5881.45,5884.7,5881.45,5884.4,2617,
2024-10-30 15:17:00+05:30,5884.75,5885.1,5880.4,5880.4,3037,
2024-10-30 15:18:00+05:30,5880.8,5884.15,5880.25,5884.1,2083,
2024-10-30 15:19:00+05:30,5884.15,5884.55,5881.8,5882.75,3384,
2024-10-30 15:20:00+05:30,5882.75,5888.3,5882.6,5885.75,3756,
2024-10-30 15:21:00+05:30,5886.25,5888.5,5883.4,5884,4030,
2024-10-30 15:22:00+05:30,5884.05,5886.75,5881.35,5885.85,8073,
2024-10-30 15:23:00+05:30,5884.8,5888.5,5884.25,5887.4,3176,
2024-10-30 15:24:00+05:30,5887.4,5892.45,5887.1,5888.4,4390,
2024-10-30 15:25:00+05:30,5888.35,5888.95,5881.8,5883.6,3325,
2024-10-30 15:26:00+05:30,5883,5888.3,5883,5887.85,2671,
2024-10-30 15:27:00+05:30,5885.1,5889.85,5885.1,5886,3114,
2024-10-30 15:28:00+05:30,5886.5,5889.7,5883.15,5889,1969,
2024-10-30 15:29:00+05:30,5889.6,5890,5880,5880.05,512,
2024-10-31 09:15:00+05:30,5937.5,5940,5886.6,5888.75,7453,
2024-10-31 09:16:00+05:30,5888.75,5905.45,5882.1,5902.3,2351,
2024-10-31 09:17:00+05:30,5901.25,5924.95,5891.35,5902.6,3386,
2024-10-31 09:18:00+05:30,5907.85,5909.95,5901.35,5904.25,1271,
2024-10-31 09:19:00+05:30,5906,5908.1,5896.3,5899.95,1543,
2024-10-31 09:20:00+05:30,5898.25,5907.95,5898.25,5907.95,578,
2024-10-31 09:21:00+05:30,5906.1,5906.25,5882,5884.75,2689,
2024-10-31 09:22:00+05:30,5879.95,5889.95,5873.3,5889.95,2811,
2024-10-31 09:23:00+05:30,5893.85,5893.85,5885.95,5885.95,1248,
2024-10-31 09:24:00+05:30,5886.55,5888.4,5876.95,5876.95,1172,
2024-10-31 09:25:00+05:30,5871.7,5875.55,5868.35,5873.35,846,
2024-10-31 09:26:00+05:30,5873.4,5873.65,5867.1,5867.25,547,
2024-10-31 09:27:00+05:30,5867.25,5873.95,5858.65,5868.6,1805,
2024-10-31 09:28:00+05:30,5868.6,5882.85,5868.6,5874.5,1749,
2024-10-31 09:29:00+05:30,5874.65,5877.95,5866.4,5870,1315,
2024-10-31 09:30:00+05:30,5872.35,5877.05,5867.85,5872.2,1070,
2024-10-31 09:31:00+05:30,5869,5874.85,5868.5,5874.65,596,
2024-10-31 09:32:00+05:30,5874.65,5875.1,5867.7,5872,1540,
2024-10-31 09:33:00+05:30,5871.6,5881,5866.05,5880.5,1312,
2024-10-31 09:34:00+05:30,5877.4,5894.45,5877.4,5894.45,1876,
2024-10-31 09:35:00+05:30,5894.45,5895.3,5879.55,5882.85,1602,
2024-10-31 09:36:00+05:30,5882.85,5883.7,5877.7,5880,710,
2024-10-31 09:37:00+05:30,5880,5880,5868.45,5868.7,532,
2024-10-31 09:38:00+05:30,5868.7,5873.55,5865.7,5870.65,608,
2024-10-31 09:39:00+05:30,5870.65,5878.75,5870.65,5872.65,596,
2024-10-31 09:40:00+05:30,5873.05,5876.15,5870.05,5874.65,553,
2024-10-31 09:41:00+05:30,5874.65,5882.9,5871.7,5882.9,1520,
2024-10-31 09:42:00+05:30,5882.9,5884.2,5874.3,5875,489,
2024-10-31 09:43:00+05:30,5875,5879.15,5873,5873,383,
2024-10-31 09:44:00+05:30,5873,5884.4,5873,5881.2,1086,
2024-10-31 09:45:00+05:30,5881.2,5889.9,5881.2,5885.3,1384,
2024-10-31 09:46:00+05:30,5885.3,5886.8,5882.35,5885.15,547,
2024-10-31 09:47:00+05:30,5885.15,5885.15,5878.2,5879.25,484,
2024-10-31 09:48:00+05:30,5881.9,5883.6,5880.1,5883.25,885,
2024-10-31 09:49:00+05:30,5883,5883,5875.9,5877.1,534,
2024-10-31 09:50:00+05:30,5879.95,5880,5878.6,5878.65,752,
2024-10-31 09:51:00+05:30,5878.9,5879.5,5870.35,5870.75,557,
2024-10-31 09:52:00+05:30,5871.5,5874.1,5866,5869.3,860,
2024-10-31 09:53:00+05:30,5869.3,5870.55,5862,5869.7,999,
2024-10-31 09:54:00+05:30,5869.7,5872.15,5866.55,5866.55,447,
2024-10-31 09:55:00+05:30,5866.55,5868.6,5866.55,5867.25,94,
2024-10-31 09:56:00+05:30,5867.25,5872,5867.25,5872,329,
2024-10-31 09:57:00+05:30,5872,5883.45,5869.55,5883.45,1504,
2024-10-31 09:58:00+05:30,5883.45,5884.45,5877.15,5877.4,2213,
2024-10-31 09:59:00+05:30,5877.4,5892.8,5877.4,5892.8,1254,
2024-10-31 10:00:00+05:30,5892.8,5902.35,5886.6,5900,7023,
2024-10-31 10:01:00+05:30,5900,5900.5,5890.95,5894.95,2363,
2024-10-31 10:02:00+05:30,5894.95,5897.55,5891,5894.3,799,
2024-10-31 10:03:00+05:30,5894.3,5898.25,5894,5895.9,390,
2024-10-31 10:04:00+05:30,5895.9,5908,5895.9,5908,1283,
2024-10-31 10:05:00+05:30,5908,5910.4,5908,5910,456,
2024-10-31 10:06:00+05:30,5910,5910.85,5902.45,5902.45,1520,
2024-10-31 10:07:00+05:30,5905.8,5907.3,5894.1,5895.8,1652,
2024-10-31 10:08:00+05:30,5895.8,5898.65,5893,5895.75,1028,
2024-10-31 10:09:00+05:30,5895.75,5895.75,5885.65,5890.45,494,
2024-10-31 10:10:00+05:30,5890.85,5901.25,5890.85,5901.25,1588,
2024-10-31 10:11:00+05:30,5901.25,5901.7,5892,5892,645,
2024-10-31 10:12:00+05:30,5892,5899.9,5889.5,5896.9,741,
2024-10-31 10:13:00+05:30,5896.9,5899.55,5896.9,5897.1,194,
2024-10-31 10:14:00+05:30,5897.1,5899.6,5895.05,5895.1,537,
2024-10-31 10:15:00+05:30,5896.3,5898,5890.9,5892.7,851,
2024-10-31 10:16:00+05:30,5894.9,5897.85,5891,5891,427,
2024-10-31 10:17:00+05:30,5891,5893.7,5885.05,5887.55,684,
2024-10-31 10:18:00+05:30,5887.55,5894.95,5887.35,5892.15,279,
2024-10-31 10:19:00+05:30,5892.15,5895,5890.05,5890.1,423,
2024-10-31 10:20:00+05:30,5890.1,5890.1,5887.9,5888.1,601,
2024-10-31 10:21:00+05:30,5888.1,5888.15,5882,5882.4,778,
2024-10-31 10:22:00+05:30,5882.4,5885,5873.75,5878.6,646,
2024-10-31 10:23:00+05:30,5878.95,5881.8,5878.8,5879.15,156,
2024-10-31 10:24:00+05:30,5879.15,5881.95,5879.15,5879.75,147,
2024-10-31 10:25:00+05:30,5879.75,5883.65,5876.1,5879.2,802,
2024-10-31 10:26:00+05:30,5879.2,5881.5,5879.2,5880.05,160,
2024-10-31 10:27:00+05:30,5880.05,5885.15,5880.05,5884.75,270,
2024-10-31 10:28:00+05:30,5884.75,5893.4,5882,5889.55,811,
2024-10-31 10:29:00+05:30,5891,5895.5,5890.3,5894.4,522,
2024-10-31 10:30:00+05:30,5898.5,5899,5894.05,5898,440,
2024-10-31 10:31:00+05:30,5898,5903.8,5897.25,5903.8,1030,
2024-10-31 10:32:00+05:30,5903.8,5905,5897.65,5897.7,692,
2024-10-31 10:33:00+05:30,5897.7,5899.95,5895,5895,288,
2024-10-31 10:34:00+05:30,5895,5896.95,5893.95,5895.6,264,
2024-10-31 10:35:00+05:30,5895.6,5898,5891.05,5895.3,494,
2024-10-31 10:36:00+05:30,5895.3,5898,5893.55,5894.2,497,
2024-10-31 10:37:00+05:30,5894.2,5894.2,5890.75,5893.5,285,
2024-10-31 10:38:00+05:30,5893.5,5894.5,5892.65,5894.5,196,
2024-10-31 10:39:00+05:30,5894.5,5898.4,5892.75,5893.45,507,
2024-10-31 10:40:00+05:30,5893.45,5900.85,5893.45,5897.5,261,
2024-10-31 10:41:00+05:30,5897.5,5897.5,5894,5895,312,
2024-10-31 10:42:00+05:30,5895,5895.7,5894.05,5894.05,133,
2024-10-31 10:43:00+05:30,5894.05,5897.2,5894.05,5897.2,204,
2024-10-31 10:44:00+05:30,5899.1,5899.55,5894,5898.55,423,
2024-10-31 10:45:00+05:30,5898.55,5898.55,5895.15,5897.7,94,
2024-10-31 10:46:00+05:30,5897.7,5900,5897.7,5898,115,
2024-10-31 10:47:00+05:30,5899.9,5904.3,5898,5900.45,507,
2024-10-31 10:48:00+05:30,5900.45,5901.7,5899.25,5900.9,302,
2024-10-31 10:49:00+05:30,5900.9,5900.9,5894,5895.4,352,
2024-10-31 10:50:00+05:30,5895.4,5895.4,5882.25,5882.9,3089,
2024-10-31 10:51:00+05:30,5882.9,5884.95,5882,5882,326,
2024-10-31 10:52:00+05:30,5882,5882.9,5877.7,5880.6,310,
2024-10-31 10:53:00+05:30,5880.6,5880.6,5877,5877.95,223,
2024-10-31 10:54:00+05:30,5877.95,5880.3,5877.95,5878.5,292,
2024-10-31 10:55:00+05:30,5878.5,5879.8,5878.45,5878.45,310,
2024-10-31 10:56:00+05:30,5878.45,5884.35,5878.45,5884.35,161,
2024-10-31 10:57:00+05:30,5884.35,5887.8,5882.75,5885,1043,
2024-10-31 10:58:00+05:30,5885,5885.4,5882.8,5885.4,245,
2024-10-31 10:59:00+05:30,5885.4,5885.75,5884.1,5885.3,205,
2024-10-31 11:00:00+05:30,5885.3,5890,5884.7,5890,223,
2024-10-31 11:01:00+05:30,5889.05,5890,5889.05,5890,281,
2024-10-31 11:02:00+05:30,5890,5893,5889.9,5893,4998,
2024-10-31 11:03:00+05:30,5893,5893,5886.05,5889.95,1454,
2024-10-31 11:04:00+05:30,5889.95,5889.95,5881,5881.75,602,
2024-10-31 11:05:00+05:30,5881.8,5887.95,5881.8,5887.95,632,
2024-10-31 11:06:00+05:30,5887.95,5888.25,5886.3,5888.25,115,
2024-10-31 11:07:00+05:30,5888.25,5888.25,5887.25,5887.5,209,
2024-10-31 11:08:00+05:30,5887.5,5887.95,5882.4,5882.4,382,
2024-10-31 11:09:00+05:30,5882.4,5884.65,5882,5882.6,318,
2024-10-31 11:10:00+05:30,5884.65,5885.7,5883.65,5883.65,169,
2024-10-31 11:11:00+05:30,5884.65,5890,5884.65,5889.85,386,
2024-10-31 11:12:00+05:30,5889.85,5890,5889.75,5889.9,4693,
2024-10-31 11:13:00+05:30,5889.9,5890,5889.9,5890,212,
2024-10-31 11:14:00+05:30,5890,5890,5887.1,5887.45,474,
2024-10-31 11:15:00+05:30,5887.45,5889.85,5887.45,5889.4,112,
2024-10-31 11:16:00+05:30,5889.4,5890,5888.95,5889.95,235,
2024-10-31 11:17:00+05:30,5890,5895,5889.95,5892.55,2353,
2024-10-31 11:18:00+05:30,5892.55,5895,5892.55,5893.9,340,
2024-10-31 11:19:00+05:30,5894.4,5895,5878.9,5878.95,1112,
2024-10-31 11:20:00+05:30,5881.2,5884.1,5878.5,5880,445,
2024-10-31 11:21:00+05:30,5878.55,5879.95,5878.55,5879.5,266,
2024-10-31 11:22:00+05:30,5879.5,5880,5879.5,5879.85,187,
2024-10-31 11:23:00+05:30,5879.85,5880.35,5879.75,5880.35,404,
2024-10-31 11:24:00+05:30,5880.35,5880.4,5871.75,5871.75,575,
2024-10-31 11:25:00+05:30,5871.7,5876.95,5871.7,5874.2,515,
2024-10-31 11:26:00+05:30,5874.2,5877.55,5871.8,5871.8,225,
2024-10-31 11:27:00+05:30,5871.8,5874.85,5871.8,5871.9,483,
2024-10-31 11:28:00+05:30,5874,5874,5872,5872.5,324,
2024-10-31 11:29:00+05:30,5872.5,5874.15,5872,5874,315,
2024-10-31 11:30:00+05:30,5874,5877.9,5873.5,5875.25,250,
2024-10-31 11:31:00+05:30,5876.35,5878.3,5875.25,5876.2,149,
2024-10-31 11:32:00+05:30,5876.2,5880.95,5872.9,5874.4,609,
2024-10-31 11:33:00+05:30,5874.4,5878.6,5874.4,5875.5,214,
2024-10-31 11:34:00+05:30,5877.85,5877.85,5872.25,5873.05,342,
2024-10-31 11:35:00+05:30,5873.05,5875.95,5871.7,5871.7,564,
2024-10-31 11:36:00+05:30,5871.7,5879.7,5871.7,5879.3,105,
2024-10-31 11:37:00+05:30,5879.3,5879.75,5877.65,5879.25,202,
2024-10-31 11:38:00+05:30,5879.25,5879.7,5873.8,5876.75,518,
2024-10-31 11:39:00+05:30,5876.75,5879.35,5876.75,5877.95,182,
2024-10-31 11:40:00+05:30,5877.95,5884.85,5877.95,5881.9,185,
2024-10-31 11:41:00+05:30,5881.9,5886.05,5881.9,5885.85,287,
2024-10-31 11:42:00+05:30,5885.85,5885.85,5878.75,5878.75,674,
2024-10-31 11:43:00+05:30,5878.75,5879.5,5876.35,5877.1,202,
2024-10-31 11:44:00+05:30,5877.1,5882.65,5874.35,5876.5,486,
2024-10-31 11:45:00+05:30,5879.05,5879.4,5877.7,5878,282,
2024-10-31 11:46:00+05:30,5878,5878.8,5875,5876,725,
2024-10-31 11:47:00+05:30,5875.5,5879.95,5875.5,5879.95,183,
2024-10-31 11:48:00+05:30,5879.95,5881.1,5878.45,5878.5,105,
2024-10-31 11:49:00+05:30,5881.2,5881.2,5879.7,5879.8,331,
2024-10-31 11:50:00+05:30,5880.35,5882,5877.8,5879.85,451,
2024-10-31 11:51:00+05:30,5879.85,5879.85,5870.1,5870.1,814,
2024-10-31 11:52:00+05:30,5872.4,5872.55,5869,5870.05,730,
2024-10-31 11:53:00+05:30,5869,5872.05,5867.25,5867.25,719,
2024-10-31 11:54:00+05:30,5867,5869.45,5867,5867.25,144,
2024-10-31 11:55:00+05:30,5867.25,5869,5867,5867,318,
2024-10-31 11:56:00+05:30,5867,5868.2,5860,5865.4,1410,
2024-10-31 11:57:00+05:30,5862.7,5869,5862.5,5868.6,723,
2024-10-31 11:58:00+05:30,5868.6,5869,5867.95,5868.1,199,
2024-10-31 11:59:00+05:30,5868.1,5870,5868.1,5870,125,
2024-10-31 12:00:00+05:30,5870,5873.2,5869.5,5872.1,361,
2024-10-31 12:01:00+05:30,5872.1,5872.1,5868.35,5868.95,325,
2024-10-31 12:02:00+05:30,5868.95,5878.65,5868.95,5878.65,1316,
2024-10-31 12:03:00+05:30,5878.65,5878.65,5874.45,5877.6,796,
2024-10-31 12:04:00+05:30,5877.6,5877.6,5870.2,5870.2,301,
2024-10-31 12:05:00+05:30,5870.2,5874.1,5870.2,5871.9,150,
2024-10-31 12:06:00+05:30,5871.9,5874.4,5868.6,5868.6,288,
2024-10-31 12:07:00+05:30,5868.6,5872,5868.6,5870.1,103,
2024-10-31 12:08:00+05:30,5871.6,5874.1,5870.95,5870.95,212,
2024-10-31 12:09:00+05:30,5870.95,5872.9,5867,5869.8,528,
2024-10-31 12:10:00+05:30,5867.35,5872.6,5867.35,5870.5,135,
2024-10-31 12:11:00+05:30,5870.5,5873.9,5870.5,5871.95,259,
2024-10-31 12:12:00+05:30,5871.95,5875,5871.95,5873.05,212,
2024-10-31 12:13:00+05:30,5874.95,5878.1,5874,5875.45,170,
2024-10-31 12:14:00+05:30,5875.45,5877.5,5873.05,5873.1,390,
2024-10-31 12:15:00+05:30,5873.1,5875.6,5873.1,5873.7,362,
2024-10-31 12:16:00+05:30,5873.7,5876.85,5873.7,5875,122,
2024-10-31 12:17:00+05:30,5875,5876.4,5875,5876.4,152,
2024-10-31 12:18:00+05:30,5875.5,5880,5875,5875,350,
2024-10-31 12:19:00+05:30,5875.05,5877.4,5870.7,5871.65,684,
2024-10-31 12:20:00+05:30,5871.65,5876.4,5871.2,5875.85,89,
2024-10-31 12:21:00+05:30,5875.85,5880,5874.2,5878,233,
2024-10-31 12:22:00+05:30,5878,5879.95,5878,5879.35,244,
2024-10-31 12:23:00+05:30,5879.35,5880.3,5878.95,5880.3,252,
2024-10-31 12:24:00+05:30,5880,5881.75,5880,5880.15,196,
2024-10-31 12:25:00+05:30,5881.8,5882.9,5881.7,5881.7,115,
2024-10-31 12:26:00+05:30,5881.7,5883.85,5878.1,5880.95,455,
2024-10-31 12:27:00+05:30,5880.95,5884.9,5880.95,5882.25,145,
2024-10-31 12:28:00+05:30,5882.25,5884.55,5882.25,5884.55,250,
2024-10-31 12:29:00+05:30,5884.55,5889.4,5884.55,5888.5,512,
2024-10-31 12:30:00+05:30,5888.5,5890,5888.5,5888.55,645,
2024-10-31 12:31:00+05:30,5888.35,5889.85,5882.9,5884.15,249,
2024-10-31 12:32:00+05:30,5884.15,5886,5877.3,5878.6,496,
2024-10-31 12:33:00+05:30,5878.6,5884.2,5878.6,5884,193,
2024-10-31 12:34:00+05:30,5884,5887.5,5884,5886.05,284,
2024-10-31 12:35:00+05:30,5888,5890,5881.9,5881.9,510,
2024-10-31 12:36:00+05:30,5881.9,5885.65,5881.9,5884.55,261,
2024-10-31 12:37:00+05:30,5884.55,5887.75,5884.55,5887.35,127,
2024-10-31 12:38:00+05:30,5887.35,5887.35,5882.15,5884.75,360,
2024-10-31 12:39:00+05:30,5884.35,5887.75,5882.5,5884.7,153,
2024-10-31 12:40:00+05:30,5884.7,5890,5884.7,5890,305,
2024-10-31 12:41:00+05:30,5890,5890,5883.95,5885,1406,
2024-10-31 12:42:00+05:30,5885,5890,5879.7,5888,2562,
2024-10-31 12:43:00+05:30,5888,5890,5885,5887.15,597,
2024-10-31 12:44:00+05:30,5887.15,5888.6,5885,5886.1,629,
2024-10-31 12:45:00+05:30,5886.1,5886.1,5881.4,5881.5,211,
2024-10-31 12:46:00+05:30,5881.5,5885.05,5881.5,5883.95,197,
2024-10-31 12:47:00+05:30,5883.95,5886.5,5883.95,5886.1,289,
2024-10-31 12:48:00+05:30,5885.7,5887.8,5885.7,5887.8,161,
2024-10-31 12:49:00+05:30,5887.8,5888.3,5884.75,5887.2,350,
2024-10-31 12:50:00+05:30,5886.35,5886.35,5877,5878.2,538,
2024-10-31 12:51:00+05:30,5878.2,5885.15,5878.2,5882.35,188,
2024-10-31 12:52:00+05:30,5882.55,5885.15,5882.55,5883.55,160,
2024-10-31 12:53:00+05:30,5883.55,5885.4,5880.1,5880.1,419,
2024-10-31 12:54:00+05:30,5880.05,5883.85,5880.05,5881.55,214,
2024-10-31 12:55:00+05:30,5881.55,5882.6,5879.75,5880.85,320,
2024-10-31 12:56:00+05:30,5880.85,5886.75,5880.75,5883.15,380,
2024-10-31 12:57:00+05:30,5883.15,5888.1,5883.15,5885.05,549,
2024-10-31 12:58:00+05:30,5885.05,5888.85,5885.05,5888.85,213,
2024-10-31 12:59:00+05:30,5888.85,5893,5887.7,5893,1355,
2024-10-31 13:00:00+05:30,5891.85,5893,5887.35,5890,584,
2024-10-31 13:01:00+05:30,5890,5890.7,5885,5885,505,
2024-10-31 13:02:00+05:30,5885,5888.9,5882.8,5882.8,391,
2024-10-31 13:03:00+05:30,5882.8,5890,5882.8,5886.2,527,
2024-10-31 13:04:00+05:30,5886.2,5890,5886.2,5888.95,167,
2024-10-31 13:05:00+05:30,5888.95,5890,5888.95,5889.6,218,
2024-10-31 13:06:00+05:30,5889.8,5890,5889.8,5890,1821,
2024-10-31 13:07:00+05:30,5890,5901.4,5889.95,5899.65,2755,
2024-10-31 13:08:00+05:30,5898,5900,5896.35,5896.45,510,
2024-10-31 13:09:00+05:30,5896.45,5899.5,5890.9,5894.55,362,
2024-10-31 13:10:00+05:30,5894.55,5894.55,5880,5880,524,
2024-10-31 13:11:00+05:30,5880,5888.35,5880,5886.85,711,
2024-10-31 13:12:00+05:30,5886.25,5889,5885.5,5888.7,220,
2024-10-31 13:13:00+05:30,5888.7,5888.95,5887.5,5887.5,376,
2024-10-31 13:14:00+05:30,5887.5,5888.85,5887.5,5887.5,451,
2024-10-31 13:15:00+05:30,5887.5,5889.3,5887.5,5889.3,350,
2024-10-31 13:16:00+05:30,5889.3,5894.65,5888.75,5891.1,513,
2024-10-31 13:17:00+05:30,5888.1,5891.5,5888.1,5889.55,236,
2024-10-31 13:18:00+05:30,5889.55,5889.75,5889.55,5889.75,196,
2024-10-31 13:19:00+05:30,5889.75,5890,5879.4,5879.4,1989,
2024-10-31 13:20:00+05:30,5879.4,5881.95,5879.4,5881.45,183,
2024-10-31 13:21:00+05:30,5880.05,5884.4,5879.3,5884.3,737,
2024-10-31 13:22:00+05:30,5884.3,5884.3,5881.85,5884.1,196,
2024-10-31 13:23:00+05:30,5884.1,5887.75,5883.25,5883.25,548,
2024-10-31 13:24:00+05:30,5883.25,5886.3,5883.25,5884.5,143,
2024-10-31 13:25:00+05:30,5886,5886.05,5883.25,5883.25,292,
2024-10-31 13:26:00+05:30,5883.25,5885.45,5880.15,5880.55,337,
2024-10-31 13:27:00+05:30,5880.55,5882.95,5880.55,5881.65,191,
2024-10-31 13:28:00+05:30,5881.65,5882.75,5878.6,5881.4,651,
2024-10-31 13:29:00+05:30,5881.4,5886.1,5880.15,5886.1,247,
2024-10-31 13:30:00+05:30,5886.1,5889.75,5886.1,5887.25,328,
2024-10-31 13:31:00+05:30,5887.25,5890,5879.5,5879.6,895,
2024-10-31 13:32:00+05:30,5879.6,5886.95,5878.85,5884.7,301,
2024-10-31 13:33:00+05:30,5884.7,5888.15,5884.7,5888.05,234,
2024-10-31 13:34:00+05:30,5888.05,5888.15,5880.05,5880.15,480,
2024-10-31 13:35:00+05:30,5880.15,5886.95,5880.15,5884.95,207,
2024-10-31 13:36:00+05:30,5885.9,5887,5885.5,5886.65,281,
2024-10-31 13:37:00+05:30,5886.65,5886.65,5880.8,5882.5,345,
2024-10-31 13:38:00+05:30,5882.5,5885.7,5882.5,5885.7,115,
2024-10-31 13:39:00+05:30,5885.7,5886.55,5885.35,5885.8,126,
2024-10-31 13:40:00+05:30,5885.8,5887.2,5885.8,5886.15,274,
2024-10-31 13:41:00+05:30,5886.55,5888.8,5886.55,5888.8,121,
2024-10-31 13:42:00+05:30,5888.8,5889.85,5886.9,5887.1,174,
2024-10-31 13:43:00+05:30,5887.1,5889.95,5887.05,5887.05,524,
2024-10-31 13:44:00+05:30,5887.05,5889.2,5887.05,5889.1,114,
2024-10-31 13:45:00+05:30,5889.15,5889.2,5888.65,5888.7,362,
2024-10-31 13:46:00+05:30,5888.7,5889.25,5884.9,5884.9,268,
2024-10-31 13:47:00+05:30,5887.05,5888.4,5887.05,5888.4,109,
2024-10-31 13:48:00+05:30,5888.4,5890,5887.9,5889.3,268,
2024-10-31 13:49:00+05:30,5890,5897.45,5889.95,5896.9,5935,
2024-10-31 13:50:00+05:30,5896.9,5897,5894.85,5896,257,
2024-10-31 13:51:00+05:30,5896,5904.35,5896,5904.2,1133,
2024-10-31 13:52:00+05:30,5904.35,5905,5902.8,5903.25,308,
2024-10-31 13:53:00+05:30,5903.25,5904.95,5903,5903,687,
2024-10-31 13:54:00+05:30,5903,5903,5894.45,5894.5,1432,
2024-10-31 13:55:00+05:30,5894.4,5895.95,5892.1,5892.1,466,
2024-10-31 13:56:00+05:30,5892.1,5896.2,5892.1,5893.8,314,
2024-10-31 13:57:00+05:30,5893.8,5900.65,5893.8,5898,721,
2024-10-31 13:58:00+05:30,5899.95,5902.4,5898.9,5902,308,
2024-10-31 13:59:00+05:30,5902,5904.3,5901,5901.95,679,
2024-10-31 14:00:00+05:30,5901.95,5901.95,5899.45,5899.45,286,
2024-10-31 14:01:00+05:30,5899.45,5902.4,5899.45,5902.4,363,
2024-10-31 14:02:00+05:30,5902.4,5905.95,5901.45,5905.95,443,
2024-10-31 14:03:00+05:30,5900,5904.95,5900,5904.8,1266,
2024-10-31 14:04:00+05:30,5904.8,5907.95,5903.65,5905.55,518,
2024-10-31 14:05:00+05:30,5907.95,5909.6,5906.8,5907,380,
2024-10-31 14:06:00+05:30,5907,5910,5907,5909.8,582,
2024-10-31 14:07:00+05:30,5909.8,5912.2,5909.8,5910,1685,
2024-10-31 14:08:00+05:30,5910,5912.55,5902.05,5905,8223,
2024-10-31 14:09:00+05:30,5905,5908.3,5904.05,5908.3,357,
2024-10-31 14:10:00+05:30,5908.3,5909.7,5907.15,5909.65,720,
2024-10-31 14:11:00+05:30,5910.3,5911.4,5898.4,5898.9,3802,
2024-10-31 14:12:00+05:30,5898.7,5900,5889.75,5889.75,5111,
2024-10-31 14:13:00+05:30,5892.6,5896.15,5890.75,5891.45,900,
2024-10-31 14:14:00+05:30,5891.45,5893.35,5891.45,5893.25,762,
2024-10-31 14:15:00+05:30,5893.25,5895.2,5892.85,5894,1037,
2024-10-31 14:16:00+05:30,5894,5894,5888.25,5892.55,1915,
2024-10-31 14:17:00+05:30,5892.25,5893,5888.25,5888.8,1019,
2024-10-31 14:18:00+05:30,5890,5891,5888.15,5889.4,880,
2024-10-31 14:19:00+05:30,5889.4,5890.4,5886.3,5889.85,579,
2024-10-31 14:20:00+05:30,5889.85,5890.95,5887,5888.95,1068,
2024-10-31 14:21:00+05:30,5887.5,5890.5,5887.5,5890.5,328,
2024-10-31 14:22:00+05:30,5890.5,5890.5,5889.55,5890.2,644,
2024-10-31 14:23:00+05:30,5890.2,5890.95,5888.05,5890.5,1346,
2024-10-31 14:24:00+05:30,5890.45,5890.5,5887.15,5888.95,584,
2024-10-31 14:25:00+05:30,5887.3,5890.25,5887.3,5890.25,393,
2024-10-31 14:26:00+05:30,5890.25,5890.5,5888.2,5889.95,602,
2024-10-31 14:27:00+05:30,5888.4,5890.5,5888.4,5890.5,424,
2024-10-31 14:28:00+05:30,5890.3,5891,5890.3,5891,745,
2024-10-31 14:29:00+05:30,5891,5891,5889.2,5889.45,897,
2024-10-31 14:30:00+05:30,5888.3,5891,5888.05,5890,1306,
2024-10-31 14:31:00+05:30,5888.85,5890.45,5888.65,5890.45,511,
2024-10-31 14:32:00+05:30,5890.1,5890.45,5889.9,5890,490,
2024-10-31 14:33:00+05:30,5889.95,5890,5887.05,5887.05,612,
2024-10-31 14:34:00+05:30,5886.65,5890.5,5886.6,5888.85,618,
2024-10-31 14:35:00+05:30,5888.85,5890.3,5888.2,5888.9,869,
2024-10-31 14:36:00+05:30,5889,5891.75,5883.15,5887.8,1440,
2024-10-31 14:37:00+05:30,5889.8,5894.9,5887.8,5894.55,701,
2024-10-31 14:38:00+05:30,5891.55,5894.9,5885,5885,961,
2024-10-31 14:39:00+05:30,5884.45,5885.9,5882.3,5882.4,848,
2024-10-31 14:40:00+05:30,5882.35,5888.9,5882.35,5888.75,324,
2024-10-31 14:41:00+05:30,5885.8,5890,5885.8,5890,458,
2024-10-31 14:42:00+05:30,5887.85,5890,5887.85,5889.05,950,
2024-10-31 14:43:00+05:30,5889.1,5890.5,5887.6,5890.5,1535,
2024-10-31 14:44:00+05:30,5888.4,5892,5888.4,5892,3662,
2024-10-31 14:45:00+05:30,5890.8,5895.55,5890.8,5895.55,1477,
2024-10-31 14:46:00+05:30,5895.7,5899.95,5888.85,5889.25,7522,
2024-10-31 14:47:00+05:30,5891.9,5896.85,5889.3,5895.95,477,
2024-10-31 14:48:00+05:30,5894,5895.9,5885,5885.05,1569,
2024-10-31 14:49:00+05:30,5885.05,5890.05,5885.05,5888.1,1420,
2024-10-31 14:50:00+05:30,5888.1,5891.45,5883.75,5885,1193,
2024-10-31 14:51:00+05:30,5884.5,5884.9,5880.1,5881.55,684,
2024-10-31 14:52:00+05:30,5881.55,5885,5881.55,5882.55,279,
2024-10-31 14:53:00+05:30,5882.55,5884,5878.75,5879.7,779,
2024-10-31 14:54:00+05:30,5879.7,5889.95,5879.7,5883.65,1210,
2024-10-31 14:55:00+05:30,5883.65,5886.65,5878.9,5886,998,
2024-10-31 14:56:00+05:30,5883.35,5888.1,5883.35,5885.05,427,
2024-10-31 14:57:00+05:30,5885.05,5888.05,5885.05,5885.2,451,
2024-10-31 14:58:00+05:30,5885.2,5887.9,5880.4,5880.4,610,
2024-10-31 14:59:00+05:30,5883.75,5886.75,5880.25,5883.15,724,
2024-10-31 15:00:00+05:30,5883.15,5898.65,5883.15,5898,8454,
2024-10-31 15:01:00+05:30,5898,5898,5888.15,5890,6279,
2024-10-31 15:02:00+05:30,5890,5898,5890,5890,5861,
2024-10-31 15:03:00+05:30,5889.5,5896,5887.95,5892.75,6629,
2024-10-31 15:04:00+05:30,5893,5898.9,5893,5898.75,1575,
2024-10-31 15:05:00+05:30,5898.75,5900,5892.4,5892.4,5230,
2024-10-31 15:06:00+05:30,5893.25,5893.25,5888.4,5890,4421,
2024-10-31 15:07:00+05:30,5888.4,5890.1,5888.4,5890.1,2435,
2024-10-31 15:08:00+05:30,5890.1,5899,5889.85,5899,1720,
2024-10-31 15:09:00+05:30,5892,5892,5887.75,5889.95,5025,
2024-10-31 15:10:00+05:30,5888.25,5890,5888.25,5890,3236,
2024-10-31 15:11:00+05:30,5890,5898.05,5886.65,5888.55,7756,
2024-10-31 15:12:00+05:30,5890,5890,5885.95,5889.3,2167,
2024-10-31 15:13:00+05:30,5890,5890,5889.15,5890,1928,
2024-10-31 15:14:00+05:30,5890,5900.1,5889.95,5894.75,10930,
2024-10-31 15:15:00+05:30,5896.1,5908.5,5891.35,5906.25,6555,
2024-10-31 15:16:00+05:30,5903.4,5903.4,5894.05,5894.85,5413,
2024-10-31 15:17:00+05:30,5894.95,5906.95,5888.15,5895.95,14080,
2024-10-31 15:18:00+05:30,5895.95,5899.1,5888.05,5889.45,3620,
2024-10-31 15:19:00+05:30,5889.45,5896.9,5888.05,5893.2,4498,
2024-10-31 15:20:00+05:30,5893,5893.2,5883.95,5884.45,4185,
2024-10-31 15:21:00+05:30,5884.4,5890,5884.2,5888.2,2862,
2024-10-31 15:22:00+05:30,5888.15,5888.15,5881.35,5882.9,10286,
2024-10-31 15:23:00+05:30,5883,5883,5878.65,5880.75,2732,
2024-10-31 15:24:00+05:30,5880.75,5885.85,5880.65,5885.75,4135,
2024-10-31 15:25:00+05:30,5885.8,5885.8,5880.7,5881.05,3366,
2024-10-31 15:26:00+05:30,5881.05,5881.05,5874.2,5874.2,7761,
2024-10-31 15:27:00+05:30,5874.2,5886.8,5874.15,5886.8,6995,
2024-10-31 15:28:00+05:30,5880,5891.85,5880,5880.4,2022,
2024-10-31 15:29:00+05:30,5880,5892,5860,5875,1875,
2024-11-01 18:00:00+05:30,5928.2,5928.2,5890,5904.35,2721,
2024-11-01 18:01:00+05:30,5904.35,5904.35,5889.65,5896.25,968,
2024-11-01 18:02:00+05:30,5885,5885,5874.9,5882.2,614,
2024-11-01 18:03:00+05:30,5881.6,5882.2,5871.75,5879,459,
2024-11-01 18:04:00+05:30,5882.25,5882.75,5874.85,5882.75,679,
2024-11-01 18:05:00+05:30,5882,5884.45,5875.1,5880.7,464,
2024-11-01 18:06:00+05:30,5880.7,5885.7,5880.7,5885.7,189,
2024-11-01 18:07:00+05:30,5885,5888.85,5878.05,5878.05,644,
2024-11-01 18:08:00+05:30,5878.05,5888.4,5875.1,5888.4,377,
2024-11-01 18:09:00+05:30,5888.4,5895.65,5885.25,5895.4,1336,
2024-11-01 18:10:00+05:30,5895,5902.8,5895,5901.9,784,
2024-11-01 18:11:00+05:30,5899,5902.8,5899,5900,764,
2024-11-01 18:12:00+05:30,5900,5904.8,5900,5904.8,101,
2024-11-01 18:13:00+05:30,5904.85,5919.9,5900.1,5912.55,2282,
2024-11-01 18:14:00+05:30,5916.7,5921.65,5913.35,5916.8,1050,
2024-11-01 18:15:00+05:30,5919.95,5932.55,5913.55,5929.3,3864,
2024-11-01 18:16:00+05:30,5929.3,5930,5921.6,5925.2,486,
2024-11-01 18:17:00+05:30,5925.2,5925.2,5920,5922.5,182,
2024-11-01 18:18:00+05:30,5920,5923.65,5915,5915,718,
2024-11-01 18:19:00+05:30,5915,5918.4,5910.85,5912.05,368,
2024-11-01 18:20:00+05:30,5912.05,5918.2,5912.05,5918.2,318,
2024-11-01 18:21:00+05:30,5918.2,5922.95,5918,5918.2,284,
2024-11-01 18:22:00+05:30,5918.2,5923,5918.2,5923,1120,
2024-11-01 18:23:00+05:30,5923,5927.9,5923,5925,1671,
2024-11-01 18:24:00+05:30,5927.85,5927.95,5922.05,5927.95,595,
2024-11-01 18:25:00+05:30,5927.95,5927.95,5918,5920,1035,
2024-11-01 18:26:00+05:30,5920,5925.6,5919.45,5920.2,978,
2024-11-01 18:27:00+05:30,5920.2,5924.5,5920.2,5923.8,182,
2024-11-01 18:28:00+05:30,5918,5923.05,5917.15,5918,391,
2024-11-01 18:29:00+05:30,5916.15,5919.45,5912.05,5913.3,245,
2024-11-01 18:30:00+05:30,5916.35,5919.5,5914.85,5917.7,83,
2024-11-01 18:31:00+05:30,5917.7,5922.9,5917.5,5922.9,152,
2024-11-01 18:32:00+05:30,5917.45,5918.9,5915,5918.25,84,
2024-11-01 18:33:00+05:30,5918.25,5919,5911,5914.5,257,
2024-11-01 18:34:00+05:30,5914.55,5914.55,5904,5905.6,561,
2024-11-01 18:35:00+05:30,5905.6,5909.9,5901.25,5901.25,400,
2024-11-01 18:36:00+05:30,5901.25,5907.8,5901.25,5904.05,106,
2024-11-01 18:37:00+05:30,5904.05,5905.2,5900.05,5903.7,378,
2024-11-01 18:38:00+05:30,5903.7,5905.3,5900,5905.05,222,
2024-11-01 18:39:00+05:30,5905.05,5905.9,5901.05,5904.15,128,
2024-11-01 18:40:00+05:30,5901,5904.85,5900.45,5904.05,66,
2024-11-01 18:41:00+05:30,5901.25,5907.95,5901.25,5903,369,
2024-11-01 18:42:00+05:30,5903,5907.8,5901.05,5904.2,516,
2024-11-01 18:43:00+05:30,5904.2,5904.6,5901.2,5904.3,72,
2024-11-01 18:44:00+05:30,5903.65,5903.65,5900.05,5900.05,58,
2024-11-01 18:45:00+05:30,5901.5,5903.5,5900,5902.65,263,
2024-11-01 18:46:00+05:30,5902.7,5902.7,5893.5,5893.5,255,
2024-11-01 18:47:00+05:30,5893.5,5897.05,5892,5897.05,207,
2024-11-01 18:48:00+05:30,5897.05,5897.3,5892.7,5897.25,94,
2024-11-01 18:49:00+05:30,5897.25,5900.1,5895.4,5899,173,
2024-11-01 18:50:00+05:30,5899,5909.95,5899,5901,308,
2024-11-01 18:51:00+05:30,5901,5909.95,5901,5909,321,
2024-11-01 18:52:00+05:30,5909,5909,5901,5904.45,372,
2024-11-01 18:53:00+05:30,5904.55,5904.8,5901,5903.8,107,
2024-11-01 18:54:00+05:30,5904.5,5905,5900.9,5903,233,
2024-11-01 18:55:00+05:30,5903,5904.85,5900.05,5901.95,237,
2024-11-01 18:56:00+05:30,5901.95,5903.8,5901,5901,594,
2024-11-01 18:57:00+05:30,5901.95,5901.95,5898.85,5898.85,336,
2024-11-01 18:58:00+05:30,5898,5904.95,5897.6,5901.95,566,
2024-11-01 18:59:00+05:30,5898.05,5904.8,5890,5903.95,504,
2024-11-04 09:15:00+05:30,5904.25,5919.05,5892.95,5907.9,3883,
2024-11-04 09:16:00+05:30,5907.9,5941.3,5907.9,5930.7,5149,
2024-11-04 09:17:00+05:30,5923.75,5923.75,5890,5904,6404,
2024-11-04 09:18:00+05:30,5904.45,5909.5,5893.25,5901.4,3170,
2024-11-04 09:19:00+05:30,5900.3,5912.45,5893.3,5897.05,3524,
2024-11-04 09:20:00+05:30,5901.15,5926.3,5893.55,5923.65,3090,
2024-11-04 09:21:00+05:30,5919,5924.8,5912.5,5918.6,1873,
2024-11-04 09:22:00+05:30,5915.55,5917.85,5905,5908.7,3188,
2024-11-04 09:23:00+05:30,5908.65,5915,5885,5889,4068,
2024-11-04 09:24:00+05:30,5889.4,5893.45,5853.4,5859.95,4173,
2024-11-04 09:25:00+05:30,5859.95,5860.3,5841.7,5854.45,3345,
2024-11-04 09:26:00+05:30,5854.45,5875.1,5850,5856.2,1884,
2024-11-04 09:27:00+05:30,5856.2,5873.75,5853.4,5867.3,892,
2024-11-04 09:28:00+05:30,5867.75,5875.75,5856.05,5872.05,1456,
2024-11-04 09:29:00+05:30,5872.05,5885.2,5863.8,5880.2,1823,
2024-11-04 09:30:00+05:30,5876.55,5884.95,5874.05,5879.8,1772,
2024-11-04 09:31:00+05:30,5880,5888.45,5875.3,5885.4,868,
2024-11-04 09:32:00+05:30,5888.7,5891.45,5883.6,5883.6,1094,
2024-11-04 09:33:00+05:30,5883.4,5885.2,5876.7,5880.5,934,
2024-11-04 09:34:00+05:30,5877.4,5888,5877.4,5885.55,718,
2024-11-04 09:35:00+05:30,5885.6,5900,5882.05,5897.65,830,
2024-11-04 09:36:00+05:30,5897.65,5901.35,5895.2,5895.95,1102,
2024-11-04 09:37:00+05:30,5895,5900.95,5891.65,5898.05,1197,
2024-11-04 09:38:00+05:30,5898.05,5903.9,5892.05,5901.35,936,
2024-11-04 09:39:00+05:30,5901.35,5908.2,5899.35,5902,725,
2024-11-04 09:40:00+05:30,5902,5902,5882.4,5889.5,2270,
2024-11-04 09:41:00+05:30,5889.5,5900.8,5885.8,5892.65,645,
2024-11-04 09:42:00+05:30,5892.65,5905,5892.65,5905,533,
2024-11-04 09:43:00+05:30,5905,5907.05,5901,5905.05,551,
2024-11-04 09:44:00+05:30,5902.3,5906.95,5895.8,5897.75,1658,
2024-11-04 09:45:00+05:30,5897.65,5903.05,5895.45,5899.75,2204,
2024-11-04 09:46:00+05:30,5899.75,5905,5897.6,5902.65,627,
2024-11-04 09:47:00+05:30,5902.65,5904.9,5897.85,5903.2,543,
2024-11-04 09:48:00+05:30,5903.2,5904.6,5898.2,5901.45,721,
2024-11-04 09:49:00+05:30,5901.45,5904.45,5898.1,5899.05,482,
2024-11-04 09:50:00+05:30,5899.55,5908.2,5899.55,5906.35,453,
2024-11-04 09:51:00+05:30,5905,5913.2,5903.55,5910,1456,
2024-11-04 09:52:00+05:30,5910,5915.85,5907.35,5911.8,695,
2024-11-04 09:53:00+05:30,5913.1,5918.2,5912.15,5915.25,1235,
2024-11-04 09:54:00+05:30,5915,5924.45,5915,5918.6,1340,
2024-11-04 09:55:00+05:30,5918.6,5924.7,5916,5923,617,
2024-11-04 09:56:00+05:30,5923,5927.7,5922.5,5925,493,
2024-11-04 09:57:00+05:30,5924.6,5928.1,5920.7,5920.7,893,
2024-11-04 09:58:00+05:30,5926.35,5926.8,5920,5925.85,938,
2024-11-04 09:59:00+05:30,5925.75,5933.95,5925.5,5931.25,759,
2024-11-04 10:00:00+05:30,5934,5934.5,5927.05,5930.2,1782,
2024-11-04 10:01:00+05:30,5932.15,5934.45,5930.2,5934,826,
2024-11-04 10:02:00+05:30,5934.35,5939,5927.6,5934.95,2393,
2024-11-04 10:03:00+05:30,5934.95,5935,5926.8,5935,1204,
2024-11-04 10:04:00+05:30,5935,5936.95,5924.7,5930.35,1113,
2024-11-04 10:05:00+05:30,5929.9,5933.7,5927.4,5928.2,976,
2024-11-04 10:06:00+05:30,5928.2,5931.7,5926.3,5930.05,689,
2024-11-04 10:07:00+05:30,5929.1,5930.05,5925.2,5929.2,574,
2024-11-04 10:08:00+05:30,5929.2,5930.8,5927.25,5929.9,576,
2024-11-04 10:09:00+05:30,5929.9,5929.9,5915.2,5922.6,2028,
2024-11-04 10:10:00+05:30,5922.55,5924.9,5917,5917,469,
2024-11-04 10:11:00+05:30,5918.8,5918.9,5915,5918.3,783,
2024-11-04 10:12:00+05:30,5918.5,5918.5,5915,5915,1542,
2024-11-04 10:13:00+05:30,5915,5922.1,5912.8,5920,1393,
2024-11-04 10:14:00+05:30,5922.1,5935,5920.05,5933.85,4032,
2024-11-04 10:15:00+05:30,5934.3,5934.4,5922.1,5924.85,506,
2024-11-04 10:16:00+05:30,5924.85,5926.85,5924.05,5926.2,343,
2024-11-04 10:17:00+05:30,5926.75,5932.35,5926.75,5929.8,494,
2024-11-04 10:18:00+05:30,5929.8,5935,5924.15,5935,396,
2024-11-04 10:19:00+05:30,5935,5935,5928.85,5932.25,463,
2024-11-04 10:20:00+05:30,5932.25,5933.9,5929.6,5929.6,612,
2024-11-04 10:21:00+05:30,5929.6,5932,5927,5930.75,813,
2024-11-04 10:22:00+05:30,5932,5932,5928.4,5928.45,672,
2024-11-04 10:23:00+05:30,5930.8,5930.8,5927.1,5928.3,511,
2024-11-04 10:24:00+05:30,5928.3,5928.3,5921.3,5924.95,2491,
2024-11-04 10:25:00+05:30,5924.95,5924.95,5918,5921,1624,
2024-11-04 10:26:00+05:30,5921,5925,5919.15,5925,645,
2024-11-04 10:27:00+05:30,5924.05,5924.05,5918.1,5922.5,1525,
2024-11-04 10:28:00+05:30,5922.4,5927.6,5918.3,5923.35,2551,
2024-11-04 10:29:00+05:30,5924.1,5928.05,5918.3,5920.05,960,
2024-11-04 10:30:00+05:30,5922.55,5924.95,5919.35,5924.9,431,
2024-11-04 10:31:00+05:30,5924.9,5927.75,5921.15,5926,421,
2024-11-04 10:32:00+05:30,5926,5927,5923.15,5925.65,599,
2024-11-04 10:33:00+05:30,5925.65,5926.05,5921.2,5922.7,643,
2024-11-04 10:34:00+05:30,5922,5923.75,5915,5916.9,971,
2024-11-04 10:35:00+05:30,5916.9,5919.25,5916.05,5919.15,1038,
2024-11-04 10:36:00+05:30,5919.15,5921.35,5913.2,5917.85,413,
2024-11-04 10:37:00+05:30,5917.85,5917.85,5903.8,5903.8,5459,
2024-11-04 10:38:00+05:30,5903.8,5905.25,5888.75,5892.35,4376,
2024-11-04 10:39:00+05:30,5892.35,5896.75,5889.9,5891.3,533,
2024-11-04 10:40:00+05:30,5891.3,5894,5890,5893.7,423,
2024-11-04 10:41:00+05:30,5893.7,5894,5889.6,5892.6,457,
2024-11-04 10:42:00+05:30,5892.6,5892.7,5886.1,5886.3,449,
2024-11-04 10:43:00+05:30,5886.3,5889.4,5886.3,5889,376,
2024-11-04 10:44:00+05:30,5889,5889,5878.05,5882.6,1201,
2024-11-04 10:45:00+05:30,5882.6,5892.45,5882.4,5892.45,251,
2024-11-04 10:46:00+05:30,5892.45,5893.65,5884.05,5885.05,268,
2024-11-04 10:47:00+05:30,5885.05,5891.4,5882.25,5888.85,482,
2024-11-04 10:48:00+05:30,5888.85,5894,5885.45,5890.5,551,
2024-11-04 10:49:00+05:30,5890.5,5890.8,5886.1,5890,235,
2024-11-04 10:50:00+05:30,5890,5893.05,5884.85,5885.9,574,
2024-11-04 10:51:00+05:30,5885.9,5887.4,5884.45,5887.4,98,
2024-11-04 10:52:00+05:30,5890,5892.75,5888.15,5892.75,170,
2024-11-04 10:53:00+05:30,5892.75,5894,5889.75,5891.9,158,
2024-11-04 10:54:00+05:30,5891.9,5900,5891.35,5900,916,
2024-11-04 10:55:00+05:30,5900,5900,5898.6,5899.85,107,
2024-11-04 10:56:00+05:30,5900,5900,5888.2,5888.2,1918,
2024-11-04 10:57:00+05:30,5888.2,5889.4,5882.4,5885.9,809,
2024-11-04 10:58:00+05:30,5885.9,5885.9,5881.25,5885.85,346,
2024-11-04 10:59:00+05:30,5873.6,5884.2,5872,5876.2,1705,
2024-11-04 11:00:00+05:30,5876.15,5879.8,5872.05,5874.65,807,
2024-11-04 11:01:00+05:30,5877.05,5880,5871.7,5876.05,389,
2024-11-04 11:02:00+05:30,5876.05,5878.6,5870.15,5878.6,959,
2024-11-04 11:03:00+05:30,5878.6,5880,5870.9,5875.1,600,
2024-11-04 11:04:00+05:30,5875.1,5875.1,5870.85,5874.05,439,
2024-11-04 11:05:00+05:30,5873.25,5879.2,5872.35,5877.35,279,
2024-11-04 11:06:00+05:30,5877.35,5881.65,5874.6,5875.35,672,
2024-11-04 11:07:00+05:30,5875.35,5877.35,5871.85,5872.65,567,
2024-11-04 11:08:00+05:30,5872.8,5874.55,5866.7,5866.7,1073,
2024-11-04 11:09:00+05:30,5869,5875,5862.75,5875,970,
2024-11-04 11:10:00+05:30,5875,5880,5871.2,5876.75,475,
2024-11-04 11:11:00+05:30,5873.5,5878.45,5872.15,5877.05,751,
2024-11-04 11:12:00+05:30,5874.5,5882,5873.3,5876.65,473,
2024-11-04 11:13:00+05:30,5876.65,5881.65,5874.25,5879.05,453,
2024-11-04 11:14:00+05:30,5879.05,5882,5873.95,5880.65,980,
2024-11-04 11:15:00+05:30,5880.65,5881.45,5874.4,5880.45,543,
2024-11-04 11:16:00+05:30,5880.45,5885.15,5879.15,5885.15,414,
2024-11-04 11:17:00+05:30,5885.15,5890,5884.45,5884.8,591,
2024-11-04 11:18:00+05:30,5884.8,5886.8,5873.85,5873.85,2933,
2024-11-04 11:19:00+05:30,5873.85,5878.45,5873.85,5876.7,489,
2024-11-04 11:20:00+05:30,5874.2,5885.45,5873,5884.6,1228,
2024-11-04 11:21:00+05:30,5884.6,5896.95,5880,5890.05,697,
2024-11-04 11:22:00+05:30,5890.05,5896.05,5888.25,5890.1,256,
2024-11-04 11:23:00+05:30,5887.05,5892.45,5885,5890.35,289,
2024-11-04 11:24:00+05:30,5890.35,5893.55,5890.35,5893.55,168,
2024-11-04 11:25:00+05:30,5893.55,5893.55,5886.35,5886.35,376,
2024-11-04 11:26:00+05:30,5886.35,5889.4,5885.55,5887.05,625,
2024-11-04 11:27:00+05:30,5887.05,5891.85,5885.1,5887.35,1007,
2024-11-04 11:28:00+05:30,5887.35,5889.25,5885.3,5887.9,218,
2024-11-04 11:29:00+05:30,5887.9,5887.9,5883.5,5883.5,311,
2024-11-04 11:30:00+05:30,5879.8,5885.4,5879.8,5884.65,326,
2024-11-04 11:31:00+05:30,5884.65,5885.85,5880,5885.15,368,
2024-11-04 11:32:00+05:30,5882.45,5888.55,5882.45,5887.5,1016,
2024-11-04 11:33:00+05:30,5887.5,5887.5,5885.35,5885.65,143,
2024-11-04 11:34:00+05:30,5885.65,5887,5882.4,5882.4,612,
2024-11-04 11:35:00+05:30,5882.4,5884.9,5880,5881.55,694,
2024-11-04 11:36:00+05:30,5881.55,5884.1,5880.55,5884.1,187,
2024-11-04 11:37:00+05:30,5884.1,5884.1,5879,5882,397,
2024-11-04 11:38:00+05:30,5882,5882,5873.35,5877.1,910,
2024-11-04 11:39:00+05:30,5877.1,5879.55,5875.45,5879.5,41,
2024-11-04 11:40:00+05:30,5879.5,5880.35,5875.4,5877.65,253,
2024-11-04 11:41:00+05:30,5879.45,5888.6,5879.35,5880.8,190,
2024-11-04 11:42:00+05:30,5880.8,5900,5880.8,5900,21141,
2024-11-04 11:43:00+05:30,5900,5900,5889.35,5893.95,1621,
2024-11-04 11:44:00+05:30,5893.95,5896.25,5892.6,5892.6,33,
2024-11-04 11:45:00+05:30,5892.6,5898,5892.6,5897.7,161,
2024-11-04 11:46:00+05:30,5897.7,5899.2,5891.3,5891.35,428,
2024-11-04 11:47:00+05:30,5891.35,5894.55,5886.45,5889.6,650,
2024-11-04 11:48:00+05:30,5889.6,5889.6,5884.65,5887.75,717,
2024-11-04 11:49:00+05:30,5887.75,5887.75,5884.75,5885,157,
2024-11-04 11:50:00+05:30,5885,5887.2,5885,5885.75,272,
2024-11-04 11:51:00+05:30,5885.75,5889.05,5885.75,5886.45,266,
2024-11-04 11:52:00+05:30,5886.45,5891.85,5885.1,5891.4,645,
2024-11-04 11:53:00+05:30,5891.4,5893.55,5889.05,5892.7,327,
2024-11-04 11:54:00+05:30,5892.7,5894.15,5891.15,5892.7,68,
2024-11-04 11:55:00+05:30,5892.7,5899.1,5892.1,5895.5,194,
2024-11-04 11:56:00+05:30,5895.5,5897.95,5894.15,5896.55,310,
2024-11-04 11:57:00+05:30,5896.55,5898.25,5891.4,5892,666,
2024-11-04 11:58:00+05:30,5892,5900,5892,5897,168,
2024-11-04 11:59:00+05:30,5897,5900,5896.5,5897.8,235,
2024-11-04 12:00:00+05:30,5897.8,5900,5897.8,5900,2263,
2024-11-04 12:01:00+05:30,5899.55,5900.05,5899.55,5900,1194,
2024-11-04 12:02:00+05:30,5899.95,5907.95,5896.6,5907.95,6844,
2024-11-04 12:03:00+05:30,5907.95,5910,5901.85,5903.5,1235,
2024-11-04 12:04:00+05:30,5903.55,5910,5903.55,5908.75,274,
2024-11-04 12:05:00+05:30,5908.75,5910,5905.1,5906.6,154,
2024-11-04 12:06:00+05:30,5906.6,5910,5906.35,5910,130,
2024-11-04 12:07:00+05:30,5908,5910,5907.2,5909.05,171,
2024-11-04 12:08:00+05:30,5910,5910,5909.05,5910,402,
2024-11-04 12:09:00+05:30,5910,5910,5907.4,5908.75,584,
2024-11-04 12:10:00+05:30,5908.75,5910,5908.75,5908.9,111,
2024-11-04 12:11:00+05:30,5910,5910,5909.1,5910,80,
2024-11-04 12:12:00+05:30,5910,5910,5909.15,5909.5,251,
2024-11-04 12:13:00+05:30,5909.5,5910,5906.35,5910,884,
2024-11-04 12:14:00+05:30,5909.7,5910,5906.9,5908.5,166,
2024-11-04 12:15:00+05:30,5908.5,5910,5908.5,5908.65,278,
2024-11-04 12:16:00+05:30,5908.65,5910,5908.25,5910,297,
2024-11-04 12:17:00+05:30,5910,5910,5908.75,5910,3374,
2024-11-04 12:18:00+05:30,5910,5920,5909.8,5917.2,2895,
2024-11-04 12:19:00+05:30,5917.2,5920.45,5912.95,5913.4,341,
2024-11-04 12:20:00+05:30,5913.4,5914.2,5910.25,5912.45,177,
2024-11-04 12:21:00+05:30,5912.45,5913.5,5907.95,5912.15,1435,
2024-11-04 12:22:00+05:30,5912.15,5912.15,5905,5910,1419,
2024-11-04 12:23:00+05:30,5910,5910,5908.8,5910,150,
2024-11-04 12:24:00+05:30,5909.35,5910,5907.85,5909.15,247,
2024-11-04 12:25:00+05:30,5909.15,5910,5907.95,5910,145,
2024-11-04 12:26:00+05:30,5910,5910,5908.2,5908.2,203,
2024-11-04 12:27:00+05:30,5908.2,5910.95,5904.8,5908.45,966,
2024-11-04 12:28:00+05:30,5908.45,5910,5907.15,5909.55,210,
2024-11-04 12:29:00+05:30,5909.55,5910,5909.3,5909.3,141,
2024-11-04 12:30:00+05:30,5909.3,5910.1,5907.9,5910,813,
2024-11-04 12:31:00+05:30,5907.1,5910,5904.2,5908.6,422,
2024-11-04 12:32:00+05:30,5908.6,5908.9,5905.75,5908.85,324,
2024-11-04 12:33:00+05:30,5908.9,5910,5907.05,5908.1,402,
2024-11-04 12:34:00+05:30,5908.1,5910,5906.1,5909.95,181,
2024-11-04 12:35:00+05:30,5910,5910,5907.3,5907.3,273,
2024-11-04 12:36:00+05:30,5907.3,5910,5907.3,5909.5,611,
2024-11-04 12:37:00+05:30,5910,5910,5908.75,5908.75,216,
2024-11-04 12:38:00+05:30,5909.1,5910,5907.9,5909.8,403,
2024-11-04 12:39:00+05:30,5910,5910,5907.1,5907.55,796,
2024-11-04 12:40:00+05:30,5909.3,5909.3,5904.45,5908.25,829,
2024-11-04 12:41:00+05:30,5908.35,5910,5905.9,5910,248,
2024-11-04 12:42:00+05:30,5907.65,5910,5907.65,5910,164,
2024-11-04 12:43:00+05:30,5910,5910,5908,5908.8,80,
2024-11-04 12:44:00+05:30,5908.8,5908.8,5908.2,5908.2,72,
2024-11-04 12:45:00+05:30,5908.2,5909.4,5908.2,5909.4,91,
2024-11-04 12:46:00+05:30,5908.8,5910,5908.8,5909.8,64,
2024-11-04 12:47:00+05:30,5909.8,5909.8,5907.1,5908.3,596,
2024-11-04 12:48:00+05:30,5908.3,5910,5905.85,5908.65,509,
2024-11-04 12:49:00+05:30,5909.65,5909.8,5905.95,5907.65,314,
2024-11-04 12:50:00+05:30,5907.65,5908.65,5906.45,5906.9,275,
2024-11-04 12:51:00+05:30,5906.9,5907.65,5903.05,5907.15,876,
2024-11-04 12:52:00+05:30,5907.15,5907.15,5903.8,5904.3,143,
2024-11-04 12:53:00+05:30,5904.3,5909.1,5902.15,5909.1,425,
2024-11-04 12:54:00+05:30,5909.15,5909.2,5904.1,5905.65,316,
2024-11-04 12:55:00+05:30,5905.65,5907.9,5904.95,5907.9,177,
2024-11-04 12:56:00+05:30,5907.9,5908.4,5905.7,5908.4,100,
2024-11-04 12:57:00+05:30,5908.4,5908.4,5907.95,5908.4,150,
2024-11-04 12:58:00+05:30,5908.35,5908.4,5903.25,5907.05,662,
2024-11-04 12:59:00+05:30,5907.05,5907.05,5901.35,5903.5,745,
2024-11-04 13:00:00+05:30,5903.5,5910,5903.5,5909.4,273,
2024-11-04 13:01:00+05:30,5909.4,5910,5901.05,5901.05,1096,
2024-11-04 13:02:00+05:30,5901.05,5905,5901.05,5903.2,178,
2024-11-04 13:03:00+05:30,5903.2,5905,5901.75,5901.75,310,
2024-11-04 13:04:00+05:30,5904.95,5905,5900,5904.85,287,
2024-11-04 13:05:00+05:30,5904.85,5905,5904.85,5905,108,
2024-11-04 13:06:00+05:30,5905,5907.05,5902.3,5904.35,484,
2024-11-04 13:07:00+05:30,5904.35,5905.2,5902.35,5903,471,
2024-11-04 13:08:00+05:30,5904.65,5905.1,5902.05,5904.95,358,
2024-11-04 13:09:00+05:30,5905,5907.25,5904.85,5906.5,393,
2024-11-04 13:10:00+05:30,5906.5,5906.5,5900.6,5900.6,516,
2024-11-04 13:11:00+05:30,5900.6,5904.05,5900,5900.6,481,
2024-11-04 13:12:00+05:30,5900.6,5903.9,5898.65,5902.8,773,
2024-11-04 13:13:00+05:30,5903,5906.5,5901,5905.15,204,
2024-11-04 13:14:00+05:30,5905.4,5905.9,5901.7,5902.9,176,
2024-11-04 13:15:00+05:30,5902.9,5905,5902.9,5904.15,88,
2024-11-04 13:16:00+05:30,5903.65,5905,5902.05,5903.1,289,
2024-11-04 13:17:00+05:30,5903.65,5903.8,5897.6,5900.35,639,
2024-11-04 13:18:00+05:30,5900.35,5901.8,5899.1,5901.35,271,
2024-11-04 13:19:00+05:30,5901.3,5903.9,5899.3,5900.8,430,
2024-11-04 13:20:00+05:30,5900.8,5904.6,5897.7,5901.75,463,
2024-11-04 13:21:00+05:30,5901.75,5905,5899.95,5905,686,
2024-11-04 13:22:00+05:30,5904.45,5905,5899.9,5899.9,2341,
2024-11-04 13:23:00+05:30,5899.9,5902.35,5889.05,5893.35,1517,
2024-11-04 13:24:00+05:30,5893.35,5898.65,5890.95,5896.95,1047,
2024-11-04 13:25:00+05:30,5896.95,5896.95,5889.2,5889.2,807,
2024-11-04 13:26:00+05:30,5889.2,5895.7,5889.2,5895.7,78,
2024-11-04 13:27:00+05:30,5895.7,5901.9,5895.5,5899.35,127,
2024-11-04 13:28:00+05:30,5899.35,5899.6,5892.1,5897.95,407,
2024-11-04 13:29:00+05:30,5897.95,5900,5896.8,5898.4,99,
2024-11-04 13:30:00+05:30,5899.6,5904.2,5898.5,5904.2,454,
2024-11-04 13:31:00+05:30,5903.55,5904.95,5897.05,5900.3,115,
2024-11-04 13:32:00+05:30,5900.3,5903.25,5897.9,5897.9,214,
2024-11-04 13:33:00+05:30,5897.9,5903.9,5897.9,5899.2,209,
2024-11-04 13:34:00+05:30,5899.2,5903.4,5899.2,5902.45,187,
2024-11-04 13:35:00+05:30,5900.4,5902.95,5899.45,5900.85,249,
2024-11-04 13:36:00+05:30,5900.7,5902.75,5900.2,5901.15,385,
2024-11-04 13:37:00+05:30,5901.15,5902.55,5900.15,5902.45,347,
2024-11-04 13:38:00+05:30,5902.45,5902.45,5900.1,5900.3,483,
2024-11-04 13:39:00+05:30,5900.3,5902.7,5900.3,5901,246,
2024-11-04 13:40:00+05:30,5902.55,5902.55,5900.95,5901,612,
2024-11-04 13:41:00+05:30,5901,5902,5900.95,5901,466,
2024-11-04 13:42:00+05:30,5900.95,5902.55,5900.65,5900.65,322,
2024-11-04 13:43:00+05:30,5900.65,5903.05,5900.25,5901.35,419,
2024-11-04 13:44:00+05:30,5901.35,5902.65,5900.75,5900.95,310,
2024-11-04 13:45:00+05:30,5900.95,5902.35,5900.9,5900.95,410,
2024-11-04 13:46:00+05:30,5900.85,5903.5,5900.6,5903.1,596,
2024-11-04 13:47:00+05:30,5903.1,5905,5900.95,5904,882,
2024-11-04 13:48:00+05:30,5904,5904.95,5899.95,5900,1179,
2024-11-04 13:49:00+05:30,5900,5902.85,5899.6,5900.9,419,
2024-11-04 13:50:00+05:30,5900.9,5904.8,5899.95,5900.3,949,
2024-11-04 13:51:00+05:30,5900.3,5905,5899.95,5899.95,3208,
2024-11-04 13:52:00+05:30,5900,5901.6,5898.4,5899.95,218,
2024-11-04 13:53:00+05:30,5899.95,5902.55,5899.65,5901.9,298,
2024-11-04 13:54:00+05:30,5899.95,5902.05,5897.65,5898.55,418,
2024-11-04 13:55:00+05:30,5898.55,5900,5898.55,5899.7,162,
2024-11-04 13:56:00+05:30,5899.7,5899.7,5897.4,5899.2,538,
2024-11-04 13:57:00+05:30,5897.7,5902.95,5897.7,5900,428,
2024-11-04 13:58:00+05:30,5899.55,5901.45,5897.75,5897.85,277,
2024-11-04 13:59:00+05:30,5897.85,5899.95,5897.5,5897.95,74,
2024-11-04 14:00:00+05:30,5899.95,5902.25,5897.65,5900,261,
2024-11-04 14:01:00+05:30,5900,5903.95,5899.3,5899.3,298,
2024-11-04 14:02:00+05:30,5899.3,5899.8,5894.05,5894.05,157,
2024-11-04 14:03:00+05:30,5894.05,5899.3,5892.55,5897.9,329,
2024-11-04 14:04:00+05:30,5897.9,5900,5896.95,5899.5,210,
2024-11-04 14:05:00+05:30,5898.95,5899.5,5896,5897.95,190,
2024-11-04 14:06:00+05:30,5897.95,5897.95,5894.4,5894.45,748,
2024-11-04 14:07:00+05:30,5895.8,5897.35,5894.05,5896.8,564,
2024-11-04 14:08:00+05:30,5895.75,5899.5,5895.75,5899.1,117,
2024-11-04 14:09:00+05:30,5898.5,5902.75,5898.5,5900,532,
2024-11-04 14:10:00+05:30,5900,5901.7,5899.2,5899.95,353,
2024-11-04 14:11:00+05:30,5900,5903.4,5899.4,5900,602,
2024-11-04 14:12:00+05:30,5900,5904.55,5899,5902.6,1434,
2024-11-04 14:13:00+05:30,5900,5903.5,5899.95,5900,1234,
2024-11-04 14:14:00+05:30,5900,5902.3,5899.95,5902.15,338,
2024-11-04 14:15:00+05:30,5902.15,5902.4,5897.85,5901.15,407,
2024-11-04 14:16:00+05:30,5901.15,5905,5899.05,5901.75,964,
2024-11-04 14:17:00+05:30,5901.75,5904.45,5901.75,5902.9,530,
2024-11-04 14:18:00+05:30,5902.9,5904.6,5902.35,5903.6,814,
2024-11-04 14:19:00+05:30,5903.6,5903.6,5900.2,5901.3,1008,
2024-11-04 14:20:00+05:30,5901.7,5904.7,5901.2,5902.2,725,
2024-11-04 14:21:00+05:30,5904.05,5905,5902.2,5903.55,4105,
2024-11-04 14:22:00+05:30,5903.55,5905,5903,5905,1779,
2024-11-04 14:23:00+05:30,5905,5905,5903,5904.15,675,
2024-11-04 14:24:00+05:30,5904.15,5904.15,5902.05,5902.1,701,
2024-11-04 14:25:00+05:30,5901.6,5905,5901.6,5904.7,1253,
2024-11-04 14:26:00+05:30,5903.95,5904.7,5897.5,5899.05,1137,
2024-11-04 14:27:00+05:30,5899.05,5899.05,5897.45,5898,690,
2024-11-04 14:28:00+05:30,5898,5898,5892.2,5895.7,1097,
2024-11-04 14:29:00+05:30,5894.65,5898,5894.05,5894.4,1057,
2024-11-04 14:30:00+05:30,5894.8,5905,5894.65,5903.9,1079,
2024-11-04 14:31:00+05:30,5903.9,5904.1,5896.4,5897.05,548,
2024-11-04 14:32:00+05:30,5897.05,5898.1,5886.45,5888.3,1323,
2024-11-04 14:33:00+05:30,5888.4,5889,5880.15,5880.9,928,
2024-11-04 14:34:00+05:30,5880.9,5882.95,5879,5880.3,1097,
2024-11-04 14:35:00+05:30,5880.3,5880.3,5874,5875.05,1298,
2024-11-04 14:36:00+05:30,5874.25,5882.3,5873.05,5882.3,723,
2024-11-04 14:37:00+05:30,5882.4,5888.65,5881.8,5888.25,206,
2024-11-04 14:38:00+05:30,5888.25,5888.25,5881.7,5881.7,910,
2024-11-04 14:39:00+05:30,5881.7,5886.2,5881.45,5885.25,863,
2024-11-04 14:40:00+05:30,5885.25,5885.25,5880.15,5882.35,753,
2024-11-04 14:41:00+05:30,5882.35,5886.2,5880.3,5883.6,1276,
2024-11-04 14:42:00+05:30,5883.6,5883.75,5880.05,5881,1466,
2024-11-04 14:43:00+05:30,5881,5884.95,5880,5884.25,1178,
2024-11-04 14:44:00+05:30,5884.25,5884.25,5881.3,5881.3,692,
2024-11-04 14:45:00+05:30,5881.55,5883.2,5880.25,5881.6,569,
2024-11-04 14:46:00+05:30,5881.6,5882.9,5880.5,5882.9,977,
2024-11-04 14:47:00+05:30,5882.95,5883.2,5882.2,5883.1,485,
2024-11-04 14:48:00+05:30,5882.65,5888.45,5882.65,5888.45,619,
2024-11-04 14:49:00+05:30,5888.45,5889.55,5883.75,5887.15,1000,
2024-11-04 14:50:00+05:30,5887.8,5887.8,5882.2,5883.7,897,
2024-11-04 14:51:00+05:30,5883.7,5883.7,5881.25,5882.2,578,
2024-11-04 14:52:00+05:30,5882.2,5884.5,5881.4,5883.9,850,
2024-11-04 14:53:00+05:30,5883.9,5885.15,5881.1,5883.7,942,
2024-11-04 14:54:00+05:30,5883.7,5887.45,5882.55,5885.6,268,
2024-11-04 14:55:00+05:30,5885.6,5886.25,5883.55,5885.6,955,
2024-11-04 14:56:00+05:30,5885.6,5885.6,5883.55,5884.05,757,
2024-11-04 14:57:00+05:30,5884.7,5890.35,5883.5,5890.35,1098,
2024-11-04 14:58:00+05:30,5890.35,5891.3,5885,5885,933,
2024-11-04 14:59:00+05:30,5885,5892.05,5885,5890,1156,
2024-11-04 15:00:00+05:30,5890.8,5898.6,5890.8,5895.4,2434,
2024-11-04 15:01:00+05:30,5895.4,5898.5,5894.9,5898,1116,
2024-11-04 15:02:00+05:30,5898,5898.05,5893.35,5896.25,991,
2024-11-04 15:03:00+05:30,5896.25,5896.25,5890.65,5894.3,765,
2024-11-04 15:04:00+05:30,5894.25,5898.45,5893.1,5898,1516,
2024-11-04 15:05:00+05:30,5898,5901.45,5897.9,5900.05,1507,
2024-11-04 15:06:00+05:30,5900.15,5903.2,5900,5901.05,1368,
2024-11-04 15:07:00+05:30,5900.25,5901,5898.05,5899.1,2259,
2024-11-04 15:08:00+05:30,5899.1,5899.85,5899.1,5899.85,583,
2024-11-04 15:09:00+05:30,5899.85,5899.85,5899.65,5899.65,1213,
2024-11-04 15:10:00+05:30,5899.7,5904.65,5899.65,5903.2,815,
2024-11-04 15:11:00+05:30,5903.2,5903.25,5901,5902.4,962,
2024-11-04 15:12:00+05:30,5902.4,5903.95,5899.6,5903.95,1822,
2024-11-04 15:13:00+05:30,5903.95,5903.95,5903.9,5903.95,740,
2024-11-04 15:14:00+05:30,5903.95,5903.95,5903.9,5903.95,706,
2024-11-04 15:15:00+05:30,5903.95,5903.95,5901.1,5903.15,1702,
2024-11-04 15:16:00+05:30,5903.15,5903.95,5902.65,5903.95,1635,
2024-11-04 15:17:00+05:30,5904,5906.95,5904,5905,2097,
2024-11-04 15:18:00+05:30,5905,5905,5904.95,5905,1646,
2024-11-04 15:19:00+05:30,5905,5905,5904.55,5905,2593,
2024-11-04 15:20:00+05:30,5904.95,5905,5904.3,5904.6,2287,
2024-11-04 15:21:00+05:30,5904.6,5904.6,5901.4,5904.05,1434,
2024-11-04 15:22:00+05:30,5904,5904.1,5900.55,5903.95,1400,
2024-11-04 15:23:00+05:30,5903.95,5905.2,5903.9,5904.95,1563,
2024-11-04 15:24:00+05:30,5904.95,5904.95,5900.1,5902.7,1676,
2024-11-04 15:25:00+05:30,5902.65,5903,5898.6,5903,2562,
2024-11-04 15:26:00+05:30,5903,5905.2,5902.85,5905,1282,
2024-11-04 15:27:00+05:30,5905,5905,5903,5904.2,1905,
2024-11-04 15:28:00+05:30,5903.05,5905.2,5900,5905,1815,
2024-11-04 15:29:00+05:30,5900.9,5905,5889.25,5891.1,1071,
2024-11-05 09:15:00+05:30,5900,5901.75,5865.7,5869.65,1000,
2024-11-05 09:16:00+05:30,5870,5901.6,5866.65,5895.8,1670,
2024-11-05 09:17:00+05:30,5896.4,5899.35,5890.1,5899.35,1117,
2024-11-05 09:18:00+05:30,5899.35,5899.35,5887.5,5897.6,773,
2024-11-05 09:19:00+05:30,5897.6,5897.6,5887.75,5889,548,
2024-11-05 09:20:00+05:30,5889,5889,5882.3,5884.05,331,
2024-11-05 09:21:00+05:30,5884.05,5884.05,5871.1,5874.95,1068,
2024-11-05 09:22:00+05:30,5875.35,5875.35,5865.7,5867.55,1033,
2024-11-05 09:23:00+05:30,5865,5865,5856.7,5857.05,401,
2024-11-05 09:24:00+05:30,5859.85,5859.85,5855,5856.2,506,
2024-11-05 09:25:00+05:30,5856.2,5860,5853.3,5857.35,699,
2024-11-05 09:26:00+05:30,5857.35,5857.35,5850.55,5853.75,571,
2024-11-05 09:27:00+05:30,5852.35,5860,5852.35,5857.3,763,
2024-11-05 09:28:00+05:30,5860.4,5860.4,5846.55,5847.05,744,
2024-11-05 09:29:00+05:30,5845.75,5848.45,5820.85,5820.85,1579,
2024-11-05 09:30:00+05:30,5820,5827.45,5810.15,5825.6,3039,
2024-11-05 09:31:00+05:30,5825.6,5834.1,5824.15,5825,852,
2024-11-05 09:32:00+05:30,5825,5832.4,5825,5832.15,405,
2024-11-05 09:33:00+05:30,5832.15,5832.45,5826.05,5828.45,363,
2024-11-05 09:34:00+05:30,5826.05,5828,5821.25,5822.7,709,
2024-11-05 09:35:00+05:30,5825.55,5825.7,5815,5821.15,546,
2024-11-05 09:36:00+05:30,5821.15,5822,5815.7,5821.6,838,
2024-11-05 09:37:00+05:30,5821.55,5821.6,5811.55,5813.35,846,
2024-11-05 09:38:00+05:30,5815,5817.2,5812.05,5814.75,631,
2024-11-05 09:39:00+05:30,5814.7,5814.7,5798.05,5802.4,3969,
2024-11-05 09:40:00+05:30,5802,5808.85,5802,5805,1064,
2024-11-05 09:41:00+05:30,5800.55,5808.9,5800.55,5804.35,1240,
2024-11-05 09:42:00+05:30,5804.35,5808,5800.6,5808,611,
2024-11-05 09:43:00+05:30,5805.8,5808.35,5802.75,5802.75,382,
2024-11-05 09:44:00+05:30,5804.85,5804.85,5795.85,5795.85,881,
2024-11-05 09:45:00+05:30,5798.9,5798.95,5790,5793.7,1426,
2024-11-05 09:46:00+05:30,5793.65,5797.85,5783.4,5786.75,1590,
2024-11-05 09:47:00+05:30,5786.75,5786.75,5780.05,5780.05,1006,
2024-11-05 09:48:00+05:30,5780.05,5786.6,5780.05,5784.4,899,
2024-11-05 09:49:00+05:30,5784.05,5786.1,5774.55,5783.95,2483,
2024-11-05 09:50:00+05:30,5787.25,5792.2,5783.95,5784.05,726,
2024-11-05 09:51:00+05:30,5784.05,5785.05,5777.1,5785.05,3149,
2024-11-05 09:52:00+05:30,5785.05,5790.4,5781.2,5781.2,2942,
2024-11-05 09:53:00+05:30,5781.2,5789.95,5781.15,5787.35,547,
2024-11-05 09:54:00+05:30,5787.35,5789.9,5782.65,5785,687,
2024-11-05 09:55:00+05:30,5785.25,5797.6,5782.6,5797.6,1061,
2024-11-05 09:56:00+05:30,5798.35,5814,5795.05,5809.85,1553,
2024-11-05 09:57:00+05:30,5808.05,5817.65,5808.05,5816.75,1559,
2024-11-05 09:58:00+05:30,5816.75,5816.75,5808.75,5808.75,553,
2024-11-05 09:59:00+05:30,5808.75,5816.95,5808.75,5816.4,729,
2024-11-05 10:00:00+05:30,5816.4,5816.4,5800.05,5800.05,1182,
2024-11-05 10:01:00+05:30,5800.05,5805.55,5795.95,5796.45,1491,
2024-11-05 10:02:00+05:30,5796.45,5796.45,5791.9,5794.85,509,
2024-11-05 10:03:00+05:30,5794.6,5798.4,5791.95,5798.4,539,
2024-11-05 10:04:00+05:30,5798.35,5798.35,5795,5795,280,
2024-11-05 10:05:00+05:30,5793.85,5797.8,5793.8,5796.7,318,
2024-11-05 10:06:00+05:30,5797.15,5800,5791.95,5791.95,739,
2024-11-05 10:07:00+05:30,5790.55,5793.35,5782.6,5782.6,1194,
2024-11-05 10:08:00+05:30,5782.05,5789.95,5782.05,5786.95,726,
2024-11-05 10:09:00+05:30,5786.95,5789.05,5780,5782.85,515,
2024-11-05 10:10:00+05:30,5782.85,5785.3,5780.15,5783.45,517,
2024-11-05 10:11:00+05:30,5783.35,5783.45,5771,5779.7,2238,
2024-11-05 10:12:00+05:30,5783.5,5787.95,5780.35,5782.7,1095,
2024-11-05 10:13:00+05:30,5782.7,5783.3,5775,5777.75,544,
2024-11-05 10:14:00+05:30,5775.05,5778.9,5769.1,5769.1,1674,
2024-11-05 10:15:00+05:30,5769,5769,5763.1,5764.95,852,
2024-11-05 10:16:00+05:30,5764.95,5764.95,5755,5759.65,1744,
2024-11-05 10:17:00+05:30,5759.25,5761.15,5753.45,5754.7,1124,
2024-11-05 10:18:00+05:30,5759,5759.5,5752,5756.75,1284,
2024-11-05 10:19:00+05:30,5756.75,5756.75,5740.3,5740.35,2770,
2024-11-05 10:20:00+05:30,5741.75,5749.95,5741.75,5746.2,839,
2024-11-05 10:21:00+05:30,5746.2,5747.25,5740.25,5747.25,974,
2024-11-05 10:22:00+05:30,5747.25,5747.25,5735,5736.05,2229,
2024-11-05 10:23:00+05:30,5736.25,5739.95,5732.25,5737.95,1535,
2024-11-05 10:24:00+05:30,5737.95,5737.95,5731,5734.25,2218,
2024-11-05 10:25:00+05:30,5734.25,5737.65,5730,5737.3,1169,
2024-11-05 10:26:00+05:30,5737.3,5737.3,5733.6,5736.95,1053,
2024-11-05 10:27:00+05:30,5736.95,5745.1,5735,5745.1,1610,
2024-11-05 10:28:00+05:30,5745.1,5753.9,5741.9,5752.4,2233,
2024-11-05 10:29:00+05:30,5752,5754.5,5745.15,5748.75,1019,
2024-11-05 10:30:00+05:30,5748.75,5750,5741.3,5742.25,1230,
2024-11-05 10:31:00+05:30,5742,5742.25,5732.8,5732.95,1000,
2024-11-05 10:32:00+05:30,5732.85,5732.85,5722.15,5722.15,1694,
2024-11-05 10:33:00+05:30,5725.05,5725.05,5715,5717.75,1976,
2024-11-05 10:34:00+05:30,5717,5729.9,5717,5720.95,1011,
2024-11-05 10:35:00+05:30,5723.8,5725.35,5718.25,5721.6,1142,
2024-11-05 10:36:00+05:30,5721.4,5725.35,5718.15,5721.3,560,
2024-11-05 10:37:00+05:30,5721.3,5721.45,5715.85,5719.8,1037,
2024-11-05 10:38:00+05:30,5719.8,5719.9,5715.8,5716.1,586,
2024-11-05 10:39:00+05:30,5718.5,5723.7,5716.1,5720.15,733,
2024-11-05 10:40:00+05:30,5723.25,5730,5720.1,5723.35,963,
2024-11-05 10:41:00+05:30,5723.35,5728,5720.2,5726.2,514,
2024-11-05 10:42:00+05:30,5726.2,5728.9,5716.15,5719.45,1015,
2024-11-05 10:43:00+05:30,5719.45,5719.45,5709,5712.3,2041,
2024-11-05 10:44:00+05:30,5715.65,5715.65,5706.45,5707.25,962,
2024-11-05 10:45:00+05:30,5707.25,5714.7,5707.25,5710,580,
2024-11-05 10:46:00+05:30,5710,5711.05,5704.8,5707,753,
2024-11-05 10:47:00+05:30,5705.7,5706.7,5702,5702.3,808,
2024-11-05 10:48:00+05:30,5705.8,5706.7,5687.05,5695,7365,
2024-11-05 10:49:00+05:30,5695,5695,5688.5,5692.55,1479,
2024-11-05 10:50:00+05:30,5692.55,5700.4,5682.4,5682.4,2232,
2024-11-05 10:51:00+05:30,5682.2,5686.5,5681.1,5685,1629,
2024-11-05 10:52:00+05:30,5685,5687,5678.35,5679.05,2095,
2024-11-05 10:53:00+05:30,5682.95,5693,5679,5691.7,1389,
2024-11-05 10:54:00+05:30,5691.7,5691.7,5680,5680.2,1166,
2024-11-05 10:55:00+05:30,5680.2,5694.85,5678.55,5686.85,1805,
2024-11-05 10:56:00+05:30,5682.85,5690.8,5682.85,5686.6,540,
2024-11-05 10:57:00+05:30,5686,5692.65,5686,5688,837,
2024-11-05 10:58:00+05:30,5687,5694.05,5685.6,5692.5,592,
2024-11-05 10:59:00+05:30,5692.5,5700,5691.1,5700,3183,
2024-11-05 11:00:00+05:30,5700,5717.95,5698.15,5716,3110,
2024-11-05 11:01:00+05:30,5715,5734.9,5712,5733,3307,
2024-11-05 11:02:00+05:30,5733,5759.8,5728.95,5756.3,5273,
2024-11-05 11:03:00+05:30,5755.8,5771,5753.9,5759.7,3766,
2024-11-05 11:04:00+05:30,5759.7,5779,5759.7,5775.8,4586,
2024-11-05 11:05:00+05:30,5775.8,5787.55,5771.7,5777,4298,
2024-11-05 11:06:00+05:30,5777,5781.25,5771.3,5779.7,2540,
2024-11-05 11:07:00+05:30,5779.7,5793.45,5764.9,5793.45,4813,
2024-11-05 11:08:00+05:30,5793.5,5793.5,5777.55,5783.7,2245,
2024-11-05 11:09:00+05:30,5783.7,5784.4,5772,5772,1409,
2024-11-05 11:10:00+05:30,5772,5773.35,5747.05,5751,2506,
2024-11-05 11:11:00+05:30,5751,5753.35,5744.4,5750.1,1167,
2024-11-05 11:12:00+05:30,5750.1,5762.4,5746.9,5758.6,1171,
2024-11-05 11:13:00+05:30,5760.35,5760.75,5746.8,5746.8,473,
2024-11-05 11:14:00+05:30,5746.8,5750.75,5741.75,5744.4,1224,
2024-11-05 11:15:00+05:30,5744.4,5747.55,5739.75,5740.35,1410,
2024-11-05 11:16:00+05:30,5740.35,5741.65,5732.75,5741.1,1255,
2024-11-05 11:17:00+05:30,5741.1,5746.8,5740.45,5741.95,934,
2024-11-05 11:18:00+05:30,5741.95,5757.45,5741.95,5757.45,846,
2024-11-05 11:19:00+05:30,5757.45,5762.25,5754.9,5758.75,1131,
2024-11-05 11:20:00+05:30,5758.75,5762.4,5752.2,5757.05,654,
2024-11-05 11:21:00+05:30,5757.05,5760.85,5752.2,5758.05,948,
2024-11-05 11:22:00+05:30,5758.05,5759.45,5746.85,5750.2,1125,
2024-11-05 11:23:00+05:30,5750.2,5756.15,5746.8,5747.95,953,
2024-11-05 11:24:00+05:30,5747.95,5755,5746.4,5753.8,868,
2024-11-05 11:25:00+05:30,5753.8,5753.8,5746.6,5751.2,894,
2024-11-05 11:26:00+05:30,5751.05,5752.95,5746.45,5749.95,709,
2024-11-05 11:27:00+05:30,5747.2,5758.2,5747.05,5755,826,
2024-11-05 11:28:00+05:30,5755,5765.55,5752.1,5765.55,443,
2024-11-05 11:29:00+05:30,5765.55,5765.55,5755.25,5755.5,572,
2024-11-05 11:30:00+05:30,5755.5,5758.35,5753.5,5757.65,394,
2024-11-05 11:31:00+05:30,5757.65,5766.65,5754.65,5763.45,352,
2024-11-05 11:32:00+05:30,5763.45,5770.95,5762,5764.8,681,
2024-11-05 11:33:00+05:30,5764.8,5767,5761.1,5761.1,422,
2024-11-05 11:34:00+05:30,5760.15,5761.1,5750.3,5753.35,1254,
2024-11-05 11:35:00+05:30,5753.35,5759.95,5753.35,5755.1,322,
2024-11-05 11:36:00+05:30,5755.1,5757.6,5752.55,5756.85,313,
2024-11-05 11:37:00+05:30,5756.85,5756.85,5751.6,5755.05,1059,
2024-11-05 11:38:00+05:30,5752.1,5754.4,5748.4,5750.2,694,
2024-11-05 11:39:00+05:30,5747.6,5750.15,5746,5746,401,
2024-11-05 11:40:00+05:30,5746,5748.85,5743.75,5743.9,360,
2024-11-05 11:41:00+05:30,5746.35,5750,5743,5747.85,702,
2024-11-05 11:42:00+05:30,5747.85,5758.4,5747.85,5748.65,1861,
2024-11-05 11:43:00+05:30,5748.65,5751.05,5742.85,5746.9,384,
2024-11-05 11:44:00+05:30,5746.9,5753.95,5734.55,5737.65,1258,
2024-11-05 11:45:00+05:30,5737.65,5737.65,5732.1,5732.6,1321,
2024-11-05 11:46:00+05:30,5732.6,5733.4,5725.05,5729.4,1125,
2024-11-05 11:47:00+05:30,5729.4,5744.35,5729.4,5741.7,883,
2024-11-05 11:48:00+05:30,5741.7,5741.7,5730,5732,837,
2024-11-05 11:49:00+05:30,5732,5740.45,5728.3,5739.35,1396,
2024-11-05 11:50:00+05:30,5739.35,5742.95,5734.3,5740.75,560,
2024-11-05 11:51:00+05:30,5737.15,5740.5,5732.2,5733.2,556,
2024-11-05 11:52:00+05:30,5733.2,5734.75,5728.15,5732.8,490,
2024-11-05 11:53:00+05:30,5732.8,5736.5,5730,5730.7,391,
2024-11-05 11:54:00+05:30,5730.7,5733.05,5725,5730.55,729,
2024-11-05 11:55:00+05:30,5730.55,5735,5728.9,5733.95,524,
2024-11-05 11:56:00+05:30,5733.95,5735,5721.7,5721.75,849,
2024-11-05 11:57:00+05:30,5722.85,5734.5,5722.85,5730.95,461,
2024-11-05 11:58:00+05:30,5730.95,5738.25,5725,5738.25,692,
2024-11-05 11:59:00+05:30,5738.25,5738.35,5722.05,5723.5,997,
2024-11-05 12:00:00+05:30,5725.3,5742.4,5725.3,5740.3,692,
2024-11-05 12:01:00+05:30,5740.3,5745.8,5737.45,5745.8,626,
2024-11-05 12:02:00+05:30,5745.8,5749.9,5743.5,5743.85,317,
2024-11-05 12:03:00+05:30,5743.85,5748.3,5741.65,5748,133,
2024-11-05 12:04:00+05:30,5748,5750,5744.55,5747.25,299,
2024-11-05 12:05:00+05:30,5749.95,5750.15,5741.85,5745,298,
2024-11-05 12:06:00+05:30,5745,5745,5740.2,5741,223,
2024-11-05 12:07:00+05:30,5741,5744,5740.55,5743.5,88,
2024-11-05 12:08:00+05:30,5743,5743.05,5735.6,5736.15,126,
2024-11-05 12:09:00+05:30,5736.15,5741.85,5734.15,5740.6,247,
2024-11-05 12:10:00+05:30,5740.6,5741,5737.45,5738.25,109,
2024-11-05 12:11:00+05:30,5738.25,5741,5736.1,5738.65,330,
2024-11-05 12:12:00+05:30,5738.65,5740,5735,5735,105,
2024-11-05 12:13:00+05:30,5735,5735.75,5731,5733.4,454,
2024-11-05 12:14:00+05:30,5733.4,5734.1,5728,5734.1,509,
2024-11-05 12:15:00+05:30,5734.1,5735.75,5728.85,5731.55,129,
2024-11-05 12:16:00+05:30,5731.6,5731.6,5728.85,5728.9,92,
2024-11-05 12:17:00+05:30,5728.9,5731.1,5727,5728.9,231,
2024-11-05 12:18:00+05:30,5728.9,5735.55,5727.15,5733.9,118,
2024-11-05 12:19:00+05:30,5733.9,5739.05,5730.85,5738.85,300,
2024-11-05 12:20:00+05:30,5739.1,5740.35,5733.75,5737.65,216,
2024-11-05 12:21:00+05:30,5737.65,5738.15,5731.6,5734.45,279,
2024-11-05 12:22:00+05:30,5734.45,5736.7,5729.6,5732.85,192,
2024-11-05 12:23:00+05:30,5732.85,5737.7,5729.85,5735.9,177,
2024-11-05 12:24:00+05:30,5735.9,5737.85,5728.25,5731.05,667,
2024-11-05 12:25:00+05:30,5728.85,5733.6,5728.25,5731.05,301,
2024-11-05 12:26:00+05:30,5731.05,5737.2,5730.05,5737.2,179,
2024-11-05 12:27:00+05:30,5737.2,5738,5733.55,5737.95,141,
2024-11-05 12:28:00+05:30,5737.95,5738,5734,5737.45,358,
2024-11-05 12:29:00+05:30,5737.45,5738,5732.5,5735.85,353,
2024-11-05 12:30:00+05:30,5735.85,5735.95,5732.05,5732.5,151,
2024-11-05 12:31:00+05:30,5732.5,5732.5,5728.85,5730.8,637,
2024-11-05 12:32:00+05:30,5730,5734.9,5727.5,5732.05,191,
2024-11-05 12:33:00+05:30,5735.15,5742,5731.7,5740.85,175,
2024-11-05 12:34:00+05:30,5739.2,5745,5734.9,5742.6,316,
2024-11-05 12:35:00+05:30,5742.6,5747.8,5742,5745,161,
2024-11-05 12:36:00+05:30,5745,5750.1,5743.25,5748.55,58,
2024-11-05 12:37:00+05:30,5748.55,5750.7,5745.75,5748.9,183,
2024-11-05 12:38:00+05:30,5748.85,5748.85,5741.7,5741.7,411,
2024-11-05 12:39:00+05:30,5744.5,5745.9,5741.1,5744.45,217,
2024-11-05 12:40:00+05:30,5744.45,5744.95,5740.7,5744.9,93,
2024-11-05 12:41:00+05:30,5745.1,5747.95,5742.35,5745.1,164,
2024-11-05 12:42:00+05:30,5745.1,5746.95,5744.05,5745.45,66,
2024-11-05 12:43:00+05:30,5744,5744.9,5740.7,5743.95,125,
2024-11-05 12:44:00+05:30,5743.95,5744,5741.55,5744,129,
2024-11-05 12:45:00+05:30,5742.8,5746.55,5741.4,5745.65,152,
2024-11-05 12:46:00+05:30,5741.95,5742,5731.6,5738,513,
2024-11-05 12:47:00+05:30,5738,5742.65,5732.55,5736.35,440,
2024-11-05 12:48:00+05:30,5736.4,5741.4,5732.2,5738.6,277,
2024-11-05 12:49:00+05:30,5738.6,5741.9,5736.95,5740.4,243,
2024-11-05 12:50:00+05:30,5740.4,5740.5,5736.85,5739.9,198,
2024-11-05 12:51:00+05:30,5740.35,5743.65,5737.75,5739.35,184,
2024-11-05 12:52:00+05:30,5738.05,5742.05,5731.75,5731.95,202,
2024-11-05 12:53:00+05:30,5731.95,5737.3,5731.7,5733.2,83,
2024-11-05 12:54:00+05:30,5736.7,5736.7,5732,5732.05,121,
2024-11-05 12:55:00+05:30,5732.05,5734.55,5729.1,5729.85,242,
2024-11-05 12:56:00+05:30,5729.85,5731.3,5728.05,5728.85,69,
2024-11-05 12:57:00+05:30,5728.85,5732,5728.85,5732,98,
2024-11-05 12:58:00+05:30,5730.25,5736.6,5730.05,5730.55,362,
2024-11-05 12:59:00+05:30,5730.45,5733.75,5726,5729.15,442,
2024-11-05 13:00:00+05:30,5726,5729.05,5722.05,5725.75,600,
2024-11-05 13:01:00+05:30,5725.75,5728.6,5725,5726.9,97,
2024-11-05 13:02:00+05:30,5726.9,5729.9,5725,5729.15,53,
2024-11-05 13:03:00+05:30,5729.15,5732.3,5725.9,5731.15,83,
2024-11-05 13:04:00+05:30,5731.15,5737.5,5730.9,5734.6,99,
2024-11-05 13:05:00+05:30,5734.6,5739.8,5734.6,5737.3,127,
2024-11-05 13:06:00+05:30,5737.3,5739.55,5733.25,5736,159,
2024-11-05 13:07:00+05:30,5736,5736.8,5730.1,5732.8,164,
2024-11-05 13:08:00+05:30,5732.8,5736.9,5729.65,5734.3,309,
2024-11-05 13:09:00+05:30,5736.35,5736.35,5730.15,5732.8,628,
2024-11-05 13:10:00+05:30,5732.8,5733.25,5730,5730,24,
2024-11-05 13:11:00+05:30,5730,5730.3,5725.1,5726.25,94,
2024-11-05 13:12:00+05:30,5726.25,5726.25,5715.75,5717.55,476,
2024-11-05 13:13:00+05:30,5717.6,5718,5707.35,5710.55,2004,
2024-11-05 13:14:00+05:30,5714.1,5714.2,5707,5707.05,206,
2024-11-05 13:15:00+05:30,5707.05,5709.35,5704.15,5709,692,
2024-11-05 13:16:00+05:30,5709,5709.4,5704.25,5704.25,607,
2024-11-05 13:17:00+05:30,5708.2,5708.2,5701,5701.4,421,
2024-11-05 13:18:00+05:30,5701,5704.75,5700,5703.05,943,
2024-11-05 13:19:00+05:30,5703.45,5704.2,5700.2,5700.2,270,
2024-11-05 13:20:00+05:30,5700.2,5708.4,5696.05,5707.8,1690,
2024-11-05 13:21:00+05:30,5707.8,5707.85,5703.3,5707.4,686,
2024-11-05 13:22:00+05:30,5707.4,5707.4,5700.1,5700.1,666,
2024-11-05 13:23:00+05:30,5702.1,5707,5700,5704.6,679,
2024-11-05 13:24:00+05:30,5704.6,5712.8,5703.3,5710.8,813,
2024-11-05 13:25:00+05:30,5710.8,5714.95,5709.85,5714.9,503,
2024-11-05 13:26:00+05:30,5715,5729,5712.1,5728.05,1157,
2024-11-05 13:27:00+05:30,5728.05,5738.3,5726.45,5738,2023,
2024-11-05 13:28:00+05:30,5738,5739.8,5734.45,5736.35,1626,
2024-11-05 13:29:00+05:30,5736.35,5745,5736.35,5742.6,934,
2024-11-05 13:30:00+05:30,5750.95,5755.85,5745.05,5745.05,2107,
2024-11-05 13:31:00+05:30,5745.05,5750.8,5739.3,5750.8,2081,
2024-11-05 13:32:00+05:30,5750.8,5760.1,5744.55,5755.8,1700,
2024-11-05 13:33:00+05:30,5755.8,5756.5,5745.6,5749.95,2199,
2024-11-05 13:34:00+05:30,5749.95,5757.35,5742.3,5745.3,1902,
2024-11-05 13:35:00+05:30,5746.7,5749,5741.8,5748.8,609,
2024-11-05 13:36:00+05:30,5748.8,5748.8,5739.55,5744,526,
2024-11-05 13:37:00+05:30,5744,5744,5739.7,5739.7,339,
2024-11-05 13:38:00+05:30,5741.45,5741.45,5735.5,5740.05,698,
2024-11-05 13:39:00+05:30,5740.4,5741.1,5733.35,5736.2,349,
2024-11-05 13:40:00+05:30,5736.2,5739.65,5730.75,5731.15,1096,
2024-11-05 13:41:00+05:30,5733.55,5739.05,5731.1,5739.05,375,
2024-11-05 13:42:00+05:30,5739.05,5742.25,5735.7,5738.3,235,
2024-11-05 13:43:00+05:30,5738.3,5741.7,5737.45,5741.7,246,
2024-11-05 13:44:00+05:30,5741.7,5751.95,5739.65,5749.1,816,
2024-11-05 13:45:00+05:30,5747.6,5764.4,5747.4,5758.1,1349,
2024-11-05 13:46:00+05:30,5758.1,5760.6,5750.45,5756.8,1464,
2024-11-05 13:47:00+05:30,5760.05,5765,5755,5761.65,1157,
2024-11-05 13:48:00+05:30,5761.65,5762.05,5756,5757.4,646,
2024-11-05 13:49:00+05:30,5757.4,5764.1,5757.3,5758.6,1645,
2024-11-05 13:50:00+05:30,5759,5762.65,5756.5,5759.05,875,
2024-11-05 13:51:00+05:30,5757.5,5759.85,5750.1,5755.75,1069,
2024-11-05 13:52:00+05:30,5756.9,5763.3,5756,5756.75,1260,
2024-11-05 13:53:00+05:30,5756.75,5760.75,5754.85,5760,329,
2024-11-05 13:54:00+05:30,5760,5760,5752.2,5755.7,196,
2024-11-05 13:55:00+05:30,5755.7,5756.3,5752,5752.65,170,
2024-11-05 13:56:00+05:30,5755.8,5757.2,5751,5754.95,318,
2024-11-05 13:57:00+05:30,5754.95,5759.5,5752.5,5759.5,385,
2024-11-05 13:58:00+05:30,5756.85,5761.8,5756,5760,376,
2024-11-05 13:59:00+05:30,5760,5763.7,5756.2,5756.85,611,
2024-11-05 14:00:00+05:30,5760.05,5760.4,5756.65,5760.2,507,
2024-11-05 14:01:00+05:30,5758.35,5762.35,5757,5759.45,531,
2024-11-05 14:02:00+05:30,5759.45,5762.4,5757.25,5758.4,249,
2024-11-05 14:03:00+05:30,5758.4,5762.15,5758,5758.9,709,
2024-11-05 14:04:00+05:30,5761.85,5762.55,5758,5759,580,
2024-11-05 14:05:00+05:30,5759,5761.85,5758,5758.5,610,
2024-11-05 14:06:00+05:30,5759.85,5765.95,5758,5758,1588,
2024-11-05 14:07:00+05:30,5758,5760,5756.2,5759.7,278,
2024-11-05 14:08:00+05:30,5759.7,5762,5756.75,5758.6,426,
2024-11-05 14:09:00+05:30,5762,5771.4,5757.55,5757.9,2954,
2024-11-05 14:10:00+05:30,5759.7,5761.95,5757.55,5758.3,1709,
2024-11-05 14:11:00+05:30,5760.45,5766.25,5758.3,5761.85,7380,
2024-11-05 14:12:00+05:30,5761.9,5765.3,5758.75,5759,5912,
2024-11-05 14:13:00+05:30,5759,5762.5,5757.55,5759.45,3958,
2024-11-05 14:14:00+05:30,5759.45,5761.4,5757.55,5760.3,595,
2024-11-05 14:15:00+05:30,5760.3,5760.7,5758,5758,141,
2024-11-05 14:16:00+05:30,5759.15,5759.5,5756,5759.5,414,
2024-11-05 14:17:00+05:30,5759.5,5767.1,5756.3,5762.3,2470,
2024-11-05 14:18:00+05:30,5762.3,5762.3,5757.1,5759.55,2053,
2024-11-05 14:19:00+05:30,5759.55,5768.85,5758.55,5766,840,
2024-11-05 14:20:00+05:30,5768.95,5772.9,5768.05,5772,703,
2024-11-05 14:21:00+05:30,5772,5773.55,5768.4,5771.2,1957,
2024-11-05 14:22:00+05:30,5773.55,5774.4,5770,5772.1,785,
2024-11-05 14:23:00+05:30,5772.1,5772.1,5765,5766.8,725,
2024-11-05 14:24:00+05:30,5767.9,5767.9,5760.05,5761.35,1336,
2024-11-05 14:25:00+05:30,5761.35,5770.9,5761.35,5770.5,1109,
2024-11-05 14:26:00+05:30,5771.85,5776.3,5768.4,5771.3,600,
2024-11-05 14:27:00+05:30,5771.3,5774,5768.65,5773.5,462,
2024-11-05 14:28:00+05:30,5773.5,5774.55,5770.5,5773.6,841,
2024-11-05 14:29:00+05:30,5773.6,5780,5770.65,5770.65,1944,
2024-11-05 14:30:00+05:30,5772.95,5783.85,5770.45,5782,1562,
2024-11-05 14:31:00+05:30,5782,5783.45,5775.7,5776.65,820,
2024-11-05 14:32:00+05:30,5779.6,5779.9,5775.1,5778.75,281,
2024-11-05 14:33:00+05:30,5778.75,5782.6,5777,5781,880,
2024-11-05 14:34:00+05:30,5783,5784,5780.2,5783,497,
2024-11-05 14:35:00+05:30,5783,5783,5775.25,5778.45,1017,
2024-11-05 14:36:00+05:30,5778.45,5779.05,5774.6,5778,241,
2024-11-05 14:37:00+05:30,5778,5780,5774.3,5777,1817,
2024-11-05 14:38:00+05:30,5779.15,5780.9,5777.05,5780.2,451,
2024-11-05 14:39:00+05:30,5780.2,5788,5780.2,5786,1086,
2024-11-05 14:40:00+05:30,5788,5789.35,5785.05,5786.1,823,
2024-11-05 14:41:00+05:30,5786.1,5789.3,5786,5789,289,
2024-11-05 14:42:00+05:30,5789,5790,5780.55,5781.1,1713,
2024-11-05 14:43:00+05:30,5783.75,5785.95,5780,5780,704,
2024-11-05 14:44:00+05:30,5780,5785,5780,5784.9,226,
2024-11-05 14:45:00+05:30,5784.9,5785.25,5781.8,5781.8,263,
2024-11-05 14:46:00+05:30,5782.8,5784.55,5781.15,5782.05,345,
2024-11-05 14:47:00+05:30,5784.55,5786.8,5782.05,5783.15,788,
2024-11-05 14:48:00+05:30,5785.35,5785.35,5781,5783,255,
2024-11-05 14:49:00+05:30,5782.5,5783,5780.5,5780.55,148,
2024-11-05 14:50:00+05:30,5783,5783,5780,5782.8,475,
2024-11-05 14:51:00+05:30,5782.8,5785.05,5780.25,5784,657,
2024-11-05 14:52:00+05:30,5785.2,5785.4,5782.55,5784.2,1312,
2024-11-05 14:53:00+05:30,5784.2,5787.2,5782.6,5787.2,532,
2024-11-05 14:54:00+05:30,5788,5790,5786.25,5788,1798,
2024-11-05 14:55:00+05:30,5788,5790,5784.6,5787,907,
2024-11-05 14:56:00+05:30,5787.95,5793.55,5787,5789.8,814,
2024-11-05 14:57:00+05:30,5789.8,5794,5789.8,5791.9,204,
2024-11-05 14:58:00+05:30,5793.75,5795,5788.45,5795,851,
2024-11-05 14:59:00+05:30,5795,5799,5792.2,5794.2,740,
2024-11-05 15:00:00+05:30,5796.8,5800,5793.55,5798.2,4409,
2024-11-05 15:01:00+05:30,5800,5815.7,5798.3,5811.5,2092,
2024-11-05 15:02:00+05:30,5813,5814.95,5810,5814.6,1398,
2024-11-05 15:03:00+05:30,5814.6,5814.6,5812.5,5812.75,1050,
2024-11-05 15:04:00+05:30,5813,5815,5812.75,5814,922,
2024-11-05 15:05:00+05:30,5814,5814.9,5812.55,5814.35,1732,
2024-11-05 15:06:00+05:30,5814.35,5814.35,5812.25,5813.8,2306,
2024-11-05 15:07:00+05:30,5814.25,5814.25,5811.15,5813.9,1293,
2024-11-05 15:08:00+05:30,5814,5817.5,5813.45,5816.95,1617,
2024-11-05 15:09:00+05:30,5817.5,5818.25,5815.7,5815.85,3615,
2024-11-05 15:10:00+05:30,5815.85,5817.45,5815.65,5817,2226,
2024-11-05 15:11:00+05:30,5817.2,5817.5,5808.3,5813,2499,
2024-11-05 15:12:00+05:30,5810.05,5813,5805.05,5805.05,1446,
2024-11-05 15:13:00+05:30,5805.05,5806.4,5805.05,5806.3,1130,
2024-11-05 15:14:00+05:30,5806.3,5807.7,5802.05,5807.3,2976,
2024-11-05 15:15:00+05:30,5807.6,5809.2,5805.5,5808.75,1899,
2024-11-05 15:16:00+05:30,5809.55,5810.05,5808,5808.65,1256,
2024-11-05 15:17:00+05:30,5808.75,5809.95,5808.65,5809.5,841,
2024-11-05 15:18:00+05:30,5809.55,5812.95,5808.4,5812.55,2639,
2024-11-05 15:19:00+05:30,5812.95,5813.6,5812,5812.95,2635,
2024-11-05 15:20:00+05:30,5812.95,5813.9,5812.3,5813,2158,
2024-11-05 15:21:00+05:30,5813,5813.9,5812,5813.5,1520,
2024-11-05 15:22:00+05:30,5814,5815.75,5813.65,5813.9,3322,
2024-11-05 15:23:00+05:30,5813.95,5821.3,5813.95,5821.3,981,
2024-11-05 15:24:00+05:30,5821.3,5821.8,5812,5815,3082,
2024-11-05 15:25:00+05:30,5815,5815.3,5812,5813,4041,
2024-11-05 15:26:00+05:30,5813.4,5814.3,5812,5814.3,1507,
2024-11-05 15:27:00+05:30,5812.9,5814.3,5809.3,5810.15,2345,
2024-11-05 15:28:00+05:30,5811.75,5814.9,5791.45,5791.45,2523,
2024-11-05 15:29:00+05:30,5791.45,5809.6,5788.45,5807.15,759,
2024-11-06 09:15:00+05:30,5810,5860,5810,5854,2190,
2024-11-06 09:16:00+05:30,5854,5854.75,5831.45,5838.35,2512,
2024-11-06 09:17:00+05:30,5841.55,5854.75,5836.7,5847.65,1680,
2024-11-06 09:18:00+05:30,5852.2,5859.95,5840.1,5840.1,2147,
2024-11-06 09:19:00+05:30,5844.1,5854.95,5837.8,5851.35,2891,
2024-11-06 09:20:00+05:30,5851.15,5865.45,5851.15,5859.95,2621,
2024-11-06 09:21:00+05:30,5862.6,5869.95,5856.6,5869.95,1598,
2024-11-06 09:22:00+05:30,5869.9,5869.95,5855.85,5861.25,2648,
2024-11-06 09:23:00+05:30,5861.25,5863.85,5860.85,5863.5,355,
2024-11-06 09:24:00+05:30,5863.5,5870,5860.05,5863.8,1730,
2024-11-06 09:25:00+05:30,5863.85,5882,5862.95,5880.7,1803,
2024-11-06 09:26:00+05:30,5880.7,5884.75,5877,5882.55,562,
2024-11-06 09:27:00+05:30,5882.55,5891.95,5880,5883.9,1785,
2024-11-06 09:28:00+05:30,5883.9,5886.7,5878.95,5881.95,1029,
2024-11-06 09:29:00+05:30,5884.55,5886.65,5880,5881.75,645,
2024-11-06 09:30:00+05:30,5883.95,5889.2,5881.9,5885.1,1109,
2024-11-06 09:31:00+05:30,5883.75,5888.15,5880,5884.15,902,
2024-11-06 09:32:00+05:30,5884.15,5887.6,5880.05,5882.25,474,
2024-11-06 09:33:00+05:30,5882.25,5889.6,5882.25,5888.55,695,
2024-11-06 09:34:00+05:30,5888.55,5888.55,5884,5886.8,192,
2024-11-06 09:35:00+05:30,5886.8,5895.55,5886.8,5894,1096,
2024-11-06 09:36:00+05:30,5894.55,5895.55,5886.35,5889,1516,
2024-11-06 09:37:00+05:30,5890.8,5892,5889.85,5891.8,175,
2024-11-06 09:38:00+05:30,5889.9,5891.8,5875.05,5885,1862,
2024-11-06 09:39:00+05:30,5885,5885,5872.3,5872.3,943,
2024-11-06 09:40:00+05:30,5872.3,5874.65,5865.7,5867.5,842,
2024-11-06 09:41:00+05:30,5867.5,5867.5,5855,5866.2,1049,
2024-11-06 09:42:00+05:30,5866.2,5869.15,5860.25,5864.05,551,
2024-11-06 09:43:00+05:30,5864.05,5866.05,5859.95,5860,475,
2024-11-06 09:44:00+05:30,5860,5863.45,5855.05,5859.75,322,
2024-11-06 09:45:00+05:30,5861.7,5863.7,5858.75,5863.6,383,
2024-11-06 09:46:00+05:30,5863.6,5868.9,5862.85,5866.85,318,
2024-11-06 09:47:00+05:30,5866,5872.3,5865.5,5870.45,207,
2024-11-06 09:48:00+05:30,5870.45,5875,5869.55,5875,322,
2024-11-06 09:49:00+05:30,5875,5885,5875,5879.25,1445,
2024-11-06 09:50:00+05:30,5882.85,5892,5881.9,5892,3369,
2024-11-06 09:51:00+05:30,5892,5892,5880,5881.65,581,
2024-11-06 09:52:00+05:30,5881.65,5882.05,5877.75,5882.05,425,
2024-11-06 09:53:00+05:30,5882.05,5883.85,5876,5876.75,2820,
2024-11-06 09:54:00+05:30,5876.75,5879.95,5875.2,5878.3,517,
2024-11-06 09:55:00+05:30,5878.9,5883.2,5877.45,5877.45,377,
2024-11-06 09:56:00+05:30,5875,5883.15,5874.25,5882.85,336,
2024-11-06 09:57:00+05:30,5882.85,5882.85,5873.7,5873.7,329,
2024-11-06 09:58:00+05:30,5873.7,5879.05,5872.9,5878.25,634,
2024-11-06 09:59:00+05:30,5879,5885,5876.5,5876.5,626,
2024-11-06 10:00:00+05:30,5876.5,5878.95,5866.2,5867.3,2623,
2024-11-06 10:01:00+05:30,5867.3,5873.35,5865,5867.05,907,
2024-11-06 10:02:00+05:30,5867.05,5874.9,5863.5,5873.65,590,
2024-11-06 10:03:00+05:30,5873.65,5874.95,5870.95,5873.1,185,
2024-11-06 10:04:00+05:30,5873.1,5877.7,5873.1,5874.8,141,
2024-11-06 10:05:00+05:30,5874.8,5882.55,5874.8,5882.55,302,
2024-11-06 10:06:00+05:30,5881.85,5882.5,5876,5876,275,
2024-11-06 10:07:00+05:30,5876,5876.4,5871.7,5873.5,216,
2024-11-06 10:08:00+05:30,5873.5,5877.75,5873.35,5873.9,217,
2024-11-06 10:09:00+05:30,5873.9,5879.95,5873.9,5875.15,212,
2024-11-06 10:10:00+05:30,5875.15,5877.2,5873.45,5874.85,257,
2024-11-06 10:11:00+05:30,5874.85,5875.9,5874.85,5875.35,122,
2024-11-06 10:12:00+05:30,5875.75,5875.9,5872.8,5874.6,108,
2024-11-06 10:13:00+05:30,5874.6,5874.6,5869.45,5869.45,1127,
2024-11-06 10:14:00+05:30,5869.5,5869.5,5858,5859.4,812,
2024-11-06 10:15:00+05:30,5859.4,5861.4,5857.1,5857.1,428,
2024-11-06 10:16:00+05:30,5857.1,5867.05,5856.7,5867.05,877,
2024-11-06 10:17:00+05:30,5867.05,5868,5864.05,5865.3,466,
2024-11-06 10:18:00+05:30,5865.3,5868,5864.9,5868,125,
2024-11-06 10:19:00+05:30,5868,5868.65,5865.35,5867.95,646,
2024-11-06 10:20:00+05:30,5867.95,5869.35,5865.8,5869.35,437,
2024-11-06 10:21:00+05:30,5869.95,5870.75,5865.95,5869.35,189,
2024-11-06 10:22:00+05:30,5872,5874.55,5870.5,5873.6,251,
2024-11-06 10:23:00+05:30,5873.6,5879.95,5873.55,5876.3,375,
2024-11-06 10:24:00+05:30,5876.3,5876.3,5867.6,5871.55,491,
2024-11-06 10:25:00+05:30,5871.55,5871.55,5864.2,5864.2,209,
2024-11-06 10:26:00+05:30,5864.2,5867.6,5861.7,5866.5,433,
2024-11-06 10:27:00+05:30,5866.5,5872.95,5865,5867.45,1180,
2024-11-06 10:28:00+05:30,5869.8,5870,5864.5,5866.4,930,
2024-11-06 10:29:00+05:30,5866.45,5870,5863.4,5868.95,752,
2024-11-06 10:30:00+05:30,5865.4,5873.4,5863.9,5863.9,466,
2024-11-06 10:31:00+05:30,5863.9,5866.45,5858.6,5859.55,1217,
2024-11-06 10:32:00+05:30,5860.5,5863,5858.6,5861.65,417,
2024-11-06 10:33:00+05:30,5861.6,5870,5859.5,5868.1,884,
2024-11-06 10:34:00+05:30,5868.1,5875,5867.35,5873.6,718,
2024-11-06 10:35:00+05:30,5874.9,5874.9,5864.6,5867.75,445,
2024-11-06 10:36:00+05:30,5867.75,5867.75,5862.95,5863.15,412,
2024-11-06 10:37:00+05:30,5863.15,5867.05,5861.7,5866.15,1032,
2024-11-06 10:38:00+05:30,5866.15,5870.15,5864.7,5869.9,856,
2024-11-06 10:39:00+05:30,5869.9,5875,5869.6,5873.55,920,
2024-11-06 10:40:00+05:30,5873.55,5873.55,5863.2,5864.65,276,
2024-11-06 10:41:00+05:30,5864,5864,5856.7,5857.1,733,
2024-11-06 10:42:00+05:30,5857.1,5860.25,5853,5854.4,1873,
2024-11-06 10:43:00+05:30,5854.4,5857.45,5852.45,5856.1,407,
2024-11-06 10:44:00+05:30,5856.1,5856.15,5854,5854.9,257,
2024-11-06 10:45:00+05:30,5854.9,5855,5851.7,5855,557,
2024-11-06 10:46:00+05:30,5855,5857.45,5853.7,5857.35,311,
2024-11-06 10:47:00+05:30,5857.35,5857.35,5852.5,5853.1,420,
2024-11-06 10:48:00+05:30,5853.1,5855.15,5851.7,5852.85,402,
2024-11-06 10:49:00+05:30,5852.85,5853.25,5845.15,5845.15,521,
2024-11-06 10:50:00+05:30,5845.15,5849.8,5843.95,5846.85,646,
2024-11-06 10:51:00+05:30,5846.85,5846.95,5845,5846.7,85,
2024-11-06 10:52:00+05:30,5846.7,5850,5845.4,5848.25,246,
2024-11-06 10:53:00+05:30,5848.25,5857.65,5846.3,5847.05,6355,
2024-11-06 10:54:00+05:30,5847.15,5854.9,5841,5853.9,3508,
2024-11-06 10:55:00+05:30,5853.9,5854.75,5851.45,5853,249,
2024-11-06 10:56:00+05:30,5853,5857.35,5848.8,5850.45,2890,
2024-11-06 10:57:00+05:30,5850.45,5857.45,5849.65,5850.05,4022,
2024-11-06 10:58:00+05:30,5850.05,5855.6,5848.25,5855.6,931,
2024-11-06 10:59:00+05:30,5854.55,5855.3,5850.4,5853.4,134,
2024-11-06 11:00:00+05:30,5853.4,5853.85,5847.25,5850.25,163,
2024-11-06 11:01:00+05:30,5850.25,5857.45,5849.9,5857.25,779,
2024-11-06 11:02:00+05:30,5855.65,5856.3,5845,5845.2,1935,
2024-11-06 11:03:00+05:30,5845.3,5845.5,5842.8,5843.3,262,
2024-11-06 11:04:00+05:30,5843.5,5845.2,5841.4,5841.4,169,
2024-11-06 11:05:00+05:30,5841.4,5842.35,5836.3,5839.8,771,
2024-11-06 11:06:00+05:30,5838.95,5839.8,5835,5836.15,649,
2024-11-06 11:07:00+05:30,5836.15,5840.75,5833.5,5836.05,939,
2024-11-06 11:08:00+05:30,5833.55,5835.8,5831.9,5835.3,478,
2024-11-06 11:09:00+05:30,5835.3,5837.65,5833.85,5835.8,497,
2024-11-06 11:10:00+05:30,5836.2,5838.35,5834,5837.2,207,
2024-11-06 11:11:00+05:30,5837.2,5840.85,5833.9,5840.05,728,
2024-11-06 11:12:00+05:30,5841.45,5843.65,5836.6,5841.35,569,
2024-11-06 11:13:00+05:30,5841.35,5841.75,5838.4,5840.05,265,
2024-11-06 11:14:00+05:30,5840.05,5842,5838.75,5840.05,207,
2024-11-06 11:15:00+05:30,5840.05,5842,5838.95,5839.85,218,
2024-11-06 11:16:00+05:30,5839.85,5841.25,5839.7,5840.65,2051,
2024-11-06 11:17:00+05:30,5840.65,5841.45,5840,5840.55,251,
2024-11-06 11:18:00+05:30,5841.05,5842.8,5840.05,5841.45,228,
2024-11-06 11:19:00+05:30,5840.65,5846.3,5840.65,5841.45,803,
2024-11-06 11:20:00+05:30,5841.45,5845.55,5841.45,5843.2,292,
2024-11-06 11:21:00+05:30,5843.05,5843.6,5840.4,5841.3,421,
2024-11-06 11:22:00+05:30,5841.3,5848.4,5840,5848.4,1349,
2024-11-06 11:23:00+05:30,5847.25,5850.35,5846,5850.35,199,
2024-11-06 11:24:00+05:30,5850.75,5857.3,5850.6,5853.6,1617,
2024-11-06 11:25:00+05:30,5853.6,5855.35,5852.05,5852.75,301,
2024-11-06 11:26:00+05:30,5850.35,5852.95,5850.15,5852.35,109,
2024-11-06 11:27:00+05:30,5853.8,5857.55,5853.8,5856.35,3730,
2024-11-06 11:28:00+05:30,5856.35,5857.45,5854.05,5854.95,867,
2024-11-06 11:29:00+05:30,5854.95,5855,5853,5854.95,221,
2024-11-06 11:30:00+05:30,5854.95,5857.4,5852.2,5855.05,1063,
2024-11-06 11:31:00+05:30,5855.05,5857.35,5853.8,5854.7,188,
2024-11-06 11:32:00+05:30,5854.7,5856.95,5850,5850.7,331,
2024-11-06 11:33:00+05:30,5851.25,5853.45,5849.85,5851.25,275,
2024-11-06 11:34:00+05:30,5851.25,5856.8,5850.15,5853.15,172,
2024-11-06 11:35:00+05:30,5853.15,5853.55,5851.4,5852.15,107,
2024-11-06 11:36:00+05:30,5852.15,5853.15,5850,5851.8,153,
2024-11-06 11:37:00+05:30,5851.8,5855.8,5849.6,5855.3,402,
2024-11-06 11:38:00+05:30,5854.25,5857.45,5853.9,5855.15,132,
2024-11-06 11:39:00+05:30,5856.25,5856.55,5853.1,5854.25,153,
2024-11-06 11:40:00+05:30,5855.05,5868.95,5853.65,5868.95,442,
2024-11-06 11:41:00+05:30,5868,5870,5864.35,5867.95,703,
2024-11-06 11:42:00+05:30,5867.9,5868,5864.5,5866.7,249,
2024-11-06 11:43:00+05:30,5866.7,5869.7,5860.2,5862.85,727,
2024-11-06 11:44:00+05:30,5861.95,5863.65,5858.6,5862.15,188,
2024-11-06 11:45:00+05:30,5861.5,5865,5861.5,5865,189,
2024-11-06 11:46:00+05:30,5862.7,5875,5862.5,5871.15,10582,
2024-11-06 11:47:00+05:30,5871.15,5874.05,5870.05,5871.6,772,
2024-11-06 11:48:00+05:30,5870.55,5874,5870.5,5872.25,250,
2024-11-06 11:49:00+05:30,5872.25,5872.3,5870.5,5871.3,116,
2024-11-06 11:50:00+05:30,5871.45,5878.6,5871.15,5875.6,1832,
2024-11-06 11:51:00+05:30,5874.95,5877.35,5873.05,5874.85,716,
2024-11-06 11:52:00+05:30,5874.85,5875,5871.45,5872,890,
2024-11-06 11:53:00+05:30,5871.95,5872,5868.95,5872,1853,
2024-11-06 11:54:00+05:30,5872,5872,5869.5,5870.85,1350,
2024-11-06 11:55:00+05:30,5870.85,5874.95,5869.9,5872.9,4740,
2024-11-06 11:56:00+05:30,5874,5884.4,5870.8,5881,4518,
2024-11-06 11:57:00+05:30,5881,5884.8,5879.35,5882.7,407,
2024-11-06 11:58:00+05:30,5882.7,5894.95,5882.7,5894.9,1958,
2024-11-06 11:59:00+05:30,5894.9,5906.65,5891.3,5906.35,3601,
2024-11-06 12:00:00+05:30,5906.65,5910,5901.05,5910,1150,
2024-11-06 12:01:00+05:30,5910,5948.2,5910,5948.2,4298,
2024-11-06 12:02:00+05:30,5949,5949,5920.95,5924.15,5723,
2024-11-06 12:03:00+05:30,5924.15,5932.9,5916.75,5924.1,3989,
2024-11-06 12:04:00+05:30,5924.1,5930,5912.5,5926.5,1497,
2024-11-06 12:05:00+05:30,5926.55,5926.75,5919.05,5920.75,1694,
2024-11-06 12:06:00+05:30,5920.75,5924,5912.3,5919.1,1020,
2024-11-06 12:07:00+05:30,5919.1,5920,5915.9,5917.25,424,
2024-11-06 12:08:00+05:30,5917.25,5924.95,5915,5920.6,525,
2024-11-06 12:09:00+05:30,5920.6,5920.6,5913.2,5916.9,596,
2024-11-06 12:10:00+05:30,5914.35,5917.3,5912.3,5917.15,687,
2024-11-06 12:11:00+05:30,5917.15,5918.45,5912.2,5916.5,515,
2024-11-06 12:12:00+05:30,5913.9,5916.75,5905,5905,478,
2024-11-06 12:13:00+05:30,5905,5907.95,5897.5,5899.85,2451,
2024-11-06 12:14:00+05:30,5899.85,5904.35,5896.7,5902.75,2682,
2024-11-06 12:15:00+05:30,5902.75,5907,5900,5905.25,674,
2024-11-06 12:16:00+05:30,5905.25,5905.25,5898.15,5898.85,264,
2024-11-06 12:17:00+05:30,5898.85,5903,5893.9,5902.05,5154,
2024-11-06 12:18:00+05:30,5902.05,5913,5900,5913,6062,
2024-11-06 12:19:00+05:30,5913,5914.95,5906.35,5914.95,2978,
2024-11-06 12:20:00+05:30,5914.95,5914.95,5910.25,5912.2,176,
2024-11-06 12:21:00+05:30,5912.2,5914.6,5909.85,5914,445,
2024-11-06 12:22:00+05:30,5914,5914,5910.4,5912.45,63,
2024-11-06 12:23:00+05:30,5912.45,5914.8,5901.15,5903.1,1775,
2024-11-06 12:24:00+05:30,5906.2,5909,5900.05,5909,2827,
2024-11-06 12:25:00+05:30,5909,5910.35,5907.7,5907.85,793,
2024-11-06 12:26:00+05:30,5907.85,5910.15,5906.1,5910,310,
2024-11-06 12:27:00+05:30,5910,5913.2,5910,5911.95,430,
2024-11-06 12:28:00+05:30,5911.95,5912.15,5909.7,5912.15,260,
2024-11-06 12:29:00+05:30,5912.15,5912.15,5906.2,5907.15,198,
2024-11-06 12:30:00+05:30,5907.15,5914.45,5905.45,5913.9,461,
2024-11-06 12:31:00+05:30,5913.9,5918.2,5913.2,5918.2,415,
2024-11-06 12:32:00+05:30,5918.2,5919,5916,5918.35,311,
2024-11-06 12:33:00+05:30,5918.35,5922.3,5912.3,5912.3,3867,
2024-11-06 12:34:00+05:30,5912.3,5921.95,5912.3,5920.85,277,
2024-11-06 12:35:00+05:30,5920.85,5928,5920,5923.45,1126,
2024-11-06 12:36:00+05:30,5921.05,5925.45,5920.5,5924.95,677,
2024-11-06 12:37:00+05:30,5924.95,5935,5924.95,5927.65,2031,
2024-11-06 12:38:00+05:30,5929.15,5941.75,5927.7,5941.75,559,
2024-11-06 12:39:00+05:30,5941.75,5944.7,5936.35,5938.55,1678,
2024-11-06 12:40:00+05:30,5938.55,5938.55,5933.3,5936.6,385,
2024-11-06 12:41:00+05:30,5936.6,5947.75,5935.05,5947.75,593,
2024-11-06 12:42:00+05:30,5947.75,5954.65,5945.1,5953,7203,
2024-11-06 12:43:00+05:30,5953,5966,5952,5960.5,1405,
2024-11-06 12:44:00+05:30,5960.5,5965.85,5957.2,5957.2,796,
2024-11-06 12:45:00+05:30,5960.7,5960.7,5953.05,5958.7,420,
2024-11-06 12:46:00+05:30,5958.7,5977.95,5958.7,5974.95,6821,
2024-11-06 12:47:00+05:30,5974.95,5982.45,5974.85,5980.55,1375,
2024-11-06 12:48:00+05:30,5980.55,5983.15,5970,5975.95,3209,
2024-11-06 12:49:00+05:30,5975.95,5976.2,5968.35,5971.65,2149,
2024-11-06 12:50:00+05:30,5971.65,5972.15,5953.95,5957.2,1931,
2024-11-06 12:51:00+05:30,5957.2,5957.2,5946.2,5950.95,1062,
2024-11-06 12:52:00+05:30,5950.95,5956.95,5943.25,5954.6,3748,
2024-11-06 12:53:00+05:30,5955,5955,5950.35,5953,2672,
2024-11-06 12:54:00+05:30,5953,5955.6,5949.3,5954,636,
2024-11-06 12:55:00+05:30,5953.85,5954.35,5940,5944.2,1186,
2024-11-06 12:56:00+05:30,5944.8,5951.1,5943.6,5951.1,553,
2024-11-06 12:57:00+05:30,5951.2,5952.6,5945.2,5948.65,771,
2024-11-06 12:58:00+05:30,5948.65,5948.65,5943.65,5947.15,329,
2024-11-06 12:59:00+05:30,5947.15,5960,5946.6,5957.2,3772,
2024-11-06 13:00:00+05:30,5960.35,5968.45,5958.2,5961.25,1495,
2024-11-06 13:01:00+05:30,5963.1,5964.5,5960,5962.2,1120,
2024-11-06 13:02:00+05:30,5962.2,5965.6,5958.95,5960.2,3800,
2024-11-06 13:03:00+05:30,5960.2,5963.75,5960,5963.1,1169,
2024-11-06 13:04:00+05:30,5963.1,5973.3,5963,5964.05,489,
2024-11-06 13:05:00+05:30,5964.05,5969.85,5960.05,5967.7,267,
2024-11-06 13:06:00+05:30,5967.7,5972.3,5964.25,5967.4,983,
2024-11-06 13:07:00+05:30,5967.5,5972.95,5963.2,5971.4,373,
2024-11-06 13:08:00+05:30,5971.5,5974.8,5971.5,5972.3,187,
2024-11-06 13:09:00+05:30,5972.3,5972.3,5968.3,5969.85,142,
2024-11-06 13:10:00+05:30,5968.6,5975,5968.35,5975,629,
2024-11-06 13:11:00+05:30,5975,5975,5971.45,5971.85,199,
2024-11-06 13:12:00+05:30,5973.8,5973.8,5971.5,5973.8,402,
2024-11-06 13:13:00+05:30,5973.8,5975,5972.3,5974.2,363,
2024-11-06 13:14:00+05:30,5974.25,5983,5974.25,5983,2031,
2024-11-06 13:15:00+05:30,5982.8,5982.9,5977.65,5978.5,592,
2024-11-06 13:16:00+05:30,5978.5,5981,5972.6,5975.8,867,
2024-11-06 13:17:00+05:30,5975.8,5985,5971.9,5980.4,4606,
2024-11-06 13:18:00+05:30,5980.4,5982,5969.15,5970.5,1402,
2024-11-06 13:19:00+05:30,5970.5,5975,5969.1,5975,648,
2024-11-06 13:20:00+05:30,5975,5979,5972.3,5978.95,1216,
2024-11-06 13:21:00+05:30,5978.95,5979.55,5973.35,5978.9,2104,
2024-11-06 13:22:00+05:30,5979.4,5980.95,5976.7,5977.2,136,
2024-11-06 13:23:00+05:30,5977.6,5992,5977.6,5990,823,
2024-11-06 13:24:00+05:30,5990,5991.05,5985,5985.4,644,
2024-11-06 13:25:00+05:30,5985.4,5989.55,5982.25,5985.5,1602,
2024-11-06 13:26:00+05:30,5985.5,5985.5,5983.05,5983.3,185,
2024-11-06 13:27:00+05:30,5983.3,5985.8,5983.3,5985.75,425,
2024-11-06 13:28:00+05:30,5984.9,5984.9,5977,5977.75,506,
2024-11-06 13:29:00+05:30,5977,5979.4,5973.85,5977.7,468,
2024-11-06 13:30:00+05:30,5977.7,5979.55,5974,5978.9,283,
2024-11-06 13:31:00+05:30,5978.85,5985.3,5976.25,5978.95,2852,
2024-11-06 13:32:00+05:30,5979.4,5982,5976.4,5976.65,481,
2024-11-06 13:33:00+05:30,5976.65,5992,5976.65,5988.85,8083,
2024-11-06 13:34:00+05:30,5985.35,5992,5985.35,5990,1102,
2024-11-06 13:35:00+05:30,5989.3,5990.4,5987.2,5990.4,361,
2024-11-06 13:36:00+05:30,5990.4,5993.2,5988.6,5991.85,419,
2024-11-06 13:37:00+05:30,5993.15,5997.1,5989.6,5997.1,3698,
2024-11-06 13:38:00+05:30,5997.45,5997.5,5991.55,5992.5,491,
2024-11-06 13:39:00+05:30,5992.5,5998.8,5992.5,5998.75,611,
2024-11-06 13:40:00+05:30,5999,5999,5990,5992,1240,
2024-11-06 13:41:00+05:30,5992,5992,5986.5,5986.8,972,
2024-11-06 13:42:00+05:30,5986.8,5990.6,5985.05,5987,758,
2024-11-06 13:43:00+05:30,5987,5998.9,5987,5996.25,654,
2024-11-06 13:44:00+05:30,5996.25,5996.3,5986.4,5988.95,1479,
2024-11-06 13:45:00+05:30,5988.95,5993.2,5988.55,5991.55,214,
2024-11-06 13:46:00+05:30,5991.45,5993.55,5988.9,5990.95,381,
2024-11-06 13:47:00+05:30,5990.95,5996,5990.3,5996,50217,
2024-11-06 13:48:00+05:30,5996.25,6003.2,5993.4,5996.35,5011,
2024-11-06 13:49:00+05:30,5998.7,6005.7,5996.5,6002.85,40691,
2024-11-06 13:50:00+05:30,6002.85,6002.85,5994.2,5997.15,802,
2024-11-06 13:51:00+05:30,5997.15,5997.15,5993.8,5993.85,1126,
2024-11-06 13:52:00+05:30,5996.15,5996.15,5990.75,5994.6,741,
2024-11-06 13:53:00+05:30,5994.6,6001.95,5991.95,5996.6,989,
2024-11-06 13:54:00+05:30,5996.6,6005,5990,6002.3,21691,
2024-11-06 13:55:00+05:30,6002.3,6003,5996.1,5998.1,2232,
2024-11-06 13:56:00+05:30,5996.15,5998.1,5992.9,5996.25,526,
2024-11-06 13:57:00+05:30,5996.25,5997.3,5993.65,5995.25,275,
2024-11-06 13:58:00+05:30,5995.25,6003.9,5995.25,5997.85,3800,
2024-11-06 13:59:00+05:30,5997.85,5997.85,5994,5994.55,628,
2024-11-06 14:00:00+05:30,5994.55,5996.25,5992.25,5995.05,528,
2024-11-06 14:01:00+05:30,5994.3,5994.6,5986.3,5989.3,1285,
2024-11-06 14:02:00+05:30,5988.2,5993.95,5987.5,5990.05,517,
2024-11-06 14:03:00+05:30,5987.55,5988.85,5984.3,5985.05,516,
2024-11-06 14:04:00+05:30,5985.05,5986.95,5982.65,5982.65,763,
2024-11-06 14:05:00+05:30,5984,5984,5972.1,5974.6,7896,
2024-11-06 14:06:00+05:30,5974.6,5979.95,5974.6,5978.2,549,
2024-11-06 14:07:00+05:30,5978.75,5981.4,5975.3,5977,415,
2024-11-06 14:08:00+05:30,5977,5977,5975.75,5976.25,414,
2024-11-06 14:09:00+05:30,5976.25,5976.3,5975,5975.1,208,
2024-11-06 14:10:00+05:30,5975.1,5975.65,5975,5975.65,778,
2024-11-06 14:11:00+05:30,5975.65,5980,5975.55,5977.8,632,
2024-11-06 14:12:00+05:30,5977.25,5980,5977.25,5979.1,1191,
2024-11-06 14:13:00+05:30,5979.1,5980,5977.3,5980,903,
2024-11-06 14:14:00+05:30,5977.3,5981.8,5977.3,5979.65,724,
2024-11-06 14:15:00+05:30,5979.65,5986.1,5979.55,5982,455,
2024-11-06 14:16:00+05:30,5981.6,5982.6,5975,5976,2095,
2024-11-06 14:17:00+05:30,5975.6,5980,5975.25,5976.85,854,
2024-11-06 14:18:00+05:30,5976.85,5976.85,5975,5975,185,
2024-11-06 14:19:00+05:30,5975,5978,5975,5977.15,536,
2024-11-06 14:20:00+05:30,5977.15,5979.4,5975,5975.65,224,
2024-11-06 14:21:00+05:30,5976.1,5979.45,5975,5975.65,259,
2024-11-06 14:22:00+05:30,5975.65,5979.1,5975,5977.2,516,
2024-11-06 14:23:00+05:30,5977.9,5982,5977.35,5979.15,6854,
2024-11-06 14:24:00+05:30,5979.5,5979.85,5976.05,5977.05,1245,
2024-11-06 14:25:00+05:30,5977.05,5985.75,5974.85,5983.45,587,
2024-11-06 14:26:00+05:30,5981.8,5987.4,5980.9,5987,689,
2024-11-06 14:27:00+05:30,5987,5987,5979.25,5980.65,952,
2024-11-06 14:28:00+05:30,5980.65,5982.9,5980.05,5981.15,746,
2024-11-06 14:29:00+05:30,5981.15,5983.85,5981.15,5982.45,751,
2024-11-06 14:30:00+05:30,5982.45,5987,5979.45,5979.95,3614,
2024-11-06 14:31:00+05:30,5979.95,5980,5974.85,5980,763,
2024-11-06 14:32:00+05:30,5980,5980,5975,5977.25,805,
2024-11-06 14:33:00+05:30,5977.25,5979.3,5975.05,5978.1,654,
2024-11-06 14:34:00+05:30,5978.1,5978.4,5974,5976.95,690,
2024-11-06 14:35:00+05:30,5976.1,5979.7,5974.05,5979.45,667,
2024-11-06 14:36:00+05:30,5979.5,5980,5976.05,5978.6,640,
2024-11-06 14:37:00+05:30,5978.6,5982,5977.15,5977.15,3182,
2024-11-06 14:38:00+05:30,5978.3,5979.55,5975,5976.3,658,
2024-11-06 14:39:00+05:30,5976.3,5977.05,5974,5974,559,
2024-11-06 14:40:00+05:30,5974,5976.4,5971.7,5976.4,844,
2024-11-06 14:41:00+05:30,5976.7,5978.35,5973.85,5977.3,907,
2024-11-06 14:42:00+05:30,5976.8,5980,5975.7,5979.9,1687,
2024-11-06 14:43:00+05:30,5979.9,5980,5976.45,5980,701,
2024-11-06 14:44:00+05:30,5980,5980,5977.45,5979.7,2082,
2024-11-06 14:45:00+05:30,5980,5980,5975,5978.55,792,
2024-11-06 14:46:00+05:30,5978.55,5983,5975.05,5977.1,1346,
2024-11-06 14:47:00+05:30,5977.35,5979.7,5975.05,5976.1,634,
2024-11-06 14:48:00+05:30,5976.1,5977.9,5971.05,5972.55,1182,
2024-11-06 14:49:00+05:30,5972.55,5973.95,5966.7,5966.7,1710,
2024-11-06 14:50:00+05:30,5966.7,5970,5966.55,5968.95,1011,
2024-11-06 14:51:00+05:30,5969.2,5969.8,5957.5,5957.5,5275,
2024-11-06 14:52:00+05:30,5957.55,5957.95,5947.8,5949.2,5174,
2024-11-06 14:53:00+05:30,5949.2,5950,5945.05,5950,1043,
2024-11-06 14:54:00+05:30,5949,5950,5942.6,5946.9,1530,
2024-11-06 14:55:00+05:30,5946.9,5950,5942.6,5942.95,3077,
2024-11-06 14:56:00+05:30,5942.95,5942.95,5940.35,5940.65,1666,
2024-11-06 14:57:00+05:30,5942.5,5942.6,5939.55,5939.95,3973,
2024-11-06 14:58:00+05:30,5940,5940,5932.7,5936.05,1338,
2024-11-06 14:59:00+05:30,5936.1,5937.6,5933.65,5936,726,
2024-11-06 15:00:00+05:30,5936,5937.8,5935.85,5937.5,1757,
2024-11-06 15:01:00+05:30,5937.45,5940.75,5937.05,5940.6,6056,
2024-11-06 15:02:00+05:30,5940.6,5942.9,5940.35,5941.25,1758,
2024-11-06 15:03:00+05:30,5942,5942.75,5938.95,5941,1587,
2024-11-06 15:04:00+05:30,5942.5,5942.65,5938.25,5941.15,1808,
2024-11-06 15:05:00+05:30,5941.15,5941.15,5938,5940.1,2939,
2024-11-06 15:06:00+05:30,5940,5942.95,5940,5942.45,1691,
2024-11-06 15:07:00+05:30,5942.4,5943.55,5941.05,5942.75,2731,
2024-11-06 15:08:00+05:30,5943.5,5950.25,5943.5,5948.85,4241,
2024-11-06 15:09:00+05:30,5950,5955.2,5949.45,5952.95,3207,
2024-11-06 15:10:00+05:30,5953,5954,5943.35,5945.9,3576,
2024-11-06 15:11:00+05:30,5945.9,5947.45,5940,5945.55,4854,
2024-11-06 15:12:00+05:30,5946.95,5949.95,5941.45,5948.95,2065,
2024-11-06 15:13:00+05:30,5949.8,5950.05,5944.8,5949.8,2185,
2024-11-06 15:14:00+05:30,5949.8,5952.05,5945,5949.55,6495,
2024-11-06 15:15:00+05:30,5949.55,5957,5946.95,5954.75,4489,
2024-11-06 15:16:00+05:30,5955.4,5955.4,5955,5955.35,3981,
2024-11-06 15:17:00+05:30,5955.35,5962.35,5955.3,5959.35,3507,
2024-11-06 15:18:00+05:30,5960.3,5960.3,5955.45,5957.45,3574,
2024-11-06 15:19:00+05:30,5957.45,5957.45,5957.05,5957.3,3033,
2024-11-06 15:20:00+05:30,5957.3,5963.05,5957.3,5961.55,3906,
2024-11-06 15:21:00+05:30,5961.55,5968.1,5959.5,5966.95,3227,
2024-11-06 15:22:00+05:30,5966.95,5973.6,5966.95,5973.6,1718,
2024-11-06 15:23:00+05:30,5973.6,5974.35,5966.9,5970.05,2675,
2024-11-06 15:24:00+05:30,5971.95,5974.8,5968.45,5971.6,2186,
2024-11-06 15:25:00+05:30,5972.6,5975,5967,5972.45,2879,
2024-11-06 15:26:00+05:30,5973.75,5975,5970.45,5971.8,2032,
2024-11-06 15:27:00+05:30,5975,5992.35,5970.15,5985.15,4049,
2024-11-06 15:28:00+05:30,5984.7,5988.5,5971.05,5977.1,1311,
2024-11-06 15:29:00+05:30,5977.9,5982.35,5964.05,5974.2,814,
2024-11-07 09:15:00+05:30,6000,6050,5976.65,6005.65,4719,
2024-11-07 09:16:00+05:30,6003.45,6026.2,6000,6026.2,2868,
2024-11-07 09:17:00+05:30,6026.2,6026.2,6001.65,6004.1,2726,
2024-11-07 09:18:00+05:30,6004.1,6017.5,6002.6,6011.5,1441,
2024-11-07 09:19:00+05:30,6011.5,6020.95,6008,6012,3076,
2024-11-07 09:20:00+05:30,6014.55,6017.6,5996.1,6005.3,2814,
2024-11-07 09:21:00+05:30,6005.3,6014.35,5997.55,6001.25,3457,
2024-11-07 09:22:00+05:30,6003.8,6007.85,5995.5,6000.25,1632,
2024-11-07 09:23:00+05:30,6004.25,6008.7,5986.1,5988.35,3134,
2024-11-07 09:24:00+05:30,5987.7,5988.35,5975,5980.5,2032,
2024-11-07 09:25:00+05:30,5980.35,5980.35,5975,5980,2375,
2024-11-07 09:26:00+05:30,5980,5980,5972.9,5972.9,1946,
2024-11-07 09:27:00+05:30,5973.5,5979.9,5970.15,5974,1281,
2024-11-07 09:28:00+05:30,5974,5976.9,5972,5973.25,1659,
2024-11-07 09:29:00+05:30,5973.65,5979.35,5971.45,5972.35,1297,
2024-11-07 09:30:00+05:30,5972.35,5974.9,5965.05,5967.6,1308,
2024-11-07 09:31:00+05:30,5967.5,5977,5965.3,5967.05,1904,
2024-11-07 09:32:00+05:30,5968.1,5975.1,5961,5963.1,1694,
2024-11-07 09:33:00+05:30,5966.15,5966.95,5960,5961.55,1960,
2024-11-07 09:34:00+05:30,5963,5975.9,5963,5971.6,1599,
2024-11-07 09:35:00+05:30,5971.6,5972,5962.95,5968,656,
2024-11-07 09:36:00+05:30,5967.9,5969.95,5962.05,5963.9,753,
2024-11-07 09:37:00+05:30,5964.9,5978.9,5964.3,5975.5,1300,
2024-11-07 09:38:00+05:30,5973.1,5975.5,5966.35,5966.95,725,
2024-11-07 09:39:00+05:30,5968.85,5970.95,5963.3,5966.45,707,
2024-11-07 09:40:00+05:30,5965.65,5969.65,5956.95,5965.85,1668,
2024-11-07 09:41:00+05:30,5965.85,5966.5,5950.05,5951.95,5324,
2024-11-07 09:42:00+05:30,5951.95,5954.65,5950,5953.1,1810,
2024-11-07 09:43:00+05:30,5953.1,5956.55,5941.3,5953.65,6399,
2024-11-07 09:44:00+05:30,5953.65,5957.2,5951,5954.95,1395,
2024-11-07 09:45:00+05:30,5954.95,5954.95,5950,5952.6,3086,
2024-11-07 09:46:00+05:30,5950.6,5953,5950.4,5951,318,
2024-11-07 09:47:00+05:30,5951,5969,5951,5969,573,
2024-11-07 09:48:00+05:30,5969,5969,5955.4,5965.55,3487,
2024-11-07 09:49:00+05:30,5965.55,5977.3,5965.55,5972.05,908,
2024-11-07 09:50:00+05:30,5972.05,5972.05,5961.45,5964.7,321,
2024-11-07 09:51:00+05:30,5964.7,5964.7,5951.55,5951.6,464,
2024-11-07 09:52:00+05:30,5952.25,5954.5,5945.4,5945.4,591,
2024-11-07 09:53:00+05:30,5945.4,5946.7,5936.4,5937.2,1033,
2024-11-07 09:54:00+05:30,5937.2,5938.8,5930,5930,392,
2024-11-07 09:55:00+05:30,5930,5933.5,5924.9,5932.9,3970,
2024-11-07 09:56:00+05:30,5932.9,5936.75,5923.9,5923.9,1762,
2024-11-07 09:57:00+05:30,5925,5926.2,5923,5925,407,
2024-11-07 09:58:00+05:30,5925,5929.75,5920.5,5920.5,520,
2024-11-07 09:59:00+05:30,5920,5920.5,5908.6,5908.6,437,
2024-11-07 10:00:00+05:30,5908.6,5915.2,5903.85,5909.6,1015,
2024-11-07 10:01:00+05:30,5905.25,5910.05,5901.85,5908.05,1776,
2024-11-07 10:02:00+05:30,5908.05,5908.05,5901.05,5904.55,584,
2024-11-07 10:03:00+05:30,5905,5911.65,5905,5908.5,383,
2024-11-07 10:04:00+05:30,5908.5,5914.25,5906.15,5912.1,685,
2024-11-07 10:05:00+05:30,5912.3,5912.3,5906.25,5906.25,362,
2024-11-07 10:06:00+05:30,5908.65,5915.7,5908.65,5914.15,224,
2024-11-07 10:07:00+05:30,5914.15,5920.55,5913.65,5917.35,633,
2024-11-07 10:08:00+05:30,5917.35,5921.5,5911.8,5916,783,
2024-11-07 10:09:00+05:30,5916,5919.95,5914.15,5918.55,67,
2024-11-07 10:10:00+05:30,5918.55,5918.65,5913.2,5916,262,
2024-11-07 10:11:00+05:30,5915.9,5915.95,5909,5911.95,275,
2024-11-07 10:12:00+05:30,5913.35,5916,5913.35,5915.7,94,
2024-11-07 10:13:00+05:30,5915.7,5916.95,5909.7,5916.95,1152,
2024-11-07 10:14:00+05:30,5915.95,5918.65,5914.05,5918.65,240,
2024-11-07 10:15:00+05:30,5918.65,5920,5916.9,5917.5,155,
2024-11-07 10:16:00+05:30,5917.5,5921.9,5916.8,5918.45,729,
2024-11-07 10:17:00+05:30,5919,5924.4,5918.95,5924.4,286,
2024-11-07 10:18:00+05:30,5924.6,5932.85,5920.15,5928.6,1162,
2024-11-07 10:19:00+05:30,5928.6,5939.95,5925.05,5936.75,1362,
2024-11-07 10:20:00+05:30,5936.75,5943.9,5936.1,5943.9,671,
2024-11-07 10:21:00+05:30,5939.4,5941.55,5932.7,5934.65,997,
2024-11-07 10:22:00+05:30,5934.55,5934.55,5931.55,5933.85,305,
2024-11-07 10:23:00+05:30,5933.6,5933.6,5930,5932.55,301,
2024-11-07 10:24:00+05:30,5932.5,5933.55,5929.25,5933.55,666,
2024-11-07 10:25:00+05:30,5933.55,5942,5931.6,5942,713,
2024-11-07 10:26:00+05:30,5942,5949.05,5941.05,5941.1,1376,
2024-11-07 10:27:00+05:30,5941.1,5943,5930.35,5931.4,371,
2024-11-07 10:28:00+05:30,5930.4,5939.45,5930.4,5935.45,321,
2024-11-07 10:29:00+05:30,5935.45,5939.75,5934,5934.05,455,
2024-11-07 10:30:00+05:30,5931.5,5931.5,5925.75,5928.85,685,
2024-11-07 10:31:00+05:30,5928.85,5931.75,5924.85,5926.2,715,
2024-11-07 10:32:00+05:30,5926.2,5933.45,5923.2,5932.4,461,
2024-11-07 10:33:00+05:30,5932.4,5937.5,5932.4,5934.25,94,
2024-11-07 10:34:00+05:30,5934.25,5935.7,5925.05,5928.8,729,
2024-11-07 10:35:00+05:30,5928.8,5936.95,5928.8,5936.9,366,
2024-11-07 10:36:00+05:30,5936.9,5940,5935.5,5939.9,1059,
2024-11-07 10:37:00+05:30,5937.05,5939,5927.3,5931,279,
2024-11-07 10:38:00+05:30,5931,5931,5926.5,5927,205,
2024-11-07 10:39:00+05:30,5927,5934.2,5927,5932.2,1227,
2024-11-07 10:40:00+05:30,5932.4,5935.7,5932.4,5933.2,276,
2024-11-07 10:41:00+05:30,5933.2,5934.85,5932.25,5932.25,19,
2024-11-07 10:42:00+05:30,5934.1,5934.1,5924,5925.25,692,
2024-11-07 10:43:00+05:30,5925.25,5926.6,5920.55,5926.6,484,
2024-11-07 10:44:00+05:30,5926.6,5933.45,5920.65,5933.45,636,
2024-11-07 10:45:00+05:30,5933.45,5933.45,5927.5,5928.1,133,
2024-11-07 10:46:00+05:30,5928.1,5928.1,5922.05,5926.9,383,
2024-11-07 10:47:00+05:30,5926.9,5926.9,5920,5921.75,72,
2024-11-07 10:48:00+05:30,5921.75,5925.8,5917.6,5917.6,538,
2024-11-07 10:49:00+05:30,5917.6,5919,5915.65,5918.8,231,
2024-11-07 10:50:00+05:30,5918.8,5925.45,5912.3,5915.2,776,
2024-11-07 10:51:00+05:30,5915.2,5915.2,5909.3,5909.3,1947,
2024-11-07 10:52:00+05:30,5909.3,5915,5909,5915,707,
2024-11-07 10:53:00+05:30,5915,5915,5912.5,5915,1420,
2024-11-07 10:54:00+05:30,5915,5915,5912,5913.35,312,
2024-11-07 10:55:00+05:30,5913.35,5918.95,5909.5,5917.55,5348,
2024-11-07 10:56:00+05:30,5917.55,5917.85,5913.85,5917.1,258,
2024-11-07 10:57:00+05:30,5917.1,5917.1,5910.25,5913.4,646,
2024-11-07 10:58:00+05:30,5913.4,5913.4,5907.6,5910.2,926,
2024-11-07 10:59:00+05:30,5910.2,5915,5910.05,5915,361,
2024-11-07 11:00:00+05:30,5915,5933.8,5915,5921.65,6788,
2024-11-07 11:01:00+05:30,5924.5,5927,5916.2,5916.2,1448,
2024-11-07 11:02:00+05:30,5916.2,5917.8,5911,5912.65,2182,
2024-11-07 11:03:00+05:30,5912.65,5915,5910,5911.55,531,
2024-11-07 11:04:00+05:30,5911.55,5911.55,5907.6,5910,607,
2024-11-07 11:05:00+05:30,5910,5910,5907.7,5910,127,
2024-11-07 11:06:00+05:30,5907.7,5909.45,5906,5906,594,
2024-11-07 11:07:00+05:30,5906,5907,5906,5906,99,
2024-11-07 11:08:00+05:30,5906,5909.15,5906,5908.9,616,
2024-11-07 11:09:00+05:30,5908.9,5912.85,5905.8,5911.2,894,
2024-11-07 11:10:00+05:30,5909.5,5911.2,5908.05,5910,307,
2024-11-07 11:11:00+05:30,5910,5915,5908.85,5914.9,1878,
2024-11-07 11:12:00+05:30,5914.9,5930,5914.9,5926.9,370,
2024-11-07 11:13:00+05:30,5926.9,5926.9,5915.55,5915.55,360,
2024-11-07 11:14:00+05:30,5912.55,5915.9,5910.1,5913.25,572,
2024-11-07 11:15:00+05:30,5913.25,5915,5911.5,5912.35,194,
2024-11-07 11:16:00+05:30,5912.35,5915,5910.05,5913.95,793,
2024-11-07 11:17:00+05:30,5913.95,5913.95,5904,5912.45,2101,
2024-11-07 11:18:00+05:30,5912.45,5917,5905.05,5905.1,1586,
2024-11-07 11:19:00+05:30,5905.1,5906.6,5901.05,5902.85,230,
2024-11-07 11:20:00+05:30,5902.85,5908.25,5901,5906.85,279,
2024-11-07 11:21:00+05:30,5905.15,5906.9,5905.15,5905.2,77,
2024-11-07 11:22:00+05:30,5906.9,5915,5906.15,5914.95,138,
2024-11-07 11:23:00+05:30,5912.75,5915,5910.2,5912.4,376,
2024-11-07 11:24:00+05:30,5912.4,5916,5912.35,5913.15,211,
2024-11-07 11:25:00+05:30,5913.15,5915.8,5906.8,5909.9,320,
2024-11-07 11:26:00+05:30,5909.9,5915,5907.45,5915,74,
2024-11-07 11:27:00+05:30,5915,5915,5908,5908.05,765,
2024-11-07 11:28:00+05:30,5907,5915,5906.7,5915,223,
2024-11-07 11:29:00+05:30,5915,5915,5912.35,5914.45,31,
2024-11-07 11:30:00+05:30,5914.45,5915,5912.35,5915,88,
2024-11-07 11:31:00+05:30,5915,5915.95,5913.1,5915,689,
2024-11-07 11:32:00+05:30,5915,5916,5914.15,5916,2112,
2024-11-07 11:33:00+05:30,5916,5916,5915,5915,1225,
2024-11-07 11:34:00+05:30,5914.7,5917,5914.3,5915,676,
2024-11-07 11:35:00+05:30,5915,5917,5912.05,5914.9,2133,
2024-11-07 11:36:00+05:30,5914.9,5925,5914.9,5925,1229,
2024-11-07 11:37:00+05:30,5925,5927.1,5922.5,5924,615,
2024-11-07 11:38:00+05:30,5924,5925,5922.25,5925,281,
2024-11-07 11:39:00+05:30,5925,5925.3,5914.3,5914.3,753,
2024-11-07 11:40:00+05:30,5914.3,5915,5913.9,5915,762,
2024-11-07 11:41:00+05:30,5915,5915.7,5913.4,5914.35,1201,
2024-11-07 11:42:00+05:30,5914.35,5915,5913.4,5913.5,474,
2024-11-07 11:43:00+05:30,5915,5915,5913.45,5915,54,
2024-11-07 11:44:00+05:30,5915,5915,5913.15,5915,126,
2024-11-07 11:45:00+05:30,5914.35,5915,5913.75,5914.35,2350,
2024-11-07 11:46:00+05:30,5914.35,5918.35,5914.35,5915,2636,
2024-11-07 11:47:00+05:30,5915,5915,5913.75,5915,962,
2024-11-07 11:48:00+05:30,5915,5915,5913.85,5915,28,
2024-11-07 11:49:00+05:30,5915,5915,5913.85,5915,45,
2024-11-07 11:50:00+05:30,5915,5915,5913.85,5915,566,
2024-11-07 11:51:00+05:30,5915,5915,5913.75,5915,37,
2024-11-07 11:52:00+05:30,5915,5916,5913.7,5915,1492,
2024-11-07 11:53:00+05:30,5915,5915,5913.6,5913.6,2032,
2024-11-07 11:54:00+05:30,5913.6,5914.55,5907.6,5907.6,934,
2024-11-07 11:55:00+05:30,5908.3,5914.3,5907.6,5913.8,338,
2024-11-07 11:56:00+05:30,5913.8,5913.8,5910.8,5910.9,52,
2024-11-07 11:57:00+05:30,5913,5914.2,5910.75,5912.45,254,
2024-11-07 11:58:00+05:30,5912.45,5913,5911,5912.8,39,
2024-11-07 11:59:00+05:30,5912.8,5913.55,5910.1,5913.55,687,
2024-11-07 12:00:00+05:30,5910.75,5913.75,5910.35,5913.25,260,
2024-11-07 12:01:00+05:30,5912.95,5913,5911,5912.8,43,
2024-11-07 12:02:00+05:30,5912.8,5912.8,5911.4,5912.8,48,
2024-11-07 12:03:00+05:30,5911.4,5912.8,5911.4,5912.8,108,
2024-11-07 12:04:00+05:30,5912.8,5913,5911,5913,44,
2024-11-07 12:05:00+05:30,5913,5917,5911.05,5914.95,2735,
2024-11-07 12:06:00+05:30,5914.95,5914.95,5912.6,5914.35,161,
2024-11-07 12:07:00+05:30,5914.35,5914.35,5911.65,5911.65,554,
2024-11-07 12:08:00+05:30,5911.65,5912.6,5910,5912.6,376,
2024-11-07 12:09:00+05:30,5912.8,5912.8,5911.25,5912.8,47,
2024-11-07 12:10:00+05:30,5912.8,5915,5912.8,5914.95,59,
2024-11-07 12:11:00+05:30,5915,5915,5910,5911.95,290,
2024-11-07 12:12:00+05:30,5911.95,5912.45,5907.35,5907.6,459,
2024-11-07 12:13:00+05:30,5909.75,5909.8,5901.15,5901.9,565,
2024-11-07 12:14:00+05:30,5901.15,5905,5896.85,5902.5,2775,
2024-11-07 12:15:00+05:30,5905.5,5905.85,5899.3,5899.3,1736,
2024-11-07 12:16:00+05:30,5899.3,5900.95,5895.6,5900.95,660,
2024-11-07 12:17:00+05:30,5900,5902.05,5898.1,5900.35,159,
2024-11-07 12:18:00+05:30,5900.35,5902.7,5899.7,5899.85,781,
2024-11-07 12:19:00+05:30,5899.85,5901.7,5899.7,5899.85,272,
2024-11-07 12:20:00+05:30,5898.4,5898.4,5891.4,5894.4,1202,
2024-11-07 12:21:00+05:30,5895.05,5898,5891,5891,372,
2024-11-07 12:22:00+05:30,5891,5893.1,5882.45,5885.9,1198,
2024-11-07 12:23:00+05:30,5887.7,5895.05,5881.55,5886,1380,
2024-11-07 12:24:00+05:30,5886,5887.75,5881.6,5881.75,626,
2024-11-07 12:25:00+05:30,5883.95,5892.85,5881.8,5891,722,
2024-11-07 12:26:00+05:30,5891,5897.25,5891,5895.3,632,
2024-11-07 12:27:00+05:30,5896.15,5900,5893.8,5893.8,3087,
2024-11-07 12:28:00+05:30,5896.7,5896.75,5892.55,5892.7,576,
2024-11-07 12:29:00+05:30,5892.7,5899.55,5892.55,5899.05,182,
2024-11-07 12:30:00+05:30,5898.65,5905,5898.65,5903.65,662,
2024-11-07 12:31:00+05:30,5903.65,5905,5902.2,5903.65,841,
2024-11-07 12:32:00+05:30,5903.65,5905,5902,5902.95,2243,
2024-11-07 12:33:00+05:30,5905,5914.95,5903.15,5914.95,904,
2024-11-07 12:34:00+05:30,5914.95,5915.75,5912.7,5913.05,3731,
2024-11-07 12:35:00+05:30,5913.05,5915,5912.65,5913.95,601,
2024-11-07 12:36:00+05:30,5913.95,5913.95,5912.65,5913.85,57,
2024-11-07 12:37:00+05:30,5913.85,5917,5912.65,5915,1294,
2024-11-07 12:38:00+05:30,5914.3,5916.25,5913.65,5914.9,1204,
2024-11-07 12:39:00+05:30,5913.6,5915,5913.15,5914.95,164,
2024-11-07 12:40:00+05:30,5914.95,5915.55,5913.6,5915,407,
2024-11-07 12:41:00+05:30,5915.1,5918.55,5913.5,5916.75,3414,
2024-11-07 12:42:00+05:30,5914.1,5918,5914,5918,568,
2024-11-07 12:43:00+05:30,5915.1,5917.55,5914.6,5915.05,8603,
2024-11-07 12:44:00+05:30,5915.05,5929,5915.05,5928.05,5446,
2024-11-07 12:45:00+05:30,5928.05,5947.35,5928.05,5939.55,2736,
2024-11-07 12:46:00+05:30,5940.25,5952.85,5940.25,5947.05,2808,
2024-11-07 12:47:00+05:30,5947.05,5947.3,5940.65,5943.35,1081,
2024-11-07 12:48:00+05:30,5940.65,5943.35,5918.7,5919.6,9229,
2024-11-07 12:49:00+05:30,5920,5932.2,5918.45,5930.6,1197,
2024-11-07 12:50:00+05:30,5930.7,5939.65,5930.7,5939.35,260,
2024-11-07 12:51:00+05:30,5939.35,5947,5933.45,5938.05,6419,
2024-11-07 12:52:00+05:30,5938.05,5940,5930.1,5935,8986,
2024-11-07 12:53:00+05:30,5934.95,5939,5930.05,5935.65,6586,
2024-11-07 12:54:00+05:30,5935.65,5938.95,5931.05,5934.7,1037,
2024-11-07 12:55:00+05:30,5934.7,5940.25,5925.2,5925.3,4717,
2024-11-07 12:56:00+05:30,5925.3,5930,5925.1,5930,2747,
2024-11-07 12:57:00+05:30,5930,5940,5928.5,5936.95,3123,
2024-11-07 12:58:00+05:30,5936.95,5945,5926.5,5935.1,12147,
2024-11-07 12:59:00+05:30,5935.1,5936.3,5932.4,5935.3,264,
2024-11-07 13:00:00+05:30,5933.7,5939.65,5933.35,5935.45,2304,
2024-11-07 13:01:00+05:30,5935.45,5950,5935.4,5950,2249,
2024-11-07 13:02:00+05:30,5948.25,5954.9,5946.65,5946.65,2052,
2024-11-07 13:03:00+05:30,5946.65,5948.05,5939.9,5939.9,4976,
2024-11-07 13:04:00+05:30,5939.9,5941.8,5939.35,5940,3335,
2024-11-07 13:05:00+05:30,5940,5940.3,5939.6,5940,541,
2024-11-07 13:06:00+05:30,5939.6,5940,5939.6,5939.6,1004,
2024-11-07 13:07:00+05:30,5939.6,5940,5939.2,5940,954,
2024-11-07 13:08:00+05:30,5939.2,5940,5939.2,5940,698,
2024-11-07 13:09:00+05:30,5940,5946.95,5939.25,5946.95,1343,
2024-11-07 13:10:00+05:30,5946.95,5953.35,5944.6,5953.35,406,
2024-11-07 13:11:00+05:30,5953.35,5957.2,5950,5953.95,2187,
2024-11-07 13:12:00+05:30,5953.95,5958,5951.05,5957,1102,
2024-11-07 13:13:00+05:30,5956.6,5972.4,5956.6,5969.55,1890,
2024-11-07 13:14:00+05:30,5969.55,5972.2,5952.55,5955.9,10864,
2024-11-07 13:15:00+05:30,5957.45,5962.85,5955.9,5961.45,1972,
2024-11-07 13:16:00+05:30,5961.45,5969,5960.3,5969,448,
2024-11-07 13:17:00+05:30,5970.15,5970.15,5961.05,5962,2447,
2024-11-07 13:18:00+05:30,5962,5973.4,5962,5969.95,4809,
2024-11-07 13:19:00+05:30,5969.95,5972.15,5965,5965.7,1983,
2024-11-07 13:20:00+05:30,5965.7,5967.2,5965,5967.2,206,
2024-11-07 13:21:00+05:30,5967.2,5967.2,5964.6,5965,1104,
2024-11-07 13:22:00+05:30,5965,5965.05,5964.6,5965.05,118,
2024-11-07 13:23:00+05:30,5965.05,5967.35,5964.2,5967.15,703,
2024-11-07 13:24:00+05:30,5964.6,5968.4,5964.6,5967.05,1446,
2024-11-07 13:25:00+05:30,5967.05,5968.05,5967.05,5968.05,116,
2024-11-07 13:26:00+05:30,5968.05,5968.05,5957.3,5966.35,1683,
2024-11-07 13:27:00+05:30,5963.75,5966.3,5956.8,5960.6,996,
2024-11-07 13:28:00+05:30,5960.6,5960.6,5957.6,5958.9,819,
2024-11-07 13:29:00+05:30,5955,5958.2,5945,5945,2301,
2024-11-07 13:30:00+05:30,5945,5951.9,5944.6,5948.7,394,
2024-11-07 13:31:00+05:30,5948.7,5951.4,5945.45,5948.15,1170,
2024-11-07 13:32:00+05:30,5948.15,5951.2,5945.2,5951.2,547,
2024-11-07 13:33:00+05:30,5954.95,5955,5949.1,5949.6,6786,
2024-11-07 13:34:00+05:30,5949.6,5951.95,5949.1,5951.75,206,
2024-11-07 13:35:00+05:30,5951.75,5952,5949.1,5951.9,101,
2024-11-07 13:36:00+05:30,5954.2,5955,5948.7,5950,572,
2024-11-07 13:37:00+05:30,5949.6,5949.6,5945,5948,576,
2024-11-07 13:38:00+05:30,5948,5954.9,5945,5952.15,498,
2024-11-07 13:39:00+05:30,5954.85,5954.85,5950.3,5950.3,421,
2024-11-07 13:40:00+05:30,5950.3,5952.9,5948.7,5952.1,595,
2024-11-07 13:41:00+05:30,5952.1,5955,5949.85,5954,240,
2024-11-07 13:42:00+05:30,5954,5955,5953.65,5954.05,162,
2024-11-07 13:43:00+05:30,5954.05,5958.65,5950.05,5956.8,1910,
2024-11-07 13:44:00+05:30,5956.8,5960,5952.5,5953.1,2109,
2024-11-07 13:45:00+05:30,5953.1,5954.85,5950,5953.2,157,
2024-11-07 13:46:00+05:30,5953.1,5957.85,5951.35,5957.85,97,
2024-11-07 13:47:00+05:30,5957.85,5968,5957.85,5964.9,204,
2024-11-07 13:48:00+05:30,5964.9,5967.95,5964.9,5967.9,832,
2024-11-07 13:49:00+05:30,5967.9,5978.4,5966.8,5975.65,1606,
2024-11-07 13:50:00+05:30,5975.75,5984.45,5975.75,5981,1822,
2024-11-07 13:51:00+05:30,5981,5985,5977.6,5984.85,1137,
2024-11-07 13:52:00+05:30,5983,5990,5983,5989.55,1711,
2024-11-07 13:53:00+05:30,5989.35,5995,5986.25,5989.05,1817,
2024-11-07 13:54:00+05:30,5989.05,5993.7,5986,5986,1859,
2024-11-07 13:55:00+05:30,5986,5987.95,5982,5983.9,749,
2024-11-07 13:56:00+05:30,5983.85,5988.35,5983.45,5988.3,970,
2024-11-07 13:57:00+05:30,5988.35,5990.65,5983,5984.95,1796,
2024-11-07 13:58:00+05:30,5984.95,5989.5,5983.35,5988.9,373,
2024-11-07 13:59:00+05:30,5988.9,5990.65,5986.3,5986.7,1405,
2024-11-07 14:00:00+05:30,5986.3,5990,5985.9,5990,1486,
2024-11-07 14:01:00+05:30,5990,5992.65,5985.1,5988.45,1560,
2024-11-07 14:02:00+05:30,5989.45,5993.45,5987.65,5987.65,2633,
2024-11-07 14:03:00+05:30,5987.15,5990.7,5986.7,5988.2,374,
2024-11-07 14:04:00+05:30,5988.2,5991,5986.8,5986.8,983,
2024-11-07 14:05:00+05:30,5986.8,5989.85,5983.3,5984.9,755,
2024-11-07 14:06:00+05:30,5984.9,5988.4,5982,5982.15,581,
2024-11-07 14:07:00+05:30,5982.15,5985,5982.15,5984.85,141,
2024-11-07 14:08:00+05:30,5984.85,5985,5980,5980,6462,
2024-11-07 14:09:00+05:30,5980,5985,5980,5985,1215,
2024-11-07 14:10:00+05:30,5985,5985,5984.05,5985,776,
2024-11-07 14:11:00+05:30,5984.2,5985,5984.2,5984.85,1179,
2024-11-07 14:12:00+05:30,5984.85,5985,5980.4,5985,1546,
2024-11-07 14:13:00+05:30,5985,5985,5983.65,5984.55,300,
2024-11-07 14:14:00+05:30,5984.55,5985,5984.55,5984.6,236,
2024-11-07 14:15:00+05:30,5984.9,5985,5984.6,5984.9,945,
2024-11-07 14:16:00+05:30,5985,5985,5984.9,5985,774,
2024-11-07 14:17:00+05:30,5985,5985,5984.95,5985,267,
2024-11-07 14:18:00+05:30,5985,5985,5981.7,5984.95,1992,
2024-11-07 14:19:00+05:30,5984.6,5987.65,5984.2,5985,19065,
2024-11-07 14:20:00+05:30,5985,5986.7,5984.4,5985,12652,
2024-11-07 14:21:00+05:30,5984.9,5985,5984.15,5984.15,5088,
2024-11-07 14:22:00+05:30,5982.95,5985,5981.1,5983.4,2253,
2024-11-07 14:23:00+05:30,5983.4,5985,5981.55,5982.3,6936,
2024-11-07 14:24:00+05:30,5982.3,5985,5982.3,5984.45,725,
2024-11-07 14:25:00+05:30,5984.45,5987.55,5984.35,5984.9,14223,
2024-11-07 14:26:00+05:30,5984.9,5988.5,5984.6,5985,7804,
2024-11-07 14:27:00+05:30,5986.8,5988,5984.85,5984.9,2362,
2024-11-07 14:28:00+05:30,5984.9,5987.75,5984.55,5984.55,1931,
2024-11-07 14:29:00+05:30,5984.55,5987.05,5984.15,5987.05,1948,
2024-11-07 14:30:00+05:30,5984.2,5987.2,5984.2,5984.95,1961,
2024-11-07 14:31:00+05:30,5984.95,5989.4,5982.65,5984.55,2767,
2024-11-07 14:32:00+05:30,5984.55,5987.8,5984.15,5984.15,1477,
2024-11-07 14:33:00+05:30,5984.15,5986.85,5983.95,5984,2731,
2024-11-07 14:34:00+05:30,5984,5986.65,5983.7,5983.95,1458,
2024-11-07 14:35:00+05:30,5983.95,5985.75,5974.65,5980,2040,
2024-11-07 14:36:00+05:30,5978.6,5983.4,5977.55,5977.55,1044,
2024-11-07 14:37:00+05:30,5981.4,5981.4,5977.25,5979.6,721,
2024-11-07 14:38:00+05:30,5978.15,5981.3,5970,5970.75,2859,
2024-11-07 14:39:00+05:30,5971.4,5975.85,5971.35,5972.65,1426,
2024-11-07 14:40:00+05:30,5972.65,5975.65,5958.1,5966.6,10983,
2024-11-07 14:41:00+05:30,5966.6,5973.5,5966.6,5971.95,1332,
2024-11-07 14:42:00+05:30,5971.95,5978.45,5966.9,5975,4904,
2024-11-07 14:43:00+05:30,5975,5978.8,5969.85,5974.4,5683,
2024-11-07 14:44:00+05:30,5974.4,5977.4,5973.35,5975.95,5303,
2024-11-07 14:45:00+05:30,5974.65,5975.25,5971.6,5972.55,813,
2024-11-07 14:46:00+05:30,5972.55,5975,5969.75,5974.35,700,
2024-11-07 14:47:00+05:30,5974.35,5974.35,5969.3,5970.95,951,
2024-11-07 14:48:00+05:30,5970.95,5972.45,5962.05,5964.8,4241,
2024-11-07 14:49:00+05:30,5964.8,5967.7,5960,5961.25,3372,
2024-11-07 14:50:00+05:30,5961.25,5968.8,5959.15,5961.8,2465,
2024-11-07 14:51:00+05:30,5961.8,5965.8,5959.05,5964.95,1126,
2024-11-07 14:52:00+05:30,5965.4,5966.6,5964.1,5965.55,443,
2024-11-07 14:53:00+05:30,5965.5,5965.7,5950,5953.7,6540,
2024-11-07 14:54:00+05:30,5952.15,5959,5952.1,5956.75,1914,
2024-11-07 14:55:00+05:30,5956.75,5960,5951.1,5954.65,2094,
2024-11-07 14:56:00+05:30,5954.55,5957.3,5949.7,5950,4301,
2024-11-07 14:57:00+05:30,5950,5951.75,5949.2,5950,1459,
2024-11-07 14:58:00+05:30,5950,5954.45,5949.2,5950,7585,
2024-11-07 14:59:00+05:30,5950,5963.2,5949,5961.05,26754,
2024-11-07 15:00:00+05:30,5961.05,5967,5956.1,5962.15,2784,
2024-11-07 15:01:00+05:30,5962.8,5967.85,5958.95,5959.65,9331,
2024-11-07 15:02:00+05:30,5959.6,5962.35,5954.5,5959.75,8236,
2024-11-07 15:03:00+05:30,5959.75,5960.9,5958.8,5959.5,2882,
2024-11-07 15:04:00+05:30,5959.5,5962.8,5959.45,5960,5789,
2024-11-07 15:05:00+05:30,5960,5965.45,5959.55,5962.4,37025,
2024-11-07 15:06:00+05:30,5962.4,5979.9,5959.6,5973.45,13523,
2024-11-07 15:07:00+05:30,5969.9,5978.85,5969.9,5973,1672,
2024-11-07 15:08:00+05:30,5973.2,5975.7,5963.25,5964.5,9063,
2024-11-07 15:09:00+05:30,5964.2,5966,5961.85,5962.25,7296,
2024-11-07 15:10:00+05:30,5962.3,5963.6,5957.85,5959.5,1981,
2024-11-07 15:11:00+05:30,5959.5,5966.75,5959.45,5963.85,6377,
2024-11-07 15:12:00+05:30,5963.2,5963.75,5959.65,5959.65,2254,
2024-11-07 15:13:00+05:30,5964.45,5965,5961.95,5963.45,6824,
2024-11-07 15:14:00+05:30,5963.45,5965,5962.35,5964.9,1703,
2024-11-07 15:15:00+05:30,5964.9,5965.1,5964.4,5964.85,3431,
2024-11-07 15:16:00+05:30,5964.85,5965.1,5962.9,5962.9,8802,
2024-11-07 15:17:00+05:30,5963.9,5963.95,5958.05,5959,3815,
2024-11-07 15:18:00+05:30,5959.95,5963.9,5957.95,5961.4,7787,
2024-11-07 15:19:00+05:30,5961.25,5965,5959.05,5959.2,3208,
2024-11-07 15:20:00+05:30,5959.15,5961.6,5958.95,5960.8,2933,
2024-11-07 15:21:00+05:30,5960.8,5962.4,5959.15,5960,1874,
2024-11-07 15:22:00+05:30,5960,5960,5954.25,5954.85,4422,
2024-11-07 15:23:00+05:30,5954.85,5955,5949.65,5949.95,12225,
2024-11-07 15:24:00+05:30,5949.95,5950,5949.35,5950,2402,
2024-11-07 15:25:00+05:30,5949.9,5950,5948.75,5949.95,12981,
2024-11-07 15:26:00+05:30,5950,5959.5,5949,5959.2,9662,
2024-11-07 15:27:00+05:30,5959.15,5970,5956.1,5964,3095,
2024-11-07 15:28:00+05:30,5967.6,5968.4,5959,5960.9,980,
2024-11-07 15:29:00+05:30,5960.9,5971.45,5946.95,5950.05,3601,
2024-11-08 09:15:00+05:30,5980,5995.95,5960.05,5972.6,4728,
2024-11-08 09:16:00+05:30,5966.7,5989.95,5966.7,5973.05,1528,
2024-11-08 09:17:00+05:30,5970.05,5976.65,5963.1,5972.4,2238,
2024-11-08 09:18:00+05:30,5967.6,5975.05,5961.8,5966,1717,
2024-11-08 09:19:00+05:30,5966,5975.9,5955.55,5960.05,1235,
2024-11-08 09:20:00+05:30,5955.35,5962.75,5945.95,5956.8,1490,
2024-11-08 09:21:00+05:30,5956.8,5960,5946.95,5950.25,5009,
2024-11-08 09:22:00+05:30,5950.2,5960,5949.9,5956.9,1046,
2024-11-08 09:23:00+05:30,5956.95,5965,5956.75,5965,5398,
2024-11-08 09:24:00+05:30,5962.55,5965,5958,5961.05,4051,
2024-11-08 09:25:00+05:30,5961.05,5965,5961.05,5964.95,4985,
2024-11-08 09:26:00+05:30,5965,5965,5957.15,5964.7,9372,
2024-11-08 09:27:00+05:30,5962.3,5963.6,5950.6,5961.4,1059,
2024-11-08 09:28:00+05:30,5961.4,5965,5959.15,5963.6,2734,
2024-11-08 09:29:00+05:30,5963.6,5965,5963.2,5965,17813,
2024-11-08 09:30:00+05:30,5965,5971.15,5962,5965,6330,
2024-11-08 09:31:00+05:30,5965,5989.5,5964.2,5985.2,12159,
2024-11-08 09:32:00+05:30,5986.45,6003.95,5986.45,6003.95,1846,
2024-11-08 09:33:00+05:30,6003.75,6007.65,5998.65,6003.05,1326,
2024-11-08 09:34:00+05:30,6000,6023.95,6000,6023.95,1858,
2024-11-08 09:35:00+05:30,6023.95,6023.95,6009.55,6010,1725,
2024-11-08 09:36:00+05:30,6010,6011.7,6002.55,6006.1,812,
2024-11-08 09:37:00+05:30,6006.1,6011.1,6001.45,6001.45,1473,
2024-11-08 09:38:00+05:30,6001.45,6026.95,6001.45,6023.55,3366,
2024-11-08 09:39:00+05:30,6023.8,6034.55,6016.85,6034.55,1503,
2024-11-08 09:40:00+05:30,6032.45,6032.45,6020.75,6021.55,1076,
2024-11-08 09:41:00+05:30,6021.55,6028,6021.55,6028,770,
2024-11-08 09:42:00+05:30,6028,6038.95,6027,6037.3,2506,
2024-11-08 09:43:00+05:30,6037.3,6052.9,6034.8,6050.1,4496,
2024-11-08 09:44:00+05:30,6050.1,6058.6,6048.05,6057.2,2729,
2024-11-08 09:45:00+05:30,6055,6057.95,6042.6,6056.8,2554,
2024-11-08 09:46:00+05:30,6057.45,6058.6,6044.1,6056.3,8716,
2024-11-08 09:47:00+05:30,6056.3,6062,6050,6052.35,21344,
2024-11-08 09:48:00+05:30,6050.45,6053.75,6040,6041.55,3075,
2024-11-08 09:49:00+05:30,6041.55,6049.15,6035.7,6049,2024,
2024-11-08 09:50:00+05:30,6049,6050,6043.65,6044.35,1204,
2024-11-08 09:51:00+05:30,6044.35,6051.9,6037.2,6043,2772,
2024-11-08 09:52:00+05:30,6043,6045.95,6040,6040,750,
2024-11-08 09:53:00+05:30,6040,6041.25,6027.15,6036.45,2740,
2024-11-08 09:54:00+05:30,6036.55,6047.1,6036.55,6047.1,2088,
2024-11-08 09:55:00+05:30,6047.1,6054,6041.45,6044.6,1554,
2024-11-08 09:56:00+05:30,6044.6,6047.45,6039.8,6044.45,919,
2024-11-08 09:57:00+05:30,6044.45,6044.9,6037.75,6038,661,
2024-11-08 09:58:00+05:30,6039.8,6053.15,6037.35,6051.6,2222,
2024-11-08 09:59:00+05:30,6051.6,6058.55,6050.05,6052.7,2970,
2024-11-08 10:00:00+05:30,6050.05,6054.65,6038.75,6043.85,940,
2024-11-08 10:01:00+05:30,6043.85,6043.85,6032,6038.65,1258,
2024-11-08 10:02:00+05:30,6038.85,6039.8,6036.7,6039.6,440,
2024-11-08 10:03:00+05:30,6039.6,6040,6029.25,6034.85,1668,
2024-11-08 10:04:00+05:30,6034.85,6040,6030.05,6035.65,2123,
2024-11-08 10:05:00+05:30,6036.85,6042.15,6030.45,6035,977,
2024-11-08 10:06:00+05:30,6032.2,6039,6032.2,6036.85,909,
2024-11-08 10:07:00+05:30,6034.65,6035.3,6023,6023,2157,
2024-11-08 10:08:00+05:30,6023,6026.2,6019,6025,1542,
2024-11-08 10:09:00+05:30,6025,6035.45,6022.45,6022.5,927,
2024-11-08 10:10:00+05:30,6022.5,6029.4,6022.2,6027,468,
2024-11-08 10:11:00+05:30,6027,6027.15,6022,6022.05,413,
2024-11-08 10:12:00+05:30,6022.05,6034.45,6021.05,6028.4,888,
2024-11-08 10:13:00+05:30,6028.4,6039.4,6027.35,6036.7,781,
2024-11-08 10:14:00+05:30,6037.15,6037.95,6029,6030.1,1328,
2024-11-08 10:15:00+05:30,6030,6038,6024.05,6033.75,1462,
2024-11-08 10:16:00+05:30,6033.75,6036.8,6029.1,6032.15,438,
2024-11-08 10:17:00+05:30,6032.15,6034.35,6029.95,6030,255,
2024-11-08 10:18:00+05:30,6030,6033,6028,6028,515,
2024-11-08 10:19:00+05:30,6028.3,6028.3,6016.45,6016.45,862,
2024-11-08 10:20:00+05:30,6015,6015,6009.6,6014.85,1620,
2024-11-08 10:21:00+05:30,6014.85,6021.35,6014,6018.85,462,
2024-11-08 10:22:00+05:30,6018.85,6020,6014,6016.1,418,
2024-11-08 10:23:00+05:30,6016.1,6016.1,6010,6012,1507,
2024-11-08 10:24:00+05:30,6012,6021.65,6012,6021.65,727,
2024-11-08 10:25:00+05:30,6021.65,6027.3,6012.05,6012.05,864,
2024-11-08 10:26:00+05:30,6012.05,6012.9,6009.05,6009.05,387,
2024-11-08 10:27:00+05:30,6009.05,6012.8,6005.6,6005.6,544,
2024-11-08 10:28:00+05:30,6004,6009.95,6003.15,6009.95,662,
2024-11-08 10:29:00+05:30,6009.95,6014.9,6009.05,6012.25,362,
2024-11-08 10:30:00+05:30,6012.25,6019.3,6012.25,6018.4,493,
2024-11-08 10:31:00+05:30,6018.4,6028.3,6014.7,6027.95,1394,
2024-11-08 10:32:00+05:30,6027.95,6040.2,6025.5,6030,2762,
2024-11-08 10:33:00+05:30,6030,6030.1,6027,6030.1,331,
2024-11-08 10:34:00+05:30,6028,6031.15,6020.85,6020.85,446,
2024-11-08 10:35:00+05:30,6025.3,6033.25,6024.1,6029.3,691,
2024-11-08 10:36:00+05:30,6030.75,6033.35,6030.75,6032,286,
2024-11-08 10:37:00+05:30,6032,6032,6025.1,6025.85,484,
2024-11-08 10:38:00+05:30,6025.9,6028.35,6023.3,6027.5,756,
2024-11-08 10:39:00+05:30,6026.25,6027.8,6023,6023,510,
2024-11-08 10:40:00+05:30,6023.3,6026.2,6022.15,6022.6,218,
2024-11-08 10:41:00+05:30,6023.85,6025.7,6020,6020.75,411,
2024-11-08 10:42:00+05:30,6022.75,6026.95,6015.6,6019.25,724,
2024-11-08 10:43:00+05:30,6019.25,6020,6016.2,6017.1,415,
2024-11-08 10:44:00+05:30,6017.1,6025,6013,6020,632,
2024-11-08 10:45:00+05:30,6020,6023.4,6012.35,6012.35,420,
2024-11-08 10:46:00+05:30,6012.35,6016,6006,6006,834,
2024-11-08 10:47:00+05:30,6006.9,6011,6002.6,6011,1045,
2024-11-08 10:48:00+05:30,6011,6014.85,6010.1,6013,1147,
2024-11-08 10:49:00+05:30,6013,6013.9,6004,6004.05,1302,
2024-11-08 10:50:00+05:30,6004.05,6007.95,6001.05,6004.5,801,
2024-11-08 10:51:00+05:30,6004.5,6007,5996.2,5996.2,1893,
2024-11-08 10:52:00+05:30,5996.2,5999.95,5995.95,5999.95,271,
2024-11-08 10:53:00+05:30,5999.6,6015.05,5999.15,6006.8,3607,
2024-11-08 10:54:00+05:30,6007.1,6013.45,6000.8,6005.25,5849,
2024-11-08 10:55:00+05:30,6004.6,6011.5,6003.55,6006.2,2401,
2024-11-08 10:56:00+05:30,6008.6,6024.3,6006.05,6024.3,2974,
2024-11-08 10:57:00+05:30,6024.3,6029,6020,6025.3,1306,
2024-11-08 10:58:00+05:30,6025.3,6029,6025.3,6028,345,
2024-11-08 10:59:00+05:30,6028,6030,6027.25,6027.25,776,
2024-11-08 11:00:00+05:30,6028.6,6028.6,6022.15,6022.15,471,
2024-11-08 11:01:00+05:30,6022.15,6025.35,6018.1,6022.55,651,
2024-11-08 11:02:00+05:30,6022.55,6023.45,6018.8,6018.8,329,
2024-11-08 11:03:00+05:30,6019.1,6021.2,6016.55,6021.2,100,
2024-11-08 11:04:00+05:30,6019.5,6022.8,6012.45,6012.45,611,
2024-11-08 11:05:00+05:30,6012.45,6023.95,6011.65,6023.25,294,
2024-11-08 11:06:00+05:30,6023.25,6029.8,6022,6022.7,654,
2024-11-08 11:07:00+05:30,6022.7,6030,6022.7,6027.25,369,
2024-11-08 11:08:00+05:30,6027.25,6027.25,6020.75,6024.9,216,
2024-11-08 11:09:00+05:30,6024.9,6024.9,6018.05,6023.5,507,
2024-11-08 11:10:00+05:30,6023.5,6027.4,6022.3,6027.35,262,
2024-11-08 11:11:00+05:30,6027.35,6028.45,6020.3,6020.3,514,
2024-11-08 11:12:00+05:30,6020.3,6025.65,6020.3,6023.45,217,
2024-11-08 11:13:00+05:30,6023,6023.55,6015.4,6015.4,1097,
2024-11-08 11:14:00+05:30,6015.4,6019.75,6012.05,6013.15,633,
2024-11-08 11:15:00+05:30,6013.15,6017.2,6013.15,6016.45,448,
2024-11-08 11:16:00+05:30,6016.45,6018.1,6006,6006,768,
2024-11-08 11:17:00+05:30,6007,6007,6000.4,6005.1,1898,
2024-11-08 11:18:00+05:30,6005.1,6006.9,5995.55,5998.75,1970,
2024-11-08 11:19:00+05:30,5998.75,6006.1,5997.45,6005.45,215,
2024-11-08 11:20:00+05:30,6005.45,6006.9,5998.95,5998.95,465,
2024-11-08 11:21:00+05:30,5998.95,5999.75,5996.7,5996.7,230,
2024-11-08 11:22:00+05:30,5996.7,5999.35,5990.05,5990.05,423,
2024-11-08 11:23:00+05:30,5992.15,5992.8,5985,5989,933,
2024-11-08 11:24:00+05:30,5989,5990.25,5983.85,5990.25,714,
2024-11-08 11:25:00+05:30,5990.25,5997.2,5980.55,5980.7,1742,
2024-11-08 11:26:00+05:30,5981.5,5985.45,5980,5983,1241,
2024-11-08 11:27:00+05:30,5983,5986.05,5980,5984.5,633,
2024-11-08 11:28:00+05:30,5984.5,5989.2,5982.25,5983.7,517,
2024-11-08 11:29:00+05:30,5983.7,5992.95,5983.7,5989.5,316,
2024-11-08 11:30:00+05:30,5989.5,5997.5,5989.5,5997.5,416,
2024-11-08 11:31:00+05:30,5997.5,5999.45,5992.25,5999.45,429,
2024-11-08 11:32:00+05:30,6000,6000,5991.35,5993.45,636,
2024-11-08 11:33:00+05:30,5993.45,5994.55,5984.05,5985.65,1059,
2024-11-08 11:34:00+05:30,5985.65,5986.75,5975,5975.1,2815,
2024-11-08 11:35:00+05:30,5975,5979,5974.3,5979,505,
2024-11-08 11:36:00+05:30,5976.6,5980.2,5976.6,5980.2,336,
2024-11-08 11:37:00+05:30,5980.2,5982.35,5971.55,5974.15,1339,
2024-11-08 11:38:00+05:30,5974.15,5975.75,5967.05,5974.15,1543,
2024-11-08 11:39:00+05:30,5974.15,5978.85,5973.45,5977.85,500,
2024-11-08 11:40:00+05:30,5977.85,5977.85,5972.75,5975.3,545,
2024-11-08 11:41:00+05:30,5975.3,5975.3,5965.85,5972.5,1761,
2024-11-08 11:42:00+05:30,5972.5,5973.3,5966.7,5968.95,361,
2024-11-08 11:43:00+05:30,5968.95,5968.95,5961,5967,1073,
2024-11-08 11:44:00+05:30,5967,5970.45,5966.25,5967.1,801,
2024-11-08 11:45:00+05:30,5967.1,5970.15,5965.7,5970.15,131,
2024-11-08 11:46:00+05:30,5970.15,5976.7,5970.15,5973.4,688,
2024-11-08 11:47:00+05:30,5973.4,5973.4,5964.9,5971.45,591,
2024-11-08 11:48:00+05:30,5971.45,5971.85,5965,5965,356,
2024-11-08 11:49:00+05:30,5965,5970,5965,5969.75,312,
2024-11-08 11:50:00+05:30,5970.4,5970.45,5965,5967.7,278,
2024-11-08 11:51:00+05:30,5967.7,5972.45,5967.7,5970.7,267,
2024-11-08 11:52:00+05:30,5970.7,5971.35,5967.8,5969.6,158,
2024-11-08 11:53:00+05:30,5963.7,5969.2,5961,5964,675,
2024-11-08 11:54:00+05:30,5964,5965.6,5962.7,5965.55,234,
2024-11-08 11:55:00+05:30,5965.55,5965.55,5961.2,5963,175,
2024-11-08 11:56:00+05:30,5961.35,5965.65,5961.35,5962.2,339,
2024-11-08 11:57:00+05:30,5964,5964.95,5958,5959,1114,
2024-11-08 11:58:00+05:30,5959,5963.85,5954.95,5963.85,965,
2024-11-08 11:59:00+05:30,5963.85,5964.9,5959,5959,303,
2024-11-08 12:00:00+05:30,5961.35,5961.55,5954.65,5958.95,1064,
2024-11-08 12:01:00+05:30,5958.95,5958.95,5951.2,5953.2,315,
2024-11-08 12:02:00+05:30,5954.2,5956.9,5942.85,5952.7,2617,
2024-11-08 12:03:00+05:30,5952.7,5952.7,5950,5952.05,404,
2024-11-08 12:04:00+05:30,5952.05,5955,5951.85,5952.35,364,
2024-11-08 12:05:00+05:30,5952.35,5955,5950.95,5954.85,112,
2024-11-08 12:06:00+05:30,5954.85,5955.35,5953.6,5954.25,376,
2024-11-08 12:07:00+05:30,5954.15,5954.25,5950,5953,390,
2024-11-08 12:08:00+05:30,5950,5953,5950,5953,176,
2024-11-08 12:09:00+05:30,5953,5953,5951.75,5952.8,340,
2024-11-08 12:10:00+05:30,5952.8,5953,5949.6,5950.6,320,
2024-11-08 12:11:00+05:30,5952.6,5952.6,5946.1,5948,1350,
2024-11-08 12:12:00+05:30,5950,5958.8,5950,5957.15,496,
2024-11-08 12:13:00+05:30,5957.15,5960,5954.15,5958.25,399,
2024-11-08 12:14:00+05:30,5958.25,5959.8,5955.65,5958.55,207,
2024-11-08 12:15:00+05:30,5959.45,5959.45,5957.6,5958.1,318,
2024-11-08 12:16:00+05:30,5958.1,5959.9,5957,5957,252,
2024-11-08 12:17:00+05:30,5957,5959.1,5955.05,5958.4,214,
2024-11-08 12:18:00+05:30,5958.4,5958.95,5955.3,5957.35,362,
2024-11-08 12:19:00+05:30,5957.35,5959.75,5952.8,5956.4,696,
2024-11-08 12:20:00+05:30,5956.4,5956.4,5951.35,5954.4,136,
2024-11-08 12:21:00+05:30,5954.25,5954.4,5953.5,5954.2,276,
2024-11-08 12:22:00+05:30,5954.2,5954.4,5950.1,5953.35,439,
2024-11-08 12:23:00+05:30,5953,5953,5947.9,5949.6,1245,
2024-11-08 12:24:00+05:30,5949.6,5953.45,5949.6,5951.65,217,
2024-11-08 12:25:00+05:30,5951.65,5953,5950.6,5953,235,
2024-11-08 12:26:00+05:30,5953,5955.35,5951.1,5952.1,523,
2024-11-08 12:27:00+05:30,5951.85,5951.85,5942,5946.4,599,
2024-11-08 12:28:00+05:30,5946.4,5946.4,5928.9,5936.45,1747,
2024-11-08 12:29:00+05:30,5934.65,5935.85,5922.05,5928,777,
2024-11-08 12:30:00+05:30,5928,5936.7,5928,5936.05,393,
2024-11-08 12:31:00+05:30,5936.05,5938,5932.8,5934.35,345,
2024-11-08 12:32:00+05:30,5934.35,5940.65,5934.35,5939.4,127,
2024-11-08 12:33:00+05:30,5939.4,5940.95,5937.15,5939.95,512,
2024-11-08 12:34:00+05:30,5937.1,5939.8,5937.1,5939.4,151,
2024-11-08 12:35:00+05:30,5939.7,5940.95,5936.05,5939.85,490,
2024-11-08 12:36:00+05:30,5939.85,5939.85,5932.45,5932.5,340,
2024-11-08 12:37:00+05:30,5932.5,5935.15,5932.5,5934.45,307,
2024-11-08 12:38:00+05:30,5934.45,5934.8,5928.05,5930.45,106,
2024-11-08 12:39:00+05:30,5930.45,5931.1,5926.7,5929.5,606,
2024-11-08 12:40:00+05:30,5929.5,5933.65,5929.15,5931.95,268,
2024-11-08 12:41:00+05:30,5931.95,5932,5925,5925,321,
2024-11-08 12:42:00+05:30,5925,5928.4,5925,5928.4,485,
2024-11-08 12:43:00+05:30,5928.4,5928.4,5920.95,5922.45,594,
2024-11-08 12:44:00+05:30,5922.45,5926.9,5922.45,5926.9,170,
2024-11-08 12:45:00+05:30,5926.9,5930.85,5926.55,5926.55,266,
2024-11-08 12:46:00+05:30,5926.4,5928,5924.45,5927.05,521,
2024-11-08 12:47:00+05:30,5927.05,5928.1,5922.15,5928.1,341,
2024-11-08 12:48:00+05:30,5928.1,5928.1,5924,5924,348,
2024-11-08 12:49:00+05:30,5924,5932,5924,5932,479,
2024-11-08 12:50:00+05:30,5932,5934.95,5926.3,5926.3,452,
2024-11-08 12:51:00+05:30,5926.3,5931.25,5926.3,5931.05,261,
2024-11-08 12:52:00+05:30,5931.05,5935.4,5921,5922.2,201,
2024-11-08 12:53:00+05:30,5922.2,5926.55,5920.05,5922.9,2039,
2024-11-08 12:54:00+05:30,5922.9,5926.6,5922.4,5924.15,97,
2024-11-08 12:55:00+05:30,5924.15,5928.6,5924.15,5924.15,287,
2024-11-08 12:56:00+05:30,5924.95,5926.85,5924.15,5924.6,266,
2024-11-08 12:57:00+05:30,5924.6,5931.75,5924.6,5929,222,
2024-11-08 12:58:00+05:30,5929,5933.2,5928.8,5933.2,402,
2024-11-08 12:59:00+05:30,5933.15,5933.9,5929.9,5932.95,335,
2024-11-08 13:00:00+05:30,5932.25,5933.9,5931.85,5933.05,112,
2024-11-08 13:01:00+05:30,5933.9,5935.85,5933.55,5934.45,142,
2024-11-08 13:02:00+05:30,5934.25,5945.95,5934,5943.05,504,
2024-11-08 13:03:00+05:30,5945.85,5949,5943,5947.15,431,
2024-11-08 13:04:00+05:30,5947.15,5953.6,5947.05,5952.2,772,
2024-11-08 13:05:00+05:30,5952.2,5960,5952.2,5957.9,1014,
2024-11-08 13:06:00+05:30,5957.9,5958.7,5953.9,5955,271,
2024-11-08 13:07:00+05:30,5956.65,5957.55,5954,5956.8,241,
2024-11-08 13:08:00+05:30,5956.8,5957.65,5950.85,5950.85,623,
2024-11-08 13:09:00+05:30,5950.85,5955.4,5948.35,5948.35,274,
2024-11-08 13:10:00+05:30,5948.35,5956.35,5948.35,5953.75,378,
2024-11-08 13:11:00+05:30,5953.75,5969,5953.75,5966.15,1557,
2024-11-08 13:12:00+05:30,5966.15,5969.05,5964.05,5966.75,489,
2024-11-08 13:13:00+05:30,5966.75,5977.95,5966.75,5973.6,1092,
2024-11-08 13:14:00+05:30,5973.6,5975,5960.1,5960.15,1686,
2024-11-08 13:15:00+05:30,5960.15,5964.15,5956.1,5959.1,273,
2024-11-08 13:16:00+05:30,5959.1,5960,5952.55,5958.25,324,
2024-11-08 13:17:00+05:30,5959.95,5962.2,5955.1,5957.2,266,
2024-11-08 13:18:00+05:30,5957.2,5962.05,5952,5960,858,
2024-11-08 13:19:00+05:30,5961.05,5966.3,5955,5957.85,947,
2024-11-08 13:20:00+05:30,5957.85,5961.55,5955.5,5955.5,264,
2024-11-08 13:21:00+05:30,5956.45,5958.2,5955,5955.85,148,
2024-11-08 13:22:00+05:30,5955.85,5959.05,5953.75,5956,456,
2024-11-08 13:23:00+05:30,5956,5956.5,5951.6,5951.6,357,
2024-11-08 13:24:00+05:30,5952.5,5953.45,5950,5951.8,377,
2024-11-08 13:25:00+05:30,5950,5954.8,5950,5952.2,393,
2024-11-08 13:26:00+05:30,5952.2,5953.95,5951.15,5951.45,159,
2024-11-08 13:27:00+05:30,5951.45,5958.7,5951.45,5956.3,228,
2024-11-08 13:28:00+05:30,5956.3,5959.9,5956.3,5958.15,417,
2024-11-08 13:29:00+05:30,5958.15,5959.1,5953.45,5956.95,306,
2024-11-08 13:30:00+05:30,5956.95,5962.15,5955.5,5957.95,372,
2024-11-08 13:31:00+05:30,5957.95,5958,5951.1,5954,461,
2024-11-08 13:32:00+05:30,5954,5957.4,5953.4,5956,137,
2024-11-08 13:33:00+05:30,5955.3,5957.6,5950.55,5955,524,
2024-11-08 13:34:00+05:30,5955,5955,5951.6,5952.75,120,
2024-11-08 13:35:00+05:30,5952.75,5954.9,5949.6,5949.8,374,
2024-11-08 13:36:00+05:30,5949.8,5950.8,5943.85,5946.85,310,
2024-11-08 13:37:00+05:30,5946.85,5949.9,5945,5949.9,408,
2024-11-08 13:38:00+05:30,5949.9,5951.6,5948.75,5949.25,289,
2024-11-08 13:39:00+05:30,5949.25,5951.4,5949.15,5950.85,233,
2024-11-08 13:40:00+05:30,5950.85,5950.85,5944.05,5947,222,
2024-11-08 13:41:00+05:30,5947,5947,5940,5940.6,633,
2024-11-08 13:42:00+05:30,5941.5,5944.15,5941,5944.15,109,
2024-11-08 13:43:00+05:30,5945.7,5945.95,5942.4,5944.85,245,
2024-11-08 13:44:00+05:30,5944.35,5949.45,5944.35,5946.3,271,
2024-11-08 13:45:00+05:30,5946.3,5949.95,5946.3,5949.95,285,
2024-11-08 13:46:00+05:30,5949.95,5950.95,5943.55,5947.75,558,
2024-11-08 13:47:00+05:30,5947.75,5948.9,5942.3,5947,338,
2024-11-08 13:48:00+05:30,5947,5947,5942.2,5943.65,187,
2024-11-08 13:49:00+05:30,5943.65,5946.4,5942.85,5943.5,353,
2024-11-08 13:50:00+05:30,5943.5,5944.4,5943.1,5944.4,127,
2024-11-08 13:51:00+05:30,5944.4,5950.65,5943.05,5950.65,247,
2024-11-08 13:52:00+05:30,5949.95,5952.6,5949.6,5951,292,
2024-11-08 13:53:00+05:30,5951,5952.4,5947.65,5948.05,353,
2024-11-08 13:54:00+05:30,5948.05,5949.95,5948.05,5949.1,96,
2024-11-08 13:55:00+05:30,5949.5,5951.95,5949,5951.25,256,
2024-11-08 13:56:00+05:30,5951,5951.4,5943.1,5945.4,524,
2024-11-08 13:57:00+05:30,5945,5948.85,5942.85,5945.9,485,
2024-11-08 13:58:00+05:30,5948.55,5948.55,5945.75,5946.55,195,
2024-11-08 13:59:00+05:30,5945.55,5955,5945.45,5950.8,524,
2024-11-08 14:00:00+05:30,5950.8,5951.3,5948.6,5948.6,136,
2024-11-08 14:01:00+05:30,5948.6,5958.95,5948.6,5953.55,796,
2024-11-08 14:02:00+05:30,5953.55,5955.2,5945.9,5945.9,202,
2024-11-08 14:03:00+05:30,5945.9,5946.4,5945.25,5946.4,48,
2024-11-08 14:04:00+05:30,5946.4,5948.5,5946.4,5947.35,241,
2024-11-08 14:05:00+05:30,5946.9,5952.45,5946.9,5950.35,163,
2024-11-08 14:06:00+05:30,5950.35,5955.2,5947.2,5953.9,596,
2024-11-08 14:07:00+05:30,5953.9,5956,5949.15,5949.15,319,
2024-11-08 14:08:00+05:30,5949.15,5954.35,5944.8,5946.05,911,
2024-11-08 14:09:00+05:30,5946.05,5950.15,5946.05,5949.6,34,
2024-11-08 14:10:00+05:30,5949.6,5952.5,5948.45,5948.45,921,
2024-11-08 14:11:00+05:30,5948.45,5949.5,5941.95,5942.65,237,
2024-11-08 14:12:00+05:30,5942.65,5944.95,5940,5941.7,328,
2024-11-08 14:13:00+05:30,5941.7,5943.25,5940,5941.5,191,
2024-11-08 14:14:00+05:30,5941.5,5941.5,5934.65,5934.65,573,
2024-11-08 14:15:00+05:30,5934.65,5936.9,5930.3,5932.65,1507,
2024-11-08 14:16:00+05:30,5932.45,5936,5932.45,5935.15,113,
2024-11-08 14:17:00+05:30,5935.15,5936.75,5935,5936,189,
2024-11-08 14:18:00+05:30,5936,5936,5928.15,5931.95,689,
2024-11-08 14:19:00+05:30,5931.95,5933.65,5925,5927.8,1757,
2024-11-08 14:20:00+05:30,5927.8,5929.5,5925.35,5929.5,105,
2024-11-08 14:21:00+05:30,5927.5,5930.1,5927.5,5928.4,305,
2024-11-08 14:22:00+05:30,5928.4,5930.2,5928,5929.5,506,
2024-11-08 14:23:00+05:30,5927.3,5929.5,5926.1,5928.5,221,
2024-11-08 14:24:00+05:30,5928.5,5928.55,5927.55,5927.7,186,
2024-11-08 14:25:00+05:30,5928.75,5929.15,5925.35,5925.85,493,
2024-11-08 14:26:00+05:30,5925.85,5928.55,5925.85,5928,252,
2024-11-08 14:27:00+05:30,5927.7,5929.2,5927.7,5929.2,577,
2024-11-08 14:28:00+05:30,5930,5930.45,5926.1,5928.35,468,
2024-11-08 14:29:00+05:30,5928.35,5931.95,5926.45,5928.2,373,
2024-11-08 14:30:00+05:30,5928.2,5930.05,5925,5925,354,
2024-11-08 14:31:00+05:30,5925,5929,5924.05,5925.35,369,
2024-11-08 14:32:00+05:30,5926.6,5929.9,5926.6,5929.9,241,
2024-11-08 14:33:00+05:30,5929.9,5929.9,5915.05,5915.05,2096,
2024-11-08 14:34:00+05:30,5915.05,5920.4,5915.05,5920.4,218,
2024-11-08 14:35:00+05:30,5920.4,5920.4,5917.2,5917.5,189,
2024-11-08 14:36:00+05:30,5920,5920.4,5916.1,5916.1,699,
2024-11-08 14:37:00+05:30,5916.1,5923.25,5916.1,5920.55,331,
2024-11-08 14:38:00+05:30,5922.35,5922.35,5903.45,5908.55,2831,
2024-11-08 14:39:00+05:30,5908.55,5911.95,5908,5911,175,
2024-11-08 14:40:00+05:30,5909.55,5912.9,5902.05,5905.7,899,
2024-11-08 14:41:00+05:30,5907.05,5918.9,5907.05,5918.9,1921,
2024-11-08 14:42:00+05:30,5918.9,5922,5918.6,5920.55,615,
2024-11-08 14:43:00+05:30,5920.55,5923.6,5904.45,5908.2,4056,
2024-11-08 14:44:00+05:30,5908.7,5914.4,5906.6,5914.4,731,
2024-11-08 14:45:00+05:30,5914.4,5920.2,5905,5915,1341,
2024-11-08 14:46:00+05:30,5915,5918.7,5909.35,5918.65,1222,
2024-11-08 14:47:00+05:30,5918.65,5918.65,5915.2,5918.65,459,
2024-11-08 14:48:00+05:30,5918.65,5920,5911.45,5920,1083,
2024-11-08 14:49:00+05:30,5923.75,5932.95,5922.35,5930.1,429,
2024-11-08 14:50:00+05:30,5930.1,5935,5930.1,5932.55,552,
2024-11-08 14:51:00+05:30,5930.75,5932.95,5930,5930,208,
2024-11-08 14:52:00+05:30,5930,5930.2,5928.5,5929.25,438,
2024-11-08 14:53:00+05:30,5929.25,5932.1,5925.3,5929.7,766,
2024-11-08 14:54:00+05:30,5929.7,5940.05,5928.9,5938.3,1028,
2024-11-08 14:55:00+05:30,5938.3,5940.45,5936.2,5938.7,419,
2024-11-08 14:56:00+05:30,5938.7,5939,5936.2,5937.45,295,
2024-11-08 14:57:00+05:30,5937.45,5943.55,5937.3,5943.1,481,
2024-11-08 14:58:00+05:30,5942.25,5959.3,5940.7,5958.8,2243,
2024-11-08 14:59:00+05:30,5958.8,5970,5957.9,5966.1,1989,
2024-11-08 15:00:00+05:30,5964.95,5972.9,5953.4,5971.3,3650,
2024-11-08 15:01:00+05:30,5971.3,5974,5963.65,5973.8,3371,
2024-11-08 15:02:00+05:30,5971.95,5976.6,5957.25,5958.55,6245,
2024-11-08 15:03:00+05:30,5958.55,5975,5958.55,5969,4948,
2024-11-08 15:04:00+05:30,5968.5,5980.7,5968.5,5977.9,1903,
2024-11-08 15:05:00+05:30,5977.9,5980,5968.6,5975.05,2421,
2024-11-08 15:06:00+05:30,5975.05,5978.55,5970.75,5973.1,3676,
2024-11-08 15:07:00+05:30,5973.1,5974,5967.6,5971.4,2529,
2024-11-08 15:08:00+05:30,5970,5971.4,5961.5,5963.9,2378,
2024-11-08 15:09:00+05:30,5963.9,5970.95,5962.5,5962.75,3927,
2024-11-08 15:10:00+05:30,5962.75,5968.75,5962,5963.6,2280,
2024-11-08 15:11:00+05:30,5963.2,5965.3,5950,5954.45,3473,
2024-11-08 15:12:00+05:30,5954.45,5959.45,5953.25,5956.2,3751,
2024-11-08 15:13:00+05:30,5953,5955.4,5943.2,5945.8,4031,
2024-11-08 15:14:00+05:30,5945.95,5950.35,5940.75,5949.85,3885,
2024-11-08 15:15:00+05:30,5949.85,5950,5941.1,5941.1,2196,
2024-11-08 15:16:00+05:30,5941.1,5946.95,5941.1,5941.4,2166,
2024-11-08 15:17:00+05:30,5941.4,5945,5925.1,5926.45,2329,
2024-11-08 15:18:00+05:30,5926.45,5929.5,5922.4,5926.75,2058,
2024-11-08 15:19:00+05:30,5926.75,5926.75,5915.05,5920.1,2739,
2024-11-08 15:20:00+05:30,5920.1,5929.1,5913.05,5925.8,1757,
2024-11-08 15:21:00+05:30,5925.85,5934.4,5925,5929.1,1600,
2024-11-08 15:22:00+05:30,5928.9,5934.7,5928.55,5932.6,1971,
2024-11-08 15:23:00+05:30,5930.1,5932.65,5925,5925.65,1150,
2024-11-08 15:24:00+05:30,5925.65,5926.7,5910,5913.8,3020,
2024-11-08 15:25:00+05:30,5913.8,5921.2,5913.05,5918.25,1742,
2024-11-08 15:26:00+05:30,5918.25,5922,5907.95,5911.15,1672,
2024-11-08 15:27:00+05:30,5908.25,5911.15,5900,5900.1,2899,
2024-11-08 15:28:00+05:30,5900.15,5903.4,5896,5900,1963,
2024-11-08 15:29:00+05:30,5898,5901.65,5880,5899.9,1478,
2024-11-11 09:15:00+05:30,6155,6155,5898.7,5926.05,98628,
2024-11-11 09:16:00+05:30,5928.4,5928.45,5801.35,5819.95,49885,
2024-11-11 09:17:00+05:30,5819.4,5888.85,5809.05,5875,33654,
2024-11-11 09:18:00+05:30,5871.25,5943.65,5865.75,5902.8,46477,
2024-11-11 09:19:00+05:30,5908.6,5917.75,5888.35,5904.75,16462,
2024-11-11 09:20:00+05:30,5899.35,5941.95,5891.4,5933.2,19652,
2024-11-11 09:21:00+05:30,5933.45,5971.05,5929.3,5960,28443,
2024-11-11 09:22:00+05:30,5960,5960,5923.8,5936.8,14098,
2024-11-11 09:23:00+05:30,5942.5,5957.5,5918.3,5932.95,14429,
2024-11-11 09:24:00+05:30,5932.75,5936.15,5904,5909.7,9588,
2024-11-11 09:25:00+05:30,5909.7,5917.8,5895.1,5901.2,10829,
2024-11-11 09:26:00+05:30,5904.6,5906.95,5866.95,5870,11959,
2024-11-11 09:27:00+05:30,5871,5871.2,5826.15,5829.35,22410,
2024-11-11 09:28:00+05:30,5826.85,5848.45,5825.05,5838.25,9105,
2024-11-11 09:29:00+05:30,5838.25,5849.4,5830.45,5836.05,8461,
2024-11-11 09:30:00+05:30,5836.05,5837.9,5810,5810.05,12461,
2024-11-11 09:31:00+05:30,5810.2,5833,5810.2,5816.35,5008,
2024-11-11 09:32:00+05:30,5819.5,5830.7,5817.35,5826.65,4481,
2024-11-11 09:33:00+05:30,5826.55,5827.4,5803.4,5803.8,6867,
2024-11-11 09:34:00+05:30,5803.8,5803.8,5782.2,5797.75,14223,
2024-11-11 09:35:00+05:30,5798,5833,5795.2,5827.5,7714,
2024-11-11 09:36:00+05:30,5821.85,5832.6,5818.8,5831.85,6722,
2024-11-11 09:37:00+05:30,5832,5862.4,5820.85,5858,11918,
2024-11-11 09:38:00+05:30,5863.3,5865,5832.85,5836.05,6074,
2024-11-11 09:39:00+05:30,5836,5847.25,5832,5832.85,3566,
2024-11-11 09:40:00+05:30,5832.85,5850,5831.5,5847.45,3766,
2024-11-11 09:41:00+05:30,5844.15,5852.85,5837,5852.85,3931,
2024-11-11 09:42:00+05:30,5852.85,5875.3,5852.85,5868,9017,
2024-11-11 09:43:00+05:30,5869.4,5896.75,5868,5894.05,10414,
2024-11-11 09:44:00+05:30,5887.15,5905,5884.05,5891.05,11356,
2024-11-11 09:45:00+05:30,5887.2,5896.9,5870.2,5871.85,4342,
2024-11-11 09:46:00+05:30,5871.3,5879.95,5867.3,5879.95,2867,
2024-11-11 09:47:00+05:30,5881.15,5881.15,5855,5865.5,4642,
2024-11-11 09:48:00+05:30,5865.5,5872.05,5863.15,5869.5,1634,
2024-11-11 09:49:00+05:30,5870.1,5888.3,5864.5,5887.8,3315,
2024-11-11 09:50:00+05:30,5885,5890.9,5881.85,5890,1728,
2024-11-11 09:51:00+05:30,5891.05,5910,5891.05,5903.55,7893,
2024-11-11 09:52:00+05:30,5903.65,5909,5892.1,5909,6304,
2024-11-11 09:53:00+05:30,5909,5910.25,5903.55,5910.25,2486,
2024-11-11 09:54:00+05:30,5906.7,5940.25,5900.75,5936.5,13925,
2024-11-11 09:55:00+05:30,5932.4,5937.95,5910.2,5914.3,9566,
2024-11-11 09:56:00+05:30,5916.15,5934.75,5911.8,5920,5714,
2024-11-11 09:57:00+05:30,5920,5920,5905.3,5911,3399,
2024-11-11 09:58:00+05:30,5911,5924,5911,5915.55,2304,
2024-11-11 09:59:00+05:30,5915.55,5934.75,5912.4,5920.6,3556,
2024-11-11 10:00:00+05:30,5923.45,5928.45,5908.3,5911.7,2686,
2024-11-11 10:01:00+05:30,5911.85,5917.15,5903.15,5904.95,2259,
2024-11-11 10:02:00+05:30,5902.85,5905,5875,5879.75,9205,
2024-11-11 10:03:00+05:30,5880.4,5882.9,5872,5873.3,6187,
2024-11-11 10:04:00+05:30,5877.6,5882.45,5874.6,5882.45,1410,
2024-11-11 10:05:00+05:30,5882.45,5913.75,5882.45,5910,3239,
2024-11-11 10:06:00+05:30,5913.9,5928.95,5910.5,5919.8,5105,
2024-11-11 10:07:00+05:30,5919.8,5932,5916.25,5918.4,4111,
2024-11-11 10:08:00+05:30,5915,5924.95,5915,5920.95,2693,
2024-11-11 10:09:00+05:30,5920.9,5925,5914,5914,1181,
2024-11-11 10:10:00+05:30,5914.3,5922.75,5910.15,5915,836,
2024-11-11 10:11:00+05:30,5913,5917.4,5900,5906.1,1652,
2024-11-11 10:12:00+05:30,5906.1,5909.9,5899.2,5902.55,1900,
2024-11-11 10:13:00+05:30,5905.7,5908.45,5897.5,5898.75,2137,
2024-11-11 10:14:00+05:30,5898.75,5913.5,5898.75,5903.2,2190,
2024-11-11 10:15:00+05:30,5905.25,5909.4,5901.55,5903.1,758,
2024-11-11 10:16:00+05:30,5903.1,5907.45,5901,5901.95,601,
2024-11-11 10:17:00+05:30,5901.95,5913,5898.5,5906.05,2299,
2024-11-11 10:18:00+05:30,5906.05,5920,5902.65,5916,1997,
2024-11-11 10:19:00+05:30,5916.5,5936.9,5916.5,5926.65,4038,
2024-11-11 10:20:00+05:30,5926,5933.25,5925.7,5933.25,4054,
2024-11-11 10:21:00+05:30,5934.95,5943.6,5934.05,5939.25,7822,
2024-11-11 10:22:00+05:30,5939.25,5941.55,5933.45,5937.8,1808,
2024-11-11 10:23:00+05:30,5940,5944.05,5933.3,5941.1,6691,
2024-11-11 10:24:00+05:30,5940.3,5944.35,5937.65,5942,2550,
2024-11-11 10:25:00+05:30,5942,5965,5938.05,5957.9,10542,
2024-11-11 10:26:00+05:30,5962.75,5980,5957.5,5964.55,12579,
2024-11-11 10:27:00+05:30,5967.65,5972.1,5964.25,5972.1,3828,
2024-11-11 10:28:00+05:30,5972.9,5974.75,5946.05,5962.7,7901,
2024-11-11 10:29:00+05:30,5962.7,5967.85,5959.35,5966,1281,
2024-11-11 10:30:00+05:30,5965.25,5969,5961.2,5969,1120,
2024-11-11 10:31:00+05:30,5969,5972.5,5954.95,5954.95,5020,
2024-11-11 10:32:00+05:30,5954.95,5961.5,5953,5955.45,1762,
2024-11-11 10:33:00+05:30,5953.65,5953.65,5926.15,5927.6,5359,
2024-11-11 10:34:00+05:30,5925,5935.65,5917,5920.1,4013,
2024-11-11 10:35:00+05:30,5919.55,5926.95,5918.55,5924,1721,
2024-11-11 10:36:00+05:30,5924,5926.9,5920,5923.9,1270,
2024-11-11 10:37:00+05:30,5923.85,5923.85,5893.85,5899.85,6983,
2024-11-11 10:38:00+05:30,5897.7,5899.95,5892.8,5895.85,3286,
2024-11-11 10:39:00+05:30,5893,5895.8,5877,5885.8,5042,
2024-11-11 10:40:00+05:30,5885.8,5892.05,5883.65,5889.95,1597,
2024-11-11 10:41:00+05:30,5887.7,5892.25,5880.05,5881.8,1846,
2024-11-11 10:42:00+05:30,5881.8,5893.95,5881.8,5893.75,948,
2024-11-11 10:43:00+05:30,5893.75,5922.75,5893.75,5917.6,3313,
2024-11-11 10:44:00+05:30,5914.95,5914.95,5904.95,5909.6,966,
2024-11-11 10:45:00+05:30,5909.6,5911.65,5901.7,5911.4,2476,
2024-11-11 10:46:00+05:30,5911.4,5915.35,5898.5,5902.8,3307,
2024-11-11 10:47:00+05:30,5905.5,5908,5898.3,5908,897,
2024-11-11 10:48:00+05:30,5910,5914.8,5909.7,5911.75,399,
2024-11-11 10:49:00+05:30,5911.75,5912,5908,5908,498,
2024-11-11 10:50:00+05:30,5908,5908.2,5895.8,5902.1,1300,
2024-11-11 10:51:00+05:30,5899.8,5906.7,5894.05,5894.05,1352,
2024-11-11 10:52:00+05:30,5894.05,5897.25,5892.95,5895,581,
2024-11-11 10:53:00+05:30,5895,5898.15,5890,5897,2302,
2024-11-11 10:54:00+05:30,5897,5899.95,5891.15,5893.8,1001,
2024-11-11 10:55:00+05:30,5893.8,5894.95,5887.55,5894.95,2275,
2024-11-11 10:56:00+05:30,5894.95,5898,5890.8,5892.85,748,
2024-11-11 10:57:00+05:30,5895.9,5897.15,5893.6,5894.3,527,
2024-11-11 10:58:00+05:30,5894.3,5899.2,5892.65,5892.65,982,
2024-11-11 10:59:00+05:30,5892.65,5897,5892.65,5896.25,402,
2024-11-11 11:00:00+05:30,5896.25,5912.2,5896.25,5909.05,931,
2024-11-11 11:01:00+05:30,5909.05,5915.95,5909,5912.6,1162,
2024-11-11 11:02:00+05:30,5912.6,5913,5905.9,5910.1,302,
2024-11-11 11:03:00+05:30,5910.1,5912.9,5907.95,5911.5,609,
2024-11-11 11:04:00+05:30,5913.7,5913.7,5902.6,5905.45,2554,
2024-11-11 11:05:00+05:30,5905.45,5910.45,5905.05,5905.6,569,
2024-11-11 11:06:00+05:30,5905.6,5924,5905.6,5916.6,2082,
2024-11-11 11:07:00+05:30,5916.6,5916.6,5907.05,5911.6,930,
2024-11-11 11:08:00+05:30,5911.6,5922.65,5911.6,5921.4,681,
2024-11-11 11:09:00+05:30,5918.4,5922.9,5910.65,5912,2859,
2024-11-11 11:10:00+05:30,5912,5921.95,5912,5920.75,906,
2024-11-11 11:11:00+05:30,5920.75,5920.85,5916.85,5918.05,233,
2024-11-11 11:12:00+05:30,5918.05,5922.85,5903.8,5906.1,3374,
2024-11-11 11:13:00+05:30,5906.1,5915.8,5906.1,5909.05,534,
2024-11-11 11:14:00+05:30,5909.05,5910.8,5906.4,5906.5,763,
2024-11-11 11:15:00+05:30,5906.5,5908.95,5905,5907.05,470,
2024-11-11 11:16:00+05:30,5911.35,5918,5909.45,5916.2,669,
2024-11-11 11:17:00+05:30,5916.1,5919,5915.75,5915.75,258,
2024-11-11 11:18:00+05:30,5915.75,5922,5914.55,5914.6,941,
2024-11-11 11:19:00+05:30,5916.95,5916.95,5914.55,5916.5,313,
2024-11-11 11:20:00+05:30,5916.5,5920,5915.85,5917.25,730,
2024-11-11 11:21:00+05:30,5919.85,5921.3,5916.45,5918.15,694,
2024-11-11 11:22:00+05:30,5918.55,5921.9,5918.15,5919.5,449,
2024-11-11 11:23:00+05:30,5919.75,5921,5913.85,5921,1040,
2024-11-11 11:24:00+05:30,5921,5921,5917.2,5919.95,440,
2024-11-11 11:25:00+05:30,5919.95,5921,5916.7,5917.4,779,
2024-11-11 11:26:00+05:30,5918.6,5918.95,5915.65,5915.85,501,
2024-11-11 11:27:00+05:30,5917,5918,5916.05,5916.05,454,
2024-11-11 11:28:00+05:30,5916.05,5920,5916.05,5918.3,412,
2024-11-11 11:29:00+05:30,5918.3,5920,5916.25,5916.25,365,
2024-11-11 11:30:00+05:30,5916.25,5919.45,5916.25,5919,309,
2024-11-11 11:31:00+05:30,5919,5919.5,5918.5,5918.8,318,
2024-11-11 11:32:00+05:30,5918.8,5919.5,5897.9,5898.25,6126,
2024-11-11 11:33:00+05:30,5898.25,5899.4,5892.45,5899.4,1365,
2024-11-11 11:34:00+05:30,5899.4,5902.3,5895.75,5895.75,621,
2024-11-11 11:35:00+05:30,5895.75,5898,5894.5,5898,335,
2024-11-11 11:36:00+05:30,5898,5898,5893.25,5895.95,776,
2024-11-11 11:37:00+05:30,5895.95,5902.5,5893.9,5894.9,572,
2024-11-11 11:38:00+05:30,5894.9,5901.7,5893.3,5899.2,447,
2024-11-11 11:39:00+05:30,5899.2,5904,5894,5894,1055,
2024-11-11 11:40:00+05:30,5894,5897,5889.1,5889.5,2260,
2024-11-11 11:41:00+05:30,5889.5,5892.2,5860,5864.75,6980,
2024-11-11 11:42:00+05:30,5867.45,5874.35,5865,5866.95,2847,
2024-11-11 11:43:00+05:30,5866.95,5874.95,5865,5870.65,1442,
2024-11-11 11:44:00+05:30,5870,5876.55,5867.05,5869.8,1342,
2024-11-11 11:45:00+05:30,5869.8,5874.95,5865.65,5874.95,1950,
2024-11-11 11:46:00+05:30,5874.95,5878.3,5870.2,5872.3,4276,
2024-11-11 11:47:00+05:30,5872.3,5902.7,5872,5894.6,3374,
2024-11-11 11:48:00+05:30,5894.6,5895.95,5888.1,5890,730,
2024-11-11 11:49:00+05:30,5890,5893,5887.9,5889.35,616,
2024-11-11 11:50:00+05:30,5889.35,5889.35,5880.1,5880.95,395,
2024-11-11 11:51:00+05:30,5880.95,5886.95,5878.35,5885,549,
2024-11-11 11:52:00+05:30,5885,5886.45,5881.25,5884.8,701,
2024-11-11 11:53:00+05:30,5884.8,5886.3,5882.85,5885.15,1261,
2024-11-11 11:54:00+05:30,5885.15,5890.95,5885.15,5888.3,1168,
2024-11-11 11:55:00+05:30,5888.3,5890.95,5884.3,5888.45,617,
2024-11-11 11:56:00+05:30,5888.45,5889.7,5885.15,5887.9,410,
2024-11-11 11:57:00+05:30,5887.9,5890.1,5885.5,5890.1,667,
2024-11-11 11:58:00+05:30,5890.1,5890.1,5883.25,5889.4,1043,
2024-11-11 11:59:00+05:30,5889.15,5890,5888.45,5889.9,461,
2024-11-11 12:00:00+05:30,5888.45,5889.95,5878.2,5878.6,2651,
2024-11-11 12:01:00+05:30,5878.6,5879.9,5872.3,5876.05,1419,
2024-11-11 12:02:00+05:30,5876.05,5885,5873,5883.35,948,
2024-11-11 12:03:00+05:30,5883.35,5885,5875.75,5877.35,951,
2024-11-11 12:04:00+05:30,5877.35,5880.35,5876.6,5878.3,807,
2024-11-11 12:05:00+05:30,5879,5879,5872.75,5876.85,860,
2024-11-11 12:06:00+05:30,5876.85,5876.95,5872.15,5876.95,948,
2024-11-11 12:07:00+05:30,5876.95,5880.2,5874.25,5874.25,546,
2024-11-11 12:08:00+05:30,5874.25,5874.6,5856.95,5856.95,4133,
2024-11-11 12:09:00+05:30,5856.85,5859.4,5843.5,5846.55,6471,
2024-11-11 12:10:00+05:30,5845.25,5855.4,5841,5853.65,2254,
2024-11-11 12:11:00+05:30,5855.15,5855.15,5844,5846,3043,
2024-11-11 12:12:00+05:30,5846.25,5850,5845.85,5848.9,1420,
2024-11-11 12:13:00+05:30,5849.4,5850.1,5845.45,5845.7,1149,
2024-11-11 12:14:00+05:30,5845.7,5850,5844,5846.05,1675,
2024-11-11 12:15:00+05:30,5846.05,5858.35,5844.3,5855.3,3048,
2024-11-11 12:16:00+05:30,5855.25,5855.5,5846.35,5849.5,1827,
2024-11-11 12:17:00+05:30,5847.15,5848.25,5840,5840,1819,
2024-11-11 12:18:00+05:30,5840.95,5840.95,5830.05,5835,3917,
2024-11-11 12:19:00+05:30,5835,5839.95,5835,5837.3,1242,
2024-11-11 12:20:00+05:30,5837.3,5844.55,5832.3,5843.75,2660,
2024-11-11 12:21:00+05:30,5843.75,5843.75,5835.2,5836.6,511,
2024-11-11 12:22:00+05:30,5836.6,5851.85,5835.2,5851.85,1571,
2024-11-11 12:23:00+05:30,5850,5854,5850,5853.9,995,
2024-11-11 12:24:00+05:30,5853.9,5855,5851.45,5855,756,
2024-11-11 12:25:00+05:30,5855,5865,5854.05,5855.35,4702,
2024-11-11 12:26:00+05:30,5855.95,5860,5853,5853.7,1340,
2024-11-11 12:27:00+05:30,5853.7,5861.35,5851.55,5861.35,687,
2024-11-11 12:28:00+05:30,5861.35,5861.35,5852.7,5855.35,855,
2024-11-11 12:29:00+05:30,5853.55,5856.25,5852,5853,680,
2024-11-11 12:30:00+05:30,5853,5855,5843.85,5843.85,1425,
2024-11-11 12:31:00+05:30,5843.85,5849.8,5841.05,5848.35,1494,
2024-11-11 12:32:00+05:30,5848.35,5854,5847.6,5850,1211,
2024-11-11 12:33:00+05:30,5850,5851,5846.5,5847.2,990,
2024-11-11 12:34:00+05:30,5849.6,5857.2,5849.05,5853.95,1155,
2024-11-11 12:35:00+05:30,5853.95,5859.45,5849.15,5850,895,
2024-11-11 12:36:00+05:30,5848.55,5855.1,5848.55,5853.5,698,
2024-11-11 12:37:00+05:30,5853.5,5854.75,5848.35,5851.9,536,
2024-11-11 12:38:00+05:30,5851.9,5859.35,5851.9,5858,951,
2024-11-11 12:39:00+05:30,5858,5865,5855.5,5865,1885,
2024-11-11 12:40:00+05:30,5864.95,5869.95,5863.95,5869.95,1490,
2024-11-11 12:41:00+05:30,5869.95,5874.15,5867.7,5872,1726,
2024-11-11 12:42:00+05:30,5865.7,5867.6,5859.9,5863.8,1330,
2024-11-11 12:43:00+05:30,5865.8,5867.95,5860.7,5862.75,707,
2024-11-11 12:44:00+05:30,5862.7,5865.05,5860.8,5864.8,555,
2024-11-11 12:45:00+05:30,5864.8,5865.65,5863,5865,519,
2024-11-11 12:46:00+05:30,5863.45,5871.1,5861.75,5871.1,1052,
2024-11-11 12:47:00+05:30,5871.1,5878.65,5866.25,5876.4,4245,
2024-11-11 12:48:00+05:30,5877.45,5878,5870,5878,3936,
2024-11-11 12:49:00+05:30,5875.6,5880,5875.6,5878.5,1312,
2024-11-11 12:50:00+05:30,5879.95,5885,5877.55,5881.85,1120,
2024-11-11 12:51:00+05:30,5878.75,5881.25,5877.55,5880.5,1032,
2024-11-11 12:52:00+05:30,5880.5,5882.4,5878.45,5881.65,250,
2024-11-11 12:53:00+05:30,5881.65,5881.65,5878.3,5880.2,1316,
2024-11-11 12:54:00+05:30,5881.35,5884.45,5880.8,5884.45,358,
2024-11-11 12:55:00+05:30,5882.95,5887.6,5881.25,5886.9,1491,
2024-11-11 12:56:00+05:30,5886.9,5887.75,5881.85,5887.75,776,
2024-11-11 12:57:00+05:30,5887.75,5887.75,5880.15,5883,1084,
2024-11-11 12:58:00+05:30,5883,5888.85,5882.6,5887.05,816,
2024-11-11 12:59:00+05:30,5887.05,5888.4,5883.5,5888.4,1532,
2024-11-11 13:00:00+05:30,5887,5898.7,5886.95,5895,5790,
2024-11-11 13:01:00+05:30,5895,5904,5895,5900.4,5373,
2024-11-11 13:02:00+05:30,5900.4,5902,5898.45,5901.85,4418,
2024-11-11 13:03:00+05:30,5901.85,5905.85,5899.45,5901.65,2522,
2024-11-11 13:04:00+05:30,5903.2,5914.45,5903,5911.2,2992,
2024-11-11 13:05:00+05:30,5911.2,5913.95,5907.95,5909.3,1237,
2024-11-11 13:06:00+05:30,5909.3,5912,5907.6,5910,609,
2024-11-11 13:07:00+05:30,5910,5912,5910,5911,510,
2024-11-11 13:08:00+05:30,5912.75,5916,5900,5902.55,5928,
2024-11-11 13:09:00+05:30,5900.65,5905,5900,5901.5,1847,
2024-11-11 13:10:00+05:30,5900.15,5906.1,5900.15,5906.1,571,
2024-11-11 13:11:00+05:30,5906.1,5910,5904.9,5905.65,1121,
2024-11-11 13:12:00+05:30,5906,5908,5904.6,5904.6,686,
2024-11-11 13:13:00+05:30,5904.6,5906.5,5904,5905.6,1063,
2024-11-11 13:14:00+05:30,5905.6,5905.65,5901.9,5904.1,1018,
2024-11-11 13:15:00+05:30,5904.1,5904.1,5898.1,5900,14532,
2024-11-11 13:16:00+05:30,5900,5905,5900,5902.75,4620,
2024-11-11 13:17:00+05:30,5902.75,5904.2,5900.75,5902.25,509,
2024-11-11 13:18:00+05:30,5902.25,5904.6,5902.25,5904.45,503,
2024-11-11 13:19:00+05:30,5902.9,5904.45,5900,5900.65,5683,
2024-11-11 13:20:00+05:30,5900,5904,5900,5904,9178,
2024-11-11 13:21:00+05:30,5904,5910,5902.5,5909.25,1305,
2024-11-11 13:22:00+05:30,5910,5910,5900.4,5901.7,1470,
2024-11-11 13:23:00+05:30,5901.7,5903.15,5900,5903.15,2878,
2024-11-11 13:24:00+05:30,5903.15,5907.65,5902.85,5906.8,382,
2024-11-11 13:25:00+05:30,5907,5909,5906.8,5908.6,927,
2024-11-11 13:26:00+05:30,5908.6,5908.6,5900,5900.65,3328,
2024-11-11 13:27:00+05:30,5900,5904.65,5900,5903.25,1654,
2024-11-11 13:28:00+05:30,5903.25,5906.75,5901.75,5904.7,410,
2024-11-11 13:29:00+05:30,5904.7,5904.95,5900,5902.85,5125,
2024-11-11 13:30:00+05:30,5902.85,5902.85,5900,5902.8,1292,
2024-11-11 13:31:00+05:30,5902.8,5905,5901.75,5903.65,447,
2024-11-11 13:32:00+05:30,5903.65,5905,5903,5905,525,
2024-11-11 13:33:00+05:30,5905,5905,5900.5,5901.15,1263,
2024-11-11 13:34:00+05:30,5901.15,5904,5900.5,5903,687,
2024-11-11 13:35:00+05:30,5903,5903.85,5902.2,5903.85,512,
2024-11-11 13:36:00+05:30,5903.85,5903.85,5900,5900.7,896,
2024-11-11 13:37:00+05:30,5900.7,5901.55,5898.25,5900.1,3449,
2024-11-11 13:38:00+05:30,5900.1,5903.5,5900.1,5902.75,561,
2024-11-11 13:39:00+05:30,5902.75,5904.35,5901.65,5904.35,1313,
2024-11-11 13:40:00+05:30,5904,5904.45,5900,5902,3667,
2024-11-11 13:41:00+05:30,5902,5908.1,5900,5906.6,6014,
2024-11-11 13:42:00+05:30,5906.6,5906.6,5894.45,5896.05,14118,
2024-11-11 13:43:00+05:30,5896.05,5898.7,5883.7,5890,7382,
2024-11-11 13:44:00+05:30,5889.1,5897.45,5889.1,5894,2687,
2024-11-11 13:45:00+05:30,5892.6,5897.95,5891.2,5894.25,1332,
2024-11-11 13:46:00+05:30,5894.25,5900,5893.6,5899,1398,
2024-11-11 13:47:00+05:30,5897.2,5900,5896.9,5900,1232,
2024-11-11 13:48:00+05:30,5900,5902.35,5895.9,5897.05,3265,
2024-11-11 13:49:00+05:30,5897.05,5897.8,5891.9,5894.15,1454,
2024-11-11 13:50:00+05:30,5894.15,5896.35,5891.9,5894.05,1239,
2024-11-11 13:51:00+05:30,5893.3,5893.3,5887.1,5889.7,2355,
2024-11-11 13:52:00+05:30,5890.5,5896.05,5889.7,5895.8,1267,
2024-11-11 13:53:00+05:30,5895.35,5899,5891.9,5892.7,2089,
2024-11-11 13:54:00+05:30,5892.7,5898.85,5892.05,5897.25,1761,
2024-11-11 13:55:00+05:30,5897.25,5897.95,5894.35,5895.2,1532,
2024-11-11 13:56:00+05:30,5893.3,5899.55,5892.6,5899.45,2062,
2024-11-11 13:57:00+05:30,5899.45,5901,5898,5900.9,1132,
2024-11-11 13:58:00+05:30,5900.9,5900.95,5900,5900.9,867,
2024-11-11 13:59:00+05:30,5900.9,5905,5900,5903,4154,
2024-11-11 14:00:00+05:30,5900.6,5903,5900,5902.65,863,
2024-11-11 14:01:00+05:30,5902.65,5903,5900.2,5903,1213,
2024-11-11 14:02:00+05:30,5904,5904.95,5901.7,5902.75,543,
2024-11-11 14:03:00+05:30,5902.75,5909,5902.4,5908.6,2338,
2024-11-11 14:04:00+05:30,5908.6,5909.2,5902,5903.15,2012,
2024-11-11 14:05:00+05:30,5903.15,5904.45,5900,5904.4,1942,
2024-11-11 14:06:00+05:30,5904.4,5904.95,5900,5902.7,1292,
2024-11-11 14:07:00+05:30,5903.9,5906,5902.65,5906,952,
2024-11-11 14:08:00+05:30,5906,5906,5904.15,5905.95,567,
2024-11-11 14:09:00+05:30,5905.95,5905.95,5900.85,5902.5,1317,
2024-11-11 14:10:00+05:30,5903.65,5906.1,5903.05,5906.1,974,
2024-11-11 14:11:00+05:30,5907,5909,5904,5907.7,929,
2024-11-11 14:12:00+05:30,5907.9,5917.7,5905.35,5917.35,4666,
2024-11-11 14:13:00+05:30,5914.25,5918.95,5913.9,5918.5,2067,
2024-11-11 14:14:00+05:30,5918.45,5918.5,5915,5915,1490,
2024-11-11 14:15:00+05:30,5917.7,5918.7,5908.05,5911.2,4307,
2024-11-11 14:16:00+05:30,5910,5912.4,5900,5901.65,8777,
2024-11-11 14:17:00+05:30,5903.9,5903.9,5900,5903,3385,
2024-11-11 14:18:00+05:30,5903,5906.9,5901.6,5905,2241,
2024-11-11 14:19:00+05:30,5905,5908.55,5900,5908.55,6341,
2024-11-11 14:20:00+05:30,5908.55,5909.85,5904.05,5909.85,1267,
2024-11-11 14:21:00+05:30,5909.85,5914.95,5909.05,5914.45,1853,
2024-11-11 14:22:00+05:30,5914.5,5914.9,5911.2,5914.25,783,
2024-11-11 14:23:00+05:30,5914.25,5916.4,5911.55,5915,1171,
2024-11-11 14:24:00+05:30,5916.4,5916.85,5912.65,5913.7,2222,
2024-11-11 14:25:00+05:30,5913.7,5915.05,5912.4,5912.6,741,
2024-11-11 14:26:00+05:30,5912.6,5913.55,5911.95,5913.55,1784,
2024-11-11 14:27:00+05:30,5913.55,5919,5913.4,5918.8,1640,
2024-11-11 14:28:00+05:30,5918.8,5920,5910,5910.55,2831,
2024-11-11 14:29:00+05:30,5911.1,5919.4,5910.55,5916.8,825,
2024-11-11 14:30:00+05:30,5916.8,5917.4,5915.25,5917.4,763,
2024-11-11 14:31:00+05:30,5917.4,5917.4,5914.1,5914.7,2703,
2024-11-11 14:32:00+05:30,5914.95,5916,5906.3,5912.2,7453,
2024-11-11 14:33:00+05:30,5912.2,5915.75,5909.3,5911.9,6746,
2024-11-11 14:34:00+05:30,5911.9,5920,5911.35,5920,3012,
2024-11-11 14:35:00+05:30,5920,5922.75,5915.75,5916.15,3700,
2024-11-11 14:36:00+05:30,5916.45,5921.35,5915,5915,2723,
2024-11-11 14:37:00+05:30,5915.15,5915.8,5914,5915.8,2073,
2024-11-11 14:38:00+05:30,5915.8,5918.2,5915,5916.45,661,
2024-11-11 14:39:00+05:30,5916.45,5918.6,5915.75,5918.35,983,
2024-11-11 14:40:00+05:30,5918.35,5919,5916.15,5918.25,1077,
2024-11-11 14:41:00+05:30,5918.6,5918.65,5908.5,5915,6685,
2024-11-11 14:42:00+05:30,5915,5916.55,5912.85,5913.05,1358,
2024-11-11 14:43:00+05:30,5912.9,5912.9,5900.55,5904.5,4742,
2024-11-11 14:44:00+05:30,5905.1,5909.1,5900.5,5902,2033,
2024-11-11 14:45:00+05:30,5902,5904.9,5900.5,5903.95,870,
2024-11-11 14:46:00+05:30,5904.9,5909.65,5902.65,5904.95,1067,
2024-11-11 14:47:00+05:30,5904.95,5906.75,5904.05,5904.95,668,
2024-11-11 14:48:00+05:30,5904.95,5905.6,5900.6,5901.45,1378,
2024-11-11 14:49:00+05:30,5901.45,5906.15,5900.1,5904.35,2138,
2024-11-11 14:50:00+05:30,5904.35,5907.9,5904.35,5907.9,758,
2024-11-11 14:51:00+05:30,5907.9,5907.9,5902.25,5907.15,838,
2024-11-11 14:52:00+05:30,5907.1,5907.5,5903.85,5904.9,1062,
2024-11-11 14:53:00+05:30,5904.9,5904.9,5900,5902.2,1474,
2024-11-11 14:54:00+05:30,5902.2,5906.55,5900.2,5904.6,1330,
2024-11-11 14:55:00+05:30,5904.6,5904.75,5901.4,5902.45,827,
2024-11-11 14:56:00+05:30,5902.45,5904.4,5902,5903.55,651,
2024-11-11 14:57:00+05:30,5903.55,5907.45,5902.65,5907.45,924,
2024-11-11 14:58:00+05:30,5905.9,5907.95,5903.75,5906.1,959,
2024-11-11 14:59:00+05:30,5906.1,5906.1,5904,5904.7,933,
2024-11-11 15:00:00+05:30,5904.15,5910.95,5900,5904.15,4399,
2024-11-11 15:01:00+05:30,5904,5906.3,5900,5901.55,5225,
2024-11-11 15:02:00+05:30,5903.3,5903.3,5900.1,5902,1297,
2024-11-11 15:03:00+05:30,5902,5904,5900.75,5904,1732,
2024-11-11 15:04:00+05:30,5903.35,5904.4,5901.2,5903.8,1950,
2024-11-11 15:05:00+05:30,5903.8,5908.7,5903.3,5908.65,1026,
2024-11-11 15:06:00+05:30,5908,5908.55,5903.95,5906.15,1590,
2024-11-11 15:07:00+05:30,5906.15,5907.3,5902.15,5902.55,2542,
2024-11-11 15:08:00+05:30,5902.55,5904.4,5901.35,5902.15,2030,
2024-11-11 15:09:00+05:30,5901.2,5910.65,5900.5,5908.05,8374,
2024-11-11 15:10:00+05:30,5908.05,5910,5904.7,5908.25,5321,
2024-11-11 15:11:00+05:30,5906.4,5913.9,5906.4,5910.9,4565,
2024-11-11 15:12:00+05:30,5910.9,5915,5906.85,5906.85,6024,
2024-11-11 15:13:00+05:30,5905.25,5911,5905.25,5906.6,5348,
2024-11-11 15:14:00+05:30,5906.3,5907.65,5901,5901,4945,
2024-11-11 15:15:00+05:30,5901,5908.95,5901,5904.3,4649,
2024-11-11 15:16:00+05:30,5904.3,5906.95,5901,5905,3971,
2024-11-11 15:17:00+05:30,5905,5905,5902,5903.05,2386,
2024-11-11 15:18:00+05:30,5903.05,5904.7,5887.05,5890.05,17883,
2024-11-11 15:19:00+05:30,5888.9,5890.5,5886.75,5886.8,3113,
2024-11-11 15:20:00+05:30,5886.8,5893.3,5886.8,5890.05,5149,
2024-11-11 15:21:00+05:30,5891.95,5891.95,5889.2,5891.25,1595,
2024-11-11 15:22:00+05:30,5893.4,5893.45,5889.5,5891.45,3270,
2024-11-11 15:23:00+05:30,5890.4,5891.35,5887.05,5887.05,1921,
2024-11-11 15:24:00+05:30,5888,5888.55,5874.75,5876.85,3463,
2024-11-11 15:25:00+05:30,5877.2,5881.05,5873.75,5874.4,1171,
2024-11-11 15:26:00+05:30,5874.4,5876.7,5871.05,5872,2311,
2024-11-11 15:27:00+05:30,5871.75,5880.05,5871.75,5879.85,1980,
2024-11-11 15:28:00+05:30,5879.65,5882,5870.15,5871,944,
2024-11-11 15:29:00+05:30,5871,5880,5868.8,5868.8,601,
2024-11-12 09:15:00+05:30,5915,5918.75,5863.1,5887.45,4816,
2024-11-12 09:16:00+05:30,5881.5,5894.6,5869.1,5876.7,4159,
2024-11-12 09:17:00+05:30,5876.7,5876.95,5863,5863.3,2626,
2024-11-12 09:18:00+05:30,5866.15,5873.05,5851,5873.05,2393,
2024-11-12 09:19:00+05:30,5872.75,5878.8,5868.9,5878.4,819,
2024-11-12 09:20:00+05:30,5876.15,5893.9,5876.15,5882,1578,
2024-11-12 09:21:00+05:30,5878.7,5882.75,5869.05,5872.8,2516,
2024-11-12 09:22:00+05:30,5872.8,5878.7,5866.35,5878.05,1707,
2024-11-12 09:23:00+05:30,5878.05,5884.7,5874.1,5882.9,1262,
2024-11-12 09:24:00+05:30,5882.9,5890,5881.2,5882.15,847,
2024-11-12 09:25:00+05:30,5882.15,5895,5882.15,5892.75,1394,
2024-11-12 09:26:00+05:30,5893.75,5899.8,5892,5899.8,1323,
2024-11-12 09:27:00+05:30,5900,5902.05,5895,5896,1820,
2024-11-12 09:28:00+05:30,5896.65,5912.7,5896.65,5905.9,2832,
2024-11-12 09:29:00+05:30,5905.9,5908.75,5902.6,5908,592,
2024-11-12 09:30:00+05:30,5908,5909,5896,5899.45,642,
2024-11-12 09:31:00+05:30,5899.45,5912.3,5899.05,5908.2,1592,
2024-11-12 09:32:00+05:30,5908.2,5926.65,5908.2,5926,1295,
2024-11-12 09:33:00+05:30,5923.05,5941.45,5923.05,5935.95,2486,
2024-11-12 09:34:00+05:30,5935.95,5938.85,5927.4,5930,4335,
2024-11-12 09:35:00+05:30,5929.05,5935.15,5924.65,5929.5,2005,
2024-11-12 09:36:00+05:30,5929.5,5929.5,5920.35,5923.95,775,
2024-11-12 09:37:00+05:30,5923.95,5925,5910.95,5910.95,2317,
2024-11-12 09:38:00+05:30,5910.95,5921,5910.9,5921,1752,
2024-11-12 09:39:00+05:30,5921,5932.85,5921,5926.95,727,
2024-11-12 09:40:00+05:30,5926.95,5930,5925,5930,673,
2024-11-12 09:41:00+05:30,5930,5949.85,5929,5938.7,2342,
2024-11-12 09:42:00+05:30,5940.1,5949.85,5934.1,5938.45,3494,
2024-11-12 09:43:00+05:30,5939.25,5941,5931.85,5931.85,744,
2024-11-12 09:44:00+05:30,5931.85,5938.1,5931.85,5935.7,555,
2024-11-12 09:45:00+05:30,5935.7,5935.7,5927.9,5929.9,870,
2024-11-12 09:46:00+05:30,5929.9,5936.7,5929.9,5934.75,803,
2024-11-12 09:47:00+05:30,5934.7,5935.9,5931,5931,2051,
2024-11-12 09:48:00+05:30,5932.05,5932.05,5922.5,5930.5,2446,
2024-11-12 09:49:00+05:30,5927.6,5942.15,5927.6,5942,1803,
2024-11-12 09:50:00+05:30,5942,5946.45,5932.7,5938.5,2996,
2024-11-12 09:51:00+05:30,5938.5,5940,5935,5937.05,721,
2024-11-12 09:52:00+05:30,5937.05,5937.05,5930.2,5932.2,299,
2024-11-12 09:53:00+05:30,5932.2,5932.8,5929.9,5930.6,392,
2024-11-12 09:54:00+05:30,5930.6,5931.45,5924.6,5925.45,641,
2024-11-12 09:55:00+05:30,5926.3,5932.7,5924,5932.1,954,
2024-11-12 09:56:00+05:30,5932.1,5934,5931.05,5934,440,
2024-11-12 09:57:00+05:30,5932.45,5936,5924.2,5931.65,922,
2024-11-12 09:58:00+05:30,5931.05,5931.05,5928.2,5931.05,259,
2024-11-12 09:59:00+05:30,5931.05,5939.55,5931.05,5932.65,2728,
2024-11-12 10:00:00+05:30,5931.15,5934.45,5913.05,5913.8,1581,
2024-11-12 10:01:00+05:30,5913.8,5915.2,5900,5900.2,2394,
2024-11-12 10:02:00+05:30,5900.2,5903,5892.9,5893.25,2246,
2024-11-12 10:03:00+05:30,5893.4,5902.55,5887.5,5902.55,1191,
2024-11-12 10:04:00+05:30,5902.55,5903,5897.25,5900.1,570,
2024-11-12 10:05:00+05:30,5900.1,5908,5900.1,5908,772,
2024-11-12 10:06:00+05:30,5908,5912.95,5908,5911.75,447,
2024-11-12 10:07:00+05:30,5911.75,5915.75,5910,5911.6,480,
2024-11-12 10:08:00+05:30,5911.6,5912.1,5907.9,5911.85,420,
2024-11-12 10:09:00+05:30,5911.85,5918.05,5907.35,5913.9,1203,
2024-11-12 10:10:00+05:30,5913.9,5917.6,5910.75,5910.75,340,
2024-11-12 10:11:00+05:30,5910.75,5912.25,5907.4,5909.05,207,
2024-11-12 10:12:00+05:30,5909.05,5911.25,5906.7,5907.4,413,
2024-11-12 10:13:00+05:30,5905,5911.3,5903.65,5911.3,1290,
2024-11-12 10:14:00+05:30,5911.3,5914.3,5910.8,5910.8,314,
2024-11-12 10:15:00+05:30,5910.8,5912.5,5895.4,5899.65,1535,
2024-11-12 10:16:00+05:30,5899.65,5905.65,5895,5898.7,715,
2024-11-12 10:17:00+05:30,5898.7,5898.7,5896.1,5898.25,236,
2024-11-12 10:18:00+05:30,5897.75,5898.45,5896.4,5898.45,306,
2024-11-12 10:19:00+05:30,5898.45,5901.65,5880.05,5886.65,2424,
2024-11-12 10:20:00+05:30,5885.8,5891.1,5883,5884.35,922,
2024-11-12 10:21:00+05:30,5884.35,5885.55,5881,5884.1,249,
2024-11-12 10:22:00+05:30,5884.1,5887.7,5872.05,5873.25,1405,
2024-11-12 10:23:00+05:30,5873.25,5878.55,5872,5877.1,1250,
2024-11-12 10:24:00+05:30,5877,5877,5863.5,5866.3,1461,
2024-11-12 10:25:00+05:30,5866.3,5874.05,5865.35,5870.45,767,
2024-11-12 10:26:00+05:30,5870.45,5872.7,5868.1,5871.6,428,
2024-11-12 10:27:00+05:30,5871.6,5877.2,5871.6,5875,516,
2024-11-12 10:28:00+05:30,5875,5878.65,5873.4,5876.65,1184,
2024-11-12 10:29:00+05:30,5876.65,5877.35,5873.45,5875.65,486,
2024-11-12 10:30:00+05:30,5875.65,5887.45,5875.1,5886.95,818,
2024-11-12 10:31:00+05:30,5887,5890.45,5885,5885,859,
2024-11-12 10:32:00+05:30,5885,5889.45,5882.6,5888.05,602,
2024-11-12 10:33:00+05:30,5888.1,5897.5,5888.1,5893.4,737,
2024-11-12 10:34:00+05:30,5893.4,5894.4,5887.9,5888.5,438,
2024-11-12 10:35:00+05:30,5885.55,5885.55,5873.6,5883.85,887,
2024-11-12 10:36:00+05:30,5883.85,5884.9,5876.15,5876.15,662,
2024-11-12 10:37:00+05:30,5876.15,5880,5875,5880,261,
2024-11-12 10:38:00+05:30,5880,5880.95,5875,5880,274,
2024-11-12 10:39:00+05:30,5880,5882.05,5878.55,5881.35,272,
2024-11-12 10:40:00+05:30,5882.3,5882.95,5879.75,5882.95,274,
2024-11-12 10:41:00+05:30,5882.95,5884.4,5880.8,5884.1,263,
2024-11-12 10:42:00+05:30,5884.1,5884.15,5881.6,5882.65,145,
2024-11-12 10:43:00+05:30,5882.65,5889.2,5880.1,5885.35,866,
2024-11-12 10:44:00+05:30,5886.9,5895,5886.9,5895,769,
2024-11-12 10:45:00+05:30,5895,5895,5890.4,5890.4,331,
2024-11-12 10:46:00+05:30,5890.4,5894,5886.9,5886.9,1077,
2024-11-12 10:47:00+05:30,5886.9,5889.8,5884.4,5887.5,171,
2024-11-12 10:48:00+05:30,5887.5,5893.65,5886.55,5893.65,590,
2024-11-12 10:49:00+05:30,5893.65,5899.45,5891.95,5896,1065,
2024-11-12 10:50:00+05:30,5896,5898,5896,5896,179,
2024-11-12 10:51:00+05:30,5896,5898.35,5895.95,5897.8,312,
2024-11-12 10:52:00+05:30,5897.8,5905,5896.2,5901.85,930,
2024-11-12 10:53:00+05:30,5901.85,5901.85,5887.65,5887.65,1208,
2024-11-12 10:54:00+05:30,5890.05,5892.95,5888,5892.95,212,
2024-11-12 10:55:00+05:30,5892.95,5894.95,5892.85,5894.95,180,
2024-11-12 10:56:00+05:30,5894.95,5900.85,5894.85,5896.95,218,
2024-11-12 10:57:00+05:30,5896.95,5903.05,5894.05,5902.65,1006,
2024-11-12 10:58:00+05:30,5902.65,5902.65,5893.95,5895.35,605,
2024-11-12 10:59:00+05:30,5895.35,5897.5,5888.8,5888.8,329,
2024-11-12 11:00:00+05:30,5888.8,5896.9,5888.8,5894.85,131,
2024-11-12 11:01:00+05:30,5894.85,5898.4,5894.85,5896,239,
2024-11-12 11:02:00+05:30,5896,5900,5896,5900,337,
2024-11-12 11:03:00+05:30,5900,5900,5891.75,5897.25,487,
2024-11-12 11:04:00+05:30,5897.25,5899.1,5896.2,5898.7,271,
2024-11-12 11:05:00+05:30,5898.7,5899.95,5889.85,5897.25,1155,
2024-11-12 11:06:00+05:30,5897.25,5900,5896.6,5900,194,
2024-11-12 11:07:00+05:30,5900,5900,5887.05,5891.75,1135,
2024-11-12 11:08:00+05:30,5891.75,5896.55,5891.4,5896.3,470,
2024-11-12 11:09:00+05:30,5896.3,5902.3,5896.25,5902.3,2164,
2024-11-12 11:10:00+05:30,5902.3,5902.3,5896,5899.8,775,
2024-11-12 11:11:00+05:30,5899.8,5901.9,5899,5901.9,547,
2024-11-12 11:12:00+05:30,5901.9,5906.2,5900.55,5906.2,228,
2024-11-12 11:13:00+05:30,5906.2,5906.35,5901.5,5901.95,329,
2024-11-12 11:14:00+05:30,5901.95,5904.45,5899.9,5899.9,300,
2024-11-12 11:15:00+05:30,5900,5901.45,5897.5,5901,211,
2024-11-12 11:16:00+05:30,5901,5901,5896.65,5900.45,445,
2024-11-12 11:17:00+05:30,5899.85,5899.85,5894.35,5897.45,311,
2024-11-12 11:18:00+05:30,5898.65,5899.7,5896.35,5897.75,229,
2024-11-12 11:19:00+05:30,5897.75,5897.75,5893.65,5897.35,337,
2024-11-12 11:20:00+05:30,5897.35,5900.5,5895.05,5900.5,255,
2024-11-12 11:21:00+05:30,5900.6,5902,5899.3,5899.8,447,
2024-11-12 11:22:00+05:30,5899.8,5905.2,5899.3,5901,423,
2024-11-12 11:23:00+05:30,5901,5904.7,5901,5903,440,
2024-11-12 11:24:00+05:30,5903,5913.45,5901.85,5908.25,1302,
2024-11-12 11:25:00+05:30,5908.25,5908.25,5905.35,5906.05,566,
2024-11-12 11:26:00+05:30,5906.05,5907.55,5905.1,5907.35,198,
2024-11-12 11:27:00+05:30,5907.35,5907.35,5901,5902.65,292,
2024-11-12 11:28:00+05:30,5902.65,5902.65,5899.5,5901.4,402,
2024-11-12 11:29:00+05:30,5899.5,5902.7,5899.5,5902.7,188,
2024-11-12 11:30:00+05:30,5902.55,5903.5,5899.8,5903.5,176,
2024-11-12 11:31:00+05:30,5903.5,5907,5903.25,5907,271,
2024-11-12 11:32:00+05:30,5907,5907,5904.95,5905.2,200,
2024-11-12 11:33:00+05:30,5905.95,5908,5905.95,5907.05,524,
2024-11-12 11:34:00+05:30,5907.05,5908,5901.85,5901.85,473,
2024-11-12 11:35:00+05:30,5904.95,5911.45,5904.95,5909,361,
2024-11-12 11:36:00+05:30,5909,5911,5904.9,5911,374,
2024-11-12 11:37:00+05:30,5911,5911,5908.2,5908.2,215,
2024-11-12 11:38:00+05:30,5908.85,5911,5908.5,5910,297,
2024-11-12 11:39:00+05:30,5910,5910.05,5909.7,5909.75,249,
2024-11-12 11:40:00+05:30,5909.75,5917.9,5908.6,5917.9,978,
2024-11-12 11:41:00+05:30,5917.9,5917.9,5913.15,5917.9,832,
2024-11-12 11:42:00+05:30,5917.9,5920.95,5915.85,5917.25,817,
2024-11-12 11:43:00+05:30,5917.25,5917.65,5912.15,5915.1,665,
2024-11-12 11:44:00+05:30,5913.35,5915,5913.35,5914.6,145,
2024-11-12 11:45:00+05:30,5914.6,5914.95,5912.7,5913.9,291,
2024-11-12 11:46:00+05:30,5913.9,5917,5912.2,5917,985,
2024-11-12 11:47:00+05:30,5917,5922.35,5917,5921.65,553,
2024-11-12 11:48:00+05:30,5921.65,5924.1,5919.35,5921,417,
2024-11-12 11:49:00+05:30,5921,5921.3,5917.45,5918.55,466,
2024-11-12 11:50:00+05:30,5918.55,5919.7,5917,5919.7,165,
2024-11-12 11:51:00+05:30,5919.5,5919.85,5916.3,5919.1,535,
2024-11-12 11:52:00+05:30,5919.1,5921.7,5917.95,5918.05,195,
2024-11-12 11:53:00+05:30,5920.15,5921.7,5917,5920.8,240,
2024-11-12 11:54:00+05:30,5918.6,5920.55,5917,5918.95,138,
2024-11-12 11:55:00+05:30,5920,5921.7,5918.95,5921.7,216,
2024-11-12 11:56:00+05:30,5921.7,5933.2,5921.05,5927.55,2050,
2024-11-12 11:57:00+05:30,5927.25,5932.95,5922,5930.8,838,
2024-11-12 11:58:00+05:30,5930.8,5936,5930.8,5934.55,485,
2024-11-12 11:59:00+05:30,5934.55,5940,5934.15,5937.95,743,
2024-11-12 12:00:00+05:30,5936.15,5936.15,5930,5935,1596,
2024-11-12 12:01:00+05:30,5935,5935,5926.8,5932.15,1918,
2024-11-12 12:02:00+05:30,5932.15,5932.55,5915.3,5918.55,1747,
2024-11-12 12:03:00+05:30,5918.55,5926.15,5917.95,5926.1,885,
2024-11-12 12:04:00+05:30,5926.1,5927.95,5923.55,5927.95,535,
2024-11-12 12:05:00+05:30,5927.95,5931,5926.05,5931,1034,
2024-11-12 12:06:00+05:30,5931,5933,5925,5929.75,1808,
2024-11-12 12:07:00+05:30,5929.75,5931.15,5925.05,5931.15,477,
2024-11-12 12:08:00+05:30,5931.2,5931.2,5922,5925.1,593,
2024-11-12 12:09:00+05:30,5925.1,5926.05,5922.1,5923.35,371,
2024-11-12 12:10:00+05:30,5923.35,5926.65,5923.2,5926.65,271,
2024-11-12 12:11:00+05:30,5926.7,5928.65,5926.65,5928.2,283,
2024-11-12 12:12:00+05:30,5925.95,5928.05,5923.3,5927.2,341,
2024-11-12 12:13:00+05:30,5927.4,5927.9,5922.4,5927.6,426,
2024-11-12 12:14:00+05:30,5927.6,5935,5926.5,5933.6,47688,
2024-11-12 12:15:00+05:30,5933.6,5933.65,5928.25,5932.65,802,
2024-11-12 12:16:00+05:30,5932.65,5932.7,5927.9,5932,659,
2024-11-12 12:17:00+05:30,5932,5932,5928.95,5931.35,677,
2024-11-12 12:18:00+05:30,5931.35,5931.5,5929.1,5931.35,298,
2024-11-12 12:19:00+05:30,5931.35,5931.9,5928.2,5931,643,
2024-11-12 12:20:00+05:30,5927.95,5930.7,5920.3,5921.95,675,
2024-11-12 12:21:00+05:30,5920.3,5923.3,5918.55,5923.3,400,
2024-11-12 12:22:00+05:30,5923.3,5927.45,5919.05,5927,323,
2024-11-12 12:23:00+05:30,5926.65,5928.65,5923.75,5927.2,433,
2024-11-12 12:24:00+05:30,5927.2,5932,5924.55,5932,792,
2024-11-12 12:25:00+05:30,5932,5935.1,5931.05,5934.1,833,
2024-11-12 12:26:00+05:30,5934.1,5934.1,5927.9,5931.65,598,
2024-11-12 12:27:00+05:30,5931.65,5931.65,5925.9,5931,785,
2024-11-12 12:28:00+05:30,5928.9,5931,5919.15,5922.25,525,
2024-11-12 12:29:00+05:30,5922.25,5924.6,5919.4,5923.95,558,
2024-11-12 12:30:00+05:30,5923.95,5924.95,5919.95,5923.55,511,
2024-11-12 12:31:00+05:30,5923.55,5923.55,5915.4,5923.25,587,
2024-11-12 12:32:00+05:30,5923.25,5923.4,5920,5922.75,500,
2024-11-12 12:33:00+05:30,5922.75,5922.75,5917.9,5920,199,
2024-11-12 12:34:00+05:30,5920,5920,5918.55,5920,178,
2024-11-12 12:35:00+05:30,5920,5923.4,5919.95,5923,279,
2024-11-12 12:36:00+05:30,5923.4,5923.5,5913,5913,775,
2024-11-12 12:37:00+05:30,5916.5,5916.95,5911,5915.45,442,
2024-11-12 12:38:00+05:30,5915.45,5922.8,5914.1,5918.1,681,
2024-11-12 12:39:00+05:30,5920,5921.95,5917.35,5918,413,
2024-11-12 12:40:00+05:30,5918,5918,5911,5914.75,570,
2024-11-12 12:41:00+05:30,5914.75,5915,5910,5911.55,353,
2024-11-12 12:42:00+05:30,5912,5912,5903.8,5910,640,
2024-11-12 12:43:00+05:30,5911.85,5911.85,5897,5907.5,555,
2024-11-12 12:44:00+05:30,5906.5,5907.5,5902.15,5902.75,346,
2024-11-12 12:45:00+05:30,5902.75,5907.3,5902.3,5905.25,347,
2024-11-12 12:46:00+05:30,5905.7,5908.95,5902.75,5902.85,261,
2024-11-12 12:47:00+05:30,5903,5906.85,5902.75,5905.35,537,
2024-11-12 12:48:00+05:30,5905.35,5907.4,5900.2,5900.2,517,
2024-11-12 12:49:00+05:30,5900,5900,5890.15,5890.15,900,
2024-11-12 12:50:00+05:30,5890.15,5900.75,5889.75,5898.8,404,
2024-11-12 12:51:00+05:30,5898.85,5900.75,5893.65,5899.2,387,
2024-11-12 12:52:00+05:30,5899.45,5905.75,5899.4,5902.45,419,
2024-11-12 12:53:00+05:30,5901.8,5905,5899.5,5901.05,458,
2024-11-12 12:54:00+05:30,5901.05,5902,5895,5896.05,581,
2024-11-12 12:55:00+05:30,5896.95,5900.8,5894.9,5899.05,469,
2024-11-12 12:56:00+05:30,5899.05,5899.05,5892.05,5893.8,293,
2024-11-12 12:57:00+05:30,5894.2,5897.85,5893.5,5893.9,426,
2024-11-12 12:58:00+05:30,5893.9,5894,5885,5890.6,1648,
2024-11-12 12:59:00+05:30,5890.6,5890.6,5883.95,5885.45,1136,
2024-11-12 13:00:00+05:30,5885.45,5888.15,5884.15,5887.4,473,
2024-11-12 13:01:00+05:30,5886.95,5895.85,5885.45,5895.15,323,
2024-11-12 13:02:00+05:30,5894.65,5899,5893.6,5895.95,462,
2024-11-12 13:03:00+05:30,5896,5901.05,5896,5901.05,288,
2024-11-12 13:04:00+05:30,5900.9,5904.15,5899.05,5900,649,
2024-11-12 13:05:00+05:30,5900,5903.85,5899.45,5903.85,278,
2024-11-12 13:06:00+05:30,5903.85,5903.9,5894.55,5896.1,722,
2024-11-12 13:07:00+05:30,5895.45,5904,5894.85,5901.9,1005,
2024-11-12 13:08:00+05:30,5901.9,5902.05,5895.4,5899.6,599,
2024-11-12 13:09:00+05:30,5899.9,5900.95,5885.7,5885.7,1024,
2024-11-12 13:10:00+05:30,5886.35,5887.2,5881.05,5882.95,1329,
2024-11-12 13:11:00+05:30,5884.05,5889.1,5883.5,5887.25,923,
2024-11-12 13:12:00+05:30,5888.3,5888.4,5882.5,5882.9,646,
2024-11-12 13:13:00+05:30,5882.9,5883.9,5876.2,5880.9,2261,
2024-11-12 13:14:00+05:30,5882.75,5885.55,5877.25,5879.8,770,
2024-11-12 13:15:00+05:30,5879.7,5879.7,5872.95,5878.55,812,
2024-11-12 13:16:00+05:30,5880.2,5880.2,5867.25,5870.25,932,
2024-11-12 13:17:00+05:30,5870.25,5870.3,5864.9,5867.85,728,
2024-11-12 13:18:00+05:30,5867.85,5874.95,5867.8,5872,498,
2024-11-12 13:19:00+05:30,5872,5872.75,5867.95,5872.05,476,
2024-11-12 13:20:00+05:30,5872.05,5874,5868.8,5873.5,628,
2024-11-12 13:21:00+05:30,5873.5,5878.2,5871.55,5872.95,576,
2024-11-12 13:22:00+05:30,5872.95,5881.5,5872.95,5880,656,
2024-11-12 13:23:00+05:30,5879.95,5884.35,5879.05,5880.65,865,
2024-11-12 13:24:00+05:30,5880.65,5883.35,5875,5876.1,872,
2024-11-12 13:25:00+05:30,5876.1,5876.2,5870.15,5873.15,553,
2024-11-12 13:26:00+05:30,5873.15,5879.15,5873.15,5873.45,441,
2024-11-12 13:27:00+05:30,5874,5876.6,5871.4,5872.45,395,
2024-11-12 13:28:00+05:30,5873.35,5876.85,5867.95,5874.7,994,
2024-11-12 13:29:00+05:30,5874.7,5877,5870.2,5873.55,686,
2024-11-12 13:30:00+05:30,5873.55,5876.75,5869.6,5869.65,623,
2024-11-12 13:31:00+05:30,5869.65,5873.55,5869.1,5871.7,434,
2024-11-12 13:32:00+05:30,5872.55,5877,5871.3,5873.3,1000,
2024-11-12 13:33:00+05:30,5873.3,5873.3,5867.95,5868,804,
2024-11-12 13:34:00+05:30,5865.7,5868.25,5856.1,5857.5,2106,
2024-11-12 13:35:00+05:30,5856.55,5860.45,5855.1,5858.2,696,
2024-11-12 13:36:00+05:30,5858.4,5862,5858.2,5861.05,525,
2024-11-12 13:37:00+05:30,5860.85,5861.65,5858.1,5860.5,667,
2024-11-12 13:38:00+05:30,5860.5,5861.9,5855.25,5856.35,537,
2024-11-12 13:39:00+05:30,5856.35,5858.4,5856.3,5857.8,571,
2024-11-12 13:40:00+05:30,5857.8,5858.7,5852.95,5855.15,2219,
2024-11-12 13:41:00+05:30,5855.1,5860.55,5852.4,5859.45,985,
2024-11-12 13:42:00+05:30,5859.45,5860.35,5853.3,5853.55,490,
2024-11-12 13:43:00+05:30,5853.55,5856.6,5834.7,5838,3937,
2024-11-12 13:44:00+05:30,5838,5841.4,5824.05,5829,1635,
2024-11-12 13:45:00+05:30,5829,5835.95,5829,5834.65,784,
2024-11-12 13:46:00+05:30,5835.25,5839.2,5830,5837.65,852,
2024-11-12 13:47:00+05:30,5837.65,5847.65,5837.3,5846.75,1035,
2024-11-12 13:48:00+05:30,5846.75,5846.75,5840,5844.1,896,
2024-11-12 13:49:00+05:30,5844.1,5848.1,5832.85,5833.05,745,
2024-11-12 13:50:00+05:30,5831.95,5831.95,5824.1,5829.15,1361,
2024-11-12 13:51:00+05:30,5829.2,5833.4,5828,5828,1144,
2024-11-12 13:52:00+05:30,5827.7,5833,5827.7,5830.5,658,
2024-11-12 13:53:00+05:30,5830.5,5832.2,5829.1,5830.1,361,
2024-11-12 13:54:00+05:30,5831,5842.75,5830.35,5837.1,739,
2024-11-12 13:55:00+05:30,5840.2,5842.4,5837.45,5839.05,843,
2024-11-12 13:56:00+05:30,5839.4,5839.4,5835,5838.25,380,
2024-11-12 13:57:00+05:30,5838.25,5839.95,5836,5839.95,309,
2024-11-12 13:58:00+05:30,5839.95,5841.75,5835.45,5836.1,952,
2024-11-12 13:59:00+05:30,5836.85,5837,5831.35,5834.55,302,
2024-11-12 14:00:00+05:30,5836.45,5837.55,5830.25,5832.95,373,
2024-11-12 14:01:00+05:30,5832.95,5832.95,5825.4,5830.65,1876,
2024-11-12 14:02:00+05:30,5830.65,5832.45,5827.5,5827.5,747,
2024-11-12 14:03:00+05:30,5827.5,5832.55,5824.1,5830.05,1243,
2024-11-12 14:04:00+05:30,5830.05,5830.45,5827.5,5830.45,436,
2024-11-12 14:05:00+05:30,5830.45,5835.85,5827.8,5835.85,624,
2024-11-12 14:06:00+05:30,5837.2,5843.95,5835.9,5843.7,1146,
2024-11-12 14:07:00+05:30,5843.7,5843.9,5837.1,5838.1,830,
2024-11-12 14:08:00+05:30,5838.55,5839.95,5835,5838.6,461,
2024-11-12 14:09:00+05:30,5838.6,5839.5,5834.2,5834.95,336,
2024-11-12 14:10:00+05:30,5834.95,5837.7,5834.2,5835.15,378,
2024-11-12 14:11:00+05:30,5838.15,5842.95,5835.65,5842.95,487,
2024-11-12 14:12:00+05:30,5842.95,5842.95,5840.45,5842,482,
2024-11-12 14:13:00+05:30,5841.95,5841.95,5837.4,5839.55,586,
2024-11-12 14:14:00+05:30,5839.5,5840,5836.85,5837.6,476,
2024-11-12 14:15:00+05:30,5838.95,5838.95,5836.6,5837.35,378,
2024-11-12 14:16:00+05:30,5838.1,5838.25,5832.65,5837.75,562,
2024-11-12 14:17:00+05:30,5838.45,5840,5836,5839.6,313,
2024-11-12 14:18:00+05:30,5839.6,5844.95,5838.65,5842.4,764,
2024-11-12 14:19:00+05:30,5841.45,5843.6,5837.3,5843.6,934,
2024-11-12 14:20:00+05:30,5843.8,5844.85,5840.95,5844.45,782,
2024-11-12 14:21:00+05:30,5844.45,5846.5,5842.55,5845.75,603,
2024-11-12 14:22:00+05:30,5845.75,5847.95,5844.35,5847.3,278,
2024-11-12 14:23:00+05:30,5847.85,5850,5847.2,5847.55,804,
2024-11-12 14:24:00+05:30,5847.55,5850.85,5847,5847,1515,
2024-11-12 14:25:00+05:30,5847,5847,5840,5842.35,447,
2024-11-12 14:26:00+05:30,5842.35,5842.4,5836.2,5836.85,302,
2024-11-12 14:27:00+05:30,5836.85,5837.65,5832.65,5832.7,201,
2024-11-12 14:28:00+05:30,5832.7,5832.7,5825,5826.6,939,
2024-11-12 14:29:00+05:30,5826.6,5828,5821.25,5821.4,1744,
2024-11-12 14:30:00+05:30,5824.15,5831.95,5823.95,5831.95,1444,
2024-11-12 14:31:00+05:30,5831.95,5836.85,5830.15,5835.55,966,
2024-11-12 14:32:00+05:30,5835.55,5835.65,5831.2,5831.25,689,
2024-11-12 14:33:00+05:30,5831.25,5834.4,5830.35,5833.35,196,
2024-11-12 14:34:00+05:30,5832.35,5835,5828,5833.2,291,
2024-11-12 14:35:00+05:30,5833.9,5839.65,5832.45,5837.3,487,
2024-11-12 14:36:00+05:30,5837.3,5845.75,5837.3,5843.2,449,
2024-11-12 14:37:00+05:30,5843.2,5843.65,5839,5842,409,
2024-11-12 14:38:00+05:30,5842,5844.65,5842,5842.1,239,
2024-11-12 14:39:00+05:30,5842.1,5843.8,5840,5840,766,
2024-11-12 14:40:00+05:30,5840,5841.15,5837.15,5837.6,252,
2024-11-12 14:41:00+05:30,5837.6,5839.5,5832.35,5834.35,428,
2024-11-12 14:42:00+05:30,5834.35,5834.45,5831.1,5832.55,222,
2024-11-12 14:43:00+05:30,5832.55,5835.6,5832,5833.95,361,
2024-11-12 14:44:00+05:30,5832.8,5836.2,5832.8,5834.2,192,
2024-11-12 14:45:00+05:30,5834.2,5835.65,5832.25,5834.2,384,
2024-11-12 14:46:00+05:30,5834.2,5837,5832.8,5835.7,310,
2024-11-12 14:47:00+05:30,5835.7,5836.7,5832.05,5832.05,417,
2024-11-12 14:48:00+05:30,5832.05,5835.1,5827.95,5830.15,708,
2024-11-12 14:49:00+05:30,5830.5,5833.65,5829.5,5832.7,330,
2024-11-12 14:50:00+05:30,5833.6,5836.7,5831.05,5835.05,275,
2024-11-12 14:51:00+05:30,5834.75,5843.2,5834.75,5838.05,2226,
2024-11-12 14:52:00+05:30,5838.05,5843.8,5836.9,5837.7,1549,
2024-11-12 14:53:00+05:30,5837.2,5840.45,5836,5839,525,
2024-11-12 14:54:00+05:30,5839,5844.7,5836.65,5841.35,1801,
2024-11-12 14:55:00+05:30,5841.35,5846.25,5839,5844.6,1087,
2024-11-12 14:56:00+05:30,5844.6,5845.15,5839.05,5843.65,1180,
2024-11-12 14:57:00+05:30,5843.65,5847.95,5840.95,5841.1,1902,
2024-11-12 14:58:00+05:30,5841.1,5841.7,5835.65,5838.65,2168,
2024-11-12 14:59:00+05:30,5838.65,5843.35,5838.65,5839.8,2633,
2024-11-12 15:00:00+05:30,5840.15,5840.15,5809.65,5817.55,6034,
2024-11-12 15:01:00+05:30,5818.8,5830,5817.8,5827.95,5281,
2024-11-12 15:02:00+05:30,5826.35,5830.75,5824.7,5829.15,3293,
2024-11-12 15:03:00+05:30,5829.15,5829.25,5824.4,5824.8,4397,
2024-11-12 15:04:00+05:30,5824.85,5826.85,5820,5820.1,3926,
2024-11-12 15:05:00+05:30,5820.1,5826.9,5815,5817.5,4869,
2024-11-12 15:06:00+05:30,5815.8,5819.2,5813.05,5813.6,3758,
2024-11-12 15:07:00+05:30,5813.6,5817.35,5811.9,5813.25,3858,
2024-11-12 15:08:00+05:30,5813.05,5813.2,5812.75,5813,3017,
2024-11-12 15:09:00+05:30,5813.05,5815,5806.05,5809.85,5142,
2024-11-12 15:10:00+05:30,5811.35,5813.95,5806.55,5808.1,3338,
2024-11-12 15:11:00+05:30,5808.8,5811.7,5808.15,5810.6,3718,
2024-11-12 15:12:00+05:30,5810.75,5814.75,5807.9,5810.05,4382,
2024-11-12 15:13:00+05:30,5810.15,5814.5,5809.2,5812.2,3568,
2024-11-12 15:14:00+05:30,5812.2,5814.1,5808.8,5808.8,3644,
2024-11-12 15:15:00+05:30,5809.1,5811.7,5809.1,5810.45,2964,
2024-11-12 15:16:00+05:30,5810.45,5810.45,5800.2,5801.75,3597,
2024-11-12 15:17:00+05:30,5801.1,5801.6,5791.95,5793.75,4249,
2024-11-12 15:18:00+05:30,5793.6,5795.6,5791.85,5794.4,3857,
2024-11-12 15:19:00+05:30,5794.4,5799.75,5794.4,5799.65,2179,
2024-11-12 15:20:00+05:30,5799.7,5799.7,5799.65,5799.65,1405,
2024-11-12 15:21:00+05:30,5799.7,5799.7,5799.65,5799.7,2036,
2024-11-12 15:22:00+05:30,5799.7,5804.2,5799.7,5799.75,4446,
2024-11-12 15:23:00+05:30,5799.8,5799.8,5799,5799.15,1909,
2024-11-12 15:24:00+05:30,5799,5799.15,5796.05,5798.5,2388,
2024-11-12 15:25:00+05:30,5795.75,5798,5795.75,5796.85,3546,
2024-11-12 15:26:00+05:30,5796.85,5797.5,5792.1,5793.25,2359,
2024-11-12 15:27:00+05:30,5793.25,5793.9,5787.45,5787.6,3456,
2024-11-12 15:28:00+05:30,5789.6,5792.85,5782.05,5790.25,1207,
2024-11-12 15:29:00+05:30,5790.25,5797.45,5787.4,5788,730,
2024-11-13 09:15:00+05:30,5809.6,5819.95,5778.45,5794,4518,
2024-11-13 09:16:00+05:30,5793.55,5815.35,5780,5805.6,1726,
2024-11-13 09:17:00+05:30,5805.85,5814.55,5798.45,5803.55,1085,
2024-11-13 09:18:00+05:30,5801.5,5810.4,5777.1,5788.2,2057,
2024-11-13 09:19:00+05:30,5787.4,5812.05,5787.4,5801.75,1512,
2024-11-13 09:20:00+05:30,5801.75,5801.75,5778.5,5781.1,1478,
2024-11-13 09:21:00+05:30,5785.3,5794.45,5784.75,5787.95,508,
2024-11-13 09:22:00+05:30,5789.8,5810,5789.8,5810,579,
2024-11-13 09:23:00+05:30,5803.55,5811.45,5799.1,5807.75,799,
2024-11-13 09:24:00+05:30,5811.4,5811.4,5783.3,5783.3,1587,
2024-11-13 09:25:00+05:30,5780.6,5787.95,5780,5782.8,1121,
2024-11-13 09:26:00+05:30,5782.8,5782.8,5760.5,5762.05,2908,
2024-11-13 09:27:00+05:30,5766.65,5772.7,5762,5762,906,
2024-11-13 09:28:00+05:30,5762,5763.55,5757.9,5760.5,586,
2024-11-13 09:29:00+05:30,5760.5,5771.95,5752.8,5759.95,1358,
2024-11-13 09:30:00+05:30,5759.95,5761.75,5750,5755.55,2229,
2024-11-13 09:31:00+05:30,5758.8,5772.1,5754.8,5768.35,994,
2024-11-13 09:32:00+05:30,5768.35,5773.2,5760,5773.2,251,
2024-11-13 09:33:00+05:30,5773.2,5774.8,5764.55,5764.55,211,
2024-11-13 09:34:00+05:30,5764.55,5767.95,5752.25,5753,633,
2024-11-13 09:35:00+05:30,5752.05,5761.95,5752.05,5755,596,
2024-11-13 09:36:00+05:30,5754.15,5765.05,5753.05,5758,321,
2024-11-13 09:37:00+05:30,5758,5767.4,5758,5762.35,826,
2024-11-13 09:38:00+05:30,5760.7,5765.1,5754,5754.75,706,
2024-11-13 09:39:00+05:30,5754.75,5755.45,5743.7,5744.9,1697,
2024-11-13 09:40:00+05:30,5747.3,5750.05,5740,5741.65,1094,
2024-11-13 09:41:00+05:30,5741.65,5746.8,5736.95,5739.6,1263,
2024-11-13 09:42:00+05:30,5739.6,5751.4,5739.6,5747,433,
2024-11-13 09:43:00+05:30,5747,5747,5729.7,5729.7,1346,
2024-11-13 09:44:00+05:30,5729.75,5731.8,5725.05,5726.3,546,
2024-11-13 09:45:00+05:30,5729.85,5729.85,5718.25,5722.65,1171,
2024-11-13 09:46:00+05:30,5722.2,5733.9,5710.55,5729.45,5443,
2024-11-13 09:47:00+05:30,5729.45,5729.45,5716.7,5716.8,1320,
2024-11-13 09:48:00+05:30,5716.8,5725.1,5716,5725.1,559,
2024-11-13 09:49:00+05:30,5722.8,5729.8,5717.3,5728.05,925,
2024-11-13 09:50:00+05:30,5728.05,5746.75,5727.45,5746.75,822,
2024-11-13 09:51:00+05:30,5747.15,5752.15,5734.2,5752.15,1225,
2024-11-13 09:52:00+05:30,5752.15,5766.2,5752.15,5759.9,691,
2024-11-13 09:53:00+05:30,5759.9,5770,5756.5,5762.05,1044,
2024-11-13 09:54:00+05:30,5762.05,5770,5762.05,5765.6,1687,
2024-11-13 09:55:00+05:30,5765.6,5772.25,5762.35,5765.3,560,
2024-11-13 09:56:00+05:30,5765.3,5769.05,5761.25,5763.8,576,
2024-11-13 09:57:00+05:30,5763.8,5770,5763.8,5766,230,
2024-11-13 09:58:00+05:30,5766,5766,5754.55,5754.95,320,
2024-11-13 09:59:00+05:30,5755,5774.2,5755,5774.2,718,
2024-11-13 10:00:00+05:30,5774.2,5774.35,5754.65,5754.65,637,
2024-11-13 10:01:00+05:30,5754.65,5762.65,5753,5755.9,346,
2024-11-13 10:02:00+05:30,5755.9,5758.3,5751.9,5755.55,232,
2024-11-13 10:03:00+05:30,5755.25,5755.7,5747.6,5753.5,2218,
2024-11-13 10:04:00+05:30,5753.5,5755.7,5742.05,5742.05,154,
2024-11-13 10:05:00+05:30,5742.05,5745,5728.7,5731.35,635,
2024-11-13 10:06:00+05:30,5731.35,5733.9,5718.1,5718.1,788,
2024-11-13 10:07:00+05:30,5724.5,5729.85,5724.5,5729.85,854,
2024-11-13 10:08:00+05:30,5729.9,5733.2,5727.8,5731,160,
2024-11-13 10:09:00+05:30,5731,5734.7,5726.75,5732.7,309,
2024-11-13 10:10:00+05:30,5732.7,5743.5,5732.6,5742,245,
2024-11-13 10:11:00+05:30,5736.8,5745.25,5735.95,5744.6,188,
2024-11-13 10:12:00+05:30,5744.6,5745.75,5735.1,5735.1,134,
2024-11-13 10:13:00+05:30,5735.1,5737.5,5730.85,5731.05,140,
2024-11-13 10:14:00+05:30,5731.05,5739.25,5731.05,5736.95,374,
2024-11-13 10:15:00+05:30,5736.95,5736.95,5730,5731.7,82,
2024-11-13 10:16:00+05:30,5731.7,5732.4,5725.2,5728.6,317,
2024-11-13 10:17:00+05:30,5728.6,5737.15,5728.6,5735.55,109,
2024-11-13 10:18:00+05:30,5735.55,5743.3,5735.55,5743.3,189,
2024-11-13 10:19:00+05:30,5743.3,5743.3,5733.6,5739.6,124,
2024-11-13 10:20:00+05:30,5736.6,5738.7,5731.3,5735.5,421,
2024-11-13 10:21:00+05:30,5735.5,5738.45,5735.15,5735.3,79,
2024-11-13 10:22:00+05:30,5735.3,5738.5,5730.05,5732.85,169,
2024-11-13 10:23:00+05:30,5732.85,5734.65,5728.05,5730.5,268,
2024-11-13 10:24:00+05:30,5730.5,5740,5729.55,5738.1,197,
2024-11-13 10:25:00+05:30,5738.1,5760,5738.1,5760,670,
2024-11-13 10:26:00+05:30,5760,5761.05,5751.05,5751.05,261,
2024-11-13 10:27:00+05:30,5750.3,5754.95,5748.4,5752.7,304,
2024-11-13 10:28:00+05:30,5752.7,5760.95,5752.7,5754.2,126,
2024-11-13 10:29:00+05:30,5754.2,5758.65,5750.05,5750.55,224,
2024-11-13 10:30:00+05:30,5750.55,5763,5750.55,5762,162,
2024-11-13 10:31:00+05:30,5762,5762,5750,5750,521,
2024-11-13 10:32:00+05:30,5750,5752.3,5731.75,5737.7,755,
2024-11-13 10:33:00+05:30,5737.7,5746.4,5737.7,5739.15,296,
2024-11-13 10:34:00+05:30,5739.15,5742.5,5739.05,5740.85,73,
2024-11-13 10:35:00+05:30,5740.85,5756,5740.85,5747.05,176,
2024-11-13 10:36:00+05:30,5748,5752.25,5745.4,5748,89,
2024-11-13 10:37:00+05:30,5743.9,5750.4,5743.55,5745.6,93,
2024-11-13 10:38:00+05:30,5747,5748.85,5741.1,5748.85,108,
2024-11-13 10:39:00+05:30,5748.85,5749.5,5737,5737,335,
2024-11-13 10:40:00+05:30,5737.1,5744.9,5737,5738.05,544,
2024-11-13 10:41:00+05:30,5738.05,5743.05,5735,5736.3,209,
2024-11-13 10:42:00+05:30,5736.3,5742.45,5736.3,5739.4,241,
2024-11-13 10:43:00+05:30,5739.4,5745,5738,5738,103,
2024-11-13 10:44:00+05:30,5738,5744.95,5735,5743.9,61,
2024-11-13 10:45:00+05:30,5743.9,5745.65,5738.3,5739.45,165,
2024-11-13 10:46:00+05:30,5739.45,5741.9,5738.05,5740.9,68,
2024-11-13 10:47:00+05:30,5740.9,5746.4,5738.8,5746.4,111,
2024-11-13 10:48:00+05:30,5746.4,5753.85,5742.05,5749.95,337,
2024-11-13 10:49:00+05:30,5749.95,5750.8,5741.3,5741.75,295,
2024-11-13 10:50:00+05:30,5741.75,5747.45,5741.75,5741.8,135,
2024-11-13 10:51:00+05:30,5743.6,5743.6,5736.65,5742.5,484,
2024-11-13 10:52:00+05:30,5742.5,5746.7,5740.55,5743.8,355,
2024-11-13 10:53:00+05:30,5743.8,5754.5,5743.8,5751.25,248,
2024-11-13 10:54:00+05:30,5751.25,5755.9,5747.8,5748.3,145,
2024-11-13 10:55:00+05:30,5748.3,5754.2,5748.3,5754.2,58,
2024-11-13 10:56:00+05:30,5754.2,5755,5750.55,5752.95,179,
2024-11-13 10:57:00+05:30,5752.95,5754.2,5750,5750.45,84,
2024-11-13 10:58:00+05:30,5750.45,5753.75,5745.15,5748.05,382,
2024-11-13 10:59:00+05:30,5748.05,5752.65,5747.05,5750.7,79,
2024-11-13 11:00:00+05:30,5750.7,5755.5,5750.65,5754.35,126,
2024-11-13 11:01:00+05:30,5754.35,5759,5754.15,5759,77,
2024-11-13 11:02:00+05:30,5759,5759.55,5751.15,5754.3,156,
2024-11-13 11:03:00+05:30,5754.3,5754.3,5747.1,5750.4,337,
2024-11-13 11:04:00+05:30,5750.4,5753.8,5727.05,5727.05,2800,
2024-11-13 11:05:00+05:30,5727.05,5732.4,5726.05,5729.1,282,
2024-11-13 11:06:00+05:30,5729.05,5732.8,5725,5730.45,203,
2024-11-13 11:07:00+05:30,5730.45,5732.65,5727.85,5729.8,322,
2024-11-13 11:08:00+05:30,5732.2,5732.9,5719.55,5726.35,1096,
2024-11-13 11:09:00+05:30,5726.35,5729.95,5722.5,5729.75,402,
2024-11-13 11:10:00+05:30,5729.75,5731.45,5722.85,5723,140,
2024-11-13 11:11:00+05:30,5723,5728.8,5720.4,5724.75,403,
2024-11-13 11:12:00+05:30,5724.75,5726.35,5722.35,5725.75,195,
2024-11-13 11:13:00+05:30,5725.75,5730.35,5724.75,5727.7,305,
2024-11-13 11:14:00+05:30,5730.35,5735.15,5729.7,5733.35,100,
2024-11-13 11:15:00+05:30,5734,5734,5730.05,5732,90,
2024-11-13 11:16:00+05:30,5732.95,5734.25,5730,5731.85,114,
2024-11-13 11:17:00+05:30,5731.85,5734.95,5731.85,5733.2,68,
2024-11-13 11:18:00+05:30,5733.2,5734.95,5727.6,5727.6,101,
2024-11-13 11:19:00+05:30,5727.6,5733.4,5727.6,5731.75,68,
2024-11-13 11:20:00+05:30,5731.75,5739.85,5731.75,5737.15,195,
2024-11-13 11:21:00+05:30,5737.15,5738.85,5732.05,5732.05,100,
2024-11-13 11:22:00+05:30,5732.05,5742.55,5732.05,5742.55,103,
2024-11-13 11:23:00+05:30,5741.6,5744.95,5736,5736.5,186,
2024-11-13 11:24:00+05:30,5736.5,5739.2,5733,5736.45,158,
2024-11-13 11:25:00+05:30,5736.45,5739.95,5735.05,5735.45,199,
2024-11-13 11:26:00+05:30,5735.45,5739.75,5735.45,5739.5,77,
2024-11-13 11:27:00+05:30,5737.5,5741.6,5737.2,5739.95,270,
2024-11-13 11:28:00+05:30,5739.95,5739.95,5733,5733.5,235,
2024-11-13 11:29:00+05:30,5733.5,5736,5733.5,5736,34,
2024-11-13 11:30:00+05:30,5736,5736.7,5730.55,5734.45,142,
2024-11-13 11:31:00+05:30,5734.45,5735.25,5730.55,5732.65,159,
2024-11-13 11:32:00+05:30,5732.65,5752.3,5730.15,5737.3,1366,
2024-11-13 11:33:00+05:30,5737.3,5743.3,5733.25,5743.3,469,
2024-11-13 11:34:00+05:30,5743.3,5743.85,5741.05,5741.4,343,
2024-11-13 11:35:00+05:30,5740,5740.1,5733,5737.95,496,
2024-11-13 11:36:00+05:30,5737.95,5739.6,5731.05,5734.6,355,
2024-11-13 11:37:00+05:30,5734.6,5734.6,5722.4,5727.35,306,
2024-11-13 11:38:00+05:30,5727.35,5730.55,5724.55,5726.9,233,
2024-11-13 11:39:00+05:30,5727,5729.25,5720,5725.5,563,
2024-11-13 11:40:00+05:30,5725.5,5732.65,5725.5,5726.05,91,
2024-11-13 11:41:00+05:30,5727.05,5729.95,5727,5728,100,
2024-11-13 11:42:00+05:30,5728,5730,5725.65,5725.7,234,
2024-11-13 11:43:00+05:30,5725.7,5726.8,5721,5721,560,
2024-11-13 11:44:00+05:30,5721,5721,5715.25,5717.4,779,
2024-11-13 11:45:00+05:30,5717.4,5722.55,5717.4,5722.55,101,
2024-11-13 11:46:00+05:30,5722.55,5731.4,5721,5728.95,275,
2024-11-13 11:47:00+05:30,5729,5735,5729,5731.15,280,
2024-11-13 11:48:00+05:30,5733.4,5733.4,5730.6,5731.1,76,
2024-11-13 11:49:00+05:30,5731.1,5731.2,5726.85,5731,301,
2024-11-13 11:50:00+05:30,5731,5731.9,5729.45,5731.9,167,
2024-11-13 11:51:00+05:30,5731.9,5735.9,5731.7,5735.3,191,
2024-11-13 11:52:00+05:30,5735.3,5741.2,5733.6,5735.85,184,
2024-11-13 11:53:00+05:30,5735.85,5741.65,5732.9,5738.65,358,
2024-11-13 11:54:00+05:30,5738.65,5745,5738.65,5741.65,221,
2024-11-13 11:55:00+05:30,5741.65,5743.45,5739.85,5743.45,52,
2024-11-13 11:56:00+05:30,5743.45,5743.45,5734.85,5735,394,
2024-11-13 11:57:00+05:30,5735.15,5741.7,5735.15,5739.45,341,
2024-11-13 11:58:00+05:30,5741.05,5745,5740.35,5745,145,
2024-11-13 11:59:00+05:30,5745,5748,5743.65,5748,196,
2024-11-13 12:00:00+05:30,5748,5759.3,5745.75,5757.55,1028,
2024-11-13 12:01:00+05:30,5756.15,5759.5,5750.75,5752.55,443,
2024-11-13 12:02:00+05:30,5752.55,5756.9,5752.55,5756,51,
2024-11-13 12:03:00+05:30,5756,5759.55,5754.35,5758.5,223,
2024-11-13 12:04:00+05:30,5758.5,5758.5,5750.6,5752.4,244,
2024-11-13 12:05:00+05:30,5752.4,5754,5747.05,5752,699,
2024-11-13 12:06:00+05:30,5752,5760,5751.75,5759,1506,
2024-11-13 12:07:00+05:30,5759,5759.5,5753.45,5756.45,869,
2024-11-13 12:08:00+05:30,5758.6,5759.2,5751.35,5754.5,92,
2024-11-13 12:09:00+05:30,5754.5,5762,5754.5,5760.25,437,
2024-11-13 12:10:00+05:30,5760.25,5762,5753.5,5753.9,667,
2024-11-13 12:11:00+05:30,5753.9,5760.95,5752.85,5758.6,78,
2024-11-13 12:12:00+05:30,5755.5,5761,5752.5,5754.5,243,
2024-11-13 12:13:00+05:30,5754.5,5761,5754.5,5760.85,168,
2024-11-13 12:14:00+05:30,5760.85,5760.85,5754.85,5760,273,
2024-11-13 12:15:00+05:30,5760,5762,5758.4,5760,545,
2024-11-13 12:16:00+05:30,5760,5762,5760,5761.25,103,
2024-11-13 12:17:00+05:30,5761.3,5763,5760.15,5761.65,240,
2024-11-13 12:18:00+05:30,5761.65,5765.45,5761.65,5765.45,494,
2024-11-13 12:19:00+05:30,5765.45,5770.45,5765,5765.05,579,
2024-11-13 12:20:00+05:30,5765.05,5769.75,5765.05,5766.85,115,
2024-11-13 12:21:00+05:30,5766.85,5769.4,5766.85,5767.9,178,
2024-11-13 12:22:00+05:30,5767.9,5775,5766.75,5773.6,772,
2024-11-13 12:23:00+05:30,5775,5775,5773.3,5774.3,204,
2024-11-13 12:24:00+05:30,5774.3,5781.8,5773.05,5779.25,503,
2024-11-13 12:25:00+05:30,5781.95,5781.95,5771.2,5777.15,883,
2024-11-13 12:26:00+05:30,5777.15,5777.25,5775.25,5775.75,78,
2024-11-13 12:27:00+05:30,5775.75,5777.8,5771.9,5775.9,208,
2024-11-13 12:28:00+05:30,5775.9,5777.5,5773,5775.65,153,
2024-11-13 12:29:00+05:30,5773.85,5776.9,5773.85,5774.55,18,
2024-11-13 12:30:00+05:30,5774.95,5775.6,5774.65,5775.6,1,
2024-11-13 12:31:00+05:30,5775.6,5780,5775.6,5780,126,
2024-11-13 12:32:00+05:30,5779,5782.1,5779,5780,50,
2024-11-13 12:33:00+05:30,5783.3,5784.25,5781.75,5782.25,50,
2024-11-13 12:34:00+05:30,5782.25,5785,5782.05,5782.05,262,
2024-11-13 12:35:00+05:30,5779,5781.4,5776.55,5778.45,11,
2024-11-13 12:37:00+05:30,5779.15,5779.15,5773.05,5773.15,66,
2024-11-13 12:38:00+05:30,5774.55,5777.95,5774.55,5774.7,78,
2024-11-13 12:39:00+05:30,5774.7,5777.55,5769.35,5774.9,1463,
2024-11-13 12:40:00+05:30,5774.9,5777,5774.9,5777,91,
2024-11-13 12:41:00+05:30,5777,5777,5771.2,5773,240,
2024-11-13 12:42:00+05:30,5775.15,5775.65,5769.8,5771.7,318,
2024-11-13 12:43:00+05:30,5774.4,5776.95,5769.95,5771.85,181,
2024-11-13 12:44:00+05:30,5771.85,5772.6,5767.3,5770,152,
2024-11-13 12:45:00+05:30,5770,5773.8,5768.05,5768.7,330,
2024-11-13 12:46:00+05:30,5768.7,5777,5768.7,5772.5,764,
2024-11-13 12:47:00+05:30,5772.5,5775.9,5768.75,5769.75,4005,
2024-11-13 12:48:00+05:30,5770.6,5778.65,5768.5,5776.3,2424,
2024-11-13 12:49:00+05:30,5776.3,5777.7,5773.9,5776.95,335,
2024-11-13 12:50:00+05:30,5776.95,5788.95,5774.85,5788.05,882,
2024-11-13 12:51:00+05:30,5788.95,5793.2,5781.55,5793.2,758,
2024-11-13 12:52:00+05:30,5793.95,5804.35,5792.1,5802.5,1188,
2024-11-13 12:53:00+05:30,5801,5801,5792.8,5795,325,
2024-11-13 12:54:00+05:30,5793.8,5795,5786.65,5786.65,321,
2024-11-13 12:55:00+05:30,5786.8,5793.15,5786.8,5792.8,688,
2024-11-13 12:56:00+05:30,5792.8,5792.8,5787.4,5790.1,128,
2024-11-13 12:57:00+05:30,5792.4,5794,5786.05,5790.75,326,
2024-11-13 12:58:00+05:30,5790.75,5790.75,5786.1,5788.15,163,
2024-11-13 12:59:00+05:30,5788.15,5789.35,5781.85,5782.75,97,
2024-11-13 13:00:00+05:30,5782.75,5788.3,5782.75,5787.25,223,
2024-11-13 13:01:00+05:30,5787.25,5787.95,5779.55,5779.55,211,
2024-11-13 13:02:00+05:30,5779.55,5780,5771.5,5775.95,1310,
2024-11-13 13:03:00+05:30,5775.95,5785.25,5775.95,5783.6,928,
2024-11-13 13:04:00+05:30,5783.6,5787.8,5778.05,5781.65,614,
2024-11-13 13:05:00+05:30,5781.65,5785.8,5780.1,5782.55,548,
2024-11-13 13:06:00+05:30,5782.45,5786,5779.1,5785.3,91,
2024-11-13 13:07:00+05:30,5785.3,5792.2,5785.3,5791.7,527,
2024-11-13 13:08:00+05:30,5791.7,5792.5,5783.8,5783.8,265,
2024-11-13 13:09:00+05:30,5783.8,5788.3,5781.7,5787.55,210,
2024-11-13 13:10:00+05:30,5787.55,5787.55,5780.4,5782.8,167,
2024-11-13 13:11:00+05:30,5782.8,5786.25,5782.55,5786.25,135,
2024-11-13 13:12:00+05:30,5786.25,5800,5786.25,5800,2450,
2024-11-13 13:13:00+05:30,5800,5807.35,5799.15,5802.45,367,
2024-11-13 13:14:00+05:30,5802.45,5804.15,5790.5,5799.3,869,
2024-11-13 13:15:00+05:30,5799.3,5803.05,5799.3,5802.6,203,
2024-11-13 13:16:00+05:30,5802.6,5805.7,5794.3,5794.3,1816,
2024-11-13 13:17:00+05:30,5794.3,5797.55,5794.3,5796.35,301,
2024-11-13 13:18:00+05:30,5796.35,5799.5,5794.85,5799.5,273,
2024-11-13 13:19:00+05:30,5799.5,5804.55,5799.5,5803.8,274,
2024-11-13 13:20:00+05:30,5802.7,5806.9,5802.7,5804.7,189,
2024-11-13 13:21:00+05:30,5804.7,5807.05,5798.45,5803.6,471,
2024-11-13 13:22:00+05:30,5803.6,5807.6,5797.7,5807.55,677,
2024-11-13 13:23:00+05:30,5807.55,5807.6,5802.65,5803,151,
2024-11-13 13:24:00+05:30,5803,5804.6,5799.1,5802.35,198,
2024-11-13 13:25:00+05:30,5802.35,5808.4,5796.85,5797.65,1230,
2024-11-13 13:26:00+05:30,5797.65,5799.5,5784,5784.2,2595,
2024-11-13 13:27:00+05:30,5784.2,5799.1,5783.8,5797.35,4154,
2024-11-13 13:28:00+05:30,5797.35,5802.75,5789.3,5795.3,3293,
2024-11-13 13:29:00+05:30,5795.3,5795.3,5785.7,5790.8,898,
2024-11-13 13:30:00+05:30,5790.8,5793.9,5781.8,5785,1254,
2024-11-13 13:31:00+05:30,5785,5792.9,5785,5792,792,
2024-11-13 13:32:00+05:30,5792,5794.95,5787.4,5787.4,341,
2024-11-13 13:33:00+05:30,5787.4,5792.4,5787.4,5792.1,336,
2024-11-13 13:34:00+05:30,5792.1,5792.8,5790.4,5792.8,240,
2024-11-13 13:35:00+05:30,5791.45,5791.45,5786.55,5791.2,458,
2024-11-13 13:36:00+05:30,5791.2,5794.8,5790.35,5792.9,2470,
2024-11-13 13:37:00+05:30,5792.9,5802,5791.05,5802,798,
2024-11-13 13:38:00+05:30,5802,5805,5798.9,5801.95,569,
2024-11-13 13:39:00+05:30,5801.95,5801.95,5797.35,5797.4,449,
2024-11-13 13:40:00+05:30,5797.4,5801.9,5797.4,5800,139,
2024-11-13 13:41:00+05:30,5802.35,5804.75,5799.3,5804.25,460,
2024-11-13 13:42:00+05:30,5804.25,5804.25,5797.05,5797.05,389,
2024-11-13 13:43:00+05:30,5797.05,5801.35,5796.6,5799.95,447,
2024-11-13 13:44:00+05:30,5799.85,5804.95,5797.25,5804.95,459,
2024-11-13 13:45:00+05:30,5804.95,5815,5804.4,5814.15,897,
2024-11-13 13:46:00+05:30,5814.15,5820,5812.1,5819.95,2397,
2024-11-13 13:47:00+05:30,5819.95,5831.7,5817.95,5830,914,
2024-11-13 13:48:00+05:30,5829.3,5831.7,5818.5,5821,3233,
2024-11-13 13:49:00+05:30,5821,5821.95,5818.25,5821.95,332,
2024-11-13 13:50:00+05:30,5821.95,5822,5811.6,5817.5,1518,
2024-11-13 13:51:00+05:30,5814,5821.3,5811.65,5816.8,819,
2024-11-13 13:52:00+05:30,5816.8,5816.8,5806.6,5812.7,683,
2024-11-13 13:53:00+05:30,5812.7,5813.8,5808.3,5808.3,519,
2024-11-13 13:54:00+05:30,5808.3,5818.05,5808.3,5815.55,352,
2024-11-13 13:55:00+05:30,5815.55,5823.1,5815.55,5820.65,543,
2024-11-13 13:56:00+05:30,5821.05,5821.95,5816.15,5818.8,506,
2024-11-13 13:57:00+05:30,5818.8,5822.8,5817.55,5822.55,286,
2024-11-13 13:58:00+05:30,5822.5,5822.5,5811.5,5813.2,1103,
2024-11-13 13:59:00+05:30,5813.2,5819.55,5812.55,5815,813,
2024-11-13 14:00:00+05:30,5813.9,5822.8,5813.9,5822,335,
2024-11-13 14:01:00+05:30,5822,5822,5818.05,5822,370,
2024-11-13 14:02:00+05:30,5822,5822.7,5820,5822,290,
2024-11-13 14:03:00+05:30,5822,5824.95,5818.7,5818.7,1703,
2024-11-13 14:04:00+05:30,5818.7,5818.7,5810.7,5814.05,1012,
2024-11-13 14:05:00+05:30,5814.05,5819.55,5814.05,5817.4,1326,
2024-11-13 14:06:00+05:30,5817.4,5817.95,5808.7,5813.3,972,
2024-11-13 14:07:00+05:30,5813.3,5817,5813.25,5816.4,342,
2024-11-13 14:08:00+05:30,5816.4,5816.5,5811.8,5811.8,379,
2024-11-13 14:09:00+05:30,5811.8,5814.95,5808.3,5808.85,445,
2024-11-13 14:10:00+05:30,5808.8,5808.9,5802.3,5805.65,975,
2024-11-13 14:11:00+05:30,5805.65,5805.65,5801.7,5802,1449,
2024-11-13 14:12:00+05:30,5802,5803.55,5797.65,5797.65,1844,
2024-11-13 14:13:00+05:30,5797.65,5804.1,5797.65,5804,648,
2024-11-13 14:14:00+05:30,5804,5807.15,5803.9,5804.15,393,
2024-11-13 14:15:00+05:30,5804.15,5806.75,5796.9,5799.8,506,
2024-11-13 14:16:00+05:30,5797.6,5799.75,5792.1,5797.45,1043,
2024-11-13 14:17:00+05:30,5797.45,5797.45,5788.9,5792.65,714,
2024-11-13 14:18:00+05:30,5792.65,5797.7,5792.5,5795.9,442,
2024-11-13 14:19:00+05:30,5795.9,5798.85,5791.2,5796.1,794,
2024-11-13 14:20:00+05:30,5796.1,5797.55,5792.95,5792.95,480,
2024-11-13 14:21:00+05:30,5792.95,5792.95,5787.9,5787.9,1268,
2024-11-13 14:22:00+05:30,5787.9,5792.7,5785,5791.7,927,
2024-11-13 14:23:00+05:30,5790.55,5790.85,5785.8,5789.45,1455,
2024-11-13 14:24:00+05:30,5789.45,5790.15,5783.1,5783.6,670,
2024-11-13 14:25:00+05:30,5783.6,5787.65,5783.6,5787.65,371,
2024-11-13 14:26:00+05:30,5787.65,5787.65,5777.55,5779.7,550,
2024-11-13 14:27:00+05:30,5777.75,5785,5775,5782.7,2381,
2024-11-13 14:28:00+05:30,5783,5786.1,5781.05,5783.75,418,
2024-11-13 14:29:00+05:30,5783,5783.05,5774.55,5774.55,479,
2024-11-13 14:30:00+05:30,5774.55,5777.25,5769.05,5772.4,2201,
2024-11-13 14:31:00+05:30,5772.4,5775,5770.6,5774.9,2430,
2024-11-13 14:32:00+05:30,5774.9,5779.85,5772.05,5773.55,709,
2024-11-13 14:33:00+05:30,5773.55,5775,5768.3,5775,355,
2024-11-13 14:34:00+05:30,5775,5779.3,5774.35,5777.1,398,
2024-11-13 14:35:00+05:30,5777.1,5778.85,5771.95,5774.5,421,
2024-11-13 14:36:00+05:30,5774.5,5776.35,5770.65,5776.35,567,
2024-11-13 14:37:00+05:30,5776.35,5776.35,5771,5772,405,
2024-11-13 14:38:00+05:30,5772,5777.15,5771.4,5775.2,776,
2024-11-13 14:39:00+05:30,5775.2,5780.3,5775.2,5780,546,
2024-11-13 14:40:00+05:30,5780,5786,5776.95,5776.95,797,
2024-11-13 14:41:00+05:30,5776.95,5776.95,5774.15,5774.15,678,
2024-11-13 14:42:00+05:30,5774.15,5780.15,5770,5777,2226,
2024-11-13 14:43:00+05:30,5777,5778.65,5774.2,5776.7,898,
2024-11-13 14:44:00+05:30,5776.7,5778.6,5774.1,5776.2,397,
2024-11-13 14:45:00+05:30,5776.2,5776.25,5770.05,5776.25,304,
2024-11-13 14:46:00+05:30,5776.25,5791.05,5776.25,5791.05,736,
2024-11-13 14:47:00+05:30,5789.75,5790.95,5782.7,5788.4,953,
2024-11-13 14:48:00+05:30,5788.4,5799.9,5788.4,5794.05,488,
2024-11-13 14:49:00+05:30,5794.05,5795.3,5790.1,5792.75,484,
2024-11-13 14:50:00+05:30,5792.75,5797.9,5789.75,5791.3,711,
2024-11-13 14:51:00+05:30,5791.3,5791.35,5788.1,5790.5,729,
2024-11-13 14:52:00+05:30,5790.5,5790.85,5785.25,5788.05,472,
2024-11-13 14:53:00+05:30,5788.05,5794.7,5786.55,5788.45,627,
2024-11-13 14:54:00+05:30,5788.45,5792,5786.35,5790.8,226,
2024-11-13 14:55:00+05:30,5790.8,5792.25,5786.8,5790.7,251,
2024-11-13 14:56:00+05:30,5790.85,5790.85,5782.5,5785.3,643,
2024-11-13 14:57:00+05:30,5784.65,5787.35,5784.65,5787.2,237,
2024-11-13 14:58:00+05:30,5787.2,5789.4,5785.2,5787.95,236,
2024-11-13 14:59:00+05:30,5786.85,5787.15,5783.6,5786.7,505,
2024-11-13 15:00:00+05:30,5786.7,5792.3,5762.1,5765.8,2077,
2024-11-13 15:01:00+05:30,5765.8,5770.9,5761.35,5767.25,792,
2024-11-13 15:02:00+05:30,5766.95,5774.8,5762.95,5763.7,1222,
2024-11-13 15:03:00+05:30,5763.7,5766.6,5756.25,5759.45,844,
2024-11-13 15:04:00+05:30,5759.45,5763.7,5753.05,5762.45,905,
2024-11-13 15:05:00+05:30,5762.45,5762.45,5756.6,5760.05,692,
2024-11-13 15:06:00+05:30,5760.05,5761.45,5753.05,5754.25,1867,
2024-11-13 15:07:00+05:30,5756.1,5761,5753.05,5755.25,1372,
2024-11-13 15:08:00+05:30,5755.25,5760,5752.05,5758.9,1658,
2024-11-13 15:09:00+05:30,5758.9,5762.95,5755.5,5762.85,942,
2024-11-13 15:10:00+05:30,5762.15,5764.45,5758.25,5762.65,592,
2024-11-13 15:11:00+05:30,5762.1,5764.4,5759.45,5760.25,658,
2024-11-13 15:12:00+05:30,5760.25,5764.25,5756.65,5759.4,900,
2024-11-13 15:13:00+05:30,5759.4,5762.7,5758,5759.6,558,
2024-11-13 15:14:00+05:30,5759.6,5764.35,5758.1,5763.75,2022,
2024-11-13 15:15:00+05:30,5763.8,5775.2,5762.4,5771.55,3242,
2024-11-13 15:16:00+05:30,5774.05,5780,5771.6,5771.9,1110,
2024-11-13 15:17:00+05:30,5771.9,5773.8,5770.75,5772.9,382,
2024-11-13 15:18:00+05:30,5772.9,5776.35,5770.75,5773,1113,
2024-11-13 15:19:00+05:30,5773,5779.45,5772.8,5777.8,833,
2024-11-13 15:20:00+05:30,5777.8,5783.3,5777.8,5779.55,1303,
2024-11-13 15:21:00+05:30,5779.6,5780.7,5776.9,5777.9,533,
2024-11-13 15:22:00+05:30,5777.9,5783.5,5774.1,5781.5,1196,
2024-11-13 15:23:00+05:30,5781.5,5788,5781.5,5785.15,1292,
2024-11-13 15:24:00+05:30,5786.6,5790,5783.25,5784.3,1132,
2024-11-13 15:25:00+05:30,5783.15,5789.85,5783.15,5787.3,1011,
2024-11-13 15:26:00+05:30,5787.3,5794.75,5787.3,5790.35,1005,
2024-11-13 15:27:00+05:30,5790.35,5791.55,5776.55,5786.15,1164,
2024-11-13 15:28:00+05:30,5786.15,5786.15,5775.05,5775.25,932,
2024-11-13 15:29:00+05:30,5775.25,5784.6,5765.7,5767,390,
2024-11-14 09:15:00+05:30,5770.1,5820.2,5770.1,5820.2,3842,
2024-11-14 09:16:00+05:30,5808.4,5813.8,5796.35,5803.55,1185,
2024-11-14 09:17:00+05:30,5800.6,5825,5797.8,5820,2736,
2024-11-14 09:18:00+05:30,5809.75,5825.95,5803.9,5825.95,6631,
2024-11-14 09:19:00+05:30,5808.6,5809.25,5794.3,5800.15,3148,
2024-11-14 09:20:00+05:30,5798.45,5802.55,5791.65,5799.05,997,
2024-11-14 09:21:00+05:30,5799.3,5801.45,5790,5790,845,
2024-11-14 09:22:00+05:30,5788.5,5798.25,5787.8,5792.35,742,
2024-11-14 09:23:00+05:30,5792.25,5796.2,5786.05,5786.45,6674,
2024-11-14 09:24:00+05:30,5789.35,5794.55,5784,5784.55,2056,
2024-11-14 09:25:00+05:30,5784.85,5784.85,5764.05,5765.6,1900,
2024-11-14 09:26:00+05:30,5767.1,5767.45,5751.8,5753,1350,
2024-11-14 09:27:00+05:30,5753,5755.7,5745,5755.7,1810,
2024-11-14 09:28:00+05:30,5752.4,5758.85,5750,5758.85,377,
2024-11-14 09:29:00+05:30,5756.9,5760,5751.7,5759.95,436,
2024-11-14 09:30:00+05:30,5760,5762.4,5752,5755.2,954,
2024-11-14 09:31:00+05:30,5752.55,5755.05,5727.85,5740.85,2953,
2024-11-14 09:32:00+05:30,5740.85,5740.85,5723.15,5732.8,1571,
2024-11-14 09:33:00+05:30,5729.1,5737.15,5728.6,5732,761,
2024-11-14 09:34:00+05:30,5731.95,5739.9,5728,5737.2,633,
2024-11-14 09:35:00+05:30,5737,5748.85,5732.25,5743.75,979,
2024-11-14 09:36:00+05:30,5743.75,5754.15,5743.75,5752.9,411,
2024-11-14 09:37:00+05:30,5752.9,5753,5744.65,5753,375,
2024-11-14 09:38:00+05:30,5753,5764.85,5753,5755.4,1362,
2024-11-14 09:39:00+05:30,5755.25,5763.8,5754.8,5761.5,185,
2024-11-14 09:40:00+05:30,5763.7,5767.6,5761.25,5764,469,
2024-11-14 09:41:00+05:30,5762.3,5769.5,5752.95,5753,669,
2024-11-14 09:42:00+05:30,5748.75,5766.95,5745.9,5766.95,456,
2024-11-14 09:43:00+05:30,5766.95,5772.15,5765.65,5772.15,884,
2024-11-14 09:44:00+05:30,5775.25,5778.75,5772.05,5778.55,336,
2024-11-14 09:45:00+05:30,5778.55,5778.55,5770.05,5772.5,842,
2024-11-14 09:46:00+05:30,5772.5,5785.15,5764.5,5781.6,1361,
2024-11-14 09:47:00+05:30,5781.6,5785.55,5776.9,5782.9,563,
2024-11-14 09:48:00+05:30,5780.55,5783.5,5776,5779,240,
2024-11-14 09:49:00+05:30,5779,5779,5770.15,5776.55,518,
2024-11-14 09:50:00+05:30,5776.55,5777.4,5770.15,5776.75,134,
2024-11-14 09:51:00+05:30,5776.75,5779.8,5772.05,5774.9,182,
2024-11-14 09:52:00+05:30,5774.9,5774.95,5764.55,5770,468,
2024-11-14 09:53:00+05:30,5770,5771.25,5766.65,5768.3,158,
2024-11-14 09:54:00+05:30,5765.85,5770.55,5765.15,5768.95,912,
2024-11-14 09:55:00+05:30,5768.95,5780,5768.95,5780,255,
2024-11-14 09:56:00+05:30,5780,5786.95,5779.7,5785,1375,
2024-11-14 09:57:00+05:30,5785,5785,5781,5783.95,247,
2024-11-14 09:58:00+05:30,5783.85,5784.35,5780,5783,378,
2024-11-14 09:59:00+05:30,5783,5783,5755,5758.9,1404,
2024-11-14 10:00:00+05:30,5758.7,5766.25,5755,5764.7,1577,
2024-11-14 10:01:00+05:30,5768.75,5774.6,5767.65,5771.9,851,
2024-11-14 10:02:00+05:30,5771.9,5780,5771.2,5780,68,
2024-11-14 10:03:00+05:30,5780,5780,5771.4,5771.4,256,
2024-11-14 10:04:00+05:30,5775.55,5779.95,5772.05,5775.95,569,
2024-11-14 10:05:00+05:30,5777.25,5778.35,5769.4,5773.8,1129,
2024-11-14 10:06:00+05:30,5773.8,5774.1,5770.4,5774.1,22,
2024-11-14 10:07:00+05:30,5771.25,5774.1,5771.05,5771.75,272,
2024-11-14 10:08:00+05:30,5771.75,5774.4,5770,5770.55,193,
2024-11-14 10:09:00+05:30,5768.15,5771.4,5767.1,5769.9,169,
2024-11-14 10:10:00+05:30,5769.9,5771.2,5768.75,5771.05,66,
2024-11-14 10:11:00+05:30,5771.1,5771.3,5763.45,5766.45,515,
2024-11-14 10:12:00+05:30,5766.45,5766.45,5759.15,5759.15,190,
2024-11-14 10:13:00+05:30,5759.15,5764.9,5756.85,5761.9,334,
2024-11-14 10:14:00+05:30,5764.8,5764.8,5761.1,5761.1,119,
2024-11-14 10:15:00+05:30,5761.1,5763.55,5752.4,5759.35,1664,
2024-11-14 10:16:00+05:30,5759.35,5764.5,5759.35,5764.5,270,
2024-11-14 10:17:00+05:30,5764.5,5764.5,5763,5763.95,101,
2024-11-14 10:18:00+05:30,5763.95,5763.95,5763.5,5763.95,40,
2024-11-14 10:19:00+05:30,5763.95,5763.95,5760.4,5762.6,161,
2024-11-14 10:20:00+05:30,5762.6,5762.6,5761.85,5762.6,83,
2024-11-14 10:21:00+05:30,5762.6,5766.7,5758.05,5764.9,502,
2024-11-14 10:22:00+05:30,5764.9,5771.5,5763.75,5771.5,412,
2024-11-14 10:23:00+05:30,5771.5,5776.65,5771.45,5774.55,297,
2024-11-14 10:24:00+05:30,5774.55,5777.6,5772.9,5772.9,289,
2024-11-14 10:25:00+05:30,5772.9,5774.95,5767.75,5771,207,
2024-11-14 10:26:00+05:30,5771.65,5778.9,5771.65,5777.35,416,
2024-11-14 10:27:00+05:30,5777.35,5777.85,5768.25,5771.45,454,
2024-11-14 10:28:00+05:30,5771.45,5771.45,5768.1,5768.5,110,
2024-11-14 10:29:00+05:30,5768.5,5772.45,5761.5,5762.7,731,
2024-11-14 10:30:00+05:30,5765.6,5769.7,5759.85,5769.65,1171,
2024-11-14 10:31:00+05:30,5769.65,5770,5766.35,5770,282,
2024-11-14 10:32:00+05:30,5770,5777.95,5770,5776.8,284,
2024-11-14 10:33:00+05:30,5776.8,5776.8,5770.65,5773,331,
2024-11-14 10:34:00+05:30,5773,5774.9,5770.1,5774.9,315,
2024-11-14 10:35:00+05:30,5774.9,5777,5769.75,5773.15,357,
2024-11-14 10:36:00+05:30,5771.65,5775.1,5771.15,5775.1,33,
2024-11-14 10:37:00+05:30,5775.1,5778.9,5770.5,5770.5,543,
2024-11-14 10:38:00+05:30,5770.5,5775.3,5770.5,5775.1,298,
2024-11-14 10:39:00+05:30,5775.1,5778.7,5769.8,5778.65,2157,
2024-11-14 10:40:00+05:30,5778.65,5781.6,5760.5,5769.1,2210,
2024-11-14 10:41:00+05:30,5769.1,5777.05,5768.5,5775.9,292,
2024-11-14 10:42:00+05:30,5775.9,5777.6,5773.45,5776.15,156,
2024-11-14 10:43:00+05:30,5776.15,5781.85,5775.4,5781.85,67,
2024-11-14 10:44:00+05:30,5781.85,5785,5777.65,5785,279,
2024-11-14 10:45:00+05:30,5785,5785,5778.3,5781.85,463,
2024-11-14 10:46:00+05:30,5781.85,5781.85,5775.6,5776.55,98,
2024-11-14 10:47:00+05:30,5776.5,5781.95,5774.1,5777,458,
2024-11-14 10:48:00+05:30,5777,5779.35,5777,5779,158,
2024-11-14 10:49:00+05:30,5779,5781.15,5776.35,5776.35,352,
2024-11-14 10:50:00+05:30,5776.35,5777.95,5776.35,5777.95,62,
2024-11-14 10:51:00+05:30,5776.95,5782.2,5775.05,5775.05,154,
2024-11-14 10:52:00+05:30,5778.15,5781.7,5776.55,5777.9,138,
2024-11-14 10:53:00+05:30,5777.9,5779.6,5773.55,5773.55,185,
2024-11-14 10:54:00+05:30,5773.55,5776.3,5771.85,5776,218,
2024-11-14 10:55:00+05:30,5776,5776.25,5773.3,5776.25,178,
2024-11-14 10:56:00+05:30,5776.25,5780.2,5776,5780.05,226,
2024-11-14 10:57:00+05:30,5780.05,5781,5779.3,5779.3,48,
2024-11-14 10:58:00+05:30,5779.3,5781,5777.95,5781,145,
2024-11-14 10:59:00+05:30,5781,5781,5780,5780,110,
2024-11-14 11:00:00+05:30,5780,5783.7,5778.15,5783.7,217,
2024-11-14 11:01:00+05:30,5783.7,5783.7,5776,5781.25,1311,
2024-11-14 11:02:00+05:30,5781.1,5784,5781.1,5783.95,272,
2024-11-14 11:03:00+05:30,5783.95,5783.95,5778.25,5781.55,227,
2024-11-14 11:04:00+05:30,5781.55,5781.55,5776,5778.2,163,
2024-11-14 11:05:00+05:30,5777.1,5777.85,5770.1,5775.2,240,
2024-11-14 11:06:00+05:30,5773.6,5773.6,5765.55,5767.4,363,
2024-11-14 11:07:00+05:30,5767.4,5768.9,5765.55,5766,177,
2024-11-14 11:08:00+05:30,5765.5,5766.75,5761,5764.45,276,
2024-11-14 11:09:00+05:30,5764.45,5770,5764.45,5766.55,1279,
2024-11-14 11:10:00+05:30,5766.55,5770,5766.55,5770,159,
2024-11-14 11:11:00+05:30,5770,5770,5768.75,5769,79,
2024-11-14 11:12:00+05:30,5768.95,5769.7,5766.35,5767.8,92,
2024-11-14 11:13:00+05:30,5767.45,5767.9,5760,5764.15,1111,
2024-11-14 11:14:00+05:30,5764.15,5764.95,5760.8,5764.95,478,
2024-11-14 11:15:00+05:30,5764.95,5769.65,5764.95,5766.2,469,
2024-11-14 11:16:00+05:30,5766.2,5773.4,5766.2,5773.4,230,
2024-11-14 11:17:00+05:30,5774.65,5779.05,5771.75,5776.1,231,
2024-11-14 11:18:00+05:30,5776.1,5776.1,5768.65,5772.85,251,
2024-11-14 11:19:00+05:30,5772.85,5776,5772.85,5776,73,
2024-11-14 11:20:00+05:30,5776,5776,5769.95,5773.8,183,
2024-11-14 11:21:00+05:30,5773.8,5774.6,5770.9,5774.4,183,
2024-11-14 11:22:00+05:30,5774.45,5774.55,5774.45,5774.45,94,
2024-11-14 11:23:00+05:30,5774.45,5774.45,5767.1,5767.1,192,
2024-11-14 11:24:00+05:30,5770.8,5772.45,5768.45,5772.45,187,
2024-11-14 11:25:00+05:30,5770.6,5772.35,5765,5765,503,
2024-11-14 11:26:00+05:30,5768.3,5769.2,5766.4,5768.55,106,
2024-11-14 11:27:00+05:30,5768.4,5769.1,5767.35,5767.55,87,
2024-11-14 11:28:00+05:30,5767.55,5775.05,5767.55,5770.1,713,
2024-11-14 11:29:00+05:30,5770.35,5772.9,5768.05,5772.5,186,
2024-11-14 11:30:00+05:30,5772.5,5773.15,5767.05,5770.95,552,
2024-11-14 11:31:00+05:30,5770.95,5770.95,5767.35,5767.45,50,
2024-11-14 11:32:00+05:30,5770.3,5770.5,5768.9,5770.15,60,
2024-11-14 11:33:00+05:30,5768.9,5771.2,5768.9,5771.2,219,
2024-11-14 11:34:00+05:30,5771.2,5775,5770,5775,229,
2024-11-14 11:35:00+05:30,5775,5778.6,5775,5778.6,224,
2024-11-14 11:36:00+05:30,5777.25,5781,5773.95,5776.65,94,
2024-11-14 11:37:00+05:30,5776.25,5776.25,5766.8,5770.45,787,
2024-11-14 11:38:00+05:30,5769.4,5771.3,5769.4,5769.4,136,
2024-11-14 11:39:00+05:30,5769.4,5769.4,5763.05,5766.8,267,
2024-11-14 11:40:00+05:30,5766.8,5770.75,5766.8,5768.1,142,
2024-11-14 11:41:00+05:30,5768.1,5776.25,5768.1,5772.1,78,
2024-11-14 11:42:00+05:30,5772.1,5776.65,5772.1,5773.9,208,
2024-11-14 11:43:00+05:30,5773.9,5774.75,5773.45,5773.45,41,
2024-11-14 11:44:00+05:30,5773.45,5773.7,5772.6,5773.7,68,
2024-11-14 11:45:00+05:30,5773.7,5773.7,5769.65,5772,214,
2024-11-14 11:46:00+05:30,5772,5775.7,5772,5773.4,133,
2024-11-14 11:47:00+05:30,5773.4,5774.95,5770.15,5772.45,293,
2024-11-14 11:48:00+05:30,5772.45,5772.5,5769.5,5771.95,111,
2024-11-14 11:49:00+05:30,5771.95,5773.4,5771.95,5772.5,66,
2024-11-14 11:50:00+05:30,5772.5,5774.6,5772.5,5774.45,127,
2024-11-14 11:51:00+05:30,5774.45,5774.45,5772.45,5773.75,90,
2024-11-14 11:52:00+05:30,5773.45,5773.6,5768.1,5768.65,241,
2024-11-14 11:53:00+05:30,5768.65,5770.85,5766.65,5769.7,88,
2024-11-14 11:54:00+05:30,5769.7,5770.15,5764.1,5770.1,391,
2024-11-14 11:55:00+05:30,5770.1,5770.15,5769.2,5770.1,58,
2024-11-14 11:56:00+05:30,5770.1,5770.2,5765.25,5765.25,101,
2024-11-14 11:57:00+05:30,5768.1,5768.45,5767,5767,135,
2024-11-14 11:58:00+05:30,5768,5768.45,5765.65,5766.85,315,
2024-11-14 11:59:00+05:30,5766.85,5768.45,5766.85,5768.45,101,
2024-11-14 12:00:00+05:30,5768.45,5770.1,5768.45,5769.5,112,
2024-11-14 12:01:00+05:30,5769.5,5770.1,5766.05,5768.8,301,
2024-11-14 12:02:00+05:30,5768.75,5769.95,5767.45,5769.3,99,
2024-11-14 12:03:00+05:30,5767.6,5767.6,5762.05,5763.4,137,
2024-11-14 12:04:00+05:30,5763.35,5766.85,5763.35,5763.9,2391,
2024-11-14 12:05:00+05:30,5760.9,5763.9,5760.7,5763.85,328,
2024-11-14 12:06:00+05:30,5763.85,5768,5763.85,5766.15,744,
2024-11-14 12:07:00+05:30,5766.15,5766.15,5763,5763.7,79,
2024-11-14 12:08:00+05:30,5761.55,5764.1,5761.55,5763.95,57,
2024-11-14 12:09:00+05:30,5763.95,5765.7,5763.2,5763.9,158,
2024-11-14 12:10:00+05:30,5763.3,5764,5763.3,5764,68,
2024-11-14 12:11:00+05:30,5764,5766,5764,5766,116,
2024-11-14 12:12:00+05:30,5765.3,5767.25,5765.3,5767.25,161,
2024-11-14 12:13:00+05:30,5767.25,5769.15,5767.1,5769.15,35,
2024-11-14 12:14:00+05:30,5769.15,5776.7,5769.15,5776.7,101,
2024-11-14 12:15:00+05:30,5776.7,5780,5772.5,5775.25,172,
2024-11-14 12:16:00+05:30,5775.25,5776.55,5772.85,5775.25,55,
2024-11-14 12:17:00+05:30,5775.25,5775.3,5769.7,5772.5,300,
2024-11-14 12:18:00+05:30,5772,5772,5768.9,5769.2,96,
2024-11-14 12:19:00+05:30,5769.2,5771.45,5768.1,5770.3,158,
2024-11-14 12:20:00+05:30,5770.3,5770.3,5765.3,5767.85,89,
2024-11-14 12:21:00+05:30,5767.85,5769.1,5761.9,5762.55,660,
2024-11-14 12:22:00+05:30,5762.55,5762.55,5758.65,5761,509,
2024-11-14 12:23:00+05:30,5760.95,5761.2,5758.4,5761.2,106,
2024-11-14 12:24:00+05:30,5761.2,5762.55,5761.1,5761.1,128,
2024-11-14 12:25:00+05:30,5761.1,5762.3,5758.1,5762.3,66,
2024-11-14 12:26:00+05:30,5762.3,5765.95,5762.3,5765.95,136,
2024-11-14 12:27:00+05:30,5766.05,5767.9,5765.55,5766.7,291,
2024-11-14 12:28:00+05:30,5765,5766.7,5763.65,5766.7,371,
2024-11-14 12:29:00+05:30,5766.7,5766.7,5764,5765.75,256,
2024-11-14 12:30:00+05:30,5765.75,5766.7,5762.8,5764.4,264,
2024-11-14 12:31:00+05:30,5764.4,5766.7,5763.1,5765.45,193,
2024-11-14 12:32:00+05:30,5765.45,5766.2,5763.8,5766.2,353,
2024-11-14 12:33:00+05:30,5766.2,5766.7,5764.55,5764.95,291,
2024-11-14 12:34:00+05:30,5764.95,5765.4,5758.45,5761.4,507,
2024-11-14 12:35:00+05:30,5761.4,5765.5,5761.25,5765.5,230,
2024-11-14 12:36:00+05:30,5765.5,5765.5,5760.25,5762.45,370,
2024-11-14 12:37:00+05:30,5762.45,5764.4,5761.4,5764.3,163,
2024-11-14 12:38:00+05:30,5764.3,5765,5760.7,5762.5,1074,
2024-11-14 12:39:00+05:30,5762.5,5765.25,5759.75,5763.65,283,
2024-11-14 12:40:00+05:30,5763.65,5765.1,5761.1,5764.85,282,
2024-11-14 12:41:00+05:30,5764.85,5764.9,5760.4,5761.6,244,
2024-11-14 12:42:00+05:30,5761.6,5762.7,5755.15,5762.7,590,
2024-11-14 12:43:00+05:30,5762.7,5764.9,5760.55,5764.9,340,
2024-11-14 12:44:00+05:30,5764.9,5764.9,5763.9,5764.9,133,
2024-11-14 12:45:00+05:30,5764.9,5767.5,5764.35,5767.45,199,
2024-11-14 12:46:00+05:30,5767.45,5769.85,5765,5768.05,176,
2024-11-14 12:47:00+05:30,5767.9,5767.9,5764,5765.85,479,
2024-11-14 12:48:00+05:30,5765.85,5768.95,5761.9,5762.95,530,
2024-11-14 12:49:00+05:30,5762.95,5766.1,5759.6,5763.65,503,
2024-11-14 12:50:00+05:30,5763.65,5765.05,5761.65,5764.6,616,
2024-11-14 12:51:00+05:30,5764.6,5767.9,5759.65,5764.4,378,
2024-11-14 12:52:00+05:30,5764.4,5765.2,5760.7,5764.8,490,
2024-11-14 12:53:00+05:30,5764.8,5769.2,5761.5,5768.7,305,
2024-11-14 12:54:00+05:30,5768.7,5769.15,5766.05,5768,254,
2024-11-14 12:55:00+05:30,5768,5769.75,5766.45,5767.5,436,
2024-11-14 12:56:00+05:30,5767.5,5767.5,5765.9,5767.5,130,
2024-11-14 12:57:00+05:30,5767.5,5767.85,5760.7,5760.7,286,
2024-11-14 12:58:00+05:30,5760.4,5763.9,5760.4,5763.9,156,
2024-11-14 12:59:00+05:30,5763.9,5768.5,5760.85,5762.3,234,
2024-11-14 13:00:00+05:30,5762.3,5763.4,5759.9,5760.5,732,
2024-11-14 13:01:00+05:30,5760.5,5765,5759.45,5763.85,375,
2024-11-14 13:02:00+05:30,5763.85,5764.5,5763.55,5764.5,155,
2024-11-14 13:03:00+05:30,5764.5,5767,5759.45,5763.8,437,
2024-11-14 13:04:00+05:30,5765.05,5766.45,5764.15,5766.45,288,
2024-11-14 13:05:00+05:30,5766.45,5767.85,5765.65,5766.85,205,
2024-11-14 13:06:00+05:30,5766.85,5766.85,5764.55,5765.8,182,
2024-11-14 13:07:00+05:30,5765.8,5772.5,5764.05,5772.1,431,
2024-11-14 13:08:00+05:30,5772.1,5772.1,5768.45,5768.65,608,
2024-11-14 13:09:00+05:30,5768.65,5772.45,5768.65,5771.4,132,
2024-11-14 13:10:00+05:30,5771.4,5771.4,5766.3,5769.05,497,
2024-11-14 13:11:00+05:30,5769.05,5774,5769.05,5771.15,288,
2024-11-14 13:12:00+05:30,5771.15,5773.5,5768.7,5770.9,124,
2024-11-14 13:13:00+05:30,5771.45,5773.1,5764.55,5768.95,401,
2024-11-14 13:14:00+05:30,5768.95,5770.4,5767.5,5770.2,130,
2024-11-14 13:15:00+05:30,5770.2,5770.2,5766.4,5769.8,318,
2024-11-14 13:16:00+05:30,5769.8,5769.8,5765.65,5769.55,299,
2024-11-14 13:17:00+05:30,5769.5,5772.3,5763.45,5768.6,272,
2024-11-14 13:18:00+05:30,5768.6,5769.7,5767.5,5768.45,125,
2024-11-14 13:19:00+05:30,5768.45,5771.45,5767.3,5770.95,240,
2024-11-14 13:20:00+05:30,5770.95,5773.2,5768.65,5771.45,588,
2024-11-14 13:21:00+05:30,5771.45,5771.5,5769.75,5769.75,226,
2024-11-14 13:22:00+05:30,5769.75,5771.45,5767.9,5767.9,285,
2024-11-14 13:23:00+05:30,5767.9,5771.5,5767.9,5771.5,379,
2024-11-14 13:24:00+05:30,5771.5,5780,5771.5,5776.6,1239,
2024-11-14 13:25:00+05:30,5776.6,5780,5776.6,5780,157,
2024-11-14 13:26:00+05:30,5780,5787,5780,5787,300,
2024-11-14 13:27:00+05:30,5787,5792.15,5786.55,5789.95,615,
2024-11-14 13:28:00+05:30,5789.95,5790,5784.05,5784.05,237,
2024-11-14 13:29:00+05:30,5784.05,5787.2,5784.05,5786.95,138,
2024-11-14 13:30:00+05:30,5786.95,5787.25,5782.55,5786.55,454,
2024-11-14 13:31:00+05:30,5786.55,5787.05,5781.05,5784.5,175,
2024-11-14 13:32:00+05:30,5784.5,5786.4,5777.1,5780.5,1535,
2024-11-14 13:33:00+05:30,5780.5,5785.05,5778.8,5782.5,959,
2024-11-14 13:34:00+05:30,5782.5,5782.5,5768.45,5777.5,1113,
2024-11-14 13:35:00+05:30,5777.5,5777.65,5775.15,5776.65,206,
2024-11-14 13:36:00+05:30,5776.65,5781.55,5776.65,5781.55,306,
2024-11-14 13:37:00+05:30,5781.55,5785.3,5780.75,5782.3,268,
2024-11-14 13:38:00+05:30,5782.3,5785.9,5782.25,5785.8,382,
2024-11-14 13:39:00+05:30,5785.8,5785.8,5775.7,5778.75,700,
2024-11-14 13:40:00+05:30,5775.35,5779.3,5771.3,5773.55,757,
2024-11-14 13:41:00+05:30,5773.55,5774.75,5772,5774.75,168,
2024-11-14 13:42:00+05:30,5774.75,5777.55,5773.15,5775.9,227,
2024-11-14 13:43:00+05:30,5775.25,5775.25,5762.5,5762.55,632,
2024-11-14 13:44:00+05:30,5762.55,5766.85,5762.55,5766.85,331,
2024-11-14 13:45:00+05:30,5766.85,5769.25,5762.55,5763.1,374,
2024-11-14 13:46:00+05:30,5763.05,5763.7,5762.8,5763.45,253,
2024-11-14 13:47:00+05:30,5763.45,5766.5,5761.55,5765,302,
2024-11-14 13:48:00+05:30,5765,5765.05,5755.95,5756.9,893,
2024-11-14 13:49:00+05:30,5756.9,5760.45,5750,5751.45,1236,
2024-11-14 13:50:00+05:30,5751.45,5754.4,5746.55,5754.4,1020,
2024-11-14 13:51:00+05:30,5754.4,5755.9,5753.6,5755.1,307,
2024-11-14 13:52:00+05:30,5755.1,5755.35,5750.55,5753.85,282,
2024-11-14 13:53:00+05:30,5753.85,5755.05,5748.35,5754.95,337,
2024-11-14 13:54:00+05:30,5754.95,5755.3,5749.7,5754.55,344,
2024-11-14 13:55:00+05:30,5754.55,5757,5751.4,5757,375,
2024-11-14 13:56:00+05:30,5757,5758,5753.1,5753.1,301,
2024-11-14 13:57:00+05:30,5753.1,5754.2,5748.45,5751.25,337,
2024-11-14 13:58:00+05:30,5751.25,5751.7,5745.75,5746.9,792,
2024-11-14 13:59:00+05:30,5746.9,5749.3,5745,5749.3,791,
2024-11-14 14:00:00+05:30,5749.3,5749.3,5745,5748.65,348,
2024-11-14 14:01:00+05:30,5748.65,5752,5745.95,5751.55,375,
2024-11-14 14:02:00+05:30,5751.55,5751.95,5748.05,5749.9,373,
2024-11-14 14:03:00+05:30,5749.95,5755.7,5746.7,5750.35,573,
2024-11-14 14:04:00+05:30,5750.35,5751.45,5749.6,5749.7,223,
2024-11-14 14:05:00+05:30,5749.7,5750.45,5746.6,5750.25,198,
2024-11-14 14:06:00+05:30,5750.25,5750.25,5745,5749.35,735,
2024-11-14 14:07:00+05:30,5749.35,5749.95,5744.25,5748.35,464,
2024-11-14 14:08:00+05:30,5748.35,5748.65,5743,5745.7,494,
2024-11-14 14:09:00+05:30,5745.7,5745.75,5741.4,5741.4,496,
2024-11-14 14:10:00+05:30,5741.4,5745.25,5741.4,5744.55,368,
2024-11-14 14:11:00+05:30,5744.55,5744.55,5744.15,5744.15,203,
2024-11-14 14:12:00+05:30,5744.15,5747.5,5743.65,5747.1,313,
2024-11-14 14:13:00+05:30,5747.1,5749.75,5747.05,5749.75,178,
2024-11-14 14:14:00+05:30,5749.75,5752.15,5745.3,5745.3,754,
2024-11-14 14:15:00+05:30,5745.3,5751.1,5745.3,5751.1,390,
2024-11-14 14:16:00+05:30,5751.1,5752.35,5743.1,5743.1,615,
2024-11-14 14:17:00+05:30,5743.1,5743.4,5734.95,5734.95,1112,
2024-11-14 14:18:00+05:30,5734.95,5748.6,5733.35,5748.6,604,
2024-11-14 14:19:00+05:30,5748.6,5750.35,5746.1,5748.7,296,
2024-11-14 14:20:00+05:30,5748.7,5749.7,5742.75,5746.6,654,
2024-11-14 14:21:00+05:30,5746.6,5753.65,5746.6,5753.65,326,
2024-11-14 14:22:00+05:30,5753.45,5755.35,5753,5755.35,304,
2024-11-14 14:23:00+05:30,5755.35,5757.45,5749.55,5757.45,693,
2024-11-14 14:24:00+05:30,5757.45,5762.5,5753.15,5762.5,345,
2024-11-14 14:25:00+05:30,5762.5,5764.4,5757.75,5764.2,362,
2024-11-14 14:26:00+05:30,5764.2,5764.6,5758.7,5762.55,375,
2024-11-14 14:27:00+05:30,5762.55,5762.55,5753.7,5757.1,561,
2024-11-14 14:28:00+05:30,5757.1,5760.35,5757.05,5760.35,224,
2024-11-14 14:29:00+05:30,5760.35,5760.35,5749.35,5750.5,519,
2024-11-14 14:30:00+05:30,5750.5,5751.8,5749.6,5751.8,413,
2024-11-14 14:31:00+05:30,5751.8,5752.45,5746.75,5747.25,166,
2024-11-14 14:32:00+05:30,5747.25,5747.25,5745,5747,219,
2024-11-14 14:33:00+05:30,5747,5750.35,5746.75,5750.35,71,
2024-11-14 14:34:00+05:30,5750.35,5750.35,5745.45,5745.45,281,
2024-11-14 14:35:00+05:30,5745.45,5748.5,5742.5,5744.35,560,
2024-11-14 14:36:00+05:30,5744.35,5747.05,5737.75,5740.8,618,
2024-11-14 14:37:00+05:30,5742.15,5742.3,5739.5,5740.6,244,
2024-11-14 14:38:00+05:30,5740.6,5744.95,5740.6,5744.95,172,
2024-11-14 14:39:00+05:30,5744.95,5745.6,5737.3,5737.3,800,
2024-11-14 14:40:00+05:30,5737.3,5746.8,5737.3,5746.75,185,
2024-11-14 14:41:00+05:30,5746.75,5746.8,5744.9,5745,254,
2024-11-14 14:42:00+05:30,5745,5748.35,5743.05,5745.6,250,
2024-11-14 14:43:00+05:30,5745.6,5748.4,5742.2,5744.55,339,
2024-11-14 14:44:00+05:30,5744.55,5747.45,5743.9,5746.95,149,
2024-11-14 14:45:00+05:30,5746.95,5747.3,5743,5743.1,241,
2024-11-14 14:46:00+05:30,5743.1,5745.65,5740.55,5745.6,357,
2024-11-14 14:47:00+05:30,5745.6,5746.3,5743.4,5746.2,105,
2024-11-14 14:48:00+05:30,5746.2,5748,5743.65,5748,149,
2024-11-14 14:49:00+05:30,5748,5749.8,5746.7,5746.75,391,
2024-11-14 14:50:00+05:30,5747.55,5749.9,5745.05,5747.35,210,
2024-11-14 14:51:00+05:30,5747.35,5747.5,5742.1,5746,344,
2024-11-14 14:52:00+05:30,5746,5751.2,5745.6,5750.05,570,
2024-11-14 14:53:00+05:30,5749.3,5750.45,5742.1,5746.1,437,
2024-11-14 14:54:00+05:30,5746.1,5746.15,5741.85,5744.65,460,
2024-11-14 14:55:00+05:30,5744.65,5745,5741.6,5743.95,185,
2024-11-14 14:56:00+05:30,5743.95,5745,5736.8,5742.85,358,
2024-11-14 14:57:00+05:30,5742.85,5743.05,5740.7,5743.05,217,
2024-11-14 14:58:00+05:30,5743.05,5746.3,5742.8,5743.85,400,
2024-11-14 14:59:00+05:30,5743.85,5745.1,5740.15,5740.35,847,
2024-11-14 15:00:00+05:30,5740.35,5745.8,5735,5745.8,1972,
2024-11-14 15:01:00+05:30,5746.45,5750,5745,5748.05,1142,
2024-11-14 15:02:00+05:30,5748.05,5748.05,5741.2,5741.2,874,
2024-11-14 15:03:00+05:30,5741.2,5742.85,5737.1,5742.55,1250,
2024-11-14 15:04:00+05:30,5742.55,5742.65,5740,5741.1,733,
2024-11-14 15:05:00+05:30,5741.1,5742.6,5740.25,5740.25,1019,
2024-11-14 15:06:00+05:30,5740.5,5742.5,5739.6,5740.6,1774,
2024-11-14 15:07:00+05:30,5740,5745,5739.85,5744.95,1311,
2024-11-14 15:08:00+05:30,5744.95,5750.6,5744.9,5749.65,1969,
2024-11-14 15:09:00+05:30,5749.65,5749.95,5746.1,5746.2,1035,
2024-11-14 15:10:00+05:30,5746.2,5747.35,5743.55,5745.75,1005,
2024-11-14 15:11:00+05:30,5745.5,5745.5,5743,5743.1,898,
2024-11-14 15:12:00+05:30,5743.1,5745.3,5742,5743.75,772,
2024-11-14 15:13:00+05:30,5743.75,5747.45,5743.7,5746.95,653,
2024-11-14 15:14:00+05:30,5746.95,5752.9,5746.75,5750,2104,
2024-11-14 15:15:00+05:30,5750,5751.1,5750,5751.1,1196,
2024-11-14 15:16:00+05:30,5751.1,5751.2,5750,5750,1191,
2024-11-14 15:17:00+05:30,5750,5751.2,5750,5750.05,2370,
2024-11-14 15:18:00+05:30,5750.05,5750.2,5750,5750.15,2277,
2024-11-14 15:19:00+05:30,5750.25,5755.9,5750,5755.15,2366,
2024-11-14 15:20:00+05:30,5755.15,5755.15,5750,5753.85,2556,
2024-11-14 15:21:00+05:30,5753.85,5754.3,5751.35,5753.4,1390,
2024-11-14 15:22:00+05:30,5753.4,5753.4,5750.2,5751.15,1511,
2024-11-14 15:23:00+05:30,5751.25,5751.25,5750,5750.8,1230,
2024-11-14 15:24:00+05:30,5750.8,5757.7,5750.8,5757.05,10295,
2024-11-14 15:25:00+05:30,5756.95,5759.9,5755,5756.95,2680,
2024-11-14 15:26:00+05:30,5757.55,5758.25,5755,5755.45,2750,
2024-11-14 15:27:00+05:30,5755.45,5755.9,5748.95,5748.95,2758,
2024-11-14 15:28:00+05:30,5753.1,5753.15,5748.8,5751.05,964,
2024-11-14 15:29:00+05:30,5749.4,5753.75,5735.25,5735.25,712,
2024-11-18 09:15:00+05:30,5700,5795.25,5690.5,5795.25,5466,
2024-11-18 09:16:00+05:30,5797.4,5803.05,5775.2,5794.95,6888,
2024-11-18 09:17:00+05:30,5794.45,5799.9,5783.8,5795.95,4164,
2024-11-18 09:18:00+05:30,5795.95,5802,5774.2,5774.2,6085,
2024-11-18 09:19:00+05:30,5777.45,5783.3,5774.25,5782.75,1777,
2024-11-18 09:20:00+05:30,5782.75,5791.7,5780.3,5791.55,5036,
2024-11-18 09:21:00+05:30,5791.45,5791.55,5777.5,5777.5,1529,
2024-11-18 09:22:00+05:30,5777.5,5783.65,5766.05,5780.9,2887,
2024-11-18 09:23:00+05:30,5781.9,5782.75,5761,5765.4,2509,
2024-11-18 09:24:00+05:30,5765.95,5768.25,5757.55,5760.25,4607,
2024-11-18 09:25:00+05:30,5763.5,5768.25,5756.05,5761.9,1910,
2024-11-18 09:26:00+05:30,5762.35,5765.45,5755,5757.25,3246,
2024-11-18 09:27:00+05:30,5759.7,5774.95,5759.65,5761.95,1993,
2024-11-18 09:28:00+05:30,5765.55,5767.75,5759.2,5761.5,1375,
2024-11-18 09:29:00+05:30,5762.25,5762.25,5744.6,5747.8,1873,
2024-11-18 09:30:00+05:30,5747.8,5756.95,5745.7,5751.3,1747,
2024-11-18 09:31:00+05:30,5753.85,5762.6,5751.45,5752.75,1036,
2024-11-18 09:32:00+05:30,5752.75,5755.85,5746.9,5749.05,1368,
2024-11-18 09:33:00+05:30,5751,5754.75,5743.3,5745.15,1410,
2024-11-18 09:34:00+05:30,5742.65,5748.5,5742.05,5742.3,979,
2024-11-18 09:35:00+05:30,5742,5754.65,5742,5746.2,1512,
2024-11-18 09:36:00+05:30,5746.2,5750.1,5734.3,5734.3,1531,
2024-11-18 09:37:00+05:30,5737.5,5737.7,5722.6,5731.6,2088,
2024-11-18 09:38:00+05:30,5731.1,5739.35,5731.1,5734.5,874,
2024-11-18 09:39:00+05:30,5733.15,5735.05,5730.85,5730.85,989,
2024-11-18 09:40:00+05:30,5732.6,5737.15,5730.6,5737.15,1181,
2024-11-18 09:41:00+05:30,5736.5,5742.05,5734.5,5739.25,558,
2024-11-18 09:42:00+05:30,5739.25,5743.5,5733,5733.05,717,
2024-11-18 09:43:00+05:30,5734.95,5734.95,5725,5733.6,935,
2024-11-18 09:44:00+05:30,5732.1,5736.3,5729.55,5729.55,681,
2024-11-18 09:45:00+05:30,5729.55,5743.05,5729.55,5739.15,842,
2024-11-18 09:46:00+05:30,5739.15,5742,5735.25,5737.05,945,
2024-11-18 09:47:00+05:30,5737.05,5756.4,5737.05,5753.9,2222,
2024-11-18 09:48:00+05:30,5753.9,5754.9,5744,5744.3,1362,
2024-11-18 09:49:00+05:30,5749.95,5755,5746.95,5749.8,1132,
2024-11-18 09:50:00+05:30,5749.8,5761.25,5749.05,5756.9,1022,
2024-11-18 09:51:00+05:30,5756.9,5756.9,5748.8,5748.8,1147,
2024-11-18 09:52:00+05:30,5748.8,5749.85,5737.8,5738.15,915,
2024-11-18 09:53:00+05:30,5742.2,5742.2,5731.7,5735.05,973,
2024-11-18 09:54:00+05:30,5735.05,5742.7,5733.35,5737.2,797,
2024-11-18 09:55:00+05:30,5737.4,5745.9,5737.4,5738.95,1309,
2024-11-18 09:56:00+05:30,5738.95,5738.95,5730.55,5737.85,705,
2024-11-18 09:57:00+05:30,5737.85,5738.65,5731.35,5735,652,
2024-11-18 09:58:00+05:30,5735.2,5740.9,5730.2,5735,930,
2024-11-18 09:59:00+05:30,5734.95,5735.35,5728,5730.6,481,
2024-11-18 10:00:00+05:30,5731.35,5738,5728.05,5738,1039,
2024-11-18 10:01:00+05:30,5738,5760.7,5737,5748.8,1215,
2024-11-18 10:02:00+05:30,5753.1,5756.9,5748.05,5752.9,895,
2024-11-18 10:03:00+05:30,5755,5762.55,5755,5760,1951,
2024-11-18 10:04:00+05:30,5763,5764,5755,5755.15,1203,
2024-11-18 10:05:00+05:30,5756.65,5757.75,5748.9,5755.7,1151,
2024-11-18 10:06:00+05:30,5755.7,5760.7,5752.1,5757.85,710,
2024-11-18 10:07:00+05:30,5760,5765,5758.35,5762.7,836,
2024-11-18 10:08:00+05:30,5762.65,5764.8,5756.75,5756.75,628,
2024-11-18 10:09:00+05:30,5756.75,5768.4,5756.75,5764.55,780,
2024-11-18 10:10:00+05:30,5765.15,5767.8,5759.3,5763.2,669,
2024-11-18 10:11:00+05:30,5763.2,5763.45,5756,5763.45,416,
2024-11-18 10:12:00+05:30,5763.45,5764.55,5758.35,5760.1,448,
2024-11-18 10:13:00+05:30,5760.1,5763.85,5759.15,5759.15,329,
2024-11-18 10:14:00+05:30,5757.65,5758.8,5755.65,5757.5,317,
2024-11-18 10:15:00+05:30,5757.6,5759.95,5750.85,5753.55,284,
2024-11-18 10:16:00+05:30,5750.9,5757.75,5750.9,5755.6,509,
2024-11-18 10:17:00+05:30,5755.6,5757.7,5751.25,5753.95,489,
2024-11-18 10:18:00+05:30,5753.95,5754.3,5751.95,5752.85,203,
2024-11-18 10:19:00+05:30,5752.25,5752.25,5745,5752.05,599,
2024-11-18 10:20:00+05:30,5752.05,5752.05,5745.9,5750.9,150,
2024-11-18 10:21:00+05:30,5750.9,5753.8,5743.55,5746.5,595,
2024-11-18 10:22:00+05:30,5746.5,5747.45,5743.2,5744.3,385,
2024-11-18 10:23:00+05:30,5747.05,5750.8,5745.85,5749.85,426,
2024-11-18 10:24:00+05:30,5752,5757.6,5750.25,5750.25,614,
2024-11-18 10:25:00+05:30,5750.25,5750.65,5745.6,5745.6,391,
2024-11-18 10:26:00+05:30,5745.6,5748.2,5740.05,5745.15,444,
2024-11-18 10:27:00+05:30,5745.15,5745.65,5741.9,5741.9,151,
2024-11-18 10:28:00+05:30,5740.2,5746.35,5740.2,5745.85,1335,
2024-11-18 10:29:00+05:30,5745.85,5745.9,5740.2,5742.25,181,
2024-11-18 10:30:00+05:30,5742.25,5744.9,5737.6,5742.55,877,
2024-11-18 10:31:00+05:30,5744.1,5750,5741.45,5750,369,
2024-11-18 10:32:00+05:30,5749.95,5750.45,5744.9,5748.3,618,
2024-11-18 10:33:00+05:30,5748.3,5753.45,5746.15,5747.65,962,
2024-11-18 10:34:00+05:30,5747.65,5747.65,5744.3,5746.9,258,
2024-11-18 10:35:00+05:30,5746.9,5751.45,5741.8,5741.8,521,
2024-11-18 10:36:00+05:30,5741.8,5741.8,5737.3,5740.2,398,
2024-11-18 10:37:00+05:30,5740.2,5740.7,5737.15,5739.05,285,
2024-11-18 10:38:00+05:30,5737.1,5738.7,5735.5,5738.45,213,
2024-11-18 10:39:00+05:30,5738.45,5738.7,5736.3,5736.4,549,
2024-11-18 10:40:00+05:30,5736.4,5740,5733.8,5738.6,494,
2024-11-18 10:41:00+05:30,5738.6,5738.6,5733.05,5737.8,484,
2024-11-18 10:42:00+05:30,5737.8,5740.6,5737.6,5740.6,297,
2024-11-18 10:43:00+05:30,5740.6,5741.2,5737.85,5739.7,254,
2024-11-18 10:44:00+05:30,5739.7,5741.2,5737.15,5738.95,284,
2024-11-18 10:45:00+05:30,5738.95,5745.65,5737.3,5741.5,1806,
2024-11-18 10:46:00+05:30,5741.5,5743.6,5736.45,5739.3,713,
2024-11-18 10:47:00+05:30,5739.3,5739.3,5733,5737.45,312,
2024-11-18 10:48:00+05:30,5737.45,5737.45,5725,5732.2,1313,
2024-11-18 10:49:00+05:30,5732.2,5732.2,5723,5724,775,
2024-11-18 10:50:00+05:30,5726.1,5733.45,5726.1,5731.65,903,
2024-11-18 10:51:00+05:30,5733.8,5733.9,5728.95,5732.5,738,
2024-11-18 10:52:00+05:30,5732.5,5737.4,5728.75,5735.5,686,
2024-11-18 10:53:00+05:30,5737.15,5738.3,5733.05,5738.3,538,
2024-11-18 10:54:00+05:30,5738.3,5738.7,5736.55,5736.7,473,
2024-11-18 10:55:00+05:30,5736.7,5744.95,5736.7,5742.05,265,
2024-11-18 10:56:00+05:30,5742.05,5744,5740.95,5742.75,1333,
2024-11-18 10:57:00+05:30,5742.75,5748.45,5742.65,5746,905,
2024-11-18 10:58:00+05:30,5746,5748.7,5745.4,5747.85,606,
2024-11-18 10:59:00+05:30,5747.85,5755,5744.7,5755,268,
2024-11-18 11:00:00+05:30,5755,5758.5,5755,5755,1382,
2024-11-18 11:01:00+05:30,5755.35,5757.2,5750.35,5753.9,1323,
2024-11-18 11:02:00+05:30,5752.45,5758,5752.45,5758,833,
2024-11-18 11:03:00+05:30,5758,5758.75,5754.25,5758.75,516,
2024-11-18 11:04:00+05:30,5758.75,5765.8,5758.75,5764.1,4104,
2024-11-18 11:05:00+05:30,5764.1,5764.1,5757.25,5759.9,862,
2024-11-18 11:06:00+05:30,5759.9,5765,5759.9,5764.85,625,
2024-11-18 11:07:00+05:30,5764.85,5773.45,5762.35,5763.8,3328,
2024-11-18 11:08:00+05:30,5763.8,5767.2,5760.7,5765.45,1147,
2024-11-18 11:09:00+05:30,5765.45,5767,5760.1,5765.1,934,
2024-11-18 11:10:00+05:30,5765.1,5766.95,5759.95,5763.6,1222,
2024-11-18 11:11:00+05:30,5763.6,5764.35,5759.15,5761,918,
2024-11-18 11:12:00+05:30,5761,5769.55,5761,5769.55,632,
2024-11-18 11:13:00+05:30,5769.55,5775.3,5767.85,5775,1546,
2024-11-18 11:14:00+05:30,5775,5781.2,5775,5779.65,1070,
2024-11-18 11:15:00+05:30,5779.65,5781.5,5773.65,5774,1106,
2024-11-18 11:16:00+05:30,5774,5774.15,5772.8,5774.15,311,
2024-11-18 11:17:00+05:30,5774,5780,5774,5774.65,1185,
2024-11-18 11:18:00+05:30,5774.65,5777.5,5774.65,5776.7,728,
2024-11-18 11:19:00+05:30,5777,5777,5774.05,5774.85,491,
2024-11-18 11:20:00+05:30,5774.85,5775.25,5771.2,5774.75,593,
2024-11-18 11:21:00+05:30,5774.75,5774.75,5766.45,5768.25,694,
2024-11-18 11:22:00+05:30,5768.25,5769.6,5766.9,5768.5,272,
2024-11-18 11:23:00+05:30,5768.5,5768.9,5764.7,5765.05,435,
2024-11-18 11:24:00+05:30,5765.05,5768.35,5765,5767.45,343,
2024-11-18 11:25:00+05:30,5767.45,5771.85,5766,5771.85,832,
2024-11-18 11:26:00+05:30,5772.3,5773.65,5762.05,5765.5,788,
2024-11-18 11:27:00+05:30,5767.05,5769.15,5762,5767.9,360,
2024-11-18 11:28:00+05:30,5767.9,5774.7,5766.45,5771.65,334,
2024-11-18 11:29:00+05:30,5774.7,5774.7,5769.35,5769.35,286,
2024-11-18 11:30:00+05:30,5770.05,5770.2,5760.4,5760.8,360,
2024-11-18 11:31:00+05:30,5760.8,5763.95,5757.3,5760.9,509,
2024-11-18 11:32:00+05:30,5760.9,5760.9,5758,5759.55,367,
2024-11-18 11:33:00+05:30,5758.35,5759.4,5754,5754,830,
2024-11-18 11:34:00+05:30,5754,5756.75,5753,5753.25,1049,
2024-11-18 11:35:00+05:30,5753.25,5757.5,5753.25,5757.15,292,
2024-11-18 11:36:00+05:30,5757.15,5757.15,5752.15,5754,555,
2024-11-18 11:37:00+05:30,5753.95,5756.8,5751.65,5755.9,502,
2024-11-18 11:38:00+05:30,5755.9,5760.3,5755.8,5755.8,595,
2024-11-18 11:39:00+05:30,5756.9,5757.65,5755,5756.4,309,
2024-11-18 11:40:00+05:30,5756.4,5759.55,5756.4,5759.3,431,
2024-11-18 11:41:00+05:30,5759.35,5759.35,5756.2,5758.85,230,
2024-11-18 11:42:00+05:30,5758.9,5766.65,5757.35,5765.1,439,
2024-11-18 11:43:00+05:30,5765.1,5770.95,5765.1,5770.95,483,
2024-11-18 11:44:00+05:30,5770.95,5772.5,5768.05,5771.45,448,
2024-11-18 11:45:00+05:30,5771.5,5777,5769.35,5777,430,
2024-11-18 11:46:00+05:30,5777,5787.5,5777,5784.45,2649,
2024-11-18 11:47:00+05:30,5784.9,5786.9,5784.75,5786.15,202,
2024-11-18 11:48:00+05:30,5786.15,5786.15,5778.55,5781.7,680,
2024-11-18 11:49:00+05:30,5781.7,5786.85,5781.3,5785.65,283,
2024-11-18 11:50:00+05:30,5785.65,5786.9,5783,5783,787,
2024-11-18 11:51:00+05:30,5783.95,5784,5779.55,5784,684,
2024-11-18 11:52:00+05:30,5784,5786.85,5783.95,5785.65,321,
2024-11-18 11:53:00+05:30,5786.85,5788.55,5782.75,5785.1,674,
2024-11-18 11:54:00+05:30,5785.1,5787.3,5785.1,5787.25,416,
2024-11-18 11:55:00+05:30,5787.3,5788,5782.85,5786.9,949,
2024-11-18 11:56:00+05:30,5786.9,5786.9,5785.65,5786.8,524,
2024-11-18 11:57:00+05:30,5786.8,5788.4,5786.3,5786.3,556,
2024-11-18 11:58:00+05:30,5786.3,5787.35,5780.9,5786.55,642,
2024-11-18 11:59:00+05:30,5786.45,5791.4,5784.6,5789.5,623,
2024-11-18 12:00:00+05:30,5791.4,5795,5790.25,5791.5,782,
2024-11-18 12:01:00+05:30,5791.35,5791.7,5790,5790,517,
2024-11-18 12:02:00+05:30,5790,5793.9,5790,5793.2,429,
2024-11-18 12:03:00+05:30,5793.2,5795,5789.55,5795,798,
2024-11-18 12:04:00+05:30,5795,5796.8,5789.7,5792.3,1108,
2024-11-18 12:05:00+05:30,5792.3,5796.3,5789.85,5792.25,662,
2024-11-18 12:06:00+05:30,5792.25,5796.3,5790.05,5794.75,792,
2024-11-18 12:07:00+05:30,5794.75,5797.5,5792.9,5797.5,429,
2024-11-18 12:08:00+05:30,5797.5,5798,5791.25,5795.55,1404,
2024-11-18 12:09:00+05:30,5795.55,5796.95,5793,5796.95,337,
2024-11-18 12:10:00+05:30,5796.95,5796.95,5792.3,5793.6,479,
2024-11-18 12:11:00+05:30,5793.6,5796.3,5793.45,5794.4,541,
2024-11-18 12:12:00+05:30,5794.4,5795.6,5791.95,5795.6,1343,
2024-11-18 12:13:00+05:30,5796.7,5797.55,5795.95,5797.55,514,
2024-11-18 12:14:00+05:30,5797.55,5797.75,5790.95,5792.75,619,
2024-11-18 12:15:00+05:30,5792.7,5792.7,5791.05,5792.4,415,
2024-11-18 12:16:00+05:30,5792.4,5792.4,5789.85,5791.1,179,
2024-11-18 12:17:00+05:30,5791.1,5796.95,5791.1,5796.65,531,
2024-11-18 12:18:00+05:30,5795,5797.85,5795,5796.4,362,
2024-11-18 12:19:00+05:30,5795,5795.75,5790.6,5793.45,909,
2024-11-18 12:20:00+05:30,5793.45,5793.45,5788.05,5791.3,374,
2024-11-18 12:21:00+05:30,5791.3,5791.3,5785.25,5790.35,561,
2024-11-18 12:22:00+05:30,5790.35,5795,5782.8,5795,1222,
2024-11-18 12:23:00+05:30,5796.95,5797,5794.8,5796.5,407,
2024-11-18 12:24:00+05:30,5796.5,5798.5,5792.9,5795.55,643,
2024-11-18 12:25:00+05:30,5795.55,5798.5,5790.9,5798.5,380,
2024-11-18 12:26:00+05:30,5798.5,5799,5794.8,5799,449,
2024-11-18 12:27:00+05:30,5799,5807.9,5799,5807.75,2040,
2024-11-18 12:28:00+05:30,5807.75,5813.9,5805.65,5805.95,2644,
2024-11-18 12:29:00+05:30,5805.95,5807.5,5798.3,5801.1,983,
2024-11-18 12:30:00+05:30,5799.2,5810,5799.2,5810,456,
2024-11-18 12:31:00+05:30,5810,5810.05,5800,5800,912,
2024-11-18 12:32:00+05:30,5801.05,5804.9,5800.8,5800.8,330,
2024-11-18 12:33:00+05:30,5802,5803.8,5797.55,5802.45,996,
2024-11-18 12:34:00+05:30,5802.45,5805.05,5800,5803.8,436,
2024-11-18 12:35:00+05:30,5805,5805,5800.6,5802.15,420,
2024-11-18 12:36:00+05:30,5802.15,5802.15,5798.2,5801.4,319,
2024-11-18 12:37:00+05:30,5804,5804,5798,5800,241,
2024-11-18 12:38:00+05:30,5800,5803.8,5799.45,5803.8,1267,
2024-11-18 12:39:00+05:30,5803.8,5803.8,5797.05,5800.25,507,
2024-11-18 12:40:00+05:30,5800.25,5802.15,5800,5800.65,89,
2024-11-18 12:41:00+05:30,5800.65,5802.8,5798.3,5802.8,624,
2024-11-18 12:42:00+05:30,5802.75,5803.2,5799.75,5803.2,427,
2024-11-18 12:43:00+05:30,5803.2,5803.2,5797.15,5801.3,255,
2024-11-18 12:44:00+05:30,5801.3,5801.3,5798,5799.5,316,
2024-11-18 12:45:00+05:30,5799.5,5802.1,5794.5,5802.1,728,
2024-11-18 12:46:00+05:30,5802.1,5804.8,5798.6,5800.85,879,
2024-11-18 12:47:00+05:30,5800.45,5802.6,5798.75,5802.6,524,
2024-11-18 12:48:00+05:30,5802.6,5802.6,5798.55,5800.55,221,
2024-11-18 12:49:00+05:30,5800.55,5805,5800.05,5803.3,501,
2024-11-18 12:50:00+05:30,5803.3,5805.6,5800,5800,960,
2024-11-18 12:51:00+05:30,5800,5801.1,5796.75,5799.9,1073,
2024-11-18 12:52:00+05:30,5799.9,5801.2,5796.8,5801.15,422,
2024-11-18 12:53:00+05:30,5800,5801.2,5799.05,5800.2,407,
2024-11-18 12:54:00+05:30,5800,5800.6,5797.75,5800,403,
2024-11-18 12:55:00+05:30,5800,5800.05,5795.85,5799.5,556,
2024-11-18 12:56:00+05:30,5799.5,5801.25,5796.9,5797.3,304,
2024-11-18 12:57:00+05:30,5797.3,5799.3,5797.3,5799.3,270,
2024-11-18 12:58:00+05:30,5799.3,5799.3,5795.7,5797.7,392,
2024-11-18 12:59:00+05:30,5797.7,5797.7,5791.4,5791.4,449,
2024-11-18 13:00:00+05:30,5792.75,5797.6,5791.4,5796.5,1173,
2024-11-18 13:01:00+05:30,5796.5,5796.7,5787.3,5794.1,688,
2024-11-18 13:02:00+05:30,5794.1,5800,5792.8,5800,1049,
2024-11-18 13:03:00+05:30,5799.75,5800.35,5798.7,5799.3,302,
2024-11-18 13:04:00+05:30,5799.3,5800.95,5796.3,5799.45,611,
2024-11-18 13:05:00+05:30,5799.45,5800.3,5795.15,5799.7,414,
2024-11-18 13:06:00+05:30,5799.7,5800.2,5794.8,5798.45,268,
2024-11-18 13:07:00+05:30,5798.45,5798.45,5791.7,5795.2,627,
2024-11-18 13:08:00+05:30,5795.2,5797.3,5795.1,5797.1,155,
2024-11-18 13:09:00+05:30,5797.1,5797.1,5794.95,5796.7,92,
2024-11-18 13:10:00+05:30,5796.7,5796.7,5786.35,5794.15,812,
2024-11-18 13:11:00+05:30,5794,5794.15,5791.55,5792.65,359,
2024-11-18 13:12:00+05:30,5792.65,5792.8,5787.5,5790,625,
2024-11-18 13:13:00+05:30,5790.05,5794.05,5790.05,5793.15,288,
2024-11-18 13:14:00+05:30,5793.15,5794.05,5791.8,5794.05,154,
2024-11-18 13:15:00+05:30,5794.05,5797.75,5792.45,5796.35,1791,
2024-11-18 13:16:00+05:30,5797.55,5803.95,5795.65,5803.95,1945,
2024-11-18 13:17:00+05:30,5803.95,5803.95,5800.05,5801.75,1184,
2024-11-18 13:18:00+05:30,5800.05,5804.9,5800.05,5804.9,988,
2024-11-18 13:19:00+05:30,5804.9,5806,5801,5803.5,2674,
2024-11-18 13:20:00+05:30,5804.85,5807.95,5804.85,5807.95,916,
2024-11-18 13:21:00+05:30,5810,5810,5804.55,5806.3,1719,
2024-11-18 13:22:00+05:30,5805.75,5814,5805.75,5812.6,1530,
2024-11-18 13:23:00+05:30,5813.3,5813.3,5803.5,5806.05,1988,
2024-11-18 13:24:00+05:30,5806.05,5807.05,5800,5805.45,1678,
2024-11-18 13:25:00+05:30,5805.45,5805.8,5804.85,5805.05,823,
2024-11-18 13:26:00+05:30,5805.05,5807.3,5805.05,5807.25,902,
2024-11-18 13:27:00+05:30,5807.25,5810.75,5806.05,5810.2,830,
2024-11-18 13:28:00+05:30,5810.2,5814.05,5809.6,5810.95,1889,
2024-11-18 13:29:00+05:30,5810.95,5810.95,5792.3,5792.3,1011,
2024-11-18 13:30:00+05:30,5792.3,5796.4,5791.2,5792.15,660,
2024-11-18 13:31:00+05:30,5792.15,5795.7,5789.25,5795.65,1105,
2024-11-18 13:32:00+05:30,5795.65,5796.55,5791,5794.3,397,
2024-11-18 13:33:00+05:30,5794.3,5794.3,5773.8,5783.2,3962,
2024-11-18 13:34:00+05:30,5783.5,5786.9,5782,5786.9,1205,
2024-11-18 13:35:00+05:30,5786.9,5788.55,5782,5787.5,734,
2024-11-18 13:36:00+05:30,5787.5,5787.5,5783.3,5783.9,279,
2024-11-18 13:37:00+05:30,5784.3,5786.7,5779.9,5786.7,1071,
2024-11-18 13:38:00+05:30,5786.7,5791.9,5786.2,5790.5,429,
2024-11-18 13:39:00+05:30,5792.5,5797.3,5792.15,5796.8,1332,
2024-11-18 13:40:00+05:30,5796.8,5796.8,5786.05,5791.8,784,
2024-11-18 13:41:00+05:30,5791.8,5791.8,5788.8,5789.15,334,
2024-11-18 13:42:00+05:30,5789.65,5789.8,5787.05,5788.75,474,
2024-11-18 13:43:00+05:30,5788.75,5792,5786.05,5788,1070,
2024-11-18 13:44:00+05:30,5788,5788.15,5787.3,5788.15,985,
2024-11-18 13:45:00+05:30,5788.15,5789.05,5788.15,5788.65,453,
2024-11-18 13:46:00+05:30,5788.65,5795,5788.5,5793.6,638,
2024-11-18 13:47:00+05:30,5794.7,5794.7,5790.6,5792.15,371,
2024-11-18 13:48:00+05:30,5792.25,5794.45,5792.25,5792.3,495,
2024-11-18 13:49:00+05:30,5793.25,5793.7,5792.3,5793.6,324,
2024-11-18 13:50:00+05:30,5794,5798.8,5793.6,5798,385,
2024-11-18 13:51:00+05:30,5798,5799.15,5794.2,5797.9,922,
2024-11-18 13:52:00+05:30,5797.9,5800.3,5797.9,5799.95,364,
2024-11-18 13:53:00+05:30,5799.95,5799.95,5795,5797.3,533,
2024-11-18 13:54:00+05:30,5797.3,5799.65,5796.35,5799.6,667,
2024-11-18 13:55:00+05:30,5798.45,5802.2,5797,5802.2,827,
2024-11-18 13:56:00+05:30,5802.2,5803,5798.6,5802.6,501,
2024-11-18 13:57:00+05:30,5800.95,5802.6,5800,5801.7,302,
2024-11-18 13:58:00+05:30,5800.8,5801.65,5799.7,5800.15,1179,
2024-11-18 13:59:00+05:30,5800.15,5800.2,5796.05,5800.2,1236,
2024-11-18 14:00:00+05:30,5800.15,5801.7,5795.75,5798.7,1588,
2024-11-18 14:01:00+05:30,5799.2,5801.55,5798.7,5800.2,448,
2024-11-18 14:02:00+05:30,5800.35,5801.3,5794.2,5801.25,848,
2024-11-18 14:03:00+05:30,5801.25,5801.25,5800.8,5801.2,202,
2024-11-18 14:04:00+05:30,5801.2,5801.25,5797.8,5797.8,1221,
2024-11-18 14:05:00+05:30,5797.8,5800.45,5797.3,5797.4,967,
2024-11-18 14:06:00+05:30,5797.4,5797.85,5792.05,5796.15,1310,
2024-11-18 14:07:00+05:30,5796.15,5798.25,5793.6,5794.2,1009,
2024-11-18 14:08:00+05:30,5794.9,5795.55,5787.7,5790.6,3956,
2024-11-18 14:09:00+05:30,5790.6,5798,5790.6,5798,885,
2024-11-18 14:10:00+05:30,5796.45,5798.05,5788.55,5792.05,1254,
2024-11-18 14:11:00+05:30,5792.05,5792.3,5788.5,5790.65,651,
2024-11-18 14:12:00+05:30,5788.8,5791.85,5786.9,5790.45,1791,
2024-11-18 14:13:00+05:30,5790.45,5790.45,5781.7,5784.95,1037,
2024-11-18 14:14:00+05:30,5784.95,5785.2,5782.05,5784,805,
2024-11-18 14:15:00+05:30,5784,5784.4,5781.45,5783.4,820,
2024-11-18 14:16:00+05:30,5783.4,5783.4,5780,5781.5,1438,
2024-11-18 14:17:00+05:30,5781.5,5782.05,5777.95,5781.5,1136,
2024-11-18 14:18:00+05:30,5781.5,5782.7,5780.55,5781.7,846,
2024-11-18 14:19:00+05:30,5781.75,5783.25,5772.4,5782.3,1434,
2024-11-18 14:20:00+05:30,5782.3,5784.05,5781.3,5781.6,955,
2024-11-18 14:21:00+05:30,5778.9,5781.45,5777.05,5779.6,733,
2024-11-18 14:22:00+05:30,5779.65,5779.7,5775.7,5778.95,641,
2024-11-18 14:23:00+05:30,5778.9,5779,5776.85,5778.05,808,
2024-11-18 14:24:00+05:30,5777.8,5778.05,5771.45,5776.2,725,
2024-11-18 14:25:00+05:30,5776.7,5779,5771.25,5777.65,1380,
2024-11-18 14:26:00+05:30,5777.65,5780.25,5773.55,5777.5,1505,
2024-11-18 14:27:00+05:30,5777.5,5778.15,5773.3,5775.95,671,
2024-11-18 14:28:00+05:30,5775.95,5776,5771.6,5772.85,588,
2024-11-18 14:29:00+05:30,5772.85,5772.9,5765.1,5766.7,1158,
2024-11-18 14:30:00+05:30,5767.75,5774.55,5765.15,5773,1645,
2024-11-18 14:31:00+05:30,5772.95,5775.9,5770,5770.3,957,
2024-11-18 14:32:00+05:30,5770,5771.9,5770,5770.25,646,
2024-11-18 14:33:00+05:30,5771.65,5775,5768.8,5769.65,939,
2024-11-18 14:34:00+05:30,5768.25,5773.75,5766.8,5771.9,731,
2024-11-18 14:35:00+05:30,5775,5775.1,5771.25,5775.05,825,
2024-11-18 14:36:00+05:30,5773,5774.65,5770.45,5773.55,692,
2024-11-18 14:37:00+05:30,5773.55,5777.65,5770.5,5777.65,985,
2024-11-18 14:38:00+05:30,5778.05,5778.05,5771.25,5771.35,849,
2024-11-18 14:39:00+05:30,5770.3,5770.75,5766.1,5767.75,795,
2024-11-18 14:40:00+05:30,5768.95,5769.4,5762.8,5765.9,1582,
2024-11-18 14:41:00+05:30,5765.9,5768.7,5762.1,5766.5,1031,
2024-11-18 14:42:00+05:30,5766.5,5771.7,5762,5767.55,872,
2024-11-18 14:43:00+05:30,5767.6,5773.65,5766.45,5773.65,837,
2024-11-18 14:44:00+05:30,5774,5774.1,5770,5771.45,897,
2024-11-18 14:45:00+05:30,5773.55,5775.8,5770,5775.05,1192,
2024-11-18 14:46:00+05:30,5775.05,5781.95,5772.9,5781.75,987,
2024-11-18 14:47:00+05:30,5781.75,5789.3,5780.05,5782.3,1276,
2024-11-18 14:48:00+05:30,5782.3,5791.7,5780.75,5787.1,1638,
2024-11-18 14:49:00+05:30,5789.05,5792.85,5786.7,5788.55,1237,
2024-11-18 14:50:00+05:30,5788.55,5789.3,5783.5,5786.7,1050,
2024-11-18 14:51:00+05:30,5786.7,5787,5781,5784.9,1123,
2024-11-18 14:52:00+05:30,5785.2,5785.35,5777,5777,797,
2024-11-18 14:53:00+05:30,5778.4,5785.05,5776.9,5783.5,1205,
2024-11-18 14:54:00+05:30,5784.4,5788.45,5780.35,5784.35,1298,
2024-11-18 14:55:00+05:30,5784.35,5786.75,5780.15,5783.1,619,
2024-11-18 14:56:00+05:30,5784.6,5784.9,5775.05,5776.95,2502,
2024-11-18 14:57:00+05:30,5777.45,5777.75,5772.1,5775.95,603,
2024-11-18 14:58:00+05:30,5775.95,5781.6,5774.8,5779.25,661,
2024-11-18 14:59:00+05:30,5779.25,5779.3,5773.55,5777.95,802,
2024-11-18 15:00:00+05:30,5777.95,5777.95,5767.8,5774.25,3450,
2024-11-18 15:01:00+05:30,5774.25,5776.6,5769.3,5772.85,1573,
2024-11-18 15:02:00+05:30,5772.3,5772.95,5766,5766,1702,
2024-11-18 15:03:00+05:30,5766,5770.6,5765.35,5768.65,1603,
2024-11-18 15:04:00+05:30,5767.85,5769.3,5767.85,5769.05,1129,
2024-11-18 15:05:00+05:30,5769.3,5769.95,5762,5765.25,3515,
2024-11-18 15:06:00+05:30,5765.25,5770.25,5765.25,5767.1,3539,
2024-11-18 15:07:00+05:30,5767.1,5771.1,5766.45,5769.1,1968,
2024-11-18 15:08:00+05:30,5769.1,5769.1,5765,5765.3,1955,
2024-11-18 15:09:00+05:30,5765.3,5770.35,5765,5766.5,2472,
2024-11-18 15:10:00+05:30,5766.2,5767.3,5765,5767.3,2062,
2024-11-18 15:11:00+05:30,5767.3,5767.3,5765,5765.8,1569,
2024-11-18 15:12:00+05:30,5765.8,5767.05,5765.25,5766.6,1932,
2024-11-18 15:13:00+05:30,5766.8,5770.55,5766.05,5768.85,1778,
2024-11-18 15:14:00+05:30,5768.55,5769.7,5767.9,5768,2121,
2024-11-18 15:15:00+05:30,5768.3,5768.4,5763.05,5763.05,3098,
2024-11-18 15:16:00+05:30,5763.05,5767.6,5763.05,5767.6,2342,
2024-11-18 15:17:00+05:30,5767.6,5768.05,5765.7,5767.5,1444,
2024-11-18 15:18:00+05:30,5767,5768,5765,5766.8,2686,
2024-11-18 15:19:00+05:30,5767.6,5769.15,5766.1,5766.8,2994,
2024-11-18 15:20:00+05:30,5766.8,5769.65,5764.4,5766.35,2061,
2024-11-18 15:21:00+05:30,5766.35,5767.5,5764.35,5765.45,2293,
2024-11-18 15:22:00+05:30,5766.35,5767.15,5761.8,5761.8,1637,
2024-11-18 15:23:00+05:30,5761.8,5763.55,5760,5760.2,1738,
2024-11-18 15:24:00+05:30,5760.25,5760.35,5760,5760.35,1703,
2024-11-18 15:25:00+05:30,5760.35,5760.55,5755.4,5755.4,1667,
2024-11-18 15:26:00+05:30,5755.15,5764.55,5753,5757.8,2317,
2024-11-18 15:27:00+05:30,5761.85,5769.3,5758.8,5769.05,1399,
2024-11-18 15:28:00+05:30,5764.8,5779.45,5764.8,5779.45,2497,
2024-11-18 15:29:00+05:30,5776.85,5777.95,5751,5755.25,482,
2024-11-19 09:15:00+05:30,5769.85,5813.45,5769.85,5809.05,3427,
2024-11-19 09:16:00+05:30,5808.95,5825.05,5801.65,5824.9,2699,
2024-11-19 09:17:00+05:30,5825,5828.2,5816,5820,4132,
2024-11-19 09:18:00+05:30,5820,5823.35,5818.85,5821.8,1653,
2024-11-19 09:19:00+05:30,5819.5,5825,5818.7,5822,2275,
2024-11-19 09:20:00+05:30,5821.95,5821.95,5811.15,5817.55,1703,
2024-11-19 09:21:00+05:30,5818.05,5821.95,5815.45,5819.7,1833,
2024-11-19 09:22:00+05:30,5822.5,5830.1,5821.15,5824,2410,
2024-11-19 09:23:00+05:30,5819.65,5829.9,5814.8,5828.45,1582,
2024-11-19 09:24:00+05:30,5828.65,5831.55,5822.75,5831.55,956,
2024-11-19 09:25:00+05:30,5831.55,5835,5827.55,5830,2553,
2024-11-19 09:26:00+05:30,5830.8,5835,5826.35,5835,1007,
2024-11-19 09:27:00+05:30,5833.2,5840.25,5830,5838.25,1614,
2024-11-19 09:28:00+05:30,5838.2,5855,5836.05,5852.3,1788,
2024-11-19 09:29:00+05:30,5852.3,5855.75,5848.6,5855,1737,
2024-11-19 09:30:00+05:30,5855.2,5858,5848.6,5854.95,1342,
2024-11-19 09:31:00+05:30,5853.7,5863.7,5853.7,5857.35,2863,
2024-11-19 09:32:00+05:30,5858.8,5864.1,5857.35,5861.5,1359,
2024-11-19 09:33:00+05:30,5858.2,5865,5857,5865,1788,
2024-11-19 09:34:00+05:30,5860.5,5861,5854.2,5858.7,1204,
2024-11-19 09:35:00+05:30,5859.15,5869.6,5859.15,5869.1,1063,
2024-11-19 09:36:00+05:30,5869.1,5870,5857.55,5864.95,2352,
2024-11-19 09:37:00+05:30,5865,5869.95,5863.7,5865.85,912,
2024-11-19 09:38:00+05:30,5865.85,5867.2,5860.2,5864.6,746,
2024-11-19 09:39:00+05:30,5863.7,5870,5862,5862,868,
2024-11-19 09:40:00+05:30,5864.95,5864.95,5853.65,5864.4,2867,
2024-11-19 09:41:00+05:30,5864.4,5865.75,5854.95,5857.75,1626,
2024-11-19 09:42:00+05:30,5857.75,5860,5851.55,5854.75,1331,
2024-11-19 09:43:00+05:30,5854.75,5859.35,5850.65,5856.85,2209,
2024-11-19 09:44:00+05:30,5856.85,5863.15,5856.85,5862.25,654,
2024-11-19 09:45:00+05:30,5862.25,5867,5859.8,5867,1736,
2024-11-19 09:46:00+05:30,5867,5867,5860.35,5864.45,963,
2024-11-19 09:47:00+05:30,5862.25,5865.1,5857.55,5860.45,2248,
2024-11-19 09:48:00+05:30,5860.45,5862.3,5853.85,5858.95,1235,
2024-11-19 09:49:00+05:30,5855.3,5858.5,5855.25,5855.75,707,
2024-11-19 09:50:00+05:30,5855.75,5860.3,5855.25,5860.3,658,
2024-11-19 09:51:00+05:30,5860.3,5861.6,5850,5853.45,1446,
2024-11-19 09:52:00+05:30,5853.75,5857.15,5852.9,5857.15,523,
2024-11-19 09:53:00+05:30,5857.15,5860,5857.15,5860,371,
2024-11-19 09:54:00+05:30,5860,5863.25,5859.8,5859.8,944,
2024-11-19 09:55:00+05:30,5862,5862,5856.1,5856.15,2144,
2024-11-19 09:56:00+05:30,5856.15,5857.9,5852.35,5854.5,651,
2024-11-19 09:57:00+05:30,5854.5,5858.15,5854.35,5856.25,579,
2024-11-19 09:58:00+05:30,5858.7,5862,5855,5855,986,
2024-11-19 09:59:00+05:30,5857.15,5860,5854.85,5857.45,350,
2024-11-19 10:00:00+05:30,5857.45,5862.95,5857.45,5862.7,489,
2024-11-19 10:01:00+05:30,5861.65,5861.65,5858,5859,925,
2024-11-19 10:02:00+05:30,5860.25,5860.25,5855.3,5859.4,497,
2024-11-19 10:03:00+05:30,5859.4,5860.25,5857.15,5859.85,557,
2024-11-19 10:04:00+05:30,5859.85,5862,5857.9,5860.2,574,
2024-11-19 10:05:00+05:30,5861.75,5868.1,5860.2,5865.55,1367,
2024-11-19 10:06:00+05:30,5865.55,5865.55,5855.55,5863.05,2036,
2024-11-19 10:07:00+05:30,5863.05,5863.05,5858.65,5858.65,261,
2024-11-19 10:08:00+05:30,5858.65,5867.35,5858.65,5865.65,432,
2024-11-19 10:09:00+05:30,5866,5869.6,5862.85,5862.85,577,
2024-11-19 10:10:00+05:30,5866.75,5873.95,5865.35,5870.75,808,
2024-11-19 10:11:00+05:30,5875,5878.05,5868.45,5869.3,1612,
2024-11-19 10:12:00+05:30,5869.3,5874.95,5869.3,5870,610,
2024-11-19 10:13:00+05:30,5870,5870,5862.05,5868.95,1299,
2024-11-19 10:14:00+05:30,5866.8,5868.95,5865.35,5867.85,477,
2024-11-19 10:15:00+05:30,5868,5870,5866.1,5868.85,982,
2024-11-19 10:16:00+05:30,5870.45,5874.15,5870.45,5874.15,316,
2024-11-19 10:17:00+05:30,5874.15,5875,5868.2,5871.1,2450,
2024-11-19 10:18:00+05:30,5869.65,5869.85,5861.55,5862.05,1656,
2024-11-19 10:19:00+05:30,5862.05,5864.15,5856.25,5857.1,1009,
2024-11-19 10:20:00+05:30,5857.1,5861.6,5856.65,5857.85,598,
2024-11-19 10:21:00+05:30,5856.1,5856.95,5843.4,5845.95,2115,
2024-11-19 10:22:00+05:30,5845.95,5851.65,5845.95,5846.85,904,
2024-11-19 10:23:00+05:30,5846.85,5849.05,5845.15,5847.95,309,
2024-11-19 10:24:00+05:30,5847.55,5849.75,5845.5,5849.7,688,
2024-11-19 10:25:00+05:30,5849.7,5857.1,5849.7,5850.85,581,
2024-11-19 10:26:00+05:30,5850.85,5854.3,5850.85,5852.05,235,
2024-11-19 10:27:00+05:30,5852.05,5859,5851.55,5855.9,794,
2024-11-19 10:28:00+05:30,5857.05,5861.65,5855.1,5861.65,381,
2024-11-19 10:29:00+05:30,5861.65,5863.6,5857.5,5861.1,1966,
2024-11-19 10:30:00+05:30,5859.75,5862.95,5858.7,5858.7,865,
2024-11-19 10:31:00+05:30,5858.7,5859.35,5856.8,5857.35,313,
2024-11-19 10:32:00+05:30,5858.25,5858.25,5857.1,5858.1,221,
2024-11-19 10:33:00+05:30,5858.1,5859.8,5858.1,5859.8,99,
2024-11-19 10:34:00+05:30,5859.8,5860.95,5859.8,5860.95,206,
2024-11-19 10:35:00+05:30,5860.95,5864.15,5860.75,5863,169,
2024-11-19 10:36:00+05:30,5863,5868.7,5862.2,5865.5,768,
2024-11-19 10:37:00+05:30,5865.5,5866.5,5862.95,5864.55,389,
2024-11-19 10:38:00+05:30,5864.6,5867.9,5863.95,5865.05,822,
2024-11-19 10:39:00+05:30,5865.05,5865.75,5863.7,5863.85,400,
2024-11-19 10:40:00+05:30,5863.85,5864.2,5862.2,5863,464,
2024-11-19 10:41:00+05:30,5864.2,5864.2,5863.05,5864,104,
2024-11-19 10:42:00+05:30,5864,5864,5859.65,5863.75,393,
2024-11-19 10:43:00+05:30,5863.75,5863.75,5859.2,5859.55,643,
2024-11-19 10:44:00+05:30,5859.55,5860.2,5858,5858.8,278,
2024-11-19 10:45:00+05:30,5858.8,5860.2,5856.2,5856.25,593,
2024-11-19 10:46:00+05:30,5856.25,5858.95,5849.85,5852.6,975,
2024-11-19 10:47:00+05:30,5852.6,5855.95,5851.05,5855.95,113,
2024-11-19 10:48:00+05:30,5853.95,5855.95,5848.6,5848.6,485,
2024-11-19 10:49:00+05:30,5848.6,5849,5845,5849,503,
2024-11-19 10:50:00+05:30,5849,5853.85,5849,5850.8,464,
2024-11-19 10:51:00+05:30,5850.8,5854.75,5850.8,5852.3,417,
2024-11-19 10:52:00+05:30,5852.3,5854,5848.3,5849.7,478,
2024-11-19 10:53:00+05:30,5849.7,5853.85,5849.7,5852.15,187,
2024-11-19 10:54:00+05:30,5854,5858.35,5852.05,5856.95,588,
2024-11-19 10:55:00+05:30,5856.95,5863.35,5856.95,5863.35,561,
2024-11-19 10:56:00+05:30,5863.35,5863.35,5860.15,5862.4,194,
2024-11-19 10:57:00+05:30,5862.4,5862.4,5860.5,5860.85,67,
2024-11-19 10:58:00+05:30,5860.85,5864.85,5860.85,5864.85,248,
2024-11-19 10:59:00+05:30,5864.85,5865.15,5864.1,5865.15,69,
2024-11-19 11:00:00+05:30,5865.15,5873.9,5865.15,5872.7,752,
2024-11-19 11:01:00+05:30,5872.7,5876,5870.9,5875.6,640,
2024-11-19 11:02:00+05:30,5875.6,5877.05,5870.05,5871.45,754,
2024-11-19 11:03:00+05:30,5871.45,5875,5871.15,5875,326,
2024-11-19 11:04:00+05:30,5875,5877.1,5875,5877.1,320,
2024-11-19 11:05:00+05:30,5876.35,5877.25,5875.55,5877.25,265,
2024-11-19 11:06:00+05:30,5877.25,5883.3,5877.25,5881.6,1922,
2024-11-19 11:07:00+05:30,5881.6,5888.7,5878.85,5882.05,1720,
2024-11-19 11:08:00+05:30,5882.05,5889,5882.05,5885.85,669,
2024-11-19 11:09:00+05:30,5885.85,5886.05,5882.25,5885.1,209,
2024-11-19 11:10:00+05:30,5885.1,5885.2,5882.65,5884.25,655,
2024-11-19 11:11:00+05:30,5884.15,5884.15,5878.95,5879.6,593,
2024-11-19 11:12:00+05:30,5879.85,5882.3,5879.85,5882.3,263,
2024-11-19 11:13:00+05:30,5882.3,5882.8,5880.85,5880.85,384,
2024-11-19 11:14:00+05:30,5881.2,5882.05,5881.1,5882.05,299,
2024-11-19 11:15:00+05:30,5882.05,5882.4,5881.65,5882,257,
2024-11-19 11:16:00+05:30,5882.05,5883.55,5880.25,5882.75,396,
2024-11-19 11:17:00+05:30,5882.75,5883.55,5878.3,5882.8,533,
2024-11-19 11:18:00+05:30,5882.8,5882.9,5879.8,5882.55,686,
2024-11-19 11:19:00+05:30,5882.55,5882.55,5879.15,5881.1,527,
2024-11-19 11:20:00+05:30,5881.1,5882.35,5880.05,5880.25,211,
2024-11-19 11:21:00+05:30,5880.25,5881.95,5880.2,5881.8,143,
2024-11-19 11:22:00+05:30,5881.8,5881.8,5869.45,5878.7,3202,
2024-11-19 11:23:00+05:30,5879.55,5887.65,5878.4,5887.65,554,
2024-11-19 11:24:00+05:30,5885.6,5888.1,5885.6,5888,316,
2024-11-19 11:25:00+05:30,5888,5889.4,5886.55,5886.55,349,
2024-11-19 11:26:00+05:30,5886.55,5887.2,5885,5885.3,410,
2024-11-19 11:27:00+05:30,5885.3,5888,5885.1,5887.35,619,
2024-11-19 11:28:00+05:30,5887.35,5887.35,5880.3,5880.3,771,
2024-11-19 11:29:00+05:30,5880.3,5882.35,5879.95,5879.95,633,
2024-11-19 11:30:00+05:30,5881,5881,5879.4,5880.95,94,
2024-11-19 11:31:00+05:30,5880.95,5885.9,5880.95,5885.85,510,
2024-11-19 11:32:00+05:30,5885.55,5885.8,5881.8,5885.3,150,
2024-11-19 11:33:00+05:30,5885.3,5885.3,5879.1,5879.45,245,
2024-11-19 11:34:00+05:30,5879.45,5887.5,5875.55,5887.5,603,
2024-11-19 11:35:00+05:30,5887.5,5887.5,5882,5882.55,789,
2024-11-19 11:36:00+05:30,5882.55,5886.65,5882.55,5885.3,174,
2024-11-19 11:37:00+05:30,5885.3,5890,5882.9,5887.85,357,
2024-11-19 11:38:00+05:30,5887.85,5890,5887.85,5889.75,277,
2024-11-19 11:39:00+05:30,5890,5890.4,5885.3,5889.95,691,
2024-11-19 11:40:00+05:30,5889.95,5895.95,5889.95,5893,847,
2024-11-19 11:41:00+05:30,5893,5894.45,5890,5894.45,524,
2024-11-19 11:42:00+05:30,5894.45,5900.05,5894,5900,2250,
2024-11-19 11:43:00+05:30,5900,5900,5898,5899.8,883,
2024-11-19 11:44:00+05:30,5898,5914,5895.1,5912.45,2518,
2024-11-19 11:45:00+05:30,5910.2,5912.25,5902.95,5905.4,915,
2024-11-19 11:46:00+05:30,5905.4,5909,5903.4,5903.4,431,
2024-11-19 11:47:00+05:30,5903.4,5906.9,5903.4,5905,548,
2024-11-19 11:48:00+05:30,5905,5907,5901.65,5902.9,1020,
2024-11-19 11:49:00+05:30,5902.9,5908,5900.85,5906.25,544,
2024-11-19 11:50:00+05:30,5906.25,5908.35,5906.1,5906.1,165,
2024-11-19 11:51:00+05:30,5906.1,5918,5906.1,5914.4,2380,
2024-11-19 11:52:00+05:30,5914.4,5915.15,5914.35,5915.15,135,
2024-11-19 11:53:00+05:30,5915.15,5918.15,5914.35,5918.15,238,
2024-11-19 11:54:00+05:30,5919.6,5924.25,5916.65,5921.7,1652,
2024-11-19 11:55:00+05:30,5921.7,5924.95,5921,5924.95,498,
2024-11-19 11:56:00+05:30,5924.95,5928.4,5921.55,5924.6,1355,
2024-11-19 11:57:00+05:30,5923.35,5924,5920,5922.7,1179,
2024-11-19 11:58:00+05:30,5922.7,5930,5922.7,5923.7,922,
2024-11-19 11:59:00+05:30,5923.7,5925,5920.25,5925,494,
2024-11-19 12:00:00+05:30,5925,5930,5924.7,5929.3,1243,
2024-11-19 12:01:00+05:30,5929.3,5935,5927.3,5931.4,1158,
2024-11-19 12:02:00+05:30,5931.4,5940.9,5930.85,5940.9,3465,
2024-11-19 12:03:00+05:30,5938,5943.55,5937.65,5942.75,854,
2024-11-19 12:04:00+05:30,5942.75,5948,5942.5,5947,2041,
2024-11-19 12:05:00+05:30,5947,5956.4,5940.15,5952,4617,
2024-11-19 12:06:00+05:30,5952,5960.95,5945.35,5953,2423,
2024-11-19 12:07:00+05:30,5951.15,5960.7,5940.45,5940.45,1758,
2024-11-19 12:08:00+05:30,5940.45,5946.35,5940.15,5942.3,630,
2024-11-19 12:09:00+05:30,5942,5943.55,5940,5940.3,885,
2024-11-19 12:10:00+05:30,5940.3,5941.95,5936,5938.95,965,
2024-11-19 12:11:00+05:30,5938.95,5948.5,5938.95,5944.65,997,
2024-11-19 12:12:00+05:30,5945,5945,5932.5,5933.05,2918,
2024-11-19 12:13:00+05:30,5933.05,5945,5933.05,5944.85,679,
2024-11-19 12:14:00+05:30,5944.85,5948,5939.05,5943.15,814,
2024-11-19 12:15:00+05:30,5943.15,5943.3,5941.4,5942.45,534,
2024-11-19 12:16:00+05:30,5942.45,5946.95,5942.45,5944.7,641,
2024-11-19 12:17:00+05:30,5944.7,5948.9,5944.7,5946.95,1143,
2024-11-19 12:18:00+05:30,5946.95,5948.1,5943,5947,737,
2024-11-19 12:19:00+05:30,5947,5947,5941.9,5944.1,655,
2024-11-19 12:20:00+05:30,5944.1,5948.5,5944.1,5946.45,579,
2024-11-19 12:21:00+05:30,5946.45,5947.95,5944.2,5944.25,643,
2024-11-19 12:22:00+05:30,5944.25,5946.95,5940.55,5946.3,698,
2024-11-19 12:23:00+05:30,5946.3,5950,5942.3,5947,1627,
2024-11-19 12:24:00+05:30,5947,5949.05,5944.5,5945.6,971,
2024-11-19 12:25:00+05:30,5945.6,5947,5941.4,5944.05,843,
2024-11-19 12:26:00+05:30,5944.05,5947.85,5944.05,5946.85,754,
2024-11-19 12:27:00+05:30,5944.5,5948.95,5944.5,5948.85,704,
2024-11-19 12:28:00+05:30,5948.85,5948.9,5944.85,5945.5,951,
2024-11-19 12:29:00+05:30,5945.5,5948,5942.2,5944.9,701,
2024-11-19 12:30:00+05:30,5944.9,5947.5,5942.6,5944.7,627,
2024-11-19 12:31:00+05:30,5944.7,5948.5,5944.55,5948.05,598,
2024-11-19 12:32:00+05:30,5948.05,5949.95,5948.05,5949.95,621,
2024-11-19 12:33:00+05:30,5949.55,5949.95,5944.8,5947.35,687,
2024-11-19 12:34:00+05:30,5947.35,5949.25,5942.3,5942.45,866,
2024-11-19 12:35:00+05:30,5942.45,5944.25,5941.6,5944.25,598,
2024-11-19 12:36:00+05:30,5944.25,5944.9,5942.1,5944.9,566,
2024-11-19 12:37:00+05:30,5944.9,5945,5942.6,5942.85,729,
2024-11-19 12:38:00+05:30,5944.5,5949.9,5944.5,5949.2,867,
2024-11-19 12:39:00+05:30,5949.2,5949.2,5946.2,5948.5,396,
2024-11-19 12:40:00+05:30,5948.5,5949.55,5945.35,5949.1,589,
2024-11-19 12:41:00+05:30,5949.1,5949.1,5928.55,5929.7,4575,
2024-11-19 12:42:00+05:30,5929.7,5934.15,5925.15,5926,1740,
2024-11-19 12:43:00+05:30,5926,5928.1,5918,5924.55,2119,
2024-11-19 12:44:00+05:30,5924.55,5931.45,5923.75,5924.65,633,
2024-11-19 12:45:00+05:30,5924.2,5927.1,5919.1,5921.25,1547,
2024-11-19 12:46:00+05:30,5921.25,5931.75,5921.2,5927.7,839,
2024-11-19 12:47:00+05:30,5927.7,5934.75,5927.25,5927.25,979,
2024-11-19 12:48:00+05:30,5927.25,5928.4,5925.65,5927.85,279,
2024-11-19 12:49:00+05:30,5927.85,5932.35,5927.5,5930.25,826,
2024-11-19 12:50:00+05:30,5930.25,5933.35,5927.55,5930.8,390,
2024-11-19 12:51:00+05:30,5930.8,5933.2,5930.6,5932.8,311,
2024-11-19 12:52:00+05:30,5930.3,5932.95,5927.8,5930.4,555,
2024-11-19 12:53:00+05:30,5930.4,5932.45,5929.35,5929.35,597,
2024-11-19 12:54:00+05:30,5929.35,5932.45,5928.25,5931.9,471,
2024-11-19 12:55:00+05:30,5932.85,5938.45,5932.65,5937.75,342,
2024-11-19 12:56:00+05:30,5937.75,5939.5,5931.1,5931.5,1843,
2024-11-19 12:57:00+05:30,5931.5,5935.3,5929.8,5935.3,1032,
2024-11-19 12:58:00+05:30,5935.3,5941.9,5932.1,5941.9,368,
2024-11-19 12:59:00+05:30,5941.9,5942.95,5935.3,5935.8,1068,
2024-11-19 13:00:00+05:30,5935.8,5943.15,5935.8,5942,929,
2024-11-19 13:01:00+05:30,5942,5942,5937.95,5939.65,1667,
2024-11-19 13:02:00+05:30,5939.65,5939.65,5938.7,5939.35,190,
2024-11-19 13:03:00+05:30,5939.35,5941,5936.4,5938.7,556,
2024-11-19 13:04:00+05:30,5938.7,5939.7,5935.55,5939.55,473,
2024-11-19 13:05:00+05:30,5939.3,5939.3,5935.8,5938.35,382,
2024-11-19 13:06:00+05:30,5938.45,5938.45,5935.6,5935.8,685,
2024-11-19 13:07:00+05:30,5935.75,5937.45,5933.55,5937.45,646,
2024-11-19 13:08:00+05:30,5937.45,5939.75,5937.45,5939.5,265,
2024-11-19 13:09:00+05:30,5939.5,5940,5939.2,5939.9,300,
2024-11-19 13:10:00+05:30,5939.3,5939.55,5936.4,5937.95,399,
2024-11-19 13:11:00+05:30,5937.2,5942.5,5936.6,5940.35,1173,
2024-11-19 13:12:00+05:30,5938.55,5941.15,5938,5938,1010,
2024-11-19 13:13:00+05:30,5938,5940,5934.5,5934.5,12461,
2024-11-19 13:14:00+05:30,5934.5,5939.95,5929.05,5939.7,2129,
2024-11-19 13:15:00+05:30,5940,5940,5932,5932.9,10066,
2024-11-19 13:16:00+05:30,5932.9,5939.8,5932.45,5939.8,745,
2024-11-19 13:17:00+05:30,5939.8,5940,5935.65,5938.45,478,
2024-11-19 13:18:00+05:30,5938.55,5940,5938.05,5939.1,1079,
2024-11-19 13:19:00+05:30,5939.1,5940,5938,5939.55,406,
2024-11-19 13:20:00+05:30,5939.55,5940,5932.25,5935.35,3397,
2024-11-19 13:21:00+05:30,5934.7,5936.3,5934.7,5936.3,356,
2024-11-19 13:22:00+05:30,5936.3,5940,5935.65,5939.9,688,
2024-11-19 13:23:00+05:30,5939.95,5939.95,5937.45,5937.85,647,
2024-11-19 13:24:00+05:30,5937.85,5938.15,5934.6,5936.05,1052,
2024-11-19 13:25:00+05:30,5936.05,5940,5936.05,5937.9,654,
2024-11-19 13:26:00+05:30,5939,5940,5938.95,5940,410,
2024-11-19 13:27:00+05:30,5940,5940,5938.9,5938.9,632,
2024-11-19 13:28:00+05:30,5938.85,5939.7,5936.4,5939.7,660,
2024-11-19 13:29:00+05:30,5939.7,5939.95,5936.25,5936.25,1220,
2024-11-19 13:30:00+05:30,5936.25,5937.65,5934.55,5936.95,584,
2024-11-19 13:31:00+05:30,5936.9,5940,5936.85,5940,785,
2024-11-19 13:32:00+05:30,5939.95,5940,5939.9,5939.9,292,
2024-11-19 13:33:00+05:30,5939.9,5940,5937.15,5938.95,605,
2024-11-19 13:34:00+05:30,5938.95,5939.45,5936.65,5939.4,343,
2024-11-19 13:35:00+05:30,5939.4,5940,5939,5940,395,
2024-11-19 13:36:00+05:30,5940,5940,5939,5939.8,271,
2024-11-19 13:37:00+05:30,5939.85,5939.95,5935,5936.5,981,
2024-11-19 13:38:00+05:30,5936.5,5938.2,5936.45,5937.65,432,
2024-11-19 13:39:00+05:30,5937.1,5940.5,5937.1,5940,1272,
2024-11-19 13:40:00+05:30,5940,5940.15,5936,5937.9,315,
2024-11-19 13:41:00+05:30,5938.5,5938.8,5936.05,5938.8,367,
2024-11-19 13:42:00+05:30,5938.8,5940,5936.15,5940,426,
2024-11-19 13:43:00+05:30,5939.95,5940.5,5938.75,5940.45,243,
2024-11-19 13:44:00+05:30,5940.45,5941.25,5939.05,5940.9,719,
2024-11-19 13:45:00+05:30,5941,5943,5940.9,5943,1620,
2024-11-19 13:46:00+05:30,5943,5945,5941.65,5944.8,610,
2024-11-19 13:47:00+05:30,5944.5,5951.2,5944.5,5951.2,1952,
2024-11-19 13:48:00+05:30,5951.55,5951.55,5947.05,5949.9,983,
2024-11-19 13:49:00+05:30,5949.9,5950,5947.6,5950,1050,
2024-11-19 13:50:00+05:30,5950,5950,5948.1,5948.1,486,
2024-11-19 13:51:00+05:30,5948.1,5948.5,5948.05,5948.3,465,
2024-11-19 13:52:00+05:30,5948.1,5948.25,5942.8,5945.15,882,
2024-11-19 13:53:00+05:30,5945.15,5948.15,5941,5945,961,
2024-11-19 13:54:00+05:30,5945,5950.4,5944,5950.4,8589,
2024-11-19 13:55:00+05:30,5950.4,5950.4,5947.3,5947.3,391,
2024-11-19 13:56:00+05:30,5947.3,5950.4,5946.9,5950,2457,
2024-11-19 13:57:00+05:30,5950,5952,5949,5952,880,
2024-11-19 13:58:00+05:30,5951.95,5952,5950,5951.95,459,
2024-11-19 13:59:00+05:30,5951.95,5951.95,5948.4,5950,432,
2024-11-19 14:00:00+05:30,5950,5950.1,5950,5950.1,253,
2024-11-19 14:01:00+05:30,5950.1,5950.8,5947.55,5950.35,2289,
2024-11-19 14:02:00+05:30,5951,5952,5949.95,5951,1064,
2024-11-19 14:03:00+05:30,5951,5954.95,5950.9,5953.75,563,
2024-11-19 14:04:00+05:30,5953.5,5953.7,5951.25,5951.5,265,
2024-11-19 14:05:00+05:30,5951.5,5952.15,5951.35,5952.05,498,
2024-11-19 14:06:00+05:30,5952.05,5952.5,5951.35,5952,1504,
2024-11-19 14:07:00+05:30,5952,5954,5952,5953.9,1355,
2024-11-19 14:08:00+05:30,5953.85,5953.85,5952,5952.35,662,
2024-11-19 14:09:00+05:30,5952.35,5952.6,5946.3,5946.45,2788,
2024-11-19 14:10:00+05:30,5946.45,5951.1,5945.35,5950,1699,
2024-11-19 14:11:00+05:30,5950,5951,5941.5,5942.7,1004,
2024-11-19 14:12:00+05:30,5942.7,5944.85,5942,5942.15,723,
2024-11-19 14:13:00+05:30,5942.15,5943.6,5935.85,5940.6,2211,
2024-11-19 14:14:00+05:30,5940.6,5940.6,5935,5935.55,958,
2024-11-19 14:15:00+05:30,5935.55,5940.3,5935,5935.2,1163,
2024-11-19 14:16:00+05:30,5936.15,5936.15,5932,5932.35,1263,
2024-11-19 14:17:00+05:30,5932.35,5932.35,5930.35,5930.55,661,
2024-11-19 14:18:00+05:30,5930.35,5935.75,5930,5930.45,1012,
2024-11-19 14:19:00+05:30,5930.45,5933.85,5930.45,5931.55,568,
2024-11-19 14:20:00+05:30,5931.6,5932.3,5930.45,5930.45,720,
2024-11-19 14:21:00+05:30,5930.3,5930.35,5925,5925.1,1840,
2024-11-19 14:22:00+05:30,5925.1,5927.2,5924.05,5924.45,1206,
2024-11-19 14:23:00+05:30,5924.45,5925,5920.05,5922.05,1731,
2024-11-19 14:24:00+05:30,5922.6,5926.45,5921.8,5924.25,606,
2024-11-19 14:25:00+05:30,5924.25,5925.3,5922.25,5925.1,700,
2024-11-19 14:26:00+05:30,5925.15,5930.55,5922.3,5925.4,1306,
2024-11-19 14:27:00+05:30,5926.2,5927.9,5922.05,5922.05,1165,
2024-11-19 14:28:00+05:30,5922.9,5930.65,5922.9,5925.25,942,
2024-11-19 14:29:00+05:30,5925.3,5930.9,5925.3,5926.5,1026,
2024-11-19 14:30:00+05:30,5926.5,5934.65,5926.5,5933,987,
2024-11-19 14:31:00+05:30,5929.55,5933.5,5929.55,5932.25,832,
2024-11-19 14:32:00+05:30,5932.3,5938.6,5932.1,5934.15,1138,
2024-11-19 14:33:00+05:30,5933,5934.6,5931.3,5934.15,1094,
2024-11-19 14:34:00+05:30,5934.15,5939.65,5933.5,5938,757,
2024-11-19 14:35:00+05:30,5938,5939.85,5935,5939.85,521,
2024-11-19 14:36:00+05:30,5939.85,5939.85,5936,5936,726,
2024-11-19 14:37:00+05:30,5936,5936.05,5928.55,5933,1963,
2024-11-19 14:38:00+05:30,5932.55,5933.55,5929.65,5932.95,699,
2024-11-19 14:39:00+05:30,5932.95,5936.8,5930.9,5933.05,1076,
2024-11-19 14:40:00+05:30,5933.05,5936.65,5931,5934.35,630,
2024-11-19 14:41:00+05:30,5933.8,5934.15,5930.25,5931,1801,
2024-11-19 14:42:00+05:30,5931,5933.95,5928.3,5933.95,878,
2024-11-19 14:43:00+05:30,5933,5934,5929.7,5930,1767,
2024-11-19 14:44:00+05:30,5930,5937.65,5929.8,5937.2,923,
2024-11-19 14:45:00+05:30,5937.2,5942.8,5936.5,5940,1585,
2024-11-19 14:46:00+05:30,5940,5942.55,5937.05,5942.55,1179,
2024-11-19 14:47:00+05:30,5942.55,5942.55,5937.6,5937.95,1036,
2024-11-19 14:48:00+05:30,5937.95,5940.35,5932.35,5932.5,907,
2024-11-19 14:49:00+05:30,5932.5,5935,5931.35,5931.35,781,
2024-11-19 14:50:00+05:30,5931.35,5937,5931.35,5932.85,1519,
2024-11-19 14:51:00+05:30,5932.85,5935.9,5932.6,5933.15,816,
2024-11-19 14:52:00+05:30,5933.1,5933.1,5931.15,5931.35,861,
2024-11-19 14:53:00+05:30,5931.35,5931.9,5930,5930.1,785,
2024-11-19 14:54:00+05:30,5930.1,5935.1,5925.05,5926.15,2575,
2024-11-19 14:55:00+05:30,5926.15,5928.1,5923.25,5924.4,920,
2024-11-19 14:56:00+05:30,5924.6,5928,5923.55,5925.25,696,
2024-11-19 14:57:00+05:30,5925.25,5925.25,5915,5917.15,2555,
2024-11-19 14:58:00+05:30,5915.85,5917.4,5911.55,5916.15,1324,
2024-11-19 14:59:00+05:30,5916.15,5918.7,5911.55,5916.05,945,
2024-11-19 15:00:00+05:30,5914.75,5918.35,5904.05,5912.05,2208,
2024-11-19 15:01:00+05:30,5912.05,5915.45,5910.45,5913.05,874,
2024-11-19 15:02:00+05:30,5913.05,5913.2,5908.6,5909.6,1821,
2024-11-19 15:03:00+05:30,5909.6,5910.25,5904.05,5905,2379,
2024-11-19 15:04:00+05:30,5904,5912.5,5901.05,5912.3,1849,
2024-11-19 15:05:00+05:30,5912.3,5914.95,5910.3,5911.6,952,
2024-11-19 15:06:00+05:30,5911.6,5913.3,5907.85,5911.2,1370,
2024-11-19 15:07:00+05:30,5911.45,5917.7,5910.95,5913.5,1392,
2024-11-19 15:08:00+05:30,5913.5,5917.85,5913,5917.85,1549,
2024-11-19 15:09:00+05:30,5917.85,5917.95,5909,5912.5,2495,
2024-11-19 15:10:00+05:30,5915.2,5916.05,5909,5910.55,2155,
2024-11-19 15:11:00+05:30,5909.8,5910,5900,5902,6089,
2024-11-19 15:12:00+05:30,5900.4,5902,5890,5890.95,2732,
2024-11-19 15:13:00+05:30,5892.95,5897.35,5890,5890,1500,
2024-11-19 15:14:00+05:30,5890,5890.95,5885.55,5890,1749,
2024-11-19 15:15:00+05:30,5888.9,5890.5,5882.95,5886.45,1737,
2024-11-19 15:16:00+05:30,5887.95,5895,5882.95,5894.45,1172,
2024-11-19 15:17:00+05:30,5894.7,5894.95,5887.1,5889.1,1165,
2024-11-19 15:18:00+05:30,5888.7,5888.7,5884,5885.95,1255,
2024-11-19 15:19:00+05:30,5886.05,5888.7,5886.05,5888.2,1234,
2024-11-19 15:20:00+05:30,5886.2,5888.45,5881.15,5884.75,2173,
2024-11-19 15:21:00+05:30,5886.95,5890,5885.95,5888.8,702,
2024-11-19 15:22:00+05:30,5890,5896.45,5890,5892.75,1046,
2024-11-19 15:23:00+05:30,5892.8,5895.35,5892.8,5895.3,1026,
2024-11-19 15:24:00+05:30,5895.35,5898.15,5895.15,5897,1110,
2024-11-19 15:25:00+05:30,5897.4,5900.85,5897.4,5900,3996,
2024-11-19 15:26:00+05:30,5900.35,5900.55,5900,5900,5076,
2024-11-19 15:27:00+05:30,5900.1,5900.1,5890.25,5890.25,11078,
2024-11-19 15:28:00+05:30,5892.3,5894,5885,5885.15,1243,
2024-11-19 15:29:00+05:30,5885.15,5891.8,5885,5886.7,183,
2024-11-21 09:15:00+05:30,5880.1,5907.2,5880.1,5903.25,2055,
2024-11-21 09:16:00+05:30,5908.15,5924.45,5902.05,5923,3502,
2024-11-21 09:17:00+05:30,5921.8,5928.75,5906.95,5928.75,2618,
2024-11-21 09:18:00+05:30,5928.75,5937.05,5920.9,5928.55,2038,
2024-11-21 09:19:00+05:30,5925.7,5935.95,5921.85,5928.45,1579,
2024-11-21 09:20:00+05:30,5928.45,5930,5920.15,5925.5,2773,
2024-11-21 09:21:00+05:30,5927.75,5929.75,5915,5917.35,1662,
2024-11-21 09:22:00+05:30,5917.35,5919.45,5904.35,5906.3,1308,
2024-11-21 09:23:00+05:30,5906.9,5911.95,5900.05,5911.95,1450,
2024-11-21 09:24:00+05:30,5912.45,5923.45,5909.65,5910.65,1553,
2024-11-21 09:25:00+05:30,5910.65,5914.65,5900,5901.95,2136,
2024-11-21 09:26:00+05:30,5904.85,5918.45,5903.7,5917,1524,
2024-11-21 09:27:00+05:30,5916.35,5923,5912.6,5915.85,1449,
2024-11-21 09:28:00+05:30,5917.95,5917.95,5907.35,5915.85,982,
2024-11-21 09:29:00+05:30,5914.5,5922,5911.5,5918.2,1730,
2024-11-21 09:30:00+05:30,5918.2,5920,5898.2,5909.1,2016,
2024-11-21 09:31:00+05:30,5909.1,5912.65,5903.7,5908.8,362,
2024-11-21 09:32:00+05:30,5908.8,5908.8,5903.05,5906.55,482,
2024-11-21 09:33:00+05:30,5906.55,5906.55,5895,5897,1106,
2024-11-21 09:34:00+05:30,5894.55,5901.4,5894.55,5897.85,1370,
2024-11-21 09:35:00+05:30,5900.45,5906,5895,5906,1072,
2024-11-21 09:36:00+05:30,5906,5909.95,5905,5905,667,
2024-11-21 09:37:00+05:30,5905,5905.95,5899.6,5899.6,462,
2024-11-21 09:38:00+05:30,5896.45,5901.75,5892.75,5897.3,892,
2024-11-21 09:39:00+05:30,5899.25,5900.85,5887,5899.65,1345,
2024-11-21 09:40:00+05:30,5899.65,5908.95,5894.05,5894.05,2601,
2024-11-21 09:41:00+05:30,5896.05,5903.95,5885.55,5896.65,3075,
2024-11-21 09:42:00+05:30,5896.65,5907.95,5896.65,5902.3,738,
2024-11-21 09:43:00+05:30,5902.3,5912.2,5901.85,5912.2,676,
2024-11-21 09:44:00+05:30,5910.6,5919,5908.8,5917.3,1438,
2024-11-21 09:45:00+05:30,5916.05,5934.9,5916.05,5932.5,1918,
2024-11-21 09:46:00+05:30,5932.4,5932.8,5925.1,5928,789,
2024-11-21 09:47:00+05:30,5928,5934,5926.9,5934,828,
2024-11-21 09:48:00+05:30,5934,5941.5,5930.45,5930.7,1500,
2024-11-21 09:49:00+05:30,5930.7,5935,5923.65,5933.8,4162,
2024-11-21 09:50:00+05:30,5933.8,5939.95,5931.75,5937,648,
2024-11-21 09:51:00+05:30,5935.45,5950.25,5928.8,5950.25,11974,
2024-11-21 09:52:00+05:30,5940.85,5960.9,5940.05,5951.8,20322,
2024-11-21 09:53:00+05:30,5951.8,5951.8,5941,5942.2,1628,
2024-11-21 09:54:00+05:30,5942.4,5959.25,5937.05,5959.25,20749,
2024-11-21 09:55:00+05:30,5959.25,5970,5955.1,5965.65,9075,
2024-11-21 09:56:00+05:30,5966.7,5980,5959.9,5975.1,11992,
2024-11-21 09:57:00+05:30,5975.65,5975.65,5955.1,5955.55,4273,
2024-11-21 09:58:00+05:30,5956.15,5961.45,5955,5958.75,1668,
2024-11-21 09:59:00+05:30,5958.75,5961,5952,5952.95,1657,
2024-11-21 10:00:00+05:30,5955.5,5958.85,5945,5946.7,2929,
2024-11-21 10:01:00+05:30,5949.9,5953.7,5944.05,5953,1642,
2024-11-21 10:02:00+05:30,5953,5970,5953,5970,2189,
2024-11-21 10:03:00+05:30,5969,5973,5966.3,5967.25,988,
2024-11-21 10:04:00+05:30,5968.3,5972,5967,5972,2552,
2024-11-21 10:05:00+05:30,5973.6,5987.15,5973.2,5986.9,3556,
2024-11-21 10:06:00+05:30,5986.9,5993.45,5985.3,5992.95,2484,
2024-11-21 10:07:00+05:30,5992.6,5995,5982,5983,2846,
2024-11-21 10:08:00+05:30,5983,5987.35,5980,5981.2,1926,
2024-11-21 10:09:00+05:30,5981.2,5984.8,5977.7,5981.95,928,
2024-11-21 10:10:00+05:30,5981.95,5985,5977,5981.1,2093,
2024-11-21 10:11:00+05:30,5984.05,5990,5982.5,5990,970,
2024-11-21 10:12:00+05:30,5990,5992.65,5988.5,5990,943,
2024-11-21 10:13:00+05:30,5991.3,5992,5985,5986.95,759,
2024-11-21 10:14:00+05:30,5986.95,5989.55,5984,5984.4,1055,
2024-11-21 10:15:00+05:30,5984.4,5996.75,5982.25,5995.85,2584,
2024-11-21 10:16:00+05:30,5992.35,6004.5,5990.15,5998,6760,
2024-11-21 10:17:00+05:30,5998,5998,5982.5,5982.85,815,
2024-11-21 10:18:00+05:30,5984.7,5986.8,5975.2,5978.4,1670,
2024-11-21 10:19:00+05:30,5975.8,5982.95,5974.9,5980.5,1174,
2024-11-21 10:20:00+05:30,5980.5,5983.95,5960,5969.95,2648,
2024-11-21 10:21:00+05:30,5967.6,5977.05,5967.6,5977.05,644,
2024-11-21 10:22:00+05:30,5977.05,5986.25,5977,5979.15,1422,
2024-11-21 10:23:00+05:30,5979.15,5986,5979.15,5986,647,
2024-11-21 10:24:00+05:30,5986,5989,5980.5,5980.85,613,
2024-11-21 10:25:00+05:30,5980.85,5986.8,5980.1,5982.25,482,
2024-11-21 10:26:00+05:30,5982.25,5985.05,5977.05,5977.05,860,
2024-11-21 10:27:00+05:30,5977.05,5979.1,5973.3,5975.85,548,
2024-11-21 10:28:00+05:30,5975.85,5975.85,5967.05,5975.45,990,
2024-11-21 10:29:00+05:30,5975.45,5975.85,5968.65,5975.85,533,
2024-11-21 10:30:00+05:30,5975.85,5977,5972.45,5976.55,952,
2024-11-21 10:31:00+05:30,5976.55,5984.55,5976.55,5984.55,684,
2024-11-21 10:32:00+05:30,5984.55,5985.15,5979.7,5984.9,861,
2024-11-21 10:33:00+05:30,5982.55,5987.5,5980.05,5984.65,1016,
2024-11-21 10:34:00+05:30,5984.65,5984.9,5971.8,5973.15,1310,
2024-11-21 10:35:00+05:30,5973.15,5979.25,5972.75,5977.4,338,
2024-11-21 10:36:00+05:30,5977.4,5979.85,5973.5,5976.9,727,
2024-11-21 10:37:00+05:30,5976.9,5977.8,5972.05,5975.05,270,
2024-11-21 10:38:00+05:30,5976.1,5979,5976.1,5976.75,889,
2024-11-21 10:39:00+05:30,5977.85,5979,5976.75,5977.2,287,
2024-11-21 10:40:00+05:30,5977.2,5981.05,5977.2,5978.05,496,
2024-11-21 10:41:00+05:30,5978.35,5981.4,5974,5977.05,807,
2024-11-21 10:42:00+05:30,5976.35,5979.45,5976,5979.2,373,
2024-11-21 10:43:00+05:30,5979.2,5979.25,5974.2,5978,401,
2024-11-21 10:44:00+05:30,5978,5980,5977,5978.45,227,
2024-11-21 10:45:00+05:30,5978.45,5980,5972.1,5972.55,482,
2024-11-21 10:46:00+05:30,5972.55,5974.65,5965,5968.85,2303,
2024-11-21 10:47:00+05:30,5968.85,5973.3,5967.8,5969.8,322,
2024-11-21 10:48:00+05:30,5969.8,5975,5968.2,5969.4,625,
2024-11-21 10:49:00+05:30,5969.4,5970.25,5965,5967.1,699,
2024-11-21 10:50:00+05:30,5967.1,5969.2,5961.1,5967.6,933,
2024-11-21 10:51:00+05:30,5967.6,5975.2,5962.65,5963,1652,
2024-11-21 10:52:00+05:30,5963,5970,5962,5966.25,354,
2024-11-21 10:53:00+05:30,5969,5970,5965.75,5965.75,239,
2024-11-21 10:54:00+05:30,5965.75,5972,5965.75,5971,152,
2024-11-21 10:55:00+05:30,5971,5972,5971,5971.1,199,
2024-11-21 10:56:00+05:30,5971.1,5972,5967.65,5968.15,319,
2024-11-21 10:57:00+05:30,5968.15,5971.55,5964.65,5966,786,
2024-11-21 10:58:00+05:30,5966,5969.95,5962.45,5962.6,405,
2024-11-21 10:59:00+05:30,5962.6,5965.8,5962.6,5964.35,320,
2024-11-21 11:00:00+05:30,5964.35,5969.65,5961.1,5969.65,553,
2024-11-21 11:01:00+05:30,5969.65,5972,5968.3,5969.1,556,
2024-11-21 11:02:00+05:30,5969.4,5970.7,5966.4,5968.7,271,
2024-11-21 11:03:00+05:30,5967.5,5968.4,5964.4,5966.3,174,
2024-11-21 11:04:00+05:30,5966.85,5966.85,5961.1,5963.6,479,
2024-11-21 11:05:00+05:30,5963.6,5970,5963.6,5970,101,
2024-11-21 11:06:00+05:30,5968.4,5979,5967.05,5977.15,1226,
2024-11-21 11:07:00+05:30,5977.05,5980,5974,5976.3,992,
2024-11-21 11:08:00+05:30,5976.3,5980,5976.3,5977.35,526,
2024-11-21 11:09:00+05:30,5977.35,5985,5977.35,5981.7,3886,
2024-11-21 11:10:00+05:30,5981.95,5981.95,5976.75,5978.1,603,
2024-11-21 11:11:00+05:30,5978.1,5983.35,5975.3,5975.3,3291,
2024-11-21 11:12:00+05:30,5975.35,5980,5973.25,5979.8,493,
2024-11-21 11:13:00+05:30,5979.8,5980,5975.75,5975.75,295,
2024-11-21 11:14:00+05:30,5976,5978.95,5974,5975.5,538,
2024-11-21 11:15:00+05:30,5974.15,5978.45,5973.75,5975.4,322,
2024-11-21 11:16:00+05:30,5976.5,5979,5975.55,5978.8,450,
2024-11-21 11:17:00+05:30,5977.2,5978.1,5975.15,5977.5,381,
2024-11-21 11:18:00+05:30,5977.5,5984.75,5977.5,5984.75,240,
2024-11-21 11:19:00+05:30,5984.75,5987.5,5981.25,5987.5,657,
2024-11-21 11:20:00+05:30,5987.5,5989.2,5985.45,5989,829,
2024-11-21 11:21:00+05:30,5989,5990,5985.1,5987.4,2412,
2024-11-21 11:22:00+05:30,5987.4,5990,5986.45,5988.85,795,
2024-11-21 11:23:00+05:30,5988.85,5989,5980.1,5980.25,1061,
2024-11-21 11:24:00+05:30,5980.25,5980.85,5970,5970.75,1247,
2024-11-21 11:25:00+05:30,5970.75,5974.3,5966,5970.1,676,
2024-11-21 11:26:00+05:30,5970.1,5977.65,5968.5,5977.65,190,
2024-11-21 11:27:00+05:30,5977.65,5983.2,5975.85,5977.35,657,
2024-11-21 11:28:00+05:30,5977.35,5979,5974.2,5974.2,211,
2024-11-21 11:29:00+05:30,5974.2,5979.45,5973,5979.45,273,
2024-11-21 11:30:00+05:30,5978.7,5978.7,5976.2,5976.35,106,
2024-11-21 11:31:00+05:30,5976.35,5977,5972.8,5977,154,
2024-11-21 11:32:00+05:30,5977,5977,5975.6,5977,205,
2024-11-21 11:33:00+05:30,5977,5977.15,5970.2,5970.2,359,
2024-11-21 11:34:00+05:30,5970.2,5974.7,5970.2,5972.45,114,
2024-11-21 11:35:00+05:30,5971.65,5974.85,5970.05,5973.15,280,
2024-11-21 11:36:00+05:30,5973.15,5974.65,5972.75,5972.75,57,
2024-11-21 11:37:00+05:30,5973.9,5979.35,5970,5970,1972,
2024-11-21 11:38:00+05:30,5970,5970.35,5968,5968.1,429,
2024-11-21 11:39:00+05:30,5968.1,5968.9,5955.75,5957.2,2641,
2024-11-21 11:40:00+05:30,5954.55,5957,5953,5953,1626,
2024-11-21 11:41:00+05:30,5953,5956,5951.15,5955,756,
2024-11-21 11:42:00+05:30,5955,5956.95,5952.95,5952.95,2634,
2024-11-21 11:43:00+05:30,5952.95,5960.1,5951,5957.6,1101,
2024-11-21 11:44:00+05:30,5957.2,5964.15,5957.2,5964.15,344,
2024-11-21 11:45:00+05:30,5964.15,5968.5,5963.15,5968.5,444,
2024-11-21 11:46:00+05:30,5968.5,5970,5967.9,5970,161,
2024-11-21 11:47:00+05:30,5970,5973.15,5970,5973.15,360,
2024-11-21 11:48:00+05:30,5973.15,5976.9,5971.85,5976.9,118,
2024-11-21 11:49:00+05:30,5977,5977,5966.05,5968.85,362,
2024-11-21 11:50:00+05:30,5968.9,5971.4,5967.75,5970.95,117,
2024-11-21 11:51:00+05:30,5970.95,5970.95,5967.9,5970,171,
2024-11-21 11:52:00+05:30,5970,5970,5964.6,5966,439,
2024-11-21 11:53:00+05:30,5966,5967.65,5963.1,5964.65,172,
2024-11-21 11:54:00+05:30,5963.15,5965.3,5963.15,5964.75,203,
2024-11-21 11:55:00+05:30,5964.75,5968.45,5964.05,5964.6,144,
2024-11-21 11:56:00+05:30,5964.6,5966.95,5962.65,5962.85,187,
2024-11-21 11:57:00+05:30,5962.85,5966.3,5961.8,5963.2,181,
2024-11-21 11:58:00+05:30,5962.05,5963.25,5961.65,5962,100,
2024-11-21 11:59:00+05:30,5962,5967.95,5962,5967.95,137,
2024-11-21 12:00:00+05:30,5967.95,5972.2,5964.15,5964.2,1073,
2024-11-21 12:01:00+05:30,5964.2,5980,5964.2,5978.85,1235,
2024-11-21 12:02:00+05:30,5980,5984.5,5974.4,5976.05,928,
2024-11-21 12:03:00+05:30,5976.05,5979.55,5976.05,5976.55,152,
2024-11-21 12:04:00+05:30,5976.55,5979.25,5976.55,5977.1,38,
2024-11-21 12:05:00+05:30,5977.1,5979.15,5977.1,5977.35,79,
2024-11-21 12:06:00+05:30,5978,5979.35,5976,5976.5,568,
2024-11-21 12:07:00+05:30,5976.5,5978.4,5976.5,5977.45,247,
2024-11-21 12:08:00+05:30,5978.1,5978.1,5975,5975,347,
2024-11-21 12:09:00+05:30,5975,5975.5,5975,5975.5,106,
2024-11-21 12:10:00+05:30,5975.15,5977.5,5970.3,5970.3,606,
2024-11-21 12:11:00+05:30,5970.3,5972.85,5970.25,5971.65,182,
2024-11-21 12:12:00+05:30,5971.65,5972.95,5966.85,5966.9,680,
2024-11-21 12:13:00+05:30,5968.15,5971.6,5968.15,5970.65,213,
2024-11-21 12:14:00+05:30,5970.65,5970.65,5966.5,5966.5,563,
2024-11-21 12:15:00+05:30,5966.5,5970,5966.5,5970,98,
2024-11-21 12:16:00+05:30,5970,5970.5,5966.15,5970,1119,
2024-11-21 12:17:00+05:30,5969.6,5973,5968.15,5971.55,997,
2024-11-21 12:18:00+05:30,5971.55,5975.8,5971.55,5975,164,
2024-11-21 12:19:00+05:30,5975,5977.35,5970.05,5970.05,2391,
2024-11-21 12:20:00+05:30,5971.2,5971.2,5965.85,5967.95,640,
2024-11-21 12:21:00+05:30,5967.95,5973.65,5967.95,5973,92,
2024-11-21 12:22:00+05:30,5973,5975,5973,5973.6,240,
2024-11-21 12:23:00+05:30,5973.6,5973.85,5965.2,5973.6,1426,
2024-11-21 12:24:00+05:30,5971.15,5975,5967.75,5970,2069,
2024-11-21 12:25:00+05:30,5970,5976.2,5970,5972,591,
2024-11-21 12:26:00+05:30,5972,5980,5972,5979.85,1119,
2024-11-21 12:27:00+05:30,5977.75,5982,5973.95,5973.95,946,
2024-11-21 12:28:00+05:30,5973.95,5978.2,5973.95,5975.15,219,
2024-11-21 12:29:00+05:30,5975.15,5978.9,5975,5977,204,
2024-11-21 12:30:00+05:30,5977,5978.9,5970,5970.15,526,
2024-11-21 12:31:00+05:30,5971.55,5972.85,5970,5970,451,
2024-11-21 12:32:00+05:30,5970,5970,5962,5964.85,2544,
2024-11-21 12:33:00+05:30,5964.85,5964.85,5957.1,5959,981,
2024-11-21 12:34:00+05:30,5957.1,5963.9,5955,5955,1302,
2024-11-21 12:35:00+05:30,5955,5958.6,5954.15,5955.85,553,
2024-11-21 12:36:00+05:30,5955.85,5960,5955.85,5957.9,183,
2024-11-21 12:37:00+05:30,5957.9,5960,5955,5955,165,
2024-11-21 12:38:00+05:30,5957.1,5961.95,5957.1,5961.25,206,
2024-11-21 12:39:00+05:30,5959.85,5962,5958.45,5959.95,155,
2024-11-21 12:40:00+05:30,5959.95,5962.5,5958.9,5959.6,537,
2024-11-21 12:41:00+05:30,5959.6,5961,5958.5,5958.5,134,
2024-11-21 12:42:00+05:30,5958.5,5961,5954.75,5957.95,1167,
2024-11-21 12:43:00+05:30,5957.95,5957.95,5955.15,5956.1,41,
2024-11-21 12:44:00+05:30,5957.8,5957.85,5950.05,5954.45,1159,
2024-11-21 12:45:00+05:30,5954.45,5954.45,5950.05,5951,468,
2024-11-21 12:46:00+05:30,5950.15,5953,5950.1,5952.65,115,
2024-11-21 12:47:00+05:30,5952.65,5952.65,5951.45,5951.85,57,
2024-11-21 12:48:00+05:30,5951.85,5952,5942.45,5945.15,1802,
2024-11-21 12:49:00+05:30,5942.7,5950,5942.7,5948.7,390,
2024-11-21 12:50:00+05:30,5948.7,5948.7,5944.1,5944.6,102,
2024-11-21 12:51:00+05:30,5944.6,5945,5941,5943.65,417,
2024-11-21 12:52:00+05:30,5943.65,5943.8,5942,5942.5,384,
2024-11-21 12:53:00+05:30,5942.5,5947.5,5942.5,5946.7,188,
2024-11-21 12:54:00+05:30,5946.7,5947.15,5936.7,5939.2,2510,
2024-11-21 12:55:00+05:30,5936,5940.75,5936,5936.5,460,
2024-11-21 12:56:00+05:30,5936.9,5947.45,5936.65,5941.75,924,
2024-11-21 12:57:00+05:30,5943.4,5945,5937.85,5945,709,
2024-11-21 12:58:00+05:30,5945,5950,5945,5947,585,
2024-11-21 12:59:00+05:30,5948.5,5948.95,5941.25,5941.25,502,
2024-11-21 13:00:00+05:30,5944.65,5945.6,5941.05,5942.4,580,
2024-11-21 13:01:00+05:30,5941.7,5945.2,5941.7,5944.95,123,
2024-11-21 13:02:00+05:30,5944.95,5949.8,5943.95,5945.45,336,
2024-11-21 13:03:00+05:30,5947.05,5949.8,5945.65,5947.75,127,
2024-11-21 13:04:00+05:30,5948.5,5949.5,5943.95,5948.9,387,
2024-11-21 13:05:00+05:30,5948.9,5950,5946.3,5950,233,
2024-11-21 13:06:00+05:30,5950,5950,5945.95,5948.1,84,
2024-11-21 13:07:00+05:30,5948.1,5950,5941.7,5942.55,1220,
2024-11-21 13:08:00+05:30,5942.55,5949.05,5942.55,5948.2,130,
2024-11-21 13:09:00+05:30,5948.2,5948.2,5946.6,5946.6,129,
2024-11-21 13:10:00+05:30,5946.6,5946.6,5942,5943.95,95,
2024-11-21 13:11:00+05:30,5943.95,5944.75,5941,5943.35,219,
2024-11-21 13:12:00+05:30,5943.35,5945,5943.15,5945,56,
2024-11-21 13:13:00+05:30,5945,5945.95,5940,5942.1,1017,
2024-11-21 13:14:00+05:30,5942.75,5945,5942.75,5945,53,
2024-11-21 13:15:00+05:30,5947.5,5947.5,5946.35,5947.5,366,
2024-11-21 13:16:00+05:30,5947.5,5950,5947.5,5948.9,314,
2024-11-21 13:17:00+05:30,5949.2,5950,5945.05,5949.8,561,
2024-11-21 13:18:00+05:30,5949.8,5950,5947.6,5949.65,249,
2024-11-21 13:19:00+05:30,5949.65,5949.9,5947.95,5949.9,264,
2024-11-21 13:20:00+05:30,5950,5951.95,5949,5951.9,1906,
2024-11-21 13:21:00+05:30,5951.95,5956.45,5950,5955.65,1383,
2024-11-21 13:22:00+05:30,5952.7,5957,5952.6,5955.3,330,
2024-11-21 13:23:00+05:30,5957,5957,5956,5957,124,
2024-11-21 13:24:00+05:30,5957,5957.3,5950.8,5954.8,436,
2024-11-21 13:25:00+05:30,5954.8,5958.7,5948.75,5952.6,1855,
2024-11-21 13:26:00+05:30,5953.45,5953.9,5947.35,5947.35,1028,
2024-11-21 13:27:00+05:30,5947.35,5953.5,5946.8,5950.45,2310,
2024-11-21 13:28:00+05:30,5950.45,5957.45,5950.45,5957.45,242,
2024-11-21 13:29:00+05:30,5957.45,5959.5,5954.95,5958.9,314,
2024-11-21 13:30:00+05:30,5957,5957.25,5950.85,5955.8,1366,
2024-11-21 13:31:00+05:30,5952.55,5955.2,5951.8,5951.85,245,
2024-11-21 13:32:00+05:30,5951.85,5955.4,5951.2,5952.25,123,
2024-11-21 13:33:00+05:30,5952.25,5956.75,5952.25,5956.5,113,
2024-11-21 13:34:00+05:30,5955.6,5956.7,5955,5956.7,409,
2024-11-21 13:35:00+05:30,5956.7,5958.75,5955.6,5957.2,293,
2024-11-21 13:36:00+05:30,5957.2,5958.15,5955.05,5957.2,507,
2024-11-21 13:37:00+05:30,5957.2,5959.15,5956.25,5958.7,397,
2024-11-21 13:38:00+05:30,5958.7,5959.95,5950.7,5952.15,1187,
2024-11-21 13:39:00+05:30,5952.15,5956.95,5952.15,5953.7,303,
2024-11-21 13:40:00+05:30,5953.7,5957.9,5953.7,5954.5,712,
2024-11-21 13:41:00+05:30,5954.5,5960,5954.5,5960,283,
2024-11-21 13:42:00+05:30,5960,5960,5955,5955,338,
2024-11-21 13:43:00+05:30,5955,5960,5955,5958.45,243,
2024-11-21 13:44:00+05:30,5958.45,5960,5952.05,5952.85,871,
2024-11-21 13:45:00+05:30,5952.4,5954.9,5951.5,5954.25,467,
2024-11-21 13:46:00+05:30,5954.25,5955.25,5952.3,5955.25,445,
2024-11-21 13:47:00+05:30,5952.5,5954.5,5950,5950,605,
2024-11-21 13:48:00+05:30,5951.05,5954.15,5948.9,5954.15,923,
2024-11-21 13:49:00+05:30,5954.15,5959.4,5952.3,5959.4,546,
2024-11-21 13:50:00+05:30,5959.4,5960,5955.65,5959.1,539,
2024-11-21 13:51:00+05:30,5959.1,5959.55,5955.05,5957.5,612,
2024-11-21 13:52:00+05:30,5957.5,5958.35,5954.45,5954.65,503,
2024-11-21 13:53:00+05:30,5954.65,5957.55,5954.3,5954.3,405,
2024-11-21 13:54:00+05:30,5954.3,5958.45,5953.7,5958,527,
2024-11-21 13:55:00+05:30,5958.3,5958.3,5951.85,5954.5,417,
2024-11-21 13:56:00+05:30,5954.5,5954.9,5953.55,5954.9,438,
2024-11-21 13:57:00+05:30,5954.9,5957.95,5953.6,5957,367,
2024-11-21 13:58:00+05:30,5957,5959.95,5952.25,5953.85,1198,
2024-11-21 13:59:00+05:30,5951.8,5958.7,5951.8,5953.55,485,
2024-11-21 14:00:00+05:30,5953.35,5956.3,5951.95,5951.95,226,
2024-11-21 14:01:00+05:30,5954.5,5954.95,5950,5953.95,454,
2024-11-21 14:02:00+05:30,5953.95,5954.35,5950.65,5953.8,224,
2024-11-21 14:03:00+05:30,5950.05,5953,5950,5950,1446,
2024-11-21 14:04:00+05:30,5949,5951.7,5947.5,5949.9,296,
2024-11-21 14:05:00+05:30,5949.9,5952.2,5948.75,5951.2,65,
2024-11-21 14:06:00+05:30,5951.2,5952,5948.95,5950,317,
2024-11-21 14:07:00+05:30,5950,5951.2,5948.05,5951.05,768,
2024-11-21 14:08:00+05:30,5951.05,5951.2,5950,5951.05,112,
2024-11-21 14:09:00+05:30,5951.05,5951.1,5950,5950,111,
2024-11-21 14:10:00+05:30,5950.55,5951.15,5947.55,5950,1818,
2024-11-21 14:11:00+05:30,5950,5951.2,5950,5951.05,409,
2024-11-21 14:12:00+05:30,5951.05,5951.05,5950,5950,145,
2024-11-21 14:13:00+05:30,5950,5954.5,5950,5954.5,540,
2024-11-21 14:14:00+05:30,5954.5,5955,5951.35,5952.8,113,
2024-11-21 14:15:00+05:30,5952.8,5956.8,5950.35,5956.8,354,
2024-11-21 14:16:00+05:30,5956.8,5956.85,5952.8,5953.8,242,
2024-11-21 14:17:00+05:30,5953.8,5955.95,5953,5955.8,103,
2024-11-21 14:18:00+05:30,5955.8,5955.8,5952.05,5953.7,199,
2024-11-21 14:19:00+05:30,5953.7,5954.55,5950.05,5950.3,183,
2024-11-21 14:20:00+05:30,5950.3,5955,5950.3,5953.5,301,
2024-11-21 14:21:00+05:30,5955.3,5960,5955.3,5955.3,595,
2024-11-21 14:22:00+05:30,5955.3,5956.9,5952.5,5954.95,51,
2024-11-21 14:23:00+05:30,5954.95,5956.4,5952.45,5952.45,370,
2024-11-21 14:24:00+05:30,5952.45,5955,5950.6,5950.65,708,
2024-11-21 14:25:00+05:30,5950.65,5955.05,5950.15,5950.2,572,
2024-11-21 14:26:00+05:30,5950.2,5954.05,5950.2,5950.35,217,
2024-11-21 14:27:00+05:30,5950.35,5954.1,5949.9,5949.9,1160,
2024-11-21 14:28:00+05:30,5951.8,5952.2,5950.5,5951.75,96,
2024-11-21 14:29:00+05:30,5953.55,5954,5952.55,5953.95,255,
2024-11-21 14:30:00+05:30,5954,5959.85,5954,5957.9,717,
2024-11-21 14:31:00+05:30,5957.9,5959,5952.8,5956.15,934,
2024-11-21 14:32:00+05:30,5956.15,5959,5949.8,5950.35,916,
2024-11-21 14:33:00+05:30,5950.35,5954.95,5949.65,5952.9,595,
2024-11-21 14:34:00+05:30,5952.9,5953.6,5949,5950.05,880,
2024-11-21 14:35:00+05:30,5950.05,5953.8,5948.35,5948.45,867,
2024-11-21 14:36:00+05:30,5948.45,5954,5948.45,5950.2,971,
2024-11-21 14:37:00+05:30,5950.2,5953.95,5950,5952.8,660,
2024-11-21 14:38:00+05:30,5952.8,5954,5950,5951,234,
2024-11-21 14:39:00+05:30,5952.05,5954,5950,5954,711,
2024-11-21 14:40:00+05:30,5954,5954,5950,5951.3,323,
2024-11-21 14:41:00+05:30,5951.3,5951.3,5949.1,5949.1,350,
2024-11-21 14:42:00+05:30,5949.1,5951,5949.1,5951,244,
2024-11-21 14:43:00+05:30,5951,5956.55,5951,5956.05,731,
2024-11-21 14:44:00+05:30,5956.05,5960,5954.3,5958.95,505,
2024-11-21 14:45:00+05:30,5958.95,5959,5956.05,5958.05,235,
2024-11-21 14:46:00+05:30,5954.25,5958.2,5950.55,5952.9,163,
2024-11-21 14:47:00+05:30,5952.9,5954,5949.95,5950.05,784,
2024-11-21 14:48:00+05:30,5950.05,5953.7,5948.3,5951,843,
2024-11-21 14:49:00+05:30,5951.1,5953.2,5951.1,5951.55,269,
2024-11-21 14:50:00+05:30,5951.55,5953.45,5951.55,5953.25,163,
2024-11-21 14:51:00+05:30,5952.7,5952.7,5950,5950.2,478,
2024-11-21 14:52:00+05:30,5950.2,5951.9,5950.2,5951,330,
2024-11-21 14:53:00+05:30,5951,5951,5950.5,5950.5,198,
2024-11-21 14:54:00+05:30,5951,5951,5950,5951,252,
2024-11-21 14:55:00+05:30,5951,5951.9,5950,5950,268,
2024-11-21 14:56:00+05:30,5950.85,5951.85,5950,5951.85,267,
2024-11-21 14:57:00+05:30,5951.85,5955.15,5950,5952.5,569,
2024-11-21 14:58:00+05:30,5952.5,5955.55,5950,5954.4,1064,
2024-11-21 14:59:00+05:30,5954.4,5957,5951.05,5953.6,448,
2024-11-21 15:00:00+05:30,5952.05,5962,5952.05,5959.75,2275,
2024-11-21 15:01:00+05:30,5959.95,5963.3,5956.75,5957.6,4200,
2024-11-21 15:02:00+05:30,5957.6,5959.6,5953.65,5955.5,1204,
2024-11-21 15:03:00+05:30,5955.25,5955.35,5951.75,5955.1,1164,
2024-11-21 15:04:00+05:30,5955.15,5955.15,5949.25,5950,767,
2024-11-21 15:05:00+05:30,5949.95,5955.95,5949.95,5951.2,1890,
2024-11-21 15:06:00+05:30,5951.1,5955.7,5950.45,5950.95,2195,
2024-11-21 15:07:00+05:30,5953.05,5956.95,5953.05,5955.55,763,
2024-11-21 15:08:00+05:30,5956.4,5958.95,5954.45,5957.7,1255,
2024-11-21 15:09:00+05:30,5958.3,5963.3,5956.85,5962.2,2112,
2024-11-21 15:10:00+05:30,5963.95,5963.95,5958.85,5961,1311,
2024-11-21 15:11:00+05:30,5961,5963.55,5960.4,5962.65,782,
2024-11-21 15:12:00+05:30,5962.8,5968,5962.8,5965.95,1816,
2024-11-21 15:13:00+05:30,5965.7,5970,5964.25,5969.85,1640,
2024-11-21 15:14:00+05:30,5969.25,5983.8,5968.55,5983.8,2271,
2024-11-21 15:15:00+05:30,5984,5988.55,5982.05,5987.3,6358,
2024-11-21 15:16:00+05:30,5984.8,5996.3,5984.8,5996.3,4609,
2024-11-21 15:17:00+05:30,5994.3,5996.4,5991.05,5995.75,3470,
2024-11-21 15:18:00+05:30,5995.05,5999,5991.6,5998.9,3577,
2024-11-21 15:19:00+05:30,5998.9,5999.85,5994.55,5994.55,4227,
2024-11-21 15:20:00+05:30,5994.55,5999.95,5994.55,5999.85,4254,
2024-11-21 15:21:00+05:30,5999.85,6000,5994.95,5997.4,4078,
2024-11-21 15:22:00+05:30,5997.05,5997.9,5994.05,5997.85,3223,
2024-11-21 15:23:00+05:30,5997.85,5999.8,5994.75,5998.95,3387,
2024-11-21 15:24:00+05:30,5998.95,5999.7,5993.75,5996.25,3642,
2024-11-21 15:25:00+05:30,5996.2,5996.2,5973.6,5973.6,11055,
2024-11-21 15:26:00+05:30,5976.55,5980.4,5957.6,5959.75,10082,
2024-11-21 15:27:00+05:30,5959.75,5960,5953.5,5960,2309,
2024-11-21 15:28:00+05:30,5961.9,5969.15,5950,5963.6,5940,
2024-11-21 15:29:00+05:30,5963,5975,5963,5973.95,645,
2024-11-22 09:15:00+05:30,5980,6028.2,5980,6007.05,5647,
2024-11-22 09:16:00+05:30,6007.05,6015.45,5986.8,5987.75,5062,
2024-11-22 09:17:00+05:30,5987.55,6015,5987.55,6015,2590,
2024-11-22 09:18:00+05:30,6010.7,6018.95,6010.7,6017.15,1769,
2024-11-22 09:19:00+05:30,6016.9,6019,6012.15,6012.8,2606,
2024-11-22 09:20:00+05:30,6014.9,6019.5,6011.55,6014.7,2197,
2024-11-22 09:21:00+05:30,6015,6021,6014.3,6019,1614,
2024-11-22 09:22:00+05:30,6019,6027.2,6012,6026.95,2207,
2024-11-22 09:23:00+05:30,6022.9,6027.15,6021.05,6024,1646,
2024-11-22 09:24:00+05:30,6024,6025,6021,6024.9,563,
2024-11-22 09:25:00+05:30,6022.85,6027.95,6021,6027.5,1329,
2024-11-22 09:26:00+05:30,6028,6039.9,6026.35,6039,2524,
2024-11-22 09:27:00+05:30,6040,6044.8,6034.25,6036.45,3314,
2024-11-22 09:28:00+05:30,6036.45,6047,6036.45,6047,1655,
2024-11-22 09:29:00+05:30,6047,6047,6034.75,6039.9,1230,
2024-11-22 09:30:00+05:30,6039.9,6043.9,6036.25,6037.1,1056,
2024-11-22 09:31:00+05:30,6039.7,6047,6037.5,6047,2099,
2024-11-22 09:32:00+05:30,6047,6056.95,6045.75,6046.9,4977,
2024-11-22 09:33:00+05:30,6046.9,6048.3,6041.25,6044.1,751,
2024-11-22 09:34:00+05:30,6044.1,6046.2,6041,6042.55,844,
2024-11-22 09:35:00+05:30,6044,6044,6037.1,6037.1,786,
2024-11-22 09:36:00+05:30,6037.1,6045.9,6034.35,6043.95,868,
2024-11-22 09:37:00+05:30,6043.2,6045.7,6038.15,6045.45,593,
2024-11-22 09:38:00+05:30,6045.45,6050,6042.35,6043,715,
2024-11-22 09:39:00+05:30,6043,6044.35,6021.6,6024.4,1699,
2024-11-22 09:40:00+05:30,6027.25,6036.1,6016.4,6036.1,1362,
2024-11-22 09:41:00+05:30,6036.1,6038.2,6034.6,6035,592,
2024-11-22 09:42:00+05:30,6035,6037.5,6032.05,6034.3,486,
2024-11-22 09:43:00+05:30,6034.65,6034.65,6025,6027.25,990,
2024-11-22 09:44:00+05:30,6027.25,6031.9,6027.25,6029.1,563,
2024-11-22 09:45:00+05:30,6030,6046.95,6030,6043.5,808,
2024-11-22 09:46:00+05:30,6043.5,6049,6041.8,6041.8,753,
2024-11-22 09:47:00+05:30,6041.8,6043.85,6028.5,6033.95,825,
2024-11-22 09:48:00+05:30,6033.95,6041.1,6033.95,6037,485,
2024-11-22 09:49:00+05:30,6037,6042,6032.7,6042,849,
2024-11-22 09:50:00+05:30,6042.05,6042.3,6034.7,6039.2,626,
2024-11-22 09:51:00+05:30,6039.2,6040.25,6032.05,6033.35,986,
2024-11-22 09:52:00+05:30,6032.3,6038.4,6024.75,6027.2,4609,
2024-11-22 09:53:00+05:30,6029.9,6032.8,6024.4,6032.45,541,
2024-11-22 09:54:00+05:30,6032.45,6041.95,6032.45,6041.9,502,
2024-11-22 09:55:00+05:30,6040.25,6042,6034.05,6041.45,460,
2024-11-22 09:56:00+05:30,6041.45,6041.45,6032.45,6034,272,
2024-11-22 09:57:00+05:30,6032.55,6035.35,6030,6032.95,479,
2024-11-22 09:58:00+05:30,6034.95,6035,6030,6030,289,
2024-11-22 09:59:00+05:30,6030.1,6032.2,6025,6028,176,
2024-11-22 10:00:00+05:30,6028,6030,6021.9,6024,337,
2024-11-22 10:01:00+05:30,6024,6025,6022.1,6024.6,438,
2024-11-22 10:02:00+05:30,6020.05,6034.35,6020,6032.55,949,
2024-11-22 10:03:00+05:30,6032.55,6033.45,6027.65,6030.05,216,
2024-11-22 10:04:00+05:30,6030.05,6034.95,6030.05,6034.95,413,
2024-11-22 10:05:00+05:30,6034.95,6035.65,6030.65,6030.65,103,
2024-11-22 10:06:00+05:30,6030.65,6034.8,6028.35,6029.3,196,
2024-11-22 10:07:00+05:30,6029.3,6030,6026.5,6029,132,
2024-11-22 10:08:00+05:30,6029,6029,6025.8,6025.8,109,
2024-11-22 10:09:00+05:30,6025.8,6031.85,6024.95,6029.9,1053,
2024-11-22 10:10:00+05:30,6029.9,6032.05,6028.1,6028.65,162,
2024-11-22 10:11:00+05:30,6025.05,6030.25,6025.05,6027.25,236,
2024-11-22 10:12:00+05:30,6028.4,6028.6,6022.3,6022.3,157,
2024-11-22 10:13:00+05:30,6026.35,6028.4,6022.6,6024.85,102,
2024-11-22 10:14:00+05:30,6024.85,6027.05,6022.05,6024.1,283,
2024-11-22 10:15:00+05:30,6023.3,6028,6023.3,6025.8,215,
2024-11-22 10:16:00+05:30,6027.55,6027.75,6025,6026.2,173,
2024-11-22 10:17:00+05:30,6026.2,6027.15,6024,6026.8,338,
2024-11-22 10:18:00+05:30,6026.8,6027.4,6022.1,6025.15,423,
2024-11-22 10:19:00+05:30,6025.15,6025.15,6013.5,6017.9,911,
2024-11-22 10:20:00+05:30,6017.9,6019,6012.4,6014.85,295,
2024-11-22 10:21:00+05:30,6014.85,6017.25,6012.25,6017.1,245,
2024-11-22 10:22:00+05:30,6017.1,6017.55,6009,6015,1131,
2024-11-22 10:23:00+05:30,6015,6015,6008.65,6009.25,338,
2024-11-22 10:24:00+05:30,6009.25,6013.15,6008.55,6008.55,296,
2024-11-22 10:25:00+05:30,6010,6012.45,6008,6008.6,539,
2024-11-22 10:26:00+05:30,6008.6,6013.1,6003.9,6003.9,580,
2024-11-22 10:27:00+05:30,6003.55,6006.55,6000,6004,928,
2024-11-22 10:28:00+05:30,6004,6013.95,6001.95,6013.95,277,
2024-11-22 10:29:00+05:30,6013.95,6018.05,6010.9,6015.3,441,
2024-11-22 10:30:00+05:30,6013.55,6020,6010.7,6017.5,572,
2024-11-22 10:31:00+05:30,6017.5,6020,6015.05,6015.55,149,
2024-11-22 10:32:00+05:30,6015.55,6019.35,6013.6,6016.45,212,
2024-11-22 10:33:00+05:30,6013,6016.85,6013,6016.5,179,
2024-11-22 10:34:00+05:30,6016.5,6016.6,6013,6013,179,
2024-11-22 10:35:00+05:30,6014.9,6017,6011,6011.9,189,
2024-11-22 10:36:00+05:30,6011.9,6015.8,6010,6013.1,166,
2024-11-22 10:37:00+05:30,6008.7,6011.2,6007.05,6010,246,
2024-11-22 10:38:00+05:30,6010,6010,6008.05,6009.85,275,
2024-11-22 10:39:00+05:30,6009.85,6015,6008.65,6015,85,
2024-11-22 10:40:00+05:30,6015,6015,6012.65,6014.3,41,
2024-11-22 10:41:00+05:30,6010,6011.95,6008.1,6011.9,225,
2024-11-22 10:42:00+05:30,6011.9,6016,6011.9,6013.75,872,
2024-11-22 10:43:00+05:30,6011.95,6014.9,6008,6010,1009,
2024-11-22 10:44:00+05:30,6010,6016,6010,6016,102,
2024-11-22 10:45:00+05:30,6016,6023.4,6016,6022.25,475,
2024-11-22 10:46:00+05:30,6022.25,6022.7,6015.45,6019.25,261,
2024-11-22 10:47:00+05:30,6019.25,6019.9,6012.25,6016.35,294,
2024-11-22 10:48:00+05:30,6016.35,6017.2,6010,6015.05,87,
2024-11-22 10:49:00+05:30,6017.45,6021.95,6016.45,6018.35,350,
2024-11-22 10:50:00+05:30,6018.35,6018.8,6016,6018.8,80,
2024-11-22 10:51:00+05:30,6018.8,6022,6016.75,6020.8,250,
2024-11-22 10:52:00+05:30,6020.8,6020.8,6014.05,6014.05,347,
2024-11-22 10:53:00+05:30,6014.05,6020.95,6011.15,6018,573,
2024-11-22 10:54:00+05:30,6018,6022,6016,6020.4,364,
2024-11-22 10:55:00+05:30,6020.4,6023,6018.05,6023,754,
2024-11-22 10:56:00+05:30,6023,6023,6014.65,6016.65,691,
2024-11-22 10:57:00+05:30,6016.65,6018.95,6015.35,6017.95,201,
2024-11-22 10:58:00+05:30,6017.95,6017.95,6015.05,6017.35,228,
2024-11-22 10:59:00+05:30,6017.35,6020.15,6015.9,6019,517,
2024-11-22 11:00:00+05:30,6019,6020,6016.15,6020,136,
2024-11-22 11:01:00+05:30,6020,6027.1,6017.4,6027.1,907,
2024-11-22 11:02:00+05:30,6027.1,6030,6027,6029.8,313,
2024-11-22 11:03:00+05:30,6029.95,6038.65,6029.95,6035.45,795,
2024-11-22 11:04:00+05:30,6035.45,6039,6035.45,6037.55,474,
2024-11-22 11:05:00+05:30,6037.55,6040,6036.65,6039,623,
2024-11-22 11:06:00+05:30,6039,6042,6035.7,6038.95,1188,
2024-11-22 11:07:00+05:30,6038.95,6039.95,6032.55,6036.75,513,
2024-11-22 11:08:00+05:30,6036.75,6038.95,6032.95,6038.95,166,
2024-11-22 11:09:00+05:30,6038.95,6038.95,6036.65,6038,155,
2024-11-22 11:10:00+05:30,6038,6039,6036.25,6039,273,
2024-11-22 11:11:00+05:30,6039,6039.95,6034.5,6036.8,457,
2024-11-22 11:12:00+05:30,6036.8,6036.8,6027.6,6033.1,619,
2024-11-22 11:13:00+05:30,6033.1,6034.35,6030.25,6031.95,206,
2024-11-22 11:14:00+05:30,6031.95,6034.5,6030.05,6033.95,277,
2024-11-22 11:15:00+05:30,6033.95,6033.95,6022.95,6024.05,548,
2024-11-22 11:16:00+05:30,6024.05,6024.05,6019.45,6022.95,191,
2024-11-22 11:17:00+05:30,6022.95,6023.3,6016.35,6018.6,308,
2024-11-22 11:18:00+05:30,6020.6,6020.6,6016.65,6018.5,209,
2024-11-22 11:19:00+05:30,6018.5,6019.55,6016.5,6019,112,
2024-11-22 11:20:00+05:30,6019,6020.55,6010.05,6017,389,
2024-11-22 11:21:00+05:30,6017.15,6020.25,6013.1,6020,108,
2024-11-22 11:22:00+05:30,6017.25,6017.25,6013,6016.3,337,
2024-11-22 11:23:00+05:30,6016.3,6018.4,6013.9,6017.45,297,
2024-11-22 11:24:00+05:30,6016.85,6022.3,6015.15,6017.15,165,
2024-11-22 11:25:00+05:30,6017.15,6018.7,6015.5,6016.2,30,
2024-11-22 11:26:00+05:30,6016.2,6016.45,6006.3,6006.3,1047,
2024-11-22 11:27:00+05:30,6006.3,6010,6004.6,6007.85,935,
2024-11-22 11:28:00+05:30,6007.85,6010,6004.2,6004.6,1639,
2024-11-22 11:29:00+05:30,6004.6,6009.95,6003.95,6004.95,1457,
2024-11-22 11:30:00+05:30,6004.6,6007.85,6001.9,6001.95,3607,
2024-11-22 11:31:00+05:30,6001.95,6004.95,5997.35,5997.35,1410,
2024-11-22 11:32:00+05:30,5998.65,6010,5998.65,6010,2064,
2024-11-22 11:33:00+05:30,6011,6013.1,6010.45,6012.95,445,
2024-11-22 11:34:00+05:30,6012.95,6015,6008.7,6012,1134,
2024-11-22 11:35:00+05:30,6012.8,6021,6012.8,6017.7,815,
2024-11-22 11:36:00+05:30,6017.7,6019.95,6010.55,6014.75,655,
2024-11-22 11:37:00+05:30,6014.75,6018.7,6012.2,6014.1,404,
2024-11-22 11:38:00+05:30,6014.1,6023.85,6014.1,6023.85,428,
2024-11-22 11:39:00+05:30,6024.1,6025.45,6018.7,6021.25,732,
2024-11-22 11:40:00+05:30,6021.25,6022.55,6019.1,6020.1,327,
2024-11-22 11:41:00+05:30,6020.1,6020.3,6012.1,6019.2,476,
2024-11-22 11:42:00+05:30,6019.2,6020,6012.4,6020,341,
2024-11-22 11:43:00+05:30,6020,6020,6013.2,6017.45,143,
2024-11-22 11:44:00+05:30,6016.65,6019.75,6013.4,6016.35,460,
2024-11-22 11:45:00+05:30,6015,6018,6015,6018,129,
2024-11-22 11:46:00+05:30,6018,6018,6002,6003.9,3129,
2024-11-22 11:47:00+05:30,6003.9,6004.15,5996,5998.8,543,
2024-11-22 11:48:00+05:30,5998.8,6003.8,5998.8,6002.05,668,
2024-11-22 11:49:00+05:30,6002.05,6003,5999.05,5999.95,392,
2024-11-22 11:50:00+05:30,5999.95,6003,5999.35,6001.05,490,
2024-11-22 11:51:00+05:30,6001.05,6005.1,5999.65,5999.95,1347,
2024-11-22 11:52:00+05:30,5999.95,6001.1,5999,6001.05,247,
2024-11-22 11:53:00+05:30,6000.15,6009,5999.3,6002.35,1204,
2024-11-22 11:54:00+05:30,6002.35,6005.95,6000,6000.95,865,
2024-11-22 11:55:00+05:30,6000.95,6005.1,6000,6000.2,1184,
2024-11-22 11:56:00+05:30,6000.2,6007.4,6000,6007.4,1396,
2024-11-22 11:57:00+05:30,6007.4,6010.55,6005.2,6006.45,544,
2024-11-22 11:58:00+05:30,6006.45,6008.4,6006.45,6007,320,
2024-11-22 11:59:00+05:30,6007.65,6009.8,6007,6008.5,323,
2024-11-22 12:00:00+05:30,6009.8,6014.3,6008.5,6009.3,543,
2024-11-22 12:01:00+05:30,6009.3,6013.6,6006.05,6006.05,248,
2024-11-22 12:02:00+05:30,6006.05,6014.95,6006.05,6012.05,236,
2024-11-22 12:03:00+05:30,6012.05,6013.9,6008.55,6008.55,222,
2024-11-22 12:04:00+05:30,6008.55,6010.9,6004.95,6010.4,222,
2024-11-22 12:05:00+05:30,6009.1,6014.65,6009.1,6013.7,192,
2024-11-22 12:06:00+05:30,6012.15,6017,6010.2,6017,220,
2024-11-22 12:07:00+05:30,6017,6018,6012.85,6014.55,350,
2024-11-22 12:08:00+05:30,6016,6016.75,6010.85,6013.5,189,
2024-11-22 12:09:00+05:30,6013.5,6016.6,6011.7,6015.75,219,
2024-11-22 12:10:00+05:30,6015.75,6016.75,6012.8,6014.3,260,
2024-11-22 12:11:00+05:30,6014.3,6016.55,6012.1,6016.55,76,
2024-11-22 12:12:00+05:30,6015.3,6016.55,6011.3,6016,188,
2024-11-22 12:13:00+05:30,6016,6016.75,6014.3,6016.75,166,
2024-11-22 12:14:00+05:30,6016.75,6016.75,6013.6,6016.3,947,
2024-11-22 12:15:00+05:30,6016.3,6018,6016.2,6018,845,
2024-11-22 12:16:00+05:30,6018,6018,5998.6,6004.6,6666,
2024-11-22 12:17:00+05:30,6004.6,6004.6,5999,6004,2667,
2024-11-22 12:18:00+05:30,6007.9,6007.9,6000.05,6004.6,675,
2024-11-22 12:19:00+05:30,6004.6,6004.65,6001.8,6001.8,568,
2024-11-22 12:20:00+05:30,6002.6,6008,6002.6,6008,341,
2024-11-22 12:21:00+05:30,6008,6011.75,6007.05,6008,883,
2024-11-22 12:22:00+05:30,6008,6008,6000,6000,1707,
2024-11-22 12:23:00+05:30,5999.05,6000,5999.05,6000,451,
2024-11-22 12:24:00+05:30,6000,6001,5999.6,6000.55,815,
2024-11-22 12:25:00+05:30,6000.55,6000.55,5998.3,6000,230,
2024-11-22 12:26:00+05:30,5999.4,6000,5999.4,5999.9,472,
2024-11-22 12:27:00+05:30,5999.9,6001,5998,6000,385,
2024-11-22 12:28:00+05:30,6000,6000,5999.05,5999.95,260,
2024-11-22 12:29:00+05:30,5999,5999.9,5995,5997.7,837,
2024-11-22 12:30:00+05:30,5996.55,6000,5995.15,5999.35,527,
2024-11-22 12:31:00+05:30,5999.35,6003,5999.35,6002.55,1264,
2024-11-22 12:32:00+05:30,6003,6003,6000,6003,547,
2024-11-22 12:33:00+05:30,6003,6003,6000,6000.35,220,
2024-11-22 12:34:00+05:30,6000.35,6003,5997.55,5997.55,581,
2024-11-22 12:35:00+05:30,6001.75,6002,5998.8,6000.1,297,
2024-11-22 12:36:00+05:30,6000.1,6001.5,5995.85,6001.5,1515,
2024-11-22 12:37:00+05:30,6001.5,6001.5,5997.25,6001,1421,
2024-11-22 12:38:00+05:30,6001,6002.2,5996.35,6000,707,
2024-11-22 12:39:00+05:30,6000,6000,5999.35,6000,111,
2024-11-22 12:40:00+05:30,6000,6001,5998.9,6001,1925,
2024-11-22 12:41:00+05:30,6000.95,6002,5997.5,5997.5,876,
2024-11-22 12:42:00+05:30,5998.85,6000.05,5998.85,6000.05,270,
2024-11-22 12:43:00+05:30,6000.05,6001,5999.5,6000.9,359,
2024-11-22 12:44:00+05:30,6000.9,6000.9,5996.95,5997.2,276,
2024-11-22 12:45:00+05:30,5997.85,6001,5997.85,6001,300,
2024-11-22 12:46:00+05:30,6001,6002,6000.95,6002,443,
2024-11-22 12:47:00+05:30,6001.55,6001.85,6000.9,6000.9,122,
2024-11-22 12:48:00+05:30,6001.45,6001.45,5997,5999.7,423,
2024-11-22 12:49:00+05:30,5999.7,6000,5997.5,6000,527,
2024-11-22 12:50:00+05:30,6000,6007.45,5999.2,6007.45,875,
2024-11-22 12:51:00+05:30,6007.45,6007.45,6001.65,6003.35,596,
2024-11-22 12:52:00+05:30,6004.75,6007.45,6004.15,6006.6,153,
2024-11-22 12:53:00+05:30,6006.55,6006.55,6002.1,6003.75,213,
2024-11-22 12:54:00+05:30,6003.75,6008,6003.75,6006.85,215,
2024-11-22 12:55:00+05:30,6007.35,6008,6005,6005.9,498,
2024-11-22 12:56:00+05:30,6005.9,6007.05,6000.4,6000.8,101,
2024-11-22 12:57:00+05:30,6000.8,6003.5,6000.5,6000.7,91,
2024-11-22 12:58:00+05:30,6003.3,6006.45,6002.05,6006.1,64,
2024-11-22 12:59:00+05:30,6006.35,6013.85,6006.35,6013.05,555,
2024-11-22 13:00:00+05:30,6013.05,6013.9,6010,6013.9,117,
2024-11-22 13:01:00+05:30,6013.9,6019,6013.3,6019,2450,
2024-11-22 13:02:00+05:30,6019,6023.45,6014.45,6015.5,2112,
2024-11-22 13:03:00+05:30,6015.5,6016.7,6013.8,6015.95,179,
2024-11-22 13:04:00+05:30,6015.95,6016.7,6011.15,6016,771,
2024-11-22 13:05:00+05:30,6016,6016.7,6011.15,6012.9,1567,
2024-11-22 13:06:00+05:30,6012.9,6016.15,6007.65,6011.4,833,
2024-11-22 13:07:00+05:30,6011.4,6017,6011.4,6016.5,763,
2024-11-22 13:08:00+05:30,6016.5,6020,6012.65,6019.65,300,
2024-11-22 13:09:00+05:30,6019.65,6024,6019.55,6021.1,1034,
2024-11-22 13:10:00+05:30,6021.1,6022.95,6021.1,6021.1,355,
2024-11-22 13:11:00+05:30,6021.1,6021.4,6016.05,6017.4,507,
2024-11-22 13:12:00+05:30,6017.4,6022.95,6017.4,6020.8,289,
2024-11-22 13:13:00+05:30,6020.8,6023.95,6020.8,6022,276,
2024-11-22 13:14:00+05:30,6022,6022,6015.05,6018.75,775,
2024-11-22 13:15:00+05:30,6018.75,6021.95,6017.6,6018.65,791,
2024-11-22 13:16:00+05:30,6019.85,6024,6018.65,6021.4,592,
2024-11-22 13:17:00+05:30,6021.4,6023.75,6021.4,6021.4,142,
2024-11-22 13:18:00+05:30,6021.4,6023.2,6020.05,6020.2,79,
2024-11-22 13:19:00+05:30,6020.2,6023.1,6020,6022.1,199,
2024-11-22 13:20:00+05:30,6022.1,6023.05,6015.3,6018.65,467,
2024-11-22 13:21:00+05:30,6018.65,6018.85,6008,6010.75,1023,
2024-11-22 13:22:00+05:30,6010.75,6012.6,6007.5,6009,149,
2024-11-22 13:23:00+05:30,6009,6010.85,6003.25,6003.25,910,
2024-11-22 13:24:00+05:30,6003.25,6009.3,6003.25,6006.15,2473,
2024-11-22 13:25:00+05:30,6006.15,6006.15,6002.05,6003.9,518,
2024-11-22 13:26:00+05:30,6003.9,6005,6002.65,6005,991,
2024-11-22 13:27:00+05:30,6004.1,6005,6004.1,6004.85,399,
2024-11-22 13:28:00+05:30,6004.85,6009.4,6000,6009.4,7059,
2024-11-22 13:29:00+05:30,6009.4,6015.1,6005.8,6008.85,484,
2024-11-22 13:30:00+05:30,6008.85,6014.15,6008.85,6010,321,
2024-11-22 13:31:00+05:30,6010,6015,6010,6013.05,93,
2024-11-22 13:32:00+05:30,6013.05,6014.6,6003.4,6004.9,211,
2024-11-22 13:33:00+05:30,6004.9,6007,6002.65,6004.35,1153,
2024-11-22 13:34:00+05:30,6004.35,6006.1,6002.8,6003,699,
2024-11-22 13:35:00+05:30,6003,6005,6001,6002.5,1070,
2024-11-22 13:36:00+05:30,6002.5,6003,5998.05,5999.15,1566,
2024-11-22 13:37:00+05:30,5999.15,6001,5999.05,5999.95,228,
2024-11-22 13:38:00+05:30,5999.95,6001.2,5998.55,5998.55,1680,
2024-11-22 13:39:00+05:30,5998.55,6003,5998.5,5999.6,1507,
2024-11-22 13:40:00+05:30,5999.6,6001,5998.65,5998.65,793,
2024-11-22 13:41:00+05:30,5998.65,6005.75,5998.5,6004.45,418,
2024-11-22 13:42:00+05:30,6004,6008.05,6003.1,6006.4,198,
2024-11-22 13:43:00+05:30,6006.4,6007.95,6006.4,6007.95,44,
2024-11-22 13:44:00+05:30,6007.95,6010.1,6007.95,6010.1,216,
2024-11-22 13:45:00+05:30,6010.1,6013,6010.1,6012.85,199,
2024-11-22 13:46:00+05:30,6015,6015.2,6010.15,6013.3,300,
2024-11-22 13:47:00+05:30,6013.3,6013.9,6008.65,6012.4,226,
2024-11-22 13:48:00+05:30,6012.4,6015.65,6012.4,6014.5,124,
2024-11-22 13:49:00+05:30,6014.5,6016.35,6010.75,6013,379,
2024-11-22 13:50:00+05:30,6013,6017,6013,6016.15,158,
2024-11-22 13:51:00+05:30,6016.15,6017,6015,6016.65,169,
2024-11-22 13:52:00+05:30,6017,6017,6011.65,6016.4,325,
2024-11-22 13:53:00+05:30,6016.4,6017.7,6014.1,6016.85,252,
2024-11-22 13:54:00+05:30,6016.85,6016.85,6014.1,6016,162,
2024-11-22 13:55:00+05:30,6016,6016.9,6012.05,6014.15,193,
2024-11-22 13:56:00+05:30,6014.15,6016.95,6014.15,6016.95,202,
2024-11-22 13:57:00+05:30,6016.95,6019.2,6016.95,6018.75,164,
2024-11-22 13:58:00+05:30,6018.75,6020,6017.4,6017.4,338,
2024-11-22 13:59:00+05:30,6017.05,6022.5,6017.05,6022.5,789,
2024-11-22 14:00:00+05:30,6022.5,6022.9,6020.65,6020.7,289,
2024-11-22 14:01:00+05:30,6021.45,6025,6021.4,6024,1532,
2024-11-22 14:02:00+05:30,6024,6025.55,6022,6025.15,1490,
2024-11-22 14:03:00+05:30,6025.15,6027.75,6023.05,6027.5,278,
2024-11-22 14:04:00+05:30,6025.55,6026.8,6023.55,6026.8,625,
2024-11-22 14:05:00+05:30,6026.8,6028,6025.05,6028,162,
2024-11-22 14:06:00+05:30,6027.55,6028,6025.35,6027,382,
2024-11-22 14:07:00+05:30,6027,6030,6025.4,6028,639,
2024-11-22 14:08:00+05:30,6026.35,6030,6024.75,6027.25,788,
2024-11-22 14:09:00+05:30,6028,6030,6027.55,6028.75,1035,
2024-11-22 14:10:00+05:30,6028.75,6029.95,6022.75,6023.5,865,
2024-11-22 14:11:00+05:30,6023.5,6025,6020.1,6023.9,432,
2024-11-22 14:12:00+05:30,6023.05,6023.1,6020,6022.95,1003,
2024-11-22 14:13:00+05:30,6022.95,6025,6019.25,6020,1326,
2024-11-22 14:14:00+05:30,6020,6023.95,6017.75,6020,1655,
2024-11-22 14:15:00+05:30,6020,6023.75,6017.55,6023.75,1656,
2024-11-22 14:16:00+05:30,6023.75,6030,6022.75,6025.2,3074,
2024-11-22 14:17:00+05:30,6025.2,6030,6023.55,6029.05,1013,
2024-11-22 14:18:00+05:30,6029.05,6029.95,6025.9,6027.95,106,
2024-11-22 14:19:00+05:30,6027.95,6030,6025.55,6027.95,743,
2024-11-22 14:20:00+05:30,6027.55,6029.9,6026.05,6028.25,1993,
2024-11-22 14:21:00+05:30,6028.05,6030,6022.65,6025.3,429,
2024-11-22 14:22:00+05:30,6025.3,6026.5,6022,6026.5,366,
2024-11-22 14:23:00+05:30,6026.5,6026.5,6023.95,6025.7,166,
2024-11-22 14:24:00+05:30,6025.7,6028.4,6021.9,6026.2,995,
2024-11-22 14:25:00+05:30,6026.2,6028.95,6021.1,6021.95,2236,
2024-11-22 14:26:00+05:30,6021.95,6026.4,6019.55,6025.8,4645,
2024-11-22 14:27:00+05:30,6025.8,6029,6020.05,6029,761,
2024-11-22 14:28:00+05:30,6028.25,6028.55,6025.2,6025.2,624,
2024-11-22 14:29:00+05:30,6025.2,6027.1,6020.4,6021.9,725,
2024-11-22 14:30:00+05:30,6021.9,6021.9,6017.45,6019.2,188,
2024-11-22 14:31:00+05:30,6019.2,6022.2,6010.05,6010.5,1600,
2024-11-22 14:32:00+05:30,6010.5,6014.05,6008.8,6012.35,1435,
2024-11-22 14:33:00+05:30,6012.35,6018.8,6012.35,6018.25,250,
2024-11-22 14:34:00+05:30,6018.25,6020.6,6017.8,6020.6,125,
2024-11-22 14:35:00+05:30,6020.1,6020.1,6017.75,6017.75,802,
2024-11-22 14:36:00+05:30,6017.75,6017.75,6011.15,6014.55,113,
2024-11-22 14:37:00+05:30,6014.55,6014.55,6013,6014,171,
2024-11-22 14:38:00+05:30,6014,6014,6011,6011.8,341,
2024-11-22 14:39:00+05:30,6012.4,6013.6,6006.4,6007.85,2151,
2024-11-22 14:40:00+05:30,6007.85,6009.95,6005,6007.3,804,
2024-11-22 14:41:00+05:30,6008.75,6011,6007.3,6009.45,200,
2024-11-22 14:42:00+05:30,6009.45,6010.25,6005.5,6006.9,384,
2024-11-22 14:43:00+05:30,6006.9,6010.25,6006.9,6007.7,316,
2024-11-22 14:44:00+05:30,6008.05,6009.65,6007.75,6008.15,237,
2024-11-22 14:45:00+05:30,6008.15,6010.2,6008.15,6009.35,159,
2024-11-22 14:46:00+05:30,6009.35,6012,6007.65,6012,553,
2024-11-22 14:47:00+05:30,6011.4,6014.1,6011.4,6013,166,
2024-11-22 14:48:00+05:30,6013,6016,6013,6016,117,
2024-11-22 14:49:00+05:30,6015.3,6023,6015.3,6021.2,621,
2024-11-22 14:50:00+05:30,6021.2,6021.2,6015,6017.8,484,
2024-11-22 14:51:00+05:30,6017.8,6017.8,6015,6015.15,266,
2024-11-22 14:52:00+05:30,6015.15,6015.65,6013,6015.65,208,
2024-11-22 14:53:00+05:30,6015.65,6017.05,6010,6010.6,539,
2024-11-22 14:54:00+05:30,6010.6,6015.1,6010.6,6015.1,550,
2024-11-22 14:55:00+05:30,6014.3,6014.95,6011.2,6011.25,371,
2024-11-22 14:56:00+05:30,6011.25,6013.55,6004.35,6004.35,9352,
2024-11-22 14:57:00+05:30,6004.35,6007.7,6002.25,6002.25,602,
2024-11-22 14:58:00+05:30,6004,6006.65,6002.45,6006.3,473,
2024-11-22 14:59:00+05:30,6006.3,6006.3,6002.2,6002.7,642,
2024-11-22 15:00:00+05:30,6004,6009.8,6001,6004.1,1389,
2024-11-22 15:01:00+05:30,6004.1,6004.1,5991.85,5995.15,1865,
2024-11-22 15:02:00+05:30,5995.15,6002,5993.35,5996.5,615,
2024-11-22 15:03:00+05:30,5996.5,6002.95,5995.1,5998,851,
2024-11-22 15:04:00+05:30,5998.15,6002.35,5997.75,5997.75,918,
2024-11-22 15:05:00+05:30,5999.9,6003.9,5998.55,6002.15,1447,
2024-11-22 15:06:00+05:30,6002.15,6002.6,5998.65,6002.25,762,
2024-11-22 15:07:00+05:30,6002.25,6002.85,6001,6001.85,483,
2024-11-22 15:08:00+05:30,6001.85,6001.85,5994.7,5995.95,2494,
2024-11-22 15:09:00+05:30,5996,6000,5995.95,6000,737,
2024-11-22 15:10:00+05:30,5999.65,5999.8,5995,5995,910,
2024-11-22 15:11:00+05:30,5995,5997.85,5995,5996.75,935,
2024-11-22 15:12:00+05:30,5996.75,5998.6,5996.2,5997.45,1640,
2024-11-22 15:13:00+05:30,5997.2,5997.85,5996,5996.6,1754,
2024-11-22 15:14:00+05:30,5996.45,5996.6,5994,5994.65,1453,
2024-11-22 15:15:00+05:30,5994.65,5994.8,5986.4,5989.35,2375,
2024-11-22 15:16:00+05:30,5990.6,5991.95,5987.15,5988.75,1019,
2024-11-22 15:17:00+05:30,5989.05,5991.9,5988.65,5990.2,1064,
2024-11-22 15:18:00+05:30,5990.2,5991.95,5990.2,5991.25,1242,
2024-11-22 15:19:00+05:30,5991.25,5997,5991.25,5996.75,1300,
2024-11-22 15:20:00+05:30,5996.75,6000.2,5995.35,6000.2,1827,
2024-11-22 15:21:00+05:30,5999.9,6002.3,5999.85,6001.95,1297,
2024-11-22 15:22:00+05:30,6001.95,6002.45,5997.25,6000.75,528,
2024-11-22 15:23:00+05:30,6000.75,6008,6000.75,6008,2825,
2024-11-22 15:24:00+05:30,6005.8,6012.7,6005,6011.8,982,
2024-11-22 15:25:00+05:30,6011.85,6012.7,6000.9,6001.2,1192,
2024-11-22 15:26:00+05:30,6001.2,6002.5,5998.2,6000,1780,
2024-11-22 15:27:00+05:30,5999.05,6000,5995.25,5999.9,1352,
2024-11-22 15:28:00+05:30,5999.9,6000,5997.05,5999,2867,
2024-11-22 15:29:00+05:30,5999,6000,5993.4,6000,1928,
2024-11-25 09:15:00+05:30,6029.95,6089.95,6024.7,6030.7,13844,
2024-11-25 09:16:00+05:30,6030.9,6038.3,6020.95,6027.15,3856,
2024-11-25 09:17:00+05:30,6032,6047.85,6021.6,6047.7,2039,
2024-11-25 09:18:00+05:30,6043.9,6050.45,6041.75,6043.9,1306,
2024-11-25 09:19:00+05:30,6041.75,6044.5,6037.6,6041.05,893,
2024-11-25 09:20:00+05:30,6041.35,6041.35,6033.25,6036,471,
2024-11-25 09:21:00+05:30,6036,6041,6031.25,6037.5,631,
2024-11-25 09:22:00+05:30,6036.4,6036.4,6030.35,6033.75,418,
2024-11-25 09:23:00+05:30,6033.75,6041.95,6030.85,6036.95,1347,
2024-11-25 09:24:00+05:30,6035,6040.5,6025.35,6031.5,1169,
2024-11-25 09:25:00+05:30,6031.45,6035.2,6027.65,6031.1,766,
2024-11-25 09:26:00+05:30,6032.5,6040,6032.1,6040,526,
2024-11-25 09:27:00+05:30,6038.5,6040.5,6028.75,6036.4,927,
2024-11-25 09:28:00+05:30,6038.65,6038.65,6029.8,6033.55,256,
2024-11-25 09:29:00+05:30,6033.1,6035,6029.05,6030.55,614,
2024-11-25 09:30:00+05:30,6032.65,6033.95,6025.75,6025.75,527,
2024-11-25 09:31:00+05:30,6026.7,6032.6,6026.5,6029.8,412,
2024-11-25 09:32:00+05:30,6030.3,6032,6025.4,6031.95,357,
2024-11-25 09:33:00+05:30,6031.95,6042.2,6028.95,6040,597,
2024-11-25 09:34:00+05:30,6039.15,6043.8,6036.7,6039.65,910,
2024-11-25 09:35:00+05:30,6040.6,6049.9,6040.35,6049.6,499,
2024-11-25 09:36:00+05:30,6049.8,6050,6045.2,6048.85,678,
2024-11-25 09:37:00+05:30,6048.85,6048.85,6043.25,6046.4,442,
2024-11-25 09:38:00+05:30,6045.55,6049.7,6041.45,6048.85,359,
2024-11-25 09:39:00+05:30,6048.85,6058,6048.85,6057.85,1762,
2024-11-25 09:40:00+05:30,6057.85,6057.85,6050.7,6053.75,238,
2024-11-25 09:41:00+05:30,6053.75,6057.6,6051.6,6057.6,665,
2024-11-25 09:42:00+05:30,6056.85,6058,6055,6057.5,949,
2024-11-25 09:43:00+05:30,6057.5,6064.75,6052.6,6063.85,1434,
2024-11-25 09:44:00+05:30,6060.8,6065,6056.95,6056.95,482,
2024-11-25 09:45:00+05:30,6059.4,6064.7,6052.5,6060.8,3585,
2024-11-25 09:46:00+05:30,6061.4,6065,6059.75,6064.2,576,
2024-11-25 09:47:00+05:30,6065,6070,6064.25,6068,597,
2024-11-25 09:48:00+05:30,6068.35,6068.8,6058.2,6058.5,242,
2024-11-25 09:49:00+05:30,6061.9,6061.9,6054.75,6058.85,262,
2024-11-25 09:50:00+05:30,6058.85,6058.85,6048.5,6051.6,728,
2024-11-25 09:51:00+05:30,6051.3,6055.6,6049.05,6053.8,227,
2024-11-25 09:52:00+05:30,6053.8,6055,6050.2,6050.45,566,
2024-11-25 09:53:00+05:30,6050.45,6054.85,6043.65,6053.2,545,
2024-11-25 09:54:00+05:30,6053.2,6053.2,6045.05,6047,430,
2024-11-25 09:55:00+05:30,6047,6047.4,6039.15,6039.35,1044,
2024-11-25 09:56:00+05:30,6042.5,6043.05,6037.65,6040.95,220,
2024-11-25 09:57:00+05:30,6039.6,6039.6,6030.1,6035.5,623,
2024-11-25 09:58:00+05:30,6035.65,6035.65,6030,6031.15,351,
2024-11-25 09:59:00+05:30,6033.7,6033.7,6025.1,6027.85,563,
2024-11-25 10:00:00+05:30,6031.6,6043.55,6029.2,6043.55,458,
2024-11-25 10:01:00+05:30,6043.55,6046.05,6033.05,6035.8,333,
2024-11-25 10:02:00+05:30,6035.8,6036,6030.2,6032.7,249,
2024-11-25 10:03:00+05:30,6032.95,6033.35,6031.75,6033.35,108,
2024-11-25 10:04:00+05:30,6033.35,6033.7,6030.6,6033.6,321,
2024-11-25 10:05:00+05:30,6031.15,6036.6,6030,6036.6,372,
2024-11-25 10:06:00+05:30,6036.55,6036.6,6031.55,6034.9,340,
2024-11-25 10:07:00+05:30,6032.45,6039.2,6032.45,6038.65,90,
2024-11-25 10:08:00+05:30,6035.9,6038.85,6033.65,6035.2,195,
2024-11-25 10:09:00+05:30,6033.1,6034.75,6030.85,6032.65,102,
2024-11-25 10:10:00+05:30,6030,6033.1,6030,6033.1,176,
2024-11-25 10:11:00+05:30,6033.1,6039.2,6031.95,6039.2,439,
2024-11-25 10:12:00+05:30,6036.05,6039.2,6031.15,6034,252,
2024-11-25 10:13:00+05:30,6033.3,6034.95,6030.4,6034.75,466,
2024-11-25 10:14:00+05:30,6034.8,6035.6,6031.6,6035.6,99,
2024-11-25 10:15:00+05:30,6035.6,6036.55,6031.85,6036.55,141,
2024-11-25 10:16:00+05:30,6036.55,6039,6035.35,6038.05,211,
2024-11-25 10:17:00+05:30,6038.05,6045.5,6036.15,6042.4,374,
2024-11-25 10:18:00+05:30,6042.4,6044.1,6037.1,6038.95,576,
2024-11-25 10:19:00+05:30,6041.75,6042.75,6037.55,6042.1,283,
2024-11-25 10:20:00+05:30,6042.1,6052.5,6039.75,6052.5,508,
2024-11-25 10:21:00+05:30,6050.8,6057,6050.4,6053.2,865,
2024-11-25 10:22:00+05:30,6048.95,6055.15,6048.95,6053.7,410,
2024-11-25 10:23:00+05:30,6050.75,6058.15,6050.75,6057.7,559,
2024-11-25 10:24:00+05:30,6054.9,6058.8,6054.3,6057.85,212,
2024-11-25 10:25:00+05:30,6055.05,6058.8,6052.65,6057.1,492,
2024-11-25 10:26:00+05:30,6057.1,6058.8,6056.35,6058.1,174,
2024-11-25 10:27:00+05:30,6058.8,6065,6056.5,6065,893,
2024-11-25 10:28:00+05:30,6065,6065,6060,6062.8,410,
2024-11-25 10:29:00+05:30,6060.1,6063.4,6059.4,6059.4,327,
2024-11-25 10:30:00+05:30,6062.3,6063.05,6056.35,6059.3,201,
2024-11-25 10:31:00+05:30,6059.3,6059.3,6049.5,6055.6,274,
2024-11-25 10:32:00+05:30,6055.6,6061,6054.95,6059,157,
2024-11-25 10:33:00+05:30,6060.95,6062.9,6055.8,6060.5,303,
2024-11-25 10:34:00+05:30,6060.5,6060.5,6053.85,6056.75,94,
2024-11-25 10:35:00+05:30,6053.95,6058.65,6053,6055.65,265,
2024-11-25 10:36:00+05:30,6054.05,6058.8,6053.15,6058.65,468,
2024-11-25 10:37:00+05:30,6057.45,6062.25,6056,6059.3,388,
2024-11-25 10:38:00+05:30,6058.2,6061,6052,6054.45,421,
2024-11-25 10:39:00+05:30,6052,6056.55,6052,6054.7,146,
2024-11-25 10:40:00+05:30,6052.25,6056.45,6052.25,6053.15,178,
2024-11-25 10:41:00+05:30,6053,6061.9,6052,6060.85,604,
2024-11-25 10:42:00+05:30,6060.9,6061.95,6056.4,6061.6,1154,
2024-11-25 10:43:00+05:30,6061.5,6061.5,6056.4,6060.9,147,
2024-11-25 10:44:00+05:30,6060.9,6061.4,6056.5,6059.5,382,
2024-11-25 10:45:00+05:30,6060.95,6061.4,6056.05,6059.7,289,
2024-11-25 10:46:00+05:30,6059.3,6061.4,6057,6061.35,156,
2024-11-25 10:47:00+05:30,6061.1,6061.4,6058.15,6060.15,117,
2024-11-25 10:48:00+05:30,6060.2,6061.35,6057.6,6060.95,267,
2024-11-25 10:49:00+05:30,6061,6061,6058,6059.95,176,
2024-11-25 10:50:00+05:30,6060,6061.25,6058,6060.05,780,
2024-11-25 10:51:00+05:30,6060,6060.05,6053.5,6055.95,3100,
2024-11-25 10:52:00+05:30,6055.95,6057.35,6052.55,6056.35,268,
2024-11-25 10:53:00+05:30,6057.3,6057.35,6053.05,6056.1,255,
2024-11-25 10:54:00+05:30,6056.05,6058,6050.35,6058,691,
2024-11-25 10:55:00+05:30,6058,6058,6056.3,6057.8,385,
2024-11-25 10:56:00+05:30,6058,6060.35,6055.8,6059.3,305,
2024-11-25 10:57:00+05:30,6059.35,6059.35,6054.7,6058,86,
2024-11-25 10:58:00+05:30,6058,6058.2,6054.65,6056.4,85,
2024-11-25 10:59:00+05:30,6056.5,6058,6054.6,6058,114,
2024-11-25 11:00:00+05:30,6056.9,6058,6055.65,6058,186,
2024-11-25 11:01:00+05:30,6056.6,6060,6056.2,6057.95,1340,
2024-11-25 11:02:00+05:30,6058,6064.85,6056.05,6057,1152,
2024-11-25 11:03:00+05:30,6057,6058.65,6056,6056,322,
2024-11-25 11:04:00+05:30,6056.1,6058,6054.45,6057.95,66,
2024-11-25 11:05:00+05:30,6056.85,6058.3,6056.05,6058.05,81,
2024-11-25 11:06:00+05:30,6058.05,6058.3,6056.15,6058.2,97,
2024-11-25 11:07:00+05:30,6057.9,6058.25,6057.9,6057.95,213,
2024-11-25 11:08:00+05:30,6058,6060.35,6056,6057.95,462,
2024-11-25 11:09:00+05:30,6058,6058,6056.45,6057.95,68,
2024-11-25 11:10:00+05:30,6058,6058,6056.5,6056.8,167,
2024-11-25 11:11:00+05:30,6057,6057,6055,6056.15,133,
2024-11-25 11:12:00+05:30,6056.85,6058.1,6056.85,6057.95,217,
2024-11-25 11:13:00+05:30,6058,6058.05,6054.45,6057,162,
2024-11-25 11:14:00+05:30,6055.4,6058,6055.25,6057.95,119,
2024-11-25 11:15:00+05:30,6058,6058.4,6057.95,6058,205,
2024-11-25 11:16:00+05:30,6058,6061.75,6057.15,6058.15,1526,
2024-11-25 11:17:00+05:30,6058.15,6061.35,6057.1,6059.15,785,
2024-11-25 11:18:00+05:30,6057,6057.05,6050,6052.7,703,
2024-11-25 11:19:00+05:30,6052.4,6054.95,6049.8,6054.95,153,
2024-11-25 11:20:00+05:30,6054.95,6058,6054.25,6056.15,519,
2024-11-25 11:21:00+05:30,6056.6,6058,6055.5,6055.5,123,
2024-11-25 11:22:00+05:30,6056.6,6058,6053.45,6057.95,424,
2024-11-25 11:23:00+05:30,6057.8,6058,6054.55,6057.95,152,
2024-11-25 11:24:00+05:30,6057.95,6058.35,6056.55,6056.8,220,
2024-11-25 11:25:00+05:30,6057.85,6057.95,6054.05,6056.5,190,
2024-11-25 11:26:00+05:30,6057.65,6058,6054.25,6056.1,271,
2024-11-25 11:27:00+05:30,6056.9,6058,6054.45,6057.85,210,
2024-11-25 11:28:00+05:30,6057.9,6058,6057.6,6058,522,
2024-11-25 11:29:00+05:30,6057.95,6064.45,6051.55,6051.55,2347,
2024-11-25 11:30:00+05:30,6054.4,6057.9,6051.55,6057.9,214,
2024-11-25 11:31:00+05:30,6057.85,6059.85,6057.8,6057.95,210,
2024-11-25 11:32:00+05:30,6058,6058.4,6053,6053,194,
2024-11-25 11:33:00+05:30,6054.5,6057.15,6053,6055.95,177,
2024-11-25 11:34:00+05:30,6055.95,6056.7,6055.35,6056.15,124,
2024-11-25 11:35:00+05:30,6056.2,6058,6052.55,6057.95,869,
2024-11-25 11:36:00+05:30,6057.95,6058,6053.75,6053.75,313,
2024-11-25 11:37:00+05:30,6055.4,6057.15,6055.4,6056.35,215,
2024-11-25 11:38:00+05:30,6057.95,6058,6056.4,6057.95,390,
2024-11-25 11:39:00+05:30,6058,6058,6057.45,6057.95,680,
2024-11-25 11:40:00+05:30,6058,6058,6057.8,6057.95,733,
2024-11-25 11:41:00+05:30,6058,6058.4,6057,6058.1,1069,
2024-11-25 11:42:00+05:30,6058.4,6069,6058.4,6064.45,6463,
2024-11-25 11:43:00+05:30,6064.95,6068.5,6064.05,6064.65,2693,
2024-11-25 11:44:00+05:30,6064.95,6068.95,6063.95,6068.95,1626,
2024-11-25 11:45:00+05:30,6065.65,6072,6064.95,6070.7,2199,
2024-11-25 11:46:00+05:30,6070.9,6079,6070,6079,2242,
2024-11-25 11:47:00+05:30,6078,6086,6078,6086,2926,
2024-11-25 11:48:00+05:30,6086,6086,6083,6085,567,
2024-11-25 11:49:00+05:30,6083.4,6085,6083.05,6084.9,302,
2024-11-25 11:50:00+05:30,6083.5,6084.95,6078.65,6080.75,235,
2024-11-25 11:51:00+05:30,6081.6,6081.6,6075,6076.75,525,
2024-11-25 11:52:00+05:30,6077.75,6080,6076.05,6080,627,
2024-11-25 11:53:00+05:30,6079.95,6080,6078.3,6079.9,334,
2024-11-25 11:54:00+05:30,6079.95,6079.95,6078.2,6079.95,90,
2024-11-25 11:55:00+05:30,6078,6079.95,6078,6079.95,227,
2024-11-25 11:56:00+05:30,6079,6082.7,6079,6082.7,3512,
2024-11-25 11:57:00+05:30,6083.35,6084,6079.8,6082.8,441,
2024-11-25 11:58:00+05:30,6082.85,6085.1,6080.8,6082,2646,
2024-11-25 11:59:00+05:30,6082,6082,6078,6078.65,290,
2024-11-25 12:00:00+05:30,6078.65,6080.05,6076,6077.65,579,
2024-11-25 12:01:00+05:30,6077.65,6078.9,6073.3,6075,414,
2024-11-25 12:02:00+05:30,6077.35,6077.5,6073.9,6076.25,196,
2024-11-25 12:03:00+05:30,6077.05,6077.2,6073.8,6077.2,380,
2024-11-25 12:04:00+05:30,6077.2,6079,6075.6,6079,219,
2024-11-25 12:05:00+05:30,6078.75,6079,6073.55,6076.1,3696,
2024-11-25 12:06:00+05:30,6076.1,6076.6,6069.75,6071.1,495,
2024-11-25 12:07:00+05:30,6071.05,6074.15,6068.2,6071.8,478,
2024-11-25 12:08:00+05:30,6071.8,6077.65,6070.75,6077.6,319,
2024-11-25 12:09:00+05:30,6077.65,6079,6074.3,6078,256,
2024-11-25 12:10:00+05:30,6078.85,6079,6073,6077.65,609,
2024-11-25 12:11:00+05:30,6077.65,6078.2,6077,6077.85,199,
2024-11-25 12:12:00+05:30,6078,6078,6069.55,6072,2259,
2024-11-25 12:13:00+05:30,6071.75,6072,6071.75,6071.95,938,
2024-11-25 12:14:00+05:30,6072,6072,6069.2,6071.45,432,
2024-11-25 12:15:00+05:30,6071.45,6072,6071.45,6071.95,583,
2024-11-25 12:16:00+05:30,6072,6072,6071.95,6071.95,187,
2024-11-25 12:17:00+05:30,6072,6074.15,6071.95,6072.6,300,
2024-11-25 12:18:00+05:30,6073.9,6074.25,6069.45,6069.95,1625,
2024-11-25 12:19:00+05:30,6070,6070,6067,6070,585,
2024-11-25 12:20:00+05:30,6069.95,6070,6069.95,6069.95,202,
2024-11-25 12:21:00+05:30,6070,6076.95,6069.95,6073.05,1685,
2024-11-25 12:22:00+05:30,6075.6,6077,6073.15,6076.95,251,
2024-11-25 12:23:00+05:30,6077,6078.95,6076.55,6077.6,472,
2024-11-25 12:24:00+05:30,6078.4,6078.75,6075,6075,564,
2024-11-25 12:25:00+05:30,6073.8,6075,6073.75,6073.75,1536,
2024-11-25 12:26:00+05:30,6073.5,6073.5,6068,6071.05,240,
2024-11-25 12:27:00+05:30,6071.05,6074.2,6071.05,6074.15,170,
2024-11-25 12:28:00+05:30,6074.15,6074.15,6070.9,6072.7,148,
2024-11-25 12:29:00+05:30,6072.5,6074.5,6071.95,6072.2,233,
2024-11-25 12:30:00+05:30,6074.3,6074.3,6068.15,6071.7,431,
2024-11-25 12:31:00+05:30,6071.7,6072.8,6069.5,6071.2,237,
2024-11-25 12:32:00+05:30,6071.7,6073.05,6069.5,6069.5,165,
2024-11-25 12:33:00+05:30,6072.4,6075,6070.25,6074.15,185,
2024-11-25 12:34:00+05:30,6074.1,6075,6072.25,6074,206,
2024-11-25 12:35:00+05:30,6074.95,6075,6074,6074.1,196,
2024-11-25 12:36:00+05:30,6075,6075,6072.8,6074.9,218,
2024-11-25 12:37:00+05:30,6074.9,6075,6074.5,6074.9,211,
2024-11-25 12:38:00+05:30,6074.9,6075,6074.85,6075,8516,
2024-11-25 12:39:00+05:30,6074.95,6081.1,6074.95,6081.1,3382,
2024-11-25 12:40:00+05:30,6081.1,6081.1,6076.55,6080.45,519,
2024-11-25 12:41:00+05:30,6080.1,6080.5,6078.1,6079.55,220,
2024-11-25 12:42:00+05:30,6080.5,6080.9,6078.6,6080.7,126,
2024-11-25 12:43:00+05:30,6080.3,6082.1,6080.3,6082.1,294,
2024-11-25 12:44:00+05:30,6082.25,6085,6075.7,6077.4,2898,
2024-11-25 12:45:00+05:30,6077.45,6078.5,6076.1,6076.3,1630,
2024-11-25 12:46:00+05:30,6076.3,6083.1,6076.3,6083.1,846,
2024-11-25 12:47:00+05:30,6083.1,6085,6081.3,6084.9,283,
2024-11-25 12:48:00+05:30,6084.85,6090,6082.85,6089.5,2866,
2024-11-25 12:49:00+05:30,6091.9,6095.9,6091.9,6095.85,1021,
2024-11-25 12:50:00+05:30,6095.9,6097,6088.85,6090.2,2235,
2024-11-25 12:51:00+05:30,6090.15,6095.1,6087.4,6095.1,924,
2024-11-25 12:52:00+05:30,6094.85,6099,6092.5,6098.35,1465,
2024-11-25 12:53:00+05:30,6099,6099,6089.55,6090.6,3672,
2024-11-25 12:54:00+05:30,6092.15,6093,6088,6092.75,2422,
2024-11-25 12:55:00+05:30,6091.25,6093,6088,6090,1252,
2024-11-25 12:56:00+05:30,6090,6091.5,6088,6088.2,1289,
2024-11-25 12:57:00+05:30,6089.9,6089.9,6086.75,6086.75,1009,
2024-11-25 12:58:00+05:30,6082.05,6090,6082.05,6089.95,1581,
2024-11-25 12:59:00+05:30,6090,6090,6085.55,6088.2,1652,
2024-11-25 13:00:00+05:30,6088.2,6089.85,6085.6,6089.85,1108,
2024-11-25 13:01:00+05:30,6089,6090,6088.05,6090,342,
2024-11-25 13:02:00+05:30,6089.95,6090,6081.35,6082.55,599,
2024-11-25 13:03:00+05:30,6082.5,6084.7,6074.05,6075,933,
2024-11-25 13:04:00+05:30,6075,6077.8,6072.5,6075.7,1551,
2024-11-25 13:05:00+05:30,6076.05,6080,6073.45,6076.8,248,
2024-11-25 13:06:00+05:30,6077.15,6080,6075,6078.55,215,
2024-11-25 13:07:00+05:30,6078.95,6079.9,6073.5,6075.4,745,
2024-11-25 13:08:00+05:30,6075.45,6075.5,6071.15,6075,210,
2024-11-25 13:09:00+05:30,6073.95,6077.25,6072.8,6075,712,
2024-11-25 13:10:00+05:30,6076.05,6076.05,6070.05,6070.3,487,
2024-11-25 13:11:00+05:30,6072.15,6072.15,6065,6067.85,1333,
2024-11-25 13:12:00+05:30,6067.85,6074.6,6065.8,6070.75,398,
2024-11-25 13:13:00+05:30,6073.1,6073.95,6069,6069.85,466,
2024-11-25 13:14:00+05:30,6072.5,6072.5,6066,6069.25,361,
2024-11-25 13:15:00+05:30,6069.3,6073.95,6066.8,6073.95,228,
2024-11-25 13:16:00+05:30,6073.95,6075,6070.15,6073.5,574,
2024-11-25 13:17:00+05:30,6073,6075,6072,6074.15,206,
2024-11-25 13:18:00+05:30,6074.9,6075,6068.2,6074,812,
2024-11-25 13:19:00+05:30,6074,6074.95,6072.2,6074.95,195,
2024-11-25 13:20:00+05:30,6074.95,6075,6071.45,6072.45,217,
2024-11-25 13:21:00+05:30,6072.45,6076,6072.45,6076,719,
2024-11-25 13:22:00+05:30,6075.25,6076,6075.1,6075.95,202,
2024-11-25 13:23:00+05:30,6076,6076.5,6075.95,6076.5,504,
2024-11-25 13:24:00+05:30,6076.5,6076.5,6071.75,6075.7,751,
2024-11-25 13:25:00+05:30,6075.7,6077.15,6075.1,6077.15,552,
2024-11-25 13:26:00+05:30,6077.15,6077.65,6076,6077.6,1189,
2024-11-25 13:27:00+05:30,6077.6,6082,6077.6,6082,4552,
2024-11-25 13:28:00+05:30,6081,6084.45,6081,6084.45,557,
2024-11-25 13:29:00+05:30,6082.85,6084.9,6080.7,6082,527,
2024-11-25 13:30:00+05:30,6081.95,6081.95,6076.3,6079.5,484,
2024-11-25 13:31:00+05:30,6079.55,6079.85,6077.05,6079.2,249,
2024-11-25 13:32:00+05:30,6079.15,6079.55,6077.55,6078.35,163,
2024-11-25 13:33:00+05:30,6079.3,6080.5,6078.35,6080,1689,
2024-11-25 13:34:00+05:30,6080,6080.2,6079.65,6080,709,
2024-11-25 13:35:00+05:30,6080,6080,6078.7,6080,503,
2024-11-25 13:36:00+05:30,6080,6080,6075.65,6076.85,447,
2024-11-25 13:37:00+05:30,6077.65,6078.4,6075,6077.95,394,
2024-11-25 13:38:00+05:30,6078.7,6078.7,6075,6076.95,550,
2024-11-25 13:39:00+05:30,6077.4,6077.7,6072.9,6076.9,302,
2024-11-25 13:40:00+05:30,6076.85,6077,6074.75,6076.2,353,
2024-11-25 13:41:00+05:30,6076.2,6077,6074.75,6076.3,257,
2024-11-25 13:42:00+05:30,6076.3,6080,6075.45,6080,570,
2024-11-25 13:43:00+05:30,6079.95,6080,6077.55,6079.95,249,
2024-11-25 13:44:00+05:30,6079.95,6080,6079.15,6080,608,
2024-11-25 13:45:00+05:30,6079.95,6079.95,6076.15,6079,152,
2024-11-25 13:46:00+05:30,6079.15,6080,6073.9,6078.6,274,
2024-11-25 13:47:00+05:30,6079.2,6080,6074.55,6080,595,
2024-11-25 13:48:00+05:30,6079.95,6080,6079.75,6080,465,
2024-11-25 13:49:00+05:30,6080,6080.2,6079.95,6079.95,790,
2024-11-25 13:50:00+05:30,6079.95,6080.2,6079.05,6080,1466,
2024-11-25 13:51:00+05:30,6080,6080,6075.55,6077.5,425,
2024-11-25 13:52:00+05:30,6078.6,6078.85,6076.35,6078.85,175,
2024-11-25 13:53:00+05:30,6078.85,6079.75,6075,6078.75,254,
2024-11-25 13:54:00+05:30,6078.7,6079.75,6077,6077.9,163,
2024-11-25 13:55:00+05:30,6079,6079.35,6075.4,6078.4,187,
2024-11-25 13:56:00+05:30,6078.4,6078.95,6075,6075.1,236,
2024-11-25 13:57:00+05:30,6075.1,6078.35,6075.1,6076.4,112,
2024-11-25 13:58:00+05:30,6076,6078,6075.9,6077.25,321,
2024-11-25 13:59:00+05:30,6077.2,6077.9,6072,6075.1,253,
2024-11-25 14:00:00+05:30,6076.5,6076.5,6068.1,6071.7,656,
2024-11-25 14:01:00+05:30,6072.45,6075,6070.35,6074.2,269,
2024-11-25 14:02:00+05:30,6074.9,6075,6070.05,6075,342,
2024-11-25 14:03:00+05:30,6075,6075,6074.15,6074.95,167,
2024-11-25 14:04:00+05:30,6074.95,6075,6070.05,6070.3,330,
2024-11-25 14:05:00+05:30,6073.6,6075,6070.7,6073.3,209,
2024-11-25 14:06:00+05:30,6073.3,6075,6071,6073,419,
2024-11-25 14:07:00+05:30,6074.85,6075,6072.4,6074.95,950,
2024-11-25 14:08:00+05:30,6074.95,6075,6073.65,6075,329,
2024-11-25 14:09:00+05:30,6075,6075,6074.7,6074.95,265,
2024-11-25 14:10:00+05:30,6075,6075,6074.95,6074.95,197,
2024-11-25 14:11:00+05:30,6075,6075,6074.95,6074.95,168,
2024-11-25 14:12:00+05:30,6075,6075.1,6073.2,6073.2,833,
2024-11-25 14:13:00+05:30,6074.55,6074.55,6071,6071.1,159,
2024-11-25 14:14:00+05:30,6073.35,6073.35,6064,6065.4,1466,
2024-11-25 14:15:00+05:30,6065.4,6072.45,6065.4,6068,278,
2024-11-25 14:16:00+05:30,6067.75,6070.35,6067.75,6067.75,343,
2024-11-25 14:17:00+05:30,6067.75,6068.85,6063.8,6066.9,267,
2024-11-25 14:18:00+05:30,6066.9,6069,6065.15,6069,182,
2024-11-25 14:19:00+05:30,6068.95,6070,6067.6,6069.95,228,
2024-11-25 14:20:00+05:30,6070,6070,6066,6068.4,341,
2024-11-25 14:21:00+05:30,6069.7,6071.8,6067.35,6070,248,
2024-11-25 14:22:00+05:30,6070,6070.75,6067.35,6069.4,231,
2024-11-25 14:23:00+05:30,6069.75,6069.75,6062.2,6065,372,
2024-11-25 14:24:00+05:30,6064.95,6065,6060,6061.9,564,
2024-11-25 14:25:00+05:30,6060.8,6061.9,6058.8,6058.85,299,
2024-11-25 14:26:00+05:30,6059.15,6060.1,6055.05,6058,973,
2024-11-25 14:27:00+05:30,6057.95,6060.25,6055.25,6059.95,268,
2024-11-25 14:28:00+05:30,6059.95,6060,6057.5,6060,174,
2024-11-25 14:29:00+05:30,6059.95,6060,6059.35,6059.95,182,
2024-11-25 14:30:00+05:30,6059.95,6060,6056,6057.2,300,
2024-11-25 14:31:00+05:30,6057.2,6057.55,6056,6056.05,176,
2024-11-25 14:32:00+05:30,6057.45,6057.45,6050.2,6054.55,1584,
2024-11-25 14:33:00+05:30,6052.5,6055.2,6051.1,6053.65,258,
2024-11-25 14:34:00+05:30,6052.45,6053.65,6042.9,6045.95,1051,
2024-11-25 14:35:00+05:30,6045.95,6046.35,6042.1,6046,1370,
2024-11-25 14:36:00+05:30,6046,6050.65,6043.65,6050.5,886,
2024-11-25 14:37:00+05:30,6050.5,6057.55,6049.05,6055,260,
2024-11-25 14:38:00+05:30,6054.65,6060.1,6052.65,6060.1,1081,
2024-11-25 14:39:00+05:30,6060.1,6062.7,6058.75,6061.2,347,
2024-11-25 14:40:00+05:30,6062,6065,6059.15,6065,532,
2024-11-25 14:41:00+05:30,6065,6065.5,6064.9,6064.9,1913,
2024-11-25 14:42:00+05:30,6064.95,6065.8,6062.05,6062.05,2907,
2024-11-25 14:43:00+05:30,6065,6065,6061.95,6063.05,234,
2024-11-25 14:44:00+05:30,6064,6067.45,6059.4,6067.45,556,
2024-11-25 14:45:00+05:30,6067.45,6072.5,6067.3,6067.7,692,
2024-11-25 14:46:00+05:30,6070.55,6071,6062.45,6065,1290,
2024-11-25 14:47:00+05:30,6064.95,6065,6059.35,6063.2,342,
2024-11-25 14:48:00+05:30,6064.95,6065,6060.05,6062.25,245,
2024-11-25 14:49:00+05:30,6062.25,6064.85,6055.25,6059.6,397,
2024-11-25 14:50:00+05:30,6058.95,6059.85,6056.85,6059.75,234,
2024-11-25 14:51:00+05:30,6059.75,6060,6056,6060,696,
2024-11-25 14:52:00+05:30,6060,6060,6057.65,6059.45,388,
2024-11-25 14:53:00+05:30,6060,6060,6058.2,6059,505,
2024-11-25 14:54:00+05:30,6059.35,6061.9,6058.95,6061.9,376,
2024-11-25 14:55:00+05:30,6061.85,6068,6060.9,6062.9,2785,
2024-11-25 14:56:00+05:30,6062.8,6065,6060.25,6060.5,458,
2024-11-25 14:57:00+05:30,6062.55,6062.65,6058.4,6060.35,398,
2024-11-25 14:58:00+05:30,6061.35,6061.45,6057.15,6058.55,144,
2024-11-25 14:59:00+05:30,6058.95,6060.95,6055.8,6057.65,575,
2024-11-25 15:00:00+05:30,6058.25,6095.85,6057.65,6095,30450,
2024-11-25 15:01:00+05:30,6096.35,6108,6095,6107.8,12842,
2024-11-25 15:02:00+05:30,6108.25,6121.5,6099.6,6102.75,28605,
2024-11-25 15:03:00+05:30,6105.3,6125,6105.2,6121.5,16055,
2024-11-25 15:04:00+05:30,6121.15,6123.9,6115.8,6122.1,26795,
2024-11-25 15:05:00+05:30,6122.25,6123.8,6112.55,6122.6,15019,
2024-11-25 15:06:00+05:30,6123.75,6134.85,6123.75,6133.25,22618,
2024-11-25 15:07:00+05:30,6133.25,6134.1,6128.4,6131.5,20838,
2024-11-25 15:08:00+05:30,6131.5,6135.9,6106.85,6111.75,32410,
2024-11-25 15:09:00+05:30,6111.75,6122.9,6110.55,6121.55,11635,
2024-11-25 15:10:00+05:30,6121.55,6128.8,6121.45,6128,15770,
2024-11-25 15:11:00+05:30,6127.9,6130.2,6122.9,6124.95,22349,
2024-11-25 15:12:00+05:30,6127.25,6141,6126.45,6141,16167,
2024-11-25 15:13:00+05:30,6141.45,6145,6136.65,6138.65,21967,
2024-11-25 15:14:00+05:30,6140.2,6142.1,6138.65,6142.1,14429,
2024-11-25 15:15:00+05:30,6142.1,6147.8,6141.15,6147.15,22977,
2024-11-25 15:16:00+05:30,6147.5,6154.95,6147.15,6154,19551,
2024-11-25 15:17:00+05:30,6154.35,6156,6150,6155.8,18481,
2024-11-25 15:18:00+05:30,6155.8,6164.75,6155.8,6160.9,25890,
2024-11-25 15:19:00+05:30,6160.75,6170,6156.7,6170,13004,
2024-11-25 15:20:00+05:30,6170,6176.3,6167.9,6173.35,22860,
2024-11-25 15:21:00+05:30,6173.35,6182.15,6173.35,6181.2,15514,
2024-11-25 15:22:00+05:30,6181.15,6183.85,6180,6183.85,18603,
2024-11-25 15:23:00+05:30,6183.85,6185,6170,6170,22623,
2024-11-25 15:24:00+05:30,6170,6171.85,6155.25,6160.35,20052,
2024-11-25 15:25:00+05:30,6161.7,6166.3,6154.35,6154.4,22610,
2024-11-25 15:26:00+05:30,6155.1,6163.55,6152.4,6157.55,19632,
2024-11-25 15:27:00+05:30,6155.15,6159.9,6130.3,6131.85,17702,
2024-11-25 15:28:00+05:30,6129.2,6141.1,6105.7,6136.35,15036,
2024-11-25 15:29:00+05:30,6130.25,6150.15,6126.3,6150,4935,
2024-11-26 09:15:00+05:30,6149.15,6159.05,6125,6155.15,2318,
2024-11-26 09:16:00+05:30,6155.15,6155.35,6130.5,6130.5,1390,
2024-11-26 09:17:00+05:30,6130.5,6145.95,6125,6140.95,1857,
2024-11-26 09:18:00+05:30,6137.55,6141.75,6131.15,6132.1,419,
2024-11-26 09:19:00+05:30,6132.1,6142,6130.9,6141.85,827,
2024-11-26 09:20:00+05:30,6141.85,6152.85,6139.05,6148,879,
2024-11-26 09:21:00+05:30,6146.1,6147.75,6133.05,6137.55,925,
2024-11-26 09:22:00+05:30,6137.35,6139.35,6132.1,6133.1,370,
2024-11-26 09:23:00+05:30,6133.1,6136.2,6130.15,6131,646,
2024-11-26 09:24:00+05:30,6130.4,6138.9,6130,6130,1245,
2024-11-26 09:25:00+05:30,6130,6133.5,6122,6124.05,1573,
2024-11-26 09:26:00+05:30,6123.15,6129.4,6115,6120.2,1406,
2024-11-26 09:27:00+05:30,6117.15,6120.2,6107,6111.7,685,
2024-11-26 09:28:00+05:30,6109.7,6119.4,6109.5,6116.15,632,
2024-11-26 09:29:00+05:30,6119.45,6122.65,6113.8,6117,182,
2024-11-26 09:30:00+05:30,6117,6117.1,6112.1,6117.05,409,
2024-11-26 09:31:00+05:30,6117.05,6121.4,6111.95,6111.95,376,
2024-11-26 09:32:00+05:30,6110.95,6112.7,6108,6109.1,713,
2024-11-26 09:33:00+05:30,6109.1,6116.55,6109.1,6111.05,377,
2024-11-26 09:34:00+05:30,6111.05,6117,6111.05,6117,392,
2024-11-26 09:35:00+05:30,6114.65,6123.2,6113,6114.1,315,
2024-11-26 09:36:00+05:30,6114.1,6114.1,6111,6111.1,138,
2024-11-26 09:37:00+05:30,6111.1,6114.35,6108.75,6110.2,517,
2024-11-26 09:38:00+05:30,6110.2,6110.2,6103,6103.05,301,
2024-11-26 09:39:00+05:30,6103.05,6103.05,6090.05,6095.35,2132,
2024-11-26 09:40:00+05:30,6095.35,6095.35,6090,6090,605,
2024-11-26 09:41:00+05:30,6090,6090.45,6085.6,6086,543,
2024-11-26 09:42:00+05:30,6086,6087.8,6081.7,6081.7,815,
2024-11-26 09:43:00+05:30,6081.7,6083.45,6080,6080.8,685,
2024-11-26 09:44:00+05:30,6080.55,6080.55,6070.05,6070.05,717,
2024-11-26 09:45:00+05:30,6070.1,6076.7,6068.65,6074.9,2670,
2024-11-26 09:46:00+05:30,6074.9,6081.7,6071.7,6072,1465,
2024-11-26 09:47:00+05:30,6072,6074,6071.3,6073.65,724,
2024-11-26 09:48:00+05:30,6073.65,6074.25,6071.3,6074.25,361,
2024-11-26 09:49:00+05:30,6071,6071,6064,6064,698,
2024-11-26 09:50:00+05:30,6065.35,6076.15,6064,6072.1,545,
2024-11-26 09:51:00+05:30,6072.1,6072.1,6061.7,6064,730,
2024-11-26 09:52:00+05:30,6061.45,6065.65,6060,6061.35,626,
2024-11-26 09:53:00+05:30,6061.35,6064.35,6055,6063.1,1164,
2024-11-26 09:54:00+05:30,6063.1,6063.1,6053.2,6057.7,621,
2024-11-26 09:55:00+05:30,6057.7,6058.1,6055.2,6058,622,
2024-11-26 09:56:00+05:30,6058,6058.15,6050.35,6053.25,455,
2024-11-26 09:57:00+05:30,6053.25,6053.95,6050.35,6050.35,131,
2024-11-26 09:58:00+05:30,6050.35,6052.05,6045.8,6046.8,1147,
2024-11-26 09:59:00+05:30,6046.8,6049.5,6041.7,6042.65,749,
2024-11-26 10:00:00+05:30,6042.05,6050,6035,6048.15,4713,
2024-11-26 10:01:00+05:30,6044.95,6054.55,6044.95,6051.55,619,
2024-11-26 10:02:00+05:30,6051.55,6057.05,6047.45,6047.45,373,
2024-11-26 10:03:00+05:30,6049.9,6051.4,6045,6045,163,
2024-11-26 10:04:00+05:30,6045,6045,6041.6,6042,193,
2024-11-26 10:05:00+05:30,6042,6042,6034.6,6038,862,
2024-11-26 10:06:00+05:30,6038,6040,6035,6035.05,568,
2024-11-26 10:07:00+05:30,6035.05,6040,6035.05,6036,354,
2024-11-26 10:08:00+05:30,6036,6040.7,6031.7,6031.7,1520,
2024-11-26 10:09:00+05:30,6033.5,6039,6031,6039,458,
2024-11-26 10:10:00+05:30,6039,6041.65,6037.4,6039.5,229,
2024-11-26 10:11:00+05:30,6038.75,6047.9,6038.75,6047.9,361,
2024-11-26 10:12:00+05:30,6046.2,6055,6046.2,6054.75,714,
2024-11-26 10:13:00+05:30,6054.75,6054.75,6045.6,6045.6,422,
2024-11-26 10:14:00+05:30,6045.6,6048,6043.3,6043.5,449,
2024-11-26 10:15:00+05:30,6043.5,6046.2,6041.5,6044.65,314,
2024-11-26 10:16:00+05:30,6044.65,6045,6038.85,6041,733,
2024-11-26 10:17:00+05:30,6041,6042.75,6040,6040,120,
2024-11-26 10:18:00+05:30,6040,6043.2,6035.05,6038.1,726,
2024-11-26 10:19:00+05:30,6038.95,6039.45,6035.55,6037.55,262,
2024-11-26 10:20:00+05:30,6037.55,6037.55,6032.4,6032.55,325,
2024-11-26 10:21:00+05:30,6032.3,6033.05,6030.55,6032.05,592,
2024-11-26 10:22:00+05:30,6032.05,6036.15,6031,6036.15,407,
2024-11-26 10:23:00+05:30,6036.15,6043.55,6036.15,6041.95,353,
2024-11-26 10:24:00+05:30,6041.95,6043.05,6037,6037,336,
2024-11-26 10:25:00+05:30,6037,6044.55,6036.2,6037.55,711,
2024-11-26 10:26:00+05:30,6037.55,6039.95,6035.55,6036.85,396,
2024-11-26 10:27:00+05:30,6036.85,6036.95,6035,6036.55,204,
2024-11-26 10:28:00+05:30,6036.55,6036.55,6034,6034,94,
2024-11-26 10:29:00+05:30,6034,6034,6032,6032.1,170,
2024-11-26 10:30:00+05:30,6032.1,6038.6,6032.1,6035,297,
2024-11-26 10:31:00+05:30,6035,6036.9,6032.8,6033.55,448,
2024-11-26 10:32:00+05:30,6033,6043.25,6033,6038.75,807,
2024-11-26 10:33:00+05:30,6038.45,6038.55,6024.6,6026.5,1452,
2024-11-26 10:34:00+05:30,6026.5,6028.4,6026.5,6026.5,292,
2024-11-26 10:35:00+05:30,6033.15,6034.2,6027.45,6029.95,663,
2024-11-26 10:36:00+05:30,6029.95,6033.6,6027.35,6030.75,379,
2024-11-26 10:37:00+05:30,6030.75,6033.75,6030.75,6033.4,33,
2024-11-26 10:38:00+05:30,6033.4,6039.75,6033.4,6034.55,1150,
2024-11-26 10:39:00+05:30,6039.75,6048.3,6037.7,6044.85,482,
2024-11-26 10:40:00+05:30,6044.85,6047,6036.7,6039.95,312,
2024-11-26 10:41:00+05:30,6037.05,6039,6035.55,6036,495,
2024-11-26 10:42:00+05:30,6038,6038,6030,6030.25,801,
2024-11-26 10:43:00+05:30,6030.25,6035,6030.25,6034,197,
2024-11-26 10:44:00+05:30,6034,6034.8,6031.3,6034.2,192,
2024-11-26 10:45:00+05:30,6034.2,6035,6031.8,6035,102,
2024-11-26 10:46:00+05:30,6035,6035.2,6032,6034.55,107,
2024-11-26 10:47:00+05:30,6034.55,6034.55,6030,6030,199,
2024-11-26 10:48:00+05:30,6030,6032,6027,6027.6,246,
2024-11-26 10:49:00+05:30,6027.6,6027.6,6023,6027,629,
2024-11-26 10:50:00+05:30,6027.3,6027.9,6025.55,6027.75,298,
2024-11-26 10:51:00+05:30,6027.75,6027.75,6025,6025.05,245,
2024-11-26 10:52:00+05:30,6025.05,6029,6025.05,6027.8,303,
2024-11-26 10:53:00+05:30,6027.6,6027.6,6025.1,6027.45,179,
2024-11-26 10:54:00+05:30,6027.7,6034.45,6025.25,6033.9,244,
2024-11-26 10:55:00+05:30,6033.9,6034.15,6029.45,6033,135,
2024-11-26 10:56:00+05:30,6033,6033,6025,6025,286,
2024-11-26 10:57:00+05:30,6025,6027.1,6023.75,6026.95,247,
2024-11-26 10:58:00+05:30,6026.95,6026.95,6023.55,6024.05,191,
2024-11-26 10:59:00+05:30,6024.05,6024.05,6020,6022.35,535,
2024-11-26 11:00:00+05:30,6022.35,6024.95,6021,6024.55,133,
2024-11-26 11:01:00+05:30,6024.55,6024.55,6020.55,6021.15,245,
2024-11-26 11:02:00+05:30,6023.7,6024.5,6020.9,6024.5,168,
2024-11-26 11:03:00+05:30,6024.5,6024.5,6020.55,6022,121,
2024-11-26 11:04:00+05:30,6022,6022.35,6020.55,6022.35,121,
2024-11-26 11:05:00+05:30,6022.35,6022.55,6021,6022.55,15,
2024-11-26 11:06:00+05:30,6022,6022.5,6020.55,6020.55,198,
2024-11-26 11:07:00+05:30,6020.55,6022.8,6019.75,6019.75,731,
2024-11-26 11:08:00+05:30,6019.75,6020.1,6011.7,6011.7,529,
2024-11-26 11:09:00+05:30,6011.7,6013.75,6009,6009,793,
2024-11-26 11:10:00+05:30,6011,6017.95,6011,6014.95,1630,
2024-11-26 11:11:00+05:30,6015,6015,6006.1,6009,1177,
2024-11-26 11:12:00+05:30,6009,6012,6008.95,6012,142,
2024-11-26 11:13:00+05:30,6012,6015,6010.1,6013.35,1081,
2024-11-26 11:14:00+05:30,6013.35,6015,6013,6014.2,114,
2024-11-26 11:15:00+05:30,6014.2,6014.2,6012.55,6013,184,
2024-11-26 11:16:00+05:30,6013,6014.4,6011.35,6011.35,130,
2024-11-26 11:17:00+05:30,6011.35,6014.4,6011.35,6012.3,130,
2024-11-26 11:18:00+05:30,6014.3,6014.3,6010.05,6010.85,354,
2024-11-26 11:19:00+05:30,6010.8,6014.35,6010.8,6012.6,286,
2024-11-26 11:20:00+05:30,6012.6,6014.4,6010.95,6012.2,314,
2024-11-26 11:21:00+05:30,6012.2,6025,6012.2,6024.35,1373,
2024-11-26 11:22:00+05:30,6021.35,6021.8,6019.15,6021.8,512,
2024-11-26 11:23:00+05:30,6021.8,6024.7,6021.8,6022.2,212,
2024-11-26 11:24:00+05:30,6022.7,6026.7,6022,6023,239,
2024-11-26 11:25:00+05:30,6023,6023.5,6022,6022.55,242,
2024-11-26 11:26:00+05:30,6022.55,6026.5,6022,6026.5,147,
2024-11-26 11:27:00+05:30,6026.7,6028,6025.1,6025.1,150,
2024-11-26 11:28:00+05:30,6025.1,6026.7,6023.5,6024.85,242,
2024-11-26 11:29:00+05:30,6024.85,6026.7,6023.5,6024.85,156,
2024-11-26 11:30:00+05:30,6024.85,6035.95,6024.55,6033.55,931,
2024-11-26 11:31:00+05:30,6033.55,6036.5,6031.65,6034,684,
2024-11-26 11:32:00+05:30,6034,6036,6033.1,6035.15,120,
2024-11-26 11:33:00+05:30,6035.15,6039,6031.15,6039,909,
2024-11-26 11:34:00+05:30,6038.85,6039.95,6037.2,6037.25,396,
2024-11-26 11:35:00+05:30,6039.2,6042.15,6034.3,6036.65,1608,
2024-11-26 11:36:00+05:30,6036.65,6036.95,6032.55,6034.65,181,
2024-11-26 11:37:00+05:30,6034.65,6034.65,6031.95,6032.15,43,
2024-11-26 11:38:00+05:30,6032.15,6034,6030.55,6030.55,293,
2024-11-26 11:39:00+05:30,6030.55,6030.55,6027.55,6027.55,129,
2024-11-26 11:40:00+05:30,6027.25,6029.9,6025.8,6026.85,345,
2024-11-26 11:41:00+05:30,6026.85,6028.45,6025.35,6028.45,121,
2024-11-26 11:42:00+05:30,6026.8,6028.45,6026.8,6027.05,274,
2024-11-26 11:43:00+05:30,6027.05,6027.05,6022.05,6023.1,469,
2024-11-26 11:44:00+05:30,6023.1,6037.45,6023.1,6032.4,1265,
2024-11-26 11:45:00+05:30,6032.4,6034.15,6028.05,6028.5,617,
2024-11-26 11:46:00+05:30,6030,6037.75,6030,6034.45,378,
2024-11-26 11:47:00+05:30,6034.45,6043.55,6033.5,6043.55,772,
2024-11-26 11:48:00+05:30,6043.55,6052.3,6040.45,6052.3,3143,
2024-11-26 11:49:00+05:30,6052.3,6052.65,6045.75,6050,927,
2024-11-26 11:50:00+05:30,6050,6052,6047.6,6050,466,
2024-11-26 11:51:00+05:30,6050,6051.45,6045,6051,801,
2024-11-26 11:52:00+05:30,6048.05,6054.2,6048.05,6054.2,742,
2024-11-26 11:53:00+05:30,6054.2,6054.95,6052,6052,118,
2024-11-26 11:54:00+05:30,6052,6052,6051,6051,115,
2024-11-26 11:55:00+05:30,6051,6052,6050.05,6052,164,
2024-11-26 11:56:00+05:30,6052,6052.25,6049.75,6052.25,120,
2024-11-26 11:57:00+05:30,6050.15,6053.15,6047.15,6050,165,
2024-11-26 11:58:00+05:30,6050,6050,6047.05,6050,281,
2024-11-26 11:59:00+05:30,6049.05,6050,6047.5,6047.5,221,
2024-11-26 12:00:00+05:30,6047.5,6050,6047.5,6049.9,210,
2024-11-26 12:01:00+05:30,6048,6049.9,6047.7,6049.9,69,
2024-11-26 12:02:00+05:30,6049.9,6049.9,6047.85,6049.7,137,
2024-11-26 12:03:00+05:30,6049.7,6049.7,6048,6048.1,142,
2024-11-26 12:04:00+05:30,6048,6048.8,6045.75,6045.85,316,
2024-11-26 12:05:00+05:30,6045.85,6048,6044,6048,458,
2024-11-26 12:06:00+05:30,6048,6048.9,6044.25,6044.25,31,
2024-11-26 12:07:00+05:30,6044.25,6050,6044.25,6049.9,200,
2024-11-26 12:08:00+05:30,6049.9,6049.9,6043.75,6048.7,202,
2024-11-26 12:09:00+05:30,6048.7,6048.7,6044.85,6048,108,
2024-11-26 12:10:00+05:30,6048,6050,6047.25,6049.9,181,
2024-11-26 12:11:00+05:30,6049.9,6050,6042.4,6047.3,1471,
2024-11-26 12:12:00+05:30,6047.3,6050,6038.1,6043.2,6976,
2024-11-26 12:13:00+05:30,6043.2,6051,6043.2,6051,1050,
2024-11-26 12:14:00+05:30,6051,6052,6050,6051.85,380,
2024-11-26 12:15:00+05:30,6051.85,6052,6050,6052,234,
2024-11-26 12:16:00+05:30,6052,6052,6050,6052,120,
2024-11-26 12:17:00+05:30,6052,6052,6050,6052,145,
2024-11-26 12:18:00+05:30,6052,6052.9,6050.15,6052.15,405,
2024-11-26 12:19:00+05:30,6053,6054,6052.25,6054,33,
2024-11-26 12:20:00+05:30,6054,6057.25,6053.3,6053.55,948,
2024-11-26 12:21:00+05:30,6053.55,6054.95,6053.55,6054.15,57,
2024-11-26 12:22:00+05:30,6054.15,6057.6,6054.15,6057,707,
2024-11-26 12:23:00+05:30,6057,6057,6055,6056,48,
2024-11-26 12:24:00+05:30,6056,6056,6052.25,6052.5,90,
2024-11-26 12:25:00+05:30,6052.5,6054.9,6050.1,6051.3,290,
2024-11-26 12:26:00+05:30,6054.95,6054.95,6052.7,6054.95,42,
2024-11-26 12:27:00+05:30,6054.95,6056.25,6051.3,6053,174,
2024-11-26 12:28:00+05:30,6053,6054.25,6051.2,6051.55,169,
2024-11-26 12:29:00+05:30,6051.55,6051.55,6050,6050.55,48,
2024-11-26 12:30:00+05:30,6050.55,6050.55,6045.55,6047,216,
2024-11-26 12:31:00+05:30,6047,6047,6045.1,6045.1,368,
2024-11-26 12:32:00+05:30,6045,6046.3,6043.5,6046.25,241,
2024-11-26 12:33:00+05:30,6046.2,6046.45,6045.05,6046.45,44,
2024-11-26 12:34:00+05:30,6046.45,6046.45,6045,6045,16,
2024-11-26 12:35:00+05:30,6045,6046,6043.85,6045.9,40,
2024-11-26 12:36:00+05:30,6045.9,6046,6042.5,6046,329,
2024-11-26 12:37:00+05:30,6045.5,6047,6042.95,6046.95,294,
2024-11-26 12:38:00+05:30,6046.95,6047,6046,6047,23,
2024-11-26 12:39:00+05:30,6047,6050.6,6046.05,6049.1,502,
2024-11-26 12:40:00+05:30,6049.1,6049.1,6047.5,6049.1,22,
2024-11-26 12:41:00+05:30,6049.1,6052,6047.5,6049.35,150,
2024-11-26 12:42:00+05:30,6052,6052,6049.65,6049.65,17,
2024-11-26 12:43:00+05:30,6049.65,6051,6049,6051,337,
2024-11-26 12:44:00+05:30,6051,6054.7,6049.9,6054.7,87,
2024-11-26 12:45:00+05:30,6054.7,6057.6,6051.6,6057.6,240,
2024-11-26 12:46:00+05:30,6057.6,6060.25,6055.35,6060.05,493,
2024-11-26 12:47:00+05:30,6060,6062.85,6060,6060.05,291,
2024-11-26 12:48:00+05:30,6062.85,6063.25,6060.05,6060.05,277,
2024-11-26 12:49:00+05:30,6060.05,6063.2,6060.05,6062.65,38,
2024-11-26 12:50:00+05:30,6062.35,6062.35,6053.9,6061.3,282,
2024-11-26 12:51:00+05:30,6061.25,6061.4,6056.5,6059.65,186,
2024-11-26 12:52:00+05:30,6059.65,6061.4,6058.45,6061.4,47,
2024-11-26 12:53:00+05:30,6061.4,6061.4,6058.05,6058.05,231,
2024-11-26 12:54:00+05:30,6058.05,6059.35,6054.3,6056.1,295,
2024-11-26 12:55:00+05:30,6056.1,6060.2,6051.25,6060.2,672,
2024-11-26 12:56:00+05:30,6060.2,6061.15,6055.45,6060,937,
2024-11-26 12:57:00+05:30,6060,6062.95,6058.3,6060,828,
2024-11-26 12:58:00+05:30,6060,6062,6057.35,6062,418,
2024-11-26 12:59:00+05:30,6062,6068.5,6060.1,6065.55,517,
2024-11-26 13:00:00+05:30,6066,6067,6066,6067,240,
2024-11-26 13:01:00+05:30,6067,6070.8,6066.05,6070.8,629,
2024-11-26 13:02:00+05:30,6070.75,6074.15,6068.1,6074.15,598,
2024-11-26 13:03:00+05:30,6074.15,6087.7,6073,6083.55,3365,
2024-11-26 13:04:00+05:30,6083.55,6086.6,6080.1,6082.65,2378,
2024-11-26 13:05:00+05:30,6082.65,6082.65,6075.75,6077.95,688,
2024-11-26 13:06:00+05:30,6077.95,6078.35,6073.7,6077,768,
2024-11-26 13:07:00+05:30,6077,6077,6071.1,6074.2,243,
2024-11-26 13:08:00+05:30,6074.9,6078.25,6071.9,6076.45,36,
2024-11-26 13:09:00+05:30,6076.45,6077.4,6073.05,6073.05,264,
2024-11-26 13:10:00+05:30,6073.05,6075.2,6071.5,6075.2,127,
2024-11-26 13:11:00+05:30,6075.2,6076.85,6073.15,6075.55,25,
2024-11-26 13:12:00+05:30,6075.55,6076.7,6070.55,6074.6,686,
2024-11-26 13:13:00+05:30,6074.6,6076,6073.85,6075.9,30,
2024-11-26 13:14:00+05:30,6076,6079.5,6073.25,6079,113,
2024-11-26 13:15:00+05:30,6079,6085.8,6077.9,6085.55,608,
2024-11-26 13:16:00+05:30,6085.55,6085.55,6082.6,6083,22,
2024-11-26 13:17:00+05:30,6083,6083.5,6081.05,6081.95,48,
2024-11-26 13:18:00+05:30,6081.95,6082.05,6078.35,6079,139,
2024-11-26 13:19:00+05:30,6079,6085,6079,6084.2,266,
2024-11-26 13:20:00+05:30,6084.2,6084.2,6080,6082.15,179,
2024-11-26 13:21:00+05:30,6082.15,6084.4,6078.3,6084.25,497,
2024-11-26 13:22:00+05:30,6084.25,6085.55,6082.75,6085,301,
2024-11-26 13:23:00+05:30,6082.5,6084.9,6080.5,6081.05,481,
2024-11-26 13:24:00+05:30,6081.05,6085.45,6081.05,6085.25,290,
2024-11-26 13:25:00+05:30,6085.25,6085.55,6081.7,6083.15,58,
2024-11-26 13:26:00+05:30,6085.55,6086.8,6084.75,6085,214,
2024-11-26 13:27:00+05:30,6085,6085.6,6081.05,6083.35,239,
2024-11-26 13:28:00+05:30,6083.35,6085.7,6082,6082,273,
2024-11-26 13:29:00+05:30,6082,6083.1,6080.1,6082.9,105,
2024-11-26 13:30:00+05:30,6082.9,6082.9,6078.05,6078.05,143,
2024-11-26 13:31:00+05:30,6078.05,6080,6077.05,6077.05,94,
2024-11-26 13:32:00+05:30,6077.05,6077.05,6072.3,6077.05,643,
2024-11-26 13:33:00+05:30,6077.05,6077.05,6073.55,6076.7,73,
2024-11-26 13:34:00+05:30,6076.7,6080.05,6072,6080.05,179,
2024-11-26 13:35:00+05:30,6076.45,6081.45,6076.45,6078.55,357,
2024-11-26 13:36:00+05:30,6078.55,6080.6,6076.15,6079.55,108,
2024-11-26 13:37:00+05:30,6079.55,6079.55,6074.05,6074.05,152,
2024-11-26 13:38:00+05:30,6074.05,6076.25,6071.2,6074.2,128,
2024-11-26 13:39:00+05:30,6074.2,6080.25,6069.3,6078,1092,
2024-11-26 13:40:00+05:30,6078,6078,6074.05,6075.15,71,
2024-11-26 13:41:00+05:30,6075.15,6077.35,6072.15,6072.65,192,
2024-11-26 13:42:00+05:30,6072.65,6075.7,6071.2,6073.05,207,
2024-11-26 13:43:00+05:30,6073.05,6079.2,6073.05,6077.25,228,
2024-11-26 13:44:00+05:30,6077.25,6077.7,6073,6073,330,
2024-11-26 13:45:00+05:30,6073,6075.6,6071,6075.3,641,
2024-11-26 13:46:00+05:30,6072.2,6075,6070.65,6073.9,66,
2024-11-26 13:47:00+05:30,6073.9,6079.2,6071.4,6079.2,273,
2024-11-26 13:48:00+05:30,6076.8,6084,6075.15,6082.75,444,
2024-11-26 13:49:00+05:30,6082.75,6086,6080.2,6086,378,
2024-11-26 13:50:00+05:30,6086,6088.25,6084.55,6087.75,711,
2024-11-26 13:51:00+05:30,6087.3,6087.3,6080.95,6084.65,189,
2024-11-26 13:52:00+05:30,6084.65,6097.7,6084.65,6095,2176,
2024-11-26 13:53:00+05:30,6095,6102.2,6095,6101.9,1385,
2024-11-26 13:54:00+05:30,6101.95,6104,6097.75,6103,1336,
2024-11-26 13:55:00+05:30,6103,6110,6098.85,6105.5,653,
2024-11-26 13:56:00+05:30,6109.25,6109.9,6105,6105.05,876,
2024-11-26 13:57:00+05:30,6105.05,6110,6105,6105.85,753,
2024-11-26 13:58:00+05:30,6109.15,6111,6105.2,6106.2,512,
2024-11-26 13:59:00+05:30,6111,6111,6106.65,6109.95,365,
2024-11-26 14:00:00+05:30,6109.95,6111.05,6105.1,6111.05,795,
2024-11-26 14:01:00+05:30,6111,6113.2,6108.3,6110.45,517,
2024-11-26 14:02:00+05:30,6110.45,6112,6107.55,6111.25,479,
2024-11-26 14:03:00+05:30,6111.25,6113,6106.8,6107.4,437,
2024-11-26 14:04:00+05:30,6107.4,6109.8,6103.05,6106.95,524,
2024-11-26 14:05:00+05:30,6104.45,6107.7,6101,6101,479,
2024-11-26 14:06:00+05:30,6101,6102.95,6092.05,6092.05,482,
2024-11-26 14:07:00+05:30,6092.05,6099.05,6091.45,6094.9,446,
2024-11-26 14:08:00+05:30,6094.9,6097.45,6092.7,6097.15,86,
2024-11-26 14:09:00+05:30,6097.15,6097.15,6091.05,6097,373,
2024-11-26 14:10:00+05:30,6097,6097.75,6093.95,6097.75,12,
2024-11-26 14:11:00+05:30,6097.75,6097.85,6095.1,6097.85,12,
2024-11-26 14:12:00+05:30,6097.85,6098.45,6095.5,6097,107,
2024-11-26 14:13:00+05:30,6097,6100.4,6095.3,6098.95,378,
2024-11-26 14:14:00+05:30,6098.95,6101,6095.5,6097.55,689,
2024-11-26 14:15:00+05:30,6097.55,6097.55,6090.5,6094.35,53,
2024-11-26 14:16:00+05:30,6094.35,6094.35,6090.5,6091,80,
2024-11-26 14:17:00+05:30,6091,6091,6086.1,6089.8,990,
2024-11-26 14:18:00+05:30,6089.8,6093.3,6083.25,6088.5,476,
2024-11-26 14:19:00+05:30,6088.5,6090.65,6085.1,6088.7,219,
2024-11-26 14:20:00+05:30,6088.7,6092.9,6085,6091.3,250,
2024-11-26 14:21:00+05:30,6091.3,6091.3,6085,6087.1,18,
2024-11-26 14:22:00+05:30,6087.1,6089.9,6086.65,6086.7,188,
2024-11-26 14:23:00+05:30,6086.7,6091,6086.5,6091,61,
2024-11-26 14:24:00+05:30,6091,6091,6086.3,6089.4,24,
2024-11-26 14:25:00+05:30,6089.4,6089.5,6086.25,6089,201,
2024-11-26 14:26:00+05:30,6089,6089,6085,6085,122,
2024-11-26 14:27:00+05:30,6085,6086.8,6083.55,6083.55,20,
2024-11-26 14:28:00+05:30,6083.55,6087,6082.05,6086.45,278,
2024-11-26 14:29:00+05:30,6086.45,6091.5,6086,6090.05,320,
2024-11-26 14:30:00+05:30,6090.05,6090.35,6088.3,6090.35,54,
2024-11-26 14:31:00+05:30,6090.35,6090.35,6085.8,6086.65,244,
2024-11-26 14:32:00+05:30,6086.65,6088,6083.2,6086.7,121,
2024-11-26 14:33:00+05:30,6086.7,6086.7,6082.5,6084.45,138,
2024-11-26 14:34:00+05:30,6084.45,6086.6,6083.25,6086,80,
2024-11-26 14:35:00+05:30,6086,6086,6081.35,6085.1,58,
2024-11-26 14:36:00+05:30,6085.1,6085.75,6081.65,6085.75,810,
2024-11-26 14:37:00+05:30,6083.8,6086,6082.4,6086,48,
2024-11-26 14:38:00+05:30,6086,6090.25,6083.45,6085.5,427,
2024-11-26 14:39:00+05:30,6085.5,6085.5,6084.45,6085.5,59,
2024-11-26 14:40:00+05:30,6085.5,6089.65,6085,6087.95,706,
2024-11-26 14:41:00+05:30,6087.95,6093.2,6087.5,6090.05,540,
2024-11-26 14:42:00+05:30,6090.05,6093.25,6088.4,6092.95,299,
2024-11-26 14:43:00+05:30,6092.95,6092.95,6090.2,6092.85,57,
2024-11-26 14:44:00+05:30,6092.85,6092.85,6088.3,6090,28,
2024-11-26 14:45:00+05:30,6090,6090,6086.55,6088.7,404,
2024-11-26 14:46:00+05:30,6088.7,6088.7,6083.8,6083.8,246,
2024-11-26 14:47:00+05:30,6083.8,6087.6,6083.8,6085.85,280,
2024-11-26 14:48:00+05:30,6085.85,6087.05,6083.2,6083.2,99,
2024-11-26 14:49:00+05:30,6083.2,6085.65,6083,6084.1,194,
2024-11-26 14:50:00+05:30,6084.1,6084.1,6081.4,6083.7,215,
2024-11-26 14:51:00+05:30,6083.95,6100.75,6082.2,6100.75,4310,
2024-11-26 14:52:00+05:30,6100.75,6113.7,6100.45,6110,3154,
2024-11-26 14:53:00+05:30,6110,6115,6108.35,6114.4,2681,
2024-11-26 14:54:00+05:30,6114.4,6117,6111.05,6113,730,
2024-11-26 14:55:00+05:30,6114.45,6114.45,6107.15,6107.15,410,
2024-11-26 14:56:00+05:30,6107.15,6109,6100.35,6103.95,2479,
2024-11-26 14:57:00+05:30,6103.95,6103.95,6101.1,6101.15,204,
2024-11-26 14:58:00+05:30,6101.15,6102.95,6100.55,6100.55,247,
2024-11-26 14:59:00+05:30,6100.4,6103,6100,6100.3,744,
2024-11-26 15:00:00+05:30,6101.55,6102.8,6096.3,6099.15,830,
2024-11-26 15:01:00+05:30,6099.15,6101.85,6095.1,6095.1,1054,
2024-11-26 15:02:00+05:30,6095.1,6097.4,6087.9,6087.9,1167,
2024-11-26 15:03:00+05:30,6089.75,6090.15,6084.45,6087,400,
2024-11-26 15:04:00+05:30,6087,6087,6083.4,6086.6,535,
2024-11-26 15:05:00+05:30,6085.95,6085.95,6075,6075,990,
2024-11-26 15:06:00+05:30,6075,6078.3,6073.05,6077.35,748,
2024-11-26 15:07:00+05:30,6076.2,6077.05,6070.3,6074.6,727,
2024-11-26 15:08:00+05:30,6074.6,6074.6,6064,6064,803,
2024-11-26 15:09:00+05:30,6064,6067.95,6064,6066.7,1535,
2024-11-26 15:10:00+05:30,6065.5,6067.95,6061.5,6064.9,268,
2024-11-26 15:11:00+05:30,6063.7,6064.5,6060.5,6064.5,758,
2024-11-26 15:12:00+05:30,6064.5,6064.95,6062.85,6064.9,1276,
2024-11-26 15:13:00+05:30,6064.9,6064.95,6063.25,6063.45,701,
2024-11-26 15:14:00+05:30,6064.25,6064.95,6054.5,6054.5,2679,
2024-11-26 15:15:00+05:30,6056.4,6057.15,6052.65,6052.75,903,
2024-11-26 15:16:00+05:30,6052.75,6056.45,6050.05,6050.5,660,
2024-11-26 15:17:00+05:30,6050.5,6065.6,6044.95,6065.6,6903,
2024-11-26 15:18:00+05:30,6063.05,6084.3,6062.15,6083.05,2557,
2024-11-26 15:19:00+05:30,6083.05,6083.05,6080,6082.9,1806,
2024-11-26 15:20:00+05:30,6082.9,6082.9,6071,6081,2630,
2024-11-26 15:21:00+05:30,6080,6081.95,6078.7,6080.15,1549,
2024-11-26 15:22:00+05:30,6080.15,6081.95,6080,6080,888,
2024-11-26 15:23:00+05:30,6080,6080.85,6080,6080.65,1301,
2024-11-26 15:24:00+05:30,6080.65,6084,6080,6082.1,2197,
2024-11-26 15:25:00+05:30,6083.9,6086.7,6083.75,6086.7,1490,
2024-11-26 15:26:00+05:30,6086.7,6086.8,6078.8,6079.5,1595,
2024-11-26 15:27:00+05:30,6084.1,6084.1,6072.6,6076,578,
2024-11-26 15:28:00+05:30,6076,6085,6074.1,6076.65,740,
2024-11-26 15:29:00+05:30,6078.5,6085,6078.5,6085,493,
2024-11-27 09:15:00+05:30,6072.5,6105.85,6071.05,6088.45,3246,
2024-11-27 09:16:00+05:30,6088.45,6096.95,6087.4,6088.1,1579,
2024-11-27 09:17:00+05:30,6087,6087,6080,6080,584,
2024-11-27 09:18:00+05:30,6081.5,6088.1,6074.5,6088.1,621,
2024-11-27 09:19:00+05:30,6088.1,6089.55,6075.7,6081.7,737,
2024-11-27 09:20:00+05:30,6081.7,6089.85,6076.85,6085.3,311,
2024-11-27 09:21:00+05:30,6085.3,6093.4,6084.35,6093.4,294,
2024-11-27 09:22:00+05:30,6093.4,6098.05,6083.8,6087.95,1526,
2024-11-27 09:23:00+05:30,6088,6088,6072.65,6076.2,317,
2024-11-27 09:24:00+05:30,6076.2,6076.55,6069.85,6073.85,733,
2024-11-27 09:25:00+05:30,6073.85,6073.85,6068.9,6072.7,220,
2024-11-27 09:26:00+05:30,6070,6082.45,6069.1,6081.75,248,
2024-11-27 09:27:00+05:30,6081.95,6086.25,6076.8,6082.75,1198,
2024-11-27 09:28:00+05:30,6082.75,6082.75,6075,6081,145,
2024-11-27 09:29:00+05:30,6082.9,6082.9,6074.3,6074.3,178,
2024-11-27 09:30:00+05:30,6076.7,6077.15,6072.8,6074.9,196,
2024-11-27 09:31:00+05:30,6074.85,6077.9,6070.6,6075.9,446,
2024-11-27 09:32:00+05:30,6075.9,6075.9,6069,6075.5,170,
2024-11-27 09:33:00+05:30,6075.5,6075.5,6069,6069,203,
2024-11-27 09:34:00+05:30,6069,6076.35,6069,6076.35,167,
2024-11-27 09:35:00+05:30,6076.35,6076.35,6070.45,6073.7,99,
2024-11-27 09:36:00+05:30,6073.7,6077.65,6070.4,6074.6,214,
2024-11-27 09:37:00+05:30,6074.6,6080,6074.15,6075.2,366,
2024-11-27 09:38:00+05:30,6075.2,6075.2,6070,6074.4,633,
2024-11-27 09:39:00+05:30,6074.4,6074.4,6068,6068.1,310,
2024-11-27 09:40:00+05:30,6068.1,6069.8,6068.1,6068.15,157,
2024-11-27 09:41:00+05:30,6069.8,6073.05,6068,6070.3,191,
2024-11-27 09:42:00+05:30,6070.3,6073.45,6065,6073.45,667,
2024-11-27 09:43:00+05:30,6067.35,6073,6067.35,6072.45,99,
2024-11-27 09:44:00+05:30,6069.05,6073,6069.05,6072.05,85,
2024-11-27 09:45:00+05:30,6072.05,6077.7,6068.15,6077,402,
2024-11-27 09:46:00+05:30,6077,6081,6077,6081,1233,
2024-11-27 09:47:00+05:30,6082,6082,6076.25,6079,103,
2024-11-27 09:48:00+05:30,6079,6079.7,6076.4,6079.7,28,
2024-11-27 09:49:00+05:30,6079.7,6080.05,6077.1,6077.1,112,
2024-11-27 09:50:00+05:30,6081.2,6085,6077.3,6085,615,
2024-11-27 09:51:00+05:30,6085,6085,6082.5,6083.05,129,
2024-11-27 09:52:00+05:30,6083.05,6084.85,6082,6082.05,54,
2024-11-27 09:53:00+05:30,6082.05,6087.25,6081.35,6085.2,216,
2024-11-27 09:54:00+05:30,6085.2,6100,6085.2,6094.15,1726,
2024-11-27 09:55:00+05:30,6094.15,6095.6,6087.9,6094.4,220,
2024-11-27 09:56:00+05:30,6094.4,6094.4,6090,6091.05,259,
2024-11-27 09:57:00+05:30,6091.05,6091.85,6089.75,6089.75,159,
2024-11-27 09:58:00+05:30,6089.75,6094.5,6089.75,6094.5,247,
2024-11-27 09:59:00+05:30,6094.5,6094.5,6092.05,6094.25,102,
2024-11-27 10:00:00+05:30,6094.25,6095.65,6082.55,6086.4,1521,
2024-11-27 10:01:00+05:30,6086.4,6086.4,6079,6081.95,191,
2024-11-27 10:02:00+05:30,6081.95,6084.7,6081.95,6084.7,138,
2024-11-27 10:03:00+05:30,6084.7,6084.7,6076.4,6076.6,473,
2024-11-27 10:04:00+05:30,6076.6,6085.5,6076.6,6085.5,610,
2024-11-27 10:05:00+05:30,6085.5,6086.3,6081.1,6085.1,221,
2024-11-27 10:06:00+05:30,6085.1,6085.1,6080,6080,31,
2024-11-27 10:07:00+05:30,6080,6080,6075.65,6076.1,291,
2024-11-27 10:08:00+05:30,6080,6085.55,6077.35,6085.55,457,
2024-11-27 10:09:00+05:30,6084.6,6086,6079.9,6079.9,204,
2024-11-27 10:10:00+05:30,6079.9,6083.7,6079.9,6082.8,65,
2024-11-27 10:11:00+05:30,6082.8,6082.8,6082.8,6082.8,0,
2024-11-27 10:12:00+05:30,6082.8,6090.9,6078.65,6087.5,660,
2024-11-27 10:13:00+05:30,6087.5,6090.7,6086.9,6086.9,181,
2024-11-27 10:14:00+05:30,6086.9,6086.9,6080.25,6084.2,97,
2024-11-27 10:15:00+05:30,6084.2,6084.2,6079.55,6079.6,75,
2024-11-27 10:16:00+05:30,6079.6,6081.2,6076.15,6081.2,180,
2024-11-27 10:17:00+05:30,6081.2,6081.2,6078.95,6078.95,19,
2024-11-27 10:18:00+05:30,6078.95,6082.95,6076.05,6082.95,125,
2024-11-27 10:19:00+05:30,6082.95,6082.95,6079.25,6082.05,25,
2024-11-27 10:20:00+05:30,6082.05,6085,6077.55,6077.55,315,
2024-11-27 10:21:00+05:30,6077.55,6082.95,6077.55,6082.95,93,
2024-11-27 10:22:00+05:30,6082.95,6084.65,6078.45,6084.65,103,
2024-11-27 10:23:00+05:30,6084.65,6084.65,6083.5,6083.5,116,
2024-11-27 10:24:00+05:30,6083.5,6083.5,6080.1,6082.95,52,
2024-11-27 10:25:00+05:30,6082.95,6082.95,6076.15,6076.15,51,
2024-11-27 10:26:00+05:30,6076.15,6079.85,6076.15,6079.85,27,
2024-11-27 10:27:00+05:30,6079.85,6079.85,6076.25,6079.35,76,
2024-11-27 10:28:00+05:30,6080.15,6082.6,6080.15,6082.6,136,
2024-11-27 10:29:00+05:30,6080.4,6082.5,6080.4,6082.5,32,
2024-11-27 10:30:00+05:30,6082.5,6085,6082.5,6085,78,
2024-11-27 10:31:00+05:30,6085,6085,6082.55,6082.55,72,
2024-11-27 10:32:00+05:30,6082.55,6085.35,6082.5,6083.95,62,
2024-11-27 10:33:00+05:30,6083.95,6087.9,6083.95,6087.6,193,
2024-11-27 10:34:00+05:30,6087.6,6090,6087.6,6089.15,184,
2024-11-27 10:35:00+05:30,6089.15,6098,6085.8,6096.2,1607,
2024-11-27 10:36:00+05:30,6096.2,6100,6092.5,6100,1153,
2024-11-27 10:37:00+05:30,6100,6102.2,6099.3,6100.5,243,
2024-11-27 10:38:00+05:30,6100.5,6102.15,6097.05,6099.45,570,
2024-11-27 10:39:00+05:30,6099.45,6099.45,6091,6093.95,228,
2024-11-27 10:40:00+05:30,6093.95,6093.95,6087.85,6092,88,
2024-11-27 10:41:00+05:30,6092,6093,6090,6090.05,130,
2024-11-27 10:42:00+05:30,6090.05,6093,6087.95,6092.4,76,
2024-11-27 10:43:00+05:30,6092.4,6092.4,6087.4,6088.75,248,
2024-11-27 10:44:00+05:30,6088.75,6091,6087.5,6090,189,
2024-11-27 10:45:00+05:30,6090,6091,6087.5,6091,173,
2024-11-27 10:46:00+05:30,6091,6095,6091,6095,181,
2024-11-27 10:47:00+05:30,6095,6095.7,6088.05,6088.7,432,
2024-11-27 10:48:00+05:30,6088.7,6094.95,6088.15,6092.15,504,
2024-11-27 10:49:00+05:30,6092.15,6096.85,6090.6,6096.85,35,
2024-11-27 10:50:00+05:30,6092.95,6097,6091.1,6092.5,305,
2024-11-27 10:51:00+05:30,6092.5,6095.75,6092.3,6095,105,
2024-11-27 10:52:00+05:30,6093.55,6098.45,6092,6095.95,364,
2024-11-27 10:53:00+05:30,6095.95,6097,6092.1,6093.9,309,
2024-11-27 10:54:00+05:30,6093.9,6096.95,6093.5,6096.6,73,
2024-11-27 10:55:00+05:30,6096.6,6096.6,6092,6094.15,106,
2024-11-27 10:56:00+05:30,6094.15,6094.85,6092,6094.75,64,
2024-11-27 10:57:00+05:30,6094.75,6094.75,6092.15,6094.55,134,
2024-11-27 10:58:00+05:30,6094.55,6094.55,6090,6093.35,280,
2024-11-27 10:59:00+05:30,6093.35,6093.35,6089.8,6089.8,331,
2024-11-27 11:00:00+05:30,6089.8,6090,6088.05,6090,88,
2024-11-27 11:01:00+05:30,6090,6090,6088.1,6088.15,139,
2024-11-27 11:02:00+05:30,6090,6091.1,6088.2,6090,122,
2024-11-27 11:03:00+05:30,6090,6092.5,6088.55,6092.5,228,
2024-11-27 11:04:00+05:30,6092.5,6092.8,6088.55,6092.2,126,
2024-11-27 11:05:00+05:30,6092.2,6093,6083.05,6085.3,271,
2024-11-27 11:06:00+05:30,6082.5,6083,6080,6083,76,
2024-11-27 11:07:00+05:30,6083,6083,6075,6077.15,226,
2024-11-27 11:08:00+05:30,6077.25,6078.8,6075.1,6078.8,126,
2024-11-27 11:09:00+05:30,6075.75,6081.65,6075.75,6080.65,238,
2024-11-27 11:10:00+05:30,6080.65,6081.15,6078.2,6081.15,41,
2024-11-27 11:11:00+05:30,6081.15,6081.15,6078.5,6079.8,133,
2024-11-27 11:12:00+05:30,6079.8,6079.8,6071.35,6071.95,257,
2024-11-27 11:13:00+05:30,6071.95,6075.25,6071,6071,115,
2024-11-27 11:14:00+05:30,6071,6074.05,6071,6073.65,131,
2024-11-27 11:15:00+05:30,6073.65,6073.95,6071,6073.95,289,
2024-11-27 11:16:00+05:30,6073.95,6075.85,6071.5,6074.8,126,
2024-11-27 11:17:00+05:30,6071.5,6074.85,6071,6071,263,
2024-11-27 11:18:00+05:30,6071,6074.3,6070,6070,646,
2024-11-27 11:19:00+05:30,6070,6070,6066,6069.8,305,
2024-11-27 11:20:00+05:30,6069.8,6070,6064.85,6069.4,426,
2024-11-27 11:21:00+05:30,6069.4,6073.5,6068,6072.45,300,
2024-11-27 11:22:00+05:30,6072.45,6073.4,6070,6070.05,96,
2024-11-27 11:23:00+05:30,6070.05,6072.5,6070,6070,73,
2024-11-27 11:24:00+05:30,6070,6071.4,6067.2,6067.95,465,
2024-11-27 11:25:00+05:30,6067.95,6072.15,6067,6071.3,117,
2024-11-27 11:26:00+05:30,6071.3,6073.6,6068.65,6073.6,106,
2024-11-27 11:27:00+05:30,6073.6,6073.6,6068.55,6069.05,109,
2024-11-27 11:28:00+05:30,6069.25,6072.4,6068.7,6069.05,43,
2024-11-27 11:29:00+05:30,6068.6,6072.05,6068.5,6070.95,210,
2024-11-27 11:30:00+05:30,6070.95,6071.3,6069,6069.5,77,
2024-11-27 11:31:00+05:30,6069.5,6071.25,6069.15,6070,66,
2024-11-27 11:32:00+05:30,6071.4,6071.95,6069.65,6071.95,42,
2024-11-27 11:33:00+05:30,6071.95,6072.4,6070,6072.4,62,
2024-11-27 11:34:00+05:30,6072.4,6074.2,6070.55,6073.8,103,
2024-11-27 11:35:00+05:30,6071.5,6071.65,6067.05,6069.95,321,
2024-11-27 11:36:00+05:30,6069.95,6069.95,6059.75,6065,1326,
2024-11-27 11:37:00+05:30,6065,6069.9,6061.3,6065.95,359,
2024-11-27 11:38:00+05:30,6066.2,6070.7,6065.55,6070.25,187,
2024-11-27 11:39:00+05:30,6070.25,6070.25,6061.8,6061.8,338,
2024-11-27 11:40:00+05:30,6061.8,6065.2,6060,6061.8,183,
2024-11-27 11:41:00+05:30,6061.8,6061.8,6057,6057,235,
2024-11-27 11:42:00+05:30,6057,6060,6057,6060,75,
2024-11-27 11:43:00+05:30,6060,6060.5,6057,6057,317,
2024-11-27 11:44:00+05:30,6057,6058.6,6055.55,6058.4,374,
2024-11-27 11:45:00+05:30,6058.4,6058.4,6055,6057,195,
2024-11-27 11:46:00+05:30,6057,6057,6052.15,6052.15,289,
2024-11-27 11:47:00+05:30,6052.15,6054.95,6051.7,6052.1,296,
2024-11-27 11:48:00+05:30,6052.1,6053,6050.15,6050.8,299,
2024-11-27 11:49:00+05:30,6050.8,6054.95,6050.8,6052,190,
2024-11-27 11:50:00+05:30,6052,6054.95,6051.05,6052.5,164,
2024-11-27 11:51:00+05:30,6052.5,6055.65,6052.5,6053.2,55,
2024-11-27 11:52:00+05:30,6053.2,6054.65,6052.5,6053.95,159,
2024-11-27 11:53:00+05:30,6052,6053.2,6050,6053.1,123,
2024-11-27 11:54:00+05:30,6050.25,6053,6050.2,6052.65,92,
2024-11-27 11:55:00+05:30,6052.65,6052.65,6047,6050.6,578,
2024-11-27 11:56:00+05:30,6046.55,6051.95,6046,6051.95,557,
2024-11-27 11:57:00+05:30,6051.95,6051.95,6047.9,6051.65,110,
2024-11-27 11:58:00+05:30,6051.65,6051.65,6048.4,6051.55,108,
2024-11-27 11:59:00+05:30,6051.55,6051.55,6049.1,6051.45,185,
2024-11-27 12:00:00+05:30,6051.4,6052.85,6049.1,6049.5,171,
2024-11-27 12:01:00+05:30,6049.5,6052.25,6049.25,6049.65,78,
2024-11-27 12:02:00+05:30,6049.65,6052,6046,6048.15,248,
2024-11-27 12:03:00+05:30,6048.15,6048.15,6045,6045,172,
2024-11-27 12:04:00+05:30,6045,6045.6,6042.05,6044.9,115,
2024-11-27 12:05:00+05:30,6043,6046.45,6043,6046.45,203,
2024-11-27 12:06:00+05:30,6046.45,6046.45,6041.1,6041.1,269,
2024-11-27 12:07:00+05:30,6044.45,6044.8,6041.05,6041.75,213,
2024-11-27 12:08:00+05:30,6041.75,6044.75,6041.75,6044.5,90,
2024-11-27 12:09:00+05:30,6044.5,6047,6042.35,6046.95,372,
2024-11-27 12:10:00+05:30,6046.95,6046.95,6042.6,6045.75,131,
2024-11-27 12:11:00+05:30,6042.7,6046.2,6042.7,6045.7,113,
2024-11-27 12:12:00+05:30,6045.7,6045.7,6042.35,6044.45,134,
2024-11-27 12:13:00+05:30,6042.35,6042.35,6040,6040,638,
2024-11-27 12:14:00+05:30,6040,6040,6036,6039.85,327,
2024-11-27 12:15:00+05:30,6039.85,6040.4,6036.6,6040,138,
2024-11-27 12:16:00+05:30,6040,6040.45,6036.15,6040.15,112,
2024-11-27 12:17:00+05:30,6040.15,6040.15,6035.8,6035.8,239,
2024-11-27 12:18:00+05:30,6035.8,6038.35,6035.75,6038.1,51,
2024-11-27 12:19:00+05:30,6038.1,6038.6,6030.15,6030.55,3572,
2024-11-27 12:20:00+05:30,6030.55,6034.05,6030,6031.25,197,
2024-11-27 12:21:00+05:30,6031.25,6039.6,6031.25,6038.65,3074,
2024-11-27 12:22:00+05:30,6039.7,6042.2,6035.55,6037.8,643,
2024-11-27 12:23:00+05:30,6037.8,6042.4,6037.8,6042.25,99,
2024-11-27 12:24:00+05:30,6042.25,6042.25,6035.75,6036.15,114,
2024-11-27 12:25:00+05:30,6036.15,6038.4,6031.35,6035.1,190,
2024-11-27 12:26:00+05:30,6035.1,6035.5,6033.1,6033.25,269,
2024-11-27 12:27:00+05:30,6034.65,6035.2,6030.55,6030.55,226,
2024-11-27 12:28:00+05:30,6030.55,6032.85,6030,6030,57,
2024-11-27 12:29:00+05:30,6030,6030,6027.4,6027.4,302,
2024-11-27 12:30:00+05:30,6030,6037.45,6030,6032.6,522,
2024-11-27 12:31:00+05:30,6033.25,6036.15,6031.1,6035,227,
2024-11-27 12:32:00+05:30,6035.65,6035.65,6030.6,6032.55,206,
2024-11-27 12:33:00+05:30,6032.55,6038,6032.45,6038,171,
2024-11-27 12:34:00+05:30,6038,6042.75,6037.6,6042.75,120,
2024-11-27 12:35:00+05:30,6042.75,6043.45,6040.1,6041.7,89,
2024-11-27 12:36:00+05:30,6041,6043.75,6040.1,6043.35,161,
2024-11-27 12:37:00+05:30,6043.35,6044.3,6040.15,6044.1,200,
2024-11-27 12:38:00+05:30,6040.3,6043.55,6040.3,6041.2,66,
2024-11-27 12:39:00+05:30,6041.2,6043.5,6038.55,6040,425,
2024-11-27 12:40:00+05:30,6042,6043,6039.85,6041.3,624,
2024-11-27 12:41:00+05:30,6041.3,6043.5,6038.9,6041.1,198,
2024-11-27 12:42:00+05:30,6041.1,6043.2,6041.1,6043,88,
2024-11-27 12:43:00+05:30,6041.15,6043.35,6040.05,6040.55,211,
2024-11-27 12:44:00+05:30,6041.05,6043.5,6041,6041,81,
2024-11-27 12:45:00+05:30,6041,6043.25,6041,6041.5,116,
2024-11-27 12:46:00+05:30,6041,6042.2,6040,6040,139,
2024-11-27 12:47:00+05:30,6040,6041.85,6038.1,6038.6,225,
2024-11-27 12:48:00+05:30,6038.45,6040.9,6036.05,6036.15,143,
2024-11-27 12:49:00+05:30,6037.35,6039.3,6035.75,6038,236,
2024-11-27 12:50:00+05:30,6038,6038.05,6036.05,6037.1,123,
2024-11-27 12:51:00+05:30,6037.1,6038.7,6036.05,6036.25,53,
2024-11-27 12:52:00+05:30,6036.25,6038,6035.55,6035.55,72,
2024-11-27 12:53:00+05:30,6036,6036,6035,6035.35,132,
2024-11-27 12:54:00+05:30,6035.35,6036.45,6034.05,6035,326,
2024-11-27 12:55:00+05:30,6035,6036.95,6033.5,6036.95,162,
2024-11-27 12:56:00+05:30,6034.65,6039.65,6034,6038.35,701,
2024-11-27 12:57:00+05:30,6038.35,6041.35,6037.55,6039,139,
2024-11-27 12:58:00+05:30,6039,6040.95,6039,6039.25,151,
2024-11-27 12:59:00+05:30,6039.25,6042.8,6039.1,6040.15,231,
2024-11-27 13:00:00+05:30,6042.45,6043.5,6041,6042.45,117,
2024-11-27 13:01:00+05:30,6045.9,6046.65,6042,6046.65,409,
2024-11-27 13:02:00+05:30,6044.05,6047.65,6044.05,6047,134,
2024-11-27 13:03:00+05:30,6044.95,6046,6044.05,6044.05,128,
2024-11-27 13:04:00+05:30,6044.05,6046.15,6039.55,6042,335,
2024-11-27 13:05:00+05:30,6042,6044.7,6041.9,6041.9,94,
2024-11-27 13:06:00+05:30,6041.9,6043.9,6039,6039,1128,
2024-11-27 13:07:00+05:30,6037.95,6040.55,6036.3,6037.4,282,
2024-11-27 13:08:00+05:30,6036.7,6041.95,6036.7,6041.5,475,
2024-11-27 13:09:00+05:30,6038.55,6041.95,6037.65,6039.1,131,
2024-11-27 13:10:00+05:30,6037.95,6039.5,6037.6,6038,90,
2024-11-27 13:11:00+05:30,6038,6039.5,6038,6038,162,
2024-11-27 13:12:00+05:30,6038,6038.75,6037,6037.3,193,
2024-11-27 13:13:00+05:30,6037.3,6038.5,6034.65,6038.5,367,
2024-11-27 13:14:00+05:30,6038.5,6038.5,6034.65,6035.2,166,
2024-11-27 13:15:00+05:30,6035.2,6038.7,6035.2,6035.25,125,
2024-11-27 13:16:00+05:30,6037.15,6037.15,6035.25,6035.35,142,
2024-11-27 13:17:00+05:30,6035.35,6037.95,6035.25,6037.95,178,
2024-11-27 13:18:00+05:30,6035,6036.3,6034,6034.15,210,
2024-11-27 13:19:00+05:30,6034.15,6036.6,6033.3,6034.05,264,
2024-11-27 13:20:00+05:30,6034.05,6035.5,6033.05,6033.5,303,
2024-11-27 13:21:00+05:30,6033.55,6036.7,6033.55,6034.6,214,
2024-11-27 13:22:00+05:30,6034.6,6036,6031,6031.05,665,
2024-11-27 13:23:00+05:30,6031.05,6032.55,6028,6029.3,994,
2024-11-27 13:24:00+05:30,6029.35,6030.6,6027.1,6028.35,230,
2024-11-27 13:25:00+05:30,6028.35,6028.35,6024.2,6025.35,368,
2024-11-27 13:26:00+05:30,6025.2,6027.9,6025.05,6027.55,179,
2024-11-27 13:27:00+05:30,6027.55,6028,6024.85,6025.6,238,
2024-11-27 13:28:00+05:30,6025.6,6029.8,6025.6,6028,303,
2024-11-27 13:29:00+05:30,6028,6028,6025,6025.55,307,
2024-11-27 13:30:00+05:30,6025.55,6025.7,6023,6023,377,
2024-11-27 13:31:00+05:30,6023,6025.05,6020,6021.75,625,
2024-11-27 13:32:00+05:30,6021.5,6025.95,6019.25,6022.25,308,
2024-11-27 13:33:00+05:30,6026.7,6026.7,6020.1,6020.15,330,
2024-11-27 13:34:00+05:30,6020.15,6023.2,6018.8,6019.15,279,
2024-11-27 13:35:00+05:30,6023.8,6023.8,6019.45,6021.95,240,
2024-11-27 13:36:00+05:30,6021.95,6027.95,6020.1,6025,296,
2024-11-27 13:37:00+05:30,6024,6026.55,6023,6024.75,204,
2024-11-27 13:38:00+05:30,6024.75,6024.75,6020.05,6020.7,347,
2024-11-27 13:39:00+05:30,6020.7,6024,6020.5,6020.5,69,
2024-11-27 13:40:00+05:30,6020.5,6023.95,6020,6020.05,1239,
2024-11-27 13:41:00+05:30,6020.05,6022.75,6020,6020,275,
2024-11-27 13:42:00+05:30,6020,6022.6,6018.9,6020.95,87,
2024-11-27 13:43:00+05:30,6020.95,6025.7,6020,6021,272,
2024-11-27 13:44:00+05:30,6023.4,6023.4,6016,6016,1056,
2024-11-27 13:45:00+05:30,6015,6018.1,6013.1,6013.1,781,
2024-11-27 13:46:00+05:30,6014,6015.7,6014,6014,171,
2024-11-27 13:47:00+05:30,6014,6015.35,6010,6010.3,918,
2024-11-27 13:48:00+05:30,6010.4,6012.35,6010,6010.4,397,
2024-11-27 13:49:00+05:30,6010.4,6020.35,6010.1,6017.55,356,
2024-11-27 13:50:00+05:30,6017.55,6021.7,6016.6,6017.75,333,
2024-11-27 13:51:00+05:30,6017.75,6022.65,6016.6,6022.65,421,
2024-11-27 13:52:00+05:30,6022.65,6024,6015,6015,194,
2024-11-27 13:53:00+05:30,6015,6017.8,6015,6015,120,
2024-11-27 13:54:00+05:30,6015,6016.7,6012.85,6014.6,182,
2024-11-27 13:55:00+05:30,6014.6,6019.9,6013.95,6014.2,540,
2024-11-27 13:56:00+05:30,6014.2,6023,6014.2,6019.35,492,
2024-11-27 13:57:00+05:30,6019.35,6021.15,6014,6016.35,258,
2024-11-27 13:58:00+05:30,6016.35,6016.45,6014,6014.15,177,
2024-11-27 13:59:00+05:30,6014.15,6017.45,6014,6017.45,179,
2024-11-27 14:00:00+05:30,6015.3,6017.9,6014.15,6015.05,189,
2024-11-27 14:01:00+05:30,6015.05,6017,6014.1,6014.75,72,
2024-11-27 14:02:00+05:30,6014.75,6016,6014.1,6014.35,115,
2024-11-27 14:03:00+05:30,6014.35,6017,6014.1,6014.1,82,
2024-11-27 14:04:00+05:30,6014.1,6016,6014,6014,1084,
2024-11-27 14:05:00+05:30,6014,6016.4,6014,6014,174,
2024-11-27 14:06:00+05:30,6014,6017.15,6014,6015.5,128,
2024-11-27 14:07:00+05:30,6015.5,6018.2,6015.5,6015.65,56,
2024-11-27 14:08:00+05:30,6016,6017.75,6015.55,6017.45,99,
2024-11-27 14:09:00+05:30,6017.45,6018,6015.15,6016.05,107,
2024-11-27 14:10:00+05:30,6018,6019.4,6014,6016.3,275,
2024-11-27 14:11:00+05:30,6016.3,6019.35,6014.1,6015.2,345,
2024-11-27 14:12:00+05:30,6015.2,6017.4,6015,6015,126,
2024-11-27 14:13:00+05:30,6015,6017.25,6015,6015.05,68,
2024-11-27 14:14:00+05:30,6015.05,6017.2,6015.05,6015.15,150,
2024-11-27 14:15:00+05:30,6015.05,6017.1,6011,6011.95,1090,
2024-11-27 14:16:00+05:30,6011.95,6012.9,6009,6009.7,1177,
2024-11-27 14:17:00+05:30,6009.7,6012.45,6009.5,6010.4,212,
2024-11-27 14:18:00+05:30,6012.3,6016.7,6011.6,6013.4,170,
2024-11-27 14:19:00+05:30,6013.4,6018.4,6013.4,6014.85,149,
2024-11-27 14:20:00+05:30,6014.85,6017,6013.05,6013.05,395,
2024-11-27 14:21:00+05:30,6014.15,6015.8,6010.3,6012.5,265,
2024-11-27 14:22:00+05:30,6012.5,6015,6010.85,6013.2,116,
2024-11-27 14:23:00+05:30,6013.2,6014.65,6011.15,6014.65,119,
2024-11-27 14:24:00+05:30,6014.65,6014.9,6011.3,6011.55,218,
2024-11-27 14:25:00+05:30,6011.55,6014.9,6010,6010.4,160,
2024-11-27 14:26:00+05:30,6010.4,6013.5,6010,6012.1,123,
2024-11-27 14:27:00+05:30,6012.1,6017.4,6009.95,6011.05,757,
2024-11-27 14:28:00+05:30,6011.05,6013.5,6010.35,6010.4,94,
2024-11-27 14:29:00+05:30,6010.4,6022.45,6010,6016.75,1585,
2024-11-27 14:30:00+05:30,6017.2,6022.75,6016.3,6022.75,920,
2024-11-27 14:31:00+05:30,6022.75,6022.75,6017.15,6017.5,125,
2024-11-27 14:32:00+05:30,6017.5,6019.2,6016,6018,116,
2024-11-27 14:33:00+05:30,6016.05,6018,6013.05,6014.45,127,
2024-11-27 14:34:00+05:30,6014.6,6020.1,6014.6,6020.1,295,
2024-11-27 14:35:00+05:30,6020.1,6021.4,6015.15,6015.15,341,
2024-11-27 14:36:00+05:30,6015.15,6019.75,6015.15,6017.1,219,
2024-11-27 14:37:00+05:30,6017.7,6018.1,6012.85,6015.25,276,
2024-11-27 14:38:00+05:30,6015.25,6017.85,6013.25,6015.15,409,
2024-11-27 14:39:00+05:30,6013.95,6018.55,6006.95,6008.2,1433,
2024-11-27 14:40:00+05:30,6008.2,6015.1,6008.2,6011.65,380,
2024-11-27 14:41:00+05:30,6011.65,6014,6010.05,6011,134,
2024-11-27 14:42:00+05:30,6011,6012.45,6008,6010.25,296,
2024-11-27 14:43:00+05:30,6010.65,6014.95,6010.65,6013.9,304,
2024-11-27 14:44:00+05:30,6013.9,6015,6009,6010,678,
2024-11-27 14:45:00+05:30,6010,6011.25,6008.1,6010,167,
2024-11-27 14:46:00+05:30,6010,6012.9,6008.85,6009.85,204,
2024-11-27 14:47:00+05:30,6011.8,6011.85,6007.9,6007.9,263,
2024-11-27 14:48:00+05:30,6007.9,6011.4,6007.75,6010.55,242,
2024-11-27 14:49:00+05:30,6010.55,6010.55,6003.3,6003.3,933,
2024-11-27 14:50:00+05:30,6003.3,6005,6001.3,6003.05,1612,
2024-11-27 14:51:00+05:30,6003.3,6008.5,6003,6007,369,
2024-11-27 14:52:00+05:30,6007,6009.65,6006,6009.2,457,
2024-11-27 14:53:00+05:30,6009.2,6009.2,6006.8,6007.1,413,
2024-11-27 14:54:00+05:30,6007.1,6011.35,6007.1,6008,542,
2024-11-27 14:55:00+05:30,6008,6012,6008,6008.45,388,
2024-11-27 14:56:00+05:30,6008.45,6008.45,6006,6006,324,
2024-11-27 14:57:00+05:30,6006,6007.65,6004.2,6004.55,301,
2024-11-27 14:58:00+05:30,6004.55,6006.45,6003,6003.75,413,
2024-11-27 14:59:00+05:30,6003.75,6005.9,6002,6003.2,551,
2024-11-27 15:00:00+05:30,6003.85,6006.6,5994.55,5994.55,2510,
2024-11-27 15:01:00+05:30,5994.55,5997.85,5994.15,5995.15,669,
2024-11-27 15:02:00+05:30,5996.15,6002.95,5995.55,6000,727,
2024-11-27 15:03:00+05:30,6000,6001.4,5995.15,5995.2,394,
2024-11-27 15:04:00+05:30,5994.95,5997.75,5993.95,5995.95,813,
2024-11-27 15:05:00+05:30,5995.95,5997.95,5994.4,5995,592,
2024-11-27 15:06:00+05:30,5995.65,5995.65,5993.7,5993.75,556,
2024-11-27 15:07:00+05:30,5993.75,5993.8,5989,5989,951,
2024-11-27 15:08:00+05:30,5989,5994.45,5988.95,5990.55,1376,
2024-11-27 15:09:00+05:30,5990.95,5998.95,5990,5994.95,3993,
2024-11-27 15:10:00+05:30,5994.95,5996.8,5990.8,5992.4,1092,
2024-11-27 15:11:00+05:30,5992.1,5994.2,5990.7,5991.1,1052,
2024-11-27 15:12:00+05:30,5992.05,5994,5990.55,5992.05,903,
2024-11-27 15:13:00+05:30,5992.05,5998.6,5992.05,5996.7,1781,
2024-11-27 15:14:00+05:30,5996.7,5998,5994.6,5994.75,835,
2024-11-27 15:15:00+05:30,5994.75,5997.65,5994.75,5997.65,1142,
2024-11-27 15:16:00+05:30,5997.65,5997.65,5991.05,5993.5,1778,
2024-11-27 15:17:00+05:30,5991.3,5995.05,5991.05,5993.35,1324,
2024-11-27 15:18:00+05:30,5992.25,5997.5,5991.55,5995.7,1775,
2024-11-27 15:19:00+05:30,5995.75,5998.6,5994.9,5998.6,1626,
2024-11-27 15:20:00+05:30,5998.6,6005.65,5997.4,6005.65,1942,
2024-11-27 15:21:00+05:30,6004,6008,6003.85,6008,788,
2024-11-27 15:22:00+05:30,6008,6012,6006.05,6010.4,748,
2024-11-27 15:23:00+05:30,6010.4,6014,6010.05,6012.05,858,
2024-11-27 15:24:00+05:30,6012.05,6015,6010.05,6014.55,1319,
2024-11-27 15:25:00+05:30,6014.45,6017.6,6012.35,6014.1,1136,
2024-11-27 15:26:00+05:30,6015.05,6017.7,6010.4,6015,1236,
2024-11-27 15:27:00+05:30,6015,6016.8,6011,6012,532,
2024-11-27 15:28:00+05:30,6012.5,6016,6009.3,6015,972,
2024-11-27 15:29:00+05:30,6010.35,6016.15,6001.95,6001.95,1136,
2024-11-28 09:15:00+05:30,6022.8,6022.8,5984.1,5991.35,3077,
2024-11-28 09:16:00+05:30,5982.35,5984.95,5971.7,5971.8,4707,
2024-11-28 09:17:00+05:30,5977.2,5984.45,5969.35,5976.9,2587,
2024-11-28 09:18:00+05:30,5976.9,5989,5973.5,5985.8,1819,
2024-11-28 09:19:00+05:30,5985.8,6009,5985.8,5994.85,3076,
2024-11-28 09:20:00+05:30,5998.8,6005,5995.45,6000,1728,
2024-11-28 09:21:00+05:30,6002.2,6002.2,5990,5998.25,1958,
2024-11-28 09:22:00+05:30,5998.25,5998.25,5988.7,5989.2,1435,
2024-11-28 09:23:00+05:30,5989.2,5996.05,5989.15,5993.1,1362,
2024-11-28 09:24:00+05:30,5993.1,5996.95,5988.9,5990,1379,
2024-11-28 09:25:00+05:30,5988.85,5998.75,5987.45,5994.6,1285,
2024-11-28 09:26:00+05:30,5994.6,6005.75,5994.4,5998.55,1866,
2024-11-28 09:27:00+05:30,5998.7,6008.45,5998.45,5998.5,1642,
2024-11-28 09:28:00+05:30,5998.85,5999.1,5988.75,5994,1577,
2024-11-28 09:29:00+05:30,5994,6000.65,5989.5,5993.2,1974,
2024-11-28 09:30:00+05:30,5995.9,6000,5991.9,5999,2141,
2024-11-28 09:31:00+05:30,5999,6009.05,5999,6009.05,1103,
2024-11-28 09:32:00+05:30,6009.05,6009.05,5990.3,5990.3,1304,
2024-11-28 09:33:00+05:30,5990.05,5994.3,5989.2,5990.55,1423,
2024-11-28 09:34:00+05:30,5990.55,5990.55,5984.95,5988.3,918,
2024-11-28 09:35:00+05:30,5986.7,5989.9,5984.9,5985.25,1201,
2024-11-28 09:36:00+05:30,5985.25,5992.5,5982.05,5985.85,1717,
2024-11-28 09:37:00+05:30,5985.85,5988,5978.65,5988,1539,
2024-11-28 09:38:00+05:30,5988,5989.95,5982.3,5982.3,902,
2024-11-28 09:39:00+05:30,5982.3,5985.9,5982.1,5983.85,776,
2024-11-28 09:40:00+05:30,5986.05,5986.05,5981.3,5981.3,812,
2024-11-28 09:41:00+05:30,5981.7,5990.4,5981.3,5986.65,1062,
2024-11-28 09:42:00+05:30,5986.65,5986.65,5981,5981.65,944,
2024-11-28 09:43:00+05:30,5981.65,5981.65,5978.05,5980.2,1350,
2024-11-28 09:44:00+05:30,5979.95,5981.15,5975,5976.05,682,
2024-11-28 09:45:00+05:30,5976.05,5978.75,5970,5972.5,1210,
2024-11-28 09:46:00+05:30,5972.5,5974.55,5968.15,5970.7,1022,
2024-11-28 09:47:00+05:30,5970.7,5971,5962.3,5963.6,1618,
2024-11-28 09:48:00+05:30,5964.05,5970,5964.05,5966.6,1158,
2024-11-28 09:49:00+05:30,5966.45,5974.45,5966.45,5968.1,926,
2024-11-28 09:50:00+05:30,5968.1,5974.45,5967.85,5970.55,971,
2024-11-28 09:51:00+05:30,5973.2,5976.95,5966.5,5966.75,910,
2024-11-28 09:52:00+05:30,5966.75,5973.85,5966.5,5966.7,1313,
2024-11-28 09:53:00+05:30,5966.7,5974,5965.35,5974,904,
2024-11-28 09:54:00+05:30,5974,5976.4,5967.5,5972.6,707,
2024-11-28 09:55:00+05:30,5972.6,5985.25,5972.6,5984.95,1634,
2024-11-28 09:56:00+05:30,5984.95,5984.95,5978.8,5979,646,
2024-11-28 09:57:00+05:30,5980.2,5981.15,5973.15,5973.6,872,
2024-11-28 09:58:00+05:30,5973.6,5977.75,5972.8,5973.05,701,
2024-11-28 09:59:00+05:30,5973.05,5973.9,5967.3,5967.3,694,
2024-11-28 10:00:00+05:30,5967.35,5973.95,5964.65,5973.95,869,
2024-11-28 10:01:00+05:30,5973.95,5975.95,5968.2,5975.95,994,
2024-11-28 10:02:00+05:30,5975,5981,5972.75,5979.4,530,
2024-11-28 10:03:00+05:30,5979.65,5979.7,5972.55,5972.7,901,
2024-11-28 10:04:00+05:30,5972.7,5980.45,5972.7,5978.85,887,
2024-11-28 10:05:00+05:30,5975.55,5978.8,5974.25,5976.4,758,
2024-11-28 10:06:00+05:30,5976.4,5976.4,5968.9,5972.4,2052,
2024-11-28 10:07:00+05:30,5972.4,5973.35,5968.65,5968.65,538,
2024-11-28 10:08:00+05:30,5968.65,5975,5968.65,5974.15,551,
2024-11-28 10:09:00+05:30,5974.15,5974.95,5970.5,5973.8,701,
2024-11-28 10:10:00+05:30,5973.8,5973.8,5967.6,5969.85,443,
2024-11-28 10:11:00+05:30,5968,5971.25,5964.8,5970.25,778,
2024-11-28 10:12:00+05:30,5970.25,5977.55,5968.25,5977.55,596,
2024-11-28 10:13:00+05:30,5977.55,5977.55,5970.4,5976.7,561,
2024-11-28 10:14:00+05:30,5976.7,5977.5,5973.5,5976.25,554,
2024-11-28 10:15:00+05:30,5976.25,5976.25,5965,5966.85,384,
2024-11-28 10:16:00+05:30,5966.85,5966.9,5963.25,5966.9,556,
2024-11-28 10:17:00+05:30,5966.9,5967.65,5965,5965,353,
2024-11-28 10:18:00+05:30,5966.95,5969.15,5965,5969.15,559,
2024-11-28 10:19:00+05:30,5969.15,5969.15,5965.35,5968.9,592,
2024-11-28 10:20:00+05:30,5968.9,5970.3,5965.15,5966.3,649,
2024-11-28 10:21:00+05:30,5966.3,5970.5,5966.1,5969.4,573,
2024-11-28 10:22:00+05:30,5969.65,5972.8,5968.05,5970.5,407,
2024-11-28 10:23:00+05:30,5970.5,5972.05,5966.15,5970.2,379,
2024-11-28 10:24:00+05:30,5970.2,5988.75,5969.65,5984.5,1302,
2024-11-28 10:25:00+05:30,5984.5,5991,5983.15,5991,594,
2024-11-28 10:26:00+05:30,5991,5994.6,5989.3,5989.3,1645,
2024-11-28 10:27:00+05:30,5989.3,5994,5988.65,5994,723,
2024-11-28 10:28:00+05:30,5994,6000,5993,5999.5,623,
2024-11-28 10:29:00+05:30,5999.5,6009,5993.85,5999.8,2613,
2024-11-28 10:30:00+05:30,5999.8,5999.8,5992.15,5995.25,479,
2024-11-28 10:31:00+05:30,5995.25,5995.25,5990.95,5995,437,
2024-11-28 10:32:00+05:30,5995,5995,5988.65,5988.65,372,
2024-11-28 10:33:00+05:30,5988.65,5988.65,5973.85,5977,517,
2024-11-28 10:34:00+05:30,5977,5979.35,5970,5972.2,1067,
2024-11-28 10:35:00+05:30,5972.2,5974.4,5969.2,5970.75,454,
2024-11-28 10:36:00+05:30,5970.75,5973.35,5968.15,5968.15,373,
2024-11-28 10:37:00+05:30,5968.15,5972.75,5965.7,5970.85,499,
2024-11-28 10:38:00+05:30,5968.7,5970.15,5964,5964,589,
2024-11-28 10:39:00+05:30,5962.05,5965.6,5962,5962.5,861,
2024-11-28 10:40:00+05:30,5964.55,5964.55,5956,5956,897,
2024-11-28 10:41:00+05:30,5956,5957.95,5953.5,5953.5,1046,
2024-11-28 10:42:00+05:30,5957,5957.55,5953.55,5953.55,517,
2024-11-28 10:43:00+05:30,5953.55,5957.9,5953.55,5957.9,640,
2024-11-28 10:44:00+05:30,5957.9,5964.3,5956.5,5959.45,912,
2024-11-28 10:45:00+05:30,5959.95,5959.95,5956.45,5956.5,484,
2024-11-28 10:46:00+05:30,5956.5,5962.2,5956.2,5960.15,374,
2024-11-28 10:47:00+05:30,5960.15,5960.15,5956,5957.85,715,
2024-11-28 10:48:00+05:30,5957.85,5959.15,5951.05,5952.85,616,
2024-11-28 10:49:00+05:30,5952.85,5953.95,5947.3,5951.85,908,
2024-11-28 10:50:00+05:30,5951.85,5959.4,5950.1,5953.75,905,
2024-11-28 10:51:00+05:30,5953.75,5961.15,5953,5953,842,
2024-11-28 10:52:00+05:30,5953,5963.3,5952.45,5958.25,1322,
2024-11-28 10:53:00+05:30,5958.25,5961.25,5957.5,5957.5,407,
2024-11-28 10:54:00+05:30,5957.5,5959.55,5956.05,5956.15,242,
2024-11-28 10:55:00+05:30,5956.15,5958.6,5953.8,5953.8,433,
2024-11-28 10:56:00+05:30,5953.8,5956.95,5951.95,5951.95,338,
2024-11-28 10:57:00+05:30,5951.95,5959.4,5948.55,5956.95,1084,
2024-11-28 10:58:00+05:30,5956.95,5956.95,5951.95,5952,228,
2024-11-28 10:59:00+05:30,5952,5964.75,5952,5964.75,438,
2024-11-28 11:00:00+05:30,5964.75,5964.8,5959.85,5962.8,303,
2024-11-28 11:01:00+05:30,5962.8,5962.8,5958.15,5961.75,465,
2024-11-28 11:02:00+05:30,5961.75,5961.75,5959,5960,277,
2024-11-28 11:03:00+05:30,5960,5960,5954.2,5956.9,388,
2024-11-28 11:04:00+05:30,5956.9,5956.9,5945.5,5946.45,273,
2024-11-28 11:05:00+05:30,5945.7,5946.85,5943.35,5946,538,
2024-11-28 11:06:00+05:30,5946,5947.75,5942.7,5947.75,626,
2024-11-28 11:07:00+05:30,5947.75,5949.4,5941.7,5944.4,188,
2024-11-28 11:08:00+05:30,5944.4,5944.4,5938.05,5940.2,538,
2024-11-28 11:09:00+05:30,5940.2,5943.55,5936.05,5937.15,411,
2024-11-28 11:10:00+05:30,5937.15,5941.2,5937,5940.55,504,
2024-11-28 11:11:00+05:30,5940.55,5941.45,5937.7,5938.65,477,
2024-11-28 11:12:00+05:30,5940.2,5940.2,5935.4,5939.05,503,
2024-11-28 11:13:00+05:30,5939.05,5939.05,5931.7,5934.2,1249,
2024-11-28 11:14:00+05:30,5934.2,5945,5934.2,5940.95,914,
2024-11-28 11:15:00+05:30,5940.95,5940.95,5932.55,5933.55,843,
2024-11-28 11:16:00+05:30,5933.55,5934.95,5928.6,5931,363,
2024-11-28 11:17:00+05:30,5931,5931.4,5929,5931.4,519,
2024-11-28 11:18:00+05:30,5929.2,5934,5929.2,5932.6,446,
2024-11-28 11:19:00+05:30,5932.6,5935.3,5931.55,5932.45,460,
2024-11-28 11:20:00+05:30,5932.45,5934,5928.65,5932.7,352,
2024-11-28 11:21:00+05:30,5932.7,5935,5932.2,5935,255,
2024-11-28 11:22:00+05:30,5931.8,5940.55,5931.8,5934.9,747,
2024-11-28 11:23:00+05:30,5938.5,5938.5,5933.6,5933.65,262,
2024-11-28 11:24:00+05:30,5933.75,5936.6,5933.6,5933.6,332,
2024-11-28 11:25:00+05:30,5933.6,5940.7,5933.45,5940.7,657,
2024-11-28 11:26:00+05:30,5940.7,5945,5940.7,5943.6,331,
2024-11-28 11:27:00+05:30,5943.6,5946.5,5942.05,5945.1,303,
2024-11-28 11:28:00+05:30,5945.1,5945.65,5941.4,5945.5,346,
2024-11-28 11:29:00+05:30,5945.5,5945.5,5940.3,5944.1,406,
2024-11-28 11:30:00+05:30,5944.1,5945.3,5941.35,5944.65,376,
2024-11-28 11:31:00+05:30,5944.65,5944.65,5939.6,5939.6,277,
2024-11-28 11:32:00+05:30,5943,5945.9,5942.75,5945.9,391,
2024-11-28 11:33:00+05:30,5945.9,5945.9,5943.05,5943.05,191,
2024-11-28 11:34:00+05:30,5943.05,5946,5943,5945.8,335,
2024-11-28 11:35:00+05:30,5945.3,5953.3,5945.3,5949,1243,
2024-11-28 11:36:00+05:30,5949,5955.15,5948.1,5953.4,388,
2024-11-28 11:37:00+05:30,5953.4,5954,5950,5951.05,405,
2024-11-28 11:38:00+05:30,5951.05,5951.05,5947.55,5947.55,261,
2024-11-28 11:39:00+05:30,5947.55,5952.75,5945.55,5949.05,1047,
2024-11-28 11:40:00+05:30,5949.05,5952.4,5945.05,5952.4,705,
2024-11-28 11:41:00+05:30,5952.4,5958.2,5947.55,5956.95,815,
2024-11-28 11:42:00+05:30,5955,5956.4,5950.75,5953.25,288,
2024-11-28 11:43:00+05:30,5953.25,5955.15,5948.85,5948.85,499,
2024-11-28 11:44:00+05:30,5948.85,5952.65,5948.4,5950.7,377,
2024-11-28 11:45:00+05:30,5950.7,5952.95,5945.1,5951.95,459,
2024-11-28 11:46:00+05:30,5951.95,5951.95,5948,5948,369,
2024-11-28 11:47:00+05:30,5948,5954.05,5943.75,5949.45,522,
2024-11-28 11:48:00+05:30,5949.45,5950.85,5943.9,5947.3,375,
2024-11-28 11:49:00+05:30,5947.3,5950.85,5946.3,5950.85,346,
2024-11-28 11:50:00+05:30,5950.85,5954.75,5949.7,5949.7,242,
2024-11-28 11:51:00+05:30,5949.7,5952.9,5948.55,5948.85,359,
2024-11-28 11:52:00+05:30,5947.55,5950.75,5946.45,5946.8,302,
2024-11-28 11:53:00+05:30,5946.8,5948.95,5943.55,5946.6,366,
2024-11-28 11:54:00+05:30,5946.6,5946.6,5939.55,5939.55,266,
2024-11-28 11:55:00+05:30,5938.45,5948.1,5935.2,5944.35,1029,
2024-11-28 11:56:00+05:30,5944.35,5944.35,5939.65,5939.65,174,
2024-11-28 11:57:00+05:30,5938.95,5941.55,5938.95,5939.3,467,
2024-11-28 11:58:00+05:30,5941.45,5942.2,5936.95,5939.7,333,
2024-11-28 11:59:00+05:30,5939.7,5940.05,5936.8,5938.55,317,
2024-11-28 12:00:00+05:30,5938.55,5946.45,5935,5943.45,1018,
2024-11-28 12:01:00+05:30,5943.45,5943.45,5936.6,5940.2,290,
2024-11-28 12:02:00+05:30,5940.2,5942.35,5936.05,5939.5,311,
2024-11-28 12:03:00+05:30,5939.5,5944.7,5939.5,5942.45,556,
2024-11-28 12:04:00+05:30,5942.45,5942.45,5937.75,5940.95,337,
2024-11-28 12:05:00+05:30,5940.95,5942.65,5937.55,5938.95,636,
2024-11-28 12:06:00+05:30,5941.15,5944.5,5938.1,5943.9,609,
2024-11-28 12:07:00+05:30,5943.9,5950.3,5940.3,5950.1,886,
2024-11-28 12:08:00+05:30,5950.1,5952.4,5949.4,5949.95,326,
2024-11-28 12:09:00+05:30,5949.95,5956.4,5949.95,5955.2,343,
2024-11-28 12:10:00+05:30,5955.2,5955.2,5947.7,5947.7,308,
2024-11-28 12:11:00+05:30,5947.7,5950.3,5943.25,5945.85,359,
2024-11-28 12:12:00+05:30,5945.85,5945.85,5940.3,5940.3,277,
2024-11-28 12:13:00+05:30,5940.3,5944.6,5937.05,5944.6,334,
2024-11-28 12:14:00+05:30,5944.6,5947.95,5937,5937.9,1009,
2024-11-28 12:15:00+05:30,5937.9,5940.15,5935.75,5936.4,359,
2024-11-28 12:16:00+05:30,5936.4,5942.85,5936.25,5937.05,369,
2024-11-28 12:17:00+05:30,5937.05,5939.95,5936.3,5937.5,335,
2024-11-28 12:18:00+05:30,5937.5,5939.35,5935.2,5935.2,215,
2024-11-28 12:19:00+05:30,5935.2,5938.25,5935,5935,694,
2024-11-28 12:20:00+05:30,5935,5937.35,5935,5936,197,
2024-11-28 12:21:00+05:30,5936,5938.2,5933.6,5935.75,388,
2024-11-28 12:22:00+05:30,5938.1,5940,5935.3,5935.3,406,
2024-11-28 12:23:00+05:30,5935.3,5937.6,5933.8,5936.65,425,
2024-11-28 12:24:00+05:30,5936.65,5937.6,5931.7,5932.7,424,
2024-11-28 12:25:00+05:30,5932.7,5934,5930,5932.95,461,
2024-11-28 12:26:00+05:30,5932.95,5934.45,5931.1,5934.2,264,
2024-11-28 12:27:00+05:30,5934.2,5934.2,5919.05,5924.1,2734,
2024-11-28 12:28:00+05:30,5924.1,5924.3,5920.9,5923.6,630,
2024-11-28 12:29:00+05:30,5923.6,5923.6,5916.4,5921.4,731,
2024-11-28 12:30:00+05:30,5921.4,5921.4,5911.1,5914.45,1318,
2024-11-28 12:31:00+05:30,5914.45,5914.45,5910,5910,587,
2024-11-28 12:32:00+05:30,5910,5917.45,5907.45,5907.5,1202,
2024-11-28 12:33:00+05:30,5907.5,5909,5902.1,5903.15,1461,
2024-11-28 12:34:00+05:30,5903.15,5906,5902.1,5905,502,
2024-11-28 12:35:00+05:30,5905,5909.55,5903.3,5908.7,430,
2024-11-28 12:36:00+05:30,5908.7,5910.05,5904.25,5905,402,
2024-11-28 12:37:00+05:30,5905,5920.2,5904.55,5913.15,2897,
2024-11-28 12:38:00+05:30,5913.15,5913.15,5908.2,5913.05,315,
2024-11-28 12:39:00+05:30,5913.05,5917.3,5913.05,5915.75,617,
2024-11-28 12:40:00+05:30,5915.75,5919.2,5911.95,5918.95,471,
2024-11-28 12:41:00+05:30,5918.95,5922.9,5918.3,5920.8,362,
2024-11-28 12:42:00+05:30,5920.8,5922.9,5912.05,5916.65,1907,
2024-11-28 12:43:00+05:30,5916.65,5923.85,5915.2,5922.8,479,
2024-11-28 12:44:00+05:30,5922.8,5927.55,5922.2,5925.5,314,
2024-11-28 12:45:00+05:30,5925.5,5928.6,5925,5927.2,816,
2024-11-28 12:46:00+05:30,5927.2,5935,5926.1,5933.9,1110,
2024-11-28 12:47:00+05:30,5933.85,5934.8,5925.05,5925.05,789,
2024-11-28 12:48:00+05:30,5925.05,5931.95,5925.05,5931.2,428,
2024-11-28 12:49:00+05:30,5931.2,5931.25,5928.5,5931.25,552,
2024-11-28 12:50:00+05:30,5931.25,5934.9,5929.8,5934.3,463,
2024-11-28 12:51:00+05:30,5934.3,5937.15,5932,5937.15,277,
2024-11-28 12:52:00+05:30,5937.15,5938.5,5925.55,5927.6,979,
2024-11-28 12:53:00+05:30,5927.6,5934.4,5924.9,5934,735,
2024-11-28 12:54:00+05:30,5934,5934,5926.35,5931.3,466,
2024-11-28 12:55:00+05:30,5931.3,5933.5,5926.55,5929.4,489,
2024-11-28 12:56:00+05:30,5929.4,5932.75,5926.5,5932.45,416,
2024-11-28 12:57:00+05:30,5932.45,5932.7,5928.9,5931.55,289,
2024-11-28 12:58:00+05:30,5931.55,5933.35,5930.4,5931,416,
2024-11-28 12:59:00+05:30,5931,5933.65,5927.9,5929,468,
2024-11-28 13:00:00+05:30,5929,5929.3,5925.2,5926.2,342,
2024-11-28 13:01:00+05:30,5926.65,5926.65,5925.25,5925.8,557,
2024-11-28 13:02:00+05:30,5925.8,5930.65,5925.8,5928.15,463,
2024-11-28 13:03:00+05:30,5928.15,5933.9,5925.55,5925.55,534,
2024-11-28 13:04:00+05:30,5925.55,5930.7,5925.25,5925.25,535,
2024-11-28 13:05:00+05:30,5925.25,5933.05,5925.25,5928.55,311,
2024-11-28 13:06:00+05:30,5928.55,5932.45,5928.55,5932.45,540,
2024-11-28 13:07:00+05:30,5933.95,5935.15,5928.3,5928.3,504,
2024-11-28 13:08:00+05:30,5931.4,5932.45,5925.6,5925.6,347,
2024-11-28 13:09:00+05:30,5925.6,5929.45,5925.15,5925.35,380,
2024-11-28 13:10:00+05:30,5925.35,5928.4,5924.95,5925.5,508,
2024-11-28 13:11:00+05:30,5926.85,5926.9,5922.4,5922.4,730,
2024-11-28 13:12:00+05:30,5922.6,5924.6,5919.85,5920.3,589,
2024-11-28 13:13:00+05:30,5922,5925.45,5920.5,5921.85,398,
2024-11-28 13:14:00+05:30,5921.85,5922.9,5920.1,5920.45,507,
2024-11-28 13:15:00+05:30,5920.45,5927.05,5919.25,5920.75,778,
2024-11-28 13:16:00+05:30,5920.7,5923.85,5920.7,5921.95,498,
2024-11-28 13:17:00+05:30,5923.55,5923.55,5922.7,5922.75,712,
2024-11-28 13:18:00+05:30,5925.15,5925.4,5923.05,5924.9,200,
2024-11-28 13:19:00+05:30,5924.9,5932.3,5924.2,5924.8,717,
2024-11-28 13:20:00+05:30,5927.15,5930.4,5924.35,5925.25,793,
2024-11-28 13:21:00+05:30,5925.25,5928.4,5924,5927.4,284,
2024-11-28 13:22:00+05:30,5924.7,5929.9,5924.2,5928.4,476,
2024-11-28 13:23:00+05:30,5928.4,5933.65,5927.2,5927.2,623,
2024-11-28 13:24:00+05:30,5927.2,5927.5,5924.2,5927.5,544,
2024-11-28 13:25:00+05:30,5927.5,5928.5,5923.7,5928.4,373,
2024-11-28 13:26:00+05:30,5928.4,5931.6,5926.7,5931.05,1007,
2024-11-28 13:27:00+05:30,5931.05,5933,5928.95,5932.15,489,
2024-11-28 13:28:00+05:30,5932.15,5933,5928.75,5928.75,672,
2024-11-28 13:29:00+05:30,5928.75,5934.05,5928.05,5932.95,675,
2024-11-28 13:30:00+05:30,5934.55,5938.6,5931.3,5937.7,521,
2024-11-28 13:31:00+05:30,5937.7,5944.55,5936.95,5941.25,747,
2024-11-28 13:32:00+05:30,5941.25,5944.35,5940.5,5941.25,456,
2024-11-28 13:33:00+05:30,5941.25,5945,5941.25,5945,608,
2024-11-28 13:34:00+05:30,5945,5945,5939.6,5939.8,582,
2024-11-28 13:35:00+05:30,5942.05,5947.75,5940.15,5945,1140,
2024-11-28 13:36:00+05:30,5945,5947.7,5943.5,5946.4,338,
2024-11-28 13:37:00+05:30,5946.4,5946.4,5942.8,5946.35,372,
2024-11-28 13:38:00+05:30,5946.35,5950,5946.35,5947.35,804,
2024-11-28 13:39:00+05:30,5949.5,5953.4,5946.1,5948.3,652,
2024-11-28 13:40:00+05:30,5948.3,5950.7,5946,5946,506,
2024-11-28 13:41:00+05:30,5949.4,5949.95,5946,5946,470,
2024-11-28 13:42:00+05:30,5948.95,5952.15,5945.9,5949.85,526,
2024-11-28 13:43:00+05:30,5949.85,5952.85,5946.9,5950.55,945,
2024-11-28 13:44:00+05:30,5947.55,5953.4,5947.55,5952.25,683,
2024-11-28 13:45:00+05:30,5949.3,5954,5949.3,5953.9,816,
2024-11-28 13:46:00+05:30,5953.9,5962.2,5953.9,5961.8,1667,
2024-11-28 13:47:00+05:30,5961.8,5961.8,5957.2,5960.25,666,
2024-11-28 13:48:00+05:30,5961.8,5967.75,5961.75,5965.85,1382,
2024-11-28 13:49:00+05:30,5965.6,5971.55,5963.35,5966.7,860,
2024-11-28 13:50:00+05:30,5966.7,5970,5966.7,5967.25,594,
2024-11-28 13:51:00+05:30,5969.8,5973,5967.75,5970,615,
2024-11-28 13:52:00+05:30,5970,5972.45,5968.2,5970,866,
2024-11-28 13:53:00+05:30,5970,5972.85,5967.1,5970.3,1249,
2024-11-28 13:54:00+05:30,5970.3,5972,5969.7,5969.7,503,
2024-11-28 13:55:00+05:30,5969.7,5972,5969.7,5970.05,643,
2024-11-28 13:56:00+05:30,5972,5979.9,5970.8,5978.25,823,
2024-11-28 13:57:00+05:30,5976.65,5984.45,5974.2,5974.2,2121,
2024-11-28 13:58:00+05:30,5975.7,5978.1,5974.2,5977,761,
2024-11-28 13:59:00+05:30,5977,5980.75,5977,5979.7,521,
2024-11-28 14:00:00+05:30,5979.75,5979.75,5969.75,5969.75,947,
2024-11-28 14:01:00+05:30,5969.75,5972.55,5964,5964,1045,
2024-11-28 14:02:00+05:30,5964,5971.25,5964,5969.3,873,
2024-11-28 14:03:00+05:30,5969.3,5969.3,5962.3,5968.05,884,
2024-11-28 14:04:00+05:30,5968.05,5969.6,5963,5965.6,562,
2024-11-28 14:05:00+05:30,5963.25,5967.4,5962.15,5966.85,784,
2024-11-28 14:06:00+05:30,5966.85,5970.65,5963.05,5966.15,579,
2024-11-28 14:07:00+05:30,5968.75,5968.85,5964.6,5966.9,555,
2024-11-28 14:08:00+05:30,5966.9,5971.25,5964.1,5971.25,697,
2024-11-28 14:09:00+05:30,5971.25,5974.35,5965,5967.9,1150,
2024-11-28 14:10:00+05:30,5967.9,5967.9,5960.25,5963.6,614,
2024-11-28 14:11:00+05:30,5963.6,5963.85,5960,5960.1,518,
2024-11-28 14:12:00+05:30,5960.1,5963.85,5950.2,5950.2,744,
2024-11-28 14:13:00+05:30,5950.2,5950.2,5930.8,5932.55,2194,
2024-11-28 14:14:00+05:30,5936.8,5945.75,5933.2,5942.05,1084,
2024-11-28 14:15:00+05:30,5945.25,5945.25,5932.6,5934.55,1702,
2024-11-28 14:16:00+05:30,5934.55,5937.85,5929.55,5929.75,947,
2024-11-28 14:17:00+05:30,5929.75,5933.9,5928.85,5931.7,802,
2024-11-28 14:18:00+05:30,5931.7,5935.3,5930.65,5931.5,591,
2024-11-28 14:19:00+05:30,5931.5,5935.45,5930.65,5935.05,588,
2024-11-28 14:20:00+05:30,5935.1,5936.1,5932.15,5934.95,564,
2024-11-28 14:21:00+05:30,5934.95,5934.95,5930,5930.15,564,
2024-11-28 14:22:00+05:30,5932.8,5935,5930,5932.15,624,
2024-11-28 14:23:00+05:30,5932.15,5935.95,5932.15,5932.9,429,
2024-11-28 14:24:00+05:30,5932.9,5936.2,5932.25,5934.05,598,
2024-11-28 14:25:00+05:30,5935.9,5944.65,5935.55,5944.4,1377,
2024-11-28 14:26:00+05:30,5944.4,5946,5941,5943.3,551,
2024-11-28 14:27:00+05:30,5943.3,5945.35,5936.25,5944.25,564,
2024-11-28 14:28:00+05:30,5943.85,5943.95,5938.5,5942.1,517,
2024-11-28 14:29:00+05:30,5940.3,5953.1,5940.3,5947.8,2135,
2024-11-28 14:30:00+05:30,5947.8,5947.8,5940,5942.15,1331,
2024-11-28 14:31:00+05:30,5942.15,5945.75,5940.55,5944.25,649,
2024-11-28 14:32:00+05:30,5944.25,5954.95,5943.05,5954.95,856,
2024-11-28 14:33:00+05:30,5954.95,5954.95,5947.2,5947.35,500,
2024-11-28 14:34:00+05:30,5947.35,5950.7,5943.55,5943.55,541,
2024-11-28 14:35:00+05:30,5946.5,5947.6,5938.5,5945,992,
2024-11-28 14:36:00+05:30,5945,5948.65,5939.1,5940.8,591,
2024-11-28 14:37:00+05:30,5940.8,5945.1,5940.6,5944.15,631,
2024-11-28 14:38:00+05:30,5941.35,5944.1,5939.35,5939.4,888,
2024-11-28 14:39:00+05:30,5941.55,5942.25,5939.25,5940.45,623,
2024-11-28 14:40:00+05:30,5940.45,5941,5936.65,5937,637,
2024-11-28 14:41:00+05:30,5939.9,5942.9,5937.45,5941.05,537,
2024-11-28 14:42:00+05:30,5941.05,5944,5938,5938.45,404,
2024-11-28 14:43:00+05:30,5938.25,5940.3,5937.55,5939.3,556,
2024-11-28 14:44:00+05:30,5939.3,5940.3,5937.45,5937.45,455,
2024-11-28 14:45:00+05:30,5937.8,5940,5933.35,5933.35,1128,
2024-11-28 14:46:00+05:30,5935.95,5936.45,5932.6,5936.45,565,
2024-11-28 14:47:00+05:30,5936.45,5944.15,5932.7,5939.25,1194,
2024-11-28 14:48:00+05:30,5939.85,5944.65,5936.05,5944.65,1154,
2024-11-28 14:49:00+05:30,5944.65,5944.65,5939.3,5940.2,482,
2024-11-28 14:50:00+05:30,5940.2,5953,5939.55,5948.9,982,
2024-11-28 14:51:00+05:30,5951.85,5964.9,5948.25,5959.2,1869,
2024-11-28 14:52:00+05:30,5959.2,5960.6,5952.55,5952.55,557,
2024-11-28 14:53:00+05:30,5952.55,5959.75,5949.2,5953.55,1142,
2024-11-28 14:54:00+05:30,5957.35,5958,5952.1,5952.1,590,
2024-11-28 14:55:00+05:30,5952.1,5955.2,5946.7,5946.7,516,
2024-11-28 14:56:00+05:30,5946.7,5951.35,5943.65,5947.3,1011,
2024-11-28 14:57:00+05:30,5947.3,5953.45,5945.45,5950.55,642,
2024-11-28 14:58:00+05:30,5950.55,5953.1,5947.15,5950.25,725,
2024-11-28 14:59:00+05:30,5950.25,5950.4,5946,5950.4,855,
2024-11-28 15:00:00+05:30,5951.7,5955,5938.55,5938.55,1599,
2024-11-28 15:01:00+05:30,5938.55,5941.2,5934.3,5934.7,1449,
2024-11-28 15:02:00+05:30,5934.45,5943.15,5932.6,5940.2,1384,
2024-11-28 15:03:00+05:30,5941.35,5949.9,5940.2,5944.15,1718,
2024-11-28 15:04:00+05:30,5944.6,5946.45,5937.45,5937.45,1065,
2024-11-28 15:05:00+05:30,5937.45,5941.85,5936.75,5938.1,1332,
2024-11-28 15:06:00+05:30,5937.45,5942.2,5935.75,5938.45,1488,
2024-11-28 15:07:00+05:30,5938.35,5949.45,5936.2,5949.3,1825,
2024-11-28 15:08:00+05:30,5949.95,5951.05,5943.5,5948.1,1663,
2024-11-28 15:09:00+05:30,5948.1,5960,5946.65,5957.8,2516,
2024-11-28 15:10:00+05:30,5960.9,5962,5955.95,5959.6,1669,
2024-11-28 15:11:00+05:30,5959.6,5972.1,5957.65,5966.9,2491,
2024-11-28 15:12:00+05:30,5966.9,5968.7,5952.9,5961.8,1942,
2024-11-28 15:13:00+05:30,5961.8,5964.8,5949.3,5960.35,1757,
2024-11-28 15:14:00+05:30,5959.55,5968.35,5955.25,5956.6,2446,
2024-11-28 15:15:00+05:30,5956.6,5956.6,5946.65,5950.05,2486,
2024-11-28 15:16:00+05:30,5947.95,5950.9,5943.3,5949.7,1389,
2024-11-28 15:17:00+05:30,5948.15,5951.05,5943.95,5943.95,1353,
2024-11-28 15:18:00+05:30,5943.95,5961.65,5940.9,5947.2,2530,
2024-11-28 15:19:00+05:30,5947.2,5948.5,5936.05,5941.6,1514,
2024-11-28 15:20:00+05:30,5941.6,5945.7,5937.9,5945.35,1998,
2024-11-28 15:21:00+05:30,5945.35,5952.8,5940.6,5948.85,2071,
2024-11-28 15:22:00+05:30,5948.85,5960.9,5946.2,5956.55,2248,
2024-11-28 15:23:00+05:30,5956.55,5957.8,5951.3,5952.25,1488,
2024-11-28 15:24:00+05:30,5952.2,5957.2,5950.65,5954.05,1580,
2024-11-28 15:25:00+05:30,5954.05,5963.3,5952.9,5957.65,1520,
2024-11-28 15:26:00+05:30,5957.65,5960.25,5951.85,5952.2,1311,
2024-11-28 15:27:00+05:30,5952.2,5972.35,5952.2,5965,3903,
2024-11-28 15:28:00+05:30,5965,5965,5952.9,5952.9,2086,
2024-11-28 15:29:00+05:30,5952.9,5978.2,5935.15,5967.05,1409,
2024-11-29 09:15:00+05:30,6024.05,6037.95,6000,6018.55,12622,
2024-11-29 09:16:00+05:30,6017,6030.1,6016.1,6030,8549,
2024-11-29 09:17:00+05:30,6034.9,6034.9,6020,6026,5351,
2024-11-29 09:18:00+05:30,6023.85,6048.15,6023.85,6046.7,6582,
2024-11-29 09:19:00+05:30,6047,6055,6040.6,6041,7288,
2024-11-29 09:20:00+05:30,6041,6044.35,6034.2,6036.35,2059,
2024-11-29 09:21:00+05:30,6036.1,6047.5,6033.25,6047.1,2452,
2024-11-29 09:22:00+05:30,6047.1,6055.3,6044.55,6050,2633,
2024-11-29 09:23:00+05:30,6050,6050.4,6040.8,6041.75,1883,
2024-11-29 09:24:00+05:30,6041.75,6044.2,6027.6,6031.15,2771,
2024-11-29 09:25:00+05:30,6031.15,6031.15,6019.4,6020.65,2379,
2024-11-29 09:26:00+05:30,6023.25,6030,6020,6028.5,2049,
2024-11-29 09:27:00+05:30,6028.45,6030.4,6012.95,6015.6,2643,
2024-11-29 09:28:00+05:30,6015.6,6026.25,6011.15,6022.45,1678,
2024-11-29 09:29:00+05:30,6022.45,6022.65,6013.4,6018.3,1626,
2024-11-29 09:30:00+05:30,6018.3,6022.95,6013.3,6022.75,1613,
2024-11-29 09:31:00+05:30,6022.75,6030,6018.9,6028.45,1514,
2024-11-29 09:32:00+05:30,6028.45,6028.45,6025,6028.3,480,
2024-11-29 09:33:00+05:30,6028,6043.2,6026.9,6043.2,2049,
2024-11-29 09:34:00+05:30,6040.05,6054.1,6040.05,6047.95,3925,
2024-11-29 09:35:00+05:30,6047.95,6051.15,6041.6,6042.7,2032,
2024-11-29 09:36:00+05:30,6042.7,6050.6,6040.5,6050,2779,
2024-11-29 09:37:00+05:30,6048.8,6067,6048.8,6057.55,6098,
2024-11-29 09:38:00+05:30,6058.25,6085,6058.15,6075.65,9190,
2024-11-29 09:39:00+05:30,6075.8,6079.45,6070.5,6073,2363,
2024-11-29 09:40:00+05:30,6073,6079.55,6066.4,6070,3539,
2024-11-29 09:41:00+05:30,6069.6,6075.95,6063.35,6065.55,3562,
2024-11-29 09:42:00+05:30,6065.25,6072,6057.1,6072,2714,
2024-11-29 09:43:00+05:30,6072,6085,6072,6085,3510,
2024-11-29 09:44:00+05:30,6085,6100,6085,6098.7,8530,
2024-11-29 09:45:00+05:30,6098.7,6104.15,6090.2,6091.1,5547,
2024-11-29 09:46:00+05:30,6092.8,6094.35,6085.65,6088,2078,
2024-11-29 09:47:00+05:30,6088,6097.95,6087,6096.2,1917,
2024-11-29 09:48:00+05:30,6096.2,6106,6086.9,6098,4257,
2024-11-29 09:49:00+05:30,6094.85,6097.45,6084.5,6090.4,4617,
2024-11-29 09:50:00+05:30,6092.85,6110,6090.45,6092.55,8120,
2024-11-29 09:51:00+05:30,6092.55,6096.6,6084,6084.75,2234,
2024-11-29 09:52:00+05:30,6082,6089.45,6080.1,6081.2,2091,
2024-11-29 09:53:00+05:30,6081.2,6089.25,6077,6086.4,3402,
2024-11-29 09:54:00+05:30,6086.4,6100.2,6086.4,6096.95,3461,
2024-11-29 09:55:00+05:30,6100.2,6113.95,6095.9,6110.15,5086,
2024-11-29 09:56:00+05:30,6109.4,6113.25,6095.05,6098.05,2506,
2024-11-29 09:57:00+05:30,6096.8,6103.35,6095,6095,1570,
2024-11-29 09:58:00+05:30,6095,6100.25,6094.3,6095.3,1738,
2024-11-29 09:59:00+05:30,6095.15,6098.35,6092.6,6095.7,884,
2024-11-29 10:00:00+05:30,6095.7,6096.9,6088.1,6093.65,2230,
2024-11-29 10:01:00+05:30,6093.65,6093.65,6088.8,6091.45,641,
2024-11-29 10:02:00+05:30,6091.45,6106,6091.45,6105.15,1968,
2024-11-29 10:03:00+05:30,6105.15,6115.95,6102.55,6113.5,6886,
2024-11-29 10:04:00+05:30,6113.5,6115,6110.2,6115,1877,
2024-11-29 10:05:00+05:30,6113.35,6124.95,6113.35,6118.6,6122,
2024-11-29 10:06:00+05:30,6115.55,6118.85,6095.4,6098.8,5697,
2024-11-29 10:07:00+05:30,6100,6103.35,6095.55,6100,2058,
2024-11-29 10:08:00+05:30,6099.95,6100,6096.05,6097.75,1709,
2024-11-29 10:09:00+05:30,6095.15,6101.5,6095,6097.1,2242,
2024-11-29 10:10:00+05:30,6097.1,6100,6090.4,6093.65,3170,
2024-11-29 10:11:00+05:30,6093.65,6098.15,6086.25,6086.25,3266,
2024-11-29 10:12:00+05:30,6086.25,6087.6,6080.3,6081,2535,
2024-11-29 10:13:00+05:30,6083.05,6089.15,6080.5,6083.7,1132,
2024-11-29 10:14:00+05:30,6083.7,6084.1,6070.2,6070.2,3677,
2024-11-29 10:15:00+05:30,6070.2,6073.6,6067,6068.45,2534,
2024-11-29 10:16:00+05:30,6068.45,6069.55,6063,6065,1228,
2024-11-29 10:17:00+05:30,6065,6068.2,6062.05,6067.95,1381,
2024-11-29 10:18:00+05:30,6065.9,6068.9,6065.85,6068.05,464,
2024-11-29 10:19:00+05:30,6068.05,6070,6063.5,6063.55,1398,
2024-11-29 10:20:00+05:30,6063.55,6071.9,6063.55,6071.9,745,
2024-11-29 10:21:00+05:30,6071.25,6082.8,6070,6082.8,1874,
2024-11-29 10:22:00+05:30,6082.8,6082.8,6076.95,6078.75,3970,
2024-11-29 10:23:00+05:30,6078.75,6083.05,6077.05,6079.5,2579,
2024-11-29 10:24:00+05:30,6079.5,6086.35,6078.85,6085,2119,
2024-11-29 10:25:00+05:30,6085,6085.4,6076.05,6078,2489,
2024-11-29 10:26:00+05:30,6078,6089.35,6075.75,6089.35,1822,
2024-11-29 10:27:00+05:30,6090,6091.95,6086.65,6088.55,1479,
2024-11-29 10:28:00+05:30,6088.55,6095,6085.25,6085.25,4075,
2024-11-29 10:29:00+05:30,6085,6092.95,6081.9,6090,3216,
2024-11-29 10:30:00+05:30,6090,6090,6083.6,6083.6,1150,
2024-11-29 10:31:00+05:30,6083.6,6098,6083.6,6091.8,3409,
2024-11-29 10:32:00+05:30,6093.95,6093.95,6088.15,6093,1076,
2024-11-29 10:33:00+05:30,6093,6093.6,6086.65,6086.65,958,
2024-11-29 10:34:00+05:30,6086.65,6093,6085.9,6090.8,938,
2024-11-29 10:35:00+05:30,6089.1,6090,6085,6087.5,679,
2024-11-29 10:36:00+05:30,6087.35,6088.8,6082,6082.4,1823,
2024-11-29 10:37:00+05:30,6082.4,6082.85,6078.7,6081,1844,
2024-11-29 10:38:00+05:30,6081,6086.45,6080,6086.05,826,
2024-11-29 10:39:00+05:30,6086.05,6087.35,6078.05,6080.6,961,
2024-11-29 10:40:00+05:30,6082.6,6088,6079.75,6086.25,1061,
2024-11-29 10:41:00+05:30,6086.25,6086.25,6080,6080.45,527,
2024-11-29 10:42:00+05:30,6080.45,6089,6079.55,6087.15,1351,
2024-11-29 10:43:00+05:30,6087.15,6087.15,6083.2,6087.15,418,
2024-11-29 10:44:00+05:30,6087.15,6087.15,6078.6,6081.6,1012,
2024-11-29 10:45:00+05:30,6081.6,6087,6079.65,6082.4,787,
2024-11-29 10:46:00+05:30,6082.4,6086,6079.55,6086,826,
2024-11-29 10:47:00+05:30,6086,6088,6084.05,6085.1,759,
2024-11-29 10:48:00+05:30,6085.1,6089,6082.8,6084,2461,
2024-11-29 10:49:00+05:30,6084,6084.9,6080,6080.25,659,
2024-11-29 10:50:00+05:30,6080.25,6085.95,6080.25,6085.15,1106,
2024-11-29 10:51:00+05:30,6085.15,6088,6084.2,6087,903,
2024-11-29 10:52:00+05:30,6087,6087,6081.8,6083.95,1157,
2024-11-29 10:53:00+05:30,6083.95,6089,6083.95,6086.5,1570,
2024-11-29 10:54:00+05:30,6086.5,6088.65,6082.85,6086.75,1194,
2024-11-29 10:55:00+05:30,6086.75,6088.5,6084.9,6087.2,638,
2024-11-29 10:56:00+05:30,6087.2,6091,6087.2,6088.7,2153,
2024-11-29 10:57:00+05:30,6088.7,6095,6088.5,6091.85,6433,
2024-11-29 10:58:00+05:30,6091.85,6109,6091.85,6107.05,5106,
2024-11-29 10:59:00+05:30,6107.05,6114.65,6106.7,6111.8,2881,
2024-11-29 11:00:00+05:30,6111.8,6124.5,6109.2,6122.6,6320,
2024-11-29 11:01:00+05:30,6122.6,6124.95,6111,6111.9,8089,
2024-11-29 11:02:00+05:30,6111.9,6115,6099.05,6105,9307,
2024-11-29 11:03:00+05:30,6102.3,6105,6098.9,6104.05,7174,
2024-11-29 11:04:00+05:30,6101.8,6105.4,6101.8,6104.7,847,
2024-11-29 11:05:00+05:30,6104.7,6105.1,6101,6101.35,1179,
2024-11-29 11:06:00+05:30,6101.35,6104.75,6101.35,6101.4,277,
2024-11-29 11:07:00+05:30,6101.4,6103.4,6097.25,6100.85,2358,
2024-11-29 11:08:00+05:30,6098.45,6101.5,6098,6099,490,
2024-11-29 11:09:00+05:30,6099,6104,6098,6099.35,996,
2024-11-29 11:10:00+05:30,6099.35,6103.95,6098.55,6101.1,648,
2024-11-29 11:11:00+05:30,6101.1,6103.4,6100,6100.85,1242,
2024-11-29 11:12:00+05:30,6100.85,6103.45,6098,6101.75,1712,
2024-11-29 11:13:00+05:30,6101.75,6103.05,6098.9,6102.4,776,
2024-11-29 11:14:00+05:30,6103,6108.25,6103,6106.4,365,
2024-11-29 11:15:00+05:30,6106.4,6113.95,6106.35,6109.2,1151,
2024-11-29 11:16:00+05:30,6109.2,6117,6108.6,6117,621,
2024-11-29 11:17:00+05:30,6115.8,6118.35,6104.35,6104.35,7221,
2024-11-29 11:18:00+05:30,6104.35,6116.8,6104.35,6115.3,6036,
2024-11-29 11:19:00+05:30,6115.95,6118.4,6110,6118.4,2764,
2024-11-29 11:20:00+05:30,6118.4,6118.4,6112.65,6115.8,2122,
2024-11-29 11:21:00+05:30,6115.8,6116.3,6109.1,6109.1,862,
2024-11-29 11:22:00+05:30,6111.6,6129.8,6108.95,6119.1,8130,
2024-11-29 11:23:00+05:30,6119.1,6121.95,6115,6121.35,1778,
2024-11-29 11:24:00+05:30,6121.35,6125,6119.05,6124.2,6619,
2024-11-29 11:25:00+05:30,6124.2,6124.25,6118.45,6120.65,1618,
2024-11-29 11:26:00+05:30,6120.65,6120.65,6108.4,6110.6,2272,
2024-11-29 11:27:00+05:30,6110.6,6110.6,6104.75,6104.75,1068,
2024-11-29 11:28:00+05:30,6104.75,6113.05,6102.45,6110.4,1780,
2024-11-29 11:29:00+05:30,6112.6,6112.9,6110,6110,487,
2024-11-29 11:30:00+05:30,6110,6111.5,6110,6111.5,272,
2024-11-29 11:31:00+05:30,6111.5,6111.9,6110,6111.9,210,
2024-11-29 11:32:00+05:30,6110.05,6114.4,6110,6111.9,422,
2024-11-29 11:33:00+05:30,6111.95,6114.85,6110,6112.05,840,
2024-11-29 11:34:00+05:30,6112.05,6112.15,6110,6112.1,183,
2024-11-29 11:35:00+05:30,6111.95,6115,6102,6103.25,2268,
2024-11-29 11:36:00+05:30,6103.25,6109.45,6102.05,6104,1347,
2024-11-29 11:37:00+05:30,6104,6113.05,6102.9,6111.5,1263,
2024-11-29 11:38:00+05:30,6111.5,6112.65,6107.75,6110,207,
2024-11-29 11:39:00+05:30,6110,6114.3,6104.9,6104.9,1618,
2024-11-29 11:40:00+05:30,6104.9,6115,6104.9,6111.75,2915,
2024-11-29 11:41:00+05:30,6111.75,6114,6109.05,6109.55,550,
2024-11-29 11:42:00+05:30,6109.55,6110.9,6104.7,6107,684,
2024-11-29 11:43:00+05:30,6107,6113.05,6107,6113,1147,
2024-11-29 11:44:00+05:30,6113,6115,6110.1,6113.4,481,
2024-11-29 11:45:00+05:30,6114.45,6115,6113.2,6114.8,269,
2024-11-29 11:46:00+05:30,6114.8,6115,6110,6112.95,2206,
2024-11-29 11:47:00+05:30,6112.95,6113.45,6110,6111.9,199,
2024-11-29 11:48:00+05:30,6111.9,6111.9,6105,6105.6,509,
2024-11-29 11:49:00+05:30,6105.6,6111,6104,6109.25,905,
2024-11-29 11:50:00+05:30,6110.95,6117.9,6105.8,6117.2,7333,
2024-11-29 11:51:00+05:30,6117.2,6117.85,6110,6112.5,1208,
2024-11-29 11:52:00+05:30,6112.5,6118.9,6112.5,6118.9,1790,
2024-11-29 11:53:00+05:30,6118.1,6125,6118.1,6124.75,7815,
2024-11-29 11:54:00+05:30,6124.75,6140,6122.6,6134.15,9782,
2024-11-29 11:55:00+05:30,6134.35,6139.85,6130,6132,3131,
2024-11-29 11:56:00+05:30,6132,6136,6131.05,6135.45,2511,
2024-11-29 11:57:00+05:30,6134.35,6153.05,6134.35,6146.65,11553,
2024-11-29 11:58:00+05:30,6148.95,6149,6133.95,6133.95,2169,
2024-11-29 11:59:00+05:30,6134.45,6142.55,6132.9,6141.2,2622,
2024-11-29 12:00:00+05:30,6141.2,6144,6134.75,6134.75,4730,
2024-11-29 12:01:00+05:30,6135.05,6145,6135.05,6145,2990,
2024-11-29 12:02:00+05:30,6145,6145.45,6137.1,6143.15,3363,
2024-11-29 12:03:00+05:30,6143.1,6146.85,6138.05,6145,2596,
2024-11-29 12:04:00+05:30,6145,6147.85,6142.6,6147.85,1336,
2024-11-29 12:05:00+05:30,6147.85,6159.4,6145.05,6154.85,8004,
2024-11-29 12:06:00+05:30,6154.85,6160,6150.15,6158.7,4407,
2024-11-29 12:07:00+05:30,6158.7,6160.05,6155,6158.5,2930,
2024-11-29 12:08:00+05:30,6158.5,6159,6145.5,6145.5,3035,
2024-11-29 12:09:00+05:30,6145.1,6149.95,6141.55,6141.55,1237,
2024-11-29 12:10:00+05:30,6141.55,6145.85,6138.05,6139,2813,
2024-11-29 12:11:00+05:30,6141,6143.7,6139.65,6142,773,
2024-11-29 12:12:00+05:30,6142,6145,6139.7,6144.45,1470,
2024-11-29 12:13:00+05:30,6144.45,6150,6143.5,6145.95,1090,
2024-11-29 12:14:00+05:30,6145.95,6145.95,6140,6144.15,2083,
2024-11-29 12:15:00+05:30,6144.75,6148.75,6142.3,6147.7,622,
2024-11-29 12:16:00+05:30,6147.7,6149,6145,6145.75,552,
2024-11-29 12:17:00+05:30,6146.7,6150,6146.7,6149.7,493,
2024-11-29 12:18:00+05:30,6148.5,6150,6142.95,6145.8,3738,
2024-11-29 12:19:00+05:30,6145.8,6149.55,6145.8,6149.55,398,
2024-11-29 12:20:00+05:30,6149.1,6149.1,6144.5,6146,1738,
2024-11-29 12:21:00+05:30,6146.4,6149.6,6145,6149.6,1247,
2024-11-29 12:22:00+05:30,6149.6,6149.6,6142,6142,783,
2024-11-29 12:23:00+05:30,6142,6143,6140.05,6140.95,297,
2024-11-29 12:24:00+05:30,6140.95,6141,6138.5,6140,1517,
2024-11-29 12:25:00+05:30,6139,6140.35,6136.45,6140,987,
2024-11-29 12:26:00+05:30,6140.3,6143.95,6137,6139.45,910,
2024-11-29 12:27:00+05:30,6139.45,6141.95,6139.45,6141.2,179,
2024-11-29 12:28:00+05:30,6141.2,6142.95,6137,6137,1260,
2024-11-29 12:29:00+05:30,6137,6137.65,6133.8,6134.8,948,
2024-11-29 12:30:00+05:30,6134.8,6135.9,6130,6135.9,1340,
2024-11-29 12:31:00+05:30,6135.9,6138,6132.15,6133.55,585,
2024-11-29 12:32:00+05:30,6133.55,6138.35,6132.55,6137.7,326,
2024-11-29 12:33:00+05:30,6137.7,6137.7,6135.5,6135.9,143,
2024-11-29 12:34:00+05:30,6135.9,6135.9,6131.3,6135,836,
2024-11-29 12:35:00+05:30,6135,6140,6134.35,6136.4,618,
2024-11-29 12:36:00+05:30,6136.6,6136.65,6132.15,6135.4,874,
2024-11-29 12:37:00+05:30,6135.4,6136.1,6132.55,6134.4,243,
2024-11-29 12:38:00+05:30,6134.4,6136,6134,6134.4,231,
2024-11-29 12:39:00+05:30,6134.55,6139,6134.55,6135.8,1320,
2024-11-29 12:40:00+05:30,6135.8,6136.5,6135.55,6136.5,219,
2024-11-29 12:41:00+05:30,6136.5,6142,6135.6,6141,2371,
2024-11-29 12:42:00+05:30,6140.9,6143,6138.95,6141.05,1050,
2024-11-29 12:43:00+05:30,6141.05,6141.8,6139.85,6139.85,943,
2024-11-29 12:44:00+05:30,6140.4,6149.2,6140.35,6149.2,3327,
2024-11-29 12:45:00+05:30,6149.2,6150,6144.05,6146.4,3252,
2024-11-29 12:46:00+05:30,6146.4,6148,6144.45,6147.4,423,
2024-11-29 12:47:00+05:30,6147.4,6148.95,6145.4,6147.1,719,
2024-11-29 12:48:00+05:30,6147.1,6148.3,6140.75,6142,564,
2024-11-29 12:49:00+05:30,6142,6145.45,6140,6141.1,3377,
2024-11-29 12:50:00+05:30,6141.1,6141.8,6140,6141.8,265,
2024-11-29 12:51:00+05:30,6141.8,6145.75,6140.5,6145.7,1701,
2024-11-29 12:52:00+05:30,6145.7,6145.7,6143,6145,131,
2024-11-29 12:53:00+05:30,6143.1,6145.7,6143,6143.4,824,
2024-11-29 12:54:00+05:30,6145.55,6147.65,6143.3,6143.3,964,
2024-11-29 12:55:00+05:30,6143.65,6146.65,6143.3,6145.45,314,
2024-11-29 12:56:00+05:30,6145.45,6145.45,6140.5,6141.8,138,
2024-11-29 12:57:00+05:30,6141.8,6144.5,6140.15,6144.5,427,
2024-11-29 12:58:00+05:30,6142.25,6143.9,6141.15,6142.85,235,
2024-11-29 12:59:00+05:30,6142.85,6142.9,6140.15,6141.95,281,
2024-11-29 13:00:00+05:30,6140.05,6142.4,6140,6142.4,585,
2024-11-29 13:01:00+05:30,6142.4,6150,6142.05,6150,2295,
2024-11-29 13:02:00+05:30,6150,6150,6147.5,6150,4711,
2024-11-29 13:03:00+05:30,6148,6150,6147.65,6149.5,857,
2024-11-29 13:04:00+05:30,6149.5,6150.1,6149,6149.95,2078,
2024-11-29 13:05:00+05:30,6149.95,6159.9,6149.5,6159.9,7061,
2024-11-29 13:06:00+05:30,6159.7,6167.3,6156.05,6158.15,9454,
2024-11-29 13:07:00+05:30,6158.15,6161,6154.8,6160.2,750,
2024-11-29 13:08:00+05:30,6160.35,6161.4,6158.05,6159,635,
2024-11-29 13:09:00+05:30,6159.2,6161.4,6159,6159.4,495,
2024-11-29 13:10:00+05:30,6160,6166.6,6160,6166.55,1275,
2024-11-29 13:11:00+05:30,6164.65,6166.6,6163.55,6164.8,791,
2024-11-29 13:12:00+05:30,6162.75,6166,6160,6163.45,914,
2024-11-29 13:13:00+05:30,6163.45,6171.55,6163.45,6170,2059,
2024-11-29 13:14:00+05:30,6170,6175.95,6168.15,6174.2,5089,
2024-11-29 13:15:00+05:30,6172,6175,6171,6174.4,1232,
2024-11-29 13:16:00+05:30,6174.4,6176,6170,6176,1676,
2024-11-29 13:17:00+05:30,6178.8,6179.95,6176.2,6177,2580,
2024-11-29 13:18:00+05:30,6177,6183,6175.5,6182.85,4591,
2024-11-29 13:19:00+05:30,6184.5,6196.9,6184.5,6189.95,8105,
2024-11-29 13:20:00+05:30,6189.95,6190,6182.85,6185.15,1810,
2024-11-29 13:21:00+05:30,6185.15,6185.15,6175,6178.15,3197,
2024-11-29 13:22:00+05:30,6178.15,6179.45,6171.5,6174.8,1716,
2024-11-29 13:23:00+05:30,6175.25,6175.85,6168.35,6168.35,1927,
2024-11-29 13:24:00+05:30,6168.35,6177.65,6168.05,6177.5,1301,
2024-11-29 13:25:00+05:30,6177.55,6177.65,6168.55,6171.95,1270,
2024-11-29 13:26:00+05:30,6171.95,6178.95,6171.55,6174.3,1949,
2024-11-29 13:27:00+05:30,6174.3,6177.65,6171,6174.15,1975,
2024-11-29 13:28:00+05:30,6174.15,6177.5,6173.5,6177.5,817,
2024-11-29 13:29:00+05:30,6177.55,6177.9,6176.35,6176.4,2236,
2024-11-29 13:30:00+05:30,6177,6177.5,6168,6168.5,2318,
2024-11-29 13:31:00+05:30,6174.7,6177.5,6171.2,6175.95,2205,
2024-11-29 13:32:00+05:30,6175.95,6176.8,6174.3,6176.8,679,
2024-11-29 13:33:00+05:30,6177,6177,6173,6176,663,
2024-11-29 13:34:00+05:30,6176,6177.5,6175,6176.35,1362,
2024-11-29 13:35:00+05:30,6178,6182.35,6171.8,6179.9,2804,
2024-11-29 13:36:00+05:30,6180,6180,6177,6179.9,527,
2024-11-29 13:37:00+05:30,6179.9,6180,6176.5,6177.4,308,
2024-11-29 13:38:00+05:30,6176.8,6179,6176.05,6176.45,704,
2024-11-29 13:39:00+05:30,6176.45,6178,6174.05,6175,794,
2024-11-29 13:40:00+05:30,6179.95,6180,6171.8,6171.8,5356,
2024-11-29 13:41:00+05:30,6171.8,6180.6,6171.8,6180,3409,
2024-11-29 13:42:00+05:30,6180,6180,6175.15,6177,1026,
2024-11-29 13:43:00+05:30,6177,6179.75,6176.3,6177.4,613,
2024-11-29 13:44:00+05:30,6176.3,6180,6176.3,6180,488,
2024-11-29 13:45:00+05:30,6180,6180,6177.75,6179.4,720,
2024-11-29 13:46:00+05:30,6176.25,6179.5,6176.25,6179.5,321,
2024-11-29 13:47:00+05:30,6179.15,6179.9,6178.8,6179.9,814,
2024-11-29 13:48:00+05:30,6179.9,6180.8,6179,6180,5850,
2024-11-29 13:49:00+05:30,6180,6180,6177.1,6178.75,1743,
2024-11-29 13:50:00+05:30,6178.75,6187,6177,6187,3252,
2024-11-29 13:51:00+05:30,6186.7,6188.6,6183.6,6186.7,1394,
2024-11-29 13:52:00+05:30,6185,6187.1,6180,6182.75,703,
2024-11-29 13:53:00+05:30,6182.75,6184.65,6180.65,6181,338,
2024-11-29 13:54:00+05:30,6181,6184,6180.05,6184,626,
2024-11-29 13:55:00+05:30,6184.75,6190,6184,6189.4,1209,
2024-11-29 13:56:00+05:30,6189.4,6193,6188.8,6191.3,1243,
2024-11-29 13:57:00+05:30,6191.95,6194.1,6188.95,6192,1076,
2024-11-29 13:58:00+05:30,6192,6192,6188,6190,801,
2024-11-29 13:59:00+05:30,6190,6190,6183.25,6185,910,
2024-11-29 14:00:00+05:30,6185,6185,6181,6185,1993,
2024-11-29 14:01:00+05:30,6185,6185,6184.15,6185,705,
2024-11-29 14:02:00+05:30,6185,6185.2,6182.55,6185,2124,
2024-11-29 14:03:00+05:30,6185,6185,6180,6183.95,2099,
2024-11-29 14:04:00+05:30,6183.65,6184.85,6180.7,6184.85,2045,
2024-11-29 14:05:00+05:30,6184.85,6184.9,6178.35,6180,3519,
2024-11-29 14:06:00+05:30,6180,6180,6178.2,6180,788,
2024-11-29 14:07:00+05:30,6180,6180,6178,6178.4,817,
2024-11-29 14:08:00+05:30,6177,6180,6177,6180,4301,
2024-11-29 14:09:00+05:30,6180,6185,6180,6185,1092,
2024-11-29 14:10:00+05:30,6185,6190,6182.4,6184.45,5811,
2024-11-29 14:11:00+05:30,6184.4,6185,6181,6182.95,3471,
2024-11-29 14:12:00+05:30,6182.95,6183.25,6178.6,6180.65,927,
2024-11-29 14:13:00+05:30,6180.65,6182.2,6177.05,6180.8,1881,
2024-11-29 14:14:00+05:30,6177.7,6180.7,6177.7,6180.35,502,
2024-11-29 14:15:00+05:30,6180.35,6181,6178.4,6178.4,787,
2024-11-29 14:16:00+05:30,6180.55,6180.55,6177,6179.5,908,
2024-11-29 14:17:00+05:30,6179.5,6179.6,6177,6178.55,550,
2024-11-29 14:18:00+05:30,6177.3,6179.55,6177.3,6179.5,1120,
2024-11-29 14:19:00+05:30,6179.5,6180,6177.8,6179.65,653,
2024-11-29 14:20:00+05:30,6177.9,6181.5,6177.9,6181.5,3110,
2024-11-29 14:21:00+05:30,6181.5,6181.5,6180.1,6181.5,842,
2024-11-29 14:22:00+05:30,6180.1,6181.4,6177,6179.65,520,
2024-11-29 14:23:00+05:30,6179.65,6180,6172,6174.5,2525,
2024-11-29 14:24:00+05:30,6172.05,6180,6172,6176.6,1143,
2024-11-29 14:25:00+05:30,6176.55,6179.85,6174.15,6179.8,738,
2024-11-29 14:26:00+05:30,6177.3,6180,6177.3,6180,876,
2024-11-29 14:27:00+05:30,6180,6180,6178,6179,1638,
2024-11-29 14:28:00+05:30,6179,6188,6178,6188,7176,
2024-11-29 14:29:00+05:30,6188,6188,6184.3,6185.3,1886,
2024-11-29 14:30:00+05:30,6185.3,6206,6184,6202.1,14471,
2024-11-29 14:31:00+05:30,6201.15,6208.3,6197.1,6199.85,11934,
2024-11-29 14:32:00+05:30,6199.85,6200.6,6195.1,6199.5,7913,
2024-11-29 14:33:00+05:30,6199.5,6202.55,6193.9,6194.9,2495,
2024-11-29 14:34:00+05:30,6194.9,6195.05,6193.05,6194.85,1818,
2024-11-29 14:35:00+05:30,6194.85,6196,6194.05,6195,7468,
2024-11-29 14:36:00+05:30,6195,6195.25,6191,6191,2755,
2024-11-29 14:37:00+05:30,6191,6195,6188.1,6192.75,3185,
2024-11-29 14:38:00+05:30,6192.75,6195,6191.15,6194.75,2665,
2024-11-29 14:39:00+05:30,6194.75,6198,6192.6,6195.9,4808,
2024-11-29 14:40:00+05:30,6195.9,6195.9,6191.05,6193.85,2207,
2024-11-29 14:41:00+05:30,6192.5,6195,6191.8,6195,1441,
2024-11-29 14:42:00+05:30,6195,6197,6193.3,6195,1671,
2024-11-29 14:43:00+05:30,6193.3,6195,6192.15,6194.85,1345,
2024-11-29 14:44:00+05:30,6195,6195.25,6190,6192.4,1976,
2024-11-29 14:45:00+05:30,6190,6196,6190,6190,1842,
2024-11-29 14:46:00+05:30,6192.25,6195.55,6188.1,6191.1,3730,
2024-11-29 14:47:00+05:30,6191.15,6192.75,6188.1,6191.2,3715,
2024-11-29 14:48:00+05:30,6189.3,6191.2,6188,6190.45,2105,
2024-11-29 14:49:00+05:30,6188,6190.45,6183.2,6184,3238,
2024-11-29 14:50:00+05:30,6186.05,6187,6182.95,6186.1,2218,
2024-11-29 14:51:00+05:30,6186.1,6192.95,6185.7,6190.85,3388,
2024-11-29 14:52:00+05:30,6188.65,6188.65,6184.35,6187.2,1366,
2024-11-29 14:53:00+05:30,6186.2,6188.3,6184.4,6187.8,1296,
2024-11-29 14:54:00+05:30,6187.8,6189.9,6184.05,6186.9,1946,
2024-11-29 14:55:00+05:30,6184.05,6187.45,6182.35,6185.2,2911,
2024-11-29 14:56:00+05:30,6185.2,6186.3,6182.3,6185.75,1773,
2024-11-29 14:57:00+05:30,6185.75,6187,6182.25,6186.2,1970,
2024-11-29 14:58:00+05:30,6184.6,6186.2,6182.2,6183,1063,
2024-11-29 14:59:00+05:30,6183,6185.25,6178.6,6180.1,2546,
2024-11-29 15:00:00+05:30,6180,6187.85,6176.95,6185.8,7191,
2024-11-29 15:01:00+05:30,6183.4,6186.05,6177.55,6180.3,3015,
2024-11-29 15:02:00+05:30,6177.7,6181.75,6177.5,6180.2,2788,
2024-11-29 15:03:00+05:30,6180.25,6182.05,6174,6174.85,6523,
2024-11-29 15:04:00+05:30,6174.85,6178.3,6171.35,6174.35,4808,
2024-11-29 15:05:00+05:30,6176.4,6176.4,6169.6,6169.6,3285,
2024-11-29 15:06:00+05:30,6167.2,6171.9,6166.1,6169.35,13684,
2024-11-29 15:07:00+05:30,6169.35,6179.75,6169.3,6175.45,5785,
2024-11-29 15:08:00+05:30,6175.45,6180,6172.7,6174,3771,
2024-11-29 15:09:00+05:30,6174.35,6174.35,6171.8,6171.85,2867,
2024-11-29 15:10:00+05:30,6171.8,6178,6168,6168.2,10813,
2024-11-29 15:11:00+05:30,6166.95,6170,6165.5,6165.5,7934,
2024-11-29 15:12:00+05:30,6167.25,6169.85,6165.35,6169.35,8149,
2024-11-29 15:13:00+05:30,6169.35,6169.7,6166.05,6167.15,4053,
2024-11-29 15:14:00+05:30,6166.8,6170,6166.6,6169.5,6578,
2024-11-29 15:15:00+05:30,6169.5,6170,6168,6169.55,4760,
2024-11-29 15:16:00+05:30,6169.55,6170,6167.9,6169.8,6827,
2024-11-29 15:17:00+05:30,6169.8,6170,6169.7,6169.95,5773,
2024-11-29 15:18:00+05:30,6169.95,6172.15,6169,6171.45,11584,
2024-11-29 15:19:00+05:30,6171.95,6171.95,6169.3,6169.55,5622,
2024-11-29 15:20:00+05:30,6169.6,6169.95,6168.5,6169.1,6115,
2024-11-29 15:21:00+05:30,6169.85,6169.85,6166.6,6167.6,9767,
2024-11-29 15:22:00+05:30,6167.6,6168.95,6167.05,6168.1,2771,
2024-11-29 15:23:00+05:30,6168.25,6187.25,6166.75,6187,16714,
2024-11-29 15:24:00+05:30,6184,6192.45,6180.95,6183,9407,
2024-11-29 15:25:00+05:30,6182.65,6182.65,6170,6170,13011,
2024-11-29 15:26:00+05:30,6170,6184.3,6169.05,6174.95,9288,
2024-11-29 15:27:00+05:30,6174.3,6179.95,6170,6174.85,7741,
2024-11-29 15:28:00+05:30,6172.85,6189,6165.95,6189,10841,
2024-11-29 15:29:00+05:30,6189,6189.8,6170,6183.25,780,
2024-12-02 09:15:00+05:30,6185,6228.2,6183.25,6187,12663,
2024-12-02 09:16:00+05:30,6185.05,6191.45,6173.05,6190.6,3669,
2024-12-02 09:17:00+05:30,6190.6,6192.95,6169.55,6176.4,3138,
2024-12-02 09:18:00+05:30,6176.4,6198,6176.4,6198,4078,
2024-12-02 09:19:00+05:30,6198,6208,6193.3,6208,2578,
2024-12-02 09:20:00+05:30,6208,6212,6200.75,6206.6,3414,
2024-12-02 09:21:00+05:30,6206.6,6206.6,6190.65,6192.55,1796,
2024-12-02 09:22:00+05:30,6192.55,6215,6192.55,6212.85,3929,
2024-12-02 09:23:00+05:30,6215,6220,6209,6217.25,3914,
2024-12-02 09:24:00+05:30,6215.95,6217.95,6196.05,6200.65,2631,
2024-12-02 09:25:00+05:30,6200.3,6207.3,6189,6190.15,1405,
2024-12-02 09:26:00+05:30,6193.5,6193.5,6187.3,6190,1366,
2024-12-02 09:27:00+05:30,6190,6192.05,6187.35,6188.15,381,
2024-12-02 09:28:00+05:30,6189.3,6191.45,6187.35,6190,968,
2024-12-02 09:29:00+05:30,6188.35,6195,6188.35,6190,912,
2024-12-02 09:30:00+05:30,6188,6203.3,6188,6198.45,3273,
2024-12-02 09:31:00+05:30,6198.15,6201.55,6191.85,6201.35,1520,
2024-12-02 09:32:00+05:30,6198.5,6205.65,6197.6,6200.7,3105,
2024-12-02 09:33:00+05:30,6199.05,6201.95,6191.05,6192.8,831,
2024-12-02 09:34:00+05:30,6192,6203,6192,6199.85,547,
2024-12-02 09:35:00+05:30,6199.85,6204.05,6194.15,6201.7,1767,
2024-12-02 09:36:00+05:30,6199.7,6201.6,6193.45,6196,967,
2024-12-02 09:37:00+05:30,6192.8,6200,6191.75,6198,412,
2024-12-02 09:38:00+05:30,6197.25,6203.4,6194.05,6200,1145,
2024-12-02 09:39:00+05:30,6200,6203,6198.45,6200,466,
2024-12-02 09:40:00+05:30,6200.5,6201.8,6192,6200,1466,
2024-12-02 09:41:00+05:30,6198.15,6203.7,6198.15,6203.2,803,
2024-12-02 09:42:00+05:30,6199.7,6204.5,6199,6199.95,1491,
2024-12-02 09:43:00+05:30,6199,6200,6194.2,6198.9,559,
2024-12-02 09:44:00+05:30,6195.7,6201.7,6194.15,6200,380,
2024-12-02 09:45:00+05:30,6197.2,6201.25,6197.05,6201,317,
2024-12-02 09:46:00+05:30,6199.05,6205,6195.45,6199.85,655,
2024-12-02 09:47:00+05:30,6199.05,6200,6195.05,6199.95,403,
2024-12-02 09:48:00+05:30,6199.95,6200,6196.85,6200,271,
2024-12-02 09:49:00+05:30,6201.6,6203.95,6197,6199.5,2299,
2024-12-02 09:50:00+05:30,6197,6199.85,6190,6194,743,
2024-12-02 09:51:00+05:30,6192.7,6200.95,6192.7,6197.15,474,
2024-12-02 09:52:00+05:30,6197.3,6208.2,6195.7,6203.75,2486,
2024-12-02 09:53:00+05:30,6203.4,6232,6200,6231.6,6764,
2024-12-02 09:54:00+05:30,6231.2,6233.4,6227,6229.1,2156,
2024-12-02 09:55:00+05:30,6229.35,6244.6,6227.05,6239.25,3901,
2024-12-02 09:56:00+05:30,6239.8,6248,6239,6243.1,2676,
2024-12-02 09:57:00+05:30,6246.8,6246.8,6233,6239.9,3038,
2024-12-02 09:58:00+05:30,6238.95,6243.65,6228.4,6230.15,2645,
2024-12-02 09:59:00+05:30,6230.15,6234,6224.25,6231.3,1222,
2024-12-02 10:00:00+05:30,6231.35,6234.9,6227,6227,2402,
2024-12-02 10:01:00+05:30,6226,6231.25,6222.1,6227.1,1319,
2024-12-02 10:02:00+05:30,6227.1,6233.5,6226.8,6232.95,1973,
2024-12-02 10:03:00+05:30,6230,6233.5,6227.55,6228.35,915,
2024-12-02 10:04:00+05:30,6229.2,6230,6224.95,6225.05,884,
2024-12-02 10:05:00+05:30,6225.05,6230,6224.8,6229.1,1677,
2024-12-02 10:06:00+05:30,6226.25,6238,6226.15,6232.1,2054,
2024-12-02 10:07:00+05:30,6232.1,6238.35,6227.45,6233.6,1175,
2024-12-02 10:08:00+05:30,6233.6,6238.2,6232.1,6232.9,2979,
2024-12-02 10:09:00+05:30,6232.95,6236.95,6230,6233.1,864,
2024-12-02 10:10:00+05:30,6233.15,6236.75,6223,6225.4,1123,
2024-12-02 10:11:00+05:30,6225.5,6232.15,6225,6229.45,447,
2024-12-02 10:12:00+05:30,6226.15,6228.75,6221,6222.6,863,
2024-12-02 10:13:00+05:30,6222.6,6227.15,6221.6,6222.35,363,
2024-12-02 10:14:00+05:30,6223.7,6232.3,6223.7,6225.05,1604,
2024-12-02 10:15:00+05:30,6225.05,6235,6225.05,6230.65,2680,
2024-12-02 10:16:00+05:30,6230.65,6233.2,6230,6230.15,499,
2024-12-02 10:17:00+05:30,6230.15,6233.2,6225,6228.1,2516,
2024-12-02 10:18:00+05:30,6225.05,6228.15,6222,6222.9,1075,
2024-12-02 10:19:00+05:30,6222,6225.15,6213.5,6218.85,2031,
2024-12-02 10:20:00+05:30,6217.1,6225,6216.95,6219,881,
2024-12-02 10:21:00+05:30,6218.95,6223.35,6217.95,6220.05,242,
2024-12-02 10:22:00+05:30,6220.05,6224.2,6217.05,6219.35,1112,
2024-12-02 10:23:00+05:30,6219.35,6219.55,6215,6219.55,700,
2024-12-02 10:24:00+05:30,6216.15,6222.9,6216,6218.55,615,
2024-12-02 10:25:00+05:30,6218.4,6228,6217.55,6225.75,425,
2024-12-02 10:26:00+05:30,6225.75,6232,6225.75,6231.3,1070,
2024-12-02 10:27:00+05:30,6229.05,6231.45,6223.25,6229.1,991,
2024-12-02 10:28:00+05:30,6229.05,6239,6229.05,6239,3031,
2024-12-02 10:29:00+05:30,6237.1,6238.7,6234,6238.7,830,
2024-12-02 10:30:00+05:30,6235.45,6240,6235.45,6236.05,431,
2024-12-02 10:31:00+05:30,6236.1,6246,6235,6243.85,3035,
2024-12-02 10:32:00+05:30,6243.85,6247,6242.5,6247,1945,
2024-12-02 10:33:00+05:30,6247,6252.15,6245.2,6247.95,8206,
2024-12-02 10:34:00+05:30,6247.95,6254,6246.05,6251,2608,
2024-12-02 10:35:00+05:30,6250.3,6256.45,6248.4,6256.45,5008,
2024-12-02 10:36:00+05:30,6252.1,6258,6243,6243,3428,
2024-12-02 10:37:00+05:30,6242.25,6250,6236.05,6250,2750,
2024-12-02 10:38:00+05:30,6250.05,6256,6250,6256,3199,
2024-12-02 10:39:00+05:30,6254.45,6257,6252,6253.2,1280,
2024-12-02 10:40:00+05:30,6252.05,6257,6252,6257,1273,
2024-12-02 10:41:00+05:30,6257,6257.25,6253.05,6256.2,718,
2024-12-02 10:42:00+05:30,6254.4,6260,6254.4,6257.55,1615,
2024-12-02 10:43:00+05:30,6255.55,6260,6250,6252.35,3246,
2024-12-02 10:44:00+05:30,6250,6259,6250,6253.8,3703,
2024-12-02 10:45:00+05:30,6253.8,6256.4,6251.15,6253,2174,
2024-12-02 10:46:00+05:30,6253,6253.05,6243.45,6245,5306,
2024-12-02 10:47:00+05:30,6243.4,6250,6242.2,6249.7,1188,
2024-12-02 10:48:00+05:30,6246.55,6249.9,6246.5,6248.05,456,
2024-12-02 10:49:00+05:30,6248.3,6250,6248,6248.45,580,
2024-12-02 10:50:00+05:30,6248.5,6254,6248.05,6252,1918,
2024-12-02 10:51:00+05:30,6252,6253.95,6248,6249.65,885,
2024-12-02 10:52:00+05:30,6248,6250.7,6245,6246.45,1299,
2024-12-02 10:53:00+05:30,6246.45,6249.95,6243.95,6243.95,542,
2024-12-02 10:54:00+05:30,6243.95,6245.95,6242.2,6244.65,700,
2024-12-02 10:55:00+05:30,6242.4,6246.55,6235.25,6235.25,3243,
2024-12-02 10:56:00+05:30,6235.25,6240,6232,6239.95,2718,
2024-12-02 10:57:00+05:30,6237.4,6238.7,6232.7,6235,1701,
2024-12-02 10:58:00+05:30,6233.4,6239.5,6233.2,6237.9,928,
2024-12-02 10:59:00+05:30,6237.9,6241,6234.95,6241,2296,
2024-12-02 11:00:00+05:30,6240,6243,6238.25,6243,3867,
2024-12-02 11:01:00+05:30,6243,6246.05,6240,6244.8,2506,
2024-12-02 11:02:00+05:30,6242.1,6244.75,6239.55,6240,210,
2024-12-02 11:03:00+05:30,6239.55,6242,6238,6239.85,1443,
2024-12-02 11:04:00+05:30,6238,6239.85,6232,6233.25,1715,
2024-12-02 11:05:00+05:30,6233.25,6234.4,6226,6232,3429,
2024-12-02 11:06:00+05:30,6232.15,6240,6231.1,6236.9,3908,
2024-12-02 11:07:00+05:30,6236.9,6238.55,6230,6234.05,4956,
2024-12-02 11:08:00+05:30,6234.05,6235.75,6230,6232.9,5016,
2024-12-02 11:09:00+05:30,6232.9,6238.4,6232,6234.95,2439,
2024-12-02 11:10:00+05:30,6234.95,6238.6,6233.1,6236.75,475,
2024-12-02 11:11:00+05:30,6233.55,6236.95,6228,6229.85,763,
2024-12-02 11:12:00+05:30,6227,6235.2,6220.55,6227.9,16072,
2024-12-02 11:13:00+05:30,6227.9,6230,6226.6,6229.4,272,
2024-12-02 11:14:00+05:30,6229.4,6229.4,6223.55,6223.55,533,
2024-12-02 11:15:00+05:30,6223.8,6228.75,6223.8,6227,244,
2024-12-02 11:16:00+05:30,6227,6228,6224.05,6226.15,262,
2024-12-02 11:17:00+05:30,6228,6229.4,6224,6226.05,744,
2024-12-02 11:18:00+05:30,6225.55,6229.35,6221.3,6227.25,1028,
2024-12-02 11:19:00+05:30,6227.4,6229.4,6225,6227.05,520,
2024-12-02 11:20:00+05:30,6227.65,6229,6224.3,6227.95,900,
2024-12-02 11:21:00+05:30,6225.3,6228.5,6221.05,6221.05,1510,
2024-12-02 11:22:00+05:30,6221.25,6225.1,6219.95,6223.95,8858,
2024-12-02 11:23:00+05:30,6223.15,6228,6222.45,6225.15,1582,
2024-12-02 11:24:00+05:30,6225.15,6228.95,6223.45,6225,885,
2024-12-02 11:25:00+05:30,6224,6227.6,6223.6,6227.05,385,
2024-12-02 11:26:00+05:30,6224,6230,6224,6230,773,
2024-12-02 11:27:00+05:30,6229,6233,6228.35,6233,511,
2024-12-02 11:28:00+05:30,6230.05,6237.2,6228.1,6229,934,
2024-12-02 11:29:00+05:30,6229,6233.1,6229,6229,598,
2024-12-02 11:30:00+05:30,6229,6229.45,6225,6226.25,451,
2024-12-02 11:31:00+05:30,6226.25,6230,6225.2,6228.25,419,
2024-12-02 11:32:00+05:30,6228.25,6230,6227.25,6227.3,556,
2024-12-02 11:33:00+05:30,6227.3,6230,6227,6227.75,333,
2024-12-02 11:34:00+05:30,6227.9,6230,6227.4,6227.5,230,
2024-12-02 11:35:00+05:30,6227.5,6229.45,6224.25,6225,687,
2024-12-02 11:36:00+05:30,6225,6228.5,6224.3,6228.05,624,
2024-12-02 11:37:00+05:30,6229,6232,6227,6230,2687,
2024-12-02 11:38:00+05:30,6230,6231,6227.5,6231,806,
2024-12-02 11:39:00+05:30,6229.2,6231,6226.1,6229.2,1165,
2024-12-02 11:40:00+05:30,6229.2,6231,6228.15,6229,475,
2024-12-02 11:41:00+05:30,6229,6231,6225.2,6225.2,334,
2024-12-02 11:42:00+05:30,6225,6229.3,6225,6225,402,
2024-12-02 11:43:00+05:30,6225.05,6228.25,6225,6225.25,280,
2024-12-02 11:44:00+05:30,6225.25,6230,6225,6225.25,425,
2024-12-02 11:45:00+05:30,6225.3,6228,6224.5,6225,5850,
2024-12-02 11:46:00+05:30,6225,6230.8,6225,6225.95,1355,
2024-12-02 11:47:00+05:30,6225,6228.2,6221.55,6223.25,1663,
2024-12-02 11:48:00+05:30,6223.25,6229.4,6221.35,6226.95,7627,
2024-12-02 11:49:00+05:30,6222,6226.6,6221.3,6225,2696,
2024-12-02 11:50:00+05:30,6224.35,6226,6222.5,6225,522,
2024-12-02 11:51:00+05:30,6223.3,6229.45,6222.55,6225.25,455,
2024-12-02 11:52:00+05:30,6225,6229.05,6223.25,6225.9,339,
2024-12-02 11:53:00+05:30,6225.9,6228.65,6223.05,6225,906,
2024-12-02 11:54:00+05:30,6225,6227.45,6223.45,6226.5,1760,
2024-12-02 11:55:00+05:30,6224.6,6227.9,6223,6223.6,448,
2024-12-02 11:56:00+05:30,6223.6,6228.95,6223.55,6223.8,771,
2024-12-02 11:57:00+05:30,6223.8,6229.15,6223.8,6225.6,821,
2024-12-02 11:58:00+05:30,6226.2,6235,6226.2,6232.1,552,
2024-12-02 11:59:00+05:30,6232.15,6234.95,6228.4,6230.15,2377,
2024-12-02 12:00:00+05:30,6230.15,6231.4,6228.05,6230.05,283,
2024-12-02 12:01:00+05:30,6229.65,6233,6228.85,6230.6,391,
2024-12-02 12:02:00+05:30,6230.6,6236.9,6230.1,6230.45,367,
2024-12-02 12:03:00+05:30,6230.45,6234.8,6227.1,6231.45,390,
2024-12-02 12:04:00+05:30,6231.1,6236,6225,6236,2730,
2024-12-02 12:05:00+05:30,6233.4,6238.95,6233.4,6235.45,1724,
2024-12-02 12:06:00+05:30,6235.45,6242.8,6235.45,6237.8,1301,
2024-12-02 12:07:00+05:30,6237.8,6241.6,6237.8,6241,1163,
2024-12-02 12:08:00+05:30,6241,6245,6241,6244.05,1247,
2024-12-02 12:09:00+05:30,6244.05,6249,6244,6245.35,1605,
2024-12-02 12:10:00+05:30,6245.35,6247.15,6244,6244,666,
2024-12-02 12:11:00+05:30,6244,6248.2,6242.15,6247.65,1290,
2024-12-02 12:12:00+05:30,6247.65,6248.95,6244.45,6245.45,742,
2024-12-02 12:13:00+05:30,6245.45,6249.5,6245.45,6248.1,1229,
2024-12-02 12:14:00+05:30,6248.1,6252.95,6246.3,6249.35,1405,
2024-12-02 12:15:00+05:30,6249.35,6249.4,6230.6,6234.85,1213,
2024-12-02 12:16:00+05:30,6234.85,6247.15,6234.85,6241.45,1011,
2024-12-02 12:17:00+05:30,6240.25,6246.75,6238.4,6241.5,639,
2024-12-02 12:18:00+05:30,6241.55,6247,6241.05,6241.65,648,
2024-12-02 12:19:00+05:30,6241.65,6246.7,6241.05,6242.2,750,
2024-12-02 12:20:00+05:30,6242,6247,6242,6243.7,1064,
2024-12-02 12:21:00+05:30,6243.7,6249,6242.2,6243.15,611,
2024-12-02 12:22:00+05:30,6243.15,6249,6242,6243.95,1027,
2024-12-02 12:23:00+05:30,6242,6245.7,6242,6242.1,722,
2024-12-02 12:24:00+05:30,6242.15,6249.05,6242.15,6244.5,792,
2024-12-02 12:25:00+05:30,6244.5,6244.5,6233.7,6239.6,1125,
2024-12-02 12:26:00+05:30,6240.5,6247.6,6240.5,6241.4,721,
2024-12-02 12:27:00+05:30,6241.4,6249.95,6241.2,6246.8,882,
2024-12-02 12:28:00+05:30,6246.8,6253,6246.8,6250.3,727,
2024-12-02 12:29:00+05:30,6250.25,6255,6250.05,6252.7,1339,
2024-12-02 12:30:00+05:30,6250.15,6253,6247.15,6247.15,832,
2024-12-02 12:31:00+05:30,6247.15,6255.3,6245.7,6253.5,1866,
2024-12-02 12:32:00+05:30,6253.85,6258.35,6252.05,6255.9,1265,
2024-12-02 12:33:00+05:30,6255.9,6259,6255,6256,809,
2024-12-02 12:34:00+05:30,6256,6259.9,6256,6258,775,
2024-12-02 12:35:00+05:30,6258,6259,6254.45,6258.1,1119,
2024-12-02 12:36:00+05:30,6255,6263,6254.85,6261.2,3635,
2024-12-02 12:37:00+05:30,6261.2,6264,6257.05,6258.75,1416,
2024-12-02 12:38:00+05:30,6258.8,6264.95,6258.1,6262.1,1653,
2024-12-02 12:39:00+05:30,6262.1,6265,6260.95,6264.7,793,
2024-12-02 12:40:00+05:30,6261.1,6268,6260.25,6265.2,2534,
2024-12-02 12:41:00+05:30,6262.25,6266.95,6262,6262,806,
2024-12-02 12:42:00+05:30,6262,6265.6,6260.1,6260.1,1650,
2024-12-02 12:43:00+05:30,6260.1,6264.6,6260.1,6261.15,668,
2024-12-02 12:44:00+05:30,6261.25,6264.6,6260.8,6261.25,760,
2024-12-02 12:45:00+05:30,6261.35,6264.6,6260.2,6260.2,928,
2024-12-02 12:46:00+05:30,6260.2,6263.6,6255,6255.45,1255,
2024-12-02 12:47:00+05:30,6255.6,6261,6255.6,6257.9,936,
2024-12-02 12:48:00+05:30,6257.95,6261.9,6257.95,6260.2,955,
2024-12-02 12:49:00+05:30,6260.25,6264.65,6259,6264.4,872,
2024-12-02 12:50:00+05:30,6261.35,6265.6,6261.15,6262.9,1169,
2024-12-02 12:51:00+05:30,6262.95,6265.6,6260,6263.4,792,
2024-12-02 12:52:00+05:30,6263.4,6266,6260.1,6262.55,896,
2024-12-02 12:53:00+05:30,6262.55,6268,6262.25,6264.95,882,
2024-12-02 12:54:00+05:30,6264.95,6270,6264.95,6268.5,2279,
2024-12-02 12:55:00+05:30,6268.5,6272.15,6267.6,6268.8,2328,
2024-12-02 12:56:00+05:30,6268.6,6272.95,6265.6,6269.8,1820,
2024-12-02 12:57:00+05:30,6269.8,6272,6267.8,6267.8,802,
2024-12-02 12:58:00+05:30,6268,6273.45,6268,6273,4031,
2024-12-02 12:59:00+05:30,6273,6282,6270.05,6281.25,3709,
2024-12-02 13:00:00+05:30,6278.5,6281.25,6276.05,6276.45,1469,
2024-12-02 13:01:00+05:30,6276.75,6281,6276.75,6279.4,807,
2024-12-02 13:02:00+05:30,6278,6279.8,6265.8,6270.55,7653,
2024-12-02 13:03:00+05:30,6268,6274.15,6268,6271.2,1436,
2024-12-02 13:04:00+05:30,6271.2,6276.35,6269.95,6271.15,933,
2024-12-02 13:05:00+05:30,6271.15,6279,6271.1,6276.65,1116,
2024-12-02 13:06:00+05:30,6276.65,6279,6272.65,6276.8,1391,
2024-12-02 13:07:00+05:30,6274.75,6278.3,6268,6268,1163,
2024-12-02 13:08:00+05:30,6268,6271.9,6266.35,6269.95,1040,
2024-12-02 13:09:00+05:30,6267.6,6274.4,6267.4,6272,707,
2024-12-02 13:10:00+05:30,6272,6275,6270.2,6271.8,706,
2024-12-02 13:11:00+05:30,6271.8,6274.8,6270,6270.3,957,
2024-12-02 13:12:00+05:30,6270.4,6273.85,6266,6266.85,2124,
2024-12-02 13:13:00+05:30,6266.6,6266.6,6253,6253,3576,
2024-12-02 13:14:00+05:30,6253,6256,6253,6253.65,817,
2024-12-02 13:15:00+05:30,6253,6257,6250,6255,1825,
2024-12-02 13:16:00+05:30,6255,6260,6255,6256.8,697,
2024-12-02 13:17:00+05:30,6256.5,6260,6255.6,6257.05,893,
2024-12-02 13:18:00+05:30,6257,6261,6248,6248,2335,
2024-12-02 13:19:00+05:30,6248,6251.8,6247,6250,1615,
2024-12-02 13:20:00+05:30,6250,6253.9,6249.55,6250.05,952,
2024-12-02 13:21:00+05:30,6250.1,6252.6,6248.35,6249.65,963,
2024-12-02 13:22:00+05:30,6249.65,6251.75,6248,6250,862,
2024-12-02 13:23:00+05:30,6250,6251.95,6248.4,6250,624,
2024-12-02 13:24:00+05:30,6250,6251.8,6250,6250.25,744,
2024-12-02 13:25:00+05:30,6250.25,6252,6248,6250,1755,
2024-12-02 13:26:00+05:30,6250,6250.8,6248.15,6250,4541,
2024-12-02 13:27:00+05:30,6250,6251,6248.4,6250,774,
2024-12-02 13:28:00+05:30,6250,6250.8,6247.65,6249.8,2619,
2024-12-02 13:29:00+05:30,6247.7,6250.5,6246.15,6250,2042,
2024-12-02 13:30:00+05:30,6250,6250.15,6249,6250.05,2065,
2024-12-02 13:31:00+05:30,6250.05,6250.4,6247.2,6250,714,
2024-12-02 13:32:00+05:30,6250,6250.7,6248.35,6250,1681,
2024-12-02 13:33:00+05:30,6248.15,6250.4,6246.35,6250.25,2208,
2024-12-02 13:34:00+05:30,6250.25,6250.4,6247.65,6250.2,1192,
2024-12-02 13:35:00+05:30,6249,6252.7,6249,6250,2581,
2024-12-02 13:36:00+05:30,6250,6254,6250,6252,582,
2024-12-02 13:37:00+05:30,6252,6253.95,6248.75,6253.65,876,
2024-12-02 13:38:00+05:30,6252.8,6253.95,6249.5,6250,411,
2024-12-02 13:39:00+05:30,6250,6251.4,6249.5,6249.6,891,
2024-12-02 13:40:00+05:30,6250,6252.85,6249.5,6251.4,263,
2024-12-02 13:41:00+05:30,6251.4,6252.8,6249.5,6249.5,323,
2024-12-02 13:42:00+05:30,6249.5,6252,6249.5,6250,355,
2024-12-02 13:43:00+05:30,6250,6251.95,6249.5,6249.8,303,
2024-12-02 13:44:00+05:30,6249.8,6251.95,6249.5,6250,282,
2024-12-02 13:45:00+05:30,6250,6251.95,6250,6250.8,231,
2024-12-02 13:46:00+05:30,6250.35,6251.2,6249.45,6251,736,
2024-12-02 13:47:00+05:30,6250,6251.2,6248.75,6249,336,
2024-12-02 13:48:00+05:30,6250,6251.95,6250,6251.95,392,
2024-12-02 13:49:00+05:30,6250.1,6254,6250,6254,409,
2024-12-02 13:50:00+05:30,6253.15,6264.7,6253.15,6262.15,911,
2024-12-02 13:51:00+05:30,6259.25,6262.15,6255.7,6258.55,439,
2024-12-02 13:52:00+05:30,6258.45,6261.95,6256.75,6261.9,622,
2024-12-02 13:53:00+05:30,6260.1,6262.15,6259.35,6262.1,175,
2024-12-02 13:54:00+05:30,6262.15,6263.8,6260.45,6260.6,269,
2024-12-02 13:55:00+05:30,6260.65,6263.8,6260.65,6263.75,438,
2024-12-02 13:56:00+05:30,6261.4,6263.8,6261.4,6262,371,
2024-12-02 13:57:00+05:30,6262,6264.55,6258,6258,1038,
2024-12-02 13:58:00+05:30,6258,6265,6258,6262.6,329,
2024-12-02 13:59:00+05:30,6262.6,6265,6259.5,6260.05,505,
2024-12-02 14:00:00+05:30,6259.95,6263.85,6259.65,6261.6,509,
2024-12-02 14:01:00+05:30,6261.6,6265,6259.75,6265,440,
2024-12-02 14:02:00+05:30,6264,6264.9,6262,6262.95,613,
2024-12-02 14:03:00+05:30,6262.7,6264.95,6262.7,6262.7,692,
2024-12-02 14:04:00+05:30,6262.7,6265,6262.7,6265,768,
2024-12-02 14:05:00+05:30,6264.7,6265,6263.25,6263.25,649,
2024-12-02 14:06:00+05:30,6263.25,6265.25,6262.7,6265.2,479,
2024-12-02 14:07:00+05:30,6265.2,6267.05,6262.85,6264.05,599,
2024-12-02 14:08:00+05:30,6264.5,6267,6263.15,6264.6,967,
2024-12-02 14:09:00+05:30,6263,6265.7,6249,6249,7733,
2024-12-02 14:10:00+05:30,6249,6252.95,6249,6252.6,612,
2024-12-02 14:11:00+05:30,6251.2,6254.8,6250.9,6254.8,599,
2024-12-02 14:12:00+05:30,6254.8,6254.8,6250,6251.9,699,
2024-12-02 14:13:00+05:30,6250.05,6252.8,6250,6250.45,677,
2024-12-02 14:14:00+05:30,6250.45,6252.7,6250,6250,827,
2024-12-02 14:15:00+05:30,6250,6252.65,6250,6251.15,386,
2024-12-02 14:16:00+05:30,6251.15,6252.7,6250.1,6251.25,735,
2024-12-02 14:17:00+05:30,6251.25,6252.8,6250.1,6250.25,778,
2024-12-02 14:18:00+05:30,6250.35,6252.65,6249.5,6249.5,934,
2024-12-02 14:19:00+05:30,6249.4,6251.55,6247.9,6250,1154,
2024-12-02 14:20:00+05:30,6250,6252.15,6248,6250,1979,
2024-12-02 14:21:00+05:30,6250,6251.6,6248.05,6250.65,583,
2024-12-02 14:22:00+05:30,6250.65,6252.6,6248.15,6250,1995,
2024-12-02 14:23:00+05:30,6248.25,6252.7,6248,6250.3,855,
2024-12-02 14:24:00+05:30,6250.35,6253,6250,6250,1570,
2024-12-02 14:25:00+05:30,6250,6253.05,6250,6250.05,640,
2024-12-02 14:26:00+05:30,6250.05,6252.95,6248.7,6250.2,2308,
2024-12-02 14:27:00+05:30,6250.2,6252,6248,6250,1289,
2024-12-02 14:28:00+05:30,6250,6252.7,6249.1,6250.3,800,
2024-12-02 14:29:00+05:30,6250.2,6252.65,6249.4,6251.25,744,
2024-12-02 14:30:00+05:30,6251.25,6252.5,6250,6250.25,821,
2024-12-02 14:31:00+05:30,6250.25,6252,6240.5,6244.15,3127,
2024-12-02 14:32:00+05:30,6244.4,6253.15,6242.65,6249.75,2783,
2024-12-02 14:33:00+05:30,6249.75,6252.45,6243.4,6249.95,1949,
2024-12-02 14:34:00+05:30,6249.05,6251.9,6248.85,6250,1086,
2024-12-02 14:35:00+05:30,6249.05,6251.95,6247.2,6250,927,
2024-12-02 14:36:00+05:30,6250,6252.6,6245.8,6250.95,1196,
2024-12-02 14:37:00+05:30,6249.95,6251.85,6248.2,6248.4,960,
2024-12-02 14:38:00+05:30,6248.4,6251.9,6247.65,6247.65,1200,
2024-12-02 14:39:00+05:30,6247.8,6252,6247.75,6250,909,
2024-12-02 14:40:00+05:30,6249.6,6251,6246.35,6247.45,548,
2024-12-02 14:41:00+05:30,6247.5,6250.1,6245.6,6246.2,641,
2024-12-02 14:42:00+05:30,6246.2,6252,6246.2,6250,1591,
2024-12-02 14:43:00+05:30,6249.15,6252,6249.15,6251.95,1197,
2024-12-02 14:44:00+05:30,6250.4,6252,6248,6250,1066,
2024-12-02 14:45:00+05:30,6248.5,6251.95,6246.55,6247.85,794,
2024-12-02 14:46:00+05:30,6247.85,6251.95,6246,6250,1292,
2024-12-02 14:47:00+05:30,6250,6252,6246.5,6250,1360,
2024-12-02 14:48:00+05:30,6250,6252,6246.85,6250,1291,
2024-12-02 14:49:00+05:30,6250,6252.95,6247.85,6250,1423,
2024-12-02 14:50:00+05:30,6249.65,6251.95,6247.75,6249.05,817,
2024-12-02 14:51:00+05:30,6249.05,6252.2,6248.15,6250,2807,
2024-12-02 14:52:00+05:30,6250,6250,6245,6248.95,1327,
2024-12-02 14:53:00+05:30,6246.35,6249.6,6245.05,6246.3,751,
2024-12-02 14:54:00+05:30,6246.3,6250,6243.25,6250,1352,
2024-12-02 14:55:00+05:30,6248.55,6252.5,6247.4,6252.5,1094,
2024-12-02 14:56:00+05:30,6250.7,6255.55,6250.7,6255,1074,
2024-12-02 14:57:00+05:30,6255,6261,6254.1,6261,1102,
2024-12-02 14:58:00+05:30,6261,6269,6256.2,6267.1,3272,
2024-12-02 14:59:00+05:30,6266.45,6269.8,6265,6265.35,1003,
2024-12-02 15:00:00+05:30,6265.35,6269.95,6265,6269.4,2966,
2024-12-02 15:01:00+05:30,6266.4,6269.4,6264.95,6264.95,1734,
2024-12-02 15:02:00+05:30,6264.95,6264.95,6259,6259,1994,
2024-12-02 15:03:00+05:30,6259,6259.85,6254.1,6255,3032,
2024-12-02 15:04:00+05:30,6254.1,6256,6254.1,6255.9,1687,
2024-12-02 15:05:00+05:30,6255.25,6256,6250,6250,1879,
2024-12-02 15:06:00+05:30,6250,6262.35,6250,6257.5,8553,
2024-12-02 15:07:00+05:30,6257.55,6263,6257.5,6257.5,3121,
2024-12-02 15:08:00+05:30,6257.5,6260.15,6257.5,6259.55,3682,
2024-12-02 15:09:00+05:30,6260,6260.4,6255.25,6259.55,11700,
2024-12-02 15:10:00+05:30,6260,6260,6257,6258.6,5229,
2024-12-02 15:11:00+05:30,6258.65,6261.35,6258.6,6258.6,6320,
2024-12-02 15:12:00+05:30,6258.6,6259.2,6252.05,6254.95,5202,
2024-12-02 15:13:00+05:30,6254.95,6260.1,6254.95,6255.4,10441,
2024-12-02 15:14:00+05:30,6255,6261.05,6254.7,6257.6,5186,
2024-12-02 15:15:00+05:30,6257.6,6259.4,6248.6,6252.5,6561,
2024-12-02 15:16:00+05:30,6249.5,6260,6249.5,6257.25,8338,
2024-12-02 15:17:00+05:30,6253.3,6258.55,6253.3,6257,3910,
2024-12-02 15:18:00+05:30,6257,6258.9,6250.4,6257.8,11395,
2024-12-02 15:19:00+05:30,6257.8,6257.8,6249.7,6250,8289,
2024-12-02 15:20:00+05:30,6250.85,6255.3,6250.85,6252.1,2156,
2024-12-02 15:21:00+05:30,6252.1,6254.8,6245,6245,8511,
2024-12-02 15:22:00+05:30,6245,6248.9,6243.1,6246.5,1503,
2024-12-02 15:23:00+05:30,6245.15,6250,6243.1,6250,1490,
2024-12-02 15:24:00+05:30,6250,6250,6243.25,6248.45,3583,
2024-12-02 15:25:00+05:30,6248.45,6250,6244.7,6245.15,1410,
2024-12-02 15:26:00+05:30,6245.15,6249.45,6245.15,6247.35,1210,
2024-12-02 15:27:00+05:30,6247.35,6247.6,6242,6244.95,1068,
2024-12-02 15:28:00+05:30,6242.75,6246.35,6236,6238.05,1330,
2024-12-02 15:29:00+05:30,6242,6250,6241.65,6249.35,619,
2024-12-03 09:15:00+05:30,6280,6285.45,6258,6279.95,25964,
2024-12-03 09:16:00+05:30,6273.4,6280,6267.95,6270,45292,
2024-12-03 09:17:00+05:30,6270,6270,6251.1,6251.1,8128,
2024-12-03 09:18:00+05:30,6256.35,6257.1,6241.4,6250.25,5361,
2024-12-03 09:19:00+05:30,6250.25,6254.1,6241.9,6241.9,4866,
2024-12-03 09:20:00+05:30,6241.9,6245.65,6234.3,6234.35,2179,
2024-12-03 09:21:00+05:30,6238.5,6238.5,6220.05,6222.5,3609,
2024-12-03 09:22:00+05:30,6222.5,6230.1,6216.95,6225.4,3098,
2024-12-03 09:23:00+05:30,6225.35,6230,6220.05,6230,2072,
2024-12-03 09:24:00+05:30,6230,6234.05,6227.55,6230.4,3092,
2024-12-03 09:25:00+05:30,6230.4,6237,6225.8,6228.65,2262,
2024-12-03 09:26:00+05:30,6228.6,6233.9,6224.05,6226.5,2860,
2024-12-03 09:27:00+05:30,6225.6,6225.6,6215,6217.45,6593,
2024-12-03 09:28:00+05:30,6219.35,6228.1,6217.4,6221.7,5981,
2024-12-03 09:29:00+05:30,6221.7,6225,6219,6223.75,1600,
2024-12-03 09:30:00+05:30,6223.75,6225,6220.25,6220.25,1222,
2024-12-03 09:31:00+05:30,6220,6222,6218.05,6219,908,
2024-12-03 09:32:00+05:30,6219.45,6220.2,6217.35,6217.6,1307,
2024-12-03 09:33:00+05:30,6218.8,6229.15,6218.8,6228.05,3918,
2024-12-03 09:34:00+05:30,6226.85,6229.4,6220.3,6227,3906,
2024-12-03 09:35:00+05:30,6227,6229.6,6222.05,6227.6,4301,
2024-12-03 09:36:00+05:30,6227.6,6249.6,6226.5,6245.25,24886,
2024-12-03 09:37:00+05:30,6244.8,6250,6234.4,6243.8,8890,
2024-12-03 09:38:00+05:30,6243.9,6243.9,6231.4,6236.7,9992,
2024-12-03 09:39:00+05:30,6236.7,6236.7,6233.65,6234,827,
2024-12-03 09:40:00+05:30,6234,6251.8,6233.45,6250,8613,
2024-12-03 09:41:00+05:30,6250,6260.4,6245.9,6259.75,8706,
2024-12-03 09:42:00+05:30,6259.05,6259.85,6242,6249.2,3332,
2024-12-03 09:43:00+05:30,6249.2,6249.2,6235.45,6240.35,936,
2024-12-03 09:44:00+05:30,6240.25,6240.25,6230.9,6232.05,1492,
2024-12-03 09:45:00+05:30,6230.8,6237.3,6230,6234.3,2291,
2024-12-03 09:46:00+05:30,6234.3,6234.7,6230,6233,840,
2024-12-03 09:47:00+05:30,6233,6240.15,6233,6240.15,1784,
2024-12-03 09:48:00+05:30,6239.65,6241.35,6238.45,6239.45,462,
2024-12-03 09:49:00+05:30,6239.45,6239.9,6236.15,6239,436,
2024-12-03 09:50:00+05:30,6236.15,6236.9,6233,6235.6,324,
2024-12-03 09:51:00+05:30,6235.05,6250,6234.6,6246,5216,
2024-12-03 09:52:00+05:30,6246.65,6247,6241.75,6243.85,1124,
2024-12-03 09:53:00+05:30,6243.85,6248.8,6240.85,6244.2,831,
2024-12-03 09:54:00+05:30,6241.6,6246.8,6238.1,6246.8,2230,
2024-12-03 09:55:00+05:30,6246.8,6248.4,6240.85,6248.4,1371,
2024-12-03 09:56:00+05:30,6248.4,6249,6243.8,6248.8,3103,
2024-12-03 09:57:00+05:30,6247.65,6247.65,6243.05,6243.45,629,
2024-12-03 09:58:00+05:30,6244.4,6248.95,6240,6242.05,5077,
2024-12-03 09:59:00+05:30,6243.2,6245,6240.55,6243.55,524,
2024-12-03 10:00:00+05:30,6241.55,6249,6240,6249,3693,
2024-12-03 10:01:00+05:30,6249,6249,6247.15,6247.75,448,
2024-12-03 10:02:00+05:30,6247.75,6253.1,6246.4,6250.45,1158,
2024-12-03 10:03:00+05:30,6249.75,6250,6245.95,6245.95,563,
2024-12-03 10:04:00+05:30,6245.95,6246.2,6240,6241.1,533,
2024-12-03 10:05:00+05:30,6243,6248,6239.75,6244.4,45122,
2024-12-03 10:06:00+05:30,6244.85,6251.45,6235,6242.75,22277,
2024-12-03 10:07:00+05:30,6245,6245,6241.45,6245,865,
2024-12-03 10:08:00+05:30,6243.85,6245,6240.05,6240.05,347,
2024-12-03 10:09:00+05:30,6240,6243.65,6240,6241.85,993,
2024-12-03 10:10:00+05:30,6241.8,6245,6241.1,6245,222,
2024-12-03 10:11:00+05:30,6245,6245,6240,6242.1,335,
2024-12-03 10:12:00+05:30,6242.1,6242.9,6237.5,6241.45,2169,
2024-12-03 10:13:00+05:30,6240.7,6240.7,6240,6240,386,
2024-12-03 10:14:00+05:30,6240,6242.55,6240,6241.15,289,
2024-12-03 10:15:00+05:30,6241,6241.15,6240,6240.05,3631,
2024-12-03 10:16:00+05:30,6240,6244.45,6240,6242.8,735,
2024-12-03 10:17:00+05:30,6242.8,6244.5,6241.45,6242.8,412,
2024-12-03 10:18:00+05:30,6242.8,6248.45,6242.8,6246,747,
2024-12-03 10:19:00+05:30,6245.75,6248.8,6242.75,6248.75,426,
2024-12-03 10:20:00+05:30,6247,6247,6240.9,6241.05,263,
2024-12-03 10:21:00+05:30,6241.05,6248,6240,6244.35,490,
2024-12-03 10:22:00+05:30,6244.35,6244.35,6243.15,6243.55,240,
2024-12-03 10:23:00+05:30,6243.55,6247.75,6243.4,6247.75,287,
2024-12-03 10:24:00+05:30,6246.45,6251.5,6246.45,6250.45,506,
2024-12-03 10:25:00+05:30,6251.35,6251.35,6245.8,6248.75,489,
2024-12-03 10:26:00+05:30,6248.7,6250,6246.25,6249.8,365,
2024-12-03 10:27:00+05:30,6249.8,6255,6248,6253,961,
2024-12-03 10:28:00+05:30,6252.95,6254.2,6249.4,6249.4,369,
2024-12-03 10:29:00+05:30,6249.4,6254.55,6249.4,6250,254,
2024-12-03 10:30:00+05:30,6250,6253.6,6248.4,6253.6,909,
2024-12-03 10:31:00+05:30,6251.65,6258.2,6251.65,6258.2,639,
2024-12-03 10:32:00+05:30,6258.2,6263.95,6256.55,6258.55,1781,
2024-12-03 10:33:00+05:30,6257.55,6261.5,6256.6,6260.55,278,
2024-12-03 10:34:00+05:30,6261,6265.55,6260.75,6265.55,535,
2024-12-03 10:35:00+05:30,6264.95,6274.95,6264.95,6272.9,2335,
2024-12-03 10:36:00+05:30,6272.9,6273.45,6266.9,6272.2,721,
2024-12-03 10:37:00+05:30,6272.2,6272.25,6263,6263,1250,
2024-12-03 10:38:00+05:30,6261,6264.7,6258.25,6260.55,510,
2024-12-03 10:39:00+05:30,6260.55,6263.9,6260.3,6262.3,316,
2024-12-03 10:40:00+05:30,6261.6,6265,6255.45,6261.3,1554,
2024-12-03 10:41:00+05:30,6261.25,6262,6256.7,6259.6,627,
2024-12-03 10:42:00+05:30,6259.6,6262,6257.35,6262,321,
2024-12-03 10:43:00+05:30,6262.1,6263.65,6262.1,6263.5,297,
2024-12-03 10:44:00+05:30,6263.5,6263.55,6262,6262.75,433,
2024-12-03 10:45:00+05:30,6262.7,6267.3,6262.15,6263.5,949,
2024-12-03 10:46:00+05:30,6263.5,6265,6262.75,6264.25,343,
2024-12-03 10:47:00+05:30,6264.25,6266.9,6263.85,6265.15,536,
2024-12-03 10:48:00+05:30,6264.5,6266.65,6260.4,6262.5,443,
2024-12-03 10:49:00+05:30,6262.5,6264.85,6261.5,6264.45,619,
2024-12-03 10:50:00+05:30,6264.45,6266.05,6262,6264.95,430,
2024-12-03 10:51:00+05:30,6264.95,6265,6262.25,6264.7,1668,
2024-12-03 10:52:00+05:30,6264.7,6265,6264,6264.55,3933,
2024-12-03 10:53:00+05:30,6264.45,6270,6260.05,6260.6,3373,
2024-12-03 10:54:00+05:30,6260.6,6260.6,6259.1,6260,312,
2024-12-03 10:55:00+05:30,6259.55,6260,6259.55,6260,365,
2024-12-03 10:56:00+05:30,6260,6262.5,6259.8,6261.95,639,
2024-12-03 10:57:00+05:30,6261.95,6261.95,6255,6256.9,816,
2024-12-03 10:58:00+05:30,6257.65,6260,6257.65,6260,705,
2024-12-03 10:59:00+05:30,6260,6260,6259.65,6259.9,501,
2024-12-03 11:00:00+05:30,6259.9,6259.95,6257.9,6259.65,895,
2024-12-03 11:01:00+05:30,6259.85,6267.1,6259.85,6261.6,2254,
2024-12-03 11:02:00+05:30,6261.05,6263.3,6255,6257,521,
2024-12-03 11:03:00+05:30,6255.8,6260,6255.6,6260,349,
2024-12-03 11:04:00+05:30,6260,6260,6255.65,6260,843,
2024-12-03 11:05:00+05:30,6260,6260,6258.05,6259,543,
2024-12-03 11:06:00+05:30,6259,6260,6258.1,6259.95,351,
2024-12-03 11:07:00+05:30,6259.95,6260,6259.95,6260,3386,
2024-12-03 11:08:00+05:30,6259.95,6260,6258.05,6258.7,490,
2024-12-03 11:09:00+05:30,6259.5,6259.5,6250.1,6253.25,1199,
2024-12-03 11:10:00+05:30,6253.25,6253.25,6250.15,6251.1,337,
2024-12-03 11:11:00+05:30,6251.1,6258.75,6250.15,6256.8,3345,
2024-12-03 11:12:00+05:30,6256.8,6256.8,6254.4,6254.95,318,
2024-12-03 11:13:00+05:30,6254.95,6256.1,6252.8,6256.1,775,
2024-12-03 11:14:00+05:30,6256.1,6256.1,6252.95,6254.3,421,
2024-12-03 11:15:00+05:30,6254.3,6254.3,6252.8,6252.85,332,
2024-12-03 11:16:00+05:30,6252.9,6258.2,6251.05,6254.85,1214,
2024-12-03 11:17:00+05:30,6254.85,6255.4,6252.95,6254.55,321,
2024-12-03 11:18:00+05:30,6254.55,6255.2,6250,6252.55,1396,
2024-12-03 11:19:00+05:30,6252.8,6255.2,6252.8,6254.55,442,
2024-12-03 11:20:00+05:30,6254.55,6255.2,6252.55,6253.4,414,
2024-12-03 11:21:00+05:30,6253.65,6255,6253.65,6254.95,326,
2024-12-03 11:22:00+05:30,6254.95,6255,6254.75,6255,385,
2024-12-03 11:23:00+05:30,6255,6258.05,6252.8,6258.05,1232,
2024-12-03 11:24:00+05:30,6258,6259.9,6258,6259.8,435,
2024-12-03 11:25:00+05:30,6259.8,6259.8,6258.7,6259.5,287,
2024-12-03 11:26:00+05:30,6259.45,6259.5,6257,6258.1,332,
2024-12-03 11:27:00+05:30,6258.1,6258.1,6256.15,6256.8,453,
2024-12-03 11:28:00+05:30,6256.8,6258.2,6250,6251.1,887,
2024-12-03 11:29:00+05:30,6251.1,6251.1,6246.5,6249.9,942,
2024-12-03 11:30:00+05:30,6249.9,6255.6,6249.85,6253.75,5729,
2024-12-03 11:31:00+05:30,6254.45,6254.95,6250,6254.05,593,
2024-12-03 11:32:00+05:30,6254.05,6254.05,6250.35,6254.05,460,
2024-12-03 11:33:00+05:30,6254.05,6254.05,6249.05,6249.05,526,
2024-12-03 11:34:00+05:30,6249.05,6250,6248.05,6249.75,4891,
2024-12-03 11:35:00+05:30,6249.75,6250,6246.8,6250,241,
2024-12-03 11:36:00+05:30,6250,6250,6249.3,6250,547,
2024-12-03 11:37:00+05:30,6250,6250,6246.15,6250,1474,
2024-12-03 11:38:00+05:30,6250,6250,6249.65,6250,303,
2024-12-03 11:39:00+05:30,6249.95,6250,6244.9,6244.95,597,
2024-12-03 11:40:00+05:30,6244.95,6244.95,6243.4,6244.6,561,
2024-12-03 11:41:00+05:30,6244.6,6244.9,6241.4,6243.95,582,
2024-12-03 11:42:00+05:30,6243.95,6243.95,6242,6242.45,480,
2024-12-03 11:43:00+05:30,6242.45,6247.7,6242.45,6245.5,496,
2024-12-03 11:44:00+05:30,6245.5,6246.3,6245.5,6245.95,382,
2024-12-03 11:45:00+05:30,6245.95,6246,6244.5,6245.6,615,
2024-12-03 11:46:00+05:30,6245.6,6249.25,6244.05,6248.55,420,
2024-12-03 11:47:00+05:30,6246.45,6249.05,6245.7,6249.05,931,
2024-12-03 11:48:00+05:30,6249.05,6249.3,6243.25,6243.55,582,
2024-12-03 11:49:00+05:30,6243.55,6246.1,6242,6245.85,539,
2024-12-03 11:50:00+05:30,6245.85,6249.35,6244.65,6246.8,397,
2024-12-03 11:51:00+05:30,6246.8,6247.95,6244.9,6247.75,513,
2024-12-03 11:52:00+05:30,6247.75,6248.1,6247.15,6248.1,313,
2024-12-03 11:53:00+05:30,6248.1,6250,6245.85,6246.7,583,
2024-12-03 11:54:00+05:30,6246.5,6249.2,6245.5,6245.5,432,
2024-12-03 11:55:00+05:30,6245.5,6247.15,6245.35,6246,219,
2024-12-03 11:56:00+05:30,6246.05,6248.9,6245.95,6248,919,
2024-12-03 11:57:00+05:30,6247.95,6250,6244.5,6245,2863,
2024-12-03 11:58:00+05:30,6245,6245,6244.95,6245,324,
2024-12-03 11:59:00+05:30,6245,6245,6242,6245,1527,
2024-12-03 12:00:00+05:30,6245,6245,6244.95,6245,514,
2024-12-03 12:01:00+05:30,6245,6245,6242,6244.55,778,
2024-12-03 12:02:00+05:30,6244.55,6244.95,6242,6244.95,285,
2024-12-03 12:03:00+05:30,6244.95,6244.95,6243.15,6244.8,325,
2024-12-03 12:04:00+05:30,6244.8,6245,6242.5,6243.75,1151,
2024-12-03 12:05:00+05:30,6243.75,6243.75,6241.55,6242,420,
2024-12-03 12:06:00+05:30,6242,6242,6241.9,6241.95,395,
2024-12-03 12:07:00+05:30,6241.95,6242,6241.95,6242,404,
2024-12-03 12:08:00+05:30,6242,6246,6241,6246,2628,
2024-12-03 12:09:00+05:30,6246,6246,6245.8,6245.8,890,
2024-12-03 12:10:00+05:30,6245.8,6245.95,6244.9,6245,403,
2024-12-03 12:11:00+05:30,6244.95,6245,6244.5,6244.95,334,
2024-12-03 12:12:00+05:30,6245,6245,6243.7,6244.2,452,
2024-12-03 12:13:00+05:30,6244.2,6245,6244.05,6245,370,
2024-12-03 12:14:00+05:30,6244.85,6245,6237.5,6237.8,3349,
2024-12-03 12:15:00+05:30,6239.4,6240,6237.1,6240,1630,
2024-12-03 12:16:00+05:30,6240,6245,6239.9,6245,7081,
2024-12-03 12:17:00+05:30,6245,6245,6238.1,6238.25,2435,
2024-12-03 12:18:00+05:30,6238.35,6239.5,6236.85,6237.9,262,
2024-12-03 12:19:00+05:30,6237.9,6237.9,6230.45,6230.55,1582,
2024-12-03 12:20:00+05:30,6230.55,6238.3,6230.55,6237.25,1058,
2024-12-03 12:21:00+05:30,6236.2,6237.4,6235,6236.8,345,
2024-12-03 12:22:00+05:30,6236.8,6237.15,6233.65,6235,791,
2024-12-03 12:23:00+05:30,6235,6237.95,6234.95,6237.45,493,
2024-12-03 12:24:00+05:30,6237.45,6238,6235.1,6236.35,459,
2024-12-03 12:25:00+05:30,6236,6239.55,6235,6239.55,810,
2024-12-03 12:26:00+05:30,6239.5,6241.65,6238.55,6240,504,
2024-12-03 12:27:00+05:30,6240,6242.1,6235.15,6237.65,4075,
2024-12-03 12:28:00+05:30,6237.65,6237.65,6235,6237.2,281,
2024-12-03 12:29:00+05:30,6237.2,6237.65,6235,6235.25,635,
2024-12-03 12:30:00+05:30,6235.15,6237.6,6235,6237.5,584,
2024-12-03 12:31:00+05:30,6236,6239.3,6235.95,6239.3,444,
2024-12-03 12:32:00+05:30,6238.15,6239.9,6237.6,6238.9,437,
2024-12-03 12:33:00+05:30,6237.65,6238.9,6235,6238.1,470,
2024-12-03 12:34:00+05:30,6238.1,6240,6237.3,6239.85,281,
2024-12-03 12:35:00+05:30,6239.85,6240,6239.35,6240,4757,
2024-12-03 12:36:00+05:30,6239.95,6240,6234,6234.9,1337,
2024-12-03 12:37:00+05:30,6234.9,6237.1,6228,6233.4,1901,
2024-12-03 12:38:00+05:30,6233.4,6233.4,6228.85,6230.95,556,
2024-12-03 12:39:00+05:30,6230.95,6230.95,6223.05,6230.05,987,
2024-12-03 12:40:00+05:30,6230.05,6234,6229.75,6234,707,
2024-12-03 12:41:00+05:30,6234,6237.9,6231.75,6235,1337,
2024-12-03 12:42:00+05:30,6235,6236.8,6233,6236.8,327,
2024-12-03 12:43:00+05:30,6236.8,6236.8,6228.5,6229.85,2845,
2024-12-03 12:44:00+05:30,6229.85,6230.95,6226.8,6229.15,410,
2024-12-03 12:45:00+05:30,6229.15,6232.35,6226.8,6232.2,332,
2024-12-03 12:46:00+05:30,6232.35,6234.9,6231.2,6232.85,883,
2024-12-03 12:47:00+05:30,6232.85,6232.85,6228.4,6228.6,311,
2024-12-03 12:48:00+05:30,6228.6,6232.95,6228.55,6232.95,203,
2024-12-03 12:49:00+05:30,6231.8,6233.1,6228.55,6231.9,535,
2024-12-03 12:50:00+05:30,6231.9,6233.45,6229.95,6230,694,
2024-12-03 12:51:00+05:30,6230,6230,6228.55,6228.75,347,
2024-12-03 12:52:00+05:30,6228.75,6233.3,6228.7,6230,1028,
2024-12-03 12:53:00+05:30,6230,6230,6229.9,6230,386,
2024-12-03 12:54:00+05:30,6229.95,6230,6229.95,6230,385,
2024-12-03 12:55:00+05:30,6229.95,6230,6228,6228.3,348,
2024-12-03 12:56:00+05:30,6228.3,6229.85,6225.5,6228.7,611,
2024-12-03 12:57:00+05:30,6228.3,6229.7,6225.2,6227.8,421,
2024-12-03 12:58:00+05:30,6227.8,6229.6,6227.65,6228.8,416,
2024-12-03 12:59:00+05:30,6228.8,6229.5,6228.8,6229.4,329,
2024-12-03 13:00:00+05:30,6229.4,6230,6229.35,6229.95,693,
2024-12-03 13:01:00+05:30,6229.95,6230,6229.95,6230,393,
2024-12-03 13:02:00+05:30,6229.95,6230,6225,6229.85,882,
2024-12-03 13:03:00+05:30,6229.85,6229.85,6226.1,6228.05,302,
2024-12-03 13:04:00+05:30,6228.05,6230,6225.6,6229.65,779,
2024-12-03 13:05:00+05:30,6229.6,6234.5,6229.3,6231.7,1115,
2024-12-03 13:06:00+05:30,6231.7,6234.45,6230.85,6234.2,399,
2024-12-03 13:07:00+05:30,6234.2,6234.2,6227,6232.45,539,
2024-12-03 13:08:00+05:30,6232.45,6232.65,6230.8,6232.65,268,
2024-12-03 13:09:00+05:30,6232.4,6234.9,6232.4,6233.4,379,
2024-12-03 13:10:00+05:30,6233.45,6237.5,6233.4,6236.6,594,
2024-12-03 13:11:00+05:30,6236.6,6237.35,6233.25,6237,527,
2024-12-03 13:12:00+05:30,6237,6239.65,6235.8,6239.65,489,
2024-12-03 13:13:00+05:30,6239.5,6240,6237.6,6240,560,
2024-12-03 13:14:00+05:30,6240,6240,6235,6237.2,553,
2024-12-03 13:15:00+05:30,6235.05,6239.85,6235.05,6239.85,283,
2024-12-03 13:16:00+05:30,6239.85,6241,6235.85,6237.6,474,
2024-12-03 13:17:00+05:30,6237.2,6238,6237.2,6238,204,
2024-12-03 13:18:00+05:30,6237.8,6238,6235.7,6237.55,470,
2024-12-03 13:19:00+05:30,6237.45,6244.05,6237.45,6243.85,844,
2024-12-03 13:20:00+05:30,6243.6,6243.85,6238.45,6239.6,583,
2024-12-03 13:21:00+05:30,6239.6,6240,6237.4,6239.95,1345,
2024-12-03 13:22:00+05:30,6238.8,6240,6238.05,6240,1012,
2024-12-03 13:23:00+05:30,6240,6240,6239.8,6239.8,617,
2024-12-03 13:24:00+05:30,6239.8,6240,6239.4,6240,464,
2024-12-03 13:25:00+05:30,6239.95,6240,6239.7,6240,416,
2024-12-03 13:26:00+05:30,6239.95,6240,6237.5,6240,936,
2024-12-03 13:27:00+05:30,6240,6240,6238.2,6240,1081,
2024-12-03 13:28:00+05:30,6238.9,6240,6238.9,6240,420,
2024-12-03 13:29:00+05:30,6240,6243.3,6238.25,6241.4,3844,
2024-12-03 13:30:00+05:30,6241.4,6242.8,6238.55,6242.2,571,
2024-12-03 13:31:00+05:30,6242.2,6245,6242.2,6244.25,3300,
2024-12-03 13:32:00+05:30,6244.25,6244.45,6240,6244.4,5597,
2024-12-03 13:33:00+05:30,6244.4,6244.95,6241.15,6244.6,654,
2024-12-03 13:34:00+05:30,6243.7,6245,6241.65,6245,1274,
2024-12-03 13:35:00+05:30,6245,6245,6244,6245,931,
2024-12-03 13:36:00+05:30,6245,6245,6242.1,6244.85,516,
2024-12-03 13:37:00+05:30,6243.55,6247.5,6242.3,6246.4,2656,
2024-12-03 13:38:00+05:30,6246.4,6248.4,6245.2,6248.4,578,
2024-12-03 13:39:00+05:30,6248.4,6250,6248.4,6250,980,
2024-12-03 13:40:00+05:30,6249.7,6250,6249.65,6249.65,737,
2024-12-03 13:41:00+05:30,6249.65,6250,6247.55,6249.4,998,
2024-12-03 13:42:00+05:30,6248.4,6251.35,6247.05,6251.25,970,
2024-12-03 13:43:00+05:30,6250.85,6251.25,6245.75,6248.75,1477,
2024-12-03 13:44:00+05:30,6246.55,6249.3,6245,6248.25,736,
2024-12-03 13:45:00+05:30,6248.25,6250,6247.9,6249.9,687,
2024-12-03 13:46:00+05:30,6249.9,6250,6246.45,6250,1019,
2024-12-03 13:47:00+05:30,6249.95,6250,6247.8,6250,989,
2024-12-03 13:48:00+05:30,6250,6250,6247.5,6249.25,627,
2024-12-03 13:49:00+05:30,6248.85,6250,6248.85,6250,1159,
2024-12-03 13:50:00+05:30,6249.95,6250.5,6249.6,6249.9,609,
2024-12-03 13:51:00+05:30,6249.9,6250.45,6246.7,6250.45,712,
2024-12-03 13:52:00+05:30,6250.45,6250.5,6247.75,6250,690,
2024-12-03 13:53:00+05:30,6250,6250.5,6247.05,6250.5,694,
2024-12-03 13:54:00+05:30,6250,6250,6243.2,6245,1849,
2024-12-03 13:55:00+05:30,6245,6245,6244.55,6244.95,1499,
2024-12-03 13:56:00+05:30,6244.95,6245,6241.15,6242.85,690,
2024-12-03 13:57:00+05:30,6244.4,6244.4,6240.05,6243.65,747,
2024-12-03 13:58:00+05:30,6243.9,6243.9,6243.7,6243.9,725,
2024-12-03 13:59:00+05:30,6243.9,6245,6243.85,6245,486,
2024-12-03 14:00:00+05:30,6244.95,6248.55,6237.4,6246.4,4163,
2024-12-03 14:01:00+05:30,6246.4,6250,6243.95,6249.2,750,
2024-12-03 14:02:00+05:30,6249.2,6249.2,6244.1,6247.5,861,
2024-12-03 14:03:00+05:30,6247.3,6249.15,6247.3,6247.8,765,
2024-12-03 14:04:00+05:30,6245.8,6249.5,6244.2,6244.9,1705,
2024-12-03 14:05:00+05:30,6245,6245,6243,6245,1315,
2024-12-03 14:06:00+05:30,6245,6245,6244.95,6245,836,
2024-12-03 14:07:00+05:30,6245,6245,6244.95,6245,1132,
2024-12-03 14:08:00+05:30,6244.95,6245,6244.9,6245,730,
2024-12-03 14:09:00+05:30,6244.95,6246,6240,6240,11199,
2024-12-03 14:10:00+05:30,6240,6244.55,6238.8,6239.8,2203,
2024-12-03 14:11:00+05:30,6239.8,6240,6238,6239.85,1120,
2024-12-03 14:12:00+05:30,6239.85,6244.4,6239.35,6240,4151,
2024-12-03 14:13:00+05:30,6239.95,6240,6238,6239.95,1132,
2024-12-03 14:14:00+05:30,6239.95,6240,6239.95,6240,705,
2024-12-03 14:15:00+05:30,6239.95,6243.85,6239.95,6240,3138,
2024-12-03 14:16:00+05:30,6240,6245,6239.95,6244.95,946,
2024-12-03 14:17:00+05:30,6244.95,6246.5,6242.65,6244.05,737,
2024-12-03 14:18:00+05:30,6244.05,6244.05,6238,6238.1,1040,
2024-12-03 14:19:00+05:30,6238.1,6240,6236.15,6239.1,612,
2024-12-03 14:20:00+05:30,6239.1,6240,6236.6,6239.95,855,
2024-12-03 14:21:00+05:30,6239.95,6240,6238.2,6240,984,
2024-12-03 14:22:00+05:30,6239.95,6240,6236.05,6240,535,
2024-12-03 14:23:00+05:30,6240,6240,6239.85,6240,1253,
2024-12-03 14:24:00+05:30,6240,6240,6236.05,6239.95,699,
2024-12-03 14:25:00+05:30,6238.15,6240,6234.7,6235,1855,
2024-12-03 14:26:00+05:30,6235,6240,6234.95,6235,4948,
2024-12-03 14:27:00+05:30,6235,6240,6234.95,6239.25,2573,
2024-12-03 14:28:00+05:30,6240,6240,6235.6,6240,612,
2024-12-03 14:29:00+05:30,6240,6240,6234.95,6237.6,935,
2024-12-03 14:30:00+05:30,6237.6,6240,6235.95,6239.3,796,
2024-12-03 14:31:00+05:30,6239.3,6241.8,6238.05,6238.95,2531,
2024-12-03 14:32:00+05:30,6238.5,6239,6232.1,6234.95,1104,
2024-12-03 14:33:00+05:30,6234.45,6234.9,6231.75,6234.5,925,
2024-12-03 14:34:00+05:30,6234.5,6234.5,6230.25,6230.5,802,
2024-12-03 14:35:00+05:30,6230.4,6232.95,6226.9,6230.9,2653,
2024-12-03 14:36:00+05:30,6231,6231,6228.05,6230,1324,
2024-12-03 14:37:00+05:30,6230,6234.55,6228.05,6234.4,1336,
2024-12-03 14:38:00+05:30,6232.65,6233.95,6230.35,6233.5,517,
2024-12-03 14:39:00+05:30,6231.75,6233.45,6225.6,6230.75,817,
2024-12-03 14:40:00+05:30,6230.75,6234.4,6227.9,6234,766,
2024-12-03 14:41:00+05:30,6234,6234.5,6232.3,6232.7,738,
2024-12-03 14:42:00+05:30,6232.7,6234.95,6228.85,6232.35,1115,
2024-12-03 14:43:00+05:30,6231.7,6231.7,6226,6230.9,1710,
2024-12-03 14:44:00+05:30,6230.9,6230.9,6229,6230,2745,
2024-12-03 14:45:00+05:30,6230,6233.65,6227.65,6230,4094,
2024-12-03 14:46:00+05:30,6230,6230,6228.85,6230,1585,
2024-12-03 14:47:00+05:30,6230,6230,6227,6227,827,
2024-12-03 14:48:00+05:30,6227,6227.45,6221.7,6226,2461,
2024-12-03 14:49:00+05:30,6226,6230.5,6225.95,6229.6,2617,
2024-12-03 14:50:00+05:30,6229.6,6229.6,6224.65,6225,1539,
2024-12-03 14:51:00+05:30,6225,6225,6224.95,6225,1077,
2024-12-03 14:52:00+05:30,6224.95,6225.15,6222,6222.35,956,
2024-12-03 14:53:00+05:30,6222.35,6222.35,6215,6215.4,1560,
2024-12-03 14:54:00+05:30,6215.4,6217.35,6206.15,6217.35,3664,
2024-12-03 14:55:00+05:30,6216.25,6218.2,6214.15,6216.4,968,
2024-12-03 14:56:00+05:30,6216.8,6216.8,6205.2,6208.65,1472,
2024-12-03 14:57:00+05:30,6208.65,6210,6206.55,6210,1071,
2024-12-03 14:58:00+05:30,6210,6212.4,6207.3,6208.4,1767,
2024-12-03 14:59:00+05:30,6208.4,6210.7,6201.7,6204.2,1341,
2024-12-03 15:00:00+05:30,6204.05,6204.2,6194.2,6197.7,4853,
2024-12-03 15:01:00+05:30,6197.7,6201.8,6197.7,6200.35,1582,
2024-12-03 15:02:00+05:30,6200.75,6204.2,6199.15,6200.4,1671,
2024-12-03 15:03:00+05:30,6200.5,6205,6200.4,6202.9,1712,
2024-12-03 15:04:00+05:30,6202.9,6205.25,6201,6205.25,2077,
2024-12-03 15:05:00+05:30,6204.7,6205.15,6202.65,6204.25,1847,
2024-12-03 15:06:00+05:30,6204.25,6209,6203.15,6205.4,2522,
2024-12-03 15:07:00+05:30,6204.05,6207.95,6202.7,6205,2306,
2024-12-03 15:08:00+05:30,6205,6205,6202.9,6204.1,1115,
2024-12-03 15:09:00+05:30,6203.8,6205,6202.05,6203.05,2168,
2024-12-03 15:10:00+05:30,6202.95,6205.25,6202.95,6205.25,1868,
2024-12-03 15:11:00+05:30,6205.6,6207.8,6205.25,6206.75,2170,
2024-12-03 15:12:00+05:30,6207.5,6210.5,6206.75,6210,3437,
2024-12-03 15:13:00+05:30,6210,6211.45,6207.3,6211.45,3662,
2024-12-03 15:14:00+05:30,6211.95,6214.95,6211.95,6214.35,2073,
2024-12-03 15:15:00+05:30,6214.35,6215.95,6210,6215.3,3677,
2024-12-03 15:16:00+05:30,6215.3,6215.65,6214.3,6215,1998,
2024-12-03 15:17:00+05:30,6215,6215.55,6213.7,6214,3543,
2024-12-03 15:18:00+05:30,6214,6214,6213.7,6214,3521,
2024-12-03 15:19:00+05:30,6214,6223.65,6214,6222.25,19878,
2024-12-03 15:20:00+05:30,6222.5,6224.45,6214.85,6217,7647,
2024-12-03 15:21:00+05:30,6217,6217.35,6205.2,6208.1,2482,
2024-12-03 15:22:00+05:30,6208.15,6209.15,6205.6,6208.95,2566,
2024-12-03 15:23:00+05:30,6208.95,6215,6208.9,6215,6175,
2024-12-03 15:24:00+05:30,6215,6215,6210,6212.25,5570,
2024-12-03 15:25:00+05:30,6212.25,6212.25,6204.05,6207.4,5561,
2024-12-03 15:26:00+05:30,6207.4,6209.5,6200,6208.5,12528,
2024-12-03 15:27:00+05:30,6206.05,6208.35,6205.05,6207.7,1410,
2024-12-03 15:28:00+05:30,6207.65,6220.1,6200.05,6200.05,3215,
2024-12-03 15:29:00+05:30,6204.85,6219.9,6200,6215,3750,
2024-12-04 09:15:00+05:30,6225,6231.4,6205.5,6206.9,1362,
2024-12-04 09:16:00+05:30,6206.9,6215.75,6206.05,6213.95,1205,
2024-12-04 09:17:00+05:30,6213.95,6219.7,6206.2,6215.55,1651,
2024-12-04 09:18:00+05:30,6215.55,6219,6212.85,6219,577,
2024-12-04 09:19:00+05:30,6219,6221.95,6212.05,6214.55,972,
2024-12-04 09:20:00+05:30,6217,6217.5,6208.05,6208.05,817,
2024-12-04 09:21:00+05:30,6211.1,6211.1,6205,6206.4,800,
2024-12-04 09:22:00+05:30,6209,6214,6206,6214,1033,
2024-12-04 09:23:00+05:30,6214,6215.5,6211.85,6214.5,306,
2024-12-04 09:24:00+05:30,6216.45,6217.7,6205.45,6205.45,2699,
2024-12-04 09:25:00+05:30,6210.9,6213,6206.4,6212.55,411,
2024-12-04 09:26:00+05:30,6213,6213,6207.5,6209.55,758,
2024-12-04 09:27:00+05:30,6210,6213,6208.65,6210,893,
2024-12-04 09:28:00+05:30,6209.55,6213,6209.15,6213,953,
2024-12-04 09:29:00+05:30,6213,6213,6206.35,6206.7,732,
2024-12-04 09:30:00+05:30,6206.7,6206.7,6203.9,6203.9,570,
2024-12-04 09:31:00+05:30,6206.7,6209,6205.7,6206.2,314,
2024-12-04 09:32:00+05:30,6207.95,6212.4,6200,6210.45,1309,
2024-12-04 09:33:00+05:30,6210.4,6215,6210,6215,847,
2024-12-04 09:34:00+05:30,6216.9,6220,6215,6220,597,
2024-12-04 09:35:00+05:30,6218.25,6223.55,6218.25,6223.55,452,
2024-12-04 09:36:00+05:30,6225,6228,6218.05,6222.15,1775,
2024-12-04 09:37:00+05:30,6222.15,6222.15,6215.4,6220,587,
2024-12-04 09:38:00+05:30,6220,6220,6219,6220,159,
2024-12-04 09:39:00+05:30,6220,6220,6218.1,6218.1,375,
2024-12-04 09:40:00+05:30,6218.1,6219.65,6216.5,6218.05,459,
2024-12-04 09:41:00+05:30,6215.2,6220,6215.2,6220,64,
2024-12-04 09:42:00+05:30,6220,6220,6210.5,6212.95,909,
2024-12-04 09:43:00+05:30,6212.95,6213.65,6208.3,6208.3,717,
2024-12-04 09:44:00+05:30,6207.7,6213.05,6205.4,6208,1512,
2024-12-04 09:45:00+05:30,6208,6209,6206,6206.6,355,
2024-12-04 09:46:00+05:30,6206.6,6206.6,6192.5,6194,3625,
2024-12-04 09:47:00+05:30,6194,6204.9,6186.75,6186.75,5884,
2024-12-04 09:48:00+05:30,6192.3,6203,6187.45,6197.1,1229,
2024-12-04 09:49:00+05:30,6197.1,6197.15,6178.05,6192.7,4007,
2024-12-04 09:50:00+05:30,6192.7,6195,6190,6191.9,865,
2024-12-04 09:51:00+05:30,6191.9,6194.4,6189.35,6193.3,1106,
2024-12-04 09:52:00+05:30,6193.3,6197,6193.3,6197,557,
2024-12-04 09:53:00+05:30,6197,6199,6195.05,6196.75,1044,
2024-12-04 09:54:00+05:30,6197.95,6200,6192,6196.25,3106,
2024-12-04 09:55:00+05:30,6196.25,6200,6195.25,6199.3,941,
2024-12-04 09:56:00+05:30,6199.3,6200,6197,6197,3004,
2024-12-04 09:57:00+05:30,6197.6,6197.8,6184.75,6189.45,1034,
2024-12-04 09:58:00+05:30,6189.05,6192.9,6184.6,6190,2086,
2024-12-04 09:59:00+05:30,6190,6191,6188.65,6189.55,274,
2024-12-04 10:00:00+05:30,6190,6197.8,6189.5,6195.75,2909,
2024-12-04 10:01:00+05:30,6195.75,6196,6193.4,6193.55,860,
2024-12-04 10:02:00+05:30,6193.55,6194,6190,6190,585,
2024-12-04 10:03:00+05:30,6190,6192,6188.4,6189.8,1008,
2024-12-04 10:04:00+05:30,6189.8,6196,6189.8,6195.5,2233,
2024-12-04 10:05:00+05:30,6195.5,6200,6194.05,6200,478,
2024-12-04 10:06:00+05:30,6200,6200,6199.75,6200,2271,
2024-12-04 10:07:00+05:30,6200,6210,6199.95,6206.9,7361,
2024-12-04 10:08:00+05:30,6206.9,6206.9,6200,6202,506,
2024-12-04 10:09:00+05:30,6202,6204,6202,6202,131,
2024-12-04 10:10:00+05:30,6202,6203.6,6196.25,6200.55,737,
2024-12-04 10:11:00+05:30,6203.6,6210,6201.55,6204.1,2395,
2024-12-04 10:12:00+05:30,6204.1,6216,6202.8,6209.95,55234,
2024-12-04 10:13:00+05:30,6210,6215,6207.65,6210,3727,
2024-12-04 10:14:00+05:30,6210,6210,6205.75,6208.2,329,
2024-12-04 10:15:00+05:30,6208.45,6210,6208,6209.45,252,
2024-12-04 10:16:00+05:30,6209.45,6215.1,6209.45,6215.1,351,
2024-12-04 10:17:00+05:30,6217.5,6227.45,6215,6227.1,672,
2024-12-04 10:18:00+05:30,6227.1,6229.05,6225,6226.9,795,
2024-12-04 10:19:00+05:30,6229.9,6230,6226.9,6229.75,456,
2024-12-04 10:20:00+05:30,6228.9,6231.55,6228.5,6230.95,1614,
2024-12-04 10:21:00+05:30,6229,6229.95,6218,6219.2,906,
2024-12-04 10:22:00+05:30,6219.2,6223.45,6218.1,6220,567,
2024-12-04 10:23:00+05:30,6220,6224.9,6216.7,6216.7,1835,
2024-12-04 10:24:00+05:30,6216.7,6219.1,6210,6217.1,907,
2024-12-04 10:25:00+05:30,6217.1,6221.2,6217.1,6219.9,259,
2024-12-04 10:26:00+05:30,6219.55,6225.55,6215.8,6219.1,870,
2024-12-04 10:27:00+05:30,6218,6220,6217.3,6217.3,258,
2024-12-04 10:28:00+05:30,6217.3,6220,6217.3,6220,104,
2024-12-04 10:29:00+05:30,6220,6226.95,6220,6226.55,576,
2024-12-04 10:30:00+05:30,6226.55,6228,6220.35,6224.7,650,
2024-12-04 10:31:00+05:30,6224.7,6225,6224.7,6224.7,172,
2024-12-04 10:32:00+05:30,6225,6226.85,6220.2,6226.05,577,
2024-12-04 10:33:00+05:30,6227.2,6227.85,6218.05,6220,2153,
2024-12-04 10:34:00+05:30,6220,6220,6219.05,6220,95,
2024-12-04 10:35:00+05:30,6220,6223.55,6219.5,6223.45,1635,
2024-12-04 10:36:00+05:30,6219.5,6219.95,6216.2,6218.2,1057,
2024-12-04 10:37:00+05:30,6218.15,6218.75,6211.75,6212.15,325,
2024-12-04 10:38:00+05:30,6212.95,6213.3,6212.15,6213.3,103,
2024-12-04 10:39:00+05:30,6213.55,6215,6213.3,6215,275,
2024-12-04 10:40:00+05:30,6215,6215,6210,6210,399,
2024-12-04 10:41:00+05:30,6210,6212.25,6209.4,6211.7,166,
2024-12-04 10:42:00+05:30,6212.1,6212.1,6208.25,6210.25,196,
2024-12-04 10:43:00+05:30,6210.25,6210.25,6203.15,6209.3,996,
2024-12-04 10:44:00+05:30,6209.3,6210,6206.75,6208.95,254,
2024-12-04 10:45:00+05:30,6208.95,6208.95,6202.3,6205.85,200,
2024-12-04 10:46:00+05:30,6205.85,6205.85,6202.75,6205.55,89,
2024-12-04 10:47:00+05:30,6205.85,6205.85,6203.05,6205.35,262,
2024-12-04 10:48:00+05:30,6205.85,6207.8,6203.85,6205.55,109,
2024-12-04 10:49:00+05:30,6205.15,6209.95,6200,6209,4036,
2024-12-04 10:50:00+05:30,6209,6209.6,6207.75,6209.6,154,
2024-12-04 10:51:00+05:30,6209.95,6212.25,6207.75,6212.25,401,
2024-12-04 10:52:00+05:30,6212.25,6215,6210.8,6214.55,469,
2024-12-04 10:53:00+05:30,6214.55,6215,6213.4,6215,201,
2024-12-04 10:54:00+05:30,6215,6215,6212.95,6214.5,376,
2024-12-04 10:55:00+05:30,6214.5,6215,6213.5,6215,67,
2024-12-04 10:56:00+05:30,6213.65,6215,6213.65,6215,167,
2024-12-04 10:57:00+05:30,6215,6215,6214.2,6215,179,
2024-12-04 10:58:00+05:30,6215,6215,6214.95,6214.95,112,
2024-12-04 10:59:00+05:30,6214.95,6215,6212.1,6213.4,604,
2024-12-04 11:00:00+05:30,6212.1,6214.65,6212.1,6214.65,179,
2024-12-04 11:01:00+05:30,6215,6215,6213.85,6215,194,
2024-12-04 11:02:00+05:30,6215,6215.9,6214.7,6215,813,
2024-12-04 11:03:00+05:30,6215,6215,6214.95,6214.95,225,
2024-12-04 11:04:00+05:30,6214.95,6215,6214.95,6215,265,
2024-12-04 11:05:00+05:30,6215,6215,6214.95,6215,139,
2024-12-04 11:06:00+05:30,6215,6228.7,6215,6223.1,4625,
2024-12-04 11:07:00+05:30,6223.1,6223.2,6218.85,6221.85,339,
2024-12-04 11:08:00+05:30,6221.85,6221.85,6218.8,6220,394,
2024-12-04 11:09:00+05:30,6220,6220,6214.35,6215,444,
2024-12-04 11:10:00+05:30,6215,6215,6214.3,6215,166,
2024-12-04 11:11:00+05:30,6214.95,6220.9,6214,6215,3413,
2024-12-04 11:12:00+05:30,6215,6215,6213.7,6214,402,
2024-12-04 11:13:00+05:30,6214,6215.85,6213.95,6213.95,3732,
2024-12-04 11:14:00+05:30,6213.95,6215,6213.95,6215,276,
2024-12-04 11:15:00+05:30,6215,6215,6214.85,6214.95,275,
2024-12-04 11:16:00+05:30,6214.95,6215,6211.7,6213.75,381,
2024-12-04 11:17:00+05:30,6213.75,6215,6212.55,6215,214,
2024-12-04 11:18:00+05:30,6215,6218.15,6214.4,6215,966,
2024-12-04 11:19:00+05:30,6215,6215,6214.9,6215,247,
2024-12-04 11:20:00+05:30,6215,6215,6214,6214.55,354,
2024-12-04 11:21:00+05:30,6214.9,6215,6211,6214.95,253,
2024-12-04 11:22:00+05:30,6214.95,6215,6214.7,6215,430,
2024-12-04 11:23:00+05:30,6215,6215,6214.9,6215,161,
2024-12-04 11:24:00+05:30,6215,6215,6214.95,6215,225,
2024-12-04 11:25:00+05:30,6215,6215,6214.95,6215,172,
2024-12-04 11:26:00+05:30,6215,6215,6214.95,6215,321,
2024-12-04 11:27:00+05:30,6215,6219.85,6214.95,6217.9,482,
2024-12-04 11:28:00+05:30,6217.9,6219.65,6214.9,6214.95,737,
2024-12-04 11:29:00+05:30,6215,6215,6214.95,6215,161,
2024-12-04 11:30:00+05:30,6215,6218.9,6215,6217.05,519,
2024-12-04 11:31:00+05:30,6217.55,6218.4,6215,6215.05,488,
2024-12-04 11:32:00+05:30,6215.05,6221.9,6215.05,6217.85,423,
2024-12-04 11:33:00+05:30,6217.85,6219.9,6217,6219,561,
2024-12-04 11:34:00+05:30,6217.05,6218.2,6216,6216,318,
2024-12-04 11:35:00+05:30,6217.3,6217.3,6214.9,6214.95,198,
2024-12-04 11:36:00+05:30,6215,6215,6214.9,6214.9,340,
2024-12-04 11:37:00+05:30,6214.9,6233.2,6214.9,6231,2496,
2024-12-04 11:38:00+05:30,6231,6245,6228.9,6235,2487,
2024-12-04 11:39:00+05:30,6235,6240,6235,6238,467,
2024-12-04 11:40:00+05:30,6238,6238,6233.05,6234,784,
2024-12-04 11:41:00+05:30,6233.25,6239.9,6233.25,6237.55,374,
2024-12-04 11:42:00+05:30,6237.55,6240,6237.55,6240,569,
2024-12-04 11:43:00+05:30,6240,6240,6238.1,6238.15,434,
2024-12-04 11:44:00+05:30,6237.65,6238.15,6233.7,6236.5,303,
2024-12-04 11:45:00+05:30,6236.5,6240,6236.5,6240,319,
2024-12-04 11:46:00+05:30,6240,6240,6239.25,6240,230,
2024-12-04 11:47:00+05:30,6240,6240,6239.25,6240,234,
2024-12-04 11:48:00+05:30,6240,6240,6239.35,6240,202,
2024-12-04 11:49:00+05:30,6240,6240,6234.55,6238.65,697,
2024-12-04 11:50:00+05:30,6238.75,6240,6238.6,6240,213,
2024-12-04 11:51:00+05:30,6240,6240,6239.95,6240,261,
2024-12-04 11:52:00+05:30,6240,6245,6240,6245,2229,
2024-12-04 11:53:00+05:30,6245,6245,6236.6,6236.7,894,
2024-12-04 11:54:00+05:30,6236.7,6239.7,6234.45,6235,443,
2024-12-04 11:55:00+05:30,6235,6235.45,6222.35,6222.85,611,
2024-12-04 11:56:00+05:30,6222.85,6231.05,6211.95,6218.15,1391,
2024-12-04 11:57:00+05:30,6218.15,6223.5,6212.45,6216.85,5776,
2024-12-04 11:58:00+05:30,6217.9,6225,6216.2,6225,2754,
2024-12-04 11:59:00+05:30,6225,6231.6,6224.15,6228.65,314,
2024-12-04 12:00:00+05:30,6228.65,6228.65,6220,6222.35,339,
2024-12-04 12:01:00+05:30,6222.35,6229.05,6220.1,6220.45,721,
2024-12-04 12:02:00+05:30,6220,6221.95,6219.9,6219.95,719,
2024-12-04 12:03:00+05:30,6219.9,6220,6216.8,6220,246,
2024-12-04 12:04:00+05:30,6219,6229.75,6219,6226.6,2276,
2024-12-04 12:05:00+05:30,6227.1,6229.85,6224.9,6229,316,
2024-12-04 12:06:00+05:30,6229,6231.6,6228.55,6230,290,
2024-12-04 12:07:00+05:30,6230,6230,6224.7,6230,317,
2024-12-04 12:08:00+05:30,6230,6247.5,6227.15,6240,4388,
2024-12-04 12:09:00+05:30,6237.5,6240,6237.5,6240,1133,
2024-12-04 12:10:00+05:30,6238.8,6240,6232.55,6232.55,483,
2024-12-04 12:11:00+05:30,6236.55,6239.15,6233.45,6239.15,272,
2024-12-04 12:12:00+05:30,6239.15,6249.05,6239.15,6249.05,4904,
2024-12-04 12:13:00+05:30,6246.3,6249.45,6246.3,6247.8,465,
2024-12-04 12:14:00+05:30,6247.8,6255.4,6247.8,6255.35,700,
2024-12-04 12:15:00+05:30,6257.95,6268.25,6256.6,6260.05,7237,
2024-12-04 12:16:00+05:30,6260.05,6265,6258.1,6259.95,1949,
2024-12-04 12:17:00+05:30,6259.95,6260,6254.5,6254.8,2248,
2024-12-04 12:18:00+05:30,6254.8,6255,6246.65,6249.35,3847,
2024-12-04 12:19:00+05:30,6249.25,6250.15,6246,6247,1359,
2024-12-04 12:20:00+05:30,6247,6253.25,6243.8,6253.25,815,
2024-12-04 12:21:00+05:30,6251.75,6257.5,6250,6254.1,694,
2024-12-04 12:22:00+05:30,6254.1,6254.1,6250,6254,385,
2024-12-04 12:23:00+05:30,6252.3,6256,6251.35,6256,216,
2024-12-04 12:24:00+05:30,6256,6256,6250.65,6250.75,270,
2024-12-04 12:25:00+05:30,6250.7,6254.5,6250,6252.5,170,
2024-12-04 12:26:00+05:30,6252.4,6252.5,6246.5,6249.95,367,
2024-12-04 12:27:00+05:30,6249.95,6253,6246.35,6252.45,438,
2024-12-04 12:28:00+05:30,6252.45,6256.25,6248.3,6256.25,387,
2024-12-04 12:29:00+05:30,6256,6257.95,6253.75,6256.1,348,
2024-12-04 12:30:00+05:30,6256.2,6256.55,6250,6252.7,206,
2024-12-04 12:31:00+05:30,6252.7,6252.7,6250,6251.25,285,
2024-12-04 12:32:00+05:30,6251.25,6256.25,6251.25,6255.15,225,
2024-12-04 12:33:00+05:30,6254.05,6254.05,6248.3,6249.95,1107,
2024-12-04 12:34:00+05:30,6249.5,6251.35,6249.5,6250,158,
2024-12-04 12:35:00+05:30,6250,6251.35,6249.9,6251.35,1122,
2024-12-04 12:36:00+05:30,6251.35,6251.35,6242.15,6247.05,460,
2024-12-04 12:37:00+05:30,6244.75,6252.5,6244.75,6252.5,627,
2024-12-04 12:38:00+05:30,6252.5,6254.2,6249.95,6250,838,
2024-12-04 12:39:00+05:30,6250,6250,6248.9,6250,352,
2024-12-04 12:40:00+05:30,6250,6252.25,6249.95,6251.55,400,
2024-12-04 12:41:00+05:30,6251.55,6251.9,6244.5,6251.4,218,
2024-12-04 12:42:00+05:30,6251.4,6251.6,6248.45,6251.6,225,
2024-12-04 12:43:00+05:30,6251.6,6254.4,6250.05,6254.2,314,
2024-12-04 12:44:00+05:30,6253.15,6253.15,6242.85,6245,450,
2024-12-04 12:45:00+05:30,6245,6250.3,6244.85,6245.95,409,
2024-12-04 12:46:00+05:30,6245.95,6247.65,6242.75,6247.65,1403,
2024-12-04 12:47:00+05:30,6247.65,6251,6243,6244.4,1387,
2024-12-04 12:48:00+05:30,6244.4,6244.4,6235,6238,368,
2024-12-04 12:49:00+05:30,6238,6242,6237.95,6242,215,
2024-12-04 12:50:00+05:30,6242,6244.65,6240.7,6241.9,337,
2024-12-04 12:51:00+05:30,6241.9,6242.5,6234.25,6234.3,545,
2024-12-04 12:52:00+05:30,6234.3,6241.85,6234.3,6240,234,
2024-12-04 12:53:00+05:30,6240,6244.5,6237.35,6240,2104,
2024-12-04 12:54:00+05:30,6240,6240,6235.6,6239.45,423,
2024-12-04 12:55:00+05:30,6239.45,6240,6236,6236.05,265,
2024-12-04 12:56:00+05:30,6236.05,6239.5,6236.05,6239.4,272,
2024-12-04 12:57:00+05:30,6239.5,6240,6239.5,6240,302,
2024-12-04 12:58:00+05:30,6240,6240,6239.95,6240,244,
2024-12-04 12:59:00+05:30,6240,6240,6236.55,6236.6,540,
2024-12-04 13:00:00+05:30,6238.4,6241,6236.65,6240.05,1009,
2024-12-04 13:01:00+05:30,6242.55,6244.5,6240.05,6243.5,530,
2024-12-04 13:02:00+05:30,6243.5,6243.7,6238.1,6240.05,389,
2024-12-04 13:03:00+05:30,6241.4,6243.4,6240.05,6242.95,414,
2024-12-04 13:04:00+05:30,6243,6243,6238.35,6240,482,
2024-12-04 13:05:00+05:30,6240,6240,6235,6237.5,425,
2024-12-04 13:06:00+05:30,6237.5,6241.05,6234.45,6241.05,176,
2024-12-04 13:07:00+05:30,6241.05,6241.05,6236.75,6240.4,285,
2024-12-04 13:08:00+05:30,6240.4,6241.1,6236.15,6241.1,235,
2024-12-04 13:09:00+05:30,6241.1,6242.5,6232.9,6235.9,397,
2024-12-04 13:10:00+05:30,6235.9,6239.6,6235.2,6236.4,750,
2024-12-04 13:11:00+05:30,6236.4,6242.45,6236.4,6238.95,219,
2024-12-04 13:12:00+05:30,6240.3,6242.4,6239,6242.4,291,
2024-12-04 13:13:00+05:30,6242.35,6243,6241.05,6242.9,476,
2024-12-04 13:14:00+05:30,6242.9,6243,6241.1,6242.5,293,
2024-12-04 13:15:00+05:30,6242.2,6242.55,6241.7,6242.4,395,
2024-12-04 13:16:00+05:30,6242.35,6242.7,6240.2,6242.7,176,
2024-12-04 13:17:00+05:30,6242.7,6243,6242.5,6243,427,
2024-12-04 13:18:00+05:30,6243,6243,6238.5,6240.05,385,
2024-12-04 13:19:00+05:30,6240.05,6242.5,6240.05,6241.05,192,
2024-12-04 13:20:00+05:30,6242.5,6242.5,6237.5,6239.65,437,
2024-12-04 13:21:00+05:30,6239.95,6239.95,6231.75,6235.1,350,
2024-12-04 13:22:00+05:30,6235,6240,6234.05,6239.95,651,
2024-12-04 13:23:00+05:30,6239.95,6239.95,6237,6239,525,
2024-12-04 13:24:00+05:30,6239,6240,6236.3,6239.95,267,
2024-12-04 13:25:00+05:30,6240,6240,6239.65,6240,393,
2024-12-04 13:26:00+05:30,6240,6240,6239.95,6240,714,
2024-12-04 13:27:00+05:30,6240,6240,6237.5,6237.5,675,
2024-12-04 13:28:00+05:30,6237.55,6241.7,6237.55,6240,442,
2024-12-04 13:29:00+05:30,6239.95,6240,6239.95,6240,300,
2024-12-04 13:30:00+05:30,6240,6243,6240,6242.95,360,
2024-12-04 13:31:00+05:30,6243,6246,6242.95,6246,514,
2024-12-04 13:32:00+05:30,6249.7,6252,6248.9,6249.45,1036,
2024-12-04 13:33:00+05:30,6249.5,6250,6247.05,6250,349,
2024-12-04 13:34:00+05:30,6250,6250,6247.25,6250,425,
2024-12-04 13:35:00+05:30,6250,6250,6249.6,6249.95,329,
2024-12-04 13:36:00+05:30,6250,6250,6249.95,6250,175,
2024-12-04 13:37:00+05:30,6250,6250,6249.85,6249.85,533,
2024-12-04 13:38:00+05:30,6249.65,6250,6246.65,6250,672,
2024-12-04 13:39:00+05:30,6250,6254.1,6249.95,6251.65,1163,
2024-12-04 13:40:00+05:30,6252.5,6254.65,6250.65,6253.45,165,
2024-12-04 13:41:00+05:30,6249.95,6250,6248.45,6249.45,644,
2024-12-04 13:42:00+05:30,6249.45,6249.9,6242.15,6248.7,246,
2024-12-04 13:43:00+05:30,6248.7,6249.35,6241.95,6245,729,
2024-12-04 13:44:00+05:30,6245,6247.45,6244.8,6247.15,327,
2024-12-04 13:45:00+05:30,6247,6249.25,6245.7,6249.25,273,
2024-12-04 13:46:00+05:30,6249,6250,6249,6250,358,
2024-12-04 13:47:00+05:30,6250,6252,6247.7,6251.5,469,
2024-12-04 13:48:00+05:30,6251.75,6253.6,6249.75,6253,304,
2024-12-04 13:49:00+05:30,6253,6255.65,6249.9,6255.65,1199,
2024-12-04 13:50:00+05:30,6255.65,6257.3,6253.75,6255,364,
2024-12-04 13:51:00+05:30,6255,6255,6250.05,6255,263,
2024-12-04 13:52:00+05:30,6254.9,6254.9,6244.95,6245,970,
2024-12-04 13:53:00+05:30,6245,6245,6242.1,6244.6,328,
2024-12-04 13:54:00+05:30,6245,6247.4,6241.25,6245.45,2288,
2024-12-04 13:55:00+05:30,6247.4,6248.05,6242.8,6246.55,458,
2024-12-04 13:56:00+05:30,6246.55,6248.3,6239.6,6239.6,1571,
2024-12-04 13:57:00+05:30,6239.6,6240,6237.2,6239.9,494,
2024-12-04 13:58:00+05:30,6239.9,6240,6239.4,6239.4,389,
2024-12-04 13:59:00+05:30,6239.4,6240,6237,6239.3,232,
2024-12-04 14:00:00+05:30,6240,6241.35,6237,6237,342,
2024-12-04 14:01:00+05:30,6237,6244.05,6237,6243.4,158,
2024-12-04 14:02:00+05:30,6244.4,6246.45,6241.9,6244,730,
2024-12-04 14:03:00+05:30,6244,6245,6241.3,6243.15,285,
2024-12-04 14:04:00+05:30,6243.45,6245,6242.25,6243.7,313,
2024-12-04 14:05:00+05:30,6243.7,6245,6239.05,6239.05,1059,
2024-12-04 14:06:00+05:30,6239.05,6240,6239.05,6240,282,
2024-12-04 14:07:00+05:30,6240,6243.25,6237.5,6240,827,
2024-12-04 14:08:00+05:30,6239.15,6240,6238.15,6239.95,811,
2024-12-04 14:09:00+05:30,6240,6240,6239.95,6239.95,462,
2024-12-04 14:10:00+05:30,6240,6240,6239.95,6239.95,160,
2024-12-04 14:11:00+05:30,6240,6240,6239.95,6239.95,338,
2024-12-04 14:12:00+05:30,6240,6240,6239.95,6239.95,333,
2024-12-04 14:13:00+05:30,6240,6243.9,6239.95,6243.9,315,
2024-12-04 14:14:00+05:30,6243.9,6245,6243.25,6244.95,551,
2024-12-04 14:15:00+05:30,6245,6245,6244.95,6244.95,437,
2024-12-04 14:16:00+05:30,6245,6245,6239.4,6240,100590,
2024-12-04 14:17:00+05:30,6240,6245,6238.05,6244.9,461,
2024-12-04 14:18:00+05:30,6245,6245,6239.8,6245,1787,
2024-12-04 14:19:00+05:30,6245,6245.05,6236.7,6237.15,5637,
2024-12-04 14:20:00+05:30,6237.4,6245,6237.4,6242.85,2801,
2024-12-04 14:21:00+05:30,6242.85,6255,6240.2,6253.95,4141,
2024-12-04 14:22:00+05:30,6255,6259,6251.75,6258.35,511,
2024-12-04 14:23:00+05:30,6259,6261.3,6253.55,6253.55,1721,
2024-12-04 14:24:00+05:30,6255.65,6259.95,6253.6,6257.4,1055,
2024-12-04 14:25:00+05:30,6257.4,6267.25,6255.3,6267.25,1794,
2024-12-04 14:26:00+05:30,6267.1,6267.75,6261.05,6265,2847,
2024-12-04 14:27:00+05:30,6266.25,6266.25,6254.65,6257.45,1602,
2024-12-04 14:28:00+05:30,6260,6260,6252.75,6256.75,812,
2024-12-04 14:29:00+05:30,6256.8,6257,6254.6,6255,495,
2024-12-04 14:30:00+05:30,6254.9,6257,6254.9,6256.65,532,
2024-12-04 14:31:00+05:30,6257,6260.9,6254.85,6259.4,1724,
2024-12-04 14:32:00+05:30,6260.85,6261.5,6256,6258.55,465,
2024-12-04 14:33:00+05:30,6257.05,6258.45,6249.85,6250.2,1589,
2024-12-04 14:34:00+05:30,6250.2,6256,6249.75,6253.9,449,
2024-12-04 14:35:00+05:30,6253.9,6255,6245,6245,37794,
2024-12-04 14:36:00+05:30,6247.05,6250,6244.9,6248.9,312,
2024-12-04 14:37:00+05:30,6250,6250.3,6248.6,6250.3,316,
2024-12-04 14:38:00+05:30,6250.3,6251.5,6245.95,6250.6,341,
2024-12-04 14:39:00+05:30,6250.6,6254,6248.85,6252.15,388,
2024-12-04 14:40:00+05:30,6252.15,6257,6250.75,6255.2,285,
2024-12-04 14:41:00+05:30,6255.2,6258,6251.6,6257.7,300,
2024-12-04 14:42:00+05:30,6257.7,6260,6255.25,6257.85,280,
2024-12-04 14:43:00+05:30,6257.85,6260,6255.9,6257.6,209,
2024-12-04 14:44:00+05:30,6257.6,6259.25,6254.4,6255.1,393,
2024-12-04 14:45:00+05:30,6255.15,6259,6255.1,6256.9,290,
2024-12-04 14:46:00+05:30,6256.9,6258.35,6251.6,6252.75,745,
2024-12-04 14:47:00+05:30,6253.85,6256.55,6250,6250.1,306,
2024-12-04 14:48:00+05:30,6251.9,6255,6249.65,6252.6,254,
2024-12-04 14:49:00+05:30,6252.6,6254.95,6250.65,6250.65,326,
2024-12-04 14:50:00+05:30,6250.65,6254.95,6250.05,6254.1,328,
2024-12-04 14:51:00+05:30,6254.1,6254.6,6246.35,6249.95,314,
2024-12-04 14:52:00+05:30,6249.95,6253.85,6246.4,6250.15,262,
2024-12-04 14:53:00+05:30,6253.45,6255.25,6250.4,6253.85,416,
2024-12-04 14:54:00+05:30,6253.8,6254.45,6250.6,6251.55,302,
2024-12-04 14:55:00+05:30,6251.3,6254.4,6246.8,6250.9,630,
2024-12-04 14:56:00+05:30,6250.9,6253.05,6247.75,6253.05,273,
2024-12-04 14:57:00+05:30,6253.05,6253.15,6250.1,6253.15,219,
2024-12-04 14:58:00+05:30,6253.15,6255.3,6250.75,6253.45,465,
2024-12-04 14:59:00+05:30,6253.45,6257.45,6253.45,6254.55,642,
2024-12-04 15:00:00+05:30,6252.3,6256.2,6251.6,6253.8,2010,
2024-12-04 15:01:00+05:30,6256.2,6260,6254.1,6259.05,1691,
2024-12-04 15:02:00+05:30,6259.95,6260,6256.3,6258.5,1434,
2024-12-04 15:03:00+05:30,6258.5,6260,6255.95,6257.75,1320,
2024-12-04 15:04:00+05:30,6257.7,6260,6252.5,6255.45,3432,
2024-12-04 15:05:00+05:30,6255.45,6257.95,6248.7,6249.45,2702,
2024-12-04 15:06:00+05:30,6251.3,6251.3,6248.35,6250.2,1591,
2024-12-04 15:07:00+05:30,6250.2,6253,6249,6249.25,2770,
2024-12-04 15:08:00+05:30,6249.65,6250,6249.1,6250,1915,
2024-12-04 15:09:00+05:30,6249.95,6250,6249.15,6250,1862,
2024-12-04 15:10:00+05:30,6250,6250.25,6249.95,6249.95,4953,
2024-12-04 15:11:00+05:30,6249.95,6254.8,6249.95,6254.6,4766,
2024-12-04 15:12:00+05:30,6256.9,6257.3,6250.95,6255.15,2052,
2024-12-04 15:13:00+05:30,6255.1,6258,6255,6256.95,1659,
2024-12-04 15:14:00+05:30,6256.95,6262.1,6256.95,6259,2065,
2024-12-04 15:15:00+05:30,6260.15,6263.2,6257.05,6263.2,7169,
2024-12-04 15:16:00+05:30,6263.2,6265,6259.5,6264.6,1509,
2024-12-04 15:17:00+05:30,6264.6,6266,6261.4,6265,1782,
2024-12-04 15:18:00+05:30,6265,6265.4,6257.75,6260,3739,
2024-12-04 15:19:00+05:30,6260,6264.1,6259,6259.95,2670,
2024-12-04 15:20:00+05:30,6260,6260,6256.55,6260,2181,
2024-12-04 15:21:00+05:30,6260,6260,6259.95,6260,1815,
2024-12-04 15:22:00+05:30,6260,6260,6259.95,6260,2116,
2024-12-04 15:23:00+05:30,6259.95,6260,6259.95,6260,2338,
2024-12-04 15:24:00+05:30,6259.95,6264.55,6259.95,6264.4,2246,
2024-12-04 15:25:00+05:30,6263.85,6266,6262.05,6262.25,1079,
2024-12-04 15:26:00+05:30,6262.65,6262.65,6257.5,6259,4552,
2024-12-04 15:27:00+05:30,6258.8,6260,6255.4,6259.5,1614,
2024-12-04 15:28:00+05:30,6259.7,6260,6253.05,6259.7,1794,
2024-12-04 15:29:00+05:30,6256.2,6260,6250,6259.8,1714,
2024-12-05 09:15:00+05:30,6184.85,6184.85,5958.85,6032.95,97548,
2024-12-05 09:16:00+05:30,6026.05,6026.05,5950,5953.45,62565,
2024-12-05 09:17:00+05:30,5950.8,5953.8,5866.1,5908.9,62482,
2024-12-05 09:18:00+05:30,5911.7,5969.65,5908.95,5964.5,22842,
2024-12-05 09:19:00+05:30,5965.4,5988.7,5952.65,5960,22500,
2024-12-05 09:20:00+05:30,5958.2,5986.75,5955.8,5980.95,13452,
2024-12-05 09:21:00+05:30,5980.3,5986.7,5965,5979.65,17380,
2024-12-05 09:22:00+05:30,5979.65,5979.8,5955.2,5963.8,22689,
2024-12-05 09:23:00+05:30,5960.75,5980,5955.05,5975,19153,
2024-12-05 09:24:00+05:30,5972.7,5988.65,5972.7,5987.45,15995,
2024-12-05 09:25:00+05:30,5992,6000,5981.25,5996.3,22757,
2024-12-05 09:26:00+05:30,5998.2,6029.95,5991.25,6027.4,22524,
2024-12-05 09:27:00+05:30,6027.1,6032,5992.7,6000.4,18237,
2024-12-05 09:28:00+05:30,6002,6015,5995.3,6000.05,27866,
2024-12-05 09:29:00+05:30,6003.05,6035,5995.95,6025.55,18439,
2024-12-05 09:30:00+05:30,6026.1,6029.15,6005.65,6008.55,17373,
2024-12-05 09:31:00+05:30,6009.3,6009.3,5987.55,6000.95,37275,
2024-12-05 09:32:00+05:30,6000.95,6002,5998.3,6000,6740,
2024-12-05 09:33:00+05:30,6000,6010.9,6000,6004.15,6473,
2024-12-05 09:34:00+05:30,6006.65,6028.95,6003.75,6027.95,17611,
2024-12-05 09:35:00+05:30,6027,6039,6025,6035.3,9624,
2024-12-05 09:36:00+05:30,6035.6,6041.8,6024.95,6028.75,14108,
2024-12-05 09:37:00+05:30,6031,6034.15,6021.35,6022.3,6585,
2024-12-05 09:38:00+05:30,6026.45,6048,6026.45,6046.4,10031,
2024-12-05 09:39:00+05:30,6046.4,6073.1,6045.65,6071,17597,
2024-12-05 09:40:00+05:30,6069.75,6077.15,6066.7,6070,7047,
2024-12-05 09:41:00+05:30,6070,6088,6069.95,6080,6633,
2024-12-05 09:42:00+05:30,6078.85,6079.75,6055.65,6064.5,8790,
2024-12-05 09:43:00+05:30,6062,6067.95,6057.45,6067.5,5290,
2024-12-05 09:44:00+05:30,6067.5,6082,6067.5,6071.35,4941,
2024-12-05 09:45:00+05:30,6071.05,6074.95,6060.85,6070,5687,
2024-12-05 09:46:00+05:30,6070,6070.05,6062.35,6067.05,1400,
2024-12-05 09:47:00+05:30,6065.15,6084,6065.15,6082.3,3730,
2024-12-05 09:48:00+05:30,6082.2,6085,6070.45,6076.85,6363,
2024-12-05 09:49:00+05:30,6077.8,6078.9,6070.4,6073,1673,
2024-12-05 09:50:00+05:30,6074,6076.75,6055.15,6057.15,5564,
2024-12-05 09:51:00+05:30,6054.95,6061.15,6045,6061.15,12644,
2024-12-05 09:52:00+05:30,6060.75,6060.95,6050,6050,3488,
2024-12-05 09:53:00+05:30,6050,6054.15,6041,6045.2,10624,
2024-12-05 09:54:00+05:30,6046.55,6049,6035.85,6047.5,7911,
2024-12-05 09:55:00+05:30,6048.05,6052.45,6044.45,6046.35,4731,
2024-12-05 09:56:00+05:30,6047,6050,6047,6049,2384,
2024-12-05 09:57:00+05:30,6048.45,6052.1,6045.9,6050,3335,
2024-12-05 09:58:00+05:30,6050,6054.95,6049.5,6049.85,4325,
2024-12-05 09:59:00+05:30,6049.85,6051.95,6046.6,6048,3973,
2024-12-05 10:00:00+05:30,6049,6050,6043.75,6049,1209,
2024-12-05 10:01:00+05:30,6049,6049.7,6040,6043.65,2450,
2024-12-05 10:02:00+05:30,6043.65,6063.45,6043.55,6051.05,9076,
2024-12-05 10:03:00+05:30,6050,6073.8,6047.8,6070,7637,
2024-12-05 10:04:00+05:30,6070.3,6084,6070,6084,2978,
2024-12-05 10:05:00+05:30,6084,6101.65,6082,6101.5,12679,
2024-12-05 10:06:00+05:30,6097.9,6107.4,6097.7,6106,6698,
2024-12-05 10:07:00+05:30,6106.5,6108.85,6101.55,6105.05,5286,
2024-12-05 10:08:00+05:30,6107.9,6110.75,6097.9,6099.1,7420,
2024-12-05 10:09:00+05:30,6099.1,6099.95,6083.3,6086.35,6397,
2024-12-05 10:10:00+05:30,6086.35,6086.65,6074,6076,5436,
2024-12-05 10:11:00+05:30,6076,6084.4,6073.5,6076.7,7284,
2024-12-05 10:12:00+05:30,6076.7,6077.05,6061.3,6061.3,5726,
2024-12-05 10:13:00+05:30,6062.15,6070,6061.3,6063.6,3160,
2024-12-05 10:14:00+05:30,6061.3,6065,6051.45,6056.8,9062,
2024-12-05 10:15:00+05:30,6055.55,6070,6055.55,6070,6194,
2024-12-05 10:16:00+05:30,6070,6079.95,6068.9,6078.55,3429,
2024-12-05 10:17:00+05:30,6079.45,6080,6071.3,6075,3596,
2024-12-05 10:18:00+05:30,6075,6077,6072,6076.55,1476,
2024-12-05 10:19:00+05:30,6073.05,6076.95,6069.7,6076.6,1666,
2024-12-05 10:20:00+05:30,6076.6,6079,6071.15,6076.5,1420,
2024-12-05 10:21:00+05:30,6077.85,6077.85,6067,6075,1568,
2024-12-05 10:22:00+05:30,6075,6080,6073,6079.7,898,
2024-12-05 10:23:00+05:30,6079.7,6080.3,6073.75,6073.75,1481,
2024-12-05 10:24:00+05:30,6073.75,6084.95,6073.75,6084.6,2428,
2024-12-05 10:25:00+05:30,6084.6,6084.6,6077.8,6083.85,835,
2024-12-05 10:26:00+05:30,6084,6092.1,6080.55,6086.15,4297,
2024-12-05 10:27:00+05:30,6086.7,6090,6078.7,6089.75,1731,
2024-12-05 10:28:00+05:30,6086.45,6100.9,6085.55,6097.2,4586,
2024-12-05 10:29:00+05:30,6099,6099,6092,6097.7,1490,
2024-12-05 10:30:00+05:30,6097.7,6106,6095.4,6100,1949,
2024-12-05 10:31:00+05:30,6100,6104,6099.4,6101.2,2065,
2024-12-05 10:32:00+05:30,6101.2,6103.75,6095.05,6098.55,1028,
2024-12-05 10:33:00+05:30,6096.1,6099.3,6092.9,6096.4,1734,
2024-12-05 10:34:00+05:30,6096.4,6096.5,6080,6085.05,3175,
2024-12-05 10:35:00+05:30,6087.6,6088.3,6084.4,6087.55,522,
2024-12-05 10:36:00+05:30,6087.15,6087.65,6085,6087.55,418,
2024-12-05 10:37:00+05:30,6087.55,6088,6080,6080.1,2058,
2024-12-05 10:38:00+05:30,6080,6087.4,6079,6085.9,922,
2024-12-05 10:39:00+05:30,6085.9,6087.8,6083,6084,847,
2024-12-05 10:40:00+05:30,6084,6087.45,6083,6084.95,405,
2024-12-05 10:41:00+05:30,6085.25,6087,6080,6085,1088,
2024-12-05 10:42:00+05:30,6085,6085,6082.95,6084.75,400,
2024-12-05 10:43:00+05:30,6084.75,6085,6076.45,6079.3,1394,
2024-12-05 10:44:00+05:30,6079.3,6079.65,6076,6076.85,535,
2024-12-05 10:45:00+05:30,6079.25,6080.95,6075.25,6075.25,643,
2024-12-05 10:46:00+05:30,6075.25,6079.2,6070.35,6073.45,1539,
2024-12-05 10:47:00+05:30,6070.5,6075.7,6070,6075.25,1581,
2024-12-05 10:48:00+05:30,6075.25,6080.9,6073.15,6077.15,1373,
2024-12-05 10:49:00+05:30,6077.15,6084.55,6077.15,6083.55,1726,
2024-12-05 10:50:00+05:30,6083.8,6089,6081.1,6089,3891,
2024-12-05 10:51:00+05:30,6089,6092,6087,6092,3740,
2024-12-05 10:52:00+05:30,6092,6092,6085.35,6089.95,2036,
2024-12-05 10:53:00+05:30,6088,6093.3,6088,6090.8,1842,
2024-12-05 10:54:00+05:30,6090.85,6095,6088.7,6089.9,1524,
2024-12-05 10:55:00+05:30,6089.9,6095,6081.75,6089,2267,
2024-12-05 10:56:00+05:30,6089,6092,6083.65,6086.5,2008,
2024-12-05 10:57:00+05:30,6089.95,6089.95,6082.25,6084.05,827,
2024-12-05 10:58:00+05:30,6084.05,6085.35,6055.1,6060.5,6378,
2024-12-05 10:59:00+05:30,6059.95,6071.9,6057.85,6071.9,2053,
2024-12-05 11:00:00+05:30,6070.5,6071.6,6065,6065.6,1390,
2024-12-05 11:01:00+05:30,6065.6,6072.05,6065.6,6072.05,947,
2024-12-05 11:02:00+05:30,6072.05,6076.95,6069,6069.8,871,
2024-12-05 11:03:00+05:30,6072.95,6072.95,6066.25,6069.9,1334,
2024-12-05 11:04:00+05:30,6069.9,6070.6,6065,6065.7,1408,
2024-12-05 11:05:00+05:30,6065.7,6070.8,6065.4,6069.2,728,
2024-12-05 11:06:00+05:30,6069.2,6069.6,6065.95,6068.8,357,
2024-12-05 11:07:00+05:30,6068.8,6070,6067.6,6070,865,
2024-12-05 11:08:00+05:30,6067.25,6070,6067.25,6069.8,532,
2024-12-05 11:09:00+05:30,6069.8,6069.8,6061.45,6061.45,1644,
2024-12-05 11:10:00+05:30,6061.45,6062.7,6055,6057.15,2456,
2024-12-05 11:11:00+05:30,6057.15,6057.8,6051.15,6051.15,1402,
2024-12-05 11:12:00+05:30,6052,6057.1,6050.05,6053.7,11519,
2024-12-05 11:13:00+05:30,6053.7,6055,6049.65,6052,4024,
2024-12-05 11:14:00+05:30,6050.3,6055.65,6045,6046.55,4201,
2024-12-05 11:15:00+05:30,6050,6050,6041,6043.9,10563,
2024-12-05 11:16:00+05:30,6043.9,6045,6033,6038.5,4665,
2024-12-05 11:17:00+05:30,6038.5,6045.75,6035.3,6045.75,2516,
2024-12-05 11:18:00+05:30,6044,6045.9,6040,6043.25,922,
2024-12-05 11:19:00+05:30,6043.25,6044.35,6035,6039.15,3287,
2024-12-05 11:20:00+05:30,6039.15,6041.95,6031.4,6031.65,7143,
2024-12-05 11:21:00+05:30,6031.65,6039.2,6030,6039.2,997,
2024-12-05 11:22:00+05:30,6039.8,6050,6039.7,6048.35,2520,
2024-12-05 11:23:00+05:30,6050,6053.45,6049.2,6052.65,5989,
2024-12-05 11:24:00+05:30,6052.65,6053.2,6050,6052,847,
2024-12-05 11:25:00+05:30,6052,6065,6052,6064.5,2485,
2024-12-05 11:26:00+05:30,6064.5,6064.5,6057.6,6060,483,
2024-12-05 11:27:00+05:30,6060,6061.9,6055.2,6059.55,732,
2024-12-05 11:28:00+05:30,6059.55,6059.9,6050,6053.95,1453,
2024-12-05 11:29:00+05:30,6053.95,6056.8,6051.15,6055.8,703,
2024-12-05 11:30:00+05:30,6055.8,6055.85,6050,6052,2350,
2024-12-05 11:31:00+05:30,6052,6053.5,6046.05,6050.35,898,
2024-12-05 11:32:00+05:30,6050.35,6054.75,6048.1,6052,1070,
2024-12-05 11:33:00+05:30,6054.2,6054.85,6049.85,6050,739,
2024-12-05 11:34:00+05:30,6050,6053.05,6049,6052.95,529,
2024-12-05 11:35:00+05:30,6052.95,6053.05,6048,6049.3,510,
2024-12-05 11:36:00+05:30,6049.3,6051.4,6040.3,6040.3,766,
2024-12-05 11:37:00+05:30,6040,6044.6,6038,6044.55,969,
2024-12-05 11:38:00+05:30,6044.55,6048,6041.6,6042.75,698,
2024-12-05 11:39:00+05:30,6042.75,6051.35,6042.75,6047.5,586,
2024-12-05 11:40:00+05:30,6047.5,6049.6,6044.55,6048.3,663,
2024-12-05 11:41:00+05:30,6048.3,6051.35,6041.9,6041.9,1054,
2024-12-05 11:42:00+05:30,6043.95,6044.85,6041.65,6043.95,498,
2024-12-05 11:43:00+05:30,6043.95,6050.4,6043.95,6049.4,626,
2024-12-05 11:44:00+05:30,6049.7,6051.95,6047.9,6051.45,1242,
2024-12-05 11:45:00+05:30,6051.45,6052.05,6045.45,6047.85,952,
2024-12-05 11:46:00+05:30,6047.85,6050,6045.6,6050,481,
2024-12-05 11:47:00+05:30,6050,6053,6048.2,6053,416,
2024-12-05 11:48:00+05:30,6053,6053,6052,6053,688,
2024-12-05 11:49:00+05:30,6053,6055,6051.7,6052.05,588,
2024-12-05 11:50:00+05:30,6052.05,6061.75,6052.05,6057.9,973,
2024-12-05 11:51:00+05:30,6057.9,6064,6057.9,6062,938,
2024-12-05 11:52:00+05:30,6064,6065.45,6061.35,6064,2033,
2024-12-05 11:53:00+05:30,6064,6064,6061.5,6063.9,408,
2024-12-05 11:54:00+05:30,6063.9,6070.15,6063.9,6068.95,1180,
2024-12-05 11:55:00+05:30,6068.95,6069.8,6066,6066.2,831,
2024-12-05 11:56:00+05:30,6066.2,6066.2,6061.9,6066,740,
2024-12-05 11:57:00+05:30,6066.05,6067,6064.65,6067,384,
2024-12-05 11:58:00+05:30,6067,6069.8,6063.9,6067.45,1145,
2024-12-05 11:59:00+05:30,6067.45,6067.7,6063.15,6065,468,
2024-12-05 12:00:00+05:30,6065,6065.25,6060,6063.1,498,
2024-12-05 12:01:00+05:30,6063.15,6063.2,6060.2,6063,536,
2024-12-05 12:02:00+05:30,6063,6064.55,6062,6064.25,359,
2024-12-05 12:03:00+05:30,6064.25,6065,6063.05,6065,686,
2024-12-05 12:04:00+05:30,6065,6065.05,6061,6064.9,863,
2024-12-05 12:05:00+05:30,6064.9,6070,6062.7,6069.9,976,
2024-12-05 12:06:00+05:30,6068.3,6076.45,6068.3,6076.45,3064,
2024-12-05 12:07:00+05:30,6076.45,6076.45,6073.95,6076,717,
2024-12-05 12:08:00+05:30,6074.1,6076.4,6074.1,6076,657,
2024-12-05 12:09:00+05:30,6076,6078,6067.15,6072.2,1144,
2024-12-05 12:10:00+05:30,6072.2,6073,6070.35,6070.95,464,
2024-12-05 12:11:00+05:30,6072,6073,6067.35,6073,1027,
2024-12-05 12:12:00+05:30,6072.05,6075,6070.8,6074,709,
2024-12-05 12:13:00+05:30,6074,6075,6071,6074.05,582,
2024-12-05 12:14:00+05:30,6074.05,6074.05,6065.3,6068.8,1147,
2024-12-05 12:15:00+05:30,6065.4,6070.8,6065.4,6070.2,1194,
2024-12-05 12:16:00+05:30,6070.2,6071.95,6066,6066,508,
2024-12-05 12:17:00+05:30,6066,6069.7,6065.5,6068.15,612,
2024-12-05 12:18:00+05:30,6067.05,6068.5,6066,6066,625,
2024-12-05 12:19:00+05:30,6066,6068,6064,6064,1591,
2024-12-05 12:20:00+05:30,6064,6064,6061,6061.45,560,
2024-12-05 12:21:00+05:30,6063.6,6064.95,6062,6063.2,580,
2024-12-05 12:22:00+05:30,6063.2,6064.95,6057.3,6060,1127,
2024-12-05 12:23:00+05:30,6060,6060,6051,6053.6,1161,
2024-12-05 12:24:00+05:30,6053.6,6054.95,6050,6054.45,770,
2024-12-05 12:25:00+05:30,6054.3,6054.95,6052.25,6052.45,728,
2024-12-05 12:26:00+05:30,6052.45,6060,6051.65,6060,2046,
2024-12-05 12:27:00+05:30,6057.7,6068.65,6057.65,6067.95,631,
2024-12-05 12:28:00+05:30,6067.95,6068.95,6063.6,6068.9,697,
2024-12-05 12:29:00+05:30,6068.95,6068.95,6050.1,6050.6,661,
2024-12-05 12:30:00+05:30,6051.95,6054,6049.9,6054,2289,
2024-12-05 12:31:00+05:30,6054,6062.5,6054,6061,735,
2024-12-05 12:32:00+05:30,6061,6064.25,6060.3,6062.9,535,
2024-12-05 12:33:00+05:30,6062.9,6064.95,6056.85,6060.15,2034,
2024-12-05 12:34:00+05:30,6057.75,6060.05,6055.55,6056.85,495,
2024-12-05 12:35:00+05:30,6056.85,6059.2,6052.05,6052.05,661,
2024-12-05 12:36:00+05:30,6051.2,6053.25,6048.25,6050.35,1962,
2024-12-05 12:37:00+05:30,6050.4,6054.2,6050.4,6051.4,605,
2024-12-05 12:38:00+05:30,6051.4,6053.9,6048,6049.45,2042,
2024-12-05 12:39:00+05:30,6049.85,6049.85,6046.5,6046.5,877,
2024-12-05 12:40:00+05:30,6046.5,6052,6040.95,6051.45,8054,
2024-12-05 12:41:00+05:30,6049.15,6055.1,6049.15,6050,577,
2024-12-05 12:42:00+05:30,6050,6053.1,6050,6050.2,1142,
2024-12-05 12:43:00+05:30,6050.1,6053.35,6050,6052.75,542,
2024-12-05 12:44:00+05:30,6052.75,6052.85,6048,6050.75,1269,
2024-12-05 12:45:00+05:30,6050.75,6052,6045.05,6050,3059,
2024-12-05 12:46:00+05:30,6051.25,6051.35,6048.05,6049.5,947,
2024-12-05 12:47:00+05:30,6049.5,6049.55,6042.05,6045.2,1518,
2024-12-05 12:48:00+05:30,6048.2,6050.1,6045.2,6049.95,652,
2024-12-05 12:49:00+05:30,6050.05,6054.8,6047.3,6054.8,972,
2024-12-05 12:50:00+05:30,6052.95,6059.2,6052.1,6055.1,788,
2024-12-05 12:51:00+05:30,6055.1,6055.1,6050,6053.25,799,
2024-12-05 12:52:00+05:30,6053.25,6057,6050.75,6056.9,371,
2024-12-05 12:53:00+05:30,6055.3,6057,6055.3,6057,398,
2024-12-05 12:54:00+05:30,6056.15,6057,6050,6052.3,1037,
2024-12-05 12:55:00+05:30,6050.3,6052.35,6046.3,6046.3,951,
2024-12-05 12:56:00+05:30,6047.8,6054,6046.9,6054,559,
2024-12-05 12:57:00+05:30,6054,6055,6050.65,6055,386,
2024-12-05 12:58:00+05:30,6055,6057,6055,6056.95,1437,
2024-12-05 12:59:00+05:30,6056.95,6057.45,6055,6057.45,918,
2024-12-05 13:00:00+05:30,6057.45,6057.5,6050.3,6052,1914,
2024-12-05 13:01:00+05:30,6052,6052.1,6049,6050,671,
2024-12-05 13:02:00+05:30,6051.1,6053.5,6046.6,6050.15,1929,
2024-12-05 13:03:00+05:30,6050.15,6052,6047.25,6052,762,
2024-12-05 13:04:00+05:30,6052,6053.75,6049.9,6050.35,463,
2024-12-05 13:05:00+05:30,6052.35,6055,6050,6054.55,378,
2024-12-05 13:06:00+05:30,6054.55,6055,6052.2,6052.75,449,
2024-12-05 13:07:00+05:30,6054.95,6055,6052.6,6054.95,427,
2024-12-05 13:08:00+05:30,6053.1,6056.2,6053,6055.7,332,
2024-12-05 13:09:00+05:30,6055.7,6059.25,6055,6058.05,359,
2024-12-05 13:10:00+05:30,6058.1,6063.5,6057.5,6061.3,1866,
2024-12-05 13:11:00+05:30,6062.2,6062.2,6055.8,6059.6,802,
2024-12-05 13:12:00+05:30,6059.6,6059.9,6056.05,6056.75,431,
2024-12-05 13:13:00+05:30,6059.9,6071.85,6056.65,6070.8,4887,
2024-12-05 13:14:00+05:30,6070.1,6070.1,6055.2,6063.2,4489,
2024-12-05 13:15:00+05:30,6060.8,6076.65,6055.05,6060.55,3602,
2024-12-05 13:16:00+05:30,6060.55,6060.75,6051,6053.2,1251,
2024-12-05 13:17:00+05:30,6053.2,6053.2,6042,6048,4373,
2024-12-05 13:18:00+05:30,6046.45,6052.75,6046.45,6049.6,1235,
2024-12-05 13:19:00+05:30,6049,6053.6,6048.25,6053.6,1355,
2024-12-05 13:20:00+05:30,6052,6056.55,6051.25,6053.35,957,
2024-12-05 13:21:00+05:30,6052.1,6056.5,6051.95,6054,892,
2024-12-05 13:22:00+05:30,6052.75,6055.35,6051,6054.15,1308,
2024-12-05 13:23:00+05:30,6054.15,6062,6052.05,6058.35,1189,
2024-12-05 13:24:00+05:30,6056.5,6058.6,6052,6054.9,1084,
2024-12-05 13:25:00+05:30,6053.05,6064.1,6053.05,6063,1528,
2024-12-05 13:26:00+05:30,6065.25,6065.25,6055.1,6060,1310,
2024-12-05 13:27:00+05:30,6058.05,6060,6050,6050,1445,
2024-12-05 13:28:00+05:30,6050,6058.35,6050,6058,956,
2024-12-05 13:29:00+05:30,6055.55,6058,6052.85,6054.95,646,
2024-12-05 13:30:00+05:30,6054.95,6057.95,6052.6,6057.95,583,
2024-12-05 13:31:00+05:30,6057.95,6058,6055.25,6056.15,630,
2024-12-05 13:32:00+05:30,6055.05,6059.95,6054.4,6059.9,925,
2024-12-05 13:33:00+05:30,6059.9,6060,6056.8,6058.65,476,
2024-12-05 13:34:00+05:30,6058.65,6060.1,6057.45,6057.5,495,
2024-12-05 13:35:00+05:30,6057.4,6060.25,6056.4,6058.95,537,
2024-12-05 13:36:00+05:30,6058.95,6059.85,6055.55,6056.35,448,
2024-12-05 13:37:00+05:30,6056.35,6060,6055.05,6056.7,562,
2024-12-05 13:38:00+05:30,6056.7,6059.9,6056.25,6059.9,502,
2024-12-05 13:39:00+05:30,6058.25,6060,6055.3,6056,510,
2024-12-05 13:40:00+05:30,6056,6057.4,6052.05,6057.25,958,
2024-12-05 13:41:00+05:30,6057.25,6060,6056.05,6057.25,894,
2024-12-05 13:42:00+05:30,6055.1,6060,6052.55,6054.3,812,
2024-12-05 13:43:00+05:30,6054.3,6056.1,6052,6052.25,743,
2024-12-05 13:44:00+05:30,6052.25,6057.95,6052.25,6055.7,675,
2024-12-05 13:45:00+05:30,6055.85,6058.25,6053.95,6056.15,612,
2024-12-05 13:46:00+05:30,6058.4,6058.4,6055,6055.05,506,
2024-12-05 13:47:00+05:30,6055.05,6056,6052.5,6053.45,636,
2024-12-05 13:48:00+05:30,6053.45,6056.7,6052.2,6056.7,543,
2024-12-05 13:49:00+05:30,6056.7,6058,6055.1,6056.1,431,
2024-12-05 13:50:00+05:30,6056.1,6058,6050.75,6053,1094,
2024-12-05 13:51:00+05:30,6051.95,6058,6051.95,6056.9,306,
2024-12-05 13:52:00+05:30,6056.9,6059,6054.65,6058.85,1309,
2024-12-05 13:53:00+05:30,6055.75,6060,6055.75,6059.05,1392,
2024-12-05 13:54:00+05:30,6059.05,6060.8,6056,6057,513,
2024-12-05 13:55:00+05:30,6057,6057.9,6053.85,6053.9,541,
2024-12-05 13:56:00+05:30,6053.9,6055.75,6050,6050,1116,
2024-12-05 13:57:00+05:30,6050.5,6058.8,6050.5,6053.85,2793,
2024-12-05 13:58:00+05:30,6053.85,6057.6,6051.2,6054.4,706,
2024-12-05 13:59:00+05:30,6051.3,6054.45,6050.5,6051.2,516,
2024-12-05 14:00:00+05:30,6051.05,6057,6051.05,6054.4,430,
2024-12-05 14:01:00+05:30,6055.6,6056.65,6051,6052.1,666,
2024-12-05 14:02:00+05:30,6052.1,6055,6051.2,6052.95,355,
2024-12-05 14:03:00+05:30,6052.95,6055,6050,6050,1400,
2024-12-05 14:04:00+05:30,6050,6051.9,6045.65,6048.9,2318,
2024-12-05 14:05:00+05:30,6050.3,6052.9,6048.35,6051.4,1291,
2024-12-05 14:06:00+05:30,6051.4,6052.5,6049.7,6050,559,
2024-12-05 14:07:00+05:30,6050,6052.9,6050,6052.9,491,
2024-12-05 14:08:00+05:30,6051.1,6076.2,6051.05,6076.2,9429,
2024-12-05 14:09:00+05:30,6070.3,6079.15,6065,6071.5,9479,
2024-12-05 14:10:00+05:30,6071.35,6082.15,6071.35,6077.05,11838,
2024-12-05 14:11:00+05:30,6077,6080.95,6073.7,6074.35,8543,
2024-12-05 14:12:00+05:30,6074.05,6081,6073.7,6076.95,2921,
2024-12-05 14:13:00+05:30,6078.35,6079.95,6074.5,6078.55,4037,
2024-12-05 14:14:00+05:30,6078.55,6086.65,6076.05,6086.65,3875,
2024-12-05 14:15:00+05:30,6086.65,6098.95,6086,6092.55,8169,
2024-12-05 14:16:00+05:30,6091.3,6092.35,6084.2,6090,4126,
2024-12-05 14:17:00+05:30,6090,6090,6085.2,6085.2,1895,
2024-12-05 14:18:00+05:30,6086,6095,6086,6093.2,1508,
2024-12-05 14:19:00+05:30,6094.95,6096,6091.5,6095.05,2608,
2024-12-05 14:20:00+05:30,6095.05,6098,6093,6095.8,2618,
2024-12-05 14:21:00+05:30,6095.8,6096.55,6093.95,6094,1110,
2024-12-05 14:22:00+05:30,6094.05,6095,6093,6093.95,1294,
2024-12-05 14:23:00+05:30,6093.95,6096.75,6090.7,6094.2,2119,
2024-12-05 14:24:00+05:30,6096,6103.2,6092.05,6097.65,7552,
2024-12-05 14:25:00+05:30,6100,6100.1,6095.95,6098.75,1094,
2024-12-05 14:26:00+05:30,6098.75,6102.05,6096.65,6100.55,2189,
2024-12-05 14:27:00+05:30,6099.1,6100.15,6095,6095.75,2828,
2024-12-05 14:28:00+05:30,6095.75,6106.3,6095,6101.35,4191,
2024-12-05 14:29:00+05:30,6101.35,6106.45,6098.2,6101.45,2806,
2024-12-05 14:30:00+05:30,6099.75,6105,6099.05,6099.95,2725,
2024-12-05 14:31:00+05:30,6100.4,6105.35,6099.9,6102.5,9291,
2024-12-05 14:32:00+05:30,6102.5,6102.5,6091.05,6091.25,3589,
2024-12-05 14:33:00+05:30,6091.25,6091.55,6077.3,6079.75,4728,
2024-12-05 14:34:00+05:30,6079.05,6090,6075,6088.1,1042,
2024-12-05 14:35:00+05:30,6089.7,6090,6085.6,6088.1,589,
2024-12-05 14:36:00+05:30,6088.1,6092,6088.1,6091.35,670,
2024-12-05 14:37:00+05:30,6091.35,6091.35,6085.2,6087.3,1310,
2024-12-05 14:38:00+05:30,6087.3,6087.35,6083,6087.15,935,
2024-12-05 14:39:00+05:30,6087.15,6087.35,6082.15,6084.75,746,
2024-12-05 14:40:00+05:30,6082.15,6084.5,6079.1,6082.25,2133,
2024-12-05 14:41:00+05:30,6080.15,6084,6080.15,6084,545,
2024-12-05 14:42:00+05:30,6084,6090,6083.1,6087.45,1369,
2024-12-05 14:43:00+05:30,6088,6094,6087.05,6090.55,1714,
2024-12-05 14:44:00+05:30,6092.55,6093.05,6090,6092.9,1007,
2024-12-05 14:45:00+05:30,6092.9,6094.2,6091.8,6092.9,1596,
2024-12-05 14:46:00+05:30,6092,6098.6,6089.9,6098.6,1581,
2024-12-05 14:47:00+05:30,6098.65,6099.9,6095.25,6099.85,1321,
2024-12-05 14:48:00+05:30,6099,6099.9,6092.1,6096.9,1276,
2024-12-05 14:49:00+05:30,6096.9,6098.65,6091.4,6097.6,1082,
2024-12-05 14:50:00+05:30,6097.6,6097.65,6091.6,6093.9,1268,
2024-12-05 14:51:00+05:30,6093.9,6093.9,6082,6082,2078,
2024-12-05 14:52:00+05:30,6081,6092.85,6080,6089,3148,
2024-12-05 14:53:00+05:30,6090,6096.05,6089.5,6089.6,2652,
2024-12-05 14:54:00+05:30,6090.55,6090.55,6084.65,6084.95,1629,
2024-12-05 14:55:00+05:30,6084.95,6085,6080.05,6080.05,1702,
2024-12-05 14:56:00+05:30,6083.3,6084.55,6070,6070,5238,
2024-12-05 14:57:00+05:30,6072.5,6078.2,6068.9,6074.05,2641,
2024-12-05 14:58:00+05:30,6074.05,6087.7,6074.05,6084.8,2566,
2024-12-05 14:59:00+05:30,6084.8,6090,6077.05,6077.35,2316,
2024-12-05 15:00:00+05:30,6077.8,6092.95,6077.35,6086.5,4302,
2024-12-05 15:01:00+05:30,6086.5,6090.65,6081.9,6084.25,2949,
2024-12-05 15:02:00+05:30,6084.25,6092,6084.25,6090.8,3505,
2024-12-05 15:03:00+05:30,6090.8,6098.85,6090.65,6096.8,3649,
2024-12-05 15:04:00+05:30,6097,6099,6095.9,6097.55,4046,
2024-12-05 15:05:00+05:30,6096.45,6099.5,6095.65,6096.75,2393,
2024-12-05 15:06:00+05:30,6097.2,6099,6095.2,6097.75,2455,
2024-12-05 15:07:00+05:30,6096.7,6097.95,6094.3,6097.05,3206,
2024-12-05 15:08:00+05:30,6097,6102.6,6097,6100,5375,
2024-12-05 15:09:00+05:30,6100.45,6102.6,6099.85,6099.85,2275,
2024-12-05 15:10:00+05:30,6099.9,6102,6099.9,6099.95,2725,
2024-12-05 15:11:00+05:30,6100.2,6101.55,6099,6099.85,2139,
2024-12-05 15:12:00+05:30,6099.9,6100.3,6096.95,6099.05,2473,
2024-12-05 15:13:00+05:30,6099.1,6101.5,6097,6100.8,2231,
2024-12-05 15:14:00+05:30,6099.85,6103,6098.25,6099.9,4029,
2024-12-05 15:15:00+05:30,6099.1,6104.2,6098,6099.5,6321,
2024-12-05 15:16:00+05:30,6099.55,6101.6,6097.8,6098.95,2783,
2024-12-05 15:17:00+05:30,6098.85,6099.45,6098.5,6099.35,2757,
2024-12-05 15:18:00+05:30,6099.35,6099.7,6093,6093.85,3505,
2024-12-05 15:19:00+05:30,6093.5,6098,6091.05,6096.65,3320,
2024-12-05 15:20:00+05:30,6096.65,6099,6094.5,6097.1,6525,
2024-12-05 15:21:00+05:30,6097.15,6099,6097.15,6098.95,1765,
2024-12-05 15:22:00+05:30,6097.65,6099,6094.2,6098.9,2886,
2024-12-05 15:23:00+05:30,6098.95,6099,6092.4,6098.05,10280,
2024-12-05 15:24:00+05:30,6098.05,6098.95,6092.5,6098.6,11011,
2024-12-05 15:25:00+05:30,6098.6,6100,6098.4,6100,1188,
2024-12-05 15:26:00+05:30,6099.8,6101,6098,6100,2544,
2024-12-05 15:27:00+05:30,6100,6100.45,6098,6099.75,4041,
2024-12-05 15:28:00+05:30,6099.75,6099.75,6086.7,6093.4,1931,
2024-12-05 15:29:00+05:30,6093.4,6100,6090,6099.7,1302,
2024-12-06 09:15:00+05:30,6140,6175,6134.7,6155.05,34517,
2024-12-06 09:16:00+05:30,6154,6158.55,6140,6149.95,6470,
2024-12-06 09:17:00+05:30,6149.9,6157.5,6146,6154.7,11768,
2024-12-06 09:18:00+05:30,6154.7,6192.95,6150.05,6153.55,73663,
2024-12-06 09:19:00+05:30,6152.25,6152.95,6145,6146.8,5813,
2024-12-06 09:20:00+05:30,6146.8,6146.85,6135.5,6137.85,4363,
2024-12-06 09:21:00+05:30,6137.85,6152.05,6132.85,6152.05,6181,
2024-12-06 09:22:00+05:30,6152.05,6155.2,6146.2,6147.9,3010,
2024-12-06 09:23:00+05:30,6147.9,6154.9,6147.25,6151.6,4444,
2024-12-06 09:24:00+05:30,6151.4,6154.8,6140.8,6143.95,2115,
2024-12-06 09:25:00+05:30,6141.95,6141.95,6127.5,6128.9,5375,
2024-12-06 09:26:00+05:30,6128.9,6132.5,6123,6128.25,4510,
2024-12-06 09:27:00+05:30,6128.1,6129.3,6117.9,6124.85,6295,
2024-12-06 09:28:00+05:30,6124.85,6128.95,6122.7,6127.15,1802,
2024-12-06 09:29:00+05:30,6127.15,6130,6125.1,6127.45,1288,
2024-12-06 09:30:00+05:30,6126.45,6128.95,6121,6123.2,2871,
2024-12-06 09:31:00+05:30,6123.2,6123.45,6120,6120,2363,
2024-12-06 09:32:00+05:30,6120.05,6120.05,6116.8,6117.25,2321,
2024-12-06 09:33:00+05:30,6117.5,6129.5,6113.95,6129.2,3600,
2024-12-06 09:34:00+05:30,6129.05,6132.85,6120.6,6123.25,1754,
2024-12-06 09:35:00+05:30,6123.15,6129.65,6119.85,6127,915,
2024-12-06 09:36:00+05:30,6128.85,6129,6124.55,6129,783,
2024-12-06 09:37:00+05:30,6128.05,6130.6,6126.9,6128.75,652,
2024-12-06 09:38:00+05:30,6126.9,6130.6,6126.9,6129.9,353,
2024-12-06 09:39:00+05:30,6129.9,6138.2,6126.9,6131.35,53781,
2024-12-06 09:40:00+05:30,6130.6,6145,6130.6,6137.6,4113,
2024-12-06 09:41:00+05:30,6137.5,6143,6135,6143,535,
2024-12-06 09:42:00+05:30,6143,6144,6140,6140,1310,
2024-12-06 09:43:00+05:30,6140,6142.85,6139.5,6139.65,533,
2024-12-06 09:44:00+05:30,6140,6140.9,6136.8,6137.75,385,
2024-12-06 09:45:00+05:30,6137,6137,6130,6131.45,626,
2024-12-06 09:46:00+05:30,6131.45,6131.45,6126,6126.1,1700,
2024-12-06 09:47:00+05:30,6126.1,6131.65,6126.1,6126.6,492,
2024-12-06 09:48:00+05:30,6127.45,6127.45,6121,6122,1670,
2024-12-06 09:49:00+05:30,6122,6122,6120,6120,494,
2024-12-06 09:50:00+05:30,6121.2,6133.15,6120,6125,768,
2024-12-06 09:51:00+05:30,6127.45,6130.95,6124.5,6126.65,527,
2024-12-06 09:52:00+05:30,6126.65,6128.9,6124.6,6125,379,
2024-12-06 09:53:00+05:30,6125.6,6127.15,6124.05,6125.35,484,
2024-12-06 09:54:00+05:30,6125.35,6126,6122.1,6125.45,752,
2024-12-06 09:55:00+05:30,6125.55,6125.55,6125,6125.5,156,
2024-12-06 09:56:00+05:30,6125.5,6126.25,6124.45,6124.75,734,
2024-12-06 09:57:00+05:30,6124.75,6125.35,6122.95,6125,1276,
2024-12-06 09:58:00+05:30,6124.95,6126.8,6122.15,6126.35,2295,
2024-12-06 09:59:00+05:30,6126.35,6126.35,6124,6125,924,
2024-12-06 10:00:00+05:30,6125,6125.15,6122.5,6124.4,1013,
2024-12-06 10:01:00+05:30,6124.4,6125.1,6123.45,6125.05,170,
2024-12-06 10:02:00+05:30,6125.15,6129.8,6125.15,6126.25,400,
2024-12-06 10:03:00+05:30,6126.25,6132.4,6124.05,6125.9,379,
2024-12-06 10:04:00+05:30,6125.9,6128.85,6123.2,6126.55,153,
2024-12-06 10:05:00+05:30,6126.8,6127.65,6122.7,6124.4,360,
2024-12-06 10:06:00+05:30,6124.4,6125.35,6122.1,6124.85,1714,
2024-12-06 10:07:00+05:30,6122.85,6125.85,6121.5,6124.2,4767,
2024-12-06 10:08:00+05:30,6124.2,6125.05,6120.65,6122.3,1383,
2024-12-06 10:09:00+05:30,6122.3,6125.05,6122.05,6125.05,418,
2024-12-06 10:10:00+05:30,6125.05,6132,6124.9,6127.75,707,
2024-12-06 10:11:00+05:30,6128.15,6130.5,6126,6130.3,344,
2024-12-06 10:12:00+05:30,6130.3,6130.3,6126,6126,259,
2024-12-06 10:13:00+05:30,6126,6127.55,6123,6124.65,373,
2024-12-06 10:14:00+05:30,6124.65,6125.05,6124.05,6124.05,861,
2024-12-06 10:15:00+05:30,6124.9,6125.05,6123,6123.05,763,
2024-12-06 10:16:00+05:30,6123.05,6125.05,6122,6124.9,793,
2024-12-06 10:17:00+05:30,6124.9,6125.05,6123.1,6124.35,1225,
2024-12-06 10:18:00+05:30,6122.55,6125.05,6121.95,6125.05,1228,
2024-12-06 10:19:00+05:30,6126,6127.9,6123.85,6125.9,278,
2024-12-06 10:20:00+05:30,6125.9,6131.85,6125.9,6131.65,313,
2024-12-06 10:21:00+05:30,6131.65,6135,6130.3,6135,941,
2024-12-06 10:22:00+05:30,6136.6,6140,6135.35,6136.9,543,
2024-12-06 10:23:00+05:30,6136.9,6137.1,6135,6135.15,175,
2024-12-06 10:24:00+05:30,6135.15,6136.95,6133.5,6133.5,209,
2024-12-06 10:25:00+05:30,6133.45,6134.9,6130.4,6134.9,226,
2024-12-06 10:26:00+05:30,6135,6135.25,6130.55,6131.75,157,
2024-12-06 10:27:00+05:30,6131.75,6132.1,6130,6131.55,292,
2024-12-06 10:28:00+05:30,6125.3,6132,6125.25,6131.85,868,
2024-12-06 10:29:00+05:30,6131.85,6131.85,6128.25,6131.15,101,
2024-12-06 10:30:00+05:30,6131.15,6131.15,6126.5,6129.7,2147,
2024-12-06 10:31:00+05:30,6129.7,6130.05,6126.75,6130,534,
2024-12-06 10:32:00+05:30,6128.7,6130.05,6126.95,6130,1599,
2024-12-06 10:33:00+05:30,6130,6130.1,6127.9,6130.05,563,
2024-12-06 10:34:00+05:30,6130.1,6130.1,6127.3,6130,490,
2024-12-06 10:35:00+05:30,6130.05,6130.1,6127.05,6128.35,341,
2024-12-06 10:36:00+05:30,6128.35,6130.1,6126.75,6129.95,2087,
2024-12-06 10:37:00+05:30,6129.05,6130.1,6127.55,6129.85,528,
2024-12-06 10:38:00+05:30,6130.05,6130.05,6127,6127.7,465,
2024-12-06 10:39:00+05:30,6127.45,6130.05,6127.15,6128.9,670,
2024-12-06 10:40:00+05:30,6128.9,6132.75,6128.9,6130,972,
2024-12-06 10:41:00+05:30,6130,6130.45,6128.25,6130.1,400,
2024-12-06 10:42:00+05:30,6130.15,6136.05,6128.45,6135.5,722,
2024-12-06 10:43:00+05:30,6135.5,6139,6135,6139,1172,
2024-12-06 10:44:00+05:30,6139,6139.35,6135.55,6138.8,220,
2024-12-06 10:45:00+05:30,6138.8,6139.85,6136.35,6137.5,666,
2024-12-06 10:46:00+05:30,6137.5,6137.85,6133,6135.4,1782,
2024-12-06 10:47:00+05:30,6136.7,6137,6132.5,6137,16179,
2024-12-06 10:48:00+05:30,6137,6144.6,6135,6141.3,1277,
2024-12-06 10:49:00+05:30,6141.3,6144.9,6141.3,6142.8,193,
2024-12-06 10:50:00+05:30,6142.8,6143.45,6140,6141.9,449,
2024-12-06 10:51:00+05:30,6141.9,6141.95,6139,6139.1,372,
2024-12-06 10:52:00+05:30,6139.1,6141.3,6138,6138,295,
2024-12-06 10:53:00+05:30,6138,6141,6132.05,6135,1653,
2024-12-06 10:54:00+05:30,6135,6140.7,6135,6139.6,471,
2024-12-06 10:55:00+05:30,6139.6,6139.6,6135.1,6136.3,398,
2024-12-06 10:56:00+05:30,6136.3,6138.8,6134.7,6135.1,1498,
2024-12-06 10:57:00+05:30,6135.1,6135.15,6135,6135,1370,
2024-12-06 10:58:00+05:30,6135,6135.1,6128,6128,1960,
2024-12-06 10:59:00+05:30,6124.55,6128.95,6120.3,6122.55,2849,
2024-12-06 11:00:00+05:30,6122.55,6122.55,6118,6119.55,1989,
2024-12-06 11:01:00+05:30,6122,6122.9,6119.55,6120.2,1377,
2024-12-06 11:02:00+05:30,6120.2,6122,6114,6114,2021,
2024-12-06 11:03:00+05:30,6114,6115.35,6110.1,6110.1,1660,
2024-12-06 11:04:00+05:30,6110.1,6111.1,6107.55,6108.05,1223,
2024-12-06 11:05:00+05:30,6107.7,6109,6106.65,6108,811,
2024-12-06 11:06:00+05:30,6108,6113.65,6105.1,6106.6,1318,
2024-12-06 11:07:00+05:30,6106.6,6114.25,6106.15,6113,450,
2024-12-06 11:08:00+05:30,6113,6113.1,6109.55,6112.65,685,
2024-12-06 11:09:00+05:30,6112.75,6118.9,6110.4,6118.9,617,
2024-12-06 11:10:00+05:30,6118.9,6124.3,6118.6,6119.65,515,
2024-12-06 11:11:00+05:30,6119.65,6119.65,6112.85,6117.2,658,
2024-12-06 11:12:00+05:30,6117.2,6121.15,6115.15,6120.9,331,
2024-12-06 11:13:00+05:30,6120.9,6124.3,6112.15,6121.1,1745,
2024-12-06 11:14:00+05:30,6121.1,6126.45,6118,6121.75,11639,
2024-12-06 11:15:00+05:30,6121.75,6121.75,6120,6120.8,243,
2024-12-06 11:16:00+05:30,6120,6125.35,6120,6121.5,1564,
2024-12-06 11:17:00+05:30,6121.5,6121.8,6120,6121.3,92,
2024-12-06 11:18:00+05:30,6121.3,6121.3,6120,6120.4,113,
2024-12-06 11:19:00+05:30,6120.4,6120.4,6120,6120,138,
2024-12-06 11:20:00+05:30,6120,6120.05,6120,6120,289,
2024-12-06 11:21:00+05:30,6120,6120.05,6120,6120,2028,
2024-12-06 11:22:00+05:30,6120,6120.05,6117.65,6117.65,1759,
2024-12-06 11:23:00+05:30,6120.05,6120.05,6115.2,6120,6368,
2024-12-06 11:24:00+05:30,6120.05,6120.05,6118.05,6118.05,542,
2024-12-06 11:25:00+05:30,6118.05,6120.05,6118.05,6120.05,3592,
2024-12-06 11:26:00+05:30,6120.05,6120.1,6117.2,6120,17932,
2024-12-06 11:27:00+05:30,6118.15,6120.15,6118.15,6120,6089,
2024-12-06 11:28:00+05:30,6120,6120.05,6120,6120,386,
2024-12-06 11:29:00+05:30,6120.05,6124.7,6120,6122.5,627,
2024-12-06 11:30:00+05:30,6121.35,6123.55,6121.35,6121.75,135,
2024-12-06 11:31:00+05:30,6121.75,6128.9,6121.45,6125.4,680,
2024-12-06 11:32:00+05:30,6125.4,6126.8,6118.05,6120,5498,
2024-12-06 11:33:00+05:30,6120,6120,6119.75,6120,7797,
2024-12-06 11:34:00+05:30,6120,6120.05,6119.7,6119.7,837,
2024-12-06 11:35:00+05:30,6119.7,6124.7,6119.7,6124.7,547,
2024-12-06 11:36:00+05:30,6124.7,6124.7,6122.55,6122.55,116,
2024-12-06 11:37:00+05:30,6122.55,6127.7,6122.05,6127.7,174,
2024-12-06 11:38:00+05:30,6127.7,6127.7,6123.95,6125.3,59,
2024-12-06 11:39:00+05:30,6125.3,6127.35,6124,6125.7,656,
2024-12-06 11:40:00+05:30,6125.7,6125.7,6122.5,6123.5,118,
2024-12-06 11:41:00+05:30,6123.5,6123.5,6120.2,6123.5,405,
2024-12-06 11:42:00+05:30,6123.5,6123.5,6120.1,6120.3,139,
2024-12-06 11:43:00+05:30,6120.3,6122.65,6120.05,6120.6,366,
2024-12-06 11:44:00+05:30,6120.6,6122,6117.25,6120.3,13417,
2024-12-06 11:45:00+05:30,6120.3,6120.5,6120,6120,262,
2024-12-06 11:46:00+05:30,6120,6120.45,6118.6,6120,7040,
2024-12-06 11:47:00+05:30,6120,6120.05,6118.35,6120,1183,
2024-12-06 11:48:00+05:30,6120,6131.9,6118.4,6131.9,2863,
2024-12-06 11:49:00+05:30,6130.15,6132,6128.65,6129,366,
2024-12-06 11:50:00+05:30,6129,6129,6121.7,6123.7,333,
2024-12-06 11:51:00+05:30,6123.7,6123.7,6120.5,6122.75,237,
2024-12-06 11:52:00+05:30,6122.75,6122.75,6120,6120.1,143,
2024-12-06 11:53:00+05:30,6120.1,6122.5,6120.1,6121.1,147,
2024-12-06 11:54:00+05:30,6121.1,6121.1,6120,6120,385,
2024-12-06 11:55:00+05:30,6120,6122.55,6120,6122.55,233,
2024-12-06 11:56:00+05:30,6122.55,6122.55,6120,6121.25,190,
2024-12-06 11:57:00+05:30,6121.25,6125.9,6120,6123.05,244,
2024-12-06 11:58:00+05:30,6123.05,6126.95,6121.3,6121.3,415,
2024-12-06 11:59:00+05:30,6121.3,6121.3,6120,6120,173,
2024-12-06 12:00:00+05:30,6120,6125.35,6120,6122.15,319,
2024-12-06 12:01:00+05:30,6122.15,6126.8,6121.65,6124.3,167,
2024-12-06 12:02:00+05:30,6125.35,6125.35,6121.85,6123.7,417,
2024-12-06 12:03:00+05:30,6124.05,6129,6124.05,6125.4,490,
2024-12-06 12:04:00+05:30,6125.4,6127,6121,6124.7,5357,
2024-12-06 12:05:00+05:30,6124.7,6126.8,6120.2,6120.2,177,
2024-12-06 12:06:00+05:30,6120.2,6122.8,6120.15,6122.3,239,
2024-12-06 12:07:00+05:30,6122.3,6123.95,6118,6120.8,13474,
2024-12-06 12:08:00+05:30,6120.8,6122.75,6120.1,6121.55,72,
2024-12-06 12:09:00+05:30,6121.55,6121.55,6120,6120,395,
2024-12-06 12:10:00+05:30,6120,6120.1,6120,6120.05,504,
2024-12-06 12:11:00+05:30,6120.05,6120.45,6120,6120.05,217,
2024-12-06 12:12:00+05:30,6120.05,6120.1,6120,6120,1054,
2024-12-06 12:13:00+05:30,6120,6120.05,6119.4,6120,1986,
2024-12-06 12:14:00+05:30,6120,6120.05,6120,6120,616,
2024-12-06 12:15:00+05:30,6120,6122.5,6120,6120,11912,
2024-12-06 12:16:00+05:30,6120,6120.05,6120,6120,2251,
2024-12-06 12:17:00+05:30,6120,6120.05,6120,6120,425,
2024-12-06 12:18:00+05:30,6120,6120.05,6118.5,6119.85,175,
2024-12-06 12:19:00+05:30,6119.85,6119.85,6118.2,6118.25,91,
2024-12-06 12:20:00+05:30,6115.35,6115.35,6107.5,6108.3,1073,
2024-12-06 12:21:00+05:30,6108.3,6113.45,6107.05,6107.95,3554,
2024-12-06 12:22:00+05:30,6107.95,6108,6107,6108,237,
2024-12-06 12:23:00+05:30,6108,6112,6107.65,6112,326,
2024-12-06 12:24:00+05:30,6112,6113,6109.25,6109.3,294,
2024-12-06 12:25:00+05:30,6109.3,6111,6109.05,6109.2,76,
2024-12-06 12:26:00+05:30,6109.3,6112,6109.3,6110,216,
2024-12-06 12:27:00+05:30,6110,6116.2,6110,6115.55,532,
2024-12-06 12:28:00+05:30,6115.55,6125,6110.9,6116.55,6680,
2024-12-06 12:29:00+05:30,6116.55,6122.6,6114.25,6118.85,1155,
2024-12-06 12:30:00+05:30,6118.85,6128.2,6118.85,6128.2,2821,
2024-12-06 12:31:00+05:30,6128.2,6131.1,6126.4,6129.85,2037,
2024-12-06 12:32:00+05:30,6127.6,6131.15,6121.55,6123.45,2599,
2024-12-06 12:33:00+05:30,6123.45,6129.2,6121.6,6128.95,4334,
2024-12-06 12:34:00+05:30,6128.95,6129.45,6124.05,6127.75,594,
2024-12-06 12:35:00+05:30,6128.35,6135.1,6127.35,6131.8,3996,
2024-12-06 12:36:00+05:30,6131.8,6131.8,6119.75,6119.75,1728,
2024-12-06 12:37:00+05:30,6121,6121,6113.9,6118.95,693,
2024-12-06 12:38:00+05:30,6118.95,6128.75,6118.95,6124.05,7404,
2024-12-06 12:39:00+05:30,6125,6130,6124.7,6128.75,1323,
2024-12-06 12:40:00+05:30,6130,6134,6125.9,6131.55,5996,
2024-12-06 12:41:00+05:30,6131.55,6134,6127.55,6134,3184,
2024-12-06 12:42:00+05:30,6129.45,6134.85,6129.1,6134,2868,
2024-12-06 12:43:00+05:30,6134,6134,6129,6129,2198,
2024-12-06 12:44:00+05:30,6129,6129.95,6124.95,6126.25,1090,
2024-12-06 12:45:00+05:30,6124.45,6126.25,6119.75,6119.85,665,
2024-12-06 12:46:00+05:30,6119.85,6124.6,6116.9,6118.75,962,
2024-12-06 12:47:00+05:30,6118.75,6119,6115.6,6116.25,936,
2024-12-06 12:48:00+05:30,6116.25,6116.8,6112.25,6113.55,892,
2024-12-06 12:49:00+05:30,6113.55,6116.2,6112.25,6113.25,765,
2024-12-06 12:50:00+05:30,6113.3,6115.8,6112,6115.8,434,
2024-12-06 12:51:00+05:30,6116.25,6123.3,6116.25,6122,363,
2024-12-06 12:52:00+05:30,6122,6123.8,6120.05,6123.8,547,
2024-12-06 12:53:00+05:30,6123.8,6123.8,6118.85,6118.95,122,
2024-12-06 12:54:00+05:30,6118.95,6121.05,6117.4,6118.05,508,
2024-12-06 12:55:00+05:30,6118.05,6120.9,6118.05,6118.05,278,
2024-12-06 12:56:00+05:30,6118.05,6120.8,6117.9,6118.9,230,
2024-12-06 12:57:00+05:30,6118.9,6118.9,6115,6115,283,
2024-12-06 12:58:00+05:30,6116.05,6117.15,6112.8,6115.05,851,
2024-12-06 12:59:00+05:30,6115.05,6117.95,6112.8,6116.15,214,
2024-12-06 13:00:00+05:30,6116.15,6118.2,6113.75,6116.75,399,
2024-12-06 13:01:00+05:30,6116.75,6117.6,6114,6115.2,194,
2024-12-06 13:02:00+05:30,6115.2,6117.1,6113.95,6116.95,222,
2024-12-06 13:03:00+05:30,6115.85,6120,6115.45,6118.6,285,
2024-12-06 13:04:00+05:30,6118.6,6119.2,6115.95,6116.95,232,
2024-12-06 13:05:00+05:30,6116.95,6122.5,6115.5,6120,475,
2024-12-06 13:06:00+05:30,6120,6120,6115.2,6116.95,271,
2024-12-06 13:07:00+05:30,6116.95,6117.5,6114.05,6116.95,365,
2024-12-06 13:08:00+05:30,6116.95,6118.7,6114.1,6118.5,292,
2024-12-06 13:09:00+05:30,6118.5,6120,6115.15,6115.75,268,
2024-12-06 13:10:00+05:30,6115.75,6118.75,6112.8,6117.4,450,
2024-12-06 13:11:00+05:30,6117.4,6117.9,6115,6115.8,333,
2024-12-06 13:12:00+05:30,6115.8,6116.95,6115,6116.7,219,
2024-12-06 13:13:00+05:30,6116.7,6117.95,6112,6115.05,1143,
2024-12-06 13:14:00+05:30,6115.05,6117.45,6112.9,6114.2,254,
2024-12-06 13:15:00+05:30,6114.2,6115.25,6113.25,6113.25,251,
2024-12-06 13:16:00+05:30,6113.25,6115.2,6112.5,6114.2,351,
2024-12-06 13:17:00+05:30,6114.2,6114.85,6112,6113.55,283,
2024-12-06 13:18:00+05:30,6112.55,6116.65,6112.5,6116.65,366,
2024-12-06 13:19:00+05:30,6116.65,6116.65,6113.55,6114.5,325,
2024-12-06 13:20:00+05:30,6114.5,6116.65,6113.6,6115.05,353,
2024-12-06 13:21:00+05:30,6115.05,6118,6114.45,6116.95,244,
2024-12-06 13:22:00+05:30,6116.95,6118.3,6113.15,6118.15,383,
2024-12-06 13:23:00+05:30,6118.15,6119.9,6115.85,6118.75,421,
2024-12-06 13:24:00+05:30,6118.75,6120,6114.05,6120,708,
2024-12-06 13:25:00+05:30,6118.75,6120,6116.1,6119.2,523,
2024-12-06 13:26:00+05:30,6119.2,6119.6,6116.6,6119.5,227,
2024-12-06 13:27:00+05:30,6119.5,6122.1,6115.05,6120,645,
2024-12-06 13:28:00+05:30,6117.9,6120.2,6115.85,6119.55,383,
2024-12-06 13:29:00+05:30,6119.55,6120.05,6116,6116.35,291,
2024-12-06 13:30:00+05:30,6116.35,6119.4,6116,6117.4,262,
2024-12-06 13:31:00+05:30,6117.4,6124,6117.4,6124,902,
2024-12-06 13:32:00+05:30,6124,6124,6120.55,6121.65,224,
2024-12-06 13:33:00+05:30,6121.65,6122.9,6119.25,6121,1028,
2024-12-06 13:34:00+05:30,6121,6121.7,6119.05,6121.4,382,
2024-12-06 13:35:00+05:30,6121.4,6121.7,6118.7,6120,1046,
2024-12-06 13:36:00+05:30,6120,6120,6116.2,6118.05,539,
2024-12-06 13:37:00+05:30,6118.05,6120,6116.05,6119.55,538,
2024-12-06 13:38:00+05:30,6119.55,6120,6116.35,6119.75,434,
2024-12-06 13:39:00+05:30,6119.3,6120,6117.35,6118.75,572,
2024-12-06 13:40:00+05:30,6118.75,6120.65,6117.75,6120,504,
2024-12-06 13:41:00+05:30,6120,6120.65,6117.55,6118.05,1269,
2024-12-06 13:42:00+05:30,6118.05,6120,6117.75,6120,1082,
2024-12-06 13:43:00+05:30,6120,6122.95,6118.1,6118.1,2680,
2024-12-06 13:44:00+05:30,6118.75,6120,6117.75,6120,460,
2024-12-06 13:45:00+05:30,6120,6120,6117.5,6118.7,759,
2024-12-06 13:46:00+05:30,6118.05,6120,6117.65,6119.95,703,
2024-12-06 13:47:00+05:30,6119.95,6120,6117.35,6117.75,671,
2024-12-06 13:48:00+05:30,6117.75,6118.25,6115.1,6117.15,546,
2024-12-06 13:49:00+05:30,6117.15,6117.3,6113.1,6115.8,624,
2024-12-06 13:50:00+05:30,6115.8,6117.2,6114.2,6116.6,273,
2024-12-06 13:51:00+05:30,6116.6,6116.95,6113.85,6115.9,339,
2024-12-06 13:52:00+05:30,6115.75,6119.15,6114.2,6119.15,262,
2024-12-06 13:53:00+05:30,6119.15,6119.15,6115,6118.45,471,
2024-12-06 13:54:00+05:30,6118.45,6118.45,6115,6116.95,365,
2024-12-06 13:55:00+05:30,6116.95,6117.05,6113.05,6116.95,521,
2024-12-06 13:56:00+05:30,6116.95,6120,6115.7,6120,281,
2024-12-06 13:57:00+05:30,6120,6120,6117.75,6120,959,
2024-12-06 13:58:00+05:30,6120,6120.75,6116.3,6120,1339,
2024-12-06 13:59:00+05:30,6120,6120,6117.4,6118.75,723,
2024-12-06 14:00:00+05:30,6118.75,6120,6117.5,6120,680,
2024-12-06 14:01:00+05:30,6120,6120,6116.45,6118.75,517,
2024-12-06 14:02:00+05:30,6118.75,6120,6116.75,6119.45,759,
2024-12-06 14:03:00+05:30,6119.45,6120,6117.75,6120,606,
2024-12-06 14:04:00+05:30,6120,6120,6117.5,6118.75,709,
2024-12-06 14:05:00+05:30,6118.75,6123.1,6117.5,6118.05,1709,
2024-12-06 14:06:00+05:30,6118.05,6120,6116.85,6117.5,526,
2024-12-06 14:07:00+05:30,6117.5,6120,6116.95,6119.15,206,
2024-12-06 14:08:00+05:30,6117.4,6119.95,6117.25,6119.05,282,
2024-12-06 14:09:00+05:30,6118.2,6120,6117.05,6120,237,
2024-12-06 14:10:00+05:30,6120,6120,6116.25,6118.05,1194,
2024-12-06 14:11:00+05:30,6118.05,6120,6116.45,6117.4,485,
2024-12-06 14:12:00+05:30,6117.4,6119.8,6116.6,6119.05,264,
2024-12-06 14:13:00+05:30,6119.05,6119.8,6116.05,6118.95,426,
2024-12-06 14:14:00+05:30,6118.95,6120,6116.7,6120,874,
2024-12-06 14:15:00+05:30,6118.1,6120,6117.95,6120,858,
2024-12-06 14:16:00+05:30,6120,6121,6118.2,6120.5,333,
2024-12-06 14:17:00+05:30,6120.5,6120.5,6118,6118.5,398,
2024-12-06 14:18:00+05:30,6118.5,6120.6,6115.7,6118.05,1620,
2024-12-06 14:19:00+05:30,6118.05,6119.65,6116.55,6116.8,259,
2024-12-06 14:20:00+05:30,6116.8,6119.8,6116.35,6119.8,266,
2024-12-06 14:21:00+05:30,6117.55,6119.95,6116.6,6119.15,257,
2024-12-06 14:22:00+05:30,6119.9,6120,6116.7,6119.55,1006,
2024-12-06 14:23:00+05:30,6119.65,6120,6116.7,6120,726,
2024-12-06 14:24:00+05:30,6118.25,6123,6118,6122.5,551,
2024-12-06 14:25:00+05:30,6121,6121.45,6117.3,6120,431,
2024-12-06 14:26:00+05:30,6120,6121.6,6118.25,6120.9,375,
2024-12-06 14:27:00+05:30,6120.9,6122.85,6120,6121.05,376,
2024-12-06 14:28:00+05:30,6121.05,6124.9,6121.05,6122.25,594,
2024-12-06 14:29:00+05:30,6122.25,6124.7,6119.15,6121.9,936,
2024-12-06 14:30:00+05:30,6122,6123.05,6120,6122.95,495,
2024-12-06 14:31:00+05:30,6122.95,6123.85,6120,6120,190,
2024-12-06 14:32:00+05:30,6120,6121,6119.1,6120,276,
2024-12-06 14:33:00+05:30,6120,6121.45,6114,6118.25,1534,
2024-12-06 14:34:00+05:30,6116.55,6120,6116.15,6119.55,527,
2024-12-06 14:35:00+05:30,6119.85,6122.5,6116.9,6122.5,832,
2024-12-06 14:36:00+05:30,6122.5,6123.6,6119.45,6120.7,632,
2024-12-06 14:37:00+05:30,6120.7,6123,6120,6123,272,
2024-12-06 14:38:00+05:30,6123,6124.3,6121.35,6124,366,
2024-12-06 14:39:00+05:30,6122.8,6131.7,6121.75,6130,1853,
2024-12-06 14:40:00+05:30,6130,6131.7,6130,6130.1,668,
2024-12-06 14:41:00+05:30,6131,6134,6130.1,6132.1,1686,
2024-12-06 14:42:00+05:30,6132.1,6135.9,6131.15,6135,5760,
2024-12-06 14:43:00+05:30,6135,6136,6131.9,6132.3,2955,
2024-12-06 14:44:00+05:30,6133.25,6136,6130,6135,2308,
2024-12-06 14:45:00+05:30,6135,6135.2,6130,6132.1,1444,
2024-12-06 14:46:00+05:30,6132.1,6134.45,6130.3,6133.1,1205,
2024-12-06 14:47:00+05:30,6131,6133.8,6131,6133.8,532,
2024-12-06 14:48:00+05:30,6130.75,6133.8,6130.75,6133,410,
2024-12-06 14:49:00+05:30,6131.5,6132.05,6125.05,6126.25,839,
2024-12-06 14:50:00+05:30,6125.65,6126.25,6122.35,6125.25,484,
2024-12-06 14:51:00+05:30,6125.25,6125.75,6123.55,6125.75,345,
2024-12-06 14:52:00+05:30,6125.05,6130,6122.3,6128.75,1172,
2024-12-06 14:53:00+05:30,6128.75,6128.75,6124.2,6126.25,173,
2024-12-06 14:54:00+05:30,6126.05,6129.05,6123.05,6123.1,387,
2024-12-06 14:55:00+05:30,6123.1,6125.7,6122,6123.8,319,
2024-12-06 14:56:00+05:30,6123.8,6124.75,6122.3,6124.55,314,
2024-12-06 14:57:00+05:30,6122.65,6124.75,6121,6121,1092,
2024-12-06 14:58:00+05:30,6121,6125.65,6120,6120,643,
2024-12-06 14:59:00+05:30,6120,6124.3,6120,6122.4,734,
2024-12-06 15:00:00+05:30,6122.4,6125.35,6122.4,6123.8,1640,
2024-12-06 15:01:00+05:30,6123.8,6124.9,6123.3,6124.65,921,
2024-12-06 15:02:00+05:30,6124,6127,6124,6125.45,972,
2024-12-06 15:03:00+05:30,6125.45,6126.5,6123,6125.2,1868,
2024-12-06 15:04:00+05:30,6125.2,6125.95,6122.4,6125.45,1290,
2024-12-06 15:05:00+05:30,6125.45,6125.8,6121,6122,1255,
2024-12-06 15:06:00+05:30,6122,6124.15,6121,6123.45,1277,
2024-12-06 15:07:00+05:30,6123.45,6123.55,6123.4,6123.5,856,
2024-12-06 15:08:00+05:30,6123.5,6123.55,6120.6,6120.6,1485,
2024-12-06 15:09:00+05:30,6122,6123.85,6120.05,6123.15,1338,
2024-12-06 15:10:00+05:30,6123.15,6126.7,6123.15,6124.7,2341,
2024-12-06 15:11:00+05:30,6124.7,6127,6123.95,6126.5,1514,
2024-12-06 15:12:00+05:30,6126.5,6130,6126.5,6129.35,2439,
2024-12-06 15:13:00+05:30,6129.35,6131.7,6129.35,6130.5,1753,
2024-12-06 15:14:00+05:30,6130.5,6130.5,6128.05,6128.1,1252,
2024-12-06 15:15:00+05:30,6128.7,6130,6124.5,6127,3963,
2024-12-06 15:16:00+05:30,6127,6130.3,6125.25,6130,2232,
2024-12-06 15:17:00+05:30,6130,6136,6129.8,6132.8,3472,
2024-12-06 15:18:00+05:30,6134.55,6136.3,6126.15,6134.8,9307,
2024-12-06 15:19:00+05:30,6134.05,6136.45,6132,6135.65,4205,
2024-12-06 15:20:00+05:30,6134.35,6137.65,6129.4,6130.55,4740,
2024-12-06 15:21:00+05:30,6131.3,6136,6129.95,6131.55,1653,
2024-12-06 15:22:00+05:30,6131.4,6132.7,6131.15,6131.85,1234,
2024-12-06 15:23:00+05:30,6131.75,6133.95,6130.9,6131.6,1375,
2024-12-06 15:24:00+05:30,6132,6133,6126.65,6132,2410,
2024-12-06 15:25:00+05:30,6131.6,6131.75,6129.8,6130.9,1403,
2024-12-06 15:26:00+05:30,6130.85,6132,6125.45,6131.55,4506,
2024-12-06 15:27:00+05:30,6132,6132.5,6131.55,6132.5,1300,
2024-12-06 15:28:00+05:30,6132.5,6154.95,6126.1,6140.95,8873,
2024-12-06 15:29:00+05:30,6141.3,6145.25,6130.9,6134,2202,
2024-12-09 09:15:00+05:30,5999.95,6000,5937.65,5967.15,40937,
2024-12-09 09:16:00+05:30,5976.75,6041.55,5976.75,6018.4,33560,
2024-12-09 09:17:00+05:30,6015,6016.1,5977.3,5996.3,29698,
2024-12-09 09:18:00+05:30,6000.25,6012,5996.3,6000.4,66040,
2024-12-09 09:19:00+05:30,6000.15,6003.85,5969,5977.8,23746,
2024-12-09 09:20:00+05:30,5977.1,6000,5970.35,5973,71581,
2024-12-09 09:21:00+05:30,5973.7,5985.5,5970,5980,18596,
2024-12-09 09:22:00+05:30,5980,5980,5968,5973.8,37103,
2024-12-09 09:23:00+05:30,5973.8,5975,5960,5973.05,8064,
2024-12-09 09:24:00+05:30,5974.1,5975,5961.35,5961.35,8198,
2024-12-09 09:25:00+05:30,5960.05,5971.5,5960.05,5969.7,3031,
2024-12-09 09:26:00+05:30,5968.8,5975,5964.6,5968.8,7317,
2024-12-09 09:27:00+05:30,5968.9,5975,5967.05,5972,2581,
2024-12-09 09:28:00+05:30,5972.4,5973.9,5968,5971,8162,
2024-12-09 09:29:00+05:30,5971,5973,5970.5,5973,1800,
2024-12-09 09:30:00+05:30,5972.85,5978.9,5970,5978,12659,
2024-12-09 09:31:00+05:30,5975.15,5976.2,5973.15,5975,4722,
2024-12-09 09:32:00+05:30,5974.95,5976.05,5971.75,5975,4481,
2024-12-09 09:33:00+05:30,5975,5975,5961.9,5963.35,6312,
2024-12-09 09:34:00+05:30,5963.35,5976,5963.35,5973.65,10035,
2024-12-09 09:35:00+05:30,5973.65,5975,5973.55,5975,2574,
2024-12-09 09:36:00+05:30,5975,5975,5962.55,5964.1,1312,
2024-12-09 09:37:00+05:30,5964.1,5967.9,5963.3,5963.3,2488,
2024-12-09 09:38:00+05:30,5965.9,5965.9,5953.5,5953.5,6604,
2024-12-09 09:39:00+05:30,5955,5956.65,5949,5954.85,13654,
2024-12-09 09:40:00+05:30,5954.1,5956.35,5944.1,5954.85,3536,
2024-12-09 09:41:00+05:30,5954.85,5965,5954.85,5965,2054,
2024-12-09 09:42:00+05:30,5965,5965,5960.1,5962.75,3367,
2024-12-09 09:43:00+05:30,5964.8,5965,5960.65,5964.6,844,
2024-12-09 09:44:00+05:30,5964.6,5975,5963.5,5974.65,1495,
2024-12-09 09:45:00+05:30,5972,5978.9,5971.6,5974.95,4205,
2024-12-09 09:46:00+05:30,5975,5975,5972.35,5975,1417,
2024-12-09 09:47:00+05:30,5975,5975,5972.35,5974.2,738,
2024-12-09 09:48:00+05:30,5973.1,5975,5970.5,5972.85,1333,
2024-12-09 09:49:00+05:30,5973.85,5976,5970.55,5975.15,1587,
2024-12-09 09:50:00+05:30,5975,5977.3,5972.6,5975,6172,
2024-12-09 09:51:00+05:30,5975,5979.05,5972.85,5975.05,7748,
2024-12-09 09:52:00+05:30,5975.05,5985,5973.9,5974.55,26064,
2024-12-09 09:53:00+05:30,5975,5980,5970.1,5972.4,20688,
2024-12-09 09:54:00+05:30,5972.4,5972.4,5961.55,5964.95,3038,
2024-12-09 09:55:00+05:30,5964.95,5967.75,5960.15,5964.4,4778,
2024-12-09 09:56:00+05:30,5964.45,5967.5,5964,5967,174,
2024-12-09 09:57:00+05:30,5967,5968.85,5958.5,5965.8,2961,
2024-12-09 09:58:00+05:30,5965.8,5965.8,5961.5,5964,1221,
2024-12-09 09:59:00+05:30,5964,5964,5960,5963,1417,
2024-12-09 10:00:00+05:30,5962.95,5967.45,5958.4,5967.45,2953,
2024-12-09 10:01:00+05:30,5967.4,5969,5965.75,5969,822,
2024-12-09 10:02:00+05:30,5969,5973.9,5968.75,5972.95,433,
2024-12-09 10:03:00+05:30,5971.2,5972.95,5968.75,5969.6,682,
2024-12-09 10:04:00+05:30,5969.75,5972.35,5966.4,5970.25,953,
2024-12-09 10:05:00+05:30,5970.25,5974.9,5969.35,5971.3,2909,
2024-12-09 10:06:00+05:30,5971.3,5971.8,5968.95,5969.4,884,
2024-12-09 10:07:00+05:30,5970.5,5971.5,5968.75,5971.5,483,
2024-12-09 10:08:00+05:30,5972.25,5973,5966.05,5967.55,671,
2024-12-09 10:09:00+05:30,5967.55,5971.25,5966.65,5970.9,551,
2024-12-09 10:10:00+05:30,5970.9,5972.6,5968.3,5972,687,
2024-12-09 10:11:00+05:30,5972,5975.6,5970.35,5975.6,1148,
2024-12-09 10:12:00+05:30,5975.85,5984.95,5975,5979.3,1777,
2024-12-09 10:13:00+05:30,5979.25,5980.8,5975.9,5978.65,1376,
2024-12-09 10:14:00+05:30,5978.65,5978.65,5970.8,5974,511,
2024-12-09 10:15:00+05:30,5974,5974,5970,5970.65,311,
2024-12-09 10:16:00+05:30,5970.65,5973.85,5970,5970,657,
2024-12-09 10:17:00+05:30,5970,5975,5968.8,5975,938,
2024-12-09 10:18:00+05:30,5976.35,5976.7,5968.65,5970,799,
2024-12-09 10:19:00+05:30,5970,5974.95,5965.1,5971.6,1871,
2024-12-09 10:20:00+05:30,5969.6,5972.25,5966,5969.85,1034,
2024-12-09 10:21:00+05:30,5969.85,5973,5967,5972.25,1180,
2024-12-09 10:22:00+05:30,5972.25,5974.3,5970,5971.55,1060,
2024-12-09 10:23:00+05:30,5971.55,5974.3,5971.55,5972.35,936,
2024-12-09 10:24:00+05:30,5972.35,5974.25,5967.65,5967.7,1644,
2024-12-09 10:25:00+05:30,5967.7,5971.05,5961.1,5967.65,4697,
2024-12-09 10:26:00+05:30,5967.6,5973.8,5964.5,5973.45,2881,
2024-12-09 10:27:00+05:30,5973.45,5974.3,5971.1,5974,626,
2024-12-09 10:28:00+05:30,5974,5974,5966.85,5973.85,3014,
2024-12-09 10:29:00+05:30,5970.6,5973.95,5969.1,5973,706,
2024-12-09 10:30:00+05:30,5973,5975,5969.25,5974.75,746,
2024-12-09 10:31:00+05:30,5974.7,5985.35,5970.05,5981.2,5065,
2024-12-09 10:32:00+05:30,5981.2,5982,5975.1,5979.4,1117,
2024-12-09 10:33:00+05:30,5979.4,5979.4,5974.8,5974.8,1126,
2024-12-09 10:34:00+05:30,5974.8,5986.85,5972.5,5982,3041,
2024-12-09 10:35:00+05:30,5979.65,5984.95,5978.65,5981.5,6234,
2024-12-09 10:36:00+05:30,5981.5,5982.1,5980,5982,953,
2024-12-09 10:37:00+05:30,5982,5984.9,5981.9,5982,2660,
2024-12-09 10:38:00+05:30,5982,5983.9,5981.9,5981.95,1879,
2024-12-09 10:39:00+05:30,5981.95,5982,5978,5981,1587,
2024-12-09 10:40:00+05:30,5981,5987.5,5980.7,5981.95,9554,
2024-12-09 10:41:00+05:30,5982,5982,5979.8,5981.95,1680,
2024-12-09 10:42:00+05:30,5981.95,5982,5981.95,5982,495,
2024-12-09 10:43:00+05:30,5982,5983,5981.95,5982,6915,
2024-12-09 10:44:00+05:30,5981.95,5983,5981.95,5982,12973,
2024-12-09 10:45:00+05:30,5983,5983,5982,5982.2,16880,
2024-12-09 10:46:00+05:30,5982,5985.15,5980.55,5982,21171,
2024-12-09 10:47:00+05:30,5981.95,5982,5981.55,5981.95,2605,
2024-12-09 10:48:00+05:30,5982,5983.45,5981.95,5982,9619,
2024-12-09 10:49:00+05:30,5981.95,5982,5981.9,5982,2378,
2024-12-09 10:50:00+05:30,5982,5982.95,5981.95,5982,4277,
2024-12-09 10:51:00+05:30,5982,5982.8,5980.15,5982,1453,
2024-12-09 10:52:00+05:30,5982,5982,5981.55,5981.95,450,
2024-12-09 10:53:00+05:30,5981.95,5982,5980.1,5982,1260,
2024-12-09 10:54:00+05:30,5982.05,5982.05,5975,5978.95,1411,
2024-12-09 10:55:00+05:30,5979.5,5981.95,5975,5978.95,716,
2024-12-09 10:56:00+05:30,5978.95,5982.35,5978.95,5981.95,1118,
2024-12-09 10:57:00+05:30,5982,5982,5980,5980.5,1233,
2024-12-09 10:58:00+05:30,5980.5,5981.65,5975,5977.55,706,
2024-12-09 10:59:00+05:30,5977.5,5981.9,5977.5,5978.95,458,
2024-12-09 11:00:00+05:30,5978.1,5979.85,5976.2,5979.05,640,
2024-12-09 11:01:00+05:30,5979.05,5980.7,5976.1,5979.7,1182,
2024-12-09 11:02:00+05:30,5979.7,5981.95,5976.2,5980.8,1000,
2024-12-09 11:03:00+05:30,5980.8,5981.1,5976.05,5979.9,814,
2024-12-09 11:04:00+05:30,5979.9,5981.05,5976.4,5979.45,605,
2024-12-09 11:05:00+05:30,5980.8,5981,5976.85,5980.45,1068,
2024-12-09 11:06:00+05:30,5980.45,5982,5977.35,5979.45,814,
2024-12-09 11:07:00+05:30,5979.45,5979.6,5976,5979.45,1113,
2024-12-09 11:08:00+05:30,5979.45,5979.45,5969.15,5969.15,1752,
2024-12-09 11:09:00+05:30,5969.15,5972,5969.1,5970.95,620,
2024-12-09 11:10:00+05:30,5970.95,5971.7,5970,5971.7,798,
2024-12-09 11:11:00+05:30,5971.7,5974.5,5970.1,5973,1233,
2024-12-09 11:12:00+05:30,5973.55,5973.55,5969.2,5970,2804,
2024-12-09 11:13:00+05:30,5970,5974.9,5969.55,5973.9,43300,
2024-12-09 11:14:00+05:30,5973.9,5975,5973.4,5975,4051,
2024-12-09 11:15:00+05:30,5975,5975,5970.3,5974.95,1721,
2024-12-09 11:16:00+05:30,5974.95,5975,5969.35,5971.8,929,
2024-12-09 11:17:00+05:30,5971.8,5972.95,5968.75,5970,1620,
2024-12-09 11:18:00+05:30,5969.35,5970.5,5969.35,5969.4,1619,
2024-12-09 11:19:00+05:30,5969.95,5970,5969.9,5969.95,1334,
2024-12-09 11:20:00+05:30,5969.95,5970,5962,5964.4,2946,
2024-12-09 11:21:00+05:30,5964.4,5967.25,5962.2,5965.05,2513,
2024-12-09 11:22:00+05:30,5965.85,5965.85,5962.2,5965.3,1230,
2024-12-09 11:23:00+05:30,5965.35,5966.1,5961.45,5964.9,3093,
2024-12-09 11:24:00+05:30,5965.65,5968.1,5962,5963.95,3898,
2024-12-09 11:25:00+05:30,5963.95,5963.95,5961.05,5961.85,1581,
2024-12-09 11:26:00+05:30,5961.95,5962,5961.85,5961.95,1565,
2024-12-09 11:27:00+05:30,5961.95,5962,5960.05,5961.95,3108,
2024-12-09 11:28:00+05:30,5961.95,5970,5961.1,5969.95,4748,
2024-12-09 11:29:00+05:30,5970,5974.45,5970,5971.4,1783,
2024-12-09 11:30:00+05:30,5971.4,5976.7,5971.4,5974.35,1009,
2024-12-09 11:31:00+05:30,5974.35,5980.5,5974.25,5980,2302,
2024-12-09 11:32:00+05:30,5980,5980,5974.65,5975,1026,
2024-12-09 11:33:00+05:30,5975,5975,5974.9,5974.95,914,
2024-12-09 11:34:00+05:30,5974.95,5975,5971.75,5973.95,1621,
2024-12-09 11:35:00+05:30,5973.95,5974,5973.7,5973.95,795,
2024-12-09 11:36:00+05:30,5973.95,5974,5973.95,5973.95,631,
2024-12-09 11:37:00+05:30,5974,5974.9,5973.95,5973.95,1923,
2024-12-09 11:38:00+05:30,5973.95,5978,5973.95,5974.95,4642,
2024-12-09 11:39:00+05:30,5974.95,5975,5974.95,5974.95,440,
2024-12-09 11:40:00+05:30,5974.95,5974.95,5971.9,5973,1667,
2024-12-09 11:41:00+05:30,5972.95,5979.7,5972.95,5977.35,1922,
2024-12-09 11:42:00+05:30,5976.45,5978.8,5974.6,5978.75,757,
2024-12-09 11:43:00+05:30,5978.05,5980,5974.7,5980,706,
2024-12-09 11:44:00+05:30,5980,5982,5979.95,5981.95,3135,
2024-12-09 11:45:00+05:30,5981.95,5982,5978.05,5979.7,1087,
2024-12-09 11:46:00+05:30,5979.7,5981,5978.6,5980,697,
2024-12-09 11:47:00+05:30,5980,5981,5979.95,5981,831,
2024-12-09 11:48:00+05:30,5980.95,5981,5980.95,5980.95,1189,
2024-12-09 11:49:00+05:30,5980.95,5981,5980.95,5980.95,904,
2024-12-09 11:50:00+05:30,5980.95,5981,5980.95,5980.95,1625,
2024-12-09 11:51:00+05:30,5980.95,5981,5980.95,5980.95,1612,
2024-12-09 11:52:00+05:30,5980.95,5981.85,5980.95,5981.8,5952,
2024-12-09 11:53:00+05:30,5981.85,5981.85,5981,5981.8,1359,
2024-12-09 11:54:00+05:30,5981.85,5981.85,5980,5981.4,1020,
2024-12-09 11:55:00+05:30,5980.8,5981.4,5980.8,5981.35,648,
2024-12-09 11:56:00+05:30,5981.3,5981.35,5981.25,5981.25,594,
2024-12-09 11:57:00+05:30,5981.25,5981.35,5981.25,5981.25,620,
2024-12-09 11:58:00+05:30,5981.25,5982,5979.4,5981.5,1298,
2024-12-09 11:59:00+05:30,5981.45,5981.5,5979,5979.2,720,
2024-12-09 12:00:00+05:30,5979.2,5980.95,5976.35,5978.95,780,
2024-12-09 12:01:00+05:30,5978.95,5979.25,5975,5978.5,1483,
2024-12-09 12:02:00+05:30,5978.5,5980.1,5977.85,5979.7,1049,
2024-12-09 12:03:00+05:30,5979.7,5979.95,5979.15,5979.4,594,
2024-12-09 12:04:00+05:30,5979.4,5979.45,5977.95,5979.2,377,
2024-12-09 12:05:00+05:30,5979.2,5980,5978,5979.2,1026,
2024-12-09 12:06:00+05:30,5979.2,5980,5975.45,5976.45,636,
2024-12-09 12:07:00+05:30,5976.45,5978.25,5975.25,5978.2,537,
2024-12-09 12:08:00+05:30,5978.2,5978.8,5977.3,5978.65,811,
2024-12-09 12:09:00+05:30,5978.65,5978.8,5977.45,5978.7,779,
2024-12-09 12:10:00+05:30,5978.7,5978.95,5976.95,5978.95,305,
2024-12-09 12:11:00+05:30,5978.95,5980,5978.9,5979.95,936,
2024-12-09 12:12:00+05:30,5979.95,5980,5976,5979.45,611,
2024-12-09 12:13:00+05:30,5979.45,5980,5978.55,5978.65,749,
2024-12-09 12:14:00+05:30,5978.65,5979.65,5978.55,5978.95,496,
2024-12-09 12:15:00+05:30,5978.95,5979.85,5976.25,5979.85,647,
2024-12-09 12:16:00+05:30,5979.75,5980.1,5976.75,5979.45,1042,
2024-12-09 12:17:00+05:30,5979.45,5980.75,5979.45,5980.7,1290,
2024-12-09 12:18:00+05:30,5980.7,5980.75,5979.65,5980.5,1311,
2024-12-09 12:19:00+05:30,5980.5,5980.55,5979.65,5979.65,576,
2024-12-09 12:20:00+05:30,5979.65,5980.3,5979.65,5980.15,939,
2024-12-09 12:21:00+05:30,5980.15,5980.8,5980.15,5980.5,825,
2024-12-09 12:22:00+05:30,5980.5,5980.75,5980.45,5980.75,596,
2024-12-09 12:23:00+05:30,5980.75,5981.25,5980.7,5980.75,1079,
2024-12-09 12:24:00+05:30,5980.75,5980.75,5980.7,5980.75,489,
2024-12-09 12:25:00+05:30,5980.75,5980.75,5980.65,5980.75,844,
2024-12-09 12:26:00+05:30,5980.7,5981.35,5980.7,5980.7,994,
2024-12-09 12:27:00+05:30,5980.75,5980.8,5980.2,5980.75,790,
2024-12-09 12:28:00+05:30,5980.75,5981.3,5980.6,5980.7,1029,
2024-12-09 12:29:00+05:30,5980.75,5981.3,5980.7,5980.7,1118,
2024-12-09 12:30:00+05:30,5980.75,5981.45,5980.7,5981.3,1294,
2024-12-09 12:31:00+05:30,5981.3,5981.3,5980,5980.7,721,
2024-12-09 12:32:00+05:30,5980.7,5980.75,5980.65,5980.7,447,
2024-12-09 12:33:00+05:30,5980.75,5980.75,5975,5980.75,5840,
2024-12-09 12:34:00+05:30,5980.75,5980.8,5974.9,5979.55,725,
2024-12-09 12:35:00+05:30,5979.55,5980.9,5979.5,5980.3,758,
2024-12-09 12:36:00+05:30,5980.3,5980.8,5977.3,5979.95,595,
2024-12-09 12:37:00+05:30,5979.95,5980,5974.95,5974.95,2909,
2024-12-09 12:38:00+05:30,5975,5975,5972,5974.45,834,
2024-12-09 12:39:00+05:30,5974.45,5975,5974.3,5974.95,891,
2024-12-09 12:40:00+05:30,5975,5976,5972.5,5974.8,5466,
2024-12-09 12:41:00+05:30,5974.75,5975,5974.75,5974.95,813,
2024-12-09 12:42:00+05:30,5974.95,5975,5974.95,5974.95,326,
2024-12-09 12:43:00+05:30,5974.95,5975,5974.95,5975,741,
2024-12-09 12:44:00+05:30,5974.95,5975,5971,5971.8,1452,
2024-12-09 12:45:00+05:30,5972.85,5974.9,5969.3,5971.85,1571,
2024-12-09 12:46:00+05:30,5971.85,5975,5970.05,5975,1071,
2024-12-09 12:47:00+05:30,5974.95,5975,5974.45,5974.95,450,
2024-12-09 12:48:00+05:30,5975,5980,5974.95,5979.95,1773,
2024-12-09 12:49:00+05:30,5979.95,5980.85,5977.5,5978.25,724,
2024-12-09 12:50:00+05:30,5978.25,5979.55,5974.5,5979.55,834,
2024-12-09 12:51:00+05:30,5979.55,5979.9,5977.95,5978.95,656,
2024-12-09 12:52:00+05:30,5978.95,5979,5978.35,5979,566,
2024-12-09 12:53:00+05:30,5979,5979,5974.45,5977.5,1005,
2024-12-09 12:54:00+05:30,5977.05,5977.5,5975,5976.15,1203,
2024-12-09 12:55:00+05:30,5976.15,5976.5,5975.75,5976.5,476,
2024-12-09 12:56:00+05:30,5976.5,5977,5976.45,5977,477,
2024-12-09 12:57:00+05:30,5977,5977,5974.05,5976.8,1004,
2024-12-09 12:58:00+05:30,5976.8,5977,5973.55,5976.45,456,
2024-12-09 12:59:00+05:30,5976,5976.5,5972.95,5974.95,804,
2024-12-09 13:00:00+05:30,5974.95,5975,5970,5975,655,
2024-12-09 13:01:00+05:30,5974.25,5975,5972.2,5974.05,810,
2024-12-09 13:02:00+05:30,5974.05,5975.1,5974.05,5975.1,773,
2024-12-09 13:03:00+05:30,5975.1,5975.1,5971.55,5974.25,696,
2024-12-09 13:04:00+05:30,5974.2,5974.95,5970.85,5974.75,753,
2024-12-09 13:05:00+05:30,5974.75,5974.95,5970.7,5973.95,672,
2024-12-09 13:06:00+05:30,5974.9,5975,5973.95,5975,1513,
2024-12-09 13:07:00+05:30,5975,5975,5974.95,5974.95,960,
2024-12-09 13:08:00+05:30,5975,5975,5974.95,5975,493,
2024-12-09 13:09:00+05:30,5975,5975,5974.95,5975,804,
2024-12-09 13:10:00+05:30,5975,5975,5974.95,5975,603,
2024-12-09 13:11:00+05:30,5975,5975,5973.4,5974.95,1078,
2024-12-09 13:12:00+05:30,5975,5975,5973.2,5975,590,
2024-12-09 13:13:00+05:30,5975,5975,5970.85,5973.5,1337,
2024-12-09 13:14:00+05:30,5973.5,5973.5,5973.45,5973.5,618,
2024-12-09 13:15:00+05:30,5973.5,5973.5,5970,5972,1010,
2024-12-09 13:16:00+05:30,5972,5972,5971.95,5972,513,
2024-12-09 13:17:00+05:30,5972,5972.1,5971.9,5972,1494,
2024-12-09 13:18:00+05:30,5972,5972,5971,5972,361,
2024-12-09 13:19:00+05:30,5972,5972,5971.95,5972,671,
2024-12-09 13:20:00+05:30,5972,5972,5971.95,5972,489,
2024-12-09 13:21:00+05:30,5972,5972,5971.95,5972,516,
2024-12-09 13:22:00+05:30,5972,5972,5971.95,5972,656,
2024-12-09 13:23:00+05:30,5972,5972,5971.95,5971.95,2037,
2024-12-09 13:24:00+05:30,5971.95,5974.85,5971.05,5972.55,1227,
2024-12-09 13:25:00+05:30,5972.55,5972.95,5971,5972.95,715,
2024-12-09 13:26:00+05:30,5972.95,5974.8,5971.3,5973.8,1113,
2024-12-09 13:27:00+05:30,5973.8,5974.55,5971.8,5973.25,722,
2024-12-09 13:28:00+05:30,5973.25,5973.25,5966.6,5968.8,1735,
2024-12-09 13:29:00+05:30,5968.8,5971.15,5965.05,5967,7399,
2024-12-09 13:30:00+05:30,5966.7,5971.6,5966.7,5967.2,2936,
2024-12-09 13:31:00+05:30,5967.15,5967.55,5955,5955.1,10840,
2024-12-09 13:32:00+05:30,5955.05,5955.05,5950.55,5953.4,2400,
2024-12-09 13:33:00+05:30,5953.4,5958,5950.7,5956.4,1265,
2024-12-09 13:34:00+05:30,5956.4,5959.15,5955.05,5957.15,1660,
2024-12-09 13:35:00+05:30,5957.15,5959.45,5957.15,5959.45,484,
2024-12-09 13:36:00+05:30,5959.9,5960.4,5957,5959.3,1019,
2024-12-09 13:37:00+05:30,5959.3,5960.5,5952,5952,2225,
2024-12-09 13:38:00+05:30,5951,5954.8,5950.75,5953.65,997,
2024-12-09 13:39:00+05:30,5953.8,5957.5,5953.6,5955.9,1331,
2024-12-09 13:40:00+05:30,5955.9,5955.9,5950.5,5954.15,3015,
2024-12-09 13:41:00+05:30,5953.35,5955.35,5950,5954.5,2882,
2024-12-09 13:42:00+05:30,5953,5957.45,5953,5955.45,882,
2024-12-09 13:43:00+05:30,5955.45,5957.75,5955.35,5955.8,433,
2024-12-09 13:44:00+05:30,5955.8,5957,5955.8,5956.05,677,
2024-12-09 13:45:00+05:30,5956.05,5959.9,5956,5959.9,508,
2024-12-09 13:46:00+05:30,5959.95,5962.3,5957,5962.25,1547,
2024-12-09 13:47:00+05:30,5962.2,5962.25,5959.3,5961.55,633,
2024-12-09 13:48:00+05:30,5961.55,5966,5961.1,5966,931,
2024-12-09 13:49:00+05:30,5967,5971.6,5964.45,5965.45,1413,
2024-12-09 13:50:00+05:30,5965.45,5970.8,5965.15,5970.8,644,
2024-12-09 13:51:00+05:30,5970.8,5971.5,5967,5971.5,882,
2024-12-09 13:52:00+05:30,5971.5,5971.5,5970.15,5970.75,443,
2024-12-09 13:53:00+05:30,5970.75,5971.5,5968,5970,967,
2024-12-09 13:54:00+05:30,5968.05,5970,5967.5,5967.55,675,
2024-12-09 13:55:00+05:30,5967.6,5970,5965.9,5970,679,
2024-12-09 13:56:00+05:30,5970,5970,5966.9,5970,506,
2024-12-09 13:57:00+05:30,5970,5971.5,5967.65,5971.4,852,
2024-12-09 13:58:00+05:30,5971.4,5971.55,5969.2,5971.45,674,
2024-12-09 13:59:00+05:30,5971.45,5971.5,5970.35,5971,540,
2024-12-09 14:00:00+05:30,5971,5971.5,5970.95,5971.5,690,
2024-12-09 14:01:00+05:30,5971.5,5971.5,5971.45,5971.5,441,
2024-12-09 14:02:00+05:30,5971.5,5971.5,5971.45,5971.5,564,
2024-12-09 14:03:00+05:30,5971.5,5971.5,5969.45,5970,882,
2024-12-09 14:04:00+05:30,5971.35,5971.75,5969.75,5971.55,658,
2024-12-09 14:05:00+05:30,5971,5972,5971,5972,858,
2024-12-09 14:06:00+05:30,5972,5972.5,5971.95,5972.45,986,
2024-12-09 14:07:00+05:30,5972.5,5972.5,5971.05,5971.75,668,
2024-12-09 14:08:00+05:30,5971.8,5972.5,5968,5972.5,2291,
2024-12-09 14:09:00+05:30,5972.45,5975,5972.45,5974.95,770,
2024-12-09 14:10:00+05:30,5974.95,5976.95,5974.95,5976.95,1878,
2024-12-09 14:11:00+05:30,5976.95,5977.95,5975,5976.8,1299,
2024-12-09 14:12:00+05:30,5976.8,5978.2,5970,5970.05,2969,
2024-12-09 14:13:00+05:30,5969.4,5971.75,5969.15,5969.95,520,
2024-12-09 14:14:00+05:30,5969.95,5969.95,5966.7,5968.85,815,
2024-12-09 14:15:00+05:30,5969.3,5969.7,5963,5968.2,1091,
2024-12-09 14:16:00+05:30,5966.7,5970,5964.7,5969.95,587,
2024-12-09 14:17:00+05:30,5969.95,5970,5965.9,5969.95,623,
2024-12-09 14:18:00+05:30,5969.95,5970,5965.1,5967.75,945,
2024-12-09 14:19:00+05:30,5967.75,5969.85,5965.45,5969.15,676,
2024-12-09 14:20:00+05:30,5969.15,5970,5967.2,5970,558,
2024-12-09 14:21:00+05:30,5970,5970,5969.95,5970,789,
2024-12-09 14:22:00+05:30,5969.95,5970,5969.95,5970,965,
2024-12-09 14:23:00+05:30,5970,5970,5967.5,5967.9,3727,
2024-12-09 14:24:00+05:30,5967.9,5967.95,5964.65,5967.05,609,
2024-12-09 14:25:00+05:30,5967.05,5967.05,5962,5964.8,1061,
2024-12-09 14:26:00+05:30,5964.8,5965,5963,5965,700,
2024-12-09 14:27:00+05:30,5965,5965,5963,5963,887,
2024-12-09 14:28:00+05:30,5963.7,5964.05,5962,5963.9,756,
2024-12-09 14:29:00+05:30,5963.9,5965,5963.9,5964.9,671,
2024-12-09 14:30:00+05:30,5964.9,5965,5962,5964.95,1246,
2024-12-09 14:31:00+05:30,5964.95,5965,5962.45,5964.9,829,
2024-12-09 14:32:00+05:30,5964.9,5965,5962.15,5964.9,670,
2024-12-09 14:33:00+05:30,5964.9,5965,5964.9,5965,1643,
2024-12-09 14:34:00+05:30,5965,5965,5962.1,5964.95,803,
2024-12-09 14:35:00+05:30,5964.95,5964.95,5962.5,5964.85,669,
2024-12-09 14:36:00+05:30,5964.85,5964.85,5958.2,5960,1833,
2024-12-09 14:37:00+05:30,5960,5960,5958.35,5959.95,809,
2024-12-09 14:38:00+05:30,5960,5960,5959.9,5960,783,
2024-12-09 14:39:00+05:30,5960,5960,5959.55,5960,803,
2024-12-09 14:40:00+05:30,5960,5964.8,5959.95,5964.7,3951,
2024-12-09 14:41:00+05:30,5964.75,5964.9,5959.95,5964.85,881,
2024-12-09 14:42:00+05:30,5964.85,5967.75,5961.4,5967.75,1169,
2024-12-09 14:43:00+05:30,5967.75,5967.75,5962.55,5964.25,1724,
2024-12-09 14:44:00+05:30,5964.25,5964.25,5960.5,5963,459,
2024-12-09 14:45:00+05:30,5963,5965,5962.95,5965,718,
2024-12-09 14:46:00+05:30,5965,5965,5962.3,5964,923,
2024-12-09 14:47:00+05:30,5964,5964,5962,5963.35,589,
2024-12-09 14:48:00+05:30,5963.35,5965,5963.35,5964.35,709,
2024-12-09 14:49:00+05:30,5964,5965,5963.35,5964.85,735,
2024-12-09 14:50:00+05:30,5964.75,5964.75,5960.45,5962.45,812,
2024-12-09 14:51:00+05:30,5962.45,5963.7,5958,5959.95,1498,
2024-12-09 14:52:00+05:30,5960,5962,5960,5961.4,979,
2024-12-09 14:53:00+05:30,5961.35,5963.45,5959.55,5963.45,996,
2024-12-09 14:54:00+05:30,5963.45,5967,5961.7,5965.95,4891,
2024-12-09 14:55:00+05:30,5967,5969,5965.95,5968.15,688,
2024-12-09 14:56:00+05:30,5968,5968.1,5966.05,5967.5,587,
2024-12-09 14:57:00+05:30,5967.5,5968,5965,5967.25,978,
2024-12-09 14:58:00+05:30,5966.8,5967.2,5963.7,5965.4,889,
2024-12-09 14:59:00+05:30,5965.4,5967,5961.85,5965.6,1430,
2024-12-09 15:00:00+05:30,5965.55,5965.75,5962.85,5964.7,2876,
2024-12-09 15:01:00+05:30,5965,5966,5965,5966,830,
2024-12-09 15:02:00+05:30,5965.95,5966,5962.45,5962.45,2562,
2024-12-09 15:03:00+05:30,5964.8,5965.9,5962.65,5965.85,830,
2024-12-09 15:04:00+05:30,5965.85,5965.9,5963.5,5965.7,1536,
2024-12-09 15:05:00+05:30,5965.65,5967.65,5963.5,5965.95,1486,
2024-12-09 15:06:00+05:30,5965.9,5966.2,5965,5965.4,1555,
2024-12-09 15:07:00+05:30,5965.3,5965.6,5962.05,5965,4711,
2024-12-09 15:08:00+05:30,5965,5965.4,5960.65,5965.35,1464,
2024-12-09 15:09:00+05:30,5965,5965.3,5961,5963.95,1734,
2024-12-09 15:10:00+05:30,5963.95,5965.75,5963.95,5965,3534,
2024-12-09 15:11:00+05:30,5965,5965.35,5963.95,5964.85,1559,
2024-12-09 15:12:00+05:30,5964.85,5964.9,5964.75,5964.8,1633,
2024-12-09 15:13:00+05:30,5964.85,5965,5963.85,5965,2759,
2024-12-09 15:14:00+05:30,5964.8,5965.95,5963.85,5965.15,2231,
2024-12-09 15:15:00+05:30,5965.95,5966.95,5965,5965.15,2216,
2024-12-09 15:16:00+05:30,5965.15,5966.5,5959.3,5963.9,5202,
2024-12-09 15:17:00+05:30,5963.95,5964.05,5960.45,5963.9,3766,
2024-12-09 15:18:00+05:30,5963.9,5966.5,5958,5960.9,7335,
2024-12-09 15:19:00+05:30,5960.95,5961,5955.05,5959.95,3824,
2024-12-09 15:20:00+05:30,5959.85,5960.8,5956.7,5958.55,3962,
2024-12-09 15:21:00+05:30,5954.55,5959.25,5954.55,5958.05,3312,
2024-12-09 15:22:00+05:30,5958,5960.8,5957.8,5960.75,4856,
2024-12-09 15:23:00+05:30,5960.8,5960.8,5960.55,5960.6,1778,
2024-12-09 15:24:00+05:30,5960.55,5960.55,5950,5950,7075,
2024-12-09 15:25:00+05:30,5952,5953.9,5942.75,5942.75,2869,
2024-12-09 15:26:00+05:30,5945,5947.3,5942.55,5947.2,5318,
2024-12-09 15:27:00+05:30,5947.05,5950,5945,5950,2605,
2024-12-09 15:28:00+05:30,5950.4,5951.95,5949,5950,1473,
2024-12-09 15:29:00+05:30,5951.9,5955,5950,5951.85,885,
2024-12-10 09:15:00+05:30,5989.45,6004.75,5976,5999.1,6152,
2024-12-10 09:16:00+05:30,5996.45,6007.15,5996,5996,8088,
2024-12-10 09:17:00+05:30,5995,6000.25,5990,5998,2912,
2024-12-10 09:18:00+05:30,6000,6001.75,5991.8,5997,2038,
2024-12-10 09:19:00+05:30,5997,6018.75,5997,6004.9,8196,
2024-12-10 09:20:00+05:30,6007.65,6029.8,6005,6016.15,14816,
2024-12-10 09:21:00+05:30,6021,6032.8,6019.15,6019.35,8059,
2024-12-10 09:22:00+05:30,6019.1,6022.6,6010,6019.65,1658,
2024-12-10 09:23:00+05:30,6019.65,6023.2,6012.15,6012.2,1734,
2024-12-10 09:24:00+05:30,6012.2,6017.85,6005.25,6010.75,1705,
2024-12-10 09:25:00+05:30,6009,6010.75,6007.3,6009.95,1171,
2024-12-10 09:26:00+05:30,6010,6011.55,6006.6,6011.5,569,
2024-12-10 09:27:00+05:30,6011.5,6012.3,6007.5,6010,545,
2024-12-10 09:28:00+05:30,6007.6,6009.95,6007.5,6009.95,660,
2024-12-10 09:29:00+05:30,6009.95,6015,6009.95,6015,746,
2024-12-10 09:30:00+05:30,6015,6017.75,6013.75,6016.45,653,
2024-12-10 09:31:00+05:30,6016.45,6022.45,6016.45,6020.05,1349,
2024-12-10 09:32:00+05:30,6020.05,6021.75,6015.4,6021.7,1363,
2024-12-10 09:33:00+05:30,6019.9,6019.9,6015.25,6018.75,1260,
2024-12-10 09:34:00+05:30,6018.75,6022,6016.65,6022,1107,
2024-12-10 09:35:00+05:30,6022,6024,6020.25,6024,1451,
2024-12-10 09:36:00+05:30,6020.8,6022.45,6014.4,6017.55,697,
2024-12-10 09:37:00+05:30,6015,6016.25,6007.5,6008.05,1768,
2024-12-10 09:38:00+05:30,6008.05,6012.8,6005.75,6012.05,1370,
2024-12-10 09:39:00+05:30,6012.1,6018,6000.6,6003.7,1574,
2024-12-10 09:40:00+05:30,6003.7,6003.7,5997,5998.1,1795,
2024-12-10 09:41:00+05:30,5998.1,6000.15,5998,5999.8,1508,
2024-12-10 09:42:00+05:30,5999.8,6000,5993.7,5993.7,315,
2024-12-10 09:43:00+05:30,5995.55,5995.55,5981.95,5984,2471,
2024-12-10 09:44:00+05:30,5984,5985.05,5975,5978,2536,
2024-12-10 09:45:00+05:30,5978,5980.3,5972.05,5974,1538,
2024-12-10 09:46:00+05:30,5974,5980,5973.25,5977.55,547,
2024-12-10 09:47:00+05:30,5977,5978.85,5976,5976.25,464,
2024-12-10 09:48:00+05:30,5976.25,5985.05,5976.25,5985.05,430,
2024-12-10 09:49:00+05:30,5985.05,5985.05,5977.3,5982.5,743,
2024-12-10 09:50:00+05:30,5982.2,5983.7,5976.25,5978,925,
2024-12-10 09:51:00+05:30,5978,5983,5975.6,5980.65,400,
2024-12-10 09:52:00+05:30,5980.65,5984.8,5980.55,5982,1027,
2024-12-10 09:53:00+05:30,5981.1,5982,5977,5978.05,446,
2024-12-10 09:54:00+05:30,5978.05,5984.3,5978.05,5978.75,554,
2024-12-10 09:55:00+05:30,5978.75,5981.4,5978.35,5979.4,261,
2024-12-10 09:56:00+05:30,5979.4,5981.3,5979.4,5979.5,73,
2024-12-10 09:57:00+05:30,5979.5,5979.5,5976,5977,797,
2024-12-10 09:58:00+05:30,5977,5983.35,5977,5980,594,
2024-12-10 09:59:00+05:30,5980.15,5982.6,5978.95,5982,288,
2024-12-10 10:00:00+05:30,5980,5981.85,5978,5980.7,468,
2024-12-10 10:01:00+05:30,5980.7,5980.75,5978.3,5978.6,98,
2024-12-10 10:02:00+05:30,5978.8,5982,5978.8,5979.85,87,
2024-12-10 10:03:00+05:30,5980.4,5985,5980.15,5985,76,
2024-12-10 10:04:00+05:30,5985,5985,5974.25,5974.25,1772,
2024-12-10 10:05:00+05:30,5974.15,5974.15,5970.5,5970.5,993,
2024-12-10 10:06:00+05:30,5970.9,5971.5,5964.5,5970.15,2258,
2024-12-10 10:07:00+05:30,5970.15,5973.05,5968,5968.1,1142,
2024-12-10 10:08:00+05:30,5968.1,5983.85,5966.35,5980,1770,
2024-12-10 10:09:00+05:30,5980,5981.5,5977,5980,339,
2024-12-10 10:10:00+05:30,5980,5980,5979.05,5980,232,
2024-12-10 10:11:00+05:30,5980.2,5983.75,5979.95,5980,405,
2024-12-10 10:12:00+05:30,5980.05,5982,5979.1,5979.1,268,
2024-12-10 10:13:00+05:30,5979.1,5980,5976.9,5979.95,180,
2024-12-10 10:14:00+05:30,5979.95,5981,5979.05,5979.1,187,
2024-12-10 10:15:00+05:30,5979.1,5987.8,5979.1,5986,1480,
2024-12-10 10:16:00+05:30,5985.85,5985.85,5984.05,5984.05,167,
2024-12-10 10:17:00+05:30,5984.05,5984.3,5980,5980,96,
2024-12-10 10:18:00+05:30,5980,5981.95,5977,5978.5,202,
2024-12-10 10:19:00+05:30,5978.5,5982,5978.45,5981.65,170,
2024-12-10 10:20:00+05:30,5981.65,5982,5979.05,5980.4,330,
2024-12-10 10:21:00+05:30,5980.45,5982,5977.8,5979.1,318,
2024-12-10 10:22:00+05:30,5979.1,5980,5977,5977,404,
2024-12-10 10:23:00+05:30,5977,5980,5977,5980,143,
2024-12-10 10:24:00+05:30,5980,5983,5980,5983,424,
2024-12-10 10:25:00+05:30,5983,5983,5982.05,5983,82,
2024-12-10 10:26:00+05:30,5982.55,5985,5976.15,5980,2675,
2024-12-10 10:27:00+05:30,5980,5982,5980,5981.1,443,
2024-12-10 10:28:00+05:30,5981.1,5982,5980,5980,535,
2024-12-10 10:29:00+05:30,5980,5982,5978.2,5980.3,208,
2024-12-10 10:30:00+05:30,5980.3,5985,5980.3,5982.4,539,
2024-12-10 10:31:00+05:30,5982.4,5985,5981.05,5983.55,352,
2024-12-10 10:32:00+05:30,5983.55,5987,5982.15,5985.7,692,
2024-12-10 10:33:00+05:30,5985.7,5988.8,5985.7,5987.25,166,
2024-12-10 10:34:00+05:30,5987.25,5989.95,5985.1,5986,493,
2024-12-10 10:35:00+05:30,5986.25,5988.85,5986.2,5986.45,16,
2024-12-10 10:36:00+05:30,5986.45,5990,5986.45,5987.2,352,
2024-12-10 10:37:00+05:30,5987.2,5990,5985,5987.2,721,
2024-12-10 10:38:00+05:30,5987.2,5987.2,5982.9,5985,165,
2024-12-10 10:39:00+05:30,5985,5986.7,5982,5983.05,370,
2024-12-10 10:40:00+05:30,5983.05,5985.5,5983.05,5983.9,278,
2024-12-10 10:41:00+05:30,5985.05,5995,5985.05,5987.55,3200,
2024-12-10 10:42:00+05:30,5987.4,5991.55,5985,5991.45,4936,
2024-12-10 10:43:00+05:30,5991.45,5996.6,5987.6,5989.45,8217,
2024-12-10 10:44:00+05:30,5993.55,5993.55,5984,5984,642,
2024-12-10 10:45:00+05:30,5984,5986.4,5983.8,5986.2,307,
2024-12-10 10:46:00+05:30,5984.6,5987,5983.95,5983.95,511,
2024-12-10 10:47:00+05:30,5983.55,5984.35,5980,5980.3,235,
2024-12-10 10:48:00+05:30,5980.3,5983.35,5980,5980.3,56,
2024-12-10 10:49:00+05:30,5980.3,5984.75,5980.3,5982.55,112,
2024-12-10 10:50:00+05:30,5982.5,5983,5981,5981.7,464,
2024-12-10 10:51:00+05:30,5981.75,5986.8,5981.75,5983.4,242,
2024-12-10 10:52:00+05:30,5983.4,5983.4,5982.35,5982.4,13,
2024-12-10 10:53:00+05:30,5982.4,5984.7,5980,5980,104,
2024-12-10 10:54:00+05:30,5980,5982.3,5971.55,5972.3,1075,
2024-12-10 10:55:00+05:30,5972.3,5977.5,5970,5977.5,428,
2024-12-10 10:56:00+05:30,5977.5,5977.5,5971,5975.25,346,
2024-12-10 10:57:00+05:30,5975.25,5975.25,5970.1,5971.55,227,
2024-12-10 10:58:00+05:30,5971.55,5973.75,5970.1,5972.8,22,
2024-12-10 10:59:00+05:30,5972.8,5972.8,5966.35,5969,593,
2024-12-10 11:00:00+05:30,5966.5,5966.9,5961.2,5965,771,
2024-12-10 11:01:00+05:30,5965,5966.3,5961.85,5965,159,
2024-12-10 11:02:00+05:30,5965,5967,5964.95,5967,115,
2024-12-10 11:03:00+05:30,5967,5968.75,5965.5,5966.15,192,
2024-12-10 11:04:00+05:30,5966.15,5968.6,5965,5968.6,89,
2024-12-10 11:05:00+05:30,5968.6,5969.3,5966.35,5969.3,257,
2024-12-10 11:06:00+05:30,5969.3,5969.3,5957,5957,1855,
2024-12-10 11:07:00+05:30,5959.35,5960.9,5952.3,5958.85,1135,
2024-12-10 11:08:00+05:30,5959.3,5959.3,5953.75,5956.8,462,
2024-12-10 11:09:00+05:30,5955.25,5959,5955.25,5959,168,
2024-12-10 11:10:00+05:30,5959,5964.05,5958.35,5964.05,515,
2024-12-10 11:11:00+05:30,5964.05,5965.3,5958,5961.25,563,
2024-12-10 11:12:00+05:30,5961.25,5963,5961.25,5963,66,
2024-12-10 11:13:00+05:30,5963,5964.8,5962.15,5962.75,84,
2024-12-10 11:14:00+05:30,5962.75,5965.95,5962.75,5965,56,
2024-12-10 11:15:00+05:30,5965,5968.1,5962.85,5966.65,622,
2024-12-10 11:16:00+05:30,5966.65,5966.65,5963,5965,205,
2024-12-10 11:17:00+05:30,5965,5965,5963.55,5964,51,
2024-12-10 11:18:00+05:30,5964,5965,5964,5965,28,
2024-12-10 11:19:00+05:30,5965,5967,5965,5967,471,
2024-12-10 11:20:00+05:30,5967,5967,5964.25,5964.3,417,
2024-12-10 11:21:00+05:30,5964.3,5966.25,5964.3,5964.3,64,
2024-12-10 11:22:00+05:30,5964.3,5965,5961.55,5961.55,338,
2024-12-10 11:23:00+05:30,5961.65,5964.45,5960.95,5961.85,47,
2024-12-10 11:24:00+05:30,5961.85,5965.3,5961.5,5961.5,172,
2024-12-10 11:25:00+05:30,5960.65,5963.75,5960,5961.15,87,
2024-12-10 11:26:00+05:30,5961.25,5964.45,5961.25,5962.4,126,
2024-12-10 11:27:00+05:30,5962.4,5964.75,5960.25,5963,156,
2024-12-10 11:28:00+05:30,5963,5964.2,5961.8,5961.9,77,
2024-12-10 11:29:00+05:30,5961.9,5964.15,5961.9,5962.6,35,
2024-12-10 11:30:00+05:30,5962.6,5964.6,5962.4,5962.5,107,
2024-12-10 11:31:00+05:30,5962.5,5964.6,5962.5,5964.6,41,
2024-12-10 11:32:00+05:30,5963,5963.85,5961.8,5962.05,123,
2024-12-10 11:33:00+05:30,5963.75,5963.75,5956,5957.75,1313,
2024-12-10 11:34:00+05:30,5957.05,5958.9,5957.05,5958.9,113,
2024-12-10 11:35:00+05:30,5958,5959.9,5958,5958.1,51,
2024-12-10 11:36:00+05:30,5958.1,5959.8,5958.1,5958.25,104,
2024-12-10 11:37:00+05:30,5958.25,5959.3,5955.4,5955.4,137,
2024-12-10 11:38:00+05:30,5955.5,5957,5955.25,5955.55,141,
2024-12-10 11:39:00+05:30,5956,5956.6,5950.15,5954.45,777,
2024-12-10 11:40:00+05:30,5951.2,5955.8,5950.15,5951.85,592,
2024-12-10 11:41:00+05:30,5951.85,5951.95,5951,5951.95,202,
2024-12-10 11:42:00+05:30,5951.95,5954.5,5948,5948,2180,
2024-12-10 11:43:00+05:30,5949.05,5955,5949.05,5955,505,
2024-12-10 11:44:00+05:30,5954.3,5955,5954.3,5955,80,
2024-12-10 11:45:00+05:30,5955,5955,5952.45,5955,465,
2024-12-10 11:46:00+05:30,5955,5955,5951,5952.85,45,
2024-12-10 11:47:00+05:30,5952.85,5952.85,5945,5948,445,
2024-12-10 11:48:00+05:30,5948,5949.05,5945.75,5946.9,275,
2024-12-10 11:49:00+05:30,5946.9,5950.65,5946,5948.1,119,
2024-12-10 11:50:00+05:30,5946,5948.75,5946,5946.6,157,
2024-12-10 11:51:00+05:30,5948.9,5948.95,5946.45,5946.9,112,
2024-12-10 11:52:00+05:30,5952.9,5952.9,5947.05,5947.1,1176,
2024-12-10 11:53:00+05:30,5947.1,5947.1,5933.4,5936.65,2093,
2024-12-10 11:54:00+05:30,5935.3,5938.1,5931.2,5933.15,766,
2024-12-10 11:55:00+05:30,5933.15,5942.7,5933.15,5937.35,396,
2024-12-10 11:56:00+05:30,5937.45,5940.75,5934.35,5940.75,586,
2024-12-10 11:57:00+05:30,5939.45,5940.9,5939,5940,365,
2024-12-10 11:58:00+05:30,5940,5940,5938.25,5940,237,
2024-12-10 11:59:00+05:30,5940,5945.35,5938.5,5945.1,1060,
2024-12-10 12:00:00+05:30,5944.95,5944.95,5942.6,5944.75,162,
2024-12-10 12:01:00+05:30,5942.65,5944.7,5942.65,5944.25,119,
2024-12-10 12:02:00+05:30,5944.25,5944.25,5940,5940,270,
2024-12-10 12:03:00+05:30,5940,5942.2,5938.4,5940,69,
2024-12-10 12:04:00+05:30,5938.1,5940,5935.1,5939,266,
2024-12-10 12:05:00+05:30,5939,5943.45,5938,5941.85,283,
2024-12-10 12:06:00+05:30,5941.95,5942.7,5939.5,5942.3,329,
2024-12-10 12:07:00+05:30,5942.3,5942.5,5934,5936.7,604,
2024-12-10 12:08:00+05:30,5936.7,5938.3,5934.85,5937.85,129,
2024-12-10 12:09:00+05:30,5937.85,5937.95,5935,5937.95,125,
2024-12-10 12:10:00+05:30,5937.95,5939.55,5935.3,5939.05,465,
2024-12-10 12:11:00+05:30,5939.05,5939.35,5936.45,5936.85,60,
2024-12-10 12:12:00+05:30,5936.85,5938.05,5934.35,5937.25,333,
2024-12-10 12:13:00+05:30,5936,5939.15,5935.1,5939.15,343,
2024-12-10 12:14:00+05:30,5939,5940,5939,5939,84,
2024-12-10 12:15:00+05:30,5939,5939,5924.15,5924.75,1132,
2024-12-10 12:16:00+05:30,5925.1,5933.9,5925.1,5933,657,
2024-12-10 12:17:00+05:30,5931.4,5933,5931,5933,289,
2024-12-10 12:18:00+05:30,5932.45,5934.95,5932.45,5932.5,189,
2024-12-10 12:19:00+05:30,5932.5,5936.4,5932.5,5934.6,201,
2024-12-10 12:20:00+05:30,5932.7,5935.25,5932.65,5933.7,350,
2024-12-10 12:21:00+05:30,5933.7,5933.7,5930.05,5932,541,
2024-12-10 12:22:00+05:30,5931.55,5933.8,5931.5,5932,226,
2024-12-10 12:23:00+05:30,5932,5933.7,5931.85,5932.6,59,
2024-12-10 12:24:00+05:30,5932.6,5933.55,5929.25,5929.25,154,
2024-12-10 12:25:00+05:30,5929.3,5934.85,5929.3,5932,397,
2024-12-10 12:26:00+05:30,5932,5933.95,5928,5929.5,1047,
2024-12-10 12:27:00+05:30,5928,5932.35,5927,5930.75,180,
2024-12-10 12:28:00+05:30,5930.75,5933,5930.75,5930.8,83,
2024-12-10 12:29:00+05:30,5932,5932,5930.75,5931.95,125,
2024-12-10 12:30:00+05:30,5931.95,5932,5930.75,5931.35,134,
2024-12-10 12:31:00+05:30,5931.35,5932,5928.6,5929.75,229,
2024-12-10 12:32:00+05:30,5929.75,5929.75,5928,5929.5,110,
2024-12-10 12:33:00+05:30,5929.5,5931.9,5928,5930.15,299,
2024-12-10 12:34:00+05:30,5930.15,5932,5930,5930,107,
2024-12-10 12:35:00+05:30,5930,5930,5918,5925,1931,
2024-12-10 12:36:00+05:30,5923.95,5925,5923.95,5925,46,
2024-12-10 12:37:00+05:30,5925,5930,5923.95,5929.3,726,
2024-12-10 12:38:00+05:30,5927.7,5930,5927,5927,270,
2024-12-10 12:39:00+05:30,5927,5928.9,5923.05,5926.25,195,
2024-12-10 12:40:00+05:30,5926.25,5928.95,5925.95,5927.75,669,
2024-12-10 12:41:00+05:30,5926.1,5927.6,5917.65,5926.9,2902,
2024-12-10 12:42:00+05:30,5926.9,5928.75,5925.3,5926.7,185,
2024-12-10 12:43:00+05:30,5928.1,5929,5923.8,5926.4,4894,
2024-12-10 12:44:00+05:30,5923.95,5927,5921.85,5924.35,466,
2024-12-10 12:45:00+05:30,5924.35,5924.35,5921.4,5921.4,92,
2024-12-10 12:46:00+05:30,5921.4,5924.05,5921,5921.6,1309,
2024-12-10 12:47:00+05:30,5921.6,5924.25,5915,5919.25,1283,
2024-12-10 12:48:00+05:30,5919.25,5919.95,5916.05,5916.75,337,
2024-12-10 12:49:00+05:30,5916.75,5919.9,5916.1,5919.65,2458,
2024-12-10 12:50:00+05:30,5919.65,5919.65,5915,5916.6,459,
2024-12-10 12:51:00+05:30,5911.6,5915.2,5910,5913.3,438,
2024-12-10 12:52:00+05:30,5913,5915.05,5913,5914,202,
2024-12-10 12:53:00+05:30,5914,5917.25,5911.65,5915,381,
2024-12-10 12:54:00+05:30,5914.45,5916.65,5914.45,5916.65,261,
2024-12-10 12:55:00+05:30,5916.65,5919.95,5915,5919.9,477,
2024-12-10 12:56:00+05:30,5917.9,5919.85,5917.9,5917.9,241,
2024-12-10 12:57:00+05:30,5917.9,5919,5914.05,5918.15,438,
2024-12-10 12:58:00+05:30,5918.15,5919,5915.5,5915.8,124,
2024-12-10 12:59:00+05:30,5916,5918.45,5915,5915,276,
2024-12-10 13:00:00+05:30,5915,5916.55,5913.75,5913.75,196,
2024-12-10 13:01:00+05:30,5913.75,5914.3,5910,5910.1,307,
2024-12-10 13:02:00+05:30,5910.1,5916.85,5910.1,5916.85,263,
2024-12-10 13:03:00+05:30,5916.85,5917.9,5914.25,5915,443,
2024-12-10 13:04:00+05:30,5915,5918,5915,5918,88,
2024-12-10 13:05:00+05:30,5918,5920,5917.25,5918.9,160,
2024-12-10 13:06:00+05:30,5918.9,5920,5918,5919.9,385,
2024-12-10 13:07:00+05:30,5918.1,5919.85,5917,5918.5,89,
2024-12-10 13:08:00+05:30,5917,5917.55,5917,5917.55,68,
2024-12-10 13:09:00+05:30,5917,5917,5914,5914,142,
2024-12-10 13:10:00+05:30,5912.25,5913.85,5892.45,5907.75,10835,
2024-12-10 13:11:00+05:30,5907,5910.45,5897.1,5897.1,10983,
2024-12-10 13:12:00+05:30,5897.1,5905.8,5897.1,5903.5,1710,
2024-12-10 13:13:00+05:30,5903.5,5905.8,5899.55,5901.1,1111,
2024-12-10 13:14:00+05:30,5901.1,5901.1,5895,5898.15,791,
2024-12-10 13:15:00+05:30,5896.35,5899.5,5895.25,5898.5,606,
2024-12-10 13:16:00+05:30,5898.5,5899.9,5896.7,5899.35,135,
2024-12-10 13:17:00+05:30,5899.3,5899.7,5898,5899.7,195,
2024-12-10 13:18:00+05:30,5898.35,5900.95,5892.05,5894.6,695,
2024-12-10 13:19:00+05:30,5895.75,5896.7,5892.05,5892.15,666,
2024-12-10 13:20:00+05:30,5892.15,5893.3,5890.8,5890.8,497,
2024-12-10 13:21:00+05:30,5890.8,5896.65,5888.6,5891.75,1901,
2024-12-10 13:22:00+05:30,5891.75,5891.9,5888.3,5890,490,
2024-12-10 13:23:00+05:30,5890,5892,5889.5,5892,697,
2024-12-10 13:24:00+05:30,5890.9,5894.45,5890.9,5894.45,945,
2024-12-10 13:25:00+05:30,5892,5894.2,5891.2,5893,285,
2024-12-10 13:26:00+05:30,5893,5895.65,5891.1,5893.3,645,
2024-12-10 13:27:00+05:30,5891.5,5893.45,5890,5892.6,434,
2024-12-10 13:28:00+05:30,5892.6,5893.3,5892,5893.3,210,
2024-12-10 13:29:00+05:30,5893.3,5893.3,5889,5889,249,
2024-12-10 13:30:00+05:30,5889,5890,5880.5,5884.95,3336,
2024-12-10 13:31:00+05:30,5884.95,5887.75,5884.3,5885.5,251,
2024-12-10 13:32:00+05:30,5885.5,5886.3,5885.5,5885.65,265,
2024-12-10 13:33:00+05:30,5885.55,5886.3,5885.55,5885.9,104,
2024-12-10 13:34:00+05:30,5885.85,5885.85,5880.25,5883.85,875,
2024-12-10 13:35:00+05:30,5883.85,5883.85,5882.1,5883.55,215,
2024-12-10 13:36:00+05:30,5883.55,5883.85,5883.55,5883.85,223,
2024-12-10 13:37:00+05:30,5883.7,5883.85,5881.75,5883.05,333,
2024-12-10 13:38:00+05:30,5882.8,5883.9,5882.1,5882.35,272,
2024-12-10 13:39:00+05:30,5882.35,5883,5882,5882.1,87,
2024-12-10 13:40:00+05:30,5882.1,5883,5882,5882.1,355,
2024-12-10 13:41:00+05:30,5882.1,5882.9,5875.55,5879.1,1930,
2024-12-10 13:42:00+05:30,5879.05,5879.05,5872.7,5874,1272,
2024-12-10 13:43:00+05:30,5874,5875,5871,5874.95,1031,
2024-12-10 13:44:00+05:30,5873.7,5875,5873.7,5875,454,
2024-12-10 13:45:00+05:30,5873.9,5882.2,5873.9,5881.7,697,
2024-12-10 13:46:00+05:30,5880.25,5882.35,5880,5881,1040,
2024-12-10 13:47:00+05:30,5881,5881.8,5879.25,5879.25,344,
2024-12-10 13:48:00+05:30,5879.25,5879.25,5873.7,5873.7,462,
2024-12-10 13:49:00+05:30,5873.7,5880,5873.7,5875.35,630,
2024-12-10 13:50:00+05:30,5875.35,5876.1,5872,5874,2196,
2024-12-10 13:51:00+05:30,5875,5876.2,5875,5876.2,94,
2024-12-10 13:52:00+05:30,5876.3,5876.95,5874,5876.05,586,
2024-12-10 13:53:00+05:30,5876,5880,5876,5879.35,849,
2024-12-10 13:54:00+05:30,5879.35,5879.95,5873.75,5873.75,1022,
2024-12-10 13:55:00+05:30,5873.75,5879.1,5873.75,5877,456,
2024-12-10 13:56:00+05:30,5876.9,5880,5876.9,5878,453,
2024-12-10 13:57:00+05:30,5879,5880,5878,5878.7,592,
2024-12-10 13:58:00+05:30,5878.7,5878.7,5873.7,5875,1992,
2024-12-10 13:59:00+05:30,5875,5877.5,5875,5877.5,1287,
2024-12-10 14:00:00+05:30,5877.5,5880,5877.5,5880,277,
2024-12-10 14:01:00+05:30,5879.05,5880,5879,5880,647,
2024-12-10 14:02:00+05:30,5879,5879.45,5878.1,5879.45,577,
2024-12-10 14:03:00+05:30,5879.25,5885,5879,5884.65,2596,
2024-12-10 14:04:00+05:30,5882,5884.95,5882,5884.7,546,
2024-12-10 14:05:00+05:30,5884.7,5884.9,5883,5883.05,695,
2024-12-10 14:06:00+05:30,5883.05,5884.9,5882.2,5882.2,966,
2024-12-10 14:07:00+05:30,5882.05,5883.15,5882.05,5882.05,513,
2024-12-10 14:08:00+05:30,5882.05,5884.35,5882.05,5884.35,299,
2024-12-10 14:09:00+05:30,5885,5885,5884.1,5884.25,1670,
2024-12-10 14:10:00+05:30,5884.3,5885,5884.25,5884.4,305,
2024-12-10 14:11:00+05:30,5884.4,5887.5,5882.1,5885.1,1402,
2024-12-10 14:12:00+05:30,5886.45,5887.5,5885.1,5886.45,269,
2024-12-10 14:13:00+05:30,5886.45,5887.5,5886.45,5887,132,
2024-12-10 14:14:00+05:30,5887,5887.5,5882.95,5887.05,2441,
2024-12-10 14:15:00+05:30,5887.1,5895,5887.1,5895,1580,
2024-12-10 14:16:00+05:30,5895,5897.5,5893.65,5895.95,1202,
2024-12-10 14:17:00+05:30,5895.95,5900,5895.95,5896.4,2664,
2024-12-10 14:18:00+05:30,5896.4,5898.8,5896.4,5898,538,
2024-12-10 14:19:00+05:30,5898.05,5898.7,5896.75,5897.1,571,
2024-12-10 14:20:00+05:30,5896,5896.9,5892.75,5893.1,1001,
2024-12-10 14:21:00+05:30,5893.1,5895.05,5893.1,5895.05,287,
2024-12-10 14:22:00+05:30,5895.05,5895.6,5895,5895.25,146,
2024-12-10 14:23:00+05:30,5895.25,5895.6,5893.65,5895.6,372,
2024-12-10 14:24:00+05:30,5895.6,5895.6,5895.4,5895.45,127,
2024-12-10 14:25:00+05:30,5895.5,5897.8,5895.45,5895.65,348,
2024-12-10 14:26:00+05:30,5896,5897.15,5895.65,5897.15,239,
2024-12-10 14:27:00+05:30,5895.7,5897.15,5895.7,5897.15,102,
2024-12-10 14:28:00+05:30,5896.05,5897.15,5896.05,5897.15,175,
2024-12-10 14:29:00+05:30,5897,5899,5897,5897.75,530,
2024-12-10 14:30:00+05:30,5897.75,5900,5895,5895,2158,
2024-12-10 14:31:00+05:30,5894.05,5895.9,5890.6,5890.75,1019,
2024-12-10 14:32:00+05:30,5890.75,5895,5890.75,5895,550,
2024-12-10 14:33:00+05:30,5895.8,5898.5,5894,5897,908,
2024-12-10 14:34:00+05:30,5897.1,5897.65,5894.6,5894.75,581,
2024-12-10 14:35:00+05:30,5895,5897.2,5894.3,5897,2520,
2024-12-10 14:36:00+05:30,5897,5897.2,5895.4,5895.45,441,
2024-12-10 14:37:00+05:30,5895.45,5897.25,5895.45,5896.6,741,
2024-12-10 14:38:00+05:30,5896,5897.2,5893.75,5893.85,177,
2024-12-10 14:39:00+05:30,5893,5894,5891,5893,1208,
2024-12-10 14:40:00+05:30,5891.95,5897.5,5891.95,5897,905,
2024-12-10 14:41:00+05:30,5897,5897.5,5897,5897.2,74,
2024-12-10 14:42:00+05:30,5897.5,5897.5,5893.7,5896.25,204,
2024-12-10 14:43:00+05:30,5896.25,5897.5,5894.05,5896,526,
2024-12-10 14:44:00+05:30,5896,5897.65,5896,5897.2,484,
2024-12-10 14:45:00+05:30,5897.2,5897.9,5897.2,5897.6,408,
2024-12-10 14:46:00+05:30,5897.9,5897.9,5895,5895,185,
2024-12-10 14:47:00+05:30,5895,5897.75,5895,5896.5,238,
2024-12-10 14:48:00+05:30,5896.1,5896.5,5895.05,5896.5,159,
2024-12-10 14:49:00+05:30,5896.5,5896.5,5893.65,5894.85,253,
2024-12-10 14:50:00+05:30,5894.85,5896.5,5894.85,5895.3,351,
2024-12-10 14:51:00+05:30,5895.3,5897.9,5894.4,5897.9,2313,
2024-12-10 14:52:00+05:30,5896.35,5900,5896.3,5899.9,999,
2024-12-10 14:53:00+05:30,5898.15,5899.75,5896.7,5897.6,587,
2024-12-10 14:54:00+05:30,5897.6,5898.5,5895,5895,427,
2024-12-10 14:55:00+05:30,5895,5896.1,5894.1,5896,490,
2024-12-10 14:56:00+05:30,5896,5896,5894,5895.8,755,
2024-12-10 14:57:00+05:30,5895.8,5896.05,5894,5896,546,
2024-12-10 14:58:00+05:30,5895.95,5896.05,5893.55,5893.95,680,
2024-12-10 14:59:00+05:30,5893.95,5897.95,5893.95,5897.95,1785,
2024-12-10 15:00:00+05:30,5898,5930,5898,5924.55,16679,
2024-12-10 15:01:00+05:30,5924.55,5925,5920.95,5923.1,3136,
2024-12-10 15:02:00+05:30,5923.1,5925,5923.1,5925,1192,
2024-12-10 15:03:00+05:30,5925,5925,5924.9,5925,1882,
2024-12-10 15:04:00+05:30,5925,5927.7,5920.65,5923.25,4226,
2024-12-10 15:05:00+05:30,5923.4,5925,5921.95,5923.75,2681,
2024-12-10 15:06:00+05:30,5923.75,5933.05,5922.1,5933.05,3058,
2024-12-10 15:07:00+05:30,5933.35,5939.7,5933.35,5939.7,2604,
2024-12-10 15:08:00+05:30,5938.1,5939.65,5935.15,5936.95,2691,
2024-12-10 15:09:00+05:30,5937.05,5943.95,5935.6,5943.95,3236,
2024-12-10 15:10:00+05:30,5943.05,5943.55,5942.25,5942.45,2689,
2024-12-10 15:11:00+05:30,5943.9,5943.9,5942.45,5942.5,1927,
2024-12-10 15:12:00+05:30,5942.5,5943.7,5942.45,5943.7,2917,
2024-12-10 15:13:00+05:30,5943.95,5945,5942.95,5943,3145,
2024-12-10 15:14:00+05:30,5943,5944,5942.95,5943.75,2113,
2024-12-10 15:15:00+05:30,5943.75,5944.7,5943.15,5944,3157,
2024-12-10 15:16:00+05:30,5944.25,5944.25,5940.65,5942.7,3158,
2024-12-10 15:17:00+05:30,5942.8,5945,5942.8,5945,1902,
2024-12-10 15:18:00+05:30,5945,5947.95,5945,5947,5473,
2024-12-10 15:19:00+05:30,5945.6,5947.95,5944.55,5944.6,3070,
2024-12-10 15:20:00+05:30,5944.7,5947.5,5941.05,5942,5578,
2024-12-10 15:21:00+05:30,5942,5942.95,5941.35,5942.9,1631,
2024-12-10 15:22:00+05:30,5942.9,5942.95,5932.1,5936.35,3830,
2024-12-10 15:23:00+05:30,5936.35,5936.6,5929.7,5931.6,2426,
2024-12-10 15:24:00+05:30,5933,5937.5,5930.25,5933.95,3067,
2024-12-10 15:25:00+05:30,5933.95,5939.6,5931.45,5938.8,1629,
2024-12-10 15:26:00+05:30,5937.1,5939.15,5933.75,5937.05,3619,
2024-12-10 15:27:00+05:30,5937.2,5937.65,5924.6,5924.6,2419,
2024-12-10 15:28:00+05:30,5923.9,5935,5919.95,5935,1557,
2024-12-10 15:29:00+05:30,5929.75,5938.95,5923.7,5936,1384,
2024-12-11 09:15:00+05:30,5956,5956,5926.4,5940.05,6319,
2024-12-11 09:16:00+05:30,5944.95,5953.4,5939.1,5953.3,1853,
2024-12-11 09:17:00+05:30,5954.25,5957.6,5933.7,5936.1,2033,
2024-12-11 09:18:00+05:30,5937.05,5943.6,5937,5943.6,632,
2024-12-11 09:19:00+05:30,5943.5,5950,5942.85,5947.95,560,
2024-12-11 09:20:00+05:30,5949.95,5949.95,5940.05,5940.95,486,
2024-12-11 09:21:00+05:30,5941,5950.95,5940.85,5949.55,1008,
2024-12-11 09:22:00+05:30,5949.55,5953.95,5945,5951.2,667,
2024-12-11 09:23:00+05:30,5947.4,5961.85,5947.35,5961.6,601,
2024-12-11 09:24:00+05:30,5958.35,5962.4,5955,5958.95,846,
2024-12-11 09:25:00+05:30,5958.95,5967.45,5958.9,5960.55,1655,
2024-12-11 09:26:00+05:30,5960.55,5969.7,5960.55,5967.1,1179,
2024-12-11 09:27:00+05:30,5967.1,5970,5962.5,5967.85,769,
2024-12-11 09:28:00+05:30,5967.85,5970.5,5965.4,5969.95,720,
2024-12-11 09:29:00+05:30,5969.95,5969.95,5965,5966.05,350,
2024-12-11 09:30:00+05:30,5966.05,5968.7,5951,5954.55,1975,
2024-12-11 09:31:00+05:30,5953.9,5956.35,5947,5953,2272,
2024-12-11 09:32:00+05:30,5953,5956.65,5948.1,5948.1,846,
2024-12-11 09:33:00+05:30,5948,5951.75,5945.65,5946.7,614,
2024-12-11 09:34:00+05:30,5946.7,5950.15,5946.7,5948.3,80,
2024-12-11 09:35:00+05:30,5948.3,5950.15,5948.3,5949.55,296,
2024-12-11 09:36:00+05:30,5948.5,5950.9,5946.4,5950,534,
2024-12-11 09:37:00+05:30,5950,5953,5948.75,5950.7,204,
2024-12-11 09:38:00+05:30,5950.7,5955.95,5950.7,5955.95,105,
2024-12-11 09:39:00+05:30,5955.95,5955.95,5950,5951,507,
2024-12-11 09:40:00+05:30,5951,5952.85,5943.8,5943.85,1239,
2024-12-11 09:41:00+05:30,5943.95,5951,5943.35,5949.2,119,
2024-12-11 09:42:00+05:30,5949.2,5950.85,5946.45,5949.65,119,
2024-12-11 09:43:00+05:30,5949.65,5949.65,5943.35,5946.25,223,
2024-12-11 09:44:00+05:30,5946.25,5947.45,5940,5943.75,886,
2024-12-11 09:45:00+05:30,5943.75,5944.2,5941.45,5942.45,89,
2024-12-11 09:46:00+05:30,5942.45,5945,5941.25,5942,390,
2024-12-11 09:47:00+05:30,5942,5942.9,5940,5942.75,344,
2024-12-11 09:48:00+05:30,5942.75,5943.75,5940.7,5943.75,104,
2024-12-11 09:49:00+05:30,5943.75,5947.15,5931.55,5931.55,1570,
2024-12-11 09:50:00+05:30,5931.55,5933.65,5920,5920.4,1269,
2024-12-11 09:51:00+05:30,5920,5930.5,5915.55,5928.9,3839,
2024-12-11 09:52:00+05:30,5928.9,5930.75,5922.05,5926.1,1236,
2024-12-11 09:53:00+05:30,5926.15,5929.3,5924.35,5926.75,65,
2024-12-11 09:54:00+05:30,5926.75,5932.4,5926.75,5930,604,
2024-12-11 09:55:00+05:30,5930,5935.6,5927.15,5932.45,427,
2024-12-11 09:56:00+05:30,5932.45,5935.25,5929.8,5933.55,304,
2024-12-11 09:57:00+05:30,5931.6,5934.3,5931.6,5931.85,225,
2024-12-11 09:58:00+05:30,5932.5,5940.65,5932.5,5937.45,366,
2024-12-11 09:59:00+05:30,5937.45,5943.8,5937.45,5939.75,306,
2024-12-11 10:00:00+05:30,5939.75,5941,5935.4,5936,132,
2024-12-11 10:01:00+05:30,5938.5,5938.55,5936,5936.35,167,
2024-12-11 10:02:00+05:30,5936.35,5938.6,5930.5,5936.3,460,
2024-12-11 10:03:00+05:30,5936.3,5938.65,5934.25,5935,230,
2024-12-11 10:04:00+05:30,5935,5938.3,5934.95,5935,134,
2024-12-11 10:05:00+05:30,5935,5935.6,5931.75,5932.4,306,
2024-12-11 10:06:00+05:30,5932.4,5935,5920.95,5924.45,1797,
2024-12-11 10:07:00+05:30,5924.45,5927.05,5923.25,5924.1,183,
2024-12-11 10:08:00+05:30,5924.1,5925,5922.15,5923.45,235,
2024-12-11 10:09:00+05:30,5923.45,5925,5922.25,5922.35,203,
2024-12-11 10:10:00+05:30,5924.8,5924.8,5922.25,5922.6,151,
2024-12-11 10:11:00+05:30,5922.6,5925,5922.6,5922.7,214,
2024-12-11 10:12:00+05:30,5922.65,5924.15,5920.95,5921,953,
2024-12-11 10:13:00+05:30,5921,5925,5921,5922.8,442,
2024-12-11 10:14:00+05:30,5922.8,5923.6,5917.7,5917.7,1192,
2024-12-11 10:15:00+05:30,5917.2,5920.65,5916,5918.25,392,
2024-12-11 10:16:00+05:30,5919.95,5924.25,5917.1,5922.15,319,
2024-12-11 10:17:00+05:30,5922.55,5925,5920.5,5920.6,344,
2024-12-11 10:18:00+05:30,5920.6,5924.7,5920.6,5921.75,140,
2024-12-11 10:19:00+05:30,5921.75,5925,5920.6,5920.6,645,
2024-12-11 10:20:00+05:30,5920.6,5921.85,5918,5919.35,492,
2024-12-11 10:21:00+05:30,5919.35,5923.9,5919.35,5922.3,90,
2024-12-11 10:22:00+05:30,5922.3,5925,5922.3,5922.5,322,
2024-12-11 10:23:00+05:30,5922.15,5925,5921.65,5923.85,358,
2024-12-11 10:24:00+05:30,5923.85,5926.65,5923.85,5926.65,6572,
2024-12-11 10:25:00+05:30,5926.7,5930,5926,5929.95,2043,
2024-12-11 10:26:00+05:30,5929.95,5930,5929.95,5930,331,
2024-12-11 10:27:00+05:30,5929.95,5932.6,5929.95,5930,1037,
2024-12-11 10:28:00+05:30,5930,5932.6,5929.95,5932,132,
2024-12-11 10:29:00+05:30,5932.3,5932.6,5931.05,5932,162,
2024-12-11 10:30:00+05:30,5932,5932.6,5932,5932.45,236,
2024-12-11 10:31:00+05:30,5932.45,5936,5932.45,5935,2662,
2024-12-11 10:32:00+05:30,5935,5937.5,5935,5937,1674,
2024-12-11 10:33:00+05:30,5937,5937.25,5930.6,5933.5,671,
2024-12-11 10:34:00+05:30,5933.5,5935.25,5932.3,5935,146,
2024-12-11 10:35:00+05:30,5935,5935,5929.05,5930.55,597,
2024-12-11 10:36:00+05:30,5930.55,5933.35,5929.1,5932.85,97,
2024-12-11 10:37:00+05:30,5932.85,5934.95,5929.1,5929.1,266,
2024-12-11 10:38:00+05:30,5927.6,5929.55,5927,5928.7,217,
2024-12-11 10:39:00+05:30,5928.7,5929.55,5926.1,5928.95,84,
2024-12-11 10:40:00+05:30,5928.95,5929.05,5926.9,5928.25,64,
2024-12-11 10:41:00+05:30,5928.25,5928.9,5926.05,5927.7,167,
2024-12-11 10:42:00+05:30,5928.3,5930,5927.35,5928.1,191,
2024-12-11 10:43:00+05:30,5928.1,5930,5927,5929.3,126,
2024-12-11 10:44:00+05:30,5929.3,5930,5926.55,5929.55,280,
2024-12-11 10:45:00+05:30,5929.55,5929.55,5926.6,5926.6,209,
2024-12-11 10:46:00+05:30,5926.6,5929.65,5926,5927.55,67,
2024-12-11 10:47:00+05:30,5928.4,5930,5927.6,5930,86,
2024-12-11 10:48:00+05:30,5930,5930,5927.5,5928.75,301,
2024-12-11 10:49:00+05:30,5928.75,5930,5928.65,5930,92,
2024-12-11 10:50:00+05:30,5929.95,5930,5928.35,5928.35,76,
2024-12-11 10:51:00+05:30,5929.2,5930,5928.35,5928.75,124,
2024-12-11 10:52:00+05:30,5928.75,5930,5928.35,5929.55,284,
2024-12-11 10:53:00+05:30,5929.55,5930,5926,5927.7,149,
2024-12-11 10:54:00+05:30,5927.7,5929.85,5926.75,5927.7,127,
2024-12-11 10:55:00+05:30,5927.7,5928.8,5926.8,5928.15,162,
2024-12-11 10:56:00+05:30,5928.8,5929.85,5927.3,5929.3,82,
2024-12-11 10:57:00+05:30,5929.3,5929.85,5925.45,5927.7,212,
2024-12-11 10:58:00+05:30,5927.7,5929.5,5927,5927.8,58,
2024-12-11 10:59:00+05:30,5927.8,5929.35,5923.05,5925.05,392,
2024-12-11 11:00:00+05:30,5925.05,5927.05,5922.8,5925.25,170,
2024-12-11 11:01:00+05:30,5925.25,5928.6,5925.25,5927.55,88,
2024-12-11 11:02:00+05:30,5927.55,5930,5927.55,5928.3,63,
2024-12-11 11:03:00+05:30,5928.4,5930,5928.4,5930,329,
2024-12-11 11:04:00+05:30,5930,5930,5929.2,5929.6,77,
2024-12-11 11:05:00+05:30,5929.6,5930,5929.2,5929.75,225,
2024-12-11 11:06:00+05:30,5929.85,5932.5,5929.2,5929.8,276,
2024-12-11 11:07:00+05:30,5929.8,5930,5929.2,5929.2,75,
2024-12-11 11:08:00+05:30,5929.2,5930,5926.55,5929.4,381,
2024-12-11 11:09:00+05:30,5929.4,5932.5,5929.4,5931.55,198,
2024-12-11 11:10:00+05:30,5931.55,5932.5,5930,5932,126,
2024-12-11 11:11:00+05:30,5932,5932.5,5930.15,5931.35,274,
2024-12-11 11:12:00+05:30,5931.35,5932.5,5929.9,5932.5,567,
2024-12-11 11:13:00+05:30,5932.5,5932.5,5929.45,5932.5,143,
2024-12-11 11:14:00+05:30,5932.5,5932.5,5930.45,5932.5,106,
2024-12-11 11:15:00+05:30,5932.5,5932.5,5927.7,5929.15,993,
2024-12-11 11:16:00+05:30,5929.15,5935,5929.1,5930.55,1981,
2024-12-11 11:17:00+05:30,5931.6,5938.5,5931.4,5932.85,6209,
2024-12-11 11:18:00+05:30,5934.8,5942.5,5934.75,5936.8,2958,
2024-12-11 11:19:00+05:30,5936.8,5939.95,5935.25,5938.3,233,
2024-12-11 11:20:00+05:30,5938.3,5941,5936.8,5938.7,173,
2024-12-11 11:21:00+05:30,5938.7,5939,5932.65,5933.65,1876,
2024-12-11 11:22:00+05:30,5933.65,5935,5929.5,5930,1601,
2024-12-11 11:23:00+05:30,5930,5934,5929.35,5931,2189,
2024-12-11 11:24:00+05:30,5929.35,5930,5929,5929.85,821,
2024-12-11 11:25:00+05:30,5929.85,5933,5929,5932,2305,
2024-12-11 11:26:00+05:30,5932,5936,5930.25,5933.75,3546,
2024-12-11 11:27:00+05:30,5933.65,5934.45,5929,5929.4,17231,
2024-12-11 11:28:00+05:30,5929.4,5936.7,5929.4,5935.45,521,
2024-12-11 11:29:00+05:30,5935.5,5940,5932.1,5933.55,480,
2024-12-11 11:30:00+05:30,5933.55,5937.25,5933,5933.65,272,
2024-12-11 11:31:00+05:30,5933.65,5936.95,5931.1,5934.1,495,
2024-12-11 11:32:00+05:30,5934.1,5937.4,5931.55,5931.6,403,
2024-12-11 11:33:00+05:30,5931.6,5935.3,5931.6,5934.75,127,
2024-12-11 11:34:00+05:30,5934.75,5935.3,5932.05,5932.25,175,
2024-12-11 11:35:00+05:30,5932.2,5934.65,5930.85,5932,135,
2024-12-11 11:36:00+05:30,5932,5932,5930,5931,137,
2024-12-11 11:37:00+05:30,5931,5932,5928.35,5930,539,
2024-12-11 11:38:00+05:30,5930,5932,5929.05,5929.5,106,
2024-12-11 11:39:00+05:30,5929.85,5931.65,5929,5929,265,
2024-12-11 11:40:00+05:30,5929,5932,5929,5930.55,114,
2024-12-11 11:41:00+05:30,5930.55,5932,5930.55,5930.65,215,
2024-12-11 11:42:00+05:30,5930.65,5932,5930.2,5930.2,180,
2024-12-11 11:43:00+05:30,5930.2,5934,5928.7,5932.7,6412,
2024-12-11 11:44:00+05:30,5932.7,5933.95,5928.35,5928.35,265,
2024-12-11 11:45:00+05:30,5928.35,5931.4,5928.35,5931.05,309,
2024-12-11 11:46:00+05:30,5931.05,5932,5930.7,5932,69,
2024-12-11 11:47:00+05:30,5932,5932,5930,5931.35,606,
2024-12-11 11:48:00+05:30,5931.35,5932,5928.45,5931,197,
2024-12-11 11:49:00+05:30,5931,5932,5930.1,5930.1,500,
2024-12-11 11:50:00+05:30,5930.1,5932,5930.1,5931.1,156,
2024-12-11 11:51:00+05:30,5931,5932,5930.2,5931.5,80,
2024-12-11 11:52:00+05:30,5931.5,5931.95,5930,5930.1,154,
2024-12-11 11:53:00+05:30,5930.1,5931.95,5930,5931.95,54,
2024-12-11 11:54:00+05:30,5931.9,5932,5930,5930,208,
2024-12-11 11:55:00+05:30,5930,5931.85,5929.05,5929.05,1952,
2024-12-11 11:56:00+05:30,5929.05,5931.2,5928,5929.5,350,
2024-12-11 11:57:00+05:30,5929.45,5930.2,5928.05,5930,145,
2024-12-11 11:58:00+05:30,5930,5931.45,5930,5930,215,
2024-12-11 11:59:00+05:30,5930,5931.6,5930,5930,470,
2024-12-11 12:00:00+05:30,5930,5932,5930,5930.1,114,
2024-12-11 12:01:00+05:30,5930.05,5932,5930,5931,1489,
2024-12-11 12:02:00+05:30,5930.95,5932,5930.1,5930.2,121,
2024-12-11 12:03:00+05:30,5930.2,5932,5930.2,5932,106,
2024-12-11 12:04:00+05:30,5932,5932,5930,5930.5,184,
2024-12-11 12:05:00+05:30,5930.5,5932,5928.05,5928.05,5365,
2024-12-11 12:06:00+05:30,5928.05,5928.8,5926,5926.05,223,
2024-12-11 12:07:00+05:30,5926.05,5927.4,5924.6,5926.05,241,
2024-12-11 12:08:00+05:30,5926.05,5928.25,5924.65,5926.15,366,
2024-12-11 12:09:00+05:30,5926.15,5929.2,5925.25,5925.25,327,
2024-12-11 12:10:00+05:30,5925.5,5928.15,5925,5925.2,259,
2024-12-11 12:11:00+05:30,5925.2,5928.9,5925.2,5927.3,173,
2024-12-11 12:12:00+05:30,5927.3,5928.55,5921,5921,454,
2024-12-11 12:13:00+05:30,5921,5923.85,5920,5923.55,463,
2024-12-11 12:14:00+05:30,5923.55,5923.65,5920,5920.4,145,
2024-12-11 12:15:00+05:30,5923,5924.85,5916.75,5916.75,746,
2024-12-11 12:16:00+05:30,5916.75,5919,5916,5917.4,551,
2024-12-11 12:17:00+05:30,5917.35,5919,5917,5917.55,202,
2024-12-11 12:18:00+05:30,5917.55,5919.5,5917.2,5917.3,235,
2024-12-11 12:19:00+05:30,5917.3,5918.6,5907,5912,2209,
2024-12-11 12:20:00+05:30,5912,5913.55,5905.2,5905.95,647,
2024-12-11 12:21:00+05:30,5906.25,5908.95,5905.2,5907.4,346,
2024-12-11 12:22:00+05:30,5907.4,5910,5906.8,5907.85,405,
2024-12-11 12:23:00+05:30,5907.85,5909.95,5907.3,5909,178,
2024-12-11 12:24:00+05:30,5909,5911,5907.55,5907.85,394,
2024-12-11 12:25:00+05:30,5907.85,5910.35,5907.65,5909.5,183,
2024-12-11 12:26:00+05:30,5909.5,5911,5907.85,5908.1,369,
2024-12-11 12:27:00+05:30,5908.1,5912.15,5908,5909.9,434,
2024-12-11 12:28:00+05:30,5909.45,5911.95,5909.3,5911,153,
2024-12-11 12:29:00+05:30,5911,5914.25,5910.35,5911.5,316,
2024-12-11 12:30:00+05:30,5912,5917,5911.35,5912.75,540,
2024-12-11 12:31:00+05:30,5913.85,5915.15,5912.3,5912.3,326,
2024-12-11 12:32:00+05:30,5912.3,5915.2,5911.15,5911.25,620,
2024-12-11 12:33:00+05:30,5911.25,5913.95,5910.3,5913.1,135,
2024-12-11 12:34:00+05:30,5913.1,5913.95,5909.3,5909.3,1589,
2024-12-11 12:35:00+05:30,5909.25,5909.5,5906.5,5906.5,515,
2024-12-11 12:36:00+05:30,5906.5,5907.95,5904.3,5906.25,648,
2024-12-11 12:37:00+05:30,5905.45,5906.3,5904,5904.7,166,
2024-12-11 12:38:00+05:30,5904.7,5906,5904.4,5906,220,
2024-12-11 12:39:00+05:30,5906,5906.8,5904.65,5905.1,231,
2024-12-11 12:40:00+05:30,5905.95,5908.65,5904.65,5905.45,235,
2024-12-11 12:41:00+05:30,5907.55,5908.15,5905.05,5905.4,114,
2024-12-11 12:42:00+05:30,5905.4,5910,5905.4,5907.45,167,
2024-12-11 12:43:00+05:30,5907.45,5908.7,5905,5907.75,254,
2024-12-11 12:44:00+05:30,5908.45,5910,5907.75,5910,206,
2024-12-11 12:45:00+05:30,5910,5910,5905.05,5908.8,819,
2024-12-11 12:46:00+05:30,5908.8,5908.8,5905,5906,173,
2024-12-11 12:47:00+05:30,5907,5908,5905.65,5907.55,82,
2024-12-11 12:48:00+05:30,5907.25,5908.55,5906.95,5907.3,183,
2024-12-11 12:49:00+05:30,5906.05,5909.4,5905.9,5907.05,92,
2024-12-11 12:50:00+05:30,5907.05,5910,5907,5908,250,
2024-12-11 12:51:00+05:30,5908.05,5915,5908.05,5913.45,69773,
2024-12-11 12:52:00+05:30,5913.45,5915,5910,5911.3,5846,
2024-12-11 12:53:00+05:30,5911.3,5930,5911.3,5927.1,1809,
2024-12-11 12:54:00+05:30,5924.85,5930,5923.4,5928.2,848,
2024-12-11 12:55:00+05:30,5929,5939.35,5927.05,5930.6,1975,
2024-12-11 12:56:00+05:30,5930.6,5936.45,5930.6,5932.55,511,
2024-12-11 12:57:00+05:30,5935,5938.4,5931.75,5936.9,1234,
2024-12-11 12:58:00+05:30,5936.9,5944.1,5936.9,5938.55,3863,
2024-12-11 12:59:00+05:30,5938.55,5945,5938.05,5940,1823,
2024-12-11 13:00:00+05:30,5940,5949,5939.1,5945.4,1576,
2024-12-11 13:01:00+05:30,5945.4,5948.95,5938,5938.3,2516,
2024-12-11 13:02:00+05:30,5938.25,5940,5935.7,5935.7,999,
2024-12-11 13:03:00+05:30,5935.7,5940,5935.1,5936.05,799,
2024-12-11 13:04:00+05:30,5937.05,5940,5935.15,5936.75,499,
2024-12-11 13:05:00+05:30,5936.75,5940,5936.1,5936.2,890,
2024-12-11 13:06:00+05:30,5936.2,5939.35,5936.2,5936.2,364,
2024-12-11 13:07:00+05:30,5936.2,5940,5931.3,5933.05,1590,
2024-12-11 13:08:00+05:30,5933.05,5935,5932.6,5934.5,342,
2024-12-11 13:09:00+05:30,5934.5,5935,5934.5,5934.5,110,
2024-12-11 13:10:00+05:30,5934.5,5934.95,5928.8,5929.3,722,
2024-12-11 13:11:00+05:30,5929.3,5932.35,5927.55,5927.55,647,
2024-12-11 13:12:00+05:30,5927.5,5932,5927.2,5932,3806,
2024-12-11 13:13:00+05:30,5931.95,5942.35,5930.55,5939.15,3371,
2024-12-11 13:14:00+05:30,5939.15,5943.05,5935.45,5940.95,271,
2024-12-11 13:15:00+05:30,5941.3,5941.3,5936.4,5940.15,279,
2024-12-11 13:16:00+05:30,5940.15,5942.9,5938.9,5940.05,300,
2024-12-11 13:17:00+05:30,5942,5947.3,5940.1,5944.8,353,
2024-12-11 13:18:00+05:30,5947.9,5950,5944.75,5944.75,1444,
2024-12-11 13:19:00+05:30,5944.75,5947.55,5942.85,5945.15,118,
2024-12-11 13:20:00+05:30,5945.15,5949.15,5945,5946.15,766,
2024-12-11 13:21:00+05:30,5946.15,5949,5932.7,5932.7,2313,
2024-12-11 13:22:00+05:30,5933.25,5937,5928.6,5931.4,3571,
2024-12-11 13:23:00+05:30,5930.7,5930.7,5928.3,5929.75,606,
2024-12-11 13:24:00+05:30,5929.75,5930,5928.85,5929.25,300,
2024-12-11 13:25:00+05:30,5929.3,5929.95,5928.65,5929,191,
2024-12-11 13:26:00+05:30,5929,5930,5927.15,5928.5,1248,
2024-12-11 13:27:00+05:30,5927,5929.9,5926.3,5927.2,234,
2024-12-11 13:28:00+05:30,5927.2,5930,5927,5927.65,525,
2024-12-11 13:29:00+05:30,5927.65,5929.9,5927.65,5929.85,86,
2024-12-11 13:30:00+05:30,5929.85,5929.9,5928.85,5928.9,101,
2024-12-11 13:31:00+05:30,5928.9,5930,5927,5927.15,407,
2024-12-11 13:32:00+05:30,5927.15,5929.85,5927.15,5927.8,108,
2024-12-11 13:33:00+05:30,5928.55,5930,5927.1,5927.1,428,
2024-12-11 13:34:00+05:30,5927.45,5930,5927.1,5927.3,75,
2024-12-11 13:35:00+05:30,5928.65,5930,5927.45,5929,172,
2024-12-11 13:36:00+05:30,5929,5930,5927,5927,207,
2024-12-11 13:37:00+05:30,5927,5928.85,5923.25,5923.3,1272,
2024-12-11 13:38:00+05:30,5923.3,5929,5923.3,5926.85,221,
2024-12-11 13:39:00+05:30,5926.85,5933.5,5925.95,5926.6,1060,
2024-12-11 13:40:00+05:30,5926.6,5929.4,5924.75,5929.4,413,
2024-12-11 13:41:00+05:30,5926.25,5928,5925.25,5925.55,243,
2024-12-11 13:42:00+05:30,5925.5,5927.55,5925.4,5925.4,124,
2024-12-11 13:43:00+05:30,5925.4,5927.45,5925.35,5925.35,471,
2024-12-11 13:44:00+05:30,5925.35,5927.45,5922,5922,293,
2024-12-11 13:45:00+05:30,5922,5925.6,5921.95,5924.5,305,
2024-12-11 13:46:00+05:30,5924.5,5924.9,5923.15,5923.2,267,
2024-12-11 13:47:00+05:30,5923.25,5925.5,5922.2,5922.3,144,
2024-12-11 13:48:00+05:30,5922.35,5924.55,5920.7,5921.35,651,
2024-12-11 13:49:00+05:30,5922.4,5925.15,5921.2,5923.15,191,
2024-12-11 13:50:00+05:30,5924.1,5926.7,5923.25,5925,165,
2024-12-11 13:51:00+05:30,5925,5927.65,5925,5925,162,
2024-12-11 13:52:00+05:30,5925,5927.95,5924.1,5924.4,278,
2024-12-11 13:53:00+05:30,5924.4,5931.2,5924.05,5924.65,775,
2024-12-11 13:54:00+05:30,5924.8,5928.55,5924.75,5928,154,
2024-12-11 13:55:00+05:30,5928,5930,5924.1,5924.65,632,
2024-12-11 13:56:00+05:30,5924.95,5927.35,5923.1,5924.2,274,
2024-12-11 13:57:00+05:30,5924.2,5926.9,5924.2,5924.2,154,
2024-12-11 13:58:00+05:30,5924.2,5926.8,5924.2,5926.6,382,
2024-12-11 13:59:00+05:30,5925.5,5926.6,5924.2,5924.2,133,
2024-12-11 14:00:00+05:30,5924.2,5926.6,5924,5924.15,277,
2024-12-11 14:01:00+05:30,5924.15,5925.7,5924.15,5924.15,124,
2024-12-11 14:02:00+05:30,5924.15,5926.15,5922.6,5923.15,212,
2024-12-11 14:03:00+05:30,5923.15,5928.05,5923,5926.85,311,
2024-12-11 14:04:00+05:30,5925.85,5928,5925.4,5927.15,148,
2024-12-11 14:05:00+05:30,5927.15,5929.45,5926.9,5927,176,
2024-12-11 14:06:00+05:30,5928.3,5932.85,5928.25,5931.05,159,
2024-12-11 14:07:00+05:30,5931.15,5934.25,5931.15,5932.05,194,
2024-12-11 14:08:00+05:30,5932.1,5934,5924.5,5924.75,875,
2024-12-11 14:09:00+05:30,5927.7,5930.55,5923.4,5926,779,
2024-12-11 14:10:00+05:30,5926,5928.35,5924.15,5925.05,200,
2024-12-11 14:11:00+05:30,5925.05,5928.05,5924,5925.3,148,
2024-12-11 14:12:00+05:30,5925.3,5928.4,5925.3,5925.6,260,
2024-12-11 14:13:00+05:30,5926,5929.45,5926,5926.1,156,
2024-12-11 14:14:00+05:30,5926.1,5927.95,5924.15,5924.15,316,
2024-12-11 14:15:00+05:30,5924.15,5926.45,5923,5924.35,330,
2024-12-11 14:16:00+05:30,5924.35,5926.45,5923.3,5923.3,338,
2024-12-11 14:17:00+05:30,5923.25,5925.75,5923,5923.5,132,
2024-12-11 14:18:00+05:30,5923.5,5925.35,5923,5924.1,176,
2024-12-11 14:19:00+05:30,5924.1,5925,5923,5924,263,
2024-12-11 14:20:00+05:30,5924.5,5925,5924,5924,123,
2024-12-11 14:21:00+05:30,5924.45,5925.65,5923.9,5924.4,338,
2024-12-11 14:22:00+05:30,5924.4,5926,5922.05,5923,450,
2024-12-11 14:23:00+05:30,5922.95,5925.6,5922.05,5923.1,140,
2024-12-11 14:24:00+05:30,5923.25,5927,5923.25,5926.85,330,
2024-12-11 14:25:00+05:30,5926.85,5927,5923,5923.05,211,
2024-12-11 14:26:00+05:30,5923.2,5926.65,5923.15,5924.3,154,
2024-12-11 14:27:00+05:30,5924.35,5929.6,5923.1,5923.25,759,
2024-12-11 14:28:00+05:30,5923.25,5928.9,5923.25,5925.8,323,
2024-12-11 14:29:00+05:30,5925.8,5928.65,5925.05,5925.05,123,
2024-12-11 14:30:00+05:30,5925.05,5927.55,5925,5927.4,180,
2024-12-11 14:31:00+05:30,5925.4,5925.4,5923,5924.45,391,
2024-12-11 14:32:00+05:30,5924.45,5926.75,5923,5926.75,238,
2024-12-11 14:33:00+05:30,5926.75,5929.1,5923.45,5923.65,926,
2024-12-11 14:34:00+05:30,5923.65,5927.4,5923.65,5925.3,117,
2024-12-11 14:35:00+05:30,5927.1,5927.5,5924.15,5925.05,203,
2024-12-11 14:36:00+05:30,5926.1,5927.55,5924,5924.25,167,
2024-12-11 14:37:00+05:30,5925.6,5927.3,5924,5924,282,
2024-12-11 14:38:00+05:30,5924,5926,5924,5926,207,
2024-12-11 14:39:00+05:30,5926,5929.25,5924.65,5929.25,455,
2024-12-11 14:40:00+05:30,5929.25,5929.95,5924.25,5925.85,453,
2024-12-11 14:41:00+05:30,5925.85,5928.5,5924.05,5924.05,584,
2024-12-11 14:42:00+05:30,5924.6,5927.9,5915.75,5920.35,1863,
2024-12-11 14:43:00+05:30,5920.4,5920.9,5916.3,5917.4,761,
2024-12-11 14:44:00+05:30,5917.4,5921.3,5917.4,5919.45,229,
2024-12-11 14:45:00+05:30,5919.45,5919.45,5915.05,5916.65,770,
2024-12-11 14:46:00+05:30,5916.65,5919.4,5916.65,5917.1,325,
2024-12-11 14:47:00+05:30,5917.1,5919.45,5916.7,5916.8,245,
2024-12-11 14:48:00+05:30,5916.8,5919,5916.8,5917,141,
2024-12-11 14:49:00+05:30,5917,5919,5917,5918.2,184,
2024-12-11 14:50:00+05:30,5917.35,5918.35,5917,5917.75,200,
2024-12-11 14:51:00+05:30,5917.15,5918.95,5915.05,5915.45,920,
2024-12-11 14:52:00+05:30,5916.6,5918.6,5916.6,5916.75,225,
2024-12-11 14:53:00+05:30,5916.7,5920.85,5916.65,5920.85,710,
2024-12-11 14:54:00+05:30,5920.8,5920.85,5916.25,5919.5,342,
2024-12-11 14:55:00+05:30,5919.5,5921,5918.65,5920,261,
2024-12-11 14:56:00+05:30,5920.65,5924.55,5920,5922.45,336,
2024-12-11 14:57:00+05:30,5922.45,5924.95,5922.45,5924.05,405,
2024-12-11 14:58:00+05:30,5924.95,5925,5922,5922.65,349,
2024-12-11 14:59:00+05:30,5922.7,5925,5921.5,5922.35,694,
2024-12-11 15:00:00+05:30,5922.35,5925,5920.05,5924.55,1735,
2024-12-11 15:01:00+05:30,5925.1,5925.7,5915.05,5917.35,2089,
2024-12-11 15:02:00+05:30,5917.5,5920,5917.45,5917.85,1120,
2024-12-11 15:03:00+05:30,5917.65,5917.65,5914.8,5915.6,1237,
2024-12-11 15:04:00+05:30,5915.7,5917.95,5915.6,5916.9,659,
2024-12-11 15:05:00+05:30,5916.9,5919,5915.85,5916.35,1457,
2024-12-11 15:06:00+05:30,5916.1,5919,5915,5919,1538,
2024-12-11 15:07:00+05:30,5917.3,5919,5916.4,5918.85,770,
2024-12-11 15:08:00+05:30,5918.95,5919,5916.45,5918.55,859,
2024-12-11 15:09:00+05:30,5918.55,5919.1,5918.2,5919,905,
2024-12-11 15:10:00+05:30,5918.95,5919.9,5917.85,5919.5,3086,
2024-12-11 15:11:00+05:30,5919.45,5919.6,5918.65,5918.9,700,
2024-12-11 15:12:00+05:30,5919,5919.95,5916.65,5919.2,1819,
2024-12-11 15:13:00+05:30,5919.2,5923.95,5918,5923.4,2631,
2024-12-11 15:14:00+05:30,5923.25,5926,5922.6,5925.3,857,
2024-12-11 15:15:00+05:30,5925.55,5927.95,5925,5927.95,1979,
2024-12-11 15:16:00+05:30,5927.95,5938.95,5927.95,5935.7,4552,
2024-12-11 15:17:00+05:30,5935.7,5938,5928.9,5936.05,2393,
2024-12-11 15:18:00+05:30,5936,5938.1,5934.7,5938.1,1313,
2024-12-11 15:19:00+05:30,5938.1,5939.95,5938.1,5939.1,955,
2024-12-11 15:20:00+05:30,5939.1,5939.1,5932.35,5934.55,1752,
2024-12-11 15:21:00+05:30,5934.55,5937.45,5934.55,5935.55,1449,
2024-12-11 15:22:00+05:30,5935.2,5935.9,5932.4,5933.65,1491,
2024-12-11 15:23:00+05:30,5933.65,5936.45,5931.35,5936.4,1210,
2024-12-11 15:24:00+05:30,5936.4,5938.05,5933.5,5937.95,1055,
2024-12-11 15:25:00+05:30,5937.85,5939.4,5937.55,5939.4,2162,
2024-12-11 15:26:00+05:30,5939.4,5945,5939.3,5944.15,1376,
2024-12-11 15:27:00+05:30,5944.25,5944.6,5940.2,5941.8,1363,
2024-12-11 15:28:00+05:30,5941.8,5948,5938.75,5943.35,1009,
2024-12-11 15:29:00+05:30,5943.35,5945,5935,5935,529,
2024-12-12 09:15:00+05:30,5950,5990,5950,5975.8,12164,
2024-12-12 09:16:00+05:30,5975.8,5975.8,5952.15,5958.85,4000,
2024-12-12 09:17:00+05:30,5958.85,5976,5956.3,5973.95,2901,
2024-12-12 09:18:00+05:30,5974,5986,5966.65,5982.85,5687,
2024-12-12 09:19:00+05:30,5978.05,5994.9,5977.8,5989.5,5836,
2024-12-12 09:20:00+05:30,5989.5,5994.9,5980.75,5990.9,5060,
2024-12-12 09:21:00+05:30,5990.95,6000,5987.7,5997.3,4699,
2024-12-12 09:22:00+05:30,5997.3,6004.25,5993,5999,4423,
2024-12-12 09:23:00+05:30,5999,6004,5995.1,6001.6,2429,
2024-12-12 09:24:00+05:30,6004.7,6020,6003.05,6018.9,4627,
2024-12-12 09:25:00+05:30,6018.55,6018.9,5990.8,5995.95,7800,
2024-12-12 09:26:00+05:30,5998,5998,5980.2,5986.3,4520,
2024-12-12 09:27:00+05:30,5988.4,6004,5985,5999.95,4283,
2024-12-12 09:28:00+05:30,5999.95,6003.1,5992.45,5992.45,3946,
2024-12-12 09:29:00+05:30,5992.45,6001.3,5992.45,6000,4881,
2024-12-12 09:30:00+05:30,6000,6000,5993.15,5997.45,1064,
2024-12-12 09:31:00+05:30,5997.45,6000,5995.1,6000,489,
2024-12-12 09:32:00+05:30,6000,6009.45,5997,6000,8565,
2024-12-12 09:33:00+05:30,6000,6001.95,5998.2,6000,16346,
2024-12-12 09:34:00+05:30,6000,6000,5998.45,6000,1801,
2024-12-12 09:35:00+05:30,6000,6000.95,5999.25,5999.25,3375,
2024-12-12 09:36:00+05:30,5999.95,6000,5997.1,6000,1691,
2024-12-12 09:37:00+05:30,5999.25,6000,5996,5997.45,1374,
2024-12-12 09:38:00+05:30,5997.85,6004.15,5996.95,5998.95,6539,
2024-12-12 09:39:00+05:30,5999.95,6000,5997.5,6000,815,
2024-12-12 09:40:00+05:30,6000,6020,5998.95,6020,5922,
2024-12-12 09:41:00+05:30,6024.95,6038.2,6019.95,6036.15,8188,
2024-12-12 09:42:00+05:30,6035.5,6055,6031,6037.55,10949,
2024-12-12 09:43:00+05:30,6037.55,6048,6035,6045.05,5485,
2024-12-12 09:44:00+05:30,6045.05,6048,6040,6040.6,3888,
2024-12-12 09:45:00+05:30,6042.4,6052,6040.5,6047.9,5402,
2024-12-12 09:46:00+05:30,6048.45,6055,6034.05,6034.05,3893,
2024-12-12 09:47:00+05:30,6034.05,6034.05,6026.55,6027.15,2412,
2024-12-12 09:48:00+05:30,6027.15,6029.95,6020.95,6023.95,1410,
2024-12-12 09:49:00+05:30,6023.95,6028.65,6020.8,6027.45,1150,
2024-12-12 09:50:00+05:30,6024.35,6038.85,6024.35,6038.85,1145,
2024-12-12 09:51:00+05:30,6038.9,6040,6036.05,6038,1344,
2024-12-12 09:52:00+05:30,6040,6042,6036.95,6042,1055,
2024-12-12 09:53:00+05:30,6042,6043.9,6031.15,6031.15,1222,
2024-12-12 09:54:00+05:30,6034,6034,6031.05,6032.85,477,
2024-12-12 09:55:00+05:30,6032.85,6036.95,6026.05,6026.05,1243,
2024-12-12 09:56:00+05:30,6025.3,6032,6025.3,6030.3,893,
2024-12-12 09:57:00+05:30,6031.7,6032,6023.7,6024.85,689,
2024-12-12 09:58:00+05:30,6024.85,6026.75,6001,6003.75,4957,
2024-12-12 09:59:00+05:30,6006.8,6010,6002.65,6007.85,2402,
2024-12-12 10:00:00+05:30,6007.9,6009.15,6004.05,6007.1,1530,
2024-12-12 10:01:00+05:30,6007.55,6009,6002.8,6009,931,
2024-12-12 10:02:00+05:30,6009,6009,6006.05,6006.15,553,
2024-12-12 10:03:00+05:30,6008.6,6009,6000,6000,1655,
2024-12-12 10:04:00+05:30,6000,6002,5996.7,6000,3869,
2024-12-12 10:05:00+05:30,6000.05,6002.35,6000.05,6002.1,399,
2024-12-12 10:06:00+05:30,6000.25,6002,5995.85,5998.55,714,
2024-12-12 10:07:00+05:30,5998.55,5999.95,5994,5995.6,704,
2024-12-12 10:08:00+05:30,5995.6,5999.7,5987.5,5997.35,2422,
2024-12-12 10:09:00+05:30,5997.35,5997.35,5989.15,5989.15,1082,
2024-12-12 10:10:00+05:30,5989.15,5997.25,5986.6,5996.2,240,
2024-12-12 10:11:00+05:30,5996.2,5999,5995.35,5997.2,474,
2024-12-12 10:12:00+05:30,5997.25,5997.5,5993.5,5996.9,256,
2024-12-12 10:13:00+05:30,5996.9,5997.5,5995.2,5997.5,250,
2024-12-12 10:14:00+05:30,5997.5,5997.65,5993,5993.05,328,
2024-12-12 10:15:00+05:30,5994.65,5994.65,5985.55,5990,752,
2024-12-12 10:16:00+05:30,5990,5995.35,5987.3,5987.8,1277,
2024-12-12 10:17:00+05:30,5987.8,5990,5983.1,5985.3,1310,
2024-12-12 10:18:00+05:30,5985.3,5985.4,5983.15,5985.2,343,
2024-12-12 10:19:00+05:30,5985.2,5987.7,5980,5985.85,834,
2024-12-12 10:20:00+05:30,5984.1,5988,5981.1,5985.4,280,
2024-12-12 10:21:00+05:30,5986.9,5987.95,5984,5985.35,261,
2024-12-12 10:22:00+05:30,5985.35,5988,5983.3,5986.8,387,
2024-12-12 10:23:00+05:30,5986.8,5991.2,5986.8,5989.05,374,
2024-12-12 10:24:00+05:30,5988.6,5993.95,5986.9,5990,746,
2024-12-12 10:25:00+05:30,5990,5995.45,5990,5993,1363,
2024-12-12 10:26:00+05:30,5993,5994.65,5988.2,5990,710,
2024-12-12 10:27:00+05:30,5990,5994.95,5989.25,5992.9,234,
2024-12-12 10:28:00+05:30,5992.9,5992.9,5990,5992.35,122,
2024-12-12 10:29:00+05:30,5992.35,5993.8,5987,5987.7,495,
2024-12-12 10:30:00+05:30,5990.65,5995,5988.2,5994.95,360,
2024-12-12 10:31:00+05:30,5994.95,6000,5994.2,5999.15,1057,
2024-12-12 10:32:00+05:30,5999.15,6000,5991.8,5994.3,713,
2024-12-12 10:33:00+05:30,5994.65,5999.1,5993.7,5997.35,250,
2024-12-12 10:34:00+05:30,5996.15,5998.5,5992.5,5996.3,214,
2024-12-12 10:35:00+05:30,5996.3,5998.7,5995,5996.45,170,
2024-12-12 10:36:00+05:30,5996.45,5996.45,5988,5988,983,
2024-12-12 10:37:00+05:30,5988,5989.55,5987.05,5987.9,318,
2024-12-12 10:38:00+05:30,5985.1,5989.75,5985,5989.25,177,
2024-12-12 10:39:00+05:30,5986,5987.9,5983.5,5987.9,342,
2024-12-12 10:40:00+05:30,5987.9,5988.95,5982.25,5982.25,688,
2024-12-12 10:41:00+05:30,5982.25,5983.8,5982.2,5982.35,127,
2024-12-12 10:42:00+05:30,5982.35,5982.35,5975.05,5977.85,1466,
2024-12-12 10:43:00+05:30,5977.85,5984.95,5976.6,5984.95,1025,
2024-12-12 10:44:00+05:30,5984.95,5986.9,5982.25,5983.3,222,
2024-12-12 10:45:00+05:30,5983.3,5986.15,5982.8,5983.1,303,
2024-12-12 10:46:00+05:30,5983.1,5986.25,5983.1,5986.25,170,
2024-12-12 10:47:00+05:30,5986.1,5992.4,5985.15,5985.3,444,
2024-12-12 10:48:00+05:30,5985.3,5988.2,5974.45,5980.75,1975,
2024-12-12 10:49:00+05:30,5980.75,5982.4,5978.1,5981.5,184,
2024-12-12 10:50:00+05:30,5981.5,5983.95,5977.5,5983,127,
2024-12-12 10:51:00+05:30,5983,5983,5981.95,5983,89,
2024-12-12 10:52:00+05:30,5983,5983,5981.1,5981.75,497,
2024-12-12 10:53:00+05:30,5981.7,5983,5978.1,5980.95,139,
2024-12-12 10:54:00+05:30,5980.95,5981.45,5979.1,5979.1,66,
2024-12-12 10:55:00+05:30,5979.1,5979.1,5976.75,5979,205,
2024-12-12 10:56:00+05:30,5977.15,5979,5976.8,5977.2,136,
2024-12-12 10:57:00+05:30,5977,5978,5975,5976.35,172,
2024-12-12 10:58:00+05:30,5976.35,5978,5975,5976.25,184,
2024-12-12 10:59:00+05:30,5975,5977.5,5975,5976,109,
2024-12-12 11:00:00+05:30,5976,5976,5971,5971.3,622,
2024-12-12 11:01:00+05:30,5971.3,5974,5970,5970.05,564,
2024-12-12 11:02:00+05:30,5970,5973,5970,5971.8,151,
2024-12-12 11:03:00+05:30,5971.8,5973.95,5970.9,5971.65,109,
2024-12-12 11:04:00+05:30,5971.65,5975.7,5971.05,5975.25,146,
2024-12-12 11:05:00+05:30,5972.35,5974.55,5970.05,5972.55,228,
2024-12-12 11:06:00+05:30,5972.55,5974.45,5969.9,5969.9,484,
2024-12-12 11:07:00+05:30,5970,5974.45,5967.1,5974.45,267,
2024-12-12 11:08:00+05:30,5974.45,5976,5973.45,5976,271,
2024-12-12 11:09:00+05:30,5976,5978.6,5975.45,5978.6,114,
2024-12-12 11:10:00+05:30,5978.6,5984.65,5976.95,5978.95,554,
2024-12-12 11:11:00+05:30,5978.95,5985,5978.95,5983.7,1181,
2024-12-12 11:12:00+05:30,5983.7,5985,5981.4,5982,428,
2024-12-12 11:13:00+05:30,5982,5984.15,5979.45,5981.35,261,
2024-12-12 11:14:00+05:30,5981.95,5982.45,5978.1,5979.1,246,
2024-12-12 11:15:00+05:30,5979.1,5981.75,5975.3,5977.95,163,
2024-12-12 11:16:00+05:30,5977.95,5979.95,5977.25,5978.3,151,
2024-12-12 11:17:00+05:30,5980,5982.95,5978.25,5980.35,183,
2024-12-12 11:18:00+05:30,5980.35,5981.4,5976.9,5978,84,
2024-12-12 11:19:00+05:30,5978,5982.6,5977.9,5980.45,280,
2024-12-12 11:20:00+05:30,5980.45,5981.7,5977.5,5979.45,325,
2024-12-12 11:21:00+05:30,5979.45,5982.95,5978.15,5982.95,180,
2024-12-12 11:22:00+05:30,5982.85,5982.85,5976.05,5980,1186,
2024-12-12 11:23:00+05:30,5980,5982.4,5976,5976,197,
2024-12-12 11:24:00+05:30,5976,5978.7,5976,5976.65,115,
2024-12-12 11:25:00+05:30,5976.6,5979.5,5972.25,5972.25,68,
2024-12-12 11:26:00+05:30,5975.3,5979.55,5972.85,5977.25,390,
2024-12-12 11:27:00+05:30,5977.25,5980.15,5977.05,5979.6,179,
2024-12-12 11:28:00+05:30,5979.6,5979.6,5973.55,5973.55,97,
2024-12-12 11:29:00+05:30,5973.55,5978.95,5973.3,5978.95,96,
2024-12-12 11:30:00+05:30,5978.9,5978.95,5975.25,5976,79,
2024-12-12 11:31:00+05:30,5978.85,5978.85,5974.65,5977.9,111,
2024-12-12 11:32:00+05:30,5977.9,5979.8,5976,5977.4,307,
2024-12-12 11:33:00+05:30,5977.4,5979.75,5975.95,5975.95,78,
2024-12-12 11:34:00+05:30,5977.45,5980.45,5977.35,5978.65,82,
2024-12-12 11:35:00+05:30,5981,5983.7,5978.75,5980.35,319,
2024-12-12 11:36:00+05:30,5980.35,5985,5979.65,5982.5,180,
2024-12-12 11:37:00+05:30,5982.5,5982.5,5978.05,5979,185,
2024-12-12 11:38:00+05:30,5979,5979.1,5977.35,5977.45,68,
2024-12-12 11:39:00+05:30,5977.45,5978,5974.2,5977.35,277,
2024-12-12 11:40:00+05:30,5977.3,5979.65,5975.8,5975.85,180,
2024-12-12 11:41:00+05:30,5975.85,5977.9,5972.45,5973.65,250,
2024-12-12 11:42:00+05:30,5973.65,5977.7,5970.55,5974.95,426,
2024-12-12 11:43:00+05:30,5974.9,5977.95,5974.5,5977.95,117,
2024-12-12 11:44:00+05:30,5977.95,5979.55,5977.9,5978.05,119,
2024-12-12 11:45:00+05:30,5978,5978.05,5974.05,5974.5,184,
2024-12-12 11:46:00+05:30,5974.5,5976.15,5974.1,5976.15,81,
2024-12-12 11:47:00+05:30,5976.15,5976.15,5968.05,5971.6,417,
2024-12-12 11:48:00+05:30,5970.05,5974.6,5970.05,5972.1,143,
2024-12-12 11:49:00+05:30,5972.1,5974.95,5971,5971,213,
2024-12-12 11:50:00+05:30,5970.1,5974.45,5970,5971.95,151,
2024-12-12 11:51:00+05:30,5974.4,5977.3,5972.5,5975,175,
2024-12-12 11:52:00+05:30,5974.95,5975,5969,5970,358,
2024-12-12 11:53:00+05:30,5970,5973,5969.55,5970.5,148,
2024-12-12 11:54:00+05:30,5970.5,5973,5969.75,5973,68,
2024-12-12 11:55:00+05:30,5974.45,5976.7,5970.35,5973.8,194,
2024-12-12 11:56:00+05:30,5973.8,5977.15,5973.7,5975.05,87,
2024-12-12 11:57:00+05:30,5975.05,5977.55,5975,5975.7,334,
2024-12-12 11:58:00+05:30,5977.5,5977.65,5970.1,5970.45,287,
2024-12-12 11:59:00+05:30,5970.4,5973.25,5970.4,5970.8,63,
2024-12-12 12:00:00+05:30,5970.8,5973.8,5970.65,5971,57,
2024-12-12 12:01:00+05:30,5971,5972.85,5971,5971.25,114,
2024-12-12 12:02:00+05:30,5971.25,5972.85,5962.05,5964.85,1299,
2024-12-12 12:03:00+05:30,5964.85,5964.85,5961.75,5962.6,305,
2024-12-12 12:04:00+05:30,5962.6,5963,5962.35,5963,136,
2024-12-12 12:05:00+05:30,5963,5966.5,5962.65,5966.5,112,
2024-12-12 12:06:00+05:30,5966.5,5969.95,5965.05,5966.7,198,
2024-12-12 12:07:00+05:30,5966.7,5970.5,5965.25,5967.3,82,
2024-12-12 12:08:00+05:30,5967.3,5967.35,5965.25,5965.3,73,
2024-12-12 12:09:00+05:30,5965.3,5967,5965.3,5965.35,81,
2024-12-12 12:10:00+05:30,5965.35,5965.85,5962.1,5965,233,
2024-12-12 12:11:00+05:30,5965,5965.15,5960,5961.1,252,
2024-12-12 12:12:00+05:30,5960,5965,5960,5961.1,249,
2024-12-12 12:13:00+05:30,5961.1,5965.25,5960.9,5965.25,257,
2024-12-12 12:14:00+05:30,5965.25,5970,5965.25,5966.9,261,
2024-12-12 12:15:00+05:30,5966.95,5973.05,5966.95,5973.05,345,
2024-12-12 12:16:00+05:30,5973.05,5974.85,5967.05,5971.25,1356,
2024-12-12 12:17:00+05:30,5971.25,5973.55,5963.1,5967.45,569,
2024-12-12 12:18:00+05:30,5967.45,5971.75,5967.45,5971.7,93,
2024-12-12 12:19:00+05:30,5971.7,5973.7,5970.15,5973.65,339,
2024-12-12 12:20:00+05:30,5973.65,5973.65,5970.45,5971.1,66,
2024-12-12 12:21:00+05:30,5971.1,5973.35,5967.5,5967.85,141,
2024-12-12 12:22:00+05:30,5967.85,5972.7,5967.85,5969.75,126,
2024-12-12 12:23:00+05:30,5970.95,5970.95,5960,5962,591,
2024-12-12 12:24:00+05:30,5962,5962.9,5960.2,5960.65,137,
2024-12-12 12:25:00+05:30,5960.65,5964.05,5960.3,5961.3,70,
2024-12-12 12:26:00+05:30,5961.25,5965,5961.05,5962.85,157,
2024-12-12 12:27:00+05:30,5962.85,5964.65,5961.45,5962.15,98,
2024-12-12 12:28:00+05:30,5963,5963.95,5962,5962.1,114,
2024-12-12 12:29:00+05:30,5963.9,5964.9,5961,5964.9,321,
2024-12-12 12:30:00+05:30,5963,5964.9,5961.45,5964.7,113,
2024-12-12 12:31:00+05:30,5962.1,5964.8,5962.1,5964.7,103,
2024-12-12 12:32:00+05:30,5964.7,5964.7,5963,5963.2,68,
2024-12-12 12:33:00+05:30,5963.2,5964.7,5962,5962,131,
2024-12-12 12:34:00+05:30,5962,5963.95,5961.8,5963.95,161,
2024-12-12 12:35:00+05:30,5961.9,5963.8,5961.5,5961.5,88,
2024-12-12 12:36:00+05:30,5961.5,5961.85,5956.05,5956.25,720,
2024-12-12 12:37:00+05:30,5957.95,5957.95,5955,5956,159,
2024-12-12 12:38:00+05:30,5956,5958.5,5956,5957.25,226,
2024-12-12 12:39:00+05:30,5957.3,5957.9,5950.9,5952.75,532,
2024-12-12 12:40:00+05:30,5952.75,5952.8,5951.1,5951.25,116,
2024-12-12 12:41:00+05:30,5952.7,5952.7,5950.05,5951.4,431,
2024-12-12 12:42:00+05:30,5951.45,5953.1,5950,5952.3,677,
2024-12-12 12:43:00+05:30,5952.35,5952.95,5951,5952.9,231,
2024-12-12 12:44:00+05:30,5951.3,5953.35,5951.3,5952.35,176,
2024-12-12 12:45:00+05:30,5952.35,5953.5,5950,5950.05,186,
2024-12-12 12:46:00+05:30,5950,5952.6,5946.05,5946.55,1016,
2024-12-12 12:47:00+05:30,5947.3,5949.55,5947.3,5949.55,266,
2024-12-12 12:48:00+05:30,5948,5949.8,5945.55,5945.9,260,
2024-12-12 12:49:00+05:30,5945.05,5947.45,5942.4,5943,634,
2024-12-12 12:50:00+05:30,5943.45,5946.75,5942.9,5945.25,425,
2024-12-12 12:51:00+05:30,5945.25,5948.6,5945.25,5945.4,295,
2024-12-12 12:52:00+05:30,5945.4,5946.45,5942.4,5942.4,204,
2024-12-12 12:53:00+05:30,5942.4,5944.9,5942.4,5943.3,146,
2024-12-12 12:54:00+05:30,5943.35,5944.85,5942.45,5944,220,
2024-12-12 12:55:00+05:30,5942.45,5944,5942.45,5944,135,
2024-12-12 12:56:00+05:30,5944,5944.7,5942.65,5943.2,337,
2024-12-12 12:57:00+05:30,5943.2,5943.65,5943.2,5943.5,125,
2024-12-12 12:58:00+05:30,5943.45,5948.9,5943.4,5947.7,495,
2024-12-12 12:59:00+05:30,5947.7,5948.95,5947.6,5948,111,
2024-12-12 13:00:00+05:30,5947.95,5952.9,5947.7,5950.05,804,
2024-12-12 13:01:00+05:30,5950,5951.7,5949.4,5951.5,212,
2024-12-12 13:02:00+05:30,5951.5,5952.3,5950.2,5950.75,109,
2024-12-12 13:03:00+05:30,5950.5,5952.35,5950,5950.05,201,
2024-12-12 13:04:00+05:30,5950.05,5950.1,5947.65,5948.05,754,
2024-12-12 13:05:00+05:30,5948.05,5949.6,5948,5948,106,
2024-12-12 13:06:00+05:30,5948,5948.1,5948,5948.1,113,
2024-12-12 13:07:00+05:30,5948.05,5948.1,5947.95,5947.95,209,
2024-12-12 13:08:00+05:30,5947.95,5948.1,5946.1,5948.1,111,
2024-12-12 13:09:00+05:30,5946.5,5947.35,5946.1,5946.1,93,
2024-12-12 13:10:00+05:30,5946.05,5949.7,5945.05,5945.45,285,
2024-12-12 13:11:00+05:30,5945.55,5947.65,5945.05,5946.7,159,
2024-12-12 13:12:00+05:30,5945.15,5946.75,5945,5945.1,82,
2024-12-12 13:13:00+05:30,5945.1,5946.1,5942.15,5944.1,224,
2024-12-12 13:14:00+05:30,5943.35,5944.1,5942.35,5943,94,
2024-12-12 13:15:00+05:30,5943,5944.1,5942.1,5942.3,276,
2024-12-12 13:16:00+05:30,5942.15,5944.05,5938.1,5938.9,750,
2024-12-12 13:17:00+05:30,5938.9,5945.15,5938.85,5942.05,389,
2024-12-12 13:18:00+05:30,5942.1,5942.1,5940.3,5940.85,151,
2024-12-12 13:19:00+05:30,5940.85,5940.9,5937.7,5939.35,307,
2024-12-12 13:20:00+05:30,5939.5,5940.95,5939.1,5940.15,246,
2024-12-12 13:21:00+05:30,5940.1,5942.45,5940,5940.4,166,
2024-12-12 13:22:00+05:30,5940.55,5942.45,5940.35,5940.6,181,
2024-12-12 13:23:00+05:30,5940.6,5940.6,5935,5939,2054,
2024-12-12 13:24:00+05:30,5939,5939,5937.15,5938,260,
2024-12-12 13:25:00+05:30,5938,5944.6,5938,5942.75,977,
2024-12-12 13:26:00+05:30,5942.75,5943.1,5940.75,5940.75,175,
2024-12-12 13:27:00+05:30,5940.8,5941.35,5939.75,5939.75,137,
2024-12-12 13:28:00+05:30,5940.5,5941.25,5938.75,5941.2,208,
2024-12-12 13:29:00+05:30,5940.9,5943.45,5940.9,5942.25,132,
2024-12-12 13:30:00+05:30,5942.05,5942.05,5941,5941.6,141,
2024-12-12 13:31:00+05:30,5941.65,5942.1,5941.6,5941.75,107,
2024-12-12 13:32:00+05:30,5941.75,5943.4,5941.75,5943.4,219,
2024-12-12 13:33:00+05:30,5942.25,5943.25,5940.9,5940.9,275,
2024-12-12 13:34:00+05:30,5940.9,5943.95,5940.9,5940.9,233,
2024-12-12 13:35:00+05:30,5941.25,5944.5,5940.9,5944.1,221,
2024-12-12 13:36:00+05:30,5944.1,5949.45,5944.1,5949.4,202,
2024-12-12 13:37:00+05:30,5949.4,5952.65,5948.4,5952.65,205,
2024-12-12 13:38:00+05:30,5952.65,5953,5948,5948.5,858,
2024-12-12 13:39:00+05:30,5948.05,5954.05,5948.05,5951.15,322,
2024-12-12 13:40:00+05:30,5951.1,5953.45,5951.1,5952.85,184,
2024-12-12 13:41:00+05:30,5952.3,5955.2,5952,5953.5,287,
2024-12-12 13:42:00+05:30,5953.55,5956.45,5953.2,5954.7,299,
2024-12-12 13:43:00+05:30,5954.7,5956.3,5954.65,5954.75,363,
2024-12-12 13:44:00+05:30,5954.7,5954.7,5952,5953.05,531,
2024-12-12 13:45:00+05:30,5952.1,5953.1,5952.05,5952.15,158,
2024-12-12 13:46:00+05:30,5952.15,5952.15,5952,5952,82,
2024-12-12 13:47:00+05:30,5951.95,5952.05,5949,5949.05,183,
2024-12-12 13:48:00+05:30,5949,5951.65,5949,5951.65,323,
2024-12-12 13:49:00+05:30,5951.65,5953.85,5951.3,5952.55,178,
2024-12-12 13:50:00+05:30,5952.55,5953.9,5952.55,5953.85,89,
2024-12-12 13:51:00+05:30,5953.85,5955.85,5951.65,5953.95,242,
2024-12-12 13:52:00+05:30,5953.95,5953.95,5949.1,5950.45,139,
2024-12-12 13:53:00+05:30,5950.5,5952.2,5950.3,5950.65,126,
2024-12-12 13:54:00+05:30,5953.1,5954.35,5950.55,5952.9,179,
2024-12-12 13:55:00+05:30,5952.9,5953.35,5952.25,5952.6,89,
2024-12-12 13:56:00+05:30,5952.55,5953,5952.55,5952.7,72,
2024-12-12 13:57:00+05:30,5952.7,5953,5951.2,5952,207,
2024-12-12 13:58:00+05:30,5952,5952,5951.2,5951.35,103,
2024-12-12 13:59:00+05:30,5951.35,5951.85,5951.3,5951.85,65,
2024-12-12 14:00:00+05:30,5951.25,5952.4,5949.05,5949.1,233,
2024-12-12 14:01:00+05:30,5950,5951.95,5949.6,5951,126,
2024-12-12 14:02:00+05:30,5951,5952.7,5951,5951.5,83,
2024-12-12 14:03:00+05:30,5951.5,5952,5949.65,5952,105,
2024-12-12 14:04:00+05:30,5951.35,5952,5951.35,5951.95,80,
2024-12-12 14:05:00+05:30,5951.9,5953.6,5951.9,5953.6,169,
2024-12-12 14:06:00+05:30,5953.6,5955.95,5953.15,5954.8,112,
2024-12-12 14:07:00+05:30,5954.8,5954.8,5951.35,5952.8,242,
2024-12-12 14:08:00+05:30,5952.05,5954.55,5952.05,5953,159,
2024-12-12 14:09:00+05:30,5952.75,5954.15,5952.75,5953.65,92,
2024-12-12 14:10:00+05:30,5953.65,5954.8,5953.2,5954.8,81,
2024-12-12 14:11:00+05:30,5954.8,5955.4,5951.9,5952.4,225,
2024-12-12 14:12:00+05:30,5952.8,5953.15,5952.35,5952.85,114,
2024-12-12 14:13:00+05:30,5952.85,5953.25,5952.2,5952.8,180,
2024-12-12 14:14:00+05:30,5952.8,5953.2,5952.15,5952.4,204,
2024-12-12 14:15:00+05:30,5952.4,5954.15,5951.2,5954.15,255,
2024-12-12 14:16:00+05:30,5954.15,5954.55,5953.7,5953.8,71,
2024-12-12 14:17:00+05:30,5953.8,5956.5,5953.8,5955.1,231,
2024-12-12 14:18:00+05:30,5955.1,5956.05,5953.85,5954.7,121,
2024-12-12 14:19:00+05:30,5954.65,5958.3,5954.65,5957.45,86,
2024-12-12 14:20:00+05:30,5956.45,5964.9,5956.45,5958.7,2509,
2024-12-12 14:21:00+05:30,5958.45,5960.9,5955,5957.15,236,
2024-12-12 14:22:00+05:30,5957.15,5957.45,5953,5953,279,
2024-12-12 14:23:00+05:30,5953,5953,5950,5951.6,420,
2024-12-12 14:24:00+05:30,5951.6,5951.6,5946,5948.05,372,
2024-12-12 14:25:00+05:30,5948.05,5948.05,5946.45,5946.45,103,
2024-12-12 14:26:00+05:30,5946.45,5949.55,5946.45,5949.2,152,
2024-12-12 14:27:00+05:30,5947.55,5950.65,5947.55,5950.5,241,
2024-12-12 14:28:00+05:30,5950.5,5950.5,5948.55,5950.15,187,
2024-12-12 14:29:00+05:30,5950.2,5950.2,5948.6,5949.15,133,
2024-12-12 14:30:00+05:30,5948.75,5950,5948.75,5950,264,
2024-12-12 14:31:00+05:30,5949.4,5950.35,5949.4,5950.35,557,
2024-12-12 14:32:00+05:30,5949.6,5950.4,5949.55,5949.95,126,
2024-12-12 14:33:00+05:30,5949.95,5951.05,5949.5,5950.3,175,
2024-12-12 14:34:00+05:30,5949.7,5951.1,5949.7,5949.75,96,
2024-12-12 14:35:00+05:30,5950,5950.05,5949.6,5949.6,185,
2024-12-12 14:36:00+05:30,5949.6,5949.65,5947.3,5948.25,194,
2024-12-12 14:37:00+05:30,5948.25,5948.9,5947.35,5948.85,126,
2024-12-12 14:38:00+05:30,5948.85,5949.2,5947,5947.75,60,
2024-12-12 14:39:00+05:30,5947.75,5947.75,5947,5947.5,300,
2024-12-12 14:40:00+05:30,5947.5,5949.2,5947,5948.15,239,
2024-12-12 14:41:00+05:30,5948.1,5948.1,5947,5948.1,127,
2024-12-12 14:42:00+05:30,5948.1,5949.7,5947.75,5948.55,135,
2024-12-12 14:43:00+05:30,5948.55,5955,5947.9,5955,271,
2024-12-12 14:44:00+05:30,5955,5955.35,5953.4,5955.35,214,
2024-12-12 14:45:00+05:30,5955.35,5955.35,5954.75,5955.35,134,
2024-12-12 14:46:00+05:30,5955.35,5955.35,5953.35,5954.2,270,
2024-12-12 14:47:00+05:30,5954.45,5954.45,5950.75,5951.6,522,
2024-12-12 14:48:00+05:30,5951.6,5953.25,5951.6,5951.85,98,
2024-12-12 14:49:00+05:30,5951.75,5951.85,5950.5,5951.75,98,
2024-12-12 14:50:00+05:30,5951.65,5951.95,5948.1,5951.95,484,
2024-12-12 14:51:00+05:30,5951.95,5952.9,5949.85,5951.25,104,
2024-12-12 14:52:00+05:30,5951.25,5952,5948.85,5950.95,208,
2024-12-12 14:53:00+05:30,5950.85,5950.85,5947,5947.1,153,
2024-12-12 14:54:00+05:30,5947.1,5949.85,5945,5947.5,344,
2024-12-12 14:55:00+05:30,5947.5,5947.5,5945,5947.45,153,
2024-12-12 14:56:00+05:30,5947.45,5948,5943.9,5948,364,
2024-12-12 14:57:00+05:30,5947.65,5950.95,5945.7,5950.9,621,
2024-12-12 14:58:00+05:30,5950.9,5951.95,5945.3,5949.95,383,
2024-12-12 14:59:00+05:30,5949.95,5952,5947.35,5950.05,328,
2024-12-12 15:00:00+05:30,5950.05,5956,5949.55,5952.75,4082,
2024-12-12 15:01:00+05:30,5952.75,5954,5951.65,5952,1036,
2024-12-12 15:02:00+05:30,5952,5952.1,5950,5950.5,747,
2024-12-12 15:03:00+05:30,5950.5,5950.5,5948.4,5949.15,1447,
2024-12-12 15:04:00+05:30,5949.15,5952.75,5949.05,5952.75,3005,
2024-12-12 15:05:00+05:30,5952.75,5955.95,5952.6,5955.5,1000,
2024-12-12 15:06:00+05:30,5955.5,5955.5,5952.35,5953,1031,
2024-12-12 15:07:00+05:30,5952.35,5953,5952.35,5952.85,556,
2024-12-12 15:08:00+05:30,5952.85,5952.85,5950.05,5950.95,2142,
2024-12-12 15:09:00+05:30,5950.9,5953.35,5950.9,5953,2538,
2024-12-12 15:10:00+05:30,5953,5956,5952.55,5956,2848,
2024-12-12 15:11:00+05:30,5957.8,5957.8,5952.85,5954.55,2715,
2024-12-12 15:12:00+05:30,5954.6,5957.95,5954.6,5957.5,2720,
2024-12-12 15:13:00+05:30,5957.5,5957.5,5956.15,5956.3,1032,
2024-12-12 15:14:00+05:30,5956.3,5958.25,5956.15,5956.35,3687,
2024-12-12 15:15:00+05:30,5956.25,5957.95,5956.25,5957.35,1700,
2024-12-12 15:16:00+05:30,5957.35,5957.35,5953,5955.75,4082,
2024-12-12 15:17:00+05:30,5955.7,5955.95,5954.4,5955.05,1489,
2024-12-12 15:18:00+05:30,5955.1,5956,5953.25,5955.95,4792,
2024-12-12 15:19:00+05:30,5955.75,5962.95,5955.7,5957.2,2367,
2024-12-12 15:20:00+05:30,5955,5957,5953.65,5954.85,1927,
2024-12-12 15:21:00+05:30,5954.5,5954.85,5954.45,5954.7,527,
2024-12-12 15:22:00+05:30,5954.65,5955.25,5954.65,5955.2,2810,
2024-12-12 15:23:00+05:30,5955.15,5955.3,5952.95,5953,2464,
2024-12-12 15:24:00+05:30,5953,5953,5941.8,5944.25,10016,
2024-12-12 15:25:00+05:30,5944.1,5946,5944.05,5946,2140,
2024-12-12 15:26:00+05:30,5945.95,5946,5945.95,5946,1245,
2024-12-12 15:27:00+05:30,5945.95,5946,5945.75,5946,2400,
2024-12-12 15:28:00+05:30,5945.75,5946,5942.65,5942.65,1234,
2024-12-12 15:29:00+05:30,5942.65,5944.6,5928.25,5939,3548,
2024-12-13 09:15:00+05:30,5949.3,5949.3,5920,5927.3,2188,
2024-12-13 09:16:00+05:30,5932.15,5938.45,5916.65,5920.9,3621,
2024-12-13 09:17:00+05:30,5920.6,5929.2,5912.05,5921.8,4760,
2024-12-13 09:18:00+05:30,5917.05,5930,5917.05,5926.25,2920,
2024-12-13 09:19:00+05:30,5930,5935,5925.95,5928.05,2702,
2024-12-13 09:20:00+05:30,5928.35,5930.8,5920,5921.4,2128,
2024-12-13 09:21:00+05:30,5925,5925,5915.15,5919,1721,
2024-12-13 09:22:00+05:30,5918,5921.85,5915.15,5916.2,2037,
2024-12-13 09:23:00+05:30,5920,5921.15,5913.95,5918.75,5803,
2024-12-13 09:24:00+05:30,5918.75,5922.4,5917,5922.35,1556,
2024-12-13 09:25:00+05:30,5922.35,5930,5920.4,5929.6,1201,
2024-12-13 09:26:00+05:30,5927.3,5941.45,5927.3,5940.15,4343,
2024-12-13 09:27:00+05:30,5940.15,5942.5,5936.5,5942.5,728,
2024-12-13 09:28:00+05:30,5942.5,5942.85,5936.95,5942.85,1226,
2024-12-13 09:29:00+05:30,5942.85,5942.85,5936.05,5942.8,688,
2024-12-13 09:30:00+05:30,5942.8,5944.9,5938.35,5941.9,471,
2024-12-13 09:31:00+05:30,5939.7,5941.25,5935,5939.05,803,
2024-12-13 09:32:00+05:30,5935,5938.45,5927.5,5927.5,779,
2024-12-13 09:33:00+05:30,5928.95,5933.55,5924.6,5926.85,858,
2024-12-13 09:34:00+05:30,5926.85,5929.85,5924.55,5929.85,318,
2024-12-13 09:35:00+05:30,5929.85,5944.7,5925.7,5933.05,2124,
2024-12-13 09:36:00+05:30,5933.05,5940.2,5933.05,5936.6,297,
2024-12-13 09:37:00+05:30,5936.6,5938.85,5933.05,5933.05,617,
2024-12-13 09:38:00+05:30,5932.65,5933.85,5920.95,5923.9,5329,
2024-12-13 09:39:00+05:30,5921.85,5928.9,5921.85,5924.6,803,
2024-12-13 09:40:00+05:30,5924.8,5925.3,5918.15,5918.35,365,
2024-12-13 09:41:00+05:30,5921.75,5921.75,5915.05,5917.8,2694,
2024-12-13 09:42:00+05:30,5917.8,5921.35,5912.1,5915,1622,
2024-12-13 09:43:00+05:30,5915,5921.6,5913.1,5919.1,682,
2024-12-13 09:44:00+05:30,5919.1,5925,5919.1,5919.85,50,
2024-12-13 09:45:00+05:30,5919.85,5920.75,5907.3,5907.3,1253,
2024-12-13 09:46:00+05:30,5909.8,5909.8,5900,5904.75,5517,
2024-12-13 09:47:00+05:30,5907.4,5909.5,5904,5904.15,1610,
2024-12-13 09:48:00+05:30,5904.15,5906.45,5902.1,5903.45,1156,
2024-12-13 09:49:00+05:30,5902.4,5908.3,5902.4,5905,3056,
2024-12-13 09:50:00+05:30,5905,5907.8,5904,5904.6,1290,
2024-12-13 09:51:00+05:30,5906.7,5911.5,5904.05,5911.05,1217,
2024-12-13 09:52:00+05:30,5909.65,5913.8,5909.45,5913,2552,
2024-12-13 09:53:00+05:30,5911.25,5913,5910.8,5912,322,
2024-12-13 09:54:00+05:30,5912,5913.4,5907.4,5907.95,816,
2024-12-13 09:55:00+05:30,5907.95,5925,5907.45,5925,1546,
2024-12-13 09:56:00+05:30,5923.4,5923.4,5910.05,5910.85,2932,
2024-12-13 09:57:00+05:30,5910.9,5913.9,5907.95,5909.65,1174,
2024-12-13 09:58:00+05:30,5909.65,5912.65,5908,5908.05,844,
2024-12-13 09:59:00+05:30,5908.05,5909,5901,5901.75,5387,
2024-12-13 10:00:00+05:30,5901.6,5905.85,5898.85,5901.05,3739,
2024-12-13 10:01:00+05:30,5901.05,5901.2,5900,5901.1,593,
2024-12-13 10:02:00+05:30,5902.8,5912.35,5901.1,5912.35,209,
2024-12-13 10:03:00+05:30,5912.35,5914.65,5910.25,5910.85,542,
2024-12-13 10:04:00+05:30,5910.85,5910.85,5902.7,5903.1,1037,
2024-12-13 10:05:00+05:30,5902.8,5902.8,5900.3,5900.6,627,
2024-12-13 10:06:00+05:30,5900.55,5902.55,5900.5,5900.6,277,
2024-12-13 10:07:00+05:30,5900.55,5903.3,5900,5900.05,772,
2024-12-13 10:08:00+05:30,5900,5902.3,5899.95,5901.4,830,
2024-12-13 10:09:00+05:30,5901.4,5902.5,5900.65,5901.55,314,
2024-12-13 10:10:00+05:30,5901.55,5904,5901.15,5902.6,646,
2024-12-13 10:11:00+05:30,5902.6,5907.8,5896.05,5897.15,528,
2024-12-13 10:12:00+05:30,5894.65,5900,5886.3,5893.9,10159,
2024-12-13 10:13:00+05:30,5893.85,5893.85,5870.45,5870.5,20978,
2024-12-13 10:14:00+05:30,5870.65,5871.1,5851.55,5859.7,7534,
2024-12-13 10:15:00+05:30,5856.4,5859,5851.8,5855.1,3169,
2024-12-13 10:16:00+05:30,5855.1,5871,5855.1,5866.6,9943,
2024-12-13 10:17:00+05:30,5866.6,5867.6,5862.1,5867.6,1196,
2024-12-13 10:18:00+05:30,5867.6,5870,5863.45,5865,492,
2024-12-13 10:19:00+05:30,5865,5865,5862.05,5862.8,157,
2024-12-13 10:20:00+05:30,5862.8,5869.5,5862.8,5866.6,336,
2024-12-13 10:21:00+05:30,5866.6,5867.35,5856.45,5865.55,1205,
2024-12-13 10:22:00+05:30,5867.7,5876.35,5865.95,5876.35,733,
2024-12-13 10:23:00+05:30,5876.35,5876.35,5872.2,5874.8,510,
2024-12-13 10:24:00+05:30,5874.1,5874.1,5872,5872.55,169,
2024-12-13 10:25:00+05:30,5872.55,5874.1,5864.85,5869.15,539,
2024-12-13 10:26:00+05:30,5869.15,5871.45,5867.75,5870.6,266,
2024-12-13 10:27:00+05:30,5872.05,5874.4,5871.95,5874.4,162,
2024-12-13 10:28:00+05:30,5874.4,5875.2,5872.35,5872.55,480,
2024-12-13 10:29:00+05:30,5873.85,5873.95,5870.1,5870.1,327,
2024-12-13 10:30:00+05:30,5870.65,5870.65,5863.4,5867.15,450,
2024-12-13 10:31:00+05:30,5867.15,5867.15,5864.65,5864.65,135,
2024-12-13 10:32:00+05:30,5864.65,5864.65,5858.35,5861.5,1272,
2024-12-13 10:33:00+05:30,5861.5,5861.5,5844.2,5854.95,8222,
2024-12-13 10:34:00+05:30,5854.95,5859.95,5853.2,5857.55,885,
2024-12-13 10:35:00+05:30,5857.8,5869,5857.8,5866,454,
2024-12-13 10:36:00+05:30,5866,5869.45,5865.7,5869.45,350,
2024-12-13 10:37:00+05:30,5869.45,5872.55,5864.35,5867,507,
2024-12-13 10:38:00+05:30,5864.55,5867.15,5862.9,5865.95,124,
2024-12-13 10:39:00+05:30,5865.95,5866.2,5862.75,5865.05,250,
2024-12-13 10:40:00+05:30,5865.05,5866.7,5860.1,5860.1,328,
2024-12-13 10:41:00+05:30,5859.85,5865.7,5858,5865.65,314,
2024-12-13 10:42:00+05:30,5865.65,5870.7,5863.65,5868.15,169,
2024-12-13 10:43:00+05:30,5868.15,5869.35,5866.7,5869.35,109,
2024-12-13 10:44:00+05:30,5867.45,5872.95,5867.45,5872.95,308,
2024-12-13 10:45:00+05:30,5872.95,5873.15,5865,5865,241,
2024-12-13 10:46:00+05:30,5865,5865,5860,5861.25,147,
2024-12-13 10:47:00+05:30,5861.25,5869.8,5858.1,5869.8,133,
2024-12-13 10:48:00+05:30,5869.8,5869.8,5862,5864.3,243,
2024-12-13 10:49:00+05:30,5864.3,5871.2,5864.3,5867.85,357,
2024-12-13 10:50:00+05:30,5867.85,5875,5867.85,5875,263,
2024-12-13 10:51:00+05:30,5875,5879,5870.9,5873.95,1067,
2024-12-13 10:52:00+05:30,5875,5876.45,5872.1,5876.45,252,
2024-12-13 10:53:00+05:30,5876.45,5876.45,5869.45,5871,99,
2024-12-13 10:54:00+05:30,5871,5875,5871,5871,281,
2024-12-13 10:55:00+05:30,5871,5873.05,5870.05,5870.55,188,
2024-12-13 10:56:00+05:30,5871.15,5876.8,5871.15,5874.25,264,
2024-12-13 10:57:00+05:30,5874.25,5876.2,5874.2,5874.35,159,
2024-12-13 10:58:00+05:30,5874.35,5880,5874,5878.05,693,
2024-12-13 10:59:00+05:30,5878.1,5878.15,5874.75,5875.05,350,
2024-12-13 11:00:00+05:30,5877.6,5880,5872.55,5876.2,1810,
2024-12-13 11:01:00+05:30,5876.2,5879,5875,5875.2,203,
2024-12-13 11:02:00+05:30,5875.2,5876.9,5875.2,5876.9,18,
2024-12-13 11:03:00+05:30,5875.2,5880,5875.2,5878.3,133,
2024-12-13 11:04:00+05:30,5876.2,5878.9,5876.2,5876.2,469,
2024-12-13 11:05:00+05:30,5876.2,5878.8,5875,5875.35,684,
2024-12-13 11:06:00+05:30,5875.35,5877.6,5873,5874.95,416,
2024-12-13 11:07:00+05:30,5874.95,5875,5870.1,5872.55,419,
2024-12-13 11:08:00+05:30,5872.55,5875.55,5870.2,5870.2,650,
2024-12-13 11:09:00+05:30,5870.2,5875.7,5870.2,5875,52,
2024-12-13 11:10:00+05:30,5875,5876.55,5873.3,5874.9,96,
2024-12-13 11:11:00+05:30,5874,5874.7,5871.55,5874.7,191,
2024-12-13 11:12:00+05:30,5871.75,5884.5,5871.75,5878.45,1490,
2024-12-13 11:13:00+05:30,5878.45,5883.9,5875.05,5875.5,460,
2024-12-13 11:14:00+05:30,5875.05,5880.3,5875.05,5878.05,735,
2024-12-13 11:15:00+05:30,5878.1,5878.1,5866.2,5868.1,842,
2024-12-13 11:16:00+05:30,5868.1,5877.7,5866.45,5871.15,1257,
2024-12-13 11:17:00+05:30,5867.6,5873.85,5867.35,5873.8,49,
2024-12-13 11:18:00+05:30,5873.8,5878.4,5871.6,5876.6,261,
2024-12-13 11:19:00+05:30,5876.6,5878.55,5868,5871.6,311,
2024-12-13 11:20:00+05:30,5871.6,5871.6,5866,5866.95,121,
2024-12-13 11:21:00+05:30,5866.95,5866.95,5862.85,5865.25,285,
2024-12-13 11:22:00+05:30,5866.95,5867.25,5863.85,5865.35,84,
2024-12-13 11:23:00+05:30,5865.35,5867.8,5864.45,5865,33,
2024-12-13 11:24:00+05:30,5865,5869.1,5863,5863,163,
2024-12-13 11:25:00+05:30,5863,5865.1,5862.85,5865.1,73,
2024-12-13 11:26:00+05:30,5865.1,5871.7,5865.1,5871.6,269,
2024-12-13 11:27:00+05:30,5871.6,5874.8,5870.05,5874.8,193,
2024-12-13 11:28:00+05:30,5874.8,5875.05,5872.75,5874.75,79,
2024-12-13 11:29:00+05:30,5873.15,5875.55,5870.05,5874.7,209,
2024-12-13 11:30:00+05:30,5874.7,5875,5873.15,5874.85,110,
2024-12-13 11:31:00+05:30,5874.85,5880,5874.85,5875.95,287,
2024-12-13 11:32:00+05:30,5875.95,5880,5875.25,5877.95,486,
2024-12-13 11:33:00+05:30,5877.95,5882.85,5877.95,5881.55,209,
2024-12-13 11:34:00+05:30,5881.55,5884.05,5879,5882.1,486,
2024-12-13 11:35:00+05:30,5882.35,5885.25,5877.15,5880.95,1946,
2024-12-13 11:36:00+05:30,5881,5881.8,5875,5878.25,4372,
2024-12-13 11:37:00+05:30,5878.25,5880.4,5875.85,5879.95,601,
2024-12-13 11:38:00+05:30,5877.4,5880,5877.2,5877.55,236,
2024-12-13 11:39:00+05:30,5875.15,5880.5,5872,5873.15,2454,
2024-12-13 11:40:00+05:30,5873.15,5879.3,5871.75,5879.2,884,
2024-12-13 11:41:00+05:30,5879.2,5880,5875,5877.85,469,
2024-12-13 11:42:00+05:30,5875.55,5880.9,5875.55,5878.35,498,
2024-12-13 11:43:00+05:30,5878.35,5880,5878.35,5880,436,
2024-12-13 11:44:00+05:30,5880,5880,5867.25,5870,684,
2024-12-13 11:45:00+05:30,5872.55,5872.55,5858,5858,1273,
2024-12-13 11:46:00+05:30,5858,5861.9,5853.05,5860,3096,
2024-12-13 11:47:00+05:30,5860,5863.6,5855,5863.55,1114,
2024-12-13 11:48:00+05:30,5863.55,5863.55,5849.05,5849.9,24950,
2024-12-13 11:49:00+05:30,5849.6,5855.15,5848.5,5850,23957,
2024-12-13 11:50:00+05:30,5850,5854.45,5849.6,5851,6693,
2024-12-13 11:51:00+05:30,5851,5858.75,5849.8,5858.25,19791,
2024-12-13 11:52:00+05:30,5858.25,5859.5,5855.35,5858.45,269,
2024-12-13 11:53:00+05:30,5856.65,5858.25,5856.65,5858.1,117,
2024-12-13 11:54:00+05:30,5858.1,5858.15,5854.35,5855.8,256,
2024-12-13 11:55:00+05:30,5855.8,5858.25,5854.65,5858.25,657,
2024-12-13 11:56:00+05:30,5858.25,5872.05,5858.25,5863,2377,
2024-12-13 11:57:00+05:30,5863,5863.6,5859.4,5863.6,505,
2024-12-13 11:58:00+05:30,5863.6,5868.3,5859.4,5862.55,1541,
2024-12-13 11:59:00+05:30,5862.55,5865,5860.7,5865,435,
2024-12-13 12:00:00+05:30,5865,5877.2,5865,5873.7,2217,
2024-12-13 12:01:00+05:30,5873.35,5873.75,5866,5866.7,601,
2024-12-13 12:02:00+05:30,5866.7,5871.85,5866.7,5871.4,195,
2024-12-13 12:03:00+05:30,5871.4,5873.5,5871.4,5873.4,84,
2024-12-13 12:04:00+05:30,5871.85,5873.25,5869.5,5873.25,105,
2024-12-13 12:05:00+05:30,5873.25,5873.25,5868.1,5868.1,236,
2024-12-13 12:06:00+05:30,5868.1,5869.35,5866.1,5868.2,166,
2024-12-13 12:07:00+05:30,5868.2,5870,5866.6,5869.7,1211,
2024-12-13 12:08:00+05:30,5869.7,5869.7,5868.2,5869.65,55,
2024-12-13 12:09:00+05:30,5869.65,5869.95,5864.65,5866.9,345,
2024-12-13 12:10:00+05:30,5866.9,5869.7,5865.35,5869.65,218,
2024-12-13 12:11:00+05:30,5869.65,5870,5866.15,5869.35,184,
2024-12-13 12:12:00+05:30,5869.35,5869.35,5865.35,5869.05,33,
2024-12-13 12:13:00+05:30,5869.05,5873.2,5866.85,5873.2,77,
2024-12-13 12:14:00+05:30,5873.2,5874.95,5867.6,5871.4,988,
2024-12-13 12:15:00+05:30,5871.4,5871.4,5869.1,5870.75,187,
2024-12-13 12:16:00+05:30,5870.75,5874.75,5870.75,5872.65,186,
2024-12-13 12:17:00+05:30,5872.65,5874,5870.75,5874,236,
2024-12-13 12:18:00+05:30,5874,5874,5872.25,5874,291,
2024-12-13 12:19:00+05:30,5874,5877,5874,5877,171,
2024-12-13 12:20:00+05:30,5877,5877.5,5871.15,5872.4,2272,
2024-12-13 12:21:00+05:30,5872.4,5873.4,5865,5867.5,1003,
2024-12-13 12:22:00+05:30,5867.55,5869.4,5865.6,5868.9,86,
2024-12-13 12:23:00+05:30,5868.9,5868.9,5865.2,5866.6,247,
2024-12-13 12:24:00+05:30,5866.6,5866.6,5862.05,5862.65,230,
2024-12-13 12:25:00+05:30,5862.65,5866,5862.65,5866,38,
2024-12-13 12:26:00+05:30,5866,5874.25,5865.95,5872.9,280,
2024-12-13 12:27:00+05:30,5872.9,5874.7,5871.4,5872.7,245,
2024-12-13 12:28:00+05:30,5872.7,5872.7,5866.65,5868.15,118,
2024-12-13 12:29:00+05:30,5868.15,5869.7,5854.25,5863,3055,
2024-12-13 12:30:00+05:30,5863,5864.1,5857.15,5859.2,380,
2024-12-13 12:31:00+05:30,5858,5860.95,5858,5860.95,84,
2024-12-13 12:32:00+05:30,5860.95,5864.5,5860.95,5861.9,166,
2024-12-13 12:33:00+05:30,5861.9,5861.9,5854,5860.45,622,
2024-12-13 12:34:00+05:30,5860.45,5860.45,5855.55,5857.25,128,
2024-12-13 12:35:00+05:30,5857.25,5859.05,5855.05,5856.05,200,
2024-12-13 12:36:00+05:30,5856.05,5858.4,5850.2,5854.85,627,
2024-12-13 12:37:00+05:30,5854.85,5854.9,5852.3,5854.85,56,
2024-12-13 12:38:00+05:30,5854.85,5857.4,5854.2,5855.3,61,
2024-12-13 12:39:00+05:30,5855.3,5858.3,5854.9,5857.7,113,
2024-12-13 12:40:00+05:30,5857.7,5857.7,5854.2,5855.6,178,
2024-12-13 12:41:00+05:30,5855.6,5857.3,5854.2,5856.25,70,
2024-12-13 12:42:00+05:30,5856.25,5856.25,5854.2,5856,95,
2024-12-13 12:43:00+05:30,5856,5858,5855.45,5858,411,
2024-12-13 12:44:00+05:30,5858,5858,5854.2,5857.5,343,
2024-12-13 12:45:00+05:30,5857.5,5857.5,5850.2,5855.55,767,
2024-12-13 12:46:00+05:30,5855.55,5856.95,5852.85,5856.85,203,
2024-12-13 12:47:00+05:30,5858.2,5859.8,5855.95,5859.8,57,
2024-12-13 12:48:00+05:30,5859.8,5859.8,5858.25,5859.25,58,
2024-12-13 12:49:00+05:30,5859.25,5859.8,5858.25,5859.8,117,
2024-12-13 12:50:00+05:30,5859.8,5859.8,5857,5857.75,221,
2024-12-13 12:51:00+05:30,5857.75,5861.25,5857.25,5857.45,425,
2024-12-13 12:52:00+05:30,5857.45,5860.25,5856.4,5860.15,112,
2024-12-13 12:53:00+05:30,5860.15,5860.15,5858.2,5859.85,62,
2024-12-13 12:54:00+05:30,5859.85,5862.65,5859,5860.85,119,
2024-12-13 12:55:00+05:30,5860.85,5861.6,5860.85,5860.85,165,
2024-12-13 12:56:00+05:30,5860.85,5865.65,5860.85,5862.95,443,
2024-12-13 12:57:00+05:30,5862.95,5862.95,5856.1,5857.1,2159,
2024-12-13 12:58:00+05:30,5857.1,5859.25,5855.35,5856.75,224,
2024-12-13 12:59:00+05:30,5856.75,5861.95,5856,5861.95,333,
2024-12-13 13:00:00+05:30,5861.95,5869,5860.15,5869,290,
2024-12-13 13:01:00+05:30,5868.45,5873.25,5866.6,5872.7,1308,
2024-12-13 13:02:00+05:30,5872,5874.05,5870.05,5872,626,
2024-12-13 13:03:00+05:30,5872,5873.15,5868.05,5870,742,
2024-12-13 13:04:00+05:30,5870,5872.5,5868.9,5869,299,
2024-12-13 13:05:00+05:30,5869,5873.5,5869,5871.15,188,
2024-12-13 13:06:00+05:30,5870.45,5873.85,5870.45,5871,623,
2024-12-13 13:07:00+05:30,5871,5871.75,5868.4,5868.4,614,
2024-12-13 13:08:00+05:30,5868.4,5870.5,5868.05,5868.4,150,
2024-12-13 13:09:00+05:30,5868.4,5869.85,5867.05,5868.05,175,
2024-12-13 13:10:00+05:30,5868.05,5871.5,5868.05,5871.5,81,
2024-12-13 13:11:00+05:30,5871.5,5872,5866,5866.05,459,
2024-12-13 13:12:00+05:30,5866.05,5867.9,5865.05,5865.05,74,
2024-12-13 13:13:00+05:30,5865.05,5868.75,5865.05,5868,280,
2024-12-13 13:14:00+05:30,5866.7,5867.9,5862.8,5866.7,847,
2024-12-13 13:15:00+05:30,5866.7,5871.25,5863.35,5870.7,569,
2024-12-13 13:16:00+05:30,5869.1,5870.8,5865,5867.5,437,
2024-12-13 13:17:00+05:30,5867.5,5869.25,5863.65,5864.1,736,
2024-12-13 13:18:00+05:30,5864.1,5870,5862.15,5868.05,635,
2024-12-13 13:19:00+05:30,5868.15,5868.9,5864.5,5866.4,301,
2024-12-13 13:20:00+05:30,5866.4,5866.4,5860,5860,892,
2024-12-13 13:21:00+05:30,5860,5861.85,5853,5857.95,1369,
2024-12-13 13:22:00+05:30,5857.95,5861.95,5853.6,5856.2,566,
2024-12-13 13:23:00+05:30,5856.9,5860.5,5856.45,5859.6,354,
2024-12-13 13:24:00+05:30,5859.6,5863.5,5857.6,5858.65,296,
2024-12-13 13:25:00+05:30,5858.65,5864.7,5858.55,5863.9,312,
2024-12-13 13:26:00+05:30,5863.9,5863.9,5860.85,5862.6,254,
2024-12-13 13:27:00+05:30,5862.6,5866.3,5860,5860.05,392,
2024-12-13 13:28:00+05:30,5860.5,5862.35,5853.05,5854.25,1550,
2024-12-13 13:29:00+05:30,5854.25,5858.7,5852.85,5854.6,1514,
2024-12-13 13:30:00+05:30,5854.9,5857.5,5854.25,5856.15,812,
2024-12-13 13:31:00+05:30,5855.1,5857.5,5851,5851,1441,
2024-12-13 13:32:00+05:30,5851,5861.15,5850.05,5861.15,1459,
2024-12-13 13:33:00+05:30,5861.1,5861.1,5855,5857.2,949,
2024-12-13 13:34:00+05:30,5857.5,5865.5,5857.5,5860.85,1513,
2024-12-13 13:35:00+05:30,5860.85,5864.55,5857.15,5857.15,711,
2024-12-13 13:36:00+05:30,5857,5863.15,5857,5862.85,971,
2024-12-13 13:37:00+05:30,5860.1,5860.1,5857,5857,634,
2024-12-13 13:38:00+05:30,5857.05,5861.5,5856.65,5860.2,684,
2024-12-13 13:39:00+05:30,5860.2,5862.35,5854.55,5855.4,506,
2024-12-13 13:40:00+05:30,5855.4,5859.4,5855.4,5855.55,784,
2024-12-13 13:41:00+05:30,5855.55,5858.4,5855.4,5857,670,
2024-12-13 13:42:00+05:30,5857,5859.6,5855.95,5856.95,601,
2024-12-13 13:43:00+05:30,5856.95,5861.95,5856.25,5858.2,1095,
2024-12-13 13:44:00+05:30,5858.2,5860.7,5856.95,5856.95,594,
2024-12-13 13:45:00+05:30,5857,5863.45,5857,5859.95,786,
2024-12-13 13:46:00+05:30,5858.9,5863.1,5858.9,5862.15,712,
2024-12-13 13:47:00+05:30,5862.15,5862.15,5858.85,5861.5,995,
2024-12-13 13:48:00+05:30,5861.5,5862.3,5857.8,5862.3,522,
2024-12-13 13:49:00+05:30,5862.2,5864,5858.05,5861.2,1772,
2024-12-13 13:50:00+05:30,5861.25,5865.5,5859.3,5861.75,813,
2024-12-13 13:51:00+05:30,5861.75,5863.8,5859.9,5863.6,558,
2024-12-13 13:52:00+05:30,5863.6,5867.95,5860.9,5866.95,990,
2024-12-13 13:53:00+05:30,5866.95,5869.9,5861.2,5863.5,695,
2024-12-13 13:54:00+05:30,5861.3,5863.4,5859.5,5862.25,985,
2024-12-13 13:55:00+05:30,5862.25,5865.45,5860.2,5862.4,837,
2024-12-13 13:56:00+05:30,5862.4,5866.1,5860,5864.1,808,
2024-12-13 13:57:00+05:30,5864.1,5865.95,5861.5,5863.9,597,
2024-12-13 13:58:00+05:30,5863.9,5865.5,5861.15,5862.7,602,
2024-12-13 13:59:00+05:30,5862.7,5865.5,5862.35,5864.5,538,
2024-12-13 14:00:00+05:30,5863.9,5869.1,5863.9,5869.1,664,
2024-12-13 14:01:00+05:30,5867.75,5871.95,5867.75,5868.8,743,
2024-12-13 14:02:00+05:30,5868.7,5869.4,5867,5868.3,524,
2024-12-13 14:03:00+05:30,5868.35,5869.9,5867,5869.9,345,
2024-12-13 14:04:00+05:30,5869.95,5871.85,5866.45,5867.45,787,
2024-12-13 14:05:00+05:30,5867.65,5867.85,5863.8,5863.8,416,
2024-12-13 14:06:00+05:30,5863.85,5866.6,5860.4,5865.2,753,
2024-12-13 14:07:00+05:30,5864,5864.85,5860,5860,267,
2024-12-13 14:08:00+05:30,5860,5865.8,5860,5861.75,420,
2024-12-13 14:09:00+05:30,5861.75,5863.2,5860.1,5860.65,238,
2024-12-13 14:10:00+05:30,5860.65,5862.05,5858.2,5858.25,489,
2024-12-13 14:11:00+05:30,5858.2,5864.2,5858.2,5863.75,781,
2024-12-13 14:12:00+05:30,5862.25,5864.3,5861.05,5864.05,381,
2024-12-13 14:13:00+05:30,5864.05,5864.75,5859.75,5860.4,327,
2024-12-13 14:14:00+05:30,5860.4,5866,5859.75,5865,530,
2024-12-13 14:15:00+05:30,5865,5871,5864.1,5869.35,2015,
2024-12-13 14:16:00+05:30,5869.35,5870.7,5867.85,5868.05,731,
2024-12-13 14:17:00+05:30,5868.05,5869.9,5867.35,5867.6,429,
2024-12-13 14:18:00+05:30,5867.7,5874.95,5867.7,5871.85,1390,
2024-12-13 14:19:00+05:30,5871.85,5872.7,5868.35,5871.35,450,
2024-12-13 14:20:00+05:30,5871.35,5875,5870.3,5871.15,998,
2024-12-13 14:21:00+05:30,5871.1,5874,5870.05,5871.45,283,
2024-12-13 14:22:00+05:30,5873.2,5875.65,5873.2,5874.9,1150,
2024-12-13 14:23:00+05:30,5874.9,5874.9,5870.65,5872.4,667,
2024-12-13 14:24:00+05:30,5872.4,5874,5871.1,5873.55,401,
2024-12-13 14:25:00+05:30,5873.55,5873.9,5870.05,5870.8,671,
2024-12-13 14:26:00+05:30,5870.8,5871.6,5870,5871.2,302,
2024-12-13 14:27:00+05:30,5870.2,5874.85,5870,5874.8,519,
2024-12-13 14:28:00+05:30,5874.8,5874.8,5871,5872.1,246,
2024-12-13 14:29:00+05:30,5872.2,5874.65,5872.2,5873.25,441,
2024-12-13 14:30:00+05:30,5873.25,5875,5873.2,5874.4,525,
2024-12-13 14:31:00+05:30,5874.4,5874.4,5870,5870.05,396,
2024-12-13 14:32:00+05:30,5870.1,5872.85,5870,5872.75,370,
2024-12-13 14:33:00+05:30,5870.5,5871.75,5866.95,5869.4,1133,
2024-12-13 14:34:00+05:30,5869.05,5870.5,5868,5868.1,411,
2024-12-13 14:35:00+05:30,5868.1,5870.5,5868,5868.35,266,
2024-12-13 14:36:00+05:30,5868.55,5874.2,5868.4,5871.85,1845,
2024-12-13 14:37:00+05:30,5871.8,5874.1,5868.25,5868.45,479,
2024-12-13 14:38:00+05:30,5868.5,5868.5,5865,5865.2,940,
2024-12-13 14:39:00+05:30,5865.2,5867.25,5865,5866.2,1594,
2024-12-13 14:40:00+05:30,5866.3,5868.05,5865,5865.05,615,
2024-12-13 14:41:00+05:30,5865.05,5870,5865.05,5868.35,1162,
2024-12-13 14:42:00+05:30,5868.35,5870,5867.75,5868.3,408,
2024-12-13 14:43:00+05:30,5868.3,5870,5868.25,5868.25,304,
2024-12-13 14:44:00+05:30,5868.25,5869,5866.75,5868,338,
2024-12-13 14:45:00+05:30,5868,5869.55,5865.15,5868.55,276,
2024-12-13 14:46:00+05:30,5866,5868.6,5866,5866.1,269,
2024-12-13 14:47:00+05:30,5866.1,5870,5866,5870,512,
2024-12-13 14:48:00+05:30,5869.85,5869.9,5867.1,5867.15,833,
2024-12-13 14:49:00+05:30,5867.1,5870,5866.15,5868.65,326,
2024-12-13 14:50:00+05:30,5868.65,5870,5867.3,5867.45,296,
2024-12-13 14:51:00+05:30,5867.45,5869.95,5867.35,5867.35,245,
2024-12-13 14:52:00+05:30,5867.35,5868.3,5866.15,5866.35,296,
2024-12-13 14:53:00+05:30,5866.3,5869.95,5866.15,5868.45,318,
2024-12-13 14:54:00+05:30,5868.45,5873.95,5868.45,5870.9,1875,
2024-12-13 14:55:00+05:30,5871.2,5874,5870.15,5871.4,388,
2024-12-13 14:56:00+05:30,5871.4,5872.8,5870.35,5870.5,401,
2024-12-13 14:57:00+05:30,5870.5,5872,5870.45,5871.9,365,
2024-12-13 14:58:00+05:30,5871.9,5872,5868.35,5871,1125,
2024-12-13 14:59:00+05:30,5871,5872,5868,5868.7,807,
2024-12-13 15:00:00+05:30,5870,5872.15,5870,5872.15,2493,
2024-12-13 15:01:00+05:30,5872.15,5874.4,5870.95,5872.9,1218,
2024-12-13 15:02:00+05:30,5872.9,5874.95,5870.95,5870.95,726,
2024-12-13 15:03:00+05:30,5870.95,5873,5870.95,5871,603,
2024-12-13 15:04:00+05:30,5872.95,5874.5,5871.1,5874.4,1228,
2024-12-13 15:05:00+05:30,5874.4,5875,5872.5,5873.85,2060,
2024-12-13 15:06:00+05:30,5873.85,5875,5873.15,5874.95,1057,
2024-12-13 15:07:00+05:30,5875,5875,5874.95,5874.95,1221,
2024-12-13 15:08:00+05:30,5875,5876,5874.95,5875.85,1575,
2024-12-13 15:09:00+05:30,5875.85,5879.95,5875.85,5878.15,2047,
2024-12-13 15:10:00+05:30,5879.55,5880.2,5877.9,5877.9,1690,
2024-12-13 15:11:00+05:30,5879.15,5879.95,5872.6,5872.85,2028,
2024-12-13 15:12:00+05:30,5874.95,5875.2,5871.05,5873.8,2003,
2024-12-13 15:13:00+05:30,5872.05,5875,5872,5874.95,1467,
2024-12-13 15:14:00+05:30,5874.95,5875,5872.25,5873.95,1819,
2024-12-13 15:15:00+05:30,5873.8,5874.6,5872.4,5872.9,1803,
2024-12-13 15:16:00+05:30,5872.9,5874.1,5872.25,5874,2381,
2024-12-13 15:17:00+05:30,5874,5877.8,5872.25,5877.65,3518,
2024-12-13 15:18:00+05:30,5880,5883.55,5880,5883.35,3869,
2024-12-13 15:19:00+05:30,5881.35,5883.5,5880,5881,1944,
2024-12-13 15:20:00+05:30,5880.5,5881.15,5875,5875.95,4512,
2024-12-13 15:21:00+05:30,5875.15,5881.35,5875,5881.35,1421,
2024-12-13 15:22:00+05:30,5881,5882.95,5878.7,5881.1,1201,
2024-12-13 15:23:00+05:30,5881.1,5882.2,5875,5878.4,1732,
2024-12-13 15:24:00+05:30,5878.4,5882,5877.65,5880,1453,
2024-12-13 15:25:00+05:30,5880,5882,5878.65,5880,1199,
2024-12-13 15:26:00+05:30,5879.95,5882.7,5878.65,5881.65,1002,
2024-12-13 15:27:00+05:30,5882.2,5882.2,5875.15,5875.15,2174,
2024-12-13 15:28:00+05:30,5875.15,5879.45,5875.05,5878,1021,
2024-12-13 15:29:00+05:30,5877,5884.8,5877,5884.8,1187,
2024-12-16 09:15:00+05:30,5883.5,5909.95,5877,5877,3123,
2024-12-16 09:16:00+05:30,5876.7,5882.8,5866.8,5869.75,3998,
2024-12-16 09:17:00+05:30,5869.75,5871.85,5864.05,5871.3,2799,
2024-12-16 09:18:00+05:30,5871.3,5871.75,5867.8,5871.75,1960,
2024-12-16 09:19:00+05:30,5870.3,5885,5870,5879.85,3271,
2024-12-16 09:20:00+05:30,5879.85,5879.95,5869.35,5872.2,1650,
2024-12-16 09:21:00+05:30,5872.55,5872.55,5865,5865,1186,
2024-12-16 09:22:00+05:30,5865.05,5866,5856.5,5862.25,1816,
2024-12-16 09:23:00+05:30,5861.4,5861.4,5849,5849,1945,
2024-12-16 09:24:00+05:30,5848.8,5849.1,5841.25,5845,805,
2024-12-16 09:25:00+05:30,5845,5849.2,5842.1,5845.05,1411,
2024-12-16 09:26:00+05:30,5845.05,5845.05,5839.45,5841.95,1182,
2024-12-16 09:27:00+05:30,5841.95,5841.95,5839,5840,913,
2024-12-16 09:28:00+05:30,5840,5840,5831.5,5833,1828,
2024-12-16 09:29:00+05:30,5833,5836,5830.2,5834,1344,
2024-12-16 09:30:00+05:30,5834,5834,5830.15,5833,846,
2024-12-16 09:31:00+05:30,5832,5839.7,5830.55,5838,1064,
2024-12-16 09:32:00+05:30,5838,5849.9,5838,5849.9,479,
2024-12-16 09:33:00+05:30,5849.9,5850,5843.65,5849,1442,
2024-12-16 09:34:00+05:30,5849,5850,5845.65,5845.65,998,
2024-12-16 09:35:00+05:30,5845.65,5848.05,5844,5844.05,975,
2024-12-16 09:36:00+05:30,5844.05,5847.25,5838.85,5844.7,676,
2024-12-16 09:37:00+05:30,5844.7,5844.7,5833.55,5835.5,864,
2024-12-16 09:38:00+05:30,5835.5,5839,5835.25,5838.5,327,
2024-12-16 09:39:00+05:30,5838.5,5840.45,5835.25,5840.45,876,
2024-12-16 09:40:00+05:30,5838.05,5841.45,5838.05,5841.45,345,
2024-12-16 09:41:00+05:30,5841.45,5842.15,5838,5838.05,465,
2024-12-16 09:42:00+05:30,5838.05,5842.65,5838.05,5842.65,488,
2024-12-16 09:43:00+05:30,5842.2,5842.65,5840.85,5840.85,895,
2024-12-16 09:44:00+05:30,5840,5845.15,5840,5845.15,724,
2024-12-16 09:45:00+05:30,5845.15,5848.95,5845.05,5845.05,2465,
2024-12-16 09:46:00+05:30,5845.05,5847.45,5838.7,5840,2183,
2024-12-16 09:47:00+05:30,5840,5843.65,5839.4,5843.65,269,
2024-12-16 09:48:00+05:30,5843.65,5843.65,5842.45,5843.65,58,
2024-12-16 09:49:00+05:30,5843.65,5845.1,5840,5840.65,1503,
2024-12-16 09:50:00+05:30,5840.35,5842.3,5840.3,5842.3,228,
2024-12-16 09:51:00+05:30,5842.3,5844.8,5842,5844.8,157,
2024-12-16 09:52:00+05:30,5845.05,5849.5,5844.9,5846.3,1189,
2024-12-16 09:53:00+05:30,5846.3,5849.85,5842.5,5842.7,1113,
2024-12-16 09:54:00+05:30,5845.35,5845.35,5837.1,5838.7,2535,
2024-12-16 09:55:00+05:30,5838.7,5842.45,5838.7,5841.55,162,
2024-12-16 09:56:00+05:30,5841.55,5844.95,5838.65,5838.65,987,
2024-12-16 09:57:00+05:30,5838.65,5839.9,5835,5837.5,1307,
2024-12-16 09:58:00+05:30,5837.5,5837.5,5824.1,5828.5,2989,
2024-12-16 09:59:00+05:30,5828.5,5831.5,5825,5825,616,
2024-12-16 10:00:00+05:30,5825,5829.85,5825,5828.1,753,
2024-12-16 10:01:00+05:30,5828.1,5828.1,5820,5820.8,1680,
2024-12-16 10:02:00+05:30,5820.8,5829.35,5820.2,5828.5,2146,
2024-12-16 10:03:00+05:30,5828.5,5829.25,5825,5827,585,
2024-12-16 10:04:00+05:30,5827,5827,5821.15,5823,2394,
2024-12-16 10:05:00+05:30,5823,5824.3,5821.55,5823.3,708,
2024-12-16 10:06:00+05:30,5823.3,5824.3,5823.05,5823.3,289,
2024-12-16 10:07:00+05:30,5822.5,5829,5821.15,5826.1,2840,
2024-12-16 10:08:00+05:30,5823.1,5829,5823,5827.75,1089,
2024-12-16 10:09:00+05:30,5827.75,5828.9,5826.4,5828,162,
2024-12-16 10:10:00+05:30,5828,5828,5826,5826,627,
2024-12-16 10:11:00+05:30,5826,5826,5822.25,5822.25,346,
2024-12-16 10:12:00+05:30,5822,5822.35,5821.6,5822.35,780,
2024-12-16 10:13:00+05:30,5822.25,5827.25,5821.8,5825.55,961,
2024-12-16 10:14:00+05:30,5825.05,5826,5825.05,5826,94,
2024-12-16 10:15:00+05:30,5826,5826,5821.8,5823.7,385,
2024-12-16 10:16:00+05:30,5823.7,5826,5822.1,5826,169,
2024-12-16 10:17:00+05:30,5824.55,5828,5824.55,5826.6,878,
2024-12-16 10:18:00+05:30,5826.6,5828,5826,5826,647,
2024-12-16 10:19:00+05:30,5826,5828.35,5823.9,5828.35,1120,
2024-12-16 10:20:00+05:30,5828.35,5834,5828.35,5833,1185,
2024-12-16 10:21:00+05:30,5833,5833.5,5832.05,5833.5,216,
2024-12-16 10:22:00+05:30,5833.5,5850,5832,5848.5,5587,
2024-12-16 10:23:00+05:30,5848.6,5848.6,5840.05,5840.7,543,
2024-12-16 10:24:00+05:30,5840.7,5840.7,5837.4,5839.8,37,
2024-12-16 10:25:00+05:30,5839.8,5839.8,5837,5838.9,208,
2024-12-16 10:26:00+05:30,5838.9,5838.9,5834.55,5834.55,300,
2024-12-16 10:27:00+05:30,5834.55,5837.85,5834.55,5836.3,1970,
2024-12-16 10:28:00+05:30,5836.3,5836.3,5834.55,5835.3,212,
2024-12-16 10:29:00+05:30,5835.3,5835.85,5834,5835.8,165,
2024-12-16 10:30:00+05:30,5835.85,5835.9,5832.4,5835.9,603,
2024-12-16 10:31:00+05:30,5835.9,5840,5835.9,5840,401,
2024-12-16 10:32:00+05:30,5840,5840,5839.6,5840,357,
2024-12-16 10:33:00+05:30,5840,5840,5839.6,5840,316,
2024-12-16 10:34:00+05:30,5840,5840,5839.6,5839.6,35,
2024-12-16 10:35:00+05:30,5839.6,5840,5839.6,5839.6,109,
2024-12-16 10:36:00+05:30,5840,5840,5839.9,5840,197,
2024-12-16 10:37:00+05:30,5840,5843.55,5839.6,5843.55,1665,
2024-12-16 10:38:00+05:30,5843.55,5843.55,5842.05,5842.1,268,
2024-12-16 10:39:00+05:30,5843,5843,5838,5839,1092,
2024-12-16 10:40:00+05:30,5839,5839.6,5833.75,5836.3,297,
2024-12-16 10:41:00+05:30,5836.3,5836.3,5834.65,5834.65,64,
2024-12-16 10:42:00+05:30,5834.65,5834.65,5830,5831.65,191,
2024-12-16 10:43:00+05:30,5831.65,5833.55,5831.15,5831.15,320,
2024-12-16 10:44:00+05:30,5831.15,5834,5831.15,5834,148,
2024-12-16 10:45:00+05:30,5834,5834,5831.75,5832.9,10,
2024-12-16 10:46:00+05:30,5832.9,5832.9,5831,5831.1,281,
2024-12-16 10:47:00+05:30,5831.1,5831.3,5827.6,5828.9,562,
2024-12-16 10:48:00+05:30,5828.9,5829,5826.75,5828.05,1376,
2024-12-16 10:49:00+05:30,5828.05,5828.05,5825,5825.05,407,
2024-12-16 10:50:00+05:30,5825.05,5831.8,5825.05,5831.55,649,
2024-12-16 10:51:00+05:30,5831.55,5831.55,5825,5827.95,1017,
2024-12-16 10:52:00+05:30,5827.95,5828.1,5826.65,5827,64,
2024-12-16 10:53:00+05:30,5827,5828.4,5827,5828.4,215,
2024-12-16 10:54:00+05:30,5828.4,5828.45,5826.05,5827.1,587,
2024-12-16 10:55:00+05:30,5827.1,5827.1,5826,5826,171,
2024-12-16 10:56:00+05:30,5826,5826.95,5825,5826.95,196,
2024-12-16 10:57:00+05:30,5826.95,5831.8,5826.95,5831.8,3276,
2024-12-16 10:58:00+05:30,5831.8,5833.25,5831.6,5833.25,397,
2024-12-16 10:59:00+05:30,5833.25,5836.65,5833.05,5836.65,307,
2024-12-16 11:00:00+05:30,5836.65,5836.8,5835.05,5836.8,158,
2024-12-16 11:01:00+05:30,5836.8,5836.8,5834.4,5834.4,242,
2024-12-16 11:02:00+05:30,5834.4,5834.5,5832.35,5833.3,242,
2024-12-16 11:03:00+05:30,5833.3,5834.55,5831.7,5834.2,671,
2024-12-16 11:04:00+05:30,5834.2,5834.25,5831.75,5831.75,195,
2024-12-16 11:05:00+05:30,5831.75,5834.3,5831.75,5834.3,218,
2024-12-16 11:06:00+05:30,5834.3,5837.1,5834.3,5837.1,328,
2024-12-16 11:07:00+05:30,5839,5840,5838.7,5838.7,192,
2024-12-16 11:08:00+05:30,5838.7,5840,5838.7,5839,141,
2024-12-16 11:09:00+05:30,5839,5839.5,5835.45,5839.5,383,
2024-12-16 11:10:00+05:30,5839.5,5840,5839.5,5840,180,
2024-12-16 11:11:00+05:30,5840,5840,5838.65,5838.65,367,
2024-12-16 11:12:00+05:30,5838.65,5840.05,5838.05,5840.05,3639,
2024-12-16 11:13:00+05:30,5840.05,5840.05,5838.4,5838.5,348,
2024-12-16 11:14:00+05:30,5838.5,5838.85,5832.2,5832.2,322,
2024-12-16 11:15:00+05:30,5832.2,5833.9,5831.75,5832.2,95,
2024-12-16 11:16:00+05:30,5832.2,5834.35,5832.2,5834.35,580,
2024-12-16 11:17:00+05:30,5834.35,5836.2,5833.65,5835.8,180,
2024-12-16 11:18:00+05:30,5835.8,5836.05,5833.65,5835.8,107,
2024-12-16 11:19:00+05:30,5835.8,5835.8,5833.25,5833.25,62,
2024-12-16 11:20:00+05:30,5833.65,5835,5833.3,5833.3,72,
2024-12-16 11:21:00+05:30,5833.3,5834.1,5830.55,5830.55,228,
2024-12-16 11:22:00+05:30,5831.05,5831.05,5828.8,5828.8,449,
2024-12-16 11:23:00+05:30,5828.8,5828.8,5825.75,5825.75,206,
2024-12-16 11:24:00+05:30,5825.75,5827.35,5825.75,5826,534,
2024-12-16 11:25:00+05:30,5826,5827.35,5826,5826.5,65,
2024-12-16 11:26:00+05:30,5826.5,5827.35,5822.9,5822.9,1720,
2024-12-16 11:27:00+05:30,5822.9,5823.9,5822.9,5823,191,
2024-12-16 11:28:00+05:30,5823.2,5825.25,5823.2,5825.1,615,
2024-12-16 11:29:00+05:30,5825.2,5825.2,5825,5825.2,379,
2024-12-16 11:30:00+05:30,5825.2,5825.4,5825,5825,409,
2024-12-16 11:31:00+05:30,5825,5828.2,5825,5828.05,2276,
2024-12-16 11:32:00+05:30,5828.05,5832.6,5828.05,5830.95,341,
2024-12-16 11:33:00+05:30,5830.95,5832.85,5828,5829.55,249,
2024-12-16 11:34:00+05:30,5829.55,5830.3,5826.6,5827.65,238,
2024-12-16 11:35:00+05:30,5829.25,5830.15,5825,5826,304,
2024-12-16 11:36:00+05:30,5826,5828.2,5826,5828.2,194,
2024-12-16 11:37:00+05:30,5828.2,5829.8,5825,5825,482,
2024-12-16 11:38:00+05:30,5825,5829.5,5825,5828.95,248,
2024-12-16 11:39:00+05:30,5828.95,5829.8,5828.9,5829,168,
2024-12-16 11:40:00+05:30,5829,5829.8,5829,5829,283,
2024-12-16 11:41:00+05:30,5829,5829.05,5829,5829,171,
2024-12-16 11:42:00+05:30,5829,5829.05,5829,5829,131,
2024-12-16 11:43:00+05:30,5829,5829.05,5826.5,5828.9,600,
2024-12-16 11:44:00+05:30,5828,5829.05,5825,5825.05,348,
2024-12-16 11:45:00+05:30,5825.05,5827.35,5825.05,5826.95,228,
2024-12-16 11:46:00+05:30,5826.95,5826.95,5825.4,5825.45,327,
2024-12-16 11:47:00+05:30,5825.4,5826.9,5825.4,5825.4,392,
2024-12-16 11:48:00+05:30,5825.4,5826.45,5825.4,5826.4,153,
2024-12-16 11:49:00+05:30,5826.4,5829.05,5826.4,5828.45,154,
2024-12-16 11:50:00+05:30,5828.45,5829.05,5828.45,5828.5,173,
2024-12-16 11:51:00+05:30,5828.8,5828.9,5828.5,5828.8,397,
2024-12-16 11:52:00+05:30,5828.8,5828.9,5826.1,5828.35,298,
2024-12-16 11:53:00+05:30,5828.35,5828.35,5826.55,5827.9,45,
2024-12-16 11:54:00+05:30,5827.9,5827.9,5826.55,5827.75,27,
2024-12-16 11:55:00+05:30,5827.75,5827.75,5825.05,5825.05,318,
2024-12-16 11:56:00+05:30,5825.05,5827.95,5825,5827,173,
2024-12-16 11:57:00+05:30,5827,5827.05,5822.7,5824,542,
2024-12-16 11:58:00+05:30,5824,5826.65,5824,5825.45,20,
2024-12-16 11:59:00+05:30,5825.45,5825.9,5824.55,5825.9,19,
2024-12-16 12:00:00+05:30,5825.9,5828,5825.9,5828,243,
2024-12-16 12:01:00+05:30,5828,5829.55,5827.35,5828.5,400,
2024-12-16 12:02:00+05:30,5828.5,5829,5823.55,5826.35,563,
2024-12-16 12:03:00+05:30,5826.35,5827.4,5826.35,5827.4,61,
2024-12-16 12:04:00+05:30,5827.4,5828.5,5825.1,5826.45,191,
2024-12-16 12:05:00+05:30,5826.45,5826.5,5821.4,5826.5,2261,
2024-12-16 12:06:00+05:30,5826.5,5828.65,5825.75,5827.45,263,
2024-12-16 12:07:00+05:30,5827.45,5827.65,5827.45,5827.6,212,
2024-12-16 12:08:00+05:30,5827.6,5827.65,5825.75,5825.75,103,
2024-12-16 12:09:00+05:30,5825.75,5827.5,5825.75,5827.05,161,
2024-12-16 12:10:00+05:30,5827.05,5827.55,5827.05,5827.55,90,
2024-12-16 12:11:00+05:30,5827.5,5827.55,5827.05,5827.05,133,
2024-12-16 12:12:00+05:30,5827.05,5827.5,5825.6,5825.75,155,
2024-12-16 12:13:00+05:30,5825.75,5828.5,5825.6,5827.95,637,
2024-12-16 12:14:00+05:30,5827.95,5829,5825.5,5828.15,169,
2024-12-16 12:15:00+05:30,5828.15,5828.3,5827.9,5828.2,57,
2024-12-16 12:16:00+05:30,5828.2,5828.45,5828,5828.4,39,
2024-12-16 12:17:00+05:30,5828.4,5828.4,5825,5825,499,
2024-12-16 12:18:00+05:30,5826.5,5826.5,5825,5825,559,
2024-12-16 12:19:00+05:30,5825,5825.95,5825,5825,310,
2024-12-16 12:20:00+05:30,5825,5825.95,5825,5825,19,
2024-12-16 12:21:00+05:30,5825,5831.9,5825,5828.9,775,
2024-12-16 12:22:00+05:30,5828.9,5828.9,5827,5828.9,75,
2024-12-16 12:23:00+05:30,5828.9,5828.9,5826.7,5828.25,136,
2024-12-16 12:24:00+05:30,5828.25,5829.1,5828.25,5828.35,110,
2024-12-16 12:25:00+05:30,5828.35,5830.85,5828.35,5830.85,215,
2024-12-16 12:26:00+05:30,5830.85,5830.9,5829.05,5829.05,215,
2024-12-16 12:27:00+05:30,5829.05,5830.15,5825.15,5825.15,73,
2024-12-16 12:28:00+05:30,5825.15,5827.85,5825,5827.05,154,
2024-12-16 12:29:00+05:30,5827.05,5827.05,5825.75,5826.35,61,
2024-12-16 12:30:00+05:30,5826.35,5826.35,5825,5825,65,
2024-12-16 12:31:00+05:30,5825,5825.75,5825,5825,2073,
2024-12-16 12:32:00+05:30,5825,5825.75,5825,5825.75,38,
2024-12-16 12:33:00+05:30,5825.75,5825.85,5825,5825.7,53,
2024-12-16 12:34:00+05:30,5825.7,5830.2,5825.7,5830.2,493,
2024-12-16 12:35:00+05:30,5829.45,5832.6,5829.45,5830.85,769,
2024-12-16 12:36:00+05:30,5832,5833,5830.85,5833,84,
2024-12-16 12:37:00+05:30,5832.55,5834.25,5832.25,5832.25,1523,
2024-12-16 12:38:00+05:30,5832.25,5839.6,5832.1,5837.55,507,
2024-12-16 12:39:00+05:30,5837.55,5839.6,5837.55,5838.55,202,
2024-12-16 12:40:00+05:30,5838.55,5840.8,5838.55,5839,1960,
2024-12-16 12:41:00+05:30,5839,5841.95,5839,5841,270,
2024-12-16 12:42:00+05:30,5841,5841.9,5841,5841,202,
2024-12-16 12:43:00+05:30,5841,5841.25,5840.1,5841,178,
2024-12-16 12:44:00+05:30,5841,5841.25,5840.1,5841.25,1951,
2024-12-16 12:45:00+05:30,5841.25,5848.6,5841.25,5846,1368,
2024-12-16 12:46:00+05:30,5846,5846,5845.1,5846,344,
2024-12-16 12:47:00+05:30,5846,5850,5844.9,5850,2236,
2024-12-16 12:48:00+05:30,5850,5850,5845.7,5849,647,
2024-12-16 12:49:00+05:30,5849,5849,5846.35,5848.55,471,
2024-12-16 12:50:00+05:30,5848.95,5850,5847,5849.5,3451,
2024-12-16 12:51:00+05:30,5850,5850,5848.25,5848.25,1189,
2024-12-16 12:52:00+05:30,5848.25,5848.85,5845.3,5848.1,1052,
2024-12-16 12:53:00+05:30,5848.1,5848.2,5843.55,5845.15,337,
2024-12-16 12:54:00+05:30,5846.55,5847.5,5844.65,5845.25,505,
2024-12-16 12:55:00+05:30,5847.35,5847.35,5844.7,5846.7,290,
2024-12-16 12:56:00+05:30,5846.7,5848.1,5846.7,5847.65,318,
2024-12-16 12:57:00+05:30,5847.65,5847.65,5845.7,5847.35,306,
2024-12-16 12:58:00+05:30,5847.35,5850,5846.15,5850,804,
2024-12-16 12:59:00+05:30,5848.45,5855.95,5846.95,5847.45,16861,
2024-12-16 13:00:00+05:30,5847.45,5849.65,5845.1,5847.35,239,
2024-12-16 13:01:00+05:30,5847.35,5847.35,5845.2,5847.05,151,
2024-12-16 13:02:00+05:30,5847.05,5848.4,5845.5,5848.4,270,
2024-12-16 13:03:00+05:30,5848.4,5849.1,5847,5847,791,
2024-12-16 13:04:00+05:30,5847,5848.85,5847,5847,223,
2024-12-16 13:05:00+05:30,5847,5849.1,5847,5848.3,852,
2024-12-16 13:06:00+05:30,5848.3,5848.9,5845.35,5848.35,199,
2024-12-16 13:07:00+05:30,5848.35,5848.35,5840.55,5842,981,
2024-12-16 13:08:00+05:30,5842,5842,5840.95,5842,515,
2024-12-16 13:09:00+05:30,5842,5842.9,5841.2,5841.9,1648,
2024-12-16 13:10:00+05:30,5841.9,5844.55,5841.9,5842.9,235,
2024-12-16 13:11:00+05:30,5842.9,5842.9,5840,5841.55,761,
2024-12-16 13:12:00+05:30,5841.55,5842.9,5841.55,5842.75,79,
2024-12-16 13:13:00+05:30,5842.75,5843.45,5842.75,5843.3,870,
2024-12-16 13:14:00+05:30,5843.3,5847.5,5843.3,5847.45,625,
2024-12-16 13:15:00+05:30,5847.45,5847.45,5845.75,5847.35,594,
2024-12-16 13:16:00+05:30,5847.35,5847.4,5845.6,5845.6,243,
2024-12-16 13:17:00+05:30,5845.6,5847.25,5845.05,5847,133,
2024-12-16 13:18:00+05:30,5847,5847.25,5843.55,5843.55,182,
2024-12-16 13:19:00+05:30,5843.55,5846.2,5843.55,5845.75,229,
2024-12-16 13:20:00+05:30,5846.2,5850,5846.2,5850,3125,
2024-12-16 13:21:00+05:30,5850,5850,5846.85,5846.85,1018,
2024-12-16 13:22:00+05:30,5846.85,5847.95,5845.8,5845.8,716,
2024-12-16 13:23:00+05:30,5845.8,5847.35,5845.75,5845.75,194,
2024-12-16 13:24:00+05:30,5845.75,5846.7,5841.55,5844.6,346,
2024-12-16 13:25:00+05:30,5844.6,5844.6,5841.7,5843.95,188,
2024-12-16 13:26:00+05:30,5843.95,5844,5842,5843.5,113,
2024-12-16 13:27:00+05:30,5843.5,5844,5842.2,5842.2,294,
2024-12-16 13:28:00+05:30,5842.2,5844.15,5842.2,5844.15,134,
2024-12-16 13:29:00+05:30,5844.25,5844.95,5844.25,5844.95,474,
2024-12-16 13:30:00+05:30,5844.95,5846.7,5842.25,5842.25,443,
2024-12-16 13:31:00+05:30,5842.25,5844.75,5841.5,5844.75,150,
2024-12-16 13:32:00+05:30,5844.75,5844.8,5842.65,5842.65,142,
2024-12-16 13:33:00+05:30,5842.65,5844.85,5842.65,5844.85,126,
2024-12-16 13:34:00+05:30,5844.85,5844.9,5843.95,5844.45,233,
2024-12-16 13:35:00+05:30,5844.45,5844.7,5841.05,5843,232,
2024-12-16 13:36:00+05:30,5843,5843.4,5841.3,5843.4,346,
2024-12-16 13:37:00+05:30,5843.4,5843.55,5840.5,5840.5,302,
2024-12-16 13:38:00+05:30,5840.5,5842.4,5840.5,5840.95,149,
2024-12-16 13:39:00+05:30,5840.95,5843.85,5840.95,5843.85,132,
2024-12-16 13:40:00+05:30,5843.85,5844.95,5841.65,5844.95,384,
2024-12-16 13:41:00+05:30,5844.95,5845.95,5843.2,5843.85,183,
2024-12-16 13:42:00+05:30,5843.85,5844.8,5841.4,5843.45,310,
2024-12-16 13:43:00+05:30,5843.45,5846,5841.85,5841.85,204,
2024-12-16 13:44:00+05:30,5841.85,5843.85,5840.85,5842,228,
2024-12-16 13:45:00+05:30,5842,5843.2,5840.6,5842.35,209,
2024-12-16 13:46:00+05:30,5842.3,5843.25,5840.7,5843.25,162,
2024-12-16 13:47:00+05:30,5843.25,5843.5,5840.5,5840.5,172,
2024-12-16 13:48:00+05:30,5840.5,5841.45,5834.3,5837.85,842,
2024-12-16 13:49:00+05:30,5837.85,5839.95,5837.85,5839.65,194,
2024-12-16 13:50:00+05:30,5839.65,5842.25,5839.6,5841.9,144,
2024-12-16 13:51:00+05:30,5841.9,5843.6,5841.9,5843.55,112,
2024-12-16 13:52:00+05:30,5843.55,5845.7,5843.3,5845.2,151,
2024-12-16 13:53:00+05:30,5845.2,5847.5,5844.05,5847.45,259,
2024-12-16 13:54:00+05:30,5847.45,5847.6,5845.1,5847.6,149,
2024-12-16 13:55:00+05:30,5847.6,5848.9,5845.1,5847.35,236,
2024-12-16 13:56:00+05:30,5847.35,5847.35,5844.95,5844.95,210,
2024-12-16 13:57:00+05:30,5844.95,5845.9,5841.6,5844.35,154,
2024-12-16 13:58:00+05:30,5844.35,5844.9,5843.25,5844.7,219,
2024-12-16 13:59:00+05:30,5844.7,5848.7,5844.35,5846.8,125,
2024-12-16 14:00:00+05:30,5846.8,5848.65,5846.8,5848.65,269,
2024-12-16 14:01:00+05:30,5848.65,5848.9,5846.8,5847.95,327,
2024-12-16 14:02:00+05:30,5847.95,5847.95,5844.55,5847.05,152,
2024-12-16 14:03:00+05:30,5847.05,5847.45,5845.3,5845.7,70,
2024-12-16 14:04:00+05:30,5847,5847.4,5844.65,5847.05,290,
2024-12-16 14:05:00+05:30,5847.05,5847.45,5844.65,5847.45,128,
2024-12-16 14:06:00+05:30,5847.25,5847.45,5844.75,5844.85,218,
2024-12-16 14:07:00+05:30,5844.85,5848.45,5844.85,5848.45,192,
2024-12-16 14:08:00+05:30,5848.45,5848.45,5845.2,5848,183,
2024-12-16 14:09:00+05:30,5848,5848.3,5848,5848.1,128,
2024-12-16 14:10:00+05:30,5848.1,5848.7,5848.1,5848.7,275,
2024-12-16 14:11:00+05:30,5848.7,5849,5844.95,5848.05,545,
2024-12-16 14:12:00+05:30,5848.05,5848.15,5843.9,5847.2,854,
2024-12-16 14:13:00+05:30,5844.05,5845.95,5843.7,5845,145,
2024-12-16 14:14:00+05:30,5845.8,5847.75,5845.8,5847.75,83,
2024-12-16 14:15:00+05:30,5847.75,5847.75,5846.6,5847.5,218,
2024-12-16 14:16:00+05:30,5846.65,5847.85,5846.65,5846.75,123,
2024-12-16 14:17:00+05:30,5846.75,5848.2,5846.75,5848.2,232,
2024-12-16 14:18:00+05:30,5848.2,5848.4,5848.2,5848.35,112,
2024-12-16 14:19:00+05:30,5848.35,5848.35,5844.4,5845.5,264,
2024-12-16 14:20:00+05:30,5844.4,5848.1,5844.4,5846.9,183,
2024-12-16 14:21:00+05:30,5846.9,5848.3,5846.75,5847,237,
2024-12-16 14:22:00+05:30,5847,5848.45,5846.6,5848,161,
2024-12-16 14:23:00+05:30,5846.6,5848.15,5844.35,5846.35,160,
2024-12-16 14:24:00+05:30,5846.35,5846.35,5844.05,5846,176,
2024-12-16 14:25:00+05:30,5846,5846.35,5844.9,5846,95,
2024-12-16 14:26:00+05:30,5846,5846.4,5844.9,5846.4,78,
2024-12-16 14:27:00+05:30,5846.4,5846.4,5844.9,5845,235,
2024-12-16 14:28:00+05:30,5845,5846.4,5845,5845.3,72,
2024-12-16 14:29:00+05:30,5845.3,5846.7,5845.3,5846.7,87,
2024-12-16 14:30:00+05:30,5847.1,5848,5847,5848,188,
2024-12-16 14:31:00+05:30,5848.1,5849,5848.05,5849,252,
2024-12-16 14:32:00+05:30,5849,5849.95,5848.45,5849,283,
2024-12-16 14:33:00+05:30,5849,5850,5849,5850,204,
2024-12-16 14:34:00+05:30,5850,5850,5849.35,5849.95,2130,
2024-12-16 14:35:00+05:30,5849.95,5850,5849.1,5849.9,821,
2024-12-16 14:36:00+05:30,5849.9,5849.9,5849.1,5849.15,664,
2024-12-16 14:37:00+05:30,5849.15,5850,5849.15,5850,860,
2024-12-16 14:38:00+05:30,5850,5850,5849.95,5849.95,492,
2024-12-16 14:39:00+05:30,5849.95,5850,5849.95,5850,135,
2024-12-16 14:40:00+05:30,5850,5850,5850,5850,262,
2024-12-16 14:41:00+05:30,5850,5850,5849.95,5850,408,
2024-12-16 14:42:00+05:30,5849.95,5850,5847.6,5849,471,
2024-12-16 14:43:00+05:30,5848.05,5849,5848.05,5849,509,
2024-12-16 14:44:00+05:30,5849,5849.4,5848.75,5848.75,313,
2024-12-16 14:45:00+05:30,5848.75,5849.8,5848.75,5849.8,717,
2024-12-16 14:46:00+05:30,5849.8,5850,5848.75,5850,151,
2024-12-16 14:47:00+05:30,5850,5850,5849.9,5850,438,
2024-12-16 14:48:00+05:30,5850,5850,5849.95,5849.95,1034,
2024-12-16 14:49:00+05:30,5849.95,5850,5849.95,5850,1718,
2024-12-16 14:50:00+05:30,5850,5864.45,5850,5864,18280,
2024-12-16 14:51:00+05:30,5864,5865.3,5861.35,5861.35,1574,
2024-12-16 14:52:00+05:30,5861.35,5861.35,5849.95,5854.55,11678,
2024-12-16 14:53:00+05:30,5854.55,5856.05,5854.55,5856,492,
2024-12-16 14:54:00+05:30,5856,5856.35,5850.45,5850.45,634,
2024-12-16 14:55:00+05:30,5855.6,5855.65,5853.15,5855.65,401,
2024-12-16 14:56:00+05:30,5855.65,5855.65,5848,5851.6,2449,
2024-12-16 14:57:00+05:30,5851.6,5851.6,5848.35,5850.4,724,
2024-12-16 14:58:00+05:30,5850.4,5853.55,5850.4,5853.5,1200,
2024-12-16 14:59:00+05:30,5853.55,5855.1,5853.5,5853.5,387,
2024-12-16 15:00:00+05:30,5854.7,5855.65,5851.8,5854.1,1712,
2024-12-16 15:01:00+05:30,5854.1,5854.2,5852,5853.9,1154,
2024-12-16 15:02:00+05:30,5852.9,5854.9,5850.95,5853.05,1622,
2024-12-16 15:03:00+05:30,5853.1,5853.25,5852.1,5853.25,870,
2024-12-16 15:04:00+05:30,5853.25,5853.5,5853.1,5853.5,754,
2024-12-16 15:05:00+05:30,5853.5,5855,5852,5853.25,1286,
2024-12-16 15:06:00+05:30,5853.35,5853.35,5850,5853.25,1176,
2024-12-16 15:07:00+05:30,5853.25,5853.35,5850.9,5852.55,1567,
2024-12-16 15:08:00+05:30,5852.75,5853.35,5846.45,5849.95,1425,
2024-12-16 15:09:00+05:30,5849.8,5849.9,5846.2,5846.25,1354,
2024-12-16 15:10:00+05:30,5846.25,5848.7,5845.45,5848,1400,
2024-12-16 15:11:00+05:30,5848,5850.45,5847.15,5848,1120,
2024-12-16 15:12:00+05:30,5848,5850,5848,5848.6,1475,
2024-12-16 15:13:00+05:30,5848.7,5854.5,5848.7,5850,1611,
2024-12-16 15:14:00+05:30,5850.8,5852.45,5850.5,5852,1196,
2024-12-16 15:15:00+05:30,5851.05,5855,5851.05,5854.25,2894,
2024-12-16 15:16:00+05:30,5854.8,5855.5,5853.45,5855.5,1545,
2024-12-16 15:17:00+05:30,5855.9,5856.35,5854,5856.35,895,
2024-12-16 15:18:00+05:30,5856,5857.15,5853,5856,2618,
2024-12-16 15:19:00+05:30,5856,5857.65,5856,5856,1297,
2024-12-16 15:20:00+05:30,5856.75,5861.35,5853,5861.35,9227,
2024-12-16 15:21:00+05:30,5861.4,5862.35,5860.05,5861.2,982,
2024-12-16 15:22:00+05:30,5861.65,5863,5860.35,5861.45,1518,
2024-12-16 15:23:00+05:30,5861.45,5862.2,5856.85,5857.45,2338,
2024-12-16 15:24:00+05:30,5859.6,5863.8,5858.05,5863,2188,
2024-12-16 15:25:00+05:30,5862.4,5863.25,5860.65,5862.35,1362,
2024-12-16 15:26:00+05:30,5862.35,5868,5862.35,5867.35,1663,
2024-12-16 15:27:00+05:30,5867.35,5867.95,5856.3,5863.9,2426,
2024-12-16 15:28:00+05:30,5863.2,5865.65,5856.75,5860.35,1545,
2024-12-16 15:29:00+05:30,5860.35,5865.3,5851.5,5851.5,725,
2024-12-17 09:15:00+05:30,5868,5908.4,5863.45,5908.4,5045,
2024-12-17 09:16:00+05:30,5900.95,5935,5899.65,5926,18552,
2024-12-17 09:17:00+05:30,5930,5930,5900.85,5905.1,8274,
2024-12-17 09:18:00+05:30,5905.3,5913.5,5898.5,5904.9,4671,
2024-12-17 09:19:00+05:30,5904.9,5906.95,5880,5887.45,6940,
2024-12-17 09:20:00+05:30,5887.45,5891.8,5877.4,5886,6064,
2024-12-17 09:21:00+05:30,5886,5886.6,5879.7,5884.4,1289,
2024-12-17 09:22:00+05:30,5884.4,5899.95,5880.3,5897.8,1985,
2024-12-17 09:23:00+05:30,5896.85,5897.95,5892.55,5897.3,1835,
2024-12-17 09:24:00+05:30,5897.05,5897.05,5895.6,5896.9,434,
2024-12-17 09:25:00+05:30,5896.9,5905.1,5894.35,5894.35,3100,
2024-12-17 09:26:00+05:30,5894.35,5897.3,5888.05,5892.7,6685,
2024-12-17 09:27:00+05:30,5892.7,5894.55,5886.2,5886.2,1114,
2024-12-17 09:28:00+05:30,5886.2,5891.1,5885,5888.3,1918,
2024-12-17 09:29:00+05:30,5887.1,5887.1,5878.9,5880.05,2338,
2024-12-17 09:30:00+05:30,5877.8,5880.4,5877.75,5879.95,1525,
2024-12-17 09:31:00+05:30,5879.95,5879.95,5872.2,5873.3,1220,
2024-12-17 09:32:00+05:30,5873.4,5875.35,5873.35,5875,479,
2024-12-17 09:33:00+05:30,5873.65,5874.05,5865,5865.35,2735,
2024-12-17 09:34:00+05:30,5865.35,5866.7,5862.25,5865.35,4498,
2024-12-17 09:35:00+05:30,5865.7,5865.7,5851.9,5855,2750,
2024-12-17 09:36:00+05:30,5855,5855,5853.1,5853.2,524,
2024-12-17 09:37:00+05:30,5853.15,5853.6,5849.9,5850.25,4349,
2024-12-17 09:38:00+05:30,5850.25,5854,5849,5852.65,1381,
2024-12-17 09:39:00+05:30,5852.65,5852.65,5849,5849.1,1851,
2024-12-17 09:40:00+05:30,5849.1,5859.1,5848.55,5857.95,4305,
2024-12-17 09:41:00+05:30,5855.5,5858,5852.35,5854.35,2770,
2024-12-17 09:42:00+05:30,5854.7,5858,5854.4,5854.4,784,
2024-12-17 09:43:00+05:30,5854.4,5858.65,5853.1,5855.3,753,
2024-12-17 09:44:00+05:30,5855.3,5855.95,5853.65,5854.8,2111,
2024-12-17 09:45:00+05:30,5857.3,5857.3,5852.15,5852.2,1939,
2024-12-17 09:46:00+05:30,5852.2,5854.6,5851.55,5854.6,529,
2024-12-17 09:47:00+05:30,5857.3,5857.3,5851,5851,1958,
2024-12-17 09:48:00+05:30,5851,5851.5,5845,5845,811,
2024-12-17 09:49:00+05:30,5845,5846.8,5845,5846.45,1387,
2024-12-17 09:50:00+05:30,5846.45,5851.95,5846.25,5849.4,630,
2024-12-17 09:51:00+05:30,5849.35,5851.75,5838.5,5840.6,1866,
2024-12-17 09:52:00+05:30,5840.6,5844.2,5835.3,5842.4,963,
2024-12-17 09:53:00+05:30,5842.35,5844.55,5841.65,5841.65,300,
2024-12-17 09:54:00+05:30,5841.65,5842,5841.65,5841.75,291,
2024-12-17 09:55:00+05:30,5841.75,5843.3,5840.35,5841.95,360,
2024-12-17 09:56:00+05:30,5841.95,5842.2,5838.1,5840,797,
2024-12-17 09:57:00+05:30,5840,5846.95,5838.8,5846.95,970,
2024-12-17 09:58:00+05:30,5846.95,5850,5845.8,5850,367,
2024-12-17 09:59:00+05:30,5849.8,5849.8,5845.8,5845.8,416,
2024-12-17 10:00:00+05:30,5845.8,5845.85,5845,5845.05,210,
2024-12-17 10:01:00+05:30,5845.05,5845.05,5840.5,5842.8,313,
2024-12-17 10:02:00+05:30,5840.55,5846.15,5839.6,5840,944,
2024-12-17 10:03:00+05:30,5840,5841.55,5840,5841.55,385,
2024-12-17 10:04:00+05:30,5841.55,5844.25,5841.35,5843.7,956,
2024-12-17 10:05:00+05:30,5843.7,5845.6,5843.7,5845.1,372,
2024-12-17 10:06:00+05:30,5845.1,5847.8,5844.3,5845.45,350,
2024-12-17 10:07:00+05:30,5845.45,5845.45,5841.1,5841.1,333,
2024-12-17 10:08:00+05:30,5841.1,5841.25,5840.1,5840.2,297,
2024-12-17 10:09:00+05:30,5840.1,5843.05,5838,5841.55,909,
2024-12-17 10:10:00+05:30,5841.55,5844.35,5839.9,5840.65,397,
2024-12-17 10:11:00+05:30,5840.65,5844.55,5840.65,5842.75,376,
2024-12-17 10:12:00+05:30,5842.75,5844,5840.45,5840.85,52,
2024-12-17 10:13:00+05:30,5840.85,5844,5839.25,5842.95,648,
2024-12-17 10:14:00+05:30,5841.55,5841.55,5840.55,5841.4,461,
2024-12-17 10:15:00+05:30,5841.4,5841.4,5837.55,5840,406,
2024-12-17 10:16:00+05:30,5840,5840,5838.15,5838.15,130,
2024-12-17 10:17:00+05:30,5838.15,5851.95,5838,5851.7,2386,
2024-12-17 10:18:00+05:30,5851.3,5851.3,5846.65,5847.2,586,
2024-12-17 10:19:00+05:30,5847.2,5850,5846.85,5848.4,567,
2024-12-17 10:20:00+05:30,5848.4,5848.55,5842.1,5844.65,930,
2024-12-17 10:21:00+05:30,5843.4,5850.4,5842.2,5845.75,1305,
2024-12-17 10:22:00+05:30,5845.75,5848.05,5845.55,5846,359,
2024-12-17 10:23:00+05:30,5846,5850,5845.55,5845.6,544,
2024-12-17 10:24:00+05:30,5846.05,5847.05,5845.55,5845.55,311,
2024-12-17 10:25:00+05:30,5845.55,5845.75,5845.05,5845.1,208,
2024-12-17 10:26:00+05:30,5845.1,5846.9,5842.45,5843.75,862,
2024-12-17 10:27:00+05:30,5845.15,5845.15,5840,5841.15,356,
2024-12-17 10:28:00+05:30,5841.15,5844,5841.1,5841.9,628,
2024-12-17 10:29:00+05:30,5841.9,5844,5841.45,5842.65,122,
2024-12-17 10:30:00+05:30,5841.9,5843.1,5841.9,5842.05,270,
2024-12-17 10:31:00+05:30,5842.05,5842.15,5838,5838,564,
2024-12-17 10:32:00+05:30,5838,5842.1,5838,5841.2,570,
2024-12-17 10:33:00+05:30,5841.15,5841.15,5838.15,5838.25,236,
2024-12-17 10:34:00+05:30,5838.25,5840.4,5838.15,5840,379,
2024-12-17 10:35:00+05:30,5839.8,5844,5837.35,5844,653,
2024-12-17 10:36:00+05:30,5841.75,5844,5840.9,5843,577,
2024-12-17 10:37:00+05:30,5843,5848.5,5842.95,5848.5,2226,
2024-12-17 10:38:00+05:30,5848.9,5850.65,5847.25,5848.25,936,
2024-12-17 10:39:00+05:30,5848,5848.6,5847,5847,351,
2024-12-17 10:40:00+05:30,5847,5847,5837,5837,312,
2024-12-17 10:41:00+05:30,5837,5844.95,5837,5842.25,1131,
2024-12-17 10:42:00+05:30,5840.8,5848.45,5840.1,5847.1,383,
2024-12-17 10:43:00+05:30,5847.1,5849.65,5844.15,5849.5,396,
2024-12-17 10:44:00+05:30,5849.5,5850,5845.45,5850,890,
2024-12-17 10:45:00+05:30,5846.75,5849.7,5844.3,5844.3,332,
2024-12-17 10:46:00+05:30,5844.3,5848.9,5842.6,5848.4,608,
2024-12-17 10:47:00+05:30,5846.45,5851.7,5846.4,5850.95,488,
2024-12-17 10:48:00+05:30,5850,5850.45,5848.75,5850.4,238,
2024-12-17 10:49:00+05:30,5850.4,5850.45,5850,5850,141,
2024-12-17 10:50:00+05:30,5850,5850.5,5850,5850.05,166,
2024-12-17 10:51:00+05:30,5850.6,5852.85,5850,5852.85,579,
2024-12-17 10:52:00+05:30,5852.85,5852.85,5852,5852.5,308,
2024-12-17 10:53:00+05:30,5852.5,5852.5,5845.1,5845.35,1361,
2024-12-17 10:54:00+05:30,5844.35,5848.75,5839.25,5844.95,1921,
2024-12-17 10:55:00+05:30,5844.95,5845,5844.5,5844.95,348,
2024-12-17 10:56:00+05:30,5844.95,5845.45,5844.95,5845.2,193,
2024-12-17 10:57:00+05:30,5845.2,5850,5844.95,5848.6,555,
2024-12-17 10:58:00+05:30,5848.6,5853,5848.35,5849.65,649,
2024-12-17 10:59:00+05:30,5849.65,5849.95,5848.75,5848.9,477,
2024-12-17 11:00:00+05:30,5849.4,5849.4,5848.8,5848.8,283,
2024-12-17 11:01:00+05:30,5848.8,5848.8,5845,5845,294,
2024-12-17 11:02:00+05:30,5845,5845.8,5842.2,5843.05,697,
2024-12-17 11:03:00+05:30,5843.05,5847.65,5842.95,5845.2,656,
2024-12-17 11:04:00+05:30,5845.2,5848.9,5843,5848.9,1869,
2024-12-17 11:05:00+05:30,5849.3,5849.3,5846.45,5847.3,540,
2024-12-17 11:06:00+05:30,5847.3,5848,5842.65,5847.45,481,
2024-12-17 11:07:00+05:30,5847.45,5850.05,5847.35,5847.75,517,
2024-12-17 11:08:00+05:30,5847.75,5847.85,5845.35,5845.65,146,
2024-12-17 11:09:00+05:30,5845.65,5846.05,5845.65,5845.65,217,
2024-12-17 11:10:00+05:30,5845.65,5845.85,5840.05,5841,940,
2024-12-17 11:11:00+05:30,5841.05,5845.5,5840.3,5845.45,728,
2024-12-17 11:12:00+05:30,5843.85,5848.6,5843.45,5843.5,418,
2024-12-17 11:13:00+05:30,5843.5,5844.35,5841.6,5842.75,369,
2024-12-17 11:14:00+05:30,5842.75,5842.75,5841.65,5841.65,114,
2024-12-17 11:15:00+05:30,5841.65,5846.85,5841.65,5844.2,800,
2024-12-17 11:16:00+05:30,5844.2,5846.7,5844,5844.05,137,
2024-12-17 11:17:00+05:30,5844.05,5851,5844.05,5851,468,
2024-12-17 11:18:00+05:30,5851,5851,5844,5844,952,
2024-12-17 11:19:00+05:30,5844,5848.05,5843.55,5846.15,394,
2024-12-17 11:20:00+05:30,5846.15,5848.5,5844.6,5846.45,410,
2024-12-17 11:21:00+05:30,5846.45,5847.3,5841.35,5841.35,386,
2024-12-17 11:22:00+05:30,5841.35,5850,5839.1,5849.35,2315,
2024-12-17 11:23:00+05:30,5850.05,5851,5845.45,5845.45,358,
2024-12-17 11:24:00+05:30,5845.45,5850,5845.45,5847.8,421,
2024-12-17 11:25:00+05:30,5847.8,5848.2,5846.6,5846.6,326,
2024-12-17 11:26:00+05:30,5846.6,5847,5843.55,5843.55,344,
2024-12-17 11:27:00+05:30,5843.55,5843.6,5842.7,5843.1,345,
2024-12-17 11:28:00+05:30,5843.1,5843.1,5839.35,5840,292,
2024-12-17 11:29:00+05:30,5840,5843.75,5839.1,5842.55,713,
2024-12-17 11:30:00+05:30,5842.55,5843.35,5840.95,5843.35,432,
2024-12-17 11:31:00+05:30,5843.35,5843.35,5841,5841,236,
2024-12-17 11:32:00+05:30,5841,5845.95,5841,5843.6,513,
2024-12-17 11:33:00+05:30,5843.6,5844.7,5842.05,5842.9,199,
2024-12-17 11:34:00+05:30,5842.9,5843.65,5840.2,5842.05,393,
2024-12-17 11:35:00+05:30,5842.05,5842.1,5840.15,5840.15,349,
2024-12-17 11:36:00+05:30,5840.15,5844.9,5840.15,5843.2,727,
2024-12-17 11:37:00+05:30,5843.2,5843.25,5841.95,5842.15,78,
2024-12-17 11:38:00+05:30,5842.15,5842.75,5841.95,5842.25,68,
2024-12-17 11:39:00+05:30,5841.95,5842.3,5841.8,5841.8,202,
2024-12-17 11:40:00+05:30,5841.8,5847,5841.8,5847,1054,
2024-12-17 11:41:00+05:30,5846.95,5847,5842.7,5847,341,
2024-12-17 11:42:00+05:30,5844.25,5844.25,5842.7,5842.7,364,
2024-12-17 11:43:00+05:30,5842.7,5844,5840,5842.6,4222,
2024-12-17 11:44:00+05:30,5845.95,5845.95,5840,5845.45,4675,
2024-12-17 11:45:00+05:30,5845.45,5845.6,5839.95,5840.8,728,
2024-12-17 11:46:00+05:30,5840.8,5842.5,5840.5,5840.9,451,
2024-12-17 11:47:00+05:30,5840.9,5844.3,5840,5840.1,606,
2024-12-17 11:48:00+05:30,5842.2,5844.45,5841.15,5841.15,452,
2024-12-17 11:49:00+05:30,5841.15,5844.25,5841.15,5841.15,595,
2024-12-17 11:50:00+05:30,5841.15,5844.95,5840.2,5844.15,620,
2024-12-17 11:51:00+05:30,5844.15,5844.15,5840.8,5840.8,233,
2024-12-17 11:52:00+05:30,5840.8,5841.3,5840.8,5841,319,
2024-12-17 11:53:00+05:30,5841,5841,5837.25,5837.65,676,
2024-12-17 11:54:00+05:30,5837.65,5839.95,5837.65,5839,408,
2024-12-17 11:55:00+05:30,5839,5839.85,5835.3,5837.25,1057,
2024-12-17 11:56:00+05:30,5837.25,5837.25,5835.55,5837,635,
2024-12-17 11:57:00+05:30,5837,5837,5836,5836.15,110,
2024-12-17 11:58:00+05:30,5836.4,5836.4,5835,5835,209,
2024-12-17 11:59:00+05:30,5835,5835,5830,5831.05,630,
2024-12-17 12:00:00+05:30,5831.05,5831.05,5829.1,5829.1,338,
2024-12-17 12:01:00+05:30,5830.65,5830.85,5825,5828.6,928,
2024-12-17 12:02:00+05:30,5828.6,5831.8,5828.05,5831.8,338,
2024-12-17 12:03:00+05:30,5830.3,5831.8,5830.2,5831,53,
2024-12-17 12:04:00+05:30,5830.9,5830.9,5830.2,5830.9,69,
2024-12-17 12:05:00+05:30,5830.9,5831,5830.2,5831,171,
2024-12-17 12:06:00+05:30,5831,5831,5828.85,5829.05,247,
2024-12-17 12:07:00+05:30,5829.05,5830.95,5828.85,5830.95,286,
2024-12-17 12:08:00+05:30,5830.95,5831.35,5829,5830.05,204,
2024-12-17 12:09:00+05:30,5830.05,5831.35,5830.05,5831.2,127,
2024-12-17 12:10:00+05:30,5830.1,5831.6,5830.1,5830.1,381,
2024-12-17 12:11:00+05:30,5830.1,5831.75,5830.1,5831.75,250,
2024-12-17 12:12:00+05:30,5831.75,5837.6,5831.4,5835.05,704,
2024-12-17 12:13:00+05:30,5835.05,5835.9,5835.05,5835.1,180,
2024-12-17 12:14:00+05:30,5835.8,5839.35,5835.1,5836.55,333,
2024-12-17 12:15:00+05:30,5838.3,5838.3,5836.6,5838.3,358,
2024-12-17 12:16:00+05:30,5838.7,5843.75,5838,5840.4,951,
2024-12-17 12:17:00+05:30,5840.4,5840.4,5836,5837.25,392,
2024-12-17 12:18:00+05:30,5837.25,5837.25,5836,5836.95,196,
2024-12-17 12:19:00+05:30,5836.95,5836.95,5830.5,5832.6,600,
2024-12-17 12:20:00+05:30,5832.6,5832.6,5829.15,5832.6,170,
2024-12-17 12:21:00+05:30,5832.6,5832.65,5827,5827.05,434,
2024-12-17 12:22:00+05:30,5827.05,5831.65,5826.3,5827.95,1693,
2024-12-17 12:23:00+05:30,5827.95,5830.85,5827.95,5829.1,422,
2024-12-17 12:24:00+05:30,5829.1,5829.9,5825,5826.8,1744,
2024-12-17 12:25:00+05:30,5826.8,5832.35,5826.7,5832.3,885,
2024-12-17 12:26:00+05:30,5832.3,5838,5832.3,5836.2,509,
2024-12-17 12:27:00+05:30,5839,5840,5837.5,5837.5,397,
2024-12-17 12:28:00+05:30,5839,5839.1,5835.5,5835.65,227,
2024-12-17 12:29:00+05:30,5835.65,5842.85,5835.65,5840.2,719,
2024-12-17 12:30:00+05:30,5840.2,5842.95,5838,5838.1,800,
2024-12-17 12:31:00+05:30,5838,5839.1,5835,5835.1,377,
2024-12-17 12:32:00+05:30,5835.1,5842.95,5835.1,5840.05,733,
2024-12-17 12:33:00+05:30,5840.05,5840.6,5840.05,5840.3,421,
2024-12-17 12:34:00+05:30,5840.3,5844.2,5839.8,5844.2,798,
2024-12-17 12:35:00+05:30,5844.2,5844.2,5840.15,5840.5,234,
2024-12-17 12:36:00+05:30,5840.5,5840.5,5836.65,5839.4,408,
2024-12-17 12:37:00+05:30,5839.4,5839.9,5837.6,5838.3,158,
2024-12-17 12:38:00+05:30,5838.15,5838.95,5836.05,5838.3,403,
2024-12-17 12:39:00+05:30,5838.3,5839.2,5836.05,5836.05,540,
2024-12-17 12:40:00+05:30,5836.05,5836.1,5832.35,5832.35,220,
2024-12-17 12:41:00+05:30,5832.35,5832.8,5831.55,5832.75,222,
2024-12-17 12:42:00+05:30,5832.75,5835.9,5832.75,5835.85,375,
2024-12-17 12:43:00+05:30,5834.2,5836.95,5834,5836.95,475,
2024-12-17 12:44:00+05:30,5836.95,5839.95,5832.05,5833.25,439,
2024-12-17 12:45:00+05:30,5833.25,5835.6,5833,5835.5,216,
2024-12-17 12:46:00+05:30,5835,5835.55,5833.1,5833.1,208,
2024-12-17 12:47:00+05:30,5833.1,5835.3,5832.2,5832.2,281,
2024-12-17 12:48:00+05:30,5832.2,5833.95,5832.2,5833.95,419,
2024-12-17 12:49:00+05:30,5833.5,5834.55,5832.85,5834.5,232,
2024-12-17 12:50:00+05:30,5834.5,5834.85,5834.45,5834.45,323,
2024-12-17 12:51:00+05:30,5834.45,5835.6,5833.25,5833.25,382,
2024-12-17 12:52:00+05:30,5835,5835.6,5831,5831,323,
2024-12-17 12:53:00+05:30,5830.25,5839.05,5830.25,5836.6,1364,
2024-12-17 12:54:00+05:30,5834.05,5836.05,5833.25,5833.95,210,
2024-12-17 12:55:00+05:30,5833.95,5835.1,5833.25,5834.75,588,
2024-12-17 12:56:00+05:30,5834.75,5835.65,5834.05,5835.45,217,
2024-12-17 12:57:00+05:30,5835,5835.25,5832.5,5833.45,455,
2024-12-17 12:58:00+05:30,5833.45,5833.45,5833.4,5833.4,257,
2024-12-17 12:59:00+05:30,5833.4,5833.45,5831.3,5831.3,292,
2024-12-17 13:00:00+05:30,5831.4,5833.15,5830,5830,260,
2024-12-17 13:01:00+05:30,5828.1,5829.75,5825.75,5826.45,267,
2024-12-17 13:02:00+05:30,5826.05,5829.35,5825.25,5827.4,1015,
2024-12-17 13:03:00+05:30,5827.4,5829.65,5826.15,5827.85,466,
2024-12-17 13:04:00+05:30,5827.85,5827.85,5825.3,5826.45,389,
2024-12-17 13:05:00+05:30,5826.45,5826.45,5825.25,5825.25,484,
2024-12-17 13:06:00+05:30,5825.25,5825.95,5823.4,5824.1,637,
2024-12-17 13:07:00+05:30,5824.1,5834.6,5823.45,5833.65,1231,
2024-12-17 13:08:00+05:30,5833.65,5833.65,5827.35,5828.35,450,
2024-12-17 13:09:00+05:30,5828.35,5830.1,5827.55,5828.7,504,
2024-12-17 13:10:00+05:30,5828.7,5836.3,5828.7,5832.5,946,
2024-12-17 13:11:00+05:30,5832.5,5833.35,5830.3,5830.3,235,
2024-12-17 13:12:00+05:30,5830.3,5831.7,5826,5826,1151,
2024-12-17 13:13:00+05:30,5826,5827.75,5825,5825.3,512,
2024-12-17 13:14:00+05:30,5825.3,5826.05,5820,5821.4,518,
2024-12-17 13:15:00+05:30,5821.4,5821.4,5819.6,5819.6,551,
2024-12-17 13:16:00+05:30,5819.6,5830.6,5819.6,5828.15,1458,
2024-12-17 13:17:00+05:30,5829.75,5829.75,5828.2,5828.2,360,
2024-12-17 13:18:00+05:30,5828.2,5828.25,5828.05,5828.05,268,
2024-12-17 13:19:00+05:30,5826.7,5828.1,5825,5825.9,724,
2024-12-17 13:20:00+05:30,5825.9,5830,5825.9,5827.7,543,
2024-12-17 13:21:00+05:30,5827.7,5828.3,5825.95,5827.65,427,
2024-12-17 13:22:00+05:30,5827.65,5830.75,5826.2,5828.2,891,
2024-12-17 13:23:00+05:30,5828.2,5830.4,5825.5,5825.55,380,
2024-12-17 13:24:00+05:30,5825.5,5827.9,5825,5826.85,425,
2024-12-17 13:25:00+05:30,5826.85,5826.85,5825,5825,458,
2024-12-17 13:26:00+05:30,5825,5826.5,5824.65,5825,498,
2024-12-17 13:27:00+05:30,5825,5825.65,5824.9,5824.9,504,
2024-12-17 13:28:00+05:30,5824.9,5829.4,5822.4,5827.15,2518,
2024-12-17 13:29:00+05:30,5827.15,5831.75,5826.9,5827.2,575,
2024-12-17 13:30:00+05:30,5827.2,5828.5,5825,5825.65,481,
2024-12-17 13:31:00+05:30,5825.65,5826,5821.55,5822.15,578,
2024-12-17 13:32:00+05:30,5822.15,5824.1,5821.4,5821.85,570,
2024-12-17 13:33:00+05:30,5821.85,5823.75,5821,5823.3,981,
2024-12-17 13:34:00+05:30,5822.95,5823.35,5822,5823.35,453,
2024-12-17 13:35:00+05:30,5823.35,5827.85,5821.8,5827.85,2017,
2024-12-17 13:36:00+05:30,5827.85,5829.35,5825,5825,501,
2024-12-17 13:37:00+05:30,5825,5842.45,5825,5839.7,4049,
2024-12-17 13:38:00+05:30,5839.7,5839.7,5836.4,5836.4,804,
2024-12-17 13:39:00+05:30,5836.4,5840.6,5835.7,5840.6,752,
2024-12-17 13:40:00+05:30,5838.1,5843.2,5838.1,5840.7,888,
2024-12-17 13:41:00+05:30,5840.7,5840.85,5835.1,5837.25,570,
2024-12-17 13:42:00+05:30,5837.25,5837.5,5833.3,5836.25,527,
2024-12-17 13:43:00+05:30,5837.45,5839.1,5835.65,5837.75,766,
2024-12-17 13:44:00+05:30,5839.1,5839.9,5837.8,5837.9,565,
2024-12-17 13:45:00+05:30,5837.9,5839.25,5837.85,5838.5,586,
2024-12-17 13:46:00+05:30,5838.5,5845.7,5838.5,5843.25,1244,
2024-12-17 13:47:00+05:30,5844,5844,5840.6,5842.5,628,
2024-12-17 13:48:00+05:30,5842.5,5843.3,5840,5840.1,909,
2024-12-17 13:49:00+05:30,5840.1,5841,5839.8,5840.35,371,
2024-12-17 13:50:00+05:30,5840.35,5840.95,5840,5840.1,556,
2024-12-17 13:51:00+05:30,5840.1,5840.45,5838,5839.45,504,
2024-12-17 13:52:00+05:30,5840.75,5842,5839.45,5839.45,826,
2024-12-17 13:53:00+05:30,5839.45,5840.45,5838.75,5839.45,445,
2024-12-17 13:54:00+05:30,5839.45,5840.35,5838.75,5840,432,
2024-12-17 13:55:00+05:30,5840,5840.2,5839.45,5839.5,416,
2024-12-17 13:56:00+05:30,5839.5,5842.9,5839.5,5841.1,724,
2024-12-17 13:57:00+05:30,5841.1,5841.95,5838.05,5839.35,583,
2024-12-17 13:58:00+05:30,5839.35,5841.45,5839.35,5841.45,702,
2024-12-17 13:59:00+05:30,5841.45,5843.9,5839.95,5843.75,698,
2024-12-17 14:00:00+05:30,5842,5849.25,5842,5847.15,970,
2024-12-17 14:01:00+05:30,5847.15,5847.15,5845,5845.05,496,
2024-12-17 14:02:00+05:30,5845,5845.85,5845,5845,640,
2024-12-17 14:03:00+05:30,5845,5845,5840.9,5844.5,765,
2024-12-17 14:04:00+05:30,5844.5,5844.75,5843.7,5844.15,476,
2024-12-17 14:05:00+05:30,5844.15,5844.5,5838.5,5841.6,1284,
2024-12-17 14:06:00+05:30,5841.6,5841.6,5838.05,5839.75,389,
2024-12-17 14:07:00+05:30,5839.75,5839.75,5837.75,5837.75,265,
2024-12-17 14:08:00+05:30,5837.75,5839.75,5834.6,5834.6,391,
2024-12-17 14:09:00+05:30,5834.6,5834.6,5830.85,5831.45,234,
2024-12-17 14:10:00+05:30,5831.45,5832.95,5830.55,5830.55,184,
2024-12-17 14:11:00+05:30,5830.55,5832.65,5830.05,5832.55,275,
2024-12-17 14:12:00+05:30,5832.4,5832.4,5828.35,5828.35,351,
2024-12-17 14:13:00+05:30,5830.9,5830.9,5827.3,5827.3,304,
2024-12-17 14:14:00+05:30,5827.3,5827.95,5825.4,5825.45,625,
2024-12-17 14:15:00+05:30,5825.45,5827.5,5825,5826.6,210,
2024-12-17 14:16:00+05:30,5826.6,5826.6,5825.1,5825.2,594,
2024-12-17 14:17:00+05:30,5825.2,5834.45,5825.1,5832.55,2279,
2024-12-17 14:18:00+05:30,5833.1,5833.1,5831.6,5831.65,180,
2024-12-17 14:19:00+05:30,5831.65,5832.35,5831.65,5831.7,200,
2024-12-17 14:20:00+05:30,5832.15,5832.15,5831.7,5831.7,260,
2024-12-17 14:21:00+05:30,5831.7,5832.1,5827.45,5827.7,415,
2024-12-17 14:22:00+05:30,5827.7,5829.5,5826.8,5826.8,230,
2024-12-17 14:23:00+05:30,5826.8,5827.95,5825.45,5827.8,351,
2024-12-17 14:24:00+05:30,5827.8,5827.8,5825.1,5827.4,278,
2024-12-17 14:25:00+05:30,5827.4,5827.85,5825.95,5827.85,861,
2024-12-17 14:26:00+05:30,5827.85,5827.85,5825.9,5827.3,171,
2024-12-17 14:27:00+05:30,5825.95,5827.3,5825.8,5827.25,282,
2024-12-17 14:28:00+05:30,5827.25,5827.25,5824.3,5826.35,673,
2024-12-17 14:29:00+05:30,5824.05,5826.4,5824.05,5826.35,726,
2024-12-17 14:30:00+05:30,5826.35,5832.1,5824.55,5831.75,1355,
2024-12-17 14:31:00+05:30,5831.75,5831.75,5829.6,5831.55,228,
2024-12-17 14:32:00+05:30,5831.55,5831.55,5829.15,5831.05,261,
2024-12-17 14:33:00+05:30,5831.05,5831.05,5829.55,5831.05,285,
2024-12-17 14:34:00+05:30,5831.05,5835.1,5831.05,5835.1,1918,
2024-12-17 14:35:00+05:30,5835.2,5835.2,5829.35,5831.8,499,
2024-12-17 14:36:00+05:30,5831.8,5831.8,5827.25,5829.35,196,
2024-12-17 14:37:00+05:30,5829.35,5829.35,5828.2,5829.35,284,
2024-12-17 14:38:00+05:30,5829.35,5829.35,5828.2,5829.35,174,
2024-12-17 14:39:00+05:30,5829.35,5829.35,5826.25,5827.8,1217,
2024-12-17 14:40:00+05:30,5827.8,5829.35,5826.65,5829.15,1724,
2024-12-17 14:41:00+05:30,5829.15,5829.95,5828.2,5829.25,348,
2024-12-17 14:42:00+05:30,5829.25,5829.25,5828.2,5829.15,198,
2024-12-17 14:43:00+05:30,5829.15,5829.15,5826.55,5828.45,318,
2024-12-17 14:44:00+05:30,5828.45,5828.45,5825.35,5827.1,369,
2024-12-17 14:45:00+05:30,5827.1,5827.1,5825.4,5827.1,155,
2024-12-17 14:46:00+05:30,5827.1,5827.1,5825.45,5826,212,
2024-12-17 14:47:00+05:30,5826,5826,5825.45,5825.9,318,
2024-12-17 14:48:00+05:30,5825.9,5825.9,5825.35,5825.75,218,
2024-12-17 14:49:00+05:30,5825.75,5825.75,5823.85,5825.05,699,
2024-12-17 14:50:00+05:30,5825,5830.1,5823.5,5829.6,2349,
2024-12-17 14:51:00+05:30,5829.6,5829.8,5827.2,5829.3,385,
2024-12-17 14:52:00+05:30,5829.3,5829.3,5823.85,5826.3,921,
2024-12-17 14:53:00+05:30,5826.3,5826.3,5822.8,5825.4,1001,
2024-12-17 14:54:00+05:30,5825.4,5825.8,5823.9,5825.65,662,
2024-12-17 14:55:00+05:30,5825.65,5825.65,5819.55,5825.6,2678,
2024-12-17 14:56:00+05:30,5825.6,5825.6,5823.05,5825.3,2134,
2024-12-17 14:57:00+05:30,5825.95,5827.35,5825.1,5827.2,382,
2024-12-17 14:58:00+05:30,5827.2,5827.2,5822.2,5825.8,3030,
2024-12-17 14:59:00+05:30,5825.8,5828.85,5825,5827.9,691,
2024-12-17 15:00:00+05:30,5828.7,5840,5828.7,5839.95,2574,
2024-12-17 15:01:00+05:30,5839.95,5839.95,5838.2,5839.1,2685,
2024-12-17 15:02:00+05:30,5839.1,5849.65,5839.1,5849.05,3594,
2024-12-17 15:03:00+05:30,5846.85,5858.9,5846.85,5853.7,6302,
2024-12-17 15:04:00+05:30,5850.9,5853.95,5850.5,5852.05,998,
2024-12-17 15:05:00+05:30,5852.05,5852.5,5850.1,5850.15,916,
2024-12-17 15:06:00+05:30,5850.15,5850.15,5848.15,5848.25,2096,
2024-12-17 15:07:00+05:30,5848.3,5849.1,5848.1,5849,2949,
2024-12-17 15:08:00+05:30,5848.95,5849.4,5845,5845,3827,
2024-12-17 15:09:00+05:30,5847.7,5850.05,5847.7,5850.05,2360,
2024-12-17 15:10:00+05:30,5851.5,5852.5,5849.95,5849.95,3043,
2024-12-17 15:11:00+05:30,5848,5850.1,5846.05,5846.05,3739,
2024-12-17 15:12:00+05:30,5847.9,5850.3,5847.9,5850.3,3393,
2024-12-17 15:13:00+05:30,5849.9,5850.3,5847.9,5849.25,2591,
2024-12-17 15:14:00+05:30,5849.25,5850.7,5847.9,5850.45,3255,
2024-12-17 15:15:00+05:30,5850.6,5850.6,5850.05,5850.3,2323,
2024-12-17 15:16:00+05:30,5850.3,5850.3,5848.05,5850.05,2655,
2024-12-17 15:17:00+05:30,5850.15,5851.7,5849,5851.3,3217,
2024-12-17 15:18:00+05:30,5851.3,5851.4,5846.8,5850.65,3571,
2024-12-17 15:19:00+05:30,5850.5,5850.7,5849.95,5849.95,1920,
2024-12-17 15:20:00+05:30,5850.2,5850.2,5850.05,5850.05,2588,
2024-12-17 15:21:00+05:30,5850.2,5850.2,5850,5850.05,2378,
2024-12-17 15:22:00+05:30,5850,5850.05,5846.2,5848.1,6984,
2024-12-17 15:23:00+05:30,5848.1,5848.25,5845,5845,3072,
2024-12-17 15:24:00+05:30,5845.15,5849.8,5845,5848.35,6563,
2024-12-17 15:25:00+05:30,5849.2,5849.55,5847.1,5848.8,3078,
2024-12-17 15:26:00+05:30,5847.35,5848.95,5845,5845.05,2360,
2024-12-17 15:27:00+05:30,5847.55,5847.6,5838,5838.05,3464,
2024-12-17 15:28:00+05:30,5841.7,5841.75,5825.7,5838.4,2228,
2024-12-17 15:29:00+05:30,5838.4,5848.25,5822.5,5846.9,1812,
2024-12-18 09:15:00+05:30,5848,5868.15,5847,5863.4,2326,
2024-12-18 09:16:00+05:30,5848.05,5873.95,5848.05,5873.95,1275,
2024-12-18 09:17:00+05:30,5874.5,5876.3,5865.75,5876.2,1629,
2024-12-18 09:18:00+05:30,5877,5880.6,5864.2,5868,2016,
2024-12-18 09:19:00+05:30,5868,5877.95,5867.65,5871,2029,
2024-12-18 09:20:00+05:30,5871,5880,5860.55,5880,1661,
2024-12-18 09:21:00+05:30,5880,5887.8,5877,5882.5,1789,
2024-12-18 09:22:00+05:30,5885.8,5886.75,5869.1,5877.65,743,
2024-12-18 09:23:00+05:30,5879.9,5880,5876.35,5879.75,355,
2024-12-18 09:24:00+05:30,5877.6,5882,5876,5882,361,
2024-12-18 09:25:00+05:30,5882,5883.8,5874.6,5874.6,1034,
2024-12-18 09:26:00+05:30,5874.6,5881.85,5867.85,5881.85,949,
2024-12-18 09:27:00+05:30,5881.95,5885,5874.75,5882.2,528,
2024-12-18 09:28:00+05:30,5885.65,5888.65,5882.3,5885,1115,
2024-12-18 09:29:00+05:30,5885,5894.5,5885,5893.65,2899,
2024-12-18 09:30:00+05:30,5893.65,5893.65,5888.05,5892.95,1203,
2024-12-18 09:31:00+05:30,5892.95,5895.5,5890.15,5891.55,584,
2024-12-18 09:32:00+05:30,5895.05,5895.5,5889.2,5894.55,832,
2024-12-18 09:33:00+05:30,5893.9,5896.85,5886.15,5890.2,571,
2024-12-18 09:34:00+05:30,5890.2,5899,5887.65,5896.95,450,
2024-12-18 09:35:00+05:30,5898.8,5904.8,5896.25,5896.25,1975,
2024-12-18 09:36:00+05:30,5896,5900.9,5893.6,5897.7,1245,
2024-12-18 09:37:00+05:30,5897.7,5900,5896.35,5897.9,424,
2024-12-18 09:38:00+05:30,5895.15,5899.05,5894.9,5895.25,1274,
2024-12-18 09:39:00+05:30,5895.25,5896.7,5887,5889.95,2691,
2024-12-18 09:40:00+05:30,5889.95,5893,5888.1,5891.95,1188,
2024-12-18 09:41:00+05:30,5891.95,5895,5891.35,5895,2490,
2024-12-18 09:42:00+05:30,5895,5897,5894.4,5896.75,2301,
2024-12-18 09:43:00+05:30,5897,5899,5897,5899,2254,
2024-12-18 09:44:00+05:30,5899,5899,5897.55,5899,502,
2024-12-18 09:45:00+05:30,5899,5899,5898.5,5898.55,925,
2024-12-18 09:46:00+05:30,5898.55,5902,5886.2,5886.2,10190,
2024-12-18 09:47:00+05:30,5886.2,5889.45,5886,5888.4,749,
2024-12-18 09:48:00+05:30,5889.85,5890,5885.55,5885.65,1595,
2024-12-18 09:49:00+05:30,5885.85,5890,5885.85,5890,703,
2024-12-18 09:50:00+05:30,5889.15,5889.15,5885.65,5886.5,936,
2024-12-18 09:51:00+05:30,5889.65,5890,5885.65,5887.5,547,
2024-12-18 09:52:00+05:30,5887.5,5889.6,5875.1,5875.1,1036,
2024-12-18 09:53:00+05:30,5875.1,5888.5,5873.15,5888.5,564,
2024-12-18 09:54:00+05:30,5888.4,5889.95,5888.4,5888.85,291,
2024-12-18 09:55:00+05:30,5888.85,5890,5885,5889.9,348,
2024-12-18 09:56:00+05:30,5889.9,5889.9,5877.1,5879.65,388,
2024-12-18 09:57:00+05:30,5879.65,5880.75,5874,5879,964,
2024-12-18 09:58:00+05:30,5879,5882.95,5865,5874.95,2623,
2024-12-18 09:59:00+05:30,5874.95,5881.5,5870.85,5871.3,377,
2024-12-18 10:00:00+05:30,5871.3,5875.75,5871.3,5872.95,411,
2024-12-18 10:01:00+05:30,5872.95,5874.15,5868.25,5874.05,355,
2024-12-18 10:02:00+05:30,5874.05,5880,5874.05,5878.9,467,
2024-12-18 10:03:00+05:30,5878.9,5879.05,5872.1,5872.1,609,
2024-12-18 10:04:00+05:30,5872.05,5872.15,5868.1,5871.6,383,
2024-12-18 10:05:00+05:30,5870.8,5870.8,5865.3,5870.15,294,
2024-12-18 10:06:00+05:30,5867.6,5870.75,5867.6,5870.25,233,
2024-12-18 10:07:00+05:30,5870.25,5870.6,5868.55,5870.3,291,
2024-12-18 10:08:00+05:30,5868.25,5868.25,5863.75,5865.1,1022,
2024-12-18 10:09:00+05:30,5865,5869,5865,5869,134,
2024-12-18 10:10:00+05:30,5866.85,5870.35,5866.6,5866.7,206,
2024-12-18 10:11:00+05:30,5865,5868.5,5864.8,5866,308,
2024-12-18 10:12:00+05:30,5865.95,5868.3,5863.55,5867.4,173,
2024-12-18 10:13:00+05:30,5867.4,5868,5863.25,5867.95,284,
2024-12-18 10:14:00+05:30,5865.25,5867.25,5862.8,5864,293,
2024-12-18 10:15:00+05:30,5864,5864,5861,5864,219,
2024-12-18 10:16:00+05:30,5864,5868.65,5862.6,5868.65,296,
2024-12-18 10:17:00+05:30,5867.5,5867.5,5861.2,5864.05,1087,
2024-12-18 10:18:00+05:30,5864.05,5864.05,5855.55,5855.55,551,
2024-12-18 10:19:00+05:30,5855.55,5860.8,5855.55,5859.9,635,
2024-12-18 10:20:00+05:30,5859.9,5864.05,5857.1,5863.5,516,
2024-12-18 10:21:00+05:30,5863.5,5864.4,5862.2,5864.4,154,
2024-12-18 10:22:00+05:30,5863.05,5865,5863.05,5864.45,182,
2024-12-18 10:23:00+05:30,5863.25,5867.95,5863.25,5867.25,193,
2024-12-18 10:24:00+05:30,5870,5870,5868.2,5870,245,
2024-12-18 10:25:00+05:30,5870,5870.65,5867,5867,711,
2024-12-18 10:26:00+05:30,5868.25,5878.85,5867.45,5878.85,810,
2024-12-18 10:27:00+05:30,5878.85,5878.85,5875,5877,360,
2024-12-18 10:28:00+05:30,5877,5884.55,5875.7,5876.9,1110,
2024-12-18 10:29:00+05:30,5876.9,5880.6,5875.05,5875.05,682,
2024-12-18 10:30:00+05:30,5875.05,5878.7,5875.05,5878.5,132,
2024-12-18 10:31:00+05:30,5878.5,5878.5,5875.2,5876.85,399,
2024-12-18 10:32:00+05:30,5876.85,5879.9,5876.05,5876.9,168,
2024-12-18 10:33:00+05:30,5875.55,5878,5875.55,5878,175,
2024-12-18 10:34:00+05:30,5878,5879,5871.35,5872.8,993,
2024-12-18 10:35:00+05:30,5872.8,5874.65,5872.15,5874.65,282,
2024-12-18 10:36:00+05:30,5874.65,5874.65,5868.95,5868.95,281,
2024-12-18 10:37:00+05:30,5868.95,5875,5868.95,5875,173,
2024-12-18 10:38:00+05:30,5875,5875,5873.8,5874,154,
2024-12-18 10:39:00+05:30,5873.95,5873.95,5868.05,5873.25,206,
2024-12-18 10:40:00+05:30,5873.25,5874,5869.05,5869.4,215,
2024-12-18 10:41:00+05:30,5869.4,5872.25,5869.4,5872.05,350,
2024-12-18 10:42:00+05:30,5872.05,5874,5870.95,5873.9,123,
2024-12-18 10:43:00+05:30,5873.9,5875,5872,5872.35,129,
2024-12-18 10:44:00+05:30,5875,5875,5872.35,5875,165,
2024-12-18 10:45:00+05:30,5875,5878.55,5872.55,5874.95,3539,
2024-12-18 10:46:00+05:30,5874.95,5875,5872.55,5872.6,2451,
2024-12-18 10:47:00+05:30,5872.6,5876.55,5872.6,5875,845,
2024-12-18 10:48:00+05:30,5875,5876.55,5874.95,5875,193,
2024-12-18 10:49:00+05:30,5874.95,5875,5872.55,5872.55,435,
2024-12-18 10:50:00+05:30,5872.55,5873.6,5872.55,5872.55,174,
2024-12-18 10:51:00+05:30,5872.55,5872.55,5870.35,5872,71,
2024-12-18 10:52:00+05:30,5872,5872,5870.25,5870.3,202,
2024-12-18 10:53:00+05:30,5871.3,5871.3,5870,5870.95,220,
2024-12-18 10:54:00+05:30,5870.2,5870.2,5866,5866.1,188,
2024-12-18 10:55:00+05:30,5866.1,5867.2,5863.9,5865,189,
2024-12-18 10:56:00+05:30,5865,5867,5864.95,5865.65,186,
2024-12-18 10:57:00+05:30,5865.65,5865.65,5864.45,5865.6,89,
2024-12-18 10:58:00+05:30,5865.6,5866.85,5864.65,5865.55,101,
2024-12-18 10:59:00+05:30,5865.55,5866.8,5865.55,5866.3,59,
2024-12-18 11:00:00+05:30,5866.7,5868,5864.75,5868,115,
2024-12-18 11:01:00+05:30,5868,5869.15,5868,5868.05,345,
2024-12-18 11:02:00+05:30,5869.05,5871,5868.65,5868.65,182,
2024-12-18 11:03:00+05:30,5868.65,5871,5868.65,5870.8,103,
2024-12-18 11:04:00+05:30,5870.8,5871.35,5870.8,5871.35,110,
2024-12-18 11:05:00+05:30,5871.35,5872.55,5871.35,5872.55,188,
2024-12-18 11:06:00+05:30,5872.55,5873.15,5871.7,5871.75,80,
2024-12-18 11:07:00+05:30,5871.75,5871.75,5868.15,5869.95,207,
2024-12-18 11:08:00+05:30,5868.1,5868.1,5865.65,5866.1,365,
2024-12-18 11:09:00+05:30,5866.1,5866.6,5862.15,5866.6,158,
2024-12-18 11:10:00+05:30,5866.6,5866.8,5865.1,5866.15,115,
2024-12-18 11:11:00+05:30,5866.15,5868,5866.15,5867,168,
2024-12-18 11:12:00+05:30,5868,5869,5867.4,5868.25,87,
2024-12-18 11:13:00+05:30,5868.25,5871,5868.25,5871,79,
2024-12-18 11:14:00+05:30,5871,5872.7,5870.25,5872.5,372,
2024-12-18 11:15:00+05:30,5872.5,5873.4,5867.95,5867.95,183,
2024-12-18 11:16:00+05:30,5867.95,5873.4,5867,5873.4,62,
2024-12-18 11:17:00+05:30,5873.4,5873.7,5871.65,5872.15,125,
2024-12-18 11:18:00+05:30,5872.15,5873.65,5870,5873.65,156,
2024-12-18 11:19:00+05:30,5873.35,5873.55,5869.1,5872.2,371,
2024-12-18 11:20:00+05:30,5872.2,5872.5,5870,5870,76,
2024-12-18 11:21:00+05:30,5870,5873.7,5870,5873.7,68,
2024-12-18 11:22:00+05:30,5873.7,5873.7,5867.9,5867.9,234,
2024-12-18 11:23:00+05:30,5867.9,5870,5867.9,5870,104,
2024-12-18 11:24:00+05:30,5870,5870.15,5867.1,5868.65,87,
2024-12-18 11:25:00+05:30,5868.65,5869.3,5865.95,5869.3,142,
2024-12-18 11:26:00+05:30,5869.3,5870.15,5867,5869.3,271,
2024-12-18 11:27:00+05:30,5869.3,5870.15,5869.3,5870.15,68,
2024-12-18 11:28:00+05:30,5870.15,5871.6,5869.45,5870.4,80,
2024-12-18 11:29:00+05:30,5870.4,5872,5868.75,5868.75,109,
2024-12-18 11:30:00+05:30,5868.75,5870.25,5868,5870,45,
2024-12-18 11:31:00+05:30,5870,5870.15,5868.35,5870,79,
2024-12-18 11:32:00+05:30,5870,5870,5865,5869.05,150,
2024-12-18 11:33:00+05:30,5868.95,5869.7,5865.2,5868.35,914,
2024-12-18 11:34:00+05:30,5868.35,5870,5868.35,5868.5,62,
2024-12-18 11:35:00+05:30,5868.5,5870,5868.5,5868.55,122,
2024-12-18 11:36:00+05:30,5868.55,5870,5868.55,5868.7,77,
2024-12-18 11:37:00+05:30,5868.7,5869.15,5868.65,5868.7,124,
2024-12-18 11:38:00+05:30,5867.85,5869.15,5866.1,5868.6,80,
2024-12-18 11:39:00+05:30,5868.6,5868.65,5863.45,5863.45,103,
2024-12-18 11:40:00+05:30,5864.6,5864.6,5858.2,5860.2,554,
2024-12-18 11:41:00+05:30,5860.2,5860.2,5853.35,5859.75,594,
2024-12-18 11:42:00+05:30,5859.75,5859.75,5855.4,5857.35,787,
2024-12-18 11:43:00+05:30,5857.35,5858.9,5855.6,5855.6,150,
2024-12-18 11:44:00+05:30,5855.6,5860.2,5855.6,5859.95,143,
2024-12-18 11:45:00+05:30,5859.95,5860.35,5859.9,5860.35,82,
2024-12-18 11:46:00+05:30,5860.35,5860.35,5857.95,5860.35,146,
2024-12-18 11:47:00+05:30,5860.35,5860.35,5860,5860.35,104,
2024-12-18 11:48:00+05:30,5860.35,5861,5860.35,5860.5,102,
2024-12-18 11:49:00+05:30,5860.5,5860.5,5857.9,5860.05,133,
2024-12-18 11:50:00+05:30,5860.05,5860.45,5855,5855.25,259,
2024-12-18 11:51:00+05:30,5855.25,5856.25,5852,5852.15,192,
2024-12-18 11:52:00+05:30,5852.15,5854.7,5850.1,5851.4,248,
2024-12-18 11:53:00+05:30,5851.4,5855.5,5851,5851,116,
2024-12-18 11:54:00+05:30,5851,5855,5851,5852.8,167,
2024-12-18 11:55:00+05:30,5852.8,5855.95,5852.8,5854.2,118,
2024-12-18 11:56:00+05:30,5854.25,5856.9,5852.95,5856.85,223,
2024-12-18 11:57:00+05:30,5856.9,5856.9,5852.45,5852.5,252,
2024-12-18 11:58:00+05:30,5852.5,5854,5850,5850.35,649,
2024-12-18 11:59:00+05:30,5850.35,5854,5850,5850.65,444,
2024-12-18 12:00:00+05:30,5850.65,5854,5850.65,5853.25,223,
2024-12-18 12:01:00+05:30,5851.2,5854,5851.2,5853,179,
2024-12-18 12:02:00+05:30,5853,5854,5851.55,5853,167,
2024-12-18 12:03:00+05:30,5853,5854.95,5853,5854.95,110,
2024-12-18 12:04:00+05:30,5854.95,5856.4,5850,5855.8,628,
2024-12-18 12:05:00+05:30,5855.8,5857.95,5855.7,5855.75,136,
2024-12-18 12:06:00+05:30,5857.9,5857.9,5855.75,5855.95,71,
2024-12-18 12:07:00+05:30,5857.45,5857.45,5851.5,5853.55,145,
2024-12-18 12:08:00+05:30,5855.9,5859.35,5853.75,5857.05,208,
2024-12-18 12:09:00+05:30,5857.05,5859.8,5853.5,5854,383,
2024-12-18 12:10:00+05:30,5854,5858.35,5853.65,5858.3,148,
2024-12-18 12:11:00+05:30,5858.3,5858.65,5855.45,5857.45,65,
2024-12-18 12:12:00+05:30,5857.45,5858,5856.35,5858,76,
2024-12-18 12:13:00+05:30,5858,5859.65,5857,5859,113,
2024-12-18 12:14:00+05:30,5859,5862.25,5857.65,5860.85,386,
2024-12-18 12:15:00+05:30,5860.85,5867.5,5860,5865.1,244,
2024-12-18 12:16:00+05:30,5866,5869,5865.3,5869,178,
2024-12-18 12:17:00+05:30,5869,5869.4,5868.2,5869.2,255,
2024-12-18 12:18:00+05:30,5869.2,5869.2,5863.6,5866.1,189,
2024-12-18 12:19:00+05:30,5866.1,5866.15,5861.45,5864,186,
2024-12-18 12:20:00+05:30,5864,5864.15,5857,5860,329,
2024-12-18 12:21:00+05:30,5860,5862,5858.4,5861.85,101,
2024-12-18 12:22:00+05:30,5860.15,5862,5857.05,5859.95,319,
2024-12-18 12:23:00+05:30,5859.95,5861.05,5857.6,5861.05,123,
2024-12-18 12:24:00+05:30,5861.05,5863,5857.95,5863,292,
2024-12-18 12:25:00+05:30,5863,5864.15,5861.35,5862.1,395,
2024-12-18 12:26:00+05:30,5862.1,5862.1,5858.2,5859.95,195,
2024-12-18 12:27:00+05:30,5859.95,5862,5856.75,5858.15,246,
2024-12-18 12:28:00+05:30,5858.15,5862.8,5858.15,5862.5,214,
2024-12-18 12:29:00+05:30,5862.5,5866,5859.75,5866,346,
2024-12-18 12:30:00+05:30,5866,5868,5864.4,5866,296,
2024-12-18 12:31:00+05:30,5866,5868.35,5865.85,5868.35,118,
2024-12-18 12:32:00+05:30,5868.35,5870,5867.4,5869.75,1006,
2024-12-18 12:33:00+05:30,5869.7,5870,5868.1,5869.55,159,
2024-12-18 12:34:00+05:30,5869.55,5869.9,5865.6,5869.9,538,
2024-12-18 12:35:00+05:30,5869.85,5869.9,5864.65,5867.1,206,
2024-12-18 12:36:00+05:30,5867.1,5867.2,5860,5862.75,274,
2024-12-18 12:37:00+05:30,5863.95,5864.75,5857.2,5860.2,512,
2024-12-18 12:38:00+05:30,5860.3,5861.75,5860.3,5861,174,
2024-12-18 12:39:00+05:30,5861,5862.95,5860.7,5862,283,
2024-12-18 12:40:00+05:30,5861.55,5861.95,5856.5,5857.8,354,
2024-12-18 12:41:00+05:30,5857.8,5860,5857.8,5860,148,
2024-12-18 12:42:00+05:30,5860,5860,5853.7,5855.35,1124,
2024-12-18 12:43:00+05:30,5855.35,5855.35,5845,5848.9,1297,
2024-12-18 12:44:00+05:30,5848.9,5851,5847.05,5850.5,390,
2024-12-18 12:45:00+05:30,5850.5,5852.4,5848.5,5848.5,778,
2024-12-18 12:46:00+05:30,5849,5851,5848,5848.95,565,
2024-12-18 12:47:00+05:30,5849.95,5851,5848,5849.9,547,
2024-12-18 12:48:00+05:30,5850,5850,5848,5849.05,262,
2024-12-18 12:49:00+05:30,5849.05,5850,5849.05,5850,345,
2024-12-18 12:50:00+05:30,5850,5850.95,5849.95,5850.6,193,
2024-12-18 12:51:00+05:30,5850.2,5850.9,5846.8,5847.65,949,
2024-12-18 12:52:00+05:30,5846.1,5847.75,5841.4,5846.4,991,
2024-12-18 12:53:00+05:30,5846.4,5851,5845.5,5850.05,414,
2024-12-18 12:54:00+05:30,5850.05,5851,5847.05,5850,902,
2024-12-18 12:55:00+05:30,5850,5852,5849.35,5852,710,
2024-12-18 12:56:00+05:30,5852,5853.55,5852,5853.35,729,
2024-12-18 12:57:00+05:30,5853.5,5853.5,5851.3,5852.85,141,
2024-12-18 12:58:00+05:30,5852.85,5853.55,5852,5853.55,122,
2024-12-18 12:59:00+05:30,5853.55,5855,5853.5,5855,264,
2024-12-18 13:00:00+05:30,5854.95,5855.9,5854.95,5855.35,208,
2024-12-18 13:01:00+05:30,5855.35,5856,5855.35,5855.9,272,
2024-12-18 13:02:00+05:30,5855.9,5860,5855.9,5859.85,646,
2024-12-18 13:03:00+05:30,5859.85,5860,5852.75,5858.05,1525,
2024-12-18 13:04:00+05:30,5858.05,5859,5858,5859,608,
2024-12-18 13:05:00+05:30,5859,5859.9,5858,5858.9,363,
2024-12-18 13:06:00+05:30,5858,5860,5858,5860,235,
2024-12-18 13:07:00+05:30,5860,5863,5857,5863,970,
2024-12-18 13:08:00+05:30,5861.25,5864,5860,5863.95,1139,
2024-12-18 13:09:00+05:30,5863.95,5865.95,5859.05,5865.95,761,
2024-12-18 13:10:00+05:30,5865.95,5866,5863.45,5866,132,
2024-12-18 13:11:00+05:30,5866,5867,5864.6,5866.05,126,
2024-12-18 13:12:00+05:30,5867,5867,5865,5865.1,321,
2024-12-18 13:13:00+05:30,5865.1,5867,5865.1,5867,133,
2024-12-18 13:14:00+05:30,5867,5869.15,5865.3,5868.25,243,
2024-12-18 13:15:00+05:30,5866.4,5868.8,5861.7,5861.7,325,
2024-12-18 13:16:00+05:30,5861.7,5865.9,5860.4,5863.3,575,
2024-12-18 13:17:00+05:30,5863.25,5865.5,5860.25,5862,258,
2024-12-18 13:18:00+05:30,5862,5866,5862,5865.1,213,
2024-12-18 13:19:00+05:30,5865.1,5866,5865,5866,62,
2024-12-18 13:20:00+05:30,5866,5868,5865.3,5866.95,151,
2024-12-18 13:21:00+05:30,5866.95,5869.95,5866.95,5868,245,
2024-12-18 13:22:00+05:30,5867.3,5868.2,5864.15,5864.7,214,
2024-12-18 13:23:00+05:30,5864.7,5866.95,5864.05,5866,131,
2024-12-18 13:24:00+05:30,5866,5867,5866,5867,97,
2024-12-18 13:25:00+05:30,5867,5867,5867,5867,115,
2024-12-18 13:26:00+05:30,5867,5867,5866.6,5867,113,
2024-12-18 13:27:00+05:30,5867,5867,5865.8,5865.8,244,
2024-12-18 13:28:00+05:30,5865.55,5867,5864.6,5867,161,
2024-12-18 13:29:00+05:30,5867,5867,5863.35,5863.35,243,
2024-12-18 13:30:00+05:30,5863.35,5867.95,5863.35,5867,192,
2024-12-18 13:31:00+05:30,5867,5867.95,5863.2,5864.95,114,
2024-12-18 13:32:00+05:30,5864.95,5865,5863.15,5864.3,127,
2024-12-18 13:33:00+05:30,5864.3,5865,5863.65,5865,108,
2024-12-18 13:34:00+05:30,5865,5865,5863.7,5864.1,220,
2024-12-18 13:35:00+05:30,5864.1,5865,5862.95,5865,113,
2024-12-18 13:36:00+05:30,5865,5868,5863.95,5868,777,
2024-12-18 13:37:00+05:30,5868,5868.95,5866.75,5867.05,260,
2024-12-18 13:38:00+05:30,5867.05,5869,5867.05,5867.3,124,
2024-12-18 13:39:00+05:30,5867.3,5867.3,5866,5866.8,107,
2024-12-18 13:40:00+05:30,5865.2,5868.1,5865.2,5868.1,151,
2024-12-18 13:41:00+05:30,5868.1,5868.1,5865.05,5867.65,92,
2024-12-18 13:42:00+05:30,5867.65,5868.05,5864.7,5867.65,106,
2024-12-18 13:43:00+05:30,5867.65,5868.1,5866.55,5868.1,136,
2024-12-18 13:44:00+05:30,5868.1,5868.95,5866,5867.55,268,
2024-12-18 13:45:00+05:30,5867.55,5868.7,5865.5,5868,89,
2024-12-18 13:46:00+05:30,5868,5868,5866.9,5868,168,
2024-12-18 13:47:00+05:30,5868,5868.55,5866.4,5868.55,123,
2024-12-18 13:48:00+05:30,5868.55,5868.95,5867.1,5868.95,123,
2024-12-18 13:49:00+05:30,5868.95,5869,5868.8,5868.95,144,
2024-12-18 13:50:00+05:30,5868.9,5869,5868.25,5869,182,
2024-12-18 13:51:00+05:30,5868.55,5869,5866,5868.35,257,
2024-12-18 13:52:00+05:30,5868.35,5868.95,5864.65,5866,184,
2024-12-18 13:53:00+05:30,5866,5866,5865.25,5865.35,154,
2024-12-18 13:54:00+05:30,5866,5866,5862.5,5862.6,260,
2024-12-18 13:55:00+05:30,5862.6,5865,5860.05,5864.05,2812,
2024-12-18 13:56:00+05:30,5864.05,5865,5860.9,5865,371,
2024-12-18 13:57:00+05:30,5865,5865,5860,5860.05,314,
2024-12-18 13:58:00+05:30,5860.05,5864.95,5860.05,5864.95,74,
2024-12-18 13:59:00+05:30,5865,5865,5862.55,5864.9,191,
2024-12-18 14:00:00+05:30,5864.9,5864.9,5863.75,5864.8,87,
2024-12-18 14:01:00+05:30,5864.8,5865,5863.4,5865,390,
2024-12-18 14:02:00+05:30,5865,5865,5864.95,5865,351,
2024-12-18 14:03:00+05:30,5865,5865,5865,5865,137,
2024-12-18 14:04:00+05:30,5865,5865,5864.4,5864.75,220,
2024-12-18 14:05:00+05:30,5865,5866,5864.75,5865.1,223,
2024-12-18 14:06:00+05:30,5866,5867.7,5865.15,5867,154,
2024-12-18 14:07:00+05:30,5867,5868,5865.95,5868,119,
2024-12-18 14:08:00+05:30,5868,5868,5865,5865,243,
2024-12-18 14:09:00+05:30,5865,5865,5864.45,5865,104,
2024-12-18 14:10:00+05:30,5865,5869.2,5865,5869.2,1088,
2024-12-18 14:11:00+05:30,5869.4,5870,5867.95,5869,910,
2024-12-18 14:12:00+05:30,5869.2,5873.95,5869.15,5871.1,1322,
2024-12-18 14:13:00+05:30,5871.1,5873,5869.8,5870,1611,
2024-12-18 14:14:00+05:30,5870,5870,5867.4,5870,851,
2024-12-18 14:15:00+05:30,5870,5870,5868.6,5870,1523,
2024-12-18 14:16:00+05:30,5870,5870,5865.75,5869,672,
2024-12-18 14:17:00+05:30,5869,5870,5867.7,5870,852,
2024-12-18 14:18:00+05:30,5869.35,5870,5866.55,5866.55,1366,
2024-12-18 14:19:00+05:30,5866.65,5869.4,5865,5869.4,808,
2024-12-18 14:20:00+05:30,5869.4,5869.5,5865.2,5865.3,214,
2024-12-18 14:21:00+05:30,5867.8,5867.8,5865.25,5865.55,135,
2024-12-18 14:22:00+05:30,5867.15,5868,5865,5865.05,273,
2024-12-18 14:23:00+05:30,5865.05,5866.5,5864.45,5865,164,
2024-12-18 14:24:00+05:30,5865.95,5866.6,5863.2,5866.6,208,
2024-12-18 14:25:00+05:30,5866.4,5866.95,5864.25,5866,132,
2024-12-18 14:26:00+05:30,5864.65,5866.55,5863.05,5866.4,227,
2024-12-18 14:27:00+05:30,5866.4,5866.4,5861.6,5861.6,369,
2024-12-18 14:28:00+05:30,5861.6,5867.1,5861.6,5867.1,243,
2024-12-18 14:29:00+05:30,5865.1,5866,5865.1,5866,148,
2024-12-18 14:30:00+05:30,5865.15,5866,5865.15,5865.35,217,
2024-12-18 14:31:00+05:30,5865.35,5866,5865.3,5865.45,153,
2024-12-18 14:32:00+05:30,5865.25,5865.55,5862,5865.5,214,
2024-12-18 14:33:00+05:30,5865.5,5865.5,5862.25,5862.9,319,
2024-12-18 14:34:00+05:30,5863.05,5865.8,5863.05,5865.5,425,
2024-12-18 14:35:00+05:30,5864.25,5864.25,5860.65,5863.3,129,
2024-12-18 14:36:00+05:30,5863.3,5865.25,5863.25,5865.25,163,
2024-12-18 14:37:00+05:30,5865.25,5865.25,5860,5861.75,737,
2024-12-18 14:38:00+05:30,5861.75,5863.75,5861.75,5863.75,118,
2024-12-18 14:39:00+05:30,5863.75,5865,5863,5863.25,231,
2024-12-18 14:40:00+05:30,5863.05,5864.9,5863.05,5864.9,188,
2024-12-18 14:41:00+05:30,5865,5865,5861.2,5864,266,
2024-12-18 14:42:00+05:30,5864,5865,5862.55,5864,35302,
2024-12-18 14:43:00+05:30,5864,5865,5862.65,5864,966,
2024-12-18 14:44:00+05:30,5864,5864,5861.35,5861.65,437,
2024-12-18 14:45:00+05:30,5861.65,5864,5861.65,5864,118,
2024-12-18 14:46:00+05:30,5862.35,5863.95,5858.6,5859.25,566,
2024-12-18 14:47:00+05:30,5859.3,5859.85,5857,5859.7,178,
2024-12-18 14:48:00+05:30,5860,5860,5857.05,5858,277,
2024-12-18 14:49:00+05:30,5858,5859.7,5855.85,5859.5,827,
2024-12-18 14:50:00+05:30,5859.5,5860.55,5859.5,5860.1,176,
2024-12-18 14:51:00+05:30,5858.9,5860.1,5857.85,5859.05,314,
2024-12-18 14:52:00+05:30,5856.9,5859.1,5849.5,5849.5,4761,
2024-12-18 14:53:00+05:30,5849.5,5850,5848.75,5848.8,933,
2024-12-18 14:54:00+05:30,5848.8,5849.8,5848.75,5849.8,676,
2024-12-18 14:55:00+05:30,5849.75,5851,5848.1,5850,5101,
2024-12-18 14:56:00+05:30,5850,5850,5848.75,5850,1104,
2024-12-18 14:57:00+05:30,5850,5851,5846.45,5850,736,
2024-12-18 14:58:00+05:30,5850,5850,5848.1,5849.95,550,
2024-12-18 14:59:00+05:30,5850,5850,5848.5,5850,261,
2024-12-18 15:00:00+05:30,5848.7,5852,5848.7,5852,3985,
2024-12-18 15:01:00+05:30,5851.95,5858.6,5851.95,5852,8577,
2024-12-18 15:02:00+05:30,5852,5858.15,5850,5853.15,7814,
2024-12-18 15:03:00+05:30,5853.3,5855,5850,5853.6,2214,
2024-12-18 15:04:00+05:30,5853.65,5855,5853.15,5854.45,1040,
2024-12-18 15:05:00+05:30,5854.45,5855,5853.05,5854.25,1039,
2024-12-18 15:06:00+05:30,5854.2,5854.6,5848.9,5850.2,1915,
2024-12-18 15:07:00+05:30,5850.2,5850.2,5848.55,5849,1245,
2024-12-18 15:08:00+05:30,5849,5849,5842.75,5842.75,1284,
2024-12-18 15:09:00+05:30,5846.35,5849,5842.45,5847.8,1529,
2024-12-18 15:10:00+05:30,5847.8,5849,5847.5,5849,956,
2024-12-18 15:11:00+05:30,5849,5849,5840.05,5844.45,1839,
2024-12-18 15:12:00+05:30,5844.45,5847.65,5844,5844.6,1265,
2024-12-18 15:13:00+05:30,5844.6,5845,5839.9,5841.3,1717,
2024-12-18 15:14:00+05:30,5841.7,5845,5841.7,5844.4,1429,
2024-12-18 15:15:00+05:30,5844.7,5847.7,5844.7,5846.75,2434,
2024-12-18 15:16:00+05:30,5844,5849.65,5843.6,5848.4,2873,
2024-12-18 15:17:00+05:30,5848.9,5849.85,5842.5,5847.1,3010,
2024-12-18 15:18:00+05:30,5847.1,5851.95,5844.5,5848.3,2435,
2024-12-18 15:19:00+05:30,5848.3,5852.3,5848.25,5852.05,1601,
2024-12-18 15:20:00+05:30,5852.3,5852.4,5846.4,5849.15,1728,
2024-12-18 15:21:00+05:30,5849.15,5851.65,5845.75,5850.95,1388,
2024-12-18 15:22:00+05:30,5850.95,5853.45,5850.9,5853.35,2598,
2024-12-18 15:23:00+05:30,5853.35,5854,5840.15,5845.85,5074,
2024-12-18 15:24:00+05:30,5847.4,5848.4,5845.15,5847.35,1154,
2024-12-18 15:25:00+05:30,5847.4,5847.4,5844.8,5845.1,963,
2024-12-18 15:26:00+05:30,5846,5846,5841.9,5843.55,911,
2024-12-18 15:27:00+05:30,5844,5844.65,5843.75,5844.65,1083,
2024-12-18 15:28:00+05:30,5844.65,5845,5843.2,5844.25,937,
2024-12-18 15:29:00+05:30,5844.25,5851.8,5839.45,5850,1200,
2024-12-19 09:15:00+05:30,5847.35,5847.35,5780,5806.9,8842,
2024-12-19 09:16:00+05:30,5806.9,5830.25,5806.9,5822.3,3651,
2024-12-19 09:17:00+05:30,5822.3,5827.45,5812.15,5821.9,1369,
2024-12-19 09:18:00+05:30,5821.85,5829.1,5821.85,5827.4,1304,
2024-12-19 09:19:00+05:30,5827.4,5828.8,5823.7,5828.5,1101,
2024-12-19 09:20:00+05:30,5828.5,5832.95,5821.75,5822.9,3256,
2024-12-19 09:21:00+05:30,5822.9,5823.75,5818.95,5821.55,1076,
2024-12-19 09:22:00+05:30,5821.55,5823.35,5816.7,5823,538,
2024-12-19 09:23:00+05:30,5821.45,5841.4,5821.45,5841.4,1826,
2024-12-19 09:24:00+05:30,5841.4,5847.75,5841.4,5847.75,709,
2024-12-19 09:25:00+05:30,5847.75,5858.95,5847.75,5854.9,2129,
2024-12-19 09:26:00+05:30,5846.8,5850.9,5838.05,5841.55,2362,
2024-12-19 09:27:00+05:30,5841.1,5841.2,5835.4,5838,2276,
2024-12-19 09:28:00+05:30,5838,5840,5833,5833,785,
2024-12-19 09:29:00+05:30,5834.6,5834.6,5826.2,5827.15,830,
2024-12-19 09:30:00+05:30,5826.8,5826.8,5820.05,5822.75,647,
2024-12-19 09:31:00+05:30,5822.75,5823.65,5811.2,5823,991,
2024-12-19 09:32:00+05:30,5824,5827.35,5820,5821.6,537,
2024-12-19 09:33:00+05:30,5821.95,5829.5,5821.85,5826.9,599,
2024-12-19 09:34:00+05:30,5826.9,5826.9,5820.35,5824.1,660,
2024-12-19 09:35:00+05:30,5824.5,5832.85,5824.25,5832.85,569,
2024-12-19 09:36:00+05:30,5831.4,5834.45,5821,5821,969,
2024-12-19 09:37:00+05:30,5823,5828,5820,5826.35,1776,
2024-12-19 09:38:00+05:30,5826.8,5827.2,5822.4,5822.6,500,
2024-12-19 09:39:00+05:30,5822.6,5825,5822.6,5823,160,
2024-12-19 09:40:00+05:30,5823,5828.7,5822.45,5825.55,942,
2024-12-19 09:41:00+05:30,5825.55,5825.55,5822.5,5824.3,317,
2024-12-19 09:42:00+05:30,5822.45,5824.05,5820.1,5821.5,241,
2024-12-19 09:43:00+05:30,5821.5,5827.55,5821.4,5826.9,248,
2024-12-19 09:44:00+05:30,5826.9,5830,5823,5823.05,780,
2024-12-19 09:45:00+05:30,5823.05,5824.9,5822.1,5822.1,514,
2024-12-19 09:46:00+05:30,5822.1,5825.4,5822.1,5824.65,556,
2024-12-19 09:47:00+05:30,5825,5827,5824.7,5825.2,327,
2024-12-19 09:48:00+05:30,5825.25,5825.25,5821.4,5822,277,
2024-12-19 09:49:00+05:30,5822,5827.45,5822,5825.2,326,
2024-12-19 09:50:00+05:30,5825.2,5830.1,5825.2,5827.75,598,
2024-12-19 09:51:00+05:30,5827.75,5829.15,5825.75,5825.75,635,
2024-12-19 09:52:00+05:30,5825.75,5829.8,5823.75,5825.9,559,
2024-12-19 09:53:00+05:30,5825.9,5830.3,5825.55,5828.05,97,
2024-12-19 09:54:00+05:30,5828.05,5832.55,5828.05,5832.25,202,
2024-12-19 09:55:00+05:30,5832.25,5832.95,5830.3,5832.05,210,
2024-12-19 09:56:00+05:30,5832.1,5832.95,5830,5830,345,
2024-12-19 09:57:00+05:30,5830,5831.5,5827.25,5828.7,775,
2024-12-19 09:58:00+05:30,5828.7,5831.05,5828.65,5829.45,303,
2024-12-19 09:59:00+05:30,5829.5,5831.15,5829.5,5831.15,172,
2024-12-19 10:00:00+05:30,5831.15,5838.15,5830.65,5835.85,433,
2024-12-19 10:01:00+05:30,5835.85,5835.85,5831.45,5831.45,397,
2024-12-19 10:02:00+05:30,5831.6,5831.75,5827.75,5831.75,234,
2024-12-19 10:03:00+05:30,5831.75,5835,5831.55,5835,184,
2024-12-19 10:04:00+05:30,5835,5839.4,5834.6,5837.5,450,
2024-12-19 10:05:00+05:30,5837.5,5839,5832.65,5835.35,1181,
2024-12-19 10:06:00+05:30,5838,5838,5835.5,5837.1,225,
2024-12-19 10:07:00+05:30,5837.1,5838.05,5831.8,5834.35,806,
2024-12-19 10:08:00+05:30,5834.35,5834.35,5831.8,5833.8,285,
2024-12-19 10:09:00+05:30,5833.8,5835.85,5832,5834.85,286,
2024-12-19 10:10:00+05:30,5833.1,5837.8,5830.4,5835.5,496,
2024-12-19 10:11:00+05:30,5835.5,5837.2,5830.5,5832,442,
2024-12-19 10:12:00+05:30,5830.6,5832.25,5830.55,5831.1,216,
2024-12-19 10:13:00+05:30,5828.9,5829.2,5827.7,5827.7,779,
2024-12-19 10:14:00+05:30,5827.7,5828.95,5827.7,5828.4,114,
2024-12-19 10:15:00+05:30,5828.4,5828.45,5825.85,5826.2,298,
2024-12-19 10:16:00+05:30,5826.2,5826.95,5823.9,5825,212,
2024-12-19 10:17:00+05:30,5825.35,5825.5,5825,5825.45,219,
2024-12-19 10:18:00+05:30,5825.45,5826.9,5821.4,5821.7,425,
2024-12-19 10:19:00+05:30,5824.55,5826.5,5821.85,5826.5,222,
2024-12-19 10:20:00+05:30,5826.5,5834.5,5823.95,5831.7,565,
2024-12-19 10:21:00+05:30,5831.7,5836.65,5831.7,5835.15,219,
2024-12-19 10:22:00+05:30,5835.15,5838.4,5834.05,5835.15,690,
2024-12-19 10:23:00+05:30,5835.15,5835.15,5832,5832.5,995,
2024-12-19 10:24:00+05:30,5832.5,5837.15,5832.5,5834.4,645,
2024-12-19 10:25:00+05:30,5834.4,5837.25,5834.4,5836.15,162,
2024-12-19 10:26:00+05:30,5836.15,5838.2,5836.15,5837,222,
2024-12-19 10:27:00+05:30,5837,5838.6,5835.6,5835.7,1233,
2024-12-19 10:28:00+05:30,5835.7,5835.75,5833.9,5834.85,169,
2024-12-19 10:29:00+05:30,5834.85,5836.15,5834.85,5836,50,
2024-12-19 10:30:00+05:30,5836,5838,5836,5837.3,216,
2024-12-19 10:31:00+05:30,5837.3,5837.9,5836.75,5837.45,375,
2024-12-19 10:32:00+05:30,5837.55,5837.75,5833.35,5833.7,614,
2024-12-19 10:33:00+05:30,5833.75,5837.4,5833.75,5836.7,85,
2024-12-19 10:34:00+05:30,5836.7,5836.75,5834.1,5834.5,185,
2024-12-19 10:35:00+05:30,5834.5,5836.1,5832.4,5833.05,420,
2024-12-19 10:36:00+05:30,5833.05,5835.3,5833.05,5833.65,358,
2024-12-19 10:37:00+05:30,5833.65,5834.85,5833.65,5834.65,729,
2024-12-19 10:38:00+05:30,5832.35,5836.8,5829,5834.8,862,
2024-12-19 10:39:00+05:30,5834.8,5838.55,5834.8,5835.85,776,
2024-12-19 10:40:00+05:30,5835.85,5840,5835.85,5838.5,3016,
2024-12-19 10:41:00+05:30,5838.5,5846,5838.5,5843.05,5358,
2024-12-19 10:42:00+05:30,5843.05,5850.9,5843.05,5847.9,2780,
2024-12-19 10:43:00+05:30,5847.9,5861.9,5847.9,5857.9,651,
2024-12-19 10:44:00+05:30,5857.9,5865,5848.65,5853.55,5255,
2024-12-19 10:45:00+05:30,5850.85,5854.3,5850.85,5853.15,1701,
2024-12-19 10:46:00+05:30,5853.15,5855,5853.15,5853.95,1529,
2024-12-19 10:47:00+05:30,5855,5859.2,5854,5858.25,4796,
2024-12-19 10:48:00+05:30,5858.35,5858.35,5853.85,5854.15,2629,
2024-12-19 10:49:00+05:30,5854.25,5855,5853.85,5853.85,404,
2024-12-19 10:50:00+05:30,5853.85,5854,5853.4,5854,204,
2024-12-19 10:51:00+05:30,5854,5854,5850.25,5853.95,914,
2024-12-19 10:52:00+05:30,5853.95,5853.95,5848.45,5850,2934,
2024-12-19 10:53:00+05:30,5849.9,5850.05,5849.15,5849.35,608,
2024-12-19 10:54:00+05:30,5849.35,5850,5846.45,5846.45,596,
2024-12-19 10:55:00+05:30,5846.45,5847.15,5840.3,5842.5,2510,
2024-12-19 10:56:00+05:30,5842.5,5844.35,5841.05,5841.05,744,
2024-12-19 10:57:00+05:30,5841.05,5841.05,5838,5839.6,180,
2024-12-19 10:58:00+05:30,5838.3,5840,5838.3,5839.15,297,
2024-12-19 10:59:00+05:30,5839.15,5843.8,5839.15,5839.85,547,
2024-12-19 11:00:00+05:30,5839.85,5840.3,5838.5,5838.75,97,
2024-12-19 11:01:00+05:30,5838.75,5839.95,5838,5839.55,466,
2024-12-19 11:02:00+05:30,5839.55,5839.6,5829.25,5833.35,1405,
2024-12-19 11:03:00+05:30,5834.55,5834.55,5829.95,5831.3,1819,
2024-12-19 11:04:00+05:30,5830.1,5830.1,5825.55,5827.3,624,
2024-12-19 11:05:00+05:30,5827.3,5828.85,5824.05,5826.1,968,
2024-12-19 11:06:00+05:30,5826.1,5827.8,5824.3,5824.3,541,
2024-12-19 11:07:00+05:30,5824.3,5828.05,5823.8,5826.15,651,
2024-12-19 11:08:00+05:30,5826.25,5826.95,5824.05,5824.05,474,
2024-12-19 11:09:00+05:30,5824.2,5824.6,5822.85,5823.05,504,
2024-12-19 11:10:00+05:30,5823.05,5824.3,5823.05,5823.4,70,
2024-12-19 11:11:00+05:30,5823.4,5823.65,5821.55,5821.8,300,
2024-12-19 11:12:00+05:30,5821.8,5827.95,5821.8,5827.6,739,
2024-12-19 11:13:00+05:30,5827.35,5829.75,5827.35,5828,120,
2024-12-19 11:14:00+05:30,5828.25,5828.55,5823.7,5823.95,1437,
2024-12-19 11:15:00+05:30,5825.4,5830.25,5825.4,5828.4,302,
2024-12-19 11:16:00+05:30,5828.4,5835.4,5828.4,5832.65,216,
2024-12-19 11:17:00+05:30,5832.65,5834.8,5832.55,5832.6,459,
2024-12-19 11:18:00+05:30,5832.6,5833.7,5832.6,5833.3,46,
2024-12-19 11:19:00+05:30,5833.3,5834.1,5833.3,5833.65,131,
2024-12-19 11:20:00+05:30,5833.65,5833.75,5833.35,5833.65,129,
2024-12-19 11:21:00+05:30,5833.65,5835,5833.35,5833.35,116,
2024-12-19 11:22:00+05:30,5833.65,5833.65,5831.9,5832.85,318,
2024-12-19 11:23:00+05:30,5832.85,5834.1,5832.1,5832.1,110,
2024-12-19 11:24:00+05:30,5832.1,5833.8,5832.1,5832.3,55,
2024-12-19 11:25:00+05:30,5832.3,5834,5832.3,5833.8,218,
2024-12-19 11:26:00+05:30,5833.8,5835.55,5833.8,5835.55,30,
2024-12-19 11:27:00+05:30,5835.55,5840.9,5835.55,5840.9,236,
2024-12-19 11:28:00+05:30,5840.9,5842.15,5838.6,5840.35,2003,
2024-12-19 11:29:00+05:30,5840.65,5840.65,5835.75,5835.75,1238,
2024-12-19 11:30:00+05:30,5835.75,5841.55,5835.75,5841.55,94,
2024-12-19 11:31:00+05:30,5841.55,5842,5838.5,5839.25,418,
2024-12-19 11:32:00+05:30,5839.5,5844.75,5839.5,5844.1,205,
2024-12-19 11:33:00+05:30,5844.15,5844.15,5840.1,5843,416,
2024-12-19 11:34:00+05:30,5843,5844.35,5841.2,5844.35,359,
2024-12-19 11:35:00+05:30,5844.35,5848.75,5843.5,5843.5,833,
2024-12-19 11:36:00+05:30,5843.95,5847.35,5842.6,5844.95,753,
2024-12-19 11:37:00+05:30,5844.95,5846.3,5844.95,5845.3,140,
2024-12-19 11:38:00+05:30,5845.3,5849.95,5844.7,5844.7,853,
2024-12-19 11:39:00+05:30,5844.7,5845.6,5839.85,5840.75,625,
2024-12-19 11:40:00+05:30,5840.75,5845.35,5840.75,5844.6,809,
2024-12-19 11:41:00+05:30,5844.6,5849.8,5842.7,5842.95,684,
2024-12-19 11:42:00+05:30,5842.95,5846.95,5842.95,5846.2,54,
2024-12-19 11:43:00+05:30,5846.2,5849.95,5846.2,5849.85,18,
2024-12-19 11:44:00+05:30,5849.85,5849.85,5846.25,5846.5,290,
2024-12-19 11:45:00+05:30,5846.55,5848.5,5842.8,5843.6,1338,
2024-12-19 11:46:00+05:30,5843.6,5845.7,5843.6,5844.25,1544,
2024-12-19 11:47:00+05:30,5844.25,5854.95,5843.2,5852.95,4788,
2024-12-19 11:48:00+05:30,5853,5854.5,5851.45,5854.1,3756,
2024-12-19 11:49:00+05:30,5854.1,5854.9,5854.1,5854.7,1166,
2024-12-19 11:50:00+05:30,5854.7,5869,5854.7,5867.55,2263,
2024-12-19 11:51:00+05:30,5867.6,5869,5865,5867.4,1237,
2024-12-19 11:52:00+05:30,5867.4,5867.4,5857.1,5857.1,1726,
2024-12-19 11:53:00+05:30,5857.1,5858.4,5855.45,5858.2,2406,
2024-12-19 11:54:00+05:30,5858.2,5860,5854.05,5854.05,1843,
2024-12-19 11:55:00+05:30,5856.15,5857,5854,5857,373,
2024-12-19 11:56:00+05:30,5857,5857,5853,5853.35,692,
2024-12-19 11:57:00+05:30,5853.5,5853.5,5844.75,5846.15,1513,
2024-12-19 11:58:00+05:30,5846.2,5847.95,5841,5841.4,1855,
2024-12-19 11:59:00+05:30,5841.45,5841.45,5831.4,5833.35,3684,
2024-12-19 12:00:00+05:30,5833.35,5837.15,5833.35,5836.5,164,
2024-12-19 12:01:00+05:30,5836.5,5836.5,5830.75,5832.65,1001,
2024-12-19 12:02:00+05:30,5832.65,5837.7,5832.65,5834.55,846,
2024-12-19 12:03:00+05:30,5834.6,5838.5,5834.5,5837.35,313,
2024-12-19 12:04:00+05:30,5837.9,5838.35,5835.95,5838.35,507,
2024-12-19 12:05:00+05:30,5838.35,5840,5836.9,5839.95,476,
2024-12-19 12:06:00+05:30,5839.95,5841.1,5838.5,5841.1,6208,
2024-12-19 12:07:00+05:30,5840.9,5842.6,5837.2,5837.8,1684,
2024-12-19 12:08:00+05:30,5837.8,5840.6,5837.7,5839.25,295,
2024-12-19 12:09:00+05:30,5839.25,5839.8,5832.4,5832.45,1503,
2024-12-19 12:10:00+05:30,5833.6,5838.55,5832.5,5835.2,342,
2024-12-19 12:11:00+05:30,5835.2,5838.05,5833.55,5835.95,369,
2024-12-19 12:12:00+05:30,5835.95,5840.85,5835.95,5839.8,262,
2024-12-19 12:13:00+05:30,5839.8,5841.8,5839.1,5839.85,204,
2024-12-19 12:14:00+05:30,5839.85,5839.85,5837.15,5837.55,625,
2024-12-19 12:15:00+05:30,5837.55,5840,5837.55,5838.9,189,
2024-12-19 12:16:00+05:30,5838.9,5840,5838.9,5839.7,16,
2024-12-19 12:17:00+05:30,5839.7,5839.7,5837.1,5838.2,483,
2024-12-19 12:18:00+05:30,5838.3,5840.05,5838.2,5840.05,181,
2024-12-19 12:19:00+05:30,5840,5845.95,5839.45,5844,437,
2024-12-19 12:20:00+05:30,5844,5844.85,5842.1,5843.5,464,
2024-12-19 12:21:00+05:30,5844.75,5849,5842.7,5844.15,552,
2024-12-19 12:22:00+05:30,5844.15,5846.7,5841.2,5841.2,881,
2024-12-19 12:23:00+05:30,5841.2,5842.5,5841.2,5841.75,94,
2024-12-19 12:24:00+05:30,5841.8,5844.45,5841.8,5843.3,99,
2024-12-19 12:25:00+05:30,5843.3,5847.15,5843.3,5846.75,50,
2024-12-19 12:26:00+05:30,5846.15,5848.1,5845.05,5846.85,380,
2024-12-19 12:27:00+05:30,5846.85,5849,5846.85,5847.4,319,
2024-12-19 12:28:00+05:30,5847.4,5847.95,5843.55,5844.95,1430,
2024-12-19 12:29:00+05:30,5846.15,5846.15,5842.1,5842.4,160,
2024-12-19 12:30:00+05:30,5842.4,5845.2,5842.4,5844.65,126,
2024-12-19 12:31:00+05:30,5844.65,5846.35,5844.65,5845.95,67,
2024-12-19 12:32:00+05:30,5845.95,5846.35,5843.75,5843.75,325,
2024-12-19 12:33:00+05:30,5843.75,5844.95,5843.75,5844.65,157,
2024-12-19 12:34:00+05:30,5844.65,5846.8,5844.65,5846.05,260,
2024-12-19 12:35:00+05:30,5846.5,5848,5846.05,5847.6,21,
2024-12-19 12:36:00+05:30,5847.6,5849,5845.9,5845.9,397,
2024-12-19 12:37:00+05:30,5845.05,5847.5,5845.05,5845.4,362,
2024-12-19 12:38:00+05:30,5845.4,5847.95,5845.4,5847.45,280,
2024-12-19 12:39:00+05:30,5847.45,5848.95,5847.25,5848.25,1430,
2024-12-19 12:40:00+05:30,5847.55,5849,5846.5,5846.5,1344,
2024-12-19 12:41:00+05:30,5846.55,5849,5846.35,5848,414,
2024-12-19 12:42:00+05:30,5848,5849,5847.55,5848.55,288,
2024-12-19 12:43:00+05:30,5849,5849,5847.15,5847.15,432,
2024-12-19 12:44:00+05:30,5847.15,5847.2,5846.35,5847.2,140,
2024-12-19 12:45:00+05:30,5847.25,5847.95,5847.25,5847.85,154,
2024-12-19 12:46:00+05:30,5847.95,5848.9,5847.95,5848.3,179,
2024-12-19 12:47:00+05:30,5848.3,5849,5846.7,5846.7,669,
2024-12-19 12:48:00+05:30,5846.75,5849,5846.75,5847.15,737,
2024-12-19 12:49:00+05:30,5847.15,5849,5847.15,5848.35,3076,
2024-12-19 12:50:00+05:30,5848.4,5849,5848.2,5848.85,1273,
2024-12-19 12:51:00+05:30,5848.85,5849.4,5848.65,5849.3,822,
2024-12-19 12:52:00+05:30,5849.8,5854,5849.5,5854,1510,
2024-12-19 12:53:00+05:30,5854,5854.95,5851.25,5854.95,5832,
2024-12-19 12:54:00+05:30,5854.95,5857,5854.4,5855.1,3746,
2024-12-19 12:55:00+05:30,5855.1,5859,5855,5858.25,722,
2024-12-19 12:56:00+05:30,5857.55,5858.55,5854.15,5854.25,844,
2024-12-19 12:57:00+05:30,5854.25,5863.4,5852,5857.65,3079,
2024-12-19 12:58:00+05:30,5857.7,5859.85,5855.95,5857,810,
2024-12-19 12:59:00+05:30,5855.85,5858.4,5851.2,5852.55,1039,
2024-12-19 13:00:00+05:30,5852.55,5855.05,5852.55,5854.9,3499,
2024-12-19 13:01:00+05:30,5854.9,5856,5854.75,5855.1,3394,
2024-12-19 13:02:00+05:30,5855.1,5859.95,5855.1,5858.3,5571,
2024-12-19 13:03:00+05:30,5858.3,5858.3,5855.1,5856.05,1407,
2024-12-19 13:04:00+05:30,5856.05,5857,5856.05,5856.1,778,
2024-12-19 13:05:00+05:30,5856.1,5856.1,5853.55,5853.6,302,
2024-12-19 13:06:00+05:30,5853.75,5854.65,5851.55,5851.6,233,
2024-12-19 13:07:00+05:30,5851.6,5854.7,5851.6,5852.6,327,
2024-12-19 13:08:00+05:30,5852.6,5855,5852.6,5853.9,49,
2024-12-19 13:09:00+05:30,5855,5855,5853.95,5853.95,197,
2024-12-19 13:10:00+05:30,5853.95,5855,5852.35,5854.15,601,
2024-12-19 13:11:00+05:30,5852.35,5855,5852.35,5853.35,307,
2024-12-19 13:12:00+05:30,5854.85,5854.85,5852.9,5853.35,229,
2024-12-19 13:13:00+05:30,5853.35,5854.4,5850.95,5852.25,626,
2024-12-19 13:14:00+05:30,5852.25,5854.5,5852.25,5852.85,94,
2024-12-19 13:15:00+05:30,5852.85,5854,5850.65,5852.95,499,
2024-12-19 13:16:00+05:30,5852.95,5854.55,5842.5,5842.75,2871,
2024-12-19 13:17:00+05:30,5842.75,5843.7,5841.45,5841.6,432,
2024-12-19 13:18:00+05:30,5841.6,5843.65,5841.45,5841.95,240,
2024-12-19 13:19:00+05:30,5841.95,5843.4,5841.55,5841.65,381,
2024-12-19 13:20:00+05:30,5841.65,5843,5835,5835.05,2965,
2024-12-19 13:21:00+05:30,5835.05,5836,5835,5835,663,
2024-12-19 13:22:00+05:30,5837.15,5838.25,5835,5837,540,
2024-12-19 13:23:00+05:30,5837,5839.15,5834,5834,662,
2024-12-19 13:24:00+05:30,5834,5835.65,5831.65,5833.3,529,
2024-12-19 13:25:00+05:30,5833.3,5837.4,5833.3,5836.2,582,
2024-12-19 13:26:00+05:30,5836.2,5839.05,5836.15,5837.35,313,
2024-12-19 13:27:00+05:30,5837.35,5838.05,5836.05,5836.1,792,
2024-12-19 13:28:00+05:30,5836.1,5838.55,5836.1,5837.05,107,
2024-12-19 13:29:00+05:30,5837.05,5838.85,5836,5836,580,
2024-12-19 13:30:00+05:30,5836,5836.05,5834.05,5836.05,462,
2024-12-19 13:31:00+05:30,5834.85,5836.8,5834.85,5835.65,103,
2024-12-19 13:32:00+05:30,5835.65,5837.7,5835.65,5836.4,80,
2024-12-19 13:33:00+05:30,5837.7,5839.25,5836.5,5837.05,158,
2024-12-19 13:34:00+05:30,5839.35,5839.6,5836.55,5837.5,87,
2024-12-19 13:35:00+05:30,5837.5,5838.45,5837.35,5837.6,250,
2024-12-19 13:36:00+05:30,5837.6,5839.95,5836.05,5836.2,466,
2024-12-19 13:37:00+05:30,5836.2,5838.55,5835.55,5837.65,143,
2024-12-19 13:38:00+05:30,5839.7,5840,5837.9,5839.1,139,
2024-12-19 13:39:00+05:30,5839.1,5840,5839.1,5839.8,24,
2024-12-19 13:40:00+05:30,5839.8,5839.8,5835,5835,473,
2024-12-19 13:41:00+05:30,5835,5835.3,5835,5835.3,131,
2024-12-19 13:42:00+05:30,5835.3,5836.9,5835.15,5836.9,183,
2024-12-19 13:43:00+05:30,5837.2,5837.7,5834,5834,489,
2024-12-19 13:44:00+05:30,5834,5838,5834,5836.7,316,
2024-12-19 13:45:00+05:30,5836.7,5837.7,5836.7,5837.65,45,
2024-12-19 13:46:00+05:30,5837.65,5838,5837.25,5837.25,164,
2024-12-19 13:47:00+05:30,5837.8,5838,5837.25,5837.35,189,
2024-12-19 13:48:00+05:30,5837.4,5838,5837.4,5837.7,219,
2024-12-19 13:49:00+05:30,5838,5839.8,5837.55,5838.15,541,
2024-12-19 13:50:00+05:30,5838.2,5840,5836.4,5837.45,430,
2024-12-19 13:51:00+05:30,5839.35,5839.35,5835,5837.4,766,
2024-12-19 13:52:00+05:30,5837.4,5837.45,5833.85,5833.85,962,
2024-12-19 13:53:00+05:30,5833.85,5835,5832.95,5834.05,268,
2024-12-19 13:54:00+05:30,5834.05,5835,5834.05,5835,248,
2024-12-19 13:55:00+05:30,5835,5835,5834.4,5834.75,813,
2024-12-19 13:56:00+05:30,5834.75,5835,5833.5,5833.6,1050,
2024-12-19 13:57:00+05:30,5833.7,5834.8,5833.6,5834.5,35,
2024-12-19 13:58:00+05:30,5834.5,5835,5828.05,5829.95,6025,
2024-12-19 13:59:00+05:30,5829.85,5830,5828.75,5828.75,1424,
2024-12-19 14:00:00+05:30,5828.8,5831,5828.75,5830.1,8553,
2024-12-19 14:01:00+05:30,5830.1,5834.7,5830.05,5832.35,635,
2024-12-19 14:02:00+05:30,5832.35,5835,5832.35,5834.95,875,
2024-12-19 14:03:00+05:30,5834.95,5838.75,5834.95,5837,2570,
2024-12-19 14:04:00+05:30,5837,5839.5,5837,5838.75,2108,
2024-12-19 14:05:00+05:30,5838.8,5839.3,5834.65,5834.65,3089,
2024-12-19 14:06:00+05:30,5834.65,5835,5833.3,5834.7,1851,
2024-12-19 14:07:00+05:30,5834.7,5835,5832,5834.5,1496,
2024-12-19 14:08:00+05:30,5834.5,5835.65,5834.05,5834.05,976,
2024-12-19 14:09:00+05:30,5834.05,5836.8,5834.05,5834.25,436,
2024-12-19 14:10:00+05:30,5834.25,5836.5,5832.65,5834.55,659,
2024-12-19 14:11:00+05:30,5834.55,5835,5834.5,5834.5,513,
2024-12-19 14:12:00+05:30,5834.5,5835,5832.65,5834.1,1098,
2024-12-19 14:13:00+05:30,5834.15,5834.55,5829.75,5829.9,10403,
2024-12-19 14:14:00+05:30,5829.9,5835,5828.95,5832.05,8140,
2024-12-19 14:15:00+05:30,5832.05,5835,5832.05,5835,862,
2024-12-19 14:16:00+05:30,5834.95,5835,5834.9,5834.95,1149,
2024-12-19 14:17:00+05:30,5835,5835.1,5825.65,5825.65,6084,
2024-12-19 14:18:00+05:30,5825.7,5826.85,5825.65,5826.55,1563,
2024-12-19 14:19:00+05:30,5826.55,5827,5826.55,5826.7,642,
2024-12-19 14:20:00+05:30,5826.7,5827,5826.45,5826.45,1045,
2024-12-19 14:21:00+05:30,5826.55,5827,5826.25,5826.95,517,
2024-12-19 14:22:00+05:30,5827,5827,5826.5,5826.85,950,
2024-12-19 14:23:00+05:30,5826.85,5826.85,5825,5825,429,
2024-12-19 14:24:00+05:30,5825.2,5826.2,5824.1,5824.85,8311,
2024-12-19 14:25:00+05:30,5824.85,5829.55,5824.75,5827.6,12445,
2024-12-19 14:26:00+05:30,5827.1,5835,5827.1,5833.35,3170,
2024-12-19 14:27:00+05:30,5833.8,5834.95,5831.7,5832.35,617,
2024-12-19 14:28:00+05:30,5832.35,5834,5832.35,5833.95,709,
2024-12-19 14:29:00+05:30,5833.95,5835,5832.65,5833.6,3077,
2024-12-19 14:30:00+05:30,5835,5835,5831.6,5831.6,1267,
2024-12-19 14:31:00+05:30,5831.6,5835,5831.4,5832.55,686,
2024-12-19 14:32:00+05:30,5832.55,5834.5,5830.85,5830.95,825,
2024-12-19 14:33:00+05:30,5830.95,5833.3,5826.25,5826.3,3531,
2024-12-19 14:34:00+05:30,5826.3,5831.65,5826.3,5830.6,1751,
2024-12-19 14:35:00+05:30,5830.6,5831.45,5826.6,5829.1,2300,
2024-12-19 14:36:00+05:30,5829.15,5831.6,5827.85,5827.9,651,
2024-12-19 14:37:00+05:30,5827.9,5830.6,5827.9,5829.4,59,
2024-12-19 14:38:00+05:30,5829.4,5832,5829.4,5831.3,331,
2024-12-19 14:39:00+05:30,5830.35,5830.35,5827.6,5829.7,901,
2024-12-19 14:40:00+05:30,5831.45,5833.05,5829.7,5831.75,606,
2024-12-19 14:41:00+05:30,5831.75,5832.8,5831.45,5831.45,88,
2024-12-19 14:42:00+05:30,5831.45,5832.25,5830.85,5830.85,109,
2024-12-19 14:43:00+05:30,5830.85,5834.85,5830.85,5834.85,499,
2024-12-19 14:44:00+05:30,5834.85,5835,5831.45,5834.55,2357,
2024-12-19 14:45:00+05:30,5834.55,5835,5830.9,5830.9,8400,
2024-12-19 14:46:00+05:30,5830.9,5832.3,5828.7,5829.85,695,
2024-12-19 14:47:00+05:30,5829.85,5829.95,5826.95,5827.8,187,
2024-12-19 14:48:00+05:30,5827.8,5829.35,5827.8,5828.5,153,
2024-12-19 14:49:00+05:30,5828.5,5829.85,5828.45,5828.45,530,
2024-12-19 14:50:00+05:30,5828.5,5828.9,5827.8,5827.8,233,
2024-12-19 14:51:00+05:30,5827.8,5828,5822.8,5822.85,597,
2024-12-19 14:52:00+05:30,5822.85,5826,5821.5,5822.7,2118,
2024-12-19 14:53:00+05:30,5822.7,5823.5,5820.3,5820.6,2433,
2024-12-19 14:54:00+05:30,5820.6,5827.3,5818,5826.25,3052,
2024-12-19 14:55:00+05:30,5826.3,5827.1,5821.05,5824.3,2705,
2024-12-19 14:56:00+05:30,5824.3,5825.45,5821.3,5822.4,2567,
2024-12-19 14:57:00+05:30,5822.4,5822.7,5818.45,5818.55,2776,
2024-12-19 14:58:00+05:30,5819.1,5822.4,5819.1,5820.3,2493,
2024-12-19 14:59:00+05:30,5820.2,5820.55,5816.15,5816.15,1887,
2024-12-19 15:00:00+05:30,5816.45,5820.95,5815,5815.1,1494,
2024-12-19 15:01:00+05:30,5815.1,5816.85,5813.2,5815.6,2245,
2024-12-19 15:02:00+05:30,5815.6,5815.95,5813.4,5814.1,1942,
2024-12-19 15:03:00+05:30,5814.15,5818,5812.9,5816.95,5261,
2024-12-19 15:04:00+05:30,5816.95,5818.15,5816.4,5817.45,1441,
2024-12-19 15:05:00+05:30,5817.45,5821.95,5817.35,5817.65,2727,
2024-12-19 15:06:00+05:30,5817.65,5822.95,5817.5,5820.6,2948,
2024-12-19 15:07:00+05:30,5820.6,5821.7,5817,5817,1553,
2024-12-19 15:08:00+05:30,5817,5820.95,5816.3,5818.3,2456,
2024-12-19 15:09:00+05:30,5818.55,5821.2,5817.25,5817.55,1825,
2024-12-19 15:10:00+05:30,5819,5819.95,5818.85,5819.4,1804,
2024-12-19 15:11:00+05:30,5819.85,5821.7,5818.2,5819.45,1933,
2024-12-19 15:12:00+05:30,5818.9,5820.9,5818.25,5818.25,2080,
2024-12-19 15:13:00+05:30,5818.25,5819.6,5815.7,5816.35,1815,
2024-12-19 15:14:00+05:30,5816.15,5818.7,5816.15,5817.7,2905,
2024-12-19 15:15:00+05:30,5817.65,5821.95,5815.75,5819.95,3672,
2024-12-19 15:16:00+05:30,5819.95,5819.95,5816.7,5819.2,2372,
2024-12-19 15:17:00+05:30,5819.25,5819.35,5819,5819,2016,
2024-12-19 15:18:00+05:30,5819.05,5820.25,5819,5820.2,2617,
2024-12-19 15:19:00+05:30,5820.4,5821.65,5820,5821.65,3007,
2024-12-19 15:20:00+05:30,5821.6,5821.95,5820,5820.6,1135,
2024-12-19 15:21:00+05:30,5821.35,5827.1,5821.35,5825.8,2327,
2024-12-19 15:22:00+05:30,5825.8,5827.45,5823.15,5827.3,1354,
2024-12-19 15:23:00+05:30,5827.35,5829.8,5825.15,5826.6,1112,
2024-12-19 15:24:00+05:30,5826.75,5828.25,5825.65,5825.75,2240,
2024-12-19 15:25:00+05:30,5825.75,5835,5825.65,5835,2415,
2024-12-19 15:26:00+05:30,5835,5836.1,5827.6,5832.95,2747,
2024-12-19 15:27:00+05:30,5832.95,5834.9,5827.1,5833.1,1094,
2024-12-19 15:28:00+05:30,5833.1,5835,5830,5833.35,751,
2024-12-19 15:29:00+05:30,5830,5833.4,5824.6,5830,457,
2024-12-20 09:15:00+05:30,5790,5841.35,5790,5841.35,1763,
2024-12-20 09:16:00+05:30,5840.2,5844,5828.85,5844,4962,
2024-12-20 09:17:00+05:30,5839.4,5857.95,5839.4,5854,872,
2024-12-20 09:18:00+05:30,5854.8,5862.85,5852.45,5859.25,3889,
2024-12-20 09:19:00+05:30,5858.8,5861.1,5853.2,5858.45,852,
2024-12-20 09:20:00+05:30,5861.55,5863.6,5855.05,5860,2132,
2024-12-20 09:21:00+05:30,5860,5870,5860,5866.85,3423,
2024-12-20 09:22:00+05:30,5866.9,5878,5866.9,5877.05,2076,
2024-12-20 09:23:00+05:30,5878,5885.55,5875.35,5881.15,1940,
2024-12-20 09:24:00+05:30,5881.2,5884,5874.8,5880.4,1396,
2024-12-20 09:25:00+05:30,5880.4,5883.55,5877.6,5877.6,1591,
2024-12-20 09:26:00+05:30,5877.6,5882.9,5872.7,5880.6,1948,
2024-12-20 09:27:00+05:30,5880.6,5887.8,5878.35,5881.1,2607,
2024-12-20 09:28:00+05:30,5881.1,5885.35,5875,5882.55,1644,
2024-12-20 09:29:00+05:30,5882.5,5892,5881.95,5890.35,2510,
2024-12-20 09:30:00+05:30,5890.35,5895,5886.85,5894.1,2155,
2024-12-20 09:31:00+05:30,5891.6,5905,5882.95,5886.95,8109,
2024-12-20 09:32:00+05:30,5888.9,5888.9,5876.05,5886,2379,
2024-12-20 09:33:00+05:30,5886,5892.05,5876.85,5881.25,2243,
2024-12-20 09:34:00+05:30,5881.25,5888.5,5879.35,5888.2,1854,
2024-12-20 09:35:00+05:30,5884.85,5895.55,5884.85,5891,2014,
2024-12-20 09:36:00+05:30,5890.6,5891.7,5883.05,5890,1920,
2024-12-20 09:37:00+05:30,5889.55,5893.95,5887.05,5893.3,1365,
2024-12-20 09:38:00+05:30,5893.3,5894,5879.15,5880.1,5202,
2024-12-20 09:39:00+05:30,5880.1,5889.5,5876,5888.3,733,
2024-12-20 09:40:00+05:30,5888.3,5890,5886.95,5888.85,856,
2024-12-20 09:41:00+05:30,5888.9,5893.95,5886.7,5886.7,1051,
2024-12-20 09:42:00+05:30,5886.7,5890.45,5884.95,5888.25,488,
2024-12-20 09:43:00+05:30,5887.8,5889,5882.35,5884.65,684,
2024-12-20 09:44:00+05:30,5885.35,5889,5883,5888.95,494,
2024-12-20 09:45:00+05:30,5889,5889,5870,5870,2373,
2024-12-20 09:46:00+05:30,5870,5882.8,5870,5875.85,1791,
2024-12-20 09:47:00+05:30,5872.25,5877.15,5863.25,5877.15,2875,
2024-12-20 09:48:00+05:30,5877.15,5878.75,5872.2,5878.45,650,
2024-12-20 09:49:00+05:30,5878.45,5878.75,5866.35,5871.65,1269,
2024-12-20 09:50:00+05:30,5871.65,5880.1,5865.8,5879.85,3256,
2024-12-20 09:51:00+05:30,5879.85,5879.9,5873.8,5875,1195,
2024-12-20 09:52:00+05:30,5875,5876.95,5871.05,5874.6,650,
2024-12-20 09:53:00+05:30,5874.75,5875,5872.6,5875,262,
2024-12-20 09:54:00+05:30,5875,5877.95,5875,5876.05,286,
2024-12-20 09:55:00+05:30,5876.05,5876.05,5874.55,5876,185,
2024-12-20 09:56:00+05:30,5876,5876,5871,5871.05,273,
2024-12-20 09:57:00+05:30,5870.6,5870.6,5863,5865.05,1662,
2024-12-20 09:58:00+05:30,5865.05,5875,5865.05,5874.4,846,
2024-12-20 09:59:00+05:30,5874.4,5876.45,5872.05,5874.6,312,
2024-12-20 10:00:00+05:30,5873.85,5880,5869.6,5877.15,2660,
2024-12-20 10:01:00+05:30,5877.15,5878.65,5874.7,5876.4,477,
2024-12-20 10:02:00+05:30,5875.7,5875.7,5872.8,5874.5,483,
2024-12-20 10:03:00+05:30,5874.5,5877.05,5872.65,5874.1,223,
2024-12-20 10:04:00+05:30,5874.1,5874.6,5867,5874.6,1274,
2024-12-20 10:05:00+05:30,5874.6,5874.6,5869.35,5870.95,238,
2024-12-20 10:06:00+05:30,5870.95,5875,5870.95,5873.9,614,
2024-12-20 10:07:00+05:30,5872.05,5873.1,5868,5869.75,299,
2024-12-20 10:08:00+05:30,5868.35,5868.45,5860.45,5863.35,1605,
2024-12-20 10:09:00+05:30,5863.65,5864.75,5861.3,5861.3,633,
2024-12-20 10:10:00+05:30,5861.3,5863.65,5858.45,5859,1396,
2024-12-20 10:11:00+05:30,5859,5868.15,5859,5866.75,844,
2024-12-20 10:12:00+05:30,5866.95,5867.25,5864.85,5867.05,226,
2024-12-20 10:13:00+05:30,5867.05,5867.05,5857,5860,1368,
2024-12-20 10:14:00+05:30,5862.5,5865,5859.95,5865,379,
2024-12-20 10:15:00+05:30,5863.75,5865,5860,5860,210,
2024-12-20 10:16:00+05:30,5860,5864.05,5857.2,5861.4,2422,
2024-12-20 10:17:00+05:30,5861.4,5864,5859.6,5861.35,411,
2024-12-20 10:18:00+05:30,5861.35,5863.45,5855.55,5858.4,561,
2024-12-20 10:19:00+05:30,5858.4,5864.4,5856.2,5860.1,376,
2024-12-20 10:20:00+05:30,5860.1,5860.15,5856.55,5859.2,602,
2024-12-20 10:21:00+05:30,5858.05,5862.5,5857.15,5858.8,244,
2024-12-20 10:22:00+05:30,5858.8,5864.4,5858.8,5863.05,483,
2024-12-20 10:23:00+05:30,5863.35,5863.35,5860.5,5862.15,176,
2024-12-20 10:24:00+05:30,5862.1,5862.5,5858.5,5862.15,466,
2024-12-20 10:25:00+05:30,5862.15,5862.15,5856.7,5861.1,574,
2024-12-20 10:26:00+05:30,5859.4,5863.55,5858.2,5862.2,408,
2024-12-20 10:27:00+05:30,5862.2,5863.6,5860.05,5863,254,
2024-12-20 10:28:00+05:30,5863,5866.8,5863,5866.8,656,
2024-12-20 10:29:00+05:30,5866.75,5869.05,5862.25,5864.45,419,
2024-12-20 10:30:00+05:30,5864.45,5877.5,5864.45,5876.6,5572,
2024-12-20 10:31:00+05:30,5875,5875.15,5871,5871,377,
2024-12-20 10:32:00+05:30,5871,5873.9,5870.7,5873.9,161,
2024-12-20 10:33:00+05:30,5873.9,5873.9,5869.8,5870.7,171,
2024-12-20 10:34:00+05:30,5870.7,5874.7,5870.1,5874.65,216,
2024-12-20 10:35:00+05:30,5874.7,5878,5872.5,5873.9,2295,
2024-12-20 10:36:00+05:30,5873.9,5878,5873.9,5878,216,
2024-12-20 10:37:00+05:30,5878,5878.2,5876.5,5878.2,188,
2024-12-20 10:38:00+05:30,5878.2,5883.5,5878.2,5883.05,1017,
2024-12-20 10:39:00+05:30,5882.15,5888.9,5881.35,5888.25,533,
2024-12-20 10:40:00+05:30,5888.25,5895.55,5886.45,5894.95,5249,
2024-12-20 10:41:00+05:30,5894.95,5899,5892.35,5895.8,6127,
2024-12-20 10:42:00+05:30,5897.7,5902.4,5895,5899.8,2086,
2024-12-20 10:43:00+05:30,5899.8,5900.95,5895.45,5895.5,1243,
2024-12-20 10:44:00+05:30,5895.5,5897.2,5894.4,5895.05,895,
2024-12-20 10:45:00+05:30,5895.05,5899.1,5894.3,5899,1302,
2024-12-20 10:46:00+05:30,5899,5903.45,5896.75,5900,1128,
2024-12-20 10:47:00+05:30,5900,5902,5897,5900,1032,
2024-12-20 10:48:00+05:30,5900,5901,5894.05,5899,951,
2024-12-20 10:49:00+05:30,5899,5899,5895.55,5898.1,608,
2024-12-20 10:50:00+05:30,5899,5899,5893.05,5894.7,3322,
2024-12-20 10:51:00+05:30,5895.7,5896,5893.35,5894.95,329,
2024-12-20 10:52:00+05:30,5894.95,5898,5893.35,5896.65,517,
2024-12-20 10:53:00+05:30,5897.25,5897.7,5892.5,5893.85,330,
2024-12-20 10:54:00+05:30,5893.85,5897.7,5892.6,5895.7,385,
2024-12-20 10:55:00+05:30,5895.7,5895.75,5892,5894.8,471,
2024-12-20 10:56:00+05:30,5894.75,5897,5893.05,5894.3,220,
2024-12-20 10:57:00+05:30,5896,5896,5892,5894.4,328,
2024-12-20 10:58:00+05:30,5894.4,5894.7,5889.6,5892.6,1237,
2024-12-20 10:59:00+05:30,5892.6,5895,5890.95,5894.8,334,
2024-12-20 11:00:00+05:30,5894.9,5895,5891.5,5895,468,
2024-12-20 11:01:00+05:30,5895,5895,5893.5,5895,269,
2024-12-20 11:02:00+05:30,5894.05,5897.05,5891.5,5891.5,3387,
2024-12-20 11:03:00+05:30,5891.5,5896.95,5891.5,5895.75,446,
2024-12-20 11:04:00+05:30,5895.75,5895.75,5891.8,5892.15,165,
2024-12-20 11:05:00+05:30,5892.15,5893.7,5886,5890.45,928,
2024-12-20 11:06:00+05:30,5888.95,5891,5887,5890.15,883,
2024-12-20 11:07:00+05:30,5891.55,5893.1,5890.6,5892.85,352,
2024-12-20 11:08:00+05:30,5892.1,5899,5892.05,5899,779,
2024-12-20 11:09:00+05:30,5899,5899,5897.55,5898.15,198,
2024-12-20 11:10:00+05:30,5898.15,5904.35,5898.15,5904,3317,
2024-12-20 11:11:00+05:30,5904,5904.35,5897.8,5898.95,1397,
2024-12-20 11:12:00+05:30,5898.95,5900.3,5897.5,5900.3,705,
2024-12-20 11:13:00+05:30,5900.3,5903,5900,5903,505,
2024-12-20 11:14:00+05:30,5903,5903,5900,5901.95,377,
2024-12-20 11:15:00+05:30,5901.5,5903,5900,5902.45,404,
2024-12-20 11:16:00+05:30,5902.25,5902.45,5892.3,5898.55,1588,
2024-12-20 11:17:00+05:30,5895.95,5899,5895.55,5895.85,688,
2024-12-20 11:18:00+05:30,5895.9,5899,5895,5898.85,951,
2024-12-20 11:19:00+05:30,5898.85,5899,5895.3,5899,411,
2024-12-20 11:20:00+05:30,5898.05,5899,5896.6,5897.55,220,
2024-12-20 11:21:00+05:30,5897.55,5899.9,5897.55,5899.85,208,
2024-12-20 11:22:00+05:30,5899.85,5901.7,5899,5899.95,242,
2024-12-20 11:23:00+05:30,5899.95,5902,5899.9,5902,371,
2024-12-20 11:24:00+05:30,5902,5902.4,5899,5900,340,
2024-12-20 11:25:00+05:30,5898.55,5901.15,5898.35,5898.75,127,
2024-12-20 11:26:00+05:30,5901.2,5901.95,5901.15,5901.7,114,
2024-12-20 11:27:00+05:30,5901.7,5902,5896,5896.1,360,
2024-12-20 11:28:00+05:30,5896.1,5898.55,5896.1,5898.55,275,
2024-12-20 11:29:00+05:30,5898.55,5899.3,5897.05,5898.3,60,
2024-12-20 11:30:00+05:30,5898.3,5898.3,5891,5893.45,613,
2024-12-20 11:31:00+05:30,5893.45,5895.1,5891.25,5894.2,257,
2024-12-20 11:32:00+05:30,5894.2,5897,5893.45,5896.25,211,
2024-12-20 11:33:00+05:30,5896.25,5897,5895.7,5896.05,77,
2024-12-20 11:34:00+05:30,5896.05,5899.4,5896.05,5899.4,242,
2024-12-20 11:35:00+05:30,5899.4,5900,5898,5899.85,307,
2024-12-20 11:36:00+05:30,5899.4,5899.4,5897.6,5899.2,170,
2024-12-20 11:37:00+05:30,5899.2,5899.35,5897,5898,168,
2024-12-20 11:38:00+05:30,5898,5898,5897.5,5897.5,215,
2024-12-20 11:39:00+05:30,5897.55,5899.35,5897.55,5899.35,438,
2024-12-20 11:40:00+05:30,5899.35,5899.35,5898.65,5899.35,938,
2024-12-20 11:41:00+05:30,5899.35,5899.35,5898.1,5898.55,157,
2024-12-20 11:42:00+05:30,5898.55,5899.4,5898.15,5899.4,1332,
2024-12-20 11:43:00+05:30,5899.4,5902,5898.95,5900.65,566,
2024-12-20 11:44:00+05:30,5900.65,5902,5899.45,5900.05,126,
2024-12-20 11:45:00+05:30,5901.95,5902,5900,5900.15,306,
2024-12-20 11:46:00+05:30,5900.15,5903.8,5900,5902.2,1170,
2024-12-20 11:47:00+05:30,5902.2,5903.5,5901.2,5903,179,
2024-12-20 11:48:00+05:30,5903,5903,5901.25,5902.15,119,
2024-12-20 11:49:00+05:30,5902.15,5909,5902.15,5907.9,1992,
2024-12-20 11:50:00+05:30,5907.9,5919,5907.5,5917.15,2639,
2024-12-20 11:51:00+05:30,5917,5924.2,5917,5921.85,2661,
2024-12-20 11:52:00+05:30,5921.85,5923,5918.9,5921.95,574,
2024-12-20 11:53:00+05:30,5921.95,5923,5920,5921.25,872,
2024-12-20 11:54:00+05:30,5921.25,5925,5919.1,5925,1762,
2024-12-20 11:55:00+05:30,5923.25,5929,5923.25,5923.5,1814,
2024-12-20 11:56:00+05:30,5923.5,5932,5923.5,5930.55,2229,
2024-12-20 11:57:00+05:30,5930.55,5932.4,5928.55,5931.9,1064,
2024-12-20 11:58:00+05:30,5931.9,5931.95,5928,5931.95,1361,
2024-12-20 11:59:00+05:30,5931.95,5935.45,5927.5,5935.05,3058,
2024-12-20 12:00:00+05:30,5931.65,5935.15,5928,5932,1291,
2024-12-20 12:01:00+05:30,5932,5932.4,5928.35,5928.35,222,
2024-12-20 12:02:00+05:30,5928.35,5931,5922,5923.9,1234,
2024-12-20 12:03:00+05:30,5923.9,5929.35,5923,5926.45,831,
2024-12-20 12:04:00+05:30,5926.45,5927.8,5924.05,5926.95,281,
2024-12-20 12:05:00+05:30,5926.95,5927.4,5920.3,5920.3,634,
2024-12-20 12:06:00+05:30,5920.35,5925.75,5918.95,5921.95,1117,
2024-12-20 12:07:00+05:30,5922,5922,5920,5922,346,
2024-12-20 12:08:00+05:30,5922,5922,5919.65,5921.7,292,
2024-12-20 12:09:00+05:30,5921.7,5922,5920.25,5921.15,201,
2024-12-20 12:10:00+05:30,5919.6,5921.15,5919,5921.15,526,
2024-12-20 12:11:00+05:30,5921.15,5923.65,5919.2,5919.2,356,
2024-12-20 12:12:00+05:30,5921.25,5922.45,5919.1,5921.55,228,
2024-12-20 12:13:00+05:30,5921.55,5921.55,5920,5921,172,
2024-12-20 12:14:00+05:30,5921,5921.2,5918.6,5919.75,411,
2024-12-20 12:15:00+05:30,5919.05,5919.75,5911.85,5919.75,1128,
2024-12-20 12:16:00+05:30,5919.75,5934,5914.75,5934,2901,
2024-12-20 12:17:00+05:30,5934.95,5940,5934.95,5938.35,2363,
2024-12-20 12:18:00+05:30,5938.95,5938.95,5926.5,5930.65,1433,
2024-12-20 12:19:00+05:30,5930.65,5930.65,5927.45,5930,266,
2024-12-20 12:20:00+05:30,5930,5930,5926.75,5928.5,342,
2024-12-20 12:21:00+05:30,5928.5,5929.8,5922.5,5925.9,535,
2024-12-20 12:22:00+05:30,5925.9,5925.9,5922.1,5925.35,594,
2024-12-20 12:23:00+05:30,5925.45,5925.9,5923,5925.85,163,
2024-12-20 12:24:00+05:30,5925.55,5925.75,5920,5923.95,212,
2024-12-20 12:25:00+05:30,5923.95,5925.9,5920.05,5925.75,677,
2024-12-20 12:26:00+05:30,5925.75,5925.9,5924.3,5925.3,104,
2024-12-20 12:27:00+05:30,5925,5931.4,5924,5931.35,690,
2024-12-20 12:28:00+05:30,5931.35,5934.45,5928.55,5928.55,1147,
2024-12-20 12:29:00+05:30,5928.55,5934.3,5928.55,5934.3,451,
2024-12-20 12:30:00+05:30,5934.3,5939.95,5934,5939.9,662,
2024-12-20 12:31:00+05:30,5940,5944,5939.35,5940.6,1669,
2024-12-20 12:32:00+05:30,5940.2,5940.95,5936.5,5939,566,
2024-12-20 12:33:00+05:30,5939.7,5939.7,5934.15,5937.75,477,
2024-12-20 12:34:00+05:30,5937.75,5938,5934.25,5935,243,
2024-12-20 12:35:00+05:30,5934.7,5937.8,5934,5936.75,589,
2024-12-20 12:36:00+05:30,5936.75,5940.65,5935.25,5940.65,939,
2024-12-20 12:37:00+05:30,5940.65,5943.9,5937.55,5938.55,438,
2024-12-20 12:38:00+05:30,5938.55,5940,5936,5939.95,604,
2024-12-20 12:39:00+05:30,5939.95,5939.95,5934,5934,174,
2024-12-20 12:40:00+05:30,5934,5936.2,5929.95,5932.65,501,
2024-12-20 12:41:00+05:30,5931.2,5936.1,5928,5933.75,1236,
2024-12-20 12:42:00+05:30,5933.75,5935.4,5929,5930.85,202,
2024-12-20 12:43:00+05:30,5930.85,5934.55,5930.85,5933.85,202,
2024-12-20 12:44:00+05:30,5933.85,5939.5,5933.85,5938.45,427,
2024-12-20 12:45:00+05:30,5938,5938.9,5934,5934.65,395,
2024-12-20 12:46:00+05:30,5934.65,5935.75,5932.15,5933.95,314,
2024-12-20 12:47:00+05:30,5933.95,5934.4,5928,5930.5,545,
2024-12-20 12:48:00+05:30,5930.5,5930.5,5924.1,5926.85,1183,
2024-12-20 12:49:00+05:30,5926.3,5926.3,5920,5921.55,2215,
2024-12-20 12:50:00+05:30,5921.55,5926,5921.05,5923.35,449,
2024-12-20 12:51:00+05:30,5923.35,5923.35,5917.05,5917.6,1005,
2024-12-20 12:52:00+05:30,5917.6,5920.75,5917.35,5920,653,
2024-12-20 12:53:00+05:30,5920,5924.05,5917.35,5922,512,
2024-12-20 12:54:00+05:30,5923.9,5924.25,5920,5920.65,210,
2024-12-20 12:55:00+05:30,5921.7,5923.25,5918.55,5922.9,691,
2024-12-20 12:56:00+05:30,5922.9,5924.6,5919.1,5919.8,403,
2024-12-20 12:57:00+05:30,5920.95,5922,5918.5,5920.5,132,
2024-12-20 12:58:00+05:30,5918.5,5922,5918.5,5922,196,
2024-12-20 12:59:00+05:30,5922,5925.2,5919.45,5919.45,680,
2024-12-20 13:00:00+05:30,5922.85,5923.75,5919,5923.75,377,
2024-12-20 13:01:00+05:30,5923,5927,5922.05,5927,752,
2024-12-20 13:02:00+05:30,5927,5927.9,5924.35,5924.35,394,
2024-12-20 13:03:00+05:30,5924.35,5924.35,5920,5921.5,470,
2024-12-20 13:04:00+05:30,5920.75,5920.75,5914,5914.35,1573,
2024-12-20 13:05:00+05:30,5912.55,5917.25,5912.55,5917.15,550,
2024-12-20 13:06:00+05:30,5917.15,5921.95,5915,5921.95,488,
2024-12-20 13:07:00+05:30,5919.1,5934.75,5919.1,5931.4,1685,
2024-12-20 13:08:00+05:30,5932.2,5937.5,5930,5931.15,2003,
2024-12-20 13:09:00+05:30,5931.15,5935,5927.8,5931.3,573,
2024-12-20 13:10:00+05:30,5931.3,5934.2,5930.45,5931.35,698,
2024-12-20 13:11:00+05:30,5931.35,5937.05,5931.3,5936.8,1047,
2024-12-20 13:12:00+05:30,5937.25,5943,5937.25,5942.95,1584,
2024-12-20 13:13:00+05:30,5942.05,5942.55,5933.05,5936.45,1651,
2024-12-20 13:14:00+05:30,5936.45,5938,5934.8,5938,996,
2024-12-20 13:15:00+05:30,5938,5940,5935,5937.3,1243,
2024-12-20 13:16:00+05:30,5936.6,5937.5,5933.5,5937.15,788,
2024-12-20 13:17:00+05:30,5937.15,5938,5933.5,5937.15,551,
2024-12-20 13:18:00+05:30,5937.15,5940,5936.35,5939.9,946,
2024-12-20 13:19:00+05:30,5939.8,5939.9,5934.4,5936.8,478,
2024-12-20 13:20:00+05:30,5934.7,5939,5934,5937.3,747,
2024-12-20 13:21:00+05:30,5936.65,5937.95,5933,5933.6,735,
2024-12-20 13:22:00+05:30,5933.6,5937.2,5933.5,5934.65,440,
2024-12-20 13:23:00+05:30,5934.65,5937.7,5933.85,5937.55,854,
2024-12-20 13:24:00+05:30,5937.55,5937.55,5935.05,5937.45,333,
2024-12-20 13:25:00+05:30,5937.45,5946.2,5934.7,5942.75,2266,
2024-12-20 13:26:00+05:30,5942.8,5946.4,5941.95,5944.85,982,
2024-12-20 13:27:00+05:30,5944.15,5948,5943,5945.35,1279,
2024-12-20 13:28:00+05:30,5945.35,5949.9,5945.35,5949.9,1256,
2024-12-20 13:29:00+05:30,5949.9,5949.95,5945.5,5945.5,591,
2024-12-20 13:30:00+05:30,5945.5,5949.6,5944.2,5949.6,745,
2024-12-20 13:31:00+05:30,5949.6,5950,5946,5950,674,
2024-12-20 13:32:00+05:30,5950,5955,5948.75,5953.65,2376,
2024-12-20 13:33:00+05:30,5955,5955,5947.1,5951.3,1602,
2024-12-20 13:34:00+05:30,5951.3,5951.3,5948.65,5951,291,
2024-12-20 13:35:00+05:30,5951,5951,5946.75,5948.1,1237,
2024-12-20 13:36:00+05:30,5948.1,5951,5948.1,5951,1427,
2024-12-20 13:37:00+05:30,5951,5955,5950.5,5951.8,1196,
2024-12-20 13:38:00+05:30,5950,5954.05,5950,5953,1240,
2024-12-20 13:39:00+05:30,5953,5953.05,5950.2,5952,458,
2024-12-20 13:40:00+05:30,5952,5952,5950,5950,761,
2024-12-20 13:41:00+05:30,5950,5950.9,5943,5944.25,2743,
2024-12-20 13:42:00+05:30,5944.25,5946,5943,5945.95,993,
2024-12-20 13:43:00+05:30,5945.95,5946.4,5943,5945.75,351,
2024-12-20 13:44:00+05:30,5945.75,5955,5943.75,5952.95,3467,
2024-12-20 13:45:00+05:30,5954.5,5957.25,5951,5954,4611,
2024-12-20 13:46:00+05:30,5954,5954.4,5945,5947.5,5384,
2024-12-20 13:47:00+05:30,5947.65,5947.65,5936.5,5941.1,6041,
2024-12-20 13:48:00+05:30,5939.5,5945,5922.45,5925,4672,
2024-12-20 13:49:00+05:30,5924.05,5928.95,5922.45,5925,1822,
2024-12-20 13:50:00+05:30,5925,5931.75,5925,5931.25,1195,
2024-12-20 13:51:00+05:30,5931.25,5937.35,5929.8,5931.75,1859,
2024-12-20 13:52:00+05:30,5931.75,5934,5928.15,5928.3,537,
2024-12-20 13:53:00+05:30,5928.3,5934,5927.55,5932.6,462,
2024-12-20 13:54:00+05:30,5932.6,5938,5932.35,5935.6,1636,
2024-12-20 13:55:00+05:30,5933.6,5935.25,5927,5927,321,
2024-12-20 13:56:00+05:30,5927,5929.15,5923.1,5924.45,746,
2024-12-20 13:57:00+05:30,5924.45,5932.45,5924.45,5930.05,1579,
2024-12-20 13:58:00+05:30,5930.05,5931.15,5928.1,5931.05,547,
2024-12-20 13:59:00+05:30,5930.1,5935.3,5930.1,5932,971,
2024-12-20 14:00:00+05:30,5932,5932,5927,5927,611,
2024-12-20 14:01:00+05:30,5927.85,5928.25,5925,5925,398,
2024-12-20 14:02:00+05:30,5925,5926.35,5924.1,5926,1508,
2024-12-20 14:03:00+05:30,5926,5928.1,5922.75,5923.1,690,
2024-12-20 14:04:00+05:30,5924.55,5931.2,5924,5926.75,512,
2024-12-20 14:05:00+05:30,5925.7,5929.2,5924,5928.5,453,
2024-12-20 14:06:00+05:30,5928.5,5929.8,5927,5928.65,204,
2024-12-20 14:07:00+05:30,5928.65,5928.65,5925.6,5927.35,262,
2024-12-20 14:08:00+05:30,5925.6,5927.2,5924.05,5925,948,
2024-12-20 14:09:00+05:30,5925.2,5925.2,5922.75,5922.75,175,
2024-12-20 14:10:00+05:30,5922.75,5924,5921,5921,1292,
2024-12-20 14:11:00+05:30,5922,5922,5921,5921,1146,
2024-12-20 14:12:00+05:30,5921,5922,5920.05,5920.05,931,
2024-12-20 14:13:00+05:30,5920.2,5925,5916.95,5925,2289,
2024-12-20 14:14:00+05:30,5925.25,5925.55,5922.4,5922.4,412,
2024-12-20 14:15:00+05:30,5924.95,5927.35,5923,5925,335,
2024-12-20 14:16:00+05:30,5926.15,5929,5924.15,5924.95,507,
2024-12-20 14:17:00+05:30,5924.95,5929,5923.75,5925,425,
2024-12-20 14:18:00+05:30,5925,5927.05,5925,5927,147,
2024-12-20 14:19:00+05:30,5927.4,5929.9,5924.7,5927.5,1127,
2024-12-20 14:20:00+05:30,5927.5,5934,5927.5,5932.4,1352,
2024-12-20 14:21:00+05:30,5932.4,5934,5930,5933,260,
2024-12-20 14:22:00+05:30,5932.25,5932.7,5930,5930,438,
2024-12-20 14:23:00+05:30,5930,5932.7,5929.3,5929.3,2190,
2024-12-20 14:24:00+05:30,5929,5931.25,5926.4,5926.4,280,
2024-12-20 14:25:00+05:30,5927.5,5928.65,5926.5,5926.5,112,
2024-12-20 14:26:00+05:30,5926.45,5931.65,5926.05,5927.95,311,
2024-12-20 14:27:00+05:30,5927.95,5927.95,5924.5,5926,595,
2024-12-20 14:28:00+05:30,5925.05,5929.45,5925.05,5927.6,538,
2024-12-20 14:29:00+05:30,5926.05,5928,5925,5927.65,275,
2024-12-20 14:30:00+05:30,5928,5928,5924.5,5925.2,332,
2024-12-20 14:31:00+05:30,5925.2,5926.3,5924.5,5926.3,177,
2024-12-20 14:32:00+05:30,5926.3,5926.3,5921.6,5924.65,2137,
2024-12-20 14:33:00+05:30,5921.35,5924.9,5921.35,5923.8,200,
2024-12-20 14:34:00+05:30,5923.8,5923.8,5913.5,5916.2,1195,
2024-12-20 14:35:00+05:30,5916.2,5920.8,5915.05,5916.15,897,
2024-12-20 14:36:00+05:30,5916.15,5920,5916.15,5918.95,961,
2024-12-20 14:37:00+05:30,5918.95,5919.9,5916.5,5919.9,402,
2024-12-20 14:38:00+05:30,5919.9,5919.9,5915.15,5917.2,603,
2024-12-20 14:39:00+05:30,5917.2,5917.2,5915.1,5916.95,269,
2024-12-20 14:40:00+05:30,5915.35,5917.1,5915,5915.1,259,
2024-12-20 14:41:00+05:30,5915.1,5917.7,5915,5916.5,1072,
2024-12-20 14:42:00+05:30,5915.75,5921.65,5915.1,5918.15,1083,
2024-12-20 14:43:00+05:30,5918.35,5921,5916.5,5919.85,240,
2024-12-20 14:44:00+05:30,5919.85,5921.2,5919.1,5919.7,339,
2024-12-20 14:45:00+05:30,5919.7,5920.55,5902.7,5907.55,2446,
2024-12-20 14:46:00+05:30,5907.15,5908.95,5904.15,5907.75,458,
2024-12-20 14:47:00+05:30,5907.75,5907.8,5900,5904.15,3990,
2024-12-20 14:48:00+05:30,5902.55,5902.65,5894.35,5898.15,4300,
2024-12-20 14:49:00+05:30,5899,5900.7,5895.25,5898.2,2358,
2024-12-20 14:50:00+05:30,5898.2,5900,5898.2,5900,5255,
2024-12-20 14:51:00+05:30,5900,5900,5897.05,5897.6,2197,
2024-12-20 14:52:00+05:30,5896,5896.3,5887.35,5891.25,1821,
2024-12-20 14:53:00+05:30,5891.25,5891.25,5886.95,5889.4,1697,
2024-12-20 14:54:00+05:30,5889.5,5889.5,5884.9,5885.45,650,
2024-12-20 14:55:00+05:30,5887,5889.45,5882.65,5883.8,526,
2024-12-20 14:56:00+05:30,5886.9,5887.6,5877.45,5879.8,3171,
2024-12-20 14:57:00+05:30,5879.85,5880.4,5873.65,5876.5,3335,
2024-12-20 14:58:00+05:30,5876.6,5878.75,5870.7,5870.8,2084,
2024-12-20 14:59:00+05:30,5872.55,5875,5868.9,5872.3,1204,
2024-12-20 15:00:00+05:30,5872.2,5875,5861,5862.75,4845,
2024-12-20 15:01:00+05:30,5863.85,5864.9,5857.55,5858.45,3605,
2024-12-20 15:02:00+05:30,5858.3,5864.95,5858.3,5861,2847,
2024-12-20 15:03:00+05:30,5861,5861.8,5852.65,5856.75,6632,
2024-12-20 15:04:00+05:30,5856.75,5857.85,5847.05,5847.2,4884,
2024-12-20 15:05:00+05:30,5849.75,5855.7,5848.5,5854.1,2975,
2024-12-20 15:06:00+05:30,5854.1,5855.95,5845.35,5848.45,5115,
2024-12-20 15:07:00+05:30,5844.8,5852.8,5843.3,5852,8001,
2024-12-20 15:08:00+05:30,5852,5852,5841.15,5841.5,3508,
2024-12-20 15:09:00+05:30,5843.65,5844,5840,5842.9,5571,
2024-12-20 15:10:00+05:30,5842.15,5845,5839.6,5839.6,3204,
2024-12-20 15:11:00+05:30,5839.9,5844.35,5838.3,5841.7,3973,
2024-12-20 15:12:00+05:30,5841,5844.3,5835.25,5840.95,6751,
2024-12-20 15:13:00+05:30,5840.25,5841.9,5833,5841.05,6211,
2024-12-20 15:14:00+05:30,5841.3,5842.3,5837.15,5841.6,2808,
2024-12-20 15:15:00+05:30,5838.5,5847,5838.5,5846.65,3126,
2024-12-20 15:16:00+05:30,5845.05,5845.25,5838.95,5841.05,2561,
2024-12-20 15:17:00+05:30,5840.6,5845.1,5838.5,5842.95,3781,
2024-12-20 15:18:00+05:30,5842.5,5846.65,5842.5,5843.55,3500,
2024-12-20 15:19:00+05:30,5842.7,5844.65,5840.05,5843.7,3524,
2024-12-20 15:20:00+05:30,5842.5,5846.65,5840.8,5846.65,5615,
2024-12-20 15:21:00+05:30,5846.65,5849.55,5843.15,5846.6,3048,
2024-12-20 15:22:00+05:30,5846.6,5846.6,5839.2,5844.4,3265,
2024-12-20 15:23:00+05:30,5844.9,5845.2,5844.35,5845.05,2779,
2024-12-20 15:24:00+05:30,5843.3,5845.3,5841.45,5843.45,3333,
2024-12-20 15:25:00+05:30,5843.15,5848.3,5840.05,5840.45,2282,
2024-12-20 15:26:00+05:30,5840.45,5843,5837.75,5843,3534,
2024-12-20 15:27:00+05:30,5843,5851.85,5837.45,5842.2,3458,
2024-12-20 15:28:00+05:30,5845.5,5848,5837,5845.05,1608,
2024-12-20 15:29:00+05:30,5845,5851.5,5837.3,5841.35,2721,
2024-12-23 09:15:00+05:30,5846.75,5889.1,5846.75,5889.1,6612,
2024-12-23 09:16:00+05:30,5883.25,5888.9,5870.6,5886.6,1536,
2024-12-23 09:17:00+05:30,5890,5896,5882,5893.55,2166,
2024-12-23 09:18:00+05:30,5894,5904.05,5883.4,5900.5,3047,
2024-12-23 09:19:00+05:30,5900.35,5904.75,5896.5,5900.35,2648,
2024-12-23 09:20:00+05:30,5903.45,5904.3,5894.2,5897.9,1817,
2024-12-23 09:21:00+05:30,5897.9,5898.65,5890.75,5897,638,
2024-12-23 09:22:00+05:30,5898.4,5915.55,5896.45,5915.55,2134,
2024-12-23 09:23:00+05:30,5915.25,5927.55,5914.05,5923.45,3033,
2024-12-23 09:24:00+05:30,5923.45,5935,5917.5,5917.5,2511,
2024-12-23 09:25:00+05:30,5917.5,5917.5,5897.1,5897.1,1575,
2024-12-23 09:26:00+05:30,5896,5896,5883.4,5887.1,2024,
2024-12-23 09:27:00+05:30,5887,5894.75,5883.4,5894.75,1090,
2024-12-23 09:28:00+05:30,5894.75,5896.5,5881.4,5884.3,1774,
2024-12-23 09:29:00+05:30,5884.3,5891.15,5881.65,5887,559,
2024-12-23 09:30:00+05:30,5887.9,5893.4,5881.05,5890.75,536,
2024-12-23 09:31:00+05:30,5890.75,5900,5889.85,5894.85,1027,
2024-12-23 09:32:00+05:30,5894.85,5896,5885.9,5890.95,728,
2024-12-23 09:33:00+05:30,5892.4,5898.95,5890.8,5892.65,544,
2024-12-23 09:34:00+05:30,5892.65,5892.65,5882.85,5884.1,773,
2024-12-23 09:35:00+05:30,5883.5,5885.35,5876.3,5883.8,1291,
2024-12-23 09:36:00+05:30,5883.8,5885.85,5879.9,5883.7,753,
2024-12-23 09:37:00+05:30,5883.7,5883.8,5875,5877.35,2294,
2024-12-23 09:38:00+05:30,5879.1,5880.2,5870.3,5875.7,2171,
2024-12-23 09:39:00+05:30,5875.7,5880,5873.4,5876.55,959,
2024-12-23 09:40:00+05:30,5876.55,5878.8,5875.1,5876.15,219,
2024-12-23 09:41:00+05:30,5876.6,5879.2,5872.85,5873.65,292,
2024-12-23 09:42:00+05:30,5872.05,5886.25,5872.05,5884.3,733,
2024-12-23 09:43:00+05:30,5884.3,5888.8,5884.3,5887.45,742,
2024-12-23 09:44:00+05:30,5886.15,5890.1,5883.85,5886.85,583,
2024-12-23 09:45:00+05:30,5889.6,5890.55,5886.45,5890.15,650,
2024-12-23 09:46:00+05:30,5888.6,5894,5888.6,5894,498,
2024-12-23 09:47:00+05:30,5894.4,5895.25,5888.25,5891.1,1308,
2024-12-23 09:48:00+05:30,5891.05,5891.05,5879.5,5879.5,1019,
2024-12-23 09:49:00+05:30,5880.2,5883.6,5879.6,5880.25,266,
2024-12-23 09:50:00+05:30,5880.25,5890,5880.25,5890,339,
2024-12-23 09:51:00+05:30,5887.95,5893.9,5887.95,5892.7,303,
2024-12-23 09:52:00+05:30,5892.7,5895,5888,5892.9,470,
2024-12-23 09:53:00+05:30,5893.5,5899.7,5891.15,5891.15,874,
2024-12-23 09:54:00+05:30,5891.4,5893.75,5887.75,5887.75,447,
2024-12-23 09:55:00+05:30,5887.45,5887.75,5877.3,5883.6,2096,
2024-12-23 09:56:00+05:30,5882.55,5883,5880.95,5883,222,
2024-12-23 09:57:00+05:30,5880.95,5880.95,5871.55,5873.85,734,
2024-12-23 09:58:00+05:30,5874.8,5883,5874.8,5881.55,343,
2024-12-23 09:59:00+05:30,5881.55,5882.7,5876.2,5880.7,564,
2024-12-23 10:00:00+05:30,5881.45,5883,5875.9,5878.5,854,
2024-12-23 10:01:00+05:30,5879.7,5884.5,5879.2,5884.3,539,
2024-12-23 10:02:00+05:30,5884.5,5893.25,5884.35,5889.3,490,
2024-12-23 10:03:00+05:30,5889.3,5895.9,5889.3,5892.3,649,
2024-12-23 10:04:00+05:30,5892.3,5892.8,5887.05,5887.05,912,
2024-12-23 10:05:00+05:30,5887.1,5900.6,5885.9,5898.65,3463,
2024-12-23 10:06:00+05:30,5898.7,5904.4,5898.65,5899.95,2089,
2024-12-23 10:07:00+05:30,5899.95,5901.35,5895.55,5899.1,2168,
2024-12-23 10:08:00+05:30,5900.05,5901.25,5895.7,5896.2,277,
2024-12-23 10:09:00+05:30,5896.2,5902.2,5895.05,5901.05,284,
2024-12-23 10:10:00+05:30,5901.05,5905,5899,5900.2,675,
2024-12-23 10:11:00+05:30,5900.2,5902.5,5894.6,5896.45,285,
2024-12-23 10:12:00+05:30,5895.85,5899.95,5895.1,5899.6,168,
2024-12-23 10:13:00+05:30,5899.6,5904.9,5899.6,5899.65,489,
2024-12-23 10:14:00+05:30,5899.65,5901.3,5893,5894.05,341,
2024-12-23 10:15:00+05:30,5894.75,5898.9,5893.2,5896.7,195,
2024-12-23 10:16:00+05:30,5896.7,5898.65,5895.5,5895.5,429,
2024-12-23 10:17:00+05:30,5895.5,5897,5893.95,5896.65,339,
2024-12-23 10:18:00+05:30,5896.65,5897,5896.2,5896.2,233,
2024-12-23 10:19:00+05:30,5896.2,5903,5896.1,5901.95,529,
2024-12-23 10:20:00+05:30,5900,5903,5898.5,5900,333,
2024-12-23 10:21:00+05:30,5900.3,5905,5900,5904.9,321,
2024-12-23 10:22:00+05:30,5904.9,5905,5903,5903.8,178,
2024-12-23 10:23:00+05:30,5903.45,5904.7,5900.9,5901.55,552,
2024-12-23 10:24:00+05:30,5902.75,5904.75,5900.95,5901.55,245,
2024-12-23 10:25:00+05:30,5901.55,5903.55,5895.55,5895.55,351,
2024-12-23 10:26:00+05:30,5895.5,5895.5,5889.1,5893.45,1193,
2024-12-23 10:27:00+05:30,5892.15,5898.5,5890.15,5895.8,227,
2024-12-23 10:28:00+05:30,5895.8,5898.2,5892.75,5894.25,1288,
2024-12-23 10:29:00+05:30,5894.75,5898.35,5892.6,5895,1790,
2024-12-23 10:30:00+05:30,5895,5897.35,5893.7,5896.6,973,
2024-12-23 10:31:00+05:30,5896.6,5897.15,5894.15,5895,521,
2024-12-23 10:32:00+05:30,5895.8,5902.65,5894.15,5896.6,1836,
2024-12-23 10:33:00+05:30,5897.55,5904.95,5897.55,5898.75,623,
2024-12-23 10:34:00+05:30,5899.4,5904.25,5897.15,5897.15,914,
2024-12-23 10:35:00+05:30,5896,5897.1,5890.8,5891.05,331,
2024-12-23 10:36:00+05:30,5891.2,5894.3,5891.2,5892.2,284,
2024-12-23 10:37:00+05:30,5892.2,5894.95,5889.9,5889.9,113,
2024-12-23 10:38:00+05:30,5889.9,5891.15,5886.05,5886.05,558,
2024-12-23 10:39:00+05:30,5886.05,5888.4,5882.25,5882.25,1398,
2024-12-23 10:40:00+05:30,5883,5883,5880.1,5882.05,495,
2024-12-23 10:41:00+05:30,5882.05,5890.25,5882.05,5889.55,743,
2024-12-23 10:42:00+05:30,5887.85,5889.65,5886.65,5886.65,228,
2024-12-23 10:43:00+05:30,5886.65,5886.65,5885,5885.55,147,
2024-12-23 10:44:00+05:30,5885.6,5885.7,5881.3,5883,140,
2024-12-23 10:45:00+05:30,5883,5883,5880.5,5880.55,132,
2024-12-23 10:46:00+05:30,5880.55,5894.15,5880.55,5892.8,2725,
2024-12-23 10:47:00+05:30,5892.2,5897,5890.65,5891.85,368,
2024-12-23 10:48:00+05:30,5891.85,5897,5890.45,5897,492,
2024-12-23 10:49:00+05:30,5897,5897.25,5890.55,5891.5,261,
2024-12-23 10:50:00+05:30,5892,5895.95,5890.75,5893,656,
2024-12-23 10:51:00+05:30,5893.3,5898.95,5893.3,5894.6,532,
2024-12-23 10:52:00+05:30,5894.6,5898.45,5892.75,5895,348,
2024-12-23 10:53:00+05:30,5895.1,5899.85,5892.4,5892.45,813,
2024-12-23 10:54:00+05:30,5892.45,5898.1,5890.75,5895.5,423,
2024-12-23 10:55:00+05:30,5895.5,5897,5890.7,5890.7,254,
2024-12-23 10:56:00+05:30,5890.05,5896.1,5890.05,5892.8,241,
2024-12-23 10:57:00+05:30,5892.8,5902.6,5892.8,5896.05,669,
2024-12-23 10:58:00+05:30,5898.55,5902,5896.05,5896.05,558,
2024-12-23 10:59:00+05:30,5896.05,5898.1,5893.4,5894.55,145,
2024-12-23 11:00:00+05:30,5894.55,5898,5893.35,5896.6,233,
2024-12-23 11:01:00+05:30,5896.6,5897.9,5893,5893,236,
2024-12-23 11:02:00+05:30,5893.05,5893.85,5891.55,5893,132,
2024-12-23 11:03:00+05:30,5893.45,5895.95,5892.6,5892.7,197,
2024-12-23 11:04:00+05:30,5892.7,5894.55,5892,5892.2,147,
2024-12-23 11:05:00+05:30,5892.2,5894.7,5887.6,5887.6,1376,
2024-12-23 11:06:00+05:30,5887.8,5889.6,5885.35,5886.1,895,
2024-12-23 11:07:00+05:30,5886.1,5892.35,5886.1,5889.05,903,
2024-12-23 11:08:00+05:30,5889.05,5889.05,5884.65,5885.9,521,
2024-12-23 11:09:00+05:30,5885.9,5888.1,5885.3,5885.35,119,
2024-12-23 11:10:00+05:30,5885.45,5888.2,5885.35,5888.2,123,
2024-12-23 11:11:00+05:30,5888.2,5888.3,5885.4,5885.45,373,
2024-12-23 11:12:00+05:30,5886.15,5887.7,5885.45,5885.65,95,
2024-12-23 11:13:00+05:30,5885.65,5888.3,5885.65,5886.25,283,
2024-12-23 11:14:00+05:30,5886.25,5890,5886.25,5888.3,189,
2024-12-23 11:15:00+05:30,5888.3,5890.9,5888.2,5888.2,185,
2024-12-23 11:16:00+05:30,5888.2,5888.35,5885.15,5888.35,243,
2024-12-23 11:17:00+05:30,5888.35,5890,5887.9,5888.7,154,
2024-12-23 11:18:00+05:30,5888.6,5896.3,5888.3,5894.5,245,
2024-12-23 11:19:00+05:30,5894.5,5896,5893.45,5893.8,290,
2024-12-23 11:20:00+05:30,5894.65,5895.25,5892.3,5894.65,356,
2024-12-23 11:21:00+05:30,5894.6,5895.5,5894.1,5894.35,241,
2024-12-23 11:22:00+05:30,5894.35,5894.35,5888.1,5889,292,
2024-12-23 11:23:00+05:30,5888.65,5891.75,5888.15,5890.15,158,
2024-12-23 11:24:00+05:30,5890.15,5891.85,5888.25,5888.25,303,
2024-12-23 11:25:00+05:30,5888.85,5892.35,5888.85,5890.4,146,
2024-12-23 11:26:00+05:30,5890.4,5893.25,5890.4,5890.65,164,
2024-12-23 11:27:00+05:30,5890.85,5892.55,5890.5,5890.55,261,
2024-12-23 11:28:00+05:30,5890.55,5892.15,5887.9,5889.35,315,
2024-12-23 11:29:00+05:30,5889.35,5892.95,5889.35,5890.45,352,
2024-12-23 11:30:00+05:30,5890.45,5891.95,5890.35,5891.25,175,
2024-12-23 11:31:00+05:30,5891.25,5899,5890.5,5898.45,2162,
2024-12-23 11:32:00+05:30,5895.05,5896.7,5894.05,5894.75,2464,
2024-12-23 11:33:00+05:30,5894.75,5899.75,5892.35,5894.65,1276,
2024-12-23 11:34:00+05:30,5894.65,5896.15,5892.6,5895,730,
2024-12-23 11:35:00+05:30,5895,5896.7,5892.3,5892.3,204,
2024-12-23 11:36:00+05:30,5892.3,5895,5890.95,5891,164,
2024-12-23 11:37:00+05:30,5891,5907.15,5890.15,5903.85,77661,
2024-12-23 11:38:00+05:30,5903.85,5908.45,5903.8,5903.8,611,
2024-12-23 11:39:00+05:30,5903.8,5912,5902.8,5905.6,5778,
2024-12-23 11:40:00+05:30,5905.6,5908.1,5900.05,5901.7,6211,
2024-12-23 11:41:00+05:30,5901.7,5905.9,5899.1,5903.15,463,
2024-12-23 11:42:00+05:30,5903.15,5908.95,5903.15,5905.55,679,
2024-12-23 11:43:00+05:30,5905.55,5909,5905.2,5907.55,344,
2024-12-23 11:44:00+05:30,5907.55,5916.65,5907.55,5913,774,
2024-12-23 11:45:00+05:30,5913,5923.95,5913,5922.65,606,
2024-12-23 11:46:00+05:30,5924,5927,5922.4,5922.4,783,
2024-12-23 11:47:00+05:30,5927.5,5928.15,5921.4,5925,703,
2024-12-23 11:48:00+05:30,5924.9,5925,5911.4,5919,1675,
2024-12-23 11:49:00+05:30,5919,5919,5915,5915,266,
2024-12-23 11:50:00+05:30,5913.05,5913.05,5903.4,5907.05,3697,
2024-12-23 11:51:00+05:30,5907.05,5915.4,5907.05,5912.4,389,
2024-12-23 11:52:00+05:30,5912.4,5918,5912.4,5915.55,386,
2024-12-23 11:53:00+05:30,5915.55,5919,5913,5913,964,
2024-12-23 11:54:00+05:30,5913.1,5918.55,5913.1,5916.7,626,
2024-12-23 11:55:00+05:30,5917.55,5917.6,5911.5,5911.5,440,
2024-12-23 11:56:00+05:30,5911.5,5915.45,5911.35,5914,195,
2024-12-23 11:57:00+05:30,5914,5916.35,5912.9,5914,116,
2024-12-23 11:58:00+05:30,5914,5914,5910.2,5912.45,525,
2024-12-23 11:59:00+05:30,5912.45,5912.45,5903.85,5907,279,
2024-12-23 12:00:00+05:30,5907,5907.45,5900,5900,855,
2024-12-23 12:01:00+05:30,5901,5904.4,5897.3,5897.8,908,
2024-12-23 12:02:00+05:30,5900,5902,5898.05,5901.3,331,
2024-12-23 12:03:00+05:30,5901.3,5906.5,5898.15,5900,560,
2024-12-23 12:04:00+05:30,5900,5900,5895,5899,709,
2024-12-23 12:05:00+05:30,5899.4,5900,5896.8,5899.5,71,
2024-12-23 12:06:00+05:30,5898.45,5901.95,5898.25,5900.7,416,
2024-12-23 12:07:00+05:30,5903.85,5903.85,5898.25,5900,596,
2024-12-23 12:08:00+05:30,5900.65,5900.65,5896.55,5896.55,428,
2024-12-23 12:09:00+05:30,5896.55,5899.1,5895,5897.15,669,
2024-12-23 12:10:00+05:30,5897.8,5900.05,5895,5897.55,387,
2024-12-23 12:11:00+05:30,5897.55,5898.85,5895.55,5897.05,121,
2024-12-23 12:12:00+05:30,5897.05,5898.85,5895,5897.5,190,
2024-12-23 12:13:00+05:30,5897.5,5900.05,5896.7,5896.7,343,
2024-12-23 12:14:00+05:30,5896.7,5899,5896.7,5896.85,58,
2024-12-23 12:15:00+05:30,5896.85,5898,5895.05,5897.65,86,
2024-12-23 12:16:00+05:30,5897.65,5899.95,5896.25,5899.9,285,
2024-12-23 12:17:00+05:30,5898.7,5903.6,5898.7,5903.6,116,
2024-12-23 12:18:00+05:30,5902.7,5904.65,5901.95,5904.15,400,
2024-12-23 12:19:00+05:30,5904.15,5904.3,5902,5904.3,41,
2024-12-23 12:20:00+05:30,5903.85,5905.25,5903.25,5903.3,158,
2024-12-23 12:21:00+05:30,5903.6,5907.95,5903.3,5907.65,182,
2024-12-23 12:22:00+05:30,5905.85,5905.85,5899.95,5900,2219,
2024-12-23 12:23:00+05:30,5901.6,5902.3,5900,5901.5,161,
2024-12-23 12:24:00+05:30,5901.5,5903.95,5901.2,5902.3,297,
2024-12-23 12:25:00+05:30,5902.3,5902.3,5900.05,5900.05,410,
2024-12-23 12:26:00+05:30,5901.7,5902.8,5900.05,5900.05,220,
2024-12-23 12:27:00+05:30,5900.4,5900.65,5895,5897.2,565,
2024-12-23 12:28:00+05:30,5896.05,5897.35,5895,5896,231,
2024-12-23 12:29:00+05:30,5896,5896,5895,5895.1,99,
2024-12-23 12:30:00+05:30,5895.85,5900.85,5895,5899.35,1472,
2024-12-23 12:31:00+05:30,5898.6,5899.45,5895,5896.2,227,
2024-12-23 12:32:00+05:30,5898.45,5902.85,5898.45,5898.75,383,
2024-12-23 12:33:00+05:30,5898.75,5900,5895,5897.7,280,
2024-12-23 12:34:00+05:30,5897.2,5897.55,5895.95,5896,51,
2024-12-23 12:35:00+05:30,5896,5898,5895,5895,473,
2024-12-23 12:36:00+05:30,5896.6,5897.5,5895,5895.4,865,
2024-12-23 12:37:00+05:30,5895.55,5899.95,5895,5897.15,422,
2024-12-23 12:38:00+05:30,5898.1,5898.1,5895,5895,359,
2024-12-23 12:39:00+05:30,5895.85,5897,5895,5895.05,566,
2024-12-23 12:40:00+05:30,5895,5898.95,5895,5898.95,5282,
2024-12-23 12:41:00+05:30,5898.95,5900.45,5897.35,5900,334,
2024-12-23 12:42:00+05:30,5900,5901,5900,5900.55,70,
2024-12-23 12:43:00+05:30,5901.9,5904.6,5901.25,5903.65,202,
2024-12-23 12:44:00+05:30,5903.65,5906,5902.2,5902.25,716,
2024-12-23 12:45:00+05:30,5902.25,5902.25,5900,5900,64,
2024-12-23 12:46:00+05:30,5900,5901.25,5900,5901.25,104,
2024-12-23 12:47:00+05:30,5901.25,5901.9,5899.85,5900.45,114,
2024-12-23 12:48:00+05:30,5900.2,5900.2,5895,5895.85,630,
2024-12-23 12:49:00+05:30,5897.2,5900,5895,5899.8,447,
2024-12-23 12:50:00+05:30,5899.8,5902.1,5899.35,5900.4,11,
2024-12-23 12:51:00+05:30,5900.4,5901.6,5899.65,5900.35,344,
2024-12-23 12:52:00+05:30,5901,5901.6,5899.85,5899.9,124,
2024-12-23 12:53:00+05:30,5900,5900.05,5898.05,5898.6,260,
2024-12-23 12:54:00+05:30,5898.6,5899.85,5898.6,5899.65,65,
2024-12-23 12:55:00+05:30,5899.4,5900.2,5898.7,5900,135,
2024-12-23 12:56:00+05:30,5900,5902,5900,5900.9,115,
2024-12-23 12:57:00+05:30,5900.9,5902,5896.05,5896.2,162,
2024-12-23 12:58:00+05:30,5896.2,5897.5,5895,5895.45,257,
2024-12-23 12:59:00+05:30,5896.2,5900.65,5896.2,5898,150,
2024-12-23 13:00:00+05:30,5898,5901.75,5898,5899.85,214,
2024-12-23 13:01:00+05:30,5899.85,5902,5895,5895,201,
2024-12-23 13:02:00+05:30,5895,5902.05,5895,5899.25,303,
2024-12-23 13:03:00+05:30,5899.25,5900.7,5896.45,5898.65,151,
2024-12-23 13:04:00+05:30,5898.65,5898.65,5895,5897.85,196,
2024-12-23 13:05:00+05:30,5897.85,5899.45,5896.4,5896.65,36,
2024-12-23 13:06:00+05:30,5896.65,5899.4,5896.65,5898,2177,
2024-12-23 13:07:00+05:30,5898.7,5898.7,5881.55,5888.75,54199,
2024-12-23 13:08:00+05:30,5889.25,5889.25,5881,5881,1044,
2024-12-23 13:09:00+05:30,5881,5885.15,5880,5881.75,1021,
2024-12-23 13:10:00+05:30,5881.75,5884.3,5881.75,5881.85,79,
2024-12-23 13:11:00+05:30,5881.85,5883.1,5876.65,5883.1,820,
2024-12-23 13:12:00+05:30,5883,5884.25,5880,5881.45,148,
2024-12-23 13:13:00+05:30,5881.45,5881.45,5876,5876,368,
2024-12-23 13:14:00+05:30,5875.3,5879.9,5874.35,5874.35,765,
2024-12-23 13:15:00+05:30,5877.2,5881.9,5873.45,5879.6,929,
2024-12-23 13:16:00+05:30,5879.35,5879.35,5874.4,5874.5,999,
2024-12-23 13:17:00+05:30,5874.5,5875.65,5872,5872,174,
2024-12-23 13:18:00+05:30,5872,5876,5869.4,5873.4,1056,
2024-12-23 13:19:00+05:30,5874.2,5875.25,5873.4,5874.8,286,
2024-12-23 13:20:00+05:30,5874.8,5901.9,5873.55,5883.3,68,
2024-12-23 13:21:00+05:30,5885.15,5885.15,5874.8,5875,17474,
2024-12-23 13:22:00+05:30,5875,5877,5870,5870.05,1368,
2024-12-23 13:23:00+05:30,5870.05,5877.25,5869.95,5873.5,8376,
2024-12-23 13:24:00+05:30,5873.5,5875.8,5869.3,5869.3,2104,
2024-12-23 13:25:00+05:30,5869.3,5870.55,5869.3,5869.8,536,
2024-12-23 13:26:00+05:30,5869.8,5871.4,5869.65,5869.65,683,
2024-12-23 13:27:00+05:30,5870.1,5880,5869.7,5874.85,992,
2024-12-23 13:28:00+05:30,5874.85,5875.4,5868.65,5868.65,752,
2024-12-23 13:29:00+05:30,5868.65,5869.6,5866.65,5867.95,322,
2024-12-23 13:30:00+05:30,5867.7,5867.7,5856.85,5863.7,1318,
2024-12-23 13:31:00+05:30,5863.95,5863.95,5858.55,5861.2,466,
2024-12-23 13:32:00+05:30,5861.2,5861.2,5855.7,5855.7,293,
2024-12-23 13:33:00+05:30,5855.7,5859.75,5854.45,5858.7,1590,
2024-12-23 13:34:00+05:30,5858.7,5859.35,5854.55,5858,1164,
2024-12-23 13:35:00+05:30,5858,5859.45,5857,5857.05,136,
2024-12-23 13:36:00+05:30,5857,5860,5857,5857.45,455,
2024-12-23 13:37:00+05:30,5857.45,5859.95,5855,5859,452,
2024-12-23 13:38:00+05:30,5859,5867.15,5855.8,5866.6,1181,
2024-12-23 13:39:00+05:30,5865.8,5868.85,5862.8,5867.15,218,
2024-12-23 13:40:00+05:30,5867.9,5871.4,5867.9,5868.15,731,
2024-12-23 13:41:00+05:30,5868.55,5868.55,5865.5,5867,151,
2024-12-23 13:42:00+05:30,5867,5868.8,5865.65,5867.05,155,
2024-12-23 13:43:00+05:30,5866.7,5870,5865.3,5869,306,
2024-12-23 13:44:00+05:30,5869.4,5870.25,5867.85,5870,329,
2024-12-23 13:45:00+05:30,5870,5871.35,5869.8,5870.6,243,
2024-12-23 13:46:00+05:30,5870.45,5871.4,5869.4,5871.35,153,
2024-12-23 13:47:00+05:30,5871.4,5871.4,5869.3,5870,261,
2024-12-23 13:48:00+05:30,5870,5870.7,5869,5870,137,
2024-12-23 13:49:00+05:30,5870,5871.8,5869.6,5869.6,237,
2024-12-23 13:50:00+05:30,5869.6,5871,5869.6,5869.95,131,
2024-12-23 13:51:00+05:30,5869.95,5869.95,5865.6,5865.6,101,
2024-12-23 13:52:00+05:30,5868.55,5870,5866,5869.9,164,
2024-12-23 13:53:00+05:30,5869.9,5870.55,5867.5,5869.55,236,
2024-12-23 13:54:00+05:30,5869.55,5869.85,5867.5,5868.6,89,
2024-12-23 13:55:00+05:30,5868.6,5869.65,5867.7,5869.65,225,
2024-12-23 13:56:00+05:30,5869.65,5871.95,5869.15,5871.35,218,
2024-12-23 13:57:00+05:30,5871.35,5874.9,5869.35,5870.95,889,
2024-12-23 13:58:00+05:30,5870.95,5870.95,5869.55,5870.15,188,
2024-12-23 13:59:00+05:30,5870.15,5870.4,5867.6,5868.75,290,
2024-12-23 14:00:00+05:30,5869.9,5869.95,5866.65,5869.65,290,
2024-12-23 14:01:00+05:30,5869.65,5869.95,5866.45,5867.1,381,
2024-12-23 14:02:00+05:30,5867.1,5869.8,5867.1,5867.6,268,
2024-12-23 14:03:00+05:30,5867.95,5868.95,5866.85,5868.75,131,
2024-12-23 14:04:00+05:30,5868.9,5869,5866.1,5867.8,134,
2024-12-23 14:05:00+05:30,5867.8,5869.2,5867,5868.7,236,
2024-12-23 14:06:00+05:30,5868.75,5869.25,5865,5868.65,635,
2024-12-23 14:07:00+05:30,5869.25,5869.75,5867,5869.35,405,
2024-12-23 14:08:00+05:30,5869.6,5869.6,5866.35,5866.35,197,
2024-12-23 14:09:00+05:30,5867.1,5867.95,5864.5,5865.2,237,
2024-12-23 14:10:00+05:30,5867.8,5869.8,5867.8,5869.45,214,
2024-12-23 14:11:00+05:30,5869.65,5869.8,5865.15,5867.65,318,
2024-12-23 14:12:00+05:30,5867.65,5868.8,5867.65,5868.8,84,
2024-12-23 14:13:00+05:30,5868.65,5870.25,5865.5,5870,944,
2024-12-23 14:14:00+05:30,5870,5871.85,5866.65,5866.9,633,
2024-12-23 14:15:00+05:30,5866.9,5870.1,5866.9,5867.9,139,
2024-12-23 14:16:00+05:30,5868.05,5868.4,5861.1,5861.95,732,
2024-12-23 14:17:00+05:30,5861.95,5863.35,5853.85,5853.9,901,
2024-12-23 14:18:00+05:30,5853.9,5862.35,5853.9,5857.75,779,
2024-12-23 14:19:00+05:30,5857.75,5861.85,5857.75,5861.55,373,
2024-12-23 14:20:00+05:30,5861.55,5862,5856.75,5861.15,419,
2024-12-23 14:21:00+05:30,5861.15,5862,5858.05,5860.95,361,
2024-12-23 14:22:00+05:30,5860.95,5860.95,5856.8,5856.8,148,
2024-12-23 14:23:00+05:30,5858.6,5858.85,5851.5,5853.25,699,
2024-12-23 14:24:00+05:30,5853.25,5855.55,5852.5,5855.55,245,
2024-12-23 14:25:00+05:30,5855.55,5857.6,5855.55,5856.6,78,
2024-12-23 14:26:00+05:30,5856.6,5856.6,5854.85,5854.85,86,
2024-12-23 14:27:00+05:30,5854.85,5857.6,5848.95,5849.7,1817,
2024-12-23 14:28:00+05:30,5851.8,5852.55,5848.55,5850.35,1145,
2024-12-23 14:29:00+05:30,5850.35,5852.8,5848.75,5852,1738,
2024-12-23 14:30:00+05:30,5852,5852,5847.75,5850,409,
2024-12-23 14:31:00+05:30,5850,5850.05,5849.55,5850,333,
2024-12-23 14:32:00+05:30,5850,5850,5849.3,5850,629,
2024-12-23 14:33:00+05:30,5850,5850,5849.9,5850,398,
2024-12-23 14:34:00+05:30,5850,5852.1,5848.3,5848.3,1395,
2024-12-23 14:35:00+05:30,5848.3,5851.1,5848.3,5849.45,256,
2024-12-23 14:36:00+05:30,5849.85,5851.85,5849.3,5851.6,916,
2024-12-23 14:37:00+05:30,5851.6,5851.6,5850,5850.6,242,
2024-12-23 14:38:00+05:30,5850.6,5855.85,5850,5850.3,2513,
2024-12-23 14:39:00+05:30,5852.95,5854.8,5849.8,5850,5412,
2024-12-23 14:40:00+05:30,5850,5857,5849.95,5850.65,7153,
2024-12-23 14:41:00+05:30,5850.65,5854.95,5849.85,5850.05,5559,
2024-12-23 14:42:00+05:30,5850,5850,5850,5850,412,
2024-12-23 14:43:00+05:30,5850,5850,5849.95,5850,342,
2024-12-23 14:44:00+05:30,5850,5850,5846.75,5848.05,533,
2024-12-23 14:45:00+05:30,5848.55,5850,5848.05,5850,321,
2024-12-23 14:46:00+05:30,5850.25,5850.45,5849.9,5850.25,187,
2024-12-23 14:47:00+05:30,5850.25,5850.25,5849.75,5849.75,331,
2024-12-23 14:48:00+05:30,5849.75,5854.85,5846.45,5852.45,2516,
2024-12-23 14:49:00+05:30,5852.45,5852.45,5847.15,5849.05,1023,
2024-12-23 14:50:00+05:30,5849.05,5850.5,5849.05,5850.05,163,
2024-12-23 14:51:00+05:30,5850,5850,5849.65,5849.9,195,
2024-12-23 14:52:00+05:30,5850,5851,5849.95,5850,1178,
2024-12-23 14:53:00+05:30,5850,5850,5849.95,5850,273,
2024-12-23 14:54:00+05:30,5850,5850,5846.25,5847.9,548,
2024-12-23 14:55:00+05:30,5847.9,5850,5847.9,5849,240,
2024-12-23 14:56:00+05:30,5849,5850,5849,5850,139,
2024-12-23 14:57:00+05:30,5850,5852.25,5850,5850.65,1274,
2024-12-23 14:58:00+05:30,5850.65,5850.65,5847.65,5847.65,280,
2024-12-23 14:59:00+05:30,5847.65,5850,5847.55,5847.6,327,
2024-12-23 15:00:00+05:30,5847.7,5851,5847.35,5850.05,1207,
2024-12-23 15:01:00+05:30,5850.1,5850.85,5846.2,5849.35,911,
2024-12-23 15:02:00+05:30,5850,5850,5846.05,5848.85,745,
2024-12-23 15:03:00+05:30,5848.7,5850,5848.7,5849.9,637,
2024-12-23 15:04:00+05:30,5849.25,5853.8,5849.25,5850.7,1423,
2024-12-23 15:05:00+05:30,5851.8,5852.9,5849.1,5851.5,1367,
2024-12-23 15:06:00+05:30,5851.7,5851.7,5849.45,5850.85,825,
2024-12-23 15:07:00+05:30,5850.85,5850.85,5848.45,5850,1040,
2024-12-23 15:08:00+05:30,5850,5853,5849.95,5850,2819,
2024-12-23 15:09:00+05:30,5851.15,5851.15,5849.85,5849.85,574,
2024-12-23 15:10:00+05:30,5849.85,5850.4,5848.4,5850,578,
2024-12-23 15:11:00+05:30,5850,5850.35,5847.05,5850,2047,
2024-12-23 15:12:00+05:30,5850,5853.15,5848.7,5850.05,3474,
2024-12-23 15:13:00+05:30,5851.25,5852,5848.85,5850,3844,
2024-12-23 15:14:00+05:30,5850,5852.8,5849.95,5850.3,5397,
2024-12-23 15:15:00+05:30,5850.8,5853.4,5844.85,5851.95,7237,
2024-12-23 15:16:00+05:30,5852.7,5853.35,5848.6,5850.2,5606,
2024-12-23 15:17:00+05:30,5850.15,5852,5848.3,5851.85,2760,
2024-12-23 15:18:00+05:30,5851.8,5851.85,5848,5849.7,2000,
2024-12-23 15:19:00+05:30,5849.5,5849.95,5849.3,5849.95,622,
2024-12-23 15:20:00+05:30,5849.9,5849.9,5844.85,5844.95,2953,
2024-12-23 15:21:00+05:30,5844.95,5847,5844.9,5847,1429,
2024-12-23 15:22:00+05:30,5846,5847.65,5846,5847.45,1166,
2024-12-23 15:23:00+05:30,5847.45,5848.05,5845,5846.55,813,
2024-12-23 15:24:00+05:30,5846.45,5846.6,5837,5843.7,1889,
2024-12-23 15:25:00+05:30,5843.65,5848.75,5843.5,5848.75,901,
2024-12-23 15:26:00+05:30,5848.7,5850,5845.95,5850,1293,
2024-12-23 15:27:00+05:30,5849,5850,5845.7,5849.5,539,
2024-12-23 15:28:00+05:30,5847.6,5850,5843.6,5844.4,1071,
2024-12-23 15:29:00+05:30,5848.95,5850.7,5844,5850.7,340,
2024-12-24 09:15:00+05:30,5860,5933.05,5824.25,5867.9,6351,
2024-12-24 09:16:00+05:30,5867.9,5876.5,5862.35,5867.4,2614,
2024-12-24 09:17:00+05:30,5868.75,5871.55,5862.45,5863.3,1878,
2024-12-24 09:18:00+05:30,5863.3,5869.7,5855.4,5863.35,4538,
2024-12-24 09:19:00+05:30,5863.4,5867.6,5860,5866.45,1022,
2024-12-24 09:20:00+05:30,5866.45,5869.4,5862.45,5866.4,980,
2024-12-24 09:21:00+05:30,5865.1,5867.8,5862.45,5864.15,397,
2024-12-24 09:22:00+05:30,5864.15,5866.05,5859.3,5860.3,402,
2024-12-24 09:23:00+05:30,5860.3,5865.6,5856.5,5857.4,813,
2024-12-24 09:24:00+05:30,5856.7,5858.35,5850,5850,1106,
2024-12-24 09:25:00+05:30,5850,5850,5838.65,5840.75,1090,
2024-12-24 09:26:00+05:30,5843.2,5847.45,5839.7,5844.85,1370,
2024-12-24 09:27:00+05:30,5841.4,5843.4,5836.85,5840,584,
2024-12-24 09:28:00+05:30,5840,5840,5832.65,5833.65,431,
2024-12-24 09:29:00+05:30,5833.65,5837.7,5833.65,5835.75,237,
2024-12-24 09:30:00+05:30,5835.75,5840.95,5824,5824,1725,
2024-12-24 09:31:00+05:30,5824,5830,5822.45,5827.05,488,
2024-12-24 09:32:00+05:30,5827.05,5827.95,5821.35,5822.35,1304,
2024-12-24 09:33:00+05:30,5822.35,5826.6,5822.35,5825.75,468,
2024-12-24 09:34:00+05:30,5825.75,5825.75,5815.55,5818.5,538,
2024-12-24 09:35:00+05:30,5818.5,5827.75,5816,5825,581,
2024-12-24 09:36:00+05:30,5825,5828.35,5824,5825,607,
2024-12-24 09:37:00+05:30,5825,5826,5816.55,5820.25,638,
2024-12-24 09:38:00+05:30,5820.25,5820.25,5815.55,5815.55,191,
2024-12-24 09:39:00+05:30,5816.8,5816.85,5810.65,5811.15,344,
2024-12-24 09:40:00+05:30,5811.15,5820.35,5811.1,5817.5,380,
2024-12-24 09:41:00+05:30,5816,5818.15,5813.8,5817.35,664,
2024-12-24 09:42:00+05:30,5817.35,5818.15,5813.95,5813.95,207,
2024-12-24 09:43:00+05:30,5813.95,5817.5,5813.95,5817.5,62,
2024-12-24 09:44:00+05:30,5817.5,5820.3,5817.5,5818.15,309,
2024-12-24 09:45:00+05:30,5817,5823.9,5817,5822.25,407,
2024-12-24 09:46:00+05:30,5822.25,5822.25,5813.3,5815.05,518,
2024-12-24 09:47:00+05:30,5815.05,5820,5813.05,5817.9,1797,
2024-12-24 09:48:00+05:30,5817.45,5817.5,5814.75,5816.3,123,
2024-12-24 09:49:00+05:30,5816.3,5816.3,5813,5815.55,128,
2024-12-24 09:50:00+05:30,5815.55,5815.55,5812.85,5815.35,148,
2024-12-24 09:51:00+05:30,5815.35,5817,5812.65,5817,99,
2024-12-24 09:52:00+05:30,5817,5818.45,5813.15,5818.45,213,
2024-12-24 09:53:00+05:30,5820,5820,5817.55,5819,128,
2024-12-24 09:54:00+05:30,5819,5819.95,5817.6,5818,99,
2024-12-24 09:55:00+05:30,5818,5823.5,5818,5820.6,192,
2024-12-24 09:56:00+05:30,5820.55,5823.45,5818,5823.45,597,
2024-12-24 09:57:00+05:30,5824.95,5833.4,5824.95,5830.65,710,
2024-12-24 09:58:00+05:30,5830.65,5832.7,5828.95,5829,775,
2024-12-24 09:59:00+05:30,5830,5831.6,5829.1,5831.6,107,
2024-12-24 10:00:00+05:30,5831.6,5831.6,5829.1,5829.1,52,
2024-12-24 10:01:00+05:30,5829.1,5832.2,5829.1,5831.05,146,
2024-12-24 10:02:00+05:30,5831.05,5832.05,5828.1,5828.2,144,
2024-12-24 10:03:00+05:30,5828.35,5830,5828.35,5830,51,
2024-12-24 10:04:00+05:30,5830,5834.35,5828.5,5834.35,781,
2024-12-24 10:05:00+05:30,5834.35,5836,5834.35,5836,56,
2024-12-24 10:06:00+05:30,5836,5836.1,5832.5,5832.5,617,
2024-12-24 10:07:00+05:30,5832.5,5833.2,5830,5832,234,
2024-12-24 10:08:00+05:30,5832,5833.9,5830.15,5830.8,51,
2024-12-24 10:09:00+05:30,5830.8,5838,5830.8,5832.55,609,
2024-12-24 10:10:00+05:30,5832.55,5836.2,5832.55,5835.15,78,
2024-12-24 10:11:00+05:30,5836,5836.2,5834.3,5836.15,164,
2024-12-24 10:12:00+05:30,5836.15,5836.15,5832.5,5832.5,255,
2024-12-24 10:13:00+05:30,5830,5833.2,5828.55,5833.1,204,
2024-12-24 10:14:00+05:30,5834.2,5834.2,5832.3,5833.2,176,
2024-12-24 10:15:00+05:30,5834,5839.25,5832.5,5839.25,101,
2024-12-24 10:16:00+05:30,5839.25,5842,5839.25,5842,283,
2024-12-24 10:17:00+05:30,5842,5844.95,5842,5844.95,629,
2024-12-24 10:18:00+05:30,5844.95,5844.95,5840.1,5840.1,2081,
2024-12-24 10:19:00+05:30,5840.1,5844.7,5840,5844,993,
2024-12-24 10:20:00+05:30,5844,5845,5844,5844.55,170,
2024-12-24 10:21:00+05:30,5844.55,5844.55,5836.75,5838.5,742,
2024-12-24 10:22:00+05:30,5838.5,5841.5,5838.5,5840,36,
2024-12-24 10:23:00+05:30,5840,5842.5,5838.85,5838.85,87,
2024-12-24 10:24:00+05:30,5838.85,5839.9,5837.3,5839.9,143,
2024-12-24 10:25:00+05:30,5839.9,5840.25,5838.6,5838.6,124,
2024-12-24 10:26:00+05:30,5838.6,5838.6,5833,5835.9,355,
2024-12-24 10:27:00+05:30,5835.9,5841.4,5835.9,5840,805,
2024-12-24 10:28:00+05:30,5840,5840.25,5839.9,5840.15,33,
2024-12-24 10:29:00+05:30,5840.2,5843.65,5840.2,5841.95,89,
2024-12-24 10:30:00+05:30,5841.95,5843.5,5841,5842,71,
2024-12-24 10:31:00+05:30,5842,5843.5,5838.1,5838.3,376,
2024-12-24 10:32:00+05:30,5838.3,5840.35,5837.05,5837.05,414,
2024-12-24 10:33:00+05:30,5836.5,5839.45,5834.55,5836.7,306,
2024-12-24 10:34:00+05:30,5836.7,5842.45,5830.75,5834.95,2625,
2024-12-24 10:35:00+05:30,5834.95,5835.6,5832.55,5835.6,28,
2024-12-24 10:36:00+05:30,5835.6,5837.35,5834.6,5835.65,10,
2024-12-24 10:37:00+05:30,5835.65,5837.4,5835.65,5835.65,9,
2024-12-24 10:38:00+05:30,5835.65,5835.65,5832.35,5833.2,143,
2024-12-24 10:39:00+05:30,5833.2,5835.4,5833.2,5833.2,14,
2024-12-24 10:40:00+05:30,5833.2,5836.6,5833.2,5834.55,223,
2024-12-24 10:41:00+05:30,5834.55,5834.55,5831.25,5831.25,1615,
2024-12-24 10:42:00+05:30,5831.25,5833.9,5831,5832.2,101,
2024-12-24 10:43:00+05:30,5832.2,5835.9,5827.8,5832.7,1190,
2024-12-24 10:44:00+05:30,5833.7,5839.05,5833.7,5837.1,113,
2024-12-24 10:45:00+05:30,5837.1,5839.95,5837.1,5838.05,25,
2024-12-24 10:46:00+05:30,5838.05,5839.5,5838.05,5839.5,115,
2024-12-24 10:47:00+05:30,5839.5,5843.15,5838.8,5843.15,616,
2024-12-24 10:48:00+05:30,5843.15,5846.45,5837.65,5837.65,7826,
2024-12-24 10:49:00+05:30,5837.65,5837.65,5832.3,5833.7,1675,
2024-12-24 10:50:00+05:30,5833.25,5833.25,5831.45,5831.45,254,
2024-12-24 10:51:00+05:30,5831.45,5835,5830.8,5832.2,353,
2024-12-24 10:52:00+05:30,5832.2,5834.85,5829.5,5829.5,1114,
2024-12-24 10:53:00+05:30,5830,5831.7,5830,5830.9,178,
2024-12-24 10:54:00+05:30,5830.9,5832.4,5830,5831.05,116,
2024-12-24 10:55:00+05:30,5831.05,5832.2,5830,5830.55,877,
2024-12-24 10:56:00+05:30,5830.55,5831.5,5827.5,5830,229,
2024-12-24 10:57:00+05:30,5830,5830.5,5828.2,5829.6,195,
2024-12-24 10:58:00+05:30,5829.6,5830.75,5827.6,5830.75,1080,
2024-12-24 10:59:00+05:30,5830.75,5832.1,5830.35,5832.1,54,
2024-12-24 11:00:00+05:30,5832.6,5832.6,5829.9,5832.45,108,
2024-12-24 11:01:00+05:30,5832.45,5835,5832.4,5832.75,86,
2024-12-24 11:02:00+05:30,5832.75,5836.4,5832.75,5833.75,277,
2024-12-24 11:03:00+05:30,5833.75,5834.3,5833.75,5833.75,36,
2024-12-24 11:04:00+05:30,5833.75,5835,5833.75,5834.35,68,
2024-12-24 11:05:00+05:30,5834.35,5835,5834.35,5835,26,
2024-12-24 11:06:00+05:30,5835,5835,5832.05,5832.6,415,
2024-12-24 11:07:00+05:30,5832.6,5835,5832.35,5835,315,
2024-12-24 11:08:00+05:30,5835,5835,5834.05,5835,79,
2024-12-24 11:09:00+05:30,5834.05,5835,5830.1,5835,852,
2024-12-24 11:10:00+05:30,5835,5835,5833,5834.95,127,
2024-12-24 11:11:00+05:30,5834.95,5835,5832.95,5832.95,268,
2024-12-24 11:12:00+05:30,5832.95,5834.9,5832.95,5834.9,41,
2024-12-24 11:13:00+05:30,5834.9,5834.9,5833.85,5833.85,64,
2024-12-24 11:14:00+05:30,5833.85,5834.95,5833.05,5833.85,58,
2024-12-24 11:15:00+05:30,5833.75,5833.75,5831.8,5831.8,203,
2024-12-24 11:16:00+05:30,5831.8,5835,5831.8,5835,66,
2024-12-24 11:17:00+05:30,5835,5835,5832.15,5832.6,54,
2024-12-24 11:18:00+05:30,5832.6,5832.6,5831,5832.4,31,
2024-12-24 11:19:00+05:30,5832.4,5832.4,5832.1,5832.35,34,
2024-12-24 11:20:00+05:30,5832.35,5832.6,5831,5832.6,33,
2024-12-24 11:21:00+05:30,5832.6,5834.35,5831.8,5834.35,56,
2024-12-24 11:22:00+05:30,5832.15,5833.4,5831.9,5831.9,20,
2024-12-24 11:23:00+05:30,5831.9,5833,5831.3,5831.3,30,
2024-12-24 11:24:00+05:30,5831.3,5832.1,5828.3,5831.9,843,
2024-12-24 11:25:00+05:30,5830.15,5830.3,5827.1,5830.3,67,
2024-12-24 11:26:00+05:30,5830.3,5832.95,5827.1,5832.2,136,
2024-12-24 11:27:00+05:30,5832.2,5832.2,5828.55,5828.55,62,
2024-12-24 11:28:00+05:30,5828.55,5831,5828.55,5830,25,
2024-12-24 11:29:00+05:30,5830,5831.15,5828.7,5830,14,
2024-12-24 11:30:00+05:30,5830,5830,5828.75,5828.75,10,
2024-12-24 11:31:00+05:30,5828.75,5830,5828.75,5829.55,34,
2024-12-24 11:32:00+05:30,5829.55,5830,5828.55,5830,93,
2024-12-24 11:33:00+05:30,5830,5830,5829.45,5830,13,
2024-12-24 11:34:00+05:30,5830,5833,5829.4,5832.75,213,
2024-12-24 11:35:00+05:30,5832.75,5835,5832.75,5834.7,395,
2024-12-24 11:36:00+05:30,5834.7,5835,5832.5,5835,518,
2024-12-24 11:37:00+05:30,5835,5835,5834.3,5834.6,361,
2024-12-24 11:38:00+05:30,5834.6,5835,5834.6,5834.95,49,
2024-12-24 11:39:00+05:30,5834.95,5835,5834.6,5834.6,90,
2024-12-24 11:40:00+05:30,5834.6,5838.8,5832.5,5835,2696,
2024-12-24 11:41:00+05:30,5834.6,5844.05,5834.55,5835.1,5702,
2024-12-24 11:42:00+05:30,5835.1,5838.35,5835,5837.45,197,
2024-12-24 11:43:00+05:30,5836.7,5838.35,5834.15,5836.7,634,
2024-12-24 11:44:00+05:30,5836.7,5837.7,5836.7,5836.7,233,
2024-12-24 11:45:00+05:30,5836.7,5839.05,5835.5,5837.1,692,
2024-12-24 11:46:00+05:30,5837.2,5840.4,5835.4,5836.75,1774,
2024-12-24 11:47:00+05:30,5836.8,5838,5834.8,5835.4,806,
2024-12-24 11:48:00+05:30,5837.95,5837.95,5834.55,5834.55,5300,
2024-12-24 11:49:00+05:30,5834.55,5834.7,5831.4,5832.15,631,
2024-12-24 11:50:00+05:30,5832.15,5835,5832.15,5833.95,424,
2024-12-24 11:51:00+05:30,5833.95,5834.7,5832.2,5832.35,45,
2024-12-24 11:52:00+05:30,5832.35,5834.25,5832.2,5834.25,10,
2024-12-24 11:53:00+05:30,5834.25,5835,5834.25,5834.75,338,
2024-12-24 11:54:00+05:30,5834.75,5834.75,5832.75,5833.1,236,
2024-12-24 11:55:00+05:30,5833.1,5833.7,5832.4,5832.4,537,
2024-12-24 11:56:00+05:30,5832.4,5832.5,5832.4,5832.5,3,
2024-12-24 11:57:00+05:30,5832.5,5833,5832.45,5832.45,188,
2024-12-24 11:58:00+05:30,5832.45,5833,5832.4,5832.4,43,
2024-12-24 11:59:00+05:30,5832.4,5833,5832.35,5832.35,114,
2024-12-24 12:00:00+05:30,5832.4,5833,5831,5832.85,1082,
2024-12-24 12:01:00+05:30,5832.6,5832.6,5829.5,5829.5,318,
2024-12-24 12:02:00+05:30,5829.5,5830,5829.25,5829.25,51,
2024-12-24 12:03:00+05:30,5829.25,5830,5828.5,5828.5,42,
2024-12-24 12:04:00+05:30,5828,5828,5823.7,5824.8,878,
2024-12-24 12:05:00+05:30,5824.8,5824.8,5821,5821,193,
2024-12-24 12:06:00+05:30,5822,5822.55,5819.35,5820.5,1682,
2024-12-24 12:07:00+05:30,5820.5,5821.65,5819.15,5821.65,1246,
2024-12-24 12:08:00+05:30,5819.65,5820.25,5819,5819,1053,
2024-12-24 12:09:00+05:30,5819,5819,5815.2,5815.2,426,
2024-12-24 12:10:00+05:30,5815.2,5820.05,5815.2,5820,608,
2024-12-24 12:11:00+05:30,5820,5820.6,5818.25,5820.6,19,
2024-12-24 12:12:00+05:30,5820.6,5820.6,5817.65,5819.9,106,
2024-12-24 12:13:00+05:30,5819.9,5820,5818.05,5819.95,302,
2024-12-24 12:14:00+05:30,5818.9,5820,5817.7,5817.7,174,
2024-12-24 12:15:00+05:30,5817.7,5817.7,5816,5816,147,
2024-12-24 12:16:00+05:30,5816,5818.05,5813.5,5813.5,443,
2024-12-24 12:17:00+05:30,5813.5,5814.75,5811.75,5811.75,578,
2024-12-24 12:18:00+05:30,5811.5,5812,5810,5810.05,644,
2024-12-24 12:19:00+05:30,5810.8,5811.6,5810.05,5811.6,60,
2024-12-24 12:20:00+05:30,5811.6,5811.6,5808,5808,283,
2024-12-24 12:21:00+05:30,5808,5809,5805.1,5805.1,285,
2024-12-24 12:22:00+05:30,5805.1,5808,5804.05,5806.9,1475,
2024-12-24 12:23:00+05:30,5806.9,5810.3,5806.9,5810.3,539,
2024-12-24 12:24:00+05:30,5810.3,5812.4,5810.05,5810.05,133,
2024-12-24 12:25:00+05:30,5806,5806,5802.05,5806,2523,
2024-12-24 12:26:00+05:30,5806,5810.3,5805.5,5806.5,1092,
2024-12-24 12:27:00+05:30,5806.5,5807.7,5805.1,5806.35,34,
2024-12-24 12:28:00+05:30,5806.35,5814.05,5806.05,5814.05,2856,
2024-12-24 12:29:00+05:30,5814.05,5819.7,5814.05,5819.7,257,
2024-12-24 12:30:00+05:30,5819.7,5819.7,5817.15,5819.7,140,
2024-12-24 12:31:00+05:30,5819.7,5820.2,5817.85,5820.2,1213,
2024-12-24 12:32:00+05:30,5820.2,5820.55,5816.85,5820,916,
2024-12-24 12:33:00+05:30,5820,5820.15,5818.9,5818.9,129,
2024-12-24 12:34:00+05:30,5818.9,5820.15,5818.9,5820,53,
2024-12-24 12:35:00+05:30,5820,5820.25,5819.6,5820.25,177,
2024-12-24 12:36:00+05:30,5820.25,5821,5820,5821,111,
2024-12-24 12:37:00+05:30,5821,5825,5821,5822.2,193,
2024-12-24 12:38:00+05:30,5825.25,5827.95,5824.75,5827.3,235,
2024-12-24 12:39:00+05:30,5827.3,5829.2,5825.9,5827.3,107,
2024-12-24 12:40:00+05:30,5827.3,5827.95,5822.85,5826.2,233,
2024-12-24 12:41:00+05:30,5826.2,5826.45,5824.5,5826.2,179,
2024-12-24 12:42:00+05:30,5826.2,5827,5825.9,5827,102,
2024-12-24 12:43:00+05:30,5827,5828.95,5826,5827.25,213,
2024-12-24 12:44:00+05:30,5827.25,5828.7,5827.25,5828.7,104,
2024-12-24 12:45:00+05:30,5828.7,5830,5828,5829.05,284,
2024-12-24 12:46:00+05:30,5829.05,5830.1,5822.8,5826.15,4550,
2024-12-24 12:47:00+05:30,5826.1,5826.6,5824.05,5826.5,54,
2024-12-24 12:48:00+05:30,5826.5,5829.2,5825,5827.75,162,
2024-12-24 12:49:00+05:30,5827.75,5827.75,5823.65,5824.6,185,
2024-12-24 12:50:00+05:30,5824.6,5826.2,5824.1,5826.2,81,
2024-12-24 12:51:00+05:30,5826.2,5827.4,5825.6,5825.6,89,
2024-12-24 12:52:00+05:30,5825.6,5827.75,5825.6,5827.75,76,
2024-12-24 12:53:00+05:30,5827.75,5830.55,5827.75,5830,118,
2024-12-24 12:54:00+05:30,5830.05,5830.05,5827.85,5827.85,251,
2024-12-24 12:55:00+05:30,5827.85,5830.05,5827.85,5830.05,448,
2024-12-24 12:56:00+05:30,5830.05,5830.05,5830,5830,94,
2024-12-24 12:57:00+05:30,5830,5831.65,5829.2,5829.2,492,
2024-12-24 12:58:00+05:30,5829.2,5830,5829.2,5829.2,62,
2024-12-24 12:59:00+05:30,5829.2,5830,5827.6,5827.6,127,
2024-12-24 13:00:00+05:30,5827.6,5830,5827.6,5830,235,
2024-12-24 13:01:00+05:30,5830,5830.6,5829.55,5830,781,
2024-12-24 13:02:00+05:30,5830,5830.6,5828.45,5830,331,
2024-12-24 13:03:00+05:30,5830,5830,5827.3,5827.3,324,
2024-12-24 13:04:00+05:30,5827.3,5830,5827.3,5828.8,144,
2024-12-24 13:05:00+05:30,5828.8,5830,5828.65,5829.4,103,
2024-12-24 13:06:00+05:30,5829.4,5830,5829.4,5829.4,104,
2024-12-24 13:07:00+05:30,5829.4,5830.3,5829.4,5830.3,323,
2024-12-24 13:08:00+05:30,5829.4,5830,5828.95,5829.65,183,
2024-12-24 13:09:00+05:30,5829.65,5830,5829.45,5829.45,191,
2024-12-24 13:10:00+05:30,5829.45,5830,5829.45,5830,67,
2024-12-24 13:11:00+05:30,5830,5830,5828.8,5830,88,
2024-12-24 13:12:00+05:30,5830,5830,5828.9,5829.85,58,
2024-12-24 13:13:00+05:30,5829.85,5829.85,5828.15,5828.15,361,
2024-12-24 13:14:00+05:30,5828.15,5828.9,5828.15,5828.9,49,
2024-12-24 13:15:00+05:30,5828.9,5830.3,5828.9,5829.45,1487,
2024-12-24 13:16:00+05:30,5829.45,5830.9,5828.85,5830.2,3440,
2024-12-24 13:17:00+05:30,5830.2,5831.5,5829.2,5831.15,1269,
2024-12-24 13:18:00+05:30,5831.15,5831.15,5829.95,5830,86,
2024-12-24 13:19:00+05:30,5830,5831,5829.95,5830,906,
2024-12-24 13:20:00+05:30,5830,5832.85,5829.95,5832.85,1833,
2024-12-24 13:21:00+05:30,5832.85,5833.45,5830,5832,4512,
2024-12-24 13:22:00+05:30,5832,5832,5830,5830,957,
2024-12-24 13:23:00+05:30,5829.95,5830,5829.95,5829.95,53,
2024-12-24 13:24:00+05:30,5829.95,5830,5829.95,5830,154,
2024-12-24 13:25:00+05:30,5830,5830,5827.85,5829.45,204,
2024-12-24 13:26:00+05:30,5829.45,5830,5828.2,5830,134,
2024-12-24 13:27:00+05:30,5830,5830,5827.5,5828.1,255,
2024-12-24 13:28:00+05:30,5828.1,5828.9,5826.1,5826.15,84,
2024-12-24 13:29:00+05:30,5826.15,5828.6,5826.15,5828.5,50,
2024-12-24 13:30:00+05:30,5828.5,5830,5826.55,5827.9,78,
2024-12-24 13:31:00+05:30,5827.9,5830,5826.7,5828.15,536,
2024-12-24 13:32:00+05:30,5828.15,5830,5827.4,5830,228,
2024-12-24 13:33:00+05:30,5830,5830,5826.5,5827.25,222,
2024-12-24 13:34:00+05:30,5827.25,5830,5826.75,5827.65,204,
2024-12-24 13:35:00+05:30,5827.65,5830,5827.65,5829.85,142,
2024-12-24 13:36:00+05:30,5829.85,5829.95,5827.65,5829.75,170,
2024-12-24 13:37:00+05:30,5829.75,5829.95,5826.5,5829.9,190,
2024-12-24 13:38:00+05:30,5829.9,5829.9,5826.05,5828.95,531,
2024-12-24 13:39:00+05:30,5829,5829,5826.35,5828,131,
2024-12-24 13:40:00+05:30,5828,5828,5826.5,5827.25,129,
2024-12-24 13:41:00+05:30,5827.25,5828.25,5826.05,5826.3,203,
2024-12-24 13:42:00+05:30,5826.3,5828.25,5824.85,5827.15,503,
2024-12-24 13:43:00+05:30,5828.25,5828.25,5825.25,5828.25,121,
2024-12-24 13:44:00+05:30,5828.25,5828.25,5825.3,5828.25,277,
2024-12-24 13:45:00+05:30,5828.25,5828.4,5825.7,5826.85,236,
2024-12-24 13:46:00+05:30,5826.85,5828.3,5825.3,5827.65,216,
2024-12-24 13:47:00+05:30,5827.65,5827.65,5825.3,5827.5,146,
2024-12-24 13:48:00+05:30,5826.25,5827.2,5824,5826,512,
2024-12-24 13:49:00+05:30,5826,5826,5823.35,5825.7,266,
2024-12-24 13:50:00+05:30,5825.7,5825.85,5823,5825.5,924,
2024-12-24 13:51:00+05:30,5825.5,5826,5824.1,5826,203,
2024-12-24 13:52:00+05:30,5827.45,5828.4,5824.65,5828.25,187,
2024-12-24 13:53:00+05:30,5828.25,5828.65,5826.55,5828,205,
2024-12-24 13:54:00+05:30,5828,5831.95,5828,5831.95,158,
2024-12-24 13:55:00+05:30,5831.95,5831.95,5825.4,5825.4,306,
2024-12-24 13:56:00+05:30,5825.4,5827.95,5821.55,5827.9,314,
2024-12-24 13:57:00+05:30,5827.9,5827.9,5824.05,5826,225,
2024-12-24 13:58:00+05:30,5826,5826,5824.9,5825.3,258,
2024-12-24 13:59:00+05:30,5825.3,5826,5825.3,5826,222,
2024-12-24 14:00:00+05:30,5826,5826,5821,5821,846,
2024-12-24 14:01:00+05:30,5821,5826,5821,5826,166,
2024-12-24 14:02:00+05:30,5826,5826,5823.35,5825.25,279,
2024-12-24 14:03:00+05:30,5826,5826.5,5824.35,5824.7,154,
2024-12-24 14:04:00+05:30,5826.3,5826.5,5823.55,5825.25,166,
2024-12-24 14:05:00+05:30,5826,5826,5824.3,5824.3,262,
2024-12-24 14:06:00+05:30,5824.3,5825.95,5824.3,5824.4,103,
2024-12-24 14:07:00+05:30,5824.4,5826,5820.15,5821.5,250,
2024-12-24 14:08:00+05:30,5823.15,5823.15,5821,5821,246,
2024-12-24 14:09:00+05:30,5820.1,5821,5819.95,5820.25,190,
2024-12-24 14:10:00+05:30,5820.25,5820.25,5815,5818.45,598,
2024-12-24 14:11:00+05:30,5820.25,5820.25,5816.4,5817.45,400,
2024-12-24 14:12:00+05:30,5818.05,5820,5814.9,5814.95,1872,
2024-12-24 14:13:00+05:30,5814.95,5823.45,5814.95,5823.45,1957,
2024-12-24 14:14:00+05:30,5824.95,5824.95,5821,5824.8,221,
2024-12-24 14:15:00+05:30,5824.9,5826,5823.1,5826,334,
2024-12-24 14:16:00+05:30,5826,5827.6,5823.65,5827.35,248,
2024-12-24 14:17:00+05:30,5827.6,5827.65,5816.75,5818.4,384,
2024-12-24 14:18:00+05:30,5818.75,5818.75,5812.05,5812.05,662,
2024-12-24 14:19:00+05:30,5812.05,5818.55,5812.05,5816.5,234,
2024-12-24 14:20:00+05:30,5816.5,5816.5,5814.7,5816.5,147,
2024-12-24 14:21:00+05:30,5816.5,5819.35,5816.3,5816.55,256,
2024-12-24 14:22:00+05:30,5816.55,5817.1,5811.5,5813.7,221,
2024-12-24 14:23:00+05:30,5814.8,5814.8,5811.45,5814.1,310,
2024-12-24 14:24:00+05:30,5814.1,5815.75,5810,5815.75,364,
2024-12-24 14:25:00+05:30,5815.75,5815.75,5812.15,5813.95,458,
2024-12-24 14:26:00+05:30,5813.95,5814.8,5811.45,5813.35,237,
2024-12-24 14:27:00+05:30,5811.05,5813.7,5808.05,5810.05,515,
2024-12-24 14:28:00+05:30,5810.15,5817.9,5810.05,5815.9,1076,
2024-12-24 14:29:00+05:30,5815.9,5822.2,5815.9,5822.2,681,
2024-12-24 14:30:00+05:30,5822.2,5826.6,5816.2,5822.6,2359,
2024-12-24 14:31:00+05:30,5822,5823.8,5816.65,5821.9,874,
2024-12-24 14:32:00+05:30,5821.9,5821.9,5816.3,5817.25,669,
2024-12-24 14:33:00+05:30,5817.25,5818.75,5815.3,5818.75,500,
2024-12-24 14:34:00+05:30,5818.75,5821.75,5816.5,5820.9,746,
2024-12-24 14:35:00+05:30,5820.9,5825,5819.75,5825,705,
2024-12-24 14:36:00+05:30,5825,5825,5820.45,5823.5,624,
2024-12-24 14:37:00+05:30,5823.55,5825.3,5820.85,5825.25,620,
2024-12-24 14:38:00+05:30,5825.25,5825.25,5816.75,5817.45,1097,
2024-12-24 14:39:00+05:30,5817.45,5821,5816.5,5821,720,
2024-12-24 14:40:00+05:30,5821,5822.75,5820.8,5822.65,544,
2024-12-24 14:41:00+05:30,5822.2,5824.3,5820.05,5824.3,879,
2024-12-24 14:42:00+05:30,5825,5825,5816.4,5818,1144,
2024-12-24 14:43:00+05:30,5818,5818.7,5816.6,5818.3,877,
2024-12-24 14:44:00+05:30,5818.3,5818.65,5817.1,5818.25,852,
2024-12-24 14:45:00+05:30,5818.25,5820.75,5809.7,5814.55,1587,
2024-12-24 14:46:00+05:30,5813.95,5818.7,5809.9,5813.8,1491,
2024-12-24 14:47:00+05:30,5813.8,5819.6,5812.15,5817,772,
2024-12-24 14:48:00+05:30,5818,5820.1,5816.2,5819.3,927,
2024-12-24 14:49:00+05:30,5819.3,5819.9,5812.7,5813.55,2405,
2024-12-24 14:50:00+05:30,5813.55,5817.65,5810,5813.55,1109,
2024-12-24 14:51:00+05:30,5813.55,5814.8,5805,5809.4,967,
2024-12-24 14:52:00+05:30,5811.5,5812.9,5810,5811.9,900,
2024-12-24 14:53:00+05:30,5811.9,5817.8,5810.7,5813.85,1751,
2024-12-24 14:54:00+05:30,5813.85,5815,5809.55,5812.4,1224,
2024-12-24 14:55:00+05:30,5811.9,5812.7,5808.6,5812.6,598,
2024-12-24 14:56:00+05:30,5812.6,5812.85,5802.5,5807.5,646,
2024-12-24 14:57:00+05:30,5807.85,5807.85,5802.55,5806.85,575,
2024-12-24 14:58:00+05:30,5806.85,5808.9,5804.8,5808.35,552,
2024-12-24 14:59:00+05:30,5807.95,5809.35,5787.65,5793.15,3426,
2024-12-24 15:00:00+05:30,5791.55,5799.05,5790,5790,1795,
2024-12-24 15:01:00+05:30,5790.05,5797.8,5787.5,5796.45,1373,
2024-12-24 15:02:00+05:30,5796.45,5801.5,5793.2,5801.15,786,
2024-12-24 15:03:00+05:30,5801.1,5801.3,5796.5,5798.45,598,
2024-12-24 15:04:00+05:30,5800,5805.25,5800,5805.2,805,
2024-12-24 15:05:00+05:30,5805.3,5809.7,5803.8,5808.05,850,
2024-12-24 15:06:00+05:30,5808.05,5808.8,5800,5801.2,1220,
2024-12-24 15:07:00+05:30,5801.2,5802.6,5796.75,5797.25,869,
2024-12-24 15:08:00+05:30,5798.95,5802.7,5798.15,5802,578,
2024-12-24 15:09:00+05:30,5802.7,5802.85,5800.1,5801.75,789,
2024-12-24 15:10:00+05:30,5801.65,5803.05,5800.1,5801.75,1287,
2024-12-24 15:11:00+05:30,5800.95,5802.7,5800.6,5802.4,636,
2024-12-24 15:12:00+05:30,5802.45,5807.7,5797.3,5797.3,1517,
2024-12-24 15:13:00+05:30,5797.3,5798.4,5795.5,5797.3,784,
2024-12-24 15:14:00+05:30,5797.3,5801.35,5797.3,5798,1026,
2024-12-24 15:15:00+05:30,5798,5798.5,5792.05,5794.15,1553,
2024-12-24 15:16:00+05:30,5792.15,5794.1,5788,5790,1627,
2024-12-24 15:17:00+05:30,5790,5794.8,5787.15,5787.15,1813,
2024-12-24 15:18:00+05:30,5787.85,5791.4,5780.1,5780.1,1469,
2024-12-24 15:19:00+05:30,5781.25,5782.15,5777.05,5780.85,1660,
2024-12-24 15:20:00+05:30,5780.85,5780.85,5739.45,5765.45,13117,
2024-12-24 15:21:00+05:30,5768,5776,5764.85,5775.95,3261,
2024-12-24 15:22:00+05:30,5775.95,5779.1,5773.7,5779.1,1584,
2024-12-24 15:23:00+05:30,5779.25,5787.9,5779.25,5787.9,960,
2024-12-24 15:24:00+05:30,5786.8,5789.4,5784.45,5785.75,1932,
2024-12-24 15:25:00+05:30,5785.75,5788,5782.65,5785,2103,
2024-12-24 15:26:00+05:30,5785,5787.85,5782.55,5786.6,1983,
2024-12-24 15:27:00+05:30,5786.6,5789.5,5783.2,5787.85,1946,
2024-12-24 15:28:00+05:30,5787.85,5789,5783.15,5783.85,821,
2024-12-24 15:29:00+05:30,5783.85,5792,5782.65,5783,764,
2024-12-26 09:15:00+05:30,5792,5802.95,5771.8,5790.05,3609,
2024-12-26 09:16:00+05:30,5786.45,5790.15,5785,5786,303,
2024-12-26 09:17:00+05:30,5786,5790.8,5782.35,5790.65,893,
2024-12-26 09:18:00+05:30,5790.1,5792,5787.8,5792,457,
2024-12-26 09:19:00+05:30,5793.95,5796.25,5792.05,5795.05,1999,
2024-12-26 09:20:00+05:30,5797.05,5800.45,5796.95,5800.3,1302,
2024-12-26 09:21:00+05:30,5798.35,5799,5790,5790,239,
2024-12-26 09:22:00+05:30,5790,5792.95,5782.55,5789.25,1324,
2024-12-26 09:23:00+05:30,5789.25,5790.1,5782.7,5782.7,157,
2024-12-26 09:24:00+05:30,5782.7,5787.55,5780.2,5782.15,350,
2024-12-26 09:25:00+05:30,5780.3,5785,5780.15,5780.95,750,
2024-12-26 09:26:00+05:30,5780.95,5783.55,5776,5779,392,
2024-12-26 09:27:00+05:30,5777,5778.95,5776,5777.95,1153,
2024-12-26 09:28:00+05:30,5777.95,5777.95,5770,5771.9,921,
2024-12-26 09:29:00+05:30,5772.9,5772.9,5760,5760,1238,
2024-12-26 09:30:00+05:30,5757.6,5769.15,5755,5762.35,2112,
2024-12-26 09:31:00+05:30,5762.35,5762.8,5755.9,5762.8,1147,
2024-12-26 09:32:00+05:30,5762.8,5763.15,5754.4,5760,972,
2024-12-26 09:33:00+05:30,5760,5760,5745,5747,1327,
2024-12-26 09:34:00+05:30,5747,5751.45,5747,5749.9,152,
2024-12-26 09:35:00+05:30,5749.9,5751.65,5740.8,5748.4,2025,
2024-12-26 09:36:00+05:30,5748.4,5752.05,5745,5750,186,
2024-12-26 09:37:00+05:30,5750,5755,5749.2,5753.65,642,
2024-12-26 09:38:00+05:30,5752,5757,5750.75,5751.7,284,
2024-12-26 09:39:00+05:30,5751.7,5760.95,5751.7,5756.5,691,
2024-12-26 09:40:00+05:30,5756.5,5756.5,5740,5743.1,351,
2024-12-26 09:41:00+05:30,5744.25,5745.75,5740.5,5745.75,264,
2024-12-26 09:42:00+05:30,5745.75,5745.75,5740.15,5741.1,181,
2024-12-26 09:43:00+05:30,5741.1,5744.35,5741.1,5744.35,198,
2024-12-26 09:44:00+05:30,5744.35,5747.9,5742.7,5745.4,714,
2024-12-26 09:45:00+05:30,5745.4,5748.4,5743.7,5747.9,112,
2024-12-26 09:46:00+05:30,5745.35,5751.3,5744.65,5751.3,75,
2024-12-26 09:47:00+05:30,5751.3,5754,5751.25,5752.15,174,
2024-12-26 09:48:00+05:30,5754,5754,5750,5750,363,
2024-12-26 09:49:00+05:30,5750,5752.15,5747,5748.85,165,
2024-12-26 09:50:00+05:30,5748.85,5750.35,5748,5748.2,30,
2024-12-26 09:51:00+05:30,5748.2,5751.65,5748,5750.45,158,
2024-12-26 09:52:00+05:30,5750.45,5750.45,5744.3,5747,123,
2024-12-26 09:53:00+05:30,5748.3,5751.95,5745.2,5751.95,154,
2024-12-26 09:54:00+05:30,5751.95,5756.75,5751.95,5756.75,171,
2024-12-26 09:55:00+05:30,5756.75,5756.75,5748.9,5752.05,245,
2024-12-26 09:56:00+05:30,5752.05,5754.95,5734.5,5734.5,1327,
2024-12-26 09:57:00+05:30,5738.6,5739,5725,5728.05,2398,
2024-12-26 09:58:00+05:30,5728.05,5733.85,5725.1,5725.3,544,
2024-12-26 09:59:00+05:30,5725.7,5729,5725.15,5728.3,179,
2024-12-26 10:00:00+05:30,5728.3,5728.3,5720,5724,633,
2024-12-26 10:01:00+05:30,5724,5724.45,5716.5,5720.85,445,
2024-12-26 10:02:00+05:30,5720.85,5725.35,5720.1,5725.35,234,
2024-12-26 10:03:00+05:30,5725.35,5737.65,5725.35,5735.6,1157,
2024-12-26 10:04:00+05:30,5735.6,5739.6,5735.4,5735.45,545,
2024-12-26 10:05:00+05:30,5735.45,5740.95,5735,5739.15,1063,
2024-12-26 10:06:00+05:30,5737.5,5743.9,5736.15,5742.45,297,
2024-12-26 10:07:00+05:30,5742.45,5747.7,5737.95,5747.7,420,
2024-12-26 10:08:00+05:30,5747.7,5752.45,5744.2,5750,550,
2024-12-26 10:09:00+05:30,5750,5752,5742.15,5746.55,607,
2024-12-26 10:10:00+05:30,5746.55,5749.9,5743,5749.9,142,
2024-12-26 10:11:00+05:30,5747.3,5750,5744.15,5750,343,
2024-12-26 10:12:00+05:30,5752,5752.85,5750,5750.25,291,
2024-12-26 10:13:00+05:30,5752.85,5752.85,5747.9,5751.55,154,
2024-12-26 10:14:00+05:30,5749.5,5758.85,5748.05,5758,636,
2024-12-26 10:15:00+05:30,5758,5760,5750.5,5754.4,734,
2024-12-26 10:16:00+05:30,5754.4,5755.75,5749.6,5755.7,579,
2024-12-26 10:17:00+05:30,5755.7,5757,5754.05,5754.55,134,
2024-12-26 10:18:00+05:30,5751.1,5758,5751.1,5754.75,879,
2024-12-26 10:19:00+05:30,5754.75,5755.95,5753.6,5754,300,
2024-12-26 10:20:00+05:30,5753.6,5755.65,5752,5753.6,230,
2024-12-26 10:21:00+05:30,5753.6,5755.9,5752.35,5755.9,1008,
2024-12-26 10:22:00+05:30,5755.15,5759.75,5751.7,5756.65,818,
2024-12-26 10:23:00+05:30,5756.65,5756.85,5753.6,5753.9,515,
2024-12-26 10:24:00+05:30,5753.9,5754,5753.6,5753.6,10,
2024-12-26 10:25:00+05:30,5753.6,5754.75,5750.85,5754.75,1528,
2024-12-26 10:26:00+05:30,5755.55,5758.9,5753.6,5756.35,254,
2024-12-26 10:27:00+05:30,5756.35,5756.35,5753.6,5756.25,47,
2024-12-26 10:28:00+05:30,5756.25,5756.4,5753.6,5753.6,33,
2024-12-26 10:29:00+05:30,5753.6,5756.9,5753.6,5756.9,143,
2024-12-26 10:30:00+05:30,5756.85,5756.85,5753.6,5753.6,86,
2024-12-26 10:31:00+05:30,5753.6,5755.9,5753.6,5753.65,26,
2024-12-26 10:32:00+05:30,5753.65,5759.45,5753.65,5758.5,348,
2024-12-26 10:33:00+05:30,5759.45,5762.8,5749.55,5753.6,3897,
2024-12-26 10:34:00+05:30,5753.6,5754.05,5750,5753.45,1776,
2024-12-26 10:35:00+05:30,5753.6,5757.85,5751.55,5751.55,790,
2024-12-26 10:36:00+05:30,5751.55,5753.6,5751.55,5753.6,190,
2024-12-26 10:37:00+05:30,5753.6,5754.95,5753.45,5754.95,168,
2024-12-26 10:38:00+05:30,5754.95,5754.95,5751.65,5753.6,224,
2024-12-26 10:39:00+05:30,5753.6,5754.9,5753.6,5753.6,151,
2024-12-26 10:40:00+05:30,5753.6,5754.1,5751.75,5753.6,466,
2024-12-26 10:41:00+05:30,5753.6,5755.9,5750,5753.6,817,
2024-12-26 10:42:00+05:30,5755.6,5755.7,5753.6,5754.75,108,
2024-12-26 10:43:00+05:30,5754.75,5754.85,5753.6,5754.4,247,
2024-12-26 10:44:00+05:30,5754.4,5754.4,5751,5752.6,87,
2024-12-26 10:45:00+05:30,5751.15,5751.5,5747.1,5751.45,286,
2024-12-26 10:46:00+05:30,5751.45,5752.1,5748.45,5751,468,
2024-12-26 10:47:00+05:30,5751,5751.95,5748.45,5751.95,125,
2024-12-26 10:48:00+05:30,5751,5751,5742.4,5745.1,883,
2024-12-26 10:49:00+05:30,5745.1,5746,5743.25,5743.25,161,
2024-12-26 10:50:00+05:30,5743.25,5745.1,5743.25,5745,294,
2024-12-26 10:51:00+05:30,5745,5747.5,5744.9,5745.6,956,
2024-12-26 10:52:00+05:30,5745.6,5746.75,5743.25,5746,312,
2024-12-26 10:53:00+05:30,5746,5750.95,5745.05,5745.25,284,
2024-12-26 10:54:00+05:30,5745.25,5746.55,5743,5743.45,709,
2024-12-26 10:55:00+05:30,5743.45,5746.4,5739.05,5746,1831,
2024-12-26 10:56:00+05:30,5746,5746,5745,5745,20,
2024-12-26 10:57:00+05:30,5745,5749.75,5745,5748.05,564,
2024-12-26 10:58:00+05:30,5748.05,5752.6,5748,5751.7,366,
2024-12-26 10:59:00+05:30,5751.7,5752.25,5749.05,5752.2,67,
2024-12-26 11:00:00+05:30,5752.2,5757,5752.2,5756.45,402,
2024-12-26 11:01:00+05:30,5756.45,5759.95,5755.6,5758.95,81,
2024-12-26 11:02:00+05:30,5758.95,5759.3,5757.5,5759.25,44,
2024-12-26 11:03:00+05:30,5757,5757.5,5751.45,5753.6,228,
2024-12-26 11:04:00+05:30,5753.6,5754,5751.35,5753.35,16,
2024-12-26 11:05:00+05:30,5753.35,5753.35,5748.6,5749,151,
2024-12-26 11:06:00+05:30,5749,5753.45,5749,5751.5,49,
2024-12-26 11:07:00+05:30,5751.5,5755.2,5751.5,5755,76,
2024-12-26 11:08:00+05:30,5755,5758.3,5754.05,5757.65,126,
2024-12-26 11:09:00+05:30,5756.05,5759.7,5754.5,5757.55,190,
2024-12-26 11:10:00+05:30,5757.55,5758.4,5754.25,5754.25,395,
2024-12-26 11:11:00+05:30,5754.25,5759,5751.65,5754.6,295,
2024-12-26 11:12:00+05:30,5754.6,5757.95,5753.25,5753.25,281,
2024-12-26 11:13:00+05:30,5753.25,5755.7,5753.25,5755.7,9,
2024-12-26 11:14:00+05:30,5755.7,5768.25,5755.7,5768.25,640,
2024-12-26 11:15:00+05:30,5768.25,5773.45,5764.85,5770.6,1548,
2024-12-26 11:16:00+05:30,5770.6,5777,5770.6,5775,1874,
2024-12-26 11:17:00+05:30,5775.4,5780,5775.4,5780,236,
2024-12-26 11:18:00+05:30,5780,5781,5777.6,5777.6,632,
2024-12-26 11:19:00+05:30,5777.6,5780.95,5776.1,5780.95,325,
2024-12-26 11:20:00+05:30,5780.95,5782,5780,5780.25,149,
2024-12-26 11:21:00+05:30,5780.25,5786.8,5780.25,5786.45,357,
2024-12-26 11:22:00+05:30,5786.45,5786.45,5782.45,5785.4,101,
2024-12-26 11:23:00+05:30,5785.4,5785.9,5782.55,5782.55,93,
2024-12-26 11:24:00+05:30,5782.55,5786.2,5782.55,5785.05,161,
2024-12-26 11:25:00+05:30,5785.4,5787.65,5785.05,5785.1,63,
2024-12-26 11:26:00+05:30,5785.1,5786,5785.1,5786,61,
2024-12-26 11:27:00+05:30,5785.1,5786.9,5785.1,5786,116,
2024-12-26 11:28:00+05:30,5786,5786,5780.6,5780.6,182,
2024-12-26 11:29:00+05:30,5780.6,5781.95,5775.15,5779.7,621,
2024-12-26 11:30:00+05:30,5780,5780,5777.55,5780,58,
2024-12-26 11:31:00+05:30,5780,5782.2,5779.6,5782.2,27,
2024-12-26 11:32:00+05:30,5782.2,5783.2,5780.55,5782.15,80,
2024-12-26 11:33:00+05:30,5782.15,5782.15,5778.85,5778.9,21,
2024-12-26 11:34:00+05:30,5778.9,5778.95,5778.9,5778.9,16,
2024-12-26 11:35:00+05:30,5778.9,5778.9,5775,5776.65,155,
2024-12-26 11:36:00+05:30,5775,5777.95,5775,5777.95,89,
2024-12-26 11:37:00+05:30,5777.95,5778.15,5775,5777,85,
2024-12-26 11:38:00+05:30,5777,5777,5775.4,5775.4,27,
2024-12-26 11:39:00+05:30,5775.4,5777.7,5775.4,5777.3,61,
2024-12-26 11:40:00+05:30,5777.3,5777.3,5771.6,5772.9,1182,
2024-12-26 11:41:00+05:30,5771.7,5775.4,5771.55,5775.4,108,
2024-12-26 11:42:00+05:30,5775.4,5775.85,5773,5774.15,46,
2024-12-26 11:43:00+05:30,5774.15,5784.7,5774.15,5784.25,1359,
2024-12-26 11:44:00+05:30,5784.25,5784.25,5781.4,5782.5,114,
2024-12-26 11:45:00+05:30,5782.5,5782.75,5781,5781,12,
2024-12-26 11:46:00+05:30,5781,5782.3,5780.95,5781.25,184,
2024-12-26 11:47:00+05:30,5781.3,5789.9,5781.25,5786.6,879,
2024-12-26 11:48:00+05:30,5786.6,5789.95,5786.6,5787.1,175,
2024-12-26 11:49:00+05:30,5787.1,5790,5786.9,5788.05,154,
2024-12-26 11:50:00+05:30,5789.8,5790,5788.05,5789.75,708,
2024-12-26 11:51:00+05:30,5790,5792.15,5789.05,5792.15,650,
2024-12-26 11:52:00+05:30,5792.15,5792.15,5789,5791.3,234,
2024-12-26 11:53:00+05:30,5791.3,5791.3,5787.1,5787.25,269,
2024-12-26 11:54:00+05:30,5787.25,5790.8,5787,5787.45,91,
2024-12-26 11:55:00+05:30,5787.45,5790,5787.4,5789.95,51,
2024-12-26 11:56:00+05:30,5789.95,5791.6,5789.95,5791.6,125,
2024-12-26 11:57:00+05:30,5791.6,5791.6,5788.75,5791.35,46,
2024-12-26 11:58:00+05:30,5788.85,5790.7,5785.5,5786,94,
2024-12-26 11:59:00+05:30,5786,5787.1,5780.2,5780.55,506,
2024-12-26 12:00:00+05:30,5780.55,5786.3,5780.55,5786.3,90,
2024-12-26 12:01:00+05:30,5786.3,5786.3,5780.1,5780.85,571,
2024-12-26 12:02:00+05:30,5780.85,5780.85,5778.2,5778.75,37,
2024-12-26 12:03:00+05:30,5778.75,5780.95,5777,5777,32,
2024-12-26 12:04:00+05:30,5777,5778,5776.15,5777.2,320,
2024-12-26 12:05:00+05:30,5777.2,5779.5,5777,5777.1,16,
2024-12-26 12:06:00+05:30,5777.1,5780,5777,5780,14,
2024-12-26 12:07:00+05:30,5780,5780,5777.45,5777.75,83,
2024-12-26 12:08:00+05:30,5777.75,5780.95,5777.6,5780.95,42,
2024-12-26 12:09:00+05:30,5780,5781,5778.35,5781,37,
2024-12-26 12:10:00+05:30,5781,5782.35,5780.3,5780.4,29,
2024-12-26 12:11:00+05:30,5780.35,5783.55,5780.35,5782,117,
2024-12-26 12:12:00+05:30,5783.1,5783.1,5780,5780,96,
2024-12-26 12:13:00+05:30,5782.55,5785.35,5779.9,5779.9,81,
2024-12-26 12:14:00+05:30,5779.6,5782.65,5779.6,5781,94,
2024-12-26 12:15:00+05:30,5781,5786.75,5780.95,5784.5,96,
2024-12-26 12:16:00+05:30,5784.5,5786,5783.7,5784.55,42,
2024-12-26 12:17:00+05:30,5784.55,5786,5784.5,5784.65,48,
2024-12-26 12:18:00+05:30,5784.65,5787.95,5784.5,5786,213,
2024-12-26 12:19:00+05:30,5786,5787.5,5784.5,5784.6,34,
2024-12-26 12:20:00+05:30,5784.75,5786.3,5784.5,5786.3,33,
2024-12-26 12:21:00+05:30,5786.3,5786.3,5782.8,5782.85,20,
2024-12-26 12:22:00+05:30,5782.85,5785,5782.85,5785,78,
2024-12-26 12:23:00+05:30,5785,5785,5782.85,5784.95,38,
2024-12-26 12:24:00+05:30,5784.95,5784.95,5782.85,5783,23,
2024-12-26 12:25:00+05:30,5783,5785.5,5781.05,5785.5,401,
2024-12-26 12:26:00+05:30,5785.7,5786.95,5783.1,5784.95,41,
2024-12-26 12:27:00+05:30,5784.95,5785.95,5782.85,5783.7,49,
2024-12-26 12:28:00+05:30,5783.7,5785.85,5782.9,5785.5,74,
2024-12-26 12:29:00+05:30,5785.5,5785.5,5782.65,5782.7,22,
2024-12-26 12:30:00+05:30,5782.7,5785,5782.6,5785,54,
2024-12-26 12:31:00+05:30,5785,5785.9,5778,5778,47,
2024-12-26 12:32:00+05:30,5778,5778.8,5777,5777,542,
2024-12-26 12:33:00+05:30,5777,5780.9,5777,5778.25,124,
2024-12-26 12:34:00+05:30,5780.7,5784.45,5779.1,5784.4,135,
2024-12-26 12:35:00+05:30,5784.4,5785.6,5778,5780.25,459,
2024-12-26 12:36:00+05:30,5778.55,5780.95,5777.75,5778.4,153,
2024-12-26 12:37:00+05:30,5778.4,5780.65,5777.75,5777.75,76,
2024-12-26 12:38:00+05:30,5777.75,5780,5777.7,5780,244,
2024-12-26 12:39:00+05:30,5781.45,5782,5780,5780,46,
2024-12-26 12:40:00+05:30,5780,5783.8,5780,5781.35,123,
2024-12-26 12:41:00+05:30,5781.35,5783.8,5781.35,5782.8,60,
2024-12-26 12:42:00+05:30,5782.8,5789,5782.8,5786,716,
2024-12-26 12:43:00+05:30,5787.45,5788.2,5786,5787.75,72,
2024-12-26 12:44:00+05:30,5787.75,5788.05,5786,5786.05,164,
2024-12-26 12:45:00+05:30,5786.05,5788.65,5786,5788,139,
2024-12-26 12:46:00+05:30,5788,5788,5786,5786.05,34,
2024-12-26 12:47:00+05:30,5788,5788.95,5786.25,5787,211,
2024-12-26 12:48:00+05:30,5787,5789,5786,5786,39,
2024-12-26 12:49:00+05:30,5786,5788.9,5786,5786.95,102,
2024-12-26 12:50:00+05:30,5786.95,5789,5786.95,5789,1176,
2024-12-26 12:51:00+05:30,5789,5789,5786,5788.1,84,
2024-12-26 12:52:00+05:30,5788.95,5792,5787,5792,618,
2024-12-26 12:53:00+05:30,5790.25,5792,5790.25,5791.95,89,
2024-12-26 12:54:00+05:30,5792,5792,5790.45,5790.45,245,
2024-12-26 12:55:00+05:30,5792,5792,5786,5786.7,411,
2024-12-26 12:56:00+05:30,5789.8,5789.85,5786.8,5787.6,121,
2024-12-26 12:57:00+05:30,5787.6,5791.75,5787.6,5788.3,135,
2024-12-26 12:58:00+05:30,5788.3,5791,5788.3,5791,142,
2024-12-26 12:59:00+05:30,5791,5791,5788.45,5789.55,186,
2024-12-26 13:00:00+05:30,5791,5794.95,5788.95,5794.95,2722,
2024-12-26 13:01:00+05:30,5790.15,5794.85,5790.15,5791.35,467,
2024-12-26 13:02:00+05:30,5791.35,5796.3,5791.35,5793.1,492,
2024-12-26 13:03:00+05:30,5793.1,5796.85,5793,5795.95,112,
2024-12-26 13:04:00+05:30,5795.95,5798.6,5793.85,5795.85,534,
2024-12-26 13:05:00+05:30,5795.85,5797.85,5793.25,5795.95,137,
2024-12-26 13:06:00+05:30,5795.95,5799.1,5795.5,5799.1,180,
2024-12-26 13:07:00+05:30,5799.1,5799.95,5797.8,5799.95,46,
2024-12-26 13:08:00+05:30,5799.95,5801.75,5798.35,5801.4,213,
2024-12-26 13:09:00+05:30,5801.4,5801.4,5797,5800.6,1178,
2024-12-26 13:10:00+05:30,5800.6,5802.95,5798.95,5799.9,263,
2024-12-26 13:11:00+05:30,5801.6,5801.75,5792,5795.25,721,
2024-12-26 13:12:00+05:30,5795.25,5796.9,5793.25,5796.9,38,
2024-12-26 13:13:00+05:30,5796.9,5796.9,5795,5795,87,
2024-12-26 13:14:00+05:30,5795,5797.35,5795,5795.15,163,
2024-12-26 13:15:00+05:30,5795.15,5797.25,5795,5795.15,63,
2024-12-26 13:16:00+05:30,5795.15,5796.95,5795.15,5796.85,32,
2024-12-26 13:17:00+05:30,5795.15,5797.05,5793.95,5794.5,324,
2024-12-26 13:18:00+05:30,5793.95,5793.95,5790.5,5793.65,61,
2024-12-26 13:19:00+05:30,5793.65,5798,5791.4,5798,119,
2024-12-26 13:20:00+05:30,5798,5798.6,5794.9,5795.1,45,
2024-12-26 13:21:00+05:30,5795.1,5798.25,5795.1,5796.3,76,
2024-12-26 13:22:00+05:30,5796.3,5798.9,5796.05,5798.35,35,
2024-12-26 13:23:00+05:30,5798.45,5798.45,5794.7,5794.75,94,
2024-12-26 13:24:00+05:30,5794.75,5797.55,5794.7,5795,34,
2024-12-26 13:25:00+05:30,5795.15,5798.35,5795.05,5795.05,54,
2024-12-26 13:26:00+05:30,5795.1,5797.95,5794,5795.3,75,
2024-12-26 13:27:00+05:30,5796.9,5798.4,5794.9,5796.05,79,
2024-12-26 13:28:00+05:30,5796.05,5798.65,5794.65,5795.95,114,
2024-12-26 13:29:00+05:30,5795.95,5799.65,5795.95,5799.65,66,
2024-12-26 13:30:00+05:30,5799.55,5799.7,5796.95,5797.25,50,
2024-12-26 13:31:00+05:30,5799.7,5799.7,5796.95,5799,68,
2024-12-26 13:32:00+05:30,5799,5799.95,5797.45,5797.85,64,
2024-12-26 13:33:00+05:30,5797.85,5807.15,5797.2,5802.9,811,
2024-12-26 13:34:00+05:30,5803.2,5803.2,5790.1,5794,601,
2024-12-26 13:35:00+05:30,5794,5794,5783.1,5790.95,3035,
2024-12-26 13:36:00+05:30,5790.95,5798.55,5790.95,5798.55,95,
2024-12-26 13:37:00+05:30,5798.55,5799,5786.55,5791.2,977,
2024-12-26 13:38:00+05:30,5789.65,5790,5785.55,5786.65,319,
2024-12-26 13:39:00+05:30,5786.65,5788,5786.2,5788,77,
2024-12-26 13:40:00+05:30,5788,5793,5788,5790.05,216,
2024-12-26 13:41:00+05:30,5790.05,5793.9,5789.45,5790.6,60,
2024-12-26 13:42:00+05:30,5790.6,5795,5790.6,5795,46,
2024-12-26 13:43:00+05:30,5792.5,5798.2,5790.5,5795.8,127,
2024-12-26 13:44:00+05:30,5798.05,5798.5,5795.85,5798.35,60,
2024-12-26 13:45:00+05:30,5798.35,5799.8,5796.85,5799.8,193,
2024-12-26 13:46:00+05:30,5799.9,5800,5798,5798,108,
2024-12-26 13:47:00+05:30,5798,5800,5794.8,5795.65,143,
2024-12-26 13:48:00+05:30,5798.15,5799.65,5794.55,5796.6,114,
2024-12-26 13:49:00+05:30,5795.65,5798.95,5795.5,5798.55,155,
2024-12-26 13:50:00+05:30,5798.55,5798.85,5793.85,5794.05,253,
2024-12-26 13:51:00+05:30,5793.85,5794.05,5788.45,5790.6,222,
2024-12-26 13:52:00+05:30,5790.65,5792.25,5788.6,5789.65,86,
2024-12-26 13:53:00+05:30,5789.6,5794.3,5788.55,5793.25,79,
2024-12-26 13:54:00+05:30,5795.7,5796.15,5793.3,5794.05,104,
2024-12-26 13:55:00+05:30,5797.2,5797.2,5793.05,5795,227,
2024-12-26 13:56:00+05:30,5795,5798.25,5795,5795.05,94,
2024-12-26 13:57:00+05:30,5797.3,5799.8,5794.6,5794.6,183,
2024-12-26 13:58:00+05:30,5799.2,5799.2,5793,5796.55,297,
2024-12-26 13:59:00+05:30,5796.6,5798.1,5793.65,5795.8,200,
2024-12-26 14:00:00+05:30,5795.8,5800,5795.8,5800,76,
2024-12-26 14:01:00+05:30,5800,5800.05,5797.4,5800.05,231,
2024-12-26 14:02:00+05:30,5801.8,5805,5801.25,5802.75,502,
2024-12-26 14:03:00+05:30,5804.8,5804.8,5801.5,5802.5,190,
2024-12-26 14:04:00+05:30,5802.5,5803.8,5799.25,5801.9,588,
2024-12-26 14:05:00+05:30,5801.85,5803.35,5799.95,5801.4,416,
2024-12-26 14:06:00+05:30,5803.95,5805,5800,5804,284,
2024-12-26 14:07:00+05:30,5804,5810,5804,5808.85,563,
2024-12-26 14:08:00+05:30,5808.85,5809.95,5805.25,5807,274,
2024-12-26 14:09:00+05:30,5807,5808.75,5805.6,5806.2,79,
2024-12-26 14:10:00+05:30,5806.2,5809.95,5805,5806.8,521,
2024-12-26 14:11:00+05:30,5808.4,5810,5805,5809.5,973,
2024-12-26 14:12:00+05:30,5809.5,5812.65,5807.9,5812.65,1213,
2024-12-26 14:13:00+05:30,5812.65,5812.75,5808.45,5810.75,944,
2024-12-26 14:14:00+05:30,5810.75,5812.7,5805.75,5805.9,425,
2024-12-26 14:15:00+05:30,5805.9,5810.35,5805.2,5809.9,410,
2024-12-26 14:16:00+05:30,5809.9,5810.35,5806.8,5806.95,301,
2024-12-26 14:17:00+05:30,5806.95,5809.1,5805.3,5806.75,257,
2024-12-26 14:18:00+05:30,5806.75,5809.35,5806.2,5808.55,221,
2024-12-26 14:19:00+05:30,5808.55,5809.3,5804,5806.45,129,
2024-12-26 14:20:00+05:30,5808,5809.35,5805.25,5806,141,
2024-12-26 14:21:00+05:30,5806.8,5810,5806.8,5809.9,62,
2024-12-26 14:22:00+05:30,5809.9,5819.05,5806.05,5819.05,567,
2024-12-26 14:23:00+05:30,5818.8,5819.7,5813.75,5814.15,166,
2024-12-26 14:24:00+05:30,5814.15,5818.65,5812.75,5816.95,224,
2024-12-26 14:25:00+05:30,5816.95,5817.95,5815,5816.85,105,
2024-12-26 14:26:00+05:30,5816.85,5816.85,5812.55,5812.55,106,
2024-12-26 14:27:00+05:30,5815,5816.15,5813.75,5816.15,57,
2024-12-26 14:28:00+05:30,5816.15,5818.35,5815.8,5816,160,
2024-12-26 14:29:00+05:30,5816,5817.9,5814.45,5817.5,306,
2024-12-26 14:30:00+05:30,5816,5817.5,5813.5,5816.9,334,
2024-12-26 14:31:00+05:30,5816.9,5821,5808.7,5810,801,
2024-12-26 14:32:00+05:30,5812.55,5815.7,5811.65,5815.7,133,
2024-12-26 14:33:00+05:30,5815.7,5818.9,5815.7,5817.15,250,
2024-12-26 14:34:00+05:30,5817.15,5819.2,5814.7,5817.6,513,
2024-12-26 14:35:00+05:30,5817.6,5818.35,5815.65,5816.6,338,
2024-12-26 14:36:00+05:30,5816.6,5818.55,5808.1,5813.5,1206,
2024-12-26 14:37:00+05:30,5813.05,5815.55,5813,5813.4,366,
2024-12-26 14:38:00+05:30,5813.4,5817.7,5811.7,5815.5,366,
2024-12-26 14:39:00+05:30,5815.5,5818,5813.15,5816.45,266,
2024-12-26 14:40:00+05:30,5816.45,5817.9,5808.2,5812,789,
2024-12-26 14:41:00+05:30,5814.3,5814.3,5809.2,5811.5,543,
2024-12-26 14:42:00+05:30,5811.5,5815,5811.5,5813.35,228,
2024-12-26 14:43:00+05:30,5811.5,5815.95,5811.5,5815.95,251,
2024-12-26 14:44:00+05:30,5816.15,5816.95,5813,5814.3,384,
2024-12-26 14:45:00+05:30,5814.3,5815.95,5811.15,5815.8,851,
2024-12-26 14:46:00+05:30,5813.2,5816.95,5810.95,5812.4,716,
2024-12-26 14:47:00+05:30,5812.4,5817.8,5812.4,5817.8,209,
2024-12-26 14:48:00+05:30,5816.9,5818,5812.1,5818,245,
2024-12-26 14:49:00+05:30,5818,5818,5811.15,5813.7,479,
2024-12-26 14:50:00+05:30,5813,5816.95,5811.15,5816.95,628,
2024-12-26 14:51:00+05:30,5816.9,5818.4,5814.3,5815,458,
2024-12-26 14:52:00+05:30,5815,5817.35,5811.55,5811.95,510,
2024-12-26 14:53:00+05:30,5812.05,5816.2,5812.05,5812.65,286,
2024-12-26 14:54:00+05:30,5815.75,5818.1,5813,5815.65,179,
2024-12-26 14:55:00+05:30,5817.25,5818.7,5813.05,5817.6,369,
2024-12-26 14:56:00+05:30,5815.25,5819.8,5811.5,5816.6,792,
2024-12-26 14:57:00+05:30,5814.5,5820,5814.5,5820,387,
2024-12-26 14:58:00+05:30,5820,5820,5815.6,5817,491,
2024-12-26 14:59:00+05:30,5817,5818.95,5815.8,5816.25,376,
2024-12-26 15:00:00+05:30,5817.9,5850,5817.4,5850,2222,
2024-12-26 15:01:00+05:30,5851.75,5853.2,5846,5851.6,1248,
2024-12-26 15:02:00+05:30,5851.6,5853,5846.7,5848.45,1074,
2024-12-26 15:03:00+05:30,5848.45,5867.5,5848.45,5863.35,2076,
2024-12-26 15:04:00+05:30,5865,5867.4,5857.5,5864.45,1193,
2024-12-26 15:05:00+05:30,5867.4,5870,5863.05,5865.5,733,
2024-12-26 15:06:00+05:30,5865.45,5872.3,5865.45,5870.2,866,
2024-12-26 15:07:00+05:30,5870.3,5873.1,5863.55,5872.7,1492,
2024-12-26 15:08:00+05:30,5872.7,5879.9,5872.7,5879.9,707,
2024-12-26 15:09:00+05:30,5879.9,5882.9,5876.6,5878.45,1092,
2024-12-26 15:10:00+05:30,5878.45,5882.1,5870,5874.55,988,
2024-12-26 15:11:00+05:30,5874.55,5879.05,5874.3,5877.65,448,
2024-12-26 15:12:00+05:30,5878.95,5879.85,5876.8,5879.2,612,
2024-12-26 15:13:00+05:30,5879.9,5882.9,5879.25,5882,544,
2024-12-26 15:14:00+05:30,5882,5887.95,5880.15,5885.65,1277,
2024-12-26 15:15:00+05:30,5884.15,5889.25,5881.8,5886.6,1058,
2024-12-26 15:16:00+05:30,5887.15,5889.55,5882.4,5889.2,1480,
2024-12-26 15:17:00+05:30,5889.15,5898.25,5888.4,5896.6,1512,
2024-12-26 15:18:00+05:30,5897.4,5899.05,5890.9,5894.95,894,
2024-12-26 15:19:00+05:30,5896,5896.55,5891.1,5896.2,584,
2024-12-26 15:20:00+05:30,5893.3,5900,5891.8,5897.65,2817,
2024-12-26 15:21:00+05:30,5897.1,5899.2,5892.65,5896.4,690,
2024-12-26 15:22:00+05:30,5896.35,5896.65,5892.1,5895.65,694,
2024-12-26 15:23:00+05:30,5895.65,5900,5890.65,5895.65,912,
2024-12-26 15:24:00+05:30,5895,5900.95,5892.05,5896.85,2400,
2024-12-26 15:25:00+05:30,5897.5,5901,5893.6,5897.8,2059,
2024-12-26 15:26:00+05:30,5897.8,5900.35,5895,5898.85,2790,
2024-12-26 15:27:00+05:30,5899.85,5903.1,5895.25,5901.9,4147,
2024-12-26 15:28:00+05:30,5898.15,5905.85,5887,5900.65,5208,
2024-12-26 15:29:00+05:30,5900.65,5922,5896.65,5920,6515,
2024-12-27 09:15:00+05:30,5900,5915.2,5884.6,5884.6,2349,
2024-12-27 09:16:00+05:30,5893.5,5903.95,5884.6,5897.35,1197,
2024-12-27 09:17:00+05:30,5897.35,5901.8,5887.55,5893.45,1321,
2024-12-27 09:18:00+05:30,5893.45,5893.45,5880.55,5884.4,637,
2024-12-27 09:19:00+05:30,5884.4,5885.45,5880,5880.15,423,
2024-12-27 09:20:00+05:30,5882.75,5882.8,5871.35,5873.8,801,
2024-12-27 09:21:00+05:30,5873.8,5884,5873.8,5884,506,
2024-12-27 09:22:00+05:30,5885,5888.1,5883.05,5887.9,340,
2024-12-27 09:23:00+05:30,5885.5,5891.5,5885,5891.15,345,
2024-12-27 09:24:00+05:30,5891.15,5898.65,5891.15,5897.2,421,
2024-12-27 09:25:00+05:30,5894.5,5900.1,5892.8,5892.8,348,
2024-12-27 09:26:00+05:30,5892.8,5894.75,5885.8,5891.75,315,
2024-12-27 09:27:00+05:30,5891.75,5895.8,5890.55,5895.8,217,
2024-12-27 09:28:00+05:30,5895.8,5895.85,5887.35,5892.8,1293,
2024-12-27 09:29:00+05:30,5892.8,5899.85,5892.8,5899.85,700,
2024-12-27 09:30:00+05:30,5899.1,5903.7,5895,5895.35,627,
2024-12-27 09:31:00+05:30,5895.35,5895.9,5892.8,5895.9,194,
2024-12-27 09:32:00+05:30,5895.95,5895.95,5888.1,5888.1,145,
2024-12-27 09:33:00+05:30,5888.1,5894.9,5883.1,5894.9,1318,
2024-12-27 09:34:00+05:30,5894.9,5900,5880,5880.1,1734,
2024-12-27 09:35:00+05:30,5880.1,5885.5,5880,5882.15,168,
2024-12-27 09:36:00+05:30,5882.15,5883.2,5880.25,5882,123,
2024-12-27 09:37:00+05:30,5880.65,5882.7,5880.25,5880.7,24,
2024-12-27 09:38:00+05:30,5880.7,5882.6,5880.25,5882.35,159,
2024-12-27 09:39:00+05:30,5880,5888.65,5880,5881.5,800,
2024-12-27 09:40:00+05:30,5884.2,5890.35,5881,5890.35,389,
2024-12-27 09:41:00+05:30,5888.55,5898.35,5888.55,5895.95,73,
2024-12-27 09:42:00+05:30,5895.95,5910,5895.95,5910,874,
2024-12-27 09:43:00+05:30,5909.95,5912.45,5907.75,5911.45,376,
2024-12-27 09:44:00+05:30,5912.35,5915.9,5907.9,5912.5,434,
2024-12-27 09:45:00+05:30,5912.5,5921.95,5912.15,5912.2,1516,
2024-12-27 09:46:00+05:30,5912.55,5915.35,5908.1,5908.1,562,
2024-12-27 09:47:00+05:30,5908.1,5912.5,5908.1,5911,222,
2024-12-27 09:48:00+05:30,5911,5915.7,5911,5912.55,191,
2024-12-27 09:49:00+05:30,5912.55,5915.2,5911,5911,270,
2024-12-27 09:50:00+05:30,5911,5911,5906,5908.85,819,
2024-12-27 09:51:00+05:30,5908.85,5908.85,5901.3,5903.9,183,
2024-12-27 09:52:00+05:30,5901.1,5902.55,5895.65,5899.15,676,
2024-12-27 09:53:00+05:30,5901.15,5903.95,5900,5901.4,120,
2024-12-27 09:54:00+05:30,5901.55,5905.5,5897.05,5900,235,
2024-12-27 09:55:00+05:30,5900,5904.55,5898.65,5904.5,827,
2024-12-27 09:56:00+05:30,5904.5,5905.05,5898.7,5904.55,197,
2024-12-27 09:57:00+05:30,5905,5907.2,5902.75,5904.95,108,
2024-12-27 09:58:00+05:30,5904.95,5906.2,5902.35,5904.1,128,
2024-12-27 09:59:00+05:30,5904,5909.65,5900.4,5905.15,200,
2024-12-27 10:00:00+05:30,5905.15,5910.75,5902.25,5908.95,394,
2024-12-27 10:01:00+05:30,5908.95,5913.35,5908.85,5912.1,167,
2024-12-27 10:02:00+05:30,5912.1,5912.1,5906.2,5906.2,405,
2024-12-27 10:03:00+05:30,5906.2,5906.2,5900,5900,1377,
2024-12-27 10:04:00+05:30,5900,5900.05,5896.5,5900,445,
2024-12-27 10:05:00+05:30,5900,5910.95,5900,5910,622,
2024-12-27 10:06:00+05:30,5910,5910.4,5908.05,5910.4,279,
2024-12-27 10:07:00+05:30,5910.4,5913.15,5910.05,5910.05,132,
2024-12-27 10:08:00+05:30,5910.05,5910.8,5904.55,5905,164,
2024-12-27 10:09:00+05:30,5905,5907.05,5905,5905.45,18,
2024-12-27 10:10:00+05:30,5905.75,5910.05,5905.75,5908.35,227,
2024-12-27 10:11:00+05:30,5908.35,5910,5905.3,5908.55,555,
2024-12-27 10:12:00+05:30,5908.55,5909.9,5904.9,5907.95,907,
2024-12-27 10:13:00+05:30,5909.2,5911.75,5908.4,5908.4,360,
2024-12-27 10:14:00+05:30,5908.4,5914.25,5908.4,5911.05,266,
2024-12-27 10:15:00+05:30,5911.05,5925,5911.05,5921.45,2377,
2024-12-27 10:16:00+05:30,5921.45,5924.9,5918.3,5923,1219,
2024-12-27 10:17:00+05:30,5924.15,5924.15,5918.6,5922.95,923,
2024-12-27 10:18:00+05:30,5922.95,5924,5922.2,5923.25,182,
2024-12-27 10:19:00+05:30,5923.25,5923.8,5920,5921.05,394,
2024-12-27 10:20:00+05:30,5919.5,5921,5919.3,5919.3,387,
2024-12-27 10:21:00+05:30,5919.3,5922,5916.3,5916.3,198,
2024-12-27 10:22:00+05:30,5916.3,5917.8,5911.1,5911.1,82,
2024-12-27 10:23:00+05:30,5911.1,5913,5911.1,5913,58,
2024-12-27 10:24:00+05:30,5913,5920.65,5912,5915,1208,
2024-12-27 10:25:00+05:30,5915,5921.75,5915,5921.55,179,
2024-12-27 10:26:00+05:30,5921.55,5921.55,5917.85,5920.4,88,
2024-12-27 10:27:00+05:30,5920.4,5920.65,5916.7,5920.65,225,
2024-12-27 10:28:00+05:30,5920.35,5929.45,5920.35,5926.25,540,
2024-12-27 10:29:00+05:30,5926.25,5929.45,5926,5929,351,
2024-12-27 10:30:00+05:30,5929.25,5929.25,5927.4,5929.2,352,
2024-12-27 10:31:00+05:30,5929.2,5934.95,5929.2,5930.2,927,
2024-12-27 10:32:00+05:30,5929.2,5929.9,5925,5925.75,391,
2024-12-27 10:33:00+05:30,5925,5925.7,5922.65,5922.65,305,
2024-12-27 10:34:00+05:30,5922.5,5922.5,5916.75,5918.95,146,
2024-12-27 10:35:00+05:30,5919,5920.35,5913.55,5913.65,962,
2024-12-27 10:36:00+05:30,5913.65,5923,5913.65,5919.55,441,
2024-12-27 10:37:00+05:30,5919.55,5919.55,5915.7,5915.7,17,
2024-12-27 10:38:00+05:30,5915.7,5917.9,5914.3,5914.6,391,
2024-12-27 10:39:00+05:30,5914.6,5920.8,5914.6,5917.2,570,
2024-12-27 10:40:00+05:30,5917.2,5917.2,5915.05,5915.2,71,
2024-12-27 10:41:00+05:30,5915.2,5916.3,5913.35,5915,59,
2024-12-27 10:42:00+05:30,5913.7,5915,5906.05,5908.15,685,
2024-12-27 10:43:00+05:30,5908.15,5914.95,5908.15,5914.95,330,
2024-12-27 10:44:00+05:30,5914.95,5914.95,5909.85,5912.65,1932,
2024-12-27 10:45:00+05:30,5911,5911,5908.05,5909.05,748,
2024-12-27 10:46:00+05:30,5908.85,5910.95,5908.8,5909.7,234,
2024-12-27 10:47:00+05:30,5909.7,5909.7,5905,5905.8,329,
2024-12-27 10:48:00+05:30,5905.8,5907.4,5905,5905.8,134,
2024-12-27 10:49:00+05:30,5905.8,5906,5901.6,5901.6,164,
2024-12-27 10:50:00+05:30,5901.6,5904.85,5901.25,5904,180,
2024-12-27 10:51:00+05:30,5904,5906,5903.25,5905.8,65,
2024-12-27 10:52:00+05:30,5905.8,5905.8,5902.75,5903.1,71,
2024-12-27 10:53:00+05:30,5903.1,5909.4,5903,5908.35,920,
2024-12-27 10:54:00+05:30,5908.35,5908.35,5901.55,5902.35,254,
2024-12-27 10:55:00+05:30,5902.35,5904.35,5902.35,5902.95,65,
2024-12-27 10:56:00+05:30,5902.95,5904,5898.1,5898.2,933,
2024-12-27 10:57:00+05:30,5898.2,5899.65,5898,5898.5,177,
2024-12-27 10:58:00+05:30,5898.5,5898.8,5894.9,5895.9,351,
2024-12-27 10:59:00+05:30,5895.9,5898,5893.05,5894.05,579,
2024-12-27 11:00:00+05:30,5894.1,5894.1,5893.05,5893.65,119,
2024-12-27 11:01:00+05:30,5893.55,5896.3,5893.05,5893.85,227,
2024-12-27 11:02:00+05:30,5893.85,5896.15,5890.1,5892.5,209,
2024-12-27 11:03:00+05:30,5890.35,5895.65,5890,5895.65,415,
2024-12-27 11:04:00+05:30,5895.65,5896.65,5891.1,5891.1,62,
2024-12-27 11:05:00+05:30,5891.1,5895.95,5891.1,5894.15,368,
2024-12-27 11:06:00+05:30,5894.15,5894.15,5891.2,5893.9,132,
2024-12-27 11:07:00+05:30,5893.9,5897.4,5892.9,5893.6,482,
2024-12-27 11:08:00+05:30,5893.55,5897,5893.55,5896.85,137,
2024-12-27 11:09:00+05:30,5896.8,5898.75,5896.8,5897,200,
2024-12-27 11:10:00+05:30,5897,5898.45,5895,5896.5,316,
2024-12-27 11:11:00+05:30,5896.5,5900,5894.95,5897.35,433,
2024-12-27 11:12:00+05:30,5898.4,5898.4,5893.8,5893.8,56,
2024-12-27 11:13:00+05:30,5893.8,5896.25,5891.2,5893.25,76,
2024-12-27 11:14:00+05:30,5893.25,5895.55,5893.25,5893.3,75,
2024-12-27 11:15:00+05:30,5893.3,5900,5893.3,5899.45,392,
2024-12-27 11:16:00+05:30,5899.95,5900,5897.45,5899.6,214,
2024-12-27 11:17:00+05:30,5900,5908.85,5900,5908.85,624,
2024-12-27 11:18:00+05:30,5908.85,5909.55,5906.25,5907.55,147,
2024-12-27 11:19:00+05:30,5907.55,5909.3,5905.9,5907.55,82,
2024-12-27 11:20:00+05:30,5907.55,5911,5906.2,5909.9,345,
2024-12-27 11:21:00+05:30,5909.9,5909.9,5905,5906.8,137,
2024-12-27 11:22:00+05:30,5906.8,5907.45,5901.55,5901.55,88,
2024-12-27 11:23:00+05:30,5901.55,5906.5,5897.55,5901.85,495,
2024-12-27 11:24:00+05:30,5901.85,5901.85,5896.3,5898.2,143,
2024-12-27 11:25:00+05:30,5898.2,5903.7,5898.2,5903.4,84,
2024-12-27 11:26:00+05:30,5903.4,5903.4,5898.2,5898.35,1421,
2024-12-27 11:27:00+05:30,5898.3,5900,5893.55,5893.55,4005,
2024-12-27 11:28:00+05:30,5893.55,5895.1,5891.2,5893.2,333,
2024-12-27 11:29:00+05:30,5893.2,5898.15,5892.7,5892.85,3357,
2024-12-27 11:30:00+05:30,5892.8,5897.5,5891.1,5896.9,309,
2024-12-27 11:31:00+05:30,5896.9,5896.9,5894.9,5896.25,79,
2024-12-27 11:32:00+05:30,5896.25,5896.25,5894,5895.6,243,
2024-12-27 11:33:00+05:30,5895.75,5900,5895,5899.7,1265,
2024-12-27 11:34:00+05:30,5899.3,5902,5896.55,5902,729,
2024-12-27 11:35:00+05:30,5902,5902,5895.4,5895.4,3350,
2024-12-27 11:36:00+05:30,5895.4,5902.6,5895.05,5902.6,110,
2024-12-27 11:37:00+05:30,5902.6,5903.85,5901.05,5903.85,184,
2024-12-27 11:38:00+05:30,5903.85,5903.85,5898.7,5898.7,69,
2024-12-27 11:39:00+05:30,5898.7,5898.7,5895.8,5896.65,195,
2024-12-27 11:40:00+05:30,5896.65,5898.45,5894.85,5898.45,264,
2024-12-27 11:41:00+05:30,5898.45,5899.15,5897.05,5898.15,96,
2024-12-27 11:42:00+05:30,5898.15,5899.65,5897.9,5899.15,101,
2024-12-27 11:43:00+05:30,5899.15,5901.65,5897.1,5898.05,87,
2024-12-27 11:44:00+05:30,5898.05,5898.05,5897.05,5897.1,89,
2024-12-27 11:45:00+05:30,5897.1,5899.3,5897.1,5897.15,53,
2024-12-27 11:46:00+05:30,5897.15,5897.9,5893.6,5894.45,212,
2024-12-27 11:47:00+05:30,5894.35,5896.7,5894.3,5894.7,46,
2024-12-27 11:48:00+05:30,5894.7,5895,5892.05,5894.15,286,
2024-12-27 11:49:00+05:30,5894.15,5894.15,5891.8,5893.6,90,
2024-12-27 11:50:00+05:30,5893.6,5897.6,5893.05,5896.3,253,
2024-12-27 11:51:00+05:30,5896.3,5898,5895.2,5897,149,
2024-12-27 11:52:00+05:30,5897,5897,5895.25,5895.25,44,
2024-12-27 11:53:00+05:30,5895.25,5898.4,5895.25,5897.65,192,
2024-12-27 11:54:00+05:30,5897.65,5898.6,5897.05,5898.2,187,
2024-12-27 11:55:00+05:30,5898.2,5899.95,5898.2,5898.55,102,
2024-12-27 11:56:00+05:30,5898.55,5899.75,5898.55,5899.25,72,
2024-12-27 11:57:00+05:30,5899.65,5902.95,5899.2,5899.2,431,
2024-12-27 11:58:00+05:30,5899.2,5900.75,5896.75,5900.75,320,
2024-12-27 11:59:00+05:30,5900,5900,5896.55,5896.6,76,
2024-12-27 12:00:00+05:30,5896.6,5901.55,5896.35,5896.9,308,
2024-12-27 12:01:00+05:30,5896.9,5898.15,5894.7,5894.7,50,
2024-12-27 12:02:00+05:30,5894.7,5898.55,5894.55,5898.55,80,
2024-12-27 12:03:00+05:30,5898.55,5898.55,5893.9,5894.45,40,
2024-12-27 12:04:00+05:30,5894.45,5897.65,5893.5,5893.5,38,
2024-12-27 12:05:00+05:30,5893.3,5893.65,5893.2,5893.2,23,
2024-12-27 12:06:00+05:30,5893.1,5894.5,5891,5892.05,476,
2024-12-27 12:07:00+05:30,5892.05,5892.05,5891,5891.55,39,
2024-12-27 12:08:00+05:30,5891.65,5892,5887.25,5887.25,795,
2024-12-27 12:09:00+05:30,5886,5887.95,5883.9,5885.5,348,
2024-12-27 12:10:00+05:30,5885.5,5890.6,5884.55,5887.5,212,
2024-12-27 12:11:00+05:30,5887.5,5892,5886.35,5888.3,419,
2024-12-27 12:12:00+05:30,5888.15,5889.7,5885.4,5886.75,391,
2024-12-27 12:13:00+05:30,5886.75,5888.5,5885.5,5885.5,208,
2024-12-27 12:14:00+05:30,5885.5,5888,5885.3,5886.55,160,
2024-12-27 12:15:00+05:30,5886.55,5891.15,5886.25,5891.15,246,
2024-12-27 12:16:00+05:30,5891.15,5891.15,5887.45,5888.1,113,
2024-12-27 12:17:00+05:30,5888.1,5889.85,5888.1,5889.2,68,
2024-12-27 12:18:00+05:30,5889.2,5890.25,5887.75,5887.75,63,
2024-12-27 12:19:00+05:30,5887.75,5889.7,5887.65,5887.65,36,
2024-12-27 12:20:00+05:30,5887.65,5888.25,5887.6,5888.2,199,
2024-12-27 12:21:00+05:30,5888.2,5889.35,5886.05,5886.05,702,
2024-12-27 12:22:00+05:30,5886.05,5888.65,5886.05,5888.65,120,
2024-12-27 12:23:00+05:30,5888.65,5888.65,5886.05,5886.85,105,
2024-12-27 12:24:00+05:30,5886.85,5886.85,5886.5,5886.5,29,
2024-12-27 12:25:00+05:30,5886.5,5887.15,5886.5,5887.1,388,
2024-12-27 12:26:00+05:30,5887.1,5891.5,5887.1,5888.15,221,
2024-12-27 12:27:00+05:30,5888.15,5888.2,5887.65,5888.2,24,
2024-12-27 12:28:00+05:30,5888.2,5889.7,5886.05,5886.6,4263,
2024-12-27 12:29:00+05:30,5886.05,5886.9,5881.9,5883.5,592,
2024-12-27 12:30:00+05:30,5883.5,5885.2,5882.05,5885,102,
2024-12-27 12:31:00+05:30,5884.95,5888.15,5883.55,5888.15,218,
2024-12-27 12:32:00+05:30,5888.15,5894.95,5888.15,5891.9,1594,
2024-12-27 12:33:00+05:30,5891.9,5895.05,5888,5888.1,3078,
2024-12-27 12:34:00+05:30,5888.8,5895.95,5888.8,5892,4895,
2024-12-27 12:35:00+05:30,5892,5892,5889,5891.95,739,
2024-12-27 12:36:00+05:30,5891.95,5892,5890.25,5891.35,109,
2024-12-27 12:37:00+05:30,5891.35,5891.5,5891.35,5891.5,117,
2024-12-27 12:38:00+05:30,5891.5,5896.15,5891,5892.1,1423,
2024-12-27 12:39:00+05:30,5892.1,5894.55,5888.15,5888.15,924,
2024-12-27 12:40:00+05:30,5888.15,5891,5888.15,5891,115,
2024-12-27 12:41:00+05:30,5891,5891,5886.65,5887.25,77,
2024-12-27 12:42:00+05:30,5887.25,5889.95,5887.25,5888.15,86,
2024-12-27 12:43:00+05:30,5888.15,5888.15,5888,5888.15,13,
2024-12-27 12:44:00+05:30,5888.15,5891.85,5888,5891.85,135,
2024-12-27 12:45:00+05:30,5891.85,5891.85,5889.65,5890.7,26,
2024-12-27 12:46:00+05:30,5890.7,5892,5890.7,5891.95,419,
2024-12-27 12:47:00+05:30,5891.95,5892,5890.7,5892,193,
2024-12-27 12:48:00+05:30,5892,5892,5890.4,5891.95,96,
2024-12-27 12:49:00+05:30,5891.95,5892,5889.65,5889.65,56,
2024-12-27 12:50:00+05:30,5889.65,5891.6,5889.65,5889.7,6,
2024-12-27 12:51:00+05:30,5889.7,5889.7,5888,5888,44,
2024-12-27 12:52:00+05:30,5888,5889.1,5888,5888,103,
2024-12-27 12:53:00+05:30,5889.4,5889.6,5885.7,5887,143,
2024-12-27 12:54:00+05:30,5887,5887.75,5887,5887,53,
2024-12-27 12:55:00+05:30,5887,5887,5885,5885,106,
2024-12-27 12:56:00+05:30,5885,5891.4,5885,5891.4,699,
2024-12-27 12:57:00+05:30,5891.4,5891.4,5885.1,5885.4,214,
2024-12-27 12:58:00+05:30,5889.35,5892,5885.9,5891.85,1720,
2024-12-27 12:59:00+05:30,5891.85,5891.95,5888.65,5891.95,266,
2024-12-27 13:00:00+05:30,5897.55,5897.55,5888.45,5888.45,1497,
2024-12-27 13:01:00+05:30,5888.45,5894.9,5888.45,5894.9,931,
2024-12-27 13:02:00+05:30,5894.9,5896.15,5892.55,5894.35,537,
2024-12-27 13:03:00+05:30,5894.35,5894.35,5892.65,5894.2,491,
2024-12-27 13:04:00+05:30,5894.2,5894.25,5892.8,5893,117,
2024-12-27 13:05:00+05:30,5893,5894.5,5892.5,5892.6,208,
2024-12-27 13:06:00+05:30,5892.6,5893.65,5890.9,5891.9,214,
2024-12-27 13:07:00+05:30,5891.9,5891.95,5890.05,5891.95,198,
2024-12-27 13:08:00+05:30,5891.95,5894.4,5887.9,5887.95,408,
2024-12-27 13:09:00+05:30,5887.95,5891.3,5887.95,5890.95,165,
2024-12-27 13:10:00+05:30,5890.95,5890.95,5888.15,5888.8,29,
2024-12-27 13:11:00+05:30,5888.8,5890.65,5888.15,5890.35,196,
2024-12-27 13:12:00+05:30,5890.4,5891.35,5888.8,5888.8,95,
2024-12-27 13:13:00+05:30,5888.8,5893.2,5888.8,5891,357,
2024-12-27 13:14:00+05:30,5891,5891.1,5888.4,5888.4,146,
2024-12-27 13:15:00+05:30,5888.4,5890.15,5888.4,5888.4,91,
2024-12-27 13:16:00+05:30,5888.4,5889.55,5887,5889.55,478,
2024-12-27 13:17:00+05:30,5889.55,5892.05,5889.55,5890.1,244,
2024-12-27 13:18:00+05:30,5890.1,5890.15,5890.1,5890.1,4,
2024-12-27 13:19:00+05:30,5890.1,5892,5889.65,5890.3,673,
2024-12-27 13:20:00+05:30,5890.3,5891.25,5890.3,5891.25,166,
2024-12-27 13:21:00+05:30,5890.45,5892.45,5890.45,5892.2,121,
2024-12-27 13:22:00+05:30,5892.2,5893.4,5891.35,5892.6,245,
2024-12-27 13:23:00+05:30,5892.6,5898.5,5892.6,5896.1,342,
2024-12-27 13:24:00+05:30,5897.75,5900,5897,5899.05,295,
2024-12-27 13:25:00+05:30,5899.05,5900,5899.05,5899.95,216,
2024-12-27 13:26:00+05:30,5899.95,5901.8,5899.95,5899.95,175,
2024-12-27 13:27:00+05:30,5900,5900,5897.4,5897.8,258,
2024-12-27 13:28:00+05:30,5897.8,5900.35,5897.35,5900.35,1007,
2024-12-27 13:29:00+05:30,5900.35,5900.7,5899,5899.9,774,
2024-12-27 13:30:00+05:30,5899.9,5900,5899,5899.9,230,
2024-12-27 13:31:00+05:30,5899.9,5901,5897.3,5897.85,2014,
2024-12-27 13:32:00+05:30,5897.9,5899.85,5896.05,5896.05,365,
2024-12-27 13:33:00+05:30,5896.05,5898.75,5895.85,5896.8,28,
2024-12-27 13:34:00+05:30,5896.8,5898.7,5896.7,5898.25,293,
2024-12-27 13:35:00+05:30,5898.25,5898.65,5896.55,5896.95,124,
2024-12-27 13:36:00+05:30,5896.95,5898.25,5896,5898,88,
2024-12-27 13:37:00+05:30,5898,5898,5895,5897.25,198,
2024-12-27 13:38:00+05:30,5897.25,5898.35,5896.15,5896.75,191,
2024-12-27 13:39:00+05:30,5896.75,5900,5895.85,5897.85,369,
2024-12-27 13:40:00+05:30,5897.85,5900,5896.55,5900,772,
2024-12-27 13:41:00+05:30,5900,5900,5897.45,5897.45,34,
2024-12-27 13:42:00+05:30,5897.45,5899.25,5895.85,5896.8,186,
2024-12-27 13:43:00+05:30,5896.8,5900,5896.8,5899.95,968,
2024-12-27 13:44:00+05:30,5899.95,5900,5895.3,5895.3,364,
2024-12-27 13:45:00+05:30,5897.5,5897.5,5894.05,5894.05,591,
2024-12-27 13:46:00+05:30,5894.05,5896,5894,5894.35,231,
2024-12-27 13:47:00+05:30,5894.35,5894.7,5894.35,5894.7,110,
2024-12-27 13:48:00+05:30,5894.65,5894.65,5890.1,5890.85,298,
2024-12-27 13:49:00+05:30,5890.85,5891.3,5889.15,5889.15,87,
2024-12-27 13:50:00+05:30,5889.15,5893.75,5889.05,5891,341,
2024-12-27 13:51:00+05:30,5891,5891,5889.95,5890.75,95,
2024-12-27 13:52:00+05:30,5890.75,5895.55,5889.2,5892,777,
2024-12-27 13:53:00+05:30,5892,5892.55,5891.6,5892.15,171,
2024-12-27 13:54:00+05:30,5892.1,5894.3,5891.6,5892.2,302,
2024-12-27 13:55:00+05:30,5892.2,5893.65,5891.15,5893.65,100,
2024-12-27 13:56:00+05:30,5893.65,5897.6,5892.1,5895.85,308,
2024-12-27 13:57:00+05:30,5895.85,5899,5894.1,5899,549,
2024-12-27 13:58:00+05:30,5899,5899.5,5896.7,5897.45,550,
2024-12-27 13:59:00+05:30,5897.45,5899.25,5895.3,5897.6,549,
2024-12-27 14:00:00+05:30,5897.6,5899.15,5897,5899.15,380,
2024-12-27 14:01:00+05:30,5899.15,5900,5899.05,5900,710,
2024-12-27 14:02:00+05:30,5900,5900,5897.25,5898.1,495,
2024-12-27 14:03:00+05:30,5898.15,5899,5898.1,5899,135,
2024-12-27 14:04:00+05:30,5899,5899,5890.25,5890.75,5480,
2024-12-27 14:05:00+05:30,5890.75,5890.75,5887.45,5888.6,1202,
2024-12-27 14:06:00+05:30,5888.6,5892,5888.2,5891.95,563,
2024-12-27 14:07:00+05:30,5891.95,5891.95,5891.8,5891.95,67,
2024-12-27 14:08:00+05:30,5891.95,5892.4,5891.95,5892.35,987,
2024-12-27 14:09:00+05:30,5892.35,5892.45,5888.5,5889.9,441,
2024-12-27 14:10:00+05:30,5889.9,5891.3,5888.5,5890.25,478,
2024-12-27 14:11:00+05:30,5890.25,5890.25,5887.5,5888.3,105,
2024-12-27 14:12:00+05:30,5888.3,5889.6,5885.45,5886.95,464,
2024-12-27 14:13:00+05:30,5886.95,5886.95,5885,5885.15,453,
2024-12-27 14:14:00+05:30,5885.15,5887.15,5885.15,5887.1,248,
2024-12-27 14:15:00+05:30,5887.1,5887.1,5886.05,5886.85,220,
2024-12-27 14:16:00+05:30,5886.85,5887.7,5886.45,5887.65,235,
2024-12-27 14:17:00+05:30,5887.65,5888.85,5884.45,5884.45,1141,
2024-12-27 14:18:00+05:30,5885.1,5888.5,5883.25,5885.25,410,
2024-12-27 14:19:00+05:30,5885.25,5885.25,5883.95,5884.2,153,
2024-12-27 14:20:00+05:30,5884.2,5884.2,5880.5,5881.1,493,
2024-12-27 14:21:00+05:30,5881.1,5882.85,5880,5881.2,370,
2024-12-27 14:22:00+05:30,5881.2,5885.55,5880,5880.4,501,
2024-12-27 14:23:00+05:30,5880.4,5884.5,5880,5883.05,722,
2024-12-27 14:24:00+05:30,5883.05,5887,5882.85,5882.85,483,
2024-12-27 14:25:00+05:30,5882.85,5882.85,5877.65,5879,345,
2024-12-27 14:26:00+05:30,5879,5880.5,5879,5880.45,189,
2024-12-27 14:27:00+05:30,5880.45,5881,5879.1,5880,384,
2024-12-27 14:28:00+05:30,5880,5881.55,5879.6,5881.55,297,
2024-12-27 14:29:00+05:30,5881.2,5883,5880,5880.35,397,
2024-12-27 14:30:00+05:30,5880.35,5883.1,5880.1,5883.1,608,
2024-12-27 14:31:00+05:30,5883.1,5884.3,5881.65,5882.1,170,
2024-12-27 14:32:00+05:30,5882.1,5883.25,5881,5883.25,272,
2024-12-27 14:33:00+05:30,5883.9,5886.25,5882.4,5883.95,531,
2024-12-27 14:34:00+05:30,5883.95,5887.8,5883.95,5884.6,400,
2024-12-27 14:35:00+05:30,5884.6,5888.55,5884.25,5884.25,633,
2024-12-27 14:36:00+05:30,5884,5888.9,5882.1,5887.2,287,
2024-12-27 14:37:00+05:30,5887.2,5888.15,5886.55,5887.95,144,
2024-12-27 14:38:00+05:30,5887.95,5888,5886.65,5888,320,
2024-12-27 14:39:00+05:30,5888,5889.9,5886.65,5889.35,274,
2024-12-27 14:40:00+05:30,5889.35,5890.35,5889.35,5889.45,231,
2024-12-27 14:41:00+05:30,5889.45,5889.45,5886.65,5887.15,319,
2024-12-27 14:42:00+05:30,5889.55,5891.85,5887.75,5891.6,199,
2024-12-27 14:43:00+05:30,5891.6,5892.3,5889.65,5889.65,90,
2024-12-27 14:44:00+05:30,5889.7,5890.2,5888.25,5890.1,130,
2024-12-27 14:45:00+05:30,5890.1,5890.15,5888.1,5890.15,58,
2024-12-27 14:46:00+05:30,5889.7,5889.7,5885.15,5885.35,230,
2024-12-27 14:47:00+05:30,5885.35,5887.4,5885.35,5885.65,217,
2024-12-27 14:48:00+05:30,5885.65,5886.9,5885.6,5886.9,109,
2024-12-27 14:49:00+05:30,5886.9,5887.3,5885.15,5885.65,162,
2024-12-27 14:50:00+05:30,5886.6,5886.6,5880,5880.4,913,
2024-12-27 14:51:00+05:30,5880.35,5881.35,5877.5,5880,129,
2024-12-27 14:52:00+05:30,5880,5880,5877.5,5879.45,37,
2024-12-27 14:53:00+05:30,5879.45,5879.45,5874.95,5877.5,203,
2024-12-27 14:54:00+05:30,5877.8,5877.8,5875.25,5877.2,197,
2024-12-27 14:55:00+05:30,5877.2,5878,5875,5877.1,661,
2024-12-27 14:56:00+05:30,5878,5883.7,5878,5882.25,572,
2024-12-27 14:57:00+05:30,5882.25,5884.6,5880.1,5882.4,713,
2024-12-27 14:58:00+05:30,5882.4,5887.95,5882.4,5887.1,757,
2024-12-27 14:59:00+05:30,5886.1,5888.15,5884.45,5884.45,969,
2024-12-27 15:00:00+05:30,5883.45,5887.95,5878.4,5880.05,499,
2024-12-27 15:01:00+05:30,5880.05,5890.65,5880.05,5890,1710,
2024-12-27 15:02:00+05:30,5889.95,5890.55,5889.45,5890,2085,
2024-12-27 15:03:00+05:30,5890,5890.15,5887.95,5890,611,
2024-12-27 15:04:00+05:30,5890.05,5892.55,5889.95,5890,555,
2024-12-27 15:05:00+05:30,5890,5890.6,5889.75,5890,977,
2024-12-27 15:06:00+05:30,5888.15,5890.05,5887.45,5890,1057,
2024-12-27 15:07:00+05:30,5890,5890.05,5887.7,5890,306,
2024-12-27 15:08:00+05:30,5890,5890,5872,5872,1978,
2024-12-27 15:09:00+05:30,5872,5878.95,5872,5876.7,867,
2024-12-27 15:10:00+05:30,5876.6,5878.6,5875,5875,629,
2024-12-27 15:11:00+05:30,5875.05,5875.85,5873.5,5873.7,408,
2024-12-27 15:12:00+05:30,5873.75,5876.35,5872.6,5876.35,877,
2024-12-27 15:13:00+05:30,5875.85,5876.7,5870.15,5876.7,869,
2024-12-27 15:14:00+05:30,5875.45,5879.2,5873,5878.2,589,
2024-12-27 15:15:00+05:30,5878.2,5878.2,5874.35,5875.6,502,
2024-12-27 15:16:00+05:30,5876.7,5878.4,5875,5876.6,540,
2024-12-27 15:17:00+05:30,5876.6,5879.95,5873.95,5879.5,2007,
2024-12-27 15:18:00+05:30,5878.3,5879.6,5872,5875.9,861,
2024-12-27 15:19:00+05:30,5875.9,5878,5874.45,5876.9,772,
2024-12-27 15:20:00+05:30,5876.9,5880,5875.95,5880,906,
2024-12-27 15:21:00+05:30,5879.95,5882.45,5879.95,5882.25,639,
2024-12-27 15:22:00+05:30,5882.2,5882.4,5879.55,5882.05,947,
2024-12-27 15:23:00+05:30,5882.1,5882.9,5880.35,5882.9,1741,
2024-12-27 15:24:00+05:30,5882.6,5883.25,5875.95,5882.35,1325,
2024-12-27 15:25:00+05:30,5882.35,5883.15,5879.85,5880.95,988,
2024-12-27 15:26:00+05:30,5880.95,5880.95,5879.45,5880.2,1480,
2024-12-27 15:27:00+05:30,5880.15,5880.6,5877,5877.7,572,
2024-12-27 15:28:00+05:30,5876.7,5879.7,5872.7,5877.85,984,
2024-12-27 15:29:00+05:30,5882.5,5882.5,5877.9,5881,515,
2024-12-30 09:15:00+05:30,5881.05,5925,5880,5925,2184,
2024-12-30 09:16:00+05:30,5924.2,5928.2,5908.85,5912,1305,
2024-12-30 09:17:00+05:30,5912,5913.9,5906,5910,1883,
2024-12-30 09:18:00+05:30,5910,5912.1,5908.25,5912.1,547,
2024-12-30 09:19:00+05:30,5912.1,5914.8,5909.45,5912.75,1599,
2024-12-30 09:20:00+05:30,5915,5924.7,5915,5921.6,1011,
2024-12-30 09:21:00+05:30,5921.45,5921.45,5916.55,5920.3,682,
2024-12-30 09:22:00+05:30,5918.3,5928.25,5917.75,5928.25,1117,
2024-12-30 09:23:00+05:30,5924.65,5945.4,5924.65,5939.8,2056,
2024-12-30 09:24:00+05:30,5941.95,5943.55,5936,5940.65,1553,
2024-12-30 09:25:00+05:30,5938.5,5945,5932.2,5934.95,1982,
2024-12-30 09:26:00+05:30,5932.9,5937.8,5925,5937.55,1162,
2024-12-30 09:27:00+05:30,5937.55,5946.85,5933.3,5942.35,1367,
2024-12-30 09:28:00+05:30,5942.7,5942.7,5910.2,5912,4569,
2024-12-30 09:29:00+05:30,5911.8,5914.95,5905,5906.65,1903,
2024-12-30 09:30:00+05:30,5906.65,5912.95,5905,5910.3,209,
2024-12-30 09:31:00+05:30,5910.3,5922,5910,5915,1370,
2024-12-30 09:32:00+05:30,5916.95,5925,5916.95,5923.5,891,
2024-12-30 09:33:00+05:30,5923.5,5923.5,5910.3,5910.55,826,
2024-12-30 09:34:00+05:30,5910.55,5922.95,5910.3,5919.15,665,
2024-12-30 09:35:00+05:30,5921.65,5924.95,5917.75,5921.2,1220,
2024-12-30 09:36:00+05:30,5921.2,5924,5919,5924,517,
2024-12-30 09:37:00+05:30,5924,5926,5920,5921.95,719,
2024-12-30 09:38:00+05:30,5921.95,5928.25,5921.95,5923.3,428,
2024-12-30 09:39:00+05:30,5923.3,5923.3,5918,5918,955,
2024-12-30 09:40:00+05:30,5917.5,5917.5,5910,5913.3,749,
2024-12-30 09:41:00+05:30,5915.75,5918.2,5913,5913,257,
2024-12-30 09:42:00+05:30,5913,5920,5911.9,5914.85,229,
2024-12-30 09:43:00+05:30,5913.45,5913.45,5901.8,5903.3,1963,
2024-12-30 09:44:00+05:30,5906.95,5912.75,5906.85,5911.9,765,
2024-12-30 09:45:00+05:30,5911.4,5911.9,5907.3,5909.5,805,
2024-12-30 09:46:00+05:30,5909.5,5911.6,5902.15,5904,1510,
2024-12-30 09:47:00+05:30,5902,5902.95,5894.7,5900.7,2730,
2024-12-30 09:48:00+05:30,5900.7,5906.05,5898.5,5900,943,
2024-12-30 09:49:00+05:30,5900,5903.4,5897.1,5903.4,980,
2024-12-30 09:50:00+05:30,5904,5906.2,5901.35,5901.5,1251,
2024-12-30 09:51:00+05:30,5901.5,5904.85,5897.55,5904.55,452,
2024-12-30 09:52:00+05:30,5904.15,5904.8,5897.6,5904.8,819,
2024-12-30 09:53:00+05:30,5904.8,5906.75,5902.5,5904.55,157,
2024-12-30 09:54:00+05:30,5902.5,5904,5900,5901.75,140,
2024-12-30 09:55:00+05:30,5901.75,5904.2,5901.1,5902,227,
2024-12-30 09:56:00+05:30,5902,5907.8,5902,5906.5,178,
2024-12-30 09:57:00+05:30,5906.5,5907.8,5904,5907.6,495,
2024-12-30 09:58:00+05:30,5906.6,5907,5902.05,5906.5,534,
2024-12-30 09:59:00+05:30,5902,5905.45,5900,5900,291,
2024-12-30 10:00:00+05:30,5900,5907,5900,5906.7,415,
2024-12-30 10:01:00+05:30,5906.7,5913,5906.7,5911.8,1885,
2024-12-30 10:02:00+05:30,5910.5,5914,5910.5,5912.95,104,
2024-12-30 10:03:00+05:30,5913,5925,5913,5923.55,981,
2024-12-30 10:04:00+05:30,5924.95,5927.85,5922.3,5927.85,1858,
2024-12-30 10:05:00+05:30,5925.2,5934.95,5924.9,5934.95,2532,
2024-12-30 10:06:00+05:30,5934.95,5949,5931.55,5942.55,2056,
2024-12-30 10:07:00+05:30,5942.55,5944.05,5936.65,5940.9,1189,
2024-12-30 10:08:00+05:30,5940.9,5945,5937.7,5943.9,1036,
2024-12-30 10:09:00+05:30,5944.3,5944.9,5942.55,5942.65,141,
2024-12-30 10:10:00+05:30,5942.65,5946.25,5942.65,5946.25,1342,
2024-12-30 10:11:00+05:30,5949,5953.5,5945,5945.05,2512,
2024-12-30 10:12:00+05:30,5947,5948.7,5942.55,5942.95,544,
2024-12-30 10:13:00+05:30,5942.95,5945,5942.55,5945,961,
2024-12-30 10:14:00+05:30,5947.75,5948,5942.55,5947.75,815,
2024-12-30 10:15:00+05:30,5947.75,5950,5943.8,5950,665,
2024-12-30 10:16:00+05:30,5949.95,5950,5944.9,5949.1,356,
2024-12-30 10:17:00+05:30,5949.1,5949.7,5944,5945.65,280,
2024-12-30 10:18:00+05:30,5945.1,5946,5942.55,5945.8,333,
2024-12-30 10:19:00+05:30,5945.8,5945.8,5943.8,5945.7,411,
2024-12-30 10:20:00+05:30,5943.8,5948.05,5943.8,5944.9,558,
2024-12-30 10:21:00+05:30,5944.9,5949.7,5944.9,5949.7,269,
2024-12-30 10:22:00+05:30,5949.85,5956.95,5948.2,5956.95,667,
2024-12-30 10:23:00+05:30,5956.95,5958.3,5952.6,5952.6,811,
2024-12-30 10:24:00+05:30,5955.35,5956.3,5942.7,5946.15,5229,
2024-12-30 10:25:00+05:30,5944.25,5948.75,5944,5948.75,655,
2024-12-30 10:26:00+05:30,5948.75,5949,5943.95,5944.6,874,
2024-12-30 10:27:00+05:30,5944.6,5948,5944.6,5947.05,322,
2024-12-30 10:28:00+05:30,5946.55,5946.55,5932.6,5935.2,9645,
2024-12-30 10:29:00+05:30,5936.95,5943.5,5936.95,5938.1,862,
2024-12-30 10:30:00+05:30,5938.1,5939.75,5930,5930.8,11496,
2024-12-30 10:31:00+05:30,5930.8,5937.1,5929.15,5937.1,2866,
2024-12-30 10:32:00+05:30,5937.1,5943.5,5937.1,5943.5,1288,
2024-12-30 10:33:00+05:30,5943.5,5945,5942.55,5943.4,385,
2024-12-30 10:34:00+05:30,5943.4,5946.55,5938.1,5938.1,1322,
2024-12-30 10:35:00+05:30,5935,5937.6,5931.5,5934.45,6094,
2024-12-30 10:36:00+05:30,5934.45,5935,5932.05,5934.95,4188,
2024-12-30 10:37:00+05:30,5934.95,5936,5933.45,5935.85,3125,
2024-12-30 10:38:00+05:30,5935.85,5944.2,5935.85,5942.7,298,
2024-12-30 10:39:00+05:30,5939.25,5940.9,5929.9,5935,11569,
2024-12-30 10:40:00+05:30,5935,5935,5926.35,5934.5,10988,
2024-12-30 10:41:00+05:30,5934.5,5935,5932.4,5932.85,712,
2024-12-30 10:42:00+05:30,5933.65,5939.55,5933.65,5934.95,2084,
2024-12-30 10:43:00+05:30,5934.9,5943.3,5934.85,5943.3,9654,
2024-12-30 10:44:00+05:30,5944.15,5955.95,5944.15,5954.45,1145,
2024-12-30 10:45:00+05:30,5954.45,5955.75,5949,5951.15,1261,
2024-12-30 10:46:00+05:30,5951.15,5953,5941.05,5945,3884,
2024-12-30 10:47:00+05:30,5945,5945,5942.7,5944.9,291,
2024-12-30 10:48:00+05:30,5944.9,5945,5944.25,5945,524,
2024-12-30 10:49:00+05:30,5944.35,5945,5944.3,5944.95,236,
2024-12-30 10:50:00+05:30,5943.9,5944.3,5942.55,5943.95,268,
2024-12-30 10:51:00+05:30,5943.95,5943.95,5942,5942,2554,
2024-12-30 10:52:00+05:30,5940.55,5957.9,5940.55,5954.25,8724,
2024-12-30 10:53:00+05:30,5954.25,5955.2,5950,5950,998,
2024-12-30 10:54:00+05:30,5950,5955,5946.65,5949.5,3104,
2024-12-30 10:55:00+05:30,5949.5,5952.3,5947.75,5950.65,1641,
2024-12-30 10:56:00+05:30,5950.65,5954,5947.5,5950,825,
2024-12-30 10:57:00+05:30,5950,5954.95,5950,5950,2659,
2024-12-30 10:58:00+05:30,5950,5950,5944.55,5947,526,
2024-12-30 10:59:00+05:30,5947,5948.2,5945.55,5946,323,
2024-12-30 11:00:00+05:30,5946.05,5948.7,5943,5945,520,
2024-12-30 11:01:00+05:30,5945,5945,5943,5945,169,
2024-12-30 11:02:00+05:30,5945,5945,5944.8,5945,226,
2024-12-30 11:03:00+05:30,5945,5945,5943.2,5944.85,286,
2024-12-30 11:04:00+05:30,5944.85,5945,5944.85,5945,345,
2024-12-30 11:05:00+05:30,5945,5945,5944,5945,171,
2024-12-30 11:06:00+05:30,5945,5945,5944.2,5944.2,212,
2024-12-30 11:07:00+05:30,5945,5952.35,5944.2,5947.85,1879,
2024-12-30 11:08:00+05:30,5948,5951.45,5946.65,5951.05,151,
2024-12-30 11:09:00+05:30,5951.05,5953.65,5949.6,5952.75,190,
2024-12-30 11:10:00+05:30,5952.55,5957,5950.95,5955.9,421,
2024-12-30 11:11:00+05:30,5955.9,5960,5955.9,5959.75,2663,
2024-12-30 11:12:00+05:30,5959.95,5964.9,5959.95,5964,1650,
2024-12-30 11:13:00+05:30,5964,5964.05,5955.5,5957.5,2686,
2024-12-30 11:14:00+05:30,5957.5,5957.5,5954.7,5956,712,
2024-12-30 11:15:00+05:30,5956,5956.4,5955.1,5955.45,182,
2024-12-30 11:16:00+05:30,5955.1,5955.45,5948.7,5950,429,
2024-12-30 11:17:00+05:30,5950,5950,5948.7,5949.8,590,
2024-12-30 11:18:00+05:30,5949.75,5949.75,5942.55,5944.95,823,
2024-12-30 11:19:00+05:30,5945,5945,5944,5944.65,256,
2024-12-30 11:20:00+05:30,5944.65,5945,5943,5943.05,206,
2024-12-30 11:21:00+05:30,5943.05,5945,5942.55,5945,6802,
2024-12-30 11:22:00+05:30,5945,5945,5944,5945,186,
2024-12-30 11:23:00+05:30,5945,5947.2,5945,5947.2,916,
2024-12-30 11:24:00+05:30,5946.55,5946.55,5942.55,5942.55,597,
2024-12-30 11:25:00+05:30,5943.65,5946.95,5942.55,5946.95,1891,
2024-12-30 11:26:00+05:30,5947,5948,5947,5947.95,780,
2024-12-30 11:27:00+05:30,5947.95,5948,5947.7,5948,275,
2024-12-30 11:28:00+05:30,5948,5948,5946.15,5946.55,238,
2024-12-30 11:29:00+05:30,5946.4,5946.4,5943.55,5944.95,410,
2024-12-30 11:30:00+05:30,5945.65,5946.85,5943.25,5944.3,806,
2024-12-30 11:31:00+05:30,5944.3,5946.8,5944.05,5946.8,166,
2024-12-30 11:32:00+05:30,5947.05,5949,5945,5949,1167,
2024-12-30 11:33:00+05:30,5949,5949,5946.65,5947,157,
2024-12-30 11:34:00+05:30,5947,5948.4,5945.4,5947.65,267,
2024-12-30 11:35:00+05:30,5948.05,5951,5948.05,5951,1580,
2024-12-30 11:36:00+05:30,5951,5952,5946.35,5948.9,594,
2024-12-30 11:37:00+05:30,5949.9,5949.9,5947.15,5949.35,401,
2024-12-30 11:38:00+05:30,5948.65,5948.95,5945,5948.9,255,
2024-12-30 11:39:00+05:30,5948.9,5948.9,5948.3,5948.3,379,
2024-12-30 11:40:00+05:30,5947.5,5948.7,5945.25,5946.65,257,
2024-12-30 11:41:00+05:30,5945,5948.65,5944.2,5946.55,251,
2024-12-30 11:42:00+05:30,5946.35,5946.35,5945.7,5946,602,
2024-12-30 11:43:00+05:30,5946,5946,5942.55,5944.7,766,
2024-12-30 11:44:00+05:30,5944.7,5944.8,5942.55,5944.65,2123,
2024-12-30 11:45:00+05:30,5944.8,5946,5942.55,5944,593,
2024-12-30 11:46:00+05:30,5942.55,5944.75,5942.55,5944.75,1122,
2024-12-30 11:47:00+05:30,5944.75,5946,5944.75,5945.6,623,
2024-12-30 11:48:00+05:30,5945,5945.6,5942.8,5942.8,489,
2024-12-30 11:49:00+05:30,5944.35,5945,5943.15,5945,131,
2024-12-30 11:50:00+05:30,5945,5946,5943,5944.45,624,
2024-12-30 11:51:00+05:30,5945,5945,5942.65,5942.65,327,
2024-12-30 11:52:00+05:30,5943.95,5943.95,5942.55,5943.65,8805,
2024-12-30 11:53:00+05:30,5943.65,5945,5942.65,5942.65,239,
2024-12-30 11:54:00+05:30,5944.35,5944.8,5942.55,5942.55,3447,
2024-12-30 11:55:00+05:30,5943.3,5945,5942.55,5945,216,
2024-12-30 11:56:00+05:30,5945,5945,5935,5938,4568,
2024-12-30 11:57:00+05:30,5939.3,5941.1,5936.1,5939.05,805,
2024-12-30 11:58:00+05:30,5939.05,5942.3,5937.55,5939.35,843,
2024-12-30 11:59:00+05:30,5940.7,5943.75,5940.7,5943.75,392,
2024-12-30 12:00:00+05:30,5943.75,5943.75,5940.7,5941.85,739,
2024-12-30 12:01:00+05:30,5941.85,5942.45,5937.1,5939.85,617,
2024-12-30 12:02:00+05:30,5939.85,5942.5,5939,5940,720,
2024-12-30 12:03:00+05:30,5940.5,5940.5,5937,5940,625,
2024-12-30 12:04:00+05:30,5940,5940,5938.2,5940,681,
2024-12-30 12:05:00+05:30,5940,5940,5939.5,5940,584,
2024-12-30 12:06:00+05:30,5940,5940,5938,5939.75,719,
2024-12-30 12:07:00+05:30,5939.85,5939.85,5936,5939.5,705,
2024-12-30 12:08:00+05:30,5939.7,5941.6,5938,5941.25,536,
2024-12-30 12:09:00+05:30,5941.25,5945,5941.25,5942.55,565,
2024-12-30 12:10:00+05:30,5943.9,5944.75,5940.95,5940.95,828,
2024-12-30 12:11:00+05:30,5940.95,5943.95,5940.8,5942.55,937,
2024-12-30 12:12:00+05:30,5942.5,5942.5,5939.35,5941.95,15053,
2024-12-30 12:13:00+05:30,5942,5952.3,5942,5950.05,2813,
2024-12-30 12:14:00+05:30,5950.1,5951.9,5946.3,5950.4,478,
2024-12-30 12:15:00+05:30,5950.4,5952.5,5944.65,5945.05,544,
2024-12-30 12:16:00+05:30,5945.05,5950.1,5945.05,5948.2,384,
2024-12-30 12:17:00+05:30,5948.2,5950.55,5948.2,5950,321,
2024-12-30 12:18:00+05:30,5950,5950.4,5942.6,5946,1399,
2024-12-30 12:19:00+05:30,5946,5948.8,5945.7,5948.7,205,
2024-12-30 12:20:00+05:30,5947.15,5948.7,5943.8,5944.35,2121,
2024-12-30 12:21:00+05:30,5944.35,5947.5,5944.35,5947.1,248,
2024-12-30 12:22:00+05:30,5947.1,5947.55,5944.35,5947.5,268,
2024-12-30 12:23:00+05:30,5947.5,5947.55,5942,5942.55,5182,
2024-12-30 12:24:00+05:30,5942.55,5946.6,5942.55,5944.4,190,
2024-12-30 12:25:00+05:30,5944.4,5946.45,5943.25,5945.95,239,
2024-12-30 12:26:00+05:30,5945.95,5946.2,5942.6,5942.6,467,
2024-12-30 12:27:00+05:30,5942.6,5945.95,5935.35,5935.35,10216,
2024-12-30 12:28:00+05:30,5935,5940,5935,5939.2,877,
2024-12-30 12:29:00+05:30,5939.2,5940,5935,5938.45,819,
2024-12-30 12:30:00+05:30,5938.45,5939.95,5935,5935.35,975,
2024-12-30 12:31:00+05:30,5935.35,5940,5935.35,5938.35,683,
2024-12-30 12:32:00+05:30,5938.35,5945.2,5938.35,5945.2,3118,
2024-12-30 12:33:00+05:30,5945.2,5945.7,5943.45,5944.25,288,
2024-12-30 12:34:00+05:30,5944.25,5945.9,5942.75,5945,408,
2024-12-30 12:35:00+05:30,5945,5949.3,5945,5948.3,627,
2024-12-30 12:36:00+05:30,5948.3,5949.45,5943.55,5943.6,294,
2024-12-30 12:37:00+05:30,5943.6,5946.6,5942.55,5943,410,
2024-12-30 12:38:00+05:30,5943,5945,5943,5945,289,
2024-12-30 12:39:00+05:30,5945,5945,5940,5940.05,3225,
2024-12-30 12:40:00+05:30,5940.05,5942.8,5940.05,5942.55,923,
2024-12-30 12:41:00+05:30,5942.55,5944.5,5942.1,5943.4,468,
2024-12-30 12:42:00+05:30,5943.4,5945.5,5942.55,5944.25,1211,
2024-12-30 12:43:00+05:30,5944.25,5949,5942.55,5947.4,3022,
2024-12-30 12:44:00+05:30,5947.4,5949.25,5943.35,5943.35,4481,
2024-12-30 12:45:00+05:30,5943.35,5951.2,5943.35,5951.2,5322,
2024-12-30 12:46:00+05:30,5951.2,5961,5951.2,5957.7,2884,
2024-12-30 12:47:00+05:30,5960,5964.9,5959.95,5961.65,1743,
2024-12-30 12:48:00+05:30,5961.65,5969.5,5961.65,5967.95,3344,
2024-12-30 12:49:00+05:30,5967.95,5969.5,5963,5964.8,1677,
2024-12-30 12:50:00+05:30,5964.8,5971.5,5964.8,5971.5,1896,
2024-12-30 12:51:00+05:30,5971.5,5984.15,5967.15,5973.65,6509,
2024-12-30 12:52:00+05:30,5973.65,5974.5,5965,5968,3263,
2024-12-30 12:53:00+05:30,5968,5970,5968,5968.8,2760,
2024-12-30 12:54:00+05:30,5970,5970,5952.1,5952.1,1406,
2024-12-30 12:55:00+05:30,5952.1,5952.1,5943.8,5944.75,848,
2024-12-30 12:56:00+05:30,5944.75,5945.5,5942.55,5942.8,452,
2024-12-30 12:57:00+05:30,5942.8,5948.5,5942.8,5947.4,1435,
2024-12-30 12:58:00+05:30,5947.4,5955,5943.75,5950.05,3171,
2024-12-30 12:59:00+05:30,5949.7,5955.45,5949.7,5953.85,1436,
2024-12-30 13:00:00+05:30,5953.85,5954.4,5951.45,5953,1412,
2024-12-30 13:01:00+05:30,5953,5955,5953,5953,3361,
2024-12-30 13:02:00+05:30,5953,5954.9,5948.45,5949.45,5070,
2024-12-30 13:03:00+05:30,5948.65,5950.5,5946.65,5949.45,6660,
2024-12-30 13:04:00+05:30,5949.45,5955,5948.05,5950,551,
2024-12-30 13:05:00+05:30,5950,5953,5950,5951.95,677,
2024-12-30 13:06:00+05:30,5957.9,5957.9,5950,5950.25,4835,
2024-12-30 13:07:00+05:30,5950.25,5952.75,5950,5950.05,1123,
2024-12-30 13:08:00+05:30,5950.05,5952.55,5950,5952.55,857,
2024-12-30 13:09:00+05:30,5952.55,5952.55,5950,5950,914,
2024-12-30 13:10:00+05:30,5950,5952.5,5950,5950,1307,
2024-12-30 13:11:00+05:30,5950,5951.85,5949.7,5951.25,1626,
2024-12-30 13:12:00+05:30,5951.25,5952,5950,5952,776,
2024-12-30 13:13:00+05:30,5952,5952,5950,5950,794,
2024-12-30 13:14:00+05:30,5950,5952.35,5950,5951.95,1072,
2024-12-30 13:15:00+05:30,5951.95,5952.1,5945,5945,1059,
2024-12-30 13:16:00+05:30,5944.05,5944.9,5943,5943.45,306,
2024-12-30 13:17:00+05:30,5943.45,5945,5943.45,5945,415,
2024-12-30 13:18:00+05:30,5945,5945,5943,5943,279,
2024-12-30 13:19:00+05:30,5943,5945,5943,5944.2,317,
2024-12-30 13:20:00+05:30,5944.35,5945,5944,5944,325,
2024-12-30 13:21:00+05:30,5944,5944,5942.55,5943,989,
2024-12-30 13:22:00+05:30,5943,5946.05,5943,5945.6,1057,
2024-12-30 13:23:00+05:30,5946.65,5946.65,5943.15,5943.25,545,
2024-12-30 13:24:00+05:30,5943.25,5944.95,5943.05,5943.7,264,
2024-12-30 13:25:00+05:30,5943.7,5944.85,5943.6,5943.6,299,
2024-12-30 13:26:00+05:30,5943.6,5945,5942.55,5944.2,2638,
2024-12-30 13:27:00+05:30,5944.2,5945,5943.2,5943.4,559,
2024-12-30 13:28:00+05:30,5943.4,5945,5943.4,5943.7,530,
2024-12-30 13:29:00+05:30,5942.9,5945,5942.55,5942.85,558,
2024-12-30 13:30:00+05:30,5943.55,5945,5942.55,5943.2,398,
2024-12-30 13:31:00+05:30,5943.2,5945,5942.55,5942.55,1398,
2024-12-30 13:32:00+05:30,5942.55,5945,5942.55,5944.65,9396,
2024-12-30 13:33:00+05:30,5944.65,5944.9,5942.55,5942.55,613,
2024-12-30 13:34:00+05:30,5942.55,5944.95,5942.55,5942.55,1385,
2024-12-30 13:35:00+05:30,5942.55,5945,5942.55,5944.95,630,
2024-12-30 13:36:00+05:30,5944.95,5945,5942.65,5943,380,
2024-12-30 13:37:00+05:30,5943,5944.9,5943,5943.15,410,
2024-12-30 13:38:00+05:30,5943.2,5944.9,5943,5943.95,311,
2024-12-30 13:39:00+05:30,5945,5945,5943.65,5943.65,763,
2024-12-30 13:40:00+05:30,5943.65,5945,5942.7,5943.1,561,
2024-12-30 13:41:00+05:30,5945,5945,5943,5943.05,299,
2024-12-30 13:42:00+05:30,5943.95,5944.55,5943.1,5943.35,257,
2024-12-30 13:43:00+05:30,5943.35,5945,5943.25,5943.25,389,
2024-12-30 13:44:00+05:30,5943.25,5945,5943,5944.95,352,
2024-12-30 13:45:00+05:30,5944.95,5944.95,5943,5943.05,549,
2024-12-30 13:46:00+05:30,5943.5,5943.5,5943,5943,2161,
2024-12-30 13:47:00+05:30,5943,5943.5,5942.55,5943,2059,
2024-12-30 13:48:00+05:30,5943.05,5943.8,5943,5943.35,515,
2024-12-30 13:49:00+05:30,5943.35,5945,5943.35,5945,597,
2024-12-30 13:50:00+05:30,5945,5945,5943,5943,597,
2024-12-30 13:51:00+05:30,5943,5945,5943,5944.95,237,
2024-12-30 13:52:00+05:30,5945,5945,5943.05,5943.9,442,
2024-12-30 13:53:00+05:30,5944.95,5944.95,5943,5944,284,
2024-12-30 13:54:00+05:30,5944,5944.2,5943,5943.95,402,
2024-12-30 13:55:00+05:30,5943.95,5943.95,5943,5943.65,464,
2024-12-30 13:56:00+05:30,5943.7,5946.95,5943.4,5946.95,1613,
2024-12-30 13:57:00+05:30,5945.75,5945.75,5943.95,5943.95,647,
2024-12-30 13:58:00+05:30,5945,5945,5944.55,5945,473,
2024-12-30 13:59:00+05:30,5944.95,5947.35,5943.05,5945.55,1562,
2024-12-30 14:00:00+05:30,5945.55,5945.55,5943,5944.5,350,
2024-12-30 14:01:00+05:30,5944.5,5944.55,5943,5943.65,566,
2024-12-30 14:02:00+05:30,5943.65,5944.85,5943,5944,347,
2024-12-30 14:03:00+05:30,5944,5944.75,5943,5943.75,1767,
2024-12-30 14:04:00+05:30,5943.8,5944.8,5942.6,5943,5090,
2024-12-30 14:05:00+05:30,5943,5944.8,5943,5944.7,3000,
2024-12-30 14:06:00+05:30,5944.75,5944.9,5943.2,5943.35,570,
2024-12-30 14:07:00+05:30,5943.35,5944,5943.05,5944,314,
2024-12-30 14:08:00+05:30,5944,5944,5942.55,5942.55,1896,
2024-12-30 14:09:00+05:30,5942.75,5944.65,5942.55,5944.2,493,
2024-12-30 14:10:00+05:30,5944.2,5945,5942.55,5943.45,6270,
2024-12-30 14:11:00+05:30,5943.5,5945,5942.6,5945,981,
2024-12-30 14:12:00+05:30,5944.85,5945,5944.8,5944.9,1018,
2024-12-30 14:13:00+05:30,5944.9,5945,5943.9,5945,727,
2024-12-30 14:14:00+05:30,5945,5945,5943.35,5944.45,720,
2024-12-30 14:15:00+05:30,5944.45,5945,5944.45,5945,521,
2024-12-30 14:16:00+05:30,5944.6,5948.65,5944,5947,2373,
2024-12-30 14:17:00+05:30,5947,5949.55,5945.5,5945.8,1056,
2024-12-30 14:18:00+05:30,5945.8,5948.8,5944.6,5946.45,2714,
2024-12-30 14:19:00+05:30,5946.45,5947,5944.25,5945,2895,
2024-12-30 14:20:00+05:30,5945,5945,5943.05,5945,581,
2024-12-30 14:21:00+05:30,5945,5945,5943.4,5945,1976,
2024-12-30 14:22:00+05:30,5945,5945,5944.55,5944.55,576,
2024-12-30 14:23:00+05:30,5944.85,5945,5943.2,5944.95,573,
2024-12-30 14:24:00+05:30,5944.95,5946.65,5943.05,5945.8,4289,
2024-12-30 14:25:00+05:30,5945.8,5945.8,5944.35,5944.95,607,
2024-12-30 14:26:00+05:30,5945,5948.8,5944.95,5945.15,1539,
2024-12-30 14:27:00+05:30,5945.15,5945.15,5944.8,5944.95,447,
2024-12-30 14:28:00+05:30,5944.95,5945,5943.5,5943.5,512,
2024-12-30 14:29:00+05:30,5943.55,5945,5942.55,5943.9,737,
2024-12-30 14:30:00+05:30,5943.9,5945,5943,5943.8,527,
2024-12-30 14:31:00+05:30,5944.5,5945,5943.2,5945,862,
2024-12-30 14:32:00+05:30,5943.45,5945,5943.45,5944.95,767,
2024-12-30 14:33:00+05:30,5945,5946.9,5943.15,5946.7,2159,
2024-12-30 14:34:00+05:30,5946.85,5948,5945.2,5946.5,1072,
2024-12-30 14:35:00+05:30,5946.55,5948.1,5946.5,5947.45,990,
2024-12-30 14:36:00+05:30,5947.5,5948.2,5945.45,5945.45,1344,
2024-12-30 14:37:00+05:30,5945.45,5950.35,5944.85,5949.85,1827,
2024-12-30 14:38:00+05:30,5949.65,5950.95,5945.5,5946.95,1540,
2024-12-30 14:39:00+05:30,5948.7,5951,5947.1,5951,1175,
2024-12-30 14:40:00+05:30,5951.95,5951.95,5946.75,5950.9,1374,
2024-12-30 14:41:00+05:30,5950.65,5950.65,5946.1,5948.8,1673,
2024-12-30 14:42:00+05:30,5948.8,5955.75,5948.3,5955.75,1259,
2024-12-30 14:43:00+05:30,5955.5,5955.5,5950.2,5954.95,4322,
2024-12-30 14:44:00+05:30,5954.5,5956.9,5952.2,5953.2,1171,
2024-12-30 14:45:00+05:30,5954.5,5964.45,5953.55,5962,2201,
2024-12-30 14:46:00+05:30,5962,5963.2,5956.45,5961.5,1809,
2024-12-30 14:47:00+05:30,5961.5,5981.85,5961.5,5973.7,6354,
2024-12-30 14:48:00+05:30,5973.7,5984.9,5971.85,5981.35,3292,
2024-12-30 14:49:00+05:30,5981.35,5983.9,5976.2,5979,4356,
2024-12-30 14:50:00+05:30,5978.35,5995,5978.35,5995,8022,
2024-12-30 14:51:00+05:30,5995,6000,5989.95,5992.55,10774,
2024-12-30 14:52:00+05:30,5995.55,6002.9,5993.65,6002.8,7974,
2024-12-30 14:53:00+05:30,6002.8,6009.4,6002.8,6009.4,7928,
2024-12-30 14:54:00+05:30,6009.4,6010,6004.55,6008.5,9342,
2024-12-30 14:55:00+05:30,6008.5,6014.85,6003.65,6013.25,9011,
2024-12-30 14:56:00+05:30,6013.25,6020.55,6013.25,6019.4,8241,
2024-12-30 14:57:00+05:30,6019.4,6021.3,6011.75,6018.3,11714,
2024-12-30 14:58:00+05:30,6018.3,6028.55,6018.3,6027.65,8635,
2024-12-30 14:59:00+05:30,6027.95,6033.2,6019,6029,10096,
2024-12-30 15:00:00+05:30,6024.85,6025.05,5988.5,6000,44483,
2024-12-30 15:01:00+05:30,6000.3,6012.9,5993.2,6007.2,41696,
2024-12-30 15:02:00+05:30,6009.2,6012.05,6000,6008.1,40202,
2024-12-30 15:03:00+05:30,6009.15,6025,6009.1,6021.45,41322,
2024-12-30 15:04:00+05:30,6021.05,6022.8,6012.8,6020.05,41282,
2024-12-30 15:05:00+05:30,6019.8,6020.15,6010.65,6011.45,37928,
2024-12-30 15:06:00+05:30,6014.25,6015.1,6004.4,6011.3,37325,
2024-12-30 15:07:00+05:30,6011.3,6020,6002.05,6020,35813,
2024-12-30 15:08:00+05:30,6019.85,6022.7,6014.45,6022.7,36514,
2024-12-30 15:09:00+05:30,6022.45,6038.55,6022.45,6037.25,38610,
2024-12-30 15:10:00+05:30,6038.35,6062.85,6038.35,6057.85,52629,
2024-12-30 15:11:00+05:30,6055.4,6057.9,6032.7,6045.9,46911,
2024-12-30 15:12:00+05:30,6043.85,6046.2,6030,6044.5,49242,
2024-12-30 15:13:00+05:30,6045,6070,6045,6068,48014,
2024-12-30 15:14:00+05:30,6069.05,6085.4,6068,6085,47287,
2024-12-30 15:15:00+05:30,6085,6115.2,6085,6113.75,55603,
2024-12-30 15:16:00+05:30,6113.75,6116.2,6082.85,6091.65,57165,
2024-12-30 15:17:00+05:30,6091.55,6134.25,6085.55,6131,48357,
2024-12-30 15:18:00+05:30,6131,6138.85,6064.1,6064.1,73622,
2024-12-30 15:19:00+05:30,6062.75,6070.6,6032.15,6067.4,58528,
2024-12-30 15:20:00+05:30,6066.8,6068.55,6035.05,6038.35,54426,
2024-12-30 15:21:00+05:30,6039.8,6053,6033,6053,52913,
2024-12-30 15:22:00+05:30,6045.25,6055.15,6036.9,6053.65,45364,
2024-12-30 15:23:00+05:30,6053.7,6057.8,6038.75,6053.05,45744,
2024-12-30 15:24:00+05:30,6055.65,6055.65,6012.05,6038.4,51094,
2024-12-30 15:25:00+05:30,6038.4,6049.65,6026.9,6040.1,41071,
2024-12-30 15:26:00+05:30,6042.7,6042.9,6028.5,6034,40362,
2024-12-30 15:27:00+05:30,6034,6036.55,5993.45,5994,33835,
2024-12-30 15:28:00+05:30,6000.15,6018.65,5967.75,6004.55,24782,
2024-12-30 15:29:00+05:30,5994.5,6055,5994.5,6030,5053,
2024-12-31 09:15:00+05:30,6029.4,6029.4,5975.65,5996.3,4669,
2024-12-31 09:16:00+05:30,5990.15,6013.6,5987.5,6009.6,2512,
2024-12-31 09:17:00+05:30,6009.6,6038,6009.6,6027.25,2992,
2024-12-31 09:18:00+05:30,6025.45,6037.25,6025.05,6028.2,1367,
2024-12-31 09:19:00+05:30,6028.2,6045,6025,6040.05,2743,
2024-12-31 09:20:00+05:30,6039.2,6060,6039.2,6057.1,2031,
2024-12-31 09:21:00+05:30,6057.1,6068.45,6050,6052.15,2612,
2024-12-31 09:22:00+05:30,6051,6051,6038.5,6041.25,1294,
2024-12-31 09:23:00+05:30,6041.25,6046.45,6036.45,6045.9,2090,
2024-12-31 09:24:00+05:30,6045.9,6055,6045.9,6052,1141,
2024-12-31 09:25:00+05:30,6050,6051.2,6042.85,6045.2,934,
2024-12-31 09:26:00+05:30,6045.2,6046,6040,6043.3,879,
2024-12-31 09:27:00+05:30,6043.3,6051,6042,6043.7,815,
2024-12-31 09:28:00+05:30,6045,6048.6,6040,6042.5,779,
2024-12-31 09:29:00+05:30,6042.5,6044.3,6040,6044.3,255,
2024-12-31 09:30:00+05:30,6042.75,6048,6041.55,6045.9,851,
2024-12-31 09:31:00+05:30,6045.9,6055,6041.9,6048.7,702,
2024-12-31 09:32:00+05:30,6048.7,6062.9,6048.7,6054,1110,
2024-12-31 09:33:00+05:30,6054,6055,6048.45,6049.15,421,
2024-12-31 09:34:00+05:30,6050.9,6056.3,6050,6050,696,
2024-12-31 09:35:00+05:30,6050,6056.95,6050,6056.95,229,
2024-12-31 09:36:00+05:30,6056.95,6066,6056.1,6061.55,955,
2024-12-31 09:37:00+05:30,6061.55,6066,6057.7,6064.5,442,
2024-12-31 09:38:00+05:30,6064.5,6080,6064.5,6078.2,1288,
2024-12-31 09:39:00+05:30,6080,6085,6074.75,6082,2024,
2024-12-31 09:40:00+05:30,6082,6094,6082,6092,1286,
2024-12-31 09:41:00+05:30,6092,6095,6090,6094,1149,
2024-12-31 09:42:00+05:30,6094,6094.95,6075.55,6075.55,4104,
2024-12-31 09:43:00+05:30,6075.55,6077.8,6068.7,6075.35,1189,
2024-12-31 09:44:00+05:30,6075.35,6081.45,6070.2,6075,1093,
2024-12-31 09:45:00+05:30,6075,6084.35,6064.05,6081,1533,
2024-12-31 09:46:00+05:30,6081,6084.95,6076.2,6084,1011,
2024-12-31 09:47:00+05:30,6083.5,6091.5,6080.8,6088.3,931,
2024-12-31 09:48:00+05:30,6088.3,6088.3,6080.5,6080.65,1234,
2024-12-31 09:49:00+05:30,6080.65,6084,6078,6081.8,929,
2024-12-31 09:50:00+05:30,6081.8,6081.9,6071.25,6077,678,
2024-12-31 09:51:00+05:30,6078.7,6078.9,6065.55,6069.15,1089,
2024-12-31 09:52:00+05:30,6069.15,6074.95,6065.6,6072.5,926,
2024-12-31 09:53:00+05:30,6072.5,6080.1,6071.2,6078.65,1172,
2024-12-31 09:54:00+05:30,6077.2,6082.4,6076.35,6080.5,778,
2024-12-31 09:55:00+05:30,6080.5,6080.5,6071,6072.05,1031,
2024-12-31 09:56:00+05:30,6072.85,6079.95,6069.45,6074.9,947,
2024-12-31 09:57:00+05:30,6074.9,6080,6074.2,6077.2,703,
2024-12-31 09:58:00+05:30,6077.2,6085,6073,6075.65,2051,
2024-12-31 09:59:00+05:30,6078,6088.95,6076.55,6078.05,1069,
2024-12-31 10:00:00+05:30,6077.2,6080.95,6055,6059.9,1836,
2024-12-31 10:01:00+05:30,6058,6059.85,6056.4,6059.85,215,
2024-12-31 10:02:00+05:30,6059.85,6064.9,6059.85,6060.85,353,
2024-12-31 10:03:00+05:30,6060.85,6064.2,6058,6058,588,
2024-12-31 10:04:00+05:30,6058,6058.7,6055,6057,640,
2024-12-31 10:05:00+05:30,6057,6057,6050,6051.35,884,
2024-12-31 10:06:00+05:30,6051.35,6051.35,6043.2,6049.25,688,
2024-12-31 10:07:00+05:30,6048.05,6053.35,6045.85,6046.2,538,
2024-12-31 10:08:00+05:30,6046.2,6048.75,6043.35,6043.35,493,
2024-12-31 10:09:00+05:30,6043.35,6048.75,6043.35,6045.25,387,
2024-12-31 10:10:00+05:30,6044.05,6049.1,6044.05,6047.15,220,
2024-12-31 10:11:00+05:30,6047.15,6050,6047.15,6050,238,
2024-12-31 10:12:00+05:30,6050,6051.9,6042.05,6044.05,858,
2024-12-31 10:13:00+05:30,6043.05,6047.95,6043.05,6046.75,333,
2024-12-31 10:14:00+05:30,6046.5,6046.5,6041.05,6044.75,411,
2024-12-31 10:15:00+05:30,6046.25,6052,6045.05,6050.35,682,
2024-12-31 10:16:00+05:30,6050.35,6054.45,6045.05,6054.3,163,
2024-12-31 10:17:00+05:30,6054.3,6058,6049.35,6057.2,620,
2024-12-31 10:18:00+05:30,6055,6064.2,6055,6061.1,795,
2024-12-31 10:19:00+05:30,6061.1,6062,6055,6060.05,602,
2024-12-31 10:20:00+05:30,6060.05,6060.05,6051.4,6054.05,268,
2024-12-31 10:21:00+05:30,6054.05,6054.05,6050,6053.5,203,
2024-12-31 10:22:00+05:30,6053.5,6058.9,6051,6058,913,
2024-12-31 10:23:00+05:30,6057.9,6059.25,6054.95,6058.35,99,
2024-12-31 10:24:00+05:30,6058.35,6063.85,6054.9,6062,497,
2024-12-31 10:25:00+05:30,6060.4,6062,6050.05,6054.85,784,
2024-12-31 10:26:00+05:30,6054.85,6057.05,6052.65,6052.65,372,
2024-12-31 10:27:00+05:30,6054.75,6058.75,6053.9,6053.9,150,
2024-12-31 10:28:00+05:30,6053.9,6054.5,6047.05,6051.15,793,
2024-12-31 10:29:00+05:30,6051.15,6051.9,6046.3,6051,142,
2024-12-31 10:30:00+05:30,6051,6051,6046.1,6051,1487,
2024-12-31 10:31:00+05:30,6048.65,6061.7,6048.65,6060.45,699,
2024-12-31 10:32:00+05:30,6060.45,6064.95,6058.85,6061.05,1125,
2024-12-31 10:33:00+05:30,6061.05,6075.9,6057.4,6075.85,1556,
2024-12-31 10:34:00+05:30,6074.2,6077,6072.8,6075.8,583,
2024-12-31 10:35:00+05:30,6075.8,6080,6072.85,6078.6,2132,
2024-12-31 10:36:00+05:30,6079.25,6089.15,6078.6,6085.15,846,
2024-12-31 10:37:00+05:30,6085.15,6095,6085.15,6094.95,742,
2024-12-31 10:38:00+05:30,6094.95,6097.7,6088.55,6097.7,1399,
2024-12-31 10:39:00+05:30,6097.7,6100,6095.4,6097.75,1404,
2024-12-31 10:40:00+05:30,6097.05,6106.05,6097.05,6102,1922,
2024-12-31 10:41:00+05:30,6102,6102.5,6097.25,6102.5,1144,
2024-12-31 10:42:00+05:30,6102.5,6105.4,6100.05,6101.5,1841,
2024-12-31 10:43:00+05:30,6101.5,6104.3,6098.35,6100.25,789,
2024-12-31 10:44:00+05:30,6100.25,6102.6,6097.15,6099.65,437,
2024-12-31 10:45:00+05:30,6099.65,6100.7,6090,6091.1,1205,
2024-12-31 10:46:00+05:30,6091.1,6099.35,6091.1,6098.8,965,
2024-12-31 10:47:00+05:30,6098.8,6100,6098.1,6099.5,495,
2024-12-31 10:48:00+05:30,6099.5,6099.5,6090,6096.5,418,
2024-12-31 10:49:00+05:30,6095,6099.65,6093.45,6094.25,853,
2024-12-31 10:50:00+05:30,6094.25,6098,6094.2,6095.3,112,
2024-12-31 10:51:00+05:30,6095.3,6098,6094.2,6095.2,363,
2024-12-31 10:52:00+05:30,6095.2,6097,6091.55,6095,729,
2024-12-31 10:53:00+05:30,6095,6096.95,6091,6095,164,
2024-12-31 10:54:00+05:30,6095,6098.55,6093.65,6098.55,461,
2024-12-31 10:55:00+05:30,6098.55,6099,6092.5,6095.95,371,
2024-12-31 10:56:00+05:30,6096.8,6097.2,6092.5,6094.45,134,
2024-12-31 10:57:00+05:30,6094.45,6098.4,6094.05,6096.35,125,
2024-12-31 10:58:00+05:30,6096.35,6098.55,6095,6097.95,125,
2024-12-31 10:59:00+05:30,6097.95,6098,6092,6093.2,342,
2024-12-31 11:00:00+05:30,6093.35,6098,6092.05,6095.75,308,
2024-12-31 11:01:00+05:30,6095.75,6110,6095.75,6110,1258,
2024-12-31 11:02:00+05:30,6110,6113.4,6105,6108.15,1221,
2024-12-31 11:03:00+05:30,6108.15,6111,6104.95,6104.95,288,
2024-12-31 11:04:00+05:30,6104.95,6107.45,6100.75,6101.3,743,
2024-12-31 11:05:00+05:30,6101.3,6112,6101.3,6112,847,
2024-12-31 11:06:00+05:30,6112,6114,6110.3,6110.55,376,
2024-12-31 11:07:00+05:30,6110.55,6118,6110.55,6115.55,888,
2024-12-31 11:08:00+05:30,6112.15,6118.8,6112.1,6115.95,1225,
2024-12-31 11:09:00+05:30,6115.95,6119,6114.05,6115.9,714,
2024-12-31 11:10:00+05:30,6115.9,6117.9,6115.4,6117.3,344,
2024-12-31 11:11:00+05:30,6117.3,6119,6116.3,6119,384,
2024-12-31 11:12:00+05:30,6119,6119,6115,6117.55,896,
2024-12-31 11:13:00+05:30,6117.25,6119,6115,6119,293,
2024-12-31 11:14:00+05:30,6118.95,6119.9,6116.85,6118.7,1030,
2024-12-31 11:15:00+05:30,6118,6118.7,6115,6116,587,
2024-12-31 11:16:00+05:30,6116,6116.3,6106.3,6111.5,1685,
2024-12-31 11:17:00+05:30,6111.5,6113.95,6109.25,6111.15,186,
2024-12-31 11:18:00+05:30,6111.15,6113.55,6108.9,6113.55,1133,
2024-12-31 11:19:00+05:30,6113.55,6118.95,6111.35,6118.7,844,
2024-12-31 11:20:00+05:30,6118.7,6127,6116.55,6127,1604,
2024-12-31 11:21:00+05:30,6125.4,6127,6121,6122.65,557,
2024-12-31 11:22:00+05:30,6122.65,6124.25,6122.35,6122.5,360,
2024-12-31 11:23:00+05:30,6122,6122,6113.65,6115.1,522,
2024-12-31 11:24:00+05:30,6115.4,6119.85,6113,6117.35,372,
2024-12-31 11:25:00+05:30,6117.35,6119.1,6109.5,6112.9,1154,
2024-12-31 11:26:00+05:30,6112.9,6117,6112.4,6117,288,
2024-12-31 11:27:00+05:30,6117,6122.5,6113.4,6116.35,885,
2024-12-31 11:28:00+05:30,6116.35,6117,6110,6117,1047,
2024-12-31 11:29:00+05:30,6117,6122.45,6112.3,6114.25,860,
2024-12-31 11:30:00+05:30,6113.9,6118.35,6111.95,6117.3,459,
2024-12-31 11:31:00+05:30,6116.2,6116.7,6110,6111.2,655,
2024-12-31 11:32:00+05:30,6111.2,6114.95,6107.15,6112.6,1116,
2024-12-31 11:33:00+05:30,6112.6,6117.7,6110.9,6115.5,275,
2024-12-31 11:34:00+05:30,6115.5,6120.85,6113.75,6118.1,430,
2024-12-31 11:35:00+05:30,6118.1,6119,6115.25,6117.55,718,
2024-12-31 11:36:00+05:30,6117.55,6118.5,6115.5,6118.5,277,
2024-12-31 11:37:00+05:30,6118.5,6120,6118.5,6119.95,411,
2024-12-31 11:38:00+05:30,6119.95,6120,6119.95,6119.95,270,
2024-12-31 11:39:00+05:30,6119.95,6122.5,6115.55,6120.65,984,
2024-12-31 11:40:00+05:30,6122.5,6126.5,6120,6121.65,1073,
2024-12-31 11:41:00+05:30,6121.65,6125.55,6119.45,6123.6,816,
2024-12-31 11:42:00+05:30,6123.6,6124.7,6120.95,6124.7,1136,
2024-12-31 11:43:00+05:30,6124.7,6130,6124.4,6127.85,1411,
2024-12-31 11:44:00+05:30,6127.85,6128.4,6125.15,6127,523,
2024-12-31 11:45:00+05:30,6127,6128,6124.8,6124.8,581,
2024-12-31 11:46:00+05:30,6125,6129.4,6122.4,6128.95,697,
2024-12-31 11:47:00+05:30,6128.95,6128.95,6123.85,6124.25,903,
2024-12-31 11:48:00+05:30,6124.25,6126,6122.15,6125.8,1033,
2024-12-31 11:49:00+05:30,6125.8,6125.9,6115.6,6118.1,1788,
2024-12-31 11:50:00+05:30,6115.35,6118.25,6111,6117.9,1587,
2024-12-31 11:51:00+05:30,6113.35,6117,6107.55,6110.4,2118,
2024-12-31 11:52:00+05:30,6110.4,6116.2,6107.55,6113.1,2509,
2024-12-31 11:53:00+05:30,6113.1,6118.1,6109.9,6116.3,1620,
2024-12-31 11:54:00+05:30,6116.75,6117.95,6110,6115.75,6968,
2024-12-31 11:55:00+05:30,6111.05,6114.25,6105.6,6108.8,7161,
2024-12-31 11:56:00+05:30,6108.3,6108.3,6095.5,6103.15,3009,
2024-12-31 11:57:00+05:30,6103.15,6108.1,6101,6106.85,871,
2024-12-31 11:58:00+05:30,6105.15,6114,6105,6112.95,583,
2024-12-31 11:59:00+05:30,6112.95,6113.5,6105.65,6109.75,733,
2024-12-31 12:00:00+05:30,6109.75,6110,6102.75,6105.4,715,
2024-12-31 12:01:00+05:30,6105.4,6110,6103.4,6108.95,626,
2024-12-31 12:02:00+05:30,6109,6109,6106.2,6108.5,695,
2024-12-31 12:03:00+05:30,6108.3,6108.9,6101.3,6101.3,544,
2024-12-31 12:04:00+05:30,6101.3,6104.75,6098,6100.25,3061,
2024-12-31 12:05:00+05:30,6102.1,6106,6098.85,6105.1,2856,
2024-12-31 12:06:00+05:30,6105.1,6106,6096.85,6100.65,689,
2024-12-31 12:07:00+05:30,6101.25,6105,6100,6102.85,571,
2024-12-31 12:08:00+05:30,6102.85,6105,6100.2,6104.35,858,
2024-12-31 12:09:00+05:30,6104.35,6107,6103.45,6106,598,
2024-12-31 12:10:00+05:30,6106,6106,6103.15,6105.95,589,
2024-12-31 12:11:00+05:30,6105.95,6106,6101.75,6102.5,416,
2024-12-31 12:12:00+05:30,6102.5,6105.7,6100,6103,742,
2024-12-31 12:13:00+05:30,6103,6104.4,6101.35,6103.15,690,
2024-12-31 12:14:00+05:30,6103.15,6106,6101.4,6104,891,
2024-12-31 12:15:00+05:30,6104,6107,6102.95,6105.65,1693,
2024-12-31 12:16:00+05:30,6105.65,6106,6105.55,6106,734,
2024-12-31 12:17:00+05:30,6106,6106,6101.5,6105.5,1547,
2024-12-31 12:18:00+05:30,6105.5,6106.7,6103.35,6105.95,970,
2024-12-31 12:19:00+05:30,6105.95,6106,6102.2,6105.95,708,
2024-12-31 12:20:00+05:30,6105.95,6105.95,6105,6105.95,382,
2024-12-31 12:21:00+05:30,6105.95,6106,6105,6106,346,
2024-12-31 12:22:00+05:30,6106,6106,6105.1,6106,737,
2024-12-31 12:23:00+05:30,6106,6106,6095.05,6102.1,1095,
2024-12-31 12:24:00+05:30,6102.05,6103.95,6100,6103.5,484,
2024-12-31 12:25:00+05:30,6103.5,6103.9,6095,6099.85,1374,
2024-12-31 12:26:00+05:30,6097,6099.5,6096.1,6098.3,1156,
2024-12-31 12:27:00+05:30,6098.3,6099,6092.45,6095.6,1039,
2024-12-31 12:28:00+05:30,6095.6,6099,6093.55,6096.15,1072,
2024-12-31 12:29:00+05:30,6096.15,6099,6094,6095,936,
2024-12-31 12:30:00+05:30,6095,6099,6094,6098.5,1133,
2024-12-31 12:31:00+05:30,6098.5,6099.95,6094.85,6096.75,571,
2024-12-31 12:32:00+05:30,6096.75,6098.65,6093.6,6096.45,583,
2024-12-31 12:33:00+05:30,6096.45,6097.95,6094.3,6095.35,404,
2024-12-31 12:34:00+05:30,6095.35,6097.6,6092.75,6097.6,953,
2024-12-31 12:35:00+05:30,6097.6,6098.5,6095.25,6097.2,531,
2024-12-31 12:36:00+05:30,6097.2,6098.4,6094.3,6098,566,
2024-12-31 12:37:00+05:30,6098,6098.95,6094.95,6098.8,731,
2024-12-31 12:38:00+05:30,6096.55,6100,6095.85,6099.95,575,
2024-12-31 12:39:00+05:30,6100,6100,6094,6097.35,957,
2024-12-31 12:40:00+05:30,6097.35,6099.55,6095.35,6096.65,1006,
2024-12-31 12:41:00+05:30,6096.65,6098.45,6092.95,6096.05,744,
2024-12-31 12:42:00+05:30,6093.35,6097.3,6092.65,6095.9,621,
2024-12-31 12:43:00+05:30,6095.9,6096.4,6085.95,6089.35,2057,
2024-12-31 12:44:00+05:30,6089.35,6090,6087.3,6087.8,524,
2024-12-31 12:45:00+05:30,6089.6,6090,6085.8,6089.3,538,
2024-12-31 12:46:00+05:30,6089.3,6090,6086.4,6089.55,820,
2024-12-31 12:47:00+05:30,6089.55,6091,6087.85,6091,494,
2024-12-31 12:48:00+05:30,6091,6091,6088,6088.5,1261,
2024-12-31 12:49:00+05:30,6088.5,6090,6088,6089.95,358,
2024-12-31 12:50:00+05:30,6089.95,6098.2,6088.3,6098.15,2763,
2024-12-31 12:51:00+05:30,6098.15,6098.15,6094.8,6097.55,539,
2024-12-31 12:52:00+05:30,6097.55,6100,6093.95,6099.95,643,
2024-12-31 12:53:00+05:30,6100,6103.45,6096.55,6103.45,619,
2024-12-31 12:54:00+05:30,6103.9,6104.35,6095.55,6101.9,1296,
2024-12-31 12:55:00+05:30,6101.9,6104.95,6099.8,6104.95,636,
2024-12-31 12:56:00+05:30,6104.95,6107.1,6102.3,6106.95,926,
2024-12-31 12:57:00+05:30,6106.95,6106.95,6103.1,6105.25,748,
2024-12-31 12:58:00+05:30,6105.25,6105.25,6097.5,6101.85,1117,
2024-12-31 12:59:00+05:30,6101.85,6102,6086.55,6089.4,9974,
2024-12-31 13:00:00+05:30,6089.4,6097.2,6087.6,6096.55,1580,
2024-12-31 13:01:00+05:30,6096.55,6099,6095.35,6098.35,623,
2024-12-31 13:02:00+05:30,6098.85,6104.8,6098.35,6104.65,515,
2024-12-31 13:03:00+05:30,6104.65,6107.5,6103.15,6106.1,639,
2024-12-31 13:04:00+05:30,6106.1,6108.2,6101.6,6107.75,484,
2024-12-31 13:05:00+05:30,6107.75,6112.8,6106.25,6110.95,1042,
2024-12-31 13:06:00+05:30,6110.95,6117,6107.25,6109.25,1403,
2024-12-31 13:07:00+05:30,6109.25,6110,6105.05,6109.95,861,
2024-12-31 13:08:00+05:30,6109.95,6110,6105,6106.75,1305,
2024-12-31 13:09:00+05:30,6108.2,6108.2,6092.45,6094.2,8932,
2024-12-31 13:10:00+05:30,6094.2,6102.85,6092.7,6098.35,3391,
2024-12-31 13:11:00+05:30,6100.7,6100.7,6094.95,6099.25,605,
2024-12-31 13:12:00+05:30,6099.25,6100.2,6095.4,6099.55,678,
2024-12-31 13:13:00+05:30,6097.8,6101.15,6095.7,6097.4,502,
2024-12-31 13:14:00+05:30,6096.55,6102,6096.55,6100.6,572,
2024-12-31 13:15:00+05:30,6100.6,6106.95,6097.25,6106.95,417,
2024-12-31 13:16:00+05:30,6106.95,6107.55,6099.85,6099.85,2215,
2024-12-31 13:17:00+05:30,6099.85,6099.95,6089.65,6089.95,2577,
2024-12-31 13:18:00+05:30,6088.55,6094.6,6087.4,6094.2,872,
2024-12-31 13:19:00+05:30,6094.2,6094.2,6085.9,6089.95,4327,
2024-12-31 13:20:00+05:30,6090,6090,6088.3,6090,689,
2024-12-31 13:21:00+05:30,6090,6090.7,6088.65,6090.7,466,
2024-12-31 13:22:00+05:30,6090.7,6095.5,6086.9,6089.45,2581,
2024-12-31 13:23:00+05:30,6089.45,6090,6081.2,6089.85,1038,
2024-12-31 13:24:00+05:30,6089.7,6093.7,6085,6093.7,739,
2024-12-31 13:25:00+05:30,6091.5,6094.45,6089.7,6091.45,1640,
2024-12-31 13:26:00+05:30,6091.45,6091.45,6089,6089.75,506,
2024-12-31 13:27:00+05:30,6089.75,6090,6085.15,6085.15,1187,
2024-12-31 13:28:00+05:30,6089.75,6090.8,6086.6,6087.6,1412,
2024-12-31 13:29:00+05:30,6087.6,6093.5,6083.15,6089.1,947,
2024-12-31 13:30:00+05:30,6089.2,6089.85,6085.3,6087.6,580,
2024-12-31 13:31:00+05:30,6087.6,6089.4,6083,6085,915,
2024-12-31 13:32:00+05:30,6084.8,6087.95,6083.15,6085.15,466,
2024-12-31 13:33:00+05:30,6085.15,6089.2,6084.1,6086.95,456,
2024-12-31 13:34:00+05:30,6087.4,6089.1,6081.3,6081.3,687,
2024-12-31 13:35:00+05:30,6081,6088.55,6081,6087.7,591,
2024-12-31 13:36:00+05:30,6087.7,6088.4,6081.4,6083.4,585,
2024-12-31 13:37:00+05:30,6083.4,6083.45,6081,6081,1110,
2024-12-31 13:38:00+05:30,6081,6082.15,6080,6080,1058,
2024-12-31 13:39:00+05:30,6080,6080,6076.7,6079.2,2679,
2024-12-31 13:40:00+05:30,6076.7,6080,6076.7,6078.1,1109,
2024-12-31 13:41:00+05:30,6078.75,6083.55,6078.25,6080,1111,
2024-12-31 13:42:00+05:30,6080,6080.45,6076.5,6080,662,
2024-12-31 13:43:00+05:30,6080,6080,6075,6077.45,1919,
2024-12-31 13:44:00+05:30,6077.45,6080,6076.85,6079.6,407,
2024-12-31 13:45:00+05:30,6080,6080,6077.55,6080,556,
2024-12-31 13:46:00+05:30,6080,6085.95,6077.95,6080,1962,
2024-12-31 13:47:00+05:30,6080,6080,6077.55,6080,653,
2024-12-31 13:48:00+05:30,6080,6083.1,6079.15,6079.15,599,
2024-12-31 13:49:00+05:30,6079.15,6082.15,6078,6079.7,448,
2024-12-31 13:50:00+05:30,6079.7,6080,6078,6079.9,486,
2024-12-31 13:51:00+05:30,6079.9,6079.95,6072.8,6074.7,1619,
2024-12-31 13:52:00+05:30,6074.7,6076.4,6073.2,6075,620,
2024-12-31 13:53:00+05:30,6075,6076.4,6071,6074.75,658,
2024-12-31 13:54:00+05:30,6074.75,6075.95,6071.6,6075,446,
2024-12-31 13:55:00+05:30,6074.05,6076.7,6073.9,6075,533,
2024-12-31 13:56:00+05:30,6075,6076.6,6072.25,6075,905,
2024-12-31 13:57:00+05:30,6075,6076.95,6072.85,6076.75,706,
2024-12-31 13:58:00+05:30,6076.75,6080,6075.9,6078,565,
2024-12-31 13:59:00+05:30,6078,6080,6075.7,6080,537,
2024-12-31 14:00:00+05:30,6080,6091.75,6080,6091.75,2855,
2024-12-31 14:01:00+05:30,6091.8,6091.95,6084.8,6085.65,1753,
2024-12-31 14:02:00+05:30,6085.65,6093.95,6085.65,6093.35,928,
2024-12-31 14:03:00+05:30,6093.35,6097.95,6092.25,6095.7,746,
2024-12-31 14:04:00+05:30,6095.7,6100,6095.25,6100,519,
2024-12-31 14:05:00+05:30,6100,6100,6099.4,6100,504,
2024-12-31 14:06:00+05:30,6099.45,6106.1,6099.45,6106.1,2143,
2024-12-31 14:07:00+05:30,6107,6108,6101.9,6104.2,572,
2024-12-31 14:08:00+05:30,6105.5,6108,6103.8,6107.8,984,
2024-12-31 14:09:00+05:30,6107.8,6108,6101.05,6106.3,677,
2024-12-31 14:10:00+05:30,6106,6107.2,6101.35,6103.5,830,
2024-12-31 14:11:00+05:30,6103.5,6106.05,6099.2,6104,778,
2024-12-31 14:12:00+05:30,6104,6104,6095.6,6099.75,1694,
2024-12-31 14:13:00+05:30,6099.75,6101.35,6087.75,6090,2479,
2024-12-31 14:14:00+05:30,6090,6090,6088.65,6088.7,351,
2024-12-31 14:15:00+05:30,6090,6090,6088.8,6090,652,
2024-12-31 14:16:00+05:30,6090,6093.9,6088.2,6091.75,3088,
2024-12-31 14:17:00+05:30,6091.75,6095.15,6090,6093.35,497,
2024-12-31 14:18:00+05:30,6093.35,6108.65,6090.2,6103.3,5397,
2024-12-31 14:19:00+05:30,6105.4,6107.95,6100.5,6105,1396,
2024-12-31 14:20:00+05:30,6105,6109.9,6102.35,6109.9,698,
2024-12-31 14:21:00+05:30,6109.9,6109.9,6101.05,6102.15,2412,
2024-12-31 14:22:00+05:30,6102.15,6105,6102.15,6105,336,
2024-12-31 14:23:00+05:30,6105,6105,6102.75,6105,421,
2024-12-31 14:24:00+05:30,6105,6105,6104.95,6105,830,
2024-12-31 14:25:00+05:30,6105,6110.05,6104.95,6110.05,6856,
2024-12-31 14:26:00+05:30,6110.15,6125,6110.15,6125,2087,
2024-12-31 14:27:00+05:30,6125,6128.9,6118,6120,5135,
2024-12-31 14:28:00+05:30,6120,6124.95,6118.5,6120,2812,
2024-12-31 14:29:00+05:30,6120,6135.25,6119.95,6134.1,4971,
2024-12-31 14:30:00+05:30,6133.45,6134.8,6124.85,6125,4924,
2024-12-31 14:31:00+05:30,6125,6128.5,6122.05,6123.75,2382,
2024-12-31 14:32:00+05:30,6123.75,6124.95,6114.95,6118.35,2244,
2024-12-31 14:33:00+05:30,6118.35,6120,6109.95,6109.95,3208,
2024-12-31 14:34:00+05:30,6110,6114.85,6107.25,6112.5,5023,
2024-12-31 14:35:00+05:30,6114,6120,6114,6119.95,1886,
2024-12-31 14:36:00+05:30,6120,6125,6116.9,6118.9,6634,
2024-12-31 14:37:00+05:30,6120.7,6120.75,6108.25,6113,1938,
2024-12-31 14:38:00+05:30,6113,6116.2,6112.9,6115.95,412,
2024-12-31 14:39:00+05:30,6116.15,6119.75,6113.5,6119.4,951,
2024-12-31 14:40:00+05:30,6119.4,6119.5,6110,6113.4,1149,
2024-12-31 14:41:00+05:30,6113.55,6113.55,6104.3,6111.5,5768,
2024-12-31 14:42:00+05:30,6111.5,6119.8,6110.05,6119.45,952,
2024-12-31 14:43:00+05:30,6119.45,6120,6115.85,6120,1041,
2024-12-31 14:44:00+05:30,6120,6125.5,6120,6123.75,1366,
2024-12-31 14:45:00+05:30,6123.75,6127.75,6123.75,6125,877,
2024-12-31 14:46:00+05:30,6125,6127.65,6123.8,6124.95,1515,
2024-12-31 14:47:00+05:30,6127,6129,6125,6125.1,660,
2024-12-31 14:48:00+05:30,6125.1,6128.95,6122.85,6122.85,1041,
2024-12-31 14:49:00+05:30,6122.85,6126.75,6121.5,6125.5,517,
2024-12-31 14:50:00+05:30,6125.65,6125.9,6122.95,6122.95,766,
2024-12-31 14:51:00+05:30,6122.95,6123.5,6120,6123,843,
2024-12-31 14:52:00+05:30,6123.1,6123.5,6120,6120.9,1232,
2024-12-31 14:53:00+05:30,6122.1,6123.5,6120.9,6122.55,955,
2024-12-31 14:54:00+05:30,6121.1,6124.95,6120.5,6124,1733,
2024-12-31 14:55:00+05:30,6124.8,6129,6121.6,6128.85,1490,
2024-12-31 14:56:00+05:30,6128.35,6128.95,6119.35,6121,6539,
2024-12-31 14:57:00+05:30,6121,6121,6104.45,6107.05,6474,
2024-12-31 14:58:00+05:30,6107.05,6114.95,6105.85,6114.9,1061,
2024-12-31 14:59:00+05:30,6114.9,6119.9,6109.7,6110,3073,
2024-12-31 15:00:00+05:30,6109.7,6114,6101.05,6110,6099,
2024-12-31 15:01:00+05:30,6110,6110,6097.35,6098.6,4953,
2024-12-31 15:02:00+05:30,6097.7,6098.6,6094.05,6094.6,3871,
2024-12-31 15:03:00+05:30,6094.6,6094.6,6092,6092.9,8827,
2024-12-31 15:04:00+05:30,6092.9,6092.9,6085.05,6086.85,3556,
2024-12-31 15:05:00+05:30,6086.85,6090,6085.1,6089.7,5138,
2024-12-31 15:06:00+05:30,6087.55,6087.7,6080.2,6087.7,3973,
2024-12-31 15:07:00+05:30,6087.7,6090,6084.1,6086,4803,
2024-12-31 15:08:00+05:30,6086,6097.45,6084,6097.45,9430,
2024-12-31 15:09:00+05:30,6097.45,6101.95,6095.85,6101.1,4381,
2024-12-31 15:10:00+05:30,6101.1,6101.95,6098.55,6100.2,5030,
2024-12-31 15:11:00+05:30,6099.55,6100.75,6099.55,6100.15,2568,
2024-12-31 15:12:00+05:30,6100.15,6100.15,6096.75,6100.05,13010,
2024-12-31 15:13:00+05:30,6100.45,6114.95,6100.15,6112.2,7749,
2024-12-31 15:14:00+05:30,6112.35,6112.35,6109.4,6110,6225,
2024-12-31 15:15:00+05:30,6110,6120.05,6104.05,6120.05,13690,
2024-12-31 15:16:00+05:30,6119.7,6124.95,6115.25,6117.75,11148,
2024-12-31 15:17:00+05:30,6113.9,6123.5,6107.5,6108.65,11997,
2024-12-31 15:18:00+05:30,6108.65,6108.95,6100.8,6101.25,3029,
2024-12-31 15:19:00+05:30,6101.3,6101.3,6098.9,6099.2,2070,
2024-12-31 15:20:00+05:30,6099.25,6099.25,6091,6094.8,5564,
2024-12-31 15:21:00+05:30,6094.8,6094.8,6086.4,6089.9,8625,
2024-12-31 15:22:00+05:30,6090,6090,6085.15,6090,5234,
2024-12-31 15:23:00+05:30,6090,6090,6087.7,6090,5031,
2024-12-31 15:24:00+05:30,6090,6090,6088.65,6090,7136,
2024-12-31 15:25:00+05:30,6090,6090,6089,6089.3,4623,
2024-12-31 15:26:00+05:30,6090,6090.25,6088.35,6089.3,6207,
2024-12-31 15:27:00+05:30,6088.95,6089.25,6084.6,6088,4416,
2024-12-31 15:28:00+05:30,6088,6088,6083.4,6087,2709,
2024-12-31 15:29:00+05:30,6086,6103.5,6082.6,6103.5,3213,
